sensor1	sensor2	sensor3	sensor4	
-55.8	42.6	40.1	27.8	
-48.4	45.1	50.0	20.5	
-55.8	40.1	47.5	10.6	
-55.8	57.4	35.2	10.6	
-58.3	45.1	47.5	15.5	
-50.9	42.6	42.6	30.3	
-43.5	54.9	35.2	22.9	
-48.4	52.4	40.1	10.6	
-58.3	52.4	35.2	22.9	
-55.8	40.1	37.7	20.5	
-58.3	62.3	37.7	3.2	
-58.3	42.6	45.1	15.5	
-60.7	47.5	47.5	37.7	
-60.7	42.6	22.9	30.3	
-53.3	45.1	32.8	25.4	
-55.8	54.9	27.8	13.1	
-60.7	47.5	22.9	30.3	
-55.8	47.5	32.8	25.4	
-68.1	42.6	15.5	15.5	
-70.6	32.8	27.8	18.0	
-73.0	32.8	30.3	22.9	
-85.3	30.3	5.7	18.0	
-97.6	8.2	8.2	18.0	
-102.5	-16.4	15.5	22.9	
-100.1	-18.9	8.2	25.4	
-102.5	-16.4	20.5	18.0	
-102.5	-9.1	5.7	18.0	
-132.1	-14.0	20.5	13.1	
-129.6	-1.7	5.7	35.2	
-124.7	-16.4	13.1	32.8	
-137.0	-18.9	5.7	25.4	
-139.4	-18.9	0.8	18.0	
-127.1	-23.8	-6.6	18.0	
-132.1	-14.0	-6.6	18.0	
-119.8	-16.4	-11.5	18.0	
-127.1	-16.4	-9.1	15.5	
-119.8	-6.6	-26.3	20.5	
-112.4	-4.1	-16.4	20.5	
-112.4	3.2	-23.8	22.9	
-124.7	13.1	-31.2	30.3	
-124.7	15.5	-38.6	18.0	
-114.8	25.4	-36.1	3.2	
-100.1	22.9	-28.7	18.0	
-97.6	35.2	-26.3	25.4	
-102.5	40.1	-28.7	40.1	
-97.6	50.0	-38.6	27.8	
-95.2	35.2	-28.7	-6.6	
-100.1	35.2	-23.8	22.9	
-107.5	32.8	-18.9	22.9	
-97.6	37.7	-23.8	20.5	
-92.7	47.5	-21.4	25.4	
-105.0	27.8	-18.9	0.8	
-92.7	35.2	-21.4	-6.6	
-112.4	40.1	-16.4	3.2	
-102.5	35.2	-18.9	-1.7	
-105.0	30.3	-16.4	10.6	
-97.6	32.8	-1.7	10.6	
-97.6	45.1	-6.6	13.1	
-87.8	30.3	5.7	10.6	
-82.9	42.6	-1.7	8.2	
-95.2	35.2	-6.6	8.2	
-70.6	37.7	0.8	8.2	
-73.0	35.2	-9.1	5.7	
-55.8	37.7	-6.6	3.2	
-70.6	35.2	-1.7	8.2	
-65.6	30.3	-1.7	3.2	
-68.1	37.7	-1.7	10.6	
-73.0	32.8	-9.1	15.5	
-63.2	37.7	13.1	8.2	
-58.3	37.7	8.2	13.1	
-55.8	25.4	8.2	27.8	
-53.3	50.0	5.7	18.0	
-63.2	57.4	-1.7	22.9	
-43.5	42.6	13.1	30.3	
-46.0	40.1	10.6	37.7	
-55.8	45.1	8.2	32.8	
-50.9	27.8	15.5	27.8	
-31.2	32.8	25.4	20.5	
-41.0	18.0	35.2	0.8	
-38.6	32.8	20.5	-14.0	
-36.1	45.1	27.8	-4.1	
-23.8	37.7	27.8	10.6	
-16.4	37.7	35.2	-1.7	
-16.4	35.2	35.2	-11.5	
-23.8	25.4	35.2	10.6	
3.2	30.3	30.3	18.0	
-6.6	18.0	32.8	22.9	
-1.7	22.9	37.7	15.5	
5.7	47.5	35.2	15.5	
8.2	35.2	35.2	25.4	
25.4	40.1	22.9	13.1	
47.5	54.9	30.3	20.5	
57.4	45.1	30.3	27.8	
42.6	42.6	32.8	-6.6	
47.5	52.4	37.7	-16.4	
45.1	67.2	32.8	8.2	
47.5	42.6	27.8	-1.7	
67.2	27.8	32.8	15.5	
69.7	37.7	35.2	13.1	
77.0	25.4	30.3	18.0	
77.0	5.7	32.8	30.3	
89.3	-1.7	37.7	25.4	
91.8	27.8	37.7	0.8	
101.6	30.3	32.8	22.9	
91.8	18.0	40.1	15.5	
116.4	13.1	37.7	13.1	
123.8	-4.1	30.3	18.0	
131.2	-1.7	25.4	25.4	
133.6	27.8	32.8	18.0	
123.8	15.5	27.8	20.5	
106.6	27.8	30.3	20.5	
106.6	27.8	40.1	8.2	
123.8	37.7	40.1	5.7	
118.9	40.1	40.1	3.2	
123.8	40.1	54.9	18.0	
116.4	35.2	54.9	20.5	
116.4	30.3	52.4	30.3	
121.3	30.3	54.9	25.4	
121.3	42.6	64.7	22.9	
123.8	35.2	57.4	18.0	
116.4	47.5	54.9	25.4	
101.6	47.5	64.7	5.7	
94.3	42.6	57.4	18.0	
106.6	42.6	59.8	18.0	
96.7	35.2	67.2	22.9	
89.3	42.6	64.7	5.7	
96.7	37.7	57.4	13.1	
86.9	40.1	72.1	13.1	
91.8	47.5	67.2	22.9	
79.5	52.4	62.3	15.5	
74.6	40.1	67.2	8.2	
91.8	42.6	59.8	5.7	
72.1	42.6	62.3	5.7	
82.0	22.9	59.8	-1.7	
89.3	45.1	54.9	0.8	
91.8	42.6	42.6	3.2	
94.3	37.7	45.1	5.7	
89.3	42.6	37.7	5.7	
77.0	47.5	32.8	13.1	
67.2	40.1	32.8	3.2	
40.1	42.6	37.7	10.6	
57.4	32.8	47.5	0.8	
32.8	42.6	32.8	3.2	
42.6	35.2	42.6	0.8	
52.4	50.0	35.2	0.8	
50.0	27.8	37.7	8.2	
42.6	40.1	37.7	5.7	
42.6	30.3	45.1	-6.6	
32.8	35.2	52.4	18.0	
25.4	42.6	45.1	8.2	
37.7	35.2	45.1	-6.6	
22.9	42.6	50.0	15.5	
22.9	42.6	50.0	-4.1	
32.8	30.3	45.1	-4.1	
25.4	47.5	45.1	8.2	
40.1	42.6	45.1	18.0	
32.8	45.1	42.6	8.2	
27.8	47.5	30.3	0.8	
32.8	47.5	35.2	-1.7	
35.2	42.6	42.6	3.2	
37.7	50.0	42.6	3.2	
59.8	47.5	45.1	-4.1	
47.5	45.1	47.5	13.1	
64.7	52.4	47.5	8.2	
69.7	32.8	40.1	5.7	
84.4	42.6	54.9	0.8	
79.5	35.2	54.9	3.2	
84.4	42.6	42.6	5.7	
79.5	42.6	52.4	0.8	
74.6	47.5	50.0	3.2	
59.8	47.5	42.6	18.0	
54.9	50.0	52.4	-6.6	
74.6	37.7	52.4	-9.1	
79.5	52.4	62.3	-11.5	
79.5	45.1	64.7	3.2	
77.0	40.1	47.5	-4.1	
59.8	37.7	59.8	3.2	
82.0	42.6	47.5	18.0	
69.7	47.5	52.4	10.6	
86.9	40.1	54.9	-4.1	
84.4	40.1	42.6	5.7	
89.3	40.1	45.1	5.7	
84.4	40.1	45.1	8.2	
77.0	42.6	50.0	8.2	
79.5	40.1	40.1	-9.1	
86.9	40.1	37.7	0.8	
74.6	50.0	27.8	5.7	
82.0	37.7	25.4	5.7	
79.5	42.6	20.5	3.2	
69.7	45.1	13.1	25.4	
74.6	45.1	-9.1	40.1	
79.5	32.8	-11.5	37.7	
99.2	32.8	-6.6	0.8	
77.0	47.5	-4.1	-6.6	
74.6	35.2	-18.9	-16.4	
62.3	20.5	-16.4	-21.4	
57.4	35.2	-9.1	-4.1	
54.9	32.8	-14.0	-53.3	
42.6	30.3	-16.4	-1.7	
47.5	42.6	-14.0	45.1	
52.4	42.6	-16.4	42.6	
42.6	32.8	-11.5	32.8	
52.4	18.0	-11.5	32.8	
45.1	25.4	-26.3	40.1	
42.6	32.8	-9.1	32.8	
40.1	40.1	-21.4	25.4	
42.6	37.7	-16.4	35.2	
42.6	37.7	-14.0	30.3	
45.1	37.7	-6.6	30.3	
52.4	30.3	-16.4	45.1	
54.9	40.1	-14.0	30.3	
40.1	40.1	-4.1	37.7	
59.8	35.2	-1.7	32.8	
54.9	27.8	3.2	47.5	
62.3	37.7	10.6	37.7	
57.4	42.6	3.2	30.3	
45.1	37.7	8.2	40.1	
32.8	27.8	5.7	15.5	
27.8	25.4	18.0	5.7	
20.5	22.9	22.9	20.5	
3.2	32.8	18.0	45.1	
-11.5	37.7	13.1	52.4	
-14.0	42.6	13.1	52.4	
-16.4	20.5	20.5	37.7	
-11.5	13.1	27.8	42.6	
-16.4	30.3	18.0	25.4	
-14.0	25.4	22.9	40.1	
-16.4	18.0	27.8	50.0	
-23.8	25.4	32.8	42.6	
-16.4	15.5	25.4	64.7	
-18.9	13.1	35.2	52.4	
0.8	18.0	32.8	45.1	
-11.5	30.3	40.1	59.8	
3.2	42.6	47.5	54.9	
-11.5	45.1	40.1	45.1	
-18.9	47.5	50.0	62.3	
-18.9	57.4	45.1	42.6	
-9.1	52.4	42.6	45.1	
-11.5	47.5	52.4	42.6	
-9.1	32.8	37.7	59.8	
-1.7	20.5	59.8	57.4	
-21.4	5.7	47.5	52.4	
-6.6	5.7	47.5	57.4	
-4.1	45.1	47.5	50.0	
0.8	69.7	52.4	50.0	
0.8	113.9	50.0	42.6	
-14.0	116.4	45.1	32.8	
-1.7	91.8	40.1	54.9	
-4.1	82.0	47.5	50.0	
8.2	104.1	45.1	42.6	
-1.7	67.2	47.5	27.8	
-6.6	64.7	45.1	42.6	
-11.5	50.0	47.5	40.1	
0.8	69.7	42.6	40.1	
0.8	57.4	45.1	50.0	
15.5	54.9	37.7	45.1	
8.2	94.3	40.1	32.8	
3.2	101.6	35.2	40.1	
-1.7	111.5	32.8	47.5	
13.1	131.2	35.2	20.5	
8.2	-14.0	40.1	30.3	
5.7	-109.9	47.5	40.1	
5.7	-109.9	30.3	37.7	
13.1	-105.0	35.2	50.0	
8.2	-102.5	25.4	27.8	
-1.7	-127.1	27.8	18.0	
-14.0	-85.3	25.4	20.5	
-21.4	-23.8	30.3	27.8	
-14.0	52.4	18.0	20.5	
-11.5	52.4	27.8	25.4	
-23.8	57.4	15.5	32.8	
-33.7	37.7	18.0	30.3	
-26.3	18.0	18.0	25.4	
-21.4	20.5	3.2	35.2	
-4.1	27.8	-4.1	25.4	
-11.5	35.2	-1.7	25.4	
-6.6	40.1	15.5	13.1	
-9.1	15.5	10.6	32.8	
-1.7	22.9	8.2	35.2	
3.2	37.7	13.1	25.4	
-16.4	40.1	13.1	35.2	
-9.1	35.2	10.6	37.7	
-11.5	37.7	-1.7	50.0	
-18.9	32.8	0.8	32.8	
-9.1	27.8	0.8	52.4	
-16.4	45.1	-4.1	37.7	
-21.4	52.4	-1.7	22.9	
-6.6	42.6	-1.7	22.9	
-14.0	45.1	-1.7	18.0	
-26.3	50.0	5.7	47.5	
-18.9	45.1	-11.5	32.8	
-26.3	30.3	-6.6	15.5	
-38.6	40.1	-1.7	25.4	
-26.3	22.9	-4.1	54.9	
-26.3	32.8	-6.6	40.1	
-11.5	35.2	0.8	15.5	
-1.7	37.7	3.2	-9.1	
-9.1	40.1	-1.7	13.1	
-14.0	35.2	-9.1	35.2	
0.8	30.3	-9.1	35.2	
5.7	30.3	-1.7	40.1	
22.9	45.1	-1.7	50.0	
40.1	32.8	3.2	54.9	
45.1	30.3	-6.6	52.4	
52.4	35.2	3.2	45.1	
52.4	40.1	-4.1	35.2	
57.4	50.0	-1.7	54.9	
52.4	37.7	-9.1	40.1	
62.3	37.7	-4.1	35.2	
57.4	45.1	-6.6	37.7	
52.4	27.8	-18.9	25.4	
59.8	37.7	-18.9	30.3	
59.8	32.8	-23.8	25.4	
64.7	25.4	-21.4	22.9	
52.4	25.4	-18.9	15.5	
50.0	35.2	-33.7	22.9	
59.8	25.4	-31.2	15.5	
32.8	47.5	-33.7	13.1	
47.5	35.2	-23.8	-9.1	
37.7	40.1	-26.3	-1.7	
45.1	32.8	-26.3	0.8	
45.1	35.2	-28.7	0.8	
32.8	32.8	-16.4	0.8	
37.7	42.6	-16.4	3.2	
40.1	42.6	-16.4	-14.0	
42.6	42.6	-16.4	-6.6	
64.7	45.1	-9.1	-11.5	
45.1	37.7	-11.5	15.5	
52.4	37.7	5.7	8.2	
45.1	52.4	3.2	10.6	
50.0	40.1	13.1	18.0	
47.5	42.6	22.9	22.9	
30.3	40.1	18.0	15.5	
30.3	42.6	22.9	-9.1	
20.5	40.1	37.7	8.2	
25.4	52.4	30.3	-9.1	
25.4	52.4	27.8	3.2	
25.4	35.2	20.5	18.0	
15.5	47.5	30.3	35.2	
20.5	45.1	20.5	15.5	
15.5	37.7	20.5	-11.5	
5.7	45.1	18.0	-9.1	
13.1	37.7	18.0	-23.8	
15.5	30.3	15.5	3.2	
10.6	37.7	30.3	18.0	
15.5	54.9	20.5	15.5	
18.0	30.3	25.4	8.2	
0.8	40.1	25.4	13.1	
5.7	37.7	15.5	5.7	
0.8	42.6	20.5	0.8	
-1.7	30.3	15.5	0.8	
8.2	32.8	22.9	5.7	
13.1	25.4	15.5	15.5	
22.9	20.5	25.4	13.1	
22.9	37.7	13.1	8.2	
20.5	35.2	15.5	13.1	
22.9	32.8	15.5	20.5	
32.8	27.8	5.7	8.2	
20.5	32.8	8.2	8.2	
20.5	30.3	13.1	-1.7	
18.0	25.4	10.6	-6.6	
27.8	22.9	0.8	5.7	
32.8	30.3	10.6	0.8	
25.4	27.8	3.2	5.7	
27.8	40.1	3.2	10.6	
10.6	42.6	10.6	8.2	
-4.1	37.7	8.2	5.7	
0.8	32.8	13.1	5.7	
8.2	25.4	15.5	0.8	
15.5	25.4	25.4	5.7	
18.0	27.8	27.8	13.1	
25.4	20.5	27.8	22.9	
20.5	35.2	22.9	20.5	
35.2	20.5	30.3	25.4	
50.0	32.8	30.3	30.3	
50.0	32.8	37.7	22.9	
52.4	35.2	42.6	25.4	
54.9	37.7	30.3	27.8	
62.3	45.1	40.1	30.3	
64.7	35.2	27.8	22.9	
54.9	32.8	40.1	27.8	
32.8	32.8	32.8	27.8	
10.6	27.8	35.2	32.8	
20.5	30.3	35.2	20.5	
13.1	27.8	40.1	27.8	
15.5	30.3	32.8	20.5	
35.2	37.7	30.3	27.8	
25.4	45.1	40.1	27.8	
42.6	37.7	32.8	35.2	
57.4	42.6	32.8	25.4	
62.3	27.8	40.1	27.8	
42.6	25.4	40.1	35.2	
47.5	42.6	42.6	32.8	
50.0	37.7	30.3	35.2	
35.2	37.7	37.7	30.3	
22.9	25.4	30.3	25.4	
42.6	32.8	18.0	30.3	
35.2	27.8	30.3	18.0	
45.1	27.8	10.6	18.0	
45.1	30.3	15.5	27.8	
52.4	30.3	3.2	30.3	
74.6	27.8	13.1	22.9	
59.8	18.0	5.7	20.5	
69.7	22.9	-4.1	32.8	
54.9	0.8	-6.6	30.3	
64.7	22.9	0.8	37.7	
52.4	27.8	-6.6	52.4	
47.5	32.8	-11.5	59.8	
45.1	30.3	-9.1	62.3	
42.6	22.9	20.5	57.4	
52.4	30.3	27.8	45.1	
50.0	20.5	8.2	45.1	
59.8	37.7	-9.1	37.7	
59.8	35.2	5.7	27.8	
62.3	27.8	0.8	30.3	
57.4	32.8	-16.4	32.8	
52.4	40.1	-23.8	25.4	
35.2	45.1	-70.6	20.5	
37.7	32.8	-77.9	27.8	
30.3	30.3	-43.5	25.4	
42.6	27.8	-23.8	25.4	
32.8	25.4	5.7	40.1	
32.8	25.4	-6.6	32.8	
30.3	15.5	-16.4	40.1	
37.7	22.9	-18.9	30.3	
50.0	22.9	-46.0	42.6	
50.0	20.5	-31.2	35.2	
52.4	20.5	-43.5	42.6	
62.3	35.2	-36.1	35.2	
77.0	32.8	-48.4	30.3	
94.3	30.3	-48.4	30.3	
89.3	5.7	-36.1	32.8	
99.2	18.0	-31.2	32.8	
96.7	18.0	-46.0	20.5	
79.5	30.3	-60.7	35.2	
67.2	27.8	-55.8	45.1	
62.3	35.2	-55.8	54.9	
62.3	20.5	-63.2	50.0	
67.2	22.9	-58.3	40.1	
62.3	30.3	-65.6	18.0	
47.5	45.1	-50.9	5.7	
42.6	25.4	-36.1	15.5	
25.4	13.1	-21.4	57.4	
45.1	27.8	-48.4	62.3	
32.8	25.4	-53.3	45.1	
45.1	37.7	-48.4	25.4	
67.2	35.2	-50.9	20.5	
106.6	25.4	-26.3	13.1	
109.0	30.3	-26.3	27.8	
104.1	30.3	-28.7	25.4	
109.0	37.7	-18.9	27.8	
111.5	27.8	-18.9	0.8	
94.3	35.2	-18.9	3.2	
77.0	32.8	-18.9	-1.7	
64.7	27.8	-28.7	10.6	
72.1	30.3	-14.0	27.8	
59.8	30.3	-23.8	22.9	
52.4	30.3	-26.3	15.5	
42.6	27.8	-36.1	0.8	
37.7	27.8	-21.4	-6.6	
22.9	32.8	-31.2	3.2	
22.9	35.2	-16.4	3.2	
18.0	30.3	-16.4	-4.1	
8.2	40.1	-23.8	-9.1	
-1.7	37.7	-16.4	-4.1	
-14.0	32.8	-28.7	-14.0	
-36.1	30.3	-31.2	-23.8	
-23.8	40.1	-33.7	-4.1	
-21.4	22.9	-26.3	-1.7	
-16.4	18.0	-21.4	-6.6	
-9.1	35.2	-26.3	0.8	
-4.1	32.8	-28.7	-9.1	
-1.7	37.7	-36.1	-6.6	
3.2	25.4	-14.0	-16.4	
3.2	40.1	-28.7	3.2	
-4.1	32.8	-36.1	-6.6	
8.2	30.3	-16.4	8.2	
0.8	27.8	-21.4	-1.7	
13.1	30.3	-11.5	0.8	
15.5	22.9	-21.4	0.8	
5.7	35.2	0.8	-14.0	
-9.1	35.2	-4.1	10.6	
-18.9	45.1	3.2	3.2	
-11.5	37.7	-4.1	-9.1	
-23.8	27.8	-4.1	-6.6	
-11.5	47.5	0.8	-4.1	
-9.1	30.3	-6.6	-4.1	
-11.5	42.6	5.7	27.8	
-1.7	50.0	-6.6	-4.1	
-9.1	20.5	5.7	-41.0	
5.7	27.8	-4.1	-9.1	
-14.0	45.1	0.8	5.7	
8.2	40.1	-6.6	3.2	
5.7	62.3	-6.6	20.5	
18.0	45.1	-4.1	22.9	
27.8	37.7	-9.1	-4.1	
40.1	45.1	-14.0	0.8	
50.0	50.0	-9.1	-9.1	
37.7	52.4	-9.1	0.8	
52.4	52.4	-14.0	-11.5	
50.0	37.7	-18.9	-21.4	
37.7	42.6	-14.0	5.7	
37.7	32.8	-6.6	-1.7	
45.1	40.1	-14.0	3.2	
50.0	42.6	-6.6	8.2	
47.5	45.1	-1.7	10.6	
45.1	37.7	-11.5	15.5	
42.6	37.7	-6.6	18.0	
40.1	35.2	-4.1	25.4	
54.9	45.1	-9.1	13.1	
67.2	37.7	-11.5	0.8	
52.4	42.6	-6.6	-4.1	
45.1	47.5	-14.0	-6.6	
50.0	50.0	-28.7	18.0	
67.2	54.9	-33.7	37.7	
52.4	42.6	-36.1	40.1	
57.4	27.8	-50.9	18.0	
42.6	40.1	-43.5	-4.1	
40.1	42.6	-46.0	0.8	
45.1	47.5	-36.1	0.8	
42.6	40.1	-41.0	10.6	
47.5	52.4	-38.6	22.9	
52.4	30.3	-46.0	10.6	
67.2	22.9	-38.6	5.7	
67.2	35.2	-36.1	25.4	
72.1	37.7	-33.7	45.1	
69.7	27.8	-23.8	25.4	
82.0	18.0	-26.3	8.2	
79.5	27.8	-18.9	-1.7	
82.0	35.2	-9.1	5.7	
84.4	20.5	-18.9	10.6	
86.9	20.5	-9.1	8.2	
96.7	30.3	0.8	3.2	
94.3	18.0	5.7	-6.6	
96.7	25.4	13.1	-6.6	
91.8	35.2	15.5	-4.1	
91.8	37.7	18.0	8.2	
74.6	27.8	25.4	3.2	
74.6	35.2	20.5	20.5	
86.9	30.3	20.5	35.2	
84.4	27.8	5.7	18.0	
77.0	25.4	10.6	-18.9	
74.6	37.7	-1.7	-26.3	
84.4	22.9	-6.6	0.8	
94.3	25.4	5.7	25.4	
94.3	32.8	0.8	-4.1	
86.9	35.2	15.5	3.2	
96.7	40.1	10.6	-1.7	
109.0	35.2	8.2	0.8	
109.0	37.7	3.2	20.5	
118.9	32.8	0.8	47.5	
131.2	40.1	-6.6	42.6	
123.8	47.5	5.7	32.8	
123.8	40.1	5.7	15.5	
111.5	47.5	10.6	15.5	
101.6	40.1	0.8	13.1	
86.9	40.1	5.7	30.3	
52.4	45.1	3.2	25.4	
40.1	37.7	3.2	30.3	
47.5	37.7	-4.1	27.8	
40.1	37.7	-11.5	32.8	
40.1	40.1	-4.1	18.0	
40.1	47.5	0.8	22.9	
42.6	50.0	5.7	15.5	
27.8	47.5	3.2	8.2	
32.8	45.1	8.2	3.2	
37.7	57.4	3.2	3.2	
40.1	47.5	5.7	-6.6	
45.1	37.7	-1.7	-11.5	
64.7	40.1	-1.7	-9.1	
74.6	42.6	10.6	-9.1	
77.0	45.1	8.2	5.7	
94.3	42.6	15.5	0.8	
89.3	35.2	20.5	0.8	
86.9	45.1	8.2	10.6	
86.9	37.7	8.2	3.2	
82.0	42.6	8.2	0.8	
69.7	42.6	15.5	-1.7	
67.2	35.2	3.2	-18.9	
82.0	37.7	5.7	-11.5	
109.0	35.2	5.7	-4.1	
96.7	27.8	10.6	0.8	
96.7	5.7	3.2	-11.5	
104.1	-9.1	20.5	3.2	
69.7	0.8	20.5	0.8	
47.5	-11.5	30.3	-6.6	
13.1	-14.0	27.8	-6.6	
-31.2	-16.4	25.4	0.8	
-68.1	-18.9	35.2	5.7	
-119.8	-31.2	30.3	-1.7	
-127.1	-31.2	42.6	-16.4	
-129.6	-26.3	27.8	-21.4	
-90.2	-23.8	35.2	5.7	
-92.7	-21.4	40.1	-4.1	
-73.0	-18.9	25.4	-11.5	
-38.6	-11.5	20.5	-11.5	
-6.6	-11.5	18.0	-11.5	
27.8	-4.1	15.5	-16.4	
40.1	5.7	20.5	-23.8	
42.6	5.7	8.2	-14.0	
5.7	25.4	0.8	8.2	
67.2	25.4	-1.7	25.4	
175.4	27.8	-1.7	37.7	
195.1	37.7	3.2	27.8	
173.0	40.1	-21.4	5.7	
168.1	42.6	-4.1	3.2	
86.9	50.0	-14.0	5.7	
32.8	35.2	-26.3	13.1	
8.2	32.8	-9.1	-16.4	
-55.8	20.5	-14.0	-4.1	
-70.6	37.7	-11.5	15.5	
-38.6	27.8	-14.0	10.6	
-1.7	25.4	-21.4	-6.6	
10.6	32.8	-9.1	8.2	
32.8	30.3	-21.4	5.7	
42.6	30.3	-26.3	-6.6	
40.1	22.9	-16.4	10.6	
40.1	22.9	-16.4	22.9	
3.2	25.4	-14.0	13.1	
18.0	32.8	-16.4	5.7	
40.1	25.4	0.8	3.2	
72.1	35.2	-1.7	-9.1	
84.4	25.4	3.2	0.8	
79.5	32.8	-6.6	0.8	
64.7	22.9	0.8	8.2	
27.8	25.4	-4.1	-4.1	
45.1	32.8	8.2	-1.7	
47.5	22.9	5.7	0.8	
59.8	25.4	3.2	5.7	
121.3	35.2	10.6	5.7	
150.8	30.3	8.2	8.2	
165.6	27.8	8.2	8.2	
187.7	20.5	0.8	5.7	
209.9	27.8	8.2	5.7	
239.4	25.4	8.2	5.7	
219.7	22.9	25.4	8.2	
158.2	27.8	15.5	5.7	
69.7	20.5	30.3	15.5	
3.2	3.2	35.2	3.2	
-16.4	8.2	32.8	5.7	
-41.0	35.2	30.3	0.8	
-21.4	40.1	15.5	0.8	
0.8	22.9	30.3	0.8	
52.4	22.9	37.7	0.8	
148.4	35.2	30.3	-4.1	
170.5	27.8	40.1	-6.6	
101.6	27.8	30.3	15.5	
35.2	15.5	20.5	-1.7	
-4.1	8.2	18.0	-11.5	
-46.0	0.8	15.5	-9.1	
-77.9	3.2	5.7	-11.5	
-23.8	8.2	13.1	0.8	
13.1	8.2	20.5	5.7	
64.7	5.7	27.8	5.7	
84.4	8.2	18.0	-1.7	
99.2	5.7	32.8	8.2	
91.8	5.7	25.4	18.0	
82.0	18.0	25.4	13.1	
89.3	20.5	13.1	5.7	
82.0	15.5	-1.7	8.2	
89.3	22.9	13.1	5.7	
94.3	18.0	32.8	-1.7	
99.2	13.1	25.4	3.2	
77.0	22.9	25.4	-1.7	
79.5	30.3	22.9	5.7	
77.0	27.8	22.9	5.7	
69.7	32.8	25.4	13.1	
67.2	18.0	22.9	13.1	
42.6	13.1	27.8	15.5	
45.1	20.5	15.5	22.9	
62.3	25.4	45.1	18.0	
77.0	5.7	27.8	15.5	
96.7	8.2	27.8	15.5	
91.8	-4.1	27.8	13.1	
86.9	0.8	47.5	5.7	
69.7	0.8	15.5	13.1	
89.3	8.2	0.8	15.5	
91.8	20.5	-21.4	-1.7	
79.5	18.0	-11.5	10.6	
86.9	15.5	-4.1	13.1	
96.7	15.5	5.7	18.0	
113.9	18.0	-9.1	15.5	
94.3	15.5	-4.1	18.0	
82.0	22.9	3.2	22.9	
64.7	25.4	18.0	27.8	
62.3	25.4	20.5	35.2	
59.8	32.8	-1.7	22.9	
84.4	35.2	-41.0	25.4	
74.6	30.3	-58.3	8.2	
59.8	32.8	-26.3	20.5	
64.7	25.4	-18.9	25.4	
82.0	30.3	-18.9	27.8	
86.9	13.1	-11.5	27.8	
74.6	10.6	-16.4	18.0	
67.2	30.3	-31.2	5.7	
64.7	32.8	-33.7	15.5	
69.7	32.8	-21.4	30.3	
77.0	35.2	-28.7	27.8	
67.2	40.1	-28.7	18.0	
82.0	32.8	-43.5	18.0	
82.0	37.7	-41.0	-1.7	
82.0	42.6	-43.5	-4.1	
86.9	37.7	-33.7	27.8	
111.5	27.8	-31.2	32.8	
94.3	40.1	-36.1	22.9	
82.0	45.1	-38.6	5.7	
79.5	25.4	-26.3	-9.1	
69.7	20.5	-23.8	13.1	
77.0	20.5	-18.9	15.5	
89.3	20.5	-6.6	18.0	
59.8	37.7	-23.8	10.6	
50.0	37.7	0.8	15.5	
52.4	13.1	0.8	10.6	
62.3	22.9	-9.1	15.5	
59.8	47.5	3.2	8.2	
72.1	57.4	0.8	25.4	
69.7	47.5	22.9	32.8	
113.9	45.1	32.8	32.8	
185.3	62.3	35.2	42.6	
212.3	86.9	35.2	35.2	
202.5	91.8	37.7	35.2	
160.7	27.8	30.3	25.4	
99.2	30.3	50.0	35.2	
45.1	5.7	54.9	27.8	
-23.8	-43.5	57.4	22.9	
-43.5	-23.8	57.4	35.2	
-31.2	-38.6	52.4	27.8	
-18.9	-1.7	64.7	35.2	
-23.8	20.5	77.0	30.3	
-14.0	27.8	77.0	40.1	
-11.5	59.8	77.0	18.0	
8.2	84.4	77.0	35.2	
15.5	74.6	74.6	30.3	
20.5	45.1	84.4	27.8	
37.7	64.7	84.4	35.2	
27.8	109.0	79.5	22.9	
13.1	160.7	84.4	32.8	
13.1	158.2	82.0	32.8	
35.2	111.5	84.4	45.1	
27.8	67.2	94.3	30.3	
57.4	50.0	94.3	20.5	
72.1	0.8	86.9	10.6	
59.8	-80.4	91.8	22.9	
64.7	-139.4	86.9	25.4	
72.1	-95.2	89.3	27.8	
57.4	-50.9	94.3	27.8	
40.1	13.1	94.3	15.5	
18.0	-9.1	89.3	15.5	
22.9	-46.0	96.7	20.5	
30.3	-14.0	74.6	3.2	
30.3	-9.1	91.8	-4.1	
47.5	-11.5	89.3	22.9	
52.4	-28.7	82.0	25.4	
72.1	-16.4	77.0	18.0	
57.4	-16.4	62.3	5.7	
45.1	15.5	77.0	-18.9	
30.3	25.4	74.6	25.4	
30.3	50.0	62.3	74.6	
67.2	57.4	64.7	67.2	
64.7	62.3	67.2	42.6	
64.7	50.0	67.2	20.5	
69.7	47.5	64.7	25.4	
91.8	54.9	69.7	18.0	
79.5	45.1	57.4	8.2	
104.1	40.1	64.7	27.8	
182.8	54.9	69.7	32.8	
207.4	57.4	57.4	-11.5	
217.3	37.7	45.1	-36.1	
202.5	30.3	47.5	-1.7	
145.9	35.2	47.5	-1.7	
104.1	45.1	40.1	8.2	
74.6	40.1	47.5	30.3	
37.7	42.6	35.2	25.4	
8.2	32.8	42.6	10.6	
54.9	30.3	54.9	3.2	
57.4	32.8	54.9	5.7	
52.4	35.2	54.9	27.8	
37.7	47.5	57.4	32.8	
5.7	37.7	57.4	42.6	
-48.4	25.4	67.2	20.5	
-53.3	35.2	62.3	18.0	
-16.4	25.4	67.2	22.9	
20.5	32.8	72.1	22.9	
86.9	22.9	72.1	15.5	
101.6	27.8	69.7	10.6	
158.2	20.5	74.6	8.2	
170.5	37.7	62.3	5.7	
200.0	37.7	62.3	3.2	
192.7	45.1	67.2	8.2	
241.9	40.1	57.4	15.5	
335.3	40.1	54.9	25.4	
345.2	40.1	42.6	20.5	
286.1	37.7	47.5	22.9	
163.1	45.1	45.1	18.0	
47.5	45.1	37.7	15.5	
-82.9	22.9	47.5	8.2	
-127.1	45.1	10.6	13.1	
-127.1	45.1	27.8	18.0	
-102.5	42.6	18.0	18.0	
-6.6	27.8	8.2	18.0	
18.0	22.9	13.1	20.5	
-21.4	27.8	5.7	22.9	
-31.2	27.8	8.2	10.6	
3.2	30.3	18.0	10.6	
10.6	25.4	20.5	15.5	
32.8	35.2	13.1	20.5	
40.1	40.1	10.6	15.5	
69.7	37.7	8.2	10.6	
86.9	35.2	22.9	-9.1	
109.0	37.7	27.8	-1.7	
131.2	32.8	25.4	5.7	
131.2	27.8	35.2	0.8	
153.3	15.5	22.9	-18.9	
197.6	10.6	25.4	-16.4	
200.0	5.7	20.5	3.2	
158.2	18.0	22.9	-18.9	
109.0	22.9	18.0	-14.0	
69.7	30.3	27.8	-14.0	
40.1	18.0	20.5	-9.1	
32.8	27.8	18.0	-11.5	
45.1	18.0	22.9	-9.1	
52.4	15.5	35.2	-9.1	
50.0	20.5	18.0	8.2	
-14.0	15.5	22.9	-23.8	
-14.0	22.9	15.5	-23.8	
-4.1	13.1	8.2	-18.9	
-1.7	18.0	15.5	-23.8	
30.3	5.7	13.1	-28.7	
54.9	15.5	10.6	-21.4	
42.6	27.8	-1.7	-28.7	
50.0	8.2	0.8	-23.8	
45.1	10.6	5.7	-21.4	
79.5	15.5	-9.1	-11.5	
74.6	27.8	-6.6	-14.0	
69.7	32.8	-4.1	-9.1	
123.8	22.9	-11.5	3.2	
141.0	27.8	-18.9	3.2	
182.8	22.9	-33.7	-4.1	
195.1	13.1	-36.1	-23.8	
141.0	22.9	-21.4	-31.2	
84.4	25.4	-21.4	-28.7	
0.8	20.5	-9.1	-36.1	
-63.2	20.5	-1.7	-43.5	
-102.5	30.3	8.2	-48.4	
-161.6	25.4	-4.1	-36.1	
-181.3	13.1	-16.4	-38.6	
-169.0	27.8	-33.7	-43.5	
-132.1	22.9	-18.9	-48.4	
-105.0	22.9	-1.7	-43.5	
-80.4	50.0	5.7	-46.0	
-85.3	37.7	-9.1	-28.7	
-75.5	30.3	-4.1	-26.3	
-48.4	42.6	0.8	-31.2	
-46.0	37.7	13.1	-28.7	
-28.7	45.1	0.8	-31.2	
-11.5	54.9	8.2	-33.7	
13.1	40.1	0.8	-31.2	
45.1	35.2	27.8	-50.9	
77.0	35.2	27.8	-55.8	
96.7	45.1	-14.0	-48.4	
99.2	47.5	-11.5	-41.0	
109.0	40.1	27.8	-21.4	
158.2	42.6	27.8	-6.6	
175.4	35.2	25.4	15.5	
165.6	47.5	-6.6	27.8	
101.6	40.1	-31.2	40.1	
25.4	50.0	-53.3	27.8	
42.6	27.8	-70.6	20.5	
8.2	32.8	-48.4	5.7	
-50.9	45.1	-33.7	-28.7	
-77.9	22.9	-36.1	-16.4	
-109.9	47.5	-36.1	-14.0	
-77.9	32.8	-70.6	-11.5	
-60.7	32.8	-102.5	-18.9	
-58.3	30.3	-87.8	-9.1	
-23.8	20.5	-97.6	-11.5	
-38.6	27.8	-77.9	-11.5	
-53.3	18.0	-50.9	-4.1	
-16.4	27.8	-48.4	-6.6	
-14.0	30.3	-48.4	-16.4	
30.3	35.2	-48.4	-9.1	
52.4	32.8	-55.8	-9.1	
94.3	37.7	-55.8	-14.0	
72.1	32.8	-41.0	-21.4	
99.2	54.9	-55.8	-18.9	
136.1	37.7	-53.3	-23.8	
170.5	22.9	-53.3	-11.5	
136.1	30.3	-43.5	-23.8	
111.5	42.6	-58.3	-33.7	
59.8	37.7	-70.6	-23.8	
32.8	27.8	-50.9	-16.4	
3.2	20.5	-33.7	-16.4	
20.5	25.4	-16.4	-11.5	
20.5	22.9	-14.0	-11.5	
-11.5	27.8	-1.7	-9.1	
-16.4	22.9	10.6	-9.1	
-31.2	8.2	3.2	0.8	
27.8	18.0	0.8	3.2	
37.7	10.6	25.4	0.8	
62.3	15.5	27.8	-4.1	
67.2	20.5	32.8	-9.1	
47.5	20.5	47.5	-23.8	
-4.1	5.7	52.4	-11.5	
-41.0	22.9	59.8	-11.5	
13.1	32.8	69.7	5.7	
86.9	30.3	86.9	0.8	
145.9	37.7	82.0	-6.6	
155.8	25.4	99.2	-9.1	
192.7	18.0	113.9	-9.1	
175.4	25.4	109.0	8.2	
148.4	35.2	86.9	-4.1	
91.8	42.6	64.7	-6.6	
25.4	59.8	52.4	-11.5	
-23.8	52.4	64.7	-4.1	
-21.4	40.1	84.4	3.2	
-43.5	32.8	86.9	0.8	
-43.5	30.3	79.5	-6.6	
-28.7	42.6	89.3	3.2	
-41.0	25.4	99.2	-1.7	
-11.5	27.8	126.2	0.8	
22.9	-9.1	121.3	-9.1	
20.5	-1.7	118.9	-9.1	
20.5	-14.0	136.1	-21.4	
30.3	-16.4	118.9	-18.9	
25.4	-4.1	109.0	-6.6	
18.0	-1.7	123.8	3.2	
37.7	-1.7	118.9	10.6	
64.7	-1.7	128.7	25.4	
84.4	-16.4	128.7	22.9	
74.6	-1.7	133.6	27.8	
86.9	-1.7	155.8	10.6	
69.7	-1.7	160.7	20.5	
74.6	8.2	148.4	25.4	
86.9	22.9	148.4	27.8	
86.9	10.6	84.4	18.0	
89.3	8.2	13.1	13.1	
64.7	-1.7	5.7	45.1	
86.9	18.0	-41.0	35.2	
84.4	3.2	-77.9	50.0	
57.4	8.2	-112.4	42.6	
79.5	15.5	-146.8	52.4	
82.0	20.5	-127.1	54.9	
101.6	20.5	-107.5	52.4	
133.6	18.0	-82.9	42.6	
133.6	20.5	-63.2	45.1	
113.9	25.4	-21.4	32.8	
67.2	20.5	-16.4	37.7	
64.7	25.4	-58.3	37.7	
94.3	10.6	-95.2	20.5	
177.9	10.6	-122.2	25.4	
244.3	-11.5	-181.3	15.5	
283.7	-1.7	-220.6	32.8	
315.7	8.2	-230.5	27.8	
268.9	-1.7	-196.0	35.2	
185.3	-9.1	-178.8	50.0	
84.4	-1.7	-159.1	59.8	
-21.4	-9.1	-159.1	59.8	
-139.4	3.2	-161.6	67.2	
-166.5	-6.6	-156.7	52.4	
-109.9	-4.1	-129.6	52.4	
-36.1	-9.1	-129.6	37.7	
-6.6	5.7	-112.4	40.1	
-48.4	-9.1	-95.2	40.1	
-33.7	-6.6	-124.7	25.4	
-53.3	3.2	-95.2	35.2	
-31.2	27.8	-90.2	25.4	
-16.4	18.0	-87.8	32.8	
-16.4	3.2	-85.3	25.4	
-9.1	5.7	-63.2	27.8	
25.4	-23.8	-53.3	20.5	
25.4	-11.5	-50.9	25.4	
35.2	-16.4	-31.2	27.8	
106.6	-26.3	-14.0	-9.1	
195.1	-14.0	3.2	25.4	
209.9	3.2	-11.5	52.4	
273.8	10.6	-28.7	37.7	
246.8	8.2	-36.1	3.2	
141.0	22.9	-50.9	-23.8	
25.4	37.7	-102.5	-4.1	
-85.3	37.7	-82.9	-1.7	
-141.9	52.4	-107.5	3.2	
-134.5	47.5	-90.2	-1.7	
-26.3	52.4	-65.6	-6.6	
-41.0	45.1	-53.3	0.8	
77.0	35.2	-26.3	15.5	
96.7	50.0	-11.5	30.3	
67.2	47.5	0.8	22.9	
42.6	37.7	37.7	27.8	
-4.1	54.9	37.7	42.6	
-58.3	50.0	40.1	40.1	
-73.0	42.6	42.6	22.9	
-21.4	50.0	54.9	10.6	
10.6	59.8	54.9	18.0	
5.7	64.7	74.6	8.2	
-21.4	54.9	59.8	-1.7	
-31.2	50.0	72.1	10.6	
-36.1	62.3	77.0	5.7	
5.7	42.6	82.0	3.2	
74.6	32.8	96.7	-4.1	
175.4	42.6	99.2	-6.6	
200.0	25.4	121.3	-9.1	
163.1	54.9	118.9	-9.1	
136.1	37.7	121.3	-21.4	
72.1	35.2	96.7	-18.9	
-33.7	40.1	94.3	-31.2	
-18.9	27.8	79.5	-38.6	
-6.6	35.2	67.2	-16.4	
-4.1	30.3	47.5	-38.6	
13.1	37.7	40.1	-23.8	
57.4	40.1	27.8	-21.4	
84.4	22.9	42.6	-18.9	
101.6	37.7	64.7	-55.8	
94.3	25.4	59.8	-41.0	
64.7	13.1	50.0	-43.5	
20.5	37.7	20.5	-41.0	
30.3	45.1	-43.5	-46.0	
37.7	37.7	-18.9	-43.5	
64.7	25.4	-23.8	-50.9	
96.7	45.1	-6.6	-46.0	
64.7	22.9	15.5	-28.7	
94.3	8.2	13.1	-33.7	
128.7	3.2	5.7	-36.1	
153.3	3.2	0.8	-43.5	
244.3	3.2	8.2	-43.5	
278.8	-1.7	15.5	-38.6	
268.9	18.0	20.5	-41.0	
244.3	20.5	22.9	-38.6	
214.8	40.1	37.7	-60.7	
207.4	67.2	32.8	-70.6	
145.9	72.1	-16.4	-68.1	
118.9	57.4	0.8	-82.9	
101.6	57.4	27.8	-77.9	
113.9	64.7	52.4	-48.4	
99.2	50.0	50.0	-14.0	
86.9	50.0	42.6	-1.7	
118.9	54.9	72.1	27.8	
89.3	37.7	96.7	64.7	
79.5	35.2	64.7	82.0	
45.1	30.3	77.0	86.9	
-46.0	37.7	54.9	52.4	
-109.9	37.7	59.8	42.6	
-102.5	45.1	64.7	35.2	
-33.7	42.6	52.4	8.2	
-26.3	62.3	22.9	-1.7	
-6.6	59.8	30.3	-9.1	
-23.8	42.6	57.4	-4.1	
-38.6	25.4	82.0	5.7	
77.0	25.4	72.1	0.8	
143.5	20.5	69.7	0.8	
200.0	27.8	52.4	0.8	
192.7	40.1	30.3	0.8	
148.4	40.1	52.4	-4.1	
131.2	32.8	67.2	5.7	
121.3	25.4	99.2	0.8	
40.1	32.8	101.6	-16.4	
35.2	32.8	109.0	8.2	
-9.1	32.8	109.0	-14.0	
-41.0	35.2	118.9	3.2	
-55.8	47.5	82.0	-4.1	
-11.5	37.7	82.0	8.2	
-31.2	54.9	50.0	-4.1	
-16.4	45.1	47.5	0.8	
-11.5	57.4	42.6	-11.5	
47.5	57.4	45.1	-14.0	
77.0	37.7	52.4	-9.1	
72.1	30.3	45.1	-18.9	
52.4	25.4	45.1	-21.4	
47.5	27.8	62.3	-23.8	
50.0	37.7	62.3	-28.7	
42.6	30.3	54.9	-31.2	
-14.0	20.5	40.1	-21.4	
-36.1	32.8	32.8	-28.7	
-36.1	30.3	37.7	-16.4	
-18.9	35.2	52.4	-11.5	
-26.3	40.1	89.3	-6.6	
-11.5	45.1	82.0	-14.0	
-18.9	59.8	111.5	-21.4	
-38.6	64.7	145.9	-31.2	
-11.5	45.1	145.9	-28.7	
-21.4	57.4	168.1	-28.7	
-14.0	45.1	185.3	-28.7	
25.4	45.1	197.6	-31.2	
20.5	37.7	217.3	-38.6	
-9.1	32.8	217.3	-38.6	
-26.3	52.4	185.3	-33.7	
27.8	40.1	158.2	-43.5	
64.7	32.8	175.4	-23.8	
67.2	35.2	148.4	-4.1	
136.1	27.8	136.1	-14.0	
145.9	32.8	109.0	-4.1	
150.8	27.8	64.7	-14.0	
202.5	22.9	32.8	-139.4	
197.6	25.4	13.1	-139.4	
109.0	37.7	27.8	-55.8	
27.8	15.5	22.9	5.7	
-43.5	18.0	15.5	3.2	
-87.8	15.5	25.4	-18.9	
-109.9	25.4	-6.6	-18.9	
-87.8	25.4	-21.4	-6.6	
-43.5	32.8	-23.8	-14.0	
0.8	42.6	-28.7	-16.4	
-6.6	40.1	-11.5	-31.2	
-16.4	22.9	-43.5	-38.6	
-4.1	15.5	-33.7	-31.2	
30.3	25.4	-16.4	-16.4	
32.8	30.3	-21.4	-28.7	
30.3	35.2	-14.0	-33.7	
42.6	18.0	-4.1	-41.0	
30.3	35.2	-18.9	-28.7	
52.4	27.8	-28.7	-36.1	
40.1	45.1	-50.9	-31.2	
138.5	27.8	-46.0	-31.2	
273.8	45.1	-14.0	-41.0	
335.3	37.7	20.5	-70.6	
335.3	27.8	25.4	-85.3	
229.6	35.2	69.7	-100.1	
138.5	30.3	101.6	-146.8	
15.5	54.9	91.8	-92.7	
-87.8	52.4	96.7	-55.8	
-65.6	35.2	91.8	-14.0	
-90.2	40.1	50.0	5.7	
-65.6	47.5	42.6	-18.9	
-4.1	54.9	27.8	-53.3	
-18.9	45.1	3.2	-65.6	
-41.0	42.6	0.8	-46.0	
-36.1	45.1	64.7	-31.2	
-1.7	47.5	91.8	-4.1	
-14.0	59.8	94.3	8.2	
-6.6	67.2	165.6	30.3	
42.6	52.4	128.7	57.4	
42.6	64.7	86.9	37.7	
91.8	54.9	5.7	15.5	
116.4	62.3	-58.3	-4.1	
219.7	62.3	-191.1	-36.1	
212.3	42.6	-252.6	-46.0	
165.6	50.0	-306.7	-50.9	
104.1	50.0	-260.0	-55.8	
59.8	35.2	-228.0	-70.6	
121.3	47.5	-213.2	-46.0	
165.6	45.1	-181.3	-33.7	
170.5	30.3	-164.0	-46.0	
175.4	35.2	-159.1	-31.2	
163.1	32.8	-164.0	-36.1	
52.4	27.8	-141.9	-16.4	
57.4	42.6	-119.8	-21.4	
40.1	69.7	-102.5	-53.3	
32.8	77.0	-105.0	-82.9	
32.8	52.4	-114.8	-97.6	
-11.5	64.7	-95.2	-70.6	
-4.1	79.5	-73.0	-60.7	
5.7	82.0	-58.3	-63.2	
5.7	77.0	-65.6	-38.6	
-14.0	86.9	-95.2	-26.3	
-48.4	64.7	-82.9	-31.2	
18.0	62.3	-100.1	-26.3	
123.8	59.8	-105.0	-6.6	
268.9	45.1	-70.6	-4.1	
303.4	32.8	-50.9	-16.4	
214.8	54.9	-48.4	-9.1	
163.1	45.1	-50.9	-38.6	
13.1	57.4	-46.0	-48.4	
-58.3	57.4	-46.0	-63.2	
-102.5	59.8	-36.1	-63.2	
-107.5	52.4	-28.7	-50.9	
-60.7	74.6	-26.3	-53.3	
-41.0	67.2	-21.4	-63.2	
-1.7	69.7	-1.7	-87.8	
32.8	47.5	-1.7	-95.2	
-23.8	77.0	0.8	-87.8	
-75.5	67.2	-4.1	-53.3	
-119.8	64.7	-14.0	-21.4	
-134.5	50.0	0.8	-11.5	
-97.6	72.1	0.8	-33.7	
-65.6	74.6	0.8	-46.0	
-14.0	67.2	5.7	-43.5	
30.3	50.0	0.8	-36.1	
57.4	45.1	25.4	-38.6	
37.7	40.1	15.5	-43.5	
42.6	50.0	5.7	-38.6	
30.3	37.7	-11.5	-36.1	
74.6	10.6	-21.4	-33.7	
86.9	18.0	-4.1	-58.3	
104.1	18.0	-11.5	-92.7	
158.2	37.7	-14.0	-117.3	
182.8	25.4	-11.5	-100.1	
239.4	32.8	-11.5	-58.3	
278.8	27.8	5.7	3.2	
293.5	30.3	37.7	18.0	
197.6	30.3	45.1	47.5	
74.6	30.3	45.1	20.5	
-11.5	22.9	22.9	54.9	
-149.3	20.5	20.5	13.1	
-245.2	13.1	20.5	-43.5	
-287.0	13.1	15.5	-73.0	
-304.3	10.6	-16.4	-82.9	
-235.4	-1.7	-33.7	-112.4	
-112.4	22.9	-14.0	-100.1	
-92.7	25.4	5.7	-77.9	
-68.1	42.6	-46.0	-68.1	
-65.6	37.7	-132.1	-23.8	
-97.6	52.4	-114.8	0.8	
-31.2	72.1	-77.9	-21.4	
37.7	59.8	-97.6	-9.1	
99.2	52.4	-82.9	3.2	
109.0	45.1	-18.9	5.7	
96.7	45.1	-11.5	0.8	
141.0	32.8	5.7	8.2	
150.8	40.1	32.8	52.4	
158.2	52.4	47.5	32.8	
136.1	54.9	64.7	37.7	
155.8	52.4	54.9	3.2	
175.4	42.6	77.0	-38.6	
170.5	45.1	77.0	-82.9	
118.9	45.1	82.0	-141.9	
94.3	50.0	86.9	-200.9	
145.9	54.9	82.0	-100.1	
104.1	47.5	82.0	-46.0	
91.8	50.0	86.9	89.3	
101.6	62.3	109.0	116.4	
111.5	84.4	121.3	0.8	
116.4	79.5	116.4	-181.3	
109.0	82.0	121.3	-134.5	
89.3	77.0	106.6	-28.7	
69.7	79.5	121.3	-1.7	
52.4	91.8	106.6	-21.4	
45.1	62.3	106.6	-26.3	
-28.7	54.9	111.5	-9.1	
-46.0	15.5	74.6	13.1	
-21.4	-16.4	67.2	15.5	
62.3	-26.3	79.5	8.2	
141.0	-9.1	89.3	-4.1	
214.8	15.5	96.7	-11.5	
264.0	8.2	106.6	-11.5	
212.3	3.2	96.7	-16.4	
202.5	37.7	94.3	-36.1	
141.0	37.7	79.5	-48.4	
104.1	25.4	50.0	-63.2	
52.4	27.8	52.4	-50.9	
94.3	-4.1	67.2	-36.1	
101.6	0.8	84.4	-53.3	
35.2	18.0	79.5	-60.7	
-139.4	32.8	79.5	-63.2	
-169.0	37.7	79.5	-100.1	
-213.2	104.1	74.6	-105.0	
-210.8	126.2	91.8	-129.6	
-119.8	64.7	86.9	-122.2	
-134.5	77.0	96.7	-112.4	
-178.8	74.6	94.3	-58.3	
-102.5	27.8	109.0	-6.6	
-50.9	10.6	101.6	-68.1	
-14.0	-23.8	101.6	-73.0	
47.5	-26.3	111.5	-28.7	
187.7	-1.7	111.5	-50.9	
359.9	-11.5	91.8	-21.4	
421.4	-23.8	77.0	22.9	
332.9	-21.4	89.3	52.4	
401.8	-4.1	94.3	69.7	
291.1	20.5	79.5	77.0	
128.7	32.8	94.3	89.3	
-80.4	8.2	91.8	79.5	
-119.8	-9.1	109.0	62.3	
-159.1	25.4	89.3	45.1	
-218.2	37.7	101.6	32.8	
-200.9	54.9	94.3	37.7	
-203.4	47.5	99.2	50.0	
-196.0	5.7	104.1	47.5	
-191.1	-4.1	101.6	37.7	
-176.3	0.8	99.2	27.8	
-137.0	25.4	96.7	40.1	
-109.9	25.4	101.6	35.2	
-48.4	8.2	91.8	37.7	
-16.4	25.4	89.3	20.5	
0.8	30.3	77.0	25.4	
0.8	22.9	74.6	15.5	
-9.1	27.8	86.9	20.5	
-38.6	22.9	84.4	35.2	
-23.8	22.9	82.0	50.0	
18.0	32.8	106.6	42.6	
37.7	54.9	113.9	22.9	
84.4	37.7	138.5	3.2	
131.2	35.2	141.0	-1.7	
163.1	30.3	131.2	8.2	
219.7	30.3	37.7	-11.5	
276.3	32.8	-23.8	-63.2	
261.5	42.6	-33.7	-73.0	
153.3	45.1	-50.9	-36.1	
47.5	50.0	-1.7	25.4	
32.8	42.6	-6.6	123.8	
30.3	20.5	18.0	202.5	
-33.7	32.8	54.9	207.4	
59.8	42.6	40.1	190.2	
192.7	32.8	-23.8	126.2	
195.1	50.0	-117.3	86.9	
224.6	54.9	-137.0	10.6	
131.2	45.1	-132.1	5.7	
42.6	64.7	-112.4	-43.5	
32.8	40.1	-124.7	-60.7	
82.0	45.1	-82.9	-43.5	
91.8	64.7	-100.1	-4.1	
74.6	72.1	-105.0	3.2	
96.7	72.1	-107.5	25.4	
212.3	64.7	-92.7	32.8	
352.6	62.3	-139.4	18.0	
534.6	77.0	-178.8	8.2	
763.4	86.9	-149.3	5.7	
866.7	79.5	-134.5	8.2	
726.5	67.2	-112.4	-11.5	
433.7	62.3	-85.3	-18.9	
141.0	82.0	-85.3	-33.7	
-134.5	59.8	-75.5	-26.3	
-370.7	84.4	-82.9	-14.0	
-370.7	84.4	-68.1	-4.1	
-355.9	77.0	-68.1	-11.5	
-351.0	72.1	-33.7	-26.3	
-444.5	62.3	-26.3	-26.3	
-535.5	64.7	-11.5	-28.7	
-429.7	52.4	-14.0	-46.0	
-373.1	52.4	-43.5	-58.3	
-375.6	59.8	-43.5	-68.1	
-277.2	64.7	-60.7	-90.2	
-166.5	52.4	-60.7	-90.2	
-159.1	57.4	-55.8	-97.6	
-191.1	37.7	-53.3	-68.1	
-77.9	50.0	5.7	-31.2	
35.2	59.8	27.8	0.8	
133.6	50.0	37.7	22.9	
148.4	47.5	45.1	-41.0	
111.5	64.7	64.7	-80.4	
150.8	72.1	86.9	-82.9	
209.9	72.1	96.7	-23.8	
219.7	77.0	116.4	3.2	
180.4	77.0	91.8	-18.9	
113.9	74.6	94.3	8.2	
42.6	67.2	62.3	-16.4	
-41.0	59.8	22.9	-65.6	
15.5	67.2	22.9	-95.2	
59.8	59.8	3.2	-149.3	
72.1	52.4	-6.6	-146.8	
54.9	57.4	25.4	-122.2	
89.3	62.3	40.1	-100.1	
116.4	57.4	20.5	-63.2	
86.9	52.4	-36.1	-14.0	
62.3	57.4	-80.4	52.4	
113.9	35.2	-85.3	84.4	
150.8	25.4	-117.3	3.2	
170.5	40.1	-127.1	-36.1	
173.0	32.8	-97.6	-87.8	
128.7	42.6	-68.1	-129.6	
79.5	52.4	-14.0	-119.8	
42.6	45.1	-4.1	-114.8	
40.1	32.8	3.2	-105.0	
42.6	42.6	5.7	-114.8	
86.9	67.2	-14.0	-97.6	
131.2	52.4	-31.2	-90.2	
173.0	54.9	-23.8	-87.8	
259.1	86.9	-14.0	-90.2	
288.6	113.9	-14.0	-105.0	
374.7	59.8	-23.8	-92.7	
438.7	57.4	-31.2	-82.9	
495.2	64.7	-31.2	-80.4	
507.5	52.4	-36.1	-80.4	
355.0	79.5	-33.7	-105.0	
182.8	52.4	-28.7	-139.4	
143.5	10.6	-18.9	-188.6	
123.8	-1.7	-26.3	-146.8	
40.1	5.7	-16.4	-171.4	
8.2	40.1	-9.1	-112.4	
-28.7	52.4	-4.1	25.4	
-43.5	57.4	18.0	18.0	
-122.2	72.1	25.4	-46.0	
-144.4	86.9	30.3	-92.7	
-127.1	86.9	27.8	-82.9	
-114.8	72.1	20.5	-58.3	
-36.1	54.9	25.4	-53.3	
96.7	54.9	20.5	-60.7	
185.3	47.5	35.2	-41.0	
276.3	50.0	35.2	-9.1	
384.5	22.9	42.6	-9.1	
485.4	-9.1	27.8	-16.4	
576.4	-23.8	20.5	-33.7	
441.1	-43.5	18.0	-28.7	
303.4	-53.3	3.2	-33.7	
131.2	-26.3	-14.0	-36.1	
89.3	-14.0	-4.1	-26.3	
25.4	-9.1	-6.6	-18.9	
30.3	-1.7	25.4	-21.4	
8.2	-4.1	22.9	-55.8	
-60.7	15.5	25.4	-82.9	
-191.1	15.5	32.8	-63.2	
-208.3	13.1	27.8	-70.6	
-132.1	5.7	3.2	-33.7	
-48.4	13.1	8.2	0.8	
-48.4	27.8	10.6	30.3	
-28.7	13.1	27.8	40.1	
15.5	10.6	52.4	30.3	
30.3	8.2	69.7	40.1	
59.8	22.9	72.1	94.3	
72.1	27.8	74.6	94.3	
84.4	32.8	86.9	96.7	
141.0	22.9	96.7	113.9	
254.2	30.3	109.0	59.8	
406.7	35.2	101.6	59.8	
529.7	32.8	116.4	86.9	
561.7	27.8	173.0	52.4	
561.7	45.1	123.8	25.4	
542.0	35.2	82.0	45.1	
364.9	54.9	-16.4	64.7	
293.5	45.1	-80.4	89.3	
209.9	37.7	-112.4	111.5	
-41.0	32.8	-122.2	84.4	
-41.0	27.8	-146.8	40.1	
-87.8	37.7	-85.3	0.8	
-137.0	27.8	-46.0	-28.7	
-213.2	18.0	-26.3	-21.4	
-284.6	5.7	-36.1	25.4	
-309.2	47.5	-43.5	42.6	
-274.7	5.7	-53.3	50.0	
-213.2	5.7	-65.6	18.0	
-205.9	32.8	-63.2	-18.9	
-220.6	32.8	-63.2	-41.0	
-200.9	35.2	-55.8	-58.3	
-28.7	32.8	-65.6	-48.4	
101.6	18.0	-48.4	-58.3	
173.0	22.9	-50.9	-68.1	
229.6	22.9	-43.5	-173.9	
283.7	37.7	-53.3	-198.5	
367.3	30.3	-63.2	-48.4	
438.7	27.8	-73.0	30.3	
426.4	27.8	-75.5	42.6	
512.5	13.1	-85.3	15.5	
460.8	25.4	-73.0	-53.3	
426.4	40.1	-90.2	-85.3	
236.9	37.7	-100.1	-122.2	
-31.2	30.3	-85.3	-100.1	
-220.6	50.0	-80.4	-73.0	
-218.2	35.2	-53.3	-87.8	
-274.7	45.1	-53.3	-102.5	
-262.4	40.1	-53.3	-82.9	
-282.1	35.2	-53.3	-73.0	
-309.2	37.7	-53.3	-16.4	
-242.8	32.8	-43.5	20.5	
-146.8	25.4	-21.4	-48.4	
-87.8	30.3	-23.8	-176.3	
-50.9	45.1	-9.1	-252.6	
35.2	52.4	25.4	-287.0	
121.3	45.1	52.4	-225.5	
209.9	45.1	62.3	-213.2	
224.6	32.8	64.7	-191.1	
222.2	47.5	84.4	-161.6	
187.7	30.3	77.0	-75.5	
131.2	15.5	35.2	-31.2	
116.4	13.1	5.7	-31.2	
158.2	13.1	-14.0	-36.1	
180.4	50.0	5.7	-48.4	
182.8	40.1	54.9	20.5	
185.3	52.4	91.8	25.4	
175.4	52.4	104.1	67.2	
131.2	35.2	67.2	89.3	
158.2	77.0	54.9	113.9	
168.1	54.9	47.5	190.2	
219.7	45.1	18.0	106.6	
222.2	54.9	-11.5	99.2	
236.9	32.8	-38.6	40.1	
209.9	20.5	-46.0	30.3	
175.4	-6.6	-26.3	15.5	
217.3	-4.1	0.8	-122.2	
281.2	3.2	50.0	-146.8	
355.0	8.2	62.3	-65.6	
369.8	8.2	59.8	-50.9	
411.6	25.4	62.3	-58.3	
455.9	30.3	22.9	-124.7	
441.1	30.3	45.1	-132.1	
281.2	30.3	32.8	-63.2	
158.2	22.9	-18.9	-26.3	
145.9	35.2	-50.9	37.7	
86.9	27.8	-41.0	153.3	
187.7	25.4	-14.0	160.7	
300.9	22.9	-26.3	168.1	
367.3	59.8	-33.7	222.2	
382.1	20.5	-63.2	229.6	
323.0	20.5	-55.8	212.3	
291.1	22.9	-36.1	126.2	
141.0	5.7	-46.0	59.8	
-28.7	-18.9	-63.2	59.8	
-137.0	15.5	-58.3	150.8	
-112.4	35.2	-53.3	168.1	
-58.3	18.0	-46.0	57.4	
-16.4	35.2	-31.2	-14.0	
45.1	50.0	-23.8	-85.3	
111.5	27.8	-31.2	0.8	
138.5	27.8	-28.7	-141.9	
207.4	45.1	-31.2	-247.7	
268.9	37.7	-38.6	-112.4	
305.8	47.5	-28.7	168.1	
345.2	54.9	-26.3	318.1	
421.4	59.8	-38.6	283.7	
428.8	57.4	-48.4	141.0	
310.7	45.1	-36.1	116.4	
239.4	35.2	-31.2	118.9	
217.3	3.2	-41.0	158.2	
67.2	18.0	-53.3	148.4	
-33.7	37.7	-38.6	148.4	
-109.9	35.2	-23.8	128.7	
-338.7	57.4	-18.9	113.9	
-510.9	45.1	-23.8	104.1	
-439.6	35.2	-33.7	123.8	
-341.2	15.5	-46.0	138.5	
-183.7	37.7	-55.8	121.3	
-1.7	8.2	-41.0	-6.6	
42.6	-14.0	-50.9	-196.0	
35.2	-31.2	-36.1	-461.7	
5.7	-18.9	-31.2	-579.8	
-41.0	-6.6	-21.4	-629.0	
-102.5	-6.6	-38.6	-646.2	
-16.4	-21.4	-26.3	-712.6	
25.4	-28.7	-18.9	-415.0	
57.4	-14.0	-16.4	-38.6	
121.3	-6.6	-11.5	389.5	
207.4	0.8	-1.7	716.6	
276.3	0.8	13.1	721.6	
431.3	8.2	18.0	308.3	
537.1	18.0	25.4	212.3	
554.3	8.2	22.9	259.1	
544.4	35.2	15.5	241.9	
421.4	18.0	42.6	182.8	
219.7	3.2	72.1	205.0	
47.5	32.8	113.9	145.9	
8.2	57.4	141.0	109.0	
-144.4	18.0	187.7	123.8	
-159.1	22.9	212.3	163.1	
-166.5	-1.7	150.8	163.1	
-237.8	47.5	106.6	86.9	
-338.7	40.1	106.6	27.8	
-237.8	32.8	45.1	-4.1	
-272.3	20.5	-26.3	-1.7	
-240.3	3.2	8.2	52.4	
-156.7	-6.6	32.8	59.8	
-36.1	-18.9	59.8	72.1	
37.7	0.8	84.4	47.5	
84.4	13.1	50.0	-4.1	
113.9	22.9	67.2	-21.4	
180.4	30.3	64.7	-18.9	
229.6	54.9	54.9	30.3	
259.1	42.6	79.5	126.2	
259.1	62.3	77.0	32.8	
254.2	47.5	86.9	-50.9	
278.8	45.1	89.3	-173.9	
273.8	25.4	123.8	-279.7	
264.0	27.8	131.2	-296.9	
207.4	30.3	109.0	-314.1	
163.1	20.5	82.0	-262.4	
118.9	10.6	109.0	-134.5	
27.8	32.8	128.7	8.2	
-21.4	52.4	99.2	150.8	
-26.3	50.0	94.3	268.9	
-46.0	57.4	67.2	219.7	
-43.5	50.0	94.3	197.6	
-41.0	47.5	64.7	185.3	
0.8	32.8	50.0	133.6	
101.6	-4.1	-11.5	57.4	
195.1	-1.7	-48.4	-9.1	
246.8	3.2	10.6	-41.0	
227.1	5.7	72.1	-9.1	
187.7	10.6	84.4	20.5	
121.3	8.2	86.9	62.3	
84.4	18.0	84.4	50.0	
123.8	32.8	59.8	42.6	
163.1	30.3	-11.5	20.5	
236.9	54.9	-70.6	-4.1	
229.6	47.5	-117.3	-1.7	
249.2	47.5	-70.6	74.6	
271.4	59.8	-23.8	131.2	
305.8	40.1	-33.7	40.1	
234.5	67.2	-41.0	-100.1	
136.1	42.6	-38.6	-191.1	
-36.1	50.0	-31.2	-250.1	
-191.1	40.1	-16.4	-272.3	
-237.8	52.4	0.8	-267.4	
-237.8	40.1	18.0	-252.6	
-161.6	96.7	27.8	-28.7	
-68.1	113.9	37.7	106.6	
30.3	89.3	40.1	158.2	
91.8	52.4	27.8	251.7	
84.4	50.0	30.3	170.5	
42.6	30.3	3.2	35.2	
20.5	-9.1	-50.9	42.6	
0.8	-26.3	-23.8	0.8	
-11.5	-43.5	-23.8	8.2	
-119.8	-55.8	3.2	-1.7	
-181.3	-14.0	15.5	-16.4	
-178.8	8.2	32.8	-14.0	
-87.8	15.5	22.9	0.8	
82.0	22.9	15.5	-11.5	
241.9	15.5	25.4	-11.5	
465.7	18.0	10.6	-14.0	
551.8	20.5	-21.4	-18.9	
487.9	5.7	-1.7	-28.7	
318.1	35.2	5.7	-18.9	
-38.6	42.6	3.2	-33.7	
-242.8	40.1	3.2	-48.4	
-215.7	52.4	25.4	-53.3	
-193.6	84.4	25.4	-53.3	
-107.5	84.4	30.3	-58.3	
-33.7	84.4	54.9	-53.3	
-4.1	57.4	57.4	-95.2	
-26.3	77.0	69.7	-63.2	
118.9	40.1	82.0	-55.8	
118.9	35.2	113.9	-87.8	
52.4	-4.1	123.8	-14.0	
35.2	-28.7	111.5	-26.3	
47.5	-48.4	111.5	-100.1	
-11.5	-31.2	136.1	-124.7	
-107.5	-21.4	165.6	-80.4	
-85.3	-4.1	121.3	-21.4	
-200.9	25.4	128.7	64.7	
-235.4	20.5	121.3	138.5	
-415.0	35.2	136.1	145.9	
-483.8	20.5	123.8	138.5	
-412.5	20.5	111.5	50.0	
-351.0	13.1	86.9	-4.1	
-333.8	15.5	69.7	-46.0	
-292.0	32.8	77.0	-65.6	
-245.2	42.6	91.8	-77.9	
-156.7	20.5	94.3	-75.5	
-53.3	59.8	101.6	-1.7	
5.7	40.1	109.0	50.0	
74.6	50.0	126.2	113.9	
155.8	47.5	138.5	47.5	
244.3	37.7	145.9	-107.5	
276.3	94.3	141.0	-164.0	
332.9	91.8	118.9	-196.0	
315.7	62.3	116.4	-213.2	
293.5	50.0	118.9	-97.6	
222.2	52.4	131.2	-213.2	
207.4	52.4	126.2	-186.2	
205.0	47.5	138.5	-48.4	
197.6	54.9	136.1	205.0	
244.3	30.3	141.0	261.5	
209.9	-1.7	133.6	96.7	
121.3	13.1	158.2	20.5	
145.9	10.6	148.4	-80.4	
123.8	47.5	131.2	-107.5	
131.2	42.6	131.2	72.1	
177.9	18.0	121.3	54.9	
227.1	30.3	123.8	163.1	
244.3	13.1	128.7	168.1	
246.8	25.4	118.9	82.0	
298.4	77.0	104.1	79.5	
345.2	89.3	96.7	22.9	
446.0	116.4	101.6	-137.0	
470.6	113.9	101.6	-336.2	
325.5	99.2	104.1	-461.7	
180.4	99.2	109.0	-427.3	
22.9	111.5	89.3	-446.9	
-41.0	72.1	72.1	-437.1	
-80.4	50.0	77.0	-363.3	
-36.1	25.4	94.3	-87.8	
-53.3	-11.5	77.0	325.5	
-43.5	-33.7	94.3	502.6	
64.7	-33.7	121.3	273.8	
-60.7	-33.7	118.9	278.8	
-169.0	-26.3	99.2	227.1	
-387.9	-21.4	69.7	54.9	
-424.8	-16.4	27.8	-80.4	
-314.1	-14.0	54.9	91.8	
-277.2	-18.9	35.2	414.1	
-193.6	-28.7	-36.1	630.5	
-48.4	-16.4	-70.6	359.9	
74.6	-1.7	-43.5	229.6	
86.9	-4.1	-11.5	160.7	
45.1	5.7	22.9	94.3	
69.7	0.8	13.1	74.6	
116.4	15.5	5.7	35.2	
190.2	8.2	15.5	-23.8	
409.1	20.5	18.0	-36.1	
465.7	15.5	22.9	20.5	
372.2	18.0	8.2	79.5	
168.1	20.5	10.6	69.7	
-1.7	20.5	-1.7	5.7	
-178.8	20.5	-4.1	5.7	
-166.5	22.9	-1.7	-33.7	
-55.8	0.8	-4.1	-70.6	
-70.6	-21.4	8.2	-100.1	
-181.3	-1.7	18.0	-220.6	
-220.6	40.1	18.0	-200.9	
-218.2	30.3	15.5	-122.2	
-208.3	8.2	25.4	-186.2	
-181.3	32.8	0.8	-156.7	
-117.3	59.8	-16.4	-144.4	
-95.2	52.4	-11.5	-205.9	
-50.9	40.1	-14.0	-159.1	
10.6	45.1	-16.4	-65.6	
91.8	45.1	10.6	106.6	
200.0	13.1	35.2	320.6	
251.7	-1.7	30.3	131.2	
335.3	5.7	20.5	27.8	
451.0	10.6	5.7	-9.1	
529.7	15.5	-23.8	10.6	
554.3	25.4	-11.5	47.5	
510.0	18.0	27.8	104.1	
404.2	22.9	59.8	94.3	
261.5	8.2	86.9	42.6	
234.5	5.7	94.3	35.2	
47.5	-11.5	96.7	20.5	
-144.4	5.7	101.6	-14.0	
-252.6	-4.1	99.2	-53.3	
-360.8	20.5	94.3	-82.9	
-429.7	35.2	106.6	-80.4	
-385.4	79.5	133.6	-63.2	
-363.3	50.0	141.0	-146.8	
-228.0	42.6	158.2	-245.2	
-193.6	62.3	173.0	-316.6	
-154.2	82.0	165.6	-306.7	
-95.2	50.0	177.9	-304.3	
13.1	40.1	190.2	-274.7	
89.3	25.4	202.5	-210.8	
165.6	5.7	212.3	-87.8	
131.2	-6.6	205.0	180.4	
131.2	13.1	197.6	300.9	
185.3	25.4	202.5	300.9	
342.7	10.6	209.9	273.8	
478.0	10.6	224.6	214.8	
591.2	10.6	224.6	84.4	
576.4	3.2	239.4	40.1	
419.0	35.2	241.9	131.2	
271.4	20.5	222.2	123.8	
42.6	0.8	214.8	15.5	
-176.3	0.8	222.2	5.7	
-198.5	-9.1	177.9	-18.9	
-137.0	-6.6	165.6	20.5	
-92.7	-4.1	160.7	69.7	
82.0	57.4	173.0	94.3	
96.7	50.0	170.5	42.6	
67.2	45.1	168.1	22.9	
47.5	57.4	160.7	37.7	
-85.3	54.9	138.5	67.2	
-262.4	40.1	128.7	67.2	
-284.6	57.4	104.1	84.4	
-134.5	62.3	86.9	104.1	
-14.0	52.4	77.0	113.9	
67.2	72.1	59.8	22.9	
101.6	89.3	52.4	-156.7	
239.4	72.1	35.2	-156.7	
377.2	25.4	30.3	-146.8	
433.7	15.5	37.7	-102.5	
426.4	3.2	67.2	-95.2	
305.8	-14.0	77.0	104.1	
42.6	-21.4	72.1	104.1	
-119.8	-18.9	50.0	13.1	
-218.2	-14.0	15.5	-21.4	
-228.0	-6.6	-14.0	-80.4	
-346.1	8.2	-21.4	-4.1	
-373.1	-1.7	-53.3	145.9	
-432.2	37.7	-129.6	182.8	
-387.9	13.1	-119.8	143.5	
-287.0	15.5	-137.0	175.4	
-242.8	5.7	-134.5	246.8	
-220.6	32.8	-58.3	318.1	
-186.2	32.8	-33.7	234.5	
-151.7	42.6	-65.6	182.8	
-70.6	45.1	-114.8	104.1	
57.4	37.7	-134.5	10.6	
77.0	52.4	-146.8	-50.9	
160.7	52.4	-161.6	-28.7	
232.0	69.7	-149.3	45.1	
328.0	67.2	-134.5	116.4	
495.2	84.4	-137.0	96.7	
556.7	62.3	-139.4	54.9	
455.9	52.4	-144.4	37.7	
328.0	64.7	-156.7	-38.6	
126.2	64.7	-159.1	-107.5	
-95.2	62.3	-139.4	-122.2	
-139.4	54.9	-132.1	-178.8	
-77.9	54.9	-139.4	-205.9	
-289.5	67.2	-129.6	-348.5	
-284.6	62.3	-129.6	-341.2	
-237.8	52.4	-129.6	0.8	
-144.4	18.0	-129.6	222.2	
-6.6	15.5	-117.3	241.9	
-16.4	18.0	-95.2	47.5	
-53.3	20.5	-90.2	-100.1	
-18.9	27.8	-82.9	-141.9	
37.7	22.9	-77.9	-73.0	
118.9	18.0	-92.7	109.0	
175.4	10.6	-114.8	328.0	
175.4	20.5	-97.6	423.9	
205.0	15.5	-114.8	340.3	
259.1	27.8	-137.0	195.1	
421.4	27.8	-171.4	59.8	
510.0	47.5	-156.7	-33.7	
507.5	37.7	-117.3	18.0	
421.4	20.5	-105.0	104.1	
251.7	40.1	-100.1	143.5	
104.1	8.2	-85.3	113.9	
-28.7	-1.7	-112.4	-112.4	
-105.0	10.6	-114.8	-237.8	
5.7	15.5	-92.7	-292.0	
104.1	30.3	-100.1	-316.6	
-41.0	72.1	-73.0	-415.0	
-213.2	91.8	-65.6	-446.9	
-338.7	45.1	-68.1	-355.9	
-368.2	-16.4	-63.2	18.0	
-284.6	-21.4	-60.7	288.6	
-173.9	-46.0	-58.3	244.3	
-55.8	-28.7	-58.3	192.7	
47.5	3.2	-63.2	-50.9	
84.4	8.2	-63.2	-245.2	
86.9	-6.6	-43.5	-191.1	
-4.1	-4.1	-43.5	-112.4	
-36.1	-1.7	-41.0	-139.4	
-26.3	15.5	-43.5	84.4	
-80.4	32.8	-38.6	173.0	
-102.5	62.3	-48.4	168.1	
-95.2	50.0	-33.7	128.7	
-132.1	57.4	-36.1	13.1	
-14.0	42.6	-26.3	-63.2	
104.1	72.1	-23.8	-53.3	
244.3	47.5	-21.4	106.6	
362.4	32.8	-23.8	165.6	
495.2	8.2	-28.7	131.2	
455.9	3.2	-18.9	-6.6	
335.3	-4.1	-18.9	-68.1	
244.3	3.2	-26.3	-82.9	
109.0	-14.0	-11.5	-154.2	
133.6	-6.6	0.8	-112.4	
123.8	20.5	-11.5	-279.7	
121.3	20.5	-4.1	-412.5	
89.3	35.2	-4.1	-513.4	
8.2	86.9	-1.7	-692.9	
-75.5	101.6	13.1	-1032.4	
-80.4	99.2	25.4	-786.4	
-210.8	96.7	25.4	-464.2	
-336.2	113.9	22.9	-198.5	
-353.5	42.6	22.9	-85.3	
-395.3	22.9	15.5	138.5	
-341.2	59.8	20.5	421.4	
-262.4	-1.7	27.8	716.6	
-70.6	-1.7	32.8	920.8	
239.4	25.4	37.7	751.1	
497.7	37.7	37.7	1043.8	
628.1	32.8	52.4	992.2	
785.5	18.0	22.9	748.6	
719.1	-38.6	35.2	569.0	
537.1	-31.2	40.1	389.5	
406.7	-11.5	35.2	251.7	
276.3	-16.4	20.5	219.7	
40.1	-14.0	-26.3	168.1	
-181.3	25.4	-6.6	109.0	
-292.0	54.9	25.4	57.4	
-456.8	67.2	15.5	-9.1	
-464.2	96.7	22.9	-28.7	
-338.7	91.8	25.4	-1.7	
-331.3	89.3	22.9	47.5	
-196.0	32.8	22.9	40.1	
-28.7	3.2	18.0	-1.7	
-97.6	5.7	10.6	-53.3	
-127.1	37.7	8.2	-28.7	
-73.0	42.6	15.5	-58.3	
101.6	10.6	25.4	-41.0	
283.7	-18.9	3.2	-23.8	
404.2	-36.1	8.2	64.7	
345.2	-23.8	5.7	64.7	
305.8	-21.4	5.7	-68.1	
72.1	-9.1	18.0	-68.1	
62.3	22.9	35.2	-58.3	
-73.0	47.5	37.7	-60.7	
-63.2	57.4	25.4	-11.5	
-16.4	54.9	20.5	8.2	
-68.1	64.7	-1.7	13.1	
-171.4	52.4	15.5	8.2	
-328.9	57.4	3.2	74.6	
-341.2	50.0	-9.1	50.0	
-383.0	52.4	-16.4	47.5	
-351.0	54.9	0.8	3.2	
-326.4	74.6	8.2	-31.2	
-237.8	72.1	-1.7	-48.4	
-161.6	64.7	-14.0	-1.7	
-122.2	22.9	-41.0	8.2	
-23.8	10.6	-33.7	18.0	
-43.5	22.9	-48.4	-1.7	
-68.1	32.8	-70.6	-28.7	
-68.1	47.5	-75.5	-46.0	
52.4	45.1	-63.2	-16.4	
246.8	50.0	-63.2	-6.6	
332.9	40.1	-38.6	-18.9	
404.2	35.2	-23.8	-9.1	
391.9	32.8	40.1	0.8	
409.1	45.1	86.9	-9.1	
443.6	37.7	57.4	-4.1	
286.1	59.8	-6.6	-18.9	
106.6	54.9	-87.8	-18.9	
32.8	54.9	-237.8	-23.8	
-73.0	50.0	-272.3	-21.4	
-139.4	47.5	-262.4	-36.1	
-114.8	47.5	-262.4	-50.9	
-109.9	8.2	-223.1	-55.8	
-92.7	0.8	-139.4	-36.1	
-198.5	0.8	-141.9	-36.1	
-208.3	0.8	-117.3	-38.6	
-127.1	-4.1	-114.8	-41.0	
-97.6	18.0	-65.6	-50.9	
-31.2	40.1	-48.4	-50.9	
-18.9	25.4	-31.2	-41.0	
-4.1	30.3	-21.4	-26.3	
89.3	37.7	-23.8	-31.2	
192.7	50.0	-23.8	-68.1	
436.2	47.5	-58.3	-68.1	
583.8	40.1	-87.8	-58.3	
586.3	32.8	-114.8	-11.5	
492.8	20.5	-134.5	-23.8	
391.9	27.8	-124.7	3.2	
256.6	27.8	-105.0	22.9	
209.9	20.5	-97.6	35.2	
50.0	8.2	-77.9	10.6	
0.8	-14.0	-63.2	-55.8	
-1.7	-1.7	-48.4	-43.5	
-146.8	13.1	-77.9	-48.4	
-333.8	27.8	-65.6	-14.0	
-471.5	20.5	-63.2	82.0	
-493.7	25.4	-41.0	77.0	
-469.1	32.8	-43.5	77.0	
-493.7	30.3	-31.2	35.2	
-437.1	50.0	-31.2	-14.0	
-284.6	67.2	-11.5	-60.7	
-161.6	59.8	15.5	-50.9	
-46.0	77.0	27.8	25.4	
45.1	133.6	57.4	69.7	
143.5	163.1	86.9	50.0	
202.5	148.4	84.4	3.2	
254.2	111.5	62.3	-46.0	
352.6	32.8	54.9	-9.1	
478.0	0.8	0.8	32.8	
463.3	3.2	-6.6	59.8	
428.8	18.0	-28.7	45.1	
345.2	30.3	-23.8	52.4	
126.2	-23.8	-11.5	10.6	
-112.4	-75.5	-9.1	-36.1	
-198.5	-68.1	5.7	-80.4	
-198.5	-33.7	20.5	-161.6	
-203.4	-68.1	37.7	-178.8	
-87.8	-68.1	40.1	-144.4	
-65.6	-9.1	40.1	-218.2	
-55.8	10.6	47.5	-107.5	
-16.4	18.0	47.5	-68.1	
-11.5	74.6	52.4	10.6	
64.7	79.5	64.7	155.8	
158.2	57.4	52.4	377.2	
251.7	72.1	57.4	399.3	
355.0	22.9	64.7	276.3	
313.2	-68.1	67.2	209.9	
246.8	-36.1	69.7	99.2	
170.5	8.2	67.2	13.1	
197.6	40.1	59.8	40.1	
170.5	47.5	104.1	72.1	
291.1	18.0	148.4	62.3	
387.0	-1.7	173.0	13.1	
182.8	37.7	155.8	3.2	
15.5	8.2	128.7	27.8	
-336.2	8.2	84.4	57.4	
-483.8	35.2	25.4	106.6	
-402.7	69.7	-97.6	91.8	
-287.0	94.3	-127.1	86.9	
-191.1	89.3	-149.3	67.2	
-173.9	74.6	-124.7	96.7	
-196.0	72.1	-68.1	106.6	
-95.2	50.0	27.8	91.8	
-107.5	50.0	45.1	113.9	
-85.3	30.3	40.1	94.3	
74.6	-11.5	22.9	54.9	
99.2	-38.6	-9.1	77.0	
175.4	-31.2	-31.2	89.3	
224.6	-6.6	0.8	57.4	
268.9	-4.1	20.5	42.6	
372.2	22.9	52.4	22.9	
423.9	27.8	47.5	-21.4	
426.4	15.5	40.1	-31.2	
328.0	30.3	22.9	-41.0	
212.3	27.8	3.2	-28.7	
8.2	27.8	3.2	-55.8	
-237.8	22.9	3.2	-102.5	
-378.1	54.9	10.6	-107.5	
-373.1	32.8	30.3	-68.1	
-360.8	15.5	64.7	47.5	
-348.5	35.2	77.0	111.5	
-368.2	25.4	54.9	158.2	
-262.4	32.8	5.7	165.6	
-139.4	45.1	-60.7	82.0	
-70.6	47.5	-122.2	-1.7	
3.2	20.5	-122.2	-60.7	
22.9	32.8	-161.6	-144.4	
40.1	40.1	-210.8	-164.0	
99.2	37.7	-193.6	-90.2	
128.7	32.8	-154.2	-9.1	
190.2	35.2	-127.1	-14.0	
254.2	30.3	-114.8	-70.6	
303.4	22.9	-139.4	-28.7	
379.6	54.9	-139.4	10.6	
593.6	52.4	-134.5	77.0	
758.5	50.0	-109.9	82.0	
724.0	52.4	-102.5	8.2	
645.3	42.6	-107.5	5.7	
507.5	18.0	-107.5	5.7	
325.5	35.2	-127.1	-95.2	
77.0	42.6	-112.4	-112.4	
-97.6	35.2	-90.2	-134.5	
-301.8	35.2	-87.8	-220.6	
-407.6	20.5	-73.0	-102.5	
-486.3	22.9	-60.7	-43.5	
-520.7	18.0	-46.0	-85.3	
-481.4	-1.7	-31.2	-85.3	
-365.8	-9.1	-6.6	-58.3	
-299.3	-9.1	50.0	3.2	
-277.2	8.2	64.7	54.9	
-196.0	3.2	15.5	64.7	
-82.9	10.6	-26.3	57.4	
47.5	5.7	-50.9	-1.7	
136.1	-1.7	-63.2	-50.9	
155.8	10.6	-90.2	-60.7	
195.1	15.5	-107.5	-68.1	
214.8	37.7	-139.4	-100.1	
256.6	40.1	-65.6	-80.4	
367.3	45.1	18.0	-68.1	
367.3	42.6	37.7	-70.6	
291.1	27.8	-9.1	-58.3	
259.1	32.8	-46.0	-75.5	
138.5	50.0	-4.1	-119.8	
121.3	40.1	-11.5	-252.6	
25.4	3.2	-18.9	-323.9	
-164.0	13.1	-21.4	-355.9	
-237.8	-1.7	-16.4	-476.5	
-260.0	-4.1	-16.4	-700.3	
-247.7	-23.8	-21.4	-621.6	
-213.2	-16.4	-23.8	-82.9	
-154.2	-31.2	-23.8	296.0	
-146.8	-28.7	-14.0	293.5	
-87.8	-6.6	-4.1	136.1	
-33.7	32.8	5.7	261.5	
-28.7	30.3	13.1	411.6	
-68.1	37.7	35.2	596.1	
-55.8	22.9	37.7	551.8	
-48.4	20.5	109.0	298.4	
37.7	20.5	131.2	177.9	
153.3	13.1	158.2	168.1	
276.3	18.0	143.5	106.6	
414.1	18.0	141.0	96.7	
527.2	18.0	111.5	25.4	
546.9	5.7	72.1	-21.4	
492.8	-6.6	64.7	-18.9	
266.5	0.8	27.8	-43.5	
131.2	5.7	-14.0	-65.6	
170.5	5.7	13.1	-82.9	
187.7	3.2	74.6	-41.0	
25.4	-1.7	91.8	3.2	
-144.4	27.8	106.6	35.2	
-319.0	45.1	109.0	40.1	
-451.9	37.7	86.9	74.6	
-407.6	64.7	113.9	-18.9	
-289.5	62.3	109.0	-90.2	
-181.3	35.2	116.4	-41.0	
-232.9	-4.1	116.4	-122.2	
-321.5	10.6	116.4	-232.9	
-390.4	-9.1	109.0	-387.9	
-333.8	-26.3	101.6	-466.6	
-119.8	-23.8	109.0	-363.3	
-43.5	-26.3	101.6	-242.8	
-14.0	-6.6	106.6	-176.3	
86.9	-4.1	109.0	18.0	
246.8	-4.1	96.7	323.0	
374.7	-11.5	84.4	692.0	
421.4	15.5	86.9	574.0	
328.0	35.2	106.6	451.0	
241.9	30.3	96.7	283.7	
340.3	-1.7	79.5	244.3	
313.2	-1.7	64.7	266.5	
227.1	32.8	57.4	251.7	
143.5	32.8	50.0	222.2	
131.2	27.8	42.6	133.6	
59.8	3.2	30.3	84.4	
-46.0	20.5	40.1	30.3	
-149.3	8.2	57.4	-55.8	
-333.8	62.3	52.4	-196.0	
-260.0	86.9	50.0	-274.7	
-240.3	104.1	45.1	-299.3	
-156.7	50.0	22.9	-252.6	
-186.2	32.8	22.9	-181.3	
-245.2	-9.1	10.6	-156.7	
-346.1	-4.1	25.4	158.2	
-333.8	-11.5	45.1	190.2	
-255.1	-63.2	40.1	406.7	
-252.6	-68.1	25.4	59.8	
-119.8	-70.6	15.5	-18.9	
-127.1	-46.0	15.5	-41.0	
-102.5	-31.2	-16.4	67.2	
-6.6	-6.6	-41.0	141.0	
136.1	8.2	-63.2	175.4	
254.2	-1.7	-58.3	177.9	
313.2	18.0	-36.1	123.8	
379.6	30.3	-26.3	74.6	
384.5	15.5	-21.4	45.1	
340.3	15.5	-18.9	30.3	
384.5	15.5	-14.0	37.7	
453.4	25.4	-23.8	52.4	
396.8	13.1	-43.5	54.9	
209.9	-1.7	-63.2	84.4	
0.8	37.7	-75.5	77.0	
-169.0	54.9	-90.2	45.1	
-169.0	45.1	-68.1	5.7	
-274.7	67.2	-53.3	-23.8	
-299.3	52.4	-43.5	-16.4	
-338.7	64.7	-53.3	-31.2	
-392.8	121.3	-65.6	-38.6	
-429.7	113.9	-75.5	-33.7	
-375.6	111.5	-105.0	-31.2	
-269.8	126.2	-92.7	-53.3	
-119.8	145.9	-77.9	-97.6	
-33.7	89.3	-65.6	-75.5	
42.6	0.8	-55.8	-21.4	
123.8	-68.1	-60.7	-23.8	
205.0	-73.0	-33.7	-68.1	
362.4	-31.2	-28.7	-53.3	
537.1	-16.4	-26.3	3.2	
534.6	0.8	-33.7	-31.2	
443.6	-4.1	-36.1	-55.8	
278.8	8.2	-43.5	8.2	
57.4	15.5	-41.0	99.2	
-23.8	3.2	-28.7	145.9	
-28.7	5.7	-11.5	141.0	
-82.9	25.4	35.2	101.6	
-117.3	27.8	64.7	82.0	
-169.0	37.7	59.8	64.7	
-228.0	37.7	79.5	27.8	
-343.6	15.5	64.7	-16.4	
-328.9	27.8	20.5	-26.3	
-169.0	22.9	-28.7	-18.9	
-95.2	32.8	-85.3	-9.1	
-122.2	40.1	-77.9	-14.0	
-124.7	42.6	-46.0	-21.4	
-134.5	45.1	-38.6	-18.9	
-82.9	52.4	3.2	-11.5	
-48.4	64.7	37.7	-14.0	
72.1	79.5	50.0	10.6	
148.4	59.8	54.9	22.9	
158.2	47.5	52.4	50.0	
173.0	45.1	59.8	69.7	
266.5	27.8	57.4	42.6	
391.9	13.1	64.7	-41.0	
583.8	13.1	69.7	-90.2	
795.4	57.4	72.1	-161.6	
817.5	37.7	82.0	-161.6	
534.6	45.1	86.9	-181.3	
138.5	45.1	91.8	-109.9	
-262.4	69.7	101.6	5.7	
-606.8	89.3	101.6	340.3	
-626.5	54.9	106.6	433.7	
-761.8	47.5	111.5	288.6	
-847.9	-4.1	109.0	109.0	
-724.9	5.7	109.0	-4.1	
-569.9	35.2	99.2	-1.7	
-385.4	-4.1	106.6	35.2	
-341.2	-4.1	94.3	40.1	
-218.2	15.5	82.0	54.9	
-75.5	25.4	84.4	45.1	
37.7	15.5	84.4	22.9	
121.3	35.2	86.9	35.2	
158.2	30.3	57.4	126.2	
163.1	77.0	72.1	123.8	
158.2	25.4	72.1	-16.4	
160.7	-1.7	67.2	-336.2	
150.8	0.8	62.3	-629.0	
173.0	-48.4	72.1	-749.5	
175.4	-48.4	86.9	-761.8	
168.1	32.8	77.0	-850.4	
222.2	123.8	67.2	-724.9	
293.5	126.2	74.6	-296.9	
318.1	234.5	72.1	195.1	
352.6	278.8	77.0	524.8	
337.8	273.8	94.3	369.8	
293.5	209.9	96.7	495.2	
173.0	180.4	84.4	824.9	
91.8	86.9	79.5	507.5	
10.6	3.2	86.9	603.5	
-129.6	-112.4	94.3	451.0	
-173.9	-228.0	94.3	320.6	
-198.5	-392.8	91.8	281.2	
-274.7	-397.7	79.5	281.2	
-252.6	-262.4	82.0	224.6	
-269.8	-114.8	72.1	244.3	
-269.8	-80.4	74.6	177.9	
-230.5	-50.9	57.4	-6.6	
-188.6	5.7	62.3	-124.7	
-151.7	-6.6	47.5	-171.4	
-65.6	-23.8	45.1	-205.9	
-21.4	-33.7	35.2	-242.8	
40.1	-1.7	42.6	-240.3	
187.7	50.0	13.1	-247.7	
303.4	106.6	13.1	-510.9	
298.4	148.4	25.4	-572.4	
224.6	84.4	18.0	-572.4	
207.4	27.8	-4.1	-643.7	
173.0	-38.6	-9.1	-604.4	
249.2	-33.7	3.2	-114.8	
207.4	-28.7	8.2	209.9	
-31.2	-53.3	3.2	387.0	
-124.7	-16.4	10.6	815.0	
-323.9	-9.1	13.1	697.0	
-355.9	-11.5	-21.4	514.9	
-279.7	5.7	-43.5	431.3	
-193.6	-1.7	-33.7	613.3	
-309.2	-21.4	-63.2	436.2	
-277.2	-6.6	-65.6	256.6	
-277.2	-4.1	-58.3	175.4	
-183.7	8.2	-41.0	128.7	
-33.7	8.2	-50.9	72.1	
128.7	27.8	-48.4	84.4	
195.1	47.5	-33.7	59.8	
205.0	25.4	-28.7	20.5	
234.5	45.1	-28.7	-41.0	
443.6	27.8	-43.5	-77.9	
527.2	-18.9	-41.0	-75.5	
455.9	-41.0	-36.1	-36.1	
293.5	-4.1	-50.9	-11.5	
94.3	35.2	-48.4	-65.6	
-18.9	52.4	-55.8	-50.9	
-117.3	15.5	-41.0	-55.8	
-181.3	30.3	-31.2	-46.0	
-203.4	32.8	-11.5	-50.9	
-279.7	-4.1	-14.0	-55.8	
-383.0	-21.4	-18.9	-55.8	
-454.3	-41.0	0.8	-87.8	
-370.7	-80.4	5.7	-63.2	
-193.6	-65.6	18.0	-55.8	
-33.7	-60.7	8.2	-55.8	
121.3	-55.8	3.2	-38.6	
79.5	-63.2	5.7	-46.0	
123.8	-55.8	18.0	-43.5	
54.9	-28.7	8.2	-36.1	
40.1	-26.3	-4.1	-31.2	
42.6	-21.4	5.7	-6.6	
74.6	0.8	18.0	5.7	
303.4	-18.9	22.9	-1.7	
364.9	-16.4	40.1	0.8	
382.1	0.8	32.8	-6.6	
259.1	35.2	27.8	-14.0	
177.9	62.3	37.7	-1.7	
72.1	74.6	30.3	18.0	
5.7	74.6	22.9	32.8	
13.1	64.7	25.4	18.0	
-129.6	35.2	15.5	25.4	
-188.6	18.0	5.7	22.9	
-218.2	22.9	-11.5	-6.6	
-360.8	22.9	-1.7	-28.7	
-488.8	5.7	-1.7	50.0	
-432.2	0.8	-11.5	77.0	
-422.3	0.8	-11.5	54.9	
-456.8	-1.7	-14.0	45.1	
-449.4	-14.0	-1.7	10.6	
-328.9	5.7	-4.1	3.2	
-117.3	5.7	-16.4	-14.0	
145.9	-9.1	-23.8	-6.6	
340.3	0.8	-6.6	15.5	
480.5	-23.8	-16.4	67.2	
512.5	-6.6	-6.6	40.1	
458.3	3.2	-11.5	20.5	
320.6	22.9	-9.1	-53.3	
182.8	8.2	-4.1	-75.5	
91.8	5.7	5.7	-65.6	
-14.0	-21.4	-4.1	-87.8	
-100.1	-14.0	10.6	-65.6	
-277.2	-31.2	-9.1	-38.6	
-279.7	-9.1	0.8	-16.4	
-252.6	5.7	3.2	20.5	
-247.7	15.5	5.7	54.9	
-210.8	59.8	15.5	37.7	
-114.8	84.4	15.5	22.9	
-75.5	72.1	27.8	-68.1	
-55.8	18.0	13.1	-82.9	
-36.1	42.6	30.3	-48.4	
18.0	35.2	22.9	-18.9	
82.0	50.0	25.4	5.7	
89.3	47.5	52.4	-53.3	
82.0	3.2	52.4	-85.3	
96.7	18.0	67.2	-28.7	
212.3	8.2	50.0	-53.3	
310.7	-28.7	54.9	-92.7	
406.7	-50.9	77.0	-73.0	
490.3	-21.4	62.3	10.6	
485.4	-28.7	50.0	15.5	
369.8	-31.2	47.5	-16.4	
293.5	-50.9	42.6	-28.7	
91.8	-46.0	22.9	-36.1	
-149.3	8.2	59.8	-4.1	
-156.7	25.4	64.7	-16.4	
-70.6	25.4	22.9	-16.4	
-154.2	5.7	20.5	-36.1	
-250.1	8.2	-11.5	-53.3	
-272.3	5.7	-31.2	-36.1	
-351.0	45.1	-43.5	-43.5	
-314.1	35.2	-55.8	-38.6	
-215.7	40.1	-63.2	-53.3	
-173.9	64.7	-65.6	-53.3	
-129.6	57.4	-28.7	-28.7	
-41.0	52.4	-18.9	-1.7	
18.0	10.6	-28.7	-11.5	
82.0	5.7	-26.3	-58.3	
173.0	0.8	-11.5	-26.3	
310.7	-36.1	8.2	-9.1	
455.9	-65.6	35.2	-11.5	
586.3	-14.0	27.8	-18.9	
719.1	13.1	0.8	-11.5	
822.4	59.8	-11.5	-33.7	
746.2	42.6	-14.0	-11.5	
502.6	45.1	-46.0	-31.2	
153.3	62.3	-43.5	-48.4	
-141.9	0.8	-87.8	-33.7	
-410.0	45.1	-73.0	-46.0	
-754.4	86.9	-65.6	-48.4	
-931.6	27.8	-63.2	-28.7	
-921.7	5.7	-53.3	5.7	
-641.3	25.4	-33.7	22.9	
-528.1	-1.7	-16.4	-4.1	
-461.7	8.2	-16.4	-38.6	
-299.3	22.9	-31.2	-11.5	
-176.3	74.6	-33.7	-43.5	
-112.4	82.0	-31.2	-26.3	
-58.3	30.3	-41.0	-6.6	
5.7	3.2	-63.2	-36.1	
32.8	-21.4	-60.7	-43.5	
101.6	-21.4	-65.6	-26.3	
197.6	-28.7	-60.7	15.5	
342.7	-23.8	-53.3	96.7	
497.7	-9.1	-50.9	94.3	
537.1	0.8	-53.3	77.0	
657.6	13.1	-41.0	54.9	
753.5	18.0	-33.7	0.8	
704.3	30.3	-41.0	18.0	
519.8	27.8	-38.6	5.7	
175.4	35.2	-43.5	22.9	
-9.1	37.7	-28.7	-48.4	
-154.2	37.7	-28.7	-16.4	
-363.3	54.9	-16.4	-55.8	
-641.3	45.1	-14.0	-102.5	
-656.0	50.0	-21.4	-53.3	
-550.3	22.9	-16.4	-43.5	
-439.6	18.0	8.2	-9.1	
-326.4	13.1	-9.1	32.8	
-232.9	-14.0	-4.1	52.4	
-169.0	0.8	-4.1	77.0	
-60.7	-6.6	20.5	50.0	
-6.6	0.8	15.5	10.6	
47.5	3.2	-4.1	-4.1	
67.2	10.6	-31.2	-6.6	
64.7	20.5	-36.1	-21.4	
138.5	27.8	-9.1	-11.5	
209.9	32.8	-18.9	18.0	
350.1	35.2	-1.7	25.4	
453.4	32.8	0.8	89.3	
549.4	40.1	-1.7	32.8	
613.3	40.1	0.8	54.9	
672.4	25.4	8.2	131.2	
559.2	42.6	-4.1	84.4	
362.4	37.7	-11.5	42.6	
25.4	35.2	5.7	10.6	
-149.3	42.6	-18.9	-21.4	
-323.9	37.7	-4.1	-14.0	
-395.3	27.8	10.6	-16.4	
-434.6	20.5	-6.6	25.4	
-486.3	10.6	-18.9	20.5	
-535.5	3.2	-46.0	13.1	
-461.7	15.5	-21.4	25.4	
-392.8	35.2	-18.9	52.4	
-306.7	42.6	-16.4	99.2	
-232.9	45.1	-4.1	111.5	
-196.0	25.4	-9.1	111.5	
-112.4	35.2	3.2	91.8	
-9.1	27.8	-23.8	82.0	
-55.8	32.8	-4.1	69.7	
-36.1	20.5	10.6	57.4	
18.0	30.3	20.5	18.0	
82.0	15.5	20.5	22.9	
89.3	20.5	25.4	40.1	
82.0	25.4	27.8	52.4	
96.7	13.1	22.9	74.6	
212.3	0.8	32.8	77.0	
310.7	5.7	5.7	72.1	
406.7	30.3	0.8	84.4	
490.3	47.5	0.8	52.4	
485.4	47.5	18.0	40.1	
369.8	18.0	18.0	54.9	
293.5	-14.0	37.7	59.8	
91.8	-46.0	27.8	62.3	
-149.3	-48.4	15.5	-4.1	
-156.7	-48.4	-4.1	32.8	
-70.6	-46.0	3.2	5.7	
-154.2	-48.4	8.2	3.2	
-250.1	-18.9	13.1	25.4	
-272.3	5.7	0.8	15.5	
-351.0	-18.9	0.8	-4.1	
-314.1	-36.1	3.2	-41.0	
-215.7	-9.1	-4.1	-18.9	
-173.9	-23.8	-1.7	5.7	
-129.6	-28.7	-14.0	25.4	
-41.0	-36.1	-43.5	40.1	
18.0	-4.1	-48.4	20.5	
82.0	27.8	-48.4	8.2	
173.0	20.5	-50.9	-1.7	
310.7	25.4	-70.6	-16.4	
455.9	18.0	-73.0	-31.2	
586.3	-9.1	-58.3	-46.0	
719.1	-9.1	-28.7	-55.8	
822.4	-1.7	-31.2	-58.3	
746.2	15.5	-28.7	-58.3	
502.6	13.1	-23.8	-43.5	
153.3	40.1	-26.3	-46.0	
-141.9	20.5	-46.0	-33.7	
-410.0	15.5	-73.0	-33.7	
-754.4	18.0	-117.3	22.9	
-931.6	10.6	-159.1	45.1	
-921.7	-9.1	-151.7	22.9	
-641.3	13.1	-119.8	18.0	
-528.1	27.8	-122.2	-4.1	
-461.7	8.2	-102.5	-41.0	
-299.3	0.8	-73.0	-26.3	
-176.3	25.4	-53.3	-75.5	
-112.4	37.7	-75.5	-58.3	
-58.3	54.9	-82.9	-63.2	
5.7	13.1	-80.4	-65.6	
32.8	42.6	-95.2	-28.7	
101.6	91.8	-77.9	-4.1	
197.6	69.7	-73.0	-33.7	
342.7	91.8	-77.9	-14.0	
497.7	138.5	-68.1	20.5	
537.1	131.2	-58.3	37.7	
657.6	72.1	-53.3	-43.5	
753.5	62.3	-38.6	-100.1	
704.3	15.5	-41.0	-68.1	
519.8	-31.2	-28.7	-53.3	
175.4	-55.8	-31.2	-38.6	
-9.1	-60.7	-26.3	-33.7	
-154.2	-50.9	0.8	-23.8	
-363.3	-16.4	0.8	-21.4	
-641.3	-26.3	5.7	-28.7	
-656.0	-16.4	15.5	-36.1	
-550.3	0.8	20.5	-75.5	
-439.6	-4.1	32.8	-41.0	
-326.4	-1.7	47.5	-100.1	
-232.9	5.7	69.7	-129.6	
-169.0	-16.4	57.4	-53.3	
-60.7	-23.8	82.0	69.7	
-6.6	-26.3	77.0	192.7	
47.5	8.2	72.1	283.7	
67.2	8.2	62.3	173.0	
64.7	27.8	42.6	37.7	
138.5	30.3	27.8	15.5	
209.9	40.1	40.1	27.8	
350.1	18.0	22.9	47.5	
453.4	13.1	45.1	45.1	
549.4	5.7	67.2	72.1	
613.3	-4.1	64.7	54.9	
672.4	-1.7	27.8	52.4	
559.2	-11.5	22.9	50.0	
362.4	3.2	-9.1	67.2	
25.4	8.2	-11.5	84.4	
-149.3	27.8	8.2	101.6	
-323.9	10.6	-4.1	104.1	
-395.3	22.9	0.8	67.2	
-434.6	42.6	13.1	3.2	
-486.3	30.3	0.8	69.7	
-535.5	45.1	-11.5	42.6	
-461.7	13.1	-14.0	45.1	
-392.8	27.8	-21.4	59.8	
-306.7	8.2	-36.1	94.3	
-232.9	-4.1	-21.4	69.7	
-196.0	-14.0	-21.4	67.2	
-112.4	3.2	-21.4	62.3	
-9.1	-4.1	-41.0	57.4	
40.1	8.2	-48.4	52.4	
99.2	5.7	-41.0	47.5	
143.5	22.9	-38.6	54.9	
241.9	20.5	-43.5	77.0	
377.2	10.6	-41.0	101.6	
637.9	15.5	-53.3	69.7	
854.4	20.5	-63.2	54.9	
930.7	30.3	-73.0	42.6	
815.0	27.8	-102.5	30.3	
635.5	32.8	-105.0	40.1	
318.1	18.0	-132.1	59.8	
10.6	18.0	-119.8	72.1	
-385.4	-6.6	-95.2	74.6	
-656.0	-38.6	-77.9	67.2	
-734.8	-31.2	-95.2	74.6	
-759.4	-1.7	-82.9	45.1	
-779.0	0.8	-85.3	45.1	
-690.5	-6.6	-77.9	69.7	
-530.6	-14.0	-77.9	20.5	
-306.7	-1.7	-75.5	-18.9	
-114.8	-1.7	-58.3	37.7	
-23.8	22.9	-70.6	-65.6	
-14.0	40.1	-60.7	-41.0	
13.1	27.8	-70.6	-9.1	
30.3	50.0	-73.0	-60.7	
200.0	20.5	-63.2	-70.6	
264.0	35.2	-82.9	-60.7	
288.6	32.8	-82.9	-43.5	
303.4	8.2	-87.8	-75.5	
396.8	8.2	-90.2	-41.0	
682.2	25.4	-73.0	-6.6	
866.7	42.6	-53.3	20.5	
911.0	42.6	-38.6	54.9	
795.4	3.2	-26.3	59.8	
431.3	-31.2	-28.7	35.2	
111.5	-21.4	5.7	15.5	
-114.8	-16.4	22.9	-11.5	
-287.0	-21.4	35.2	-50.9	
-422.3	0.8	47.5	-65.6	
-506.0	-6.6	54.9	-77.9	
-774.1	-21.4	45.1	-48.4	
-788.9	-9.1	30.3	-1.7	
-629.0	-1.7	52.4	10.6	
-545.3	-23.8	72.1	52.4	
-528.1	-21.4	86.9	72.1	
-392.8	18.0	94.3	54.9	
-218.2	8.2	116.4	84.4	
-92.7	-18.9	131.2	8.2	
-33.7	-11.5	141.0	-26.3	
0.8	-4.1	160.7	-18.9	
62.3	-1.7	175.4	-38.6	
128.7	-4.1	148.4	-55.8	
254.2	-11.5	153.3	-33.7	
465.7	-4.1	128.7	-26.3	
642.8	3.2	104.1	-4.1	
704.3	8.2	82.0	45.1	
598.6	18.0	104.1	35.2	
436.2	20.5	69.7	45.1	
264.0	18.0	52.4	77.0	
104.1	22.9	32.8	96.7	
-50.9	5.7	50.0	94.3	
-272.3	-18.9	72.1	101.6	
-353.5	-18.9	86.9	82.0	
-390.4	-14.0	84.4	62.3	
-392.8	-26.3	113.9	52.4	
-360.8	-33.7	104.1	22.9	
-333.8	-38.6	82.0	18.0	
-272.3	-41.0	86.9	32.8	
-220.6	-26.3	62.3	50.0	
-137.0	-11.5	42.6	59.8	
-105.0	-1.7	45.1	74.6	
-28.7	-6.6	52.4	89.3	
-11.5	0.8	54.9	79.5	
84.4	-9.1	50.0	5.7	
69.7	0.8	64.7	30.3	
30.3	-1.7	64.7	89.3	
109.0	42.6	50.0	101.6	
160.7	42.6	40.1	86.9	
200.0	32.8	52.4	84.4	
168.1	30.3	52.4	57.4	
229.6	10.6	62.3	163.1	
241.9	-1.7	69.7	168.1	
268.9	-1.7	47.5	30.3	
364.9	-4.1	32.8	86.9	
399.3	-9.1	5.7	121.3	
357.5	22.9	0.8	113.9	
340.3	8.2	13.1	94.3	
145.9	-11.5	15.5	104.1	
-33.7	-9.1	32.8	77.0	
104.1	-6.6	-11.5	86.9	
118.9	-16.4	-11.5	77.0	
-65.6	-6.6	-26.3	69.7	
-321.5	-14.0	-9.1	52.4	
-410.0	-21.4	-90.2	32.8	
-540.4	-31.2	-70.6	45.1	
-474.0	-16.4	-18.9	27.8	
-373.1	-1.7	0.8	27.8	
-311.6	3.2	25.4	5.7	
-122.2	13.1	57.4	-48.4	
-85.3	-1.7	22.9	-21.4	
-53.3	5.7	10.6	0.8	
-4.1	-33.7	-18.9	-63.2	
57.4	-9.1	-43.5	-151.7	
123.8	-9.1	-31.2	-75.5	
273.8	-16.4	-60.7	82.0	
389.5	-6.6	-77.9	15.5	
455.9	15.5	-55.8	177.9	
446.0	-9.1	-58.3	123.8	
460.8	-11.5	-117.3	126.2	
507.5	5.7	-132.1	136.1	
453.4	22.9	-102.5	84.4	
256.6	27.8	-87.8	72.1	
-9.1	32.8	-70.6	3.2	
-193.6	22.9	-92.7	-46.0	
-331.3	18.0	-80.4	22.9	
-304.3	20.5	-65.6	99.2	
-338.7	27.8	-73.0	131.2	
-360.8	-1.7	-63.2	177.9	
-220.6	-1.7	-50.9	212.3	
-55.8	-4.1	-46.0	185.3	
13.1	5.7	-65.6	131.2	
-21.4	0.8	-53.3	131.2	
13.1	-6.6	-65.6	138.5	
-90.2	-9.1	-55.8	165.6	
-122.2	10.6	-60.7	145.9	
-159.1	30.3	-58.3	64.7	
-127.1	54.9	-58.3	13.1	
-77.9	27.8	-58.3	-50.9	
-28.7	13.1	-55.8	-85.3	
54.9	5.7	-53.3	-90.2	
109.0	-21.4	-53.3	-161.6	
158.2	-21.4	-38.6	-183.7	
214.8	-23.8	-43.5	-134.5	
298.4	-6.6	-38.6	-169.0	
423.9	20.5	-26.3	-102.5	
487.9	22.9	-16.4	3.2	
453.4	35.2	3.2	-46.0	
355.0	25.4	3.2	-132.1	
177.9	40.1	25.4	-225.5	
91.8	20.5	10.6	-119.8	
84.4	22.9	15.5	116.4	
131.2	20.5	27.8	15.5	
89.3	25.4	59.8	0.8	
45.1	20.5	54.9	30.3	
15.5	22.9	62.3	64.7	
35.2	27.8	74.6	79.5	
50.0	22.9	82.0	91.8	
37.7	10.6	82.0	91.8	
27.8	15.5	72.1	72.1	
-48.4	5.7	35.2	3.2	
-144.4	-9.1	5.7	-70.6	
-319.0	-9.1	8.2	-95.2	
-464.2	-16.4	5.7	-73.0	
-395.3	5.7	45.1	-43.5	
-351.0	13.1	74.6	-58.3	
-380.5	8.2	84.4	-36.1	
-314.1	18.0	96.7	-28.7	
-196.0	32.8	118.9	-21.4	
-105.0	59.8	111.5	13.1	
0.8	30.3	128.7	18.0	
59.8	18.0	136.1	-36.1	
116.4	22.9	143.5	-23.8	
185.3	27.8	150.8	47.5	
332.9	5.7	165.6	86.9	
505.1	-21.4	192.7	128.7	
618.2	-28.7	214.8	168.1	
736.3	3.2	236.9	163.1	
724.0	8.2	283.7	91.8	
554.3	-4.1	298.4	91.8	
337.8	0.8	310.7	47.5	
224.6	-1.7	288.6	10.6	
32.8	10.6	281.2	27.8	
-92.7	8.2	227.1	37.7	
-198.5	13.1	173.0	40.1	
-262.4	27.8	133.6	42.6	
-321.5	37.7	109.0	42.6	
-328.9	18.0	113.9	37.7	
-321.5	3.2	170.5	35.2	
-368.2	5.7	241.9	27.8	
-323.9	13.1	236.9	30.3	
-331.3	20.5	212.3	42.6	
-304.3	22.9	239.4	62.3	
-230.5	47.5	227.1	40.1	
-114.8	42.6	236.9	30.3	
-21.4	59.8	209.9	18.0	
20.5	64.7	187.7	42.6	
79.5	50.0	153.3	18.0	
99.2	62.3	126.2	-1.7	
138.5	52.4	62.3	-18.9	
168.1	57.4	35.2	-70.6	
209.9	54.9	-6.6	-11.5	
335.3	57.4	-31.2	25.4	
534.6	62.3	18.0	52.4	
554.3	62.3	54.9	82.0	
510.0	59.8	42.6	64.7	
374.7	64.7	54.9	79.5	
278.8	59.8	40.1	47.5	
141.0	69.7	57.4	18.0	
74.6	72.1	20.5	5.7	
-82.9	69.7	13.1	-28.7	
-205.9	82.0	-23.8	-75.5	
-203.4	94.3	-58.3	-53.3	
-218.2	67.2	-60.7	-11.5	
-176.3	82.0	-46.0	50.0	
-141.9	57.4	-60.7	47.5	
-119.8	79.5	-70.6	82.0	
-6.6	89.3	-82.9	86.9	
47.5	84.4	-92.7	153.3	
47.5	77.0	-95.2	96.7	
30.3	91.8	-109.9	-26.3	
3.2	116.4	-127.1	-161.6	
-1.7	106.6	-132.1	-225.5	
-14.0	79.5	-159.1	-213.2	
-36.1	96.7	-146.8	-181.3	
-55.8	89.3	-146.8	-149.3	
-60.7	94.3	-154.2	-141.9	
-46.0	106.6	-156.7	-176.3	
-58.3	106.6	-146.8	-105.0	
-87.8	99.2	-144.4	126.2	
-55.8	101.6	-139.4	236.9	
-16.4	86.9	-137.0	67.2	
-1.7	62.3	-129.6	-53.3	
3.2	82.0	-132.1	-161.6	
18.0	84.4	-127.1	-183.7	
74.6	77.0	-127.1	-151.7	
94.3	69.7	-119.8	-129.6	
111.5	77.0	-109.9	-58.3	
89.3	67.2	-117.3	-63.2	
59.8	64.7	-97.6	-23.8	
32.8	64.7	-95.2	118.9	
20.5	77.0	-70.6	276.3	
3.2	64.7	-60.7	372.2	
8.2	57.4	-55.8	254.2	
22.9	59.8	-26.3	153.3	
30.3	67.2	-21.4	104.1	
27.8	82.0	-18.9	96.7	
27.8	77.0	-21.4	96.7	
15.5	79.5	-6.6	54.9	
-11.5	74.6	0.8	64.7	
-33.7	62.3	-11.5	-18.9	
-31.2	64.7	-18.9	-213.2	
-14.0	82.0	-16.4	-370.7	
-6.6	91.8	-1.7	-569.9	
-11.5	84.4	13.1	-798.7	
-36.1	69.7	42.6	-1025.0	
-50.9	94.3	69.7	-911.9	
-70.6	113.9	69.7	-601.9	
-68.1	101.6	82.0	-137.0	
-9.1	94.3	106.6	241.9	
-23.8	91.8	104.1	136.1	
-60.7	101.6	111.5	-16.4	
-23.8	86.9	104.1	123.8	
13.1	74.6	106.6	234.5	
32.8	106.6	121.3	283.7	
57.4	79.5	121.3	377.2	
99.2	94.3	150.8	495.2	
121.3	106.6	133.6	500.2	
143.5	148.4	136.1	640.4	
99.2	170.5	163.1	610.9	
42.6	163.1	163.1	236.9	
50.0	155.8	160.7	-41.0	
35.2	123.8	163.1	-4.1	
-36.1	45.1	155.8	-137.0	
-77.9	35.2	143.5	-272.3	
-75.5	-85.3	145.9	-200.9	
-70.6	-102.5	128.7	-95.2	
-92.7	-33.7	136.1	-210.8	
-68.1	0.8	153.3	-375.6	
-50.9	-26.3	153.3	-387.9	
-33.7	-65.6	145.9	-132.1	
-26.3	-60.7	121.3	165.6	
-33.7	-14.0	123.8	160.7	
-41.0	-9.1	104.1	109.0	
-102.5	-18.9	121.3	96.7	
-75.5	-100.1	113.9	232.0	
-43.5	-107.5	99.2	197.6	
-23.8	-92.7	121.3	104.1	
-41.0	-50.9	133.6	67.2	
-80.4	-14.0	131.2	-9.1	
-58.3	0.8	138.5	-63.2	
-58.3	-14.0	126.2	-97.6	
-60.7	13.1	126.2	-122.2	
-77.9	15.5	131.2	-119.8	
-65.6	67.2	148.4	-112.4	
-82.9	106.6	141.0	-129.6	
-102.5	86.9	133.6	-117.3	
-109.9	79.5	155.8	-149.3	
-70.6	64.7	141.0	-112.4	
-55.8	64.7	116.4	-127.1	
-63.2	74.6	113.9	-139.4	
-48.4	64.7	133.6	-151.7	
-48.4	-1.7	94.3	-141.9	
-46.0	-87.8	113.9	-149.3	
-21.4	-137.0	109.0	-149.3	
-16.4	-127.1	104.1	-149.3	
-16.4	-70.6	101.6	-159.1	
-21.4	-18.9	94.3	-134.5	
-26.3	-53.3	79.5	-134.5	
-23.8	-36.1	84.4	-129.6	
-11.5	15.5	96.7	-137.0	
-14.0	40.1	106.6	-117.3	
-9.1	47.5	101.6	-122.2	
-1.7	59.8	77.0	-132.1	
-6.6	35.2	89.3	-119.8	
-1.7	82.0	74.6	-129.6	
-4.1	111.5	62.3	-117.3	
-1.7	113.9	69.7	-127.1	
-11.5	59.8	67.2	-95.2	
-14.0	42.6	59.8	-80.4	
-16.4	15.5	50.0	-65.6	
-23.8	72.1	47.5	-70.6	
-6.6	109.0	32.8	-82.9	
-16.4	126.2	22.9	-97.6	
-18.9	74.6	25.4	-58.3	
-23.8	77.0	18.0	-109.9	
-31.2	101.6	15.5	-73.0	
-31.2	222.2	5.7	-48.4	
-23.8	276.3	18.0	-23.8	
-31.2	288.6	20.5	-9.1	
-28.7	168.1	35.2	13.1	
-31.2	59.8	20.5	-6.6	
-38.6	32.8	32.8	-41.0	
-41.0	20.5	42.6	15.5	
-31.2	-41.0	42.6	-16.4	
-23.8	-141.9	45.1	-1.7	
-43.5	-200.9	35.2	20.5	
-31.2	-319.0	25.4	-4.1	
-26.3	-427.3	50.0	-16.4	
-41.0	-355.9	52.4	-21.4	
-33.7	-287.0	45.1	-6.6	
-23.8	-262.4	35.2	5.7	
-23.8	-178.8	25.4	20.5	
-31.2	-82.9	45.1	35.2	
-50.9	-68.1	62.3	35.2	
-48.4	-134.5	64.7	50.0	
-18.9	-114.8	69.7	77.0	
-36.1	-73.0	86.9	64.7	
-38.6	-38.6	77.0	64.7	
-11.5	0.8	69.7	62.3	
-6.6	50.0	79.5	59.8	
-9.1	47.5	123.8	69.7	
-9.1	62.3	118.9	99.2	
-28.7	25.4	141.0	111.5	
-33.7	8.2	138.5	118.9	
-53.3	-48.4	133.6	96.7	
-92.7	-48.4	158.2	84.4	
-112.4	-38.6	170.5	79.5	
-114.8	-41.0	197.6	57.4	
-97.6	-36.1	209.9	45.1	
-82.9	-80.4	207.4	104.1	
-82.9	-58.3	229.6	94.3	
-75.5	-31.2	246.8	79.5	
-55.8	10.6	254.2	52.4	
-46.0	13.1	239.4	42.6	
-21.4	18.0	268.9	35.2	
-6.6	37.7	293.5	59.8	
-1.7	35.2	296.0	57.4	
3.2	27.8	308.3	20.5	
-9.1	5.7	305.8	32.8	
-16.4	20.5	300.9	59.8	
-46.0	5.7	296.0	79.5	
-85.3	-14.0	296.0	62.3	
-117.3	-1.7	278.8	64.7	
-105.0	5.7	266.5	72.1	
-46.0	-1.7	232.0	67.2	
-23.8	-16.4	200.0	45.1	
-6.6	-14.0	150.8	25.4	
25.4	-16.4	143.5	20.5	
37.7	-6.6	131.2	52.4	
3.2	-9.1	109.0	54.9	
-31.2	5.7	96.7	47.5	
-48.4	13.1	77.0	40.1	
-82.9	15.5	50.0	27.8	
-112.4	25.4	42.6	-1.7	
-124.7	18.0	37.7	20.5	
-102.5	42.6	15.5	42.6	
-73.0	22.9	-6.6	79.5	
-75.5	22.9	-26.3	82.0	
-87.8	18.0	-31.2	64.7	
-87.8	18.0	-48.4	67.2	
-90.2	22.9	-63.2	57.4	
-90.2	20.5	-73.0	72.1	
-92.7	32.8	-82.9	69.7	
-109.9	69.7	-90.2	106.6	
-73.0	45.1	-87.8	99.2	
-65.6	27.8	-95.2	109.0	
-50.9	37.7	-87.8	64.7	
-50.9	22.9	-102.5	82.0	
-65.6	0.8	-105.0	104.1	
-60.7	-9.1	-117.3	79.5	
-36.1	10.6	-117.3	59.8	
-43.5	22.9	-117.3	69.7	
-65.6	22.9	-112.4	91.8	
-50.9	37.7	-112.4	104.1	
-38.6	30.3	-112.4	79.5	
-18.9	15.5	-114.8	50.0	
-21.4	18.0	-112.4	27.8	
-23.8	18.0	-112.4	20.5	
-28.7	10.6	-105.0	20.5	
-26.3	37.7	-114.8	18.0	
-23.8	47.5	-119.8	-26.3	
-16.4	25.4	-92.7	-38.6	
-6.6	20.5	-102.5	-11.5	
0.8	25.4	-97.6	-18.9	
18.0	8.2	-77.9	-23.8	
54.9	20.5	-70.6	-6.6	
54.9	0.8	-63.2	-28.7	
45.1	-14.0	-63.2	-18.9	
15.5	-21.4	-73.0	-36.1	
-16.4	25.4	-65.6	-46.0	
-38.6	57.4	-60.7	-36.1	
-75.5	40.1	-43.5	-23.8	
-87.8	40.1	-48.4	-38.6	
-87.8	13.1	-43.5	-38.6	
-122.2	40.1	-31.2	-28.7	
-137.0	20.5	-36.1	-26.3	
-87.8	8.2	-28.7	-60.7	
-53.3	-9.1	-21.4	-43.5	
-23.8	-43.5	-18.9	-18.9	
0.8	-58.3	-18.9	-4.1	
20.5	-70.6	-38.6	18.0	
50.0	-14.0	-43.5	22.9	
59.8	69.7	-33.7	0.8	
74.6	121.3	-36.1	-48.4	
67.2	148.4	-31.2	-50.9	
59.8	126.2	-43.5	-21.4	
18.0	72.1	-43.5	-14.0	
-23.8	35.2	-41.0	5.7	
-90.2	20.5	-26.3	-1.7	
-117.3	-31.2	-31.2	27.8	
-112.4	-55.8	-21.4	45.1	
-65.6	-53.3	-16.4	37.7	
-26.3	-55.8	-4.1	30.3	
-53.3	0.8	15.5	35.2	
-87.8	79.5	25.4	47.5	
-95.2	136.1	25.4	45.1	
-77.9	118.9	25.4	37.7	
-75.5	99.2	30.3	30.3	
-124.7	32.8	27.8	42.6	
-102.5	-11.5	20.5	45.1	
-65.6	-33.7	15.5	40.1	
-28.7	-18.9	32.8	35.2	
18.0	-41.0	35.2	62.3	
47.5	-73.0	30.3	77.0	
69.7	-50.9	52.4	3.2	
50.0	20.5	35.2	-14.0	
69.7	15.5	45.1	-1.7	
45.1	18.0	47.5	0.8	
45.1	35.2	57.4	32.8	
50.0	42.6	47.5	35.2	
-36.1	45.1	50.0	52.4	
-149.3	54.9	62.3	47.5	
-166.5	64.7	54.9	54.9	
-149.3	82.0	67.2	47.5	
-127.1	89.3	59.8	62.3	
-156.7	91.8	67.2	47.5	
-191.1	104.1	64.7	57.4	
-205.9	96.7	77.0	59.8	
-218.2	62.3	77.0	57.4	
-223.1	37.7	62.3	42.6	
-228.0	20.5	69.7	47.5	
-215.7	-23.8	69.7	40.1	
-196.0	-46.0	69.7	25.4	
-161.6	-38.6	54.9	37.7	
-156.7	-23.8	40.1	25.4	
-151.7	-50.9	47.5	13.1	
-149.3	-80.4	50.0	-6.6	
-141.9	-48.4	52.4	-4.1	
-132.1	-58.3	52.4	8.2	
-129.6	-23.8	42.6	-14.0	
-112.4	-9.1	42.6	0.8	
-97.6	10.6	27.8	10.6	
-53.3	32.8	37.7	-4.1	
-38.6	20.5	30.3	18.0	
-9.1	20.5	25.4	-1.7	
-6.6	32.8	22.9	-6.6	
-23.8	35.2	25.4	13.1	
-41.0	45.1	22.9	27.8	
-82.9	69.7	15.5	10.6	
-105.0	96.7	13.1	0.8	
-102.5	94.3	-1.7	-6.6	
-100.1	94.3	-1.7	15.5	
-109.9	89.3	0.8	-9.1	
-107.5	64.7	5.7	3.2	
-95.2	47.5	-4.1	18.0	
-87.8	64.7	-1.7	25.4	
-85.3	15.5	-18.9	18.0	
-92.7	-9.1	-21.4	32.8	
-87.8	-43.5	-16.4	18.0	
-77.9	-23.8	-18.9	3.2	
-90.2	-38.6	-31.2	-4.1	
-87.8	0.8	-28.7	-9.1	
-73.0	32.8	-41.0	3.2	
-75.5	69.7	-53.3	-4.1	
-50.9	74.6	-50.9	-9.1	
-16.4	59.8	-48.4	-9.1	
30.3	30.3	-65.6	-14.0	
47.5	-9.1	-65.6	-4.1	
32.8	-38.6	-60.7	13.1	
15.5	-50.9	-46.0	22.9	
-4.1	-18.9	-58.3	-6.6	
-48.4	-4.1	-63.2	-1.7	
-87.8	-9.1	-68.1	-1.7	
-129.6	27.8	-58.3	0.8	
-141.9	37.7	-58.3	18.0	
-146.8	20.5	-55.8	-26.3	
-151.7	35.2	-60.7	0.8	
-139.4	62.3	-60.7	18.0	
-107.5	37.7	-65.6	35.2	
-87.8	47.5	-75.5	-1.7	
-60.7	69.7	-90.2	15.5	
-68.1	69.7	-68.1	10.6	
-50.9	69.7	-68.1	3.2	
-53.3	72.1	-75.5	30.3	
-31.2	57.4	-70.6	27.8	
-26.3	64.7	-80.4	0.8	
-26.3	64.7	-77.9	-9.1	
-26.3	35.2	-85.3	-31.2	
-31.2	37.7	-87.8	-36.1	
-23.8	32.8	-77.9	-6.6	
-14.0	25.4	-80.4	30.3	
-14.0	40.1	-87.8	22.9	
-26.3	30.3	-102.5	25.4	
-31.2	-14.0	-107.5	18.0	
-36.1	13.1	-95.2	3.2	
-43.5	8.2	-87.8	50.0	
-23.8	22.9	-80.4	45.1	
-6.6	50.0	-80.4	25.4	
-9.1	62.3	-85.3	40.1	
-14.0	22.9	-82.9	40.1	
-11.5	22.9	-82.9	37.7	
0.8	35.2	-95.2	42.6	
-16.4	64.7	-107.5	22.9	
-21.4	77.0	-97.6	5.7	
-11.5	104.1	-95.2	47.5	
-38.6	59.8	-90.2	42.6	
-46.0	0.8	-90.2	50.0	
-65.6	0.8	-100.1	54.9	
-75.5	-4.1	-112.4	50.0	
-80.4	5.7	-112.4	52.4	
-68.1	15.5	-90.2	54.9	
-58.3	-6.6	-100.1	54.9	
-38.6	-28.7	-95.2	54.9	
-26.3	-23.8	-105.0	37.7	
-23.8	37.7	-97.6	27.8	
-1.7	47.5	-100.1	57.4	
8.2	59.8	-100.1	54.9	
10.6	106.6	-90.2	50.0	
0.8	113.9	-85.3	40.1	
5.7	141.0	-90.2	32.8	
25.4	145.9	-87.8	45.1	
13.1	126.2	-80.4	37.7	
8.2	106.6	-73.0	45.1	
-33.7	42.6	-77.9	50.0	
-70.6	79.5	-65.6	47.5	
-109.9	84.4	-63.2	45.1	
-132.1	74.6	-63.2	52.4	
-114.8	72.1	-48.4	42.6	
-114.8	25.4	-46.0	47.5	
-119.8	-16.4	-43.5	40.1	
-75.5	0.8	-38.6	57.4	
-65.6	25.4	-41.0	62.3	
-41.0	27.8	-31.2	50.0	
-46.0	59.8	-21.4	57.4	
-55.8	96.7	-14.0	59.8	
-41.0	121.3	-21.4	47.5	
-41.0	128.7	-14.0	47.5	
-31.2	121.3	-23.8	32.8	
-33.7	160.7	-11.5	18.0	
-33.7	148.4	-4.1	32.8	
-38.6	126.2	3.2	45.1	
-16.4	42.6	0.8	52.4	
13.1	67.2	3.2	42.6	
30.3	111.5	18.0	54.9	
37.7	15.5	5.7	50.0	
86.9	-60.7	15.5	32.8	
123.8	-156.7	15.5	37.7	
101.6	-122.2	22.9	35.2	
64.7	-63.2	20.5	52.4	
8.2	5.7	27.8	57.4	
18.0	42.6	25.4	42.6	
13.1	10.6	20.5	27.8	
-1.7	-21.4	25.4	18.0	
0.8	10.6	27.8	69.7	
10.6	74.6	27.8	74.6	
-58.3	84.4	25.4	57.4	
-105.0	69.7	30.3	37.7	
-149.3	52.4	42.6	30.3	
-173.9	20.5	22.9	3.2	
-161.6	-18.9	32.8	30.3	
-173.9	0.8	22.9	18.0	
-154.2	40.1	32.8	52.4	
-134.5	57.4	35.2	82.0	
-97.6	59.8	37.7	89.3	
-77.9	59.8	37.7	50.0	
-68.1	62.3	40.1	50.0	
-58.3	54.9	30.3	30.3	
-63.2	62.3	37.7	86.9	
-28.7	52.4	42.6	69.7	
-26.3	52.4	45.1	69.7	
-23.8	50.0	45.1	69.7	
-26.3	57.4	52.4	45.1	
-26.3	67.2	62.3	42.6	
-23.8	59.8	50.0	45.1	
-21.4	59.8	40.1	22.9	
-11.5	59.8	50.0	-11.5	
-4.1	57.4	47.5	3.2	
-1.7	54.9	40.1	10.6	
13.1	69.7	37.7	15.5	
54.9	77.0	40.1	32.8	
67.2	82.0	42.6	22.9	
62.3	74.6	47.5	20.5	
67.2	59.8	42.6	8.2	
35.2	40.1	40.1	15.5	
37.7	50.0	42.6	20.5	
-1.7	62.3	45.1	8.2	
-36.1	57.4	37.7	20.5	
-46.0	59.8	40.1	15.5	
-68.1	59.8	30.3	13.1	
-102.5	54.9	25.4	-9.1	
-100.1	64.7	40.1	-18.9	
-95.2	52.4	40.1	-11.5	
-102.5	57.4	35.2	25.4	
-90.2	47.5	32.8	20.5	
-82.9	50.0	27.8	13.1	
-82.9	50.0	27.8	-6.6	
-68.1	40.1	18.0	8.2	
-68.1	42.6	13.1	8.2	
-50.9	50.0	18.0	8.2	
-41.0	62.3	15.5	-1.7	
-36.1	54.9	18.0	-9.1	
-41.0	52.4	0.8	0.8	
-41.0	52.4	-1.7	-9.1	
-50.9	69.7	-14.0	-4.1	
-26.3	45.1	-18.9	-4.1	
-36.1	62.3	-14.0	-16.4	
-16.4	57.4	-16.4	-23.8	
-26.3	62.3	-16.4	-31.2	
-23.8	77.0	-11.5	-23.8	
-26.3	79.5	-21.4	-28.7	
-16.4	94.3	-18.9	-9.1	
-11.5	106.6	-36.1	-18.9	
-21.4	64.7	-23.8	-31.2	
-31.2	69.7	-26.3	-38.6	
-28.7	74.6	-18.9	-1.7	
-38.6	79.5	-31.2	-4.1	
-28.7	64.7	-28.7	-1.7	
-23.8	64.7	-31.2	-6.6	
-11.5	59.8	-36.1	-16.4	
-14.0	52.4	-36.1	-1.7	
-11.5	40.1	-43.5	5.7	
5.7	59.8	-41.0	-11.5	
-11.5	62.3	-28.7	-21.4	
-26.3	57.4	-26.3	-23.8	
-28.7	54.9	-38.6	-18.9	
-46.0	62.3	-41.0	5.7	
-38.6	54.9	-46.0	15.5	
-31.2	42.6	-41.0	10.6	
-26.3	54.9	-41.0	-6.6	
-28.7	42.6	-33.7	8.2	
-31.2	52.4	-41.0	-1.7	
-31.2	47.5	-28.7	-6.6	
-36.1	47.5	-31.2	0.8	
-41.0	45.1	-31.2	20.5	
-26.3	54.9	-38.6	27.8	
-41.0	59.8	-36.1	8.2	
-38.6	54.9	-33.7	5.7	
-31.2	47.5	-46.0	-26.3	
-38.6	50.0	-41.0	-9.1	
-26.3	47.5	-36.1	13.1	
-33.7	45.1	-36.1	47.5	
-33.7	57.4	-33.7	30.3	
-33.7	50.0	-33.7	32.8	
-41.0	50.0	-41.0	13.1	
-36.1	45.1	-58.3	13.1	
-38.6	27.8	-36.1	10.6	
-31.2	22.9	-36.1	3.2	
-43.5	45.1	-31.2	8.2	
-46.0	59.8	-26.3	-4.1	
-36.1	64.7	-38.6	15.5	
-33.7	37.7	-33.7	25.4	
-28.7	30.3	-36.1	-16.4	
-18.9	22.9	-28.7	-18.9	
-31.2	20.5	-28.7	-33.7	
-36.1	13.1	-16.4	-11.5	
-38.6	25.4	-23.8	0.8	
-36.1	30.3	-14.0	-16.4	
-50.9	42.6	-23.8	15.5	
-55.8	62.3	-16.4	5.7	
-53.3	74.6	0.8	-1.7	
-65.6	131.2	-18.9	-9.1	
-63.2	158.2	-6.6	15.5	
-70.6	158.2	-14.0	32.8	
-73.0	182.8	-9.1	25.4	
-65.6	143.5	-16.4	-4.1	
-46.0	96.7	-11.5	-1.7	
-46.0	62.3	-11.5	0.8	
-26.3	5.7	-9.1	0.8	
-23.8	-77.9	-9.1	-6.6	
-41.0	-117.3	-18.9	0.8	
-53.3	-85.3	-16.4	-9.1	
-53.3	-21.4	-11.5	0.8	
-60.7	27.8	0.8	-4.1	
-68.1	113.9	-21.4	10.6	
-73.0	138.5	-28.7	-1.7	
-80.4	121.3	-16.4	0.8	
-82.9	69.7	-23.8	0.8	
-87.8	52.4	-28.7	-1.7	
-97.6	25.4	-28.7	0.8	
-77.9	-58.3	-31.2	3.2	
-65.6	-70.6	-31.2	-1.7	
-63.2	-38.6	-33.7	-6.6	
-77.9	20.5	-33.7	-6.6	
-68.1	89.3	-33.7	-4.1	
-63.2	59.8	-28.7	-14.0	
-65.6	35.2	-18.9	3.2	
-68.1	47.5	-6.6	-1.7	
-68.1	101.6	-16.4	-18.9	
-60.7	111.5	-14.0	-33.7	
-53.3	82.0	-14.0	-28.7	
-63.2	-48.4	-23.8	-1.7	
-50.9	-70.6	-9.1	-26.3	
-48.4	-1.7	-9.1	-28.7	
-48.4	32.8	0.8	-23.8	
-55.8	40.1	-16.4	-9.1	
-55.8	15.5	-26.3	-23.8	
-60.7	-9.1	-14.0	-14.0	
-65.6	-21.4	-23.8	-14.0	
-48.4	18.0	-21.4	-48.4	
-68.1	40.1	-18.9	-11.5	
-60.7	79.5	0.8	-26.3	
-63.2	40.1	-1.7	-16.4	
-70.6	35.2	-1.7	-9.1	
-77.9	62.3	5.7	-26.3	
-63.2	64.7	8.2	-36.1	
-63.2	52.4	0.8	-33.7	
-60.7	77.0	8.2	-11.5	
-65.6	64.7	10.6	-4.1	
-73.0	59.8	3.2	-11.5	
-63.2	64.7	5.7	3.2	
-77.9	50.0	5.7	-9.1	
-68.1	47.5	8.2	3.2	
-80.4	40.1	3.2	8.2	
-75.5	72.1	-1.7	-16.4	
-63.2	82.0	18.0	18.0	
-50.9	94.3	3.2	18.0	
-60.7	84.4	8.2	-9.1	
-48.4	111.5	-9.1	-18.9	
-58.3	84.4	8.2	-6.6	
-70.6	86.9	8.2	5.7	
-87.8	82.0	-1.7	3.2	
-122.2	69.7	-6.6	-4.1	
-137.0	67.2	10.6	-14.0	
-161.6	32.8	5.7	-11.5	
-186.2	37.7	8.2	-1.7	
-225.5	35.2	5.7	-1.7	
-230.5	57.4	8.2	-1.7	
-218.2	74.6	10.6	0.8	
-218.2	45.1	0.8	-6.6	
-218.2	32.8	0.8	0.8	
-235.4	52.4	18.0	-6.6	
-245.2	54.9	27.8	3.2	
-240.3	67.2	25.4	3.2	
-250.1	67.2	8.2	-6.6	
-240.3	67.2	22.9	8.2	
-235.4	64.7	40.1	10.6	
-230.5	72.1	32.8	-1.7	
-242.8	82.0	35.2	-11.5	
-223.1	74.6	35.2	0.8	
-228.0	59.8	45.1	3.2	
-213.2	64.7	45.1	13.1	
-183.7	67.2	42.6	27.8	
-156.7	84.4	37.7	35.2	
-117.3	79.5	27.8	27.8	
-95.2	74.6	30.3	40.1	
-70.6	82.0	30.3	3.2	
-68.1	69.7	22.9	10.6	
-82.9	72.1	10.6	22.9	
-100.1	59.8	3.2	15.5	
-149.3	50.0	20.5	25.4	
-186.2	52.4	20.5	27.8	
-230.5	50.0	22.9	37.7	
-223.1	42.6	27.8	32.8	
-218.2	54.9	30.3	37.7	
-196.0	52.4	35.2	45.1	
-196.0	62.3	22.9	37.7	
-205.9	50.0	25.4	57.4	
-156.7	47.5	27.8	54.9	
-114.8	45.1	20.5	47.5	
-82.9	54.9	22.9	47.5	
-55.8	50.0	8.2	59.8	
-55.8	57.4	-16.4	67.2	
-63.2	54.9	-33.7	64.7	
-63.2	42.6	-14.0	77.0	
-77.9	42.6	-11.5	99.2	
-85.3	40.1	-23.8	67.2	
-82.9	45.1	-31.2	64.7	
-68.1	37.7	-21.4	59.8	
-65.6	54.9	-9.1	64.7	
-50.9	37.7	-26.3	52.4	
-50.9	35.2	-36.1	54.9	
-28.7	40.1	-28.7	50.0	
-48.4	27.8	-16.4	47.5	
-38.6	32.8	-18.9	47.5	
-53.3	32.8	-14.0	57.4	
-38.6	40.1	0.8	27.8	
-50.9	27.8	-21.4	20.5	
-43.5	45.1	0.8	22.9	
-46.0	40.1	-14.0	3.2	
-50.9	35.2	-36.1	-1.7	
-55.8	45.1	-33.7	-6.6	
-60.7	47.5	-11.5	-28.7	
-65.6	35.2	-1.7	-14.0	
-68.1	40.1	8.2	-26.3	
-77.9	35.2	27.8	-41.0	
-80.4	40.1	32.8	-28.7	
-92.7	40.1	37.7	-11.5	
-92.7	42.6	5.7	-18.9	
-95.2	45.1	-26.3	-6.6	
-95.2	42.6	-23.8	0.8	
-95.2	50.0	-65.6	-9.1	
-85.3	50.0	-55.8	-11.5	
-85.3	47.5	-53.3	-4.1	
-80.4	54.9	-80.4	3.2	
-82.9	37.7	-97.6	-6.6	
-60.7	35.2	-95.2	-16.4	
-55.8	40.1	-97.6	-11.5	
-60.7	30.3	-119.8	-16.4	
-60.7	40.1	-97.6	-11.5	
-53.3	45.1	-105.0	0.8	
-55.8	40.1	-109.9	-4.1	
-41.0	45.1	-97.6	3.2	
-36.1	30.3	-85.3	-1.7	
-48.4	45.1	-80.4	-26.3	
-46.0	50.0	-77.9	10.6	
-48.4	54.9	-65.6	-33.7	
-60.7	47.5	-82.9	-1.7	
-60.7	52.4	-82.9	-9.1	
-55.8	47.5	-87.8	-26.3	
-65.6	42.6	-73.0	-23.8	
-92.7	77.0	-58.3	-26.3	
-97.6	62.3	-50.9	-23.8	
-117.3	52.4	-60.7	-18.9	
-107.5	52.4	-43.5	-31.2	
-109.9	62.3	-43.5	-18.9	
-105.0	59.8	-53.3	-26.3	
-112.4	54.9	-48.4	-21.4	
-124.7	52.4	-28.7	-26.3	
-127.1	57.4	-46.0	-33.7	
-146.8	62.3	-50.9	-31.2	
-146.8	52.4	-53.3	-23.8	
-161.6	42.6	-48.4	-26.3	
-139.4	42.6	-63.2	-26.3	
-107.5	42.6	-60.7	-14.0	
-75.5	45.1	-60.7	-9.1	
-50.9	57.4	-50.9	-9.1	
-41.0	45.1	-53.3	-21.4	
-1.7	47.5	-55.8	-23.8	
18.0	37.7	-43.5	-26.3	
47.5	42.6	-41.0	-14.0	
72.1	50.0	-33.7	-16.4	
106.6	50.0	-23.8	-14.0	
158.2	45.1	-26.3	-23.8	
192.7	45.1	-41.0	-41.0	
212.3	42.6	-18.9	-14.0	
224.6	47.5	-11.5	-16.4	
202.5	45.1	8.2	-16.4	
160.7	42.6	-6.6	-28.7	
113.9	45.1	-28.7	-23.8	
64.7	45.1	-48.4	-18.9	
18.0	32.8	-58.3	-18.9	
0.8	37.7	-28.7	-14.0	
-4.1	37.7	15.5	-26.3	
-36.1	37.7	37.7	-14.0	
-60.7	27.8	57.4	22.9	
-70.6	20.5	45.1	22.9	
-90.2	30.3	47.5	10.6	
-97.6	22.9	47.5	-21.4	
-85.3	25.4	40.1	-11.5	
-92.7	30.3	57.4	-1.7	
-82.9	20.5	54.9	-1.7	
-58.3	3.2	59.8	-1.7	
-50.9	20.5	50.0	8.2	
-41.0	18.0	54.9	-1.7	
-23.8	10.6	62.3	5.7	
-1.7	13.1	77.0	5.7	
18.0	13.1	69.7	13.1	
40.1	15.5	82.0	20.5	
32.8	5.7	86.9	18.0	
25.4	-14.0	84.4	20.5	
25.4	-6.6	74.6	35.2	
32.8	-18.9	77.0	27.8	
5.7	-18.9	96.7	27.8	
-26.3	-9.1	96.7	25.4	
-48.4	-26.3	94.3	30.3	
-41.0	-23.8	82.0	32.8	
-36.1	-18.9	69.7	35.2	
-53.3	-1.7	77.0	25.4	
-46.0	-33.7	77.0	37.7	
-43.5	-16.4	62.3	20.5	
-36.1	-31.2	64.7	27.8	
-48.4	-33.7	64.7	18.0	
-53.3	-41.0	59.8	35.2	
-73.0	-43.5	62.3	32.8	
-77.9	-43.5	67.2	22.9	
-77.9	-58.3	67.2	40.1	
-70.6	-80.4	57.4	15.5	
-68.1	-87.8	50.0	8.2	
-75.5	-107.5	59.8	5.7	
-68.1	-105.0	64.7	20.5	
-73.0	-109.9	52.4	13.1	
-85.3	-117.3	47.5	13.1	
-82.9	-127.1	42.6	22.9	
-77.9	-129.6	37.7	32.8	
-85.3	-146.8	10.6	40.1	
-90.2	-149.3	13.1	40.1	
-73.0	-146.8	5.7	47.5	
-68.1	-137.0	-9.1	42.6	
-60.7	-119.8	-28.7	47.5	
-16.4	-92.7	-16.4	32.8	
-16.4	-63.2	-16.4	20.5	
-41.0	-43.5	-36.1	42.6	
-82.9	-18.9	-18.9	22.9	
-122.2	0.8	5.7	57.4	
-159.1	0.8	13.1	54.9	
-169.0	22.9	20.5	50.0	
-164.0	27.8	50.0	59.8	
-166.5	20.5	42.6	57.4	
-173.9	5.7	52.4	50.0	
-154.2	-1.7	57.4	54.9	
-122.2	-26.3	35.2	64.7	
-105.0	-23.8	40.1	59.8	
-109.9	-6.6	42.6	42.6	
-122.2	42.6	45.1	57.4	
-114.8	57.4	40.1	42.6	
-105.0	77.0	-28.7	54.9	
-112.4	72.1	-31.2	37.7	
-100.1	79.5	-38.6	52.4	
-97.6	77.0	-28.7	52.4	
-92.7	86.9	-28.7	50.0	
-85.3	99.2	-65.6	50.0	
-87.8	94.3	-85.3	45.1	
-80.4	96.7	-77.9	25.4	
-70.6	104.1	-73.0	42.6	
-75.5	99.2	-68.1	54.9	
-73.0	104.1	-68.1	54.9	
-65.6	131.2	-75.5	59.8	
-55.8	126.2	-73.0	52.4	
-58.3	145.9	-63.2	40.1	
-41.0	128.7	-95.2	47.5	
-31.2	109.0	-114.8	45.1	
-9.1	89.3	-97.6	32.8	
18.0	126.2	-97.6	42.6	
54.9	150.8	-87.8	57.4	
62.3	182.8	-92.7	45.1	
59.8	177.9	-73.0	64.7	
40.1	180.4	-68.1	64.7	
3.2	192.7	-70.6	50.0	
-36.1	180.4	-102.5	47.5	
-68.1	155.8	-85.3	59.8	
-112.4	133.6	-63.2	54.9	
-132.1	99.2	-36.1	52.4	
-141.9	131.2	-21.4	57.4	
-149.3	128.7	-9.1	57.4	
-164.0	99.2	-11.5	50.0	
-149.3	109.0	-9.1	45.1	
-144.4	121.3	-9.1	64.7	
-137.0	128.7	0.8	64.7	
-134.5	118.9	0.8	59.8	
-134.5	101.6	25.4	57.4	
-134.5	94.3	37.7	64.7	
-132.1	82.0	40.1	37.7	
-114.8	69.7	50.0	50.0	
-124.7	79.5	45.1	50.0	
-100.1	82.0	57.4	47.5	
-87.8	86.9	50.0	50.0	
-46.0	86.9	50.0	42.6	
-23.8	72.1	42.6	50.0	
3.2	94.3	57.4	64.7	
15.5	86.9	72.1	59.8	
54.9	72.1	74.6	59.8	
62.3	64.7	54.9	50.0	
91.8	64.7	79.5	40.1	
113.9	64.7	74.6	42.6	
128.7	52.4	89.3	35.2	
128.7	52.4	99.2	52.4	
133.6	57.4	96.7	54.9	
145.9	64.7	101.6	40.1	
163.1	69.7	106.6	37.7	
158.2	72.1	67.2	42.6	
160.7	77.0	72.1	35.2	
148.4	89.3	82.0	45.1	
165.6	79.5	94.3	40.1	
158.2	96.7	96.7	37.7	
168.1	89.3	113.9	62.3	
177.9	106.6	99.2	57.4	
170.5	104.1	94.3	42.6	
165.6	94.3	86.9	47.5	
180.4	91.8	104.1	54.9	
173.0	99.2	101.6	54.9	
168.1	101.6	84.4	42.6	
163.1	106.6	84.4	40.1	
163.1	121.3	91.8	50.0	
160.7	123.8	96.7	54.9	
177.9	141.0	77.0	45.1	
160.7	141.0	89.3	52.4	
155.8	136.1	77.0	54.9	
145.9	101.6	74.6	52.4	
158.2	91.8	5.7	67.2	
150.8	89.3	22.9	59.8	
136.1	89.3	30.3	47.5	
121.3	121.3	50.0	25.4	
111.5	91.8	42.6	47.5	
96.7	94.3	50.0	27.8	
91.8	77.0	45.1	25.4	
91.8	42.6	35.2	25.4	
86.9	50.0	57.4	25.4	
77.0	84.4	37.7	32.8	
72.1	94.3	54.9	40.1	
62.3	79.5	27.8	40.1	
57.4	50.0	-4.1	35.2	
50.0	42.6	5.7	30.3	
42.6	25.4	35.2	25.4	
47.5	47.5	18.0	20.5	
42.6	47.5	-4.1	27.8	
42.6	50.0	-9.1	32.8	
45.1	35.2	0.8	22.9	
40.1	47.5	-6.6	18.0	
35.2	52.4	-6.6	15.5	
37.7	27.8	-16.4	8.2	
50.0	32.8	-9.1	-14.0	
69.7	40.1	-16.4	-16.4	
69.7	35.2	-9.1	-9.1	
59.8	42.6	-11.5	-11.5	
62.3	54.9	-23.8	-11.5	
67.2	54.9	-14.0	-14.0	
54.9	20.5	-21.4	-28.7	
45.1	0.8	-11.5	-23.8	
47.5	-1.7	-16.4	-23.8	
47.5	10.6	-6.6	-11.5	
40.1	25.4	-9.1	-31.2	
54.9	45.1	10.6	-28.7	
52.4	35.2	10.6	-28.7	
57.4	5.7	5.7	-31.2	
50.0	0.8	27.8	-23.8	
57.4	10.6	22.9	-26.3	
57.4	15.5	20.5	-26.3	
79.5	35.2	57.4	-36.1	
59.8	52.4	42.6	-28.7	
52.4	67.2	50.0	-28.7	
59.8	40.1	59.8	-36.1	
84.4	-1.7	77.0	-21.4	
94.3	3.2	84.4	-18.9	
111.5	8.2	86.9	-14.0	
104.1	35.2	101.6	-16.4	
99.2	47.5	86.9	-21.4	
141.0	27.8	101.6	-21.4	
155.8	37.7	99.2	-21.4	
175.4	42.6	101.6	-18.9	
170.5	40.1	111.5	-28.7	
195.1	37.7	109.0	-28.7	
209.9	64.7	104.1	-11.5	
217.3	57.4	106.6	-6.6	
205.0	35.2	104.1	-23.8	
190.2	15.5	106.6	-9.1	
163.1	8.2	104.1	-16.4	
123.8	-1.7	94.3	-23.8	
96.7	-4.1	101.6	-31.2	
72.1	8.2	101.6	-4.1	
32.8	27.8	86.9	-9.1	
-6.6	37.7	104.1	-6.6	
-38.6	18.0	101.6	-14.0	
-28.7	13.1	104.1	-4.1	
-33.7	32.8	104.1	0.8	
0.8	47.5	111.5	0.8	
18.0	52.4	113.9	5.7	
54.9	74.6	113.9	10.6	
91.8	86.9	99.2	5.7	
116.4	86.9	89.3	3.2	
133.6	59.8	104.1	15.5	
131.2	18.0	101.6	8.2	
126.2	22.9	111.5	8.2	
86.9	0.8	116.4	0.8	
52.4	0.8	104.1	22.9	
15.5	22.9	104.1	32.8	
-6.6	37.7	94.3	30.3	
-60.7	45.1	74.6	20.5	
-107.5	37.7	89.3	10.6	
-82.9	35.2	72.1	5.7	
-80.4	72.1	77.0	3.2	
-80.4	64.7	74.6	3.2	
-100.1	30.3	62.3	-14.0	
-97.6	47.5	74.6	-14.0	
-105.0	57.4	79.5	-23.8	
-92.7	62.3	67.2	-23.8	
-87.8	52.4	62.3	-23.8	
-48.4	45.1	42.6	-14.0	
-23.8	40.1	42.6	-14.0	
-9.1	22.9	32.8	-1.7	
13.1	32.8	37.7	-6.6	
15.5	25.4	50.0	-11.5	
27.8	32.8	62.3	-16.4	
18.0	22.9	52.4	5.7	
8.2	50.0	47.5	25.4	
20.5	59.8	52.4	22.9	
30.3	10.6	45.1	27.8	
27.8	8.2	37.7	40.1	
42.6	8.2	40.1	20.5	
52.4	37.7	40.1	37.7	
59.8	52.4	57.4	18.0	
59.8	-16.4	62.3	18.0	
59.8	-11.5	57.4	45.1	
59.8	8.2	47.5	30.3	
42.6	-1.7	35.2	37.7	
54.9	15.5	45.1	42.6	
40.1	22.9	52.4	15.5	
25.4	45.1	57.4	25.4	
15.5	57.4	45.1	27.8	
8.2	57.4	50.0	25.4	
0.8	42.6	52.4	18.0	
-1.7	59.8	50.0	22.9	
-6.6	54.9	52.4	27.8	
0.8	54.9	54.9	18.0	
15.5	47.5	54.9	18.0	
15.5	45.1	54.9	5.7	
20.5	40.1	50.0	5.7	
22.9	47.5	57.4	-1.7	
30.3	40.1	45.1	-6.6	
20.5	37.7	47.5	-4.1	
40.1	45.1	45.1	18.0	
40.1	40.1	62.3	8.2	
47.5	45.1	59.8	-11.5	
52.4	42.6	54.9	-14.0	
54.9	32.8	54.9	-14.0	
42.6	20.5	50.0	-1.7	
40.1	32.8	32.8	-1.7	
45.1	8.2	15.5	-4.1	
47.5	-4.1	35.2	0.8	
45.1	10.6	22.9	-14.0	
62.3	20.5	47.5	0.8	
69.7	20.5	54.9	3.2	
74.6	27.8	50.0	-4.1	
64.7	30.3	42.6	0.8	
74.6	22.9	42.6	22.9	
74.6	45.1	52.4	20.5	
64.7	45.1	62.3	18.0	
82.0	32.8	54.9	13.1	
86.9	47.5	67.2	20.5	
82.0	40.1	52.4	15.5	
74.6	32.8	54.9	18.0	
59.8	42.6	59.8	20.5	
59.8	25.4	62.3	25.4	
50.0	15.5	54.9	10.6	
52.4	22.9	52.4	30.3	
30.3	22.9	32.8	32.8	
52.4	10.6	52.4	27.8	
45.1	3.2	52.4	18.0	
45.1	3.2	42.6	42.6	
37.7	0.8	35.2	50.0	
50.0	-1.7	27.8	40.1	
35.2	0.8	30.3	45.1	
42.6	-4.1	22.9	42.6	
35.2	-9.1	30.3	45.1	
30.3	-14.0	8.2	35.2	
18.0	-28.7	5.7	37.7	
25.4	-26.3	5.7	30.3	
0.8	-18.9	-11.5	47.5	
5.7	-28.7	-1.7	30.3	
-9.1	-23.8	13.1	32.8	
0.8	-16.4	15.5	27.8	
0.8	-11.5	22.9	20.5	
-14.0	0.8	15.5	27.8	
-4.1	-1.7	8.2	25.4	
-9.1	18.0	8.2	25.4	
-1.7	32.8	-4.1	20.5	
-6.6	40.1	0.8	27.8	
13.1	47.5	-11.5	32.8	
15.5	52.4	-11.5	22.9	
10.6	45.1	-4.1	25.4	
22.9	47.5	-11.5	35.2	
20.5	27.8	-16.4	37.7	
35.2	22.9	-9.1	30.3	
30.3	15.5	-16.4	35.2	
50.0	13.1	-18.9	22.9	
54.9	20.5	-6.6	37.7	
69.7	30.3	-6.6	22.9	
77.0	35.2	-16.4	32.8	
64.7	45.1	-16.4	50.0	
72.1	59.8	-18.9	40.1	
74.6	40.1	-4.1	42.6	
69.7	30.3	-11.5	50.0	
40.1	27.8	-6.6	47.5	
42.6	32.8	-1.7	45.1	
35.2	8.2	-11.5	47.5	
30.3	-1.7	0.8	32.8	
18.0	0.8	-4.1	50.0	
0.8	20.5	-11.5	45.1	
-11.5	35.2	-11.5	47.5	
-16.4	40.1	-1.7	42.6	
-14.0	37.7	-18.9	30.3	
-11.5	54.9	3.2	10.6	
-18.9	57.4	-11.5	8.2	
-14.0	47.5	-1.7	18.0	
-23.8	52.4	-11.5	30.3	
-23.8	62.3	-9.1	37.7	
-31.2	47.5	-11.5	22.9	
-41.0	42.6	-14.0	22.9	
-26.3	20.5	-6.6	15.5	
-18.9	32.8	-16.4	13.1	
-28.7	40.1	-11.5	0.8	
-31.2	13.1	-6.6	-1.7	
-23.8	5.7	-11.5	-4.1	
-33.7	10.6	-4.1	-9.1	
-23.8	13.1	-4.1	-9.1	
-38.6	8.2	-14.0	-9.1	
-36.1	0.8	-16.4	0.8	
-31.2	13.1	-4.1	-9.1	
-31.2	40.1	-6.6	-43.5	
-31.2	32.8	-11.5	-11.5	
-31.2	45.1	-1.7	-11.5	
-33.7	40.1	-4.1	-28.7	
-38.6	15.5	-6.6	-33.7	
-46.0	32.8	3.2	-33.7	
-43.5	32.8	-1.7	-28.7	
-38.6	18.0	-4.1	-36.1	
-36.1	25.4	3.2	-31.2	
-41.0	47.5	13.1	-28.7	
-55.8	47.5	5.7	-23.8	
-31.2	50.0	-4.1	-36.1	
-26.3	45.1	-9.1	-31.2	
-41.0	37.7	-4.1	-11.5	
-28.7	42.6	-11.5	-9.1	
-38.6	30.3	-4.1	-9.1	
-26.3	22.9	-9.1	-23.8	
-31.2	30.3	-6.6	-23.8	
-21.4	30.3	-4.1	-28.7	
-21.4	47.5	3.2	-26.3	
-21.4	35.2	-6.6	-11.5	
-9.1	32.8	-9.1	-28.7	
-6.6	50.0	-9.1	-16.4	
-14.0	54.9	-14.0	-14.0	
-4.1	30.3	-9.1	-23.8	
-9.1	42.6	-9.1	-21.4	
0.8	50.0	-9.1	-1.7	
10.6	54.9	-14.0	3.2	
15.5	45.1	-6.6	0.8	
25.4	40.1	-6.6	-6.6	
15.5	35.2	-14.0	0.8	
20.5	30.3	-9.1	-11.5	
15.5	30.3	0.8	-6.6	
22.9	25.4	-6.6	3.2	
22.9	15.5	-1.7	-18.9	
18.0	27.8	8.2	-26.3	
32.8	20.5	-11.5	-14.0	
22.9	18.0	-1.7	-1.7	
30.3	20.5	8.2	-11.5	
30.3	18.0	-1.7	-9.1	
20.5	40.1	-1.7	-6.6	
25.4	32.8	5.7	-23.8	
25.4	27.8	8.2	-9.1	
22.9	42.6	-4.1	-1.7	
32.8	27.8	5.7	0.8	
20.5	47.5	-1.7	0.8	
25.4	67.2	-9.1	0.8	
25.4	74.6	0.8	-14.0	
22.9	89.3	3.2	-9.1	
13.1	67.2	5.7	-4.1	
8.2	59.8	8.2	-6.6	
8.2	82.0	5.7	-4.1	
15.5	74.6	18.0	-14.0	
20.5	59.8	8.2	-16.4	
20.5	57.4	0.8	-6.6	
15.5	72.1	8.2	0.8	
5.7	62.3	5.7	-4.1	
-9.1	54.9	13.1	-14.0	
-6.6	8.2	15.5	-4.1	
-6.6	-18.9	10.6	-1.7	
0.8	3.2	22.9	-4.1	
15.5	-14.0	20.5	-1.7	
22.9	0.8	25.4	-1.7	
10.6	-14.0	15.5	-1.7	
-4.1	-38.6	5.7	-6.6	
5.7	-9.1	8.2	-9.1	
8.2	18.0	-1.7	-1.7	
15.5	25.4	8.2	-9.1	
20.5	47.5	-1.7	3.2	
18.0	37.7	15.5	8.2	
13.1	25.4	13.1	0.8	
22.9	47.5	15.5	5.7	
13.1	47.5	0.8	8.2	
8.2	40.1	8.2	-4.1	
8.2	10.6	3.2	-11.5	
-4.1	8.2	-4.1	5.7	
3.2	-4.1	-6.6	-6.6	
-1.7	15.5	-4.1	-16.4	
13.1	18.0	-9.1	-4.1	
20.5	35.2	-9.1	5.7	
20.5	27.8	-1.7	3.2	
35.2	27.8	18.0	-6.6	
27.8	25.4	20.5	-4.1	
30.3	35.2	22.9	5.7	
27.8	37.7	32.8	10.6	
35.2	40.1	27.8	5.7	
18.0	30.3	32.8	10.6	
5.7	25.4	27.8	-1.7	
-14.0	30.3	30.3	5.7	
-4.1	27.8	25.4	10.6	
-9.1	27.8	20.5	13.1	
-14.0	18.0	25.4	22.9	
-16.4	32.8	40.1	15.5	
-21.4	27.8	35.2	20.5	
3.2	25.4	45.1	20.5	
-16.4	20.5	35.2	8.2	
-4.1	32.8	42.6	-1.7	
-11.5	27.8	35.2	0.8	
-4.1	20.5	25.4	3.2	
-1.7	59.8	40.1	10.6	
-4.1	47.5	25.4	10.6	
-6.6	35.2	35.2	3.2	
-1.7	30.3	35.2	-1.7	
-9.1	30.3	30.3	-6.6	
-14.0	27.8	25.4	-11.5	
0.8	15.5	30.3	-6.6	
-16.4	22.9	35.2	0.8	
-4.1	25.4	32.8	-9.1	
-9.1	22.9	42.6	-1.7	
5.7	25.4	47.5	-4.1	
-11.5	20.5	35.2	-14.0	
5.7	25.4	42.6	-14.0	
-9.1	15.5	35.2	-6.6	
-1.7	20.5	40.1	-4.1	
-6.6	22.9	52.4	-9.1	
3.2	3.2	42.6	-11.5	
5.7	0.8	45.1	10.6	
15.5	-4.1	50.0	5.7	
15.5	15.5	50.0	-1.7	
5.7	25.4	47.5	8.2	
-1.7	30.3	52.4	-18.9	
-21.4	50.0	40.1	-1.7	
-21.4	30.3	45.1	-21.4	
-36.1	32.8	52.4	-14.0	
-33.7	25.4	54.9	-14.0	
-41.0	20.5	54.9	-14.0	
-23.8	42.6	62.3	-6.6	
-26.3	27.8	52.4	-21.4	
-23.8	20.5	35.2	-23.8	
-31.2	30.3	47.5	-23.8	
-23.8	32.8	52.4	-23.8	
-18.9	32.8	47.5	-16.4	
-11.5	30.3	45.1	-23.8	
-16.4	32.8	57.4	-23.8	
-16.4	27.8	59.8	-21.4	
-4.1	40.1	47.5	-23.8	
0.8	47.5	59.8	-28.7	
-21.4	32.8	50.0	-26.3	
-14.0	30.3	54.9	-28.7	
-9.1	37.7	54.9	-26.3	
13.1	35.2	57.4	-23.8	
18.0	35.2	64.7	-9.1	
18.0	32.8	67.2	-11.5	
15.5	30.3	62.3	-16.4	
10.6	42.6	57.4	-14.0	
5.7	22.9	57.4	-28.7	
0.8	20.5	62.3	-11.5	
15.5	20.5	59.8	-18.9	
8.2	27.8	67.2	3.2	
22.9	25.4	59.8	0.8	
25.4	42.6	59.8	0.8	
18.0	25.4	69.7	0.8	
27.8	15.5	64.7	15.5	
30.3	40.1	52.4	5.7	
22.9	42.6	62.3	0.8	
25.4	25.4	47.5	18.0	
18.0	42.6	62.3	8.2	
-1.7	45.1	54.9	-9.1	
-4.1	45.1	62.3	10.6	
-11.5	35.2	62.3	5.7	
-11.5	25.4	54.9	8.2	
-14.0	25.4	52.4	22.9	
-23.8	15.5	52.4	20.5	
-16.4	32.8	57.4	15.5	
-9.1	22.9	50.0	18.0	
0.8	18.0	40.1	8.2	
-1.7	27.8	45.1	-9.1	
5.7	30.3	42.6	-18.9	
3.2	30.3	42.6	-4.1	
8.2	27.8	32.8	-9.1	
22.9	35.2	27.8	5.7	
22.9	22.9	27.8	8.2	
20.5	22.9	20.5	15.5	
20.5	32.8	27.8	8.2	
27.8	25.4	30.3	3.2	
35.2	15.5	30.3	5.7	
30.3	35.2	32.8	0.8	
20.5	42.6	35.2	-9.1	
18.0	32.8	25.4	-11.5	
25.4	37.7	20.5	5.7	
18.0	13.1	15.5	0.8	
25.4	13.1	8.2	-1.7	
10.6	13.1	8.2	5.7	
8.2	18.0	20.5	-1.7	
15.5	0.8	25.4	-4.1	
10.6	-21.4	20.5	-6.6	
8.2	18.0	13.1	0.8	
10.6	35.2	8.2	3.2	
0.8	35.2	0.8	3.2	
8.2	32.8	-1.7	13.1	
3.2	22.9	0.8	20.5	
0.8	20.5	-1.7	10.6	
0.8	15.5	8.2	-1.7	
-1.7	32.8	-4.1	13.1	
-6.6	25.4	0.8	18.0	
-9.1	25.4	3.2	18.0	
-6.6	15.5	10.6	13.1	
-11.5	20.5	-1.7	20.5	
-28.7	13.1	10.6	15.5	
-23.8	18.0	0.8	10.6	
-18.9	0.8	15.5	8.2	
-18.9	13.1	3.2	0.8	
-4.1	10.6	-1.7	-11.5	
-9.1	27.8	0.8	-4.1	
-1.7	35.2	3.2	13.1	
-9.1	30.3	-11.5	22.9	
-11.5	27.8	10.6	18.0	
-18.9	22.9	-6.6	22.9	
-16.4	27.8	13.1	27.8	
-16.4	27.8	15.5	15.5	
-14.0	8.2	20.5	15.5	
-21.4	18.0	15.5	10.6	
-11.5	3.2	8.2	-4.1	
-21.4	-6.6	13.1	-1.7	
-23.8	13.1	25.4	-18.9	
-16.4	35.2	22.9	-4.1	
-28.7	27.8	25.4	-4.1	
-16.4	37.7	18.0	5.7	
-16.4	37.7	22.9	-14.0	
-18.9	30.3	0.8	-11.5	
-23.8	5.7	0.8	3.2	
-18.9	-4.1	0.8	0.8	
-23.8	18.0	5.7	-16.4	
-21.4	30.3	3.2	-4.1	
-21.4	10.6	-6.6	-9.1	
-16.4	3.2	-6.6	-6.6	
-31.2	-9.1	-11.5	-9.1	
-14.0	-1.7	-1.7	-11.5	
-21.4	8.2	-14.0	-16.4	
-21.4	10.6	-9.1	0.8	
-23.8	10.6	-9.1	-6.6	
-16.4	15.5	-11.5	-11.5	
-21.4	40.1	-4.1	3.2	
-11.5	22.9	-11.5	0.8	
-14.0	13.1	-18.9	-6.6	
-11.5	22.9	-18.9	-9.1	
-11.5	25.4	-11.5	-6.6	
-6.6	15.5	-11.5	-9.1	
-6.6	40.1	-23.8	-6.6	
-4.1	25.4	-14.0	-9.1	
-11.5	20.5	-33.7	-9.1	
-9.1	13.1	-28.7	-11.5	
-14.0	15.5	-41.0	-9.1	
-9.1	32.8	-38.6	-4.1	
-4.1	35.2	-36.1	-1.7	
-1.7	32.8	-36.1	-1.7	
-9.1	25.4	-41.0	8.2	
0.8	37.7	-23.8	15.5	
-6.6	27.8	-48.4	3.2	
0.8	13.1	-36.1	-9.1	
-14.0	-6.6	-36.1	0.8	
-18.9	3.2	-43.5	-16.4	
-28.7	-6.6	-48.4	-23.8	
-41.0	-9.1	-38.6	0.8	
-53.3	5.7	-33.7	-4.1	
-60.7	-1.7	-23.8	-4.1	
-48.4	-11.5	-31.2	13.1	
-65.6	-1.7	-16.4	18.0	
-43.5	-11.5	-18.9	0.8	
-36.1	-14.0	-23.8	-9.1	
-28.7	-11.5	-11.5	-6.6	
-38.6	-4.1	-21.4	-1.7	
-41.0	-4.1	-23.8	0.8	
-33.7	25.4	-23.8	18.0	
-41.0	22.9	-31.2	-4.1	
-31.2	-4.1	-21.4	-28.7	
-33.7	8.2	-11.5	-4.1	
-21.4	22.9	-4.1	-1.7	
-28.7	18.0	-6.6	15.5	
-33.7	40.1	-4.1	18.0	
-31.2	50.0	-9.1	18.0	
-23.8	27.8	-16.4	3.2	
-31.2	3.2	-16.4	-6.6	
-26.3	45.1	-14.0	13.1	
-36.1	69.7	-11.5	10.6	
-28.7	57.4	-18.9	8.2	
-31.2	27.8	-4.1	5.7	
-31.2	27.8	0.8	13.1	
-36.1	30.3	-14.0	22.9	
-36.1	32.8	-6.6	20.5	
-43.5	20.5	-9.1	13.1	
-43.5	20.5	-6.6	15.5	
-43.5	8.2	-21.4	15.5	
-58.3	-26.3	-16.4	13.1	
-55.8	-23.8	-6.6	30.3	
-53.3	13.1	-6.6	35.2	
-46.0	37.7	-1.7	32.8	
-58.3	27.8	3.2	30.3	
-65.6	30.3	-9.1	18.0	
-60.7	40.1	-9.1	27.8	
-53.3	47.5	-1.7	27.8	
-55.8	50.0	-14.0	15.5	
-55.8	35.2	15.5	22.9	
-53.3	10.6	3.2	18.0	
-63.2	-11.5	8.2	18.0	
-46.0	-14.0	8.2	20.5	
-50.9	8.2	25.4	10.6	
-48.4	25.4	10.6	5.7	
-43.5	18.0	13.1	8.2	
-53.3	-11.5	25.4	15.5	
-48.4	-14.0	22.9	5.7	
-41.0	8.2	32.8	3.2	
-41.0	20.5	18.0	-1.7	
-50.9	18.0	32.8	0.8	
-36.1	20.5	15.5	0.8	
-38.6	15.5	30.3	0.8	
-43.5	27.8	35.2	0.8	
-46.0	15.5	27.8	-14.0	
-43.5	15.5	42.6	-9.1	
-36.1	15.5	37.7	-4.1	
-43.5	15.5	37.7	0.8	
-36.1	30.3	42.6	0.8	
-43.5	57.4	42.6	-6.6	
-41.0	67.2	35.2	-6.6	
-26.3	67.2	27.8	0.8	
-23.8	54.9	35.2	5.7	
-28.7	27.8	42.6	25.4	
-26.3	37.7	25.4	8.2	
-26.3	13.1	27.8	5.7	
-31.2	13.1	30.3	27.8	
-31.2	0.8	25.4	13.1	
-38.6	0.8	32.8	27.8	
-38.6	10.6	25.4	25.4	
-31.2	13.1	27.8	-1.7	
-36.1	25.4	18.0	-4.1	
-31.2	27.8	32.8	15.5	
-31.2	30.3	15.5	20.5	
-38.6	40.1	10.6	15.5	
-18.9	30.3	13.1	25.4	
-21.4	30.3	10.6	22.9	
-21.4	27.8	-1.7	15.5	
-16.4	42.6	-6.6	18.0	
-23.8	37.7	-11.5	18.0	
-26.3	42.6	-1.7	20.5	
-28.7	35.2	-6.6	20.5	
-43.5	32.8	-9.1	22.9	
-28.7	42.6	-9.1	22.9	
-43.5	20.5	-9.1	25.4	
-46.0	15.5	-9.1	13.1	
-23.8	5.7	-14.0	15.5	
-23.8	-1.7	-11.5	18.0	
-33.7	18.0	-11.5	5.7	
-31.2	15.5	-16.4	8.2	
-31.2	42.6	-16.4	-4.1	
-50.9	35.2	-14.0	5.7	
-36.1	35.2	-21.4	3.2	
-28.7	18.0	-16.4	5.7	
-28.7	20.5	-21.4	10.6	
-18.9	57.4	-11.5	15.5	
-33.7	79.5	0.8	18.0	
-23.8	82.0	-11.5	22.9	
-23.8	67.2	-9.1	25.4	
-21.4	30.3	-4.1	5.7	
-4.1	30.3	-9.1	3.2	
-4.1	30.3	0.8	-9.1	
-9.1	8.2	0.8	-9.1	
5.7	10.6	0.8	10.6	
-1.7	0.8	-9.1	5.7	
18.0	5.7	5.7	3.2	
30.3	15.5	0.8	15.5	
22.9	13.1	0.8	13.1	
25.4	40.1	18.0	-4.1	
37.7	35.2	5.7	-6.6	
40.1	50.0	3.2	3.2	
30.3	32.8	3.2	13.1	
37.7	18.0	-1.7	18.0	
42.6	5.7	20.5	5.7	
50.0	10.6	15.5	18.0	
57.4	18.0	20.5	3.2	
52.4	18.0	25.4	0.8	
67.2	25.4	20.5	15.5	
67.2	22.9	15.5	22.9	
72.1	32.8	5.7	18.0	
82.0	37.7	13.1	13.1	
79.5	50.0	18.0	3.2	
74.6	50.0	20.5	-6.6	
86.9	45.1	20.5	-9.1	
77.0	20.5	22.9	-4.1	
79.5	13.1	13.1	0.8	
84.4	22.9	27.8	0.8	
67.2	37.7	27.8	-14.0	
77.0	27.8	22.9	0.8	
72.1	40.1	22.9	8.2	
84.4	37.7	18.0	3.2	
79.5	37.7	25.4	10.6	
89.3	30.3	25.4	5.7	
94.3	25.4	30.3	15.5	
94.3	40.1	25.4	42.6	
91.8	42.6	45.1	32.8	
84.4	45.1	40.1	20.5	
82.0	25.4	37.7	8.2	
79.5	37.7	37.7	15.5	
72.1	42.6	40.1	40.1	
91.8	47.5	40.1	45.1	
72.1	54.9	27.8	50.0	
82.0	52.4	35.2	52.4	
96.7	35.2	45.1	37.7	
106.6	27.8	47.5	32.8	
84.4	32.8	47.5	25.4	
94.3	47.5	42.6	0.8	
84.4	42.6	32.8	13.1	
96.7	42.6	35.2	32.8	
101.6	35.2	37.7	13.1	
99.2	27.8	40.1	27.8	
104.1	30.3	37.7	18.0	
94.3	27.8	32.8	35.2	
82.0	13.1	37.7	30.3	
84.4	8.2	45.1	35.2	
82.0	8.2	35.2	22.9	
72.1	20.5	42.6	32.8	
52.4	32.8	32.8	5.7	
64.7	37.7	40.1	-6.6	
67.2	54.9	35.2	3.2	
62.3	59.8	40.1	-9.1	
54.9	57.4	37.7	-9.1	
67.2	45.1	42.6	-6.6	
62.3	50.0	35.2	-14.0	
69.7	42.6	32.8	-4.1	
77.0	47.5	37.7	10.6	
77.0	45.1	20.5	-11.5	
67.2	0.8	32.8	-11.5	
47.5	-16.4	32.8	-1.7	
54.9	3.2	30.3	-4.1	
50.0	18.0	37.7	-4.1	
35.2	37.7	30.3	3.2	
27.8	35.2	35.2	8.2	
32.8	30.3	30.3	-6.6	
18.0	20.5	35.2	-14.0	
18.0	32.8	27.8	-6.6	
0.8	25.4	37.7	-9.1	
13.1	27.8	27.8	-14.0	
8.2	32.8	35.2	-9.1	
-1.7	32.8	32.8	-9.1	
-1.7	40.1	27.8	-6.6	
13.1	42.6	25.4	-9.1	
5.7	32.8	22.9	-14.0	
0.8	18.0	15.5	-9.1	
15.5	15.5	13.1	-14.0	
13.1	5.7	13.1	-14.0	
18.0	15.5	15.5	-14.0	
8.2	20.5	18.0	-21.4	
8.2	22.9	25.4	-16.4	
3.2	25.4	15.5	-21.4	
5.7	15.5	15.5	-16.4	
8.2	15.5	18.0	-14.0	
22.9	15.5	27.8	-9.1	
10.6	18.0	27.8	-11.5	
22.9	30.3	22.9	-6.6	
27.8	27.8	18.0	-1.7	
18.0	25.4	27.8	-4.1	
20.5	35.2	13.1	-21.4	
5.7	25.4	30.3	-9.1	
13.1	30.3	32.8	5.7	
3.2	22.9	27.8	5.7	
10.6	32.8	25.4	-9.1	
13.1	10.6	22.9	3.2	
25.4	15.5	30.3	-1.7	
27.8	37.7	30.3	10.6	
42.6	30.3	35.2	0.8	
40.1	27.8	35.2	8.2	
45.1	15.5	35.2	20.5	
47.5	10.6	37.7	32.8	
27.8	25.4	42.6	25.4	
18.0	22.9	37.7	10.6	
22.9	22.9	47.5	5.7	
8.2	18.0	27.8	13.1	
5.7	15.5	47.5	25.4	
10.6	27.8	40.1	27.8	
10.6	18.0	35.2	3.2	
15.5	22.9	37.7	8.2	
22.9	8.2	45.1	5.7	
10.6	27.8	47.5	-1.7	
15.5	27.8	42.6	15.5	
18.0	27.8	32.8	18.0	
18.0	20.5	35.2	20.5	
25.4	5.7	35.2	25.4	
25.4	22.9	40.1	27.8	
18.0	22.9	40.1	13.1	
27.8	22.9	27.8	8.2	
20.5	30.3	37.7	15.5	
8.2	32.8	35.2	18.0	
25.4	27.8	40.1	25.4	
40.1	35.2	32.8	22.9	
27.8	27.8	32.8	32.8	
30.3	22.9	35.2	27.8	
30.3	35.2	37.7	18.0	
22.9	30.3	35.2	20.5	
30.3	32.8	35.2	0.8	
27.8	18.0	27.8	0.8	
25.4	13.1	25.4	-11.5	
18.0	22.9	45.1	3.2	
18.0	8.2	25.4	-4.1	
22.9	10.6	27.8	8.2	
18.0	32.8	25.4	13.1	
15.5	30.3	18.0	10.6	
18.0	42.6	10.6	-1.7	
8.2	40.1	20.5	5.7	
3.2	32.8	22.9	-6.6	
-1.7	18.0	25.4	-9.1	
3.2	13.1	32.8	-1.7	
-6.6	18.0	30.3	-16.4	
-9.1	8.2	32.8	-21.4	
5.7	-21.4	32.8	5.7	
0.8	-1.7	27.8	-6.6	
-14.0	25.4	42.6	8.2	
-6.6	22.9	45.1	-1.7	
-6.6	22.9	32.8	-14.0	
-16.4	52.4	27.8	-9.1	
-11.5	40.1	30.3	0.8	
-4.1	59.8	32.8	0.8	
-9.1	54.9	47.5	-16.4	
-11.5	59.8	45.1	-1.7	
-18.9	54.9	35.2	-1.7	
-18.9	15.5	40.1	8.2	
-11.5	18.0	35.2	-1.7	
-1.7	22.9	27.8	-11.5	
-9.1	30.3	42.6	-1.7	
-14.0	18.0	35.2	-6.6	
-11.5	5.7	37.7	-4.1	
-14.0	20.5	45.1	0.8	
-14.0	40.1	42.6	3.2	
-6.6	25.4	59.8	-11.5	
-4.1	40.1	57.4	-9.1	
-16.4	30.3	57.4	3.2	
-14.0	40.1	42.6	5.7	
-4.1	40.1	62.3	8.2	
-14.0	13.1	57.4	-6.6	
-4.1	15.5	50.0	-9.1	
-14.0	40.1	59.8	8.2	
-11.5	30.3	59.8	-9.1	
-14.0	32.8	57.4	-9.1	
-26.3	37.7	57.4	-23.8	
-9.1	37.7	59.8	-11.5	
-4.1	42.6	52.4	-9.1	
-9.1	62.3	47.5	3.2	
-1.7	42.6	52.4	3.2	
-9.1	35.2	54.9	8.2	
-11.5	40.1	50.0	18.0	
-9.1	42.6	45.1	22.9	
-14.0	50.0	45.1	5.7	
-21.4	27.8	54.9	5.7	
-6.6	30.3	40.1	-23.8	
-14.0	22.9	37.7	3.2	
-23.8	37.7	25.4	5.7	
-16.4	42.6	35.2	10.6	
-16.4	42.6	27.8	8.2	
-23.8	45.1	27.8	0.8	
-18.9	27.8	10.6	0.8	
-14.0	37.7	10.6	0.8	
-18.9	25.4	0.8	0.8	
-18.9	52.4	0.8	3.2	
-6.6	40.1	5.7	8.2	
-16.4	42.6	3.2	18.0	
-11.5	57.4	-1.7	8.2	
3.2	52.4	-11.5	0.8	
-9.1	57.4	-6.6	5.7	
-21.4	47.5	-4.1	10.6	
-1.7	35.2	-6.6	10.6	
-11.5	35.2	-9.1	8.2	
-16.4	27.8	-11.5	8.2	
-21.4	22.9	-4.1	18.0	
-9.1	22.9	5.7	10.6	
-6.6	37.7	-6.6	8.2	
-6.6	35.2	-6.6	18.0	
3.2	37.7	-16.4	20.5	
5.7	27.8	-16.4	18.0	
0.8	50.0	-11.5	27.8	
15.5	45.1	-14.0	27.8	
5.7	32.8	-21.4	30.3	
8.2	27.8	-14.0	35.2	
10.6	59.8	-14.0	22.9	
8.2	64.7	-16.4	20.5	
0.8	50.0	-26.3	25.4	
-4.1	50.0	-26.3	30.3	
-4.1	52.4	-33.7	37.7	
3.2	50.0	-33.7	35.2	
-9.1	42.6	-41.0	45.1	
-9.1	27.8	-36.1	42.6	
-6.6	32.8	-38.6	35.2	
-1.7	47.5	-38.6	47.5	
18.0	35.2	-43.5	27.8	
5.7	47.5	-53.3	37.7	
-6.6	52.4	-50.9	25.4	
18.0	45.1	-53.3	37.7	
13.1	50.0	-46.0	40.1	
5.7	45.1	-41.0	25.4	
13.1	40.1	-43.5	37.7	
18.0	22.9	-41.0	20.5	
8.2	20.5	-38.6	15.5	
-4.1	-4.1	-48.4	27.8	
-4.1	-21.4	-33.7	32.8	
3.2	-60.7	-68.1	35.2	
-1.7	-43.5	-82.9	37.7	
0.8	-46.0	-53.3	37.7	
0.8	-36.1	-36.1	50.0	
-14.0	-31.2	-14.0	45.1	
-9.1	-21.4	-11.5	42.6	
-9.1	-23.8	3.2	47.5	
-14.0	-26.3	3.2	50.0	
-14.0	-21.4	3.2	45.1	
-31.2	0.8	-9.1	40.1	
-9.1	3.2	0.8	30.3	
-14.0	3.2	-4.1	25.4	
-4.1	-4.1	-11.5	8.2	
-18.9	3.2	-9.1	-4.1	
-4.1	5.7	5.7	5.7	
-1.7	8.2	10.6	-21.4	
-4.1	18.0	3.2	-11.5	
-4.1	3.2	5.7	-11.5	
-16.4	3.2	-14.0	-9.1	
-11.5	30.3	-4.1	-6.6	
-14.0	35.2	-21.4	-11.5	
-6.6	30.3	-26.3	3.2	
3.2	22.9	-28.7	-1.7	
8.2	18.0	-23.8	-14.0	
-1.7	25.4	-21.4	-6.6	
-6.6	32.8	-26.3	-18.9	
18.0	37.7	-31.2	-14.0	
18.0	18.0	-23.8	-18.9	
47.5	32.8	-26.3	-33.7	
40.1	42.6	-48.4	-16.4	
50.0	40.1	-36.1	-14.0	
45.1	15.5	-31.2	-9.1	
45.1	32.8	-23.8	-16.4	
42.6	22.9	-18.9	-16.4	
32.8	22.9	-21.4	-23.8	
22.9	22.9	-21.4	-14.0	
18.0	-1.7	-23.8	-4.1	
22.9	3.2	-21.4	-11.5	
35.2	10.6	-1.7	5.7	
25.4	10.6	-6.6	-11.5	
35.2	5.7	-11.5	-9.1	
42.6	8.2	-1.7	8.2	
40.1	22.9	-4.1	5.7	
47.5	22.9	5.7	0.8	
52.4	3.2	8.2	18.0	
62.3	5.7	5.7	18.0	
52.4	18.0	0.8	10.6	
57.4	37.7	0.8	0.8	
62.3	37.7	-9.1	-16.4	
59.8	20.5	-4.1	-4.1	
59.8	30.3	5.7	-4.1	
64.7	25.4	0.8	-23.8	
59.8	10.6	13.1	-21.4	
62.3	-16.4	5.7	-1.7	
77.0	-31.2	3.2	-6.6	
62.3	-21.4	3.2	-21.4	
67.2	20.5	5.7	-14.0	
64.7	18.0	3.2	-4.1	
57.4	15.5	-4.1	-4.1	
57.4	25.4	-1.7	-9.1	
67.2	18.0	18.0	-16.4	
50.0	10.6	20.5	-18.9	
69.7	27.8	13.1	5.7	
54.9	50.0	22.9	22.9	
69.7	35.2	15.5	27.8	
77.0	35.2	22.9	13.1	
89.3	54.9	15.5	-4.1	
84.4	52.4	30.3	8.2	
84.4	40.1	18.0	-1.7	
74.6	45.1	20.5	-9.1	
79.5	74.6	20.5	0.8	
74.6	42.6	27.8	0.8	
77.0	62.3	20.5	13.1	
91.8	59.8	35.2	5.7	
86.9	74.6	32.8	8.2	
91.8	50.0	20.5	10.6	
99.2	59.8	35.2	20.5	
104.1	59.8	22.9	25.4	
106.6	35.2	15.5	27.8	
99.2	35.2	22.9	35.2	
94.3	52.4	30.3	25.4	
101.6	57.4	27.8	20.5	
104.1	42.6	18.0	27.8	
106.6	50.0	18.0	22.9	
106.6	52.4	13.1	40.1	
104.1	74.6	18.0	15.5	
111.5	79.5	13.1	30.3	
109.0	50.0	18.0	3.2	
99.2	40.1	22.9	13.1	
99.2	42.6	18.0	25.4	
89.3	40.1	18.0	37.7	
89.3	59.8	13.1	30.3	
86.9	47.5	18.0	22.9	
96.7	37.7	18.0	25.4	
94.3	40.1	8.2	18.0	
84.4	32.8	10.6	25.4	
77.0	35.2	5.7	25.4	
74.6	25.4	15.5	22.9	
77.0	27.8	10.6	3.2	
72.1	45.1	5.7	-6.6	
74.6	42.6	3.2	3.2	
77.0	59.8	3.2	18.0	
77.0	35.2	-1.7	18.0	
84.4	27.8	-4.1	-4.1	
82.0	30.3	0.8	-11.5	
74.6	35.2	-4.1	-23.8	
77.0	57.4	5.7	-16.4	
84.4	50.0	-6.6	-18.9	
67.2	32.8	-1.7	-14.0	
74.6	32.8	5.7	-11.5	
62.3	18.0	-11.5	-23.8	
67.2	57.4	0.8	-4.1	
64.7	42.6	-4.1	-14.0	
62.3	50.0	8.2	-18.9	
59.8	50.0	-4.1	-1.7	
59.8	52.4	3.2	0.8	
57.4	59.8	8.2	0.8	
52.4	64.7	5.7	0.8	
59.8	57.4	5.7	-1.7	
64.7	54.9	8.2	-6.6	
64.7	52.4	5.7	-28.7	
57.4	57.4	8.2	-11.5	
62.3	74.6	18.0	-21.4	
69.7	77.0	22.9	-16.4	
54.9	82.0	22.9	-6.6	
62.3	74.6	13.1	-4.1	
47.5	69.7	20.5	-14.0	
50.0	69.7	15.5	-9.1	
47.5	67.2	13.1	-6.6	
57.4	62.3	22.9	-14.0	
62.3	72.1	13.1	-16.4	
77.0	79.5	20.5	-1.7	
57.4	74.6	18.0	-21.4	
54.9	57.4	8.2	-6.6	
59.8	57.4	-1.7	-11.5	
62.3	47.5	15.5	-21.4	
62.3	54.9	15.5	-26.3	
72.1	50.0	25.4	-23.8	
72.1	50.0	20.5	-23.8	
64.7	67.2	13.1	-16.4	
64.7	72.1	15.5	-21.4	
67.2	64.7	8.2	-6.6	
79.5	64.7	13.1	5.7	
74.6	57.4	8.2	-9.1	
77.0	62.3	13.1	-9.1	
84.4	54.9	13.1	-9.1	
91.8	52.4	18.0	-6.6	
86.9	77.0	13.1	-21.4	
84.4	67.2	13.1	-16.4	
91.8	64.7	13.1	-11.5	
99.2	84.4	13.1	-4.1	
79.5	77.0	27.8	-14.0	
79.5	69.7	10.6	-1.7	
82.0	54.9	5.7	-31.2	
67.2	57.4	10.6	-11.5	
69.7	59.8	8.2	-18.9	
67.2	47.5	18.0	-23.8	
54.9	57.4	8.2	-31.2	
57.4	57.4	-4.1	-31.2	
52.4	59.8	8.2	-28.7	
50.0	57.4	20.5	-11.5	
42.6	64.7	15.5	-6.6	
40.1	67.2	13.1	-18.9	
45.1	67.2	18.0	-16.4	
35.2	72.1	15.5	-18.9	
27.8	64.7	25.4	-31.2	
37.7	94.3	22.9	-16.4	
22.9	74.6	30.3	-11.5	
27.8	54.9	25.4	-11.5	
25.4	45.1	32.8	-6.6	
25.4	62.3	18.0	-18.9	
37.7	54.9	20.5	-4.1	
22.9	52.4	15.5	3.2	
27.8	47.5	13.1	-11.5	
20.5	30.3	20.5	-4.1	
32.8	47.5	35.2	3.2	
15.5	50.0	3.2	13.1	
25.4	54.9	8.2	13.1	
22.9	67.2	-4.1	15.5	
20.5	59.8	8.2	13.1	
13.1	52.4	15.5	22.9	
8.2	57.4	18.0	30.3	
13.1	52.4	13.1	-6.6	
25.4	37.7	3.2	-1.7	
10.6	47.5	5.7	15.5	
0.8	54.9	5.7	18.0	
5.7	47.5	5.7	0.8	
3.2	50.0	-1.7	22.9	
3.2	52.4	8.2	15.5	
-4.1	32.8	-14.0	10.6	
3.2	62.3	3.2	13.1	
-1.7	69.7	-1.7	5.7	
5.7	47.5	0.8	-1.7	
0.8	27.8	0.8	-14.0	
0.8	30.3	-9.1	-14.0	
-6.6	22.9	8.2	-6.6	
0.8	22.9	5.7	-14.0	
13.1	15.5	-1.7	-14.0	
13.1	8.2	-4.1	-4.1	
10.6	-14.0	0.8	5.7	
0.8	3.2	-4.1	13.1	
-11.5	3.2	-4.1	22.9	
-4.1	32.8	3.2	22.9	
-6.6	37.7	-1.7	-16.4	
0.8	25.4	-4.1	-1.7	
-4.1	30.3	5.7	-4.1	
0.8	25.4	10.6	-9.1	
5.7	40.1	-4.1	-14.0	
8.2	47.5	0.8	8.2	
15.5	35.2	13.1	3.2	
13.1	50.0	-1.7	15.5	
22.9	45.1	3.2	25.4	
20.5	32.8	-9.1	15.5	
22.9	18.0	8.2	8.2	
18.0	-1.7	-1.7	10.6	
20.5	-16.4	-1.7	-6.6	
8.2	-14.0	3.2	-16.4	
3.2	-43.5	0.8	-4.1	
0.8	-28.7	-1.7	15.5	
-6.6	-38.6	5.7	18.0	
15.5	-23.8	-4.1	15.5	
5.7	-14.0	13.1	0.8	
-4.1	0.8	-1.7	-9.1	
0.8	15.5	13.1	-11.5	
0.8	32.8	10.6	-26.3	
10.6	50.0	5.7	0.8	
8.2	54.9	0.8	-6.6	
18.0	54.9	8.2	0.8	
27.8	45.1	-1.7	-6.6	
22.9	30.3	0.8	-11.5	
8.2	8.2	5.7	-4.1	
5.7	-6.6	-4.1	-9.1	
10.6	-14.0	0.8	-6.6	
8.2	-16.4	0.8	3.2	
13.1	0.8	5.7	5.7	
15.5	18.0	-4.1	-6.6	
-1.7	42.6	-6.6	0.8	
-6.6	40.1	0.8	-1.7	
-16.4	40.1	-9.1	8.2	
-28.7	45.1	-4.1	10.6	
-28.7	22.9	3.2	3.2	
-28.7	52.4	5.7	-1.7	
-28.7	35.2	5.7	10.6	
-4.1	18.0	-1.7	-6.6	
-11.5	30.3	0.8	0.8	
-14.0	37.7	5.7	3.2	
-6.6	45.1	5.7	0.8	
-6.6	25.4	-4.1	-9.1	
-11.5	37.7	0.8	-6.6	
-18.9	47.5	5.7	3.2	
-16.4	37.7	8.2	0.8	
-28.7	25.4	15.5	-1.7	
-14.0	5.7	25.4	-1.7	
-21.4	20.5	25.4	-21.4	
-11.5	15.5	25.4	-21.4	
-1.7	13.1	25.4	-4.1	
-9.1	5.7	25.4	-11.5	
-4.1	10.6	30.3	-14.0	
-16.4	-4.1	22.9	-23.8	
-6.6	0.8	30.3	-14.0	
-1.7	25.4	22.9	-14.0	
-6.6	22.9	22.9	-14.0	
-11.5	5.7	22.9	-16.4	
-11.5	10.6	25.4	0.8	
-6.6	15.5	18.0	0.8	
-9.1	5.7	30.3	-33.7	
-6.6	18.0	3.2	-28.7	
0.8	15.5	20.5	-14.0	
3.2	27.8	13.1	-6.6	
-16.4	27.8	15.5	-18.9	
-16.4	15.5	18.0	-4.1	
-16.4	15.5	18.0	-1.7	
-16.4	22.9	25.4	-4.1	
-11.5	30.3	22.9	-4.1	
-16.4	8.2	18.0	-6.6	
-18.9	25.4	8.2	-4.1	
-11.5	18.0	13.1	-1.7	
-11.5	0.8	3.2	-14.0	
-9.1	13.1	8.2	-4.1	
-6.6	18.0	20.5	5.7	
-11.5	25.4	22.9	-4.1	
3.2	47.5	5.7	-4.1	
-14.0	40.1	5.7	-1.7	
-11.5	35.2	15.5	8.2	
-4.1	42.6	8.2	-4.1	
3.2	30.3	15.5	-6.6	
-1.7	20.5	20.5	-9.1	
0.8	27.8	3.2	0.8	
8.2	27.8	13.1	-11.5	
15.5	13.1	8.2	-6.6	
25.4	27.8	10.6	10.6	
15.5	47.5	8.2	8.2	
13.1	47.5	18.0	8.2	
22.9	45.1	20.5	-1.7	
22.9	37.7	8.2	-1.7	
27.8	27.8	15.5	5.7	
8.2	45.1	10.6	5.7	
22.9	54.9	18.0	5.7	
20.5	50.0	25.4	15.5	
30.3	50.0	22.9	13.1	
27.8	37.7	37.7	-1.7	
25.4	20.5	32.8	-21.4	
35.2	25.4	20.5	3.2	
18.0	13.1	18.0	15.5	
32.8	37.7	13.1	30.3	
30.3	32.8	20.5	22.9	
27.8	32.8	18.0	10.6	
40.1	35.2	22.9	5.7	
40.1	42.6	18.0	5.7	
37.7	25.4	10.6	3.2	
42.6	27.8	3.2	13.1	
52.4	25.4	18.0	10.6	
35.2	25.4	10.6	10.6	
47.5	13.1	5.7	25.4	
27.8	25.4	0.8	3.2	
37.7	22.9	-9.1	-16.4	
40.1	35.2	0.8	-11.5	
37.7	40.1	-4.1	8.2	
32.8	40.1	-6.6	5.7	
15.5	32.8	5.7	5.7	
22.9	40.1	5.7	3.2	
27.8	69.7	5.7	-18.9	
35.2	79.5	8.2	-6.6	
25.4	57.4	10.6	0.8	
27.8	35.2	15.5	0.8	
25.4	37.7	20.5	0.8	
37.7	59.8	25.4	3.2	
32.8	40.1	32.8	-11.5	
40.1	32.8	35.2	0.8	
40.1	59.8	13.1	5.7	
37.7	72.1	18.0	18.0	
47.5	62.3	22.9	15.5	
45.1	82.0	22.9	27.8	
42.6	45.1	20.5	3.2	
45.1	22.9	18.0	-9.1	
54.9	18.0	20.5	10.6	
64.7	20.5	20.5	20.5	
72.1	3.2	22.9	25.4	
62.3	-18.9	13.1	27.8	
54.9	0.8	10.6	25.4	
42.6	15.5	3.2	15.5	
40.1	30.3	18.0	22.9	
47.5	54.9	13.1	15.5	
32.8	37.7	15.5	13.1	
32.8	40.1	22.9	10.6	
35.2	59.8	13.1	-6.6	
25.4	54.9	13.1	-1.7	
25.4	40.1	18.0	5.7	
30.3	74.6	13.1	3.2	
30.3	59.8	22.9	8.2	
20.5	52.4	15.5	8.2	
40.1	42.6	20.5	15.5	
45.1	22.9	8.2	25.4	
47.5	22.9	5.7	22.9	
45.1	37.7	10.6	15.5	
32.8	22.9	8.2	25.4	
47.5	10.6	5.7	15.5	
62.3	15.5	8.2	15.5	
37.7	15.5	8.2	13.1	
50.0	10.6	22.9	25.4	
52.4	5.7	10.6	18.0	
50.0	-1.7	0.8	13.1	
47.5	10.6	8.2	18.0	
52.4	20.5	0.8	13.1	
62.3	30.3	0.8	-1.7	
69.7	25.4	8.2	-4.1	
69.7	22.9	0.8	0.8	
67.2	40.1	0.8	-1.7	
62.3	35.2	-4.1	3.2	
50.0	35.2	0.8	10.6	
52.4	40.1	-16.4	10.6	
40.1	32.8	-4.1	5.7	
32.8	47.5	-14.0	0.8	
37.7	57.4	-11.5	0.8	
32.8	42.6	-4.1	5.7	
42.6	59.8	-9.1	13.1	
32.8	57.4	-1.7	-4.1	
32.8	37.7	-14.0	-9.1	
20.5	22.9	-4.1	-14.0	
20.5	20.5	-6.6	-9.1	
22.9	25.4	-1.7	5.7	
18.0	30.3	-1.7	-1.7	
20.5	15.5	-11.5	0.8	
15.5	18.0	0.8	3.2	
10.6	-1.7	-4.1	5.7	
25.4	3.2	3.2	-6.6	
15.5	5.7	-1.7	8.2	
20.5	5.7	-14.0	8.2	
13.1	22.9	3.2	-6.6	
13.1	27.8	5.7	-14.0	
3.2	30.3	15.5	-9.1	
-1.7	57.4	13.1	-11.5	
8.2	50.0	10.6	-11.5	
5.7	37.7	10.6	-16.4	
-11.5	47.5	15.5	-11.5	
-6.6	37.7	27.8	-18.9	
0.8	30.3	13.1	-18.9	
-9.1	22.9	25.4	-18.9	
-1.7	13.1	27.8	-16.4	
0.8	-6.6	30.3	-4.1	
-6.6	20.5	18.0	-26.3	
5.7	25.4	18.0	-16.4	
3.2	-1.7	25.4	-28.7	
-6.6	8.2	30.3	-36.1	
-4.1	32.8	27.8	-18.9	
-18.9	40.1	30.3	-11.5	
-6.6	50.0	25.4	-11.5	
-9.1	32.8	35.2	8.2	
-1.7	40.1	35.2	0.8	
-9.1	32.8	25.4	-9.1	
0.8	30.3	37.7	-6.6	
0.8	32.8	25.4	-26.3	
5.7	30.3	25.4	-43.5	
-6.6	13.1	40.1	-21.4	
0.8	32.8	13.1	-18.9	
-4.1	22.9	27.8	-23.8	
-11.5	-4.1	25.4	-28.7	
-11.5	5.7	37.7	-16.4	
3.2	8.2	30.3	-4.1	
-1.7	20.5	30.3	8.2	
-14.0	35.2	20.5	-1.7	
-16.4	37.7	18.0	-1.7	
0.8	32.8	27.8	-4.1	
0.8	25.4	22.9	3.2	
-1.7	27.8	13.1	3.2	
15.5	30.3	18.0	13.1	
22.9	37.7	20.5	20.5	
8.2	40.1	18.0	15.5	
15.5	42.6	15.5	10.6	
22.9	35.2	13.1	5.7	
8.2	32.8	18.0	10.6	
3.2	42.6	20.5	-14.0	
0.8	30.3	15.5	15.5	
8.2	20.5	22.9	-6.6	
15.5	32.8	22.9	-9.1	
18.0	37.7	13.1	-14.0	
25.4	25.4	30.3	-6.6	
22.9	22.9	22.9	-18.9	
10.6	22.9	22.9	-6.6	
5.7	27.8	32.8	-6.6	
3.2	18.0	20.5	-23.8	
0.8	22.9	22.9	-11.5	
-1.7	20.5	25.4	-6.6	
3.2	20.5	18.0	5.7	
-9.1	18.0	13.1	10.6	
3.2	32.8	13.1	-1.7	
15.5	42.6	20.5	8.2	
18.0	42.6	18.0	5.7	
18.0	47.5	8.2	0.8	
22.9	45.1	5.7	10.6	
18.0	42.6	-6.6	15.5	
18.0	37.7	-1.7	15.5	
15.5	30.3	15.5	5.7	
18.0	25.4	8.2	3.2	
10.6	30.3	0.8	10.6	
18.0	27.8	0.8	3.2	
22.9	30.3	5.7	-4.1	
20.5	30.3	3.2	0.8	
15.5	30.3	5.7	-1.7	
18.0	27.8	0.8	0.8	
8.2	40.1	22.9	3.2	
5.7	40.1	22.9	0.8	
3.2	42.6	5.7	0.8	
-4.1	47.5	15.5	3.2	
5.7	37.7	27.8	-6.6	
8.2	35.2	5.7	-18.9	
10.6	37.7	13.1	8.2	
13.1	45.1	10.6	5.7	
20.5	42.6	8.2	13.1	
20.5	42.6	0.8	3.2	
13.1	30.3	10.6	-1.7	
22.9	35.2	3.2	20.5	
15.5	45.1	0.8	8.2	
32.8	57.4	8.2	18.0	
27.8	37.7	0.8	18.0	
27.8	42.6	8.2	25.4	
25.4	52.4	-6.6	18.0	
25.4	67.2	0.8	15.5	
10.6	37.7	0.8	10.6	
0.8	32.8	-1.7	18.0	
3.2	59.8	-4.1	13.1	
3.2	67.2	-14.0	30.3	
-9.1	35.2	-4.1	32.8	
-18.9	42.6	-4.1	27.8	
-1.7	47.5	10.6	18.0	
-6.6	25.4	0.8	18.0	
-4.1	27.8	3.2	5.7	
0.8	42.6	5.7	5.7	
5.7	45.1	3.2	10.6	
8.2	64.7	8.2	10.6	
5.7	67.2	5.7	20.5	
20.5	52.4	18.0	35.2	
15.5	47.5	27.8	27.8	
30.3	40.1	27.8	37.7	
10.6	20.5	35.2	25.4	
20.5	32.8	35.2	22.9	
25.4	40.1	27.8	-16.4	
35.2	25.4	37.7	-31.2	
47.5	18.0	37.7	-9.1	
40.1	5.7	42.6	-1.7	
47.5	13.1	32.8	-4.1	
40.1	25.4	20.5	13.1	
37.7	35.2	37.7	3.2	
50.0	47.5	35.2	-16.4	
45.1	47.5	27.8	-14.0	
40.1	42.6	32.8	0.8	
37.7	32.8	18.0	13.1	
30.3	18.0	18.0	20.5	
22.9	35.2	13.1	5.7	
25.4	35.2	18.0	8.2	
15.5	50.0	13.1	0.8	
15.5	30.3	15.5	15.5	
8.2	32.8	0.8	10.6	
13.1	22.9	8.2	15.5	
10.6	30.3	10.6	8.2	
15.5	25.4	-14.0	15.5	
15.5	30.3	5.7	18.0	
8.2	27.8	13.1	5.7	
10.6	45.1	22.9	0.8	
20.5	27.8	18.0	3.2	
22.9	32.8	22.9	-38.6	
32.8	32.8	8.2	-18.9	
27.8	20.5	5.7	0.8	
30.3	42.6	8.2	0.8	
45.1	42.6	8.2	8.2	
45.1	54.9	15.5	-6.6	
47.5	35.2	8.2	-18.9	
40.1	30.3	0.8	-9.1	
45.1	37.7	8.2	-6.6	
35.2	15.5	8.2	3.2	
45.1	8.2	10.6	-11.5	
35.2	10.6	10.6	-16.4	
35.2	18.0	20.5	-4.1	
45.1	22.9	20.5	-11.5	
37.7	20.5	13.1	-14.0	
25.4	32.8	13.1	-18.9	
27.8	3.2	15.5	-1.7	
15.5	8.2	13.1	-18.9	
27.8	0.8	10.6	0.8	
27.8	8.2	5.7	-11.5	
25.4	8.2	3.2	0.8	
20.5	35.2	10.6	3.2	
15.5	22.9	5.7	-6.6	
10.6	25.4	3.2	0.8	
18.0	32.8	0.8	8.2	
15.5	37.7	3.2	3.2	
20.5	35.2	0.8	-6.6	
32.8	18.0	10.6	3.2	
20.5	30.3	15.5	20.5	
20.5	32.8	3.2	18.0	
32.8	18.0	3.2	25.4	
37.7	45.1	13.1	13.1	
25.4	32.8	20.5	5.7	
30.3	30.3	13.1	-1.7	
22.9	35.2	15.5	3.2	
30.3	35.2	8.2	8.2	
32.8	32.8	8.2	-1.7	
25.4	25.4	15.5	-14.0	
22.9	25.4	8.2	-4.1	
18.0	15.5	-1.7	3.2	
13.1	32.8	3.2	5.7	
18.0	32.8	3.2	13.1	
40.1	32.8	-4.1	10.6	
30.3	40.1	3.2	5.7	
27.8	35.2	-1.7	15.5	
27.8	40.1	13.1	18.0	
27.8	37.7	0.8	37.7	
32.8	42.6	-11.5	35.2	
25.4	45.1	-14.0	32.8	
37.7	40.1	-14.0	25.4	
20.5	45.1	-11.5	37.7	
25.4	57.4	-4.1	27.8	
20.5	47.5	-6.6	25.4	
22.9	50.0	-18.9	27.8	
13.1	52.4	-9.1	25.4	
15.5	40.1	-4.1	22.9	
35.2	27.8	3.2	15.5	
35.2	37.7	-6.6	18.0	
37.7	30.3	-9.1	13.1	
45.1	30.3	13.1	20.5	
30.3	25.4	0.8	13.1	
35.2	45.1	-4.1	35.2	
32.8	32.8	-6.6	25.4	
22.9	45.1	-14.0	30.3	
15.5	42.6	0.8	13.1	
18.0	35.2	0.8	15.5	
13.1	45.1	10.6	22.9	
3.2	45.1	-1.7	25.4	
15.5	42.6	-1.7	22.9	
20.5	37.7	13.1	27.8	
15.5	40.1	13.1	32.8	
22.9	30.3	8.2	27.8	
15.5	37.7	-9.1	13.1	
22.9	42.6	-11.5	27.8	
20.5	37.7	-9.1	15.5	
37.7	37.7	-11.5	27.8	
22.9	42.6	-4.1	30.3	
30.3	35.2	-4.1	25.4	
27.8	35.2	-23.8	25.4	
35.2	35.2	-1.7	22.9	
27.8	35.2	3.2	18.0	
37.7	32.8	-6.6	20.5	
22.9	45.1	-1.7	13.1	
22.9	27.8	5.7	3.2	
50.0	27.8	0.8	8.2	
45.1	40.1	5.7	0.8	
45.1	42.6	13.1	8.2	
47.5	45.1	20.5	20.5	
45.1	32.8	15.5	3.2	
50.0	30.3	22.9	5.7	
45.1	37.7	8.2	5.7	
54.9	42.6	20.5	18.0	
54.9	35.2	20.5	20.5	
40.1	32.8	18.0	5.7	
35.2	22.9	27.8	5.7	
32.8	20.5	13.1	3.2	
30.3	0.8	20.5	8.2	
37.7	-18.9	8.2	-11.5	
20.5	-18.9	0.8	0.8	
25.4	-36.1	10.6	-11.5	
18.0	-31.2	8.2	-14.0	
25.4	-26.3	18.0	-4.1	
20.5	-14.0	18.0	-1.7	
5.7	-16.4	22.9	-1.7	
-1.7	-18.9	15.5	-4.1	
5.7	-9.1	5.7	-9.1	
-1.7	-11.5	5.7	-9.1	
0.8	0.8	-1.7	-1.7	
3.2	-6.6	5.7	0.8	
-4.1	10.6	8.2	3.2	
3.2	-4.1	3.2	-14.0	
0.8	8.2	5.7	-16.4	
-14.0	13.1	3.2	-9.1	
0.8	20.5	8.2	5.7	
0.8	40.1	8.2	8.2	
-9.1	40.1	5.7	20.5	
5.7	40.1	10.6	8.2	
0.8	50.0	13.1	8.2	
10.6	45.1	22.9	5.7	
5.7	40.1	22.9	-4.1	
8.2	40.1	20.5	-23.8	
10.6	52.4	13.1	-14.0	
27.8	42.6	22.9	-11.5	
27.8	32.8	22.9	-9.1	
25.4	18.0	30.3	-9.1	
35.2	42.6	35.2	10.6	
35.2	37.7	35.2	-1.7	
37.7	35.2	32.8	3.2	
30.3	42.6	25.4	5.7	
27.8	42.6	32.8	-6.6	
18.0	45.1	30.3	3.2	
25.4	52.4	35.2	5.7	
20.5	32.8	32.8	5.7	
10.6	40.1	22.9	8.2	
15.5	42.6	30.3	-18.9	
30.3	37.7	27.8	-21.4	
25.4	35.2	22.9	-4.1	
15.5	40.1	15.5	10.6	
20.5	30.3	30.3	0.8	
20.5	42.6	15.5	3.2	
25.4	27.8	27.8	15.5	
40.1	47.5	18.0	25.4	
40.1	47.5	27.8	0.8	
42.6	45.1	30.3	-23.8	
35.2	52.4	22.9	0.8	
40.1	47.5	25.4	10.6	
37.7	59.8	13.1	22.9	
40.1	42.6	22.9	27.8	
40.1	47.5	18.0	22.9	
32.8	47.5	22.9	0.8	
45.1	40.1	10.6	3.2	
27.8	32.8	8.2	18.0	
45.1	30.3	10.6	27.8	
40.1	30.3	22.9	22.9	
40.1	32.8	0.8	30.3	
45.1	35.2	3.2	15.5	
37.7	37.7	3.2	-1.7	
37.7	37.7	-1.7	3.2	
30.3	32.8	0.8	3.2	
18.0	32.8	5.7	30.3	
13.1	32.8	8.2	20.5	
37.7	18.0	3.2	8.2	
27.8	25.4	15.5	-4.1	
25.4	18.0	30.3	-1.7	
30.3	22.9	20.5	5.7	
35.2	15.5	10.6	8.2	
45.1	27.8	10.6	-4.1	
40.1	30.3	3.2	13.1	
37.7	15.5	-21.4	8.2	
42.6	27.8	-11.5	8.2	
40.1	25.4	13.1	3.2	
42.6	25.4	-1.7	8.2	
30.3	27.8	-9.1	8.2	
35.2	20.5	-6.6	5.7	
37.7	18.0	-6.6	0.8	
37.7	32.8	-9.1	27.8	
45.1	32.8	-4.1	20.5	
45.1	45.1	0.8	13.1	
40.1	22.9	3.2	18.0	
32.8	20.5	3.2	32.8	
30.3	18.0	0.8	22.9	
40.1	32.8	15.5	22.9	
40.1	25.4	15.5	15.5	
35.2	30.3	15.5	8.2	
30.3	27.8	22.9	3.2	
32.8	35.2	22.9	-1.7	
35.2	42.6	42.6	-1.7	
32.8	25.4	37.7	3.2	
37.7	32.8	32.8	-6.6	
27.8	35.2	13.1	-6.6	
30.3	32.8	-26.3	-1.7	
27.8	25.4	-46.0	-16.4	
27.8	35.2	-31.2	-1.7	
25.4	25.4	-21.4	-4.1	
20.5	20.5	-63.2	3.2	
22.9	13.1	-82.9	-1.7	
13.1	30.3	-58.3	-1.7	
18.0	8.2	-73.0	-14.0	
10.6	20.5	-85.3	8.2	
-9.1	22.9	-77.9	5.7	
18.0	27.8	-70.6	5.7	
8.2	30.3	-48.4	-9.1	
3.2	22.9	-41.0	5.7	
15.5	20.5	-36.1	0.8	
8.2	37.7	-28.7	0.8	
0.8	37.7	-38.6	5.7	
5.7	22.9	-48.4	5.7	
8.2	20.5	-41.0	8.2	
10.6	15.5	-50.9	13.1	
15.5	25.4	-43.5	18.0	
10.6	18.0	-53.3	18.0	
8.2	18.0	-41.0	20.5	
5.7	13.1	-38.6	15.5	
3.2	10.6	-48.4	25.4	
8.2	22.9	-38.6	20.5	
0.8	10.6	-46.0	18.0	
10.6	13.1	-36.1	8.2	
-1.7	3.2	-31.2	-4.1	
8.2	5.7	-33.7	-4.1	
3.2	10.6	-28.7	5.7	
20.5	5.7	-31.2	0.8	
18.0	20.5	-26.3	8.2	
15.5	18.0	-36.1	5.7	
5.7	25.4	-26.3	8.2	
15.5	22.9	-14.0	8.2	
13.1	20.5	-36.1	15.5	
13.1	20.5	-36.1	13.1	
18.0	25.4	-26.3	15.5	
13.1	30.3	-23.8	20.5	
18.0	18.0	-31.2	0.8	
20.5	18.0	-21.4	10.6	
15.5	25.4	-28.7	13.1	
10.6	27.8	-18.9	18.0	
-1.7	18.0	-26.3	13.1	
20.5	25.4	-21.4	5.7	
0.8	25.4	-18.9	20.5	
5.7	25.4	-11.5	5.7	
10.6	32.8	0.8	8.2	
22.9	22.9	-9.1	-6.6	
18.0	13.1	5.7	0.8	
10.6	10.6	10.6	-4.1	
8.2	8.2	18.0	8.2	
5.7	10.6	25.4	-4.1	
5.7	8.2	25.4	-4.1	
3.2	8.2	25.4	8.2	
22.9	3.2	35.2	-4.1	
27.8	25.4	40.1	8.2	
15.5	10.6	42.6	-1.7	
5.7	13.1	52.4	-16.4	
13.1	18.0	30.3	-9.1	
20.5	15.5	40.1	0.8	
5.7	8.2	45.1	-9.1	
5.7	5.7	32.8	-21.4	
3.2	-1.7	42.6	-11.5	
8.2	3.2	35.2	-23.8	
20.5	13.1	35.2	-21.4	
35.2	15.5	32.8	-16.4	
15.5	-1.7	22.9	-21.4	
22.9	-4.1	30.3	-14.0	
22.9	10.6	37.7	-14.0	
22.9	-4.1	32.8	-18.9	
13.1	8.2	40.1	-14.0	
27.8	-4.1	35.2	-9.1	
27.8	8.2	37.7	-26.3	
20.5	22.9	37.7	-14.0	
40.1	5.7	20.5	-4.1	
42.6	25.4	20.5	-11.5	
42.6	18.0	25.4	-11.5	
47.5	13.1	18.0	-21.4	
30.3	5.7	3.2	3.2	
45.1	18.0	18.0	-14.0	
30.3	13.1	20.5	-4.1	
30.3	20.5	18.0	-16.4	
30.3	18.0	18.0	-4.1	
22.9	13.1	3.2	-11.5	
25.4	20.5	8.2	-11.5	
25.4	15.5	13.1	-28.7	
27.8	18.0	22.9	-6.6	
22.9	8.2	20.5	-6.6	
30.3	37.7	18.0	8.2	
20.5	18.0	18.0	-1.7	
32.8	13.1	25.4	-4.1	
27.8	15.5	40.1	8.2	
37.7	5.7	27.8	10.6	
30.3	8.2	13.1	-1.7	
37.7	20.5	25.4	-9.1	
40.1	22.9	5.7	0.8	
32.8	22.9	-21.4	5.7	
35.2	35.2	-14.0	5.7	
45.1	32.8	-38.6	15.5	
42.6	27.8	-46.0	13.1	
40.1	22.9	-21.4	15.5	
40.1	20.5	-41.0	18.0	
40.1	0.8	-21.4	20.5	
45.1	13.1	-6.6	20.5	
42.6	0.8	-9.1	22.9	
45.1	-9.1	0.8	25.4	
40.1	10.6	0.8	20.5	
54.9	13.1	10.6	37.7	
52.4	22.9	-4.1	25.4	
47.5	20.5	5.7	15.5	
40.1	18.0	0.8	22.9	
42.6	10.6	-6.6	22.9	
42.6	22.9	-6.6	37.7	
40.1	40.1	-14.0	18.0	
52.4	30.3	-4.1	13.1	
52.4	15.5	-6.6	5.7	
45.1	3.2	-9.1	-6.6	
54.9	-6.6	5.7	20.5	
64.7	-4.1	0.8	8.2	
54.9	3.2	-4.1	-1.7	
45.1	-14.0	-6.6	10.6	
54.9	-1.7	0.8	-1.7	
47.5	-18.9	0.8	-16.4	
64.7	-36.1	0.8	-9.1	
47.5	-23.8	3.2	10.6	
52.4	-16.4	20.5	15.5	
50.0	-14.0	32.8	3.2	
42.6	-4.1	30.3	8.2	
40.1	-6.6	37.7	8.2	
45.1	3.2	35.2	10.6	
42.6	10.6	35.2	5.7	
52.4	0.8	42.6	13.1	
45.1	5.7	10.6	10.6	
52.4	8.2	-14.0	8.2	
54.9	5.7	-26.3	-1.7	
52.4	18.0	-63.2	5.7	
59.8	25.4	-112.4	5.7	
59.8	27.8	-65.6	0.8	
67.2	35.2	-9.1	-4.1	
64.7	30.3	3.2	13.1	
59.8	37.7	15.5	13.1	
52.4	40.1	22.9	3.2	
59.8	27.8	25.4	-4.1	
42.6	32.8	27.8	3.2	
45.1	30.3	22.9	-1.7	
42.6	42.6	15.5	-6.6	
42.6	32.8	18.0	-9.1	
45.1	35.2	3.2	-6.6	
57.4	32.8	3.2	10.6	
42.6	35.2	3.2	8.2	
50.0	22.9	10.6	0.8	
42.6	32.8	0.8	3.2	
40.1	25.4	3.2	3.2	
62.3	32.8	8.2	3.2	
45.1	27.8	8.2	-9.1	
42.6	37.7	-1.7	3.2	
47.5	32.8	-6.6	5.7	
42.6	35.2	15.5	8.2	
22.9	32.8	20.5	-4.1	
32.8	32.8	25.4	-6.6	
27.8	22.9	40.1	-1.7	
40.1	13.1	37.7	0.8	
25.4	8.2	50.0	3.2	
40.1	22.9	47.5	-1.7	
35.2	32.8	35.2	-4.1	
32.8	22.9	5.7	8.2	
27.8	37.7	-28.7	8.2	
40.1	25.4	-6.6	3.2	
27.8	25.4	5.7	18.0	
35.2	32.8	13.1	18.0	
45.1	20.5	25.4	5.7	
35.2	22.9	37.7	22.9	
40.1	18.0	37.7	20.5	
35.2	20.5	35.2	18.0	
45.1	20.5	27.8	10.6	
45.1	42.6	47.5	13.1	
50.0	47.5	37.7	8.2	
35.2	42.6	35.2	-4.1	
45.1	52.4	27.8	0.8	
42.6	52.4	-1.7	15.5	
42.6	50.0	-18.9	8.2	
47.5	47.5	5.7	3.2	
20.5	25.4	40.1	-6.6	
25.4	25.4	47.5	3.2	
13.1	15.5	20.5	0.8	
30.3	20.5	35.2	-4.1	
27.8	0.8	8.2	0.8	
13.1	8.2	0.8	5.7	
15.5	13.1	13.1	0.8	
27.8	15.5	22.9	-11.5	
22.9	54.9	27.8	-6.6	
18.0	57.4	25.4	-4.1	
22.9	32.8	25.4	-9.1	
15.5	45.1	32.8	-9.1	
30.3	59.8	37.7	-4.1	
15.5	62.3	32.8	0.8	
32.8	59.8	30.3	13.1	
32.8	42.6	25.4	0.8	
35.2	-6.6	30.3	-14.0	
30.3	-46.0	20.5	-4.1	
25.4	-85.3	15.5	0.8	
37.7	-60.7	32.8	0.8	
30.3	-23.8	22.9	-11.5	
22.9	-18.9	30.3	-1.7	
22.9	0.8	20.5	0.8	
3.2	0.8	25.4	-11.5	
-6.6	0.8	27.8	-4.1	
-14.0	-11.5	35.2	8.2	
-16.4	-11.5	25.4	8.2	
-14.0	-9.1	22.9	10.6	
-18.9	-6.6	13.1	15.5	
3.2	-4.1	30.3	18.0	
0.8	-4.1	25.4	20.5	
18.0	5.7	37.7	18.0	
15.5	27.8	45.1	20.5	
18.0	37.7	54.9	20.5	
13.1	45.1	50.0	15.5	
5.7	25.4	59.8	10.6	
0.8	18.0	59.8	5.7	
-6.6	15.5	59.8	18.0	
-6.6	-11.5	42.6	15.5	
-9.1	-23.8	57.4	32.8	
0.8	-36.1	47.5	18.0	
-4.1	-31.2	59.8	20.5	
-1.7	-1.7	62.3	27.8	
3.2	18.0	59.8	8.2	
10.6	30.3	64.7	15.5	
13.1	20.5	62.3	18.0	
15.5	30.3	72.1	30.3	
15.5	27.8	64.7	32.8	
25.4	13.1	69.7	22.9	
22.9	20.5	57.4	27.8	
13.1	37.7	77.0	30.3	
18.0	59.8	79.5	8.2	
10.6	82.0	74.6	8.2	
-6.6	79.5	69.7	8.2	
5.7	69.7	72.1	5.7	
5.7	37.7	77.0	-1.7	
13.1	54.9	77.0	-9.1	
5.7	37.7	72.1	-16.4	
-11.5	-18.9	86.9	-6.6	
-16.4	-60.7	86.9	-18.9	
-9.1	-38.6	89.3	-28.7	
-16.4	-26.3	94.3	-33.7	
-4.1	-16.4	99.2	-46.0	
0.8	-1.7	99.2	-31.2	
-6.6	45.1	86.9	-18.9	
-6.6	64.7	86.9	-9.1	
-16.4	50.0	99.2	3.2	
5.7	40.1	104.1	13.1	
3.2	32.8	96.7	22.9	
0.8	40.1	111.5	18.0	
-4.1	30.3	79.5	5.7	
3.2	25.4	86.9	-11.5	
-14.0	5.7	91.8	-28.7	
-9.1	-16.4	99.2	-33.7	
-14.0	-11.5	89.3	-50.9	
-11.5	-6.6	91.8	-48.4	
-9.1	-14.0	91.8	-48.4	
-14.0	-18.9	96.7	-43.5	
-9.1	13.1	89.3	-38.6	
-9.1	50.0	89.3	-38.6	
13.1	69.7	96.7	-50.9	
8.2	64.7	101.6	-46.0	
-6.6	69.7	77.0	-48.4	
-6.6	64.7	79.5	-65.6	
3.2	52.4	96.7	-77.9	
-6.6	37.7	99.2	-80.4	
-4.1	15.5	104.1	-68.1	
-1.7	3.2	104.1	-41.0	
5.7	20.5	94.3	-16.4	
3.2	37.7	111.5	-43.5	
22.9	47.5	113.9	-60.7	
20.5	50.0	121.3	-55.8	
27.8	104.1	111.5	-70.6	
18.0	131.2	109.0	-82.9	
10.6	158.2	104.1	-100.1	
15.5	89.3	116.4	-124.7	
25.4	13.1	118.9	-114.8	
22.9	-21.4	133.6	-119.8	
3.2	-16.4	116.4	-112.4	
-1.7	30.3	128.7	-102.5	
3.2	62.3	111.5	-90.2	
5.7	91.8	123.8	-75.5	
-1.7	52.4	109.0	-90.2	
-1.7	-28.7	96.7	-95.2	
-4.1	-132.1	128.7	-97.6	
-9.1	-164.0	104.1	-119.8	
8.2	-119.8	113.9	-114.8	
20.5	-73.0	118.9	-114.8	
20.5	-18.9	121.3	-107.5	
32.8	79.5	113.9	-129.6	
37.7	131.2	104.1	-124.7	
47.5	104.1	101.6	-146.8	
50.0	109.0	104.1	-134.5	
52.4	116.4	121.3	-112.4	
40.1	126.2	123.8	-117.3	
52.4	160.7	138.5	-132.1	
47.5	86.9	150.8	-154.2	
62.3	13.1	158.2	-156.7	
69.7	-85.3	163.1	-171.4	
57.4	-107.5	136.1	-193.6	
72.1	-53.3	138.5	-178.8	
67.2	-55.8	143.5	-176.3	
74.6	-58.3	153.3	-183.7	
74.6	-105.0	168.1	-188.6	
74.6	-109.9	180.4	-178.8	
77.0	-73.0	190.2	-173.9	
79.5	5.7	241.9	-156.7	
79.5	67.2	281.2	-166.5	
69.7	59.8	288.6	-171.4	
64.7	74.6	291.1	-159.1	
72.1	77.0	271.4	-122.2	
69.7	89.3	276.3	-117.3	
69.7	35.2	256.6	-102.5	
72.1	-16.4	244.3	-87.8	
57.4	-77.9	227.1	-107.5	
67.2	-65.6	219.7	-82.9	
62.3	-90.2	224.6	-73.0	
54.9	-117.3	227.1	-90.2	
50.0	-105.0	229.6	-122.2	
40.1	-73.0	236.9	-124.7	
32.8	-58.3	244.3	-129.6	
40.1	-33.7	276.3	-134.5	
30.3	10.6	291.1	-87.8	
40.1	18.0	288.6	-50.9	
27.8	30.3	276.3	-21.4	
37.7	25.4	256.6	59.8	
52.4	35.2	209.9	209.9	
50.0	50.0	202.5	438.7	
54.9	72.1	187.7	650.2	
50.0	77.0	148.4	881.5	
42.6	101.6	118.9	1048.7	
47.5	106.6	109.0	1090.6	
42.6	104.1	106.6	943.0	
27.8	47.5	94.3	701.9	
20.5	25.4	62.3	433.7	
22.9	15.5	35.2	177.9	
27.8	5.7	-11.5	-38.6	
32.8	-4.1	-33.7	-240.3	
27.8	-14.0	-55.8	-363.3	
27.8	18.0	-92.7	-501.1	
27.8	25.4	-122.2	-592.1	
52.4	50.0	-154.2	-663.4	
27.8	50.0	-181.3	-720.0	
42.6	30.3	-205.9	-761.8	
37.7	45.1	-228.0	-811.0	
47.5	57.4	-255.1	-855.3	
52.4	84.4	-262.4	-919.3	
42.6	74.6	-252.6	-1000.4	
64.7	40.1	-250.1	-1175.1	
67.2	25.4	-245.2	-1327.6	
74.6	-6.6	-232.9	-1522.0	
64.7	-11.5	-205.9	-1694.2	
69.7	-31.2	-173.9	-1841.8	
72.1	-60.7	-141.9	-2026.3	
59.8	-68.1	-137.0	-2260.0	
47.5	-77.9	-100.1	-2410.0	
57.4	-55.8	-55.8	-2442.0	
64.7	-16.4	-23.8	-2375.6	
62.3	0.8	-11.5	-2242.7	
47.5	3.2	22.9	-2055.8	
52.4	8.2	54.9	-1836.8	
52.4	30.3	77.0	-1590.8	
45.1	37.7	79.5	-1357.1	
40.1	27.8	84.4	-1155.4	
45.1	15.5	89.3	-963.5	
35.2	13.1	89.3	-801.2	
40.1	22.9	94.3	-658.5	
47.5	22.9	91.8	-535.5	
42.6	22.9	77.0	-392.8	
50.0	30.3	69.7	-272.3	
40.1	18.0	45.1	-151.7	
62.3	15.5	13.1	-9.1	
77.0	13.1	-14.0	116.4	
74.6	27.8	-41.0	251.7	
69.7	42.6	-65.6	367.3	
64.7	37.7	-97.6	475.6	
64.7	52.4	-122.2	578.9	
67.2	67.2	-139.4	662.5	
62.3	69.7	-156.7	743.7	
54.9	89.3	-161.6	842.1	
57.4	72.1	-176.3	915.9	
47.5	-4.1	-178.8	994.6	
57.4	-28.7	-191.1	1083.2	
59.8	-63.2	-191.1	1181.6	
54.9	-55.8	-186.2	1248.0	
40.1	-26.3	-205.9	1309.5	
30.3	-6.6	-245.2	1388.2	
32.8	13.1	-247.7	1494.0	
40.1	42.6	-230.5	1609.6	
50.0	67.2	-215.7	1742.5	
62.3	67.2	-198.5	1860.5	
32.8	20.5	-218.2	1986.0	
27.8	3.2	-240.3	2109.0	
25.4	5.7	-245.2	2236.9	
13.1	-1.7	-218.2	2357.5	
10.6	27.8	-196.0	2473.1	
-6.6	22.9	-171.4	2583.8	
-16.4	22.9	-208.3	2692.0	
20.5	20.5	-225.5	2785.5	
37.7	40.1	-269.8	2851.9	
10.6	27.8	-269.8	2886.4	
10.6	20.5	-269.8	2807.6	
-6.6	35.2	-296.9	2625.6	
-1.7	35.2	-304.3	2377.1	
-1.7	20.5	-314.1	2072.1	
13.1	42.6	-323.9	1715.4	
5.7	50.0	-326.4	1353.8	
22.9	42.6	-338.7	1041.4	
30.3	35.2	-328.9	783.1	
40.1	47.5	-326.4	608.4	
27.8	32.8	-314.1	487.9	
40.1	42.6	-294.4	387.0	
50.0	32.8	-287.0	308.3	
50.0	50.0	-274.7	202.5	
77.0	50.0	-257.5	96.7	
89.3	42.6	-269.8	-14.0	
123.8	50.0	-282.1	-117.3	
96.7	42.6	-296.9	-191.1	
77.0	57.4	-301.8	-237.8	
72.1	64.7	-274.7	-274.7	
54.9	74.6	-250.1	-304.3	
35.2	77.0	-220.6	-338.7	
25.4	86.9	-218.2	-360.8	
35.2	91.8	-196.0	-415.0	
20.5	69.7	-183.7	-483.8	
8.2	62.3	-169.0	-542.9	
13.1	67.2	-166.5	-594.5	
18.0	52.4	-156.7	-619.1	
45.1	57.4	-164.0	-643.7	
22.9	84.4	-159.1	-633.9	
10.6	89.3	-161.6	-611.8	
32.8	79.5	-188.6	-579.8	
40.1	62.3	-188.6	-538.0	
25.4	57.4	-183.7	-520.7	
54.9	59.8	-193.6	-493.7	
47.5	74.6	-191.1	-474.0	
50.0	89.3	-210.8	-456.8	
69.7	77.0	-205.9	-429.7	
104.1	69.7	-198.5	-434.6	
118.9	62.3	-198.5	-417.4	
126.2	57.4	-178.8	-412.5	
133.6	74.6	-176.3	-400.2	
170.5	74.6	-156.7	-380.5	
202.5	72.1	-151.7	-336.2	
219.7	72.1	-132.1	-316.6	
249.2	67.2	-127.1	-294.4	
259.1	69.7	-105.0	-242.8	
224.6	54.9	-87.8	-193.6	
145.9	52.4	-77.9	-176.3	
57.4	59.8	-60.7	-154.2	
30.3	52.4	-48.4	-107.5	
-23.8	50.0	-48.4	-92.7	
-46.0	47.5	-60.7	-87.8	
-23.8	45.1	-65.6	-85.3	
-31.2	54.9	-73.0	-65.6	
-50.9	67.2	-87.8	-68.1	
-41.0	50.0	-95.2	-95.2	
-18.9	57.4	-70.6	-109.9	
13.1	50.0	-41.0	-122.2	
18.0	47.5	-21.4	-129.6	
13.1	37.7	-14.0	-137.0	
5.7	45.1	-14.0	-146.8	
25.4	40.1	5.7	-151.7	
5.7	22.9	25.4	-156.7	
27.8	18.0	30.3	-181.3	
20.5	35.2	52.4	-198.5	
27.8	62.3	64.7	-225.5	
20.5	37.7	62.3	-264.9	
5.7	79.5	64.7	-289.5	
-4.1	79.5	74.6	-311.6	
-6.6	99.2	77.0	-309.2	
-14.0	94.3	96.7	-314.1	
-18.9	54.9	116.4	-277.2	
-21.4	47.5	123.8	-252.6	
-41.0	64.7	143.5	-304.3	
-31.2	54.9	145.9	-311.6	
-50.9	45.1	155.8	-301.8	
-68.1	32.8	163.1	-287.0	
-77.9	35.2	175.4	-282.1	
-90.2	32.8	185.3	-282.1	
-75.5	8.2	195.1	-264.9	
-77.9	-38.6	219.7	-240.3	
-63.2	-50.9	209.9	-225.5	
-60.7	-9.1	224.6	-200.9	
-48.4	-11.5	234.5	-164.0	
-53.3	8.2	244.3	-107.5	
-31.2	15.5	264.0	-68.1	
-31.2	20.5	239.4	-4.1	
-31.2	0.8	205.0	30.3	
-16.4	15.5	222.2	62.3	
-16.4	18.0	234.5	79.5	
-4.1	18.0	224.6	89.3	
10.6	30.3	259.1	96.7	
22.9	25.4	239.4	99.2	
27.8	35.2	246.8	84.4	
35.2	37.7	187.7	99.2	
27.8	30.3	158.2	94.3	
5.7	45.1	148.4	99.2	
15.5	57.4	145.9	89.3	
27.8	30.3	96.7	99.2	
0.8	13.1	25.4	86.9	
-4.1	5.7	-1.7	79.5	
-21.4	18.0	-28.7	64.7	
-41.0	22.9	-65.6	59.8	
-36.1	13.1	-82.9	37.7	
-23.8	18.0	-146.8	32.8	
-50.9	13.1	-220.6	15.5	
-85.3	25.4	-240.3	13.1	
-107.5	20.5	-245.2	-6.6	
-124.7	13.1	-235.4	-9.1	
-114.8	-4.1	-220.6	-18.9	
-77.9	-6.6	-215.7	-11.5	
-73.0	0.8	-191.1	-1.7	
-60.7	-23.8	-198.5	-4.1	
-63.2	-21.4	-176.3	-14.0	
-77.9	-36.1	-109.9	-14.0	
-92.7	-16.4	-70.6	-1.7	
-107.5	-23.8	-48.4	22.9	
-97.6	-28.7	-31.2	50.0	
-95.2	-18.9	-4.1	57.4	
-95.2	-21.4	27.8	59.8	
-102.5	-28.7	59.8	86.9	
-107.5	-46.0	47.5	104.1	
-102.5	-63.2	45.1	111.5	
-114.8	-90.2	18.0	118.9	
-102.5	-77.9	8.2	148.4	
-92.7	-63.2	25.4	180.4	
-90.2	-41.0	15.5	224.6	
-87.8	-43.5	35.2	268.9	
-90.2	-33.7	45.1	310.7	
-92.7	-36.1	86.9	305.8	
-97.6	-11.5	99.2	335.3	
-95.2	0.8	101.6	345.2	
-82.9	-6.6	59.8	357.5	
-70.6	3.2	64.7	379.6	
-75.5	27.8	109.0	409.1	
-75.5	27.8	109.0	421.4	
-65.6	54.9	94.3	421.4	
-60.7	86.9	69.7	421.4	
-60.7	77.0	37.7	460.8	
-48.4	82.0	-18.9	480.5	
-33.7	82.0	-50.9	527.2	
-46.0	96.7	-97.6	556.7	
-43.5	52.4	-151.7	593.6	
-33.7	40.1	-191.1	633.0	
-33.7	27.8	-218.2	667.4	
-33.7	15.5	-230.5	687.1	
-33.7	-28.7	-294.4	704.3	
-36.1	-63.2	-328.9	660.1	
-43.5	-50.9	-370.7	588.7	
-60.7	-55.8	-380.5	532.1	
-50.9	-68.1	-383.0	487.9	
-53.3	-38.6	-370.7	460.8	
-50.9	-36.1	-321.5	421.4	
-26.3	-38.6	-267.4	382.1	
-38.6	-26.3	-220.6	369.8	
-31.2	0.8	-169.0	318.1	
-33.7	10.6	-144.4	264.0	
-28.7	37.7	-95.2	236.9	
-26.3	22.9	-85.3	209.9	
-16.4	32.8	-38.6	153.3	
-18.9	45.1	-14.0	67.2	
-9.1	42.6	22.9	-4.1	
-14.0	35.2	30.3	-41.0	
-26.3	20.5	27.8	-90.2	
-33.7	-21.4	45.1	-60.7	
-50.9	-31.2	59.8	-73.0	
-55.8	-23.8	45.1	-41.0	
-60.7	-14.0	15.5	42.6	
-48.4	-28.7	-4.1	101.6	
-63.2	-28.7	-33.7	123.8	
-58.3	-14.0	-33.7	-63.2	
-58.3	-4.1	-38.6	-338.7	
-68.1	13.1	-55.8	-604.4	
-73.0	5.7	-31.2	-818.4	
-80.4	5.7	-18.9	-938.9	
-92.7	-6.6	-16.4	-1020.1	
-80.4	-1.7	-23.8	-1103.8	
-82.9	-4.1	3.2	-1182.5	
-90.2	5.7	-11.5	-1246.4	
-90.2	-14.0	8.2	-1339.9	
-85.3	10.6	82.0	-1458.0	
-82.9	10.6	128.7	-1539.2	
-73.0	3.2	165.6	-1558.9	
-65.6	18.0	209.9	-1551.5	
-68.1	20.5	261.5	-1585.9	
-53.3	22.9	357.5	-1578.5	
-38.6	37.7	396.8	-1477.7	
-26.3	50.0	384.5	-1349.8	
10.6	37.7	377.2	-1307.9	
22.9	32.8	387.0	-1209.5	
45.1	45.1	382.1	-1076.7	
57.4	27.8	416.5	-943.9	
62.3	3.2	608.4	-801.2	
74.6	-9.1	642.8	-683.1	
91.8	0.8	519.8	-525.7	
109.0	27.8	423.9	-412.5	
121.3	45.1	391.9	-314.1	
118.9	62.3	384.5	-240.3	
138.5	57.4	460.8	-176.3	
145.9	67.2	463.3	-100.1	
145.9	67.2	421.4	-46.0	
153.3	50.0	443.6	62.3	
155.8	32.8	441.1	170.5	
150.8	15.5	502.6	298.4	
160.7	20.5	652.7	431.3	
155.8	-4.1	583.8	583.8	
158.2	-21.4	495.2	652.7	
138.5	-6.6	421.4	726.5	
153.3	15.5	364.9	792.9	
145.9	30.3	328.0	864.2	
150.8	40.1	303.4	893.8	
158.2	25.4	268.9	874.1	
138.5	27.8	246.8	844.6	
131.2	20.5	200.0	788.0	
126.2	47.5	170.5	738.8	
116.4	59.8	155.8	694.5	
101.6	72.1	163.1	665.0	
91.8	79.5	128.7	601.0	
89.3	91.8	121.3	578.9	
91.8	91.8	82.0	566.6	
74.6	77.0	77.0	581.3	
89.3	30.3	64.7	569.0	
86.9	22.9	30.3	527.2	
84.4	35.2	5.7	542.0	
69.7	27.8	-31.2	544.4	
77.0	18.0	-31.2	578.9	
77.0	0.8	5.7	564.1	
86.9	8.2	54.9	605.9	
77.0	22.9	133.6	628.1	
72.1	35.2	254.2	618.2	
50.0	37.7	396.8	546.9	
47.5	40.1	517.4	463.3	
35.2	35.2	591.2	463.3	
25.4	42.6	620.7	470.6	
15.5	77.0	665.0	399.3	
10.6	74.6	657.6	328.0	
-4.1	57.4	635.5	264.0	
-4.1	57.4	556.7	224.6	
-11.5	62.3	485.4	163.1	
-28.7	42.6	359.9	123.8	
-28.7	57.4	244.3	57.4	
-43.5	59.8	104.1	-23.8	
-43.5	57.4	0.8	-43.5	
-63.2	42.6	-112.4	-90.2	
-68.1	30.3	-208.3	-141.9	
-70.6	37.7	-314.1	-161.6	
-70.6	47.5	-395.3	-171.4	
-68.1	52.4	-515.8	-196.0	
-70.6	42.6	-589.6	-213.2	
-82.9	42.6	-624.1	-213.2	
-95.2	57.4	-633.9	-257.5	
-102.5	86.9	-646.2	-242.8	
-102.5	99.2	-638.8	-262.4	
-107.5	89.3	-629.0	-304.3	
-102.5	54.9	-646.2	-326.4	
-95.2	50.0	-658.5	-319.0	
-92.7	45.1	-651.1	-331.3	
-85.3	30.3	-643.7	-385.4	
-80.4	32.8	-629.0	-385.4	
-80.4	35.2	-626.5	-378.1	
-73.0	27.8	-614.2	-365.8	
-68.1	37.7	-601.9	-326.4	
-70.6	45.1	-567.5	-294.4	
-63.2	67.2	-525.7	-213.2	
-55.8	42.6	-461.7	-166.5	
-43.5	40.1	-422.3	-188.6	
-36.1	77.0	-378.1	-137.0	
-36.1	64.7	-319.0	-132.1	
-28.7	62.3	-306.7	-109.9	
-16.4	62.3	-252.6	-60.7	
-14.0	47.5	-203.4	-36.1	
-16.4	27.8	-188.6	-68.1	
-23.8	50.0	-151.7	-58.3	
-16.4	52.4	-124.7	-43.5	
-11.5	37.7	-80.4	-11.5	
-6.6	27.8	-55.8	30.3	
0.8	30.3	-33.7	138.5	
10.6	40.1	-6.6	118.9	
20.5	42.6	40.1	109.0	
32.8	18.0	86.9	101.6	
32.8	20.5	118.9	123.8	
42.6	13.1	131.2	153.3	
40.1	5.7	160.7	121.3	
52.4	5.7	158.2	128.7	
40.1	3.2	177.9	170.5	
57.4	-4.1	195.1	160.7	
62.3	-11.5	190.2	182.8	
74.6	-23.8	209.9	177.9	
94.3	-18.9	256.6	182.8	
104.1	-21.4	305.8	160.7	
118.9	-21.4	340.3	182.8	
118.9	-28.7	313.2	190.2	
116.4	-28.7	310.7	192.7	
113.9	-21.4	296.0	219.7	
111.5	-36.1	298.4	241.9	
121.3	-33.7	315.7	266.5	
106.6	-38.6	323.0	273.8	
113.9	-36.1	340.3	298.4	
123.8	-31.2	352.6	246.8	
141.0	-21.4	377.2	300.9	
153.3	-28.7	374.7	451.0	
163.1	-16.4	387.0	529.7	
170.5	-4.1	377.2	603.5	
145.9	-14.0	355.0	647.8	
145.9	-23.8	342.7	847.0	
138.5	3.2	335.3	925.7	
123.8	25.4	303.4	984.8	
116.4	20.5	303.4	967.6	
99.2	22.9	273.8	957.7	
91.8	25.4	241.9	918.4	
96.7	5.7	200.0	746.2	
91.8	8.2	180.4	591.2	
86.9	3.2	148.4	419.0	
86.9	10.6	113.9	273.8	
89.3	13.1	89.3	163.1	
101.6	22.9	69.7	67.2	
96.7	20.5	57.4	0.8	
79.5	45.1	40.1	-92.7	
94.3	67.2	-4.1	-176.3	
94.3	77.0	-21.4	-240.3	
79.5	52.4	-46.0	-198.5	
86.9	52.4	-73.0	-156.7	
101.6	52.4	-68.1	-176.3	
96.7	27.8	-73.0	-223.1	
91.8	35.2	-112.4	-247.7	
86.9	52.4	-129.6	-188.6	
89.3	32.8	-164.0	-60.7	
77.0	3.2	-200.9	-50.9	
64.7	3.2	-218.2	-38.6	
50.0	-11.5	-245.2	-58.3	
42.6	-21.4	-296.9	-90.2	
37.7	-1.7	-338.7	-171.4	
22.9	-4.1	-380.5	-193.6	
30.3	8.2	-368.2	-210.8	
20.5	22.9	-363.3	-213.2	
5.7	13.1	-385.4	-161.6	
0.8	10.6	-410.0	-119.8	
0.8	5.7	-397.7	-139.4	
13.1	-1.7	-383.0	-137.0	
8.2	-18.9	-375.6	-154.2	
-1.7	-14.0	-358.4	-154.2	
-4.1	-33.7	-397.7	-161.6	
-26.3	-41.0	-429.7	-144.4	
-33.7	-41.0	-466.6	-107.5	
-36.1	-43.5	-520.7	-73.0	
-41.0	-28.7	-540.4	-82.9	
-50.9	-31.2	-535.5	-107.5	
-53.3	-26.3	-533.0	-117.3	
-58.3	-16.4	-513.4	-117.3	
-31.2	-4.1	-506.0	-132.1	
-6.6	-21.4	-478.9	-183.7	
20.5	-14.0	-483.8	-232.9	
50.0	-26.3	-442.0	-242.8	
77.0	-4.1	-395.3	-260.0	
86.9	-6.6	-304.3	-296.9	
86.9	-16.4	-203.4	-257.5	
101.6	-14.0	-97.6	-151.7	
86.9	-9.1	-14.0	-102.5	
84.4	-14.0	94.3	-134.5	
74.6	8.2	205.0	-161.6	
69.7	10.6	318.1	-159.1	
59.8	25.4	369.8	-164.0	
54.9	32.8	438.7	-159.1	
52.4	30.3	485.4	-146.8	
35.2	35.2	502.6	-122.2	
25.4	25.4	510.0	-122.2	
20.5	25.4	519.8	-114.8	
30.3	30.3	522.3	-122.2	
30.3	40.1	502.6	-68.1	
25.4	52.4	497.7	-50.9	
45.1	47.5	497.7	-41.0	
45.1	52.4	495.2	-73.0	
45.1	42.6	490.3	-87.8	
45.1	47.5	527.2	-107.5	
59.8	47.5	534.6	-127.1	
64.7	47.5	510.0	-80.4	
47.5	13.1	485.4	-132.1	
52.4	0.8	470.6	-112.4	
45.1	-6.6	441.1	-159.1	
47.5	-6.6	426.4	-161.6	
52.4	-16.4	404.2	-181.3	
54.9	-9.1	357.5	-161.6	
47.5	-4.1	300.9	-141.9	
37.7	-6.6	261.5	-132.1	
37.7	-14.0	234.5	-102.5	
35.2	10.6	195.1	-87.8	
42.6	40.1	150.8	-70.6	
40.1	42.6	131.2	-48.4	
40.1	57.4	123.8	-31.2	
35.2	47.5	96.7	-38.6	
27.8	52.4	116.4	-48.4	
30.3	42.6	121.3	-33.7	
27.8	47.5	121.3	-73.0	
30.3	50.0	165.6	-68.1	
30.3	52.4	227.1	-50.9	
22.9	30.3	288.6	-33.7	
30.3	35.2	359.9	22.9	
20.5	32.8	421.4	113.9	
25.4	18.0	463.3	123.8	
25.4	27.8	492.8	101.6	
32.8	35.2	497.7	101.6	
15.5	27.8	510.0	104.1	
18.0	25.4	490.3	116.4	
8.2	15.5	500.2	136.1	
0.8	3.2	492.8	138.5	
10.6	5.7	473.1	153.3	
18.0	-6.6	451.0	136.1	
25.4	-11.5	468.2	131.2	
22.9	-18.9	436.2	126.2	
22.9	-43.5	409.1	113.9	
10.6	-41.0	367.3	116.4	
8.2	-55.8	328.0	111.5	
0.8	-46.0	268.9	106.6	
-11.5	-43.5	222.2	94.3	
-14.0	-48.4	209.9	94.3	
8.2	-31.2	170.5	94.3	
5.7	-28.7	133.6	42.6	
15.5	-26.3	79.5	42.6	
15.5	-33.7	40.1	22.9	
18.0	-36.1	-26.3	-55.8	
20.5	-46.0	-70.6	-90.2	
27.8	-33.7	-95.2	-26.3	
8.2	-23.8	-132.1	-50.9	
0.8	-18.9	-149.3	-36.1	
-1.7	-4.1	-132.1	-1.7	
-14.0	15.5	-109.9	13.1	
-6.6	30.3	-77.9	40.1	
5.7	69.7	-43.5	-11.5	
10.6	45.1	-16.4	-41.0	
10.6	50.0	22.9	-63.2	
5.7	37.7	82.0	-68.1	
13.1	50.0	128.7	-82.9	
3.2	72.1	165.6	-55.8	
3.2	64.7	190.2	-43.5	
-11.5	47.5	212.3	-70.6	
-4.1	42.6	234.5	-100.1	
0.8	27.8	256.6	-112.4	
3.2	22.9	281.2	-134.5	
-14.0	8.2	291.1	-154.2	
-11.5	-9.1	313.2	-183.7	
-11.5	5.7	387.0	-181.3	
3.2	-4.1	478.0	-159.1	
0.8	0.8	581.3	-141.9	
-4.1	3.2	694.5	-127.1	
-11.5	18.0	736.3	-171.4	
-6.6	13.1	756.0	-193.6	
-16.4	30.3	728.9	-230.5	
-16.4	40.1	674.8	-220.6	
-21.4	47.5	623.2	-156.7	
-9.1	42.6	554.3	-151.7	
-21.4	52.4	458.3	-92.7	
-11.5	47.5	401.8	-48.4	
-11.5	59.8	367.3	-53.3	
-16.4	79.5	330.4	-97.6	
-18.9	77.0	300.9	-166.5	
-4.1	77.0	259.1	-183.7	
-16.4	79.5	212.3	-141.9	
-11.5	67.2	177.9	-146.8	
5.7	64.7	113.9	-139.4	
8.2	72.1	57.4	-119.8	
5.7	77.0	-14.0	-82.9	
8.2	69.7	-97.6	-31.2	
-4.1	74.6	-176.3	-14.0	
5.7	82.0	-225.5	-4.1	
0.8	99.2	-292.0	22.9	
-1.7	74.6	-355.9	30.3	
13.1	72.1	-385.4	52.4	
0.8	62.3	-442.0	67.2	
13.1	67.2	-491.2	86.9	
13.1	62.3	-493.7	91.8	
8.2	54.9	-510.9	72.1	
3.2	42.6	-523.2	67.2	
8.2	50.0	-488.8	27.8	
3.2	42.6	-471.5	-87.8	
8.2	45.1	-446.9	-75.5	
3.2	25.4	-434.6	54.9	
10.6	27.8	-424.8	79.5	
3.2	15.5	-405.1	54.9	
15.5	25.4	-422.3	20.5	
30.3	32.8	-397.7	35.2	
22.9	30.3	-360.8	-48.4	
35.2	25.4	-323.9	-70.6	
30.3	35.2	-274.7	-85.3	
30.3	40.1	-306.7	-50.9	
18.0	47.5	-363.3	-46.0	
15.5	47.5	-378.1	-38.6	
13.1	42.6	-360.8	-73.0	
5.7	45.1	-368.2	-105.0	
5.7	37.7	-363.3	-132.1	
-1.7	45.1	-395.3	-151.7	
8.2	45.1	-392.8	-196.0	
3.2	45.1	-373.1	-213.2	
5.7	45.1	-319.0	-223.1	
8.2	54.9	-287.0	-210.8	
10.6	40.1	-240.3	-210.8	
-4.1	25.4	-198.5	-203.4	
0.8	25.4	-191.1	-228.0	
13.1	25.4	-196.0	-240.3	
25.4	20.5	-188.6	-232.9	
20.5	13.1	-166.5	-240.3	
3.2	3.2	-139.4	-237.8	
5.7	18.0	-139.4	-245.2	
3.2	15.5	-109.9	-242.8	
-11.5	13.1	-63.2	-215.7	
-6.6	10.6	-65.6	-164.0	
-9.1	5.7	-48.4	-124.7	
-18.9	10.6	-31.2	-87.8	
-18.9	0.8	-21.4	-70.6	
-18.9	-4.1	-28.7	-90.2	
-6.6	-14.0	-6.6	-75.5	
-23.8	-6.6	15.5	-73.0	
-9.1	13.1	18.0	-26.3	
-16.4	8.2	32.8	15.5	
-16.4	0.8	27.8	45.1	
-18.9	0.8	10.6	67.2	
-23.8	-18.9	10.6	106.6	
-33.7	0.8	-11.5	128.7	
-26.3	15.5	0.8	163.1	
-16.4	20.5	15.5	155.8	
-9.1	0.8	45.1	182.8	
-6.6	-1.7	74.6	202.5	
-9.1	20.5	101.6	239.4	
-14.0	37.7	128.7	281.2	
-16.4	32.8	170.5	303.4	
-4.1	20.5	192.7	308.3	
-11.5	20.5	236.9	335.3	
-23.8	-18.9	276.3	347.6	
-33.7	-31.2	305.8	342.7	
-11.5	-36.1	335.3	355.0	
-11.5	-28.7	369.8	362.4	
-11.5	-28.7	391.9	359.9	
-4.1	-16.4	355.0	379.6	
-18.9	-18.9	303.4	379.6	
3.2	-28.7	249.2	377.2	
5.7	-21.4	200.0	357.5	
3.2	-33.7	177.9	320.6	
22.9	-33.7	168.1	273.8	
5.7	-38.6	158.2	236.9	
13.1	-38.6	168.1	205.0	
20.5	-41.0	214.8	207.4	
15.5	-36.1	256.6	185.3	
15.5	-28.7	256.6	145.9	
8.2	-21.4	227.1	123.8	
8.2	-28.7	217.3	94.3	
3.2	8.2	209.9	89.3	
0.8	20.5	209.9	20.5	
5.7	22.9	217.3	-21.4	
-11.5	64.7	229.6	-50.9	
-11.5	79.5	261.5	-75.5	
-4.1	94.3	283.7	-95.2	
15.5	74.6	315.7	-114.8	
10.6	86.9	359.9	-141.9	
22.9	99.2	463.3	-176.3	
13.1	84.4	588.7	-193.6	
18.0	86.9	726.5	-191.1	
0.8	89.3	881.5	-186.2	
0.8	89.3	1085.6	-186.2	
15.5	101.6	1294.7	-186.2	
13.1	104.1	1513.7	-205.9	
15.5	91.8	1626.8	-178.8	
25.4	101.6	1326.7	-154.2	
20.5	82.0	810.1	-144.4	
40.1	54.9	350.1	-122.2	
45.1	25.4	-18.9	-119.8	
45.1	-14.0	-267.4	-107.5	
50.0	-31.2	-395.3	-141.9	
50.0	-4.1	-513.4	-171.4	
57.4	22.9	-579.8	-176.3	
59.8	37.7	-629.0	-154.2	
74.6	62.3	-661.0	-149.3	
72.1	74.6	-651.1	-129.6	
79.5	57.4	-626.5	-109.9	
72.1	47.5	-636.4	-102.5	
69.7	40.1	-621.6	-87.8	
72.1	27.8	-614.2	-75.5	
79.5	27.8	-601.9	-68.1	
74.6	10.6	-619.1	-55.8	
82.0	-14.0	-611.8	-50.9	
99.2	5.7	-631.4	-55.8	
91.8	25.4	-616.7	-58.3	
99.2	30.3	-579.8	-60.7	
91.8	64.7	-535.5	-48.4	
99.2	86.9	-491.2	-58.3	
118.9	91.8	-474.0	-53.3	
128.7	94.3	-459.2	-48.4	
126.2	82.0	-427.3	-53.3	
136.1	77.0	-410.0	-65.6	
141.0	59.8	-419.9	-80.4	
126.2	64.7	-402.7	-63.2	
121.3	67.2	-402.7	-82.9	
96.7	91.8	-378.1	-68.1	
89.3	94.3	-328.9	-65.6	
94.3	106.6	-267.4	-43.5	
82.0	104.1	-287.0	-14.0	
82.0	69.7	-304.3	-4.1	
94.3	94.3	-392.8	15.5	
91.8	94.3	-444.5	40.1	
84.4	82.0	-491.2	59.8	
82.0	106.6	-525.7	84.4	
59.8	113.9	-506.0	128.7	
57.4	116.4	-535.5	150.8	
57.4	143.5	-565.0	175.4	
42.6	131.2	-572.4	170.5	
40.1	109.0	-555.2	190.2	
47.5	82.0	-530.6	185.3	
52.4	27.8	-456.8	222.2	
45.1	0.8	-424.8	227.1	
45.1	-16.4	-373.1	185.3	
27.8	-4.1	-331.3	123.8	
37.7	-18.9	-292.0	50.0	
25.4	-1.7	-240.3	-1.7	
18.0	-14.0	-208.3	-65.6	
18.0	-38.6	-255.1	-114.8	
18.0	15.5	-289.5	-144.4	
47.5	30.3	-171.4	-149.3	
64.7	35.2	-68.1	-161.6	
57.4	18.0	-41.0	-127.1	
50.0	27.8	-36.1	-124.7	
59.8	20.5	-90.2	-203.4	
50.0	52.4	-105.0	-235.4	
57.4	57.4	-82.9	-264.9	
59.8	52.4	-73.0	-274.7	
67.2	62.3	-55.8	-237.8	
74.6	50.0	-53.3	-129.6	
72.1	57.4	-50.9	-14.0	
59.8	25.4	18.0	69.7	
45.1	18.0	128.7	77.0	
62.3	25.4	195.1	67.2	
62.3	45.1	259.1	82.0	
57.4	27.8	286.1	50.0	
42.6	37.7	315.7	67.2	
37.7	13.1	330.4	86.9	
18.0	8.2	359.9	99.2	
37.7	3.2	414.1	40.1	
32.8	5.7	421.4	52.4	
37.7	8.2	431.3	91.8	
25.4	20.5	374.7	116.4	
27.8	20.5	239.4	145.9	
30.3	13.1	145.9	143.5	
18.0	18.0	126.2	205.0	
22.9	3.2	89.3	212.3	
25.4	3.2	131.2	182.8	
18.0	35.2	77.0	195.1	
13.1	40.1	106.6	173.0	
-1.7	-14.0	57.4	143.5	
8.2	-55.8	40.1	96.7	
13.1	-77.9	3.2	-1.7	
32.8	-23.8	82.0	99.2	
37.7	30.3	180.4	163.1	
30.3	101.6	177.9	79.5	
35.2	118.9	293.5	13.1	
22.9	173.0	455.9	22.9	
40.1	209.9	512.5	54.9	
35.2	197.6	601.0	57.4	
32.8	182.8	684.7	-65.6	
20.5	155.8	660.1	-87.8	
40.1	57.4	618.2	-65.6	
32.8	-63.2	527.2	-68.1	
37.7	-191.1	458.3	-132.1	
40.1	-181.3	399.3	-144.4	
25.4	-159.1	335.3	-141.9	
15.5	-141.9	283.7	-114.8	
3.2	-92.7	236.9	-117.3	
0.8	-48.4	241.9	-80.4	
-14.0	-6.6	296.0	-97.6	
-28.7	-16.4	281.2	-82.9	
-41.0	-16.4	273.8	-75.5	
-38.6	-9.1	251.7	-55.8	
-46.0	5.7	219.7	-26.3	
-23.8	10.6	227.1	-85.3	
-26.3	32.8	202.5	-114.8	
-36.1	27.8	138.5	-114.8	
-46.0	47.5	131.2	-137.0	
-60.7	57.4	104.1	-149.3	
-65.6	45.1	126.2	-191.1	
-60.7	30.3	131.2	-210.8	
-85.3	30.3	52.4	-193.6	
-97.6	40.1	94.3	-188.6	
-95.2	37.7	148.4	-200.9	
-80.4	42.6	165.6	-127.1	
-77.9	37.7	133.6	-75.5	
-68.1	35.2	126.2	-75.5	
-48.4	42.6	155.8	-151.7	
-53.3	37.7	128.7	-264.9	
-38.6	35.2	104.1	-323.9	
-38.6	27.8	52.4	-358.4	
-31.2	35.2	-38.6	-333.8	
-21.4	45.1	-112.4	-331.3	
-14.0	37.7	-230.5	-343.6	
0.8	59.8	-319.0	-262.4	
0.8	25.4	-306.7	-245.2	
-9.1	20.5	-417.4	-232.9	
20.5	18.0	-478.9	-210.8	
25.4	5.7	-542.9	-166.5	
32.8	-11.5	-523.2	-100.1	
35.2	0.8	-478.9	-55.8	
42.6	8.2	-481.4	-38.6	
27.8	-16.4	-508.4	-28.7	
30.3	-21.4	-518.3	-26.3	
18.0	-4.1	-483.8	-33.7	
15.5	-9.1	-469.1	-55.8	
0.8	13.1	-410.0	-107.5	
-21.4	5.7	-365.8	-134.5	
-21.4	3.2	-304.3	-119.8	
-18.9	0.8	-235.4	-114.8	
-23.8	5.7	-242.8	-127.1	
-16.4	3.2	-252.6	-151.7	
-31.2	10.6	-215.7	-159.1	
-21.4	0.8	-193.6	-171.4	
-21.4	3.2	-223.1	-122.2	
-21.4	3.2	-277.2	-33.7	
-21.4	15.5	-375.6	138.5	
-16.4	5.7	-419.9	141.0	
-11.5	15.5	-422.3	50.0	
-11.5	27.8	-351.0	-73.0	
-21.4	8.2	-282.1	-200.9	
-14.0	-4.1	-321.5	-240.3	
-6.6	8.2	-358.4	-264.9	
-9.1	-9.1	-405.1	-407.6	
3.2	-18.9	-449.4	-597.0	
20.5	-33.7	-456.8	-732.3	
22.9	-21.4	-481.4	-796.3	
47.5	-4.1	-464.2	-830.7	
52.4	5.7	-486.3	-806.1	
52.4	5.7	-510.9	-776.6	
67.2	13.1	-540.4	-729.8	
89.3	22.9	-501.1	-673.3	
96.7	20.5	-493.7	-663.4	
104.1	37.7	-478.9	-626.5	
121.3	20.5	-400.2	-560.1	
128.7	8.2	-419.9	-439.6	
143.5	5.7	-351.0	-296.9	
150.8	8.2	-274.7	-193.6	
143.5	-6.6	-186.2	-87.8	
155.8	8.2	-82.9	-28.7	
165.6	15.5	-36.1	45.1	
158.2	13.1	-80.4	158.2	
150.8	20.5	-134.5	234.5	
148.4	8.2	-191.1	271.4	
143.5	5.7	-225.5	251.7	
126.2	3.2	-250.1	229.6	
121.3	3.2	-262.4	229.6	
104.1	-4.1	-223.1	200.0	
96.7	-1.7	-181.3	168.1	
94.3	-11.5	-156.7	153.3	
89.3	-9.1	-247.7	118.9	
89.3	5.7	-301.8	72.1	
91.8	13.1	-250.1	45.1	
99.2	22.9	-159.1	69.7	
99.2	32.8	-97.6	74.6	
96.7	15.5	3.2	89.3	
106.6	20.5	40.1	96.7	
99.2	37.7	69.7	45.1	
109.0	30.3	155.8	-60.7	
99.2	30.3	192.7	-191.1	
96.7	27.8	190.2	-311.6	
89.3	42.6	131.2	-363.3	
89.3	32.8	118.9	-346.1	
82.0	30.3	104.1	-235.4	
84.4	37.7	84.4	-68.1	
79.5	22.9	74.6	57.4	
74.6	35.2	62.3	158.2	
84.4	25.4	20.5	229.6	
77.0	20.5	-11.5	315.7	
79.5	15.5	25.4	367.3	
91.8	8.2	59.8	350.1	
79.5	0.8	40.1	308.3	
79.5	5.7	18.0	300.9	
79.5	25.4	-4.1	362.4	
72.1	27.8	0.8	485.4	
50.0	37.7	-4.1	667.4	
59.8	25.4	74.6	849.5	
59.8	47.5	158.2	965.1	
54.9	37.7	158.2	896.2	
45.1	27.8	141.0	514.9	
42.6	47.5	54.9	222.2	
47.5	27.8	-38.6	109.0	
35.2	32.8	-16.4	-23.8	
27.8	37.7	-33.7	-218.2	
18.0	30.3	-41.0	-289.5	
15.5	35.2	-77.9	-213.2	
5.7	25.4	-63.2	-58.3	
5.7	37.7	-85.3	96.7	
5.7	47.5	-102.5	217.3	
-1.7	47.5	-114.8	268.9	
3.2	42.6	-73.0	278.8	
5.7	50.0	8.2	246.8	
5.7	57.4	37.7	241.9	
13.1	67.2	77.0	234.5	
8.2	67.2	123.8	205.0	
13.1	69.7	202.5	165.6	
13.1	72.1	180.4	143.5	
22.9	86.9	170.5	118.9	
37.7	77.0	150.8	96.7	
30.3	72.1	158.2	116.4	
40.1	82.0	227.1	106.6	
47.5	57.4	212.3	72.1	
52.4	64.7	212.3	54.9	
50.0	64.7	175.4	22.9	
25.4	57.4	190.2	-1.7	
50.0	40.1	219.7	-33.7	
22.9	52.4	251.7	-33.7	
40.1	45.1	278.8	-6.6	
15.5	37.7	232.0	52.4	
20.5	35.2	173.0	160.7	
22.9	0.8	173.0	209.9	
13.1	-6.6	192.7	190.2	
20.5	-16.4	200.0	160.7	
22.9	-16.4	195.1	104.1	
25.4	-16.4	143.5	67.2	
15.5	-26.3	106.6	72.1	
15.5	-21.4	111.5	121.3	
10.6	-23.8	131.2	217.3	
10.6	-33.7	128.7	249.2	
30.3	-36.1	111.5	214.8	
20.5	-43.5	72.1	168.1	
13.1	-43.5	52.4	126.2	
25.4	-48.4	89.3	94.3	
18.0	-50.9	72.1	69.7	
15.5	-58.3	54.9	-18.9	
3.2	-48.4	30.3	25.4	
5.7	-50.9	52.4	91.8	
10.6	-55.8	10.6	-28.7	
32.8	-53.3	8.2	-210.8	
27.8	-50.9	47.5	-400.2	
35.2	-63.2	-1.7	-449.4	
22.9	-53.3	-48.4	-289.5	
30.3	-53.3	-95.2	-141.9	
35.2	-55.8	-97.6	-23.8	
32.8	-58.3	0.8	160.7	
37.7	-48.4	13.1	399.3	
45.1	-46.0	32.8	701.9	
32.8	-46.0	37.7	640.4	
45.1	-38.6	20.5	446.0	
45.1	-48.4	0.8	207.4	
47.5	-43.5	0.8	59.8	
40.1	-46.0	3.2	-80.4	
30.3	-48.4	72.1	-161.6	
40.1	-43.5	72.1	-250.1	
35.2	-33.7	62.3	-292.0	
32.8	-46.0	52.4	-292.0	
13.1	-21.4	37.7	-196.0	
8.2	-33.7	22.9	-274.7	
5.7	-21.4	27.8	-323.9	
-6.6	-18.9	3.2	-279.7	
-11.5	-11.5	-41.0	-225.5	
-18.9	-6.6	-6.6	-166.5	
-14.0	-11.5	77.0	-159.1	
-36.1	-11.5	217.3	-141.9	
-36.1	-1.7	207.4	-159.1	
-36.1	5.7	205.0	-264.9	
-60.7	5.7	246.8	-439.6	
-58.3	3.2	323.0	-582.2	
-60.7	3.2	426.4	-535.5	
-60.7	0.8	362.4	-306.7	
-53.3	-1.7	190.2	-257.5	
-65.6	-18.9	126.2	-417.4	
-58.3	-6.6	94.3	-127.1	
-48.4	-21.4	77.0	406.7	
-50.9	-9.1	45.1	544.4	
-41.0	-16.4	-21.4	426.4	
-46.0	-28.7	-70.6	254.2	
-38.6	-28.7	-114.8	293.5	
-38.6	-36.1	-149.3	480.5	
-33.7	-43.5	-181.3	529.7	
-31.2	-38.6	-198.5	468.2	
-31.2	-41.0	-129.6	642.8	
-21.4	-18.9	-46.0	706.8	
-23.8	-23.8	20.5	581.3	
-21.4	-4.1	62.3	426.4	
-31.2	0.8	67.2	313.2	
-26.3	18.0	3.2	239.4	
-16.4	13.1	-16.4	187.7	
-9.1	22.9	-9.1	143.5	
-4.1	27.8	-9.1	79.5	
-1.7	27.8	-4.1	62.3	
0.8	37.7	18.0	72.1	
-4.1	35.2	45.1	91.8	
8.2	30.3	57.4	-38.6	
-1.7	37.7	37.7	-127.1	
-9.1	32.8	30.3	-400.2	
18.0	40.1	13.1	-715.1	
15.5	64.7	0.8	-742.1	
25.4	74.6	20.5	-707.7	
20.5	57.4	77.0	-963.5	
37.7	57.4	175.4	-1076.7	
57.4	72.1	155.8	-1261.2	
67.2	86.9	113.9	-1226.8	
74.6	79.5	-6.6	-948.8	
64.7	77.0	-41.0	-756.9	
40.1	69.7	-16.4	-215.7	
47.5	57.4	5.7	283.7	
25.4	52.4	13.1	701.9	
22.9	59.8	-18.9	783.1	
20.5	47.5	-68.1	891.3	
20.5	57.4	-109.9	1056.1	
3.2	57.4	-16.4	955.3	
-14.0	47.5	64.7	788.0	
-6.6	32.8	67.2	684.7	
-18.9	37.7	74.6	522.3	
-36.1	37.7	-9.1	352.6	
-38.6	50.0	-122.2	227.1	
-36.1	37.7	-220.6	190.2	
-38.6	35.2	-112.4	150.8	
-43.5	35.2	-1.7	113.9	
-36.1	32.8	84.4	99.2	
-23.8	37.7	131.2	40.1	
-16.4	42.6	165.6	-4.1	
-9.1	37.7	207.4	-38.6	
3.2	37.7	177.9	27.8	
3.2	42.6	200.0	54.9	
-1.7	52.4	268.9	32.8	
0.8	54.9	236.9	57.4	
3.2	62.3	101.6	74.6	
3.2	54.9	22.9	79.5	
3.2	64.7	84.4	82.0	
0.8	57.4	133.6	91.8	
0.8	52.4	133.6	104.1	
0.8	47.5	109.0	106.6	
-14.0	30.3	-23.8	82.0	
-1.7	40.1	-102.5	104.1	
-1.7	42.6	-80.4	104.1	
10.6	40.1	-60.7	82.0	
-4.1	18.0	-55.8	52.4	
8.2	25.4	-48.4	40.1	
20.5	27.8	-26.3	79.5	
22.9	27.8	-48.4	106.6	
40.1	22.9	-188.6	192.7	
30.3	18.0	-304.3	239.4	
30.3	15.5	-255.1	195.1	
32.8	-1.7	-164.0	84.4	
37.7	3.2	-63.2	42.6	
18.0	-9.1	57.4	52.4	
18.0	-11.5	54.9	64.7	
10.6	10.6	118.9	54.9	
-1.7	5.7	170.5	30.3	
-1.7	-4.1	180.4	5.7	
-1.7	3.2	187.7	-18.9	
-6.6	10.6	153.3	32.8	
-16.4	15.5	116.4	57.4	
-4.1	32.8	141.0	3.2	
0.8	27.8	128.7	-1.7	
-11.5	18.0	101.6	-28.7	
-4.1	30.3	96.7	-75.5	
3.2	37.7	86.9	-82.9	
0.8	45.1	79.5	-77.9	
5.7	18.0	106.6	-70.6	
-1.7	15.5	50.0	-68.1	
13.1	10.6	35.2	-68.1	
13.1	27.8	91.8	-97.6	
8.2	13.1	136.1	-127.1	
10.6	15.5	177.9	-169.0	
3.2	40.1	227.1	-210.8	
18.0	22.9	163.1	-250.1	
27.8	37.7	131.2	-348.5	
37.7	47.5	79.5	-432.2	
27.8	47.5	45.1	-496.1	
27.8	72.1	-1.7	-474.0	
42.6	67.2	-46.0	-454.3	
50.0	69.7	-97.6	-422.3	
47.5	45.1	-171.4	-336.2	
54.9	59.8	-200.9	-213.2	
50.0	72.1	-200.9	-122.2	
50.0	79.5	-107.5	-75.5	
62.3	74.6	-36.1	30.3	
64.7	82.0	-58.3	101.6	
47.5	89.3	-63.2	180.4	
40.1	74.6	8.2	251.7	
32.8	64.7	89.3	296.0	
35.2	40.1	160.7	276.3	
32.8	32.8	200.0	278.8	
27.8	18.0	205.0	276.3	
42.6	52.4	113.9	276.3	
42.6	52.4	54.9	227.1	
37.7	74.6	30.3	212.3	
42.6	86.9	5.7	207.4	
27.8	69.7	35.2	212.3	
32.8	96.7	104.1	234.5	
27.8	121.3	-4.1	180.4	
35.2	118.9	-213.2	141.0	
32.8	109.0	-306.7	86.9	
42.6	109.0	-289.5	77.0	
30.3	118.9	-264.9	118.9	
30.3	106.6	-279.7	59.8	
32.8	116.4	-299.3	30.3	
25.4	91.8	-215.7	5.7	
27.8	77.0	-139.4	5.7	
32.8	69.7	-90.2	35.2	
13.1	40.1	-43.5	54.9	
25.4	15.5	-41.0	52.4	
15.5	0.8	-28.7	47.5	
5.7	-14.0	-73.0	22.9	
-11.5	-23.8	-16.4	74.6	
-4.1	-28.7	15.5	121.3	
3.2	-21.4	-48.4	202.5	
25.4	-18.9	-41.0	187.7	
30.3	-43.5	13.1	131.2	
35.2	-68.1	72.1	141.0	
18.0	-63.2	74.6	113.9	
32.8	-73.0	62.3	82.0	
10.6	-75.5	62.3	94.3	
-6.6	-65.6	37.7	123.8	
-9.1	-53.3	47.5	123.8	
-18.9	-36.1	-11.5	133.6	
-14.0	-46.0	-65.6	155.8	
-4.1	-26.3	-95.2	153.3	
-11.5	-21.4	-151.7	177.9	
-14.0	-11.5	-164.0	244.3	
-14.0	-33.7	-122.2	251.7	
-16.4	-46.0	-75.5	236.9	
-18.9	-60.7	-50.9	222.2	
-21.4	-60.7	-41.0	234.5	
-26.3	-41.0	-36.1	229.6	
-16.4	-28.7	-77.9	246.8	
-16.4	-31.2	-97.6	254.2	
-9.1	-28.7	-23.8	214.8	
-18.9	-55.8	74.6	219.7	
-23.8	-68.1	131.2	214.8	
-28.7	-63.2	190.2	190.2	
-14.0	-14.0	224.6	209.9	
-9.1	-21.4	251.7	219.7	
-11.5	-9.1	182.8	190.2	
3.2	32.8	136.1	192.7	
-16.4	131.2	64.7	200.0	
-14.0	165.6	-11.5	207.4	
15.5	153.3	-6.6	177.9	
-1.7	163.1	-77.9	185.3	
10.6	113.9	-144.4	217.3	
8.2	99.2	-117.3	212.3	
0.8	45.1	-107.5	264.0	
25.4	27.8	-119.8	251.7	
20.5	10.6	-139.4	217.3	
15.5	-60.7	-95.2	219.7	
8.2	-107.5	-100.1	232.0	
-4.1	-127.1	-95.2	209.9	
-6.6	-134.5	-92.7	217.3	
-14.0	-141.9	-50.9	246.8	
-18.9	-112.4	35.2	268.9	
-16.4	-92.7	96.7	259.1	
-11.5	-65.6	143.5	244.3	
-9.1	-50.9	190.2	214.8	
-21.4	-60.7	276.3	205.0	
-6.6	-60.7	355.0	170.5	
-16.4	-31.2	372.2	128.7	
-9.1	-18.9	357.5	99.2	
-4.1	0.8	448.5	50.0	
15.5	5.7	448.5	13.1	
18.0	10.6	576.4	-33.7	
27.8	15.5	601.0	-63.2	
30.3	40.1	561.7	-127.1	
52.4	52.4	465.7	-176.3	
50.0	45.1	396.8	-127.1	
40.1	37.7	340.3	-156.7	
54.9	18.0	291.1	-218.2	
67.2	35.2	207.4	-242.8	
64.7	62.3	168.1	-237.8	
54.9	47.5	173.0	-237.8	
52.4	35.2	148.4	-272.3	
45.1	0.8	13.1	-323.9	
50.0	-38.6	-137.0	-292.0	
35.2	-50.9	-218.2	-299.3	
35.2	-60.7	-336.2	-242.8	
30.3	-50.9	-346.1	-230.5	
25.4	-48.4	-304.3	-198.5	
42.6	-46.0	-269.8	-176.3	
45.1	-46.0	-228.0	-141.9	
45.1	-33.7	-178.8	-156.7	
40.1	-16.4	-117.3	-232.9	
47.5	-4.1	-82.9	-235.4	
42.6	-14.0	-63.2	-114.8	
42.6	3.2	-53.3	-41.0	
22.9	0.8	-48.4	-21.4	
30.3	3.2	-58.3	-36.1	
37.7	27.8	-117.3	-23.8	
35.2	3.2	-97.6	8.2	
35.2	-21.4	-4.1	13.1	
32.8	-36.1	32.8	18.0	
22.9	-21.4	153.3	10.6	
18.0	52.4	195.1	8.2	
15.5	113.9	276.3	50.0	
18.0	62.3	170.5	77.0	
35.2	50.0	99.2	104.1	
27.8	52.4	72.1	111.5	
40.1	59.8	-16.4	145.9	
45.1	91.8	-124.7	113.9	
30.3	96.7	-178.8	42.6	
18.0	111.5	-33.7	-33.7	
40.1	79.5	64.7	-68.1	
40.1	47.5	116.4	3.2	
18.0	42.6	202.5	82.0	
10.6	30.3	165.6	264.0	
13.1	13.1	50.0	308.3	
20.5	-4.1	-14.0	224.6	
15.5	-31.2	-178.8	200.0	
8.2	-43.5	-237.8	234.5	
-6.6	-50.9	-272.3	207.4	
-11.5	-26.3	-346.1	74.6	
-21.4	-31.2	-279.7	37.7	
-28.7	-16.4	-68.1	45.1	
-26.3	-16.4	45.1	47.5	
-23.8	-9.1	217.3	69.7	
-31.2	-1.7	197.6	50.0	
-18.9	3.2	79.5	59.8	
3.2	-6.6	69.7	37.7	
-4.1	5.7	25.4	30.3	
-4.1	5.7	-43.5	22.9	
-11.5	42.6	-139.4	27.8	
3.2	79.5	-215.7	20.5	
-11.5	52.4	-383.0	10.6	
-16.4	40.1	-387.9	20.5	
-14.0	52.4	-319.0	22.9	
-6.6	42.6	-188.6	27.8	
-26.3	47.5	-18.9	30.3	
-23.8	54.9	22.9	35.2	
-33.7	8.2	52.4	25.4	
-41.0	-9.1	121.3	20.5	
-41.0	-9.1	148.4	20.5	
-50.9	-9.1	118.9	40.1	
-41.0	-9.1	54.9	30.3	
-9.1	5.7	-60.7	47.5	
8.2	-16.4	-139.4	47.5	
-1.7	13.1	-196.0	45.1	
0.8	20.5	-198.5	40.1	
10.6	15.5	-149.3	42.6	
22.9	77.0	-75.5	40.1	
22.9	123.8	-18.9	74.6	
22.9	138.5	10.6	84.4	
5.7	153.3	22.9	72.1	
13.1	148.4	62.3	69.7	
18.0	128.7	62.3	67.2	
18.0	94.3	37.7	54.9	
3.2	59.8	79.5	52.4	
5.7	62.3	18.0	52.4	
10.6	54.9	-4.1	45.1	
25.4	3.2	-21.4	27.8	
47.5	-21.4	-63.2	20.5	
45.1	-75.5	-41.0	22.9	
42.6	-80.4	-33.7	27.8	
64.7	-95.2	-102.5	20.5	
77.0	-97.6	-117.3	18.0	
79.5	-77.9	-90.2	10.6	
74.6	-18.9	-70.6	13.1	
69.7	3.2	-16.4	-1.7	
77.0	42.6	54.9	-4.1	
69.7	59.8	99.2	-11.5	
79.5	77.0	111.5	-14.0	
67.2	27.8	148.4	0.8	
64.7	35.2	148.4	40.1	
40.1	18.0	145.9	54.9	
40.1	27.8	185.3	22.9	
27.8	-4.1	155.8	20.5	
8.2	5.7	131.2	0.8	
3.2	-50.9	145.9	-11.5	
8.2	-75.5	163.1	-4.1	
-14.0	-82.9	195.1	-14.0	
-16.4	-102.5	288.6	-18.9	
-28.7	-1.7	246.8	-11.5	
-23.8	111.5	222.2	-4.1	
-23.8	182.8	185.3	-14.0	
-6.6	123.8	170.5	-23.8	
8.2	62.3	74.6	-41.0	
-1.7	59.8	-1.7	-38.6	
8.2	69.7	-75.5	-46.0	
-21.4	91.8	18.0	-87.8	
-38.6	50.0	18.0	-154.2	
-14.0	0.8	104.1	-198.5	
-21.4	-11.5	116.4	-225.5	
0.8	22.9	148.4	-186.2	
18.0	42.6	37.7	-119.8	
37.7	10.6	-191.1	5.7	
42.6	10.6	-328.9	54.9	
45.1	-4.1	-311.6	-26.3	
45.1	3.2	-326.4	-109.9	
54.9	10.6	-247.7	-48.4	
57.4	50.0	-186.2	47.5	
52.4	99.2	-117.3	27.8	
47.5	89.3	8.2	0.8	
40.1	59.8	27.8	-38.6	
42.6	-14.0	3.2	-73.0	
32.8	-36.1	-33.7	-33.7	
30.3	-46.0	-23.8	15.5	
27.8	-55.8	-9.1	20.5	
30.3	-55.8	79.5	-1.7	
18.0	-58.3	207.4	-4.1	
13.1	-68.1	214.8	-6.6	
-1.7	-60.7	170.5	-21.4	
-1.7	-38.6	96.7	-50.9	
3.2	-11.5	54.9	-48.4	
5.7	22.9	45.1	-23.8	
0.8	45.1	18.0	-31.2	
3.2	35.2	-36.1	-48.4	
10.6	37.7	-70.6	-87.8	
0.8	67.2	-112.4	-193.6	
5.7	52.4	-107.5	-252.6	
22.9	54.9	-53.3	-301.8	
30.3	57.4	-28.7	-434.6	
30.3	64.7	-55.8	-594.5	
27.8	62.3	-97.6	-744.6	
37.7	40.1	-134.5	-907.0	
40.1	32.8	-139.4	-1012.7	
54.9	10.6	-107.5	-835.6	
45.1	32.8	-102.5	-466.6	
42.6	62.3	-50.9	123.8	
40.1	50.0	-4.1	490.3	
32.8	18.0	57.4	728.9	
40.1	5.7	104.1	623.2	
52.4	-11.5	50.0	332.9	
45.1	0.8	18.0	202.5	
45.1	-36.1	-11.5	160.7	
54.9	-31.2	-41.0	177.9	
62.3	-18.9	-18.9	490.3	
57.4	-18.9	3.2	630.5	
45.1	-23.8	-16.4	409.1	
42.6	-21.4	0.8	158.2	
35.2	10.6	-6.6	84.4	
25.4	27.8	35.2	91.8	
18.0	45.1	69.7	42.6	
27.8	128.7	69.7	10.6	
45.1	187.7	84.4	-41.0	
40.1	190.2	109.0	-107.5	
45.1	232.0	175.4	-129.6	
42.6	271.4	195.1	-200.9	
35.2	293.5	168.1	-242.8	
45.1	300.9	155.8	-380.5	
35.2	286.1	128.7	-665.9	
42.6	256.6	96.7	-1044.7	
45.1	209.9	37.7	-1320.2	
42.6	118.9	-9.1	-1583.5	
35.2	-18.9	-26.3	-1743.4	
27.8	-100.1	-68.1	-1654.8	
22.9	-183.7	-60.7	-1194.8	
32.8	-284.6	-18.9	-993.1	
30.3	-365.8	-6.6	-550.3	
25.4	-358.4	-9.1	822.4	
27.8	-299.3	27.8	726.5	
20.5	-228.0	64.7	1097.9	
18.0	-193.6	82.0	1776.9	
27.8	-149.3	45.1	1435.0	
15.5	-102.5	10.6	1287.4	
22.9	-70.6	74.6	1309.5	
3.2	-43.5	91.8	728.9	
-1.7	-68.1	168.1	195.1	
8.2	-53.3	296.0	-188.6	
5.7	-41.0	364.9	-129.6	
-14.0	-21.4	436.2	18.0	
5.7	5.7	394.4	305.8	
3.2	32.8	359.9	406.7	
-18.9	35.2	219.7	423.9	
0.8	52.4	77.0	364.9	
-11.5	69.7	-169.0	369.8	
3.2	45.1	-400.2	219.7	
-6.6	57.4	-456.8	72.1	
-26.3	52.4	-442.0	82.0	
-23.8	69.7	-424.8	185.3	
-21.4	89.3	-395.3	111.5	
5.7	109.0	-387.9	-48.4	
13.1	141.0	-351.0	-198.5	
25.4	123.8	-274.7	-260.0	
-4.1	123.8	-176.3	-319.0	
-11.5	126.2	-139.4	-530.6	
8.2	128.7	-109.9	-565.0	
0.8	150.8	-92.7	-528.1	
8.2	163.1	-68.1	-112.4	
3.2	143.5	-80.4	603.5	
-9.1	69.7	-46.0	812.6	
-28.7	10.6	-14.0	677.3	
-31.2	-82.9	-26.3	342.7	
-21.4	-144.4	15.5	359.9	
-31.2	-122.2	52.4	246.8	
-38.6	-95.2	37.7	458.3	
-28.7	-53.3	27.8	687.1	
-38.6	3.2	94.3	551.8	
-36.1	25.4	116.4	571.5	
-41.0	45.1	244.3	655.1	
-28.7	52.4	276.3	625.6	
-36.1	84.4	212.3	480.5	
-33.7	91.8	89.3	367.3	
-28.7	94.3	-16.4	283.7	
-31.2	84.4	-77.9	177.9	
-43.5	77.0	-159.1	50.0	
-38.6	74.6	-247.7	-18.9	
-36.1	62.3	-319.0	-53.3	
-36.1	52.4	-245.2	-38.6	
-50.9	47.5	-240.3	-31.2	
-31.2	47.5	-284.6	13.1	
-46.0	45.1	-375.6	42.6	
-33.7	32.8	-417.4	52.4	
-43.5	35.2	-319.0	59.8	
-31.2	22.9	-215.7	96.7	
-18.9	50.0	-159.1	91.8	
-14.0	57.4	-139.4	0.8	
-6.6	45.1	-119.8	30.3	
5.7	50.0	-109.9	32.8	
18.0	45.1	-63.2	37.7	
32.8	10.6	-102.5	82.0	
37.7	-4.1	-109.9	195.1	
45.1	32.8	-117.3	123.8	
30.3	133.6	-102.5	207.4	
52.4	121.3	-41.0	283.7	
52.4	96.7	116.4	246.8	
54.9	96.7	190.2	160.7	
57.4	123.8	170.5	155.8	
69.7	170.5	150.8	244.3	
64.7	165.6	113.9	288.6	
67.2	131.2	54.9	308.3	
59.8	96.7	27.8	229.6	
62.3	22.9	35.2	113.9	
67.2	-11.5	13.1	-18.9	
47.5	-36.1	37.7	-176.3	
62.3	-18.9	82.0	-159.1	
45.1	-9.1	278.8	-36.1	
42.6	-6.6	490.3	54.9	
47.5	8.2	517.4	136.1	
42.6	18.0	451.0	106.6	
27.8	20.5	330.4	-1.7	
32.8	18.0	241.9	-112.4	
35.2	25.4	84.4	-232.9	
20.5	22.9	-63.2	-240.3	
27.8	22.9	-109.9	-186.2	
27.8	5.7	-109.9	-171.4	
13.1	-1.7	-97.6	-323.9	
15.5	-28.7	-63.2	-491.2	
5.7	-18.9	35.2	-565.0	
-1.7	-9.1	158.2	-410.0	
-1.7	-16.4	244.3	-267.4	
3.2	0.8	236.9	-92.7	
-4.1	42.6	239.4	-36.1	
0.8	118.9	244.3	-58.3	
8.2	128.7	293.5	-225.5	
-4.1	116.4	315.7	-260.0	
-6.6	182.8	305.8	-321.5	
-6.6	217.3	212.3	-274.7	
-6.6	214.8	123.8	-299.3	
-14.0	177.9	79.5	-341.2	
-16.4	163.1	84.4	-336.2	
-16.4	67.2	145.9	-368.2	
-23.8	3.2	212.3	-272.3	
-28.7	-43.5	246.8	-235.4	
-33.7	-137.0	234.5	-277.2	
-38.6	-225.5	165.6	-309.2	
-31.2	-250.1	27.8	-446.9	
-43.5	-203.4	-75.5	-444.5	
-26.3	-122.2	-173.9	-353.5	
-26.3	-55.8	-218.2	-304.3	
-33.7	-26.3	-119.8	-213.2	
-33.7	-36.1	-1.7	-215.7	
-26.3	-36.1	40.1	-294.4	
-33.7	-43.5	-9.1	-260.0	
-38.6	-38.6	-77.9	-139.4	
-31.2	-38.6	-16.4	-26.3	
-38.6	-43.5	94.3	-23.8	
-41.0	-33.7	249.2	3.2	
-50.9	-63.2	315.7	35.2	
-58.3	-63.2	315.7	52.4	
-53.3	-48.4	291.1	79.5	
-50.9	-80.4	244.3	74.6	
-58.3	-43.5	234.5	62.3	
-60.7	-33.7	251.7	64.7	
-46.0	-23.8	229.6	62.3	
-41.0	-28.7	190.2	18.0	
-43.5	8.2	190.2	-21.4	
-33.7	0.8	192.7	-11.5	
-16.4	-9.1	177.9	8.2	
-21.4	25.4	175.4	-46.0	
-14.0	25.4	175.4	-73.0	
8.2	5.7	168.1	-97.6	
0.8	10.6	163.1	-109.9	
8.2	27.8	143.5	-107.5	
0.8	62.3	99.2	-100.1	
-4.1	101.6	158.2	-85.3	
-1.7	99.2	271.4	-87.8	
-14.0	106.6	355.0	-97.6	
-11.5	101.6	409.1	-107.5	
-18.9	111.5	367.3	-58.3	
-23.8	79.5	303.4	-21.4	
-28.7	45.1	264.0	-1.7	
-21.4	20.5	212.3	15.5	
-31.2	8.2	126.2	42.6	
-36.1	-1.7	123.8	42.6	
-21.4	32.8	54.9	-1.7	
-18.9	30.3	-58.3	-38.6	
-21.4	42.6	-203.4	-26.3	
-14.0	62.3	-360.8	-41.0	
-18.9	94.3	-267.4	35.2	
-6.6	64.7	-188.6	69.7	
-18.9	52.4	-139.4	153.3	
-4.1	30.3	-28.7	207.4	
-6.6	-1.7	57.4	207.4	
-16.4	-16.4	133.6	192.7	
-4.1	-28.7	170.5	264.0	
-1.7	-23.8	180.4	362.4	
-11.5	-11.5	217.3	463.3	
-4.1	15.5	273.8	549.4	
-16.4	27.8	332.9	650.2	
-14.0	32.8	455.9	699.4	
-18.9	10.6	468.2	785.5	
-21.4	5.7	433.7	775.7	
-28.7	59.8	347.6	950.3	
-14.0	89.3	264.0	1016.8	
-11.5	52.4	197.6	1080.7	
-18.9	89.3	99.2	1336.6	
-14.0	104.1	-23.8	1550.6	
0.8	74.6	-198.5	1651.4	
-1.7	18.0	-449.4	1545.7	
18.0	-16.4	-688.0	1533.4	
25.4	18.0	-889.7	1503.8	
27.8	-4.1	-1015.2	1533.4	
30.3	-178.8	-1106.2	1634.2	
47.5	-218.2	-870.1	1695.7	
52.4	-161.6	-599.5	1681.0	
69.7	-117.3	-301.8	1395.6	
79.5	-85.3	-299.3	812.6	
89.3	-9.1	-203.4	205.0	
82.0	3.2	18.0	-405.1	
104.1	-46.0	155.8	-973.4	
113.9	-92.7	276.3	-1430.9	
116.4	-97.6	291.1	-1777.8	
111.5	-73.0	32.8	-2063.2	
118.9	-53.3	-129.6	-2240.3	
131.2	-21.4	-260.0	-2407.6	
123.8	-1.7	-314.1	-2530.6	
123.8	40.1	-518.3	-2375.6	
118.9	69.7	-697.9	-2132.0	
133.6	64.7	-796.3	-1785.2	
116.4	74.6	-875.0	-1148.0	
113.9	52.4	-870.1	-838.1	
101.6	52.4	-820.9	-656.0	
96.7	50.0	-798.7	-784.0	
101.6	22.9	-641.3	-938.9	
89.3	18.0	-456.8	-695.4	
89.3	-4.1	-390.4	-407.6	
89.3	8.2	-274.7	-370.7	
86.9	3.2	10.6	-449.4	
82.0	-14.0	256.6	-442.0	
67.2	-9.1	414.1	-294.4	
59.8	-23.8	633.0	-289.5	
45.1	-11.5	820.0	-336.2	
47.5	-18.9	859.3	-400.2	
50.0	37.7	815.0	-437.1	
40.1	62.3	785.5	-481.4	
47.5	74.6	753.5	-456.8	
30.3	99.2	721.6	-378.1	
37.7	84.4	492.8	-294.4	
25.4	96.7	229.6	-301.8	
25.4	138.5	-87.8	-304.3	
5.7	168.1	-383.0	-237.8	
15.5	145.9	-400.2	-134.5	
22.9	168.1	-289.5	-43.5	
22.9	160.7	-277.2	10.6	
-4.1	177.9	-378.1	91.8	
-1.7	207.4	-542.9	202.5	
10.6	229.6	-589.6	340.3	
18.0	200.0	-587.2	507.5	
25.4	170.5	-614.2	689.6	
42.6	158.2	-533.0	721.6	
27.8	128.7	-601.9	699.4	
45.1	136.1	-508.4	765.8	
37.7	104.1	-294.4	800.3	
47.5	84.4	-383.0	763.4	
37.7	64.7	-865.1	824.9	
40.1	77.0	-1263.7	842.1	
42.6	72.1	-1253.8	733.9	
52.4	40.1	-1625.3	581.3	
47.5	13.1	-1915.6	443.6	
45.1	22.9	-2004.1	303.4	
37.7	20.5	-2100.1	217.3	
37.7	25.4	-2257.5	197.6	
27.8	10.6	-2294.4	165.6	
27.8	22.9	-2287.0	57.4	
30.3	30.3	-2139.4	-82.9	
30.3	52.4	-2124.7	-183.7	
30.3	69.7	-2232.9	-230.5	
15.5	84.4	-1974.6	-304.3	
30.3	89.3	-1585.9	-375.6	
32.8	99.2	-1312.9	-446.9	
10.6	101.6	-1175.1	-461.7	
3.2	113.9	-1074.2	-429.7	
0.8	101.6	-966.0	-378.1	
0.8	84.4	-811.0	-294.4	
5.7	84.4	-697.9	-240.3	
13.1	67.2	-582.2	-176.3	
10.6	77.0	-434.6	-193.6	
-9.1	86.9	-333.8	-171.4	
-11.5	72.1	-173.9	-102.5	
-6.6	52.4	-31.2	-65.6	
-16.4	74.6	69.7	47.5	
-18.9	59.8	123.8	180.4	
-16.4	72.1	150.8	202.5	
-23.8	72.1	197.6	219.7	
-18.9	89.3	342.7	212.3	
-23.8	69.7	391.9	207.4	
-28.7	69.7	347.6	241.9	
-26.3	72.1	313.2	148.4	
-33.7	59.8	276.3	121.3	
-23.8	62.3	212.3	190.2	
-28.7	27.8	197.6	281.2	
-26.3	8.2	91.8	232.0	
-18.9	22.9	-48.4	96.7	
-16.4	62.3	-117.3	27.8	
-14.0	59.8	-31.2	-14.0	
-14.0	91.8	182.8	-11.5	
-14.0	187.7	332.9	62.3	
-16.4	224.6	406.7	109.0	
-16.4	195.1	480.5	106.6	
-11.5	197.6	601.0	116.4	
-11.5	195.1	775.7	121.3	
-16.4	207.4	834.7	99.2	
-11.5	160.7	839.6	72.1	
-9.1	116.4	822.4	57.4	
-18.9	40.1	881.5	89.3	
-23.8	27.8	1038.9	123.8	
-21.4	45.1	1132.4	131.2	
-28.7	52.4	1061.0	121.3	
-21.4	67.2	972.5	121.3	
-23.8	72.1	920.8	138.5	
-31.2	74.6	943.0	170.5	
-28.7	79.5	965.1	187.7	
-21.4	86.9	947.9	158.2	
-26.3	91.8	1016.8	104.1	
-23.8	54.9	1034.0	118.9	
-23.8	-1.7	1011.8	109.0	
-33.7	-36.1	1029.1	113.9	
-41.0	-1.7	992.2	84.4	
-46.0	8.2	940.5	69.7	
-50.9	45.1	901.1	42.6	
-53.3	104.1	856.9	30.3	
-50.9	94.3	881.5	20.5	
-53.3	64.7	817.5	18.0	
-70.6	82.0	778.1	-1.7	
-80.4	111.5	792.9	-14.0	
-73.0	121.3	945.4	-36.1	
-82.9	82.0	928.2	-38.6	
-60.7	54.9	773.2	-58.3	
-46.0	25.4	652.7	-87.8	
-50.9	13.1	603.5	-119.8	
-41.0	-18.9	546.9	-181.3	
-38.6	-48.4	529.7	-196.0	
-58.3	-55.8	502.6	-188.6	
-50.9	-73.0	421.4	-137.0	
-48.4	-36.1	350.1	-85.3	
-48.4	-63.2	259.1	-85.3	
-60.7	-82.9	177.9	-112.4	
-53.3	-92.7	123.8	-156.7	
-60.7	-82.9	77.0	-186.2	
-68.1	-85.3	67.2	-186.2	
-100.1	-68.1	59.8	-173.9	
-95.2	-68.1	62.3	-144.4	
-105.0	-55.8	106.6	-129.6	
-117.3	-53.3	200.0	-134.5	
-146.8	-46.0	296.0	-141.9	
-137.0	-43.5	266.5	-109.9	
-80.4	-43.5	232.0	-102.5	
-55.8	-63.2	187.7	-87.8	
-50.9	-18.9	143.5	-53.3	
-28.7	111.5	128.7	-21.4	
-28.7	180.4	91.8	-14.0	
-26.3	175.4	57.4	-14.0	
-28.7	155.8	64.7	10.6	
-23.8	165.6	86.9	18.0	
-18.9	150.8	54.9	62.3	
-1.7	123.8	25.4	101.6	
-6.6	111.5	72.1	113.9	
8.2	40.1	45.1	111.5	
5.7	-46.0	37.7	109.0	
30.3	-65.6	15.5	96.7	
30.3	-48.4	40.1	40.1	
15.5	-23.8	8.2	-31.2	
27.8	22.9	-4.1	-90.2	
22.9	32.8	35.2	-63.2	
22.9	50.0	37.7	37.7	
25.4	59.8	-53.3	180.4	
15.5	77.0	-65.6	182.8	
18.0	96.7	-21.4	22.9	
32.8	84.4	69.7	-210.8	
25.4	54.9	136.1	-296.9	
32.8	47.5	136.1	-196.0	
25.4	52.4	123.8	-132.1	
45.1	54.9	116.4	-95.2	
32.8	47.5	143.5	-129.6	
30.3	47.5	131.2	-114.8	
32.8	69.7	160.7	86.9	
45.1	25.4	121.3	510.0	
40.1	47.5	84.4	492.8	
42.6	57.4	27.8	296.0	
42.6	99.2	-16.4	150.8	
35.2	91.8	3.2	82.0	
45.1	101.6	50.0	64.7	
47.5	131.2	121.3	22.9	
52.4	99.2	145.9	-18.9	
47.5	96.7	158.2	-112.4	
45.1	116.4	202.5	-264.9	
32.8	96.7	205.0	-466.6	
50.0	84.4	224.6	-562.6	
42.6	32.8	232.0	-574.9	
40.1	0.8	217.3	-833.2	
25.4	3.2	190.2	-1359.6	
32.8	22.9	136.1	-1411.3	
10.6	42.6	155.8	-1229.2	
-1.7	25.4	200.0	-304.3	
5.7	18.0	212.3	20.5	
-18.9	20.5	202.5	-122.2	
-21.4	22.9	195.1	-23.8	
-18.9	8.2	138.5	1125.0	
-28.7	3.2	91.8	1449.7	
-16.4	-11.5	150.8	984.8	
-26.3	-21.4	109.0	613.3	
-26.3	-11.5	27.8	401.8	
-23.8	-38.6	-41.0	404.2	
-23.8	-28.7	-36.1	431.3	
-31.2	-18.9	-21.4	320.6	
-38.6	-23.8	-46.0	175.4	
-23.8	-46.0	-55.8	45.1	
-26.3	-11.5	-73.0	-43.5	
-23.8	-26.3	-92.7	-97.6	
-23.8	-33.7	-141.9	-119.8	
-33.7	22.9	-112.4	-215.7	
-26.3	86.9	-95.2	-380.5	
-36.1	175.4	-90.2	-604.4	
-28.7	205.0	-58.3	-811.0	
-36.1	195.1	-28.7	-897.1	
-36.1	197.6	27.8	-784.0	
-38.6	153.3	45.1	-742.1	
-48.4	101.6	57.4	-899.6	
-43.5	20.5	62.3	-1435.9	
-41.0	-50.9	40.1	-1002.9	
-53.3	-117.3	32.8	-262.4	
-53.3	-141.9	10.6	177.9	
-55.8	-149.3	-26.3	372.2	
-65.6	-102.5	-50.9	448.5	
-58.3	-41.0	-119.8	1203.7	
-65.6	-1.7	-141.9	1703.1	
-73.0	13.1	-122.2	1294.7	
-68.1	42.6	-85.3	719.1	
-55.8	54.9	-68.1	605.9	
-50.9	52.4	-43.5	384.5	
-58.3	45.1	25.4	423.9	
-55.8	54.9	37.7	355.0	
-60.7	69.7	10.6	177.9	
-58.3	64.7	-18.9	47.5	
-63.2	64.7	-6.6	20.5	
-60.7	62.3	27.8	-11.5	
-68.1	69.7	59.8	-31.2	
-63.2	82.0	62.3	-50.9	
-68.1	62.3	84.4	-60.7	
-58.3	94.3	118.9	-36.1	
-60.7	82.0	123.8	-31.2	
-63.2	72.1	101.6	-38.6	
-58.3	91.8	50.0	-26.3	
-53.3	111.5	-73.0	27.8	
-55.8	111.5	-139.4	143.5	
-58.3	116.4	-105.0	190.2	
-50.9	91.8	-28.7	-95.2	
-55.8	82.0	37.7	-331.3	
-63.2	79.5	45.1	-459.2	
-50.9	15.5	45.1	-604.4	
-63.2	-18.9	104.1	-715.1	
-53.3	25.4	165.6	-766.7	
-46.0	84.4	187.7	-742.1	
-53.3	69.7	232.0	128.7	
-43.5	62.3	195.1	411.6	
-38.6	47.5	173.0	261.5	
-43.5	37.7	133.6	748.6	
-33.7	37.7	123.8	856.9	
-33.7	101.6	84.4	1068.4	
-33.7	62.3	3.2	1159.4	
-48.4	10.6	-100.1	876.5	
-31.2	-1.7	-203.4	586.3	
-31.2	-38.6	-260.0	490.3	
-21.4	-41.0	-250.1	391.9	
-36.1	-43.5	-191.1	340.3	
-26.3	-43.5	-105.0	298.4	
-23.8	-60.7	-31.2	234.5	
-26.3	-73.0	-16.4	165.6	
-11.5	-90.2	-14.0	141.0	
-16.4	-90.2	-26.3	133.6	
-6.6	-82.9	-65.6	128.7	
-9.1	-73.0	-31.2	101.6	
-4.1	-43.5	-23.8	64.7	
-4.1	-41.0	-6.6	32.8	
-1.7	-46.0	35.2	20.5	
-6.6	-23.8	57.4	22.9	
0.8	-21.4	27.8	3.2	
5.7	-14.0	45.1	-1.7	
0.8	-14.0	0.8	27.8	
13.1	-4.1	18.0	15.5	
18.0	3.2	32.8	15.5	
18.0	-6.6	47.5	-18.9	
20.5	-14.0	67.2	-46.0	
18.0	-26.3	96.7	-75.5	
20.5	-28.7	89.3	-97.6	
15.5	-23.8	86.9	-68.1	
18.0	-16.4	67.2	-60.7	
13.1	-4.1	52.4	-26.3	
15.5	-9.1	50.0	5.7	
8.2	32.8	-16.4	52.4	
-4.1	54.9	-87.8	109.0	
8.2	69.7	-87.8	30.3	
10.6	64.7	-60.7	-16.4	
5.7	101.6	45.1	-53.3	
18.0	136.1	104.1	-43.5	
20.5	89.3	96.7	-53.3	
8.2	89.3	82.0	-124.7	
8.2	52.4	67.2	-139.4	
15.5	5.7	30.3	-109.9	
22.9	-33.7	-60.7	-53.3	
18.0	-60.7	-63.2	-33.7	
27.8	-85.3	-14.0	-46.0	
15.5	-117.3	-9.1	-85.3	
25.4	-127.1	-21.4	-95.2	
35.2	-100.1	-46.0	-50.9	
25.4	-100.1	-55.8	-46.0	
25.4	-73.0	-14.0	-68.1	
22.9	-48.4	3.2	-87.8	
40.1	-14.0	69.7	-97.6	
32.8	32.8	131.2	-95.2	
47.5	42.6	148.4	-73.0	
35.2	40.1	239.4	-60.7	
37.7	69.7	239.4	-46.0	
35.2	99.2	187.7	-28.7	
30.3	77.0	128.7	-28.7	
37.7	47.5	118.9	-14.0	
45.1	-26.3	175.4	-18.9	
40.1	-38.6	254.2	-1.7	
45.1	-23.8	352.6	-6.6	
45.1	-6.6	291.1	-26.3	
50.0	-6.6	133.6	-21.4	
47.5	20.5	77.0	-21.4	
47.5	25.4	27.8	27.8	
50.0	22.9	-58.3	72.1	
47.5	32.8	-171.4	69.7	
62.3	42.6	-314.1	74.6	
69.7	59.8	-397.7	62.3	
57.4	89.3	-316.6	57.4	
54.9	101.6	-166.5	27.8	
62.3	45.1	-82.9	18.0	
67.2	67.2	-41.0	32.8	
64.7	74.6	-21.4	27.8	
62.3	57.4	18.0	8.2	
72.1	47.5	62.3	35.2	
79.5	40.1	94.3	54.9	
72.1	0.8	104.1	106.6	
69.7	-14.0	96.7	123.8	
77.0	-11.5	67.2	84.4	
67.2	-16.4	42.6	18.0	
64.7	-14.0	-14.0	0.8	
72.1	-9.1	0.8	-26.3	
62.3	13.1	8.2	-41.0	
62.3	18.0	0.8	-28.7	
59.8	15.5	-6.6	-55.8	
67.2	27.8	-16.4	-14.0	
72.1	20.5	13.1	86.9	
67.2	20.5	-28.7	74.6	
54.9	30.3	-41.0	35.2	
59.8	25.4	-73.0	-46.0	
54.9	22.9	-58.3	-77.9	
57.4	20.5	-87.8	-58.3	
57.4	13.1	-117.3	-11.5	
45.1	27.8	-132.1	-21.4	
35.2	20.5	-137.0	8.2	
40.1	15.5	-154.2	-16.4	
40.1	30.3	-68.1	-41.0	
32.8	35.2	0.8	-75.5	
27.8	22.9	-11.5	-60.7	
25.4	30.3	-117.3	-55.8	
20.5	15.5	-237.8	8.2	
10.6	22.9	-225.5	18.0	
0.8	27.8	-127.1	0.8	
5.7	30.3	-53.3	-33.7	
15.5	22.9	-18.9	35.2	
8.2	37.7	27.8	30.3	
0.8	35.2	37.7	20.5	
3.2	35.2	27.8	3.2	
3.2	35.2	8.2	-23.8	
0.8	37.7	-124.7	-36.1	
3.2	32.8	-198.5	-50.9	
-14.0	42.6	-186.2	-48.4	
-4.1	50.0	-102.5	-55.8	
-4.1	32.8	-73.0	-95.2	
-9.1	32.8	15.5	-97.6	
-9.1	40.1	22.9	-92.7	
-6.6	30.3	57.4	-85.3	
-4.1	32.8	121.3	-70.6	
-14.0	32.8	141.0	-55.8	
-9.1	32.8	89.3	-43.5	
-4.1	20.5	18.0	-33.7	
-16.4	30.3	-21.4	-16.4	
-14.0	25.4	8.2	3.2	
-9.1	27.8	-14.0	10.6	
-1.7	27.8	5.7	30.3	
-4.1	18.0	82.0	62.3	
-14.0	18.0	160.7	69.7	
-14.0	18.0	136.1	84.4	
-1.7	42.6	94.3	113.9	
-9.1	32.8	-1.7	121.3	
0.8	35.2	-16.4	133.6	
3.2	35.2	-6.6	141.0	
-4.1	27.8	-4.1	128.7	
-14.0	18.0	-11.5	136.1	
-11.5	18.0	-85.3	143.5	
-9.1	22.9	-114.8	145.9	
-21.4	-14.0	-55.8	145.9	
-9.1	0.8	-11.5	143.5	
-6.6	-14.0	3.2	143.5	
-6.6	-18.9	25.4	155.8	
-1.7	-1.7	-16.4	136.1	
-6.6	8.2	-63.2	148.4	
-4.1	-9.1	-23.8	133.6	
-11.5	-1.7	-11.5	136.1	
-6.6	8.2	-23.8	118.9	
-9.1	-1.7	-26.3	106.6	
-18.9	-18.9	-28.7	79.5	
-9.1	-14.0	69.7	50.0	
-31.2	-16.4	209.9	35.2	
-21.4	-46.0	207.4	37.7	
-21.4	-41.0	219.7	84.4	
-11.5	-31.2	214.8	82.0	
-23.8	-16.4	185.3	62.3	
-16.4	-1.7	153.3	-4.1	
-18.9	3.2	141.0	-53.3	
-11.5	-11.5	180.4	-48.4	
-11.5	-18.9	195.1	-77.9	
-11.5	-1.7	205.0	-100.1	
-4.1	0.8	182.8	-134.5	
-11.5	-1.7	150.8	-151.7	
-6.6	-11.5	128.7	-129.6	
-9.1	-23.8	64.7	-107.5	
-11.5	-33.7	82.0	-117.3	
-4.1	-43.5	143.5	-144.4	
-14.0	-36.1	89.3	-149.3	
-21.4	-48.4	18.0	-151.7	
-16.4	-36.1	-75.5	-171.4	
-9.1	-28.7	-92.7	-159.1	
-11.5	-50.9	-36.1	-149.3	
0.8	-14.0	-63.2	-139.4	
0.8	22.9	-80.4	-127.1	
-1.7	64.7	-181.3	-122.2	
8.2	64.7	-198.5	-100.1	
-1.7	45.1	-203.4	-107.5	
8.2	84.4	-225.5	-107.5	
8.2	96.7	-218.2	-134.5	
8.2	106.6	-193.6	-144.4	
-6.6	84.4	-183.7	-134.5	
-16.4	94.3	-264.9	-75.5	
-4.1	116.4	-269.8	-6.6	
-4.1	20.5	-267.4	40.1	
-14.0	-43.5	-237.8	52.4	
-4.1	-38.6	-186.2	62.3	
-6.6	-1.7	-159.1	37.7	
-6.6	-14.0	-105.0	-6.6	
-6.6	-11.5	-58.3	-6.6	
-14.0	-33.7	-60.7	10.6	
-9.1	-16.4	-55.8	0.8	
-26.3	32.8	-4.1	22.9	
-21.4	5.7	15.5	37.7	
-14.0	5.7	13.1	32.8	
-1.7	8.2	-14.0	18.0	
-11.5	3.2	-73.0	13.1	
-14.0	13.1	-200.9	-1.7	
-28.7	32.8	-171.4	-9.1	
-26.3	37.7	-117.3	13.1	
-31.2	67.2	-124.7	52.4	
-11.5	57.4	-107.5	84.4	
-1.7	59.8	-124.7	118.9	
3.2	59.8	-132.1	50.0	
-6.6	59.8	-105.0	5.7	
-9.1	64.7	-46.0	-18.9	
-16.4	72.1	-73.0	-18.9	
-11.5	74.6	-70.6	-9.1	
-4.1	64.7	-92.7	-46.0	
-23.8	67.2	-105.0	-38.6	
-14.0	47.5	-95.2	-11.5	
-1.7	42.6	-68.1	-21.4	
0.8	47.5	-1.7	-31.2	
3.2	27.8	59.8	-16.4	
-4.1	22.9	35.2	-14.0	
-1.7	20.5	-48.4	-43.5	
18.0	18.0	-117.3	-46.0	
27.8	32.8	-122.2	-65.6	
10.6	27.8	-50.9	-65.6	
8.2	35.2	35.2	-63.2	
8.2	20.5	72.1	-53.3	
22.9	35.2	27.8	-65.6	
27.8	22.9	-31.2	-48.4	
25.4	0.8	-58.3	-55.8	
30.3	-9.1	-50.9	-60.7	
42.6	-21.4	25.4	-75.5	
32.8	-6.6	91.8	-75.5	
30.3	-21.4	54.9	-90.2	
37.7	-1.7	84.4	-80.4	
37.7	-6.6	99.2	-46.0	
40.1	-4.1	30.3	8.2	
45.1	-9.1	15.5	25.4	
50.0	0.8	42.6	3.2	
37.7	-21.4	57.4	-28.7	
62.3	-1.7	27.8	-60.7	
59.8	-9.1	25.4	-31.2	
62.3	-18.9	5.7	-14.0	
67.2	10.6	13.1	10.6	
62.3	-6.6	37.7	22.9	
59.8	-11.5	40.1	74.6	
74.6	-16.4	-16.4	50.0	
74.6	-11.5	-43.5	40.1	
77.0	-21.4	-6.6	25.4	
79.5	-9.1	-85.3	40.1	
72.1	0.8	-129.6	25.4	
84.4	10.6	-92.7	32.8	
77.0	22.9	18.0	15.5	
64.7	40.1	113.9	15.5	
74.6	30.3	148.4	30.3	
59.8	30.3	91.8	54.9	
67.2	30.3	136.1	50.0	
64.7	22.9	163.1	59.8	
62.3	13.1	145.9	72.1	
54.9	10.6	165.6	79.5	
50.0	15.5	182.8	82.0	
59.8	-4.1	91.8	79.5	
47.5	20.5	-14.0	91.8	
50.0	35.2	-65.6	96.7	
32.8	37.7	-38.6	99.2	
42.6	35.2	22.9	104.1	
40.1	67.2	82.0	113.9	
37.7	109.0	126.2	113.9	
40.1	89.3	145.9	113.9	
32.8	72.1	141.0	104.1	
32.8	82.0	148.4	101.6	
18.0	74.6	86.9	96.7	
35.2	47.5	32.8	106.6	
30.3	40.1	18.0	104.1	
25.4	27.8	104.1	101.6	
30.3	15.5	145.9	91.8	
27.8	15.5	84.4	94.3	
25.4	13.1	74.6	94.3	
18.0	32.8	84.4	77.0	
25.4	15.5	123.8	74.6	
25.4	30.3	182.8	67.2	
20.5	35.2	150.8	59.8	
15.5	27.8	72.1	57.4	
10.6	35.2	37.7	62.3	
0.8	32.8	74.6	69.7	
-4.1	40.1	37.7	59.8	
-1.7	27.8	8.2	57.4	
-9.1	27.8	-1.7	50.0	
-16.4	8.2	-16.4	59.8	
3.2	10.6	3.2	50.0	
-6.6	8.2	5.7	47.5	
0.8	8.2	15.5	42.6	
-11.5	18.0	-11.5	32.8	
-1.7	5.7	3.2	27.8	
-1.7	20.5	18.0	20.5	
0.8	22.9	10.6	35.2	
-9.1	20.5	13.1	35.2	
-4.1	32.8	5.7	18.0	
-1.7	42.6	45.1	18.0	
-14.0	42.6	20.5	25.4	
-6.6	52.4	-26.3	13.1	
-11.5	47.5	-21.4	8.2	
3.2	54.9	3.2	13.1	
-11.5	27.8	79.5	5.7	
-6.6	27.8	136.1	10.6	
-18.9	32.8	158.2	-11.5	
-6.6	30.3	222.2	-9.1	
-11.5	18.0	283.7	-16.4	
-23.8	32.8	219.7	-18.9	
-23.8	22.9	99.2	-31.2	
-23.8	35.2	-41.0	-28.7	
-21.4	27.8	-178.8	-9.1	
-11.5	13.1	-240.3	-16.4	
-4.1	25.4	-294.4	-11.5	
-9.1	32.8	-331.3	20.5	
-11.5	13.1	-242.8	22.9	
-14.0	18.0	-228.0	3.2	
-6.6	-6.6	-171.4	-18.9	
-14.0	-18.9	-102.5	-38.6	
-11.5	-28.7	-70.6	-38.6	
-1.7	-21.4	-18.9	-36.1	
0.8	-4.1	37.7	-46.0	
-14.0	8.2	50.0	-46.0	
-1.7	10.6	15.5	-60.7	
15.5	-1.7	20.5	-46.0	
15.5	-9.1	-23.8	-41.0	
8.2	15.5	-11.5	-31.2	
0.8	15.5	50.0	-18.9	
10.6	18.0	111.5	-26.3	
0.8	13.1	99.2	-48.4	
10.6	3.2	96.7	-53.3	
18.0	22.9	54.9	-26.3	
13.1	18.0	42.6	-9.1	
8.2	13.1	-68.1	-16.4	
5.7	22.9	-124.7	-53.3	
15.5	30.3	-112.4	-63.2	
18.0	15.5	-77.9	-68.1	
15.5	10.6	-58.3	-31.2	
18.0	-6.6	-65.6	18.0	
10.6	-6.6	-82.9	22.9	
27.8	-1.7	-60.7	15.5	
27.8	-16.4	-48.4	-6.6	
22.9	-23.8	45.1	-18.9	
13.1	-11.5	89.3	-16.4	
25.4	-1.7	91.8	-16.4	
20.5	5.7	91.8	-26.3	
15.5	-4.1	96.7	-28.7	
20.5	22.9	84.4	-4.1	
-1.7	8.2	45.1	-14.0	
0.8	25.4	52.4	-11.5	
-6.6	22.9	52.4	-18.9	
-1.7	0.8	-14.0	-21.4	
-4.1	-28.7	-41.0	-33.7	
8.2	-16.4	-41.0	-31.2	
8.2	-1.7	-6.6	-23.8	
15.5	18.0	27.8	0.8	
13.1	32.8	40.1	-1.7	
13.1	45.1	67.2	-18.9	
5.7	57.4	86.9	-18.9	
5.7	82.0	148.4	-28.7	
5.7	74.6	291.1	-28.7	
8.2	59.8	404.2	-28.7	
13.1	54.9	382.1	-4.1	
13.1	45.1	266.5	3.2	
13.1	18.0	160.7	-9.1	
15.5	13.1	89.3	-1.7	
25.4	-6.6	47.5	-16.4	
15.5	30.3	-18.9	-31.2	
8.2	37.7	-129.6	-38.6	
3.2	45.1	-178.8	-63.2	
10.6	22.9	-304.3	-46.0	
-4.1	-1.7	-456.8	-16.4	
3.2	-36.1	-518.3	35.2	
-4.1	-36.1	-449.4	109.0	
-6.6	-31.2	-355.9	128.7	
0.8	-9.1	-178.8	113.9	
-11.5	-1.7	8.2	59.8	
-1.7	0.8	113.9	-1.7	
3.2	13.1	111.5	5.7	
-1.7	35.2	64.7	22.9	
5.7	47.5	77.0	45.1	
0.8	45.1	86.9	47.5	
0.8	54.9	104.1	42.6	
5.7	57.4	104.1	50.0	
0.8	32.8	52.4	47.5	
8.2	42.6	54.9	40.1	
5.7	40.1	47.5	40.1	
-11.5	37.7	104.1	42.6	
-6.6	32.8	84.4	45.1	
5.7	37.7	35.2	42.6	
-1.7	30.3	-41.0	40.1	
3.2	30.3	-33.7	40.1	
5.7	35.2	-11.5	50.0	
-1.7	47.5	0.8	40.1	
-1.7	59.8	27.8	37.7	
3.2	52.4	57.4	45.1	
13.1	57.4	106.6	32.8	
15.5	47.5	84.4	30.3	
5.7	59.8	86.9	25.4	
5.7	54.9	15.5	22.9	
20.5	50.0	42.6	20.5	
20.5	45.1	82.0	25.4	
18.0	54.9	79.5	20.5	
18.0	54.9	42.6	22.9	
15.5	52.4	13.1	15.5	
27.8	54.9	-68.1	5.7	
27.8	45.1	-92.7	8.2	
22.9	42.6	-149.3	-4.1	
20.5	45.1	-282.1	-1.7	
22.9	30.3	-287.0	-4.1	
18.0	20.5	-176.3	-14.0	
18.0	-1.7	-36.1	-9.1	
35.2	3.2	35.2	8.2	
20.5	-11.5	74.6	-4.1	
27.8	8.2	89.3	5.7	
25.4	-1.7	62.3	10.6	
18.0	-4.1	47.5	8.2	
25.4	-11.5	15.5	13.1	
30.3	-6.6	22.9	10.6	
25.4	-21.4	30.3	-16.4	
27.8	-18.9	37.7	-9.1	
25.4	-18.9	25.4	-16.4	
35.2	-23.8	-1.7	3.2	
30.3	-16.4	27.8	3.2	
40.1	-9.1	77.0	3.2	
32.8	10.6	91.8	3.2	
25.4	25.4	77.0	3.2	
42.6	22.9	32.8	-14.0	
35.2	37.7	22.9	-28.7	
35.2	27.8	22.9	-31.2	
30.3	3.2	40.1	-33.7	
27.8	20.5	27.8	25.4	
30.3	8.2	42.6	27.8	
30.3	-21.4	67.2	13.1	
32.8	-18.9	77.0	50.0	
40.1	-21.4	67.2	67.2	
32.8	-11.5	8.2	64.7	
32.8	0.8	37.7	50.0	
40.1	-26.3	89.3	30.3	
35.2	8.2	121.3	35.2	
32.8	20.5	72.1	22.9	
32.8	22.9	-4.1	18.0	
30.3	8.2	-119.8	10.6	
37.7	18.0	-159.1	5.7	
40.1	32.8	-141.9	15.5	
30.3	37.7	-48.4	18.0	
42.6	27.8	15.5	25.4	
42.6	22.9	47.5	25.4	
35.2	20.5	72.1	10.6	
35.2	-4.1	136.1	-1.7	
27.8	13.1	165.6	-1.7	
25.4	15.5	148.4	-4.1	
30.3	35.2	150.8	-1.7	
30.3	47.5	160.7	3.2	
32.8	64.7	116.4	5.7	
35.2	72.1	113.9	3.2	
40.1	84.4	91.8	10.6	
25.4	91.8	52.4	-9.1	
30.3	69.7	42.6	-14.0	
40.1	30.3	22.9	-14.0	
32.8	40.1	-38.6	-1.7	
35.2	13.1	-75.5	-4.1	
42.6	3.2	-82.9	-9.1	
32.8	-33.7	-119.8	-26.3	
37.7	-50.9	-119.8	-18.9	
45.1	-16.4	-196.0	-9.1	
35.2	30.3	-173.9	-11.5	
37.7	59.8	-73.0	-9.1	
37.7	35.2	25.4	-14.0	
42.6	27.8	113.9	-1.7	
47.5	10.6	116.4	-9.1	
40.1	-4.1	136.1	-31.2	
45.1	-6.6	150.8	-18.9	
32.8	-1.7	111.5	-11.5	
37.7	-1.7	82.0	10.6	
30.3	3.2	22.9	10.6	
35.2	18.0	-50.9	3.2	
25.4	15.5	-70.6	-1.7	
27.8	8.2	-100.1	-31.2	
20.5	13.1	-90.2	-9.1	
30.3	18.0	-36.1	8.2	
32.8	22.9	25.4	5.7	
27.8	22.9	25.4	-9.1	
30.3	40.1	67.2	-21.4	
32.8	15.5	64.7	-16.4	
35.2	25.4	18.0	-33.7	
27.8	40.1	35.2	-21.4	
25.4	45.1	96.7	-4.1	
35.2	35.2	133.6	-1.7	
30.3	52.4	104.1	13.1	
32.8	64.7	89.3	-4.1	
45.1	45.1	52.4	-14.0	
45.1	47.5	-16.4	-9.1	
45.1	50.0	-38.6	0.8	
42.6	52.4	-21.4	-6.6	
40.1	42.6	25.4	-9.1	
40.1	45.1	82.0	-9.1	
30.3	42.6	128.7	-6.6	
37.7	45.1	136.1	-14.0	
37.7	45.1	91.8	-11.5	
30.3	50.0	69.7	8.2	
30.3	42.6	116.4	18.0	
42.6	40.1	195.1	37.7	
40.1	35.2	153.3	35.2	
32.8	25.4	62.3	22.9	
18.0	35.2	32.8	-16.4	
25.4	20.5	-36.1	-1.7	
25.4	35.2	-75.5	10.6	
22.9	32.8	-117.3	27.8	
20.5	35.2	-154.2	37.7	
32.8	27.8	-245.2	45.1	
40.1	25.4	-326.4	27.8	
35.2	13.1	-363.3	15.5	
32.8	8.2	-213.2	-16.4	
32.8	20.5	-124.7	-18.9	
22.9	50.0	-92.7	-4.1	
40.1	45.1	-16.4	27.8	
30.3	25.4	57.4	42.6	
27.8	25.4	131.2	8.2	
27.8	35.2	170.5	5.7	
22.9	18.0	136.1	8.2	
27.8	15.5	113.9	42.6	
27.8	25.4	91.8	37.7	
40.1	40.1	69.7	42.6	
40.1	45.1	74.6	62.3	
27.8	57.4	77.0	52.4	
35.2	69.7	67.2	50.0	
10.6	32.8	45.1	52.4	
18.0	13.1	30.3	40.1	
30.3	-4.1	35.2	47.5	
20.5	32.8	40.1	18.0	
22.9	47.5	20.5	-38.6	
30.3	52.4	-23.8	-53.3	
20.5	54.9	-1.7	-28.7	
27.8	52.4	8.2	45.1	
27.8	32.8	30.3	104.1	
30.3	42.6	18.0	101.6	
30.3	37.7	0.8	91.8	
20.5	35.2	-36.1	52.4	
25.4	32.8	-60.7	13.1	
20.5	20.5	-112.4	-9.1	
20.5	-1.7	-102.5	5.7	
22.9	-26.3	-75.5	25.4	
8.2	-43.5	-28.7	20.5	
25.4	-23.8	32.8	0.8	
27.8	-18.9	77.0	5.7	
25.4	-16.4	94.3	10.6	
22.9	-4.1	84.4	0.8	
20.5	3.2	109.0	-4.1	
30.3	30.3	123.8	-6.6	
32.8	42.6	84.4	-9.1	
32.8	15.5	59.8	-9.1	
35.2	13.1	77.0	-4.1	
37.7	8.2	222.2	0.8	
30.3	-1.7	165.6	-4.1	
20.5	25.4	163.1	0.8	
30.3	30.3	133.6	10.6	
15.5	27.8	109.0	13.1	
30.3	-1.7	30.3	-1.7	
30.3	18.0	-55.8	-28.7	
35.2	32.8	10.6	-23.8	
22.9	47.5	-55.8	-16.4	
25.4	32.8	-149.3	-28.7	
40.1	32.8	-178.8	-26.3	
42.6	42.6	-156.7	-1.7	
37.7	42.6	-105.0	-14.0	
27.8	32.8	22.9	-1.7	
40.1	-6.6	82.0	-9.1	
35.2	18.0	64.7	62.3	
22.9	27.8	25.4	67.2	
35.2	30.3	-41.0	20.5	
25.4	15.5	-18.9	47.5	
42.6	-4.1	-16.4	69.7	
42.6	-28.7	-38.6	18.0	
32.8	-53.3	-38.6	-38.6	
37.7	-48.4	-65.6	-36.1	
32.8	-28.7	-107.5	22.9	
35.2	-18.9	-144.4	15.5	
30.3	-21.4	-198.5	10.6	
37.7	-9.1	-169.0	-21.4	
25.4	-4.1	-80.4	-23.8	
45.1	5.7	-26.3	-18.9	
27.8	-9.1	30.3	-50.9	
30.3	-1.7	30.3	-36.1	
37.7	-4.1	27.8	-43.5	
37.7	-6.6	67.2	-21.4	
27.8	-6.6	180.4	62.3	
32.8	3.2	209.9	111.5	
37.7	8.2	241.9	37.7	
37.7	0.8	138.5	0.8	
25.4	18.0	54.9	-73.0	
25.4	22.9	0.8	-58.3	
27.8	20.5	-85.3	-50.9	
35.2	35.2	-149.3	-36.1	
22.9	30.3	-166.5	30.3	
22.9	37.7	-137.0	13.1	
32.8	25.4	-50.9	22.9	
32.8	35.2	15.5	133.6	
30.3	22.9	64.7	165.6	
25.4	30.3	131.2	136.1	
27.8	18.0	158.2	62.3	
37.7	25.4	141.0	-4.1	
30.3	8.2	64.7	-43.5	
35.2	13.1	15.5	-9.1	
37.7	22.9	15.5	-26.3	
25.4	20.5	64.7	-33.7	
32.8	15.5	62.3	-28.7	
22.9	8.2	54.9	59.8	
35.2	8.2	54.9	175.4	
18.0	3.2	22.9	111.5	
15.5	13.1	-70.6	45.1	
22.9	15.5	-55.8	0.8	
15.5	22.9	-26.3	15.5	
27.8	20.5	-9.1	54.9	
25.4	22.9	79.5	77.0	
18.0	13.1	212.3	32.8	
18.0	15.5	116.4	-4.1	
20.5	18.0	116.4	-28.7	
27.8	30.3	136.1	15.5	
30.3	27.8	153.3	22.9	
22.9	27.8	145.9	20.5	
30.3	20.5	69.7	-1.7	
27.8	35.2	-55.8	-9.1	
30.3	35.2	-198.5	-11.5	
22.9	35.2	-351.0	-16.4	
32.8	22.9	-333.8	-1.7	
37.7	27.8	-255.1	-31.2	
25.4	10.6	-198.5	-48.4	
32.8	8.2	-144.4	-31.2	
37.7	20.5	-137.0	5.7	
25.4	15.5	-137.0	-6.6	
30.3	15.5	-129.6	27.8	
22.9	13.1	-73.0	50.0	
25.4	8.2	0.8	62.3	
18.0	5.7	69.7	15.5	
3.2	15.5	121.3	10.6	
13.1	18.0	121.3	32.8	
20.5	32.8	94.3	82.0	
35.2	22.9	89.3	121.3	
20.5	18.0	91.8	150.8	
35.2	5.7	40.1	202.5	
18.0	5.7	27.8	67.2	
15.5	15.5	3.2	27.8	
37.7	15.5	0.8	0.8	
30.3	-9.1	-58.3	35.2	
27.8	-1.7	-63.2	69.7	
27.8	-1.7	-41.0	18.0	
25.4	13.1	-28.7	-11.5	
35.2	5.7	101.6	-50.9	
22.9	15.5	180.4	25.4	
25.4	35.2	224.6	121.3	
32.8	40.1	241.9	160.7	
27.8	42.6	205.0	136.1	
30.3	47.5	155.8	104.1	
22.9	32.8	20.5	22.9	
15.5	40.1	-164.0	22.9	
8.2	45.1	-240.3	-9.1	
3.2	32.8	-301.8	-6.6	
22.9	27.8	-314.1	-6.6	
15.5	18.0	-203.4	37.7	
20.5	5.7	-127.1	123.8	
18.0	-6.6	-41.0	96.7	
27.8	0.8	-14.0	20.5	
20.5	0.8	25.4	-107.5	
5.7	0.8	106.6	-139.4	
8.2	8.2	131.2	-137.0	
3.2	18.0	128.7	-53.3	
8.2	13.1	170.5	-31.2	
22.9	13.1	187.7	-11.5	
13.1	15.5	111.5	3.2	
5.7	18.0	0.8	5.7	
15.5	15.5	-85.3	-65.6	
20.5	27.8	-92.7	-65.6	
15.5	32.8	-82.9	30.3	
25.4	15.5	-63.2	143.5	
27.8	32.8	-82.9	121.3	
27.8	25.4	-60.7	13.1	
13.1	42.6	-60.7	-166.5	
20.5	40.1	-41.0	-139.4	
22.9	37.7	0.8	-87.8	
18.0	35.2	67.2	-60.7	
18.0	30.3	123.8	-26.3	
32.8	25.4	79.5	22.9	
22.9	32.8	-21.4	126.2	
22.9	32.8	57.4	74.6	
22.9	32.8	30.3	5.7	
35.2	42.6	30.3	-16.4	
27.8	37.7	-82.9	-26.3	
25.4	37.7	-181.3	-41.0	
27.8	35.2	-205.9	-112.4	
37.7	15.5	-200.9	-80.4	
25.4	35.2	-124.7	-43.5	
20.5	32.8	-55.8	-36.1	
30.3	32.8	47.5	-58.3	
37.7	27.8	123.8	-43.5	
27.8	18.0	177.9	-4.1	
32.8	22.9	195.1	-4.1	
35.2	13.1	128.7	-16.4	
42.6	27.8	138.5	-18.9	
27.8	25.4	158.2	-4.1	
40.1	32.8	74.6	-4.1	
40.1	15.5	-23.8	-4.1	
37.7	15.5	-77.9	-21.4	
35.2	13.1	-43.5	-26.3	
27.8	25.4	-4.1	-14.0	
40.1	18.0	-28.7	0.8	
32.8	22.9	-46.0	-16.4	
32.8	18.0	-50.9	-18.9	
47.5	18.0	-33.7	-18.9	
32.8	13.1	-33.7	-4.1	
30.3	-1.7	10.6	3.2	
45.1	-6.6	27.8	3.2	
30.3	0.8	128.7	3.2	
27.8	-4.1	163.1	3.2	
22.9	20.5	175.4	-14.0	
37.7	13.1	131.2	-23.8	
25.4	5.7	116.4	-6.6	
22.9	-1.7	82.0	5.7	
27.8	8.2	74.6	-4.1	
15.5	-1.7	77.0	-14.0	
18.0	-6.6	62.3	0.8	
25.4	-1.7	18.0	0.8	
15.5	-4.1	-14.0	-6.6	
22.9	-11.5	-33.7	8.2	
18.0	-6.6	-21.4	15.5	
22.9	-4.1	-55.8	18.0	
18.0	0.8	-53.3	22.9	
18.0	15.5	-4.1	15.5	
30.3	45.1	13.1	30.3	
35.2	35.2	50.0	18.0	
15.5	27.8	22.9	25.4	
22.9	32.8	-26.3	40.1	
27.8	3.2	-58.3	25.4	
22.9	-18.9	10.6	35.2	
10.6	0.8	40.1	22.9	
-1.7	-28.7	5.7	18.0	
8.2	18.0	-77.9	18.0	
15.5	45.1	-102.5	32.8	
20.5	42.6	-70.6	27.8	
25.4	10.6	-16.4	22.9	
20.5	-4.1	27.8	13.1	
22.9	37.7	47.5	42.6	
32.8	57.4	27.8	45.1	
27.8	69.7	32.8	42.6	
22.9	77.0	62.3	37.7	
32.8	47.5	86.9	37.7	
22.9	32.8	121.3	37.7	
25.4	18.0	160.7	37.7	
22.9	25.4	246.8	25.4	
25.4	35.2	264.0	25.4	
15.5	27.8	163.1	37.7	
27.8	25.4	121.3	32.8	
20.5	3.2	111.5	20.5	
8.2	0.8	72.1	27.8	
10.6	5.7	-38.6	35.2	
-1.7	5.7	-134.5	32.8	
13.1	13.1	-139.4	27.8	
27.8	13.1	-90.2	32.8	
15.5	13.1	-1.7	25.4	
32.8	25.4	-122.2	25.4	
15.5	0.8	-117.3	15.5	
20.5	13.1	-109.9	-1.7	
20.5	22.9	-65.6	-4.1	
22.9	18.0	-68.1	0.8	
5.7	32.8	-41.0	-4.1	
3.2	32.8	-11.5	5.7	
20.5	32.8	42.6	-18.9	
25.4	37.7	32.8	-26.3	
22.9	32.8	-26.3	-26.3	
22.9	27.8	0.8	-36.1	
32.8	45.1	-23.8	-31.2	
35.2	37.7	-4.1	-26.3	
40.1	47.5	8.2	-43.5	
35.2	27.8	-4.1	-48.4	
27.8	25.4	47.5	-23.8	
30.3	20.5	94.3	-16.4	
35.2	25.4	89.3	-14.0	
32.8	30.3	106.6	-33.7	
30.3	22.9	84.4	-23.8	
30.3	20.5	64.7	-18.9	
40.1	25.4	57.4	-31.2	
13.1	-1.7	57.4	-16.4	
10.6	-14.0	37.7	-21.4	
13.1	-18.9	30.3	-14.0	
20.5	-16.4	32.8	-16.4	
8.2	-11.5	-28.7	-4.1	
-1.7	-16.4	-80.4	-1.7	
8.2	-1.7	-75.5	-9.1	
5.7	-1.7	-41.0	-11.5	
-4.1	20.5	86.9	-14.0	
5.7	42.6	163.1	-21.4	
8.2	40.1	106.6	-23.8	
8.2	8.2	-6.6	-31.2	
3.2	22.9	-75.5	-50.9	
-6.6	42.6	-58.3	-80.4	
0.8	32.8	-21.4	-100.1	
8.2	25.4	35.2	-102.5	
0.8	15.5	45.1	-77.9	
-4.1	18.0	-41.0	-73.0	
-4.1	-4.1	-122.2	-73.0	
0.8	-21.4	-141.9	-85.3	
3.2	-41.0	-55.8	-77.9	
3.2	-16.4	32.8	-97.6	
10.6	-1.7	104.1	-102.5	
-4.1	8.2	113.9	-73.0	
-1.7	-1.7	25.4	-46.0	
27.8	13.1	-21.4	-28.7	
20.5	13.1	-107.5	3.2	
13.1	5.7	-112.4	15.5	
15.5	10.6	-58.3	35.2	
15.5	5.7	5.7	47.5	
27.8	15.5	72.1	27.8	
22.9	13.1	82.0	37.7	
22.9	5.7	91.8	91.8	
18.0	0.8	89.3	170.5	
20.5	-26.3	96.7	182.8	
30.3	-11.5	128.7	185.3	
27.8	-14.0	67.2	209.9	
30.3	-4.1	54.9	180.4	
45.1	10.6	59.8	128.7	
45.1	15.5	64.7	77.0	
32.8	20.5	153.3	67.2	
42.6	50.0	173.0	74.6	
30.3	72.1	82.0	79.5	
35.2	67.2	-50.9	54.9	
32.8	54.9	-213.2	20.5	
27.8	27.8	-208.3	-14.0	
40.1	32.8	-105.0	-38.6	
35.2	18.0	32.8	18.0	
35.2	13.1	-9.1	59.8	
25.4	15.5	-102.5	10.6	
27.8	8.2	-151.7	-53.3	
32.8	0.8	-102.5	-82.9	
27.8	5.7	-58.3	-65.6	
30.3	3.2	25.4	-60.7	
25.4	3.2	15.5	-65.6	
27.8	8.2	-9.1	-87.8	
22.9	13.1	-43.5	-55.8	
32.8	13.1	-46.0	-55.8	
30.3	18.0	-46.0	-48.4	
27.8	3.2	-68.1	-58.3	
22.9	5.7	-41.0	-41.0	
35.2	-6.6	-26.3	-38.6	
35.2	18.0	18.0	-11.5	
27.8	35.2	47.5	13.1	
30.3	27.8	50.0	20.5	
15.5	20.5	79.5	18.0	
30.3	40.1	91.8	10.6	
40.1	47.5	113.9	15.5	
25.4	32.8	116.4	47.5	
32.8	32.8	126.2	37.7	
22.9	42.6	89.3	62.3	
30.3	32.8	54.9	86.9	
22.9	42.6	67.2	121.3	
25.4	25.4	47.5	155.8	
15.5	22.9	25.4	138.5	
20.5	40.1	0.8	133.6	
20.5	22.9	-31.2	131.2	
20.5	30.3	-53.3	150.8	
30.3	32.8	-31.2	177.9	
30.3	22.9	-33.7	182.8	
20.5	27.8	-18.9	160.7	
32.8	32.8	35.2	150.8	
27.8	30.3	82.0	150.8	
18.0	0.8	54.9	143.5	
25.4	13.1	50.0	141.0	
10.6	-6.6	-38.6	121.3	
15.5	-28.7	-82.9	96.7	
18.0	-36.1	-41.0	79.5	
30.3	-21.4	-65.6	89.3	
25.4	5.7	-82.9	82.0	
13.1	-1.7	-16.4	91.8	
5.7	-26.3	3.2	54.9	
5.7	0.8	-21.4	42.6	
10.6	52.4	13.1	25.4	
3.2	52.4	59.8	10.6	
18.0	77.0	99.2	-4.1	
27.8	91.8	190.2	-11.5	
25.4	104.1	232.0	-36.1	
35.2	109.0	200.0	-50.9	
37.7	52.4	91.8	-48.4	
20.5	52.4	32.8	-43.5	
22.9	37.7	13.1	-36.1	
35.2	30.3	30.3	-46.0	
22.9	40.1	18.0	-48.4	
15.5	47.5	-26.3	-36.1	
27.8	30.3	-53.3	-50.9	
8.2	8.2	10.6	-60.7	
8.2	-50.9	79.5	-63.2	
20.5	-65.6	106.6	-33.7	
22.9	-36.1	150.8	22.9	
30.3	-36.1	111.5	40.1	
18.0	-43.5	-1.7	10.6	
18.0	-41.0	-53.3	-46.0	
25.4	-58.3	-46.0	-55.8	
20.5	-43.5	-139.4	-46.0	
8.2	-43.5	-149.3	25.4	
3.2	-14.0	-117.3	91.8	
8.2	-9.1	-82.9	89.3	
3.2	-11.5	-70.6	50.0	
20.5	-6.6	-119.8	3.2	
10.6	18.0	-159.1	-9.1	
8.2	52.4	-90.2	-11.5	
8.2	22.9	35.2	10.6	
8.2	57.4	133.6	0.8	
20.5	74.6	175.4	-11.5	
18.0	96.7	163.1	-14.0	
22.9	106.6	131.2	10.6	
25.4	96.7	133.6	18.0	
27.8	99.2	138.5	13.1	
32.8	89.3	158.2	15.5	
37.7	50.0	82.0	15.5	
25.4	-9.1	10.6	22.9	
35.2	-70.6	-9.1	18.0	
50.0	-80.4	-23.8	32.8	
30.3	-87.8	-23.8	45.1	
27.8	-80.4	-14.0	37.7	
30.3	-70.6	-16.4	18.0	
30.3	-41.0	-28.7	3.2	
32.8	-14.0	10.6	-18.9	
47.5	-6.6	20.5	-28.7	
37.7	5.7	30.3	-1.7	
52.4	3.2	62.3	-9.1	
50.0	13.1	84.4	-21.4	
42.6	15.5	0.8	-6.6	
47.5	18.0	-82.9	8.2	
37.7	18.0	-114.8	-9.1	
42.6	18.0	-109.9	-1.7	
35.2	30.3	-68.1	-23.8	
18.0	18.0	10.6	-43.5	
32.8	18.0	42.6	0.8	
30.3	27.8	47.5	20.5	
27.8	42.6	-11.5	10.6	
15.5	52.4	-11.5	8.2	
27.8	52.4	30.3	-1.7	
25.4	35.2	62.3	5.7	
35.2	59.8	50.0	-18.9	
40.1	57.4	62.3	-26.3	
30.3	64.7	136.1	-1.7	
37.7	72.1	136.1	-16.4	
50.0	74.6	84.4	-16.4	
54.9	77.0	0.8	5.7	
52.4	59.8	-16.4	3.2	
52.4	64.7	-60.7	15.5	
62.3	59.8	-97.6	8.2	
47.5	67.2	-50.9	-1.7	
40.1	57.4	-23.8	-33.7	
50.0	54.9	13.1	-70.6	
52.4	52.4	52.4	-75.5	
47.5	42.6	42.6	-46.0	
47.5	30.3	5.7	15.5	
42.6	22.9	-9.1	82.0	
35.2	57.4	77.0	96.7	
45.1	54.9	136.1	133.6	
52.4	64.7	177.9	62.3	
45.1	62.3	116.4	42.6	
47.5	69.7	116.4	64.7	
45.1	57.4	96.7	32.8	
50.0	62.3	59.8	40.1	
50.0	47.5	35.2	22.9	
47.5	45.1	15.5	18.0	
35.2	37.7	-14.0	3.2	
42.6	27.8	-58.3	-9.1	
37.7	37.7	-4.1	0.8	
47.5	45.1	22.9	32.8	
40.1	32.8	57.4	59.8	
37.7	32.8	42.6	50.0	
37.7	18.0	-11.5	37.7	
35.2	35.2	-9.1	-6.6	
40.1	37.7	-1.7	-18.9	
45.1	37.7	-16.4	-1.7	
35.2	42.6	18.0	-4.1	
40.1	35.2	-14.0	-9.1	
45.1	69.7	10.6	-1.7	
45.1	62.3	45.1	-9.1	
40.1	35.2	69.7	-14.0	
35.2	37.7	89.3	15.5	
45.1	27.8	74.6	20.5	
45.1	8.2	50.0	20.5	
45.1	8.2	20.5	3.2	
42.6	20.5	42.6	3.2	
40.1	5.7	96.7	3.2	
37.7	-1.7	13.1	15.5	
50.0	13.1	-68.1	18.0	
37.7	35.2	-77.9	15.5	
52.4	25.4	-90.2	30.3	
42.6	15.5	-82.9	15.5	
57.4	10.6	-117.3	15.5	
54.9	-1.7	-48.4	13.1	
50.0	-16.4	-1.7	37.7	
52.4	-16.4	3.2	30.3	
45.1	-33.7	-9.1	13.1	
40.1	-41.0	32.8	25.4	
47.5	-14.0	67.2	13.1	
47.5	8.2	64.7	13.1	
47.5	22.9	64.7	22.9	
45.1	45.1	40.1	5.7	
42.6	50.0	5.7	10.6	
47.5	32.8	13.1	18.0	
42.6	25.4	37.7	20.5	
50.0	13.1	15.5	18.0	
52.4	32.8	-4.1	20.5	
47.5	22.9	8.2	18.0	
40.1	37.7	91.8	20.5	
37.7	64.7	158.2	8.2	
50.0	54.9	195.1	3.2	
50.0	69.7	136.1	-9.1	
37.7	50.0	89.3	-31.2	
47.5	42.6	82.0	-14.0	
42.6	45.1	62.3	18.0	
47.5	15.5	0.8	45.1	
52.4	15.5	-63.2	3.2	
40.1	13.1	-68.1	20.5	
47.5	30.3	-58.3	15.5	
40.1	22.9	-48.4	20.5	
35.2	20.5	-119.8	-16.4	
40.1	3.2	-166.5	-58.3	
37.7	-1.7	-198.5	-21.4	
35.2	0.8	-129.6	64.7	
27.8	10.6	-129.6	69.7	
40.1	5.7	-102.5	37.7	
32.8	5.7	-53.3	37.7	
45.1	18.0	3.2	10.6	
40.1	25.4	57.4	-14.0	
50.0	18.0	109.0	-46.0	
42.6	32.8	32.8	-50.9	
40.1	25.4	3.2	13.1	
37.7	40.1	-38.6	30.3	
40.1	37.7	-75.5	18.0	
42.6	47.5	-55.8	40.1	
22.9	30.3	-11.5	-18.9	
32.8	13.1	50.0	-80.4	
30.3	10.6	94.3	-65.6	
27.8	5.7	170.5	-21.4	
25.4	3.2	224.6	40.1	
27.8	5.7	195.1	45.1	
30.3	10.6	86.9	15.5	
30.3	8.2	86.9	-53.3	
25.4	5.7	160.7	-87.8	
35.2	13.1	163.1	-90.2	
30.3	25.4	101.6	-26.3	
32.8	15.5	5.7	-105.0	
30.3	13.1	-73.0	-97.6	
27.8	-11.5	-134.5	62.3	
37.7	18.0	-87.8	150.8	
35.2	27.8	-36.1	205.0	
47.5	10.6	-63.2	133.6	
40.1	5.7	-156.7	25.4	
40.1	13.1	-215.7	62.3	
45.1	35.2	-173.9	101.6	
32.8	54.9	-80.4	67.2	
47.5	72.1	-33.7	18.0	
42.6	77.0	15.5	-1.7	
37.7	82.0	91.8	-33.7	
35.2	84.4	136.1	-38.6	
32.8	72.1	128.7	-46.0	
32.8	27.8	128.7	-1.7	
32.8	32.8	219.7	5.7	
47.5	20.5	276.3	-18.9	
37.7	22.9	256.6	-16.4	
35.2	8.2	187.7	-18.9	
37.7	18.0	84.4	27.8	
37.7	32.8	42.6	35.2	
40.1	45.1	50.0	59.8	
45.1	15.5	15.5	50.0	
47.5	22.9	-31.2	8.2	
35.2	5.7	-117.3	-23.8	
47.5	5.7	-159.1	-55.8	
54.9	32.8	-102.5	-63.2	
32.8	25.4	-70.6	-55.8	
42.6	18.0	-38.6	52.4	
37.7	-1.7	27.8	84.4	
35.2	0.8	40.1	67.2	
45.1	30.3	77.0	69.7	
35.2	77.0	74.6	-6.6	
30.3	79.5	54.9	30.3	
22.9	40.1	20.5	-36.1	
30.3	0.8	30.3	-82.9	
32.8	-23.8	20.5	-58.3	
32.8	18.0	-70.6	-31.2	
35.2	62.3	-117.3	82.0	
27.8	72.1	-132.1	77.0	
40.1	57.4	-95.2	30.3	
25.4	52.4	-58.3	18.0	
25.4	67.2	-68.1	173.0	
32.8	91.8	-55.8	232.0	
22.9	77.0	-48.4	101.6	
18.0	77.0	-63.2	-43.5	
22.9	64.7	-31.2	-112.4	
37.7	10.6	-18.9	-117.3	
27.8	-1.7	-41.0	-48.4	
27.8	3.2	-63.2	47.5	
27.8	5.7	-6.6	84.4	
35.2	18.0	84.4	128.7	
32.8	20.5	173.0	121.3	
30.3	3.2	266.5	72.1	
30.3	13.1	283.7	25.4	
30.3	30.3	214.8	-38.6	
32.8	15.5	175.4	-33.7	
42.6	8.2	163.1	-23.8	
37.7	-4.1	219.7	-11.5	
40.1	-26.3	180.4	0.8	
30.3	-21.4	35.2	5.7	
37.7	-9.1	-129.6	3.2	
40.1	0.8	-296.9	-9.1	
35.2	-9.1	-424.8	-1.7	
35.2	13.1	-375.6	5.7	
22.9	20.5	-277.2	20.5	
27.8	35.2	-218.2	18.0	
30.3	47.5	-127.1	25.4	
32.8	57.4	27.8	10.6	
20.5	52.4	153.3	8.2	
18.0	50.0	173.0	0.8	
25.4	47.5	175.4	-41.0	
13.1	30.3	143.5	-55.8	
18.0	30.3	121.3	-21.4	
20.5	-6.6	131.2	57.4	
15.5	-18.9	141.0	59.8	
22.9	18.0	106.6	5.7	
18.0	45.1	62.3	-6.6	
20.5	25.4	27.8	-38.6	
27.8	27.8	-14.0	-43.5	
20.5	40.1	-11.5	42.6	
22.9	42.6	0.8	158.2	
20.5	50.0	32.8	170.5	
18.0	22.9	20.5	99.2	
25.4	42.6	-41.0	22.9	
13.1	27.8	-129.6	0.8	
20.5	15.5	-105.0	-16.4	
25.4	42.6	-90.2	-21.4	
20.5	62.3	-46.0	-21.4	
22.9	47.5	18.0	-14.0	
20.5	42.6	45.1	-9.1	
25.4	25.4	57.4	-9.1	
15.5	25.4	67.2	22.9	
20.5	40.1	72.1	8.2	
18.0	47.5	84.4	0.8	
15.5	37.7	20.5	-6.6	
27.8	37.7	-14.0	3.2	
20.5	45.1	-46.0	-9.1	
25.4	50.0	-55.8	-18.9	
15.5	57.4	-36.1	15.5	
22.9	57.4	54.9	10.6	
22.9	52.4	106.6	-1.7	
27.8	37.7	57.4	-9.1	
27.8	10.6	64.7	-11.5	
32.8	8.2	0.8	-18.9	
5.7	20.5	-46.0	-18.9	
3.2	13.1	27.8	-14.0	
0.8	25.4	47.5	-14.0	
5.7	20.5	3.2	-14.0	
18.0	20.5	15.5	-21.4	
22.9	13.1	-6.6	-26.3	
22.9	5.7	-21.4	-28.7	
32.8	0.8	-41.0	-18.9	
22.9	18.0	5.7	-23.8	
22.9	27.8	15.5	-9.1	
22.9	32.8	5.7	-21.4	
32.8	52.4	-26.3	-46.0	
27.8	52.4	-85.3	-26.3	
27.8	59.8	-90.2	-4.1	
22.9	42.6	-41.0	-11.5	
27.8	37.7	57.4	57.4	
27.8	32.8	89.3	50.0	
30.3	30.3	180.4	89.3	
35.2	37.7	187.7	54.9	
20.5	57.4	118.9	5.7	
27.8	62.3	45.1	-48.4	
30.3	54.9	-14.0	-53.3	
25.4	52.4	0.8	-31.2	
25.4	45.1	-16.4	22.9	
25.4	37.7	0.8	64.7	
27.8	37.7	-11.5	45.1	
27.8	27.8	-55.8	20.5	
27.8	8.2	-117.3	8.2	
27.8	13.1	-146.8	-4.1	
25.4	13.1	-156.7	-9.1	
30.3	22.9	-129.6	-9.1	
20.5	22.9	-141.9	-4.1	
42.6	30.3	-127.1	8.2	
40.1	30.3	-80.4	18.0	
32.8	13.1	52.4	13.1	
27.8	22.9	143.5	-14.0	
30.3	22.9	163.1	-21.4	
30.3	25.4	163.1	-4.1	
35.2	30.3	177.9	52.4	
40.1	22.9	136.1	50.0	
22.9	8.2	99.2	15.5	
18.0	20.5	82.0	18.0	
35.2	30.3	45.1	32.8	
30.3	42.6	15.5	-21.4	
20.5	32.8	5.7	-65.6	
27.8	45.1	-16.4	-46.0	
32.8	47.5	-21.4	30.3	
20.5	52.4	42.6	37.7	
40.1	64.7	57.4	52.4	
37.7	59.8	8.2	52.4	
37.7	74.6	-48.4	18.0	
37.7	72.1	-87.8	27.8	
37.7	62.3	-70.6	8.2	
32.8	72.1	-6.6	-16.4	
20.5	64.7	-14.0	-21.4	
37.7	74.6	-18.9	-18.9	
25.4	72.1	-50.9	-11.5	
35.2	22.9	-48.4	5.7	
37.7	20.5	-50.9	-1.7	
30.3	3.2	-100.1	-14.0	
35.2	-23.8	-92.7	-6.6	
27.8	-28.7	-36.1	-9.1	
30.3	-16.4	50.0	-31.2	
40.1	3.2	50.0	-21.4	
22.9	8.2	121.3	-31.2	
27.8	-11.5	163.1	-55.8	
22.9	-9.1	163.1	-55.8	
20.5	-1.7	155.8	-48.4	
20.5	3.2	118.9	37.7	
20.5	-1.7	27.8	77.0	
37.7	-4.1	-14.0	82.0	
32.8	5.7	-95.2	13.1	
25.4	0.8	-129.6	8.2	
32.8	27.8	-208.3	3.2	
30.3	35.2	-193.6	8.2	
32.8	50.0	-139.4	25.4	
32.8	47.5	-141.9	109.0	
30.3	52.4	-146.8	128.7	
35.2	54.9	-159.1	37.7	
30.3	32.8	-129.6	-41.0	
30.3	37.7	-90.2	0.8	
45.1	57.4	-28.7	18.0	
25.4	52.4	59.8	-21.4	
25.4	37.7	74.6	-36.1	
27.8	32.8	116.4	5.7	
20.5	27.8	126.2	10.6	
18.0	-9.1	131.2	5.7	
25.4	-6.6	57.4	18.0	
22.9	47.5	42.6	22.9	
27.8	57.4	72.1	30.3	
22.9	72.1	148.4	30.3	
20.5	57.4	67.2	3.2	
25.4	57.4	-38.6	-11.5	
20.5	50.0	-80.4	-18.9	
15.5	15.5	-87.8	0.8	
20.5	-6.6	-1.7	-1.7	
20.5	-28.7	64.7	0.8	
30.3	-41.0	10.6	-36.1	
25.4	-4.1	-41.0	-58.3	
20.5	32.8	8.2	-48.4	
18.0	37.7	64.7	-46.0	
22.9	45.1	197.6	-1.7	
18.0	69.7	251.7	59.8	
20.5	50.0	197.6	104.1	
18.0	25.4	104.1	82.0	
13.1	27.8	5.7	35.2	
20.5	30.3	-11.5	10.6	
15.5	32.8	-55.8	-38.6	
15.5	-4.1	-92.7	-53.3	
22.9	-6.6	-181.3	-63.2	
8.2	18.0	-237.8	-53.3	
8.2	27.8	-208.3	-16.4	
18.0	25.4	-210.8	-6.6	
18.0	20.5	-171.4	-18.9	
20.5	27.8	-127.1	0.8	
22.9	47.5	-28.7	-6.6	
15.5	42.6	37.7	8.2	
20.5	57.4	165.6	-9.1	
27.8	45.1	200.0	0.8	
20.5	40.1	200.0	-1.7	
30.3	27.8	82.0	10.6	
25.4	45.1	-11.5	-14.0	
27.8	62.3	-53.3	-6.6	
22.9	57.4	10.6	8.2	
20.5	30.3	62.3	22.9	
22.9	30.3	82.0	10.6	
15.5	-21.4	91.8	3.2	
13.1	5.7	123.8	10.6	
10.6	22.9	96.7	22.9	
20.5	40.1	72.1	20.5	
18.0	50.0	133.6	5.7	
22.9	91.8	175.4	-1.7	
25.4	91.8	160.7	-6.6	
18.0	74.6	222.2	25.4	
30.3	64.7	177.9	20.5	
20.5	52.4	133.6	10.6	
20.5	50.0	111.5	-1.7	
10.6	52.4	-6.6	3.2	
10.6	37.7	-137.0	13.1	
13.1	37.7	-230.5	27.8	
15.5	30.3	-252.6	3.2	
13.1	18.0	-314.1	13.1	
32.8	20.5	-360.8	-4.1	
27.8	25.4	-343.6	13.1	
15.5	47.5	-319.0	22.9	
15.5	32.8	-282.1	-11.5	
18.0	27.8	-196.0	-18.9	
25.4	42.6	-92.7	-36.1	
18.0	64.7	-63.2	-36.1	
8.2	35.2	-112.4	-21.4	
-1.7	18.0	-97.6	-11.5	
15.5	40.1	-53.3	3.2	
15.5	35.2	3.2	-4.1	
5.7	42.6	79.5	-33.7	
15.5	57.4	165.6	-68.1	
15.5	32.8	244.3	-48.4	
18.0	0.8	268.9	-4.1	
18.0	-16.4	259.1	40.1	
20.5	-14.0	288.6	50.0	
27.8	22.9	234.5	30.3	
22.9	79.5	54.9	-21.4	
20.5	109.0	-1.7	-28.7	
18.0	86.9	-6.6	13.1	
25.4	45.1	-4.1	82.0	
8.2	32.8	42.6	40.1	
5.7	25.4	111.5	15.5	
0.8	59.8	84.4	32.8	
20.5	47.5	69.7	30.3	
25.4	45.1	86.9	5.7	
15.5	35.2	150.8	-28.7	
22.9	5.7	141.0	-36.1	
37.7	-9.1	113.9	-46.0	
27.8	-14.0	116.4	-38.6	
25.4	20.5	-4.1	13.1	
15.5	74.6	-43.5	35.2	
18.0	86.9	0.8	18.0	
5.7	79.5	27.8	-1.7	
-4.1	30.3	22.9	-1.7	
-1.7	27.8	40.1	10.6	
10.6	32.8	42.6	27.8	
10.6	59.8	-43.5	25.4	
15.5	22.9	-87.8	18.0	
20.5	20.5	-50.9	3.2	
10.6	30.3	-4.1	-11.5	
-14.0	18.0	-1.7	-6.6	
-28.7	47.5	-43.5	20.5	
-18.9	74.6	-63.2	18.0	
-31.2	96.7	-87.8	-4.1	
-9.1	72.1	-77.9	-11.5	
-6.6	42.6	-41.0	-21.4	
-4.1	45.1	10.6	-21.4	
18.0	111.5	8.2	-4.1	
25.4	131.2	-28.7	20.5	
25.4	160.7	-48.4	10.6	
27.8	131.2	-105.0	-14.0	
30.3	123.8	-105.0	-38.6	
20.5	126.2	-58.3	-11.5	
22.9	158.2	-16.4	42.6	
18.0	131.2	-97.6	57.4	
18.0	121.3	-188.6	20.5	
13.1	64.7	-137.0	40.1	
8.2	-4.1	3.2	30.3	
-1.7	-53.3	94.3	35.2	
-1.7	-18.9	116.4	10.6	
0.8	3.2	89.3	-6.6	
-6.6	-28.7	45.1	-16.4	
-11.5	-33.7	-11.5	-9.1	
-23.8	-1.7	-109.9	8.2	
-18.9	25.4	-232.9	15.5	
-26.3	20.5	-314.1	15.5	
-21.4	15.5	-196.0	10.6	
-21.4	22.9	-65.6	0.8	
-9.1	15.5	67.2	0.8	
3.2	-21.4	128.7	0.8	
3.2	-4.1	145.9	3.2	
5.7	-21.4	138.5	5.7	
8.2	-41.0	91.8	5.7	
15.5	-46.0	86.9	3.2	
8.2	-21.4	170.5	5.7	
13.1	0.8	330.4	-21.4	
15.5	37.7	251.7	-1.7	
25.4	35.2	182.8	27.8	
15.5	20.5	143.5	62.3	
18.0	-14.0	-16.4	67.2	
25.4	-18.9	-77.9	-14.0	
15.5	8.2	-70.6	-38.6	
30.3	47.5	-191.1	-14.0	
27.8	62.3	-225.5	3.2	
32.8	52.4	-365.8	10.6	
22.9	52.4	-446.9	-4.1	
27.8	67.2	-471.5	-21.4	
32.8	72.1	-348.5	-41.0	
30.3	59.8	-154.2	-48.4	
37.7	25.4	-23.8	-26.3	
27.8	-21.4	47.5	3.2	
40.1	-16.4	20.5	-1.7	
37.7	-21.4	25.4	-21.4	
42.6	-33.7	-48.4	-14.0	
30.3	-58.3	-55.8	-36.1	
47.5	-77.9	18.0	-14.0	
45.1	-46.0	62.3	-4.1	
25.4	-9.1	35.2	-9.1	
32.8	-6.6	30.3	-6.6	
35.2	5.7	47.5	-11.5	
54.9	5.7	47.5	-6.6	
47.5	8.2	131.2	-9.1	
42.6	32.8	190.2	-9.1	
45.1	50.0	138.5	-38.6	
50.0	35.2	106.6	-28.7	
47.5	25.4	74.6	-6.6	
54.9	37.7	79.5	20.5	
57.4	45.1	37.7	18.0	
52.4	45.1	47.5	-1.7	
52.4	25.4	-6.6	-48.4	
62.3	22.9	-77.9	-55.8	
64.7	25.4	-129.6	0.8	
54.9	18.0	-65.6	35.2	
52.4	18.0	-36.1	64.7	
54.9	18.0	0.8	47.5	
32.8	20.5	-48.4	86.9	
40.1	32.8	-141.9	62.3	
47.5	35.2	-122.2	10.6	
27.8	32.8	-97.6	-21.4	
42.6	57.4	-75.5	-31.2	
50.0	35.2	-41.0	-43.5	
37.7	32.8	45.1	-41.0	
47.5	64.7	148.4	-6.6	
42.6	35.2	219.7	-14.0	
42.6	10.6	261.5	-21.4	
27.8	-1.7	222.2	-28.7	
45.1	-4.1	190.2	-14.0	
40.1	13.1	160.7	-16.4	
32.8	54.9	121.3	-31.2	
45.1	54.9	116.4	-16.4	
32.8	57.4	113.9	-16.4	
32.8	82.0	52.4	-11.5	
40.1	94.3	-6.6	-9.1	
40.1	101.6	-117.3	-31.2	
30.3	89.3	-235.4	0.8	
37.7	94.3	-247.7	-4.1	
27.8	67.2	-171.4	-16.4	
27.8	69.7	-68.1	-16.4	
22.9	22.9	15.5	-43.5	
20.5	-14.0	52.4	-48.4	
25.4	13.1	18.0	-9.1	
30.3	0.8	-16.4	27.8	
25.4	-28.7	-21.4	37.7	
30.3	-41.0	20.5	32.8	
32.8	-36.1	99.2	-18.9	
30.3	-4.1	109.0	20.5	
47.5	25.4	126.2	47.5	
35.2	25.4	84.4	27.8	
35.2	-11.5	-4.1	22.9	
35.2	-16.4	-75.5	40.1	
32.8	-23.8	-144.4	27.8	
18.0	13.1	-176.3	18.0	
42.6	20.5	-159.1	37.7	
37.7	37.7	-85.3	47.5	
40.1	40.1	5.7	40.1	
27.8	20.5	69.7	35.2	
37.7	22.9	121.3	40.1	
25.4	0.8	195.1	30.3	
20.5	-1.7	200.0	37.7	
10.6	3.2	168.1	15.5	
20.5	-14.0	153.3	-4.1	
20.5	-1.7	175.4	-9.1	
20.5	-38.6	165.6	22.9	
27.8	-16.4	143.5	3.2	
27.8	-6.6	67.2	-18.9	
42.6	-1.7	-68.1	0.8	
37.7	5.7	-198.5	32.8	
30.3	32.8	-193.6	64.7	
32.8	47.5	-144.4	20.5	
27.8	32.8	-75.5	10.6	
32.8	40.1	40.1	13.1	
35.2	37.7	96.7	25.4	
35.2	45.1	177.9	45.1	
25.4	13.1	212.3	40.1	
37.7	15.5	202.5	35.2	
30.3	30.3	150.8	27.8	
35.2	20.5	123.8	-4.1	
27.8	25.4	91.8	3.2	
20.5	15.5	121.3	-11.5	
18.0	-18.9	126.2	-16.4	
3.2	15.5	15.5	25.4	
22.9	37.7	-63.2	37.7	
15.5	13.1	-21.4	64.7	
18.0	-6.6	37.7	50.0	
8.2	-18.9	64.7	69.7	
27.8	-28.7	45.1	27.8	
18.0	-11.5	35.2	50.0	
30.3	15.5	35.2	123.8	
27.8	47.5	94.3	116.4	
20.5	64.7	59.8	52.4	
32.8	79.5	30.3	0.8	
32.8	62.3	-18.9	27.8	
45.1	59.8	-36.1	25.4	
25.4	96.7	-43.5	22.9	
15.5	121.3	-43.5	-4.1	
35.2	104.1	47.5	-4.1	
27.8	94.3	131.2	0.8	
32.8	47.5	212.3	22.9	
30.3	3.2	239.4	47.5	
22.9	10.6	236.9	20.5	
35.2	52.4	195.1	30.3	
30.3	0.8	190.2	32.8	
47.5	-50.9	145.9	13.1	
40.1	-80.4	84.4	13.1	
32.8	-73.0	27.8	35.2	
30.3	-55.8	-23.8	-23.8	
27.8	-43.5	-60.7	5.7	
35.2	-46.0	-90.2	91.8	
45.1	-28.7	-75.5	121.3	
40.1	-26.3	-87.8	82.0	
37.7	3.2	-77.9	101.6	
32.8	52.4	-50.9	64.7	
32.8	99.2	-85.3	47.5	
27.8	99.2	-114.8	18.0	
22.9	111.5	-119.8	5.7	
27.8	104.1	-23.8	-21.4	
18.0	128.7	91.8	-28.7	
15.5	131.2	165.6	-9.1	
13.1	84.4	160.7	72.1	
13.1	77.0	170.5	160.7	
20.5	62.3	180.4	131.2	
15.5	32.8	138.5	45.1	
18.0	15.5	111.5	-4.1	
27.8	40.1	104.1	15.5	
27.8	25.4	94.3	52.4	
22.9	30.3	50.0	3.2	
22.9	27.8	5.7	-55.8	
15.5	50.0	10.6	-21.4	
25.4	79.5	30.3	25.4	
35.2	99.2	59.8	77.0	
45.1	109.0	89.3	96.7	
35.2	113.9	116.4	37.7	
30.3	74.6	143.5	3.2	
35.2	69.7	148.4	8.2	
35.2	42.6	74.6	8.2	
45.1	45.1	8.2	-26.3	
37.7	10.6	-14.0	-18.9	
37.7	8.2	-43.5	-6.6	
32.8	5.7	-55.8	47.5	
22.9	0.8	-50.9	62.3	
30.3	-16.4	-11.5	45.1	
22.9	30.3	-9.1	32.8	
20.5	67.2	-14.0	45.1	
22.9	57.4	-70.6	27.8	
32.8	50.0	-70.6	57.4	
35.2	62.3	-14.0	67.2	
35.2	72.1	15.5	32.8	
37.7	101.6	-23.8	47.5	
35.2	106.6	-85.3	79.5	
27.8	89.3	-38.6	64.7	
37.7	67.2	10.6	101.6	
27.8	45.1	82.0	106.6	
35.2	52.4	116.4	104.1	
32.8	57.4	158.2	57.4	
40.1	18.0	165.6	59.8	
35.2	5.7	136.1	40.1	
27.8	15.5	96.7	42.6	
32.8	18.0	77.0	40.1	
30.3	37.7	82.0	32.8	
27.8	45.1	121.3	50.0	
37.7	54.9	160.7	79.5	
30.3	74.6	197.6	62.3	
32.8	67.2	251.7	54.9	
27.8	50.0	264.0	77.0	
37.7	57.4	288.6	72.1	
27.8	50.0	288.6	45.1	
30.3	25.4	241.9	54.9	
27.8	50.0	239.4	86.9	
27.8	40.1	192.7	106.6	
27.8	52.4	214.8	101.6	
27.8	62.3	251.7	86.9	
25.4	47.5	278.8	96.7	
27.8	32.8	239.4	89.3	
27.8	52.4	229.6	62.3	
27.8	59.8	254.2	84.4	
32.8	35.2	259.1	67.2	
37.7	25.4	296.0	59.8	
32.8	8.2	273.8	67.2	
32.8	-6.6	234.5	69.7	
37.7	3.2	205.0	116.4	
30.3	15.5	291.1	128.7	
27.8	30.3	345.2	116.4	
45.1	37.7	389.5	106.6	
30.3	8.2	460.8	131.2	
45.1	30.3	495.2	148.4	
30.3	40.1	514.9	128.7	
30.3	37.7	517.4	168.1	
32.8	37.7	551.8	236.9	
30.3	27.8	603.5	222.2	
35.2	40.1	623.2	202.5	
20.5	45.1	694.5	163.1	
45.1	40.1	721.6	136.1	
32.8	20.5	731.4	113.9	
30.3	40.1	709.3	96.7	
37.7	47.5	699.4	111.5	
32.8	47.5	660.1	163.1	
37.7	42.6	615.8	143.5	
42.6	62.3	586.3	82.0	
47.5	91.8	569.0	99.2	
47.5	99.2	551.8	111.5	
47.5	113.9	517.4	153.3	
47.5	74.6	475.6	133.6	
45.1	35.2	446.0	109.0	
40.1	-4.1	404.2	96.7	
30.3	-26.3	350.1	86.9	
15.5	-28.7	271.4	52.4	
-1.7	5.7	256.6	27.8	
-6.6	8.2	236.9	47.5	
-23.8	30.3	234.5	136.1	
-21.4	25.4	219.7	192.7	
-6.6	8.2	209.9	155.8	
-4.1	15.5	200.0	96.7	
0.8	54.9	205.0	121.3	
5.7	45.1	145.9	128.7	
30.3	42.6	163.1	79.5	
40.1	10.6	116.4	79.5	
42.6	8.2	47.5	82.0	
45.1	45.1	-6.6	47.5	
52.4	62.3	-18.9	25.4	
57.4	74.6	-48.4	25.4	
45.1	72.1	-87.8	30.3	
50.0	50.0	-139.4	35.2	
42.6	64.7	-193.6	25.4	
45.1	89.3	-223.1	10.6	
30.3	74.6	-247.7	-21.4	
37.7	13.1	-282.1	-31.2	
27.8	-41.0	-306.7	-16.4	
42.6	-100.1	-311.6	-4.1	
35.2	-117.3	-287.0	-33.7	
45.1	-70.6	-282.1	-14.0	
50.0	-21.4	-309.2	-11.5	
50.0	40.1	-365.8	-21.4	
62.3	64.7	-370.7	-77.9	
57.4	42.6	-338.7	-68.1	
72.1	20.5	-331.3	-55.8	
77.0	22.9	-311.6	-82.9	
89.3	22.9	-269.8	-105.0	
96.7	15.5	-213.2	-70.6	
101.6	30.3	-151.7	-65.6	
91.8	-14.0	-75.5	-80.4	
99.2	-100.1	40.1	-36.1	
99.2	-107.5	163.1	-21.4	
101.6	-87.8	288.6	-16.4	
109.0	-53.3	433.7	-41.0	
99.2	-36.1	507.5	-31.2	
99.2	13.1	522.3	-26.3	
99.2	30.3	443.6	-18.9	
104.1	25.4	342.7	-31.2	
82.0	47.5	217.3	-53.3	
82.0	74.6	64.7	-75.5	
82.0	74.6	-58.3	-95.2	
79.5	42.6	-218.2	-97.6	
82.0	54.9	-412.5	-97.6	
64.7	69.7	-601.9	-119.8	
64.7	113.9	-774.1	-134.5	
52.4	145.9	-978.3	-122.2	
52.4	126.2	-1128.4	-109.9	
59.8	67.2	-1153.0	-137.0	
52.4	59.8	-1162.8	-151.7	
54.9	62.3	-1125.9	-127.1	
52.4	74.6	-1032.4	-127.1	
54.9	82.0	-867.6	-95.2	
42.6	37.7	-813.5	-95.2	
45.1	-11.5	-823.3	-117.3	
45.1	-38.6	-916.8	-112.4	
37.7	-26.3	-879.9	-112.4	
40.1	5.7	-815.9	-134.5	
35.2	40.1	-793.8	-178.8	
40.1	84.4	-781.5	-205.9	
45.1	89.3	-806.1	-173.9	
50.0	94.3	-801.2	-169.0	
45.1	109.0	-747.1	-144.4	
47.5	96.7	-643.7	-85.3	
45.1	79.5	-520.7	-95.2	
45.1	101.6	-427.3	-82.9	
47.5	77.0	-309.2	-87.8	
64.7	72.1	-252.6	-50.9	
52.4	0.8	-252.6	27.8	
57.4	-48.4	-242.8	54.9	
64.7	-6.6	-230.5	79.5	
67.2	30.3	-223.1	109.0	
79.5	37.7	-225.5	168.1	
79.5	42.6	-279.7	153.3	
74.6	35.2	-395.3	175.4	
84.4	37.7	-454.3	187.7	
91.8	57.4	-545.3	256.6	
91.8	42.6	-663.4	249.2	
91.8	72.1	-771.7	251.7	
91.8	84.4	-786.4	197.6	
82.0	74.6	-759.4	192.7	
89.3	69.7	-759.4	224.6	
94.3	64.7	-749.5	222.2	
89.3	52.4	-631.4	195.1	
94.3	50.0	-476.5	207.4	
86.9	54.9	-326.4	200.0	
94.3	42.6	-141.9	177.9	
84.4	54.9	227.1	170.5	
72.1	42.6	709.3	158.2	
91.8	37.7	1186.5	165.6	
79.5	35.2	1599.8	145.9	
77.0	35.2	1818.7	111.5	
79.5	25.4	1764.6	94.3	
77.0	27.8	1548.1	111.5	
79.5	18.0	1115.2	141.0	
67.2	20.5	724.0	136.1	
54.9	40.1	438.7	163.1	
64.7	42.6	207.4	143.5	
59.8	25.4	54.9	143.5	
59.8	40.1	-151.7	168.1	
52.4	45.1	-341.2	158.2	
45.1	35.2	-461.7	192.7	
45.1	35.2	-513.4	175.4	
45.1	22.9	-619.1	158.2	
52.4	22.9	-761.8	175.4	
47.5	5.7	-961.1	175.4	
57.4	8.2	-1199.7	185.3	
52.4	18.0	-1539.2	200.0	
40.1	45.1	-1954.9	185.3	
54.9	10.6	-2198.5	180.4	
50.0	8.2	-2311.6	202.5	
59.8	-9.1	-2321.5	187.7	
57.4	45.1	-2257.5	192.7	
62.3	67.2	-2043.5	163.1	
64.7	82.0	-1797.5	136.1	
67.2	104.1	-1576.1	113.9	
82.0	113.9	-1379.3	45.1	
91.8	104.1	-1239.1	-43.5	
74.6	121.3	-1258.7	-105.0	
82.0	133.6	-1317.8	-127.1	
79.5	111.5	-1337.5	-90.2	
69.7	109.0	-1315.3	-112.4	
52.4	101.6	-1283.3	-156.7	
59.8	67.2	-1278.4	-205.9	
42.6	13.1	-1307.9	-277.2	
52.4	-1.7	-1386.7	-299.3	
57.4	-18.9	-1416.2	-346.1	
45.1	-11.5	-1450.6	-365.8	
50.0	8.2	-1512.1	-405.1	
52.4	8.2	-1418.6	-400.2	
37.7	8.2	-1244.0	-400.2	
30.3	15.5	-936.5	-385.4	
45.1	32.8	-552.7	-373.1	
35.2	22.9	-166.5	-355.9	
18.0	69.7	192.7	-299.3	
22.9	67.2	502.6	-250.1	
25.4	47.5	763.4	-176.3	
18.0	64.7	987.2	-122.2	
10.6	109.0	1152.1	-38.6	
10.6	86.9	1211.1	30.3	
-4.1	54.9	1282.4	67.2	
5.7	62.3	1336.6	77.0	
-11.5	47.5	1346.4	62.3	
-6.6	18.0	1343.9	52.4	
-16.4	37.7	1289.8	89.3	
-28.7	18.0	1240.6	128.7	
-46.0	30.3	1080.7	185.3	
-38.6	32.8	906.1	246.8	
-50.9	0.8	795.4	276.3	
-63.2	-21.4	613.3	320.6	
-55.8	-9.1	482.9	367.3	
-70.6	-9.1	377.2	409.1	
-60.7	-26.3	281.2	399.3	
-70.6	0.8	214.8	406.7	
-75.5	-16.4	190.2	438.7	
-87.8	-9.1	136.1	478.0	
-100.1	-21.4	54.9	495.2	
-95.2	-36.1	3.2	507.5	
-92.7	-33.7	-6.6	534.6	
-95.2	-75.5	5.7	527.2	
-95.2	-53.3	-48.4	487.9	
-105.0	-23.8	-48.4	431.3	
-112.4	-18.9	-58.3	428.8	
-97.6	-1.7	-43.5	340.3	
-100.1	8.2	13.1	308.3	
-77.9	18.0	94.3	325.5	
-80.4	15.5	197.6	288.6	
-92.7	18.0	264.0	241.9	
-95.2	37.7	355.0	278.8	
-80.4	40.1	455.9	291.1	
-82.9	22.9	546.9	325.5	
-75.5	13.1	642.8	318.1	
-70.6	35.2	731.4	369.8	
-70.6	40.1	738.8	411.6	
-60.7	35.2	714.2	416.5	
-53.3	59.8	714.2	421.4	
-48.4	18.0	706.8	423.9	
-43.5	-23.8	665.0	387.0	
-33.7	-26.3	610.9	359.9	
-28.7	-31.2	588.7	320.6	
-16.4	-55.8	561.7	303.4	
-16.4	-38.6	505.1	313.2	
3.2	-18.9	438.7	273.8	
3.2	3.2	409.1	273.8	
15.5	13.1	382.1	249.2	
22.9	8.2	394.4	205.0	
25.4	15.5	406.7	160.7	
32.8	25.4	438.7	82.0	
52.4	10.6	532.1	-9.1	
54.9	13.1	601.0	-75.5	
52.4	-4.1	721.6	-164.0	
59.8	-18.9	861.8	-208.3	
57.4	0.8	945.4	-269.8	
64.7	30.3	1048.7	-375.6	
72.1	35.2	1129.9	-483.8	
72.1	45.1	1193.9	-597.0	
74.6	54.9	1198.8	-668.3	
74.6	72.1	1134.8	-710.2	
77.0	79.5	1107.8	-747.1	
82.0	77.0	935.6	-784.0	
79.5	104.1	785.5	-779.0	
96.7	91.8	593.6	-791.3	
82.0	86.9	259.1	-742.1	
86.9	109.0	-65.6	-683.1	
86.9	89.3	-232.9	-601.9	
101.6	84.4	-331.3	-523.2	
84.4	84.4	-341.2	-444.5	
94.3	47.5	-316.6	-400.2	
101.6	59.8	-346.1	-296.9	
106.6	82.0	-446.9	-245.2	
104.1	84.4	-506.0	-141.9	
118.9	62.3	-587.2	-36.1	
113.9	74.6	-661.0	20.5	
121.3	91.8	-673.3	109.0	
109.0	91.8	-535.5	180.4	
104.1	106.6	-392.8	244.3	
113.9	111.5	-196.0	293.5	
109.0	94.3	-151.7	347.6	
101.6	99.2	-139.4	409.1	
113.9	91.8	-63.2	460.8	
116.4	42.6	18.0	514.9	
116.4	30.3	113.9	559.2	
128.7	13.1	219.7	569.0	
126.2	10.6	318.1	566.6	
109.0	-4.1	310.7	507.5	
113.9	3.2	222.2	465.7	
96.7	-21.4	207.4	416.5	
91.8	-14.0	168.1	382.1	
89.3	-33.7	222.2	350.1	
96.7	-26.3	234.5	315.7	
72.1	8.2	207.4	335.3	
72.1	42.6	187.7	313.2	
67.2	79.5	104.1	313.2	
54.9	82.0	13.1	310.7	
72.1	77.0	-58.3	264.0	
47.5	101.6	-114.8	266.5	
52.4	118.9	-218.2	251.7	
37.7	91.8	-284.6	222.2	
32.8	84.4	-323.9	214.8	
30.3	79.5	-346.1	182.8	
27.8	86.9	-370.7	148.4	
18.0	104.1	-478.9	101.6	
18.0	106.6	-555.2	47.5	
8.2	99.2	-648.7	-63.2	
-4.1	116.4	-825.8	-176.3	
5.7	104.1	-1069.3	-250.1	
-4.1	84.4	-1347.3	-338.7	
-1.7	96.7	-1622.8	-392.8	
0.8	86.9	-1836.8	-474.0	
-9.1	37.7	-1898.3	-520.7	
-14.0	52.4	-1893.4	-577.3	
-18.9	54.9	-1886.0	-653.6	
-18.9	62.3	-1827.0	-680.6	
-31.2	74.6	-1667.1	-717.5	
-26.3	84.4	-1426.0	-749.5	
-16.4	101.6	-1199.7	-752.0	
-16.4	69.7	-911.9	-756.9	
-28.7	59.8	-560.1	-742.1	
-16.4	59.8	-323.9	-744.6	
-16.4	79.5	-105.0	-712.6	
-9.1	67.2	91.8	-705.2	
-9.1	27.8	374.7	-720.0	
8.2	32.8	743.7	-705.2	
8.2	25.4	1048.7	-729.8	
13.1	25.4	1129.9	-692.9	
5.7	30.3	1299.7	-663.4	
-4.1	79.5	1400.5	-633.9	
15.5	67.2	1476.8	-572.4	
8.2	67.2	1567.8	-508.4	
15.5	54.9	1690.8	-464.2	
20.5	18.0	1914.7	-400.2	
13.1	15.5	2109.0	-319.0	
18.0	27.8	2281.2	-289.5	
37.7	20.5	2406.7	-247.7	
32.8	-9.1	2537.0	-218.2	
32.8	-31.2	2672.3	-188.6	
30.3	10.6	2810.1	-141.9	
32.8	52.4	2903.6	-119.8	
32.8	86.9	2987.2	-102.5	
35.2	86.9	3043.8	-48.4	
40.1	94.3	3088.1	-55.8	
27.8	91.8	3147.1	-23.8	
37.7	99.2	3137.3	42.6	
37.7	91.8	3061.0	109.0	
32.8	106.6	2920.8	246.8	
25.4	99.2	2780.6	288.6	
18.0	96.7	2623.1	298.4	
8.2	118.9	2399.3	350.1	
-11.5	123.8	2175.4	342.7	
-16.4	116.4	1924.5	340.3	
-31.2	109.0	1663.7	367.3	
-33.7	99.2	1366.1	355.0	
-41.0	86.9	1073.3	414.1	
-58.3	84.4	780.6	428.8	
-50.9	79.5	551.8	384.5	
-68.1	74.6	460.8	394.4	
-70.6	99.2	463.3	345.2	
-73.0	96.7	537.1	249.2	
-90.2	86.9	618.2	281.2	
-92.7	86.9	704.3	367.3	
-82.9	86.9	824.9	389.5	
-90.2	86.9	879.0	369.8	
-100.1	84.4	933.1	234.5	
-107.5	69.7	952.8	163.1	
-112.4	57.4	866.7	138.5	
-107.5	62.3	790.4	96.7	
-114.8	84.4	637.9	111.5	
-112.4	84.4	426.4	190.2	
-107.5	69.7	113.9	158.2	
-122.2	57.4	-159.1	148.4	
-124.7	30.3	-422.3	141.0	
-122.2	50.0	-665.9	84.4	
-124.7	20.5	-865.1	45.1	
-112.4	30.3	-1128.4	22.9	
-119.8	22.9	-1411.3	-11.5	
-107.5	22.9	-1637.6	15.5	
-107.5	10.6	-1898.3	-1.7	
-80.4	20.5	-2171.4	-14.0	
-87.8	18.0	-2336.2	-18.9	
-92.7	5.7	-2574.8	-33.7	
-73.0	-18.9	-2761.8	-41.0	
-70.6	-28.7	-2845.4	-63.2	
-65.6	-58.3	-2916.8	-55.8	
-73.0	-65.6	-2825.8	-70.6	
-75.5	-73.0	-2599.4	-65.6	
-73.0	-80.4	-2272.3	-43.5	
-65.6	-85.3	-1957.4	-53.3	
-60.7	-85.3	-1652.3	-60.7	
-60.7	-75.5	-1381.7	-73.0	
-53.3	-80.4	-1202.2	-73.0	
-41.0	-68.1	-1066.9	-60.7	
-36.1	-63.2	-970.9	-9.1	
-31.2	-48.4	-919.3	15.5	
-36.1	-36.1	-919.3	59.8	
-18.9	-14.0	-907.0	64.7	
-21.4	-1.7	-914.3	72.1	
-9.1	-23.8	-936.5	62.3	
-4.1	-28.7	-980.8	62.3	
-11.5	-6.6	-975.8	96.7	
-9.1	-11.5	-941.4	148.4	
-16.4	15.5	-882.4	121.3	
-11.5	10.6	-808.6	104.1	
15.5	22.9	-727.4	109.0	
8.2	35.2	-638.8	111.5	
5.7	54.9	-562.6	84.4	
5.7	69.7	-498.6	40.1	
8.2	47.5	-444.5	15.5	
0.8	52.4	-432.2	-43.5	
8.2	62.3	-432.2	-80.4	
5.7	54.9	-451.9	-124.7	
5.7	45.1	-491.2	-203.4	
8.2	54.9	-530.6	-245.2	
13.1	45.1	-560.1	-250.1	
15.5	35.2	-599.5	-294.4	
5.7	32.8	-661.0	-348.5	
3.2	37.7	-697.9	-368.2	
10.6	47.5	-756.9	-363.3	
3.2	50.0	-737.2	-326.4	
5.7	40.1	-717.5	-299.3	
-1.7	52.4	-673.3	-279.7	
0.8	69.7	-663.4	-255.1	
-11.5	67.2	-631.4	-240.3	
-9.1	50.0	-616.7	-232.9	
-9.1	72.1	-555.2	-232.9	
-16.4	67.2	-520.7	-208.3	
-9.1	42.6	-523.2	-208.3	
-16.4	42.6	-518.3	-250.1	
-28.7	22.9	-506.0	-284.6	
-14.0	30.3	-513.4	-319.0	
-21.4	52.4	-528.1	-402.7	
-21.4	42.6	-557.6	-336.2	
-16.4	54.9	-557.6	-279.7	
-26.3	52.4	-560.1	-237.8	
-28.7	47.5	-540.4	-186.2	
-31.2	54.9	-518.3	-154.2	
-31.2	42.6	-481.4	-186.2	
-23.8	57.4	-469.1	-292.0	
-28.7	42.6	-390.4	-183.7	
-28.7	35.2	-326.4	-132.1	
-33.7	59.8	-247.7	-109.9	
-33.7	69.7	-208.3	-87.8	
-36.1	50.0	-149.3	-95.2	
-36.1	35.2	-50.9	-73.0	
-28.7	47.5	-21.4	-50.9	
-16.4	32.8	57.4	-60.7	
-16.4	57.4	165.6	-68.1	
-21.4	54.9	214.8	-36.1	
-16.4	47.5	286.1	-43.5	
-9.1	35.2	337.8	-43.5	
-4.1	32.8	382.1	-82.9	
-9.1	45.1	426.4	-68.1	
-1.7	69.7	448.5	-63.2	
0.8	62.3	463.3	-95.2	
18.0	64.7	465.7	-97.6	
27.8	37.7	522.3	-169.0	
32.8	54.9	571.5	-220.6	
37.7	64.7	633.0	-360.8	
45.1	40.1	662.5	-402.7	
47.5	57.4	699.4	-218.2	
45.1	40.1	728.9	20.5	
47.5	5.7	701.9	99.2	
52.4	-4.1	665.0	131.2	
50.0	-26.3	642.8	57.4	
42.6	-36.1	635.5	27.8	
40.1	-58.3	605.9	64.7	
45.1	-50.9	610.9	84.4	
32.8	-75.5	596.1	52.4	
37.7	-92.7	603.5	32.8	
20.5	-102.5	593.6	37.7	
15.5	-117.3	613.3	30.3	
22.9	-117.3	571.5	0.8	
22.9	-127.1	522.3	-21.4	
10.6	-102.5	485.4	5.7	
3.2	-82.9	453.4	-43.5	
-9.1	-55.8	426.4	-55.8	
-11.5	-43.5	431.3	-55.8	
-4.1	-60.7	389.5	-48.4	
-6.6	-60.7	352.6	-55.8	
-9.1	-38.6	303.4	-50.9	
0.8	-14.0	264.0	-55.8	
0.8	-9.1	224.6	-43.5	
5.7	-11.5	205.0	-23.8	
0.8	-4.1	197.6	0.8	
8.2	-1.7	116.4	0.8	
8.2	-1.7	42.6	0.8	
15.5	15.5	-18.9	3.2	
22.9	40.1	-70.6	22.9	
22.9	3.2	-127.1	22.9	
37.7	0.8	-137.0	64.7	
27.8	5.7	-161.6	59.8	
27.8	15.5	-186.2	57.4	
30.3	30.3	-169.0	59.8	
47.5	35.2	-159.1	27.8	
50.0	35.2	-75.5	47.5	
52.4	25.4	-90.2	47.5	
47.5	27.8	-127.1	57.4	
40.1	45.1	-127.1	54.9	
54.9	62.3	-154.2	54.9	
57.4	47.5	-191.1	52.4	
57.4	62.3	-228.0	45.1	
69.7	47.5	-228.0	45.1	
74.6	54.9	-213.2	37.7	
69.7	62.3	-178.8	54.9	
64.7	86.9	-183.7	74.6	
52.4	84.4	-166.5	74.6	
64.7	74.6	-186.2	77.0	
59.8	42.6	-151.7	57.4	
59.8	72.1	-141.9	77.0	
59.8	54.9	-146.8	96.7	
59.8	69.7	-210.8	106.6	
52.4	47.5	-306.7	109.0	
45.1	22.9	-331.3	96.7	
37.7	35.2	-331.3	99.2	
32.8	47.5	-373.1	94.3	
37.7	35.2	-360.8	91.8	
27.8	40.1	-336.2	77.0	
25.4	45.1	-299.3	113.9	
10.6	37.7	-232.9	121.3	
20.5	47.5	-198.5	153.3	
20.5	27.8	-159.1	148.4	
5.7	20.5	-100.1	163.1	
5.7	8.2	-75.5	148.4	
-4.1	5.7	-80.4	141.0	
5.7	30.3	-75.5	148.4	
-4.1	25.4	-80.4	153.3	
0.8	45.1	-97.6	158.2	
5.7	32.8	-119.8	148.4	
8.2	27.8	-159.1	138.5	
22.9	15.5	-151.7	126.2	
15.5	15.5	-141.9	131.2	
22.9	50.0	-109.9	128.7	
27.8	22.9	-139.4	113.9	
35.2	20.5	-183.7	104.1	
47.5	22.9	-220.6	116.4	
40.1	30.3	-272.3	106.6	
57.4	3.2	-294.4	89.3	
45.1	-9.1	-284.6	64.7	
59.8	5.7	-228.0	69.7	
52.4	3.2	-176.3	77.0	
42.6	22.9	-141.9	42.6	
54.9	50.0	-114.8	45.1	
47.5	52.4	-107.5	30.3	
59.8	32.8	-124.7	25.4	
50.0	13.1	-164.0	3.2	
62.3	27.8	-196.0	-14.0	
64.7	15.5	-200.9	-33.7	
62.3	15.5	-208.3	-16.4	
62.3	0.8	-200.9	-33.7	
57.4	-36.1	-230.5	-41.0	
52.4	-36.1	-232.9	-38.6	
47.5	-23.8	-232.9	-26.3	
42.6	-6.6	-235.4	-53.3	
32.8	22.9	-196.0	-50.9	
37.7	27.8	-196.0	-65.6	
42.6	45.1	-210.8	-75.5	
35.2	25.4	-218.2	-60.7	
35.2	50.0	-188.6	-77.9	
45.1	62.3	-178.8	-92.7	
32.8	59.8	-154.2	-80.4	
35.2	32.8	-102.5	-134.5	
22.9	20.5	-141.9	-68.1	
52.4	-16.4	-132.1	-58.3	
37.7	0.8	-90.2	-75.5	
22.9	0.8	-70.6	-75.5	
35.2	22.9	-80.4	-75.5	
35.2	15.5	-41.0	-73.0	
42.6	3.2	18.0	-82.9	
35.2	20.5	50.0	-97.6	
42.6	42.6	47.5	-100.1	
45.1	42.6	67.2	-100.1	
42.6	42.6	89.3	-97.6	
54.9	42.6	113.9	-112.4	
40.1	50.0	126.2	-102.5	
40.1	27.8	150.8	-92.7	
32.8	32.8	126.2	-63.2	
22.9	35.2	109.0	-68.1	
32.8	59.8	47.5	-63.2	
25.4	57.4	-18.9	-80.4	
22.9	62.3	-107.5	-95.2	
27.8	52.4	-139.4	-90.2	
18.0	47.5	-186.2	-82.9	
3.2	52.4	-154.2	-53.3	
-6.6	57.4	-102.5	-21.4	
-16.4	72.1	-97.6	-48.4	
-11.5	50.0	-77.9	15.5	
-18.9	64.7	-50.9	47.5	
-16.4	69.7	-9.1	42.6	
-14.0	50.0	47.5	82.0	
-16.4	42.6	94.3	59.8	
-23.8	50.0	79.5	18.0	
-28.7	50.0	91.8	27.8	
-46.0	47.5	82.0	0.8	
-60.7	40.1	35.2	15.5	
-70.6	64.7	8.2	27.8	
-80.4	50.0	-31.2	20.5	
-100.1	37.7	-31.2	15.5	
-102.5	62.3	-48.4	45.1	
-117.3	37.7	-119.8	40.1	
-122.2	32.8	-188.6	30.3	
-122.2	59.8	-321.5	32.8	
-129.6	37.7	-385.4	40.1	
-132.1	50.0	-363.3	30.3	
-137.0	32.8	-306.7	52.4	
-132.1	37.7	-245.2	67.2	
-139.4	25.4	-169.0	59.8	
-149.3	15.5	-164.0	59.8	
-137.0	25.4	-161.6	54.9	
-146.8	27.8	-196.0	59.8	
-154.2	18.0	-134.5	64.7	
-164.0	22.9	-58.3	69.7	
-161.6	18.0	42.6	57.4	
-164.0	-4.1	153.3	50.0	
-166.5	25.4	190.2	20.5	
-151.7	27.8	214.8	15.5	
-166.5	10.6	180.4	5.7	
-164.0	-18.9	121.3	-21.4	
-151.7	-11.5	118.9	-1.7	
-156.7	-1.7	158.2	69.7	
-151.7	13.1	148.4	104.1	
-154.2	10.6	131.2	101.6	
-141.9	-6.6	86.9	111.5	
-146.8	3.2	22.9	155.8	
-139.4	3.2	15.5	148.4	
-117.3	8.2	109.0	121.3	
-114.8	22.9	145.9	118.9	
-114.8	37.7	141.0	118.9	
-107.5	52.4	-4.1	94.3	
-92.7	50.0	-50.9	99.2	
-85.3	59.8	-82.9	50.0	
-85.3	67.2	-68.1	72.1	
-68.1	69.7	-92.7	96.7	
-82.9	67.2	-63.2	128.7	
-63.2	72.1	-68.1	121.3	
-50.9	62.3	-46.0	148.4	
-46.0	74.6	-60.7	153.3	
-26.3	67.2	-65.6	123.8	
-16.4	77.0	-48.4	89.3	
-9.1	62.3	-11.5	67.2	
10.6	40.1	13.1	42.6	
25.4	37.7	32.8	45.1	
40.1	59.8	59.8	50.0	
50.0	67.2	101.6	27.8	
57.4	74.6	148.4	35.2	
59.8	57.4	187.7	35.2	
69.7	59.8	192.7	32.8	
82.0	57.4	123.8	18.0	
86.9	77.0	-141.9	13.1	
86.9	82.0	-205.9	-4.1	
91.8	79.5	-186.2	-14.0	
94.3	69.7	-242.8	-6.6	
104.1	69.7	-218.2	3.2	
91.8	94.3	-198.5	-6.6	
89.3	84.4	-178.8	-6.6	
89.3	89.3	-141.9	18.0	
91.8	74.6	-137.0	35.2	
79.5	52.4	-200.9	57.4	
104.1	67.2	-235.4	72.1	
86.9	84.4	-200.9	79.5	
84.4	82.0	-183.7	89.3	
99.2	50.0	-77.9	113.9	
86.9	18.0	89.3	141.0	
86.9	25.4	244.3	150.8	
86.9	32.8	308.3	173.0	
77.0	67.2	404.2	182.8	
69.7	62.3	507.5	207.4	
72.1	52.4	593.6	197.6	
69.7	57.4	652.7	195.1	
69.7	67.2	699.4	200.0	
62.3	67.2	738.8	192.7	
52.4	59.8	780.6	190.2	
54.9	74.6	820.0	182.8	
50.0	59.8	829.8	182.8	
50.0	52.4	797.8	173.0	
47.5	52.4	738.8	165.6	
45.1	40.1	682.2	170.5	
45.1	45.1	610.9	185.3	
42.6	54.9	549.4	170.5	
42.6	54.9	478.0	180.4	
50.0	47.5	377.2	158.2	
52.4	42.6	286.1	175.4	
54.9	37.7	187.7	175.4	
54.9	57.4	96.7	153.3	
64.7	59.8	18.0	131.2	
69.7	50.0	-48.4	109.0	
69.7	42.6	-114.8	94.3	
79.5	47.5	-164.0	94.3	
84.4	67.2	-220.6	121.3	
94.3	77.0	-242.8	148.4	
89.3	74.6	-240.3	155.8	
96.7	84.4	-250.1	145.9	
101.6	84.4	-255.1	143.5	
101.6	94.3	-287.0	153.3	
104.1	118.9	-328.9	145.9	
101.6	111.5	-343.6	136.1	
96.7	104.1	-343.6	150.8	
106.6	104.1	-314.1	150.8	
89.3	109.0	-245.2	145.9	
96.7	121.3	-218.2	148.4	
79.5	111.5	-191.1	131.2	
77.0	128.7	-151.7	99.2	
84.4	136.1	-119.8	109.0	
72.1	131.2	-82.9	84.4	
69.7	136.1	-38.6	118.9	
62.3	121.3	-1.7	101.6	
69.7	133.6	27.8	84.4	
72.1	158.2	18.0	84.4	
59.8	150.8	8.2	59.8	
74.6	141.0	-48.4	74.6	
74.6	131.2	-65.6	84.4	
67.2	136.1	-114.8	86.9	
50.0	160.7	-95.2	101.6	
57.4	133.6	-63.2	91.8	
57.4	128.7	-55.8	91.8	
37.7	133.6	-33.7	104.1	
22.9	118.9	-1.7	101.6	
25.4	116.4	27.8	101.6	
13.1	104.1	22.9	86.9	
5.7	104.1	-23.8	91.8	
-16.4	84.4	-124.7	96.7	
-11.5	77.0	-228.0	82.0	
-21.4	67.2	-323.9	74.6	
-9.1	86.9	-429.7	57.4	
-6.6	96.7	-518.3	42.6	
-6.6	82.0	-594.5	42.6	
3.2	91.8	-670.8	32.8	
-14.0	79.5	-692.9	18.0	
-1.7	52.4	-720.0	13.1	
-1.7	57.4	-722.5	-18.9	
3.2	69.7	-747.1	20.5	
3.2	79.5	-754.4	25.4	
10.6	74.6	-737.2	-4.1	
15.5	77.0	-732.3	0.8	
15.5	64.7	-712.6	25.4	
15.5	79.5	-697.9	-26.3	
30.3	77.0	-700.3	-28.7	
27.8	82.0	-663.4	-46.0	
25.4	86.9	-638.8	-18.9	
20.5	54.9	-594.5	-1.7	
37.7	35.2	-547.8	-28.7	
37.7	22.9	-503.5	-14.0	
52.4	30.3	-469.1	-4.1	
59.8	22.9	-415.0	-9.1	
74.6	22.9	-392.8	-6.6	
82.0	25.4	-323.9	-21.4	
99.2	18.0	-287.0	-28.7	
96.7	15.5	-272.3	-38.6	
109.0	8.2	-225.5	-18.9	
94.3	-11.5	-139.4	-21.4	
111.5	-16.4	-112.4	-48.4	
96.7	-1.7	-63.2	-65.6	
116.4	10.6	-1.7	-50.9	
116.4	5.7	32.8	-73.0	
128.7	-16.4	69.7	-75.5	
138.5	-16.4	118.9	-68.1	
138.5	-26.3	182.8	-97.6	
138.5	-9.1	234.5	-85.3	
136.1	-14.0	261.5	-105.0	
126.2	-9.1	229.6	-122.2	
116.4	-16.4	197.6	-146.8	
113.9	-14.0	128.7	-151.7	
94.3	-11.5	62.3	-173.9	
99.2	-1.7	27.8	-200.9	
86.9	-1.7	25.4	-272.3	
82.0	-9.1	54.9	-220.6	
77.0	-4.1	111.5	-200.9	
67.2	27.8	173.0	-232.9	
67.2	18.0	219.7	-247.7	
52.4	13.1	288.6	-255.1	
47.5	0.8	332.9	-252.6	
42.6	-50.9	352.6	-282.1	
35.2	-33.7	382.1	-277.2	
20.5	-9.1	431.3	-289.5	
8.2	-4.1	482.9	-306.7	
5.7	-9.1	546.9	-294.4	
-4.1	-26.3	564.1	-296.9	
-14.0	-21.4	574.0	-304.3	
-23.8	0.8	566.6	-314.1	
-36.1	-14.0	546.9	-311.6	
-38.6	-43.5	544.4	-319.0	
-41.0	-53.3	527.2	-321.5	
-38.6	-33.7	522.3	-301.8	
-53.3	-50.9	512.5	-321.5	
-58.3	-55.8	497.7	-309.2	
-50.9	-75.5	492.8	-311.6	
-50.9	-31.2	482.9	-306.7	
-46.0	-33.7	465.7	-292.0	
-46.0	-9.1	463.3	-267.4	
-50.9	-26.3	458.3	-245.2	
-58.3	-41.0	453.4	-245.2	
-43.5	-36.1	463.3	-287.0	
-43.5	-63.2	492.8	-264.9	
-38.6	-36.1	485.4	-260.0	
-38.6	-23.8	475.6	-267.4	
-31.2	-23.8	455.9	-250.1	
-18.9	-63.2	453.4	-240.3	
-23.8	-48.4	436.2	-169.0	
-11.5	-11.5	414.1	-63.2	
-18.9	-26.3	391.9	-55.8	
-9.1	-14.0	372.2	-68.1	
0.8	3.2	359.9	-159.1	
-1.7	-23.8	340.3	-183.7	
-4.1	-60.7	308.3	-156.7	
-4.1	-55.8	286.1	-109.9	
13.1	-36.1	276.3	-55.8	
3.2	-46.0	261.5	5.7	
-4.1	-63.2	239.4	-6.6	
-1.7	-58.3	256.6	-9.1	
5.7	-28.7	251.7	-11.5	
-1.7	-36.1	259.1	-46.0	
-6.6	-11.5	259.1	-18.9	
-9.1	-26.3	259.1	-28.7	
-11.5	-21.4	249.2	-11.5	
-18.9	15.5	244.3	13.1	
-23.8	8.2	224.6	20.5	
-23.8	20.5	239.4	52.4	
-31.2	13.1	224.6	40.1	
-43.5	-4.1	197.6	45.1	
-31.2	-21.4	163.1	54.9	
-41.0	-16.4	141.0	62.3	
-31.2	-9.1	99.2	52.4	
-31.2	8.2	74.6	10.6	
-33.7	-6.6	47.5	-9.1	
-31.2	8.2	27.8	37.7	
-38.6	22.9	15.5	104.1	
-36.1	37.7	-14.0	52.4	
-43.5	32.8	-48.4	54.9	
-33.7	37.7	-82.9	40.1	
-33.7	54.9	-102.5	20.5	
-18.9	54.9	-119.8	-9.1	
-9.1	45.1	-156.7	-9.1	
-6.6	45.1	-188.6	8.2	
-11.5	62.3	-220.6	-11.5	
-6.6	79.5	-269.8	-1.7	
13.1	86.9	-304.3	8.2	
8.2	86.9	-346.1	-9.1	
8.2	57.4	-380.5	-26.3	
22.9	62.3	-387.9	-21.4	
30.3	67.2	-365.8	-14.0	
25.4	77.0	-385.4	-23.8	
37.7	64.7	-402.7	-23.8	
25.4	52.4	-424.8	-36.1	
27.8	72.1	-417.4	-41.0	
45.1	74.6	-415.0	-55.8	
45.1	59.8	-392.8	-58.3	
30.3	52.4	-365.8	-48.4	
32.8	59.8	-353.5	-50.9	
35.2	57.4	-323.9	-50.9	
40.1	62.3	-346.1	-46.0	
50.0	67.2	-348.5	-36.1	
42.6	67.2	-343.6	-48.4	
37.7	72.1	-316.6	-28.7	
42.6	74.6	-306.7	-33.7	
40.1	79.5	-304.3	-36.1	
35.2	74.6	-292.0	-26.3	
37.7	67.2	-269.8	-23.8	
42.6	64.7	-245.2	-31.2	
42.6	72.1	-220.6	-28.7	
47.5	79.5	-220.6	-43.5	
42.6	86.9	-228.0	-46.0	
37.7	72.1	-208.3	-14.0	
40.1	69.7	-203.4	5.7	
40.1	64.7	-183.7	8.2	
25.4	59.8	-161.6	-1.7	
40.1	47.5	-176.3	0.8	
35.2	54.9	-151.7	13.1	
25.4	45.1	-173.9	22.9	
18.0	45.1	-213.2	20.5	
15.5	42.6	-257.5	22.9	
15.5	25.4	-292.0	22.9	
8.2	22.9	-338.7	35.2	
3.2	27.8	-316.6	37.7	
8.2	15.5	-289.5	47.5	
15.5	0.8	-292.0	40.1	
13.1	-6.6	-287.0	40.1	
-1.7	-6.6	-279.7	45.1	
-1.7	-11.5	-274.7	25.4	
10.6	-11.5	-257.5	45.1	
-11.5	-11.5	-223.1	54.9	
0.8	-9.1	-205.9	62.3	
3.2	-16.4	-186.2	62.3	
18.0	-21.4	-161.6	74.6	
32.8	-9.1	-117.3	79.5	
37.7	-18.9	-92.7	91.8	
35.2	-6.6	-134.5	86.9	
25.4	-16.4	-223.1	69.7	
30.3	-9.1	-215.7	77.0	
40.1	-16.4	-198.5	77.0	
45.1	-21.4	-181.3	64.7	
45.1	-31.2	-240.3	64.7	
30.3	-26.3	-242.8	82.0	
42.6	-28.7	-272.3	52.4	
35.2	-38.6	-341.2	47.5	
40.1	-33.7	-434.6	50.0	
42.6	-18.9	-501.1	40.1	
42.6	-28.7	-565.0	37.7	
47.5	-26.3	-747.1	8.2	
40.1	-21.4	-899.6	-23.8	
35.2	-31.2	-1121.0	-23.8	
25.4	-33.7	-1386.7	-23.8	
30.3	-28.7	-1595.8	-46.0	
25.4	-21.4	-1937.7	-16.4	
13.1	-11.5	-2439.5	-16.4	
18.0	-14.0	-2882.3	-50.9	
15.5	-23.8	-3310.4	-73.0	
-4.1	-18.9	-3866.3	-100.1	
-11.5	-11.5	-4252.6	-102.5	
-14.0	-11.5	-4550.2	-97.6	
-21.4	-9.1	-4722.4	-129.6	
-33.7	-9.1	-4764.2	-100.1	
-31.2	-23.8	-4675.7	-95.2	
-38.6	-11.5	-4427.2	-82.9	
-58.3	-18.9	-4090.2	-46.0	
-60.7	-18.9	-3674.5	-26.3	
-60.7	-16.4	-3160.3	-31.2	
-53.3	-21.4	-2589.6	8.2	
-60.7	-16.4	-2033.6	5.7	
-55.8	-16.4	-1438.3	0.8	
-53.3	-26.3	-879.9	-4.1	
-58.3	-18.9	-314.1	-46.0	
-38.6	-9.1	209.9	-55.8	
-46.0	-9.1	689.6	-46.0	
-43.5	-14.0	1152.1	-38.6	
-36.1	-4.1	1575.2	-70.6	
-48.4	-21.4	1946.6	-70.6	
-50.9	-14.0	2293.5	-50.9	
-46.0	-6.6	2588.7	-46.0	
-48.4	-16.4	2837.2	-90.2	
-53.3	-6.6	3070.9	-55.8	
-46.0	-11.5	3275.0	-53.3	
-55.8	-9.1	3457.1	-85.3	
-63.2	10.6	3599.8	-80.4	
-50.9	3.2	3730.1	-77.9	
-60.7	15.5	3826.1	-70.6	
-70.6	20.5	3885.1	-70.6	
-50.9	30.3	3899.9	-85.3	
-46.0	35.2	3880.2	-55.8	
-46.0	40.1	3821.2	-41.0	
-48.4	47.5	3744.9	-38.6	
-43.5	57.4	3653.9	-36.1	
-33.7	59.8	3528.4	-26.3	
-38.6	57.4	3400.5	-33.7	
-36.1	62.3	3238.1	-9.1	
-50.9	57.4	3061.0	-9.1	
-38.6	52.4	2869.1	-31.2	
-46.0	54.9	2660.0	-46.0	
-26.3	59.8	2453.4	-41.0	
-38.6	57.4	2239.4	-41.0	
-11.5	67.2	2018.0	-14.0	
-16.4	62.3	1772.0	-21.4	
3.2	64.7	1558.0	-26.3	
-9.1	69.7	1329.2	-33.7	
-6.6	69.7	1095.5	-16.4	
-11.5	67.2	893.8	0.8	
-1.7	72.1	692.0	-48.4	
-11.5	64.7	492.8	-1.7	
-9.1	79.5	320.6	37.7	
-1.7	77.0	168.1	64.7	
-6.6	62.3	5.7	37.7	
-21.4	57.4	-112.4	15.5	
-9.1	54.9	-213.2	-4.1	
-23.8	64.7	-289.5	15.5	
-6.6	52.4	-348.5	15.5	
-16.4	47.5	-395.3	15.5	
-14.0	54.9	-432.2	22.9	
-9.1	52.4	-476.5	22.9	
-9.1	42.6	-486.3	18.0	
-18.9	59.8	-510.9	10.6	
-9.1	59.8	-523.2	5.7	
-1.7	47.5	-542.9	-1.7	
-14.0	57.4	-530.6	-4.1	
-9.1	50.0	-535.5	8.2	
-23.8	45.1	-513.4	-1.7	
-28.7	30.3	-513.4	-4.1	
-43.5	13.1	-481.4	-31.2	
-41.0	5.7	-481.4	-21.4	
-38.6	5.7	-474.0	-18.9	
-46.0	22.9	-459.2	-14.0	
-46.0	18.0	-451.9	-6.6	
-43.5	15.5	-437.1	3.2	
-36.1	5.7	-412.5	13.1	
-46.0	0.8	-392.8	22.9	
-53.3	-4.1	-373.1	20.5	
-58.3	-4.1	-348.5	30.3	
-50.9	-23.8	-323.9	22.9	
-48.4	-14.0	-314.1	35.2	
-58.3	-21.4	-272.3	27.8	
-60.7	-14.0	-235.4	20.5	
-48.4	0.8	-203.4	3.2	
-50.9	-9.1	-171.4	0.8	
-46.0	-9.1	-134.5	3.2	
-48.4	0.8	-134.5	22.9	
-38.6	8.2	-114.8	40.1	
-31.2	0.8	-102.5	0.8	
-33.7	22.9	-114.8	67.2	
-48.4	18.0	-124.7	101.6	
-23.8	18.0	-146.8	86.9	
-23.8	20.5	-151.7	96.7	
-31.2	27.8	-154.2	79.5	
-28.7	15.5	-151.7	54.9	
-18.9	20.5	-146.8	42.6	
-11.5	37.7	-146.8	40.1	
-11.5	40.1	-129.6	30.3	
-1.7	37.7	-122.2	25.4	
3.2	25.4	-114.8	3.2	
5.7	20.5	-90.2	-6.6	
10.6	25.4	-63.2	8.2	
13.1	35.2	-38.6	5.7	
15.5	30.3	-1.7	-4.1	
15.5	35.2	27.8	-14.0	
20.5	22.9	84.4	-14.0	
3.2	22.9	141.0	-21.4	
3.2	13.1	173.0	-28.7	
0.8	30.3	209.9	-21.4	
5.7	20.5	234.5	-23.8	
5.7	25.4	256.6	-31.2	
8.2	35.2	259.1	-43.5	
-6.6	37.7	259.1	-28.7	
5.7	22.9	266.5	-36.1	
-1.7	20.5	266.5	-11.5	
-1.7	30.3	261.5	-21.4	
0.8	42.6	256.6	-14.0	
0.8	50.0	254.2	-14.0	
13.1	54.9	234.5	-33.7	
15.5	52.4	222.2	-50.9	
15.5	50.0	192.7	-38.6	
15.5	52.4	190.2	-41.0	
18.0	59.8	163.1	-38.6	
30.3	69.7	123.8	-53.3	
30.3	62.3	82.0	-50.9	
25.4	62.3	35.2	-55.8	
40.1	67.2	-16.4	-60.7	
37.7	62.3	-68.1	-70.6	
37.7	72.1	-129.6	-65.6	
35.2	59.8	-176.3	-55.8	
27.8	59.8	-218.2	-65.6	
22.9	52.4	-250.1	-53.3	
27.8	42.6	-274.7	-46.0	
15.5	52.4	-299.3	-43.5	
20.5	54.9	-314.1	-41.0	
18.0	47.5	-333.8	-50.9	
20.5	25.4	-351.0	-43.5	
25.4	25.4	-375.6	-38.6	
13.1	22.9	-385.4	-36.1	
3.2	35.2	-383.0	-48.4	
-4.1	45.1	-407.6	-48.4	
-14.0	30.3	-415.0	-53.3	
-14.0	47.5	-432.2	-55.8	
-11.5	30.3	-434.6	-48.4	
-16.4	35.2	-449.4	-65.6	
-26.3	72.1	-444.5	-55.8	
-28.7	64.7	-446.9	-63.2	
-41.0	30.3	-439.6	-50.9	
-43.5	15.5	-427.3	-50.9	
-46.0	27.8	-424.8	-41.0	
-43.5	84.4	-410.0	-23.8	
-55.8	72.1	-400.2	-26.3	
-55.8	82.0	-368.2	-31.2	
-55.8	99.2	-346.1	-38.6	
-63.2	104.1	-328.9	-50.9	
-53.3	25.4	-316.6	-38.6	
-63.2	15.5	-289.5	-53.3	
-58.3	3.2	-279.7	-38.6	
-73.0	-26.3	-255.1	-46.0	
-60.7	-50.9	-267.4	-50.9	
-63.2	-41.0	-277.2	-46.0	
-75.5	-50.9	-272.3	-60.7	
-63.2	-43.5	-277.2	-63.2	
-77.9	-53.3	-277.2	-63.2	
-77.9	-48.4	-279.7	-58.3	
-75.5	-55.8	-277.2	-53.3	
-58.3	-28.7	-282.1	-65.6	
-65.6	-4.1	-272.3	-58.3	
-70.6	0.8	-272.3	-50.9	
-53.3	-18.9	-267.4	-58.3	
-60.7	-9.1	-255.1	-43.5	
-50.9	-28.7	-232.9	-33.7	
-43.5	-16.4	-213.2	-55.8	
-46.0	-4.1	-188.6	-50.9	
-50.9	-14.0	-166.5	-65.6	
-38.6	-11.5	-107.5	-65.6	
-41.0	-4.1	-68.1	-70.6	
-38.6	0.8	-38.6	-65.6	
-36.1	-6.6	-4.1	-58.3	
-41.0	-14.0	32.8	-63.2	
-28.7	-6.6	72.1	-73.0	
-16.4	-23.8	126.2	-77.9	
-28.7	-14.0	155.8	-65.6	
-21.4	-11.5	190.2	-70.6	
-26.3	-16.4	227.1	-63.2	
-16.4	-16.4	266.5	-68.1	
-21.4	-33.7	305.8	-68.1	
-9.1	-36.1	332.9	-70.6	
-14.0	-33.7	372.2	-82.9	
-9.1	-43.5	364.9	-92.7	
3.2	-38.6	377.2	-85.3	
0.8	-23.8	382.1	-82.9	
5.7	-28.7	369.8	-73.0	
18.0	-23.8	367.3	-68.1	
25.4	-23.8	367.3	-55.8	
25.4	-33.7	350.1	-65.6	
32.8	-26.3	367.3	-48.4	
42.6	-23.8	364.9	-48.4	
42.6	-6.6	396.8	-28.7	
47.5	-6.6	377.2	-21.4	
52.4	-26.3	382.1	-18.9	
50.0	-38.6	374.7	-21.4	
54.9	-36.1	357.5	-26.3	
40.1	-46.0	345.2	-21.4	
54.9	-46.0	350.1	-28.7	
67.2	-36.1	362.4	-31.2	
57.4	-28.7	364.9	-38.6	
62.3	-21.4	389.5	-33.7	
59.8	3.2	396.8	-41.0	
57.4	0.8	401.8	-48.4	
59.8	-9.1	414.1	-53.3	
47.5	-11.5	416.5	-50.9	
47.5	0.8	428.8	-38.6	
47.5	-18.9	409.1	-43.5	
62.3	0.8	411.6	-43.5	
45.1	27.8	404.2	-31.2	
52.4	42.6	399.3	-36.1	
57.4	25.4	389.5	-28.7	
62.3	32.8	382.1	-16.4	
54.9	59.8	379.6	-18.9	
69.7	64.7	369.8	-18.9	
57.4	82.0	372.2	-16.4	
62.3	104.1	357.5	-26.3	
62.3	84.4	342.7	-21.4	
52.4	40.1	332.9	-16.4	
54.9	45.1	318.1	-33.7	
57.4	30.3	320.6	-18.9	
67.2	-11.5	318.1	-33.7	
59.8	-58.3	328.0	-28.7	
47.5	-107.5	342.7	-38.6	
57.4	-109.9	342.7	-21.4	
42.6	-70.6	350.1	-43.5	
50.0	-36.1	359.9	-41.0	
45.1	-18.9	369.8	-26.3	
37.7	3.2	374.7	-21.4	
45.1	13.1	391.9	-26.3	
37.7	32.8	389.5	-31.2	
40.1	30.3	382.1	-4.1	
35.2	22.9	372.2	-9.1	
42.6	13.1	362.4	-23.8	
20.5	20.5	340.3	-26.3	
22.9	15.5	330.4	-46.0	
32.8	20.5	305.8	-50.9	
35.2	27.8	305.8	-77.9	
25.4	32.8	298.4	-97.6	
40.1	22.9	286.1	-70.6	
35.2	10.6	296.0	-28.7	
25.4	30.3	293.5	-1.7	
18.0	59.8	281.2	-58.3	
22.9	126.2	288.6	-60.7	
27.8	116.4	313.2	-33.7	
30.3	126.2	337.8	-6.6	
30.3	158.2	362.4	-36.1	
27.8	170.5	382.1	-63.2	
20.5	192.7	431.3	-65.6	
25.4	163.1	473.1	-73.0	
30.3	126.2	485.4	-77.9	
18.0	54.9	522.3	-77.9	
25.4	-80.4	546.9	-85.3	
18.0	-144.4	569.0	-75.5	
22.9	-200.9	605.9	-68.1	
15.5	-149.3	630.5	-75.5	
13.1	-95.2	662.5	-58.3	
18.0	-87.8	697.0	-58.3	
22.9	-80.4	726.5	-60.7	
18.0	-55.8	758.5	-60.7	
25.4	-28.7	795.4	-58.3	
27.8	-31.2	805.2	-43.5	
27.8	-41.0	824.9	-55.8	
30.3	-21.4	844.6	-46.0	
27.8	-14.0	851.9	-48.4	
18.0	-21.4	859.3	-48.4	
15.5	-6.6	847.0	-63.2	
27.8	-11.5	851.9	-73.0	
35.2	20.5	854.4	-53.3	
25.4	-14.0	834.7	-65.6	
35.2	8.2	807.7	-97.6	
32.8	5.7	780.6	-80.4	
30.3	-4.1	719.1	-80.4	
30.3	-4.1	623.2	-63.2	
30.3	-11.5	495.2	-48.4	
32.8	-4.1	300.9	-60.7	
22.9	-14.0	89.3	-46.0	
25.4	-23.8	-124.7	-46.0	
27.8	-26.3	-351.0	-28.7	
18.0	-41.0	-560.1	-6.6	
8.2	-87.8	-712.6	18.0	
-1.7	-85.3	-865.1	32.8	
13.1	-87.8	-970.9	50.0	
-1.7	-73.0	-1037.3	62.3	
8.2	-43.5	-1066.9	79.5	
0.8	-38.6	-1108.7	91.8	
-9.1	-21.4	-1128.4	101.6	
3.2	-11.5	-1116.1	94.3	
13.1	-6.6	-1118.5	104.1	
10.6	-28.7	-1091.5	106.6	
-4.1	-16.4	-1064.4	106.6	
10.6	-4.1	-1022.6	121.3	
0.8	13.1	-993.1	106.6	
5.7	20.5	-941.4	94.3	
0.8	5.7	-911.9	89.3	
3.2	35.2	-872.5	106.6	
3.2	40.1	-815.9	118.9	
-14.0	64.7	-749.5	118.9	
-11.5	52.4	-690.5	143.5	
-11.5	47.5	-656.0	128.7	
-16.4	64.7	-619.1	155.8	
-9.1	77.0	-572.4	165.6	
-26.3	94.3	-547.8	163.1	
-23.8	91.8	-506.0	126.2	
-18.9	91.8	-474.0	131.2	
-36.1	45.1	-454.3	168.1	
-26.3	47.5	-444.5	153.3	
-28.7	136.1	-434.6	123.8	
-26.3	113.9	-422.3	101.6	
-23.8	69.7	-407.6	77.0	
-18.9	35.2	-429.7	74.6	
-23.8	-18.9	-432.2	59.8	
-18.9	-100.1	-449.4	94.3	
-28.7	-87.8	-459.2	94.3	
-26.3	-55.8	-454.3	104.1	
-31.2	-112.4	-454.3	104.1	
-41.0	-122.2	-466.6	109.0	
-43.5	-41.0	-469.1	116.4	
-38.6	-6.6	-471.5	113.9	
-31.2	3.2	-503.5	113.9	
-43.5	-14.0	-528.1	111.5	
-50.9	-6.6	-545.3	116.4	
-53.3	42.6	-569.9	99.2	
-58.3	35.2	-557.6	96.7	
-58.3	47.5	-550.3	116.4	
-46.0	50.0	-533.0	111.5	
-43.5	84.4	-525.7	116.4	
-50.9	99.2	-515.8	143.5	
-50.9	131.2	-486.3	143.5	
-53.3	131.2	-444.5	155.8	
-36.1	138.5	-360.8	180.4	
-46.0	111.5	-328.9	180.4	
-50.9	45.1	-235.4	175.4	
-36.1	-60.7	-141.9	153.3	
-38.6	-109.9	-63.2	131.2	
-46.0	-102.5	0.8	128.7	
-33.7	-75.5	84.4	145.9	
-33.7	15.5	136.1	138.5	
-16.4	84.4	205.0	153.3	
-28.7	118.9	236.9	143.5	
-23.8	62.3	264.0	163.1	
-21.4	-9.1	305.8	163.1	
-21.4	-53.3	325.5	145.9	
-16.4	-58.3	367.3	141.0	
-11.5	-63.2	379.6	136.1	
-18.9	-90.2	404.2	136.1	
-11.5	-77.9	389.5	136.1	
-6.6	-48.4	382.1	133.6	
-11.5	-41.0	414.1	131.2	
-6.6	-6.6	443.6	106.6	
-4.1	13.1	473.1	84.4	
8.2	54.9	505.1	64.7	
3.2	50.0	564.1	47.5	
10.6	50.0	608.4	54.9	
5.7	59.8	578.9	52.4	
-9.1	32.8	559.2	47.5	
3.2	37.7	534.6	35.2	
0.8	40.1	505.1	30.3	
-1.7	32.8	458.3	8.2	
3.2	30.3	389.5	-14.0	
-1.7	40.1	372.2	-21.4	
-9.1	37.7	337.8	-16.4	
0.8	45.1	337.8	-36.1	
0.8	42.6	313.2	-23.8	
-4.1	42.6	278.8	-21.4	
0.8	35.2	236.9	-23.8	
22.9	25.4	212.3	-21.4	
27.8	45.1	229.6	-31.2	
22.9	40.1	244.3	-26.3	
35.2	40.1	298.4	-6.6	
45.1	40.1	387.0	15.5	
32.8	32.8	463.3	37.7	
35.2	32.8	534.6	45.1	
37.7	40.1	549.4	42.6	
37.7	27.8	574.0	30.3	
45.1	8.2	537.1	15.5	
47.5	20.5	448.5	45.1	
47.5	32.8	374.7	30.3	
42.6	25.4	347.6	45.1	
52.4	22.9	323.0	47.5	
50.0	20.5	293.5	52.4	
54.9	30.3	283.7	54.9	
50.0	22.9	264.0	37.7	
62.3	32.8	222.2	42.6	
57.4	32.8	182.8	42.6	
74.6	35.2	138.5	35.2	
57.4	50.0	155.8	35.2	
79.5	32.8	160.7	30.3	
74.6	27.8	165.6	22.9	
82.0	32.8	163.1	15.5	
94.3	42.6	79.5	27.8	
101.6	37.7	-31.2	27.8	
113.9	32.8	-146.8	25.4	
113.9	22.9	-264.9	30.3	
101.6	15.5	-355.9	35.2	
104.1	27.8	-402.7	42.6	
104.1	40.1	-478.9	35.2	
111.5	27.8	-508.4	54.9	
104.1	25.4	-557.6	10.6	
101.6	18.0	-572.4	-58.3	
101.6	37.7	-528.1	-70.6	
109.0	45.1	-481.4	-60.7	
96.7	35.2	-503.5	5.7	
104.1	37.7	-542.9	54.9	
99.2	27.8	-518.3	37.7	
91.8	27.8	-510.9	15.5	
96.7	42.6	-493.7	42.6	
82.0	25.4	-508.4	22.9	
74.6	35.2	-533.0	18.0	
72.1	15.5	-528.1	5.7	
62.3	8.2	-501.1	-6.6	
74.6	15.5	-528.1	13.1	
57.4	8.2	-491.2	13.1	
45.1	-18.9	-481.4	3.2	
50.0	0.8	-449.4	8.2	
57.4	-14.0	-486.3	25.4	
42.6	-11.5	-474.0	40.1	
47.5	-9.1	-496.1	5.7	
32.8	10.6	-498.6	-21.4	
25.4	-6.6	-476.5	-36.1	
30.3	27.8	-528.1	-68.1	
25.4	27.8	-501.1	-90.2	
22.9	52.4	-405.1	-124.7	
30.3	35.2	-385.4	-156.7	
15.5	62.3	-360.8	-181.3	
20.5	62.3	-304.3	-208.3	
13.1	67.2	-309.2	-218.2	
8.2	37.7	-257.5	-228.0	
-4.1	5.7	-223.1	-232.9	
5.7	0.8	-159.1	-247.7	
-1.7	15.5	-90.2	-218.2	
-1.7	30.3	-38.6	-218.2	
-1.7	0.8	-14.0	-196.0	
-1.7	18.0	-9.1	-171.4	
0.8	15.5	-11.5	-141.9	
0.8	13.1	-28.7	-137.0	
5.7	30.3	15.5	-134.5	
0.8	-9.1	67.2	-92.7	
0.8	5.7	101.6	-53.3	
5.7	22.9	121.3	-36.1	
8.2	13.1	99.2	-28.7	
5.7	-9.1	126.2	-28.7	
18.0	10.6	128.7	-26.3	
0.8	27.8	104.1	-18.9	
3.2	37.7	86.9	-4.1	
-6.6	57.4	57.4	-14.0	
-4.1	37.7	42.6	-9.1	
-6.6	37.7	37.7	8.2	
-6.6	59.8	13.1	-1.7	
-14.0	42.6	8.2	0.8	
-9.1	0.8	-14.0	10.6	
-1.7	-53.3	-16.4	0.8	
0.8	-65.6	-23.8	10.6	
-11.5	-46.0	-33.7	5.7	
-9.1	-9.1	-33.7	18.0	
-4.1	-4.1	-58.3	32.8	
-16.4	-9.1	-75.5	30.3	
-11.5	15.5	-73.0	30.3	
-11.5	20.5	-77.9	37.7	
-14.0	20.5	-97.6	30.3	
-14.0	35.2	-105.0	32.8	
-11.5	32.8	-109.9	8.2	
-21.4	42.6	-114.8	-4.1	
-18.9	57.4	-141.9	-23.8	
-26.3	57.4	-119.8	-38.6	
-11.5	50.0	-119.8	-23.8	
-16.4	32.8	-112.4	-11.5	
-21.4	47.5	-107.5	-36.1	
-21.4	27.8	-119.8	-41.0	
-11.5	13.1	-144.4	10.6	
-4.1	0.8	-149.3	40.1	
0.8	-1.7	-161.6	62.3	
5.7	-6.6	-141.9	62.3	
0.8	3.2	-154.2	47.5	
5.7	15.5	-164.0	57.4	
15.5	37.7	-191.1	59.8	
25.4	45.1	-200.9	40.1	
27.8	42.6	-188.6	18.0	
25.4	27.8	-176.3	-4.1	
18.0	57.4	-176.3	47.5	
25.4	77.0	-159.1	77.0	
35.2	79.5	-151.7	82.0	
30.3	67.2	-149.3	64.7	
20.5	94.3	-154.2	79.5	
35.2	109.0	-129.6	72.1	
27.8	111.5	-132.1	79.5	
32.8	50.0	-149.3	101.6	
30.3	5.7	-124.7	20.5	
42.6	-4.1	-107.5	-4.1	
32.8	-21.4	-60.7	13.1	
42.6	-41.0	-28.7	59.8	
25.4	-60.7	-18.9	77.0	
32.8	-36.1	13.1	57.4	
42.6	0.8	40.1	64.7	
50.0	25.4	72.1	59.8	
52.4	8.2	96.7	67.2	
42.6	-11.5	138.5	74.6	
47.5	-16.4	165.6	86.9	
45.1	5.7	232.0	91.8	
37.7	15.5	259.1	84.4	
42.6	35.2	293.5	69.7	
40.1	42.6	283.7	59.8	
42.6	32.8	278.8	82.0	
40.1	40.1	288.6	57.4	
37.7	40.1	303.4	42.6	
42.6	50.0	350.1	32.8	
40.1	42.6	399.3	15.5	
40.1	10.6	428.8	10.6	
40.1	-14.0	451.0	0.8	
32.8	-28.7	451.0	-18.9	
35.2	8.2	463.3	-36.1	
32.8	13.1	510.0	-58.3	
37.7	37.7	492.8	-53.3	
40.1	57.4	512.5	-58.3	
47.5	89.3	534.6	-58.3	
37.7	96.7	519.8	-70.6	
45.1	101.6	463.3	-70.6	
40.1	116.4	391.9	-65.6	
37.7	89.3	345.2	-50.9	
47.5	113.9	303.4	-53.3	
52.4	131.2	261.5	-41.0	
42.6	116.4	236.9	-9.1	
42.6	91.8	192.7	13.1	
62.3	-36.1	153.3	52.4	
45.1	-46.0	118.9	91.8	
45.1	-50.9	18.0	121.3	
52.4	-46.0	15.5	126.2	
35.2	-77.9	10.6	143.5	
32.8	-82.9	-9.1	150.8	
35.2	-87.8	-1.7	116.4	
45.1	-75.5	3.2	91.8	
45.1	-53.3	13.1	52.4	
47.5	-33.7	47.5	5.7	
42.6	-18.9	74.6	-53.3	
35.2	-23.8	82.0	-87.8	
37.7	-31.2	116.4	-137.0	
50.0	-23.8	131.2	-188.6	
30.3	10.6	170.5	-225.5	
22.9	20.5	170.5	-247.7	
20.5	37.7	182.8	-272.3	
20.5	45.1	200.0	-296.9	
20.5	37.7	232.0	-296.9	
35.2	32.8	278.8	-306.7	
30.3	32.8	300.9	-299.3	
42.6	30.3	300.9	-267.4	
30.3	25.4	286.1	-242.8	
32.8	40.1	254.2	-205.9	
27.8	42.6	261.5	-149.3	
32.8	42.6	234.5	-102.5	
22.9	50.0	207.4	-48.4	
18.0	59.8	177.9	15.5	
22.9	35.2	138.5	67.2	
20.5	62.3	57.4	101.6	
30.3	67.2	-23.8	133.6	
32.8	62.3	-109.9	153.3	
8.2	72.1	-188.6	173.0	
15.5	84.4	-240.3	185.3	
27.8	40.1	-287.0	182.8	
15.5	35.2	-360.8	202.5	
3.2	3.2	-410.0	195.1	
-1.7	-14.0	-476.5	187.7	
3.2	-11.5	-567.5	170.5	
13.1	-9.1	-641.3	138.5	
13.1	-23.8	-739.7	123.8	
10.6	-33.7	-779.0	89.3	
8.2	-16.4	-845.5	57.4	
10.6	15.5	-847.9	59.8	
10.6	59.8	-916.8	79.5	
0.8	35.2	-907.0	79.5	
13.1	40.1	-857.8	72.1	
18.0	45.1	-835.6	50.0	
18.0	47.5	-801.2	25.4	
20.5	18.0	-811.0	-14.0	
-1.7	-16.4	-907.0	-38.6	
-1.7	-63.2	-1148.0	-109.9	
0.8	-11.5	-1261.2	-171.4	
-21.4	27.8	-1443.2	-196.0	
-11.5	30.3	-1775.3	-223.1	
-6.6	47.5	-2112.4	-260.0	
-33.7	30.3	-2643.7	-289.5	
-31.2	10.6	-3305.5	-240.3	
-33.7	-9.1	-3994.3	-186.2	
-36.1	8.2	-4801.1	-200.9	
-43.5	27.8	-5025.0	-257.5	
-38.6	37.7	-5025.0	-260.0	
-43.5	47.5	-5025.0	-250.1	
-38.6	27.8	-5025.0	-235.4	
-50.9	42.6	-5025.0	-240.3	
-53.3	37.7	-5025.0	-215.7	
-38.6	27.8	-5025.0	-183.7	
-46.0	13.1	-4392.8	-154.2	
-36.1	20.5	-3632.6	-117.3	
-36.1	22.9	-3002.9	-58.3	
-31.2	20.5	-2427.2	-11.5	
-48.4	40.1	-1881.1	37.7	
-33.7	54.9	-1379.3	116.4	
-41.0	45.1	-934.0	207.4	
-38.6	35.2	-528.1	278.8	
-41.0	20.5	-161.6	328.0	
-43.5	40.1	163.1	286.1	
-33.7	54.9	465.7	310.7	
-43.5	77.0	738.8	298.4	
-46.0	59.8	957.7	296.0	
-48.4	20.5	1125.0	300.9	
-33.7	8.2	1277.5	328.0	
-41.0	27.8	1403.0	323.0	
-50.9	52.4	1523.5	350.1	
-36.1	25.4	1604.7	347.6	
-33.7	18.0	1668.7	325.5	
-48.4	20.5	1708.0	293.5	
-46.0	32.8	1735.1	281.2	
-38.6	52.4	1747.4	261.5	
-38.6	37.7	1752.3	254.2	
-50.9	37.7	1737.5	214.8	
-53.3	64.7	1710.5	207.4	
-50.9	42.6	1653.9	190.2	
-43.5	15.5	1612.1	138.5	
-33.7	8.2	1592.4	99.2	
-46.0	-36.1	1543.2	54.9	
-38.6	-33.7	1535.8	35.2	
-28.7	-11.5	1530.9	13.1	
-46.0	18.0	1550.6	-23.8	
-33.7	37.7	1548.1	-58.3	
-36.1	52.4	1548.1	-77.9	
-41.0	32.8	1540.7	-68.1	
-55.8	37.7	1560.4	-77.9	
-50.9	91.8	1558.0	-105.0	
-46.0	113.9	1558.0	-102.5	
-53.3	106.6	1548.1	-124.7	
-43.5	72.1	1543.2	-129.6	
-58.3	54.9	1516.1	-154.2	
-48.4	25.4	1489.1	-171.4	
-50.9	62.3	1464.5	-173.9	
-46.0	72.1	1417.7	-188.6	
-33.7	27.8	1371.0	-193.6	
-31.2	15.5	1316.9	-203.4	
-33.7	10.6	1277.5	-223.1	
-26.3	22.9	1225.9	-210.8	
-16.4	18.0	1174.2	-205.9	
-28.7	13.1	1107.8	-220.6	
-21.4	13.1	1061.0	-178.8	
-21.4	64.7	1006.9	-127.1	
-16.4	35.2	955.3	-117.3	
-23.8	13.1	906.1	-63.2	
-4.1	-48.4	861.8	-26.3	
-14.0	-87.8	832.3	-1.7	
-1.7	-100.1	792.9	-6.6	
-4.1	-149.3	748.6	5.7	
-4.1	-124.7	711.7	-16.4	
5.7	-55.8	687.1	-73.0	
0.8	-50.9	647.8	-31.2	
-9.1	-48.4	561.7	-1.7	
-6.6	-50.9	519.8	10.6	
-16.4	-48.4	510.0	15.5	
-26.3	-46.0	500.2	20.5	
-36.1	-23.8	490.3	-9.1	
-33.7	0.8	455.9	-38.6	
-23.8	-16.4	423.9	-65.6	
-26.3	-36.1	379.6	-85.3	
-31.2	-43.5	355.0	-102.5	
-33.7	-36.1	340.3	-107.5	
-31.2	-28.7	335.3	-137.0	
-18.9	-31.2	320.6	-151.7	
-23.8	-53.3	308.3	-154.2	
-28.7	-48.4	291.1	-166.5	
-23.8	-23.8	256.6	-181.3	
-23.8	-18.9	212.3	-178.8	
-26.3	-26.3	205.0	-181.3	
-31.2	-31.2	180.4	-171.4	
-28.7	-36.1	185.3	-181.3	
-23.8	-41.0	160.7	-196.0	
-23.8	-14.0	148.4	-205.9	
-21.4	-26.3	145.9	-198.5	
-31.2	-9.1	123.8	-178.8	
-16.4	-11.5	123.8	-176.3	
-18.9	0.8	121.3	-178.8	
-16.4	18.0	101.6	-151.7	
-9.1	20.5	109.0	-127.1	
-11.5	18.0	86.9	-92.7	
-1.7	-9.1	59.8	-60.7	
0.8	3.2	37.7	-21.4	
10.6	-14.0	-11.5	32.8	
8.2	-23.8	-33.7	67.2	
18.0	-31.2	-1.7	89.3	
37.7	-28.7	5.7	116.4	
30.3	-1.7	3.2	138.5	
25.4	-4.1	-9.1	168.1	
35.2	-1.7	-26.3	185.3	
42.6	0.8	-41.0	197.6	
40.1	-4.1	-33.7	205.0	
45.1	-1.7	-41.0	205.0	
37.7	-4.1	-58.3	192.7	
42.6	-14.0	-50.9	185.3	
47.5	-14.0	-58.3	163.1	
50.0	-14.0	-68.1	155.8	
57.4	-18.9	-60.7	148.4	
57.4	-16.4	-60.7	155.8	
59.8	-21.4	-65.6	150.8	
69.7	-18.9	-68.1	145.9	
62.3	-9.1	-58.3	145.9	
74.6	-4.1	-36.1	131.2	
72.1	-6.6	-28.7	136.1	
69.7	-4.1	-48.4	118.9	
79.5	-6.6	-31.2	104.1	
69.7	-1.7	-21.4	91.8	
72.1	20.5	-18.9	104.1	
84.4	27.8	-9.1	94.3	
84.4	18.0	-16.4	116.4	
94.3	22.9	-1.7	101.6	
86.9	18.0	8.2	101.6	
96.7	25.4	-36.1	77.0	
82.0	10.6	-23.8	59.8	
91.8	-1.7	3.2	52.4	
86.9	-18.9	22.9	37.7	
79.5	-26.3	37.7	45.1	
77.0	-11.5	37.7	45.1	
72.1	10.6	52.4	42.6	
84.4	-9.1	69.7	50.0	
62.3	0.8	69.7	37.7	
67.2	35.2	94.3	45.1	
62.3	77.0	94.3	45.1	
52.4	72.1	104.1	37.7	
50.0	67.2	91.8	13.1	
50.0	77.0	89.3	18.0	
59.8	82.0	96.7	15.5	
47.5	94.3	94.3	22.9	
42.6	91.8	116.4	18.0	
52.4	42.6	104.1	37.7	
45.1	13.1	96.7	42.6	
50.0	22.9	86.9	30.3	
45.1	74.6	89.3	42.6	
45.1	94.3	84.4	32.8	
47.5	109.0	69.7	27.8	
47.5	106.6	82.0	20.5	
42.6	111.5	84.4	13.1	
37.7	121.3	79.5	35.2	
40.1	116.4	94.3	50.0	
35.2	86.9	109.0	35.2	
45.1	89.3	121.3	8.2	
50.0	128.7	126.2	-11.5	
40.1	116.4	116.4	0.8	
35.2	77.0	116.4	40.1	
50.0	30.3	106.6	47.5	
45.1	54.9	91.8	57.4	
52.4	94.3	86.9	-16.4	
40.1	104.1	82.0	-48.4	
45.1	50.0	77.0	47.5	
42.6	-4.1	96.7	35.2	
52.4	-38.6	109.0	8.2	
42.6	-26.3	106.6	15.5	
37.7	-1.7	101.6	10.6	
35.2	42.6	101.6	-9.1	
32.8	47.5	131.2	-21.4	
18.0	64.7	118.9	-9.1	
27.8	84.4	138.5	5.7	
22.9	94.3	145.9	-21.4	
22.9	121.3	160.7	32.8	
-4.1	133.6	165.6	59.8	
-11.5	177.9	177.9	8.2	
-9.1	165.6	180.4	-16.4	
-14.0	160.7	185.3	-9.1	
-23.8	136.1	195.1	32.8	
-18.9	96.7	214.8	57.4	
-23.8	67.2	232.0	50.0	
-31.2	-4.1	229.6	52.4	
-16.4	-63.2	234.5	32.8	
-28.7	-53.3	244.3	40.1	
-28.7	-9.1	224.6	77.0	
-43.5	30.3	209.9	82.0	
-43.5	45.1	202.5	77.0	
-41.0	42.6	192.7	52.4	
-38.6	52.4	168.1	67.2	
-43.5	72.1	158.2	74.6	
-50.9	74.6	138.5	79.5	
-50.9	82.0	126.2	94.3	
-46.0	138.5	133.6	104.1	
-50.9	123.8	123.8	101.6	
-48.4	133.6	121.3	116.4	
-46.0	118.9	111.5	116.4	
-50.9	123.8	136.1	101.6	
-48.4	91.8	143.5	109.0	
-48.4	163.1	165.6	99.2	
-43.5	111.5	170.5	91.8	
-48.4	62.3	187.7	94.3	
-48.4	77.0	192.7	101.6	
-55.8	64.7	207.4	79.5	
-53.3	91.8	214.8	89.3	
-43.5	116.4	217.3	79.5	
-48.4	113.9	227.1	54.9	
-50.9	94.3	229.6	62.3	
-43.5	57.4	219.7	69.7	
-46.0	47.5	236.9	59.8	
-50.9	13.1	224.6	40.1	
-46.0	10.6	219.7	27.8	
-31.2	8.2	222.2	10.6	
-38.6	42.6	222.2	5.7	
-33.7	54.9	209.9	3.2	
-18.9	57.4	202.5	5.7	
-28.7	50.0	217.3	5.7	
-36.1	40.1	202.5	-1.7	
-21.4	25.4	212.3	13.1	
-26.3	10.6	202.5	13.1	
-23.8	27.8	200.0	3.2	
-18.9	40.1	197.6	-18.9	
-23.8	54.9	195.1	-21.4	
-18.9	59.8	180.4	-33.7	
-11.5	35.2	173.0	-33.7	
-16.4	45.1	168.1	-36.1	
-11.5	42.6	158.2	-53.3	
-6.6	54.9	163.1	-53.3	
3.2	35.2	143.5	-46.0	
13.1	32.8	126.2	-70.6	
15.5	8.2	131.2	-82.9	
25.4	-9.1	116.4	-65.6	
30.3	-11.5	109.0	-77.9	
37.7	-4.1	96.7	-77.9	
35.2	-6.6	84.4	-85.3	
37.7	-28.7	69.7	-80.4	
35.2	-9.1	67.2	-85.3	
37.7	-36.1	45.1	-75.5	
47.5	-36.1	50.0	-73.0	
45.1	-1.7	35.2	-70.6	
37.7	8.2	35.2	-58.3	
37.7	8.2	10.6	-53.3	
37.7	5.7	0.8	-43.5	
27.8	25.4	-4.1	-38.6	
35.2	25.4	-11.5	-43.5	
27.8	-4.1	-21.4	-53.3	
35.2	-6.6	-26.3	-38.6	
30.3	-9.1	-43.5	-46.0	
13.1	-4.1	-48.4	-41.0	
10.6	50.0	-50.9	-36.1	
8.2	40.1	-60.7	-31.2	
8.2	22.9	-70.6	-33.7	
3.2	18.0	-70.6	-33.7	
-6.6	18.0	-65.6	-26.3	
-1.7	-50.9	-77.9	-23.8	
0.8	-77.9	-92.7	-6.6	
-11.5	-58.3	-87.8	-1.7	
-1.7	-92.7	-90.2	13.1	
8.2	-102.5	-102.5	-6.6	
15.5	-63.2	-97.6	-9.1	
15.5	-55.8	-100.1	-23.8	
20.5	-50.9	-109.9	-11.5	
13.1	-68.1	-95.2	-9.1	
5.7	-65.6	-95.2	-11.5	
18.0	-58.3	-102.5	-9.1	
15.5	-50.9	-100.1	-11.5	
10.6	-65.6	-107.5	-1.7	
10.6	-46.0	-114.8	-18.9	
20.5	-16.4	-114.8	-4.1	
15.5	5.7	-105.0	25.4	
5.7	5.7	-109.9	42.6	
5.7	-21.4	-92.7	47.5	
5.7	-43.5	-109.9	40.1	
13.1	-50.9	-100.1	45.1	
22.9	-68.1	-117.3	-6.6	
18.0	-87.8	-107.5	-9.1	
8.2	-117.3	-124.7	-16.4	
8.2	-119.8	-119.8	15.5	
8.2	-127.1	-114.8	18.0	
10.6	-68.1	-124.7	-14.0	
13.1	-55.8	-124.7	-11.5	
13.1	-31.2	-134.5	-1.7	
13.1	-16.4	-139.4	54.9	
22.9	-11.5	-134.5	62.3	
20.5	-6.6	-144.4	40.1	
18.0	-6.6	-134.5	54.9	
18.0	-9.1	-149.3	3.2	
25.4	-1.7	-139.4	5.7	
27.8	-28.7	-144.4	5.7	
42.6	-28.7	-137.0	5.7	
37.7	-23.8	-146.8	13.1	
32.8	-36.1	-137.0	30.3	
45.1	-31.2	-122.2	5.7	
40.1	-38.6	-117.3	-4.1	
42.6	-11.5	-117.3	-11.5	
45.1	0.8	-109.9	-6.6	
32.8	8.2	-109.9	-9.1	
42.6	15.5	-105.0	-9.1	
40.1	20.5	-90.2	-14.0	
40.1	35.2	-85.3	-9.1	
45.1	42.6	-80.4	-23.8	
47.5	50.0	-77.9	-18.9	
52.4	40.1	-60.7	-6.6	
54.9	32.8	-55.8	-26.3	
52.4	32.8	-43.5	-14.0	
57.4	67.2	-33.7	-14.0	
57.4	27.8	-26.3	3.2	
64.7	-9.1	-21.4	3.2	
45.1	0.8	-14.0	15.5	
57.4	-11.5	-16.4	-1.7	
67.2	-21.4	-4.1	5.7	
57.4	-9.1	0.8	13.1	
54.9	-1.7	18.0	5.7	
59.8	37.7	54.9	-1.7	
59.8	40.1	62.3	37.7	
67.2	32.8	69.7	59.8	
54.9	10.6	94.3	52.4	
62.3	32.8	86.9	45.1	
52.4	45.1	106.6	37.7	
52.4	32.8	104.1	64.7	
45.1	30.3	118.9	82.0	
45.1	35.2	109.0	82.0	
50.0	52.4	118.9	74.6	
42.6	64.7	111.5	82.0	
42.6	54.9	111.5	84.4	
32.8	67.2	126.2	84.4	
37.7	52.4	121.3	79.5	
42.6	27.8	133.6	94.3	
47.5	45.1	136.1	86.9	
42.6	25.4	143.5	94.3	
40.1	25.4	150.8	86.9	
37.7	40.1	141.0	82.0	
37.7	32.8	143.5	89.3	
54.9	22.9	153.3	77.0	
47.5	20.5	163.1	96.7	
42.6	15.5	160.7	123.8	
50.0	35.2	153.3	111.5	
40.1	40.1	155.8	96.7	
40.1	52.4	158.2	94.3	
25.4	59.8	150.8	94.3	
30.3	52.4	143.5	86.9	
25.4	54.9	148.4	74.6	
25.4	74.6	148.4	84.4	
27.8	82.0	145.9	111.5	
15.5	69.7	136.1	131.2	
15.5	84.4	148.4	116.4	
20.5	74.6	131.2	109.0	
18.0	79.5	133.6	113.9	
25.4	74.6	123.8	101.6	
15.5	67.2	128.7	94.3	
10.6	67.2	126.2	91.8	
3.2	57.4	133.6	94.3	
10.6	62.3	131.2	91.8	
18.0	50.0	131.2	89.3	
18.0	40.1	123.8	89.3	
30.3	18.0	126.2	59.8	
22.9	30.3	133.6	40.1	
20.5	50.0	131.2	32.8	
8.2	86.9	138.5	30.3	
5.7	82.0	126.2	35.2	
5.7	54.9	113.9	35.2	
3.2	57.4	106.6	40.1	
5.7	47.5	111.5	32.8	
-6.6	50.0	101.6	37.7	
-6.6	47.5	77.0	35.2	
-9.1	35.2	69.7	32.8	
-6.6	30.3	62.3	42.6	
-14.0	0.8	62.3	45.1	
-14.0	-6.6	52.4	54.9	
-14.0	-14.0	52.4	50.0	
-11.5	-1.7	45.1	50.0	
-16.4	-6.6	42.6	45.1	
-11.5	-23.8	35.2	22.9	
-21.4	-18.9	18.0	32.8	
-14.0	3.2	22.9	13.1	
-14.0	13.1	20.5	8.2	
-9.1	30.3	5.7	5.7	
-21.4	18.0	-11.5	-23.8	
-26.3	13.1	-14.0	-38.6	
-23.8	18.0	-36.1	-31.2	
-28.7	37.7	-31.2	-18.9	
-21.4	32.8	-28.7	-43.5	
-23.8	25.4	-28.7	-43.5	
-28.7	40.1	-33.7	-65.6	
-28.7	52.4	-28.7	-70.6	
-21.4	37.7	-28.7	-70.6	
-31.2	62.3	-23.8	-63.2	
-28.7	62.3	-50.9	-60.7	
-23.8	84.4	-38.6	-60.7	
-21.4	86.9	-41.0	-55.8	
-33.7	91.8	-28.7	-73.0	
-33.7	104.1	-46.0	-75.5	
-31.2	72.1	-33.7	-58.3	
-31.2	5.7	-21.4	-70.6	
-41.0	3.2	-33.7	-80.4	
-43.5	-14.0	-11.5	-58.3	
-48.4	-105.0	-23.8	-58.3	
-50.9	-63.2	-9.1	-65.6	
-55.8	-11.5	-18.9	-41.0	
-58.3	15.5	-14.0	-28.7	
-68.1	37.7	-9.1	-21.4	
-65.6	42.6	-6.6	-21.4	
-65.6	20.5	-11.5	-23.8	
-77.9	5.7	0.8	-48.4	
-63.2	5.7	-9.1	-48.4	
-82.9	8.2	-1.7	-18.9	
-80.4	27.8	3.2	-33.7	
-82.9	59.8	22.9	-65.6	
-68.1	59.8	32.8	-33.7	
-82.9	35.2	32.8	-50.9	
-92.7	45.1	50.0	-38.6	
-100.1	67.2	45.1	-41.0	
-95.2	40.1	42.6	-41.0	
-95.2	22.9	40.1	-41.0	
-92.7	30.3	30.3	-58.3	
-87.8	27.8	47.5	-43.5	
-80.4	32.8	47.5	-16.4	
-85.3	32.8	37.7	-23.8	
-82.9	27.8	35.2	-26.3	
-92.7	-23.8	42.6	-11.5	
-82.9	-1.7	50.0	-38.6	
-95.2	20.5	47.5	-50.9	
-85.3	45.1	59.8	-16.4	
-85.3	57.4	50.0	-14.0	
-92.7	40.1	57.4	-31.2	
-85.3	22.9	57.4	-48.4	
-95.2	18.0	54.9	-41.0	
-105.0	35.2	35.2	-46.0	
-92.7	42.6	30.3	-23.8	
-95.2	-4.1	20.5	-36.1	
-87.8	-6.6	10.6	-26.3	
-85.3	0.8	-16.4	-31.2	
-82.9	8.2	-33.7	-16.4	
-85.3	20.5	-36.1	-14.0	
-85.3	32.8	-58.3	-23.8	
-77.9	77.0	-65.6	-58.3	
-68.1	84.4	-70.6	-33.7	
-60.7	57.4	-87.8	-33.7	
-55.8	72.1	-90.2	-21.4	
-68.1	57.4	-117.3	-31.2	
-68.1	-18.9	-122.2	-48.4	
-75.5	-75.5	-129.6	-73.0	
-77.9	-21.4	-137.0	-48.4	
-80.4	13.1	-146.8	-46.0	
-68.1	59.8	-156.7	-38.6	
-63.2	42.6	-181.3	-43.5	
-43.5	40.1	-178.8	-31.2	
-43.5	35.2	-186.2	-38.6	
-43.5	42.6	-186.2	-33.7	
-33.7	42.6	-198.5	-43.5	
-21.4	47.5	-198.5	-48.4	
-14.0	35.2	-210.8	-53.3	
-11.5	35.2	-223.1	-43.5	
-16.4	45.1	-218.2	-38.6	
-16.4	30.3	-223.1	-41.0	
-16.4	50.0	-228.0	-41.0	
-1.7	69.7	-237.8	-33.7	
-11.5	67.2	-242.8	-28.7	
-21.4	72.1	-250.1	-36.1	
-18.9	59.8	-255.1	-33.7	
-14.0	64.7	-247.7	-28.7	
-18.9	57.4	-255.1	-11.5	
-18.9	62.3	-255.1	-9.1	
-14.0	72.1	-255.1	-26.3	
-18.9	82.0	-269.8	-6.6	
-6.6	57.4	-260.0	18.0	
-6.6	62.3	-250.1	15.5	
-4.1	57.4	-255.1	32.8	
0.8	96.7	-255.1	37.7	
5.7	99.2	-252.6	35.2	
-6.6	77.0	-247.7	27.8	
15.5	69.7	-240.3	42.6	
20.5	59.8	-242.8	40.1	
18.0	69.7	-232.9	37.7	
10.6	89.3	-230.5	35.2	
22.9	50.0	-228.0	47.5	
35.2	25.4	-215.7	54.9	
18.0	22.9	-205.9	62.3	
10.6	13.1	-205.9	64.7	
5.7	30.3	-205.9	59.8	
8.2	45.1	-210.8	50.0	
8.2	35.2	-196.0	59.8	
5.7	27.8	-196.0	67.2	
27.8	18.0	-186.2	69.7	
27.8	25.4	-166.5	72.1	
50.0	40.1	-161.6	82.0	
42.6	40.1	-146.8	64.7	
47.5	47.5	-129.6	69.7	
42.6	54.9	-122.2	62.3	
54.9	40.1	-114.8	52.4	
59.8	45.1	-97.6	47.5	
72.1	35.2	-100.1	47.5	
59.8	20.5	-63.2	47.5	
59.8	20.5	-63.2	69.7	
57.4	35.2	-60.7	64.7	
52.4	42.6	-33.7	67.2	
54.9	42.6	-31.2	69.7	
50.0	37.7	-18.9	72.1	
40.1	8.2	-1.7	67.2	
40.1	5.7	22.9	67.2	
42.6	20.5	35.2	84.4	
45.1	50.0	54.9	84.4	
42.6	47.5	72.1	82.0	
37.7	37.7	64.7	84.4	
35.2	27.8	77.0	86.9	
32.8	42.6	89.3	64.7	
30.3	57.4	91.8	54.9	
27.8	62.3	106.6	77.0	
32.8	47.5	118.9	89.3	
22.9	40.1	118.9	72.1	
25.4	27.8	126.2	62.3	
27.8	37.7	128.7	77.0	
32.8	25.4	131.2	74.6	
50.0	15.5	131.2	74.6	
32.8	8.2	141.0	77.0	
40.1	0.8	150.8	77.0	
35.2	15.5	158.2	79.5	
32.8	13.1	165.6	84.4	
20.5	15.5	143.5	72.1	
22.9	-4.1	150.8	77.0	
10.6	0.8	155.8	64.7	
0.8	-1.7	155.8	79.5	
0.8	-1.7	148.4	72.1	
-1.7	5.7	158.2	50.0	
-1.7	15.5	160.7	69.7	
-14.0	3.2	150.8	54.9	
-1.7	0.8	160.7	69.7	
-9.1	0.8	173.0	59.8	
-4.1	5.7	170.5	57.4	
-14.0	15.5	175.4	74.6	
-4.1	5.7	163.1	67.2	
-9.1	-14.0	168.1	54.9	
0.8	-1.7	177.9	54.9	
-23.8	10.6	177.9	64.7	
-26.3	20.5	170.5	86.9	
-18.9	18.0	153.3	59.8	
-14.0	15.5	150.8	54.9	
-14.0	10.6	158.2	50.0	
-21.4	13.1	153.3	15.5	
-9.1	22.9	138.5	32.8	
0.8	10.6	136.1	35.2	
5.7	15.5	121.3	27.8	
-4.1	-18.9	121.3	10.6	
0.8	37.7	113.9	0.8	
15.5	91.8	106.6	15.5	
15.5	109.0	109.0	10.6	
18.0	84.4	89.3	10.6	
3.2	50.0	91.8	30.3	
-1.7	50.0	86.9	32.8	
3.2	37.7	79.5	25.4	
0.8	15.5	77.0	15.5	
8.2	-18.9	77.0	3.2	
5.7	-46.0	64.7	-1.7	
15.5	-21.4	67.2	0.8	
13.1	-11.5	62.3	-1.7	
20.5	-11.5	62.3	-1.7	
15.5	-31.2	57.4	-1.7	
-9.1	-38.6	57.4	-14.0	
-9.1	-28.7	45.1	-21.4	
-4.1	-11.5	62.3	-4.1	
-18.9	0.8	50.0	-16.4	
-18.9	15.5	35.2	-6.6	
-21.4	15.5	27.8	-21.4	
-14.0	13.1	10.6	-1.7	
-11.5	-4.1	-11.5	3.2	
-9.1	15.5	-11.5	10.6	
0.8	15.5	-28.7	-9.1	
-1.7	0.8	-33.7	-18.9	
-4.1	15.5	-16.4	-16.4	
-16.4	15.5	-41.0	-50.9	
-18.9	8.2	-31.2	-28.7	
-11.5	10.6	-38.6	-28.7	
-1.7	8.2	-46.0	-33.7	
-9.1	13.1	-36.1	-55.8	
-1.7	35.2	-41.0	-43.5	
-6.6	8.2	-50.9	-41.0	
0.8	32.8	-43.5	-41.0	
13.1	40.1	-46.0	-46.0	
20.5	50.0	-38.6	-48.4	
20.5	52.4	-43.5	-48.4	
15.5	32.8	-28.7	-41.0	
8.2	0.8	-31.2	-41.0	
-1.7	-4.1	-18.9	-41.0	
-9.1	8.2	-28.7	-28.7	
-1.7	-1.7	-23.8	-43.5	
-6.6	8.2	-33.7	-28.7	
-14.0	18.0	-26.3	-28.7	
-21.4	0.8	-36.1	-28.7	
-18.9	-14.0	-26.3	-36.1	
-11.5	3.2	-31.2	-33.7	
-18.9	15.5	-36.1	-33.7	
-28.7	22.9	-28.7	-31.2	
-14.0	30.3	-46.0	-48.4	
-11.5	25.4	-38.6	-31.2	
-21.4	37.7	-36.1	-21.4	
-21.4	40.1	-38.6	-26.3	
-14.0	35.2	-41.0	-26.3	
-18.9	32.8	-31.2	-28.7	
-18.9	30.3	-33.7	-31.2	
-28.7	27.8	-36.1	-23.8	
-21.4	13.1	-26.3	-26.3	
-16.4	30.3	-26.3	-33.7	
-18.9	35.2	-28.7	-23.8	
-4.1	52.4	-16.4	-26.3	
-21.4	47.5	-14.0	-18.9	
-16.4	40.1	-9.1	-14.0	
-28.7	62.3	-18.9	-6.6	
-18.9	77.0	-9.1	-9.1	
-26.3	64.7	-14.0	0.8	
-28.7	62.3	3.2	-9.1	
-23.8	52.4	-14.0	-6.6	
-21.4	37.7	-9.1	-11.5	
-18.9	20.5	-4.1	-11.5	
-23.8	25.4	-6.6	-11.5	
-23.8	15.5	0.8	-16.4	
-16.4	13.1	3.2	-18.9	
-18.9	18.0	0.8	-4.1	
-16.4	42.6	-1.7	-6.6	
-16.4	64.7	-4.1	-11.5	
-6.6	54.9	-6.6	5.7	
-14.0	52.4	-4.1	-4.1	
-11.5	37.7	-1.7	-6.6	
-21.4	15.5	-9.1	-14.0	
-11.5	25.4	-1.7	-18.9	
-11.5	35.2	3.2	-23.8	
-11.5	37.7	8.2	-1.7	
-16.4	37.7	3.2	-6.6	
-6.6	52.4	8.2	-4.1	
-4.1	59.8	0.8	-11.5	
8.2	45.1	15.5	-9.1	
13.1	47.5	15.5	-16.4	
18.0	77.0	13.1	-16.4	
13.1	64.7	27.8	0.8	
8.2	52.4	25.4	-9.1	
8.2	59.8	20.5	-9.1	
13.1	64.7	15.5	-23.8	
37.7	72.1	27.8	-26.3	
30.3	59.8	18.0	-41.0	
50.0	79.5	20.5	-41.0	
35.2	77.0	25.4	-1.7	
37.7	50.0	18.0	-9.1	
40.1	42.6	22.9	5.7	
40.1	50.0	22.9	8.2	
35.2	32.8	27.8	3.2	
27.8	57.4	15.5	0.8	
35.2	62.3	35.2	8.2	
54.9	67.2	37.7	-4.1	
32.8	59.8	40.1	25.4	
27.8	59.8	27.8	25.4	
32.8	67.2	40.1	20.5	
25.4	77.0	27.8	15.5	
40.1	74.6	40.1	15.5	
54.9	62.3	32.8	5.7	
59.8	67.2	32.8	5.7	
69.7	62.3	32.8	5.7	
59.8	54.9	40.1	8.2	
64.7	20.5	25.4	22.9	
57.4	20.5	20.5	18.0	
45.1	22.9	22.9	15.5	
50.0	25.4	20.5	30.3	
47.5	8.2	22.9	8.2	
52.4	0.8	15.5	3.2	
47.5	10.6	20.5	20.5	
52.4	10.6	15.5	13.1	
45.1	32.8	13.1	18.0	
40.1	50.0	15.5	20.5	
47.5	59.8	5.7	18.0	
40.1	47.5	3.2	25.4	
45.1	47.5	0.8	20.5	
45.1	37.7	-4.1	8.2	
50.0	47.5	-21.4	5.7	
35.2	47.5	-11.5	-4.1	
40.1	64.7	-9.1	-4.1	
45.1	72.1	0.8	-9.1	
50.0	35.2	-11.5	-9.1	
59.8	40.1	-4.1	-1.7	
64.7	77.0	-16.4	-4.1	
72.1	77.0	-16.4	-1.7	
62.3	94.3	-1.7	-1.7	
67.2	62.3	-1.7	-6.6	
86.9	59.8	-1.7	-6.6	
84.4	69.7	-4.1	-1.7	
84.4	59.8	-11.5	8.2	
84.4	37.7	-16.4	0.8	
67.2	25.4	-11.5	0.8	
47.5	3.2	-28.7	15.5	
50.0	-6.6	-14.0	10.6	
45.1	18.0	-26.3	-1.7	
45.1	47.5	-33.7	13.1	
42.6	37.7	-31.2	3.2	
57.4	35.2	-23.8	3.2	
54.9	35.2	-26.3	10.6	
62.3	45.1	-23.8	8.2	
67.2	47.5	-23.8	8.2	
64.7	32.8	-23.8	-6.6	
67.2	30.3	-31.2	-14.0	
62.3	32.8	-21.4	-9.1	
62.3	32.8	-26.3	0.8	
54.9	40.1	-33.7	-1.7	
54.9	40.1	-23.8	8.2	
54.9	47.5	-36.1	-26.3	
40.1	64.7	-36.1	-14.0	
30.3	47.5	-43.5	-6.6	
35.2	45.1	-28.7	-23.8	
30.3	45.1	-26.3	-11.5	
20.5	62.3	-16.4	-11.5	
5.7	57.4	-33.7	-16.4	
-14.0	42.6	-14.0	-11.5	
-16.4	32.8	-31.2	-14.0	
-9.1	18.0	-6.6	-14.0	
5.7	15.5	-23.8	-14.0	
0.8	5.7	-11.5	-14.0	
0.8	-33.7	-23.8	-11.5	
8.2	-65.6	-16.4	0.8	
10.6	-41.0	-11.5	-14.0	
32.8	-16.4	-9.1	15.5	
50.0	22.9	-1.7	22.9	
64.7	35.2	0.8	-6.6	
74.6	10.6	18.0	5.7	
82.0	-16.4	13.1	10.6	
86.9	-16.4	18.0	3.2	
96.7	-31.2	18.0	3.2	
99.2	15.5	20.5	10.6	
86.9	22.9	35.2	10.6	
79.5	25.4	27.8	18.0	
79.5	37.7	27.8	0.8	
82.0	47.5	32.8	15.5	
91.8	45.1	30.3	-14.0	
104.1	20.5	45.1	5.7	
111.5	0.8	35.2	10.6	
116.4	-1.7	37.7	15.5	
123.8	8.2	45.1	8.2	
128.7	15.5	42.6	13.1	
121.3	5.7	45.1	13.1	
128.7	3.2	45.1	15.5	
131.2	-1.7	47.5	18.0	
136.1	-1.7	45.1	10.6	
141.0	8.2	37.7	13.1	
150.8	-1.7	37.7	25.4	
143.5	5.7	52.4	22.9	
150.8	27.8	62.3	32.8	
143.5	8.2	57.4	45.1	
128.7	5.7	40.1	45.1	
145.9	13.1	52.4	10.6	
128.7	3.2	59.8	-23.8	
111.5	-4.1	42.6	32.8	
94.3	5.7	40.1	32.8	
84.4	8.2	52.4	0.8	
89.3	3.2	45.1	-9.1	
86.9	15.5	47.5	-6.6	
89.3	10.6	64.7	18.0	
96.7	8.2	69.7	5.7	
86.9	25.4	52.4	-6.6	
96.7	15.5	52.4	-9.1	
74.6	20.5	57.4	-18.9	
79.5	8.2	64.7	-1.7	
64.7	3.2	72.1	8.2	
79.5	3.2	72.1	-11.5	
64.7	15.5	79.5	-1.7	
45.1	20.5	77.0	0.8	
54.9	10.6	79.5	-14.0	
57.4	15.5	69.7	-6.6	
57.4	10.6	77.0	-4.1	
57.4	0.8	91.8	-14.0	
52.4	-4.1	82.0	-14.0	
50.0	3.2	79.5	-14.0	
35.2	3.2	84.4	-16.4	
32.8	20.5	77.0	-9.1	
37.7	18.0	74.6	-26.3	
50.0	-6.6	77.0	-6.6	
42.6	18.0	69.7	-6.6	
35.2	18.0	74.6	-18.9	
42.6	8.2	59.8	-28.7	
32.8	20.5	57.4	-9.1	
27.8	35.2	42.6	10.6	
18.0	0.8	52.4	-4.1	
30.3	-1.7	47.5	-9.1	
8.2	15.5	52.4	-18.9	
0.8	-6.6	42.6	-11.5	
-21.4	-31.2	40.1	-1.7	
-23.8	-11.5	25.4	-6.6	
-23.8	-9.1	25.4	-6.6	
-18.9	8.2	25.4	-11.5	
-23.8	15.5	27.8	0.8	
-21.4	20.5	25.4	0.8	
-1.7	13.1	20.5	-18.9	
-1.7	30.3	10.6	-21.4	
0.8	22.9	-1.7	-14.0	
-1.7	20.5	0.8	5.7	
-4.1	10.6	-18.9	-4.1	
-6.6	0.8	-4.1	0.8	
-11.5	5.7	-16.4	-1.7	
-23.8	13.1	-9.1	-9.1	
-31.2	32.8	-14.0	-11.5	
-28.7	27.8	-11.5	3.2	
-23.8	15.5	-21.4	-14.0	
-33.7	10.6	-14.0	-1.7	
-26.3	15.5	-16.4	3.2	
-26.3	25.4	-28.7	8.2	
-18.9	32.8	-21.4	-9.1	
-14.0	25.4	-16.4	3.2	
-16.4	30.3	-6.6	-4.1	
13.1	37.7	-21.4	-4.1	
3.2	35.2	-26.3	0.8	
3.2	50.0	-26.3	8.2	
8.2	37.7	-14.0	-6.6	
5.7	32.8	-21.4	0.8	
-21.4	40.1	-21.4	-16.4	
-16.4	45.1	-11.5	-9.1	
-31.2	40.1	-18.9	-18.9	
-41.0	42.6	-9.1	-26.3	
-41.0	25.4	-16.4	-26.3	
-50.9	32.8	-6.6	-21.4	
-50.9	40.1	-4.1	-23.8	
-48.4	45.1	-18.9	-16.4	
-36.1	59.8	-1.7	-23.8	
-46.0	54.9	-4.1	-16.4	
-38.6	50.0	-11.5	-6.6	
-55.8	57.4	0.8	-23.8	
-50.9	52.4	15.5	-18.9	
-41.0	45.1	20.5	-6.6	
-46.0	37.7	15.5	-18.9	
-36.1	3.2	0.8	-6.6	
-36.1	15.5	8.2	-4.1	
-23.8	10.6	13.1	-11.5	
-31.2	32.8	8.2	-6.6	
-31.2	20.5	25.4	8.2	
-36.1	20.5	22.9	-6.6	
-33.7	18.0	22.9	-4.1	
-31.2	20.5	18.0	-4.1	
-38.6	22.9	27.8	10.6	
-33.7	20.5	25.4	5.7	
-23.8	13.1	22.9	5.7	
-26.3	18.0	30.3	10.6	
-21.4	8.2	15.5	-6.6	
-31.2	25.4	27.8	-4.1	
-23.8	47.5	13.1	-4.1	
-23.8	20.5	20.5	0.8	
-28.7	15.5	15.5	-4.1	
-31.2	22.9	15.5	-9.1	
-28.7	52.4	18.0	-11.5	
-33.7	20.5	22.9	-6.6	
-36.1	22.9	13.1	-6.6	
-36.1	25.4	13.1	-16.4	
-14.0	47.5	15.5	-9.1	
-9.1	45.1	18.0	-9.1	
-4.1	25.4	15.5	-9.1	
-11.5	20.5	20.5	-9.1	
-11.5	42.6	27.8	3.2	
-14.0	18.0	18.0	-11.5	
-21.4	22.9	15.5	-6.6	
-23.8	27.8	25.4	-11.5	
-33.7	27.8	13.1	-14.0	
-36.1	13.1	0.8	-11.5	
-28.7	15.5	-9.1	-1.7	
-28.7	13.1	-23.8	-6.6	
-26.3	27.8	-6.6	13.1	
-38.6	15.5	-1.7	3.2	
-36.1	5.7	10.6	0.8	
-23.8	8.2	15.5	0.8	
-16.4	13.1	20.5	-11.5	
-21.4	13.1	5.7	-26.3	
-9.1	25.4	-1.7	-21.4	
-9.1	18.0	10.6	5.7	
-9.1	0.8	0.8	-1.7	
-4.1	5.7	-1.7	25.4	
-18.9	0.8	-4.1	5.7	
-16.4	15.5	8.2	8.2	
-23.8	5.7	13.1	8.2	
3.2	18.0	25.4	5.7	
20.5	13.1	18.0	-1.7	
52.4	13.1	25.4	3.2	
77.0	25.4	27.8	-16.4	
74.6	13.1	25.4	25.4	
13.1	13.1	30.3	27.8	
-21.4	15.5	27.8	18.0	
-55.8	22.9	35.2	5.7	
-43.5	13.1	27.8	-1.7	
-16.4	20.5	42.6	3.2	
-9.1	37.7	42.6	22.9	
-6.6	20.5	42.6	15.5	
-46.0	18.0	47.5	-16.4	
-28.7	3.2	42.6	-14.0	
-48.4	3.2	50.0	-1.7	
-38.6	13.1	54.9	-1.7	
-1.7	15.5	54.9	8.2	
8.2	18.0	52.4	8.2	
-6.6	20.5	52.4	8.2	
-6.6	10.6	57.4	20.5	
-4.1	35.2	47.5	20.5	
-23.8	35.2	45.1	25.4	
-53.3	25.4	25.4	20.5	
-73.0	22.9	42.6	18.0	
-85.3	30.3	35.2	0.8	
-87.8	18.0	30.3	-1.7	
-73.0	27.8	27.8	8.2	
-58.3	18.0	22.9	13.1	
-23.8	18.0	32.8	3.2	
-14.0	30.3	18.0	-14.0	
-26.3	57.4	20.5	-4.1	
-31.2	57.4	15.5	-9.1	
-41.0	64.7	18.0	-16.4	
-41.0	59.8	22.9	-11.5	
-41.0	59.8	22.9	0.8	
-33.7	64.7	18.0	-4.1	
-31.2	42.6	20.5	-6.6	
-36.1	30.3	20.5	-9.1	
-38.6	-33.7	30.3	-4.1	
-36.1	-65.6	18.0	-16.4	
-41.0	-38.6	20.5	-16.4	
-41.0	-9.1	15.5	-18.9	
-31.2	8.2	25.4	-16.4	
-33.7	5.7	5.7	-23.8	
-36.1	22.9	13.1	-28.7	
-31.2	42.6	0.8	-16.4	
-33.7	45.1	-14.0	-9.1	
-31.2	27.8	-4.1	-6.6	
-38.6	32.8	-1.7	-14.0	
-48.4	37.7	5.7	-14.0	
-46.0	37.7	13.1	-21.4	
-48.4	40.1	5.7	-6.6	
-58.3	32.8	-1.7	-11.5	
-41.0	27.8	3.2	5.7	
-41.0	25.4	5.7	-14.0	
-36.1	47.5	22.9	-1.7	
-36.1	27.8	27.8	-9.1	
-38.6	59.8	25.4	5.7	
-16.4	57.4	35.2	-11.5	
-33.7	57.4	37.7	0.8	
-14.0	42.6	37.7	-11.5	
-9.1	59.8	40.1	-11.5	
-9.1	45.1	27.8	-4.1	
-14.0	94.3	40.1	-4.1	
0.8	62.3	50.0	-6.6	
-4.1	50.0	47.5	-14.0	
5.7	32.8	45.1	-11.5	
3.2	20.5	47.5	-14.0	
10.6	15.5	40.1	-21.4	
3.2	-4.1	47.5	-11.5	
0.8	-14.0	50.0	-6.6	
15.5	-4.1	45.1	-23.8	
18.0	-18.9	35.2	-14.0	
13.1	-14.0	52.4	-18.9	
25.4	18.0	54.9	-4.1	
20.5	18.0	45.1	-6.6	
18.0	27.8	47.5	-11.5	
25.4	18.0	45.1	-4.1	
32.8	22.9	37.7	-1.7	
25.4	27.8	42.6	-4.1	
25.4	32.8	50.0	-16.4	
35.2	-4.1	50.0	-16.4	
42.6	18.0	47.5	-14.0	
32.8	57.4	37.7	-18.9	
45.1	47.5	42.6	-23.8	
35.2	42.6	35.2	-16.4	
37.7	42.6	45.1	-14.0	
35.2	54.9	25.4	-14.0	
32.8	52.4	25.4	-6.6	
40.1	67.2	30.3	3.2	
47.5	57.4	40.1	-1.7	
35.2	37.7	40.1	-1.7	
32.8	37.7	42.6	8.2	
37.7	22.9	52.4	-1.7	
32.8	13.1	37.7	3.2	
35.2	20.5	50.0	-4.1	
20.5	10.6	45.1	5.7	
35.2	0.8	47.5	8.2	
32.8	-1.7	37.7	13.1	
40.1	20.5	45.1	13.1	
45.1	20.5	45.1	22.9	
42.6	35.2	47.5	18.0	
40.1	25.4	59.8	27.8	
54.9	30.3	59.8	25.4	
37.7	35.2	54.9	25.4	
32.8	30.3	67.2	25.4	
40.1	25.4	82.0	25.4	
57.4	25.4	79.5	27.8	
37.7	35.2	77.0	27.8	
45.1	37.7	72.1	27.8	
40.1	42.6	79.5	22.9	
35.2	15.5	86.9	27.8	
27.8	13.1	94.3	20.5	
35.2	42.6	94.3	25.4	
35.2	40.1	82.0	20.5	
30.3	8.2	99.2	15.5	
15.5	10.6	104.1	3.2	
18.0	35.2	116.4	3.2	
20.5	77.0	113.9	-14.0	
25.4	74.6	116.4	-1.7	
22.9	69.7	113.9	-11.5	
8.2	47.5	101.6	10.6	
8.2	37.7	133.6	3.2	
13.1	13.1	128.7	0.8	
15.5	-4.1	118.9	10.6	
20.5	-43.5	136.1	5.7	
15.5	-50.9	136.1	-16.4	
15.5	-70.6	133.6	-14.0	
20.5	-31.2	128.7	-4.1	
25.4	10.6	123.8	-11.5	
25.4	30.3	128.7	-18.9	
32.8	30.3	133.6	-1.7	
45.1	22.9	133.6	13.1	
42.6	10.6	128.7	-9.1	
50.0	18.0	138.5	-11.5	
47.5	42.6	133.6	0.8	
52.4	42.6	138.5	5.7	
42.6	47.5	143.5	-9.1	
50.0	47.5	150.8	-9.1	
37.7	57.4	153.3	-18.9	
42.6	47.5	158.2	-21.4	
59.8	30.3	170.5	-4.1	
42.6	18.0	175.4	20.5	
50.0	37.7	185.3	15.5	
57.4	22.9	202.5	-9.1	
54.9	5.7	205.0	-18.9	
57.4	0.8	219.7	-21.4	
42.6	15.5	224.6	-4.1	
37.7	3.2	241.9	15.5	
40.1	-23.8	254.2	42.6	
37.7	-11.5	264.0	47.5	
47.5	10.6	276.3	45.1	
32.8	54.9	305.8	42.6	
35.2	69.7	315.7	42.6	
22.9	91.8	328.0	35.2	
15.5	69.7	345.2	40.1	
15.5	18.0	372.2	40.1	
25.4	-4.1	389.5	42.6	
10.6	-18.9	421.4	40.1	
5.7	-11.5	438.7	42.6	
3.2	-9.1	473.1	37.7	
22.9	-16.4	514.9	42.6	
18.0	22.9	539.5	25.4	
15.5	64.7	581.3	35.2	
10.6	101.6	610.9	32.8	
-4.1	91.8	620.7	27.8	
-6.6	47.5	665.0	20.5	
-4.1	10.6	679.7	27.8	
-14.0	27.8	687.1	30.3	
-4.1	50.0	699.4	40.1	
-4.1	30.3	704.3	50.0	
0.8	13.1	699.4	69.7	
30.3	27.8	682.2	64.7	
18.0	42.6	667.4	77.0	
35.2	32.8	652.7	69.7	
22.9	18.0	655.1	62.3	
30.3	10.6	650.2	54.9	
30.3	3.2	650.2	40.1	
27.8	20.5	642.8	32.8	
47.5	22.9	603.5	47.5	
50.0	25.4	549.4	40.1	
40.1	27.8	453.4	25.4	
22.9	69.7	345.2	20.5	
30.3	84.4	246.8	8.2	
30.3	42.6	165.6	-11.5	
13.1	82.0	123.8	-9.1	
15.5	57.4	99.2	-1.7	
8.2	40.1	91.8	10.6	
0.8	22.9	82.0	8.2	
3.2	3.2	77.0	5.7	
3.2	5.7	52.4	-1.7	
-1.7	15.5	47.5	-6.6	
-1.7	30.3	42.6	-4.1	
10.6	40.1	32.8	-1.7	
15.5	54.9	40.1	-1.7	
30.3	74.6	52.4	-1.7	
37.7	79.5	47.5	10.6	
32.8	82.0	42.6	5.7	
32.8	52.4	10.6	5.7	
20.5	57.4	-33.7	15.5	
27.8	30.3	-92.7	15.5	
22.9	-4.1	-129.6	10.6	
25.4	-18.9	-171.4	0.8	
20.5	-23.8	-225.5	-11.5	
25.4	-11.5	-264.9	-18.9	
20.5	5.7	-309.2	-21.4	
22.9	10.6	-326.4	-31.2	
15.5	8.2	-365.8	-41.0	
18.0	25.4	-405.1	-41.0	
22.9	13.1	-424.8	-46.0	
35.2	27.8	-442.0	-36.1	
32.8	25.4	-464.2	-33.7	
35.2	35.2	-471.5	-41.0	
30.3	35.2	-488.8	-23.8	
42.6	45.1	-476.5	-21.4	
30.3	45.1	-510.9	-6.6	
35.2	45.1	-523.2	-9.1	
30.3	37.7	-547.8	-33.7	
32.8	42.6	-542.9	-41.0	
30.3	54.9	-533.0	-6.6	
18.0	37.7	-550.3	-1.7	
10.6	47.5	-550.3	3.2	
-4.1	40.1	-547.8	0.8	
-1.7	50.0	-525.7	3.2	
5.7	54.9	-513.4	8.2	
5.7	45.1	-493.7	15.5	
3.2	42.6	-483.8	-4.1	
5.7	45.1	-476.5	3.2	
-9.1	37.7	-437.1	-6.6	
5.7	57.4	-397.7	-16.4	
5.7	47.5	-380.5	-9.1	
13.1	42.6	-346.1	-23.8	
8.2	57.4	-326.4	-21.4	
-1.7	59.8	-299.3	-28.7	
-1.7	47.5	-287.0	-26.3	
-4.1	62.3	-272.3	-28.7	
-11.5	62.3	-277.2	-28.7	
-11.5	50.0	-237.8	-36.1	
-16.4	59.8	-223.1	-26.3	
-18.9	52.4	-198.5	-28.7	
-14.0	40.1	-178.8	-18.9	
0.8	45.1	-164.0	-6.6	
-6.6	64.7	-164.0	-28.7	
0.8	62.3	-164.0	-18.9	
8.2	54.9	-171.4	-4.1	
8.2	57.4	-161.6	-6.6	
0.8	59.8	-156.7	-26.3	
-1.7	47.5	-154.2	-36.1	
8.2	25.4	-151.7	-1.7	
0.8	45.1	-144.4	-4.1	
-6.6	32.8	-134.5	-6.6	
3.2	45.1	-117.3	-16.4	
-6.6	45.1	-112.4	-9.1	
3.2	30.3	-95.2	-21.4	
8.2	47.5	-100.1	-31.2	
5.7	50.0	-80.4	-31.2	
3.2	57.4	-92.7	-31.2	
8.2	22.9	-97.6	-41.0	
0.8	27.8	-124.7	-21.4	
3.2	27.8	-114.8	0.8	
10.6	35.2	-119.8	18.0	
-1.7	54.9	-102.5	20.5	
20.5	22.9	-132.1	8.2	
15.5	22.9	-124.7	5.7	
20.5	25.4	-124.7	3.2	
18.0	59.8	-132.1	18.0	
15.5	52.4	-151.7	30.3	
8.2	72.1	-149.3	45.1	
0.8	37.7	-156.7	40.1	
13.1	45.1	-171.4	47.5	
22.9	64.7	-181.3	18.0	
15.5	64.7	-213.2	-11.5	
10.6	42.6	-230.5	-58.3	
0.8	47.5	-228.0	-95.2	
-9.1	82.0	-252.6	-156.7	
-6.6	82.0	-264.9	-122.2	
0.8	77.0	-287.0	-100.1	
8.2	54.9	-323.9	-60.7	
0.8	30.3	-397.7	-33.7	
15.5	47.5	-471.5	-63.2	
25.4	77.0	-530.6	-53.3	
45.1	84.4	-560.1	-33.7	
37.7	84.4	-584.7	-38.6	
35.2	79.5	-606.8	-14.0	
27.8	79.5	-604.4	5.7	
27.8	89.3	-589.6	40.1	
18.0	84.4	-587.2	40.1	
-1.7	91.8	-550.3	50.0	
-1.7	72.1	-520.7	64.7	
13.1	72.1	-459.2	52.4	
5.7	72.1	-407.6	0.8	
5.7	47.5	-368.2	-1.7	
8.2	64.7	-328.9	0.8	
27.8	59.8	-309.2	57.4	
-1.7	57.4	-296.9	118.9	
-4.1	57.4	-296.9	133.6	
-11.5	57.4	-326.4	86.9	
-16.4	50.0	-368.2	45.1	
-16.4	52.4	-378.1	27.8	
-33.7	57.4	-370.7	40.1	
-36.1	50.0	-343.6	30.3	
-26.3	50.0	-292.0	50.0	
-26.3	59.8	-196.0	50.0	
-16.4	74.6	-75.5	54.9	
-21.4	57.4	67.2	54.9	
-26.3	59.8	212.3	47.5	
-23.8	50.0	335.3	64.7	
-21.4	40.1	431.3	45.1	
-14.0	64.7	517.4	35.2	
-6.6	77.0	581.3	54.9	
5.7	69.7	660.1	62.3	
-18.9	64.7	714.2	52.4	
-6.6	59.8	780.6	59.8	
-14.0	62.3	829.8	50.0	
-21.4	57.4	871.6	52.4	
-16.4	54.9	876.5	57.4	
-16.4	45.1	886.4	50.0	
-36.1	54.9	874.1	52.4	
-28.7	40.1	888.8	45.1	
-36.1	37.7	893.8	47.5	
-28.7	52.4	903.6	50.0	
-26.3	45.1	913.4	45.1	
-21.4	47.5	915.9	42.6	
-11.5	37.7	893.8	45.1	
-16.4	45.1	851.9	30.3	
-14.0	40.1	760.9	25.4	
-14.0	47.5	635.5	8.2	
-21.4	30.3	463.3	5.7	
-4.1	47.5	259.1	0.8	
-9.1	52.4	54.9	0.8	
-16.4	42.6	-161.6	-11.5	
-21.4	47.5	-351.0	-18.9	
-18.9	42.6	-476.5	-14.0	
-14.0	47.5	-577.3	-21.4	
-4.1	37.7	-624.1	5.7	
5.7	22.9	-636.4	3.2	
-4.1	35.2	-614.2	-9.1	
-16.4	25.4	-567.5	-21.4	
-1.7	13.1	-513.4	-23.8	
-11.5	0.8	-417.4	-11.5	
3.2	5.7	-326.4	0.8	
0.8	15.5	-237.8	8.2	
0.8	35.2	-176.3	18.0	
-9.1	20.5	-102.5	15.5	
-6.6	3.2	-38.6	-21.4	
-14.0	3.2	18.0	-16.4	
-31.2	13.1	62.3	-41.0	
-23.8	8.2	99.2	-16.4	
-31.2	5.7	138.5	-31.2	
-38.6	22.9	175.4	-33.7	
-23.8	40.1	182.8	-21.4	
-18.9	62.3	165.6	5.7	
-18.9	57.4	175.4	-1.7	
-1.7	50.0	155.8	-9.1	
8.2	74.6	150.8	0.8	
18.0	91.8	148.4	-43.5	
35.2	69.7	148.4	-23.8	
47.5	67.2	138.5	-21.4	
72.1	42.6	145.9	-18.9	
52.4	-14.0	150.8	-23.8	
64.7	-70.6	158.2	-18.9	
50.0	-41.0	160.7	-33.7	
47.5	-36.1	148.4	-55.8	
42.6	-55.8	148.4	-21.4	
18.0	-46.0	123.8	18.0	
-4.1	-36.1	106.6	22.9	
-16.4	-14.0	69.7	30.3	
-21.4	-9.1	57.4	18.0	
-28.7	-38.6	37.7	-18.9	
-36.1	-26.3	20.5	-55.8	
-33.7	-50.9	0.8	-105.0	
-41.0	-31.2	-28.7	-100.1	
-23.8	8.2	-46.0	-38.6	
-1.7	52.4	-53.3	5.7	
3.2	45.1	-65.6	42.6	
13.1	72.1	-90.2	20.5	
32.8	77.0	-75.5	-11.5	
47.5	109.0	-80.4	-36.1	
47.5	91.8	-97.6	-41.0	
54.9	72.1	-107.5	-26.3	
62.3	69.7	-112.4	-1.7	
54.9	42.6	-97.6	-26.3	
54.9	-33.7	-97.6	-14.0	
57.4	-31.2	-85.3	3.2	
59.8	-16.4	-92.7	10.6	
72.1	-36.1	-75.5	0.8	
64.7	-48.4	-41.0	-1.7	
62.3	-100.1	-26.3	5.7	
67.2	-87.8	-9.1	20.5	
77.0	-95.2	-6.6	22.9	
69.7	-134.5	8.2	10.6	
69.7	-146.8	18.0	18.0	
77.0	-149.3	15.5	8.2	
84.4	-164.0	20.5	22.9	
89.3	-191.1	15.5	22.9	
91.8	-188.6	15.5	20.5	
106.6	-176.3	18.0	22.9	
104.1	-156.7	10.6	25.4	
104.1	-132.1	-9.1	35.2	
113.9	-132.1	-31.2	15.5	
116.4	-122.2	-36.1	8.2	
113.9	-105.0	-28.7	-4.1	
131.2	-105.0	-41.0	-11.5	
128.7	-119.8	-50.9	0.8	
136.1	-102.5	-68.1	-6.6	
163.1	-117.3	-70.6	8.2	
187.7	-95.2	-77.9	-4.1	
175.4	-90.2	-75.5	-6.6	
192.7	-65.6	-95.2	-9.1	
200.0	-75.5	-90.2	-21.4	
212.3	-68.1	-92.7	-9.1	
202.5	-48.4	-114.8	-4.1	
217.3	-46.0	-109.9	-4.1	
200.0	-41.0	-122.2	-9.1	
190.2	-21.4	-119.8	-4.1	
165.6	-26.3	-139.4	-28.7	
155.8	-11.5	-129.6	-11.5	
155.8	-9.1	-137.0	-16.4	
138.5	-11.5	-114.8	-11.5	
128.7	-4.1	-100.1	-1.7	
113.9	-4.1	-63.2	-9.1	
101.6	-1.7	-48.4	-6.6	
109.0	-1.7	-21.4	0.8	
109.0	3.2	20.5	5.7	
101.6	-11.5	52.4	5.7	
101.6	-36.1	79.5	0.8	
91.8	-16.4	91.8	-4.1	
96.7	15.5	111.5	-14.0	
79.5	22.9	111.5	-4.1	
79.5	5.7	121.3	0.8	
69.7	18.0	118.9	-6.6	
59.8	35.2	104.1	-23.8	
64.7	32.8	109.0	-6.6	
67.2	27.8	99.2	15.5	
74.6	25.4	89.3	13.1	
69.7	5.7	79.5	-1.7	
67.2	20.5	74.6	-1.7	
69.7	32.8	59.8	0.8	
62.3	20.5	42.6	-6.6	
69.7	13.1	42.6	15.5	
62.3	45.1	32.8	18.0	
67.2	59.8	18.0	15.5	
74.6	37.7	5.7	22.9	
69.7	18.0	-1.7	18.0	
79.5	52.4	0.8	-14.0	
86.9	50.0	3.2	-11.5	
86.9	30.3	10.6	-14.0	
79.5	40.1	0.8	-33.7	
84.4	22.9	-6.6	-9.1	
79.5	-6.6	-23.8	8.2	
67.2	-16.4	-28.7	0.8	
64.7	10.6	-50.9	8.2	
62.3	35.2	-53.3	-16.4	
69.7	-14.0	-77.9	-16.4	
67.2	-31.2	-102.5	18.0	
82.0	-18.9	-97.6	47.5	
64.7	22.9	-119.8	37.7	
74.6	42.6	-122.2	47.5	
64.7	50.0	-127.1	27.8	
72.1	25.4	-137.0	35.2	
69.7	13.1	-154.2	37.7	
69.7	-1.7	-154.2	62.3	
72.1	20.5	-154.2	62.3	
67.2	32.8	-161.6	45.1	
62.3	30.3	-151.7	52.4	
59.8	25.4	-159.1	35.2	
42.6	27.8	-129.6	15.5	
15.5	45.1	-107.5	15.5	
10.6	22.9	-105.0	27.8	
-14.0	-1.7	-102.5	45.1	
-28.7	-23.8	-97.6	62.3	
-38.6	-48.4	-97.6	104.1	
-36.1	-11.5	-63.2	74.6	
-55.8	-26.3	-21.4	64.7	
-53.3	-46.0	25.4	104.1	
-58.3	-48.4	64.7	59.8	
-60.7	-28.7	91.8	47.5	
-75.5	-55.8	113.9	77.0	
-80.4	-38.6	99.2	72.1	
-80.4	-18.9	69.7	84.4	
-92.7	-1.7	20.5	77.0	
-80.4	3.2	-41.0	79.5	
-92.7	15.5	-65.6	89.3	
-100.1	5.7	-124.7	74.6	
-95.2	5.7	-164.0	79.5	
-100.1	8.2	-242.8	109.0	
-109.9	-6.6	-235.4	113.9	
-95.2	-28.7	-220.6	101.6	
-97.6	-41.0	-242.8	113.9	
-107.5	-33.7	-213.2	128.7	
-109.9	-14.0	-191.1	118.9	
-119.8	0.8	-159.1	121.3	
-117.3	3.2	-149.3	104.1	
-119.8	3.2	-134.5	113.9	
-114.8	0.8	-114.8	128.7	
-112.4	13.1	-109.9	118.9	
-107.5	-1.7	-132.1	96.7	
-102.5	8.2	-117.3	89.3	
-102.5	-6.6	-109.9	74.6	
-112.4	-26.3	-114.8	74.6	
-112.4	-28.7	-119.8	77.0	
-100.1	-16.4	-176.3	69.7	
-109.9	-4.1	-306.7	67.2	
-102.5	-4.1	-390.4	52.4	
-97.6	-11.5	-417.4	67.2	
-92.7	-9.1	-407.6	62.3	
-90.2	-16.4	-363.3	59.8	
-90.2	-14.0	-304.3	54.9	
-82.9	0.8	-262.4	59.8	
-85.3	8.2	-218.2	42.6	
-92.7	-1.7	-196.0	37.7	
-85.3	-14.0	-164.0	20.5	
-92.7	-18.9	-127.1	25.4	
-95.2	0.8	-82.9	8.2	
-102.5	-11.5	-60.7	-16.4	
-112.4	-6.6	-58.3	-41.0	
-114.8	-11.5	-63.2	-36.1	
-112.4	-6.6	-73.0	-28.7	
-95.2	-9.1	-65.6	-23.8	
-102.5	-1.7	-68.1	-28.7	
-107.5	-21.4	-46.0	-43.5	
-112.4	-14.0	-58.3	-41.0	
-117.3	-21.4	-58.3	-50.9	
-102.5	-1.7	-33.7	-43.5	
-112.4	-1.7	-26.3	-55.8	
-100.1	-1.7	-16.4	-63.2	
-85.3	0.8	5.7	-80.4	
-90.2	-1.7	-1.7	-68.1	
-80.4	0.8	8.2	-60.7	
-85.3	5.7	10.6	-65.6	
-80.4	5.7	18.0	-70.6	
-82.9	18.0	32.8	-46.0	
-82.9	30.3	37.7	-1.7	
-80.4	40.1	20.5	13.1	
-95.2	52.4	27.8	20.5	
-85.3	54.9	22.9	-9.1	
-75.5	40.1	22.9	-21.4	
-75.5	45.1	27.8	-21.4	
-63.2	45.1	15.5	-55.8	
-63.2	50.0	13.1	-36.1	
-63.2	57.4	-6.6	-55.8	
-60.7	45.1	-21.4	-41.0	
-46.0	37.7	-23.8	-18.9	
-41.0	22.9	-38.6	-77.9	
-41.0	50.0	-55.8	-82.9	
-33.7	89.3	-65.6	-82.9	
-38.6	109.0	-87.8	-68.1	
-18.9	72.1	-117.3	-53.3	
-9.1	64.7	-122.2	-55.8	
-4.1	123.8	-117.3	-43.5	
-9.1	96.7	-114.8	-43.5	
3.2	86.9	-114.8	-48.4	
13.1	82.0	-124.7	-36.1	
13.1	59.8	-124.7	-58.3	
25.4	64.7	-117.3	-58.3	
18.0	52.4	-107.5	-63.2	
25.4	20.5	-92.7	-80.4	
22.9	-4.1	-82.9	-70.6	
30.3	-6.6	-75.5	-68.1	
27.8	-9.1	-63.2	-77.9	
25.4	-6.6	-60.7	-41.0	
40.1	20.5	-73.0	-33.7	
40.1	30.3	-65.6	-33.7	
40.1	37.7	-77.9	-38.6	
45.1	37.7	-92.7	-73.0	
50.0	59.8	-109.9	-73.0	
54.9	64.7	-100.1	-65.6	
50.0	59.8	-107.5	-75.5	
35.2	45.1	-107.5	-109.9	
40.1	35.2	-92.7	-92.7	
30.3	54.9	-95.2	-70.6	
25.4	47.5	-85.3	-50.9	
30.3	52.4	-80.4	-55.8	
25.4	54.9	-58.3	8.2	
37.7	69.7	-65.6	40.1	
27.8	54.9	-70.6	5.7	
22.9	52.4	-65.6	-41.0	
22.9	62.3	-53.3	-43.5	
18.0	64.7	-55.8	-55.8	
25.4	69.7	-43.5	-60.7	
22.9	74.6	-33.7	-43.5	
27.8	54.9	-21.4	-46.0	
22.9	35.2	-6.6	-41.0	
20.5	47.5	13.1	-41.0	
25.4	40.1	32.8	-48.4	
8.2	52.4	50.0	-33.7	
5.7	54.9	62.3	-33.7	
8.2	37.7	50.0	-21.4	
3.2	32.8	54.9	0.8	
-6.6	37.7	54.9	-16.4	
3.2	35.2	52.4	-18.9	
3.2	45.1	47.5	-21.4	
-6.6	32.8	50.0	0.8	
-16.4	32.8	37.7	18.0	
-6.6	35.2	35.2	30.3	
-4.1	27.8	8.2	50.0	
-21.4	37.7	-6.6	10.6	
-31.2	15.5	-16.4	15.5	
-21.4	25.4	-48.4	42.6	
-26.3	30.3	-85.3	50.0	
-11.5	32.8	-92.7	50.0	
-14.0	20.5	-137.0	42.6	
-11.5	22.9	-183.7	101.6	
-6.6	35.2	-198.5	82.0	
-18.9	18.0	-220.6	72.1	
-21.4	20.5	-218.2	118.9	
-16.4	15.5	-230.5	116.4	
-14.0	15.5	-230.5	109.0	
-26.3	32.8	-218.2	91.8	
-33.7	32.8	-210.8	84.4	
-36.1	35.2	-146.8	89.3	
-43.5	27.8	-134.5	62.3	
-23.8	32.8	-117.3	64.7	
-36.1	25.4	-82.9	82.0	
-38.6	27.8	-109.9	77.0	
-38.6	13.1	-129.6	74.6	
-43.5	30.3	-137.0	62.3	
-43.5	42.6	-117.3	82.0	
-41.0	50.0	-102.5	50.0	
-48.4	54.9	-50.9	27.8	
-38.6	47.5	-75.5	18.0	
-36.1	42.6	-117.3	10.6	
-33.7	40.1	-114.8	40.1	
-28.7	35.2	-97.6	42.6	
-33.7	42.6	-75.5	37.7	
-36.1	37.7	-97.6	64.7	
-23.8	35.2	-137.0	52.4	
-26.3	27.8	-264.9	57.4	
8.2	27.8	-316.6	52.4	
-1.7	25.4	-338.7	27.8	
8.2	32.8	-383.0	47.5	
3.2	35.2	-424.8	32.8	
15.5	35.2	-402.7	32.8	
10.6	25.4	-410.0	40.1	
25.4	27.8	-451.9	57.4	
37.7	13.1	-498.6	40.1	
30.3	15.5	-557.6	30.3	
27.8	30.3	-601.9	30.3	
37.7	25.4	-633.9	37.7	
35.2	30.3	-648.7	-16.4	
40.1	32.8	-702.8	-38.6	
35.2	40.1	-798.7	-16.4	
25.4	45.1	-843.0	-9.1	
37.7	50.0	-857.8	-14.0	
27.8	45.1	-818.4	5.7	
32.8	52.4	-776.6	-4.1	
27.8	47.5	-729.8	5.7	
32.8	50.0	-636.4	20.5	
32.8	47.5	-545.3	30.3	
25.4	50.0	-523.2	45.1	
30.3	35.2	-525.7	37.7	
18.0	35.2	-469.1	37.7	
20.5	30.3	-476.5	13.1	
22.9	20.5	-478.9	-9.1	
18.0	18.0	-518.3	15.5	
20.5	20.5	-528.1	-11.5	
3.2	30.3	-496.1	-9.1	
8.2	27.8	-469.1	-4.1	
13.1	42.6	-415.0	-6.6	
8.2	45.1	-353.5	-4.1	
8.2	35.2	-321.5	-11.5	
-4.1	40.1	-274.7	-16.4	
-1.7	42.6	-277.2	-9.1	
-4.1	45.1	-274.7	-1.7	
0.8	54.9	-274.7	-14.0	
10.6	59.8	-282.1	-11.5	
-1.7	74.6	-274.7	-18.9	
10.6	64.7	-173.9	-9.1	
5.7	69.7	-82.9	13.1	
8.2	59.8	-14.0	42.6	
-1.7	42.6	50.0	22.9	
5.7	45.1	133.6	8.2	
15.5	37.7	160.7	0.8	
13.1	30.3	219.7	27.8	
8.2	27.8	273.8	20.5	
3.2	32.8	342.7	18.0	
3.2	32.8	374.7	10.6	
3.2	52.4	377.2	22.9	
-4.1	40.1	389.5	20.5	
-9.1	45.1	431.3	32.8	
3.2	32.8	438.7	27.8	
-4.1	42.6	411.6	3.2	
-6.6	42.6	428.8	0.8	
-1.7	52.4	411.6	-14.0	
-1.7	37.7	399.3	-28.7	
-9.1	57.4	374.7	3.2	
0.8	42.6	325.5	20.5	
-6.6	40.1	377.2	13.1	
-4.1	45.1	404.2	22.9	
-6.6	45.1	399.3	8.2	
5.7	52.4	448.5	0.8	
-9.1	35.2	490.3	25.4	
-6.6	45.1	510.0	35.2	
3.2	18.0	517.4	45.1	
-9.1	27.8	561.7	20.5	
-11.5	25.4	660.1	35.2	
-6.6	40.1	721.6	8.2	
-9.1	52.4	733.9	35.2	
-11.5	20.5	692.0	40.1	
0.8	18.0	645.3	54.9	
0.8	52.4	647.8	40.1	
-14.0	59.8	615.8	27.8	
-14.0	54.9	556.7	32.8	
8.2	59.8	546.9	54.9	
-9.1	69.7	463.3	57.4	
0.8	67.2	347.6	42.6	
0.8	54.9	241.9	25.4	
-1.7	59.8	106.6	-6.6	
10.6	64.7	-31.2	-55.8	
-1.7	64.7	-137.0	-23.8	
8.2	72.1	-203.4	5.7	
15.5	84.4	-282.1	-36.1	
20.5	77.0	-321.5	-46.0	
30.3	69.7	-341.2	-48.4	
27.8	77.0	-287.0	-63.2	
25.4	72.1	-262.4	-48.4	
27.8	86.9	-279.7	-16.4	
25.4	67.2	-284.6	32.8	
22.9	72.1	-289.5	94.3	
32.8	72.1	-299.3	99.2	
25.4	94.3	-277.2	42.6	
15.5	67.2	-203.4	8.2	
13.1	52.4	-127.1	0.8	
15.5	52.4	-92.7	-1.7	
20.5	57.4	-55.8	-1.7	
15.5	62.3	-18.9	15.5	
15.5	74.6	8.2	13.1	
0.8	62.3	15.5	20.5	
-9.1	59.8	27.8	25.4	
-9.1	47.5	50.0	30.3	
-9.1	64.7	67.2	40.1	
-28.7	79.5	72.1	27.8	
-28.7	79.5	62.3	37.7	
-26.3	72.1	89.3	30.3	
-14.0	62.3	82.0	32.8	
-18.9	72.1	54.9	35.2	
-26.3	67.2	50.0	22.9	
-36.1	67.2	77.0	35.2	
-26.3	69.7	82.0	30.3	
-21.4	64.7	89.3	18.0	
-36.1	59.8	84.4	22.9	
-28.7	54.9	84.4	40.1	
-23.8	62.3	59.8	30.3	
-21.4	47.5	50.0	32.8	
-33.7	8.2	50.0	50.0	
-33.7	30.3	18.0	57.4	
-28.7	42.6	10.6	37.7	
-41.0	18.0	-14.0	42.6	
-26.3	22.9	-46.0	57.4	
-28.7	30.3	-48.4	84.4	
-33.7	22.9	-50.9	64.7	
-28.7	18.0	-58.3	54.9	
-33.7	20.5	-48.4	62.3	
-36.1	42.6	-36.1	64.7	
-26.3	47.5	-11.5	62.3	
-36.1	40.1	13.1	50.0	
-23.8	50.0	57.4	45.1	
-18.9	62.3	91.8	32.8	
-18.9	62.3	123.8	27.8	
-21.4	50.0	173.0	25.4	
-21.4	42.6	200.0	25.4	
-26.3	52.4	219.7	27.8	
-16.4	62.3	246.8	-1.7	
-28.7	64.7	276.3	-33.7	
-43.5	67.2	276.3	-53.3	
-28.7	54.9	298.4	-18.9	
-43.5	50.0	315.7	3.2	
-36.1	30.3	332.9	18.0	
-55.8	32.8	332.9	18.0	
-48.4	35.2	345.2	30.3	
-58.3	20.5	332.9	0.8	
-60.7	32.8	318.1	-9.1	
-55.8	25.4	305.8	-9.1	
-68.1	37.7	283.7	-26.3	
-68.1	30.3	273.8	-26.3	
-65.6	35.2	256.6	-23.8	
-77.9	54.9	205.0	-11.5	
-73.0	47.5	170.5	-14.0	
-87.8	50.0	141.0	-21.4	
-97.6	47.5	121.3	-16.4	
-92.7	50.0	104.1	-18.9	
-95.2	54.9	62.3	-21.4	
-85.3	62.3	42.6	-18.9	
-105.0	52.4	10.6	-21.4	
-87.8	57.4	-9.1	-33.7	
-102.5	54.9	-6.6	-33.7	
-90.2	64.7	-23.8	-36.1	
-75.5	57.4	-28.7	-38.6	
-65.6	47.5	-23.8	-43.5	
-63.2	74.6	-23.8	-23.8	
-60.7	47.5	-23.8	-28.7	
-46.0	52.4	-16.4	-18.9	
-36.1	35.2	-14.0	-28.7	
-31.2	32.8	-9.1	-43.5	
-31.2	59.8	-31.2	-38.6	
-28.7	67.2	-21.4	-23.8	
-33.7	57.4	-23.8	-18.9	
-18.9	62.3	-41.0	-28.7	
-23.8	57.4	-38.6	-41.0	
-33.7	67.2	-55.8	-41.0	
-18.9	69.7	-92.7	-28.7	
-16.4	72.1	-92.7	-26.3	
-18.9	62.3	-80.4	-41.0	
-14.0	52.4	-50.9	-33.7	
-21.4	57.4	-33.7	-38.6	
-9.1	54.9	-14.0	-41.0	
-23.8	54.9	-6.6	-41.0	
-16.4	59.8	15.5	-36.1	
-18.9	59.8	54.9	-41.0	
-6.6	52.4	35.2	-53.3	
-6.6	52.4	22.9	-48.4	
-4.1	37.7	30.3	-41.0	
-6.6	57.4	25.4	-50.9	
3.2	47.5	32.8	-43.5	
-1.7	45.1	52.4	-46.0	
0.8	54.9	59.8	-38.6	
-1.7	45.1	84.4	-38.6	
-1.7	25.4	128.7	-36.1	
8.2	27.8	133.6	-41.0	
8.2	32.8	123.8	-48.4	
10.6	27.8	143.5	-85.3	
20.5	42.6	160.7	-36.1	
25.4	22.9	165.6	-21.4	
20.5	27.8	170.5	-38.6	
27.8	27.8	182.8	-18.9	
35.2	40.1	187.7	-9.1	
42.6	37.7	185.3	-1.7	
30.3	42.6	192.7	-31.2	
35.2	62.3	212.3	-21.4	
30.3	52.4	219.7	-31.2	
30.3	40.1	209.9	-33.7	
32.8	50.0	227.1	-38.6	
47.5	64.7	212.3	-11.5	
47.5	86.9	187.7	-23.8	
37.7	77.0	170.5	-9.1	
50.0	86.9	148.4	-1.7	
50.0	74.6	155.8	10.6	
45.1	69.7	158.2	-1.7	
52.4	52.4	158.2	8.2	
47.5	67.2	175.4	-4.1	
54.9	64.7	187.7	-4.1	
47.5	57.4	177.9	-11.5	
27.8	72.1	153.3	-18.9	
47.5	59.8	118.9	-21.4	
37.7	64.7	121.3	-21.4	
27.8	52.4	123.8	0.8	
30.3	57.4	121.3	-4.1	
18.0	67.2	123.8	-31.2	
32.8	59.8	143.5	-21.4	
25.4	57.4	160.7	-4.1	
35.2	47.5	153.3	-1.7	
25.4	42.6	141.0	3.2	
35.2	50.0	143.5	3.2	
25.4	54.9	131.2	-4.1	
18.0	54.9	121.3	0.8	
18.0	47.5	131.2	-4.1	
10.6	40.1	145.9	0.8	
15.5	37.7	145.9	8.2	
18.0	47.5	148.4	-16.4	
18.0	32.8	145.9	-6.6	
18.0	30.3	160.7	-6.6	
8.2	42.6	173.0	-18.9	
22.9	37.7	192.7	-11.5	
30.3	30.3	182.8	-11.5	
32.8	27.8	197.6	-23.8	
47.5	35.2	185.3	-18.9	
47.5	42.6	177.9	-14.0	
50.0	45.1	150.8	-18.9	
52.4	42.6	148.4	-36.1	
57.4	42.6	131.2	-28.7	
57.4	35.2	126.2	-36.1	
57.4	27.8	109.0	-36.1	
59.8	32.8	96.7	-23.8	
59.8	32.8	62.3	-36.1	
62.3	37.7	52.4	-41.0	
57.4	42.6	35.2	-46.0	
64.7	40.1	13.1	-68.1	
67.2	52.4	-6.6	-53.3	
72.1	40.1	-18.9	-55.8	
59.8	42.6	-23.8	-53.3	
62.3	37.7	-43.5	-55.8	
77.0	25.4	-63.2	-38.6	
79.5	22.9	-60.7	-43.5	
57.4	30.3	-73.0	-36.1	
64.7	52.4	-77.9	-38.6	
64.7	27.8	-73.0	-28.7	
72.1	37.7	-65.6	-21.4	
69.7	52.4	-65.6	-23.8	
62.3	37.7	-48.4	-23.8	
45.1	40.1	-48.4	-43.5	
54.9	35.2	-46.0	-43.5	
32.8	32.8	-46.0	-53.3	
18.0	42.6	-43.5	-53.3	
35.2	50.0	-31.2	-43.5	
22.9	42.6	-41.0	-63.2	
18.0	42.6	-60.7	-63.2	
8.2	40.1	-70.6	-53.3	
5.7	40.1	-65.6	-53.3	
5.7	57.4	-33.7	-50.9	
-9.1	52.4	-16.4	-53.3	
-1.7	69.7	-14.0	-48.4	
5.7	72.1	-16.4	-46.0	
-4.1	82.0	-16.4	-38.6	
-4.1	77.0	-11.5	-48.4	
-9.1	69.7	-9.1	-65.6	
0.8	77.0	-4.1	-58.3	
-6.6	62.3	5.7	-46.0	
0.8	67.2	13.1	-38.6	
0.8	77.0	20.5	-55.8	
0.8	79.5	25.4	-50.9	
-6.6	50.0	32.8	-50.9	
-21.4	42.6	35.2	-53.3	
-4.1	40.1	35.2	-55.8	
-18.9	47.5	47.5	-53.3	
-16.4	67.2	77.0	-43.5	
-14.0	91.8	91.8	-43.5	
-11.5	109.0	77.0	-48.4	
-1.7	89.3	89.3	-41.0	
-1.7	86.9	89.3	-33.7	
0.8	96.7	79.5	-31.2	
20.5	84.4	79.5	-36.1	
25.4	64.7	59.8	-23.8	
30.3	40.1	47.5	-14.0	
35.2	57.4	69.7	-1.7	
30.3	42.6	82.0	8.2	
37.7	64.7	52.4	5.7	
42.6	52.4	52.4	8.2	
45.1	54.9	30.3	-1.7	
37.7	64.7	22.9	13.1	
37.7	54.9	18.0	13.1	
54.9	59.8	-11.5	10.6	
69.7	52.4	-28.7	10.6	
52.4	54.9	-38.6	13.1	
64.7	45.1	-41.0	22.9	
45.1	30.3	-58.3	20.5	
52.4	35.2	-58.3	22.9	
52.4	25.4	-55.8	27.8	
47.5	22.9	-68.1	37.7	
37.7	30.3	-36.1	40.1	
42.6	32.8	-36.1	30.3	
47.5	37.7	-28.7	37.7	
52.4	35.2	-33.7	22.9	
37.7	32.8	-33.7	32.8	
67.2	50.0	-38.6	30.3	
52.4	64.7	-53.3	18.0	
59.8	45.1	-46.0	5.7	
59.8	52.4	-68.1	13.1	
59.8	59.8	-77.9	25.4	
62.3	35.2	-73.0	22.9	
64.7	35.2	-68.1	20.5	
67.2	20.5	-63.2	27.8	
69.7	35.2	-43.5	27.8	
67.2	40.1	-46.0	40.1	
74.6	40.1	-33.7	22.9	
64.7	47.5	-28.7	42.6	
62.3	50.0	-16.4	37.7	
62.3	54.9	-9.1	40.1	
57.4	37.7	8.2	52.4	
59.8	35.2	18.0	57.4	
50.0	25.4	40.1	64.7	
52.4	37.7	54.9	64.7	
54.9	30.3	94.3	59.8	
59.8	37.7	116.4	64.7	
54.9	42.6	118.9	72.1	
57.4	45.1	160.7	45.1	
64.7	30.3	170.5	45.1	
54.9	25.4	197.6	42.6	
59.8	45.1	200.0	52.4	
52.4	42.6	212.3	30.3	
50.0	40.1	207.4	37.7	
54.9	42.6	217.3	40.1	
67.2	42.6	209.9	45.1	
50.0	45.1	185.3	47.5	
45.1	35.2	155.8	50.0	
50.0	42.6	113.9	45.1	
40.1	37.7	74.6	25.4	
42.6	32.8	20.5	22.9	
40.1	47.5	-14.0	27.8	
40.1	42.6	-48.4	22.9	
45.1	42.6	-80.4	18.0	
32.8	25.4	-137.0	20.5	
32.8	10.6	-173.9	22.9	
27.8	-4.1	-213.2	25.4	
27.8	27.8	-223.1	22.9	
27.8	42.6	-220.6	27.8	
27.8	18.0	-225.5	27.8	
30.3	32.8	-215.7	45.1	
8.2	40.1	-203.4	62.3	
10.6	32.8	-188.6	69.7	
8.2	69.7	-156.7	79.5	
5.7	91.8	-141.9	69.7	
-9.1	86.9	-119.8	77.0	
5.7	74.6	-109.9	82.0	
-1.7	62.3	-105.0	89.3	
-9.1	37.7	-95.2	89.3	
-11.5	25.4	-97.6	84.4	
-1.7	32.8	-92.7	91.8	
-6.6	35.2	-68.1	96.7	
-6.6	25.4	-58.3	101.6	
-1.7	20.5	-48.4	106.6	
0.8	3.2	-33.7	111.5	
-6.6	8.2	-18.9	99.2	
-1.7	18.0	-6.6	99.2	
-11.5	40.1	-6.6	101.6	
-11.5	45.1	-1.7	94.3	
-18.9	47.5	13.1	74.6	
-14.0	47.5	32.8	72.1	
-31.2	50.0	42.6	77.0	
-21.4	27.8	52.4	54.9	
-23.8	20.5	74.6	40.1	
-28.7	22.9	91.8	32.8	
-33.7	13.1	118.9	25.4	
-21.4	10.6	128.7	10.6	
-23.8	30.3	158.2	-6.6	
-14.0	77.0	180.4	-11.5	
-14.0	69.7	195.1	-14.0	
-18.9	82.0	205.0	-16.4	
-18.9	79.5	214.8	-6.6	
-26.3	59.8	232.0	-11.5	
-18.9	62.3	224.6	13.1	
-21.4	59.8	212.3	0.8	
3.2	62.3	177.9	15.5	
-4.1	57.4	123.8	5.7	
-6.6	69.7	82.0	-14.0	
-1.7	54.9	37.7	-9.1	
-1.7	40.1	-11.5	-1.7	
-21.4	37.7	-58.3	0.8	
-28.7	18.0	-92.7	18.0	
-18.9	18.0	-139.4	20.5	
-23.8	37.7	-166.5	3.2	
-28.7	25.4	-237.8	8.2	
-28.7	27.8	-277.2	27.8	
-31.2	47.5	-328.9	32.8	
-36.1	50.0	-412.5	45.1	
-43.5	54.9	-525.7	35.2	
-31.2	42.6	-633.9	54.9	
-38.6	57.4	-749.5	62.3	
-48.4	54.9	-870.1	67.2	
-53.3	62.3	-988.1	62.3	
-55.8	37.7	-1039.8	79.5	
-63.2	45.1	-1096.4	79.5	
-75.5	42.6	-1148.0	82.0	
-80.4	40.1	-1172.6	84.4	
-90.2	37.7	-1199.7	79.5	
-100.1	27.8	-1207.1	82.0	
-100.1	30.3	-1204.6	77.0	
-107.5	13.1	-1231.7	82.0	
-122.2	0.8	-1285.8	79.5	
-117.3	8.2	-1349.8	82.0	
-117.3	45.1	-1430.9	69.7	
-134.5	57.4	-1492.4	64.7	
-119.8	62.3	-1522.0	72.1	
-109.9	59.8	-1497.4	77.0	
-127.1	59.8	-1371.9	67.2	
-129.6	45.1	-1170.2	62.3	
-141.9	47.5	-1017.7	64.7	
-129.6	67.2	-897.1	72.1	
-129.6	59.8	-742.1	82.0	
-144.4	42.6	-614.2	74.6	
-149.3	37.7	-444.5	77.0	
-149.3	20.5	-235.4	50.0	
-154.2	22.9	-60.7	40.1	
-159.1	8.2	82.0	35.2	
-154.2	42.6	224.6	20.5	
-149.3	40.1	296.0	10.6	
-141.9	45.1	421.4	0.8	
-129.6	32.8	433.7	-21.4	
-124.7	35.2	453.4	-14.0	
-107.5	32.8	487.9	-26.3	
-100.1	52.4	542.0	-23.8	
-82.9	45.1	571.5	-28.7	
-63.2	40.1	625.6	-18.9	
-58.3	42.6	623.2	-46.0	
-58.3	77.0	578.9	-46.0	
-63.2	57.4	537.1	-28.7	
-65.6	52.4	463.3	-48.4	
-50.9	52.4	382.1	-53.3	
-38.6	54.9	337.8	-68.1	
-43.5	42.6	286.1	-87.8	
-46.0	37.7	244.3	-70.6	
-36.1	20.5	229.6	-68.1	
-28.7	35.2	197.6	-65.6	
-41.0	37.7	192.7	-80.4	
-48.4	35.2	180.4	-90.2	
-43.5	25.4	180.4	-95.2	
-36.1	35.2	175.4	-107.5	
-55.8	35.2	165.6	-112.4	
-50.9	37.7	165.6	-129.6	
-50.9	32.8	177.9	-151.7	
-50.9	42.6	222.2	-159.1	
-33.7	35.2	254.2	-164.0	
-31.2	50.0	305.8	-171.4	
-23.8	69.7	345.2	-176.3	
-28.7	62.3	387.0	-171.4	
-31.2	42.6	426.4	-161.6	
-21.4	47.5	455.9	-154.2	
-11.5	37.7	485.4	-119.8	
3.2	30.3	492.8	-112.4	
3.2	32.8	497.7	-107.5	
13.1	35.2	539.5	-109.9	
20.5	20.5	561.7	-100.1	
15.5	18.0	586.3	-95.2	
30.3	27.8	630.5	-80.4	
27.8	20.5	694.5	-80.4	
30.3	40.1	721.6	-68.1	
8.2	50.0	753.5	-58.3	
18.0	42.6	797.8	-53.3	
5.7	42.6	842.1	-63.2	
15.5	45.1	891.3	-60.7	
27.8	52.4	938.0	-58.3	
32.8	45.1	979.9	-63.2	
37.7	35.2	1006.9	-68.1	
47.5	18.0	1021.7	-65.6	
54.9	22.9	1034.0	-65.6	
57.4	32.8	1051.2	-60.7	
59.8	35.2	1061.0	-75.5	
72.1	30.3	1083.2	-55.8	
69.7	47.5	1120.1	-68.1	
82.0	45.1	1159.4	-55.8	
69.7	42.6	1218.5	-55.8	
64.7	52.4	1282.4	-63.2	
59.8	32.8	1329.2	-77.9	
67.2	27.8	1375.9	-75.5	
59.8	45.1	1412.8	-70.6	
62.3	27.8	1442.3	-75.5	
50.0	40.1	1479.2	-77.9	
47.5	37.7	1484.2	-100.1	
40.1	32.8	1444.8	-90.2	
42.6	47.5	1380.8	-65.6	
42.6	30.3	1257.8	-60.7	
22.9	50.0	1161.9	-70.6	
8.2	47.5	1038.9	-73.0	
3.2	27.8	915.9	-80.4	
8.2	40.1	824.9	-75.5	
-6.6	50.0	800.3	-87.8	
-11.5	22.9	726.5	-90.2	
-14.0	8.2	756.0	-82.9	
-18.9	8.2	797.8	-90.2	
-18.9	5.7	856.9	-77.9	
-11.5	20.5	876.5	-80.4	
-14.0	52.4	933.1	-75.5	
-9.1	52.4	974.9	-65.6	
-16.4	45.1	1024.1	-68.1	
-6.6	37.7	1061.0	-77.9	
-1.7	32.8	1046.3	-73.0	
-11.5	25.4	1041.4	-82.9	
-9.1	52.4	1058.6	-87.8	
-14.0	40.1	1120.1	-92.7	
-11.5	40.1	1230.8	-75.5	
-9.1	47.5	1292.3	-65.6	
-4.1	50.0	1400.5	-41.0	
3.2	72.1	1594.9	-38.6	
0.8	54.9	1767.1	-50.9	
-4.1	47.5	1885.1	-53.3	
-6.6	52.4	2005.7	-55.8	
-6.6	40.1	2187.7	-43.5	
3.2	10.6	2357.5	-33.7	
3.2	0.8	2259.1	-50.9	
13.1	-23.8	1848.2	-31.2	
22.9	-36.1	1319.3	-31.2	
37.7	-31.2	1011.8	-14.0	
30.3	-28.7	672.4	-6.6	
37.7	-23.8	347.6	5.7	
50.0	-18.9	101.6	10.6	
42.6	-33.7	-137.0	22.9	
45.1	-23.8	-287.0	22.9	
57.4	-14.0	-432.2	22.9	
67.2	3.2	-601.9	32.8	
74.6	8.2	-697.9	57.4	
82.0	22.9	-749.5	59.8	
82.0	20.5	-803.6	67.2	
84.4	25.4	-887.3	69.7	
77.0	32.8	-953.7	77.0	
69.7	40.1	-1012.7	91.8	
74.6	42.6	-1089.0	86.9	
74.6	37.7	-1135.7	79.5	
79.5	35.2	-1123.4	99.2	
84.4	37.7	-1128.4	104.1	
84.4	35.2	-1116.1	116.4	
84.4	37.7	-1027.5	123.8	
94.3	25.4	-948.8	111.5	
86.9	32.8	-919.3	113.9	
82.0	35.2	-820.9	101.6	
72.1	32.8	-774.1	106.6	
67.2	30.3	-739.7	106.6	
62.3	40.1	-705.2	101.6	
59.8	50.0	-742.1	84.4	
50.0	32.8	-734.8	72.1	
59.8	35.2	-673.3	79.5	
52.4	25.4	-665.9	79.5	
52.4	22.9	-651.1	79.5	
42.6	-4.1	-670.8	59.8	
45.1	-18.9	-648.7	62.3	
35.2	-28.7	-695.4	57.4	
32.8	3.2	-700.3	59.8	
47.5	13.1	-715.1	57.4	
52.4	13.1	-776.6	50.0	
54.9	15.5	-764.3	35.2	
50.0	3.2	-779.0	25.4	
69.7	-21.4	-828.2	25.4	
74.6	0.8	-813.5	25.4	
72.1	-16.4	-791.3	15.5	
67.2	-16.4	-771.7	8.2	
72.1	-1.7	-752.0	-14.0	
67.2	-9.1	-727.4	-21.4	
86.9	0.8	-707.7	-38.6	
77.0	-9.1	-663.4	-38.6	
72.1	10.6	-643.7	-33.7	
67.2	3.2	-629.0	-50.9	
57.4	5.7	-619.1	-46.0	
47.5	8.2	-609.3	-38.6	
50.0	-4.1	-661.0	-41.0	
54.9	-21.4	-1226.8	-63.2	
40.1	-6.6	-1549.0	-60.7	
32.8	-6.6	-1684.3	-75.5	
25.4	3.2	-1721.2	-65.6	
32.8	-9.1	-1669.6	-48.4	
30.3	-11.5	-1593.3	-55.8	
45.1	-6.6	-1512.1	-77.9	
35.2	8.2	-1401.4	-73.0	
35.2	18.0	-1290.7	-63.2	
40.1	18.0	-1207.1	-55.8	
42.6	22.9	-1084.1	-58.3	
47.5	27.8	-993.1	-53.3	
47.5	10.6	-892.2	-33.7	
59.8	5.7	-808.6	-28.7	
52.4	-6.6	-715.1	-23.8	
57.4	-21.4	-621.6	-6.6	
59.8	-38.6	-540.4	-1.7	
52.4	-21.4	-464.2	-1.7	
47.5	5.7	-390.4	8.2	
45.1	15.5	-319.0	25.4	
54.9	35.2	-252.6	20.5	
45.1	54.9	-186.2	10.6	
50.0	25.4	-122.2	20.5	
45.1	27.8	-68.1	30.3	
50.0	27.8	-11.5	13.1	
42.6	18.0	42.6	5.7	
40.1	30.3	109.0	5.7	
42.6	18.0	168.1	22.9	
42.6	20.5	190.2	30.3	
45.1	18.0	175.4	18.0	
52.4	8.2	163.1	32.8	
40.1	13.1	136.1	30.3	
37.7	22.9	131.2	42.6	
27.8	8.2	133.6	27.8	
25.4	8.2	123.8	32.8	
42.6	8.2	121.3	5.7	
27.8	20.5	133.6	-36.1	
32.8	27.8	145.9	-48.4	
30.3	37.7	145.9	-58.3	
35.2	35.2	123.8	-36.1	
45.1	45.1	131.2	-4.1	
45.1	52.4	128.7	20.5	
32.8	40.1	138.5	42.6	
32.8	40.1	123.8	40.1	
42.6	47.5	116.4	32.8	
37.7	54.9	141.0	32.8	
37.7	42.6	133.6	35.2	
40.1	47.5	128.7	20.5	
47.5	32.8	138.5	30.3	
40.1	45.1	138.5	40.1	
42.6	50.0	136.1	32.8	
50.0	59.8	145.9	30.3	
54.9	40.1	141.0	54.9	
52.4	50.0	138.5	57.4	
57.4	47.5	133.6	40.1	
50.0	37.7	111.5	27.8	
40.1	42.6	99.2	50.0	
47.5	54.9	111.5	52.4	
50.0	45.1	109.0	86.9	
47.5	47.5	123.8	82.0	
40.1	72.1	91.8	47.5	
40.1	69.7	89.3	18.0	
35.2	57.4	111.5	0.8	
37.7	37.7	175.4	47.5	
30.3	52.4	229.6	47.5	
22.9	77.0	232.0	27.8	
35.2	126.2	264.0	0.8	
35.2	118.9	286.1	-16.4	
25.4	79.5	315.7	-11.5	
18.0	45.1	298.4	18.0	
27.8	57.4	293.5	-14.0	
30.3	52.4	271.4	-43.5	
25.4	67.2	246.8	-31.2	
20.5	86.9	209.9	-26.3	
37.7	84.4	177.9	-33.7	
25.4	79.5	155.8	-36.1	
20.5	79.5	128.7	-41.0	
30.3	64.7	128.7	-28.7	
32.8	74.6	136.1	-9.1	
25.4	62.3	126.2	-11.5	
32.8	77.0	111.5	0.8	
15.5	67.2	99.2	10.6	
30.3	52.4	62.3	13.1	
27.8	62.3	54.9	40.1	
30.3	50.0	40.1	52.4	
15.5	42.6	27.8	54.9	
25.4	52.4	0.8	54.9	
30.3	45.1	-16.4	57.4	
32.8	54.9	-28.7	67.2	
30.3	47.5	-48.4	77.0	
27.8	47.5	-33.7	69.7	
25.4	45.1	-55.8	69.7	
30.3	42.6	-48.4	86.9	
30.3	50.0	-48.4	89.3	
40.1	42.6	-43.5	99.2	
25.4	54.9	-31.2	94.3	
35.2	59.8	-33.7	86.9	
25.4	42.6	-9.1	82.0	
47.5	47.5	-23.8	94.3	
37.7	50.0	-26.3	89.3	
25.4	32.8	-38.6	106.6	
35.2	42.6	-36.1	113.9	
37.7	27.8	-33.7	123.8	
30.3	32.8	-36.1	109.0	
30.3	35.2	-31.2	121.3	
25.4	22.9	-36.1	104.1	
15.5	27.8	-33.7	101.6	
25.4	30.3	-16.4	82.0	
10.6	62.3	-4.1	67.2	
13.1	50.0	3.2	57.4	
20.5	52.4	0.8	52.4	
22.9	42.6	20.5	42.6	
20.5	22.9	42.6	45.1	
25.4	27.8	69.7	54.9	
15.5	30.3	77.0	47.5	
27.8	47.5	82.0	45.1	
20.5	27.8	82.0	25.4	
30.3	27.8	84.4	22.9	
25.4	30.3	84.4	47.5	
20.5	30.3	82.0	59.8	
18.0	18.0	94.3	82.0	
13.1	5.7	94.3	82.0	
13.1	-4.1	62.3	84.4	
15.5	-1.7	59.8	106.6	
22.9	15.5	42.6	113.9	
13.1	10.6	45.1	109.0	
25.4	0.8	64.7	118.9	
25.4	-11.5	77.0	106.6	
8.2	-14.0	121.3	106.6	
15.5	0.8	123.8	111.5	
22.9	-1.7	121.3	99.2	
25.4	-1.7	126.2	89.3	
15.5	-21.4	121.3	91.8	
18.0	-21.4	121.3	86.9	
22.9	-6.6	150.8	69.7	
22.9	-6.6	123.8	69.7	
22.9	8.2	113.9	54.9	
40.1	25.4	128.7	45.1	
18.0	13.1	72.1	50.0	
35.2	27.8	20.5	40.1	
35.2	27.8	-16.4	32.8	
37.7	40.1	-36.1	27.8	
45.1	64.7	15.5	18.0	
32.8	59.8	57.4	25.4	
45.1	62.3	40.1	25.4	
35.2	32.8	52.4	30.3	
22.9	25.4	20.5	22.9	
30.3	35.2	30.3	20.5	
32.8	32.8	20.5	15.5	
22.9	40.1	-14.0	15.5	
32.8	32.8	-63.2	22.9	
32.8	57.4	-141.9	20.5	
42.6	59.8	-132.1	32.8	
37.7	64.7	-188.6	22.9	
47.5	45.1	-269.8	20.5	
32.8	42.6	-230.5	22.9	
35.2	52.4	-188.6	15.5	
37.7	40.1	-161.6	18.0	
32.8	42.6	-304.3	30.3	
25.4	59.8	-370.7	32.8	
32.8	52.4	-267.4	20.5	
30.3	79.5	-328.9	18.0	
27.8	77.0	-422.3	27.8	
40.1	54.9	-451.9	27.8	
50.0	67.2	-619.1	25.4	
35.2	79.5	-1438.3	27.8	
45.1	69.7	-1777.8	20.5	
37.7	69.7	-1585.9	18.0	
40.1	72.1	-1221.8	18.0	
40.1	67.2	-1076.7	18.0	
45.1	67.2	-1017.7	5.7	
32.8	82.0	-911.9	10.6	
37.7	72.1	-830.7	8.2	
35.2	64.7	-744.6	8.2	
37.7	79.5	-729.8	3.2	
27.8	64.7	-668.3	-4.1	
27.8	59.8	-567.5	-4.1	
22.9	57.4	-491.2	-4.1	
8.2	54.9	-451.9	-9.1	
15.5	74.6	-415.0	-4.1	
-4.1	82.0	-373.1	-11.5	
5.7	91.8	-653.6	-6.6	
13.1	84.4	-1637.6	-9.1	
13.1	89.3	-1187.4	-11.5	
15.5	82.0	-1015.2	-11.5	
27.8	74.6	-840.5	-6.6	
22.9	64.7	-715.1	0.8	
27.8	59.8	-601.9	-6.6	
25.4	59.8	-547.8	-14.0	
18.0	74.6	-496.1	-14.0	
37.7	84.4	-501.1	-14.0	
30.3	77.0	-510.9	-11.5	
37.7	74.6	-446.9	-4.1	
32.8	67.2	-365.8	3.2	
52.4	62.3	-299.3	-11.5	
47.5	52.4	-242.8	-9.1	
52.4	69.7	-215.7	0.8	
35.2	79.5	-223.1	-6.6	
32.8	67.2	-314.1	3.2	
40.1	64.7	-385.4	5.7	
37.7	79.5	-343.6	3.2	
30.3	84.4	-287.0	3.2	
35.2	86.9	-230.5	-1.7	
35.2	79.5	-181.3	5.7	
32.8	62.3	-139.4	20.5	
25.4	32.8	-21.4	15.5	
25.4	10.6	32.8	0.8	
20.5	10.6	-105.0	3.2	
13.1	15.5	-242.8	-1.7	
15.5	18.0	-422.3	0.8	
8.2	13.1	-592.1	25.4	
-1.7	-4.1	-788.9	10.6	
0.8	-21.4	-889.7	-11.5	
5.7	-16.4	-902.0	5.7	
5.7	-4.1	-737.2	27.8	
8.2	13.1	-363.3	3.2	
25.4	35.2	27.8	-18.9	
22.9	25.4	310.7	-14.0	
35.2	5.7	453.4	-28.7	
25.4	-1.7	507.5	-21.4	
40.1	27.8	480.5	0.8	
42.6	27.8	414.1	5.7	
42.6	32.8	291.1	32.8	
32.8	27.8	126.2	37.7	
30.3	18.0	10.6	45.1	
35.2	45.1	-21.4	22.9	
37.7	42.6	-82.9	10.6	
42.6	59.8	-119.8	-1.7	
50.0	30.3	-107.5	3.2	
50.0	52.4	-100.1	3.2	
50.0	37.7	-87.8	27.8	
54.9	32.8	-97.6	-1.7	
50.0	37.7	-127.1	-9.1	
52.4	22.9	-176.3	-4.1	
54.9	35.2	-156.7	-33.7	
64.7	42.6	-119.8	-48.4	
54.9	37.7	-36.1	-6.6	
59.8	52.4	18.0	0.8	
45.1	69.7	94.3	0.8	
52.4	57.4	128.7	-6.6	
54.9	72.1	175.4	-16.4	
52.4	54.9	177.9	-28.7	
54.9	59.8	190.2	-33.7	
59.8	67.2	200.0	-31.2	
57.4	52.4	182.8	-11.5	
47.5	47.5	207.4	-9.1	
47.5	62.3	246.8	-16.4	
57.4	62.3	273.8	-6.6	
52.4	74.6	288.6	-1.7	
52.4	84.4	318.1	-21.4	
37.7	96.7	342.7	5.7	
47.5	113.9	355.0	15.5	
57.4	99.2	335.3	10.6	
59.8	72.1	340.3	-18.9	
59.8	74.6	335.3	-21.4	
52.4	79.5	320.6	-14.0	
50.0	91.8	345.2	-21.4	
42.6	94.3	323.0	-16.4	
45.1	116.4	323.0	-31.2	
40.1	96.7	325.5	-33.7	
30.3	111.5	305.8	-36.1	
32.8	116.4	320.6	-21.4	
22.9	101.6	296.0	-31.2	
18.0	109.0	273.8	-28.7	
5.7	104.1	278.8	-33.7	
0.8	116.4	291.1	-9.1	
0.8	118.9	303.4	-28.7	
-4.1	116.4	318.1	-28.7	
-11.5	84.4	300.9	-26.3	
-11.5	91.8	298.4	-21.4	
-6.6	82.0	268.9	-23.8	
-11.5	64.7	273.8	-21.4	
-23.8	42.6	273.8	-18.9	
-26.3	64.7	251.7	-16.4	
-21.4	52.4	264.0	-18.9	
-26.3	25.4	246.8	-14.0	
-14.0	20.5	254.2	-1.7	
-26.3	5.7	278.8	-6.6	
-33.7	0.8	288.6	-6.6	
-31.2	5.7	283.7	13.1	
-28.7	3.2	278.8	27.8	
-16.4	-28.7	278.8	20.5	
-11.5	-18.9	256.6	15.5	
-16.4	-4.1	224.6	32.8	
-11.5	-21.4	185.3	18.0	
-4.1	-46.0	163.1	8.2	
15.5	-48.4	138.5	18.0	
20.5	-33.7	111.5	42.6	
27.8	-33.7	59.8	54.9	
45.1	-48.4	138.5	40.1	
40.1	-53.3	150.8	67.2	
54.9	-48.4	155.8	69.7	
67.2	-43.5	224.6	57.4	
69.7	-43.5	241.9	45.1	
67.2	-33.7	259.1	25.4	
79.5	-41.0	261.5	-1.7	
94.3	-60.7	273.8	-6.6	
99.2	-75.5	286.1	0.8	
106.6	-73.0	296.0	-18.9	
121.3	-80.4	318.1	-23.8	
123.8	-97.6	337.8	-23.8	
131.2	-90.2	347.6	-18.9	
128.7	-105.0	364.9	-48.4	
118.9	-107.5	379.6	-70.6	
121.3	-105.0	389.5	-46.0	
111.5	-70.6	382.1	-28.7	
128.7	-53.3	374.7	-23.8	
126.2	-70.6	377.2	-21.4	
118.9	-82.9	352.6	-50.9	
111.5	-92.7	315.7	-60.7	
109.0	-85.3	291.1	-14.0	
104.1	-82.9	271.4	5.7	
96.7	-55.8	273.8	-21.4	
94.3	-63.2	286.1	-28.7	
82.0	-65.6	320.6	-23.8	
69.7	-58.3	320.6	5.7	
47.5	-68.1	328.0	5.7	
42.6	-70.6	288.6	-6.6	
50.0	-75.5	268.9	-14.0	
40.1	-77.9	283.7	-1.7	
45.1	-46.0	288.6	5.7	
25.4	-58.3	293.5	8.2	
25.4	-41.0	318.1	-1.7	
25.4	-75.5	320.6	0.8	
13.1	-65.6	315.7	5.7	
15.5	-75.5	320.6	15.5	
18.0	-68.1	332.9	42.6	
30.3	-80.4	310.7	32.8	
22.9	-90.2	298.4	8.2	
32.8	-97.6	303.4	27.8	
25.4	-77.9	298.4	47.5	
27.8	-87.8	313.2	45.1	
27.8	-85.3	305.8	40.1	
25.4	-82.9	288.6	32.8	
10.6	-80.4	271.4	10.6	
-1.7	-73.0	249.2	27.8	
-9.1	-68.1	251.7	74.6	
0.8	-55.8	244.3	57.4	
-6.6	-60.7	224.6	32.8	
3.2	-53.3	214.8	32.8	
3.2	-48.4	197.6	59.8	
5.7	-43.5	177.9	47.5	
-9.1	-38.6	182.8	35.2	
0.8	-33.7	175.4	37.7	
-4.1	-36.1	296.0	18.0	
3.2	-9.1	318.1	35.2	
5.7	-28.7	276.3	37.7	
3.2	-18.9	236.9	35.2	
8.2	-18.9	222.2	54.9	
15.5	-11.5	187.7	67.2	
18.0	-26.3	148.4	67.2	
15.5	-28.7	121.3	62.3	
15.5	-41.0	168.1	40.1	
18.0	-33.7	214.8	45.1	
8.2	-46.0	236.9	54.9	
-4.1	-53.3	219.7	42.6	
-1.7	-68.1	202.5	40.1	
-14.0	-50.9	190.2	40.1	
-6.6	-60.7	160.7	57.4	
-26.3	-53.3	128.7	69.7	
-28.7	-65.6	128.7	72.1	
-18.9	-43.5	101.6	72.1	
-18.9	-58.3	74.6	74.6	
-21.4	-46.0	67.2	82.0	
-28.7	-55.8	37.7	84.4	
-36.1	-43.5	42.6	74.6	
-28.7	-53.3	35.2	72.1	
-18.9	-73.0	47.5	72.1	
-28.7	-28.7	64.7	79.5	
-28.7	-33.7	106.6	89.3	
-18.9	-53.3	148.4	77.0	
-14.0	-68.1	187.7	62.3	
0.8	-26.3	264.0	30.3	
-9.1	-14.0	315.7	32.8	
8.2	-4.1	320.6	67.2	
3.2	-1.7	369.8	79.5	
15.5	-4.1	404.2	64.7	
20.5	-11.5	391.9	45.1	
27.8	-48.4	389.5	37.7	
30.3	-50.9	379.6	37.7	
42.6	-38.6	414.1	67.2	
42.6	-28.7	419.0	104.1	
32.8	-41.0	419.0	128.7	
54.9	-41.0	487.9	109.0	
47.5	-16.4	529.7	96.7	
64.7	-14.0	527.2	84.4	
62.3	-11.5	519.8	62.3	
69.7	-1.7	569.0	37.7	
64.7	3.2	593.6	35.2	
79.5	5.7	618.2	54.9	
91.8	8.2	642.8	40.1	
84.4	-6.6	650.2	32.8	
86.9	-21.4	677.3	20.5	
89.3	-9.1	687.1	-9.1	
91.8	-4.1	704.3	-11.5	
99.2	-9.1	709.3	-6.6	
82.0	0.8	692.0	3.2	
86.9	27.8	682.2	-14.0	
77.0	22.9	655.1	-28.7	
62.3	40.1	591.2	-38.6	
54.9	30.3	561.7	-38.6	
42.6	25.4	519.8	-33.7	
35.2	35.2	480.5	-18.9	
20.5	50.0	448.5	-11.5	
13.1	45.1	416.5	-36.1	
-11.5	54.9	377.2	-31.2	
-26.3	54.9	342.7	-16.4	
-31.2	50.0	323.0	-26.3	
-38.6	27.8	305.8	-18.9	
-41.0	45.1	296.0	-9.1	
-53.3	72.1	291.1	-28.7	
-80.4	64.7	281.2	-14.0	
-68.1	37.7	271.4	-14.0	
-82.9	32.8	241.9	-9.1	
-77.9	5.7	212.3	-50.9	
-92.7	-18.9	192.7	-85.3	
-107.5	-1.7	165.6	-6.6	
-114.8	-11.5	145.9	22.9	
-109.9	-18.9	131.2	-9.1	
-109.9	-21.4	106.6	-33.7	
-105.0	10.6	84.4	-58.3	
-107.5	30.3	40.1	-16.4	
-102.5	15.5	-4.1	40.1	
-102.5	27.8	0.8	35.2	
-102.5	22.9	22.9	3.2	
-95.2	15.5	27.8	-1.7	
-100.1	3.2	47.5	5.7	
-90.2	5.7	72.1	-23.8	
-100.1	5.7	74.6	-6.6	
-73.0	-6.6	79.5	-4.1	
-95.2	-1.7	84.4	0.8	
-73.0	-4.1	106.6	10.6	
-85.3	-6.6	138.5	13.1	
-70.6	-11.5	170.5	22.9	
-68.1	3.2	180.4	0.8	
-55.8	10.6	249.2	0.8	
-58.3	8.2	293.5	-4.1	
-48.4	3.2	362.4	-31.2	
-46.0	13.1	446.0	-18.9	
-46.0	10.6	551.8	20.5	
-36.1	5.7	635.5	-6.6	
-41.0	15.5	674.8	32.8	
-21.4	20.5	652.7	59.8	
-16.4	15.5	763.4	69.7	
-14.0	18.0	834.7	18.0	
-4.1	25.4	851.9	45.1	
-9.1	22.9	883.9	35.2	
-9.1	22.9	864.2	22.9	
3.2	13.1	820.0	0.8	
8.2	18.0	765.8	10.6	
15.5	30.3	724.0	62.3	
8.2	47.5	665.0	62.3	
8.2	47.5	601.0	50.0	
10.6	54.9	546.9	52.4	
13.1	52.4	490.3	57.4	
8.2	45.1	441.1	50.0	
-1.7	67.2	404.2	35.2	
0.8	57.4	377.2	18.0	
-4.1	47.5	394.4	32.8	
0.8	64.7	414.1	22.9	
-6.6	62.3	443.6	45.1	
-14.0	77.0	478.0	40.1	
-14.0	86.9	537.1	57.4	
-6.6	91.8	625.6	62.3	
-16.4	99.2	721.6	64.7	
-11.5	86.9	839.6	94.3	
-21.4	86.9	935.6	96.7	
-11.5	89.3	1073.3	82.0	
-18.9	67.2	1216.0	35.2	
-21.4	64.7	1385.8	25.4	
-26.3	57.4	1535.8	15.5	
-23.8	32.8	1671.1	32.8	
-41.0	35.2	1801.5	13.1	
-23.8	42.6	1882.7	32.8	
-23.8	64.7	1909.7	69.7	
-41.0	77.0	1838.4	47.5	
-48.4	77.0	1668.7	25.4	
-55.8	67.2	1449.7	13.1	
-38.6	59.8	1193.9	3.2	
-48.4	62.3	908.5	-9.1	
-48.4	52.4	628.1	-9.1	
-46.0	45.1	374.7	-6.6	
-53.3	25.4	123.8	-14.0	
-38.6	32.8	-119.8	-14.0	
-38.6	30.3	-294.4	-4.1	
-18.9	25.4	-449.4	-46.0	
-6.6	35.2	-565.0	-31.2	
-26.3	32.8	-643.7	-33.7	
-31.2	25.4	-747.1	-31.2	
-58.3	37.7	-761.8	-36.1	
-70.6	27.8	-756.9	-55.8	
-77.9	20.5	-761.8	-58.3	
-87.8	5.7	-742.1	-60.7	
-92.7	-1.7	-784.0	-46.0	
-97.6	-9.1	-855.3	-18.9	
-92.7	3.2	-970.9	-41.0	
-102.5	8.2	-1133.3	-31.2	
-87.8	8.2	-1342.4	-28.7	
-95.2	13.1	-1608.1	-18.9	
-73.0	35.2	-1920.5	-31.2	
-77.9	57.4	-2230.4	-55.8	
-41.0	67.2	-2501.0	-73.0	
-53.3	69.7	-2621.6	-50.9	
-43.5	40.1	-2579.8	-46.0	
-33.7	35.2	-2392.8	-36.1	
-28.7	22.9	-2178.8	-9.1	
-6.6	30.3	-1952.5	-26.3	
-16.4	42.6	-1775.3	-18.9	
-4.1	35.2	-1625.3	-31.2	
5.7	27.8	-1509.7	-16.4	
3.2	10.6	-1435.9	25.4	
8.2	5.7	-1337.5	27.8	
3.2	18.0	-1258.7	-11.5	
0.8	37.7	-1153.0	-6.6	
5.7	62.3	-1020.1	-1.7	
-11.5	52.4	-847.9	-50.9	
-11.5	45.1	-675.7	-41.0	
-11.5	69.7	-498.6	-4.1	
-21.4	72.1	-348.5	0.8	
-38.6	84.4	-277.2	-23.8	
-28.7	84.4	-210.8	-38.6	
-23.8	72.1	-203.4	-43.5	
-11.5	69.7	-203.4	-70.6	
-14.0	54.9	-250.1	-21.4	
-26.3	69.7	-323.9	13.1	
-14.0	79.5	-375.6	-11.5	
-1.7	79.5	-422.3	-28.7	
-1.7	84.4	-503.5	-33.7	
0.8	84.4	-562.6	-80.4	
13.1	89.3	-616.7	-112.4	
10.6	91.8	-665.9	-149.3	
10.6	91.8	-744.6	-205.9	
8.2	96.7	-756.9	-264.9	
10.6	79.5	-744.6	-321.5	
10.6	59.8	-683.1	-405.1	
27.8	47.5	-631.4	-437.1	
27.8	54.9	-587.2	-469.1	
13.1	62.3	-547.8	-523.2	
20.5	69.7	-525.7	-550.3	
30.3	64.7	-476.5	-582.2	
45.1	59.8	-410.0	-631.4	
30.3	64.7	-326.4	-609.3	
40.1	50.0	-257.5	-648.7	
45.1	67.2	-218.2	-715.1	
42.6	91.8	-161.6	-720.0	
30.3	62.3	-95.2	-683.1	
30.3	35.2	-77.9	-697.9	
25.4	40.1	-82.9	-680.6	
27.8	-28.7	-75.5	-633.9	
25.4	-46.0	-102.5	-530.6	
20.5	-23.8	-119.8	-469.1	
20.5	57.4	-129.6	-432.2	
3.2	89.3	-129.6	-365.8	
-4.1	101.6	-105.0	-323.9	
13.1	74.6	-77.9	-299.3	
8.2	72.1	-58.3	-284.6	
5.7	101.6	-43.5	-287.0	
8.2	94.3	-33.7	-274.7	
22.9	64.7	-50.9	-260.0	
10.6	52.4	-46.0	-252.6	
-4.1	59.8	-53.3	-218.2	
-6.6	47.5	-43.5	-213.2	
-16.4	50.0	-16.4	-169.0	
-14.0	62.3	-16.4	-151.7	
-21.4	84.4	-4.1	-134.5	
-21.4	69.7	8.2	-70.6	
-18.9	54.9	18.0	-11.5	
5.7	45.1	5.7	-21.4	
-1.7	47.5	3.2	5.7	
5.7	45.1	-4.1	64.7	
15.5	35.2	5.7	64.7	
22.9	35.2	25.4	111.5	
22.9	30.3	50.0	118.9	
8.2	27.8	67.2	121.3	
10.6	30.3	37.7	150.8	
8.2	40.1	18.0	170.5	
35.2	52.4	22.9	187.7	
25.4	37.7	27.8	195.1	
25.4	45.1	3.2	209.9	
20.5	37.7	8.2	207.4	
13.1	32.8	10.6	234.5	
0.8	42.6	-11.5	234.5	
5.7	42.6	-14.0	259.1	
25.4	35.2	-31.2	281.2	
37.7	22.9	-33.7	281.2	
37.7	25.4	0.8	296.0	
32.8	22.9	-14.0	313.2	
35.2	32.8	-33.7	303.4	
40.1	18.0	-14.0	313.2	
47.5	5.7	-6.6	300.9	
67.2	10.6	0.8	286.1	
57.4	5.7	22.9	300.9	
45.1	3.2	-4.1	293.5	
35.2	-1.7	25.4	305.8	
32.8	-9.1	47.5	320.6	
30.3	-14.0	69.7	305.8	
40.1	-9.1	69.7	305.8	
50.0	-18.9	42.6	323.0	
45.1	-21.4	42.6	330.4	
35.2	-28.7	35.2	308.3	
18.0	-14.0	18.0	313.2	
8.2	-11.5	-18.9	303.4	
0.8	-14.0	-28.7	300.9	
8.2	-26.3	-16.4	291.1	
5.7	-31.2	5.7	281.2	
-6.6	-33.7	57.4	264.0	
3.2	-31.2	74.6	246.8	
8.2	-43.5	123.8	222.2	
27.8	-48.4	148.4	207.4	
27.8	-43.5	158.2	209.9	
47.5	-43.5	143.5	195.1	
62.3	-46.0	133.6	187.7	
47.5	-31.2	138.5	170.5	
40.1	-26.3	126.2	160.7	
37.7	-18.9	131.2	145.9	
35.2	-23.8	106.6	126.2	
20.5	-23.8	111.5	113.9	
27.8	-11.5	99.2	106.6	
35.2	-9.1	99.2	99.2	
30.3	-6.6	84.4	82.0	
25.4	-9.1	72.1	84.4	
20.5	-33.7	54.9	72.1	
18.0	-16.4	20.5	104.1	
22.9	-11.5	-1.7	106.6	
13.1	-33.7	-38.6	163.1	
18.0	-16.4	-70.6	182.8	
22.9	-18.9	-70.6	185.3	
15.5	-18.9	-105.0	190.2	
3.2	-16.4	-166.5	200.0	
-11.5	-1.7	-198.5	190.2	
-26.3	-6.6	-237.8	177.9	
-18.9	-14.0	-257.5	177.9	
-33.7	-6.6	-311.6	200.0	
-53.3	-14.0	-294.4	207.4	
-55.8	-16.4	-274.7	205.0	
-53.3	-21.4	-260.0	197.6	
-41.0	-21.4	-260.0	209.9	
-31.2	-31.2	-230.5	214.8	
-48.4	-33.7	-240.3	217.3	
-23.8	-36.1	-237.8	212.3	
-36.1	-18.9	-200.9	249.2	
-26.3	-21.4	-87.8	229.6	
-33.7	-26.3	47.5	259.1	
-23.8	-21.4	271.4	293.5	
-31.2	-31.2	495.2	276.3	
-36.1	-18.9	687.1	310.7	
-33.7	-23.8	861.8	335.3	
-23.8	-41.0	962.6	352.6	
-28.7	-26.3	1048.7	355.0	
-11.5	-41.0	1080.7	345.2	
-16.4	-46.0	1046.3	325.5	
-33.7	-33.7	992.2	330.4	
-11.5	-60.7	938.0	359.9	
-14.0	-77.9	851.9	357.5	
-11.5	-63.2	758.5	330.4	
-6.6	-38.6	667.4	318.1	
-4.1	-36.1	596.1	303.4	
-23.8	-26.3	539.5	273.8	
-14.0	-33.7	470.6	259.1	
-6.6	-48.4	406.7	259.1	
-23.8	-41.0	372.2	264.0	
-16.4	-33.7	340.3	234.5	
-23.8	-36.1	305.8	217.3	
-16.4	-43.5	300.9	222.2	
-14.0	-65.6	261.5	209.9	
-6.6	-68.1	251.7	185.3	
-9.1	-77.9	190.2	173.0	
-9.1	-55.8	116.4	180.4	
-11.5	-65.6	40.1	175.4	
-26.3	-50.9	-48.4	163.1	
-6.6	-43.5	-146.8	165.6	
-1.7	-63.2	-235.4	155.8	
8.2	-50.9	-343.6	133.6	
13.1	-36.1	-434.6	126.2	
27.8	-18.9	-506.0	106.6	
22.9	-48.4	-525.7	82.0	
30.3	-43.5	-552.7	59.8	
25.4	-60.7	-597.0	35.2	
27.8	-95.2	-614.2	0.8	
18.0	-85.3	-648.7	-48.4	
13.1	-97.6	-633.9	-85.3	
10.6	-95.2	-567.5	-112.4	
-11.5	-58.3	-552.7	-139.4	
-1.7	-36.1	-560.1	-159.1	
-6.6	-18.9	-587.2	-183.7	
-9.1	-4.1	-597.0	-208.3	
-14.0	5.7	-584.7	-232.9	
-9.1	5.7	-589.6	-232.9	
-1.7	-1.7	-574.9	-220.6	
-4.1	-9.1	-515.8	-196.0	
8.2	-36.1	-478.9	-225.5	
15.5	-23.8	-444.5	-247.7	
10.6	-18.9	-432.2	-242.8	
5.7	-16.4	-415.0	-240.3	
25.4	-48.4	-415.0	-237.8	
32.8	40.1	-407.6	-240.3	
47.5	40.1	-412.5	-242.8	
45.1	27.8	-407.6	-257.5	
64.7	35.2	-422.3	-269.8	
54.9	52.4	-412.5	-294.4	
59.8	-6.6	-385.4	-314.1	
59.8	-43.5	-373.1	-309.2	
67.2	-31.2	-326.4	-306.7	
69.7	-38.6	-287.0	-301.8	
77.0	-4.1	-215.7	-323.9	
84.4	13.1	-156.7	-336.2	
86.9	-11.5	-109.9	-336.2	
96.7	3.2	-75.5	-319.0	
77.0	-9.1	-38.6	-323.9	
77.0	0.8	-53.3	-304.3	
69.7	-14.0	-55.8	-299.3	
62.3	-36.1	-55.8	-304.3	
54.9	-18.9	-50.9	-304.3	
45.1	-6.6	-18.9	-296.9	
54.9	0.8	-1.7	-279.7	
50.0	15.5	-1.7	-277.2	
37.7	3.2	-14.0	-282.1	
40.1	10.6	-14.0	-269.8	
30.3	0.8	-16.4	-257.5	
27.8	5.7	-1.7	-247.7	
5.7	-14.0	-4.1	-220.6	
13.1	-21.4	0.8	-213.2	
15.5	-31.2	-4.1	-176.3	
10.6	-21.4	-4.1	-137.0	
-16.4	3.2	8.2	-119.8	
-11.5	32.8	8.2	-87.8	
-1.7	52.4	10.6	-50.9	
-1.7	50.0	-21.4	-21.4	
-4.1	37.7	-33.7	3.2	
15.5	25.4	-18.9	25.4	
25.4	27.8	-18.9	40.1	
47.5	5.7	-9.1	18.0	
40.1	-4.1	-21.4	42.6	
40.1	-4.1	-36.1	47.5	
72.1	-16.4	-31.2	50.0	
64.7	-11.5	-18.9	52.4	
74.6	-36.1	-26.3	54.9	
67.2	-38.6	-31.2	52.4	
82.0	-33.7	-26.3	37.7	
99.2	-36.1	-38.6	37.7	
111.5	-18.9	-63.2	22.9	
99.2	-16.4	-63.2	35.2	
94.3	3.2	-38.6	126.2	
74.6	-9.1	-36.1	101.6	
82.0	-48.4	-28.7	45.1	
64.7	-14.0	-26.3	32.8	
69.7	-28.7	-21.4	94.3	
69.7	-11.5	-23.8	111.5	
69.7	20.5	3.2	106.6	
69.7	13.1	15.5	104.1	
72.1	5.7	37.7	86.9	
74.6	-9.1	27.8	62.3	
79.5	-11.5	15.5	99.2	
74.6	0.8	0.8	133.6	
69.7	-6.6	-6.6	131.2	
69.7	5.7	3.2	150.8	
77.0	8.2	-4.1	175.4	
82.0	3.2	-6.6	187.7	
77.0	-4.1	8.2	182.8	
91.8	10.6	15.5	180.4	
82.0	22.9	22.9	177.9	
91.8	45.1	27.8	180.4	
89.3	35.2	40.1	168.1	
104.1	25.4	27.8	168.1	
86.9	42.6	27.8	165.6	
86.9	37.7	32.8	197.6	
94.3	30.3	18.0	197.6	
84.4	35.2	-11.5	197.6	
86.9	50.0	-46.0	182.8	
89.3	45.1	-18.9	177.9	
84.4	47.5	0.8	175.4	
96.7	54.9	-4.1	170.5	
84.4	47.5	-21.4	163.1	
79.5	47.5	3.2	170.5	
82.0	52.4	-14.0	170.5	
74.6	54.9	-18.9	180.4	
79.5	59.8	-28.7	175.4	
72.1	57.4	-53.3	187.7	
72.1	59.8	-53.3	182.8	
54.9	50.0	-50.9	153.3	
67.2	52.4	-60.7	143.5	
64.7	69.7	-53.3	138.5	
54.9	64.7	-48.4	126.2	
52.4	59.8	-43.5	123.8	
52.4	64.7	-53.3	113.9	
52.4	59.8	-70.6	116.4	
32.8	64.7	-60.7	118.9	
30.3	64.7	-31.2	91.8	
30.3	67.2	3.2	109.0	
25.4	57.4	32.8	91.8	
32.8	62.3	89.3	77.0	
18.0	59.8	113.9	69.7	
18.0	57.4	94.3	42.6	
22.9	30.3	79.5	52.4	
5.7	42.6	25.4	50.0	
0.8	45.1	-18.9	18.0	
-9.1	59.8	-43.5	-28.7	
-1.7	45.1	-31.2	-41.0	
-6.6	62.3	-14.0	-63.2	
-14.0	57.4	-31.2	-60.7	
-6.6	54.9	-31.2	-87.8	
-11.5	45.1	-26.3	-97.6	
-11.5	59.8	-38.6	-100.1	
-1.7	67.2	-33.7	-107.5	
-14.0	69.7	-41.0	-105.0	
-6.6	72.1	-50.9	-97.6	
-6.6	67.2	-65.6	-122.2	
-16.4	67.2	-46.0	-127.1	
-33.7	64.7	-18.9	-105.0	
-26.3	67.2	-26.3	-109.9	
-38.6	64.7	-6.6	-112.4	
-26.3	62.3	0.8	-124.7	
-28.7	54.9	15.5	-112.4	
-23.8	62.3	13.1	-122.2	
-21.4	45.1	-4.1	-114.8	
-16.4	45.1	-33.7	-117.3	
-18.9	50.0	-28.7	-114.8	
-18.9	47.5	-18.9	-119.8	
-23.8	52.4	-16.4	-97.6	
-36.1	42.6	52.4	-107.5	
-23.8	47.5	94.3	-117.3	
-33.7	32.8	86.9	-119.8	
-23.8	50.0	40.1	-112.4	
-18.9	50.0	10.6	-119.8	
-16.4	20.5	-26.3	-112.4	
-21.4	25.4	-124.7	-107.5	
-18.9	35.2	-205.9	-105.0	
-16.4	40.1	-220.6	-117.3	
-26.3	50.0	-292.0	-114.8	
-26.3	35.2	-397.7	-122.2	
-16.4	27.8	-405.1	-109.9	
-14.0	42.6	-365.8	-97.6	
-11.5	52.4	-306.7	-90.2	
-26.3	52.4	-240.3	-75.5	
-23.8	42.6	-198.5	-92.7	
-16.4	52.4	-230.5	-109.9	
-14.0	47.5	-267.4	-95.2	
-4.1	42.6	-252.6	-73.0	
-1.7	32.8	-245.2	-80.4	
-14.0	30.3	-205.9	-80.4	
3.2	37.7	-210.8	-65.6	
3.2	37.7	-232.9	-77.9	
3.2	35.2	-220.6	-92.7	
0.8	32.8	-196.0	-75.5	
-1.7	32.8	-127.1	-60.7	
15.5	15.5	-46.0	-48.4	
-4.1	30.3	40.1	-55.8	
-11.5	18.0	118.9	-31.2	
-14.0	32.8	153.3	-23.8	
-11.5	40.1	190.2	-18.9	
-14.0	13.1	251.7	-28.7	
0.8	8.2	278.8	-50.9	
-14.0	0.8	330.4	-11.5	
-9.1	-9.1	325.5	0.8	
-4.1	3.2	330.4	20.5	
-4.1	15.5	355.0	35.2	
-9.1	25.4	374.7	32.8	
-6.6	32.8	364.9	40.1	
-9.1	32.8	369.8	35.2	
-11.5	52.4	369.8	40.1	
-14.0	37.7	320.6	45.1	
-23.8	22.9	278.8	50.0	
-14.0	30.3	224.6	82.0	
-9.1	27.8	175.4	91.8	
-28.7	25.4	150.8	64.7	
-21.4	27.8	136.1	77.0	
-18.9	13.1	150.8	72.1	
-16.4	32.8	109.0	77.0	
-23.8	25.4	69.7	74.6	
-18.9	25.4	128.7	67.2	
-14.0	42.6	163.1	72.1	
-4.1	27.8	143.5	77.0	
0.8	18.0	116.4	64.7	
3.2	27.8	155.8	57.4	
8.2	32.8	236.9	57.4	
-9.1	10.6	286.1	64.7	
0.8	10.6	325.5	62.3	
0.8	13.1	318.1	67.2	
-1.7	20.5	305.8	74.6	
-11.5	20.5	323.0	64.7	
3.2	10.6	347.6	57.4	
0.8	3.2	313.2	54.9	
-1.7	-4.1	296.0	57.4	
5.7	20.5	286.1	79.5	
15.5	22.9	276.3	94.3	
15.5	25.4	281.2	82.0	
8.2	37.7	303.4	67.2	
0.8	45.1	281.2	32.8	
-1.7	54.9	268.9	64.7	
18.0	50.0	246.8	72.1	
15.5	42.6	232.0	69.7	
13.1	45.1	214.8	50.0	
20.5	37.7	185.3	64.7	
8.2	42.6	163.1	67.2	
25.4	42.6	131.2	57.4	
37.7	32.8	118.9	45.1	
32.8	37.7	116.4	50.0	
30.3	20.5	89.3	57.4	
35.2	25.4	57.4	42.6	
27.8	25.4	54.9	50.0	
22.9	30.3	72.1	37.7	
37.7	25.4	40.1	54.9	
32.8	15.5	25.4	10.6	
37.7	37.7	69.7	22.9	
37.7	35.2	79.5	20.5	
40.1	45.1	84.4	3.2	
40.1	18.0	86.9	-11.5	
40.1	20.5	89.3	5.7	
54.9	18.0	121.3	25.4	
47.5	13.1	121.3	27.8	
52.4	15.5	128.7	10.6	
42.6	42.6	121.3	0.8	
52.4	25.4	10.6	0.8	
45.1	47.5	-65.6	8.2	
50.0	40.1	-134.5	-1.7	
37.7	40.1	-146.8	3.2	
35.2	50.0	-213.2	0.8	
32.8	42.6	-161.6	15.5	
18.0	40.1	-109.9	5.7	
15.5	37.7	-41.0	3.2	
20.5	22.9	15.5	22.9	
15.5	15.5	47.5	0.8	
13.1	22.9	74.6	0.8	
8.2	20.5	86.9	27.8	
8.2	30.3	138.5	35.2	
8.2	8.2	187.7	25.4	
-4.1	8.2	219.7	35.2	
-4.1	5.7	236.9	30.3	
-4.1	22.9	212.3	20.5	
3.2	25.4	205.0	18.0	
-1.7	22.9	254.2	8.2	
-1.7	8.2	293.5	-6.6	
-16.4	-1.7	296.0	8.2	
-1.7	0.8	259.1	-6.6	
-1.7	22.9	195.1	3.2	
-4.1	13.1	121.3	15.5	
-4.1	10.6	121.3	0.8	
0.8	5.7	160.7	0.8	
0.8	8.2	271.4	10.6	
-4.1	32.8	448.5	-1.7	
-11.5	37.7	618.2	0.8	
-11.5	37.7	805.2	-1.7	
-9.1	40.1	933.1	-4.1	
-11.5	30.3	1009.4	20.5	
-9.1	22.9	1031.5	13.1	
-14.0	30.3	947.9	8.2	
-9.1	25.4	768.3	0.8	
-1.7	42.6	571.5	0.8	
5.7	35.2	414.1	3.2	
3.2	8.2	236.9	0.8	
0.8	3.2	62.3	22.9	
0.8	13.1	-87.8	27.8	
3.2	13.1	-225.5	20.5	
18.0	3.2	-336.2	40.1	
25.4	27.8	-402.7	22.9	
18.0	25.4	-444.5	18.0	
22.9	5.7	-461.7	25.4	
18.0	8.2	-402.7	15.5	
15.5	32.8	-331.3	13.1	
0.8	45.1	-210.8	22.9	
8.2	32.8	-112.4	37.7	
3.2	37.7	-9.1	27.8	
8.2	37.7	50.0	32.8	
0.8	32.8	84.4	35.2	
-1.7	42.6	121.3	45.1	
5.7	52.4	111.5	52.4	
3.2	57.4	77.0	40.1	
-4.1	59.8	32.8	40.1	
-9.1	59.8	13.1	50.0	
-9.1	47.5	25.4	47.5	
-1.7	35.2	-6.6	52.4	
0.8	15.5	-18.9	64.7	
0.8	25.4	30.3	40.1	
3.2	27.8	138.5	32.8	
3.2	37.7	192.7	27.8	
0.8	32.8	185.3	64.7	
3.2	37.7	150.8	62.3	
-11.5	15.5	64.7	47.5	
-9.1	10.6	-97.6	42.6	
-4.1	3.2	-260.0	40.1	
-16.4	8.2	-405.1	40.1	
-16.4	3.2	-538.0	40.1	
-14.0	10.6	-683.1	-9.1	
-11.5	20.5	-803.6	13.1	
-6.6	18.0	-879.9	37.7	
-6.6	8.2	-931.6	22.9	
-1.7	18.0	-936.5	20.5	
3.2	13.1	-968.5	22.9	
-1.7	20.5	-934.0	20.5	
-4.1	15.5	-953.7	10.6	
3.2	13.1	-902.0	10.6	
5.7	25.4	-798.7	-9.1	
3.2	32.8	-702.8	10.6	
-1.7	27.8	-631.4	37.7	
13.1	15.5	-587.2	27.8	
8.2	13.1	-510.9	22.9	
13.1	22.9	-407.6	10.6	
18.0	8.2	-333.8	8.2	
37.7	10.6	-220.6	-6.6	
20.5	-4.1	-137.0	-11.5	
15.5	8.2	-107.5	5.7	
30.3	20.5	-38.6	3.2	
13.1	8.2	10.6	-14.0	
18.0	8.2	35.2	0.8	
10.6	10.6	37.7	-4.1	
0.8	13.1	91.8	-1.7	
-1.7	15.5	143.5	-26.3	
-16.4	0.8	175.4	-43.5	
-9.1	15.5	138.5	-43.5	
-23.8	30.3	160.7	-11.5	
-18.9	50.0	86.9	3.2	
-11.5	40.1	-18.9	-9.1	
-11.5	32.8	-127.1	-9.1	
-14.0	25.4	-193.6	-9.1	
-23.8	22.9	-235.4	-11.5	
-33.7	27.8	-387.9	-18.9	
-14.0	40.1	-582.2	3.2	
-14.0	27.8	-727.4	-1.7	
-18.9	47.5	-852.8	-9.1	
-28.7	54.9	-1017.7	-6.6	
-33.7	52.4	-1150.5	-11.5	
-28.7	52.4	-1300.6	-4.1	
-36.1	50.0	-1408.8	0.8	
-28.7	57.4	-1522.0	0.8	
-26.3	52.4	-1699.1	0.8	
-26.3	50.0	-1804.9	-16.4	
-38.6	50.0	-1876.2	-21.4	
-38.6	47.5	-1913.1	-9.1	
-43.5	40.1	-1957.4	-1.7	
-41.0	40.1	-1964.8	-6.6	
-31.2	42.6	-1927.9	-26.3	
-31.2	25.4	-1827.0	-14.0	
-33.7	5.7	-1706.5	-31.2	
-33.7	25.4	-1605.6	-43.5	
-28.7	35.2	-1529.3	-26.3	
-36.1	30.3	-1433.4	-23.8	
-28.7	32.8	-1335.0	-33.7	
-36.1	32.8	-1226.8	-16.4	
-26.3	45.1	-1098.8	-36.1	
-26.3	47.5	-970.9	-43.5	
-48.4	35.2	-828.2	-28.7	
-41.0	30.3	-715.1	-28.7	
-31.2	20.5	-584.7	-26.3	
-38.6	15.5	-449.4	-41.0	
-38.6	5.7	-341.2	-33.7	
-43.5	3.2	-235.4	-31.2	
-55.8	32.8	-137.0	-38.6	
-48.4	40.1	-60.7	-31.2	
-53.3	42.6	35.2	-23.8	
-50.9	47.5	136.1	-38.6	
-50.9	37.7	232.0	-38.6	
-43.5	42.6	330.4	-31.2	
-43.5	40.1	406.7	-43.5	
-41.0	25.4	441.1	-33.7	
-41.0	35.2	492.8	-23.8	
-38.6	25.4	522.3	-33.7	
-28.7	13.1	527.2	-41.0	
-38.6	13.1	556.7	-38.6	
-26.3	32.8	564.1	-38.6	
-31.2	5.7	556.7	-46.0	
-21.4	0.8	546.9	-33.7	
-23.8	-4.1	500.2	-28.7	
-11.5	-6.6	433.7	-43.5	
-18.9	5.7	367.3	-50.9	
-16.4	-6.6	296.0	-48.4	
-23.8	3.2	256.6	-26.3	
3.2	-6.6	195.1	-43.5	
-9.1	-1.7	128.7	-48.4	
-1.7	-6.6	96.7	-36.1	
-11.5	0.8	64.7	-33.7	
-6.6	8.2	10.6	-33.7	
-4.1	15.5	-36.1	-26.3	
-4.1	15.5	-85.3	-16.4	
-11.5	32.8	-149.3	-23.8	
-6.6	32.8	-188.6	-31.2	
-11.5	40.1	-196.0	-6.6	
-1.7	37.7	-198.5	0.8	
-14.0	37.7	-193.6	0.8	
-14.0	32.8	-200.9	3.2	
-4.1	27.8	-186.2	0.8	
-23.8	25.4	-166.5	10.6	
-9.1	37.7	-127.1	13.1	
-11.5	37.7	-75.5	18.0	
-6.6	25.4	-41.0	27.8	
-14.0	30.3	-1.7	22.9	
-9.1	30.3	35.2	35.2	
-16.4	25.4	86.9	35.2	
-11.5	25.4	136.1	27.8	
-16.4	25.4	173.0	27.8	
-6.6	27.8	212.3	37.7	
-26.3	25.4	261.5	20.5	
-9.1	22.9	278.8	27.8	
0.8	20.5	296.0	35.2	
-1.7	27.8	293.5	45.1	
3.2	22.9	261.5	32.8	
5.7	18.0	224.6	25.4	
15.5	25.4	173.0	37.7	
18.0	13.1	104.1	30.3	
37.7	18.0	3.2	32.8	
37.7	20.5	-58.3	37.7	
27.8	18.0	-107.5	35.2	
25.4	-11.5	-137.0	47.5	
37.7	-11.5	-156.7	50.0	
27.8	-1.7	-159.1	59.8	
22.9	-14.0	-169.0	50.0	
25.4	-16.4	-161.6	45.1	
15.5	-18.9	-122.2	45.1	
20.5	-18.9	-77.9	35.2	
27.8	-9.1	-11.5	42.6	
27.8	-9.1	50.0	27.8	
20.5	15.5	150.8	27.8	
15.5	15.5	200.0	37.7	
22.9	0.8	256.6	32.8	
27.8	-11.5	310.7	40.1	
8.2	-18.9	364.9	27.8	
18.0	-9.1	404.2	37.7	
18.0	0.8	446.0	45.1	
25.4	3.2	470.6	45.1	
22.9	0.8	492.8	42.6	
25.4	-6.6	522.3	45.1	
25.4	-16.4	539.5	50.0	
30.3	-6.6	542.0	54.9	
30.3	-14.0	546.9	47.5	
30.3	-16.4	534.6	35.2	
32.8	-14.0	524.8	37.7	
40.1	-33.7	505.1	35.2	
52.4	-21.4	482.9	22.9	
54.9	-16.4	480.5	5.7	
64.7	-9.1	460.8	-6.6	
59.8	13.1	458.3	-21.4	
86.9	20.5	448.5	-16.4	
99.2	10.6	421.4	-18.9	
109.0	-4.1	384.5	-23.8	
116.4	-16.4	320.6	-23.8	
128.7	-11.5	288.6	-6.6	
136.1	5.7	318.1	10.6	
126.2	-4.1	320.6	15.5	
116.4	-4.1	318.1	37.7	
121.3	-6.6	293.5	40.1	
104.1	0.8	271.4	50.0	
94.3	-4.1	241.9	67.2	
69.7	8.2	244.3	79.5	
47.5	22.9	236.9	89.3	
35.2	20.5	241.9	106.6	
15.5	15.5	227.1	99.2	
-9.1	22.9	224.6	104.1	
-16.4	25.4	217.3	91.8	
-28.7	20.5	209.9	79.5	
-41.0	15.5	212.3	67.2	
-41.0	5.7	212.3	52.4	
-41.0	-1.7	192.7	40.1	
-36.1	3.2	202.5	40.1	
-28.7	-1.7	202.5	20.5	
-36.1	8.2	190.2	13.1	
-28.7	13.1	187.7	5.7	
-43.5	25.4	190.2	-1.7	
-26.3	25.4	185.3	-4.1	
-23.8	35.2	170.5	5.7	
-6.6	30.3	187.7	-4.1	
-11.5	22.9	190.2	-9.1	
-4.1	32.8	197.6	-6.6	
3.2	22.9	207.4	8.2	
-11.5	25.4	200.0	18.0	
-6.6	37.7	190.2	15.5	
3.2	27.8	207.4	27.8	
-9.1	42.6	212.3	27.8	
-6.6	42.6	209.9	35.2	
-1.7	40.1	209.9	22.9	
-23.8	35.2	214.8	27.8	
-16.4	35.2	222.2	22.9	
-11.5	40.1	222.2	42.6	
-9.1	32.8	229.6	25.4	
-4.1	42.6	224.6	35.2	
-11.5	32.8	234.5	20.5	
-21.4	37.7	241.9	8.2	
-4.1	40.1	244.3	-4.1	
-9.1	40.1	244.3	-14.0	
3.2	45.1	256.6	-11.5	
-6.6	30.3	241.9	-21.4	
8.2	32.8	246.8	-43.5	
5.7	40.1	241.9	-53.3	
8.2	37.7	249.2	-58.3	
15.5	45.1	241.9	-80.4	
22.9	37.7	234.5	-95.2	
18.0	42.6	232.0	-92.7	
5.7	37.7	232.0	-100.1	
3.2	47.5	219.7	-82.9	
-1.7	52.4	209.9	-82.9	
0.8	42.6	180.4	-68.1	
3.2	47.5	180.4	-65.6	
13.1	45.1	173.0	-50.9	
8.2	45.1	148.4	-50.9	
13.1	47.5	141.0	-41.0	
18.0	32.8	131.2	-31.2	
13.1	45.1	126.2	-31.2	
15.5	35.2	126.2	-31.2	
0.8	37.7	113.9	-38.6	
5.7	42.6	116.4	-36.1	
10.6	40.1	96.7	-33.7	
-11.5	35.2	69.7	-18.9	
-6.6	30.3	54.9	-23.8	
3.2	27.8	50.0	-9.1	
-11.5	30.3	57.4	-21.4	
-4.1	40.1	45.1	-9.1	
-9.1	22.9	40.1	-4.1	
-28.7	22.9	54.9	8.2	
-18.9	10.6	52.4	3.2	
-26.3	3.2	54.9	0.8	
-31.2	13.1	69.7	-1.7	
-23.8	22.9	59.8	-6.6	
-18.9	22.9	64.7	-11.5	
-16.4	25.4	52.4	-16.4	
-16.4	37.7	37.7	-28.7	
-6.6	32.8	30.3	-46.0	
-1.7	35.2	13.1	-36.1	
0.8	40.1	3.2	-11.5	
0.8	40.1	-31.2	-18.9	
22.9	40.1	-36.1	-11.5	
37.7	37.7	-43.5	0.8	
42.6	37.7	-77.9	3.2	
45.1	42.6	-92.7	13.1	
62.3	59.8	-97.6	35.2	
69.7	59.8	-107.5	25.4	
67.2	57.4	-129.6	18.0	
69.7	47.5	-141.9	20.5	
72.1	42.6	-159.1	27.8	
59.8	42.6	-203.4	22.9	
50.0	35.2	-205.9	3.2	
42.6	42.6	-228.0	-11.5	
35.2	40.1	-284.6	-33.7	
32.8	25.4	-331.3	-53.3	
25.4	32.8	-383.0	-73.0	
27.8	25.4	-424.8	-97.6	
32.8	25.4	-456.8	-100.1	
37.7	20.5	-486.3	-117.3	
35.2	25.4	-528.1	-122.2	
45.1	8.2	-552.7	-141.9	
30.3	-1.7	-540.4	-176.3	
42.6	-1.7	-538.0	-196.0	
50.0	-11.5	-523.2	-205.9	
59.8	-14.0	-496.1	-205.9	
47.5	-26.3	-474.0	-225.5	
47.5	-33.7	-466.6	-218.2	
42.6	-41.0	-464.2	-203.4	
40.1	-43.5	-456.8	-191.1	
42.6	-50.9	-464.2	-188.6	
27.8	-38.6	-444.5	-183.7	
27.8	-53.3	-419.9	-173.9	
37.7	-63.2	-387.9	-159.1	
30.3	-55.8	-341.2	-151.7	
32.8	-55.8	-255.1	-112.4	
37.7	-55.8	-196.0	-77.9	
35.2	-55.8	-117.3	-43.5	
20.5	-48.4	-65.6	-31.2	
25.4	-48.4	-11.5	-18.9	
25.4	-46.0	20.5	-23.8	
35.2	-43.5	72.1	-6.6	
25.4	-55.8	121.3	22.9	
18.0	-41.0	128.7	52.4	
22.9	-48.4	123.8	72.1	
22.9	-50.9	89.3	91.8	
20.5	-53.3	22.9	111.5	
13.1	-53.3	-33.7	113.9	
18.0	-50.9	-112.4	113.9	
15.5	-55.8	-193.6	106.6	
8.2	-58.3	-257.5	106.6	
-21.4	-41.0	-301.8	106.6	
-11.5	-31.2	-353.5	86.9	
-38.6	-31.2	-365.8	89.3	
-38.6	-48.4	-284.6	91.8	
-38.6	-41.0	-122.2	79.5	
-53.3	-43.5	106.6	96.7	
-48.4	-36.1	394.4	84.4	
-58.3	-33.7	615.8	59.8	
-63.2	-11.5	800.3	3.2	
-48.4	-21.4	965.1	-50.9	
-38.6	-21.4	1137.3	-75.5	
-33.7	-14.0	1198.8	-90.2	
-33.7	-21.4	1223.4	-95.2	
-48.4	-41.0	1181.6	-97.6	
-43.5	-41.0	1056.1	-80.4	
-41.0	-31.2	866.7	-68.1	
-53.3	-11.5	704.3	-68.1	
-48.4	-16.4	502.6	-73.0	
-43.5	-11.5	342.7	-77.9	
-41.0	0.8	150.8	-46.0	
-58.3	3.2	10.6	-33.7	
-50.9	0.8	-114.8	-14.0	
-46.0	18.0	-203.4	-6.6	
-58.3	27.8	-264.9	-9.1	
-55.8	25.4	-326.4	-16.4	
-41.0	20.5	-353.5	-31.2	
-46.0	40.1	-368.2	-70.6	
-36.1	35.2	-365.8	-109.9	
-26.3	27.8	-328.9	-129.6	
-38.6	47.5	-289.5	-161.6	
-18.9	50.0	-264.9	-203.4	
-11.5	47.5	-215.7	-235.4	
-18.9	37.7	-169.0	-267.4	
-11.5	40.1	-124.7	-279.7	
-4.1	45.1	-70.6	-262.4	
-4.1	50.0	-33.7	-245.2	
10.6	54.9	15.5	-218.2	
20.5	52.4	52.4	-193.6	
27.8	59.8	94.3	-166.5	
32.8	74.6	128.7	-164.0	
40.1	67.2	155.8	-149.3	
40.1	77.0	170.5	-183.7	
57.4	82.0	173.0	-198.5	
64.7	94.3	182.8	-215.7	
64.7	84.4	190.2	-193.6	
69.7	111.5	197.6	-171.4	
79.5	104.1	202.5	-151.7	
94.3	111.5	207.4	-117.3	
99.2	113.9	214.8	-112.4	
94.3	106.6	200.0	-92.7	
106.6	118.9	209.9	-65.6	
111.5	104.1	205.0	-65.6	
111.5	111.5	209.9	-50.9	
113.9	109.0	227.1	-43.5	
118.9	126.2	214.8	-58.3	
121.3	126.2	227.1	-36.1	
113.9	121.3	219.7	-23.8	
116.4	138.5	209.9	8.2	
126.2	138.5	202.5	25.4	
109.0	116.4	205.0	32.8	
104.1	121.3	205.0	37.7	
113.9	128.7	205.0	15.5	
106.6	141.0	207.4	18.0	
94.3	136.1	234.5	15.5	
74.6	133.6	244.3	15.5	
84.4	123.8	268.9	15.5	
74.6	109.0	281.2	35.2	
72.1	116.4	310.7	40.1	
64.7	109.0	340.3	35.2	
52.4	101.6	337.8	37.7	
57.4	84.4	355.0	40.1	
37.7	96.7	362.4	35.2	
37.7	101.6	391.9	40.1	
32.8	86.9	396.8	50.0	
27.8	79.5	387.0	64.7	
20.5	77.0	382.1	72.1	
10.6	69.7	374.7	86.9	
-4.1	77.0	352.6	72.1	
-16.4	84.4	320.6	74.6	
-4.1	72.1	298.4	54.9	
-16.4	79.5	283.7	57.4	
-11.5	84.4	256.6	40.1	
-1.7	77.0	232.0	27.8	
-4.1	69.7	209.9	20.5	
13.1	72.1	175.4	30.3	
5.7	69.7	133.6	52.4	
0.8	69.7	96.7	57.4	
-1.7	84.4	62.3	67.2	
-4.1	82.0	20.5	86.9	
-9.1	91.8	-23.8	74.6	
-1.7	86.9	-53.3	69.7	
-18.9	72.1	-75.5	64.7	
-11.5	77.0	-90.2	67.2	
-14.0	72.1	-132.1	50.0	
-11.5	79.5	-178.8	42.6	
-9.1	69.7	-205.9	8.2	
-23.8	57.4	-255.1	-23.8	
-18.9	67.2	-277.2	-33.7	
-18.9	69.7	-299.3	-31.2	
-23.8	72.1	-316.6	-43.5	
-16.4	69.7	-358.4	-46.0	
-6.6	69.7	-397.7	-46.0	
-18.9	72.1	-415.0	-65.6	
-18.9	67.2	-439.6	-85.3	
-18.9	82.0	-481.4	-87.8	
-9.1	77.0	-523.2	-92.7	
-9.1	84.4	-577.3	-85.3	
3.2	94.3	-629.0	-60.7	
-4.1	77.0	-651.1	-46.0	
8.2	89.3	-678.2	-26.3	
18.0	79.5	-690.5	-16.4	
22.9	82.0	-668.3	-18.9	
20.5	86.9	-621.6	-21.4	
13.1	84.4	-565.0	-14.0	
22.9	91.8	-513.4	-9.1	
30.3	94.3	-459.2	8.2	
22.9	91.8	-400.2	18.0	
15.5	106.6	-346.1	32.8	
15.5	111.5	-287.0	42.6	
32.8	104.1	-210.8	52.4	
22.9	101.6	-149.3	67.2	
30.3	118.9	-95.2	82.0	
13.1	111.5	-48.4	79.5	
20.5	113.9	15.5	82.0	
15.5	91.8	82.0	77.0	
15.5	89.3	123.8	57.4	
8.2	91.8	173.0	64.7	
3.2	84.4	222.2	77.0	
-6.6	91.8	256.6	57.4	
-6.6	94.3	303.4	54.9	
-1.7	77.0	320.6	64.7	
5.7	99.2	364.9	59.8	
-1.7	109.0	389.5	72.1	
-9.1	109.0	391.9	77.0	
3.2	106.6	391.9	84.4	
3.2	101.6	389.5	86.9	
-6.6	101.6	377.2	69.7	
-9.1	104.1	379.6	79.5	
8.2	84.4	382.1	101.6	
3.2	109.0	374.7	99.2	
8.2	104.1	389.5	111.5	
8.2	96.7	419.0	131.2	
3.2	94.3	451.0	148.4	
5.7	96.7	465.7	153.3	
-1.7	94.3	465.7	148.4	
-9.1	82.0	482.9	155.8	
-23.8	84.4	514.9	136.1	
-36.1	82.0	514.9	128.7	
-46.0	72.1	524.8	126.2	
-46.0	64.7	546.9	128.7	
-53.3	64.7	539.5	131.2	
-55.8	62.3	529.7	111.5	
-55.8	64.7	564.1	104.1	
-70.6	62.3	556.7	106.6	
-58.3	62.3	532.1	89.3	
-77.9	54.9	517.4	77.0	
-70.6	47.5	514.9	79.5	
-68.1	50.0	517.4	79.5	
-73.0	59.8	507.5	67.2	
-65.6	72.1	495.2	50.0	
-68.1	62.3	495.2	37.7	
-63.2	69.7	497.7	32.8	
-63.2	67.2	485.4	18.0	
-58.3	64.7	490.3	-4.1	
-65.6	64.7	478.0	-28.7	
-70.6	69.7	473.1	-43.5	
-70.6	64.7	487.9	-55.8	
-77.9	47.5	502.6	-65.6	
-85.3	54.9	532.1	-68.1	
-90.2	50.0	502.6	-85.3	
-87.8	27.8	497.7	-92.7	
-90.2	35.2	490.3	-90.2	
-100.1	40.1	497.7	-90.2	
-87.8	42.6	510.0	-95.2	
-95.2	32.8	487.9	-97.6	
-92.7	30.3	480.5	-85.3	
-97.6	37.7	473.1	-90.2	
-92.7	25.4	497.7	-95.2	
-95.2	40.1	537.1	-90.2	
-82.9	32.8	542.0	-95.2	
-95.2	42.6	490.3	-105.0	
-80.4	50.0	497.7	-92.7	
-87.8	35.2	514.9	-92.7	
-77.9	22.9	603.5	-77.9	
-65.6	32.8	601.0	-85.3	
-75.5	22.9	566.6	-73.0	
-68.1	20.5	532.1	-60.7	
-63.2	8.2	482.9	-46.0	
-55.8	15.5	423.9	-50.9	
-48.4	32.8	362.4	-50.9	
-36.1	30.3	278.8	-50.9	
-26.3	27.8	197.6	-53.3	
-11.5	27.8	153.3	-55.8	
-6.6	25.4	116.4	-50.9	
0.8	13.1	62.3	-38.6	
5.7	18.0	35.2	-16.4	
-1.7	18.0	-23.8	5.7	
20.5	8.2	-82.9	-14.0	
22.9	5.7	-139.4	-18.9	
37.7	15.5	-144.4	-41.0	
37.7	8.2	-183.7	-46.0	
47.5	5.7	-213.2	-36.1	
37.7	3.2	-223.1	-41.0	
37.7	15.5	-230.5	-48.4	
40.1	10.6	-247.7	-43.5	
37.7	3.2	-257.5	-41.0	
37.7	10.6	-218.2	-58.3	
27.8	8.2	-146.8	-53.3	
35.2	10.6	-134.5	-60.7	
37.7	35.2	-92.7	-55.8	
18.0	62.3	-68.1	-41.0	
18.0	50.0	-16.4	-36.1	
20.5	40.1	30.3	-31.2	
8.2	22.9	50.0	-9.1	
15.5	52.4	94.3	-6.6	
3.2	35.2	118.9	-1.7	
8.2	20.5	160.7	-50.9	
8.2	22.9	217.3	-50.9	
-1.7	40.1	207.4	-33.7	
-6.6	30.3	224.6	-1.7	
-1.7	30.3	276.3	8.2	
-4.1	27.8	323.0	30.3	
8.2	25.4	391.9	45.1	
8.2	15.5	436.2	50.0	
5.7	18.0	465.7	64.7	
0.8	27.8	495.2	54.9	
5.7	20.5	475.6	54.9	
5.7	25.4	470.6	52.4	
18.0	22.9	527.2	45.1	
27.8	42.6	546.9	54.9	
25.4	32.8	586.3	91.8	
37.7	45.1	704.3	96.7	
52.4	62.3	731.4	104.1	
54.9	45.1	687.1	99.2	
67.2	40.1	660.1	106.6	
72.1	32.8	613.3	118.9	
64.7	37.7	551.8	128.7	
84.4	22.9	458.3	118.9	
69.7	18.0	308.3	136.1	
77.0	22.9	121.3	133.6	
62.3	15.5	-28.7	138.5	
74.6	15.5	-109.9	138.5	
64.7	20.5	-173.9	138.5	
69.7	-9.1	-215.7	118.9	
62.3	-9.1	-247.7	109.0	
64.7	0.8	-269.8	84.4	
57.4	-26.3	-267.4	72.1	
52.4	-31.2	-242.8	42.6	
64.7	-28.7	-186.2	37.7	
57.4	-31.2	-149.3	25.4	
59.8	-26.3	-146.8	5.7	
57.4	-26.3	-159.1	3.2	
59.8	-26.3	-191.1	3.2	
62.3	-18.9	-215.7	8.2	
59.8	-14.0	-257.5	8.2	
62.3	-28.7	-237.8	5.7	
69.7	-18.9	-272.3	15.5	
64.7	-9.1	-289.5	25.4	
59.8	5.7	-287.0	22.9	
64.7	22.9	-292.0	18.0	
64.7	13.1	-284.6	27.8	
52.4	18.0	-289.5	35.2	
64.7	15.5	-292.0	42.6	
67.2	22.9	-296.9	50.0	
59.8	27.8	-299.3	57.4	
72.1	18.0	-264.9	67.2	
59.8	35.2	-237.8	62.3	
67.2	45.1	-218.2	57.4	
67.2	35.2	-208.3	67.2	
59.8	47.5	-193.6	52.4	
69.7	74.6	-215.7	59.8	
67.2	79.5	-228.0	57.4	
57.4	77.0	-237.8	42.6	
62.3	67.2	-237.8	35.2	
69.7	72.1	-210.8	40.1	
72.1	57.4	-203.4	37.7	
72.1	59.8	-210.8	47.5	
74.6	72.1	-218.2	32.8	
69.7	59.8	-232.9	25.4	
74.6	67.2	-245.2	32.8	
59.8	69.7	-269.8	15.5	
64.7	77.0	-274.7	-4.1	
59.8	74.6	-284.6	-18.9	
67.2	72.1	-296.9	-26.3	
57.4	67.2	-301.8	-28.7	
64.7	64.7	-319.0	-21.4	
67.2	74.6	-333.8	-1.7	
62.3	89.3	-348.5	-16.4	
59.8	94.3	-363.3	-14.0	
62.3	94.3	-353.5	-16.4	
59.8	91.8	-351.0	-18.9	
45.1	89.3	-365.8	18.0	
47.5	109.0	-375.6	42.6	
54.9	118.9	-373.1	84.4	
47.5	99.2	-383.0	126.2	
40.1	89.3	-400.2	153.3	
45.1	86.9	-387.9	145.9	
42.6	72.1	-402.7	118.9	
32.8	72.1	-395.3	89.3	
35.2	69.7	-405.1	79.5	
40.1	67.2	-417.4	99.2	
37.7	77.0	-442.0	67.2	
35.2	82.0	-481.4	35.2	
45.1	89.3	-493.7	45.1	
27.8	74.6	-481.4	35.2	
27.8	82.0	-474.0	30.3	
37.7	99.2	-451.9	45.1	
30.3	94.3	-446.9	37.7	
27.8	91.8	-444.5	25.4	
32.8	104.1	-459.2	30.3	
40.1	94.3	-459.2	37.7	
18.0	89.3	-451.9	18.0	
20.5	91.8	-439.6	35.2	
27.8	84.4	-415.0	40.1	
5.7	69.7	-402.7	25.4	
20.5	79.5	-387.9	15.5	
27.8	74.6	-373.1	-4.1	
25.4	79.5	-358.4	-21.4	
32.8	79.5	-331.3	-18.9	
25.4	86.9	-331.3	-23.8	
35.2	74.6	-316.6	-9.1	
37.7	74.6	-311.6	15.5	
37.7	72.1	-316.6	3.2	
40.1	69.7	-299.3	-23.8	
37.7	64.7	-299.3	-14.0	
45.1	54.9	-301.8	-11.5	
32.8	59.8	-306.7	-31.2	
37.7	62.3	-316.6	-33.7	
45.1	62.3	-333.8	-28.7	
40.1	67.2	-319.0	-21.4	
50.0	67.2	-321.5	-26.3	
30.3	69.7	-321.5	-21.4	
32.8	64.7	-316.6	-28.7	
42.6	54.9	-301.8	-31.2	
35.2	59.8	-296.9	-33.7	
35.2	62.3	-287.0	-28.7	
40.1	52.4	-294.4	-41.0	
32.8	47.5	-292.0	-38.6	
30.3	40.1	-301.8	-38.6	
37.7	50.0	-287.0	-16.4	
35.2	54.9	-299.3	-18.9	
25.4	42.6	-292.0	-11.5	
37.7	35.2	-279.7	-6.6	
45.1	18.0	-267.4	-4.1	
35.2	35.2	-255.1	-14.0	
32.8	20.5	-255.1	0.8	
47.5	0.8	-247.7	30.3	
40.1	0.8	-232.9	59.8	
40.1	-4.1	-215.7	74.6	
37.7	5.7	-193.6	99.2	
45.1	5.7	-191.1	111.5	
40.1	40.1	-191.1	101.6	
37.7	18.0	-213.2	72.1	
47.5	13.1	-220.6	57.4	
47.5	13.1	-220.6	30.3	
35.2	27.8	-213.2	42.6	
42.6	35.2	-176.3	27.8	
40.1	32.8	-159.1	5.7	
40.1	27.8	-132.1	-11.5	
40.1	15.5	-144.4	-21.4	
35.2	35.2	-186.2	-18.9	
40.1	42.6	-139.4	-36.1	
32.8	25.4	-68.1	-36.1	
42.6	15.5	-6.6	-48.4	
42.6	10.6	37.7	-60.7	
27.8	13.1	91.8	-60.7	
40.1	10.6	116.4	-63.2	
37.7	0.8	128.7	-46.0	
45.1	0.8	118.9	-38.6	
37.7	5.7	121.3	-70.6	
52.4	-9.1	113.9	-55.8	
52.4	3.2	131.2	-43.5	
42.6	13.1	131.2	-33.7	
50.0	0.8	123.8	-11.5	
37.7	8.2	163.1	-9.1	
40.1	25.4	182.8	0.8	
32.8	30.3	185.3	0.8	
35.2	25.4	175.4	-4.1	
30.3	15.5	153.3	10.6	
47.5	25.4	138.5	27.8	
35.2	8.2	153.3	45.1	
50.0	0.8	141.0	54.9	
50.0	8.2	150.8	64.7	
45.1	8.2	126.2	69.7	
47.5	5.7	138.5	79.5	
47.5	8.2	175.4	94.3	
40.1	10.6	165.6	94.3	
50.0	13.1	160.7	104.1	
35.2	8.2	136.1	123.8	
40.1	5.7	148.4	128.7	
42.6	-9.1	148.4	121.3	
35.2	8.2	145.9	111.5	
37.7	8.2	148.4	113.9	
32.8	-11.5	180.4	111.5	
32.8	-1.7	195.1	106.6	
50.0	8.2	190.2	91.8	
32.8	15.5	133.6	89.3	
40.1	20.5	86.9	79.5	
35.2	30.3	59.8	62.3	
37.7	10.6	47.5	64.7	
35.2	5.7	45.1	57.4	
30.3	30.3	-1.7	45.1	
27.8	54.9	-36.1	47.5	
42.6	94.3	-58.3	25.4	
45.1	74.6	-95.2	15.5	
42.6	47.5	-109.9	3.2	
42.6	40.1	-146.8	0.8	
35.2	37.7	-159.1	-11.5	
47.5	22.9	-196.0	-18.9	
52.4	35.2	-149.3	-38.6	
45.1	62.3	-134.5	-16.4	
57.4	45.1	-102.5	-38.6	
40.1	27.8	-73.0	-41.0	
42.6	22.9	-26.3	-33.7	
50.0	45.1	15.5	-23.8	
37.7	47.5	94.3	-36.1	
42.6	37.7	37.7	-28.7	
50.0	32.8	62.3	-18.9	
27.8	32.8	67.2	-28.7	
47.5	27.8	27.8	-21.4	
37.7	15.5	-9.1	-28.7	
45.1	52.4	-31.2	-36.1	
35.2	45.1	-33.7	-21.4	
35.2	40.1	-14.0	-28.7	
35.2	64.7	35.2	-21.4	
30.3	62.3	57.4	-43.5	
27.8	64.7	45.1	-60.7	
22.9	52.4	89.3	-73.0	
30.3	40.1	136.1	-80.4	
35.2	40.1	106.6	-77.9	
27.8	37.7	121.3	-63.2	
20.5	45.1	143.5	-48.4	
25.4	22.9	173.0	-36.1	
25.4	20.5	165.6	-36.1	
22.9	18.0	145.9	-38.6	
25.4	47.5	148.4	-28.7	
22.9	47.5	197.6	-33.7	
25.4	59.8	182.8	-43.5	
42.6	47.5	163.1	-46.0	
40.1	27.8	185.3	-36.1	
52.4	32.8	219.7	-48.4	
37.7	20.5	239.4	-46.0	
35.2	30.3	219.7	-21.4	
32.8	22.9	200.0	-18.9	
32.8	18.0	177.9	-11.5	
35.2	13.1	138.5	-14.0	
37.7	13.1	89.3	-53.3	
32.8	22.9	77.0	-31.2	
42.6	30.3	82.0	8.2	
25.4	35.2	64.7	35.2	
37.7	13.1	74.6	25.4	
37.7	52.4	3.2	62.3	
30.3	91.8	-36.1	59.8	
37.7	109.0	-75.5	45.1	
40.1	111.5	-107.5	84.4	
45.1	79.5	-132.1	118.9	
42.6	72.1	-171.4	143.5	
45.1	67.2	-161.6	138.5	
42.6	45.1	-154.2	118.9	
45.1	54.9	-149.3	126.2	
30.3	40.1	-134.5	128.7	
37.7	47.5	-132.1	141.0	
45.1	37.7	-117.3	148.4	
32.8	52.4	-33.7	153.3	
37.7	50.0	-33.7	136.1	
45.1	40.1	-46.0	170.5	
35.2	45.1	15.5	182.8	
40.1	37.7	13.1	190.2	
37.7	27.8	0.8	187.7	
45.1	50.0	-70.6	239.4	
52.4	40.1	-139.4	273.8	
42.6	52.4	-161.6	286.1	
52.4	35.2	-161.6	268.9	
37.7	18.0	-191.1	276.3	
42.6	18.0	-85.3	293.5	
45.1	27.8	-38.6	271.4	
40.1	40.1	22.9	276.3	
27.8	52.4	96.7	320.6	
37.7	89.3	133.6	355.0	
42.6	72.1	180.4	342.7	
37.7	57.4	126.2	313.2	
25.4	50.0	116.4	320.6	
37.7	59.8	40.1	298.4	
37.7	45.1	-28.7	300.9	
32.8	35.2	-4.1	283.7	
32.8	52.4	22.9	286.1	
35.2	37.7	25.4	281.2	
25.4	25.4	35.2	271.4	
22.9	50.0	-23.8	256.6	
18.0	57.4	-100.1	229.6	
15.5	59.8	-122.2	224.6	
5.7	45.1	-77.9	205.0	
-1.7	50.0	-105.0	180.4	
-6.6	52.4	-87.8	158.2	
3.2	40.1	-107.5	150.8	
-4.1	42.6	-80.4	141.0	
-6.6	18.0	-14.0	141.0	
0.8	-9.1	-28.7	131.2	
-1.7	-43.5	-100.1	118.9	
-6.6	-38.6	-95.2	91.8	
-1.7	-23.8	-50.9	59.8	
-6.6	-28.7	22.9	47.5	
-9.1	-21.4	30.3	22.9	
3.2	5.7	40.1	-6.6	
0.8	0.8	96.7	-41.0	
5.7	-11.5	99.2	-58.3	
13.1	-21.4	148.4	-107.5	
15.5	-33.7	168.1	-139.4	
15.5	-31.2	232.0	-196.0	
18.0	-9.1	293.5	-235.4	
22.9	-28.7	352.6	-279.7	
22.9	-18.9	401.8	-289.5	
22.9	-33.7	428.8	-309.2	
18.0	-21.4	448.5	-321.5	
22.9	-14.0	453.4	-338.7	
22.9	-16.4	428.8	-331.3	
22.9	-33.7	423.9	-319.0	
25.4	-26.3	406.7	-296.9	
22.9	-53.3	436.2	-292.0	
30.3	-14.0	468.2	-306.7	
32.8	-36.1	475.6	-321.5	
20.5	-23.8	468.2	-319.0	
27.8	-14.0	431.3	-306.7	
20.5	-4.1	404.2	-277.2	
22.9	-14.0	428.8	-245.2	
15.5	-4.1	443.6	-215.7	
8.2	13.1	468.2	-171.4	
-14.0	-9.1	451.0	-151.7	
-1.7	-38.6	399.3	-102.5	
0.8	-41.0	379.6	-58.3	
3.2	-26.3	352.6	-14.0	
-1.7	-38.6	254.2	27.8	
-9.1	-50.9	254.2	57.4	
0.8	-63.2	239.4	101.6	
-1.7	-70.6	254.2	118.9	
-9.1	-60.7	227.1	126.2	
-4.1	-60.7	165.6	150.8	
-1.7	-50.9	133.6	158.2	
-11.5	-53.3	126.2	158.2	
-14.0	-53.3	113.9	185.3	
-18.9	-50.9	128.7	197.6	
-4.1	-53.3	121.3	236.9	
-4.1	-50.9	131.2	266.5	
-6.6	-33.7	136.1	286.1	
-1.7	-50.9	118.9	303.4	
-1.7	-46.0	99.2	308.3	
-9.1	-48.4	94.3	291.1	
-1.7	-43.5	72.1	303.4	
5.7	-53.3	79.5	310.7	
-9.1	-50.9	32.8	293.5	
-6.6	-50.9	47.5	283.7	
-1.7	-46.0	82.0	264.0	
13.1	-36.1	89.3	249.2	
15.5	-38.6	89.3	227.1	
8.2	-48.4	101.6	187.7	
0.8	-50.9	54.9	185.3	
5.7	-58.3	52.4	158.2	
5.7	-60.7	37.7	148.4	
18.0	-75.5	50.0	131.2	
30.3	-70.6	67.2	128.7	
27.8	-63.2	96.7	106.6	
45.1	-50.9	113.9	89.3	
37.7	-50.9	128.7	64.7	
52.4	-48.4	118.9	45.1	
45.1	-58.3	145.9	0.8	
45.1	-48.4	180.4	35.2	
42.6	-53.3	177.9	32.8	
35.2	-55.8	195.1	27.8	
18.0	-63.2	227.1	0.8	
18.0	-63.2	244.3	20.5	
27.8	-55.8	234.5	15.5	
18.0	-73.0	219.7	-16.4	
10.6	-80.4	205.0	8.2	
8.2	-53.3	187.7	-4.1	
5.7	-48.4	175.4	-26.3	
0.8	-33.7	158.2	-33.7	
-1.7	-31.2	128.7	-21.4	
8.2	-23.8	121.3	-9.1	
15.5	-21.4	99.2	0.8	
18.0	-16.4	62.3	22.9	
3.2	-18.9	37.7	25.4	
13.1	3.2	8.2	5.7	
22.9	-1.7	-1.7	27.8	
15.5	-6.6	-21.4	32.8	
15.5	-9.1	-43.5	30.3	
18.0	-1.7	-77.9	45.1	
30.3	13.1	-90.2	40.1	
18.0	42.6	-102.5	52.4	
22.9	47.5	-105.0	42.6	
20.5	32.8	-109.9	37.7	
30.3	30.3	-176.3	32.8	
27.8	30.3	-178.8	32.8	
15.5	37.7	-210.8	37.7	
22.9	20.5	-215.7	37.7	
15.5	22.9	-200.9	18.0	
13.1	15.5	-220.6	13.1	
22.9	22.9	-223.1	18.0	
18.0	20.5	-225.5	-4.1	
22.9	20.5	-232.9	-26.3	
22.9	15.5	-255.1	-23.8	
22.9	25.4	-262.4	-21.4	
22.9	18.0	-262.4	-38.6	
27.8	18.0	-287.0	-28.7	
42.6	8.2	-282.1	-38.6	
40.1	13.1	-292.0	-48.4	
45.1	20.5	-304.3	-50.9	
35.2	22.9	-301.8	-73.0	
27.8	20.5	-301.8	-73.0	
22.9	10.6	-284.6	-68.1	
20.5	0.8	-264.9	-68.1	
10.6	3.2	-264.9	-73.0	
-1.7	5.7	-255.1	-65.6	
-14.0	5.7	-274.7	-77.9	
-9.1	8.2	-306.7	-73.0	
-11.5	8.2	-299.3	-73.0	
-11.5	20.5	-274.7	-75.5	
-14.0	20.5	-245.2	-68.1	
-11.5	18.0	-232.9	-75.5	
-14.0	22.9	-225.5	-60.7	
-9.1	10.6	-230.5	-65.6	
-28.7	10.6	-188.6	-55.8	
-18.9	8.2	-149.3	-58.3	
-26.3	3.2	-105.0	-53.3	
-28.7	8.2	-85.3	-46.0	
-33.7	22.9	-73.0	-50.9	
-23.8	30.3	-50.9	-33.7	
-21.4	8.2	-36.1	-58.3	
-18.9	-9.1	-9.1	-33.7	
-14.0	-4.1	-9.1	-33.7	
-6.6	-14.0	-14.0	-38.6	
3.2	-9.1	13.1	-41.0	
-4.1	5.7	45.1	-38.6	
13.1	-14.0	47.5	-21.4	
22.9	-16.4	57.4	-31.2	
22.9	-14.0	86.9	-36.1	
35.2	5.7	94.3	-31.2	
35.2	-6.6	116.4	-26.3	
47.5	3.2	126.2	-21.4	
45.1	-4.1	141.0	-11.5	
47.5	-4.1	150.8	-16.4	
52.4	-14.0	173.0	-14.0	
52.4	-28.7	187.7	-6.6	
62.3	-18.9	195.1	-6.6	
72.1	-16.4	165.6	15.5	
77.0	-14.0	182.8	25.4	
72.1	-21.4	185.3	35.2	
74.6	-11.5	214.8	30.3	
69.7	-9.1	202.5	20.5	
67.2	-6.6	197.6	45.1	
67.2	0.8	209.9	25.4	
67.2	20.5	190.2	35.2	
69.7	18.0	207.4	50.0	
52.4	3.2	200.0	40.1	
52.4	8.2	182.8	32.8	
62.3	18.0	180.4	27.8	
52.4	27.8	173.0	15.5	
50.0	18.0	106.6	15.5	
52.4	25.4	91.8	18.0	
57.4	40.1	82.0	0.8	
57.4	40.1	86.9	5.7	
59.8	40.1	133.6	-1.7	
57.4	37.7	96.7	0.8	
59.8	20.5	116.4	-11.5	
54.9	27.8	123.8	-6.6	
59.8	27.8	126.2	-4.1	
52.4	22.9	118.9	-4.1	
42.6	27.8	94.3	-11.5	
45.1	54.9	74.6	0.8	
32.8	47.5	74.6	-4.1	
35.2	42.6	40.1	5.7	
25.4	54.9	37.7	-1.7	
20.5	42.6	22.9	5.7	
-4.1	32.8	20.5	-4.1	
-6.6	40.1	18.0	8.2	
-21.4	45.1	5.7	10.6	
-28.7	54.9	22.9	13.1	
-38.6	54.9	37.7	25.4	
-26.3	57.4	25.4	20.5	
-36.1	62.3	40.1	25.4	
-41.0	50.0	22.9	27.8	
-36.1	30.3	5.7	20.5	
-48.4	13.1	-21.4	18.0	
-36.1	-4.1	-65.6	25.4	
-36.1	-11.5	-60.7	8.2	
-33.7	5.7	-85.3	22.9	
-28.7	18.0	-161.6	30.3	
-36.1	18.0	-151.7	32.8	
-28.7	45.1	-156.7	42.6	
-31.2	25.4	-154.2	37.7	
-23.8	32.8	-119.8	40.1	
-26.3	32.8	-102.5	42.6	
-38.6	25.4	-68.1	40.1	
-33.7	27.8	-50.9	32.8	
-18.9	25.4	-36.1	27.8	
-28.7	30.3	-26.3	42.6	
-11.5	40.1	-21.4	42.6	
-11.5	40.1	-41.0	37.7	
-23.8	18.0	-43.5	52.4	
-6.6	18.0	-48.4	42.6	
-6.6	37.7	-53.3	54.9	
-18.9	72.1	-41.0	42.6	
-9.1	72.1	-55.8	57.4	
8.2	79.5	-33.7	64.7	
0.8	96.7	-14.0	54.9	
15.5	153.3	15.5	64.7	
20.5	131.2	15.5	50.0	
18.0	113.9	-6.6	42.6	
30.3	126.2	-1.7	52.4	
35.2	94.3	-16.4	54.9	
25.4	77.0	-63.2	52.4	
42.6	35.2	-70.6	52.4	
40.1	8.2	-43.5	54.9	
54.9	13.1	-26.3	52.4	
52.4	27.8	-11.5	47.5	
52.4	32.8	-1.7	35.2	
50.0	62.3	5.7	35.2	
50.0	47.5	-4.1	45.1	
40.1	8.2	-1.7	47.5	
57.4	3.2	3.2	50.0	
52.4	0.8	5.7	42.6	
45.1	5.7	13.1	20.5	
47.5	37.7	18.0	32.8	
57.4	37.7	20.5	18.0	
52.4	35.2	47.5	15.5	
57.4	32.8	57.4	10.6	
42.6	27.8	57.4	0.8	
40.1	30.3	69.7	-4.1	
45.1	27.8	62.3	-1.7	
54.9	32.8	69.7	-1.7	
40.1	37.7	37.7	3.2	
40.1	18.0	-1.7	8.2	
30.3	8.2	0.8	8.2	
37.7	-4.1	30.3	8.2	
30.3	20.5	64.7	13.1	
35.2	22.9	94.3	15.5	
25.4	13.1	89.3	8.2	
22.9	25.4	104.1	20.5	
22.9	10.6	82.0	27.8	
15.5	5.7	74.6	25.4	
10.6	8.2	50.0	18.0	
5.7	22.9	-31.2	10.6	
13.1	15.5	-46.0	-1.7	
15.5	25.4	-31.2	-14.0	
8.2	40.1	8.2	-1.7	
10.6	27.8	22.9	0.8	
3.2	10.6	45.1	-1.7	
15.5	8.2	3.2	-14.0	
15.5	8.2	-48.4	-21.4	
18.0	18.0	-43.5	-23.8	
18.0	20.5	-14.0	-14.0	
10.6	15.5	0.8	-21.4	
5.7	5.7	10.6	-33.7	
0.8	3.2	10.6	-11.5	
0.8	0.8	0.8	-9.1	
5.7	-9.1	5.7	-21.4	
0.8	-4.1	3.2	-26.3	
3.2	-11.5	-14.0	-23.8	
-4.1	0.8	-38.6	-21.4	
-1.7	-4.1	-18.9	-31.2	
-1.7	-9.1	-9.1	-11.5	
-1.7	-9.1	5.7	-16.4	
-9.1	-9.1	10.6	-18.9	
-1.7	-11.5	-11.5	-31.2	
-9.1	-16.4	-18.9	-26.3	
-4.1	-14.0	-11.5	-31.2	
-9.1	-16.4	-11.5	-9.1	
-18.9	-21.4	-4.1	-18.9	
-4.1	-21.4	0.8	-18.9	
-18.9	-21.4	15.5	-26.3	
-6.6	-11.5	25.4	-18.9	
-16.4	3.2	8.2	-11.5	
-28.7	0.8	13.1	-14.0	
-18.9	10.6	40.1	-14.0	
-43.5	18.0	37.7	-11.5	
-31.2	3.2	35.2	-18.9	
-31.2	-6.6	20.5	-28.7	
-26.3	8.2	32.8	-16.4	
-28.7	0.8	32.8	-9.1	
-31.2	-4.1	37.7	-18.9	
-33.7	-16.4	35.2	-28.7	
-26.3	-16.4	37.7	-31.2	
-46.0	-23.8	40.1	-23.8	
-26.3	-28.7	-1.7	-41.0	
-23.8	-23.8	20.5	-31.2	
-26.3	-18.9	-9.1	-33.7	
-28.7	-14.0	-16.4	-18.9	
-33.7	-6.6	22.9	-33.7	
-18.9	10.6	35.2	-36.1	
-26.3	3.2	47.5	-26.3	
-23.8	5.7	50.0	-21.4	
-21.4	5.7	42.6	-16.4	
-16.4	13.1	40.1	-4.1	
-21.4	-11.5	45.1	-11.5	
-26.3	-11.5	57.4	-9.1	
-23.8	3.2	50.0	-23.8	
-6.6	-16.4	62.3	-28.7	
-16.4	18.0	52.4	-18.9	
-16.4	42.6	40.1	-26.3	
-16.4	10.6	35.2	-38.6	
-14.0	0.8	27.8	-14.0	
-23.8	15.5	-4.1	-1.7	
-11.5	22.9	27.8	-1.7	
-14.0	8.2	40.1	-6.6	
-14.0	0.8	15.5	-6.6	
-26.3	-6.6	3.2	-14.0	
-11.5	-11.5	13.1	-9.1	
-16.4	22.9	25.4	-4.1	
-9.1	27.8	57.4	-18.9	
-9.1	27.8	72.1	-21.4	
-21.4	22.9	69.7	-36.1	
-28.7	25.4	57.4	-46.0	
-16.4	13.1	35.2	-43.5	
-16.4	-1.7	-4.1	-38.6	
-11.5	-16.4	13.1	-36.1	
-14.0	-11.5	35.2	-21.4	
-26.3	-9.1	37.7	-21.4	
-21.4	8.2	35.2	-21.4	
-26.3	-4.1	37.7	-23.8	
-23.8	13.1	27.8	-36.1	
-16.4	13.1	-23.8	-26.3	
-11.5	22.9	-18.9	-28.7	
-23.8	22.9	-9.1	-18.9	
-23.8	22.9	-11.5	-31.2	
-11.5	27.8	-23.8	-16.4	
-21.4	27.8	-43.5	-16.4	
-6.6	27.8	-48.4	-6.6	
-14.0	30.3	-33.7	-6.6	
-16.4	40.1	-6.6	5.7	
-1.7	42.6	-14.0	13.1	
-16.4	54.9	-21.4	22.9	
-16.4	47.5	-55.8	27.8	
-9.1	45.1	-46.0	10.6	
-14.0	35.2	-23.8	13.1	
-21.4	37.7	-14.0	-1.7	
-11.5	35.2	-1.7	-53.3	
-18.9	35.2	-1.7	-87.8	
-16.4	42.6	-4.1	-82.9	
-11.5	20.5	10.6	-92.7	
-11.5	18.0	-16.4	-80.4	
-11.5	22.9	-9.1	-63.2	
-6.6	40.1	-26.3	-41.0	
0.8	27.8	-18.9	-21.4	
-1.7	45.1	3.2	0.8	
3.2	35.2	-41.0	10.6	
5.7	42.6	-58.3	25.4	
15.5	40.1	-50.9	25.4	
8.2	27.8	-23.8	3.2	
5.7	35.2	-9.1	-33.7	
15.5	45.1	10.6	-43.5	
27.8	32.8	10.6	-50.9	
25.4	22.9	5.7	-65.6	
30.3	32.8	5.7	-80.4	
20.5	27.8	-1.7	-87.8	
40.1	30.3	18.0	-137.0	
40.1	20.5	25.4	-134.5	
27.8	25.4	-26.3	-127.1	
37.7	15.5	-9.1	-100.1	
25.4	18.0	-1.7	-50.9	
27.8	0.8	13.1	-14.0	
8.2	-14.0	30.3	13.1	
10.6	-23.8	35.2	27.8	
5.7	-9.1	50.0	30.3	
5.7	-23.8	52.4	20.5	
5.7	-33.7	30.3	42.6	
-11.5	-6.6	37.7	54.9	
-11.5	-16.4	25.4	27.8	
0.8	-16.4	-6.6	0.8	
-9.1	-9.1	-1.7	-1.7	
-14.0	-41.0	15.5	-1.7	
-1.7	-50.9	27.8	-21.4	
-14.0	-50.9	27.8	-28.7	
-14.0	-48.4	37.7	-9.1	
-18.9	-43.5	42.6	22.9	
3.2	-28.7	27.8	64.7	
-4.1	-26.3	22.9	77.0	
-6.6	0.8	-1.7	116.4	
-26.3	8.2	-1.7	133.6	
-11.5	8.2	10.6	143.5	
-11.5	3.2	13.1	145.9	
-21.4	25.4	3.2	133.6	
-16.4	32.8	-21.4	121.3	
-16.4	27.8	-9.1	111.5	
-14.0	40.1	8.2	96.7	
-18.9	32.8	37.7	86.9	
-16.4	30.3	37.7	57.4	
-11.5	13.1	37.7	50.0	
-18.9	47.5	20.5	47.5	
-18.9	69.7	32.8	37.7	
-14.0	57.4	22.9	54.9	
-11.5	59.8	25.4	59.8	
-14.0	67.2	22.9	52.4	
-1.7	72.1	5.7	67.2	
-14.0	64.7	-4.1	69.7	
-9.1	40.1	10.6	72.1	
-6.6	35.2	18.0	57.4	
-11.5	62.3	22.9	54.9	
-11.5	40.1	25.4	52.4	
-16.4	25.4	27.8	57.4	
-16.4	32.8	35.2	57.4	
-1.7	27.8	37.7	62.3	
-21.4	20.5	40.1	67.2	
-9.1	18.0	22.9	47.5	
-9.1	15.5	0.8	45.1	
-9.1	15.5	-9.1	50.0	
-21.4	18.0	15.5	37.7	
-14.0	18.0	30.3	13.1	
-9.1	5.7	18.0	-14.0	
0.8	-6.6	22.9	-31.2	
-6.6	10.6	20.5	-33.7	
-9.1	13.1	47.5	-26.3	
-9.1	15.5	47.5	-16.4	
-1.7	22.9	32.8	-16.4	
-9.1	3.2	54.9	-28.7	
-6.6	10.6	59.8	-36.1	
-4.1	15.5	74.6	-38.6	
-14.0	18.0	62.3	-55.8	
0.8	10.6	67.2	-63.2	
3.2	15.5	74.6	-55.8	
-6.6	35.2	59.8	-70.6	
-4.1	47.5	50.0	-68.1	
-4.1	47.5	54.9	-63.2	
0.8	52.4	67.2	-58.3	
-11.5	45.1	47.5	-55.8	
-1.7	54.9	54.9	-43.5	
-9.1	64.7	47.5	-48.4	
15.5	35.2	42.6	-28.7	
8.2	40.1	52.4	-28.7	
8.2	18.0	25.4	-33.7	
-1.7	5.7	42.6	-18.9	
-1.7	15.5	45.1	-26.3	
3.2	30.3	35.2	-28.7	
-9.1	10.6	35.2	-36.1	
-6.6	15.5	30.3	-43.5	
3.2	10.6	25.4	-55.8	
-14.0	20.5	20.5	-53.3	
0.8	22.9	15.5	-50.9	
-9.1	37.7	8.2	-75.5	
-6.6	45.1	13.1	-87.8	
-6.6	50.0	-18.9	-87.8	
-9.1	32.8	-14.0	-50.9	
-9.1	30.3	5.7	-50.9	
-6.6	25.4	8.2	-73.0	
-4.1	15.5	10.6	-65.6	
-1.7	37.7	25.4	-85.3	
-9.1	30.3	37.7	-63.2	
-6.6	27.8	35.2	-55.8	
0.8	25.4	52.4	-73.0	
-1.7	18.0	69.7	-73.0	
-4.1	30.3	96.7	-58.3	
-6.6	50.0	89.3	-31.2	
-14.0	42.6	96.7	-11.5	
-1.7	37.7	128.7	-14.0	
3.2	59.8	138.5	-4.1	
-9.1	86.9	180.4	-9.1	
-4.1	72.1	207.4	13.1	
-4.1	40.1	219.7	10.6	
0.8	69.7	227.1	0.8	
-11.5	82.0	256.6	0.8	
-4.1	59.8	278.8	3.2	
3.2	45.1	308.3	-11.5	
5.7	37.7	300.9	0.8	
-1.7	47.5	291.1	5.7	
-1.7	54.9	303.4	-9.1	
-16.4	54.9	266.5	-31.2	
0.8	69.7	303.4	-31.2	
5.7	42.6	355.0	-18.9	
10.6	20.5	374.7	-26.3	
15.5	30.3	382.1	-23.8	
20.5	40.1	355.0	-43.5	
15.5	35.2	330.4	-33.7	
18.0	13.1	335.3	-31.2	
18.0	-1.7	320.6	-38.6	
18.0	-4.1	296.0	-50.9	
20.5	-1.7	264.0	-70.6	
20.5	3.2	256.6	-55.8	
20.5	-16.4	266.5	-48.4	
27.8	-1.7	254.2	-43.5	
30.3	15.5	246.8	-28.7	
35.2	25.4	251.7	-14.0	
40.1	22.9	229.6	-14.0	
40.1	18.0	229.6	-18.9	
45.1	18.0	229.6	-16.4	
35.2	52.4	207.4	-6.6	
32.8	54.9	187.7	-21.4	
47.5	72.1	170.5	-16.4	
40.1	57.4	173.0	-16.4	
27.8	40.1	143.5	-23.8	
27.8	32.8	121.3	-23.8	
32.8	20.5	91.8	-33.7	
27.8	27.8	57.4	-36.1	
22.9	22.9	79.5	-41.0	
20.5	8.2	69.7	-63.2	
8.2	-18.9	72.1	-60.7	
8.2	-41.0	64.7	-48.4	
8.2	-28.7	52.4	-68.1	
8.2	-4.1	40.1	-73.0	
18.0	-6.6	27.8	-95.2	
20.5	-6.6	0.8	-90.2	
15.5	8.2	-16.4	-95.2	
25.4	18.0	-28.7	-85.3	
13.1	35.2	-36.1	-60.7	
15.5	50.0	-43.5	-60.7	
20.5	59.8	-38.6	-53.3	
22.9	57.4	-41.0	-43.5	
20.5	57.4	-43.5	-55.8	
22.9	50.0	-43.5	-63.2	
10.6	42.6	-38.6	-68.1	
15.5	35.2	-43.5	-68.1	
15.5	45.1	-38.6	-68.1	
10.6	45.1	-14.0	-60.7	
3.2	42.6	-1.7	-48.4	
18.0	27.8	3.2	-36.1	
13.1	15.5	5.7	-26.3	
10.6	37.7	10.6	-31.2	
3.2	52.4	13.1	-14.0	
-1.7	47.5	10.6	-4.1	
0.8	35.2	10.6	-1.7	
5.7	30.3	18.0	3.2	
3.2	27.8	20.5	-6.6	
-1.7	32.8	15.5	-6.6	
3.2	25.4	3.2	-21.4	
0.8	27.8	0.8	-1.7	
5.7	37.7	-9.1	5.7	
3.2	25.4	-18.9	0.8	
13.1	27.8	-14.0	3.2	
18.0	32.8	-28.7	10.6	
18.0	32.8	-4.1	22.9	
20.5	27.8	32.8	25.4	
20.5	27.8	77.0	37.7	
15.5	10.6	89.3	35.2	
5.7	15.5	111.5	37.7	
5.7	15.5	109.0	62.3	
5.7	25.4	121.3	72.1	
8.2	27.8	141.0	69.7	
8.2	22.9	94.3	77.0	
3.2	13.1	67.2	69.7	
8.2	13.1	126.2	91.8	
-4.1	22.9	170.5	89.3	
8.2	27.8	219.7	111.5	
5.7	18.0	239.4	109.0	
-1.7	22.9	239.4	106.6	
-1.7	20.5	251.7	106.6	
3.2	22.9	232.0	116.4	
-6.6	10.6	234.5	118.9	
13.1	5.7	224.6	106.6	
10.6	10.6	232.0	94.3	
0.8	25.4	241.9	104.1	
8.2	20.5	251.7	101.6	
8.2	15.5	249.2	77.0	
0.8	3.2	234.5	82.0	
8.2	3.2	214.8	74.6	
18.0	-6.6	200.0	67.2	
13.1	-21.4	168.1	86.9	
0.8	8.2	153.3	106.6	
3.2	25.4	136.1	109.0	
15.5	35.2	104.1	106.6	
5.7	45.1	111.5	109.0	
8.2	62.3	89.3	82.0	
3.2	74.6	69.7	67.2	
5.7	62.3	47.5	52.4	
0.8	50.0	64.7	27.8	
13.1	35.2	54.9	25.4	
5.7	20.5	64.7	15.5	
5.7	20.5	79.5	3.2	
20.5	27.8	104.1	-16.4	
22.9	13.1	99.2	-4.1	
10.6	-11.5	126.2	-6.6	
10.6	-1.7	123.8	-1.7	
15.5	8.2	133.6	8.2	
22.9	22.9	145.9	-1.7	
22.9	32.8	145.9	5.7	
20.5	25.4	136.1	-4.1	
30.3	18.0	104.1	-9.1	
30.3	32.8	57.4	-9.1	
22.9	22.9	40.1	-4.1	
20.5	22.9	8.2	-6.6	
22.9	22.9	-26.3	-1.7	
13.1	32.8	-65.6	-14.0	
25.4	32.8	-92.7	0.8	
18.0	15.5	-109.9	-18.9	
22.9	22.9	-112.4	-14.0	
32.8	18.0	-137.0	-6.6	
25.4	32.8	-151.7	-4.1	
30.3	37.7	-164.0	-14.0	
37.7	62.3	-200.9	-26.3	
45.1	54.9	-223.1	-31.2	
45.1	42.6	-210.8	-28.7	
35.2	25.4	-203.4	-43.5	
25.4	15.5	-235.4	-41.0	
40.1	20.5	-232.9	-36.1	
32.8	-6.6	-225.5	-36.1	
35.2	-11.5	-257.5	-31.2	
47.5	-16.4	-247.7	-38.6	
40.1	-11.5	-255.1	-46.0	
40.1	0.8	-277.2	-55.8	
20.5	-1.7	-255.1	-46.0	
22.9	5.7	-247.7	-38.6	
37.7	-1.7	-213.2	-11.5	
37.7	10.6	-228.0	-33.7	
37.7	22.9	-235.4	-41.0	
27.8	27.8	-240.3	-28.7	
22.9	32.8	-228.0	-11.5	
25.4	15.5	-208.3	-33.7	
32.8	37.7	-198.5	-53.3	
32.8	47.5	-213.2	-73.0	
30.3	54.9	-215.7	-46.0	
20.5	40.1	-193.6	-53.3	
22.9	27.8	-156.7	-50.9	
25.4	8.2	-144.4	-48.4	
32.8	13.1	-109.9	-23.8	
25.4	20.5	-90.2	-26.3	
32.8	20.5	-95.2	-16.4	
32.8	10.6	-127.1	-28.7	
25.4	8.2	-156.7	-11.5	
22.9	5.7	-173.9	3.2	
35.2	30.3	-149.3	0.8	
30.3	35.2	-114.8	-11.5	
25.4	45.1	-105.0	-21.4	
13.1	42.6	-97.6	-43.5	
25.4	30.3	-124.7	-90.2	
20.5	22.9	-141.9	-102.5	
20.5	32.8	-161.6	-105.0	
22.9	50.0	-149.3	-80.4	
18.0	45.1	-117.3	-87.8	
15.5	35.2	-100.1	-68.1	
22.9	35.2	-87.8	-48.4	
18.0	20.5	-95.2	-28.7	
22.9	40.1	-87.8	-14.0	
8.2	30.3	-77.9	-18.9	
8.2	32.8	-65.6	-16.4	
8.2	32.8	-53.3	-16.4	
3.2	40.1	-55.8	-18.9	
0.8	25.4	-48.4	-26.3	
10.6	30.3	-50.9	-23.8	
5.7	13.1	-38.6	-36.1	
3.2	22.9	-41.0	-43.5	
3.2	22.9	-43.5	-26.3	
3.2	5.7	-21.4	-4.1	
8.2	0.8	-23.8	-26.3	
-1.7	10.6	-11.5	-38.6	
5.7	18.0	-26.3	-31.2	
-9.1	37.7	-23.8	5.7	
13.1	30.3	-16.4	5.7	
5.7	32.8	-26.3	-11.5	
3.2	35.2	-28.7	-31.2	
5.7	30.3	-28.7	-41.0	
5.7	37.7	-31.2	-46.0	
3.2	42.6	-26.3	-36.1	
8.2	40.1	-18.9	-26.3	
18.0	37.7	-23.8	-18.9	
8.2	35.2	-28.7	-1.7	
-9.1	32.8	-48.4	-38.6	
5.7	54.9	-50.9	-23.8	
5.7	45.1	-38.6	-9.1	
-1.7	72.1	-41.0	15.5	
3.2	77.0	-43.5	30.3	
-9.1	57.4	-41.0	40.1	
0.8	47.5	-43.5	47.5	
5.7	67.2	-50.9	15.5	
5.7	77.0	-53.3	13.1	
8.2	69.7	-38.6	0.8	
10.6	59.8	-38.6	-11.5	
5.7	62.3	-21.4	-21.4	
0.8	62.3	-31.2	5.7	
0.8	54.9	-21.4	15.5	
-1.7	45.1	-33.7	20.5	
10.6	50.0	-38.6	54.9	
8.2	50.0	-9.1	77.0	
8.2	50.0	-9.1	89.3	
22.9	35.2	5.7	37.7	
15.5	62.3	30.3	0.8	
18.0	52.4	47.5	-9.1	
18.0	62.3	67.2	-9.1	
20.5	62.3	91.8	37.7	
20.5	62.3	86.9	106.6	
20.5	52.4	64.7	82.0	
22.9	54.9	52.4	109.0	
20.5	40.1	42.6	116.4	
13.1	42.6	22.9	113.9	
22.9	32.8	10.6	84.4	
18.0	52.4	-1.7	62.3	
18.0	27.8	20.5	57.4	
27.8	40.1	-1.7	59.8	
27.8	32.8	-38.6	67.2	
18.0	25.4	-82.9	69.7	
20.5	32.8	-127.1	62.3	
25.4	54.9	-171.4	64.7	
30.3	59.8	-191.1	82.0	
27.8	57.4	-208.3	96.7	
25.4	69.7	-200.9	91.8	
20.5	91.8	-208.3	77.0	
25.4	82.0	-210.8	86.9	
27.8	82.0	-218.2	89.3	
27.8	77.0	-232.9	64.7	
32.8	84.4	-242.8	45.1	
40.1	64.7	-257.5	50.0	
25.4	57.4	-260.0	30.3	
40.1	67.2	-262.4	35.2	
32.8	69.7	-237.8	62.3	
37.7	74.6	-240.3	52.4	
25.4	62.3	-230.5	72.1	
57.4	52.4	-223.1	62.3	
40.1	27.8	-223.1	32.8	
25.4	-4.1	-213.2	5.7	
22.9	-11.5	-215.7	-28.7	
25.4	25.4	-218.2	-28.7	
32.8	27.8	-220.6	-26.3	
27.8	32.8	-203.4	-41.0	
18.0	30.3	-205.9	-33.7	
22.9	35.2	-198.5	-43.5	
22.9	32.8	-210.8	-50.9	
30.3	42.6	-200.9	-11.5	
13.1	62.3	-169.0	15.5	
25.4	77.0	-132.1	10.6	
5.7	22.9	-119.8	0.8	
3.2	42.6	-109.9	-31.2	
8.2	22.9	-105.0	-46.0	
18.0	8.2	-124.7	-53.3	
5.7	25.4	-87.8	-43.5	
10.6	40.1	-92.7	-48.4	
5.7	72.1	-95.2	-43.5	
8.2	74.6	-87.8	-53.3	
-1.7	72.1	-63.2	-55.8	
-16.4	42.6	-60.7	-46.0	
-6.6	50.0	-70.6	-43.5	
-14.0	47.5	-50.9	-48.4	
-21.4	32.8	-21.4	-43.5	
-23.8	13.1	-18.9	-41.0	
-28.7	-4.1	-21.4	-41.0	
-28.7	-23.8	-36.1	-60.7	
-21.4	8.2	-28.7	-68.1	
-16.4	20.5	-6.6	-65.6	
-14.0	25.4	18.0	-73.0	
3.2	30.3	27.8	-85.3	
-11.5	32.8	37.7	-58.3	
-1.7	10.6	69.7	-63.2	
0.8	27.8	67.2	-92.7	
5.7	42.6	79.5	-100.1	
10.6	37.7	91.8	-112.4	
5.7	30.3	91.8	-119.8	
10.6	18.0	77.0	-87.8	
10.6	18.0	57.4	-82.9	
20.5	5.7	32.8	-122.2	
27.8	-11.5	30.3	-112.4	
22.9	-31.2	25.4	-154.2	
27.8	-31.2	-1.7	-65.6	
22.9	-9.1	-6.6	-87.8	
8.2	-14.0	0.8	-95.2	
3.2	20.5	15.5	-92.7	
3.2	27.8	22.9	-77.9	
10.6	86.9	30.3	-70.6	
5.7	57.4	27.8	-87.8	
-1.7	37.7	30.3	-95.2	
-18.9	62.3	37.7	-82.9	
5.7	40.1	35.2	-95.2	
0.8	25.4	42.6	-112.4	
27.8	-1.7	35.2	-112.4	
27.8	-38.6	22.9	-137.0	
27.8	-38.6	15.5	-119.8	
20.5	-23.8	5.7	-102.5	
35.2	-9.1	10.6	-80.4	
32.8	5.7	25.4	-77.9	
52.4	15.5	25.4	-60.7	
42.6	30.3	30.3	-50.9	
45.1	22.9	25.4	-31.2	
45.1	32.8	22.9	-53.3	
50.0	15.5	15.5	-80.4	
50.0	13.1	22.9	-80.4	
50.0	27.8	22.9	-11.5	
62.3	32.8	15.5	-6.6	
42.6	20.5	5.7	-14.0	
47.5	18.0	-14.0	-21.4	
40.1	10.6	-43.5	-4.1	
20.5	-1.7	-43.5	-4.1	
0.8	3.2	-70.6	54.9	
8.2	40.1	-85.3	74.6	
-11.5	15.5	-109.9	40.1	
0.8	-6.6	-132.1	-1.7	
-18.9	8.2	-137.0	-16.4	
-21.4	13.1	-144.4	-31.2	
-11.5	13.1	-164.0	-41.0	
-11.5	-4.1	-166.5	-48.4	
-14.0	5.7	-188.6	-9.1	
-28.7	15.5	-205.9	-41.0	
-9.1	37.7	-196.0	-70.6	
-23.8	40.1	-169.0	-114.8	
-16.4	27.8	-90.2	-117.3	
-14.0	10.6	-23.8	-124.7	
-41.0	10.6	3.2	-82.9	
-38.6	15.5	47.5	-11.5	
-41.0	8.2	89.3	-28.7	
-28.7	0.8	121.3	-26.3	
-38.6	15.5	126.2	-1.7	
-26.3	15.5	106.6	-11.5	
-33.7	8.2	153.3	-38.6	
-48.4	-9.1	173.0	-23.8	
-46.0	-6.6	190.2	-50.9	
-36.1	-18.9	209.9	-26.3	
-46.0	-6.6	234.5	-14.0	
-50.9	0.8	229.6	32.8	
-55.8	3.2	224.6	94.3	
-53.3	-4.1	214.8	25.4	
-43.5	22.9	197.6	32.8	
-38.6	35.2	200.0	18.0	
-43.5	18.0	182.8	3.2	
-31.2	0.8	163.1	-9.1	
-38.6	-14.0	136.1	-36.1	
-38.6	-14.0	82.0	-38.6	
-41.0	-11.5	54.9	5.7	
-18.9	-16.4	64.7	67.2	
-16.4	-14.0	62.3	165.6	
-9.1	22.9	69.7	145.9	
-1.7	15.5	64.7	123.8	
8.2	-1.7	77.0	77.0	
18.0	-26.3	64.7	59.8	
25.4	-21.4	50.0	10.6	
27.8	-63.2	30.3	-26.3	
25.4	-68.1	25.4	0.8	
22.9	-68.1	-1.7	-55.8	
22.9	-65.6	-28.7	-107.5	
50.0	-58.3	-23.8	-107.5	
47.5	-48.4	-4.1	-97.6	
62.3	-55.8	-9.1	-16.4	
59.8	-43.5	-18.9	-18.9	
67.2	-41.0	-4.1	-43.5	
59.8	-36.1	-4.1	-26.3	
62.3	-33.7	-16.4	-33.7	
64.7	-41.0	-31.2	-60.7	
79.5	-41.0	-58.3	-68.1	
86.9	-41.0	-48.4	-68.1	
84.4	-26.3	-65.6	-46.0	
99.2	-31.2	-109.9	-16.4	
82.0	-18.9	-112.4	18.0	
82.0	-21.4	-63.2	3.2	
82.0	-4.1	-31.2	-18.9	
96.7	5.7	-18.9	-33.7	
79.5	18.0	-9.1	-50.9	
99.2	20.5	20.5	-28.7	
111.5	30.3	59.8	30.3	
99.2	42.6	104.1	10.6	
111.5	45.1	126.2	-14.0	
118.9	54.9	153.3	-28.7	
133.6	64.7	145.9	-53.3	
145.9	64.7	145.9	-75.5	
143.5	62.3	121.3	-141.9	
158.2	82.0	84.4	-186.2	
155.8	74.6	72.1	-223.1	
148.4	69.7	52.4	-250.1	
160.7	94.3	30.3	-205.9	
155.8	91.8	0.8	-218.2	
175.4	84.4	-28.7	-218.2	
160.7	86.9	-60.7	-196.0	
158.2	86.9	-53.3	-144.4	
145.9	96.7	-46.0	-55.8	
150.8	118.9	-58.3	-31.2	
126.2	111.5	-102.5	-41.0	
123.8	136.1	-132.1	-73.0	
106.6	136.1	-141.9	-48.4	
101.6	128.7	-117.3	-26.3	
99.2	109.0	-119.8	27.8	
96.7	101.6	-114.8	30.3	
86.9	113.9	-97.6	-18.9	
99.2	113.9	-97.6	-36.1	
91.8	94.3	-65.6	-48.4	
106.6	96.7	-60.7	-31.2	
96.7	101.6	-50.9	-28.7	
84.4	116.4	-48.4	-77.9	
94.3	91.8	-63.2	-87.8	
104.1	84.4	-77.9	-80.4	
101.6	91.8	-92.7	-122.2	
99.2	82.0	-95.2	-146.8	
101.6	84.4	-82.9	-119.8	
91.8	77.0	-80.4	-48.4	
74.6	72.1	-70.6	62.3	
52.4	59.8	-63.2	99.2	
37.7	59.8	-63.2	111.5	
20.5	74.6	-70.6	148.4	
15.5	57.4	-87.8	158.2	
25.4	32.8	-82.9	118.9	
27.8	35.2	-68.1	133.6	
20.5	52.4	-36.1	131.2	
27.8	84.4	-9.1	153.3	
20.5	57.4	3.2	150.8	
0.8	64.7	-9.1	158.2	
15.5	54.9	42.6	192.7	
18.0	52.4	59.8	244.3	
30.3	47.5	69.7	291.1	
25.4	35.2	84.4	308.3	
0.8	40.1	74.6	291.1	
-11.5	20.5	82.0	291.1	
-14.0	8.2	62.3	328.0	
-23.8	18.0	69.7	345.2	
-23.8	25.4	82.0	379.6	
-21.4	22.9	72.1	394.4	
-23.8	20.5	79.5	404.2	
-23.8	30.3	42.6	458.3	
-26.3	32.8	18.0	524.8	
-43.5	42.6	-33.7	534.6	
-43.5	42.6	-33.7	542.0	
-41.0	35.2	-46.0	507.5	
-43.5	22.9	-43.5	490.3	
-33.7	32.8	-46.0	529.7	
-38.6	30.3	-60.7	519.8	
-36.1	37.7	-53.3	514.9	
-41.0	40.1	-23.8	480.5	
-43.5	42.6	-11.5	470.6	
-53.3	40.1	-23.8	490.3	
-41.0	27.8	-28.7	527.2	
-46.0	20.5	-73.0	532.1	
-43.5	22.9	-105.0	539.5	
-53.3	37.7	-144.4	544.4	
-50.9	37.7	-161.6	534.6	
-41.0	35.2	-173.9	482.9	
-38.6	42.6	-228.0	426.4	
-31.2	37.7	-237.8	372.2	
-41.0	57.4	-228.0	288.6	
-46.0	47.5	-235.4	234.5	
-41.0	47.5	-225.5	190.2	
-55.8	37.7	-210.8	133.6	
-50.9	40.1	-191.1	84.4	
-31.2	22.9	-208.3	145.9	
-48.4	22.9	-213.2	165.6	
-41.0	13.1	-191.1	104.1	
-28.7	40.1	-178.8	45.1	
-38.6	27.8	-188.6	52.4	
-63.2	47.5	-203.4	45.1	
-50.9	59.8	-141.9	37.7	
-41.0	62.3	-97.6	-4.1	
-43.5	59.8	-80.4	40.1	
-28.7	52.4	-80.4	136.1	
-36.1	45.1	-65.6	310.7	
-31.2	62.3	-63.2	379.6	
-9.1	42.6	-63.2	396.8	
-4.1	52.4	-53.3	347.6	
13.1	37.7	-38.6	335.3	
13.1	67.2	-38.6	384.5	
25.4	45.1	-26.3	342.7	
35.2	45.1	-33.7	305.8	
42.6	45.1	-21.4	276.3	
67.2	50.0	3.2	251.7	
72.1	40.1	3.2	236.9	
89.3	45.1	15.5	227.1	
89.3	40.1	22.9	259.1	
96.7	30.3	27.8	271.4	
89.3	27.8	27.8	313.2	
79.5	18.0	10.6	313.2	
77.0	8.2	-16.4	303.4	
64.7	15.5	-33.7	291.1	
74.6	5.7	-36.1	276.3	
82.0	0.8	5.7	241.9	
91.8	20.5	50.0	217.3	
82.0	20.5	52.4	190.2	
77.0	20.5	62.3	153.3	
77.0	42.6	37.7	99.2	
79.5	37.7	13.1	59.8	
77.0	37.7	10.6	35.2	
82.0	25.4	37.7	-33.7	
101.6	22.9	57.4	-105.0	
123.8	-1.7	0.8	-169.0	
126.2	37.7	-28.7	-188.6	
133.6	54.9	-31.2	-215.7	
138.5	42.6	-11.5	-274.7	
126.2	50.0	-43.5	-311.6	
141.0	50.0	-26.3	-348.5	
141.0	64.7	-6.6	-368.2	
138.5	57.4	-14.0	-415.0	
136.1	67.2	0.8	-469.1	
138.5	84.4	27.8	-525.7	
143.5	82.0	42.6	-577.3	
126.2	91.8	72.1	-572.4	
143.5	109.0	74.6	-609.3	
126.2	116.4	35.2	-631.4	
116.4	106.6	8.2	-656.0	
106.6	99.2	15.5	-636.4	
104.1	113.9	25.4	-626.5	
113.9	111.5	-18.9	-624.1	
101.6	106.6	-31.2	-631.4	
96.7	116.4	-31.2	-638.8	
99.2	123.8	-9.1	-673.3	
89.3	113.9	45.1	-692.9	
69.7	118.9	116.4	-712.6	
52.4	106.6	133.6	-710.2	
35.2	101.6	158.2	-673.3	
18.0	109.0	138.5	-629.0	
25.4	91.8	96.7	-611.8	
10.6	89.3	52.4	-582.2	
22.9	82.0	-9.1	-565.0	
27.8	77.0	-53.3	-567.5	
22.9	64.7	-70.6	-528.1	
25.4	69.7	-105.0	-528.1	
27.8	91.8	-65.6	-515.8	
25.4	59.8	3.2	-486.3	
22.9	62.3	42.6	-446.9	
10.6	54.9	77.0	-471.5	
30.3	32.8	84.4	-464.2	
30.3	37.7	89.3	-449.4	
30.3	50.0	35.2	-449.4	
18.0	64.7	0.8	-454.3	
15.5	67.2	-21.4	-439.6	
30.3	50.0	-9.1	-434.6	
50.0	40.1	32.8	-395.3	
40.1	25.4	67.2	-390.4	
42.6	37.7	77.0	-387.9	
52.4	20.5	77.0	-432.2	
47.5	37.7	79.5	-432.2	
30.3	69.7	77.0	-412.5	
42.6	59.8	82.0	-333.8	
30.3	69.7	77.0	-309.2	
30.3	45.1	64.7	-277.2	
22.9	42.6	47.5	-328.9	
15.5	32.8	32.8	-292.0	
-1.7	15.5	20.5	-213.2	
-6.6	22.9	13.1	-250.1	
-9.1	18.0	5.7	-220.6	
-1.7	18.0	-16.4	-169.0	
18.0	35.2	0.8	-178.8	
35.2	37.7	-6.6	-200.9	
40.1	45.1	15.5	-198.5	
62.3	37.7	5.7	-139.4	
57.4	45.1	-4.1	-117.3	
32.8	50.0	0.8	-164.0	
25.4	59.8	3.2	-191.1	
13.1	54.9	0.8	-208.3	
18.0	40.1	-18.9	-198.5	
0.8	20.5	-23.8	-178.8	
-18.9	30.3	-26.3	-132.1	
-1.7	35.2	8.2	-146.8	
-6.6	25.4	22.9	-151.7	
-14.0	30.3	40.1	-220.6	
0.8	47.5	67.2	-218.2	
-1.7	47.5	79.5	-193.6	
3.2	35.2	74.6	-178.8	
20.5	18.0	52.4	-149.3	
27.8	27.8	37.7	-171.4	
35.2	27.8	-38.6	-188.6	
25.4	-23.8	-77.9	-193.6	
30.3	5.7	-41.0	-188.6	
15.5	-4.1	-38.6	-210.8	
27.8	-4.1	-21.4	-245.2	
15.5	-21.4	-55.8	-289.5	
15.5	-36.1	-70.6	-294.4	
-4.1	-33.7	-85.3	-274.7	
-4.1	-14.0	-95.2	-269.8	
-9.1	-9.1	-68.1	-267.4	
-1.7	5.7	-6.6	-247.7	
22.9	5.7	-6.6	-274.7	
22.9	-9.1	-18.9	-287.0	
27.8	-14.0	13.1	-284.6	
35.2	-1.7	15.5	-292.0	
45.1	-4.1	8.2	-257.5	
57.4	-21.4	18.0	-237.8	
57.4	-11.5	52.4	-230.5	
69.7	-14.0	52.4	-237.8	
52.4	-4.1	57.4	-235.4	
62.3	-14.0	52.4	-210.8	
47.5	-21.4	50.0	-186.2	
42.6	-18.9	35.2	-164.0	
30.3	-6.6	15.5	-139.4	
27.8	-23.8	5.7	-117.3	
25.4	-26.3	-11.5	-77.9	
30.3	-14.0	-43.5	-55.8	
20.5	-26.3	-43.5	-31.2	
35.2	-18.9	-46.0	0.8	
32.8	-9.1	-6.6	27.8	
30.3	5.7	10.6	64.7	
27.8	13.1	-1.7	84.4	
50.0	5.7	8.2	118.9	
25.4	0.8	32.8	138.5	
30.3	-9.1	62.3	160.7	
0.8	-1.7	52.4	195.1	
20.5	0.8	37.7	207.4	
30.3	10.6	57.4	236.9	
20.5	0.8	57.4	249.2	
18.0	10.6	47.5	273.8	
22.9	13.1	45.1	283.7	
32.8	27.8	54.9	308.3	
20.5	40.1	50.0	313.2	
35.2	35.2	42.6	347.6	
30.3	45.1	37.7	345.2	
32.8	27.8	52.4	342.7	
37.7	5.7	27.8	352.6	
30.3	-18.9	47.5	318.1	
30.3	-9.1	47.5	323.0	
20.5	-4.1	45.1	332.9	
20.5	15.5	42.6	325.5	
32.8	20.5	42.6	330.4	
27.8	25.4	45.1	328.0	
22.9	30.3	45.1	330.4	
32.8	42.6	22.9	318.1	
35.2	37.7	25.4	308.3	
32.8	22.9	37.7	315.7	
42.6	13.1	47.5	303.4	
50.0	-14.0	52.4	303.4	
59.8	-31.2	54.9	328.0	
35.2	-18.9	57.4	328.0	
37.7	-16.4	42.6	320.6	
57.4	18.0	30.3	291.1	
59.8	18.0	50.0	286.1	
57.4	30.3	59.8	298.4	
59.8	27.8	62.3	313.2	
64.7	-1.7	59.8	298.4	
47.5	0.8	57.4	303.4	
25.4	10.6	64.7	328.0	
22.9	18.0	45.1	332.9	
25.4	37.7	45.1	283.7	
32.8	37.7	25.4	239.4	
47.5	37.7	45.1	217.3	
45.1	42.6	52.4	219.7	
59.8	40.1	32.8	239.4	
69.7	25.4	20.5	214.8	
72.1	20.5	8.2	197.6	
79.5	32.8	3.2	207.4	
79.5	50.0	-1.7	217.3	
69.7	42.6	-1.7	224.6	
77.0	50.0	-21.4	202.5	
77.0	74.6	-18.9	170.5	
77.0	67.2	-33.7	136.1	
84.4	69.7	-38.6	131.2	
57.4	67.2	-58.3	111.5	
50.0	62.3	-60.7	136.1	
30.3	69.7	-28.7	143.5	
37.7	82.0	-23.8	101.6	
25.4	50.0	-41.0	69.7	
40.1	37.7	-53.3	101.6	
62.3	40.1	-75.5	116.4	
64.7	59.8	-73.0	111.5	
72.1	69.7	-77.9	62.3	
72.1	69.7	-70.6	37.7	
59.8	67.2	-73.0	30.3	
59.8	62.3	-55.8	27.8	
45.1	84.4	-75.5	20.5	
45.1	69.7	-68.1	52.4	
37.7	57.4	-73.0	74.6	
40.1	47.5	-65.6	116.4	
27.8	52.4	-80.4	77.0	
13.1	40.1	-95.2	57.4	
8.2	30.3	-73.0	25.4	
20.5	3.2	-65.6	72.1	
13.1	-11.5	-53.3	62.3	
30.3	-1.7	-41.0	27.8	
18.0	8.2	-50.9	32.8	
37.7	18.0	-50.9	18.0	
45.1	37.7	-48.4	59.8	
40.1	37.7	-50.9	54.9	
57.4	35.2	-41.0	47.5	
50.0	57.4	-46.0	27.8	
45.1	67.2	-48.4	69.7	
35.2	30.3	-31.2	45.1	
47.5	27.8	-48.4	54.9	
47.5	32.8	-43.5	50.0	
45.1	25.4	-53.3	-16.4	
40.1	13.1	-55.8	-70.6	
35.2	8.2	-48.4	-90.2	
37.7	3.2	-58.3	-77.9	
47.5	5.7	-60.7	10.6	
40.1	-9.1	-77.9	3.2	
40.1	-6.6	-73.0	27.8	
35.2	8.2	-41.0	15.5	
37.7	8.2	-33.7	-6.6	
42.6	5.7	-26.3	-48.4	
40.1	5.7	-21.4	-50.9	
27.8	37.7	-21.4	-70.6	
40.1	50.0	-31.2	-82.9	
27.8	32.8	-23.8	-87.8	
40.1	15.5	-26.3	-100.1	
57.4	5.7	-43.5	-97.6	
45.1	0.8	-68.1	-97.6	
45.1	10.6	-55.8	-109.9	
52.4	-11.5	-36.1	-119.8	
47.5	-11.5	-43.5	-119.8	
25.4	-1.7	-46.0	-122.2	
20.5	-11.5	-46.0	-85.3	
15.5	-21.4	-36.1	-80.4	
3.2	-9.1	-53.3	-50.9	
20.5	3.2	-26.3	-38.6	
15.5	5.7	-14.0	-33.7	
15.5	20.5	-16.4	-16.4	
22.9	30.3	-14.0	3.2	
20.5	45.1	-16.4	8.2	
37.7	42.6	-23.8	22.9	
22.9	47.5	-18.9	45.1	
30.3	50.0	-23.8	74.6	
37.7	32.8	-33.7	79.5	
35.2	25.4	-18.9	104.1	
42.6	25.4	-11.5	123.8	
40.1	-6.6	-14.0	143.5	
30.3	5.7	-28.7	155.8	
42.6	20.5	-33.7	170.5	
54.9	20.5	-28.7	187.7	
54.9	30.3	-21.4	195.1	
52.4	27.8	-18.9	219.7	
50.0	30.3	-21.4	244.3	
50.0	35.2	-11.5	254.2	
40.1	45.1	8.2	281.2	
50.0	22.9	5.7	291.1	
54.9	13.1	22.9	300.9	
57.4	15.5	30.3	315.7	
59.8	13.1	18.0	318.1	
79.5	-4.1	10.6	318.1	
77.0	-1.7	-1.7	328.0	
72.1	0.8	-23.8	337.8	
79.5	-9.1	-26.3	330.4	
77.0	3.2	-4.1	340.3	
64.7	22.9	5.7	347.6	
50.0	18.0	18.0	352.6	
52.4	25.4	35.2	352.6	
45.1	30.3	15.5	367.3	
45.1	40.1	15.5	355.0	
47.5	27.8	32.8	369.8	
37.7	20.5	18.0	357.5	
42.6	22.9	8.2	347.6	
27.8	22.9	-16.4	352.6	
40.1	8.2	-28.7	369.8	
30.3	10.6	-1.7	389.5	
37.7	8.2	-4.1	399.3	
45.1	3.2	-16.4	391.9	
54.9	-4.1	-4.1	384.5	
59.8	18.0	-14.0	396.8	
62.3	25.4	-11.5	406.7	
67.2	18.0	-6.6	389.5	
57.4	15.5	8.2	379.6	
59.8	0.8	13.1	347.6	
62.3	13.1	20.5	340.3	
62.3	20.5	22.9	330.4	
59.8	-1.7	30.3	318.1	
77.0	15.5	32.8	318.1	
86.9	10.6	50.0	305.8	
82.0	5.7	57.4	296.0	
62.3	8.2	40.1	281.2	
62.3	32.8	50.0	261.5	
37.7	35.2	35.2	239.4	
54.9	20.5	0.8	239.4	
59.8	30.3	-41.0	234.5	
59.8	47.5	-46.0	222.2	
64.7	20.5	-26.3	212.3	
72.1	18.0	-16.4	205.0	
62.3	5.7	-28.7	202.5	
59.8	3.2	-26.3	209.9	
52.4	25.4	-11.5	205.0	
54.9	32.8	-18.9	202.5	
37.7	20.5	-11.5	202.5	
40.1	8.2	-28.7	197.6	
57.4	-6.6	-9.1	180.4	
50.0	5.7	-9.1	182.8	
50.0	13.1	-26.3	160.7	
52.4	22.9	3.2	153.3	
42.6	37.7	8.2	163.1	
45.1	47.5	-9.1	158.2	
42.6	18.0	5.7	133.6	
27.8	27.8	10.6	118.9	
37.7	32.8	22.9	104.1	
32.8	35.2	22.9	89.3	
45.1	27.8	13.1	67.2	
47.5	27.8	3.2	42.6	
52.4	8.2	-26.3	18.0	
47.5	15.5	-21.4	-6.6	
32.8	20.5	-31.2	-41.0	
47.5	5.7	-6.6	-46.0	
32.8	-14.0	-4.1	-53.3	
22.9	10.6	8.2	-58.3	
32.8	-21.4	0.8	-80.4	
27.8	-36.1	5.7	-100.1	
35.2	-9.1	22.9	-92.7	
35.2	-1.7	30.3	-134.5	
27.8	-6.6	40.1	-154.2	
37.7	-1.7	42.6	-169.0	
30.3	13.1	69.7	-173.9	
40.1	45.1	84.4	-188.6	
52.4	47.5	123.8	-186.2	
42.6	57.4	123.8	-193.6	
42.6	57.4	118.9	-191.1	
50.0	64.7	101.6	-208.3	
50.0	59.8	54.9	-196.0	
57.4	40.1	62.3	-196.0	
52.4	37.7	72.1	-198.5	
64.7	47.5	54.9	-203.4	
57.4	32.8	42.6	-228.0	
59.8	37.7	32.8	-240.3	
59.8	42.6	0.8	-262.4	
64.7	40.1	-28.7	-257.5	
59.8	30.3	-26.3	-282.1	
69.7	15.5	3.2	-284.6	
52.4	22.9	18.0	-289.5	
74.6	40.1	25.4	-306.7	
59.8	27.8	37.7	-299.3	
67.2	32.8	22.9	-294.4	
82.0	0.8	35.2	-311.6	
67.2	-1.7	52.4	-314.1	
74.6	-14.0	50.0	-319.0	
74.6	-11.5	64.7	-338.7	
82.0	25.4	52.4	-338.7	
94.3	25.4	72.1	-353.5	
86.9	32.8	59.8	-365.8	
91.8	35.2	57.4	-363.3	
89.3	30.3	57.4	-368.2	
89.3	35.2	67.2	-346.1	
89.3	45.1	91.8	-368.2	
86.9	57.4	99.2	-370.7	
84.4	30.3	131.2	-387.9	
86.9	37.7	123.8	-373.1	
94.3	35.2	133.6	-378.1	
82.0	32.8	155.8	-360.8	
89.3	40.1	158.2	-333.8	
96.7	47.5	138.5	-341.2	
89.3	35.2	138.5	-351.0	
89.3	20.5	138.5	-358.4	
94.3	20.5	116.4	-353.5	
84.4	15.5	86.9	-348.5	
74.6	-11.5	109.0	-346.1	
69.7	-1.7	158.2	-343.6	
84.4	-9.1	173.0	-328.9	
72.1	-16.4	150.8	-319.0	
82.0	-16.4	126.2	-306.7	
74.6	-28.7	180.4	-304.3	
72.1	-50.9	241.9	-294.4	
67.2	-14.0	236.9	-287.0	
67.2	-4.1	207.4	-267.4	
77.0	-1.7	180.4	-264.9	
74.6	8.2	180.4	-245.2	
67.2	15.5	150.8	-250.1	
72.1	25.4	145.9	-252.6	
62.3	27.8	128.7	-255.1	
54.9	20.5	82.0	-232.9	
59.8	20.5	104.1	-210.8	
62.3	13.1	111.5	-218.2	
64.7	-11.5	148.4	-181.3	
62.3	0.8	182.8	-122.2	
59.8	18.0	148.4	-114.8	
50.0	5.7	133.6	-109.9	
57.4	-14.0	126.2	-124.7	
50.0	-14.0	123.8	-134.5	
40.1	-6.6	133.6	-159.1	
47.5	-14.0	153.3	-181.3	
42.6	-26.3	197.6	-186.2	
37.7	-1.7	249.2	-183.7	
35.2	-9.1	281.2	-188.6	
22.9	-1.7	335.3	-196.0	
35.2	25.4	411.6	-200.9	
18.0	32.8	443.6	-210.8	
35.2	20.5	455.9	-205.9	
22.9	10.6	514.9	-178.8	
15.5	13.1	546.9	-139.4	
18.0	5.7	507.5	-141.9	
15.5	25.4	487.9	-144.4	
13.1	45.1	480.5	-166.5	
18.0	35.2	453.4	-186.2	
3.2	35.2	443.6	-200.9	
8.2	42.6	438.7	-208.3	
0.8	40.1	401.8	-188.6	
0.8	20.5	399.3	-161.6	
-11.5	0.8	387.0	-154.2	
-1.7	-4.1	377.2	-137.0	
3.2	3.2	387.0	-97.6	
-6.6	-18.9	364.9	-63.2	
-9.1	-1.7	330.4	-36.1	
-18.9	-4.1	323.0	0.8	
-14.0	-4.1	318.1	30.3	
-11.5	0.8	281.2	42.6	
-11.5	0.8	254.2	35.2	
-21.4	10.6	158.2	-1.7	
-16.4	8.2	-215.7	8.2	
-26.3	0.8	-314.1	35.2	
-23.8	-4.1	-321.5	69.7	
-38.6	0.8	-439.6	82.0	
-41.0	8.2	-498.6	96.7	
-38.6	3.2	-579.8	59.8	
-36.1	-1.7	-629.0	0.8	
-41.0	-14.0	-663.4	-36.1	
-36.1	-21.4	-702.8	-41.0	
-38.6	-28.7	-729.8	-75.5	
-36.1	-18.9	-754.4	-77.9	
-48.4	-16.4	-756.9	-68.1	
-41.0	-28.7	-788.9	-73.0	
-43.5	-28.7	-840.5	-77.9	
-36.1	-31.2	-929.1	-102.5	
-36.1	-18.9	-1180.0	-100.1	
-43.5	-11.5	-1485.1	-119.8	
-41.0	-28.7	-1659.7	-114.8	
-43.5	-14.0	-1785.2	-141.9	
-55.8	3.2	-1849.1	-151.7	
-53.3	5.7	-1895.9	-144.4	
-43.5	0.8	-2240.3	-159.1	
-41.0	3.2	-2766.7	-181.3	
-36.1	-11.5	-3101.3	-188.6	
-43.5	-21.4	-3268.6	-181.3	
-41.0	-1.7	-3411.2	-191.1	
-43.5	-9.1	-3482.6	-213.2	
-43.5	0.8	-3497.3	-218.2	
-33.7	10.6	-3401.4	-230.5	
-48.4	18.0	-3261.2	-218.2	
-33.7	13.1	-3101.3	-154.2	
-23.8	8.2	-2919.2	-77.9	
-36.1	3.2	-2697.8	-50.9	
-36.1	5.7	-2459.2	-28.7	
-41.0	18.0	-2257.5	-21.4	
-23.8	20.5	-2033.6	-1.7	
-28.7	-1.7	-1790.1	27.8	
-38.6	-21.4	-1558.9	50.0	
-31.2	-4.1	-1280.9	91.8	
-41.0	-1.7	-1030.0	113.9	
-28.7	3.2	-784.0	173.0	
-23.8	-11.5	-540.4	200.0	
-36.1	-1.7	-306.7	222.2	
-38.6	8.2	-90.2	246.8	
-21.4	15.5	86.9	273.8	
-18.9	5.7	281.2	293.5	
-28.7	3.2	394.4	337.8	
-28.7	10.6	532.1	342.7	
-21.4	10.6	660.1	345.2	
-16.4	-14.0	832.3	335.3	
-23.8	-23.8	1029.1	345.2	
-18.9	-4.1	1218.5	320.6	
-23.8	22.9	1398.1	288.6	
-28.7	0.8	1577.6	276.3	
-23.8	10.6	1747.4	249.2	
-21.4	0.8	1875.3	222.2	
-23.8	18.0	2003.2	187.7	
-28.7	54.9	2106.5	170.5	
-28.7	57.4	2185.3	158.2	
-14.0	69.7	2276.3	126.2	
-31.2	84.4	2340.2	118.9	
-26.3	91.8	2394.4	123.8	
-41.0	89.3	2406.7	123.8	
-48.4	91.8	2342.7	128.7	
-46.0	94.3	2232.0	128.7	
-58.3	96.7	2091.8	148.4	
-48.4	104.1	1951.6	155.8	
-65.6	101.6	1791.7	177.9	
-58.3	94.3	1626.8	195.1	
-70.6	86.9	1498.9	214.8	
-60.7	69.7	1375.9	232.0	
-68.1	62.3	1245.5	239.4	
-68.1	69.7	1137.3	246.8	
-75.5	67.2	1016.8	249.2	
-75.5	42.6	925.7	259.1	
-75.5	45.1	874.1	281.2	
-77.9	50.0	837.2	273.8	
-77.9	35.2	849.5	268.9	
-80.4	30.3	866.7	261.5	
-75.5	37.7	915.9	278.8	
-80.4	32.8	940.5	271.4	
-80.4	20.5	952.8	266.5	
-63.2	32.8	972.5	268.9	
-70.6	20.5	970.0	281.2	
-70.6	13.1	935.6	283.7	
-70.6	22.9	906.1	276.3	
-70.6	0.8	842.1	268.9	
-70.6	-6.6	760.9	266.5	
-100.1	0.8	733.9	276.3	
-112.4	-14.0	758.5	264.0	
-119.8	-9.1	746.2	256.6	
-132.1	-11.5	763.4	273.8	
-141.9	-11.5	748.6	266.5	
-132.1	-14.0	736.3	246.8	
-132.1	-26.3	699.4	261.5	
-127.1	-16.4	677.3	251.7	
-127.1	-14.0	665.0	281.2	
-124.7	-23.8	650.2	310.7	
-122.2	-26.3	628.1	340.3	
-112.4	-23.8	618.2	347.6	
-100.1	-46.0	495.2	320.6	
-70.6	-58.3	399.3	283.7	
-65.6	-48.4	236.9	217.3	
-55.8	-43.5	104.1	128.7	
-55.8	-48.4	91.8	62.3	
-31.2	-33.7	59.8	3.2	
-18.9	-9.1	50.0	-28.7	
-11.5	8.2	86.9	-33.7	
0.8	-4.1	82.0	-31.2	
30.3	3.2	126.2	-6.6	
50.0	8.2	217.3	-11.5	
57.4	20.5	293.5	-4.1	
69.7	27.8	305.8	-31.2	
91.8	32.8	401.8	-58.3	
89.3	35.2	460.8	-55.8	
86.9	30.3	441.1	-55.8	
91.8	27.8	482.9	-50.9	
84.4	35.2	421.4	-26.3	
82.0	30.3	389.5	-18.9	
74.6	35.2	320.6	5.7	
64.7	25.4	239.4	64.7	
42.6	15.5	241.9	99.2	
22.9	25.4	136.1	143.5	
10.6	22.9	52.4	163.1	
5.7	54.9	-18.9	214.8	
-11.5	54.9	-68.1	234.5	
-9.1	54.9	-169.0	229.6	
-16.4	57.4	-284.6	239.4	
-16.4	35.2	-395.3	261.5	
-46.0	32.8	-503.5	259.1	
-38.6	27.8	-572.4	281.2	
-33.7	30.3	-683.1	286.1	
-31.2	42.6	-779.0	281.2	
-38.6	59.8	-904.5	310.7	
-41.0	50.0	-993.1	298.4	
-43.5	50.0	-1081.6	283.7	
-38.6	62.3	-1086.5	256.6	
-41.0	72.1	-1071.8	249.2	
-41.0	64.7	-1059.5	239.4	
-14.0	62.3	-1017.7	222.2	
-21.4	62.3	-1020.1	202.5	
-18.9	64.7	-1007.8	170.5	
-6.6	62.3	-963.5	150.8	
-6.6	54.9	-953.7	143.5	
-1.7	62.3	-884.8	150.8	
0.8	47.5	-847.9	141.0	
15.5	50.0	-722.5	141.0	
5.7	32.8	-609.3	158.2	
20.5	35.2	-501.1	143.5	
37.7	42.6	-417.4	138.5	
52.4	35.2	-262.4	109.0	
47.5	37.7	-139.4	89.3	
54.9	40.1	-144.4	40.1	
62.3	37.7	-188.6	-1.7	
77.0	47.5	-124.7	-38.6	
79.5	64.7	-87.8	-68.1	
84.4	62.3	-50.9	-92.7	
91.8	64.7	-14.0	-95.2	
109.0	62.3	40.1	-105.0	
99.2	50.0	72.1	-109.9	
101.6	52.4	116.4	-137.0	
99.2	47.5	155.8	-164.0	
118.9	32.8	212.3	-178.8	
123.8	20.5	355.0	-198.5	
111.5	18.0	377.2	-213.2	
104.1	22.9	330.4	-223.1	
111.5	8.2	337.8	-218.2	
101.6	0.8	345.2	-210.8	
91.8	-4.1	399.3	-191.1	
101.6	-14.0	396.8	-178.8	
109.0	-18.9	426.4	-156.7	
94.3	-31.2	458.3	-127.1	
101.6	-36.1	514.9	-112.4	
91.8	-33.7	546.9	-95.2	
99.2	-36.1	519.8	-100.1	
86.9	-33.7	524.8	-124.7	
82.0	-31.2	537.1	-122.2	
84.4	-41.0	554.3	-156.7	
69.7	-41.0	623.2	-164.0	
57.4	-43.5	665.0	-191.1	
52.4	-43.5	694.5	-240.3	
30.3	-38.6	714.2	-292.0	
25.4	-50.9	728.9	-333.8	
22.9	-38.6	790.4	-363.3	
15.5	-53.3	810.1	-422.3	
20.5	-48.4	822.4	-429.7	
22.9	-31.2	856.9	-454.3	
22.9	-41.0	911.0	-454.3	
15.5	-21.4	938.0	-476.5	
0.8	-26.3	1002.0	-506.0	
-9.1	-16.4	1041.4	-528.1	
-16.4	-26.3	1016.8	-542.9	
-16.4	-14.0	957.7	-528.1	
-41.0	-6.6	906.1	-535.5	
-31.2	3.2	891.3	-528.1	
-41.0	-4.1	795.4	-542.9	
-46.0	-14.0	635.5	-535.5	
-38.6	-9.1	487.9	-496.1	
-58.3	-11.5	300.9	-471.5	
-38.6	-14.0	195.1	-405.1	
-36.1	-9.1	54.9	-333.8	
-28.7	-16.4	-21.4	-262.4	
-31.2	-16.4	-97.6	-186.2	
-33.7	-23.8	-171.4	-124.7	
-38.6	-21.4	-232.9	-92.7	
-31.2	-31.2	-267.4	-60.7	
-14.0	-26.3	-326.4	-73.0	
-16.4	-28.7	-380.5	-77.9	
-14.0	-31.2	-402.7	-92.7	
-14.0	-33.7	-405.1	-97.6	
-21.4	-21.4	-390.4	-85.3	
-18.9	-11.5	-400.2	-70.6	
-16.4	-14.0	-373.1	-53.3	
-21.4	-14.0	-336.2	-21.4	
-28.7	-9.1	-301.8	-14.0	
-21.4	-9.1	-289.5	32.8	
-4.1	8.2	-274.7	18.0	
-1.7	0.8	-237.8	27.8	
18.0	13.1	-260.0	30.3	
32.8	22.9	-228.0	42.6	
45.1	18.0	-255.1	59.8	
42.6	32.8	-282.1	50.0	
57.4	42.6	-304.3	52.4	
74.6	40.1	-328.9	69.7	
82.0	47.5	-348.5	69.7	
89.3	52.4	-363.3	82.0	
109.0	52.4	-365.8	96.7	
133.6	47.5	-363.3	113.9	
136.1	40.1	-378.1	106.6	
158.2	54.9	-373.1	89.3	
170.5	64.7	-380.5	96.7	
160.7	45.1	-375.6	111.5	
180.4	40.1	-363.3	123.8	
182.8	30.3	-360.8	116.4	
177.9	54.9	-346.1	104.1	
165.6	64.7	-351.0	96.7	
153.3	67.2	-375.6	67.2	
126.2	74.6	-410.0	59.8	
106.6	62.3	-432.2	52.4	
94.3	86.9	-471.5	50.0	
59.8	74.6	-510.9	37.7	
64.7	79.5	-540.4	22.9	
50.0	96.7	-560.1	13.1	
62.3	89.3	-592.1	-9.1	
64.7	94.3	-601.9	-43.5	
62.3	106.6	-619.1	-55.8	
62.3	128.7	-633.9	-58.3	
74.6	136.1	-624.1	-65.6	
72.1	141.0	-626.5	-58.3	
77.0	143.5	-614.2	-50.9	
84.4	150.8	-584.7	-46.0	
54.9	163.1	-545.3	-31.2	
35.2	158.2	-508.4	-28.7	
22.9	165.6	-439.6	-48.4	
8.2	177.9	-370.7	-65.6	
-1.7	153.3	-296.9	-87.8	
-16.4	160.7	-210.8	-127.1	
-21.4	175.4	-144.4	-161.6	
-21.4	155.8	-46.0	-191.1	
-18.9	138.5	30.3	-232.9	
-28.7	168.1	99.2	-237.8	
-4.1	185.3	170.5	-262.4	
3.2	165.6	224.6	-311.6	
5.7	141.0	249.2	-351.0	
20.5	158.2	268.9	-321.5	
32.8	158.2	276.3	-299.3	
32.8	131.2	268.9	-304.3	
40.1	138.5	249.2	-279.7	
47.5	143.5	205.0	-304.3	
37.7	109.0	153.3	-304.3	
37.7	79.5	104.1	-260.0	
30.3	30.3	54.9	-164.0	
18.0	27.8	-11.5	-68.1	
25.4	30.3	-95.2	-114.8	
5.7	47.5	-144.4	-149.3	
-6.6	57.4	-198.5	-188.6	
-14.0	40.1	-257.5	-144.4	
-18.9	32.8	-316.6	-112.4	
-23.8	27.8	-373.1	-92.7	
-33.7	10.6	-417.4	-55.8	
-36.1	13.1	-478.9	-14.0	
-41.0	20.5	-488.8	0.8	
-36.1	22.9	-510.9	5.7	
-21.4	0.8	-506.0	42.6	
-18.9	-28.7	-513.4	104.1	
-21.4	-23.8	-513.4	113.9	
-21.4	-33.7	-501.1	136.1	
-16.4	-63.2	-471.5	165.6	
-33.7	-97.6	-476.5	222.2	
-41.0	-95.2	-444.5	278.8	
-31.2	-82.9	-427.3	293.5	
-21.4	-68.1	-434.6	303.4	
-33.7	-55.8	-456.8	318.1	
-33.7	-65.6	-565.0	359.9	
-31.2	-95.2	-572.4	379.6	
-21.4	-139.4	-557.6	394.4	
-21.4	-134.5	-535.5	409.1	
-43.5	-139.4	-572.4	387.0	
-26.3	-92.7	-609.3	394.4	
-26.3	-36.1	-624.1	428.8	
-11.5	-33.7	-599.5	453.4	
-9.1	-18.9	-545.3	453.4	
5.7	-28.7	-528.1	436.2	
0.8	-87.8	-498.6	446.0	
25.4	-90.2	-419.9	463.3	
40.1	-87.8	-336.2	470.6	
25.4	-92.7	-269.8	441.1	
40.1	-70.6	-198.5	436.2	
47.5	-58.3	-129.6	423.9	
35.2	-28.7	-75.5	431.3	
32.8	8.2	0.8	423.9	
42.6	22.9	143.5	404.2	
35.2	32.8	281.2	399.3	
37.7	37.7	431.3	399.3	
32.8	47.5	571.5	399.3	
32.8	45.1	731.4	389.5	
25.4	45.1	913.4	377.2	
10.6	54.9	1122.5	394.4	
-21.4	54.9	1343.9	399.3	
-33.7	40.1	1580.1	384.5	
-28.7	45.1	1853.2	382.1	
-41.0	57.4	2173.0	394.4	
-53.3	77.0	2598.5	387.0	
-60.7	62.3	3038.9	382.1	
-73.0	54.9	3289.8	384.5	
-77.9	57.4	3134.8	374.7	
-97.6	59.8	2387.0	394.4	
-102.5	101.6	1412.8	387.0	
-114.8	91.8	736.3	377.2	
-112.4	96.7	387.0	359.9	
-114.8	89.3	163.1	359.9	
-109.9	94.3	-14.0	350.1	
-85.3	94.3	-141.9	352.6	
-82.9	106.6	-220.6	367.3	
-73.0	133.6	-294.4	399.3	
-43.5	116.4	-336.2	455.9	
-11.5	111.5	-365.8	470.6	
18.0	131.2	-368.2	473.1	
37.7	109.0	-405.1	465.7	
45.1	104.1	-407.6	428.8	
59.8	113.9	-427.3	419.0	
69.7	121.3	-429.7	436.2	
77.0	118.9	-439.6	421.4	
72.1	94.3	-437.1	379.6	
84.4	84.4	-424.8	372.2	
86.9	74.6	-427.3	347.6	
99.2	96.7	-417.4	323.0	
91.8	128.7	-410.0	296.0	
99.2	113.9	-365.8	246.8	
91.8	128.7	-348.5	202.5	
86.9	148.4	-326.4	158.2	
94.3	158.2	-323.9	133.6	
101.6	133.6	-309.2	109.0	
101.6	175.4	-284.6	89.3	
101.6	187.7	-260.0	62.3	
104.1	180.4	-228.0	18.0	
86.9	202.5	-193.6	-6.6	
84.4	212.3	-171.4	-95.2	
79.5	207.4	-154.2	-186.2	
64.7	209.9	-134.5	-262.4	
69.7	217.3	-73.0	-321.5	
52.4	190.2	-31.2	-392.8	
45.1	170.5	40.1	-451.9	
27.8	158.2	57.4	-491.2	
22.9	113.9	77.0	-483.8	
13.1	67.2	89.3	-506.0	
13.1	50.0	94.3	-510.9	
3.2	37.7	111.5	-501.1	
3.2	32.8	113.9	-476.5	
5.7	54.9	86.9	-466.6	
15.5	25.4	57.4	-464.2	
18.0	15.5	20.5	-446.9	
22.9	0.8	8.2	-439.6	
25.4	-28.7	-33.7	-422.3	
30.3	-58.3	-58.3	-407.6	
30.3	-63.2	-75.5	-383.0	
35.2	-68.1	-87.8	-338.7	
37.7	-82.9	-90.2	-304.3	
30.3	-87.8	-146.8	-277.2	
-1.7	-73.0	-191.1	-257.5	
-4.1	-90.2	-191.1	-232.9	
-26.3	-112.4	-171.4	-220.6	
-33.7	-139.4	-156.7	-186.2	
-33.7	-149.3	-139.4	-139.4	
-46.0	-146.8	-105.0	-112.4	
-65.6	-141.9	-41.0	-102.5	
-63.2	-139.4	3.2	-97.6	
-70.6	-154.2	94.3	-95.2	
-77.9	-159.1	165.6	-109.9	
-73.0	-156.7	224.6	-95.2	
-68.1	-156.7	283.7	-75.5	
-85.3	-154.2	409.1	-90.2	
-63.2	-156.7	389.5	-90.2	
-46.0	-164.0	298.4	-87.8	
-48.4	-164.0	246.8	-119.8	
-23.8	-146.8	222.2	-146.8	
-6.6	-134.5	254.2	-127.1	
-9.1	-124.7	411.6	-80.4	
-6.6	-90.2	571.5	-92.7	
3.2	-80.4	773.2	-95.2	
-1.7	-68.1	979.9	-90.2	
18.0	-36.1	1063.5	-92.7	
25.4	-23.8	1085.6	-95.2	
30.3	-31.2	1002.0	-92.7	
52.4	-18.9	911.0	-73.0	
32.8	3.2	859.3	-68.1	
32.8	45.1	817.5	-55.8	
54.9	57.4	726.5	-68.1	
45.1	25.4	635.5	-70.6	
54.9	35.2	561.7	-80.4	
42.6	47.5	490.3	-85.3	
52.4	32.8	406.7	-102.5	
59.8	47.5	367.3	-107.5	
54.9	82.0	308.3	-132.1	
47.5	104.1	268.9	-151.7	
42.6	145.9	229.6	-137.0	
37.7	141.0	195.1	-166.5	
45.1	141.0	180.4	-164.0	
37.7	148.4	180.4	-164.0	
45.1	126.2	192.7	-173.9	
52.4	133.6	288.6	-141.9	
54.9	113.9	409.1	-134.5	
47.5	113.9	549.4	-134.5	
54.9	104.1	724.0	-124.7	
42.6	104.1	861.8	-159.1	
37.7	79.5	982.3	-173.9	
40.1	62.3	1038.9	-186.2	
27.8	72.1	1080.7	-198.5	
35.2	69.7	1051.2	-215.7	
25.4	69.7	952.8	-228.0	
13.1	89.3	925.7	-245.2	
18.0	96.7	898.7	-255.1	
15.5	101.6	854.4	-262.4	
5.7	96.7	839.6	-257.5	
3.2	91.8	893.8	-277.2	
-1.7	77.0	920.8	-284.6	
-9.1	77.0	982.3	-301.8	
-4.1	91.8	950.3	-306.7	
-14.0	74.6	911.0	-296.9	
-16.4	94.3	888.8	-309.2	
-21.4	94.3	915.9	-321.5	
-28.7	82.0	979.9	-331.3	
-31.2	86.9	1029.1	-353.5	
-28.7	69.7	1073.3	-375.6	
-18.9	72.1	1149.6	-400.2	
-23.8	82.0	1189.0	-412.5	
-6.6	96.7	1144.7	-424.8	
0.8	104.1	1090.6	-415.0	
8.2	89.3	1024.1	-378.1	
3.2	101.6	955.3	-338.7	
22.9	106.6	837.2	-292.0	
20.5	91.8	726.5	-250.1	
32.8	86.9	657.6	-205.9	
32.8	86.9	596.1	-171.4	
35.2	69.7	485.4	-137.0	
40.1	74.6	325.5	-102.5	
50.0	106.6	69.7	-41.0	
42.6	101.6	-171.4	-11.5	
54.9	118.9	-400.2	15.5	
62.3	113.9	-540.4	64.7	
59.8	104.1	-538.0	101.6	
64.7	94.3	-547.8	136.1	
72.1	86.9	-616.7	153.3	
82.0	74.6	-815.9	180.4	
89.3	72.1	-1184.9	197.6	
91.8	72.1	-1613.0	229.6	
84.4	77.0	-1940.2	266.5	
91.8	57.4	-2082.8	288.6	
84.4	52.4	-2075.5	320.6	
69.7	59.8	-1950.0	347.6	
67.2	57.4	-1726.1	369.8	
67.2	62.3	-1502.3	391.9	
74.6	64.7	-1285.8	411.6	
54.9	59.8	-1167.7	401.8	
42.6	57.4	-1150.5	389.5	
32.8	52.4	-1076.7	374.7	
22.9	52.4	-973.4	401.8	
18.0	42.6	-860.2	411.6	
18.0	47.5	-678.2	414.1	
5.7	40.1	-478.9	406.7	
8.2	32.8	-282.1	416.5	
5.7	52.4	-137.0	411.6	
0.8	27.8	-11.5	401.8	
0.8	40.1	45.1	391.9	
0.8	40.1	32.8	399.3	
0.8	35.2	30.3	399.3	
-4.1	37.7	0.8	414.1	
0.8	25.4	-4.1	421.4	
8.2	27.8	32.8	451.0	
15.5	25.4	-43.5	470.6	
15.5	20.5	-183.7	473.1	
-4.1	-9.1	-289.5	482.9	
3.2	-18.9	-419.9	460.8	
3.2	0.8	-577.3	379.6	
-1.7	22.9	-720.0	369.8	
15.5	42.6	-840.5	352.6	
15.5	57.4	-1012.7	310.7	
25.4	37.7	-1184.9	293.5	
35.2	20.5	-1352.2	293.5	
42.6	13.1	-1504.7	283.7	
45.1	5.7	-1593.3	251.7	
37.7	0.8	-1696.6	214.8	
42.6	8.2	-1799.9	217.3	
42.6	10.6	-1839.3	180.4	
40.1	-1.7	-1856.5	185.3	
50.0	-9.1	-1905.7	207.4	
37.7	5.7	-1908.2	197.6	
40.1	-11.5	-1891.0	182.8	
22.9	10.6	-1873.7	123.8	
13.1	20.5	-1886.0	74.6	
18.0	13.1	-1922.9	57.4	
5.7	13.1	-1854.1	64.7	
-1.7	18.0	-1765.5	25.4	
-1.7	20.5	-1672.0	-16.4	
0.8	32.8	-1598.2	-33.7	
0.8	40.1	-1465.4	-50.9	
0.8	32.8	-1327.6	-73.0	
-11.5	8.2	-1101.3	-122.2	
3.2	25.4	-843.0	-127.1	
-6.6	42.6	-611.8	-105.0	
-4.1	59.8	-449.4	-114.8	
-14.0	64.7	-277.2	-95.2	
3.2	84.4	-105.0	-95.2	
0.8	54.9	27.8	-90.2	
0.8	47.5	138.5	-87.8	
13.1	52.4	261.5	-82.9	
27.8	64.7	328.0	-117.3	
20.5	64.7	355.0	-124.7	
30.3	54.9	463.3	-75.5	
35.2	54.9	527.2	-68.1	
25.4	54.9	618.2	-36.1	
30.3	42.6	760.9	-41.0	
30.3	45.1	849.5	-26.3	
27.8	47.5	940.5	-28.7	
25.4	30.3	987.2	-18.9	
18.0	25.4	989.7	-1.7	
15.5	35.2	962.6	-6.6	
15.5	40.1	950.3	-9.1	
15.5	18.0	930.7	-14.0	
5.7	22.9	945.4	-18.9	
-9.1	25.4	972.5	-14.0	
-6.6	35.2	945.4	-16.4	
-14.0	25.4	918.4	-1.7	
-21.4	20.5	856.9	-4.1	
-16.4	30.3	815.0	-23.8	
-16.4	32.8	792.9	-21.4	
-1.7	22.9	768.3	-11.5	
-16.4	52.4	714.2	0.8	
0.8	45.1	677.3	8.2	
-16.4	37.7	620.7	0.8	
-21.4	40.1	524.8	3.2	
-21.4	54.9	414.1	25.4	
-9.1	86.9	291.1	40.1	
-4.1	57.4	180.4	35.2	
-9.1	42.6	37.7	45.1	
-16.4	45.1	-85.3	42.6	
-11.5	69.7	-183.7	18.0	
-9.1	50.0	-203.4	5.7	
-16.4	57.4	-230.5	22.9	
-14.0	59.8	-267.4	47.5	
-16.4	59.8	-279.7	37.7	
-11.5	72.1	-284.6	25.4	
-1.7	50.0	-255.1	5.7	
-9.1	50.0	-230.5	3.2	
-14.0	47.5	-208.3	-6.6	
0.8	42.6	-213.2	-21.4	
-11.5	57.4	-208.3	-60.7	
0.8	57.4	-210.8	-28.7	
-4.1	67.2	-169.0	-53.3	
3.2	50.0	-178.8	-50.9	
-1.7	30.3	-220.6	-43.5	
-4.1	42.6	-215.7	-53.3	
10.6	40.1	-191.1	-36.1	
15.5	62.3	-154.2	-46.0	
25.4	54.9	-122.2	-33.7	
15.5	45.1	-75.5	-23.8	
35.2	47.5	-16.4	-16.4	
22.9	50.0	0.8	-23.8	
20.5	45.1	18.0	-31.2	
25.4	32.8	18.0	-33.7	
40.1	22.9	5.7	13.1	
30.3	13.1	-60.7	47.5	
35.2	3.2	-319.0	32.8	
45.1	-4.1	-427.3	5.7	
40.1	3.2	-483.8	-11.5	
37.7	-6.6	-454.3	-26.3	
37.7	-4.1	-380.5	-14.0	
40.1	10.6	-299.3	-4.1	
35.2	5.7	-205.9	25.4	
40.1	18.0	-151.7	18.0	
37.7	35.2	-114.8	22.9	
40.1	20.5	-95.2	45.1	
15.5	25.4	-65.6	27.8	
20.5	13.1	-58.3	25.4	
27.8	10.6	8.2	20.5	
35.2	15.5	77.0	13.1	
32.8	10.6	136.1	27.8	
18.0	13.1	207.4	20.5	
15.5	10.6	259.1	8.2	
18.0	-6.6	310.7	25.4	
18.0	-9.1	318.1	27.8	
25.4	-16.4	315.7	35.2	
25.4	-18.9	303.4	18.0	
25.4	5.7	278.8	18.0	
27.8	8.2	291.1	47.5	
25.4	27.8	266.5	35.2	
30.3	32.8	217.3	0.8	
25.4	37.7	143.5	-4.1	
22.9	22.9	118.9	8.2	
0.8	15.5	82.0	8.2	
0.8	25.4	86.9	30.3	
-1.7	32.8	67.2	-1.7	
3.2	18.0	37.7	-28.7	
-6.6	20.5	13.1	-43.5	
-1.7	37.7	-36.1	-70.6	
-11.5	25.4	-132.1	-92.7	
-16.4	25.4	-183.7	-100.1	
-23.8	18.0	-223.1	-33.7	
-14.0	13.1	-255.1	-18.9	
-23.8	-11.5	-296.9	-77.9	
-18.9	0.8	-355.9	-114.8	
-21.4	13.1	-422.3	-100.1	
-21.4	57.4	-508.4	-33.7	
0.8	82.0	-572.4	-63.2	
-23.8	77.0	-582.2	-77.9	
-18.9	79.5	-569.9	-73.0	
-18.9	94.3	-535.5	-73.0	
-31.2	77.0	-557.6	-73.0	
-33.7	74.6	-601.9	-60.7	
-28.7	40.1	-636.4	-55.8	
-33.7	25.4	-629.0	-41.0	
-23.8	-4.1	-611.8	-31.2	
-23.8	-33.7	-589.6	-11.5	
-33.7	-33.7	-614.2	0.8	
-26.3	-46.0	-673.3	5.7	
-23.8	-75.5	-697.9	18.0	
-23.8	-68.1	-702.8	40.1	
-36.1	-100.1	-717.5	35.2	
-33.7	-90.2	-712.6	22.9	
-31.2	-92.7	-690.5	42.6	
-33.7	-73.0	-629.0	37.7	
-18.9	-73.0	-572.4	42.6	
-26.3	-50.9	-508.4	42.6	
-23.8	-16.4	-415.0	27.8	
-28.7	8.2	-316.6	25.4	
-23.8	10.6	-242.8	18.0	
-28.7	15.5	-183.7	20.5	
-23.8	22.9	-107.5	20.5	
-23.8	8.2	-82.9	20.5	
-14.0	5.7	-23.8	27.8	
-16.4	-14.0	72.1	18.0	
3.2	-6.6	165.6	8.2	
10.6	15.5	219.7	-1.7	
3.2	13.1	217.3	3.2	
5.7	8.2	200.0	5.7	
-4.1	3.2	217.3	-6.6	
20.5	-28.7	214.8	-4.1	
15.5	-31.2	266.5	-18.9	
13.1	-50.9	332.9	-9.1	
20.5	-36.1	411.6	5.7	
27.8	-9.1	482.9	10.6	
40.1	20.5	505.1	25.4	
32.8	8.2	544.4	27.8	
30.3	18.0	576.4	22.9	
30.3	32.8	588.7	15.5	
32.8	25.4	620.7	32.8	
20.5	32.8	640.4	67.2	
20.5	5.7	642.8	86.9	
20.5	-21.4	637.9	113.9	
5.7	-36.1	655.1	111.5	
15.5	-36.1	689.6	82.0	
15.5	-36.1	704.3	69.7	
10.6	-28.7	743.7	91.8	
-6.6	-9.1	753.5	96.7	
8.2	-31.2	728.9	141.0	
10.6	-50.9	682.2	160.7	
5.7	-85.3	642.8	175.4	
-1.7	-68.1	598.6	187.7	
-6.6	-55.8	561.7	177.9	
-6.6	-46.0	502.6	180.4	
-21.4	-41.0	451.0	123.8	
-16.4	-38.6	428.8	104.1	
-28.7	3.2	379.6	84.4	
-23.8	-9.1	323.0	45.1	
-23.8	25.4	300.9	40.1	
-18.9	27.8	286.1	52.4	
-31.2	18.0	271.4	74.6	
-18.9	25.4	246.8	165.6	
-6.6	20.5	229.6	234.5	
-9.1	-18.9	190.2	224.6	
-6.6	-6.6	187.7	192.7	
-6.6	18.0	136.1	155.8	
3.2	25.4	121.3	138.5	
-1.7	18.0	133.6	84.4	
5.7	5.7	123.8	47.5	
0.8	10.6	118.9	25.4	
-4.1	27.8	170.5	37.7	
5.7	45.1	192.7	89.3	
0.8	8.2	187.7	89.3	
3.2	25.4	185.3	67.2	
8.2	67.2	175.4	59.8	
5.7	99.2	165.6	77.0	
8.2	111.5	170.5	45.1	
20.5	96.7	175.4	45.1	
20.5	138.5	173.0	57.4	
27.8	143.5	150.8	59.8	
10.6	155.8	133.6	40.1	
3.2	141.0	133.6	45.1	
10.6	145.9	123.8	72.1	
10.6	133.6	99.2	111.5	
8.2	82.0	101.6	77.0	
-1.7	27.8	86.9	72.1	
3.2	-43.5	59.8	42.6	
8.2	-38.6	72.1	15.5	
5.7	-28.7	54.9	-4.1	
-1.7	-1.7	67.2	-4.1	
5.7	-16.4	35.2	-41.0	
8.2	15.5	47.5	-114.8	
10.6	13.1	30.3	-146.8	
10.6	-18.9	27.8	-154.2	
5.7	-9.1	18.0	-134.5	
10.6	0.8	25.4	-149.3	
3.2	-6.6	-4.1	-164.0	
3.2	5.7	-1.7	-176.3	
10.6	18.0	-28.7	-164.0	
5.7	54.9	-33.7	-137.0	
10.6	42.6	-50.9	-166.5	
3.2	42.6	-63.2	-200.9	
-6.6	69.7	-102.5	-247.7	
3.2	52.4	-122.2	-309.2	
27.8	50.0	-146.8	-360.8	
25.4	86.9	-149.3	-343.6	
8.2	69.7	-159.1	-299.3	
25.4	18.0	-161.6	-331.3	
10.6	-43.5	-159.1	-360.8	
13.1	-46.0	-154.2	-351.0	
15.5	-31.2	-169.0	-348.5	
27.8	-41.0	-164.0	-338.7	
27.8	-11.5	-169.0	-250.1	
30.3	-14.0	-171.4	-230.5	
20.5	-26.3	-196.0	-228.0	
35.2	-18.9	-203.4	-159.1	
27.8	-23.8	-245.2	-100.1	
52.4	10.6	-242.8	-151.7	
42.6	47.5	-247.7	-114.8	
54.9	67.2	-240.3	-9.1	
62.3	69.7	-228.0	-11.5	
57.4	45.1	-213.2	-16.4	
45.1	52.4	-196.0	-23.8	
54.9	30.3	-200.9	-14.0	
72.1	3.2	-161.6	-53.3	
67.2	-18.9	-112.4	-68.1	
74.6	-58.3	-102.5	-55.8	
74.6	-48.4	-82.9	-50.9	
82.0	-50.9	-109.9	-53.3	
82.0	-68.1	-109.9	-31.2	
67.2	-58.3	-70.6	-18.9	
79.5	-70.6	-60.7	64.7	
72.1	-87.8	-46.0	118.9	
74.6	-65.6	-36.1	94.3	
64.7	-31.2	-16.4	0.8	
74.6	-9.1	0.8	-36.1	
82.0	8.2	5.7	-36.1	
72.1	0.8	22.9	-43.5	
72.1	-11.5	37.7	-70.6	
74.6	-4.1	35.2	-124.7	
72.1	30.3	59.8	-102.5	
69.7	27.8	67.2	104.1	
57.4	15.5	91.8	217.3	
54.9	-9.1	126.2	168.1	
27.8	-9.1	141.0	113.9	
22.9	0.8	155.8	79.5	
5.7	37.7	168.1	72.1	
0.8	59.8	175.4	82.0	
-1.7	72.1	180.4	104.1	
-14.0	109.0	197.6	106.6	
-1.7	101.6	175.4	106.6	
15.5	52.4	180.4	106.6	
18.0	59.8	173.0	111.5	
8.2	50.0	145.9	126.2	
13.1	27.8	141.0	133.6	
18.0	25.4	153.3	155.8	
20.5	27.8	200.0	177.9	
30.3	22.9	217.3	158.2	
37.7	-1.7	219.7	148.4	
64.7	-53.3	214.8	101.6	
89.3	-105.0	219.7	67.2	
116.4	-146.8	214.8	111.5	
143.5	-119.8	214.8	109.0	
158.2	-117.3	207.4	106.6	
173.0	-77.9	227.1	35.2	
173.0	-43.5	205.0	8.2	
190.2	-43.5	202.5	-60.7	
180.4	-16.4	209.9	-92.7	
173.0	18.0	219.7	5.7	
153.3	37.7	227.1	-23.8	
143.5	20.5	214.8	0.8	
126.2	10.6	205.0	141.0	
101.6	20.5	168.1	281.2	
91.8	25.4	136.1	323.0	
79.5	15.5	82.0	382.1	
59.8	22.9	42.6	367.3	
54.9	30.3	18.0	268.9	
35.2	22.9	-14.0	219.7	
27.8	0.8	-11.5	182.8	
22.9	0.8	-23.8	138.5	
13.1	22.9	-31.2	77.0	
8.2	15.5	-16.4	45.1	
-6.6	0.8	30.3	52.4	
-9.1	-46.0	57.4	18.0	
-1.7	-16.4	59.8	-14.0	
-31.2	22.9	77.0	-55.8	
-18.9	67.2	89.3	-36.1	
-21.4	57.4	106.6	-28.7	
-26.3	32.8	158.2	47.5	
-31.2	22.9	160.7	67.2	
-41.0	54.9	143.5	25.4	
-55.8	50.0	136.1	-21.4	
-58.3	40.1	158.2	-18.9	
-48.4	30.3	219.7	10.6	
-60.7	37.7	239.4	0.8	
-58.3	42.6	254.2	-4.1	
-63.2	10.6	296.0	-18.9	
-68.1	0.8	298.4	3.2	
-70.6	25.4	323.0	-1.7	
-70.6	62.3	355.0	-36.1	
-63.2	52.4	377.2	-46.0	
-65.6	57.4	389.5	-43.5	
-70.6	96.7	401.8	-23.8	
-70.6	136.1	401.8	0.8	
-41.0	163.1	359.9	-31.2	
-55.8	234.5	337.8	-26.3	
-41.0	308.3	305.8	0.8	
-43.5	291.1	268.9	-33.7	
-41.0	261.5	241.9	-65.6	
-38.6	296.0	212.3	-95.2	
-26.3	234.5	222.2	-87.8	
-18.9	141.0	227.1	-6.6	
-23.8	-23.8	239.4	22.9	
-26.3	-200.9	187.7	-48.4	
-21.4	-242.8	182.8	-154.2	
-23.8	-205.9	185.3	-151.7	
-4.1	-252.6	202.5	-132.1	
-16.4	-294.4	155.8	-119.8	
-21.4	-319.0	126.2	-90.2	
-18.9	-272.3	118.9	-16.4	
5.7	-176.3	86.9	67.2	
-9.1	-75.5	-4.1	47.5	
3.2	35.2	-166.5	8.2	
8.2	106.6	-267.4	-33.7	
13.1	150.8	-309.2	-82.9	
25.4	170.5	-230.5	-53.3	
32.8	155.8	-48.4	-33.7	
32.8	113.9	153.3	-80.4	
37.7	86.9	323.0	-129.6	
40.1	94.3	379.6	-114.8	
42.6	37.7	401.8	-205.9	
47.5	59.8	374.7	-417.4	
45.1	35.2	332.9	-407.6	
52.4	59.8	259.1	-383.0	
64.7	116.4	155.8	-545.3	
72.1	121.3	77.0	-572.4	
72.1	111.5	-28.7	-601.9	
69.7	94.3	-124.7	-616.7	
82.0	74.6	-203.4	-306.7	
84.4	62.3	-272.3	-63.2	
84.4	52.4	-292.0	-48.4	
94.3	47.5	-314.1	-161.6	
94.3	10.6	-309.2	-230.5	
94.3	-68.1	-287.0	-331.3	
91.8	-173.9	-267.4	-277.2	
89.3	-124.7	-213.2	-161.6	
101.6	-95.2	-169.0	-178.8	
99.2	-21.4	-114.8	-129.6	
99.2	50.0	-48.4	-134.5	
111.5	82.0	25.4	-232.9	
96.7	57.4	84.4	-264.9	
111.5	47.5	126.2	-294.4	
104.1	30.3	182.8	-341.2	
111.5	15.5	219.7	-358.4	
123.8	-41.0	261.5	-331.3	
133.6	-80.4	286.1	-301.8	
113.9	-144.4	328.0	-272.3	
118.9	-144.4	357.5	-208.3	
111.5	-137.0	347.6	-235.4	
113.9	-46.0	337.8	-228.0	
116.4	47.5	293.5	-223.1	
111.5	42.6	246.8	-196.0	
104.1	77.0	224.6	-213.2	
101.6	62.3	158.2	-166.5	
94.3	32.8	143.5	-107.5	
91.8	20.5	145.9	40.1	
89.3	-9.1	123.8	160.7	
89.3	-50.9	131.2	153.3	
82.0	-70.6	121.3	74.6	
91.8	-68.1	104.1	133.6	
79.5	-65.6	64.7	111.5	
74.6	-31.2	5.7	57.4	
86.9	-21.4	-36.1	37.7	
86.9	-1.7	-92.7	-11.5	
77.0	-6.6	-149.3	-16.4	
84.4	-6.6	-186.2	8.2	
106.6	-14.0	-203.4	35.2	
101.6	-28.7	-228.0	57.4	
116.4	-50.9	-274.7	54.9	
116.4	-18.9	-228.0	37.7	
109.0	5.7	-250.1	47.5	
116.4	15.5	-282.1	22.9	
104.1	40.1	-294.4	50.0	
111.5	84.4	-279.7	59.8	
104.1	113.9	-245.2	72.1	
99.2	116.4	-232.9	99.2	
99.2	104.1	-225.5	77.0	
91.8	109.0	-188.6	77.0	
91.8	111.5	-141.9	91.8	
84.4	126.2	-87.8	109.0	
77.0	126.2	-16.4	158.2	
79.5	131.2	18.0	173.0	
74.6	123.8	82.0	185.3	
69.7	128.7	126.2	214.8	
69.7	131.2	180.4	236.9	
72.1	133.6	200.0	229.6	
64.7	121.3	222.2	241.9	
69.7	86.9	234.5	239.4	
69.7	72.1	200.0	224.6	
64.7	32.8	187.7	227.1	
52.4	35.2	205.0	244.3	
52.4	8.2	227.1	251.7	
50.0	20.5	209.9	276.3	
54.9	18.0	234.5	305.8	
45.1	35.2	209.9	342.7	
42.6	22.9	197.6	387.0	
40.1	15.5	197.6	337.8	
30.3	3.2	192.7	236.9	
32.8	-26.3	200.0	175.4	
32.8	-41.0	185.3	145.9	
25.4	-46.0	173.0	74.6	
25.4	-21.4	133.6	3.2	
25.4	-31.2	101.6	-87.8	
35.2	-26.3	64.7	-169.0	
40.1	-11.5	18.0	-235.4	
25.4	-14.0	-65.6	-232.9	
20.5	42.6	-141.9	-203.4	
-4.1	126.2	-213.2	-171.4	
-11.5	106.6	-294.4	-92.7	
-38.6	37.7	-331.3	-11.5	
-50.9	32.8	-395.3	-1.7	
-58.3	42.6	-424.8	47.5	
-70.6	94.3	-471.5	116.4	
-68.1	96.7	-510.9	158.2	
-68.1	25.4	-501.1	155.8	
-73.0	-18.9	-488.8	69.7	
-68.1	-28.7	-476.5	62.3	
-65.6	-31.2	-474.0	89.3	
-60.7	-87.8	-454.3	67.2	
-58.3	-53.3	-429.7	30.3	
-65.6	-21.4	-387.9	30.3	
-70.6	40.1	-353.5	-6.6	
-55.8	35.2	-314.1	-38.6	
-70.6	50.0	-240.3	-77.9	
-65.6	52.4	-139.4	-92.7	
-68.1	35.2	-41.0	-38.6	
-63.2	-28.7	37.7	-55.8	
-63.2	-23.8	106.6	-127.1	
-65.6	-9.1	173.0	64.7	
-73.0	0.8	205.0	308.3	
-73.0	-23.8	239.4	507.5	
-70.6	-14.0	256.6	451.0	
-65.6	-23.8	259.1	342.7	
-65.6	-105.0	264.0	256.6	
-73.0	-102.5	229.6	180.4	
-80.4	-63.2	217.3	128.7	
-73.0	-77.9	200.0	158.2	
-82.9	-70.6	155.8	187.7	
-87.8	-16.4	101.6	246.8	
-90.2	-28.7	45.1	500.2	
-82.9	-9.1	-14.0	657.6	
-92.7	50.0	-87.8	571.5	
-87.8	91.8	-137.0	411.6	
-85.3	116.4	-183.7	305.8	
-95.2	86.9	-223.1	212.3	
-97.6	136.1	-255.1	180.4	
-102.5	84.4	-289.5	241.9	
-100.1	35.2	-299.3	256.6	
-107.5	-1.7	-284.6	254.2	
-85.3	-11.5	-247.7	224.6	
-92.7	-23.8	-223.1	197.6	
-80.4	-6.6	-173.9	192.7	
-90.2	50.0	-134.5	205.0	
-80.4	89.3	-90.2	207.4	
-85.3	101.6	-53.3	200.0	
-80.4	22.9	-21.4	214.8	
-92.7	-16.4	-11.5	214.8	
-90.2	40.1	-23.8	190.2	
-80.4	96.7	-43.5	207.4	
-95.2	91.8	-68.1	207.4	
-92.7	67.2	-100.1	195.1	
-90.2	40.1	-109.9	177.9	
-87.8	13.1	-92.7	200.0	
-87.8	-14.0	-112.4	180.4	
-92.7	-4.1	-100.1	187.7	
-100.1	0.8	-92.7	197.6	
-97.6	0.8	-82.9	150.8	
-97.6	5.7	-82.9	123.8	
-87.8	54.9	-68.1	72.1	
-77.9	72.1	-80.4	15.5	
-102.5	57.4	-85.3	37.7	
-82.9	84.4	-68.1	45.1	
-77.9	104.1	-90.2	0.8	
-75.5	101.6	-26.3	91.8	
-75.5	148.4	3.2	69.7	
-92.7	266.5	37.7	25.4	
-80.4	286.1	91.8	67.2	
-70.6	246.8	133.6	84.4	
-70.6	254.2	126.2	30.3	
-87.8	256.6	123.8	0.8	
-87.8	249.2	111.5	5.7	
-100.1	236.9	72.1	22.9	
-102.5	121.3	79.5	40.1	
-97.6	-28.7	74.6	35.2	
-87.8	-16.4	86.9	54.9	
-112.4	-38.6	106.6	52.4	
-107.5	-124.7	77.0	35.2	
-102.5	-146.8	50.0	35.2	
-92.7	-75.5	35.2	52.4	
-85.3	-4.1	57.4	37.7	
-77.9	67.2	52.4	30.3	
-87.8	104.1	50.0	35.2	
-82.9	99.2	57.4	37.7	
-73.0	121.3	50.0	18.0	
-85.3	143.5	18.0	-1.7	
-63.2	163.1	-18.9	-18.9	
-50.9	150.8	-31.2	-77.9	
-60.7	141.0	-11.5	-63.2	
-50.9	138.5	-21.4	-87.8	
-58.3	141.0	-23.8	-117.3	
-68.1	160.7	-43.5	-102.5	
-58.3	187.7	-58.3	-112.4	
-73.0	163.1	-100.1	-186.2	
-65.6	197.6	-151.7	-141.9	
-70.6	266.5	-245.2	-90.2	
-60.7	283.7	-341.2	-31.2	
-68.1	330.4	-427.3	32.8	
-70.6	298.4	-488.8	40.1	
-63.2	268.9	-552.7	32.8	
-70.6	271.4	-651.1	13.1	
-65.6	138.5	-742.1	37.7	
-46.0	96.7	-857.8	62.3	
-48.4	62.3	-907.0	153.3	
-43.5	94.3	-998.0	256.6	
-48.4	-33.7	-1091.5	264.0	
-33.7	-92.7	-1189.9	214.8	
-23.8	-109.9	-1246.4	180.4	
-18.9	-235.4	-1347.3	143.5	
-6.6	-186.2	-1362.1	69.7	
-6.6	-117.3	-1357.1	18.0	
-9.1	-70.6	-1332.5	-11.5	
-11.5	-46.0	-1266.1	-124.7	
-11.5	-36.1	-1182.5	-188.6	
-31.2	-28.7	-1140.7	-255.1	
-38.6	-16.4	-1066.9	-200.9	
-41.0	50.0	-983.2	-169.0	
-41.0	20.5	-870.1	-218.2	
-60.7	30.3	-803.6	-247.7	
-50.9	74.6	-700.3	-264.9	
-41.0	96.7	-621.6	-277.2	
-46.0	35.2	-542.9	-316.6	
-41.0	8.2	-503.5	-237.8	
-38.6	54.9	-464.2	-46.0	
-55.8	77.0	-419.9	-38.6	
-46.0	30.3	-395.3	-117.3	
-48.4	35.2	-333.8	-178.8	
-50.9	30.3	-255.1	-208.3	
-43.5	25.4	-183.7	-260.0	
-50.9	15.5	-82.9	-264.9	
-48.4	25.4	45.1	-252.6	
-41.0	22.9	175.4	-267.4	
-38.6	54.9	283.7	-188.6	
-41.0	15.5	406.7	-33.7	
-46.0	40.1	549.4	101.6	
-28.7	45.1	657.6	126.2	
-31.2	69.7	724.0	84.4	
-43.5	27.8	832.3	91.8	
-36.1	-11.5	935.6	57.4	
-41.0	-63.2	1004.5	25.4	
-48.4	-119.8	1053.7	-11.5	
-28.7	-90.2	1107.8	-31.2	
-23.8	-122.2	1132.4	-36.1	
-33.7	-41.0	1152.1	-38.6	
-31.2	15.5	1181.6	-26.3	
-23.8	15.5	1220.9	-28.7	
-36.1	15.5	1250.5	-28.7	
-36.1	-4.1	1255.4	-38.6	
-23.8	-21.4	1252.9	-55.8	
-31.2	-14.0	1235.7	-77.9	
-31.2	15.5	1238.2	-82.9	
-31.2	30.3	1228.3	-90.2	
-28.7	64.7	1206.2	-77.9	
-16.4	57.4	1184.0	-60.7	
-23.8	50.0	1181.6	-85.3	
-28.7	72.1	1191.4	-53.3	
-31.2	74.6	1166.8	-60.7	
-38.6	-18.9	1228.3	-50.9	
-38.6	-63.2	1243.1	-33.7	
-33.7	-48.4	1255.4	-31.2	
-33.7	-23.8	1287.4	-38.6	
-33.7	-6.6	1314.4	-38.6	
-46.0	8.2	1321.8	-43.5	
-43.5	3.2	1267.7	-65.6	
-33.7	-9.1	1139.8	-58.3	
-23.8	-23.8	940.5	-53.3	
-38.6	-21.4	689.6	-50.9	
-41.0	-46.0	423.9	-55.8	
-28.7	-70.6	145.9	-58.3	
-14.0	-85.3	-87.8	-68.1	
-11.5	-38.6	-292.0	-75.5	
5.7	-16.4	-459.2	-77.9	
3.2	54.9	-547.8	-73.0	
3.2	79.5	-606.8	-77.9	
18.0	91.8	-611.8	-68.1	
27.8	126.2	-601.9	-55.8	
27.8	128.7	-606.8	-38.6	
20.5	116.4	-592.1	-23.8	
32.8	249.2	-577.3	-31.2	
37.7	308.3	-538.0	-31.2	
50.0	313.2	-530.6	-43.5	
54.9	109.0	-530.6	-14.0	
47.5	-26.3	-506.0	-6.6	
54.9	-43.5	-442.0	-18.9	
52.4	5.7	-363.3	-4.1	
45.1	-21.4	-323.9	-14.0	
52.4	-213.2	-306.7	-31.2	
35.2	-173.9	-353.5	-9.1	
42.6	-117.3	-439.6	18.0	
37.7	-70.6	-547.8	-16.4	
45.1	-43.5	-621.6	-4.1	
57.4	-112.4	-700.3	-28.7	
42.6	-139.4	-732.3	-11.5	
37.7	-105.0	-700.3	-4.1	
37.7	-48.4	-663.4	52.4	
35.2	-14.0	-614.2	145.9	
35.2	3.2	-579.8	145.9	
35.2	42.6	-508.4	123.8	
40.1	22.9	-469.1	72.1	
42.6	32.8	-415.0	18.0	
50.0	52.4	-353.5	-65.6	
57.4	116.4	-304.3	-85.3	
47.5	200.0	-284.6	-33.7	
50.0	219.7	-277.2	15.5	
64.7	266.5	-289.5	74.6	
57.4	246.8	-260.0	40.1	
69.7	209.9	-232.9	30.3	
82.0	192.7	-213.2	-16.4	
67.2	145.9	-188.6	-33.7	
82.0	-23.8	-200.9	-21.4	
72.1	-191.1	-198.5	22.9	
89.3	-218.2	-193.6	32.8	
99.2	-188.6	-203.4	47.5	
101.6	-102.5	-220.6	30.3	
104.1	-48.4	-232.9	8.2	
106.6	-41.0	-198.5	-21.4	
91.8	-23.8	-164.0	-14.0	
116.4	18.0	-122.2	-14.0	
126.2	50.0	-87.8	-31.2	
123.8	79.5	-48.4	-31.2	
138.5	86.9	0.8	-26.3	
138.5	109.0	52.4	-33.7	
148.4	101.6	96.7	-31.2	
126.2	123.8	145.9	-18.9	
138.5	143.5	185.3	-11.5	
123.8	170.5	254.2	-18.9	
118.9	165.6	300.9	-36.1	
136.1	170.5	352.6	-26.3	
150.8	236.9	389.5	-1.7	
158.2	281.2	426.4	-9.1	
143.5	300.9	453.4	0.8	
143.5	268.9	473.1	10.6	
145.9	116.4	482.9	18.0	
141.0	99.2	485.4	40.1	
153.3	52.4	507.5	57.4	
148.4	40.1	495.2	74.6	
148.4	-33.7	475.6	94.3	
158.2	-132.1	443.6	136.1	
163.1	-109.9	384.5	155.8	
143.5	-36.1	330.4	163.1	
136.1	10.6	281.2	173.0	
145.9	32.8	222.2	192.7	
158.2	72.1	153.3	202.5	
150.8	109.0	64.7	209.9	
145.9	121.3	-26.3	192.7	
136.1	121.3	-80.4	173.0	
116.4	111.5	-134.5	165.6	
94.3	121.3	-161.6	145.9	
57.4	116.4	-181.3	136.1	
40.1	123.8	-225.5	96.7	
27.8	128.7	-230.5	106.6	
-1.7	123.8	-255.1	79.5	
-23.8	136.1	-250.1	54.9	
-41.0	138.5	-252.6	64.7	
-58.3	128.7	-245.2	25.4	
-80.4	126.2	-237.8	22.9	
-80.4	138.5	-228.0	-1.7	
-80.4	160.7	-200.9	-14.0	
-63.2	145.9	-188.6	-26.3	
-46.0	145.9	-191.1	-68.1	
-36.1	158.2	-183.7	-112.4	
-41.0	133.6	-127.1	-119.8	
-31.2	158.2	-92.7	-114.8	
-46.0	150.8	-63.2	-127.1	
-50.9	143.5	-58.3	-132.1	
-48.4	143.5	-90.2	-144.4	
-50.9	128.7	-161.6	-156.7	
-55.8	128.7	-188.6	-161.6	
-63.2	128.7	-205.9	-161.6	
-58.3	138.5	-215.7	-154.2	
-65.6	118.9	-232.9	-132.1	
-70.6	133.6	-223.1	-129.6	
-48.4	136.1	-208.3	-151.7	
-48.4	148.4	-132.1	-124.7	
-36.1	163.1	-58.3	-132.1	
-18.9	131.2	3.2	-132.1	
-9.1	126.2	40.1	-107.5	
5.7	145.9	22.9	-97.6	
15.5	123.8	13.1	-95.2	
42.6	123.8	-6.6	-58.3	
42.6	133.6	-14.0	-31.2	
35.2	155.8	-36.1	-21.4	
57.4	182.8	-58.3	-82.9	
59.8	175.4	-68.1	-100.1	
67.2	136.1	-95.2	-23.8	
72.1	145.9	-132.1	-26.3	
69.7	148.4	-171.4	-102.5	
77.0	163.1	-218.2	-122.2	
72.1	158.2	-274.7	-73.0	
91.8	158.2	-358.4	-46.0	
86.9	180.4	-434.6	-23.8	
96.7	173.0	-481.4	-50.9	
94.3	177.9	-528.1	-46.0	
91.8	180.4	-533.0	-38.6	
91.8	168.1	-501.1	-53.3	
84.4	160.7	-444.5	-63.2	
91.8	163.1	-390.4	-53.3	
84.4	175.4	-321.5	-80.4	
96.7	168.1	-252.6	-58.3	
86.9	175.4	-178.8	-80.4	
94.3	173.0	-105.0	-73.0	
89.3	175.4	-38.6	-119.8	
91.8	177.9	45.1	-146.8	
84.4	192.7	148.4	-127.1	
84.4	177.9	276.3	-134.5	
84.4	173.0	340.3	-129.6	
82.0	170.5	387.0	-144.4	
69.7	160.7	443.6	-178.8	
57.4	155.8	527.2	-213.2	
45.1	143.5	598.6	-176.3	
47.5	150.8	633.0	-151.7	
50.0	155.8	642.8	-181.3	
52.4	158.2	588.7	-205.9	
45.1	150.8	514.9	-250.1	
27.8	150.8	409.1	-294.4	
50.0	143.5	357.5	-351.0	
50.0	136.1	266.5	-323.9	
54.9	138.5	150.8	-311.6	
15.5	131.2	47.5	-314.1	
-11.5	126.2	-11.5	-341.2	
-18.9	116.4	-102.5	-289.5	
-1.7	121.3	-100.1	-257.5	
-18.9	116.4	-14.0	-292.0	
-38.6	113.9	35.2	-306.7	
-38.6	104.1	42.6	-208.3	
-33.7	82.0	54.9	-188.6	
-41.0	99.2	104.1	-156.7	
-41.0	94.3	91.8	-75.5	
-38.6	96.7	18.0	-95.2	
-46.0	86.9	-68.1	-53.3	
-43.5	86.9	-134.5	-11.5	
-26.3	82.0	-117.3	25.4	
-33.7	72.1	-87.8	42.6	
-43.5	64.7	-77.9	40.1	
-107.5	57.4	-31.2	52.4	
-107.5	72.1	-75.5	86.9	
-85.3	69.7	-107.5	96.7	
-77.9	47.5	-100.1	77.0	
-80.4	45.1	-105.0	109.0	
-58.3	52.4	-109.9	62.3	
-46.0	59.8	-149.3	109.0	
-41.0	5.7	-237.8	182.8	
-48.4	45.1	-245.2	254.2	
-63.2	18.0	-264.9	305.8	
-73.0	47.5	-296.9	342.7	
-65.6	47.5	-343.6	347.6	
-48.4	42.6	-336.2	364.9	
-23.8	40.1	-346.1	369.8	
-21.4	37.7	-351.0	401.8	
-16.4	37.7	-343.6	441.1	
3.2	0.8	-333.8	451.0	
0.8	15.5	-368.2	468.2	
3.2	8.2	-400.2	492.8	
18.0	-9.1	-390.4	517.4	
25.4	-9.1	-360.8	448.5	
13.1	-14.0	-348.5	409.1	
18.0	-14.0	-360.8	355.0	
35.2	-31.2	-390.4	303.4	
47.5	-21.4	-405.1	251.7	
40.1	-11.5	-380.5	271.4	
25.4	-9.1	-316.6	249.2	
30.3	-16.4	-314.1	227.1	
8.2	-23.8	-331.3	236.9	
13.1	-31.2	-358.4	222.2	
59.8	-38.6	-434.6	209.9	
47.5	-26.3	-515.8	200.0	
40.1	-6.6	-538.0	195.1	
32.8	-18.9	-734.8	195.1	
35.2	-21.4	-1066.9	212.3	
27.8	-33.7	-1428.5	190.2	
37.7	-31.2	-1787.6	180.4	
22.9	-11.5	-2053.3	205.0	
18.0	-31.2	-2228.0	180.4	
13.1	-38.6	-2314.1	173.0	
25.4	-36.1	-2289.5	177.9	
-1.7	-38.6	-2173.9	187.7	
-9.1	-26.3	-2009.0	192.7	
0.8	-31.2	-1878.7	165.6	
-9.1	-21.4	-1681.9	138.5	
-6.6	-21.4	-1435.9	168.1	
-11.5	-26.3	-1180.0	133.6	
-23.8	-33.7	-951.2	150.8	
-18.9	-28.7	-717.5	138.5	
-33.7	-43.5	-429.7	94.3	
-23.8	-16.4	-77.9	52.4	
-18.9	-14.0	227.1	62.3	
-23.8	0.8	492.8	50.0	
-38.6	-9.1	728.9	59.8	
-36.1	-9.1	943.0	15.5	
-23.8	3.2	1129.9	-1.7	
-1.7	-4.1	1213.6	-18.9	
-31.2	-1.7	1270.1	-50.9	
-28.7	10.6	1361.2	-36.1	
-43.5	15.5	1422.7	10.6	
-55.8	13.1	1444.8	25.4	
-53.3	-16.4	1503.8	52.4	
-46.0	-9.1	1555.5	62.3	
-50.9	3.2	1604.7	3.2	
-75.5	0.8	1602.2	-46.0	
-50.9	3.2	1562.9	-77.9	
-21.4	3.2	1518.6	-92.7	
-11.5	20.5	1459.6	-105.0	
-38.6	22.9	1390.7	-92.7	
-82.9	32.8	1248.0	-48.4	
-87.8	30.3	1169.3	-36.1	
-77.9	30.3	1066.0	-26.3	
-75.5	32.8	1031.5	-9.1	
-53.3	32.8	935.6	13.1	
-46.0	25.4	827.3	37.7	
-18.9	32.8	724.0	57.4	
-28.7	32.8	630.5	52.4	
-53.3	32.8	524.8	79.5	
-60.7	35.2	441.1	67.2	
-55.8	37.7	315.7	86.9	
-55.8	35.2	227.1	99.2	
-26.3	32.8	153.3	104.1	
-28.7	37.7	69.7	82.0	
-14.0	22.9	18.0	82.0	
-21.4	35.2	-46.0	52.4	
-18.9	37.7	-129.6	45.1	
-4.1	32.8	-223.1	42.6	
15.5	32.8	-326.4	42.6	
37.7	62.3	-478.9	64.7	
45.1	72.1	-641.3	64.7	
37.7	45.1	-847.9	54.9	
45.1	32.8	-978.3	42.6	
52.4	35.2	-1007.8	30.3	
69.7	50.0	-985.7	-9.1	
64.7	50.0	-825.8	-55.8	
54.9	52.4	-724.9	-87.8	
37.7	52.4	-604.4	-95.2	
37.7	59.8	-525.7	-100.1	
32.8	57.4	-439.6	-100.1	
45.1	64.7	-333.8	-77.9	
42.6	67.2	-220.6	-55.8	
45.1	64.7	-124.7	-85.3	
50.0	91.8	-53.3	-92.7	
35.2	45.1	-6.6	-102.5	
18.0	72.1	45.1	-87.8	
22.9	69.7	101.6	-50.9	
18.0	52.4	153.3	-33.7	
20.5	62.3	234.5	-48.4	
37.7	67.2	296.0	-97.6	
35.2	57.4	355.0	-80.4	
30.3	64.7	428.8	-85.3	
32.8	72.1	482.9	-65.6	
22.9	57.4	542.0	-50.9	
15.5	62.3	598.6	-68.1	
-1.7	57.4	630.5	-46.0	
-21.4	59.8	677.3	25.4	
-16.4	72.1	719.1	47.5	
3.2	72.1	751.1	35.2	
-1.7	79.5	768.3	18.0	
30.3	74.6	780.6	22.9	
32.8	86.9	773.2	15.5	
32.8	91.8	790.4	35.2	
42.6	104.1	770.8	20.5	
8.2	84.4	736.3	-4.1	
-6.6	62.3	687.1	-11.5	
-9.1	57.4	642.8	20.5	
-9.1	45.1	613.3	20.5	
-14.0	40.1	596.1	8.2	
-14.0	42.6	554.3	8.2	
-9.1	40.1	517.4	8.2	
-6.6	35.2	470.6	-1.7	
-1.7	32.8	441.1	-46.0	
-4.1	37.7	421.4	-50.9	
-14.0	27.8	406.7	-43.5	
-23.8	30.3	396.8	-55.8	
-23.8	50.0	391.9	-46.0	
-33.7	72.1	406.7	3.2	
-38.6	77.0	428.8	54.9	
-21.4	50.0	468.2	52.4	
-18.9	57.4	527.2	77.0	
-23.8	45.1	583.8	86.9	
-26.3	35.2	630.5	22.9	
-70.6	27.8	726.5	35.2	
-41.0	22.9	783.1	52.4	
-28.7	10.6	854.4	77.0	
-6.6	8.2	906.1	94.3	
-16.4	30.3	940.5	113.9	
-11.5	22.9	938.0	126.2	
-14.0	35.2	935.6	109.0	
-21.4	27.8	952.8	96.7	
-38.6	37.7	913.4	109.0	
-28.7	30.3	859.3	94.3	
-41.0	18.0	815.0	86.9	
-58.3	15.5	751.1	91.8	
-50.9	22.9	633.0	94.3	
-73.0	13.1	517.4	96.7	
-70.6	18.0	406.7	101.6	
-53.3	20.5	335.3	106.6	
-21.4	27.8	222.2	86.9	
-11.5	18.0	150.8	72.1	
8.2	18.0	59.8	96.7	
0.8	3.2	-124.7	74.6	
-6.6	-4.1	-267.4	57.4	
-4.1	-6.6	-442.0	82.0	
-1.7	10.6	-584.7	42.6	
5.7	20.5	-710.2	57.4	
5.7	-9.1	-840.5	35.2	
32.8	-11.5	-921.7	59.8	
27.8	-11.5	-970.9	69.7	
37.7	-14.0	-956.2	62.3	
10.6	-4.1	-907.0	32.8	
13.1	-16.4	-830.7	0.8	
18.0	-33.7	-720.0	-9.1	
18.0	-46.0	-621.6	-26.3	
-1.7	-58.3	-550.3	-11.5	
-9.1	-58.3	-488.8	5.7	
-4.1	-63.2	-422.3	8.2	
5.7	-50.9	-365.8	-33.7	
15.5	-65.6	-272.3	-48.4	
20.5	-75.5	-225.5	-68.1	
20.5	-92.7	-161.6	-109.9	
27.8	-87.8	-95.2	-73.0	
35.2	-92.7	3.2	-100.1	
30.3	-92.7	111.5	-80.4	
52.4	-100.1	219.7	-68.1	
57.4	-82.9	298.4	-80.4	
57.4	-50.9	377.2	-97.6	
64.7	-28.7	438.7	-70.6	
67.2	-9.1	497.7	-50.9	
69.7	-1.7	537.1	-43.5	
47.5	-6.6	554.3	-43.5	
50.0	18.0	581.3	-50.9	
50.0	22.9	566.6	-87.8	
0.8	5.7	534.6	-122.2	
-14.0	-11.5	500.2	-122.2	
-9.1	-16.4	455.9	-144.4	
-1.7	-14.0	369.8	-137.0	
10.6	-38.6	325.5	-137.0	
-1.7	-43.5	239.4	-156.7	
0.8	-53.3	182.8	-122.2	
13.1	-48.4	89.3	-122.2	
18.0	-26.3	18.0	-114.8	
35.2	0.8	-21.4	-75.5	
32.8	50.0	-102.5	-70.6	
50.0	50.0	-161.6	-112.4	
57.4	15.5	-210.8	-129.6	
79.5	-18.9	-220.6	-100.1	
89.3	-21.4	-240.3	-112.4	
91.8	-16.4	-260.0	-107.5	
91.8	-11.5	-272.3	-119.8	
79.5	-14.0	-274.7	-107.5	
74.6	-23.8	-279.7	-97.6	
72.1	-23.8	-272.3	-92.7	
89.3	-26.3	-267.4	-92.7	
106.6	5.7	-282.1	-132.1	
94.3	18.0	-299.3	-141.9	
116.4	35.2	-306.7	-100.1	
133.6	30.3	-338.7	-65.6	
133.6	13.1	-370.7	-105.0	
148.4	8.2	-375.6	-132.1	
148.4	3.2	-402.7	-161.6	
143.5	18.0	-419.9	-117.3	
148.4	3.2	-415.0	-117.3	
143.5	-6.6	-417.4	-132.1	
138.5	10.6	-392.8	-146.8	
143.5	13.1	-365.8	-169.0	
128.7	8.2	-299.3	-173.9	
121.3	15.5	-235.4	-159.1	
128.7	8.2	-146.8	-169.0	
145.9	0.8	-82.9	-171.4	
150.8	-11.5	3.2	-149.3	
155.8	-26.3	94.3	-188.6	
158.2	-26.3	212.3	-191.1	
160.7	-21.4	335.3	-156.7	
153.3	-28.7	470.6	-114.8	
155.8	-28.7	650.2	-154.2	
150.8	-23.8	854.4	-141.9	
111.5	-21.4	1075.8	-127.1	
106.6	-31.2	1203.7	-119.8	
89.3	-31.2	1312.0	-112.4	
74.6	-33.7	1363.6	-95.2	
57.4	-23.8	1407.9	-90.2	
54.9	-23.8	1368.5	-58.3	
45.1	-36.1	1363.6	-38.6	
32.8	-36.1	1390.7	-31.2	
27.8	-33.7	1454.6	-31.2	
10.6	-50.9	1562.9	-43.5	
0.8	-55.8	1698.2	-36.1	
3.2	-43.5	1843.3	-33.7	
-6.6	-63.2	1963.9	-14.0	
-4.1	-77.9	2054.9	-11.5	
-1.7	-77.9	2086.9	0.8	
-11.5	-70.6	2091.8	8.2	
-23.8	-55.8	2104.1	15.5	
-9.1	-50.9	2121.3	-4.1	
-11.5	-63.2	2121.3	-55.8	
-21.4	-75.5	2131.1	-63.2	
-9.1	-70.6	2145.9	-33.7	
0.8	-80.4	2143.4	-18.9	
-4.1	-58.3	2165.6	-50.9	
-4.1	-43.5	2126.2	-141.9	
5.7	-60.7	2054.9	-173.9	
20.5	-53.3	1922.0	-223.1	
5.7	-77.9	1742.5	-301.8	
-16.4	-95.2	1543.2	-358.4	
-26.3	-114.8	1346.4	-368.2	
-14.0	-122.2	1134.8	-390.4	
-18.9	-124.7	938.0	-400.2	
-21.4	-144.4	788.0	-375.6	
-38.6	-132.1	672.4	-321.5	
-46.0	-129.6	556.7	-267.4	
-38.6	-141.9	465.7	-169.0	
-31.2	-139.4	431.3	-97.6	
-36.1	-151.7	367.3	-46.0	
-38.6	-151.7	298.4	-23.8	
-50.9	-156.7	205.0	-1.7	
-75.5	-159.1	109.0	22.9	
-75.5	-173.9	-18.9	72.1	
-87.8	-183.7	-122.2	96.7	
-82.9	-191.1	-247.7	126.2	
-75.5	-186.2	-373.1	141.0	
-102.5	-198.5	-456.8	145.9	
-92.7	-198.5	-589.6	175.4	
-97.6	-203.4	-715.1	168.1	
-100.1	-191.1	-897.1	148.4	
-112.4	-183.7	-1057.0	141.0	
-102.5	-178.8	-1214.5	121.3	
-107.5	-188.6	-1374.4	121.3	
-112.4	-186.2	-1487.5	116.4	
-127.1	-181.3	-1502.3	131.2	
-102.5	-156.7	-1522.0	158.2	
-100.1	-186.2	-1529.3	168.1	
-114.8	-169.0	-1590.8	123.8	
-129.6	-171.4	-1603.1	101.6	
-114.8	-213.2	-1674.5	123.8	
-109.9	-260.0	-1723.7	143.5	
-117.3	-247.7	-1770.4	168.1	
-119.8	-171.4	-1782.7	219.7	
-119.8	-80.4	-1760.6	261.5	
-139.4	-21.4	-1738.4	293.5	
-139.4	0.8	-1713.8	332.9	
-119.8	22.9	-1684.3	352.6	
-127.1	32.8	-1669.6	352.6	
-127.1	27.8	-1649.9	332.9	
-144.4	52.4	-1617.9	328.0	
-127.1	77.0	-1647.4	313.2	
-119.8	101.6	-1684.3	288.6	
-92.7	141.0	-1674.5	286.1	
-85.3	180.4	-1649.9	214.8	
-97.6	207.4	-1590.8	163.1	
-92.7	236.9	-1519.5	123.8	
-90.2	244.3	-1428.5	84.4	
-82.9	246.8	-1305.5	57.4	
-80.4	232.0	-1170.2	25.4	
-77.9	202.5	-1054.6	-14.0	
-55.8	205.0	-921.7	-63.2	
-46.0	182.8	-803.6	-77.9	
-28.7	160.7	-747.1	-95.2	
-14.0	150.8	-796.3	-134.5	
-21.4	145.9	-887.3	-159.1	
-9.1	158.2	-1037.3	-169.0	
-6.6	143.5	-1202.2	-149.3	
-6.6	131.2	-1362.1	-146.8	
5.7	133.6	-1490.0	-134.5	
30.3	138.5	-1561.3	-119.8	
45.1	145.9	-1551.5	-129.6	
45.1	138.5	-1522.0	-134.5	
42.6	153.3	-1408.8	-166.5	
45.1	165.6	-1261.2	-161.6	
47.5	182.8	-1064.4	-156.7	
52.4	180.4	-862.7	-169.0	
42.6	163.1	-670.8	-159.1	
37.7	170.5	-451.9	-149.3	
32.8	158.2	-284.6	-144.4	
45.1	150.8	-144.4	-144.4	
47.5	160.7	-55.8	-132.1	
54.9	145.9	-23.8	-149.3	
50.0	133.6	13.1	-134.5	
42.6	150.8	8.2	-137.0	
15.5	173.0	-43.5	-139.4	
32.8	165.6	-77.9	-134.5	
64.7	180.4	-63.2	-129.6	
62.3	150.8	-58.3	-164.0	
84.4	121.3	-11.5	-200.9	
77.0	86.9	25.4	-223.1	
82.0	82.0	77.0	-252.6	
79.5	67.2	104.1	-476.5	
69.7	67.2	173.0	-683.1	
69.7	62.3	256.6	-843.0	
47.5	72.1	266.5	-919.3	
52.4	67.2	303.4	-953.7	
57.4	67.2	342.7	-934.0	
82.0	67.2	389.5	-860.2	
72.1	52.4	465.7	-729.8	
54.9	72.1	551.8	-601.9	
37.7	91.8	586.3	-503.5	
40.1	99.2	610.9	-417.4	
30.3	104.1	657.6	-373.1	
15.5	109.0	694.5	-348.5	
3.2	106.6	738.8	-289.5	
-21.4	123.8	721.6	-225.5	
-41.0	116.4	689.6	-164.0	
-63.2	86.9	630.5	-117.3	
-85.3	67.2	574.0	-58.3	
-92.7	50.0	497.7	5.7	
-122.2	32.8	441.1	52.4	
-134.5	77.0	384.5	104.1	
-139.4	69.7	305.8	128.7	
-156.7	64.7	276.3	160.7	
-166.5	54.9	249.2	158.2	
-176.3	42.6	222.2	141.0	
-178.8	37.7	173.0	126.2	
-181.3	32.8	128.7	99.2	
-181.3	30.3	131.2	47.5	
-166.5	35.2	133.6	15.5	
-149.3	18.0	77.0	-11.5	
-149.3	35.2	-4.1	-28.7	
-137.0	18.0	-65.6	-48.4	
-107.5	32.8	-73.0	-26.3	
-87.8	47.5	-31.2	-6.6	
-75.5	64.7	-46.0	30.3	
-60.7	69.7	-26.3	59.8	
-50.9	67.2	42.6	47.5	
-48.4	86.9	121.3	-4.1	
-28.7	67.2	219.7	-77.9	
-21.4	72.1	313.2	-149.3	
0.8	59.8	443.6	-188.6	
0.8	86.9	574.0	-240.3	
0.8	94.3	674.8	-306.7	
5.7	101.6	743.7	-348.5	
22.9	101.6	817.5	-410.0	
45.1	96.7	861.8	-429.7	
54.9	109.0	943.0	-456.8	
74.6	91.8	994.6	-471.5	
79.5	82.0	1048.7	-506.0	
67.2	84.4	1058.6	-501.1	
91.8	62.3	1063.5	-520.7	
89.3	57.4	1075.8	-501.1	
99.2	50.0	1061.0	-496.1	
101.6	35.2	1070.9	-451.9	
106.6	20.5	1046.3	-439.6	
109.0	5.7	1016.8	-419.9	
116.4	20.5	1009.4	-346.1	
113.9	22.9	974.9	-326.4	
101.6	22.9	974.9	-311.6	
96.7	15.5	955.3	-255.1	
91.8	27.8	935.6	-205.9	
89.3	30.3	898.7	-191.1	
89.3	22.9	844.6	-156.7	
91.8	37.7	792.9	-100.1	
74.6	40.1	716.6	-75.5	
79.5	54.9	635.5	-43.5	
77.0	35.2	522.3	13.1	
59.8	32.8	421.4	79.5	
52.4	37.7	315.7	126.2	
57.4	52.4	214.8	145.9	
54.9	57.4	138.5	173.0	
42.6	40.1	69.7	192.7	
40.1	40.1	10.6	214.8	
30.3	25.4	-28.7	214.8	
35.2	52.4	-23.8	214.8	
22.9	52.4	-21.4	241.9	
13.1	50.0	-14.0	251.7	
15.5	45.1	10.6	276.3	
25.4	64.7	50.0	276.3	
15.5	37.7	86.9	266.5	
32.8	37.7	123.8	214.8	
3.2	47.5	148.4	143.5	
3.2	22.9	180.4	79.5	
8.2	42.6	195.1	20.5	
18.0	37.7	209.9	15.5	
10.6	35.2	224.6	-18.9	
15.5	57.4	232.0	-14.0	
27.8	47.5	227.1	5.7	
35.2	30.3	180.4	37.7	
37.7	15.5	109.0	62.3	
22.9	3.2	40.1	91.8	
35.2	0.8	-21.4	111.5	
40.1	5.7	-63.2	136.1	
42.6	0.8	-124.7	163.1	
35.2	13.1	-186.2	190.2	
40.1	3.2	-269.8	207.4	
42.6	-14.0	-360.8	202.5	
30.3	3.2	-434.6	190.2	
45.1	20.5	-518.3	192.7	
42.6	25.4	-592.1	205.0	
45.1	27.8	-648.7	192.7	
64.7	32.8	-638.8	158.2	
52.4	25.4	-641.3	148.4	
52.4	40.1	-601.9	150.8	
52.4	32.8	-577.3	133.6	
40.1	18.0	-520.7	133.6	
50.0	8.2	-444.5	138.5	
57.4	-14.0	-373.1	133.6	
37.7	-9.1	-314.1	126.2	
54.9	-11.5	-274.7	121.3	
67.2	-9.1	-247.7	113.9	
42.6	0.8	-247.7	109.0	
52.4	22.9	-242.8	113.9	
62.3	37.7	-255.1	96.7	
50.0	40.1	-255.1	77.0	
47.5	74.6	-257.5	74.6	
37.7	77.0	-247.7	67.2	
45.1	79.5	-230.5	50.0	
42.6	91.8	-220.6	45.1	
37.7	94.3	-200.9	42.6	
20.5	96.7	-191.1	52.4	
40.1	94.3	-203.4	47.5	
47.5	84.4	-237.8	35.2	
37.7	52.4	-247.7	32.8	
37.7	50.0	-257.5	50.0	
32.8	72.1	-282.1	67.2	
32.8	67.2	-304.3	116.4	
42.6	72.1	-328.9	173.0	
45.1	64.7	-333.8	232.0	
59.8	62.3	-336.2	291.1	
72.1	59.8	-331.3	367.3	
72.1	57.4	-321.5	431.3	
84.4	64.7	-299.3	475.6	
89.3	79.5	-272.3	539.5	
89.3	72.1	-250.1	578.9	
82.0	77.0	-203.4	596.1	
82.0	72.1	-144.4	620.7	
96.7	64.7	-114.8	645.3	
96.7	52.4	-80.4	637.9	
84.4	52.4	-26.3	633.0	
96.7	67.2	8.2	620.7	
94.3	54.9	25.4	588.7	
94.3	74.6	32.8	561.7	
104.1	82.0	62.3	544.4	
99.2	72.1	94.3	514.9	
96.7	72.1	121.3	490.3	
94.3	67.2	133.6	460.8	
89.3	64.7	145.9	401.8	
79.5	59.8	155.8	352.6	
77.0	67.2	138.5	310.7	
67.2	52.4	155.8	276.3	
67.2	64.7	148.4	251.7	
79.5	62.3	170.5	232.0	
64.7	77.0	214.8	200.0	
77.0	62.3	273.8	182.8	
64.7	82.0	335.3	155.8	
50.0	59.8	423.9	131.2	
52.4	54.9	519.8	153.3	
45.1	32.8	596.1	141.0	
27.8	15.5	637.9	163.1	
35.2	27.8	667.4	185.3	
32.8	40.1	657.6	182.8	
22.9	42.6	628.1	185.3	
18.0	52.4	583.8	202.5	
20.5	77.0	549.4	236.9	
25.4	89.3	490.3	241.9	
25.4	99.2	431.3	251.7	
22.9	109.0	372.2	246.8	
32.8	94.3	318.1	246.8	
22.9	104.1	276.3	241.9	
27.8	77.0	246.8	249.2	
10.6	69.7	222.2	246.8	
18.0	50.0	197.6	246.8	
18.0	47.5	209.9	278.8	
15.5	77.0	197.6	320.6	
5.7	52.4	214.8	367.3	
3.2	47.5	227.1	401.8	
10.6	40.1	234.5	394.4	
10.6	37.7	229.6	389.5	
10.6	42.6	197.6	438.7	
42.6	54.9	173.0	460.8	
72.1	37.7	136.1	534.6	
91.8	62.3	99.2	583.8	
96.7	64.7	67.2	605.9	
104.1	79.5	30.3	640.4	
109.0	67.2	-11.5	704.3	
118.9	74.6	-48.4	751.1	
118.9	84.4	-63.2	797.8	
121.3	54.9	-63.2	788.0	
136.1	27.8	-75.5	792.9	
143.5	25.4	-65.6	859.3	
136.1	3.2	-31.2	906.1	
143.5	-18.9	5.7	925.7	
116.4	-21.4	42.6	928.2	
116.4	-11.5	59.8	901.1	
123.8	-11.5	69.7	879.0	
123.8	-21.4	67.2	866.7	
116.4	-14.0	54.9	849.5	
126.2	-26.3	52.4	820.0	
123.8	-14.0	27.8	788.0	
118.9	5.7	-4.1	728.9	
111.5	22.9	-21.4	704.3	
101.6	27.8	-28.7	665.0	
99.2	52.4	-14.0	628.1	
106.6	57.4	-21.4	596.1	
109.0	50.0	-4.1	527.2	
99.2	69.7	64.7	421.4	
96.7	99.2	173.0	330.4	
104.1	118.9	323.0	222.2	
99.2	141.0	473.1	96.7	
91.8	123.8	608.4	62.3	
111.5	89.3	751.1	-18.9	
116.4	59.8	883.9	-77.9	
123.8	82.0	903.6	-122.2	
126.2	94.3	768.3	-149.3	
131.2	64.7	544.4	-198.5	
104.1	57.4	276.3	-242.8	
128.7	22.9	25.4	-223.1	
131.2	-4.1	-193.6	-223.1	
143.5	-68.1	-397.7	-230.5	
143.5	-112.4	-547.8	-272.3	
143.5	-109.9	-614.2	-294.4	
138.5	-75.5	-606.8	-284.6	
138.5	-60.7	-572.4	-306.7	
131.2	-55.8	-510.9	-296.9	
121.3	-33.7	-410.0	-292.0	
121.3	-9.1	-321.5	-272.3	
118.9	8.2	-245.2	-311.6	
121.3	22.9	-196.0	-321.5	
104.1	13.1	-183.7	-311.6	
113.9	22.9	-205.9	-289.5	
111.5	8.2	-237.8	-269.8	
86.9	-1.7	-272.3	-264.9	
84.4	8.2	-326.4	-274.7	
74.6	13.1	-363.3	-264.9	
69.7	25.4	-383.0	-218.2	
62.3	37.7	-380.5	-225.5	
57.4	45.1	-385.4	-228.0	
72.1	62.3	-400.2	-250.1	
67.2	54.9	-378.1	-277.2	
52.4	67.2	-331.3	-353.5	
45.1	57.4	-316.6	-304.3	
50.0	45.1	-287.0	-137.0	
27.8	74.6	-260.0	-124.7	
35.2	74.6	-260.0	-164.0	
18.0	42.6	-232.9	-247.7	
20.5	52.4	-213.2	-333.8	
20.5	35.2	-208.3	-434.6	
22.9	27.8	-183.7	-444.5	
18.0	27.8	-161.6	-397.7	
25.4	22.9	-146.8	-368.2	
22.9	50.0	-119.8	-353.5	
30.3	47.5	-119.8	-277.2	
22.9	74.6	-100.1	-149.3	
22.9	77.0	-87.8	-9.1	
22.9	118.9	-90.2	-122.2	
20.5	96.7	-90.2	-200.9	
8.2	86.9	-82.9	-198.5	
15.5	77.0	-90.2	-171.4	
27.8	67.2	-87.8	-245.2	
25.4	74.6	-92.7	-296.9	
8.2	64.7	-82.9	-316.6	
15.5	37.7	-68.1	-316.6	
15.5	30.3	-87.8	-319.0	
35.2	52.4	-124.7	-240.3	
42.6	40.1	-169.0	-183.7	
35.2	42.6	-151.7	-41.0	
30.3	47.5	-100.1	-6.6	
37.7	74.6	-21.4	5.7	
42.6	57.4	84.4	62.3	
40.1	57.4	168.1	54.9	
40.1	52.4	244.3	-36.1	
50.0	22.9	399.3	3.2	
57.4	3.2	574.0	84.4	
62.3	-23.8	660.1	141.0	
84.4	-31.2	706.8	158.2	
86.9	-14.0	802.7	197.6	
64.7	-16.4	824.9	249.2	
57.4	0.8	773.2	273.8	
64.7	22.9	682.2	276.3	
62.3	47.5	561.7	222.2	
77.0	62.3	406.7	160.7	
64.7	72.1	345.2	145.9	
77.0	77.0	222.2	141.0	
67.2	84.4	214.8	118.9	
77.0	62.3	219.7	59.8	
72.1	74.6	155.8	37.7	
79.5	74.6	116.4	-38.6	
64.7	86.9	116.4	-80.4	
50.0	82.0	47.5	-102.5	
40.1	67.2	-33.7	-117.3	
40.1	59.8	-48.4	-141.9	
30.3	42.6	-46.0	-141.9	
30.3	54.9	-48.4	-132.1	
30.3	35.2	-1.7	-124.7	
30.3	50.0	47.5	-107.5	
27.8	52.4	52.4	-112.4	
18.0	27.8	10.6	-105.0	
13.1	25.4	-48.4	-105.0	
27.8	-14.0	-77.9	-109.9	
27.8	-31.2	-134.5	-124.7	
42.6	-36.1	-159.1	-141.9	
27.8	-16.4	-151.7	-166.5	
13.1	8.2	-107.5	-198.5	
37.7	8.2	-92.7	-198.5	
42.6	18.0	-80.4	-181.3	
54.9	18.0	-55.8	-154.2	
45.1	22.9	-41.0	-156.7	
50.0	37.7	-38.6	-114.8	
47.5	37.7	0.8	-90.2	
52.4	3.2	77.0	-144.4	
45.1	5.7	136.1	-164.0	
45.1	52.4	190.2	-112.4	
32.8	42.6	256.6	-156.7	
32.8	32.8	266.5	-129.6	
37.7	20.5	313.2	-161.6	
37.7	79.5	320.6	-164.0	
47.5	89.3	389.5	-139.4	
52.4	106.6	419.0	-137.0	
57.4	82.0	428.8	-137.0	
67.2	72.1	423.9	-218.2	
72.1	84.4	436.2	-213.2	
86.9	109.0	473.1	-159.1	
101.6	104.1	431.3	-100.1	
126.2	72.1	355.0	-112.4	
121.3	64.7	227.1	-124.7	
116.4	40.1	148.4	-85.3	
116.4	64.7	113.9	-48.4	
118.9	111.5	74.6	-46.0	
116.4	113.9	86.9	-68.1	
109.0	72.1	79.5	-60.7	
109.0	50.0	121.3	-114.8	
111.5	22.9	185.3	-169.0	
121.3	13.1	141.0	-144.4	
131.2	42.6	96.7	-134.5	
121.3	64.7	138.5	-144.4	
126.2	64.7	180.4	-205.9	
126.2	54.9	94.3	-237.8	
121.3	35.2	91.8	-269.8	
111.5	-4.1	182.8	-287.0	
111.5	-41.0	271.4	-338.7	
128.7	-68.1	325.5	-380.5	
138.5	-58.3	468.2	-360.8	
143.5	-63.2	571.5	-346.1	
141.0	-50.9	578.9	-387.9	
131.2	-36.1	615.8	-493.7	
143.5	-28.7	726.5	-488.8	
148.4	-11.5	815.0	-432.2	
150.8	20.5	815.0	-417.4	
145.9	35.2	992.2	-363.3	
136.1	42.6	1292.3	-419.9	
126.2	40.1	2067.2	-419.9	
118.9	59.8	2736.3	-442.0	
141.0	32.8	3321.8	-429.7	
128.7	79.5	3457.1	-444.5	
128.7	96.7	3533.3	-451.9	
121.3	79.5	3757.2	-520.7	
131.2	52.4	3944.2	-550.3	
89.3	3.2	3998.3	-557.6	
67.2	-23.8	4177.9	-587.2	
50.0	-18.9	4330.4	-653.6	
45.1	-18.9	4487.8	-665.9	
40.1	-48.4	4628.0	-599.5	
32.8	-55.8	3597.3	-476.5	
22.9	-95.2	3398.0	-326.4	
10.6	-117.3	3058.6	-223.1	
3.2	-105.0	2480.5	-122.2	
25.4	-36.1	1840.9	-36.1	
40.1	-16.4	1186.5	84.4	
67.2	-36.1	652.7	180.4	
59.8	-6.6	84.4	296.0	
52.4	-1.7	-476.5	387.0	
59.8	3.2	-946.3	460.8	
47.5	-28.7	-1263.7	480.5	
54.9	-80.4	-1908.2	487.9	
45.1	-132.1	-2444.5	512.5	
5.7	-129.6	-2697.8	482.9	
-9.1	-100.1	-3101.3	497.7	
-26.3	-80.4	-3490.0	485.4	
-46.0	-65.6	-3920.5	438.7	
-46.0	-68.1	-4077.9	355.0	
-75.5	-55.8	-4469.0	318.1	
-80.4	-53.3	-4537.9	286.1	
-95.2	-63.2	-4560.1	286.1	
-100.1	-50.9	-4476.4	313.2	
-95.2	-48.4	-4341.1	362.4	
-100.1	-18.9	-4592.0	406.7	
-97.6	-4.1	-4077.9	478.0	
-70.6	-14.0	-4004.1	529.7	
-73.0	-6.6	-3795.0	561.7	
-55.8	-14.0	-3834.4	610.9	
-80.4	-31.2	-3534.2	655.1	
-58.3	-43.5	-3325.1	684.7	
-50.9	-4.1	-3091.4	697.0	
-50.9	-9.1	-2889.7	692.0	
-33.7	20.5	-2540.4	741.2	
-31.2	32.8	-2223.1	760.9	
-21.4	47.5	-1809.8	724.0	
-23.8	40.1	-1430.9	669.9	
-23.8	79.5	-1123.4	603.5	
-23.8	109.0	-897.1	593.6	
-36.1	158.2	-631.4	556.7	
-14.0	175.4	-412.5	529.7	
-14.0	187.7	-196.0	470.6	
8.2	180.4	-46.0	406.7	
22.9	150.8	91.8	369.8	
42.6	128.7	160.7	286.1	
59.8	121.3	278.8	232.0	
59.8	69.7	443.6	170.5	
54.9	69.7	537.1	106.6	
59.8	45.1	574.0	57.4	
74.6	35.2	492.8	-28.7	
72.1	42.6	537.1	-102.5	
82.0	45.1	522.3	-139.4	
74.6	91.8	566.6	-159.1	
62.3	121.3	635.5	-176.3	
62.3	165.6	689.6	-188.6	
57.4	180.4	792.9	-173.9	
52.4	239.4	874.1	-193.6	
74.6	234.5	938.0	-220.6	
59.8	219.7	1085.6	-225.5	
57.4	195.1	1152.1	-223.1	
42.6	155.8	1218.5	-178.8	
35.2	131.2	1230.8	-159.1	
47.5	133.6	1260.3	-161.6	
35.2	106.6	1334.1	-146.8	
18.0	79.5	1321.8	-132.1	
0.8	32.8	1235.7	-134.5	
-11.5	-33.7	979.9	-97.6	
-58.3	-38.6	864.2	-53.3	
-58.3	-41.0	635.5	-28.7	
-65.6	-63.2	468.2	-11.5	
-75.5	-41.0	337.8	-6.6	
-85.3	-73.0	264.0	8.2	
-92.7	-68.1	131.2	10.6	
-95.2	-85.3	153.3	5.7	
-95.2	-58.3	111.5	-4.1	
-75.5	-100.1	-77.9	0.8	
-80.4	-132.1	-287.0	10.6	
-82.9	-129.6	-437.1	-18.9	
-82.9	-119.8	-442.0	-46.0	
-77.9	-132.1	-434.6	-53.3	
-75.5	-132.1	-402.7	-68.1	
-97.6	-33.7	-518.3	-112.4	
-92.7	-28.7	-587.2	-124.7	
-97.6	-31.2	-547.8	-132.1	
-124.7	27.8	-442.0	-132.1	
-129.6	72.1	-432.2	-137.0	
-134.5	123.8	-488.8	-132.1	
-154.2	165.6	-491.2	-171.4	
-159.1	212.3	-496.1	-183.7	
-171.4	207.4	-498.6	-193.6	
-176.3	180.4	-567.5	-191.1	
-161.6	145.9	-589.6	-183.7	
-166.5	54.9	-569.9	-198.5	
-164.0	-11.5	-560.1	-164.0	
-159.1	-80.4	-567.5	-144.4	
-156.7	-87.8	-565.0	-144.4	
-149.3	-38.6	-547.8	-159.1	
-127.1	30.3	-456.8	-198.5	
-92.7	57.4	-387.9	-198.5	
-70.6	74.6	-360.8	-134.5	
-53.3	50.0	-358.4	-149.3	
-28.7	104.1	-353.5	-124.7	
-9.1	111.5	-518.3	-141.9	
18.0	67.2	-427.3	-109.9	
15.5	20.5	-333.8	-90.2	
25.4	5.7	-252.6	-97.6	
30.3	-70.6	-178.8	-87.8	
40.1	-154.2	-156.7	-80.4	
57.4	-119.8	-137.0	-60.7	
69.7	-80.4	-68.1	-87.8	
67.2	-77.9	-58.3	-14.0	
64.7	-53.3	-100.1	18.0	
91.8	-23.8	-58.3	10.6	
91.8	59.8	32.8	-1.7	
96.7	82.0	94.3	50.0	
91.8	91.8	74.6	59.8	
91.8	101.6	47.5	62.3	
104.1	77.0	30.3	69.7	
96.7	118.9	128.7	94.3	
84.4	148.4	369.8	77.0	
94.3	160.7	554.3	136.1	
96.7	113.9	635.5	126.2	
113.9	82.0	699.4	106.6	
131.2	52.4	697.0	57.4	
131.2	30.3	657.6	50.0	
145.9	-16.4	578.9	77.0	
143.5	-63.2	490.3	94.3	
173.0	-63.2	421.4	64.7	
182.8	-80.4	396.8	69.7	
182.8	-65.6	372.2	136.1	
192.7	-33.7	421.4	133.6	
177.9	-65.6	389.5	123.8	
177.9	-85.3	423.9	94.3	
180.4	-43.5	421.4	96.7	
170.5	-53.3	367.3	126.2	
163.1	-16.4	310.7	111.5	
138.5	35.2	325.5	145.9	
160.7	42.6	318.1	136.1	
160.7	101.6	261.5	145.9	
155.8	118.9	293.5	133.6	
158.2	111.5	293.5	131.2	
145.9	74.6	205.0	143.5	
150.8	18.0	116.4	165.6	
128.7	-4.1	-6.6	150.8	
96.7	-14.0	-146.8	165.6	
42.6	30.3	-232.9	131.2	
10.6	8.2	-373.1	113.9	
-14.0	5.7	-464.2	150.8	
-28.7	0.8	-508.4	126.2	
-55.8	13.1	-592.1	126.2	
-63.2	67.2	-683.1	131.2	
-95.2	69.7	-759.4	133.6	
-85.3	86.9	-756.9	106.6	
-100.1	96.7	-727.4	109.0	
-107.5	118.9	-705.2	72.1	
-97.6	195.1	-820.9	64.7	
-75.5	185.3	-877.4	72.1	
-75.5	131.2	-902.0	45.1	
-92.7	116.4	-887.3	25.4	
-97.6	64.7	-877.4	8.2	
-102.5	37.7	-946.3	-14.0	
-95.2	13.1	-985.7	-14.0	
-97.6	-18.9	-961.1	-50.9	
-92.7	10.6	-985.7	-50.9	
-80.4	47.5	-1042.3	-114.8	
-68.1	45.1	-1027.5	-107.5	
-65.6	35.2	-1061.9	-75.5	
-50.9	141.0	-1039.8	-119.8	
-38.6	158.2	-953.7	-100.1	
-41.0	143.5	-835.6	-97.6	
-33.7	104.1	-702.8	-137.0	
-21.4	84.4	-506.0	-151.7	
-23.8	37.7	-419.9	-107.5	
-11.5	13.1	-299.3	-100.1	
-4.1	-73.0	-183.7	-50.9	
-1.7	-82.9	-102.5	-21.4	
-4.1	-129.6	-36.1	3.2	
3.2	-77.9	-6.6	22.9	
0.8	-82.9	74.6	30.3	
8.2	-87.8	200.0	8.2	
5.7	-95.2	298.4	57.4	
-6.6	-77.9	367.3	182.8	
-6.6	-46.0	443.6	180.4	
-16.4	-18.9	522.3	148.4	
-14.0	50.0	519.8	141.0	
-9.1	0.8	475.6	131.2	
-16.4	-31.2	451.0	177.9	
-6.6	-58.3	419.0	192.7	
18.0	3.2	266.5	170.5	
3.2	-41.0	236.9	111.5	
3.2	-63.2	320.6	86.9	
-1.7	-9.1	382.1	84.4	
0.8	52.4	453.4	59.8	
-9.1	54.9	510.0	32.8	
-11.5	109.0	510.0	5.7	
-4.1	180.4	537.1	-33.7	
-11.5	101.6	453.4	-85.3	
-26.3	106.6	337.8	-105.0	
-33.7	77.0	214.8	-105.0	
-28.7	72.1	246.8	-124.7	
-28.7	52.4	305.8	-181.3	
-41.0	109.0	303.4	-176.3	
-41.0	143.5	315.7	-161.6	
-46.0	-6.6	310.7	-210.8	
-28.7	-11.5	254.2	-208.3	
-31.2	-31.2	276.3	-213.2	
-23.8	-23.8	251.7	-228.0	
-9.1	35.2	160.7	-225.5	
-1.7	62.3	79.5	-250.1	
10.6	64.7	50.0	-319.0	
13.1	99.2	25.4	-355.9	
25.4	72.1	42.6	-326.4	
22.9	82.0	-1.7	-269.8	
47.5	25.4	-23.8	-294.4	
50.0	-21.4	59.8	-264.9	
62.3	-70.6	190.2	-173.9	
72.1	-105.0	197.6	-107.5	
64.7	-112.4	82.0	-149.3	
59.8	-109.9	-95.2	-119.8	
77.0	-119.8	-279.7	-75.5	
82.0	-119.8	-375.6	-38.6	
82.0	-100.1	-370.7	-1.7	
94.3	-105.0	-355.9	37.7	
72.1	-129.6	-304.3	62.3	
64.7	-132.1	-262.4	84.4	
45.1	-85.3	-173.9	62.3	
18.0	-122.2	-114.8	-18.9	
15.5	-181.3	-114.8	-31.2	
13.1	-164.0	-164.0	-85.3	
8.2	-75.5	-171.4	-127.1	
8.2	-41.0	-166.5	-117.3	
8.2	27.8	-171.4	-109.9	
5.7	67.2	-215.7	-53.3	
22.9	94.3	-228.0	-50.9	
20.5	158.2	-235.4	-31.2	
30.3	212.3	-196.0	5.7	
32.8	303.4	-132.1	96.7	
22.9	347.6	-100.1	74.6	
47.5	342.7	-70.6	67.2	
45.1	296.0	-9.1	77.0	
40.1	298.4	54.9	57.4	
52.4	278.8	113.9	47.5	
54.9	273.8	160.7	50.0	
47.5	305.8	185.3	40.1	
45.1	300.9	232.0	22.9	
47.5	222.2	261.5	15.5	
42.6	195.1	281.2	0.8	
40.1	209.9	296.0	-18.9	
30.3	207.4	308.3	-14.0	
50.0	197.6	315.7	-36.1	
59.8	104.1	303.4	22.9	
50.0	67.2	261.5	69.7	
47.5	40.1	271.4	13.1	
52.4	27.8	222.2	20.5	
25.4	59.8	165.6	42.6	
37.7	84.4	136.1	30.3	
45.1	96.7	91.8	42.6	
37.7	155.8	57.4	22.9	
40.1	175.4	-1.7	5.7	
45.1	141.0	-41.0	0.8	
50.0	99.2	-53.3	22.9	
47.5	123.8	-85.3	84.4	
72.1	165.6	-112.4	158.2	
57.4	207.4	-122.2	160.7	
37.7	244.3	-183.7	131.2	
54.9	224.6	-257.5	113.9	
42.6	128.7	-267.4	67.2	
54.9	74.6	-267.4	45.1	
52.4	30.3	-323.9	30.3	
57.4	-26.3	-368.2	8.2	
64.7	-63.2	-375.6	-31.2	
57.4	-68.1	-380.5	-28.7	
52.4	5.7	-469.1	54.9	
50.0	37.7	-478.9	118.9	
47.5	74.6	-481.4	84.4	
52.4	99.2	-493.7	96.7	
40.1	116.4	-412.5	82.0	
45.1	84.4	-257.5	94.3	
62.3	74.6	-196.0	121.3	
67.2	72.1	-137.0	113.9	
64.7	42.6	-124.7	96.7	
69.7	-38.6	-169.0	69.7	
64.7	-112.4	-137.0	47.5	
79.5	-188.6	-186.2	13.1	
77.0	-306.7	-380.5	-31.2	
79.5	-351.0	-410.0	-82.9	
72.1	-407.6	-368.2	-80.4	
57.4	-375.6	-294.4	30.3	
64.7	-279.7	-289.5	118.9	
52.4	-200.9	-311.6	163.1	
40.1	-137.0	-415.0	209.9	
45.1	-60.7	-439.6	219.7	
27.8	15.5	-530.6	165.6	
18.0	22.9	-538.0	121.3	
20.5	82.0	-533.0	126.2	
5.7	187.7	-562.6	82.0	
-6.6	241.9	-565.0	72.1	
-4.1	241.9	-606.8	37.7	
-6.6	259.1	-653.6	13.1	
-4.1	219.7	-658.5	-11.5	
-14.0	200.0	-646.2	-31.2	
-14.0	177.9	-673.3	-21.4	
-14.0	190.2	-670.8	-28.7	
-1.7	163.1	-700.3	-46.0	
0.8	109.0	-712.6	-43.5	
22.9	54.9	-729.8	18.0	
52.4	-63.2	-739.7	67.2	
57.4	-82.9	-749.5	47.5	
52.4	-82.9	-729.8	18.0	
74.6	-95.2	-727.4	-26.3	
57.4	-65.6	-867.6	-18.9	
54.9	3.2	-1007.8	0.8	
47.5	22.9	-1076.7	3.2	
52.4	-9.1	-1128.4	8.2	
52.4	-41.0	-1116.1	-46.0	
59.8	-28.7	-1057.0	-70.6	
67.2	-21.4	-924.2	-58.3	
54.9	-43.5	-761.8	-68.1	
40.1	-100.1	-820.9	-90.2	
47.5	-73.0	-764.3	-97.6	
30.3	-43.5	-680.6	-151.7	
42.6	-9.1	-609.3	-164.0	
47.5	-1.7	-599.5	-196.0	
47.5	0.8	-510.9	-205.9	
57.4	3.2	-412.5	-193.6	
37.7	-1.7	-385.4	-183.7	
30.3	3.2	-323.9	-176.3	
25.4	42.6	-299.3	-193.6	
20.5	52.4	-215.7	-218.2	
13.1	30.3	-144.4	-235.4	
10.6	22.9	-127.1	-208.3	
-1.7	30.3	-63.2	-139.4	
10.6	3.2	-11.5	-200.9	
-1.7	15.5	91.8	-242.8	
-18.9	-14.0	113.9	-220.6	
-16.4	-18.9	113.9	-183.7	
-21.4	-41.0	123.8	-92.7	
-9.1	-87.8	104.1	-58.3	
-14.0	-114.8	126.2	-63.2	
0.8	-146.8	96.7	-41.0	
-14.0	-127.1	67.2	-68.1	
-11.5	-109.9	138.5	-107.5	
-14.0	-119.8	190.2	-82.9	
-9.1	-166.5	251.7	-122.2	
-18.9	-156.7	273.8	-141.9	
0.8	-122.2	313.2	-82.9	
18.0	-109.9	300.9	-38.6	
18.0	-112.4	318.1	-63.2	
8.2	-102.5	350.1	-75.5	
20.5	-122.2	441.1	-107.5	
20.5	-139.4	487.9	-127.1	
32.8	-137.0	482.9	-63.2	
22.9	-137.0	482.9	-33.7	
42.6	-141.9	433.7	-73.0	
42.6	-114.8	352.6	-68.1	
40.1	-112.4	278.8	-48.4	
42.6	-63.2	244.3	-9.1	
32.8	-58.3	244.3	5.7	
8.2	-41.0	337.8	-11.5	
22.9	-21.4	416.5	-31.2	
22.9	-26.3	411.6	-26.3	
15.5	-26.3	401.8	-1.7	
5.7	8.2	426.4	35.2	
-14.0	32.8	337.8	47.5	
-16.4	74.6	232.0	50.0	
-16.4	94.3	192.7	45.1	
-28.7	91.8	165.6	32.8	
-31.2	101.6	148.4	-9.1	
-21.4	86.9	111.5	-1.7	
-26.3	82.0	101.6	18.0	
-31.2	59.8	101.6	-28.7	
-21.4	59.8	54.9	-97.6	
-14.0	67.2	-1.7	-114.8	
-1.7	32.8	-70.6	-97.6	
-1.7	50.0	-92.7	-36.1	
20.5	45.1	-105.0	-73.0	
30.3	47.5	-141.9	-80.4	
22.9	59.8	-139.4	-75.5	
45.1	82.0	-100.1	-68.1	
54.9	67.2	-129.6	-73.0	
62.3	50.0	-117.3	-82.9	
37.7	59.8	-97.6	-55.8	
54.9	109.0	25.4	-75.5	
47.5	143.5	165.6	-60.7	
57.4	138.5	305.8	-87.8	
57.4	155.8	387.0	-85.3	
54.9	175.4	399.3	-60.7	
54.9	163.1	364.9	-41.0	
57.4	148.4	352.6	-60.7	
47.5	148.4	315.7	-38.6	
52.4	148.4	296.0	-38.6	
52.4	116.4	246.8	-31.2	
54.9	62.3	246.8	-1.7	
54.9	42.6	236.9	10.6	
57.4	94.3	310.7	8.2	
67.2	121.3	320.6	15.5	
64.7	113.9	330.4	13.1	
79.5	113.9	372.2	59.8	
74.6	89.3	345.2	64.7	
84.4	94.3	305.8	57.4	
72.1	82.0	278.8	32.8	
67.2	74.6	300.9	40.1	
62.3	91.8	340.3	42.6	
64.7	96.7	379.6	59.8	
52.4	74.6	357.5	52.4	
59.8	74.6	362.4	50.0	
54.9	89.3	352.6	116.4	
37.7	57.4	406.7	160.7	
54.9	77.0	401.8	177.9	
64.7	99.2	379.6	155.8	
47.5	77.0	352.6	118.9	
40.1	111.5	330.4	113.9	
35.2	131.2	315.7	173.0	
42.6	121.3	310.7	224.6	
37.7	77.0	256.6	303.4	
35.2	59.8	168.1	320.6	
30.3	47.5	109.0	313.2	
13.1	20.5	106.6	293.5	
18.0	13.1	86.9	219.7	
22.9	5.7	82.0	219.7	
25.4	10.6	131.2	205.0	
15.5	27.8	182.8	209.9	
18.0	-28.7	217.3	214.8	
25.4	-82.9	259.1	192.7	
22.9	-112.4	261.5	182.8	
8.2	-114.8	268.9	131.2	
8.2	-117.3	276.3	94.3	
18.0	-114.8	244.3	45.1	
8.2	-95.2	219.7	0.8	
8.2	-70.6	227.1	-36.1	
0.8	-46.0	239.4	-16.4	
0.8	-23.8	251.7	-31.2	
-11.5	-14.0	281.2	-65.6	
0.8	-6.6	273.8	-55.8	
-4.1	-31.2	259.1	-102.5	
13.1	-41.0	256.6	-68.1	
18.0	-14.0	268.9	5.7	
13.1	3.2	288.6	40.1	
15.5	13.1	288.6	47.5	
5.7	25.4	293.5	40.1	
-1.7	59.8	278.8	15.5	
20.5	64.7	278.8	-16.4	
15.5	91.8	246.8	13.1	
3.2	136.1	207.4	22.9	
0.8	141.0	170.5	30.3	
-1.7	153.3	69.7	0.8	
13.1	165.6	22.9	-21.4	
13.1	163.1	64.7	-46.0	
13.1	150.8	74.6	-46.0	
20.5	138.5	155.8	-58.3	
22.9	106.6	187.7	-75.5	
15.5	91.8	236.9	-87.8	
22.9	67.2	214.8	-97.6	
20.5	52.4	251.7	-95.2	
15.5	67.2	205.0	-95.2	
20.5	84.4	160.7	-105.0	
-1.7	62.3	148.4	-117.3	
-11.5	89.3	109.0	-137.0	
-4.1	82.0	106.6	-151.7	
-16.4	89.3	67.2	-159.1	
-9.1	96.7	35.2	-169.0	
-23.8	121.3	27.8	-164.0	
-11.5	138.5	35.2	-137.0	
-31.2	168.1	25.4	-100.1	
-36.1	187.7	67.2	-95.2	
-16.4	185.3	72.1	-38.6	
-16.4	192.7	82.0	-23.8	
-21.4	158.2	109.0	-23.8	
-11.5	153.3	136.1	-14.0	
-23.8	143.5	180.4	-6.6	
-16.4	106.6	205.0	27.8	
-6.6	82.0	187.7	40.1	
-28.7	47.5	158.2	32.8	
-16.4	20.5	177.9	45.1	
-18.9	3.2	158.2	59.8	
-28.7	-26.3	74.6	67.2	
-36.1	-70.6	37.7	77.0	
-38.6	-129.6	57.4	94.3	
-23.8	-139.4	94.3	86.9	
-18.9	-144.4	148.4	109.0	
-6.6	-166.5	163.1	109.0	
-9.1	-173.9	143.5	113.9	
-6.6	-178.8	101.6	101.6	
-6.6	-166.5	163.1	106.6	
-9.1	-117.3	236.9	94.3	
5.7	-90.2	288.6	106.6	
0.8	-53.3	298.4	99.2	
5.7	-31.2	266.5	109.0	
-1.7	-21.4	209.9	101.6	
-4.1	-6.6	150.8	89.3	
-16.4	-9.1	111.5	84.4	
-18.9	-4.1	133.6	86.9	
-9.1	-16.4	138.5	79.5	
-26.3	-38.6	106.6	118.9	
-41.0	-23.8	109.0	126.2	
-63.2	-46.0	113.9	116.4	
-63.2	-38.6	99.2	106.6	
-63.2	-55.8	96.7	104.1	
-55.8	-16.4	84.4	136.1	
-68.1	-6.6	52.4	160.7	
-68.1	10.6	37.7	182.8	
-73.0	67.2	50.0	175.4	
-77.9	79.5	35.2	173.0	
-85.3	131.2	45.1	136.1	
-97.6	173.0	15.5	35.2	
-85.3	182.8	8.2	50.0	
-58.3	219.7	-6.6	62.3	
-58.3	214.8	-6.6	59.8	
-31.2	200.0	3.2	106.6	
-16.4	192.7	30.3	74.6	
-14.0	182.8	27.8	82.0	
-4.1	182.8	42.6	109.0	
-9.1	190.2	59.8	111.5	
0.8	175.4	91.8	96.7	
8.2	153.3	131.2	86.9	
-4.1	148.4	136.1	86.9	
-6.6	160.7	131.2	91.8	
-9.1	168.1	165.6	104.1	
0.8	150.8	160.7	91.8	
3.2	170.5	123.8	84.4	
0.8	175.4	128.7	59.8	
-9.1	165.6	128.7	47.5	
-6.6	173.0	136.1	113.9	
-36.1	165.6	123.8	111.5	
-33.7	168.1	148.4	94.3	
-38.6	138.5	173.0	123.8	
-33.7	155.8	187.7	121.3	
-26.3	165.6	207.4	104.1	
-26.3	177.9	212.3	94.3	
-33.7	175.4	219.7	77.0	
-23.8	180.4	187.7	64.7	
-14.0	185.3	158.2	52.4	
-18.9	150.8	148.4	54.9	
-14.0	153.3	158.2	52.4	
-6.6	163.1	170.5	47.5	
-14.0	177.9	141.0	52.4	
10.6	170.5	160.7	47.5	
3.2	165.6	168.1	42.6	
3.2	180.4	148.4	45.1	
-1.7	209.9	121.3	52.4	
-11.5	214.8	69.7	54.9	
3.2	232.0	54.9	47.5	
-6.6	232.0	27.8	50.0	
-16.4	232.0	18.0	32.8	
-18.9	224.6	25.4	40.1	
-18.9	232.0	67.2	57.4	
-18.9	234.5	96.7	45.1	
-6.6	219.7	91.8	45.1	
3.2	219.7	40.1	18.0	
-1.7	205.0	-50.9	22.9	
-4.1	197.6	-102.5	-1.7	
0.8	200.0	-129.6	-26.3	
10.6	190.2	-144.4	-16.4	
0.8	192.7	-232.9	30.3	
-1.7	175.4	-208.3	64.7	
-1.7	180.4	-166.5	72.1	
27.8	187.7	-144.4	86.9	
20.5	175.4	-75.5	54.9	
32.8	148.4	25.4	67.2	
8.2	133.6	133.6	62.3	
20.5	128.7	195.1	54.9	
37.7	128.7	239.4	13.1	
37.7	121.3	244.3	52.4	
13.1	94.3	227.1	72.1	
20.5	94.3	234.5	25.4	
25.4	86.9	209.9	67.2	
13.1	82.0	185.3	143.5	
18.0	32.8	150.8	126.2	
8.2	8.2	128.7	82.0	
-28.7	-4.1	121.3	47.5	
-43.5	0.8	128.7	57.4	
-31.2	5.7	131.2	42.6	
-50.9	8.2	136.1	27.8	
-53.3	5.7	133.6	30.3	
-55.8	27.8	131.2	5.7	
-70.6	18.0	106.6	-1.7	
-58.3	-1.7	89.3	-14.0	
-68.1	0.8	109.0	-11.5	
-60.7	5.7	59.8	-31.2	
-63.2	3.2	-75.5	-43.5	
-82.9	-1.7	-208.3	-63.2	
-60.7	-6.6	-277.2	-80.4	
-41.0	-28.7	-333.8	-90.2	
-21.4	-28.7	-439.6	-102.5	
-28.7	-18.9	-515.8	-117.3	
-46.0	-33.7	-542.9	-132.1	
-38.6	-28.7	-599.5	-139.4	
-21.4	-31.2	-665.9	-119.8	
-21.4	-28.7	-560.1	-124.7	
8.2	-46.0	-493.7	-139.4	
3.2	-46.0	-478.9	-129.6	
18.0	-55.8	-557.6	-92.7	
37.7	-68.1	-552.7	-58.3	
22.9	-82.9	-651.1	-36.1	
22.9	-80.4	-700.3	-33.7	
22.9	-85.3	-835.6	-23.8	
35.2	-95.2	-852.8	-14.0	
30.3	-105.0	-845.5	-26.3	
27.8	-112.4	-860.2	-16.4	
30.3	-112.4	-929.1	3.2	
32.8	-100.1	-990.6	27.8	
35.2	-109.9	-1049.6	40.1	
32.8	-100.1	-1219.4	0.8	
13.1	-90.2	-1418.6	-4.1	
18.0	-80.4	-1558.9	-31.2	
8.2	-80.4	-1711.4	-36.1	
10.6	-70.6	-1932.8	-14.0	
8.2	-58.3	-2188.6	-18.9	
3.2	-23.8	-2449.4	-9.1	
15.5	-23.8	-2786.4	5.7	
13.1	-18.9	-2998.0	18.0	
25.4	-31.2	-3148.0	-11.5	
45.1	-41.0	-3283.3	-18.9	
35.2	-11.5	-3470.3	-43.5	
47.5	-26.3	-3603.1	-46.0	
47.5	-21.4	-3713.8	-14.0	
52.4	-16.4	-3763.0	-14.0	
45.1	-21.4	-3652.3	-63.2	
32.8	3.2	-3477.7	-137.0	
47.5	-11.5	-3305.5	-205.9	
52.4	-4.1	-3175.1	-146.8	
59.8	10.6	-3180.0	-117.3	
45.1	22.9	-3246.4	-6.6	
27.8	45.1	-3391.6	0.8	
37.7	54.9	-3613.0	-33.7	
40.1	47.5	-3831.9	-18.9	
37.7	40.1	-4077.9	0.8	
27.8	42.6	-4245.2	-117.3	
32.8	37.7	-4422.3	-223.1	
47.5	42.6	-4515.8	-156.7	
37.7	35.2	-4574.8	-95.2	
37.7	37.7	-4567.4	-65.6	
37.7	35.2	-4476.4	-48.4	
42.6	20.5	-4284.5	-58.3	
35.2	13.1	-3977.0	-38.6	
45.1	25.4	-3590.8	-85.3	
59.8	20.5	-3189.8	-85.3	
54.9	22.9	-2712.6	-68.1	
37.7	0.8	-2129.6	-65.6	
30.3	13.1	-1517.0	5.7	
27.8	18.0	-938.9	25.4	
5.7	8.2	-419.9	109.0	
-11.5	27.8	106.6	94.3	
-14.0	35.2	677.3	111.5	
-9.1	25.4	1292.3	113.9	
-11.5	30.3	1880.2	72.1	
-4.1	47.5	2411.6	59.8	
8.2	30.3	2886.4	118.9	
-9.1	25.4	3255.4	153.3	
-16.4	32.8	3587.5	160.7	
-9.1	30.3	3818.7	177.9	
-14.0	37.7	3963.8	224.6	
-14.0	62.3	4072.1	249.2	
-16.4	47.5	4057.3	234.5	
-23.8	52.4	4005.7	219.7	
-16.4	50.0	3966.3	214.8	
-14.0	52.4	3919.6	239.4	
-18.9	57.4	3865.4	241.9	
-18.9	59.8	3801.5	222.2	
-18.9	69.7	3715.4	241.9	
-16.4	62.3	3656.3	244.3	
-28.7	62.3	3592.4	200.0	
-31.2	72.1	3491.5	217.3	
-21.4	57.4	3407.9	195.1	
-43.5	62.3	3326.7	173.0	
-65.6	89.3	3223.4	153.3	
-46.0	74.6	3093.0	118.9	
-26.3	69.7	2957.7	77.0	
-6.6	50.0	2824.9	50.0	
35.2	47.5	2662.5	37.7	
45.1	47.5	2510.0	67.2	
18.0	45.1	2357.5	47.5	
15.5	42.6	2222.2	20.5	
20.5	37.7	2091.8	30.3	
35.2	27.8	1978.6	47.5	
40.1	10.6	1858.1	57.4	
18.0	15.5	1740.0	10.6	
30.3	37.7	1644.1	5.7	
79.5	30.3	1543.2	-31.2	
82.0	27.8	1474.3	-53.3	
89.3	27.8	1395.6	-112.4	
84.4	22.9	1329.2	-141.9	
84.4	8.2	1287.4	-144.4	
86.9	8.2	1216.0	-127.1	
84.4	3.2	1107.8	-97.6	
96.7	10.6	1014.3	-127.1	
82.0	3.2	866.7	-139.4	
79.5	15.5	672.4	-132.1	
82.0	15.5	426.4	-129.6	
67.2	8.2	141.0	-117.3	
77.0	10.6	-109.9	-144.4	
64.7	15.5	-294.4	-154.2	
74.6	42.6	-402.7	-114.8	
99.2	45.1	-410.0	-107.5	
96.7	37.7	-378.1	-156.7	
86.9	42.6	-331.3	-159.1	
94.3	47.5	-257.5	-100.1	
84.4	59.8	-200.9	-114.8	
99.2	57.4	-156.7	-146.8	
96.7	54.9	-102.5	-109.9	
79.5	42.6	-73.0	-109.9	
69.7	35.2	-58.3	-105.0	
77.0	62.3	-63.2	-129.6	
69.7	54.9	-100.1	-149.3	
57.4	74.6	-173.9	-105.0	
54.9	59.8	-282.1	-75.5	
47.5	64.7	-358.4	-60.7	
35.2	77.0	-417.4	-105.0	
25.4	86.9	-476.5	-77.9	
10.6	72.1	-476.5	-80.4	
0.8	79.5	-451.9	-90.2	
-1.7	64.7	-437.1	-90.2	
15.5	82.0	-351.0	-73.0	
5.7	82.0	-269.8	-33.7	
-14.0	69.7	-205.9	15.5	
0.8	69.7	-132.1	52.4	
-4.1	64.7	-31.2	22.9	
3.2	59.8	67.2	15.5	
-6.6	67.2	170.5	32.8	
-11.5	72.1	232.0	30.3	
8.2	91.8	259.1	57.4	
20.5	79.5	268.9	79.5	
30.3	74.6	276.3	57.4	
13.1	77.0	286.1	69.7	
5.7	62.3	305.8	89.3	
18.0	64.7	352.6	101.6	
30.3	67.2	359.9	77.0	
37.7	57.4	377.2	69.7	
42.6	57.4	406.7	67.2	
42.6	45.1	448.5	37.7	
35.2	54.9	497.7	5.7	
35.2	52.4	532.1	67.2	
25.4	45.1	583.8	57.4	
30.3	35.2	605.9	27.8	
50.0	35.2	642.8	20.5	
47.5	42.6	657.6	77.0	
52.4	42.6	633.0	89.3	
72.1	47.5	633.0	86.9	
57.4	40.1	615.8	113.9	
47.5	40.1	586.3	86.9	
30.3	54.9	544.4	57.4	
25.4	42.6	532.1	67.2	
37.7	47.5	502.6	52.4	
32.8	50.0	470.6	50.0	
27.8	40.1	443.6	27.8	
32.8	15.5	431.3	-21.4	
32.8	-11.5	431.3	-21.4	
64.7	-1.7	458.3	30.3	
57.4	-11.5	490.3	45.1	
62.3	-14.0	522.3	20.5	
59.8	8.2	556.7	5.7	
30.3	-14.0	630.5	-31.2	
30.3	-31.2	637.9	-58.3	
22.9	-26.3	665.0	-50.9	
40.1	-26.3	692.0	-33.7	
30.3	-33.7	763.4	-46.0	
5.7	-28.7	751.1	-55.8	
5.7	-53.3	726.5	-68.1	
-9.1	-48.4	706.8	-77.9	
18.0	-43.5	677.3	-80.4	
5.7	-38.6	623.2	-80.4	
3.2	-46.0	549.4	-80.4	
10.6	25.4	514.9	-68.1	
15.5	18.0	495.2	-65.6	
27.8	5.7	458.3	-77.9	
22.9	3.2	431.3	-70.6	
32.8	-1.7	394.4	-60.7	
30.3	10.6	350.1	-53.3	
35.2	0.8	303.4	-46.0	
27.8	5.7	261.5	-43.5	
18.0	-6.6	232.0	-53.3	
22.9	-6.6	205.0	-70.6	
22.9	-38.6	187.7	-50.9	
8.2	-43.5	141.0	-53.3	
8.2	-50.9	133.6	-63.2	
8.2	-60.7	121.3	-73.0	
3.2	-63.2	101.6	-70.6	
18.0	-73.0	59.8	-48.4	
18.0	-70.6	15.5	-23.8	
8.2	-65.6	-31.2	15.5	
5.7	-65.6	-82.9	22.9	
22.9	-68.1	-112.4	-1.7	
30.3	-90.2	-146.8	-18.9	
30.3	-75.5	-171.4	22.9	
22.9	-109.9	-186.2	-14.0	
22.9	-112.4	-235.4	62.3	
3.2	-117.3	-267.4	84.4	
13.1	-107.5	-292.0	59.8	
15.5	-112.4	-338.7	72.1	
22.9	-58.3	-383.0	69.7	
25.4	-21.4	-407.6	145.9	
20.5	-50.9	-417.4	131.2	
20.5	-41.0	-422.3	118.9	
13.1	-50.9	-424.8	106.6	
15.5	-48.4	-412.5	99.2	
10.6	-28.7	-373.1	57.4	
8.2	-14.0	-328.9	52.4	
13.1	5.7	-255.1	57.4	
25.4	25.4	-181.3	54.9	
30.3	40.1	-97.6	59.8	
42.6	59.8	-18.9	72.1	
37.7	47.5	57.4	52.4	
37.7	30.3	143.5	86.9	
40.1	40.1	249.2	104.1	
45.1	8.2	315.7	94.3	
37.7	15.5	377.2	79.5	
47.5	22.9	448.5	72.1	
40.1	15.5	478.0	106.6	
25.4	30.3	507.5	143.5	
32.8	32.8	502.6	126.2	
20.5	40.1	482.9	111.5	
22.9	54.9	458.3	109.0	
8.2	69.7	391.9	111.5	
5.7	62.3	350.1	106.6	
8.2	86.9	303.4	84.4	
18.0	74.6	254.2	67.2	
27.8	82.0	239.4	74.6	
5.7	69.7	264.0	94.3	
3.2	82.0	293.5	57.4	
-6.6	59.8	323.0	20.5	
-9.1	57.4	377.2	-16.4	
15.5	62.3	416.5	37.7	
22.9	74.6	470.6	-9.1	
13.1	54.9	514.9	-48.4	
5.7	54.9	576.4	-55.8	
3.2	45.1	610.9	-50.9	
-4.1	42.6	665.0	-55.8	
-9.1	57.4	829.8	-73.0	
-21.4	69.7	965.1	-73.0	
-23.8	62.3	1019.2	-87.8	
-18.9	69.7	1041.4	-100.1	
-11.5	64.7	1019.2	-97.6	
-9.1	59.8	1002.0	-107.5	
-6.6	50.0	960.2	-87.8	
-11.5	47.5	888.8	-90.2	
-11.5	54.9	810.1	-105.0	
-11.5	67.2	751.1	-112.4	
-6.6	59.8	660.1	-107.5	
-1.7	32.8	593.6	-129.6	
-4.1	62.3	537.1	-132.1	
-1.7	86.9	480.5	-164.0	
5.7	67.2	436.2	-154.2	
-6.6	74.6	421.4	-139.4	
0.8	52.4	396.8	-127.1	
-4.1	62.3	406.7	-144.4	
-9.1	72.1	389.5	-129.6	
0.8	82.0	328.0	-132.1	
0.8	69.7	212.3	-119.8	
-4.1	72.1	158.2	-127.1	
-9.1	86.9	126.2	-137.0	
-11.5	89.3	109.0	-151.7	
-23.8	84.4	37.7	-109.9	
-36.1	84.4	-55.8	-105.0	
-21.4	91.8	-137.0	-122.2	
-16.4	67.2	-191.1	-107.5	
-16.4	54.9	-252.6	-82.9	
-16.4	47.5	-360.8	-75.5	
-31.2	37.7	-483.8	-102.5	
-18.9	35.2	-653.6	-92.7	
-21.4	35.2	-791.3	-73.0	
-11.5	30.3	-919.3	-68.1	
-14.0	25.4	-1027.5	-82.9	
-23.8	22.9	-1121.0	-73.0	
-26.3	22.9	-1184.9	-58.3	
-4.1	20.5	-1236.6	-80.4	
-9.1	37.7	-1241.5	-68.1	
-14.0	42.6	-1212.0	-80.4	
-26.3	25.4	-1187.4	-90.2	
-38.6	22.9	-1148.0	-92.7	
-31.2	27.8	-1061.9	-73.0	
-28.7	27.8	-993.1	-80.4	
-18.9	22.9	-926.6	-33.7	
-9.1	42.6	-855.3	-60.7	
-16.4	50.0	-779.0	-50.9	
-11.5	45.1	-732.3	-43.5	
-1.7	35.2	-712.6	-60.7	
5.7	35.2	-717.5	-75.5	
10.6	27.8	-712.6	-41.0	
5.7	25.4	-680.6	-38.6	
3.2	5.7	-663.4	-87.8	
3.2	8.2	-670.8	-87.8	
15.5	-1.7	-648.7	-50.9	
32.8	-18.9	-629.0	-82.9	
25.4	-33.7	-582.2	-97.6	
25.4	-23.8	-510.9	-95.2	
32.8	-36.1	-442.0	-97.6	
27.8	-50.9	-336.2	-87.8	
35.2	-33.7	-232.9	-129.6	
30.3	-58.3	-137.0	-139.4	
35.2	-41.0	-11.5	-127.1	
35.2	-43.5	89.3	-87.8	
35.2	-38.6	190.2	-117.3	
27.8	-28.7	291.1	-141.9	
37.7	-43.5	391.9	-144.4	
47.5	-38.6	490.3	-193.6	
37.7	-48.4	559.2	-176.3	
50.0	-41.0	615.8	-144.4	
42.6	-33.7	682.2	-191.1	
37.7	-46.0	701.9	-186.2	
62.3	-36.1	716.6	-112.4	
47.5	-28.7	726.5	-134.5	
54.9	-14.0	738.8	-151.7	
52.4	-9.1	743.7	-164.0	
54.9	-28.7	753.5	-210.8	
54.9	-18.9	770.8	-237.8	
42.6	-31.2	800.3	-326.4	
37.7	-43.5	837.2	-360.8	
47.5	-68.1	888.8	-422.3	
42.6	-60.7	940.5	-461.7	
37.7	-55.8	1002.0	-442.0	
35.2	-53.3	1053.7	-380.5	
47.5	-38.6	1100.4	-336.2	
32.8	-31.2	1142.2	-287.0	
30.3	-23.8	1206.2	-181.3	
52.4	0.8	1267.7	-141.9	
47.5	8.2	1326.7	-102.5	
32.8	0.8	1371.0	-82.9	
40.1	13.1	1415.3	-6.6	
37.7	37.7	1442.3	22.9	
35.2	40.1	1489.1	67.2	
45.1	40.1	1528.4	86.9	
25.4	35.2	1589.9	94.3	
25.4	50.0	1641.6	138.5	
25.4	37.7	1705.6	138.5	
25.4	59.8	1757.2	109.0	
40.1	57.4	1799.0	79.5	
35.2	37.7	1808.9	116.4	
40.1	57.4	1767.1	133.6	
20.5	32.8	1681.0	94.3	
45.1	42.6	1548.1	52.4	
35.2	15.5	1361.2	20.5	
37.7	20.5	1142.2	-18.9	
54.9	25.4	869.2	-65.6	
50.0	42.6	610.9	-117.3	
59.8	37.7	328.0	-92.7	
59.8	32.8	18.0	-112.4	
69.7	20.5	-292.0	-102.5	
74.6	18.0	-587.2	-129.6	
86.9	5.7	-838.1	-176.3	
64.7	8.2	-1047.2	-213.2	
79.5	22.9	-1214.5	-296.9	
69.7	27.8	-1369.4	-397.7	
82.0	30.3	-1490.0	-481.4	
69.7	30.3	-1615.4	-535.5	
67.2	35.2	-1728.6	-670.8	
67.2	35.2	-1827.0	-774.1	
67.2	42.6	-1895.9	-845.5	
77.0	35.2	-1932.8	-956.2	
67.2	30.3	-1947.5	-1138.2	
59.8	37.7	-1974.6	-1347.3	
67.2	35.2	-1974.6	-1524.4	
77.0	47.5	-1972.1	-1561.3	
86.9	50.0	-1969.7	-1401.4	
84.4	50.0	-1967.2	-1157.9	
79.5	57.4	-1915.6	-948.8	
77.0	42.6	-1817.2	-776.6	
69.7	37.7	-1667.1	-683.1	
64.7	45.1	-1487.5	-513.4	
72.1	13.1	-1285.8	-321.5	
74.6	0.8	-1081.6	-213.2	
57.4	-9.1	-862.7	-141.9	
50.0	-26.3	-661.0	-97.6	
45.1	-33.7	-478.9	-129.6	
52.4	-46.0	-296.9	-107.5	
54.9	-55.8	-156.7	-60.7	
50.0	-73.0	-41.0	50.0	
54.9	-82.9	45.1	45.1	
45.1	-77.9	96.7	0.8	
40.1	-85.3	109.0	-58.3	
32.8	-85.3	94.3	-82.9	
45.1	-87.8	72.1	-171.4	
37.7	-87.8	52.4	-198.5	
30.3	-87.8	5.7	-304.3	
37.7	-85.3	-31.2	-410.0	
32.8	-53.3	-102.5	-488.8	
32.8	-41.0	-183.7	-569.9	
30.3	-23.8	-264.9	-648.7	
20.5	-16.4	-380.5	-761.8	
22.9	-4.1	-451.9	-921.7	
25.4	8.2	-515.8	-1069.3	
20.5	35.2	-584.7	-1121.0	
20.5	62.3	-638.8	-1202.2	
3.2	74.6	-712.6	-1258.7	
3.2	96.7	-747.1	-1268.6	
-6.6	94.3	-803.6	-1251.4	
8.2	101.6	-857.8	-1229.2	
5.7	118.9	-875.0	-1187.4	
15.5	111.5	-845.5	-1093.9	
8.2	104.1	-784.0	-956.2	
5.7	126.2	-705.2	-860.2	
8.2	128.7	-614.2	-791.3	
15.5	131.2	-538.0	-651.1	
32.8	118.9	-491.2	-535.5	
42.6	123.8	-444.5	-395.3	
57.4	101.6	-387.9	-235.4	
52.4	96.7	-400.2	-117.3	
72.1	96.7	-437.1	45.1	
72.1	74.6	-491.2	158.2	
74.6	67.2	-540.4	278.8	
77.0	64.7	-555.2	364.9	
84.4	47.5	-518.3	448.5	
77.0	40.1	-508.4	507.5	
82.0	37.7	-461.7	559.2	
86.9	35.2	-415.0	623.2	
84.4	50.0	-331.3	657.6	
91.8	27.8	-260.0	699.4	
82.0	32.8	-156.7	756.0	
77.0	47.5	-53.3	773.2	
59.8	47.5	35.2	788.0	
69.7	37.7	109.0	839.6	
54.9	32.8	190.2	908.5	
47.5	45.1	303.4	967.6	
47.5	10.6	401.8	1014.3	
42.6	27.8	463.3	1075.8	
20.5	15.5	475.6	1154.5	
22.9	5.7	416.5	1196.3	
13.1	-9.1	340.3	1216.0	
25.4	-28.7	249.2	1280.0	
-16.4	-38.6	155.8	1356.2	
-18.9	-65.6	187.7	1430.0	
-14.0	-55.8	244.3	1511.2	
-21.4	-46.0	315.7	1526.0	
-28.7	-63.2	404.2	1558.0	
-31.2	-60.7	473.1	1580.1	
-43.5	-58.3	551.8	1545.7	
-36.1	-73.0	613.3	1555.5	
-50.9	-70.6	655.1	1599.8	
-28.7	-65.6	677.3	1612.1	
-36.1	-70.6	709.3	1602.2	
-38.6	-55.8	731.4	1562.9	
-21.4	-48.4	780.6	1501.4	
-14.0	-41.0	827.3	1449.7	
-21.4	-26.3	861.8	1417.7	
-21.4	-16.4	886.4	1388.2	
-26.3	-4.1	915.9	1339.0	
-28.7	13.1	967.6	1262.8	
-33.7	22.9	992.2	1181.6	
-36.1	22.9	1014.3	1105.3	
-41.0	52.4	1031.5	1061.0	
-31.2	67.2	1043.8	1026.6	
-36.1	59.8	1019.2	952.8	
-63.2	59.8	1002.0	856.9	
-60.7	67.2	977.4	805.2	
-68.1	59.8	952.8	760.9	
-70.6	59.8	891.3	684.7	
-63.2	47.5	827.3	603.5	
-73.0	35.2	763.4	529.7	
-65.6	18.0	687.1	448.5	
-68.1	25.4	588.7	396.8	
-73.0	8.2	529.7	315.7	
-65.6	-11.5	478.0	244.3	
-75.5	8.2	428.8	192.7	
-63.2	-4.1	391.9	131.2	
-58.3	5.7	332.9	69.7	
-58.3	0.8	283.7	15.5	
-38.6	-1.7	234.5	-63.2	
-28.7	0.8	192.7	-124.7	
-28.7	0.8	111.5	-164.0	
-26.3	3.2	69.7	-213.2	
-33.7	-4.1	37.7	-250.1	
-26.3	13.1	-16.4	-292.0	
-23.8	0.8	-70.6	-368.2	
-28.7	0.8	-87.8	-390.4	
-18.9	18.0	-122.2	-474.0	
-18.9	18.0	-161.6	-520.7	
-11.5	30.3	-188.6	-552.7	
-21.4	18.0	-210.8	-565.0	
-18.9	25.4	-196.0	-550.3	
-11.5	15.5	-200.9	-574.9	
-26.3	27.8	-173.9	-614.2	
-36.1	22.9	-178.8	-572.4	
-60.7	22.9	-161.6	-538.0	
-68.1	27.8	-151.7	-488.8	
-85.3	27.8	-156.7	-464.2	
-90.2	47.5	-173.9	-434.6	
-109.9	54.9	-193.6	-360.8	
-127.1	45.1	-205.9	-370.7	
-137.0	50.0	-220.6	-351.0	
-149.3	45.1	-240.3	-355.9	
-156.7	50.0	-264.9	-304.3	
-141.9	52.4	-296.9	-289.5	
-134.5	64.7	-353.5	-272.3	
-129.6	62.3	-373.1	-260.0	
-114.8	82.0	-392.8	-282.1	
-85.3	77.0	-395.3	-269.8	
-55.8	79.5	-378.1	-232.9	
-43.5	86.9	-368.2	-235.4	
-31.2	96.7	-351.0	-173.9	
-9.1	109.0	-331.3	-127.1	
10.6	111.5	-321.5	-114.8	
20.5	104.1	-304.3	-63.2	
35.2	96.7	-304.3	-11.5	
35.2	99.2	-289.5	22.9	
54.9	99.2	-262.4	77.0	
64.7	82.0	-242.8	84.4	
57.4	86.9	-210.8	121.3	
69.7	77.0	-193.6	153.3	
86.9	62.3	-119.8	173.0	
101.6	47.5	-36.1	177.9	
94.3	40.1	62.3	163.1	
118.9	35.2	96.7	182.8	
111.5	30.3	113.9	244.3	
116.4	30.3	91.8	187.7	
123.8	27.8	50.0	99.2	
136.1	8.2	-16.4	79.5	
136.1	10.6	-114.8	99.2	
138.5	32.8	-232.9	118.9	
153.3	30.3	-333.8	52.4	
145.9	10.6	-395.3	30.3	
148.4	13.1	-478.9	-41.0	
145.9	18.0	-555.2	-100.1	
158.2	20.5	-597.0	-146.8	
153.3	25.4	-638.8	-127.1	
165.6	10.6	-668.3	-112.4	
153.3	13.1	-683.1	-80.4	
141.0	22.9	-695.4	-146.8	
109.0	-11.5	-690.5	-159.1	
109.0	-26.3	-700.3	-141.9	
94.3	-31.2	-695.4	-46.0	
84.4	-26.3	-680.6	47.5	
77.0	-33.7	-673.3	57.4	
64.7	-26.3	-651.1	-107.5	
42.6	-26.3	-624.1	-107.5	
32.8	-23.8	-552.7	-107.5	
30.3	-16.4	-481.4	-122.2	
13.1	-14.0	-400.2	-188.6	
13.1	-9.1	-323.9	-210.8	
8.2	-14.0	-220.6	-250.1	
5.7	-11.5	-129.6	-282.1	
-9.1	-6.6	-41.0	-279.7	
-14.0	3.2	22.9	-237.8	
-14.0	-4.1	150.8	-164.0	
0.8	-4.1	227.1	-137.0	
-11.5	-9.1	369.8	-112.4	
-14.0	30.3	446.0	-117.3	
-1.7	42.6	468.2	-173.9	
-1.7	45.1	478.0	-186.2	
13.1	45.1	473.1	-124.7	
18.0	57.4	470.6	-119.8	
8.2	37.7	500.2	-129.6	
5.7	54.9	478.0	-82.9	
20.5	37.7	409.1	-60.7	
15.5	54.9	359.9	-23.8	
10.6	25.4	273.8	40.1	
5.7	10.6	185.3	72.1	
15.5	13.1	89.3	104.1	
27.8	25.4	37.7	126.2	
32.8	37.7	10.6	113.9	
32.8	35.2	37.7	94.3	
22.9	40.1	40.1	109.0	
15.5	37.7	74.6	121.3	
30.3	32.8	106.6	109.0	
32.8	40.1	153.3	126.2	
22.9	22.9	214.8	123.8	
35.2	25.4	296.0	136.1	
32.8	0.8	362.4	128.7	
40.1	3.2	451.0	155.8	
42.6	-1.7	507.5	138.5	
64.7	-9.1	539.5	148.4	
69.7	-16.4	529.7	118.9	
64.7	-36.1	527.2	192.7	
69.7	-14.0	475.6	271.4	
72.1	-26.3	382.1	328.0	
72.1	-46.0	273.8	367.3	
69.7	-58.3	212.3	345.2	
72.1	-36.1	153.3	357.5	
72.1	0.8	153.3	374.7	
62.3	10.6	128.7	416.5	
59.8	13.1	177.9	401.8	
59.8	0.8	209.9	332.9	
62.3	-9.1	249.2	261.5	
54.9	-6.6	325.5	273.8	
54.9	-9.1	391.9	197.6	
62.3	-60.7	468.2	214.8	
47.5	-82.9	549.4	315.7	
50.0	-92.7	635.5	266.5	
47.5	-82.9	728.9	209.9	
54.9	-58.3	788.0	271.4	
54.9	-46.0	837.2	352.6	
50.0	-23.8	859.3	308.3	
57.4	-11.5	837.2	298.4	
64.7	22.9	805.2	276.3	
89.3	74.6	738.8	190.2	
84.4	84.4	674.8	113.9	
104.1	106.6	613.3	123.8	
96.7	116.4	556.7	168.1	
94.3	113.9	480.5	170.5	
94.3	113.9	396.8	153.3	
91.8	118.9	328.0	64.7	
89.3	101.6	259.1	133.6	
101.6	86.9	175.4	212.3	
101.6	59.8	109.0	337.8	
106.6	52.4	79.5	428.8	
84.4	37.7	96.7	350.1	
67.2	0.8	101.6	254.2	
69.7	-36.1	101.6	232.0	
59.8	-48.4	116.4	229.6	
57.4	-48.4	79.5	268.9	
50.0	-50.9	57.4	278.8	
52.4	-38.6	-21.4	200.0	
47.5	-31.2	-122.2	145.9	
45.1	-41.0	-178.8	106.6	
47.5	-26.3	-191.1	59.8	
62.3	-31.2	-193.6	32.8	
72.1	-21.4	-176.3	54.9	
72.1	-21.4	-141.9	45.1	
77.0	-16.4	-92.7	-18.9	
91.8	-31.2	-48.4	-41.0	
84.4	-31.2	0.8	-50.9	
84.4	-38.6	54.9	-23.8	
72.1	-43.5	94.3	15.5	
79.5	-31.2	131.2	-73.0	
74.6	-21.4	168.1	-149.3	
72.1	-11.5	136.1	-186.2	
59.8	-4.1	59.8	-220.6	
59.8	13.1	-55.8	-269.8	
52.4	37.7	-164.0	-262.4	
62.3	57.4	-210.8	-309.2	
67.2	59.8	-272.3	-309.2	
62.3	54.9	-343.6	-306.7	
74.6	54.9	-474.0	-252.6	
77.0	82.0	-592.1	-178.8	
57.4	96.7	-641.3	-166.5	
52.4	77.0	-651.1	-105.0	
52.4	57.4	-668.3	-4.1	
47.5	37.7	-653.6	-33.7	
37.7	42.6	-594.5	-87.8	
35.2	37.7	-562.6	-77.9	
37.7	45.1	-606.8	-18.9	
32.8	52.4	-589.6	-4.1	
47.5	52.4	-574.9	-11.5	
54.9	57.4	-515.8	-70.6	
47.5	59.8	-510.9	-112.4	
45.1	62.3	-535.5	-169.0	
40.1	50.0	-476.5	-186.2	
45.1	59.8	-333.8	-215.7	
42.6	91.8	-149.3	-279.7	
27.8	86.9	54.9	-328.9	
30.3	62.3	209.9	-373.1	
37.7	57.4	347.6	-200.9	
30.3	50.0	423.9	-213.2	
32.8	67.2	478.0	-277.2	
5.7	67.2	482.9	-314.1	
22.9	50.0	470.6	-323.9	
25.4	45.1	406.7	-257.5	
25.4	45.1	340.3	-294.4	
20.5	52.4	239.4	-250.1	
32.8	52.4	155.8	-146.8	
22.9	52.4	74.6	-117.3	
27.8	57.4	-21.4	-161.6	
22.9	50.0	-124.7	-203.4	
25.4	45.1	-230.5	-262.4	
22.9	50.0	-326.4	-422.3	
15.5	50.0	-407.6	-478.9	
25.4	35.2	-474.0	-552.7	
18.0	5.7	-533.0	-498.6	
20.5	-18.9	-604.4	-446.9	
30.3	-21.4	-646.2	-451.9	
27.8	-14.0	-683.1	-415.0	
40.1	-9.1	-663.4	-208.3	
50.0	-4.1	-616.7	-95.2	
52.4	-9.1	-530.6	-48.4	
27.8	-1.7	-446.9	-38.6	
25.4	47.5	-346.1	-77.9	
30.3	84.4	-232.9	-122.2	
35.2	96.7	-141.9	-112.4	
20.5	94.3	-77.9	-38.6	
35.2	79.5	-4.1	-105.0	
18.0	62.3	77.0	-58.3	
22.9	59.8	165.6	72.1	
20.5	30.3	232.0	-9.1	
22.9	32.8	264.0	3.2	
20.5	40.1	283.7	18.0	
32.8	13.1	259.1	62.3	
30.3	15.5	212.3	15.5	
52.4	3.2	158.2	47.5	
47.5	-6.6	118.9	86.9	
37.7	-9.1	123.8	54.9	
30.3	-31.2	109.0	20.5	
27.8	-28.7	74.6	-18.9	
32.8	-16.4	69.7	-21.4	
32.8	-4.1	59.8	15.5	
25.4	-26.3	42.6	91.8	
45.1	-16.4	30.3	67.2	
42.6	-28.7	15.5	-46.0	
40.1	-21.4	8.2	-60.7	
57.4	-28.7	8.2	-92.7	
52.4	-21.4	30.3	-117.3	
50.0	-11.5	50.0	-85.3	
59.8	5.7	59.8	-100.1	
59.8	27.8	15.5	-82.9	
57.4	32.8	84.4	-31.2	
45.1	18.0	59.8	-112.4	
50.0	18.0	64.7	-122.2	
57.4	18.0	82.0	-203.4	
62.3	8.2	67.2	-306.7	
50.0	20.5	54.9	-336.2	
50.0	37.7	52.4	-321.5	
57.4	18.0	52.4	-338.7	
50.0	-4.1	40.1	-373.1	
50.0	-1.7	52.4	-432.2	
54.9	-11.5	30.3	-550.3	
32.8	8.2	30.3	-695.4	
30.3	25.4	42.6	-828.2	
42.6	42.6	47.5	-907.0	
45.1	45.1	74.6	-1007.8	
50.0	54.9	109.0	-1066.9	
37.7	50.0	145.9	-1118.5	
27.8	54.9	163.1	-1155.4	
40.1	45.1	173.0	-1175.1	
35.2	27.8	160.7	-1143.1	
22.9	20.5	150.8	-1207.1	
45.1	5.7	143.5	-1288.3	
54.9	-33.7	150.8	-1354.7	
62.3	-38.6	145.9	-1386.7	
67.2	-58.3	141.0	-1460.5	
82.0	-68.1	118.9	-1531.8	
96.7	-53.3	89.3	-1608.1	
94.3	-65.6	104.1	-1536.7	
113.9	-107.5	126.2	-1426.0	
126.2	-102.5	111.5	-1290.7	
118.9	-53.3	153.3	-1145.6	
118.9	-4.1	180.4	-931.6	
94.3	3.2	227.1	-670.8	
109.0	22.9	249.2	-434.6	
69.7	54.9	273.8	-119.8	
64.7	62.3	315.7	177.9	
57.4	57.4	359.9	470.6	
40.1	52.4	355.0	706.8	
45.1	77.0	369.8	943.0	
45.1	52.4	379.6	1186.5	
52.4	27.8	416.5	1405.4	
59.8	35.2	453.4	1592.4	
54.9	35.2	517.4	1791.7	
62.3	32.8	596.1	1971.2	
72.1	32.8	674.8	2128.7	
62.3	8.2	731.4	2236.9	
62.3	-6.6	719.1	2325.5	
74.6	22.9	738.8	2384.5	
84.4	54.9	756.0	2475.5	
77.0	54.9	741.2	2522.3	
89.3	30.3	724.0	2571.5	
86.9	35.2	711.7	2623.1	
99.2	59.8	672.4	2615.8	
101.6	27.8	667.4	2596.1	
118.9	42.6	706.8	2554.3	
106.6	67.2	756.0	2529.7	
121.3	91.8	773.2	2436.2	
128.7	64.7	697.0	2367.3	
126.2	72.1	529.7	2197.6	
123.8	84.4	342.7	2064.7	
116.4	113.9	116.4	1912.2	
99.2	121.3	-102.5	1703.1	
94.3	138.5	-304.3	1484.2	
91.8	150.8	-417.4	1282.4	
89.3	145.9	-535.5	1105.3	
86.9	106.6	-631.4	965.1	
84.4	72.1	-710.2	773.2	
82.0	59.8	-769.2	551.8	
72.1	40.1	-793.8	441.1	
72.1	35.2	-825.8	320.6	
69.7	22.9	-830.7	121.3	
67.2	18.0	-820.9	-26.3	
77.0	-11.5	-788.9	-129.6	
69.7	-33.7	-742.1	-215.7	
62.3	-58.3	-700.3	-301.8	
42.6	-55.8	-651.1	-380.5	
47.5	-31.2	-614.2	-476.5	
50.0	3.2	-557.6	-577.3	
45.1	18.0	-540.4	-658.5	
18.0	27.8	-523.2	-734.8	
0.8	40.1	-498.6	-815.9	
-14.0	22.9	-483.8	-882.4	
-28.7	25.4	-454.3	-924.2	
-33.7	35.2	-407.6	-961.1	
-50.9	27.8	-380.5	-1007.8	
-60.7	15.5	-346.1	-1022.6	
-53.3	27.8	-299.3	-1079.2	
-43.5	47.5	-267.4	-1111.1	
-53.3	10.6	-247.7	-1135.7	
-46.0	-21.4	-205.9	-1197.2	
-43.5	-26.3	-166.5	-1263.7	
-43.5	-55.8	-132.1	-1317.8	
-38.6	-70.6	-92.7	-1391.6	
-41.0	-46.0	-60.7	-1416.2	
-21.4	-63.2	-41.0	-1443.2	
-6.6	-58.3	-28.7	-1470.3	
3.2	-38.6	-21.4	-1445.7	
15.5	-4.1	0.8	-1408.8	
42.6	25.4	42.6	-1401.4	
30.3	5.7	59.8	-1401.4	
45.1	-28.7	77.0	-1394.0	
50.0	-28.7	72.1	-1408.8	
54.9	-50.9	67.2	-1379.3	
62.3	-65.6	77.0	-1335.0	
54.9	-100.1	99.2	-1322.7	
62.3	-107.5	77.0	-1251.4	
52.4	-102.5	57.4	-1194.8	
54.9	-80.4	84.4	-1155.4	
64.7	-68.1	209.9	-1037.3	
64.7	-23.8	396.8	-909.4	
57.4	-18.9	451.0	-747.1	
40.1	47.5	362.4	-626.5	
59.8	82.0	293.5	-483.8	
30.3	54.9	335.3	-331.3	
20.5	27.8	244.3	-213.2	
3.2	47.5	94.3	-107.5	
-4.1	47.5	52.4	-33.7	
-9.1	47.5	20.5	18.0	
-11.5	45.1	-92.7	86.9	
-26.3	27.8	-122.2	121.3	
-33.7	-14.0	-80.4	128.7	
-18.9	-60.7	20.5	155.8	
-28.7	-65.6	101.6	182.8	
-43.5	-80.4	136.1	207.4	
-38.6	-77.9	155.8	266.5	
-33.7	-100.1	214.8	323.0	
-43.5	-109.9	320.6	345.2	
-43.5	-154.2	335.3	372.2	
-31.2	-161.6	261.5	391.9	
-38.6	-166.5	232.0	443.6	
-36.1	-164.0	268.9	492.8	
-60.7	-159.1	209.9	514.9	
-63.2	-159.1	79.5	448.5	
-70.6	-161.6	-4.1	421.4	
-58.3	-117.3	-90.2	436.2	
-43.5	-77.9	-159.1	502.6	
-43.5	-73.0	-240.3	618.2	
-38.6	-55.8	-282.1	687.1	
-23.8	-14.0	-269.8	701.9	
-38.6	10.6	-228.0	704.3	
-23.8	35.2	-240.3	613.3	
-21.4	62.3	-267.4	527.2	
-26.3	84.4	-306.7	473.1	
-31.2	84.4	-363.3	401.8	
-18.9	67.2	-331.3	330.4	
-11.5	25.4	-328.9	195.1	
-4.1	15.5	-351.0	45.1	
3.2	-9.1	-328.9	-18.9	
-4.1	-9.1	-331.3	-119.8	
-1.7	-14.0	-306.7	-178.8	
20.5	-31.2	-306.7	-235.4	
32.8	-46.0	-343.6	-269.8	
47.5	-23.8	-299.3	-331.3	
40.1	-63.2	-252.6	-387.9	
42.6	-53.3	-277.2	-419.9	
57.4	-31.2	-262.4	-481.4	
74.6	13.1	-245.2	-525.7	
72.1	72.1	-225.5	-530.6	
82.0	25.4	-215.7	-550.3	
82.0	27.8	-210.8	-560.1	
86.9	72.1	-218.2	-589.6	
79.5	133.6	-220.6	-641.3	
64.7	131.2	-210.8	-648.7	
42.6	136.1	-200.9	-633.9	
52.4	145.9	-181.3	-592.1	
52.4	148.4	-166.5	-589.6	
45.1	148.4	-127.1	-557.6	
30.3	77.0	-85.3	-560.1	
27.8	15.5	-65.6	-540.4	
22.9	-11.5	-68.1	-454.3	
18.0	-117.3	-31.2	-429.7	
13.1	-260.0	8.2	-439.6	
10.6	-282.1	54.9	-415.0	
18.0	-237.8	69.7	-417.4	
13.1	-198.5	86.9	-400.2	
30.3	-203.4	116.4	-390.4	
47.5	-188.6	158.2	-358.4	
52.4	-200.9	143.5	-321.5	
69.7	-225.5	177.9	-326.4	
84.4	-188.6	185.3	-198.5	
86.9	-191.1	148.4	-196.0	
101.6	-279.7	170.5	-124.7	
96.7	-380.5	185.3	-70.6	
99.2	-437.1	180.4	-129.6	
86.9	-491.2	180.4	-112.4	
67.2	-466.6	229.6	-58.3	
86.9	-397.7	256.6	-63.2	
74.6	-255.1	276.3	-82.9	
59.8	-203.4	268.9	-50.9	
54.9	-127.1	232.0	72.1	
40.1	-36.1	222.2	109.0	
40.1	67.2	239.4	59.8	
52.4	121.3	271.4	-1.7	
45.1	187.7	367.3	-21.4	
42.6	192.7	453.4	-58.3	
40.1	185.3	485.4	-151.7	
45.1	249.2	522.3	-228.0	
30.3	340.3	473.1	-277.2	
37.7	364.9	448.5	-336.2	
27.8	342.7	465.7	-442.0	
32.8	350.1	495.2	-510.9	
30.3	345.2	470.6	-535.5	
40.1	355.0	411.6	-582.2	
52.4	394.4	359.9	-616.7	
77.0	347.6	335.3	-658.5	
82.0	202.5	330.4	-700.3	
91.8	89.3	313.2	-742.1	
104.1	42.6	249.2	-776.6	
96.7	47.5	251.7	-771.7	
109.0	94.3	251.7	-734.8	
116.4	106.6	293.5	-734.8	
106.6	150.8	315.7	-697.9	
101.6	136.1	259.1	-587.2	
106.6	170.5	246.8	-552.7	
94.3	195.1	207.4	-515.8	
77.0	175.4	141.0	-437.1	
62.3	145.9	138.5	-402.7	
59.8	128.7	101.6	-331.3	
45.1	138.5	64.7	-242.8	
22.9	143.5	42.6	-178.8	
0.8	136.1	0.8	-21.4	
-33.7	158.2	-23.8	180.4	
-43.5	160.7	-31.2	362.4	
-53.3	160.7	-46.0	559.2	
-85.3	153.3	-63.2	773.2	
-97.6	200.0	-58.3	938.0	
-105.0	229.6	-65.6	1051.2	
-122.2	202.5	-70.6	1152.1	
-137.0	185.3	-73.0	1223.4	
-166.5	182.8	-80.4	1329.2	
-169.0	168.1	-82.9	1420.2	
-166.5	165.6	-107.5	1454.6	
-171.4	175.4	-97.6	1491.5	
-171.4	187.7	-85.3	1516.1	
-149.3	190.2	-100.1	1533.4	
-127.1	165.6	-92.7	1553.0	
-127.1	128.7	-80.4	1560.4	
-102.5	104.1	-90.2	1555.5	
-92.7	82.0	-139.4	1501.4	
-90.2	54.9	-139.4	1494.0	
-80.4	45.1	-141.9	1437.4	
-77.9	25.4	-169.0	1346.4	
-80.4	0.8	-200.9	1191.4	
-55.8	-9.1	-218.2	1211.1	
-55.8	-9.1	-215.7	1275.1	
-43.5	-14.0	-230.5	1316.9	
-68.1	-11.5	-252.6	1594.9	
-60.7	30.3	-230.5	1801.5	
-53.3	82.0	-230.5	1877.8	
-36.1	126.2	-255.1	1895.0	
-21.4	143.5	-284.6	1885.1	
-6.6	170.5	-316.6	1890.1	
5.7	217.3	-311.6	1981.1	
0.8	200.0	-296.9	2037.7	
0.8	116.4	-296.9	2229.5	
18.0	64.7	-247.7	2487.8	
18.0	30.3	-228.0	2615.8	
47.5	25.4	-230.5	2839.6	
57.4	3.2	-208.3	3075.8	
67.2	-124.7	-203.4	3211.1	
74.6	-223.1	-166.5	3479.2	
94.3	-292.0	-134.5	3641.6	
111.5	-242.8	-141.9	3617.0	
118.9	-218.2	-159.1	3407.9	
138.5	-107.5	-191.1	2972.5	
131.2	-16.4	-205.9	2514.9	
128.7	42.6	-181.3	2069.6	
121.3	106.6	-77.9	1511.2	
104.1	182.8	18.0	994.6	
113.9	195.1	106.6	519.8	
116.4	160.7	109.0	111.5	
101.6	158.2	20.5	-215.7	
91.8	205.0	-43.5	-493.7	
94.3	251.7	-41.0	-692.9	
79.5	273.8	18.0	-815.9	
84.4	227.1	138.5	-934.0	
69.7	163.1	298.4	-1007.8	
59.8	86.9	340.3	-1069.3	
57.4	22.9	264.0	-1057.0	
50.0	57.4	163.1	-1034.9	
32.8	20.5	47.5	-995.5	
40.1	-38.6	-48.4	-1044.7	
15.5	-90.2	-80.4	-1007.8	
20.5	-70.6	-100.1	-941.4	
32.8	-100.1	-159.1	-916.8	
45.1	-68.1	-161.6	-879.9	
47.5	-11.5	-137.0	-865.1	
62.3	-21.4	-109.9	-879.9	
54.9	-28.7	-134.5	-879.9	
47.5	-26.3	-203.4	-879.9	
42.6	13.1	-262.4	-892.2	
37.7	22.9	-242.8	-850.4	
37.7	10.6	-176.3	-828.2	
47.5	37.7	-112.4	-803.6	
59.8	57.4	-112.4	-788.9	
52.4	72.1	-109.9	-769.2	
64.7	47.5	-137.0	-771.7	
54.9	-14.0	-122.2	-796.3	
45.1	-70.6	-60.7	-840.5	
59.8	-80.4	-46.0	-857.8	
52.4	-124.7	-1.7	-840.5	
45.1	-95.2	15.5	-823.3	
47.5	30.3	35.2	-840.5	
40.1	96.7	35.2	-847.9	
47.5	74.6	101.6	-825.8	
45.1	89.3	190.2	-877.4	
54.9	13.1	291.1	-938.9	
42.6	-21.4	357.5	-934.0	
40.1	-65.6	433.7	-911.9	
27.8	-95.2	470.6	-835.6	
25.4	-109.9	433.7	-759.4	
22.9	-92.7	460.8	-729.8	
18.0	-75.5	478.0	-697.9	
22.9	-127.1	475.6	-641.3	
8.2	-218.2	367.3	-685.6	
-18.9	-228.0	217.3	-577.3	
-1.7	-250.1	-23.8	-528.1	
8.2	-228.0	-225.5	-542.9	
15.5	-205.9	-375.6	-550.3	
32.8	-188.6	-466.6	-498.6	
52.4	-186.2	-555.2	-410.0	
67.2	-109.9	-675.7	-432.2	
54.9	-65.6	-833.2	-410.0	
64.7	-9.1	-1030.0	-368.2	
54.9	10.6	-1121.0	-294.4	
64.7	15.5	-1106.2	-282.1	
52.4	52.4	-1071.8	-333.8	
54.9	104.1	-958.6	-353.5	
52.4	99.2	-825.8	-331.3	
45.1	113.9	-779.0	-264.9	
45.1	126.2	-688.0	-289.5	
35.2	133.6	-729.8	-260.0	
25.4	133.6	-734.8	-230.5	
27.8	118.9	-761.8	-230.5	
40.1	126.2	-761.8	-210.8	
42.6	131.2	-828.2	-225.5	
22.9	136.1	-948.8	-210.8	
22.9	185.3	-1086.5	-203.4	
20.5	264.0	-1180.0	-134.5	
3.2	256.6	-1263.7	-122.2	
10.6	168.1	-1283.3	-109.9	
3.2	109.0	-1389.1	-73.0	
-4.1	106.6	-1428.5	-85.3	
-1.7	57.4	-1504.7	-100.1	
5.7	0.8	-1499.8	-112.4	
13.1	0.8	-1509.7	-124.7	
25.4	-9.1	-1475.2	-117.3	
8.2	-41.0	-1339.9	-154.2	
-1.7	0.8	-1276.0	-132.1	
10.6	-77.9	-1172.6	-100.1	
0.8	-68.1	-1061.9	-87.8	
5.7	74.6	-902.0	-139.4	
-1.7	185.3	-833.2	-105.0	
-21.4	200.0	-724.9	-33.7	
-11.5	202.5	-545.3	25.4	
-21.4	185.3	-331.3	0.8	
-28.7	155.8	-242.8	-21.4	
-31.2	54.9	-166.5	-36.1	
-26.3	-38.6	-55.8	-4.1	
-41.0	-129.6	94.3	20.5	
-38.6	-176.3	187.7	18.0	
-33.7	-188.6	207.4	0.8	
-11.5	-169.0	209.9	18.0	
-11.5	-159.1	232.0	32.8	
-6.6	-100.1	300.9	89.3	
0.8	-50.9	320.6	118.9	
5.7	-16.4	241.9	145.9	
13.1	37.7	163.1	101.6	
25.4	84.4	45.1	45.1	
25.4	91.8	20.5	32.8	
18.0	89.3	32.8	37.7	
18.0	79.5	30.3	25.4	
45.1	77.0	-9.1	-41.0	
32.8	94.3	-63.2	-65.6	
20.5	101.6	-154.2	-21.4	
15.5	143.5	-228.0	3.2	
30.3	180.4	-235.4	3.2	
18.0	192.7	-240.3	13.1	
18.0	180.4	-260.0	45.1	
10.6	175.4	-311.6	0.8	
-6.6	141.0	-333.8	-107.5	
-33.7	79.5	-355.9	-134.5	
-28.7	37.7	-449.4	-132.1	
-43.5	-38.6	-577.3	-181.3	
-38.6	-139.4	-678.2	-181.3	
-26.3	-205.9	-678.2	-82.9	
-14.0	-205.9	-670.8	-117.3	
-26.3	-129.6	-577.3	-105.0	
-9.1	-114.8	-383.0	5.7	
-14.0	-122.2	-114.8	18.0	
15.5	-55.8	89.3	-6.6	
22.9	-9.1	293.5	-97.6	
13.1	59.8	441.1	-65.6	
27.8	148.4	581.3	50.0	
18.0	180.4	615.8	145.9	
32.8	209.9	640.4	37.7	
45.1	214.8	689.6	-80.4	
37.7	177.9	719.1	-139.4	
45.1	104.1	733.9	-173.9	
54.9	128.7	728.9	-186.2	
52.4	190.2	692.0	-205.9	
67.2	249.2	682.2	-213.2	
62.3	271.4	657.6	-250.1	
82.0	276.3	601.0	-282.1	
64.7	160.7	527.2	-218.2	
45.1	96.7	475.6	-122.2	
54.9	128.7	448.5	-114.8	
69.7	89.3	411.6	59.8	
72.1	37.7	414.1	64.7	
74.6	22.9	423.9	-21.4	
77.0	67.2	406.7	-198.5	
79.5	64.7	419.0	-279.7	
64.7	52.4	438.7	-348.5	
59.8	72.1	377.2	-299.3	
77.0	8.2	300.9	-176.3	
50.0	-31.2	259.1	-117.3	
54.9	-21.4	205.0	-50.9	
74.6	-48.4	160.7	62.3	
77.0	-90.2	116.4	128.7	
77.0	-109.9	89.3	185.3	
86.9	-183.7	96.7	74.6	
99.2	-188.6	62.3	15.5	
79.5	-200.9	67.2	42.6	
67.2	-193.6	67.2	-11.5	
72.1	-203.4	59.8	-43.5	
77.0	-240.3	72.1	-117.3	
77.0	-245.2	47.5	-188.6	
72.1	-186.2	20.5	-183.7	
69.7	-183.7	35.2	-235.4	
57.4	-193.6	10.6	-242.8	
64.7	-203.4	-9.1	-237.8	
57.4	-176.3	-9.1	-232.9	
69.7	-171.4	-38.6	-166.5	
42.6	-119.8	-50.9	-112.4	
32.8	-73.0	-48.4	-55.8	
30.3	-9.1	-38.6	-21.4	
32.8	-14.0	30.3	197.6	
42.6	-11.5	116.4	359.9	
25.4	-31.2	229.6	438.7	
32.8	69.7	276.3	352.6	
27.8	123.8	369.8	259.1	
35.2	128.7	460.8	205.0	
18.0	133.6	554.3	165.6	
25.4	155.8	647.8	118.9	
32.8	116.4	738.8	67.2	
37.7	126.2	827.3	42.6	
27.8	138.5	906.1	77.0	
32.8	148.4	911.0	67.2	
37.7	153.3	906.1	42.6	
25.4	143.5	947.9	27.8	
32.8	160.7	915.9	40.1	
15.5	131.2	874.1	106.6	
13.1	106.6	800.3	67.2	
32.8	121.3	706.8	15.5	
57.4	160.7	642.8	18.0	
32.8	219.7	566.6	-28.7	
47.5	254.2	510.0	-85.3	
54.9	276.3	443.6	-80.4	
69.7	229.6	379.6	-28.7	
62.3	187.7	300.9	-124.7	
64.7	177.9	219.7	-188.6	
52.4	168.1	104.1	-151.7	
42.6	182.8	57.4	-127.1	
32.8	182.8	8.2	-107.5	
45.1	187.7	-23.8	-109.9	
50.0	141.0	-68.1	-90.2	
45.1	143.5	-102.5	-114.8	
37.7	106.6	-132.1	-107.5	
32.8	47.5	-169.0	-127.1	
42.6	35.2	-193.6	-183.7	
45.1	47.5	-200.9	-176.3	
45.1	47.5	-213.2	-164.0	
40.1	52.4	-203.4	-176.3	
37.7	18.0	-218.2	-191.1	
42.6	3.2	-232.9	-181.3	
25.4	74.6	-228.0	-181.3	
40.1	69.7	-218.2	-164.0	
57.4	79.5	-203.4	-146.8	
47.5	106.6	-178.8	-97.6	
42.6	168.1	-173.9	-70.6	
45.1	217.3	-176.3	-68.1	
27.8	207.4	-173.9	-112.4	
22.9	195.1	-178.8	-173.9	
18.0	192.7	-159.1	-188.6	
22.9	180.4	-134.5	-193.6	
22.9	168.1	-114.8	-186.2	
8.2	182.8	-105.0	-117.3	
0.8	160.7	-80.4	-159.1	
-1.7	148.4	-65.6	-215.7	
5.7	148.4	-55.8	-129.6	
-4.1	175.4	-43.5	-41.0	
10.6	192.7	-28.7	96.7	
20.5	214.8	-9.1	244.3	
18.0	177.9	20.5	197.6	
10.6	136.1	45.1	158.2	
32.8	126.2	54.9	123.8	
37.7	121.3	69.7	91.8	
57.4	121.3	89.3	69.7	
45.1	116.4	94.3	74.6	
54.9	94.3	104.1	67.2	
50.0	128.7	118.9	45.1	
50.0	94.3	131.2	18.0	
57.4	69.7	116.4	3.2	
47.5	67.2	113.9	-33.7	
59.8	62.3	116.4	-68.1	
72.1	77.0	109.0	-48.4	
59.8	74.6	96.7	-28.7	
79.5	62.3	67.2	-73.0	
79.5	62.3	57.4	-82.9	
84.4	67.2	57.4	-77.9	
86.9	45.1	74.6	-18.9	
99.2	37.7	79.5	37.7	
96.7	42.6	77.0	42.6	
89.3	72.1	79.5	72.1	
96.7	136.1	79.5	77.0	
91.8	190.2	72.1	45.1	
99.2	200.0	72.1	54.9	
91.8	158.2	67.2	91.8	
89.3	94.3	54.9	72.1	
86.9	72.1	47.5	72.1	
94.3	45.1	30.3	118.9	
104.1	57.4	27.8	131.2	
91.8	45.1	50.0	190.2	
86.9	47.5	0.8	192.7	
89.3	30.3	-14.0	195.1	
84.4	42.6	13.1	175.4	
89.3	37.7	52.4	155.8	
72.1	27.8	72.1	143.5	
89.3	42.6	67.2	111.5	
82.0	74.6	32.8	116.4	
72.1	101.6	15.5	106.6	
86.9	128.7	13.1	101.6	
91.8	165.6	50.0	62.3	
72.1	185.3	77.0	40.1	
59.8	207.4	86.9	59.8	
64.7	229.6	126.2	37.7	
67.2	236.9	113.9	27.8	
52.4	212.3	94.3	-21.4	
62.3	205.0	79.5	-75.5	
57.4	244.3	59.8	-46.0	
59.8	244.3	86.9	-97.6	
52.4	268.9	74.6	-90.2	
52.4	254.2	59.8	-173.9	
35.2	239.4	54.9	-117.3	
42.6	192.7	32.8	-109.9	
35.2	177.9	0.8	-50.9	
40.1	190.2	-28.7	0.8	
42.6	182.8	-38.6	-21.4	
32.8	185.3	-23.8	-21.4	
45.1	182.8	-6.6	-14.0	
25.4	197.6	3.2	-31.2	
18.0	217.3	13.1	-75.5	
35.2	195.1	20.5	-92.7	
42.6	165.6	5.7	-95.2	
47.5	168.1	-14.0	-100.1	
32.8	158.2	-36.1	-50.9	
20.5	153.3	-75.5	15.5	
37.7	89.3	-112.4	54.9	
5.7	96.7	-80.4	54.9	
-1.7	106.6	-58.3	82.0	
3.2	89.3	-38.6	94.3	
-1.7	79.5	15.5	40.1	
-16.4	57.4	84.4	57.4	
-11.5	13.1	131.2	136.1	
-18.9	-43.5	128.7	128.7	
-21.4	-90.2	126.2	173.0	
-31.2	-156.7	116.4	187.7	
-23.8	-198.5	104.1	173.0	
-21.4	-218.2	113.9	177.9	
-26.3	-284.6	123.8	177.9	
-26.3	-277.2	133.6	136.1	
-26.3	-247.7	128.7	123.8	
-28.7	-154.2	113.9	158.2	
-28.7	-114.8	96.7	160.7	
-36.1	-60.7	104.1	182.8	
-26.3	-50.9	104.1	180.4	
-43.5	-77.9	96.7	170.5	
-48.4	-141.9	121.3	180.4	
-50.9	-186.2	118.9	131.2	
-68.1	-262.4	136.1	67.2	
-75.5	-323.9	180.4	57.4	
-70.6	-373.1	182.8	91.8	
-77.9	-432.2	190.2	86.9	
-73.0	-493.7	202.5	47.5	
-53.3	-444.5	200.0	52.4	
-65.6	-338.7	192.7	86.9	
-65.6	-252.6	205.0	94.3	
-73.0	-193.6	205.0	101.6	
-43.5	-129.6	207.4	158.2	
-23.8	-95.2	219.7	207.4	
-41.0	-75.5	197.6	261.5	
-14.0	-63.2	153.3	239.4	
-16.4	-68.1	96.7	249.2	
-9.1	-53.3	20.5	261.5	
-9.1	-55.8	-87.8	251.7	
-21.4	-77.9	-132.1	256.6	
-23.8	-97.6	-132.1	195.1	
-21.4	-23.8	-242.8	177.9	
-28.7	-11.5	-471.5	148.4	
-18.9	-90.2	-616.7	150.8	
-21.4	-23.8	-774.1	165.6	
-18.9	-1.7	-852.8	131.2	
-36.1	52.4	-943.9	116.4	
-16.4	79.5	-968.5	72.1	
-9.1	35.2	-951.2	52.4	
-4.1	18.0	-887.3	25.4	
0.8	-77.9	-756.9	22.9	
20.5	-225.5	-572.4	52.4	
25.4	-358.4	-360.8	67.2	
25.4	-368.2	-173.9	64.7	
25.4	-326.4	47.5	15.5	
32.8	-220.6	246.8	54.9	
40.1	-169.0	394.4	84.4	
22.9	-127.1	500.2	86.9	
20.5	-90.2	605.9	69.7	
35.2	-80.4	709.3	20.5	
42.6	-82.9	797.8	37.7	
52.4	-36.1	849.5	77.0	
59.8	-4.1	911.0	50.0	
57.4	18.0	945.4	40.1	
52.4	54.9	957.7	-21.4	
57.4	86.9	960.2	-65.6	
54.9	91.8	947.9	-23.8	
50.0	126.2	935.6	-36.1	
47.5	160.7	923.3	-55.8	
37.7	148.4	913.4	-28.7	
25.4	143.5	918.4	-9.1	
32.8	86.9	881.5	-60.7	
25.4	25.4	913.4	-77.9	
35.2	67.2	938.0	-50.9	
27.8	89.3	947.9	-63.2	
15.5	153.3	984.8	-1.7	
8.2	173.0	1024.1	-1.7	
3.2	175.4	1063.5	-4.1	
8.2	195.1	1075.8	15.5	
8.2	217.3	1100.4	-18.9	
-1.7	214.8	1085.6	-73.0	
-9.1	234.5	1075.8	-117.3	
-11.5	236.9	1056.1	-82.9	
-16.4	236.9	1041.4	-90.2	
-9.1	200.0	1051.2	-100.1	
-1.7	212.3	1043.8	-82.9	
-21.4	195.1	955.3	-82.9	
-4.1	200.0	851.9	-43.5	
-4.1	190.2	753.5	10.6	
-11.5	202.5	660.1	5.7	
-31.2	190.2	613.3	-53.3	
-21.4	168.1	537.1	-43.5	
-14.0	173.0	460.8	-87.8	
-18.9	155.8	359.9	-100.1	
-16.4	163.1	330.4	-23.8	
-4.1	131.2	249.2	-92.7	
-16.4	72.1	155.8	-127.1	
-41.0	-16.4	96.7	-146.8	
-50.9	-46.0	0.8	-127.1	
-55.8	-28.7	-82.9	-112.4	
-55.8	-23.8	-183.7	-55.8	
-53.3	-46.0	-304.3	-58.3	
-50.9	-46.0	-353.5	-28.7	
-65.6	-46.0	-407.6	-6.6	
-55.8	-75.5	-464.2	22.9	
-36.1	-112.4	-545.3	-11.5	
-28.7	-127.1	-594.5	-70.6	
-21.4	-132.1	-633.9	-80.4	
-43.5	-151.7	-678.2	-107.5	
-28.7	-176.3	-683.1	-73.0	
-36.1	-191.1	-695.4	-60.7	
-31.2	-203.4	-700.3	-53.3	
-21.4	-205.9	-749.5	-1.7	
-18.9	-220.6	-791.3	-14.0	
-4.1	-255.1	-811.0	84.4	
-11.5	-262.4	-847.9	57.4	
-28.7	-257.5	-892.2	72.1	
-21.4	-250.1	-946.3	150.8	
-11.5	-240.3	-978.3	150.8	
-11.5	-264.9	-1000.4	136.1	
0.8	-277.2	-988.1	116.4	
-1.7	-284.6	-980.8	96.7	
-9.1	-282.1	-926.6	111.5	
-4.1	-284.6	-877.4	128.7	
5.7	-292.0	-840.5	113.9	
0.8	-311.6	-808.6	116.4	
-26.3	-348.5	-781.5	111.5	
-26.3	-400.2	-761.8	106.6	
-21.4	-444.5	-724.9	101.6	
-33.7	-506.0	-692.9	62.3	
-33.7	-609.3	-702.8	67.2	
-41.0	-574.9	-690.5	67.2	
-43.5	-424.8	-710.2	86.9	
-41.0	-250.1	-779.0	69.7	
-41.0	-97.6	-862.7	45.1	
-58.3	45.1	-904.5	30.3	
-50.9	136.1	-941.4	20.5	
-55.8	205.0	-1042.3	67.2	
-58.3	259.1	-1116.1	64.7	
-63.2	254.2	-1165.3	62.3	
-87.8	244.3	-1192.3	109.0	
-82.9	259.1	-1226.8	126.2	
-114.8	281.2	-1199.7	126.2	
-114.8	271.4	-1187.4	126.2	
-122.2	273.8	-1189.9	113.9	
-112.4	276.3	-1148.0	143.5	
-97.6	273.8	-1130.8	128.7	
-63.2	266.5	-1101.3	91.8	
-58.3	283.7	-1086.5	109.0	
-70.6	271.4	-1081.6	91.8	
-55.8	256.6	-1076.7	77.0	
-63.2	219.7	-1150.5	77.0	
-53.3	200.0	-1221.8	77.0	
-41.0	222.2	-1276.0	69.7	
-26.3	214.8	-1337.5	69.7	
-16.4	190.2	-1406.3	99.2	
-6.6	175.4	-1490.0	52.4	
5.7	155.8	-1571.2	64.7	
30.3	145.9	-1571.2	47.5	
50.0	136.1	-1524.4	64.7	
50.0	170.5	-1423.6	72.1	
40.1	177.9	-1251.4	69.7	
54.9	232.0	-1086.5	104.1	
57.4	254.2	-936.5	89.3	
47.5	283.7	-813.5	74.6	
54.9	305.8	-722.5	116.4	
57.4	352.6	-624.1	148.4	
59.8	328.0	-552.7	133.6	
35.2	332.9	-569.9	126.2	
42.6	359.9	-540.4	126.2	
27.8	399.3	-523.2	143.5	
32.8	423.9	-523.2	155.8	
32.8	401.8	-528.1	141.0	
30.3	389.5	-488.8	138.5	
0.8	337.8	-525.7	116.4	
3.2	286.1	-629.0	101.6	
10.6	224.6	-697.9	91.8	
-1.7	205.0	-695.4	84.4	
8.2	207.4	-690.5	123.8	
-4.1	200.0	-648.7	180.4	
0.8	200.0	-562.6	187.7	
13.1	192.7	-407.6	123.8	
0.8	168.1	-264.9	111.5	
3.2	155.8	-58.3	82.0	
-6.6	168.1	153.3	101.6	
-9.1	168.1	391.9	82.0	
-16.4	173.0	623.2	69.7	
-6.6	182.8	824.9	25.4	
-14.0	195.1	982.3	37.7	
-26.3	214.8	1080.7	69.7	
-28.7	217.3	1181.6	30.3	
-16.4	202.5	1289.8	52.4	
3.2	222.2	1417.7	64.7	
-9.1	249.2	1540.7	32.8	
-11.5	271.4	1646.5	37.7	
3.2	278.8	1715.4	30.3	
-16.4	261.5	1749.8	35.2	
3.2	234.5	1747.4	30.3	
13.1	232.0	1727.7	-31.2	
5.7	244.3	1685.9	-41.0	
-6.6	286.1	1587.5	-1.7	
3.2	286.1	1471.9	-38.6	
13.1	286.1	1334.1	-100.1	
15.5	236.9	1186.5	-80.4	
-6.6	200.0	1034.0	-87.8	
-11.5	180.4	888.8	-112.4	
-23.8	175.4	726.5	-164.0	
-26.3	145.9	497.7	-196.0	
-41.0	123.8	259.1	-223.1	
-33.7	118.9	15.5	-252.6	
-50.9	126.2	-247.7	-277.2	
-63.2	150.8	-619.1	-289.5	
-68.1	143.5	-1128.4	-292.0	
-73.0	153.3	-1408.8	-351.0	
-73.0	155.8	-1430.9	-412.5	
-73.0	133.6	-1283.3	-368.2	
-63.2	131.2	-1054.6	-387.9	
-63.2	128.7	-781.5	-390.4	
-80.4	143.5	-513.4	-454.3	
-68.1	163.1	-237.8	-510.9	
-80.4	168.1	40.1	-540.4	
-68.1	163.1	296.0	-535.5	
-55.8	136.1	549.4	-520.7	
-60.7	177.9	763.4	-491.2	
-65.6	207.4	960.2	-498.6	
-65.6	261.5	1147.1	-488.8	
-50.9	293.5	1304.6	-461.7	
-60.7	293.5	1452.2	-412.5	
-55.8	268.9	1649.0	-422.3	
-53.3	271.4	1833.5	-333.8	
-63.2	259.1	1988.5	-262.4	
-48.4	241.9	2138.5	-223.1	
-48.4	227.1	2271.4	-139.4	
-41.0	192.7	2396.8	-85.3	
-38.6	180.4	2635.4	-183.7	
-58.3	150.8	2783.0	-311.6	
-53.3	121.3	2962.6	-407.6	
-90.2	104.1	2930.6	-449.4	
-87.8	101.6	2689.6	-383.0	
-65.6	106.6	2522.3	-306.7	
-48.4	89.3	2308.3	-306.7	
-48.4	74.6	2030.3	-279.7	
-65.6	72.1	1784.3	-198.5	
-53.3	74.6	1462.0	-107.5	
-70.6	69.7	1097.9	20.5	
-60.7	45.1	699.4	148.4	
-28.7	5.7	281.2	281.2	
-14.0	-18.9	-21.4	369.8	
-18.9	-70.6	-314.1	423.9	
-16.4	-100.1	-501.1	514.9	
-41.0	-122.2	-611.8	593.6	
-33.7	-146.8	-700.3	652.7	
-38.6	-173.9	-700.3	692.0	
-46.0	-200.9	-739.7	669.9	
-18.9	-200.9	-759.4	655.1	
-23.8	-208.3	-766.7	667.4	
-16.4	-230.5	-715.1	684.7	
-6.6	-237.8	-638.8	674.8	
-21.4	-240.3	-560.1	684.7	
-4.1	-220.6	-427.3	692.0	
-18.9	-186.2	-343.6	687.1	
-14.0	-141.9	-262.4	674.8	
-23.8	-117.3	-176.3	665.0	
-36.1	-68.1	-60.7	655.1	
-31.2	-9.1	22.9	665.0	
-36.1	13.1	99.2	613.3	
-41.0	64.7	143.5	596.1	
-53.3	89.3	185.3	583.8	
-46.0	104.1	177.9	551.8	
-63.2	131.2	207.4	507.5	
-87.8	118.9	232.0	539.5	
-92.7	109.0	244.3	537.1	
-100.1	99.2	271.4	549.4	
-112.4	79.5	296.0	586.3	
-100.1	82.0	315.7	564.1	
-73.0	69.7	377.2	522.3	
-68.1	64.7	394.4	460.8	
-65.6	79.5	389.5	367.3	
-41.0	82.0	377.2	249.2	
-33.7	79.5	357.5	136.1	
-31.2	82.0	320.6	20.5	
-75.5	84.4	300.9	-85.3	
-58.3	84.4	281.2	-141.9	
-36.1	113.9	251.7	-144.4	
-9.1	143.5	222.2	-193.6	
3.2	155.8	232.0	-250.1	
-6.6	170.5	200.0	-321.5	
15.5	195.1	150.8	-360.8	
47.5	217.3	89.3	-363.3	
52.4	227.1	42.6	-365.8	
45.1	227.1	-21.4	-358.4	
62.3	219.7	-97.6	-370.7	
72.1	209.9	-171.4	-319.0	
69.7	202.5	-255.1	-250.1	
84.4	185.3	-319.0	-218.2	
101.6	173.0	-392.8	-196.0	
96.7	177.9	-486.3	-144.4	
94.3	158.2	-538.0	-159.1	
101.6	141.0	-565.0	-213.2	
118.9	121.3	-569.9	-129.6	
123.8	109.0	-530.6	-95.2	
116.4	106.6	-569.9	-90.2	
106.6	94.3	-574.9	-100.1	
106.6	89.3	-560.1	-92.7	
106.6	77.0	-560.1	-107.5	
101.6	74.6	-535.5	-109.9	
104.1	67.2	-444.5	-68.1	
104.1	77.0	-390.4	-95.2	
121.3	72.1	-331.3	-75.5	
113.9	74.6	-289.5	-4.1	
118.9	77.0	-237.8	-21.4	
128.7	77.0	-159.1	-16.4	
128.7	69.7	-65.6	-4.1	
133.6	67.2	52.4	40.1	
131.2	67.2	165.6	62.3	
128.7	50.0	291.1	94.3	
148.4	74.6	396.8	101.6	
133.6	62.3	490.3	131.2	
121.3	64.7	576.4	148.4	
118.9	77.0	674.8	91.8	
123.8	86.9	795.4	84.4	
123.8	96.7	945.4	126.2	
111.5	86.9	1051.2	133.6	
113.9	89.3	1120.1	158.2	
111.5	91.8	1110.2	163.1	
91.8	99.2	1036.4	116.4	
84.4	96.7	842.1	27.8	
89.3	99.2	613.3	0.8	
89.3	118.9	414.1	5.7	
74.6	123.8	266.5	91.8	
86.9	143.5	138.5	121.3	
86.9	153.3	37.7	121.3	
77.0	173.0	-14.0	64.7	
82.0	180.4	-68.1	52.4	
54.9	182.8	-97.6	-6.6	
72.1	187.7	-117.3	-28.7	
47.5	197.6	-127.1	-80.4	
54.9	205.0	-102.5	-60.7	
50.0	212.3	-33.7	-14.0	
20.5	224.6	40.1	-4.1	
37.7	224.6	79.5	5.7	
35.2	209.9	141.0	-43.5	
47.5	217.3	121.3	-60.7	
42.6	222.2	121.3	-65.6	
59.8	227.1	96.7	-77.9	
72.1	224.6	104.1	-95.2	
59.8	212.3	116.4	-107.5	
69.7	229.6	86.9	-144.4	
67.2	229.6	42.6	-114.8	
57.4	229.6	5.7	-92.7	
59.8	217.3	-43.5	-90.2	
74.6	212.3	-102.5	-55.8	
37.7	207.4	-228.0	-43.5	
37.7	192.7	-434.6	-33.7	
47.5	175.4	-668.3	-60.7	
40.1	165.6	-887.3	-41.0	
35.2	158.2	-1096.4	15.5	
37.7	158.2	-1293.2	64.7	
45.1	148.4	-1448.2	99.2	
35.2	126.2	-1536.7	116.4	
22.9	113.9	-1531.8	121.3	
27.8	86.9	-1475.2	155.8	
40.1	69.7	-1389.1	145.9	
35.2	77.0	-1332.5	150.8	
37.7	64.7	-1325.2	143.5	
35.2	50.0	-1305.5	121.3	
37.7	37.7	-1303.0	123.8	
20.5	59.8	-1288.3	84.4	
27.8	59.8	-1248.9	54.9	
20.5	42.6	-1224.3	40.1	
27.8	40.1	-1157.9	20.5	
22.9	35.2	-1064.4	37.7	
25.4	32.8	-938.9	18.0	
37.7	25.4	-759.4	-28.7	
40.1	27.8	-528.1	-53.3	
50.0	27.8	-279.7	-70.6	
47.5	40.1	-31.2	-90.2	
57.4	32.8	239.4	-102.5	
59.8	32.8	561.7	-132.1	
69.7	15.5	906.1	-151.7	
77.0	13.1	1265.2	-151.7	
67.2	3.2	1621.9	-164.0	
67.2	-6.6	1860.5	-146.8	
67.2	-9.1	1961.4	-171.4	
54.9	-11.5	1912.2	-173.9	
67.2	3.2	1717.9	-171.4	
72.1	5.7	1466.9	-203.4	
69.7	32.8	1097.9	-260.0	
77.0	32.8	714.2	-264.9	
69.7	22.9	389.5	-279.7	
69.7	25.4	271.4	-267.4	
59.8	18.0	448.5	-272.3	
59.8	-11.5	913.4	-289.5	
52.4	-26.3	1634.2	-306.7	
62.3	-31.2	2465.7	-304.3	
47.5	-26.3	3260.3	-277.2	
54.9	-28.7	4013.0	-262.4	
59.8	-16.4	4630.5	-250.1	
57.4	-36.1	5046.2	-294.4	
77.0	-31.2	5048.7	-294.4	
77.0	-60.7	5048.7	-284.6	
82.0	-77.9	5048.7	-277.2	
77.0	-85.3	4121.3	-309.2	
77.0	-107.5	3442.3	-358.4	
72.1	-119.8	2832.2	-370.7	
77.0	-114.8	2310.7	-370.7	
69.7	-85.3	1828.6	-343.6	
77.0	-53.3	1373.5	-284.6	
77.0	-36.1	915.9	-218.2	
69.7	-48.4	490.3	-220.6	
67.2	-90.2	94.3	-232.9	
69.7	-95.2	-228.0	-225.5	
69.7	-114.8	-488.8	-232.9	
62.3	-112.4	-702.8	-240.3	
84.4	-97.6	-860.2	-223.1	
62.3	-102.5	-993.1	-191.1	
74.6	-107.5	-1093.9	-159.1	
59.8	-107.5	-1202.2	-134.5	
45.1	-87.8	-1310.4	-90.2	
45.1	-80.4	-1408.8	-50.9	
37.7	-102.5	-1499.8	-21.4	
35.2	-102.5	-1590.8	-21.4	
22.9	-87.8	-1672.0	-9.1	
18.0	-70.6	-1726.1	-1.7	
18.0	-38.6	-1782.7	-9.1	
22.9	-23.8	-1809.8	-18.9	
32.8	-6.6	-1861.4	-41.0	
32.8	-4.1	-1876.2	-65.6	
25.4	-6.6	-1903.3	-82.9	
35.2	-4.1	-1922.9	-97.6	
45.1	-1.7	-1927.9	-149.3	
40.1	-4.1	-1915.6	-235.4	
35.2	13.1	-1905.7	-321.5	
45.1	18.0	-1881.1	-363.3	
30.3	10.6	-1851.6	-407.6	
27.8	5.7	-1775.3	-434.6	
18.0	-11.5	-1706.5	-439.6	
20.5	-9.1	-1649.9	-375.6	
8.2	-4.1	-1573.6	-274.7	
8.2	-1.7	-1492.4	-208.3	
3.2	10.6	-1406.3	-161.6	
0.8	-18.9	-1307.9	-114.8	
0.8	-14.0	-1226.8	-73.0	
-4.1	-11.5	-1175.1	-14.0	
-4.1	-14.0	-1111.1	52.4	
-4.1	-1.7	-1012.7	89.3	
-11.5	-26.3	-887.3	116.4	
-11.5	8.2	-781.5	96.7	
-21.4	13.1	-692.9	62.3	
-14.0	22.9	-609.3	77.0	
-1.7	13.1	-542.9	27.8	
-18.9	20.5	-476.5	-18.9	
-9.1	5.7	-434.6	-73.0	
-6.6	-11.5	-407.6	-137.0	
0.8	-33.7	-370.7	-173.9	
-11.5	-46.0	-279.7	-213.2	
13.1	-41.0	-186.2	-274.7	
15.5	-33.7	-122.2	-360.8	
18.0	-33.7	-82.9	-346.1	
15.5	-48.4	-90.2	-316.6	
15.5	-58.3	-53.3	-311.6	
20.5	-38.6	-28.7	-336.2	
10.6	-43.5	5.7	-383.0	
13.1	-50.9	22.9	-439.6	
35.2	-70.6	54.9	-419.9	
25.4	-48.4	-16.4	-383.0	
47.5	-48.4	-53.3	-387.9	
35.2	-50.9	-14.0	-417.4	
37.7	-55.8	86.9	-437.1	
47.5	-55.8	138.5	-407.6	
59.8	-58.3	109.0	-424.8	
52.4	-38.6	79.5	-427.3	
57.4	-38.6	42.6	-415.0	
62.3	-43.5	50.0	-419.9	
64.7	-43.5	104.1	-402.7	
69.7	-33.7	209.9	-351.0	
64.7	-43.5	328.0	-304.3	
57.4	-16.4	409.1	-255.1	
64.7	5.7	423.9	-237.8	
45.1	5.7	436.2	-274.7	
47.5	-26.3	401.8	-284.6	
52.4	-60.7	347.6	-294.4	
57.4	-95.2	241.9	-319.0	
37.7	-105.0	244.3	-309.2	
45.1	-124.7	236.9	-242.8	
42.6	-119.8	219.7	-225.5	
47.5	-137.0	209.9	-176.3	
57.4	-164.0	163.1	-112.4	
52.4	-171.4	109.0	-46.0	
54.9	-191.1	32.8	-28.7	
50.0	-200.9	-60.7	-18.9	
52.4	-210.8	-176.3	-18.9	
62.3	-218.2	-277.2	-18.9	
54.9	-225.5	-348.5	-33.7	
52.4	-225.5	-402.7	-65.6	
50.0	-223.1	-449.4	-102.5	
57.4	-232.9	-476.5	-124.7	
52.4	-245.2	-501.1	-161.6	
67.2	-252.6	-518.3	-164.0	
52.4	-260.0	-518.3	-139.4	
59.8	-269.8	-496.1	-146.8	
47.5	-255.1	-481.4	-166.5	
45.1	-269.8	-493.7	-196.0	
52.4	-264.9	-520.7	-220.6	
32.8	-272.3	-525.7	-232.9	
45.1	-264.9	-550.3	-235.4	
45.1	-255.1	-601.9	-230.5	
37.7	-237.8	-626.5	-218.2	
45.1	-218.2	-584.7	-210.8	
40.1	-196.0	-540.4	-166.5	
27.8	-164.0	-501.1	-92.7	
40.1	-161.6	-486.3	-58.3	
40.1	-144.4	-506.0	40.1	
47.5	-129.6	-589.6	111.5	
50.0	-139.4	-690.5	177.9	
52.4	-149.3	-739.7	202.5	
37.7	-129.6	-769.2	214.8	
37.7	-141.9	-791.3	271.4	
47.5	-166.5	-798.7	320.6	
37.7	-188.6	-729.8	342.7	
37.7	-183.7	-616.7	364.9	
25.4	-213.2	-486.3	414.1	
30.3	-230.5	-395.3	433.7	
40.1	-260.0	-365.8	436.2	
32.8	-272.3	-365.8	433.7	
25.4	-277.2	-368.2	468.2	
20.5	-289.5	-368.2	480.5	
35.2	-284.6	-390.4	505.1	
27.8	-287.0	-397.7	537.1	
25.4	-292.0	-415.0	542.0	
30.3	-294.4	-471.5	497.7	
27.8	-299.3	-520.7	473.1	
15.5	-287.0	-774.1	460.8	
25.4	-269.8	-1032.4	453.4	
25.4	-252.6	-1199.7	428.8	
25.4	-203.4	-1276.0	401.8	
30.3	-164.0	-1278.4	416.5	
27.8	-173.9	-1226.8	453.4	
27.8	-181.3	-1150.5	441.1	
13.1	-183.7	-1076.7	374.7	
18.0	-139.4	-993.1	352.6	
13.1	-102.5	-877.4	318.1	
15.5	-70.6	-752.0	303.4	
27.8	-43.5	-587.2	283.7	
25.4	3.2	-417.4	259.1	
18.0	40.1	-269.8	224.6	
20.5	89.3	-132.1	241.9	
13.1	116.4	-41.0	234.5	
15.5	148.4	42.6	212.3	
18.0	177.9	131.2	190.2	
18.0	192.7	205.0	182.8	
22.9	180.4	283.7	131.2	
35.2	173.0	318.1	72.1	
32.8	175.4	303.4	42.6	
32.8	150.8	281.2	40.1	
32.8	136.1	254.2	32.8	
42.6	118.9	241.9	27.8	
45.1	96.7	217.3	-26.3	
47.5	79.5	163.1	-65.6	
45.1	59.8	111.5	-82.9	
37.7	37.7	106.6	-105.0	
40.1	22.9	89.3	-132.1	
52.4	22.9	106.6	-183.7	
42.6	10.6	106.6	-237.8	
50.0	5.7	101.6	-292.0	
54.9	3.2	104.1	-296.9	
32.8	-4.1	72.1	-358.4	
52.4	-9.1	47.5	-363.3	
42.6	-1.7	30.3	-353.5	
40.1	0.8	64.7	-328.9	
20.5	8.2	138.5	-338.7	
22.9	22.9	202.5	-368.2	
30.3	32.8	303.4	-397.7	
30.3	40.1	217.3	-422.3	
37.7	35.2	347.6	-390.4	
37.7	35.2	305.8	-385.4	
37.7	47.5	131.2	-383.0	
27.8	37.7	-43.5	-375.6	
27.8	27.8	-242.8	-402.7	
30.3	13.1	-375.6	-387.9	
32.8	3.2	-353.5	-363.3	
32.8	0.8	-169.0	-395.3	
27.8	-6.6	-181.3	-355.9	
20.5	0.8	-159.1	-252.6	
35.2	3.2	-33.7	-186.2	
18.0	10.6	234.5	-137.0	
22.9	-1.7	566.6	-73.0	
15.5	5.7	861.8	-46.0	
22.9	-9.1	1093.0	0.8	
20.5	-14.0	1309.5	47.5	
18.0	-16.4	1543.2	69.7	
3.2	-18.9	1828.6	50.0	
-11.5	-23.8	2104.1	54.9	
-14.0	-14.0	2374.7	50.0	
-11.5	-16.4	2692.0	32.8	
-11.5	-21.4	3014.3	8.2	
-38.6	-11.5	3334.1	32.8	
-21.4	0.8	3703.1	101.6	
-21.4	18.0	4077.0	155.8	
-31.2	30.3	4300.9	111.5	
-26.3	35.2	4276.3	57.4	
-33.7	13.1	4049.9	37.7	
-38.6	3.2	3712.9	30.3	
-28.7	-4.1	3282.4	42.6	
-46.0	-9.1	2741.2	57.4	
-50.9	20.5	2175.4	69.7	
-38.6	13.1	1609.6	72.1	
-41.0	22.9	1038.9	106.6	
-55.8	27.8	431.3	111.5	
-50.9	47.5	-134.5	101.6	
-50.9	64.7	-614.2	123.8	
-50.9	84.4	-998.0	168.1	
-68.1	131.2	-1384.2	180.4	
-80.4	141.0	-1733.5	182.8	
-55.8	136.1	-1930.3	214.8	
-50.9	136.1	-2006.6	249.2	
-65.6	170.5	-2168.9	396.8	
-46.0	190.2	-2407.6	419.0	
-55.8	187.7	-2555.2	335.3	
-41.0	180.4	-2629.0	273.8	
-43.5	185.3	-2660.9	254.2	
-43.5	182.8	-2641.3	273.8	
-41.0	187.7	-2601.9	291.1	
-41.0	202.5	-2525.6	305.8	
-31.2	190.2	-2348.5	293.5	
-31.2	182.8	-2122.2	310.7	
-33.7	177.9	-1954.9	276.3	
-16.4	173.0	-1807.3	234.5	
-6.6	187.7	-1617.9	200.0	
-14.0	195.1	-1354.7	185.3	
-11.5	197.6	-1123.4	170.5	
-1.7	170.5	-941.4	150.8	
5.7	190.2	-781.5	121.3	
10.6	168.1	-646.2	77.0	
-4.1	170.5	-510.9	57.4	
8.2	175.4	-392.8	77.0	
3.2	173.0	-326.4	91.8	
20.5	180.4	-237.8	79.5	
27.8	177.9	-178.8	82.0	
25.4	165.6	-55.8	82.0	
20.5	163.1	18.0	106.6	
22.9	160.7	116.4	141.0	
30.3	165.6	303.4	136.1	
45.1	150.8	480.5	128.7	
32.8	138.5	728.9	126.2	
47.5	148.4	979.9	148.4	
50.0	143.5	1275.1	155.8	
52.4	150.8	1506.3	168.1	
54.9	155.8	1658.8	165.6	
52.4	128.7	1789.2	170.5	
59.8	113.9	1840.9	200.0	
62.3	123.8	1909.7	195.1	
54.9	126.2	2030.3	158.2	
50.0	121.3	1988.5	138.5	
54.9	128.7	1801.5	133.6	
52.4	138.5	1503.8	148.4	
45.1	113.9	1159.4	145.9	
27.8	101.6	854.4	121.3	
27.8	106.6	549.4	94.3	
27.8	94.3	236.9	84.4	
32.8	89.3	15.5	59.8	
15.5	67.2	-215.7	45.1	
-1.7	72.1	-410.0	35.2	
10.6	86.9	-520.7	37.7	
3.2	96.7	-589.6	27.8	
-4.1	113.9	-611.8	25.4	
5.7	145.9	-604.4	18.0	
-4.1	163.1	-616.7	13.1	
-6.6	163.1	-648.7	8.2	
-1.7	158.2	-651.1	47.5	
3.2	138.5	-688.0	52.4	
-11.5	96.7	-784.0	45.1	
-4.1	84.4	-934.0	42.6	
3.2	69.7	-1020.1	15.5	
-1.7	82.0	-1049.6	20.5	
-4.1	57.4	-1066.9	64.7	
3.2	64.7	-1047.2	62.3	
5.7	77.0	-995.5	22.9	
10.6	45.1	-941.4	-6.6	
5.7	32.8	-899.6	-70.6	
-1.7	32.8	-828.2	-137.0	
5.7	35.2	-720.0	-169.0	
8.2	45.1	-572.4	-186.2	
3.2	82.0	-432.2	-191.1	
22.9	86.9	-311.6	-188.6	
40.1	74.6	-235.4	-173.9	
35.2	59.8	-186.2	-186.2	
40.1	54.9	-122.2	-218.2	
40.1	82.0	-87.8	-208.3	
45.1	67.2	-50.9	-215.7	
42.6	69.7	-36.1	-215.7	
52.4	72.1	-124.7	-203.4	
57.4	104.1	-225.5	-181.3	
59.8	82.0	-323.9	-181.3	
54.9	54.9	-358.4	-173.9	
57.4	47.5	-392.8	-132.1	
62.3	40.1	-417.4	-46.0	
54.9	35.2	-427.3	59.8	
42.6	64.7	-417.4	52.4	
47.5	59.8	-395.3	59.8	
27.8	57.4	-407.6	-11.5	
25.4	67.2	-378.1	-46.0	
22.9	62.3	-316.6	-65.6	
22.9	67.2	-274.7	-73.0	
25.4	84.4	-252.6	-43.5	
35.2	52.4	-252.6	-6.6	
35.2	25.4	-279.7	27.8	
27.8	-9.1	-321.5	42.6	
27.8	0.8	-319.0	15.5	
18.0	27.8	-316.6	-21.4	
5.7	57.4	-360.8	-36.1	
5.7	54.9	-392.8	32.8	
0.8	62.3	-410.0	52.4	
0.8	22.9	-383.0	155.8	
-1.7	-4.1	-333.8	116.4	
-16.4	-26.3	-260.0	59.8	
-4.1	-41.0	-208.3	101.6	
-4.1	-48.4	-188.6	195.1	
-14.0	-48.4	-230.5	126.2	
-4.1	-48.4	-151.7	67.2	
-14.0	-48.4	-75.5	113.9	
-9.1	-70.6	-11.5	185.3	
-4.1	-55.8	64.7	148.4	
-1.7	-50.9	123.8	94.3	
-4.1	-41.0	202.5	67.2	
-6.6	-38.6	256.6	25.4	
8.2	-38.6	298.4	37.7	
22.9	-11.5	357.5	13.1	
25.4	18.0	419.0	-53.3	
25.4	37.7	367.3	-95.2	
18.0	52.4	436.2	-122.2	
10.6	62.3	514.9	-176.3	
8.2	67.2	519.8	-210.8	
20.5	52.4	534.6	-183.7	
18.0	59.8	480.5	-129.6	
15.5	67.2	384.5	-92.7	
5.7	64.7	261.5	-112.4	
10.6	96.7	104.1	-73.0	
22.9	113.9	-11.5	-1.7	
3.2	91.8	-90.2	40.1	
5.7	96.7	-164.0	45.1	
8.2	94.3	-228.0	54.9	
3.2	113.9	-294.4	57.4	
-1.7	126.2	-351.0	40.1	
-4.1	126.2	-348.5	22.9	
-11.5	111.5	-272.3	18.0	
-11.5	109.0	-159.1	45.1	
-31.2	89.3	-28.7	99.2	
-26.3	96.7	91.8	91.8	
-26.3	91.8	195.1	57.4	
-36.1	67.2	241.9	67.2	
-21.4	59.8	303.4	116.4	
-26.3	54.9	355.0	200.0	
-14.0	45.1	387.0	236.9	
-38.6	0.8	428.8	224.6	
-16.4	-6.6	490.3	173.0	
-9.1	-18.9	527.2	150.8	
-6.6	-28.7	522.3	200.0	
-4.1	-33.7	551.8	271.4	
3.2	-43.5	571.5	367.3	
-4.1	-50.9	576.4	443.6	
-1.7	-46.0	574.0	436.2	
-1.7	-41.0	588.7	364.9	
-4.1	-14.0	596.1	350.1	
3.2	-33.7	615.8	357.5	
5.7	-21.4	674.8	335.3	
0.8	-36.1	719.1	328.0	
5.7	-31.2	788.0	428.8	
-4.1	-31.2	812.6	367.3	
-4.1	-33.7	817.5	409.1	
-4.1	-38.6	812.6	357.5	
0.8	-38.6	847.0	180.4	
0.8	-53.3	893.8	170.5	
18.0	-28.7	1452.2	185.3	
27.8	-43.5	1255.4	141.0	
37.7	-41.0	1403.0	148.4	
54.9	-36.1	1506.3	207.4	
74.6	-36.1	1550.6	283.7	
82.0	-31.2	1594.9	497.7	
99.2	-16.4	1587.5	593.6	
111.5	-21.4	1567.8	443.6	
121.3	-16.4	1612.1	350.1	
138.5	-16.4	1535.8	249.2	
145.9	-33.7	1270.1	190.2	
133.6	-50.9	970.0	180.4	
128.7	-63.2	384.5	138.5	
116.4	-46.0	-92.7	52.4	
109.0	-65.6	-319.0	-28.7	
111.5	-58.3	-122.2	-137.0	
101.6	-80.4	121.3	-191.1	
104.1	-43.5	318.1	-247.7	
84.4	-11.5	399.3	-309.2	
84.4	-21.4	320.6	-321.5	
96.7	-9.1	232.0	-279.7	
82.0	0.8	195.1	-218.2	
91.8	5.7	165.6	-124.7	
79.5	-18.9	165.6	0.8	
86.9	-38.6	163.1	84.4	
82.0	-60.7	173.0	150.8	
86.9	-48.4	153.3	160.7	
89.3	-65.6	141.0	200.0	
79.5	-58.3	104.1	197.6	
84.4	-53.3	67.2	202.5	
74.6	-70.6	57.4	222.2	
54.9	-60.7	27.8	187.7	
47.5	-41.0	-9.1	165.6	
45.1	-28.7	-70.6	138.5	
22.9	-11.5	-90.2	59.8	
30.3	-4.1	-80.4	-26.3	
18.0	20.5	-95.2	-102.5	
10.6	8.2	-132.1	-188.6	
-1.7	-9.1	-164.0	-279.7	
-9.1	-16.4	-205.9	-338.7	
-16.4	-16.4	-228.0	-360.8	
-16.4	-26.3	-237.8	-397.7	
-14.0	-16.4	-264.9	-501.1	
-11.5	-1.7	-314.1	-569.9	
-28.7	22.9	-272.3	-663.4	
-9.1	-4.1	-245.2	-779.0	
-23.8	-6.6	-235.4	-867.6	
-18.9	3.2	-220.6	-1002.9	
-21.4	18.0	-188.6	-1148.0	
-46.0	42.6	-144.4	-1229.2	
-53.3	42.6	-127.1	-1320.2	
-53.3	42.6	-60.7	-1416.2	
-48.4	47.5	-18.9	-1556.4	
-53.3	40.1	89.3	-1649.9	
-41.0	50.0	187.7	-1674.5	
-21.4	67.2	332.9	-1645.0	
-16.4	77.0	438.7	-1549.0	
5.7	54.9	524.8	-1494.9	
5.7	40.1	534.6	-1490.0	
22.9	27.8	500.2	-1428.5	
25.4	30.3	448.5	-1312.9	
15.5	32.8	379.6	-1172.6	
15.5	47.5	293.5	-1039.8	
-4.1	42.6	217.3	-919.3	
-11.5	32.8	173.0	-823.3	
-33.7	25.4	121.3	-747.1	
-23.8	0.8	57.4	-690.5	
-33.7	-21.4	-21.4	-651.1	
-33.7	-16.4	-77.9	-619.1	
-26.3	-18.9	-92.7	-587.2	
-23.8	-36.1	-90.2	-530.6	
-28.7	-21.4	-154.2	-491.2	
-11.5	-41.0	-311.6	-481.4	
-1.7	-41.0	-333.8	-446.9	
-1.7	-4.1	-380.5	-385.4	
8.2	-4.1	-407.6	-351.0	
8.2	-1.7	-427.3	-311.6	
13.1	-11.5	-474.0	-218.2	
20.5	-18.9	-481.4	-137.0	
35.2	20.5	-491.2	-48.4	
27.8	47.5	-525.7	86.9	
35.2	54.9	-540.4	121.3	
40.1	27.8	-486.3	106.6	
37.7	22.9	-1027.5	148.4	
27.8	-4.1	-673.3	219.7	
27.8	-6.6	-528.1	325.5	
35.2	5.7	-525.7	453.4	
20.5	-1.7	-550.3	507.5	
35.2	-1.7	-592.1	566.6	
27.8	27.8	-592.1	613.3	
22.9	37.7	-599.5	645.3	
8.2	57.4	-562.6	704.3	
15.5	54.9	-493.7	741.2	
22.9	37.7	-415.0	788.0	
20.5	32.8	-378.1	847.0	
40.1	18.0	-328.9	903.6	
18.0	20.5	-282.1	962.6	
35.2	-1.7	-250.1	1024.1	
42.6	-23.8	-225.5	1048.7	
27.8	-38.6	-191.1	1097.9	
35.2	-63.2	-146.8	1142.2	
45.1	-80.4	-132.1	1149.6	
50.0	-87.8	-100.1	1174.2	
64.7	-60.7	-92.7	1201.3	
59.8	-70.6	-60.7	1191.4	
59.8	-77.9	-46.0	1191.4	
67.2	-97.6	-38.6	1181.6	
50.0	-70.6	-50.9	1171.7	
42.6	-73.0	-33.7	1179.1	
22.9	-50.9	-31.2	1176.7	
15.5	-26.3	-11.5	1149.6	
18.0	-55.8	0.8	1152.1	
5.7	-41.0	3.2	1137.3	
-11.5	-31.2	25.4	1080.7	
5.7	-41.0	45.1	1034.0	
3.2	-43.5	45.1	1034.0	
-6.6	-36.1	35.2	997.1	
15.5	-38.6	5.7	987.2	
20.5	-53.3	10.6	930.7	
13.1	-68.1	3.2	844.6	
5.7	-90.2	-4.1	820.0	
-1.7	-50.9	-4.1	792.9	
-9.1	-23.8	-14.0	709.3	
-18.9	-38.6	-31.2	637.9	
-18.9	-14.0	-38.6	551.8	
-6.6	30.3	-46.0	446.0	
-4.1	52.4	-31.2	401.8	
13.1	52.4	-18.9	313.2	
30.3	20.5	-33.7	259.1	
35.2	0.8	-36.1	219.7	
35.2	5.7	-33.7	222.2	
50.0	27.8	-48.4	175.4	
72.1	18.0	-31.2	163.1	
72.1	-18.9	-31.2	141.0	
72.1	-65.6	-50.9	113.9	
72.1	-38.6	-43.5	62.3	
64.7	-38.6	-26.3	30.3	
74.6	-43.5	-11.5	-1.7	
62.3	-38.6	-23.8	-38.6	
69.7	-43.5	-18.9	-63.2	
72.1	-31.2	-26.3	-105.0	
74.6	-46.0	-14.0	-105.0	
74.6	-14.0	-11.5	-134.5	
67.2	5.7	-18.9	-137.0	
57.4	-6.6	-18.9	-161.6	
64.7	8.2	-38.6	-196.0	
54.9	25.4	-41.0	-230.5	
45.1	52.4	-33.7	-247.7	
35.2	54.9	-38.6	-284.6	
22.9	40.1	-41.0	-304.3	
32.8	69.7	-46.0	-331.3	
25.4	52.4	-38.6	-383.0	
25.4	20.5	-53.3	-395.3	
-1.7	-1.7	-46.0	-407.6	
-14.0	3.2	-46.0	-385.4	
-4.1	3.2	-58.3	-392.8	
-9.1	-4.1	-41.0	-380.5	
-18.9	25.4	-38.6	-385.4	
-6.6	32.8	-60.7	-400.2	
-1.7	50.0	-68.1	-395.3	
5.7	15.5	-58.3	-385.4	
27.8	0.8	-60.7	-368.2	
35.2	-33.7	-58.3	-363.3	
42.6	-50.9	-46.0	-341.2	
32.8	-73.0	-50.9	-323.9	
20.5	-21.4	-38.6	-314.1	
20.5	-9.1	-38.6	-328.9	
20.5	-1.7	-28.7	-328.9	
15.5	-31.2	-11.5	-289.5	
15.5	-31.2	5.7	-292.0	
18.0	-48.4	13.1	-272.3	
25.4	-50.9	30.3	-245.2	
15.5	-18.9	27.8	-181.3	
20.5	-33.7	15.5	-50.9	
22.9	-60.7	30.3	40.1	
18.0	-73.0	30.3	143.5	
3.2	-97.6	37.7	222.2	
3.2	-85.3	42.6	303.4	
-11.5	-77.9	42.6	377.2	
-9.1	-58.3	40.1	411.6	
0.8	-36.1	35.2	480.5	
8.2	-14.0	50.0	458.3	
5.7	-1.7	50.0	448.5	
5.7	-14.0	52.4	436.2	
15.5	5.7	50.0	396.8	
22.9	-4.1	62.3	315.7	
42.6	18.0	50.0	236.9	
20.5	5.7	52.4	128.7	
18.0	-16.4	50.0	13.1	
8.2	-55.8	52.4	-82.9	
10.6	-38.6	57.4	-196.0	
18.0	-63.2	59.8	-289.5	
42.6	-26.3	52.4	-365.8	
45.1	-4.1	50.0	-422.3	
54.9	3.2	40.1	-471.5	
59.8	37.7	32.8	-525.7	
64.7	82.0	30.3	-552.7	
57.4	118.9	37.7	-545.3	
67.2	123.8	27.8	-538.0	
64.7	89.3	27.8	-530.6	
64.7	45.1	18.0	-515.8	
79.5	-21.4	42.6	-503.5	
82.0	-36.1	13.1	-478.9	
77.0	-73.0	13.1	-400.2	
59.8	-90.2	10.6	-351.0	
50.0	-85.3	-9.1	-311.6	
57.4	-80.4	-11.5	-289.5	
74.6	-102.5	-28.7	-272.3	
82.0	-107.5	-23.8	-200.9	
86.9	-100.1	-28.7	-178.8	
109.0	-55.8	-31.2	-173.9	
111.5	-21.4	-36.1	-124.7	
109.0	-31.2	-46.0	-112.4	
121.3	-16.4	-53.3	-95.2	
113.9	-53.3	-65.6	-50.9	
109.0	-33.7	-90.2	-23.8	
123.8	-41.0	-85.3	-1.7	
113.9	-6.6	-60.7	10.6	
104.1	67.2	-28.7	25.4	
104.1	89.3	0.8	64.7	
123.8	32.8	-4.1	94.3	
128.7	45.1	-1.7	121.3	
123.8	79.5	-18.9	170.5	
123.8	69.7	-11.5	234.5	
99.2	45.1	-28.7	256.6	
99.2	67.2	-11.5	256.6	
79.5	72.1	-14.0	296.0	
69.7	40.1	-11.5	337.8	
54.9	74.6	-1.7	367.3	
52.4	99.2	-14.0	433.7	
50.0	180.4	-1.7	463.3	
47.5	205.0	-14.0	485.4	
40.1	202.5	-6.6	554.3	
40.1	202.5	-1.7	613.3	
32.8	150.8	18.0	699.4	
20.5	79.5	20.5	758.5	
22.9	109.0	22.9	792.9	
5.7	121.3	25.4	785.5	
-9.1	145.9	35.2	765.8	
-21.4	133.6	20.5	741.2	
-23.8	128.7	-14.0	711.7	
-41.0	234.5	-46.0	714.2	
-38.6	232.0	-53.3	748.6	
-38.6	158.2	-26.3	829.8	
-28.7	10.6	13.1	874.1	
3.2	37.7	42.6	957.7	
20.5	177.9	69.7	999.5	
27.8	160.7	94.3	861.8	
27.8	173.0	126.2	778.1	
27.8	141.0	126.2	714.2	
22.9	99.2	131.2	655.1	
30.3	42.6	126.2	581.3	
13.1	-26.3	116.4	532.1	
-9.1	-80.4	101.6	478.0	
-38.6	-4.1	77.0	451.0	
-46.0	101.6	54.9	482.9	
-50.9	0.8	50.0	391.9	
-58.3	-48.4	54.9	313.2	
-63.2	35.2	27.8	239.4	
-68.1	106.6	37.7	212.3	
-75.5	123.8	22.9	180.4	
-68.1	217.3	37.7	109.0	
-92.7	276.3	67.2	50.0	
-97.6	305.8	67.2	0.8	
-119.8	281.2	67.2	-18.9	
-151.7	222.2	57.4	-33.7	
-151.7	113.9	40.1	-90.2	
-156.7	0.8	37.7	-146.8	
-171.4	-58.3	40.1	-208.3	
-181.3	-102.5	57.4	-237.8	
-169.0	-68.1	40.1	-284.6	
-156.7	-58.3	42.6	-304.3	
-156.7	-117.3	96.7	-338.7	
-156.7	-102.5	91.8	-365.8	
-154.2	-100.1	47.5	-412.5	
-144.4	-107.5	47.5	-405.1	
-154.2	-97.6	91.8	-417.4	
-141.9	-43.5	74.6	-437.1	
-124.7	91.8	37.7	-415.0	
-122.2	101.6	5.7	-454.3	
-114.8	50.0	-21.4	-437.1	
-102.5	86.9	-6.6	-395.3	
-105.0	106.6	15.5	-343.6	
-114.8	94.3	47.5	-375.6	
-87.8	47.5	42.6	-370.7	
-90.2	32.8	27.8	-363.3	
-80.4	-102.5	-9.1	-387.9	
-97.6	-141.9	-41.0	-417.4	
-90.2	-109.9	-50.9	-410.0	
-85.3	-65.6	-31.2	-373.1	
-82.9	-114.8	5.7	-363.3	
-63.2	-146.8	8.2	-277.2	
-63.2	-80.4	0.8	-287.0	
-65.6	37.7	13.1	-257.5	
-53.3	182.8	-1.7	-183.7	
-48.4	254.2	18.0	-107.5	
-43.5	131.2	40.1	-68.1	
-33.7	173.0	77.0	-14.0	
-21.4	138.5	104.1	10.6	
-18.9	158.2	116.4	50.0	
18.0	168.1	106.6	89.3	
27.8	111.5	111.5	136.1	
30.3	5.7	99.2	168.1	
30.3	-55.8	106.6	234.5	
25.4	77.0	123.8	315.7	
22.9	89.3	111.5	345.2	
30.3	-1.7	118.9	391.9	
37.7	-43.5	106.6	399.3	
32.8	-36.1	91.8	382.1	
45.1	-33.7	79.5	401.8	
27.8	-6.6	67.2	455.9	
35.2	113.9	45.1	473.1	
35.2	190.2	8.2	490.3	
35.2	109.0	-28.7	510.0	
25.4	62.3	-23.8	549.4	
22.9	-97.6	-23.8	669.9	
27.8	-255.1	-14.0	682.2	
30.3	-323.9	-9.1	709.3	
15.5	-464.2	5.7	773.2	
15.5	-471.5	5.7	820.0	
22.9	-365.8	30.3	847.0	
20.5	-289.5	27.8	827.3	
8.2	-309.2	22.9	824.9	
5.7	-269.8	50.0	886.4	
10.6	-181.3	10.6	935.6	
0.8	-159.1	-23.8	974.9	
13.1	-309.2	-33.7	982.3	
20.5	-368.2	-68.1	1014.3	
20.5	-326.4	-55.8	1090.6	
27.8	-235.4	-26.3	1061.0	
32.8	-151.7	3.2	1056.1	
18.0	-139.4	18.0	987.2	
15.5	-132.1	42.6	918.4	
15.5	-161.6	79.5	893.8	
27.8	-169.0	89.3	832.3	
45.1	-129.6	99.2	768.3	
42.6	-77.9	86.9	736.3	
72.1	-112.4	27.8	669.9	
57.4	-149.3	10.6	586.3	
52.4	-144.4	-14.0	514.9	
47.5	-122.2	-28.7	399.3	
40.1	-95.2	-21.4	310.7	
35.2	-97.6	3.2	232.0	
37.7	-80.4	20.5	160.7	
42.6	-50.9	-1.7	126.2	
40.1	-46.0	-28.7	64.7	
40.1	-41.0	-14.0	20.5	
37.7	-73.0	-21.4	-18.9	
37.7	-63.2	-21.4	-53.3	
42.6	-80.4	-28.7	-107.5	
45.1	-77.9	-28.7	-149.3	
15.5	-43.5	-4.1	-166.5	
15.5	40.1	-4.1	-191.1	
15.5	64.7	-4.1	-196.0	
18.0	77.0	-14.0	-215.7	
20.5	82.0	3.2	-208.3	
20.5	27.8	-14.0	-191.1	
27.8	111.5	-38.6	-112.4	
45.1	209.9	-38.6	-70.6	
27.8	246.8	-43.5	-73.0	
32.8	259.1	-60.7	-97.6	
22.9	266.5	-95.2	-122.2	
22.9	323.0	-82.9	-178.8	
30.3	377.2	-82.9	-272.3	
8.2	369.8	-38.6	-380.5	
20.5	394.4	-60.7	-525.7	
22.9	482.9	-127.1	-658.5	
18.0	465.7	-129.6	-702.8	
10.6	438.7	-85.3	-697.9	
8.2	374.7	-58.3	-621.6	
3.2	303.4	-85.3	-528.1	
-9.1	256.6	-127.1	-491.2	
-4.1	244.3	-178.8	-530.6	
-11.5	217.3	-169.0	-587.2	
-11.5	187.7	-124.7	-574.9	
0.8	160.7	-77.9	-565.0	
8.2	145.9	-26.3	-518.3	
3.2	128.7	20.5	-518.3	
20.5	113.9	22.9	-437.1	
22.9	141.0	-4.1	-264.9	
22.9	158.2	-53.3	-198.5	
42.6	148.4	-85.3	-255.1	
52.4	101.6	-53.3	-277.2	
54.9	113.9	-70.6	-193.6	
45.1	86.9	-26.3	-92.7	
50.0	96.7	40.1	-55.8	
57.4	165.6	-70.6	13.1	
64.7	177.9	-122.2	42.6	
74.6	244.3	-68.1	52.4	
54.9	259.1	57.4	-9.1	
37.7	281.2	165.6	-16.4	
22.9	202.5	197.6	-11.5	
8.2	205.0	94.3	-1.7	
-4.1	180.4	-70.6	-11.5	
15.5	113.9	-186.2	-23.8	
13.1	74.6	-264.9	-58.3	
27.8	40.1	-269.8	-114.8	
25.4	35.2	-205.9	-124.7	
30.3	-41.0	59.8	-134.5	
35.2	-48.4	328.0	-196.0	
54.9	-21.4	325.5	-242.8	
77.0	-26.3	219.7	-294.4	
82.0	-43.5	148.4	-294.4	
72.1	40.1	182.8	-260.0	
74.6	111.5	209.9	-240.3	
84.4	212.3	185.3	-232.9	
79.5	202.5	200.0	-232.9	
62.3	153.3	217.3	-208.3	
74.6	202.5	197.6	-161.6	
67.2	246.8	246.8	-154.2	
45.1	303.4	207.4	-127.1	
25.4	342.7	261.5	-97.6	
13.1	283.7	362.4	-80.4	
-9.1	244.3	330.4	-92.7	
-23.8	222.2	227.1	-114.8	
-28.7	109.0	116.4	-114.8	
-23.8	25.4	22.9	-146.8	
-18.9	-55.8	-97.6	-159.1	
-1.7	-46.0	-198.5	-139.4	
8.2	-53.3	-250.1	-156.7	
15.5	-43.5	-351.0	-154.2	
18.0	-4.1	-486.3	-146.8	
15.5	-1.7	-515.8	-183.7	
22.9	-33.7	-446.9	-213.2	
25.4	-68.1	-353.5	-169.0	
18.0	-21.4	-257.5	-154.2	
15.5	-33.7	-144.4	-132.1	
8.2	-38.6	-36.1	-154.2	
10.6	-36.1	30.3	-223.1	
18.0	-21.4	45.1	-252.6	
22.9	-50.9	42.6	-287.0	
5.7	-75.5	96.7	-321.5	
5.7	-82.9	0.8	-355.9	
3.2	-100.1	-92.7	-380.5	
5.7	-55.8	-114.8	-375.6	
8.2	-53.3	-127.1	-415.0	
8.2	-75.5	-166.5	-417.4	
5.7	-132.1	-146.8	-400.2	
0.8	-198.5	-18.9	-402.7	
8.2	-215.7	113.9	-363.3	
5.7	-235.4	113.9	-311.6	
13.1	-210.8	45.1	-269.8	
13.1	-151.7	86.9	-208.3	
25.4	-68.1	113.9	-171.4	
37.7	-16.4	99.2	-144.4	
25.4	3.2	67.2	-122.2	
20.5	8.2	106.6	-70.6	
15.5	47.5	118.9	-31.2	
13.1	89.3	59.8	13.1	
30.3	128.7	-77.9	50.0	
25.4	138.5	-215.7	77.0	
22.9	94.3	-375.6	104.1	
5.7	86.9	-343.6	145.9	
-4.1	104.1	-255.1	163.1	
15.5	121.3	-235.4	200.0	
27.8	109.0	-181.3	224.6	
8.2	89.3	-107.5	214.8	
0.8	62.3	-33.7	227.1	
-18.9	42.6	-1.7	205.0	
-16.4	-11.5	-33.7	170.5	
-6.6	-18.9	-31.2	136.1	
-23.8	-41.0	-21.4	111.5	
-33.7	-28.7	-58.3	86.9	
-41.0	-23.8	-132.1	67.2	
-58.3	-38.6	-171.4	79.5	
-50.9	-41.0	-230.5	54.9	
-60.7	-11.5	-279.7	40.1	
-50.9	22.9	-321.5	18.0	
-46.0	30.3	-346.1	8.2	
-38.6	-21.4	-304.3	-16.4	
-53.3	0.8	-260.0	-41.0	
-58.3	3.2	-242.8	-23.8	
-50.9	45.1	-292.0	-41.0	
-41.0	62.3	-323.9	-75.5	
-36.1	47.5	-348.5	-92.7	
-28.7	47.5	-466.6	-137.0	
-26.3	5.7	-547.8	-154.2	
-23.8	-36.1	-555.2	-139.4	
-9.1	-26.3	-515.8	-144.4	
-9.1	18.0	-471.5	-87.8	
-16.4	13.1	-429.7	-65.6	
-23.8	20.5	-432.2	-58.3	
-1.7	-11.5	-456.8	-65.6	
-11.5	-43.5	-461.7	-46.0	
-1.7	-28.7	-365.8	-43.5	
-1.7	-77.9	-333.8	-23.8	
-6.6	-73.0	-193.6	-11.5	
5.7	-73.0	-23.8	0.8	
13.1	-58.3	158.2	-11.5	
30.3	-46.0	310.7	-26.3	
37.7	-46.0	372.2	-58.3	
37.7	-70.6	305.8	-100.1	
32.8	-95.2	200.0	-63.2	
35.2	-112.4	209.9	-87.8	
32.8	-82.9	244.3	-151.7	
20.5	-14.0	182.8	-161.6	
47.5	-23.8	138.5	-186.2	
32.8	-21.4	111.5	-200.9	
30.3	-38.6	59.8	-198.5	
20.5	-33.7	-68.1	-183.7	
25.4	-41.0	-178.8	-200.9	
30.3	-28.7	-272.3	-196.0	
40.1	-11.5	-415.0	-188.6	
30.3	5.7	-557.6	-181.3	
15.5	-16.4	-717.5	-124.7	
35.2	13.1	-968.5	-112.4	
15.5	22.9	-1125.9	-114.8	
35.2	42.6	-1209.5	-114.8	
47.5	57.4	-1386.7	-82.9	
47.5	79.5	-1465.4	-75.5	
40.1	47.5	-1563.8	-63.2	
30.3	52.4	-1625.3	-58.3	
25.4	37.7	-1566.2	-43.5	
25.4	25.4	-1492.4	-48.4	
15.5	-1.7	-1435.9	-58.3	
25.4	-31.2	-1362.1	-60.7	
20.5	-26.3	-1236.6	-63.2	
10.6	-23.8	-1140.7	-60.7	
13.1	-18.9	-1066.9	-70.6	
18.0	-18.9	-963.5	-82.9	
8.2	-4.1	-919.3	-100.1	
8.2	30.3	-828.2	-109.9	
-11.5	27.8	-712.6	-97.6	
3.2	15.5	-653.6	-107.5	
13.1	25.4	-589.6	-112.4	
22.9	42.6	-530.6	-114.8	
22.9	64.7	-510.9	-105.0	
27.8	54.9	-493.7	-105.0	
22.9	35.2	-402.7	-144.4	
32.8	50.0	-378.1	-146.8	
32.8	52.4	-311.6	-151.7	
35.2	59.8	-311.6	-137.0	
32.8	82.0	-314.1	-129.6	
15.5	99.2	-274.7	-154.2	
27.8	118.9	-196.0	-137.0	
35.2	111.5	-18.9	-112.4	
40.1	99.2	145.9	-65.6	
25.4	86.9	227.1	-36.1	
35.2	64.7	305.8	-28.7	
54.9	84.4	286.1	-50.9	
52.4	50.0	335.3	-119.8	
62.3	30.3	288.6	-122.2	
50.0	40.1	271.4	-31.2	
62.3	52.4	195.1	-23.8	
59.8	77.0	141.0	-1.7	
54.9	79.5	131.2	35.2	
52.4	77.0	54.9	-9.1	
59.8	84.4	47.5	-28.7	
54.9	62.3	13.1	-28.7	
50.0	96.7	-6.6	-55.8	
45.1	91.8	-50.9	-63.2	
30.3	84.4	-16.4	-33.7	
40.1	67.2	-109.9	-41.0	
40.1	37.7	-50.9	-41.0	
42.6	35.2	-36.1	-68.1	
47.5	22.9	-41.0	-73.0	
37.7	22.9	-63.2	-65.6	
35.2	25.4	-18.9	-82.9	
32.8	37.7	32.8	-68.1	
30.3	30.3	77.0	-50.9	
25.4	42.6	84.4	-31.2	
35.2	25.4	118.9	-31.2	
32.8	25.4	136.1	-16.4	
27.8	30.3	170.5	-9.1	
22.9	45.1	205.0	3.2	
22.9	35.2	276.3	-4.1	
37.7	59.8	195.1	-4.1	
40.1	64.7	94.3	5.7	
30.3	42.6	30.3	-9.1	
37.7	37.7	-16.4	0.8	
35.2	22.9	-33.7	-14.0	
42.6	-4.1	-46.0	-9.1	
52.4	5.7	-95.2	-1.7	
54.9	5.7	-149.3	27.8	
47.5	-1.7	-213.2	50.0	
37.7	10.6	-264.9	54.9	
22.9	15.5	-282.1	54.9	
20.5	3.2	-326.4	59.8	
10.6	0.8	-346.1	74.6	
18.0	22.9	-316.6	94.3	
22.9	20.5	-333.8	126.2	
20.5	37.7	-299.3	111.5	
8.2	72.1	-208.3	111.5	
-16.4	96.7	-122.2	113.9	
0.8	106.6	-16.4	109.0	
-1.7	79.5	136.1	126.2	
-9.1	20.5	318.1	116.4	
0.8	-28.7	522.3	96.7	
-11.5	-41.0	669.9	84.4	
0.8	-21.4	780.6	69.7	
-9.1	-60.7	856.9	45.1	
-1.7	-68.1	930.7	32.8	
-9.1	-38.6	1004.5	37.7	
8.2	-23.8	999.5	27.8	
15.5	-18.9	1048.7	15.5	
27.8	18.0	1102.9	10.6	
25.4	47.5	1198.8	3.2	
20.5	77.0	1260.3	-1.7	
22.9	74.6	1368.5	-6.6	
15.5	94.3	1476.8	-21.4	
27.8	89.3	1572.7	-16.4	
47.5	74.6	1621.9	-26.3	
40.1	47.5	1602.2	-41.0	
30.3	22.9	1540.7	-38.6	
30.3	30.3	1412.8	-41.0	
40.1	74.6	1329.2	-38.6	
42.6	57.4	1299.7	-16.4	
32.8	18.0	1230.8	-9.1	
32.8	22.9	1179.1	-16.4	
27.8	-11.5	1201.3	-18.9	
15.5	10.6	1262.8	-4.1	
18.0	-11.5	1294.7	-21.4	
20.5	10.6	1277.5	-28.7	
5.7	42.6	1294.7	-41.0	
-4.1	59.8	1262.8	-58.3	
3.2	52.4	1186.5	-46.0	
18.0	82.0	1053.7	-68.1	
3.2	82.0	915.9	-80.4	
3.2	91.8	812.6	-82.9	
0.8	86.9	711.7	-85.3	
15.5	59.8	586.3	-100.1	
15.5	62.3	512.5	-95.2	
15.5	8.2	441.1	-97.6	
18.0	-36.1	423.9	-107.5	
20.5	-48.4	367.3	-112.4	
25.4	-70.6	320.6	-109.9	
20.5	-43.5	212.3	-114.8	
40.1	-26.3	109.0	-107.5	
40.1	20.5	27.8	-109.9	
37.7	27.8	-87.8	-97.6	
35.2	20.5	-200.9	-112.4	
45.1	57.4	-240.3	-80.4	
42.6	84.4	-277.2	-75.5	
35.2	104.1	-247.7	-36.1	
42.6	74.6	-215.7	-58.3	
54.9	79.5	-151.7	-48.4	
40.1	94.3	-68.1	-36.1	
37.7	89.3	-26.3	-63.2	
40.1	72.1	-82.9	-82.9	
47.5	62.3	-77.9	-73.0	
42.6	64.7	-73.0	-77.9	
25.4	62.3	-70.6	-105.0	
37.7	45.1	-82.9	-58.3	
40.1	50.0	-53.3	-50.9	
32.8	25.4	-75.5	-68.1	
35.2	18.0	-36.1	-95.2	
25.4	3.2	-46.0	-122.2	
22.9	-11.5	-65.6	-33.7	
25.4	-46.0	-60.7	15.5	
30.3	-73.0	-53.3	3.2	
18.0	-80.4	-95.2	-4.1	
22.9	-53.3	-124.7	37.7	
20.5	-68.1	-114.8	47.5	
27.8	-82.9	-85.3	74.6	
22.9	-87.8	-122.2	72.1	
25.4	-100.1	-127.1	54.9	
10.6	-73.0	-144.4	54.9	
13.1	-70.6	-144.4	35.2	
27.8	-36.1	-166.5	-4.1	
22.9	-11.5	-200.9	-41.0	
25.4	-16.4	-252.6	-16.4	
18.0	-14.0	-274.7	-1.7	
25.4	-31.2	-287.0	-11.5	
32.8	-36.1	-232.9	-41.0	
22.9	-41.0	-176.3	-36.1	
15.5	-31.2	-127.1	15.5	
10.6	-28.7	-38.6	-1.7	
32.8	-28.7	-26.3	-68.1	
25.4	-41.0	-36.1	-85.3	
20.5	-41.0	-21.4	-60.7	
22.9	-65.6	-33.7	-1.7	
15.5	-77.9	0.8	20.5	
3.2	-70.6	35.2	-28.7	
-4.1	-75.5	52.4	-28.7	
0.8	-68.1	10.6	5.7	
13.1	-70.6	20.5	15.5	
32.8	-58.3	42.6	18.0	
27.8	-58.3	74.6	8.2	
25.4	-60.7	32.8	-14.0	
25.4	-38.6	18.0	-46.0	
27.8	-36.1	35.2	-55.8	
32.8	-23.8	62.3	-87.8	
25.4	-1.7	69.7	-92.7	
25.4	5.7	74.6	-60.7	
25.4	-6.6	99.2	-43.5	
27.8	0.8	160.7	-36.1	
35.2	5.7	170.5	-23.8	
27.8	-1.7	86.9	-28.7	
27.8	-1.7	25.4	-43.5	
42.6	25.4	5.7	-85.3	
37.7	47.5	5.7	-58.3	
37.7	59.8	-14.0	-9.1	
42.6	74.6	-1.7	15.5	
37.7	69.7	15.5	47.5	
37.7	64.7	42.6	-1.7	
57.4	69.7	45.1	5.7	
69.7	74.6	42.6	18.0	
86.9	77.0	32.8	-4.1	
94.3	69.7	35.2	10.6	
94.3	89.3	52.4	77.0	
89.3	91.8	30.3	86.9	
91.8	94.3	5.7	74.6	
79.5	106.6	-26.3	82.0	
72.1	101.6	-23.8	106.6	
52.4	128.7	-14.0	111.5	
42.6	121.3	-43.5	109.0	
27.8	116.4	-53.3	121.3	
30.3	121.3	-87.8	131.2	
30.3	111.5	-144.4	121.3	
18.0	79.5	-149.3	128.7	
20.5	86.9	-151.7	148.4	
25.4	45.1	-132.1	94.3	
0.8	45.1	-117.3	141.0	
-1.7	30.3	-95.2	138.5	
13.1	42.6	-36.1	128.7	
0.8	47.5	13.1	116.4	
-4.1	27.8	82.0	126.2	
-1.7	22.9	116.4	99.2	
3.2	13.1	141.0	113.9	
-1.7	13.1	150.8	111.5	
-1.7	5.7	145.9	89.3	
-1.7	-36.1	118.9	104.1	
-4.1	-48.4	128.7	96.7	
-9.1	-28.7	111.5	82.0	
15.5	-36.1	131.2	91.8	
3.2	-18.9	158.2	118.9	
3.2	15.5	148.4	109.0	
3.2	35.2	113.9	126.2	
-1.7	64.7	52.4	94.3	
13.1	54.9	45.1	96.7	
20.5	62.3	30.3	106.6	
8.2	74.6	13.1	106.6	
-1.7	59.8	-26.3	94.3	
5.7	64.7	-55.8	79.5	
-1.7	57.4	-48.4	77.0	
8.2	50.0	-77.9	74.6	
-14.0	69.7	-127.1	96.7	
0.8	84.4	-154.2	106.6	
-4.1	84.4	-183.7	54.9	
-4.1	96.7	-188.6	-46.0	
-9.1	106.6	-193.6	-18.9	
3.2	116.4	-198.5	3.2	
-6.6	106.6	-200.9	42.6	
-6.6	109.0	-213.2	111.5	
-1.7	104.1	-255.1	155.8	
-4.1	106.6	-296.9	168.1	
-9.1	118.9	-328.9	116.4	
-11.5	121.3	-385.4	101.6	
8.2	116.4	-323.9	84.4	
5.7	77.0	-365.8	109.0	
8.2	82.0	-323.9	145.9	
13.1	89.3	-284.6	128.7	
27.8	72.1	-218.2	106.6	
18.0	82.0	-122.2	84.4	
10.6	74.6	-36.1	82.0	
10.6	84.4	27.8	67.2	
-4.1	77.0	118.9	91.8	
5.7	62.3	168.1	57.4	
3.2	72.1	239.4	32.8	
5.7	89.3	313.2	67.2	
5.7	106.6	394.4	79.5	
-9.1	104.1	478.0	77.0	
-4.1	111.5	510.0	84.4	
-9.1	94.3	517.4	82.0	
3.2	86.9	529.7	62.3	
3.2	69.7	517.4	32.8	
-9.1	72.1	500.2	62.3	
-6.6	79.5	507.5	45.1	
-4.1	37.7	510.0	27.8	
-6.6	35.2	534.6	40.1	
3.2	10.6	532.1	45.1	
-4.1	-1.7	551.8	35.2	
-9.1	-9.1	569.0	25.4	
0.8	-1.7	578.9	27.8	
3.2	-4.1	601.0	13.1	
-1.7	3.2	628.1	10.6	
-1.7	-9.1	628.1	27.8	
-6.6	5.7	635.5	35.2	
-1.7	-21.4	633.0	30.3	
-1.7	-4.1	633.0	42.6	
-9.1	-9.1	588.7	40.1	
8.2	-14.0	561.7	45.1	
5.7	8.2	522.3	45.1	
0.8	15.5	505.1	50.0	
8.2	25.4	455.9	47.5	
-11.5	52.4	387.0	45.1	
-11.5	64.7	335.3	32.8	
-18.9	96.7	278.8	22.9	
-16.4	96.7	264.0	27.8	
-18.9	109.0	251.7	10.6	
-18.9	99.2	239.4	-11.5	
-18.9	89.3	239.4	-11.5	
-18.9	84.4	232.0	-21.4	
-14.0	94.3	227.1	-26.3	
-9.1	74.6	227.1	-36.1	
-6.6	84.4	251.7	-28.7	
-6.6	79.5	259.1	-11.5	
-9.1	72.1	286.1	8.2	
-4.1	69.7	293.5	5.7	
-11.5	64.7	328.0	-6.6	
3.2	82.0	355.0	-38.6	
-4.1	82.0	364.9	-38.6	
-4.1	77.0	372.2	-23.8	
-16.4	79.5	359.9	-4.1	
-4.1	64.7	335.3	-9.1	
-4.1	45.1	310.7	-11.5	
-4.1	37.7	305.8	-9.1	
-1.7	27.8	291.1	-9.1	
-4.1	25.4	268.9	-11.5	
-1.7	10.6	271.4	-4.1	
-4.1	-18.9	276.3	-16.4	
-9.1	-11.5	266.5	-1.7	
3.2	5.7	246.8	3.2	
3.2	-1.7	227.1	5.7	
-1.7	-9.1	192.7	8.2	
-1.7	0.8	158.2	30.3	
-4.1	-1.7	116.4	35.2	
-4.1	8.2	62.3	18.0	
10.6	40.1	-9.1	18.0	
3.2	50.0	-41.0	18.0	
15.5	54.9	-68.1	25.4	
15.5	42.6	-85.3	22.9	
27.8	40.1	-129.6	37.7	
18.0	8.2	-159.1	27.8	
35.2	-6.6	-213.2	40.1	
20.5	0.8	-242.8	40.1	
25.4	-1.7	-277.2	40.1	
10.6	-23.8	-319.0	57.4	
-4.1	-21.4	-333.8	50.0	
5.7	-4.1	-341.2	47.5	
3.2	0.8	-346.1	45.1	
5.7	0.8	-375.6	42.6	
0.8	8.2	-410.0	64.7	
13.1	45.1	-476.5	50.0	
18.0	47.5	-518.3	47.5	
15.5	69.7	-574.9	37.7	
25.4	45.1	-611.8	25.4	
20.5	25.4	-680.6	22.9	
8.2	-23.8	-761.8	27.8	
8.2	-63.2	-796.3	27.8	
5.7	-55.8	-818.4	15.5	
13.1	-70.6	-855.3	20.5	
15.5	-90.2	-860.2	15.5	
13.1	-112.4	-860.2	5.7	
3.2	-92.7	-835.6	13.1	
-1.7	-77.9	-838.1	10.6	
-6.6	-75.5	-833.2	10.6	
-4.1	-63.2	-862.7	18.0	
-4.1	-38.6	-862.7	10.6	
-4.1	-46.0	-806.1	-1.7	
8.2	-43.5	-720.0	0.8	
0.8	-48.4	-641.3	10.6	
3.2	-58.3	-597.0	-4.1	
0.8	-28.7	-520.7	-14.0	
5.7	0.8	-483.8	-9.1	
10.6	-28.7	-464.2	-16.4	
18.0	-26.3	-466.6	-21.4	
22.9	-23.8	-446.9	-16.4	
15.5	-16.4	-466.6	-14.0	
15.5	-23.8	-483.8	-9.1	
22.9	-31.2	-464.2	-9.1	
15.5	-4.1	-488.8	-33.7	
22.9	5.7	-478.9	-36.1	
27.8	32.8	-520.7	-36.1	
37.7	69.7	-604.4	-11.5	
40.1	54.9	-688.0	-11.5	
45.1	32.8	-759.4	-14.0	
37.7	30.3	-830.7	-33.7	
42.6	47.5	-862.7	-1.7	
47.5	35.2	-882.4	3.2	
47.5	35.2	-877.4	15.5	
40.1	5.7	-897.1	25.4	
40.1	-36.1	-892.2	3.2	
45.1	-31.2	-904.5	13.1	
35.2	-18.9	-852.8	22.9	
45.1	-18.9	-808.6	30.3	
35.2	15.5	-776.6	35.2	
42.6	42.6	-732.3	52.4	
45.1	64.7	-690.5	45.1	
42.6	101.6	-661.0	52.4	
50.0	118.9	-658.5	74.6	
37.7	84.4	-629.0	77.0	
37.7	57.4	-606.8	77.0	
42.6	25.4	-582.2	101.6	
40.1	40.1	-567.5	118.9	
50.0	99.2	-515.8	116.4	
52.4	82.0	-510.9	143.5	
50.0	89.3	-478.9	180.4	
52.4	67.2	-446.9	143.5	
40.1	59.8	-395.3	173.0	
45.1	77.0	-348.5	182.8	
37.7	69.7	-319.0	165.6	
35.2	109.0	-319.0	148.4	
20.5	131.2	-306.7	143.5	
30.3	148.4	-292.0	138.5	
22.9	133.6	-292.0	128.7	
20.5	94.3	-323.9	111.5	
18.0	59.8	-346.1	101.6	
18.0	47.5	-370.7	84.4	
15.5	42.6	-387.9	37.7	
18.0	10.6	-432.2	32.8	
15.5	3.2	-520.7	40.1	
18.0	-6.6	-616.7	35.2	
3.2	0.8	-705.2	42.6	
5.7	8.2	-803.6	54.9	
18.0	3.2	-875.0	69.7	
30.3	8.2	-921.7	94.3	
20.5	57.4	-958.6	118.9	
25.4	82.0	-993.1	133.6	
27.8	67.2	-1010.3	138.5	
30.3	77.0	-1002.9	138.5	
32.8	91.8	-988.1	123.8	
27.8	111.5	-929.1	82.0	
15.5	84.4	-850.4	123.8	
27.8	79.5	-774.1	138.5	
15.5	42.6	-656.0	118.9	
25.4	40.1	-547.8	104.1	
32.8	-1.7	-439.6	91.8	
35.2	8.2	-321.5	72.1	
35.2	-4.1	-220.6	79.5	
32.8	-4.1	-127.1	96.7	
40.1	25.4	-28.7	77.0	
27.8	35.2	62.3	82.0	
30.3	32.8	141.0	79.5	
27.8	40.1	222.2	52.4	
40.1	79.5	315.7	47.5	
42.6	101.6	401.8	69.7	
45.1	82.0	465.7	62.3	
22.9	62.3	512.5	72.1	
40.1	52.4	549.4	74.6	
35.2	82.0	574.0	50.0	
40.1	101.6	593.6	35.2	
45.1	104.1	601.0	18.0	
40.1	109.0	630.5	5.7	
35.2	99.2	657.6	10.6	
30.3	106.6	684.7	-18.9	
25.4	128.7	694.5	13.1	
30.3	128.7	704.3	52.4	
22.9	128.7	701.9	57.4	
22.9	133.6	692.0	69.7	
22.9	116.4	669.9	57.4	
30.3	74.6	645.3	27.8	
37.7	27.8	620.7	40.1	
32.8	-1.7	586.3	86.9	
32.8	-14.0	566.6	133.6	
27.8	-6.6	546.9	173.0	
22.9	-14.0	534.6	200.0	
30.3	3.2	512.5	217.3	
32.8	15.5	495.2	259.1	
27.8	37.7	482.9	293.5	
25.4	45.1	458.3	308.3	
30.3	64.7	446.0	310.7	
30.3	54.9	423.9	305.8	
22.9	64.7	419.0	315.7	
5.7	27.8	404.2	300.9	
3.2	30.3	401.8	266.5	
8.2	45.1	391.9	261.5	
20.5	40.1	379.6	273.8	
22.9	62.3	367.3	278.8	
18.0	64.7	355.0	271.4	
22.9	67.2	332.9	293.5	
22.9	82.0	305.8	273.8	
27.8	82.0	286.1	259.1	
22.9	94.3	273.8	278.8	
25.4	77.0	246.8	286.1	
27.8	89.3	227.1	278.8	
20.5	79.5	212.3	268.9	
35.2	50.0	200.0	234.5	
30.3	35.2	200.0	180.4	
30.3	40.1	165.6	153.3	
25.4	37.7	168.1	123.8	
25.4	18.0	155.8	101.6	
37.7	3.2	153.3	72.1	
30.3	-11.5	173.0	30.3	
27.8	-48.4	187.7	-4.1	
22.9	-36.1	202.5	-26.3	
32.8	-38.6	222.2	-60.7	
22.9	-18.9	236.9	-95.2	
25.4	0.8	246.8	-124.7	
8.2	0.8	254.2	-151.7	
5.7	13.1	268.9	-176.3	
8.2	32.8	264.0	-188.6	
15.5	30.3	261.5	-203.4	
27.8	20.5	271.4	-208.3	
8.2	20.5	264.0	-218.2	
8.2	25.4	278.8	-223.1	
3.2	45.1	276.3	-230.5	
10.6	42.6	273.8	-188.6	
0.8	57.4	246.8	-141.9	
13.1	50.0	222.2	-154.2	
5.7	37.7	195.1	-117.3	
8.2	47.5	168.1	-85.3	
0.8	59.8	158.2	-14.0	
-4.1	52.4	131.2	0.8	
-1.7	52.4	91.8	-16.4	
-6.6	50.0	74.6	3.2	
-4.1	54.9	54.9	22.9	
-9.1	67.2	25.4	30.3	
-11.5	62.3	15.5	47.5	
-14.0	54.9	10.6	35.2	
0.8	47.5	-9.1	37.7	
-4.1	50.0	-4.1	32.8	
3.2	54.9	15.5	-26.3	
5.7	54.9	30.3	-58.3	
3.2	50.0	37.7	-68.1	
-1.7	50.0	35.2	-58.3	
-6.6	37.7	30.3	-53.3	
-9.1	32.8	27.8	-55.8	
-1.7	30.3	15.5	-55.8	
-14.0	22.9	10.6	-55.8	
-11.5	22.9	5.7	-60.7	
-14.0	30.3	18.0	-82.9	
-14.0	40.1	18.0	-105.0	
-23.8	32.8	30.3	-105.0	
-18.9	59.8	32.8	-134.5	
-26.3	62.3	37.7	-166.5	
-21.4	79.5	30.3	-208.3	
-18.9	69.7	32.8	-228.0	
-16.4	82.0	42.6	-252.6	
-28.7	84.4	57.4	-267.4	
-33.7	82.0	74.6	-279.7	
-18.9	69.7	64.7	-289.5	
-18.9	74.6	64.7	-277.2	
-23.8	79.5	67.2	-279.7	
-16.4	86.9	82.0	-299.3	
-6.6	74.6	96.7	-326.4	
-18.9	86.9	91.8	-306.7	
-14.0	91.8	106.6	-294.4	
-23.8	64.7	96.7	-269.8	
-14.0	47.5	101.6	-220.6	
0.8	42.6	89.3	-200.9	
-11.5	32.8	94.3	-215.7	
-6.6	25.4	89.3	-205.9	
-9.1	25.4	69.7	-215.7	
-11.5	27.8	57.4	-218.2	
-23.8	22.9	37.7	-213.2	
-11.5	22.9	30.3	-213.2	
-18.9	15.5	37.7	-245.2	
-16.4	0.8	50.0	-282.1	
-18.9	-11.5	47.5	-284.6	
-11.5	-28.7	37.7	-338.7	
-4.1	-41.0	40.1	-333.8	
-1.7	-58.3	32.8	-316.6	
-1.7	-55.8	35.2	-296.9	
-4.1	-63.2	30.3	-279.7	
15.5	-73.0	45.1	-260.0	
13.1	-65.6	42.6	-255.1	
13.1	-70.6	42.6	-235.4	
15.5	-65.6	35.2	-215.7	
15.5	-68.1	57.4	-215.7	
20.5	-77.9	45.1	-210.8	
27.8	-75.5	54.9	-203.4	
20.5	-70.6	47.5	-183.7	
18.0	-82.9	57.4	-173.9	
13.1	-60.7	54.9	-161.6	
22.9	-58.3	67.2	-159.1	
18.0	-70.6	69.7	-159.1	
18.0	-77.9	84.4	-146.8	
32.8	-55.8	89.3	-159.1	
27.8	-50.9	91.8	-203.4	
27.8	-36.1	99.2	-232.9	
40.1	-28.7	126.2	-230.5	
32.8	-23.8	136.1	-183.7	
42.6	-33.7	141.0	-223.1	
37.7	-23.8	145.9	-242.8	
32.8	-1.7	145.9	-228.0	
32.8	8.2	145.9	-151.7	
25.4	10.6	143.5	-95.2	
30.3	27.8	150.8	-164.0	
25.4	27.8	138.5	-230.5	
37.7	22.9	128.7	-245.2	
40.1	15.5	116.4	-242.8	
22.9	30.3	106.6	-247.7	
40.1	20.5	101.6	-264.9	
30.3	45.1	99.2	-250.1	
37.7	64.7	86.9	-213.2	
22.9	109.0	77.0	-208.3	
27.8	96.7	67.2	-205.9	
13.1	79.5	57.4	-181.3	
25.4	84.4	45.1	-269.8	
-1.7	111.5	25.4	-287.0	
-1.7	72.1	13.1	-220.6	
8.2	59.8	18.0	-188.6	
8.2	59.8	8.2	-134.5	
8.2	32.8	0.8	-90.2	
13.1	10.6	-4.1	-26.3	
5.7	18.0	-11.5	18.0	
-4.1	0.8	-11.5	40.1	
3.2	15.5	-21.4	40.1	
3.2	30.3	-23.8	5.7	
3.2	32.8	-9.1	25.4	
8.2	25.4	-16.4	52.4	
-1.7	30.3	-18.9	42.6	
10.6	37.7	-16.4	47.5	
10.6	37.7	-14.0	57.4	
18.0	35.2	-1.7	42.6	
20.5	20.5	-11.5	45.1	
25.4	-36.1	-6.6	67.2	
15.5	-68.1	-11.5	74.6	
5.7	-46.0	-4.1	86.9	
18.0	-43.5	-6.6	101.6	
13.1	-26.3	-16.4	126.2	
20.5	-23.8	-1.7	138.5	
25.4	0.8	0.8	150.8	
25.4	-4.1	5.7	170.5	
37.7	-21.4	0.8	173.0	
25.4	-14.0	-6.6	153.3	
27.8	-14.0	-4.1	160.7	
20.5	-14.0	-6.6	173.0	
20.5	-4.1	-18.9	173.0	
18.0	40.1	-21.4	173.0	
15.5	20.5	-18.9	165.6	
20.5	-4.1	-16.4	158.2	
32.8	3.2	-16.4	158.2	
18.0	18.0	-21.4	155.8	
15.5	37.7	-26.3	158.2	
27.8	8.2	-11.5	153.3	
32.8	-21.4	-26.3	141.0	
25.4	-38.6	-28.7	138.5	
30.3	-38.6	-38.6	113.9	
32.8	-48.4	-38.6	113.9	
30.3	-9.1	-26.3	104.1	
25.4	-9.1	-38.6	86.9	
30.3	-36.1	-38.6	69.7	
27.8	-55.8	-41.0	64.7	
27.8	-53.3	-48.4	64.7	
25.4	-36.1	-43.5	47.5	
30.3	-31.2	-58.3	27.8	
32.8	-36.1	-55.8	15.5	
30.3	-26.3	-73.0	13.1	
37.7	-16.4	-70.6	-26.3	
42.6	-9.1	-80.4	-28.7	
22.9	-23.8	-75.5	-48.4	
22.9	-16.4	-70.6	-50.9	
25.4	-31.2	-75.5	-28.7	
22.9	-38.6	-80.4	-46.0	
30.3	-60.7	-80.4	-63.2	
18.0	-85.3	-75.5	-9.1	
5.7	-75.5	-95.2	82.0	
3.2	-68.1	-90.2	74.6	
-21.4	-55.8	-97.6	15.5	
-16.4	-60.7	-87.8	-28.7	
-6.6	-38.6	-90.2	-53.3	
-11.5	-60.7	-73.0	-48.4	
-23.8	-65.6	-65.6	-21.4	
-23.8	-60.7	-68.1	5.7	
-23.8	-68.1	-58.3	5.7	
-33.7	-43.5	-50.9	-1.7	
-28.7	8.2	-48.4	-33.7	
-26.3	0.8	-55.8	-73.0	
-26.3	8.2	-48.4	-75.5	
-26.3	13.1	-48.4	-63.2	
-23.8	-6.6	-55.8	-43.5	
-28.7	8.2	-50.9	-46.0	
-31.2	25.4	-65.6	-68.1	
-23.8	18.0	-70.6	-92.7	
-14.0	0.8	-60.7	-75.5	
-16.4	18.0	-50.9	-68.1	
-23.8	30.3	-63.2	-63.2	
-16.4	37.7	-63.2	-70.6	
-16.4	42.6	-60.7	-92.7	
-14.0	35.2	-55.8	-82.9	
-16.4	27.8	-58.3	-58.3	
-9.1	18.0	-58.3	-53.3	
3.2	45.1	-58.3	-26.3	
0.8	57.4	-50.9	-55.8	
-1.7	59.8	-50.9	-14.0	
15.5	67.2	-46.0	15.5	
18.0	82.0	-31.2	15.5	
18.0	101.6	-31.2	-53.3	
30.3	128.7	-23.8	-119.8	
37.7	143.5	-18.9	-178.8	
27.8	121.3	-4.1	-220.6	
25.4	94.3	30.3	-299.3	
35.2	59.8	91.8	-328.9	
32.8	86.9	143.5	-287.0	
37.7	86.9	91.8	-252.6	
42.6	82.0	57.4	-114.8	
45.1	91.8	32.8	84.4	
45.1	94.3	22.9	195.1	
52.4	64.7	15.5	229.6	
50.0	59.8	0.8	205.0	
59.8	50.0	-6.6	84.4	
62.3	64.7	-1.7	67.2	
50.0	40.1	0.8	94.3	
57.4	27.8	3.2	79.5	
45.1	50.0	5.7	27.8	
67.2	57.4	25.4	10.6	
59.8	54.9	42.6	-21.4	
59.8	45.1	47.5	-68.1	
52.4	57.4	59.8	-77.9	
52.4	54.9	59.8	-92.7	
50.0	67.2	64.7	-112.4	
57.4	82.0	82.0	-141.9	
50.0	69.7	77.0	-156.7	
52.4	64.7	91.8	-164.0	
45.1	89.3	96.7	-191.1	
52.4	111.5	101.6	-193.6	
47.5	116.4	109.0	-181.3	
42.6	111.5	116.4	-191.1	
47.5	123.8	126.2	-220.6	
45.1	123.8	138.5	-232.9	
52.4	148.4	150.8	-223.1	
35.2	145.9	158.2	-230.5	
47.5	138.5	165.6	-247.7	
35.2	160.7	168.1	-218.2	
50.0	153.3	155.8	-228.0	
42.6	133.6	153.3	-242.8	
50.0	118.9	128.7	-235.4	
40.1	86.9	116.4	-218.2	
42.6	77.0	116.4	-228.0	
35.2	69.7	104.1	-269.8	
42.6	50.0	99.2	-336.2	
50.0	40.1	86.9	-346.1	
42.6	15.5	72.1	-338.7	
35.2	-14.0	74.6	-346.1	
40.1	-11.5	74.6	-304.3	
42.6	15.5	52.4	-272.3	
32.8	22.9	47.5	-247.7	
42.6	13.1	52.4	-245.2	
50.0	-14.0	45.1	-260.0	
47.5	-14.0	47.5	-245.2	
40.1	-14.0	54.9	-232.9	
50.0	-9.1	47.5	-225.5	
40.1	0.8	37.7	-230.5	
52.4	-9.1	54.9	-235.4	
54.9	-9.1	52.4	-242.8	
42.6	-23.8	64.7	-250.1	
45.1	-60.7	50.0	-218.2	
52.4	-65.6	72.1	-198.5	
37.7	-73.0	57.4	-171.4	
40.1	-70.6	57.4	-166.5	
40.1	-90.2	59.8	-151.7	
32.8	-87.8	52.4	-122.2	
42.6	-95.2	25.4	-112.4	
40.1	-102.5	13.1	-87.8	
35.2	-127.1	0.8	-80.4	
32.8	-141.9	-16.4	-75.5	
22.9	-119.8	-14.0	-68.1	
25.4	-105.0	-21.4	-48.4	
18.0	-92.7	-6.6	-31.2	
-1.7	-109.9	-1.7	-6.6	
-1.7	-48.4	0.8	-4.1	
-6.6	-43.5	3.2	10.6	
-11.5	18.0	22.9	20.5	
-23.8	57.4	18.0	32.8	
-18.9	84.4	42.6	42.6	
-28.7	101.6	42.6	45.1	
-18.9	123.8	50.0	42.6	
-11.5	94.3	50.0	64.7	
-16.4	118.9	54.9	67.2	
-16.4	145.9	45.1	40.1	
-14.0	136.1	42.6	47.5	
-1.7	133.6	42.6	15.5	
-9.1	121.3	27.8	-23.8	
-6.6	116.4	47.5	-58.3	
-6.6	89.3	35.2	-33.7	
0.8	62.3	30.3	-14.0	
-1.7	59.8	40.1	13.1	
-6.6	111.5	30.3	13.1	
-14.0	113.9	40.1	3.2	
-6.6	111.5	45.1	18.0	
3.2	111.5	40.1	22.9	
-11.5	82.0	50.0	13.1	
-9.1	91.8	67.2	25.4	
-6.6	91.8	52.4	72.1	
-14.0	40.1	67.2	99.2	
-18.9	-21.4	62.3	113.9	
-26.3	-63.2	62.3	128.7	
-23.8	-63.2	59.8	121.3	
-21.4	-60.7	57.4	109.0	
-23.8	-36.1	52.4	89.3	
-31.2	-23.8	45.1	82.0	
-26.3	3.2	32.8	67.2	
-26.3	-6.6	25.4	72.1	
-26.3	-28.7	27.8	94.3	
-18.9	-21.4	22.9	113.9	
-18.9	-21.4	42.6	116.4	
-31.2	-18.9	37.7	150.8	
-21.4	-14.0	30.3	192.7	
-18.9	5.7	37.7	202.5	
-28.7	-4.1	40.1	212.3	
-6.6	-4.1	40.1	207.4	
-1.7	-4.1	47.5	229.6	
-4.1	-6.6	57.4	224.6	
-4.1	-9.1	54.9	202.5	
-1.7	-9.1	62.3	214.8	
-1.7	-16.4	72.1	205.0	
-4.1	8.2	82.0	195.1	
0.8	15.5	79.5	175.4	
-9.1	37.7	84.4	180.4	
-9.1	-11.5	84.4	163.1	
-18.9	-21.4	84.4	175.4	
-18.9	-6.6	74.6	150.8	
-16.4	35.2	77.0	150.8	
-18.9	52.4	82.0	165.6	
-14.0	64.7	72.1	168.1	
-11.5	50.0	74.6	187.7	
-1.7	35.2	72.1	195.1	
8.2	35.2	52.4	209.9	
-4.1	42.6	50.0	234.5	
0.8	82.0	62.3	239.4	
-1.7	84.4	50.0	244.3	
0.8	67.2	42.6	261.5	
0.8	57.4	32.8	259.1	
5.7	47.5	20.5	227.1	
3.2	64.7	13.1	197.6	
-1.7	32.8	-6.6	190.2	
-4.1	20.5	-18.9	224.6	
-4.1	30.3	-18.9	241.9	
0.8	25.4	-26.3	219.7	
5.7	-1.7	-21.4	219.7	
3.2	5.7	-31.2	182.8	
5.7	22.9	-50.9	175.4	
10.6	18.0	-28.7	141.0	
3.2	5.7	-36.1	170.5	
10.6	-6.6	-31.2	187.7	
8.2	-23.8	-43.5	214.8	
18.0	-4.1	-38.6	192.7	
13.1	40.1	-43.5	163.1	
18.0	57.4	-53.3	136.1	
8.2	50.0	-68.1	94.3	
5.7	32.8	-50.9	57.4	
-1.7	22.9	-55.8	59.8	
8.2	35.2	-55.8	52.4	
-4.1	42.6	-36.1	35.2	
3.2	52.4	-9.1	3.2	
0.8	69.7	20.5	-23.8	
-9.1	42.6	47.5	-28.7	
-9.1	47.5	79.5	13.1	
-14.0	27.8	133.6	37.7	
-11.5	27.8	187.7	32.8	
-4.1	15.5	244.3	45.1	
-4.1	5.7	293.5	20.5	
-16.4	5.7	342.7	15.5	
-21.4	-6.6	387.0	13.1	
-14.0	27.8	438.7	-1.7	
-23.8	35.2	480.5	-18.9	
-23.8	13.1	505.1	-23.8	
-11.5	45.1	517.4	-21.4	
-9.1	62.3	514.9	-38.6	
-11.5	42.6	500.2	-53.3	
-9.1	42.6	497.7	-48.4	
-6.6	62.3	490.3	-50.9	
-16.4	52.4	495.2	-58.3	
-11.5	54.9	524.8	-60.7	
-6.6	45.1	532.1	-38.6	
-18.9	59.8	610.9	-6.6	
-11.5	67.2	692.0	8.2	
-11.5	67.2	741.2	-11.5	
-21.4	79.5	738.8	-6.6	
-14.0	91.8	815.0	37.7	
-28.7	96.7	913.4	89.3	
-33.7	126.2	979.9	118.9	
-26.3	99.2	1011.8	136.1	
-18.9	94.3	982.3	143.5	
-33.7	116.4	883.9	131.2	
-28.7	109.0	898.7	123.8	
-33.7	104.1	866.7	77.0	
-46.0	170.5	733.9	59.8	
-26.3	173.0	549.4	64.7	
-26.3	136.1	436.2	86.9	
-31.2	111.5	357.5	123.8	
-28.7	113.9	313.2	141.0	
-18.9	123.8	209.9	163.1	
-21.4	109.0	109.0	150.8	
-23.8	72.1	-80.4	133.6	
-21.4	59.8	-188.6	170.5	
-23.8	59.8	-215.7	202.5	
-23.8	47.5	-228.0	200.0	
-43.5	40.1	-257.5	192.7	
-43.5	69.7	-292.0	200.0	
-48.4	77.0	-351.0	185.3	
-60.7	64.7	-410.0	187.7	
-55.8	69.7	-481.4	197.6	
-48.4	77.0	-567.5	209.9	
-65.6	54.9	-629.0	200.0	
-50.9	40.1	-678.2	222.2	
-55.8	89.3	-727.4	244.3	
-63.2	131.2	-766.7	256.6	
-80.4	141.0	-776.6	264.0	
-63.2	150.8	-786.4	281.2	
-63.2	136.1	-781.5	293.5	
-70.6	128.7	-774.1	313.2	
-77.9	121.3	-754.4	337.8	
-82.9	59.8	-724.9	347.6	
-70.6	3.2	-678.2	377.2	
-77.9	-31.2	-641.3	384.5	
-73.0	-18.9	-574.9	384.5	
-80.4	-36.1	-528.1	377.2	
-95.2	20.5	-464.2	374.7	
-85.3	30.3	-378.1	394.4	
-80.4	27.8	-309.2	421.4	
-82.9	8.2	-232.9	406.7	
-92.7	25.4	-159.1	399.3	
-82.9	37.7	-73.0	379.6	
-75.5	59.8	-11.5	416.5	
-63.2	79.5	32.8	396.8	
-68.1	74.6	52.4	404.2	
-68.1	59.8	91.8	409.1	
-70.6	47.5	101.6	438.7	
-63.2	54.9	84.4	436.2	
-53.3	69.7	54.9	438.7	
-55.8	69.7	-6.6	443.6	
-50.9	54.9	-92.7	428.8	
-41.0	-4.1	-164.0	399.3	
-33.7	-58.3	-230.5	384.5	
-28.7	-43.5	-304.3	350.1	
-28.7	-60.7	-346.1	350.1	
-33.7	-87.8	-390.4	335.3	
-38.6	-107.5	-427.3	330.4	
-33.7	-109.9	-483.8	303.4	
-16.4	-109.9	-506.0	276.3	
-18.9	-41.0	-508.4	283.7	
-18.9	32.8	-518.3	305.8	
-6.6	45.1	-493.7	249.2	
5.7	54.9	-503.5	234.5	
15.5	32.8	-557.6	217.3	
32.8	27.8	-552.7	207.4	
35.2	27.8	-584.7	190.2	
40.1	50.0	-629.0	195.1	
52.4	96.7	-663.4	177.9	
67.2	118.9	-717.5	158.2	
62.3	109.0	-734.8	136.1	
77.0	89.3	-739.7	126.2	
91.8	113.9	-720.0	74.6	
106.6	126.2	-722.5	32.8	
94.3	131.2	-729.8	3.2	
101.6	168.1	-717.5	-85.3	
101.6	145.9	-720.0	-68.1	
113.9	180.4	-697.9	-46.0	
121.3	244.3	-695.4	-77.9	
123.8	246.8	-680.6	-134.5	
121.3	293.5	-648.7	-117.3	
145.9	352.6	-629.0	-146.8	
180.4	423.9	-594.5	-193.6	
177.9	436.2	-557.6	-205.9	
180.4	421.4	-525.7	-279.7	
202.5	423.9	-464.2	-292.0	
209.9	404.2	-410.0	-319.0	
200.0	352.6	-353.5	-333.8	
202.5	298.4	-321.5	-375.6	
197.6	259.1	-272.3	-471.5	
160.7	197.6	-245.2	-550.3	
143.5	111.5	-213.2	-523.2	
128.7	-4.1	-223.1	-515.8	
123.8	-122.2	-196.0	-508.4	
111.5	-255.1	-218.2	-451.9	
104.1	-365.8	-196.0	-412.5	
94.3	-464.2	-181.3	-383.0	
79.5	-557.6	-181.3	-333.8	
84.4	-641.3	-178.8	-314.1	
84.4	-717.5	-169.0	-336.2	
86.9	-788.9	-171.4	-365.8	
84.4	-843.0	-164.0	-397.7	
79.5	-875.0	-139.4	-407.6	
89.3	-882.4	-117.3	-400.2	
77.0	-867.6	-80.4	-378.1	
74.6	-843.0	-50.9	-368.2	
77.0	-811.0	-9.1	-304.3	
64.7	-722.5	10.6	-247.7	
82.0	-643.7	79.5	-203.4	
72.1	-560.1	111.5	-141.9	
72.1	-474.0	136.1	-122.2	
74.6	-407.6	170.5	-112.4	
62.3	-333.8	195.1	-186.2	
64.7	-279.7	222.2	-171.4	
82.0	-240.3	251.7	-129.6	
82.0	-188.6	276.3	-149.3	
96.7	-159.1	315.7	-232.9	
79.5	-119.8	367.3	-252.6	
94.3	-90.2	438.7	-255.1	
101.6	-75.5	495.2	-262.4	
104.1	-55.8	554.3	-262.4	
94.3	-43.5	623.2	-260.0	
89.3	-21.4	667.4	-247.7	
91.8	-11.5	706.8	-205.9	
79.5	-4.1	748.6	-151.7	
84.4	-6.6	810.1	-80.4	
79.5	-4.1	837.2	-11.5	
79.5	-14.0	856.9	3.2	
89.3	-26.3	864.2	64.7	
82.0	-41.0	851.9	113.9	
77.0	-43.5	805.2	133.6	
84.4	-92.7	760.9	158.2	
86.9	-109.9	706.8	131.2	
89.3	-156.7	630.5	165.6	
82.0	-173.9	544.4	173.0	
89.3	-186.2	465.7	145.9	
96.7	-193.6	382.1	113.9	
99.2	-188.6	278.8	91.8	
96.7	-166.5	202.5	94.3	
91.8	-139.4	126.2	126.2	
104.1	-137.0	59.8	143.5	
101.6	-124.7	-11.5	168.1	
116.4	-124.7	-75.5	158.2	
113.9	-100.1	-132.1	168.1	
111.5	-68.1	-149.3	148.4	
106.6	-31.2	-176.3	106.6	
116.4	-31.2	-176.3	84.4	
121.3	-6.6	-169.0	30.3	
121.3	27.8	-151.7	-14.0	
121.3	72.1	-119.8	-43.5	
138.5	101.6	-80.4	-97.6	
133.6	123.8	-70.6	-122.2	
123.8	145.9	-14.0	-141.9	
141.0	153.3	72.1	-159.1	
136.1	165.6	173.0	-134.5	
126.2	168.1	234.5	-100.1	
126.2	145.9	278.8	-63.2	
123.8	138.5	350.1	-11.5	
128.7	131.2	409.1	32.8	
121.3	116.4	443.6	69.7	
123.8	104.1	478.0	113.9	
109.0	91.8	519.8	153.3	
104.1	99.2	534.6	236.9	
118.9	99.2	569.0	268.9	
91.8	131.2	564.1	293.5	
106.6	131.2	593.6	305.8	
104.1	180.4	613.3	335.3	
99.2	212.3	630.5	372.2	
96.7	244.3	642.8	396.8	
82.0	256.6	628.1	419.0	
86.9	296.0	610.9	441.1	
82.0	276.3	571.5	438.7	
86.9	224.6	549.4	379.6	
72.1	165.6	522.3	337.8	
74.6	96.7	522.3	293.5	
72.1	177.9	500.2	232.0	
59.8	281.2	500.2	121.3	
57.4	374.7	505.1	50.0	
45.1	514.9	490.3	-4.1	
37.7	625.6	490.3	-80.4	
32.8	689.6	475.6	-171.4	
30.3	751.1	485.4	-230.5	
8.2	783.1	455.9	-264.9	
13.1	807.7	428.8	-341.2	
10.6	827.3	389.5	-363.3	
-6.6	832.3	357.5	-392.8	
-9.1	869.2	330.4	-415.0	
-16.4	876.5	315.7	-422.3	
-36.1	915.9	254.2	-412.5	
-38.6	945.4	222.2	-397.7	
-38.6	965.1	187.7	-392.8	
-33.7	987.2	150.8	-378.1	
-48.4	989.7	121.3	-365.8	
-41.0	997.1	86.9	-348.5	
-53.3	994.6	54.9	-328.9	
-50.9	1009.4	20.5	-306.7	
-65.6	1034.0	-16.4	-301.8	
-63.2	1058.6	-58.3	-277.2	
-77.9	1122.5	-90.2	-279.7	
-87.8	1166.8	-141.9	-247.7	
-97.6	1208.6	-173.9	-200.9	
-97.6	1218.5	-203.4	-169.0	
-112.4	1213.6	-240.3	-109.9	
-129.6	1164.4	-296.9	-80.4	
-129.6	1100.4	-331.3	-33.7	
-134.5	997.1	-358.4	-18.9	
-149.3	896.2	-395.3	22.9	
-149.3	765.8	-429.7	86.9	
-141.9	618.2	-446.9	123.8	
-151.7	453.4	-483.8	138.5	
-156.7	288.6	-515.8	158.2	
-139.4	133.6	-547.8	170.5	
-134.5	-9.1	-577.3	197.6	
-132.1	-129.6	-609.3	175.4	
-122.2	-242.8	-629.0	148.4	
-109.9	-343.6	-658.5	145.9	
-97.6	-427.3	-688.0	148.4	
-95.2	-503.5	-688.0	128.7	
-77.9	-569.9	-702.8	91.8	
-77.9	-631.4	-683.1	82.0	
-65.6	-668.3	-665.9	57.4	
-48.4	-702.8	-658.5	30.3	
-46.0	-717.5	-629.0	64.7	
-38.6	-739.7	-567.5	54.9	
-48.4	-737.2	-515.8	62.3	
-31.2	-717.5	-486.3	54.9	
-36.1	-720.0	-410.0	13.1	
-41.0	-717.5	-338.7	-33.7	
-26.3	-707.7	-289.5	-31.2	
-16.4	-697.9	-235.4	15.5	
-9.1	-653.6	-191.1	13.1	
-16.4	-629.0	-122.2	52.4	
0.8	-587.2	-77.9	77.0	
-16.4	-555.2	-18.9	91.8	
-11.5	-501.1	32.8	91.8	
-14.0	-469.1	54.9	86.9	
-18.9	-446.9	79.5	62.3	
-9.1	-424.8	86.9	104.1	
-18.9	-390.4	104.1	106.6	
-38.6	-385.4	91.8	84.4	
-38.6	-358.4	86.9	77.0	
-53.3	-328.9	77.0	121.3	
-55.8	-323.9	69.7	180.4	
-50.9	-316.6	45.1	185.3	
-50.9	-336.2	27.8	153.3	
-50.9	-296.9	3.2	106.6	
-55.8	-284.6	-28.7	109.0	
-50.9	-269.8	-53.3	138.5	
-53.3	-264.9	-85.3	133.6	
-48.4	-257.5	-92.7	79.5	
-46.0	-250.1	-95.2	69.7	
-50.9	-230.5	-97.6	84.4	
-73.0	-225.5	-107.5	62.3	
-70.6	-205.9	-117.3	59.8	
-80.4	-183.7	-100.1	84.4	
-70.6	-169.0	-80.4	77.0	
-73.0	-173.9	-46.0	45.1	
-92.7	-132.1	-21.4	15.5	
-85.3	-114.8	15.5	15.5	
-87.8	-95.2	57.4	13.1	
-102.5	-75.5	104.1	-70.6	
-112.4	-68.1	168.1	-60.7	
-102.5	-95.2	219.7	-33.7	
-100.1	-92.7	283.7	-41.0	
-97.6	-77.9	332.9	-70.6	
-85.3	-41.0	384.5	-60.7	
-80.4	-4.1	441.1	-50.9	
-70.6	25.4	485.4	-11.5	
-73.0	15.5	514.9	5.7	
-80.4	-9.1	522.3	-21.4	
-68.1	-16.4	500.2	-58.3	
-73.0	18.0	497.7	-63.2	
-82.9	47.5	473.1	-48.4	
-87.8	40.1	438.7	-48.4	
-73.0	47.5	409.1	-28.7	
-68.1	57.4	399.3	-48.4	
-63.2	59.8	362.4	-85.3	
-70.6	59.8	347.6	-48.4	
-70.6	54.9	342.7	-28.7	
-63.2	67.2	335.3	-14.0	
-53.3	82.0	318.1	-18.9	
-55.8	74.6	296.0	-16.4	
-41.0	91.8	291.1	-9.1	
-48.4	89.3	276.3	-4.1	
-28.7	104.1	251.7	3.2	
-21.4	109.0	222.2	10.6	
-11.5	113.9	205.0	22.9	
-6.6	109.0	182.8	25.4	
-1.7	121.3	168.1	42.6	
10.6	131.2	145.9	35.2	
13.1	131.2	136.1	13.1	
30.3	123.8	121.3	25.4	
30.3	121.3	99.2	35.2	
18.0	109.0	111.5	37.7	
27.8	116.4	109.0	57.4	
32.8	106.6	106.6	69.7	
27.8	113.9	94.3	69.7	
35.2	109.0	99.2	77.0	
18.0	96.7	94.3	77.0	
27.8	89.3	91.8	86.9	
22.9	86.9	79.5	99.2	
27.8	94.3	64.7	84.4	
25.4	77.0	62.3	89.3	
22.9	91.8	57.4	99.2	
18.0	74.6	42.6	79.5	
13.1	86.9	30.3	74.6	
5.7	86.9	18.0	59.8	
-4.1	94.3	3.2	32.8	
-14.0	94.3	-11.5	27.8	
-18.9	89.3	-21.4	50.0	
-14.0	77.0	-33.7	25.4	
-21.4	86.9	-36.1	-9.1	
-26.3	77.0	-23.8	-41.0	
-14.0	72.1	-16.4	-43.5	
0.8	69.7	-9.1	-60.7	
13.1	72.1	-26.3	-55.8	
5.7	62.3	-11.5	-38.6	
3.2	67.2	-4.1	-28.7	
-9.1	52.4	-1.7	-65.6	
-9.1	62.3	-11.5	-63.2	
-11.5	57.4	0.8	-63.2	
-21.4	52.4	-9.1	-48.4	
-4.1	45.1	-1.7	-26.3	
-1.7	42.6	10.6	-28.7	
20.5	42.6	18.0	-31.2	
35.2	52.4	5.7	-28.7	
30.3	45.1	18.0	-21.4	
27.8	42.6	35.2	-21.4	
30.3	18.0	47.5	-18.9	
27.8	13.1	64.7	-28.7	
27.8	-4.1	91.8	-14.0	
20.5	-21.4	94.3	-23.8	
20.5	-6.6	84.4	-33.7	
22.9	-18.9	101.6	-21.4	
30.3	-28.7	106.6	15.5	
25.4	-38.6	106.6	25.4	
15.5	-26.3	113.9	15.5	
15.5	-23.8	104.1	47.5	
13.1	-36.1	116.4	35.2	
30.3	-36.1	104.1	13.1	
25.4	-33.7	104.1	40.1	
20.5	-43.5	94.3	0.8	
27.8	-65.6	96.7	8.2	
32.8	-63.2	99.2	47.5	
8.2	-55.8	109.0	54.9	
-1.7	-55.8	99.2	18.0	
-11.5	-60.7	101.6	32.8	
-11.5	-70.6	94.3	40.1	
-26.3	-75.5	94.3	25.4	
-28.7	-92.7	94.3	5.7	
-33.7	-82.9	109.0	5.7	
-11.5	-75.5	91.8	18.0	
-21.4	-90.2	64.7	3.2	
-28.7	-95.2	67.2	-9.1	
-31.2	-105.0	52.4	-16.4	
-33.7	-100.1	25.4	-18.9	
-31.2	-102.5	18.0	-28.7	
-23.8	-97.6	-23.8	-38.6	
-28.7	-109.9	-46.0	-60.7	
-16.4	-127.1	-60.7	-75.5	
-21.4	-124.7	-73.0	-63.2	
-14.0	-117.3	-92.7	-36.1	
-14.0	-122.2	-102.5	-50.9	
-18.9	-105.0	-122.2	-58.3	
-31.2	-124.7	-134.5	-55.8	
-41.0	-117.3	-146.8	-43.5	
-38.6	-114.8	-141.9	-43.5	
-31.2	-105.0	-132.1	-50.9	
-46.0	-114.8	-117.3	-31.2	
-43.5	-107.5	-95.2	-58.3	
-33.7	-109.9	-73.0	-55.8	
-41.0	-109.9	-75.5	-75.5	
-43.5	-107.5	-50.9	-92.7	
-50.9	-114.8	-48.4	-90.2	
-48.4	-112.4	-48.4	-114.8	
-41.0	-112.4	-53.3	-114.8	
-33.7	-102.5	-73.0	-90.2	
-26.3	-109.9	-90.2	-75.5	
-28.7	-114.8	-119.8	-70.6	
-31.2	-114.8	-141.9	-60.7	
-33.7	-107.5	-198.5	-50.9	
-36.1	-117.3	-215.7	-33.7	
-31.2	-122.2	-262.4	-31.2	
-14.0	-124.7	-284.6	-36.1	
-9.1	-124.7	-289.5	-28.7	
-9.1	-114.8	-311.6	-33.7	
-1.7	-100.1	-319.0	-55.8	
-4.1	-100.1	-296.9	-38.6	
-9.1	-112.4	-289.5	-48.4	
-11.5	-132.1	-282.1	-50.9	
0.8	-137.0	-274.7	-50.9	
-14.0	-134.5	-257.5	-41.0	
3.2	-132.1	-245.2	-90.2	
18.0	-117.3	-235.4	-60.7	
20.5	-95.2	-232.9	-48.4	
35.2	-107.5	-223.1	-18.9	
25.4	-85.3	-205.9	-9.1	
40.1	-75.5	-193.6	-18.9	
35.2	-90.2	-181.3	-38.6	
50.0	-85.3	-149.3	-6.6	
35.2	-85.3	-137.0	-1.7	
40.1	-73.0	-127.1	-11.5	
30.3	-68.1	-112.4	3.2	
20.5	-53.3	-82.9	8.2	
37.7	-60.7	-63.2	5.7	
35.2	-68.1	-43.5	8.2	
50.0	-53.3	-33.7	18.0	
45.1	-43.5	-23.8	18.0	
59.8	-60.7	3.2	15.5	
67.2	-68.1	8.2	27.8	
67.2	-70.6	13.1	42.6	
64.7	-65.6	37.7	20.5	
59.8	-63.2	30.3	15.5	
64.7	-41.0	32.8	13.1	
64.7	-65.6	25.4	13.1	
72.1	-53.3	18.0	30.3	
62.3	-50.9	18.0	8.2	
52.4	-48.4	10.6	15.5	
69.7	-46.0	-1.7	5.7	
72.1	-48.4	3.2	0.8	
59.8	-65.6	8.2	8.2	
79.5	-65.6	-4.1	20.5	
72.1	-73.0	13.1	22.9	
62.3	-68.1	8.2	32.8	
69.7	-33.7	13.1	45.1	
69.7	-28.7	25.4	64.7	
74.6	-36.1	22.9	62.3	
79.5	-33.7	27.8	67.2	
77.0	-43.5	25.4	54.9	
79.5	-11.5	18.0	57.4	
86.9	-28.7	-6.6	77.0	
82.0	-11.5	-26.3	74.6	
86.9	-21.4	-28.7	72.1	
79.5	-23.8	-23.8	79.5	
72.1	-16.4	-18.9	99.2	
69.7	-31.2	-28.7	94.3	
67.2	-26.3	-16.4	72.1	
74.6	-36.1	-14.0	77.0	
69.7	-33.7	-28.7	45.1	
74.6	-33.7	-23.8	69.7	
79.5	-36.1	-23.8	72.1	
91.8	-55.8	-33.7	67.2	
77.0	-60.7	-38.6	72.1	
82.0	-58.3	-53.3	79.5	
79.5	-41.0	-60.7	84.4	
89.3	-43.5	-60.7	54.9	
86.9	-28.7	-75.5	72.1	
82.0	-4.1	-80.4	91.8	
84.4	15.5	-92.7	89.3	
79.5	30.3	-105.0	64.7	
79.5	40.1	-127.1	18.0	
62.3	57.4	-117.3	8.2	
72.1	54.9	-139.4	0.8	
62.3	59.8	-146.8	-14.0	
64.7	64.7	-141.9	45.1	
64.7	72.1	-154.2	32.8	
67.2	82.0	-161.6	22.9	
52.4	96.7	-166.5	25.4	
54.9	118.9	-176.3	10.6	
64.7	123.8	-154.2	0.8	
72.1	126.2	-149.3	-4.1	
64.7	116.4	-139.4	-18.9	
57.4	104.1	-127.1	-43.5	
50.0	121.3	-124.7	-28.7	
54.9	113.9	-105.0	-23.8	
50.0	118.9	-85.3	-36.1	
47.5	126.2	-80.4	-55.8	
47.5	133.6	-68.1	-36.1	
40.1	145.9	-63.2	-14.0	
45.1	138.5	-50.9	-23.8	
42.6	150.8	-41.0	-9.1	
45.1	148.4	-16.4	-6.6	
47.5	143.5	0.8	0.8	
40.1	148.4	-1.7	-4.1	
37.7	150.8	18.0	5.7	
30.3	163.1	52.4	0.8	
35.2	158.2	54.9	20.5	
35.2	153.3	59.8	18.0	
22.9	150.8	72.1	13.1	
20.5	138.5	84.4	10.6	
32.8	153.3	89.3	25.4	
22.9	138.5	101.6	10.6	
27.8	136.1	106.6	13.1	
40.1	136.1	91.8	15.5	
40.1	128.7	106.6	27.8	
35.2	123.8	106.6	13.1	
45.1	116.4	96.7	18.0	
52.4	113.9	106.6	18.0	
42.6	109.0	111.5	42.6	
32.8	106.6	111.5	42.6	
27.8	77.0	109.0	15.5	
8.2	62.3	118.9	0.8	
0.8	47.5	109.0	-11.5	
-1.7	50.0	118.9	20.5	
-1.7	42.6	123.8	3.2	
-11.5	50.0	136.1	-9.1	
-18.9	69.7	138.5	-18.9	
-11.5	64.7	131.2	-50.9	
-31.2	62.3	141.0	-33.7	
-14.0	74.6	138.5	-36.1	
-18.9	37.7	150.8	-23.8	
-9.1	42.6	145.9	-16.4	
0.8	54.9	158.2	-21.4	
-11.5	54.9	148.4	-31.2	
-18.9	30.3	153.3	-28.7	
-21.4	40.1	150.8	-18.9	
-21.4	59.8	145.9	-4.1	
-18.9	42.6	145.9	-1.7	
-1.7	40.1	145.9	-6.6	
13.1	37.7	136.1	-43.5	
15.5	35.2	138.5	-1.7	
8.2	40.1	128.7	8.2	
0.8	25.4	128.7	15.5	
15.5	40.1	131.2	-1.7	
18.0	45.1	121.3	-63.2	
8.2	52.4	131.2	-21.4	
13.1	35.2	126.2	25.4	
20.5	30.3	118.9	35.2	
22.9	69.7	131.2	27.8	
5.7	62.3	131.2	15.5	
-1.7	67.2	128.7	25.4	
8.2	57.4	143.5	22.9	
13.1	37.7	131.2	22.9	
22.9	45.1	143.5	15.5	
5.7	57.4	143.5	-6.6	
15.5	59.8	148.4	5.7	
20.5	69.7	133.6	0.8	
22.9	69.7	123.8	-16.4	
10.6	52.4	121.3	8.2	
0.8	50.0	111.5	27.8	
-4.1	84.4	121.3	27.8	
0.8	84.4	106.6	54.9	
0.8	89.3	106.6	109.0	
0.8	86.9	99.2	96.7	
-1.7	64.7	86.9	69.7	
5.7	45.1	79.5	40.1	
-1.7	69.7	89.3	42.6	
-1.7	74.6	84.4	47.5	
5.7	86.9	74.6	50.0	
10.6	69.7	82.0	50.0	
0.8	62.3	57.4	52.4	
20.5	72.1	72.1	59.8	
42.6	91.8	69.7	84.4	
52.4	106.6	64.7	32.8	
40.1	106.6	64.7	37.7	
40.1	111.5	57.4	45.1	
25.4	86.9	47.5	22.9	
30.3	79.5	54.9	25.4	
27.8	69.7	54.9	54.9	
22.9	77.0	57.4	62.3	
3.2	91.8	47.5	52.4	
-1.7	106.6	40.1	42.6	
-4.1	126.2	45.1	40.1	
0.8	111.5	42.6	10.6	
-9.1	109.0	42.6	20.5	
-6.6	82.0	45.1	15.5	
0.8	45.1	45.1	-21.4	
0.8	30.3	40.1	30.3	
0.8	35.2	45.1	22.9	
8.2	42.6	32.8	35.2	
15.5	22.9	40.1	20.5	
27.8	22.9	30.3	-6.6	
37.7	20.5	25.4	0.8	
37.7	13.1	22.9	0.8	
37.7	13.1	27.8	13.1	
45.1	57.4	20.5	10.6	
62.3	52.4	25.4	3.2	
45.1	42.6	30.3	10.6	
32.8	30.3	20.5	13.1	
74.6	35.2	18.0	15.5	
67.2	42.6	22.9	22.9	
47.5	27.8	25.4	-4.1	
74.6	18.0	25.4	-16.4	
67.2	37.7	25.4	-23.8	
69.7	42.6	30.3	-18.9	
77.0	20.5	30.3	-11.5	
52.4	18.0	25.4	5.7	
54.9	32.8	20.5	8.2	
42.6	37.7	25.4	8.2	
57.4	25.4	37.7	-9.1	
52.4	20.5	22.9	3.2	
50.0	37.7	25.4	-16.4	
64.7	30.3	13.1	-21.4	
45.1	42.6	13.1	-9.1	
57.4	30.3	22.9	-6.6	
52.4	27.8	27.8	18.0	
57.4	-4.1	30.3	18.0	
54.9	8.2	20.5	0.8	
54.9	20.5	30.3	-1.7	
47.5	8.2	25.4	-14.0	
50.0	-4.1	22.9	-16.4	
42.6	18.0	27.8	-14.0	
42.6	20.5	40.1	-16.4	
37.7	18.0	40.1	-16.4	
45.1	10.6	25.4	-14.0	
45.1	10.6	18.0	-6.6	
57.4	25.4	40.1	8.2	
64.7	15.5	32.8	-16.4	
74.6	13.1	40.1	-28.7	
64.7	20.5	27.8	-31.2	
64.7	15.5	27.8	-28.7	
52.4	3.2	50.0	-33.7	
52.4	5.7	45.1	-31.2	
50.0	-18.9	52.4	-18.9	
52.4	-11.5	50.0	-16.4	
27.8	0.8	47.5	-6.6	
8.2	-18.9	45.1	-26.3	
22.9	-43.5	67.2	-23.8	
13.1	-21.4	57.4	-9.1	
5.7	8.2	69.7	-21.4	
-6.6	-33.7	74.6	-28.7	
-16.4	-9.1	74.6	-36.1	
-16.4	8.2	79.5	-31.2	
-18.9	30.3	74.6	-26.3	
-28.7	22.9	89.3	-14.0	
-31.2	32.8	84.4	-11.5	
-28.7	42.6	89.3	-23.8	
-31.2	50.0	86.9	-33.7	
-21.4	35.2	91.8	-23.8	
-26.3	25.4	94.3	-26.3	
-28.7	20.5	84.4	-41.0	
-11.5	22.9	89.3	-38.6	
-18.9	18.0	94.3	-48.4	
-14.0	8.2	89.3	-33.7	
-11.5	-28.7	82.0	-28.7	
0.8	0.8	79.5	-28.7	
-9.1	22.9	94.3	-28.7	
-6.6	22.9	86.9	-41.0	
-9.1	10.6	91.8	-28.7	
5.7	5.7	94.3	-41.0	
-11.5	5.7	89.3	-18.9	
-16.4	-4.1	82.0	-53.3	
-6.6	5.7	89.3	-65.6	
-14.0	20.5	89.3	-38.6	
3.2	27.8	94.3	-41.0	
-4.1	15.5	72.1	-18.9	
-4.1	-4.1	74.6	0.8	
3.2	8.2	77.0	10.6	
-9.1	3.2	86.9	32.8	
-9.1	5.7	86.9	-1.7	
8.2	30.3	89.3	-16.4	
18.0	32.8	89.3	-26.3	
20.5	45.1	79.5	-16.4	
13.1	37.7	74.6	-31.2	
18.0	45.1	77.0	-1.7	
15.5	57.4	67.2	-6.6	
22.9	74.6	72.1	15.5	
15.5	72.1	67.2	20.5	
18.0	74.6	59.8	-1.7	
22.9	79.5	50.0	-11.5	
18.0	74.6	40.1	-9.1	
32.8	69.7	32.8	-26.3	
18.0	50.0	18.0	-26.3	
22.9	25.4	-9.1	3.2	
13.1	47.5	-14.0	3.2	
15.5	54.9	-31.2	10.6	
15.5	37.7	-50.9	8.2	
-4.1	32.8	-48.4	-1.7	
3.2	15.5	-65.6	10.6	
-14.0	27.8	-73.0	-16.4	
3.2	50.0	-77.9	-9.1	
0.8	74.6	-87.8	13.1	
13.1	77.0	-87.8	3.2	
10.6	37.7	-90.2	27.8	
15.5	18.0	-102.5	-1.7	
5.7	45.1	-97.6	-14.0	
-1.7	64.7	-102.5	18.0	
-1.7	67.2	-105.0	15.5	
0.8	30.3	-102.5	13.1	
5.7	52.4	-100.1	13.1	
-1.7	59.8	-97.6	5.7	
0.8	50.0	-95.2	20.5	
5.7	62.3	-95.2	27.8	
0.8	64.7	-90.2	32.8	
3.2	74.6	-80.4	10.6	
0.8	45.1	-82.9	8.2	
3.2	47.5	-73.0	13.1	
-4.1	69.7	-85.3	-4.1	
0.8	37.7	-70.6	0.8	
0.8	30.3	-73.0	30.3	
0.8	45.1	-68.1	47.5	
-6.6	37.7	-50.9	0.8	
5.7	57.4	-60.7	13.1	
-4.1	79.5	-50.9	32.8	
8.2	50.0	-43.5	18.0	
0.8	42.6	-38.6	0.8	
3.2	40.1	-46.0	-9.1	
-4.1	47.5	-46.0	18.0	
-9.1	67.2	-38.6	30.3	
-16.4	77.0	-33.7	22.9	
-4.1	57.4	-23.8	15.5	
-9.1	62.3	-36.1	3.2	
-11.5	67.2	-26.3	-21.4	
-9.1	74.6	-36.1	-16.4	
-6.6	77.0	-23.8	-16.4	
-6.6	64.7	-23.8	-26.3	
-1.7	52.4	-36.1	-26.3	
3.2	54.9	-18.9	-38.6	
-1.7	64.7	-18.9	-48.4	
3.2	74.6	-21.4	-36.1	
8.2	59.8	-18.9	-21.4	
15.5	84.4	-18.9	-9.1	
18.0	91.8	-11.5	-1.7	
25.4	86.9	-6.6	-23.8	
25.4	96.7	-16.4	-16.4	
18.0	101.6	-18.9	-11.5	
27.8	106.6	-4.1	5.7	
18.0	86.9	-4.1	-6.6	
13.1	72.1	3.2	-16.4	
35.2	47.5	13.1	-16.4	
18.0	42.6	25.4	-18.9	
20.5	37.7	10.6	-14.0	
25.4	35.2	30.3	-9.1	
27.8	64.7	32.8	-14.0	
22.9	84.4	45.1	-6.6	
25.4	91.8	52.4	5.7	
32.8	77.0	57.4	-14.0	
32.8	72.1	50.0	-4.1	
32.8	50.0	59.8	8.2	
37.7	40.1	52.4	-14.0	
27.8	69.7	62.3	-1.7	
37.7	82.0	62.3	3.2	
22.9	45.1	62.3	0.8	
27.8	8.2	45.1	18.0	
35.2	-4.1	62.3	0.8	
27.8	30.3	42.6	-14.0	
30.3	57.4	47.5	-14.0	
25.4	47.5	35.2	-11.5	
37.7	32.8	35.2	5.7	
42.6	30.3	27.8	18.0	
37.7	25.4	25.4	42.6	
35.2	25.4	25.4	35.2	
22.9	30.3	22.9	37.7	
35.2	42.6	10.6	25.4	
27.8	35.2	13.1	18.0	
20.5	37.7	20.5	5.7	
15.5	42.6	18.0	-11.5	
20.5	37.7	27.8	5.7	
35.2	32.8	20.5	5.7	
37.7	67.2	15.5	18.0	
47.5	69.7	8.2	25.4	
45.1	84.4	0.8	25.4	
40.1	84.4	5.7	32.8	
57.4	79.5	15.5	0.8	
62.3	84.4	0.8	0.8	
52.4	104.1	-6.6	27.8	
67.2	96.7	0.8	42.6	
59.8	82.0	3.2	40.1	
64.7	62.3	3.2	20.5	
62.3	35.2	-1.7	32.8	
