sensor1	sensor2	sensor3	sensor4	
8.2	42.6	5.7	5.7	
8.2	37.7	5.7	-4.1	
8.2	32.8	-1.7	10.6	
8.2	30.3	-9.1	-9.1	
8.2	20.5	-11.5	0.8	
5.7	25.4	-11.5	10.6	
0.8	30.3	-1.7	13.1	
15.5	37.7	25.4	10.6	
13.1	42.6	25.4	-4.1	
22.9	40.1	35.2	-4.1	
22.9	37.7	22.9	0.8	
27.8	42.6	-11.5	18.0	
22.9	20.5	-9.1	32.8	
20.5	15.5	-11.5	18.0	
15.5	22.9	3.2	15.5	
20.5	50.0	15.5	5.7	
22.9	84.4	10.6	3.2	
25.4	57.4	3.2	-6.6	
27.8	32.8	0.8	0.8	
22.9	35.2	5.7	5.7	
10.6	27.8	0.8	3.2	
-1.7	32.8	8.2	-6.6	
-9.1	8.2	13.1	-18.9	
-6.6	-26.3	25.4	5.7	
5.7	-11.5	8.2	-1.7	
18.0	-23.8	-1.7	18.0	
13.1	8.2	0.8	27.8	
25.4	18.0	5.7	25.4	
15.5	30.3	-11.5	-4.1	
18.0	67.2	5.7	-14.0	
5.7	40.1	0.8	0.8	
13.1	32.8	-1.7	18.0	
22.9	52.4	-4.1	18.0	
22.9	64.7	-1.7	3.2	
18.0	72.1	5.7	-1.7	
15.5	62.3	13.1	-4.1	
22.9	18.0	0.8	-28.7	
18.0	13.1	3.2	-23.8	
32.8	30.3	13.1	10.6	
30.3	45.1	5.7	13.1	
20.5	27.8	-14.0	27.8	
30.3	27.8	-11.5	25.4	
8.2	32.8	-16.4	35.2	
-1.7	52.4	15.5	30.3	
5.7	77.0	45.1	18.0	
5.7	50.0	32.8	15.5	
22.9	13.1	15.5	13.1	
20.5	3.2	30.3	13.1	
30.3	15.5	20.5	20.5	
37.7	-6.6	20.5	13.1	
22.9	-36.1	20.5	20.5	
15.5	-43.5	18.0	25.4	
18.0	10.6	20.5	8.2	
20.5	27.8	30.3	0.8	
8.2	22.9	5.7	-1.7	
0.8	40.1	0.8	0.8	
8.2	20.5	-14.0	5.7	
13.1	25.4	-28.7	5.7	
10.6	50.0	-18.9	5.7	
20.5	8.2	-4.1	0.8	
25.4	13.1	-1.7	13.1	
20.5	42.6	15.5	8.2	
20.5	40.1	10.6	10.6	
13.1	57.4	13.1	-9.1	
18.0	54.9	8.2	-11.5	
5.7	45.1	8.2	-6.6	
3.2	22.9	-1.7	-11.5	
5.7	27.8	-18.9	15.5	
10.6	30.3	-6.6	30.3	
3.2	20.5	-6.6	25.4	
5.7	-4.1	-4.1	18.0	
15.5	-21.4	8.2	32.8	
25.4	-18.9	20.5	32.8	
15.5	22.9	20.5	15.5	
25.4	35.2	20.5	-4.1	
27.8	52.4	20.5	-6.6	
25.4	54.9	15.5	10.6	
25.4	37.7	10.6	8.2	
30.3	22.9	22.9	18.0	
22.9	52.4	35.2	22.9	
8.2	42.6	13.1	3.2	
27.8	13.1	8.2	-11.5	
20.5	-1.7	-18.9	0.8	
25.4	-6.6	-23.8	-4.1	
8.2	42.6	-33.7	-1.7	
-4.1	52.4	-18.9	8.2	
-9.1	69.7	-6.6	0.8	
5.7	47.5	10.6	-9.1	
13.1	45.1	-1.7	13.1	
5.7	57.4	-4.1	3.2	
-1.7	22.9	8.2	8.2	
8.2	5.7	27.8	0.8	
0.8	-1.7	18.0	5.7	
3.2	5.7	35.2	-4.1	
5.7	-16.4	35.2	-9.1	
15.5	13.1	15.5	-11.5	
13.1	25.4	37.7	15.5	
8.2	30.3	10.6	15.5	
5.7	42.6	3.2	22.9	
15.5	45.1	-9.1	13.1	
22.9	45.1	-4.1	5.7	
20.5	45.1	-6.6	-4.1	
20.5	59.8	-6.6	0.8	
32.8	74.6	3.2	-1.7	
37.7	67.2	8.2	-16.4	
22.9	52.4	5.7	-4.1	
20.5	37.7	5.7	-1.7	
27.8	15.5	5.7	5.7	
27.8	25.4	-9.1	8.2	
13.1	32.8	8.2	5.7	
3.2	27.8	3.2	8.2	
3.2	5.7	3.2	-11.5	
8.2	27.8	3.2	-4.1	
32.8	30.3	3.2	-4.1	
25.4	37.7	8.2	3.2	
20.5	37.7	13.1	0.8	
10.6	25.4	8.2	-4.1	
5.7	18.0	15.5	-11.5	
8.2	32.8	8.2	-1.7	
-4.1	20.5	10.6	13.1	
8.2	20.5	-1.7	10.6	
15.5	35.2	3.2	-4.1	
18.0	30.3	-1.7	10.6	
22.9	32.8	-4.1	-1.7	
15.5	47.5	-4.1	8.2	
5.7	35.2	5.7	5.7	
5.7	32.8	5.7	22.9	
5.7	15.5	18.0	25.4	
3.2	35.2	5.7	18.0	
0.8	42.6	5.7	20.5	
3.2	8.2	13.1	10.6	
10.6	20.5	13.1	13.1	
15.5	32.8	10.6	8.2	
27.8	35.2	5.7	-6.6	
10.6	37.7	5.7	-11.5	
3.2	42.6	15.5	-1.7	
30.3	27.8	-16.4	18.0	
20.5	35.2	-16.4	30.3	
22.9	25.4	-23.8	0.8	
15.5	25.4	-26.3	3.2	
18.0	35.2	-18.9	0.8	
22.9	32.8	-18.9	3.2	
27.8	13.1	-1.7	0.8	
18.0	32.8	10.6	5.7	
15.5	59.8	27.8	-6.6	
25.4	54.9	47.5	3.2	
8.2	52.4	35.2	-1.7	
3.2	57.4	15.5	20.5	
8.2	47.5	5.7	22.9	
0.8	67.2	-1.7	13.1	
13.1	57.4	3.2	-1.7	
8.2	50.0	5.7	-4.1	
5.7	57.4	-9.1	3.2	
5.7	57.4	-9.1	-4.1	
8.2	8.2	22.9	10.6	
5.7	20.5	25.4	8.2	
20.5	30.3	5.7	8.2	
30.3	18.0	8.2	0.8	
20.5	30.3	-1.7	3.2	
30.3	37.7	8.2	-6.6	
37.7	15.5	10.6	10.6	
27.8	-6.6	-6.6	-4.1	
25.4	-16.4	-9.1	-1.7	
32.8	-9.1	-6.6	-4.1	
37.7	22.9	-6.6	10.6	
35.2	22.9	-4.1	-4.1	
37.7	15.5	3.2	18.0	
27.8	50.0	0.8	3.2	
35.2	52.4	-11.5	8.2	
20.5	54.9	-4.1	-1.7	
18.0	54.9	-1.7	15.5	
20.5	20.5	5.7	13.1	
3.2	18.0	3.2	-1.7	
0.8	10.6	-6.6	0.8	
10.6	-41.0	-1.7	25.4	
-6.6	-50.9	20.5	22.9	
-4.1	-16.4	27.8	18.0	
5.7	20.5	54.9	20.5	
3.2	27.8	32.8	30.3	
18.0	42.6	15.5	0.8	
10.6	62.3	-1.7	-14.0	
15.5	13.1	-6.6	-21.4	
18.0	27.8	3.2	0.8	
22.9	37.7	3.2	3.2	
22.9	35.2	8.2	10.6	
18.0	25.4	20.5	-4.1	
22.9	25.4	0.8	3.2	
18.0	35.2	-11.5	0.8	
30.3	47.5	0.8	10.6	
22.9	32.8	-4.1	3.2	
27.8	67.2	5.7	15.5	
13.1	62.3	-4.1	13.1	
13.1	54.9	-6.6	22.9	
8.2	45.1	15.5	18.0	
0.8	45.1	22.9	0.8	
5.7	37.7	27.8	-18.9	
3.2	0.8	13.1	-14.0	
5.7	-16.4	5.7	-4.1	
10.6	-23.8	-11.5	0.8	
15.5	-11.5	0.8	20.5	
18.0	20.5	-21.4	8.2	
13.1	37.7	-14.0	3.2	
3.2	37.7	52.4	3.2	
0.8	37.7	69.7	13.1	
8.2	45.1	72.1	8.2	
8.2	30.3	47.5	10.6	
3.2	25.4	25.4	-1.7	
0.8	37.7	5.7	3.2	
8.2	37.7	13.1	0.8	
3.2	35.2	13.1	3.2	
5.7	37.7	-1.7	0.8	
8.2	47.5	30.3	5.7	
8.2	50.0	30.3	-11.5	
13.1	45.1	15.5	-4.1	
18.0	32.8	0.8	15.5	
18.0	30.3	-1.7	18.0	
10.6	27.8	-14.0	13.1	
5.7	27.8	-23.8	13.1	
8.2	15.5	-14.0	8.2	
-6.6	25.4	-4.1	-9.1	
-1.7	32.8	0.8	-9.1	
-1.7	35.2	-1.7	8.2	
0.8	25.4	-1.7	10.6	
8.2	8.2	13.1	5.7	
18.0	15.5	18.0	5.7	
15.5	22.9	8.2	3.2	
25.4	35.2	-4.1	0.8	
18.0	25.4	-11.5	0.8	
15.5	35.2	-4.1	0.8	
15.5	25.4	-14.0	3.2	
13.1	30.3	3.2	10.6	
18.0	30.3	15.5	-1.7	
5.7	25.4	15.5	5.7	
10.6	30.3	0.8	5.7	
15.5	32.8	20.5	0.8	
13.1	25.4	25.4	3.2	
20.5	18.0	45.1	5.7	
18.0	22.9	13.1	15.5	
8.2	18.0	5.7	22.9	
-6.6	18.0	8.2	8.2	
5.7	8.2	3.2	-9.1	
8.2	-11.5	-14.0	0.8	
0.8	-6.6	0.8	-9.1	
15.5	-1.7	-14.0	-1.7	
20.5	-6.6	-4.1	5.7	
18.0	-14.0	5.7	-1.7	
8.2	-9.1	15.5	-1.7	
10.6	-4.1	25.4	20.5	
3.2	20.5	25.4	0.8	
8.2	27.8	0.8	-11.5	
22.9	40.1	13.1	-4.1	
25.4	27.8	18.0	-4.1	
18.0	20.5	8.2	-6.6	
0.8	13.1	-14.0	-4.1	
5.7	22.9	-16.4	18.0	
-14.0	15.5	18.0	5.7	
-26.3	8.2	20.5	0.8	
-21.4	20.5	15.5	5.7	
-26.3	-1.7	18.0	10.6	
-14.0	-36.1	10.6	5.7	
-21.4	-14.0	15.5	15.5	
-21.4	18.0	13.1	10.6	
-6.6	42.6	22.9	10.6	
5.7	50.0	30.3	-6.6	
3.2	47.5	25.4	3.2	
18.0	64.7	10.6	3.2	
27.8	82.0	-4.1	8.2	
25.4	101.6	-1.7	8.2	
27.8	106.6	0.8	0.8	
40.1	113.9	-6.6	-6.6	
45.1	131.2	-4.1	-1.7	
52.4	202.5	10.6	3.2	
37.7	143.5	-1.7	5.7	
32.8	111.5	3.2	13.1	
25.4	111.5	0.8	18.0	
35.2	77.0	0.8	15.5	
30.3	52.4	-4.1	0.8	
25.4	0.8	-4.1	8.2	
22.9	25.4	0.8	-9.1	
18.0	77.0	-11.5	-14.0	
22.9	94.3	8.2	-6.6	
25.4	86.9	15.5	10.6	
18.0	86.9	3.2	10.6	
20.5	86.9	-11.5	8.2	
22.9	64.7	0.8	5.7	
22.9	27.8	-1.7	-9.1	
30.3	5.7	-1.7	8.2	
25.4	-4.1	10.6	18.0	
27.8	22.9	18.0	15.5	
22.9	32.8	13.1	8.2	
18.0	15.5	8.2	-9.1	
13.1	5.7	0.8	-1.7	
20.5	-9.1	-1.7	-1.7	
15.5	-46.0	3.2	-4.1	
20.5	-31.2	8.2	-16.4	
22.9	-14.0	30.3	-1.7	
20.5	5.7	10.6	3.2	
13.1	-11.5	8.2	8.2	
13.1	-21.4	5.7	3.2	
20.5	-4.1	3.2	20.5	
18.0	-11.5	0.8	18.0	
0.8	3.2	-14.0	-18.9	
5.7	-1.7	-1.7	-9.1	
13.1	42.6	25.4	-4.1	
22.9	57.4	35.2	5.7	
25.4	69.7	5.7	5.7	
22.9	20.5	8.2	0.8	
20.5	-18.9	-16.4	-4.1	
10.6	-18.9	-9.1	8.2	
10.6	0.8	-4.1	-9.1	
15.5	15.5	-1.7	8.2	
8.2	15.5	8.2	-11.5	
10.6	37.7	18.0	8.2	
25.4	35.2	30.3	27.8	
27.8	15.5	25.4	13.1	
18.0	22.9	8.2	-23.8	
8.2	42.6	-1.7	-16.4	
3.2	15.5	-9.1	10.6	
10.6	10.6	-23.8	8.2	
3.2	-9.1	-9.1	8.2	
0.8	-26.3	-14.0	10.6	
13.1	-1.7	5.7	8.2	
30.3	18.0	5.7	3.2	
25.4	0.8	20.5	13.1	
18.0	-4.1	-6.6	0.8	
25.4	5.7	20.5	-1.7	
27.8	25.4	18.0	-1.7	
8.2	54.9	22.9	-9.1	
10.6	52.4	27.8	18.0	
13.1	47.5	32.8	5.7	
25.4	45.1	27.8	0.8	
13.1	37.7	25.4	10.6	
25.4	37.7	18.0	10.6	
18.0	-9.1	3.2	-6.6	
10.6	-1.7	3.2	13.1	
13.1	20.5	-9.1	20.5	
3.2	35.2	0.8	20.5	
18.0	42.6	35.2	20.5	
22.9	42.6	20.5	10.6	
27.8	52.4	-11.5	3.2	
15.5	59.8	-18.9	-6.6	
22.9	54.9	5.7	3.2	
13.1	40.1	15.5	0.8	
15.5	30.3	3.2	10.6	
15.5	5.7	-1.7	13.1	
15.5	-4.1	0.8	3.2	
15.5	13.1	-21.4	5.7	
5.7	22.9	13.1	-4.1	
8.2	27.8	13.1	3.2	
0.8	37.7	10.6	0.8	
8.2	22.9	3.2	13.1	
8.2	18.0	8.2	13.1	
8.2	13.1	3.2	8.2	
8.2	10.6	10.6	15.5	
10.6	18.0	10.6	13.1	
13.1	35.2	18.0	5.7	
-1.7	54.9	18.0	13.1	
3.2	47.5	13.1	5.7	
3.2	50.0	22.9	0.8	
-11.5	32.8	10.6	5.7	
8.2	37.7	3.2	8.2	
5.7	32.8	5.7	13.1	
13.1	40.1	-11.5	20.5	
8.2	37.7	-4.1	13.1	
5.7	32.8	10.6	8.2	
18.0	40.1	13.1	-1.7	
15.5	30.3	25.4	-11.5	
13.1	45.1	13.1	-1.7	
25.4	32.8	40.1	3.2	
25.4	25.4	59.8	-1.7	
15.5	15.5	40.1	0.8	
22.9	13.1	27.8	-4.1	
20.5	30.3	3.2	-1.7	
5.7	42.6	5.7	3.2	
18.0	42.6	15.5	-1.7	
25.4	50.0	13.1	8.2	
22.9	40.1	25.4	13.1	
22.9	54.9	8.2	18.0	
15.5	64.7	8.2	15.5	
10.6	54.9	35.2	22.9	
8.2	35.2	18.0	15.5	
22.9	52.4	-1.7	8.2	
27.8	57.4	-16.4	22.9	
35.2	-1.7	-14.0	13.1	
18.0	-38.6	-1.7	-6.6	
22.9	-31.2	3.2	-1.7	
18.0	-38.6	22.9	5.7	
22.9	-6.6	27.8	-1.7	
15.5	15.5	25.4	-14.0	
18.0	-9.1	5.7	-4.1	
25.4	40.1	15.5	0.8	
20.5	47.5	8.2	-4.1	
22.9	64.7	8.2	3.2	
22.9	59.8	-4.1	8.2	
10.6	35.2	8.2	0.8	
8.2	25.4	-1.7	5.7	
3.2	15.5	5.7	18.0	
5.7	8.2	10.6	15.5	
8.2	25.4	-6.6	20.5	
0.8	20.5	15.5	8.2	
10.6	0.8	10.6	13.1	
-1.7	13.1	3.2	-1.7	
5.7	64.7	0.8	-1.7	
15.5	91.8	-1.7	30.3	
27.8	74.6	0.8	30.3	
27.8	27.8	-4.1	20.5	
3.2	18.0	-9.1	13.1	
-1.7	15.5	-16.4	22.9	
-18.9	5.7	8.2	5.7	
-9.1	-4.1	13.1	-11.5	
15.5	25.4	-16.4	-4.1	
5.7	37.7	-16.4	-9.1	
5.7	20.5	13.1	30.3	
-1.7	50.0	25.4	13.1	
10.6	59.8	13.1	5.7	
-9.1	27.8	3.2	0.8	
5.7	0.8	5.7	-1.7	
8.2	-36.1	8.2	-4.1	
10.6	-4.1	20.5	0.8	
13.1	32.8	13.1	0.8	
20.5	20.5	5.7	-6.6	
15.5	25.4	3.2	5.7	
13.1	20.5	-11.5	15.5	
27.8	13.1	0.8	15.5	
30.3	15.5	-9.1	15.5	
15.5	32.8	-23.8	13.1	
13.1	47.5	-14.0	18.0	
25.4	35.2	-9.1	13.1	
18.0	42.6	3.2	0.8	
18.0	59.8	30.3	-1.7	
25.4	67.2	20.5	0.8	
30.3	57.4	32.8	0.8	
20.5	8.2	8.2	-16.4	
18.0	-1.7	-6.6	10.6	
10.6	30.3	0.8	-1.7	
3.2	18.0	0.8	8.2	
18.0	27.8	-9.1	15.5	
18.0	37.7	-11.5	18.0	
8.2	59.8	-9.1	15.5	
-4.1	47.5	-1.7	8.2	
-4.1	15.5	5.7	5.7	
15.5	-11.5	5.7	13.1	
18.0	3.2	5.7	25.4	
20.5	-4.1	8.2	15.5	
20.5	-14.0	-1.7	8.2	
13.1	5.7	13.1	18.0	
13.1	30.3	8.2	18.0	
15.5	42.6	10.6	10.6	
18.0	42.6	3.2	5.7	
15.5	35.2	-4.1	5.7	
18.0	32.8	13.1	3.2	
20.5	42.6	5.7	8.2	
18.0	37.7	-1.7	0.8	
22.9	37.7	-6.6	3.2	
27.8	25.4	18.0	0.8	
8.2	15.5	5.7	18.0	
20.5	-4.1	-11.5	8.2	
8.2	-1.7	5.7	-11.5	
8.2	20.5	8.2	-1.7	
-11.5	27.8	-1.7	3.2	
0.8	20.5	5.7	-4.1	
8.2	5.7	18.0	18.0	
3.2	0.8	-1.7	32.8	
5.7	8.2	-6.6	30.3	
5.7	25.4	5.7	5.7	
-1.7	40.1	18.0	0.8	
13.1	57.4	18.0	13.1	
8.2	62.3	20.5	3.2	
0.8	50.0	8.2	-11.5	
5.7	30.3	-6.6	15.5	
25.4	5.7	8.2	0.8	
25.4	-4.1	8.2	3.2	
25.4	-48.4	10.6	5.7	
30.3	25.4	5.7	10.6	
18.0	79.5	3.2	5.7	
13.1	62.3	-6.6	5.7	
15.5	54.9	-14.0	22.9	
5.7	27.8	-33.7	37.7	
8.2	47.5	-14.0	0.8	
15.5	37.7	0.8	-9.1	
20.5	10.6	-1.7	5.7	
18.0	-11.5	3.2	20.5	
13.1	-11.5	5.7	42.6	
8.2	-4.1	0.8	8.2	
15.5	-6.6	-1.7	-1.7	
5.7	5.7	10.6	-9.1	
10.6	22.9	18.0	10.6	
20.5	35.2	5.7	3.2	
25.4	32.8	8.2	0.8	
8.2	25.4	10.6	18.0	
3.2	35.2	20.5	-6.6	
-1.7	50.0	20.5	-6.6	
5.7	54.9	-1.7	-6.6	
8.2	52.4	-9.1	5.7	
18.0	30.3	-9.1	35.2	
18.0	25.4	-16.4	27.8	
-1.7	52.4	-9.1	22.9	
10.6	37.7	22.9	18.0	
-9.1	27.8	15.5	-9.1	
-4.1	50.0	0.8	-18.9	
10.6	50.0	-1.7	-4.1	
13.1	64.7	-6.6	3.2	
15.5	47.5	8.2	-14.0	
25.4	50.0	5.7	8.2	
15.5	45.1	0.8	3.2	
5.7	40.1	20.5	5.7	
13.1	0.8	3.2	3.2	
25.4	-16.4	15.5	-1.7	
25.4	20.5	25.4	8.2	
22.9	0.8	15.5	13.1	
27.8	3.2	-1.7	15.5	
25.4	27.8	8.2	13.1	
22.9	47.5	22.9	15.5	
13.1	57.4	30.3	15.5	
13.1	72.1	8.2	5.7	
15.5	62.3	5.7	22.9	
8.2	59.8	5.7	22.9	
13.1	52.4	5.7	-4.1	
18.0	52.4	20.5	3.2	
20.5	47.5	25.4	-1.7	
20.5	30.3	20.5	-1.7	
30.3	45.1	15.5	0.8	
13.1	18.0	13.1	-9.1	
8.2	5.7	13.1	0.8	
3.2	30.3	3.2	20.5	
0.8	32.8	18.0	18.0	
0.8	40.1	22.9	10.6	
-18.9	54.9	5.7	15.5	
10.6	8.2	-21.4	13.1	
13.1	8.2	-28.7	20.5	
18.0	27.8	-16.4	22.9	
25.4	37.7	-16.4	15.5	
13.1	32.8	0.8	10.6	
5.7	30.3	5.7	0.8	
3.2	25.4	-23.8	10.6	
5.7	54.9	10.6	-1.7	
8.2	30.3	-1.7	-1.7	
-14.0	62.3	0.8	-1.7	
0.8	57.4	0.8	10.6	
8.2	35.2	5.7	3.2	
3.2	67.2	25.4	0.8	
18.0	45.1	52.4	8.2	
25.4	50.0	42.6	8.2	
8.2	25.4	10.6	-11.5	
0.8	18.0	-4.1	-1.7	
8.2	47.5	-9.1	15.5	
5.7	13.1	-21.4	8.2	
5.7	-1.7	3.2	13.1	
-1.7	-11.5	0.8	18.0	
-1.7	13.1	-4.1	10.6	
8.2	18.0	-9.1	10.6	
15.5	8.2	20.5	10.6	
25.4	-4.1	32.8	10.6	
5.7	13.1	30.3	8.2	
-1.7	35.2	27.8	-4.1	
5.7	42.6	27.8	-11.5	
-6.6	72.1	18.0	-14.0	
-1.7	89.3	0.8	8.2	
15.5	69.7	0.8	0.8	
20.5	57.4	0.8	5.7	
30.3	69.7	-9.1	8.2	
27.8	52.4	-4.1	0.8	
32.8	42.6	8.2	18.0	
40.1	22.9	27.8	15.5	
35.2	5.7	20.5	5.7	
18.0	5.7	13.1	-1.7	
13.1	3.2	8.2	13.1	
18.0	13.1	10.6	18.0	
3.2	52.4	0.8	13.1	
-6.6	20.5	-4.1	10.6	
-6.6	27.8	15.5	8.2	
5.7	20.5	15.5	13.1	
-1.7	37.7	20.5	10.6	
-4.1	54.9	-1.7	-11.5	
-6.6	42.6	-11.5	-1.7	
-9.1	25.4	-14.0	3.2	
-1.7	25.4	-1.7	3.2	
5.7	18.0	15.5	8.2	
3.2	10.6	30.3	8.2	
20.5	32.8	22.9	0.8	
35.2	47.5	13.1	-1.7	
27.8	32.8	10.6	-1.7	
10.6	27.8	-4.1	-1.7	
-4.1	47.5	-1.7	0.8	
-6.6	35.2	0.8	-4.1	
-1.7	20.5	3.2	15.5	
-9.1	25.4	-9.1	25.4	
-9.1	18.0	-9.1	-4.1	
10.6	22.9	-14.0	-1.7	
3.2	77.0	-21.4	5.7	
20.5	59.8	-16.4	0.8	
5.7	40.1	-16.4	13.1	
18.0	45.1	0.8	10.6	
35.2	32.8	8.2	3.2	
40.1	5.7	13.1	0.8	
18.0	8.2	32.8	3.2	
15.5	5.7	64.7	8.2	
-4.1	0.8	57.4	10.6	
-11.5	18.0	22.9	5.7	
-26.3	37.7	5.7	3.2	
-11.5	52.4	-11.5	0.8	
-11.5	47.5	-6.6	0.8	
-4.1	47.5	-1.7	-4.1	
-1.7	62.3	-6.6	13.1	
-11.5	91.8	-16.4	27.8	
-1.7	84.4	-9.1	22.9	
5.7	64.7	13.1	15.5	
30.3	64.7	35.2	8.2	
22.9	3.2	20.5	3.2	
15.5	-14.0	20.5	-4.1	
30.3	22.9	5.7	-14.0	
30.3	18.0	3.2	-9.1	
30.3	-11.5	8.2	-14.0	
25.4	10.6	30.3	0.8	
27.8	25.4	15.5	8.2	
22.9	25.4	-18.9	25.4	
25.4	18.0	-16.4	25.4	
8.2	45.1	-1.7	15.5	
5.7	15.5	-6.6	5.7	
5.7	-26.3	-16.4	-1.7	
8.2	-11.5	0.8	-4.1	
-6.6	-1.7	-14.0	-18.9	
18.0	8.2	-18.9	-9.1	
13.1	22.9	-9.1	-16.4	
22.9	42.6	27.8	-1.7	
27.8	59.8	15.5	8.2	
15.5	52.4	15.5	-1.7	
20.5	40.1	5.7	0.8	
27.8	50.0	-9.1	0.8	
10.6	52.4	-9.1	0.8	
13.1	13.1	-11.5	10.6	
18.0	3.2	-9.1	10.6	
25.4	27.8	-18.9	10.6	
27.8	32.8	-1.7	-1.7	
32.8	59.8	-1.7	8.2	
13.1	57.4	-14.0	15.5	
13.1	37.7	20.5	3.2	
13.1	8.2	15.5	-9.1	
15.5	5.7	25.4	10.6	
10.6	5.7	18.0	-1.7	
0.8	20.5	25.4	8.2	
3.2	5.7	15.5	5.7	
10.6	-6.6	30.3	15.5	
0.8	20.5	20.5	20.5	
13.1	40.1	-6.6	22.9	
10.6	45.1	-4.1	15.5	
15.5	42.6	3.2	22.9	
25.4	45.1	8.2	5.7	
22.9	47.5	18.0	8.2	
10.6	32.8	8.2	5.7	
-1.7	22.9	3.2	10.6	
-6.6	22.9	-4.1	18.0	
0.8	37.7	13.1	13.1	
15.5	27.8	18.0	13.1	
30.3	37.7	32.8	0.8	
30.3	40.1	-1.7	3.2	
27.8	45.1	-26.3	-6.6	
10.6	47.5	-9.1	3.2	
-1.7	35.2	-14.0	3.2	
0.8	37.7	13.1	15.5	
10.6	32.8	40.1	0.8	
-9.1	37.7	35.2	10.6	
-1.7	30.3	8.2	-1.7	
0.8	32.8	-14.0	13.1	
3.2	35.2	-11.5	13.1	
3.2	27.8	0.8	3.2	
13.1	32.8	30.3	-6.6	
15.5	22.9	42.6	-4.1	
10.6	22.9	15.5	0.8	
18.0	42.6	-9.1	-4.1	
22.9	32.8	-18.9	13.1	
15.5	22.9	3.2	25.4	
22.9	45.1	15.5	25.4	
18.0	47.5	8.2	-4.1	
15.5	22.9	0.8	13.1	
20.5	10.6	10.6	3.2	
15.5	20.5	20.5	-6.6	
-1.7	25.4	18.0	10.6	
-11.5	25.4	25.4	22.9	
3.2	15.5	15.5	15.5	
5.7	35.2	-4.1	13.1	
10.6	32.8	-14.0	3.2	
18.0	27.8	0.8	8.2	
18.0	37.7	22.9	20.5	
10.6	37.7	20.5	3.2	
13.1	47.5	18.0	3.2	
27.8	47.5	8.2	0.8	
18.0	45.1	3.2	15.5	
25.4	45.1	13.1	15.5	
30.3	54.9	20.5	25.4	
25.4	47.5	27.8	8.2	
27.8	37.7	25.4	-4.1	
15.5	25.4	-1.7	-18.9	
20.5	13.1	-1.7	-23.8	
15.5	27.8	0.8	-9.1	
25.4	40.1	3.2	-14.0	
18.0	27.8	-6.6	10.6	
18.0	35.2	-1.7	10.6	
-1.7	35.2	0.8	27.8	
10.6	20.5	-1.7	40.1	
18.0	27.8	5.7	8.2	
25.4	32.8	13.1	3.2	
30.3	22.9	15.5	-1.7	
25.4	20.5	0.8	0.8	
27.8	27.8	5.7	3.2	
18.0	35.2	10.6	-4.1	
30.3	32.8	5.7	-1.7	
10.6	32.8	8.2	-1.7	
-4.1	45.1	-1.7	8.2	
13.1	32.8	8.2	5.7	
10.6	-1.7	13.1	3.2	
20.5	5.7	13.1	-1.7	
20.5	8.2	13.1	-6.6	
35.2	15.5	8.2	8.2	
27.8	32.8	-1.7	20.5	
5.7	32.8	13.1	15.5	
-4.1	-14.0	0.8	22.9	
-9.1	-28.7	3.2	10.6	
-6.6	30.3	10.6	-1.7	
-11.5	35.2	8.2	-6.6	
-6.6	45.1	18.0	-11.5	
-6.6	35.2	3.2	5.7	
3.2	37.7	-6.6	10.6	
5.7	45.1	-31.2	13.1	
3.2	57.4	-4.1	0.8	
18.0	45.1	-1.7	0.8	
25.4	35.2	-1.7	0.8	
30.3	42.6	5.7	0.8	
22.9	47.5	8.2	-4.1	
25.4	50.0	25.4	8.2	
20.5	54.9	30.3	18.0	
20.5	37.7	18.0	25.4	
18.0	35.2	8.2	13.1	
8.2	22.9	27.8	8.2	
15.5	-23.8	57.4	15.5	
8.2	0.8	27.8	22.9	
20.5	18.0	-9.1	13.1	
22.9	13.1	-21.4	13.1	
22.9	18.0	-16.4	15.5	
0.8	22.9	-16.4	8.2	
20.5	0.8	3.2	-6.6	
25.4	20.5	5.7	-1.7	
25.4	25.4	-6.6	-1.7	
42.6	18.0	8.2	3.2	
27.8	47.5	-9.1	8.2	
18.0	62.3	10.6	3.2	
18.0	59.8	5.7	5.7	
5.7	42.6	8.2	-9.1	
8.2	67.2	-1.7	-9.1	
20.5	67.2	-6.6	5.7	
27.8	30.3	8.2	25.4	
8.2	45.1	5.7	15.5	
8.2	91.8	0.8	3.2	
8.2	72.1	-1.7	-18.9	
8.2	91.8	-9.1	5.7	
-9.1	99.2	-16.4	13.1	
0.8	20.5	15.5	3.2	
-1.7	-21.4	8.2	-4.1	
0.8	-21.4	-23.8	8.2	
15.5	-41.0	25.4	0.8	
22.9	-43.5	25.4	22.9	
15.5	5.7	8.2	8.2	
0.8	15.5	18.0	0.8	
22.9	15.5	13.1	8.2	
22.9	0.8	15.5	0.8	
15.5	-1.7	15.5	-1.7	
32.8	42.6	20.5	-6.6	
22.9	30.3	18.0	13.1	
32.8	10.6	20.5	10.6	
27.8	3.2	25.4	13.1	
18.0	-14.0	32.8	13.1	
8.2	3.2	0.8	20.5	
18.0	40.1	-6.6	8.2	
22.9	45.1	-14.0	0.8	
22.9	40.1	-16.4	5.7	
35.2	52.4	-16.4	-11.5	
25.4	30.3	-4.1	-18.9	
18.0	15.5	-1.7	-11.5	
22.9	15.5	0.8	18.0	
15.5	30.3	20.5	8.2	
20.5	27.8	20.5	15.5	
15.5	27.8	18.0	30.3	
30.3	32.8	15.5	32.8	
30.3	57.4	20.5	15.5	
22.9	40.1	3.2	3.2	
10.6	54.9	-1.7	13.1	
30.3	57.4	-6.6	18.0	
25.4	59.8	-1.7	25.4	
25.4	30.3	18.0	10.6	
20.5	22.9	42.6	-4.1	
20.5	37.7	30.3	5.7	
20.5	50.0	32.8	-6.6	
13.1	30.3	10.6	-14.0	
10.6	18.0	8.2	-6.6	
-4.1	40.1	3.2	-4.1	
8.2	45.1	5.7	-1.7	
-18.9	27.8	-4.1	8.2	
0.8	50.0	3.2	8.2	
3.2	35.2	-1.7	5.7	
13.1	47.5	-4.1	0.8	
22.9	40.1	0.8	-14.0	
18.0	57.4	-6.6	5.7	
20.5	54.9	-1.7	8.2	
15.5	47.5	13.1	5.7	
8.2	32.8	15.5	0.8	
10.6	-9.1	22.9	-4.1	
0.8	8.2	32.8	-6.6	
0.8	27.8	10.6	0.8	
-4.1	25.4	5.7	3.2	
13.1	5.7	15.5	-1.7	
20.5	10.6	13.1	-4.1	
20.5	30.3	10.6	8.2	
27.8	62.3	8.2	5.7	
22.9	54.9	8.2	0.8	
42.6	52.4	-9.1	3.2	
30.3	35.2	-6.6	22.9	
20.5	5.7	-14.0	22.9	
8.2	22.9	0.8	10.6	
13.1	47.5	-11.5	8.2	
25.4	50.0	-11.5	13.1	
32.8	25.4	-9.1	8.2	
32.8	32.8	0.8	-6.6	
35.2	30.3	10.6	15.5	
20.5	32.8	30.3	22.9	
30.3	40.1	22.9	-4.1	
20.5	42.6	18.0	-16.4	
25.4	27.8	8.2	0.8	
20.5	5.7	5.7	5.7	
3.2	18.0	3.2	3.2	
8.2	37.7	-1.7	8.2	
5.7	22.9	-11.5	10.6	
8.2	18.0	-18.9	8.2	
3.2	0.8	-11.5	25.4	
18.0	22.9	-4.1	18.0	
40.1	30.3	3.2	8.2	
37.7	42.6	25.4	-6.6	
37.7	18.0	59.8	5.7	
40.1	20.5	35.2	-9.1	
42.6	5.7	15.5	-1.7	
22.9	-1.7	-14.0	10.6	
20.5	-1.7	-11.5	5.7	
10.6	27.8	-14.0	25.4	
8.2	27.8	-11.5	20.5	
13.1	37.7	-16.4	13.1	
25.4	20.5	-6.6	18.0	
27.8	30.3	-9.1	-1.7	
18.0	62.3	-6.6	0.8	
13.1	52.4	-9.1	-1.7	
8.2	54.9	-9.1	-6.6	
-6.6	35.2	-18.9	-1.7	
8.2	37.7	-1.7	-11.5	
30.3	32.8	10.6	8.2	
25.4	35.2	3.2	0.8	
18.0	40.1	-4.1	20.5	
13.1	45.1	-4.1	22.9	
22.9	45.1	-9.1	8.2	
20.5	37.7	15.5	3.2	
15.5	25.4	22.9	5.7	
22.9	20.5	20.5	8.2	
5.7	25.4	10.6	3.2	
0.8	42.6	8.2	8.2	
8.2	35.2	5.7	8.2	
25.4	42.6	-23.8	8.2	
22.9	42.6	-16.4	-1.7	
18.0	22.9	-11.5	15.5	
27.8	30.3	13.1	5.7	
35.2	20.5	5.7	-4.1	
22.9	32.8	-14.0	20.5	
32.8	15.5	-11.5	20.5	
22.9	15.5	-4.1	10.6	
22.9	15.5	-6.6	3.2	
22.9	0.8	42.6	10.6	
13.1	-9.1	40.1	3.2	
22.9	-6.6	22.9	-6.6	
22.9	-4.1	0.8	-9.1	
13.1	32.8	10.6	0.8	
20.5	13.1	8.2	-1.7	
-1.7	3.2	13.1	15.5	
-1.7	-4.1	18.0	20.5	
0.8	5.7	42.6	5.7	
0.8	0.8	30.3	5.7	
3.2	-11.5	20.5	10.6	
-1.7	-11.5	20.5	13.1	
-1.7	25.4	27.8	20.5	
-4.1	25.4	5.7	8.2	
-6.6	30.3	-16.4	10.6	
-4.1	22.9	-14.0	3.2	
-14.0	20.5	-6.6	0.8	
3.2	3.2	-9.1	5.7	
15.5	-16.4	-4.1	-4.1	
5.7	-1.7	-18.9	5.7	
0.8	25.4	-6.6	10.6	
10.6	30.3	5.7	5.7	
5.7	27.8	5.7	-6.6	
8.2	42.6	8.2	3.2	
8.2	50.0	8.2	-9.1	
5.7	54.9	10.6	0.8	
5.7	57.4	13.1	-9.1	
3.2	69.7	10.6	5.7	
5.7	52.4	8.2	18.0	
13.1	54.9	-1.7	25.4	
20.5	79.5	13.1	8.2	
22.9	104.1	0.8	3.2	
30.3	94.3	5.7	22.9	
27.8	84.4	-4.1	5.7	
35.2	109.0	0.8	0.8	
40.1	160.7	15.5	3.2	
30.3	153.3	15.5	3.2	
35.2	113.9	15.5	3.2	
47.5	79.5	20.5	-4.1	
27.8	82.0	15.5	-1.7	
27.8	77.0	5.7	-4.1	
32.8	69.7	0.8	15.5	
25.4	69.7	-14.0	13.1	
15.5	10.6	8.2	3.2	
13.1	3.2	-6.6	-4.1	
5.7	18.0	5.7	-11.5	
5.7	69.7	15.5	-9.1	
13.1	79.5	20.5	42.6	
30.3	37.7	27.8	42.6	
22.9	10.6	10.6	8.2	
20.5	-31.2	8.2	5.7	
3.2	-26.3	-4.1	15.5	
5.7	25.4	-21.4	15.5	
0.8	47.5	-14.0	8.2	
5.7	20.5	-1.7	15.5	
3.2	-1.7	0.8	5.7	
3.2	-6.6	-4.1	0.8	
5.7	-16.4	22.9	-4.1	
5.7	-14.0	20.5	0.8	
10.6	-16.4	27.8	-1.7	
-1.7	-1.7	15.5	5.7	
5.7	-4.1	8.2	8.2	
22.9	3.2	5.7	5.7	
27.8	20.5	-1.7	5.7	
15.5	5.7	-6.6	3.2	
15.5	-1.7	-1.7	5.7	
18.0	30.3	-1.7	3.2	
10.6	37.7	18.0	0.8	
8.2	27.8	20.5	-4.1	
15.5	3.2	22.9	5.7	
13.1	-6.6	22.9	-4.1	
8.2	27.8	22.9	-1.7	
-6.6	32.8	3.2	-9.1	
10.6	10.6	0.8	3.2	
13.1	18.0	13.1	-1.7	
15.5	42.6	20.5	10.6	
18.0	18.0	-6.6	-1.7	
3.2	22.9	-18.9	8.2	
13.1	37.7	0.8	13.1	
10.6	10.6	8.2	13.1	
13.1	-1.7	-9.1	18.0	
5.7	3.2	0.8	18.0	
25.4	-1.7	18.0	3.2	
30.3	8.2	15.5	3.2	
32.8	0.8	-1.7	0.8	
32.8	0.8	0.8	-1.7	
35.2	40.1	-4.1	8.2	
27.8	52.4	15.5	15.5	
20.5	40.1	-1.7	18.0	
22.9	25.4	-6.6	10.6	
13.1	42.6	-14.0	8.2	
8.2	54.9	-16.4	5.7	
5.7	64.7	15.5	-9.1	
15.5	32.8	22.9	-16.4	
13.1	40.1	8.2	8.2	
8.2	37.7	32.8	8.2	
3.2	25.4	57.4	3.2	
10.6	30.3	45.1	-6.6	
15.5	32.8	-9.1	-11.5	
25.4	15.5	-9.1	-11.5	
18.0	18.0	-9.1	-4.1	
13.1	37.7	5.7	3.2	
27.8	45.1	40.1	8.2	
20.5	42.6	42.6	5.7	
15.5	27.8	10.6	5.7	
22.9	27.8	10.6	18.0	
25.4	32.8	5.7	5.7	
5.7	27.8	20.5	-1.7	
15.5	15.5	18.0	15.5	
13.1	-1.7	13.1	3.2	
35.2	-1.7	20.5	3.2	
20.5	-1.7	-4.1	0.8	
18.0	25.4	-11.5	-1.7	
22.9	35.2	-11.5	18.0	
20.5	40.1	-11.5	10.6	
30.3	30.3	-6.6	10.6	
20.5	47.5	-9.1	13.1	
27.8	35.2	13.1	18.0	
18.0	35.2	15.5	18.0	
22.9	40.1	8.2	8.2	
20.5	50.0	5.7	5.7	
18.0	32.8	3.2	15.5	
15.5	25.4	8.2	5.7	
25.4	15.5	13.1	3.2	
22.9	37.7	10.6	0.8	
18.0	22.9	-4.1	-1.7	
18.0	32.8	-1.7	-9.1	
22.9	27.8	-4.1	3.2	
22.9	37.7	8.2	8.2	
20.5	13.1	8.2	13.1	
10.6	35.2	5.7	13.1	
5.7	27.8	-1.7	5.7	
27.8	32.8	0.8	13.1	
20.5	15.5	3.2	-9.1	
5.7	3.2	-1.7	-4.1	
5.7	32.8	-1.7	13.1	
10.6	40.1	10.6	10.6	
13.1	37.7	27.8	-4.1	
18.0	62.3	22.9	-1.7	
22.9	47.5	20.5	-4.1	
15.5	25.4	15.5	0.8	
27.8	10.6	13.1	3.2	
13.1	13.1	0.8	0.8	
18.0	37.7	-1.7	3.2	
32.8	22.9	5.7	0.8	
27.8	32.8	15.5	10.6	
15.5	50.0	10.6	3.2	
13.1	40.1	-18.9	8.2	
10.6	52.4	-28.7	5.7	
8.2	47.5	-16.4	5.7	
8.2	37.7	-23.8	-6.6	
13.1	40.1	-14.0	-4.1	
22.9	37.7	0.8	0.8	
10.6	40.1	45.1	8.2	
5.7	32.8	57.4	0.8	
5.7	30.3	42.6	27.8	
18.0	50.0	22.9	32.8	
27.8	15.5	8.2	5.7	
18.0	-11.5	-9.1	-9.1	
20.5	-65.6	-18.9	5.7	
5.7	-33.7	-11.5	8.2	
18.0	0.8	13.1	-4.1	
18.0	35.2	22.9	10.6	
10.6	42.6	30.3	0.8	
5.7	37.7	15.5	3.2	
-1.7	32.8	5.7	8.2	
-4.1	47.5	-11.5	5.7	
3.2	50.0	-1.7	-1.7	
22.9	50.0	-4.1	3.2	
30.3	37.7	-4.1	8.2	
35.2	25.4	10.6	8.2	
30.3	27.8	-6.6	3.2	
18.0	42.6	0.8	8.2	
22.9	32.8	-16.4	8.2	
18.0	25.4	-26.3	-4.1	
15.5	3.2	25.4	8.2	
13.1	8.2	84.4	22.9	
25.4	25.4	45.1	18.0	
18.0	35.2	18.0	15.5	
13.1	47.5	-16.4	-1.7	
22.9	47.5	-28.7	5.7	
20.5	52.4	-6.6	3.2	
20.5	64.7	-9.1	8.2	
25.4	32.8	-6.6	-11.5	
20.5	-1.7	15.5	-6.6	
15.5	15.5	30.3	3.2	
27.8	45.1	27.8	5.7	
18.0	30.3	30.3	8.2	
15.5	32.8	18.0	3.2	
20.5	30.3	5.7	3.2	
20.5	22.9	0.8	0.8	
18.0	18.0	-1.7	0.8	
25.4	27.8	3.2	-9.1	
30.3	45.1	10.6	-1.7	
15.5	15.5	18.0	10.6	
32.8	3.2	15.5	0.8	
22.9	-11.5	32.8	-1.7	
20.5	18.0	32.8	5.7	
-9.1	40.1	27.8	3.2	
10.6	35.2	22.9	3.2	
20.5	32.8	15.5	10.6	
37.7	32.8	10.6	5.7	
27.8	47.5	-1.7	-4.1	
40.1	27.8	-4.1	25.4	
37.7	15.5	-4.1	13.1	
22.9	32.8	-1.7	8.2	
18.0	-6.6	-16.4	3.2	
25.4	-11.5	-6.6	-1.7	
22.9	42.6	10.6	-4.1	
8.2	52.4	22.9	-1.7	
-1.7	54.9	8.2	5.7	
8.2	64.7	-16.4	8.2	
13.1	59.8	-6.6	-4.1	
22.9	15.5	8.2	8.2	
10.6	-23.8	30.3	8.2	
8.2	-14.0	37.7	0.8	
13.1	3.2	30.3	10.6	
25.4	25.4	15.5	0.8	
25.4	30.3	8.2	3.2	
25.4	47.5	-14.0	-1.7	
27.8	77.0	-9.1	0.8	
40.1	50.0	0.8	8.2	
45.1	62.3	0.8	15.5	
37.7	27.8	5.7	3.2	
40.1	30.3	-1.7	3.2	
35.2	32.8	13.1	5.7	
30.3	-1.7	18.0	3.2	
37.7	-23.8	3.2	13.1	
30.3	8.2	-6.6	20.5	
30.3	25.4	-11.5	32.8	
30.3	25.4	-9.1	25.4	
32.8	18.0	0.8	-6.6	
59.8	20.5	-11.5	-16.4	
74.6	15.5	-14.0	3.2	
77.0	-18.9	-9.1	10.6	
79.5	45.1	-4.1	8.2	
101.6	47.5	-21.4	3.2	
141.0	20.5	-41.0	-23.8	
195.1	-18.9	-41.0	-11.5	
236.9	5.7	-36.1	5.7	
244.3	64.7	-23.8	3.2	
246.8	27.8	8.2	5.7	
227.1	18.0	22.9	0.8	
207.4	84.4	77.0	3.2	
190.2	96.7	82.0	18.0	
158.2	10.6	42.6	8.2	
141.0	-4.1	5.7	-4.1	
118.9	-14.0	-28.7	-1.7	
96.7	22.9	-21.4	-4.1	
82.0	42.6	3.2	8.2	
72.1	25.4	13.1	8.2	
67.2	30.3	18.0	5.7	
64.7	59.8	22.9	8.2	
57.4	64.7	15.5	-1.7	
62.3	10.6	15.5	-4.1	
69.7	-6.6	18.0	3.2	
62.3	37.7	5.7	15.5	
54.9	79.5	-14.0	13.1	
45.1	79.5	-9.1	15.5	
42.6	40.1	5.7	0.8	
37.7	25.4	20.5	18.0	
45.1	25.4	27.8	15.5	
50.0	27.8	27.8	25.4	
40.1	35.2	35.2	13.1	
40.1	37.7	27.8	-6.6	
22.9	42.6	25.4	-6.6	
32.8	47.5	0.8	-9.1	
27.8	35.2	8.2	-9.1	
22.9	37.7	15.5	8.2	
27.8	25.4	5.7	15.5	
18.0	20.5	-11.5	8.2	
22.9	32.8	0.8	8.2	
25.4	30.3	3.2	10.6	
13.1	27.8	5.7	0.8	
8.2	27.8	-9.1	-9.1	
3.2	30.3	-26.3	-4.1	
5.7	13.1	-21.4	0.8	
0.8	30.3	8.2	-1.7	
13.1	27.8	0.8	15.5	
5.7	35.2	27.8	22.9	
0.8	25.4	35.2	18.0	
5.7	22.9	3.2	-4.1	
0.8	32.8	-11.5	-4.1	
-6.6	37.7	27.8	13.1	
-4.1	35.2	42.6	5.7	
0.8	22.9	32.8	-1.7	
-6.6	35.2	5.7	3.2	
-6.6	35.2	5.7	18.0	
-4.1	40.1	-9.1	10.6	
-14.0	32.8	-4.1	8.2	
-18.9	27.8	-21.4	8.2	
-4.1	27.8	-16.4	-9.1	
-11.5	22.9	-14.0	-1.7	
-14.0	37.7	-16.4	-4.1	
-4.1	40.1	0.8	-6.6	
-4.1	52.4	74.6	-1.7	
15.5	54.9	64.7	-4.1	
20.5	69.7	42.6	8.2	
3.2	72.1	18.0	18.0	
-14.0	62.3	0.8	22.9	
-21.4	47.5	-1.7	15.5	
-21.4	30.3	0.8	-4.1	
-28.7	13.1	-1.7	-6.6	
-28.7	8.2	-6.6	-14.0	
-41.0	-6.6	0.8	-21.4	
-38.6	22.9	5.7	5.7	
-50.9	45.1	-1.7	0.8	
-43.5	47.5	-6.6	-6.6	
-53.3	57.4	-6.6	-9.1	
-28.7	64.7	5.7	-4.1	
-33.7	45.1	15.5	-11.5	
-18.9	30.3	22.9	8.2	
-21.4	40.1	25.4	0.8	
-23.8	27.8	25.4	30.3	
-28.7	5.7	18.0	32.8	
-9.1	-9.1	40.1	15.5	
-14.0	0.8	22.9	8.2	
-11.5	18.0	20.5	-1.7	
-9.1	22.9	-14.0	10.6	
-16.4	32.8	-16.4	10.6	
-16.4	52.4	0.8	18.0	
-26.3	94.3	-11.5	8.2	
-26.3	96.7	-14.0	13.1	
-31.2	74.6	-1.7	13.1	
-18.9	20.5	-1.7	20.5	
-9.1	-1.7	-4.1	10.6	
-14.0	-23.8	0.8	18.0	
-18.9	-11.5	-16.4	-6.6	
-14.0	27.8	-11.5	-11.5	
-26.3	20.5	5.7	0.8	
-18.9	5.7	20.5	3.2	
-6.6	8.2	8.2	8.2	
-18.9	15.5	-33.7	8.2	
-16.4	18.0	-23.8	-1.7	
-28.7	30.3	-1.7	8.2	
-38.6	30.3	-11.5	3.2	
-26.3	30.3	-28.7	-1.7	
-21.4	27.8	-21.4	-6.6	
-26.3	47.5	-6.6	0.8	
-18.9	82.0	10.6	8.2	
-21.4	64.7	15.5	8.2	
-23.8	22.9	52.4	3.2	
-11.5	20.5	62.3	5.7	
-14.0	18.0	22.9	8.2	
-16.4	15.5	15.5	-4.1	
-21.4	22.9	22.9	5.7	
-9.1	22.9	5.7	0.8	
-28.7	22.9	8.2	3.2	
-36.1	20.5	-1.7	8.2	
-36.1	25.4	-1.7	18.0	
-43.5	25.4	15.5	-4.1	
-36.1	18.0	35.2	5.7	
-43.5	25.4	0.8	27.8	
-41.0	35.2	-48.4	32.8	
-38.6	27.8	-46.0	13.1	
-33.7	30.3	-33.7	15.5	
-46.0	32.8	-14.0	-6.6	
-36.1	30.3	3.2	-11.5	
-41.0	35.2	-18.9	-16.4	
-46.0	35.2	-9.1	-1.7	
-58.3	30.3	20.5	8.2	
-58.3	35.2	40.1	10.6	
-55.8	32.8	45.1	15.5	
-50.9	35.2	27.8	15.5	
-50.9	35.2	72.1	20.5	
-43.5	22.9	52.4	10.6	
-60.7	32.8	20.5	-6.6	
-53.3	37.7	-1.7	-18.9	
-53.3	30.3	-41.0	-14.0	
-50.9	32.8	-33.7	-6.6	
-60.7	18.0	35.2	-14.0	
-70.6	22.9	54.9	-1.7	
-60.7	35.2	25.4	5.7	
-50.9	30.3	-14.0	8.2	
-46.0	30.3	-6.6	3.2	
-50.9	30.3	0.8	15.5	
-53.3	45.1	-4.1	25.4	
-55.8	57.4	15.5	10.6	
-48.4	50.0	8.2	0.8	
-38.6	45.1	0.8	8.2	
-38.6	47.5	5.7	5.7	
-41.0	62.3	15.5	10.6	
-31.2	27.8	18.0	8.2	
-31.2	27.8	13.1	5.7	
-36.1	57.4	3.2	5.7	
-28.7	52.4	0.8	3.2	
-23.8	62.3	5.7	-4.1	
-31.2	45.1	-1.7	15.5	
-21.4	18.0	5.7	8.2	
-23.8	-21.4	5.7	5.7	
-21.4	-55.8	-4.1	0.8	
-23.8	-23.8	18.0	10.6	
-23.8	27.8	45.1	10.6	
-18.9	37.7	79.5	-1.7	
-28.7	5.7	42.6	5.7	
-26.3	30.3	-11.5	10.6	
-9.1	30.3	-36.1	-1.7	
-4.1	59.8	-23.8	-4.1	
5.7	47.5	3.2	-6.6	
8.2	25.4	15.5	8.2	
-6.6	35.2	10.6	5.7	
3.2	20.5	-21.4	0.8	
-9.1	-11.5	3.2	-1.7	
8.2	-1.7	25.4	10.6	
5.7	25.4	30.3	-6.6	
3.2	32.8	18.0	0.8	
-4.1	32.8	13.1	13.1	
-4.1	32.8	8.2	18.0	
5.7	59.8	-4.1	5.7	
-6.6	54.9	-4.1	-1.7	
-9.1	50.0	-14.0	-1.7	
-1.7	50.0	22.9	8.2	
-1.7	3.2	18.0	3.2	
5.7	-18.9	30.3	5.7	
-4.1	3.2	35.2	8.2	
13.1	18.0	35.2	5.7	
15.5	35.2	0.8	5.7	
18.0	42.6	0.8	5.7	
18.0	47.5	22.9	8.2	
8.2	30.3	52.4	-11.5	
25.4	20.5	18.0	8.2	
8.2	22.9	-4.1	-1.7	
5.7	18.0	-9.1	8.2	
13.1	25.4	-1.7	10.6	
8.2	20.5	13.1	-6.6	
-4.1	30.3	22.9	8.2	
-1.7	35.2	5.7	27.8	
3.2	35.2	-4.1	-4.1	
-1.7	32.8	8.2	-1.7	
13.1	50.0	8.2	8.2	
27.8	54.9	15.5	0.8	
25.4	27.8	13.1	5.7	
35.2	15.5	18.0	3.2	
22.9	18.0	10.6	-4.1	
18.0	32.8	0.8	13.1	
22.9	45.1	13.1	8.2	
10.6	22.9	10.6	3.2	
30.3	18.0	3.2	5.7	
22.9	72.1	5.7	5.7	
25.4	54.9	20.5	5.7	
40.1	57.4	-6.6	18.0	
32.8	47.5	-4.1	20.5	
40.1	52.4	-1.7	20.5	
25.4	35.2	-9.1	10.6	
15.5	8.2	0.8	-6.6	
13.1	-28.7	-9.1	8.2	
5.7	-6.6	-1.7	8.2	
-4.1	-1.7	8.2	10.6	
-1.7	0.8	10.6	-11.5	
18.0	22.9	8.2	-4.1	
27.8	42.6	20.5	-18.9	
22.9	25.4	35.2	-6.6	
30.3	8.2	15.5	3.2	
20.5	3.2	15.5	0.8	
32.8	20.5	5.7	0.8	
40.1	42.6	-11.5	13.1	
35.2	40.1	-11.5	10.6	
40.1	37.7	-6.6	13.1	
35.2	50.0	-1.7	0.8	
35.2	52.4	-14.0	3.2	
40.1	57.4	-9.1	-1.7	
20.5	59.8	47.5	3.2	
15.5	47.5	42.6	10.6	
18.0	37.7	0.8	13.1	
25.4	22.9	-4.1	13.1	
10.6	5.7	5.7	10.6	
25.4	0.8	-1.7	-1.7	
20.5	13.1	18.0	-1.7	
5.7	20.5	27.8	5.7	
25.4	32.8	15.5	3.2	
32.8	22.9	10.6	-14.0	
27.8	13.1	0.8	-9.1	
25.4	18.0	-1.7	-9.1	
18.0	13.1	-18.9	-11.5	
22.9	20.5	-6.6	-4.1	
27.8	35.2	13.1	13.1	
25.4	25.4	30.3	13.1	
30.3	5.7	35.2	32.8	
30.3	-6.6	13.1	13.1	
20.5	8.2	0.8	8.2	
22.9	50.0	0.8	-1.7	
27.8	77.0	22.9	8.2	
25.4	67.2	8.2	5.7	
25.4	52.4	-6.6	27.8	
8.2	47.5	-16.4	8.2	
3.2	57.4	-11.5	-14.0	
3.2	45.1	-23.8	-9.1	
18.0	52.4	-14.0	-1.7	
18.0	45.1	-9.1	15.5	
32.8	54.9	-11.5	25.4	
22.9	35.2	15.5	25.4	
30.3	15.5	8.2	8.2	
32.8	-36.1	22.9	-4.1	
20.5	-21.4	22.9	13.1	
22.9	5.7	13.1	13.1	
18.0	30.3	15.5	15.5	
27.8	22.9	18.0	10.6	
25.4	32.8	37.7	-1.7	
35.2	32.8	5.7	3.2	
22.9	-9.1	-11.5	-4.1	
30.3	10.6	-11.5	18.0	
20.5	27.8	-14.0	37.7	
15.5	40.1	-4.1	5.7	
27.8	45.1	-4.1	3.2	
30.3	50.0	-4.1	-9.1	
20.5	25.4	-6.6	-26.3	
18.0	22.9	37.7	-21.4	
13.1	35.2	27.8	-6.6	
5.7	20.5	15.5	-11.5	
5.7	20.5	20.5	-11.5	
0.8	25.4	25.4	10.6	
18.0	35.2	20.5	37.7	
15.5	62.3	5.7	25.4	
22.9	72.1	-4.1	8.2	
15.5	52.4	-23.8	8.2	
8.2	37.7	-6.6	18.0	
8.2	32.8	3.2	18.0	
22.9	30.3	3.2	20.5	
18.0	8.2	15.5	20.5	
15.5	-26.3	27.8	5.7	
30.3	0.8	-6.6	3.2	
25.4	35.2	-14.0	3.2	
25.4	30.3	-23.8	15.5	
8.2	25.4	-26.3	18.0	
20.5	25.4	-36.1	13.1	
27.8	18.0	-26.3	10.6	
18.0	22.9	-28.7	22.9	
13.1	35.2	13.1	10.6	
27.8	20.5	54.9	13.1	
22.9	22.9	37.7	13.1	
25.4	30.3	25.4	15.5	
42.6	30.3	5.7	10.6	
35.2	42.6	3.2	5.7	
35.2	40.1	15.5	15.5	
40.1	20.5	25.4	18.0	
40.1	27.8	13.1	15.5	
20.5	18.0	-4.1	15.5	
20.5	27.8	-9.1	18.0	
35.2	27.8	10.6	8.2	
32.8	32.8	42.6	13.1	
25.4	27.8	52.4	15.5	
25.4	30.3	27.8	18.0	
27.8	35.2	3.2	8.2	
18.0	35.2	-14.0	13.1	
27.8	35.2	-6.6	10.6	
27.8	25.4	-16.4	-1.7	
27.8	47.5	0.8	15.5	
27.8	32.8	10.6	18.0	
27.8	45.1	0.8	8.2	
20.5	27.8	-1.7	0.8	
50.0	42.6	-16.4	-9.1	
47.5	45.1	-4.1	8.2	
47.5	40.1	-14.0	0.8	
59.8	37.7	-4.1	-9.1	
54.9	32.8	13.1	-4.1	
45.1	25.4	42.6	8.2	
52.4	40.1	0.8	5.7	
67.2	32.8	-16.4	-1.7	
62.3	32.8	-21.4	13.1	
45.1	52.4	-23.8	8.2	
42.6	37.7	-18.9	13.1	
47.5	18.0	-16.4	13.1	
62.3	20.5	-6.6	5.7	
52.4	20.5	50.0	-1.7	
59.8	22.9	94.3	5.7	
57.4	25.4	42.6	8.2	
47.5	30.3	18.0	8.2	
57.4	13.1	-33.7	18.0	
52.4	-9.1	-46.0	10.6	
50.0	10.6	-4.1	13.1	
45.1	18.0	50.0	8.2	
50.0	25.4	42.6	-1.7	
47.5	22.9	30.3	-1.7	
54.9	32.8	10.6	0.8	
57.4	32.8	0.8	13.1	
47.5	42.6	0.8	13.1	
74.6	22.9	3.2	0.8	
62.3	30.3	-6.6	0.8	
64.7	27.8	5.7	3.2	
57.4	47.5	3.2	5.7	
42.6	40.1	-1.7	8.2	
47.5	32.8	10.6	10.6	
27.8	45.1	13.1	5.7	
27.8	40.1	5.7	8.2	
20.5	42.6	8.2	0.8	
10.6	54.9	5.7	0.8	
3.2	54.9	3.2	10.6	
5.7	40.1	-4.1	-1.7	
8.2	22.9	10.6	-11.5	
0.8	42.6	8.2	0.8	
-9.1	37.7	0.8	5.7	
-4.1	45.1	13.1	18.0	
5.7	40.1	22.9	5.7	
-9.1	40.1	25.4	10.6	
-18.9	35.2	13.1	10.6	
-9.1	32.8	22.9	8.2	
5.7	42.6	27.8	0.8	
-1.7	27.8	10.6	5.7	
-16.4	15.5	10.6	15.5	
-1.7	-9.1	15.5	25.4	
-26.3	-6.6	15.5	8.2	
-53.3	3.2	8.2	3.2	
-65.6	3.2	-11.5	-4.1	
-53.3	35.2	-4.1	-9.1	
-55.8	72.1	3.2	8.2	
-73.0	59.8	8.2	15.5	
-73.0	30.3	10.6	22.9	
-82.9	27.8	15.5	15.5	
-92.7	13.1	18.0	-1.7	
-73.0	-11.5	5.7	-6.6	
-63.2	18.0	3.2	-11.5	
-80.4	15.5	-6.6	-1.7	
-68.1	3.2	-9.1	10.6	
-73.0	35.2	8.2	-1.7	
-80.4	37.7	-4.1	-6.6	
-100.1	27.8	15.5	-1.7	
-97.6	47.5	8.2	3.2	
-95.2	35.2	0.8	-1.7	
-85.3	8.2	3.2	0.8	
-92.7	94.3	0.8	5.7	
-90.2	94.3	8.2	0.8	
-85.3	67.2	-4.1	13.1	
-73.0	35.2	-1.7	22.9	
-75.5	37.7	15.5	13.1	
-80.4	20.5	25.4	30.3	
-100.1	-21.4	20.5	10.6	
-112.4	-18.9	8.2	-14.0	
-105.0	-1.7	-4.1	-16.4	
-97.6	32.8	-21.4	-1.7	
-70.6	27.8	-11.5	-1.7	
-68.1	25.4	-16.4	5.7	
-82.9	5.7	-9.1	30.3	
-85.3	-6.6	-9.1	32.8	
-102.5	22.9	-1.7	5.7	
-95.2	30.3	-6.6	-4.1	
-75.5	40.1	30.3	-1.7	
-48.4	35.2	18.0	18.0	
-60.7	15.5	10.6	27.8	
-73.0	59.8	-1.7	8.2	
-80.4	69.7	0.8	8.2	
-77.9	79.5	-4.1	-4.1	
-60.7	52.4	-1.7	20.5	
-68.1	8.2	-6.6	22.9	
-68.1	32.8	-14.0	-1.7	
-41.0	22.9	-9.1	-11.5	
-43.5	18.0	-6.6	10.6	
-36.1	13.1	-11.5	20.5	
-36.1	0.8	-18.9	15.5	
-33.7	-18.9	0.8	35.2	
-36.1	0.8	3.2	40.1	
-33.7	22.9	0.8	3.2	
-28.7	15.5	18.0	-21.4	
-28.7	-23.8	27.8	-11.5	
-21.4	3.2	47.5	-11.5	
8.2	8.2	69.7	10.6	
5.7	18.0	45.1	18.0	
5.7	37.7	8.2	22.9	
8.2	52.4	-23.8	10.6	
18.0	40.1	-14.0	5.7	
5.7	25.4	-28.7	18.0	
13.1	15.5	-48.4	18.0	
-1.7	18.0	-60.7	10.6	
-6.6	-18.9	-43.5	0.8	
3.2	5.7	10.6	-11.5	
-6.6	22.9	30.3	-6.6	
-14.0	0.8	45.1	5.7	
-16.4	-9.1	25.4	13.1	
-11.5	-4.1	15.5	13.1	
-11.5	13.1	10.6	8.2	
-21.4	27.8	0.8	10.6	
-11.5	5.7	5.7	3.2	
-6.6	5.7	-1.7	-4.1	
0.8	-1.7	-4.1	-1.7	
-4.1	8.2	-6.6	-9.1	
-18.9	13.1	27.8	-18.9	
-21.4	32.8	35.2	-4.1	
-14.0	13.1	20.5	13.1	
8.2	13.1	15.5	15.5	
3.2	-14.0	-4.1	15.5	
3.2	-1.7	3.2	5.7	
-9.1	-1.7	-14.0	-1.7	
-28.7	-6.6	-4.1	3.2	
-38.6	-14.0	-6.6	18.0	
-31.2	-21.4	-6.6	27.8	
-33.7	-16.4	5.7	25.4	
-43.5	-1.7	3.2	20.5	
-48.4	-11.5	0.8	13.1	
-53.3	-21.4	3.2	10.6	
-50.9	22.9	0.8	0.8	
-60.7	45.1	-1.7	5.7	
-43.5	64.7	25.4	-9.1	
-48.4	47.5	57.4	-1.7	
-48.4	40.1	40.1	0.8	
-38.6	54.9	22.9	8.2	
-28.7	54.9	18.0	5.7	
-28.7	74.6	22.9	18.0	
-4.1	89.3	3.2	18.0	
-14.0	91.8	-4.1	10.6	
-14.0	104.1	-4.1	3.2	
-11.5	104.1	-9.1	5.7	
-16.4	101.6	-9.1	3.2	
-23.8	111.5	-4.1	5.7	
-9.1	94.3	18.0	18.0	
-14.0	113.9	32.8	30.3	
-11.5	99.2	37.7	22.9	
-18.9	106.6	45.1	18.0	
-28.7	109.0	15.5	27.8	
-23.8	91.8	-1.7	10.6	
-16.4	91.8	-21.4	-11.5	
-14.0	82.0	25.4	-11.5	
-1.7	72.1	27.8	3.2	
-18.9	69.7	5.7	3.2	
-9.1	64.7	3.2	5.7	
-6.6	57.4	-1.7	-16.4	
8.2	52.4	-9.1	-16.4	
0.8	42.6	0.8	-4.1	
13.1	35.2	20.5	-1.7	
3.2	37.7	18.0	10.6	
0.8	22.9	-1.7	10.6	
-14.0	22.9	10.6	20.5	
-1.7	15.5	-4.1	35.2	
0.8	18.0	-14.0	22.9	
-4.1	10.6	-1.7	5.7	
-9.1	15.5	-6.6	-16.4	
-18.9	5.7	8.2	-4.1	
-11.5	-4.1	10.6	3.2	
-6.6	-6.6	13.1	0.8	
-1.7	-6.6	35.2	-1.7	
5.7	3.2	37.7	-11.5	
8.2	0.8	30.3	-1.7	
5.7	10.6	27.8	10.6	
8.2	8.2	18.0	10.6	
-4.1	8.2	22.9	0.8	
8.2	10.6	5.7	22.9	
5.7	10.6	-23.8	8.2	
8.2	3.2	-26.3	-4.1	
15.5	5.7	-23.8	-6.6	
20.5	8.2	10.6	5.7	
27.8	10.6	8.2	5.7	
27.8	13.1	8.2	3.2	
32.8	3.2	3.2	5.7	
32.8	-9.1	-6.6	0.8	
40.1	-6.6	-11.5	3.2	
30.3	30.3	-14.0	5.7	
37.7	45.1	5.7	-4.1	
30.3	54.9	15.5	0.8	
35.2	32.8	30.3	-4.1	
27.8	25.4	32.8	8.2	
25.4	25.4	20.5	0.8	
32.8	18.0	3.2	-1.7	
37.7	-16.4	-33.7	8.2	
37.7	-28.7	-48.4	8.2	
40.1	-9.1	-46.0	0.8	
37.7	3.2	-26.3	8.2	
45.1	5.7	3.2	25.4	
54.9	18.0	0.8	5.7	
59.8	37.7	3.2	3.2	
45.1	32.8	-9.1	15.5	
52.4	37.7	-28.7	8.2	
45.1	45.1	-26.3	-4.1	
47.5	32.8	-11.5	8.2	
47.5	50.0	-4.1	0.8	
27.8	15.5	50.0	20.5	
25.4	8.2	64.7	-14.0	
22.9	22.9	47.5	-23.8	
30.3	25.4	5.7	-1.7	
27.8	30.3	-18.9	10.6	
37.7	30.3	5.7	10.6	
30.3	22.9	22.9	37.7	
5.7	20.5	22.9	10.6	
13.1	13.1	15.5	3.2	
22.9	18.0	-11.5	-16.4	
20.5	20.5	-11.5	-6.6	
13.1	22.9	27.8	-4.1	
8.2	27.8	13.1	-4.1	
5.7	22.9	5.7	-4.1	
-4.1	30.3	-18.9	-4.1	
15.5	25.4	5.7	-16.4	
18.0	37.7	3.2	3.2	
10.6	5.7	37.7	-6.6	
-4.1	18.0	40.1	-1.7	
-23.8	27.8	-9.1	-1.7	
-18.9	52.4	-11.5	10.6	
-18.9	27.8	42.6	5.7	
-33.7	45.1	52.4	5.7	
-31.2	50.0	20.5	0.8	
-26.3	52.4	0.8	-4.1	
-18.9	52.4	-4.1	0.8	
-23.8	45.1	-6.6	20.5	
-9.1	45.1	-9.1	13.1	
-14.0	35.2	-1.7	18.0	
-23.8	13.1	0.8	3.2	
-38.6	27.8	-11.5	10.6	
-18.9	32.8	-14.0	5.7	
-21.4	22.9	8.2	18.0	
-11.5	-23.8	3.2	10.6	
-4.1	-14.0	-4.1	-1.7	
0.8	8.2	20.5	-1.7	
-9.1	3.2	20.5	-14.0	
-4.1	10.6	15.5	-1.7	
8.2	18.0	0.8	-4.1	
0.8	45.1	5.7	-1.7	
18.0	79.5	15.5	5.7	
18.0	94.3	27.8	-4.1	
32.8	111.5	30.3	8.2	
32.8	101.6	27.8	0.8	
32.8	91.8	8.2	8.2	
35.2	64.7	-14.0	10.6	
52.4	52.4	-4.1	8.2	
52.4	50.0	3.2	0.8	
50.0	27.8	-4.1	5.7	
40.1	-38.6	0.8	5.7	
47.5	-60.7	15.5	18.0	
59.8	-58.3	8.2	-1.7	
59.8	-68.1	15.5	-14.0	
72.1	-41.0	20.5	-1.7	
64.7	10.6	27.8	-1.7	
89.3	8.2	27.8	8.2	
79.5	30.3	18.0	18.0	
84.4	32.8	20.5	20.5	
96.7	5.7	27.8	15.5	
84.4	0.8	5.7	8.2	
89.3	27.8	22.9	0.8	
91.8	57.4	0.8	5.7	
91.8	30.3	-4.1	8.2	
101.6	18.0	3.2	0.8	
91.8	3.2	-6.6	-14.0	
91.8	27.8	-9.1	-4.1	
101.6	30.3	5.7	0.8	
101.6	18.0	-1.7	18.0	
89.3	20.5	10.6	37.7	
96.7	52.4	15.5	15.5	
99.2	45.1	30.3	-4.1	
96.7	27.8	27.8	-1.7	
109.0	35.2	25.4	5.7	
101.6	25.4	27.8	-1.7	
101.6	27.8	-6.6	0.8	
89.3	20.5	-26.3	10.6	
79.5	20.5	-9.1	8.2	
86.9	-1.7	-4.1	13.1	
96.7	-6.6	8.2	22.9	
94.3	3.2	20.5	37.7	
86.9	20.5	25.4	22.9	
96.7	27.8	45.1	18.0	
89.3	37.7	18.0	0.8	
74.6	30.3	15.5	-11.5	
64.7	42.6	-26.3	-14.0	
69.7	27.8	5.7	-11.5	
69.7	10.6	20.5	-4.1	
52.4	25.4	25.4	8.2	
52.4	45.1	15.5	8.2	
32.8	15.5	3.2	-4.1	
35.2	5.7	-4.1	8.2	
30.3	15.5	13.1	-14.0	
45.1	30.3	27.8	-14.0	
54.9	42.6	18.0	-6.6	
30.3	47.5	-1.7	-1.7	
25.4	57.4	-14.0	25.4	
35.2	57.4	13.1	20.5	
40.1	45.1	22.9	15.5	
40.1	37.7	5.7	3.2	
27.8	35.2	-1.7	-16.4	
27.8	32.8	0.8	-21.4	
-9.1	22.9	13.1	-6.6	
-16.4	32.8	30.3	-11.5	
-11.5	37.7	30.3	-23.8	
0.8	47.5	13.1	10.6	
8.2	32.8	-1.7	25.4	
15.5	35.2	3.2	25.4	
15.5	18.0	20.5	40.1	
3.2	8.2	30.3	18.0	
-4.1	0.8	5.7	8.2	
-9.1	10.6	0.8	10.6	
-1.7	35.2	3.2	15.5	
-18.9	37.7	10.6	13.1	
-26.3	35.2	-4.1	15.5	
-9.1	47.5	8.2	18.0	
-14.0	54.9	13.1	5.7	
-28.7	40.1	0.8	13.1	
-23.8	5.7	-6.6	8.2	
-16.4	-9.1	-11.5	13.1	
-6.6	15.5	-1.7	8.2	
-21.4	45.1	5.7	-6.6	
-14.0	50.0	-6.6	3.2	
-16.4	18.0	-6.6	8.2	
-16.4	30.3	-11.5	5.7	
-26.3	27.8	13.1	3.2	
-9.1	-1.7	52.4	10.6	
-28.7	10.6	54.9	8.2	
-18.9	0.8	35.2	13.1	
0.8	3.2	-6.6	13.1	
-6.6	30.3	3.2	5.7	
-4.1	22.9	18.0	5.7	
0.8	22.9	10.6	-4.1	
-4.1	30.3	-16.4	-9.1	
-18.9	30.3	-23.8	-4.1	
3.2	32.8	-4.1	-4.1	
0.8	32.8	15.5	0.8	
5.7	5.7	13.1	10.6	
-1.7	-14.0	3.2	15.5	
-14.0	13.1	8.2	3.2	
-26.3	25.4	5.7	13.1	
-23.8	37.7	5.7	13.1	
-14.0	22.9	5.7	18.0	
-18.9	37.7	0.8	3.2	
-9.1	27.8	3.2	-9.1	
-9.1	27.8	-1.7	0.8	
-9.1	20.5	0.8	-9.1	
-16.4	32.8	25.4	8.2	
3.2	40.1	22.9	8.2	
3.2	32.8	8.2	13.1	
5.7	35.2	-23.8	5.7	
18.0	37.7	-23.8	-1.7	
18.0	32.8	-1.7	10.6	
27.8	47.5	18.0	5.7	
45.1	42.6	57.4	0.8	
50.0	27.8	40.1	0.8	
45.1	35.2	20.5	-9.1	
37.7	25.4	0.8	0.8	
27.8	40.1	13.1	0.8	
30.3	27.8	15.5	5.7	
32.8	18.0	3.2	13.1	
37.7	15.5	-26.3	8.2	
45.1	25.4	-28.7	5.7	
30.3	32.8	-23.8	-1.7	
20.5	52.4	-18.9	0.8	
13.1	57.4	-6.6	10.6	
25.4	15.5	15.5	10.6	
30.3	22.9	20.5	5.7	
32.8	25.4	8.2	0.8	
32.8	32.8	-1.7	8.2	
37.7	32.8	30.3	13.1	
25.4	35.2	18.0	10.6	
13.1	40.1	18.0	-9.1	
22.9	10.6	8.2	-14.0	
25.4	5.7	10.6	-6.6	
27.8	10.6	5.7	-4.1	
35.2	13.1	-1.7	8.2	
35.2	32.8	-9.1	0.8	
18.0	37.7	-11.5	0.8	
13.1	59.8	-9.1	22.9	
8.2	40.1	5.7	32.8	
-1.7	45.1	13.1	32.8	
0.8	40.1	20.5	8.2	
-14.0	27.8	5.7	-14.0	
-14.0	22.9	-6.6	3.2	
-14.0	-4.1	13.1	-9.1	
-9.1	-4.1	5.7	-16.4	
-1.7	13.1	8.2	-11.5	
-11.5	10.6	3.2	-6.6	
-14.0	15.5	-9.1	27.8	
-21.4	27.8	-18.9	50.0	
-11.5	42.6	-9.1	30.3	
-14.0	40.1	-4.1	42.6	
13.1	64.7	-4.1	22.9	
-9.1	62.3	8.2	22.9	
-23.8	50.0	40.1	22.9	
-36.1	59.8	64.7	5.7	
-41.0	47.5	42.6	-11.5	
-33.7	47.5	5.7	-1.7	
-41.0	42.6	-6.6	-21.4	
-36.1	59.8	-18.9	-6.6	
-36.1	37.7	-14.0	3.2	
-38.6	52.4	-18.9	0.8	
-48.4	50.0	-14.0	10.6	
-38.6	32.8	-18.9	-1.7	
-46.0	30.3	22.9	10.6	
-53.3	18.0	47.5	3.2	
-53.3	27.8	37.7	0.8	
-58.3	30.3	57.4	-4.1	
-60.7	35.2	45.1	5.7	
-65.6	45.1	-6.6	8.2	
-68.1	32.8	-11.5	15.5	
-63.2	32.8	0.8	20.5	
-63.2	47.5	3.2	18.0	
-58.3	32.8	8.2	27.8	
-63.2	37.7	-18.9	25.4	
-75.5	18.0	-6.6	8.2	
-70.6	25.4	-18.9	-23.8	
-63.2	30.3	-16.4	0.8	
-73.0	45.1	-6.6	5.7	
-90.2	52.4	0.8	-4.1	
-85.3	52.4	10.6	-4.1	
-85.3	91.8	47.5	5.7	
-90.2	96.7	54.9	-1.7	
-97.6	25.4	22.9	-4.1	
-107.5	42.6	-21.4	8.2	
-95.2	10.6	-18.9	18.0	
-107.5	-38.6	-4.1	20.5	
-109.9	-21.4	-14.0	3.2	
-102.5	27.8	-6.6	5.7	
-107.5	3.2	-4.1	-4.1	
-109.9	-33.7	0.8	3.2	
-114.8	18.0	-4.1	10.6	
-100.1	45.1	8.2	22.9	
-100.1	27.8	5.7	30.3	
-100.1	5.7	3.2	20.5	
-100.1	-11.5	5.7	13.1	
-73.0	-23.8	-6.6	18.0	
-75.5	-50.9	-11.5	5.7	
-68.1	0.8	3.2	-6.6	
-68.1	54.9	3.2	-1.7	
-100.1	67.2	-1.7	-6.6	
-77.9	47.5	10.6	5.7	
-75.5	57.4	32.8	20.5	
-85.3	64.7	27.8	35.2	
-70.6	45.1	18.0	27.8	
-70.6	35.2	-9.1	25.4	
-63.2	47.5	-11.5	8.2	
-50.9	32.8	3.2	-4.1	
-41.0	5.7	0.8	3.2	
-26.3	3.2	-16.4	0.8	
0.8	10.6	-21.4	-4.1	
3.2	40.1	-9.1	3.2	
13.1	59.8	-9.1	-4.1	
18.0	62.3	5.7	3.2	
42.6	67.2	5.7	10.6	
42.6	74.6	0.8	-11.5	
40.1	59.8	5.7	5.7	
47.5	40.1	-18.9	0.8	
69.7	-16.4	3.2	0.8	
69.7	-21.4	3.2	3.2	
72.1	-31.2	-9.1	3.2	
67.2	-36.1	-21.4	8.2	
64.7	-14.0	-16.4	-9.1	
74.6	-11.5	-4.1	0.8	
99.2	8.2	15.5	15.5	
109.0	20.5	22.9	5.7	
99.2	57.4	62.3	-1.7	
99.2	45.1	57.4	8.2	
91.8	27.8	18.0	0.8	
94.3	35.2	5.7	-11.5	
96.7	37.7	-11.5	5.7	
77.0	50.0	-4.1	0.8	
72.1	45.1	-4.1	-11.5	
67.2	62.3	-11.5	-14.0	
69.7	57.4	3.2	3.2	
72.1	35.2	-1.7	13.1	
89.3	45.1	-9.1	20.5	
79.5	18.0	0.8	18.0	
67.2	18.0	5.7	25.4	
89.3	35.2	3.2	10.6	
89.3	30.3	10.6	-9.1	
99.2	22.9	-9.1	5.7	
84.4	10.6	-4.1	8.2	
79.5	13.1	5.7	5.7	
77.0	27.8	15.5	-4.1	
86.9	37.7	8.2	0.8	
99.2	37.7	18.0	3.2	
101.6	45.1	5.7	-1.7	
113.9	35.2	-4.1	3.2	
118.9	30.3	20.5	5.7	
116.4	37.7	8.2	18.0	
113.9	0.8	-1.7	20.5	
116.4	10.6	-9.1	10.6	
116.4	15.5	0.8	5.7	
104.1	15.5	5.7	-4.1	
82.0	30.3	18.0	0.8	
72.1	45.1	32.8	-11.5	
67.2	54.9	22.9	-23.8	
57.4	54.9	13.1	0.8	
54.9	37.7	3.2	3.2	
59.8	47.5	-18.9	3.2	
52.4	42.6	-23.8	3.2	
50.0	40.1	-4.1	18.0	
42.6	20.5	0.8	15.5	
47.5	18.0	-28.7	10.6	
64.7	35.2	-14.0	-11.5	
45.1	27.8	-23.8	-11.5	
57.4	20.5	-11.5	3.2	
47.5	18.0	20.5	5.7	
42.6	13.1	18.0	-18.9	
69.7	22.9	45.1	-1.7	
59.8	47.5	27.8	-1.7	
42.6	18.0	18.0	-1.7	
27.8	15.5	13.1	5.7	
37.7	20.5	18.0	-9.1	
27.8	-1.7	25.4	-9.1	
10.6	-4.1	8.2	-4.1	
13.1	32.8	-4.1	-1.7	
13.1	27.8	-4.1	15.5	
27.8	15.5	-9.1	10.6	
27.8	42.6	-14.0	15.5	
40.1	59.8	0.8	0.8	
42.6	40.1	10.6	-11.5	
35.2	35.2	-11.5	-14.0	
22.9	30.3	-16.4	0.8	
40.1	25.4	13.1	0.8	
10.6	15.5	15.5	3.2	
10.6	22.9	10.6	18.0	
0.8	35.2	-9.1	13.1	
5.7	8.2	-9.1	10.6	
27.8	35.2	22.9	-9.1	
25.4	45.1	30.3	-11.5	
47.5	42.6	45.1	-4.1	
54.9	42.6	69.7	18.0	
45.1	47.5	22.9	50.0	
30.3	45.1	-1.7	0.8	
0.8	62.3	8.2	-11.5	
25.4	62.3	37.7	-6.6	
35.2	57.4	42.6	-1.7	
42.6	40.1	5.7	8.2	
30.3	25.4	-21.4	0.8	
27.8	30.3	-9.1	10.6	
35.2	30.3	0.8	3.2	
32.8	-6.6	0.8	18.0	
40.1	-9.1	0.8	-1.7	
54.9	-9.1	-9.1	0.8	
40.1	3.2	-1.7	18.0	
20.5	35.2	13.1	10.6	
27.8	45.1	42.6	13.1	
15.5	20.5	57.4	15.5	
15.5	15.5	40.1	8.2	
40.1	25.4	25.4	0.8	
42.6	37.7	10.6	-9.1	
20.5	62.3	3.2	-4.1	
30.3	67.2	-18.9	8.2	
25.4	59.8	3.2	-11.5	
45.1	54.9	0.8	0.8	
35.2	89.3	-16.4	-1.7	
42.6	40.1	-11.5	-9.1	
42.6	-11.5	-4.1	5.7	
30.3	-21.4	3.2	-6.6	
18.0	45.1	8.2	8.2	
22.9	37.7	18.0	15.5	
27.8	-4.1	20.5	22.9	
30.3	-4.1	13.1	-4.1	
37.7	15.5	15.5	-1.7	
40.1	42.6	0.8	0.8	
62.3	47.5	-9.1	-18.9	
47.5	0.8	5.7	0.8	
47.5	-16.4	0.8	15.5	
47.5	3.2	-1.7	0.8	
45.1	32.8	-9.1	5.7	
40.1	54.9	-16.4	5.7	
45.1	42.6	0.8	-11.5	
42.6	18.0	8.2	8.2	
45.1	25.4	10.6	25.4	
37.7	20.5	15.5	10.6	
27.8	37.7	27.8	10.6	
27.8	50.0	42.6	5.7	
22.9	27.8	27.8	3.2	
35.2	22.9	5.7	0.8	
22.9	47.5	-16.4	10.6	
25.4	52.4	-1.7	10.6	
37.7	20.5	-11.5	22.9	
25.4	-26.3	-23.8	15.5	
25.4	-33.7	-4.1	10.6	
25.4	0.8	-14.0	10.6	
25.4	45.1	15.5	5.7	
25.4	42.6	-4.1	0.8	
15.5	18.0	-14.0	-11.5	
27.8	5.7	20.5	-4.1	
20.5	25.4	47.5	10.6	
22.9	20.5	47.5	10.6	
18.0	47.5	52.4	20.5	
35.2	40.1	25.4	15.5	
13.1	45.1	-6.6	10.6	
20.5	40.1	-14.0	-1.7	
18.0	30.3	-6.6	-9.1	
30.3	13.1	-11.5	-1.7	
32.8	30.3	-26.3	-1.7	
32.8	30.3	-21.4	15.5	
25.4	32.8	-9.1	15.5	
25.4	25.4	-1.7	13.1	
18.0	35.2	30.3	8.2	
20.5	25.4	25.4	3.2	
0.8	40.1	-1.7	-1.7	
15.5	30.3	-11.5	-4.1	
18.0	35.2	-9.1	3.2	
13.1	20.5	0.8	0.8	
15.5	15.5	-4.1	18.0	
10.6	20.5	3.2	-1.7	
5.7	25.4	3.2	15.5	
18.0	37.7	-9.1	18.0	
30.3	35.2	5.7	35.2	
22.9	22.9	30.3	10.6	
8.2	27.8	30.3	-6.6	
13.1	35.2	18.0	-4.1	
20.5	32.8	-1.7	-1.7	
18.0	27.8	3.2	18.0	
25.4	30.3	-9.1	15.5	
18.0	35.2	10.6	22.9	
22.9	52.4	-1.7	20.5	
25.4	47.5	-16.4	-6.6	
15.5	47.5	0.8	-31.2	
25.4	52.4	-18.9	-18.9	
22.9	32.8	3.2	8.2	
25.4	20.5	22.9	3.2	
15.5	25.4	22.9	-9.1	
20.5	22.9	52.4	3.2	
25.4	20.5	32.8	5.7	
18.0	22.9	13.1	13.1	
30.3	15.5	-4.1	8.2	
15.5	-4.1	-9.1	5.7	
27.8	-14.0	-18.9	-1.7	
30.3	18.0	-18.9	-14.0	
27.8	30.3	-28.7	3.2	
35.2	42.6	-11.5	0.8	
32.8	27.8	-4.1	-9.1	
37.7	40.1	-14.0	-6.6	
35.2	45.1	-11.5	10.6	
30.3	32.8	22.9	-1.7	
32.8	35.2	25.4	3.2	
32.8	57.4	-21.4	15.5	
32.8	45.1	-14.0	15.5	
27.8	35.2	10.6	30.3	
32.8	25.4	10.6	27.8	
25.4	10.6	0.8	20.5	
25.4	-6.6	-36.1	0.8	
25.4	8.2	-18.9	0.8	
37.7	3.2	-4.1	8.2	
30.3	32.8	-9.1	-4.1	
35.2	37.7	-6.6	-1.7	
25.4	32.8	35.2	8.2	
27.8	27.8	42.6	18.0	
35.2	35.2	57.4	22.9	
25.4	32.8	50.0	27.8	
32.8	37.7	25.4	5.7	
5.7	30.3	-33.7	-14.0	
5.7	37.7	-18.9	-1.7	
13.1	52.4	-23.8	5.7	
22.9	50.0	20.5	-4.1	
30.3	40.1	72.1	8.2	
27.8	32.8	22.9	-4.1	
27.8	30.3	-1.7	8.2	
32.8	18.0	-38.6	5.7	
30.3	20.5	8.2	3.2	
37.7	25.4	-4.1	-4.1	
40.1	10.6	-11.5	0.8	
47.5	18.0	-1.7	3.2	
45.1	57.4	3.2	-6.6	
47.5	57.4	-1.7	3.2	
27.8	25.4	-4.1	3.2	
25.4	18.0	13.1	3.2	
18.0	15.5	25.4	-11.5	
22.9	25.4	5.7	-9.1	
37.7	30.3	-16.4	-6.6	
35.2	37.7	15.5	22.9	
40.1	32.8	30.3	15.5	
54.9	22.9	20.5	3.2	
50.0	35.2	8.2	5.7	
62.3	30.3	8.2	18.0	
57.4	40.1	0.8	0.8	
57.4	64.7	-14.0	5.7	
59.8	64.7	-18.9	-1.7	
50.0	27.8	-14.0	-9.1	
40.1	15.5	18.0	8.2	
18.0	22.9	64.7	-4.1	
20.5	27.8	32.8	-4.1	
13.1	25.4	5.7	13.1	
27.8	35.2	-6.6	10.6	
40.1	35.2	-16.4	5.7	
42.6	22.9	5.7	13.1	
40.1	47.5	-9.1	20.5	
47.5	35.2	-16.4	27.8	
52.4	37.7	10.6	22.9	
52.4	32.8	15.5	13.1	
52.4	45.1	96.7	13.1	
40.1	25.4	79.5	18.0	
52.4	20.5	37.7	13.1	
30.3	30.3	0.8	0.8	
25.4	30.3	0.8	-26.3	
27.8	40.1	-4.1	-23.8	
40.1	64.7	-6.6	-26.3	
35.2	45.1	3.2	-1.7	
42.6	13.1	15.5	-4.1	
69.7	22.9	22.9	13.1	
52.4	32.8	18.0	13.1	
50.0	3.2	10.6	8.2	
45.1	3.2	0.8	-4.1	
59.8	15.5	-9.1	8.2	
57.4	59.8	5.7	0.8	
54.9	45.1	35.2	-1.7	
64.7	47.5	-9.1	-1.7	
72.1	27.8	-14.0	-4.1	
74.6	-4.1	-4.1	-1.7	
59.8	-9.1	20.5	-6.6	
72.1	5.7	32.8	-6.6	
74.6	0.8	5.7	8.2	
77.0	20.5	-14.0	5.7	
82.0	54.9	-14.0	8.2	
74.6	54.9	-1.7	8.2	
82.0	40.1	15.5	20.5	
101.6	45.1	8.2	20.5	
109.0	50.0	50.0	25.4	
128.7	42.6	54.9	32.8	
138.5	50.0	22.9	27.8	
148.4	52.4	-9.1	25.4	
168.1	3.2	-6.6	27.8	
214.8	8.2	-9.1	18.0	
273.8	10.6	5.7	8.2	
308.3	-16.4	32.8	-4.1	
337.8	8.2	22.9	-18.9	
362.4	18.0	50.0	-36.1	
387.0	40.1	37.7	-41.0	
372.2	42.6	54.9	-23.8	
352.6	35.2	22.9	-16.4	
340.3	47.5	-6.6	-11.5	
332.9	64.7	-9.1	18.0	
320.6	57.4	-9.1	32.8	
318.1	25.4	-6.6	13.1	
315.7	5.7	10.6	13.1	
300.9	-4.1	0.8	8.2	
313.2	18.0	-4.1	-1.7	
332.9	30.3	-1.7	5.7	
350.1	18.0	-21.4	5.7	
372.2	22.9	-28.7	15.5	
372.2	37.7	-26.3	20.5	
399.3	8.2	-18.9	10.6	
463.3	-21.4	52.4	3.2	
490.3	35.2	89.3	5.7	
507.5	59.8	42.6	8.2	
490.3	22.9	27.8	8.2	
482.9	15.5	25.4	-9.1	
475.6	3.2	-4.1	15.5	
455.9	10.6	22.9	15.5	
426.4	3.2	18.0	-1.7	
399.3	-1.7	-1.7	5.7	
379.6	5.7	-18.9	-9.1	
340.3	40.1	0.8	-6.6	
320.6	79.5	-11.5	8.2	
298.4	99.2	-16.4	15.5	
293.5	89.3	-4.1	-1.7	
281.2	25.4	-9.1	-4.1	
286.1	-21.4	-9.1	3.2	
273.8	-31.2	3.2	0.8	
256.6	3.2	8.2	-1.7	
259.1	15.5	22.9	10.6	
246.8	50.0	27.8	10.6	
241.9	57.4	35.2	3.2	
236.9	62.3	5.7	13.1	
229.6	25.4	3.2	22.9	
212.3	64.7	-11.5	20.5	
212.3	62.3	25.4	22.9	
185.3	3.2	13.1	15.5	
187.7	-43.5	8.2	5.7	
175.4	-23.8	-6.6	0.8	
168.1	-36.1	8.2	3.2	
158.2	-36.1	5.7	0.8	
143.5	-1.7	15.5	5.7	
145.9	30.3	25.4	-4.1	
121.3	3.2	32.8	-18.9	
121.3	-23.8	37.7	-16.4	
113.9	-28.7	27.8	-16.4	
123.8	-31.2	5.7	10.6	
109.0	-14.0	-4.1	18.0	
111.5	0.8	-1.7	22.9	
123.8	8.2	0.8	0.8	
101.6	20.5	-6.6	-4.1	
104.1	13.1	-4.1	0.8	
101.6	8.2	-1.7	8.2	
84.4	3.2	-4.1	15.5	
79.5	3.2	-4.1	20.5	
84.4	-1.7	5.7	20.5	
86.9	10.6	22.9	30.3	
86.9	5.7	13.1	30.3	
82.0	5.7	-1.7	8.2	
54.9	8.2	-23.8	-16.4	
69.7	0.8	-33.7	-16.4	
59.8	0.8	-26.3	-4.1	
69.7	-9.1	-21.4	0.8	
74.6	-6.6	-18.9	10.6	
79.5	-6.6	-16.4	8.2	
91.8	8.2	-14.0	-4.1	
94.3	30.3	-1.7	-9.1	
96.7	59.8	-4.1	3.2	
104.1	69.7	-31.2	22.9	
111.5	77.0	-38.6	0.8	
109.0	86.9	-9.1	-1.7	
104.1	96.7	5.7	8.2	
123.8	116.4	69.7	30.3	
141.0	118.9	52.4	18.0	
133.6	111.5	10.6	3.2	
143.5	104.1	-9.1	5.7	
136.1	128.7	-11.5	3.2	
158.2	109.0	40.1	-6.6	
170.5	96.7	30.3	3.2	
160.7	91.8	15.5	8.2	
168.1	77.0	0.8	18.0	
177.9	94.3	-4.1	8.2	
175.4	104.1	-1.7	10.6	
173.0	84.4	10.6	-4.1	
168.1	37.7	15.5	8.2	
165.6	35.2	5.7	-1.7	
168.1	77.0	15.5	-11.5	
175.4	67.2	-18.9	-1.7	
185.3	67.2	-28.7	-4.1	
180.4	59.8	10.6	8.2	
177.9	64.7	-1.7	13.1	
195.1	59.8	-28.7	8.2	
185.3	22.9	-9.1	-6.6	
192.7	8.2	22.9	13.1	
195.1	13.1	32.8	18.0	
202.5	3.2	22.9	3.2	
200.0	5.7	-4.1	-4.1	
205.0	3.2	18.0	-11.5	
200.0	-16.4	15.5	-1.7	
209.9	-31.2	0.8	3.2	
209.9	-33.7	-9.1	5.7	
205.0	-21.4	-11.5	0.8	
212.3	-6.6	0.8	5.7	
222.2	-16.4	-1.7	8.2	
209.9	-16.4	-1.7	15.5	
227.1	-11.5	22.9	15.5	
224.6	-4.1	32.8	13.1	
217.3	-1.7	5.7	20.5	
209.9	18.0	13.1	18.0	
209.9	45.1	8.2	5.7	
212.3	25.4	-1.7	0.8	
214.8	20.5	-4.1	3.2	
209.9	15.5	0.8	-9.1	
197.6	18.0	5.7	13.1	
185.3	32.8	3.2	10.6	
190.2	18.0	5.7	18.0	
195.1	32.8	5.7	18.0	
185.3	47.5	-9.1	13.1	
182.8	15.5	-31.2	5.7	
192.7	3.2	-1.7	20.5	
163.1	20.5	5.7	13.1	
170.5	37.7	5.7	18.0	
170.5	25.4	-1.7	15.5	
158.2	-4.1	-18.9	35.2	
175.4	-4.1	0.8	8.2	
170.5	8.2	20.5	-9.1	
175.4	20.5	20.5	-14.0	
187.7	32.8	18.0	-4.1	
182.8	30.3	5.7	-16.4	
192.7	18.0	-1.7	8.2	
180.4	20.5	20.5	30.3	
192.7	13.1	15.5	-4.1	
180.4	15.5	20.5	-14.0	
177.9	18.0	8.2	-18.9	
187.7	35.2	-26.3	-14.0	
170.5	42.6	-21.4	22.9	
175.4	37.7	-16.4	15.5	
170.5	25.4	-9.1	18.0	
170.5	25.4	-11.5	25.4	
173.0	18.0	-23.8	25.4	
180.4	5.7	-4.1	-9.1	
173.0	18.0	20.5	5.7	
173.0	18.0	64.7	45.1	
177.9	22.9	57.4	30.3	
168.1	30.3	54.9	27.8	
170.5	35.2	32.8	-16.4	
168.1	22.9	20.5	-36.1	
175.4	15.5	5.7	-1.7	
170.5	15.5	5.7	-9.1	
165.6	40.1	5.7	-4.1	
163.1	22.9	3.2	13.1	
165.6	25.4	3.2	8.2	
153.3	35.2	20.5	-6.6	
170.5	32.8	18.0	-6.6	
145.9	37.7	-6.6	15.5	
145.9	18.0	5.7	30.3	
145.9	13.1	-53.3	40.1	
150.8	22.9	-55.8	42.6	
150.8	30.3	-36.1	20.5	
153.3	40.1	-4.1	8.2	
143.5	20.5	13.1	10.6	
136.1	30.3	42.6	-4.1	
141.0	22.9	37.7	3.2	
138.5	27.8	79.5	3.2	
141.0	27.8	82.0	0.8	
148.4	27.8	32.8	13.1	
143.5	30.3	0.8	-1.7	
145.9	25.4	0.8	-16.4	
150.8	30.3	-1.7	3.2	
153.3	32.8	0.8	3.2	
138.5	37.7	-41.0	-9.1	
148.4	40.1	-18.9	-6.6	
141.0	50.0	0.8	0.8	
143.5	18.0	20.5	-9.1	
155.8	18.0	22.9	3.2	
136.1	42.6	22.9	3.2	
141.0	30.3	18.0	-1.7	
138.5	40.1	10.6	13.1	
145.9	25.4	-21.4	5.7	
141.0	25.4	-50.9	0.8	
143.5	27.8	-38.6	10.6	
153.3	27.8	-18.9	8.2	
155.8	25.4	0.8	13.1	
160.7	25.4	18.0	3.2	
187.7	18.0	32.8	5.7	
180.4	35.2	18.0	10.6	
165.6	37.7	22.9	13.1	
182.8	35.2	20.5	20.5	
182.8	32.8	22.9	15.5	
187.7	37.7	-4.1	3.2	
180.4	27.8	8.2	8.2	
200.0	8.2	57.4	-9.1	
200.0	0.8	57.4	5.7	
200.0	22.9	0.8	-1.7	
202.5	25.4	13.1	10.6	
219.7	30.3	18.0	3.2	
217.3	37.7	-4.1	8.2	
217.3	27.8	-9.1	3.2	
236.9	25.4	-16.4	-9.1	
234.5	25.4	8.2	-4.1	
232.0	15.5	40.1	10.6	
239.4	32.8	54.9	3.2	
254.2	20.5	52.4	13.1	
261.5	27.8	27.8	10.6	
259.1	10.6	25.4	-4.1	
271.4	20.5	5.7	-4.1	
281.2	42.6	13.1	0.8	
283.7	59.8	10.6	3.2	
273.8	50.0	15.5	35.2	
271.4	25.4	50.0	54.9	
268.9	30.3	25.4	35.2	
278.8	30.3	10.6	0.8	
278.8	35.2	-11.5	-11.5	
293.5	27.8	-1.7	18.0	
298.4	32.8	15.5	18.0	
296.0	32.8	59.8	-11.5	
305.8	22.9	45.1	-1.7	
318.1	42.6	0.8	-11.5	
337.8	42.6	-11.5	-1.7	
337.8	42.6	8.2	3.2	
342.7	35.2	8.2	-1.7	
330.4	27.8	30.3	15.5	
352.6	27.8	27.8	10.6	
362.4	27.8	79.5	-16.4	
342.7	18.0	69.7	-14.0	
364.9	8.2	5.7	5.7	
345.2	-4.1	-33.7	-4.1	
355.0	5.7	-16.4	-4.1	
364.9	45.1	5.7	8.2	
367.3	52.4	-11.5	5.7	
382.1	37.7	-6.6	37.7	
384.5	27.8	8.2	64.7	
387.0	32.8	-28.7	67.2	
396.8	22.9	-43.5	72.1	
399.3	20.5	-65.6	54.9	
411.6	25.4	-26.3	32.8	
421.4	22.9	-9.1	-50.9	
421.4	27.8	15.5	-77.9	
426.4	30.3	47.5	-92.7	
416.5	25.4	54.9	-97.6	
426.4	25.4	30.3	-68.1	
416.5	37.7	45.1	-4.1	
411.6	32.8	54.9	18.0	
414.1	30.3	62.3	22.9	
423.9	3.2	47.5	25.4	
428.8	15.5	62.3	15.5	
433.7	22.9	52.4	30.3	
436.2	25.4	0.8	35.2	
446.0	30.3	-14.0	18.0	
441.1	37.7	-63.2	8.2	
451.0	37.7	-41.0	8.2	
441.1	30.3	-4.1	-18.9	
448.5	27.8	8.2	-28.7	
458.3	20.5	-1.7	-23.8	
460.8	20.5	-23.8	-26.3	
465.7	30.3	-28.7	-9.1	
463.3	35.2	-38.6	13.1	
468.2	27.8	-38.6	0.8	
465.7	27.8	-41.0	-6.6	
475.6	32.8	-48.4	10.6	
473.1	32.8	8.2	13.1	
480.5	25.4	27.8	8.2	
473.1	37.7	-36.1	10.6	
480.5	35.2	-58.3	8.2	
473.1	27.8	-36.1	3.2	
480.5	35.2	18.0	8.2	
490.3	25.4	59.8	13.1	
487.9	25.4	27.8	22.9	
495.2	20.5	-6.6	3.2	
495.2	22.9	22.9	13.1	
497.7	18.0	27.8	20.5	
487.9	20.5	25.4	15.5	
500.2	27.8	30.3	18.0	
500.2	30.3	10.6	10.6	
495.2	20.5	-26.3	13.1	
514.9	30.3	-50.9	8.2	
505.1	20.5	-46.0	8.2	
497.7	15.5	25.4	13.1	
502.6	27.8	3.2	15.5	
502.6	15.5	-11.5	27.8	
514.9	22.9	-33.7	13.1	
514.9	27.8	-28.7	5.7	
532.1	10.6	27.8	-1.7	
524.8	13.1	62.3	0.8	
539.5	27.8	131.2	3.2	
517.4	27.8	136.1	-4.1	
512.5	27.8	113.9	0.8	
500.2	25.4	69.7	0.8	
478.0	35.2	10.6	-6.6	
458.3	30.3	-33.7	-21.4	
458.3	25.4	-43.5	-6.6	
465.7	30.3	-46.0	-18.9	
497.7	30.3	-41.0	0.8	
510.0	20.5	5.7	10.6	
512.5	15.5	-4.1	-1.7	
539.5	25.4	-9.1	30.3	
610.9	30.3	-28.7	30.3	
662.5	32.8	-58.3	13.1	
645.3	25.4	-90.2	35.2	
650.2	30.3	-50.9	30.3	
657.6	35.2	-4.1	27.8	
650.2	40.1	52.4	42.6	
657.6	32.8	50.0	20.5	
665.0	32.8	57.4	15.5	
674.8	35.2	72.1	5.7	
640.4	35.2	3.2	-1.7	
623.2	32.8	20.5	5.7	
615.8	37.7	18.0	25.4	
618.2	37.7	27.8	30.3	
620.7	32.8	-11.5	27.8	
608.4	35.2	-41.0	15.5	
633.0	35.2	-21.4	-14.0	
674.8	37.7	13.1	-36.1	
669.9	47.5	22.9	-31.2	
679.7	27.8	10.6	-18.9	
677.3	37.7	20.5	3.2	
677.3	30.3	109.0	20.5	
672.4	20.5	72.1	40.1	
674.8	45.1	40.1	30.3	
677.3	35.2	-26.3	22.9	
687.1	27.8	-53.3	-4.1	
689.6	30.3	-55.8	-18.9	
672.4	37.7	-50.9	-21.4	
689.6	35.2	-28.7	-9.1	
692.0	27.8	-11.5	10.6	
694.5	35.2	42.6	20.5	
694.5	35.2	22.9	45.1	
687.1	40.1	18.0	47.5	
716.6	40.1	13.1	27.8	
711.7	37.7	22.9	8.2	
709.3	35.2	67.2	-16.4	
721.6	35.2	101.6	0.8	
724.0	35.2	62.3	18.0	
724.0	37.7	25.4	54.9	
726.5	30.3	-6.6	74.6	
721.6	40.1	3.2	67.2	
731.4	35.2	72.1	20.5	
731.4	50.0	84.4	-60.7	
743.7	35.2	15.5	-102.5	
748.6	32.8	0.8	-70.6	
748.6	35.2	15.5	-26.3	
756.0	32.8	40.1	8.2	
760.9	35.2	67.2	5.7	
760.9	32.8	86.9	-16.4	
770.8	35.2	42.6	-31.2	
768.3	40.1	-9.1	-28.7	
758.5	35.2	-41.0	-33.7	
773.2	32.8	-50.9	-14.0	
770.8	42.6	-23.8	-28.7	
780.6	37.7	13.1	0.8	
775.7	40.1	40.1	15.5	
770.8	37.7	35.2	13.1	
765.8	37.7	37.7	20.5	
768.3	20.5	40.1	10.6	
760.9	37.7	25.4	-4.1	
756.0	47.5	27.8	13.1	
760.9	35.2	30.3	32.8	
758.5	37.7	22.9	3.2	
751.1	30.3	32.8	-11.5	
736.3	32.8	37.7	-26.3	
719.1	40.1	67.2	-26.3	
721.6	32.8	79.5	-23.8	
721.6	32.8	54.9	8.2	
719.1	42.6	62.3	45.1	
719.1	32.8	52.4	30.3	
704.3	27.8	50.0	0.8	
706.8	25.4	59.8	-6.6	
699.4	22.9	25.4	20.5	
704.3	18.0	32.8	35.2	
701.9	37.7	50.0	20.5	
692.0	35.2	84.4	15.5	
682.2	25.4	37.7	13.1	
687.1	32.8	37.7	-1.7	
657.6	37.7	57.4	-9.1	
667.4	37.7	25.4	-31.2	
657.6	22.9	32.8	-70.6	
665.0	32.8	25.4	-80.4	
657.6	30.3	32.8	-36.1	
642.8	25.4	27.8	18.0	
645.3	32.8	-9.1	91.8	
630.5	20.5	-63.2	148.4	
633.0	25.4	-50.9	138.5	
605.9	35.2	0.8	18.0	
610.9	32.8	25.4	-48.4	
601.0	27.8	45.1	-26.3	
603.5	27.8	32.8	-21.4	
608.4	13.1	32.8	-38.6	
593.6	37.7	62.3	-6.6	
596.1	37.7	79.5	20.5	
591.2	25.4	15.5	18.0	
598.6	37.7	22.9	54.9	
596.1	27.8	15.5	47.5	
586.3	50.0	18.0	-16.4	
586.3	45.1	-4.1	-36.1	
586.3	27.8	-58.3	-11.5	
588.7	22.9	-75.5	-6.6	
581.3	25.4	-70.6	10.6	
574.0	18.0	-65.6	25.4	
559.2	32.8	-41.0	18.0	
551.8	15.5	-11.5	0.8	
559.2	32.8	0.8	-1.7	
551.8	62.3	15.5	-9.1	
569.0	25.4	8.2	5.7	
566.6	30.3	32.8	5.7	
556.7	32.8	0.8	3.2	
566.6	47.5	-28.7	10.6	
571.5	62.3	-38.6	15.5	
571.5	47.5	-21.4	15.5	
578.9	35.2	22.9	13.1	
576.4	37.7	47.5	10.6	
571.5	5.7	-18.9	0.8	
566.6	25.4	-77.9	3.2	
581.3	45.1	-43.5	-4.1	
601.0	22.9	-6.6	10.6	
601.0	35.2	-18.9	27.8	
596.1	25.4	-23.8	45.1	
603.5	54.9	-50.9	27.8	
586.3	59.8	-50.9	25.4	
583.8	-4.1	-53.3	22.9	
591.2	-28.7	-60.7	10.6	
601.0	47.5	-26.3	-18.9	
615.8	86.9	-14.0	-9.1	
633.0	121.3	-28.7	-9.1	
625.6	175.4	27.8	-1.7	
618.2	150.8	27.8	-6.6	
603.5	50.0	-4.1	-4.1	
586.3	35.2	-53.3	-14.0	
583.8	-33.7	-50.9	-18.9	
561.7	-90.2	-41.0	5.7	
566.6	-26.3	-43.5	27.8	
551.8	35.2	-33.7	57.4	
551.8	18.0	-31.2	72.1	
581.3	-21.4	-14.0	109.0	
578.9	47.5	-9.1	118.9	
583.8	77.0	-16.4	104.1	
581.3	59.8	-16.4	77.0	
569.0	-14.0	-4.1	77.0	
554.3	-33.7	5.7	59.8	
559.2	-55.8	-11.5	-9.1	
544.4	-92.7	8.2	-36.1	
564.1	-38.6	3.2	-65.6	
556.7	15.5	-1.7	-109.9	
561.7	40.1	-26.3	-105.0	
561.7	32.8	-38.6	-63.2	
569.0	18.0	-11.5	-55.8	
583.8	-14.0	-21.4	-53.3	
569.0	3.2	8.2	-53.3	
583.8	0.8	32.8	-43.5	
574.0	15.5	25.4	-38.6	
578.9	30.3	-38.6	-16.4	
586.3	27.8	-28.7	-6.6	
598.6	47.5	-41.0	5.7	
601.0	35.2	-41.0	25.4	
583.8	45.1	-11.5	35.2	
581.3	37.7	25.4	18.0	
586.3	25.4	72.1	-26.3	
588.7	25.4	104.1	-36.1	
578.9	27.8	104.1	-26.3	
576.4	20.5	74.6	-1.7	
586.3	30.3	-18.9	5.7	
588.7	37.7	-53.3	8.2	
603.5	27.8	-9.1	-4.1	
591.2	32.8	-26.3	-18.9	
603.5	37.7	-43.5	-6.6	
601.0	37.7	-41.0	-23.8	
596.1	30.3	-9.1	-21.4	
605.9	20.5	-4.1	-6.6	
613.3	27.8	-16.4	-16.4	
601.0	45.1	-16.4	-18.9	
618.2	40.1	0.8	5.7	
613.3	27.8	5.7	3.2	
613.3	30.3	15.5	-4.1	
615.8	47.5	5.7	18.0	
630.5	40.1	40.1	27.8	
647.8	40.1	37.7	20.5	
637.9	42.6	50.0	22.9	
645.3	27.8	59.8	-1.7	
642.8	50.0	52.4	-9.1	
650.2	35.2	20.5	-6.6	
645.3	35.2	25.4	-4.1	
642.8	37.7	22.9	8.2	
657.6	37.7	13.1	18.0	
669.9	45.1	20.5	18.0	
669.9	50.0	52.4	8.2	
672.4	37.7	91.8	30.3	
682.2	30.3	84.4	18.0	
694.5	20.5	64.7	20.5	
687.1	18.0	27.8	30.3	
699.4	13.1	22.9	52.4	
701.9	20.5	-14.0	15.5	
699.4	25.4	-38.6	13.1	
701.9	15.5	-6.6	-11.5	
709.3	50.0	20.5	-21.4	
719.1	59.8	32.8	5.7	
719.1	47.5	62.3	-1.7	
721.6	42.6	113.9	-18.9	
724.0	37.7	106.6	20.5	
741.2	45.1	57.4	27.8	
743.7	35.2	25.4	25.4	
751.1	32.8	45.1	62.3	
743.7	25.4	40.1	40.1	
760.9	40.1	42.6	-6.6	
770.8	35.2	27.8	-28.7	
770.8	18.0	-16.4	-58.3	
760.9	30.3	-58.3	-1.7	
758.5	57.4	-28.7	22.9	
760.9	32.8	-14.0	8.2	
753.5	20.5	18.0	-9.1	
765.8	10.6	18.0	-14.0	
756.0	42.6	8.2	-11.5	
756.0	35.2	-36.1	3.2	
743.7	22.9	-28.7	-1.7	
738.8	30.3	-50.9	-21.4	
765.8	22.9	-70.6	-38.6	
738.8	30.3	-46.0	-43.5	
753.5	27.8	-28.7	-53.3	
746.2	30.3	-31.2	-21.4	
756.0	25.4	-46.0	62.3	
736.3	30.3	-58.3	131.2	
753.5	27.8	-16.4	185.3	
758.5	40.1	15.5	160.7	
756.0	30.3	-11.5	15.5	
770.8	30.3	-36.1	15.5	
765.8	59.8	-46.0	79.5	
756.0	59.8	-58.3	-9.1	
741.2	37.7	-55.8	-65.6	
748.6	30.3	-58.3	-28.7	
733.9	5.7	-43.5	-33.7	
726.5	-9.1	-43.5	-48.4	
704.3	-4.1	-46.0	-53.3	
682.2	27.8	-33.7	-14.0	
679.7	20.5	-6.6	-14.0	
692.0	22.9	-4.1	-6.6	
711.7	25.4	-33.7	-11.5	
699.4	22.9	-77.9	0.8	
706.8	25.4	-90.2	3.2	
694.5	20.5	-97.6	5.7	
692.0	25.4	-102.5	5.7	
697.0	37.7	-100.1	25.4	
716.6	42.6	-73.0	18.0	
714.2	32.8	-48.4	13.1	
711.7	32.8	-41.0	3.2	
721.6	42.6	-28.7	3.2	
701.9	32.8	-26.3	-1.7	
706.8	35.2	18.0	10.6	
721.6	40.1	20.5	20.5	
721.6	35.2	-26.3	42.6	
719.1	32.8	15.5	47.5	
704.3	42.6	5.7	40.1	
711.7	40.1	-36.1	32.8	
706.8	40.1	-77.9	30.3	
709.3	35.2	-107.5	32.8	
716.6	35.2	-90.2	-21.4	
709.3	15.5	-63.2	-18.9	
711.7	32.8	-55.8	-21.4	
716.6	13.1	-55.8	0.8	
719.1	13.1	-36.1	25.4	
724.0	27.8	-11.5	42.6	
721.6	37.7	-4.1	62.3	
724.0	42.6	0.8	3.2	
714.2	30.3	-18.9	8.2	
724.0	35.2	-23.8	35.2	
731.4	42.6	-23.8	18.0	
721.6	30.3	-1.7	5.7	
719.1	18.0	20.5	-4.1	
724.0	50.0	32.8	30.3	
716.6	47.5	13.1	-9.1	
741.2	27.8	25.4	5.7	
738.8	27.8	50.0	40.1	
760.9	22.9	25.4	22.9	
746.2	15.5	-4.1	-11.5	
751.1	22.9	-1.7	-6.6	
746.2	32.8	42.6	37.7	
733.9	37.7	94.3	40.1	
738.8	42.6	54.9	-38.6	
738.8	32.8	35.2	-36.1	
743.7	35.2	50.0	-21.4	
743.7	30.3	54.9	-28.7	
753.5	25.4	62.3	-11.5	
760.9	8.2	25.4	0.8	
753.5	8.2	47.5	-14.0	
768.3	13.1	35.2	-75.5	
758.5	25.4	32.8	-65.6	
768.3	22.9	32.8	-26.3	
775.7	18.0	30.3	-31.2	
768.3	40.1	35.2	0.8	
770.8	47.5	59.8	8.2	
773.2	40.1	59.8	5.7	
765.8	30.3	-6.6	32.8	
778.1	25.4	-11.5	35.2	
797.8	25.4	32.8	47.5	
790.4	22.9	52.4	42.6	
785.5	27.8	67.2	40.1	
785.5	32.8	99.2	30.3	
788.0	37.7	64.7	-4.1	
785.5	50.0	40.1	-4.1	
775.7	32.8	3.2	-21.4	
770.8	35.2	-4.1	-28.7	
758.5	35.2	-1.7	-18.9	
770.8	37.7	3.2	-1.7	
763.4	47.5	10.6	0.8	
773.2	37.7	15.5	3.2	
768.3	32.8	79.5	0.8	
783.1	35.2	50.0	22.9	
832.3	40.1	42.6	25.4	
839.6	30.3	50.0	22.9	
837.2	40.1	20.5	8.2	
824.9	40.1	20.5	5.7	
817.5	27.8	42.6	-6.6	
820.0	27.8	64.7	8.2	
805.2	42.6	52.4	0.8	
795.4	35.2	52.4	3.2	
783.1	30.3	40.1	0.8	
778.1	27.8	59.8	-18.9	
778.1	20.5	50.0	0.8	
780.6	20.5	-4.1	0.8	
768.3	22.9	-46.0	20.5	
765.8	37.7	-28.7	30.3	
768.3	32.8	8.2	-16.4	
760.9	35.2	27.8	-9.1	
746.2	25.4	20.5	0.8	
746.2	25.4	3.2	10.6	
756.0	35.2	57.4	3.2	
756.0	47.5	145.9	3.2	
736.3	30.3	163.1	5.7	
738.8	32.8	116.4	0.8	
731.4	13.1	25.4	13.1	
724.0	35.2	-23.8	-4.1	
731.4	27.8	-1.7	3.2	
724.0	35.2	5.7	3.2	
714.2	32.8	37.7	-4.1	
711.7	18.0	27.8	37.7	
716.6	22.9	37.7	13.1	
719.1	25.4	22.9	8.2	
706.8	35.2	13.1	42.6	
711.7	40.1	3.2	40.1	
701.9	40.1	27.8	40.1	
689.6	40.1	20.5	15.5	
701.9	32.8	20.5	30.3	
704.3	42.6	57.4	25.4	
689.6	40.1	113.9	13.1	
706.8	40.1	101.6	-1.7	
714.2	27.8	84.4	-33.7	
704.3	45.1	69.7	-55.8	
711.7	25.4	35.2	-26.3	
719.1	35.2	0.8	-11.5	
711.7	25.4	-68.1	10.6	
697.0	32.8	-92.7	-9.1	
711.7	35.2	-92.7	-6.6	
726.5	35.2	-85.3	-21.4	
711.7	37.7	-53.3	-26.3	
716.6	40.1	-50.9	-18.9	
699.4	27.8	-38.6	3.2	
701.9	18.0	-11.5	22.9	
716.6	32.8	30.3	-1.7	
694.5	18.0	35.2	10.6	
679.7	20.5	52.4	52.4	
679.7	22.9	37.7	54.9	
701.9	32.8	0.8	22.9	
701.9	20.5	-36.1	37.7	
706.8	32.8	72.1	25.4	
704.3	27.8	101.6	37.7	
721.6	27.8	20.5	37.7	
726.5	30.3	13.1	42.6	
716.6	22.9	-60.7	30.3	
701.9	30.3	-95.2	35.2	
694.5	37.7	-85.3	30.3	
687.1	35.2	-55.8	8.2	
672.4	25.4	-82.9	-18.9	
679.7	37.7	-46.0	-43.5	
679.7	18.0	-14.0	-31.2	
667.4	22.9	42.6	-31.2	
660.1	37.7	42.6	-23.8	
657.6	20.5	62.3	5.7	
672.4	22.9	45.1	13.1	
679.7	32.8	-4.1	18.0	
652.7	25.4	-46.0	-14.0	
630.5	27.8	-23.8	-31.2	
640.4	35.2	-14.0	-16.4	
628.1	45.1	37.7	-11.5	
623.2	37.7	109.0	15.5	
637.9	45.1	94.3	35.2	
625.6	69.7	30.3	45.1	
623.2	40.1	-41.0	25.4	
620.7	35.2	-41.0	0.8	
618.2	27.8	-31.2	-16.4	
613.3	32.8	-9.1	-6.6	
610.9	25.4	15.5	30.3	
608.4	32.8	20.5	62.3	
603.5	25.4	42.6	20.5	
608.4	15.5	35.2	-9.1	
608.4	37.7	40.1	-28.7	
620.7	18.0	25.4	-9.1	
618.2	25.4	10.6	0.8	
608.4	27.8	3.2	-11.5	
603.5	15.5	13.1	15.5	
598.6	13.1	32.8	27.8	
581.3	15.5	50.0	27.8	
574.0	5.7	45.1	8.2	
559.2	0.8	18.0	8.2	
551.8	-1.7	13.1	13.1	
551.8	-4.1	18.0	32.8	
532.1	5.7	13.1	50.0	
529.7	5.7	8.2	84.4	
524.8	8.2	3.2	35.2	
517.4	-1.7	8.2	5.7	
507.5	-6.6	5.7	25.4	
492.8	-6.6	-1.7	5.7	
490.3	-1.7	8.2	79.5	
478.0	3.2	-1.7	109.0	
475.6	-1.7	-18.9	77.0	
478.0	-11.5	-36.1	-48.4	
470.6	5.7	-31.2	-41.0	
451.0	0.8	-14.0	27.8	
438.7	-6.6	-9.1	59.8	
438.7	-16.4	47.5	-6.6	
426.4	-11.5	54.9	-87.8	
426.4	-4.1	5.7	-97.6	
421.4	5.7	-26.3	-97.6	
416.5	13.1	5.7	-26.3	
409.1	37.7	5.7	-55.8	
394.4	40.1	18.0	-43.5	
394.4	25.4	-1.7	22.9	
372.2	42.6	0.8	37.7	
389.5	54.9	18.0	74.6	
377.2	45.1	25.4	37.7	
369.8	74.6	3.2	-28.7	
369.8	96.7	-43.5	-55.8	
369.8	121.3	-50.9	-41.0	
355.0	109.0	-33.7	-46.0	
347.6	113.9	-28.7	-38.6	
330.4	109.0	-31.2	-28.7	
332.9	116.4	-28.7	-4.1	
335.3	109.0	27.8	-4.1	
315.7	94.3	42.6	-9.1	
320.6	94.3	52.4	3.2	
325.5	89.3	45.1	-9.1	
303.4	89.3	18.0	5.7	
293.5	82.0	-4.1	5.7	
288.6	82.0	-21.4	-11.5	
283.7	67.2	-21.4	10.6	
283.7	62.3	-21.4	5.7	
303.4	72.1	-1.7	-9.1	
286.1	64.7	5.7	-4.1	
288.6	47.5	8.2	0.8	
281.2	42.6	50.0	0.8	
283.7	35.2	104.1	18.0	
271.4	40.1	79.5	25.4	
264.0	20.5	10.6	20.5	
251.7	8.2	-26.3	20.5	
241.9	22.9	-41.0	32.8	
244.3	13.1	-11.5	22.9	
239.4	10.6	0.8	8.2	
234.5	5.7	0.8	-1.7	
251.7	-9.1	8.2	0.8	
229.6	-16.4	15.5	-14.0	
229.6	-9.1	35.2	0.8	
202.5	-14.0	13.1	13.1	
195.1	8.2	-11.5	22.9	
207.4	30.3	0.8	20.5	
205.0	0.8	18.0	25.4	
205.0	18.0	-21.4	35.2	
205.0	47.5	-31.2	30.3	
219.7	50.0	-18.9	18.0	
214.8	30.3	3.2	8.2	
209.9	25.4	30.3	-18.9	
209.9	25.4	94.3	-26.3	
190.2	20.5	59.8	-33.7	
177.9	50.0	-6.6	-11.5	
160.7	59.8	-26.3	-9.1	
155.8	20.5	-23.8	8.2	
150.8	84.4	3.2	0.8	
145.9	37.7	30.3	-11.5	
150.8	-9.1	50.0	0.8	
148.4	35.2	27.8	15.5	
131.2	82.0	13.1	18.0	
145.9	77.0	8.2	30.3	
136.1	62.3	-18.9	18.0	
138.5	-21.4	-33.7	-28.7	
138.5	0.8	-26.3	-28.7	
148.4	62.3	-46.0	-21.4	
148.4	32.8	-46.0	-4.1	
148.4	-26.3	-28.7	0.8	
155.8	-68.1	-9.1	0.8	
148.4	-164.0	37.7	3.2	
148.4	-171.4	50.0	22.9	
145.9	-77.9	-9.1	32.8	
150.8	-26.3	-18.9	42.6	
141.0	-11.5	-28.7	22.9	
143.5	27.8	-21.4	-16.4	
153.3	15.5	-28.7	-14.0	
153.3	10.6	-55.8	-4.1	
163.1	35.2	-63.2	30.3	
148.4	32.8	-60.7	32.8	
163.1	96.7	-60.7	20.5	
148.4	94.3	-21.4	8.2	
133.6	52.4	15.5	3.2	
133.6	40.1	5.7	8.2	
136.1	52.4	-9.1	10.6	
123.8	52.4	37.7	8.2	
128.7	15.5	50.0	42.6	
116.4	-14.0	18.0	50.0	
106.6	-6.6	3.2	27.8	
101.6	18.0	-4.1	-38.6	
96.7	20.5	-11.5	-53.3	
89.3	18.0	3.2	-33.7	
104.1	13.1	-16.4	-23.8	
94.3	27.8	-18.9	-4.1	
91.8	30.3	-23.8	3.2	
84.4	22.9	-21.4	54.9	
79.5	27.8	-38.6	50.0	
84.4	42.6	-18.9	47.5	
74.6	35.2	-9.1	84.4	
72.1	42.6	-41.0	52.4	
89.3	42.6	-60.7	57.4	
67.2	25.4	-55.8	37.7	
64.7	32.8	-46.0	13.1	
54.9	35.2	-38.6	-43.5	
69.7	27.8	-33.7	-50.9	
52.4	25.4	-33.7	-53.3	
59.8	45.1	-28.7	-23.8	
45.1	35.2	-6.6	3.2	
40.1	37.7	5.7	32.8	
42.6	25.4	13.1	67.2	
42.6	18.0	-11.5	72.1	
45.1	22.9	-41.0	25.4	
42.6	27.8	-50.9	-1.7	
47.5	40.1	-48.4	-31.2	
45.1	54.9	-21.4	-41.0	
27.8	47.5	-6.6	-31.2	
20.5	45.1	22.9	0.8	
27.8	47.5	25.4	-23.8	
30.3	25.4	37.7	-6.6	
22.9	35.2	-1.7	47.5	
27.8	32.8	-18.9	82.0	
35.2	22.9	-16.4	-6.6	
32.8	32.8	3.2	20.5	
15.5	35.2	8.2	15.5	
35.2	25.4	-6.6	10.6	
30.3	22.9	27.8	-21.4	
30.3	22.9	30.3	-65.6	
40.1	32.8	18.0	-41.0	
42.6	27.8	-11.5	-18.9	
42.6	37.7	8.2	15.5	
37.7	32.8	22.9	-6.6	
35.2	32.8	13.1	-26.3	
32.8	37.7	5.7	-16.4	
37.7	30.3	-1.7	15.5	
32.8	18.0	-11.5	50.0	
37.7	18.0	-11.5	27.8	
52.4	37.7	-38.6	3.2	
57.4	32.8	-9.1	-18.9	
54.9	32.8	35.2	-14.0	
50.0	32.8	64.7	-14.0	
40.1	40.1	74.6	-23.8	
40.1	35.2	40.1	-6.6	
57.4	45.1	10.6	0.8	
52.4	40.1	-1.7	13.1	
59.8	25.4	-1.7	22.9	
64.7	27.8	-4.1	20.5	
79.5	27.8	8.2	15.5	
40.1	32.8	15.5	5.7	
35.2	25.4	27.8	8.2	
22.9	27.8	35.2	20.5	
22.9	22.9	35.2	25.4	
18.0	20.5	27.8	27.8	
22.9	22.9	30.3	5.7	
35.2	40.1	10.6	-11.5	
59.8	32.8	0.8	3.2	
47.5	45.1	8.2	-9.1	
47.5	32.8	5.7	-9.1	
42.6	20.5	5.7	35.2	
42.6	45.1	13.1	59.8	
50.0	25.4	5.7	30.3	
45.1	37.7	13.1	22.9	
50.0	37.7	27.8	22.9	
40.1	22.9	27.8	57.4	
37.7	25.4	27.8	123.8	
32.8	15.5	20.5	111.5	
25.4	27.8	42.6	-21.4	
5.7	10.6	37.7	-137.0	
15.5	13.1	40.1	-127.1	
18.0	35.2	40.1	-36.1	
13.1	40.1	35.2	-14.0	
20.5	18.0	27.8	10.6	
18.0	13.1	37.7	0.8	
8.2	30.3	37.7	-16.4	
3.2	37.7	30.3	-9.1	
3.2	59.8	35.2	-11.5	
-4.1	37.7	47.5	-11.5	
-16.4	42.6	27.8	-1.7	
-16.4	32.8	3.2	5.7	
-21.4	32.8	13.1	-4.1	
-28.7	45.1	22.9	3.2	
-55.8	52.4	10.6	10.6	
-38.6	47.5	22.9	10.6	
-38.6	32.8	27.8	30.3	
-43.5	40.1	40.1	27.8	
-48.4	40.1	35.2	10.6	
-53.3	25.4	5.7	-4.1	
-48.4	15.5	-33.7	8.2	
-48.4	3.2	-38.6	22.9	
-50.9	3.2	-23.8	45.1	
-48.4	8.2	-11.5	30.3	
-36.1	20.5	-33.7	27.8	
-36.1	18.0	-63.2	22.9	
-43.5	35.2	-11.5	18.0	
-50.9	22.9	30.3	10.6	
-68.1	20.5	59.8	5.7	
-77.9	27.8	62.3	-4.1	
-102.5	25.4	20.5	5.7	
-102.5	22.9	15.5	-4.1	
-105.0	30.3	20.5	20.5	
-112.4	27.8	0.8	32.8	
-100.1	22.9	-43.5	20.5	
-102.5	27.8	-36.1	5.7	
-97.6	42.6	-43.5	-28.7	
-95.2	30.3	-11.5	-33.7	
-73.0	25.4	32.8	-14.0	
-82.9	15.5	86.9	10.6	
-95.2	27.8	121.3	13.1	
-85.3	37.7	82.0	5.7	
-90.2	25.4	27.8	8.2	
-87.8	25.4	0.8	8.2	
-90.2	15.5	-26.3	8.2	
-85.3	15.5	-9.1	-16.4	
-85.3	30.3	-1.7	10.6	
-87.8	27.8	-16.4	10.6	
-85.3	25.4	-14.0	0.8	
-73.0	42.6	-26.3	8.2	
-73.0	27.8	-14.0	15.5	
-70.6	35.2	5.7	25.4	
-68.1	30.3	35.2	27.8	
-70.6	20.5	82.0	-9.1	
-77.9	40.1	64.7	-11.5	
-73.0	30.3	37.7	-1.7	
-77.9	20.5	-4.1	10.6	
-85.3	22.9	-9.1	18.0	
-82.9	27.8	0.8	35.2	
-87.8	40.1	5.7	22.9	
-85.3	32.8	-4.1	18.0	
-68.1	25.4	-1.7	0.8	
-73.0	20.5	-23.8	-16.4	
-77.9	27.8	10.6	-23.8	
-68.1	25.4	27.8	-28.7	
-68.1	22.9	30.3	-26.3	
-65.6	27.8	45.1	15.5	
-70.6	32.8	32.8	18.0	
-73.0	22.9	52.4	27.8	
-63.2	32.8	84.4	57.4	
-58.3	45.1	59.8	57.4	
-55.8	32.8	50.0	-4.1	
-70.6	22.9	27.8	-36.1	
-68.1	35.2	20.5	-28.7	
-87.8	57.4	25.4	-21.4	
-68.1	50.0	32.8	52.4	
-73.0	37.7	32.8	94.3	
-75.5	54.9	22.9	57.4	
-68.1	20.5	32.8	-28.7	
-65.6	-16.4	27.8	-36.1	
-75.5	-1.7	40.1	30.3	
-70.6	30.3	27.8	35.2	
-60.7	22.9	32.8	22.9	
-58.3	8.2	27.8	79.5	
-50.9	5.7	22.9	82.0	
-58.3	35.2	15.5	30.3	
-55.8	45.1	-4.1	5.7	
-41.0	52.4	-4.1	3.2	
-41.0	45.1	5.7	-90.2	
-36.1	37.7	22.9	-156.7	
-41.0	32.8	32.8	-95.2	
-50.9	35.2	20.5	-26.3	
-46.0	27.8	52.4	-1.7	
-38.6	45.1	106.6	5.7	
-46.0	42.6	47.5	-4.1	
-38.6	47.5	-46.0	0.8	
-43.5	40.1	-82.9	3.2	
-53.3	45.1	-55.8	3.2	
-63.2	40.1	-28.7	-9.1	
-75.5	30.3	0.8	-23.8	
-65.6	37.7	52.4	-6.6	
-65.6	42.6	57.4	10.6	
-58.3	27.8	72.1	20.5	
-53.3	40.1	27.8	18.0	
-60.7	18.0	27.8	18.0	
-55.8	8.2	8.2	30.3	
-75.5	25.4	-41.0	45.1	
-82.9	25.4	-48.4	42.6	
-85.3	27.8	-50.9	40.1	
-97.6	32.8	-53.3	15.5	
-92.7	40.1	-21.4	10.6	
-90.2	50.0	30.3	-33.7	
-100.1	37.7	3.2	-41.0	
-90.2	37.7	-33.7	-41.0	
-95.2	42.6	-16.4	-4.1	
-105.0	40.1	30.3	15.5	
-97.6	37.7	-4.1	30.3	
-102.5	37.7	-48.4	27.8	
-109.9	40.1	-36.1	30.3	
-114.8	27.8	-9.1	25.4	
-109.9	42.6	18.0	18.0	
-112.4	27.8	45.1	13.1	
-105.0	32.8	18.0	10.6	
-127.1	25.4	27.8	-1.7	
-109.9	30.3	45.1	0.8	
-122.2	35.2	25.4	3.2	
-114.8	37.7	42.6	-9.1	
-117.3	35.2	47.5	0.8	
-105.0	35.2	45.1	5.7	
-95.2	42.6	-65.6	0.8	
-90.2	30.3	-117.3	-1.7	
-109.9	25.4	-50.9	8.2	
-114.8	27.8	-28.7	13.1	
-124.7	35.2	13.1	27.8	
-137.0	32.8	45.1	37.7	
-146.8	45.1	37.7	37.7	
-139.4	42.6	47.5	25.4	
-151.7	47.5	94.3	22.9	
-146.8	35.2	123.8	8.2	
-139.4	37.7	136.1	-14.0	
-132.1	30.3	59.8	-14.0	
-137.0	37.7	20.5	-28.7	
-137.0	35.2	40.1	-18.9	
-124.7	27.8	84.4	13.1	
-127.1	37.7	101.6	27.8	
-137.0	32.8	96.7	18.0	
-112.4	22.9	111.5	8.2	
-127.1	25.4	86.9	-6.6	
-119.8	27.8	37.7	-21.4	
-124.7	57.4	10.6	-18.9	
-124.7	40.1	-6.6	-23.8	
-117.3	22.9	-18.9	-14.0	
-114.8	30.3	-33.7	0.8	
-107.5	32.8	-26.3	-6.6	
-97.6	42.6	-1.7	5.7	
-107.5	40.1	79.5	10.6	
-105.0	40.1	45.1	-1.7	
-112.4	37.7	45.1	-6.6	
-122.2	32.8	45.1	0.8	
-107.5	22.9	35.2	10.6	
-122.2	15.5	-1.7	10.6	
-149.3	27.8	-1.7	25.4	
-141.9	35.2	32.8	8.2	
-139.4	37.7	15.5	8.2	
-141.9	22.9	-11.5	0.8	
-132.1	27.8	-38.6	-16.4	
-95.2	37.7	-18.9	-11.5	
-87.8	35.2	3.2	-9.1	
-117.3	35.2	5.7	22.9	
-109.9	32.8	8.2	27.8	
-109.9	18.0	13.1	22.9	
-119.8	20.5	8.2	42.6	
-127.1	22.9	-23.8	18.0	
-119.8	32.8	-21.4	-28.7	
-132.1	37.7	0.8	-33.7	
-139.4	35.2	-1.7	-4.1	
-137.0	35.2	-16.4	22.9	
-119.8	45.1	-14.0	32.8	
-109.9	22.9	-9.1	-9.1	
-124.7	32.8	22.9	-9.1	
-122.2	30.3	42.6	-18.9	
-124.7	25.4	8.2	-21.4	
-132.1	40.1	-26.3	-6.6	
-144.4	15.5	-31.2	8.2	
-129.6	22.9	-38.6	13.1	
-141.9	30.3	-11.5	27.8	
-129.6	27.8	72.1	37.7	
-134.5	20.5	62.3	52.4	
-129.6	37.7	37.7	30.3	
-114.8	35.2	8.2	13.1	
-112.4	30.3	-6.6	27.8	
-107.5	32.8	10.6	8.2	
-109.9	30.3	8.2	-28.7	
-114.8	37.7	18.0	-38.6	
-132.1	30.3	8.2	-23.8	
-134.5	27.8	-33.7	3.2	
-134.5	40.1	-46.0	22.9	
-122.2	42.6	-23.8	0.8	
-122.2	30.3	-33.7	20.5	
-132.1	30.3	0.8	13.1	
-132.1	30.3	-14.0	0.8	
-124.7	32.8	-16.4	5.7	
-137.0	30.3	-28.7	13.1	
-132.1	30.3	-21.4	10.6	
-122.2	37.7	-1.7	15.5	
-132.1	40.1	-23.8	27.8	
-122.2	30.3	-23.8	20.5	
-112.4	40.1	-50.9	32.8	
-124.7	32.8	5.7	30.3	
-119.8	35.2	-18.9	25.4	
-124.7	30.3	-55.8	-18.9	
-117.3	35.2	-16.4	-50.9	
-117.3	35.2	-9.1	-18.9	
-129.6	35.2	10.6	-1.7	
-119.8	22.9	8.2	-6.6	
-122.2	35.2	-21.4	-4.1	
-112.4	35.2	-16.4	13.1	
-114.8	35.2	-11.5	10.6	
-141.9	27.8	10.6	15.5	
-139.4	32.8	-14.0	-1.7	
-139.4	35.2	-1.7	10.6	
-134.5	27.8	-11.5	13.1	
-139.4	40.1	-6.6	0.8	
-144.4	40.1	-18.9	-1.7	
-149.3	22.9	-11.5	15.5	
-139.4	30.3	-14.0	3.2	
-132.1	20.5	-16.4	-18.9	
-129.6	22.9	-33.7	-6.6	
-137.0	32.8	-60.7	27.8	
-154.2	27.8	-55.8	40.1	
-146.8	20.5	-50.9	30.3	
-129.6	42.6	-73.0	15.5	
-129.6	52.4	-68.1	37.7	
-119.8	45.1	-31.2	32.8	
-112.4	82.0	15.5	5.7	
-90.2	69.7	74.6	-9.1	
-85.3	5.7	79.5	-41.0	
-77.9	8.2	42.6	-60.7	
-77.9	106.6	32.8	-14.0	
-90.2	163.1	27.8	-18.9	
-134.5	111.5	47.5	-1.7	
-144.4	72.1	8.2	15.5	
-151.7	138.5	-28.7	30.3	
-164.0	160.7	-9.1	30.3	
-176.3	69.7	-6.6	37.7	
-141.9	18.0	-6.6	40.1	
-144.4	-26.3	18.0	18.0	
-132.1	-132.1	0.8	15.5	
-127.1	-164.0	-9.1	-28.7	
-134.5	-134.5	0.8	5.7	
-124.7	-92.7	-38.6	10.6	
-134.5	-68.1	-26.3	-11.5	
-129.6	-28.7	-11.5	-28.7	
-109.9	15.5	-21.4	-28.7	
-117.3	50.0	-21.4	-26.3	
-122.2	62.3	3.2	-9.1	
-112.4	47.5	-1.7	-6.6	
-119.8	69.7	-36.1	22.9	
-100.1	82.0	-73.0	18.0	
-92.7	59.8	-75.5	-9.1	
-87.8	52.4	-33.7	-53.3	
-85.3	50.0	-14.0	-1.7	
-102.5	-31.2	52.4	22.9	
-92.7	-90.2	64.7	27.8	
-97.6	-53.3	40.1	40.1	
-85.3	-11.5	3.2	35.2	
-85.3	8.2	5.7	15.5	
-80.4	35.2	-14.0	5.7	
-85.3	20.5	-23.8	-14.0	
-82.9	25.4	-16.4	-14.0	
-90.2	27.8	-16.4	-14.0	
-82.9	45.1	-33.7	22.9	
-87.8	47.5	-41.0	82.0	
-95.2	47.5	-28.7	69.7	
-102.5	45.1	-21.4	54.9	
-85.3	22.9	-4.1	-16.4	
-92.7	30.3	8.2	-4.1	
-92.7	35.2	5.7	30.3	
-95.2	15.5	8.2	20.5	
-97.6	15.5	-1.7	-75.5	
-92.7	32.8	0.8	-4.1	
-82.9	40.1	-23.8	22.9	
-90.2	40.1	-33.7	35.2	
-80.4	32.8	-23.8	77.0	
-102.5	32.8	-26.3	8.2	
-100.1	37.7	-11.5	8.2	
-85.3	57.4	42.6	-9.1	
-80.4	67.2	96.7	-21.4	
-80.4	37.7	40.1	-9.1	
-87.8	22.9	3.2	-63.2	
-97.6	27.8	5.7	-55.8	
-107.5	32.8	18.0	-36.1	
-114.8	37.7	5.7	-9.1	
-112.4	30.3	-21.4	5.7	
-117.3	45.1	-11.5	32.8	
-105.0	32.8	-14.0	35.2	
-92.7	37.7	-1.7	20.5	
-109.9	42.6	15.5	13.1	
-102.5	35.2	22.9	18.0	
-112.4	40.1	40.1	22.9	
-105.0	42.6	37.7	15.5	
-100.1	40.1	40.1	27.8	
-109.9	45.1	52.4	18.0	
-95.2	37.7	18.0	10.6	
-87.8	35.2	-16.4	20.5	
-97.6	35.2	-36.1	13.1	
-87.8	30.3	-60.7	3.2	
-95.2	37.7	-28.7	15.5	
-105.0	30.3	18.0	-1.7	
-92.7	27.8	-4.1	-1.7	
-92.7	30.3	-18.9	-6.6	
-107.5	35.2	3.2	5.7	
-105.0	45.1	5.7	-9.1	
-109.9	40.1	8.2	-9.1	
-92.7	40.1	37.7	-9.1	
-85.3	35.2	47.5	20.5	
-95.2	27.8	18.0	20.5	
-82.9	32.8	-23.8	20.5	
-87.8	32.8	-31.2	18.0	
-85.3	27.8	-23.8	18.0	
-85.3	22.9	-16.4	13.1	
-95.2	32.8	22.9	27.8	
-105.0	27.8	54.9	27.8	
-95.2	25.4	62.3	-6.6	
-90.2	37.7	25.4	3.2	
-102.5	40.1	30.3	-9.1	
-90.2	25.4	72.1	-6.6	
-105.0	32.8	42.6	18.0	
-95.2	27.8	30.3	27.8	
-92.7	40.1	15.5	15.5	
-105.0	37.7	3.2	10.6	
-92.7	35.2	-18.9	-1.7	
-80.4	40.1	-38.6	0.8	
-90.2	45.1	0.8	15.5	
-82.9	30.3	8.2	18.0	
-82.9	35.2	35.2	0.8	
-80.4	35.2	25.4	0.8	
-77.9	20.5	40.1	-11.5	
-85.3	40.1	47.5	-4.1	
-95.2	32.8	54.9	-4.1	
-95.2	25.4	25.4	3.2	
-80.4	25.4	25.4	-1.7	
-75.5	32.8	15.5	-14.0	
-80.4	32.8	30.3	10.6	
-77.9	35.2	30.3	5.7	
-75.5	27.8	18.0	8.2	
-68.1	22.9	22.9	20.5	
-77.9	30.3	37.7	22.9	
-70.6	15.5	37.7	10.6	
-77.9	25.4	27.8	-4.1	
-70.6	22.9	18.0	0.8	
-90.2	27.8	30.3	-1.7	
-87.8	37.7	13.1	3.2	
-85.3	27.8	-4.1	3.2	
-100.1	27.8	-21.4	-6.6	
-92.7	30.3	-4.1	0.8	
-100.1	45.1	8.2	-9.1	
-82.9	35.2	54.9	20.5	
-97.6	20.5	64.7	25.4	
-90.2	22.9	82.0	-1.7	
-80.4	32.8	25.4	-9.1	
-92.7	35.2	5.7	-4.1	
-102.5	35.2	-18.9	0.8	
-97.6	27.8	-1.7	15.5	
-92.7	37.7	0.8	30.3	
-80.4	40.1	-16.4	18.0	
-92.7	37.7	10.6	13.1	
-80.4	27.8	30.3	10.6	
-77.9	25.4	25.4	-4.1	
-82.9	37.7	54.9	5.7	
-80.4	15.5	62.3	-4.1	
-68.1	5.7	18.0	-11.5	
-80.4	3.2	-1.7	-6.6	
-77.9	22.9	-18.9	18.0	
-80.4	30.3	0.8	13.1	
-92.7	18.0	-11.5	18.0	
-97.6	27.8	-6.6	37.7	
-87.8	32.8	3.2	22.9	
-87.8	47.5	25.4	25.4	
-97.6	35.2	59.8	30.3	
-100.1	35.2	35.2	5.7	
-100.1	35.2	35.2	-4.1	
-92.7	47.5	37.7	13.1	
-82.9	40.1	32.8	25.4	
-80.4	30.3	-28.7	22.9	
-87.8	18.0	-31.2	10.6	
-105.0	40.1	-33.7	22.9	
-87.8	25.4	-16.4	25.4	
-92.7	35.2	-4.1	-9.1	
-102.5	42.6	10.6	-9.1	
-97.6	40.1	57.4	-38.6	
-92.7	22.9	64.7	0.8	
-82.9	42.6	84.4	-9.1	
-70.6	35.2	67.2	10.6	
-73.0	37.7	10.6	37.7	
-85.3	27.8	-58.3	77.0	
-73.0	15.5	-55.8	57.4	
-85.3	22.9	-28.7	32.8	
-100.1	32.8	-31.2	-6.6	
-73.0	35.2	-14.0	-28.7	
-63.2	37.7	8.2	-21.4	
-77.9	40.1	-4.1	-18.9	
-77.9	22.9	3.2	-28.7	
-70.6	30.3	37.7	-23.8	
-70.6	42.6	89.3	-18.9	
-77.9	35.2	96.7	-11.5	
-90.2	42.6	62.3	0.8	
-82.9	20.5	13.1	-16.4	
-95.2	27.8	35.2	5.7	
-95.2	30.3	-1.7	-14.0	
-77.9	45.1	-21.4	3.2	
-82.9	30.3	-9.1	8.2	
-87.8	37.7	-4.1	3.2	
-82.9	35.2	10.6	22.9	
-75.5	35.2	22.9	20.5	
-75.5	35.2	5.7	30.3	
-75.5	37.7	-9.1	22.9	
-90.2	35.2	-9.1	54.9	
-60.7	20.5	-26.3	64.7	
-68.1	40.1	-23.8	22.9	
-60.7	30.3	-33.7	-4.1	
-58.3	27.8	-1.7	-36.1	
-60.7	27.8	18.0	-21.4	
-70.6	42.6	-9.1	-4.1	
-82.9	30.3	-18.9	-9.1	
-82.9	27.8	-16.4	-21.4	
-80.4	27.8	8.2	-14.0	
-97.6	32.8	64.7	-18.9	
-82.9	27.8	96.7	-31.2	
-70.6	10.6	20.5	-46.0	
-77.9	15.5	-4.1	3.2	
-73.0	42.6	8.2	18.0	
-82.9	32.8	10.6	18.0	
-70.6	37.7	30.3	37.7	
-63.2	22.9	8.2	52.4	
-65.6	22.9	-33.7	15.5	
-77.9	27.8	5.7	8.2	
-70.6	27.8	8.2	27.8	
-60.7	37.7	30.3	22.9	
-58.3	25.4	13.1	13.1	
-68.1	30.3	54.9	37.7	
-73.0	40.1	74.6	25.4	
-65.6	22.9	25.4	15.5	
-90.2	25.4	45.1	30.3	
-82.9	32.8	35.2	32.8	
-87.8	35.2	10.6	5.7	
-95.2	30.3	5.7	0.8	
-109.9	32.8	-11.5	8.2	
-105.0	30.3	-14.0	20.5	
-97.6	47.5	-16.4	20.5	
-80.4	40.1	20.5	15.5	
-43.5	32.8	5.7	15.5	
-48.4	25.4	-6.6	13.1	
-77.9	30.3	-6.6	8.2	
-65.6	27.8	15.5	-14.0	
-68.1	20.5	22.9	-50.9	
-77.9	25.4	10.6	-26.3	
-80.4	25.4	-9.1	-9.1	
-68.1	32.8	-9.1	-1.7	
-73.0	22.9	-46.0	5.7	
-75.5	22.9	-73.0	18.0	
-70.6	32.8	-77.9	10.6	
-63.2	35.2	-50.9	-9.1	
-68.1	32.8	-31.2	10.6	
-46.0	32.8	-6.6	13.1	
-31.2	30.3	10.6	20.5	
-53.3	42.6	57.4	22.9	
-65.6	18.0	86.9	8.2	
-87.8	22.9	67.2	-1.7	
-77.9	37.7	47.5	8.2	
-75.5	45.1	27.8	8.2	
-63.2	42.6	5.7	-31.2	
-60.7	27.8	-4.1	-23.8	
-68.1	25.4	5.7	8.2	
-68.1	18.0	0.8	30.3	
-53.3	20.5	-11.5	57.4	
-65.6	27.8	10.6	67.2	
-70.6	32.8	-16.4	30.3	
-92.7	15.5	30.3	15.5	
-105.0	20.5	57.4	59.8	
-90.2	40.1	57.4	8.2	
-95.2	47.5	10.6	-48.4	
-80.4	42.6	-31.2	-31.2	
-82.9	45.1	-38.6	0.8	
-70.6	30.3	-18.9	-33.7	
-77.9	42.6	-1.7	-14.0	
-70.6	32.8	0.8	3.2	
-82.9	30.3	-1.7	-55.8	
-70.6	27.8	3.2	-9.1	
-70.6	22.9	22.9	-6.6	
-82.9	27.8	13.1	-1.7	
-80.4	45.1	-6.6	-26.3	
-80.4	50.0	-16.4	-28.7	
-85.3	45.1	-21.4	-14.0	
-77.9	22.9	-16.4	-18.9	
-73.0	-11.5	-18.9	-4.1	
-75.5	-1.7	-11.5	10.6	
-80.4	-9.1	42.6	22.9	
-77.9	-23.8	62.3	47.5	
-85.3	22.9	45.1	27.8	
-85.3	35.2	57.4	30.3	
-80.4	37.7	47.5	40.1	
-68.1	15.5	54.9	67.2	
-48.4	37.7	67.2	79.5	
-65.6	-4.1	79.5	74.6	
-65.6	10.6	86.9	20.5	
-63.2	15.5	94.3	-26.3	
-85.3	13.1	116.4	-41.0	
-90.2	35.2	79.5	8.2	
-87.8	22.9	86.9	5.7	
-95.2	25.4	54.9	-50.9	
-82.9	35.2	52.4	-60.7	
-80.4	32.8	77.0	-38.6	
-68.1	13.1	72.1	-4.1	
-68.1	13.1	22.9	5.7	
-73.0	13.1	50.0	10.6	
-73.0	13.1	30.3	5.7	
-68.1	5.7	42.6	0.8	
-63.2	-6.6	69.7	5.7	
-65.6	-9.1	59.8	3.2	
-80.4	-18.9	45.1	5.7	
-75.5	0.8	79.5	-9.1	
-75.5	13.1	86.9	-23.8	
-73.0	10.6	62.3	13.1	
-73.0	8.2	50.0	42.6	
-82.9	-9.1	15.5	13.1	
-82.9	3.2	-23.8	-11.5	
-82.9	-9.1	-28.7	-4.1	
-82.9	-9.1	-4.1	20.5	
-95.2	3.2	18.0	27.8	
-87.8	13.1	45.1	3.2	
-75.5	8.2	82.0	5.7	
-68.1	15.5	32.8	18.0	
-77.9	30.3	-6.6	13.1	
-53.3	54.9	-11.5	25.4	
-53.3	47.5	-6.6	-4.1	
-58.3	59.8	0.8	-4.1	
-46.0	72.1	-16.4	-9.1	
-53.3	94.3	-14.0	18.0	
-55.8	111.5	8.2	37.7	
-58.3	99.2	30.3	20.5	
-70.6	89.3	-11.5	15.5	
-77.9	99.2	-33.7	8.2	
-77.9	121.3	-33.7	0.8	
-70.6	91.8	0.8	13.1	
-60.7	101.6	37.7	15.5	
-55.8	104.1	-16.4	18.0	
-65.6	104.1	-48.4	15.5	
-68.1	101.6	-38.6	25.4	
-63.2	91.8	-16.4	18.0	
-65.6	89.3	-18.9	15.5	
-48.4	79.5	0.8	3.2	
-50.9	84.4	3.2	13.1	
-58.3	77.0	-6.6	27.8	
-68.1	67.2	-43.5	37.7	
-65.6	57.4	-80.4	5.7	
-43.5	47.5	-80.4	0.8	
-65.6	54.9	-41.0	47.5	
-63.2	37.7	-26.3	62.3	
-63.2	22.9	-16.4	8.2	
-73.0	13.1	35.2	-28.7	
-70.6	10.6	82.0	-4.1	
-63.2	5.7	94.3	13.1	
-58.3	0.8	47.5	5.7	
-53.3	-6.6	25.4	-4.1	
-63.2	-4.1	37.7	-48.4	
-73.0	8.2	40.1	-4.1	
-77.9	-1.7	22.9	-36.1	
-73.0	5.7	-11.5	-41.0	
-63.2	0.8	-36.1	-14.0	
-60.7	-9.1	-38.6	-16.4	
-43.5	-14.0	-48.4	-14.0	
-48.4	22.9	-28.7	3.2	
-65.6	52.4	-16.4	0.8	
-60.7	50.0	-14.0	8.2	
-58.3	47.5	-36.1	-4.1	
-60.7	99.2	-53.3	-1.7	
-46.0	109.0	-1.7	8.2	
-55.8	74.6	50.0	18.0	
-43.5	62.3	-6.6	13.1	
-38.6	35.2	-41.0	22.9	
-33.7	-46.0	-53.3	10.6	
-31.2	-28.7	-53.3	-4.1	
-23.8	-60.7	-18.9	-4.1	
-43.5	-58.3	-6.6	0.8	
-31.2	-18.9	-38.6	20.5	
-58.3	-11.5	-21.4	25.4	
-70.6	30.3	-18.9	20.5	
-85.3	47.5	-23.8	30.3	
-97.6	30.3	-21.4	50.0	
-87.8	15.5	-31.2	62.3	
-90.2	15.5	-46.0	45.1	
-70.6	-28.7	-50.9	-23.8	
-68.1	-68.1	-60.7	-36.1	
-63.2	-48.4	-68.1	-23.8	
-53.3	-4.1	-11.5	-1.7	
-48.4	-1.7	32.8	5.7	
-68.1	-6.6	69.7	25.4	
-53.3	-1.7	-9.1	22.9	
-53.3	-18.9	-43.5	0.8	
-48.4	-18.9	-18.9	-9.1	
-41.0	13.1	-16.4	-14.0	
-55.8	15.5	-1.7	-11.5	
-55.8	25.4	-4.1	-28.7	
-50.9	35.2	5.7	-21.4	
-55.8	35.2	27.8	-9.1	
-48.4	35.2	3.2	-1.7	
-33.7	15.5	-11.5	15.5	
-43.5	13.1	5.7	20.5	
-43.5	22.9	3.2	18.0	
-38.6	22.9	3.2	40.1	
-38.6	25.4	-4.1	37.7	
-48.4	18.0	-4.1	0.8	
-36.1	30.3	-31.2	-11.5	
-36.1	32.8	-14.0	-1.7	
-38.6	40.1	-4.1	0.8	
-31.2	27.8	15.5	-11.5	
-43.5	30.3	25.4	-9.1	
-43.5	35.2	50.0	10.6	
-41.0	45.1	27.8	13.1	
-48.4	42.6	40.1	22.9	
-43.5	35.2	-4.1	10.6	
-46.0	32.8	-9.1	0.8	
-38.6	47.5	-1.7	8.2	
-60.7	30.3	-16.4	-4.1	
-65.6	37.7	-6.6	-1.7	
-68.1	27.8	-9.1	8.2	
-50.9	37.7	-21.4	25.4	
-41.0	37.7	-1.7	8.2	
-48.4	45.1	8.2	-1.7	
-43.5	37.7	-18.9	-4.1	
-43.5	30.3	-26.3	25.4	
-36.1	30.3	-33.7	22.9	
-43.5	27.8	-41.0	25.4	
-55.8	25.4	-9.1	20.5	
-53.3	35.2	22.9	22.9	
-46.0	45.1	47.5	15.5	
-48.4	30.3	72.1	-1.7	
-36.1	25.4	32.8	-21.4	
-21.4	25.4	30.3	5.7	
-16.4	52.4	72.1	0.8	
-38.6	22.9	50.0	20.5	
-21.4	22.9	22.9	20.5	
-21.4	32.8	-1.7	10.6	
-23.8	35.2	10.6	13.1	
-36.1	32.8	-9.1	13.1	
-50.9	30.3	10.6	3.2	
-55.8	25.4	15.5	-9.1	
-48.4	32.8	13.1	3.2	
-43.5	27.8	10.6	-11.5	
-41.0	37.7	13.1	3.2	
-60.7	35.2	13.1	0.8	
-55.8	45.1	8.2	-23.8	
-31.2	42.6	5.7	-28.7	
-23.8	50.0	-4.1	3.2	
-31.2	37.7	-1.7	27.8	
-58.3	18.0	0.8	30.3	
-50.9	18.0	-9.1	32.8	
-58.3	27.8	-14.0	27.8	
-58.3	22.9	-18.9	37.7	
-65.6	25.4	-11.5	45.1	
-53.3	27.8	-14.0	45.1	
-63.2	37.7	-11.5	32.8	
-58.3	18.0	-6.6	-23.8	
-58.3	25.4	20.5	-11.5	
-50.9	27.8	50.0	-1.7	
-60.7	30.3	35.2	0.8	
-38.6	18.0	57.4	-14.0	
-48.4	18.0	113.9	-53.3	
-41.0	30.3	86.9	-43.5	
-33.7	25.4	27.8	-23.8	
-28.7	27.8	-9.1	-14.0	
-26.3	27.8	-28.7	-4.1	
-21.4	37.7	-53.3	42.6	
-14.0	22.9	-43.5	25.4	
-38.6	22.9	-48.4	64.7	
-48.4	13.1	-33.7	74.6	
-48.4	20.5	-16.4	20.5	
-50.9	15.5	-1.7	-9.1	
-38.6	32.8	45.1	-95.2	
-55.8	22.9	32.8	-129.6	
-63.2	37.7	-4.1	-26.3	
-68.1	50.0	0.8	72.1	
-58.3	47.5	3.2	91.8	
-50.9	42.6	32.8	109.0	
-43.5	30.3	35.2	67.2	
-55.8	25.4	25.4	-14.0	
-60.7	32.8	3.2	-48.4	
-50.9	15.5	-6.6	-28.7	
-48.4	13.1	-28.7	-63.2	
-41.0	35.2	-21.4	-33.7	
-43.5	30.3	-28.7	-9.1	
-43.5	35.2	-18.9	13.1	
-41.0	27.8	-18.9	20.5	
-60.7	27.8	-14.0	-16.4	
-43.5	30.3	18.0	-28.7	
-38.6	35.2	104.1	-38.6	
-31.2	22.9	96.7	-28.7	
-33.7	27.8	57.4	-4.1	
-41.0	18.0	35.2	-9.1	
-36.1	20.5	-4.1	5.7	
-38.6	27.8	-36.1	18.0	
-41.0	30.3	-63.2	15.5	
-50.9	35.2	-46.0	0.8	
-28.7	30.3	-18.9	27.8	
-41.0	25.4	3.2	42.6	
-53.3	35.2	3.2	15.5	
-48.4	32.8	-11.5	8.2	
-41.0	25.4	-9.1	20.5	
-55.8	22.9	-9.1	32.8	
-55.8	20.5	15.5	20.5	
-58.3	22.9	-1.7	22.9	
-48.4	10.6	8.2	20.5	
-41.0	0.8	20.5	18.0	
-58.3	8.2	25.4	5.7	
-46.0	25.4	15.5	0.8	
-33.7	27.8	22.9	15.5	
-50.9	22.9	30.3	0.8	
-58.3	20.5	18.0	10.6	
-43.5	22.9	-1.7	-4.1	
-50.9	25.4	-6.6	-1.7	
-60.7	15.5	-28.7	8.2	
-46.0	27.8	-36.1	13.1	
-50.9	20.5	13.1	10.6	
-46.0	35.2	20.5	18.0	
-33.7	20.5	-28.7	32.8	
-43.5	30.3	-28.7	20.5	
-41.0	25.4	-31.2	20.5	
-28.7	20.5	-14.0	22.9	
-38.6	22.9	-14.0	10.6	
-41.0	30.3	27.8	3.2	
-55.8	32.8	94.3	-14.0	
-53.3	25.4	79.5	-6.6	
-41.0	25.4	15.5	3.2	
-36.1	20.5	27.8	25.4	
-23.8	37.7	59.8	8.2	
-28.7	27.8	42.6	0.8	
-33.7	25.4	32.8	15.5	
-38.6	27.8	3.2	-4.1	
-58.3	22.9	-18.9	5.7	
-46.0	22.9	8.2	3.2	
-65.6	15.5	18.0	-1.7	
-73.0	18.0	32.8	30.3	
-55.8	27.8	3.2	45.1	
-65.6	3.2	-14.0	30.3	
-58.3	20.5	-14.0	22.9	
-65.6	27.8	8.2	22.9	
-73.0	32.8	10.6	10.6	
-68.1	20.5	8.2	0.8	
-55.8	25.4	-11.5	-21.4	
-48.4	30.3	-14.0	-11.5	
-31.2	25.4	-18.9	35.2	
-28.7	10.6	-11.5	13.1	
-28.7	13.1	-14.0	15.5	
-21.4	22.9	-11.5	5.7	
-26.3	35.2	-6.6	-6.6	
-28.7	35.2	-9.1	5.7	
-43.5	18.0	-6.6	-1.7	
-41.0	25.4	-26.3	-6.6	
-31.2	13.1	-23.8	-33.7	
-38.6	25.4	-9.1	-33.7	
-53.3	25.4	22.9	-21.4	
-58.3	30.3	32.8	3.2	
-58.3	45.1	72.1	10.6	
-53.3	18.0	79.5	5.7	
-50.9	25.4	20.5	-9.1	
-58.3	35.2	-26.3	-18.9	
-55.8	37.7	-33.7	-1.7	
-63.2	27.8	-4.1	13.1	
-65.6	27.8	40.1	25.4	
-58.3	27.8	35.2	5.7	
-58.3	27.8	35.2	18.0	
-63.2	40.1	15.5	20.5	
-65.6	32.8	-41.0	27.8	
-82.9	32.8	-90.2	5.7	
-65.6	45.1	-92.7	0.8	
-77.9	40.1	-38.6	8.2	
-75.5	35.2	37.7	8.2	
-55.8	32.8	91.8	10.6	
-31.2	47.5	89.3	15.5	
-31.2	45.1	89.3	27.8	
-26.3	40.1	62.3	25.4	
-48.4	37.7	45.1	5.7	
-41.0	35.2	18.0	5.7	
-38.6	32.8	3.2	-21.4	
-48.4	27.8	-6.6	-14.0	
-48.4	30.3	-11.5	-26.3	
-46.0	22.9	-28.7	-28.7	
-50.9	25.4	-14.0	-14.0	
-38.6	42.6	-6.6	-21.4	
-33.7	30.3	-14.0	-18.9	
-36.1	37.7	-36.1	15.5	
-43.5	37.7	-38.6	30.3	
-23.8	35.2	-23.8	15.5	
-36.1	37.7	-4.1	-6.6	
-36.1	37.7	-11.5	13.1	
-48.4	47.5	-1.7	8.2	
-36.1	40.1	-1.7	-6.6	
-38.6	35.2	-21.4	22.9	
-46.0	27.8	-31.2	30.3	
-48.4	35.2	5.7	10.6	
-38.6	40.1	22.9	20.5	
-41.0	37.7	25.4	25.4	
-41.0	37.7	10.6	13.1	
-41.0	47.5	-6.6	8.2	
-41.0	42.6	8.2	5.7	
-48.4	32.8	35.2	0.8	
-50.9	27.8	64.7	15.5	
-50.9	37.7	30.3	27.8	
-41.0	42.6	54.9	13.1	
-41.0	18.0	30.3	5.7	
-26.3	37.7	27.8	5.7	
-31.2	37.7	20.5	10.6	
-31.2	30.3	32.8	25.4	
-28.7	27.8	22.9	8.2	
-33.7	30.3	25.4	-1.7	
-28.7	50.0	8.2	-4.1	
-33.7	20.5	-11.5	5.7	
-38.6	22.9	5.7	15.5	
-36.1	20.5	3.2	25.4	
-26.3	25.4	-1.7	27.8	
-38.6	22.9	-11.5	27.8	
-38.6	27.8	-9.1	-23.8	
-55.8	30.3	-1.7	-23.8	
-48.4	22.9	15.5	-18.9	
-41.0	27.8	32.8	-9.1	
-50.9	47.5	22.9	-14.0	
-46.0	27.8	18.0	-6.6	
-38.6	25.4	47.5	8.2	
-28.7	18.0	35.2	15.5	
-23.8	22.9	3.2	13.1	
-26.3	25.4	8.2	30.3	
-26.3	25.4	15.5	25.4	
-28.7	27.8	8.2	22.9	
-28.7	27.8	-11.5	15.5	
-38.6	27.8	13.1	-16.4	
-36.1	32.8	59.8	-14.0	
-41.0	42.6	0.8	-4.1	
-65.6	45.1	-68.1	-6.6	
-58.3	40.1	-50.9	13.1	
-50.9	42.6	-16.4	37.7	
-41.0	25.4	0.8	20.5	
-48.4	22.9	-16.4	27.8	
-43.5	22.9	-50.9	10.6	
-46.0	15.5	8.2	-31.2	
-36.1	32.8	27.8	-31.2	
-43.5	20.5	20.5	-9.1	
-31.2	32.8	10.6	-6.6	
-33.7	32.8	-18.9	8.2	
-36.1	27.8	-16.4	8.2	
-36.1	25.4	-41.0	5.7	
-46.0	22.9	-18.9	-6.6	
-48.4	37.7	62.3	-4.1	
-46.0	40.1	64.7	3.2	
-58.3	25.4	18.0	5.7	
-48.4	32.8	8.2	-16.4	
-48.4	30.3	15.5	-14.0	
-41.0	27.8	8.2	-38.6	
-43.5	30.3	10.6	-33.7	
-36.1	32.8	10.6	-16.4	
-28.7	37.7	-1.7	18.0	
-33.7	32.8	-31.2	72.1	
-38.6	27.8	-55.8	82.0	
-41.0	22.9	-41.0	52.4	
-36.1	20.5	-41.0	5.7	
-28.7	18.0	-53.3	-11.5	
-21.4	35.2	-41.0	-4.1	
-46.0	22.9	-16.4	15.5	
-33.7	27.8	-4.1	8.2	
-26.3	18.0	-28.7	-43.5	
-14.0	30.3	-48.4	-48.4	
-18.9	45.1	-38.6	-14.0	
-31.2	40.1	-4.1	5.7	
-28.7	37.7	20.5	5.7	
-16.4	35.2	42.6	13.1	
-21.4	37.7	22.9	13.1	
-26.3	27.8	69.7	15.5	
-53.3	30.3	67.2	10.6	
-58.3	22.9	18.0	0.8	
-50.9	-1.7	15.5	-16.4	
-68.1	0.8	13.1	-9.1	
-68.1	22.9	27.8	-6.6	
-65.6	42.6	15.5	-6.6	
-50.9	27.8	0.8	-9.1	
-48.4	22.9	-26.3	-14.0	
-46.0	27.8	-1.7	-16.4	
-53.3	27.8	32.8	-4.1	
-36.1	25.4	13.1	-9.1	
-28.7	8.2	-28.7	-1.7	
-36.1	25.4	-41.0	8.2	
-31.2	35.2	-21.4	18.0	
-31.2	37.7	-63.2	27.8	
-36.1	30.3	-139.4	62.3	
-21.4	32.8	-137.0	42.6	
-36.1	18.0	-124.7	15.5	
-36.1	25.4	-92.7	27.8	
-33.7	20.5	5.7	27.8	
-36.1	35.2	104.1	27.8	
-26.3	32.8	158.2	18.0	
-23.8	18.0	219.7	13.1	
-26.3	13.1	158.2	18.0	
-28.7	18.0	84.4	13.1	
-21.4	30.3	37.7	13.1	
-31.2	27.8	8.2	22.9	
-43.5	32.8	-11.5	8.2	
-77.9	27.8	-11.5	-1.7	
-77.9	37.7	-41.0	-6.6	
-68.1	30.3	-70.6	-6.6	
-48.4	32.8	-50.9	10.6	
-50.9	40.1	8.2	8.2	
-41.0	37.7	47.5	25.4	
-43.5	35.2	72.1	-14.0	
-55.8	42.6	101.6	-6.6	
-68.1	37.7	67.2	-1.7	
-58.3	32.8	32.8	-1.7	
-60.7	37.7	0.8	-6.6	
-65.6	22.9	-28.7	8.2	
-60.7	32.8	-55.8	3.2	
-41.0	27.8	-50.9	15.5	
-43.5	30.3	-26.3	27.8	
-46.0	27.8	15.5	0.8	
-46.0	18.0	8.2	-4.1	
-46.0	22.9	-28.7	15.5	
-36.1	32.8	-28.7	32.8	
-55.8	20.5	-1.7	20.5	
-46.0	25.4	0.8	-11.5	
-65.6	25.4	-33.7	-16.4	
-60.7	15.5	-36.1	-4.1	
-53.3	8.2	-41.0	20.5	
-53.3	20.5	-31.2	15.5	
-55.8	32.8	-26.3	-4.1	
-50.9	47.5	-18.9	15.5	
-46.0	25.4	15.5	13.1	
-68.1	27.8	64.7	27.8	
-65.6	18.0	50.0	3.2	
-55.8	42.6	47.5	-6.6	
-46.0	47.5	40.1	-9.1	
-73.0	47.5	22.9	-6.6	
-63.2	40.1	64.7	-9.1	
-53.3	37.7	50.0	8.2	
-36.1	30.3	57.4	-11.5	
-33.7	25.4	-14.0	-4.1	
-36.1	20.5	-63.2	-16.4	
-46.0	13.1	-38.6	-16.4	
-33.7	18.0	-23.8	-4.1	
-43.5	45.1	47.5	-9.1	
-46.0	40.1	57.4	15.5	
-38.6	25.4	20.5	20.5	
-50.9	30.3	5.7	22.9	
-48.4	35.2	15.5	20.5	
-43.5	27.8	-50.9	8.2	
-46.0	32.8	-28.7	-1.7	
-50.9	25.4	-68.1	0.8	
-60.7	8.2	-6.6	0.8	
-48.4	5.7	18.0	8.2	
-46.0	13.1	35.2	8.2	
-58.3	22.9	18.0	5.7	
-75.5	10.6	45.1	-9.1	
-50.9	5.7	62.3	15.5	
-31.2	32.8	40.1	3.2	
-48.4	25.4	-4.1	-6.6	
-55.8	5.7	-4.1	8.2	
-70.6	8.2	-16.4	35.2	
-68.1	27.8	-28.7	3.2	
-73.0	22.9	-31.2	-4.1	
-77.9	32.8	10.6	0.8	
-43.5	42.6	-11.5	5.7	
-38.6	42.6	5.7	5.7	
-28.7	45.1	27.8	5.7	
-41.0	18.0	0.8	-6.6	
-48.4	25.4	5.7	-9.1	
-46.0	25.4	13.1	0.8	
-36.1	-6.6	8.2	3.2	
-28.7	0.8	15.5	18.0	
-26.3	15.5	-4.1	27.8	
-18.9	-6.6	-50.9	32.8	
-21.4	8.2	-23.8	18.0	
-23.8	30.3	5.7	3.2	
-23.8	54.9	13.1	22.9	
-38.6	94.3	20.5	8.2	
-50.9	106.6	47.5	-33.7	
-55.8	94.3	109.0	-26.3	
-58.3	145.9	94.3	-4.1	
-73.0	192.7	52.4	0.8	
-68.1	177.9	-4.1	0.8	
-85.3	94.3	-65.6	25.4	
-87.8	54.9	-65.6	54.9	
-90.2	91.8	-11.5	67.2	
-75.5	52.4	0.8	45.1	
-63.2	-109.9	-1.7	0.8	
-48.4	-200.9	18.0	-50.9	
-46.0	-164.0	42.6	-55.8	
-31.2	-122.2	20.5	-43.5	
-28.7	-80.4	3.2	-26.3	
-33.7	-23.8	-9.1	-36.1	
-43.5	-6.6	-16.4	-14.0	
-60.7	18.0	-16.4	-1.7	
-60.7	50.0	-11.5	5.7	
-68.1	32.8	-18.9	0.8	
-87.8	-9.1	5.7	-1.7	
-77.9	8.2	5.7	32.8	
-73.0	25.4	5.7	64.7	
-80.4	52.4	-9.1	30.3	
-63.2	15.5	13.1	54.9	
-58.3	8.2	20.5	47.5	
-38.6	8.2	13.1	8.2	
-38.6	42.6	-14.0	-4.1	
-41.0	59.8	-55.8	-9.1	
-46.0	59.8	-28.7	-14.0	
-63.2	32.8	-23.8	-23.8	
-70.6	13.1	-18.9	-4.1	
-75.5	35.2	-28.7	-11.5	
-65.6	27.8	15.5	-53.3	
-68.1	-1.7	52.4	-31.2	
-58.3	5.7	22.9	-23.8	
-60.7	27.8	0.8	-31.2	
-55.8	15.5	0.8	-16.4	
-38.6	-6.6	37.7	-1.7	
-28.7	25.4	40.1	0.8	
-26.3	35.2	54.9	13.1	
-31.2	37.7	30.3	30.3	
-33.7	13.1	0.8	-18.9	
-43.5	18.0	-14.0	-26.3	
-38.6	40.1	-4.1	-28.7	
-53.3	32.8	-1.7	-4.1	
-68.1	32.8	-4.1	13.1	
-31.2	27.8	0.8	5.7	
-33.7	45.1	15.5	10.6	
-41.0	18.0	0.8	-6.6	
-38.6	40.1	-21.4	0.8	
-38.6	27.8	-9.1	8.2	
-41.0	22.9	-1.7	8.2	
-36.1	47.5	8.2	5.7	
-28.7	45.1	10.6	13.1	
-36.1	42.6	15.5	20.5	
-41.0	47.5	30.3	22.9	
-41.0	25.4	54.9	20.5	
-38.6	25.4	72.1	20.5	
-33.7	35.2	30.3	35.2	
-28.7	27.8	3.2	10.6	
-31.2	18.0	-14.0	-14.0	
-36.1	47.5	-4.1	-1.7	
-23.8	35.2	-9.1	10.6	
-41.0	25.4	-4.1	3.2	
-48.4	35.2	-26.3	-1.7	
-46.0	45.1	-21.4	-1.7	
-63.2	30.3	0.8	-11.5	
-55.8	22.9	-23.8	-11.5	
-68.1	27.8	-46.0	3.2	
-55.8	35.2	-33.7	8.2	
-43.5	20.5	-33.7	0.8	
-38.6	30.3	3.2	5.7	
-36.1	22.9	47.5	-6.6	
-41.0	37.7	86.9	-21.4	
-46.0	27.8	57.4	-6.6	
-53.3	32.8	47.5	8.2	
-58.3	22.9	-4.1	27.8	
-46.0	20.5	-6.6	25.4	
-53.3	32.8	0.8	0.8	
-58.3	30.3	-14.0	-9.1	
-60.7	30.3	3.2	10.6	
-46.0	13.1	3.2	40.1	
-38.6	35.2	-14.0	32.8	
-38.6	35.2	-18.9	13.1	
-43.5	32.8	-11.5	5.7	
-43.5	32.8	-16.4	0.8	
-63.2	25.4	-21.4	10.6	
-82.9	5.7	-18.9	15.5	
-97.6	10.6	-21.4	3.2	
-85.3	13.1	-14.0	18.0	
-85.3	30.3	-23.8	10.6	
-73.0	32.8	-1.7	20.5	
-82.9	50.0	8.2	13.1	
-60.7	27.8	-1.7	0.8	
-43.5	27.8	-14.0	-4.1	
-31.2	37.7	40.1	-9.1	
-28.7	13.1	40.1	0.8	
-43.5	22.9	67.2	-1.7	
-21.4	35.2	50.0	3.2	
-48.4	27.8	8.2	-6.6	
-28.7	22.9	-41.0	18.0	
-55.8	32.8	-68.1	15.5	
-41.0	35.2	-53.3	18.0	
-36.1	22.9	-9.1	8.2	
-43.5	37.7	47.5	-4.1	
-48.4	22.9	32.8	-1.7	
-50.9	37.7	22.9	-14.0	
-43.5	35.2	25.4	8.2	
-41.0	35.2	54.9	22.9	
-43.5	25.4	67.2	-6.6	
-28.7	35.2	32.8	-21.4	
-26.3	22.9	25.4	-11.5	
-53.3	25.4	30.3	8.2	
-53.3	22.9	18.0	32.8	
-60.7	20.5	3.2	25.4	
-63.2	15.5	-60.7	20.5	
-55.8	20.5	-73.0	13.1	
-73.0	5.7	-63.2	8.2	
-80.4	32.8	8.2	20.5	
-70.6	32.8	57.4	13.1	
-48.4	20.5	86.9	13.1	
-36.1	27.8	96.7	15.5	
-36.1	15.5	89.3	0.8	
-23.8	27.8	25.4	8.2	
-14.0	10.6	15.5	15.5	
-31.2	10.6	-1.7	8.2	
-38.6	20.5	10.6	8.2	
-33.7	18.0	52.4	3.2	
-41.0	25.4	57.4	22.9	
-53.3	18.0	8.2	52.4	
-63.2	8.2	-1.7	42.6	
-41.0	35.2	3.2	15.5	
-41.0	45.1	5.7	-26.3	
-38.6	32.8	42.6	-36.1	
-55.8	22.9	74.6	-16.4	
-53.3	22.9	57.4	-9.1	
-55.8	20.5	27.8	13.1	
-63.2	22.9	22.9	5.7	
-60.7	10.6	5.7	-1.7	
-43.5	18.0	-21.4	5.7	
-63.2	15.5	-21.4	-14.0	
-65.6	40.1	-9.1	-26.3	
-60.7	25.4	13.1	-43.5	
-50.9	30.3	10.6	-23.8	
-63.2	22.9	13.1	5.7	
-55.8	13.1	45.1	18.0	
-48.4	18.0	37.7	40.1	
-23.8	27.8	5.7	79.5	
-36.1	35.2	8.2	37.7	
-46.0	22.9	5.7	-9.1	
-63.2	18.0	-1.7	0.8	
-68.1	20.5	52.4	10.6	
-95.2	27.8	-1.7	22.9	
-90.2	25.4	-43.5	13.1	
-85.3	18.0	-26.3	13.1	
-68.1	25.4	-21.4	27.8	
-70.6	22.9	3.2	-6.6	
-38.6	30.3	-6.6	-9.1	
-23.8	18.0	27.8	5.7	
-4.1	20.5	82.0	10.6	
-16.4	25.4	50.0	-38.6	
-23.8	40.1	-14.0	-53.3	
-38.6	45.1	-53.3	-23.8	
-21.4	35.2	-18.9	-21.4	
-38.6	35.2	25.4	-14.0	
-58.3	27.8	64.7	-11.5	
-65.6	45.1	104.1	3.2	
-63.2	35.2	22.9	-1.7	
-70.6	42.6	-68.1	18.0	
-60.7	40.1	-132.1	27.8	
-53.3	32.8	-114.8	15.5	
-55.8	13.1	-68.1	0.8	
-41.0	15.5	-4.1	-14.0	
-38.6	27.8	79.5	5.7	
-53.3	30.3	190.2	10.6	
-41.0	32.8	177.9	15.5	
-53.3	40.1	27.8	5.7	
-63.2	20.5	-18.9	3.2	
-73.0	27.8	-23.8	0.8	
-77.9	13.1	-11.5	5.7	
-80.4	27.8	99.2	3.2	
-70.6	22.9	82.0	-1.7	
-60.7	42.6	15.5	18.0	
-73.0	18.0	-16.4	27.8	
-58.3	15.5	22.9	27.8	
-55.8	5.7	52.4	15.5	
-58.3	15.5	30.3	-1.7	
-55.8	22.9	-14.0	3.2	
-36.1	15.5	-11.5	3.2	
-41.0	13.1	-26.3	-9.1	
-41.0	-1.7	-58.3	-11.5	
-41.0	10.6	-109.9	27.8	
-43.5	15.5	-129.6	15.5	
-55.8	15.5	-109.9	27.8	
-48.4	18.0	-41.0	32.8	
-73.0	27.8	-21.4	-4.1	
-70.6	15.5	27.8	8.2	
-60.7	20.5	96.7	8.2	
-68.1	5.7	106.6	-11.5	
-58.3	-1.7	94.3	-4.1	
-63.2	-4.1	52.4	-6.6	
-77.9	0.8	52.4	3.2	
-80.4	-1.7	52.4	3.2	
-75.5	18.0	50.0	22.9	
-95.2	30.3	37.7	18.0	
-90.2	27.8	13.1	45.1	
-92.7	13.1	-16.4	35.2	
-95.2	25.4	-9.1	18.0	
-100.1	32.8	-16.4	18.0	
-92.7	32.8	-33.7	-14.0	
-114.8	25.4	-11.5	-14.0	
-109.9	22.9	52.4	8.2	
-87.8	18.0	5.7	10.6	
-68.1	18.0	-31.2	5.7	
-80.4	20.5	-26.3	-6.6	
-82.9	27.8	-68.1	5.7	
-70.6	45.1	-132.1	20.5	
-70.6	30.3	-50.9	3.2	
-82.9	35.2	8.2	5.7	
-82.9	32.8	52.4	22.9	
-70.6	18.0	20.5	18.0	
-90.2	27.8	-9.1	20.5	
-90.2	15.5	-18.9	-6.6	
-100.1	15.5	-60.7	-9.1	
-90.2	35.2	-48.4	-18.9	
-92.7	30.3	8.2	-18.9	
-102.5	20.5	77.0	-16.4	
-82.9	3.2	-18.9	-9.1	
-102.5	-6.6	30.3	-1.7	
-114.8	-4.1	89.3	-1.7	
-117.3	-1.7	45.1	-6.6	
-109.9	3.2	-11.5	-6.6	
-114.8	-4.1	-50.9	3.2	
-132.1	-1.7	15.5	10.6	
-102.5	18.0	145.9	3.2	
-80.4	22.9	165.6	-1.7	
-82.9	5.7	148.4	8.2	
-92.7	13.1	101.6	5.7	
-85.3	15.5	84.4	5.7	
-97.6	35.2	-38.6	-4.1	
-114.8	30.3	-82.9	-4.1	
-92.7	25.4	-112.4	-11.5	
-85.3	20.5	-95.2	0.8	
-90.2	22.9	-60.7	8.2	
-73.0	15.5	-41.0	8.2	
-80.4	18.0	18.0	-1.7	
-65.6	25.4	13.1	5.7	
-82.9	22.9	69.7	3.2	
-97.6	3.2	62.3	-11.5	
-95.2	15.5	42.6	0.8	
-112.4	3.2	50.0	-9.1	
-127.1	18.0	42.6	-11.5	
-141.9	18.0	37.7	8.2	
-124.7	25.4	-31.2	3.2	
-127.1	25.4	8.2	-6.6	
-122.2	22.9	143.5	10.6	
-137.0	10.6	121.3	18.0	
-124.7	10.6	111.5	-4.1	
-137.0	10.6	5.7	5.7	
-122.2	3.2	-43.5	0.8	
-109.9	5.7	-33.7	-1.7	
-129.6	5.7	5.7	-9.1	
-127.1	0.8	18.0	-4.1	
-154.2	-9.1	-9.1	8.2	
-159.1	-6.6	-21.4	3.2	
-154.2	-11.5	-26.3	20.5	
-156.7	-4.1	-18.9	18.0	
-164.0	-6.6	-46.0	-1.7	
-154.2	-9.1	-53.3	-1.7	
-154.2	-4.1	-48.4	-21.4	
-178.8	-1.7	-36.1	-18.9	
-205.9	-9.1	-21.4	3.2	
-193.6	-1.7	-9.1	10.6	
-173.9	-14.0	-14.0	42.6	
-181.3	-14.0	5.7	13.1	
-198.5	-9.1	52.4	22.9	
-191.1	-6.6	47.5	35.2	
-193.6	-16.4	-9.1	27.8	
-171.4	-14.0	-23.8	35.2	
-173.9	-6.6	-26.3	20.5	
-176.3	-11.5	3.2	27.8	
-181.3	-18.9	0.8	20.5	
-183.7	0.8	-21.4	27.8	
-205.9	-4.1	15.5	-1.7	
-218.2	-9.1	25.4	0.8	
-218.2	-33.7	0.8	20.5	
-235.4	-28.7	15.5	13.1	
-250.1	-31.2	84.4	-50.9	
-250.1	-28.7	57.4	-50.9	
-250.1	13.1	-1.7	-41.0	
-267.4	35.2	-26.3	-23.8	
-272.3	37.7	-28.7	-28.7	
-282.1	40.1	-53.3	-14.0	
-255.1	47.5	-38.6	30.3	
-272.3	57.4	-82.9	20.5	
-262.4	77.0	-85.3	10.6	
-250.1	82.0	-6.6	-11.5	
-232.9	106.6	47.5	32.8	
-262.4	94.3	99.2	52.4	
-287.0	104.1	64.7	20.5	
-326.4	96.7	69.7	-11.5	
-304.3	82.0	59.8	-6.6	
-304.3	82.0	20.5	5.7	
-252.6	79.5	0.8	0.8	
-230.5	89.3	-73.0	5.7	
-215.7	79.5	-127.1	-1.7	
-228.0	67.2	-156.7	8.2	
-255.1	62.3	-129.6	18.0	
-247.7	72.1	-53.3	30.3	
-267.4	74.6	54.9	64.7	
-289.5	57.4	168.1	10.6	
-309.2	64.7	99.2	-14.0	
-311.6	54.9	37.7	5.7	
-319.0	54.9	-18.9	-4.1	
-316.6	42.6	-70.6	-21.4	
-336.2	10.6	-63.2	3.2	
-343.6	5.7	10.6	5.7	
-348.5	8.2	5.7	0.8	
-351.0	-11.5	20.5	-4.1	
-351.0	-14.0	18.0	-4.1	
-368.2	-23.8	-36.1	8.2	
-392.8	-38.6	-38.6	10.6	
-400.2	-31.2	-6.6	13.1	
-395.3	-18.9	18.0	5.7	
-402.7	-33.7	94.3	5.7	
-419.9	-41.0	77.0	-14.0	
-422.3	-36.1	-18.9	-4.1	
-427.3	-36.1	-46.0	0.8	
-419.9	-28.7	3.2	-1.7	
-432.2	-33.7	30.3	22.9	
-427.3	-18.9	5.7	18.0	
-449.4	-11.5	-26.3	18.0	
-461.7	-11.5	20.5	13.1	
-461.7	0.8	42.6	22.9	
-459.2	0.8	50.0	3.2	
-444.5	20.5	104.1	5.7	
-459.2	25.4	67.2	8.2	
-483.8	3.2	20.5	8.2	
-498.6	22.9	-18.9	0.8	
-520.7	15.5	-31.2	5.7	
-547.8	5.7	-43.5	5.7	
-572.4	-14.0	-36.1	-1.7	
-572.4	8.2	-31.2	5.7	
-569.9	-9.1	-36.1	20.5	
-606.8	-16.4	-16.4	22.9	
-599.5	-4.1	-21.4	0.8	
-621.6	-14.0	-63.2	5.7	
-633.9	-6.6	-58.3	15.5	
-653.6	13.1	-21.4	20.5	
-680.6	-18.9	15.5	3.2	
-695.4	-33.7	5.7	-1.7	
-705.2	-14.0	27.8	-1.7	
-717.5	0.8	30.3	0.8	
-722.5	-11.5	-23.8	13.1	
-715.1	-16.4	10.6	15.5	
-732.3	-1.7	52.4	3.2	
-761.8	20.5	72.1	-21.4	
-788.9	13.1	54.9	-14.0	
-793.8	15.5	145.9	-23.8	
-803.6	-9.1	99.2	-18.9	
-835.6	5.7	30.3	5.7	
-847.9	40.1	-26.3	13.1	
-889.7	5.7	-14.0	27.8	
-916.8	-26.3	0.8	25.4	
-921.7	3.2	-33.7	13.1	
-941.4	54.9	20.5	18.0	
-961.1	37.7	18.0	37.7	
-988.1	22.9	22.9	40.1	
-1015.2	32.8	-6.6	42.6	
-1030.0	8.2	-33.7	13.1	
-1042.3	13.1	-21.4	3.2	
-1057.0	13.1	-14.0	-36.1	
-1069.3	10.6	22.9	-50.9	
-1066.9	22.9	37.7	-23.8	
-1081.6	15.5	-21.4	-18.9	
-1086.5	-26.3	-124.7	-36.1	
-1101.3	-9.1	-124.7	-16.4	
-1118.5	25.4	-87.8	3.2	
-1133.3	25.4	-68.1	15.5	
-1148.0	5.7	-26.3	62.3	
-1155.4	-18.9	94.3	52.4	
-1148.0	-1.7	64.7	10.6	
-1194.8	-21.4	-4.1	-21.4	
-1197.2	-16.4	-90.2	-1.7	
-1192.3	-14.0	-85.3	3.2	
-1199.7	-9.1	-43.5	18.0	
-1216.9	8.2	20.5	8.2	
-1221.8	3.2	99.2	-14.0	
-1202.2	8.2	35.2	-4.1	
-1219.4	8.2	82.0	40.1	
-1212.0	20.5	84.4	35.2	
-1212.0	15.5	37.7	20.5	
-1202.2	25.4	37.7	13.1	
-1204.6	30.3	82.0	-4.1	
-1187.4	32.8	40.1	-14.0	
-1184.9	18.0	20.5	50.0	
-1170.2	20.5	-26.3	25.4	
-1175.1	18.0	-41.0	10.6	
-1189.9	22.9	-43.5	15.5	
-1170.2	8.2	-16.4	-28.7	
-1175.1	3.2	-28.7	-48.4	
-1187.4	0.8	-77.9	-38.6	
-1160.3	15.5	-119.8	-11.5	
-1153.0	5.7	-77.9	27.8	
-1138.2	15.5	-23.8	3.2	
-1138.2	20.5	-55.8	-21.4	
-1123.4	30.3	-11.5	15.5	
-1091.5	22.9	136.1	8.2	
-1091.5	22.9	136.1	-1.7	
-1069.3	8.2	52.4	15.5	
-1066.9	10.6	-16.4	59.8	
-1074.2	0.8	-1.7	30.3	
-1069.3	-6.6	67.2	-21.4	
-1091.5	0.8	20.5	-21.4	
-1093.9	3.2	-31.2	-26.3	
-1091.5	8.2	-21.4	-6.6	
-1089.0	10.6	-50.9	-11.5	
-1091.5	22.9	-90.2	3.2	
-1106.2	22.9	-129.6	18.0	
-1103.8	30.3	-68.1	8.2	
-1093.9	18.0	89.3	-11.5	
-1098.8	-1.7	123.8	0.8	
-1086.5	22.9	121.3	3.2	
-1096.4	20.5	94.3	8.2	
-1089.0	18.0	5.7	8.2	
-1098.8	27.8	-9.1	32.8	
-1093.9	20.5	-21.4	18.0	
-1093.9	5.7	-28.7	-4.1	
-1089.0	18.0	-28.7	-1.7	
-1101.3	3.2	-31.2	32.8	
-1113.6	0.8	22.9	47.5	
-1123.4	8.2	18.0	-1.7	
-1133.3	-1.7	52.4	-41.0	
-1125.9	0.8	20.5	-9.1	
-1101.3	15.5	-31.2	18.0	
-1064.4	13.1	-58.3	-14.0	
-1032.4	27.8	-60.7	5.7	
-1012.7	27.8	-109.9	25.4	
-1015.2	13.1	-137.0	52.4	
-1032.4	18.0	-80.4	42.6	
-1037.3	20.5	-9.1	30.3	
-1034.9	15.5	47.5	13.1	
-1034.9	-14.0	91.8	3.2	
-1030.0	-14.0	160.7	3.2	
-1027.5	0.8	106.6	18.0	
-993.1	0.8	-21.4	13.1	
-993.1	5.7	-38.6	5.7	
-1005.4	5.7	-43.5	22.9	
-1015.2	5.7	5.7	27.8	
-1012.7	22.9	0.8	18.0	
-1015.2	37.7	74.6	22.9	
-1010.3	5.7	64.7	5.7	
-990.6	3.2	-60.7	13.1	
-990.6	-9.1	-122.2	8.2	
-988.1	-4.1	-117.3	0.8	
-948.8	-16.4	15.5	5.7	
-921.7	-4.1	131.2	-4.1	
-924.2	-11.5	202.5	-1.7	
-924.2	-1.7	148.4	-16.4	
-894.7	3.2	109.0	-28.7	
-884.8	-1.7	18.0	-16.4	
-867.6	-6.6	-31.2	-14.0	
-857.8	-11.5	-1.7	-1.7	
-867.6	-4.1	45.1	0.8	
-867.6	-11.5	-28.7	-9.1	
-843.0	0.8	15.5	-4.1	
-815.9	-4.1	67.2	-1.7	
-811.0	0.8	25.4	18.0	
-796.3	3.2	-28.7	22.9	
-801.2	-9.1	-80.4	18.0	
-788.9	13.1	-85.3	10.6	
-779.0	5.7	-33.7	0.8	
-727.4	15.5	-16.4	8.2	
-692.9	0.8	-95.2	13.1	
-688.0	3.2	-85.3	15.5	
-665.9	8.2	45.1	8.2	
-697.9	5.7	190.2	32.8	
-690.5	18.0	251.7	32.8	
-692.9	5.7	200.0	25.4	
-670.8	0.8	69.7	20.5	
-665.9	15.5	-16.4	22.9	
-656.0	30.3	-80.4	10.6	
-665.9	27.8	-46.0	-4.1	
-663.4	8.2	-26.3	-9.1	
-656.0	18.0	-31.2	-9.1	
-616.7	27.8	-33.7	5.7	
-567.5	27.8	-11.5	13.1	
-565.0	13.1	3.2	22.9	
-574.9	13.1	-4.1	25.4	
-582.2	-4.1	-14.0	35.2	
-579.8	0.8	-1.7	64.7	
-592.1	5.7	3.2	69.7	
-609.3	-1.7	50.0	72.1	
-582.2	-16.4	13.1	50.0	
-542.9	-33.7	-80.4	-1.7	
-520.7	-16.4	-117.3	-43.5	
-518.3	3.2	-102.5	-50.9	
-506.0	15.5	-11.5	-11.5	
-523.2	8.2	-55.8	-23.8	
-540.4	-1.7	25.4	-14.0	
-562.6	3.2	99.2	-18.9	
-550.3	32.8	153.3	-55.8	
-538.0	15.5	57.4	-36.1	
-552.7	27.8	13.1	-55.8	
-577.3	18.0	37.7	-50.9	
-547.8	0.8	54.9	-41.0	
-545.3	-1.7	77.0	-18.9	
-503.5	-4.1	57.4	40.1	
-481.4	8.2	74.6	57.4	
-469.1	-11.5	67.2	20.5	
-454.3	-4.1	35.2	22.9	
-424.8	8.2	-38.6	40.1	
-395.3	5.7	-50.9	50.0	
-397.7	22.9	-33.7	74.6	
-407.6	15.5	-1.7	13.1	
-442.0	5.7	22.9	5.7	
-478.9	-4.1	27.8	0.8	
-506.0	8.2	30.3	-16.4	
-513.4	22.9	62.3	-41.0	
-496.1	32.8	-18.9	-23.8	
-474.0	27.8	-90.2	3.2	
-486.3	13.1	-156.7	37.7	
-503.5	8.2	-119.8	40.1	
-501.1	-4.1	-63.2	27.8	
-515.8	-9.1	25.4	8.2	
-530.6	0.8	50.0	3.2	
-557.6	0.8	5.7	-1.7	
-572.4	-1.7	54.9	8.2	
-560.1	10.6	72.1	22.9	
-565.0	8.2	3.2	13.1	
-538.0	25.4	-87.8	15.5	
-525.7	25.4	-55.8	8.2	
-506.0	18.0	-6.6	25.4	
-451.9	18.0	13.1	13.1	
-439.6	15.5	141.0	5.7	
-432.2	25.4	126.2	0.8	
-432.2	10.6	-77.9	13.1	
-449.4	3.2	-134.5	-1.7	
-446.9	-9.1	-151.7	0.8	
-446.9	15.5	-90.2	-14.0	
-464.2	5.7	32.8	5.7	
-474.0	8.2	187.7	-14.0	
-478.9	8.2	217.3	-4.1	
-510.9	15.5	205.0	-1.7	
-520.7	-9.1	160.7	-1.7	
-547.8	10.6	72.1	13.1	
-535.5	10.6	25.4	22.9	
-533.0	-6.6	5.7	3.2	
-535.5	8.2	-4.1	5.7	
-515.8	3.2	25.4	8.2	
-498.6	3.2	-65.6	32.8	
-496.1	3.2	-102.5	42.6	
-510.9	15.5	-102.5	-9.1	
-503.5	25.4	-18.9	-18.9	
-513.4	20.5	62.3	3.2	
-520.7	15.5	148.4	13.1	
-518.3	18.0	101.6	0.8	
-493.7	25.4	-18.9	-4.1	
-464.2	15.5	-46.0	10.6	
-449.4	0.8	25.4	15.5	
-415.0	15.5	25.4	8.2	
-412.5	13.1	20.5	-14.0	
-415.0	13.1	-16.4	-1.7	
-449.4	42.6	-26.3	-26.3	
-434.6	45.1	8.2	5.7	
-454.3	35.2	8.2	18.0	
-446.9	18.0	10.6	37.7	
-446.9	18.0	37.7	64.7	
-444.5	-1.7	18.0	30.3	
-471.5	8.2	-1.7	62.3	
-478.9	18.0	-18.9	62.3	
-481.4	13.1	-4.1	35.2	
-469.1	15.5	-4.1	-21.4	
-454.3	10.6	-1.7	-85.3	
-449.4	3.2	-23.8	-18.9	
-437.1	-11.5	-38.6	-23.8	
-424.8	15.5	-58.3	-4.1	
-407.6	10.6	-63.2	35.2	
-392.8	-4.1	-87.8	-18.9	
-390.4	0.8	-109.9	20.5	
-395.3	13.1	-50.9	32.8	
-417.4	18.0	-73.0	-26.3	
-427.3	15.5	-50.9	-16.4	
-432.2	20.5	-11.5	-1.7	
-461.7	32.8	27.8	10.6	
-454.3	32.8	94.3	22.9	
-476.5	8.2	94.3	20.5	
-486.3	0.8	123.8	32.8	
-449.4	-16.4	128.7	5.7	
-422.3	3.2	123.8	18.0	
-412.5	-1.7	96.7	42.6	
-410.0	-31.2	35.2	47.5	
-424.8	-18.9	-53.3	59.8	
-437.1	-4.1	-75.5	72.1	
-459.2	18.0	-90.2	94.3	
-515.8	15.5	-43.5	47.5	
-552.7	8.2	27.8	-53.3	
-562.6	13.1	89.3	-149.3	
-594.5	3.2	-60.7	-73.0	
-624.1	13.1	-70.6	-50.9	
-624.1	18.0	-4.1	-31.2	
-626.5	5.7	-11.5	-31.2	
-619.1	3.2	47.5	-23.8	
-624.1	10.6	141.0	-14.0	
-611.8	15.5	69.7	-6.6	
-599.5	32.8	50.0	-1.7	
-572.4	22.9	109.0	0.8	
-582.2	22.9	30.3	-6.6	
-599.5	25.4	-28.7	-1.7	
-629.0	30.3	-28.7	13.1	
-670.8	8.2	-68.1	5.7	
-685.6	25.4	-31.2	0.8	
-695.4	64.7	-31.2	-16.4	
-712.6	45.1	-23.8	-36.1	
-729.8	69.7	-14.0	-18.9	
-742.1	50.0	0.8	8.2	
-734.8	-43.5	35.2	15.5	
-752.0	-63.2	52.4	40.1	
-739.7	-70.6	8.2	30.3	
-737.2	-55.8	-33.7	30.3	
-729.8	-31.2	-21.4	45.1	
-720.0	-16.4	8.2	32.8	
-715.1	-18.9	-38.6	25.4	
-720.0	-9.1	-63.2	18.0	
-724.9	-4.1	-53.3	22.9	
-710.2	0.8	-124.7	0.8	
-697.9	-1.7	-46.0	-26.3	
-722.5	-18.9	54.9	-16.4	
-732.3	-6.6	153.3	-14.0	
-747.1	10.6	86.9	8.2	
-697.9	8.2	47.5	27.8	
-665.9	-6.6	25.4	18.0	
-633.9	8.2	-1.7	13.1	
-663.4	18.0	-23.8	3.2	
-661.0	18.0	-55.8	8.2	
-663.4	-6.6	-75.5	-4.1	
-648.7	27.8	-80.4	-9.1	
-646.2	32.8	-82.9	-4.1	
-641.3	18.0	-46.0	-11.5	
-631.4	10.6	8.2	-6.6	
-606.8	-1.7	30.3	3.2	
-584.7	5.7	109.0	18.0	
-560.1	0.8	145.9	27.8	
-533.0	5.7	111.5	37.7	
-501.1	25.4	30.3	8.2	
-508.4	8.2	-87.8	0.8	
-552.7	13.1	-191.1	20.5	
-557.6	15.5	-149.3	13.1	
-550.3	8.2	-53.3	0.8	
-530.6	0.8	-46.0	-1.7	
-545.3	27.8	30.3	8.2	
-540.4	15.5	-1.7	22.9	
-538.0	30.3	-55.8	27.8	
-523.2	25.4	-92.7	20.5	
-557.6	10.6	37.7	18.0	
-582.2	0.8	82.0	0.8	
-520.7	0.8	207.4	-23.8	
-488.8	3.2	268.9	-21.4	
-469.1	-1.7	197.6	-16.4	
-442.0	-21.4	79.5	-1.7	
-412.5	3.2	-36.1	20.5	
-422.3	8.2	-4.1	20.5	
-434.6	13.1	-11.5	-4.1	
-402.7	8.2	-50.9	-6.6	
-402.7	0.8	-95.2	13.1	
-400.2	0.8	-33.7	27.8	
-422.3	-4.1	-31.2	8.2	
-424.8	-4.1	-21.4	-9.1	
-437.1	0.8	-28.7	-11.5	
-434.6	18.0	-21.4	-9.1	
-415.0	20.5	67.2	-14.0	
-434.6	15.5	67.2	0.8	
-471.5	15.5	45.1	-1.7	
-471.5	5.7	121.3	-11.5	
-486.3	10.6	126.2	-9.1	
-483.8	3.2	123.8	3.2	
-520.7	8.2	25.4	3.2	
-491.2	-1.7	-50.9	18.0	
-491.2	5.7	-65.6	15.5	
-478.9	-9.1	-65.6	8.2	
-481.4	3.2	-90.2	5.7	
-454.3	20.5	-18.9	0.8	
-459.2	18.0	18.0	-1.7	
-474.0	13.1	-36.1	-1.7	
-530.6	-11.5	-75.5	-6.6	
-562.6	-1.7	-65.6	-6.6	
-552.7	8.2	-46.0	-6.6	
-582.2	0.8	52.4	-21.4	
-589.6	0.8	62.3	-11.5	
-614.2	-1.7	27.8	35.2	
-604.4	10.6	-48.4	52.4	
-567.5	10.6	27.8	0.8	
-560.1	-4.1	104.1	-1.7	
-547.8	3.2	64.7	13.1	
-528.1	3.2	-4.1	27.8	
-523.2	0.8	-33.7	42.6	
-540.4	0.8	-132.1	35.2	
-552.7	8.2	-176.3	40.1	
-560.1	5.7	-63.2	32.8	
-552.7	13.1	192.7	42.6	
-550.3	25.4	251.7	15.5	
-530.6	13.1	232.0	-36.1	
-540.4	5.7	205.0	-11.5	
-538.0	0.8	91.8	15.5	
-528.1	8.2	35.2	27.8	
-542.9	40.1	-43.5	10.6	
-538.0	30.3	-80.4	-1.7	
-552.7	30.3	-63.2	-50.9	
-547.8	10.6	-87.8	-18.9	
-555.2	-14.0	-58.3	-9.1	
-552.7	-9.1	-36.1	-6.6	
-552.7	-18.9	-1.7	-18.9	
-557.6	-9.1	35.2	-4.1	
-515.8	8.2	54.9	-28.7	
-510.9	22.9	-4.1	-28.7	
-493.7	25.4	-21.4	-14.0	
-513.4	35.2	-9.1	18.0	
-461.7	15.5	3.2	27.8	
-437.1	15.5	15.5	-14.0	
-454.3	18.0	-23.8	-18.9	
-466.6	8.2	-16.4	-21.4	
-471.5	3.2	-14.0	-4.1	
-493.7	-4.1	20.5	32.8	
-491.2	-9.1	47.5	74.6	
-464.2	22.9	-11.5	72.1	
-459.2	27.8	-14.0	69.7	
-424.8	32.8	-73.0	27.8	
-437.1	35.2	-97.6	37.7	
-410.0	22.9	-68.1	62.3	
-375.6	5.7	15.5	82.0	
-368.2	-9.1	-33.7	86.9	
-370.7	0.8	-4.1	8.2	
-358.4	13.1	-41.0	-46.0	
-348.5	25.4	-31.2	-112.4	
-373.1	27.8	59.8	-73.0	
-358.4	5.7	50.0	-38.6	
-351.0	5.7	104.1	-33.7	
-343.6	5.7	202.5	-18.9	
-353.5	10.6	170.5	-28.7	
-348.5	18.0	54.9	-31.2	
-348.5	18.0	8.2	-6.6	
-323.9	30.3	-70.6	22.9	
-328.9	15.5	-119.8	8.2	
-296.9	13.1	-112.4	-14.0	
-328.9	22.9	-95.2	-1.7	
-365.8	18.0	27.8	20.5	
-343.6	25.4	197.6	5.7	
-326.4	20.5	207.4	20.5	
-346.1	13.1	-16.4	15.5	
-358.4	8.2	-33.7	22.9	
-331.3	5.7	-4.1	32.8	
-338.7	-1.7	-18.9	15.5	
-336.2	3.2	-38.6	-11.5	
-306.7	-11.5	-6.6	-1.7	
-289.5	-11.5	54.9	5.7	
-299.3	0.8	64.7	8.2	
-279.7	0.8	30.3	35.2	
-277.2	-9.1	-6.6	32.8	
-274.7	3.2	8.2	8.2	
-309.2	8.2	52.4	-14.0	
-309.2	8.2	62.3	0.8	
-319.0	3.2	62.3	3.2	
-326.4	10.6	-31.2	0.8	
-338.7	13.1	-38.6	-11.5	
-328.9	10.6	30.3	5.7	
-326.4	30.3	25.4	45.1	
-341.2	37.7	42.6	35.2	
-326.4	27.8	8.2	18.0	
-351.0	27.8	-48.4	5.7	
-348.5	27.8	-95.2	-1.7	
-346.1	13.1	-55.8	5.7	
-375.6	0.8	-14.0	-4.1	
-363.3	-6.6	-4.1	3.2	
-358.4	10.6	8.2	0.8	
-346.1	8.2	-1.7	8.2	
-360.8	5.7	57.4	-21.4	
-375.6	-6.6	35.2	-11.5	
-375.6	0.8	-26.3	0.8	
-358.4	5.7	-50.9	0.8	
-370.7	0.8	-107.5	-1.7	
-353.5	-18.9	-102.5	5.7	
-331.3	5.7	-53.3	-1.7	
-338.7	13.1	84.4	-14.0	
-355.9	8.2	158.2	-16.4	
-348.5	8.2	177.9	-18.9	
-333.8	3.2	173.0	-11.5	
-333.8	8.2	64.7	0.8	
-328.9	13.1	18.0	-6.6	
-323.9	13.1	27.8	57.4	
-336.2	18.0	18.0	37.7	
-351.0	18.0	-6.6	40.1	
-333.8	32.8	-21.4	52.4	
-333.8	27.8	-33.7	59.8	
-326.4	42.6	-28.7	15.5	
-304.3	32.8	-26.3	-28.7	
-309.2	8.2	-58.3	-43.5	
-299.3	27.8	-53.3	-28.7	
-294.4	50.0	-21.4	-14.0	
-289.5	30.3	27.8	-1.7	
-277.2	27.8	25.4	5.7	
-240.3	13.1	111.5	3.2	
-242.8	-4.1	126.2	18.0	
-242.8	-28.7	-14.0	15.5	
-235.4	-11.5	-43.5	32.8	
-200.9	25.4	-1.7	27.8	
-183.7	40.1	59.8	8.2	
-205.9	8.2	54.9	35.2	
-218.2	15.5	13.1	25.4	
-225.5	30.3	-26.3	25.4	
-230.5	15.5	-14.0	22.9	
-252.6	8.2	-28.7	27.8	
-250.1	8.2	-139.4	-31.2	
-242.8	15.5	-196.0	-43.5	
-230.5	13.1	-114.8	-16.4	
-235.4	35.2	-4.1	-1.7	
-220.6	40.1	84.4	5.7	
-208.3	22.9	291.1	10.6	
-218.2	37.7	182.8	0.8	
-200.9	45.1	91.8	8.2	
-213.2	45.1	47.5	22.9	
-213.2	32.8	37.7	27.8	
-205.9	27.8	47.5	10.6	
-161.6	10.6	22.9	-11.5	
-132.1	15.5	-1.7	-9.1	
-132.1	30.3	8.2	-4.1	
-161.6	25.4	3.2	-1.7	
-181.3	20.5	-6.6	8.2	
-188.6	13.1	-41.0	-21.4	
-213.2	8.2	15.5	-14.0	
-218.2	3.2	3.2	-28.7	
-200.9	-1.7	-38.6	-18.9	
-198.5	-1.7	-80.4	-4.1	
-173.9	10.6	-139.4	3.2	
-188.6	25.4	-117.3	15.5	
-218.2	27.8	-9.1	32.8	
-230.5	25.4	25.4	13.1	
-218.2	35.2	-14.0	22.9	
-191.1	32.8	-23.8	57.4	
-188.6	32.8	-11.5	69.7	
-215.7	18.0	-48.4	18.0	
-205.9	25.4	-38.6	-38.6	
-188.6	25.4	94.3	-16.4	
-200.9	25.4	148.4	3.2	
-191.1	18.0	121.3	10.6	
-181.3	15.5	84.4	27.8	
-188.6	22.9	96.7	37.7	
-181.3	3.2	91.8	20.5	
-191.1	15.5	-46.0	15.5	
-193.6	18.0	-114.8	5.7	
-198.5	27.8	-75.5	0.8	
-191.1	47.5	-43.5	32.8	
-186.2	18.0	22.9	57.4	
-210.8	5.7	116.4	13.1	
-240.3	8.2	32.8	-6.6	
-240.3	-1.7	18.0	-1.7	
-255.1	3.2	59.8	0.8	
-272.3	18.0	-14.0	-28.7	
-287.0	20.5	-60.7	-43.5	
-277.2	18.0	-11.5	-1.7	
-277.2	20.5	25.4	0.8	
-232.9	27.8	89.3	3.2	
-218.2	20.5	86.9	8.2	
-240.3	5.7	15.5	3.2	
-220.6	5.7	67.2	-6.6	
-235.4	13.1	131.2	-9.1	
-208.3	18.0	27.8	-4.1	
-183.7	20.5	-114.8	15.5	
-151.7	15.5	-109.9	10.6	
-176.3	27.8	-117.3	8.2	
-198.5	40.1	-26.3	8.2	
-196.0	35.2	84.4	22.9	
-213.2	45.1	91.8	18.0	
-181.3	52.4	40.1	3.2	
-166.5	59.8	-14.0	-11.5	
-161.6	27.8	116.4	-4.1	
-198.5	22.9	109.0	-11.5	
-188.6	40.1	32.8	-14.0	
-205.9	27.8	-18.9	-11.5	
-191.1	8.2	-38.6	3.2	
-159.1	22.9	-28.7	5.7	
-137.0	30.3	-97.6	-1.7	
-114.8	27.8	-68.1	3.2	
-119.8	22.9	-75.5	-1.7	
-95.2	25.4	-43.5	-4.1	
-119.8	30.3	-36.1	10.6	
-156.7	25.4	-21.4	20.5	
-156.7	8.2	-41.0	50.0	
-151.7	25.4	-43.5	35.2	
-132.1	37.7	-14.0	10.6	
-129.6	25.4	32.8	-1.7	
-87.8	22.9	123.8	27.8	
-53.3	25.4	106.6	18.0	
-77.9	20.5	40.1	13.1	
-102.5	10.6	-14.0	0.8	
-112.4	20.5	62.3	-11.5	
-122.2	35.2	96.7	-4.1	
-117.3	42.6	35.2	5.7	
-124.7	27.8	123.8	3.2	
-114.8	27.8	69.7	3.2	
-105.0	18.0	-9.1	-9.1	
-105.0	5.7	-102.5	8.2	
-107.5	-4.1	-28.7	15.5	
-132.1	8.2	-28.7	5.7	
-119.8	22.9	13.1	22.9	
-124.7	13.1	175.4	30.3	
-114.8	22.9	249.2	30.3	
-102.5	18.0	126.2	42.6	
-90.2	10.6	42.6	13.1	
-92.7	20.5	-92.7	-4.1	
-82.9	15.5	-134.5	-31.2	
-105.0	35.2	-107.5	-26.3	
-107.5	22.9	-26.3	-9.1	
-107.5	30.3	15.5	-6.6	
-124.7	32.8	30.3	0.8	
-141.9	5.7	35.2	-4.1	
-166.5	13.1	-63.2	30.3	
-176.3	18.0	-117.3	35.2	
-171.4	18.0	-50.9	18.0	
-159.1	-9.1	3.2	10.6	
-154.2	13.1	82.0	10.6	
-137.0	15.5	10.6	5.7	
-119.8	5.7	0.8	3.2	
-109.9	20.5	-11.5	3.2	
-100.1	27.8	-36.1	0.8	
-119.8	32.8	-119.8	-11.5	
-85.3	27.8	-100.1	-4.1	
-63.2	40.1	-50.9	-6.6	
-73.0	22.9	15.5	8.2	
-100.1	25.4	163.1	15.5	
-105.0	37.7	224.6	20.5	
-97.6	30.3	57.4	15.5	
-82.9	27.8	-109.9	20.5	
-95.2	25.4	-31.2	30.3	
-109.9	20.5	-60.7	10.6	
-97.6	13.1	-114.8	-1.7	
-102.5	0.8	-38.6	-9.1	
-97.6	27.8	37.7	-11.5	
-100.1	42.6	20.5	0.8	
-97.6	42.6	0.8	-9.1	
-97.6	40.1	40.1	10.6	
-92.7	42.6	-43.5	32.8	
-77.9	25.4	-1.7	37.7	
-90.2	30.3	121.3	30.3	
-112.4	32.8	229.6	47.5	
-141.9	18.0	266.5	0.8	
-144.4	18.0	104.1	-33.7	
-144.4	15.5	101.6	-41.0	
-124.7	30.3	123.8	-58.3	
-132.1	40.1	-21.4	-16.4	
-156.7	27.8	-82.9	-14.0	
-127.1	35.2	-109.9	8.2	
-109.9	35.2	-102.5	-9.1	
-92.7	20.5	-33.7	0.8	
-107.5	22.9	-4.1	5.7	
-114.8	10.6	8.2	10.6	
-112.4	10.6	8.2	15.5	
-137.0	22.9	32.8	15.5	
-141.9	22.9	50.0	3.2	
-173.9	40.1	37.7	-14.0	
-169.0	27.8	0.8	-6.6	
-149.3	35.2	-75.5	-1.7	
-114.8	20.5	-173.9	8.2	
-109.9	15.5	-95.2	13.1	
-85.3	37.7	-75.5	8.2	
-80.4	10.6	-75.5	15.5	
-109.9	20.5	-33.7	18.0	
-95.2	20.5	-156.7	-1.7	
-80.4	25.4	-139.4	-1.7	
-92.7	30.3	-18.9	8.2	
-77.9	27.8	-38.6	18.0	
-73.0	32.8	-137.0	30.3	
-100.1	47.5	-50.9	15.5	
-87.8	27.8	82.0	22.9	
-48.4	37.7	121.3	13.1	
-31.2	25.4	249.2	-11.5	
-31.2	27.8	236.9	-23.8	
-28.7	42.6	-38.6	-14.0	
-14.0	15.5	-119.8	-18.9	
-16.4	13.1	-146.8	-6.6	
-38.6	22.9	-112.4	18.0	
-38.6	20.5	-4.1	18.0	
-14.0	25.4	133.6	18.0	
-1.7	22.9	54.9	5.7	
-11.5	18.0	72.1	-6.6	
-14.0	13.1	72.1	5.7	
-38.6	20.5	113.9	-1.7	
-23.8	8.2	177.9	13.1	
-31.2	25.4	109.0	10.6	
-28.7	15.5	74.6	22.9	
-26.3	13.1	20.5	15.5	
-16.4	8.2	5.7	10.6	
-9.1	-4.1	-28.7	3.2	
22.9	13.1	10.6	-4.1	
25.4	0.8	72.1	0.8	
10.6	0.8	35.2	3.2	
-4.1	-6.6	50.0	8.2	
-14.0	-11.5	0.8	10.6	
-33.7	-14.0	0.8	10.6	
-18.9	-1.7	32.8	10.6	
-4.1	-6.6	79.5	0.8	
3.2	-1.7	5.7	3.2	
-9.1	-9.1	-33.7	8.2	
8.2	8.2	-60.7	-4.1	
5.7	0.8	-38.6	-11.5	
-6.6	-14.0	-124.7	20.5	
-18.9	-21.4	-176.3	3.2	
-23.8	-21.4	-112.4	15.5	
-14.0	-6.6	-36.1	22.9	
-18.9	-21.4	22.9	8.2	
-21.4	-11.5	74.6	5.7	
-14.0	-26.3	69.7	42.6	
-16.4	-21.4	62.3	22.9	
-23.8	20.5	-21.4	8.2	
-41.0	20.5	-43.5	-4.1	
-43.5	25.4	-112.4	3.2	
-55.8	27.8	-114.8	8.2	
-31.2	37.7	-100.1	0.8	
-16.4	50.0	15.5	13.1	
-26.3	82.0	-28.7	0.8	
-23.8	99.2	-127.1	15.5	
-1.7	126.2	-63.2	20.5	
25.4	109.0	-11.5	10.6	
42.6	104.1	-4.1	0.8	
42.6	72.1	27.8	-4.1	
5.7	82.0	-97.6	-18.9	
-26.3	104.1	-183.7	3.2	
0.8	111.5	-122.2	8.2	
-1.7	96.7	25.4	3.2	
-9.1	86.9	136.1	5.7	
0.8	89.3	173.0	0.8	
-28.7	99.2	104.1	13.1	
-14.0	91.8	104.1	8.2	
5.7	89.3	0.8	-6.6	
27.8	74.6	-68.1	18.0	
30.3	77.0	-31.2	15.5	
13.1	52.4	-41.0	30.3	
20.5	62.3	-18.9	50.0	
0.8	62.3	-26.3	27.8	
-11.5	40.1	-55.8	20.5	
-18.9	15.5	-68.1	5.7	
-41.0	25.4	25.4	5.7	
-41.0	22.9	89.3	-9.1	
-14.0	25.4	177.9	-9.1	
-4.1	8.2	148.4	-6.6	
-18.9	0.8	131.2	-28.7	
-6.6	-6.6	126.2	-14.0	
-26.3	-4.1	50.0	-4.1	
-18.9	-16.4	5.7	0.8	
-14.0	-18.9	35.2	18.0	
-1.7	-1.7	32.8	10.6	
3.2	-1.7	5.7	18.0	
3.2	-9.1	-6.6	15.5	
-9.1	-11.5	-1.7	27.8	
-14.0	-18.9	-28.7	8.2	
-14.0	-11.5	-26.3	-1.7	
-18.9	-11.5	-31.2	-1.7	
-50.9	-21.4	-65.6	-11.5	
-58.3	-4.1	-87.8	15.5	
-65.6	5.7	-33.7	8.2	
-82.9	13.1	3.2	10.6	
-87.8	18.0	-11.5	0.8	
-97.6	15.5	-50.9	0.8	
-87.8	10.6	-50.9	0.8	
-73.0	18.0	5.7	10.6	
-65.6	22.9	5.7	27.8	
-28.7	25.4	-16.4	30.3	
-11.5	25.4	-41.0	18.0	
-9.1	47.5	-16.4	37.7	
20.5	32.8	69.7	32.8	
69.7	32.8	150.8	32.8	
72.1	37.7	69.7	-1.7	
47.5	22.9	13.1	-31.2	
84.4	18.0	-178.8	-33.7	
96.7	13.1	-375.6	-14.0	
79.5	8.2	-289.5	-4.1	
57.4	10.6	-95.2	5.7	
42.6	3.2	104.1	5.7	
57.4	5.7	320.6	18.0	
45.1	0.8	332.9	30.3	
3.2	3.2	50.0	32.8	
3.2	-6.6	106.6	25.4	
-4.1	-4.1	138.5	22.9	
-14.0	13.1	111.5	25.4	
-4.1	27.8	111.5	18.0	
8.2	30.3	109.0	32.8	
42.6	35.2	138.5	42.6	
42.6	30.3	229.6	47.5	
25.4	27.8	153.3	32.8	
37.7	22.9	3.2	40.1	
10.6	15.5	-28.7	8.2	
15.5	30.3	-109.9	-9.1	
-4.1	32.8	-156.7	-36.1	
18.0	45.1	-85.3	-53.3	
13.1	32.8	-102.5	-55.8	
8.2	37.7	-77.9	-38.6	
18.0	40.1	-33.7	-21.4	
-14.0	22.9	22.9	8.2	
-41.0	40.1	145.9	30.3	
-1.7	22.9	332.9	22.9	
8.2	10.6	86.9	20.5	
25.4	20.5	-264.9	-1.7	
74.6	35.2	-326.4	-31.2	
96.7	25.4	-235.4	-31.2	
94.3	22.9	-112.4	-9.1	
69.7	8.2	25.4	10.6	
57.4	-9.1	-53.3	25.4	
37.7	30.3	-70.6	27.8	
32.8	22.9	-141.9	18.0	
45.1	37.7	-213.2	59.8	
35.2	45.1	-41.0	62.3	
40.1	37.7	-21.4	42.6	
30.3	30.3	138.5	27.8	
5.7	32.8	163.1	0.8	
-14.0	27.8	236.9	-18.9	
-14.0	10.6	328.0	-16.4	
-28.7	30.3	261.5	-9.1	
-36.1	37.7	133.6	-53.3	
-38.6	32.8	-55.8	-60.7	
-11.5	35.2	-68.1	-31.2	
0.8	32.8	3.2	-6.6	
18.0	30.3	160.7	-4.1	
20.5	35.2	155.8	5.7	
35.2	20.5	40.1	5.7	
40.1	0.8	42.6	32.8	
20.5	-1.7	57.4	5.7	
0.8	0.8	84.4	22.9	
-31.2	22.9	121.3	22.9	
-18.9	32.8	30.3	15.5	
-4.1	37.7	-36.1	-48.4	
0.8	35.2	-77.9	-48.4	
-1.7	20.5	-33.7	-26.3	
-9.1	37.7	-31.2	-4.1	
-28.7	32.8	-55.8	-16.4	
-43.5	40.1	-31.2	32.8	
-60.7	35.2	54.9	50.0	
-36.1	37.7	64.7	35.2	
-16.4	35.2	3.2	47.5	
-1.7	32.8	32.8	40.1	
5.7	25.4	5.7	32.8	
18.0	18.0	-178.8	59.8	
30.3	18.0	-161.6	42.6	
35.2	13.1	-80.4	27.8	
20.5	32.8	-46.0	5.7	
8.2	15.5	79.5	20.5	
-9.1	32.8	217.3	13.1	
-4.1	35.2	72.1	15.5	
-9.1	18.0	-65.6	8.2	
18.0	20.5	-144.4	8.2	
35.2	32.8	-159.1	5.7	
47.5	22.9	-146.8	8.2	
47.5	32.8	-100.1	8.2	
42.6	32.8	143.5	15.5	
20.5	35.2	239.4	25.4	
20.5	50.0	145.9	22.9	
8.2	30.3	20.5	18.0	
-31.2	25.4	-28.7	30.3	
-26.3	15.5	-23.8	30.3	
-18.9	18.0	-68.1	30.3	
-9.1	42.6	-109.9	15.5	
13.1	42.6	-134.5	18.0	
62.3	18.0	45.1	-6.6	
42.6	18.0	18.0	-28.7	
15.5	30.3	-171.4	-33.7	
5.7	27.8	-274.7	-21.4	
-4.1	42.6	-301.8	10.6	
25.4	40.1	-77.9	13.1	
35.2	27.8	22.9	15.5	
45.1	30.3	217.3	22.9	
-4.1	27.8	273.8	30.3	
-36.1	40.1	111.5	27.8	
-18.9	25.4	-63.2	32.8	
-4.1	15.5	-341.2	52.4	
-33.7	37.7	-355.9	42.6	
-23.8	20.5	-338.7	40.1	
-46.0	25.4	-200.9	32.8	
-85.3	30.3	101.6	18.0	
-55.8	18.0	254.2	0.8	
-9.1	13.1	347.6	-33.7	
50.0	22.9	379.6	-41.0	
113.9	25.4	409.1	-31.2	
111.5	25.4	241.9	-9.1	
57.4	22.9	160.7	-6.6	
-6.6	18.0	-1.7	-6.6	
13.1	22.9	-55.8	-23.8	
0.8	32.8	-77.9	-9.1	
3.2	30.3	-159.1	-14.0	
-23.8	32.8	-161.6	-21.4	
-41.0	13.1	-196.0	-4.1	
-31.2	25.4	-107.5	-9.1	
3.2	22.9	-11.5	-1.7	
0.8	20.5	150.8	10.6	
-41.0	13.1	136.1	8.2	
-31.2	15.5	32.8	3.2	
15.5	22.9	52.4	-6.6	
15.5	5.7	37.7	5.7	
37.7	13.1	123.8	-1.7	
37.7	32.8	205.0	13.1	
13.1	25.4	202.5	15.5	
0.8	20.5	109.0	-1.7	
-41.0	32.8	72.1	5.7	
-73.0	18.0	-23.8	-1.7	
-87.8	30.3	-92.7	-9.1	
-80.4	32.8	-77.9	8.2	
-73.0	18.0	-18.9	3.2	
-50.9	8.2	-43.5	-1.7	
-73.0	0.8	-134.5	10.6	
-50.9	8.2	-105.0	0.8	
-23.8	22.9	-50.9	0.8	
13.1	30.3	64.7	13.1	
18.0	35.2	101.6	10.6	
27.8	25.4	59.8	0.8	
20.5	18.0	54.9	-1.7	
-9.1	22.9	116.4	15.5	
-9.1	15.5	-6.6	18.0	
-33.7	13.1	-43.5	30.3	
-41.0	13.1	-97.6	37.7	
-38.6	22.9	-53.3	18.0	
-60.7	20.5	-43.5	27.8	
-41.0	20.5	-73.0	30.3	
-31.2	0.8	-124.7	27.8	
-58.3	-9.1	-117.3	15.5	
-55.8	-16.4	-97.6	15.5	
-55.8	13.1	141.0	-4.1	
-43.5	18.0	224.6	18.0	
-21.4	27.8	10.6	-18.9	
-36.1	35.2	-146.8	-16.4	
-53.3	32.8	-183.7	-16.4	
-48.4	32.8	-311.6	-11.5	
-53.3	18.0	-117.3	-14.0	
-18.9	13.1	131.2	-6.6	
3.2	15.5	241.9	-4.1	
3.2	0.8	340.3	5.7	
-4.1	3.2	259.1	10.6	
8.2	32.8	168.1	18.0	
13.1	45.1	106.6	15.5	
-9.1	20.5	168.1	0.8	
-26.3	69.7	50.0	13.1	
-16.4	57.4	-1.7	25.4	
-1.7	35.2	8.2	27.8	
-1.7	35.2	25.4	18.0	
-1.7	47.5	-14.0	10.6	
-6.6	42.6	-107.5	-6.6	
-1.7	37.7	-77.9	-16.4	
15.5	20.5	-60.7	-1.7	
64.7	37.7	-198.5	-11.5	
54.9	35.2	-80.4	-43.5	
27.8	37.7	15.5	15.5	
18.0	40.1	-46.0	37.7	
-11.5	35.2	126.2	5.7	
-41.0	40.1	165.6	18.0	
-63.2	40.1	47.5	52.4	
-53.3	18.0	-105.0	47.5	
-31.2	18.0	-220.6	27.8	
-38.6	32.8	-161.6	13.1	
-14.0	40.1	62.3	27.8	
-26.3	32.8	-4.1	30.3	
-11.5	37.7	-183.7	32.8	
-18.9	22.9	-60.7	32.8	
15.5	25.4	45.1	18.0	
22.9	27.8	136.1	18.0	
8.2	32.8	116.4	25.4	
-14.0	8.2	205.0	42.6	
-1.7	15.5	246.8	40.1	
5.7	20.5	249.2	45.1	
-1.7	20.5	141.0	45.1	
8.2	22.9	91.8	22.9	
-4.1	3.2	84.4	20.5	
8.2	15.5	-6.6	-18.9	
27.8	35.2	-82.9	-85.3	
22.9	35.2	-95.2	-87.8	
22.9	52.4	-63.2	-70.6	
5.7	42.6	-53.3	-31.2	
-1.7	13.1	-55.8	-4.1	
8.2	37.7	-87.8	22.9	
-4.1	27.8	-6.6	0.8	
-11.5	37.7	20.5	-4.1	
3.2	45.1	25.4	-11.5	
-9.1	32.8	32.8	-28.7	
13.1	35.2	91.8	20.5	
40.1	54.9	86.9	-21.4	
18.0	52.4	-31.2	-26.3	
42.6	50.0	-80.4	20.5	
67.2	57.4	-60.7	50.0	
84.4	32.8	10.6	40.1	
64.7	25.4	30.3	32.8	
35.2	8.2	20.5	37.7	
35.2	5.7	-33.7	0.8	
27.8	27.8	-58.3	27.8	
3.2	45.1	-119.8	67.2	
-26.3	47.5	-235.4	82.0	
-63.2	35.2	-287.0	18.0	
-97.6	32.8	-186.2	-43.5	
-129.6	30.3	-85.3	-80.4	
-119.8	22.9	133.6	-46.0	
-60.7	40.1	207.4	-53.3	
0.8	57.4	259.1	-33.7	
18.0	45.1	207.4	5.7	
45.1	42.6	209.9	3.2	
54.9	37.7	86.9	-1.7	
64.7	22.9	-90.2	5.7	
89.3	35.2	-31.2	15.5	
89.3	45.1	-112.4	5.7	
79.5	35.2	-245.2	-48.4	
94.3	25.4	-319.0	-26.3	
69.7	8.2	-306.7	-6.6	
54.9	18.0	-218.2	-14.0	
62.3	40.1	-1.7	10.6	
27.8	45.1	384.5	20.5	
18.0	42.6	335.3	25.4	
22.9	42.6	170.5	10.6	
32.8	47.5	148.4	-11.5	
40.1	40.1	234.5	13.1	
57.4	30.3	396.8	30.3	
86.9	50.0	168.1	25.4	
96.7	37.7	-218.2	22.9	
94.3	27.8	-277.2	20.5	
82.0	42.6	-183.7	10.6	
67.2	52.4	-4.1	13.1	
86.9	45.1	32.8	20.5	
89.3	13.1	96.7	-4.1	
74.6	32.8	59.8	-36.1	
77.0	8.2	74.6	-36.1	
84.4	5.7	-11.5	-1.7	
72.1	-9.1	-26.3	25.4	
84.4	10.6	35.2	32.8	
67.2	20.5	84.4	15.5	
62.3	-6.6	158.2	-21.4	
72.1	-14.0	52.4	-46.0	
64.7	0.8	0.8	-11.5	
77.0	25.4	69.7	-6.6	
69.7	37.7	40.1	-11.5	
62.3	18.0	-28.7	-1.7	
47.5	45.1	-60.7	-14.0	
57.4	62.3	18.0	27.8	
50.0	59.8	3.2	40.1	
32.8	52.4	-23.8	40.1	
62.3	52.4	-9.1	69.7	
72.1	-6.6	8.2	45.1	
37.7	-14.0	8.2	-4.1	
10.6	3.2	20.5	-1.7	
42.6	45.1	32.8	42.6	
69.7	54.9	-11.5	86.9	
64.7	45.1	20.5	67.2	
37.7	35.2	-41.0	18.0	
13.1	37.7	-220.6	32.8	
13.1	15.5	-223.1	-16.4	
25.4	10.6	-159.1	-46.0	
32.8	3.2	-73.0	-26.3	
20.5	18.0	99.2	13.1	
-14.0	8.2	229.6	35.2	
-28.7	25.4	232.0	10.6	
-63.2	10.6	91.8	5.7	
-50.9	32.8	79.5	42.6	
-36.1	52.4	47.5	40.1	
-46.0	67.2	3.2	-9.1	
-31.2	64.7	-82.9	-4.1	
-48.4	57.4	-122.2	22.9	
-63.2	25.4	-169.0	27.8	
-48.4	13.1	-247.7	22.9	
5.7	10.6	-137.0	30.3	
37.7	13.1	94.3	18.0	
27.8	22.9	52.4	32.8	
-41.0	30.3	-21.4	32.8	
-60.7	25.4	-82.9	-21.4	
-65.6	20.5	59.8	-77.9	
-70.6	20.5	219.7	-46.0	
-41.0	52.4	293.5	-21.4	
-36.1	35.2	259.1	-14.0	
-68.1	35.2	74.6	-6.6	
-55.8	37.7	-102.5	-6.6	
-26.3	37.7	-294.4	-14.0	
18.0	64.7	-454.3	-16.4	
10.6	64.7	-301.8	0.8	
-1.7	47.5	-105.0	-14.0	
15.5	45.1	96.7	-6.6	
13.1	54.9	350.1	18.0	
5.7	42.6	497.7	5.7	
-11.5	25.4	165.6	-11.5	
-18.9	25.4	-75.5	-28.7	
-36.1	32.8	-373.1	-6.6	
-46.0	37.7	-469.1	0.8	
-63.2	27.8	-422.3	18.0	
-18.9	30.3	-323.9	42.6	
-16.4	25.4	-33.7	52.4	
0.8	25.4	303.4	32.8	
27.8	27.8	369.8	-1.7	
64.7	22.9	283.7	10.6	
91.8	25.4	396.8	0.8	
116.4	30.3	487.9	15.5	
113.9	27.8	382.1	47.5	
109.0	25.4	170.5	67.2	
99.2	18.0	111.5	47.5	
101.6	30.3	8.2	32.8	
91.8	40.1	18.0	18.0	
74.6	42.6	-11.5	22.9	
72.1	25.4	57.4	-9.1	
50.0	35.2	35.2	-38.6	
69.7	37.7	-28.7	-26.3	
74.6	32.8	-213.2	-4.1	
45.1	32.8	-230.5	8.2	
30.3	32.8	-282.1	15.5	
18.0	30.3	-328.9	3.2	
30.3	25.4	-237.8	-16.4	
42.6	32.8	104.1	-16.4	
59.8	37.7	335.3	-28.7	
42.6	32.8	273.8	-26.3	
25.4	50.0	180.4	-14.0	
-14.0	64.7	165.6	18.0	
15.5	30.3	89.3	25.4	
-9.1	20.5	-48.4	5.7	
5.7	25.4	-151.7	8.2	
27.8	27.8	-18.9	5.7	
15.5	-6.6	62.3	-6.6	
22.9	-18.9	77.0	-4.1	
-18.9	-23.8	54.9	0.8	
-82.9	-14.0	47.5	-11.5	
-87.8	0.8	59.8	-11.5	
-58.3	0.8	15.5	5.7	
-26.3	32.8	35.2	13.1	
-28.7	64.7	69.7	3.2	
-33.7	62.3	35.2	10.6	
-9.1	40.1	-36.1	-21.4	
-4.1	35.2	-14.0	-33.7	
-18.9	40.1	-18.9	-18.9	
-4.1	32.8	-36.1	-38.6	
15.5	45.1	-90.2	18.0	
37.7	47.5	-112.4	59.8	
42.6	40.1	10.6	5.7	
10.6	50.0	42.6	-58.3	
-11.5	37.7	-23.8	-36.1	
-63.2	25.4	-31.2	13.1	
-68.1	32.8	-117.3	0.8	
-90.2	25.4	-164.0	8.2	
-87.8	27.8	-161.6	30.3	
-73.0	25.4	-38.6	35.2	
-87.8	20.5	-26.3	89.3	
-58.3	10.6	96.7	79.5	
-53.3	13.1	192.7	42.6	
-63.2	15.5	109.0	30.3	
-31.2	3.2	62.3	32.8	
-28.7	3.2	101.6	54.9	
5.7	15.5	45.1	8.2	
35.2	42.6	18.0	27.8	
5.7	47.5	13.1	62.3	
0.8	52.4	45.1	47.5	
-14.0	59.8	15.5	15.5	
-33.7	42.6	-97.6	-23.8	
-31.2	18.0	-193.6	-18.9	
-36.1	45.1	-105.0	-16.4	
-50.9	67.2	27.8	-9.1	
-28.7	50.0	32.8	-33.7	
-23.8	45.1	160.7	-38.6	
-26.3	30.3	207.4	-48.4	
-41.0	35.2	222.2	-16.4	
-38.6	45.1	101.6	-6.6	
-1.7	45.1	-55.8	10.6	
20.5	40.1	-127.1	20.5	
37.7	47.5	-218.2	13.1	
18.0	30.3	-235.4	22.9	
3.2	27.8	-188.6	37.7	
3.2	50.0	-228.0	13.1	
5.7	32.8	-220.6	25.4	
8.2	25.4	-235.4	37.7	
18.0	40.1	-161.6	40.1	
25.4	35.2	86.9	47.5	
22.9	35.2	342.7	37.7	
3.2	27.8	426.4	50.0	
-9.1	8.2	266.5	13.1	
30.3	8.2	195.1	-9.1	
37.7	18.0	91.8	-60.7	
18.0	35.2	-92.7	-63.2	
15.5	50.0	-156.7	-55.8	
45.1	47.5	-119.8	-46.0	
3.2	30.3	18.0	-33.7	
-9.1	20.5	-70.6	0.8	
35.2	35.2	-203.4	3.2	
101.6	20.5	-247.7	5.7	
101.6	18.0	-235.4	-1.7	
52.4	18.0	-137.0	3.2	
40.1	27.8	145.9	3.2	
22.9	8.2	300.9	-1.7	
40.1	20.5	214.8	0.8	
52.4	30.3	177.9	13.1	
30.3	25.4	141.0	30.3	
15.5	35.2	123.8	25.4	
18.0	35.2	91.8	8.2	
18.0	35.2	86.9	0.8	
27.8	25.4	18.0	5.7	
37.7	22.9	-48.4	-9.1	
54.9	27.8	5.7	-9.1	
96.7	18.0	-9.1	13.1	
155.8	35.2	15.5	8.2	
128.7	35.2	15.5	-9.1	
126.2	40.1	47.5	0.8	
113.9	30.3	131.2	18.0	
67.2	47.5	99.2	25.4	
50.0	57.4	69.7	35.2	
35.2	52.4	69.7	10.6	
45.1	52.4	69.7	-9.1	
45.1	47.5	84.4	0.8	
30.3	40.1	180.4	37.7	
10.6	37.7	52.4	59.8	
13.1	25.4	-26.3	77.0	
30.3	22.9	-28.7	50.0	
74.6	15.5	-144.4	62.3	
30.3	5.7	-343.6	52.4	
-21.4	15.5	-296.9	79.5	
-16.4	27.8	-252.6	-1.7	
22.9	45.1	-161.6	-92.7	
35.2	42.6	91.8	-122.2	
47.5	47.5	286.1	-77.9	
69.7	22.9	219.7	-55.8	
116.4	13.1	180.4	-18.9	
116.4	0.8	77.0	-9.1	
109.0	5.7	13.1	-21.4	
106.6	8.2	-1.7	0.8	
91.8	5.7	-18.9	5.7	
94.3	5.7	15.5	15.5	
67.2	32.8	84.4	8.2	
0.0	45.1	74.6	10.6	
-16.4	64.7	8.2	10.6	
-43.5	8.2	8.2	-9.1	
-33.7	25.4	0.8	-14.0	
-11.5	52.4	25.4	-23.8	
13.1	37.7	50.0	-4.1	
64.7	45.1	-1.7	-16.4	
77.0	77.0	-73.0	-4.1	
67.2	45.1	-33.7	-4.1	
94.3	42.6	0.8	3.2	
27.8	37.7	141.0	-14.0	
-4.1	45.1	79.5	-16.4	
-31.2	20.5	-43.5	-33.7	
-43.5	25.4	-87.8	-41.0	
-97.6	20.5	-122.2	-1.7	
-82.9	30.3	-203.4	15.5	
-95.2	45.1	-90.2	42.6	
-38.6	35.2	10.6	47.5	
-4.1	52.4	0.8	20.5	
-9.1	25.4	165.6	27.8	
-21.4	30.3	195.1	45.1	
-31.2	40.1	-16.4	52.4	
-21.4	37.7	-178.8	77.0	
-60.7	30.3	-277.2	8.2	
-75.5	40.1	-287.0	-14.0	
-63.2	30.3	-164.0	5.7	
-90.2	25.4	27.8	-9.1	
-117.3	40.1	197.6	-11.5	
-43.5	25.4	256.6	-18.9	
32.8	25.4	293.5	-18.9	
64.7	20.5	291.1	-33.7	
42.6	37.7	222.2	-1.7	
35.2	50.0	131.2	13.1	
22.9	40.1	5.7	69.7	
50.0	35.2	-90.2	50.0	
13.1	35.2	-129.6	32.8	
18.0	30.3	-55.8	22.9	
-16.4	37.7	79.5	35.2	
-4.1	45.1	141.0	22.9	
8.2	52.4	62.3	13.1	
86.9	42.6	37.7	20.5	
111.5	35.2	-33.7	25.4	
96.7	35.2	-114.8	27.8	
86.9	25.4	-129.6	-1.7	
94.3	37.7	0.8	-16.4	
116.4	50.0	133.6	13.1	
116.4	40.1	64.7	8.2	
79.5	37.7	-53.3	10.6	
62.3	40.1	-73.0	8.2	
62.3	37.7	-105.0	10.6	
57.4	37.7	-159.1	3.2	
30.3	27.8	-82.9	3.2	
13.1	25.4	-100.1	13.1	
-1.7	30.3	-127.1	18.0	
3.2	32.8	40.1	5.7	
-26.3	15.5	-63.2	0.8	
-14.0	25.4	-250.1	-11.5	
25.4	5.7	-178.8	5.7	
59.8	13.1	-151.7	-1.7	
69.7	10.6	-85.3	30.3	
69.7	20.5	-186.2	40.1	
79.5	20.5	-58.3	52.4	
67.2	25.4	200.0	22.9	
54.9	25.4	276.3	52.4	
-9.1	20.5	426.4	45.1	
-28.7	30.3	746.2	25.4	
5.7	27.8	487.9	0.8	
-41.0	57.4	236.9	-14.0	
-55.8	47.5	74.6	-23.8	
-70.6	42.6	-14.0	8.2	
-33.7	42.6	-127.1	25.4	
-38.6	13.1	-161.6	-23.8	
-80.4	15.5	-87.8	-68.1	
-68.1	25.4	-105.0	-73.0	
-70.6	30.3	-50.9	-41.0	
-58.3	27.8	-14.0	-11.5	
-36.1	57.4	50.0	3.2	
-11.5	62.3	99.2	-1.7	
-1.7	35.2	101.6	-16.4	
-9.1	40.1	-63.2	-21.4	
-14.0	42.6	-95.2	-6.6	
8.2	40.1	-109.9	-18.9	
-16.4	8.2	-85.3	-23.8	
-16.4	8.2	50.0	-1.7	
8.2	-4.1	173.0	15.5	
13.1	8.2	18.0	-1.7	
-1.7	15.5	20.5	-18.9	
-14.0	10.6	20.5	-23.8	
-21.4	-6.6	-18.9	0.8	
-6.6	-11.5	-21.4	37.7	
-28.7	13.1	5.7	35.2	
-31.2	45.1	-68.1	18.0	
-16.4	69.7	-119.8	5.7	
-18.9	69.7	-154.2	13.1	
-23.8	52.4	-235.4	15.5	
-33.7	64.7	-215.7	30.3	
-28.7	45.1	-112.4	40.1	
-23.8	42.6	111.5	15.5	
-33.7	20.5	350.1	37.7	
-14.0	32.8	234.5	30.3	
-38.6	54.9	13.1	10.6	
-50.9	47.5	64.7	18.0	
-48.4	45.1	-85.3	20.5	
-6.6	22.9	-124.7	15.5	
25.4	20.5	-119.8	10.6	
45.1	25.4	45.1	-4.1	
72.1	42.6	113.9	-11.5	
59.8	27.8	273.8	-23.8	
25.4	40.1	404.2	-16.4	
-1.7	64.7	232.0	-31.2	
-14.0	37.7	50.0	-21.4	
-23.8	18.0	-63.2	-6.6	
-28.7	32.8	-97.6	-9.1	
-26.3	15.5	-198.5	-6.6	
-26.3	32.8	-250.1	15.5	
27.8	25.4	-183.7	8.2	
10.6	15.5	-149.3	0.8	
-28.7	25.4	-173.9	45.1	
-11.5	32.8	-134.5	40.1	
18.0	37.7	-33.7	5.7	
35.2	45.1	-14.0	0.8	
50.0	54.9	86.9	22.9	
40.1	47.5	355.0	5.7	
47.5	27.8	310.7	22.9	
67.2	22.9	47.5	37.7	
54.9	40.1	-117.3	22.9	
54.9	27.8	-191.1	47.5	
37.7	32.8	-220.6	45.1	
5.7	47.5	-55.8	32.8	
-9.1	27.8	25.4	13.1	
-11.5	32.8	-97.6	-26.3	
-6.6	40.1	-149.3	-38.6	
8.2	35.2	101.6	-46.0	
47.5	22.9	128.7	-9.1	
84.4	32.8	69.7	20.5	
99.2	32.8	8.2	15.5	
72.1	42.6	168.1	10.6	
35.2	37.7	256.6	-4.1	
45.1	20.5	332.9	-9.1	
62.3	27.8	323.0	-11.5	
64.7	27.8	241.9	18.0	
20.5	27.8	52.4	47.5	
27.8	25.4	-73.0	52.4	
37.7	20.5	-269.8	45.1	
59.8	25.4	-255.1	20.5	
86.9	30.3	-137.0	30.3	
101.6	22.9	15.5	-28.7	
79.5	52.4	175.4	-65.6	
79.5	47.5	72.1	-50.9	
82.0	32.8	-9.1	-16.4	
64.7	42.6	-75.5	13.1	
121.3	37.7	18.0	20.5	
113.9	50.0	-38.6	3.2	
94.3	42.6	-90.2	-6.6	
69.7	25.4	-41.0	10.6	
52.4	47.5	-18.9	22.9	
8.2	22.9	84.4	-38.6	
-16.4	45.1	59.8	-28.7	
-28.7	57.4	5.7	18.0	
-21.4	47.5	50.0	52.4	
-46.0	62.3	-151.7	64.7	
-23.8	37.7	-95.2	15.5	
-23.8	13.1	-14.0	-1.7	
-14.0	0.8	67.2	-28.7	
-18.9	10.6	54.9	-33.7	
-28.7	-6.6	3.2	3.2	
-33.7	-9.1	30.3	40.1	
-63.2	0.8	15.5	22.9	
-50.9	20.5	35.2	-11.5	
-46.0	20.5	-21.4	30.3	
-55.8	8.2	-1.7	54.9	
-65.6	18.0	25.4	27.8	
-55.8	18.0	10.6	18.0	
-105.0	3.2	-16.4	-16.4	
-132.1	0.8	-46.0	0.8	
-156.7	20.5	-70.6	32.8	
-178.8	64.7	-50.9	8.2	
-208.3	50.0	-46.0	3.2	
-186.2	35.2	-60.7	64.7	
-137.0	35.2	-26.3	25.4	
-90.2	84.4	-11.5	25.4	
-141.9	91.8	-77.9	32.8	
-151.7	47.5	-95.2	-4.1	
-137.0	47.5	-31.2	-46.0	
-139.4	62.3	82.0	-16.4	
-97.6	27.8	-11.5	-18.9	
-87.8	32.8	15.5	-21.4	
-65.6	22.9	59.8	18.0	
-16.4	-1.7	79.5	42.6	
-33.7	-18.9	32.8	0.8	
-60.7	3.2	67.2	-6.6	
-122.2	40.1	-58.3	-1.7	
-151.7	35.2	-95.2	15.5	
-139.4	32.8	5.7	32.8	
-134.5	52.4	209.9	-38.6	
-102.5	27.8	143.5	-41.0	
-97.6	0.8	20.5	-43.5	
-65.6	-18.9	-43.5	-46.0	
-1.7	18.0	-6.6	-58.3	
52.4	32.8	8.2	-38.6	
72.1	91.8	32.8	-4.1	
45.1	84.4	52.4	35.2	
40.1	57.4	96.7	52.4	
47.5	52.4	62.3	18.0	
45.1	54.9	47.5	-26.3	
8.2	37.7	-36.1	-28.7	
-4.1	25.4	-114.8	-21.4	
-1.7	40.1	-122.2	-4.1	
-38.6	42.6	-48.4	10.6	
-16.4	20.5	50.0	35.2	
-11.5	15.5	82.0	50.0	
-11.5	27.8	-60.7	40.1	
-4.1	25.4	-107.5	47.5	
-11.5	22.9	-73.0	37.7	
3.2	37.7	-1.7	25.4	
5.7	72.1	-23.8	27.8	
45.1	54.9	-127.1	-6.6	
106.6	30.3	-65.6	-31.2	
126.2	25.4	-9.1	-21.4	
77.0	10.6	-151.7	20.5	
47.5	-11.5	-105.0	45.1	
30.3	37.7	266.5	42.6	
0.8	42.6	229.6	8.2	
5.7	52.4	148.4	-46.0	
-16.4	62.3	190.2	0.8	
-43.5	50.0	224.6	-11.5	
-21.4	30.3	182.8	-41.0	
15.5	62.3	35.2	-28.7	
64.7	22.9	-151.7	-28.7	
74.6	-14.0	-215.7	3.2	
57.4	-1.7	-85.3	20.5	
13.1	10.6	25.4	18.0	
-26.3	20.5	126.2	3.2	
-38.6	30.3	104.1	25.4	
-107.5	64.7	-4.1	20.5	
-124.7	64.7	42.6	8.2	
-87.8	54.9	-50.9	22.9	
-43.5	47.5	-173.9	57.4	
-14.0	37.7	-31.2	42.6	
-9.1	42.6	62.3	67.2	
-28.7	57.4	148.4	104.1	
3.2	37.7	195.1	64.7	
72.1	42.6	160.7	-23.8	
101.6	37.7	54.9	-70.6	
20.5	40.1	40.1	-55.8	
-48.4	22.9	3.2	-41.0	
-97.6	54.9	-43.5	-33.7	
-119.8	64.7	-58.3	-4.1	
-156.7	106.6	-132.1	-14.0	
-159.1	52.4	-129.6	-6.6	
-132.1	13.1	-107.5	8.2	
-77.9	15.5	64.7	3.2	
-48.4	-9.1	170.5	0.8	
-18.9	-9.1	143.5	-6.6	
-6.6	-21.4	118.9	20.5	
8.2	8.2	42.6	20.5	
-28.7	15.5	69.7	32.8	
-87.8	25.4	42.6	59.8	
-95.2	37.7	-16.4	30.3	
-90.2	54.9	-109.9	25.4	
-46.0	62.3	-144.4	15.5	
-6.6	35.2	-122.2	47.5	
-48.4	15.5	-68.1	45.1	
-48.4	22.9	-87.8	42.6	
-31.2	47.5	-203.4	18.0	
-16.4	20.5	-218.2	-43.5	
-9.1	27.8	-33.7	-41.0	
-6.6	27.8	15.5	-21.4	
-28.7	37.7	141.0	-38.6	
-33.7	15.5	298.4	-36.1	
-26.3	10.6	323.0	-16.4	
-53.3	15.5	315.7	0.8	
-90.2	5.7	101.6	42.6	
-90.2	10.6	-14.0	40.1	
-77.9	10.6	-6.6	5.7	
-97.6	30.3	10.6	-4.1	
-85.3	72.1	-50.9	-9.1	
-70.6	74.6	-60.7	18.0	
-73.0	32.8	-100.1	27.8	
-43.5	54.9	-80.4	35.2	
-18.9	47.5	-73.0	40.1	
-11.5	22.9	-43.5	22.9	
-6.6	32.8	-11.5	3.2	
-4.1	37.7	35.2	-16.4	
8.2	20.5	-6.6	-4.1	
13.1	18.0	-87.8	0.8	
-1.7	35.2	-60.7	13.1	
-41.0	32.8	-4.1	40.1	
-43.5	42.6	18.0	20.5	
-41.0	20.5	126.2	3.2	
-77.9	20.5	168.1	5.7	
-109.9	10.6	77.0	0.8	
-127.1	8.2	-23.8	-41.0	
-122.2	-1.7	-23.8	-38.6	
-107.5	27.8	42.6	-1.7	
-70.6	42.6	52.4	15.5	
-33.7	15.5	8.2	25.4	
5.7	35.2	-68.1	15.5	
-31.2	32.8	-82.9	35.2	
-4.1	64.7	-87.8	47.5	
3.2	42.6	-87.8	40.1	
8.2	67.2	-75.5	30.3	
42.6	50.0	-41.0	40.1	
69.7	32.8	-23.8	35.2	
37.7	42.6	-95.2	8.2	
35.2	42.6	-65.6	74.6	
18.0	37.7	57.4	136.1	
-1.7	47.5	79.5	37.7	
-1.7	40.1	20.5	-28.7	
22.9	40.1	180.4	-65.6	
-18.9	30.3	163.1	-63.2	
-41.0	10.6	89.3	-60.7	
-85.3	13.1	-16.4	-21.4	
-55.8	5.7	-16.4	-4.1	
-36.1	10.6	45.1	-23.8	
-80.4	-9.1	91.8	-50.9	
-31.2	3.2	50.0	-53.3	
35.2	10.6	27.8	-36.1	
18.0	40.1	15.5	-14.0	
15.5	72.1	59.8	-4.1	
18.0	89.3	40.1	84.4	
18.0	69.7	42.6	150.8	
5.7	45.1	13.1	150.8	
27.8	52.4	-23.8	99.2	
-11.5	52.4	-68.1	99.2	
-28.7	50.0	-132.1	59.8	
-63.2	40.1	-95.2	-36.1	
-21.4	32.8	-105.0	-43.5	
-28.7	35.2	-100.1	-23.8	
-46.0	32.8	5.7	-1.7	
-68.1	42.6	148.4	5.7	
-100.1	52.4	121.3	-16.4	
-97.6	35.2	79.5	-28.7	
-60.7	42.6	94.3	-14.0	
-60.7	30.3	143.5	-33.7	
-50.9	45.1	47.5	-53.3	
-26.3	54.9	-9.1	-53.3	
13.1	42.6	-50.9	-33.7	
59.8	77.0	-141.9	-4.1	
45.1	72.1	-90.2	13.1	
54.9	64.7	-58.3	18.0	
62.3	45.1	45.1	-1.7	
59.8	32.8	25.4	-14.0	
-6.6	8.2	67.2	-9.1	
-23.8	-9.1	99.2	-6.6	
-21.4	-11.5	133.6	-9.1	
15.5	15.5	141.0	-31.2	
50.0	42.6	86.9	-26.3	
42.6	54.9	99.2	-23.8	
50.0	40.1	62.3	-1.7	
37.7	40.1	-9.1	10.6	
32.8	47.5	-11.5	20.5	
-18.9	10.6	35.2	52.4	
-28.7	37.7	-1.7	25.4	
-53.3	37.7	-23.8	30.3	
-48.4	13.1	-9.1	18.0	
-58.3	18.0	3.2	0.8	
-41.0	54.9	30.3	35.2	
-18.9	27.8	18.0	45.1	
27.8	10.6	5.7	35.2	
22.9	35.2	-11.5	13.1	
-1.7	57.4	-23.8	25.4	
-4.1	64.7	-26.3	0.8	
-43.5	45.1	-16.4	-23.8	
-75.5	54.9	-6.6	-4.1	
-55.8	72.1	-18.9	5.7	
-38.6	45.1	-43.5	-1.7	
-23.8	15.5	-33.7	-16.4	
10.6	22.9	18.0	-6.6	
77.0	3.2	47.5	5.7	
42.6	0.8	-21.4	-18.9	
25.4	15.5	-14.0	13.1	
-16.4	30.3	18.0	64.7	
-23.8	57.4	35.2	59.8	
-26.3	42.6	8.2	22.9	
-65.6	52.4	-50.9	15.5	
-41.0	45.1	-50.9	-6.6	
13.1	52.4	-28.7	-26.3	
20.5	57.4	59.8	-6.6	
35.2	50.0	133.6	0.8	
62.3	64.7	86.9	-33.7	
59.8	35.2	-14.0	-36.1	
35.2	45.1	-58.3	-33.7	
47.5	35.2	-73.0	-26.3	
99.2	27.8	-87.8	-6.6	
111.5	30.3	-181.3	8.2	
94.3	5.7	-198.5	15.5	
40.1	3.2	-230.5	3.2	
30.3	27.8	-252.6	-16.4	
5.7	22.9	-287.0	-26.3	
5.7	50.0	-48.4	-23.8	
-41.0	47.5	77.0	-9.1	
-48.4	52.4	168.1	3.2	
-48.4	45.1	332.9	30.3	
-46.0	57.4	332.9	42.6	
-4.1	79.5	175.4	47.5	
15.5	64.7	153.3	15.5	
-14.0	64.7	138.5	-4.1	
-14.0	59.8	42.6	-6.6	
-36.1	52.4	-26.3	10.6	
-23.8	42.6	22.9	0.8	
0.8	35.2	8.2	27.8	
10.6	35.2	32.8	8.2	
-28.7	32.8	40.1	-1.7	
3.2	37.7	8.2	13.1	
-11.5	27.8	-58.3	37.7	
-28.7	32.8	-63.2	57.4	
-65.6	25.4	-68.1	47.5	
-105.0	35.2	-68.1	-26.3	
-117.3	37.7	-33.7	-63.2	
-144.4	35.2	-6.6	-31.2	
-176.3	20.5	20.5	8.2	
-205.9	25.4	5.7	-28.7	
-173.9	15.5	-107.5	13.1	
-90.2	15.5	-146.8	50.0	
-31.2	50.0	-171.4	47.5	
-1.7	50.0	-6.6	22.9	
-14.0	37.7	104.1	22.9	
27.8	59.8	141.0	32.8	
82.0	47.5	170.5	30.3	
82.0	52.4	131.2	37.7	
106.6	47.5	72.1	57.4	
118.9	45.1	-55.8	52.4	
94.3	45.1	-41.0	22.9	
82.0	42.6	-41.0	-1.7	
54.9	37.7	-77.9	-28.7	
59.8	35.2	15.5	-23.8	
27.8	45.1	64.7	-33.7	
-9.1	30.3	-11.5	-18.9	
-11.5	42.6	-4.1	-9.1	
45.1	32.8	10.6	0.8	
52.4	32.8	-134.5	-6.6	
50.0	32.8	-48.4	-6.6	
42.6	42.6	-50.9	-16.4	
5.7	42.6	67.2	-16.4	
-36.1	62.3	251.7	-6.6	
-55.8	47.5	288.6	-9.1	
-100.1	47.5	42.6	8.2	
-154.2	37.7	0.8	25.4	
-114.8	0.8	-68.1	47.5	
-80.4	27.8	-28.7	32.8	
-95.2	69.7	8.2	10.6	
-149.3	64.7	47.5	-1.7	
-149.3	72.1	22.9	-14.0	
-129.6	20.5	-1.7	10.6	
-146.8	-14.0	52.4	45.1	
-132.1	-23.8	106.6	27.8	
-119.8	15.5	99.2	32.8	
-188.6	30.3	30.3	40.1	
-164.0	27.8	-26.3	10.6	
-186.2	30.3	-112.4	-1.7	
-119.8	35.2	-102.5	-14.0	
-73.0	20.5	-92.7	-4.1	
-16.4	13.1	-87.8	22.9	
-53.3	3.2	52.4	15.5	
-95.2	-9.1	116.4	0.8	
-75.5	-23.8	50.0	-31.2	
-53.3	8.2	-36.1	-55.8	
-77.9	3.2	-127.1	-38.6	
-80.4	54.9	-82.9	8.2	
-58.3	89.3	-14.0	15.5	
-18.9	121.3	-11.5	42.6	
10.6	84.4	-6.6	54.9	
20.5	69.7	-31.2	52.4	
30.3	59.8	-117.3	-4.1	
5.7	67.2	-38.6	-28.7	
-26.3	82.0	-23.8	-18.9	
-14.0	59.8	-33.7	10.6	
-14.0	50.0	-9.1	27.8	
-46.0	15.5	-97.6	-31.2	
-50.9	45.1	-33.7	-33.7	
-23.8	35.2	-63.2	-28.7	
25.4	54.9	-178.8	32.8	
3.2	18.0	207.4	37.7	
-33.7	20.5	276.3	0.8	
-43.5	27.8	177.9	-16.4	
-77.9	25.4	-6.6	-33.7	
-58.3	10.6	0.8	-14.0	
-53.3	-1.7	27.8	13.1	
-33.7	-1.7	-46.0	37.7	
-46.0	20.5	-73.0	72.1	
-33.7	52.4	-55.8	82.0	
-46.0	32.8	-151.7	59.8	
-73.0	45.1	-151.7	32.8	
-77.9	32.8	32.8	77.0	
-87.8	30.3	8.2	54.9	
-75.5	30.3	-33.7	30.3	
-48.4	27.8	86.9	22.9	
-18.9	32.8	91.8	-33.7	
18.0	45.1	-50.9	-70.6	
37.7	50.0	-85.3	-53.3	
37.7	52.4	-85.3	-31.2	
67.2	45.1	-6.6	-14.0	
27.8	59.8	37.7	-21.4	
-38.6	47.5	145.9	-38.6	
-33.7	47.5	62.3	-36.1	
-4.1	45.1	32.8	-14.0	
-9.1	30.3	-75.5	-4.1	
-28.7	25.4	-36.1	18.0	
-58.3	27.8	-36.1	20.5	
-21.4	22.9	79.5	32.8	
-46.0	27.8	52.4	18.0	
-41.0	22.9	25.4	18.0	
-1.7	27.8	94.3	18.0	
-9.1	22.9	89.3	27.8	
-6.6	45.1	52.4	20.5	
37.7	52.4	0.8	0.8	
15.5	40.1	37.7	-16.4	
-1.7	30.3	54.9	-6.6	
25.4	27.8	-46.0	-18.9	
35.2	52.4	-127.1	0.8	
40.1	35.2	-68.1	-6.6	
54.9	40.1	52.4	8.2	
59.8	50.0	47.5	22.9	
27.8	37.7	-14.0	35.2	
18.0	22.9	-164.0	18.0	
20.5	37.7	-255.1	35.2	
22.9	42.6	62.3	40.1	
15.5	35.2	261.5	37.7	
20.5	37.7	200.0	25.4	
15.5	42.6	234.5	32.8	
-6.6	32.8	209.9	32.8	
-14.0	42.6	123.8	8.2	
0.8	40.1	72.1	-31.2	
20.5	32.8	10.6	-80.4	
42.6	32.8	-31.2	-92.7	
-18.9	13.1	-73.0	-41.0	
-85.3	30.3	-46.0	0.8	
-85.3	45.1	-50.9	3.2	
-82.9	0.8	-26.3	3.2	
-77.9	27.8	-1.7	8.2	
-53.3	30.3	-105.0	20.5	
-38.6	59.8	-60.7	3.2	
22.9	52.4	8.2	5.7	
42.6	37.7	-77.9	-21.4	
-6.6	52.4	-9.1	3.2	
20.5	40.1	101.6	8.2	
47.5	47.5	298.4	-1.7	
20.5	37.7	138.5	0.8	
3.2	40.1	-129.6	5.7	
-11.5	50.0	-203.4	18.0	
-18.9	37.7	-85.3	8.2	
10.6	8.2	-31.2	3.2	
30.3	10.6	89.3	20.5	
37.7	37.7	182.8	10.6	
37.7	40.1	30.3	-9.1	
20.5	18.0	18.0	0.8	
57.4	35.2	25.4	42.6	
62.3	13.1	86.9	37.7	
-18.9	47.5	77.0	-36.1	
-112.4	27.8	64.7	-36.1	
-114.8	-1.7	8.2	-16.4	
-122.2	-4.1	-70.6	20.5	
-159.1	3.2	-92.7	59.8	
-186.2	20.5	-122.2	59.8	
-169.0	47.5	-119.8	67.2	
-124.7	40.1	-92.7	18.0	
-97.6	47.5	84.4	-4.1	
-50.9	50.0	195.1	-18.9	
-36.1	82.0	207.4	-18.9	
13.1	57.4	158.2	-28.7	
22.9	22.9	15.5	-33.7	
47.5	25.4	-28.7	5.7	
101.6	42.6	-70.6	37.7	
57.4	50.0	-87.8	3.2	
10.6	40.1	-139.4	-4.1	
3.2	62.3	-188.6	-9.1	
-46.0	47.5	-196.0	-4.1	
-43.5	37.7	-191.1	-38.6	
-14.0	42.6	52.4	-55.8	
15.5	25.4	30.3	-31.2	
-26.3	30.3	-28.7	-9.1	
-28.7	27.8	82.0	-18.9	
-75.5	37.7	350.1	18.0	
-134.5	54.9	219.7	35.2	
-176.3	37.7	-48.4	25.4	
-159.1	35.2	-223.1	8.2	
-97.6	47.5	-331.3	35.2	
5.7	45.1	-451.9	13.1	
-11.5	22.9	-301.8	0.8	
-87.8	18.0	27.8	-9.1	
-127.1	37.7	99.2	3.2	
-100.1	45.1	177.9	30.3	
-90.2	42.6	288.6	27.8	
-73.0	20.5	214.8	27.8	
-14.0	20.5	261.5	40.1	
25.4	32.8	185.3	57.4	
45.1	30.3	8.2	30.3	
52.4	22.9	-114.8	-16.4	
74.6	27.8	-166.5	-43.5	
-6.6	40.1	-107.5	-46.0	
-63.2	25.4	-58.3	-26.3	
-73.0	30.3	89.3	-1.7	
-63.2	25.4	175.4	10.6	
-43.5	30.3	436.2	15.5	
-21.4	40.1	332.9	5.7	
-48.4	30.3	-68.1	3.2	
-11.5	30.3	-191.1	13.1	
37.7	37.7	-43.5	32.8	
59.8	32.8	-97.6	32.8	
79.5	40.1	-11.5	35.2	
57.4	30.3	89.3	10.6	
47.5	22.9	67.2	-6.6	
10.6	30.3	-16.4	5.7	
-21.4	25.4	-149.3	3.2	
-41.0	15.5	-260.0	10.6	
-50.9	27.8	-257.5	18.0	
-73.0	30.3	-107.5	27.8	
-97.6	5.7	143.5	20.5	
-60.7	25.4	173.0	8.2	
15.5	42.6	229.6	-1.7	
8.2	54.9	96.7	-16.4	
-18.9	54.9	-65.6	-11.5	
-21.4	40.1	-97.6	-16.4	
-36.1	35.2	-26.3	-4.1	
-38.6	47.5	22.9	-1.7	
-36.1	54.9	126.2	-1.7	
-4.1	32.8	106.6	-9.1	
-36.1	74.6	3.2	5.7	
-43.5	37.7	52.4	-4.1	
-41.0	25.4	118.9	-11.5	
3.2	20.5	86.9	-21.4	
-18.9	8.2	22.9	-26.3	
-1.7	27.8	109.0	-28.7	
45.1	45.1	52.4	-11.5	
54.9	32.8	13.1	22.9	
25.4	0.8	-31.2	25.4	
-55.8	-9.1	-63.2	30.3	
-119.8	-1.7	-48.4	20.5	
-159.1	-21.4	-43.5	-4.1	
-144.4	27.8	-43.5	-36.1	
-117.3	59.8	-21.4	-23.8	
-65.6	54.9	-41.0	25.4	
10.6	50.0	-48.4	77.0	
89.3	74.6	-38.6	25.4	
118.9	74.6	-80.4	-33.7	
143.5	72.1	-107.5	15.5	
141.0	91.8	-48.4	27.8	
91.8	67.2	106.6	47.5	
25.4	40.1	69.7	30.3	
0.8	-11.5	96.7	25.4	
-38.6	-6.6	101.6	-1.7	
-139.4	20.5	69.7	-16.4	
-146.8	32.8	-139.4	-26.3	
-82.9	27.8	-292.0	15.5	
-9.1	13.1	-351.0	8.2	
0.8	0.8	-188.6	0.8	
5.7	15.5	-6.6	10.6	
72.1	35.2	57.4	30.3	
82.0	50.0	79.5	64.7	
52.4	42.6	57.4	47.5	
25.4	50.0	-75.5	27.8	
59.8	82.0	-132.1	-31.2	
67.2	67.2	8.2	-58.3	
45.1	35.2	168.1	-31.2	
15.5	50.0	104.1	5.7	
-31.2	37.7	-70.6	57.4	
-41.0	10.6	-181.3	59.8	
-36.1	-9.1	15.5	47.5	
-82.9	18.0	-23.8	25.4	
-112.4	22.9	-11.5	47.5	
-146.8	8.2	212.3	77.0	
-134.5	-6.6	320.6	40.1	
-102.5	10.6	138.5	10.6	
-82.9	15.5	219.7	-11.5	
-28.7	27.8	372.2	-73.0	
-4.1	30.3	296.0	-68.1	
-33.7	27.8	232.0	-36.1	
-65.6	50.0	153.3	-6.6	
-97.6	54.9	-31.2	-9.1	
-144.4	57.4	-151.7	18.0	
-151.7	45.1	-215.7	18.0	
-132.1	54.9	-237.8	10.6	
-100.1	54.9	-267.4	-14.0	
-41.0	50.0	-245.2	-6.6	
-55.8	30.3	-343.6	-11.5	
-97.6	30.3	-306.7	-9.1	
-122.2	40.1	-395.3	5.7	
-117.3	52.4	-360.8	10.6	
-80.4	45.1	-132.1	13.1	
-38.6	22.9	96.7	3.2	
-36.1	35.2	433.7	-9.1	
-31.2	15.5	635.5	-14.0	
-53.3	18.0	293.5	-4.1	
-60.7	35.2	207.4	-9.1	
-41.0	42.6	27.8	3.2	
3.2	35.2	30.3	-9.1	
-18.9	32.8	158.2	3.2	
-1.7	27.8	118.9	10.6	
72.1	22.9	121.3	10.6	
133.6	20.5	57.4	42.6	
141.0	22.9	-102.5	45.1	
84.4	30.3	-205.9	18.0	
30.3	37.7	-196.0	-11.5	
18.0	22.9	-154.2	13.1	
-26.3	45.1	5.7	35.2	
-48.4	37.7	126.2	35.2	
-28.7	52.4	69.7	52.4	
-6.6	40.1	155.8	54.9	
13.1	45.1	106.6	54.9	
-4.1	62.3	202.5	35.2	
-100.1	54.9	126.2	-4.1	
-92.7	32.8	170.5	-55.8	
-114.8	45.1	141.0	-48.4	
-97.6	67.2	96.7	-43.5	
-92.7	57.4	79.5	-18.9	
-122.2	40.1	27.8	-38.6	
-154.2	40.1	-6.6	-58.3	
-80.4	15.5	-38.6	-73.0	
20.5	37.7	-80.4	-87.8	
79.5	20.5	-132.1	-90.2	
62.3	-4.1	-63.2	-38.6	
62.3	15.5	113.9	18.0	
64.7	8.2	20.5	59.8	
15.5	22.9	-97.6	96.7	
-11.5	30.3	-139.4	52.4	
-4.1	40.1	-159.1	5.7	
-1.7	37.7	-141.9	-9.1	
57.4	35.2	8.2	-1.7	
123.8	45.1	59.8	72.1	
106.6	37.7	-28.7	118.9	
54.9	59.8	-4.1	128.7	
35.2	8.2	-4.1	69.7	
-1.7	-9.1	-92.7	22.9	
-43.5	0.8	-159.1	-4.1	
-90.2	32.8	-119.8	-68.1	
-169.0	40.1	-80.4	-38.6	
-159.1	77.0	-26.3	35.2	
-95.2	52.4	94.3	64.7	
-85.3	27.8	86.9	40.1	
-92.7	52.4	224.6	37.7	
-63.2	47.5	182.8	18.0	
-75.5	20.5	79.5	13.1	
-75.5	37.7	-23.8	-1.7	
-73.0	30.3	-43.5	-77.9	
-11.5	13.1	-63.2	-53.3	
27.8	20.5	-151.7	-68.1	
57.4	15.5	-117.3	-97.6	
77.0	3.2	-68.1	-105.0	
25.4	-14.0	-82.9	-63.2	
-58.3	-1.7	-68.1	-31.2	
-87.8	-4.1	131.2	67.2	
-112.4	-9.1	180.4	143.5	
-112.4	-28.7	190.2	109.0	
-156.7	-23.8	197.6	10.6	
-141.9	-41.0	-102.5	-16.4	
-43.5	-11.5	-267.4	47.5	
-28.7	-4.1	-235.4	57.4	
-68.1	50.0	-169.0	54.9	
-53.3	50.0	-102.5	50.0	
-23.8	37.7	116.4	50.0	
-31.2	30.3	522.3	22.9	
-28.7	20.5	283.7	22.9	
0.8	18.0	52.4	8.2	
25.4	35.2	-186.2	10.6	
-4.1	42.6	-314.1	-1.7	
-43.5	45.1	-321.5	-11.5	
13.1	20.5	-466.6	-23.8	
82.0	40.1	-400.2	-21.4	
84.4	47.5	-80.4	-11.5	
-6.6	42.6	45.1	10.6	
-97.6	62.3	268.9	25.4	
-173.9	72.1	505.1	20.5	
-245.2	94.3	529.7	5.7	
-161.6	109.0	291.1	-18.9	
-112.4	121.3	138.5	-18.9	
-50.9	138.5	52.4	-11.5	
22.9	121.3	22.9	-28.7	
37.7	86.9	22.9	-38.6	
104.1	99.2	-41.0	-14.0	
113.9	89.3	0.8	22.9	
74.6	86.9	-60.7	30.3	
52.4	99.2	-119.8	-1.7	
50.0	99.2	-186.2	18.0	
-11.5	96.7	-129.6	42.6	
-63.2	89.3	-262.4	32.8	
-70.6	89.3	-166.5	32.8	
-70.6	84.4	296.0	15.5	
-58.3	69.7	347.6	32.8	
3.2	64.7	202.5	25.4	
5.7	54.9	207.4	-4.1	
0.8	54.9	121.3	-33.7	
67.2	25.4	64.7	-26.3	
82.0	-6.6	-68.1	8.2	
84.4	-18.9	-230.5	-16.4	
86.9	-38.6	-255.1	-14.0	
113.9	-9.1	-240.3	0.8	
67.2	8.2	-188.6	-9.1	
-1.7	-16.4	-149.3	-26.3	
-23.8	8.2	-68.1	-63.2	
-36.1	10.6	-73.0	-38.6	
-48.4	3.2	116.4	0.8	
-55.8	13.1	168.1	18.0	
-58.3	13.1	318.1	50.0	
-92.7	13.1	357.5	79.5	
-65.6	15.5	276.3	82.0	
5.7	30.3	42.6	64.7	
32.8	13.1	-119.8	45.1	
18.0	27.8	72.1	35.2	
40.1	27.8	0.8	22.9	
50.0	35.2	-11.5	10.6	
77.0	37.7	131.2	-4.1	
94.3	27.8	202.5	-41.0	
32.8	32.8	50.0	-70.6	
-43.5	18.0	118.9	-38.6	
-18.9	32.8	89.3	3.2	
-75.5	32.8	-11.5	-36.1	
-41.0	15.5	-137.0	-63.2	
-33.7	5.7	-97.6	-38.6	
-63.2	-9.1	-75.5	-9.1	
-92.7	8.2	-58.3	40.1	
-144.4	27.8	-60.7	37.7	
-92.7	20.5	-100.1	22.9	
-33.7	30.3	-220.6	-9.1	
54.9	18.0	-279.7	0.8	
32.8	37.7	-107.5	-18.9	
22.9	13.1	-6.6	-41.0	
15.5	-11.5	67.2	-33.7	
-28.7	20.5	121.3	15.5	
-70.6	45.1	5.7	79.5	
-102.5	89.3	109.0	72.1	
-134.5	67.2	372.2	57.4	
-100.1	54.9	303.4	47.5	
-55.8	52.4	101.6	69.7	
-4.1	62.3	99.2	82.0	
-11.5	57.4	45.1	86.9	
-21.4	50.0	-48.4	50.0	
-38.6	25.4	-38.6	-1.7	
-26.3	27.8	-124.7	-36.1	
-46.0	20.5	-188.6	-43.5	
-14.0	15.5	-252.6	-77.9	
-28.7	25.4	-141.9	-68.1	
-46.0	20.5	-176.3	-43.5	
-21.4	50.0	-124.7	-14.0	
42.6	54.9	106.6	-18.9	
30.3	25.4	377.2	5.7	
-38.6	-18.9	276.3	62.3	
-70.6	-18.9	190.2	84.4	
-102.5	-11.5	101.6	131.2	
-97.6	-18.9	30.3	170.5	
-87.8	5.7	-102.5	143.5	
-68.1	57.4	-90.2	96.7	
-55.8	91.8	20.5	18.0	
-9.1	57.4	25.4	-77.9	
13.1	47.5	20.5	-154.2	
25.4	52.4	-1.7	-129.6	
116.4	25.4	25.4	-58.3	
104.1	35.2	54.9	3.2	
59.8	27.8	72.1	-11.5	
27.8	30.3	30.3	-21.4	
22.9	62.3	-26.3	-9.1	
20.5	64.7	-122.2	3.2	
-14.0	54.9	-257.5	18.0	
-26.3	47.5	-232.9	10.6	
-46.0	18.0	-73.0	0.8	
-53.3	8.2	69.7	13.1	
8.2	10.6	136.1	10.6	
30.3	30.3	163.1	-6.6	
27.8	35.2	227.1	-1.7	
37.7	40.1	109.0	3.2	
-23.8	35.2	-169.0	-1.7	
3.2	35.2	-262.4	13.1	
47.5	18.0	-164.0	25.4	
62.3	22.9	-1.7	42.6	
82.0	50.0	121.3	25.4	
47.5	30.3	182.8	8.2	
18.0	37.7	-63.2	8.2	
59.8	35.2	-188.6	13.1	
45.1	13.1	-169.0	18.0	
13.1	15.5	-176.3	-14.0	
-41.0	30.3	141.0	-28.7	
-31.2	18.0	502.6	-18.9	
5.7	10.6	492.8	-9.1	
47.5	30.3	205.0	-36.1	
59.8	8.2	37.7	-26.3	
69.7	25.4	116.4	-9.1	
15.5	25.4	205.0	20.5	
-4.1	35.2	101.6	32.8	
-36.1	37.7	-100.1	35.2	
-21.4	50.0	-97.6	-9.1	
-18.9	47.5	-169.0	-26.3	
-28.7	64.7	-250.1	42.6	
-60.7	62.3	-159.1	94.3	
-77.9	42.6	116.4	79.5	
-46.0	40.1	109.0	82.0	
-31.2	42.6	133.6	30.3	
-21.4	32.8	131.2	-26.3	
-4.1	52.4	-60.7	-18.9	
-21.4	22.9	-159.1	3.2	
-6.6	42.6	-232.9	0.8	
-50.9	32.8	-294.4	32.8	
-77.9	45.1	-296.9	18.0	
-31.2	8.2	-90.2	0.8	
42.6	5.7	22.9	-21.4	
69.7	15.5	133.6	-1.7	
96.7	40.1	323.0	10.6	
86.9	40.1	342.7	20.5	
101.6	22.9	212.3	22.9	
150.8	37.7	96.7	5.7	
69.7	15.5	37.7	-14.0	
42.6	27.8	25.4	-60.7	
-16.4	42.6	94.3	-102.5	
-50.9	42.6	180.4	-75.5	
-77.9	37.7	131.2	-11.5	
-97.6	25.4	52.4	40.1	
-87.8	-28.7	-28.7	67.2	
-102.5	-9.1	-50.9	143.5	
-102.5	20.5	-14.0	77.0	
-77.9	20.5	3.2	-41.0	
-50.9	5.7	15.5	-38.6	
-36.1	15.5	-60.7	18.0	
-48.4	47.5	-109.9	54.9	
-73.0	72.1	-85.3	15.5	
-53.3	84.4	-208.3	-9.1	
-50.9	59.8	-306.7	0.8	
-21.4	54.9	-228.0	10.6	
-18.9	54.9	-137.0	15.5	
-38.6	47.5	57.4	18.0	
-31.2	79.5	264.0	18.0	
22.9	96.7	192.7	18.0	
64.7	67.2	126.2	0.8	
25.4	47.5	163.1	-16.4	
-21.4	40.1	190.2	-31.2	
-58.3	5.7	197.6	-58.3	
-60.7	-1.7	59.8	-48.4	
-16.4	18.0	-14.0	-33.7	
-4.1	27.8	5.7	-18.9	
-6.6	50.0	-23.8	0.8	
10.6	35.2	-95.2	-16.4	
37.7	25.4	-161.6	-33.7	
-1.7	27.8	-208.3	-1.7	
-9.1	22.9	-149.3	40.1	
-16.4	27.8	79.5	59.8	
-33.7	30.3	173.0	54.9	
-6.6	13.1	96.7	30.3	
-21.4	0.8	27.8	86.9	
-70.6	5.7	-127.1	106.6	
-53.3	20.5	-151.7	91.8	
-36.1	50.0	-109.9	74.6	
-14.0	52.4	-105.0	42.6	
-63.2	67.2	-205.9	10.6	
-77.9	59.8	-176.3	-50.9	
-80.4	50.0	5.7	-70.6	
-68.1	47.5	271.4	-68.1	
-53.3	8.2	443.6	-9.1	
-60.7	13.1	273.8	0.8	
-60.7	8.2	128.7	8.2	
-38.6	35.2	62.3	-11.5	
-60.7	37.7	118.9	-28.7	
-43.5	50.0	118.9	-46.0	
-53.3	22.9	27.8	-68.1	
-95.2	20.5	5.7	-43.5	
-70.6	20.5	45.1	-1.7	
-100.1	42.6	30.3	37.7	
-92.7	59.8	30.3	50.0	
-48.4	30.3	10.6	45.1	
-68.1	15.5	-14.0	32.8	
-11.5	13.1	-63.2	18.0	
-73.0	32.8	-38.6	40.1	
-127.1	13.1	-33.7	42.6	
-105.0	-14.0	-97.6	42.6	
-70.6	-1.7	-129.6	32.8	
-82.9	42.6	-159.1	42.6	
-124.7	54.9	-90.2	37.7	
-77.9	15.5	101.6	-1.7	
22.9	13.1	84.4	10.6	
84.4	-1.7	-80.4	13.1	
86.9	-16.4	25.4	30.3	
-6.6	-11.5	-1.7	5.7	
-21.4	32.8	-14.0	-16.4	
-21.4	57.4	54.9	-1.7	
-41.0	50.0	62.3	-48.4	
-109.9	62.3	104.1	-53.3	
-193.6	50.0	74.6	-43.5	
-156.7	15.5	69.7	-9.1	
-166.5	40.1	89.3	32.8	
-109.9	32.8	8.2	40.1	
-68.1	67.2	10.6	25.4	
-14.0	57.4	-28.7	32.8	
40.1	67.2	0.8	8.2	
57.4	59.8	-11.5	13.1	
40.1	47.5	-31.2	5.7	
27.8	52.4	-73.0	-11.5	
32.8	35.2	-109.9	-16.4	
27.8	5.7	3.2	-18.9	
5.7	-11.5	72.1	-14.0	
5.7	15.5	72.1	-18.9	
15.5	18.0	-112.4	-1.7	
-60.7	8.2	-225.5	10.6	
-127.1	54.9	-250.1	13.1	
-151.7	69.7	-171.4	10.6	
-146.8	84.4	-97.6	-9.1	
-134.5	67.2	128.7	-28.7	
-137.0	35.2	431.3	-14.0	
-48.4	22.9	192.7	-4.1	
-26.3	18.0	118.9	15.5	
8.2	13.1	175.4	-1.7	
94.3	-11.5	10.6	-16.4	
145.9	13.1	-6.6	3.2	
77.0	22.9	27.8	15.5	
67.2	20.5	-26.3	82.0	
59.8	40.1	40.1	62.3	
20.5	69.7	-53.3	27.8	
13.1	52.4	-269.8	27.8	
-23.8	40.1	-282.1	52.4	
-36.1	45.1	-127.1	89.3	
-70.6	37.7	77.0	37.7	
-95.2	45.1	116.4	22.9	
-63.2	20.5	99.2	-18.9	
-53.3	50.0	82.0	-65.6	
-46.0	62.3	126.2	-55.8	
-119.8	42.6	111.5	-18.9	
-134.5	54.9	116.4	15.5	
-134.5	59.8	27.8	37.7	
-122.2	32.8	18.0	18.0	
-53.3	40.1	143.5	-4.1	
22.9	47.5	195.1	-26.3	
20.5	37.7	67.2	-63.2	
143.5	37.7	109.0	-77.9	
207.4	18.0	50.0	-68.1	
222.2	25.4	-1.7	-31.2	
165.6	35.2	22.9	-28.7	
101.6	45.1	5.7	-6.6	
-31.2	45.1	-21.4	10.6	
-149.3	40.1	-26.3	20.5	
-220.6	3.2	-9.1	45.1	
-191.1	37.7	-18.9	79.5	
-107.5	64.7	20.5	86.9	
-80.4	99.2	25.4	54.9	
-21.4	45.1	-28.7	32.8	
15.5	32.8	-21.4	50.0	
32.8	0.8	52.4	52.4	
52.4	30.3	45.1	32.8	
45.1	69.7	-23.8	15.5	
57.4	57.4	18.0	22.9	
45.1	69.7	-38.6	27.8	
37.7	25.4	-105.0	8.2	
-9.1	15.5	-144.4	-26.3	
-50.9	-11.5	-92.7	10.6	
-46.0	3.2	42.6	47.5	
-105.0	37.7	153.3	15.5	
-122.2	47.5	67.2	-4.1	
-127.1	52.4	-26.3	-21.4	
-119.8	42.6	-36.1	5.7	
-77.9	57.4	-70.6	22.9	
-80.4	64.7	13.1	10.6	
-80.4	50.0	72.1	-14.0	
-77.9	45.1	224.6	-9.1	
-50.9	18.0	180.4	-73.0	
-41.0	27.8	187.7	-70.6	
-4.1	15.5	165.6	-68.1	
25.4	47.5	37.7	-50.9	
30.3	62.3	-11.5	-21.4	
35.2	128.7	22.9	5.7	
-21.4	67.2	-26.3	15.5	
-38.6	59.8	-63.2	22.9	
-77.9	45.1	-77.9	27.8	
-186.2	20.5	-26.3	42.6	
-213.2	-14.0	-38.6	45.1	
-260.0	-46.0	-48.4	35.2	
-237.8	-38.6	13.1	35.2	
-166.5	-6.6	40.1	25.4	
-119.8	40.1	-21.4	50.0	
-134.5	27.8	-114.8	45.1	
-73.0	15.5	-82.9	15.5	
-26.3	-4.1	-16.4	15.5	
15.5	37.7	-102.5	25.4	
59.8	-1.7	-46.0	20.5	
54.9	0.8	133.6	5.7	
84.4	5.7	25.4	-11.5	
131.2	47.5	-16.4	-28.7	
128.7	67.2	-11.5	-23.8	
113.9	47.5	-77.9	-1.7	
62.3	5.7	-166.5	-6.6	
20.5	10.6	-124.7	-16.4	
-68.1	32.8	-151.7	-38.6	
-159.1	18.0	-144.4	-68.1	
-82.9	20.5	-109.9	-33.7	
-102.5	35.2	-14.0	0.8	
-114.8	52.4	185.3	5.7	
-132.1	45.1	320.6	-33.7	
-87.8	64.7	266.5	-33.7	
-75.5	52.4	84.4	-11.5	
-28.7	52.4	35.2	-6.6	
-36.1	25.4	50.0	145.9	
-38.6	27.8	8.2	173.0	
-28.7	8.2	0.8	99.2	
-70.6	22.9	3.2	50.0	
-46.0	62.3	67.2	0.8	
35.2	69.7	64.7	47.5	
59.8	69.7	3.2	62.3	
25.4	64.7	-1.7	94.3	
-16.4	42.6	-65.6	52.4	
18.0	22.9	-114.8	-14.0	
25.4	40.1	-127.1	-36.1	
37.7	30.3	-68.1	-55.8	
37.7	3.2	52.4	-41.0	
82.0	5.7	106.6	-18.9	
62.3	30.3	-14.0	-1.7	
18.0	37.7	-80.4	-6.6	
-26.3	32.8	-63.2	25.4	
-36.1	47.5	-63.2	64.7	
-68.1	59.8	13.1	45.1	
-63.2	67.2	82.0	-1.7	
-9.1	54.9	18.0	-31.2	
82.0	32.8	-80.4	-14.0	
57.4	52.4	-127.1	-36.1	
18.0	50.0	-23.8	-50.9	
62.3	10.6	69.7	-23.8	
96.7	22.9	155.8	-53.3	
77.0	72.1	236.9	-33.7	
67.2	67.2	89.3	-28.7	
67.2	45.1	59.8	-9.1	
62.3	30.3	-68.1	15.5	
59.8	27.8	-102.5	13.1	
22.9	47.5	-41.0	5.7	
-58.3	18.0	86.9	10.6	
-33.7	25.4	-46.0	0.8	
84.4	45.1	-105.0	22.9	
148.4	20.5	-114.8	25.4	
111.5	22.9	-11.5	15.5	
52.4	27.8	-31.2	10.6	
40.1	22.9	-68.1	-16.4	
-1.7	-4.1	-33.7	-26.3	
-36.1	59.8	-18.9	-23.8	
-149.3	62.3	84.4	-28.7	
-164.0	64.7	197.6	-21.4	
-132.1	5.7	224.6	-1.7	
-68.1	-14.0	101.6	30.3	
27.8	8.2	-33.7	35.2	
-16.4	40.1	-4.1	5.7	
-164.0	8.2	-6.6	-4.1	
-196.0	0.8	-33.7	15.5	
-87.8	35.2	27.8	15.5	
-41.0	77.0	-9.1	-4.1	
-43.5	74.6	15.5	0.8	
-58.3	50.0	22.9	15.5	
-16.4	45.1	5.7	-23.8	
45.1	47.5	5.7	-41.0	
118.9	40.1	3.2	-18.9	
116.4	40.1	-11.5	-11.5	
54.9	30.3	-107.5	-4.1	
50.0	82.0	-139.4	0.8	
67.2	67.2	-117.3	-11.5	
79.5	18.0	-48.4	0.8	
89.3	32.8	67.2	45.1	
128.7	64.7	195.1	67.2	
177.9	40.1	187.7	64.7	
116.4	0.8	143.5	72.1	
106.6	20.5	91.8	50.0	
72.1	15.5	13.1	37.7	
22.9	-14.0	-46.0	69.7	
-38.6	-18.9	-63.2	54.9	
-73.0	20.5	-90.2	-4.1	
-127.1	32.8	-114.8	3.2	
-144.4	0.8	-109.9	-26.3	
-137.0	20.5	-159.1	-50.9	
-127.1	15.5	-82.9	-18.9	
-112.4	42.6	0.8	-11.5	
-55.8	67.2	94.3	30.3	
-50.9	15.5	121.3	59.8	
-16.4	-1.7	37.7	59.8	
-21.4	25.4	15.5	-4.1	
-4.1	52.4	37.7	-105.0	
-1.7	18.0	69.7	-92.7	
20.5	8.2	185.3	-33.7	
25.4	-11.5	30.3	-18.9	
-16.4	-18.9	-55.8	-23.8	
-38.6	25.4	-112.4	8.2	
-100.1	82.0	-144.4	15.5	
-58.3	89.3	-75.5	20.5	
-26.3	72.1	-124.7	59.8	
-73.0	59.8	-63.2	77.0	
-109.9	52.4	116.4	42.6	
-100.1	10.6	177.9	-11.5	
-1.7	-11.5	77.0	-36.1	
131.2	-1.7	42.6	-82.9	
126.2	37.7	-122.2	-65.6	
82.0	52.4	-156.7	-41.0	
89.3	50.0	5.7	13.1	
59.8	69.7	-87.8	13.1	
42.6	82.0	-181.3	18.0	
35.2	77.0	-159.1	-9.1	
50.0	52.4	-46.0	-18.9	
15.5	0.8	241.9	-11.5	
-41.0	3.2	401.8	-16.4	
-65.6	13.1	377.2	18.0	
-6.6	32.8	141.0	30.3	
8.2	35.2	40.1	64.7	
-31.2	45.1	18.0	37.7	
-43.5	45.1	15.5	59.8	
-9.1	45.1	-77.9	62.3	
-18.9	62.3	-85.3	5.7	
-41.0	57.4	-60.7	-33.7	
-102.5	8.2	-53.3	18.0	
-124.7	-14.0	-68.1	77.0	
-109.9	0.8	-92.7	40.1	
-70.6	32.8	-151.7	-16.4	
-129.6	3.2	-191.1	-36.1	
-193.6	32.8	-154.2	-60.7	
-97.6	32.8	-70.6	-60.7	
-70.6	35.2	209.9	-33.7	
-31.2	27.8	455.9	40.1	
54.9	27.8	332.9	18.0	
138.5	10.6	118.9	18.0	
165.6	30.3	3.2	5.7	
94.3	50.0	-55.8	22.9	
3.2	13.1	-90.2	15.5	
-48.4	5.7	8.2	35.2	
-33.7	-9.1	111.5	35.2	
-41.0	27.8	116.4	25.4	
-43.5	50.0	35.2	-31.2	
-26.3	50.0	13.1	-41.0	
-50.9	42.6	-58.3	-28.7	
-53.3	54.9	-139.4	3.2	
-41.0	37.7	-159.1	30.3	
-1.7	15.5	-228.0	94.3	
86.9	42.6	-237.8	47.5	
126.2	45.1	-186.2	15.5	
57.4	50.0	-43.5	-1.7	
89.3	45.1	-247.7	8.2	
104.1	25.4	-316.6	15.5	
25.4	22.9	-161.6	40.1	
5.7	40.1	-60.7	57.4	
15.5	57.4	229.6	50.0	
47.5	47.5	532.1	57.4	
42.6	47.5	682.2	18.0	
3.2	25.4	352.6	-18.9	
-58.3	32.8	158.2	-26.3	
-85.3	22.9	89.3	-36.1	
-154.2	27.8	59.8	-11.5	
-196.0	59.8	79.5	-4.1	
-173.9	50.0	54.9	25.4	
-122.2	22.9	27.8	104.1	
-114.8	25.4	-11.5	72.1	
-73.0	18.0	-33.7	5.7	
-1.7	3.2	-33.7	-38.6	
-23.8	-23.8	-26.3	-23.8	
15.5	32.8	-23.8	8.2	
50.0	79.5	-48.4	5.7	
84.4	89.3	-53.3	37.7	
111.5	57.4	3.2	57.4	
116.4	74.6	27.8	62.3	
109.0	27.8	67.2	64.7	
111.5	13.1	30.3	57.4	
118.9	32.8	35.2	47.5	
74.6	13.1	77.0	18.0	
27.8	-6.6	91.8	-43.5	
22.9	8.2	-14.0	-60.7	
27.8	37.7	-164.0	-4.1	
13.1	27.8	-156.7	10.6	
-50.9	45.1	-122.2	-43.5	
-122.2	52.4	-114.8	-68.1	
-117.3	59.8	-85.3	-43.5	
-38.6	50.0	-1.7	-11.5	
-14.0	35.2	-50.9	-36.1	
-41.0	27.8	-90.2	-68.1	
-68.1	18.0	-4.1	-75.5	
-100.1	54.9	170.5	-48.4	
-60.7	79.5	303.4	-11.5	
-23.8	91.8	148.4	8.2	
-18.9	77.0	69.7	20.5	
-60.7	67.2	20.5	37.7	
-31.2	52.4	-77.9	57.4	
-4.1	86.9	-154.2	32.8	
30.3	113.9	-107.5	20.5	
32.8	133.6	-50.9	25.4	
69.7	116.4	113.9	15.5	
69.7	5.7	175.4	18.0	
40.1	-90.2	109.0	22.9	
-11.5	-68.1	5.7	40.1	
-33.7	-90.2	-80.4	37.7	
-53.3	-85.3	-122.2	67.2	
3.2	-60.7	-134.5	25.4	
82.0	-26.3	-92.7	27.8	
123.8	-9.1	-43.5	5.7	
89.3	5.7	32.8	8.2	
27.8	-1.7	47.5	86.9	
57.4	50.0	22.9	113.9	
72.1	67.2	-41.0	37.7	
5.7	54.9	-129.6	54.9	
-144.4	52.4	-122.2	121.3	
-112.4	3.2	-48.4	136.1	
-77.9	8.2	84.4	84.4	
-122.2	3.2	222.2	-58.3	
-112.4	20.5	212.3	-114.8	
-176.3	32.8	64.7	-68.1	
-188.6	5.7	30.3	-70.6	
-119.8	-38.6	-28.7	-46.0	
-97.6	-33.7	5.7	-33.7	
-70.6	-6.6	-4.1	-31.2	
-53.3	18.0	0.8	-38.6	
27.8	40.1	-11.5	-50.9	
89.3	82.0	-28.7	-63.2	
163.1	59.8	-77.9	-9.1	
229.6	22.9	-127.1	-16.4	
273.8	37.7	-164.0	-18.9	
136.1	72.1	-245.2	-26.3	
86.9	67.2	-309.2	5.7	
50.0	47.5	-210.8	10.6	
-41.0	47.5	-114.8	8.2	
-114.8	5.7	-53.3	5.7	
-144.4	3.2	67.2	27.8	
-134.5	15.5	52.4	15.5	
-65.6	-1.7	74.6	0.8	
-60.7	-4.1	175.4	-4.1	
5.7	-1.7	170.5	30.3	
0.8	3.2	288.6	5.7	
0.8	62.3	340.3	5.7	
-33.7	126.2	325.5	-9.1	
-80.4	96.7	69.7	-14.0	
-38.6	30.3	-26.3	-18.9	
47.5	15.5	69.7	-1.7	
52.4	10.6	109.0	-21.4	
32.8	10.6	-4.1	-14.0	
35.2	-4.1	-55.8	5.7	
57.4	101.6	-23.8	13.1	
52.4	94.3	-31.2	27.8	
37.7	57.4	-36.1	30.3	
22.9	50.0	-68.1	8.2	
-1.7	15.5	-77.9	-11.5	
-46.0	5.7	-127.1	-1.7	
3.2	18.0	-68.1	10.6	
-14.0	77.0	-134.5	22.9	
-14.0	50.0	-137.0	42.6	
0.8	10.6	-36.1	22.9	
50.0	13.1	101.6	22.9	
3.2	47.5	214.8	37.7	
-9.1	69.7	182.8	18.0	
22.9	52.4	-48.4	5.7	
-9.1	35.2	-151.7	-26.3	
-75.5	64.7	-129.6	-23.8	
-26.3	42.6	-95.2	-16.4	
-11.5	32.8	20.5	-9.1	
-63.2	25.4	123.8	25.4	
-105.0	15.5	72.1	5.7	
-137.0	45.1	47.5	5.7	
-181.3	30.3	42.6	10.6	
-210.8	-1.7	13.1	10.6	
-191.1	18.0	-9.1	-23.8	
-159.1	59.8	0.8	3.2	
22.9	54.9	82.0	-28.7	
96.7	54.9	82.0	-46.0	
104.1	52.4	59.8	-50.9	
111.5	40.1	0.8	3.2	
5.7	40.1	64.7	-1.7	
-36.1	52.4	-4.1	-1.7	
8.2	62.3	-46.0	18.0	
-11.5	35.2	-100.1	42.6	
3.2	8.2	-77.9	72.1	
3.2	-23.8	86.9	22.9	
-21.4	-18.9	138.5	20.5	
-14.0	25.4	126.2	32.8	
-11.5	8.2	37.7	54.9	
-11.5	10.6	-60.7	50.0	
-38.6	18.0	20.5	52.4	
-48.4	30.3	91.8	35.2	
-80.4	45.1	158.2	3.2	
-65.6	42.6	244.3	-36.1	
-33.7	35.2	72.1	-23.8	
0.8	10.6	35.2	-1.7	
3.2	52.4	54.9	-9.1	
45.1	45.1	-16.4	-9.1	
82.0	20.5	-68.1	-26.3	
25.4	0.8	-70.6	-9.1	
-18.9	5.7	-124.7	-6.6	
-70.6	10.6	-43.5	3.2	
-92.7	27.8	-31.2	-11.5	
-63.2	13.1	-82.9	-23.8	
22.9	-11.5	-68.1	-11.5	
104.1	-4.1	-41.0	15.5	
118.9	25.4	-60.7	13.1	
104.1	3.2	-117.3	-14.0	
67.2	-16.4	-132.1	-9.1	
37.7	-21.4	-80.4	20.5	
20.5	-38.6	-36.1	27.8	
-55.8	-55.8	-90.2	27.8	
-109.9	-31.2	-134.5	40.1	
-95.2	-21.4	-23.8	54.9	
-87.8	32.8	-14.0	30.3	
-87.8	35.2	-70.6	42.6	
-68.1	37.7	136.1	52.4	
-75.5	30.3	219.7	45.1	
-82.9	10.6	113.9	5.7	
-92.7	22.9	20.5	-36.1	
-159.1	20.5	-58.3	-70.6	
-127.1	3.2	-112.4	-68.1	
-161.6	-21.4	-277.2	-46.0	
-63.2	-28.7	-294.4	-14.0	
20.5	-21.4	-264.9	-1.7	
32.8	-16.4	-129.6	62.3	
3.2	-1.7	89.3	96.7	
18.0	-33.7	259.1	94.3	
113.9	27.8	268.9	15.5	
94.3	32.8	187.7	-16.4	
35.2	27.8	160.7	-1.7	
-36.1	57.4	5.7	-14.0	
-58.3	79.5	-127.1	-33.7	
35.2	138.5	-31.2	30.3	
15.5	116.4	-75.5	3.2	
42.6	109.0	-53.3	-6.6	
62.3	121.3	-38.6	8.2	
18.0	143.5	-156.7	32.8	
-26.3	133.6	-87.8	50.0	
-36.1	109.0	69.7	20.5	
-23.8	128.7	-63.2	37.7	
15.5	126.2	8.2	96.7	
-16.4	94.3	155.8	91.8	
18.0	54.9	91.8	64.7	
54.9	84.4	96.7	-6.6	
62.3	62.3	77.0	-28.7	
82.0	50.0	-14.0	-14.0	
52.4	50.0	-55.8	20.5	
30.3	50.0	-97.6	15.5	
27.8	45.1	-208.3	-18.9	
0.8	37.7	-328.9	-43.5	
-33.7	62.3	-296.9	10.6	
-21.4	50.0	-87.8	32.8	
40.1	72.1	3.2	-23.8	
37.7	86.9	113.9	-38.6	
72.1	52.4	271.4	-23.8	
77.0	32.8	441.1	-73.0	
-11.5	15.5	264.0	-65.6	
-75.5	3.2	268.9	-16.4	
-176.3	-1.7	232.0	5.7	
-183.7	30.3	300.9	37.7	
-134.5	35.2	374.7	47.5	
-80.4	47.5	209.9	37.7	
-43.5	18.0	35.2	10.6	
-9.1	13.1	-80.4	-21.4	
-70.6	-9.1	-70.6	-46.0	
-102.5	-16.4	-31.2	-70.6	
-117.3	-23.8	32.8	-43.5	
-149.3	8.2	37.7	-11.5	
-119.8	-1.7	-31.2	5.7	
-9.1	-9.1	-43.5	-9.1	
82.0	10.6	-16.4	-36.1	
150.8	15.5	8.2	-21.4	
163.1	8.2	67.2	-33.7	
165.6	15.5	52.4	-18.9	
123.8	3.2	-46.0	13.1	
27.8	0.8	-21.4	59.8	
-36.1	25.4	-53.3	67.2	
-117.3	10.6	-28.7	27.8	
-156.7	13.1	59.8	37.7	
-129.6	20.5	89.3	42.6	
-102.5	35.2	-6.6	54.9	
-36.1	18.0	0.8	37.7	
-95.2	37.7	-46.0	0.8	
-139.4	35.2	-33.7	0.8	
-48.4	0.8	-4.1	5.7	
-16.4	13.1	-127.1	5.7	
-82.9	5.7	-228.0	18.0	
-48.4	0.8	-183.7	37.7	
13.1	10.6	-141.9	27.8	
27.8	13.1	-55.8	-16.4	
3.2	32.8	177.9	-21.4	
-9.1	74.6	50.0	-16.4	
-28.7	47.5	-122.2	-9.1	
-23.8	27.8	-262.4	-26.3	
-28.7	8.2	-151.7	-26.3	
-68.1	-28.7	113.9	-16.4	
-68.1	0.8	335.3	13.1	
-14.0	45.1	281.2	15.5	
13.1	50.0	222.2	3.2	
47.5	37.7	232.0	32.8	
79.5	47.5	91.8	27.8	
104.1	69.7	101.6	10.6	
111.5	32.8	-26.3	15.5	
82.0	0.8	-149.3	15.5	
67.2	32.8	-132.1	13.1	
37.7	18.0	-105.0	15.5	
30.3	22.9	-117.3	5.7	
-1.7	22.9	-43.5	-16.4	
-73.0	5.7	54.9	-1.7	
-73.0	5.7	-4.1	18.0	
-48.4	0.8	-210.8	10.6	
-70.6	25.4	-134.5	-11.5	
-9.1	22.9	-63.2	-11.5	
20.5	-1.7	37.7	-9.1	
18.0	-18.9	214.8	-11.5	
-1.7	5.7	256.6	-9.1	
-18.9	20.5	224.6	20.5	
-9.1	59.8	96.7	27.8	
-60.7	82.0	-68.1	-16.4	
-43.5	59.8	-68.1	-21.4	
-60.7	50.0	-9.1	-1.7	
-75.5	27.8	-23.8	42.6	
-122.2	15.5	-70.6	32.8	
-159.1	22.9	-28.7	25.4	
-154.2	64.7	-92.7	27.8	
-159.1	54.9	-277.2	5.7	
-95.2	18.0	-383.0	3.2	
-11.5	-6.6	-287.0	20.5	
104.1	3.2	-100.1	20.5	
77.0	5.7	104.1	27.8	
82.0	25.4	291.1	27.8	
79.5	42.6	264.0	8.2	
64.7	42.6	77.0	-1.7	
-9.1	18.0	-301.8	15.5	
-82.9	35.2	-466.6	47.5	
-87.8	45.1	-323.9	27.8	
-33.7	32.8	-156.7	-4.1	
-16.4	8.2	128.7	-4.1	
-48.4	20.5	480.5	-23.8	
-124.7	42.6	512.5	-26.3	
-149.3	64.7	256.6	-43.5	
-156.7	50.0	13.1	-28.7	
-85.3	54.9	-82.9	0.8	
-41.0	40.1	-75.5	-1.7	
-38.6	62.3	-70.6	25.4	
-117.3	52.4	-97.6	27.8	
-173.9	5.7	-306.7	8.2	
-146.8	-21.4	-311.6	-36.1	
-154.2	22.9	-208.3	-23.8	
-87.8	35.2	59.8	-28.7	
-31.2	37.7	335.3	-16.4	
18.0	-16.4	546.9	-16.4	
30.3	-38.6	564.1	18.0	
96.7	5.7	300.9	45.1	
182.8	3.2	-73.0	40.1	
224.6	54.9	-252.6	25.4	
185.3	47.5	-230.5	-18.9	
79.5	25.4	-16.4	-60.7	
62.3	42.6	96.7	-55.8	
106.6	52.4	141.0	-28.7	
138.5	37.7	-200.9	8.2	
96.7	69.7	-289.5	18.0	
59.8	42.6	-383.0	25.4	
82.0	27.8	-427.3	-1.7	
57.4	54.9	-28.7	-21.4	
-18.9	94.3	605.9	-4.1	
-36.1	77.0	704.3	-31.2	
-119.8	77.0	399.3	-21.4	
-144.4	54.9	121.3	27.8	
-134.5	50.0	82.0	69.7	
-141.9	32.8	54.9	45.1	
-151.7	10.6	72.1	47.5	
-77.9	-23.8	163.1	27.8	
-31.2	-33.7	77.0	18.0	
-65.6	0.8	-28.7	18.0	
-21.4	20.5	-31.2	20.5	
62.3	37.7	8.2	15.5	
82.0	30.3	111.5	-1.7	
62.3	-1.7	45.1	-41.0	
3.2	-4.1	-4.1	-11.5	
-28.7	30.3	-58.3	-43.5	
-14.0	35.2	-112.4	-48.4	
-16.4	20.5	-50.9	-33.7	
40.1	20.5	67.2	-14.0	
54.9	20.5	-18.9	-14.0	
62.3	42.6	-4.1	-16.4	
67.2	40.1	18.0	-9.1	
91.8	13.1	-33.7	-6.6	
25.4	22.9	-41.0	-23.8	
5.7	25.4	-80.4	-53.3	
-14.0	15.5	-55.8	-31.2	
-65.6	18.0	-6.6	-14.0	
-28.7	32.8	0.8	25.4	
59.8	37.7	-63.2	-6.6	
27.8	47.5	-97.6	10.6	
-4.1	27.8	-267.4	8.2	
-9.1	37.7	-255.1	3.2	
-43.5	37.7	-100.1	-4.1	
-58.3	35.2	47.5	8.2	
-82.9	45.1	175.4	30.3	
-53.3	35.2	335.3	47.5	
-70.6	27.8	136.1	30.3	
-48.4	32.8	-18.9	45.1	
-16.4	25.4	-60.7	10.6	
0.8	18.0	-198.5	-43.5	
10.6	18.0	-117.3	-43.5	
25.4	37.7	-292.0	5.7	
-4.1	22.9	-208.3	62.3	
-26.3	-4.1	-38.6	136.1	
-85.3	-1.7	35.2	37.7	
-63.2	-11.5	-41.0	8.2	
-48.4	15.5	116.4	-9.1	
-18.9	22.9	104.1	57.4	
-41.0	57.4	286.1	-26.3	
-55.8	79.5	192.7	-48.4	
-97.6	54.9	37.7	-26.3	
-85.3	40.1	-144.4	5.7	
-73.0	37.7	-213.2	30.3	
-112.4	-4.1	-277.2	40.1	
-112.4	8.2	-198.5	15.5	
-70.6	5.7	0.8	-31.2	
-4.1	-6.6	212.3	-58.3	
37.7	3.2	337.8	-43.5	
141.0	18.0	244.3	-21.4	
205.0	30.3	25.4	10.6	
219.7	32.8	-38.6	25.4	
141.0	30.3	-9.1	30.3	
69.7	40.1	37.7	15.5	
-36.1	25.4	-28.7	15.5	
-137.0	20.5	-11.5	25.4	
-105.0	20.5	-50.9	5.7	
-82.9	35.2	-205.9	10.6	
-28.7	32.8	-215.7	5.7	
-23.8	30.3	-255.1	3.2	
-18.9	22.9	-80.4	8.2	
22.9	-1.7	82.0	10.6	
64.7	15.5	236.9	5.7	
91.8	30.3	332.9	0.8	
79.5	3.2	123.8	18.0	
79.5	-14.0	91.8	32.8	
106.6	-38.6	77.0	8.2	
96.7	-1.7	13.1	27.8	
37.7	10.6	-28.7	5.7	
-16.4	10.6	52.4	5.7	
-63.2	57.4	-4.1	10.6	
-73.0	57.4	-114.8	30.3	
-9.1	35.2	-58.3	37.7	
-14.0	35.2	-14.0	32.8	
-6.6	37.7	3.2	32.8	
15.5	42.6	89.3	22.9	
-1.7	54.9	261.5	20.5	
18.0	40.1	195.1	13.1	
40.1	25.4	45.1	-1.7	
-4.1	50.0	-112.4	-11.5	
-87.8	52.4	-127.1	-21.4	
-75.5	40.1	-58.3	-11.5	
-63.2	52.4	-16.4	-1.7	
-41.0	54.9	10.6	3.2	
-48.4	35.2	10.6	25.4	
-43.5	50.0	-14.0	27.8	
-28.7	13.1	10.6	25.4	
22.9	-14.0	18.0	25.4	
30.3	-11.5	62.3	22.9	
25.4	-26.3	8.2	18.0	
40.1	-23.8	-100.1	13.1	
45.1	13.1	-237.8	15.5	
22.9	47.5	-198.5	25.4	
15.5	52.4	-169.0	22.9	
27.8	37.7	-70.6	15.5	
22.9	45.1	-33.7	18.0	
22.9	42.6	-80.4	40.1	
-38.6	45.1	-191.1	47.5	
-77.9	54.9	-223.1	35.2	
-60.7	62.3	-77.9	30.3	
-21.4	72.1	173.0	-1.7	
-16.4	72.1	465.7	-6.6	
-36.1	67.2	419.0	-9.1	
-38.6	40.1	212.3	-1.7	
-23.8	47.5	25.4	0.8	
-31.2	47.5	59.8	-26.3	
0.8	18.0	126.2	-21.4	
5.7	32.8	205.0	3.2	
13.1	-14.0	170.5	18.0	
57.4	-4.1	126.2	25.4	
86.9	57.4	94.3	-1.7	
77.0	42.6	-1.7	-23.8	
82.0	52.4	-90.2	-41.0	
86.9	77.0	-107.5	-38.6	
72.1	64.7	-107.5	-23.8	
50.0	79.5	-105.0	-21.4	
18.0	99.2	-97.6	-48.4	
10.6	165.6	0.8	-36.1	
18.0	190.2	-28.7	-16.4	
18.0	64.7	15.5	10.6	
-21.4	-18.9	148.4	32.8	
-90.2	-114.8	195.1	77.0	
-122.2	-127.1	27.8	35.2	
-127.1	-73.0	-6.6	13.1	
-132.1	-68.1	54.9	40.1	
-122.2	-31.2	74.6	-26.3	
-95.2	-21.4	-9.1	-38.6	
-65.6	-18.9	-87.8	-23.8	
-23.8	-36.1	-102.5	-18.9	
-23.8	20.5	-73.0	-14.0	
-26.3	-1.7	-41.0	32.8	
-48.4	3.2	57.4	20.5	
-41.0	20.5	20.5	-18.9	
-68.1	47.5	45.1	3.2	
-43.5	37.7	94.3	5.7	
-53.3	42.6	74.6	40.1	
54.9	37.7	25.4	42.6	
77.0	18.0	-73.0	47.5	
50.0	15.5	-87.8	-4.1	
10.6	40.1	-65.6	35.2	
10.6	45.1	-43.5	32.8	
-4.1	30.3	-14.0	30.3	
-21.4	30.3	-9.1	62.3	
-46.0	25.4	-16.4	47.5	
-48.4	32.8	-63.2	37.7	
-112.4	37.7	-36.1	-9.1	
-100.1	45.1	18.0	-21.4	
-90.2	64.7	89.3	3.2	
-73.0	50.0	47.5	-4.1	
-38.6	50.0	-18.9	-9.1	
-1.7	32.8	-50.9	20.5	
13.1	18.0	0.8	13.1	
35.2	15.5	67.2	-4.1	
8.2	42.6	-9.1	18.0	
-11.5	52.4	-21.4	5.7	
-1.7	54.9	-4.1	10.6	
5.7	54.9	-1.7	22.9	
22.9	59.8	52.4	37.7	
-1.7	40.1	37.7	5.7	
-4.1	54.9	27.8	0.8	
-11.5	45.1	40.1	-11.5	
-14.0	30.3	30.3	-6.6	
-4.1	50.0	22.9	-11.5	
-11.5	18.0	47.5	-6.6	
-14.0	25.4	72.1	13.1	
22.9	18.0	59.8	37.7	
27.8	-18.9	18.0	13.1	
-9.1	-11.5	-43.5	15.5	
-9.1	-23.8	-58.3	15.5	
-14.0	8.2	-55.8	8.2	
-38.6	37.7	-26.3	-9.1	
-26.3	64.7	45.1	-4.1	
-16.4	52.4	113.9	-6.6	
8.2	37.7	94.3	-6.6	
20.5	22.9	42.6	-1.7	
40.1	74.6	-11.5	-21.4	
47.5	96.7	-21.4	-18.9	
54.9	72.1	-112.4	-14.0	
57.4	77.0	-97.6	-11.5	
32.8	74.6	-1.7	-16.4	
-11.5	116.4	-26.3	-1.7	
-36.1	89.3	22.9	3.2	
-38.6	59.8	94.3	-14.0	
-18.9	13.1	-14.0	0.8	
-4.1	-28.7	-31.2	-1.7	
-33.7	-73.0	-11.5	-14.0	
-41.0	-18.9	-16.4	-11.5	
-26.3	-23.8	-1.7	-11.5	
-26.3	-41.0	37.7	8.2	
-48.4	-26.3	185.3	-21.4	
-36.1	5.7	143.5	0.8	
-63.2	-31.2	170.5	-1.7	
-46.0	-23.8	86.9	3.2	
-28.7	25.4	79.5	0.8	
0.8	45.1	54.9	5.7	
-4.1	72.1	18.0	3.2	
-1.7	72.1	10.6	-1.7	
-14.0	47.5	-11.5	5.7	
15.5	37.7	-55.8	3.2	
30.3	45.1	-43.5	3.2	
45.1	54.9	-43.5	5.7	
50.0	84.4	-28.7	25.4	
59.8	89.3	22.9	27.8	
59.8	106.6	57.4	22.9	
42.6	89.3	40.1	8.2	
5.7	52.4	50.0	-11.5	
-43.5	22.9	52.4	-55.8	
-105.0	40.1	20.5	-33.7	
-114.8	5.7	8.2	-18.9	
-100.1	-9.1	3.2	-26.3	
-50.9	-50.9	3.2	-28.7	
-31.2	-31.2	15.5	8.2	
-26.3	13.1	22.9	35.2	
-48.4	47.5	22.9	30.3	
-60.7	-33.7	3.2	18.0	
-75.5	-53.3	-4.1	18.0	
-75.5	-26.3	-18.9	32.8	
-58.3	15.5	-14.0	15.5	
-48.4	45.1	-18.9	8.2	
-36.1	62.3	5.7	-1.7	
-31.2	64.7	0.8	10.6	
-23.8	52.4	3.2	13.1	
-28.7	-9.1	8.2	10.6	
-33.7	-1.7	45.1	40.1	
-26.3	18.0	79.5	13.1	
-63.2	37.7	59.8	-1.7	
-46.0	20.5	18.0	15.5	
3.2	8.2	-26.3	37.7	
5.7	13.1	-122.2	42.6	
-11.5	18.0	-100.1	47.5	
-9.1	15.5	-85.3	45.1	
-46.0	35.2	-48.4	0.8	
-75.5	22.9	30.3	-11.5	
-75.5	22.9	205.0	13.1	
-112.4	52.4	121.3	32.8	
-87.8	54.9	40.1	-9.1	
-21.4	40.1	-9.1	-43.5	
8.2	32.8	-33.7	-48.4	
3.2	45.1	22.9	-23.8	
-1.7	25.4	-1.7	-14.0	
27.8	40.1	-58.3	0.8	
40.1	20.5	-87.8	15.5	
45.1	-23.8	-105.0	20.5	
8.2	3.2	-92.7	22.9	
-11.5	10.6	-48.4	5.7	
-28.7	8.2	3.2	-1.7	
-14.0	18.0	27.8	20.5	
-4.1	-1.7	47.5	8.2	
3.2	18.0	32.8	-9.1	
-11.5	42.6	20.5	0.8	
-28.7	35.2	67.2	8.2	
-1.7	42.6	54.9	-14.0	
-9.1	30.3	-33.7	-9.1	
5.7	40.1	-53.3	-9.1	
10.6	27.8	-159.1	-16.4	
13.1	37.7	-146.8	-14.0	
5.7	50.0	-65.6	8.2	
-21.4	50.0	-41.0	27.8	
-26.3	64.7	109.0	42.6	
0.8	54.9	261.5	15.5	
-9.1	22.9	165.6	-1.7	
-33.7	15.5	52.4	-26.3	
-18.9	32.8	64.7	-23.8	
-31.2	40.1	64.7	-9.1	
-21.4	40.1	37.7	-18.9	
-16.4	52.4	91.8	-23.8	
-9.1	32.8	113.9	-16.4	
-1.7	57.4	89.3	27.8	
-6.6	67.2	62.3	64.7	
22.9	74.6	47.5	50.0	
27.8	79.5	25.4	27.8	
27.8	64.7	-43.5	32.8	
20.5	62.3	-77.9	8.2	
-16.4	40.1	-43.5	-6.6	
-6.6	50.0	-1.7	-9.1	
-16.4	45.1	64.7	-11.5	
-1.7	47.5	170.5	-9.1	
10.6	45.1	116.4	13.1	
10.6	5.7	101.6	27.8	
18.0	-68.1	113.9	47.5	
13.1	-73.0	126.2	54.9	
15.5	-48.4	153.3	25.4	
25.4	-41.0	84.4	45.1	
20.5	-33.7	82.0	59.8	
15.5	27.8	42.6	37.7	
8.2	40.1	5.7	-70.6	
3.2	45.1	-16.4	-70.6	
15.5	18.0	-9.1	-58.3	
-4.1	0.8	8.2	-16.4	
0.8	15.5	45.1	3.2	
-1.7	27.8	59.8	3.2	
-11.5	69.7	25.4	-1.7	
-9.1	50.0	50.0	3.2	
-16.4	27.8	59.8	-6.6	
-21.4	22.9	72.1	-1.7	
-18.9	32.8	69.7	13.1	
-9.1	35.2	40.1	20.5	
-18.9	13.1	25.4	25.4	
-4.1	3.2	25.4	18.0	
22.9	0.8	25.4	13.1	
32.8	-50.9	54.9	22.9	
18.0	-43.5	59.8	27.8	
10.6	10.6	30.3	20.5	
5.7	-11.5	8.2	13.1	
-11.5	-1.7	-31.2	8.2	
3.2	-6.6	-46.0	-1.7	
-33.7	-38.6	5.7	-6.6	
-46.0	22.9	47.5	13.1	
-43.5	42.6	62.3	-4.1	
-55.8	52.4	25.4	3.2	
-41.0	106.6	20.5	-1.7	
-46.0	138.5	5.7	-11.5	
-33.7	89.3	-21.4	15.5	
-41.0	35.2	-36.1	-6.6	
-38.6	32.8	3.2	-9.1	
-31.2	52.4	-1.7	15.5	
-26.3	42.6	-16.4	5.7	
-28.7	32.8	-9.1	15.5	
-36.1	54.9	-11.5	5.7	
-33.7	37.7	-9.1	-11.5	
-26.3	86.9	-4.1	-11.5	
-14.0	72.1	0.8	-4.1	
-9.1	50.0	-16.4	-6.6	
-18.9	54.9	-21.4	-6.6	
-26.3	47.5	-9.1	8.2	
-28.7	42.6	-14.0	18.0	
-28.7	64.7	-23.8	30.3	
-26.3	15.5	-41.0	52.4	
-36.1	-21.4	-38.6	22.9	
-36.1	5.7	-23.8	3.2	
-60.7	20.5	3.2	10.6	
-46.0	42.6	8.2	0.8	
-33.7	59.8	3.2	-6.6	
-41.0	64.7	-14.0	-4.1	
-53.3	25.4	-9.1	-11.5	
-55.8	-21.4	-21.4	32.8	
-68.1	-9.1	-18.9	13.1	
-85.3	18.0	-14.0	42.6	
-80.4	47.5	0.8	47.5	
-53.3	47.5	-6.6	5.7	
-53.3	18.0	-55.8	-4.1	
-55.8	25.4	-63.2	-4.1	
-58.3	40.1	-28.7	-14.0	
-58.3	37.7	-26.3	-16.4	
-58.3	42.6	-36.1	10.6	
-55.8	50.0	-23.8	20.5	
-36.1	45.1	-28.7	32.8	
3.2	54.9	3.2	27.8	
15.5	59.8	30.3	-4.1	
13.1	25.4	52.4	-1.7	
10.6	22.9	18.0	-4.1	
-14.0	37.7	-9.1	-1.7	
-48.4	-4.1	-9.1	15.5	
-65.6	-21.4	-43.5	22.9	
-122.2	-50.9	-14.0	13.1	
-124.7	-6.6	15.5	18.0	
-122.2	20.5	13.1	22.9	
-87.8	20.5	27.8	8.2	
-55.8	-23.8	42.6	8.2	
-65.6	-16.4	57.4	-11.5	
-50.9	22.9	67.2	-4.1	
-23.8	40.1	69.7	5.7	
0.8	18.0	77.0	5.7	
-28.7	40.1	30.3	5.7	
-36.1	52.4	27.8	10.6	
0.8	77.0	20.5	-14.0	
5.7	25.4	-1.7	-1.7	
15.5	25.4	-43.5	-16.4	
25.4	37.7	-38.6	-23.8	
25.4	42.6	37.7	5.7	
22.9	52.4	18.0	8.2	
8.2	45.1	57.4	13.1	
-9.1	45.1	64.7	-6.6	
-11.5	35.2	96.7	-18.9	
-16.4	35.2	52.4	3.2	
-21.4	35.2	3.2	0.8	
-33.7	27.8	40.1	-14.0	
-36.1	22.9	121.3	15.5	
-48.4	30.3	153.3	32.8	
-43.5	32.8	145.9	8.2	
-26.3	15.5	79.5	-1.7	
-9.1	22.9	77.0	-14.0	
-6.6	10.6	77.0	-11.5	
-1.7	47.5	69.7	-16.4	
5.7	47.5	72.1	8.2	
-9.1	50.0	5.7	13.1	
-1.7	10.6	-9.1	32.8	
-18.9	57.4	0.8	30.3	
-31.2	47.5	8.2	27.8	
-50.9	20.5	40.1	10.6	
-43.5	45.1	116.4	-9.1	
-28.7	59.8	160.7	-9.1	
-31.2	84.4	109.0	-11.5	
-23.8	37.7	104.1	-11.5	
-23.8	3.2	96.7	-11.5	
-28.7	32.8	82.0	-1.7	
-36.1	20.5	72.1	8.2	
-33.7	22.9	74.6	5.7	
-31.2	-31.2	84.4	10.6	
-31.2	-18.9	64.7	13.1	
-33.7	30.3	62.3	15.5	
-28.7	45.1	64.7	-4.1	
-36.1	35.2	69.7	18.0	
-21.4	8.2	57.4	13.1	
-18.9	8.2	69.7	10.6	
-9.1	18.0	74.6	5.7	
-26.3	15.5	64.7	0.8	
-28.7	35.2	62.3	-6.6	
-14.0	50.0	64.7	10.6	
-26.3	27.8	50.0	8.2	
-18.9	13.1	47.5	0.8	
-21.4	30.3	64.7	8.2	
-26.3	18.0	59.8	20.5	
-31.2	40.1	57.4	10.6	
-9.1	52.4	64.7	-14.0	
-23.8	52.4	64.7	8.2	
-18.9	64.7	57.4	8.2	
-31.2	89.3	57.4	-4.1	
-18.9	77.0	54.9	13.1	
-31.2	64.7	57.4	22.9	
-41.0	69.7	54.9	15.5	
-38.6	89.3	52.4	20.5	
-31.2	67.2	54.9	5.7	
-41.0	22.9	45.1	0.8	
-38.6	-21.4	45.1	13.1	
-38.6	22.9	42.6	13.1	
-28.7	20.5	42.6	0.8	
-53.3	18.0	35.2	-9.1	
-26.3	18.0	30.3	-14.0	
-28.7	50.0	35.2	5.7	
-26.3	35.2	25.4	13.1	
-28.7	22.9	18.0	30.3	
-28.7	64.7	10.6	25.4	
-23.8	50.0	8.2	15.5	
-28.7	37.7	0.8	10.6	
-23.8	-18.9	8.2	0.8	
-21.4	-31.2	32.8	20.5	
-23.8	-43.5	47.5	32.8	
-28.7	-4.1	5.7	30.3	
-38.6	3.2	-1.7	3.2	
-31.2	18.0	-4.1	0.8	
-43.5	15.5	25.4	0.8	
-41.0	-1.7	42.6	3.2	
-33.7	-21.4	30.3	5.7	
-31.2	-1.7	0.8	15.5	
-36.1	13.1	-33.7	35.2	
-48.4	22.9	-46.0	3.2	
-38.6	18.0	-28.7	-9.1	
-58.3	10.6	-31.2	-23.8	
-75.5	0.8	-9.1	0.8	
-85.3	-4.1	5.7	18.0	
-90.2	-9.1	20.5	8.2	
-95.2	0.8	32.8	3.2	
-102.5	0.8	3.2	-11.5	
-107.5	0.8	5.7	-18.9	
-95.2	10.6	-16.4	0.8	
-92.7	8.2	-68.1	-9.1	
-90.2	13.1	-65.6	-11.5	
-95.2	35.2	-77.9	-6.6	
-107.5	18.0	-65.6	-11.5	
-80.4	-31.2	-48.4	5.7	
-87.8	-46.0	-43.5	18.0	
-82.9	-26.3	-41.0	62.3	
-85.3	-28.7	-36.1	32.8	
-85.3	-18.9	-33.7	37.7	
-75.5	-31.2	-31.2	22.9	
-92.7	-23.8	-26.3	8.2	
-105.0	-11.5	-9.1	-14.0	
-119.8	-21.4	-16.4	8.2	
-119.8	-28.7	-9.1	10.6	
-114.8	-1.7	25.4	0.8	
-112.4	59.8	27.8	5.7	
-112.4	72.1	10.6	30.3	
-100.1	79.5	-16.4	47.5	
-112.4	50.0	-18.9	35.2	
-109.9	59.8	-6.6	15.5	
-134.5	91.8	-18.9	0.8	
-132.1	74.6	-18.9	8.2	
-134.5	128.7	-23.8	-9.1	
-132.1	143.5	-31.2	-9.1	
-97.6	111.5	-36.1	-14.0	
-90.2	86.9	-48.4	-6.6	
-100.1	86.9	-41.0	-1.7	
-80.4	96.7	-46.0	25.4	
-75.5	111.5	-53.3	22.9	
-60.7	91.8	-21.4	5.7	
-68.1	64.7	-14.0	-18.9	
-50.9	94.3	-4.1	-11.5	
-43.5	116.4	37.7	-6.6	
-53.3	121.3	52.4	-11.5	
-50.9	111.5	30.3	-1.7	
-70.6	113.9	-4.1	0.8	
-60.7	96.7	-16.4	0.8	
-68.1	74.6	-18.9	5.7	
-55.8	77.0	-16.4	5.7	
-60.7	84.4	-26.3	8.2	
-65.6	145.9	-4.1	20.5	
-60.7	84.4	-23.8	25.4	
-82.9	0.8	-1.7	22.9	
-105.0	42.6	8.2	0.8	
-95.2	57.4	-14.0	-1.7	
-105.0	10.6	-46.0	-11.5	
-100.1	-43.5	-53.3	-4.1	
-114.8	-73.0	-43.5	3.2	
-124.7	-65.6	-38.6	8.2	
-102.5	-28.7	-11.5	8.2	
-97.6	20.5	-21.4	-9.1	
-102.5	8.2	-16.4	-9.1	
-105.0	77.0	-21.4	3.2	
-107.5	62.3	-14.0	0.8	
-112.4	-6.6	-33.7	10.6	
-107.5	-80.4	-36.1	5.7	
-119.8	-28.7	-43.5	18.0	
-114.8	50.0	-21.4	8.2	
-97.6	27.8	-18.9	3.2	
-87.8	-26.3	13.1	-11.5	
-90.2	-55.8	15.5	20.5	
-97.6	-23.8	13.1	18.0	
-112.4	-4.1	15.5	22.9	
-102.5	8.2	30.3	0.8	
-105.0	5.7	25.4	5.7	
-114.8	22.9	-4.1	10.6	
-107.5	-23.8	-4.1	20.5	
-107.5	-11.5	-28.7	0.8	
-97.6	5.7	-26.3	-26.3	
-80.4	-6.6	-28.7	-9.1	
-82.9	15.5	-33.7	10.6	
-85.3	42.6	-14.0	-4.1	
-90.2	47.5	-18.9	3.2	
-102.5	13.1	-11.5	5.7	
-85.3	15.5	3.2	-16.4	
-90.2	40.1	0.8	3.2	
-87.8	37.7	-11.5	5.7	
-95.2	69.7	-9.1	3.2	
-92.7	64.7	-23.8	5.7	
-80.4	22.9	-23.8	10.6	
-80.4	-4.1	-23.8	10.6	
-82.9	18.0	5.7	-11.5	
-82.9	50.0	15.5	-9.1	
-87.8	-6.6	13.1	18.0	
-82.9	-58.3	-1.7	32.8	
-95.2	-4.1	-16.4	13.1	
-92.7	32.8	-11.5	3.2	
-112.4	64.7	-16.4	8.2	
-100.1	35.2	-21.4	10.6	
-112.4	82.0	-1.7	-1.7	
-109.9	20.5	-6.6	-14.0	
-112.4	-26.3	-18.9	-1.7	
-107.5	-26.3	-6.6	-6.6	
-112.4	-1.7	0.8	22.9	
-109.9	30.3	-11.5	27.8	
-122.2	30.3	-18.9	5.7	
-119.8	-1.7	-4.1	-4.1	
-112.4	20.5	-9.1	3.2	
-112.4	67.2	-9.1	-31.2	
-127.1	64.7	-18.9	-31.2	
-119.8	64.7	-33.7	-11.5	
-132.1	64.7	-36.1	-1.7	
-127.1	69.7	-21.4	27.8	
-129.6	59.8	-11.5	27.8	
-122.2	52.4	-11.5	3.2	
-129.6	15.5	-11.5	-6.6	
-137.0	30.3	-9.1	10.6	
-129.6	30.3	-4.1	13.1	
-141.9	-6.6	-21.4	5.7	
-159.1	5.7	-11.5	-14.0	
-154.2	13.1	10.6	-1.7	
-159.1	22.9	-11.5	-6.6	
-164.0	37.7	-6.6	0.8	
-161.6	13.1	18.0	8.2	
-164.0	22.9	5.7	-9.1	
-164.0	-4.1	-4.1	3.2	
-171.4	-4.1	8.2	18.0	
-171.4	0.8	22.9	35.2	
-156.7	20.5	30.3	22.9	
-171.4	42.6	30.3	-6.6	
-164.0	35.2	27.8	-11.5	
-154.2	22.9	3.2	-4.1	
-171.4	22.9	10.6	15.5	
-151.7	35.2	18.0	40.1	
-141.9	32.8	10.6	-9.1	
-137.0	52.4	5.7	-18.9	
-132.1	42.6	10.6	-1.7	
-129.6	50.0	13.1	5.7	
-144.4	25.4	30.3	22.9	
-127.1	22.9	30.3	35.2	
-112.4	25.4	18.0	15.5	
-117.3	37.7	13.1	8.2	
-132.1	25.4	5.7	-1.7	
-149.3	20.5	-11.5	10.6	
-129.6	37.7	-9.1	13.1	
-127.1	25.4	8.2	15.5	
-132.1	13.1	25.4	22.9	
-122.2	45.1	40.1	3.2	
-127.1	30.3	50.0	-18.9	
-124.7	27.8	45.1	-16.4	
-129.6	27.8	57.4	-11.5	
-117.3	25.4	89.3	-1.7	
-114.8	20.5	47.5	-11.5	
-129.6	20.5	10.6	0.8	
-109.9	15.5	3.2	0.8	
-100.1	5.7	0.8	8.2	
-102.5	8.2	0.8	5.7	
-107.5	35.2	0.8	-9.1	
-102.5	30.3	-18.9	-11.5	
-109.9	25.4	-23.8	-1.7	
-109.9	50.0	25.4	-1.7	
-102.5	57.4	45.1	3.2	
-109.9	64.7	32.8	10.6	
-107.5	54.9	15.5	3.2	
-117.3	42.6	5.7	15.5	
-112.4	37.7	-9.1	-9.1	
-97.6	79.5	-4.1	-4.1	
-95.2	64.7	-1.7	20.5	
-109.9	20.5	-4.1	10.6	
-77.9	8.2	8.2	-4.1	
-97.6	-9.1	8.2	0.8	
-92.7	-14.0	22.9	25.4	
-109.9	3.2	15.5	18.0	
-95.2	-9.1	13.1	10.6	
-105.0	0.8	-9.1	-14.0	
-114.8	10.6	-9.1	-9.1	
-102.5	30.3	-26.3	-1.7	
-92.7	40.1	-9.1	20.5	
-100.1	42.6	-4.1	25.4	
-87.8	15.5	3.2	3.2	
-85.3	40.1	0.8	0.8	
-90.2	37.7	18.0	3.2	
-85.3	30.3	8.2	-1.7	
-87.8	37.7	5.7	-1.7	
-85.3	30.3	0.8	-14.0	
-73.0	13.1	-6.6	5.7	
-73.0	27.8	8.2	5.7	
-80.4	42.6	-1.7	10.6	
-77.9	32.8	-16.4	8.2	
-80.4	30.3	13.1	5.7	
-85.3	10.6	15.5	0.8	
-87.8	-26.3	13.1	0.8	
-75.5	-9.1	5.7	3.2	
-70.6	15.5	0.8	0.8	
-73.0	20.5	27.8	10.6	
-65.6	0.8	30.3	0.8	
-77.9	30.3	30.3	0.8	
-70.6	54.9	3.2	-1.7	
-73.0	59.8	-1.7	10.6	
-63.2	40.1	-9.1	3.2	
-58.3	67.2	-31.2	25.4	
-58.3	57.4	-18.9	18.0	
-63.2	32.8	-6.6	13.1	
-43.5	37.7	10.6	8.2	
-55.8	10.6	32.8	0.8	
-53.3	5.7	79.5	-16.4	
-43.5	20.5	40.1	-31.2	
-43.5	40.1	8.2	-21.4	
-46.0	69.7	-4.1	-9.1	
-41.0	52.4	-6.6	-14.0	
-43.5	69.7	-9.1	32.8	
-38.6	59.8	-1.7	30.3	
-43.5	18.0	-21.4	-6.6	
-41.0	15.5	-28.7	-4.1	
-65.6	32.8	-36.1	8.2	
-58.3	74.6	-11.5	3.2	
-73.0	45.1	-11.5	20.5	
-73.0	10.6	-1.7	59.8	
-50.9	-18.9	-9.1	15.5	
-70.6	-6.6	-6.6	-4.1	
-53.3	20.5	-14.0	-16.4	
-65.6	79.5	0.8	-14.0	
-73.0	59.8	-1.7	13.1	
-82.9	40.1	-9.1	37.7	
-90.2	72.1	-9.1	40.1	
-77.9	94.3	-14.0	35.2	
-75.5	116.4	-1.7	-1.7	
-82.9	84.4	5.7	-16.4	
-77.9	47.5	8.2	-31.2	
-75.5	-82.9	-18.9	-33.7	
-70.6	-58.3	-23.8	-23.8	
-58.3	-80.4	-6.6	-9.1	
-60.7	-73.0	-6.6	22.9	
-87.8	-16.4	-11.5	45.1	
-65.6	-23.8	-14.0	30.3	
-73.0	8.2	-23.8	42.6	
-73.0	86.9	-16.4	25.4	
-80.4	94.3	-14.0	-11.5	
-73.0	57.4	-4.1	-11.5	
-63.2	32.8	5.7	5.7	
-65.6	27.8	-18.9	35.2	
-60.7	-1.7	-18.9	10.6	
-53.3	22.9	-11.5	10.6	
-41.0	10.6	-16.4	52.4	
-33.7	18.0	-23.8	30.3	
-41.0	35.2	-23.8	20.5	
-53.3	45.1	-31.2	-1.7	
-43.5	37.7	-11.5	-6.6	
-48.4	-6.6	0.8	3.2	
-41.0	-38.6	-16.4	3.2	
-53.3	-9.1	-21.4	25.4	
-58.3	-58.3	-18.9	5.7	
-55.8	-21.4	-11.5	-6.6	
-50.9	8.2	-23.8	22.9	
-48.4	13.1	0.8	25.4	
-48.4	32.8	-11.5	13.1	
-55.8	40.1	-18.9	-1.7	
-55.8	50.0	-14.0	-4.1	
-60.7	62.3	-6.6	-9.1	
-55.8	42.6	-4.1	-9.1	
-58.3	37.7	-4.1	-1.7	
-60.7	64.7	-21.4	-6.6	
-68.1	72.1	-18.9	13.1	
-68.1	54.9	-14.0	25.4	
-58.3	13.1	-6.6	18.0	
-58.3	3.2	-18.9	25.4	
-53.3	-31.2	-18.9	13.1	
-48.4	35.2	-23.8	0.8	
-55.8	42.6	0.8	-11.5	
-46.0	27.8	-4.1	8.2	
-48.4	30.3	-6.6	-6.6	
-43.5	35.2	-14.0	10.6	
-41.0	37.7	-11.5	-6.6	
-36.1	15.5	5.7	5.7	
-48.4	-9.1	8.2	27.8	
-41.0	5.7	8.2	18.0	
-48.4	15.5	15.5	8.2	
-48.4	25.4	13.1	0.8	
-36.1	69.7	-1.7	15.5	
-16.4	89.3	-9.1	13.1	
-28.7	54.9	-9.1	13.1	
-18.9	40.1	-1.7	-4.1	
-31.2	52.4	-9.1	0.8	
-33.7	72.1	-18.9	5.7	
-41.0	50.0	5.7	3.2	
-43.5	50.0	10.6	13.1	
-31.2	67.2	8.2	25.4	
-23.8	50.0	5.7	18.0	
-18.9	37.7	5.7	22.9	
-11.5	22.9	8.2	-21.4	
-23.8	32.8	8.2	-21.4	
-41.0	30.3	8.2	-6.6	
-23.8	54.9	5.7	-1.7	
-16.4	69.7	10.6	10.6	
-31.2	91.8	0.8	27.8	
-23.8	67.2	8.2	25.4	
-23.8	-1.7	3.2	-1.7	
-16.4	3.2	5.7	-9.1	
-26.3	50.0	3.2	-6.6	
-14.0	25.4	-6.6	0.8	
-9.1	47.5	13.1	10.6	
-6.6	67.2	20.5	18.0	
-9.1	5.7	18.0	-4.1	
0.8	32.8	20.5	0.8	
-4.1	35.2	13.1	22.9	
-9.1	37.7	22.9	37.7	
-4.1	52.4	15.5	52.4	
-9.1	50.0	22.9	25.4	
-6.6	42.6	15.5	15.5	
-1.7	35.2	13.1	-1.7	
5.7	27.8	18.0	-18.9	
-1.7	18.0	20.5	-4.1	
10.6	42.6	18.0	-1.7	
-4.1	37.7	8.2	-28.7	
-9.1	37.7	3.2	-41.0	
3.2	35.2	5.7	-14.0	
8.2	22.9	10.6	-9.1	
8.2	35.2	15.5	-11.5	
-6.6	52.4	8.2	20.5	
8.2	20.5	5.7	8.2	
13.1	30.3	8.2	-9.1	
5.7	18.0	8.2	3.2	
22.9	30.3	20.5	22.9	
15.5	32.8	18.0	52.4	
18.0	37.7	15.5	30.3	
22.9	27.8	15.5	20.5	
15.5	37.7	27.8	15.5	
25.4	35.2	22.9	-26.3	
8.2	35.2	42.6	-38.6	
5.7	42.6	18.0	-4.1	
3.2	35.2	25.4	22.9	
15.5	27.8	30.3	35.2	
20.5	27.8	30.3	8.2	
8.2	22.9	3.2	3.2	
10.6	22.9	8.2	-9.1	
3.2	35.2	-23.8	-14.0	
-4.1	30.3	-18.9	-1.7	
-4.1	59.8	-6.6	-16.4	
-1.7	72.1	-9.1	5.7	
-1.7	47.5	15.5	22.9	
3.2	25.4	32.8	27.8	
8.2	13.1	18.0	59.8	
18.0	32.8	0.8	20.5	
35.2	-21.4	-11.5	-16.4	
10.6	-4.1	-16.4	-28.7	
25.4	0.8	-9.1	-16.4	
5.7	-14.0	3.2	-33.7	
13.1	3.2	-9.1	-31.2	
13.1	59.8	-9.1	18.0	
-4.1	77.0	-9.1	89.3	
-11.5	62.3	-4.1	104.1	
-21.4	40.1	35.2	40.1	
-18.9	35.2	54.9	10.6	
-11.5	62.3	37.7	-50.9	
-14.0	69.7	3.2	-48.4	
13.1	59.8	-1.7	0.8	
8.2	77.0	8.2	3.2	
20.5	3.2	0.8	35.2	
22.9	-14.0	-21.4	25.4	
30.3	18.0	-23.8	42.6	
42.6	74.6	-28.7	54.9	
54.9	69.7	-11.5	79.5	
45.1	67.2	-18.9	18.0	
62.3	50.0	-23.8	-48.4	
47.5	22.9	-1.7	-41.0	
45.1	18.0	22.9	25.4	
27.8	25.4	25.4	74.6	
20.5	15.5	-1.7	45.1	
18.0	84.4	-4.1	20.5	
30.3	96.7	-9.1	64.7	
18.0	15.5	-6.6	62.3	
15.5	-18.9	-4.1	54.9	
8.2	-58.3	-4.1	35.2	
5.7	-60.7	5.7	-23.8	
25.4	-9.1	-4.1	-141.9	
20.5	18.0	-9.1	-127.1	
20.5	25.4	-9.1	-53.3	
20.5	20.5	5.7	-23.8	
25.4	42.6	-4.1	-33.7	
35.2	52.4	-9.1	-21.4	
22.9	-41.0	-1.7	-11.5	
45.1	-65.6	-9.1	-11.5	
47.5	-6.6	-9.1	-6.6	
47.5	13.1	-4.1	-14.0	
47.5	20.5	-4.1	10.6	
47.5	40.1	-9.1	3.2	
42.6	67.2	8.2	3.2	
30.3	32.8	0.8	3.2	
22.9	35.2	-9.1	15.5	
22.9	42.6	-1.7	13.1	
5.7	40.1	-1.7	25.4	
-11.5	22.9	8.2	15.5	
-14.0	8.2	-1.7	-4.1	
-16.4	-21.4	-4.1	0.8	
-16.4	-6.6	-4.1	3.2	
-4.1	18.0	3.2	5.7	
-1.7	99.2	20.5	15.5	
5.7	86.9	13.1	22.9	
0.8	-18.9	0.8	15.5	
-1.7	-1.7	-1.7	22.9	
27.8	32.8	-9.1	13.1	
32.8	84.4	-1.7	-1.7	
37.7	91.8	-6.6	0.8	
37.7	116.4	-4.1	15.5	
52.4	57.4	-1.7	-6.6	
40.1	-21.4	-11.5	15.5	
35.2	-26.3	-4.1	10.6	
20.5	-9.1	0.8	10.6	
27.8	25.4	-11.5	18.0	
13.1	25.4	3.2	20.5	
3.2	22.9	5.7	20.5	
0.8	59.8	5.7	27.8	
-1.7	42.6	-11.5	30.3	
-1.7	22.9	-4.1	3.2	
-4.1	8.2	-1.7	-28.7	
-9.1	-18.9	-4.1	-28.7	
3.2	-21.4	-6.6	0.8	
22.9	18.0	-4.1	10.6	
20.5	35.2	-4.1	20.5	
8.2	37.7	-9.1	-9.1	
-1.7	89.3	-1.7	-1.7	
3.2	123.8	-4.1	-9.1	
-14.0	67.2	-4.1	-31.2	
-14.0	52.4	3.2	-26.3	
-6.6	50.0	0.8	-26.3	
-14.0	32.8	0.8	13.1	
-9.1	18.0	-1.7	35.2	
-18.9	27.8	-9.1	42.6	
-1.7	47.5	-11.5	0.8	
-4.1	47.5	-1.7	-9.1	
-1.7	64.7	0.8	-4.1	
-9.1	32.8	-11.5	-6.6	
-9.1	20.5	0.8	-18.9	
-9.1	13.1	15.5	-21.4	
0.8	25.4	27.8	-14.0	
-18.9	-4.1	18.0	45.1	
-14.0	13.1	5.7	62.3	
-9.1	-1.7	-16.4	22.9	
-1.7	35.2	-1.7	8.2	
-9.1	25.4	-4.1	-11.5	
5.7	32.8	-4.1	-33.7	
3.2	57.4	-4.1	-46.0	
-4.1	45.1	-6.6	-14.0	
-11.5	37.7	0.8	22.9	
-14.0	47.5	-11.5	27.8	
-11.5	45.1	-4.1	5.7	
-4.1	35.2	3.2	0.8	
5.7	27.8	-1.7	22.9	
13.1	15.5	20.5	52.4	
15.5	15.5	13.1	8.2	
22.9	45.1	-9.1	3.2	
32.8	42.6	-21.4	-14.0	
32.8	52.4	-16.4	-16.4	
35.2	109.0	-11.5	-4.1	
42.6	86.9	-18.9	86.9	
35.2	8.2	-6.6	121.3	
40.1	0.8	10.6	57.4	
52.4	62.3	0.8	-23.8	
50.0	47.5	18.0	-80.4	
57.4	-48.4	10.6	-43.5	
52.4	-4.1	13.1	-23.8	
50.0	-14.0	32.8	-18.9	
45.1	-9.1	15.5	18.0	
37.7	13.1	0.8	25.4	
45.1	67.2	-4.1	42.6	
47.5	30.3	-4.1	32.8	
50.0	32.8	3.2	-16.4	
64.7	10.6	15.5	-38.6	
52.4	32.8	-4.1	-16.4	
59.8	40.1	-21.4	-4.1	
59.8	42.6	-18.9	3.2	
50.0	5.7	-9.1	20.5	
57.4	-11.5	15.5	0.8	
50.0	-14.0	50.0	-6.6	
64.7	79.5	57.4	0.8	
67.2	86.9	20.5	15.5	
72.1	35.2	-4.1	3.2	
57.4	-36.1	-9.1	-11.5	
67.2	-65.6	10.6	-6.6	
47.5	-18.9	-4.1	25.4	
62.3	5.7	-23.8	50.0	
50.0	50.0	-23.8	67.2	
50.0	69.7	-11.5	52.4	
47.5	47.5	-14.0	8.2	
47.5	54.9	-11.5	-31.2	
45.1	62.3	-11.5	-41.0	
37.7	91.8	-4.1	-26.3	
59.8	121.3	-4.1	-9.1	
52.4	99.2	-1.7	-4.1	
54.9	22.9	5.7	10.6	
45.1	32.8	0.8	-6.6	
52.4	50.0	3.2	-14.0	
67.2	25.4	-6.6	8.2	
50.0	-9.1	-4.1	3.2	
47.5	-23.8	-1.7	5.7	
45.1	-16.4	5.7	5.7	
54.9	-6.6	-4.1	-1.7	
57.4	-26.3	-1.7	-28.7	
50.0	5.7	5.7	-14.0	
52.4	20.5	0.8	-1.7	
40.1	52.4	10.6	15.5	
35.2	37.7	8.2	35.2	
37.7	59.8	5.7	18.0	
27.8	47.5	8.2	13.1	
32.8	30.3	5.7	18.0	
27.8	27.8	10.6	20.5	
22.9	47.5	5.7	18.0	
15.5	18.0	-1.7	13.1	
15.5	-4.1	0.8	-18.9	
22.9	-26.3	8.2	-41.0	
37.7	-23.8	15.5	-16.4	
30.3	8.2	18.0	5.7	
42.6	47.5	13.1	-1.7	
32.8	45.1	27.8	3.2	
37.7	54.9	13.1	-9.1	
37.7	54.9	13.1	-18.9	
45.1	37.7	10.6	27.8	
40.1	40.1	5.7	35.2	
40.1	30.3	10.6	30.3	
45.1	40.1	10.6	27.8	
52.4	13.1	-1.7	13.1	
57.4	-6.6	-4.1	13.1	
54.9	0.8	0.8	5.7	
42.6	32.8	-6.6	-1.7	
57.4	40.1	0.8	-14.0	
52.4	54.9	-1.7	-53.3	
62.3	30.3	-6.6	-18.9	
57.4	32.8	-18.9	-16.4	
57.4	27.8	-11.5	-1.7	
57.4	25.4	-9.1	-4.1	
59.8	22.9	5.7	5.7	
57.4	25.4	27.8	10.6	
67.2	35.2	15.5	13.1	
62.3	62.3	0.8	13.1	
72.1	59.8	5.7	15.5	
67.2	54.9	35.2	0.8	
69.7	40.1	54.9	-4.1	
62.3	20.5	27.8	-6.6	
62.3	25.4	10.6	3.2	
77.0	27.8	3.2	13.1	
67.2	-16.4	-11.5	52.4	
86.9	-14.0	-6.6	52.4	
84.4	18.0	-36.1	-9.1	
77.0	82.0	-28.7	-4.1	
57.4	35.2	-4.1	-11.5	
54.9	64.7	-6.6	5.7	
47.5	91.8	-1.7	37.7	
52.4	91.8	-1.7	52.4	
30.3	79.5	-1.7	-16.4	
37.7	40.1	18.0	-50.9	
50.0	-28.7	5.7	-21.4	
59.8	0.8	0.8	-18.9	
62.3	37.7	-4.1	-28.7	
59.8	-6.6	3.2	-11.5	
62.3	-9.1	-1.7	0.8	
62.3	3.2	-9.1	-4.1	
59.8	15.5	10.6	20.5	
40.1	72.1	8.2	-23.8	
42.6	47.5	18.0	-26.3	
35.2	8.2	25.4	18.0	
37.7	-28.7	20.5	50.0	
45.1	-1.7	-4.1	59.8	
47.5	25.4	30.3	77.0	
37.7	37.7	27.8	15.5	
35.2	42.6	-4.1	-1.7	
35.2	57.4	-41.0	-21.4	
37.7	45.1	-36.1	-6.6	
35.2	35.2	-31.2	5.7	
40.1	42.6	-21.4	5.7	
42.6	35.2	-18.9	22.9	
37.7	-33.7	-11.5	15.5	
32.8	-36.1	-11.5	13.1	
30.3	22.9	-4.1	8.2	
35.2	54.9	-1.7	5.7	
37.7	40.1	0.8	-4.1	
35.2	62.3	0.8	-4.1	
25.4	52.4	5.7	0.8	
22.9	25.4	10.6	5.7	
22.9	25.4	0.8	3.2	
27.8	59.8	3.2	0.8	
22.9	40.1	5.7	-1.7	
40.1	10.6	-6.6	10.6	
45.1	22.9	8.2	0.8	
42.6	40.1	0.8	5.7	
37.7	35.2	3.2	-14.0	
37.7	13.1	0.8	-1.7	
35.2	5.7	3.2	8.2	
47.5	40.1	5.7	8.2	
32.8	35.2	10.6	3.2	
50.0	22.9	5.7	3.2	
37.7	32.8	5.7	8.2	
50.0	25.4	13.1	-4.1	
40.1	57.4	20.5	5.7	
57.4	32.8	3.2	3.2	
42.6	52.4	10.6	-11.5	
50.0	54.9	10.6	-4.1	
52.4	45.1	-1.7	10.6	
57.4	30.3	0.8	0.8	
52.4	-6.6	3.2	-18.9	
47.5	10.6	5.7	-1.7	
30.3	15.5	3.2	-9.1	
52.4	35.2	-1.7	-23.8	
47.5	57.4	10.6	-38.6	
40.1	42.6	5.7	-33.7	
62.3	57.4	3.2	-11.5	
47.5	50.0	3.2	40.1	
54.9	30.3	13.1	79.5	
62.3	27.8	8.2	74.6	
52.4	42.6	-6.6	54.9	
42.6	37.7	3.2	57.4	
42.6	15.5	-6.6	62.3	
42.6	15.5	-9.1	45.1	
50.0	15.5	8.2	-60.7	
45.1	20.5	-4.1	-90.2	
40.1	20.5	5.7	-21.4	
22.9	20.5	13.1	0.8	
42.6	30.3	22.9	-14.0	
45.1	62.3	15.5	-16.4	
37.7	22.9	25.4	-11.5	
40.1	30.3	-4.1	-6.6	
40.1	32.8	-4.1	-1.7	
42.6	32.8	-11.5	22.9	
37.7	47.5	0.8	22.9	
50.0	40.1	20.5	22.9	
42.6	64.7	8.2	30.3	
45.1	47.5	22.9	15.5	
42.6	32.8	47.5	-18.9	
40.1	25.4	50.0	-28.7	
32.8	-1.7	32.8	-4.1	
27.8	-21.4	35.2	8.2	
42.6	-23.8	8.2	-6.6	
52.4	-9.1	-9.1	-4.1	
54.9	-21.4	-6.6	-18.9	
47.5	-26.3	-41.0	-11.5	
54.9	-6.6	-46.0	-9.1	
50.0	3.2	-33.7	-16.4	
52.4	-9.1	-18.9	32.8	
47.5	-4.1	18.0	74.6	
32.8	0.8	25.4	35.2	
27.8	0.8	13.1	22.9	
20.5	-23.8	22.9	20.5	
20.5	-4.1	32.8	20.5	
20.5	5.7	5.7	30.3	
20.5	-11.5	8.2	15.5	
25.4	5.7	-9.1	8.2	
35.2	-14.0	-4.1	-4.1	
25.4	-28.7	5.7	-14.0	
25.4	-9.1	3.2	-14.0	
13.1	8.2	3.2	0.8	
25.4	5.7	8.2	5.7	
18.0	32.8	8.2	-1.7	
20.5	45.1	-4.1	20.5	
20.5	121.3	0.8	32.8	
30.3	86.9	5.7	15.5	
25.4	50.0	13.1	8.2	
25.4	59.8	15.5	-1.7	
22.9	74.6	15.5	13.1	
32.8	69.7	30.3	13.1	
35.2	72.1	8.2	-4.1	
37.7	106.6	22.9	-9.1	
45.1	123.8	13.1	-11.5	
42.6	138.5	15.5	8.2	
45.1	168.1	15.5	15.5	
42.6	141.0	15.5	37.7	
45.1	121.3	18.0	32.8	
32.8	111.5	10.6	15.5	
47.5	91.8	0.8	13.1	
35.2	57.4	13.1	5.7	
52.4	74.6	27.8	-9.1	
45.1	77.0	3.2	-18.9	
45.1	82.0	-4.1	18.0	
15.5	84.4	8.2	18.0	
20.5	74.6	15.5	20.5	
30.3	67.2	10.6	25.4	
22.9	82.0	13.1	22.9	
35.2	57.4	18.0	-1.7	
35.2	74.6	15.5	-14.0	
40.1	69.7	18.0	-14.0	
42.6	27.8	18.0	0.8	
27.8	15.5	13.1	8.2	
22.9	3.2	8.2	0.8	
30.3	-26.3	-4.1	5.7	
22.9	-16.4	18.0	-1.7	
8.2	-16.4	15.5	-6.6	
3.2	-21.4	22.9	10.6	
15.5	-16.4	15.5	18.0	
18.0	-14.0	15.5	13.1	
22.9	-28.7	5.7	15.5	
22.9	0.8	8.2	32.8	
25.4	3.2	5.7	0.8	
32.8	8.2	10.6	-11.5	
32.8	0.8	5.7	8.2	
35.2	13.1	25.4	3.2	
35.2	-14.0	18.0	8.2	
22.9	-14.0	32.8	-1.7	
35.2	18.0	32.8	5.7	
25.4	-4.1	25.4	8.2	
30.3	-16.4	10.6	5.7	
32.8	13.1	-14.0	5.7	
22.9	15.5	-31.2	0.8	
25.4	18.0	-18.9	3.2	
32.8	32.8	-6.6	13.1	
30.3	30.3	5.7	25.4	
35.2	20.5	5.7	-4.1	
25.4	-1.7	5.7	-16.4	
42.6	-11.5	3.2	0.8	
40.1	-6.6	3.2	13.1	
37.7	5.7	-4.1	20.5	
52.4	30.3	-14.0	5.7	
62.3	22.9	-1.7	-4.1	
67.2	27.8	5.7	-21.4	
57.4	30.3	10.6	0.8	
64.7	47.5	5.7	25.4	
72.1	8.2	13.1	18.0	
62.3	8.2	20.5	27.8	
57.4	18.0	5.7	30.3	
50.0	22.9	8.2	25.4	
52.4	-1.7	8.2	-6.6	
37.7	-11.5	13.1	-18.9	
30.3	20.5	20.5	10.6	
35.2	52.4	10.6	3.2	
40.1	82.0	5.7	-4.1	
37.7	86.9	15.5	-4.1	
30.3	52.4	86.9	5.7	
30.3	45.1	72.1	-1.7	
30.3	47.5	50.0	3.2	
35.2	57.4	20.5	15.5	
35.2	59.8	-4.1	13.1	
37.7	37.7	-28.7	27.8	
40.1	-14.0	-18.9	32.8	
27.8	5.7	-9.1	22.9	
27.8	54.9	-9.1	-6.6	
32.8	35.2	-6.6	-11.5	
42.6	32.8	0.8	-18.9	
35.2	27.8	8.2	-1.7	
35.2	18.0	0.8	3.2	
27.8	3.2	20.5	8.2	
22.9	54.9	10.6	5.7	
20.5	89.3	-4.1	3.2	
30.3	27.8	8.2	22.9	
20.5	20.5	-11.5	0.8	
25.4	22.9	10.6	3.2	
25.4	3.2	18.0	10.6	
5.7	-28.7	15.5	-9.1	
8.2	-28.7	20.5	-9.1	
0.8	-6.6	27.8	-1.7	
8.2	5.7	25.4	18.0	
5.7	10.6	27.8	5.7	
5.7	47.5	20.5	-4.1	
20.5	86.9	3.2	-1.7	
3.2	111.5	-23.8	18.0	
0.8	99.2	-11.5	32.8	
-11.5	72.1	-11.5	15.5	
-9.1	72.1	8.2	8.2	
-16.4	101.6	3.2	10.6	
-16.4	69.7	5.7	-11.5	
-9.1	-4.1	13.1	-6.6	
-16.4	-23.8	5.7	0.8	
-21.4	-60.7	8.2	10.6	
-21.4	-50.9	0.8	8.2	
-28.7	20.5	8.2	-9.1	
-23.8	59.8	3.2	-9.1	
-23.8	32.8	5.7	-14.0	
-41.0	5.7	3.2	20.5	
-33.7	22.9	5.7	-1.7	
-33.7	42.6	13.1	-1.7	
-43.5	69.7	10.6	8.2	
-46.0	27.8	13.1	15.5	
-58.3	10.6	13.1	35.2	
-48.4	-18.9	5.7	10.6	
-60.7	-65.6	-6.6	-14.0	
-60.7	5.7	5.7	8.2	
-65.6	18.0	0.8	3.2	
-75.5	27.8	10.6	0.8	
-80.4	67.2	10.6	0.8	
-80.4	79.5	13.1	-4.1	
-75.5	42.6	-1.7	-11.5	
-80.4	35.2	0.8	8.2	
-68.1	35.2	0.8	8.2	
-68.1	30.3	-4.1	3.2	
-60.7	47.5	15.5	18.0	
-53.3	84.4	13.1	-1.7	
-33.7	47.5	15.5	-4.1	
-31.2	30.3	0.8	5.7	
-9.1	32.8	-1.7	0.8	
5.7	45.1	-6.6	5.7	
15.5	35.2	-14.0	0.8	
30.3	32.8	-6.6	10.6	
45.1	40.1	3.2	0.8	
50.0	35.2	5.7	20.5	
42.6	20.5	5.7	-11.5	
40.1	25.4	-1.7	-16.4	
37.7	30.3	18.0	-11.5	
37.7	35.2	47.5	3.2	
45.1	25.4	50.0	8.2	
52.4	35.2	37.7	-6.6	
45.1	32.8	-11.5	-4.1	
50.0	27.8	-38.6	0.8	
42.6	27.8	-48.4	0.8	
57.4	32.8	-38.6	0.8	
57.4	35.2	0.8	0.8	
69.7	32.8	-1.7	-6.6	
74.6	25.4	0.8	3.2	
84.4	20.5	-6.6	-1.7	
82.0	30.3	-6.6	-4.1	
79.5	25.4	-4.1	-9.1	
86.9	20.5	-14.0	-11.5	
77.0	30.3	3.2	3.2	
77.0	30.3	-1.7	3.2	
79.5	27.8	-18.9	-4.1	
72.1	25.4	0.8	5.7	
67.2	32.8	20.5	5.7	
64.7	37.7	18.0	5.7	
64.7	25.4	3.2	5.7	
67.2	45.1	-14.0	3.2	
64.7	32.8	-6.6	-4.1	
77.0	37.7	13.1	-4.1	
69.7	54.9	40.1	3.2	
69.7	42.6	57.4	5.7	
67.2	30.3	37.7	5.7	
67.2	37.7	10.6	3.2	
57.4	25.4	-6.6	-1.7	
59.8	42.6	-16.4	-6.6	
52.4	42.6	-4.1	0.8	
45.1	30.3	-16.4	0.8	
47.5	27.8	-11.5	3.2	
50.0	27.8	3.2	5.7	
54.9	13.1	-1.7	15.5	
40.1	35.2	-4.1	40.1	
35.2	30.3	8.2	37.7	
32.8	32.8	8.2	3.2	
40.1	37.7	3.2	8.2	
37.7	25.4	-1.7	-9.1	
32.8	22.9	3.2	-11.5	
35.2	42.6	5.7	-4.1	
32.8	27.8	0.8	-14.0	
35.2	32.8	0.8	-4.1	
37.7	40.1	-1.7	10.6	
42.6	42.6	3.2	-4.1	
40.1	59.8	8.2	18.0	
45.1	50.0	15.5	40.1	
32.8	52.4	10.6	18.0	
37.7	47.5	8.2	5.7	
35.2	47.5	0.8	18.0	
37.7	13.1	8.2	10.6	
32.8	-33.7	10.6	13.1	
27.8	-23.8	5.7	5.7	
25.4	-6.6	18.0	-1.7	
32.8	8.2	15.5	-1.7	
22.9	30.3	18.0	-6.6	
32.8	20.5	10.6	-14.0	
30.3	32.8	10.6	0.8	
40.1	59.8	13.1	-1.7	
45.1	40.1	-4.1	13.1	
47.5	40.1	-9.1	10.6	
30.3	32.8	0.8	0.8	
52.4	37.7	8.2	8.2	
45.1	27.8	32.8	-6.6	
54.9	32.8	45.1	-16.4	
57.4	8.2	37.7	0.8	
42.6	13.1	22.9	25.4	
47.5	32.8	20.5	13.1	
20.5	40.1	18.0	3.2	
18.0	18.0	0.8	8.2	
13.1	13.1	-31.2	13.1	
10.6	30.3	-6.6	13.1	
8.2	27.8	-9.1	8.2	
20.5	35.2	-4.1	-4.1	
15.5	18.0	5.7	-31.2	
27.8	25.4	3.2	8.2	
25.4	37.7	15.5	0.8	
25.4	40.1	18.0	-4.1	
20.5	18.0	13.1	0.8	
22.9	10.6	5.7	22.9	
25.4	5.7	-4.1	20.5	
20.5	27.8	8.2	10.6	
22.9	45.1	-14.0	-4.1	
42.6	45.1	-14.0	-1.7	
37.7	67.2	5.7	10.6	
32.8	79.5	15.5	-1.7	
54.9	74.6	32.8	8.2	
59.8	74.6	30.3	3.2	
69.7	40.1	13.1	8.2	
57.4	57.4	3.2	0.8	
59.8	59.8	0.8	8.2	
54.9	77.0	3.2	8.2	
50.0	67.2	-6.6	5.7	
47.5	91.8	-4.1	0.8	
47.5	72.1	0.8	-18.9	
35.2	79.5	-6.6	-14.0	
47.5	10.6	-11.5	3.2	
52.4	8.2	-18.9	5.7	
59.8	-14.0	-6.6	-4.1	
52.4	-65.6	-1.7	18.0	
45.1	-105.0	10.6	10.6	
47.5	-14.0	-1.7	5.7	
37.7	0.8	-23.8	15.5	
37.7	3.2	8.2	8.2	
27.8	-6.6	32.8	10.6	
27.8	-21.4	52.4	0.8	
27.8	-11.5	20.5	-4.1	
22.9	20.5	-18.9	5.7	
42.6	35.2	-18.9	5.7	
22.9	62.3	-6.6	-6.6	
18.0	74.6	8.2	-9.1	
22.9	50.0	8.2	18.0	
25.4	54.9	-4.1	15.5	
35.2	27.8	5.7	0.8	
42.6	45.1	-11.5	15.5	
35.2	35.2	0.8	-4.1	
32.8	-14.0	0.8	3.2	
20.5	13.1	0.8	-6.6	
30.3	59.8	-1.7	-6.6	
40.1	47.5	-9.1	10.6	
25.4	57.4	8.2	27.8	
40.1	50.0	40.1	25.4	
40.1	45.1	32.8	20.5	
27.8	30.3	18.0	3.2	
25.4	37.7	-6.6	-9.1	
13.1	52.4	5.7	3.2	
27.8	30.3	8.2	8.2	
10.6	15.5	15.5	0.8	
8.2	35.2	22.9	10.6	
10.6	45.1	13.1	27.8	
15.5	32.8	22.9	8.2	
25.4	27.8	15.5	3.2	
27.8	42.6	20.5	8.2	
-1.7	37.7	20.5	0.8	
8.2	54.9	20.5	5.7	
8.2	62.3	18.0	15.5	
3.2	62.3	15.5	8.2	
25.4	35.2	27.8	5.7	
15.5	45.1	15.5	8.2	
15.5	35.2	13.1	8.2	
8.2	-6.6	27.8	20.5	
0.8	5.7	20.5	10.6	
10.6	18.0	15.5	-1.7	
10.6	32.8	13.1	-1.7	
0.8	40.1	13.1	3.2	
3.2	35.2	15.5	10.6	
5.7	27.8	27.8	-1.7	
-1.7	27.8	30.3	-9.1	
3.2	5.7	42.6	-9.1	
18.0	13.1	22.9	5.7	
15.5	30.3	27.8	13.1	
18.0	18.0	20.5	20.5	
22.9	30.3	0.8	15.5	
13.1	37.7	3.2	8.2	
15.5	40.1	-4.1	-9.1	
10.6	18.0	10.6	-1.7	
8.2	32.8	-6.6	18.0	
-4.1	27.8	-6.6	18.0	
10.6	32.8	3.2	25.4	
20.5	20.5	0.8	13.1	
15.5	25.4	15.5	15.5	
27.8	42.6	27.8	15.5	
25.4	57.4	5.7	18.0	
20.5	35.2	-9.1	25.4	
32.8	35.2	0.8	5.7	
13.1	35.2	-6.6	22.9	
10.6	30.3	-9.1	5.7	
5.7	25.4	-11.5	-9.1	
3.2	25.4	5.7	0.8	
5.7	30.3	3.2	-21.4	
8.2	27.8	0.8	-6.6	
8.2	54.9	-23.8	-1.7	
-1.7	40.1	-28.7	15.5	
5.7	35.2	-26.3	32.8	
5.7	37.7	-9.1	32.8	
8.2	35.2	-14.0	25.4	
8.2	42.6	-6.6	30.3	
10.6	8.2	-9.1	18.0	
8.2	18.0	13.1	-9.1	
-1.7	20.5	15.5	-6.6	
-1.7	35.2	18.0	3.2	
15.5	50.0	22.9	5.7	
25.4	47.5	32.8	0.8	
20.5	82.0	-6.6	-11.5	
20.5	89.3	-11.5	8.2	
18.0	69.7	-21.4	15.5	
5.7	52.4	-28.7	10.6	
18.0	59.8	-33.7	13.1	
5.7	59.8	-26.3	5.7	
0.8	-14.0	-28.7	-4.1	
8.2	-23.8	-9.1	20.5	
8.2	27.8	-11.5	20.5	
3.2	45.1	3.2	3.2	
20.5	42.6	-11.5	-9.1	
27.8	3.2	5.7	15.5	
32.8	-14.0	-6.6	15.5	
32.8	-1.7	8.2	18.0	
22.9	-14.0	-11.5	27.8	
25.4	47.5	-9.1	3.2	
20.5	47.5	-4.1	-1.7	
27.8	-9.1	15.5	-4.1	
32.8	5.7	8.2	-9.1	
25.4	45.1	-1.7	3.2	
22.9	32.8	8.2	18.0	
22.9	20.5	15.5	22.9	
20.5	20.5	-9.1	20.5	
22.9	32.8	5.7	15.5	
22.9	25.4	8.2	5.7	
35.2	37.7	-9.1	3.2	
40.1	47.5	-23.8	-9.1	
32.8	45.1	-11.5	-11.5	
40.1	30.3	-11.5	5.7	
35.2	27.8	-6.6	40.1	
25.4	22.9	-4.1	8.2	
25.4	62.3	8.2	0.8	
32.8	106.6	10.6	8.2	
22.9	99.2	10.6	10.6	
27.8	72.1	10.6	-9.1	
25.4	62.3	13.1	-16.4	
25.4	86.9	8.2	5.7	
22.9	86.9	13.1	-4.1	
22.9	0.8	0.8	-11.5	
15.5	10.6	-9.1	0.8	
8.2	25.4	-21.4	-11.5	
5.7	-43.5	-11.5	-1.7	
10.6	-55.8	-18.9	5.7	
3.2	-31.2	-11.5	15.5	
15.5	15.5	8.2	-9.1	
20.5	64.7	-1.7	-14.0	
25.4	27.8	3.2	-14.0	
30.3	3.2	18.0	20.5	
25.4	42.6	22.9	25.4	
30.3	52.4	13.1	22.9	
27.8	42.6	0.8	45.1	
30.3	10.6	8.2	10.6	
15.5	-41.0	3.2	25.4	
13.1	-46.0	18.0	13.1	
25.4	-38.6	8.2	15.5	
32.8	-16.4	0.8	5.7	
27.8	18.0	0.8	5.7	
30.3	5.7	3.2	3.2	
27.8	5.7	-4.1	8.2	
32.8	13.1	0.8	-14.0	
32.8	72.1	8.2	5.7	
27.8	91.8	8.2	-4.1	
27.8	86.9	-1.7	3.2	
20.5	74.6	8.2	8.2	
-1.7	13.1	10.6	13.1	
13.1	3.2	18.0	30.3	
35.2	8.2	15.5	15.5	
15.5	50.0	18.0	0.8	
42.6	77.0	15.5	0.8	
20.5	57.4	13.1	5.7	
22.9	42.6	8.2	-9.1	
25.4	77.0	13.1	-16.4	
20.5	35.2	5.7	0.8	
40.1	22.9	0.8	-9.1	
25.4	22.9	-1.7	-1.7	
15.5	20.5	5.7	8.2	
32.8	-16.4	0.8	8.2	
20.5	5.7	-4.1	13.1	
20.5	27.8	-4.1	15.5	
25.4	32.8	3.2	20.5	
18.0	35.2	8.2	5.7	
13.1	25.4	18.0	-6.6	
15.5	40.1	-4.1	-11.5	
22.9	32.8	-9.1	-6.6	
25.4	30.3	-16.4	0.8	
32.8	18.0	-4.1	-1.7	
25.4	25.4	5.7	3.2	
27.8	20.5	30.3	15.5	
22.9	25.4	20.5	3.2	
35.2	37.7	5.7	-4.1	
20.5	30.3	0.8	32.8	
20.5	35.2	13.1	18.0	
20.5	22.9	10.6	15.5	
25.4	40.1	0.8	15.5	
37.7	40.1	-11.5	-6.6	
27.8	50.0	-26.3	0.8	
30.3	37.7	-18.9	8.2	
37.7	25.4	-23.8	8.2	
22.9	18.0	-11.5	18.0	
15.5	15.5	0.8	20.5	
20.5	15.5	25.4	10.6	
5.7	47.5	30.3	-6.6	
18.0	32.8	30.3	3.2	
22.9	47.5	27.8	3.2	
18.0	45.1	27.8	10.6	
32.8	32.8	32.8	3.2	
22.9	37.7	10.6	5.7	
18.0	30.3	-4.1	22.9	
15.5	45.1	3.2	20.5	
15.5	40.1	5.7	8.2	
13.1	50.0	10.6	-9.1	
15.5	45.1	0.8	-9.1	
25.4	32.8	-4.1	-6.6	
32.8	-6.6	5.7	8.2	
18.0	10.6	-1.7	5.7	
22.9	18.0	8.2	-4.1	
27.8	27.8	8.2	-4.1	
13.1	42.6	5.7	5.7	
22.9	45.1	3.2	20.5	
22.9	27.8	8.2	8.2	
22.9	20.5	3.2	3.2	
20.5	52.4	0.8	3.2	
27.8	50.0	3.2	-1.7	
20.5	35.2	-9.1	3.2	
18.0	5.7	-4.1	20.5	
30.3	27.8	0.8	10.6	
22.9	25.4	5.7	5.7	
20.5	25.4	-4.1	0.8	
27.8	37.7	0.8	8.2	
32.8	35.2	8.2	0.8	
30.3	47.5	5.7	-1.7	
25.4	64.7	18.0	22.9	
32.8	22.9	5.7	13.1	
22.9	27.8	-4.1	8.2	
27.8	13.1	5.7	5.7	
27.8	37.7	5.7	8.2	
22.9	37.7	0.8	0.8	
22.9	27.8	-1.7	15.5	
15.5	20.5	0.8	18.0	
25.4	25.4	-6.6	3.2	
22.9	45.1	5.7	-18.9	
18.0	15.5	-9.1	-23.8	
27.8	-16.4	0.8	-14.0	
8.2	15.5	0.8	-4.1	
22.9	52.4	8.2	-14.0	
37.7	47.5	-6.6	15.5	
30.3	57.4	0.8	37.7	
32.8	30.3	5.7	27.8	
35.2	22.9	-11.5	30.3	
22.9	10.6	-14.0	8.2	
37.7	10.6	-11.5	10.6	
25.4	20.5	-21.4	-1.7	
35.2	32.8	-4.1	18.0	
30.3	35.2	20.5	5.7	
20.5	47.5	22.9	3.2	
27.8	45.1	13.1	8.2	
22.9	45.1	8.2	5.7	
20.5	37.7	0.8	3.2	
37.7	30.3	27.8	25.4	
37.7	30.3	15.5	18.0	
47.5	35.2	18.0	32.8	
35.2	35.2	32.8	5.7	
22.9	22.9	27.8	-14.0	
35.2	22.9	10.6	0.8	
47.5	20.5	10.6	5.7	
27.8	40.1	15.5	-6.6	
22.9	50.0	-16.4	5.7	
30.3	42.6	-41.0	5.7	
22.9	67.2	-50.9	5.7	
22.9	74.6	-26.3	18.0	
18.0	32.8	-14.0	15.5	
13.1	62.3	0.8	37.7	
-4.1	67.2	15.5	35.2	
5.7	74.6	22.9	18.0	
8.2	72.1	8.2	0.8	
5.7	86.9	5.7	-28.7	
5.7	74.6	10.6	-28.7	
5.7	22.9	-9.1	-26.3	
20.5	5.7	-14.0	0.8	
27.8	-28.7	-9.1	5.7	
27.8	-16.4	10.6	5.7	
30.3	-16.4	5.7	-1.7	
22.9	8.2	-4.1	3.2	
18.0	18.0	-1.7	-6.6	
18.0	35.2	-6.6	0.8	
18.0	40.1	3.2	18.0	
18.0	35.2	13.1	18.0	
18.0	10.6	5.7	5.7	
18.0	42.6	8.2	0.8	
18.0	25.4	5.7	5.7	
18.0	-6.6	8.2	10.6	
22.9	-55.8	-4.1	18.0	
18.0	-23.8	8.2	15.5	
15.5	-14.0	-1.7	0.8	
15.5	3.2	-21.4	3.2	
0.8	-26.3	3.2	20.5	
8.2	-9.1	13.1	47.5	
-4.1	10.6	25.4	32.8	
8.2	25.4	5.7	13.1	
15.5	27.8	5.7	-1.7	
18.0	74.6	0.8	-1.7	
18.0	82.0	5.7	8.2	
22.9	96.7	15.5	0.8	
10.6	84.4	13.1	8.2	
18.0	74.6	18.0	18.0	
5.7	62.3	15.5	-1.7	
5.7	35.2	5.7	-9.1	
10.6	13.1	0.8	3.2	
8.2	8.2	8.2	37.7	
0.8	13.1	13.1	35.2	
3.2	18.0	10.6	22.9	
20.5	30.3	3.2	8.2	
22.9	45.1	5.7	-33.7	
20.5	82.0	-6.6	0.8	
22.9	99.2	-1.7	8.2	
27.8	59.8	-4.1	8.2	
32.8	37.7	13.1	20.5	
20.5	20.5	3.2	13.1	
20.5	-23.8	5.7	5.7	
30.3	-33.7	5.7	10.6	
25.4	-43.5	5.7	-16.4	
30.3	-6.6	18.0	5.7	
22.9	22.9	15.5	5.7	
3.2	52.4	13.1	5.7	
8.2	64.7	15.5	13.1	
15.5	32.8	22.9	18.0	
20.5	3.2	13.1	5.7	
30.3	5.7	13.1	25.4	
27.8	27.8	13.1	22.9	
27.8	32.8	13.1	15.5	
27.8	42.6	13.1	5.7	
18.0	30.3	8.2	-4.1	
25.4	30.3	18.0	-1.7	
25.4	22.9	5.7	-16.4	
22.9	32.8	0.8	-4.1	
27.8	15.5	-4.1	-6.6	
30.3	25.4	3.2	0.8	
27.8	25.4	8.2	3.2	
32.8	18.0	13.1	18.0	
25.4	35.2	13.1	35.2	
25.4	27.8	8.2	13.1	
32.8	15.5	0.8	-4.1	
32.8	5.7	-4.1	-16.4	
32.8	18.0	0.8	5.7	
27.8	10.6	13.1	37.7	
27.8	-21.4	13.1	42.6	
30.3	-18.9	3.2	8.2	
15.5	-21.4	0.8	-1.7	
15.5	-11.5	3.2	3.2	
3.2	-14.0	0.8	0.8	
5.7	13.1	-4.1	3.2	
18.0	32.8	-11.5	5.7	
15.5	22.9	-1.7	13.1	
20.5	-11.5	-4.1	5.7	
13.1	-28.7	-9.1	13.1	
13.1	-43.5	-1.7	13.1	
18.0	-28.7	-6.6	5.7	
8.2	8.2	-1.7	0.8	
13.1	67.2	13.1	-14.0	
18.0	64.7	18.0	-9.1	
18.0	74.6	13.1	-1.7	
22.9	47.5	13.1	0.8	
20.5	42.6	-1.7	13.1	
27.8	62.3	-1.7	8.2	
25.4	128.7	-1.7	-11.5	
32.8	133.6	0.8	0.8	
40.1	143.5	0.8	10.6	
35.2	180.4	3.2	20.5	
45.1	126.2	3.2	25.4	
37.7	79.5	-4.1	20.5	
30.3	113.9	-4.1	35.2	
45.1	96.7	-4.1	5.7	
50.0	101.6	3.2	-9.1	
35.2	64.7	-4.1	-4.1	
37.7	84.4	-4.1	5.7	
37.7	116.4	3.2	-1.7	
27.8	47.5	3.2	25.4	
25.4	52.4	5.7	27.8	
18.0	57.4	3.2	15.5	
22.9	77.0	3.2	15.5	
27.8	69.7	0.8	-1.7	
25.4	72.1	5.7	-33.7	
25.4	13.1	5.7	-4.1	
30.3	30.3	0.8	20.5	
27.8	52.4	-6.6	45.1	
15.5	42.6	3.2	25.4	
30.3	82.0	5.7	-1.7	
25.4	57.4	-4.1	3.2	
22.9	15.5	-6.6	18.0	
22.9	-18.9	3.2	13.1	
30.3	-16.4	-6.6	5.7	
25.4	30.3	-1.7	5.7	
25.4	8.2	-4.1	0.8	
35.2	3.2	-11.5	18.0	
32.8	13.1	8.2	8.2	
30.3	40.1	10.6	5.7	
22.9	32.8	-4.1	15.5	
27.8	-18.9	-1.7	15.5	
27.8	-60.7	0.8	3.2	
30.3	-53.3	0.8	27.8	
30.3	-38.6	0.8	27.8	
32.8	-73.0	8.2	8.2	
27.8	-70.6	3.2	18.0	
35.2	-33.7	-11.5	25.4	
35.2	15.5	-4.1	0.8	
20.5	-6.6	-1.7	-9.1	
20.5	-60.7	3.2	-6.6	
25.4	3.2	3.2	-9.1	
20.5	10.6	-6.6	-6.6	
22.9	15.5	-4.1	0.8	
25.4	42.6	-11.5	-1.7	
20.5	50.0	-9.1	18.0	
25.4	50.0	-16.4	3.2	
32.8	35.2	-4.1	0.8	
32.8	5.7	0.8	3.2	
27.8	30.3	-16.4	18.0	
37.7	30.3	-31.2	27.8	
37.7	32.8	-16.4	5.7	
30.3	27.8	-16.4	-6.6	
35.2	22.9	-1.7	-6.6	
35.2	27.8	10.6	-4.1	
47.5	13.1	5.7	-6.6	
40.1	35.2	15.5	-11.5	
42.6	74.6	20.5	-1.7	
32.8	40.1	20.5	3.2	
42.6	25.4	20.5	3.2	
45.1	37.7	8.2	-11.5	
42.6	32.8	-1.7	35.2	
35.2	30.3	8.2	32.8	
45.1	40.1	3.2	8.2	
47.5	25.4	3.2	-6.6	
35.2	13.1	18.0	27.8	
32.8	72.1	20.5	18.0	
35.2	99.2	5.7	15.5	
25.4	64.7	0.8	18.0	
27.8	40.1	5.7	13.1	
20.5	57.4	-6.6	13.1	
25.4	37.7	-1.7	32.8	
37.7	40.1	5.7	13.1	
35.2	8.2	-6.6	30.3	
32.8	-41.0	3.2	10.6	
32.8	0.8	-14.0	0.8	
27.8	-9.1	-6.6	-1.7	
40.1	13.1	-1.7	-1.7	
32.8	54.9	5.7	-16.4	
30.3	42.6	3.2	-9.1	
35.2	25.4	5.7	-6.6	
30.3	27.8	3.2	3.2	
35.2	5.7	8.2	20.5	
35.2	13.1	5.7	-6.6	
37.7	47.5	10.6	-11.5	
37.7	62.3	0.8	22.9	
27.8	25.4	-1.7	20.5	
40.1	45.1	-4.1	10.6	
32.8	40.1	15.5	15.5	
30.3	45.1	3.2	25.4	
30.3	42.6	5.7	8.2	
27.8	67.2	-1.7	-1.7	
40.1	57.4	3.2	3.2	
35.2	67.2	0.8	-1.7	
35.2	-9.1	5.7	-16.4	
35.2	-11.5	-4.1	-9.1	
35.2	-26.3	3.2	0.8	
35.2	3.2	0.8	-4.1	
40.1	-16.4	3.2	15.5	
37.7	-21.4	20.5	25.4	
50.0	15.5	8.2	8.2	
40.1	-11.5	0.8	-6.6	
35.2	-23.8	0.8	0.8	
32.8	30.3	3.2	10.6	
30.3	40.1	3.2	25.4	
45.1	59.8	15.5	37.7	
42.6	64.7	13.1	5.7	
45.1	86.9	8.2	-6.6	
40.1	57.4	13.1	-21.4	
27.8	59.8	18.0	-11.5	
27.8	32.8	18.0	8.2	
30.3	5.7	20.5	15.5	
35.2	32.8	20.5	32.8	
37.7	20.5	18.0	27.8	
30.3	42.6	20.5	32.8	
40.1	52.4	10.6	20.5	
35.2	40.1	22.9	0.8	
37.7	-9.1	18.0	-1.7	
25.4	-4.1	10.6	-4.1	
27.8	20.5	10.6	0.8	
22.9	67.2	5.7	-9.1	
32.8	62.3	-1.7	-11.5	
32.8	59.8	13.1	-9.1	
30.3	45.1	18.0	-16.4	
35.2	50.0	18.0	-18.9	
30.3	57.4	8.2	-4.1	
35.2	50.0	-1.7	27.8	
30.3	-33.7	5.7	37.7	
42.6	-28.7	8.2	27.8	
32.8	25.4	8.2	22.9	
37.7	67.2	10.6	-21.4	
42.6	30.3	8.2	-6.6	
47.5	40.1	5.7	-1.7	
47.5	47.5	10.6	20.5	
45.1	52.4	5.7	5.7	
57.4	18.0	8.2	8.2	
42.6	32.8	8.2	15.5	
52.4	32.8	8.2	5.7	
52.4	27.8	8.2	5.7	
69.7	3.2	0.8	3.2	
57.4	5.7	3.2	-1.7	
59.8	15.5	-1.7	-18.9	
59.8	37.7	-1.7	10.6	
57.4	35.2	8.2	27.8	
50.0	47.5	3.2	10.6	
62.3	40.1	-4.1	8.2	
57.4	42.6	10.6	3.2	
52.4	57.4	8.2	5.7	
54.9	40.1	3.2	3.2	
47.5	62.3	-1.7	-6.6	
52.4	35.2	-1.7	18.0	
50.0	18.0	10.6	0.8	
45.1	45.1	3.2	3.2	
52.4	57.4	-1.7	25.4	
42.6	30.3	0.8	20.5	
42.6	-21.4	3.2	15.5	
37.7	25.4	8.2	0.8	
40.1	62.3	-4.1	-18.9	
30.3	52.4	5.7	-16.4	
35.2	0.8	-4.1	3.2	
35.2	-9.1	13.1	15.5	
37.7	-31.2	10.6	-1.7	
50.0	-18.9	5.7	-9.1	
40.1	-1.7	8.2	18.0	
37.7	40.1	3.2	18.0	
42.6	59.8	13.1	27.8	
47.5	40.1	3.2	18.0	
59.8	32.8	0.8	5.7	
47.5	25.4	3.2	-6.6	
42.6	27.8	5.7	-18.9	
40.1	82.0	-4.1	-11.5	
42.6	86.9	5.7	20.5	
32.8	52.4	8.2	0.8	
37.7	40.1	0.8	0.8	
40.1	42.6	3.2	10.6	
35.2	57.4	5.7	18.0	
35.2	45.1	-6.6	0.8	
32.8	52.4	-4.1	0.8	
40.1	74.6	-4.1	-1.7	
22.9	50.0	3.2	8.2	
22.9	15.5	3.2	5.7	
37.7	22.9	0.8	35.2	
22.9	0.8	0.8	18.0	
35.2	-9.1	0.8	0.8	
47.5	-9.1	5.7	-14.0	
45.1	18.0	8.2	-14.0	
47.5	27.8	15.5	-11.5	
37.7	13.1	13.1	-14.0	
30.3	8.2	10.6	-6.6	
32.8	15.5	0.8	-11.5	
20.5	22.9	-1.7	-1.7	
15.5	30.3	3.2	15.5	
25.4	25.4	5.7	13.1	
20.5	40.1	0.8	8.2	
35.2	82.0	5.7	0.8	
25.4	50.0	20.5	3.2	
27.8	30.3	15.5	5.7	
40.1	37.7	3.2	-1.7	
40.1	40.1	5.7	3.2	
27.8	42.6	13.1	18.0	
30.3	25.4	10.6	13.1	
30.3	18.0	5.7	3.2	
22.9	37.7	8.2	-16.4	
32.8	42.6	15.5	-11.5	
20.5	47.5	15.5	-1.7	
18.0	57.4	3.2	10.6	
25.4	22.9	-1.7	0.8	
35.2	10.6	0.8	-14.0	
40.1	20.5	5.7	8.2	
30.3	30.3	15.5	5.7	
35.2	10.6	8.2	8.2	
35.2	13.1	10.6	-4.1	
25.4	22.9	10.6	0.8	
20.5	-4.1	8.2	22.9	
25.4	-31.2	5.7	30.3	
8.2	-23.8	8.2	18.0	
22.9	-11.5	13.1	-9.1	
35.2	5.7	15.5	0.8	
35.2	8.2	15.5	0.8	
27.8	37.7	15.5	-1.7	
37.7	27.8	10.6	-11.5	
30.3	35.2	3.2	0.8	
35.2	35.2	3.2	10.6	
25.4	40.1	-1.7	15.5	
22.9	32.8	13.1	3.2	
25.4	18.0	15.5	-1.7	
25.4	40.1	15.5	5.7	
32.8	45.1	15.5	13.1	
32.8	40.1	18.0	13.1	
30.3	40.1	5.7	25.4	
42.6	35.2	8.2	8.2	
27.8	54.9	5.7	-11.5	
32.8	40.1	8.2	27.8	
32.8	22.9	-1.7	27.8	
30.3	57.4	8.2	0.8	
35.2	64.7	10.6	-9.1	
20.5	54.9	10.6	5.7	
32.8	52.4	13.1	20.5	
30.3	8.2	18.0	25.4	
25.4	-1.7	18.0	8.2	
37.7	13.1	10.6	0.8	
42.6	25.4	5.7	18.0	
37.7	8.2	10.6	25.4	
30.3	-11.5	13.1	18.0	
42.6	-11.5	8.2	13.1	
32.8	-1.7	8.2	-4.1	
30.3	25.4	8.2	-23.8	
32.8	30.3	5.7	8.2	
27.8	32.8	10.6	8.2	
22.9	32.8	8.2	-4.1	
35.2	25.4	-4.1	-1.7	
32.8	84.4	0.8	0.8	
27.8	96.7	3.2	-1.7	
42.6	82.0	5.7	3.2	
32.8	94.3	-1.7	-1.7	
35.2	52.4	0.8	-1.7	
32.8	42.6	-1.7	3.2	
32.8	50.0	5.7	13.1	
25.4	59.8	8.2	22.9	
25.4	74.6	13.1	8.2	
35.2	69.7	15.5	-4.1	
32.8	-4.1	22.9	-9.1	
30.3	-41.0	3.2	0.8	
27.8	5.7	15.5	15.5	
35.2	37.7	3.2	50.0	
35.2	35.2	8.2	18.0	
37.7	8.2	0.8	0.8	
37.7	-4.1	10.6	-1.7	
50.0	-21.4	0.8	5.7	
35.2	5.7	5.7	8.2	
27.8	27.8	15.5	20.5	
37.7	42.6	15.5	22.9	
45.1	74.6	0.8	15.5	
40.1	67.2	13.1	-6.6	
35.2	42.6	15.5	-16.4	
37.7	50.0	13.1	-4.1	
35.2	52.4	0.8	18.0	
40.1	47.5	8.2	3.2	
42.6	30.3	-6.6	0.8	
32.8	42.6	15.5	8.2	
30.3	32.8	15.5	8.2	
37.7	47.5	18.0	5.7	
52.4	86.9	22.9	-26.3	
37.7	74.6	15.5	-26.3	
50.0	45.1	13.1	-18.9	
54.9	37.7	8.2	22.9	
52.4	59.8	3.2	30.3	
45.1	25.4	8.2	27.8	
45.1	5.7	-1.7	13.1	
47.5	-9.1	5.7	0.8	
32.8	-28.7	3.2	22.9	
42.6	0.8	-1.7	3.2	
47.5	35.2	0.8	-1.7	
52.4	32.8	13.1	22.9	
64.7	0.8	5.7	15.5	
62.3	-18.9	3.2	0.8	
67.2	-1.7	0.8	5.7	
62.3	62.3	5.7	-1.7	
77.0	77.0	-1.7	-14.0	
69.7	72.1	5.7	5.7	
67.2	54.9	-4.1	25.4	
57.4	59.8	20.5	25.4	
59.8	91.8	5.7	3.2	
64.7	74.6	3.2	-4.1	
59.8	52.4	10.6	25.4	
57.4	25.4	0.8	15.5	
50.0	45.1	-4.1	35.2	
52.4	37.7	3.2	35.2	
57.4	27.8	3.2	0.8	
57.4	0.8	8.2	3.2	
57.4	3.2	8.2	-6.6	
47.5	8.2	3.2	-16.4	
47.5	-1.7	13.1	0.8	
40.1	10.6	8.2	-6.6	
69.7	8.2	5.7	-9.1	
59.8	54.9	-14.0	-4.1	
54.9	62.3	8.2	-4.1	
64.7	42.6	5.7	-1.7	
59.8	37.7	3.2	15.5	
57.4	22.9	8.2	3.2	
54.9	40.1	0.8	5.7	
62.3	35.2	8.2	-1.7	
50.0	45.1	5.7	-16.4	
47.5	32.8	5.7	-9.1	
54.9	15.5	5.7	-9.1	
67.2	25.4	-1.7	-14.0	
57.4	47.5	5.7	15.5	
47.5	59.8	10.6	20.5	
52.4	52.4	8.2	15.5	
52.4	18.0	-1.7	-6.6	
54.9	20.5	-6.6	-1.7	
57.4	47.5	-1.7	15.5	
57.4	57.4	8.2	25.4	
50.0	45.1	3.2	18.0	
57.4	42.6	10.6	-1.7	
54.9	37.7	3.2	3.2	
42.6	30.3	8.2	10.6	
32.8	25.4	10.6	0.8	
52.4	22.9	3.2	-11.5	
47.5	47.5	10.6	5.7	
42.6	57.4	10.6	13.1	
37.7	67.2	3.2	3.2	
30.3	57.4	10.6	0.8	
35.2	45.1	8.2	10.6	
35.2	-4.1	5.7	5.7	
32.8	-48.4	-4.1	3.2	
37.7	-9.1	3.2	18.0	
25.4	13.1	3.2	20.5	
35.2	32.8	-1.7	3.2	
25.4	45.1	5.7	-1.7	
32.8	37.7	-14.0	8.2	
37.7	42.6	-4.1	0.8	
47.5	22.9	5.7	5.7	
40.1	22.9	13.1	0.8	
40.1	27.8	13.1	-14.0	
37.7	69.7	15.5	5.7	
40.1	37.7	13.1	15.5	
37.7	15.5	8.2	37.7	
37.7	-1.7	5.7	27.8	
47.5	18.0	-6.6	-9.1	
47.5	30.3	5.7	-1.7	
42.6	32.8	5.7	8.2	
47.5	37.7	13.1	-1.7	
54.9	42.6	22.9	5.7	
52.4	18.0	8.2	-4.1	
45.1	8.2	3.2	-1.7	
42.6	5.7	8.2	3.2	
42.6	30.3	-6.6	0.8	
37.7	35.2	5.7	-11.5	
37.7	59.8	0.8	5.7	
27.8	77.0	-1.7	20.5	
42.6	42.6	5.7	15.5	
32.8	50.0	10.6	5.7	
35.2	62.3	8.2	10.6	
45.1	59.8	10.6	-1.7	
42.6	54.9	5.7	-1.7	
47.5	45.1	0.8	-11.5	
52.4	69.7	0.8	0.8	
37.7	27.8	3.2	18.0	
35.2	-14.0	3.2	20.5	
45.1	5.7	8.2	22.9	
37.7	50.0	18.0	-9.1	
42.6	54.9	13.1	-16.4	
42.6	45.1	8.2	-6.6	
37.7	47.5	-1.7	5.7	
25.4	-9.1	-6.6	10.6	
35.2	-14.0	-1.7	-6.6	
37.7	3.2	-4.1	5.7	
35.2	-4.1	3.2	15.5	
40.1	-21.4	13.1	3.2	
42.6	-9.1	5.7	10.6	
32.8	45.1	0.8	8.2	
37.7	72.1	0.8	13.1	
37.7	32.8	8.2	15.5	
37.7	18.0	15.5	5.7	
30.3	35.2	15.5	-6.6	
22.9	42.6	8.2	-6.6	
25.4	35.2	5.7	-28.7	
22.9	10.6	0.8	-28.7	
22.9	18.0	5.7	-9.1	
27.8	32.8	5.7	8.2	
32.8	37.7	18.0	27.8	
32.8	13.1	10.6	27.8	
27.8	52.4	5.7	8.2	
20.5	52.4	-4.1	3.2	
35.2	57.4	-1.7	27.8	
35.2	54.9	13.1	10.6	
40.1	52.4	8.2	3.2	
30.3	45.1	8.2	15.5	
32.8	54.9	5.7	-4.1	
27.8	-6.6	0.8	22.9	
27.8	-11.5	-1.7	-1.7	
32.8	-1.7	8.2	3.2	
22.9	-14.0	10.6	15.5	
22.9	8.2	-1.7	22.9	
25.4	40.1	-1.7	15.5	
27.8	62.3	3.2	18.0	
42.6	59.8	0.8	-1.7	
32.8	47.5	3.2	5.7	
22.9	32.8	10.6	0.8	
30.3	22.9	-4.1	-16.4	
30.3	13.1	-1.7	-9.1	
27.8	54.9	13.1	5.7	
27.8	54.9	18.0	20.5	
20.5	40.1	13.1	30.3	
15.5	79.5	3.2	20.5	
27.8	62.3	3.2	-4.1	
40.1	67.2	-9.1	8.2	
20.5	67.2	8.2	22.9	
27.8	52.4	-4.1	15.5	
22.9	35.2	13.1	5.7	
15.5	-26.3	20.5	-28.7	
25.4	-18.9	3.2	-14.0	
40.1	5.7	5.7	-6.6	
40.1	20.5	3.2	13.1	
30.3	72.1	-9.1	27.8	
32.8	82.0	8.2	62.3	
37.7	64.7	-6.6	25.4	
15.5	50.0	5.7	-1.7	
15.5	32.8	3.2	-6.6	
8.2	37.7	0.8	0.8	
3.2	20.5	5.7	5.7	
13.1	10.6	-1.7	-4.1	
8.2	25.4	3.2	5.7	
15.5	13.1	-1.7	-4.1	
20.5	22.9	-1.7	0.8	
20.5	37.7	-6.6	-4.1	
27.8	27.8	-6.6	27.8	
22.9	42.6	15.5	15.5	
18.0	32.8	18.0	-6.6	
20.5	42.6	15.5	-1.7	
15.5	32.8	3.2	0.8	
22.9	37.7	0.8	0.8	
8.2	30.3	-4.1	-1.7	
13.1	30.3	8.2	-1.7	
22.9	54.9	-1.7	15.5	
30.3	59.8	3.2	27.8	
25.4	30.3	3.2	0.8	
15.5	37.7	5.7	40.1	
32.8	27.8	5.7	18.0	
35.2	8.2	0.8	-1.7	
25.4	18.0	13.1	-6.6	
30.3	40.1	15.5	8.2	
30.3	27.8	8.2	-9.1	
20.5	10.6	3.2	-1.7	
20.5	22.9	3.2	-4.1	
20.5	54.9	-1.7	-16.4	
18.0	67.2	5.7	3.2	
20.5	52.4	0.8	0.8	
18.0	42.6	-1.7	3.2	
18.0	40.1	13.1	3.2	
22.9	15.5	15.5	18.0	
22.9	8.2	18.0	20.5	
22.9	10.6	18.0	25.4	
35.2	25.4	18.0	10.6	
40.1	32.8	3.2	-18.9	
25.4	35.2	8.2	-23.8	
25.4	50.0	5.7	-9.1	
25.4	50.0	0.8	-1.7	
15.5	35.2	3.2	-1.7	
20.5	45.1	-4.1	8.2	
20.5	59.8	5.7	15.5	
27.8	72.1	-1.7	15.5	
27.8	91.8	8.2	15.5	
22.9	84.4	3.2	22.9	
37.7	57.4	3.2	5.7	
15.5	25.4	3.2	3.2	
20.5	15.5	5.7	22.9	
27.8	27.8	5.7	30.3	
25.4	8.2	-1.7	18.0	
22.9	20.5	0.8	15.5	
18.0	-4.1	8.2	-1.7	
35.2	-77.9	3.2	-26.3	
20.5	-55.8	5.7	-16.4	
35.2	-43.5	5.7	-14.0	
22.9	-21.4	-1.7	-1.7	
10.6	-4.1	8.2	-14.0	
22.9	27.8	10.6	-1.7	
18.0	57.4	3.2	22.9	
20.5	42.6	3.2	42.6	
22.9	42.6	3.2	30.3	
25.4	54.9	13.1	13.1	
27.8	45.1	18.0	25.4	
40.1	47.5	8.2	27.8	
18.0	54.9	8.2	3.2	
32.8	32.8	5.7	3.2	
47.5	32.8	5.7	-4.1	
35.2	40.1	8.2	-6.6	
42.6	15.5	5.7	0.8	
35.2	22.9	10.6	-6.6	
40.1	62.3	5.7	5.7	
37.7	104.1	5.7	0.8	
45.1	109.0	8.2	13.1	
32.8	79.5	0.8	15.5	
32.8	89.3	5.7	0.8	
35.2	69.7	-4.1	10.6	
45.1	27.8	3.2	-6.6	
32.8	-53.3	8.2	-1.7	
40.1	-65.6	-1.7	10.6	
35.2	-21.4	-6.6	15.5	
27.8	13.1	0.8	-9.1	
30.3	22.9	3.2	5.7	
27.8	22.9	-4.1	5.7	
37.7	42.6	5.7	-4.1	
18.0	37.7	3.2	5.7	
27.8	30.3	5.7	5.7	
10.6	45.1	0.8	5.7	
18.0	54.9	3.2	-4.1	
37.7	20.5	5.7	10.6	
37.7	8.2	15.5	0.8	
27.8	10.6	10.6	5.7	
45.1	-23.8	-6.6	-1.7	
22.9	-23.8	3.2	22.9	
32.8	20.5	3.2	20.5	
27.8	42.6	-4.1	3.2	
32.8	82.0	3.2	0.8	
32.8	64.7	8.2	-4.1	
27.8	52.4	5.7	10.6	
32.8	54.9	-1.7	-4.1	
30.3	47.5	0.8	-6.6	
25.4	20.5	-1.7	0.8	
37.7	-38.6	8.2	15.5	
27.8	-14.0	-1.7	15.5	
25.4	10.6	-1.7	18.0	
30.3	62.3	-9.1	30.3	
25.4	62.3	3.2	3.2	
35.2	69.7	3.2	-23.8	
22.9	59.8	-4.1	-18.9	
22.9	40.1	3.2	-26.3	
32.8	3.2	3.2	22.9	
22.9	15.5	0.8	27.8	
37.7	45.1	-1.7	5.7	
37.7	54.9	5.7	-1.7	
37.7	22.9	-1.7	3.2	
27.8	10.6	10.6	13.1	
27.8	8.2	5.7	25.4	
20.5	-4.1	5.7	20.5	
8.2	5.7	8.2	30.3	
10.6	40.1	10.6	18.0	
0.8	72.1	-1.7	-1.7	
-6.6	84.4	-1.7	-4.1	
18.0	101.6	13.1	-4.1	
25.4	37.7	5.7	-6.6	
30.3	-16.4	-1.7	0.8	
27.8	20.5	10.6	-1.7	
22.9	62.3	0.8	8.2	
27.8	59.8	0.8	13.1	
22.9	32.8	5.7	18.0	
25.4	30.3	-4.1	18.0	
13.1	32.8	-1.7	8.2	
18.0	57.4	-4.1	15.5	
25.4	54.9	8.2	8.2	
27.8	64.7	8.2	-1.7	
40.1	30.3	8.2	8.2	
40.1	15.5	8.2	8.2	
37.7	40.1	0.8	-1.7	
37.7	40.1	5.7	-4.1	
25.4	47.5	5.7	0.8	
25.4	54.9	5.7	13.1	
32.8	45.1	0.8	8.2	
30.3	0.8	-1.7	0.8	
40.1	-11.5	8.2	5.7	
40.1	3.2	-4.1	3.2	
32.8	27.8	5.7	-6.6	
45.1	37.7	0.8	-21.4	
45.1	30.3	-1.7	-14.0	
22.9	50.0	10.6	5.7	
30.3	40.1	3.2	5.7	
27.8	32.8	3.2	3.2	
18.0	37.7	8.2	-6.6	
20.5	30.3	3.2	13.1	
10.6	22.9	13.1	5.7	
18.0	37.7	10.6	-21.4	
22.9	35.2	8.2	-23.8	
30.3	25.4	-4.1	3.2	
35.2	52.4	3.2	-1.7	
40.1	52.4	5.7	8.2	
37.7	27.8	5.7	-4.1	
30.3	18.0	0.8	20.5	
37.7	10.6	0.8	22.9	
42.6	13.1	8.2	15.5	
30.3	52.4	-4.1	18.0	
37.7	54.9	8.2	5.7	
32.8	37.7	8.2	-9.1	
45.1	32.8	3.2	-1.7	
37.7	25.4	0.8	8.2	
32.8	27.8	15.5	5.7	
40.1	30.3	0.8	5.7	
32.8	37.7	10.6	5.7	
30.3	27.8	3.2	-1.7	
15.5	25.4	-1.7	15.5	
22.9	32.8	18.0	20.5	
32.8	27.8	0.8	3.2	
18.0	32.8	-1.7	-14.0	
25.4	22.9	3.2	-4.1	
27.8	27.8	-4.1	-14.0	
27.8	27.8	3.2	0.8	
37.7	20.5	-9.1	13.1	
32.8	27.8	3.2	20.5	
32.8	25.4	-6.6	25.4	
25.4	25.4	3.2	8.2	
22.9	37.7	8.2	-4.1	
37.7	32.8	8.2	-11.5	
18.0	22.9	0.8	-1.7	
22.9	22.9	3.2	3.2	
20.5	27.8	3.2	8.2	
32.8	22.9	3.2	10.6	
22.9	27.8	-1.7	20.5	
32.8	72.1	-1.7	8.2	
30.3	79.5	-6.6	-14.0	
22.9	67.2	3.2	15.5	
27.8	59.8	15.5	25.4	
30.3	54.9	3.2	8.2	
18.0	47.5	8.2	-6.6	
25.4	54.9	20.5	5.7	
32.8	47.5	5.7	3.2	
13.1	40.1	5.7	5.7	
22.9	42.6	3.2	-1.7	
35.2	45.1	-1.7	32.8	
32.8	47.5	-4.1	5.7	
22.9	32.8	3.2	3.2	
15.5	35.2	8.2	18.0	
25.4	18.0	-6.6	3.2	
27.8	42.6	-9.1	-14.0	
22.9	52.4	5.7	22.9	
37.7	8.2	3.2	35.2	
27.8	-36.1	0.8	-6.6	
20.5	0.8	18.0	-9.1	
18.0	-18.9	3.2	-1.7	
22.9	32.8	3.2	-6.6	
22.9	64.7	-1.7	5.7	
10.6	25.4	-1.7	-14.0	
15.5	13.1	10.6	-1.7	
18.0	37.7	8.2	8.2	
20.5	37.7	5.7	-1.7	
18.0	42.6	3.2	-4.1	
15.5	52.4	10.6	-6.6	
25.4	45.1	5.7	0.8	
25.4	37.7	-1.7	5.7	
32.8	40.1	5.7	13.1	
30.3	30.3	0.8	18.0	
37.7	32.8	5.7	40.1	
37.7	42.6	10.6	25.4	
37.7	52.4	0.8	13.1	
30.3	54.9	5.7	8.2	
27.8	52.4	3.2	-14.0	
25.4	30.3	8.2	-4.1	
27.8	0.8	8.2	-1.7	
20.5	25.4	15.5	3.2	
20.5	20.5	-1.7	0.8	
27.8	3.2	5.7	25.4	
30.3	-53.3	0.8	13.1	
18.0	5.7	8.2	-1.7	
25.4	52.4	5.7	3.2	
30.3	50.0	5.7	5.7	
22.9	22.9	-6.6	3.2	
13.1	45.1	5.7	-11.5	
30.3	30.3	5.7	8.2	
25.4	20.5	8.2	13.1	
30.3	0.8	15.5	5.7	
22.9	-48.4	5.7	0.8	
-1.7	-53.3	3.2	3.2	
-9.1	-38.6	8.2	5.7	
-16.4	-55.8	15.5	-1.7	
-4.1	-11.5	5.7	-9.1	
-16.4	-14.0	-11.5	-4.1	
-1.7	-28.7	-4.1	-9.1	
0.8	-50.9	3.2	-1.7	
-4.1	5.7	0.8	-4.1	
18.0	35.2	-6.6	0.8	
18.0	42.6	-9.1	-6.6	
20.5	67.2	3.2	0.8	
18.0	52.4	-1.7	32.8	
18.0	77.0	-9.1	15.5	
18.0	91.8	3.2	-1.7	
27.8	111.5	5.7	3.2	
35.2	32.8	0.8	8.2	
32.8	59.8	0.8	3.2	
25.4	86.9	13.1	-9.1	
37.7	96.7	0.8	-1.7	
37.7	64.7	5.7	0.8	
40.1	101.6	-4.1	22.9	
45.1	104.1	5.7	18.0	
52.4	123.8	0.8	10.6	
52.4	118.9	0.8	15.5	
40.1	111.5	-1.7	-1.7	
42.6	121.3	8.2	-1.7	
35.2	123.8	3.2	5.7	
42.6	123.8	15.5	-1.7	
30.3	84.4	5.7	0.8	
45.1	64.7	3.2	-9.1	
32.8	50.0	5.7	5.7	
35.2	67.2	8.2	27.8	
27.8	106.6	15.5	13.1	
40.1	82.0	8.2	18.0	
20.5	54.9	-6.6	8.2	
30.3	27.8	0.8	5.7	
32.8	27.8	5.7	3.2	
22.9	27.8	0.8	10.6	
25.4	-16.4	-6.6	-4.1	
20.5	-33.7	15.5	3.2	
25.4	-46.0	8.2	-11.5	
20.5	-16.4	0.8	15.5	
15.5	-16.4	-1.7	15.5	
22.9	0.8	-9.1	25.4	
15.5	22.9	8.2	15.5	
18.0	8.2	5.7	8.2	
25.4	-33.7	8.2	-1.7	
10.6	-36.1	5.7	-23.8	
20.5	-26.3	5.7	-6.6	
20.5	-23.8	-4.1	-4.1	
15.5	18.0	3.2	-9.1	
22.9	30.3	-6.6	5.7	
37.7	45.1	-1.7	15.5	
40.1	45.1	8.2	18.0	
30.3	0.8	-4.1	27.8	
27.8	-11.5	-1.7	18.0	
35.2	18.0	-1.7	10.6	
32.8	18.0	-1.7	-6.6	
32.8	15.5	-1.7	-9.1	
32.8	10.6	15.5	-21.4	
25.4	18.0	8.2	-1.7	
22.9	15.5	5.7	-4.1	
25.4	18.0	3.2	-1.7	
22.9	40.1	18.0	-1.7	
18.0	40.1	10.6	13.1	
18.0	50.0	0.8	0.8	
22.9	67.2	8.2	-4.1	
30.3	57.4	0.8	0.8	
37.7	52.4	8.2	-4.1	
18.0	42.6	10.6	5.7	
22.9	40.1	-4.1	27.8	
20.5	27.8	0.8	20.5	
22.9	42.6	0.8	13.1	
30.3	15.5	0.8	13.1	
22.9	-38.6	0.8	13.1	
22.9	-1.7	3.2	20.5	
18.0	20.5	3.2	20.5	
27.8	32.8	-6.6	27.8	
8.2	20.5	3.2	27.8	
13.1	22.9	5.7	10.6	
22.9	37.7	0.8	0.8	
25.4	25.4	3.2	-16.4	
30.3	64.7	0.8	-16.4	
27.8	64.7	3.2	-4.1	
35.2	57.4	5.7	8.2	
27.8	25.4	5.7	3.2	
35.2	-4.1	-6.6	20.5	
32.8	-9.1	5.7	10.6	
18.0	5.7	5.7	0.8	
15.5	10.6	3.2	-1.7	
27.8	27.8	-6.6	10.6	
20.5	25.4	5.7	3.2	
30.3	18.0	0.8	-4.1	
25.4	50.0	8.2	-14.0	
35.2	37.7	8.2	0.8	
27.8	62.3	5.7	-4.1	
35.2	32.8	-1.7	-18.9	
25.4	42.6	0.8	0.8	
35.2	35.2	-1.7	10.6	
37.7	37.7	10.6	-1.7	
35.2	25.4	3.2	10.6	
30.3	22.9	3.2	18.0	
22.9	27.8	-1.7	15.5	
32.8	40.1	8.2	15.5	
25.4	62.3	5.7	-16.4	
27.8	40.1	10.6	-11.5	
22.9	47.5	8.2	-9.1	
27.8	40.1	3.2	27.8	
37.7	20.5	3.2	30.3	
30.3	3.2	8.2	0.8	
22.9	18.0	8.2	-6.6	
27.8	35.2	8.2	-9.1	
30.3	35.2	8.2	8.2	
35.2	30.3	8.2	-1.7	
40.1	25.4	5.7	5.7	
40.1	27.8	8.2	5.7	
25.4	20.5	-9.1	15.5	
20.5	20.5	10.6	8.2	
25.4	32.8	-4.1	3.2	
32.8	50.0	-1.7	-4.1	
18.0	54.9	5.7	-9.1	
35.2	-18.9	3.2	-9.1	
32.8	-6.6	-6.6	-4.1	
30.3	18.0	5.7	8.2	
30.3	37.7	3.2	0.8	
35.2	52.4	-1.7	5.7	
27.8	89.3	8.2	8.2	
30.3	57.4	3.2	-1.7	
32.8	40.1	0.8	-9.1	
45.1	45.1	0.8	-11.5	
27.8	52.4	-9.1	-1.7	
27.8	37.7	0.8	-16.4	
25.4	10.6	18.0	20.5	
40.1	15.5	13.1	47.5	
37.7	-9.1	3.2	-9.1	
35.2	3.2	3.2	13.1	
37.7	15.5	0.8	5.7	
35.2	40.1	10.6	13.1	
37.7	64.7	13.1	10.6	
42.6	57.4	13.1	10.6	
42.6	42.6	8.2	13.1	
32.8	74.6	5.7	18.0	
30.3	45.1	-4.1	3.2	
35.2	22.9	-9.1	0.8	
37.7	40.1	0.8	-6.6	
42.6	15.5	3.2	-9.1	
27.8	-11.5	3.2	8.2	
35.2	5.7	3.2	15.5	
30.3	40.1	-1.7	22.9	
20.5	50.0	-11.5	5.7	
25.4	52.4	5.7	3.2	
27.8	40.1	3.2	-4.1	
30.3	42.6	-1.7	-1.7	
40.1	47.5	5.7	5.7	
35.2	67.2	5.7	18.0	
37.7	84.4	-1.7	22.9	
42.6	84.4	-1.7	0.8	
37.7	96.7	3.2	0.8	
40.1	77.0	3.2	0.8	
40.1	74.6	3.2	-4.1	
37.7	35.2	10.6	3.2	
30.3	22.9	13.1	0.8	
22.9	25.4	5.7	18.0	
30.3	22.9	10.6	8.2	
20.5	-31.2	0.8	10.6	
30.3	-65.6	3.2	3.2	
27.8	-58.3	18.0	15.5	
30.3	-21.4	18.0	15.5	
37.7	10.6	10.6	0.8	
35.2	37.7	-4.1	3.2	
30.3	50.0	-4.1	0.8	
52.4	30.3	5.7	5.7	
47.5	40.1	0.8	8.2	
52.4	32.8	-4.1	5.7	
52.4	64.7	5.7	-4.1	
79.5	59.8	-9.1	-4.1	
77.0	52.4	0.8	3.2	
72.1	-9.1	3.2	5.7	
91.8	-6.6	8.2	-1.7	
94.3	-6.6	-1.7	0.8	
143.5	-18.9	3.2	5.7	
163.1	-1.7	3.2	3.2	
177.9	20.5	3.2	0.8	
182.8	35.2	3.2	-4.1	
187.7	25.4	8.2	-1.7	
182.8	20.5	5.7	-6.6	
158.2	18.0	8.2	5.7	
160.7	18.0	-6.6	3.2	
150.8	42.6	10.6	8.2	
133.6	32.8	8.2	5.7	
131.2	32.8	15.5	13.1	
131.2	27.8	8.2	3.2	
136.1	30.3	10.6	0.8	
116.4	18.0	10.6	5.7	
123.8	25.4	15.5	-1.7	
118.9	37.7	5.7	5.7	
106.6	32.8	5.7	0.8	
106.6	37.7	15.5	0.8	
99.2	37.7	13.1	22.9	
94.3	35.2	8.2	-11.5	
84.4	37.7	3.2	3.2	
84.4	40.1	3.2	0.8	
77.0	45.1	0.8	15.5	
79.5	42.6	-4.1	20.5	
79.5	40.1	5.7	3.2	
79.5	35.2	-1.7	25.4	
67.2	37.7	0.8	10.6	
82.0	50.0	8.2	-1.7	
72.1	62.3	5.7	-11.5	
62.3	52.4	-4.1	-4.1	
72.1	47.5	0.8	5.7	
67.2	52.4	5.7	-1.7	
47.5	37.7	8.2	3.2	
45.1	40.1	3.2	8.2	
47.5	18.0	8.2	5.7	
54.9	8.2	3.2	0.8	
47.5	-1.7	5.7	-28.7	
54.9	3.2	-1.7	-21.4	
47.5	10.6	5.7	-6.6	
54.9	-28.7	3.2	15.5	
47.5	-21.4	5.7	37.7	
35.2	10.6	18.0	27.8	
42.6	30.3	20.5	27.8	
40.1	45.1	13.1	22.9	
50.0	47.5	10.6	-4.1	
45.1	40.1	5.7	5.7	
45.1	27.8	3.2	-6.6	
40.1	35.2	-1.7	0.8	
35.2	40.1	13.1	8.2	
40.1	40.1	10.6	3.2	
40.1	37.7	-4.1	-1.7	
37.7	27.8	-11.5	-6.6	
37.7	35.2	0.8	3.2	
32.8	50.0	5.7	15.5	
37.7	54.9	-4.1	13.1	
40.1	45.1	5.7	10.6	
42.6	30.3	-1.7	-1.7	
42.6	3.2	0.8	-6.6	
40.1	-1.7	5.7	8.2	
35.2	25.4	-4.1	3.2	
40.1	32.8	5.7	8.2	
45.1	37.7	5.7	-4.1	
35.2	47.5	5.7	5.7	
45.1	20.5	-4.1	8.2	
30.3	35.2	0.8	15.5	
40.1	30.3	3.2	25.4	
40.1	54.9	0.8	18.0	
40.1	67.2	5.7	8.2	
25.4	52.4	3.2	3.2	
27.8	22.9	10.6	15.5	
30.3	40.1	10.6	18.0	
40.1	37.7	10.6	8.2	
25.4	-1.7	0.8	-18.9	
35.2	-14.0	8.2	-23.8	
42.6	37.7	0.8	-6.6	
47.5	42.6	13.1	5.7	
54.9	57.4	10.6	25.4	
50.0	67.2	3.2	25.4	
42.6	111.5	0.8	15.5	
40.1	69.7	0.8	8.2	
37.7	64.7	5.7	5.7	
32.8	45.1	15.5	13.1	
25.4	-6.6	8.2	8.2	
20.5	-65.6	15.5	3.2	
5.7	-68.1	5.7	3.2	
13.1	-6.6	-1.7	15.5	
18.0	40.1	10.6	13.1	
20.5	50.0	5.7	15.5	
25.4	40.1	3.2	-4.1	
20.5	40.1	18.0	-9.1	
27.8	45.1	10.6	-4.1	
22.9	30.3	3.2	0.8	
27.8	13.1	-9.1	18.0	
22.9	45.1	-1.7	37.7	
15.5	40.1	0.8	-4.1	
22.9	50.0	3.2	-9.1	
30.3	40.1	-1.7	0.8	
22.9	42.6	5.7	-1.7	
30.3	37.7	3.2	5.7	
32.8	32.8	3.2	22.9	
32.8	37.7	3.2	35.2	
35.2	40.1	8.2	13.1	
35.2	52.4	5.7	13.1	
30.3	27.8	5.7	15.5	
27.8	40.1	5.7	10.6	
37.7	47.5	-4.1	3.2	
27.8	59.8	3.2	-1.7	
35.2	47.5	8.2	3.2	
25.4	47.5	3.2	-4.1	
32.8	45.1	5.7	-1.7	
25.4	15.5	10.6	0.8	
35.2	27.8	8.2	8.2	
22.9	37.7	-1.7	22.9	
22.9	25.4	8.2	20.5	
22.9	32.8	-1.7	-4.1	
25.4	42.6	5.7	-11.5	
25.4	42.6	-1.7	-9.1	
22.9	40.1	3.2	13.1	
35.2	45.1	8.2	54.9	
47.5	37.7	0.8	18.0	
35.2	45.1	5.7	-1.7	
40.1	57.4	0.8	10.6	
32.8	57.4	5.7	13.1	
32.8	42.6	8.2	13.1	
27.8	5.7	8.2	13.1	
37.7	25.4	5.7	8.2	
40.1	45.1	10.6	-6.6	
35.2	25.4	-1.7	0.8	
30.3	47.5	8.2	-4.1	
35.2	40.1	10.6	-6.6	
22.9	42.6	5.7	-1.7	
20.5	74.6	0.8	3.2	
13.1	77.0	10.6	8.2	
22.9	57.4	13.1	3.2	
35.2	37.7	-1.7	-4.1	
27.8	45.1	5.7	-4.1	
25.4	22.9	8.2	-21.4	
30.3	0.8	-4.1	3.2	
27.8	47.5	-4.1	35.2	
22.9	72.1	10.6	32.8	
20.5	5.7	3.2	-1.7	
27.8	15.5	0.8	-9.1	
35.2	25.4	8.2	0.8	
25.4	35.2	-4.1	3.2	
30.3	45.1	5.7	5.7	
22.9	10.6	0.8	18.0	
15.5	8.2	-6.6	8.2	
18.0	27.8	-4.1	-6.6	
18.0	25.4	-9.1	-4.1	
25.4	15.5	0.8	-9.1	
22.9	32.8	8.2	-9.1	
20.5	45.1	-1.7	-9.1	
20.5	37.7	8.2	0.8	
22.9	37.7	3.2	0.8	
25.4	47.5	10.6	0.8	
32.8	35.2	0.8	0.8	
32.8	32.8	-4.1	8.2	
18.0	18.0	3.2	18.0	
18.0	8.2	3.2	27.8	
18.0	30.3	13.1	3.2	
8.2	42.6	20.5	-4.1	
8.2	40.1	20.5	3.2	
15.5	20.5	5.7	27.8	
20.5	27.8	13.1	-4.1	
20.5	50.0	5.7	-21.4	
20.5	57.4	3.2	-11.5	
22.9	45.1	5.7	5.7	
18.0	40.1	13.1	8.2	
15.5	45.1	10.6	-1.7	
13.1	64.7	-1.7	-1.7	
18.0	59.8	15.5	5.7	
25.4	57.4	13.1	-4.1	
25.4	47.5	0.8	0.8	
25.4	57.4	0.8	25.4	
25.4	40.1	3.2	22.9	
15.5	27.8	-4.1	22.9	
22.9	15.5	-4.1	22.9	
25.4	-11.5	10.6	20.5	
27.8	-36.1	-1.7	8.2	
18.0	37.7	5.7	-14.0	
18.0	77.0	5.7	-6.6	
25.4	15.5	5.7	-6.6	
18.0	5.7	8.2	3.2	
8.2	13.1	8.2	0.8	
13.1	15.5	-1.7	5.7	
5.7	13.1	10.6	8.2	
0.8	15.5	3.2	-4.1	
10.6	25.4	10.6	-4.1	
13.1	27.8	8.2	3.2	
25.4	30.3	5.7	0.8	
35.2	50.0	-1.7	3.2	
37.7	42.6	-4.1	3.2	
22.9	42.6	-4.1	-1.7	
35.2	52.4	5.7	22.9	
35.2	62.3	5.7	20.5	
42.6	57.4	-4.1	0.8	
27.8	69.7	8.2	-28.7	
27.8	57.4	-6.6	-14.0	
37.7	59.8	-4.1	0.8	
47.5	59.8	-6.6	8.2	
50.0	18.0	-1.7	15.5	
40.1	45.1	3.2	47.5	
40.1	22.9	3.2	27.8	
37.7	13.1	-4.1	13.1	
42.6	5.7	8.2	-6.6	
47.5	40.1	3.2	-6.6	
40.1	35.2	-1.7	-9.1	
47.5	10.6	-1.7	-9.1	
52.4	25.4	8.2	8.2	
47.5	64.7	0.8	8.2	
47.5	40.1	8.2	22.9	
37.7	50.0	0.8	20.5	
40.1	62.3	0.8	0.8	
40.1	54.9	3.2	0.8	
35.2	30.3	3.2	-11.5	
22.9	37.7	-1.7	5.7	
13.1	35.2	5.7	3.2	
20.5	47.5	13.1	-9.1	
18.0	64.7	10.6	-9.1	
13.1	27.8	0.8	-9.1	
22.9	-1.7	5.7	5.7	
18.0	-6.6	3.2	0.8	
8.2	0.8	5.7	5.7	
20.5	13.1	0.8	0.8	
20.5	15.5	5.7	3.2	
27.8	20.5	5.7	5.7	
35.2	42.6	0.8	3.2	
25.4	50.0	0.8	3.2	
22.9	77.0	22.9	10.6	
30.3	89.3	10.6	-11.5	
27.8	54.9	5.7	-1.7	
25.4	0.8	0.8	3.2	
25.4	-21.4	5.7	-4.1	
20.5	-4.1	3.2	3.2	
18.0	3.2	-1.7	5.7	
20.5	22.9	8.2	13.1	
20.5	40.1	-1.7	10.6	
27.8	32.8	0.8	0.8	
18.0	30.3	3.2	0.8	
30.3	37.7	13.1	3.2	
32.8	52.4	13.1	5.7	
35.2	47.5	20.5	5.7	
27.8	35.2	8.2	18.0	
27.8	47.5	5.7	8.2	
30.3	45.1	3.2	5.7	
15.5	57.4	3.2	-1.7	
22.9	50.0	-6.6	-11.5	
35.2	52.4	0.8	-1.7	
18.0	54.9	3.2	3.2	
25.4	62.3	10.6	5.7	
30.3	25.4	-1.7	5.7	
22.9	42.6	5.7	8.2	
27.8	30.3	0.8	-1.7	
30.3	-18.9	0.8	-11.5	
20.5	3.2	13.1	-1.7	
15.5	30.3	13.1	15.5	
25.4	30.3	13.1	18.0	
32.8	25.4	3.2	5.7	
30.3	45.1	-4.1	3.2	
27.8	69.7	5.7	8.2	
22.9	59.8	5.7	-9.1	
13.1	57.4	8.2	-4.1	
18.0	45.1	8.2	0.8	
25.4	35.2	5.7	15.5	
20.5	77.0	-9.1	27.8	
32.8	67.2	3.2	10.6	
32.8	35.2	0.8	-9.1	
27.8	13.1	-1.7	-4.1	
40.1	13.1	13.1	-11.5	
25.4	27.8	3.2	-1.7	
27.8	27.8	5.7	5.7	
27.8	8.2	-9.1	15.5	
25.4	5.7	8.2	8.2	
40.1	-4.1	-1.7	-9.1	
27.8	35.2	0.8	3.2	
30.3	-1.7	3.2	-14.0	
25.4	-16.4	5.7	-1.7	
20.5	-9.1	5.7	0.8	
30.3	18.0	-1.7	32.8	
25.4	45.1	-1.7	15.5	
30.3	45.1	5.7	0.8	
32.8	37.7	0.8	3.2	
27.8	18.0	-4.1	-14.0	
40.1	32.8	-1.7	-4.1	
32.8	32.8	-1.7	-6.6	
45.1	15.5	20.5	-11.5	
27.8	18.0	3.2	-1.7	
40.1	37.7	-1.7	8.2	
35.2	30.3	0.8	-4.1	
35.2	25.4	5.7	-14.0	
30.3	20.5	5.7	15.5	
30.3	25.4	0.8	32.8	
30.3	27.8	0.8	18.0	
32.8	25.4	8.2	20.5	
40.1	45.1	8.2	22.9	
32.8	40.1	13.1	10.6	
30.3	45.1	5.7	13.1	
37.7	40.1	0.8	18.0	
25.4	45.1	5.7	8.2	
22.9	45.1	18.0	-1.7	
42.6	35.2	3.2	8.2	
37.7	10.6	0.8	3.2	
35.2	0.8	18.0	-4.1	
35.2	35.2	5.7	-14.0	
35.2	47.5	3.2	-4.1	
45.1	27.8	0.8	-1.7	
47.5	37.7	18.0	5.7	
32.8	62.3	8.2	-9.1	
30.3	101.6	3.2	0.8	
20.5	91.8	-9.1	15.5	
30.3	89.3	3.2	5.7	
27.8	45.1	0.8	-9.1	
20.5	59.8	13.1	-28.7	
27.8	54.9	3.2	-6.6	
20.5	-6.6	-4.1	-6.6	
20.5	-41.0	5.7	3.2	
27.8	-6.6	5.7	-1.7	
25.4	0.8	3.2	10.6	
22.9	8.2	5.7	25.4	
13.1	0.8	8.2	40.1	
35.2	18.0	0.8	10.6	
30.3	40.1	3.2	0.8	
40.1	45.1	15.5	13.1	
10.6	35.2	5.7	3.2	
5.7	35.2	-4.1	3.2	
8.2	27.8	0.8	8.2	
18.0	25.4	-9.1	-6.6	
27.8	52.4	8.2	-1.7	
22.9	47.5	-4.1	0.8	
18.0	82.0	5.7	-4.1	
30.3	57.4	3.2	0.8	
25.4	30.3	15.5	13.1	
25.4	40.1	-1.7	0.8	
20.5	32.8	3.2	-4.1	
25.4	15.5	-1.7	-4.1	
32.8	42.6	15.5	8.2	
32.8	62.3	-1.7	-1.7	
40.1	20.5	8.2	10.6	
30.3	27.8	10.6	-9.1	
20.5	40.1	5.7	-6.6	
32.8	50.0	3.2	-11.5	
32.8	45.1	-1.7	0.8	
22.9	3.2	3.2	3.2	
22.9	-26.3	-6.6	18.0	
32.8	-1.7	0.8	0.8	
22.9	13.1	8.2	15.5	
37.7	3.2	0.8	10.6	
22.9	10.6	10.6	0.8	
32.8	8.2	5.7	13.1	
27.8	47.5	-1.7	8.2	
40.1	52.4	-6.6	3.2	
22.9	50.0	5.7	5.7	
30.3	62.3	5.7	5.7	
25.4	45.1	5.7	15.5	
20.5	45.1	18.0	13.1	
22.9	35.2	8.2	5.7	
30.3	42.6	0.8	13.1	
32.8	47.5	8.2	8.2	
30.3	37.7	8.2	-4.1	
47.5	35.2	-1.7	-1.7	
22.9	27.8	5.7	0.8	
10.6	35.2	10.6	5.7	
5.7	42.6	0.8	3.2	
15.5	45.1	3.2	10.6	
10.6	52.4	-1.7	-9.1	
8.2	37.7	5.7	-6.6	
8.2	45.1	5.7	-11.5	
10.6	20.5	0.8	-9.1	
15.5	5.7	3.2	-4.1	
15.5	30.3	5.7	18.0	
22.9	42.6	10.6	30.3	
30.3	32.8	0.8	3.2	
22.9	5.7	-4.1	-14.0	
27.8	30.3	5.7	-1.7	
35.2	27.8	0.8	15.5	
30.3	42.6	5.7	30.3	
32.8	30.3	3.2	32.8	
22.9	32.8	-4.1	3.2	
32.8	50.0	5.7	-6.6	
27.8	62.3	20.5	13.1	
40.1	67.2	15.5	3.2	
35.2	59.8	8.2	-1.7	
37.7	59.8	5.7	-4.1	
35.2	47.5	-1.7	-9.1	
42.6	37.7	5.7	-9.1	
30.3	32.8	13.1	5.7	
20.5	32.8	5.7	18.0	
27.8	20.5	-1.7	35.2	
27.8	27.8	5.7	25.4	
25.4	22.9	3.2	8.2	
37.7	20.5	5.7	-1.7	
32.8	18.0	5.7	8.2	
27.8	27.8	3.2	13.1	
25.4	37.7	8.2	3.2	
15.5	47.5	5.7	-4.1	
25.4	50.0	3.2	0.8	
35.2	52.4	0.8	0.8	
25.4	50.0	27.8	-6.6	
35.2	25.4	5.7	-1.7	
20.5	18.0	-6.6	0.8	
20.5	25.4	18.0	5.7	
18.0	47.5	18.0	3.2	
25.4	30.3	13.1	-6.6	
25.4	-6.6	8.2	3.2	
30.3	-33.7	10.6	-4.1	
20.5	-18.9	5.7	0.8	
32.8	-1.7	8.2	13.1	
30.3	-6.6	0.8	22.9	
27.8	13.1	5.7	20.5	
22.9	42.6	-1.7	10.6	
22.9	37.7	10.6	-6.6	
22.9	35.2	5.7	5.7	
15.5	47.5	5.7	20.5	
15.5	22.9	3.2	5.7	
15.5	37.7	5.7	3.2	
22.9	47.5	5.7	-16.4	
30.3	40.1	5.7	-4.1	
22.9	50.0	18.0	-6.6	
20.5	35.2	13.1	-4.1	
25.4	47.5	13.1	15.5	
40.1	35.2	8.2	18.0	
32.8	37.7	-6.6	5.7	
27.8	42.6	3.2	-18.9	
25.4	47.5	-1.7	8.2	
27.8	35.2	-4.1	15.5	
25.4	25.4	0.8	15.5	
32.8	40.1	13.1	13.1	
27.8	42.6	10.6	18.0	
22.9	77.0	-1.7	10.6	
18.0	77.0	5.7	15.5	
18.0	45.1	10.6	-14.0	
22.9	30.3	13.1	-18.9	
18.0	35.2	13.1	-18.9	
22.9	50.0	8.2	-6.6	
27.8	22.9	-1.7	8.2	
18.0	8.2	0.8	72.1	
22.9	-14.0	5.7	25.4	
20.5	0.8	8.2	-16.4	
13.1	22.9	5.7	-18.9	
30.3	25.4	13.1	-23.8	
22.9	22.9	18.0	5.7	
18.0	45.1	13.1	15.5	
30.3	57.4	8.2	25.4	
25.4	52.4	-1.7	18.0	
22.9	47.5	8.2	10.6	
18.0	67.2	13.1	15.5	
20.5	77.0	15.5	22.9	
20.5	84.4	10.6	15.5	
15.5	77.0	8.2	3.2	
13.1	72.1	-4.1	-4.1	
0.8	35.2	-9.1	18.0	
3.2	13.1	13.1	20.5	
18.0	-9.1	10.6	13.1	
30.3	-18.9	8.2	-4.1	
30.3	-16.4	-6.6	0.8	
22.9	-21.4	0.8	5.7	
3.2	15.5	8.2	15.5	
15.5	22.9	18.0	5.7	
25.4	20.5	15.5	3.2	
22.9	52.4	3.2	0.8	
37.7	74.6	-1.7	3.2	
32.8	62.3	-1.7	-4.1	
30.3	37.7	0.8	0.8	
25.4	13.1	3.2	3.2	
15.5	-31.2	0.8	20.5	
20.5	-26.3	3.2	8.2	
5.7	-36.1	3.2	0.8	
8.2	10.6	5.7	-16.4	
15.5	74.6	5.7	0.8	
22.9	91.8	3.2	8.2	
20.5	54.9	-1.7	-14.0	
35.2	74.6	-1.7	-4.1	
15.5	57.4	10.6	-4.1	
30.3	35.2	8.2	-1.7	
20.5	22.9	0.8	8.2	
20.5	35.2	3.2	3.2	
10.6	35.2	3.2	8.2	
18.0	20.5	5.7	15.5	
25.4	32.8	10.6	13.1	
27.8	18.0	5.7	8.2	
15.5	57.4	-1.7	5.7	
15.5	15.5	10.6	3.2	
18.0	10.6	5.7	-18.9	
22.9	18.0	0.8	-4.1	
22.9	64.7	3.2	-4.1	
27.8	25.4	8.2	18.0	
30.3	3.2	20.5	15.5	
10.6	-28.7	13.1	0.8	
-1.7	-46.0	3.2	-4.1	
5.7	-41.0	8.2	-4.1	
5.7	-77.9	3.2	3.2	
13.1	-65.6	3.2	-4.1	
20.5	-48.4	0.8	5.7	
18.0	-28.7	10.6	0.8	
8.2	-21.4	8.2	-9.1	
-9.1	8.2	5.7	-1.7	
-1.7	30.3	8.2	-4.1	
-4.1	47.5	0.8	13.1	
-1.7	18.0	3.2	10.6	
0.8	27.8	-4.1	18.0	
-1.7	40.1	5.7	-1.7	
-6.6	62.3	0.8	3.2	
8.2	59.8	18.0	-1.7	
18.0	67.2	-1.7	0.8	
20.5	84.4	0.8	-14.0	
27.8	101.6	5.7	-1.7	
30.3	116.4	5.7	5.7	
30.3	113.9	-4.1	3.2	
18.0	116.4	8.2	-18.9	
35.2	106.6	-9.1	8.2	
35.2	101.6	-4.1	-14.0	
22.9	111.5	-4.1	8.2	
25.4	91.8	18.0	18.0	
32.8	101.6	8.2	15.5	
32.8	82.0	5.7	5.7	
20.5	62.3	8.2	-6.6	
35.2	99.2	3.2	0.8	
27.8	116.4	10.6	5.7	
32.8	111.5	-1.7	5.7	
32.8	96.7	5.7	15.5	
22.9	101.6	13.1	10.6	
32.8	89.3	8.2	0.8	
27.8	91.8	0.8	8.2	
35.2	77.0	3.2	13.1	
25.4	64.7	-4.1	18.0	
25.4	62.3	-1.7	-9.1	
32.8	54.9	5.7	3.2	
35.2	25.4	-4.1	22.9	
20.5	-23.8	13.1	22.9	
18.0	-36.1	10.6	22.9	
30.3	-16.4	5.7	27.8	
35.2	-11.5	3.2	18.0	
27.8	13.1	5.7	-6.6	
30.3	13.1	8.2	3.2	
22.9	10.6	3.2	-1.7	
25.4	-4.1	0.8	-6.6	
20.5	-26.3	8.2	-1.7	
22.9	-50.9	5.7	-4.1	
30.3	-16.4	8.2	-28.7	
52.4	18.0	3.2	0.8	
40.1	30.3	5.7	10.6	
45.1	22.9	-1.7	-1.7	
50.0	74.6	3.2	20.5	
45.1	69.7	5.7	20.5	
25.4	67.2	3.2	8.2	
20.5	45.1	3.2	-6.6	
32.8	8.2	8.2	8.2	
32.8	-75.5	5.7	3.2	
52.4	-38.6	0.8	-6.6	
37.7	-33.7	8.2	0.8	
35.2	-48.4	8.2	3.2	
40.1	-31.2	5.7	-1.7	
35.2	20.5	5.7	5.7	
27.8	77.0	8.2	10.6	
22.9	64.7	5.7	-11.5	
18.0	54.9	-1.7	0.8	
25.4	69.7	5.7	20.5	
27.8	99.2	10.6	27.8	
27.8	67.2	8.2	22.9	
32.8	50.0	10.6	20.5	
45.1	47.5	0.8	-1.7	
27.8	35.2	0.8	3.2	
37.7	22.9	-4.1	5.7	
37.7	8.2	-4.1	20.5	
30.3	-43.5	8.2	10.6	
25.4	-58.3	-1.7	8.2	
25.4	-21.4	0.8	-6.6	
30.3	0.8	8.2	0.8	
30.3	-28.7	5.7	-4.1	
35.2	32.8	5.7	3.2	
30.3	40.1	5.7	10.6	
40.1	37.7	8.2	3.2	
25.4	25.4	8.2	15.5	
40.1	22.9	8.2	22.9	
18.0	35.2	5.7	15.5	
30.3	40.1	10.6	3.2	
8.2	30.3	8.2	-4.1	
13.1	22.9	10.6	-9.1	
22.9	47.5	8.2	3.2	
20.5	57.4	-1.7	3.2	
22.9	69.7	5.7	-9.1	
37.7	64.7	-1.7	5.7	
15.5	47.5	3.2	3.2	
13.1	20.5	5.7	30.3	
13.1	10.6	10.6	20.5	
18.0	13.1	8.2	5.7	
13.1	22.9	13.1	-14.0	
25.4	52.4	8.2	-9.1	
27.8	54.9	-6.6	15.5	
25.4	32.8	5.7	22.9	
15.5	54.9	8.2	13.1	
15.5	37.7	-1.7	13.1	
22.9	35.2	3.2	-4.1	
22.9	54.9	3.2	8.2	
15.5	45.1	5.7	-1.7	
22.9	47.5	0.8	15.5	
27.8	54.9	-1.7	13.1	
35.2	30.3	0.8	13.1	
18.0	18.0	0.8	8.2	
32.8	3.2	0.8	-6.6	
35.2	-18.9	13.1	-6.6	
20.5	15.5	10.6	-4.1	
20.5	27.8	15.5	15.5	
22.9	15.5	0.8	15.5	
15.5	13.1	3.2	10.6	
20.5	37.7	3.2	5.7	
18.0	32.8	0.8	22.9	
25.4	18.0	-4.1	15.5	
25.4	64.7	-1.7	10.6	
20.5	20.5	0.8	15.5	
20.5	18.0	-1.7	-1.7	
32.8	86.9	3.2	-18.9	
25.4	57.4	-4.1	0.8	
32.8	52.4	-1.7	-4.1	
15.5	40.1	5.7	3.2	
25.4	45.1	8.2	-9.1	
10.6	15.5	5.7	0.8	
13.1	-6.6	13.1	5.7	
10.6	22.9	10.6	-1.7	
20.5	47.5	-4.1	18.0	
22.9	50.0	3.2	15.5	
25.4	67.2	5.7	5.7	
18.0	45.1	3.2	13.1	
20.5	74.6	5.7	8.2	
20.5	72.1	0.8	8.2	
10.6	82.0	5.7	-4.1	
25.4	84.4	3.2	-1.7	
22.9	74.6	3.2	-11.5	
20.5	47.5	3.2	-9.1	
5.7	77.0	-4.1	-4.1	
0.8	-9.1	10.6	5.7	
3.2	-21.4	-9.1	8.2	
3.2	8.2	13.1	5.7	
0.8	27.8	10.6	-9.1	
13.1	5.7	5.7	-1.7	
20.5	-33.7	-1.7	-6.6	
27.8	-31.2	18.0	-11.5	
22.9	-48.4	5.7	-4.1	
27.8	-6.6	-6.6	5.7	
37.7	5.7	5.7	18.0	
30.3	40.1	5.7	42.6	
35.2	47.5	18.0	18.0	
30.3	37.7	8.2	-1.7	
30.3	32.8	0.8	-4.1	
27.8	22.9	-1.7	8.2	
27.8	20.5	3.2	-11.5	
25.4	47.5	18.0	0.8	
40.1	45.1	18.0	-4.1	
8.2	54.9	15.5	-1.7	
8.2	18.0	5.7	-1.7	
20.5	18.0	0.8	-6.6	
5.7	22.9	0.8	-9.1	
10.6	45.1	-9.1	-4.1	
8.2	69.7	-9.1	-16.4	
3.2	59.8	3.2	-6.6	
18.0	35.2	8.2	25.4	
25.4	-1.7	3.2	37.7	
35.2	-1.7	3.2	18.0	
30.3	50.0	-11.5	10.6	
27.8	77.0	5.7	5.7	
8.2	79.5	15.5	-6.6	
5.7	64.7	13.1	15.5	
20.5	27.8	10.6	0.8	
0.8	-16.4	-4.1	-6.6	
8.2	-1.7	0.8	8.2	
15.5	27.8	5.7	0.8	
22.9	37.7	0.8	-1.7	
20.5	22.9	-1.7	0.8	
13.1	25.4	8.2	-4.1	
22.9	25.4	5.7	0.8	
22.9	50.0	8.2	-14.0	
18.0	59.8	8.2	8.2	
15.5	54.9	5.7	18.0	
32.8	18.0	-1.7	22.9	
22.9	20.5	3.2	10.6	
30.3	57.4	5.7	10.6	
35.2	50.0	-4.1	-14.0	
35.2	40.1	18.0	0.8	
35.2	8.2	-1.7	32.8	
40.1	20.5	3.2	0.8	
35.2	62.3	10.6	3.2	
10.6	79.5	18.0	-18.9	
10.6	64.7	13.1	-23.8	
10.6	40.1	13.1	0.8	
10.6	40.1	3.2	18.0	
5.7	45.1	3.2	30.3	
0.8	32.8	5.7	18.0	
20.5	-36.1	10.6	3.2	
15.5	-55.8	0.8	-9.1	
15.5	18.0	-1.7	-14.0	
25.4	-1.7	-14.0	5.7	
20.5	5.7	0.8	10.6	
13.1	42.6	8.2	18.0	
27.8	64.7	5.7	20.5	
22.9	30.3	-1.7	15.5	
25.4	18.0	-9.1	20.5	
18.0	45.1	-1.7	0.8	
10.6	37.7	-1.7	10.6	
0.8	57.4	18.0	-1.7	
8.2	42.6	10.6	-4.1	
-1.7	20.5	-1.7	-6.6	
5.7	32.8	-4.1	0.8	
22.9	30.3	-4.1	-1.7	
32.8	-18.9	5.7	5.7	
32.8	-16.4	13.1	10.6	
30.3	-6.6	5.7	10.6	
27.8	27.8	-6.6	-6.6	
25.4	52.4	3.2	-11.5	
18.0	62.3	-1.7	-11.5	
27.8	52.4	8.2	10.6	
25.4	69.7	0.8	15.5	
30.3	50.0	3.2	25.4	
22.9	45.1	-4.1	15.5	
0.8	18.0	-1.7	5.7	
8.2	52.4	5.7	8.2	
3.2	42.6	-1.7	5.7	
15.5	-4.1	-4.1	5.7	
15.5	-4.1	-1.7	-6.6	
13.1	10.6	0.8	0.8	
15.5	10.6	-4.1	-1.7	
22.9	25.4	18.0	13.1	
18.0	35.2	10.6	8.2	
22.9	40.1	0.8	-4.1	
18.0	15.5	-4.1	3.2	
20.5	3.2	3.2	10.6	
37.7	3.2	18.0	-1.7	
25.4	30.3	20.5	-9.1	
20.5	40.1	5.7	-21.4	
25.4	57.4	-4.1	8.2	
22.9	45.1	3.2	20.5	
18.0	82.0	-1.7	42.6	
18.0	62.3	-1.7	10.6	
8.2	54.9	3.2	-11.5	
10.6	32.8	-1.7	-14.0	
18.0	0.8	3.2	18.0	
20.5	22.9	3.2	15.5	
22.9	27.8	-1.7	0.8	
27.8	15.5	5.7	27.8	
30.3	3.2	-4.1	13.1	
18.0	20.5	3.2	-4.1	
27.8	74.6	0.8	-14.0	
25.4	77.0	8.2	-6.6	
18.0	72.1	5.7	-9.1	
15.5	42.6	8.2	-1.7	
27.8	35.2	5.7	-1.7	
15.5	52.4	-6.6	0.8	
22.9	45.1	-4.1	18.0	
22.9	50.0	8.2	13.1	
30.3	54.9	8.2	0.8	
32.8	42.6	-1.7	5.7	
22.9	13.1	13.1	5.7	
25.4	45.1	15.5	5.7	
37.7	32.8	15.5	5.7	
18.0	-1.7	18.0	5.7	
18.0	25.4	10.6	8.2	
25.4	27.8	0.8	0.8	
18.0	45.1	5.7	13.1	
13.1	40.1	-1.7	10.6	
15.5	47.5	0.8	-4.1	
3.2	45.1	10.6	10.6	
10.6	35.2	3.2	18.0	
3.2	25.4	10.6	8.2	
10.6	35.2	-1.7	-9.1	
20.5	30.3	0.8	-14.0	
15.5	5.7	15.5	5.7	
18.0	-1.7	10.6	8.2	
22.9	5.7	15.5	-9.1	
30.3	18.0	8.2	3.2	
22.9	27.8	8.2	22.9	
27.8	10.6	5.7	18.0	
32.8	13.1	13.1	20.5	
35.2	32.8	13.1	18.0	
27.8	35.2	8.2	25.4	
25.4	37.7	15.5	15.5	
15.5	42.6	5.7	-16.4	
20.5	101.6	-1.7	-23.8	
30.3	37.7	5.7	-4.1	
32.8	52.4	8.2	0.8	
22.9	47.5	3.2	10.6	
18.0	27.8	-1.7	3.2	
8.2	13.1	15.5	0.8	
22.9	15.5	8.2	-21.4	
30.3	27.8	3.2	-4.1	
15.5	32.8	13.1	5.7	
25.4	42.6	10.6	-9.1	
18.0	50.0	0.8	-14.0	
27.8	67.2	10.6	-4.1	
35.2	77.0	0.8	15.5	
27.8	69.7	-4.1	22.9	
32.8	84.4	3.2	10.6	
32.8	62.3	3.2	5.7	
37.7	64.7	18.0	-4.1	
25.4	104.1	13.1	-9.1	
13.1	128.7	10.6	-1.7	
15.5	82.0	0.8	18.0	
18.0	37.7	-1.7	10.6	
25.4	20.5	3.2	3.2	
20.5	-14.0	5.7	-9.1	
30.3	-46.0	5.7	-18.9	
20.5	-36.1	0.8	18.0	
15.5	27.8	0.8	13.1	
35.2	54.9	-4.1	22.9	
42.6	15.5	-1.7	13.1	
45.1	8.2	13.1	5.7	
35.2	-1.7	18.0	-4.1	
30.3	0.8	5.7	-1.7	
30.3	27.8	8.2	-1.7	
40.1	37.7	-1.7	5.7	
27.8	37.7	5.7	15.5	
32.8	22.9	0.8	20.5	
37.7	30.3	-4.1	13.1	
32.8	50.0	0.8	10.6	
15.5	42.6	8.2	13.1	
20.5	47.5	3.2	5.7	
30.3	30.3	5.7	0.8	
18.0	47.5	0.8	0.8	
20.5	42.6	0.8	0.8	
37.7	8.2	3.2	13.1	
20.5	10.6	5.7	3.2	
25.4	32.8	8.2	0.8	
20.5	52.4	-1.7	8.2	
27.8	59.8	8.2	-11.5	
35.2	20.5	8.2	-4.1	
37.7	42.6	5.7	3.2	
50.0	69.7	5.7	8.2	
30.3	40.1	3.2	32.8	
25.4	25.4	15.5	13.1	
27.8	30.3	5.7	-1.7	
25.4	15.5	5.7	-1.7	
37.7	32.8	3.2	3.2	
40.1	13.1	8.2	0.8	
18.0	15.5	0.8	3.2	
18.0	22.9	-6.6	-9.1	
37.7	40.1	3.2	-9.1	
40.1	40.1	3.2	15.5	
27.8	54.9	0.8	40.1	
22.9	45.1	-6.6	8.2	
27.8	57.4	5.7	-4.1	
30.3	35.2	8.2	-11.5	
18.0	50.0	0.8	-9.1	
20.5	77.0	3.2	3.2	
30.3	15.5	-6.6	3.2	
27.8	-28.7	3.2	5.7	
30.3	5.7	5.7	5.7	
25.4	30.3	8.2	-4.1	
18.0	22.9	5.7	-4.1	
20.5	47.5	0.8	-16.4	
8.2	64.7	3.2	8.2	
10.6	54.9	-4.1	-9.1	
15.5	42.6	3.2	-11.5	
25.4	30.3	5.7	15.5	
25.4	37.7	-6.6	8.2	
25.4	45.1	3.2	25.4	
20.5	32.8	13.1	22.9	
27.8	22.9	8.2	30.3	
25.4	18.0	3.2	18.0	
30.3	3.2	5.7	3.2	
32.8	35.2	0.8	-6.6	
40.1	45.1	3.2	5.7	
37.7	47.5	13.1	-14.0	
37.7	52.4	10.6	-11.5	
52.4	45.1	-4.1	0.8	
40.1	45.1	3.2	0.8	
27.8	32.8	13.1	22.9	
35.2	40.1	3.2	30.3	
20.5	30.3	0.8	20.5	
22.9	32.8	15.5	13.1	
5.7	22.9	15.5	8.2	
10.6	42.6	18.0	-16.4	
25.4	52.4	5.7	-16.4	
30.3	47.5	8.2	-6.6	
20.5	42.6	18.0	3.2	
30.3	40.1	13.1	-9.1	
30.3	3.2	8.2	-14.0	
20.5	0.8	5.7	3.2	
27.8	-26.3	5.7	3.2	
22.9	-23.8	8.2	25.4	
25.4	32.8	20.5	3.2	
35.2	45.1	18.0	-21.4	
30.3	84.4	22.9	0.8	
30.3	50.0	18.0	-11.5	
13.1	3.2	-1.7	3.2	
18.0	57.4	-1.7	0.8	
30.3	67.2	15.5	-6.6	
15.5	50.0	3.2	-1.7	
18.0	30.3	0.8	13.1	
10.6	50.0	5.7	18.0	
25.4	47.5	3.2	20.5	
25.4	13.1	-6.6	-4.1	
32.8	37.7	15.5	-9.1	
25.4	13.1	22.9	8.2	
20.5	-16.4	13.1	18.0	
27.8	-26.3	15.5	10.6	
35.2	5.7	8.2	8.2	
30.3	15.5	10.6	-4.1	
27.8	27.8	13.1	-4.1	
13.1	50.0	3.2	3.2	
10.6	25.4	5.7	3.2	
-4.1	20.5	8.2	-4.1	
5.7	30.3	3.2	3.2	
-6.6	30.3	5.7	0.8	
5.7	35.2	0.8	-6.6	
18.0	42.6	10.6	15.5	
15.5	47.5	-4.1	22.9	
18.0	32.8	8.2	-11.5	
15.5	79.5	10.6	3.2	
20.5	47.5	-1.7	-1.7	
20.5	45.1	3.2	-9.1	
22.9	40.1	18.0	-1.7	
15.5	40.1	8.2	22.9	
8.2	69.7	20.5	18.0	
20.5	62.3	10.6	22.9	
20.5	52.4	8.2	13.1	
18.0	42.6	0.8	5.7	
22.9	67.2	3.2	3.2	
20.5	52.4	0.8	-6.6	
13.1	5.7	10.6	-1.7	
22.9	-4.1	18.0	-4.1	
22.9	0.8	15.5	-4.1	
20.5	-9.1	15.5	3.2	
20.5	22.9	15.5	0.8	
15.5	27.8	18.0	-1.7	
3.2	22.9	5.7	5.7	
10.6	5.7	10.6	3.2	
13.1	40.1	0.8	15.5	
18.0	30.3	8.2	18.0	
18.0	45.1	-1.7	5.7	
20.5	40.1	-1.7	8.2	
27.8	18.0	-4.1	0.8	
35.2	-1.7	13.1	-1.7	
37.7	27.8	18.0	0.8	
18.0	59.8	8.2	13.1	
27.8	57.4	3.2	0.8	
22.9	45.1	8.2	-1.7	
13.1	54.9	5.7	-9.1	
8.2	25.4	3.2	-18.9	
18.0	42.6	8.2	-9.1	
20.5	57.4	5.7	3.2	
22.9	57.4	8.2	37.7	
20.5	52.4	5.7	37.7	
18.0	40.1	-4.1	13.1	
30.3	82.0	8.2	10.6	
30.3	62.3	-4.1	5.7	
30.3	18.0	5.7	13.1	
30.3	3.2	-4.1	0.8	
35.2	-36.1	10.6	-14.0	
27.8	-55.8	0.8	-9.1	
15.5	-38.6	13.1	-9.1	
30.3	5.7	8.2	10.6	
22.9	8.2	0.8	3.2	
22.9	3.2	-1.7	-1.7	
15.5	13.1	-4.1	-1.7	
18.0	-1.7	8.2	3.2	
22.9	25.4	3.2	-1.7	
22.9	54.9	5.7	0.8	
18.0	74.6	-9.1	-4.1	
20.5	72.1	-4.1	-18.9	
13.1	62.3	3.2	-9.1	
20.5	20.5	22.9	-1.7	
10.6	25.4	27.8	5.7	
15.5	27.8	20.5	8.2	
20.5	42.6	13.1	20.5	
20.5	45.1	13.1	10.6	
27.8	84.4	10.6	10.6	
22.9	86.9	-1.7	8.2	
25.4	67.2	5.7	-1.7	
18.0	57.4	8.2	5.7	
30.3	22.9	-1.7	-1.7	
20.5	25.4	10.6	-14.0	
13.1	15.5	-1.7	-4.1	
8.2	15.5	8.2	0.8	
10.6	32.8	-6.6	3.2	
5.7	25.4	8.2	0.8	
8.2	15.5	3.2	5.7	
10.6	18.0	10.6	5.7	
8.2	35.2	-9.1	5.7	
20.5	45.1	8.2	3.2	
22.9	42.6	0.8	5.7	
32.8	47.5	10.6	0.8	
25.4	37.7	3.2	5.7	
15.5	42.6	10.6	15.5	
27.8	10.6	13.1	20.5	
8.2	-9.1	3.2	15.5	
-4.1	-21.4	13.1	25.4	
-4.1	-11.5	20.5	-18.9	
10.6	20.5	3.2	-26.3	
-1.7	22.9	10.6	-26.3	
25.4	40.1	0.8	-1.7	
15.5	22.9	0.8	15.5	
22.9	22.9	13.1	15.5	
8.2	50.0	10.6	30.3	
3.2	42.6	5.7	13.1	
13.1	37.7	5.7	5.7	
27.8	42.6	-1.7	8.2	
22.9	40.1	5.7	-1.7	
25.4	40.1	3.2	8.2	
22.9	67.2	18.0	5.7	
20.5	42.6	8.2	-1.7	
25.4	37.7	5.7	3.2	
32.8	40.1	5.7	-9.1	
22.9	25.4	8.2	-11.5	
25.4	10.6	-4.1	3.2	
25.4	15.5	5.7	0.8	
10.6	35.2	-1.7	0.8	
5.7	27.8	-1.7	-1.7	
5.7	32.8	3.2	13.1	
-1.7	40.1	8.2	18.0	
-1.7	40.1	3.2	10.6	
3.2	57.4	3.2	-1.7	
3.2	57.4	3.2	-11.5	
0.8	47.5	3.2	-6.6	
18.0	50.0	0.8	8.2	
22.9	50.0	0.8	-1.7	
20.5	40.1	8.2	-9.1	
20.5	27.8	0.8	13.1	
22.9	20.5	10.6	20.5	
30.3	22.9	-4.1	10.6	
15.5	-11.5	8.2	13.1	
20.5	-21.4	0.8	25.4	
30.3	18.0	10.6	15.5	
20.5	77.0	8.2	0.8	
20.5	79.5	-1.7	8.2	
18.0	42.6	0.8	-1.7	
18.0	30.3	0.8	-9.1	
15.5	40.1	-1.7	8.2	
25.4	67.2	8.2	13.1	
25.4	37.7	5.7	5.7	
25.4	20.5	-4.1	-6.6	
8.2	45.1	5.7	-9.1	
22.9	20.5	8.2	8.2	
25.4	30.3	-1.7	15.5	
15.5	62.3	-1.7	32.8	
20.5	57.4	5.7	20.5	
20.5	59.8	3.2	10.6	
10.6	52.4	0.8	5.7	
8.2	42.6	0.8	-9.1	
22.9	13.1	5.7	8.2	
35.2	35.2	-1.7	-6.6	
30.3	52.4	5.7	-4.1	
25.4	69.7	13.1	5.7	
22.9	30.3	8.2	5.7	
18.0	-11.5	5.7	3.2	
20.5	0.8	10.6	8.2	
25.4	18.0	8.2	-1.7	
20.5	54.9	5.7	-6.6	
10.6	86.9	13.1	0.8	
18.0	77.0	18.0	-1.7	
18.0	45.1	0.8	-1.7	
20.5	54.9	0.8	5.7	
30.3	113.9	-4.1	-1.7	
27.8	54.9	8.2	-14.0	
25.4	0.8	3.2	-1.7	
22.9	0.8	0.8	25.4	
30.3	-11.5	10.6	27.8	
30.3	-9.1	8.2	8.2	
20.5	-65.6	0.8	-9.1	
25.4	-14.0	-1.7	22.9	
22.9	0.8	10.6	20.5	
15.5	0.8	-1.7	22.9	
22.9	45.1	15.5	3.2	
25.4	32.8	13.1	-9.1	
32.8	32.8	5.7	-18.9	
25.4	30.3	15.5	-1.7	
30.3	0.8	22.9	5.7	
37.7	32.8	20.5	5.7	
25.4	67.2	5.7	13.1	
22.9	30.3	-1.7	8.2	
25.4	27.8	13.1	-11.5	
20.5	13.1	20.5	25.4	
20.5	18.0	5.7	18.0	
13.1	32.8	18.0	5.7	
20.5	45.1	10.6	-6.6	
10.6	42.6	-9.1	-6.6	
25.4	45.1	8.2	-1.7	
27.8	15.5	-6.6	0.8	
25.4	22.9	5.7	10.6	
15.5	42.6	5.7	8.2	
5.7	42.6	5.7	3.2	
10.6	13.1	8.2	20.5	
20.5	40.1	8.2	20.5	
25.4	67.2	-1.7	10.6	
10.6	35.2	0.8	0.8	
20.5	52.4	5.7	5.7	
13.1	64.7	3.2	5.7	
8.2	52.4	-6.6	13.1	
8.2	52.4	10.6	20.5	
15.5	20.5	13.1	13.1	
15.5	10.6	3.2	15.5	
15.5	30.3	0.8	15.5	
13.1	62.3	3.2	25.4	
20.5	45.1	3.2	3.2	
22.9	84.4	-1.7	-4.1	
15.5	94.3	3.2	-1.7	
30.3	47.5	8.2	0.8	
25.4	18.0	0.8	15.5	
35.2	18.0	8.2	-9.1	
22.9	45.1	13.1	-9.1	
45.1	50.0	15.5	-14.0	
35.2	47.5	-1.7	-6.6	
35.2	18.0	-11.5	10.6	
32.8	13.1	5.7	0.8	
27.8	0.8	13.1	5.7	
35.2	18.0	13.1	13.1	
13.1	10.6	5.7	13.1	
22.9	-16.4	0.8	-1.7	
13.1	-43.5	3.2	-6.6	
13.1	0.8	-1.7	-9.1	
22.9	18.0	3.2	-16.4	
22.9	25.4	15.5	-6.6	
37.7	45.1	18.0	-9.1	
40.1	37.7	8.2	5.7	
27.8	20.5	0.8	18.0	
30.3	30.3	-4.1	5.7	
32.8	35.2	0.8	-4.1	
32.8	35.2	3.2	3.2	
37.7	45.1	5.7	40.1	
32.8	42.6	3.2	18.0	
35.2	40.1	8.2	8.2	
37.7	54.9	10.6	-1.7	
37.7	30.3	3.2	-9.1	
30.3	-6.6	10.6	-6.6	
30.3	-1.7	10.6	13.1	
25.4	35.2	5.7	20.5	
27.8	27.8	3.2	8.2	
25.4	15.5	0.8	15.5	
27.8	42.6	0.8	8.2	
22.9	37.7	0.8	5.7	
3.2	37.7	0.8	0.8	
3.2	35.2	10.6	18.0	
3.2	30.3	0.8	22.9	
0.8	-9.1	-4.1	0.8	
13.1	-18.9	0.8	-14.0	
30.3	-31.2	-1.7	3.2	
27.8	-9.1	-11.5	18.0	
25.4	10.6	0.8	37.7	
18.0	-4.1	5.7	20.5	
40.1	0.8	3.2	0.8	
35.2	-1.7	18.0	-4.1	
35.2	3.2	-4.1	-6.6	
25.4	5.7	8.2	-16.4	
25.4	32.8	0.8	-6.6	
22.9	25.4	5.7	0.8	
13.1	10.6	5.7	18.0	
-11.5	10.6	5.7	25.4	
3.2	25.4	0.8	20.5	
-9.1	30.3	5.7	25.4	
-4.1	20.5	10.6	-18.9	
-6.6	-4.1	5.7	-18.9	
-11.5	8.2	5.7	-18.9	
5.7	8.2	3.2	-21.4	
0.8	3.2	5.7	10.6	
8.2	35.2	5.7	18.0	
0.8	47.5	-1.7	20.5	
-11.5	47.5	-1.7	13.1	
-1.7	50.0	5.7	5.7	
-1.7	52.4	0.8	3.2	
20.5	74.6	-4.1	8.2	
25.4	67.2	8.2	15.5	
32.8	86.9	-1.7	10.6	
27.8	121.3	3.2	-1.7	
30.3	113.9	5.7	-21.4	
37.7	106.6	0.8	-28.7	
45.1	111.5	8.2	-26.3	
5.7	94.3	3.2	3.2	
10.6	96.7	3.2	20.5	
27.8	111.5	5.7	42.6	
22.9	116.4	3.2	22.9	
27.8	123.8	13.1	0.8	
27.8	116.4	5.7	-1.7	
32.8	111.5	-4.1	-1.7	
27.8	86.9	8.2	-16.4	
32.8	74.6	5.7	5.7	
30.3	94.3	0.8	25.4	
18.0	82.0	-4.1	22.9	
30.3	57.4	3.2	13.1	
27.8	52.4	10.6	13.1	
32.8	77.0	10.6	-1.7	
27.8	57.4	5.7	-6.6	
15.5	45.1	3.2	0.8	
18.0	27.8	-4.1	-4.1	
30.3	30.3	3.2	13.1	
20.5	5.7	5.7	10.6	
25.4	0.8	-6.6	-4.1	
8.2	5.7	18.0	-4.1	
8.2	0.8	20.5	-6.6	
3.2	10.6	3.2	-1.7	
15.5	0.8	-9.1	3.2	
18.0	-28.7	15.5	5.7	
25.4	-21.4	13.1	-4.1	
20.5	-6.6	5.7	15.5	
8.2	8.2	3.2	8.2	
13.1	10.6	-6.6	-9.1	
25.4	-6.6	8.2	-6.6	
27.8	-21.4	3.2	-14.0	
25.4	-18.9	5.7	0.8	
22.9	-23.8	5.7	13.1	
15.5	-9.1	-1.7	-6.6	
18.0	18.0	3.2	0.8	
10.6	35.2	3.2	15.5	
8.2	42.6	3.2	8.2	
5.7	50.0	0.8	32.8	
15.5	52.4	3.2	32.8	
22.9	50.0	0.8	8.2	
27.8	25.4	-9.1	-16.4	
30.3	8.2	5.7	-6.6	
10.6	3.2	15.5	20.5	
18.0	79.5	18.0	20.5	
20.5	89.3	-1.7	30.3	
13.1	8.2	5.7	18.0	
8.2	-65.6	10.6	8.2	
13.1	-50.9	15.5	-14.0	
18.0	-9.1	15.5	-23.8	
25.4	5.7	5.7	-31.2	
27.8	37.7	-1.7	-11.5	
25.4	27.8	10.6	-11.5	
3.2	5.7	5.7	0.8	
13.1	32.8	5.7	15.5	
18.0	27.8	3.2	8.2	
20.5	35.2	-1.7	20.5	
30.3	40.1	5.7	32.8	
25.4	37.7	18.0	13.1	
32.8	27.8	8.2	10.6	
27.8	22.9	8.2	15.5	
22.9	8.2	0.8	8.2	
32.8	3.2	-1.7	-9.1	
10.6	27.8	3.2	-1.7	
15.5	22.9	3.2	3.2	
22.9	37.7	3.2	-1.7	
18.0	25.4	10.6	-1.7	
3.2	50.0	-1.7	-1.7	
15.5	62.3	5.7	-6.6	
20.5	42.6	-9.1	-9.1	
20.5	59.8	10.6	13.1	
27.8	57.4	18.0	8.2	
32.8	32.8	15.5	3.2	
25.4	27.8	20.5	18.0	
20.5	20.5	5.7	15.5	
13.1	5.7	-4.1	3.2	
13.1	10.6	0.8	13.1	
13.1	27.8	5.7	8.2	
18.0	35.2	0.8	0.8	
30.3	13.1	8.2	3.2	
35.2	32.8	-1.7	3.2	
40.1	47.5	8.2	-4.1	
40.1	22.9	13.1	-4.1	
32.8	30.3	5.7	-1.7	
27.8	20.5	8.2	-6.6	
10.6	54.9	5.7	30.3	
8.2	50.0	10.6	22.9	
3.2	62.3	8.2	-16.4	
18.0	54.9	-6.6	-4.1	
10.6	57.4	0.8	-4.1	
0.8	57.4	10.6	-4.1	
0.8	57.4	3.2	32.8	
3.2	59.8	3.2	25.4	
0.8	47.5	0.8	5.7	
-1.7	37.7	3.2	-4.1	
-4.1	40.1	-4.1	-9.1	
0.8	27.8	-4.1	0.8	
8.2	22.9	-4.1	18.0	
8.2	45.1	0.8	0.8	
13.1	52.4	3.2	10.6	
13.1	67.2	3.2	0.8	
22.9	54.9	0.8	-1.7	
20.5	45.1	10.6	5.7	
32.8	35.2	5.7	-1.7	
35.2	-33.7	-1.7	-6.6	
25.4	-23.8	5.7	10.6	
30.3	-16.4	-4.1	-1.7	
22.9	-41.0	13.1	3.2	
22.9	-11.5	8.2	-4.1	
13.1	32.8	5.7	-14.0	
20.5	25.4	3.2	-18.9	
8.2	-1.7	-1.7	-18.9	
5.7	3.2	3.2	-9.1	
3.2	27.8	-4.1	5.7	
3.2	32.8	5.7	20.5	
13.1	35.2	-4.1	40.1	
27.8	47.5	3.2	27.8	
22.9	32.8	0.8	22.9	
15.5	40.1	5.7	-4.1	
18.0	42.6	5.7	5.7	
5.7	40.1	-1.7	8.2	
0.8	25.4	10.6	10.6	
0.8	22.9	5.7	10.6	
0.8	32.8	5.7	18.0	
-9.1	8.2	0.8	13.1	
8.2	20.5	5.7	10.6	
25.4	40.1	0.8	13.1	
25.4	37.7	5.7	8.2	
25.4	42.6	15.5	-11.5	
18.0	30.3	8.2	-9.1	
8.2	32.8	0.8	-9.1	
0.8	25.4	0.8	-6.6	
15.5	18.0	3.2	8.2	
20.5	27.8	18.0	-6.6	
20.5	25.4	5.7	0.8	
5.7	37.7	18.0	10.6	
3.2	22.9	8.2	22.9	
8.2	25.4	0.8	3.2	
18.0	35.2	3.2	8.2	
5.7	30.3	0.8	5.7	
5.7	8.2	3.2	-4.1	
8.2	10.6	0.8	5.7	
13.1	52.4	-6.6	13.1	
0.8	50.0	0.8	15.5	
10.6	25.4	8.2	27.8	
15.5	18.0	10.6	8.2	
8.2	13.1	5.7	-6.6	
13.1	18.0	-4.1	-23.8	
25.4	37.7	3.2	5.7	
27.8	50.0	5.7	-4.1	
18.0	42.6	5.7	13.1	
15.5	45.1	18.0	32.8	
25.4	27.8	10.6	8.2	
8.2	22.9	5.7	3.2	
20.5	5.7	5.7	0.8	
15.5	-4.1	8.2	5.7	
13.1	3.2	5.7	-1.7	
13.1	18.0	0.8	13.1	
13.1	15.5	0.8	27.8	
15.5	13.1	0.8	10.6	
20.5	5.7	5.7	-4.1	
22.9	18.0	8.2	-1.7	
18.0	35.2	18.0	-9.1	
35.2	22.9	0.8	-4.1	
20.5	3.2	0.8	5.7	
15.5	32.8	5.7	-1.7	
22.9	42.6	-4.1	13.1	
13.1	22.9	3.2	3.2	
22.9	18.0	3.2	0.8	
18.0	25.4	0.8	-6.6	
32.8	13.1	5.7	5.7	
15.5	13.1	-1.7	15.5	
15.5	45.1	0.8	-18.9	
20.5	67.2	5.7	3.2	
27.8	72.1	5.7	5.7	
35.2	72.1	-1.7	8.2	
25.4	59.8	8.2	10.6	
0.8	57.4	5.7	0.8	
0.8	47.5	5.7	-6.6	
5.7	27.8	13.1	-6.6	
5.7	-18.9	5.7	3.2	
5.7	-43.5	3.2	3.2	
8.2	-31.2	15.5	0.8	
22.9	15.5	13.1	-1.7	
37.7	74.6	5.7	22.9	
25.4	59.8	15.5	20.5	
27.8	45.1	8.2	0.8	
47.5	37.7	10.6	-4.1	
45.1	40.1	5.7	-1.7	
25.4	47.5	0.8	5.7	
22.9	37.7	-4.1	3.2	
25.4	27.8	10.6	-6.6	
3.2	3.2	8.2	-6.6	
-6.6	13.1	8.2	-4.1	
-9.1	13.1	5.7	8.2	
5.7	22.9	5.7	15.5	
0.8	30.3	3.2	18.0	
5.7	35.2	3.2	0.8	
5.7	37.7	3.2	-4.1	
20.5	42.6	3.2	8.2	
13.1	37.7	13.1	10.6	
10.6	67.2	10.6	5.7	
5.7	101.6	8.2	0.8	
5.7	77.0	5.7	5.7	
8.2	59.8	3.2	-4.1	
13.1	50.0	8.2	-23.8	
3.2	47.5	3.2	-18.9	
8.2	18.0	20.5	-6.6	
13.1	20.5	18.0	22.9	
25.4	5.7	18.0	18.0	
13.1	-26.3	8.2	22.9	
22.9	0.8	0.8	8.2	
27.8	-21.4	-4.1	3.2	
22.9	-36.1	3.2	5.7	
30.3	-1.7	3.2	0.8	
27.8	18.0	8.2	-16.4	
18.0	32.8	5.7	-6.6	
13.1	42.6	5.7	-11.5	
27.8	37.7	5.7	0.8	
18.0	32.8	5.7	-9.1	
20.5	35.2	8.2	18.0	
27.8	27.8	-11.5	-1.7	
32.8	45.1	5.7	-23.8	
32.8	45.1	0.8	-6.6	
8.2	37.7	10.6	15.5	
3.2	37.7	-6.6	30.3	
8.2	45.1	0.8	13.1	
18.0	37.7	0.8	0.8	
18.0	40.1	3.2	-4.1	
8.2	47.5	3.2	-1.7	
10.6	45.1	5.7	0.8	
5.7	35.2	15.5	8.2	
8.2	30.3	18.0	0.8	
15.5	42.6	8.2	0.8	
27.8	37.7	3.2	-6.6	
18.0	47.5	8.2	5.7	
32.8	30.3	8.2	20.5	
18.0	22.9	0.8	-9.1	
22.9	15.5	0.8	-11.5	
15.5	20.5	-4.1	40.1	
15.5	8.2	13.1	47.5	
22.9	-16.4	18.0	15.5	
3.2	15.5	13.1	3.2	
13.1	22.9	5.7	3.2	
25.4	37.7	-1.7	3.2	
15.5	42.6	3.2	3.2	
20.5	47.5	10.6	-6.6	
18.0	32.8	10.6	-11.5	
10.6	40.1	-1.7	-9.1	
15.5	42.6	-4.1	-9.1	
18.0	25.4	-4.1	5.7	
27.8	20.5	-4.1	20.5	
27.8	37.7	5.7	25.4	
20.5	50.0	10.6	-1.7	
8.2	67.2	3.2	-6.6	
15.5	54.9	3.2	-11.5	
22.9	52.4	5.7	3.2	
22.9	47.5	8.2	-1.7	
20.5	52.4	10.6	5.7	
27.8	37.7	5.7	-4.1	
20.5	32.8	5.7	0.8	
25.4	45.1	15.5	-4.1	
20.5	45.1	13.1	0.8	
35.2	13.1	15.5	5.7	
35.2	13.1	5.7	-9.1	
42.6	20.5	15.5	-14.0	
22.9	47.5	3.2	5.7	
35.2	32.8	5.7	37.7	
25.4	35.2	15.5	18.0	
22.9	45.1	18.0	-9.1	
18.0	40.1	8.2	-4.1	
10.6	52.4	3.2	-1.7	
8.2	47.5	10.6	13.1	
3.2	27.8	3.2	25.4	
15.5	20.5	-1.7	25.4	
20.5	32.8	-6.6	22.9	
25.4	32.8	0.8	15.5	
32.8	37.7	8.2	18.0	
22.9	57.4	5.7	20.5	
22.9	50.0	5.7	10.6	
20.5	54.9	3.2	-4.1	
32.8	82.0	13.1	0.8	
5.7	96.7	18.0	5.7	
13.1	104.1	5.7	5.7	
20.5	109.0	5.7	5.7	
25.4	62.3	5.7	8.2	
5.7	64.7	-6.6	5.7	
5.7	8.2	8.2	3.2	
0.8	-33.7	-4.1	3.2	
-1.7	-75.5	0.8	5.7	
-4.1	-28.7	3.2	5.7	
-1.7	-1.7	3.2	5.7	
-9.1	-28.7	8.2	-1.7	
0.8	-11.5	10.6	-6.6	
5.7	5.7	0.8	0.8	
13.1	50.0	0.8	5.7	
25.4	47.5	8.2	20.5	
27.8	72.1	0.8	27.8	
15.5	74.6	3.2	8.2	
25.4	67.2	3.2	-11.5	
18.0	57.4	3.2	-4.1	
27.8	32.8	8.2	-1.7	
10.6	37.7	-1.7	-9.1	
13.1	47.5	-4.1	18.0	
8.2	22.9	-4.1	5.7	
15.5	22.9	5.7	3.2	
20.5	30.3	8.2	10.6	
25.4	13.1	-1.7	13.1	
22.9	3.2	0.8	20.5	
18.0	3.2	5.7	5.7	
22.9	37.7	3.2	-1.7	
30.3	42.6	5.7	-23.8	
15.5	40.1	10.6	-6.6	
27.8	45.1	-4.1	-16.4	
32.8	40.1	3.2	3.2	
25.4	45.1	3.2	18.0	
27.8	-14.0	8.2	30.3	
35.2	30.3	-4.1	25.4	
15.5	37.7	-4.1	8.2	
8.2	5.7	0.8	-1.7	
20.5	-38.6	8.2	15.5	
22.9	0.8	8.2	13.1	
25.4	15.5	13.1	15.5	
15.5	50.0	3.2	5.7	
8.2	30.3	5.7	10.6	
8.2	20.5	-4.1	0.8	
5.7	13.1	-11.5	15.5	
8.2	30.3	5.7	20.5	
5.7	40.1	3.2	22.9	
8.2	32.8	8.2	5.7	
20.5	30.3	5.7	-4.1	
27.8	42.6	13.1	3.2	
25.4	30.3	10.6	-4.1	
25.4	50.0	15.5	-9.1	
15.5	57.4	13.1	-1.7	
20.5	40.1	13.1	0.8	
27.8	40.1	10.6	-6.6	
25.4	40.1	-1.7	8.2	
27.8	47.5	-1.7	-11.5	
18.0	27.8	8.2	8.2	
20.5	0.8	8.2	-11.5	
8.2	40.1	5.7	18.0	
8.2	42.6	5.7	20.5	
8.2	18.0	8.2	20.5	
8.2	18.0	-1.7	-11.5	
13.1	27.8	-1.7	10.6	
8.2	32.8	0.8	8.2	
8.2	47.5	8.2	10.6	
0.8	54.9	0.8	-11.5	
3.2	52.4	-1.7	-21.4	
0.8	32.8	0.8	-9.1	
20.5	3.2	-1.7	-1.7	
13.1	8.2	0.8	22.9	
18.0	18.0	-1.7	37.7	
30.3	47.5	0.8	15.5	
27.8	40.1	5.7	13.1	
45.1	35.2	15.5	0.8	
32.8	42.6	18.0	0.8	
30.3	27.8	18.0	-14.0	
22.9	3.2	8.2	3.2	
13.1	15.5	3.2	13.1	
30.3	25.4	-4.1	-4.1	
25.4	25.4	8.2	35.2	
15.5	37.7	13.1	10.6	
37.7	64.7	13.1	-28.7	
27.8	52.4	5.7	-38.6	
27.8	50.0	5.7	-11.5	
35.2	47.5	-6.6	-6.6	
45.1	42.6	-1.7	0.8	
22.9	20.5	8.2	8.2	
13.1	18.0	0.8	18.0	
5.7	27.8	10.6	18.0	
3.2	18.0	3.2	3.2	
13.1	37.7	5.7	-9.1	
35.2	27.8	8.2	-11.5	
22.9	18.0	8.2	5.7	
22.9	25.4	3.2	35.2	
30.3	22.9	15.5	10.6	
15.5	25.4	10.6	-14.0	
20.5	27.8	8.2	0.8	
20.5	27.8	15.5	-4.1	
20.5	20.5	15.5	5.7	
10.6	47.5	5.7	3.2	
15.5	57.4	0.8	-4.1	
18.0	47.5	5.7	5.7	
5.7	59.8	8.2	22.9	
8.2	50.0	5.7	-9.1	
25.4	54.9	0.8	-4.1	
30.3	20.5	-4.1	-1.7	
20.5	0.8	-4.1	13.1	
18.0	3.2	10.6	10.6	
20.5	15.5	-6.6	-9.1	
22.9	30.3	5.7	3.2	
20.5	35.2	-4.1	0.8	
15.5	37.7	13.1	-4.1	
18.0	20.5	8.2	3.2	
13.1	20.5	8.2	0.8	
27.8	35.2	10.6	-9.1	
32.8	37.7	3.2	-14.0	
37.7	45.1	8.2	5.7	
35.2	27.8	8.2	8.2	
35.2	50.0	-1.7	10.6	
35.2	54.9	0.8	-9.1	
27.8	52.4	5.7	0.8	
32.8	37.7	8.2	20.5	
32.8	35.2	5.7	15.5	
22.9	-21.4	5.7	-6.6	
20.5	-14.0	3.2	-18.9	
32.8	18.0	0.8	-14.0	
20.5	15.5	-1.7	3.2	
22.9	15.5	5.7	-1.7	
13.1	27.8	5.7	27.8	
18.0	25.4	0.8	18.0	
5.7	57.4	-4.1	18.0	
0.8	47.5	0.8	13.1	
18.0	40.1	5.7	18.0	
20.5	37.7	-6.6	27.8	
22.9	18.0	5.7	15.5	
22.9	30.3	15.5	-16.4	
25.4	25.4	15.5	-4.1	
15.5	20.5	15.5	-9.1	
8.2	27.8	0.8	0.8	
22.9	50.0	8.2	5.7	
18.0	25.4	8.2	20.5	
18.0	22.9	3.2	20.5	
-1.7	25.4	13.1	0.8	
5.7	30.3	8.2	5.7	
5.7	32.8	13.1	3.2	
18.0	52.4	13.1	-4.1	
25.4	50.0	20.5	5.7	
20.5	37.7	13.1	15.5	
27.8	47.5	3.2	15.5	
22.9	42.6	3.2	5.7	
18.0	37.7	-1.7	5.7	
15.5	27.8	0.8	3.2	
22.9	30.3	5.7	-4.1	
15.5	35.2	3.2	-1.7	
13.1	37.7	-1.7	-1.7	
15.5	42.6	13.1	-6.6	
8.2	18.0	13.1	5.7	
5.7	35.2	13.1	25.4	
5.7	32.8	13.1	8.2	
25.4	32.8	10.6	5.7	
32.8	25.4	15.5	-4.1	
30.3	32.8	8.2	3.2	
35.2	22.9	8.2	5.7	
22.9	25.4	5.7	15.5	
27.8	30.3	5.7	30.3	
27.8	32.8	-6.6	3.2	
32.8	25.4	5.7	5.7	
37.7	22.9	13.1	8.2	
37.7	32.8	18.0	27.8	
20.5	25.4	10.6	5.7	
18.0	27.8	-1.7	-1.7	
27.8	32.8	8.2	5.7	
35.2	25.4	8.2	0.8	
5.7	32.8	13.1	5.7	
-1.7	37.7	13.1	-1.7	
22.9	27.8	13.1	20.5	
32.8	35.2	10.6	20.5	
27.8	40.1	10.6	-4.1	
45.1	45.1	0.8	-9.1	
27.8	40.1	10.6	-6.6	
22.9	42.6	8.2	-6.6	
30.3	40.1	8.2	-6.6	
35.2	40.1	0.8	-9.1	
22.9	45.1	3.2	15.5	
22.9	35.2	-4.1	3.2	
27.8	15.5	3.2	-28.7	
32.8	-11.5	18.0	22.9	
20.5	-18.9	15.5	40.1	
13.1	8.2	13.1	-4.1	
8.2	35.2	5.7	-11.5	
13.1	50.0	10.6	3.2	
20.5	54.9	-6.6	0.8	
13.1	77.0	-4.1	3.2	
22.9	62.3	-4.1	-1.7	
27.8	47.5	-1.7	-14.0	
22.9	10.6	0.8	-16.4	
20.5	5.7	0.8	-23.8	
35.2	10.6	-4.1	-21.4	
40.1	13.1	-4.1	13.1	
42.6	18.0	-14.0	62.3	
30.3	30.3	-11.5	20.5	
25.4	47.5	8.2	32.8	
30.3	52.4	5.7	5.7	
35.2	42.6	10.6	5.7	
27.8	45.1	3.2	-6.6	
35.2	50.0	8.2	-16.4	
32.8	37.7	0.8	-1.7	
37.7	22.9	0.8	0.8	
42.6	3.2	8.2	-4.1	
45.1	22.9	10.6	0.8	
35.2	59.8	8.2	-1.7	
32.8	18.0	8.2	0.8	
37.7	13.1	3.2	8.2	
27.8	25.4	5.7	20.5	
35.2	59.8	0.8	18.0	
40.1	64.7	15.5	10.6	
45.1	45.1	13.1	-6.6	
35.2	22.9	5.7	5.7	
27.8	22.9	5.7	0.8	
27.8	20.5	0.8	3.2	
32.8	25.4	0.8	-4.1	
54.9	30.3	-4.1	8.2	
37.7	25.4	8.2	-4.1	
32.8	20.5	8.2	5.7	
40.1	27.8	5.7	-4.1	
27.8	32.8	-1.7	13.1	
25.4	32.8	10.6	18.0	
35.2	37.7	10.6	8.2	
15.5	30.3	-4.1	-1.7	
15.5	37.7	8.2	13.1	
13.1	32.8	0.8	0.8	
15.5	37.7	8.2	13.1	
10.6	32.8	0.8	5.7	
8.2	40.1	5.7	-1.7	
25.4	32.8	10.6	13.1	
32.8	47.5	3.2	18.0	
37.7	27.8	8.2	22.9	
30.3	13.1	3.2	5.7	
47.5	18.0	5.7	-11.5	
42.6	25.4	5.7	-1.7	
47.5	30.3	10.6	-18.9	
54.9	32.8	0.8	-14.0	
35.2	42.6	18.0	10.6	
47.5	47.5	18.0	10.6	
45.1	57.4	8.2	-4.1	
32.8	47.5	3.2	-16.4	
47.5	50.0	-1.7	-6.6	
32.8	54.9	3.2	3.2	
27.8	54.9	18.0	3.2	
5.7	54.9	18.0	-18.9	
-11.5	5.7	10.6	5.7	
-21.4	18.0	8.2	22.9	
-11.5	32.8	3.2	5.7	
-6.6	13.1	3.2	15.5	
-21.4	27.8	-1.7	35.2	
-16.4	10.6	-1.7	22.9	
-28.7	15.5	3.2	-1.7	
-26.3	59.8	-9.1	15.5	
-28.7	79.5	-6.6	15.5	
-28.7	79.5	5.7	15.5	
-23.8	54.9	8.2	18.0	
-11.5	30.3	20.5	18.0	
-23.8	30.3	10.6	13.1	
-14.0	40.1	5.7	3.2	
-9.1	5.7	13.1	5.7	
-23.8	-31.2	8.2	5.7	
-21.4	-38.6	0.8	-6.6	
-23.8	18.0	-6.6	20.5	
-11.5	57.4	-9.1	3.2	
-18.9	25.4	10.6	-11.5	
-16.4	-21.4	3.2	-4.1	
-11.5	-33.7	3.2	-1.7	
-23.8	-18.9	3.2	0.8	
-26.3	54.9	0.8	0.8	
-16.4	37.7	5.7	5.7	
-11.5	8.2	3.2	3.2	
5.7	-43.5	-4.1	-4.1	
15.5	18.0	5.7	-9.1	
-4.1	25.4	-1.7	-4.1	
-18.9	-4.1	8.2	8.2	
-11.5	18.0	-9.1	8.2	
-28.7	59.8	8.2	-6.6	
-23.8	20.5	3.2	22.9	
-31.2	13.1	-4.1	5.7	
-38.6	-11.5	3.2	8.2	
-33.7	20.5	3.2	-1.7	
-23.8	40.1	3.2	8.2	
-31.2	50.0	0.8	-6.6	
-6.6	32.8	-4.1	-4.1	
-6.6	45.1	-1.7	3.2	
3.2	52.4	0.8	0.8	
-18.9	37.7	0.8	0.8	
-4.1	45.1	-4.1	0.8	
-16.4	0.8	-1.7	3.2	
-14.0	-6.6	-1.7	22.9	
-18.9	-4.1	8.2	22.9	
-1.7	18.0	-1.7	20.5	
13.1	18.0	3.2	13.1	
22.9	-4.1	0.8	13.1	
22.9	3.2	8.2	18.0	
27.8	40.1	-4.1	-4.1	
62.3	27.8	-4.1	-18.9	
57.4	20.5	5.7	-1.7	
37.7	47.5	-4.1	5.7	
30.3	50.0	-4.1	-1.7	
32.8	32.8	-1.7	3.2	
37.7	37.7	-14.0	13.1	
37.7	22.9	0.8	13.1	
18.0	15.5	-1.7	0.8	
18.0	-14.0	0.8	5.7	
15.5	8.2	-1.7	0.8	
0.8	-1.7	0.8	3.2	
-9.1	-14.0	0.8	-6.6	
-14.0	-33.7	3.2	-14.0	
-11.5	-16.4	3.2	-4.1	
-18.9	0.8	3.2	-4.1	
-26.3	5.7	-11.5	3.2	
-16.4	3.2	3.2	-6.6	
8.2	-6.6	0.8	0.8	
30.3	-28.7	-1.7	22.9	
42.6	-21.4	-14.0	18.0	
35.2	-9.1	0.8	8.2	
52.4	-4.1	0.8	3.2	
57.4	13.1	-9.1	-1.7	
50.0	15.5	-4.1	-4.1	
32.8	22.9	-4.1	8.2	
18.0	45.1	-4.1	0.8	
20.5	52.4	0.8	-1.7	
-9.1	59.8	0.8	5.7	
-14.0	64.7	-4.1	-4.1	
3.2	74.6	5.7	5.7	
-9.1	106.6	5.7	-6.6	
-16.4	96.7	0.8	5.7	
-6.6	109.0	-6.6	5.7	
3.2	111.5	-6.6	0.8	
13.1	104.1	3.2	-4.1	
32.8	96.7	-1.7	-1.7	
27.8	116.4	-1.7	-4.1	
22.9	113.9	-1.7	-4.1	
27.8	113.9	0.8	-6.6	
35.2	116.4	-1.7	-4.1	
35.2	109.0	-14.0	-1.7	
22.9	104.1	0.8	8.2	
5.7	94.3	-4.1	5.7	
0.8	96.7	8.2	5.7	
8.2	91.8	-4.1	5.7	
32.8	72.1	13.1	-4.1	
57.4	77.0	-1.7	-4.1	
62.3	59.8	5.7	10.6	
50.0	52.4	0.8	8.2	
32.8	59.8	-1.7	-1.7	
40.1	52.4	13.1	-14.0	
37.7	50.0	13.1	-1.7	
52.4	10.6	15.5	3.2	
40.1	-14.0	8.2	10.6	
40.1	3.2	3.2	3.2	
30.3	3.2	5.7	-1.7	
30.3	-14.0	-9.1	-1.7	
25.4	3.2	-4.1	8.2	
22.9	3.2	5.7	5.7	
22.9	-1.7	-6.6	13.1	
15.5	0.8	-1.7	13.1	
15.5	-6.6	15.5	15.5	
32.8	-11.5	3.2	10.6	
15.5	-14.0	-4.1	-1.7	
13.1	-6.6	-1.7	-4.1	
0.8	-4.1	3.2	0.8	
-16.4	-6.6	0.8	-14.0	
0.8	25.4	5.7	5.7	
-1.7	25.4	3.2	0.8	
-1.7	18.0	3.2	5.7	
-1.7	22.9	-4.1	13.1	
3.2	40.1	3.2	3.2	
-14.0	64.7	8.2	-1.7	
-14.0	37.7	5.7	8.2	
-6.6	-16.4	5.7	-6.6	
5.7	-14.0	5.7	-11.5	
-11.5	0.8	8.2	-9.1	
-18.9	32.8	0.8	3.2	
-16.4	13.1	3.2	5.7	
-14.0	-11.5	20.5	-6.6	
-18.9	18.0	8.2	8.2	
-9.1	54.9	5.7	3.2	
-9.1	94.3	5.7	-1.7	
13.1	94.3	10.6	13.1	
13.1	42.6	10.6	20.5	
10.6	57.4	10.6	15.5	
-9.1	27.8	5.7	5.7	
3.2	52.4	0.8	-1.7	
3.2	42.6	15.5	-11.5	
0.8	8.2	13.1	0.8	
3.2	-14.0	8.2	5.7	
-6.6	-41.0	18.0	20.5	
13.1	-16.4	18.0	15.5	
22.9	-18.9	13.1	-1.7	
8.2	-33.7	13.1	-6.6	
20.5	-21.4	8.2	-6.6	
3.2	18.0	5.7	3.2	
3.2	50.0	0.8	13.1	
15.5	52.4	10.6	13.1	
18.0	50.0	3.2	-1.7	
20.5	54.9	13.1	-4.1	
22.9	37.7	15.5	10.6	
13.1	50.0	0.8	3.2	
8.2	64.7	15.5	8.2	
-1.7	54.9	10.6	8.2	
-9.1	25.4	13.1	10.6	
-9.1	-14.0	8.2	3.2	
-9.1	-28.7	8.2	-9.1	
8.2	-26.3	5.7	-6.6	
15.5	-43.5	3.2	-6.6	
15.5	-21.4	5.7	-1.7	
15.5	-1.7	5.7	0.8	
10.6	25.4	0.8	10.6	
3.2	40.1	3.2	22.9	
-1.7	10.6	5.7	13.1	
8.2	-9.1	5.7	-4.1	
5.7	0.8	5.7	-6.6	
-4.1	0.8	10.6	-9.1	
15.5	40.1	10.6	-9.1	
18.0	37.7	5.7	0.8	
20.5	40.1	5.7	-4.1	
20.5	42.6	5.7	3.2	
3.2	50.0	-1.7	3.2	
13.1	37.7	3.2	10.6	
18.0	22.9	15.5	10.6	
3.2	27.8	0.8	-9.1	
0.8	40.1	13.1	-1.7	
18.0	35.2	0.8	-11.5	
27.8	42.6	5.7	-4.1	
32.8	45.1	-1.7	13.1	
25.4	91.8	-6.6	32.8	
27.8	52.4	-6.6	5.7	
30.3	20.5	-9.1	0.8	
25.4	-1.7	10.6	18.0	
0.8	-9.1	0.8	-4.1	
-16.4	-4.1	5.7	-1.7	
-14.0	-23.8	5.7	3.2	
-1.7	-6.6	0.8	0.8	
15.5	25.4	0.8	-1.7	
20.5	74.6	-4.1	-9.1	
3.2	47.5	3.2	-6.6	
-21.4	27.8	-1.7	5.7	
-21.4	30.3	0.8	-6.6	
-1.7	32.8	10.6	5.7	
3.2	50.0	5.7	-6.6	
-1.7	67.2	0.8	8.2	
25.4	10.6	0.8	0.8	
27.8	25.4	-4.1	5.7	
45.1	37.7	10.6	10.6	
62.3	27.8	3.2	15.5	
50.0	25.4	5.7	10.6	
18.0	22.9	15.5	5.7	
13.1	10.6	10.6	3.2	
-6.6	-23.8	-4.1	3.2	
5.7	0.8	0.8	-9.1	
20.5	30.3	3.2	-4.1	
35.2	18.0	0.8	3.2	
37.7	-4.1	5.7	-6.6	
35.2	18.0	-6.6	13.1	
27.8	0.8	13.1	5.7	
10.6	-11.5	3.2	-1.7	
-4.1	35.2	0.8	5.7	
-1.7	74.6	-6.6	8.2	
-1.7	57.4	-4.1	20.5	
-14.0	45.1	3.2	20.5	
-21.4	37.7	5.7	-4.1	
-21.4	40.1	-1.7	8.2	
-11.5	59.8	0.8	3.2	
-14.0	45.1	3.2	-1.7	
-4.1	30.3	3.2	-11.5	
-1.7	50.0	-4.1	3.2	
8.2	27.8	-1.7	-6.6	
3.2	10.6	-1.7	-11.5	
18.0	-16.4	-1.7	-9.1	
37.7	-6.6	0.8	0.8	
54.9	42.6	-4.1	-1.7	
50.0	15.5	13.1	10.6	
42.6	-41.0	18.0	32.8	
35.2	3.2	8.2	0.8	
27.8	77.0	-1.7	-1.7	
18.0	77.0	3.2	10.6	
13.1	32.8	-1.7	-1.7	
32.8	42.6	0.8	13.1	
27.8	69.7	0.8	0.8	
25.4	54.9	0.8	0.8	
20.5	45.1	-6.6	0.8	
20.5	62.3	5.7	18.0	
15.5	10.6	-4.1	8.2	
3.2	-6.6	5.7	8.2	
-16.4	45.1	15.5	0.8	
5.7	54.9	5.7	-14.0	
-14.0	27.8	8.2	5.7	
-9.1	40.1	0.8	-1.7	
-16.4	84.4	-4.1	13.1	
-18.9	123.8	-1.7	5.7	
-16.4	118.9	0.8	-1.7	
-1.7	82.0	0.8	0.8	
5.7	42.6	-9.1	5.7	
3.2	-14.0	5.7	8.2	
5.7	-46.0	-6.6	0.8	
27.8	-73.0	0.8	8.2	
5.7	-38.6	-6.6	0.8	
0.8	-6.6	-1.7	-1.7	
22.9	40.1	8.2	-4.1	
37.7	86.9	-1.7	-1.7	
25.4	79.5	-9.1	0.8	
25.4	72.1	0.8	-1.7	
27.8	50.0	0.8	5.7	
32.8	30.3	8.2	-1.7	
30.3	32.8	0.8	3.2	
30.3	-1.7	-1.7	5.7	
27.8	-50.9	-9.1	20.5	
27.8	-46.0	8.2	10.6	
15.5	-23.8	-11.5	3.2	
5.7	15.5	5.7	-1.7	
-9.1	0.8	-4.1	8.2	
-1.7	-31.2	-4.1	-1.7	
-6.6	-28.7	8.2	-4.1	
-16.4	-31.2	5.7	3.2	
-11.5	-11.5	-1.7	-4.1	
-18.9	18.0	0.8	8.2	
-9.1	35.2	-1.7	3.2	
-6.6	42.6	-9.1	8.2	
-4.1	64.7	3.2	8.2	
-1.7	77.0	-1.7	0.8	
-6.6	47.5	-4.1	-9.1	
3.2	35.2	3.2	-9.1	
-9.1	54.9	0.8	-16.4	
8.2	47.5	-1.7	-4.1	
5.7	30.3	-9.1	0.8	
5.7	35.2	-6.6	-1.7	
35.2	62.3	-4.1	5.7	
45.1	67.2	-6.6	15.5	
10.6	32.8	-11.5	25.4	
8.2	22.9	-4.1	37.7	
5.7	50.0	-1.7	22.9	
0.8	67.2	-11.5	10.6	
5.7	-11.5	3.2	-1.7	
3.2	-14.0	-6.6	-1.7	
-1.7	47.5	0.8	13.1	
-1.7	27.8	0.8	13.1	
-4.1	-14.0	8.2	20.5	
5.7	20.5	0.8	20.5	
10.6	40.1	0.8	20.5	
25.4	-14.0	5.7	0.8	
30.3	0.8	3.2	0.8	
22.9	10.6	8.2	-16.4	
-4.1	30.3	10.6	10.6	
-1.7	94.3	-1.7	-1.7	
20.5	57.4	-14.0	3.2	
5.7	10.6	0.8	-4.1	
8.2	10.6	5.7	5.7	
13.1	3.2	8.2	5.7	
37.7	10.6	5.7	25.4	
32.8	22.9	5.7	8.2	
22.9	42.6	13.1	-16.4	
13.1	0.8	18.0	-4.1	
8.2	35.2	10.6	5.7	
-1.7	-1.7	-1.7	0.8	
-1.7	-16.4	0.8	0.8	
0.8	-55.8	5.7	10.6	
-4.1	-16.4	0.8	10.6	
5.7	89.3	3.2	8.2	
-4.1	79.5	5.7	32.8	
13.1	10.6	5.7	13.1	
15.5	0.8	3.2	-4.1	
15.5	40.1	8.2	-1.7	
18.0	74.6	3.2	3.2	
5.7	69.7	3.2	-9.1	
-6.6	106.6	-9.1	-9.1	
3.2	54.9	8.2	-4.1	
8.2	35.2	-1.7	8.2	
-6.6	22.9	0.8	8.2	
-16.4	13.1	8.2	-4.1	
-14.0	35.2	-6.6	-6.6	
0.8	59.8	13.1	0.8	
-6.6	74.6	0.8	3.2	
0.8	91.8	0.8	10.6	
3.2	96.7	8.2	15.5	
10.6	50.0	-1.7	-14.0	
13.1	30.3	5.7	-31.2	
20.5	47.5	0.8	3.2	
22.9	57.4	-11.5	52.4	
18.0	15.5	-9.1	45.1	
22.9	-46.0	-1.7	0.8	
22.9	-41.0	-1.7	8.2	
25.4	-36.1	-4.1	13.1	
30.3	-18.9	-11.5	25.4	
18.0	27.8	3.2	22.9	
25.4	32.8	0.8	18.0	
35.2	52.4	5.7	18.0	
30.3	37.7	3.2	8.2	
27.8	32.8	-6.6	-14.0	
-1.7	57.4	13.1	18.0	
-1.7	42.6	5.7	8.2	
-6.6	18.0	-4.1	-1.7	
0.8	15.5	0.8	-1.7	
10.6	30.3	-9.1	3.2	
20.5	72.1	-1.7	5.7	
35.2	79.5	3.2	5.7	
30.3	40.1	-6.6	-6.6	
18.0	-6.6	3.2	5.7	
18.0	0.8	-1.7	15.5	
13.1	22.9	-1.7	5.7	
18.0	8.2	-14.0	5.7	
18.0	-16.4	0.8	13.1	
-16.4	18.0	-4.1	3.2	
-23.8	47.5	3.2	3.2	
-11.5	89.3	-4.1	0.8	
-1.7	118.9	3.2	8.2	
22.9	84.4	-4.1	13.1	
18.0	69.7	0.8	10.6	
13.1	106.6	0.8	5.7	
27.8	133.6	-1.7	5.7	
30.3	74.6	-4.1	3.2	
25.4	20.5	3.2	-6.6	
32.8	-9.1	8.2	-4.1	
13.1	-11.5	-9.1	-4.1	
18.0	0.8	-1.7	0.8	
8.2	-14.0	0.8	3.2	
13.1	-36.1	-14.0	10.6	
15.5	-38.6	-6.6	8.2	
13.1	-9.1	0.8	22.9	
10.6	-6.6	-1.7	27.8	
5.7	0.8	13.1	10.6	
10.6	20.5	0.8	0.8	
0.8	37.7	-1.7	-6.6	
-4.1	25.4	-6.6	-4.1	
-14.0	40.1	5.7	3.2	
-36.1	30.3	-1.7	8.2	
-11.5	32.8	5.7	13.1	
-9.1	52.4	-6.6	15.5	
0.8	50.0	-9.1	-11.5	
18.0	54.9	8.2	-9.1	
13.1	96.7	-1.7	-4.1	
15.5	84.4	-4.1	-9.1	
-4.1	64.7	20.5	-4.1	
-23.8	47.5	18.0	-9.1	
-31.2	69.7	10.6	-14.0	
-33.7	64.7	-1.7	-14.0	
-38.6	62.3	-1.7	-9.1	
-4.1	86.9	0.8	3.2	
15.5	64.7	-1.7	20.5	
30.3	5.7	15.5	18.0	
40.1	-16.4	22.9	30.3	
47.5	-9.1	10.6	10.6	
50.0	35.2	8.2	-4.1	
40.1	54.9	3.2	-1.7	
27.8	10.6	13.1	-9.1	
15.5	-18.9	20.5	3.2	
15.5	25.4	25.4	5.7	
0.8	-28.7	27.8	5.7	
-1.7	-26.3	10.6	3.2	
10.6	-16.4	5.7	0.8	
15.5	15.5	13.1	-4.1	
18.0	8.2	22.9	-4.1	
18.0	10.6	15.5	-4.1	
35.2	20.5	10.6	3.2	
40.1	37.7	20.5	0.8	
35.2	32.8	18.0	-1.7	
13.1	27.8	0.8	-4.1	
18.0	35.2	0.8	18.0	
20.5	32.8	13.1	5.7	
13.1	25.4	0.8	8.2	
-6.6	13.1	-1.7	-4.1	
-1.7	22.9	8.2	-9.1	
3.2	15.5	18.0	13.1	
8.2	42.6	20.5	0.8	
-1.7	57.4	22.9	5.7	
-14.0	64.7	15.5	5.7	
-11.5	67.2	15.5	-1.7	
-6.6	59.8	3.2	5.7	
8.2	50.0	8.2	-14.0	
8.2	67.2	10.6	-4.1	
-1.7	52.4	8.2	8.2	
15.5	-9.1	15.5	0.8	
3.2	25.4	15.5	3.2	
-16.4	74.6	8.2	-1.7	
3.2	42.6	25.4	5.7	
13.1	3.2	5.7	8.2	
22.9	22.9	13.1	5.7	
18.0	30.3	15.5	3.2	
18.0	10.6	18.0	-4.1	
13.1	3.2	15.5	5.7	
5.7	-23.8	18.0	15.5	
-6.6	-26.3	18.0	8.2	
5.7	-21.4	18.0	8.2	
0.8	-1.7	13.1	0.8	
0.8	27.8	13.1	3.2	
3.2	30.3	8.2	8.2	
13.1	47.5	13.1	8.2	
18.0	45.1	18.0	3.2	
18.0	32.8	8.2	22.9	
3.2	32.8	-4.1	3.2	
10.6	47.5	5.7	-6.6	
-6.6	40.1	13.1	-4.1	
-9.1	42.6	10.6	5.7	
-6.6	57.4	-6.6	13.1	
-9.1	32.8	8.2	13.1	
13.1	20.5	15.5	25.4	
15.5	13.1	5.7	20.5	
13.1	13.1	8.2	3.2	
3.2	25.4	10.6	3.2	
-11.5	42.6	5.7	3.2	
3.2	35.2	0.8	3.2	
10.6	57.4	22.9	5.7	
13.1	67.2	13.1	-18.9	
30.3	52.4	25.4	-21.4	
25.4	45.1	8.2	-14.0	
25.4	62.3	8.2	-6.6	
22.9	50.0	15.5	10.6	
3.2	-11.5	5.7	18.0	
-6.6	-4.1	3.2	30.3	
-4.1	8.2	3.2	15.5	
-4.1	10.6	5.7	18.0	
-6.6	52.4	-1.7	3.2	
-6.6	57.4	8.2	-16.4	
-4.1	35.2	-9.1	-1.7	
-4.1	35.2	-1.7	0.8	
-6.6	32.8	-4.1	-1.7	
8.2	22.9	10.6	13.1	
18.0	42.6	-9.1	3.2	
25.4	5.7	13.1	22.9	
3.2	-41.0	13.1	27.8	
5.7	45.1	8.2	3.2	
-21.4	62.3	18.0	-4.1	
-28.7	22.9	15.5	-1.7	
-28.7	13.1	13.1	-4.1	
-36.1	30.3	10.6	0.8	
-9.1	62.3	-1.7	-14.0	
-4.1	35.2	13.1	-16.4	
-18.9	101.6	18.0	-4.1	
-9.1	106.6	-1.7	22.9	
-18.9	47.5	5.7	57.4	
-11.5	-16.4	8.2	5.7	
-4.1	-100.1	-1.7	-28.7	
-4.1	3.2	5.7	-1.7	
-6.6	27.8	5.7	25.4	
-6.6	47.5	3.2	40.1	
-38.6	40.1	18.0	15.5	
-6.6	-14.0	27.8	5.7	
20.5	-46.0	13.1	-6.6	
32.8	50.0	0.8	0.8	
22.9	74.6	15.5	25.4	
20.5	72.1	15.5	15.5	
15.5	22.9	18.0	10.6	
32.8	27.8	8.2	37.7	
30.3	27.8	10.6	42.6	
42.6	25.4	13.1	32.8	
52.4	20.5	13.1	18.0	
30.3	27.8	18.0	-33.7	
22.9	35.2	22.9	-33.7	
25.4	42.6	13.1	-6.6	
25.4	79.5	18.0	18.0	
18.0	94.3	13.1	40.1	
22.9	94.3	13.1	18.0	
15.5	106.6	18.0	-11.5	
-4.1	118.9	10.6	-1.7	
-4.1	111.5	3.2	-1.7	
-14.0	94.3	0.8	-16.4	
-26.3	42.6	-1.7	3.2	
-18.9	35.2	10.6	-41.0	
0.8	47.5	0.8	-50.9	
8.2	-41.0	8.2	-28.7	
13.1	-105.0	5.7	-21.4	
20.5	-117.3	5.7	25.4	
3.2	-134.5	-1.7	10.6	
-33.7	-119.8	-11.5	0.8	
-28.7	-132.1	5.7	13.1	
-18.9	-55.8	13.1	0.8	
-4.1	0.8	20.5	13.1	
-18.9	30.3	10.6	25.4	
-11.5	25.4	13.1	18.0	
-6.6	89.3	20.5	3.2	
-6.6	72.1	22.9	5.7	
3.2	45.1	18.0	8.2	
-14.0	35.2	13.1	0.8	
-9.1	42.6	8.2	10.6	
-14.0	47.5	10.6	8.2	
-11.5	47.5	13.1	5.7	
0.8	35.2	5.7	3.2	
8.2	37.7	0.8	0.8	
-6.6	50.0	-4.1	5.7	
-6.6	57.4	0.8	8.2	
-11.5	64.7	0.8	5.7	
-1.7	45.1	10.6	15.5	
5.7	42.6	8.2	8.2	
40.1	35.2	3.2	5.7	
50.0	35.2	10.6	5.7	
18.0	30.3	8.2	-14.0	
3.2	27.8	-4.1	-9.1	
-1.7	50.0	8.2	-11.5	
15.5	52.4	8.2	-11.5	
13.1	52.4	15.5	-1.7	
5.7	32.8	20.5	0.8	
18.0	13.1	3.2	13.1	
30.3	18.0	5.7	32.8	
35.2	37.7	-4.1	22.9	
37.7	40.1	10.6	8.2	
30.3	47.5	15.5	-1.7	
22.9	47.5	8.2	-6.6	
18.0	47.5	-1.7	-4.1	
15.5	82.0	5.7	18.0	
13.1	94.3	-4.1	-1.7	
-1.7	91.8	3.2	-6.6	
5.7	91.8	8.2	3.2	
20.5	59.8	5.7	8.2	
25.4	32.8	-9.1	-4.1	
35.2	0.8	-6.6	8.2	
32.8	-43.5	0.8	10.6	
40.1	-14.0	5.7	-1.7	
32.8	3.2	8.2	8.2	
10.6	40.1	-4.1	8.2	
20.5	13.1	3.2	8.2	
3.2	18.0	0.8	-9.1	
-1.7	22.9	-1.7	3.2	
-11.5	79.5	-1.7	-4.1	
-4.1	77.0	8.2	-9.1	
13.1	3.2	15.5	10.6	
25.4	-63.2	10.6	8.2	
27.8	-55.8	5.7	8.2	
20.5	-41.0	8.2	5.7	
13.1	-18.9	5.7	8.2	
-1.7	0.8	3.2	5.7	
-6.6	47.5	5.7	3.2	
10.6	106.6	8.2	0.8	
-1.7	40.1	13.1	10.6	
-9.1	40.1	10.6	5.7	
-16.4	20.5	8.2	0.8	
-31.2	32.8	3.2	-6.6	
-11.5	22.9	10.6	5.7	
-11.5	40.1	10.6	5.7	
8.2	25.4	-6.6	-14.0	
15.5	22.9	-4.1	0.8	
30.3	52.4	-1.7	-1.7	
15.5	89.3	0.8	-1.7	
25.4	62.3	8.2	3.2	
35.2	54.9	-4.1	3.2	
42.6	32.8	8.2	13.1	
15.5	35.2	5.7	18.0	
10.6	47.5	3.2	15.5	
-6.6	62.3	3.2	10.6	
-14.0	59.8	0.8	-6.6	
-18.9	32.8	-6.6	3.2	
-14.0	69.7	3.2	0.8	
-6.6	67.2	0.8	-6.6	
3.2	42.6	8.2	-6.6	
-4.1	62.3	5.7	-11.5	
-6.6	77.0	5.7	-14.0	
-9.1	42.6	0.8	-6.6	
-4.1	-33.7	15.5	-9.1	
18.0	-26.3	20.5	-1.7	
13.1	-82.9	22.9	10.6	
15.5	-149.3	18.0	50.0	
13.1	-43.5	13.1	40.1	
15.5	3.2	10.6	3.2	
0.8	-26.3	8.2	0.8	
-1.7	8.2	13.1	5.7	
0.8	47.5	8.2	5.7	
-6.6	47.5	10.6	-1.7	
-9.1	32.8	3.2	3.2	
-28.7	67.2	3.2	-9.1	
-33.7	91.8	0.8	8.2	
-28.7	82.0	-4.1	10.6	
-11.5	86.9	-1.7	-6.6	
0.8	91.8	8.2	-4.1	
50.0	96.7	8.2	-1.7	
50.0	99.2	8.2	-9.1	
25.4	77.0	-1.7	-1.7	
30.3	82.0	-1.7	10.6	
18.0	35.2	10.6	-11.5	
-16.4	-6.6	0.8	-4.1	
-14.0	10.6	3.2	25.4	
-21.4	5.7	5.7	25.4	
-11.5	30.3	8.2	22.9	
-11.5	-26.3	5.7	0.8	
-14.0	32.8	-6.6	10.6	
-1.7	40.1	13.1	5.7	
-14.0	8.2	13.1	15.5	
-18.9	-4.1	18.0	-6.6	
-21.4	-1.7	18.0	-14.0	
-1.7	22.9	8.2	-6.6	
5.7	15.5	-6.6	-6.6	
8.2	-16.4	-6.6	20.5	
15.5	-9.1	5.7	13.1	
18.0	-18.9	-1.7	13.1	
8.2	13.1	-1.7	13.1	
5.7	59.8	3.2	15.5	
0.8	40.1	8.2	10.6	
-9.1	13.1	10.6	-1.7	
10.6	25.4	-4.1	3.2	
0.8	32.8	0.8	-6.6	
-6.6	50.0	5.7	8.2	
-6.6	47.5	15.5	-9.1	
20.5	37.7	18.0	8.2	
-4.1	22.9	0.8	3.2	
-11.5	37.7	8.2	10.6	
-21.4	40.1	-4.1	8.2	
-14.0	15.5	-1.7	-6.6	
-6.6	8.2	-1.7	8.2	
-11.5	15.5	5.7	-4.1	
-14.0	30.3	5.7	8.2	
-26.3	59.8	8.2	0.8	
-23.8	57.4	5.7	3.2	
-14.0	50.0	-1.7	0.8	
-23.8	57.4	8.2	10.6	
8.2	35.2	0.8	-1.7	
27.8	35.2	-1.7	-1.7	
64.7	30.3	-9.1	13.1	
27.8	20.5	3.2	5.7	
35.2	37.7	13.1	0.8	
22.9	30.3	3.2	-1.7	
18.0	-26.3	5.7	3.2	
20.5	-87.8	13.1	-11.5	
32.8	-36.1	20.5	-11.5	
25.4	0.8	10.6	-6.6	
3.2	-23.8	5.7	0.8	
3.2	0.8	0.8	10.6	
10.6	5.7	13.1	-1.7	
13.1	22.9	10.6	-4.1	
15.5	25.4	15.5	0.8	
15.5	22.9	18.0	18.0	
0.8	30.3	8.2	10.6	
-1.7	22.9	8.2	-6.6	
-9.1	8.2	5.7	-9.1	
3.2	30.3	-1.7	-1.7	
-28.7	32.8	0.8	3.2	
-31.2	15.5	13.1	-1.7	
-38.6	-11.5	20.5	-1.7	
-36.1	-14.0	20.5	-4.1	
-43.5	45.1	3.2	8.2	
-33.7	-23.8	13.1	-1.7	
-6.6	-48.4	-4.1	3.2	
-1.7	0.8	0.8	10.6	
18.0	57.4	3.2	-6.6	
15.5	67.2	8.2	-1.7	
10.6	64.7	0.8	0.8	
-14.0	37.7	-4.1	3.2	
0.8	25.4	5.7	-4.1	
18.0	96.7	-1.7	0.8	
32.8	123.8	13.1	-1.7	
37.7	131.2	13.1	-11.5	
32.8	123.8	15.5	-6.6	
25.4	84.4	8.2	-9.1	
30.3	67.2	8.2	0.8	
45.1	86.9	20.5	-1.7	
25.4	101.6	13.1	-4.1	
15.5	101.6	5.7	0.8	
20.5	123.8	5.7	5.7	
27.8	99.2	10.6	-1.7	
13.1	79.5	8.2	13.1	
8.2	121.3	8.2	25.4	
8.2	99.2	8.2	15.5	
3.2	79.5	5.7	8.2	
0.8	62.3	5.7	-21.4	
-9.1	25.4	15.5	-21.4	
5.7	42.6	15.5	-23.8	
5.7	62.3	5.7	-6.6	
-6.6	57.4	3.2	8.2	
-6.6	62.3	0.8	13.1	
8.2	82.0	0.8	-18.9	
13.1	72.1	-1.7	0.8	
15.5	50.0	5.7	40.1	
22.9	3.2	18.0	35.2	
18.0	-38.6	13.1	18.0	
8.2	-23.8	15.5	8.2	
-9.1	-26.3	-1.7	13.1	
-9.1	-38.6	3.2	3.2	
-1.7	-41.0	13.1	-1.7	
13.1	-11.5	15.5	0.8	
35.2	42.6	15.5	10.6	
27.8	59.8	8.2	5.7	
20.5	18.0	15.5	10.6	
8.2	0.8	13.1	27.8	
5.7	-16.4	3.2	15.5	
0.8	-46.0	13.1	3.2	
8.2	-73.0	18.0	-4.1	
8.2	-122.2	13.1	15.5	
0.8	-90.2	8.2	15.5	
0.8	-41.0	8.2	3.2	
-6.6	42.6	8.2	-16.4	
-6.6	25.4	10.6	-18.9	
5.7	10.6	-4.1	-23.8	
-6.6	37.7	13.1	-9.1	
0.8	59.8	22.9	5.7	
15.5	67.2	15.5	10.6	
0.8	64.7	25.4	20.5	
5.7	72.1	20.5	22.9	
-16.4	18.0	20.5	18.0	
-14.0	-16.4	20.5	18.0	
5.7	-11.5	20.5	15.5	
15.5	-4.1	18.0	8.2	
3.2	-50.9	13.1	-6.6	
-16.4	-26.3	15.5	20.5	
-14.0	-9.1	13.1	5.7	
-18.9	-26.3	10.6	13.1	
-18.9	86.9	8.2	15.5	
-4.1	74.6	5.7	15.5	
3.2	67.2	-1.7	10.6	
32.8	-9.1	3.2	3.2	
35.2	-31.2	8.2	0.8	
27.8	84.4	13.1	13.1	
32.8	82.0	15.5	25.4	
37.7	5.7	0.8	10.6	
15.5	-23.8	5.7	-9.1	
25.4	-21.4	10.6	-1.7	
13.1	13.1	0.8	-1.7	
-1.7	69.7	8.2	25.4	
-21.4	106.6	0.8	18.0	
-21.4	86.9	8.2	-1.7	
-23.8	72.1	3.2	-1.7	
-9.1	72.1	18.0	0.8	
-16.4	13.1	13.1	0.8	
-14.0	-6.6	0.8	5.7	
5.7	32.8	15.5	10.6	
15.5	54.9	-1.7	5.7	
30.3	50.0	3.2	0.8	
30.3	50.0	5.7	3.2	
37.7	64.7	8.2	0.8	
57.4	69.7	10.6	-4.1	
42.6	54.9	18.0	-1.7	
47.5	57.4	20.5	3.2	
30.3	32.8	15.5	-4.1	
30.3	0.8	5.7	8.2	
27.8	-18.9	-1.7	3.2	
5.7	-28.7	5.7	10.6	
-6.6	13.1	-1.7	5.7	
-14.0	69.7	8.2	5.7	
-21.4	57.4	8.2	-1.7	
-23.8	32.8	-1.7	8.2	
-23.8	30.3	8.2	5.7	
-6.6	40.1	-1.7	-1.7	
15.5	50.0	8.2	10.6	
57.4	18.0	-11.5	13.1	
40.1	25.4	8.2	3.2	
18.0	27.8	3.2	10.6	
18.0	15.5	8.2	0.8	
10.6	3.2	-4.1	18.0	
18.0	-18.9	5.7	13.1	
25.4	10.6	10.6	18.0	
35.2	30.3	8.2	10.6	
18.0	13.1	-4.1	0.8	
0.8	37.7	5.7	-9.1	
-1.7	42.6	5.7	-4.1	
5.7	62.3	10.6	-9.1	
3.2	57.4	0.8	-4.1	
13.1	57.4	10.6	-4.1	
15.5	64.7	5.7	3.2	
13.1	27.8	0.8	3.2	
15.5	-21.4	0.8	-1.7	
15.5	-14.0	5.7	15.5	
22.9	13.1	8.2	0.8	
22.9	30.3	5.7	-9.1	
8.2	8.2	10.6	0.8	
15.5	15.5	13.1	-6.6	
20.5	52.4	8.2	-9.1	
18.0	47.5	5.7	-4.1	
8.2	72.1	5.7	-1.7	
-4.1	62.3	-1.7	5.7	
-6.6	57.4	-11.5	3.2	
-21.4	57.4	5.7	-11.5	
-23.8	25.4	15.5	25.4	
-28.7	8.2	5.7	15.5	
5.7	-14.0	-1.7	0.8	
8.2	10.6	22.9	10.6	
15.5	-9.1	22.9	-6.6	
15.5	-9.1	20.5	3.2	
22.9	8.2	10.6	10.6	
20.5	40.1	0.8	3.2	
18.0	47.5	30.3	-9.1	
20.5	42.6	35.2	-1.7	
27.8	45.1	25.4	3.2	
22.9	42.6	8.2	5.7	
50.0	50.0	-9.1	15.5	
27.8	27.8	-1.7	10.6	
27.8	32.8	5.7	-1.7	
27.8	54.9	-1.7	-1.7	
15.5	50.0	-1.7	0.8	
8.2	35.2	0.8	-14.0	
5.7	-4.1	3.2	-9.1	
3.2	-21.4	-6.6	-4.1	
15.5	-1.7	5.7	3.2	
0.8	20.5	8.2	-1.7	
-4.1	22.9	8.2	20.5	
0.8	-6.6	13.1	22.9	
-9.1	5.7	20.5	32.8	
-6.6	40.1	18.0	27.8	
-11.5	77.0	13.1	5.7	
-1.7	40.1	5.7	0.8	
-4.1	-4.1	10.6	0.8	
-11.5	-1.7	5.7	3.2	
0.8	-6.6	5.7	5.7	
0.8	52.4	10.6	20.5	
-11.5	52.4	5.7	20.5	
-16.4	18.0	3.2	22.9	
-26.3	25.4	8.2	-1.7	
-11.5	-4.1	8.2	-1.7	
3.2	-1.7	-1.7	-4.1	
27.8	5.7	8.2	-4.1	
5.7	37.7	13.1	0.8	
-1.7	22.9	18.0	10.6	
15.5	-11.5	18.0	5.7	
25.4	20.5	8.2	8.2	
15.5	82.0	3.2	0.8	
20.5	84.4	13.1	3.2	
8.2	79.5	13.1	-9.1	
10.6	82.0	18.0	5.7	
18.0	72.1	18.0	-4.1	
25.4	42.6	22.9	-9.1	
15.5	-6.6	8.2	-11.5	
5.7	-21.4	25.4	0.8	
-6.6	0.8	13.1	0.8	
5.7	22.9	15.5	-9.1	
0.8	30.3	22.9	-4.1	
0.8	18.0	20.5	10.6	
-4.1	-9.1	20.5	5.7	
3.2	-11.5	10.6	0.8	
27.8	-14.0	13.1	0.8	
40.1	5.7	20.5	3.2	
37.7	32.8	15.5	13.1	
30.3	57.4	10.6	0.8	
15.5	64.7	20.5	18.0	
5.7	54.9	13.1	8.2	
0.8	13.1	18.0	-11.5	
-9.1	30.3	13.1	0.8	
-9.1	54.9	15.5	-1.7	
-14.0	62.3	20.5	3.2	
-11.5	27.8	15.5	0.8	
-23.8	32.8	13.1	5.7	
-21.4	52.4	20.5	-4.1	
3.2	50.0	13.1	-1.7	
27.8	62.3	15.5	3.2	
22.9	62.3	5.7	-1.7	
10.6	37.7	18.0	-11.5	
5.7	-38.6	15.5	-9.1	
10.6	-38.6	15.5	3.2	
3.2	35.2	3.2	5.7	
8.2	57.4	13.1	0.8	
20.5	69.7	13.1	5.7	
25.4	72.1	22.9	-1.7	
30.3	45.1	8.2	-1.7	
35.2	32.8	10.6	5.7	
27.8	-28.7	20.5	8.2	
32.8	-60.7	18.0	-1.7	
32.8	-14.0	10.6	0.8	
30.3	-18.9	8.2	8.2	
18.0	5.7	18.0	10.6	
15.5	20.5	5.7	5.7	
22.9	30.3	3.2	13.1	
15.5	45.1	0.8	-1.7	
20.5	30.3	3.2	0.8	
27.8	18.0	0.8	-4.1	
32.8	18.0	-1.7	0.8	
30.3	13.1	-1.7	8.2	
20.5	0.8	3.2	18.0	
18.0	5.7	8.2	15.5	
10.6	10.6	-4.1	5.7	
-4.1	8.2	0.8	13.1	
-21.4	47.5	-6.6	18.0	
-23.8	52.4	-1.7	-1.7	
-9.1	50.0	-1.7	-4.1	
-14.0	52.4	-11.5	-6.6	
5.7	69.7	5.7	3.2	
8.2	74.6	0.8	-9.1	
0.8	79.5	3.2	0.8	
-21.4	57.4	0.8	20.5	
-14.0	22.9	5.7	22.9	
-11.5	3.2	3.2	5.7	
-6.6	8.2	0.8	0.8	
-4.1	-16.4	8.2	0.8	
3.2	-23.8	3.2	0.8	
10.6	13.1	-4.1	-9.1	
10.6	-4.1	13.1	-14.0	
13.1	3.2	5.7	0.8	
45.1	27.8	3.2	5.7	
32.8	64.7	5.7	-1.7	
25.4	79.5	5.7	20.5	
30.3	59.8	0.8	18.0	
20.5	64.7	-6.6	-6.6	
15.5	72.1	-4.1	-9.1	
25.4	45.1	8.2	13.1	
15.5	32.8	8.2	5.7	
13.1	27.8	5.7	-4.1	
18.0	10.6	-1.7	0.8	
5.7	42.6	8.2	15.5	
13.1	64.7	3.2	0.8	
22.9	59.8	-4.1	15.5	
27.8	32.8	3.2	32.8	
18.0	37.7	3.2	3.2	
27.8	54.9	8.2	-9.1	
25.4	40.1	5.7	8.2	
15.5	-55.8	8.2	27.8	
3.2	-36.1	8.2	25.4	
-4.1	13.1	10.6	13.1	
18.0	18.0	5.7	15.5	
8.2	35.2	5.7	8.2	
8.2	37.7	15.5	10.6	
-4.1	30.3	18.0	3.2	
-4.1	5.7	18.0	8.2	
8.2	22.9	5.7	13.1	
22.9	5.7	3.2	18.0	
32.8	8.2	5.7	8.2	
25.4	54.9	8.2	0.8	
20.5	69.7	5.7	13.1	
5.7	22.9	0.8	-1.7	
0.8	18.0	10.6	13.1	
-6.6	30.3	5.7	15.5	
3.2	42.6	10.6	13.1	
20.5	57.4	-1.7	-6.6	
37.7	50.0	-1.7	-16.4	
27.8	22.9	5.7	-18.9	
5.7	5.7	5.7	-16.4	
-1.7	-21.4	8.2	3.2	
25.4	-16.4	18.0	10.6	
15.5	0.8	15.5	32.8	
22.9	40.1	15.5	3.2	
15.5	62.3	13.1	-1.7	
-18.9	72.1	13.1	18.0	
-6.6	59.8	3.2	13.1	
3.2	32.8	5.7	0.8	
-9.1	42.6	8.2	5.7	
5.7	54.9	10.6	10.6	
8.2	64.7	0.8	0.8	
5.7	54.9	0.8	-4.1	
32.8	64.7	-1.7	-6.6	
27.8	52.4	5.7	18.0	
20.5	62.3	-1.7	13.1	
30.3	64.7	-6.6	-1.7	
27.8	52.4	13.1	-9.1	
13.1	47.5	20.5	5.7	
3.2	74.6	15.5	8.2	
-11.5	45.1	5.7	-1.7	
8.2	20.5	-1.7	-1.7	
27.8	25.4	-6.6	10.6	
27.8	-4.1	-6.6	18.0	
25.4	0.8	-6.6	10.6	
25.4	18.0	3.2	3.2	
15.5	42.6	10.6	18.0	
-6.6	25.4	8.2	18.0	
-16.4	-4.1	3.2	18.0	
-9.1	-26.3	13.1	13.1	
-4.1	-9.1	8.2	-11.5	
3.2	0.8	-4.1	-11.5	
3.2	-11.5	3.2	-1.7	
22.9	-36.1	5.7	3.2	
32.8	30.3	5.7	10.6	
20.5	30.3	15.5	8.2	
35.2	45.1	0.8	-4.1	
52.4	54.9	5.7	3.2	
54.9	32.8	5.7	15.5	
32.8	37.7	15.5	0.8	
18.0	47.5	15.5	-14.0	
8.2	74.6	15.5	-9.1	
-21.4	82.0	8.2	-1.7	
-4.1	57.4	0.8	-1.7	
10.6	62.3	8.2	-1.7	
-6.6	72.1	0.8	5.7	
-16.4	82.0	0.8	15.5	
-14.0	72.1	5.7	10.6	
-11.5	40.1	-6.6	8.2	
5.7	-50.9	15.5	3.2	
13.1	-48.4	40.1	5.7	
10.6	-18.9	37.7	0.8	
8.2	3.2	18.0	18.0	
3.2	3.2	0.8	20.5	
-16.4	13.1	-16.4	3.2	
-6.6	57.4	-14.0	-1.7	
5.7	64.7	-9.1	-1.7	
0.8	52.4	-1.7	5.7	
13.1	22.9	-1.7	8.2	
13.1	10.6	13.1	18.0	
15.5	5.7	5.7	20.5	
3.2	0.8	8.2	8.2	
-1.7	-6.6	8.2	10.6	
-1.7	3.2	3.2	18.0	
5.7	0.8	3.2	0.8	
18.0	22.9	3.2	-11.5	
30.3	10.6	10.6	-1.7	
27.8	8.2	8.2	-1.7	
20.5	50.0	3.2	-4.1	
15.5	74.6	15.5	-1.7	
15.5	45.1	8.2	-6.6	
27.8	50.0	5.7	-11.5	
10.6	54.9	-4.1	-9.1	
20.5	62.3	3.2	5.7	
0.8	27.8	18.0	10.6	
3.2	40.1	15.5	22.9	
0.8	35.2	18.0	13.1	
0.8	47.5	8.2	0.8	
-6.6	42.6	13.1	10.6	
3.2	18.0	5.7	0.8	
5.7	15.5	13.1	13.1	
-1.7	18.0	5.7	0.8	
-14.0	5.7	13.1	-11.5	
-4.1	-16.4	20.5	-16.4	
-11.5	-38.6	10.6	-21.4	
-6.6	-33.7	0.8	-18.9	
13.1	-14.0	10.6	25.4	
18.0	20.5	10.6	18.0	
30.3	62.3	5.7	32.8	
40.1	37.7	15.5	8.2	
22.9	42.6	3.2	30.3	
35.2	67.2	-11.5	22.9	
8.2	82.0	5.7	8.2	
3.2	77.0	5.7	-1.7	
20.5	54.9	13.1	-1.7	
3.2	47.5	15.5	0.8	
-14.0	3.2	8.2	0.8	
-11.5	-9.1	8.2	-6.6	
-11.5	8.2	8.2	-6.6	
3.2	37.7	0.8	-4.1	
35.2	37.7	8.2	0.8	
32.8	35.2	5.7	0.8	
20.5	15.5	10.6	15.5	
0.8	22.9	5.7	25.4	
-11.5	47.5	5.7	10.6	
-18.9	20.5	8.2	-4.1	
-14.0	25.4	3.2	8.2	
-1.7	30.3	15.5	3.2	
0.8	27.8	25.4	-1.7	
15.5	35.2	5.7	20.5	
35.2	59.8	8.2	18.0	
30.3	57.4	13.1	22.9	
37.7	13.1	5.7	13.1	
25.4	20.5	13.1	-6.6	
22.9	40.1	3.2	-4.1	
18.0	40.1	0.8	-9.1	
8.2	22.9	8.2	0.8	
15.5	30.3	5.7	3.2	
-1.7	35.2	0.8	0.8	
-11.5	20.5	8.2	3.2	
5.7	20.5	-6.6	-1.7	
22.9	40.1	-6.6	8.2	
30.3	40.1	-1.7	-4.1	
13.1	52.4	-1.7	8.2	
15.5	13.1	-4.1	0.8	
37.7	-1.7	8.2	13.1	
42.6	-6.6	5.7	3.2	
22.9	-31.2	8.2	3.2	
3.2	-28.7	-1.7	5.7	
10.6	0.8	8.2	8.2	
5.7	30.3	-4.1	13.1	
13.1	35.2	10.6	3.2	
27.8	59.8	5.7	-4.1	
8.2	35.2	10.6	0.8	
5.7	30.3	3.2	0.8	
-6.6	27.8	-1.7	0.8	
-4.1	37.7	-6.6	-1.7	
5.7	20.5	0.8	15.5	
8.2	20.5	3.2	22.9	
-9.1	3.2	5.7	0.8	
-14.0	13.1	18.0	-4.1	
-11.5	35.2	5.7	-11.5	
-9.1	35.2	15.5	-4.1	
15.5	64.7	8.2	0.8	
27.8	59.8	8.2	0.8	
32.8	69.7	10.6	-16.4	
52.4	54.9	3.2	-18.9	
64.7	32.8	-11.5	-4.1	
82.0	40.1	-6.6	-11.5	
62.3	35.2	5.7	-18.9	
52.4	5.7	-1.7	45.1	
35.2	-1.7	10.6	50.0	
10.6	18.0	5.7	25.4	
3.2	64.7	0.8	30.3	
-11.5	67.2	10.6	3.2	
5.7	22.9	-4.1	-11.5	
-1.7	77.0	15.5	-1.7	
-6.6	91.8	27.8	-1.7	
-4.1	67.2	3.2	8.2	
8.2	74.6	-1.7	-1.7	
-14.0	50.0	-1.7	0.8	
3.2	54.9	13.1	-1.7	
20.5	57.4	20.5	-4.1	
22.9	-18.9	20.5	13.1	
20.5	-65.6	15.5	-1.7	
5.7	-50.9	13.1	5.7	
10.6	8.2	0.8	-6.6	
8.2	13.1	3.2	-1.7	
0.8	18.0	5.7	5.7	
-4.1	22.9	15.5	-1.7	
0.8	10.6	18.0	-11.5	
5.7	-4.1	0.8	-1.7	
20.5	8.2	-9.1	10.6	
20.5	20.5	5.7	13.1	
8.2	32.8	10.6	5.7	
13.1	54.9	-6.6	3.2	
18.0	-6.6	3.2	0.8	
18.0	-18.9	-1.7	0.8	
20.5	-6.6	8.2	0.8	
22.9	-4.1	13.1	5.7	
25.4	25.4	20.5	22.9	
25.4	37.7	15.5	8.2	
10.6	64.7	10.6	-9.1	
13.1	59.8	8.2	-1.7	
3.2	54.9	5.7	-11.5	
18.0	64.7	10.6	-1.7	
5.7	52.4	-9.1	22.9	
10.6	40.1	0.8	18.0	
3.2	18.0	10.6	10.6	
-11.5	42.6	3.2	5.7	
-14.0	32.8	0.8	8.2	
-11.5	32.8	-4.1	8.2	
-9.1	18.0	-1.7	-18.9	
3.2	10.6	3.2	-6.6	
-6.6	20.5	20.5	-1.7	
-1.7	32.8	3.2	-1.7	
15.5	47.5	-1.7	-1.7	
18.0	54.9	3.2	-4.1	
37.7	42.6	-4.1	0.8	
25.4	50.0	3.2	-1.7	
22.9	45.1	3.2	-9.1	
5.7	45.1	-16.4	5.7	
8.2	35.2	-4.1	22.9	
3.2	22.9	0.8	22.9	
15.5	25.4	-1.7	-1.7	
32.8	22.9	18.0	-14.0	
32.8	45.1	18.0	5.7	
8.2	45.1	8.2	8.2	
8.2	37.7	5.7	-9.1	
0.8	37.7	0.8	-1.7	
-1.7	37.7	-1.7	5.7	
10.6	13.1	-4.1	5.7	
25.4	-31.2	8.2	15.5	
15.5	-41.0	13.1	18.0	
22.9	-23.8	13.1	13.1	
27.8	-48.4	8.2	-6.6	
37.7	0.8	13.1	-6.6	
32.8	20.5	0.8	3.2	
25.4	47.5	15.5	3.2	
27.8	113.9	5.7	3.2	
22.9	82.0	0.8	-6.6	
10.6	52.4	-4.1	-1.7	
0.8	67.2	-1.7	8.2	
8.2	96.7	-1.7	-11.5	
13.1	91.8	15.5	-1.7	
15.5	59.8	15.5	20.5	
3.2	27.8	5.7	22.9	
5.7	-11.5	3.2	22.9	
18.0	20.5	8.2	18.0	
27.8	27.8	5.7	5.7	
27.8	42.6	3.2	-1.7	
27.8	57.4	-4.1	-6.6	
18.0	5.7	0.8	0.8	
3.2	8.2	5.7	-4.1	
10.6	37.7	3.2	-1.7	
13.1	69.7	13.1	5.7	
22.9	64.7	5.7	5.7	
25.4	40.1	5.7	3.2	
20.5	59.8	20.5	-1.7	
13.1	52.4	18.0	-9.1	
13.1	30.3	13.1	-11.5	
22.9	8.2	5.7	-4.1	
25.4	15.5	3.2	-11.5	
8.2	25.4	5.7	3.2	
-1.7	27.8	5.7	13.1	
-1.7	27.8	5.7	22.9	
0.8	13.1	10.6	5.7	
-6.6	22.9	18.0	-6.6	
18.0	30.3	20.5	8.2	
18.0	32.8	10.6	8.2	
27.8	-9.1	0.8	10.6	
27.8	-33.7	-1.7	0.8	
-6.6	-21.4	0.8	0.8	
0.8	8.2	5.7	10.6	
5.7	13.1	5.7	-6.6	
15.5	10.6	3.2	-11.5	
32.8	25.4	0.8	25.4	
45.1	54.9	-1.7	0.8	
42.6	40.1	-1.7	5.7	
47.5	18.0	-1.7	10.6	
40.1	13.1	5.7	3.2	
42.6	25.4	5.7	22.9	
37.7	32.8	-1.7	20.5	
3.2	47.5	5.7	15.5	
-14.0	47.5	5.7	15.5	
-18.9	57.4	10.6	20.5	
-16.4	50.0	3.2	10.6	
-16.4	52.4	3.2	3.2	
-16.4	59.8	15.5	0.8	
-9.1	47.5	15.5	-9.1	
-6.6	59.8	20.5	-1.7	
0.8	47.5	5.7	-1.7	
32.8	20.5	-1.7	-1.7	
47.5	30.3	15.5	0.8	
35.2	25.4	3.2	13.1	
22.9	45.1	5.7	32.8	
5.7	54.9	10.6	8.2	
13.1	37.7	22.9	3.2	
18.0	40.1	15.5	5.7	
22.9	25.4	5.7	-4.1	
30.3	30.3	10.6	-1.7	
22.9	13.1	-1.7	-1.7	
32.8	-9.1	5.7	13.1	
22.9	-1.7	13.1	22.9	
5.7	27.8	8.2	15.5	
-4.1	22.9	10.6	25.4	
-14.0	27.8	13.1	13.1	
-11.5	35.2	10.6	8.2	
13.1	37.7	15.5	-9.1	
10.6	25.4	22.9	-23.8	
22.9	37.7	32.8	-1.7	
18.0	32.8	22.9	-4.1	
18.0	67.2	5.7	18.0	
13.1	104.1	0.8	8.2	
25.4	99.2	-4.1	0.8	
15.5	62.3	10.6	8.2	
15.5	-21.4	3.2	20.5	
13.1	-38.6	-6.6	8.2	
5.7	25.4	0.8	-4.1	
10.6	-31.2	5.7	8.2	
18.0	-33.7	3.2	0.8	
15.5	20.5	20.5	5.7	
5.7	37.7	8.2	-1.7	
8.2	0.8	-4.1	3.2	
10.6	10.6	-4.1	8.2	
15.5	32.8	8.2	0.8	
37.7	69.7	18.0	0.8	
32.8	47.5	15.5	0.8	
30.3	22.9	18.0	3.2	
35.2	20.5	20.5	3.2	
30.3	22.9	13.1	5.7	
20.5	27.8	3.2	-4.1	
15.5	45.1	8.2	3.2	
18.0	42.6	18.0	-14.0	
18.0	35.2	20.5	13.1	
35.2	35.2	18.0	13.1	
18.0	40.1	8.2	13.1	
3.2	45.1	8.2	18.0	
8.2	59.8	8.2	10.6	
5.7	27.8	0.8	-11.5	
5.7	8.2	20.5	8.2	
-6.6	-14.0	18.0	-1.7	
-4.1	-4.1	15.5	-4.1	
-1.7	-28.7	15.5	10.6	
20.5	-4.1	22.9	0.8	
32.8	-9.1	10.6	-1.7	
22.9	-33.7	8.2	10.6	
3.2	-11.5	13.1	8.2	
-4.1	8.2	10.6	-1.7	
-21.4	-4.1	8.2	0.8	
-26.3	8.2	15.5	-1.7	
-28.7	5.7	18.0	5.7	
-11.5	13.1	13.1	0.8	
5.7	15.5	15.5	-9.1	
0.8	-4.1	37.7	3.2	
0.8	8.2	30.3	5.7	
-1.7	-26.3	22.9	5.7	
-1.7	-23.8	20.5	8.2	
-6.6	-23.8	15.5	3.2	
18.0	-1.7	15.5	8.2	
42.6	30.3	20.5	5.7	
35.2	54.9	13.1	-4.1	
25.4	64.7	20.5	-1.7	
15.5	74.6	15.5	5.7	
22.9	62.3	13.1	5.7	
15.5	69.7	18.0	3.2	
27.8	84.4	22.9	-9.1	
10.6	111.5	10.6	5.7	
-4.1	126.2	10.6	-11.5	
8.2	153.3	-6.6	10.6	
5.7	170.5	13.1	35.2	
20.5	163.1	8.2	32.8	
42.6	99.2	10.6	-1.7	
57.4	47.5	0.8	5.7	
30.3	42.6	8.2	-4.1	
40.1	47.5	8.2	15.5	
42.6	32.8	10.6	0.8	
32.8	64.7	27.8	0.8	
27.8	82.0	22.9	13.1	
27.8	69.7	8.2	8.2	
27.8	57.4	5.7	8.2	
20.5	42.6	0.8	3.2	
18.0	62.3	3.2	3.2	
22.9	89.3	5.7	-1.7	
20.5	67.2	0.8	-6.6	
27.8	37.7	5.7	-11.5	
5.7	-1.7	10.6	0.8	
-1.7	-14.0	-1.7	-6.6	
-4.1	3.2	-4.1	3.2	
-4.1	-31.2	5.7	5.7	
5.7	8.2	10.6	0.8	
20.5	15.5	13.1	8.2	
5.7	10.6	10.6	20.5	
20.5	32.8	13.1	8.2	
27.8	37.7	15.5	-6.6	
27.8	45.1	18.0	-4.1	
5.7	40.1	15.5	5.7	
18.0	-9.1	18.0	-1.7	
37.7	-21.4	18.0	8.2	
25.4	-33.7	0.8	-4.1	
0.8	-6.6	15.5	3.2	
-16.4	22.9	8.2	-9.1	
-1.7	10.6	5.7	-18.9	
-4.1	-11.5	5.7	-23.8	
-14.0	-9.1	8.2	5.7	
-14.0	18.0	8.2	18.0	
-6.6	20.5	8.2	27.8	
0.8	20.5	-4.1	22.9	
-1.7	-1.7	3.2	37.7	
0.8	-18.9	15.5	25.4	
13.1	-55.8	15.5	8.2	
25.4	-38.6	18.0	-6.6	
18.0	-16.4	20.5	-1.7	
27.8	-21.4	25.4	-1.7	
18.0	-38.6	30.3	13.1	
25.4	-31.2	22.9	27.8	
18.0	52.4	25.4	13.1	
5.7	89.3	20.5	8.2	
-9.1	57.4	15.5	0.8	
-14.0	64.7	13.1	13.1	
-18.9	64.7	3.2	18.0	
3.2	25.4	27.8	5.7	
-4.1	13.1	35.2	8.2	
3.2	15.5	25.4	-6.6	
0.8	37.7	27.8	-14.0	
15.5	30.3	20.5	3.2	
37.7	37.7	10.6	10.6	
57.4	25.4	5.7	0.8	
50.0	37.7	5.7	0.8	
42.6	25.4	15.5	8.2	
27.8	30.3	13.1	0.8	
0.8	121.3	20.5	-14.0	
-4.1	126.2	18.0	8.2	
-1.7	131.2	20.5	27.8	
-28.7	128.7	5.7	-9.1	
0.8	148.4	-4.1	-6.6	
0.8	91.8	0.8	13.1	
3.2	-23.8	10.6	15.5	
-9.1	-70.6	8.2	27.8	
-14.0	-43.5	-1.7	22.9	
-18.9	-77.9	3.2	3.2	
8.2	-60.7	3.2	-4.1	
13.1	-46.0	3.2	0.8	
18.0	8.2	5.7	-31.2	
27.8	-1.7	8.2	-23.8	
18.0	3.2	0.8	-11.5	
20.5	25.4	13.1	-11.5	
3.2	0.8	5.7	-1.7	
15.5	0.8	-1.7	0.8	
20.5	3.2	-4.1	0.8	
30.3	47.5	-9.1	3.2	
27.8	42.6	-4.1	25.4	
20.5	25.4	-4.1	22.9	
8.2	15.5	5.7	0.8	
5.7	13.1	0.8	8.2	
-11.5	8.2	3.2	5.7	
-4.1	0.8	13.1	-4.1	
-1.7	-1.7	5.7	-11.5	
18.0	0.8	-4.1	-14.0	
25.4	37.7	-11.5	3.2	
22.9	54.9	-16.4	5.7	
20.5	47.5	0.8	-1.7	
32.8	40.1	-11.5	5.7	
27.8	27.8	3.2	0.8	
20.5	25.4	5.7	-6.6	
10.6	77.0	3.2	15.5	
3.2	69.7	-6.6	27.8	
15.5	47.5	5.7	8.2	
18.0	13.1	0.8	-9.1	
10.6	27.8	-6.6	10.6	
5.7	30.3	0.8	10.6	
5.7	37.7	-1.7	18.0	
13.1	37.7	-4.1	10.6	
22.9	27.8	-1.7	3.2	
18.0	22.9	-14.0	5.7	
32.8	18.0	-11.5	0.8	
8.2	10.6	-4.1	8.2	
-1.7	25.4	8.2	13.1	
10.6	47.5	-6.6	10.6	
5.7	40.1	-11.5	3.2	
3.2	32.8	-6.6	3.2	
-4.1	42.6	-1.7	-1.7	
-1.7	35.2	-14.0	3.2	
5.7	45.1	5.7	3.2	
15.5	42.6	-1.7	3.2	
22.9	22.9	-9.1	8.2	
27.8	27.8	-6.6	0.8	
37.7	40.1	-14.0	-1.7	
50.0	32.8	-14.0	-1.7	
37.7	25.4	3.2	0.8	
15.5	37.7	8.2	-4.1	
3.2	50.0	-6.6	3.2	
5.7	57.4	-4.1	3.2	
-6.6	20.5	-9.1	5.7	
5.7	18.0	-6.6	18.0	
3.2	52.4	-16.4	3.2	
10.6	37.7	-11.5	0.8	
10.6	18.0	-14.0	3.2	
10.6	3.2	-1.7	-4.1	
0.8	10.6	5.7	-6.6	
-6.6	10.6	-11.5	8.2	
-11.5	10.6	-11.5	13.1	
13.1	22.9	-4.1	5.7	
27.8	72.1	-14.0	5.7	
30.3	77.0	-4.1	-4.1	
37.7	57.4	18.0	-9.1	
25.4	35.2	10.6	-9.1	
3.2	13.1	0.8	0.8	
5.7	30.3	0.8	5.7	
-6.6	57.4	-1.7	-1.7	
-1.7	47.5	18.0	13.1	
-1.7	8.2	25.4	20.5	
15.5	-26.3	25.4	8.2	
32.8	-23.8	20.5	-6.6	
30.3	-31.2	3.2	10.6	
8.2	-41.0	-1.7	3.2	
8.2	50.0	-11.5	0.8	
-9.1	52.4	10.6	8.2	
-16.4	35.2	18.0	20.5	
-11.5	20.5	18.0	10.6	
-14.0	-11.5	20.5	-4.1	
-14.0	18.0	20.5	-14.0	
-23.8	32.8	20.5	-1.7	
-9.1	27.8	13.1	5.7	
3.2	18.0	18.0	0.8	
15.5	30.3	22.9	0.8	
20.5	45.1	30.3	5.7	
40.1	20.5	10.6	8.2	
32.8	0.8	5.7	5.7	
25.4	3.2	5.7	8.2	
22.9	32.8	3.2	5.7	
25.4	59.8	-1.7	0.8	
13.1	47.5	0.8	15.5	
3.2	52.4	-11.5	5.7	
-1.7	32.8	-4.1	-9.1	
8.2	32.8	22.9	-21.4	
27.8	40.1	30.3	-1.7	
27.8	64.7	25.4	13.1	
10.6	54.9	18.0	15.5	
15.5	40.1	15.5	0.8	
13.1	-6.6	8.2	-1.7	
20.5	-36.1	3.2	5.7	
5.7	-41.0	13.1	18.0	
15.5	-38.6	8.2	20.5	
18.0	-36.1	13.1	10.6	
18.0	-6.6	13.1	13.1	
25.4	15.5	8.2	20.5	
18.0	52.4	8.2	18.0	
18.0	42.6	10.6	20.5	
-1.7	59.8	13.1	8.2	
10.6	69.7	18.0	-1.7	
13.1	59.8	10.6	13.1	
20.5	45.1	3.2	-11.5	
20.5	52.4	0.8	-21.4	
20.5	54.9	13.1	-9.1	
8.2	50.0	15.5	-11.5	
-4.1	54.9	8.2	8.2	
-4.1	47.5	8.2	32.8	
-16.4	10.6	3.2	32.8	
-18.9	20.5	-9.1	-4.1	
-6.6	-4.1	3.2	-11.5	
10.6	52.4	-1.7	8.2	
13.1	27.8	-11.5	15.5	
10.6	-18.9	-4.1	10.6	
18.0	-33.7	10.6	3.2	
25.4	27.8	3.2	3.2	
15.5	72.1	5.7	13.1	
13.1	57.4	-4.1	10.6	
13.1	-1.7	-1.7	5.7	
8.2	-4.1	0.8	3.2	
-9.1	-14.0	0.8	5.7	
0.8	-48.4	0.8	8.2	
8.2	-36.1	-1.7	-1.7	
8.2	-48.4	-1.7	15.5	
-6.6	-18.9	-1.7	8.2	
5.7	-9.1	-9.1	-6.6	
32.8	27.8	-1.7	-4.1	
35.2	45.1	0.8	8.2	
40.1	47.5	-1.7	-6.6	
30.3	59.8	-16.4	-16.4	
22.9	96.7	-4.1	-1.7	
25.4	54.9	5.7	-14.0	
20.5	52.4	-6.6	15.5	
5.7	30.3	13.1	35.2	
15.5	54.9	22.9	8.2	
8.2	40.1	25.4	13.1	
-4.1	37.7	5.7	32.8	
-11.5	30.3	8.2	10.6	
-4.1	35.2	5.7	-6.6	
-14.0	32.8	0.8	-11.5	
-6.6	42.6	3.2	0.8	
-16.4	37.7	-1.7	-4.1	
-6.6	8.2	0.8	-14.0	
-1.7	10.6	0.8	-1.7	
27.8	32.8	5.7	8.2	
32.8	57.4	8.2	15.5	
57.4	69.7	0.8	10.6	
47.5	57.4	-14.0	-1.7	
18.0	59.8	0.8	-1.7	
5.7	82.0	-4.1	3.2	
0.8	59.8	-4.1	-1.7	
8.2	8.2	3.2	-14.0	
5.7	-11.5	-1.7	-16.4	
10.6	3.2	-1.7	3.2	
18.0	45.1	0.8	5.7	
20.5	40.1	0.8	10.6	
27.8	-4.1	-4.1	27.8	
22.9	-4.1	-4.1	52.4	
15.5	-6.6	5.7	30.3	
18.0	18.0	-4.1	-14.0	
3.2	0.8	-1.7	-23.8	
-4.1	0.8	8.2	-28.7	
-1.7	-6.6	-1.7	5.7	
20.5	-28.7	5.7	20.5	
37.7	5.7	8.2	8.2	
27.8	77.0	15.5	8.2	
32.8	64.7	22.9	10.6	
20.5	30.3	18.0	3.2	
5.7	52.4	15.5	-1.7	
8.2	69.7	20.5	3.2	
-11.5	45.1	-1.7	5.7	
-14.0	-14.0	-1.7	8.2	
-1.7	-6.6	-11.5	0.8	
-6.6	35.2	-14.0	3.2	
-23.8	52.4	-16.4	-1.7	
-11.5	57.4	5.7	-14.0	
0.8	57.4	-4.1	15.5	
15.5	57.4	5.7	13.1	
15.5	64.7	18.0	8.2	
18.0	57.4	42.6	18.0	
50.0	45.1	13.1	13.1	
42.6	40.1	5.7	8.2	
10.6	42.6	0.8	5.7	
13.1	47.5	3.2	13.1	
30.3	27.8	8.2	3.2	
15.5	18.0	13.1	-4.1	
13.1	10.6	15.5	-4.1	
10.6	47.5	13.1	-1.7	
8.2	86.9	20.5	13.1	
10.6	37.7	5.7	10.6	
27.8	0.8	10.6	8.2	
25.4	35.2	5.7	10.6	
13.1	27.8	3.2	3.2	
10.6	-9.1	10.6	-4.1	
-1.7	20.5	13.1	-16.4	
5.7	50.0	18.0	15.5	
13.1	54.9	15.5	-4.1	
15.5	37.7	22.9	5.7	
8.2	15.5	10.6	22.9	
-9.1	-28.7	15.5	18.0	
5.7	-16.4	8.2	3.2	
18.0	30.3	5.7	0.8	
22.9	37.7	-6.6	15.5	
13.1	77.0	-1.7	5.7	
22.9	136.1	0.8	-9.1	
18.0	89.3	-9.1	8.2	
13.1	54.9	-9.1	5.7	
8.2	20.5	-21.4	-6.6	
8.2	18.0	-14.0	3.2	
8.2	22.9	-6.6	0.8	
22.9	30.3	20.5	0.8	
15.5	32.8	45.1	3.2	
20.5	20.5	32.8	3.2	
20.5	-1.7	13.1	13.1	
25.4	52.4	13.1	8.2	
15.5	126.2	22.9	10.6	
13.1	72.1	35.2	3.2	
15.5	40.1	18.0	22.9	
22.9	42.6	0.8	15.5	
8.2	52.4	-11.5	10.6	
8.2	0.8	-11.5	3.2	
-1.7	-21.4	-4.1	-1.7	
0.8	-33.7	8.2	-6.6	
3.2	-11.5	10.6	-6.6	
-1.7	42.6	13.1	-1.7	
0.8	40.1	15.5	-9.1	
8.2	-1.7	0.8	5.7	
-1.7	27.8	-14.0	0.8	
-9.1	15.5	-4.1	3.2	
3.2	18.0	-4.1	-14.0	
18.0	50.0	-4.1	-6.6	
27.8	35.2	-4.1	15.5	
20.5	37.7	18.0	25.4	
22.9	32.8	20.5	32.8	
13.1	47.5	8.2	13.1	
8.2	37.7	-9.1	0.8	
10.6	50.0	-9.1	-1.7	
13.1	25.4	20.5	8.2	
20.5	-11.5	15.5	-1.7	
22.9	-43.5	18.0	-6.6	
30.3	-38.6	18.0	3.2	
20.5	-60.7	13.1	10.6	
20.5	-18.9	5.7	-4.1	
15.5	10.6	5.7	0.8	
37.7	25.4	5.7	3.2	
13.1	35.2	13.1	-1.7	
18.0	27.8	13.1	10.6	
13.1	45.1	15.5	15.5	
22.9	47.5	22.9	5.7	
30.3	77.0	22.9	-1.7	
25.4	52.4	13.1	0.8	
27.8	62.3	15.5	-4.1	
27.8	37.7	25.4	-6.6	
32.8	8.2	27.8	18.0	
0.8	-21.4	22.9	13.1	
-14.0	-36.1	25.4	-1.7	
-9.1	8.2	27.8	0.8	
-6.6	15.5	10.6	10.6	
5.7	69.7	-6.6	-1.7	
8.2	79.5	10.6	5.7	
13.1	74.6	20.5	-9.1	
8.2	50.0	15.5	3.2	
-1.7	22.9	18.0	5.7	
10.6	27.8	5.7	3.2	
5.7	40.1	5.7	27.8	
5.7	32.8	15.5	3.2	
8.2	42.6	15.5	-11.5	
8.2	27.8	8.2	-4.1	
20.5	40.1	-6.6	3.2	
25.4	35.2	8.2	-4.1	
25.4	18.0	0.8	-1.7	
8.2	52.4	0.8	-1.7	
0.8	32.8	5.7	3.2	
5.7	30.3	20.5	22.9	
15.5	27.8	32.8	18.0	
25.4	59.8	10.6	-4.1	
25.4	54.9	8.2	-11.5	
22.9	47.5	13.1	5.7	
30.3	27.8	10.6	5.7	
35.2	27.8	25.4	8.2	
22.9	8.2	18.0	0.8	
15.5	-6.6	20.5	0.8	
15.5	0.8	15.5	13.1	
18.0	13.1	20.5	18.0	
18.0	45.1	18.0	3.2	
18.0	52.4	30.3	-1.7	
30.3	96.7	22.9	0.8	
30.3	84.4	18.0	3.2	
8.2	54.9	10.6	-6.6	
-4.1	57.4	-6.6	3.2	
0.8	67.2	-9.1	8.2	
10.6	40.1	-4.1	27.8	
5.7	20.5	0.8	10.6	
13.1	32.8	-9.1	-9.1	
8.2	10.6	8.2	-6.6	
10.6	37.7	0.8	5.7	
15.5	8.2	3.2	5.7	
15.5	5.7	3.2	-4.1	
30.3	35.2	0.8	5.7	
22.9	45.1	-1.7	-14.0	
10.6	5.7	15.5	-14.0	
8.2	-68.1	10.6	-9.1	
3.2	0.8	10.6	-6.6	
-1.7	30.3	0.8	27.8	
0.8	69.7	8.2	20.5	
0.8	96.7	-4.1	30.3	
18.0	50.0	5.7	0.8	
22.9	8.2	-1.7	3.2	
5.7	20.5	-9.1	13.1	
15.5	57.4	-4.1	5.7	
15.5	35.2	0.8	8.2	
20.5	22.9	3.2	22.9	
30.3	-4.1	-6.6	13.1	
40.1	-50.9	5.7	15.5	
30.3	-53.3	5.7	13.1	
32.8	-9.1	0.8	5.7	
40.1	15.5	-6.6	3.2	
27.8	25.4	-4.1	22.9	
15.5	0.8	3.2	20.5	
10.6	18.0	0.8	18.0	
-6.6	64.7	-28.7	10.6	
3.2	91.8	-18.9	-14.0	
-4.1	69.7	-16.4	-1.7	
-1.7	62.3	-11.5	-9.1	
13.1	62.3	5.7	-11.5	
18.0	30.3	-1.7	0.8	
32.8	18.0	0.8	-9.1	
37.7	22.9	-11.5	-26.3	
32.8	22.9	-1.7	-18.9	
27.8	-11.5	0.8	22.9	
35.2	-48.4	-9.1	15.5	
40.1	10.6	-6.6	5.7	
15.5	10.6	-11.5	10.6	
22.9	18.0	-9.1	8.2	
18.0	37.7	-4.1	15.5	
15.5	69.7	-4.1	15.5	
5.7	104.1	0.8	10.6	
13.1	89.3	-14.0	-1.7	
15.5	74.6	-1.7	0.8	
10.6	25.4	3.2	13.1	
18.0	35.2	-11.5	15.5	
25.4	52.4	-11.5	10.6	
5.7	72.1	-14.0	-4.1	
3.2	84.4	-18.9	3.2	
0.8	8.2	-9.1	3.2	
0.8	-16.4	-16.4	-4.1	
0.8	5.7	-14.0	25.4	
-1.7	42.6	-9.1	20.5	
5.7	47.5	-16.4	0.8	
8.2	15.5	25.4	27.8	
15.5	5.7	40.1	15.5	
3.2	-6.6	22.9	-9.1	
3.2	-82.9	0.8	0.8	
18.0	-77.9	-23.8	-1.7	
35.2	-9.1	-11.5	-4.1	
32.8	40.1	-16.4	-4.1	
27.8	67.2	-1.7	8.2	
5.7	54.9	-4.1	22.9	
15.5	42.6	-11.5	15.5	
25.4	32.8	-6.6	8.2	
25.4	27.8	-4.1	-1.7	
22.9	30.3	-11.5	10.6	
15.5	35.2	-1.7	5.7	
10.6	47.5	-1.7	13.1	
-6.6	-28.7	0.8	22.9	
-11.5	-11.5	8.2	27.8	
-14.0	5.7	15.5	30.3	
-4.1	3.2	0.8	8.2	
-14.0	0.8	3.2	-1.7	
-4.1	13.1	5.7	-1.7	
-4.1	10.6	-4.1	-4.1	
3.2	-4.1	-9.1	3.2	
18.0	0.8	-1.7	-4.1	
27.8	50.0	-4.1	5.7	
22.9	62.3	-1.7	0.8	
15.5	94.3	-9.1	5.7	
5.7	141.0	0.8	-9.1	
8.2	99.2	3.2	0.8	
15.5	40.1	13.1	3.2	
22.9	32.8	20.5	-4.1	
10.6	30.3	18.0	3.2	
-6.6	-4.1	10.6	3.2	
3.2	18.0	18.0	8.2	
0.8	32.8	18.0	-4.1	
-4.1	18.0	22.9	-1.7	
5.7	15.5	10.6	0.8	
3.2	35.2	0.8	5.7	
8.2	20.5	0.8	5.7	
22.9	22.9	5.7	18.0	
35.2	40.1	18.0	20.5	
32.8	62.3	20.5	15.5	
18.0	62.3	5.7	-1.7	
27.8	37.7	8.2	-11.5	
30.3	25.4	15.5	5.7	
37.7	25.4	20.5	3.2	
27.8	22.9	13.1	-1.7	
40.1	25.4	13.1	13.1	
42.6	40.1	5.7	10.6	
40.1	42.6	8.2	-16.4	
25.4	27.8	22.9	-1.7	
15.5	10.6	25.4	0.8	
5.7	8.2	18.0	20.5	
0.8	32.8	25.4	10.6	
-6.6	62.3	15.5	13.1	
-33.7	84.4	27.8	-4.1	
-21.4	94.3	25.4	3.2	
-4.1	86.9	25.4	-1.7	
3.2	79.5	25.4	5.7	
0.8	54.9	25.4	0.8	
5.7	47.5	32.8	10.6	
18.0	3.2	32.8	-1.7	
10.6	-1.7	13.1	-6.6	
35.2	25.4	-4.1	0.8	
42.6	10.6	-11.5	10.6	
37.7	-28.7	0.8	-9.1	
15.5	-4.1	0.8	-6.6	
3.2	22.9	13.1	-4.1	
-14.0	45.1	15.5	8.2	
5.7	42.6	15.5	13.1	
8.2	22.9	13.1	8.2	
18.0	64.7	18.0	5.7	
30.3	15.5	10.6	0.8	
20.5	-48.4	13.1	5.7	
20.5	-9.1	5.7	8.2	
25.4	22.9	5.7	0.8	
35.2	27.8	0.8	13.1	
35.2	25.4	-9.1	8.2	
22.9	52.4	-1.7	5.7	
18.0	37.7	3.2	0.8	
13.1	54.9	18.0	5.7	
15.5	77.0	20.5	-11.5	
20.5	67.2	22.9	-11.5	
0.8	13.1	15.5	-6.6	
-6.6	-58.3	15.5	27.8	
3.2	-50.9	8.2	27.8	
5.7	-48.4	-14.0	-11.5	
3.2	3.2	-14.0	8.2	
8.2	59.8	-1.7	-9.1	
-1.7	89.3	13.1	-9.1	
8.2	57.4	18.0	13.1	
22.9	32.8	10.6	15.5	
32.8	52.4	15.5	13.1	
30.3	47.5	13.1	18.0	
18.0	18.0	13.1	8.2	
32.8	47.5	8.2	8.2	
25.4	59.8	15.5	10.6	
18.0	37.7	8.2	8.2	
15.5	22.9	20.5	0.8	
5.7	-1.7	22.9	8.2	
13.1	-14.0	10.6	13.1	
15.5	-4.1	5.7	20.5	
22.9	13.1	0.8	22.9	
15.5	37.7	10.6	3.2	
5.7	35.2	15.5	-4.1	
-9.1	50.0	3.2	0.8	
3.2	57.4	0.8	-1.7	
10.6	18.0	-1.7	25.4	
0.8	20.5	5.7	27.8	
-11.5	50.0	3.2	0.8	
5.7	67.2	22.9	8.2	
5.7	64.7	8.2	-11.5	
8.2	82.0	5.7	-9.1	
10.6	57.4	5.7	-14.0	
3.2	42.6	8.2	3.2	
8.2	57.4	8.2	10.6	
3.2	47.5	3.2	-9.1	
20.5	50.0	15.5	-14.0	
30.3	52.4	20.5	18.0	
25.4	10.6	25.4	20.5	
15.5	-58.3	0.8	18.0	
8.2	-23.8	8.2	0.8	
3.2	13.1	10.6	0.8	
10.6	8.2	5.7	-9.1	
25.4	22.9	-9.1	0.8	
15.5	18.0	-4.1	0.8	
20.5	30.3	5.7	5.7	
8.2	45.1	5.7	3.2	
8.2	86.9	5.7	5.7	
22.9	45.1	-6.6	5.7	
30.3	20.5	8.2	5.7	
22.9	-1.7	20.5	3.2	
20.5	42.6	32.8	22.9	
10.6	32.8	13.1	3.2	
18.0	25.4	15.5	5.7	
25.4	22.9	5.7	5.7	
45.1	-31.2	0.8	8.2	
27.8	-33.7	5.7	18.0	
15.5	13.1	8.2	20.5	
10.6	45.1	10.6	3.2	
-4.1	52.4	-1.7	3.2	
-9.1	47.5	8.2	-4.1	
0.8	37.7	5.7	3.2	
22.9	42.6	0.8	-21.4	
30.3	25.4	5.7	-1.7	
18.0	22.9	-4.1	3.2	
22.9	10.6	8.2	5.7	
22.9	5.7	3.2	10.6	
25.4	10.6	-1.7	13.1	
18.0	-18.9	0.8	10.6	
0.8	-18.9	0.8	5.7	
3.2	-4.1	0.8	18.0	
-18.9	-23.8	10.6	18.0	
-9.1	-11.5	18.0	8.2	
-4.1	27.8	8.2	3.2	
22.9	42.6	5.7	-4.1	
37.7	59.8	-4.1	-4.1	
35.2	32.8	3.2	-9.1	
22.9	-1.7	-1.7	-1.7	
22.9	3.2	10.6	-4.1	
22.9	10.6	-1.7	0.8	
15.5	22.9	5.7	-1.7	
20.5	8.2	-6.6	13.1	
5.7	-1.7	5.7	15.5	
-6.6	-6.6	-6.6	25.4	
13.1	-1.7	3.2	13.1	
8.2	57.4	0.8	20.5	
10.6	57.4	-6.6	5.7	
0.8	64.7	-9.1	-11.5	
13.1	-38.6	15.5	-4.1	
-11.5	-68.1	8.2	13.1	
-36.1	5.7	5.7	27.8	
-28.7	15.5	0.8	22.9	
-23.8	-4.1	13.1	8.2	
-18.9	-46.0	8.2	5.7	
-9.1	-28.7	-1.7	-11.5	
-9.1	-4.1	-4.1	-1.7	
-16.4	32.8	0.8	0.8	
-23.8	62.3	18.0	-6.6	
-6.6	82.0	22.9	5.7	
-1.7	74.6	18.0	-6.6	
13.1	62.3	25.4	-14.0	
27.8	106.6	5.7	-16.4	
32.8	138.5	15.5	3.2	
50.0	150.8	13.1	13.1	
37.7	101.6	0.8	25.4	
42.6	104.1	5.7	32.8	
32.8	69.7	-16.4	8.2	
8.2	79.5	-14.0	0.8	
20.5	84.4	-21.4	-14.0	
30.3	84.4	-14.0	-9.1	
32.8	106.6	-14.0	5.7	
20.5	131.2	5.7	10.6	
5.7	69.7	3.2	3.2	
20.5	64.7	5.7	-14.0	
25.4	77.0	3.2	-6.6	
13.1	72.1	3.2	-6.6	
13.1	72.1	-9.1	0.8	
22.9	45.1	-1.7	3.2	
13.1	42.6	15.5	-4.1	
8.2	82.0	15.5	-14.0	
10.6	62.3	3.2	-1.7	
20.5	52.4	-4.1	8.2	
18.0	20.5	0.8	-11.5	
25.4	-14.0	5.7	-11.5	
25.4	-36.1	-9.1	20.5	
30.3	5.7	-9.1	10.6	
22.9	-6.6	0.8	-1.7	
18.0	-28.7	0.8	3.2	
18.0	-33.7	-1.7	5.7	
8.2	-38.6	-6.6	15.5	
-6.6	8.2	8.2	35.2	
-6.6	15.5	18.0	13.1	
3.2	25.4	13.1	27.8	
-6.6	3.2	20.5	27.8	
-1.7	8.2	13.1	20.5	
5.7	0.8	10.6	8.2	
5.7	3.2	3.2	-6.6	
42.6	25.4	3.2	-4.1	
35.2	35.2	5.7	-6.6	
22.9	27.8	15.5	-21.4	
27.8	3.2	20.5	-9.1	
32.8	-9.1	20.5	-11.5	
13.1	20.5	18.0	5.7	
13.1	47.5	3.2	35.2	
13.1	64.7	18.0	20.5	
25.4	52.4	22.9	-11.5	
20.5	40.1	20.5	3.2	
18.0	-82.9	25.4	5.7	
20.5	-90.2	20.5	-1.7	
5.7	-21.4	10.6	5.7	
13.1	20.5	5.7	8.2	
5.7	35.2	13.1	15.5	
18.0	42.6	15.5	5.7	
25.4	42.6	5.7	0.8	
10.6	22.9	3.2	5.7	
30.3	-14.0	3.2	-14.0	
20.5	15.5	-6.6	20.5	
13.1	42.6	10.6	35.2	
10.6	22.9	3.2	15.5	
0.8	22.9	-4.1	0.8	
3.2	10.6	-1.7	5.7	
5.7	15.5	15.5	13.1	
27.8	27.8	5.7	5.7	
20.5	25.4	5.7	-6.6	
25.4	30.3	40.1	3.2	
15.5	50.0	45.1	8.2	
15.5	15.5	10.6	3.2	
15.5	3.2	3.2	5.7	
27.8	10.6	8.2	5.7	
13.1	-9.1	22.9	10.6	
5.7	25.4	8.2	-1.7	
-4.1	22.9	3.2	0.8	
-9.1	32.8	5.7	-1.7	
-1.7	64.7	-11.5	5.7	
-11.5	45.1	8.2	13.1	
-4.1	15.5	22.9	10.6	
3.2	18.0	8.2	-9.1	
-14.0	37.7	5.7	3.2	
-16.4	54.9	0.8	8.2	
-6.6	40.1	0.8	5.7	
32.8	27.8	-4.1	8.2	
42.6	25.4	3.2	-4.1	
30.3	52.4	3.2	-6.6	
32.8	32.8	0.8	-11.5	
35.2	-16.4	-9.1	-1.7	
20.5	0.8	5.7	18.0	
5.7	45.1	5.7	25.4	
-1.7	10.6	8.2	27.8	
5.7	0.8	18.0	8.2	
8.2	27.8	13.1	0.8	
10.6	64.7	8.2	0.8	
-1.7	72.1	0.8	-4.1	
18.0	42.6	3.2	10.6	
13.1	50.0	0.8	27.8	
15.5	22.9	8.2	22.9	
20.5	3.2	15.5	8.2	
15.5	-4.1	15.5	8.2	
22.9	13.1	20.5	5.7	
25.4	0.8	5.7	-1.7	
15.5	13.1	-9.1	18.0	
18.0	30.3	-6.6	10.6	
5.7	32.8	0.8	3.2	
-1.7	27.8	5.7	5.7	
-4.1	3.2	3.2	15.5	
-6.6	-23.8	3.2	15.5	
3.2	5.7	13.1	15.5	
3.2	40.1	13.1	10.6	
13.1	62.3	13.1	0.8	
20.5	59.8	13.1	3.2	
18.0	64.7	27.8	3.2	
35.2	45.1	18.0	0.8	
27.8	35.2	13.1	5.7	
20.5	8.2	-6.6	0.8	
25.4	-1.7	-9.1	8.2	
13.1	18.0	-14.0	5.7	
-1.7	22.9	-33.7	-6.6	
-9.1	13.1	-6.6	-1.7	
-1.7	42.6	0.8	-11.5	
8.2	59.8	15.5	-11.5	
25.4	62.3	3.2	-4.1	
8.2	54.9	5.7	25.4	
18.0	47.5	-4.1	8.2	
3.2	45.1	0.8	10.6	
-6.6	59.8	10.6	10.6	
5.7	64.7	13.1	10.6	
8.2	47.5	20.5	8.2	
13.1	-18.9	20.5	-1.7	
20.5	-28.7	13.1	3.2	
37.7	-23.8	8.2	0.8	
40.1	-4.1	3.2	5.7	
18.0	13.1	13.1	-6.6	
13.1	30.3	8.2	-9.1	
5.7	30.3	5.7	3.2	
-1.7	35.2	3.2	-1.7	
-1.7	42.6	13.1	5.7	
-4.1	37.7	18.0	-4.1	
-1.7	45.1	10.6	3.2	
-9.1	20.5	20.5	20.5	
-11.5	59.8	18.0	8.2	
3.2	62.3	18.0	3.2	
8.2	57.4	10.6	13.1	
13.1	30.3	-1.7	10.6	
13.1	42.6	3.2	-6.6	
15.5	27.8	5.7	-4.1	
27.8	13.1	8.2	-1.7	
42.6	47.5	15.5	0.8	
27.8	40.1	18.0	5.7	
15.5	22.9	8.2	10.6	
15.5	-9.1	3.2	-1.7	
37.7	13.1	15.5	5.7	
20.5	72.1	25.4	8.2	
3.2	15.5	8.2	-1.7	
-1.7	-4.1	-1.7	0.8	
0.8	-1.7	25.4	15.5	
8.2	10.6	18.0	-6.6	
20.5	0.8	3.2	-18.9	
42.6	-18.9	0.8	25.4	
37.7	5.7	0.8	18.0	
25.4	50.0	13.1	52.4	
20.5	57.4	25.4	32.8	
30.3	5.7	18.0	-4.1	
27.8	20.5	8.2	-4.1	
18.0	37.7	-4.1	8.2	
22.9	74.6	-6.6	8.2	
20.5	69.7	0.8	10.6	
5.7	64.7	-9.1	3.2	
-11.5	77.0	-1.7	-4.1	
-6.6	64.7	-1.7	-4.1	
-6.6	32.8	0.8	3.2	
-4.1	42.6	3.2	5.7	
-4.1	32.8	20.5	3.2	
20.5	10.6	40.1	-1.7	
47.5	0.8	42.6	-14.0	
20.5	22.9	13.1	-4.1	
22.9	32.8	22.9	5.7	
13.1	37.7	22.9	5.7	
8.2	-6.6	18.0	-6.6	
15.5	18.0	18.0	5.7	
27.8	35.2	15.5	0.8	
18.0	52.4	8.2	8.2	
18.0	40.1	-9.1	0.8	
42.6	40.1	-9.1	5.7	
22.9	3.2	-6.6	0.8	
32.8	-9.1	-1.7	-4.1	
20.5	15.5	-6.6	3.2	
5.7	45.1	5.7	15.5	
5.7	59.8	0.8	10.6	
3.2	84.4	18.0	-14.0	
3.2	77.0	18.0	5.7	
-9.1	74.6	18.0	8.2	
-4.1	32.8	8.2	-6.6	
-4.1	-70.6	5.7	5.7	
0.8	-141.9	-4.1	10.6	
25.4	-102.5	3.2	15.5	
27.8	-28.7	13.1	18.0	
10.6	-6.6	13.1	13.1	
-1.7	-23.8	18.0	18.0	
8.2	27.8	8.2	13.1	
10.6	64.7	0.8	0.8	
13.1	47.5	3.2	-6.6	
25.4	-1.7	0.8	-4.1	
20.5	35.2	-4.1	-9.1	
10.6	72.1	-6.6	-1.7	
18.0	22.9	0.8	13.1	
20.5	15.5	22.9	10.6	
18.0	22.9	22.9	5.7	
-1.7	27.8	20.5	22.9	
-14.0	32.8	-1.7	15.5	
-1.7	59.8	5.7	0.8	
0.8	5.7	5.7	5.7	
-4.1	-11.5	30.3	-14.0	
-14.0	8.2	30.3	-1.7	
-9.1	54.9	25.4	-4.1	
0.8	57.4	15.5	15.5	
-4.1	30.3	22.9	27.8	
-9.1	18.0	25.4	13.1	
3.2	5.7	15.5	3.2	
-1.7	5.7	18.0	8.2	
0.8	35.2	22.9	8.2	
18.0	57.4	10.6	-1.7	
30.3	54.9	8.2	-9.1	
15.5	84.4	-6.6	0.8	
32.8	72.1	8.2	8.2	
45.1	57.4	25.4	18.0	
40.1	35.2	15.5	15.5	
20.5	13.1	15.5	13.1	
25.4	20.5	8.2	15.5	
27.8	5.7	-1.7	-1.7	
20.5	8.2	-18.9	5.7	
5.7	22.9	-4.1	8.2	
22.9	45.1	-4.1	-6.6	
32.8	64.7	3.2	0.8	
22.9	62.3	15.5	8.2	
25.4	64.7	18.0	10.6	
8.2	37.7	15.5	3.2	
8.2	27.8	35.2	-4.1	
-4.1	32.8	15.5	5.7	
-4.1	67.2	5.7	-1.7	
8.2	72.1	-6.6	-9.1	
25.4	52.4	-11.5	-4.1	
42.6	50.0	-26.3	-9.1	
27.8	13.1	-18.9	5.7	
30.3	8.2	-18.9	13.1	
27.8	-11.5	-23.8	30.3	
10.6	22.9	-6.6	18.0	
18.0	32.8	8.2	15.5	
13.1	25.4	5.7	27.8	
-1.7	27.8	8.2	13.1	
13.1	22.9	18.0	0.8	
3.2	-11.5	18.0	-1.7	
-4.1	-9.1	10.6	-9.1	
13.1	-9.1	-1.7	0.8	
5.7	18.0	-11.5	15.5	
5.7	30.3	-4.1	-1.7	
15.5	25.4	-1.7	0.8	
35.2	45.1	5.7	10.6	
35.2	45.1	-4.1	8.2	
27.8	54.9	0.8	0.8	
10.6	69.7	-1.7	0.8	
5.7	59.8	-6.6	25.4	
-4.1	47.5	20.5	18.0	
-21.4	52.4	5.7	0.8	
-4.1	52.4	0.8	-1.7	
13.1	20.5	-4.1	18.0	
10.6	3.2	0.8	20.5	
5.7	10.6	0.8	10.6	
18.0	0.8	-1.7	-4.1	
18.0	3.2	15.5	5.7	
13.1	22.9	20.5	0.8	
25.4	8.2	8.2	5.7	
35.2	8.2	-6.6	3.2	
15.5	27.8	10.6	5.7	
22.9	40.1	27.8	3.2	
0.8	69.7	8.2	-4.1	
0.8	62.3	10.6	8.2	
0.8	89.3	0.8	-1.7	
10.6	72.1	13.1	-9.1	
25.4	67.2	20.5	8.2	
22.9	67.2	22.9	3.2	
13.1	62.3	18.0	-6.6	
5.7	30.3	15.5	0.8	
15.5	8.2	5.7	-1.7	
22.9	13.1	10.6	0.8	
30.3	5.7	8.2	8.2	
30.3	27.8	20.5	13.1	
32.8	47.5	22.9	27.8	
37.7	62.3	15.5	13.1	
27.8	52.4	18.0	5.7	
22.9	40.1	5.7	-6.6	
10.6	67.2	3.2	-4.1	
0.8	59.8	13.1	8.2	
5.7	18.0	25.4	0.8	
3.2	3.2	15.5	18.0	
-1.7	-21.4	20.5	8.2	
8.2	22.9	13.1	0.8	
20.5	47.5	5.7	10.6	
32.8	47.5	3.2	3.2	
15.5	32.8	-4.1	-6.6	
8.2	-1.7	0.8	-6.6	
3.2	-11.5	15.5	8.2	
13.1	-9.1	10.6	5.7	
20.5	27.8	5.7	-1.7	
-1.7	25.4	-1.7	-1.7	
-6.6	30.3	13.1	5.7	
5.7	72.1	18.0	-4.1	
13.1	50.0	13.1	-1.7	
22.9	0.8	3.2	-1.7	
15.5	-6.6	-1.7	-16.4	
25.4	-4.1	-4.1	3.2	
25.4	42.6	-9.1	-4.1	
25.4	79.5	-6.6	35.2	
18.0	59.8	18.0	15.5	
3.2	54.9	42.6	-9.1	
8.2	62.3	27.8	-4.1	
27.8	62.3	35.2	-4.1	
18.0	57.4	13.1	3.2	
13.1	64.7	22.9	13.1	
13.1	37.7	22.9	-6.6	
8.2	32.8	25.4	-4.1	
18.0	27.8	13.1	-1.7	
18.0	27.8	10.6	5.7	
13.1	42.6	0.8	3.2	
22.9	27.8	10.6	20.5	
35.2	30.3	8.2	25.4	
27.8	15.5	5.7	-6.6	
18.0	10.6	13.1	-4.1	
3.2	0.8	15.5	0.8	
5.7	27.8	8.2	20.5	
-1.7	27.8	8.2	3.2	
3.2	13.1	3.2	-14.0	
22.9	40.1	0.8	-11.5	
18.0	54.9	10.6	5.7	
27.8	59.8	0.8	10.6	
25.4	67.2	8.2	-4.1	
50.0	113.9	10.6	8.2	
54.9	118.9	20.5	5.7	
27.8	91.8	8.2	20.5	
30.3	84.4	18.0	25.4	
8.2	25.4	20.5	5.7	
5.7	-68.1	22.9	5.7	
3.2	-46.0	15.5	0.8	
3.2	-41.0	3.2	-4.1	
-9.1	-77.9	-9.1	8.2	
-1.7	-95.2	0.8	5.7	
3.2	-46.0	-9.1	-1.7	
-1.7	-14.0	-11.5	-4.1	
13.1	45.1	5.7	-9.1	
27.8	79.5	-1.7	-6.6	
13.1	37.7	-4.1	5.7	
3.2	37.7	-11.5	5.7	
13.1	15.5	-6.6	15.5	
5.7	15.5	-4.1	10.6	
3.2	59.8	-11.5	8.2	
5.7	54.9	5.7	10.6	
27.8	54.9	13.1	0.8	
30.3	59.8	15.5	15.5	
8.2	59.8	20.5	18.0	
8.2	37.7	18.0	13.1	
-4.1	-6.6	13.1	0.8	
0.8	-6.6	5.7	-4.1	
3.2	13.1	3.2	5.7	
3.2	-1.7	5.7	8.2	
-1.7	0.8	-4.1	5.7	
8.2	-14.0	0.8	3.2	
15.5	27.8	5.7	5.7	
32.8	35.2	-4.1	13.1	
35.2	27.8	-1.7	22.9	
32.8	13.1	0.8	-1.7	
22.9	18.0	5.7	-9.1	
5.7	47.5	-6.6	3.2	
3.2	42.6	10.6	3.2	
-6.6	47.5	0.8	-4.1	
-4.1	47.5	10.6	5.7	
-6.6	50.0	8.2	3.2	
-6.6	32.8	8.2	-1.7	
3.2	40.1	18.0	0.8	
15.5	64.7	18.0	8.2	
10.6	50.0	25.4	10.6	
0.8	22.9	22.9	-1.7	
5.7	-11.5	22.9	-9.1	
3.2	-6.6	27.8	-1.7	
0.8	25.4	15.5	5.7	
-9.1	8.2	20.5	8.2	
0.8	15.5	3.2	-4.1	
18.0	50.0	-6.6	-1.7	
35.2	52.4	0.8	5.7	
22.9	72.1	-1.7	-1.7	
25.4	67.2	20.5	0.8	
5.7	40.1	32.8	-1.7	
8.2	52.4	25.4	3.2	
25.4	42.6	13.1	0.8	
40.1	42.6	10.6	-4.1	
37.7	42.6	15.5	5.7	
32.8	20.5	8.2	8.2	
27.8	15.5	-1.7	8.2	
20.5	-23.8	-6.6	3.2	
22.9	-18.9	10.6	-1.7	
5.7	10.6	25.4	-9.1	
3.2	27.8	25.4	-6.6	
8.2	22.9	25.4	-1.7	
5.7	20.5	35.2	8.2	
20.5	-1.7	30.3	5.7	
13.1	0.8	32.8	15.5	
30.3	18.0	32.8	5.7	
18.0	10.6	25.4	10.6	
15.5	22.9	18.0	8.2	
13.1	35.2	25.4	5.7	
5.7	27.8	22.9	5.7	
5.7	47.5	25.4	-6.6	
20.5	32.8	5.7	0.8	
10.6	42.6	15.5	10.6	
5.7	10.6	18.0	-1.7	
-1.7	-9.1	32.8	5.7	
0.8	-6.6	35.2	3.2	
-1.7	20.5	25.4	0.8	
3.2	8.2	22.9	13.1	
-1.7	37.7	32.8	15.5	
-4.1	0.8	22.9	13.1	
-14.0	-41.0	40.1	8.2	
-6.6	-43.5	20.5	0.8	
-4.1	-1.7	35.2	3.2	
10.6	54.9	27.8	0.8	
5.7	141.0	40.1	-1.7	
15.5	99.2	45.1	3.2	
22.9	67.2	45.1	0.8	
13.1	69.7	35.2	-1.7	
13.1	64.7	10.6	8.2	
22.9	64.7	-9.1	3.2	
27.8	50.0	-11.5	18.0	
25.4	13.1	0.8	3.2	
22.9	13.1	3.2	10.6	
22.9	30.3	10.6	3.2	
18.0	22.9	25.4	5.7	
22.9	40.1	37.7	-4.1	
5.7	40.1	18.0	13.1	
15.5	50.0	20.5	10.6	
10.6	50.0	20.5	5.7	
8.2	40.1	15.5	-1.7	
-1.7	42.6	27.8	3.2	
-14.0	30.3	15.5	-1.7	
-9.1	32.8	8.2	13.1	
-1.7	30.3	22.9	15.5	
-9.1	27.8	50.0	3.2	
-4.1	27.8	25.4	10.6	
-4.1	20.5	30.3	3.2	
3.2	32.8	8.2	-4.1	
-4.1	47.5	5.7	5.7	
15.5	42.6	20.5	0.8	
18.0	22.9	42.6	5.7	
27.8	32.8	30.3	-4.1	
25.4	10.6	30.3	-9.1	
35.2	13.1	40.1	-14.0	
40.1	37.7	35.2	8.2	
37.7	37.7	30.3	10.6	
45.1	27.8	20.5	20.5	
32.8	13.1	8.2	30.3	
10.6	22.9	5.7	15.5	
-1.7	22.9	-1.7	-4.1	
-9.1	25.4	0.8	-16.4	
15.5	13.1	-4.1	-16.4	
15.5	25.4	-11.5	-1.7	
18.0	25.4	-9.1	-9.1	
18.0	30.3	-21.4	-11.5	
15.5	40.1	37.7	-4.1	
15.5	50.0	42.6	3.2	
20.5	45.1	22.9	22.9	
0.8	30.3	-1.7	5.7	
-1.7	40.1	-14.0	8.2	
10.6	35.2	-9.1	27.8	
18.0	35.2	5.7	13.1	
22.9	32.8	-9.1	3.2	
27.8	40.1	3.2	-6.6	
22.9	40.1	-9.1	3.2	
35.2	40.1	5.7	8.2	
32.8	30.3	3.2	8.2	
32.8	8.2	-6.6	15.5	
8.2	5.7	8.2	3.2	
10.6	20.5	-1.7	8.2	
5.7	20.5	13.1	3.2	
13.1	50.0	13.1	18.0	
8.2	84.4	18.0	13.1	
0.8	59.8	5.7	5.7	
5.7	32.8	3.2	8.2	
-1.7	30.3	-4.1	3.2	
-11.5	47.5	15.5	5.7	
10.6	37.7	20.5	5.7	
25.4	25.4	15.5	5.7	
13.1	20.5	22.9	0.8	
15.5	18.0	20.5	8.2	
30.3	8.2	25.4	-1.7	
35.2	30.3	22.9	-1.7	
25.4	42.6	25.4	-1.7	
20.5	30.3	37.7	-9.1	
5.7	30.3	35.2	-9.1	
5.7	5.7	15.5	0.8	
8.2	0.8	25.4	18.0	
3.2	25.4	20.5	13.1	
0.8	27.8	30.3	3.2	
5.7	-9.1	30.3	-6.6	
-6.6	8.2	25.4	5.7	
3.2	37.7	30.3	3.2	
22.9	74.6	27.8	0.8	
22.9	59.8	35.2	3.2	
8.2	13.1	27.8	0.8	
20.5	3.2	35.2	0.8	
25.4	13.1	30.3	8.2	
30.3	27.8	20.5	0.8	
32.8	35.2	20.5	0.8	
20.5	52.4	15.5	22.9	
13.1	45.1	25.4	8.2	
13.1	20.5	30.3	-1.7	
15.5	20.5	37.7	13.1	
10.6	45.1	27.8	10.6	
-6.6	37.7	13.1	13.1	
-4.1	40.1	0.8	10.6	
8.2	54.9	5.7	3.2	
30.3	72.1	3.2	3.2	
52.4	64.7	8.2	5.7	
47.5	74.6	13.1	0.8	
32.8	57.4	13.1	8.2	
18.0	37.7	5.7	-1.7	
20.5	62.3	18.0	-9.1	
15.5	64.7	20.5	5.7	
5.7	37.7	25.4	3.2	
22.9	32.8	15.5	5.7	
13.1	40.1	0.8	8.2	
10.6	-16.4	3.2	5.7	
3.2	-77.9	-1.7	-6.6	
0.8	-31.2	8.2	3.2	
20.5	25.4	-6.6	0.8	
25.4	37.7	-11.5	-6.6	
35.2	-4.1	-9.1	-11.5	
42.6	0.8	-1.7	15.5	
35.2	-6.6	-11.5	15.5	
18.0	-26.3	-1.7	37.7	
20.5	15.5	-14.0	15.5	
5.7	45.1	-11.5	-9.1	
13.1	10.6	15.5	5.7	
3.2	-9.1	-1.7	-1.7	
-6.6	-16.4	-14.0	-9.1	
0.8	13.1	-6.6	0.8	
13.1	5.7	-4.1	-11.5	
20.5	5.7	-11.5	15.5	
-6.6	8.2	-21.4	27.8	
-1.7	15.5	3.2	18.0	
5.7	45.1	-9.1	18.0	
10.6	64.7	0.8	-1.7	
-1.7	106.6	8.2	-1.7	
-1.7	101.6	22.9	0.8	
-4.1	74.6	-1.7	8.2	
-4.1	32.8	-6.6	-1.7	
8.2	22.9	0.8	-4.1	
30.3	-14.0	-14.0	3.2	
42.6	-36.1	-33.7	0.8	
25.4	-4.1	-21.4	-4.1	
18.0	18.0	-6.6	-9.1	
32.8	5.7	-6.6	-4.1	
37.7	3.2	15.5	-6.6	
15.5	8.2	18.0	0.8	
13.1	5.7	8.2	13.1	
20.5	-4.1	-1.7	10.6	
15.5	0.8	-14.0	20.5	
15.5	-4.1	-28.7	13.1	
5.7	-1.7	-21.4	8.2	
0.8	0.8	-9.1	-1.7	
8.2	-11.5	0.8	-6.6	
20.5	5.7	-11.5	3.2	
30.3	27.8	-16.4	8.2	
15.5	20.5	-18.9	-6.6	
15.5	3.2	-1.7	-1.7	
5.7	-9.1	-11.5	10.6	
-21.4	3.2	-1.7	13.1	
-11.5	-11.5	-1.7	5.7	
-6.6	-26.3	-11.5	8.2	
-11.5	-23.8	-11.5	15.5	
0.8	-1.7	-21.4	3.2	
-21.4	5.7	-4.1	8.2	
3.2	18.0	-4.1	5.7	
8.2	30.3	5.7	-1.7	
5.7	45.1	10.6	10.6	
18.0	18.0	25.4	-4.1	
18.0	13.1	20.5	-1.7	
13.1	22.9	18.0	3.2	
0.8	52.4	3.2	8.2	
-4.1	62.3	-14.0	5.7	
-4.1	89.3	-4.1	5.7	
0.8	109.0	0.8	-1.7	
0.8	111.5	18.0	-1.7	
10.6	91.8	47.5	0.8	
27.8	94.3	13.1	15.5	
13.1	111.5	18.0	18.0	
15.5	118.9	20.5	13.1	
27.8	128.7	18.0	8.2	
42.6	116.4	15.5	8.2	
37.7	109.0	20.5	3.2	
40.1	106.6	25.4	-9.1	
32.8	121.3	13.1	3.2	
45.1	138.5	22.9	0.8	
25.4	143.5	10.6	8.2	
22.9	101.6	8.2	10.6	
20.5	84.4	15.5	-1.7	
15.5	84.4	13.1	-1.7	
27.8	64.7	-4.1	10.6	
52.4	104.1	-9.1	0.8	
10.6	69.7	0.8	10.6	
-1.7	27.8	10.6	-1.7	
0.8	40.1	3.2	8.2	
-6.6	18.0	-6.6	-1.7	
-11.5	-4.1	0.8	0.8	
-21.4	-14.0	-16.4	-9.1	
-4.1	-36.1	-14.0	-9.1	
20.5	-31.2	-11.5	-14.0	
37.7	-4.1	-9.1	0.8	
37.7	8.2	-16.4	5.7	
50.0	5.7	-11.5	22.9	
47.5	-26.3	-11.5	13.1	
35.2	-1.7	-18.9	10.6	
27.8	20.5	-9.1	10.6	
20.5	20.5	-9.1	3.2	
27.8	8.2	-9.1	-1.7	
20.5	-6.6	-14.0	8.2	
18.0	3.2	-18.9	10.6	
0.8	13.1	-18.9	18.0	
-9.1	-9.1	-21.4	18.0	
0.8	-6.6	-4.1	8.2	
10.6	5.7	-14.0	3.2	
-1.7	3.2	-23.8	-9.1	
0.8	-4.1	-9.1	8.2	
13.1	3.2	-11.5	8.2	
15.5	0.8	-16.4	-1.7	
15.5	3.2	-14.0	-6.6	
15.5	5.7	-14.0	5.7	
3.2	8.2	-18.9	5.7	
25.4	15.5	-26.3	-4.1	
22.9	25.4	-23.8	8.2	
22.9	10.6	-11.5	-9.1	
22.9	13.1	37.7	22.9	
8.2	-4.1	30.3	22.9	
8.2	0.8	32.8	5.7	
10.6	32.8	15.5	-4.1	
5.7	57.4	-4.1	0.8	
15.5	27.8	27.8	0.8	
5.7	30.3	40.1	5.7	
-4.1	13.1	22.9	-4.1	
-6.6	18.0	0.8	-9.1	
18.0	37.7	-6.6	-6.6	
37.7	40.1	-14.0	-1.7	
30.3	32.8	-23.8	-1.7	
37.7	57.4	-9.1	-1.7	
27.8	52.4	-18.9	8.2	
32.8	64.7	-11.5	-4.1	
35.2	27.8	3.2	8.2	
22.9	30.3	-1.7	-1.7	
18.0	35.2	-1.7	-9.1	
15.5	45.1	-9.1	0.8	
20.5	30.3	3.2	5.7	
18.0	3.2	0.8	13.1	
25.4	-41.0	8.2	20.5	
20.5	-9.1	3.2	0.8	
20.5	18.0	27.8	5.7	
25.4	54.9	30.3	3.2	
20.5	25.4	20.5	5.7	
15.5	22.9	42.6	5.7	
22.9	30.3	35.2	-4.1	
22.9	37.7	5.7	8.2	
37.7	22.9	5.7	13.1	
22.9	30.3	3.2	13.1	
15.5	52.4	-1.7	0.8	
15.5	52.4	25.4	-1.7	
8.2	35.2	27.8	-9.1	
15.5	52.4	27.8	-9.1	
13.1	50.0	13.1	-11.5	
30.3	20.5	15.5	0.8	
27.8	-28.7	10.6	20.5	
20.5	-31.2	8.2	15.5	
15.5	-38.6	0.8	10.6	
0.8	-4.1	8.2	-6.6	
10.6	20.5	13.1	22.9	
10.6	18.0	8.2	42.6	
3.2	37.7	5.7	8.2	
10.6	32.8	-1.7	-1.7	
8.2	45.1	-1.7	-14.0	
22.9	30.3	5.7	-4.1	
18.0	27.8	-14.0	3.2	
10.6	30.3	-1.7	8.2	
18.0	20.5	-1.7	-1.7	
20.5	15.5	-9.1	0.8	
8.2	25.4	-1.7	22.9	
-4.1	32.8	-11.5	47.5	
18.0	32.8	-9.1	0.8	
27.8	32.8	-9.1	-9.1	
25.4	37.7	-4.1	3.2	
20.5	37.7	-14.0	13.1	
27.8	35.2	3.2	13.1	
10.6	30.3	-11.5	15.5	
-6.6	37.7	-9.1	5.7	
-9.1	45.1	-18.9	18.0	
-6.6	25.4	-16.4	8.2	
-9.1	25.4	-16.4	5.7	
5.7	42.6	-43.5	0.8	
18.0	42.6	-33.7	22.9	
18.0	35.2	-33.7	-1.7	
27.8	35.2	-41.0	0.8	
22.9	47.5	-14.0	-1.7	
13.1	37.7	-11.5	8.2	
15.5	32.8	-6.6	-11.5	
-1.7	27.8	0.8	-1.7	
-21.4	35.2	-14.0	-6.6	
-11.5	25.4	-16.4	-4.1	
-6.6	25.4	-23.8	0.8	
-4.1	25.4	-26.3	8.2	
15.5	25.4	-33.7	0.8	
35.2	10.6	-23.8	0.8	
18.0	-6.6	-23.8	-1.7	
10.6	3.2	-26.3	-4.1	
15.5	20.5	-26.3	0.8	
3.2	25.4	-23.8	5.7	
-14.0	37.7	-26.3	8.2	
-4.1	42.6	-28.7	5.7	
-9.1	47.5	-18.9	5.7	
20.5	18.0	-21.4	5.7	
32.8	27.8	-33.7	10.6	
27.8	42.6	-23.8	-1.7	
20.5	37.7	-21.4	0.8	
8.2	47.5	-31.2	5.7	
3.2	37.7	-33.7	-1.7	
-18.9	27.8	-38.6	-4.1	
-21.4	40.1	-31.2	0.8	
0.8	45.1	-48.4	0.8	
20.5	0.8	-1.7	-4.1	
25.4	22.9	13.1	3.2	
35.2	57.4	13.1	3.2	
54.9	45.1	-18.9	-4.1	
40.1	50.0	-21.4	13.1	
32.8	27.8	0.8	3.2	
30.3	-18.9	-1.7	3.2	
30.3	-4.1	-6.6	0.8	
25.4	3.2	-23.8	8.2	
30.3	5.7	-21.4	-1.7	
22.9	-9.1	0.8	3.2	
25.4	18.0	-18.9	15.5	
13.1	30.3	-28.7	3.2	
15.5	22.9	-48.4	10.6	
-9.1	30.3	-38.6	3.2	
-14.0	45.1	-23.8	13.1	
5.7	42.6	-28.7	20.5	
22.9	47.5	-14.0	5.7	
54.9	30.3	-21.4	5.7	
22.9	15.5	-21.4	3.2	
22.9	15.5	-16.4	-9.1	
8.2	32.8	-16.4	-4.1	
8.2	22.9	-16.4	-1.7	
13.1	22.9	-11.5	5.7	
15.5	20.5	-14.0	3.2	
13.1	30.3	-21.4	13.1	
3.2	37.7	-6.6	3.2	
13.1	45.1	-11.5	5.7	
40.1	47.5	-4.1	13.1	
20.5	40.1	-6.6	13.1	
18.0	8.2	5.7	5.7	
15.5	10.6	-4.1	8.2	
27.8	18.0	-6.6	3.2	
25.4	32.8	18.0	-1.7	
15.5	45.1	27.8	-4.1	
27.8	37.7	22.9	13.1	
25.4	37.7	20.5	5.7	
18.0	25.4	25.4	-11.5	
5.7	0.8	18.0	10.6	
-23.8	27.8	30.3	18.0	
-1.7	45.1	30.3	13.1	
-6.6	47.5	8.2	18.0	
22.9	37.7	0.8	20.5	
10.6	32.8	3.2	15.5	
0.8	-21.4	20.5	18.0	
-4.1	-6.6	15.5	15.5	
8.2	5.7	22.9	18.0	
5.7	-6.6	8.2	8.2	
10.6	-26.3	-4.1	3.2	
-9.1	-14.0	13.1	-9.1	
-1.7	-21.4	25.4	3.2	
-4.1	5.7	20.5	10.6	
-6.6	45.1	15.5	8.2	
-4.1	74.6	25.4	3.2	
18.0	52.4	15.5	0.8	
25.4	22.9	10.6	-1.7	
22.9	22.9	13.1	-4.1	
18.0	42.6	0.8	5.7	
20.5	32.8	3.2	3.2	
10.6	40.1	5.7	-4.1	
3.2	54.9	3.2	3.2	
3.2	40.1	10.6	5.7	
27.8	37.7	15.5	0.8	
45.1	37.7	18.0	3.2	
47.5	27.8	22.9	0.8	
45.1	47.5	15.5	0.8	
50.0	57.4	8.2	0.8	
37.7	52.4	-1.7	-1.7	
27.8	37.7	3.2	-6.6	
22.9	45.1	3.2	5.7	
18.0	40.1	0.8	3.2	
25.4	45.1	-9.1	-1.7	
-11.5	47.5	0.8	5.7	
-14.0	37.7	3.2	3.2	
5.7	8.2	15.5	8.2	
5.7	5.7	27.8	8.2	
-4.1	5.7	18.0	3.2	
8.2	25.4	27.8	8.2	
25.4	35.2	42.6	3.2	
35.2	37.7	35.2	-1.7	
20.5	-14.0	10.6	10.6	
-21.4	-33.7	-1.7	5.7	
-11.5	-6.6	-1.7	3.2	
-26.3	-14.0	13.1	5.7	
-21.4	-1.7	5.7	0.8	
-21.4	8.2	-1.7	3.2	
5.7	8.2	32.8	3.2	
5.7	47.5	35.2	0.8	
15.5	79.5	20.5	-4.1	
5.7	47.5	8.2	3.2	
5.7	13.1	-11.5	15.5	
22.9	25.4	-11.5	22.9	
30.3	35.2	-6.6	8.2	
42.6	42.6	0.8	5.7	
37.7	42.6	3.2	8.2	
35.2	15.5	0.8	8.2	
40.1	22.9	20.5	-1.7	
27.8	27.8	15.5	8.2	
32.8	40.1	5.7	10.6	
27.8	50.0	-4.1	15.5	
3.2	50.0	-14.0	35.2	
-9.1	50.0	-11.5	18.0	
-9.1	42.6	-1.7	18.0	
20.5	22.9	3.2	20.5	
45.1	25.4	-4.1	32.8	
42.6	27.8	18.0	59.8	
30.3	22.9	5.7	59.8	
27.8	30.3	0.8	-14.0	
5.7	35.2	-16.4	-65.6	
-1.7	27.8	-16.4	-33.7	
5.7	52.4	-18.9	-16.4	
5.7	67.2	-16.4	-9.1	
3.2	54.9	-1.7	-11.5	
15.5	32.8	22.9	3.2	
5.7	15.5	47.5	-6.6	
22.9	32.8	15.5	3.2	
30.3	62.3	3.2	3.2	
20.5	57.4	18.0	-1.7	
13.1	10.6	13.1	-6.6	
8.2	5.7	8.2	-1.7	
20.5	18.0	0.8	-11.5	
3.2	42.6	-16.4	-1.7	
-18.9	62.3	-21.4	5.7	
-14.0	74.6	-11.5	3.2	
8.2	69.7	-4.1	-9.1	
37.7	45.1	-6.6	-18.9	
62.3	42.6	-1.7	-14.0	
22.9	25.4	0.8	-16.4	
20.5	8.2	0.8	-9.1	
5.7	-14.0	18.0	-4.1	
13.1	-14.0	10.6	5.7	
15.5	-21.4	0.8	25.4	
22.9	15.5	-9.1	22.9	
32.8	54.9	-1.7	25.4	
27.8	106.6	-6.6	3.2	
18.0	67.2	-4.1	-4.1	
10.6	72.1	-11.5	13.1	
5.7	59.8	3.2	18.0	
15.5	50.0	8.2	25.4	
13.1	57.4	13.1	30.3	
5.7	52.4	8.2	15.5	
22.9	62.3	-1.7	18.0	
40.1	52.4	0.8	3.2	
30.3	47.5	-4.1	13.1	
8.2	25.4	-9.1	5.7	
-1.7	22.9	3.2	-1.7	
15.5	18.0	-4.1	5.7	
25.4	22.9	0.8	13.1	
20.5	8.2	-4.1	5.7	
-1.7	3.2	-4.1	0.8	
0.8	-21.4	-6.6	-4.1	
-9.1	-33.7	0.8	3.2	
3.2	-21.4	-9.1	-4.1	
15.5	-9.1	-6.6	13.1	
27.8	20.5	-11.5	5.7	
40.1	50.0	-18.9	8.2	
40.1	57.4	-9.1	8.2	
10.6	30.3	5.7	3.2	
20.5	50.0	-6.6	5.7	
22.9	32.8	-16.4	3.2	
15.5	30.3	-14.0	3.2	
10.6	15.5	-14.0	-1.7	
15.5	27.8	-16.4	8.2	
10.6	59.8	-9.1	0.8	
0.8	74.6	-9.1	0.8	
8.2	79.5	-1.7	13.1	
15.5	30.3	-1.7	13.1	
18.0	20.5	-1.7	20.5	
5.7	-11.5	0.8	13.1	
13.1	10.6	-18.9	20.5	
22.9	10.6	-9.1	13.1	
37.7	0.8	-6.6	8.2	
45.1	8.2	-14.0	8.2	
50.0	45.1	-11.5	-11.5	
32.8	18.0	-18.9	-16.4	
10.6	37.7	-18.9	-6.6	
15.5	37.7	-11.5	0.8	
15.5	30.3	-1.7	0.8	
32.8	54.9	-9.1	3.2	
15.5	50.0	-6.6	-4.1	
0.8	64.7	0.8	-9.1	
-18.9	84.4	0.8	-1.7	
-28.7	3.2	-9.1	13.1	
-21.4	-100.1	-9.1	5.7	
-31.2	-114.8	-6.6	-6.6	
-21.4	-16.4	5.7	-14.0	
-31.2	62.3	-4.1	-16.4	
-9.1	59.8	-14.0	-6.6	
86.9	3.2	-6.6	-9.1	
54.9	25.4	5.7	3.2	
25.4	50.0	18.0	10.6	
30.3	37.7	25.4	10.6	
27.8	52.4	5.7	3.2	
-1.7	52.4	-1.7	-1.7	
-9.1	37.7	-14.0	-23.8	
3.2	10.6	3.2	-4.1	
-4.1	52.4	-1.7	-4.1	
-1.7	62.3	5.7	8.2	
-14.0	37.7	5.7	5.7	
18.0	8.2	-14.0	8.2	
50.0	13.1	0.8	18.0	
37.7	20.5	13.1	3.2	
42.6	0.8	3.2	3.2	
27.8	-1.7	5.7	13.1	
35.2	15.5	5.7	10.6	
27.8	20.5	8.2	0.8	
22.9	47.5	5.7	8.2	
27.8	35.2	13.1	13.1	
22.9	27.8	15.5	22.9	
13.1	30.3	20.5	30.3	
-6.6	37.7	32.8	45.1	
-21.4	37.7	40.1	22.9	
-14.0	25.4	47.5	10.6	
-9.1	3.2	40.1	-4.1	
13.1	15.5	10.6	-23.8	
37.7	10.6	-4.1	-16.4	
59.8	50.0	-1.7	-31.2	
32.8	52.4	13.1	-9.1	
8.2	10.6	22.9	-6.6	
13.1	3.2	15.5	-6.6	
42.6	-6.6	5.7	-6.6	
30.3	-33.7	5.7	0.8	
27.8	-14.0	5.7	-4.1	
35.2	32.8	3.2	-4.1	
27.8	59.8	10.6	-11.5	
22.9	59.8	5.7	0.8	
30.3	59.8	8.2	3.2	
5.7	82.0	13.1	13.1	
-14.0	35.2	10.6	30.3	
-14.0	35.2	8.2	25.4	
-1.7	72.1	5.7	27.8	
27.8	101.6	8.2	25.4	
25.4	67.2	8.2	30.3	
30.3	67.2	5.7	3.2	
30.3	47.5	0.8	-1.7	
40.1	77.0	-1.7	-31.2	
45.1	50.0	3.2	-26.3	
32.8	-1.7	-1.7	-9.1	
8.2	-6.6	3.2	-9.1	
22.9	-9.1	10.6	-4.1	
5.7	22.9	0.8	-4.1	
5.7	30.3	15.5	5.7	
10.6	18.0	25.4	18.0	
15.5	-4.1	40.1	18.0	
8.2	-21.4	18.0	-1.7	
3.2	-43.5	13.1	-26.3	
5.7	-31.2	18.0	-26.3	
0.8	40.1	13.1	-26.3	
0.8	54.9	5.7	-28.7	
5.7	37.7	5.7	-16.4	
3.2	13.1	8.2	0.8	
10.6	-46.0	15.5	0.8	
3.2	5.7	18.0	-4.1	
-4.1	79.5	32.8	8.2	
3.2	74.6	35.2	-1.7	
5.7	59.8	18.0	5.7	
-1.7	50.0	8.2	0.8	
-11.5	40.1	15.5	5.7	
-1.7	42.6	20.5	-11.5	
13.1	47.5	0.8	-14.0	
3.2	27.8	5.7	-6.6	
-11.5	35.2	8.2	0.8	
-18.9	20.5	5.7	-4.1	
3.2	-14.0	20.5	5.7	
18.0	3.2	25.4	-23.8	
15.5	27.8	20.5	-21.4	
8.2	25.4	18.0	-9.1	
8.2	22.9	13.1	15.5	
0.8	35.2	13.1	27.8	
-11.5	45.1	25.4	35.2	
-9.1	37.7	30.3	32.8	
-11.5	30.3	27.8	32.8	
27.8	-1.7	15.5	32.8	
13.1	-21.4	0.8	3.2	
37.7	-4.1	5.7	-18.9	
94.3	0.8	-1.7	-43.5	
67.2	0.8	8.2	-43.5	
62.3	8.2	-1.7	-26.3	
32.8	25.4	0.8	-18.9	
25.4	37.7	3.2	10.6	
35.2	37.7	0.8	50.0	
22.9	30.3	8.2	50.0	
15.5	32.8	3.2	42.6	
18.0	42.6	8.2	10.6	
18.0	27.8	5.7	-6.6	
15.5	45.1	5.7	-28.7	
8.2	32.8	0.8	-31.2	
-4.1	40.1	-6.6	-28.7	
-11.5	25.4	-4.1	0.8	
-14.0	30.3	-1.7	0.8	
-16.4	30.3	-28.7	-14.0	
-9.1	35.2	-23.8	-6.6	
-11.5	20.5	-38.6	-9.1	
-9.1	35.2	-46.0	-11.5	
8.2	45.1	-58.3	-14.0	
8.2	15.5	-55.8	10.6	
0.8	52.4	-63.2	5.7	
0.8	32.8	-73.0	-1.7	
47.5	47.5	-68.1	5.7	
52.4	35.2	-75.5	8.2	
27.8	35.2	-70.6	18.0	
32.8	20.5	-65.6	10.6	
37.7	22.9	-68.1	0.8	
40.1	32.8	-68.1	3.2	
30.3	10.6	-58.3	15.5	
27.8	8.2	-68.1	22.9	
18.0	22.9	-60.7	27.8	
15.5	22.9	-53.3	15.5	
10.6	30.3	-53.3	5.7	
-6.6	20.5	-46.0	-6.6	
0.8	30.3	-38.6	-14.0	
-18.9	40.1	-36.1	3.2	
-21.4	30.3	-21.4	22.9	
-18.9	22.9	-26.3	45.1	
-9.1	13.1	-23.8	25.4	
-16.4	15.5	-26.3	22.9	
20.5	8.2	-23.8	27.8	
15.5	-9.1	-18.9	30.3	
27.8	37.7	-14.0	22.9	
52.4	79.5	-6.6	18.0	
62.3	59.8	-1.7	13.1	
30.3	35.2	-1.7	13.1	
15.5	25.4	18.0	18.0	
25.4	27.8	22.9	0.8	
3.2	25.4	27.8	0.8	
18.0	37.7	22.9	-6.6	
18.0	50.0	22.9	0.8	
0.8	77.0	22.9	20.5	
13.1	42.6	25.4	20.5	
18.0	-1.7	25.4	25.4	
-1.7	-26.3	27.8	15.5	
-14.0	-14.0	25.4	8.2	
-14.0	0.8	25.4	5.7	
18.0	35.2	25.4	0.8	
10.6	45.1	27.8	30.3	
-6.6	30.3	18.0	25.4	
8.2	13.1	25.4	25.4	
22.9	27.8	37.7	8.2	
20.5	30.3	27.8	27.8	
22.9	45.1	13.1	20.5	
10.6	37.7	25.4	18.0	
10.6	37.7	25.4	18.0	
8.2	37.7	25.4	15.5	
13.1	35.2	27.8	8.2	
20.5	30.3	30.3	10.6	
3.2	32.8	32.8	10.6	
22.9	30.3	35.2	15.5	
22.9	20.5	32.8	22.9	
25.4	22.9	32.8	25.4	
22.9	37.7	20.5	32.8	
18.0	30.3	27.8	8.2	
18.0	30.3	27.8	8.2	
3.2	35.2	30.3	5.7	
50.0	45.1	37.7	10.6	
62.3	45.1	35.2	18.0	
45.1	27.8	40.1	8.2	
35.2	30.3	45.1	5.7	
22.9	5.7	37.7	20.5	
15.5	-11.5	32.8	27.8	
20.5	0.8	22.9	45.1	
30.3	-9.1	25.4	32.8	
37.7	13.1	35.2	13.1	
18.0	37.7	35.2	20.5	
32.8	64.7	37.7	20.5	
32.8	64.7	30.3	15.5	
8.2	45.1	27.8	10.6	
-11.5	37.7	30.3	0.8	
-21.4	32.8	13.1	-6.6	
-9.1	35.2	18.0	-1.7	
18.0	22.9	20.5	15.5	
10.6	22.9	22.9	5.7	
20.5	40.1	22.9	-4.1	
47.5	42.6	5.7	18.0	
40.1	-6.6	13.1	3.2	
27.8	-9.1	15.5	-6.6	
22.9	42.6	10.6	15.5	
42.6	64.7	8.2	8.2	
45.1	69.7	0.8	5.7	
18.0	50.0	18.0	-6.6	
8.2	67.2	25.4	-4.1	
-18.9	72.1	32.8	-4.1	
-23.8	50.0	35.2	18.0	
-16.4	54.9	25.4	5.7	
8.2	15.5	30.3	8.2	
8.2	10.6	22.9	10.6	
-1.7	45.1	22.9	22.9	
5.7	50.0	20.5	45.1	
10.6	64.7	20.5	40.1	
-11.5	72.1	5.7	50.0	
-4.1	74.6	18.0	47.5	
18.0	45.1	20.5	50.0	
0.8	59.8	8.2	37.7	
-11.5	10.6	5.7	45.1	
-14.0	-46.0	-16.4	-9.1	
-6.6	22.9	-31.2	-28.7	
5.7	32.8	-31.2	-26.3	
30.3	-9.1	-28.7	-11.5	
62.3	0.8	-31.2	0.8	
77.0	-23.8	-4.1	10.6	
72.1	-41.0	15.5	0.8	
57.4	37.7	42.6	3.2	
40.1	84.4	84.4	-9.1	
30.3	72.1	79.5	-1.7	
5.7	32.8	62.3	-6.6	
-9.1	-4.1	40.1	-6.6	
-14.0	-6.6	22.9	0.8	
-4.1	3.2	25.4	3.2	
-14.0	-1.7	20.5	3.2	
-6.6	13.1	3.2	0.8	
-9.1	30.3	-26.3	3.2	
27.8	37.7	-50.9	3.2	
18.0	52.4	-43.5	8.2	
5.7	37.7	-41.0	8.2	
50.0	32.8	-4.1	15.5	
37.7	22.9	-9.1	18.0	
8.2	22.9	22.9	8.2	
0.8	30.3	54.9	-4.1	
5.7	40.1	42.6	3.2	
27.8	40.1	-53.3	20.5	
18.0	40.1	-55.8	22.9	
22.9	32.8	-21.4	18.0	
3.2	40.1	-11.5	10.6	
25.4	22.9	10.6	-1.7	
37.7	40.1	35.2	5.7	
22.9	40.1	86.9	13.1	
89.3	32.8	153.3	13.1	
54.9	35.2	143.5	3.2	
32.8	20.5	32.8	3.2	
8.2	30.3	-33.7	0.8	
-23.8	37.7	-48.4	13.1	
-11.5	15.5	-73.0	18.0	
-16.4	15.5	-70.6	10.6	
3.2	18.0	-36.1	8.2	
20.5	22.9	20.5	8.2	
18.0	10.6	72.1	13.1	
22.9	5.7	74.6	18.0	
13.1	18.0	52.4	3.2	
3.2	30.3	0.8	-1.7	
-1.7	25.4	-55.8	15.5	
8.2	25.4	-41.0	13.1	
8.2	35.2	-33.7	3.2	
8.2	27.8	22.9	-9.1	
20.5	22.9	-6.6	-4.1	
20.5	27.8	-38.6	25.4	
18.0	13.1	10.6	27.8	
22.9	13.1	96.7	27.8	
25.4	5.7	67.2	27.8	
18.0	-11.5	35.2	57.4	
30.3	-31.2	22.9	25.4	
30.3	-33.7	45.1	22.9	
25.4	-14.0	89.3	-4.1	
27.8	-14.0	99.2	-1.7	
8.2	13.1	50.0	8.2	
-4.1	10.6	-16.4	-4.1	
-26.3	0.8	-46.0	0.8	
-28.7	15.5	-43.5	25.4	
-1.7	40.1	10.6	15.5	
10.6	37.7	20.5	35.2	
20.5	18.0	30.3	-26.3	
35.2	-11.5	47.5	-14.0	
10.6	-6.6	91.8	13.1	
5.7	-18.9	99.2	18.0	
-4.1	-31.2	86.9	-23.8	
-4.1	-9.1	50.0	-41.0	
8.2	-6.6	22.9	-31.2	
8.2	50.0	-1.7	-9.1	
10.6	77.0	-53.3	15.5	
22.9	94.3	-46.0	77.0	
40.1	104.1	-23.8	99.2	
52.4	111.5	-21.4	22.9	
45.1	104.1	8.2	-23.8	
37.7	106.6	20.5	-38.6	
45.1	143.5	8.2	-11.5	
32.8	116.4	25.4	0.8	
22.9	126.2	69.7	-11.5	
18.0	116.4	42.6	45.1	
25.4	101.6	-31.2	57.4	
42.6	45.1	-48.4	45.1	
35.2	57.4	-38.6	42.6	
22.9	69.7	-63.2	13.1	
0.8	57.4	-80.4	-1.7	
5.7	62.3	-65.6	0.8	
18.0	72.1	-28.7	-1.7	
0.8	64.7	3.2	-4.1	
5.7	82.0	8.2	0.8	
3.2	69.7	15.5	-4.1	
-1.7	50.0	15.5	-6.6	
0.8	5.7	10.6	-21.4	
15.5	5.7	-14.0	-33.7	
30.3	-1.7	5.7	-28.7	
52.4	15.5	32.8	-18.9	
52.4	47.5	20.5	-26.3	
30.3	35.2	-9.1	-1.7	
18.0	35.2	-38.6	25.4	
18.0	27.8	-28.7	35.2	
22.9	22.9	-6.6	3.2	
37.7	13.1	22.9	-14.0	
37.7	15.5	64.7	3.2	
20.5	18.0	72.1	-14.0	
-4.1	-18.9	37.7	-16.4	
8.2	-23.8	-18.9	-4.1	
0.8	-4.1	-26.3	5.7	
-6.6	-1.7	-18.9	-14.0	
0.8	-14.0	-16.4	-16.4	
10.6	-4.1	-46.0	-9.1	
8.2	8.2	-31.2	-6.6	
22.9	15.5	-46.0	-31.2	
30.3	22.9	-46.0	-28.7	
52.4	20.5	-14.0	-23.8	
47.5	5.7	18.0	-1.7	
32.8	20.5	20.5	40.1	
18.0	25.4	32.8	50.0	
8.2	22.9	62.3	40.1	
10.6	32.8	96.7	27.8	
15.5	35.2	126.2	13.1	
20.5	35.2	116.4	15.5	
25.4	35.2	74.6	22.9	
22.9	37.7	64.7	10.6	
40.1	20.5	72.1	3.2	
40.1	18.0	74.6	18.0	
30.3	22.9	64.7	10.6	
25.4	35.2	52.4	-1.7	
18.0	27.8	37.7	-31.2	
32.8	20.5	22.9	-23.8	
42.6	15.5	32.8	-14.0	
35.2	15.5	13.1	-26.3	
18.0	-16.4	10.6	-38.6	
22.9	-16.4	45.1	-26.3	
45.1	5.7	35.2	-11.5	
59.8	0.8	10.6	-38.6	
57.4	-14.0	18.0	-48.4	
62.3	22.9	37.7	-48.4	
50.0	91.8	27.8	-14.0	
45.1	79.5	3.2	-21.4	
45.1	54.9	18.0	-55.8	
47.5	37.7	37.7	-23.8	
52.4	54.9	15.5	-14.0	
57.4	47.5	-4.1	-9.1	
45.1	32.8	-21.4	15.5	
54.9	47.5	-26.3	94.3	
35.2	45.1	-28.7	224.6	
47.5	5.7	-41.0	153.3	
47.5	-11.5	-18.9	15.5	
32.8	-4.1	-16.4	10.6	
15.5	8.2	15.5	10.6	
15.5	0.8	40.1	8.2	
82.0	10.6	22.9	22.9	
72.1	18.0	-6.6	25.4	
42.6	40.1	5.7	27.8	
27.8	37.7	-6.6	30.3	
37.7	40.1	22.9	22.9	
47.5	40.1	67.2	22.9	
32.8	52.4	101.6	15.5	
40.1	79.5	155.8	3.2	
37.7	54.9	104.1	-14.0	
45.1	5.7	32.8	-21.4	
47.5	0.8	40.1	-14.0	
40.1	10.6	35.2	10.6	
30.3	-11.5	-4.1	13.1	
35.2	-26.3	-21.4	-4.1	
42.6	10.6	18.0	-9.1	
64.7	22.9	57.4	-21.4	
47.5	13.1	72.1	-26.3	
37.7	-11.5	79.5	32.8	
40.1	0.8	59.8	79.5	
45.1	15.5	45.1	91.8	
50.0	30.3	-6.6	118.9	
64.7	13.1	-9.1	79.5	
59.8	10.6	-4.1	10.6	
52.4	30.3	0.8	-23.8	
32.8	30.3	-26.3	-18.9	
37.7	37.7	-77.9	5.7	
27.8	40.1	-95.2	-9.1	
20.5	40.1	-60.7	-11.5	
37.7	52.4	-55.8	5.7	
18.0	47.5	5.7	-23.8	
40.1	20.5	109.0	-33.7	
47.5	-1.7	138.5	-23.8	
37.7	-26.3	155.8	-41.0	
35.2	-9.1	190.2	-23.8	
45.1	32.8	205.0	-36.1	
30.3	30.3	128.7	-36.1	
25.4	52.4	40.1	-58.3	
0.8	57.4	15.5	-55.8	
13.1	59.8	42.6	-85.3	
25.4	59.8	50.0	-73.0	
45.1	59.8	37.7	-21.4	
35.2	52.4	18.0	-16.4	
37.7	32.8	-14.0	5.7	
40.1	20.5	-43.5	86.9	
20.5	15.5	-31.2	25.4	
32.8	30.3	-41.0	-28.7	
30.3	-14.0	-6.6	-36.1	
20.5	40.1	27.8	-11.5	
42.6	82.0	0.8	18.0	
32.8	84.4	0.8	15.5	
25.4	64.7	27.8	15.5	
25.4	35.2	59.8	27.8	
27.8	-1.7	72.1	30.3	
10.6	8.2	69.7	25.4	
22.9	30.3	54.9	25.4	
22.9	30.3	67.2	3.2	
27.8	-1.7	15.5	-6.6	
18.0	-11.5	10.6	3.2	
35.2	-9.1	13.1	-14.0	
25.4	0.8	13.1	-4.1	
25.4	-1.7	30.3	-1.7	
13.1	15.5	15.5	-14.0	
5.7	13.1	15.5	-36.1	
18.0	25.4	22.9	-11.5	
22.9	15.5	47.5	13.1	
25.4	30.3	52.4	0.8	
18.0	30.3	72.1	-14.0	
15.5	45.1	82.0	-28.7	
10.6	27.8	104.1	-46.0	
3.2	20.5	109.0	-43.5	
-16.4	10.6	91.8	-9.1	
-16.4	15.5	57.4	30.3	
-9.1	25.4	62.3	62.3	
3.2	42.6	47.5	59.8	
3.2	37.7	22.9	54.9	
-1.7	45.1	10.6	27.8	
13.1	40.1	-14.0	8.2	
45.1	47.5	0.8	-9.1	
67.2	42.6	-21.4	-14.0	
69.7	45.1	-9.1	3.2	
45.1	32.8	25.4	-1.7	
45.1	32.8	18.0	0.8	
27.8	50.0	67.2	-4.1	
20.5	37.7	84.4	-16.4	
15.5	50.0	50.0	-28.7	
0.8	47.5	74.6	-1.7	
15.5	50.0	101.6	-11.5	
25.4	59.8	69.7	-14.0	
30.3	57.4	52.4	0.8	
35.2	42.6	0.8	3.2	
27.8	52.4	-36.1	10.6	
5.7	67.2	-38.6	18.0	
8.2	3.2	-102.5	69.7	
3.2	-18.9	-156.7	62.3	
25.4	-33.7	-191.1	10.6	
27.8	-28.7	-191.1	0.8	
15.5	-1.7	-137.0	-1.7	
13.1	-6.6	-92.7	8.2	
15.5	22.9	-23.8	-9.1	
13.1	30.3	32.8	-6.6	
13.1	37.7	113.9	0.8	
10.6	32.8	72.1	15.5	
-6.6	32.8	50.0	18.0	
5.7	22.9	-31.2	15.5	
22.9	27.8	-92.7	5.7	
13.1	18.0	-102.5	-14.0	
18.0	22.9	-117.3	-11.5	
18.0	30.3	-151.7	-1.7	
10.6	25.4	-146.8	-4.1	
5.7	35.2	-117.3	5.7	
8.2	30.3	-58.3	-9.1	
15.5	13.1	-33.7	-9.1	
25.4	-9.1	-33.7	22.9	
15.5	18.0	-31.2	27.8	
25.4	50.0	-53.3	18.0	
18.0	35.2	18.0	18.0	
18.0	22.9	32.8	10.6	
8.2	20.5	-33.7	5.7	
-1.7	27.8	-43.5	5.7	
0.8	45.1	-50.9	0.8	
3.2	42.6	-85.3	5.7	
8.2	32.8	-141.9	3.2	
5.7	25.4	-129.6	5.7	
35.2	35.2	-68.1	18.0	
22.9	47.5	-14.0	32.8	
15.5	42.6	18.0	10.6	
8.2	25.4	52.4	-1.7	
5.7	27.8	54.9	-1.7	
0.8	54.9	5.7	-4.1	
-11.5	35.2	35.2	-4.1	
-21.4	35.2	57.4	0.8	
-6.6	25.4	42.6	15.5	
-1.7	25.4	15.5	52.4	
-9.1	42.6	0.8	45.1	
-6.6	32.8	5.7	30.3	
-6.6	40.1	32.8	22.9	
-1.7	37.7	30.3	10.6	
5.7	22.9	-1.7	-4.1	
30.3	27.8	-31.2	-4.1	
37.7	32.8	-38.6	-11.5	
37.7	37.7	-31.2	-31.2	
35.2	27.8	-16.4	-21.4	
25.4	37.7	-26.3	-16.4	
10.6	54.9	-1.7	20.5	
8.2	47.5	22.9	42.6	
20.5	20.5	20.5	35.2	
20.5	30.3	-36.1	32.8	
5.7	15.5	-43.5	45.1	
8.2	20.5	-1.7	47.5	
8.2	25.4	-23.8	10.6	
10.6	25.4	-65.6	-1.7	
20.5	27.8	-73.0	0.8	
15.5	22.9	-26.3	-6.6	
3.2	25.4	-9.1	-1.7	
-6.6	27.8	-55.8	-18.9	
8.2	22.9	-26.3	5.7	
8.2	30.3	59.8	54.9	
0.8	45.1	35.2	54.9	
-1.7	40.1	15.5	50.0	
3.2	35.2	50.0	25.4	
18.0	25.4	64.7	35.2	
47.5	15.5	79.5	15.5	
45.1	15.5	82.0	-6.6	
27.8	37.7	57.4	-14.0	
32.8	32.8	-50.9	-6.6	
10.6	35.2	-127.1	-11.5	
-14.0	42.6	-100.1	-9.1	
-21.4	42.6	-58.3	-6.6	
-26.3	30.3	-38.6	-6.6	
-26.3	50.0	42.6	-6.6	
-16.4	50.0	148.4	0.8	
13.1	59.8	195.1	-28.7	
30.3	40.1	104.1	-23.8	
32.8	42.6	72.1	-18.9	
15.5	13.1	72.1	-26.3	
13.1	5.7	138.5	-18.9	
-1.7	22.9	126.2	0.8	
8.2	25.4	37.7	32.8	
15.5	27.8	25.4	25.4	
27.8	13.1	52.4	0.8	
27.8	27.8	45.1	3.2	
25.4	15.5	15.5	22.9	
22.9	57.4	22.9	15.5	
0.8	77.0	22.9	-9.1	
3.2	50.0	18.0	-14.0	
5.7	35.2	10.6	8.2	
27.8	27.8	-1.7	15.5	
27.8	27.8	-4.1	8.2	
35.2	37.7	0.8	-9.1	
42.6	32.8	13.1	-9.1	
40.1	42.6	30.3	-6.6	
42.6	50.0	8.2	-11.5	
45.1	37.7	5.7	-26.3	
52.4	30.3	3.2	-11.5	
40.1	30.3	8.2	-6.6	
32.8	30.3	25.4	5.7	
35.2	54.9	5.7	-1.7	
42.6	59.8	-38.6	5.7	
42.6	50.0	-41.0	-14.0	
27.8	37.7	5.7	-1.7	
22.9	42.6	67.2	0.8	
10.6	20.5	113.9	-14.0	
-4.1	35.2	136.1	-4.1	
8.2	25.4	99.2	-23.8	
20.5	47.5	37.7	-23.8	
20.5	45.1	25.4	-21.4	
35.2	32.8	42.6	8.2	
35.2	37.7	35.2	13.1	
22.9	40.1	0.8	20.5	
15.5	27.8	-36.1	32.8	
8.2	18.0	-6.6	8.2	
-16.4	13.1	-31.2	-11.5	
-4.1	47.5	-23.8	-1.7	
-14.0	32.8	-28.7	-18.9	
-6.6	27.8	-36.1	-4.1	
-23.8	32.8	-33.7	-16.4	
40.1	25.4	0.8	-16.4	
35.2	35.2	22.9	-11.5	
15.5	45.1	62.3	0.8	
10.6	42.6	118.9	3.2	
8.2	22.9	101.6	3.2	
18.0	30.3	74.6	22.9	
25.4	25.4	-50.9	13.1	
45.1	18.0	-122.2	25.4	
45.1	15.5	-137.0	13.1	
42.6	22.9	-53.3	10.6	
13.1	27.8	-6.6	0.8	
0.8	27.8	77.0	5.7	
-4.1	42.6	148.4	3.2	
13.1	37.7	101.6	-1.7	
8.2	42.6	-6.6	-43.5	
-14.0	27.8	-63.2	-46.0	
0.8	22.9	-65.6	-38.6	
15.5	32.8	-1.7	-33.7	
27.8	15.5	18.0	-16.4	
22.9	0.8	0.8	-9.1	
8.2	10.6	20.5	18.0	
0.8	50.0	15.5	40.1	
15.5	74.6	-16.4	82.0	
22.9	94.3	-14.0	57.4	
25.4	79.5	18.0	8.2	
35.2	62.3	40.1	-11.5	
25.4	40.1	13.1	-28.7	
15.5	50.0	-4.1	-16.4	
22.9	32.8	-31.2	15.5	
5.7	-6.6	-48.4	18.0	
-9.1	-23.8	-41.0	30.3	
-1.7	-53.3	-48.4	30.3	
0.8	-38.6	-36.1	27.8	
5.7	-9.1	-18.9	13.1	
25.4	20.5	25.4	-16.4	
27.8	27.8	35.2	-11.5	
25.4	27.8	-16.4	-18.9	
3.2	27.8	-82.9	0.8	
3.2	50.0	-85.3	0.8	
0.8	35.2	-75.5	3.2	
8.2	20.5	-63.2	3.2	
15.5	35.2	-41.0	-1.7	
40.1	8.2	-18.9	0.8	
45.1	-4.1	62.3	-1.7	
32.8	25.4	69.7	-11.5	
13.1	45.1	79.5	-9.1	
30.3	32.8	57.4	8.2	
13.1	25.4	-1.7	-11.5	
35.2	72.1	0.8	3.2	
35.2	79.5	27.8	-11.5	
15.5	40.1	52.4	-14.0	
-1.7	59.8	32.8	5.7	
-6.6	54.9	0.8	5.7	
-11.5	57.4	-16.4	-4.1	
-6.6	47.5	-14.0	20.5	
-4.1	57.4	-16.4	32.8	
-28.7	45.1	13.1	25.4	
-26.3	-1.7	3.2	25.4	
-16.4	27.8	-33.7	40.1	
-4.1	42.6	-23.8	27.8	
-6.6	32.8	0.8	13.1	
15.5	32.8	-6.6	-1.7	
18.0	15.5	-18.9	-11.5	
5.7	8.2	13.1	-9.1	
-4.1	15.5	18.0	-1.7	
25.4	-4.1	40.1	8.2	
27.8	-1.7	30.3	35.2	
72.1	22.9	8.2	37.7	
54.9	45.1	-55.8	3.2	
35.2	15.5	-70.6	0.8	
27.8	-11.5	-60.7	0.8	
37.7	15.5	-26.3	-26.3	
37.7	27.8	35.2	-16.4	
42.6	37.7	42.6	-9.1	
59.8	35.2	-18.9	-14.0	
47.5	32.8	-43.5	-9.1	
47.5	37.7	-55.8	-4.1	
25.4	50.0	-28.7	-1.7	
37.7	40.1	22.9	-11.5	
27.8	32.8	37.7	3.2	
10.6	13.1	27.8	15.5	
-11.5	15.5	-1.7	20.5	
-23.8	52.4	-43.5	25.4	
-31.2	52.4	-31.2	42.6	
-31.2	42.6	-18.9	25.4	
-16.4	32.8	-11.5	13.1	
0.8	47.5	-6.6	-16.4	
18.0	67.2	5.7	-1.7	
30.3	62.3	-11.5	22.9	
15.5	40.1	-11.5	15.5	
22.9	0.8	0.8	-4.1	
5.7	-18.9	3.2	-14.0	
13.1	-14.0	-36.1	-21.4	
27.8	-26.3	-50.9	-4.1	
0.8	5.7	-46.0	15.5	
-4.1	15.5	-33.7	20.5	
18.0	18.0	-33.7	8.2	
8.2	27.8	-16.4	-9.1	
5.7	15.5	-11.5	-14.0	
-16.4	20.5	-6.6	-11.5	
-23.8	30.3	3.2	-33.7	
-1.7	8.2	13.1	-53.3	
27.8	10.6	40.1	-23.8	
54.9	22.9	40.1	-6.6	
52.4	40.1	20.5	-6.6	
52.4	45.1	10.6	-46.0	
67.2	32.8	-48.4	-53.3	
54.9	42.6	-85.3	18.0	
59.8	79.5	-68.1	47.5	
42.6	59.8	-43.5	128.7	
32.8	59.8	-28.7	131.2	
18.0	45.1	32.8	37.7	
22.9	8.2	99.2	22.9	
18.0	-11.5	64.7	0.8	
18.0	35.2	30.3	20.5	
32.8	32.8	40.1	13.1	
30.3	18.0	37.7	15.5	
35.2	3.2	18.0	20.5	
5.7	40.1	37.7	5.7	
-11.5	27.8	10.6	8.2	
-6.6	27.8	-28.7	8.2	
10.6	40.1	-36.1	22.9	
0.8	57.4	-41.0	22.9	
-6.6	79.5	-77.9	3.2	
-16.4	72.1	-75.5	-18.9	
-14.0	62.3	-63.2	-21.4	
-9.1	72.1	-50.9	-14.0	
-14.0	59.8	-4.1	-36.1	
-1.7	57.4	37.7	-4.1	
0.8	94.3	64.7	-26.3	
-4.1	32.8	94.3	-14.0	
15.5	-11.5	35.2	-1.7	
22.9	-33.7	-36.1	0.8	
32.8	-48.4	-43.5	35.2	
20.5	-16.4	-38.6	37.7	
13.1	8.2	-53.3	32.8	
5.7	47.5	-33.7	-16.4	
8.2	13.1	27.8	-26.3	
18.0	-9.1	69.7	-4.1	
-16.4	8.2	37.7	-9.1	
5.7	37.7	50.0	-9.1	
20.5	30.3	109.0	8.2	
22.9	64.7	173.0	37.7	
22.9	64.7	224.6	32.8	
15.5	67.2	106.6	18.0	
3.2	77.0	72.1	0.8	
-1.7	52.4	40.1	-1.7	
-9.1	40.1	3.2	-23.8	
-1.7	40.1	-6.6	-21.4	
15.5	13.1	-11.5	3.2	
45.1	-1.7	32.8	10.6	
52.4	5.7	13.1	5.7	
64.7	-6.6	-14.0	-1.7	
40.1	18.0	-14.0	-4.1	
42.6	32.8	-9.1	-4.1	
27.8	-4.1	-11.5	-9.1	
10.6	25.4	22.9	-21.4	
-4.1	30.3	69.7	-23.8	
-18.9	20.5	59.8	-4.1	
-31.2	52.4	32.8	-6.6	
-4.1	64.7	15.5	5.7	
-6.6	25.4	13.1	-6.6	
5.7	32.8	-4.1	-9.1	
-4.1	30.3	-16.4	-11.5	
10.6	18.0	-9.1	42.6	
40.1	25.4	-4.1	64.7	
8.2	40.1	8.2	37.7	
-4.1	42.6	-6.6	3.2	
-1.7	47.5	0.8	35.2	
10.6	57.4	-4.1	59.8	
45.1	52.4	3.2	57.4	
67.2	32.8	5.7	50.0	
45.1	32.8	3.2	35.2	
13.1	42.6	13.1	13.1	
15.5	50.0	15.5	-16.4	
22.9	45.1	18.0	-31.2	
25.4	3.2	-11.5	-11.5	
15.5	-14.0	-38.6	-28.7	
30.3	18.0	-26.3	-33.7	
25.4	27.8	-18.9	-14.0	
13.1	15.5	-6.6	20.5	
5.7	20.5	13.1	40.1	
0.8	32.8	52.4	8.2	
3.2	20.5	89.3	-43.5	
18.0	18.0	52.4	-16.4	
10.6	37.7	30.3	-23.8	
18.0	40.1	37.7	20.5	
10.6	52.4	25.4	37.7	
15.5	50.0	5.7	37.7	
37.7	40.1	-4.1	30.3	
37.7	32.8	-9.1	8.2	
15.5	32.8	-4.1	25.4	
-6.6	8.2	8.2	45.1	
-6.6	3.2	37.7	20.5	
-1.7	13.1	69.7	52.4	
5.7	25.4	89.3	37.7	
18.0	84.4	67.2	32.8	
40.1	104.1	47.5	64.7	
35.2	89.3	-1.7	45.1	
50.0	27.8	-23.8	-38.6	
32.8	20.5	-11.5	-38.6	
40.1	35.2	-28.7	-23.8	
30.3	59.8	-28.7	-33.7	
3.2	84.4	-21.4	-36.1	
-9.1	37.7	0.8	-41.0	
0.8	69.7	0.8	-46.0	
10.6	37.7	15.5	-43.5	
-1.7	13.1	20.5	-14.0	
-9.1	-9.1	3.2	0.8	
-1.7	-26.3	-9.1	0.8	
0.8	37.7	-9.1	-14.0	
8.2	74.6	-43.5	-4.1	
10.6	37.7	-63.2	-11.5	
3.2	8.2	-58.3	-6.6	
37.7	-23.8	-43.5	3.2	
52.4	-38.6	-60.7	20.5	
37.7	-68.1	-23.8	18.0	
42.6	-38.6	3.2	10.6	
20.5	-63.2	-6.6	-1.7	
8.2	-21.4	18.0	5.7	
18.0	27.8	96.7	8.2	
18.0	45.1	126.2	-1.7	
25.4	27.8	86.9	-14.0	
22.9	8.2	8.2	-26.3	
18.0	20.5	-50.9	-21.4	
-11.5	32.8	-80.4	-6.6	
-9.1	37.7	-68.1	18.0	
-6.6	22.9	-48.4	-1.7	
-11.5	35.2	-31.2	3.2	
-6.6	27.8	-18.9	-16.4	
3.2	45.1	-6.6	-33.7	
3.2	45.1	-14.0	-33.7	
5.7	30.3	-23.8	-46.0	
22.9	32.8	-36.1	-21.4	
37.7	37.7	-41.0	-6.6	
42.6	22.9	-43.5	27.8	
15.5	18.0	-41.0	27.8	
35.2	20.5	-6.6	18.0	
40.1	8.2	50.0	-9.1	
30.3	18.0	-1.7	52.4	
37.7	0.8	-23.8	99.2	
57.4	54.9	-11.5	72.1	
42.6	150.8	0.8	30.3	
25.4	91.8	-18.9	-1.7	
27.8	57.4	5.7	15.5	
18.0	72.1	-6.6	30.3	
-1.7	86.9	-4.1	25.4	
-1.7	94.3	-6.6	25.4	
-6.6	64.7	15.5	15.5	
-4.1	30.3	25.4	13.1	
-4.1	0.8	18.0	18.0	
-6.6	-6.6	50.0	3.2	
-6.6	8.2	54.9	15.5	
-11.5	54.9	67.2	-1.7	
3.2	72.1	96.7	-31.2	
-6.6	62.3	74.6	-11.5	
-4.1	79.5	42.6	-26.3	
69.7	27.8	-6.6	-102.5	
79.5	-23.8	-48.4	-23.8	
45.1	-28.7	-18.9	155.8	
45.1	-1.7	-18.9	111.5	
42.6	13.1	-6.6	57.4	
27.8	-14.0	18.0	18.0	
-1.7	-1.7	50.0	50.0	
-18.9	-28.7	18.0	15.5	
-9.1	-18.9	-14.0	20.5	
-18.9	-43.5	-9.1	15.5	
5.7	-26.3	-4.1	22.9	
22.9	8.2	3.2	20.5	
32.8	5.7	-18.9	-1.7	
52.4	15.5	47.5	-1.7	
52.4	54.9	143.5	-18.9	
40.1	77.0	101.6	-9.1	
27.8	62.3	59.8	10.6	
18.0	47.5	62.3	0.8	
15.5	52.4	50.0	10.6	
5.7	72.1	72.1	13.1	
-6.6	72.1	59.8	13.1	
8.2	25.4	25.4	-1.7	
-18.9	-6.6	8.2	-9.1	
-1.7	22.9	-18.9	-1.7	
3.2	35.2	-14.0	0.8	
15.5	30.3	-18.9	-1.7	
25.4	15.5	-14.0	-18.9	
30.3	15.5	-31.2	-21.4	
37.7	45.1	-33.7	-41.0	
25.4	30.3	-48.4	-26.3	
3.2	0.8	-50.9	-9.1	
-11.5	-18.9	-43.5	22.9	
3.2	-38.6	-41.0	13.1	
22.9	-36.1	-21.4	5.7	
20.5	-16.4	-6.6	42.6	
32.8	-1.7	-1.7	50.0	
35.2	-11.5	0.8	94.3	
18.0	27.8	-55.8	67.2	
20.5	15.5	-38.6	40.1	
22.9	10.6	67.2	20.5	
20.5	15.5	91.8	25.4	
8.2	54.9	20.5	15.5	
-1.7	52.4	10.6	8.2	
18.0	22.9	27.8	0.8	
20.5	8.2	54.9	5.7	
27.8	-18.9	5.7	15.5	
18.0	-14.0	32.8	32.8	
10.6	-50.9	64.7	35.2	
5.7	-55.8	89.3	37.7	
0.8	-31.2	57.4	42.6	
-9.1	-4.1	50.0	0.8	
-11.5	5.7	8.2	-23.8	
-9.1	54.9	-23.8	-26.3	
-16.4	82.0	-43.5	-43.5	
-4.1	86.9	-53.3	-28.7	
-4.1	91.8	-41.0	-9.1	
-4.1	79.5	-1.7	-23.8	
8.2	94.3	3.2	-26.3	
3.2	86.9	30.3	-26.3	
22.9	82.0	67.2	-18.9	
25.4	86.9	96.7	-11.5	
18.0	111.5	45.1	10.6	
18.0	72.1	30.3	40.1	
20.5	133.6	18.0	54.9	
8.2	143.5	15.5	62.3	
22.9	136.1	13.1	59.8	
47.5	106.6	0.8	22.9	
22.9	111.5	-23.8	5.7	
40.1	86.9	-33.7	-18.9	
35.2	57.4	-21.4	35.2	
25.4	82.0	-9.1	18.0	
18.0	91.8	-11.5	25.4	
27.8	35.2	-21.4	54.9	
5.7	-4.1	-21.4	27.8	
25.4	-55.8	-50.9	3.2	
20.5	-18.9	-82.9	13.1	
15.5	52.4	-73.0	-4.1	
15.5	77.0	-82.9	5.7	
25.4	74.6	-48.4	-21.4	
3.2	32.8	-26.3	3.2	
-6.6	18.0	3.2	-60.7	
-4.1	-11.5	59.8	-80.4	
3.2	-14.0	145.9	-33.7	
22.9	20.5	187.7	-16.4	
25.4	20.5	121.3	-1.7	
57.4	-1.7	106.6	-1.7	
54.9	3.2	121.3	-31.2	
35.2	22.9	82.0	-9.1	
13.1	20.5	-18.9	22.9	
-9.1	-14.0	-75.5	30.3	
-18.9	-38.6	-107.5	-4.1	
10.6	-23.8	-70.6	0.8	
-11.5	10.6	-21.4	-21.4	
-1.7	-28.7	-14.0	-6.6	
-1.7	-21.4	-26.3	-4.1	
-4.1	5.7	42.6	-9.1	
-4.1	22.9	82.0	-6.6	
-11.5	45.1	30.3	-16.4	
0.8	64.7	25.4	3.2	
-1.7	40.1	74.6	5.7	
3.2	15.5	104.1	0.8	
13.1	32.8	64.7	-1.7	
27.8	27.8	35.2	0.8	
8.2	18.0	0.8	15.5	
-4.1	45.1	52.4	25.4	
-1.7	32.8	59.8	15.5	
18.0	-11.5	27.8	13.1	
8.2	-31.2	-23.8	5.7	
13.1	-33.7	-55.8	0.8	
40.1	-6.6	-33.7	-16.4	
40.1	-14.0	0.8	-33.7	
35.2	-4.1	20.5	-55.8	
18.0	13.1	18.0	-60.7	
35.2	20.5	-11.5	-65.6	
45.1	30.3	5.7	-53.3	
25.4	40.1	27.8	37.7	
22.9	40.1	-14.0	133.6	
18.0	37.7	-50.9	177.9	
-1.7	32.8	-60.7	227.1	
5.7	35.2	-55.8	143.5	
3.2	37.7	-102.5	59.8	
20.5	42.6	-124.7	-28.7	
20.5	45.1	-114.8	-31.2	
22.9	40.1	-95.2	5.7	
50.0	30.3	-53.3	10.6	
89.3	40.1	13.1	18.0	
62.3	30.3	118.9	22.9	
25.4	15.5	150.8	25.4	
8.2	-6.6	86.9	20.5	
-4.1	-11.5	57.4	-6.6	
-26.3	18.0	47.5	-9.1	
0.8	37.7	3.2	-4.1	
-4.1	47.5	-28.7	-6.6	
-23.8	10.6	25.4	-14.0	
-11.5	30.3	-43.5	-16.4	
-6.6	77.0	-75.5	-68.1	
18.0	62.3	-63.2	-117.3	
13.1	52.4	-18.9	-129.6	
37.7	40.1	-16.4	-139.4	
25.4	22.9	13.1	-92.7	
13.1	20.5	47.5	-28.7	
13.1	18.0	57.4	96.7	
18.0	27.8	-4.1	254.2	
-1.7	32.8	-75.5	249.2	
0.8	20.5	-60.7	116.4	
0.8	22.9	-36.1	-11.5	
5.7	32.8	-43.5	-18.9	
10.6	45.1	-55.8	25.4	
20.5	47.5	-33.7	64.7	
35.2	30.3	25.4	40.1	
27.8	27.8	86.9	32.8	
5.7	40.1	101.6	13.1	
-4.1	42.6	86.9	-4.1	
5.7	54.9	59.8	-11.5	
18.0	42.6	42.6	0.8	
42.6	22.9	89.3	5.7	
27.8	25.4	74.6	-11.5	
18.0	52.4	40.1	-28.7	
22.9	18.0	18.0	-38.6	
5.7	40.1	0.8	-18.9	
0.8	72.1	-50.9	-14.0	
-6.6	59.8	-92.7	0.8	
-6.6	27.8	-68.1	15.5	
5.7	-1.7	3.2	-9.1	
-9.1	32.8	69.7	-18.9	
-11.5	42.6	123.8	-9.1	
-23.8	42.6	133.6	-18.9	
-11.5	40.1	190.2	-23.8	
-11.5	-23.8	128.7	-48.4	
-9.1	-46.0	45.1	-31.2	
45.1	-9.1	-38.6	-4.1	
25.4	5.7	-166.5	0.8	
10.6	-11.5	-242.8	13.1	
20.5	-23.8	-240.3	22.9	
25.4	22.9	-188.6	3.2	
32.8	3.2	-161.6	-14.0	
40.1	-21.4	-124.7	-28.7	
18.0	-31.2	-43.5	-55.8	
13.1	-18.9	-4.1	-33.7	
15.5	15.5	30.3	-11.5	
5.7	30.3	50.0	8.2	
20.5	35.2	94.3	8.2	
22.9	69.7	131.2	22.9	
5.7	50.0	79.5	40.1	
-1.7	77.0	32.8	25.4	
3.2	67.2	3.2	22.9	
15.5	30.3	-11.5	3.2	
42.6	5.7	-31.2	-4.1	
45.1	20.5	-16.4	15.5	
35.2	40.1	-21.4	27.8	
30.3	42.6	-16.4	42.6	
25.4	18.0	-16.4	42.6	
3.2	5.7	-18.9	47.5	
-11.5	5.7	8.2	35.2	
-9.1	20.5	3.2	27.8	
13.1	22.9	20.5	30.3	
45.1	3.2	-36.1	27.8	
30.3	27.8	-77.9	20.5	
-1.7	35.2	-92.7	22.9	
5.7	27.8	-41.0	18.0	
-9.1	32.8	3.2	27.8	
0.8	3.2	50.0	22.9	
10.6	-1.7	101.6	-6.6	
22.9	18.0	136.1	-11.5	
30.3	20.5	82.0	15.5	
27.8	25.4	30.3	10.6	
54.9	32.8	20.5	8.2	
52.4	25.4	69.7	8.2	
52.4	32.8	126.2	22.9	
37.7	35.2	145.9	15.5	
32.8	50.0	84.4	22.9	
8.2	54.9	45.1	22.9	
15.5	35.2	30.3	13.1	
18.0	25.4	45.1	18.0	
20.5	20.5	-4.1	30.3	
32.8	22.9	-33.7	10.6	
35.2	20.5	-46.0	-1.7	
-1.7	22.9	-36.1	20.5	
-1.7	37.7	-1.7	20.5	
-23.8	42.6	8.2	18.0	
-21.4	59.8	67.2	35.2	
-14.0	62.3	42.6	32.8	
-58.3	27.8	3.2	35.2	
-82.9	5.7	-53.3	30.3	
-63.2	30.3	-28.7	22.9	
-21.4	35.2	-55.8	30.3	
-16.4	37.7	-50.9	25.4	
-4.1	35.2	-36.1	40.1	
94.3	5.7	67.2	50.0	
72.1	-18.9	138.5	40.1	
42.6	25.4	158.2	42.6	
45.1	40.1	138.5	32.8	
27.8	15.5	54.9	18.0	
32.8	-6.6	25.4	-4.1	
32.8	-4.1	18.0	-21.4	
30.3	27.8	10.6	0.8	
13.1	25.4	-23.8	-4.1	
13.1	20.5	-14.0	-36.1	
8.2	37.7	10.6	-31.2	
18.0	59.8	18.0	-16.4	
20.5	54.9	-36.1	10.6	
8.2	77.0	-75.5	13.1	
-4.1	45.1	-95.2	20.5	
10.6	-4.1	-68.1	35.2	
0.8	-9.1	-60.7	64.7	
13.1	-18.9	-60.7	91.8	
10.6	-9.1	-55.8	50.0	
18.0	22.9	-60.7	22.9	
20.5	32.8	-55.8	30.3	
20.5	45.1	-55.8	42.6	
13.1	52.4	40.1	45.1	
8.2	30.3	74.6	35.2	
-14.0	22.9	57.4	15.5	
-9.1	15.5	59.8	-18.9	
-9.1	54.9	99.2	-16.4	
-16.4	40.1	148.4	-6.6	
-16.4	18.0	99.2	-9.1	
-21.4	18.0	30.3	-33.7	
15.5	-28.7	57.4	-36.1	
25.4	-6.6	52.4	-38.6	
54.9	3.2	54.9	-31.2	
59.8	32.8	62.3	-60.7	
45.1	67.2	67.2	-75.5	
30.3	50.0	77.0	-97.6	
35.2	35.2	25.4	-43.5	
3.2	59.8	22.9	-4.1	
13.1	42.6	-50.9	20.5	
22.9	32.8	-92.7	54.9	
10.6	13.1	-132.1	155.8	
5.7	45.1	-151.7	207.4	
-18.9	45.1	-124.7	173.0	
-11.5	20.5	-80.4	86.9	
-9.1	72.1	-77.9	32.8	
-1.7	45.1	-21.4	45.1	
8.2	27.8	10.6	52.4	
18.0	25.4	3.2	25.4	
32.8	15.5	25.4	-21.4	
30.3	-1.7	40.1	-14.0	
50.0	-11.5	37.7	3.2	
40.1	0.8	64.7	27.8	
35.2	22.9	96.7	27.8	
13.1	13.1	106.6	22.9	
-11.5	8.2	150.8	5.7	
-28.7	5.7	180.4	-18.9	
-4.1	-11.5	155.8	-31.2	
0.8	-14.0	96.7	-28.7	
27.8	-6.6	-9.1	-38.6	
3.2	-1.7	-31.2	-36.1	
25.4	20.5	-6.6	-4.1	
22.9	47.5	47.5	15.5	
32.8	62.3	72.1	27.8	
37.7	42.6	30.3	128.7	
10.6	30.3	64.7	141.0	
5.7	20.5	22.9	52.4	
3.2	35.2	35.2	13.1	
22.9	50.0	62.3	84.4	
25.4	27.8	72.1	0.8	
15.5	42.6	3.2	-124.7	
10.6	54.9	-65.6	-146.8	
18.0	52.4	-68.1	-117.3	
5.7	25.4	-43.5	-95.2	
10.6	42.6	-75.5	-87.8	
0.8	57.4	-80.4	-58.3	
-21.4	52.4	-48.4	-38.6	
-53.3	35.2	18.0	-23.8	
-36.1	13.1	-16.4	5.7	
-16.4	13.1	-60.7	3.2	
-1.7	27.8	-33.7	-14.0	
8.2	20.5	-41.0	-14.0	
5.7	32.8	13.1	-28.7	
18.0	25.4	138.5	-41.0	
22.9	74.6	195.1	10.6	
30.3	86.9	131.2	45.1	
67.2	32.8	67.2	40.1	
47.5	54.9	37.7	-4.1	
30.3	45.1	20.5	-14.0	
15.5	42.6	47.5	0.8	
13.1	15.5	91.8	-4.1	
22.9	42.6	113.9	30.3	
10.6	37.7	89.3	57.4	
18.0	32.8	133.6	47.5	
20.5	32.8	96.7	50.0	
22.9	47.5	52.4	54.9	
18.0	42.6	37.7	72.1	
15.5	42.6	126.2	62.3	
30.3	22.9	59.8	42.6	
42.6	22.9	-109.9	37.7	
22.9	30.3	-230.5	74.6	
20.5	22.9	-193.6	106.6	
22.9	30.3	-154.2	52.4	
47.5	40.1	-100.1	10.6	
37.7	37.7	-26.3	-6.6	
22.9	35.2	20.5	-23.8	
25.4	25.4	72.1	-21.4	
15.5	22.9	143.5	-6.6	
18.0	40.1	141.0	5.7	
-1.7	54.9	77.0	18.0	
-14.0	69.7	52.4	18.0	
10.6	69.7	-31.2	13.1	
-1.7	42.6	-55.8	25.4	
3.2	25.4	-63.2	13.1	
3.2	45.1	-58.3	27.8	
15.5	-9.1	-112.4	18.0	
10.6	-38.6	-141.9	22.9	
8.2	-11.5	-112.4	25.4	
10.6	8.2	-4.1	27.8	
45.1	37.7	62.3	40.1	
57.4	54.9	126.2	45.1	
15.5	35.2	185.3	54.9	
3.2	20.5	109.0	47.5	
8.2	32.8	84.4	45.1	
8.2	47.5	35.2	0.8	
-11.5	52.4	-4.1	-18.9	
-14.0	50.0	-18.9	10.6	
-21.4	10.6	-31.2	10.6	
-11.5	5.7	-63.2	-9.1	
0.8	52.4	-117.3	-16.4	
45.1	67.2	-183.7	3.2	
52.4	141.0	-213.2	27.8	
40.1	126.2	-193.6	18.0	
50.0	96.7	-63.2	-6.6	
-9.1	82.0	54.9	5.7	
-33.7	47.5	123.8	-11.5	
-31.2	72.1	141.0	-11.5	
-41.0	42.6	118.9	-1.7	
5.7	-33.7	96.7	-6.6	
22.9	-132.1	131.2	8.2	
8.2	-178.8	59.8	32.8	
10.6	-70.6	-1.7	37.7	
18.0	-14.0	40.1	37.7	
27.8	35.2	15.5	30.3	
37.7	8.2	-31.2	3.2	
42.6	-28.7	-87.8	13.1	
42.6	-11.5	-132.1	40.1	
37.7	-4.1	-114.8	62.3	
52.4	25.4	-208.3	82.0	
27.8	50.0	-198.5	69.7	
-1.7	27.8	-161.6	30.3	
-6.6	8.2	-36.1	-43.5	
-4.1	13.1	-6.6	-23.8	
27.8	35.2	-50.9	-38.6	
-4.1	0.8	15.5	-38.6	
-28.7	15.5	173.0	0.8	
-1.7	37.7	136.1	8.2	
-11.5	57.4	-11.5	3.2	
-11.5	59.8	-48.4	27.8	
15.5	54.9	22.9	35.2	
59.8	45.1	118.9	32.8	
47.5	27.8	175.4	10.6	
20.5	47.5	136.1	10.6	
3.2	45.1	45.1	3.2	
-9.1	35.2	45.1	-31.2	
8.2	47.5	22.9	-70.6	
8.2	40.1	-1.7	-92.7	
-18.9	35.2	-1.7	-53.3	
-9.1	18.0	8.2	-14.0	
-18.9	5.7	8.2	20.5	
-36.1	-11.5	20.5	40.1	
-36.1	0.8	13.1	40.1	
-43.5	-1.7	104.1	50.0	
-31.2	-1.7	185.3	47.5	
-28.7	45.1	214.8	25.4	
15.5	62.3	241.9	10.6	
30.3	45.1	273.8	-4.1	
42.6	45.1	239.4	-9.1	
45.1	20.5	163.1	25.4	
37.7	22.9	138.5	45.1	
-16.4	42.6	54.9	35.2	
-50.9	27.8	-46.0	35.2	
-41.0	35.2	-114.8	50.0	
-33.7	35.2	-164.0	42.6	
-73.0	30.3	-235.4	-38.6	
-65.6	27.8	-228.0	-63.2	
-38.6	37.7	-203.4	-31.2	
5.7	50.0	-247.7	-11.5	
22.9	69.7	-188.6	-23.8	
59.8	79.5	-97.6	-21.4	
123.8	62.3	-139.4	-6.6	
101.6	59.8	-242.8	-21.4	
84.4	45.1	-535.5	-28.7	
96.7	52.4	-774.1	5.7	
101.6	47.5	-427.3	22.9	
106.6	27.8	-215.7	27.8	
121.3	30.3	-58.3	42.6	
84.4	5.7	47.5	79.5	
59.8	-21.4	148.4	111.5	
54.9	0.8	414.1	99.2	
79.5	-4.1	738.8	79.5	
47.5	-4.1	1058.6	32.8	
8.2	-4.1	920.8	-36.1	
-1.7	-1.7	630.5	-11.5	
13.1	18.0	485.4	-36.1	
13.1	20.5	460.8	-48.4	
25.4	40.1	487.9	-46.0	
64.7	45.1	241.9	3.2	
45.1	30.3	-178.8	30.3	
32.8	37.7	-449.4	35.2	
30.3	22.9	-555.2	-1.7	
8.2	22.9	-540.4	-23.8	
8.2	30.3	-483.8	-28.7	
5.7	35.2	-402.7	-1.7	
-9.1	32.8	-223.1	-26.3	
-6.6	47.5	-23.8	-50.9	
8.2	52.4	180.4	-36.1	
-6.6	45.1	197.6	-48.4	
5.7	45.1	89.3	-14.0	
27.8	37.7	15.5	-28.7	
18.0	20.5	-9.1	-14.0	
-1.7	27.8	79.5	-9.1	
-9.1	37.7	104.1	0.8	
-21.4	32.8	84.4	3.2	
-28.7	27.8	57.4	22.9	
-1.7	27.8	74.6	22.9	
0.8	37.7	25.4	18.0	
3.2	47.5	27.8	35.2	
8.2	37.7	10.6	42.6	
30.3	35.2	13.1	32.8	
32.8	37.7	-1.7	13.1	
10.6	25.4	-60.7	10.6	
5.7	22.9	-114.8	42.6	
20.5	5.7	-23.8	47.5	
22.9	35.2	64.7	8.2	
13.1	22.9	96.7	0.8	
5.7	18.0	45.1	15.5	
-6.6	30.3	50.0	10.6	
-11.5	45.1	47.5	27.8	
3.2	5.7	-95.2	18.0	
-1.7	32.8	-210.8	30.3	
18.0	40.1	-338.7	35.2	
8.2	57.4	-309.2	42.6	
-14.0	59.8	-188.6	35.2	
-14.0	57.4	-114.8	27.8	
-33.7	32.8	-100.1	10.6	
-23.8	37.7	-14.0	0.8	
-1.7	30.3	27.8	-4.1	
15.5	22.9	138.5	-46.0	
5.7	25.4	99.2	-11.5	
-9.1	32.8	99.2	42.6	
-4.1	10.6	-21.4	45.1	
0.8	47.5	-80.4	18.0	
15.5	62.3	-137.0	3.2	
13.1	22.9	-144.4	3.2	
13.1	15.5	-70.6	27.8	
42.6	37.7	-16.4	52.4	
59.8	62.3	30.3	45.1	
32.8	54.9	89.3	42.6	
15.5	-6.6	106.6	5.7	
-21.4	-38.6	79.5	-9.1	
-36.1	-38.6	160.7	-18.9	
-53.3	-33.7	300.9	-55.8	
-28.7	-1.7	347.6	-73.0	
-23.8	18.0	283.7	-60.7	
-28.7	59.8	77.0	-36.1	
13.1	67.2	-14.0	-9.1	
59.8	52.4	-77.9	-4.1	
99.2	37.7	-85.3	22.9	
79.5	42.6	-9.1	13.1	
72.1	35.2	5.7	3.2	
32.8	40.1	27.8	8.2	
-6.6	42.6	-1.7	20.5	
-21.4	40.1	-33.7	25.4	
-18.9	45.1	25.4	45.1	
0.8	50.0	106.6	94.3	
18.0	35.2	74.6	91.8	
32.8	-6.6	-18.9	47.5	
18.0	15.5	-134.5	35.2	
-1.7	27.8	-112.4	42.6	
-4.1	50.0	-4.1	67.2	
22.9	40.1	-33.7	101.6	
37.7	8.2	-38.6	104.1	
22.9	3.2	20.5	32.8	
32.8	42.6	-65.6	-4.1	
121.3	20.5	-159.1	-68.1	
35.2	5.7	-208.3	-82.9	
-4.1	3.2	-173.9	-36.1	
-36.1	0.8	37.7	-11.5	
-36.1	5.7	37.7	-9.1	
-31.2	50.0	0.8	-11.5	
-43.5	40.1	-55.8	22.9	
-43.5	22.9	3.2	32.8	
10.6	35.2	10.6	45.1	
35.2	35.2	27.8	22.9	
45.1	35.2	-31.2	-23.8	
54.9	32.8	-173.9	5.7	
57.4	52.4	-387.9	52.4	
27.8	27.8	-515.8	62.3	
5.7	30.3	-336.2	50.0	
13.1	42.6	-73.0	25.4	
8.2	54.9	42.6	-23.8	
-1.7	40.1	141.0	-75.5	
13.1	62.3	126.2	-70.6	
40.1	72.1	109.0	-73.0	
57.4	-1.7	148.4	-55.8	
47.5	0.8	126.2	-23.8	
50.0	5.7	5.7	-6.6	
54.9	-4.1	-282.1	20.5	
27.8	-1.7	-284.6	-4.1	
-14.0	-14.0	-260.0	-6.6	
-11.5	-43.5	-208.3	-11.5	
0.8	32.8	-200.9	-31.2	
8.2	96.7	-154.2	-50.9	
18.0	54.9	-31.2	-14.0	
0.8	40.1	126.2	77.0	
-4.1	0.8	291.1	145.9	
8.2	-9.1	507.5	143.5	
22.9	-41.0	564.1	99.2	
42.6	-26.3	377.2	25.4	
25.4	3.2	323.0	-63.2	
40.1	-16.4	158.2	-112.4	
54.9	-16.4	101.6	-112.4	
57.4	-11.5	200.0	-75.5	
52.4	37.7	177.9	0.8	
3.2	45.1	13.1	-4.1	
-36.1	32.8	-215.7	3.2	
-33.7	35.2	-274.7	-21.4	
-4.1	42.6	-292.0	0.8	
10.6	45.1	-205.9	47.5	
5.7	77.0	-186.2	47.5	
-21.4	15.5	-215.7	3.2	
-18.9	54.9	-132.1	-48.4	
-11.5	20.5	-11.5	-16.4	
-4.1	5.7	121.3	-9.1	
-11.5	-9.1	200.0	42.6	
13.1	10.6	180.4	64.7	
25.4	40.1	113.9	91.8	
37.7	67.2	111.5	99.2	
30.3	45.1	219.7	67.2	
69.7	35.2	212.3	20.5	
57.4	50.0	84.4	-16.4	
50.0	57.4	-28.7	-26.3	
32.8	50.0	-124.7	-33.7	
52.4	69.7	-169.0	-9.1	
-16.4	57.4	-188.6	-18.9	
-38.6	45.1	-223.1	-33.7	
-55.8	-11.5	-306.7	-21.4	
-21.4	-28.7	-392.8	-36.1	
47.5	10.6	-321.5	-18.9	
52.4	3.2	-240.3	-1.7	
45.1	3.2	-70.6	8.2	
22.9	54.9	138.5	-4.1	
3.2	126.2	-4.1	-23.8	
-4.1	74.6	-171.4	-26.3	
10.6	0.8	-124.7	-11.5	
5.7	62.3	-14.0	22.9	
10.6	82.0	-146.8	22.9	
22.9	15.5	-230.5	10.6	
25.4	-60.7	-242.8	45.1	
27.8	-48.4	-252.6	25.4	
22.9	-33.7	-164.0	27.8	
22.9	3.2	-102.5	5.7	
-4.1	15.5	217.3	-16.4	
20.5	35.2	544.4	-46.0	
62.3	47.5	571.5	-53.3	
52.4	50.0	357.5	-16.4	
57.4	57.4	192.7	10.6	
59.8	37.7	173.0	8.2	
91.8	69.7	96.7	0.8	
74.6	94.3	173.0	15.5	
62.3	52.4	332.9	25.4	
50.0	84.4	190.2	32.8	
8.2	64.7	18.0	18.0	
-33.7	32.8	-38.6	18.0	
-46.0	35.2	86.9	-4.1	
-80.4	32.8	212.3	62.3	
-109.9	-46.0	150.8	59.8	
-114.8	-87.8	62.3	57.4	
-114.8	-31.2	-16.4	69.7	
-11.5	-31.2	-139.4	37.7	
-33.7	22.9	-282.1	18.0	
-36.1	10.6	-301.8	-11.5	
-16.4	-28.7	-146.8	-26.3	
-31.2	-1.7	-124.7	-33.7	
-36.1	-9.1	-181.3	-21.4	
30.3	-9.1	-156.7	-6.6	
116.4	0.8	-48.4	8.2	
67.2	-4.1	35.2	52.4	
82.0	0.8	-4.1	27.8	
59.8	22.9	-112.4	5.7	
25.4	42.6	-191.1	-18.9	
47.5	50.0	-196.0	-28.7	
37.7	50.0	-166.5	-46.0	
30.3	45.1	-311.6	-58.3	
25.4	32.8	-528.1	-55.8	
37.7	37.7	-739.7	-38.6	
47.5	40.1	-867.6	-43.5	
64.7	35.2	-774.1	-21.4	
72.1	42.6	-594.5	20.5	
59.8	32.8	-407.6	37.7	
116.4	27.8	-156.7	57.4	
96.7	25.4	207.4	59.8	
15.5	13.1	428.8	77.0	
-1.7	3.2	487.9	54.9	
8.2	-6.6	527.2	-14.0	
45.1	-28.7	428.8	-41.0	
50.0	-14.0	330.4	-26.3	
27.8	8.2	419.0	13.1	
22.9	-1.7	261.5	86.9	
-6.6	3.2	118.9	18.0	
-4.1	5.7	-63.2	-43.5	
-21.4	-9.1	-355.9	-48.4	
3.2	15.5	-496.1	42.6	
22.9	13.1	-597.0	74.6	
45.1	5.7	-633.9	52.4	
32.8	18.0	-665.9	30.3	
64.7	15.5	-501.1	-9.1	
50.0	13.1	-348.5	-11.5	
8.2	0.8	-14.0	-28.7	
-33.7	-31.2	352.6	-9.1	
-28.7	-16.4	416.5	-18.9	
-21.4	-9.1	357.5	-31.2	
-26.3	3.2	212.3	-21.4	
8.2	8.2	158.2	-16.4	
0.8	32.8	195.1	8.2	
-16.4	82.0	207.4	0.8	
-14.0	52.4	123.8	-1.7	
3.2	52.4	52.4	-11.5	
8.2	72.1	86.9	-28.7	
40.1	116.4	77.0	-38.6	
42.6	118.9	13.1	-18.9	
45.1	118.9	-53.3	-4.1	
35.2	128.7	-134.5	8.2	
37.7	150.8	-257.5	5.7	
5.7	155.8	-378.1	25.4	
-21.4	109.0	-321.5	47.5	
-36.1	104.1	-220.6	25.4	
-26.3	128.7	-149.3	-9.1	
-1.7	79.5	-41.0	45.1	
22.9	74.6	-33.7	128.7	
18.0	45.1	-31.2	148.4	
-14.0	22.9	20.5	123.8	
0.8	-50.9	106.6	-21.4	
20.5	-70.6	168.1	-82.9	
-1.7	-33.7	104.1	-60.7	
27.8	52.4	96.7	-26.3	
5.7	77.0	69.7	0.8	
8.2	69.7	74.6	72.1	
18.0	84.4	-6.6	79.5	
3.2	50.0	-50.9	64.7	
8.2	50.0	-107.5	45.1	
57.4	42.6	-149.3	47.5	
69.7	50.0	-129.6	13.1	
72.1	40.1	-100.1	-46.0	
52.4	50.0	-65.6	-60.7	
54.9	40.1	15.5	-28.7	
5.7	64.7	67.2	-28.7	
-1.7	47.5	50.0	-11.5	
-28.7	-33.7	-63.2	-1.7	
-38.6	-50.9	5.7	27.8	
-48.4	-48.4	52.4	40.1	
-77.9	-43.5	136.1	32.8	
-80.4	-43.5	205.0	27.8	
-36.1	-36.1	22.9	57.4	
-41.0	40.1	-124.7	54.9	
-33.7	50.0	-200.9	52.4	
42.6	45.1	-260.0	96.7	
25.4	-9.1	-333.8	82.0	
0.8	-4.1	-260.0	126.2	
-11.5	35.2	-36.1	128.7	
0.8	62.3	195.1	27.8	
-9.1	5.7	478.0	-58.3	
-16.4	-4.1	652.7	-95.2	
5.7	-28.7	613.3	-80.4	
8.2	-124.7	578.9	-38.6	
-6.6	-127.1	436.2	-4.1	
22.9	-60.7	202.5	-36.1	
84.4	-31.2	57.4	10.6	
89.3	40.1	-1.7	37.7	
45.1	69.7	-9.1	32.8	
40.1	69.7	-43.5	20.5	
35.2	57.4	-97.6	8.2	
20.5	50.0	-203.4	-6.6	
30.3	59.8	-269.8	8.2	
27.8	25.4	-336.2	25.4	
35.2	15.5	-454.3	-6.6	
25.4	8.2	-289.5	-9.1	
5.7	25.4	-159.1	-33.7	
-16.4	22.9	-161.6	-1.7	
0.8	20.5	-203.4	-33.7	
-4.1	20.5	-132.1	-21.4	
-11.5	15.5	91.8	-11.5	
-14.0	37.7	104.1	5.7	
5.7	35.2	241.9	15.5	
22.9	27.8	357.5	18.0	
37.7	42.6	367.3	25.4	
72.1	35.2	414.1	40.1	
42.6	35.2	313.2	37.7	
25.4	20.5	224.6	40.1	
27.8	25.4	15.5	42.6	
42.6	32.8	-188.6	35.2	
30.3	37.7	-378.1	42.6	
18.0	40.1	-343.6	15.5	
15.5	40.1	-112.4	-21.4	
18.0	20.5	-11.5	10.6	
5.7	25.4	-18.9	8.2	
15.5	22.9	-50.9	-9.1	
5.7	27.8	15.5	-26.3	
15.5	22.9	212.3	-53.3	
25.4	27.8	328.0	0.8	
42.6	-1.7	246.8	15.5	
35.2	22.9	-181.3	-1.7	
37.7	40.1	-498.6	-21.4	
22.9	27.8	-530.6	-9.1	
72.1	35.2	-387.9	-28.7	
37.7	50.0	-208.3	22.9	
0.8	35.2	-60.7	45.1	
-28.7	30.3	158.2	45.1	
-11.5	37.7	315.7	47.5	
-1.7	40.1	276.3	42.6	
5.7	18.0	145.9	67.2	
67.2	20.5	89.3	57.4	
116.4	32.8	67.2	45.1	
82.0	15.5	-68.1	42.6	
30.3	0.8	-203.4	50.0	
-14.0	13.1	-114.8	-6.6	
-38.6	64.7	-134.5	-65.6	
-33.7	54.9	-95.2	-21.4	
-28.7	32.8	27.8	18.0	
20.5	20.5	227.1	22.9	
27.8	35.2	377.2	35.2	
13.1	-11.5	286.1	37.7	
-6.6	0.8	109.0	-28.7	
-11.5	20.5	118.9	-41.0	
0.8	15.5	111.5	20.5	
8.2	32.8	-28.7	18.0	
8.2	50.0	-63.2	-9.1	
-1.7	62.3	-127.1	-16.4	
5.7	62.3	-223.1	-38.6	
13.1	15.5	-407.6	-1.7	
27.8	-1.7	-449.4	-14.0	
0.8	15.5	-387.9	-28.7	
-31.2	30.3	-181.3	-14.0	
-31.2	30.3	-134.5	8.2	
-4.1	42.6	-181.3	30.3	
27.8	37.7	-191.1	57.4	
131.2	15.5	99.2	47.5	
153.3	32.8	350.1	67.2	
109.0	72.1	406.7	94.3	
141.0	47.5	256.6	128.7	
91.8	57.4	123.8	150.8	
30.3	72.1	136.1	195.1	
15.5	40.1	89.3	138.5	
-26.3	113.9	168.1	-14.0	
-68.1	96.7	170.5	-80.4	
-70.6	15.5	104.1	-92.7	
-43.5	25.4	18.0	-114.8	
3.2	40.1	-223.1	-75.5	
-31.2	8.2	-156.7	8.2	
-28.7	-14.0	15.5	42.6	
-9.1	64.7	-80.4	-28.7	
0.8	37.7	-169.0	-107.5	
5.7	-36.1	-129.6	-114.8	
-9.1	-119.8	20.5	-50.9	
-1.7	-124.7	170.5	-4.1	
-4.1	-50.9	293.5	42.6	
-21.4	-23.8	246.8	64.7	
-16.4	91.8	138.5	74.6	
-21.4	116.4	-9.1	45.1	
3.2	67.2	-65.6	18.0	
-1.7	0.8	-117.3	-1.7	
-36.1	-36.1	-230.5	-18.9	
-46.0	-21.4	-260.0	3.2	
-43.5	-38.6	-304.3	30.3	
-36.1	-38.6	-171.4	13.1	
-6.6	-28.7	-43.5	-1.7	
101.6	5.7	-65.6	5.7	
128.7	25.4	45.1	50.0	
148.4	30.3	-6.6	8.2	
138.5	77.0	-41.0	5.7	
136.1	185.3	-90.2	25.4	
138.5	158.2	-176.3	40.1	
113.9	121.3	-50.9	27.8	
50.0	64.7	266.5	18.0	
-28.7	131.2	514.9	32.8	
-80.4	99.2	623.2	109.0	
-82.9	62.3	244.3	150.8	
-95.2	0.8	-73.0	150.8	
-92.7	-58.3	-85.3	128.7	
-38.6	-112.4	-154.2	40.1	
20.5	-95.2	-225.5	-63.2	
0.8	-105.0	-191.1	-31.2	
-14.0	-26.3	-215.7	-14.0	
-11.5	25.4	-375.6	8.2	
-1.7	50.0	-491.2	54.9	
15.5	69.7	-178.8	-38.6	
15.5	27.8	-77.9	-100.1	
20.5	-11.5	-46.0	-132.1	
18.0	-1.7	86.9	-129.6	
22.9	45.1	128.7	-41.0	
35.2	57.4	288.6	52.4	
27.8	45.1	610.9	69.7	
15.5	47.5	763.4	8.2	
3.2	42.6	495.2	-9.1	
27.8	25.4	197.6	-28.7	
5.7	30.3	45.1	-36.1	
0.8	40.1	-60.7	-41.0	
-21.4	10.6	-26.3	8.2	
20.5	13.1	67.2	57.4	
35.2	13.1	25.4	74.6	
42.6	35.2	-119.8	27.8	
37.7	57.4	-230.5	-21.4	
13.1	-11.5	-225.5	-55.8	
15.5	35.2	-237.8	52.4	
18.0	3.2	-109.9	133.6	
25.4	-36.1	-77.9	116.4	
8.2	-4.1	-117.3	79.5	
-6.6	52.4	-176.3	35.2	
-11.5	45.1	-176.3	-65.6	
-1.7	22.9	-161.6	-132.1	
-31.2	13.1	0.8	-95.2	
47.5	3.2	5.7	-14.0	
59.8	-11.5	-137.0	-33.7	
45.1	-23.8	-200.9	-41.0	
52.4	13.1	-58.3	-23.8	
72.1	30.3	-171.4	-6.6	
84.4	37.7	-235.4	8.2	
54.9	25.4	-277.2	3.2	
22.9	32.8	-196.0	8.2	
-18.9	27.8	-100.1	5.7	
-43.5	32.8	27.8	30.3	
-38.6	25.4	121.3	42.6	
-1.7	32.8	64.7	10.6	
40.1	32.8	5.7	18.0	
185.3	47.5	64.7	13.1	
131.2	45.1	126.2	-1.7	
67.2	47.5	249.2	5.7	
45.1	18.0	387.0	5.7	
22.9	40.1	460.8	32.8	
37.7	35.2	296.0	45.1	
30.3	20.5	244.3	89.3	
18.0	-11.5	207.4	101.6	
8.2	22.9	160.7	89.3	
5.7	52.4	111.5	35.2	
5.7	37.7	40.1	-28.7	
-4.1	50.0	67.2	8.2	
3.2	47.5	22.9	20.5	
-11.5	40.1	-9.1	10.6	
-26.3	15.5	-21.4	-1.7	
-36.1	22.9	-1.7	-4.1	
-14.0	35.2	-16.4	0.8	
-68.1	27.8	-100.1	-26.3	
-65.6	32.8	-159.1	-28.7	
-41.0	35.2	-127.1	-9.1	
-18.9	32.8	-53.3	-11.5	
18.0	59.8	-141.9	-1.7	
96.7	45.1	-365.8	47.5	
145.9	32.8	-400.2	84.4	
82.0	50.0	-299.3	89.3	
10.6	45.1	-159.1	104.1	
0.8	57.4	-205.9	131.2	
-6.6	40.1	-232.9	153.3	
-28.7	32.8	-28.7	104.1	
-26.3	22.9	268.9	77.0	
0.8	35.2	389.5	136.1	
67.2	40.1	229.6	101.6	
32.8	32.8	79.5	50.0	
-50.9	15.5	175.4	0.8	
-36.1	5.7	350.1	-68.1	
-26.3	3.2	298.4	-75.5	
0.8	8.2	155.8	-112.4	
45.1	-21.4	-95.2	-107.5	
54.9	0.8	-331.3	-97.6	
40.1	-9.1	-299.3	8.2	
35.2	-31.2	-225.5	35.2	
25.4	47.5	-171.4	62.3	
-9.1	77.0	-63.2	91.8	
-50.9	62.3	64.7	45.1	
-102.5	45.1	89.3	30.3	
-122.2	35.2	22.9	82.0	
-127.1	47.5	-127.1	79.5	
-36.1	64.7	-304.3	45.1	
-46.0	72.1	-410.0	27.8	
42.6	64.7	-343.6	27.8	
163.1	64.7	-287.0	32.8	
224.6	72.1	-370.7	-4.1	
205.0	62.3	-825.8	32.8	
94.3	57.4	-461.7	106.6	
69.7	62.3	-112.4	104.1	
59.8	15.5	106.6	207.4	
8.2	22.9	79.5	298.4	
-21.4	-21.4	325.5	259.1	
-6.6	-23.8	655.1	192.7	
18.0	5.7	800.3	-60.7	
37.7	0.8	630.5	-323.9	
52.4	20.5	475.6	-319.0	
50.0	-58.3	362.4	-213.2	
5.7	-58.3	227.1	-171.4	
-14.0	3.2	232.0	-77.9	
-16.4	62.3	291.1	-48.4	
-14.0	25.4	192.7	-48.4	
-14.0	22.9	89.3	-16.4	
-16.4	72.1	104.1	22.9	
-4.1	128.7	47.5	22.9	
18.0	123.8	91.8	62.3	
57.4	136.1	27.8	67.2	
64.7	74.6	-205.9	47.5	
79.5	91.8	-437.1	99.2	
91.8	128.7	-400.2	113.9	
67.2	143.5	-415.0	185.3	
101.6	136.1	-338.7	283.7	
59.8	168.1	-439.6	350.1	
-33.7	-43.5	-402.7	372.2	
-92.7	-85.3	-255.1	224.6	
-132.1	25.4	-220.6	52.4	
-124.7	35.2	-220.6	-171.4	
-95.2	-109.9	-80.4	-331.3	
-80.4	-200.9	22.9	-282.1	
-31.2	-304.3	27.8	-220.6	
-18.9	-73.0	35.2	-181.3	
-14.0	202.5	219.7	-161.6	
5.7	141.0	549.4	-139.4	
0.8	67.2	581.3	-85.3	
18.0	79.5	497.7	-97.6	
42.6	35.2	300.9	-95.2	
47.5	-18.9	121.3	-4.1	
62.3	-46.0	-73.0	5.7	
54.9	-36.1	-6.6	101.6	
67.2	-1.7	15.5	254.2	
64.7	-26.3	-63.2	293.5	
54.9	0.8	-134.5	313.2	
27.8	15.5	-198.5	217.3	
27.8	42.6	-127.1	89.3	
5.7	45.1	22.9	30.3	
-9.1	35.2	72.1	62.3	
-31.2	50.0	8.2	57.4	
-18.9	64.7	-33.7	74.6	
-31.2	50.0	101.6	40.1	
-6.6	64.7	249.2	-1.7	
13.1	40.1	212.3	22.9	
8.2	10.6	27.8	-4.1	
-6.6	3.2	-156.7	-46.0	
-38.6	35.2	-232.9	-31.2	
10.6	32.8	-149.3	-14.0	
-26.3	27.8	-144.4	-14.0	
-31.2	18.0	-122.2	25.4	
-9.1	20.5	-21.4	69.7	
-11.5	-1.7	106.6	77.0	
57.4	30.3	136.1	104.1	
145.9	42.6	62.3	86.9	
96.7	54.9	-28.7	10.6	
30.3	40.1	-161.6	-14.0	
13.1	27.8	-235.4	8.2	
37.7	50.0	-304.3	74.6	
27.8	45.1	-582.2	113.9	
37.7	35.2	-611.8	99.2	
40.1	0.8	-488.8	101.6	
30.3	15.5	-454.3	57.4	
15.5	10.6	-518.3	77.0	
-21.4	15.5	-594.5	50.0	
-41.0	25.4	-250.1	42.6	
-31.2	37.7	-48.4	-18.9	
-18.9	25.4	72.1	-105.0	
8.2	20.5	460.8	-129.6	
79.5	8.2	974.9	-102.5	
111.5	47.5	1097.9	-55.8	
86.9	50.0	605.9	-82.9	
84.4	27.8	293.5	-50.9	
50.0	8.2	101.6	5.7	
13.1	-50.9	-46.0	-1.7	
-38.6	-46.0	-129.6	13.1	
-36.1	-43.5	67.2	27.8	
-43.5	-41.0	310.7	0.8	
-21.4	8.2	438.7	-43.5	
18.0	54.9	409.1	-38.6	
82.0	86.9	399.3	-21.4	
62.3	118.9	303.4	-6.6	
50.0	150.8	143.5	72.1	
69.7	138.5	32.8	113.9	
74.6	47.5	-41.0	141.0	
50.0	67.2	-196.0	121.3	
10.6	42.6	-294.4	111.5	
5.7	22.9	-471.5	131.2	
0.8	-23.8	-481.4	111.5	
-9.1	-36.1	-641.3	118.9	
-50.9	-73.0	-793.8	133.6	
-41.0	-41.0	-914.3	123.8	
-33.7	47.5	-828.2	52.4	
-23.8	72.1	-429.7	-53.3	
-21.4	-1.7	-28.7	-50.9	
30.3	77.0	315.7	-63.2	
84.4	182.8	482.9	-80.4	
94.3	37.7	660.1	-70.6	
104.1	0.8	677.3	-90.2	
84.4	13.1	549.4	-82.9	
67.2	69.7	315.7	-87.8	
64.7	69.7	52.4	-63.2	
116.4	47.5	-38.6	-23.8	
22.9	64.7	20.5	-16.4	
-70.6	30.3	143.5	30.3	
-141.9	64.7	232.0	94.3	
-159.1	37.7	219.7	182.8	
-124.7	-21.4	254.2	261.5	
-80.4	37.7	126.2	347.6	
-53.3	136.1	20.5	207.4	
-41.0	35.2	-87.8	-82.9	
-18.9	-9.1	-198.5	-68.1	
5.7	-9.1	-260.0	20.5	
47.5	-43.5	-230.5	22.9	
50.0	-41.0	-235.4	-1.7	
52.4	-68.1	-215.7	10.6	
13.1	-33.7	-176.3	18.0	
22.9	-9.1	-107.5	27.8	
13.1	-75.5	-102.5	45.1	
45.1	-58.3	-14.0	45.1	
13.1	-28.7	40.1	20.5	
-16.4	27.8	91.8	5.7	
-23.8	74.6	126.2	-102.5	
-6.6	30.3	145.9	-220.6	
15.5	42.6	175.4	-139.4	
101.6	27.8	141.0	-48.4	
86.9	25.4	62.3	15.5	
25.4	50.0	42.6	47.5	
0.8	54.9	27.8	57.4	
0.8	69.7	-16.4	67.2	
-21.4	37.7	-95.2	64.7	
-31.2	-18.9	-92.7	45.1	
-46.0	-63.2	-139.4	25.4	
-16.4	-11.5	-154.2	3.2	
-21.4	37.7	-112.4	13.1	
-21.4	35.2	-28.7	50.0	
-1.7	45.1	-11.5	59.8	
-1.7	118.9	-55.8	32.8	
0.8	77.0	-169.0	40.1	
-1.7	42.6	-444.5	42.6	
13.1	-31.2	-464.2	42.6	
3.2	-4.1	-407.6	22.9	
10.6	45.1	-550.3	32.8	
10.6	57.4	-481.4	35.2	
15.5	40.1	-235.4	35.2	
40.1	45.1	138.5	50.0	
52.4	62.3	436.2	18.0	
30.3	62.3	709.3	-11.5	
-14.0	40.1	647.8	-28.7	
-16.4	-28.7	404.2	3.2	
-18.9	-43.5	69.7	-1.7	
-23.8	-1.7	40.1	5.7	
10.6	27.8	-43.5	5.7	
52.4	27.8	-68.1	42.6	
20.5	10.6	-43.5	109.0	
-48.4	54.9	27.8	104.1	
-85.3	69.7	-14.0	57.4	
-117.3	74.6	5.7	-70.6	
0.8	67.2	-41.0	-82.9	
32.8	42.6	-87.8	-21.4	
77.0	45.1	-139.4	-21.4	
96.7	57.4	-252.6	-16.4	
96.7	32.8	-55.8	35.2	
32.8	37.7	278.8	25.4	
8.2	35.2	173.0	25.4	
8.2	5.7	-31.2	25.4	
-4.1	-4.1	-75.5	32.8	
42.6	32.8	-109.9	50.0	
72.1	42.6	10.6	30.3	
52.4	94.3	227.1	32.8	
35.2	126.2	357.5	45.1	
8.2	99.2	214.8	45.1	
-26.3	74.6	-60.7	15.5	
-21.4	96.7	-149.3	8.2	
-55.8	40.1	-77.9	-55.8	
-85.3	-58.3	25.4	-87.8	
-85.3	-92.7	64.7	-85.3	
-122.2	-164.0	47.5	-14.0	
-100.1	-193.6	-82.9	-1.7	
-31.2	-87.8	-198.5	-6.6	
35.2	25.4	-102.5	-41.0	
22.9	121.3	84.4	-1.7	
50.0	141.0	27.8	45.1	
116.4	123.8	-129.6	25.4	
79.5	84.4	-260.0	27.8	
32.8	67.2	-218.2	15.5	
5.7	35.2	-127.1	-38.6	
-4.1	-4.1	8.2	-50.9	
8.2	-9.1	-294.4	-28.7	
67.2	42.6	-533.0	5.7	
94.3	-1.7	-397.7	22.9	
57.4	-41.0	-77.9	52.4	
30.3	42.6	288.6	25.4	
5.7	74.6	463.3	-9.1	
-4.1	123.8	549.4	-6.6	
-4.1	104.1	650.2	57.4	
-9.1	27.8	623.2	136.1	
-14.0	47.5	406.7	155.8	
-23.8	25.4	278.8	57.4	
-33.7	45.1	182.8	-75.5	
-23.8	30.3	153.3	-92.7	
-21.4	67.2	-21.4	3.2	
-1.7	64.7	-205.9	27.8	
3.2	-9.1	-257.5	-50.9	
52.4	-65.6	-223.1	-105.0	
15.5	8.2	-284.6	-97.6	
-18.9	42.6	-506.0	-16.4	
-4.1	45.1	-705.2	40.1	
-18.9	86.9	-545.3	62.3	
-21.4	96.7	-419.9	74.6	
8.2	52.4	-264.9	42.6	
0.8	64.7	-31.2	5.7	
5.7	133.6	165.6	-26.3	
-18.9	173.0	320.6	-46.0	
-38.6	52.4	571.5	20.5	
-1.7	-18.9	593.6	69.7	
-21.4	52.4	342.7	109.0	
-122.2	-68.1	165.6	42.6	
-146.8	-141.9	141.0	-43.5	
-65.6	-117.3	241.9	-48.4	
-97.6	-70.6	254.2	-33.7	
-77.9	-95.2	251.7	-38.6	
13.1	-127.1	315.7	-28.7	
-14.0	-92.7	192.7	-36.1	
-36.1	-6.6	-41.0	-16.4	
-9.1	67.2	-442.0	-26.3	
-48.4	94.3	-656.0	25.4	
-41.0	54.9	-727.4	72.1	
-38.6	47.5	-446.9	-43.5	
-18.9	27.8	-208.3	-146.8	
30.3	32.8	-127.1	-203.4	
67.2	18.0	99.2	-149.3	
84.4	13.1	586.3	-114.8	
118.9	30.3	871.6	-53.3	
123.8	74.6	684.7	47.5	
47.5	52.4	271.4	224.6	
-26.3	18.0	45.1	387.0	
-60.7	40.1	-112.4	478.0	
-55.8	118.9	-46.0	419.0	
-55.8	128.7	-43.5	99.2	
-75.5	77.0	-21.4	-75.5	
-58.3	69.7	-55.8	-97.6	
-31.2	104.1	-95.2	-139.4	
-43.5	32.8	-119.8	-132.1	
-50.9	-43.5	-97.6	-68.1	
-75.5	37.7	-112.4	-9.1	
-53.3	-77.9	-114.8	-6.6	
-85.3	-132.1	-77.9	-1.7	
-105.0	-95.2	-73.0	-1.7	
-82.9	15.5	-112.4	-23.8	
-58.3	74.6	-319.0	-14.0	
10.6	-21.4	-478.9	10.6	
101.6	-28.7	-274.7	-9.1	
25.4	118.9	-257.5	-16.4	
-1.7	123.8	-193.6	-14.0	
-14.0	74.6	-200.9	-14.0	
5.7	99.2	-124.7	18.0	
32.8	96.7	-21.4	27.8	
74.6	168.1	96.7	47.5	
69.7	145.9	82.0	59.8	
5.7	40.1	-14.0	67.2	
-14.0	35.2	-156.7	67.2	
-48.4	-11.5	27.8	22.9	
-36.1	-41.0	268.9	0.8	
-11.5	-33.7	288.6	-4.1	
-6.6	-43.5	123.8	54.9	
-21.4	-82.9	13.1	30.3	
-33.7	-55.8	-75.5	-41.0	
-16.4	-26.3	-309.2	-50.9	
-14.0	10.6	-200.9	22.9	
5.7	77.0	37.7	72.1	
13.1	86.9	-16.4	79.5	
15.5	59.8	72.1	50.0	
5.7	32.8	276.3	-11.5	
13.1	40.1	264.0	-112.4	
59.8	22.9	222.2	-97.6	
32.8	22.9	261.5	-68.1	
32.8	30.3	320.6	-70.6	
42.6	42.6	485.4	-43.5	
20.5	54.9	635.5	0.8	
22.9	27.8	716.6	116.4	
15.5	22.9	635.5	187.7	
8.2	37.7	352.6	133.6	
0.8	32.8	138.5	27.8	
13.1	0.8	-31.2	15.5	
27.8	-4.1	-97.6	18.0	
15.5	0.8	-151.7	45.1	
0.8	8.2	-247.7	32.8	
-14.0	-21.4	-405.1	20.5	
-1.7	-36.1	-565.0	18.0	
0.8	-46.0	-609.3	30.3	
-9.1	0.8	-594.5	37.7	
-1.7	30.3	-402.7	50.0	
-1.7	47.5	-395.3	42.6	
-4.1	54.9	-267.4	50.0	
8.2	62.3	-220.6	52.4	
-18.9	25.4	-132.1	20.5	
-18.9	13.1	-218.2	-26.3	
-14.0	3.2	-444.5	-87.8	
-23.8	3.2	-766.7	-149.3	
-18.9	-1.7	-424.8	-105.0	
-28.7	0.8	-46.0	-48.4	
-4.1	5.7	200.0	10.6	
86.9	-1.7	293.5	42.6	
22.9	32.8	293.5	86.9	
13.1	25.4	591.2	131.2	
-6.6	20.5	903.6	197.6	
-23.8	35.2	802.7	173.0	
-28.7	45.1	394.4	86.9	
-16.4	62.3	136.1	5.7	
-21.4	74.6	99.2	-6.6	
-9.1	91.8	5.7	-46.0	
-6.6	89.3	-171.4	-109.9	
-16.4	84.4	-95.2	-146.8	
-16.4	94.3	32.8	-21.4	
0.8	89.3	276.3	35.2	
5.7	86.9	291.1	15.5	
3.2	84.4	345.2	-18.9	
25.4	101.6	296.0	-58.3	
20.5	111.5	239.4	-85.3	
37.7	77.0	-21.4	-87.8	
3.2	91.8	-346.1	-85.3	
-11.5	42.6	-299.3	-53.3	
-6.6	47.5	-306.7	-50.9	
0.8	77.0	-188.6	-21.4	
-6.6	62.3	-107.5	3.2	
20.5	72.1	-31.2	59.8	
52.4	82.0	50.0	32.8	
8.2	45.1	13.1	5.7	
-26.3	18.0	-9.1	5.7	
22.9	54.9	-119.8	-1.7	
-6.6	47.5	-159.1	-9.1	
-33.7	57.4	-154.2	-18.9	
-4.1	104.1	-114.8	-36.1	
30.3	106.6	-154.2	54.9	
42.6	42.6	-296.9	133.6	
20.5	37.7	-319.0	84.4	
37.7	-11.5	-247.7	54.9	
18.0	8.2	-183.7	113.9	
-9.1	-33.7	15.5	121.3	
13.1	-53.3	-117.3	79.5	
10.6	-63.2	-139.4	22.9	
13.1	-6.6	185.3	-23.8	
30.3	37.7	320.6	-82.9	
42.6	10.6	278.8	-146.8	
40.1	30.3	271.4	-173.9	
27.8	22.9	187.7	-183.7	
32.8	5.7	234.5	-154.2	
20.5	-119.8	320.6	-95.2	
5.7	-132.1	404.2	72.1	
15.5	-53.3	308.3	219.7	
22.9	52.4	-46.0	347.6	
3.2	104.1	-198.5	340.3	
-1.7	89.3	-203.4	217.3	
10.6	27.8	-252.6	106.6	
-1.7	-70.6	-264.9	77.0	
5.7	-117.3	-178.8	37.7	
3.2	-141.9	-161.6	42.6	
-4.1	-80.4	-132.1	-31.2	
20.5	-18.9	-26.3	-48.4	
22.9	72.1	25.4	-9.1	
5.7	106.6	177.9	30.3	
-11.5	141.0	20.5	10.6	
-4.1	133.6	-28.7	-38.6	
-16.4	131.2	30.3	-58.3	
-6.6	177.9	77.0	-73.0	
-6.6	113.9	96.7	-55.8	
-26.3	62.3	35.2	-31.2	
-21.4	69.7	-164.0	22.9	
-28.7	89.3	-178.8	96.7	
-33.7	126.2	-80.4	185.3	
-11.5	10.6	-50.9	209.9	
30.3	-33.7	-119.8	197.6	
32.8	-53.3	-97.6	106.6	
52.4	-38.6	-9.1	-26.3	
72.1	-11.5	13.1	-77.9	
57.4	-58.3	-38.6	-80.4	
25.4	101.6	10.6	-43.5	
-9.1	136.1	-6.6	-1.7	
-21.4	3.2	-1.7	-6.6	
-21.4	-100.1	64.7	-21.4	
0.8	-144.4	141.0	-77.9	
45.1	-149.3	409.1	-18.9	
32.8	-114.8	293.5	5.7	
-18.9	-38.6	278.8	22.9	
-11.5	-85.3	236.9	37.7	
-6.6	-80.4	153.3	45.1	
-1.7	-65.6	47.5	22.9	
-9.1	-31.2	-46.0	20.5	
15.5	40.1	-400.2	27.8	
45.1	121.3	-604.4	27.8	
64.7	106.6	-626.5	18.0	
32.8	62.3	-437.1	3.2	
25.4	79.5	-75.5	18.0	
0.8	64.7	116.4	69.7	
-9.1	20.5	372.2	59.8	
-38.6	79.5	487.9	32.8	
-70.6	67.2	458.3	-41.0	
-31.2	47.5	234.5	-50.9	
20.5	59.8	-63.2	-38.6	
5.7	27.8	-213.2	-50.9	
27.8	32.8	-210.8	-9.1	
47.5	-21.4	-213.2	20.5	
96.7	30.3	-137.0	64.7	
69.7	37.7	99.2	20.5	
-9.1	67.2	209.9	22.9	
-43.5	47.5	40.1	-18.9	
-43.5	13.1	-449.4	50.0	
-46.0	42.6	-498.6	94.3	
-46.0	37.7	-375.6	74.6	
-18.9	27.8	-198.5	109.0	
-6.6	50.0	-250.1	64.7	
-9.1	45.1	-75.5	-16.4	
35.2	52.4	463.3	-38.6	
106.6	47.5	945.4	-90.2	
72.1	50.0	1068.4	-97.6	
67.2	45.1	443.6	-60.7	
84.4	37.7	-36.1	-53.3	
35.2	30.3	-50.9	42.6	
8.2	37.7	148.4	128.7	
15.5	35.2	426.4	131.2	
89.3	42.6	645.3	59.8	
20.5	45.1	608.4	35.2	
8.2	42.6	205.0	25.4	
-11.5	47.5	-173.9	32.8	
-4.1	37.7	-402.7	59.8	
-4.1	35.2	-538.0	62.3	
-11.5	45.1	-739.7	45.1	
-4.1	32.8	-828.2	25.4	
25.4	27.8	-1015.2	3.2	
27.8	15.5	-907.0	10.6	
22.9	20.5	-690.5	18.0	
30.3	25.4	-378.1	3.2	
13.1	40.1	-105.0	3.2	
25.4	42.6	-292.0	18.0	
10.6	13.1	-331.3	37.7	
15.5	18.0	-11.5	57.4	
8.2	0.8	254.2	-1.7	
3.2	0.8	168.1	-75.5	
30.3	15.5	276.3	-92.7	
35.2	15.5	596.1	-119.8	
20.5	37.7	1122.5	-105.0	
8.2	35.2	1361.2	-43.5	
3.2	54.9	1120.1	20.5	
35.2	54.9	633.0	77.0	
27.8	67.2	246.8	3.2	
25.4	32.8	-36.1	-109.9	
40.1	22.9	-73.0	-38.6	
45.1	18.0	-151.7	42.6	
67.2	35.2	-183.7	96.7	
57.4	59.8	-151.7	145.9	
62.3	27.8	-82.9	94.3	
35.2	0.8	-141.9	101.6	
3.2	30.3	-208.3	148.4	
-18.9	84.4	-223.1	138.5	
-53.3	64.7	-178.8	18.0	
-48.4	-16.4	-154.2	3.2	
-1.7	-28.7	-237.8	30.3	
-16.4	-23.8	-200.9	86.9	
-23.8	27.8	-92.7	89.3	
-58.3	25.4	-75.5	57.4	
-46.0	62.3	-82.9	-21.4	
-31.2	118.9	-215.7	-60.7	
25.4	104.1	-245.2	-73.0	
5.7	57.4	-156.7	-31.2	
-4.1	45.1	121.3	20.5	
-18.9	-4.1	251.7	37.7	
-16.4	-26.3	232.0	5.7	
-6.6	-14.0	155.8	15.5	
27.8	-36.1	74.6	-1.7	
22.9	-58.3	74.6	-1.7	
37.7	-48.4	54.9	0.8	
27.8	8.2	-173.9	-16.4	
15.5	37.7	-235.4	-26.3	
15.5	57.4	-164.0	-53.3	
-1.7	32.8	-63.2	-70.6	
-4.1	8.2	-16.4	-43.5	
0.8	52.4	-33.7	-16.4	
13.1	50.0	-70.6	59.8	
15.5	89.3	-122.2	145.9	
13.1	126.2	-183.7	133.6	
0.8	82.0	-208.3	94.3	
0.8	62.3	-169.0	79.5	
18.0	37.7	-38.6	57.4	
42.6	42.6	-102.5	-16.4	
86.9	67.2	-205.9	-43.5	
77.0	0.8	-82.9	27.8	
35.2	5.7	-200.9	37.7	
47.5	10.6	-63.2	35.2	
74.6	57.4	268.9	20.5	
37.7	62.3	355.0	-1.7	
5.7	64.7	163.1	-4.1	
-18.9	101.6	177.9	32.8	
-14.0	118.9	288.6	25.4	
-14.0	47.5	264.0	15.5	
-14.0	-38.6	308.3	18.0	
-38.6	-63.2	121.3	40.1	
-46.0	-46.0	-156.7	47.5	
-11.5	-26.3	-169.0	79.5	
-33.7	-9.1	-228.0	62.3	
-31.2	15.5	-326.4	5.7	
-16.4	57.4	-282.1	-58.3	
-4.1	-11.5	-77.9	-68.1	
-6.6	-18.9	175.4	54.9	
-18.9	-70.6	551.8	121.3	
15.5	-48.4	613.3	111.5	
8.2	-43.5	549.4	77.0	
30.3	-23.8	288.6	5.7	
37.7	45.1	-122.2	-102.5	
50.0	30.3	-272.3	-77.9	
27.8	-6.6	-90.2	-28.7	
79.5	-33.7	-1.7	35.2	
79.5	-16.4	-119.8	30.3	
57.4	18.0	-220.6	25.4	
35.2	13.1	-129.6	35.2	
30.3	3.2	30.3	64.7	
-1.7	35.2	141.0	45.1	
0.8	37.7	180.4	20.5	
-9.1	50.0	-23.8	47.5	
-16.4	54.9	-164.0	0.8	
-4.1	27.8	-247.7	-33.7	
-18.9	-1.7	-137.0	-1.7	
-4.1	42.6	74.6	13.1	
10.6	32.8	173.0	32.8	
8.2	27.8	200.0	35.2	
3.2	42.6	254.2	10.6	
-1.7	15.5	94.3	-23.8	
-6.6	15.5	136.1	-23.8	
5.7	77.0	261.5	13.1	
-1.7	64.7	59.8	32.8	
10.6	27.8	-117.3	37.7	
22.9	59.8	-348.5	45.1	
20.5	77.0	-515.8	25.4	
25.4	79.5	-378.1	15.5	
32.8	40.1	-267.4	13.1	
5.7	-4.1	-107.5	18.0	
15.5	-41.0	-77.9	32.8	
22.9	-1.7	35.2	30.3	
20.5	22.9	170.5	52.4	
32.8	47.5	131.2	54.9	
20.5	42.6	86.9	42.6	
18.0	27.8	-28.7	47.5	
15.5	74.6	-75.5	13.1	
30.3	37.7	141.0	3.2	
25.4	-6.6	229.6	18.0	
37.7	-21.4	249.2	15.5	
42.6	18.0	118.9	25.4	
57.4	37.7	8.2	-11.5	
52.4	15.5	-250.1	-1.7	
40.1	-6.6	-493.7	40.1	
50.0	0.8	-577.3	50.0	
52.4	59.8	-476.5	35.2	
82.0	79.5	-328.9	10.6	
96.7	74.6	-193.6	-9.1	
86.9	52.4	-4.1	-9.1	
40.1	72.1	145.9	-46.0	
8.2	79.5	436.2	-31.2	
-87.8	86.9	623.2	-28.7	
-159.1	37.7	396.8	-9.1	
-107.5	-18.9	217.3	-1.7	
-21.4	-31.2	-41.0	27.8	
-43.5	15.5	-223.1	94.3	
-33.7	13.1	18.0	96.7	
-14.0	-58.3	411.6	89.3	
-36.1	-124.7	320.6	22.9	
-43.5	-55.8	111.5	25.4	
-48.4	15.5	-41.0	47.5	
-18.9	54.9	0.8	72.1	
0.8	62.3	74.6	86.9	
20.5	40.1	116.4	37.7	
91.8	52.4	-282.1	-9.1	
89.3	72.1	-282.1	3.2	
32.8	64.7	118.9	27.8	
10.6	72.1	416.5	27.8	
-4.1	54.9	588.7	-14.0	
-1.7	64.7	549.4	-18.9	
-1.7	40.1	212.3	13.1	
-11.5	45.1	-60.7	8.2	
5.7	35.2	-476.5	-28.7	
82.0	37.7	-636.4	-31.2	
94.3	32.8	-594.5	-75.5	
84.4	35.2	-442.0	-21.4	
27.8	69.7	-225.5	45.1	
13.1	67.2	118.9	77.0	
5.7	64.7	276.3	96.7	
-14.0	62.3	387.0	89.3	
-4.1	32.8	426.4	18.0	
3.2	18.0	411.6	-23.8	
15.5	30.3	136.1	-14.0	
35.2	27.8	-11.5	-38.6	
30.3	3.2	-9.1	-33.7	
32.8	-11.5	111.5	37.7	
22.9	-14.0	59.8	84.4	
22.9	5.7	-48.4	96.7	
22.9	13.1	-186.2	20.5	
8.2	35.2	-365.8	13.1	
18.0	40.1	-321.5	18.0	
22.9	45.1	-210.8	50.0	
25.4	25.4	-117.3	47.5	
20.5	54.9	-203.4	52.4	
20.5	45.1	-267.4	47.5	
20.5	35.2	-513.4	-18.9	
15.5	47.5	-569.9	-65.6	
22.9	40.1	-533.0	-87.8	
8.2	45.1	-368.2	-36.1	
8.2	45.1	-41.0	22.9	
5.7	50.0	256.6	74.6	
3.2	54.9	603.5	118.9	
8.2	27.8	856.9	175.4	
3.2	27.8	847.0	116.4	
15.5	37.7	463.3	-4.1	
18.0	27.8	195.1	-48.4	
20.5	22.9	182.8	22.9	
25.4	15.5	27.8	74.6	
18.0	15.5	-432.2	82.0	
20.5	54.9	-569.9	52.4	
0.8	67.2	-370.7	30.3	
5.7	25.4	-355.9	30.3	
-1.7	20.5	-309.2	18.0	
-9.1	40.1	-48.4	3.2	
20.5	22.9	428.8	-46.0	
32.8	15.5	797.8	-26.3	
27.8	40.1	915.9	8.2	
22.9	42.6	613.3	0.8	
13.1	72.1	214.8	22.9	
27.8	54.9	8.2	37.7	
27.8	40.1	72.1	50.0	
15.5	42.6	148.4	3.2	
32.8	13.1	62.3	-28.7	
22.9	13.1	-14.0	15.5	
13.1	35.2	-105.0	40.1	
15.5	64.7	-200.9	42.6	
30.3	111.5	-245.2	25.4	
25.4	69.7	-294.4	3.2	
27.8	32.8	-279.7	3.2	
18.0	35.2	-186.2	-18.9	
27.8	20.5	-144.4	-14.0	
0.8	-11.5	-171.4	5.7	
8.2	-16.4	-107.5	13.1	
-6.6	13.1	-70.6	50.0	
13.1	5.7	-58.3	18.0	
20.5	-26.3	18.0	-9.1	
15.5	-6.6	106.6	-1.7	
52.4	10.6	207.4	8.2	
3.2	8.2	318.1	15.5	
-23.8	3.2	86.9	22.9	
-41.0	-18.9	-68.1	25.4	
-28.7	8.2	37.7	20.5	
-16.4	40.1	236.9	40.1	
20.5	27.8	113.9	42.6	
42.6	25.4	-87.8	52.4	
25.4	67.2	-218.2	59.8	
3.2	20.5	-279.7	64.7	
3.2	15.5	-208.3	91.8	
20.5	20.5	-247.7	94.3	
22.9	30.3	-309.2	45.1	
30.3	45.1	-434.6	18.0	
32.8	40.1	-395.3	-82.9	
50.0	42.6	-378.1	-58.3	
47.5	67.2	-287.0	-50.9	
30.3	42.6	-232.9	-73.0	
22.9	22.9	-68.1	-50.9	
8.2	0.8	192.7	-41.0	
-14.0	-31.2	470.6	-33.7	
-23.8	-18.9	480.5	-9.1	
-21.4	-14.0	372.2	22.9	
-31.2	-14.0	340.3	57.4	
-4.1	-23.8	406.7	62.3	
-21.4	-31.2	364.9	62.3	
-26.3	-16.4	259.1	86.9	
-23.8	15.5	121.3	86.9	
-18.9	94.3	-55.8	57.4	
-9.1	99.2	-292.0	52.4	
15.5	27.8	-301.8	47.5	
30.3	18.0	-299.3	8.2	
52.4	-14.0	-107.5	8.2	
79.5	20.5	-26.3	-4.1	
84.4	94.3	22.9	-26.3	
86.9	79.5	59.8	-26.3	
96.7	104.1	89.3	-11.5	
50.0	104.1	69.7	-55.8	
25.4	72.1	-139.4	-43.5	
0.8	91.8	-269.8	-18.9	
-33.7	86.9	-218.2	-11.5	
-33.7	82.0	-28.7	-1.7	
-16.4	52.4	69.7	-63.2	
0.8	10.6	195.1	-122.2	
-11.5	5.7	212.3	-124.7	
-21.4	-33.7	382.1	-166.5	
0.8	-28.7	527.2	-105.0	
-1.7	52.4	478.0	-1.7	
-16.4	113.9	401.8	261.5	
-18.9	121.3	160.7	436.2	
-28.7	59.8	-60.7	330.4	
-31.2	-50.9	-203.4	104.1	
-41.0	-161.6	-284.6	-23.8	
-36.1	-183.7	-328.9	-53.3	
-14.0	-198.5	-444.5	-21.4	
-14.0	-58.3	-415.0	-9.1	
13.1	18.0	-292.0	30.3	
15.5	72.1	-58.3	40.1	
18.0	69.7	224.6	35.2	
27.8	3.2	241.9	15.5	
-11.5	-9.1	510.0	25.4	
-4.1	-11.5	505.1	18.0	
-14.0	-14.0	227.1	27.8	
-16.4	30.3	-100.1	8.2	
-9.1	57.4	-137.0	32.8	
30.3	37.7	-159.1	27.8	
89.3	22.9	-247.7	30.3	
45.1	37.7	-454.3	-28.7	
18.0	27.8	-437.1	-122.2	
5.7	30.3	-252.6	-112.4	
-1.7	27.8	-11.5	-134.5	
3.2	50.0	-31.2	-90.2	
25.4	18.0	30.3	-26.3	
74.6	22.9	340.3	-70.6	
59.8	82.0	451.0	-48.4	
74.6	82.0	389.5	153.3	
62.3	74.6	328.0	332.9	
62.3	67.2	335.3	244.3	
42.6	50.0	163.1	116.4	
30.3	69.7	-6.6	99.2	
3.2	47.5	-132.1	126.2	
-6.6	37.7	-193.6	143.5	
-16.4	42.6	-178.8	91.8	
-9.1	37.7	-208.3	32.8	
-11.5	-36.1	-208.3	18.0	
-38.6	-112.4	-173.9	5.7	
-43.5	-82.9	-228.0	-23.8	
-53.3	-9.1	-191.1	-41.0	
-38.6	18.0	-102.5	-9.1	
-53.3	0.8	-114.8	-21.4	
-46.0	-6.6	-85.3	-70.6	
10.6	25.4	123.8	-58.3	
25.4	3.2	271.4	-38.6	
113.9	15.5	241.9	10.6	
91.8	109.0	200.0	32.8	
91.8	104.1	131.2	52.4	
82.0	57.4	131.2	69.7	
37.7	35.2	229.6	62.3	
13.1	40.1	170.5	52.4	
27.8	50.0	143.5	0.8	
40.1	52.4	364.9	10.6	
79.5	20.5	345.2	18.0	
99.2	20.5	207.4	25.4	
62.3	52.4	-87.8	-1.7	
64.7	59.8	-501.1	35.2	
37.7	25.4	-633.9	72.1	
30.3	-1.7	-594.5	57.4	
15.5	18.0	-641.3	42.6	
15.5	22.9	-486.3	37.7	
-11.5	3.2	-178.8	-33.7	
-55.8	-1.7	106.6	-41.0	
-70.6	69.7	517.4	15.5	
-63.2	131.2	832.3	91.8	
-43.5	145.9	731.4	84.4	
-28.7	123.8	527.2	67.2	
-31.2	74.6	337.8	25.4	
-38.6	79.5	328.0	-23.8	
-43.5	54.9	209.9	-36.1	
-60.7	-21.4	-31.2	-26.3	
-60.7	-80.4	-213.2	8.2	
-46.0	-75.5	-171.4	37.7	
-33.7	-33.7	-208.3	20.5	
-1.7	-1.7	-208.3	-1.7	
77.0	-4.1	-193.6	-1.7	
136.1	22.9	-346.1	-16.4	
74.6	27.8	-675.7	32.8	
45.1	8.2	-727.4	82.0	
50.0	-1.7	-474.0	64.7	
20.5	-16.4	-240.3	50.0	
8.2	27.8	-9.1	-1.7	
-6.6	57.4	163.1	-31.2	
5.7	52.4	352.6	-41.0	
-11.5	22.9	416.5	-21.4	
10.6	35.2	475.6	-38.6	
15.5	57.4	551.8	-16.4	
15.5	57.4	480.5	-41.0	
8.2	59.8	355.0	-38.6	
10.6	54.9	296.0	-18.9	
37.7	42.6	180.4	-16.4	
32.8	20.5	96.7	-18.9	
25.4	-4.1	15.5	-1.7	
25.4	3.2	-141.9	3.2	
15.5	15.5	-255.1	27.8	
15.5	25.4	-351.0	37.7	
13.1	-4.1	-277.2	45.1	
15.5	8.2	-159.1	54.9	
25.4	27.8	-141.9	37.7	
22.9	45.1	-77.9	25.4	
52.4	40.1	239.4	10.6	
50.0	25.4	374.7	-11.5	
47.5	59.8	350.1	8.2	
37.7	45.1	177.9	10.6	
67.2	45.1	57.4	40.1	
84.4	59.8	69.7	27.8	
84.4	77.0	40.1	5.7	
59.8	89.3	-11.5	5.7	
22.9	42.6	-127.1	8.2	
-14.0	25.4	-178.8	25.4	
-65.6	111.5	-232.9	54.9	
-48.4	84.4	-292.0	84.4	
-48.4	-23.8	-449.4	113.9	
-26.3	-43.5	-557.6	82.0	
-18.9	-1.7	-592.1	30.3	
-11.5	8.2	-491.2	-41.0	
37.7	-16.4	-378.1	-80.4	
35.2	-82.9	-200.9	-23.8	
-18.9	-100.1	-68.1	3.2	
-38.6	-100.1	-73.0	-11.5	
-18.9	-53.3	10.6	-1.7	
18.0	15.5	67.2	-41.0	
101.6	99.2	96.7	-36.1	
62.3	91.8	153.3	-82.9	
82.0	77.0	52.4	-50.9	
62.3	47.5	136.1	42.6	
15.5	64.7	254.2	84.4	
-21.4	57.4	158.2	67.2	
-50.9	91.8	89.3	27.8	
-53.3	77.0	288.6	20.5	
-38.6	84.4	529.7	42.6	
-28.7	84.4	763.4	40.1	
-14.0	91.8	578.9	5.7	
5.7	77.0	608.4	-21.4	
32.8	82.0	824.9	-31.2	
0.8	64.7	532.1	-50.9	
-21.4	13.1	160.7	-65.6	
47.5	-21.4	-274.7	-6.6	
27.8	-38.6	-565.0	37.7	
0.8	-9.1	-579.8	25.4	
-46.0	22.9	-626.5	8.2	
-38.6	18.0	-488.8	72.1	
-16.4	22.9	-328.9	141.0	
-9.1	13.1	-213.2	94.3	
82.0	-21.4	-260.0	35.2	
47.5	-18.9	-282.1	-4.1	
20.5	-14.0	-304.3	-82.9	
13.1	0.8	-14.0	-68.1	
22.9	-1.7	337.8	22.9	
18.0	3.2	423.9	59.8	
3.2	-16.4	236.9	37.7	
8.2	-16.4	77.0	13.1	
-6.6	-9.1	173.0	-41.0	
3.2	-4.1	276.3	-43.5	
15.5	13.1	202.5	-18.9	
8.2	25.4	0.8	-6.6	
-9.1	37.7	-4.1	-28.7	
-1.7	42.6	-48.4	-28.7	
18.0	32.8	-28.7	-23.8	
40.1	-1.7	-21.4	-6.6	
50.0	-23.8	-4.1	0.8	
42.6	5.7	59.8	-9.1	
57.4	-18.9	173.0	0.8	
37.7	-4.1	175.4	18.0	
22.9	-23.8	-6.6	30.3	
42.6	-16.4	-181.3	18.0	
27.8	0.8	-323.9	15.5	
32.8	8.2	-363.3	8.2	
30.3	18.0	-328.9	35.2	
18.0	25.4	-242.8	84.4	
5.7	20.5	-102.5	121.3	
22.9	15.5	35.2	52.4	
27.8	5.7	74.6	-46.0	
10.6	-4.1	57.4	-70.6	
3.2	5.7	109.0	-14.0	
-1.7	-6.6	150.8	25.4	
-11.5	37.7	239.4	13.1	
-1.7	45.1	64.7	-1.7	
-1.7	40.1	-18.9	0.8	
32.8	54.9	118.9	25.4	
27.8	40.1	116.4	54.9	
0.8	22.9	27.8	77.0	
0.8	47.5	-60.7	77.0	
-23.8	13.1	-23.8	47.5	
-21.4	13.1	-6.6	20.5	
-11.5	37.7	47.5	5.7	
-14.0	94.3	133.6	-53.3	
5.7	131.2	-90.2	-14.0	
22.9	123.8	-196.0	15.5	
35.2	94.3	-319.0	-6.6	
42.6	64.7	-343.6	-4.1	
84.4	62.3	-277.2	30.3	
57.4	72.1	10.6	10.6	
35.2	138.5	416.5	25.4	
8.2	94.3	458.3	27.8	
-31.2	136.1	404.2	22.9	
-23.8	128.7	109.0	0.8	
5.7	50.0	-36.1	-11.5	
-41.0	52.4	5.7	27.8	
-21.4	42.6	-124.7	50.0	
5.7	77.0	-277.2	47.5	
54.9	37.7	-245.2	20.5	
20.5	62.3	-343.6	-1.7	
-4.1	109.0	-161.6	-33.7	
-11.5	79.5	182.8	-53.3	
-14.0	-21.4	382.1	8.2	
-1.7	-1.7	451.0	20.5	
0.8	27.8	391.9	3.2	
77.0	10.6	170.5	-4.1	
62.3	-48.4	40.1	-11.5	
27.8	-14.0	-38.6	-21.4	
13.1	57.4	-18.9	-1.7	
-4.1	52.4	96.7	40.1	
-11.5	3.2	160.7	32.8	
-14.0	-9.1	141.0	13.1	
3.2	-26.3	89.3	22.9	
-6.6	-31.2	106.6	20.5	
13.1	-21.4	-48.4	5.7	
30.3	-1.7	-255.1	-38.6	
52.4	-33.7	-161.6	-55.8	
84.4	-4.1	-114.8	-18.9	
59.8	27.8	-237.8	18.0	
42.6	47.5	-368.2	47.5	
-1.7	10.6	-442.0	30.3	
-4.1	15.5	-188.6	0.8	
-16.4	20.5	64.7	-14.0	
-11.5	-1.7	59.8	-14.0	
67.2	-23.8	-16.4	0.8	
40.1	-14.0	30.3	-14.0	
15.5	8.2	190.2	-11.5	
3.2	15.5	281.2	-1.7	
5.7	0.8	369.8	-1.7	
37.7	-4.1	308.3	13.1	
69.7	-6.6	207.4	27.8	
82.0	35.2	37.7	20.5	
74.6	153.3	-124.7	5.7	
82.0	187.7	-228.0	13.1	
64.7	138.5	-264.9	40.1	
42.6	106.6	-309.2	22.9	
30.3	91.8	-306.7	13.1	
-23.8	74.6	-442.0	-18.9	
-43.5	45.1	-247.7	-4.1	
-48.4	50.0	-188.6	20.5	
-55.8	67.2	-65.6	37.7	
-63.2	64.7	15.5	72.1	
-82.9	37.7	32.8	79.5	
-75.5	-77.9	241.9	62.3	
-43.5	-230.5	465.7	27.8	
-6.6	-213.2	628.1	13.1	
3.2	-90.2	542.0	40.1	
-11.5	-46.0	212.3	-14.0	
-55.8	-16.4	79.5	-48.4	
-43.5	-9.1	104.1	0.8	
-1.7	-4.1	27.8	50.0	
42.6	8.2	-304.3	86.9	
40.1	47.5	-405.1	8.2	
25.4	47.5	-255.1	-82.9	
8.2	22.9	-262.4	-77.9	
27.8	47.5	-373.1	-63.2	
32.8	0.8	-474.0	-18.9	
35.2	-16.4	-260.0	30.3	
30.3	18.0	261.5	79.5	
37.7	15.5	478.0	42.6	
22.9	42.6	431.3	-38.6	
32.8	35.2	384.5	-60.7	
62.3	45.1	423.9	-26.3	
35.2	35.2	411.6	15.5	
13.1	57.4	352.6	32.8	
8.2	64.7	143.5	8.2	
18.0	30.3	-82.9	-1.7	
32.8	40.1	-314.1	30.3	
18.0	67.2	-333.8	54.9	
22.9	50.0	-373.1	50.0	
27.8	18.0	-225.5	25.4	
25.4	18.0	-107.5	8.2	
27.8	40.1	84.4	22.9	
40.1	22.9	249.2	-6.6	
54.9	22.9	318.1	13.1	
37.7	10.6	416.5	62.3	
22.9	15.5	310.7	69.7	
5.7	-9.1	310.7	-14.0	
-14.0	-16.4	165.6	-70.6	
-1.7	5.7	190.2	-41.0	
-1.7	32.8	111.5	-21.4	
22.9	54.9	-97.6	-33.7	
15.5	40.1	-331.3	-38.6	
13.1	52.4	-488.8	0.8	
27.8	57.4	-397.7	22.9	
18.0	30.3	-284.6	47.5	
25.4	13.1	-252.6	40.1	
10.6	27.8	-151.7	-1.7	
13.1	32.8	-33.7	15.5	
5.7	40.1	145.9	22.9	
3.2	47.5	133.6	-11.5	
0.8	42.6	30.3	-14.0	
37.7	20.5	-21.4	-4.1	
30.3	-9.1	-26.3	15.5	
42.6	-1.7	13.1	35.2	
-6.6	20.5	-36.1	52.4	
-6.6	37.7	0.8	59.8	
18.0	42.6	37.7	22.9	
15.5	57.4	-18.9	-14.0	
69.7	57.4	27.8	-6.6	
79.5	57.4	182.8	18.0	
82.0	45.1	121.3	3.2	
74.6	42.6	-63.2	-11.5	
52.4	47.5	-124.7	-9.1	
22.9	59.8	-139.4	5.7	
5.7	69.7	-237.8	13.1	
-23.8	47.5	-358.4	30.3	
-26.3	52.4	-429.7	30.3	
-4.1	45.1	-301.8	30.3	
18.0	18.0	-215.7	27.8	
22.9	13.1	-200.9	5.7	
8.2	54.9	-176.3	30.3	
32.8	-26.3	27.8	72.1	
20.5	-36.1	310.7	94.3	
35.2	-87.8	291.1	94.3	
27.8	-73.0	291.1	8.2	
-9.1	0.8	232.0	-63.2	
-38.6	5.7	96.7	-107.5	
-38.6	30.3	32.8	-36.1	
-55.8	64.7	205.0	35.2	
-33.7	52.4	123.8	25.4	
-31.2	40.1	244.3	-36.1	
-21.4	52.4	239.4	-9.1	
22.9	54.9	187.7	57.4	
8.2	30.3	121.3	42.6	
3.2	62.3	163.1	20.5	
20.5	64.7	298.4	10.6	
0.8	15.5	404.2	8.2	
8.2	3.2	268.9	-6.6	
-31.2	20.5	170.5	15.5	
-28.7	89.3	62.3	59.8	
-38.6	67.2	91.8	20.5	
-55.8	5.7	77.0	-1.7	
20.5	-36.1	40.1	-16.4	
37.7	-6.6	47.5	-4.1	
69.7	37.7	52.4	0.8	
27.8	27.8	-4.1	20.5	
50.0	13.1	-65.6	5.7	
42.6	25.4	-124.7	-9.1	
57.4	42.6	-159.1	-4.1	
50.0	64.7	-193.6	-11.5	
22.9	18.0	-176.3	10.6	
3.2	-9.1	-114.8	10.6	
27.8	13.1	-107.5	8.2	
50.0	0.8	-63.2	8.2	
54.9	3.2	-31.2	-6.6	
30.3	-6.6	-77.9	0.8	
32.8	15.5	-92.7	10.6	
13.1	35.2	-117.3	3.2	
18.0	22.9	-146.8	18.0	
10.6	25.4	-309.2	25.4	
30.3	35.2	-496.1	25.4	
25.4	18.0	-692.9	32.8	
25.4	-6.6	-788.9	22.9	
30.3	42.6	-754.4	20.5	
27.8	59.8	-353.5	10.6	
37.7	50.0	-16.4	0.8	
37.7	64.7	261.5	5.7	
32.8	52.4	529.7	3.2	
30.3	-18.9	733.9	-16.4	
27.8	-31.2	982.3	-11.5	
30.3	18.0	888.8	8.2	
50.0	30.3	578.9	10.6	
45.1	30.3	246.8	0.8	
57.4	45.1	67.2	25.4	
47.5	59.8	47.5	35.2	
30.3	109.0	5.7	42.6	
18.0	72.1	-90.2	82.0	
25.4	62.3	-240.3	113.9	
10.6	91.8	-316.6	121.3	
8.2	50.0	-392.8	104.1	
8.2	72.1	-385.4	27.8	
-28.7	84.4	-272.3	-55.8	
-63.2	0.8	15.5	-73.0	
-68.1	-63.2	175.4	-46.0	
-48.4	-112.4	153.3	-28.7	
-14.0	-60.7	155.8	-28.7	
-11.5	-36.1	145.9	-23.8	
-1.7	-31.2	-82.9	-33.7	
5.7	25.4	-351.0	-11.5	
18.0	13.1	-422.3	35.2	
27.8	-31.2	-173.9	45.1	
20.5	3.2	-65.6	30.3	
25.4	69.7	37.7	37.7	
13.1	-41.0	79.5	45.1	
18.0	-36.1	222.2	-28.7	
13.1	-16.4	487.9	-109.9	
18.0	13.1	603.5	-95.2	
27.8	57.4	546.9	-33.7	
0.8	37.7	374.7	35.2	
-21.4	47.5	185.3	47.5	
-18.9	54.9	111.5	22.9	
-16.4	64.7	94.3	25.4	
-6.6	35.2	37.7	15.5	
30.3	22.9	153.3	15.5	
-4.1	15.5	239.4	8.2	
0.8	30.3	209.9	10.6	
25.4	30.3	89.3	0.8	
50.0	-11.5	-46.0	0.8	
50.0	-48.4	-149.3	3.2	
50.0	5.7	-176.3	15.5	
25.4	5.7	-400.2	20.5	
42.6	0.8	-560.1	15.5	
40.1	25.4	-533.0	25.4	
37.7	40.1	-550.3	18.0	
25.4	20.5	-594.5	22.9	
0.8	25.4	-454.3	30.3	
30.3	35.2	-232.9	40.1	
-1.7	30.3	104.1	42.6	
-31.2	25.4	310.7	8.2	
-33.7	0.8	409.1	10.6	
-48.4	-21.4	323.0	8.2	
35.2	30.3	104.1	-4.1	
104.1	69.7	155.8	-14.0	
109.0	47.5	264.0	-18.9	
69.7	64.7	303.4	-23.8	
50.0	77.0	264.0	-11.5	
20.5	77.0	99.2	-9.1	
-6.6	77.0	-114.8	10.6	
-36.1	37.7	-220.6	10.6	
-33.7	40.1	-161.6	0.8	
15.5	30.3	-109.9	-1.7	
42.6	-11.5	-68.1	3.2	
35.2	-6.6	-102.5	3.2	
52.4	-14.0	-53.3	13.1	
27.8	-28.7	72.1	8.2	
-1.7	8.2	-92.7	15.5	
-9.1	35.2	-156.7	35.2	
-9.1	20.5	-41.0	45.1	
22.9	45.1	25.4	42.6	
50.0	62.3	155.8	25.4	
72.1	45.1	207.4	-14.0	
79.5	47.5	217.3	-23.8	
118.9	57.4	113.9	-38.6	
96.7	47.5	-102.5	-23.8	
69.7	50.0	-203.4	3.2	
37.7	52.4	-156.7	-1.7	
13.1	64.7	-119.8	3.2	
-18.9	101.6	37.7	5.7	
-70.6	59.8	69.7	18.0	
-87.8	79.5	-186.2	45.1	
-90.2	86.9	-392.8	54.9	
-100.1	84.4	-373.1	77.0	
-68.1	42.6	-319.0	64.7	
-55.8	0.8	-50.9	22.9	
-41.0	32.8	89.3	-16.4	
-18.9	18.0	177.9	-6.6	
116.4	-43.5	266.5	-1.7	
59.8	-73.0	374.7	22.9	
30.3	-48.4	409.1	59.8	
10.6	-77.9	443.6	47.5	
5.7	3.2	517.4	3.2	
-18.9	72.1	318.1	0.8	
-1.7	113.9	264.0	-36.1	
18.0	52.4	359.9	-60.7	
3.2	22.9	187.7	-1.7	
-11.5	20.5	3.2	62.3	
13.1	35.2	-92.7	37.7	
74.6	47.5	-28.7	35.2	
35.2	35.2	-181.3	3.2	
37.7	20.5	-141.9	0.8	
18.0	77.0	-75.5	-1.7	
-1.7	54.9	18.0	-23.8	
-1.7	3.2	59.8	-28.7	
45.1	-43.5	-28.7	-11.5	
40.1	-31.2	5.7	-1.7	
45.1	27.8	54.9	15.5	
42.6	30.3	-73.0	45.1	
-1.7	37.7	-132.1	27.8	
30.3	45.1	-129.6	18.0	
20.5	42.6	-124.7	20.5	
3.2	5.7	-134.5	45.1	
22.9	32.8	-132.1	27.8	
40.1	15.5	-139.4	8.2	
35.2	25.4	-235.4	-6.6	
47.5	18.0	-277.2	3.2	
35.2	32.8	-294.4	0.8	
37.7	25.4	-250.1	0.8	
27.8	32.8	-95.2	8.2	
10.6	37.7	-33.7	8.2	
25.4	25.4	30.3	20.5	
20.5	37.7	229.6	47.5	
18.0	35.2	251.7	57.4	
35.2	42.6	20.5	74.6	
54.9	37.7	-478.9	67.2	
25.4	35.2	-407.6	52.4	
25.4	30.3	-272.3	32.8	
62.3	42.6	-247.7	59.8	
22.9	30.3	5.7	94.3	
-14.0	13.1	278.8	77.0	
-38.6	-16.4	519.8	-23.8	
0.8	0.8	682.2	-112.4	
10.6	0.8	566.6	-119.8	
-6.6	5.7	234.5	-23.8	
-11.5	62.3	52.4	3.2	
-9.1	67.2	-70.6	-41.0	
-16.4	54.9	-105.0	-48.4	
-28.7	18.0	-82.9	-58.3	
-6.6	-21.4	-213.2	10.6	
3.2	-1.7	-218.2	40.1	
-4.1	22.9	-100.1	15.5	
10.6	22.9	-33.7	20.5	
-4.1	35.2	47.5	10.6	
-9.1	8.2	123.8	8.2	
18.0	15.5	357.5	13.1	
50.0	32.8	460.8	30.3	
74.6	25.4	374.7	37.7	
74.6	35.2	318.1	57.4	
67.2	40.1	236.9	54.9	
35.2	40.1	25.4	50.0	
62.3	79.5	-73.0	64.7	
72.1	89.3	-191.1	15.5	
54.9	52.4	-392.8	40.1	
25.4	84.4	-501.1	74.6	
-1.7	89.3	-439.6	37.7	
-23.8	32.8	-252.6	-1.7	
-95.2	20.5	-122.2	-16.4	
-122.2	-4.1	-55.8	-36.1	
-100.1	35.2	32.8	-58.3	
-65.6	47.5	246.8	-85.3	
-21.4	18.0	308.3	-36.1	
59.8	13.1	155.8	15.5	
27.8	-50.9	-6.6	13.1	
-26.3	-26.3	-203.4	-6.6	
-36.1	74.6	-282.1	-4.1	
-43.5	52.4	-260.0	10.6	
-23.8	13.1	96.7	30.3	
-16.4	-9.1	236.9	32.8	
-1.7	-9.1	217.3	-6.6	
-11.5	-21.4	190.2	3.2	
79.5	-16.4	136.1	15.5	
40.1	-26.3	126.2	37.7	
50.0	-6.6	192.7	45.1	
25.4	13.1	-50.9	30.3	
47.5	32.8	-188.6	8.2	
30.3	30.3	-114.8	-16.4	
-11.5	45.1	74.6	-28.7	
-21.4	45.1	241.9	-31.2	
30.3	37.7	236.9	-28.7	
74.6	37.7	229.6	13.1	
54.9	74.6	62.3	18.0	
109.0	27.8	-134.5	8.2	
79.5	50.0	-205.9	37.7	
35.2	57.4	-124.7	109.0	
52.4	54.9	-181.3	121.3	
45.1	40.1	-154.2	67.2	
32.8	3.2	-296.9	-31.2	
22.9	-46.0	-279.7	-124.7	
18.0	-18.9	-183.7	-124.7	
-1.7	0.8	-139.4	-11.5	
13.1	30.3	-90.2	25.4	
25.4	40.1	82.0	-6.6	
37.7	40.1	347.6	-31.2	
15.5	13.1	281.2	8.2	
8.2	27.8	239.4	-1.7	
5.7	8.2	131.2	-4.1	
13.1	18.0	126.2	20.5	
-4.1	13.1	0.8	15.5	
-6.6	69.7	-95.2	22.9	
-4.1	101.6	-119.8	20.5	
-1.7	67.2	-166.5	13.1	
-4.1	94.3	-129.6	5.7	
-31.2	91.8	111.5	18.0	
8.2	54.9	236.9	37.7	
18.0	35.2	207.4	18.0	
52.4	20.5	190.2	18.0	
47.5	40.1	40.1	42.6	
45.1	54.9	-323.9	30.3	
27.8	-38.6	-380.5	22.9	
-21.4	-55.8	-252.6	42.6	
-23.8	-58.3	-112.4	8.2	
-11.5	0.8	-33.7	-9.1	
30.3	22.9	18.0	-4.1	
64.7	64.7	158.2	-16.4	
79.5	123.8	362.4	-41.0	
59.8	20.5	379.6	-14.0	
37.7	-60.7	291.1	-43.5	
15.5	-33.7	229.6	-31.2	
8.2	27.8	30.3	13.1	
-9.1	45.1	-92.7	37.7	
-16.4	18.0	-134.5	54.9	
8.2	-9.1	-218.2	32.8	
25.4	5.7	-141.9	18.0	
45.1	27.8	-173.9	3.2	
25.4	37.7	-279.7	-26.3	
8.2	20.5	-228.0	-14.0	
-4.1	0.8	-129.6	0.8	
-6.6	-1.7	94.3	8.2	
-23.8	27.8	286.1	8.2	
-18.9	47.5	291.1	20.5	
-14.0	37.7	254.2	27.8	
3.2	25.4	239.4	30.3	
50.0	10.6	318.1	54.9	
67.2	62.3	251.7	64.7	
62.3	64.7	64.7	35.2	
45.1	50.0	-269.8	20.5	
30.3	67.2	-419.9	5.7	
13.1	27.8	-387.9	22.9	
-23.8	45.1	-437.1	3.2	
-11.5	99.2	-451.9	-14.0	
-23.8	86.9	-375.6	3.2	
-38.6	22.9	-95.2	-50.9	
-33.7	25.4	251.7	-63.2	
-36.1	0.8	618.2	-43.5	
-50.9	-26.3	701.9	-4.1	
13.1	-46.0	389.5	25.4	
-9.1	-23.8	182.8	22.9	
-23.8	-18.9	-6.6	-18.9	
13.1	-1.7	-127.1	-31.2	
47.5	20.5	-82.9	-6.6	
101.6	40.1	138.5	20.5	
79.5	62.3	52.4	35.2	
32.8	59.8	-102.5	27.8	
32.8	30.3	-198.5	8.2	
18.0	20.5	-114.8	3.2	
18.0	10.6	54.9	20.5	
22.9	3.2	160.7	42.6	
15.5	18.0	62.3	25.4	
5.7	13.1	-6.6	-4.1	
15.5	-4.1	133.6	-26.3	
18.0	13.1	190.2	13.1	
35.2	40.1	200.0	40.1	
15.5	50.0	104.1	42.6	
18.0	30.3	-80.4	27.8	
30.3	8.2	-92.7	22.9	
-1.7	5.7	-245.2	22.9	
-14.0	22.9	-358.4	35.2	
-14.0	54.9	-383.0	20.5	
-1.7	54.9	-383.0	22.9	
0.8	47.5	-240.3	18.0	
8.2	45.1	-9.1	32.8	
13.1	45.1	150.8	18.0	
-14.0	25.4	232.0	13.1	
3.2	15.5	337.8	-9.1	
10.6	27.8	283.7	-31.2	
-11.5	27.8	143.5	-31.2	
-16.4	42.6	32.8	-58.3	
35.2	57.4	-223.1	-58.3	
52.4	35.2	-225.5	-14.0	
30.3	32.8	-28.7	15.5	
25.4	67.2	-90.2	40.1	
62.3	79.5	54.9	35.2	
30.3	10.6	158.2	13.1	
20.5	-4.1	84.4	13.1	
67.2	32.8	-1.7	32.8	
72.1	32.8	-87.8	15.5	
37.7	-48.4	-223.1	67.2	
5.7	-50.9	-38.6	42.6	
-4.1	-21.4	69.7	-4.1	
-16.4	-36.1	-16.4	-50.9	
5.7	-41.0	113.9	-63.2	
18.0	-18.9	143.5	-28.7	
25.4	47.5	207.4	3.2	
27.8	74.6	185.3	5.7	
42.6	35.2	99.2	-28.7	
10.6	8.2	37.7	13.1	
10.6	0.8	91.8	45.1	
-23.8	35.2	84.4	47.5	
-31.2	77.0	-1.7	37.7	
-43.5	111.5	-68.1	18.0	
89.3	96.7	-218.2	69.7	
69.7	109.0	-149.3	77.0	
37.7	104.1	-166.5	64.7	
50.0	40.1	-223.1	35.2	
3.2	-18.9	-161.6	-14.0	
-14.0	-60.7	-178.8	-77.9	
-36.1	-55.8	-333.8	-97.6	
-43.5	-65.6	-237.8	-73.0	
-43.5	13.1	77.0	-41.0	
-23.8	37.7	342.7	-4.1	
18.0	45.1	451.0	3.2	
40.1	8.2	458.3	-6.6	
37.7	-18.9	283.7	30.3	
35.2	22.9	229.6	64.7	
13.1	67.2	126.2	62.3	
8.2	77.0	-18.9	59.8	
-9.1	47.5	-169.0	52.4	
5.7	57.4	-230.5	-4.1	
13.1	50.0	-299.3	-23.8	
37.7	62.3	-282.1	-48.4	
35.2	15.5	-304.3	-16.4	
30.3	10.6	-218.2	-16.4	
22.9	13.1	13.1	20.5	
35.2	25.4	318.1	13.1	
-9.1	82.0	532.1	-9.1	
-9.1	116.4	389.5	5.7	
-21.4	91.8	180.4	3.2	
5.7	94.3	74.6	-21.4	
3.2	67.2	62.3	-9.1	
15.5	40.1	-80.4	10.6	
-9.1	-4.1	-260.0	-14.0	
-1.7	-33.7	-481.4	-9.1	
-9.1	-21.4	-341.2	13.1	
10.6	-75.5	-247.7	35.2	
5.7	-100.1	-225.5	35.2	
-4.1	-38.6	-70.6	40.1	
13.1	-9.1	192.7	-4.1	
-9.1	13.1	453.4	-23.8	
-21.4	18.0	517.4	3.2	
-31.2	18.0	396.8	30.3	
-23.8	32.8	54.9	45.1	
30.3	47.5	-70.6	37.7	
84.4	10.6	-60.7	15.5	
111.5	15.5	0.8	42.6	
86.9	25.4	94.3	37.7	
72.1	20.5	175.4	32.8	
57.4	0.8	266.5	18.0	
101.6	32.8	155.8	10.6	
77.0	37.7	15.5	0.8	
37.7	32.8	-171.4	-97.6	
32.8	35.2	-220.6	-82.9	
20.5	35.2	-282.1	30.3	
25.4	32.8	-395.3	69.7	
-1.7	42.6	-446.9	27.8	
15.5	62.3	-515.8	-9.1	
5.7	45.1	-609.3	-41.0	
13.1	20.5	-294.4	-46.0	
8.2	18.0	-63.2	-43.5	
10.6	32.8	268.9	-33.7	
10.6	30.3	605.9	-16.4	
-6.6	30.3	534.6	-16.4	
8.2	27.8	401.8	-28.7	
-1.7	37.7	416.5	-28.7	
-6.6	42.6	281.2	-21.4	
8.2	30.3	158.2	0.8	
8.2	25.4	128.7	15.5	
-1.7	40.1	131.2	47.5	
-1.7	32.8	170.5	45.1	
-9.1	32.8	-21.4	25.4	
-14.0	32.8	-230.5	8.2	
-4.1	30.3	-304.3	-4.1	
0.8	35.2	-183.7	32.8	
-9.1	42.6	-154.2	47.5	
-43.5	27.8	-36.1	32.8	
40.1	10.6	62.3	15.5	
27.8	5.7	168.1	10.6	
22.9	-11.5	180.4	13.1	
57.4	27.8	168.1	45.1	
37.7	13.1	148.4	27.8	
52.4	-11.5	136.1	10.6	
57.4	-1.7	-48.4	10.6	
30.3	3.2	-151.7	-11.5	
13.1	18.0	-146.8	-4.1	
25.4	15.5	-82.9	-1.7	
32.8	64.7	-114.8	5.7	
30.3	54.9	-141.9	20.5	
18.0	94.3	-144.4	18.0	
8.2	64.7	-80.4	-4.1	
13.1	59.8	52.4	-18.9	
25.4	27.8	168.1	-21.4	
0.8	3.2	163.1	-16.4	
-11.5	-33.7	148.4	-9.1	
8.2	-9.1	54.9	18.0	
18.0	-18.9	27.8	22.9	
5.7	-28.7	84.4	8.2	
5.7	-36.1	-9.1	27.8	
15.5	-9.1	-60.7	30.3	
8.2	-6.6	-1.7	22.9	
0.8	-46.0	-68.1	-4.1	
-1.7	-50.9	-100.1	-14.0	
10.6	-58.3	-181.3	-1.7	
-1.7	-18.9	-274.7	40.1	
25.4	-14.0	-269.8	52.4	
18.0	-53.3	-385.4	40.1	
5.7	5.7	-375.6	15.5	
13.1	40.1	-87.8	8.2	
20.5	57.4	131.2	-31.2	
-1.7	47.5	145.9	-58.3	
3.2	37.7	86.9	-63.2	
5.7	25.4	126.2	-28.7	
3.2	54.9	57.4	-23.8	
-16.4	59.8	57.4	-38.6	
-31.2	69.7	143.5	-1.7	
-31.2	62.3	131.2	8.2	
-28.7	22.9	187.7	5.7	
-4.1	-46.0	173.0	5.7	
15.5	-46.0	350.1	8.2	
25.4	-55.8	544.4	5.7	
47.5	-4.1	419.0	15.5	
42.6	52.4	330.4	40.1	
45.1	77.0	251.7	27.8	
37.7	62.3	5.7	-11.5	
15.5	141.0	-213.2	-26.3	
-26.3	165.6	-338.7	-1.7	
-41.0	207.4	-429.7	13.1	
-58.3	202.5	-368.2	20.5	
13.1	165.6	-218.2	13.1	
94.3	141.0	-213.2	-14.0	
54.9	170.5	-119.8	-16.4	
35.2	207.4	18.0	15.5	
42.6	177.9	-6.6	30.3	
40.1	69.7	205.0	22.9	
18.0	109.0	89.3	5.7	
8.2	54.9	-139.4	-1.7	
-16.4	20.5	-348.5	-9.1	
-21.4	-92.7	-601.9	-16.4	
22.9	-151.7	-594.5	20.5	
106.6	-114.8	-301.8	8.2	
47.5	-68.1	-351.0	-9.1	
8.2	-31.2	-353.5	3.2	
-18.9	-48.4	-257.5	-11.5	
-31.2	-28.7	136.1	15.5	
-11.5	-23.8	706.8	50.0	
91.8	-28.7	1120.1	45.1	
42.6	-23.8	1090.6	50.0	
18.0	-36.1	844.6	-1.7	
50.0	-21.4	507.5	-48.4	
32.8	10.6	94.3	-36.1	
10.6	8.2	-208.3	-28.7	
20.5	22.9	-419.9	-11.5	
30.3	8.2	-380.5	-1.7	
37.7	3.2	-326.4	-28.7	
54.9	8.2	-250.1	-41.0	
13.1	-1.7	-257.5	-18.9	
-6.6	-9.1	-80.4	-16.4	
8.2	-9.1	69.7	-11.5	
18.0	-4.1	283.7	0.8	
35.2	-9.1	458.3	37.7	
37.7	10.6	438.7	42.6	
35.2	0.8	256.6	37.7	
18.0	27.8	148.4	30.3	
8.2	57.4	-127.1	27.8	
-1.7	27.8	-223.1	42.6	
-18.9	32.8	-235.4	-18.9	
-16.4	45.1	-220.6	-50.9	
-18.9	37.7	-210.8	-50.9	
-9.1	18.0	-186.2	-58.3	
-18.9	-11.5	-6.6	-11.5	
-6.6	-53.3	232.0	20.5	
3.2	-23.8	310.7	25.4	
5.7	-14.0	195.1	13.1	
8.2	-1.7	57.4	3.2	
0.8	18.0	15.5	27.8	
5.7	20.5	0.8	20.5	
27.8	40.1	57.4	-4.1	
50.0	52.4	-23.8	-26.3	
72.1	22.9	-55.8	0.8	
82.0	42.6	-48.4	10.6	
57.4	18.0	-178.8	-21.4	
27.8	18.0	-122.2	-33.7	
-4.1	30.3	-38.6	-28.7	
-50.9	30.3	-90.2	-43.5	
-26.3	67.2	-274.7	-55.8	
-16.4	79.5	-651.1	-41.0	
-16.4	35.2	-784.0	3.2	
-14.0	18.0	-599.5	42.6	
-9.1	3.2	-309.2	72.1	
3.2	27.8	-188.6	128.7	
15.5	18.0	-80.4	158.2	
27.8	20.5	180.4	54.9	
18.0	25.4	458.3	27.8	
27.8	32.8	672.4	-9.1	
27.8	40.1	669.9	-1.7	
77.0	30.3	581.3	3.2	
42.6	27.8	807.7	10.6	
22.9	25.4	741.2	35.2	
27.8	5.7	534.6	8.2	
42.6	-18.9	426.4	-31.2	
47.5	-11.5	347.6	-36.1	
50.0	47.5	133.6	8.2	
45.1	67.2	-132.1	3.2	
25.4	89.3	-424.8	0.8	
-4.1	37.7	-491.2	13.1	
-11.5	3.2	-503.5	15.5	
-36.1	18.0	-584.7	-6.6	
-80.4	15.5	-641.3	0.8	
-26.3	25.4	-346.1	13.1	
-18.9	30.3	-92.7	37.7	
-26.3	18.0	-9.1	47.5	
5.7	45.1	54.9	15.5	
30.3	-6.6	54.9	-11.5	
18.0	-11.5	89.3	-33.7	
-1.7	13.1	271.4	-23.8	
-23.8	27.8	283.7	-46.0	
-28.7	5.7	249.2	10.6	
15.5	-18.9	291.1	25.4	
67.2	13.1	313.2	-4.1	
54.9	32.8	239.4	0.8	
35.2	37.7	141.0	3.2	
32.8	20.5	-6.6	-4.1	
47.5	-14.0	-105.0	-4.1	
40.1	-23.8	-87.8	5.7	
54.9	-9.1	-80.4	-21.4	
57.4	35.2	-70.6	-1.7	
25.4	18.0	-102.5	8.2	
8.2	32.8	-144.4	0.8	
-1.7	15.5	-161.6	18.0	
8.2	32.8	-250.1	13.1	
0.8	45.1	-228.0	0.8	
5.7	45.1	-188.6	5.7	
32.8	99.2	-58.3	5.7	
35.2	89.3	3.2	-11.5	
15.5	62.3	-33.7	0.8	
-1.7	27.8	-97.6	27.8	
18.0	13.1	-48.4	8.2	
25.4	15.5	-73.0	-14.0	
0.8	-1.7	-132.1	0.8	
-14.0	-14.0	-306.7	15.5	
-16.4	-6.6	-439.6	35.2	
5.7	13.1	-284.6	13.1	
54.9	40.1	217.3	-31.2	
84.4	8.2	411.6	-14.0	
30.3	30.3	308.3	-26.3	
30.3	22.9	180.4	-31.2	
45.1	22.9	249.2	-28.7	
37.7	18.0	298.4	-16.4	
0.8	25.4	355.0	-4.1	
0.8	18.0	340.3	10.6	
3.2	18.0	251.7	5.7	
0.8	57.4	153.3	20.5	
-11.5	20.5	32.8	42.6	
-16.4	-6.6	62.3	37.7	
10.6	-21.4	148.4	42.6	
22.9	-21.4	22.9	27.8	
22.9	15.5	-124.7	13.1	
0.8	40.1	-240.3	-21.4	
-4.1	15.5	-373.1	-31.2	
20.5	-1.7	-328.9	-14.0	
40.1	-31.2	-432.2	5.7	
27.8	22.9	-363.3	25.4	
3.2	27.8	-173.9	40.1	
-4.1	50.0	10.6	42.6	
0.8	37.7	222.2	30.3	
-21.4	45.1	377.2	-6.6	
-28.7	-4.1	246.8	-68.1	
-6.6	18.0	249.2	-82.9	
-11.5	35.2	264.0	-11.5	
-14.0	77.0	27.8	18.0	
8.2	67.2	-43.5	-4.1	
5.7	20.5	-87.8	-9.1	
32.8	40.1	-161.6	10.6	
18.0	42.6	-228.0	-9.1	
10.6	84.4	-289.5	-28.7	
-16.4	5.7	-260.0	-31.2	
-26.3	-50.9	-6.6	-28.7	
-9.1	-80.4	74.6	-18.9	
-11.5	-112.4	30.3	-11.5	
35.2	-65.6	-129.6	-16.4	
52.4	-60.7	-127.1	13.1	
52.4	-43.5	-9.1	27.8	
47.5	5.7	59.8	10.6	
54.9	13.1	27.8	-1.7	
20.5	35.2	45.1	-1.7	
22.9	32.8	217.3	-11.5	
25.4	37.7	310.7	-18.9	
25.4	35.2	414.1	0.8	
10.6	40.1	404.2	10.6	
10.6	27.8	313.2	22.9	
22.9	32.8	227.1	45.1	
22.9	22.9	175.4	59.8	
8.2	37.7	-395.3	45.1	
10.6	27.8	-643.7	13.1	
5.7	18.0	-506.0	25.4	
40.1	20.5	-331.3	15.5	
42.6	25.4	-235.4	5.7	
27.8	32.8	-154.2	-31.2	
25.4	32.8	47.5	-26.3	
54.9	25.4	165.6	-14.0	
67.2	18.0	207.4	10.6	
47.5	20.5	495.2	18.0	
20.5	32.8	539.5	18.0	
10.6	15.5	318.1	-4.1	
-16.4	27.8	128.7	0.8	
-9.1	32.8	79.5	3.2	
8.2	30.3	37.7	0.8	
30.3	47.5	13.1	8.2	
32.8	64.7	-70.6	20.5	
37.7	20.5	-70.6	42.6	
30.3	3.2	-178.8	22.9	
-9.1	-9.1	-461.7	-4.1	
-43.5	18.0	-533.0	-23.8	
-58.3	25.4	-466.6	-4.1	
-36.1	25.4	-225.5	5.7	
-26.3	3.2	99.2	18.0	
-23.8	-26.3	187.7	18.0	
-26.3	-6.6	158.2	18.0	
37.7	13.1	249.2	10.6	
101.6	15.5	399.3	25.4	
91.8	27.8	359.9	37.7	
47.5	59.8	249.2	37.7	
37.7	59.8	104.1	-1.7	
27.8	77.0	-85.3	-11.5	
13.1	45.1	-260.0	5.7	
10.6	40.1	42.6	3.2	
3.2	62.3	148.4	-18.9	
10.6	10.6	37.7	-43.5	
-6.6	-21.4	54.9	-43.5	
-16.4	-1.7	241.9	-28.7	
13.1	-9.1	217.3	-36.1	
25.4	3.2	5.7	-43.5	
30.3	0.8	-68.1	-46.0	
37.7	10.6	-139.4	-18.9	
18.0	37.7	-200.9	-6.6	
-1.7	54.9	-186.2	15.5	
15.5	42.6	-97.6	35.2	
13.1	22.9	45.1	52.4	
3.2	22.9	153.3	82.0	
10.6	37.7	212.3	111.5	
8.2	32.8	-16.4	91.8	
-14.0	42.6	-264.9	35.2	
-28.7	37.7	-311.6	-38.6	
-11.5	30.3	-240.3	-16.4	
-14.0	37.7	-188.6	8.2	
-23.8	30.3	-85.3	0.8	
54.9	27.8	22.9	-14.0	
35.2	5.7	143.5	-14.0	
30.3	3.2	350.1	-4.1	
42.6	-9.1	347.6	0.8	
35.2	-21.4	281.2	13.1	
32.8	-11.5	185.3	15.5	
3.2	30.3	-63.2	18.0	
-4.1	18.0	-218.2	25.4	
18.0	27.8	-200.9	0.8	
30.3	32.8	-178.8	-14.0	
54.9	69.7	-159.1	-33.7	
40.1	54.9	-250.1	-38.6	
32.8	54.9	-385.4	-21.4	
18.0	30.3	-358.4	-1.7	
15.5	35.2	-166.5	3.2	
5.7	-14.0	-11.5	5.7	
10.6	-26.3	-102.5	0.8	
-9.1	-43.5	-21.4	10.6	
-23.8	30.3	318.1	10.6	
0.8	42.6	778.1	18.0	
15.5	59.8	751.1	32.8	
50.0	94.3	396.8	37.7	
62.3	77.0	74.6	20.5	
57.4	35.2	-4.1	8.2	
50.0	54.9	-77.9	8.2	
57.4	67.2	-77.9	15.5	
27.8	25.4	64.7	18.0	
0.8	5.7	-422.3	13.1	
-53.3	-23.8	-574.9	-4.1	
-68.1	13.1	-727.4	-53.3	
-53.3	15.5	-793.8	-26.3	
-43.5	3.2	-476.5	22.9	
-16.4	25.4	-213.2	30.3	
35.2	25.4	207.4	0.8	
45.1	15.5	721.6	-14.0	
32.8	-6.6	933.1	-14.0	
40.1	-33.7	797.8	-4.1	
18.0	25.4	561.7	-9.1	
30.3	45.1	123.8	10.6	
30.3	42.6	-97.6	8.2	
20.5	20.5	-151.7	0.8	
5.7	15.5	-11.5	-6.6	
-9.1	35.2	234.5	3.2	
22.9	15.5	524.8	13.1	
25.4	3.2	635.5	25.4	
5.7	-41.0	468.2	8.2	
27.8	-23.8	79.5	-9.1	
15.5	8.2	-274.7	-1.7	
35.2	15.5	-412.5	-6.6	
27.8	37.7	-355.9	-1.7	
8.2	30.3	-326.4	3.2	
18.0	18.0	-321.5	-11.5	
15.5	32.8	-282.1	0.8	
27.8	15.5	-63.2	8.2	
42.6	72.1	106.6	15.5	
47.5	84.4	104.1	13.1	
37.7	72.1	-55.8	-9.1	
57.4	22.9	-247.7	-18.9	
32.8	5.7	-292.0	-14.0	
-21.4	-18.9	-314.1	5.7	
-11.5	0.8	-183.7	15.5	
0.8	-11.5	-90.2	18.0	
50.0	-41.0	-269.8	13.1	
47.5	-16.4	-255.1	18.0	
20.5	25.4	-292.0	0.8	
18.0	59.8	-149.3	-23.8	
3.2	52.4	-122.2	-26.3	
5.7	25.4	-205.9	-9.1	
32.8	-1.7	59.8	-28.7	
32.8	18.0	325.5	-70.6	
0.8	18.0	433.7	-26.3	
-16.4	-33.7	414.1	-1.7	
8.2	-6.6	475.6	40.1	
10.6	-21.4	470.6	82.0	
-9.1	-9.1	537.1	84.4	
-4.1	15.5	537.1	77.0	
-14.0	37.7	426.4	27.8	
-1.7	91.8	89.3	-11.5	
-4.1	91.8	-257.5	-33.7	
-14.0	67.2	-210.8	-14.0	
-4.1	54.9	-196.0	25.4	
-4.1	30.3	-156.7	40.1	
8.2	18.0	-218.2	15.5	
22.9	10.6	-225.5	-9.1	
59.8	-1.7	-124.7	-6.6	
74.6	20.5	-4.1	-4.1	
67.2	-1.7	175.4	3.2	
50.0	-1.7	79.5	15.5	
27.8	15.5	-50.9	10.6	
30.3	13.1	-6.6	8.2	
30.3	27.8	10.6	-1.7	
22.9	13.1	64.7	27.8	
13.1	0.8	195.1	64.7	
15.5	-26.3	96.7	59.8	
22.9	15.5	-218.2	69.7	
0.8	18.0	-262.4	30.3	
-1.7	22.9	-70.6	-31.2	
15.5	22.9	-87.8	-53.3	
3.2	50.0	-102.5	-11.5	
-11.5	42.6	-127.1	40.1	
13.1	50.0	32.8	37.7	
-1.7	37.7	217.3	10.6	
0.8	42.6	86.9	-33.7	
10.6	25.4	13.1	-26.3	
-31.2	-6.6	-73.0	-23.8	
-46.0	20.5	-114.8	-28.7	
-28.7	35.2	-92.7	-14.0	
-33.7	35.2	-85.3	10.6	
-23.8	54.9	-220.6	5.7	
13.1	18.0	-365.8	0.8	
25.4	-16.4	-267.4	-4.1	
22.9	-65.6	-346.1	-33.7	
59.8	-31.2	-410.0	-38.6	
47.5	-23.8	-464.2	-23.8	
37.7	13.1	-378.1	22.9	
18.0	30.3	-127.1	30.3	
10.6	15.5	-23.8	32.8	
0.8	54.9	394.4	25.4	
3.2	35.2	694.5	35.2	
5.7	0.8	1021.7	0.8	
20.5	8.2	1107.8	-11.5	
13.1	13.1	918.4	-16.4	
-11.5	8.2	714.2	-46.0	
3.2	15.5	337.8	-33.7	
0.8	27.8	153.3	-26.3	
8.2	42.6	-31.2	0.8	
52.4	37.7	-230.5	91.8	
62.3	45.1	-205.9	99.2	
62.3	42.6	-95.2	40.1	
35.2	37.7	-41.0	50.0	
22.9	47.5	27.8	30.3	
25.4	64.7	59.8	-33.7	
32.8	37.7	-68.1	-53.3	
37.7	37.7	-215.7	-58.3	
50.0	64.7	-375.6	-33.7	
13.1	59.8	-680.6	3.2	
18.0	18.0	-513.4	20.5	
18.0	45.1	-228.0	52.4	
5.7	45.1	-235.4	45.1	
8.2	-6.6	-137.0	13.1	
-4.1	-36.1	-134.5	-4.1	
-11.5	-23.8	15.5	22.9	
-9.1	-26.3	136.1	27.8	
-11.5	-21.4	271.4	-1.7	
-16.4	-9.1	54.9	-6.6	
-18.9	18.0	-28.7	-36.1	
-9.1	22.9	-18.9	-60.7	
0.8	-14.0	148.4	-33.7	
45.1	-38.6	389.5	-14.0	
67.2	5.7	153.3	-4.1	
22.9	42.6	-230.5	8.2	
0.8	35.2	-417.4	8.2	
0.8	13.1	-508.4	30.3	
5.7	-11.5	-255.1	62.3	
13.1	20.5	-53.3	64.7	
3.2	13.1	177.9	5.7	
-6.6	5.7	468.2	-23.8	
-9.1	27.8	578.9	5.7	
32.8	52.4	519.8	35.2	
79.5	52.4	337.8	3.2	
57.4	45.1	-11.5	-16.4	
42.6	40.1	-232.9	-38.6	
22.9	45.1	-299.3	-38.6	
32.8	8.2	-434.6	-11.5	
10.6	18.0	-446.9	-26.3	
-21.4	47.5	-395.3	-55.8	
-46.0	47.5	-132.1	-73.0	
-46.0	-26.3	121.3	-46.0	
-16.4	-14.0	264.0	8.2	
10.6	8.2	357.5	15.5	
18.0	5.7	286.1	13.1	
62.3	-6.6	214.8	5.7	
59.8	-46.0	67.2	0.8	
45.1	-75.5	197.6	25.4	
37.7	-63.2	315.7	42.6	
27.8	-58.3	239.4	52.4	
22.9	-14.0	163.1	18.0	
20.5	37.7	202.5	-36.1	
35.2	59.8	288.6	-50.9	
35.2	79.5	455.9	-43.5	
32.8	62.3	342.7	-4.1	
40.1	72.1	54.9	47.5	
35.2	67.2	-134.5	15.5	
40.1	42.6	-146.8	-6.6	
57.4	25.4	-336.2	30.3	
50.0	59.8	-405.1	62.3	
52.4	72.1	-363.3	136.1	
22.9	52.4	-471.5	150.8	
27.8	13.1	-515.8	89.3	
3.2	-11.5	-461.7	8.2	
-55.8	3.2	-419.9	-18.9	
-58.3	20.5	-496.1	-26.3	
-48.4	18.0	-523.2	-46.0	
-46.0	0.8	-301.8	-48.4	
3.2	15.5	-264.9	-50.9	
-28.7	42.6	-102.5	-23.8	
-9.1	-18.9	42.6	-6.6	
-11.5	-33.7	261.5	-14.0	
5.7	-43.5	411.6	-23.8	
15.5	-11.5	468.2	-77.9	
10.6	-14.0	318.1	-92.7	
5.7	-23.8	436.2	-82.9	
20.5	-26.3	605.9	-107.5	
18.0	18.0	773.2	-53.3	
22.9	22.9	694.5	-21.4	
30.3	42.6	443.6	40.1	
27.8	18.0	5.7	25.4	
40.1	20.5	-200.9	67.2	
30.3	22.9	-235.4	82.0	
20.5	45.1	-102.5	113.9	
32.8	42.6	30.3	168.1	
30.3	30.3	13.1	170.5	
57.4	35.2	-63.2	86.9	
45.1	20.5	-109.9	74.6	
47.5	40.1	-196.0	27.8	
32.8	47.5	-151.7	-23.8	
13.1	57.4	-196.0	-28.7	
8.2	8.2	-351.0	-41.0	
-9.1	18.0	-434.6	-9.1	
-11.5	40.1	-311.6	-6.6	
-4.1	-18.9	-299.3	-9.1	
-16.4	-11.5	-223.1	-6.6	
-11.5	27.8	-186.2	-26.3	
-4.1	64.7	-191.1	-48.4	
-4.1	45.1	-294.4	-82.9	
3.2	18.0	-141.9	-60.7	
3.2	0.8	411.6	-36.1	
15.5	15.5	893.8	-16.4	
15.5	52.4	1073.3	3.2	
20.5	5.7	950.3	45.1	
25.4	-38.6	566.6	45.1	
37.7	-33.7	283.7	62.3	
42.6	3.2	82.0	59.8	
45.1	15.5	-225.5	27.8	
15.5	22.9	-439.6	59.8	
18.0	13.1	-520.7	15.5	
3.2	30.3	-552.7	-43.5	
-4.1	50.0	-309.2	-36.1	
18.0	20.5	-9.1	-28.7	
40.1	15.5	-70.6	-48.4	
25.4	27.8	-193.6	-55.8	
27.8	18.0	-277.2	-58.3	
20.5	0.8	-127.1	-36.1	
20.5	-1.7	10.6	-28.7	
-14.0	-9.1	104.1	-4.1	
-9.1	5.7	-58.3	37.7	
15.5	25.4	30.3	18.0	
8.2	54.9	249.2	-9.1	
13.1	91.8	419.0	-53.3	
50.0	84.4	453.4	-73.0	
35.2	72.1	175.4	-70.6	
13.1	32.8	45.1	-70.6	
5.7	45.1	18.0	-60.7	
-16.4	69.7	-9.1	-21.4	
13.1	5.7	69.7	18.0	
8.2	-38.6	175.4	84.4	
5.7	-53.3	160.7	136.1	
8.2	-43.5	99.2	45.1	
5.7	-28.7	-4.1	27.8	
-16.4	-68.1	27.8	3.2	
-4.1	-46.0	3.2	-1.7	
3.2	-23.8	-252.6	54.9	
5.7	20.5	-186.2	30.3	
15.5	50.0	-149.3	22.9	
13.1	25.4	-173.9	8.2	
-18.9	50.0	-23.8	-14.0	
-11.5	77.0	251.7	-9.1	
-1.7	25.4	249.2	-4.1	
-55.8	0.8	64.7	47.5	
22.9	32.8	-100.1	30.3	
54.9	57.4	-198.5	-55.8	
111.5	22.9	-178.8	-73.0	
77.0	35.2	-269.8	-58.3	
54.9	18.0	-346.1	-1.7	
64.7	-6.6	-407.6	52.4	
40.1	5.7	-498.6	59.8	
47.5	37.7	-383.0	79.5	
30.3	45.1	-164.0	64.7	
8.2	42.6	-85.3	47.5	
-14.0	27.8	82.0	-11.5	
-1.7	25.4	387.0	-31.2	
0.8	5.7	647.8	-28.7	
-1.7	18.0	807.7	-28.7	
-6.6	-21.4	650.2	25.4	
-6.6	-55.8	389.5	94.3	
-21.4	-14.0	278.8	54.9	
-14.0	-4.1	281.2	-9.1	
-1.7	10.6	197.6	-4.1	
10.6	-6.6	27.8	-1.7	
13.1	10.6	-245.2	0.8	
15.5	32.8	-446.9	22.9	
30.3	52.4	-363.3	22.9	
37.7	94.3	-237.8	8.2	
35.2	96.7	-269.8	-41.0	
40.1	47.5	-210.8	-68.1	
50.0	0.8	-55.8	-55.8	
30.3	-6.6	138.5	-65.6	
18.0	0.8	244.3	-92.7	
37.7	5.7	246.8	-95.2	
45.1	32.8	138.5	-87.8	
42.6	-23.8	-119.8	-68.1	
35.2	-18.9	-274.7	-18.9	
30.3	-28.7	-390.4	27.8	
27.8	-4.1	-565.0	96.7	
5.7	13.1	-692.9	106.6	
10.6	0.8	-658.5	27.8	
-9.1	54.9	-631.4	5.7	
0.8	94.3	-250.1	10.6	
18.0	91.8	256.6	-6.6	
18.0	69.7	556.7	-21.4	
-11.5	30.3	662.5	0.8	
-14.0	8.2	753.5	35.2	
-1.7	-4.1	763.4	69.7	
0.8	-18.9	699.4	69.7	
8.2	-16.4	529.7	45.1	
20.5	-55.8	138.5	0.8	
15.5	-46.0	-328.9	-11.5	
30.3	-1.7	-363.3	15.5	
25.4	5.7	-164.0	47.5	
40.1	25.4	-151.7	13.1	
40.1	37.7	-169.0	-31.2	
32.8	42.6	-28.7	-80.4	
15.5	5.7	217.3	-95.2	
15.5	13.1	458.3	-92.7	
18.0	20.5	660.1	-90.2	
15.5	-4.1	581.3	-107.5	
13.1	5.7	502.6	-87.8	
3.2	37.7	362.4	-58.3	
0.8	50.0	77.0	-33.7	
-6.6	3.2	-87.8	27.8	
45.1	10.6	-114.8	37.7	
40.1	47.5	-134.5	32.8	
52.4	47.5	-127.1	50.0	
32.8	50.0	-36.1	74.6	
10.6	25.4	-191.1	30.3	
35.2	25.4	-390.4	5.7	
32.8	25.4	-498.6	25.4	
15.5	25.4	-584.7	32.8	
8.2	0.8	-587.2	20.5	
18.0	20.5	-560.1	10.6	
22.9	37.7	-397.7	64.7	
25.4	72.1	-90.2	111.5	
-9.1	47.5	141.0	86.9	
-48.4	54.9	200.0	67.2	
-21.4	50.0	173.0	25.4	
-23.8	27.8	22.9	8.2	
15.5	32.8	20.5	-11.5	
59.8	45.1	-124.7	-36.1	
35.2	10.6	-257.5	-16.4	
32.8	47.5	-439.6	-18.9	
45.1	64.7	-520.7	-14.0	
13.1	13.1	-661.0	-21.4	
-16.4	-11.5	-196.0	-11.5	
-21.4	-68.1	89.3	-23.8	
18.0	-46.0	209.9	-50.9	
22.9	0.8	335.3	-75.5	
20.5	-31.2	719.1	-139.4	
-1.7	-109.9	1011.8	-203.4	
0.8	-134.5	1066.0	-164.0	
15.5	-85.3	1070.9	-117.3	
30.3	18.0	933.1	-82.9	
22.9	62.3	603.5	-55.8	
25.4	96.7	259.1	89.3	
25.4	74.6	-90.2	244.3	
35.2	47.5	-370.7	283.7	
25.4	20.5	-476.5	187.7	
18.0	52.4	-530.6	5.7	
25.4	67.2	-577.3	-75.5	
30.3	89.3	-427.3	-68.1	
47.5	116.4	-311.6	-48.4	
15.5	84.4	-95.2	20.5	
-11.5	-14.0	101.6	45.1	
0.8	-60.7	158.2	37.7	
0.8	-85.3	266.5	42.6	
-14.0	-92.7	246.8	35.2	
-11.5	-122.2	121.3	0.8	
-9.1	-38.6	30.3	-60.7	
-21.4	40.1	-41.0	-146.8	
-18.9	67.2	-33.7	-144.4	
0.8	22.9	-97.6	-107.5	
5.7	-46.0	-242.8	-58.3	
-16.4	-68.1	-296.9	-6.6	
-9.1	-85.3	-292.0	62.3	
-9.1	-107.5	-255.1	86.9	
8.2	-107.5	-193.6	79.5	
32.8	-50.9	-210.8	35.2	
30.3	-41.0	-319.0	-11.5	
18.0	-9.1	-439.6	-11.5	
30.3	8.2	-358.4	52.4	
25.4	40.1	-124.7	57.4	
25.4	35.2	200.0	40.1	
32.8	0.8	455.9	67.2	
35.2	131.2	608.4	64.7	
27.8	111.5	507.5	86.9	
20.5	89.3	394.4	35.2	
18.0	72.1	246.8	37.7	
30.3	40.1	79.5	57.4	
20.5	64.7	37.7	45.1	
22.9	86.9	192.7	57.4	
27.8	121.3	190.2	27.8	
25.4	121.3	-18.9	5.7	
22.9	138.5	-169.0	-21.4	
32.8	101.6	-205.9	-46.0	
27.8	96.7	-306.7	-46.0	
27.8	91.8	-385.4	-4.1	
32.8	99.2	-363.3	-16.4	
35.2	89.3	-225.5	-18.9	
27.8	96.7	-55.8	-23.8	
37.7	101.6	153.3	-41.0	
18.0	84.4	328.0	-55.8	
13.1	82.0	539.5	-60.7	
20.5	64.7	630.5	-73.0	
45.1	27.8	372.2	-70.6	
25.4	0.8	40.1	-36.1	
15.5	-4.1	-166.5	-38.6	
15.5	5.7	-80.4	-26.3	
5.7	-18.9	20.5	-21.4	
-1.7	-11.5	133.6	3.2	
-33.7	-28.7	118.9	59.8	
-21.4	-38.6	259.1	22.9	
-9.1	-68.1	219.7	-33.7	
0.8	-33.7	128.7	-73.0	
-14.0	-46.0	-77.9	-119.8	
79.5	-31.2	-284.6	-92.7	
30.3	-4.1	-400.2	-68.1	
13.1	13.1	-538.0	-38.6	
37.7	5.7	-483.8	177.9	
45.1	3.2	-287.0	283.7	
50.0	-16.4	-159.1	249.2	
52.4	-31.2	-77.9	170.5	
32.8	-46.0	-82.9	50.0	
25.4	18.0	-21.4	-26.3	
18.0	-26.3	77.0	-70.6	
20.5	-36.1	214.8	-41.0	
5.7	74.6	328.0	-23.8	
-11.5	123.8	328.0	-6.6	
-14.0	57.4	236.9	-1.7	
-11.5	20.5	123.8	-36.1	
3.2	25.4	-1.7	-60.7	
5.7	22.9	-68.1	-38.6	
0.8	25.4	-124.7	-26.3	
5.7	-9.1	-92.7	15.5	
-1.7	-1.7	-55.8	72.1	
5.7	13.1	72.1	96.7	
25.4	25.4	109.0	99.2	
20.5	37.7	160.7	52.4	
3.2	20.5	-23.8	3.2	
22.9	-9.1	-58.3	8.2	
37.7	-4.1	-28.7	5.7	
35.2	-16.4	42.6	-50.9	
20.5	-53.3	148.4	-73.0	
20.5	-65.6	59.8	-90.2	
13.1	-33.7	-85.3	-105.0	
3.2	0.8	-53.3	-80.4	
-4.1	13.1	13.1	-23.8	
8.2	13.1	59.8	42.6	
25.4	27.8	116.4	40.1	
20.5	20.5	111.5	64.7	
8.2	69.7	126.2	57.4	
13.1	67.2	86.9	15.5	
22.9	27.8	47.5	-31.2	
18.0	-33.7	-107.5	-58.3	
13.1	-53.3	-154.2	-63.2	
37.7	-36.1	-48.4	-38.6	
52.4	-9.1	32.8	-28.7	
25.4	25.4	-1.7	-14.0	
22.9	27.8	-95.2	-1.7	
-6.6	18.0	-87.8	-53.3	
10.6	22.9	-63.2	-60.7	
15.5	37.7	-28.7	10.6	
15.5	20.5	-38.6	40.1	
0.8	10.6	-50.9	47.5	
3.2	27.8	-33.7	42.6	
10.6	8.2	0.8	10.6	
22.9	-6.6	42.6	42.6	
25.4	-9.1	155.8	62.3	
27.8	5.7	187.7	8.2	
15.5	13.1	180.4	54.9	
25.4	27.8	72.1	8.2	
27.8	13.1	27.8	-68.1	
30.3	-4.1	-9.1	-105.0	
32.8	-1.7	-127.1	-122.2	
18.0	10.6	-412.5	-134.5	
27.8	8.2	-535.5	-129.6	
30.3	45.1	-469.1	-114.8	
25.4	40.1	-370.7	-48.4	
20.5	-6.6	-215.7	40.1	
20.5	-63.2	-53.3	18.0	
0.8	0.8	205.0	13.1	
13.1	30.3	460.8	47.5	
27.8	30.3	583.8	165.6	
3.2	37.7	428.8	131.2	
0.8	30.3	271.4	82.0	
-1.7	-21.4	150.8	-63.2	
-4.1	-38.6	109.0	-134.5	
20.5	13.1	69.7	-36.1	
32.8	-9.1	123.8	25.4	
20.5	30.3	128.7	104.1	
0.8	74.6	50.0	266.5	
15.5	40.1	45.1	222.2	
0.8	72.1	-82.9	42.6	
3.2	25.4	-141.9	-68.1	
20.5	5.7	-105.0	-60.7	
32.8	-14.0	-149.3	-16.4	
13.1	-9.1	-220.6	-14.0	
8.2	8.2	-218.2	3.2	
25.4	10.6	-137.0	-31.2	
32.8	25.4	-218.2	-48.4	
27.8	32.8	-161.6	-63.2	
22.9	18.0	-11.5	-90.2	
5.7	0.8	150.8	-92.7	
-1.7	25.4	175.4	-114.8	
0.8	40.1	54.9	-80.4	
-1.7	37.7	-129.6	-38.6	
8.2	42.6	-117.3	-48.4	
10.6	47.5	-156.7	-9.1	
3.2	15.5	-127.1	10.6	
5.7	-31.2	-1.7	96.7	
8.2	-21.4	126.2	175.4	
10.6	-33.7	273.8	232.0	
8.2	-14.0	362.4	170.5	
10.6	-16.4	377.2	22.9	
10.6	-9.1	271.4	-70.6	
13.1	40.1	229.6	-107.5	
20.5	99.2	207.4	-92.7	
22.9	67.2	212.3	-60.7	
20.5	-6.6	153.3	-53.3	
13.1	-82.9	77.0	30.3	
35.2	-36.1	-55.8	104.1	
27.8	18.0	-213.2	109.0	
22.9	0.8	-348.5	69.7	
27.8	-18.9	-333.8	-43.5	
35.2	3.2	-282.1	-144.4	
35.2	-9.1	-260.0	-205.9	
45.1	37.7	-156.7	-188.6	
37.7	62.3	121.3	-134.5	
40.1	25.4	224.6	-70.6	
18.0	-4.1	229.6	45.1	
22.9	-4.1	239.4	185.3	
15.5	30.3	111.5	276.3	
10.6	30.3	15.5	293.5	
13.1	42.6	-97.6	315.7	
13.1	47.5	-119.8	192.7	
10.6	40.1	-156.7	27.8	
15.5	8.2	-176.3	-1.7	
27.8	-26.3	-107.5	8.2	
22.9	-31.2	-53.3	18.0	
15.5	-26.3	30.3	59.8	
8.2	5.7	74.6	59.8	
3.2	-36.1	113.9	52.4	
-9.1	-41.0	153.3	18.0	
-14.0	-41.0	138.5	-46.0	
-16.4	20.5	69.7	-75.5	
5.7	62.3	-31.2	-80.4	
13.1	22.9	-46.0	-95.2	
18.0	27.8	-65.6	-80.4	
18.0	52.4	-63.2	-50.9	
15.5	40.1	-68.1	-4.1	
18.0	35.2	-75.5	62.3	
3.2	-6.6	-77.9	-11.5	
8.2	-9.1	-90.2	-31.2	
-9.1	-4.1	-117.3	45.1	
15.5	15.5	-171.4	89.3	
13.1	15.5	-151.7	18.0	
3.2	10.6	-92.7	77.0	
8.2	-11.5	118.9	96.7	
10.6	-16.4	337.8	106.6	
15.5	-31.2	325.5	82.0	
25.4	-16.4	205.0	-28.7	
20.5	8.2	158.2	-105.0	
27.8	32.8	160.7	-151.7	
20.5	18.0	77.0	-183.7	
42.6	30.3	-21.4	-141.9	
30.3	-4.1	-132.1	-70.6	
13.1	-50.9	-235.4	-6.6	
10.6	-31.2	-232.9	-63.2	
-1.7	-33.7	-272.3	-36.1	
-1.7	-23.8	-284.6	8.2	
-1.7	20.5	-264.9	20.5	
3.2	40.1	-225.5	77.0	
8.2	42.6	-186.2	158.2	
-1.7	69.7	-85.3	195.1	
0.8	91.8	155.8	138.5	
-6.6	116.4	219.7	62.3	
-14.0	62.3	268.9	37.7	
-9.1	-50.9	364.9	69.7	
20.5	-58.3	325.5	57.4	
32.8	-53.3	278.8	20.5	
45.1	-36.1	325.5	-41.0	
35.2	15.5	389.5	22.9	
27.8	35.2	414.1	45.1	
25.4	3.2	332.9	77.0	
20.5	-14.0	145.9	-33.7	
22.9	-14.0	3.2	-114.8	
45.1	32.8	-151.7	-159.1	
25.4	40.1	-264.9	-107.5	
27.8	109.0	-269.8	-36.1	
18.0	77.0	-223.1	-50.9	
25.4	40.1	-198.5	62.3	
13.1	32.8	-252.6	84.4	
22.9	27.8	-316.6	82.0	
22.9	15.5	-400.2	101.6	
25.4	5.7	-333.8	91.8	
20.5	-50.9	-346.1	52.4	
25.4	-46.0	-368.2	-43.5	
22.9	-28.7	-264.9	-53.3	
25.4	0.8	-119.8	-63.2	
30.3	20.5	45.1	-38.6	
22.9	5.7	109.0	-23.8	
15.5	5.7	131.2	-60.7	
3.2	25.4	236.9	-80.4	
5.7	37.7	197.6	-77.9	
5.7	54.9	59.8	-90.2	
10.6	35.2	54.9	-70.6	
5.7	3.2	82.0	-23.8	
-6.6	3.2	123.8	5.7	
0.8	13.1	177.9	8.2	
3.2	-9.1	259.1	-63.2	
20.5	8.2	345.2	-80.4	
13.1	0.8	389.5	-38.6	
18.0	-6.6	323.0	-92.7	
10.6	-21.4	278.8	-139.4	
8.2	-14.0	236.9	-146.8	
22.9	25.4	25.4	-26.3	
18.0	25.4	-141.9	133.6	
13.1	13.1	-262.4	207.4	
18.0	-4.1	-309.2	190.2	
20.5	13.1	-314.1	116.4	
22.9	62.3	-284.6	106.6	
8.2	45.1	-213.2	86.9	
8.2	42.6	-173.9	-11.5	
10.6	45.1	-166.5	-58.3	
-1.7	8.2	-223.1	-85.3	
22.9	27.8	-279.7	-80.4	
32.8	40.1	-235.4	-55.8	
27.8	10.6	-161.6	62.3	
15.5	27.8	-132.1	72.1	
13.1	22.9	-73.0	20.5	
0.8	-9.1	-132.1	10.6	
5.7	15.5	-144.4	-60.7	
20.5	25.4	-53.3	-43.5	
13.1	18.0	27.8	-60.7	
15.5	-36.1	143.5	5.7	
13.1	-6.6	298.4	59.8	
10.6	5.7	411.6	35.2	
10.6	18.0	478.0	67.2	
27.8	27.8	372.2	40.1	
8.2	-6.6	168.1	10.6	
0.8	-33.7	143.5	0.8	
8.2	-16.4	276.3	-9.1	
-1.7	-26.3	332.9	22.9	
8.2	13.1	187.7	27.8	
18.0	22.9	-14.0	22.9	
25.4	10.6	-102.5	-21.4	
15.5	18.0	-166.5	-33.7	
27.8	-1.7	-200.9	-41.0	
32.8	10.6	-188.6	-38.6	
20.5	22.9	-132.1	-87.8	
22.9	32.8	-80.4	-46.0	
32.8	20.5	-92.7	-18.9	
35.2	22.9	-114.8	-70.6	
35.2	22.9	-176.3	15.5	
27.8	27.8	-186.2	62.3	
13.1	40.1	-176.3	131.2	
5.7	25.4	-181.3	62.3	
5.7	25.4	-137.0	37.7	
13.1	13.1	-119.8	27.8	
30.3	-6.6	-80.4	45.1	
25.4	20.5	-55.8	47.5	
30.3	42.6	-4.1	40.1	
25.4	30.3	50.0	64.7	
3.2	35.2	89.3	10.6	
3.2	45.1	200.0	-18.9	
8.2	77.0	323.0	-31.2	
27.8	82.0	325.5	13.1	
30.3	52.4	276.3	104.1	
35.2	54.9	155.8	40.1	
15.5	64.7	69.7	3.2	
22.9	-14.0	27.8	5.7	
13.1	-46.0	-73.0	-68.1	
5.7	-70.6	-97.6	-60.7	
-14.0	-26.3	-53.3	-55.8	
-18.9	37.7	-46.0	-23.8	
0.8	-4.1	-77.9	-6.6	
18.0	-1.7	-92.7	-28.7	
25.4	-11.5	-176.3	-33.7	
35.2	-41.0	-193.6	-4.1	
22.9	-46.0	-31.2	32.8	
40.1	-6.6	74.6	57.4	
18.0	-1.7	96.7	37.7	
32.8	-23.8	84.4	148.4	
22.9	22.9	0.8	72.1	
20.5	109.0	-80.4	-9.1	
10.6	96.7	-166.5	-43.5	
13.1	30.3	-112.4	-68.1	
18.0	40.1	20.5	-48.4	
20.5	30.3	187.7	-102.5	
22.9	32.8	192.7	-23.8	
30.3	30.3	111.5	-9.1	
32.8	30.3	37.7	-9.1	
22.9	-1.7	-55.8	-1.7	
27.8	3.2	-109.9	13.1	
22.9	22.9	-117.3	30.3	
32.8	22.9	-82.9	37.7	
20.5	15.5	-33.7	40.1	
27.8	15.5	-11.5	54.9	
27.8	32.8	3.2	13.1	
25.4	22.9	20.5	8.2	
25.4	-14.0	32.8	-65.6	
30.3	-26.3	13.1	-87.8	
30.3	0.8	30.3	-1.7	
27.8	-9.1	86.9	54.9	
10.6	32.8	84.4	168.1	
15.5	45.1	-26.3	150.8	
20.5	-26.3	-46.0	67.2	
13.1	27.8	-48.4	-1.7	
15.5	54.9	-73.0	-43.5	
18.0	27.8	-60.7	-36.1	
22.9	22.9	-28.7	50.0	
22.9	42.6	5.7	160.7	
15.5	47.5	84.4	116.4	
22.9	62.3	67.2	86.9	
22.9	-1.7	37.7	18.0	
22.9	-46.0	50.0	-75.5	
20.5	15.5	109.0	-46.0	
25.4	32.8	126.2	-18.9	
20.5	45.1	145.9	-6.6	
20.5	45.1	86.9	-21.4	
32.8	-4.1	-6.6	10.6	
32.8	-14.0	-112.4	37.7	
32.8	-9.1	-82.9	0.8	
27.8	0.8	-33.7	-33.7	
18.0	47.5	-43.5	-9.1	
20.5	50.0	-21.4	22.9	
3.2	5.7	-9.1	22.9	
5.7	-36.1	40.1	0.8	
8.2	-23.8	109.0	20.5	
5.7	37.7	155.8	-6.6	
10.6	45.1	234.5	20.5	
18.0	13.1	185.3	52.4	
32.8	-9.1	84.4	37.7	
22.9	-31.2	-1.7	74.6	
32.8	-9.1	-11.5	67.2	
27.8	-14.0	-18.9	18.0	
25.4	-14.0	8.2	-26.3	
22.9	3.2	8.2	-4.1	
8.2	32.8	32.8	-16.4	
20.5	59.8	50.0	-50.9	
20.5	47.5	106.6	-80.4	
25.4	45.1	148.4	-50.9	
30.3	67.2	205.0	-6.6	
20.5	42.6	111.5	-14.0	
22.9	27.8	3.2	-18.9	
20.5	13.1	-82.9	-23.8	
18.0	-23.8	-90.2	-11.5	
15.5	-48.4	-43.5	5.7	
20.5	-97.6	-9.1	-33.7	
15.5	-53.3	-36.1	-4.1	
25.4	0.8	-33.7	13.1	
5.7	5.7	-87.8	32.8	
20.5	5.7	-63.2	15.5	
25.4	72.1	10.6	-1.7	
15.5	59.8	20.5	-41.0	
20.5	37.7	74.6	50.0	
20.5	30.3	79.5	207.4	
15.5	40.1	89.3	143.5	
15.5	57.4	8.2	133.6	
22.9	82.0	-11.5	74.6	
20.5	64.7	15.5	-28.7	
35.2	37.7	30.3	-48.4	
30.3	-16.4	47.5	-16.4	
22.9	-50.9	13.1	-23.8	
37.7	-9.1	5.7	-82.9	
35.2	-9.1	32.8	-50.9	
27.8	-14.0	22.9	-53.3	
32.8	0.8	27.8	-119.8	
15.5	15.5	54.9	-149.3	
13.1	15.5	22.9	-151.7	
8.2	22.9	37.7	-173.9	
3.2	54.9	-53.3	-156.7	
15.5	45.1	-80.4	-36.1	
18.0	22.9	-82.9	266.5	
30.3	30.3	-65.6	229.6	
27.8	18.0	-23.8	109.0	
15.5	18.0	22.9	123.8	
13.1	18.0	40.1	74.6	
13.1	37.7	94.3	74.6	
15.5	50.0	74.6	32.8	
10.6	27.8	69.7	-18.9	
-11.5	15.5	57.4	-77.9	
0.8	25.4	42.6	-58.3	
10.6	35.2	104.1	0.8	
10.6	37.7	59.8	-4.1	
20.5	10.6	54.9	50.0	
35.2	-18.9	3.2	104.1	
47.5	-43.5	8.2	-1.7	
35.2	-48.4	5.7	-63.2	
22.9	-48.4	-63.2	0.8	
22.9	8.2	-68.1	64.7	
25.4	99.2	-31.2	82.0	
27.8	37.7	-50.9	25.4	
22.9	30.3	-65.6	-26.3	
10.6	40.1	-63.2	-129.6	
10.6	-16.4	-41.0	22.9	
20.5	-26.3	-43.5	35.2	
22.9	-18.9	20.5	32.8	
25.4	3.2	79.5	64.7	
32.8	22.9	89.3	72.1	
45.1	67.2	67.2	35.2	
25.4	40.1	27.8	-4.1	
25.4	-6.6	54.9	3.2	
22.9	-21.4	62.3	-16.4	
22.9	-1.7	94.3	-129.6	
30.3	42.6	96.7	27.8	
32.8	57.4	20.5	101.6	
18.0	54.9	-26.3	-1.7	
30.3	82.0	59.8	-43.5	
27.8	74.6	145.9	-21.4	
13.1	42.6	187.7	-9.1	
30.3	8.2	251.7	5.7	
32.8	-68.1	121.3	45.1	
25.4	-55.8	-70.6	32.8	
18.0	-1.7	-100.1	-112.4	
22.9	25.4	-100.1	-176.3	
15.5	22.9	-18.9	-186.2	
13.1	8.2	-16.4	-203.4	
8.2	3.2	-63.2	-203.4	
0.8	27.8	-55.8	-46.0	
22.9	35.2	-53.3	148.4	
20.5	15.5	-46.0	283.7	
35.2	-4.1	27.8	332.9	
18.0	-16.4	42.6	261.5	
20.5	3.2	-33.7	177.9	
15.5	15.5	-119.8	86.9	
18.0	-14.0	-122.2	47.5	
8.2	-4.1	-65.6	10.6	
22.9	-1.7	-21.4	-55.8	
5.7	32.8	-14.0	-112.4	
22.9	47.5	3.2	-63.2	
20.5	40.1	10.6	-43.5	
30.3	35.2	32.8	-33.7	
18.0	35.2	106.6	-46.0	
15.5	40.1	94.3	104.1	
15.5	15.5	57.4	133.6	
18.0	27.8	-4.1	30.3	
30.3	25.4	-4.1	27.8	
5.7	-11.5	-1.7	40.1	
20.5	45.1	30.3	32.8	
25.4	89.3	-1.7	10.6	
32.8	25.4	-60.7	-11.5	
15.5	15.5	-60.7	10.6	
20.5	30.3	-9.1	0.8	
22.9	35.2	-31.2	-14.0	
25.4	27.8	-36.1	-9.1	
15.5	-26.3	-73.0	3.2	
25.4	-16.4	-58.3	-31.2	
5.7	8.2	20.5	0.8	
-1.7	-6.6	62.3	3.2	
-11.5	77.0	89.3	-6.6	
-1.7	74.6	116.4	-18.9	
20.5	52.4	160.7	42.6	
18.0	-11.5	111.5	32.8	
22.9	-11.5	121.3	-11.5	
20.5	-9.1	104.1	-48.4	
13.1	-112.4	37.7	-28.7	
8.2	-87.8	-31.2	-48.4	
-4.1	-36.1	-48.4	-46.0	
3.2	22.9	-63.2	-11.5	
10.6	30.3	-75.5	45.1	
0.8	35.2	-46.0	-38.6	
-6.6	52.4	-43.5	-36.1	
-1.7	22.9	-21.4	40.1	
-11.5	3.2	-14.0	-23.8	
-18.9	35.2	-6.6	-43.5	
8.2	45.1	25.4	-33.7	
8.2	8.2	89.3	-21.4	
25.4	-18.9	136.1	10.6	
13.1	-11.5	67.2	25.4	
8.2	-14.0	3.2	59.8	
13.1	8.2	-46.0	74.6	
30.3	10.6	18.0	42.6	
18.0	18.0	69.7	-31.2	
0.8	37.7	99.2	-33.7	
-4.1	30.3	141.0	10.6	
-16.4	22.9	138.5	10.6	
8.2	47.5	153.3	57.4	
40.1	57.4	59.8	30.3	
35.2	32.8	22.9	40.1	
35.2	13.1	-11.5	40.1	
32.8	-14.0	-6.6	57.4	
35.2	5.7	50.0	18.0	
32.8	15.5	113.9	-73.0	
20.5	30.3	86.9	-70.6	
-1.7	20.5	42.6	42.6	
-4.1	3.2	-23.8	111.5	
20.5	0.8	-55.8	82.0	
5.7	50.0	-77.9	27.8	
-11.5	10.6	-80.4	-1.7	
-21.4	-18.9	-77.9	52.4	
-9.1	8.2	-50.9	35.2	
-16.4	8.2	0.8	47.5	
-1.7	-18.9	-18.9	52.4	
10.6	-9.1	-33.7	42.6	
18.0	-11.5	-46.0	30.3	
30.3	27.8	-43.5	42.6	
35.2	18.0	-38.6	72.1	
22.9	20.5	-46.0	84.4	
8.2	8.2	-16.4	69.7	
5.7	-4.1	20.5	45.1	
15.5	8.2	67.2	40.1	
-4.1	15.5	104.1	-4.1	
-9.1	10.6	148.4	-28.7	
0.8	18.0	168.1	-31.2	
22.9	18.0	155.8	-11.5	
42.6	47.5	74.6	37.7	
35.2	40.1	18.0	32.8	
20.5	40.1	-1.7	8.2	
13.1	32.8	-18.9	42.6	
-4.1	25.4	-48.4	50.0	
-4.1	27.8	-55.8	5.7	
40.1	20.5	-14.0	-50.9	
30.3	37.7	20.5	-63.2	
10.6	86.9	50.0	8.2	
18.0	50.0	40.1	50.0	
18.0	15.5	25.4	145.9	
20.5	25.4	-16.4	106.6	
25.4	52.4	-41.0	64.7	
15.5	67.2	-41.0	20.5	
22.9	67.2	-43.5	-1.7	
20.5	35.2	-50.9	-53.3	
-4.1	-23.8	-53.3	-70.6	
-4.1	-31.2	-33.7	-55.8	
0.8	5.7	-11.5	-43.5	
10.6	52.4	35.2	-1.7	
15.5	35.2	59.8	-46.0	
13.1	-31.2	54.9	-36.1	
0.8	-41.0	37.7	-11.5	
-9.1	-36.1	18.0	-21.4	
15.5	-41.0	-26.3	74.6	
15.5	-16.4	-127.1	77.0	
13.1	0.8	-146.8	50.0	
-4.1	-4.1	-87.8	45.1	
40.1	47.5	-46.0	0.8	
32.8	77.0	59.8	-11.5	
22.9	37.7	141.0	-43.5	
30.3	25.4	158.2	-97.6	
22.9	69.7	143.5	-95.2	
30.3	64.7	99.2	-53.3	
27.8	79.5	54.9	50.0	
-6.6	54.9	-4.1	209.9	
3.2	37.7	-31.2	244.3	
5.7	18.0	-21.4	177.9	
-11.5	-18.9	-26.3	45.1	
-28.7	-38.6	-16.4	-53.3	
-4.1	-9.1	0.8	-53.3	
15.5	-4.1	5.7	-33.7	
18.0	25.4	10.6	3.2	
10.6	30.3	20.5	13.1	
59.8	27.8	-4.1	30.3	
69.7	27.8	-26.3	40.1	
50.0	27.8	-21.4	8.2	
35.2	15.5	-6.6	-16.4	
37.7	0.8	-4.1	-9.1	
22.9	25.4	3.2	0.8	
-4.1	10.6	-9.1	18.0	
-18.9	5.7	-14.0	40.1	
-6.6	18.0	10.6	10.6	
-11.5	10.6	10.6	15.5	
-26.3	3.2	15.5	27.8	
-23.8	45.1	22.9	54.9	
-16.4	54.9	35.2	32.8	
-9.1	74.6	54.9	35.2	
-18.9	50.0	72.1	27.8	
-16.4	8.2	116.4	22.9	
-11.5	-9.1	126.2	22.9	
10.6	-48.4	5.7	22.9	
8.2	-11.5	-107.5	52.4	
3.2	57.4	-124.7	77.0	
18.0	30.3	-114.8	0.8	
47.5	8.2	-58.3	-21.4	
30.3	10.6	-26.3	-16.4	
13.1	-18.9	22.9	3.2	
5.7	-18.9	77.0	15.5	
0.8	22.9	138.5	18.0	
-14.0	37.7	160.7	-9.1	
-9.1	37.7	150.8	-16.4	
-4.1	59.8	57.4	-4.1	
30.3	59.8	25.4	0.8	
3.2	32.8	13.1	-31.2	
3.2	-16.4	-18.9	-60.7	
25.4	-18.9	-31.2	-36.1	
25.4	-21.4	-16.4	15.5	
13.1	-41.0	5.7	57.4	
10.6	-53.3	13.1	37.7	
13.1	-31.2	18.0	10.6	
10.6	-38.6	47.5	27.8	
10.6	-36.1	40.1	10.6	
10.6	-38.6	54.9	-50.9	
5.7	-55.8	62.3	-75.5	
20.5	-26.3	64.7	-55.8	
20.5	-28.7	104.1	-50.9	
30.3	-26.3	74.6	15.5	
37.7	-21.4	22.9	-4.1	
45.1	-9.1	13.1	69.7	
47.5	-6.6	-11.5	99.2	
40.1	5.7	-26.3	52.4	
13.1	-1.7	-21.4	10.6	
10.6	45.1	-6.6	18.0	
-1.7	69.7	20.5	45.1	
13.1	57.4	69.7	22.9	
15.5	52.4	101.6	-21.4	
22.9	54.9	96.7	-9.1	
8.2	69.7	45.1	-50.9	
-4.1	67.2	18.0	-43.5	
15.5	116.4	18.0	-11.5	
20.5	89.3	25.4	10.6	
30.3	89.3	27.8	-6.6	
25.4	123.8	27.8	8.2	
22.9	131.2	15.5	0.8	
18.0	101.6	25.4	52.4	
22.9	94.3	27.8	30.3	
27.8	89.3	3.2	-73.0	
42.6	104.1	-1.7	-82.9	
67.2	113.9	-6.6	-100.1	
57.4	113.9	-16.4	-114.8	
50.0	86.9	-36.1	-31.2	
18.0	86.9	-28.7	113.9	
-1.7	86.9	-46.0	126.2	
0.8	118.9	-4.1	173.0	
5.7	113.9	20.5	57.4	
10.6	77.0	54.9	3.2	
13.1	5.7	91.8	-1.7	
3.2	-6.6	82.0	-36.1	
8.2	25.4	82.0	-41.0	
3.2	40.1	74.6	-28.7	
5.7	27.8	25.4	-50.9	
-1.7	-14.0	-9.1	-23.8	
5.7	-9.1	-1.7	-31.2	
-1.7	-28.7	40.1	-31.2	
-18.9	-14.0	42.6	-31.2	
-11.5	18.0	20.5	-9.1	
0.8	59.8	30.3	30.3	
0.8	-9.1	25.4	10.6	
0.8	-63.2	20.5	-4.1	
18.0	-26.3	47.5	-18.9	
45.1	-16.4	74.6	-9.1	
20.5	-28.7	67.2	-28.7	
45.1	15.5	57.4	-23.8	
52.4	3.2	67.2	5.7	
40.1	8.2	104.1	27.8	
30.3	-9.1	123.8	37.7	
10.6	-1.7	145.9	25.4	
3.2	-23.8	155.8	-43.5	
20.5	-21.4	165.6	-14.0	
35.2	-1.7	236.9	25.4	
27.8	-1.7	278.8	13.1	
32.8	-6.6	300.9	13.1	
25.4	-16.4	323.0	-1.7	
25.4	-4.1	359.9	-63.2	
15.5	10.6	389.5	-46.0	
-1.7	15.5	377.2	-28.7	
-16.4	10.6	372.2	-9.1	
0.8	-1.7	369.8	-11.5	
5.7	3.2	389.5	10.6	
0.8	-4.1	369.8	-28.7	
3.2	18.0	352.6	-36.1	
54.9	-1.7	323.0	-6.6	
40.1	-4.1	288.6	-31.2	
32.8	10.6	291.1	-28.7	
5.7	5.7	266.5	-6.6	
22.9	50.0	249.2	25.4	
30.3	35.2	222.2	35.2	
52.4	22.9	197.6	-4.1	
27.8	18.0	175.4	-38.6	
27.8	32.8	165.6	-16.4	
30.3	22.9	133.6	-11.5	
18.0	40.1	118.9	15.5	
13.1	54.9	109.0	40.1	
52.4	50.0	109.0	20.5	
37.7	27.8	104.1	25.4	
20.5	37.7	104.1	-50.9	
5.7	64.7	64.7	-58.3	
-11.5	32.8	59.8	-16.4	
-16.4	32.8	64.7	-43.5	
-21.4	22.9	59.8	-18.9	
-26.3	20.5	50.0	8.2	
-6.6	-28.7	18.0	10.6	
3.2	10.6	-9.1	8.2	
13.1	35.2	-16.4	5.7	
22.9	62.3	-41.0	-1.7	
22.9	54.9	-16.4	-43.5	
27.8	-11.5	-14.0	-75.5	
32.8	-38.6	-6.6	-21.4	
15.5	-28.7	-11.5	15.5	
30.3	-21.4	-23.8	5.7	
22.9	-4.1	-41.0	-14.0	
20.5	25.4	-41.0	-41.0	
3.2	96.7	-23.8	-26.3	
-16.4	50.0	-23.8	-33.7	
18.0	-6.6	-28.7	-18.9	
5.7	-9.1	-50.9	3.2	
-16.4	22.9	-48.4	-1.7	
0.8	74.6	-38.6	-14.0	
3.2	45.1	-48.4	-43.5	
8.2	30.3	-18.9	-38.6	
8.2	54.9	-23.8	-41.0	
15.5	30.3	-31.2	-23.8	
25.4	8.2	-48.4	-28.7	
25.4	-31.2	-63.2	-26.3	
20.5	-14.0	-53.3	50.0	
47.5	-11.5	-36.1	77.0	
25.4	8.2	-41.0	47.5	
37.7	13.1	-46.0	52.4	
30.3	35.2	-48.4	20.5	
20.5	86.9	-38.6	-6.6	
15.5	59.8	-33.7	-16.4	
-1.7	42.6	-28.7	-11.5	
0.8	32.8	-33.7	-18.9	
0.8	-38.6	-41.0	-33.7	
15.5	-53.3	-26.3	-31.2	
20.5	-4.1	-23.8	-28.7	
20.5	47.5	-28.7	-36.1	
10.6	42.6	-33.7	-23.8	
20.5	57.4	-46.0	-4.1	
25.4	82.0	-65.6	-6.6	
20.5	91.8	-55.8	-6.6	
13.1	99.2	-53.3	-41.0	
25.4	22.9	-33.7	-50.9	
27.8	-16.4	-21.4	-36.1	
22.9	8.2	-21.4	-48.4	
22.9	-6.6	-9.1	-4.1	
15.5	0.8	-31.2	69.7	
10.6	-4.1	-18.9	52.4	
-4.1	0.8	-31.2	13.1	
-9.1	32.8	-46.0	8.2	
13.1	45.1	-23.8	15.5	
13.1	20.5	-38.6	52.4	
-14.0	20.5	-48.4	113.9	
-16.4	18.0	-31.2	47.5	
-16.4	-43.5	-38.6	8.2	
3.2	-23.8	-46.0	-38.6	
22.9	25.4	-41.0	-154.2	
54.9	52.4	-41.0	-87.8	
67.2	52.4	-38.6	-58.3	
47.5	67.2	-46.0	-43.5	
40.1	37.7	-50.9	-41.0	
32.8	15.5	-48.4	-11.5	
20.5	3.2	-46.0	3.2	
35.2	5.7	-48.4	5.7	
40.1	10.6	-43.5	-28.7	
35.2	10.6	-48.4	-23.8	
37.7	10.6	-55.8	-16.4	
22.9	42.6	-55.8	-50.9	
18.0	35.2	-68.1	-46.0	
0.8	79.5	-73.0	-38.6	
-23.8	67.2	-70.6	-18.9	
27.8	32.8	-65.6	25.4	
5.7	15.5	-41.0	3.2	
-4.1	40.1	-11.5	-21.4	
-9.1	35.2	5.7	-48.4	
-1.7	3.2	13.1	-11.5	
42.6	-11.5	5.7	-1.7	
22.9	57.4	30.3	25.4	
8.2	59.8	27.8	82.0	
3.2	45.1	-16.4	47.5	
8.2	50.0	-70.6	5.7	
42.6	40.1	-77.9	10.6	
42.6	35.2	-85.3	8.2	
32.8	30.3	-50.9	-33.7	
20.5	3.2	-55.8	-36.1	
22.9	32.8	-18.9	-41.0	
18.0	-4.1	-55.8	-23.8	
22.9	-31.2	-63.2	-14.0	
37.7	-70.6	-33.7	-4.1	
32.8	-38.6	-33.7	5.7	
32.8	27.8	-23.8	-4.1	
35.2	50.0	-75.5	20.5	
13.1	62.3	-82.9	8.2	
13.1	77.0	-50.9	-36.1	
-1.7	25.4	-63.2	-11.5	
-11.5	84.4	-31.2	-14.0	
-1.7	84.4	62.3	-14.0	
8.2	82.0	96.7	-14.0	
-36.1	64.7	37.7	-11.5	
-14.0	-6.6	-33.7	-6.6	
-16.4	-46.0	-68.1	-28.7	
3.2	-6.6	-55.8	-26.3	
0.8	22.9	-68.1	-1.7	
-11.5	-6.6	-65.6	57.4	
-21.4	-18.9	-63.2	57.4	
-16.4	-6.6	-48.4	27.8	
-18.9	-9.1	-41.0	30.3	
3.2	-11.5	-38.6	47.5	
3.2	-1.7	-36.1	47.5	
10.6	5.7	-28.7	32.8	
13.1	-16.4	-33.7	-33.7	
20.5	5.7	-43.5	-90.2	
18.0	62.3	-31.2	0.8	
8.2	64.7	-23.8	47.5	
0.8	64.7	-28.7	5.7	
0.8	52.4	-18.9	-26.3	
10.6	118.9	-26.3	-11.5	
27.8	18.0	-14.0	5.7	
8.2	18.0	-16.4	-46.0	
-1.7	47.5	-9.1	-85.3	
8.2	52.4	-6.6	-18.9	
10.6	57.4	-6.6	5.7	
-4.1	37.7	-11.5	-6.6	
15.5	-18.9	-6.6	5.7	
35.2	-1.7	-4.1	8.2	
30.3	32.8	0.8	-11.5	
27.8	-33.7	-4.1	-31.2	
18.0	-38.6	0.8	-1.7	
47.5	-9.1	3.2	32.8	
32.8	0.8	20.5	54.9	
30.3	30.3	13.1	0.8	
13.1	3.2	5.7	-31.2	
13.1	-23.8	-1.7	-48.4	
27.8	0.8	-6.6	30.3	
5.7	45.1	13.1	42.6	
18.0	32.8	10.6	13.1	
25.4	32.8	18.0	-16.4	
8.2	0.8	15.5	-38.6	
-4.1	-28.7	30.3	-53.3	
5.7	8.2	25.4	13.1	
-1.7	35.2	22.9	8.2	
3.2	40.1	20.5	-28.7	
15.5	27.8	20.5	-18.9	
25.4	86.9	15.5	-21.4	
42.6	99.2	15.5	30.3	
37.7	77.0	27.8	25.4	
25.4	40.1	27.8	15.5	
25.4	42.6	22.9	-33.7	
30.3	25.4	18.0	-41.0	
25.4	40.1	22.9	-31.2	
25.4	79.5	25.4	-41.0	
18.0	91.8	22.9	-6.6	
20.5	52.4	20.5	32.8	
5.7	25.4	25.4	37.7	
-11.5	27.8	30.3	-21.4	
-33.7	72.1	18.0	-6.6	
-14.0	50.0	22.9	-4.1	
-9.1	52.4	20.5	0.8	
8.2	40.1	18.0	45.1	
25.4	62.3	18.0	47.5	
25.4	13.1	18.0	37.7	
47.5	-14.0	18.0	32.8	
40.1	-18.9	13.1	32.8	
18.0	-21.4	20.5	10.6	
22.9	27.8	25.4	52.4	
5.7	15.5	8.2	32.8	
5.7	45.1	3.2	35.2	
25.4	72.1	5.7	54.9	
27.8	35.2	3.2	-75.5	
37.7	40.1	8.2	-80.4	
25.4	84.4	0.8	-43.5	
15.5	141.0	5.7	-28.7	
8.2	96.7	8.2	64.7	
10.6	22.9	15.5	72.1	
3.2	-28.7	18.0	18.0	
5.7	-65.6	18.0	-38.6	
-11.5	-33.7	18.0	-4.1	
-9.1	-1.7	8.2	20.5	
-9.1	22.9	-1.7	8.2	
-1.7	35.2	-9.1	30.3	
10.6	-28.7	-6.6	22.9	
10.6	-21.4	-9.1	18.0	
27.8	-9.1	-9.1	25.4	
27.8	40.1	5.7	-9.1	
25.4	82.0	-1.7	-11.5	
32.8	54.9	10.6	-4.1	
40.1	27.8	-1.7	30.3	
25.4	35.2	0.8	10.6	
27.8	91.8	-14.0	8.2	
32.8	47.5	-9.1	13.1	
32.8	18.0	-36.1	20.5	
13.1	-4.1	-50.9	-23.8	
0.8	15.5	-23.8	-4.1	
-11.5	59.8	-46.0	-1.7	
-6.6	74.6	-53.3	37.7	
5.7	37.7	-58.3	-41.0	
0.8	37.7	-46.0	-60.7	
0.8	32.8	-14.0	-18.9	
3.2	27.8	5.7	15.5	
15.5	35.2	42.6	10.6	
27.8	89.3	79.5	-11.5	
13.1	50.0	77.0	-4.1	
3.2	64.7	57.4	-31.2	
13.1	-36.1	40.1	-43.5	
27.8	-77.9	18.0	-21.4	
45.1	-38.6	-6.6	-21.4	
20.5	15.5	-16.4	0.8	
10.6	18.0	-23.8	5.7	
8.2	22.9	-53.3	27.8	
10.6	54.9	-87.8	15.5	
8.2	96.7	-50.9	5.7	
-6.6	79.5	-41.0	-18.9	
-4.1	82.0	-36.1	-53.3	
13.1	52.4	-28.7	-16.4	
50.0	50.0	-21.4	-1.7	
35.2	82.0	-21.4	27.8	
35.2	37.7	-14.0	35.2	
37.7	-16.4	-14.0	-4.1	
27.8	-28.7	-14.0	-23.8	
5.7	5.7	0.8	-11.5	
-18.9	13.1	-4.1	-38.6	
-9.1	3.2	-4.1	-1.7	
-11.5	20.5	-11.5	10.6	
-9.1	27.8	0.8	-16.4	
-14.0	54.9	-6.6	-18.9	
-14.0	20.5	-1.7	-36.1	
13.1	5.7	0.8	-41.0	
22.9	3.2	8.2	-28.7	
32.8	-4.1	-1.7	-36.1	
35.2	20.5	-4.1	-23.8	
40.1	25.4	3.2	-4.1	
27.8	3.2	5.7	-21.4	
35.2	20.5	15.5	-36.1	
22.9	37.7	5.7	-70.6	
20.5	18.0	0.8	-33.7	
8.2	25.4	10.6	-26.3	
0.8	72.1	8.2	-50.9	
15.5	13.1	-1.7	13.1	
20.5	-11.5	10.6	-11.5	
0.8	-16.4	0.8	-70.6	
8.2	-6.6	8.2	-36.1	
18.0	20.5	0.8	-21.4	
22.9	8.2	8.2	22.9	
18.0	13.1	8.2	20.5	
22.9	79.5	0.8	-6.6	
3.2	77.0	22.9	-26.3	
22.9	52.4	20.5	45.1	
25.4	67.2	8.2	57.4	
18.0	77.0	10.6	74.6	
22.9	35.2	22.9	52.4	
18.0	45.1	15.5	37.7	
22.9	74.6	15.5	-48.4	
32.8	52.4	18.0	-38.6	
42.6	54.9	15.5	-21.4	
22.9	-21.4	15.5	-18.9	
35.2	-43.5	18.0	-46.0	
20.5	22.9	27.8	-95.2	
22.9	35.2	27.8	-107.5	
27.8	-1.7	25.4	-60.7	
30.3	13.1	13.1	-23.8	
32.8	54.9	10.6	-21.4	
32.8	57.4	15.5	-11.5	
25.4	47.5	15.5	-43.5	
25.4	37.7	27.8	-33.7	
10.6	0.8	18.0	20.5	
3.2	-16.4	20.5	25.4	
8.2	25.4	20.5	3.2	
22.9	40.1	18.0	-16.4	
15.5	32.8	0.8	-16.4	
15.5	13.1	3.2	-65.6	
15.5	3.2	15.5	-65.6	
8.2	18.0	5.7	-58.3	
-1.7	57.4	5.7	-48.4	
-11.5	89.3	8.2	27.8	
3.2	84.4	0.8	109.0	
18.0	94.3	5.7	113.9	
20.5	79.5	3.2	15.5	
0.8	79.5	8.2	-50.9	
18.0	94.3	-1.7	-28.7	
10.6	37.7	-6.6	-73.0	
3.2	15.5	10.6	-43.5	
15.5	-18.9	0.8	-16.4	
8.2	-6.6	8.2	-1.7	
10.6	0.8	13.1	-4.1	
25.4	10.6	18.0	0.8	
27.8	-4.1	13.1	-23.8	
8.2	15.5	13.1	13.1	
-1.7	62.3	22.9	20.5	
0.8	82.0	20.5	18.0	
-11.5	118.9	20.5	35.2	
8.2	145.9	10.6	15.5	
32.8	57.4	0.8	35.2	
18.0	0.8	10.6	47.5	
20.5	27.8	15.5	25.4	
3.2	-53.3	10.6	0.8	
-18.9	-55.8	3.2	3.2	
-28.7	-23.8	13.1	-31.2	
-16.4	-127.1	20.5	-46.0	
-26.3	-141.9	10.6	-11.5	
-1.7	-23.8	15.5	-31.2	
13.1	64.7	15.5	-50.9	
18.0	94.3	25.4	-33.7	
62.3	15.5	25.4	0.8	
22.9	3.2	15.5	8.2	
15.5	20.5	18.0	18.0	
22.9	37.7	13.1	25.4	
18.0	30.3	8.2	-26.3	
25.4	42.6	3.2	-23.8	
35.2	69.7	18.0	-38.6	
20.5	32.8	20.5	-41.0	
8.2	50.0	32.8	-16.4	
0.8	8.2	35.2	22.9	
18.0	-50.9	32.8	25.4	
47.5	20.5	37.7	-6.6	
32.8	64.7	25.4	-50.9	
27.8	50.0	27.8	-26.3	
32.8	40.1	3.2	-14.0	
13.1	-6.6	-6.6	18.0	
0.8	-11.5	-26.3	30.3	
10.6	20.5	-14.0	30.3	
13.1	13.1	3.2	10.6	
10.6	32.8	8.2	-33.7	
-4.1	52.4	30.3	13.1	
3.2	57.4	45.1	-31.2	
8.2	8.2	37.7	-36.1	
3.2	-1.7	50.0	-31.2	
5.7	0.8	30.3	-31.2	
5.7	74.6	8.2	-16.4	
8.2	116.4	0.8	-6.6	
25.4	79.5	-6.6	-11.5	
35.2	74.6	5.7	-11.5	
35.2	54.9	27.8	-9.1	
27.8	25.4	18.0	-28.7	
0.8	18.0	15.5	-9.1	
15.5	32.8	5.7	-11.5	
25.4	32.8	-9.1	-1.7	
32.8	-21.4	-6.6	-4.1	
52.4	-26.3	3.2	-18.9	
42.6	47.5	-9.1	-9.1	
30.3	18.0	-9.1	-6.6	
25.4	59.8	0.8	-11.5	
27.8	37.7	-1.7	0.8	
5.7	22.9	3.2	-14.0	
-1.7	40.1	3.2	-16.4	
10.6	64.7	3.2	-1.7	
8.2	52.4	-4.1	-6.6	
0.8	32.8	3.2	0.8	
5.7	-21.4	3.2	18.0	
18.0	10.6	-9.1	-9.1	
18.0	59.8	-11.5	-9.1	
25.4	52.4	0.8	13.1	
25.4	57.4	3.2	-21.4	
-14.0	62.3	3.2	-68.1	
0.8	72.1	5.7	-33.7	
-14.0	72.1	10.6	-33.7	
0.8	69.7	-11.5	-48.4	
-1.7	8.2	8.2	-21.4	
-4.1	-31.2	18.0	-31.2	
8.2	-31.2	3.2	-33.7	
15.5	-28.7	13.1	-60.7	
5.7	13.1	13.1	-50.9	
5.7	0.8	18.0	-11.5	
27.8	-21.4	5.7	-1.7	
42.6	15.5	5.7	15.5	
22.9	15.5	3.2	8.2	
18.0	62.3	8.2	-21.4	
8.2	30.3	8.2	-23.8	
0.8	22.9	0.8	-36.1	
-11.5	22.9	-4.1	-38.6	
8.2	8.2	-6.6	-36.1	
0.8	-1.7	5.7	-43.5	
8.2	37.7	15.5	-6.6	
3.2	72.1	5.7	3.2	
18.0	52.4	5.7	0.8	
30.3	37.7	5.7	-31.2	
27.8	50.0	5.7	-9.1	
22.9	50.0	10.6	18.0	
20.5	18.0	13.1	52.4	
18.0	47.5	5.7	8.2	
25.4	72.1	15.5	-41.0	
30.3	57.4	13.1	-65.6	
30.3	0.8	20.5	-50.9	
20.5	-18.9	15.5	-41.0	
15.5	0.8	13.1	-11.5	
20.5	35.2	18.0	-33.7	
27.8	32.8	0.8	-43.5	
37.7	77.0	3.2	-68.1	
20.5	109.0	18.0	-58.3	
5.7	99.2	25.4	-65.6	
0.8	101.6	15.5	-36.1	
-4.1	22.9	10.6	-33.7	
-1.7	13.1	5.7	-33.7	
-1.7	27.8	15.5	-28.7	
35.2	72.1	20.5	-31.2	
27.8	15.5	13.1	-23.8	
25.4	27.8	25.4	-14.0	
37.7	50.0	15.5	-11.5	
5.7	-23.8	5.7	-18.9	
-9.1	-36.1	15.5	-21.4	
-1.7	27.8	18.0	-23.8	
8.2	42.6	5.7	-38.6	
3.2	40.1	8.2	-18.9	
27.8	45.1	22.9	-36.1	
32.8	-14.0	20.5	-28.7	
27.8	-38.6	18.0	-43.5	
15.5	-11.5	5.7	-36.1	
15.5	15.5	-4.1	-53.3	
27.8	18.0	8.2	-55.8	
30.3	15.5	-1.7	-55.8	
22.9	18.0	5.7	-48.4	
13.1	15.5	5.7	-60.7	
37.7	20.5	3.2	-55.8	
27.8	57.4	10.6	-16.4	
0.8	64.7	5.7	-48.4	
0.8	79.5	5.7	-36.1	
-1.7	72.1	8.2	-48.4	
20.5	59.8	8.2	-41.0	
20.5	32.8	8.2	-23.8	
25.4	50.0	15.5	-46.0	
10.6	42.6	13.1	-41.0	
-16.4	52.4	13.1	-38.6	
-18.9	64.7	15.5	-50.9	
-16.4	54.9	20.5	-50.9	
-9.1	37.7	18.0	-36.1	
13.1	32.8	5.7	-33.7	
50.0	42.6	20.5	-60.7	
22.9	30.3	25.4	-38.6	
32.8	10.6	22.9	-46.0	
45.1	-26.3	18.0	-70.6	
27.8	42.6	20.5	-58.3	
20.5	13.1	22.9	-33.7	
13.1	35.2	25.4	-46.0	
8.2	15.5	25.4	-48.4	
3.2	30.3	18.0	-33.7	
27.8	8.2	22.9	-48.4	
8.2	59.8	18.0	-33.7	
35.2	27.8	20.5	-55.8	
57.4	-21.4	22.9	-65.6	
50.0	-36.1	25.4	-65.6	
18.0	27.8	27.8	-41.0	
18.0	3.2	18.0	-48.4	
8.2	-9.1	18.0	-31.2	
-1.7	54.9	27.8	-9.1	
0.8	47.5	18.0	-1.7	
8.2	72.1	37.7	-16.4	
-4.1	74.6	37.7	-46.0	
13.1	67.2	35.2	-90.2	
47.5	82.0	22.9	-82.9	
30.3	67.2	25.4	-46.0	
25.4	52.4	22.9	-11.5	
15.5	15.5	27.8	-23.8	
40.1	0.8	27.8	-55.8	
37.7	-4.1	25.4	-53.3	
25.4	5.7	5.7	-36.1	
3.2	8.2	27.8	-26.3	
-9.1	20.5	15.5	-26.3	
-21.4	42.6	18.0	-14.0	
-21.4	94.3	20.5	-23.8	
27.8	67.2	18.0	-36.1	
18.0	-4.1	27.8	-41.0	
0.8	-26.3	15.5	-46.0	
-18.9	37.7	25.4	-53.3	
-16.4	57.4	20.5	-46.0	
18.0	30.3	13.1	-46.0	
27.8	20.5	22.9	-43.5	
27.8	13.1	22.9	-6.6	
37.7	22.9	18.0	-4.1	
50.0	25.4	10.6	54.9	
40.1	47.5	10.6	15.5	
25.4	8.2	5.7	-53.3	
25.4	37.7	10.6	-63.2	
25.4	35.2	15.5	-36.1	
18.0	77.0	8.2	-31.2	
25.4	59.8	5.7	-36.1	
25.4	52.4	8.2	-9.1	
-1.7	42.6	3.2	15.5	
5.7	47.5	5.7	10.6	
-1.7	62.3	3.2	-9.1	
-4.1	67.2	15.5	-85.3	
-9.1	54.9	22.9	-90.2	
-9.1	18.0	18.0	-14.0	
5.7	5.7	13.1	-16.4	
13.1	-16.4	10.6	-33.7	
30.3	13.1	5.7	0.8	
35.2	54.9	15.5	13.1	
35.2	62.3	10.6	32.8	
27.8	91.8	-4.1	-1.7	
5.7	72.1	3.2	-18.9	
13.1	-1.7	0.8	-1.7	
22.9	-31.2	0.8	-18.9	
13.1	13.1	18.0	-14.0	
25.4	20.5	0.8	15.5	
32.8	22.9	0.8	20.5	
20.5	-18.9	13.1	20.5	
30.3	-1.7	3.2	-1.7	
15.5	22.9	8.2	-1.7	
10.6	25.4	8.2	8.2	
-1.7	30.3	3.2	45.1	
20.5	47.5	5.7	8.2	
18.0	69.7	3.2	-1.7	
22.9	25.4	0.8	-43.5	
18.0	-23.8	8.2	-41.0	
27.8	-1.7	8.2	-28.7	
8.2	8.2	5.7	-18.9	
-1.7	47.5	-4.1	8.2	
-1.7	42.6	3.2	-4.1	
-6.6	57.4	0.8	-6.6	
57.4	59.8	3.2	-6.6	
42.6	67.2	-1.7	-1.7	
22.9	50.0	-1.7	3.2	
15.5	37.7	8.2	10.6	
25.4	62.3	0.8	5.7	
10.6	67.2	5.7	0.8	
10.6	3.2	-1.7	-16.4	
-4.1	15.5	-1.7	-9.1	
0.8	67.2	13.1	-4.1	
0.8	59.8	0.8	20.5	
8.2	-53.3	10.6	25.4	
8.2	-75.5	10.6	13.1	
15.5	-73.0	15.5	3.2	
25.4	-97.6	22.9	-11.5	
25.4	-60.7	8.2	-38.6	
50.0	-55.8	8.2	3.2	
18.0	-50.9	5.7	13.1	
20.5	-36.1	5.7	-9.1	
10.6	-9.1	10.6	-1.7	
0.8	18.0	18.0	-14.0	
-16.4	40.1	13.1	-38.6	
-11.5	30.3	5.7	-11.5	
-9.1	27.8	3.2	-14.0	
-1.7	22.9	18.0	13.1	
-9.1	35.2	5.7	10.6	
18.0	37.7	5.7	8.2	
8.2	57.4	8.2	0.8	
5.7	82.0	15.5	-28.7	
13.1	104.1	20.5	-16.4	
13.1	106.6	25.4	-28.7	
8.2	101.6	25.4	-33.7	
8.2	32.8	20.5	-14.0	
3.2	40.1	15.5	-11.5	
3.2	67.2	27.8	-1.7	
20.5	131.2	15.5	3.2	
25.4	121.3	20.5	3.2	
45.1	118.9	20.5	-4.1	
32.8	99.2	13.1	-28.7	
32.8	101.6	15.5	-16.4	
27.8	128.7	15.5	-9.1	
20.5	99.2	10.6	8.2	
18.0	57.4	10.6	10.6	
8.2	47.5	20.5	8.2	
0.8	67.2	22.9	-4.1	
10.6	54.9	18.0	3.2	
25.4	59.8	25.4	5.7	
32.8	82.0	18.0	-18.9	
22.9	79.5	20.5	-1.7	
5.7	52.4	10.6	-28.7	
15.5	77.0	15.5	-18.9	
18.0	69.7	18.0	5.7	
20.5	96.7	18.0	18.0	
10.6	79.5	13.1	20.5	
-6.6	50.0	15.5	-43.5	
-11.5	13.1	22.9	-23.8	
10.6	22.9	15.5	-16.4	
15.5	27.8	13.1	-21.4	
13.1	25.4	18.0	-11.5	
20.5	13.1	18.0	-4.1	
15.5	5.7	8.2	5.7	
8.2	0.8	8.2	15.5	
5.7	10.6	8.2	-11.5	
3.2	-16.4	8.2	3.2	
15.5	-36.1	15.5	-23.8	
18.0	-21.4	22.9	0.8	
5.7	-6.6	18.0	5.7	
-4.1	-9.1	15.5	5.7	
-4.1	20.5	3.2	-4.1	
3.2	15.5	3.2	-21.4	
3.2	35.2	8.2	15.5	
-1.7	5.7	0.8	35.2	
5.7	-28.7	5.7	32.8	
25.4	10.6	8.2	22.9	
15.5	-1.7	10.6	37.7	
18.0	37.7	8.2	30.3	
25.4	64.7	3.2	-1.7	
15.5	15.5	3.2	20.5	
-1.7	-16.4	18.0	47.5	
-4.1	27.8	13.1	-9.1	
-9.1	69.7	18.0	-33.7	
5.7	27.8	18.0	-38.6	
10.6	20.5	18.0	-11.5	
0.8	22.9	13.1	18.0	
3.2	13.1	13.1	15.5	
-1.7	0.8	30.3	-21.4	
5.7	0.8	22.9	-18.9	
25.4	0.8	18.0	-6.6	
25.4	-16.4	13.1	-4.1	
18.0	15.5	18.0	13.1	
22.9	42.6	13.1	10.6	
27.8	8.2	18.0	20.5	
22.9	25.4	30.3	-14.0	
35.2	69.7	5.7	-23.8	
32.8	111.5	5.7	-16.4	
18.0	62.3	13.1	-26.3	
8.2	52.4	3.2	-14.0	
13.1	8.2	-1.7	-4.1	
13.1	-36.1	10.6	0.8	
22.9	-14.0	18.0	18.0	
8.2	5.7	18.0	5.7	
-9.1	8.2	15.5	-14.0	
0.8	62.3	20.5	0.8	
3.2	89.3	5.7	15.5	
-1.7	59.8	15.5	25.4	
13.1	57.4	10.6	5.7	
5.7	45.1	8.2	-14.0	
10.6	32.8	13.1	-43.5	
18.0	42.6	22.9	-11.5	
-4.1	47.5	18.0	3.2	
-21.4	30.3	13.1	3.2	
-21.4	57.4	27.8	-18.9	
-16.4	64.7	22.9	-23.8	
-16.4	64.7	22.9	0.8	
-4.1	57.4	5.7	10.6	
3.2	3.2	5.7	-1.7	
-6.6	-16.4	5.7	-9.1	
-4.1	25.4	13.1	5.7	
-4.1	50.0	10.6	13.1	
0.8	13.1	18.0	13.1	
-16.4	57.4	32.8	-1.7	
-4.1	57.4	10.6	-28.7	
47.5	40.1	15.5	20.5	
18.0	30.3	18.0	13.1	
27.8	30.3	20.5	3.2	
50.0	22.9	20.5	0.8	
25.4	13.1	10.6	-31.2	
20.5	20.5	3.2	-28.7	
15.5	-1.7	13.1	-4.1	
3.2	-9.1	10.6	-1.7	
20.5	10.6	0.8	-14.0	
32.8	-21.4	10.6	-16.4	
32.8	-9.1	0.8	-1.7	
20.5	25.4	15.5	0.8	
15.5	37.7	18.0	0.8	
8.2	27.8	18.0	22.9	
-4.1	50.0	13.1	25.4	
13.1	54.9	10.6	0.8	
27.8	64.7	8.2	-18.9	
32.8	62.3	18.0	-18.9	
22.9	57.4	18.0	-6.6	
15.5	52.4	30.3	-4.1	
-4.1	62.3	18.0	-4.1	
-11.5	59.8	18.0	-1.7	
3.2	35.2	18.0	-23.8	
3.2	22.9	15.5	0.8	
-1.7	32.8	15.5	-9.1	
-16.4	8.2	18.0	5.7	
-4.1	15.5	20.5	8.2	
18.0	40.1	13.1	-23.8	
27.8	18.0	20.5	-31.2	
40.1	40.1	20.5	-1.7	
42.6	37.7	18.0	-4.1	
22.9	35.2	13.1	-16.4	
30.3	42.6	10.6	18.0	
32.8	45.1	-4.1	32.8	
20.5	40.1	18.0	0.8	
20.5	47.5	18.0	3.2	
18.0	32.8	18.0	8.2	
13.1	25.4	8.2	25.4	
8.2	40.1	8.2	-16.4	
10.6	37.7	15.5	-1.7	
18.0	45.1	8.2	0.8	
22.9	59.8	8.2	-26.3	
27.8	69.7	13.1	-31.2	
10.6	45.1	13.1	-1.7	
15.5	52.4	13.1	3.2	
32.8	59.8	13.1	32.8	
15.5	47.5	20.5	25.4	
15.5	52.4	18.0	3.2	
20.5	42.6	5.7	5.7	
10.6	20.5	5.7	20.5	
15.5	0.8	15.5	-21.4	
8.2	10.6	13.1	-21.4	
-6.6	3.2	13.1	-18.9	
-6.6	3.2	25.4	-4.1	
18.0	27.8	18.0	-1.7	
15.5	35.2	15.5	-28.7	
30.3	20.5	5.7	-6.6	
35.2	84.4	5.7	30.3	
18.0	104.1	13.1	57.4	
18.0	50.0	3.2	-21.4	
22.9	-18.9	10.6	0.8	
18.0	5.7	3.2	10.6	
22.9	27.8	5.7	8.2	
20.5	35.2	-1.7	-1.7	
30.3	35.2	15.5	-9.1	
18.0	15.5	-4.1	-1.7	
5.7	45.1	5.7	-1.7	
5.7	69.7	5.7	8.2	
18.0	57.4	8.2	8.2	
40.1	27.8	10.6	0.8	
18.0	27.8	0.8	0.8	
5.7	20.5	13.1	15.5	
-11.5	22.9	13.1	22.9	
0.8	25.4	0.8	30.3	
15.5	22.9	15.5	8.2	
15.5	18.0	15.5	-11.5	
10.6	22.9	18.0	-21.4	
13.1	40.1	18.0	-11.5	
30.3	52.4	18.0	15.5	
20.5	20.5	13.1	13.1	
20.5	50.0	18.0	5.7	
37.7	82.0	13.1	-14.0	
37.7	42.6	8.2	-9.1	
20.5	-28.7	5.7	-4.1	
13.1	-43.5	13.1	-4.1	
18.0	-38.6	25.4	3.2	
5.7	47.5	18.0	-18.9	
18.0	77.0	20.5	-18.9	
37.7	40.1	10.6	-14.0	
40.1	10.6	10.6	3.2	
35.2	3.2	0.8	8.2	
18.0	30.3	10.6	18.0	
-1.7	0.8	13.1	20.5	
3.2	0.8	22.9	35.2	
0.8	-4.1	22.9	22.9	
-6.6	-9.1	8.2	35.2	
-1.7	22.9	18.0	30.3	
-6.6	64.7	25.4	0.8	
-4.1	91.8	8.2	15.5	
-18.9	79.5	8.2	-41.0	
18.0	22.9	8.2	-55.8	
27.8	-9.1	13.1	-41.0	
22.9	5.7	15.5	-31.2	
40.1	27.8	27.8	0.8	
40.1	37.7	18.0	18.0	
35.2	-9.1	20.5	30.3	
50.0	8.2	18.0	25.4	
50.0	-14.0	20.5	3.2	
42.6	8.2	18.0	3.2	
35.2	18.0	13.1	-16.4	
40.1	72.1	10.6	5.7	
32.8	133.6	8.2	30.3	
37.7	91.8	5.7	5.7	
27.8	57.4	22.9	-9.1	
22.9	54.9	15.5	-9.1	
13.1	37.7	5.7	-6.6	
32.8	30.3	10.6	-9.1	
25.4	18.0	13.1	0.8	
13.1	52.4	25.4	15.5	
13.1	62.3	22.9	8.2	
10.6	40.1	20.5	-11.5	
13.1	27.8	20.5	-9.1	
18.0	27.8	25.4	-11.5	
27.8	15.5	13.1	3.2	
22.9	15.5	10.6	8.2	
13.1	50.0	10.6	13.1	
8.2	47.5	-1.7	10.6	
0.8	42.6	20.5	-11.5	
20.5	37.7	18.0	-14.0	
32.8	27.8	18.0	-1.7	
22.9	59.8	5.7	5.7	
30.3	57.4	5.7	0.8	
5.7	47.5	-4.1	-6.6	
-9.1	45.1	-1.7	-1.7	
3.2	40.1	15.5	-14.0	
-4.1	52.4	8.2	-18.9	
-1.7	59.8	18.0	-11.5	
3.2	52.4	22.9	-6.6	
27.8	45.1	8.2	0.8	
22.9	18.0	10.6	-4.1	
18.0	22.9	8.2	3.2	
45.1	40.1	18.0	0.8	
37.7	35.2	25.4	0.8	
40.1	-4.1	15.5	10.6	
35.2	-18.9	0.8	8.2	
35.2	10.6	5.7	25.4	
27.8	22.9	10.6	18.0	
20.5	74.6	10.6	8.2	
10.6	77.0	10.6	-11.5	
22.9	74.6	-1.7	-28.7	
32.8	104.1	0.8	8.2	
20.5	45.1	-4.1	20.5	
15.5	18.0	-1.7	-6.6	
5.7	42.6	10.6	0.8	
-6.6	64.7	5.7	10.6	
0.8	91.8	8.2	-4.1	
-6.6	74.6	0.8	-16.4	
-11.5	106.6	3.2	-11.5	
30.3	123.8	13.1	5.7	
40.1	104.1	15.5	18.0	
18.0	57.4	13.1	42.6	
10.6	59.8	15.5	37.7	
-6.6	42.6	8.2	-4.1	
3.2	-6.6	8.2	-16.4	
8.2	-50.9	8.2	3.2	
20.5	-73.0	0.8	0.8	
25.4	-58.3	-1.7	-16.4	
10.6	-6.6	3.2	-14.0	
35.2	-18.9	3.2	-4.1	
27.8	-23.8	-4.1	8.2	
18.0	-1.7	5.7	-14.0	
13.1	-18.9	8.2	-14.0	
13.1	25.4	-1.7	-6.6	
20.5	64.7	8.2	5.7	
22.9	69.7	0.8	-9.1	
-1.7	69.7	15.5	10.6	
15.5	99.2	13.1	27.8	
8.2	109.0	13.1	25.4	
10.6	82.0	13.1	22.9	
15.5	72.1	15.5	-6.6	
15.5	82.0	8.2	-14.0	
20.5	57.4	5.7	-14.0	
22.9	8.2	15.5	-36.1	
27.8	15.5	18.0	3.2	
8.2	54.9	18.0	30.3	
13.1	52.4	18.0	15.5	
3.2	30.3	5.7	3.2	
-4.1	37.7	18.0	-14.0	
3.2	-6.6	5.7	-14.0	
0.8	-9.1	5.7	-21.4	
-4.1	32.8	0.8	-26.3	
13.1	67.2	5.7	-28.7	
37.7	54.9	5.7	-18.9	
25.4	52.4	10.6	3.2	
25.4	69.7	0.8	35.2	
32.8	67.2	3.2	84.4	
45.1	59.8	10.6	89.3	
22.9	40.1	-4.1	96.7	
27.8	54.9	3.2	15.5	
20.5	27.8	3.2	-23.8	
37.7	15.5	3.2	-55.8	
35.2	18.0	15.5	-70.6	
22.9	64.7	5.7	-50.9	
-6.6	13.1	-1.7	-28.7	
-4.1	-1.7	15.5	10.6	
5.7	-16.4	15.5	10.6	
8.2	25.4	10.6	-1.7	
13.1	62.3	8.2	-18.9	
10.6	47.5	0.8	-9.1	
8.2	52.4	-1.7	-9.1	
10.6	57.4	5.7	5.7	
18.0	59.8	18.0	8.2	
8.2	42.6	20.5	18.0	
3.2	30.3	10.6	0.8	
-9.1	10.6	3.2	5.7	
-6.6	-16.4	13.1	3.2	
-4.1	-14.0	15.5	0.8	
15.5	-9.1	22.9	5.7	
13.1	10.6	0.8	-4.1	
20.5	3.2	3.2	-11.5	
8.2	18.0	10.6	-1.7	
18.0	54.9	-4.1	-11.5	
20.5	54.9	15.5	-9.1	
27.8	37.7	3.2	-33.7	
15.5	20.5	5.7	-21.4	
18.0	20.5	0.8	18.0	
15.5	13.1	8.2	45.1	
32.8	50.0	5.7	67.2	
30.3	54.9	10.6	25.4	
13.1	52.4	5.7	-1.7	
8.2	64.7	-1.7	-1.7	
5.7	79.5	-1.7	-4.1	
3.2	42.6	0.8	-21.4	
-4.1	69.7	3.2	-4.1	
25.4	82.0	10.6	15.5	
32.8	77.0	15.5	0.8	
20.5	37.7	27.8	-1.7	
5.7	10.6	3.2	22.9	
-6.6	27.8	5.7	22.9	
15.5	62.3	5.7	15.5	
20.5	50.0	3.2	13.1	
30.3	69.7	5.7	8.2	
20.5	15.5	5.7	3.2	
5.7	8.2	3.2	-1.7	
20.5	30.3	0.8	3.2	
18.0	15.5	3.2	13.1	
10.6	-14.0	5.7	22.9	
13.1	0.8	15.5	22.9	
0.8	30.3	5.7	22.9	
3.2	47.5	5.7	3.2	
3.2	27.8	8.2	-6.6	
-11.5	25.4	15.5	-21.4	
-4.1	32.8	20.5	-28.7	
-4.1	69.7	18.0	0.8	
-6.6	54.9	18.0	0.8	
3.2	67.2	8.2	-11.5	
40.1	35.2	3.2	-21.4	
62.3	30.3	3.2	0.8	
42.6	35.2	18.0	8.2	
59.8	59.8	13.1	22.9	
54.9	45.1	15.5	25.4	
27.8	57.4	20.5	-9.1	
27.8	37.7	5.7	-43.5	
37.7	30.3	15.5	5.7	
30.3	47.5	18.0	25.4	
30.3	35.2	32.8	40.1	
35.2	15.5	22.9	18.0	
8.2	37.7	13.1	-21.4	
-23.8	50.0	0.8	-21.4	
-14.0	42.6	0.8	-6.6	
0.8	47.5	3.2	18.0	
-6.6	37.7	15.5	13.1	
5.7	35.2	18.0	8.2	
-4.1	37.7	15.5	8.2	
-11.5	42.6	15.5	22.9	
5.7	59.8	8.2	35.2	
27.8	52.4	5.7	-6.6	
45.1	-1.7	8.2	13.1	
35.2	18.0	0.8	0.8	
32.8	22.9	18.0	-14.0	
3.2	32.8	5.7	18.0	
-1.7	47.5	8.2	10.6	
18.0	62.3	20.5	-1.7	
18.0	30.3	15.5	-9.1	
0.8	37.7	15.5	-6.6	
8.2	62.3	18.0	-1.7	
25.4	-9.1	15.5	0.8	
32.8	-16.4	3.2	-38.6	
27.8	-1.7	10.6	-43.5	
27.8	18.0	3.2	3.2	
18.0	32.8	8.2	10.6	
13.1	27.8	15.5	3.2	
3.2	37.7	15.5	0.8	
8.2	62.3	13.1	-14.0	
8.2	47.5	18.0	0.8	
8.2	22.9	20.5	5.7	
0.8	45.1	20.5	-6.6	
-1.7	54.9	5.7	0.8	
20.5	52.4	8.2	3.2	
27.8	22.9	-1.7	3.2	
22.9	35.2	8.2	5.7	
20.5	57.4	5.7	8.2	
25.4	86.9	3.2	15.5	
25.4	104.1	20.5	13.1	
35.2	64.7	3.2	-6.6	
35.2	69.7	0.8	-6.6	
20.5	79.5	13.1	10.6	
15.5	30.3	18.0	-6.6	
15.5	15.5	13.1	-4.1	
0.8	13.1	5.7	-4.1	
-6.6	35.2	15.5	-1.7	
-14.0	47.5	18.0	0.8	
-1.7	32.8	20.5	8.2	
13.1	-4.1	13.1	10.6	
15.5	25.4	8.2	37.7	
8.2	22.9	5.7	5.7	
0.8	45.1	8.2	-36.1	
0.8	57.4	3.2	22.9	
-11.5	10.6	8.2	30.3	
5.7	18.0	13.1	-9.1	
3.2	45.1	15.5	-11.5	
-4.1	74.6	-1.7	-14.0	
20.5	84.4	8.2	-14.0	
32.8	57.4	8.2	-6.6	
35.2	47.5	-4.1	-9.1	
40.1	22.9	0.8	0.8	
37.7	3.2	3.2	-9.1	
20.5	0.8	13.1	-4.1	
10.6	18.0	13.1	13.1	
-4.1	22.9	15.5	8.2	
13.1	54.9	5.7	3.2	
18.0	42.6	5.7	10.6	
20.5	22.9	5.7	3.2	
22.9	3.2	3.2	-4.1	
10.6	18.0	3.2	0.8	
-1.7	45.1	-4.1	0.8	
0.8	45.1	5.7	0.8	
15.5	42.6	8.2	10.6	
18.0	27.8	10.6	5.7	
3.2	72.1	-1.7	13.1	
-9.1	50.0	-4.1	-6.6	
25.4	52.4	20.5	-11.5	
20.5	42.6	13.1	-21.4	
0.8	37.7	10.6	5.7	
-21.4	10.6	3.2	8.2	
40.1	40.1	5.7	13.1	
30.3	57.4	0.8	3.2	
-4.1	64.7	0.8	20.5	
5.7	116.4	8.2	8.2	
-4.1	57.4	5.7	20.5	
-9.1	13.1	15.5	32.8	
-11.5	5.7	15.5	10.6	
-4.1	40.1	18.0	13.1	
0.8	64.7	13.1	5.7	
-4.1	-6.6	8.2	-1.7	
-4.1	-14.0	8.2	-14.0	
22.9	-1.7	3.2	-18.9	
22.9	54.9	5.7	5.7	
37.7	54.9	5.7	-11.5	
27.8	15.5	10.6	-1.7	
25.4	8.2	13.1	-14.0	
37.7	-1.7	5.7	3.2	
35.2	-14.0	13.1	-9.1	
27.8	8.2	8.2	-16.4	
25.4	10.6	18.0	0.8	
27.8	22.9	8.2	5.7	
30.3	10.6	8.2	20.5	
27.8	0.8	8.2	15.5	
18.0	22.9	5.7	18.0	
-4.1	86.9	-1.7	15.5	
5.7	79.5	3.2	20.5	
18.0	18.0	5.7	0.8	
15.5	30.3	22.9	-21.4	
13.1	54.9	22.9	5.7	
27.8	57.4	18.0	-1.7	
35.2	72.1	15.5	-11.5	
10.6	52.4	8.2	-6.6	
-9.1	45.1	10.6	8.2	
-6.6	57.4	5.7	5.7	
-6.6	72.1	8.2	22.9	
3.2	67.2	13.1	35.2	
13.1	30.3	18.0	-14.0	
22.9	50.0	20.5	-23.8	
25.4	57.4	8.2	-21.4	
8.2	5.7	22.9	-28.7	
18.0	3.2	13.1	-18.9	
18.0	10.6	3.2	-18.9	
30.3	22.9	5.7	-6.6	
27.8	42.6	15.5	-1.7	
20.5	42.6	13.1	3.2	
20.5	40.1	8.2	-4.1	
13.1	37.7	3.2	13.1	
8.2	62.3	-4.1	32.8	
0.8	30.3	5.7	22.9	
-4.1	42.6	10.6	22.9	
-1.7	30.3	10.6	20.5	
-1.7	37.7	3.2	15.5	
13.1	35.2	10.6	-11.5	
13.1	8.2	5.7	-14.0	
22.9	27.8	5.7	10.6	
5.7	57.4	5.7	18.0	
-1.7	74.6	5.7	15.5	
8.2	45.1	8.2	-36.1	
10.6	40.1	5.7	-11.5	
8.2	37.7	18.0	-16.4	
10.6	37.7	-9.1	22.9	
8.2	27.8	8.2	13.1	
5.7	5.7	8.2	35.2	
27.8	35.2	-4.1	-16.4	
40.1	74.6	13.1	0.8	
30.3	45.1	15.5	8.2	
32.8	32.8	5.7	0.8	
35.2	15.5	8.2	3.2	
30.3	47.5	10.6	0.8	
27.8	35.2	10.6	8.2	
27.8	40.1	10.6	-1.7	
22.9	69.7	15.5	-4.1	
18.0	54.9	8.2	-1.7	
10.6	84.4	8.2	-4.1	
10.6	82.0	10.6	-6.6	
15.5	67.2	10.6	3.2	
10.6	-6.6	18.0	8.2	
20.5	-6.6	20.5	-14.0	
20.5	22.9	8.2	-1.7	
15.5	42.6	3.2	-1.7	
13.1	57.4	22.9	8.2	
22.9	74.6	13.1	0.8	
13.1	74.6	25.4	10.6	
22.9	59.8	15.5	15.5	
18.0	57.4	15.5	42.6	
18.0	86.9	5.7	15.5	
32.8	22.9	-1.7	-6.6	
35.2	-50.9	3.2	-1.7	
25.4	-16.4	8.2	5.7	
15.5	13.1	5.7	5.7	
3.2	47.5	5.7	-16.4	
-4.1	15.5	13.1	-11.5	
3.2	20.5	3.2	-1.7	
-4.1	57.4	8.2	-11.5	
3.2	52.4	-1.7	5.7	
13.1	20.5	13.1	0.8	
13.1	42.6	15.5	27.8	
15.5	35.2	13.1	47.5	
3.2	50.0	18.0	22.9	
-9.1	62.3	10.6	-14.0	
8.2	35.2	5.7	-21.4	
3.2	40.1	5.7	-23.8	
-1.7	52.4	8.2	-4.1	
10.6	32.8	15.5	-26.3	
32.8	27.8	8.2	-16.4	
32.8	18.0	8.2	0.8	
18.0	45.1	5.7	3.2	
25.4	64.7	8.2	0.8	
22.9	15.5	3.2	8.2	
25.4	-4.1	8.2	-18.9	
13.1	35.2	0.8	0.8	
32.8	77.0	18.0	5.7	
15.5	57.4	13.1	-1.7	
8.2	42.6	10.6	-4.1	
-4.1	27.8	3.2	13.1	
-1.7	13.1	10.6	10.6	
-14.0	10.6	3.2	0.8	
-16.4	18.0	3.2	-23.8	
54.9	47.5	5.7	5.7	
50.0	82.0	8.2	35.2	
40.1	45.1	8.2	13.1	
20.5	42.6	3.2	3.2	
18.0	45.1	5.7	-6.6	
0.8	67.2	-1.7	-1.7	
-9.1	59.8	0.8	-9.1	
0.8	52.4	10.6	-14.0	
5.7	50.0	8.2	-16.4	
13.1	74.6	5.7	-1.7	
32.8	82.0	-4.1	15.5	
18.0	72.1	5.7	32.8	
20.5	40.1	0.8	35.2	
22.9	25.4	20.5	5.7	
35.2	27.8	13.1	-9.1	
42.6	22.9	18.0	-33.7	
40.1	3.2	13.1	-21.4	
27.8	3.2	5.7	3.2	
20.5	18.0	0.8	-11.5	
13.1	54.9	5.7	0.8	
20.5	94.3	5.7	18.0	
-4.1	35.2	5.7	32.8	
0.8	18.0	8.2	35.2	
-26.3	62.3	0.8	-9.1	
-14.0	59.8	5.7	-21.4	
0.8	35.2	13.1	-11.5	
22.9	8.2	25.4	-1.7	
20.5	27.8	13.1	10.6	
35.2	69.7	8.2	5.7	
25.4	64.7	10.6	0.8	
13.1	52.4	5.7	-6.6	
25.4	18.0	3.2	-9.1	
22.9	-1.7	5.7	-6.6	
18.0	-18.9	3.2	-1.7	
35.2	-1.7	8.2	13.1	
37.7	10.6	5.7	0.8	
13.1	10.6	13.1	-4.1	
22.9	32.8	15.5	3.2	
15.5	40.1	5.7	15.5	
5.7	35.2	5.7	25.4	
0.8	45.1	8.2	-1.7	
8.2	35.2	3.2	-16.4	
8.2	18.0	30.3	13.1	
-6.6	-21.4	18.0	10.6	
15.5	37.7	8.2	-1.7	
15.5	20.5	0.8	-1.7	
15.5	-11.5	13.1	5.7	
10.6	-18.9	13.1	8.2	
0.8	-16.4	15.5	8.2	
3.2	-16.4	15.5	-9.1	
8.2	-16.4	3.2	18.0	
10.6	-14.0	3.2	15.5	
5.7	-9.1	8.2	20.5	
5.7	25.4	3.2	-21.4	
13.1	35.2	3.2	-23.8	
15.5	3.2	22.9	-26.3	
-4.1	3.2	15.5	-28.7	
0.8	20.5	15.5	-16.4	
8.2	42.6	18.0	-4.1	
8.2	30.3	8.2	-1.7	
0.8	35.2	5.7	10.6	
20.5	72.1	5.7	22.9	
47.5	94.3	8.2	10.6	
22.9	101.6	3.2	25.4	
18.0	148.4	8.2	30.3	
-9.1	163.1	13.1	32.8	
3.2	131.2	22.9	18.0	
-11.5	91.8	15.5	3.2	
-9.1	64.7	18.0	-14.0	
-6.6	96.7	20.5	-11.5	
-6.6	109.0	20.5	-21.4	
-1.7	94.3	20.5	-9.1	
8.2	74.6	25.4	13.1	
13.1	96.7	27.8	10.6	
27.8	94.3	8.2	52.4	
67.2	111.5	3.2	35.2	
72.1	131.2	5.7	-11.5	
37.7	106.6	15.5	-9.1	
45.1	57.4	20.5	10.6	
32.8	50.0	15.5	-11.5	
42.6	77.0	15.5	-36.1	
27.8	116.4	8.2	-11.5	
35.2	67.2	18.0	-31.2	
32.8	-9.1	13.1	-9.1	
27.8	42.6	5.7	5.7	
20.5	69.7	3.2	18.0	
18.0	54.9	3.2	15.5	
8.2	25.4	3.2	10.6	
3.2	25.4	10.6	0.8	
3.2	45.1	-6.6	0.8	
0.8	62.3	8.2	-1.7	
8.2	35.2	5.7	-1.7	
13.1	-14.0	8.2	-16.4	
13.1	0.8	10.6	22.9	
-1.7	-48.4	13.1	22.9	
5.7	-31.2	5.7	20.5	
20.5	-4.1	0.8	18.0	
22.9	-21.4	0.8	32.8	
30.3	-14.0	0.8	10.6	
8.2	8.2	5.7	-11.5	
10.6	-23.8	8.2	-23.8	
10.6	-18.9	25.4	25.4	
8.2	-1.7	10.6	5.7	
10.6	-1.7	10.6	-14.0	
15.5	-21.4	5.7	-11.5	
13.1	3.2	10.6	-4.1	
3.2	13.1	8.2	-4.1	
10.6	-1.7	18.0	-9.1	
0.8	35.2	-1.7	13.1	
13.1	47.5	5.7	22.9	
15.5	42.6	5.7	3.2	
5.7	45.1	0.8	5.7	
-1.7	37.7	10.6	10.6	
-6.6	25.4	13.1	0.8	
-4.1	32.8	18.0	-16.4	
-9.1	37.7	13.1	8.2	
0.8	42.6	20.5	-4.1	
8.2	62.3	13.1	-1.7	
15.5	47.5	18.0	5.7	
42.6	37.7	8.2	-1.7	
25.4	20.5	13.1	3.2	
10.6	32.8	13.1	-4.1	
0.8	47.5	13.1	-11.5	
-1.7	50.0	8.2	0.8	
15.5	32.8	-4.1	3.2	
27.8	42.6	10.6	-6.6	
30.3	42.6	8.2	8.2	
37.7	18.0	8.2	10.6	
30.3	45.1	0.8	10.6	
13.1	47.5	5.7	-16.4	
13.1	50.0	8.2	-18.9	
13.1	59.8	10.6	-14.0	
30.3	52.4	0.8	8.2	
25.4	45.1	0.8	-18.9	
18.0	37.7	8.2	-18.9	
18.0	22.9	13.1	8.2	
13.1	37.7	5.7	5.7	
13.1	89.3	3.2	37.7	
32.8	74.6	5.7	52.4	
30.3	52.4	3.2	22.9	
35.2	27.8	15.5	-4.1	
25.4	35.2	18.0	-16.4	
22.9	52.4	15.5	0.8	
8.2	50.0	20.5	8.2	
3.2	52.4	15.5	3.2	
5.7	8.2	18.0	10.6	
13.1	5.7	18.0	18.0	
18.0	42.6	18.0	-16.4	
35.2	50.0	20.5	-11.5	
35.2	52.4	15.5	-18.9	
22.9	52.4	18.0	5.7	
18.0	54.9	13.1	3.2	
8.2	67.2	18.0	18.0	
-9.1	74.6	18.0	27.8	
-1.7	47.5	20.5	27.8	
-4.1	45.1	5.7	40.1	
22.9	77.0	13.1	20.5	
45.1	101.6	18.0	-33.7	
22.9	25.4	0.8	-6.6	
0.8	30.3	5.7	-14.0	
-6.6	20.5	0.8	-11.5	
-11.5	18.0	18.0	5.7	
13.1	-9.1	22.9	18.0	
5.7	-26.3	18.0	-21.4	
-9.1	0.8	10.6	-33.7	
5.7	-14.0	3.2	-18.9	
-21.4	8.2	5.7	-28.7	
-6.6	20.5	10.6	-6.6	
15.5	32.8	0.8	-11.5	
27.8	47.5	5.7	-18.9	
54.9	52.4	3.2	-9.1	
32.8	37.7	8.2	35.2	
8.2	-6.6	-1.7	37.7	
10.6	3.2	13.1	5.7	
0.8	25.4	20.5	0.8	
5.7	52.4	8.2	-1.7	
3.2	47.5	10.6	3.2	
22.9	42.6	13.1	-1.7	
72.1	64.7	20.5	-6.6	
54.9	62.3	18.0	-1.7	
32.8	62.3	15.5	15.5	
37.7	67.2	10.6	22.9	
18.0	62.3	-1.7	30.3	
5.7	45.1	8.2	35.2	
5.7	40.1	0.8	10.6	
27.8	42.6	5.7	-1.7	
22.9	8.2	-1.7	-55.8	
25.4	20.5	13.1	-41.0	
22.9	18.0	13.1	-14.0	
18.0	67.2	15.5	8.2	
-1.7	91.8	8.2	8.2	
-23.8	25.4	15.5	20.5	
-14.0	37.7	10.6	22.9	
13.1	35.2	8.2	13.1	
25.4	13.1	8.2	-28.7	
37.7	27.8	18.0	-28.7	
27.8	30.3	10.6	-1.7	
13.1	77.0	-1.7	13.1	
15.5	82.0	-1.7	8.2	
10.6	10.6	10.6	13.1	
10.6	-21.4	3.2	0.8	
0.8	20.5	5.7	-1.7	
13.1	32.8	-4.1	-4.1	
10.6	25.4	8.2	8.2	
0.8	35.2	10.6	-1.7	
27.8	25.4	10.6	-4.1	
13.1	30.3	13.1	3.2	
0.8	32.8	13.1	-21.4	
-4.1	20.5	15.5	-16.4	
13.1	22.9	10.6	10.6	
22.9	25.4	13.1	0.8	
22.9	47.5	18.0	15.5	
18.0	62.3	10.6	27.8	
15.5	79.5	5.7	47.5	
18.0	69.7	0.8	25.4	
25.4	59.8	-9.1	15.5	
15.5	84.4	5.7	3.2	
20.5	82.0	8.2	13.1	
32.8	32.8	5.7	18.0	
35.2	15.5	5.7	-16.4	
30.3	-4.1	3.2	-21.4	
30.3	-26.3	0.8	-14.0	
25.4	5.7	0.8	-4.1	
15.5	45.1	15.5	18.0	
15.5	82.0	8.2	10.6	
22.9	45.1	15.5	3.2	
8.2	35.2	15.5	10.6	
0.8	18.0	18.0	-6.6	
-9.1	22.9	3.2	-4.1	
5.7	62.3	5.7	-4.1	
15.5	57.4	10.6	0.8	
8.2	32.8	8.2	8.2	
13.1	22.9	8.2	13.1	
25.4	30.3	5.7	22.9	
20.5	40.1	0.8	22.9	
30.3	30.3	8.2	0.8	
27.8	22.9	10.6	-14.0	
22.9	35.2	8.2	-16.4	
15.5	32.8	13.1	-9.1	
27.8	25.4	8.2	25.4	
13.1	40.1	15.5	13.1	
20.5	57.4	25.4	18.0	
0.8	62.3	10.6	32.8	
0.8	64.7	8.2	-1.7	
10.6	72.1	8.2	-18.9	
10.6	72.1	13.1	-6.6	
-1.7	74.6	-4.1	5.7	
-9.1	59.8	5.7	18.0	
-1.7	25.4	13.1	8.2	
-14.0	-31.2	8.2	0.8	
10.6	-41.0	3.2	-9.1	
18.0	22.9	8.2	-1.7	
22.9	69.7	5.7	-6.6	
18.0	64.7	8.2	10.6	
15.5	35.2	13.1	3.2	
22.9	10.6	5.7	0.8	
18.0	18.0	8.2	8.2	
32.8	32.8	15.5	3.2	
25.4	20.5	13.1	18.0	
27.8	30.3	22.9	8.2	
15.5	27.8	5.7	10.6	
0.8	32.8	-1.7	22.9	
-6.6	45.1	3.2	35.2	
-1.7	35.2	13.1	3.2	
-4.1	22.9	10.6	-16.4	
5.7	40.1	13.1	8.2	
-1.7	37.7	15.5	-11.5	
3.2	47.5	15.5	-18.9	
5.7	54.9	3.2	-16.4	
15.5	45.1	0.8	-9.1	
20.5	45.1	10.6	-14.0	
3.2	52.4	3.2	0.8	
52.4	47.5	3.2	-9.1	
13.1	27.8	0.8	8.2	
13.1	30.3	5.7	13.1	
18.0	15.5	3.2	15.5	
8.2	5.7	18.0	20.5	
-4.1	30.3	20.5	10.6	
3.2	35.2	10.6	-6.6	
22.9	32.8	0.8	-16.4	
8.2	52.4	0.8	-6.6	
5.7	69.7	10.6	0.8	
8.2	77.0	13.1	-9.1	
8.2	40.1	10.6	10.6	
-1.7	27.8	0.8	8.2	
5.7	37.7	8.2	10.6	
25.4	45.1	0.8	13.1	
22.9	59.8	8.2	35.2	
15.5	32.8	3.2	0.8	
32.8	13.1	25.4	-4.1	
64.7	27.8	3.2	0.8	
52.4	27.8	18.0	-23.8	
52.4	45.1	10.6	-21.4	
52.4	50.0	20.5	-9.1	
40.1	45.1	18.0	-1.7	
35.2	40.1	15.5	-1.7	
22.9	8.2	13.1	3.2	
27.8	40.1	5.7	0.8	
27.8	37.7	8.2	-6.6	
20.5	18.0	3.2	8.2	
20.5	25.4	5.7	8.2	
22.9	32.8	0.8	5.7	
15.5	50.0	8.2	13.1	
27.8	57.4	10.6	8.2	
10.6	64.7	8.2	15.5	
0.8	52.4	15.5	25.4	
8.2	40.1	13.1	-4.1	
-11.5	67.2	13.1	-4.1	
-23.8	47.5	8.2	3.2	
-6.6	79.5	3.2	15.5	
-14.0	104.1	5.7	15.5	
0.8	69.7	13.1	8.2	
18.0	-1.7	15.5	-9.1	
37.7	-14.0	18.0	-9.1	
27.8	18.0	8.2	0.8	
32.8	37.7	13.1	5.7	
30.3	47.5	13.1	-1.7	
25.4	64.7	22.9	-9.1	
18.0	54.9	22.9	-14.0	
13.1	42.6	13.1	-9.1	
3.2	40.1	13.1	0.8	
-1.7	50.0	8.2	5.7	
15.5	32.8	-1.7	15.5	
27.8	35.2	5.7	30.3	
18.0	45.1	5.7	5.7	
15.5	32.8	25.4	-1.7	
18.0	35.2	15.5	-4.1	
27.8	50.0	20.5	18.0	
30.3	47.5	22.9	15.5	
15.5	37.7	3.2	8.2	
10.6	30.3	10.6	-14.0	
0.8	45.1	8.2	-41.0	
0.8	57.4	5.7	-28.7	
13.1	79.5	15.5	-16.4	
8.2	86.9	25.4	3.2	
18.0	30.3	8.2	42.6	
22.9	42.6	3.2	57.4	
25.4	69.7	13.1	15.5	
25.4	-11.5	22.9	3.2	
37.7	0.8	15.5	-9.1	
37.7	10.6	15.5	3.2	
13.1	35.2	13.1	8.2	
0.8	54.9	18.0	5.7	
-4.1	69.7	20.5	18.0	
3.2	50.0	5.7	40.1	
35.2	18.0	5.7	50.0	
22.9	10.6	15.5	20.5	
8.2	-9.1	10.6	-6.6	
-6.6	-6.6	20.5	-14.0	
3.2	18.0	8.2	-33.7	
10.6	42.6	5.7	-41.0	
18.0	35.2	8.2	-28.7	
27.8	30.3	5.7	3.2	
50.0	45.1	5.7	-1.7	
47.5	54.9	20.5	25.4	
27.8	54.9	5.7	30.3	
22.9	57.4	-1.7	35.2	
20.5	54.9	8.2	35.2	
13.1	62.3	0.8	-4.1	
-1.7	42.6	0.8	0.8	
8.2	50.0	3.2	-4.1	
15.5	50.0	0.8	-4.1	
25.4	15.5	5.7	10.6	
15.5	30.3	5.7	-9.1	
5.7	27.8	3.2	3.2	
-4.1	-18.9	8.2	5.7	
-1.7	-11.5	8.2	-1.7	
0.8	8.2	8.2	-1.7	
32.8	57.4	-1.7	13.1	
18.0	69.7	0.8	25.4	
8.2	72.1	3.2	18.0	
3.2	79.5	10.6	25.4	
54.9	67.2	3.2	35.2	
8.2	54.9	3.2	20.5	
-1.7	47.5	8.2	22.9	
-6.6	47.5	5.7	-11.5	
-1.7	37.7	10.6	-26.3	
18.0	42.6	0.8	8.2	
40.1	45.1	-4.1	-21.4	
22.9	37.7	-4.1	-14.0	
15.5	30.3	-1.7	3.2	
-1.7	30.3	0.8	-33.7	
-6.6	35.2	0.8	-14.0	
8.2	50.0	5.7	10.6	
-4.1	30.3	13.1	8.2	
13.1	30.3	15.5	10.6	
37.7	45.1	13.1	3.2	
30.3	52.4	18.0	5.7	
-6.6	54.9	5.7	-1.7	
5.7	45.1	-4.1	-9.1	
13.1	45.1	15.5	5.7	
22.9	47.5	5.7	27.8	
8.2	42.6	13.1	25.4	
15.5	8.2	22.9	-14.0	
37.7	22.9	15.5	-4.1	
52.4	5.7	10.6	5.7	
15.5	22.9	13.1	3.2	
0.8	67.2	8.2	13.1	
3.2	69.7	-1.7	20.5	
15.5	64.7	8.2	30.3	
25.4	84.4	8.2	25.4	
25.4	27.8	-1.7	22.9	
20.5	57.4	18.0	8.2	
20.5	37.7	18.0	-9.1	
15.5	79.5	13.1	8.2	
20.5	18.0	13.1	8.2	
13.1	22.9	18.0	15.5	
18.0	35.2	18.0	8.2	
13.1	-4.1	5.7	0.8	
25.4	5.7	10.6	-9.1	
32.8	15.5	15.5	-18.9	
45.1	37.7	10.6	-6.6	
45.1	57.4	5.7	8.2	
35.2	-6.6	13.1	-11.5	
27.8	-9.1	5.7	-9.1	
18.0	-4.1	13.1	-6.6	
8.2	22.9	18.0	8.2	
-11.5	64.7	13.1	3.2	
-16.4	86.9	15.5	-4.1	
-21.4	74.6	15.5	3.2	
-26.3	25.4	8.2	3.2	
-16.4	37.7	-6.6	3.2	
35.2	30.3	5.7	3.2	
45.1	45.1	-9.1	8.2	
30.3	62.3	3.2	-1.7	
18.0	59.8	8.2	-1.7	
15.5	52.4	3.2	10.6	
25.4	37.7	8.2	-6.6	
27.8	22.9	3.2	-9.1	
27.8	45.1	15.5	-9.1	
8.2	47.5	18.0	-1.7	
3.2	20.5	8.2	10.6	
0.8	35.2	8.2	5.7	
-1.7	45.1	8.2	0.8	
-1.7	42.6	15.5	-6.6	
10.6	50.0	15.5	8.2	
0.8	62.3	25.4	18.0	
13.1	52.4	8.2	27.8	
22.9	32.8	5.7	25.4	
25.4	35.2	0.8	32.8	
15.5	3.2	5.7	13.1	
5.7	-23.8	18.0	15.5	
10.6	-14.0	8.2	-16.4	
15.5	20.5	-4.1	-55.8	
18.0	22.9	5.7	-21.4	
32.8	32.8	10.6	-9.1	
13.1	40.1	5.7	0.8	
18.0	77.0	15.5	-6.6	
25.4	69.7	20.5	0.8	
15.5	84.4	13.1	-1.7	
27.8	59.8	15.5	5.7	
8.2	79.5	13.1	22.9	
3.2	84.4	13.1	18.0	
0.8	69.7	20.5	18.0	
-9.1	67.2	27.8	5.7	
-4.1	40.1	8.2	-18.9	
3.2	37.7	3.2	-6.6	
8.2	40.1	10.6	-9.1	
22.9	0.8	5.7	22.9	
8.2	22.9	3.2	22.9	
13.1	35.2	8.2	-9.1	
15.5	50.0	10.6	-6.6	
25.4	45.1	3.2	0.8	
42.6	35.2	-1.7	3.2	
25.4	8.2	-1.7	-4.1	
40.1	15.5	8.2	-4.1	
64.7	3.2	5.7	8.2	
40.1	5.7	8.2	-21.4	
27.8	15.5	0.8	-16.4	
18.0	40.1	3.2	3.2	
13.1	40.1	8.2	13.1	
20.5	25.4	-1.7	13.1	
20.5	35.2	3.2	-1.7	
3.2	74.6	15.5	-11.5	
-6.6	57.4	20.5	0.8	
-6.6	30.3	13.1	0.8	
-4.1	40.1	15.5	22.9	
-9.1	5.7	22.9	22.9	
-4.1	37.7	5.7	3.2	
27.8	47.5	-6.6	3.2	
15.5	45.1	-1.7	5.7	
18.0	13.1	5.7	3.2	
20.5	13.1	10.6	-1.7	
15.5	18.0	5.7	15.5	
13.1	25.4	3.2	5.7	
22.9	15.5	5.7	3.2	
30.3	18.0	8.2	3.2	
32.8	32.8	8.2	3.2	
27.8	47.5	8.2	-4.1	
18.0	54.9	5.7	-4.1	
13.1	37.7	18.0	-14.0	
-4.1	62.3	13.1	-4.1	
-14.0	52.4	13.1	-1.7	
-9.1	59.8	10.6	-21.4	
-4.1	54.9	0.8	-1.7	
10.6	72.1	-1.7	-4.1	
13.1	59.8	13.1	13.1	
15.5	42.6	10.6	22.9	
22.9	20.5	5.7	-1.7	
8.2	37.7	-1.7	-11.5	
3.2	50.0	3.2	-16.4	
-1.7	54.9	5.7	-4.1	
-1.7	18.0	3.2	5.7	
25.4	-21.4	-1.7	20.5	
32.8	-9.1	8.2	20.5	
27.8	0.8	13.1	3.2	
3.2	0.8	13.1	-4.1	
20.5	0.8	3.2	15.5	
52.4	45.1	5.7	20.5	
20.5	45.1	15.5	22.9	
18.0	35.2	3.2	15.5	
20.5	69.7	5.7	20.5	
0.8	59.8	20.5	-16.4	
20.5	40.1	15.5	-23.8	
20.5	27.8	18.0	3.2	
-6.6	13.1	5.7	-9.1	
-18.9	-1.7	5.7	-18.9	
-18.9	32.8	13.1	25.4	
-16.4	45.1	15.5	45.1	
-14.0	35.2	0.8	18.0	
8.2	62.3	-1.7	5.7	
37.7	62.3	5.7	-6.6	
35.2	67.2	5.7	-9.1	
5.7	64.7	18.0	-6.6	
-1.7	50.0	18.0	3.2	
3.2	15.5	3.2	5.7	
5.7	30.3	0.8	18.0	
3.2	3.2	20.5	15.5	
5.7	-6.6	13.1	18.0	
3.2	3.2	8.2	10.6	
15.5	18.0	10.6	0.8	
15.5	3.2	10.6	-6.6	
15.5	20.5	10.6	15.5	
22.9	47.5	5.7	22.9	
25.4	106.6	10.6	22.9	
25.4	59.8	15.5	15.5	
20.5	40.1	10.6	8.2	
5.7	35.2	8.2	-14.0	
13.1	67.2	10.6	-6.6	
10.6	79.5	5.7	3.2	
15.5	84.4	8.2	3.2	
18.0	74.6	8.2	0.8	
22.9	54.9	13.1	-16.4	
22.9	67.2	8.2	-4.1	
27.8	25.4	8.2	13.1	
20.5	-6.6	15.5	27.8	
27.8	-21.4	5.7	30.3	
13.1	-16.4	3.2	22.9	
-4.1	0.8	10.6	8.2	
-4.1	0.8	-1.7	18.0	
8.2	-9.1	10.6	10.6	
13.1	10.6	8.2	5.7	
22.9	50.0	3.2	-33.7	
22.9	86.9	0.8	-1.7	
27.8	77.0	-1.7	27.8	
18.0	47.5	5.7	15.5	
20.5	62.3	18.0	15.5	
8.2	5.7	8.2	13.1	
5.7	22.9	5.7	13.1	
45.1	25.4	5.7	-9.1	
37.7	37.7	5.7	-21.4	
-1.7	35.2	13.1	0.8	
13.1	30.3	5.7	45.1	
42.6	62.3	8.2	37.7	
37.7	50.0	15.5	-9.1	
22.9	27.8	15.5	-1.7	
40.1	62.3	18.0	-43.5	
5.7	32.8	20.5	-11.5	
-9.1	25.4	3.2	0.8	
18.0	0.8	0.8	-14.0	
27.8	-4.1	8.2	-18.9	
8.2	30.3	5.7	-23.8	
0.8	62.3	8.2	-11.5	
13.1	42.6	5.7	10.6	
27.8	42.6	0.8	25.4	
22.9	40.1	-1.7	54.9	
18.0	8.2	13.1	22.9	
20.5	18.0	15.5	5.7	
10.6	42.6	18.0	15.5	
0.8	18.0	18.0	32.8	
-11.5	3.2	5.7	18.0	
-6.6	30.3	-1.7	0.8	
0.8	45.1	10.6	3.2	
13.1	27.8	15.5	5.7	
27.8	22.9	8.2	13.1	
42.6	10.6	0.8	35.2	
27.8	-18.9	3.2	25.4	
25.4	32.8	10.6	5.7	
18.0	67.2	8.2	5.7	
20.5	62.3	0.8	10.6	
35.2	52.4	8.2	-6.6	
22.9	74.6	3.2	-21.4	
13.1	69.7	13.1	5.7	
22.9	57.4	8.2	3.2	
10.6	47.5	-9.1	-1.7	
18.0	47.5	8.2	-9.1	
18.0	47.5	10.6	-9.1	
3.2	62.3	18.0	-6.6	
13.1	45.1	8.2	-11.5	
27.8	22.9	5.7	-1.7	
45.1	15.5	10.6	10.6	
30.3	69.7	5.7	3.2	
30.3	77.0	13.1	-1.7	
22.9	54.9	5.7	-6.6	
13.1	82.0	3.2	-11.5	
8.2	42.6	18.0	0.8	
-6.6	8.2	13.1	3.2	
-18.9	-9.1	13.1	-9.1	
-11.5	10.6	10.6	-9.1	
-18.9	18.0	5.7	3.2	
20.5	32.8	5.7	22.9	
18.0	62.3	0.8	5.7	
18.0	77.0	5.7	18.0	
20.5	69.7	5.7	27.8	
22.9	82.0	8.2	18.0	
10.6	69.7	5.7	10.6	
35.2	45.1	15.5	5.7	
35.2	27.8	10.6	3.2	
25.4	42.6	3.2	5.7	
22.9	20.5	8.2	-11.5	
25.4	-1.7	8.2	-9.1	
18.0	-1.7	8.2	-6.6	
10.6	-14.0	0.8	0.8	
13.1	-14.0	5.7	3.2	
8.2	20.5	10.6	-1.7	
3.2	27.8	-1.7	-1.7	
8.2	35.2	0.8	-18.9	
5.7	47.5	8.2	-1.7	
18.0	27.8	10.6	-9.1	
18.0	37.7	8.2	-4.1	
5.7	25.4	8.2	-4.1	
3.2	25.4	20.5	-9.1	
3.2	27.8	15.5	27.8	
5.7	45.1	5.7	27.8	
3.2	35.2	15.5	3.2	
3.2	59.8	20.5	3.2	
0.8	69.7	13.1	-4.1	
22.9	50.0	15.5	-6.6	
22.9	40.1	10.6	8.2	
18.0	54.9	3.2	13.1	
8.2	35.2	-4.1	18.0	
-9.1	42.6	3.2	8.2	
-18.9	45.1	5.7	-9.1	
-11.5	64.7	15.5	-21.4	
3.2	54.9	10.6	-26.3	
40.1	32.8	8.2	0.8	
42.6	30.3	5.7	10.6	
27.8	20.5	3.2	10.6	
30.3	50.0	5.7	10.6	
13.1	64.7	13.1	5.7	
25.4	45.1	20.5	3.2	
18.0	25.4	20.5	-1.7	
32.8	25.4	18.0	8.2	
25.4	45.1	10.6	0.8	
25.4	42.6	3.2	0.8	
18.0	27.8	8.2	-14.0	
15.5	20.5	8.2	-6.6	
13.1	3.2	5.7	-11.5	
5.7	13.1	-4.1	0.8	
3.2	52.4	3.2	-1.7	
3.2	25.4	8.2	5.7	
-11.5	-14.0	10.6	5.7	
-14.0	-9.1	0.8	-9.1	
-1.7	-6.6	5.7	25.4	
3.2	30.3	3.2	59.8	
8.2	13.1	-1.7	35.2	
5.7	18.0	8.2	15.5	
18.0	22.9	5.7	-11.5	
35.2	27.8	10.6	-4.1	
30.3	25.4	3.2	5.7	
15.5	30.3	13.1	-21.4	
13.1	15.5	10.6	-23.8	
8.2	-33.7	8.2	-18.9	
0.8	-63.2	3.2	-18.9	
-6.6	-28.7	0.8	13.1	
-16.4	-9.1	3.2	22.9	
-11.5	5.7	22.9	27.8	
-18.9	18.0	18.0	22.9	
-21.4	5.7	8.2	13.1	
-21.4	-11.5	0.8	8.2	
5.7	-1.7	15.5	8.2	
-9.1	8.2	13.1	-6.6	
67.2	8.2	13.1	-11.5	
62.3	25.4	10.6	-1.7	
25.4	40.1	-1.7	10.6	
20.5	69.7	13.1	22.9	
13.1	72.1	5.7	8.2	
20.5	86.9	0.8	0.8	
5.7	79.5	8.2	5.7	
5.7	74.6	5.7	0.8	
5.7	79.5	8.2	3.2	
8.2	96.7	-1.7	-4.1	
18.0	104.1	-1.7	-21.4	
35.2	131.2	-4.1	-4.1	
40.1	123.8	-4.1	5.7	
45.1	116.4	5.7	13.1	
30.3	113.9	5.7	-18.9	
37.7	99.2	8.2	-4.1	
37.7	94.3	8.2	3.2	
42.6	111.5	-1.7	10.6	
22.9	133.6	-1.7	45.1	
18.0	123.8	5.7	20.5	
18.0	89.3	13.1	3.2	
13.1	82.0	5.7	-4.1	
20.5	79.5	8.2	3.2	
25.4	84.4	8.2	5.7	
18.0	79.5	13.1	-11.5	
22.9	72.1	15.5	-14.0	
37.7	74.6	13.1	-6.6	
25.4	101.6	15.5	-9.1	
18.0	67.2	15.5	3.2	
8.2	52.4	10.6	3.2	
-21.4	18.0	5.7	-14.0	
22.9	15.5	3.2	-18.9	
42.6	20.5	22.9	-14.0	
40.1	20.5	13.1	-1.7	
47.5	0.8	8.2	22.9	
30.3	-28.7	3.2	35.2	
22.9	8.2	13.1	35.2	
3.2	-4.1	-1.7	18.0	
-11.5	3.2	-1.7	32.8	
-23.8	8.2	8.2	13.1	
-18.9	15.5	3.2	0.8	
-11.5	18.0	8.2	-1.7	
-4.1	20.5	8.2	3.2	
5.7	3.2	15.5	5.7	
20.5	-4.1	22.9	25.4	
30.3	-1.7	18.0	30.3	
10.6	25.4	10.6	22.9	
5.7	22.9	3.2	22.9	
-18.9	-4.1	8.2	10.6	
-1.7	35.2	8.2	18.0	
3.2	18.0	15.5	-4.1	
20.5	20.5	8.2	5.7	
32.8	-16.4	10.6	-33.7	
25.4	-23.8	10.6	-48.4	
13.1	-28.7	15.5	-36.1	
13.1	-11.5	10.6	-11.5	
27.8	5.7	13.1	20.5	
22.9	-4.1	8.2	32.8	
8.2	-4.1	3.2	25.4	
5.7	27.8	5.7	18.0	
20.5	72.1	8.2	-4.1	
13.1	74.6	0.8	0.8	
3.2	40.1	-1.7	10.6	
0.8	37.7	8.2	-1.7	
40.1	35.2	0.8	-14.0	
32.8	42.6	3.2	8.2	
32.8	37.7	13.1	15.5	
13.1	45.1	13.1	27.8	
25.4	62.3	5.7	18.0	
3.2	59.8	10.6	27.8	
-1.7	62.3	3.2	5.7	
0.8	47.5	0.8	-9.1	
0.8	22.9	3.2	-9.1	
0.8	13.1	13.1	-28.7	
0.8	8.2	18.0	-21.4	
5.7	3.2	15.5	-14.0	
20.5	0.8	-1.7	-1.7	
25.4	35.2	0.8	-1.7	
35.2	45.1	13.1	0.8	
22.9	69.7	10.6	22.9	
18.0	54.9	10.6	20.5	
30.3	-4.1	22.9	8.2	
22.9	13.1	13.1	-1.7	
27.8	45.1	0.8	-16.4	
8.2	32.8	0.8	-6.6	
-1.7	47.5	10.6	15.5	
-4.1	62.3	8.2	13.1	
3.2	30.3	5.7	10.6	
5.7	47.5	8.2	13.1	
8.2	47.5	10.6	15.5	
0.8	40.1	-6.6	3.2	
15.5	18.0	20.5	-9.1	
15.5	-16.4	10.6	-16.4	
22.9	-28.7	0.8	3.2	
22.9	-9.1	3.2	5.7	
22.9	-11.5	-6.6	5.7	
27.8	27.8	5.7	3.2	
25.4	69.7	5.7	-4.1	
22.9	106.6	3.2	-1.7	
25.4	67.2	10.6	0.8	
18.0	3.2	5.7	-1.7	
20.5	-23.8	5.7	-1.7	
18.0	-11.5	3.2	30.3	
15.5	32.8	10.6	45.1	
3.2	50.0	-1.7	25.4	
5.7	77.0	5.7	-6.6	
5.7	77.0	13.1	-11.5	
5.7	59.8	10.6	-6.6	
0.8	37.7	0.8	0.8	
22.9	57.4	8.2	20.5	
32.8	62.3	-1.7	18.0	
13.1	42.6	5.7	-31.2	
8.2	25.4	8.2	-16.4	
-9.1	30.3	8.2	-9.1	
8.2	22.9	8.2	0.8	
-1.7	30.3	3.2	10.6	
-1.7	10.6	0.8	8.2	
20.5	25.4	3.2	3.2	
35.2	30.3	8.2	3.2	
45.1	35.2	3.2	-1.7	
30.3	40.1	3.2	18.0	
30.3	32.8	-4.1	10.6	
30.3	27.8	5.7	8.2	
20.5	20.5	8.2	-6.6	
8.2	30.3	3.2	-16.4	
13.1	30.3	10.6	-16.4	
25.4	47.5	3.2	-9.1	
20.5	22.9	8.2	-6.6	
13.1	27.8	0.8	8.2	
8.2	30.3	10.6	0.8	
0.8	22.9	-1.7	0.8	
-4.1	27.8	8.2	3.2	
-6.6	27.8	3.2	8.2	
10.6	32.8	8.2	-11.5	
20.5	62.3	5.7	-1.7	
25.4	72.1	0.8	-14.0	
30.3	62.3	-4.1	15.5	
45.1	54.9	0.8	47.5	
37.7	72.1	-4.1	32.8	
50.0	72.1	13.1	13.1	
30.3	72.1	22.9	-16.4	
20.5	50.0	13.1	-23.8	
8.2	37.7	5.7	-6.6	
-4.1	35.2	0.8	-14.0	
15.5	-9.1	-1.7	5.7	
10.6	-1.7	10.6	32.8	
-1.7	5.7	10.6	22.9	
10.6	-18.9	0.8	18.0	
-4.1	18.0	5.7	22.9	
-9.1	22.9	13.1	5.7	
0.8	32.8	15.5	-4.1	
5.7	35.2	15.5	-1.7	
3.2	30.3	8.2	-1.7	
20.5	27.8	-1.7	-11.5	
30.3	30.3	10.6	-9.1	
20.5	27.8	-1.7	-14.0	
10.6	45.1	5.7	5.7	
13.1	52.4	5.7	8.2	
15.5	54.9	-1.7	15.5	
10.6	40.1	3.2	18.0	
3.2	54.9	5.7	-9.1	
-11.5	57.4	10.6	-11.5	
-1.7	47.5	5.7	-14.0	
-4.1	37.7	8.2	-16.4	
27.8	27.8	18.0	-4.1	
18.0	50.0	0.8	3.2	
18.0	59.8	5.7	3.2	
15.5	40.1	0.8	0.8	
27.8	8.2	13.1	-9.1	
0.8	8.2	15.5	-1.7	
8.2	10.6	10.6	-1.7	
22.9	37.7	15.5	18.0	
15.5	45.1	13.1	25.4	
40.1	27.8	13.1	5.7	
15.5	35.2	0.8	3.2	
18.0	32.8	5.7	0.8	
45.1	35.2	0.8	-4.1	
27.8	35.2	8.2	5.7	
22.9	50.0	10.6	5.7	
27.8	32.8	3.2	8.2	
20.5	27.8	3.2	-6.6	
13.1	54.9	3.2	-6.6	
18.0	37.7	10.6	-9.1	
15.5	40.1	-1.7	5.7	
20.5	18.0	10.6	15.5	
13.1	-36.1	-1.7	5.7	
8.2	-9.1	-1.7	15.5	
8.2	35.2	18.0	15.5	
8.2	52.4	10.6	8.2	
5.7	50.0	0.8	5.7	
13.1	40.1	0.8	5.7	
15.5	40.1	8.2	5.7	
18.0	47.5	5.7	8.2	
15.5	32.8	5.7	10.6	
-1.7	35.2	3.2	5.7	
-4.1	42.6	-1.7	-16.4	
-6.6	52.4	3.2	-21.4	
-6.6	79.5	8.2	-14.0	
-4.1	35.2	13.1	-11.5	
5.7	20.5	8.2	-1.7	
3.2	15.5	8.2	18.0	
5.7	25.4	8.2	32.8	
8.2	8.2	-1.7	5.7	
20.5	-4.1	13.1	5.7	
30.3	5.7	20.5	-9.1	
25.4	10.6	10.6	13.1	
22.9	15.5	15.5	5.7	
15.5	25.4	5.7	-1.7	
22.9	35.2	15.5	5.7	
18.0	32.8	8.2	5.7	
22.9	35.2	5.7	18.0	
45.1	40.1	3.2	32.8	
37.7	18.0	0.8	18.0	
30.3	22.9	8.2	22.9	
22.9	15.5	8.2	42.6	
15.5	35.2	0.8	8.2	
32.8	67.2	0.8	-18.9	
22.9	64.7	-1.7	-38.6	
15.5	30.3	8.2	-26.3	
5.7	50.0	13.1	-21.4	
13.1	64.7	13.1	0.8	
18.0	62.3	5.7	5.7	
5.7	67.2	-1.7	10.6	
-11.5	89.3	3.2	8.2	
-16.4	79.5	10.6	8.2	
-9.1	74.6	5.7	5.7	
-11.5	62.3	0.8	-14.0	
0.8	35.2	18.0	-6.6	
8.2	10.6	13.1	18.0	
5.7	10.6	13.1	30.3	
10.6	37.7	15.5	35.2	
0.8	62.3	0.8	45.1	
-4.1	37.7	13.1	27.8	
-1.7	-11.5	13.1	47.5	
3.2	-18.9	15.5	35.2	
32.8	-14.0	5.7	32.8	
20.5	22.9	0.8	-16.4	
22.9	-21.4	13.1	-18.9	
15.5	-28.7	8.2	-33.7	
22.9	-21.4	3.2	-14.0	
22.9	3.2	10.6	8.2	
5.7	25.4	5.7	-6.6	
0.8	50.0	8.2	-18.9	
18.0	35.2	3.2	-1.7	
27.8	18.0	5.7	0.8	
25.4	37.7	-1.7	10.6	
22.9	13.1	3.2	15.5	
5.7	27.8	8.2	13.1	
3.2	30.3	3.2	0.8	
-4.1	45.1	18.0	18.0	
8.2	74.6	10.6	18.0	
18.0	64.7	8.2	3.2	
47.5	30.3	10.6	8.2	
54.9	20.5	5.7	0.8	
37.7	25.4	5.7	-11.5	
20.5	35.2	-1.7	8.2	
15.5	45.1	8.2	10.6	
5.7	47.5	-9.1	15.5	
3.2	52.4	0.8	13.1	
-4.1	40.1	3.2	15.5	
5.7	52.4	0.8	13.1	
5.7	42.6	0.8	5.7	
5.7	47.5	8.2	0.8	
62.3	42.6	5.7	-11.5	
32.8	47.5	3.2	-4.1	
32.8	45.1	-6.6	-1.7	
32.8	47.5	5.7	-4.1	
32.8	47.5	10.6	10.6	
15.5	37.7	-1.7	-16.4	
13.1	57.4	5.7	-4.1	
27.8	47.5	18.0	18.0	
27.8	52.4	13.1	15.5	
22.9	47.5	20.5	8.2	
15.5	45.1	13.1	-4.1	
20.5	52.4	10.6	10.6	
27.8	57.4	5.7	22.9	
32.8	42.6	10.6	15.5	
22.9	50.0	8.2	5.7	
8.2	62.3	3.2	10.6	
0.8	59.8	8.2	5.7	
-1.7	42.6	-4.1	-1.7	
10.6	22.9	-1.7	-14.0	
3.2	30.3	5.7	0.8	
18.0	35.2	-1.7	-6.6	
32.8	8.2	5.7	-6.6	
42.6	15.5	8.2	18.0	
35.2	40.1	10.6	3.2	
27.8	42.6	-4.1	-4.1	
20.5	18.0	5.7	5.7	
3.2	25.4	13.1	0.8	
-14.0	79.5	5.7	-14.0	
-1.7	96.7	-1.7	8.2	
-4.1	54.9	5.7	-1.7	
-1.7	64.7	8.2	-6.6	
8.2	35.2	0.8	5.7	
30.3	45.1	5.7	-6.6	
35.2	40.1	8.2	15.5	
32.8	42.6	3.2	15.5	
25.4	40.1	0.8	8.2	
8.2	35.2	5.7	-11.5	
18.0	27.8	-4.1	-28.7	
5.7	42.6	5.7	0.8	
13.1	42.6	13.1	15.5	
5.7	54.9	8.2	18.0	
13.1	57.4	8.2	13.1	
8.2	54.9	0.8	15.5	
-1.7	50.0	5.7	30.3	
10.6	47.5	10.6	8.2	
13.1	59.8	5.7	-9.1	
37.7	25.4	8.2	-6.6	
20.5	25.4	3.2	3.2	
22.9	42.6	8.2	5.7	
20.5	37.7	5.7	8.2	
13.1	40.1	15.5	-1.7	
8.2	35.2	13.1	-1.7	
5.7	74.6	10.6	13.1	
3.2	91.8	3.2	15.5	
5.7	96.7	3.2	-4.1	
3.2	96.7	3.2	-9.1	
-6.6	57.4	0.8	-4.1	
-4.1	40.1	-1.7	10.6	
-6.6	18.0	10.6	10.6	
-14.0	-9.1	10.6	3.2	
35.2	-23.8	8.2	-11.5	
22.9	-6.6	5.7	-21.4	
25.4	10.6	-1.7	-18.9	
25.4	8.2	0.8	8.2	
-1.7	-41.0	5.7	3.2	
-21.4	-14.0	3.2	5.7	
0.8	8.2	18.0	5.7	
5.7	18.0	5.7	-6.6	
45.1	47.5	13.1	-4.1	
59.8	37.7	13.1	-1.7	
47.5	3.2	10.6	-1.7	
27.8	13.1	3.2	3.2	
27.8	22.9	13.1	13.1	
13.1	47.5	15.5	8.2	
8.2	32.8	15.5	0.8	
8.2	35.2	13.1	8.2	
0.8	25.4	8.2	8.2	
15.5	10.6	5.7	8.2	
13.1	25.4	0.8	20.5	
20.5	72.1	5.7	40.1	
22.9	52.4	3.2	32.8	
20.5	42.6	3.2	45.1	
27.8	37.7	3.2	22.9	
27.8	72.1	5.7	20.5	
27.8	72.1	5.7	0.8	
0.8	45.1	-1.7	-4.1	
5.7	8.2	5.7	-70.6	
8.2	-21.4	-1.7	-50.9	
0.8	0.8	10.6	-26.3	
-1.7	8.2	18.0	-16.4	
0.8	3.2	18.0	-6.6	
5.7	52.4	18.0	-4.1	
18.0	79.5	10.6	-9.1	
25.4	84.4	13.1	-4.1	
27.8	106.6	10.6	3.2	
22.9	79.5	0.8	-6.6	
25.4	69.7	0.8	5.7	
20.5	79.5	10.6	-9.1	
30.3	111.5	18.0	-4.1	
25.4	136.1	5.7	-4.1	
27.8	62.3	0.8	3.2	
22.9	30.3	8.2	5.7	
27.8	-55.8	13.1	5.7	
32.8	-36.1	3.2	13.1	
20.5	-36.1	5.7	15.5	
8.2	-4.1	-1.7	3.2	
20.5	77.0	0.8	-6.6	
22.9	40.1	0.8	0.8	
27.8	27.8	-4.1	5.7	
18.0	22.9	-9.1	15.5	
15.5	74.6	-9.1	18.0	
8.2	89.3	-4.1	10.6	
22.9	57.4	-1.7	0.8	
25.4	18.0	3.2	5.7	
22.9	-28.7	-11.5	5.7	
30.3	-77.9	0.8	-6.6	
22.9	-87.8	3.2	-16.4	
27.8	-18.9	-4.1	-1.7	
3.2	8.2	-9.1	5.7	
3.2	-1.7	5.7	8.2	
-1.7	15.5	5.7	10.6	
-11.5	47.5	10.6	-4.1	
-4.1	32.8	3.2	0.8	
8.2	42.6	-1.7	10.6	
8.2	54.9	18.0	10.6	
20.5	52.4	8.2	18.0	
-1.7	45.1	13.1	18.0	
-4.1	30.3	13.1	-16.4	
3.2	54.9	3.2	-1.7	
-1.7	59.8	13.1	-16.4	
8.2	45.1	13.1	-11.5	
13.1	22.9	0.8	-16.4	
50.0	22.9	5.7	3.2	
0.8	37.7	8.2	8.2	
10.6	59.8	-11.5	-1.7	
15.5	42.6	-16.4	-11.5	
20.5	35.2	-9.1	-1.7	
30.3	35.2	-11.5	-4.1	
37.7	35.2	-18.9	-16.4	
25.4	35.2	3.2	3.2	
0.8	54.9	-14.0	13.1	
0.8	50.0	-9.1	22.9	
-6.6	47.5	-1.7	22.9	
-1.7	35.2	30.3	-6.6	
5.7	45.1	64.7	-11.5	
20.5	35.2	47.5	-33.7	
54.9	27.8	20.5	-31.2	
25.4	15.5	5.7	5.7	
25.4	0.8	-9.1	3.2	
32.8	8.2	-21.4	-9.1	
22.9	20.5	-18.9	-1.7	
18.0	52.4	-11.5	27.8	
8.2	106.6	-14.0	10.6	
-6.6	109.0	-6.6	18.0	
-6.6	96.7	-11.5	30.3	
0.8	79.5	-4.1	20.5	
-1.7	69.7	-9.1	15.5	
8.2	57.4	-11.5	15.5	
22.9	40.1	-23.8	0.8	
18.0	5.7	-9.1	-1.7	
20.5	-14.0	0.8	5.7	
13.1	-6.6	-1.7	-1.7	
25.4	-14.0	8.2	3.2	
8.2	-4.1	22.9	8.2	
10.6	3.2	32.8	18.0	
18.0	0.8	50.0	15.5	
3.2	-9.1	35.2	15.5	
-9.1	62.3	15.5	0.8	
-11.5	84.4	15.5	-9.1	
-1.7	79.5	5.7	-16.4	
-4.1	69.7	-1.7	-11.5	
-1.7	69.7	-28.7	-11.5	
15.5	37.7	-21.4	-4.1	
20.5	40.1	-14.0	13.1	
13.1	59.8	-18.9	8.2	
15.5	47.5	-18.9	-1.7	
15.5	22.9	3.2	-11.5	
8.2	5.7	-4.1	0.8	
0.8	27.8	-1.7	0.8	
13.1	37.7	-4.1	10.6	
13.1	20.5	8.2	-4.1	
8.2	13.1	-6.6	3.2	
5.7	27.8	-4.1	25.4	
10.6	32.8	-1.7	25.4	
18.0	32.8	-11.5	8.2	
18.0	27.8	-4.1	-1.7	
15.5	35.2	-16.4	-1.7	
35.2	57.4	-14.0	-9.1	
25.4	64.7	-11.5	0.8	
25.4	64.7	-16.4	0.8	
20.5	45.1	-16.4	-1.7	
22.9	13.1	-14.0	3.2	
15.5	20.5	-21.4	3.2	
18.0	10.6	-33.7	8.2	
8.2	-6.6	-28.7	18.0	
8.2	20.5	15.5	20.5	
3.2	40.1	20.5	0.8	
5.7	25.4	5.7	-4.1	
8.2	27.8	0.8	-16.4	
8.2	54.9	-4.1	-6.6	
13.1	35.2	8.2	-18.9	
15.5	35.2	74.6	-11.5	
8.2	37.7	74.6	10.6	
5.7	5.7	37.7	8.2	
3.2	-16.4	20.5	10.6	
15.5	10.6	42.6	20.5	
20.5	5.7	30.3	8.2	
20.5	27.8	3.2	0.8	
18.0	30.3	-28.7	-6.6	
25.4	40.1	-23.8	-1.7	
30.3	47.5	-26.3	-6.6	
32.8	62.3	-18.9	-1.7	
22.9	59.8	-4.1	8.2	
22.9	45.1	0.8	30.3	
13.1	62.3	-9.1	10.6	
35.2	35.2	10.6	-11.5	
13.1	32.8	22.9	-9.1	
15.5	67.2	13.1	-9.1	
13.1	82.0	18.0	-9.1	
15.5	77.0	15.5	-4.1	
15.5	50.0	-4.1	-4.1	
18.0	54.9	-11.5	-4.1	
25.4	89.3	-16.4	-1.7	
37.7	84.4	-43.5	0.8	
25.4	3.2	-43.5	-1.7	
18.0	-58.3	-36.1	-11.5	
20.5	-11.5	-23.8	10.6	
20.5	35.2	13.1	8.2	
22.9	37.7	57.4	10.6	
13.1	45.1	57.4	-11.5	
10.6	52.4	47.5	5.7	
-4.1	20.5	96.7	-1.7	
-6.6	3.2	111.5	-6.6	
5.7	15.5	45.1	-4.1	
10.6	8.2	25.4	-4.1	
20.5	-9.1	-4.1	-9.1	
25.4	-6.6	-46.0	-1.7	
35.2	25.4	-48.4	5.7	
27.8	52.4	-63.2	-4.1	
20.5	69.7	-60.7	8.2	
27.8	77.0	-55.8	-26.3	
15.5	82.0	-43.5	-33.7	
8.2	57.4	20.5	-28.7	
-1.7	-1.7	57.4	-28.7	
3.2	18.0	27.8	-4.1	
8.2	59.8	3.2	3.2	
15.5	59.8	30.3	15.5	
22.9	50.0	37.7	27.8	
35.2	5.7	10.6	20.5	
42.6	50.0	10.6	8.2	
52.4	69.7	18.0	5.7	
62.3	62.3	-9.1	-9.1	
57.4	-11.5	-16.4	-6.6	
32.8	25.4	-16.4	-38.6	
13.1	30.3	-23.8	-28.7	
0.8	-26.3	-16.4	-11.5	
-4.1	3.2	-6.6	10.6	
-4.1	3.2	5.7	-6.6	
13.1	-6.6	52.4	-23.8	
18.0	-41.0	35.2	-14.0	
5.7	13.1	-4.1	-11.5	
3.2	62.3	-33.7	-1.7	
-9.1	35.2	-50.9	22.9	
-14.0	27.8	-58.3	32.8	
-16.4	42.6	-50.9	20.5	
-9.1	52.4	25.4	40.1	
0.8	57.4	72.1	13.1	
8.2	64.7	77.0	5.7	
0.8	52.4	47.5	0.8	
8.2	40.1	45.1	8.2	
-4.1	30.3	22.9	-11.5	
3.2	42.6	-18.9	-9.1	
8.2	47.5	-14.0	8.2	
18.0	54.9	-14.0	-1.7	
42.6	27.8	10.6	-16.4	
32.8	18.0	32.8	-6.6	
25.4	22.9	45.1	-4.1	
20.5	40.1	18.0	-14.0	
3.2	37.7	5.7	-14.0	
3.2	62.3	-11.5	-1.7	
10.6	54.9	0.8	8.2	
42.6	37.7	-1.7	18.0	
25.4	27.8	13.1	25.4	
-14.0	32.8	13.1	32.8	
-21.4	22.9	27.8	35.2	
-16.4	32.8	18.0	52.4	
0.8	47.5	8.2	54.9	
8.2	40.1	0.8	37.7	
15.5	47.5	15.5	32.8	
52.4	52.4	-4.1	35.2	
30.3	50.0	5.7	30.3	
35.2	42.6	0.8	18.0	
15.5	47.5	54.9	0.8	
-1.7	45.1	118.9	-14.0	
10.6	42.6	101.6	-11.5	
15.5	40.1	74.6	5.7	
22.9	45.1	54.9	3.2	
15.5	47.5	5.7	5.7	
18.0	45.1	-21.4	5.7	
37.7	40.1	-38.6	-11.5	
25.4	32.8	-23.8	-36.1	
5.7	32.8	22.9	-43.5	
8.2	32.8	50.0	-48.4	
5.7	42.6	32.8	-28.7	
15.5	42.6	-1.7	0.8	
30.3	37.7	-14.0	10.6	
35.2	42.6	-46.0	8.2	
40.1	45.1	-16.4	13.1	
18.0	30.3	52.4	15.5	
-1.7	27.8	111.5	3.2	
5.7	37.7	94.3	-1.7	
22.9	22.9	25.4	-4.1	
20.5	20.5	-14.0	-9.1	
22.9	25.4	-6.6	-14.0	
32.8	20.5	-1.7	-4.1	
37.7	20.5	-11.5	-14.0	
37.7	15.5	-9.1	0.8	
30.3	32.8	-6.6	10.6	
10.6	22.9	20.5	13.1	
-4.1	32.8	67.2	15.5	
0.8	20.5	67.2	15.5	
10.6	32.8	47.5	22.9	
3.2	30.3	94.3	27.8	
10.6	30.3	54.9	20.5	
0.8	18.0	35.2	15.5	
3.2	15.5	30.3	8.2	
10.6	20.5	32.8	-1.7	
3.2	18.0	22.9	3.2	
3.2	8.2	-4.1	15.5	
25.4	0.8	-33.7	25.4	
25.4	5.7	-36.1	15.5	
20.5	5.7	-31.2	22.9	
3.2	-9.1	22.9	22.9	
10.6	-9.1	32.8	22.9	
13.1	0.8	106.6	22.9	
13.1	0.8	123.8	27.8	
8.2	-1.7	54.9	5.7	
3.2	20.5	35.2	-4.1	
25.4	-1.7	47.5	-4.1	
18.0	-1.7	54.9	-18.9	
15.5	-9.1	47.5	-6.6	
3.2	-14.0	45.1	0.8	
0.8	0.8	59.8	20.5	
3.2	5.7	74.6	8.2	
15.5	-1.7	67.2	-31.2	
27.8	-9.1	47.5	-6.6	
20.5	37.7	13.1	0.8	
8.2	59.8	-16.4	5.7	
5.7	72.1	-6.6	10.6	
8.2	45.1	5.7	15.5	
-14.0	79.5	47.5	30.3	
-6.6	84.4	86.9	32.8	
-18.9	84.4	104.1	35.2	
-16.4	101.6	89.3	32.8	
45.1	113.9	121.3	20.5	
40.1	116.4	116.4	30.3	
37.7	89.3	67.2	18.0	
45.1	77.0	-4.1	-31.2	
37.7	91.8	-21.4	-23.8	
22.9	126.2	50.0	-21.4	
10.6	153.3	136.1	-11.5	
8.2	123.8	138.5	-1.7	
13.1	96.7	86.9	3.2	
30.3	106.6	64.7	0.8	
20.5	121.3	62.3	8.2	
25.4	106.6	30.3	10.6	
15.5	84.4	8.2	-6.6	
8.2	59.8	-4.1	13.1	
-9.1	74.6	8.2	20.5	
8.2	84.4	50.0	15.5	
5.7	64.7	52.4	40.1	
22.9	74.6	15.5	18.0	
32.8	64.7	5.7	22.9	
25.4	57.4	-4.1	22.9	
22.9	72.1	45.1	0.8	
22.9	59.8	42.6	-21.4	
30.3	30.3	10.6	-36.1	
22.9	8.2	8.2	-38.6	
15.5	-23.8	45.1	-1.7	
20.5	-1.7	77.0	3.2	
30.3	-28.7	69.7	10.6	
27.8	-26.3	15.5	-9.1	
3.2	27.8	5.7	-9.1	
0.8	18.0	3.2	-16.4	
-4.1	-6.6	8.2	-14.0	
3.2	-21.4	0.8	3.2	
-16.4	-21.4	0.8	5.7	
8.2	-18.9	89.3	-4.1	
25.4	-6.6	131.2	25.4	
8.2	-23.8	111.5	32.8	
-9.1	-23.8	84.4	32.8	
8.2	-18.9	40.1	30.3	
0.8	-18.9	22.9	25.4	
-16.4	-36.1	52.4	20.5	
-16.4	-28.7	77.0	15.5	
0.8	-14.0	150.8	0.8	
-4.1	18.0	200.0	-18.9	
10.6	37.7	143.5	-6.6	
13.1	32.8	72.1	-1.7	
22.9	10.6	20.5	-1.7	
32.8	15.5	8.2	8.2	
27.8	10.6	35.2	5.7	
30.3	-14.0	47.5	-1.7	
27.8	-16.4	8.2	-11.5	
10.6	-4.1	5.7	-16.4	
3.2	15.5	18.0	-1.7	
15.5	32.8	42.6	20.5	
18.0	62.3	32.8	27.8	
25.4	67.2	27.8	32.8	
40.1	69.7	59.8	30.3	
37.7	52.4	52.4	5.7	
32.8	40.1	22.9	22.9	
42.6	32.8	-9.1	13.1	
18.0	32.8	8.2	18.0	
10.6	35.2	10.6	5.7	
22.9	45.1	72.1	13.1	
52.4	47.5	126.2	0.8	
25.4	47.5	123.8	10.6	
15.5	37.7	72.1	8.2	
8.2	18.0	18.0	22.9	
20.5	54.9	-28.7	27.8	
10.6	57.4	-60.7	45.1	
5.7	69.7	-77.9	42.6	
5.7	64.7	-38.6	15.5	
8.2	32.8	64.7	18.0	
3.2	20.5	69.7	5.7	
3.2	40.1	-11.5	0.8	
3.2	40.1	-46.0	-4.1	
0.8	32.8	-18.9	-18.9	
10.6	18.0	-31.2	-11.5	
13.1	0.8	-33.7	-6.6	
8.2	15.5	-38.6	-18.9	
5.7	37.7	-43.5	-23.8	
25.4	59.8	-14.0	-18.9	
13.1	52.4	-9.1	-36.1	
13.1	32.8	5.7	-14.0	
13.1	50.0	-9.1	5.7	
5.7	59.8	-23.8	32.8	
-9.1	77.0	-41.0	57.4	
-1.7	79.5	-68.1	64.7	
-14.0	30.3	-38.6	77.0	
3.2	-4.1	-14.0	30.3	
10.6	-21.4	10.6	3.2	
47.5	-16.4	-38.6	-11.5	
42.6	20.5	-11.5	10.6	
32.8	10.6	52.4	10.6	
22.9	20.5	32.8	3.2	
13.1	18.0	0.8	5.7	
3.2	40.1	15.5	10.6	
0.8	45.1	18.0	15.5	
-1.7	40.1	5.7	25.4	
0.8	30.3	22.9	27.8	
8.2	35.2	3.2	20.5	
10.6	37.7	35.2	25.4	
20.5	18.0	50.0	15.5	
35.2	35.2	5.7	20.5	
54.9	47.5	-16.4	5.7	
57.4	67.2	-33.7	15.5	
30.3	45.1	-31.2	25.4	
20.5	99.2	-36.1	15.5	
10.6	64.7	-33.7	20.5	
-4.1	84.4	-31.2	0.8	
-11.5	91.8	-26.3	-33.7	
-9.1	91.8	-9.1	-41.0	
-6.6	94.3	15.5	-18.9	
-11.5	74.6	-6.6	-6.6	
-9.1	57.4	-16.4	25.4	
-4.1	-48.4	22.9	62.3	
5.7	-112.4	18.0	91.8	
5.7	-53.3	-18.9	74.6	
22.9	-43.5	-82.9	54.9	
22.9	-4.1	-73.0	40.1	
22.9	3.2	-46.0	15.5	
18.0	-9.1	3.2	32.8	
13.1	-9.1	-9.1	40.1	
13.1	62.3	30.3	30.3	
32.8	27.8	18.0	30.3	
35.2	-21.4	22.9	30.3	
35.2	-14.0	18.0	8.2	
22.9	30.3	30.3	-18.9	
18.0	30.3	5.7	-14.0	
3.2	32.8	-18.9	-23.8	
-1.7	45.1	-28.7	-16.4	
-6.6	67.2	-43.5	-11.5	
5.7	86.9	-33.7	-23.8	
8.2	67.2	-31.2	-28.7	
18.0	52.4	-11.5	5.7	
10.6	15.5	-21.4	47.5	
27.8	20.5	-4.1	47.5	
35.2	0.8	10.6	37.7	
27.8	20.5	-21.4	32.8	
30.3	22.9	-31.2	40.1	
15.5	40.1	-28.7	15.5	
15.5	35.2	-28.7	18.0	
18.0	45.1	-28.7	18.0	
25.4	50.0	-23.8	13.1	
35.2	54.9	-18.9	-1.7	
37.7	47.5	-18.9	-23.8	
20.5	32.8	3.2	-1.7	
13.1	40.1	10.6	8.2	
13.1	27.8	27.8	15.5	
25.4	20.5	27.8	0.8	
-1.7	37.7	5.7	-23.8	
3.2	37.7	27.8	-14.0	
18.0	32.8	30.3	-23.8	
5.7	35.2	-11.5	-43.5	
0.8	10.6	-70.6	-38.6	
8.2	3.2	-63.2	-9.1	
13.1	25.4	-6.6	35.2	
3.2	47.5	-33.7	84.4	
18.0	54.9	-48.4	77.0	
8.2	45.1	-70.6	-16.4	
15.5	52.4	-87.8	-26.3	
22.9	62.3	-68.1	5.7	
22.9	91.8	-14.0	18.0	
22.9	59.8	-23.8	22.9	
22.9	18.0	-33.7	5.7	
8.2	-16.4	-36.1	32.8	
8.2	5.7	-31.2	40.1	
13.1	22.9	82.0	18.0	
25.4	25.4	82.0	-18.9	
35.2	-9.1	15.5	-48.4	
15.5	-1.7	-6.6	-50.9	
8.2	-28.7	8.2	-4.1	
3.2	-33.7	3.2	-1.7	
5.7	15.5	-16.4	-43.5	
-1.7	30.3	-14.0	-141.9	
3.2	-6.6	-4.1	-23.8	
5.7	3.2	-6.6	-16.4	
18.0	59.8	-18.9	-38.6	
8.2	54.9	-6.6	52.4	
5.7	45.1	-14.0	74.6	
15.5	62.3	-16.4	47.5	
0.8	77.0	-11.5	77.0	
20.5	94.3	-9.1	106.6	
18.0	91.8	20.5	77.0	
8.2	27.8	32.8	69.7	
-6.6	0.8	30.3	52.4	
-11.5	10.6	18.0	35.2	
42.6	-21.4	-21.4	-28.7	
27.8	-6.6	-26.3	-38.6	
22.9	22.9	-18.9	-36.1	
20.5	57.4	20.5	-31.2	
18.0	40.1	-16.4	-50.9	
22.9	25.4	-41.0	-43.5	
27.8	47.5	-53.3	-82.9	
5.7	79.5	-50.9	-100.1	
-9.1	67.2	-33.7	-50.9	
-11.5	52.4	0.8	42.6	
-6.6	67.2	5.7	74.6	
-1.7	30.3	-23.8	74.6	
20.5	13.1	-16.4	8.2	
27.8	-26.3	-18.9	-43.5	
22.9	-68.1	-41.0	-18.9	
35.2	-38.6	-33.7	72.1	
30.3	3.2	-36.1	104.1	
25.4	-14.0	-48.4	101.6	
13.1	8.2	-70.6	111.5	
22.9	45.1	-48.4	113.9	
25.4	50.0	-21.4	82.0	
13.1	79.5	-18.9	18.0	
13.1	35.2	30.3	-41.0	
13.1	-36.1	37.7	-80.4	
22.9	-48.4	-9.1	-80.4	
20.5	0.8	-38.6	-28.7	
10.6	25.4	-26.3	-43.5	
5.7	42.6	-11.5	-73.0	
5.7	27.8	30.3	-68.1	
5.7	47.5	40.1	-80.4	
13.1	52.4	42.6	-77.9	
25.4	57.4	-4.1	-58.3	
25.4	50.0	-48.4	8.2	
15.5	27.8	-53.3	-21.4	
5.7	27.8	-48.4	-9.1	
3.2	52.4	-9.1	13.1	
5.7	59.8	-16.4	-28.7	
13.1	35.2	-48.4	84.4	
13.1	45.1	-60.7	121.3	
15.5	32.8	-43.5	79.5	
25.4	37.7	-43.5	69.7	
22.9	42.6	-31.2	32.8	
22.9	47.5	-28.7	32.8	
25.4	89.3	-28.7	131.2	
18.0	111.5	-16.4	158.2	
22.9	74.6	-6.6	113.9	
37.7	111.5	-9.1	84.4	
32.8	77.0	-18.9	50.0	
35.2	-14.0	15.5	50.0	
27.8	-16.4	13.1	57.4	
8.2	20.5	13.1	30.3	
-4.1	27.8	5.7	-14.0	
-4.1	47.5	8.2	-31.2	
-9.1	77.0	0.8	-26.3	
13.1	82.0	-31.2	-11.5	
15.5	30.3	-21.4	-48.4	
-1.7	32.8	-1.7	-28.7	
0.8	37.7	54.9	-4.1	
-4.1	52.4	118.9	-6.6	
3.2	57.4	62.3	27.8	
15.5	-11.5	27.8	67.2	
27.8	-70.6	22.9	22.9	
3.2	-60.7	10.6	20.5	
8.2	-6.6	35.2	62.3	
0.8	30.3	22.9	79.5	
-4.1	20.5	-36.1	64.7	
3.2	-1.7	-36.1	42.6	
3.2	0.8	10.6	3.2	
-1.7	5.7	27.8	3.2	
8.2	18.0	62.3	10.6	
8.2	25.4	77.0	32.8	
3.2	13.1	145.9	54.9	
27.8	50.0	126.2	47.5	
18.0	52.4	54.9	50.0	
10.6	42.6	18.0	42.6	
22.9	72.1	13.1	-14.0	
45.1	59.8	15.5	-109.9	
18.0	37.7	15.5	-127.1	
32.8	37.7	27.8	-146.8	
52.4	45.1	45.1	-139.4	
37.7	57.4	25.4	-102.5	
30.3	69.7	20.5	-58.3	
27.8	64.7	35.2	-9.1	
15.5	77.0	25.4	96.7	
8.2	67.2	27.8	155.8	
3.2	57.4	32.8	271.4	
3.2	32.8	22.9	128.7	
-1.7	45.1	25.4	18.0	
15.5	35.2	13.1	37.7	
18.0	10.6	13.1	10.6	
37.7	22.9	3.2	0.8	
27.8	40.1	-9.1	0.8	
40.1	62.3	37.7	-55.8	
32.8	50.0	40.1	-105.0	
22.9	54.9	47.5	-171.4	
20.5	57.4	77.0	-237.8	
27.8	47.5	50.0	-260.0	
27.8	40.1	30.3	-215.7	
22.9	42.6	45.1	-114.8	
15.5	57.4	69.7	163.1	
20.5	42.6	50.0	340.3	
30.3	32.8	27.8	283.7	
25.4	42.6	40.1	116.4	
20.5	52.4	27.8	15.5	
13.1	22.9	40.1	50.0	
5.7	5.7	25.4	94.3	
5.7	25.4	13.1	141.0	
3.2	35.2	18.0	212.3	
27.8	37.7	3.2	273.8	
35.2	20.5	-6.6	214.8	
35.2	54.9	3.2	37.7	
30.3	40.1	5.7	-109.9	
13.1	45.1	18.0	-1.7	
15.5	64.7	32.8	32.8	
18.0	40.1	27.8	-48.4	
22.9	82.0	20.5	-107.5	
18.0	89.3	20.5	-1.7	
22.9	59.8	8.2	116.4	
25.4	45.1	-14.0	116.4	
42.6	15.5	-16.4	91.8	
20.5	-9.1	-1.7	67.2	
18.0	5.7	8.2	67.2	
15.5	-36.1	0.8	50.0	
22.9	-43.5	0.8	52.4	
15.5	10.6	-4.1	45.1	
20.5	57.4	-18.9	-129.6	
27.8	42.6	-18.9	-151.7	
22.9	67.2	-21.4	-129.6	
20.5	94.3	-16.4	18.0	
8.2	72.1	18.0	158.2	
-23.8	-21.4	22.9	170.5	
-4.1	-46.0	37.7	62.3	
10.6	-1.7	35.2	20.5	
0.8	30.3	0.8	25.4	
22.9	-4.1	5.7	-1.7	
15.5	-26.3	-9.1	-122.2	
20.5	52.4	-6.6	-129.6	
30.3	101.6	59.8	-287.0	
40.1	64.7	89.3	-323.9	
52.4	18.0	32.8	-235.4	
37.7	25.4	-4.1	-220.6	
45.1	20.5	-31.2	-105.0	
5.7	18.0	0.8	-68.1	
-6.6	3.2	18.0	-100.1	
-14.0	-16.4	59.8	-68.1	
0.8	-31.2	30.3	-1.7	
-23.8	42.6	-1.7	8.2	
-28.7	72.1	-9.1	45.1	
-21.4	94.3	-21.4	79.5	
-1.7	79.5	-31.2	13.1	
3.2	47.5	-16.4	40.1	
0.8	52.4	30.3	-4.1	
20.5	22.9	52.4	-92.7	
22.9	-36.1	20.5	-107.5	
13.1	-21.4	40.1	-65.6	
27.8	0.8	50.0	-58.3	
47.5	-11.5	32.8	-75.5	
22.9	-4.1	35.2	-60.7	
10.6	0.8	54.9	-43.5	
-9.1	52.4	18.0	-31.2	
-6.6	25.4	25.4	-60.7	
-4.1	37.7	40.1	-65.6	
-6.6	15.5	15.5	-9.1	
10.6	37.7	37.7	-87.8	
10.6	-6.6	54.9	-112.4	
15.5	10.6	18.0	-21.4	
13.1	84.4	18.0	-21.4	
22.9	79.5	-9.1	54.9	
27.8	52.4	-16.4	214.8	
15.5	42.6	-4.1	145.9	
18.0	50.0	8.2	143.5	
15.5	37.7	-26.3	82.0	
22.9	42.6	-53.3	138.5	
13.1	42.6	-60.7	163.1	
13.1	52.4	-33.7	271.4	
5.7	89.3	-21.4	313.2	
3.2	111.5	-9.1	357.5	
-9.1	47.5	-11.5	148.4	
-6.6	22.9	27.8	-102.5	
-4.1	35.2	22.9	-156.7	
20.5	22.9	18.0	-65.6	
20.5	-6.6	5.7	-48.4	
22.9	15.5	-16.4	-100.1	
25.4	32.8	-18.9	-68.1	
30.3	64.7	8.2	-1.7	
32.8	69.7	-9.1	158.2	
35.2	50.0	-28.7	136.1	
42.6	32.8	-18.9	133.6	
42.6	30.3	-16.4	145.9	
50.0	45.1	-21.4	249.2	
40.1	50.0	-11.5	369.8	
45.1	52.4	-28.7	113.9	
32.8	20.5	-36.1	82.0	
22.9	20.5	-38.6	94.3	
37.7	-14.0	-11.5	177.9	
22.9	-6.6	-14.0	261.5	
30.3	30.3	-14.0	54.9	
32.8	13.1	0.8	-85.3	
37.7	5.7	15.5	-102.5	
25.4	8.2	27.8	-11.5	
27.8	5.7	-6.6	-92.7	
20.5	-11.5	-26.3	-228.0	
20.5	-9.1	8.2	-301.8	
-4.1	35.2	45.1	-245.2	
-4.1	45.1	30.3	-146.8	
20.5	50.0	10.6	-198.5	
30.3	30.3	13.1	-154.2	
35.2	32.8	35.2	-124.7	
37.7	54.9	40.1	-92.7	
20.5	47.5	25.4	8.2	
20.5	37.7	13.1	35.2	
3.2	37.7	52.4	-97.6	
0.8	32.8	42.6	-4.1	
-4.1	50.0	47.5	195.1	
-14.0	62.3	74.6	249.2	
-1.7	50.0	64.7	367.3	
-11.5	67.2	45.1	404.2	
-11.5	64.7	54.9	229.6	
-18.9	35.2	25.4	104.1	
-14.0	-6.6	20.5	190.2	
3.2	-11.5	74.6	104.1	
13.1	-21.4	111.5	-176.3	
8.2	-6.6	74.6	-348.5	
-6.6	3.2	74.6	-478.9	
3.2	8.2	57.4	-304.3	
-4.1	-6.6	27.8	-183.7	
5.7	35.2	32.8	-132.1	
10.6	69.7	32.8	-41.0	
0.8	52.4	25.4	-122.2	
18.0	30.3	25.4	-80.4	
25.4	37.7	18.0	-132.1	
22.9	57.4	0.8	-166.5	
30.3	30.3	8.2	-245.2	
15.5	22.9	3.2	-289.5	
8.2	30.3	3.2	-262.4	
10.6	25.4	37.7	-36.1	
-6.6	35.2	168.1	136.1	
-9.1	37.7	133.6	86.9	
-18.9	25.4	64.7	-33.7	
-4.1	25.4	37.7	-43.5	
-6.6	37.7	5.7	50.0	
20.5	35.2	-23.8	197.6	
20.5	37.7	-31.2	305.8	
25.4	37.7	-28.7	315.7	
13.1	45.1	-33.7	367.3	
0.8	32.8	-23.8	374.7	
0.8	47.5	-16.4	332.9	
5.7	35.2	-28.7	308.3	
8.2	18.0	-28.7	214.8	
18.0	15.5	-14.0	-26.3	
0.8	59.8	-6.6	-146.8	
15.5	54.9	0.8	-213.2	
15.5	8.2	5.7	-183.7	
15.5	8.2	-4.1	-112.4	
35.2	8.2	-23.8	-38.6	
30.3	10.6	-63.2	-77.9	
27.8	42.6	-65.6	-60.7	
13.1	67.2	-21.4	101.6	
25.4	54.9	-14.0	163.1	
22.9	59.8	-16.4	217.3	
37.7	45.1	-16.4	443.6	
27.8	37.7	-18.9	318.1	
22.9	74.6	-16.4	177.9	
27.8	82.0	8.2	296.0	
47.5	89.3	13.1	519.8	
45.1	89.3	-1.7	716.6	
57.4	72.1	-23.8	549.4	
77.0	30.3	-33.7	-31.2	
52.4	8.2	-60.7	-412.5	
25.4	67.2	-46.0	-496.1	
3.2	155.8	-11.5	-296.9	
-6.6	143.5	15.5	-488.8	
-28.7	64.7	10.6	-609.3	
-50.9	40.1	-11.5	-651.1	
-43.5	-50.9	-43.5	-422.3	
-33.7	-77.9	-38.6	-267.4	
-41.0	-85.3	-9.1	-156.7	
-14.0	-112.4	15.5	-77.9	
8.2	-80.4	25.4	-14.0	
15.5	35.2	18.0	-75.5	
13.1	-14.0	10.6	-100.1	
20.5	-38.6	-4.1	-55.8	
30.3	-21.4	-6.6	72.1	
22.9	-16.4	-4.1	-97.6	
20.5	18.0	-16.4	-360.8	
25.4	94.3	-9.1	-242.8	
32.8	101.6	27.8	-151.7	
35.2	45.1	30.3	-82.9	
5.7	54.9	22.9	-90.2	
-1.7	59.8	5.7	-46.0	
5.7	69.7	-4.1	5.7	
8.2	25.4	-31.2	-21.4	
-21.4	-11.5	-70.6	-87.8	
-14.0	8.2	-18.9	-161.6	
-6.6	13.1	40.1	-188.6	
0.8	5.7	50.0	-129.6	
0.8	-9.1	25.4	-1.7	
18.0	-33.7	-23.8	298.4	
13.1	22.9	5.7	394.4	
8.2	54.9	40.1	214.8	
-1.7	57.4	104.1	141.0	
5.7	22.9	143.5	27.8	
13.1	35.2	40.1	111.5	
25.4	35.2	-28.7	143.5	
22.9	54.9	-50.9	185.3	
25.4	47.5	-33.7	222.2	
32.8	42.6	-36.1	121.3	
37.7	54.9	-36.1	62.3	
37.7	47.5	-33.7	57.4	
32.8	47.5	-38.6	-1.7	
42.6	57.4	-48.4	-23.8	
37.7	47.5	-38.6	-92.7	
25.4	45.1	-23.8	-50.9	
32.8	30.3	45.1	-109.9	
25.4	40.1	42.6	-85.3	
27.8	37.7	64.7	-6.6	
22.9	50.0	47.5	-4.1	
27.8	42.6	-4.1	79.5	
22.9	59.8	5.7	-97.6	
18.0	50.0	-4.1	-117.3	
32.8	35.2	-31.2	86.9	
35.2	42.6	3.2	234.5	
27.8	32.8	-11.5	281.2	
27.8	52.4	-33.7	212.3	
22.9	52.4	-60.7	84.4	
32.8	35.2	-73.0	52.4	
20.5	42.6	-50.9	54.9	
18.0	32.8	-26.3	-11.5	
22.9	54.9	-21.4	20.5	
27.8	50.0	-16.4	-14.0	
20.5	32.8	-23.8	-36.1	
30.3	57.4	8.2	-1.7	
18.0	42.6	18.0	-87.8	
-1.7	37.7	32.8	-65.6	
-1.7	25.4	5.7	145.9	
-1.7	15.5	-18.9	249.2	
0.8	20.5	-33.7	160.7	
22.9	37.7	-43.5	190.2	
35.2	54.9	-41.0	281.2	
27.8	77.0	-31.2	182.8	
25.4	3.2	-11.5	-257.5	
18.0	-23.8	-14.0	-336.2	
18.0	-9.1	-1.7	-432.2	
-6.6	-11.5	45.1	-109.9	
-1.7	5.7	52.4	-41.0	
-1.7	15.5	15.5	40.1	
3.2	32.8	10.6	300.9	
10.6	50.0	22.9	605.9	
25.4	37.7	15.5	406.7	
20.5	32.8	10.6	-149.3	
25.4	69.7	32.8	-255.1	
25.4	47.5	22.9	-159.1	
32.8	37.7	25.4	-95.2	
32.8	42.6	50.0	13.1	
42.6	47.5	104.1	163.1	
40.1	77.0	94.3	281.2	
32.8	82.0	50.0	197.6	
35.2	74.6	32.8	232.0	
30.3	84.4	18.0	79.5	
30.3	57.4	-6.6	25.4	
35.2	18.0	3.2	-129.6	
47.5	5.7	32.8	-6.6	
25.4	0.8	69.7	47.5	
30.3	35.2	54.9	15.5	
35.2	64.7	45.1	-129.6	
20.5	-21.4	37.7	-247.7	
8.2	-23.8	15.5	-171.4	
-14.0	5.7	-21.4	-85.3	
-14.0	27.8	-58.3	-262.4	
-11.5	37.7	-28.7	-412.5	
-4.1	59.8	94.3	-183.7	
-1.7	42.6	121.3	-134.5	
5.7	-6.6	109.0	-161.6	
13.1	-6.6	64.7	-154.2	
25.4	15.5	15.5	111.5	
13.1	54.9	-6.6	219.7	
13.1	89.3	0.8	35.2	
18.0	72.1	22.9	13.1	
18.0	50.0	10.6	158.2	
22.9	77.0	5.7	138.5	
15.5	50.0	13.1	-28.7	
32.8	5.7	25.4	-156.7	
32.8	-11.5	8.2	-1.7	
32.8	3.2	18.0	37.7	
20.5	15.5	13.1	-43.5	
8.2	10.6	47.5	-43.5	
-4.1	-23.8	42.6	86.9	
-4.1	25.4	54.9	296.0	
-1.7	27.8	27.8	217.3	
13.1	35.2	0.8	-92.7	
8.2	15.5	-21.4	91.8	
13.1	13.1	-11.5	276.3	
35.2	-11.5	0.8	313.2	
40.1	-9.1	74.6	328.0	
37.7	-1.7	106.6	396.8	
32.8	13.1	40.1	293.5	
18.0	5.7	82.0	308.3	
8.2	5.7	143.5	22.9	
20.5	-1.7	72.1	-338.7	
35.2	8.2	-16.4	-336.2	
30.3	18.0	-41.0	-464.2	
32.8	5.7	-16.4	-50.9	
22.9	0.8	47.5	207.4	
22.9	13.1	89.3	-70.6	
25.4	-1.7	72.1	-154.2	
5.7	18.0	40.1	45.1	
-1.7	18.0	-21.4	-23.8	
-16.4	22.9	-53.3	82.0	
-16.4	8.2	-11.5	-171.4	
-11.5	-14.0	35.2	-139.4	
-1.7	-6.6	57.4	-77.9	
0.8	-9.1	32.8	-82.9	
-1.7	15.5	47.5	-23.8	
-14.0	59.8	84.4	15.5	
-6.6	69.7	79.5	372.2	
-1.7	82.0	40.1	603.5	
5.7	72.1	-16.4	854.4	
18.0	69.7	-58.3	414.1	
5.7	94.3	-87.8	91.8	
22.9	84.4	-87.8	-21.4	
47.5	79.5	-58.3	-141.9	
35.2	131.2	25.4	-348.5	
10.6	126.2	79.5	-582.2	
8.2	101.6	123.8	-555.2	
3.2	116.4	59.8	-137.0	
0.8	121.3	8.2	229.6	
-4.1	106.6	-38.6	86.9	
0.8	133.6	-41.0	276.3	
8.2	54.9	18.0	153.3	
79.5	50.0	20.5	-306.7	
52.4	153.3	20.5	-552.7	
27.8	86.9	8.2	-378.1	
18.0	50.0	-26.3	-405.1	
27.8	25.4	-18.9	-488.8	
32.8	40.1	27.8	-346.1	
25.4	86.9	40.1	-205.9	
13.1	30.3	32.8	163.1	
8.2	22.9	45.1	234.5	
8.2	72.1	52.4	207.4	
18.0	79.5	40.1	502.6	
13.1	45.1	22.9	320.6	
5.7	77.0	30.3	84.4	
20.5	30.3	25.4	-176.3	
5.7	5.7	25.4	-392.8	
0.8	-1.7	3.2	-208.3	
13.1	-9.1	22.9	-107.5	
13.1	-31.2	54.9	-95.2	
15.5	-28.7	37.7	89.3	
-1.7	-65.6	67.2	229.6	
3.2	-48.4	84.4	318.1	
5.7	-21.4	47.5	551.8	
-6.6	-28.7	18.0	603.5	
-9.1	-36.1	20.5	310.7	
-6.6	-14.0	32.8	175.4	
-1.7	0.8	37.7	283.7	
3.2	27.8	113.9	367.3	
5.7	42.6	113.9	244.3	
10.6	-1.7	32.8	-597.0	
15.5	-23.8	62.3	-884.8	
52.4	-18.9	79.5	-724.9	
96.7	-6.6	-1.7	-449.4	
104.1	5.7	-43.5	-68.1	
89.3	-1.7	-14.0	268.9	
84.4	32.8	62.3	406.7	
52.4	35.2	67.2	305.8	
10.6	22.9	-18.9	-213.2	
-33.7	40.1	-23.8	-348.5	
-38.6	42.6	20.5	-466.6	
-41.0	89.3	91.8	-412.5	
-41.0	64.7	52.4	-383.0	
-43.5	113.9	-9.1	-309.2	
-33.7	160.7	-58.3	-341.2	
-23.8	150.8	-68.1	-178.8	
0.8	205.0	-60.7	22.9	
-9.1	116.4	-55.8	153.3	
-4.1	25.4	-1.7	77.0	
-6.6	37.7	82.0	180.4	
-21.4	-82.9	50.0	22.9	
3.2	-282.1	35.2	18.0	
18.0	-173.9	-14.0	-18.9	
25.4	-112.4	-38.6	335.3	
22.9	-85.3	-36.1	379.6	
35.2	-65.6	-73.0	441.1	
20.5	-33.7	-77.9	180.4	
18.0	-21.4	-75.5	-269.8	
13.1	45.1	-92.7	-208.3	
22.9	50.0	-90.2	133.6	
30.3	18.0	-63.2	273.8	
18.0	111.5	-58.3	106.6	
32.8	180.4	-55.8	-181.3	
37.7	47.5	-21.4	-109.9	
42.6	27.8	-50.9	-43.5	
22.9	62.3	-60.7	-60.7	
25.4	32.8	-43.5	-134.5	
13.1	15.5	-50.9	-208.3	
18.0	18.0	-23.8	8.2	
20.5	59.8	-31.2	158.2	
18.0	-4.1	-73.0	-105.0	
15.5	-31.2	-70.6	-43.5	
3.2	-87.8	-87.8	155.8	
10.6	-48.4	-90.2	249.2	
3.2	-16.4	-60.7	214.8	
-4.1	10.6	-46.0	239.4	
5.7	10.6	-33.7	-46.0	
0.8	62.3	-65.6	136.1	
0.8	131.2	-80.4	89.3	
18.0	91.8	-107.5	-149.3	
3.2	89.3	-117.3	-159.1	
15.5	84.4	-100.1	40.1	
15.5	45.1	-75.5	52.4	
13.1	84.4	-60.7	-198.5	
18.0	74.6	-46.0	-198.5	
15.5	62.3	-70.6	-9.1	
20.5	37.7	-95.2	298.4	
35.2	-18.9	-117.3	185.3	
22.9	0.8	-112.4	-36.1	
10.6	45.1	-127.1	-38.6	
3.2	101.6	-144.4	-87.8	
-1.7	84.4	-119.8	101.6	
0.8	5.7	-80.4	293.5	
8.2	-41.0	5.7	313.2	
20.5	-6.6	27.8	337.8	
30.3	-6.6	5.7	249.2	
27.8	18.0	-38.6	335.3	
27.8	25.4	-58.3	-102.5	
0.8	54.9	-63.2	-528.1	
-11.5	57.4	-36.1	-176.3	
-1.7	20.5	40.1	-159.1	
0.8	32.8	77.0	-77.9	
-28.7	35.2	45.1	-193.6	
-18.9	45.1	-50.9	-119.8	
35.2	52.4	-90.2	281.2	
25.4	57.4	-65.6	576.4	
25.4	35.2	-46.0	596.1	
47.5	25.4	-33.7	527.2	
52.4	40.1	22.9	47.5	
35.2	18.0	79.5	-181.3	
27.8	30.3	96.7	-488.8	
13.1	42.6	96.7	-550.3	
15.5	37.7	52.4	-353.5	
10.6	30.3	15.5	-277.2	
13.1	22.9	-21.4	-309.2	
15.5	37.7	-38.6	-247.7	
13.1	42.6	5.7	-237.8	
20.5	42.6	37.7	-129.6	
22.9	30.3	25.4	13.1	
20.5	37.7	30.3	45.1	
22.9	37.7	35.2	256.6	
25.4	45.1	52.4	637.9	
20.5	45.1	42.6	505.1	
25.4	40.1	-4.1	136.1	
25.4	47.5	-14.0	286.1	
25.4	52.4	0.8	205.0	
40.1	42.6	35.2	374.7	
15.5	35.2	30.3	296.0	
10.6	74.6	106.6	662.5	
8.2	20.5	158.2	642.8	
20.5	35.2	180.4	411.6	
10.6	25.4	123.8	-156.7	
-9.1	37.7	96.7	-439.6	
-6.6	57.4	50.0	-434.6	
-14.0	32.8	15.5	-540.4	
0.8	22.9	8.2	-774.1	
5.7	30.3	62.3	-562.6	
8.2	32.8	64.7	-476.5	
18.0	37.7	25.4	-353.5	
10.6	10.6	-14.0	-149.3	
22.9	20.5	-36.1	296.0	
22.9	50.0	-11.5	743.7	
22.9	59.8	62.3	815.0	
5.7	42.6	72.1	657.6	
5.7	15.5	45.1	355.0	
5.7	20.5	10.6	69.7	
8.2	32.8	-41.0	-405.1	
5.7	22.9	-48.4	-117.3	
18.0	27.8	-38.6	-488.8	
18.0	27.8	-21.4	-702.8	
50.0	35.2	3.2	-481.4	
50.0	50.0	170.5	-186.2	
25.4	52.4	155.8	67.2	
20.5	37.7	42.6	-65.6	
22.9	8.2	-28.7	-117.3	
35.2	0.8	-28.7	5.7	
25.4	20.5	-38.6	293.5	
22.9	35.2	-43.5	485.4	
35.2	32.8	-31.2	350.1	
22.9	25.4	-70.6	177.9	
27.8	47.5	-70.6	-154.2	
10.6	32.8	-16.4	-316.6	
8.2	30.3	50.0	-171.4	
22.9	22.9	59.8	-208.3	
15.5	22.9	13.1	-247.7	
-9.1	18.0	-1.7	52.4	
-4.1	-9.1	15.5	232.0	
-1.7	15.5	8.2	497.7	
-4.1	52.4	25.4	342.7	
-11.5	32.8	27.8	315.7	
-4.1	25.4	54.9	-68.1	
40.1	47.5	94.3	-626.5	
20.5	72.1	86.9	-422.3	
15.5	74.6	32.8	-397.7	
15.5	42.6	-1.7	-65.6	
27.8	74.6	-16.4	22.9	
20.5	57.4	-46.0	-102.5	
22.9	3.2	-23.8	-139.4	
25.4	3.2	-9.1	-119.8	
22.9	-23.8	22.9	42.6	
15.5	-38.6	45.1	45.1	
25.4	-4.1	77.0	195.1	
45.1	-23.8	91.8	615.8	
42.6	-14.0	67.2	731.4	
37.7	25.4	52.4	879.0	
22.9	45.1	22.9	797.8	
3.2	40.1	-21.4	177.9	
0.8	50.0	-6.6	-169.0	
8.2	27.8	27.8	-336.2	
18.0	35.2	109.0	-129.6	
15.5	40.1	69.7	-267.4	
25.4	30.3	-4.1	-375.6	
13.1	30.3	-53.3	10.6	
8.2	25.4	-80.4	227.1	
-11.5	20.5	-75.5	18.0	
5.7	35.2	-107.5	-161.6	
25.4	37.7	27.8	-390.4	
13.1	42.6	15.5	-193.6	
3.2	37.7	-55.8	-378.1	
-14.0	-1.7	15.5	-518.3	
18.0	5.7	74.6	-707.7	
27.8	42.6	84.4	-456.8	
25.4	22.9	18.0	-424.8	
3.2	-16.4	-58.3	-294.4	
10.6	13.1	-151.7	-316.6	
42.6	0.8	-154.2	-471.5	
42.6	27.8	-100.1	-230.5	
32.8	82.0	-63.2	328.0	
18.0	62.3	54.9	601.0	
13.1	37.7	94.3	1029.1	
3.2	79.5	143.5	1262.8	
-11.5	106.6	195.1	1336.6	
-21.4	62.3	165.6	1176.7	
-16.4	37.7	72.1	1220.9	
3.2	45.1	-92.7	1179.1	
5.7	50.0	-127.1	-223.1	
20.5	47.5	-4.1	-931.6	
35.2	52.4	32.8	-1654.8	
57.4	57.4	40.1	-1438.3	
42.6	50.0	10.6	-988.1	
20.5	3.2	3.2	-572.4	
-1.7	32.8	160.7	-232.9	
-31.2	42.6	123.8	-124.7	
-23.8	64.7	-14.0	-279.7	
-21.4	18.0	-65.6	-6.6	
-33.7	57.4	-65.6	123.8	
-18.9	47.5	-63.2	-292.0	
-9.1	37.7	-55.8	-316.6	
0.8	59.8	-9.1	-264.9	
27.8	84.4	37.7	-319.0	
45.1	74.6	0.8	-171.4	
35.2	42.6	-23.8	150.8	
40.1	-1.7	-28.7	443.6	
40.1	-4.1	-11.5	487.9	
32.8	-9.1	-50.9	374.7	
15.5	-16.4	22.9	-28.7	
30.3	0.8	118.9	-6.6	
22.9	25.4	74.6	79.5	
15.5	54.9	-33.7	50.0	
15.5	27.8	-75.5	-191.1	
-11.5	45.1	-92.7	77.0	
0.8	15.5	-50.9	266.5	
22.9	37.7	-41.0	192.7	
22.9	52.4	15.5	-38.6	
8.2	10.6	79.5	-250.1	
3.2	25.4	45.1	-23.8	
0.8	47.5	47.5	-48.4	
-11.5	67.2	89.3	-4.1	
0.8	74.6	27.8	485.4	
25.4	64.7	-63.2	957.7	
18.0	45.1	-82.9	768.3	
18.0	20.5	-63.2	180.4	
18.0	-18.9	-18.9	52.4	
20.5	-33.7	10.6	-513.4	
8.2	-60.7	-11.5	-323.9	
5.7	-9.1	20.5	-272.3	
8.2	30.3	32.8	-218.2	
22.9	79.5	27.8	-279.7	
20.5	104.1	-14.0	-169.0	
32.8	62.3	-21.4	-60.7	
8.2	84.4	-26.3	-41.0	
5.7	74.6	-23.8	-55.8	
18.0	96.7	-33.7	150.8	
20.5	77.0	-26.3	396.8	
37.7	45.1	-1.7	27.8	
30.3	40.1	40.1	-11.5	
35.2	104.1	35.2	89.3	
59.8	42.6	-23.8	121.3	
22.9	0.8	-73.0	214.8	
15.5	13.1	-68.1	222.2	
15.5	47.5	-28.7	-154.2	
30.3	62.3	20.5	-21.4	
22.9	-26.3	121.3	96.7	
22.9	-109.9	133.6	-75.5	
52.4	-55.8	82.0	131.2	
52.4	22.9	82.0	704.3	
13.1	27.8	101.6	123.8	
3.2	3.2	40.1	-117.3	
-11.5	27.8	3.2	-370.7	
-18.9	62.3	-18.9	-328.9	
-4.1	37.7	-11.5	-272.3	
-4.1	-1.7	5.7	-314.1	
-4.1	32.8	20.5	-92.7	
-4.1	62.3	22.9	296.0	
13.1	40.1	-28.7	448.5	
18.0	69.7	-55.8	254.2	
22.9	74.6	-50.9	-419.9	
-14.0	10.6	-1.7	-690.5	
-14.0	0.8	-4.1	-252.6	
-21.4	-38.6	5.7	141.0	
-21.4	-38.6	25.4	185.3	
-6.6	-23.8	10.6	94.3	
-11.5	-1.7	10.6	-1.7	
-18.9	27.8	32.8	-392.8	
13.1	50.0	69.7	-33.7	
30.3	59.8	25.4	-43.5	
47.5	52.4	-63.2	-46.0	
54.9	20.5	-75.5	-87.8	
37.7	37.7	-87.8	239.4	
32.8	47.5	-77.9	352.6	
27.8	67.2	-23.8	8.2	
27.8	47.5	13.1	-77.9	
15.5	-1.7	35.2	170.5	
15.5	10.6	45.1	834.7	
27.8	42.6	-1.7	610.9	
32.8	52.4	-11.5	-196.0	
25.4	25.4	-50.9	-530.6	
22.9	35.2	-28.7	-464.2	
30.3	37.7	5.7	-530.6	
27.8	25.4	0.8	-525.7	
18.0	52.4	-53.3	-407.6	
22.9	42.6	-87.8	-186.2	
10.6	57.4	-119.8	-132.1	
15.5	54.9	-112.4	77.0	
22.9	62.3	-75.5	57.4	
8.2	45.1	-60.7	256.6	
18.0	45.1	-75.5	340.3	
25.4	22.9	-36.1	428.8	
8.2	35.2	-23.8	205.0	
-4.1	42.6	-4.1	-114.8	
10.6	40.1	52.4	54.9	
-6.6	40.1	18.0	256.6	
-1.7	50.0	0.8	-166.5	
10.6	50.0	-23.8	-341.2	
20.5	20.5	-36.1	-75.5	
32.8	8.2	-18.9	-43.5	
27.8	-4.1	-14.0	-85.3	
32.8	22.9	-58.3	173.0	
40.1	35.2	-87.8	256.6	
32.8	8.2	-90.2	94.3	
22.9	5.7	35.2	-58.3	
27.8	54.9	101.6	45.1	
18.0	74.6	104.1	273.8	
32.8	74.6	77.0	163.1	
45.1	52.4	32.8	86.9	
37.7	42.6	10.6	246.8	
35.2	25.4	32.8	126.2	
30.3	-1.7	84.4	-203.4	
8.2	15.5	59.8	-36.1	
-4.1	54.9	13.1	10.6	
-26.3	59.8	3.2	57.4	
-23.8	37.7	-46.0	219.7	
-11.5	72.1	-55.8	202.5	
13.1	69.7	-73.0	67.2	
27.8	77.0	-70.6	-491.2	
50.0	64.7	-41.0	-488.8	
64.7	77.0	-14.0	-353.5	
74.6	8.2	-14.0	-70.6	
50.0	-82.9	-26.3	79.5	
5.7	-16.4	-21.4	91.8	
-14.0	13.1	0.8	-46.0	
-55.8	-6.6	20.5	-41.0	
-70.6	-18.9	40.1	-198.5	
-63.2	-14.0	77.0	-144.4	
-28.7	-4.1	25.4	-188.6	
-26.3	18.0	22.9	-1.7	
-4.1	27.8	30.3	54.9	
5.7	27.8	74.6	50.0	
22.9	13.1	94.3	173.0	
30.3	62.3	64.7	197.6	
30.3	47.5	42.6	89.3	
32.8	30.3	74.6	18.0	
30.3	50.0	59.8	86.9	
8.2	94.3	18.0	170.5	
-4.1	136.1	22.9	396.8	
5.7	84.4	18.0	232.0	
20.5	74.6	-6.6	-28.7	
22.9	18.0	18.0	261.5	
18.0	-1.7	3.2	342.7	
0.8	10.6	8.2	47.5	
15.5	-18.9	-28.7	-122.2	
18.0	-16.4	-11.5	-176.3	
13.1	3.2	-16.4	-105.0	
27.8	-141.9	-43.5	-149.3	
18.0	-149.3	-21.4	-164.0	
-4.1	30.3	-14.0	-92.7	
-16.4	106.6	27.8	-252.6	
-1.7	101.6	72.1	-282.1	
20.5	50.0	30.3	-316.6	
32.8	30.3	30.3	-41.0	
18.0	-1.7	13.1	-92.7	
10.6	-6.6	-1.7	67.2	
5.7	3.2	15.5	-21.4	
-1.7	8.2	30.3	-11.5	
5.7	5.7	35.2	145.9	
10.6	0.8	74.6	586.3	
20.5	13.1	67.2	623.2	
20.5	32.8	-4.1	187.7	
20.5	18.0	-21.4	-269.8	
20.5	15.5	-43.5	-331.3	
8.2	40.1	-77.9	-191.1	
10.6	72.1	-26.3	-309.2	
13.1	72.1	84.4	-112.4	
25.4	59.8	96.7	-127.1	
35.2	69.7	104.1	-169.0	
25.4	52.4	52.4	-63.2	
27.8	30.3	3.2	-6.6	
8.2	18.0	72.1	27.8	
20.5	20.5	57.4	91.8	
20.5	47.5	-26.3	-23.8	
8.2	22.9	-50.9	-154.2	
15.5	18.0	-53.3	-139.4	
18.0	59.8	-70.6	67.2	
37.7	57.4	-55.8	42.6	
32.8	37.7	-60.7	163.1	
22.9	35.2	-41.0	232.0	
18.0	37.7	47.5	401.8	
30.3	3.2	77.0	652.7	
18.0	0.8	42.6	399.3	
8.2	35.2	25.4	116.4	
13.1	54.9	13.1	-442.0	
15.5	27.8	37.7	-198.5	
27.8	40.1	99.2	22.9	
15.5	57.4	86.9	74.6	
22.9	37.7	45.1	-60.7	
8.2	13.1	25.4	-41.0	
-4.1	25.4	-4.1	77.0	
5.7	45.1	-65.6	158.2	
5.7	59.8	-87.8	-21.4	
3.2	45.1	-26.3	214.8	
5.7	30.3	15.5	229.6	
-4.1	45.1	-9.1	-1.7	
40.1	35.2	-18.9	-55.8	
35.2	42.6	-9.1	148.4	
13.1	35.2	-14.0	-311.6	
5.7	45.1	-11.5	-555.2	
18.0	35.2	25.4	-360.8	
22.9	35.2	42.6	-228.0	
27.8	37.7	22.9	-77.9	
22.9	32.8	20.5	-109.9	
13.1	27.8	-1.7	-141.9	
10.6	27.8	-23.8	-41.0	
-1.7	30.3	-41.0	72.1	
18.0	27.8	-43.5	205.0	
15.5	35.2	-31.2	268.9	
25.4	40.1	-38.6	82.0	
15.5	37.7	0.8	-169.0	
5.7	15.5	82.0	-50.9	
5.7	18.0	148.4	175.4	
3.2	57.4	185.3	-77.9	
25.4	45.1	153.3	18.0	
27.8	22.9	106.6	77.0	
13.1	40.1	35.2	-55.8	
32.8	67.2	5.7	-107.5	
32.8	62.3	-50.9	-53.3	
20.5	42.6	-31.2	-134.5	
18.0	37.7	5.7	-102.5	
18.0	3.2	-11.5	-43.5	
27.8	0.8	-14.0	-11.5	
27.8	20.5	-14.0	-4.1	
32.8	20.5	-21.4	8.2	
25.4	27.8	-14.0	22.9	
32.8	40.1	-26.3	30.3	
32.8	32.8	-11.5	20.5	
32.8	35.2	-31.2	32.8	
40.1	40.1	3.2	42.6	
37.7	37.7	0.8	54.9	
32.8	32.8	0.8	42.6	
25.4	15.5	-1.7	27.8	
18.0	13.1	-26.3	50.0	
22.9	27.8	-26.3	42.6	
10.6	30.3	-23.8	32.8	
18.0	42.6	-1.7	-6.6	
18.0	45.1	-43.5	-9.1	
25.4	30.3	-73.0	-75.5	
22.9	64.7	-68.1	-107.5	
15.5	47.5	-33.7	-87.8	
3.2	22.9	-21.4	-26.3	
0.8	8.2	-1.7	200.0	
-6.6	8.2	22.9	106.6	
-11.5	10.6	79.5	175.4	
5.7	20.5	121.3	318.1	
-1.7	10.6	82.0	212.3	
20.5	40.1	40.1	106.6	
35.2	15.5	52.4	-65.6	
32.8	47.5	52.4	-26.3	
45.1	37.7	54.9	-232.9	
42.6	40.1	30.3	-173.9	
50.0	52.4	10.6	-68.1	
45.1	47.5	-6.6	-31.2	
22.9	5.7	-11.5	-114.8	
32.8	8.2	13.1	-1.7	
15.5	27.8	13.1	170.5	
8.2	74.6	-4.1	271.4	
3.2	74.6	8.2	293.5	
-4.1	37.7	25.4	239.4	
-11.5	18.0	30.3	-11.5	
-4.1	15.5	30.3	-122.2	
-6.6	18.0	20.5	-220.6	
-4.1	22.9	-1.7	-173.9	
0.8	8.2	15.5	-31.2	
8.2	20.5	47.5	64.7	
5.7	15.5	94.3	8.2	
13.1	30.3	45.1	-60.7	
5.7	30.3	22.9	-31.2	
13.1	40.1	62.3	45.1	
18.0	37.7	30.3	-11.5	
20.5	57.4	25.4	-14.0	
37.7	37.7	30.3	10.6	
35.2	30.3	42.6	-23.8	
37.7	20.5	27.8	-55.8	
42.6	42.6	-11.5	-90.2	
47.5	57.4	-21.4	-109.9	
47.5	42.6	-11.5	-43.5	
35.2	42.6	-1.7	20.5	
18.0	45.1	20.5	15.5	
20.5	5.7	37.7	25.4	
22.9	20.5	67.2	35.2	
15.5	32.8	72.1	27.8	
30.3	5.7	35.2	35.2	
5.7	13.1	0.8	52.4	
0.8	42.6	27.8	52.4	
15.5	10.6	89.3	-1.7	
25.4	5.7	84.4	13.1	
27.8	-1.7	62.3	22.9	
5.7	18.0	35.2	25.4	
8.2	47.5	40.1	-6.6	
10.6	37.7	69.7	-9.1	
15.5	40.1	35.2	-48.4	
22.9	27.8	25.4	-23.8	
20.5	10.6	-16.4	-4.1	
22.9	30.3	-11.5	-4.1	
20.5	37.7	15.5	27.8	
10.6	25.4	20.5	-9.1	
-1.7	30.3	15.5	5.7	
-1.7	30.3	15.5	15.5	
5.7	32.8	-11.5	8.2	
10.6	20.5	-43.5	-55.8	
13.1	22.9	-46.0	-53.3	
8.2	5.7	-11.5	-18.9	
13.1	8.2	-14.0	25.4	
27.8	45.1	-28.7	25.4	
8.2	40.1	-36.1	-6.6	
8.2	27.8	-28.7	-112.4	
18.0	18.0	-28.7	-21.4	
35.2	35.2	-11.5	-1.7	
25.4	27.8	-23.8	109.0	
27.8	25.4	-48.4	-4.1	
22.9	25.4	-85.3	10.6	
30.3	37.7	-58.3	-11.5	
32.8	25.4	-53.3	99.2	
15.5	40.1	-23.8	94.3	
5.7	22.9	-48.4	96.7	
-1.7	-28.7	-60.7	131.2	
-9.1	-65.6	-65.6	126.2	
-16.4	-26.3	-77.9	182.8	
-4.1	-14.0	-55.8	101.6	
47.5	-1.7	-1.7	57.4	
32.8	18.0	10.6	37.7	
3.2	50.0	47.5	-21.4	
5.7	15.5	50.0	-38.6	
20.5	-16.4	8.2	-6.6	
22.9	-31.2	-58.3	59.8	
5.7	-26.3	-53.3	45.1	
5.7	52.4	-36.1	-43.5	
-1.7	52.4	-63.2	-26.3	
-1.7	5.7	-60.7	-11.5	
13.1	13.1	-73.0	-109.9	
10.6	0.8	-60.7	-90.2	
8.2	-6.6	-63.2	-107.5	
-14.0	20.5	-50.9	-85.3	
-14.0	25.4	0.8	-53.3	
22.9	18.0	18.0	-18.9	
3.2	69.7	20.5	5.7	
3.2	72.1	-6.6	3.2	
8.2	109.0	-28.7	37.7	
-1.7	106.6	-26.3	40.1	
-9.1	99.2	-6.6	40.1	
-11.5	69.7	-23.8	0.8	
18.0	133.6	-11.5	13.1	
18.0	67.2	5.7	22.9	
-1.7	45.1	20.5	8.2	
-28.7	40.1	45.1	25.4	
-16.4	25.4	64.7	32.8	
-9.1	-6.6	62.3	45.1	
-26.3	8.2	25.4	30.3	
0.8	54.9	27.8	136.1	
52.4	113.9	50.0	79.5	
40.1	116.4	10.6	79.5	
67.2	89.3	-48.4	-48.4	
69.7	69.7	-16.4	15.5	
59.8	62.3	-21.4	22.9	
54.9	54.9	-9.1	47.5	
42.6	50.0	-23.8	-53.3	
40.1	54.9	-4.1	-100.1	
30.3	54.9	5.7	-107.5	
20.5	79.5	0.8	-63.2	
10.6	84.4	-6.6	-28.7	
3.2	116.4	18.0	-60.7	
8.2	47.5	47.5	-90.2	
13.1	37.7	62.3	-151.7	
15.5	40.1	82.0	-100.1	
5.7	40.1	74.6	160.7	
10.6	57.4	94.3	163.1	
5.7	42.6	84.4	126.2	
8.2	15.5	64.7	59.8	
8.2	42.6	3.2	35.2	
18.0	69.7	-9.1	59.8	
20.5	69.7	-6.6	-16.4	
13.1	10.6	8.2	-23.8	
8.2	20.5	20.5	5.7	
8.2	8.2	25.4	15.5	
13.1	-16.4	18.0	30.3	
25.4	-6.6	10.6	79.5	
27.8	3.2	-6.6	32.8	
35.2	-11.5	15.5	20.5	
35.2	-50.9	27.8	-55.8	
22.9	-50.9	62.3	3.2	
22.9	-21.4	22.9	-55.8	
8.2	-21.4	-6.6	-100.1	
-1.7	-48.4	-16.4	-77.9	
-9.1	-36.1	0.8	-80.4	
-21.4	0.8	15.5	-146.8	
-1.7	22.9	25.4	-122.2	
-6.6	25.4	25.4	-70.6	
3.2	50.0	30.3	-14.0	
0.8	22.9	-9.1	47.5	
5.7	-14.0	-16.4	158.2	
5.7	0.8	-21.4	155.8	
3.2	5.7	-21.4	40.1	
18.0	15.5	-18.9	-16.4	
22.9	27.8	3.2	-31.2	
10.6	22.9	13.1	22.9	
13.1	15.5	5.7	79.5	
59.8	5.7	-23.8	116.4	
69.7	-4.1	-23.8	-11.5	
47.5	25.4	-28.7	13.1	
37.7	45.1	-4.1	35.2	
32.8	47.5	35.2	35.2	
35.2	40.1	40.1	45.1	
35.2	20.5	13.1	22.9	
42.6	18.0	57.4	-33.7	
20.5	27.8	116.4	-43.5	
10.6	40.1	94.3	-55.8	
5.7	37.7	104.1	-119.8	
8.2	77.0	89.3	-151.7	
15.5	52.4	22.9	-127.1	
15.5	30.3	-14.0	-23.8	
15.5	35.2	-1.7	13.1	
-4.1	45.1	10.6	72.1	
-6.6	40.1	-9.1	197.6	
-4.1	15.5	-4.1	414.1	
-14.0	27.8	3.2	495.2	
3.2	37.7	-9.1	212.3	
10.6	10.6	0.8	-36.1	
20.5	0.8	-1.7	-183.7	
42.6	25.4	-9.1	-210.8	
52.4	47.5	-1.7	-173.9	
40.1	27.8	-6.6	-137.0	
15.5	30.3	-14.0	-87.8	
8.2	50.0	-14.0	-48.4	
-14.0	40.1	-14.0	-23.8	
-16.4	32.8	-16.4	-1.7	
-14.0	42.6	-16.4	-28.7	
-11.5	45.1	8.2	-55.8	
30.3	40.1	18.0	-68.1	
37.7	32.8	-6.6	-68.1	
30.3	40.1	-1.7	-38.6	
27.8	45.1	8.2	-23.8	
-4.1	52.4	32.8	-4.1	
-1.7	50.0	22.9	-28.7	
-4.1	42.6	-26.3	-31.2	
-6.6	50.0	-6.6	-14.0	
20.5	52.4	91.8	-31.2	
18.0	54.9	45.1	-38.6	
30.3	47.5	-6.6	8.2	
27.8	20.5	-38.6	-16.4	
22.9	27.8	-28.7	-38.6	
22.9	8.2	-26.3	-31.2	
35.2	18.0	-33.7	10.6	
30.3	42.6	-21.4	77.0	
27.8	45.1	-6.6	94.3	
8.2	18.0	-11.5	18.0	
-14.0	10.6	-9.1	-14.0	
-16.4	-6.6	-9.1	22.9	
-28.7	35.2	5.7	25.4	
-18.9	77.0	69.7	5.7	
-9.1	47.5	52.4	20.5	
-11.5	62.3	13.1	30.3	
5.7	47.5	0.8	-14.0	
8.2	27.8	-11.5	-14.0	
0.8	8.2	-1.7	-1.7	
-23.8	22.9	18.0	15.5	
-33.7	-4.1	18.0	-14.0	
-16.4	22.9	15.5	-31.2	
0.8	45.1	15.5	-4.1	
18.0	47.5	40.1	54.9	
32.8	-11.5	45.1	74.6	
8.2	5.7	35.2	35.2	
-23.8	47.5	32.8	3.2	
-70.6	35.2	37.7	8.2	
-82.9	54.9	30.3	3.2	
-80.4	30.3	37.7	-60.7	
-85.3	-23.8	40.1	-38.6	
-38.6	22.9	59.8	-36.1	
54.9	15.5	72.1	3.2	
64.7	45.1	52.4	25.4	
52.4	32.8	13.1	-23.8	
72.1	30.3	0.8	-80.4	
101.6	42.6	22.9	-16.4	
136.1	40.1	50.0	-70.6	
136.1	40.1	79.5	-107.5	
116.4	42.6	118.9	-154.2	
96.7	18.0	104.1	-141.9	
74.6	25.4	72.1	-65.6	
52.4	18.0	37.7	0.8	
52.4	15.5	32.8	-50.9	
37.7	25.4	13.1	32.8	
20.5	32.8	8.2	111.5	
30.3	37.7	0.8	62.3	
15.5	35.2	-11.5	-33.7	
25.4	67.2	-9.1	25.4	
27.8	72.1	5.7	-4.1	
40.1	15.5	20.5	-28.7	
25.4	27.8	57.4	-53.3	
20.5	30.3	94.3	-119.8	
27.8	37.7	141.0	-183.7	
32.8	-14.0	67.2	-23.8	
13.1	-26.3	3.2	62.3	
-1.7	10.6	-28.7	64.7	
-4.1	-6.6	-33.7	-23.8	
-14.0	0.8	-1.7	-68.1	
-31.2	27.8	18.0	-109.9	
-16.4	37.7	20.5	-139.4	
10.6	32.8	13.1	-141.9	
13.1	15.5	37.7	-95.2	
30.3	13.1	84.4	42.6	
37.7	22.9	52.4	62.3	
18.0	45.1	25.4	-50.9	
8.2	25.4	25.4	-137.0	
0.8	15.5	62.3	-333.8	
30.3	22.9	45.1	-385.4	
25.4	42.6	35.2	42.6	
27.8	27.8	57.4	163.1	
0.8	45.1	35.2	303.4	
-28.7	32.8	22.9	465.7	
0.8	20.5	3.2	283.7	
-9.1	27.8	27.8	116.4	
-4.1	27.8	32.8	27.8	
-6.6	35.2	32.8	69.7	
-6.6	30.3	5.7	143.5	
-18.9	27.8	-4.1	175.4	
-21.4	30.3	-1.7	113.9	
-26.3	35.2	13.1	106.6	
-9.1	50.0	-9.1	86.9	
22.9	47.5	-6.6	18.0	
30.3	30.3	54.9	-23.8	
57.4	59.8	50.0	-53.3	
69.7	42.6	-9.1	-38.6	
54.9	15.5	-38.6	5.7	
42.6	54.9	-50.9	25.4	
30.3	50.0	-50.9	104.1	
27.8	54.9	-50.9	84.4	
15.5	32.8	-48.4	111.5	
27.8	82.0	-38.6	74.6	
3.2	109.0	-46.0	64.7	
-9.1	109.0	-77.9	91.8	
-9.1	37.7	-63.2	113.9	
-6.6	30.3	-55.8	116.4	
-4.1	35.2	-53.3	101.6	
-11.5	32.8	-50.9	59.8	
-6.6	-55.8	-41.0	45.1	
-4.1	-46.0	-11.5	22.9	
-1.7	22.9	-23.8	30.3	
10.6	101.6	-4.1	30.3	
13.1	50.0	-4.1	27.8	
20.5	35.2	-4.1	10.6	
20.5	62.3	0.8	-18.9	
25.4	57.4	20.5	-6.6	
20.5	-36.1	47.5	22.9	
15.5	-63.2	57.4	18.0	
10.6	-9.1	57.4	20.5	
-6.6	32.8	42.6	27.8	
0.8	37.7	54.9	13.1	
18.0	-21.4	54.9	8.2	
8.2	-41.0	27.8	-18.9	
15.5	-6.6	18.0	-4.1	
18.0	59.8	18.0	-4.1	
5.7	5.7	57.4	-9.1	
-9.1	-21.4	91.8	-9.1	
13.1	-9.1	150.8	5.7	
20.5	25.4	207.4	5.7	
10.6	27.8	190.2	-18.9	
5.7	5.7	138.5	-43.5	
-1.7	10.6	118.9	-58.3	
5.7	20.5	104.1	-55.8	
-9.1	-11.5	91.8	-48.4	
-6.6	-1.7	86.9	-41.0	
8.2	0.8	86.9	-41.0	
10.6	3.2	77.0	-31.2	
25.4	-11.5	116.4	-31.2	
30.3	-31.2	121.3	-16.4	
15.5	50.0	106.6	-21.4	
20.5	69.7	165.6	-26.3	
20.5	72.1	175.4	-14.0	
13.1	118.9	133.6	-6.6	
22.9	77.0	94.3	-11.5	
25.4	13.1	109.0	-11.5	
20.5	-9.1	101.6	5.7	
18.0	-16.4	106.6	-1.7	
-1.7	22.9	91.8	8.2	
20.5	52.4	104.1	-1.7	
22.9	32.8	77.0	-26.3	
13.1	3.2	59.8	-73.0	
22.9	64.7	64.7	-43.5	
22.9	54.9	74.6	-18.9	
22.9	47.5	99.2	-6.6	
30.3	-6.6	131.2	0.8	
27.8	-26.3	158.2	-1.7	
18.0	-70.6	82.0	-31.2	
22.9	8.2	57.4	-53.3	
13.1	94.3	25.4	-23.8	
5.7	69.7	52.4	-21.4	
5.7	25.4	62.3	-26.3	
18.0	47.5	91.8	-33.7	
25.4	52.4	101.6	-18.9	
20.5	96.7	77.0	-31.2	
13.1	84.4	74.6	-46.0	
10.6	50.0	62.3	-50.9	
-6.6	54.9	54.9	-50.9	
-1.7	22.9	32.8	-58.3	
3.2	37.7	35.2	-100.1	
-6.6	79.5	27.8	-122.2	
-6.6	52.4	13.1	-77.9	
-11.5	47.5	3.2	-112.4	
-1.7	8.2	-9.1	-114.8	
69.7	-6.6	-9.1	-65.6	
45.1	25.4	-26.3	99.2	
42.6	72.1	-33.7	109.0	
18.0	82.0	-38.6	109.0	
8.2	52.4	-36.1	-48.4	
5.7	35.2	-58.3	-129.6	
30.3	10.6	-46.0	-129.6	
50.0	20.5	-43.5	-80.4	
27.8	69.7	-31.2	-95.2	
40.1	111.5	-26.3	-107.5	
37.7	177.9	-50.9	-4.1	
35.2	195.1	-70.6	86.9	
15.5	173.0	-65.6	109.0	
22.9	99.2	-50.9	86.9	
32.8	77.0	-58.3	22.9	
32.8	-53.3	-38.6	-46.0	
18.0	-9.1	-38.6	-215.7	
0.8	5.7	-48.4	-245.2	
-9.1	-21.4	-50.9	-41.0	
8.2	54.9	-60.7	451.0	
-1.7	8.2	-73.0	810.1	
-1.7	-63.2	-63.2	342.7	
-6.6	-65.6	-48.4	271.4	
10.6	-43.5	-58.3	246.8	
5.7	-178.8	-50.9	180.4	
8.2	-90.2	-53.3	101.6	
18.0	59.8	-65.6	286.1	
54.9	35.2	-87.8	214.8	
45.1	84.4	-100.1	-53.3	
67.2	50.0	-102.5	-107.5	
27.8	5.7	-124.7	-6.6	
22.9	8.2	-134.5	-127.1	
-4.1	42.6	-97.6	-341.2	
-16.4	143.5	-43.5	-343.6	
-21.4	64.7	-46.0	-289.5	
-26.3	-28.7	10.6	-132.1	
-11.5	-1.7	84.4	-70.6	
-21.4	0.8	86.9	-31.2	
5.7	111.5	0.8	13.1	
13.1	113.9	-75.5	10.6	
35.2	10.6	-100.1	22.9	
22.9	-6.6	-58.3	40.1	
18.0	0.8	-28.7	35.2	
30.3	-16.4	-31.2	42.6	
10.6	37.7	-38.6	47.5	
-9.1	42.6	-14.0	57.4	
-23.8	79.5	-23.8	64.7	
-14.0	91.8	-33.7	57.4	
-11.5	74.6	-31.2	64.7	
15.5	54.9	-31.2	62.3	
22.9	30.3	69.7	47.5	
18.0	18.0	86.9	47.5	
22.9	40.1	54.9	40.1	
3.2	30.3	25.4	52.4	
13.1	25.4	10.6	25.4	
22.9	30.3	0.8	22.9	
32.8	22.9	27.8	20.5	
27.8	15.5	32.8	10.6	
30.3	37.7	35.2	-4.1	
30.3	50.0	32.8	-26.3	
20.5	52.4	20.5	-16.4	
30.3	45.1	13.1	-16.4	
32.8	32.8	15.5	-6.6	
22.9	47.5	27.8	57.4	
22.9	37.7	18.0	84.4	
27.8	27.8	27.8	69.7	
18.0	35.2	27.8	74.6	
18.0	27.8	13.1	72.1	
32.8	25.4	0.8	173.0	
18.0	15.5	-4.1	207.4	
40.1	20.5	10.6	229.6	
22.9	15.5	5.7	337.8	
25.4	30.3	-6.6	441.1	
20.5	35.2	-4.1	561.7	
18.0	35.2	-16.4	721.6	
35.2	45.1	-21.4	583.8	
37.7	30.3	-18.9	143.5	
32.8	32.8	-18.9	-250.1	
22.9	27.8	-9.1	-498.6	
20.5	42.6	-21.4	-363.3	
20.5	37.7	-23.8	-141.9	
25.4	25.4	-21.4	25.4	
20.5	37.7	-9.1	-58.3	
22.9	30.3	-18.9	-299.3	
15.5	22.9	-16.4	-292.0	
22.9	27.8	-26.3	-675.7	
18.0	25.4	-28.7	-747.1	
20.5	35.2	-21.4	-437.1	
22.9	50.0	-9.1	-65.6	
30.3	50.0	-6.6	165.6	
37.7	25.4	3.2	286.1	
32.8	27.8	18.0	158.2	
20.5	27.8	18.0	57.4	
20.5	27.8	20.5	-1.7	
15.5	42.6	3.2	-16.4	
15.5	35.2	-26.3	45.1	
8.2	27.8	62.3	27.8	
5.7	40.1	99.2	-129.6	
5.7	35.2	82.0	-432.2	
13.1	45.1	89.3	-304.3	
13.1	45.1	111.5	35.2	
18.0	37.7	91.8	256.6	
18.0	27.8	27.8	47.5	
30.3	50.0	-14.0	-294.4	
25.4	18.0	-16.4	-284.6	
20.5	27.8	-36.1	-105.0	
18.0	47.5	-4.1	-173.9	
20.5	27.8	18.0	-87.8	
22.9	8.2	123.8	-85.3	
13.1	3.2	136.1	-100.1	
15.5	30.3	32.8	-4.1	
20.5	35.2	-14.0	30.3	
13.1	67.2	-55.8	-41.0	
32.8	57.4	-4.1	-151.7	
22.9	15.5	89.3	-228.0	
18.0	52.4	77.0	10.6	
15.5	15.5	45.1	426.4	
18.0	8.2	-9.1	468.2	
13.1	0.8	-55.8	286.1	
8.2	13.1	-21.4	175.4	
18.0	40.1	-41.0	180.4	
18.0	-4.1	-73.0	182.8	
8.2	-1.7	-60.7	57.4	
-4.1	25.4	-26.3	82.0	
3.2	30.3	-16.4	82.0	
-11.5	27.8	27.8	219.7	
15.5	10.6	-1.7	315.7	
54.9	59.8	-31.2	219.7	
40.1	84.4	-43.5	244.3	
22.9	64.7	-46.0	109.0	
15.5	52.4	-36.1	5.7	
18.0	20.5	-38.6	-267.4	
3.2	25.4	-33.7	-432.2	
-14.0	22.9	-23.8	-314.1	
-14.0	0.8	-21.4	-306.7	
-9.1	30.3	-68.1	-311.6	
-4.1	69.7	-50.9	-215.7	
-4.1	54.9	-80.4	-223.1	
10.6	50.0	-60.7	32.8	
10.6	54.9	-11.5	581.3	
-4.1	47.5	18.0	1038.9	
-11.5	20.5	52.4	1230.8	
8.2	50.0	84.4	1444.8	
3.2	69.7	133.6	1572.7	
3.2	67.2	118.9	1375.9	
15.5	67.2	52.4	1437.4	
15.5	54.9	-31.2	824.9	
20.5	-23.8	-65.6	-360.8	
18.0	-28.7	-50.9	-1539.2	
25.4	54.9	-16.4	-1836.8	
42.6	96.7	13.1	-1711.4	
40.1	116.4	22.9	-1362.1	
52.4	101.6	8.2	-1071.8	
37.7	77.0	10.6	-919.3	
20.5	37.7	-58.3	-739.7	
-4.1	84.4	-70.6	-538.0	
-28.7	74.6	-65.6	-442.0	
-38.6	32.8	-9.1	-230.5	
-11.5	47.5	35.2	-28.7	
-23.8	94.3	-11.5	-21.4	
-6.6	15.5	15.5	22.9	
-21.4	-117.3	64.7	20.5	
-16.4	-203.4	74.6	-65.6	
-9.1	-169.0	59.8	-225.5	
-26.3	-92.7	42.6	-90.2	
-9.1	-33.7	-26.3	10.6	
-9.1	22.9	-50.9	86.9	
-6.6	8.2	-53.3	185.3	
-6.6	77.0	-55.8	209.9	
-16.4	104.1	-50.9	170.5	
-9.1	20.5	-9.1	155.8	
8.2	-26.3	3.2	305.8	
10.6	-16.4	32.8	286.1	
10.6	-16.4	-21.4	170.5	
-4.1	-14.0	-73.0	-68.1	
5.7	10.6	-38.6	-127.1	
-4.1	20.5	-43.5	42.6	
3.2	8.2	-55.8	200.0	
20.5	-16.4	-58.3	389.5	
20.5	0.8	0.8	487.9	
15.5	40.1	-50.9	549.4	
32.8	47.5	-68.1	692.0	
27.8	45.1	-33.7	667.4	
27.8	15.5	25.4	264.0	
15.5	22.9	-6.6	362.4	
27.8	47.5	-73.0	177.9	
22.9	67.2	-55.8	-230.5	
35.2	72.1	-43.5	-296.9	
35.2	69.7	-41.0	-245.2	
15.5	57.4	-50.9	-1.7	
32.8	27.8	-58.3	148.4	
18.0	32.8	-75.5	-60.7	
20.5	-1.7	-75.5	-523.2	
15.5	20.5	-87.8	-274.7	
37.7	-18.9	-46.0	-73.0	
32.8	37.7	-28.7	-41.0	
35.2	57.4	-33.7	64.7	
45.1	52.4	22.9	37.7	
42.6	35.2	59.8	273.8	
35.2	42.6	37.7	414.1	
25.4	52.4	50.0	487.9	
25.4	67.2	40.1	399.3	
32.8	50.0	-21.4	35.2	
22.9	59.8	-117.3	-267.4	
25.4	57.4	-122.2	-333.8	
22.9	25.4	-75.5	-395.3	
32.8	59.8	18.0	-557.6	
27.8	54.9	59.8	-252.6	
32.8	32.8	74.6	118.9	
57.4	10.6	123.8	357.5	
57.4	-1.7	113.9	517.4	
45.1	20.5	67.2	372.2	
30.3	35.2	15.5	-442.0	
18.0	25.4	20.5	-990.6	
-6.6	32.8	-14.0	-855.3	
-21.4	22.9	-26.3	-402.7	
-16.4	45.1	-18.9	109.0	
3.2	27.8	-28.7	259.1	
-4.1	25.4	-43.5	30.3	
0.8	27.8	-18.9	155.8	
0.8	50.0	-26.3	86.9	
10.6	30.3	-11.5	113.9	
22.9	22.9	57.4	546.9	
18.0	18.0	118.9	273.8	
22.9	42.6	111.5	195.1	
20.5	18.0	74.6	246.8	
37.7	22.9	30.3	173.0	
37.7	25.4	35.2	271.4	
30.3	37.7	69.7	308.3	
32.8	30.3	52.4	-109.9	
15.5	32.8	18.0	-395.3	
13.1	35.2	54.9	-597.0	
8.2	27.8	121.3	-193.6	
0.8	37.7	45.1	0.8	
22.9	32.8	3.2	209.9	
15.5	42.6	-63.2	313.2	
18.0	42.6	-23.8	556.7	
18.0	20.5	-9.1	637.9	
27.8	22.9	96.7	569.0	
20.5	20.5	128.7	266.5	
32.8	54.9	74.6	-348.5	
35.2	45.1	42.6	-875.0	
22.9	22.9	42.6	-833.2	
25.4	5.7	-33.7	-700.3	
8.2	8.2	-63.2	-506.0	
20.5	22.9	-21.4	-43.5	
18.0	42.6	25.4	288.6	
18.0	52.4	59.8	500.2	
18.0	54.9	133.6	298.4	
22.9	42.6	123.8	-55.8	
30.3	20.5	99.2	195.1	
22.9	32.8	25.4	637.9	
25.4	22.9	10.6	264.0	
18.0	20.5	22.9	-95.2	
20.5	27.8	-1.7	106.6	
15.5	32.8	18.0	345.2	
25.4	18.0	-16.4	239.4	
22.9	30.3	-18.9	-262.4	
27.8	30.3	-21.4	-402.7	
20.5	35.2	-14.0	-18.9	
20.5	62.3	-9.1	77.0	
15.5	5.7	-14.0	-97.6	
20.5	13.1	-11.5	-139.4	
20.5	5.7	-53.3	-412.5	
13.1	13.1	-4.1	-392.8	
25.4	37.7	32.8	-173.9	
15.5	37.7	18.0	-252.6	
15.5	32.8	-1.7	-252.6	
8.2	22.9	45.1	-277.2	
13.1	32.8	22.9	-154.2	
20.5	54.9	13.1	20.5	
27.8	52.4	-28.7	18.0	
25.4	37.7	-87.8	-9.1	
32.8	27.8	-33.7	276.3	
27.8	-4.1	5.7	224.6	
32.8	-14.0	25.4	-18.9	
32.8	-16.4	52.4	145.9	
18.0	37.7	128.7	192.7	
15.5	59.8	168.1	177.9	
22.9	47.5	54.9	-53.3	
30.3	13.1	5.7	-203.4	
35.2	18.0	3.2	-208.3	
13.1	0.8	-48.4	-43.5	
22.9	32.8	-9.1	236.9	
18.0	32.8	82.0	-87.8	
32.8	32.8	143.5	-373.1	
13.1	40.1	89.3	-341.2	
5.7	37.7	47.5	-451.9	
0.8	35.2	-36.1	-23.8	
8.2	5.7	-58.3	187.7	
-1.7	13.1	-82.9	219.7	
5.7	-14.0	-65.6	350.1	
13.1	8.2	-53.3	377.2	
25.4	-6.6	37.7	328.0	
22.9	13.1	42.6	-139.4	
25.4	37.7	40.1	-235.4	
22.9	15.5	15.5	283.7	
32.8	0.8	-9.1	652.7	
25.4	0.8	-46.0	682.2	
32.8	-4.1	-58.3	126.2	
27.8	-33.7	-33.7	-316.6	
13.1	-11.5	-14.0	-727.4	
3.2	8.2	0.8	-722.5	
-1.7	25.4	-36.1	-353.5	
3.2	5.7	-85.3	-173.9	
-14.0	-11.5	-70.6	-282.1	
-9.1	18.0	-41.0	-186.2	
-6.6	13.1	-9.1	128.7	
-11.5	-21.4	0.8	355.0	
-6.6	-9.1	-9.1	300.9	
0.8	13.1	27.8	286.1	
15.5	22.9	27.8	296.0	
20.5	47.5	-9.1	82.0	
13.1	64.7	-46.0	45.1	
13.1	13.1	-48.4	-102.5	
22.9	27.8	-82.9	-149.3	
27.8	64.7	-102.5	82.0	
20.5	57.4	-33.7	546.9	
27.8	57.4	82.0	1024.1	
25.4	99.2	153.3	913.4	
30.3	116.4	62.3	615.8	
30.3	104.1	-55.8	756.0	
35.2	79.5	-97.6	45.1	
35.2	84.4	-119.8	-1015.2	
47.5	67.2	-95.2	-958.6	
45.1	86.9	-26.3	-688.0	
47.5	96.7	57.4	-383.0	
35.2	113.9	40.1	-218.2	
35.2	123.8	5.7	-9.1	
30.3	96.7	-6.6	278.8	
20.5	84.4	-36.1	239.4	
22.9	101.6	-41.0	-141.9	
32.8	84.4	18.0	-9.1	
40.1	84.4	94.3	170.5	
37.7	86.9	99.2	25.4	
30.3	32.8	62.3	-594.5	
32.8	37.7	27.8	-410.0	
40.1	47.5	-21.4	-390.4	
27.8	32.8	-73.0	-343.6	
5.7	32.8	-60.7	-137.0	
-11.5	13.1	-65.6	104.1	
-14.0	10.6	-28.7	259.1	
15.5	-26.3	-21.4	325.5	
22.9	-23.8	47.5	168.1	
32.8	-14.0	155.8	-114.8	
27.8	0.8	187.7	-292.0	
5.7	10.6	86.9	-14.0	
18.0	18.0	-1.7	145.9	
20.5	-1.7	-122.2	187.7	
30.3	3.2	-127.1	264.0	
20.5	3.2	3.2	173.0	
5.7	-1.7	106.6	86.9	
18.0	0.8	163.1	155.8	
35.2	-1.7	35.2	291.1	
30.3	-4.1	-46.0	251.7	
37.7	-1.7	-38.6	10.6	
25.4	-9.1	-60.7	-183.7	
15.5	8.2	3.2	-451.9	
0.8	10.6	113.9	-461.7	
3.2	8.2	131.2	-466.6	
-4.1	0.8	101.6	-287.0	
8.2	-14.0	62.3	5.7	
10.6	18.0	42.6	89.3	
8.2	15.5	27.8	8.2	
10.6	13.1	-23.8	-122.2	
18.0	32.8	-23.8	-151.7	
8.2	37.7	-21.4	-102.5	
15.5	37.7	-4.1	79.5	
22.9	22.9	3.2	175.4	
25.4	18.0	25.4	367.3	
20.5	20.5	22.9	394.4	
30.3	27.8	-43.5	367.3	
18.0	15.5	-95.2	244.3	
22.9	0.8	-70.6	465.7	
18.0	25.4	-33.7	615.8	
22.9	27.8	-21.4	315.7	
8.2	40.1	8.2	394.4	
5.7	40.1	89.3	288.6	
8.2	20.5	200.0	-395.3	
10.6	30.3	121.3	-557.6	
0.8	13.1	72.1	-328.9	
3.2	27.8	18.0	-427.3	
18.0	30.3	-80.4	-287.0	
15.5	27.8	-100.1	52.4	
8.2	13.1	-77.9	-183.7	
-6.6	25.4	-18.9	-299.3	
25.4	15.5	54.9	-181.3	
42.6	8.2	168.1	-33.7	
27.8	30.3	145.9	35.2	
18.0	47.5	77.0	18.0	
13.1	25.4	79.5	94.3	
13.1	25.4	64.7	296.0	
15.5	42.6	-26.3	187.7	
10.6	25.4	-53.3	-77.9	
-1.7	18.0	-77.9	-400.2	
20.5	20.5	-77.9	-257.5	
0.8	8.2	-21.4	-159.1	
-9.1	25.4	-41.0	101.6	
5.7	5.7	-21.4	158.2	
8.2	20.5	-16.4	153.3	
15.5	27.8	-9.1	-134.5	
15.5	-1.7	5.7	-213.2	
15.5	20.5	-11.5	-80.4	
15.5	40.1	-55.8	-63.2	
20.5	37.7	-70.6	-279.7	
25.4	82.0	-18.9	-188.6	
22.9	32.8	0.8	-14.0	
13.1	25.4	-16.4	22.9	
-1.7	37.7	8.2	69.7	
3.2	74.6	62.3	278.8	
0.8	82.0	99.2	446.0	
-11.5	59.8	72.1	387.0	
3.2	52.4	-4.1	59.8	
-4.1	20.5	-36.1	337.8	
15.5	45.1	-31.2	505.1	
40.1	72.1	52.4	359.9	
42.6	10.6	104.1	-6.6	
52.4	-73.0	113.9	-501.1	
27.8	-23.8	54.9	-584.7	
18.0	-14.0	62.3	-306.7	
5.7	5.7	37.7	-210.8	
-9.1	15.5	20.5	-264.9	
-16.4	13.1	20.5	-213.2	
-6.6	15.5	3.2	-149.3	
-6.6	13.1	-23.8	-80.4	
-23.8	25.4	-11.5	-18.9	
-16.4	22.9	32.8	79.5	
3.2	67.2	79.5	-58.3	
25.4	22.9	40.1	0.8	
35.2	20.5	-33.7	18.0	
5.7	59.8	-85.3	-41.0	
3.2	69.7	-92.7	8.2	
5.7	57.4	-68.1	86.9	
18.0	52.4	-46.0	187.7	
25.4	47.5	-9.1	268.9	
42.6	77.0	32.8	298.4	
25.4	50.0	79.5	332.9	
27.8	-18.9	79.5	197.6	
37.7	-18.9	-1.7	-196.0	
25.4	-41.0	-55.8	-314.1	
20.5	-26.3	-43.5	-178.8	
-6.6	-33.7	35.2	-161.6	
-9.1	5.7	94.3	-28.7	
5.7	25.4	111.5	94.3	
5.7	35.2	121.3	241.9	
5.7	50.0	67.2	86.9	
3.2	54.9	67.2	5.7	
20.5	35.2	22.9	-161.6	
57.4	77.0	37.7	8.2	
35.2	69.7	32.8	22.9	
18.0	57.4	40.1	-75.5	
0.8	18.0	35.2	-156.7	
3.2	-36.1	64.7	-129.6	
-1.7	-38.6	77.0	-43.5	
-11.5	-21.4	59.8	-26.3	
-1.7	5.7	25.4	-36.1	
-9.1	30.3	22.9	-1.7	
-1.7	22.9	15.5	18.0	
-1.7	32.8	30.3	37.7	
25.4	35.2	40.1	74.6	
18.0	47.5	35.2	118.9	
22.9	50.0	59.8	175.4	
22.9	57.4	79.5	89.3	
32.8	47.5	69.7	123.8	
20.5	35.2	86.9	227.1	
18.0	32.8	109.0	35.2	
5.7	25.4	106.6	-23.8	
-4.1	15.5	72.1	276.3	
18.0	15.5	35.2	598.6	
22.9	8.2	8.2	593.6	
22.9	15.5	13.1	197.6	
15.5	25.4	8.2	-599.5	
15.5	27.8	15.5	-380.5	
0.8	35.2	45.1	-439.6	
-1.7	25.4	40.1	-208.3	
-1.7	27.8	5.7	18.0	
10.6	54.9	25.4	25.4	
20.5	52.4	64.7	-156.7	
-1.7	35.2	118.9	-183.7	
-14.0	45.1	77.0	-38.6	
-14.0	18.0	62.3	25.4	
3.2	27.8	35.2	-117.3	
-14.0	45.1	42.6	-68.1	
-14.0	54.9	109.0	0.8	
-1.7	62.3	77.0	-38.6	
15.5	47.5	-6.6	155.8	
45.1	20.5	-33.7	281.2	
40.1	13.1	-33.7	190.2	
25.4	13.1	-31.2	126.2	
22.9	20.5	-9.1	89.3	
18.0	30.3	3.2	-1.7	
13.1	13.1	25.4	-203.4	
13.1	27.8	13.1	-321.5	
20.5	20.5	-23.8	-127.1	
5.7	15.5	-11.5	-235.4	
-4.1	42.6	15.5	42.6	
0.8	42.6	-11.5	219.7	
8.2	47.5	-4.1	20.5	
3.2	69.7	62.3	40.1	
5.7	30.3	40.1	37.7	
3.2	32.8	35.2	25.4	
8.2	13.1	15.5	-112.4	
13.1	37.7	-18.9	-58.3	
13.1	40.1	-16.4	-105.0	
5.7	5.7	40.1	-225.5	
-9.1	-11.5	0.8	22.9	
-6.6	-33.7	-16.4	133.6	
3.2	-23.8	-26.3	106.6	
5.7	3.2	-55.8	96.7	
5.7	8.2	-105.0	-63.2	
0.8	32.8	-95.2	-63.2	
18.0	3.2	-43.5	72.1	
15.5	5.7	27.8	89.3	
45.1	8.2	22.9	-63.2	
32.8	18.0	-11.5	-50.9	
25.4	40.1	-28.7	-38.6	
20.5	32.8	8.2	-36.1	
-6.6	40.1	13.1	5.7	
-21.4	22.9	13.1	37.7	
10.6	32.8	-63.2	86.9	
5.7	30.3	-100.1	18.0	
5.7	22.9	-92.7	-82.9	
-14.0	20.5	-75.5	-73.0	
27.8	32.8	-70.6	-60.7	
59.8	64.7	-48.4	-1.7	
25.4	47.5	-50.9	15.5	
5.7	52.4	-11.5	82.0	
8.2	37.7	-48.4	79.5	
25.4	30.3	-82.9	47.5	
20.5	57.4	-85.3	62.3	
22.9	50.0	-11.5	10.6	
20.5	25.4	50.0	-90.2	
20.5	47.5	79.5	-124.7	
15.5	15.5	121.3	67.2	
8.2	35.2	18.0	136.1	
-1.7	62.3	-16.4	79.5	
18.0	82.0	-46.0	-43.5	
8.2	37.7	-16.4	-33.7	
0.8	20.5	-14.0	-41.0	
13.1	-1.7	-38.6	-28.7	
27.8	-4.1	-75.5	-23.8	
40.1	40.1	-63.2	-1.7	
22.9	42.6	-114.8	50.0	
-1.7	42.6	-124.7	62.3	
-6.6	67.2	-149.3	-46.0	
-9.1	40.1	-109.9	-48.4	
-6.6	54.9	-102.5	-11.5	
5.7	42.6	-63.2	64.7	
22.9	59.8	15.5	52.4	
27.8	50.0	5.7	150.8	
10.6	20.5	-9.1	136.1	
5.7	25.4	-11.5	126.2	
-1.7	30.3	5.7	20.5	
8.2	82.0	22.9	-14.0	
3.2	30.3	-18.9	-48.4	
13.1	13.1	-50.9	25.4	
22.9	8.2	-50.9	52.4	
15.5	-1.7	-77.9	64.7	
20.5	-11.5	-73.0	84.4	
3.2	79.5	-70.6	0.8	
3.2	32.8	-60.7	-105.0	
-6.6	-41.0	-43.5	-53.3	
-1.7	3.2	-16.4	-16.4	
-1.7	59.8	45.1	-70.6	
13.1	138.5	86.9	-82.9	
10.6	94.3	59.8	-1.7	
18.0	13.1	3.2	-38.6	
20.5	0.8	-60.7	54.9	
20.5	-31.2	-80.4	52.4	
25.4	-95.2	-63.2	-14.0	
13.1	-100.1	-65.6	-26.3	
18.0	-31.2	-28.7	-14.0	
27.8	45.1	-16.4	-14.0	
32.8	62.3	-48.4	-14.0	
25.4	67.2	-36.1	-33.7	
27.8	96.7	-31.2	37.7	
25.4	99.2	-31.2	27.8	
13.1	27.8	-68.1	155.8	
37.7	25.4	-73.0	69.7	
32.8	27.8	-50.9	126.2	
35.2	35.2	-18.9	37.7	
27.8	30.3	32.8	37.7	
30.3	37.7	-1.7	0.8	
30.3	47.5	-18.9	25.4	
20.5	32.8	15.5	15.5	
22.9	8.2	62.3	45.1	
18.0	13.1	42.6	32.8	
8.2	13.1	-6.6	35.2	
13.1	32.8	-21.4	35.2	
15.5	54.9	-21.4	45.1	
25.4	52.4	-28.7	32.8	
22.9	54.9	-21.4	35.2	
42.6	35.2	-1.7	-31.2	
40.1	32.8	20.5	-4.1	
35.2	50.0	40.1	-23.8	
20.5	-1.7	3.2	-4.1	
22.9	-21.4	-31.2	77.0	
18.0	3.2	-36.1	96.7	
20.5	32.8	-11.5	35.2	
0.8	37.7	22.9	50.0	
-1.7	32.8	5.7	50.0	
5.7	57.4	18.0	35.2	
15.5	54.9	64.7	-6.6	
8.2	77.0	47.5	-102.5	
-4.1	50.0	22.9	-33.7	
10.6	25.4	-23.8	27.8	
-11.5	22.9	-41.0	128.7	
18.0	25.4	-9.1	94.3	
13.1	20.5	47.5	99.2	
22.9	0.8	69.7	244.3	
57.4	-4.1	77.0	207.4	
42.6	-9.1	82.0	54.9	
40.1	35.2	133.6	-31.2	
25.4	62.3	145.9	-23.8	
5.7	57.4	57.4	-100.1	
-1.7	40.1	0.8	-122.2	
-1.7	50.0	-14.0	-48.4	
-4.1	54.9	30.3	-21.4	
45.1	59.8	62.3	22.9	
57.4	52.4	42.6	32.8	
27.8	40.1	40.1	84.4	
15.5	50.0	42.6	116.4	
13.1	40.1	59.8	-6.6	
18.0	18.0	37.7	-90.2	
27.8	25.4	27.8	-55.8	
27.8	25.4	3.2	-68.1	
22.9	42.6	-14.0	-151.7	
27.8	40.1	-23.8	-92.7	
25.4	27.8	-4.1	-70.6	
15.5	10.6	3.2	-21.4	
3.2	27.8	-4.1	-31.2	
-11.5	50.0	3.2	-41.0	
3.2	50.0	5.7	-75.5	
-1.7	22.9	20.5	-4.1	
3.2	8.2	27.8	128.7	
-4.1	27.8	30.3	163.1	
20.5	42.6	15.5	89.3	
35.2	30.3	-9.1	22.9	
37.7	50.0	-23.8	-16.4	
10.6	22.9	-31.2	-9.1	
-1.7	45.1	-1.7	57.4	
25.4	42.6	18.0	74.6	
40.1	42.6	37.7	-16.4	
50.0	37.7	8.2	-129.6	
45.1	8.2	42.6	-102.5	
32.8	-14.0	69.7	-65.6	
35.2	8.2	30.3	-55.8	
25.4	30.3	32.8	-46.0	
30.3	35.2	59.8	-46.0	
30.3	45.1	59.8	-6.6	
22.9	50.0	52.4	37.7	
22.9	25.4	22.9	27.8	
22.9	13.1	3.2	18.0	
20.5	35.2	-14.0	-26.3	
13.1	47.5	-14.0	-38.6	
0.8	59.8	-4.1	-21.4	
10.6	42.6	-9.1	-38.6	
3.2	8.2	3.2	-63.2	
13.1	25.4	-14.0	-68.1	
18.0	40.1	52.4	-50.9	
10.6	32.8	113.9	-11.5	
18.0	50.0	67.2	30.3	
27.8	25.4	25.4	77.0	
40.1	20.5	3.2	82.0	
18.0	67.2	10.6	145.9	
8.2	37.7	10.6	219.7	
0.8	45.1	-46.0	3.2	
-4.1	30.3	-18.9	-102.5	
8.2	27.8	-11.5	-129.6	
15.5	32.8	-38.6	-127.1	
25.4	20.5	-31.2	-122.2	
15.5	10.6	5.7	-65.6	
18.0	5.7	5.7	-41.0	
20.5	20.5	8.2	-50.9	
18.0	13.1	-9.1	-36.1	
32.8	25.4	-18.9	5.7	
32.8	10.6	-73.0	-14.0	
32.8	-14.0	-102.5	-26.3	
13.1	5.7	-65.6	-53.3	
8.2	25.4	-50.9	-21.4	
-4.1	47.5	-23.8	-1.7	
-1.7	20.5	18.0	35.2	
8.2	25.4	59.8	20.5	
3.2	13.1	18.0	50.0	
15.5	0.8	32.8	35.2	
15.5	30.3	52.4	13.1	
13.1	35.2	37.7	-102.5	
15.5	13.1	25.4	-105.0	
10.6	35.2	-18.9	-114.8	
3.2	47.5	-48.4	-105.0	
-1.7	50.0	-33.7	-87.8	
10.6	25.4	-50.9	-23.8	
5.7	40.1	-36.1	27.8	
13.1	50.0	-38.6	47.5	
22.9	13.1	-41.0	42.6	
15.5	50.0	-14.0	84.4	
13.1	50.0	-21.4	35.2	
18.0	25.4	-50.9	-16.4	
30.3	18.0	-68.1	0.8	
35.2	5.7	-65.6	-6.6	
35.2	3.2	-70.6	25.4	
25.4	50.0	-50.9	-1.7	
3.2	22.9	-65.6	10.6	
3.2	22.9	-33.7	13.1	
10.6	15.5	-31.2	-9.1	
18.0	30.3	-1.7	-18.9	
22.9	35.2	18.0	-43.5	
8.2	45.1	15.5	-87.8	
13.1	35.2	-26.3	-100.1	
-4.1	30.3	-82.9	-124.7	
-4.1	35.2	-80.4	-191.1	
-6.6	22.9	-55.8	-193.6	
-9.1	27.8	-50.9	-181.3	
-11.5	37.7	-23.8	25.4	
-11.5	57.4	-4.1	197.6	
57.4	54.9	3.2	217.3	
62.3	37.7	-18.9	170.5	
35.2	37.7	-28.7	5.7	
20.5	42.6	5.7	-18.9	
25.4	30.3	10.6	35.2	
22.9	20.5	-6.6	32.8	
32.8	35.2	-4.1	64.7	
30.3	42.6	-18.9	0.8	
20.5	30.3	-18.9	22.9	
0.8	25.4	-21.4	-4.1	
-14.0	50.0	-16.4	-31.2	
-1.7	54.9	-21.4	32.8	
-11.5	57.4	-21.4	-11.5	
8.2	74.6	-16.4	-63.2	
-1.7	57.4	0.8	40.1	
22.9	42.6	-21.4	141.0	
59.8	52.4	-68.1	163.1	
67.2	57.4	-92.7	8.2	
64.7	37.7	-82.9	-60.7	
35.2	18.0	-50.9	-92.7	
25.4	10.6	-48.4	-90.2	
18.0	-6.6	-38.6	-26.3	
25.4	15.5	-43.5	84.4	
8.2	77.0	-23.8	-31.2	
0.8	86.9	-31.2	-77.9	
27.8	96.7	-46.0	-55.8	
30.3	123.8	-33.7	-21.4	
25.4	86.9	-23.8	150.8	
27.8	62.3	-31.2	121.3	
40.1	30.3	-33.7	-4.1	
20.5	-1.7	-21.4	8.2	
32.8	0.8	-9.1	25.4	
52.4	-28.7	-14.0	5.7	
30.3	27.8	-21.4	-77.9	
10.6	20.5	-33.7	30.3	
-9.1	22.9	-41.0	8.2	
-33.7	27.8	-21.4	35.2	
-36.1	104.1	-4.1	109.0	
-1.7	84.4	-6.6	170.5	
0.8	64.7	-4.1	177.9	
3.2	50.0	5.7	42.6	
10.6	42.6	13.1	40.1	
18.0	13.1	35.2	-1.7	
30.3	-11.5	45.1	-63.2	
32.8	13.1	59.8	-48.4	
37.7	10.6	67.2	32.8	
32.8	-63.2	67.2	62.3	
40.1	-6.6	50.0	27.8	
42.6	-6.6	5.7	3.2	
32.8	40.1	-6.6	15.5	
30.3	104.1	-14.0	-21.4	
27.8	10.6	3.2	-50.9	
27.8	-16.4	62.3	-70.6	
8.2	5.7	45.1	-63.2	
-23.8	42.6	13.1	-18.9	
-41.0	0.8	3.2	-14.0	
-11.5	-58.3	3.2	-18.9	
-21.4	-26.3	30.3	-14.0	
10.6	-4.1	84.4	-18.9	
0.8	0.8	121.3	-33.7	
-26.3	32.8	126.2	-28.7	
-38.6	42.6	79.5	-6.6	
-75.5	54.9	82.0	-9.1	
-70.6	37.7	64.7	-16.4	
-70.6	20.5	64.7	-23.8	
-50.9	42.6	52.4	3.2	
-33.7	50.0	37.7	59.8	
-31.2	69.7	37.7	99.2	
-31.2	20.5	30.3	79.5	
-33.7	0.8	62.3	20.5	
-4.1	22.9	32.8	-53.3	
113.9	13.1	-4.1	-156.7	
133.6	32.8	22.9	-218.2	
148.4	30.3	57.4	-203.4	
113.9	54.9	94.3	-176.3	
74.6	-23.8	104.1	-60.7	
57.4	-18.9	111.5	18.0	
30.3	45.1	64.7	-48.4	
25.4	47.5	72.1	-63.2	
0.8	25.4	86.9	-90.2	
-11.5	50.0	86.9	-117.3	
35.2	84.4	74.6	-68.1	
52.4	72.1	72.1	15.5	
69.7	15.5	74.6	-36.1	
62.3	35.2	69.7	-68.1	
57.4	25.4	79.5	-6.6	
50.0	27.8	62.3	-11.5	
57.4	20.5	67.2	-75.5	
59.8	25.4	69.7	-105.0	
50.0	22.9	69.7	64.7	
35.2	5.7	74.6	340.3	
40.1	-23.8	69.7	544.4	
52.4	-26.3	82.0	674.8	
35.2	22.9	77.0	726.5	
22.9	22.9	69.7	625.6	
-1.7	40.1	82.0	463.3	
-18.9	67.2	77.0	197.6	
-18.9	101.6	62.3	-446.9	
-1.7	118.9	52.4	-1052.1	
0.8	94.3	62.3	-988.1	
-26.3	54.9	67.2	-656.0	
-4.1	62.3	50.0	-456.8	
5.7	22.9	40.1	-525.7	
0.8	30.3	42.6	-331.3	
10.6	42.6	40.1	-122.2	
5.7	40.1	40.1	227.1	
3.2	59.8	22.9	315.7	
0.8	18.0	25.4	163.1	
-1.7	59.8	32.8	173.0	
5.7	79.5	25.4	246.8	
-21.4	50.0	22.9	268.9	
-28.7	-33.7	20.5	234.5	
-11.5	-70.6	3.2	155.8	
-23.8	-77.9	22.9	20.5	
-14.0	-68.1	20.5	57.4	
-18.9	-53.3	0.8	-1.7	
-18.9	-11.5	0.8	-144.4	
-6.6	32.8	5.7	-9.1	
15.5	42.6	3.2	54.9	
37.7	67.2	-1.7	99.2	
15.5	72.1	5.7	133.6	
20.5	89.3	15.5	91.8	
-1.7	64.7	20.5	72.1	
-11.5	54.9	27.8	123.8	
-9.1	10.6	22.9	145.9	
-21.4	-9.1	20.5	145.9	
-18.9	-1.7	20.5	84.4	
45.1	-4.1	18.0	131.2	
27.8	-26.3	8.2	64.7	
30.3	-36.1	-21.4	-63.2	
22.9	-33.7	-23.8	-1.7	
25.4	0.8	-21.4	-36.1	
27.8	-1.7	13.1	22.9	
8.2	8.2	40.1	47.5	
8.2	20.5	32.8	91.8	
8.2	22.9	20.5	32.8	
5.7	8.2	27.8	27.8	
-4.1	-38.6	25.4	-23.8	
-16.4	-33.7	27.8	-68.1	
-16.4	-38.6	32.8	18.0	
-18.9	0.8	35.2	111.5	
-23.8	32.8	32.8	131.2	
-26.3	52.4	35.2	18.0	
3.2	32.8	30.3	22.9	
-9.1	3.2	20.5	-21.4	
-6.6	-18.9	30.3	-18.9	
-26.3	72.1	37.7	-28.7	
-4.1	64.7	30.3	-4.1	
-16.4	5.7	40.1	35.2	
0.8	-26.3	47.5	8.2	
-9.1	-11.5	59.8	-4.1	
3.2	35.2	77.0	67.2	
-1.7	27.8	96.7	101.6	
5.7	42.6	91.8	69.7	
15.5	74.6	99.2	10.6	
30.3	52.4	99.2	-46.0	
32.8	89.3	94.3	-58.3	
25.4	123.8	86.9	-75.5	
18.0	113.9	59.8	-75.5	
20.5	96.7	-4.1	-50.9	
30.3	74.6	-6.6	-28.7	
40.1	84.4	20.5	-31.2	
35.2	91.8	27.8	-41.0	
40.1	79.5	37.7	-60.7	
42.6	91.8	47.5	-36.1	
27.8	109.0	86.9	-28.7	
47.5	133.6	84.4	-11.5	
59.8	96.7	69.7	-18.9	
47.5	109.0	77.0	-26.3	
32.8	84.4	54.9	-28.7	
40.1	74.6	47.5	-23.8	
30.3	54.9	62.3	-33.7	
-11.5	79.5	52.4	-11.5	
3.2	50.0	50.0	-16.4	
10.6	45.1	32.8	-33.7	
-4.1	62.3	25.4	-38.6	
-4.1	32.8	30.3	-46.0	
-11.5	3.2	25.4	-53.3	
-14.0	8.2	18.0	-58.3	
-16.4	18.0	15.5	-48.4	
-28.7	-4.1	18.0	-31.2	
8.2	-33.7	-1.7	-80.4	
-6.6	-18.9	-11.5	-55.8	
18.0	-16.4	20.5	-82.9	
0.8	-31.2	35.2	-90.2	
0.8	-33.7	20.5	-75.5	
8.2	-38.6	-16.4	10.6	
-1.7	-9.1	-31.2	126.2	
22.9	-23.8	-36.1	219.7	
22.9	-26.3	-41.0	328.0	
22.9	-16.4	-21.4	251.7	
10.6	0.8	-31.2	291.1	
10.6	18.0	-21.4	236.9	
-1.7	27.8	-23.8	232.0	
-1.7	22.9	-23.8	99.2	
3.2	20.5	-31.2	22.9	
-1.7	18.0	-26.3	-102.5	
35.2	20.5	-43.5	-109.9	
32.8	37.7	-55.8	-154.2	
35.2	45.1	-70.6	-306.7	
32.8	42.6	-75.5	-247.7	
27.8	64.7	-55.8	-124.7	
32.8	77.0	-55.8	-1.7	
20.5	50.0	-58.3	-26.3	
10.6	45.1	-55.8	0.8	
10.6	52.4	-53.3	-23.8	
13.1	3.2	-55.8	-36.1	
10.6	-53.3	-58.3	10.6	
3.2	-33.7	-43.5	20.5	
37.7	-1.7	-63.2	18.0	
27.8	-4.1	-41.0	50.0	
18.0	27.8	-38.6	-21.4	
10.6	-16.4	-48.4	27.8	
3.2	-4.1	-36.1	54.9	
3.2	-4.1	-21.4	45.1	
5.7	10.6	-28.7	67.2	
10.6	-1.7	-38.6	62.3	
5.7	8.2	-33.7	40.1	
57.4	106.6	-33.7	-1.7	
32.8	69.7	-58.3	40.1	
20.5	37.7	-80.4	27.8	
13.1	15.5	-65.6	-11.5	
18.0	8.2	-41.0	20.5	
22.9	13.1	-31.2	18.0	
25.4	15.5	-18.9	-11.5	
18.0	25.4	-14.0	35.2	
13.1	20.5	10.6	47.5	
22.9	8.2	35.2	52.4	
25.4	-6.6	10.6	32.8	
25.4	-1.7	-1.7	32.8	
25.4	32.8	54.9	45.1	
8.2	32.8	54.9	45.1	
15.5	30.3	47.5	45.1	
18.0	54.9	8.2	22.9	
30.3	86.9	-53.3	3.2	
30.3	84.4	-53.3	42.6	
25.4	64.7	-33.7	35.2	
25.4	40.1	-11.5	22.9	
25.4	45.1	-4.1	-14.0	
25.4	30.3	5.7	-14.0	
35.2	30.3	13.1	5.7	
15.5	30.3	20.5	0.8	
20.5	52.4	3.2	5.7	
22.9	69.7	-14.0	3.2	
32.8	32.8	13.1	0.8	
40.1	-14.0	59.8	-14.0	
32.8	8.2	37.7	-21.4	
32.8	0.8	20.5	-36.1	
25.4	32.8	-11.5	-21.4	
8.2	40.1	-9.1	-6.6	
20.5	57.4	-1.7	-9.1	
20.5	89.3	3.2	-16.4	
18.0	54.9	3.2	-6.6	
30.3	35.2	13.1	-31.2	
22.9	-9.1	0.8	-16.4	
27.8	-58.3	3.2	0.8	
32.8	-63.2	-26.3	-4.1	
30.3	-6.6	-6.6	-11.5	
35.2	5.7	0.8	-9.1	
25.4	-9.1	18.0	-6.6	
22.9	-16.4	5.7	-6.6	
22.9	-21.4	18.0	-11.5	
20.5	-23.8	37.7	-6.6	
27.8	3.2	25.4	-26.3	
35.2	62.3	18.0	5.7	
20.5	45.1	27.8	-6.6	
35.2	59.8	37.7	0.8	
30.3	77.0	30.3	-9.1	
35.2	54.9	20.5	-9.1	
22.9	57.4	22.9	-1.7	
25.4	22.9	18.0	-6.6	
32.8	8.2	10.6	3.2	
30.3	22.9	0.8	-1.7	
18.0	-1.7	5.7	15.5	
5.7	27.8	13.1	35.2	
-14.0	35.2	27.8	13.1	
0.8	42.6	20.5	13.1	
20.5	25.4	37.7	-14.0	
32.8	25.4	27.8	0.8	
25.4	50.0	27.8	-36.1	
25.4	69.7	32.8	-46.0	
15.5	52.4	13.1	-36.1	
8.2	32.8	42.6	-9.1	
25.4	35.2	22.9	8.2	
45.1	37.7	-4.1	0.8	
45.1	10.6	-1.7	-31.2	
22.9	18.0	-4.1	-1.7	
27.8	3.2	5.7	-9.1	
10.6	37.7	13.1	-28.7	
-6.6	15.5	32.8	-9.1	
-4.1	18.0	27.8	25.4	
-14.0	20.5	22.9	8.2	
-4.1	50.0	22.9	-1.7	
3.2	27.8	22.9	-21.4	
8.2	22.9	25.4	-21.4	
15.5	40.1	22.9	32.8	
22.9	20.5	30.3	25.4	
27.8	15.5	25.4	84.4	
30.3	30.3	52.4	141.0	
42.6	37.7	37.7	106.6	
32.8	27.8	27.8	54.9	
25.4	35.2	22.9	-38.6	
22.9	32.8	15.5	-4.1	
5.7	22.9	-6.6	-114.8	
-9.1	40.1	-18.9	-63.2	
-9.1	52.4	13.1	-46.0	
0.8	57.4	3.2	-23.8	
20.5	54.9	59.8	8.2	
22.9	42.6	84.4	-9.1	
22.9	59.8	50.0	-26.3	
25.4	94.3	64.7	-132.1	
32.8	104.1	35.2	-134.5	
13.1	47.5	15.5	-82.9	
5.7	30.3	20.5	-28.7	
-11.5	8.2	8.2	59.8	
-1.7	47.5	5.7	47.5	
-1.7	77.0	3.2	15.5	
15.5	-1.7	8.2	30.3	
27.8	-33.7	13.1	18.0	
30.3	-28.7	8.2	40.1	
20.5	-41.0	-1.7	37.7	
25.4	-23.8	-1.7	30.3	
18.0	-18.9	-6.6	74.6	
8.2	-1.7	8.2	121.3	
-6.6	54.9	25.4	111.5	
0.8	104.1	8.2	84.4	
-6.6	52.4	3.2	-23.8	
8.2	25.4	-11.5	-31.2	
18.0	10.6	-9.1	15.5	
27.8	-41.0	-11.5	37.7	
25.4	3.2	-1.7	-26.3	
22.9	25.4	-4.1	-50.9	
20.5	27.8	-9.1	8.2	
22.9	37.7	-14.0	8.2	
25.4	13.1	-14.0	22.9	
27.8	25.4	-4.1	13.1	
32.8	32.8	-6.6	3.2	
18.0	27.8	-6.6	-1.7	
15.5	32.8	-16.4	5.7	
18.0	32.8	-23.8	20.5	
22.9	32.8	-6.6	18.0	
20.5	35.2	-11.5	27.8	
8.2	25.4	-9.1	20.5	
13.1	27.8	-1.7	22.9	
13.1	40.1	-6.6	27.8	
10.6	35.2	-16.4	18.0	
20.5	35.2	-11.5	20.5	
25.4	45.1	-4.1	22.9	
13.1	32.8	-9.1	35.2	
18.0	32.8	-16.4	27.8	
62.3	47.5	-1.7	15.5	
35.2	52.4	-1.7	13.1	
37.7	40.1	-9.1	15.5	
27.8	27.8	-9.1	3.2	
13.1	37.7	-4.1	-18.9	
20.5	10.6	-6.6	-11.5	
15.5	-11.5	0.8	-21.4	
15.5	-4.1	-4.1	-14.0	
27.8	22.9	3.2	-28.7	
22.9	50.0	-6.6	-11.5	
0.8	45.1	3.2	-18.9	
-6.6	3.2	5.7	32.8	
-1.7	-21.4	-4.1	52.4	
0.8	-1.7	0.8	40.1	
3.2	0.8	18.0	37.7	
22.9	27.8	10.6	-4.1	
27.8	22.9	3.2	-43.5	
20.5	18.0	0.8	-28.7	
18.0	42.6	8.2	-21.4	
-9.1	62.3	0.8	18.0	
-16.4	42.6	8.2	54.9	
-16.4	37.7	13.1	32.8	
-11.5	40.1	20.5	67.2	
0.8	45.1	32.8	57.4	
-9.1	50.0	13.1	-9.1	
3.2	84.4	15.5	-28.7	
15.5	94.3	20.5	-16.4	
22.9	47.5	18.0	-73.0	
-14.0	5.7	18.0	-73.0	
-4.1	5.7	25.4	-28.7	
10.6	-41.0	35.2	-50.9	
10.6	-53.3	27.8	-75.5	
5.7	-28.7	37.7	-38.6	
-1.7	-16.4	27.8	-26.3	
13.1	18.0	35.2	-33.7	
30.3	35.2	32.8	-23.8	
25.4	18.0	18.0	-58.3	
8.2	20.5	32.8	-28.7	
-6.6	3.2	35.2	32.8	
10.6	18.0	37.7	133.6	
37.7	37.7	30.3	121.3	
22.9	42.6	20.5	5.7	
15.5	40.1	30.3	-75.5	
25.4	45.1	35.2	-65.6	
25.4	74.6	18.0	37.7	
22.9	94.3	37.7	18.0	
42.6	91.8	45.1	20.5	
35.2	45.1	52.4	101.6	
30.3	5.7	62.3	64.7	
30.3	-9.1	54.9	-28.7	
22.9	3.2	32.8	32.8	
27.8	8.2	30.3	84.4	
35.2	3.2	25.4	20.5	
25.4	0.8	-4.1	-87.8	
18.0	8.2	-11.5	-53.3	
22.9	8.2	3.2	-46.0	
18.0	5.7	5.7	13.1	
27.8	27.8	-4.1	5.7	
13.1	77.0	5.7	-31.2	
5.7	57.4	13.1	-41.0	
13.1	62.3	22.9	-21.4	
37.7	69.7	32.8	-11.5	
32.8	99.2	27.8	-31.2	
18.0	84.4	13.1	18.0	
10.6	62.3	15.5	25.4	
5.7	45.1	5.7	20.5	
5.7	47.5	8.2	47.5	
5.7	37.7	22.9	67.2	
0.8	42.6	27.8	35.2	
-6.6	30.3	35.2	-4.1	
-4.1	-31.2	5.7	25.4	
0.8	-16.4	5.7	77.0	
-21.4	37.7	3.2	-31.2	
-11.5	25.4	0.8	20.5	
-21.4	-6.6	13.1	27.8	
-11.5	8.2	30.3	40.1	
-14.0	37.7	25.4	47.5	
-16.4	37.7	25.4	47.5	
-6.6	67.2	5.7	20.5	
-6.6	67.2	18.0	40.1	
15.5	79.5	22.9	25.4	
32.8	57.4	22.9	-33.7	
47.5	42.6	15.5	-31.2	
59.8	3.2	18.0	-14.0	
35.2	-16.4	10.6	20.5	
47.5	-21.4	0.8	45.1	
57.4	-23.8	-4.1	15.5	
32.8	0.8	-11.5	-4.1	
13.1	32.8	-6.6	40.1	
10.6	50.0	3.2	18.0	
-14.0	27.8	5.7	35.2	
-21.4	57.4	-1.7	67.2	
10.6	54.9	13.1	42.6	
5.7	57.4	37.7	-4.1	
-1.7	40.1	50.0	-36.1	
-4.1	45.1	35.2	-53.3	
-11.5	72.1	22.9	-55.8	
0.8	30.3	15.5	-31.2	
0.8	-4.1	-11.5	-9.1	
8.2	-14.0	-4.1	-31.2	
10.6	-6.6	3.2	-26.3	
22.9	3.2	0.8	-4.1	
22.9	22.9	10.6	20.5	
0.8	30.3	5.7	8.2	
-4.1	40.1	5.7	-6.6	
-11.5	20.5	-6.6	25.4	
-9.1	25.4	0.8	20.5	
-4.1	54.9	10.6	15.5	
8.2	37.7	15.5	54.9	
25.4	30.3	20.5	47.5	
27.8	20.5	13.1	0.8	
22.9	27.8	20.5	-73.0	
22.9	32.8	8.2	-50.9	
25.4	32.8	5.7	-70.6	
-6.6	27.8	8.2	-23.8	
-9.1	35.2	18.0	-4.1	
-18.9	47.5	25.4	-1.7	
-11.5	45.1	20.5	-21.4	
5.7	52.4	8.2	-21.4	
8.2	37.7	18.0	15.5	
25.4	47.5	22.9	-38.6	
32.8	35.2	15.5	-23.8	
30.3	20.5	20.5	5.7	
42.6	22.9	8.2	8.2	
35.2	50.0	10.6	10.6	
22.9	32.8	10.6	22.9	
10.6	27.8	5.7	3.2	
0.8	-6.6	0.8	-26.3	
-14.0	13.1	-1.7	3.2	
-14.0	22.9	-4.1	13.1	
-6.6	59.8	-1.7	3.2	
3.2	42.6	-1.7	-4.1	
15.5	57.4	-1.7	-9.1	
10.6	59.8	13.1	10.6	
20.5	-1.7	-1.7	20.5	
20.5	5.7	-6.6	10.6	
18.0	3.2	-6.6	20.5	
18.0	35.2	-4.1	27.8	
32.8	64.7	-14.0	0.8	
30.3	47.5	-9.1	0.8	
18.0	18.0	-6.6	-14.0	
8.2	3.2	-4.1	-16.4	
3.2	13.1	-6.6	3.2	
10.6	22.9	-21.4	-6.6	
5.7	27.8	-11.5	-11.5	
-1.7	25.4	-28.7	-9.1	
10.6	0.8	-33.7	-9.1	
18.0	-11.5	-1.7	0.8	
20.5	13.1	-18.9	20.5	
13.1	30.3	-28.7	8.2	
27.8	35.2	-16.4	25.4	
15.5	18.0	-21.4	13.1	
20.5	30.3	-33.7	22.9	
22.9	40.1	-36.1	18.0	
13.1	77.0	-21.4	-11.5	
0.8	57.4	-31.2	10.6	
-6.6	5.7	-26.3	-6.6	
0.8	20.5	-36.1	-6.6	
13.1	35.2	-33.7	-11.5	
37.7	3.2	-43.5	13.1	
37.7	0.8	-28.7	32.8	
32.8	27.8	-33.7	20.5	
22.9	64.7	-28.7	-4.1	
18.0	91.8	-28.7	-23.8	
-6.6	99.2	-33.7	3.2	
-1.7	96.7	-33.7	15.5	
-11.5	45.1	-36.1	-23.8	
0.8	5.7	-18.9	-1.7	
3.2	3.2	-16.4	-23.8	
64.7	-4.1	-6.6	-43.5	
59.8	-4.1	-16.4	-53.3	
25.4	13.1	-36.1	-63.2	
22.9	18.0	-16.4	-28.7	
10.6	25.4	-1.7	13.1	
15.5	67.2	-9.1	118.9	
42.6	42.6	-41.0	104.1	
35.2	54.9	-43.5	50.0	
8.2	52.4	-38.6	111.5	
-4.1	42.6	-18.9	106.6	
-11.5	32.8	-14.0	79.5	
-9.1	47.5	-26.3	45.1	
-4.1	25.4	-21.4	-58.3	
-1.7	32.8	-31.2	-68.1	
5.7	77.0	-26.3	-26.3	
3.2	-4.1	-38.6	22.9	
-1.7	-16.4	-26.3	22.9	
5.7	30.3	-16.4	20.5	
3.2	45.1	-1.7	-46.0	
8.2	8.2	-1.7	-48.4	
0.8	-53.3	0.8	-68.1	
5.7	-23.8	-11.5	-9.1	
8.2	-14.0	-11.5	37.7	
10.6	18.0	20.5	0.8	
-1.7	32.8	10.6	-36.1	
0.8	40.1	8.2	-1.7	
8.2	47.5	15.5	35.2	
8.2	45.1	5.7	42.6	
10.6	45.1	10.6	62.3	
18.0	59.8	20.5	82.0	
5.7	52.4	40.1	57.4	
8.2	52.4	32.8	-4.1	
3.2	-1.7	22.9	3.2	
5.7	-43.5	13.1	30.3	
10.6	-23.8	25.4	20.5	
25.4	-21.4	15.5	-14.0	
30.3	5.7	18.0	-16.4	
35.2	32.8	15.5	8.2	
10.6	18.0	8.2	0.8	
-4.1	20.5	5.7	-6.6	
10.6	-6.6	13.1	18.0	
10.6	0.8	15.5	27.8	
5.7	20.5	10.6	5.7	
-1.7	54.9	13.1	-9.1	
5.7	86.9	18.0	-6.6	
3.2	54.9	22.9	25.4	
13.1	40.1	22.9	30.3	
15.5	37.7	22.9	0.8	
18.0	20.5	32.8	-18.9	
22.9	32.8	30.3	-14.0	
25.4	40.1	25.4	3.2	
32.8	42.6	25.4	-4.1	
35.2	35.2	22.9	-1.7	
30.3	35.2	27.8	-16.4	
30.3	22.9	32.8	-14.0	
15.5	40.1	27.8	-4.1	
-1.7	25.4	22.9	-11.5	
10.6	22.9	25.4	10.6	
20.5	30.3	20.5	0.8	
18.0	32.8	35.2	0.8	
20.5	37.7	32.8	8.2	
13.1	35.2	37.7	5.7	
8.2	32.8	22.9	0.8	
5.7	40.1	10.6	-1.7	
27.8	30.3	8.2	-33.7	
35.2	22.9	-1.7	-28.7	
37.7	27.8	15.5	-16.4	
40.1	47.5	25.4	-16.4	
35.2	47.5	30.3	0.8	
27.8	40.1	18.0	22.9	
15.5	47.5	10.6	45.1	
25.4	30.3	0.8	15.5	
20.5	13.1	18.0	15.5	
25.4	22.9	8.2	8.2	
22.9	20.5	15.5	-9.1	
32.8	27.8	18.0	-4.1	
30.3	30.3	13.1	-9.1	
30.3	30.3	0.8	-18.9	
32.8	22.9	-4.1	-1.7	
22.9	27.8	8.2	8.2	
20.5	22.9	0.8	-4.1	
25.4	15.5	0.8	5.7	
15.5	20.5	8.2	-6.6	
8.2	25.4	3.2	-16.4	
25.4	37.7	0.8	-14.0	
37.7	40.1	3.2	-14.0	
35.2	45.1	3.2	-11.5	
25.4	52.4	5.7	-1.7	
20.5	32.8	5.7	22.9	
8.2	50.0	5.7	40.1	
8.2	50.0	-4.1	35.2	
15.5	64.7	-11.5	8.2	
35.2	47.5	10.6	-21.4	
10.6	32.8	-1.7	-63.2	
-9.1	40.1	5.7	-4.1	
5.7	40.1	5.7	-1.7	
-11.5	40.1	0.8	15.5	
0.8	32.8	-6.6	94.3	
67.2	52.4	-1.7	8.2	
42.6	62.3	-6.6	-23.8	
37.7	57.4	5.7	-58.3	
27.8	54.9	13.1	-87.8	
25.4	69.7	15.5	-55.8	
13.1	45.1	0.8	-43.5	
5.7	35.2	5.7	-46.0	
-6.6	40.1	-6.6	10.6	
5.7	57.4	3.2	35.2	
5.7	5.7	5.7	54.9	
15.5	-4.1	-1.7	27.8	
13.1	27.8	10.6	0.8	
-6.6	59.8	-11.5	-9.1	
-4.1	82.0	5.7	37.7	
-6.6	18.0	13.1	54.9	
18.0	-73.0	10.6	-14.0	
22.9	-92.7	0.8	-31.2	
27.8	-58.3	10.6	-6.6	
15.5	-21.4	15.5	-11.5	
22.9	-11.5	8.2	-16.4	
25.4	5.7	5.7	5.7	
35.2	40.1	13.1	72.1	
35.2	67.2	-1.7	111.5	
32.8	54.9	0.8	22.9	
5.7	22.9	20.5	-38.6	
10.6	47.5	15.5	-55.8	
5.7	40.1	13.1	15.5	
13.1	40.1	13.1	32.8	
-1.7	47.5	22.9	-18.9	
-6.6	47.5	5.7	35.2	
-14.0	52.4	0.8	37.7	
-4.1	54.9	-18.9	59.8	
3.2	52.4	-21.4	82.0	
5.7	47.5	-26.3	37.7	
5.7	47.5	-14.0	-23.8	
5.7	-1.7	-21.4	-21.4	
13.1	-48.4	-14.0	13.1	
15.5	-28.7	-21.4	-18.9	
20.5	15.5	-11.5	-48.4	
15.5	20.5	47.5	-41.0	
8.2	10.6	50.0	-31.2	
-4.1	30.3	30.3	-23.8	
13.1	32.8	13.1	-14.0	
25.4	42.6	-9.1	-38.6	
8.2	20.5	-23.8	-28.7	
20.5	42.6	-26.3	-11.5	
-1.7	45.1	-28.7	-1.7	
5.7	40.1	-14.0	10.6	
13.1	18.0	0.8	13.1	
27.8	20.5	-9.1	52.4	
27.8	27.8	25.4	45.1	
30.3	54.9	18.0	-11.5	
30.3	32.8	5.7	-6.6	
20.5	37.7	-1.7	32.8	
22.9	22.9	-6.6	57.4	
47.5	30.3	-6.6	50.0	
40.1	30.3	5.7	50.0	
22.9	25.4	0.8	13.1	
27.8	18.0	5.7	40.1	
22.9	10.6	5.7	57.4	
8.2	-16.4	-4.1	10.6	
8.2	8.2	20.5	-73.0	
25.4	-14.0	13.1	-28.7	
32.8	-11.5	25.4	3.2	
37.7	-4.1	18.0	25.4	
30.3	-11.5	35.2	42.6	
15.5	-4.1	30.3	8.2	
3.2	-1.7	25.4	0.8	
10.6	-11.5	37.7	-21.4	
-1.7	0.8	42.6	3.2	
5.7	-1.7	30.3	35.2	
-9.1	-1.7	32.8	-28.7	
13.1	5.7	32.8	-70.6	
0.8	-4.1	25.4	-23.8	
8.2	-6.6	32.8	-28.7	
-1.7	-9.1	30.3	-21.4	
5.7	13.1	30.3	35.2	
-1.7	30.3	37.7	45.1	
-16.4	25.4	25.4	30.3	
-16.4	3.2	25.4	-21.4	
-9.1	8.2	20.5	-63.2	
0.8	20.5	32.8	-48.4	
-4.1	40.1	30.3	3.2	
-21.4	54.9	25.4	30.3	
-1.7	69.7	27.8	32.8	
3.2	64.7	30.3	37.7	
15.5	62.3	25.4	-18.9	
13.1	77.0	18.0	-11.5	
0.8	84.4	22.9	27.8	
-9.1	106.6	22.9	-26.3	
-1.7	113.9	22.9	-16.4	
25.4	116.4	18.0	-11.5	
22.9	89.3	5.7	-16.4	
27.8	121.3	8.2	-1.7	
50.0	116.4	18.0	3.2	
47.5	109.0	13.1	-26.3	
35.2	101.6	15.5	-1.7	
25.4	86.9	10.6	-6.6	
27.8	86.9	5.7	-4.1	
30.3	79.5	-6.6	-4.1	
25.4	99.2	5.7	-4.1	
25.4	109.0	0.8	-6.6	
27.8	96.7	-1.7	-4.1	
22.9	67.2	5.7	0.8	
15.5	59.8	-4.1	-14.0	
8.2	45.1	-4.1	10.6	
5.7	47.5	5.7	-4.1	
-11.5	40.1	-6.6	-23.8	
-11.5	40.1	-4.1	-33.7	
-1.7	50.0	-11.5	0.8	
5.7	13.1	-14.0	-28.7	
3.2	5.7	-9.1	30.3	
5.7	8.2	-1.7	126.2	
42.6	5.7	-14.0	64.7	
50.0	-9.1	-14.0	0.8	
37.7	-18.9	0.8	-18.9	
27.8	-18.9	-6.6	13.1	
35.2	-11.5	3.2	20.5	
20.5	-23.8	-21.4	25.4	
8.2	-21.4	-11.5	18.0	
3.2	-4.1	-1.7	0.8	
13.1	8.2	-6.6	32.8	
8.2	0.8	0.8	37.7	
5.7	10.6	5.7	10.6	
0.8	3.2	-9.1	10.6	
10.6	27.8	-1.7	3.2	
8.2	27.8	-9.1	-1.7	
8.2	22.9	-21.4	8.2	
3.2	18.0	-14.0	32.8	
3.2	30.3	-18.9	37.7	
13.1	18.0	-14.0	45.1	
15.5	18.0	-1.7	27.8	
22.9	15.5	-4.1	13.1	
13.1	13.1	5.7	-1.7	
20.5	18.0	-6.6	-4.1	
0.8	32.8	10.6	-6.6	
-9.1	42.6	5.7	10.6	
-11.5	3.2	5.7	32.8	
8.2	13.1	-4.1	20.5	
20.5	-9.1	0.8	47.5	
3.2	8.2	-9.1	27.8	
5.7	-1.7	-16.4	10.6	
8.2	8.2	5.7	15.5	
22.9	27.8	10.6	5.7	
30.3	15.5	10.6	-26.3	
5.7	54.9	-9.1	0.8	
-6.6	86.9	-21.4	10.6	
0.8	82.0	-14.0	27.8	
15.5	77.0	-6.6	5.7	
20.5	94.3	-11.5	0.8	
35.2	84.4	3.2	3.2	
22.9	40.1	-9.1	37.7	
30.3	25.4	-1.7	40.1	
10.6	-70.6	8.2	-9.1	
-4.1	-82.9	0.8	-1.7	
-4.1	-16.4	3.2	-9.1	
-11.5	5.7	5.7	-14.0	
3.2	37.7	-1.7	13.1	
8.2	25.4	3.2	32.8	
18.0	18.0	3.2	45.1	
18.0	-23.8	0.8	5.7	
10.6	-21.4	3.2	-6.6	
15.5	25.4	3.2	3.2	
15.5	64.7	-6.6	27.8	
27.8	57.4	-26.3	62.3	
18.0	-18.9	-14.0	62.3	
0.8	-36.1	-14.0	45.1	
5.7	-21.4	8.2	25.4	
5.7	18.0	10.6	27.8	
10.6	-14.0	3.2	0.8	
-4.1	15.5	3.2	-4.1	
-11.5	18.0	-1.7	18.0	
20.5	18.0	0.8	-1.7	
20.5	47.5	-1.7	-23.8	
20.5	62.3	18.0	-77.9	
5.7	72.1	18.0	-48.4	
22.9	45.1	0.8	-9.1	
37.7	32.8	13.1	10.6	
45.1	10.6	3.2	-1.7	
32.8	13.1	8.2	20.5	
20.5	35.2	0.8	25.4	
15.5	57.4	3.2	45.1	
5.7	40.1	8.2	42.6	
-11.5	-4.1	0.8	8.2	
3.2	22.9	0.8	-33.7	
20.5	22.9	5.7	-41.0	
8.2	22.9	3.2	-70.6	
18.0	74.6	10.6	-58.3	
5.7	27.8	0.8	-33.7	
0.8	45.1	8.2	-16.4	
0.8	59.8	-9.1	-9.1	
3.2	59.8	8.2	5.7	
27.8	62.3	-4.1	-11.5	
8.2	57.4	0.8	-1.7	
-9.1	27.8	-1.7	50.0	
20.5	-16.4	-11.5	8.2	
10.6	-28.7	22.9	-26.3	
0.8	-41.0	13.1	-16.4	
-1.7	-23.8	10.6	-4.1	
5.7	30.3	13.1	-1.7	
0.8	37.7	13.1	-1.7	
22.9	15.5	8.2	-18.9	
40.1	42.6	0.8	-14.0	
57.4	15.5	-4.1	-21.4	
45.1	0.8	13.1	3.2	
42.6	-1.7	13.1	-14.0	
42.6	25.4	8.2	-21.4	
35.2	32.8	8.2	-9.1	
25.4	27.8	13.1	-18.9	
20.5	37.7	15.5	35.2	
20.5	25.4	-1.7	50.0	
10.6	25.4	-11.5	27.8	
3.2	32.8	-6.6	20.5	
3.2	37.7	0.8	-6.6	
8.2	35.2	-9.1	-9.1	
0.8	45.1	-4.1	0.8	
10.6	54.9	-16.4	32.8	
30.3	45.1	-11.5	15.5	
22.9	37.7	-6.6	10.6	
-6.6	30.3	0.8	-11.5	
-38.6	50.0	-11.5	-11.5	
-36.1	27.8	3.2	-28.7	
-31.2	25.4	3.2	32.8	
-46.0	54.9	5.7	13.1	
-23.8	45.1	-14.0	5.7	
-4.1	47.5	-9.1	-1.7	
-9.1	54.9	-16.4	-6.6	
-26.3	52.4	5.7	-9.1	
-11.5	22.9	-1.7	32.8	
67.2	50.0	-6.6	42.6	
121.3	45.1	-4.1	5.7	
106.6	47.5	-18.9	-4.1	
57.4	37.7	-11.5	15.5	
45.1	18.0	-14.0	13.1	
62.3	18.0	-11.5	-4.1	
72.1	22.9	5.7	-9.1	
54.9	20.5	18.0	-11.5	
45.1	5.7	5.7	-9.1	
45.1	-9.1	-11.5	-18.9	
42.6	-16.4	-18.9	-23.8	
3.2	8.2	-31.2	13.1	
-14.0	22.9	-14.0	64.7	
15.5	54.9	-16.4	50.0	
52.4	64.7	-11.5	40.1	
25.4	59.8	-1.7	37.7	
-4.1	42.6	-1.7	-6.6	
-31.2	32.8	-14.0	0.8	
-18.9	50.0	-6.6	-1.7	
-14.0	32.8	-16.4	-4.1	
-14.0	27.8	-16.4	-1.7	
-26.3	45.1	-1.7	0.8	
-16.4	69.7	-4.1	-4.1	
-14.0	25.4	-16.4	0.8	
-9.1	-1.7	-9.1	3.2	
-33.7	15.5	-9.1	13.1	
-33.7	22.9	-6.6	5.7	
5.7	8.2	-9.1	-11.5	
-6.6	-23.8	-1.7	-14.0	
8.2	8.2	-1.7	0.8	
0.8	47.5	-6.6	15.5	
3.2	32.8	-1.7	-4.1	
-4.1	-1.7	-9.1	13.1	
-18.9	-14.0	-4.1	-4.1	
-18.9	-4.1	5.7	0.8	
-23.8	22.9	-4.1	-4.1	
-36.1	47.5	-4.1	-9.1	
-11.5	40.1	-1.7	5.7	
57.4	30.3	3.2	-4.1	
82.0	5.7	5.7	-1.7	
10.6	5.7	18.0	-9.1	
8.2	15.5	0.8	-6.6	
30.3	5.7	-4.1	-6.6	
79.5	25.4	-6.6	-11.5	
59.8	25.4	-1.7	20.5	
5.7	22.9	-11.5	42.6	
-41.0	22.9	-9.1	86.9	
-41.0	32.8	3.2	79.5	
-31.2	67.2	-4.1	72.1	
-11.5	82.0	-4.1	13.1	
-18.9	67.2	5.7	-95.2	
-26.3	27.8	-9.1	-77.9	
-11.5	32.8	-1.7	-48.4	
8.2	10.6	0.8	-1.7	
15.5	0.8	5.7	-18.9	
18.0	5.7	-4.1	-4.1	
-50.9	22.9	-9.1	15.5	
-53.3	15.5	-6.6	15.5	
0.8	18.0	5.7	-21.4	
57.4	18.0	3.2	-21.4	
30.3	42.6	3.2	-58.3	
-6.6	40.1	-9.1	-36.1	
-21.4	42.6	0.8	-11.5	
3.2	42.6	-14.0	0.8	
15.5	37.7	0.8	0.8	
84.4	37.7	-9.1	-6.6	
138.5	32.8	-4.1	27.8	
126.2	22.9	-1.7	-1.7	
113.9	35.2	-11.5	-16.4	
74.6	30.3	-9.1	22.9	
27.8	27.8	-14.0	0.8	
-36.1	25.4	8.2	5.7	
-77.9	42.6	-4.1	15.5	
-97.6	20.5	-6.6	20.5	
-139.4	25.4	-4.1	32.8	
-169.0	22.9	-16.4	20.5	
-230.5	30.3	-16.4	25.4	
-277.2	30.3	-9.1	15.5	
-225.5	25.4	-6.6	0.8	
-166.5	25.4	5.7	-14.0	
-100.1	22.9	18.0	-9.1	
13.1	35.2	37.7	8.2	
182.8	30.3	20.5	-1.7	
219.7	37.7	25.4	-9.1	
224.6	32.8	10.6	8.2	
180.4	25.4	-14.0	5.7	
131.2	35.2	-33.7	-16.4	
104.1	37.7	-18.9	-18.9	
74.6	35.2	-26.3	-9.1	
57.4	35.2	-1.7	3.2	
27.8	27.8	3.2	42.6	
30.3	20.5	-1.7	25.4	
3.2	32.8	-9.1	10.6	
-65.6	52.4	-4.1	20.5	
-102.5	42.6	-1.7	5.7	
-36.1	32.8	-14.0	-11.5	
-14.0	35.2	-11.5	-9.1	
15.5	30.3	-4.1	0.8	
0.8	32.8	-18.9	-11.5	
25.4	27.8	-28.7	8.2	
45.1	37.7	-23.8	45.1	
54.9	47.5	-28.7	25.4	
52.4	45.1	-36.1	13.1	
111.5	35.2	-23.8	0.8	
298.4	52.4	-11.5	-1.7	
320.6	62.3	8.2	-6.6	
254.2	64.7	-14.0	8.2	
200.0	47.5	-21.4	13.1	
141.0	40.1	-14.0	5.7	
69.7	27.8	-16.4	0.8	
59.8	30.3	-18.9	-1.7	
57.4	32.8	-18.9	8.2	
64.7	15.5	-9.1	-9.1	
133.6	27.8	-4.1	5.7	
131.2	15.5	-6.6	-14.0	
89.3	25.4	-14.0	-21.4	
104.1	35.2	-4.1	-1.7	
94.3	35.2	-6.6	-9.1	
74.6	40.1	-14.0	-6.6	
64.7	32.8	0.8	13.1	
-9.1	37.7	-1.7	54.9	
-48.4	54.9	-1.7	62.3	
-50.9	59.8	-1.7	13.1	
-31.2	35.2	-4.1	20.5	
-23.8	35.2	0.8	8.2	
-6.6	37.7	5.7	-4.1	
-6.6	35.2	-1.7	3.2	
-14.0	50.0	3.2	15.5	
5.7	35.2	-4.1	8.2	
-4.1	40.1	-6.6	13.1	
-53.3	35.2	0.8	10.6	
-80.4	30.3	-4.1	3.2	
-43.5	37.7	-16.4	15.5	
-23.8	30.3	3.2	3.2	
-36.1	30.3	-1.7	-4.1	
-82.9	32.8	3.2	0.8	
-124.7	27.8	-6.6	-4.1	
-144.4	30.3	3.2	10.6	
-119.8	37.7	8.2	8.2	
-77.9	18.0	5.7	8.2	
-41.0	37.7	13.1	20.5	
-97.6	45.1	3.2	10.6	
-100.1	37.7	3.2	5.7	
-60.7	37.7	0.8	25.4	
-23.8	64.7	5.7	-1.7	
-46.0	45.1	8.2	-21.4	
-50.9	47.5	-1.7	-18.9	
-102.5	40.1	3.2	-6.6	
-112.4	45.1	5.7	-4.1	
-58.3	42.6	-6.6	-6.6	
-38.6	47.5	-4.1	-9.1	
-23.8	27.8	8.2	-1.7	
-16.4	-1.7	5.7	5.7	
-36.1	18.0	8.2	5.7	
-97.6	13.1	3.2	8.2	
-137.0	3.2	0.8	-1.7	
-92.7	5.7	-9.1	-11.5	
72.1	20.5	-6.6	-1.7	
180.4	8.2	-4.1	27.8	
320.6	18.0	-9.1	15.5	
232.0	30.3	-9.1	-1.7	
177.9	35.2	8.2	8.2	
160.7	25.4	5.7	-1.7	
163.1	37.7	0.8	0.8	
177.9	37.7	3.2	20.5	
138.5	37.7	5.7	18.0	
168.1	27.8	13.1	-21.4	
175.4	22.9	18.0	-23.8	
185.3	40.1	10.6	-4.1	
168.1	5.7	20.5	54.9	
118.9	20.5	27.8	30.3	
126.2	50.0	15.5	-4.1	
106.6	45.1	25.4	-21.4	
8.2	40.1	22.9	0.8	
-21.4	59.8	22.9	20.5	
-31.2	59.8	25.4	5.7	
-53.3	77.0	18.0	3.2	
-82.9	57.4	20.5	-11.5	
-100.1	57.4	8.2	-21.4	
-41.0	89.3	18.0	-4.1	
-48.4	47.5	8.2	18.0	
-21.4	18.0	3.2	-4.1	
35.2	-4.1	8.2	-23.8	
-23.8	-43.5	5.7	-1.7	
-43.5	15.5	5.7	27.8	
-9.1	8.2	0.8	18.0	
104.1	57.4	8.2	8.2	
160.7	91.8	15.5	15.5	
116.4	96.7	15.5	0.8	
82.0	123.8	5.7	-4.1	
50.0	126.2	8.2	13.1	
40.1	3.2	8.2	45.1	
-14.0	-92.7	5.7	57.4	
-65.6	-41.0	10.6	52.4	
-77.9	5.7	-4.1	74.6	
-53.3	25.4	3.2	13.1	
-14.0	54.9	-9.1	-33.7	
-21.4	27.8	-6.6	-55.8	
-33.7	-16.4	-21.4	-41.0	
10.6	-58.3	-11.5	-36.1	
0.8	-53.3	-18.9	-9.1	
-28.7	-28.7	8.2	35.2	
-16.4	13.1	8.2	25.4	
37.7	5.7	0.8	-18.9	
-4.1	-18.9	8.2	-6.6	
37.7	42.6	18.0	15.5	
27.8	18.0	27.8	3.2	
-4.1	-1.7	18.0	15.5	
-1.7	3.2	15.5	32.8	
0.8	-6.6	18.0	27.8	
45.1	-6.6	15.5	27.8	
64.7	0.8	13.1	18.0	
-6.6	-14.0	-1.7	-14.0	
-9.1	25.4	8.2	-26.3	
-1.7	18.0	3.2	-16.4	
128.7	25.4	3.2	22.9	
195.1	3.2	15.5	5.7	
185.3	8.2	27.8	15.5	
109.0	-9.1	20.5	25.4	
72.1	25.4	13.1	22.9	
47.5	57.4	15.5	20.5	
82.0	40.1	-4.1	20.5	
62.3	47.5	3.2	32.8	
42.6	52.4	-4.1	45.1	
-18.9	3.2	0.8	15.5	
-14.0	10.6	-1.7	18.0	
-38.6	35.2	-1.7	22.9	
-75.5	37.7	0.8	18.0	
-65.6	10.6	18.0	-1.7	
-70.6	13.1	10.6	-6.6	
-100.1	42.6	8.2	18.0	
-77.9	52.4	8.2	5.7	
-28.7	42.6	13.1	5.7	
-43.5	47.5	22.9	-1.7	
-53.3	72.1	20.5	3.2	
-41.0	22.9	5.7	0.8	
13.1	-4.1	5.7	-11.5	
45.1	-9.1	0.8	5.7	
32.8	0.8	15.5	3.2	
109.0	27.8	20.5	-9.1	
72.1	45.1	10.6	-4.1	
40.1	18.0	0.8	-14.0	
99.2	-28.7	8.2	35.2	
42.6	30.3	13.1	35.2	
-14.0	52.4	15.5	32.8	
32.8	109.0	15.5	8.2	
30.3	104.1	35.2	3.2	
-26.3	82.0	45.1	3.2	
-43.5	86.9	32.8	-16.4	
32.8	74.6	22.9	-9.1	
40.1	72.1	25.4	5.7	
20.5	59.8	15.5	-1.7	
-9.1	-16.4	-18.9	-1.7	
-41.0	-14.0	-14.0	-4.1	
-132.1	45.1	-18.9	-4.1	
-169.0	40.1	0.8	-1.7	
-186.2	45.1	0.8	-9.1	
-198.5	27.8	5.7	-9.1	
-218.2	37.7	-4.1	-6.6	
-198.5	-4.1	0.8	-1.7	
-129.6	10.6	10.6	-4.1	
-48.4	25.4	20.5	-4.1	
62.3	62.3	20.5	18.0	
298.4	15.5	22.9	-4.1	
367.3	54.9	3.2	-16.4	
298.4	116.4	-6.6	-21.4	
212.3	82.0	-1.7	-31.2	
222.2	79.5	20.5	-18.9	
232.0	64.7	15.5	8.2	
145.9	-1.7	8.2	52.4	
123.8	27.8	15.5	62.3	
99.2	153.3	30.3	37.7	
62.3	-11.5	22.9	5.7	
40.1	-70.6	27.8	8.2	
-1.7	-43.5	40.1	3.2	
-21.4	-58.3	22.9	18.0	
-77.9	-11.5	15.5	3.2	
-114.8	32.8	18.0	-1.7	
-105.0	62.3	5.7	-33.7	
-161.6	62.3	18.0	-26.3	
-169.0	-4.1	18.0	-4.1	
-127.1	22.9	10.6	-23.8	
-23.8	-36.1	-1.7	-21.4	
-16.4	-97.6	-4.1	-14.0	
22.9	-41.0	-9.1	-4.1	
145.9	52.4	-16.4	15.5	
113.9	160.7	-4.1	-6.6	
47.5	138.5	-21.4	-23.8	
10.6	69.7	-21.4	8.2	
35.2	30.3	-9.1	-21.4	
-26.3	22.9	-16.4	-16.4	
-53.3	-4.1	-18.9	-11.5	
-80.4	-11.5	-23.8	-28.7	
-80.4	25.4	-1.7	-31.2	
-154.2	5.7	3.2	-26.3	
-139.4	-4.1	-1.7	-9.1	
59.8	-43.5	15.5	0.8	
57.4	-55.8	22.9	-11.5	
62.3	8.2	27.8	-14.0	
89.3	86.9	32.8	3.2	
155.8	150.8	35.2	8.2	
173.0	74.6	30.3	3.2	
123.8	-26.3	8.2	8.2	
82.0	-16.4	-1.7	-11.5	
128.7	-18.9	13.1	-4.1	
121.3	84.4	15.5	37.7	
77.0	165.6	-6.6	27.8	
47.5	165.6	-9.1	27.8	
67.2	126.2	-21.4	42.6	
52.4	59.8	-11.5	72.1	
40.1	-50.9	-11.5	32.8	
32.8	-58.3	5.7	-6.6	
13.1	-55.8	8.2	-55.8	
-18.9	-36.1	13.1	-33.7	
-73.0	45.1	10.6	-11.5	
-58.3	59.8	18.0	-9.1	
-41.0	133.6	27.8	-11.5	
-18.9	155.8	18.0	-6.6	
-73.0	86.9	42.6	20.5	
-80.4	-53.3	13.1	27.8	
-119.8	-58.3	-1.7	47.5	
-119.8	25.4	-21.4	52.4	
-82.9	30.3	-14.0	-21.4	
-31.2	175.4	-21.4	-28.7	
0.8	163.1	-14.0	35.2	
106.6	82.0	-11.5	25.4	
190.2	106.6	-23.8	0.8	
182.8	148.4	-21.4	-6.6	
118.9	150.8	-18.9	3.2	
37.7	13.1	-16.4	-9.1	
5.7	-46.0	-11.5	-4.1	
22.9	-114.8	3.2	-16.4	
50.0	-28.7	3.2	8.2	
67.2	3.2	-18.9	13.1	
74.6	109.0	3.2	10.6	
22.9	168.1	3.2	22.9	
35.2	121.3	18.0	25.4	
-6.6	111.5	30.3	0.8	
-75.5	22.9	37.7	10.6	
-156.7	-38.6	5.7	10.6	
-122.2	-28.7	-14.0	5.7	
-68.1	-87.8	-18.9	0.8	
-105.0	-132.1	-6.6	0.8	
-124.7	-68.1	-1.7	18.0	
-124.7	-171.4	-6.6	27.8	
-134.5	-60.7	-16.4	25.4	
-132.1	57.4	-14.0	32.8	
-21.4	30.3	-4.1	13.1	
84.4	3.2	-9.1	15.5	
197.6	-14.0	-9.1	40.1	
232.0	8.2	-4.1	35.2	
133.6	-36.1	-21.4	25.4	
217.3	-31.2	-23.8	37.7	
256.6	-1.7	-16.4	25.4	
96.7	86.9	-4.1	45.1	
5.7	96.7	-11.5	57.4	
18.0	-16.4	-6.6	42.6	
67.2	-60.7	8.2	3.2	
-6.6	22.9	-1.7	-85.3	
20.5	145.9	8.2	-53.3	
-23.8	67.2	15.5	-23.8	
-48.4	42.6	50.0	-18.9	
-82.9	37.7	22.9	-14.0	
-65.6	8.2	27.8	-21.4	
-63.2	67.2	22.9	0.8	
-14.0	86.9	8.2	3.2	
-1.7	22.9	5.7	5.7	
165.6	106.6	8.2	18.0	
209.9	133.6	10.6	27.8	
118.9	50.0	3.2	42.6	
106.6	37.7	-1.7	40.1	
69.7	62.3	0.8	37.7	
27.8	5.7	-14.0	25.4	
18.0	5.7	15.5	25.4	
3.2	141.0	25.4	-9.1	
79.5	173.0	27.8	-9.1	
25.4	187.7	25.4	-6.6	
18.0	229.6	5.7	-23.8	
-41.0	128.7	-14.0	3.2	
-80.4	99.2	-4.1	13.1	
-38.6	30.3	-6.6	-41.0	
-48.4	-11.5	-4.1	-53.3	
-63.2	45.1	-1.7	-41.0	
-33.7	-228.0	-1.7	-14.0	
-73.0	-269.8	13.1	-1.7	
-100.1	-166.5	30.3	18.0	
-112.4	-95.2	30.3	32.8	
-48.4	3.2	45.1	27.8	
-23.8	18.0	27.8	25.4	
-23.8	-31.2	27.8	18.0	
-41.0	-48.4	25.4	20.5	
30.3	32.8	18.0	10.6	
84.4	197.6	25.4	3.2	
13.1	185.3	27.8	18.0	
-6.6	86.9	25.4	82.0	
-28.7	42.6	45.1	84.4	
3.2	40.1	15.5	99.2	
3.2	-4.1	-9.1	72.1	
25.4	-50.9	-6.6	47.5	
-41.0	-16.4	3.2	22.9	
-82.9	13.1	15.5	3.2	
-55.8	-70.6	37.7	-127.1	
-36.1	-80.4	25.4	-144.4	
-31.2	57.4	5.7	-92.7	
-80.4	123.8	15.5	-41.0	
37.7	165.6	5.7	-43.5	
195.1	106.6	0.8	-63.2	
72.1	47.5	18.0	-65.6	
47.5	-31.2	15.5	-68.1	
89.3	-48.4	22.9	-38.6	
136.1	-68.1	30.3	3.2	
59.8	-41.0	32.8	-33.7	
32.8	-122.2	18.0	-43.5	
69.7	-137.0	13.1	-11.5	
45.1	-53.3	-1.7	-16.4	
37.7	-4.1	-6.6	-4.1	
18.0	45.1	-1.7	-1.7	
-85.3	234.5	-6.6	-4.1	
-122.2	273.8	-4.1	-9.1	
-117.3	148.4	-11.5	0.8	
-107.5	254.2	-4.1	0.8	
-18.9	143.5	-18.9	10.6	
101.6	82.0	3.2	45.1	
77.0	99.2	0.8	32.8	
54.9	323.0	30.3	0.8	
104.1	276.3	20.5	-14.0	
59.8	89.3	5.7	-21.4	
5.7	37.7	5.7	10.6	
-60.7	-11.5	5.7	22.9	
-73.0	89.3	18.0	22.9	
-60.7	212.3	22.9	22.9	
-33.7	79.5	13.1	13.1	
47.5	-63.2	15.5	15.5	
54.9	20.5	5.7	8.2	
15.5	-21.4	15.5	25.4	
32.8	-63.2	5.7	-41.0	
-14.0	-41.0	5.7	-28.7	
-6.6	37.7	3.2	-6.6	
57.4	25.4	18.0	-23.8	
72.1	-18.9	22.9	-11.5	
15.5	-63.2	30.3	54.9	
-33.7	-53.3	25.4	54.9	
-18.9	0.8	15.5	25.4	
22.9	47.5	8.2	18.0	
64.7	155.8	5.7	45.1	
94.3	138.5	15.5	32.8	
67.2	141.0	10.6	25.4	
109.0	82.0	13.1	37.7	
67.2	74.6	8.2	42.6	
47.5	18.0	8.2	-31.2	
22.9	89.3	8.2	-16.4	
8.2	10.6	10.6	-4.1	
20.5	32.8	20.5	5.7	
-36.1	-16.4	25.4	-1.7	
-70.6	-58.3	18.0	10.6	
-41.0	-129.6	18.0	0.8	
-4.1	-46.0	3.2	-36.1	
-21.4	118.9	10.6	-6.6	
-18.9	86.9	13.1	0.8	
15.5	-77.9	5.7	-6.6	
10.6	57.4	-9.1	-9.1	
32.8	261.5	-21.4	-9.1	
32.8	224.6	-23.8	3.2	
18.0	-4.1	15.5	5.7	
57.4	-11.5	18.0	5.7	
30.3	25.4	13.1	0.8	
25.4	-9.1	15.5	32.8	
-11.5	-105.0	10.6	47.5	
-50.9	-205.9	3.2	52.4	
-31.2	-137.0	-1.7	32.8	
-23.8	27.8	3.2	13.1	
-50.9	52.4	18.0	52.4	
-23.8	20.5	20.5	74.6	
47.5	45.1	18.0	64.7	
64.7	-14.0	18.0	74.6	
22.9	-73.0	13.1	42.6	
8.2	-124.7	15.5	18.0	
-28.7	-77.9	8.2	13.1	
-50.9	-11.5	10.6	-18.9	
-70.6	0.8	3.2	-70.6	
-28.7	25.4	22.9	-166.5	
32.8	104.1	27.8	-109.9	
-6.6	30.3	27.8	-41.0	
-43.5	64.7	13.1	22.9	
-73.0	59.8	25.4	50.0	
-26.3	52.4	20.5	37.7	
30.3	72.1	15.5	32.8	
72.1	143.5	13.1	40.1	
52.4	113.9	13.1	42.6	
52.4	113.9	32.8	86.9	
77.0	57.4	5.7	47.5	
30.3	99.2	10.6	-43.5	
18.0	94.3	-4.1	-82.9	
-28.7	8.2	-4.1	-132.1	
-28.7	72.1	0.8	-124.7	
-60.7	99.2	8.2	-70.6	
-87.8	74.6	10.6	-50.9	
-95.2	30.3	0.8	-18.9	
-134.5	57.4	0.8	22.9	
-1.7	72.1	-1.7	0.8	
197.6	79.5	3.2	3.2	
91.8	13.1	5.7	18.0	
69.7	32.8	13.1	20.5	
224.6	69.7	13.1	-1.7	
94.3	163.1	20.5	-1.7	
84.4	173.0	10.6	0.8	
59.8	133.6	13.1	0.8	
69.7	104.1	22.9	8.2	
27.8	99.2	27.8	8.2	
52.4	0.8	20.5	0.8	
52.4	-1.7	32.8	8.2	
25.4	-146.8	18.0	-31.2	
57.4	-141.9	18.0	0.8	
18.0	-114.8	25.4	8.2	
-14.0	-97.6	-1.7	32.8	
-9.1	91.8	-14.0	52.4	
15.5	254.2	-4.1	52.4	
32.8	145.9	5.7	52.4	
18.0	37.7	5.7	35.2	
13.1	158.2	8.2	-46.0	
-11.5	57.4	15.5	-16.4	
-58.3	99.2	20.5	8.2	
-38.6	82.0	18.0	22.9	
-26.3	-18.9	20.5	45.1	
-38.6	42.6	27.8	52.4	
-48.4	-11.5	18.0	25.4	
-36.1	-87.8	27.8	-53.3	
-4.1	-53.3	30.3	-50.9	
5.7	-68.1	27.8	-21.4	
-21.4	-92.7	37.7	0.8	
-6.6	32.8	25.4	20.5	
37.7	57.4	22.9	20.5	
47.5	77.0	22.9	8.2	
91.8	37.7	15.5	-31.2	
42.6	-26.3	22.9	-9.1	
30.3	22.9	18.0	10.6	
40.1	8.2	15.5	22.9	
35.2	20.5	27.8	35.2	
22.9	52.4	20.5	20.5	
-4.1	86.9	10.6	8.2	
-60.7	101.6	-6.6	20.5	
-43.5	109.0	-6.6	-11.5	
-63.2	54.9	18.0	-21.4	
-53.3	32.8	13.1	-14.0	
-46.0	25.4	20.5	-28.7	
-14.0	-75.5	20.5	-1.7	
91.8	-70.6	18.0	30.3	
45.1	40.1	18.0	25.4	
15.5	118.9	15.5	25.4	
20.5	40.1	25.4	40.1	
47.5	133.6	8.2	37.7	
50.0	109.0	5.7	37.7	
27.8	67.2	10.6	32.8	
32.8	138.5	-6.6	5.7	
3.2	168.1	8.2	-36.1	
10.6	173.0	0.8	-31.2	
20.5	67.2	5.7	8.2	
20.5	5.7	15.5	5.7	
-23.8	-198.5	15.5	-41.0	
-41.0	-215.7	0.8	-21.4	
-50.9	-73.0	8.2	-36.1	
-6.6	42.6	10.6	-28.7	
5.7	0.8	3.2	-4.1	
25.4	-46.0	13.1	27.8	
45.1	-11.5	5.7	82.0	
27.8	20.5	-1.7	143.5	
-18.9	45.1	8.2	150.8	
-26.3	72.1	-11.5	109.0	
5.7	91.8	-4.1	74.6	
22.9	121.3	3.2	62.3	
64.7	202.5	-6.6	62.3	
77.0	47.5	5.7	64.7	
50.0	-70.6	3.2	-26.3	
47.5	-4.1	15.5	-127.1	
54.9	52.4	20.5	-75.5	
35.2	91.8	22.9	-9.1	
-9.1	22.9	27.8	15.5	
-36.1	-31.2	22.9	27.8	
8.2	13.1	22.9	32.8	
-1.7	22.9	18.0	35.2	
-31.2	47.5	3.2	74.6	
-50.9	104.1	-6.6	47.5	
-6.6	-43.5	-14.0	-28.7	
3.2	-6.6	-16.4	-16.4	
-11.5	27.8	-11.5	0.8	
-11.5	40.1	-4.1	-6.6	
3.2	50.0	-6.6	-46.0	
-1.7	32.8	-1.7	-38.6	
-6.6	25.4	0.8	-28.7	
-9.1	10.6	0.8	-41.0	
-6.6	0.8	10.6	-46.0	
-11.5	20.5	13.1	-18.9	
-4.1	42.6	13.1	-9.1	
8.2	50.0	18.0	13.1	
25.4	40.1	45.1	13.1	
35.2	54.9	27.8	20.5	
32.8	79.5	18.0	37.7	
32.8	40.1	32.8	37.7	
25.4	15.5	15.5	37.7	
18.0	27.8	25.4	20.5	
-23.8	69.7	25.4	50.0	
-63.2	54.9	30.3	37.7	
-87.8	62.3	15.5	-1.7	
-90.2	82.0	18.0	20.5	
-73.0	91.8	15.5	-6.6	
-50.9	77.0	27.8	-36.1	
32.8	96.7	13.1	-16.4	
52.4	94.3	20.5	13.1	
99.2	-11.5	20.5	25.4	
64.7	8.2	22.9	20.5	
54.9	5.7	15.5	13.1	
101.6	-65.6	25.4	15.5	
62.3	18.0	40.1	13.1	
64.7	32.8	37.7	27.8	
62.3	0.8	25.4	25.4	
62.3	27.8	30.3	-26.3	
50.0	86.9	18.0	-55.8	
72.1	133.6	27.8	-38.6	
59.8	40.1	3.2	-9.1	
8.2	-4.1	-11.5	-1.7	
3.2	10.6	-23.8	10.6	
-1.7	-46.0	-4.1	15.5	
-26.3	-80.4	8.2	15.5	
22.9	-124.7	15.5	15.5	
35.2	-28.7	18.0	20.5	
20.5	86.9	8.2	22.9	
45.1	141.0	-1.7	18.0	
18.0	192.7	3.2	13.1	
8.2	182.8	8.2	50.0	
-11.5	54.9	0.8	67.2	
-11.5	54.9	5.7	91.8	
0.8	37.7	10.6	96.7	
-9.1	27.8	15.5	27.8	
-33.7	-21.4	18.0	-28.7	
-28.7	18.0	18.0	-50.9	
-18.9	118.9	20.5	-60.7	
-28.7	50.0	20.5	-58.3	
-18.9	45.1	35.2	-26.3	
27.8	-100.1	27.8	-18.9	
35.2	-41.0	22.9	0.8	
50.0	-1.7	15.5	10.6	
30.3	10.6	0.8	22.9	
67.2	3.2	-4.1	10.6	
59.8	25.4	8.2	-26.3	
18.0	99.2	3.2	-14.0	
-6.6	-6.6	15.5	27.8	
-14.0	-33.7	30.3	22.9	
27.8	-4.1	18.0	20.5	
59.8	77.0	18.0	18.0	
42.6	47.5	13.1	37.7	
32.8	3.2	10.6	10.6	
20.5	40.1	18.0	3.2	
18.0	67.2	18.0	-4.1	
20.5	40.1	18.0	3.2	
13.1	84.4	30.3	0.8	
18.0	84.4	18.0	-4.1	
-6.6	42.6	25.4	30.3	
-11.5	35.2	10.6	32.8	
-16.4	62.3	10.6	30.3	
-21.4	64.7	3.2	42.6	
-16.4	47.5	-1.7	47.5	
-4.1	3.2	-16.4	18.0	
-4.1	8.2	-16.4	3.2	
13.1	-1.7	-4.1	15.5	
5.7	30.3	-1.7	10.6	
-4.1	20.5	0.8	-28.7	
8.2	106.6	-6.6	-11.5	
8.2	45.1	-9.1	-6.6	
25.4	79.5	-9.1	-18.9	
32.8	116.4	15.5	-1.7	
18.0	-4.1	8.2	-9.1	
-6.6	-77.9	0.8	-11.5	
27.8	20.5	-6.6	-1.7	
25.4	-14.0	0.8	-6.6	
-4.1	-55.8	5.7	10.6	
-18.9	57.4	22.9	18.0	
-23.8	74.6	13.1	18.0	
-36.1	47.5	13.1	10.6	
-53.3	42.6	8.2	30.3	
-63.2	91.8	3.2	42.6	
-50.9	74.6	3.2	35.2	
-14.0	121.3	-4.1	54.9	
0.8	116.4	3.2	25.4	
72.1	173.0	15.5	-1.7	
69.7	123.8	3.2	-28.7	
91.8	45.1	3.2	13.1	
64.7	-11.5	5.7	50.0	
42.6	-107.5	-1.7	40.1	
3.2	-77.9	-4.1	5.7	
15.5	30.3	-4.1	8.2	
13.1	-31.2	8.2	-1.7	
0.8	-48.4	-6.6	15.5	
32.8	-50.9	0.8	-11.5	
27.8	13.1	13.1	-68.1	
54.9	84.4	25.4	-46.0	
79.5	59.8	18.0	-18.9	
57.4	35.2	35.2	27.8	
32.8	37.7	20.5	25.4	
18.0	59.8	25.4	10.6	
54.9	74.6	8.2	8.2	
22.9	40.1	-6.6	25.4	
5.7	13.1	0.8	0.8	
0.8	15.5	-4.1	-26.3	
22.9	30.3	5.7	47.5	
50.0	64.7	5.7	47.5	
32.8	72.1	5.7	45.1	
47.5	47.5	5.7	47.5	
22.9	47.5	-6.6	10.6	
3.2	77.0	5.7	-82.9	
-26.3	59.8	18.0	-38.6	
-26.3	-18.9	15.5	8.2	
-28.7	10.6	18.0	5.7	
-58.3	54.9	13.1	3.2	
-46.0	45.1	5.7	18.0	
-21.4	8.2	3.2	-33.7	
-1.7	27.8	8.2	22.9	
10.6	64.7	15.5	25.4	
32.8	96.7	13.1	30.3	
27.8	145.9	15.5	32.8	
47.5	141.0	0.8	59.8	
69.7	111.5	8.2	67.2	
40.1	37.7	0.8	62.3	
30.3	-33.7	10.6	-4.1	
35.2	-97.6	15.5	-70.6	
30.3	-41.0	10.6	-43.5	
42.6	10.6	5.7	-36.1	
27.8	109.0	3.2	18.0	
18.0	192.7	5.7	32.8	
5.7	126.2	18.0	-36.1	
-16.4	-90.2	18.0	-48.4	
-18.9	-90.2	10.6	-48.4	
-31.2	-28.7	0.8	-43.5	
-1.7	104.1	8.2	-11.5	
-6.6	32.8	15.5	10.6	
-9.1	3.2	27.8	13.1	
-16.4	5.7	22.9	-14.0	
-36.1	-129.6	13.1	-4.1	
8.2	20.5	8.2	15.5	
54.9	116.4	13.1	18.0	
15.5	22.9	13.1	15.5	
37.7	42.6	0.8	47.5	
50.0	35.2	-6.6	35.2	
25.4	57.4	-16.4	32.8	
35.2	-14.0	13.1	13.1	
45.1	-23.8	25.4	20.5	
54.9	-9.1	45.1	15.5	
42.6	-63.2	35.2	-1.7	
45.1	-28.7	8.2	5.7	
37.7	8.2	-1.7	10.6	
22.9	18.0	0.8	25.4	
20.5	-38.6	-6.6	-4.1	
32.8	-50.9	-11.5	-33.7	
25.4	-36.1	-1.7	-9.1	
18.0	-23.8	-11.5	-26.3	
22.9	64.7	8.2	10.6	
45.1	182.8	-9.1	84.4	
37.7	136.1	22.9	52.4	
10.6	109.0	18.0	-14.0	
8.2	69.7	3.2	-38.6	
0.8	47.5	3.2	-23.8	
25.4	-4.1	3.2	-6.6	
20.5	52.4	18.0	5.7	
3.2	106.6	5.7	3.2	
3.2	79.5	18.0	18.0	
5.7	35.2	18.0	50.0	
5.7	45.1	8.2	47.5	
20.5	35.2	15.5	54.9	
30.3	-65.6	5.7	45.1	
32.8	-28.7	3.2	40.1	
32.8	40.1	8.2	22.9	
30.3	47.5	0.8	40.1	
20.5	64.7	0.8	40.1	
18.0	37.7	8.2	47.5	
18.0	121.3	3.2	8.2	
3.2	72.1	20.5	20.5	
-4.1	52.4	8.2	-18.9	
13.1	57.4	3.2	-58.3	
13.1	62.3	8.2	-50.9	
8.2	18.0	20.5	-38.6	
8.2	-43.5	27.8	-23.8	
25.4	-48.4	25.4	27.8	
20.5	40.1	13.1	-6.6	
13.1	54.9	8.2	-43.5	
-14.0	50.0	18.0	-26.3	
-21.4	42.6	20.5	0.8	
-16.4	77.0	8.2	-4.1	
-14.0	89.3	3.2	18.0	
-4.1	45.1	0.8	25.4	
-1.7	57.4	13.1	13.1	
10.6	-16.4	30.3	10.6	
5.7	37.7	18.0	22.9	
32.8	82.0	0.8	22.9	
25.4	54.9	-4.1	8.2	
40.1	59.8	-1.7	20.5	
27.8	128.7	-14.0	42.6	
30.3	234.5	0.8	32.8	
42.6	165.6	3.2	5.7	
30.3	42.6	13.1	-31.2	
3.2	15.5	8.2	-26.3	
-16.4	18.0	10.6	-41.0	
8.2	-109.9	20.5	0.8	
30.3	-85.3	15.5	10.6	
37.7	79.5	25.4	-1.7	
20.5	52.4	35.2	18.0	
13.1	-102.5	5.7	-26.3	
20.5	-119.8	5.7	-38.6	
-1.7	-87.8	13.1	-48.4	
8.2	-75.5	8.2	13.1	
15.5	-112.4	20.5	10.6	
32.8	-14.0	22.9	18.0	
30.3	118.9	10.6	20.5	
35.2	27.8	10.6	35.2	
5.7	-48.4	8.2	32.8	
-43.5	10.6	18.0	22.9	
-4.1	22.9	22.9	20.5	
27.8	104.1	15.5	35.2	
-1.7	168.1	22.9	22.9	
-14.0	143.5	35.2	27.8	
-23.8	57.4	30.3	47.5	
54.9	-6.6	15.5	13.1	
89.3	-100.1	35.2	40.1	
84.4	-58.3	18.0	42.6	
62.3	22.9	15.5	64.7	
22.9	86.9	8.2	57.4	
-4.1	96.7	-1.7	47.5	
22.9	-55.8	-6.6	15.5	
57.4	-21.4	20.5	-53.3	
59.8	45.1	25.4	-107.5	
77.0	77.0	25.4	-73.0	
104.1	42.6	25.4	-23.8	
74.6	62.3	35.2	-16.4	
50.0	35.2	27.8	3.2	
25.4	32.8	18.0	8.2	
30.3	30.3	27.8	20.5	
-6.6	47.5	15.5	15.5	
-26.3	45.1	15.5	13.1	
-26.3	-9.1	8.2	-6.6	
-48.4	-77.9	-4.1	-16.4	
-46.0	50.0	-21.4	-21.4	
-43.5	155.8	-11.5	3.2	
-28.7	79.5	-6.6	13.1	
-31.2	62.3	8.2	54.9	
-23.8	62.3	0.8	50.0	
20.5	96.7	45.1	35.2	
52.4	50.0	54.9	25.4	
42.6	47.5	37.7	22.9	
62.3	40.1	30.3	40.1	
64.7	-181.3	8.2	27.8	
67.2	-146.8	8.2	-18.9	
40.1	-50.9	-1.7	-33.7	
-1.7	-4.1	-4.1	-36.1	
-16.4	67.2	20.5	-21.4	
0.8	79.5	15.5	-21.4	
-21.4	96.7	27.8	15.5	
-31.2	69.7	10.6	18.0	
8.2	45.1	3.2	8.2	
10.6	84.4	15.5	25.4	
37.7	143.5	5.7	-1.7	
50.0	205.0	13.1	-23.8	
69.7	205.0	10.6	-14.0	
79.5	72.1	13.1	3.2	
67.2	59.8	20.5	18.0	
84.4	180.4	15.5	50.0	
91.8	84.4	25.4	45.1	
94.3	-80.4	25.4	47.5	
64.7	-46.0	30.3	25.4	
30.3	10.6	15.5	3.2	
-9.1	37.7	22.9	-18.9	
-23.8	-28.7	25.4	-18.9	
-68.1	-46.0	22.9	-9.1	
-60.7	-9.1	13.1	-4.1	
-38.6	-127.1	15.5	0.8	
-55.8	-73.0	18.0	37.7	
-28.7	-210.8	8.2	59.8	
-11.5	-228.0	20.5	64.7	
-6.6	-95.2	22.9	52.4	
5.7	-50.9	32.8	42.6	
15.5	-48.4	37.7	40.1	
25.4	13.1	15.5	22.9	
45.1	59.8	5.7	-46.0	
50.0	67.2	5.7	-28.7	
35.2	59.8	20.5	-11.5	
3.2	18.0	30.3	-11.5	
-1.7	59.8	22.9	-11.5	
32.8	104.1	27.8	20.5	
37.7	111.5	25.4	-1.7	
47.5	40.1	45.1	10.6	
30.3	74.6	37.7	42.6	
15.5	104.1	37.7	42.6	
13.1	109.0	30.3	-43.5	
5.7	74.6	20.5	-58.3	
-31.2	67.2	13.1	-31.2	
-11.5	-14.0	25.4	-9.1	
-16.4	13.1	5.7	-9.1	
-23.8	89.3	-14.0	25.4	
-1.7	22.9	-9.1	42.6	
-4.1	42.6	-14.0	40.1	
40.1	86.9	-11.5	0.8	
47.5	94.3	-1.7	-28.7	
82.0	104.1	-1.7	-50.9	
94.3	77.0	-4.1	-4.1	
118.9	15.5	15.5	5.7	
94.3	8.2	57.4	10.6	
54.9	52.4	50.0	-6.6	
-11.5	-58.3	22.9	-6.6	
-95.2	-16.4	15.5	-14.0	
-80.4	50.0	37.7	-11.5	
-31.2	77.0	25.4	-4.1	
-4.1	69.7	27.8	-16.4	
35.2	-36.1	20.5	-28.7	
52.4	-55.8	30.3	3.2	
72.1	47.5	22.9	-1.7	
77.0	82.0	22.9	15.5	
84.4	57.4	37.7	20.5	
54.9	133.6	27.8	22.9	
57.4	143.5	30.3	15.5	
40.1	37.7	40.1	3.2	
5.7	25.4	37.7	-11.5	
-36.1	57.4	32.8	-1.7	
-43.5	30.3	27.8	-9.1	
-65.6	-65.6	27.8	-1.7	
-43.5	-53.3	37.7	18.0	
-16.4	72.1	42.6	20.5	
20.5	89.3	35.2	15.5	
62.3	18.0	32.8	13.1	
91.8	-14.0	32.8	25.4	
101.6	18.0	30.3	32.8	
89.3	-21.4	40.1	15.5	
52.4	22.9	37.7	32.8	
42.6	74.6	37.7	20.5	
27.8	96.7	25.4	15.5	
-6.6	47.5	35.2	-31.2	
-18.9	-6.6	27.8	-48.4	
-16.4	-6.6	30.3	-16.4	
-26.3	-112.4	62.3	5.7	
-38.6	-112.4	47.5	8.2	
-9.1	-26.3	45.1	13.1	
22.9	52.4	52.4	22.9	
27.8	150.8	37.7	42.6	
22.9	99.2	37.7	22.9	
37.7	111.5	27.8	20.5	
25.4	165.6	27.8	-36.1	
15.5	101.6	37.7	-38.6	
22.9	-55.8	37.7	8.2	
18.0	-112.4	45.1	20.5	
20.5	-38.6	42.6	25.4	
5.7	118.9	35.2	22.9	
25.4	177.9	37.7	0.8	
35.2	20.5	37.7	-43.5	
42.6	104.1	27.8	-23.8	
54.9	180.4	37.7	3.2	
47.5	-23.8	32.8	27.8	
42.6	-75.5	27.8	8.2	
42.6	-16.4	-4.1	32.8	
35.2	-119.8	5.7	-9.1	
47.5	10.6	-6.6	-6.6	
45.1	37.7	0.8	32.8	
47.5	-92.7	3.2	27.8	
22.9	42.6	-6.6	50.0	
10.6	94.3	22.9	32.8	
3.2	72.1	57.4	-9.1	
0.8	-11.5	42.6	-46.0	
13.1	50.0	5.7	-41.0	
40.1	-23.8	-9.1	-26.3	
35.2	-21.4	-1.7	-1.7	
59.8	5.7	50.0	18.0	
82.0	-36.1	79.5	27.8	
74.6	-132.1	59.8	45.1	
64.7	-223.1	18.0	50.0	
40.1	-255.1	-31.2	0.8	
25.4	-97.6	-41.0	-16.4	
3.2	180.4	-41.0	20.5	
-33.7	150.8	-18.9	13.1	
-50.9	190.2	-16.4	0.8	
-31.2	200.0	-18.9	5.7	
-11.5	104.1	-11.5	-4.1	
-18.9	-114.8	-9.1	-26.3	
-18.9	-75.5	-6.6	-28.7	
-18.9	59.8	-11.5	-11.5	
-9.1	42.6	0.8	15.5	
10.6	-26.3	0.8	40.1	
3.2	-68.1	-9.1	54.9	
-14.0	-171.4	-6.6	3.2	
0.8	-48.4	-21.4	-9.1	
5.7	84.4	-9.1	3.2	
30.3	185.3	-14.0	18.0	
40.1	261.5	-14.0	32.8	
59.8	227.1	-11.5	20.5	
94.3	234.5	-11.5	13.1	
99.2	244.3	-31.2	20.5	
62.3	202.5	-43.5	8.2	
-1.7	264.0	-38.6	5.7	
-18.9	384.5	3.2	5.7	
-23.8	328.0	0.8	8.2	
-38.6	229.6	-1.7	8.2	
-18.9	82.0	-16.4	5.7	
30.3	25.4	-16.4	10.6	
20.5	-232.9	-28.7	-1.7	
42.6	-102.5	-28.7	-11.5	
42.6	128.7	-41.0	-14.0	
8.2	45.1	-48.4	-1.7	
-36.1	84.4	-18.9	0.8	
-21.4	-117.3	-6.6	3.2	
-26.3	-87.8	-6.6	5.7	
13.1	-28.7	-9.1	8.2	
74.6	-18.9	-1.7	13.1	
74.6	-63.2	20.5	27.8	
77.0	5.7	10.6	18.0	
79.5	10.6	-21.4	8.2	
50.0	10.6	-14.0	13.1	
15.5	-46.0	-14.0	5.7	
5.7	-38.6	0.8	-14.0	
-4.1	5.7	-4.1	-28.7	
13.1	74.6	5.7	-18.9	
18.0	84.4	0.8	-21.4	
47.5	202.5	-1.7	-14.0	
45.1	155.8	-14.0	3.2	
25.4	150.8	-21.4	10.6	
13.1	-14.0	-14.0	22.9	
25.4	-114.8	-1.7	50.0	
50.0	-60.7	-14.0	42.6	
64.7	-11.5	-4.1	37.7	
54.9	-112.4	-23.8	-4.1	
57.4	-284.6	-9.1	-60.7	
30.3	-292.0	-28.7	-36.1	
27.8	-100.1	-26.3	15.5	
22.9	35.2	-31.2	13.1	
-36.1	94.3	-33.7	0.8	
-55.8	0.8	-33.7	-18.9	
-53.3	99.2	-6.6	-14.0	
-21.4	86.9	0.8	-18.9	
-11.5	54.9	8.2	-9.1	
-14.0	50.0	22.9	8.2	
15.5	27.8	22.9	15.5	
45.1	104.1	15.5	15.5	
18.0	118.9	37.7	18.0	
-38.6	59.8	-1.7	18.0	
-63.2	0.8	-46.0	10.6	
-38.6	-70.6	-55.8	5.7	
5.7	-14.0	-46.0	10.6	
25.4	89.3	-53.3	0.8	
32.8	86.9	-38.6	22.9	
40.1	84.4	-43.5	27.8	
45.1	32.8	-26.3	15.5	
47.5	205.0	-33.7	27.8	
30.3	244.3	-18.9	25.4	
27.8	145.9	20.5	27.8	
35.2	227.1	25.4	30.3	
64.7	99.2	-11.5	22.9	
54.9	-75.5	-31.2	15.5	
62.3	25.4	-43.5	13.1	
74.6	52.4	-33.7	13.1	
94.3	-100.1	-28.7	10.6	
59.8	-53.3	-43.5	-1.7	
57.4	-139.4	-38.6	13.1	
42.6	-68.1	-33.7	18.0	
0.8	244.3	-26.3	15.5	
-55.8	244.3	-41.0	5.7	
-92.7	13.1	-46.0	-6.6	
-68.1	-173.9	-43.5	3.2	
-41.0	-232.9	-43.5	-4.1	
-18.9	-223.1	-50.9	10.6	
5.7	-107.5	-53.3	3.2	
20.5	-235.4	-38.6	8.2	
50.0	-218.2	-36.1	8.2	
64.7	-95.2	-55.8	-1.7	
106.6	32.8	-41.0	-1.7	
126.2	293.5	-46.0	0.8	
106.6	200.0	-48.4	-6.6	
91.8	118.9	-48.4	5.7	
77.0	-119.8	-60.7	10.6	
8.2	8.2	-68.1	3.2	
-65.6	141.0	-38.6	5.7	
-107.5	241.9	-33.7	5.7	
-100.1	251.7	-43.5	-14.0	
-65.6	460.8	-33.7	-11.5	
-11.5	320.6	-58.3	-6.6	
18.0	475.6	-46.0	-1.7	
-46.0	340.3	-48.4	3.2	
-75.5	254.2	-46.0	5.7	
-65.6	391.9	-41.0	-1.7	
-46.0	192.7	-23.8	-11.5	
10.6	-134.5	-41.0	-6.6	
47.5	-437.1	-9.1	-1.7	
5.7	-547.8	-16.4	-11.5	
-36.1	-405.1	-18.9	5.7	
-38.6	-407.6	-18.9	-4.1	
-16.4	-365.8	-14.0	-9.1	
15.5	-301.8	-21.4	-11.5	
74.6	-208.3	-28.7	-9.1	
116.4	-11.5	-14.0	-4.1	
148.4	74.6	-18.9	0.8	
121.3	224.6	-26.3	10.6	
106.6	192.7	-28.7	-6.6	
79.5	91.8	-36.1	-4.1	
20.5	-14.0	-11.5	-11.5	
-1.7	-31.2	0.8	0.8	
8.2	109.0	-11.5	-6.6	
13.1	67.2	-6.6	-9.1	
37.7	106.6	-9.1	0.8	
35.2	64.7	-6.6	-1.7	
22.9	72.1	0.8	-1.7	
8.2	67.2	-6.6	0.8	
-6.6	168.1	18.0	-4.1	
-18.9	57.4	69.7	-11.5	
-14.0	111.5	64.7	-11.5	
13.1	138.5	35.2	-9.1	
57.4	126.2	8.2	-11.5	
69.7	175.4	8.2	-9.1	
94.3	145.9	15.5	-4.1	
50.0	5.7	8.2	-6.6	
-6.6	-53.3	-11.5	-6.6	
-65.6	74.6	-18.9	8.2	
-63.2	64.7	8.2	-1.7	
-23.8	47.5	13.1	-6.6	
-14.0	-26.3	15.5	-26.3	
3.2	-127.1	-18.9	-41.0	
25.4	-33.7	-46.0	-43.5	
52.4	-23.8	-23.8	-41.0	
89.3	86.9	-14.0	-31.2	
104.1	-63.2	-1.7	35.2	
89.3	-213.2	18.0	57.4	
84.4	-156.7	15.5	22.9	
79.5	-107.5	18.0	22.9	
69.7	106.6	27.8	45.1	
37.7	197.6	25.4	10.6	
3.2	165.6	-4.1	-11.5	
-46.0	217.3	-21.4	-9.1	
-105.0	239.4	-16.4	-6.6	
-55.8	170.5	-6.6	-18.9	
-70.6	168.1	10.6	-6.6	
-55.8	173.0	0.8	0.8	
-58.3	170.5	-4.1	5.7	
-50.9	54.9	-1.7	5.7	
-53.3	-166.5	-11.5	8.2	
-31.2	-375.6	0.8	3.2	
-9.1	-405.1	13.1	-1.7	
-1.7	-188.6	20.5	-11.5	
5.7	-23.8	-23.8	-18.9	
-1.7	27.8	-23.8	-6.6	
30.3	20.5	-26.3	-4.1	
42.6	30.3	0.8	3.2	
50.0	59.8	25.4	5.7	
59.8	-9.1	32.8	-9.1	
74.6	-82.9	20.5	5.7	
64.7	18.0	5.7	0.8	
74.6	-28.7	15.5	3.2	
69.7	59.8	18.0	5.7	
18.0	42.6	20.5	-1.7	
20.5	22.9	18.0	8.2	
5.7	35.2	18.0	8.2	
-9.1	126.2	18.0	5.7	
0.8	101.6	0.8	-4.1	
-6.6	165.6	-1.7	-1.7	
-6.6	165.6	15.5	0.8	
-14.0	99.2	10.6	0.8	
-14.0	138.5	-18.9	-4.1	
-14.0	192.7	-28.7	13.1	
-11.5	219.7	-9.1	8.2	
-14.0	109.0	-4.1	-1.7	
0.8	5.7	5.7	-9.1	
0.8	-6.6	10.6	-6.6	
0.8	-11.5	22.9	0.8	
5.7	10.6	25.4	-1.7	
25.4	45.1	15.5	-1.7	
37.7	64.7	5.7	0.8	
45.1	219.7	27.8	20.5	
62.3	401.8	54.9	5.7	
47.5	323.0	20.5	-9.1	
67.2	138.5	3.2	5.7	
67.2	-43.5	-9.1	-4.1	
64.7	15.5	-11.5	-4.1	
82.0	-26.3	3.2	0.8	
62.3	-16.4	18.0	-6.6	
47.5	62.3	8.2	0.8	
45.1	-137.0	10.6	0.8	
47.5	-208.3	20.5	-6.6	
32.8	-53.3	18.0	-1.7	
45.1	143.5	-14.0	8.2	
59.8	141.0	-6.6	-1.7	
64.7	-14.0	22.9	-11.5	
18.0	62.3	3.2	-4.1	
15.5	-122.2	-41.0	-1.7	
25.4	-237.8	5.7	-1.7	
32.8	-301.8	37.7	-4.1	
-14.0	-203.4	10.6	-9.1	
-38.6	-105.0	3.2	0.8	
-65.6	-9.1	27.8	-4.1	
-85.3	-100.1	47.5	-4.1	
-41.0	0.8	52.4	10.6	
-14.0	121.3	52.4	-1.7	
-23.8	-23.8	0.8	-1.7	
-41.0	-154.2	-23.8	-4.1	
0.8	-129.6	0.8	10.6	
20.5	3.2	5.7	-4.1	
35.2	138.5	25.4	-1.7	
22.9	45.1	42.6	5.7	
3.2	315.7	25.4	5.7	
-21.4	347.6	37.7	0.8	
-4.1	77.0	20.5	-4.1	
37.7	-75.5	20.5	-1.7	
27.8	-95.2	15.5	-1.7	
30.3	-137.0	0.8	-1.7	
25.4	-262.4	0.8	-6.6	
18.0	54.9	-14.0	3.2	
25.4	-55.8	0.8	-4.1	
54.9	-50.9	3.2	-11.5	
72.1	244.3	-6.6	-9.1	
52.4	394.4	0.8	-4.1	
35.2	224.6	-11.5	-9.1	
22.9	67.2	13.1	-9.1	
-16.4	155.8	18.0	0.8	
-36.1	200.0	22.9	3.2	
-11.5	185.3	37.7	3.2	
-6.6	-31.2	52.4	-1.7	
-14.0	-134.5	42.6	-9.1	
-11.5	42.6	42.6	-1.7	
-9.1	3.2	13.1	5.7	
-1.7	72.1	-9.1	-9.1	
18.0	187.7	-1.7	-9.1	
8.2	330.4	3.2	-6.6	
18.0	175.4	5.7	10.6	
5.7	315.7	13.1	0.8	
-9.1	212.3	27.8	15.5	
-1.7	-21.4	25.4	5.7	
32.8	-250.1	13.1	-9.1	
42.6	-360.8	13.1	3.2	
35.2	-304.3	3.2	8.2	
40.1	-200.9	-6.6	5.7	
20.5	-48.4	5.7	-6.6	
32.8	94.3	8.2	-11.5	
47.5	150.8	3.2	0.8	
69.7	187.7	-4.1	-4.1	
54.9	187.7	20.5	0.8	
67.2	74.6	37.7	-9.1	
84.4	-21.4	40.1	-14.0	
89.3	-48.4	69.7	-23.8	
72.1	-48.4	45.1	-1.7	
59.8	-75.5	27.8	10.6	
54.9	-228.0	13.1	-18.9	
22.9	-100.1	0.8	5.7	
40.1	113.9	-23.8	13.1	
-31.2	160.7	-46.0	5.7	
-58.3	202.5	-33.7	-6.6	
-11.5	246.8	-23.8	-18.9	
-1.7	197.6	-18.9	-23.8	
-31.2	-28.7	-36.1	-23.8	
-26.3	-70.6	-21.4	-16.4	
0.8	-43.5	5.7	3.2	
15.5	69.7	30.3	0.8	
25.4	180.4	62.3	-26.3	
8.2	251.7	50.0	-48.4	
-16.4	342.7	40.1	-31.2	
-26.3	249.2	-16.4	-16.4	
-55.8	-16.4	-55.8	20.5	
-43.5	-205.9	-46.0	126.2	
-18.9	-292.0	-36.1	160.7	
-21.4	-336.2	-23.8	52.4	
-6.6	-156.7	-36.1	-26.3	
0.8	-43.5	13.1	-46.0	
-1.7	59.8	40.1	-43.5	
25.4	0.8	18.0	-23.8	
30.3	-16.4	-1.7	-1.7	
27.8	-6.6	32.8	-1.7	
37.7	52.4	40.1	-16.4	
54.9	27.8	54.9	-9.1	
52.4	40.1	50.0	-11.5	
37.7	89.3	37.7	15.5	
15.5	35.2	13.1	45.1	
3.2	121.3	20.5	47.5	
13.1	168.1	32.8	37.7	
50.0	232.0	30.3	18.0	
59.8	94.3	32.8	0.8	
57.4	136.1	5.7	-1.7	
32.8	310.7	8.2	10.6	
15.5	89.3	5.7	8.2	
0.8	101.6	8.2	5.7	
15.5	45.1	0.8	8.2	
30.3	-223.1	20.5	10.6	
25.4	-277.2	8.2	25.4	
0.8	50.0	13.1	27.8	
3.2	173.0	22.9	27.8	
18.0	232.0	15.5	40.1	
42.6	261.5	-1.7	40.1	
47.5	123.8	0.8	30.3	
25.4	268.9	5.7	30.3	
20.5	96.7	13.1	45.1	
22.9	-151.7	22.9	37.7	
25.4	-176.3	3.2	37.7	
25.4	37.7	3.2	32.8	
47.5	106.6	13.1	20.5	
79.5	-159.1	-9.1	45.1	
69.7	-242.8	0.8	40.1	
57.4	-102.5	0.8	30.3	
40.1	54.9	18.0	30.3	
40.1	136.1	37.7	37.7	
22.9	175.4	22.9	37.7	
8.2	335.3	35.2	27.8	
37.7	335.3	67.2	37.7	
69.7	136.1	54.9	27.8	
10.6	-159.1	57.4	32.8	
15.5	-171.4	30.3	27.8	
-11.5	-144.4	18.0	32.8	
-60.7	-139.4	32.8	22.9	
-75.5	-55.8	50.0	25.4	
-75.5	-454.3	45.1	27.8	
-68.1	32.8	30.3	22.9	
-36.1	47.5	3.2	27.8	
-11.5	-75.5	-11.5	20.5	
25.4	82.0	-14.0	22.9	
0.8	37.7	-1.7	18.0	
-55.8	3.2	3.2	22.9	
-23.8	10.6	15.5	15.5	
-4.1	-102.5	32.8	22.9	
-23.8	-109.9	18.0	18.0	
0.8	133.6	37.7	10.6	
-9.1	241.9	40.1	-4.1	
8.2	145.9	20.5	15.5	
8.2	195.1	-11.5	8.2	
8.2	271.4	-23.8	8.2	
0.8	69.7	-21.4	-6.6	
-9.1	-107.5	45.1	8.2	
8.2	-124.7	50.0	-14.0	
3.2	0.8	42.6	3.2	
-4.1	62.3	30.3	8.2	
0.8	89.3	30.3	20.5	
69.7	126.2	42.6	50.0	
133.6	86.9	50.0	64.7	
121.3	128.7	45.1	27.8	
121.3	163.1	-1.7	15.5	
67.2	96.7	-18.9	10.6	
18.0	320.6	-23.8	0.8	
30.3	209.9	-18.9	5.7	
25.4	180.4	-43.5	-1.7	
13.1	236.9	-48.4	8.2	
5.7	82.0	-58.3	0.8	
10.6	-173.9	-6.6	-6.6	
40.1	-134.5	5.7	-11.5	
45.1	57.4	0.8	-11.5	
32.8	163.1	-1.7	-9.1	
5.7	-80.4	13.1	8.2	
-31.2	-1.7	35.2	8.2	
-68.1	-127.1	35.2	25.4	
-60.7	-284.6	52.4	40.1	
-60.7	-203.4	77.0	22.9	
-26.3	40.1	62.3	42.6	
-4.1	35.2	32.8	40.1	
0.8	-77.9	18.0	-9.1	
0.8	0.8	5.7	-28.7	
52.4	99.2	8.2	-4.1	
89.3	-43.5	25.4	-4.1	
64.7	-75.5	25.4	-21.4	
59.8	62.3	-4.1	8.2	
96.7	123.8	-9.1	-4.1	
116.4	128.7	-1.7	-16.4	
72.1	-9.1	-4.1	-1.7	
-28.7	18.0	-14.0	0.8	
-73.0	-11.5	-1.7	77.0	
3.2	-73.0	18.0	86.9	
15.5	-141.9	15.5	40.1	
5.7	-154.2	27.8	62.3	
10.6	10.6	15.5	20.5	
-6.6	91.8	20.5	5.7	
-1.7	121.3	13.1	-9.1	
-11.5	155.8	10.6	-9.1	
-21.4	175.4	15.5	-11.5	
-23.8	180.4	27.8	-18.9	
15.5	-18.9	13.1	-23.8	
10.6	-28.7	13.1	-9.1	
-9.1	94.3	-1.7	-14.0	
5.7	35.2	0.8	-41.0	
13.1	67.2	0.8	-21.4	
42.6	89.3	-6.6	30.3	
67.2	150.8	-1.7	89.3	
62.3	138.5	-23.8	111.5	
52.4	35.2	-4.1	109.0	
-4.1	163.1	0.8	74.6	
-33.7	111.5	8.2	-14.0	
-28.7	-82.9	13.1	-4.1	
-92.7	-112.4	22.9	-4.1	
-53.3	-75.5	30.3	-16.4	
-36.1	-53.3	37.7	-36.1	
-11.5	64.7	25.4	-33.7	
-4.1	-9.1	18.0	-28.7	
5.7	-176.3	25.4	-31.2	
-1.7	-183.7	32.8	25.4	
-14.0	-102.5	0.8	57.4	
-6.6	45.1	-16.4	77.0	
3.2	45.1	-21.4	22.9	
0.8	74.6	3.2	25.4	
3.2	212.3	15.5	25.4	
-1.7	222.2	35.2	8.2	
-4.1	131.2	13.1	-1.7	
-4.1	170.5	3.2	10.6	
40.1	229.6	-11.5	8.2	
45.1	187.7	15.5	13.1	
32.8	163.1	8.2	10.6	
35.2	5.7	-14.0	13.1	
18.0	54.9	-48.4	20.5	
18.0	-139.4	-60.7	10.6	
15.5	-11.5	-18.9	3.2	
32.8	-16.4	-6.6	3.2	
15.5	-6.6	57.4	0.8	
22.9	-205.9	50.0	-18.9	
0.8	-321.5	5.7	-9.1	
-4.1	-257.5	5.7	-11.5	
-23.8	-58.3	-14.0	-16.4	
-23.8	-58.3	-23.8	-23.8	
-16.4	54.9	-31.2	-33.7	
20.5	-1.7	-41.0	-33.7	
54.9	-73.0	-18.9	3.2	
86.9	79.5	-21.4	30.3	
86.9	54.9	-43.5	64.7	
84.4	30.3	-23.8	99.2	
104.1	18.0	-18.9	69.7	
74.6	84.4	-28.7	74.6	
35.2	82.0	20.5	10.6	
18.0	-14.0	104.1	-16.4	
37.7	-43.5	101.6	-4.1	
40.1	22.9	86.9	-11.5	
64.7	111.5	52.4	3.2	
86.9	239.4	25.4	10.6	
82.0	219.7	10.6	13.1	
18.0	32.8	18.0	10.6	
-68.1	-85.3	52.4	8.2	
-90.2	-31.2	50.0	5.7	
-63.2	18.0	30.3	-4.1	
-60.7	138.5	32.8	-14.0	
-60.7	175.4	-1.7	-16.4	
-26.3	185.3	-11.5	-18.9	
3.2	352.6	-14.0	-43.5	
37.7	372.2	-16.4	-58.3	
27.8	8.2	-14.0	-87.8	
-6.6	-552.7	3.2	-70.6	
-28.7	-383.0	5.7	-18.9	
-14.0	0.8	-1.7	20.5	
27.8	79.5	15.5	86.9	
32.8	-21.4	13.1	249.2	
22.9	50.0	13.1	283.7	
5.7	57.4	0.8	45.1	
-38.6	67.2	8.2	-6.6	
-33.7	168.1	8.2	18.0	
3.2	222.2	-4.1	-46.0	
13.1	202.5	3.2	-97.6	
-6.6	197.6	3.2	-105.0	
-14.0	42.6	8.2	-141.9	
-38.6	-210.8	-9.1	-141.9	
-14.0	-144.4	-9.1	-114.8	
-14.0	-97.6	-14.0	0.8	
-11.5	168.1	-16.4	101.6	
-4.1	387.0	-11.5	207.4	
18.0	59.8	-21.4	133.6	
13.1	-114.8	-1.7	35.2	
8.2	-65.6	5.7	-26.3	
-1.7	-63.2	22.9	79.5	
8.2	-63.2	72.1	113.9	
15.5	8.2	54.9	54.9	
32.8	79.5	8.2	-21.4	
35.2	45.1	-14.0	-28.7	
18.0	37.7	3.2	-60.7	
-1.7	-85.3	0.8	-16.4	
-6.6	-117.3	10.6	30.3	
-1.7	-50.9	15.5	77.0	
-4.1	-23.8	22.9	74.6	
40.1	42.6	13.1	-23.8	
57.4	123.8	13.1	-95.2	
45.1	268.9	25.4	-117.3	
47.5	96.7	27.8	-112.4	
62.3	-14.0	-18.9	-33.7	
57.4	89.3	-16.4	15.5	
22.9	104.1	-6.6	64.7	
50.0	-144.4	-9.1	165.6	
32.8	-97.6	0.8	136.1	
10.6	-11.5	-31.2	45.1	
3.2	118.9	-73.0	-16.4	
-11.5	54.9	-75.5	-31.2	
3.2	50.0	-77.9	-9.1	
-9.1	-1.7	-70.6	0.8	
35.2	-77.9	-60.7	-1.7	
67.2	148.4	-31.2	-1.7	
47.5	190.2	-16.4	-6.6	
18.0	22.9	5.7	10.6	
10.6	8.2	-53.3	15.5	
0.8	-38.6	-31.2	5.7	
-16.4	-26.3	32.8	0.8	
-11.5	86.9	96.7	-9.1	
-43.5	177.9	128.7	-6.6	
-36.1	32.8	94.3	5.7	
-28.7	128.7	79.5	10.6	
-9.1	276.3	111.5	-9.1	
-4.1	150.8	86.9	18.0	
15.5	62.3	77.0	-21.4	
30.3	74.6	72.1	-43.5	
25.4	-75.5	37.7	-31.2	
35.2	-225.5	-31.2	13.1	
18.0	-213.2	-26.3	35.2	
30.3	-117.3	20.5	74.6	
50.0	47.5	45.1	25.4	
47.5	37.7	-36.1	22.9	
22.9	13.1	-176.3	35.2	
57.4	13.1	-230.5	22.9	
79.5	47.5	-269.8	15.5	
79.5	-9.1	-218.2	3.2	
15.5	-75.5	-132.1	-28.7	
-36.1	42.6	30.3	-14.0	
-50.9	126.2	236.9	52.4	
-4.1	128.7	266.5	47.5	
-1.7	123.8	165.6	52.4	
-18.9	50.0	57.4	113.9	
-50.9	128.7	-43.5	205.0	
-38.6	160.7	-82.9	145.9	
-21.4	22.9	-107.5	-16.4	
-28.7	-100.1	-75.5	-149.3	
-26.3	-75.5	3.2	-141.9	
-31.2	18.0	62.3	-65.6	
-38.6	42.6	15.5	-14.0	
15.5	-109.9	-77.9	8.2	
22.9	-164.0	-87.8	-6.6	
0.8	-38.6	-36.1	-11.5	
13.1	209.9	18.0	-9.1	
37.7	268.9	91.8	-4.1	
20.5	96.7	195.1	-9.1	
18.0	-107.5	209.9	0.8	
8.2	-107.5	143.5	15.5	
20.5	-53.3	77.0	15.5	
42.6	-112.4	32.8	52.4	
30.3	-50.9	37.7	62.3	
40.1	-28.7	79.5	50.0	
45.1	15.5	86.9	-9.1	
25.4	155.8	82.0	-38.6	
22.9	288.6	104.1	-33.7	
18.0	219.7	67.2	0.8	
25.4	64.7	64.7	67.2	
3.2	-26.3	8.2	64.7	
0.8	32.8	-33.7	25.4	
15.5	-33.7	-65.6	-1.7	
45.1	-23.8	-21.4	30.3	
42.6	-43.5	35.2	-6.6	
10.6	-102.5	62.3	-55.8	
15.5	113.9	40.1	-33.7	
42.6	136.1	30.3	-38.6	
22.9	18.0	30.3	-63.2	
30.3	15.5	32.8	-21.4	
54.9	-36.1	5.7	3.2	
50.0	35.2	-16.4	91.8	
77.0	72.1	-139.4	99.2	
64.7	13.1	-178.8	54.9	
18.0	-26.3	-176.3	62.3	
-26.3	-50.9	-139.4	52.4	
-58.3	-16.4	-68.1	5.7	
-38.6	22.9	30.3	-1.7	
-38.6	15.5	175.4	-36.1	
-41.0	143.5	94.3	-16.4	
-50.9	128.7	8.2	-21.4	
-48.4	94.3	-48.4	-11.5	
-33.7	148.4	18.0	-48.4	
-46.0	54.9	-6.6	-36.1	
-43.5	-9.1	22.9	-48.4	
-11.5	-1.7	148.4	-58.3	
35.2	40.1	79.5	-43.5	
42.6	10.6	-33.7	-9.1	
27.8	-68.1	-43.5	-41.0	
37.7	-132.1	-18.9	-33.7	
52.4	-41.0	20.5	20.5	
47.5	47.5	22.9	54.9	
54.9	67.2	67.2	67.2	
67.2	121.3	20.5	86.9	
69.7	86.9	-41.0	111.5	
57.4	45.1	-80.4	15.5	
27.8	89.3	-63.2	77.0	
20.5	187.7	-60.7	86.9	
-18.9	165.6	-43.5	-31.2	
-4.1	160.7	-21.4	-48.4	
-14.0	185.3	-14.0	-31.2	
-14.0	59.8	8.2	15.5	
-9.1	-1.7	106.6	37.7	
5.7	-48.4	94.3	25.4	
13.1	32.8	37.7	10.6	
27.8	200.0	-11.5	18.0	
37.7	190.2	-23.8	25.4	
27.8	91.8	22.9	67.2	
20.5	47.5	5.7	91.8	
37.7	67.2	-77.9	160.7	
50.0	30.3	-112.4	173.0	
52.4	-63.2	-16.4	182.8	
47.5	-65.6	59.8	170.5	
45.1	-9.1	59.8	86.9	
18.0	153.3	20.5	57.4	
-14.0	143.5	82.0	47.5	
-14.0	126.2	20.5	-80.4	
-9.1	266.5	-33.7	-100.1	
-1.7	37.7	22.9	-11.5	
10.6	-4.1	72.1	-63.2	
13.1	32.8	-55.8	-80.4	
18.0	-149.3	-151.7	20.5	
15.5	-124.7	-173.9	182.8	
10.6	-6.6	-178.8	224.6	
-9.1	-50.9	-119.8	126.2	
-6.6	-149.3	64.7	84.4	
3.2	-90.2	276.3	15.5	
-6.6	18.0	175.4	-95.2	
-6.6	-14.0	111.5	-237.8	
-4.1	-9.1	57.4	-188.6	
-6.6	32.8	69.7	-134.5	
-4.1	-31.2	27.8	-70.6	
0.8	-53.3	-11.5	-46.0	
18.0	-14.0	-31.2	-134.5	
10.6	-16.4	-38.6	-151.7	
15.5	10.6	-50.9	-43.5	
57.4	59.8	-4.1	54.9	
45.1	25.4	8.2	67.2	
37.7	32.8	50.0	72.1	
32.8	18.0	37.7	52.4	
15.5	18.0	0.8	-90.2	
45.1	37.7	-16.4	-188.6	
47.5	69.7	22.9	-146.8	
42.6	54.9	141.0	-11.5	
10.6	20.5	123.8	-60.7	
10.6	64.7	22.9	-117.3	
18.0	111.5	-16.4	-50.9	
32.8	121.3	-11.5	77.0	
-9.1	99.2	22.9	89.3	
25.4	67.2	-16.4	111.5	
27.8	18.0	-102.5	224.6	
-11.5	27.8	-107.5	288.6	
-9.1	54.9	-75.5	202.5	
25.4	8.2	-33.7	109.0	
25.4	-50.9	45.1	59.8	
5.7	-53.3	165.6	-14.0	
-43.5	-55.8	109.0	-178.8	
-14.0	-178.8	57.4	-139.4	
-6.6	54.9	-9.1	-109.9	
13.1	47.5	-26.3	-50.9	
25.4	-11.5	-26.3	-11.5	
20.5	126.2	8.2	-21.4	
27.8	278.8	-11.5	-16.4	
0.8	79.5	-21.4	18.0	
30.3	82.0	-41.0	-9.1	
47.5	99.2	-80.4	-112.4	
22.9	62.3	-151.7	-95.2	
8.2	82.0	-156.7	-107.5	
5.7	-18.9	-82.9	-171.4	
0.8	-4.1	-48.4	-159.1	
-18.9	-18.9	-9.1	-107.5	
-4.1	3.2	121.3	62.3	
-9.1	109.0	145.9	155.8	
-9.1	89.3	121.3	163.1	
5.7	35.2	45.1	121.3	
3.2	52.4	-6.6	0.8	
5.7	67.2	-21.4	27.8	
15.5	45.1	-6.6	89.3	
18.0	-41.0	-14.0	57.4	
32.8	96.7	-31.2	-43.5	
32.8	86.9	-33.7	-144.4	
40.1	-21.4	-82.9	-225.5	
50.0	-112.4	-208.3	-97.6	
27.8	-260.0	-196.0	-38.6	
8.2	-156.7	-114.8	-46.0	
0.8	-6.6	-85.3	-14.0	
-4.1	-46.0	42.6	15.5	
-1.7	-73.0	236.9	-4.1	
3.2	-31.2	229.6	-58.3	
15.5	-33.7	131.2	-46.0	
15.5	-21.4	96.7	-31.2	
15.5	72.1	69.7	-43.5	
13.1	79.5	57.4	-23.8	
22.9	126.2	27.8	18.0	
37.7	136.1	13.1	42.6	
35.2	109.0	-23.8	57.4	
27.8	86.9	-50.9	74.6	
5.7	64.7	-97.6	74.6	
3.2	40.1	-127.1	50.0	
-21.4	5.7	-100.1	18.0	
15.5	84.4	-124.7	50.0	
42.6	79.5	-28.7	64.7	
22.9	40.1	99.2	22.9	
37.7	67.2	170.5	-21.4	
45.1	57.4	126.2	35.2	
45.1	54.9	69.7	86.9	
32.8	37.7	99.2	64.7	
47.5	45.1	67.2	96.7	
37.7	3.2	22.9	165.6	
32.8	64.7	3.2	180.4	
15.5	62.3	5.7	192.7	
27.8	84.4	15.5	197.6	
25.4	109.0	3.2	229.6	
22.9	123.8	-87.8	153.3	
37.7	-53.3	-129.6	202.5	
22.9	3.2	-124.7	229.6	
20.5	113.9	-60.7	5.7	
25.4	-50.9	13.1	-328.9	
3.2	0.8	123.8	-412.5	
-6.6	47.5	67.2	-262.4	
5.7	0.8	20.5	-247.7	
30.3	-46.0	86.9	-299.3	
45.1	128.7	8.2	-220.6	
18.0	69.7	-18.9	-105.0	
-9.1	-31.2	-28.7	-50.9	
-26.3	-16.4	25.4	-41.0	
-4.1	-65.6	-18.9	-9.1	
-1.7	-73.0	-117.3	18.0	
-6.6	-80.4	-117.3	22.9	
-4.1	-18.9	-70.6	13.1	
-16.4	40.1	-41.0	25.4	
18.0	57.4	173.0	47.5	
47.5	42.6	197.6	54.9	
45.1	37.7	118.9	-63.2	
25.4	5.7	52.4	-100.1	
3.2	-31.2	-4.1	-43.5	
5.7	18.0	-77.9	-4.1	
5.7	86.9	-68.1	18.0	
-9.1	214.8	-70.6	47.5	
-4.1	40.1	-105.0	59.8	
-4.1	86.9	-161.6	64.7	
-4.1	72.1	-171.4	77.0	
-6.6	37.7	-149.3	77.0	
-1.7	-28.7	-82.9	89.3	
10.6	-33.7	40.1	42.6	
5.7	-11.5	170.5	-21.4	
27.8	-4.1	222.2	-38.6	
47.5	20.5	104.1	-48.4	
27.8	22.9	74.6	-41.0	
32.8	59.8	91.8	-1.7	
20.5	54.9	72.1	42.6	
27.8	40.1	25.4	40.1	
25.4	54.9	-33.7	13.1	
25.4	64.7	-21.4	59.8	
15.5	30.3	-16.4	77.0	
-1.7	42.6	-11.5	13.1	
-1.7	-41.0	0.8	67.2	
15.5	-21.4	52.4	121.3	
25.4	13.1	37.7	123.8	
32.8	-53.3	10.6	50.0	
27.8	69.7	-4.1	22.9	
30.3	224.6	3.2	-70.6	
27.8	69.7	-31.2	-107.5	
20.5	52.4	8.2	-205.9	
-4.1	69.7	-16.4	-127.1	
-4.1	62.3	-55.8	-70.6	
0.8	99.2	-95.2	15.5	
22.9	-6.6	-105.0	-4.1	
20.5	22.9	-43.5	-21.4	
15.5	-127.1	-33.7	5.7	
32.8	-73.0	-85.3	40.1	
32.8	47.5	5.7	30.3	
20.5	47.5	91.8	37.7	
13.1	99.2	18.0	20.5	
20.5	91.8	64.7	-4.1	
22.9	-6.6	133.6	18.0	
10.6	-102.5	133.6	42.6	
25.4	-137.0	84.4	22.9	
27.8	-28.7	18.0	25.4	
32.8	-16.4	-21.4	18.0	
32.8	-43.5	-46.0	32.8	
35.2	64.7	-80.4	52.4	
10.6	96.7	-75.5	54.9	
22.9	133.6	-65.6	35.2	
27.8	153.3	-9.1	32.8	
30.3	101.6	50.0	20.5	
20.5	96.7	37.7	22.9	
22.9	82.0	50.0	25.4	
25.4	116.4	79.5	40.1	
25.4	30.3	96.7	37.7	
30.3	52.4	64.7	15.5	
32.8	-82.9	13.1	20.5	
30.3	86.9	10.6	25.4	
20.5	195.1	-6.6	20.5	
35.2	281.2	-38.6	47.5	
22.9	96.7	-77.9	57.4	
18.0	84.4	-102.5	62.3	
22.9	-137.0	-75.5	30.3	
10.6	-107.5	-18.9	27.8	
3.2	-102.5	-9.1	37.7	
13.1	-36.1	32.8	-18.9	
22.9	50.0	96.7	-26.3	
22.9	15.5	121.3	5.7	
20.5	-119.8	37.7	42.6	
-6.6	-232.9	-6.6	30.3	
5.7	-85.3	-23.8	35.2	
0.8	165.6	13.1	40.1	
18.0	153.3	3.2	50.0	
20.5	42.6	-28.7	-14.0	
20.5	18.0	-18.9	-38.6	
22.9	-28.7	13.1	-28.7	
25.4	-38.6	52.4	-21.4	
27.8	82.0	64.7	0.8	
18.0	104.1	47.5	-1.7	
0.8	54.9	3.2	-1.7	
5.7	84.4	-28.7	5.7	
15.5	69.7	-50.9	-11.5	
20.5	50.0	-68.1	-1.7	
10.6	-1.7	-87.8	-18.9	
18.0	96.7	-28.7	15.5	
18.0	136.1	27.8	35.2	
25.4	133.6	42.6	0.8	
37.7	118.9	47.5	-11.5	
35.2	-11.5	47.5	15.5	
30.3	-100.1	45.1	27.8	
27.8	-171.4	27.8	20.5	
35.2	-90.2	62.3	15.5	
5.7	-43.5	54.9	13.1	
-9.1	35.2	25.4	15.5	
-9.1	22.9	-9.1	32.8	
8.2	-11.5	-18.9	25.4	
8.2	-9.1	-14.0	15.5	
13.1	89.3	-11.5	15.5	
10.6	126.2	-21.4	22.9	
20.5	27.8	-11.5	20.5	
30.3	-55.8	-33.7	10.6	
15.5	-43.5	-11.5	8.2	
25.4	-36.1	-36.1	5.7	
25.4	155.8	0.8	8.2	
25.4	195.1	20.5	10.6	
22.9	150.8	-1.7	5.7	
27.8	209.9	-23.8	0.8	
30.3	143.5	8.2	-1.7	
22.9	126.2	15.5	-18.9	
22.9	-48.4	42.6	-1.7	
18.0	-134.5	32.8	-4.1	
20.5	-141.9	15.5	-6.6	
20.5	-213.2	20.5	5.7	
27.8	-46.0	10.6	22.9	
25.4	153.3	13.1	15.5	
25.4	143.5	52.4	13.1	
13.1	109.0	52.4	35.2	
15.5	59.8	42.6	35.2	
18.0	8.2	30.3	3.2	
25.4	40.1	22.9	-21.4	
32.8	82.0	35.2	-16.4	
27.8	121.3	30.3	-9.1	
22.9	69.7	22.9	3.2	
27.8	116.4	20.5	-1.7	
27.8	-6.6	8.2	10.6	
32.8	106.6	0.8	22.9	
32.8	148.4	8.2	30.3	
35.2	-1.7	-11.5	10.6	
42.6	59.8	-1.7	22.9	
35.2	15.5	0.8	27.8	
30.3	8.2	-6.6	0.8	
22.9	-100.1	-4.1	-16.4	
18.0	-80.4	-9.1	-21.4	
8.2	109.0	-4.1	-4.1	
15.5	227.1	-1.7	-23.8	
0.8	25.4	3.2	-21.4	
-6.6	-43.5	-6.6	5.7	
10.6	-46.0	3.2	22.9	
5.7	-50.9	15.5	13.1	
15.5	13.1	59.8	18.0	
13.1	30.3	50.0	10.6	
27.8	-21.4	25.4	5.7	
27.8	0.8	8.2	0.8	
30.3	20.5	18.0	15.5	
22.9	-60.7	5.7	27.8	
32.8	-92.7	5.7	-14.0	
35.2	-95.2	-14.0	-9.1	
32.8	64.7	-16.4	10.6	
25.4	-6.6	-14.0	10.6	
20.5	20.5	-6.6	-11.5	
22.9	229.6	-21.4	-14.0	
27.8	180.4	-4.1	-16.4	
22.9	116.4	8.2	-1.7	
30.3	123.8	5.7	-11.5	
8.2	104.1	5.7	-14.0	
10.6	47.5	5.7	-11.5	
10.6	52.4	-4.1	8.2	
5.7	0.8	3.2	-11.5	
13.1	32.8	40.1	-6.6	
15.5	27.8	67.2	-4.1	
18.0	45.1	25.4	3.2	
27.8	195.1	27.8	10.6	
30.3	136.1	22.9	-4.1	
27.8	-198.5	3.2	0.8	
5.7	-144.4	-26.3	10.6	
3.2	-65.6	-23.8	8.2	
5.7	121.3	-21.4	-9.1	
3.2	118.9	5.7	13.1	
3.2	126.2	-14.0	27.8	
13.1	-70.6	-4.1	-6.6	
30.3	-137.0	-4.1	-38.6	
27.8	-80.4	-9.1	-31.2	
37.7	40.1	8.2	5.7	
40.1	-21.4	-16.4	20.5	
37.7	-28.7	-23.8	27.8	
27.8	121.3	-6.6	15.5	
20.5	15.5	-18.9	15.5	
3.2	64.7	-14.0	8.2	
-9.1	182.8	-36.1	-6.6	
10.6	45.1	-41.0	-14.0	
5.7	-41.0	-26.3	0.8	
3.2	40.1	-21.4	-1.7	
8.2	18.0	18.0	-14.0	
0.8	35.2	25.4	18.0	
18.0	-70.6	5.7	-4.1	
22.9	-41.0	18.0	0.8	
32.8	37.7	20.5	8.2	
35.2	99.2	35.2	10.6	
25.4	182.8	30.3	-6.6	
18.0	431.3	20.5	-21.4	
32.8	195.1	22.9	8.2	
25.4	8.2	0.8	25.4	
18.0	64.7	-16.4	40.1	
5.7	-21.4	-18.9	67.2	
-14.0	-77.9	-28.7	67.2	
-6.6	62.3	-9.1	118.9	
-11.5	64.7	-9.1	86.9	
3.2	-134.5	-6.6	57.4	
13.1	-65.6	22.9	0.8	
18.0	22.9	-1.7	-43.5	
20.5	143.5	-11.5	-119.8	
20.5	180.4	-4.1	-60.7	
18.0	-28.7	-18.9	-60.7	
20.5	3.2	-14.0	-53.3	
18.0	45.1	-11.5	-43.5	
22.9	69.7	-4.1	-33.7	
27.8	-77.9	-16.4	-63.2	
25.4	123.8	5.7	-38.6	
35.2	121.3	-9.1	-4.1	
30.3	94.3	0.8	50.0	
27.8	40.1	-21.4	42.6	
15.5	-36.1	10.6	22.9	
22.9	-85.3	-1.7	22.9	
15.5	-235.4	-6.6	35.2	
15.5	-92.7	13.1	40.1	
22.9	148.4	30.3	30.3	
22.9	62.3	37.7	5.7	
37.7	84.4	13.1	15.5	
30.3	-55.8	-11.5	-31.2	
15.5	-36.1	-14.0	-41.0	
-6.6	89.3	20.5	-14.0	
-4.1	62.3	47.5	0.8	
22.9	239.4	37.7	-6.6	
35.2	384.5	32.8	5.7	
40.1	419.0	13.1	0.8	
22.9	195.1	0.8	3.2	
27.8	-31.2	18.0	-1.7	
20.5	-36.1	13.1	0.8	
18.0	54.9	-11.5	0.8	
-6.6	-250.1	-16.4	0.8	
5.7	-378.1	-31.2	13.1	
-11.5	-321.5	-33.7	18.0	
3.2	-70.6	-28.7	13.1	
-11.5	-9.1	-33.7	13.1	
-18.9	-41.0	-18.9	0.8	
8.2	-112.4	10.6	0.8	
0.8	-95.2	20.5	-1.7	
-1.7	13.1	20.5	-6.6	
5.7	232.0	37.7	-1.7	
-6.6	281.2	67.2	3.2	
3.2	123.8	82.0	3.2	
0.8	118.9	64.7	0.8	
13.1	126.2	25.4	0.8	
22.9	62.3	-4.1	3.2	
20.5	45.1	-16.4	-1.7	
25.4	244.3	-48.4	-4.1	
42.6	232.0	-26.3	10.6	
45.1	82.0	-23.8	0.8	
45.1	-146.8	-16.4	3.2	
32.8	-26.3	-26.3	10.6	
25.4	-299.3	-11.5	3.2	
15.5	-232.9	-14.0	15.5	
32.8	45.1	3.2	15.5	
8.2	254.2	-9.1	13.1	
0.8	259.1	-4.1	0.8	
0.8	133.6	5.7	5.7	
-16.4	-55.8	5.7	0.8	
-1.7	-109.9	8.2	-4.1	
10.6	-225.5	5.7	3.2	
5.7	-240.3	-18.9	3.2	
8.2	-14.0	-36.1	10.6	
15.5	357.5	-21.4	0.8	
13.1	325.5	-26.3	0.8	
15.5	104.1	-16.4	-11.5	
8.2	182.8	8.2	10.6	
-14.0	20.5	8.2	5.7	
-6.6	-274.7	-1.7	3.2	
-1.7	-63.2	15.5	13.1	
3.2	-6.6	-6.6	5.7	
-6.6	25.4	5.7	8.2	
0.8	0.8	5.7	20.5	
8.2	-23.8	-4.1	15.5	
20.5	106.6	-6.6	13.1	
8.2	99.2	32.8	-1.7	
13.1	13.1	42.6	0.8	
8.2	67.2	22.9	8.2	
22.9	163.1	8.2	3.2	
22.9	25.4	35.2	13.1	
20.5	74.6	27.8	13.1	
22.9	3.2	5.7	0.8	
25.4	-97.6	-21.4	15.5	
35.2	86.9	-11.5	10.6	
8.2	-23.8	-11.5	0.8	
5.7	-87.8	-33.7	15.5	
-1.7	101.6	-46.0	22.9	
18.0	293.5	-4.1	8.2	
20.5	411.6	47.5	13.1	
25.4	182.8	42.6	10.6	
32.8	207.4	30.3	-1.7	
35.2	145.9	5.7	10.6	
37.7	30.3	-9.1	-4.1	
22.9	-23.8	-21.4	-4.1	
22.9	69.7	-4.1	-1.7	
22.9	-235.4	-14.0	10.6	
25.4	-119.8	-11.5	8.2	
8.2	-203.4	-11.5	-1.7	
-1.7	-137.0	10.6	0.8	
-6.6	-156.7	18.0	-16.4	
20.5	-213.2	30.3	-11.5	
8.2	-156.7	54.9	-1.7	
5.7	222.2	47.5	-1.7	
18.0	276.3	57.4	0.8	
32.8	244.3	27.8	3.2	
15.5	99.2	0.8	8.2	
32.8	138.5	-9.1	0.8	
37.7	207.4	0.8	8.2	
25.4	219.7	-9.1	5.7	
30.3	-28.7	-6.6	-4.1	
25.4	-383.0	0.8	3.2	
22.9	-171.4	10.6	-11.5	
25.4	-16.4	25.4	-6.6	
27.8	-63.2	72.1	0.8	
18.0	-4.1	72.1	5.7	
20.5	101.6	77.0	-1.7	
47.5	82.0	42.6	3.2	
35.2	79.5	8.2	0.8	
32.8	86.9	-21.4	8.2	
20.5	111.5	13.1	-1.7	
15.5	259.1	18.0	-1.7	
5.7	82.0	30.3	-1.7	
-9.1	-75.5	45.1	3.2	
-4.1	-70.6	20.5	-1.7	
-9.1	-58.3	42.6	3.2	
-18.9	173.0	37.7	-9.1	
-18.9	20.5	3.2	-1.7	
-1.7	-28.7	-9.1	3.2	
20.5	35.2	-1.7	5.7	
15.5	40.1	18.0	3.2	
8.2	209.9	15.5	5.7	
15.5	293.5	22.9	-6.6	
20.5	190.2	40.1	-6.6	
27.8	45.1	59.8	-6.6	
30.3	-124.7	47.5	8.2	
20.5	-65.6	18.0	8.2	
30.3	-149.3	10.6	-1.7	
35.2	-292.0	3.2	8.2	
18.0	13.1	15.5	-9.1	
18.0	232.0	30.3	-4.1	
3.2	-11.5	47.5	8.2	
3.2	-124.7	54.9	0.8	
18.0	-198.5	57.4	-9.1	
13.1	-122.2	37.7	-14.0	
3.2	-36.1	25.4	-9.1	
13.1	62.3	50.0	3.2	
35.2	79.5	27.8	0.8	
40.1	136.1	27.8	-1.7	
32.8	182.8	27.8	-6.6	
22.9	64.7	25.4	-6.6	
22.9	96.7	20.5	-1.7	
18.0	74.6	20.5	15.5	
3.2	-4.1	10.6	5.7	
13.1	13.1	3.2	18.0	
5.7	168.1	-6.6	18.0	
3.2	160.7	0.8	5.7	
-1.7	94.3	10.6	3.2	
5.7	47.5	18.0	-14.0	
-9.1	-68.1	25.4	-4.1	
13.1	-97.6	42.6	0.8	
20.5	-36.1	42.6	-1.7	
27.8	96.7	35.2	5.7	
32.8	32.8	37.7	0.8	
22.9	111.5	40.1	3.2	
40.1	99.2	64.7	-4.1	
27.8	77.0	77.0	-1.7	
0.8	-43.5	62.3	-11.5	
-4.1	40.1	-6.6	8.2	
5.7	45.1	-23.8	3.2	
0.8	86.9	15.5	-9.1	
-1.7	45.1	-1.7	-18.9	
0.8	62.3	-53.3	3.2	
3.2	22.9	-14.0	0.8	
5.7	10.6	52.4	0.8	
-4.1	195.1	67.2	0.8	
5.7	372.2	35.2	3.2	
0.8	229.6	54.9	-14.0	
-4.1	138.5	45.1	-14.0	
10.6	35.2	47.5	-14.0	
3.2	-141.9	27.8	-11.5	
5.7	-218.2	30.3	-11.5	
0.8	-16.4	42.6	-11.5	
10.6	94.3	27.8	-11.5	
35.2	10.6	22.9	-1.7	
27.8	0.8	22.9	-6.6	
27.8	-31.2	40.1	-6.6	
27.8	-119.8	32.8	0.8	
37.7	-97.6	-11.5	-14.0	
42.6	-252.6	-4.1	-11.5	
30.3	-109.9	-9.1	-14.0	
15.5	-21.4	-4.1	-6.6	
22.9	-105.0	8.2	-4.1	
22.9	-33.7	-6.6	-4.1	
15.5	99.2	-1.7	-9.1	
3.2	158.2	-4.1	-6.6	
15.5	94.3	0.8	5.7	
13.1	59.8	18.0	0.8	
8.2	101.6	32.8	0.8	
13.1	54.9	42.6	-9.1	
18.0	82.0	27.8	3.2	
35.2	30.3	13.1	-4.1	
20.5	32.8	35.2	-9.1	
8.2	-60.7	25.4	0.8	
-1.7	-65.6	18.0	-1.7	
-1.7	-58.3	25.4	-4.1	
18.0	-9.1	27.8	-9.1	
-1.7	-1.7	47.5	-4.1	
-4.1	10.6	27.8	0.8	
-11.5	52.4	13.1	10.6	
-21.4	8.2	-6.6	-4.1	
-16.4	-11.5	-26.3	-14.0	
5.7	30.3	-43.5	-11.5	
-1.7	101.6	-14.0	-6.6	
3.2	158.2	0.8	-16.4	
-4.1	133.6	-4.1	-6.6	
-1.7	145.9	-23.8	3.2	
-6.6	101.6	-9.1	-1.7	
-1.7	15.5	0.8	-9.1	
-11.5	18.0	-9.1	0.8	
-4.1	-90.2	0.8	-11.5	
-6.6	-210.8	15.5	13.1	
3.2	-63.2	15.5	5.7	
-4.1	-11.5	10.6	3.2	
-1.7	-43.5	-21.4	3.2	
20.5	168.1	-26.3	0.8	
25.4	190.2	-14.0	3.2	
25.4	133.6	27.8	3.2	
35.2	52.4	32.8	3.2	
54.9	126.2	5.7	0.8	
64.7	212.3	-21.4	5.7	
37.7	219.7	-26.3	5.7	
27.8	175.4	-26.3	5.7	
27.8	153.3	-28.7	-4.1	
15.5	128.7	-23.8	0.8	
18.0	106.6	-9.1	-6.6	
10.6	77.0	0.8	0.8	
8.2	32.8	5.7	13.1	
8.2	138.5	42.6	5.7	
5.7	168.1	40.1	-11.5	
0.8	207.4	27.8	-4.1	
-4.1	35.2	-9.1	-6.6	
-9.1	54.9	-31.2	-6.6	
-11.5	64.7	-1.7	-4.1	
-9.1	47.5	42.6	8.2	
3.2	77.0	59.8	3.2	
3.2	-97.6	72.1	3.2	
-1.7	-346.1	64.7	-4.1	
13.1	-252.6	42.6	3.2	
40.1	-65.6	27.8	3.2	
27.8	3.2	-9.1	15.5	
35.2	35.2	-41.0	-6.6	
37.7	82.0	-46.0	-6.6	
20.5	20.5	-41.0	-9.1	
10.6	-132.1	-21.4	-6.6	
3.2	0.8	-4.1	10.6	
0.8	99.2	-11.5	8.2	
8.2	50.0	3.2	0.8	
-1.7	30.3	13.1	-1.7	
-14.0	-28.7	8.2	10.6	
3.2	69.7	52.4	8.2	
25.4	-41.0	57.4	-14.0	
5.7	45.1	22.9	-9.1	
32.8	217.3	10.6	-14.0	
40.1	116.4	8.2	-14.0	
18.0	-31.2	-6.6	-1.7	
25.4	-82.9	18.0	-9.1	
5.7	37.7	30.3	-14.0	
27.8	-1.7	8.2	-6.6	
27.8	82.0	0.8	-14.0	
20.5	50.0	3.2	0.8	
8.2	10.6	0.8	-18.9	
0.8	-41.0	-1.7	-1.7	
0.8	-53.3	-4.1	3.2	
-11.5	-55.8	-4.1	3.2	
-14.0	-21.4	-11.5	-4.1	
-18.9	5.7	-1.7	0.8	
0.8	8.2	8.2	-9.1	
45.1	69.7	18.0	0.8	
40.1	50.0	22.9	-4.1	
37.7	84.4	25.4	8.2	
45.1	-6.6	13.1	0.8	
35.2	74.6	5.7	-1.7	
25.4	30.3	8.2	8.2	
25.4	-90.2	-9.1	0.8	
0.8	-16.4	-6.6	8.2	
-14.0	0.8	15.5	10.6	
-26.3	52.4	20.5	0.8	
-26.3	150.8	-1.7	3.2	
-18.9	236.9	-16.4	0.8	
-18.9	145.9	-26.3	5.7	
20.5	-26.3	-23.8	-4.1	
37.7	-73.0	-4.1	3.2	
30.3	-80.4	5.7	10.6	
30.3	10.6	8.2	13.1	
30.3	67.2	-1.7	10.6	
30.3	54.9	8.2	20.5	
37.7	148.4	10.6	25.4	
32.8	126.2	27.8	8.2	
10.6	150.8	42.6	3.2	
20.5	91.8	27.8	-16.4	
22.9	15.5	32.8	5.7	
22.9	18.0	30.3	10.6	
30.3	-68.1	13.1	-14.0	
22.9	-28.7	-1.7	-14.0	
13.1	-92.7	8.2	-16.4	
27.8	-100.1	-4.1	0.8	
8.2	-87.8	-6.6	0.8	
-1.7	-53.3	0.8	-9.1	
-16.4	-31.2	-18.9	-4.1	
-31.2	30.3	-21.4	-4.1	
-33.7	-9.1	10.6	-9.1	
-21.4	-28.7	20.5	-9.1	
-11.5	64.7	45.1	15.5	
13.1	94.3	20.5	32.8	
54.9	79.5	10.6	35.2	
54.9	116.4	20.5	32.8	
18.0	72.1	40.1	22.9	
8.2	25.4	8.2	25.4	
-26.3	-95.2	-4.1	32.8	
-33.7	-151.7	-14.0	-4.1	
-1.7	-97.6	-21.4	-6.6	
20.5	163.1	-11.5	0.8	
35.2	158.2	-9.1	-11.5	
54.9	190.2	10.6	-38.6	
40.1	133.6	32.8	-28.7	
18.0	27.8	32.8	-18.9	
3.2	-4.1	5.7	5.7	
-4.1	-60.7	5.7	-1.7	
-4.1	15.5	15.5	-11.5	
8.2	27.8	5.7	-14.0	
-4.1	96.7	3.2	3.2	
-18.9	101.6	27.8	8.2	
-6.6	96.7	22.9	15.5	
-18.9	40.1	30.3	15.5	
-31.2	10.6	32.8	22.9	
37.7	-21.4	32.8	15.5	
30.3	-28.7	18.0	5.7	
25.4	10.6	-1.7	0.8	
18.0	-36.1	0.8	3.2	
40.1	20.5	-4.1	18.0	
42.6	-1.7	-9.1	10.6	
32.8	20.5	-1.7	8.2	
27.8	10.6	13.1	25.4	
-11.5	20.5	13.1	37.7	
-1.7	86.9	8.2	10.6	
-21.4	84.4	15.5	5.7	
-11.5	96.7	8.2	8.2	
3.2	18.0	3.2	13.1	
25.4	-50.9	0.8	30.3	
35.2	-80.4	8.2	27.8	
30.3	-41.0	13.1	27.8	
13.1	25.4	-6.6	18.0	
3.2	50.0	5.7	13.1	
25.4	177.9	8.2	18.0	
15.5	96.7	3.2	30.3	
27.8	96.7	37.7	10.6	
27.8	89.3	18.0	-11.5	
20.5	106.6	-18.9	-4.1	
47.5	106.6	-11.5	-16.4	
37.7	-36.1	-21.4	5.7	
20.5	-33.7	-14.0	25.4	
-4.1	3.2	-11.5	10.6	
-14.0	3.2	0.8	8.2	
-16.4	32.8	-4.1	15.5	
-21.4	101.6	15.5	22.9	
-18.9	96.7	45.1	8.2	
22.9	-58.3	52.4	-4.1	
45.1	18.0	32.8	13.1	
37.7	47.5	47.5	-1.7	
22.9	0.8	27.8	8.2	
42.6	109.0	-1.7	47.5	
20.5	74.6	22.9	64.7	
15.5	52.4	25.4	22.9	
8.2	-26.3	5.7	-6.6	
-4.1	3.2	8.2	0.8	
35.2	35.2	8.2	-4.1	
30.3	20.5	13.1	-9.1	
5.7	-112.4	5.7	0.8	
-18.9	-112.4	-9.1	5.7	
-14.0	-117.3	-4.1	8.2	
-23.8	-46.0	-4.1	8.2	
0.8	59.8	-1.7	-1.7	
5.7	123.8	-14.0	22.9	
-4.1	113.9	30.3	8.2	
20.5	27.8	57.4	27.8	
18.0	59.8	20.5	47.5	
22.9	91.8	-4.1	40.1	
22.9	96.7	-6.6	45.1	
30.3	18.0	-4.1	74.6	
32.8	94.3	0.8	37.7	
77.0	-28.7	15.5	52.4	
40.1	42.6	18.0	74.6	
37.7	64.7	8.2	64.7	
15.5	27.8	20.5	10.6	
3.2	27.8	25.4	30.3	
3.2	99.2	27.8	50.0	
18.0	77.0	27.8	62.3	
37.7	-11.5	3.2	74.6	
40.1	52.4	-9.1	42.6	
52.4	-65.6	-23.8	22.9	
18.0	-112.4	-43.5	42.6	
0.8	-23.8	-46.0	42.6	
-6.6	37.7	-31.2	32.8	
-38.6	32.8	30.3	32.8	
-28.7	27.8	32.8	50.0	
8.2	0.8	57.4	52.4	
0.8	37.7	25.4	42.6	
13.1	47.5	5.7	57.4	
10.6	22.9	-28.7	45.1	
-4.1	42.6	-36.1	40.1	
-16.4	37.7	-28.7	42.6	
-1.7	-26.3	18.0	37.7	
10.6	15.5	15.5	25.4	
15.5	37.7	3.2	32.8	
13.1	82.0	-4.1	18.0	
13.1	64.7	-1.7	22.9	
5.7	99.2	-4.1	20.5	
3.2	20.5	3.2	30.3	
15.5	-14.0	-1.7	42.6	
27.8	-50.9	22.9	32.8	
22.9	13.1	18.0	22.9	
18.0	72.1	32.8	35.2	
25.4	47.5	37.7	25.4	
32.8	20.5	27.8	32.8	
45.1	10.6	3.2	20.5	
32.8	-21.4	-14.0	27.8	
5.7	-9.1	-1.7	30.3	
-16.4	0.8	3.2	27.8	
-9.1	30.3	3.2	20.5	
-9.1	22.9	8.2	22.9	
-23.8	-77.9	-11.5	8.2	
-6.6	-28.7	-60.7	-1.7	
-11.5	-41.0	-31.2	0.8	
25.4	94.3	15.5	3.2	
8.2	138.5	20.5	10.6	
40.1	37.7	50.0	-4.1	
37.7	15.5	13.1	5.7	
30.3	54.9	-16.4	8.2	
25.4	77.0	-36.1	18.0	
30.3	128.7	-26.3	20.5	
15.5	-9.1	22.9	20.5	
-16.4	54.9	42.6	25.4	
-33.7	104.1	25.4	20.5	
-16.4	54.9	20.5	27.8	
-18.9	-43.5	5.7	-11.5	
-33.7	74.6	-6.6	-58.3	
-21.4	30.3	-28.7	-31.2	
59.8	-73.0	-14.0	5.7	
79.5	8.2	-6.6	3.2	
18.0	-18.9	15.5	5.7	
32.8	20.5	-6.6	-9.1	
59.8	42.6	13.1	-1.7	
54.9	47.5	32.8	-9.1	
35.2	67.2	37.7	10.6	
25.4	47.5	42.6	3.2	
32.8	27.8	10.6	-1.7	
32.8	3.2	-6.6	-6.6	
30.3	18.0	3.2	-6.6	
25.4	37.7	8.2	8.2	
15.5	35.2	-1.7	-6.6	
15.5	32.8	8.2	-4.1	
25.4	22.9	18.0	-1.7	
37.7	30.3	15.5	8.2	
42.6	8.2	18.0	15.5	
5.7	35.2	-11.5	27.8	
10.6	77.0	-11.5	15.5	
-1.7	13.1	-14.0	20.5	
-4.1	13.1	-11.5	22.9	
32.8	37.7	-6.6	18.0	
30.3	-1.7	-4.1	0.8	
5.7	30.3	-14.0	-28.7	
-1.7	96.7	-23.8	-41.0	
-18.9	45.1	-11.5	-55.8	
-28.7	30.3	-26.3	-58.3	
-18.9	27.8	-33.7	-21.4	
-18.9	59.8	-21.4	5.7	
-4.1	77.0	25.4	-21.4	
27.8	45.1	35.2	-28.7	
77.0	25.4	30.3	-4.1	
50.0	57.4	57.4	10.6	
25.4	54.9	40.1	8.2	
25.4	79.5	-1.7	-4.1	
20.5	67.2	-6.6	0.8	
35.2	57.4	5.7	5.7	
20.5	50.0	-4.1	10.6	
8.2	47.5	-14.0	3.2	
0.8	22.9	-4.1	-4.1	
0.8	42.6	-9.1	-14.0	
13.1	-11.5	3.2	-11.5	
42.6	-60.7	0.8	0.8	
27.8	0.8	-14.0	-1.7	
30.3	50.0	-4.1	-11.5	
35.2	64.7	-21.4	0.8	
22.9	13.1	5.7	-6.6	
8.2	27.8	-9.1	-1.7	
-11.5	-16.4	15.5	13.1	
-11.5	3.2	3.2	13.1	
-11.5	13.1	-28.7	3.2	
15.5	37.7	-23.8	-18.9	
20.5	50.0	3.2	0.8	
13.1	42.6	10.6	-14.0	
5.7	59.8	27.8	-4.1	
15.5	52.4	37.7	0.8	
25.4	50.0	77.0	10.6	
42.6	5.7	62.3	-4.1	
30.3	-36.1	32.8	8.2	
27.8	5.7	3.2	3.2	
8.2	54.9	-1.7	-9.1	
-4.1	57.4	15.5	-11.5	
3.2	45.1	5.7	-6.6	
10.6	20.5	-6.6	-6.6	
42.6	32.8	-4.1	-6.6	
37.7	45.1	5.7	-1.7	
37.7	5.7	10.6	-1.7	
32.8	22.9	13.1	-1.7	
30.3	30.3	15.5	5.7	
13.1	35.2	8.2	5.7	
32.8	57.4	-11.5	-9.1	
18.0	52.4	-18.9	-28.7	
13.1	47.5	-6.6	-26.3	
13.1	40.1	-4.1	-23.8	
18.0	47.5	-9.1	-1.7	
30.3	47.5	-14.0	10.6	
45.1	22.9	-16.4	22.9	
57.4	45.1	-1.7	35.2	
47.5	10.6	-9.1	18.0	
50.0	-1.7	-4.1	10.6	
30.3	72.1	-4.1	10.6	
20.5	79.5	25.4	-9.1	
3.2	22.9	10.6	0.8	
-14.0	25.4	5.7	18.0	
-9.1	64.7	10.6	10.6	
3.2	82.0	18.0	18.0	
-4.1	47.5	10.6	20.5	
0.8	52.4	0.8	8.2	
-4.1	94.3	8.2	8.2	
5.7	8.2	0.8	-1.7	
5.7	-73.0	-11.5	-1.7	
15.5	-105.0	-23.8	0.8	
35.2	-21.4	-23.8	8.2	
52.4	89.3	-23.8	8.2	
35.2	69.7	-21.4	3.2	
35.2	22.9	-16.4	-1.7	
18.0	69.7	37.7	-11.5	
0.8	82.0	27.8	-4.1	
-1.7	-68.1	15.5	-31.2	
-4.1	-124.7	20.5	-31.2	
-9.1	-55.8	3.2	-14.0	
3.2	-21.4	3.2	0.8	
5.7	67.2	-11.5	-4.1	
8.2	64.7	-16.4	3.2	
18.0	69.7	-9.1	-1.7	
15.5	64.7	30.3	-1.7	
5.7	37.7	45.1	3.2	
20.5	57.4	30.3	-9.1	
30.3	69.7	-4.1	-23.8	
18.0	15.5	8.2	-4.1	
25.4	-28.7	-1.7	18.0	
32.8	-4.1	-1.7	25.4	
27.8	3.2	8.2	-4.1	
25.4	13.1	15.5	8.2	
27.8	27.8	15.5	20.5	
25.4	35.2	0.8	42.6	
8.2	42.6	-1.7	69.7	
18.0	15.5	8.2	18.0	
25.4	32.8	0.8	-14.0	
18.0	25.4	-1.7	3.2	
20.5	35.2	-9.1	22.9	
25.4	30.3	-16.4	18.0	
27.8	22.9	0.8	20.5	
22.9	18.0	10.6	-77.9	
13.1	35.2	5.7	-63.2	
13.1	45.1	-26.3	-23.8	
18.0	40.1	-16.4	-9.1	
22.9	30.3	-14.0	-11.5	
25.4	59.8	0.8	-16.4	
32.8	74.6	8.2	-1.7	
25.4	27.8	67.2	5.7	
20.5	3.2	72.1	18.0	
18.0	32.8	54.9	3.2	
20.5	40.1	18.0	10.6	
27.8	40.1	20.5	15.5	
27.8	57.4	18.0	-4.1	
22.9	32.8	5.7	10.6	
15.5	-6.6	-11.5	-1.7	
25.4	-11.5	-4.1	8.2	
25.4	22.9	-9.1	-6.6	
25.4	27.8	3.2	0.8	
20.5	37.7	0.8	-26.3	
25.4	30.3	0.8	-33.7	
37.7	30.3	-1.7	-21.4	
32.8	22.9	-6.6	15.5	
18.0	22.9	10.6	15.5	
30.3	-9.1	3.2	3.2	
18.0	5.7	8.2	-4.1	
18.0	-11.5	15.5	8.2	
8.2	-6.6	35.2	18.0	
3.2	30.3	15.5	22.9	
13.1	32.8	8.2	27.8	
30.3	30.3	5.7	57.4	
37.7	27.8	-1.7	45.1	
30.3	35.2	10.6	-4.1	
37.7	30.3	5.7	-9.1	
35.2	13.1	-11.5	-16.4	
3.2	40.1	3.2	-9.1	
5.7	35.2	3.2	-4.1	
5.7	25.4	8.2	0.8	
22.9	20.5	10.6	-1.7	
0.8	18.0	-6.6	8.2	
-4.1	15.5	-21.4	15.5	
-1.7	27.8	-9.1	8.2	
8.2	27.8	-9.1	-9.1	
3.2	27.8	8.2	-14.0	
3.2	8.2	30.3	-14.0	
5.7	22.9	15.5	-16.4	
-4.1	54.9	18.0	22.9	
15.5	50.0	10.6	27.8	
18.0	32.8	-1.7	30.3	
18.0	47.5	10.6	30.3	
20.5	37.7	-6.6	5.7	
32.8	18.0	5.7	15.5	
15.5	0.8	-18.9	42.6	
20.5	18.0	-4.1	42.6	
13.1	54.9	5.7	22.9	
25.4	52.4	0.8	10.6	
35.2	18.0	3.2	-31.2	
25.4	27.8	0.8	-14.0	
37.7	18.0	15.5	-9.1	
27.8	8.2	18.0	-1.7	
18.0	-4.1	18.0	8.2	
15.5	-4.1	18.0	-9.1	
8.2	18.0	15.5	-14.0	
8.2	30.3	15.5	-6.6	
13.1	27.8	3.2	-4.1	
5.7	40.1	-1.7	-1.7	
10.6	42.6	-6.6	0.8	
5.7	45.1	-18.9	5.7	
22.9	27.8	-11.5	-9.1	
10.6	10.6	5.7	-4.1	
13.1	-4.1	18.0	0.8	
22.9	35.2	8.2	3.2	
27.8	50.0	-18.9	5.7	
5.7	8.2	-14.0	5.7	
-4.1	-9.1	22.9	10.6	
-1.7	47.5	22.9	3.2	
15.5	30.3	-23.8	-1.7	
5.7	40.1	-26.3	3.2	
0.8	37.7	-9.1	3.2	
8.2	8.2	-16.4	15.5	
-1.7	18.0	-4.1	13.1	
-1.7	30.3	-9.1	5.7	
15.5	47.5	-14.0	15.5	
27.8	57.4	15.5	15.5	
13.1	42.6	25.4	5.7	
22.9	45.1	27.8	3.2	
22.9	30.3	35.2	8.2	
20.5	-4.1	54.9	5.7	
22.9	-50.9	32.8	8.2	
22.9	-23.8	15.5	0.8	
27.8	-4.1	0.8	18.0	
18.0	-1.7	0.8	42.6	
8.2	20.5	-6.6	27.8	
25.4	35.2	10.6	27.8	
27.8	27.8	-4.1	25.4	
25.4	25.4	-11.5	10.6	
27.8	15.5	-4.1	15.5	
27.8	27.8	-1.7	8.2	
30.3	62.3	-6.6	13.1	
27.8	121.3	0.8	15.5	
10.6	69.7	-6.6	10.6	
8.2	40.1	-4.1	-16.4	
8.2	0.8	5.7	-6.6	
25.4	3.2	8.2	-9.1	
25.4	50.0	0.8	-9.1	
27.8	18.0	10.6	-6.6	
30.3	22.9	0.8	-9.1	
32.8	54.9	5.7	18.0	
25.4	69.7	13.1	0.8	
5.7	57.4	18.0	-6.6	
-9.1	52.4	8.2	18.0	
-1.7	64.7	-4.1	32.8	
0.8	3.2	-1.7	8.2	
15.5	-16.4	-11.5	-1.7	
22.9	-26.3	-14.0	30.3	
30.3	-41.0	-9.1	5.7	
45.1	-14.0	-9.1	-16.4	
27.8	-16.4	-4.1	-9.1	
30.3	-21.4	0.8	-1.7	
18.0	0.8	-1.7	0.8	
22.9	-11.5	0.8	-1.7	
8.2	20.5	-1.7	-4.1	
10.6	3.2	5.7	-14.0	
15.5	15.5	-1.7	-11.5	
20.5	20.5	-9.1	-18.9	
8.2	37.7	5.7	-23.8	
3.2	-9.1	-11.5	-1.7	
-11.5	-6.6	0.8	-26.3	
-9.1	-9.1	8.2	-6.6	
-6.6	10.6	8.2	15.5	
-6.6	42.6	3.2	25.4	
0.8	67.2	-1.7	30.3	
0.8	94.3	-4.1	20.5	
-11.5	72.1	-6.6	-31.2	
-14.0	64.7	-14.0	-21.4	
-1.7	52.4	-18.9	-1.7	
22.9	35.2	-6.6	3.2	
22.9	18.0	13.1	13.1	
37.7	-95.2	30.3	15.5	
35.2	-82.9	25.4	-16.4	
35.2	-31.2	13.1	-23.8	
32.8	5.7	8.2	18.0	
25.4	20.5	-4.1	52.4	
27.8	30.3	-1.7	10.6	
18.0	25.4	-4.1	-4.1	
20.5	20.5	-4.1	-14.0	
13.1	18.0	-1.7	-28.7	
30.3	37.7	8.2	-1.7	
27.8	40.1	-6.6	8.2	
37.7	32.8	-1.7	8.2	
30.3	0.8	-4.1	3.2	
22.9	-6.6	-6.6	0.8	
35.2	3.2	-6.6	3.2	
37.7	22.9	-14.0	3.2	
25.4	50.0	-6.6	-14.0	
42.6	22.9	-11.5	-23.8	
32.8	13.1	-6.6	0.8	
32.8	15.5	-4.1	-4.1	
18.0	13.1	-14.0	27.8	
13.1	37.7	10.6	35.2	
27.8	18.0	-6.6	3.2	
20.5	37.7	3.2	0.8	
27.8	57.4	5.7	3.2	
20.5	45.1	3.2	-1.7	
15.5	47.5	8.2	-6.6	
40.1	32.8	0.8	18.0	
30.3	20.5	0.8	25.4	
25.4	-11.5	-9.1	18.0	
15.5	-14.0	0.8	18.0	
20.5	0.8	-23.8	8.2	
13.1	18.0	-4.1	13.1	
5.7	22.9	3.2	-4.1	
-4.1	18.0	5.7	-16.4	
-4.1	-9.1	18.0	-4.1	
-6.6	25.4	22.9	5.7	
30.3	20.5	22.9	-6.6	
22.9	20.5	18.0	-1.7	
18.0	20.5	30.3	5.7	
15.5	18.0	18.0	-1.7	
20.5	27.8	10.6	5.7	
18.0	35.2	-9.1	3.2	
22.9	22.9	-1.7	-4.1	
35.2	22.9	-14.0	-9.1	
40.1	3.2	-9.1	5.7	
40.1	8.2	3.2	0.8	
22.9	18.0	-6.6	37.7	
10.6	22.9	-1.7	15.5	
-16.4	32.8	-6.6	8.2	
-36.1	32.8	-6.6	0.8	
-11.5	15.5	0.8	8.2	
10.6	25.4	8.2	-1.7	
5.7	20.5	8.2	-6.6	
10.6	25.4	22.9	-6.6	
-4.1	32.8	27.8	-16.4	
-11.5	52.4	35.2	-11.5	
13.1	50.0	40.1	-1.7	
47.5	30.3	30.3	10.6	
45.1	13.1	20.5	25.4	
37.7	-21.4	8.2	25.4	
15.5	-21.4	5.7	30.3	
-4.1	5.7	-1.7	27.8	
5.7	0.8	5.7	18.0	
-6.6	45.1	15.5	13.1	
-1.7	40.1	15.5	13.1	
-14.0	-6.6	10.6	13.1	
-4.1	13.1	5.7	22.9	
-6.6	15.5	3.2	15.5	
3.2	74.6	8.2	10.6	
18.0	27.8	13.1	8.2	
35.2	-50.9	18.0	10.6	
27.8	-55.8	18.0	-4.1	
15.5	-85.3	25.4	8.2	
18.0	-68.1	25.4	8.2	
5.7	-75.5	20.5	0.8	
18.0	-31.2	15.5	8.2	
27.8	-11.5	5.7	8.2	
18.0	47.5	5.7	10.6	
10.6	30.3	5.7	-4.1	
-14.0	-21.4	13.1	5.7	
-16.4	-18.9	15.5	10.6	
0.8	32.8	30.3	5.7	
-4.1	-16.4	13.1	5.7	
-4.1	-127.1	18.0	0.8	
-1.7	-73.0	18.0	5.7	
-9.1	-80.4	18.0	0.8	
-4.1	-33.7	5.7	8.2	
-4.1	42.6	18.0	3.2	
18.0	116.4	22.9	-9.1	
40.1	106.6	27.8	5.7	
45.1	123.8	22.9	0.8	
42.6	126.2	27.8	3.2	
32.8	123.8	25.4	5.7	
42.6	138.5	35.2	18.0	
35.2	168.1	20.5	42.6	
37.7	168.1	5.7	20.5	
25.4	99.2	-18.9	0.8	
10.6	-1.7	-1.7	8.2	
-1.7	50.0	18.0	15.5	
-14.0	54.9	32.8	20.5	
3.2	67.2	0.8	15.5	
18.0	82.0	-14.0	5.7	
13.1	94.3	-1.7	0.8	
22.9	84.4	-11.5	-11.5	
45.1	62.3	-4.1	-16.4	
37.7	72.1	-18.9	-4.1	
27.8	69.7	0.8	22.9	
18.0	67.2	20.5	32.8	
25.4	72.1	37.7	8.2	
10.6	84.4	35.2	5.7	
8.2	47.5	32.8	25.4	
15.5	10.6	32.8	52.4	
3.2	-21.4	25.4	13.1	
0.8	-11.5	32.8	30.3	
3.2	0.8	8.2	3.2	
-14.0	-21.4	3.2	25.4	
-28.7	5.7	3.2	22.9	
-21.4	-23.8	-1.7	-4.1	
-1.7	-26.3	0.8	-9.1	
-1.7	-14.0	22.9	8.2	
18.0	-21.4	25.4	8.2	
15.5	-28.7	32.8	13.1	
10.6	3.2	15.5	3.2	
8.2	15.5	15.5	3.2	
10.6	-1.7	35.2	8.2	
13.1	-33.7	30.3	-11.5	
18.0	-26.3	25.4	-4.1	
8.2	5.7	35.2	5.7	
0.8	-11.5	30.3	10.6	
8.2	-31.2	35.2	15.5	
15.5	-11.5	37.7	18.0	
15.5	3.2	37.7	8.2	
25.4	10.6	32.8	-6.6	
15.5	3.2	35.2	-4.1	
27.8	10.6	35.2	-4.1	
30.3	20.5	32.8	3.2	
27.8	35.2	37.7	-1.7	
37.7	42.6	45.1	-4.1	
27.8	40.1	30.3	-9.1	
35.2	37.7	18.0	-9.1	
30.3	22.9	32.8	5.7	
37.7	22.9	30.3	13.1	
30.3	-46.0	25.4	20.5	
25.4	-33.7	32.8	8.2	
13.1	-28.7	27.8	18.0	
10.6	-55.8	18.0	5.7	
10.6	0.8	27.8	8.2	
25.4	45.1	30.3	0.8	
20.5	27.8	22.9	3.2	
10.6	13.1	22.9	-1.7	
8.2	25.4	25.4	0.8	
8.2	42.6	27.8	20.5	
5.7	3.2	32.8	20.5	
5.7	20.5	27.8	20.5	
18.0	50.0	22.9	20.5	
22.9	47.5	20.5	8.2	
37.7	30.3	30.3	3.2	
30.3	30.3	30.3	3.2	
22.9	25.4	35.2	-4.1	
8.2	37.7	42.6	8.2	
22.9	50.0	25.4	13.1	
37.7	79.5	27.8	13.1	
25.4	59.8	32.8	0.8	
27.8	-4.1	32.8	10.6	
20.5	-14.0	25.4	5.7	
-6.6	35.2	40.1	18.0	
-4.1	52.4	32.8	13.1	
-11.5	32.8	22.9	18.0	
5.7	15.5	22.9	0.8	
-6.6	20.5	27.8	-1.7	
-1.7	10.6	27.8	5.7	
-1.7	-1.7	27.8	-1.7	
5.7	27.8	25.4	0.8	
-1.7	15.5	25.4	8.2	
13.1	13.1	30.3	0.8	
13.1	22.9	30.3	0.8	
22.9	13.1	47.5	0.8	
32.8	8.2	45.1	5.7	
27.8	0.8	45.1	0.8	
13.1	30.3	47.5	0.8	
10.6	45.1	52.4	-1.7	
25.4	22.9	52.4	5.7	
37.7	22.9	50.0	3.2	
15.5	37.7	45.1	-9.1	
18.0	59.8	35.2	0.8	
18.0	50.0	54.9	3.2	
32.8	30.3	32.8	10.6	
35.2	45.1	35.2	8.2	
22.9	99.2	42.6	10.6	
15.5	72.1	42.6	5.7	
8.2	59.8	42.6	-4.1	
3.2	-23.8	42.6	0.8	
8.2	8.2	40.1	8.2	
10.6	47.5	42.6	10.6	
22.9	15.5	47.5	0.8	
20.5	-14.0	54.9	-1.7	
13.1	0.8	42.6	0.8	
13.1	-38.6	37.7	-1.7	
-6.6	-50.9	32.8	-4.1	
3.2	-36.1	42.6	0.8	
-1.7	8.2	40.1	13.1	
-11.5	-50.9	45.1	5.7	
-36.1	-23.8	37.7	5.7	
-28.7	35.2	35.2	5.7	
-21.4	15.5	35.2	-1.7	
-14.0	-6.6	32.8	-9.1	
-4.1	10.6	40.1	-1.7	
13.1	40.1	30.3	8.2	
30.3	35.2	40.1	-4.1	
42.6	18.0	30.3	8.2	
18.0	10.6	25.4	0.8	
18.0	18.0	30.3	5.7	
30.3	-6.6	37.7	-1.7	
42.6	74.6	27.8	0.8	
52.4	5.7	25.4	-1.7	
35.2	-60.7	22.9	-14.0	
27.8	-21.4	25.4	5.7	
25.4	-1.7	25.4	-1.7	
20.5	0.8	32.8	8.2	
30.3	32.8	5.7	-9.1	
13.1	40.1	18.0	-4.1	
18.0	20.5	10.6	-1.7	
22.9	13.1	18.0	3.2	
20.5	27.8	20.5	-4.1	
18.0	50.0	13.1	-1.7	
22.9	50.0	15.5	8.2	
30.3	27.8	20.5	-1.7	
13.1	50.0	20.5	0.8	
25.4	35.2	10.6	13.1	
18.0	27.8	8.2	5.7	
57.4	18.0	8.2	-9.1	
30.3	-1.7	15.5	0.8	
18.0	20.5	8.2	0.8	
22.9	40.1	0.8	-1.7	
13.1	37.7	-6.6	-4.1	
5.7	27.8	-1.7	-9.1	
0.8	22.9	3.2	0.8	
-9.1	32.8	-1.7	-1.7	
0.8	8.2	3.2	3.2	
-1.7	18.0	37.7	-9.1	
-6.6	22.9	57.4	-4.1	
-4.1	15.5	86.9	5.7	
-11.5	20.5	84.4	0.8	
3.2	13.1	116.4	-1.7	
5.7	10.6	121.3	-6.6	
5.7	10.6	113.9	-4.1	
3.2	18.0	128.7	3.2	
3.2	25.4	113.9	-9.1	
18.0	8.2	128.7	-21.4	
20.5	20.5	113.9	-11.5	
27.8	32.8	111.5	-6.6	
25.4	15.5	109.0	3.2	
27.8	13.1	116.4	-11.5	
32.8	10.6	86.9	0.8	
27.8	5.7	99.2	-1.7	
0.8	22.9	82.0	0.8	
15.5	40.1	99.2	-16.4	
25.4	30.3	79.5	-1.7	
32.8	15.5	64.7	-11.5	
37.7	10.6	59.8	-14.0	
30.3	32.8	54.9	-21.4	
13.1	50.0	57.4	-14.0	
3.2	35.2	69.7	-14.0	
-6.6	8.2	59.8	-14.0	
-4.1	22.9	30.3	-16.4	
10.6	20.5	37.7	5.7	
10.6	42.6	20.5	18.0	
22.9	40.1	18.0	3.2	
20.5	10.6	3.2	-14.0	
3.2	3.2	-1.7	-14.0	
3.2	18.0	-23.8	-4.1	
15.5	32.8	-18.9	-1.7	
0.8	13.1	0.8	-11.5	
3.2	15.5	-4.1	-18.9	
15.5	13.1	8.2	-11.5	
20.5	5.7	-21.4	-6.6	
25.4	-4.1	-21.4	15.5	
13.1	10.6	-38.6	32.8	
32.8	32.8	-53.3	3.2	
8.2	37.7	-48.4	-4.1	
10.6	42.6	-48.4	8.2	
20.5	35.2	-46.0	3.2	
10.6	54.9	-33.7	-4.1	
-1.7	3.2	-18.9	-26.3	
0.8	10.6	-16.4	-48.4	
18.0	15.5	-26.3	-58.3	
22.9	22.9	-23.8	-53.3	
25.4	15.5	-28.7	-28.7	
20.5	20.5	-23.8	62.3	
13.1	45.1	-23.8	106.6	
22.9	20.5	-26.3	37.7	
5.7	25.4	-18.9	25.4	
15.5	8.2	-31.2	3.2	
8.2	22.9	-41.0	18.0	
-4.1	22.9	-23.8	45.1	
-4.1	8.2	-23.8	18.0	
5.7	25.4	-26.3	32.8	
10.6	40.1	-23.8	47.5	
0.8	77.0	-21.4	13.1	
-9.1	30.3	-23.8	-1.7	
-4.1	15.5	-16.4	0.8	
22.9	47.5	-14.0	5.7	
8.2	52.4	-16.4	20.5	
-6.6	13.1	-14.0	20.5	
3.2	-31.2	-16.4	22.9	
5.7	10.6	-21.4	8.2	
-9.1	13.1	-14.0	10.6	
-11.5	-9.1	-18.9	8.2	
-6.6	35.2	-16.4	0.8	
13.1	22.9	-26.3	8.2	
40.1	27.8	-23.8	8.2	
50.0	15.5	-31.2	15.5	
32.8	-1.7	-21.4	8.2	
20.5	3.2	-18.9	18.0	
27.8	-1.7	-18.9	18.0	
30.3	27.8	-18.9	13.1	
37.7	32.8	-33.7	20.5	
15.5	35.2	-36.1	13.1	
18.0	62.3	-26.3	10.6	
22.9	45.1	-26.3	10.6	
20.5	30.3	-28.7	0.8	
8.2	10.6	-33.7	-4.1	
15.5	20.5	-28.7	-9.1	
18.0	32.8	-38.6	0.8	
10.6	52.4	-38.6	5.7	
10.6	74.6	-38.6	20.5	
8.2	50.0	-36.1	54.9	
0.8	54.9	-48.4	35.2	
13.1	57.4	-28.7	18.0	
25.4	69.7	-38.6	8.2	
22.9	121.3	-28.7	10.6	
18.0	109.0	-36.1	18.0	
30.3	-9.1	-41.0	8.2	
22.9	-33.7	-28.7	15.5	
30.3	42.6	-28.7	13.1	
27.8	111.5	-26.3	20.5	
22.9	123.8	-43.5	18.0	
15.5	50.0	-16.4	15.5	
22.9	59.8	-16.4	3.2	
10.6	32.8	-23.8	13.1	
3.2	25.4	-23.8	15.5	
13.1	-11.5	-9.1	18.0	
25.4	-70.6	-9.1	5.7	
-1.7	-9.1	-16.4	5.7	
-18.9	-48.4	-21.4	0.8	
-16.4	-90.2	-16.4	5.7	
-21.4	-68.1	-21.4	10.6	
-26.3	-97.6	-21.4	-4.1	
-28.7	-65.6	-9.1	5.7	
13.1	-21.4	-16.4	8.2	
30.3	0.8	-28.7	5.7	
25.4	8.2	-21.4	18.0	
18.0	5.7	-31.2	18.0	
8.2	-1.7	-18.9	10.6	
20.5	13.1	-18.9	10.6	
10.6	20.5	-36.1	3.2	
3.2	37.7	-16.4	13.1	
18.0	52.4	-21.4	8.2	
30.3	52.4	-36.1	3.2	
32.8	62.3	-14.0	3.2	
32.8	50.0	-31.2	0.8	
15.5	42.6	-31.2	-6.6	
27.8	42.6	-16.4	-6.6	
25.4	40.1	-26.3	-4.1	
25.4	37.7	-43.5	25.4	
30.3	30.3	-38.6	27.8	
37.7	22.9	-33.7	-4.1	
3.2	27.8	-36.1	0.8	
-6.6	42.6	-38.6	0.8	
30.3	45.1	-38.6	0.8	
22.9	52.4	-46.0	0.8	
18.0	47.5	-33.7	-6.6	
8.2	32.8	-41.0	-4.1	
8.2	32.8	-31.2	0.8	
-4.1	25.4	-43.5	-4.1	
3.2	10.6	-41.0	-1.7	
-4.1	47.5	-41.0	8.2	
10.6	42.6	-50.9	-1.7	
27.8	42.6	-38.6	10.6	
37.7	50.0	-46.0	-4.1	
27.8	-4.1	-50.9	-11.5	
18.0	0.8	-53.3	0.8	
10.6	18.0	-41.0	-11.5	
13.1	22.9	-43.5	3.2	
8.2	25.4	-48.4	-9.1	
-18.9	32.8	-50.9	-6.6	
-16.4	22.9	-50.9	-1.7	
-18.9	50.0	-48.4	8.2	
-1.7	57.4	-55.8	-4.1	
-6.6	35.2	-43.5	25.4	
3.2	-9.1	-48.4	20.5	
-4.1	5.7	-50.9	-6.6	
0.8	8.2	-36.1	-11.5	
0.8	22.9	-41.0	-1.7	
3.2	30.3	-33.7	-4.1	
8.2	20.5	-36.1	-1.7	
10.6	32.8	-43.5	0.8	
-4.1	54.9	-41.0	-16.4	
10.6	30.3	-28.7	-9.1	
5.7	15.5	-23.8	-6.6	
8.2	32.8	-18.9	-4.1	
13.1	45.1	-26.3	-16.4	
18.0	30.3	-23.8	-1.7	
3.2	32.8	-21.4	-1.7	
3.2	37.7	-16.4	8.2	
0.8	15.5	-18.9	-1.7	
10.6	15.5	-14.0	5.7	
8.2	45.1	-16.4	3.2	
18.0	22.9	-14.0	-18.9	
3.2	20.5	-9.1	-21.4	
3.2	47.5	-4.1	-9.1	
5.7	22.9	3.2	-4.1	
0.8	25.4	3.2	15.5	
0.8	25.4	10.6	30.3	
-1.7	15.5	-4.1	5.7	
15.5	10.6	10.6	-18.9	
0.8	15.5	5.7	-6.6	
-4.1	37.7	8.2	-1.7	
-9.1	42.6	10.6	18.0	
-1.7	27.8	18.0	5.7	
3.2	8.2	25.4	-4.1	
15.5	-4.1	40.1	-1.7	
27.8	8.2	40.1	-4.1	
35.2	15.5	47.5	0.8	
25.4	22.9	42.6	5.7	
25.4	10.6	10.6	-1.7	
25.4	20.5	0.8	-1.7	
8.2	5.7	-14.0	-11.5	
3.2	20.5	0.8	-11.5	
-11.5	52.4	5.7	-4.1	
-4.1	35.2	-6.6	-9.1	
3.2	22.9	-4.1	-11.5	
-1.7	42.6	-9.1	5.7	
8.2	42.6	-9.1	5.7	
22.9	22.9	10.6	-1.7	
45.1	15.5	22.9	-1.7	
42.6	37.7	10.6	-9.1	
27.8	20.5	18.0	-14.0	
22.9	20.5	0.8	-1.7	
18.0	18.0	-1.7	-11.5	
3.2	30.3	-6.6	-4.1	
0.8	37.7	0.8	5.7	
5.7	35.2	-11.5	0.8	
-1.7	52.4	5.7	-14.0	
0.8	59.8	18.0	-14.0	
-9.1	25.4	15.5	-11.5	
-11.5	20.5	8.2	-14.0	
3.2	5.7	15.5	10.6	
5.7	8.2	-4.1	13.1	
-4.1	32.8	-1.7	25.4	
-9.1	37.7	0.8	37.7	
-14.0	3.2	0.8	0.8	
3.2	10.6	-4.1	-11.5	
0.8	-4.1	10.6	-9.1	
-1.7	10.6	5.7	-14.0	
-1.7	37.7	20.5	-9.1	
10.6	40.1	20.5	-1.7	
-1.7	40.1	18.0	27.8	
10.6	32.8	10.6	42.6	
13.1	22.9	5.7	22.9	
-1.7	10.6	15.5	15.5	
-4.1	10.6	5.7	0.8	
3.2	0.8	5.7	0.8	
25.4	37.7	18.0	10.6	
42.6	13.1	5.7	5.7	
42.6	5.7	0.8	-4.1	
25.4	13.1	8.2	0.8	
57.4	18.0	8.2	-6.6	
42.6	18.0	-4.1	3.2	
20.5	20.5	8.2	-11.5	
40.1	22.9	8.2	3.2	
40.1	37.7	13.1	-4.1	
32.8	82.0	15.5	13.1	
8.2	37.7	8.2	22.9	
8.2	42.6	3.2	15.5	
0.8	40.1	5.7	35.2	
-16.4	25.4	3.2	30.3	
-6.6	25.4	0.8	-6.6	
8.2	5.7	8.2	0.8	
25.4	-4.1	15.5	5.7	
18.0	-16.4	13.1	-9.1	
5.7	-4.1	18.0	15.5	
-1.7	25.4	15.5	35.2	
0.8	20.5	13.1	20.5	
8.2	42.6	8.2	22.9	
-9.1	52.4	10.6	25.4	
10.6	10.6	8.2	22.9	
22.9	0.8	13.1	15.5	
27.8	-4.1	15.5	8.2	
25.4	-28.7	25.4	10.6	
30.3	5.7	13.1	8.2	
8.2	8.2	22.9	-1.7	
-9.1	22.9	18.0	10.6	
-1.7	30.3	20.5	0.8	
10.6	27.8	22.9	5.7	
3.2	32.8	20.5	0.8	
3.2	64.7	18.0	8.2	
5.7	47.5	15.5	13.1	
3.2	30.3	20.5	3.2	
10.6	35.2	22.9	13.1	
15.5	37.7	18.0	0.8	
22.9	42.6	15.5	3.2	
40.1	40.1	22.9	3.2	
20.5	35.2	20.5	10.6	
10.6	52.4	8.2	10.6	
8.2	52.4	10.6	18.0	
18.0	30.3	20.5	22.9	
22.9	40.1	10.6	5.7	
3.2	-6.6	3.2	3.2	
-18.9	-6.6	13.1	8.2	
-9.1	8.2	5.7	3.2	
-6.6	-18.9	5.7	13.1	
-9.1	-18.9	-1.7	10.6	
-4.1	-9.1	0.8	5.7	
-1.7	40.1	5.7	3.2	
5.7	30.3	-1.7	5.7	
18.0	25.4	-4.1	5.7	
25.4	22.9	3.2	-4.1	
22.9	47.5	0.8	8.2	
22.9	47.5	-1.7	8.2	
13.1	50.0	8.2	-4.1	
8.2	22.9	0.8	0.8	
-4.1	20.5	5.7	-4.1	
-1.7	-1.7	0.8	3.2	
-11.5	10.6	0.8	5.7	
-1.7	20.5	10.6	10.6	
13.1	20.5	13.1	-1.7	
27.8	25.4	18.0	-4.1	
-4.1	57.4	-1.7	0.8	
-14.0	54.9	0.8	-6.6	
-11.5	22.9	10.6	5.7	
5.7	18.0	18.0	5.7	
15.5	32.8	32.8	13.1	
30.3	35.2	18.0	20.5	
22.9	35.2	13.1	5.7	
15.5	27.8	25.4	10.6	
15.5	18.0	10.6	5.7	
3.2	27.8	15.5	0.8	
-4.1	20.5	15.5	10.6	
-1.7	13.1	25.4	0.8	
18.0	40.1	18.0	-4.1	
20.5	15.5	8.2	0.8	
18.0	18.0	-1.7	-1.7	
18.0	30.3	-1.7	3.2	
5.7	45.1	8.2	-4.1	
-14.0	35.2	13.1	-9.1	
-11.5	52.4	22.9	8.2	
-1.7	59.8	15.5	5.7	
8.2	52.4	20.5	-4.1	
15.5	37.7	18.0	3.2	
27.8	27.8	20.5	0.8	
27.8	22.9	20.5	-6.6	
8.2	25.4	15.5	3.2	
8.2	20.5	22.9	5.7	
0.8	0.8	18.0	0.8	
-4.1	-6.6	27.8	3.2	
3.2	20.5	22.9	-4.1	
20.5	8.2	27.8	-1.7	
27.8	15.5	22.9	8.2	
22.9	42.6	18.0	10.6	
22.9	18.0	35.2	-4.1	
3.2	-6.6	27.8	15.5	
5.7	18.0	30.3	10.6	
-6.6	20.5	18.0	-9.1	
-4.1	8.2	25.4	-1.7	
13.1	3.2	27.8	3.2	
10.6	3.2	22.9	-6.6	
18.0	35.2	22.9	8.2	
20.5	32.8	22.9	0.8	
37.7	8.2	15.5	-11.5	
18.0	35.2	20.5	8.2	
5.7	37.7	18.0	-9.1	
5.7	30.3	25.4	10.6	
13.1	32.8	20.5	5.7	
10.6	18.0	22.9	3.2	
5.7	30.3	18.0	-1.7	
-14.0	35.2	20.5	-1.7	
0.8	50.0	20.5	3.2	
10.6	27.8	20.5	-6.6	
27.8	0.8	18.0	-1.7	
20.5	30.3	20.5	10.6	
22.9	54.9	10.6	0.8	
8.2	52.4	15.5	3.2	
20.5	50.0	15.5	0.8	
15.5	37.7	18.0	0.8	
3.2	47.5	22.9	5.7	
13.1	59.8	18.0	8.2	
22.9	64.7	8.2	-9.1	
27.8	35.2	18.0	0.8	
37.7	27.8	27.8	-1.7	
30.3	52.4	8.2	-6.6	
22.9	91.8	5.7	-1.7	
18.0	72.1	0.8	3.2	
22.9	59.8	10.6	22.9	
18.0	101.6	15.5	25.4	
13.1	121.3	5.7	10.6	
10.6	101.6	8.2	0.8	
8.2	82.0	13.1	-26.3	
22.9	-68.1	13.1	-21.4	
30.3	-141.9	5.7	-21.4	
35.2	-87.8	3.2	-9.1	
30.3	-28.7	18.0	-4.1	
18.0	22.9	10.6	13.1	
22.9	15.5	5.7	37.7	
35.2	13.1	5.7	-6.6	
40.1	5.7	0.8	0.8	
18.0	18.0	13.1	3.2	
22.9	-16.4	15.5	13.1	
8.2	-65.6	13.1	5.7	
22.9	-48.4	18.0	0.8	
18.0	-23.8	5.7	5.7	
-1.7	-1.7	13.1	-9.1	
3.2	32.8	3.2	0.8	
-9.1	40.1	8.2	-6.6	
-1.7	35.2	3.2	10.6	
20.5	10.6	13.1	3.2	
15.5	20.5	8.2	8.2	
22.9	35.2	5.7	0.8	
27.8	-18.9	8.2	5.7	
30.3	13.1	0.8	3.2	
30.3	27.8	-1.7	0.8	
30.3	42.6	3.2	8.2	
22.9	30.3	15.5	0.8	
15.5	32.8	13.1	3.2	
15.5	54.9	3.2	5.7	
10.6	37.7	0.8	5.7	
8.2	30.3	3.2	13.1	
0.8	25.4	8.2	20.5	
-9.1	37.7	13.1	10.6	
-1.7	32.8	18.0	-6.6	
0.8	40.1	15.5	3.2	
5.7	54.9	18.0	5.7	
15.5	35.2	10.6	3.2	
15.5	20.5	15.5	5.7	
22.9	22.9	20.5	-1.7	
20.5	27.8	20.5	-6.6	
15.5	35.2	25.4	5.7	
18.0	37.7	20.5	-9.1	
8.2	32.8	15.5	-9.1	
-11.5	45.1	15.5	5.7	
0.8	54.9	20.5	15.5	
5.7	54.9	15.5	25.4	
0.8	64.7	15.5	-1.7	
18.0	42.6	15.5	-9.1	
25.4	37.7	20.5	-4.1	
35.2	32.8	25.4	-9.1	
20.5	0.8	18.0	-33.7	
8.2	-9.1	22.9	-28.7	
27.8	-1.7	27.8	-11.5	
37.7	32.8	27.8	-21.4	
20.5	54.9	13.1	-14.0	
5.7	74.6	20.5	37.7	
15.5	50.0	27.8	45.1	
3.2	42.6	8.2	57.4	
-14.0	27.8	8.2	59.8	
-16.4	30.3	32.8	47.5	
22.9	22.9	20.5	13.1	
37.7	35.2	13.1	-9.1	
30.3	35.2	20.5	5.7	
27.8	42.6	20.5	5.7	
13.1	32.8	18.0	5.7	
13.1	18.0	18.0	5.7	
15.5	37.7	18.0	15.5	
18.0	30.3	18.0	15.5	
13.1	30.3	22.9	10.6	
0.8	32.8	25.4	-1.7	
22.9	45.1	8.2	5.7	
30.3	47.5	-1.7	5.7	
37.7	52.4	5.7	13.1	
32.8	25.4	20.5	5.7	
30.3	-1.7	8.2	-6.6	
30.3	42.6	15.5	5.7	
25.4	74.6	13.1	13.1	
27.8	42.6	22.9	3.2	
25.4	57.4	15.5	8.2	
20.5	59.8	20.5	3.2	
-4.1	42.6	22.9	5.7	
-6.6	30.3	22.9	15.5	
-11.5	-43.5	15.5	18.0	
3.2	-38.6	15.5	10.6	
22.9	-16.4	10.6	-6.6	
18.0	0.8	8.2	-1.7	
25.4	18.0	20.5	-1.7	
27.8	27.8	15.5	0.8	
22.9	10.6	15.5	3.2	
35.2	-14.0	22.9	13.1	
37.7	15.5	27.8	10.6	
3.2	13.1	22.9	0.8	
-1.7	13.1	13.1	8.2	
13.1	20.5	18.0	-1.7	
18.0	3.2	13.1	-1.7	
8.2	-4.1	18.0	10.6	
-1.7	-1.7	25.4	13.1	
5.7	3.2	10.6	3.2	
0.8	-1.7	13.1	-6.6	
15.5	0.8	20.5	5.7	
3.2	-1.7	13.1	-1.7	
-6.6	-11.5	10.6	5.7	
5.7	-26.3	5.7	8.2	
-4.1	-14.0	18.0	-4.1	
-14.0	-14.0	25.4	5.7	
-4.1	-6.6	20.5	3.2	
-1.7	-9.1	13.1	0.8	
-6.6	18.0	10.6	5.7	
0.8	5.7	8.2	10.6	
-11.5	0.8	-1.7	3.2	
-6.6	15.5	-4.1	3.2	
-18.9	22.9	8.2	-4.1	
-1.7	30.3	10.6	-9.1	
8.2	59.8	5.7	0.8	
-6.6	59.8	5.7	-1.7	
10.6	57.4	30.3	-6.6	
-1.7	25.4	13.1	-1.7	
-6.6	35.2	22.9	0.8	
10.6	45.1	18.0	5.7	
20.5	69.7	15.5	0.8	
32.8	77.0	18.0	-6.6	
54.9	86.9	18.0	8.2	
32.8	79.5	15.5	0.8	
27.8	86.9	20.5	3.2	
15.5	101.6	13.1	-1.7	
10.6	96.7	22.9	3.2	
20.5	79.5	15.5	0.8	
15.5	91.8	32.8	0.8	
15.5	79.5	25.4	3.2	
27.8	89.3	18.0	13.1	
35.2	89.3	18.0	0.8	
27.8	62.3	27.8	8.2	
37.7	69.7	30.3	-1.7	
22.9	72.1	25.4	8.2	
25.4	91.8	15.5	0.8	
18.0	77.0	13.1	13.1	
30.3	42.6	30.3	18.0	
35.2	20.5	25.4	8.2	
18.0	59.8	25.4	8.2	
25.4	72.1	15.5	10.6	
27.8	50.0	22.9	8.2	
15.5	42.6	25.4	-6.6	
22.9	30.3	18.0	15.5	
22.9	20.5	20.5	15.5	
18.0	47.5	30.3	10.6	
15.5	45.1	32.8	10.6	
20.5	37.7	22.9	5.7	
25.4	27.8	15.5	-9.1	
15.5	3.2	27.8	3.2	
18.0	-28.7	20.5	-9.1	
3.2	-41.0	30.3	-11.5	
10.6	-55.8	27.8	-4.1	
-4.1	-41.0	27.8	-6.6	
-4.1	5.7	30.3	5.7	
-6.6	20.5	20.5	5.7	
18.0	42.6	27.8	5.7	
15.5	67.2	18.0	-4.1	
5.7	30.3	25.4	13.1	
5.7	-18.9	20.5	18.0	
22.9	-41.0	22.9	8.2	
20.5	-16.4	10.6	0.8	
20.5	-4.1	8.2	-6.6	
10.6	-9.1	18.0	-4.1	
-1.7	-9.1	8.2	-9.1	
15.5	-18.9	3.2	5.7	
13.1	-4.1	8.2	0.8	
15.5	0.8	0.8	-1.7	
20.5	15.5	0.8	25.4	
27.8	22.9	13.1	10.6	
22.9	52.4	22.9	0.8	
13.1	30.3	13.1	-4.1	
30.3	18.0	8.2	40.1	
30.3	10.6	5.7	8.2	
20.5	22.9	8.2	3.2	
22.9	37.7	8.2	-6.6	
30.3	40.1	8.2	10.6	
37.7	27.8	-11.5	3.2	
20.5	13.1	0.8	5.7	
30.3	-1.7	-6.6	18.0	
20.5	20.5	0.8	8.2	
15.5	32.8	0.8	-4.1	
13.1	20.5	0.8	5.7	
-4.1	-14.0	3.2	-6.6	
-6.6	-21.4	-9.1	3.2	
5.7	13.1	0.8	0.8	
8.2	18.0	-1.7	0.8	
13.1	30.3	-6.6	5.7	
13.1	30.3	-9.1	8.2	
5.7	25.4	0.8	10.6	
13.1	50.0	-1.7	-1.7	
20.5	47.5	-9.1	10.6	
20.5	18.0	-14.0	-1.7	
13.1	18.0	-6.6	10.6	
15.5	5.7	-16.4	0.8	
8.2	10.6	-6.6	-1.7	
8.2	10.6	0.8	-4.1	
20.5	8.2	-9.1	-1.7	
27.8	-1.7	-9.1	-4.1	
22.9	40.1	-11.5	8.2	
18.0	59.8	-1.7	10.6	
25.4	54.9	3.2	5.7	
25.4	37.7	3.2	-4.1	
5.7	-11.5	-4.1	8.2	
-4.1	8.2	-9.1	5.7	
18.0	13.1	-16.4	3.2	
27.8	25.4	-1.7	8.2	
13.1	35.2	-4.1	8.2	
13.1	20.5	-1.7	-4.1	
15.5	27.8	8.2	8.2	
15.5	42.6	-9.1	5.7	
25.4	37.7	-11.5	-4.1	
18.0	37.7	-9.1	5.7	
18.0	37.7	3.2	3.2	
5.7	30.3	-9.1	3.2	
22.9	35.2	0.8	-4.1	
15.5	27.8	-11.5	-1.7	
20.5	30.3	-4.1	3.2	
20.5	35.2	0.8	0.8	
25.4	52.4	-11.5	0.8	
22.9	52.4	5.7	13.1	
25.4	32.8	-1.7	15.5	
3.2	5.7	3.2	15.5	
10.6	8.2	-6.6	13.1	
15.5	15.5	-6.6	8.2	
15.5	15.5	-6.6	0.8	
27.8	47.5	-9.1	10.6	
25.4	35.2	0.8	-4.1	
45.1	20.5	3.2	10.6	
30.3	40.1	-1.7	-4.1	
35.2	18.0	0.8	8.2	
18.0	-16.4	-1.7	-1.7	
5.7	15.5	10.6	3.2	
3.2	27.8	-1.7	0.8	
-1.7	64.7	-1.7	-1.7	
-9.1	30.3	-4.1	0.8	
5.7	-6.6	-6.6	0.8	
13.1	35.2	5.7	5.7	
25.4	54.9	-6.6	3.2	
20.5	27.8	-4.1	3.2	
13.1	45.1	5.7	3.2	
22.9	20.5	0.8	3.2	
15.5	18.0	8.2	5.7	
15.5	20.5	-9.1	0.8	
25.4	3.2	3.2	8.2	
18.0	-9.1	3.2	-9.1	
20.5	-16.4	3.2	13.1	
18.0	18.0	0.8	8.2	
20.5	42.6	-11.5	0.8	
13.1	40.1	0.8	10.6	
10.6	45.1	3.2	0.8	
20.5	57.4	0.8	5.7	
22.9	37.7	20.5	-1.7	
18.0	37.7	15.5	-9.1	
20.5	37.7	15.5	0.8	
20.5	13.1	5.7	3.2	
27.8	3.2	-1.7	0.8	
18.0	8.2	-4.1	0.8	
18.0	-16.4	-4.1	0.8	
3.2	10.6	-4.1	8.2	
8.2	20.5	-1.7	8.2	
15.5	52.4	-6.6	15.5	
22.9	40.1	-6.6	5.7	
13.1	42.6	-6.6	5.7	
13.1	45.1	0.8	5.7	
18.0	40.1	5.7	13.1	
18.0	47.5	18.0	3.2	
18.0	32.8	3.2	-11.5	
15.5	20.5	0.8	-4.1	
5.7	30.3	5.7	-4.1	
10.6	45.1	10.6	-1.7	
-6.6	57.4	0.8	5.7	
8.2	57.4	5.7	5.7	
13.1	72.1	0.8	3.2	
32.8	96.7	-6.6	3.2	
37.7	104.1	-1.7	0.8	
30.3	116.4	3.2	-1.7	
40.1	116.4	-1.7	0.8	
20.5	47.5	-6.6	-1.7	
15.5	-11.5	-1.7	-4.1	
18.0	-48.4	-6.6	8.2	
13.1	-31.2	-14.0	0.8	
-4.1	8.2	3.2	0.8	
0.8	-46.0	0.8	0.8	
-6.6	-33.7	3.2	-1.7	
3.2	-14.0	-6.6	0.8	
-6.6	-11.5	3.2	0.8	
8.2	-60.7	-1.7	0.8	
3.2	-23.8	3.2	8.2	
5.7	-21.4	3.2	-1.7	
15.5	-36.1	0.8	5.7	
22.9	-26.3	5.7	8.2	
15.5	-23.8	8.2	0.8	
25.4	5.7	0.8	8.2	
35.2	37.7	-6.6	0.8	
22.9	35.2	3.2	3.2	
18.0	27.8	-1.7	5.7	
13.1	54.9	8.2	-4.1	
25.4	47.5	3.2	0.8	
22.9	62.3	0.8	0.8	
27.8	54.9	-1.7	-1.7	
18.0	50.0	10.6	5.7	
18.0	57.4	5.7	-4.1	
13.1	62.3	0.8	0.8	
20.5	86.9	5.7	8.2	
5.7	77.0	-6.6	27.8	
8.2	35.2	10.6	15.5	
5.7	-4.1	0.8	-1.7	
-6.6	-9.1	-6.6	-1.7	
-6.6	25.4	0.8	8.2	
0.8	32.8	-4.1	18.0	
0.8	3.2	3.2	3.2	
3.2	-23.8	-4.1	-4.1	
18.0	-43.5	0.8	-11.5	
10.6	-48.4	5.7	-6.6	
15.5	-4.1	-1.7	3.2	
5.7	22.9	3.2	45.1	
0.8	32.8	0.8	25.4	
-1.7	35.2	3.2	3.2	
15.5	42.6	0.8	8.2	
20.5	35.2	5.7	0.8	
13.1	57.4	-1.7	3.2	
18.0	69.7	8.2	-1.7	
27.8	18.0	-1.7	0.8	
32.8	37.7	-6.6	5.7	
30.3	52.4	5.7	5.7	
22.9	50.0	-9.1	-4.1	
10.6	20.5	3.2	5.7	
8.2	18.0	-6.6	-4.1	
5.7	5.7	0.8	0.8	
-6.6	0.8	13.1	-1.7	
-14.0	3.2	15.5	5.7	
-1.7	15.5	-4.1	-1.7	
3.2	32.8	3.2	5.7	
18.0	42.6	5.7	-1.7	
20.5	13.1	0.8	8.2	
22.9	8.2	-9.1	3.2	
18.0	10.6	5.7	-6.6	
18.0	45.1	5.7	13.1	
27.8	35.2	-1.7	5.7	
15.5	25.4	5.7	0.8	
-1.7	37.7	3.2	0.8	
18.0	22.9	0.8	0.8	
18.0	25.4	-1.7	10.6	
13.1	18.0	-4.1	10.6	
27.8	13.1	5.7	-9.1	
35.2	30.3	-9.1	5.7	
22.9	18.0	3.2	10.6	
25.4	13.1	-9.1	-1.7	
5.7	25.4	0.8	3.2	
0.8	30.3	5.7	5.7	
-11.5	37.7	3.2	3.2	
3.2	32.8	10.6	5.7	
0.8	59.8	3.2	15.5	
0.8	45.1	5.7	0.8	
22.9	37.7	0.8	8.2	
15.5	52.4	5.7	8.2	
15.5	37.7	-1.7	0.8	
8.2	45.1	-9.1	5.7	
-1.7	62.3	-6.6	-1.7	
22.9	10.6	-1.7	3.2	
20.5	-28.7	-4.1	15.5	
37.7	5.7	5.7	5.7	
25.4	37.7	3.2	5.7	
25.4	35.2	-1.7	-1.7	
15.5	32.8	8.2	13.1	
27.8	20.5	8.2	15.5	
30.3	27.8	3.2	5.7	
25.4	45.1	0.8	10.6	
30.3	40.1	0.8	3.2	
30.3	35.2	0.8	8.2	
10.6	40.1	-4.1	0.8	
18.0	52.4	5.7	-1.7	
5.7	45.1	-1.7	-1.7	
3.2	47.5	-9.1	-1.7	
15.5	57.4	5.7	8.2	
25.4	69.7	-1.7	0.8	
15.5	45.1	3.2	22.9	
10.6	47.5	13.1	10.6	
-1.7	30.3	8.2	3.2	
13.1	25.4	-1.7	-4.1	
22.9	18.0	-4.1	0.8	
27.8	0.8	3.2	0.8	
40.1	8.2	-6.6	3.2	
13.1	22.9	10.6	-4.1	
27.8	27.8	3.2	3.2	
35.2	25.4	-11.5	-6.6	
37.7	32.8	-1.7	-6.6	
20.5	45.1	-1.7	0.8	
22.9	30.3	-4.1	5.7	
25.4	22.9	0.8	0.8	
27.8	40.1	0.8	3.2	
25.4	50.0	3.2	5.7	
10.6	27.8	3.2	3.2	
10.6	42.6	5.7	0.8	
8.2	35.2	10.6	-1.7	
5.7	40.1	-4.1	15.5	
3.2	40.1	5.7	18.0	
3.2	32.8	5.7	15.5	
5.7	45.1	10.6	0.8	
10.6	30.3	8.2	-1.7	
10.6	37.7	-1.7	-9.1	
20.5	30.3	3.2	-1.7	
15.5	-1.7	15.5	3.2	
22.9	-36.1	18.0	8.2	
30.3	-4.1	0.8	-4.1	
15.5	40.1	15.5	10.6	
8.2	62.3	13.1	0.8	
13.1	72.1	8.2	8.2	
15.5	42.6	0.8	-1.7	
22.9	20.5	3.2	0.8	
20.5	35.2	5.7	5.7	
18.0	57.4	-9.1	-1.7	
20.5	50.0	3.2	-1.7	
22.9	50.0	0.8	-11.5	
27.8	13.1	10.6	8.2	
27.8	27.8	8.2	-9.1	
22.9	54.9	0.8	-9.1	
27.8	89.3	8.2	3.2	
40.1	104.1	-1.7	25.4	
20.5	69.7	15.5	5.7	
18.0	47.5	5.7	18.0	
0.8	47.5	15.5	25.4	
0.8	8.2	13.1	0.8	
-6.6	-18.9	8.2	0.8	
8.2	-53.3	15.5	5.7	
3.2	-70.6	15.5	10.6	
5.7	-82.9	13.1	10.6	
27.8	-31.2	10.6	5.7	
15.5	20.5	20.5	8.2	
18.0	32.8	13.1	-4.1	
15.5	25.4	15.5	3.2	
27.8	27.8	13.1	18.0	
18.0	35.2	20.5	18.0	
30.3	40.1	13.1	22.9	
37.7	40.1	-9.1	8.2	
20.5	30.3	5.7	13.1	
20.5	22.9	5.7	0.8	
15.5	40.1	10.6	8.2	
3.2	57.4	3.2	3.2	
-11.5	62.3	5.7	0.8	
-6.6	79.5	-1.7	-4.1	
-1.7	84.4	8.2	-1.7	
3.2	50.0	0.8	-1.7	
3.2	57.4	0.8	0.8	
8.2	52.4	8.2	0.8	
25.4	62.3	5.7	0.8	
3.2	5.7	10.6	-1.7	
5.7	-9.1	10.6	-4.1	
3.2	-50.9	5.7	15.5	
10.6	-73.0	10.6	0.8	
-6.6	-58.3	5.7	5.7	
10.6	-18.9	0.8	0.8	
13.1	-31.2	0.8	-6.6	
20.5	13.1	8.2	5.7	
13.1	25.4	8.2	5.7	
13.1	50.0	5.7	15.5	
30.3	59.8	5.7	5.7	
42.6	79.5	10.6	-4.1	
25.4	62.3	3.2	10.6	
20.5	50.0	15.5	3.2	
25.4	35.2	10.6	0.8	
20.5	20.5	13.1	-1.7	
10.6	20.5	18.0	3.2	
3.2	20.5	15.5	8.2	
8.2	42.6	8.2	5.7	
3.2	57.4	15.5	3.2	
13.1	50.0	0.8	5.7	
22.9	57.4	-11.5	0.8	
10.6	18.0	5.7	-4.1	
15.5	0.8	0.8	-1.7	
40.1	-14.0	10.6	30.3	
30.3	5.7	3.2	10.6	
18.0	30.3	13.1	8.2	
27.8	-6.6	5.7	25.4	
18.0	8.2	15.5	25.4	
27.8	18.0	20.5	8.2	
32.8	30.3	15.5	-9.1	
32.8	42.6	18.0	3.2	
5.7	52.4	20.5	-14.0	
0.8	50.0	10.6	-4.1	
-1.7	40.1	5.7	-6.6	
-1.7	18.0	18.0	-1.7	
5.7	20.5	18.0	0.8	
10.6	15.5	18.0	5.7	
5.7	10.6	15.5	35.2	
8.2	10.6	10.6	42.6	
13.1	20.5	-9.1	3.2	
22.9	27.8	5.7	-9.1	
22.9	32.8	0.8	8.2	
-1.7	57.4	-4.1	-1.7	
13.1	40.1	3.2	-4.1	
3.2	52.4	3.2	15.5	
18.0	59.8	5.7	27.8	
20.5	57.4	-4.1	10.6	
27.8	59.8	0.8	-6.6	
25.4	54.9	20.5	8.2	
13.1	-9.1	5.7	3.2	
18.0	-21.4	3.2	-6.6	
3.2	8.2	5.7	0.8	
5.7	27.8	8.2	20.5	
15.5	22.9	3.2	10.6	
27.8	27.8	8.2	0.8	
25.4	18.0	-1.7	10.6	
13.1	18.0	-1.7	13.1	
8.2	30.3	-1.7	10.6	
27.8	18.0	3.2	10.6	
20.5	25.4	5.7	0.8	
15.5	22.9	13.1	5.7	
15.5	15.5	10.6	15.5	
15.5	25.4	5.7	13.1	
13.1	27.8	13.1	15.5	
8.2	42.6	5.7	8.2	
13.1	47.5	15.5	10.6	
15.5	37.7	13.1	0.8	
18.0	42.6	-1.7	5.7	
13.1	47.5	-1.7	0.8	
25.4	54.9	-1.7	-1.7	
35.2	20.5	10.6	10.6	
25.4	18.0	-1.7	13.1	
25.4	45.1	-1.7	10.6	
25.4	52.4	5.7	0.8	
18.0	30.3	-4.1	5.7	
10.6	3.2	5.7	5.7	
10.6	-26.3	8.2	5.7	
5.7	-26.3	-6.6	3.2	
-1.7	-1.7	0.8	8.2	
3.2	-1.7	5.7	-6.6	
-4.1	-6.6	0.8	-9.1	
-6.6	13.1	-1.7	-1.7	
-1.7	47.5	3.2	-4.1	
-1.7	32.8	-6.6	-1.7	
10.6	50.0	0.8	8.2	
10.6	30.3	3.2	8.2	
30.3	32.8	10.6	20.5	
32.8	5.7	3.2	22.9	
27.8	22.9	3.2	25.4	
18.0	22.9	8.2	-11.5	
8.2	18.0	13.1	0.8	
3.2	25.4	15.5	5.7	
3.2	35.2	5.7	-1.7	
8.2	52.4	0.8	-6.6	
10.6	62.3	8.2	5.7	
25.4	59.8	3.2	0.8	
18.0	74.6	0.8	-1.7	
25.4	99.2	-4.1	-9.1	
22.9	84.4	-6.6	3.2	
13.1	35.2	-1.7	10.6	
13.1	37.7	5.7	22.9	
13.1	45.1	-4.1	32.8	
5.7	0.8	0.8	5.7	
8.2	-65.6	5.7	0.8	
22.9	-55.8	-9.1	8.2	
27.8	-43.5	3.2	10.6	
20.5	-26.3	-1.7	-1.7	
30.3	0.8	0.8	5.7	
35.2	25.4	5.7	-11.5	
20.5	32.8	-11.5	-6.6	
18.0	40.1	-4.1	-1.7	
-1.7	35.2	5.7	-1.7	
-4.1	45.1	15.5	-1.7	
-11.5	25.4	13.1	-1.7	
-9.1	27.8	13.1	0.8	
-11.5	47.5	25.4	-14.0	
13.1	57.4	10.6	18.0	
18.0	54.9	0.8	32.8	
20.5	40.1	-1.7	10.6	
27.8	15.5	5.7	20.5	
20.5	5.7	3.2	18.0	
25.4	5.7	0.8	-1.7	
8.2	20.5	13.1	13.1	
20.5	20.5	5.7	15.5	
18.0	-16.4	8.2	22.9	
10.6	-21.4	-1.7	13.1	
5.7	62.3	8.2	0.8	
0.8	91.8	-1.7	-1.7	
3.2	52.4	8.2	3.2	
13.1	59.8	0.8	0.8	
-4.1	32.8	0.8	5.7	
0.8	-1.7	-4.1	-9.1	
0.8	0.8	0.8	-9.1	
13.1	22.9	10.6	-18.9	
20.5	27.8	13.1	-4.1	
27.8	18.0	18.0	-11.5	
35.2	8.2	8.2	10.6	
40.1	10.6	5.7	13.1	
20.5	20.5	-1.7	22.9	
15.5	25.4	8.2	25.4	
5.7	32.8	13.1	15.5	
13.1	25.4	0.8	8.2	
20.5	27.8	13.1	-6.6	
37.7	27.8	5.7	-4.1	
25.4	22.9	5.7	3.2	
22.9	27.8	5.7	13.1	
22.9	32.8	18.0	18.0	
30.3	37.7	13.1	15.5	
35.2	35.2	22.9	-6.6	
32.8	25.4	10.6	-6.6	
27.8	25.4	3.2	-4.1	
25.4	25.4	8.2	-4.1	
25.4	25.4	5.7	-6.6	
20.5	22.9	5.7	18.0	
27.8	20.5	5.7	10.6	
15.5	32.8	3.2	5.7	
18.0	40.1	-6.6	10.6	
25.4	40.1	10.6	-6.6	
32.8	40.1	5.7	-14.0	
27.8	52.4	0.8	-9.1	
32.8	47.5	-4.1	-4.1	
22.9	59.8	10.6	-9.1	
25.4	59.8	-1.7	-4.1	
20.5	57.4	0.8	8.2	
8.2	69.7	-1.7	-14.0	
-21.4	27.8	5.7	0.8	
-28.7	5.7	3.2	15.5	
-14.0	54.9	8.2	8.2	
-11.5	45.1	-4.1	20.5	
-14.0	25.4	5.7	18.0	
-4.1	42.6	10.6	5.7	
-1.7	32.8	0.8	20.5	
-4.1	82.0	-1.7	35.2	
0.8	45.1	-6.6	15.5	
13.1	-9.1	-6.6	10.6	
15.5	-50.9	-6.6	10.6	
22.9	-31.2	10.6	3.2	
20.5	-1.7	0.8	0.8	
3.2	8.2	3.2	-9.1	
8.2	30.3	5.7	3.2	
18.0	32.8	8.2	15.5	
18.0	18.0	-4.1	3.2	
22.9	5.7	10.6	-4.1	
30.3	-1.7	10.6	-4.1	
20.5	-1.7	-6.6	-4.1	
37.7	40.1	8.2	0.8	
27.8	54.9	0.8	0.8	
30.3	30.3	-1.7	-11.5	
22.9	40.1	15.5	8.2	
30.3	30.3	3.2	3.2	
13.1	18.0	5.7	8.2	
30.3	3.2	5.7	-11.5	
32.8	8.2	10.6	-9.1	
22.9	15.5	3.2	3.2	
15.5	37.7	0.8	-11.5	
13.1	27.8	15.5	0.8	
10.6	27.8	15.5	-4.1	
-1.7	30.3	0.8	10.6	
-11.5	40.1	13.1	37.7	
10.6	35.2	18.0	45.1	
27.8	40.1	15.5	3.2	
35.2	37.7	13.1	-16.4	
27.8	30.3	0.8	-9.1	
25.4	40.1	5.7	8.2	
18.0	52.4	10.6	18.0	
20.5	52.4	8.2	22.9	
25.4	52.4	5.7	8.2	
32.8	42.6	8.2	0.8	
22.9	10.6	10.6	3.2	
22.9	-9.1	8.2	-4.1	
5.7	3.2	8.2	-9.1	
-11.5	25.4	8.2	-9.1	
0.8	32.8	13.1	20.5	
-1.7	30.3	18.0	32.8	
5.7	22.9	8.2	20.5	
5.7	25.4	5.7	15.5	
10.6	27.8	5.7	18.0	
15.5	27.8	10.6	15.5	
20.5	22.9	3.2	3.2	
13.1	25.4	3.2	0.8	
15.5	8.2	10.6	0.8	
3.2	22.9	8.2	0.8	
13.1	45.1	10.6	3.2	
37.7	45.1	5.7	3.2	
25.4	59.8	0.8	8.2	
20.5	52.4	13.1	0.8	
15.5	45.1	8.2	0.8	
30.3	37.7	13.1	3.2	
25.4	32.8	8.2	15.5	
30.3	25.4	-4.1	0.8	
22.9	10.6	5.7	-1.7	
20.5	5.7	8.2	-4.1	
32.8	3.2	13.1	3.2	
47.5	13.1	5.7	-11.5	
30.3	13.1	3.2	-6.6	
5.7	27.8	0.8	13.1	
5.7	20.5	0.8	18.0	
20.5	-6.6	0.8	-1.7	
20.5	3.2	10.6	-1.7	
18.0	5.7	-1.7	-4.1	
15.5	15.5	0.8	3.2	
8.2	20.5	0.8	-1.7	
20.5	3.2	8.2	22.9	
20.5	-1.7	-6.6	18.0	
3.2	13.1	3.2	13.1	
20.5	27.8	8.2	30.3	
15.5	40.1	-4.1	8.2	
18.0	32.8	3.2	-16.4	
13.1	20.5	-1.7	5.7	
10.6	13.1	10.6	-6.6	
18.0	57.4	-1.7	8.2	
18.0	54.9	3.2	-1.7	
8.2	35.2	0.8	-14.0	
8.2	-4.1	3.2	5.7	
-11.5	-38.6	-4.1	0.8	
-33.7	-21.4	0.8	-4.1	
-31.2	-38.6	-6.6	-1.7	
-21.4	-38.6	13.1	22.9	
-16.4	-55.8	5.7	10.6	
0.8	-6.6	-1.7	0.8	
10.6	3.2	10.6	13.1	
13.1	15.5	5.7	18.0	
27.8	40.1	3.2	13.1	
18.0	42.6	0.8	5.7	
30.3	62.3	0.8	-4.1	
25.4	99.2	-6.6	-9.1	
15.5	133.6	3.2	-11.5	
13.1	138.5	0.8	8.2	
25.4	126.2	0.8	18.0	
32.8	109.0	-1.7	27.8	
27.8	116.4	0.8	3.2	
22.9	64.7	15.5	3.2	
35.2	45.1	8.2	8.2	
27.8	72.1	-6.6	13.1	
20.5	67.2	-4.1	15.5	
25.4	69.7	-1.7	3.2	
25.4	74.6	-6.6	3.2	
22.9	89.3	-1.7	10.6	
27.8	109.0	10.6	5.7	
27.8	126.2	5.7	5.7	
20.5	47.5	0.8	13.1	
20.5	57.4	-14.0	37.7	
25.4	84.4	0.8	20.5	
30.3	54.9	5.7	8.2	
35.2	32.8	3.2	-4.1	
20.5	20.5	3.2	0.8	
25.4	27.8	-6.6	8.2	
18.0	-16.4	3.2	20.5	
0.8	-23.8	-4.1	5.7	
0.8	-9.1	3.2	5.7	
10.6	-1.7	8.2	5.7	
13.1	8.2	0.8	-1.7	
15.5	20.5	8.2	0.8	
10.6	10.6	5.7	5.7	
18.0	-36.1	-4.1	10.6	
18.0	-63.2	0.8	0.8	
32.8	-36.1	-1.7	3.2	
37.7	-26.3	3.2	15.5	
30.3	15.5	3.2	8.2	
15.5	27.8	0.8	-6.6	
5.7	20.5	-1.7	5.7	
0.8	22.9	8.2	3.2	
-9.1	40.1	3.2	3.2	
-14.0	40.1	0.8	10.6	
0.8	-11.5	8.2	5.7	
15.5	-23.8	10.6	0.8	
22.9	-14.0	0.8	0.8	
5.7	-23.8	3.2	10.6	
13.1	-16.4	-6.6	-6.6	
25.4	5.7	5.7	-1.7	
27.8	30.3	-6.6	8.2	
3.2	15.5	-1.7	0.8	
8.2	20.5	5.7	-4.1	
8.2	18.0	3.2	5.7	
10.6	30.3	5.7	10.6	
3.2	27.8	0.8	-1.7	
18.0	30.3	5.7	8.2	
35.2	37.7	0.8	18.0	
42.6	32.8	13.1	8.2	
40.1	45.1	5.7	-1.7	
45.1	47.5	10.6	10.6	
20.5	52.4	-6.6	5.7	
25.4	54.9	3.2	15.5	
15.5	47.5	5.7	0.8	
25.4	54.9	3.2	-1.7	
18.0	35.2	8.2	-1.7	
27.8	-6.6	8.2	0.8	
37.7	-16.4	-1.7	13.1	
35.2	27.8	0.8	5.7	
20.5	37.7	5.7	8.2	
15.5	10.6	13.1	3.2	
-9.1	0.8	5.7	10.6	
0.8	22.9	8.2	0.8	
5.7	45.1	3.2	-1.7	
3.2	74.6	5.7	-1.7	
8.2	40.1	13.1	-6.6	
8.2	30.3	20.5	3.2	
0.8	27.8	8.2	-14.0	
8.2	47.5	-11.5	10.6	
3.2	27.8	0.8	10.6	
22.9	-4.1	5.7	5.7	
30.3	13.1	5.7	-6.6	
15.5	10.6	3.2	13.1	
15.5	-11.5	0.8	5.7	
10.6	15.5	18.0	0.8	
-1.7	20.5	13.1	3.2	
-1.7	5.7	8.2	0.8	
8.2	15.5	10.6	0.8	
8.2	30.3	13.1	0.8	
15.5	25.4	15.5	0.8	
20.5	27.8	20.5	8.2	
15.5	42.6	8.2	-1.7	
8.2	37.7	18.0	0.8	
13.1	40.1	10.6	0.8	
18.0	18.0	0.8	3.2	
13.1	27.8	3.2	5.7	
18.0	25.4	5.7	8.2	
15.5	42.6	13.1	-4.1	
0.8	35.2	5.7	5.7	
3.2	27.8	8.2	5.7	
-1.7	30.3	8.2	-11.5	
-4.1	15.5	13.1	0.8	
3.2	15.5	18.0	-6.6	
10.6	35.2	0.8	3.2	
18.0	32.8	5.7	3.2	
40.1	37.7	-1.7	-1.7	
42.6	30.3	8.2	3.2	
30.3	52.4	3.2	5.7	
25.4	45.1	8.2	-6.6	
15.5	35.2	10.6	-16.4	
8.2	40.1	3.2	-6.6	
15.5	45.1	0.8	0.8	
10.6	57.4	8.2	5.7	
-11.5	47.5	0.8	-4.1	
5.7	42.6	0.8	30.3	
0.8	25.4	-4.1	18.0	
-1.7	5.7	-6.6	8.2	
-1.7	-11.5	-4.1	3.2	
15.5	15.5	3.2	13.1	
13.1	30.3	13.1	10.6	
18.0	30.3	3.2	-1.7	
30.3	22.9	0.8	8.2	
32.8	25.4	0.8	-4.1	
30.3	18.0	5.7	-11.5	
32.8	-1.7	0.8	30.3	
32.8	-28.7	3.2	10.6	
15.5	18.0	10.6	5.7	
3.2	47.5	13.1	10.6	
-4.1	27.8	22.9	15.5	
-1.7	27.8	0.8	3.2	
-1.7	22.9	10.6	-4.1	
-9.1	15.5	5.7	-6.6	
8.2	13.1	5.7	-9.1	
-4.1	22.9	3.2	0.8	
-1.7	40.1	8.2	10.6	
10.6	42.6	0.8	25.4	
25.4	40.1	-1.7	0.8	
37.7	54.9	0.8	-9.1	
27.8	54.9	5.7	-9.1	
22.9	25.4	-1.7	3.2	
13.1	13.1	3.2	5.7	
30.3	37.7	0.8	-1.7	
18.0	25.4	3.2	-1.7	
30.3	18.0	5.7	-14.0	
27.8	13.1	8.2	0.8	
20.5	37.7	3.2	-1.7	
15.5	37.7	8.2	13.1	
18.0	13.1	5.7	8.2	
20.5	35.2	13.1	-1.7	
25.4	32.8	18.0	0.8	
22.9	30.3	5.7	5.7	
27.8	37.7	0.8	5.7	
15.5	52.4	0.8	0.8	
8.2	59.8	-1.7	15.5	
-1.7	54.9	3.2	35.2	
3.2	54.9	8.2	-1.7	
0.8	62.3	8.2	3.2	
15.5	64.7	-6.6	5.7	
20.5	52.4	0.8	22.9	
37.7	5.7	-4.1	40.1	
15.5	-4.1	5.7	15.5	
15.5	-16.4	5.7	13.1	
15.5	-1.7	10.6	0.8	
15.5	-1.7	-6.6	-1.7	
25.4	-14.0	0.8	10.6	
20.5	3.2	3.2	0.8	
27.8	8.2	-1.7	8.2	
20.5	-23.8	5.7	8.2	
32.8	-18.9	8.2	10.6	
22.9	10.6	-1.7	5.7	
13.1	35.2	10.6	-11.5	
10.6	47.5	-4.1	-4.1	
13.1	72.1	3.2	-9.1	
15.5	54.9	-9.1	-1.7	
10.6	37.7	0.8	-16.4	
5.7	62.3	13.1	0.8	
18.0	47.5	5.7	5.7	
8.2	20.5	0.8	-4.1	
3.2	13.1	5.7	-9.1	
8.2	27.8	0.8	0.8	
3.2	25.4	-4.1	5.7	
0.8	-18.9	0.8	8.2	
-4.1	0.8	3.2	13.1	
-6.6	13.1	-6.6	0.8	
0.8	27.8	-4.1	-4.1	
8.2	22.9	-1.7	5.7	
22.9	13.1	3.2	0.8	
15.5	15.5	15.5	3.2	
18.0	18.0	3.2	0.8	
22.9	20.5	3.2	3.2	
15.5	22.9	0.8	3.2	
-1.7	20.5	5.7	-6.6	
8.2	22.9	8.2	5.7	
10.6	27.8	3.2	3.2	
27.8	20.5	3.2	-1.7	
37.7	15.5	3.2	3.2	
30.3	20.5	10.6	-1.7	
30.3	25.4	-1.7	0.8	
25.4	37.7	-4.1	15.5	
30.3	69.7	10.6	5.7	
10.6	82.0	5.7	0.8	
8.2	62.3	-1.7	-6.6	
-1.7	37.7	5.7	-4.1	
25.4	37.7	-1.7	-4.1	
22.9	3.2	8.2	5.7	
18.0	3.2	15.5	10.6	
15.5	3.2	18.0	15.5	
0.8	-14.0	5.7	22.9	
5.7	18.0	8.2	13.1	
-1.7	45.1	5.7	5.7	
10.6	13.1	15.5	-6.6	
8.2	20.5	5.7	-4.1	
8.2	13.1	8.2	-4.1	
13.1	0.8	-9.1	15.5	
8.2	8.2	5.7	15.5	
8.2	15.5	0.8	15.5	
0.8	27.8	8.2	13.1	
0.8	35.2	8.2	3.2	
18.0	40.1	18.0	0.8	
20.5	52.4	10.6	0.8	
-1.7	37.7	3.2	-1.7	
5.7	47.5	0.8	-4.1	
20.5	35.2	10.6	-1.7	
20.5	37.7	5.7	8.2	
13.1	30.3	-1.7	0.8	
20.5	20.5	8.2	-4.1	
20.5	-9.1	5.7	8.2	
22.9	-4.1	10.6	22.9	
22.9	18.0	10.6	8.2	
10.6	18.0	8.2	5.7	
8.2	30.3	3.2	-4.1	
15.5	25.4	13.1	-6.6	
10.6	22.9	20.5	3.2	
8.2	35.2	13.1	3.2	
8.2	37.7	18.0	-9.1	
15.5	37.7	18.0	0.8	
5.7	30.3	20.5	22.9	
-1.7	45.1	20.5	13.1	
0.8	35.2	13.1	-6.6	
10.6	40.1	15.5	0.8	
5.7	45.1	10.6	-6.6	
13.1	35.2	3.2	15.5	
22.9	40.1	8.2	27.8	
20.5	30.3	8.2	22.9	
35.2	27.8	5.7	25.4	
-1.7	22.9	3.2	25.4	
5.7	25.4	0.8	-1.7	
13.1	30.3	0.8	-9.1	
25.4	25.4	10.6	0.8	
13.1	25.4	13.1	-9.1	
15.5	15.5	15.5	0.8	
18.0	15.5	10.6	-6.6	
22.9	32.8	0.8	-1.7	
25.4	37.7	0.8	20.5	
15.5	27.8	15.5	27.8	
20.5	27.8	13.1	10.6	
15.5	32.8	13.1	15.5	
25.4	40.1	10.6	0.8	
15.5	35.2	0.8	0.8	
15.5	32.8	10.6	-1.7	
5.7	54.9	8.2	3.2	
3.2	54.9	3.2	-9.1	
22.9	45.1	13.1	-1.7	
30.3	47.5	8.2	5.7	
25.4	40.1	5.7	5.7	
25.4	22.9	-4.1	-1.7	
18.0	42.6	-1.7	5.7	
15.5	40.1	8.2	0.8	
30.3	40.1	8.2	5.7	
30.3	42.6	-1.7	3.2	
27.8	50.0	13.1	3.2	
18.0	10.6	8.2	10.6	
18.0	-21.4	13.1	5.7	
22.9	18.0	0.8	-1.7	
13.1	52.4	8.2	10.6	
22.9	18.0	0.8	-9.1	
30.3	13.1	3.2	-11.5	
20.5	30.3	3.2	3.2	
22.9	57.4	-4.1	10.6	
27.8	77.0	10.6	3.2	
18.0	72.1	-1.7	15.5	
20.5	62.3	0.8	5.7	
20.5	37.7	5.7	-6.6	
27.8	45.1	3.2	15.5	
22.9	8.2	-4.1	25.4	
18.0	-21.4	0.8	18.0	
27.8	8.2	8.2	-4.1	
15.5	15.5	-4.1	-11.5	
15.5	-6.6	0.8	3.2	
13.1	-1.7	5.7	3.2	
10.6	-14.0	8.2	-9.1	
-9.1	3.2	5.7	-1.7	
-4.1	25.4	-6.6	-4.1	
-6.6	35.2	8.2	8.2	
-4.1	27.8	-4.1	27.8	
3.2	32.8	3.2	42.6	
5.7	32.8	0.8	-1.7	
13.1	37.7	0.8	13.1	
13.1	35.2	-4.1	13.1	
18.0	45.1	-1.7	8.2	
22.9	35.2	8.2	3.2	
40.1	37.7	15.5	0.8	
18.0	27.8	13.1	3.2	
15.5	30.3	8.2	0.8	
25.4	27.8	0.8	0.8	
15.5	40.1	0.8	-11.5	
13.1	32.8	18.0	0.8	
25.4	47.5	5.7	-1.7	
20.5	54.9	8.2	-14.0	
22.9	35.2	-1.7	3.2	
27.8	35.2	3.2	3.2	
15.5	40.1	13.1	0.8	
32.8	32.8	3.2	8.2	
22.9	62.3	10.6	15.5	
22.9	50.0	-1.7	15.5	
25.4	50.0	3.2	5.7	
35.2	22.9	-4.1	5.7	
18.0	3.2	13.1	-9.1	
22.9	-26.3	10.6	-6.6	
22.9	-1.7	5.7	-11.5	
20.5	3.2	3.2	-6.6	
15.5	15.5	-1.7	3.2	
-1.7	30.3	13.1	25.4	
-4.1	45.1	8.2	18.0	
8.2	32.8	-4.1	8.2	
13.1	20.5	-1.7	3.2	
0.8	35.2	8.2	8.2	
-1.7	18.0	-4.1	0.8	
-9.1	3.2	0.8	0.8	
-11.5	20.5	5.7	-9.1	
0.8	37.7	-1.7	-4.1	
0.8	27.8	5.7	-16.4	
-6.6	20.5	15.5	-4.1	
8.2	25.4	18.0	10.6	
0.8	54.9	8.2	18.0	
5.7	74.6	10.6	3.2	
32.8	40.1	0.8	18.0	
37.7	13.1	3.2	15.5	
22.9	25.4	10.6	10.6	
27.8	35.2	-4.1	-4.1	
25.4	22.9	5.7	3.2	
8.2	47.5	3.2	-6.6	
3.2	42.6	-1.7	-4.1	
15.5	18.0	-4.1	-9.1	
20.5	-1.7	3.2	13.1	
27.8	-1.7	13.1	18.0	
22.9	8.2	8.2	8.2	
25.4	22.9	0.8	5.7	
20.5	35.2	0.8	-4.1	
13.1	37.7	3.2	10.6	
18.0	35.2	8.2	5.7	
15.5	20.5	5.7	13.1	
-4.1	5.7	8.2	-9.1	
18.0	3.2	5.7	3.2	
20.5	15.5	8.2	3.2	
15.5	18.0	5.7	-4.1	
20.5	18.0	8.2	-1.7	
15.5	27.8	5.7	-1.7	
18.0	30.3	0.8	3.2	
10.6	30.3	-9.1	22.9	
18.0	50.0	10.6	22.9	
18.0	54.9	-4.1	25.4	
18.0	57.4	3.2	20.5	
18.0	57.4	0.8	0.8	
13.1	54.9	15.5	10.6	
30.3	42.6	5.7	-6.6	
35.2	40.1	-1.7	-4.1	
15.5	27.8	10.6	0.8	
20.5	42.6	5.7	0.8	
35.2	45.1	5.7	3.2	
18.0	64.7	3.2	-4.1	
8.2	32.8	5.7	-9.1	
15.5	0.8	5.7	5.7	
22.9	18.0	8.2	-6.6	
15.5	35.2	18.0	-11.5	
5.7	-38.6	13.1	0.8	
8.2	-6.6	5.7	10.6	
3.2	-9.1	0.8	18.0	
8.2	13.1	-1.7	40.1	
3.2	8.2	-4.1	18.0	
8.2	35.2	-1.7	8.2	
13.1	54.9	8.2	-4.1	
15.5	22.9	-6.6	-4.1	
15.5	13.1	3.2	-1.7	
20.5	47.5	8.2	8.2	
30.3	40.1	8.2	20.5	
13.1	15.5	0.8	20.5	
22.9	-4.1	-6.6	-1.7	
13.1	18.0	10.6	15.5	
13.1	37.7	5.7	18.0	
8.2	37.7	10.6	3.2	
18.0	50.0	5.7	-9.1	
32.8	69.7	0.8	-9.1	
22.9	86.9	8.2	0.8	
37.7	79.5	8.2	-4.1	
22.9	47.5	8.2	0.8	
32.8	22.9	3.2	5.7	
32.8	8.2	5.7	8.2	
20.5	20.5	5.7	10.6	
10.6	-16.4	5.7	15.5	
13.1	-14.0	-1.7	0.8	
-1.7	-55.8	-1.7	0.8	
-11.5	-65.6	8.2	-4.1	
-9.1	-4.1	-4.1	5.7	
-1.7	18.0	13.1	3.2	
0.8	52.4	10.6	3.2	
5.7	42.6	10.6	8.2	
3.2	30.3	5.7	-1.7	
15.5	22.9	5.7	5.7	
8.2	45.1	5.7	-18.9	
13.1	50.0	0.8	-4.1	
20.5	77.0	8.2	3.2	
25.4	37.7	3.2	10.6	
20.5	40.1	13.1	18.0	
18.0	18.0	10.6	13.1	
8.2	-14.0	5.7	3.2	
0.8	13.1	5.7	5.7	
-4.1	-6.6	-1.7	5.7	
-9.1	-14.0	8.2	10.6	
-4.1	-4.1	8.2	8.2	
5.7	13.1	5.7	0.8	
-1.7	37.7	8.2	-9.1	
0.8	30.3	-1.7	-4.1	
15.5	67.2	0.8	-4.1	
22.9	89.3	3.2	3.2	
25.4	77.0	0.8	8.2	
22.9	54.9	0.8	-4.1	
15.5	20.5	0.8	-6.6	
8.2	-14.0	5.7	3.2	
10.6	-31.2	-1.7	0.8	
20.5	-11.5	0.8	15.5	
22.9	-11.5	5.7	20.5	
32.8	-1.7	13.1	13.1	
27.8	15.5	10.6	-1.7	
27.8	37.7	5.7	8.2	
18.0	79.5	3.2	0.8	
20.5	50.0	-1.7	15.5	
13.1	25.4	-1.7	22.9	
15.5	32.8	3.2	-1.7	
10.6	40.1	-1.7	-1.7	
8.2	22.9	0.8	27.8	
22.9	22.9	3.2	10.6	
8.2	13.1	3.2	0.8	
8.2	30.3	3.2	10.6	
-11.5	27.8	-9.1	5.7	
-14.0	45.1	5.7	10.6	
-14.0	54.9	10.6	8.2	
-9.1	47.5	3.2	15.5	
18.0	47.5	0.8	5.7	
13.1	30.3	-4.1	0.8	
20.5	25.4	-6.6	-14.0	
18.0	37.7	-1.7	5.7	
15.5	45.1	0.8	3.2	
20.5	37.7	0.8	-1.7	
22.9	35.2	-11.5	0.8	
25.4	25.4	0.8	-1.7	
32.8	40.1	15.5	0.8	
22.9	25.4	8.2	8.2	
20.5	42.6	5.7	3.2	
22.9	54.9	3.2	10.6	
25.4	52.4	5.7	-1.7	
15.5	45.1	0.8	0.8	
22.9	27.8	10.6	0.8	
15.5	20.5	0.8	3.2	
8.2	37.7	0.8	22.9	
8.2	64.7	13.1	22.9	
5.7	62.3	8.2	-6.6	
10.6	27.8	10.6	-4.1	
15.5	35.2	5.7	-6.6	
8.2	37.7	8.2	20.5	
13.1	32.8	5.7	15.5	
15.5	20.5	13.1	18.0	
13.1	-16.4	8.2	3.2	
25.4	-14.0	8.2	10.6	
54.9	-4.1	13.1	13.1	
35.2	25.4	10.6	13.1	
20.5	20.5	3.2	3.2	
13.1	25.4	0.8	0.8	
5.7	25.4	8.2	3.2	
8.2	27.8	0.8	3.2	
18.0	37.7	3.2	5.7	
27.8	18.0	3.2	0.8	
37.7	22.9	8.2	-6.6	
25.4	37.7	13.1	3.2	
18.0	47.5	5.7	-9.1	
22.9	54.9	3.2	-1.7	
30.3	32.8	3.2	-4.1	
40.1	20.5	-1.7	0.8	
32.8	-16.4	3.2	18.0	
27.8	-1.7	-1.7	13.1	
18.0	30.3	3.2	5.7	
18.0	69.7	3.2	3.2	
42.6	54.9	3.2	13.1	
52.4	27.8	8.2	5.7	
32.8	35.2	5.7	15.5	
18.0	30.3	10.6	-4.1	
20.5	35.2	8.2	-9.1	
20.5	30.3	-9.1	-4.1	
25.4	13.1	10.6	0.8	
27.8	25.4	13.1	0.8	
10.6	32.8	10.6	22.9	
-4.1	30.3	0.8	22.9	
-4.1	27.8	5.7	3.2	
3.2	50.0	-4.1	-6.6	
13.1	50.0	0.8	13.1	
18.0	50.0	3.2	5.7	
3.2	57.4	-6.6	10.6	
3.2	45.1	-6.6	-4.1	
3.2	25.4	10.6	-6.6	
5.7	20.5	5.7	8.2	
18.0	30.3	10.6	0.8	
22.9	37.7	15.5	0.8	
15.5	42.6	13.1	8.2	
30.3	25.4	20.5	-4.1	
27.8	32.8	15.5	-9.1	
22.9	-9.1	5.7	-1.7	
22.9	-16.4	-1.7	10.6	
20.5	37.7	5.7	0.8	
18.0	5.7	8.2	-4.1	
3.2	-4.1	3.2	-1.7	
-21.4	22.9	5.7	3.2	
-4.1	42.6	0.8	15.5	
10.6	42.6	3.2	10.6	
15.5	42.6	0.8	-1.7	
13.1	45.1	13.1	3.2	
13.1	47.5	3.2	8.2	
18.0	47.5	8.2	-4.1	
10.6	35.2	-1.7	0.8	
15.5	25.4	10.6	0.8	
18.0	-1.7	5.7	0.8	
13.1	25.4	0.8	-1.7	
25.4	32.8	-1.7	18.0	
10.6	13.1	0.8	13.1	
13.1	18.0	5.7	18.0	
35.2	40.1	3.2	5.7	
25.4	27.8	5.7	-4.1	
20.5	35.2	10.6	-9.1	
13.1	45.1	3.2	5.7	
10.6	45.1	5.7	0.8	
3.2	10.6	-4.1	5.7	
8.2	-16.4	5.7	18.0	
18.0	5.7	8.2	18.0	
13.1	13.1	5.7	5.7	
13.1	40.1	5.7	5.7	
18.0	40.1	5.7	-1.7	
5.7	25.4	0.8	-11.5	
10.6	37.7	10.6	-9.1	
5.7	15.5	3.2	-6.6	
0.8	8.2	8.2	10.6	
0.8	-4.1	-1.7	20.5	
3.2	-9.1	-1.7	5.7	
0.8	3.2	0.8	-1.7	
10.6	5.7	18.0	10.6	
18.0	18.0	8.2	-14.0	
27.8	64.7	0.8	-11.5	
25.4	72.1	5.7	20.5	
25.4	82.0	-1.7	22.9	
27.8	42.6	8.2	8.2	
20.5	20.5	0.8	-6.6	
20.5	20.5	-1.7	-9.1	
20.5	32.8	0.8	22.9	
15.5	27.8	-4.1	8.2	
30.3	45.1	5.7	-9.1	
25.4	18.0	10.6	15.5	
27.8	-4.1	-4.1	22.9	
27.8	-33.7	-1.7	20.5	
37.7	0.8	13.1	8.2	
32.8	-4.1	18.0	-11.5	
18.0	-26.3	0.8	5.7	
13.1	-26.3	-9.1	15.5	
8.2	-6.6	5.7	3.2	
5.7	-16.4	8.2	-9.1	
3.2	-11.5	-1.7	-6.6	
22.9	-6.6	5.7	8.2	
15.5	0.8	-6.6	10.6	
13.1	22.9	-6.6	-1.7	
15.5	10.6	10.6	5.7	
3.2	3.2	8.2	8.2	
-9.1	20.5	5.7	-1.7	
0.8	22.9	0.8	-4.1	
-11.5	0.8	5.7	-1.7	
0.8	3.2	5.7	-1.7	
-14.0	0.8	8.2	3.2	
-31.2	10.6	3.2	-9.1	
-26.3	8.2	3.2	5.7	
-14.0	0.8	3.2	13.1	
-6.6	22.9	10.6	-6.6	
-6.6	-4.1	5.7	0.8	
0.8	10.6	-4.1	40.1	
3.2	22.9	5.7	20.5	
20.5	37.7	3.2	3.2	
5.7	59.8	0.8	5.7	
5.7	94.3	8.2	10.6	
20.5	116.4	8.2	3.2	
18.0	150.8	5.7	3.2	
20.5	138.5	5.7	5.7	
25.4	133.6	0.8	8.2	
20.5	104.1	-1.7	0.8	
47.5	101.6	8.2	3.2	
40.1	91.8	0.8	3.2	
37.7	91.8	8.2	3.2	
18.0	72.1	13.1	0.8	
32.8	25.4	15.5	-1.7	
30.3	40.1	18.0	-6.6	
32.8	89.3	5.7	-9.1	
18.0	91.8	5.7	10.6	
3.2	37.7	15.5	20.5	
-6.6	35.2	22.9	15.5	
3.2	40.1	10.6	5.7	
-1.7	62.3	3.2	-1.7	
13.1	79.5	3.2	0.8	
27.8	67.2	0.8	5.7	
20.5	40.1	3.2	13.1	
30.3	32.8	5.7	3.2	
35.2	37.7	8.2	-1.7	
45.1	37.7	13.1	0.8	
30.3	10.6	0.8	3.2	
20.5	-1.7	3.2	8.2	
15.5	-6.6	3.2	0.8	
18.0	-28.7	13.1	0.8	
22.9	-14.0	5.7	3.2	
18.0	-6.6	0.8	8.2	
35.2	-4.1	-1.7	15.5	
22.9	8.2	8.2	18.0	
22.9	18.0	13.1	3.2	
18.0	18.0	13.1	-1.7	
20.5	15.5	20.5	-6.6	
18.0	20.5	10.6	0.8	
15.5	35.2	0.8	0.8	
22.9	22.9	0.8	5.7	
13.1	25.4	0.8	-1.7	
0.8	35.2	3.2	18.0	
-1.7	30.3	18.0	-1.7	
0.8	25.4	15.5	-1.7	
5.7	-11.5	8.2	-1.7	
3.2	-18.9	0.8	0.8	
13.1	8.2	-9.1	5.7	
3.2	30.3	3.2	0.8	
8.2	0.8	18.0	-1.7	
27.8	-6.6	18.0	0.8	
35.2	10.6	10.6	5.7	
32.8	25.4	3.2	0.8	
18.0	77.0	5.7	0.8	
25.4	32.8	5.7	-4.1	
15.5	18.0	5.7	10.6	
20.5	-4.1	8.2	3.2	
13.1	18.0	10.6	15.5	
20.5	15.5	10.6	5.7	
5.7	22.9	3.2	-1.7	
5.7	-4.1	3.2	-4.1	
13.1	20.5	-4.1	8.2	
25.4	54.9	-1.7	15.5	
18.0	32.8	5.7	27.8	
0.8	64.7	0.8	10.6	
10.6	67.2	5.7	8.2	
8.2	57.4	13.1	8.2	
3.2	72.1	10.6	0.8	
3.2	27.8	5.7	8.2	
-6.6	-41.0	8.2	10.6	
10.6	-38.6	3.2	3.2	
8.2	-38.6	15.5	-4.1	
-1.7	-26.3	3.2	-6.6	
0.8	18.0	3.2	-14.0	
3.2	15.5	3.2	-4.1	
5.7	8.2	8.2	-11.5	
5.7	3.2	-4.1	10.6	
5.7	0.8	13.1	5.7	
8.2	10.6	13.1	0.8	
15.5	22.9	8.2	20.5	
32.8	40.1	5.7	20.5	
25.4	30.3	-1.7	15.5	
25.4	20.5	3.2	5.7	
18.0	45.1	0.8	-4.1	
15.5	42.6	10.6	-6.6	
3.2	25.4	5.7	15.5	
0.8	18.0	0.8	3.2	
18.0	35.2	3.2	-9.1	
25.4	50.0	0.8	-4.1	
30.3	52.4	5.7	5.7	
32.8	45.1	-1.7	8.2	
8.2	45.1	0.8	15.5	
15.5	35.2	0.8	8.2	
10.6	27.8	3.2	-1.7	
8.2	20.5	8.2	-1.7	
