sensor1	sensor2	sensor3	sensor4	
74.6	22.9	-4.1	3.2	
50.0	27.8	-1.7	10.6	
42.6	25.4	-4.1	-9.1	
8.2	13.1	13.1	-4.1	
-38.6	20.5	0.8	13.1	
-85.3	18.0	0.8	15.5	
-70.6	35.2	-1.7	0.8	
-36.1	18.0	5.7	-1.7	
10.6	25.4	3.2	8.2	
10.6	45.1	3.2	0.8	
25.4	54.9	5.7	8.2	
30.3	52.4	-1.7	0.8	
27.8	47.5	3.2	5.7	
18.0	72.1	5.7	0.8	
18.0	64.7	0.8	3.2	
13.1	45.1	0.8	15.5	
13.1	20.5	-9.1	5.7	
13.1	-21.4	3.2	-6.6	
42.6	-14.0	0.8	8.2	
37.7	-11.5	10.6	0.8	
25.4	-31.2	-9.1	3.2	
27.8	-16.4	-4.1	3.2	
37.7	15.5	-1.7	27.8	
15.5	30.3	0.8	-6.6	
15.5	15.5	0.8	-31.2	
20.5	22.9	8.2	-9.1	
35.2	30.3	-1.7	-4.1	
52.4	20.5	-1.7	5.7	
62.3	-9.1	-11.5	0.8	
32.8	-6.6	0.8	3.2	
45.1	3.2	3.2	27.8	
37.7	37.7	0.8	20.5	
37.7	69.7	10.6	5.7	
8.2	54.9	8.2	-16.4	
5.7	27.8	0.8	-18.9	
5.7	37.7	8.2	13.1	
-4.1	40.1	8.2	27.8	
8.2	30.3	-1.7	27.8	
35.2	35.2	3.2	0.8	
45.1	40.1	0.8	-18.9	
42.6	37.7	3.2	-9.1	
25.4	47.5	3.2	8.2	
15.5	52.4	-4.1	8.2	
20.5	52.4	5.7	15.5	
-16.4	45.1	-4.1	20.5	
-1.7	47.5	3.2	8.2	
30.3	37.7	18.0	-6.6	
74.6	27.8	5.7	3.2	
64.7	15.5	0.8	5.7	
54.9	-1.7	3.2	-4.1	
62.3	-9.1	-4.1	0.8	
42.6	10.6	3.2	0.8	
13.1	8.2	3.2	3.2	
-9.1	10.6	8.2	0.8	
-46.0	18.0	5.7	-21.4	
-60.7	22.9	5.7	3.2	
-36.1	15.5	5.7	-4.1	
-31.2	0.8	0.8	3.2	
-9.1	13.1	5.7	-6.6	
15.5	20.5	13.1	-16.4	
57.4	32.8	8.2	8.2	
59.8	15.5	0.8	10.6	
32.8	18.0	5.7	-4.1	
-4.1	20.5	3.2	13.1	
-50.9	27.8	-4.1	40.1	
-43.5	42.6	0.8	35.2	
-18.9	37.7	3.2	-4.1	
3.2	64.7	8.2	-38.6	
10.6	72.1	3.2	-21.4	
22.9	62.3	3.2	13.1	
30.3	45.1	15.5	15.5	
10.6	40.1	13.1	0.8	
3.2	45.1	10.6	-14.0	
-9.1	57.4	0.8	-26.3	
35.2	59.8	8.2	10.6	
40.1	30.3	8.2	8.2	
45.1	-6.6	5.7	-11.5	
45.1	-28.7	15.5	5.7	
45.1	-26.3	10.6	25.4	
27.8	-6.6	5.7	3.2	
-1.7	27.8	0.8	8.2	
-23.8	64.7	3.2	5.7	
-26.3	72.1	-1.7	8.2	
-21.4	3.2	5.7	-4.1	
-68.1	-21.4	18.0	10.6	
-100.1	22.9	15.5	8.2	
-77.9	27.8	22.9	0.8	
-31.2	54.9	22.9	0.8	
22.9	50.0	8.2	3.2	
47.5	35.2	13.1	3.2	
89.3	47.5	15.5	-9.1	
111.5	52.4	20.5	3.2	
141.0	45.1	0.8	10.6	
160.7	42.6	3.2	-1.7	
180.4	50.0	3.2	10.6	
160.7	40.1	3.2	-16.4	
131.2	42.6	5.7	0.8	
77.0	22.9	20.5	8.2	
50.0	22.9	5.7	5.7	
-11.5	30.3	5.7	-1.7	
-68.1	5.7	18.0	5.7	
-127.1	-4.1	-1.7	3.2	
-151.7	8.2	5.7	8.2	
-122.2	10.6	10.6	20.5	
-102.5	13.1	8.2	37.7	
-60.7	32.8	0.8	3.2	
-28.7	50.0	3.2	-14.0	
-11.5	35.2	-4.1	-14.0	
18.0	45.1	18.0	-14.0	
30.3	32.8	10.6	-16.4	
40.1	37.7	-6.6	-1.7	
62.3	32.8	3.2	-1.7	
89.3	40.1	22.9	5.7	
67.2	32.8	13.1	3.2	
30.3	40.1	15.5	-4.1	
-4.1	32.8	8.2	5.7	
-28.7	47.5	3.2	8.2	
-50.9	52.4	3.2	-4.1	
-33.7	45.1	-6.6	-1.7	
5.7	42.6	0.8	3.2	
47.5	25.4	8.2	8.2	
74.6	27.8	8.2	0.8	
99.2	47.5	3.2	13.1	
116.4	27.8	0.8	15.5	
99.2	22.9	8.2	5.7	
89.3	27.8	-1.7	-4.1	
94.3	35.2	5.7	3.2	
67.2	22.9	-1.7	13.1	
37.7	35.2	10.6	20.5	
15.5	22.9	3.2	10.6	
-21.4	30.3	-6.6	8.2	
-58.3	13.1	3.2	5.7	
-41.0	18.0	5.7	-1.7	
-23.8	22.9	-9.1	-21.4	
-1.7	35.2	-1.7	5.7	
-4.1	32.8	5.7	8.2	
30.3	30.3	0.8	3.2	
77.0	32.8	-1.7	5.7	
74.6	30.3	-4.1	15.5	
67.2	40.1	3.2	8.2	
27.8	22.9	-4.1	0.8	
-16.4	18.0	5.7	-6.6	
-53.3	25.4	5.7	0.8	
-65.6	35.2	-4.1	-1.7	
-48.4	37.7	-1.7	3.2	
-46.0	30.3	-1.7	13.1	
-26.3	35.2	-1.7	-11.5	
0.8	27.8	0.8	-9.1	
20.5	35.2	3.2	0.8	
37.7	32.8	3.2	5.7	
47.5	32.8	0.8	10.6	
50.0	37.7	5.7	10.6	
62.3	30.3	3.2	5.7	
82.0	32.8	-1.7	3.2	
84.4	22.9	8.2	10.6	
79.5	27.8	3.2	5.7	
54.9	37.7	0.8	-6.6	
18.0	30.3	8.2	8.2	
-9.1	32.8	0.8	15.5	
-16.4	35.2	8.2	25.4	
-26.3	37.7	-1.7	13.1	
-18.9	32.8	3.2	-33.7	
-16.4	40.1	13.1	-1.7	
-11.5	37.7	5.7	5.7	
0.8	35.2	5.7	20.5	
3.2	20.5	5.7	0.8	
3.2	20.5	13.1	-23.8	
22.9	37.7	5.7	-4.1	
20.5	20.5	18.0	5.7	
35.2	30.3	15.5	-1.7	
62.3	25.4	10.6	15.5	
104.1	20.5	-6.6	10.6	
126.2	22.9	5.7	-1.7	
163.1	22.9	-6.6	15.5	
145.9	13.1	13.1	25.4	
72.1	13.1	5.7	-1.7	
18.0	25.4	8.2	5.7	
-21.4	18.0	10.6	-4.1	
-65.6	20.5	10.6	-4.1	
-105.0	25.4	5.7	8.2	
-129.6	27.8	5.7	-9.1	
-156.7	35.2	8.2	18.0	
-134.5	32.8	5.7	25.4	
-70.6	35.2	15.5	22.9	
-31.2	37.7	13.1	0.8	
5.7	35.2	15.5	-16.4	
35.2	30.3	15.5	-4.1	
57.4	27.8	5.7	20.5	
54.9	25.4	10.6	18.0	
10.6	27.8	18.0	-1.7	
-9.1	27.8	3.2	18.0	
-11.5	22.9	5.7	0.8	
-4.1	15.5	8.2	3.2	
3.2	25.4	15.5	-6.6	
52.4	35.2	0.8	13.1	
91.8	35.2	3.2	-14.0	
111.5	32.8	3.2	-1.7	
99.2	30.3	8.2	8.2	
67.2	32.8	10.6	-1.7	
32.8	40.1	8.2	13.1	
5.7	42.6	15.5	15.5	
-26.3	35.2	15.5	15.5	
-65.6	15.5	10.6	5.7	
-77.9	25.4	20.5	3.2	
-60.7	54.9	20.5	13.1	
-26.3	42.6	25.4	15.5	
-4.1	50.0	15.5	3.2	
13.1	57.4	8.2	5.7	
15.5	40.1	8.2	-1.7	
13.1	62.3	13.1	15.5	
13.1	62.3	13.1	8.2	
37.7	20.5	8.2	-16.4	
25.4	-1.7	5.7	0.8	
10.6	8.2	10.6	0.8	
-6.6	35.2	10.6	0.8	
13.1	25.4	0.8	-6.6	
27.8	54.9	5.7	5.7	
40.1	20.5	-9.1	15.5	
47.5	3.2	10.6	5.7	
47.5	20.5	5.7	-1.7	
35.2	32.8	10.6	-14.0	
-1.7	15.5	18.0	0.8	
-18.9	27.8	20.5	3.2	
-41.0	37.7	0.8	10.6	
-11.5	32.8	8.2	-1.7	
-11.5	35.2	5.7	-14.0	
18.0	59.8	3.2	-4.1	
67.2	59.8	-4.1	-6.6	
96.7	54.9	5.7	-9.1	
79.5	35.2	15.5	0.8	
62.3	35.2	13.1	18.0	
32.8	59.8	15.5	27.8	
3.2	69.7	0.8	-9.1	
-9.1	77.0	10.6	-9.1	
10.6	15.5	-1.7	-9.1	
25.4	-33.7	5.7	10.6	
47.5	-21.4	-1.7	-9.1	
67.2	-14.0	-6.6	-4.1	
74.6	-14.0	0.8	5.7	
82.0	5.7	0.8	10.6	
64.7	3.2	-1.7	-14.0	
50.0	20.5	3.2	5.7	
50.0	10.6	5.7	-1.7	
18.0	-6.6	8.2	0.8	
-11.5	22.9	10.6	0.8	
-36.1	5.7	-1.7	5.7	
-26.3	20.5	3.2	0.8	
-1.7	30.3	-6.6	-4.1	
13.1	32.8	0.8	-4.1	
3.2	45.1	5.7	-4.1	
-1.7	40.1	3.2	3.2	
18.0	30.3	3.2	-18.9	
47.5	35.2	5.7	0.8	
96.7	20.5	18.0	8.2	
99.2	32.8	18.0	-9.1	
74.6	32.8	5.7	-14.0	
27.8	27.8	5.7	-9.1	
-6.6	0.8	18.0	10.6	
-38.6	15.5	10.6	3.2	
-77.9	42.6	8.2	13.1	
-124.7	37.7	5.7	18.0	
-171.4	25.4	5.7	3.2	
-188.6	30.3	3.2	-33.7	
-137.0	30.3	10.6	10.6	
-97.6	37.7	0.8	13.1	
-68.1	47.5	5.7	3.2	
-50.9	35.2	3.2	-14.0	
-23.8	13.1	5.7	-4.1	
20.5	8.2	15.5	0.8	
35.2	3.2	8.2	5.7	
54.9	35.2	15.5	3.2	
67.2	67.2	18.0	-6.6	
57.4	42.6	10.6	15.5	
42.6	32.8	5.7	18.0	
54.9	37.7	8.2	8.2	
45.1	32.8	5.7	5.7	
40.1	30.3	8.2	8.2	
27.8	25.4	-11.5	-6.6	
27.8	27.8	8.2	-9.1	
50.0	37.7	18.0	13.1	
64.7	35.2	10.6	13.1	
77.0	22.9	3.2	-1.7	
79.5	37.7	3.2	20.5	
94.3	30.3	3.2	5.7	
74.6	37.7	5.7	-4.1	
67.2	27.8	3.2	10.6	
54.9	27.8	5.7	0.8	
57.4	27.8	-1.7	8.2	
40.1	27.8	0.8	5.7	
20.5	27.8	10.6	13.1	
-11.5	27.8	0.8	13.1	
-28.7	22.9	10.6	-4.1	
-26.3	30.3	10.6	-18.9	
-1.7	32.8	5.7	-6.6	
-4.1	27.8	10.6	5.7	
-4.1	32.8	3.2	18.0	
-9.1	30.3	15.5	10.6	
-28.7	27.8	15.5	-1.7	
-31.2	13.1	5.7	-18.9	
8.2	15.5	-1.7	-9.1	
45.1	22.9	-1.7	18.0	
52.4	25.4	8.2	5.7	
35.2	27.8	10.6	-6.6	
35.2	32.8	8.2	32.8	
18.0	20.5	3.2	-11.5	
20.5	20.5	10.6	-9.1	
50.0	27.8	10.6	0.8	
64.7	20.5	-1.7	3.2	
52.4	25.4	-1.7	-4.1	
25.4	35.2	8.2	3.2	
30.3	37.7	13.1	0.8	
67.2	37.7	15.5	0.8	
89.3	22.9	8.2	0.8	
79.5	30.3	8.2	8.2	
42.6	30.3	-1.7	0.8	
8.2	32.8	10.6	-4.1	
-11.5	32.8	5.7	3.2	
-9.1	47.5	5.7	3.2	
0.8	54.9	13.1	-1.7	
-26.3	42.6	15.5	-1.7	
-46.0	57.4	-1.7	0.8	
-75.5	47.5	15.5	10.6	
-90.2	59.8	20.5	8.2	
-70.6	57.4	0.8	-6.6	
-26.3	67.2	-1.7	3.2	
0.8	67.2	-4.1	3.2	
5.7	69.7	30.3	-4.1	
54.9	64.7	13.1	0.8	
84.4	72.1	5.7	-1.7	
91.8	47.5	8.2	3.2	
77.0	52.4	0.8	8.2	
64.7	27.8	10.6	-9.1	
40.1	37.7	3.2	-1.7	
10.6	32.8	5.7	5.7	
-4.1	27.8	0.8	8.2	
-33.7	20.5	3.2	20.5	
-21.4	22.9	13.1	20.5	
-6.6	32.8	13.1	5.7	
3.2	42.6	22.9	-6.6	
8.2	13.1	5.7	-4.1	
37.7	10.6	3.2	8.2	
37.7	-14.0	0.8	5.7	
40.1	-14.0	3.2	13.1	
27.8	-26.3	5.7	8.2	
18.0	-11.5	8.2	-9.1	
15.5	-16.4	-4.1	-9.1	
22.9	-14.0	8.2	-1.7	
15.5	-4.1	0.8	-1.7	
20.5	-18.9	5.7	8.2	
52.4	-21.4	8.2	-4.1	
77.0	-18.9	-14.0	5.7	
74.6	-23.8	3.2	13.1	
40.1	-14.0	0.8	0.8	
10.6	3.2	5.7	-1.7	
-38.6	18.0	10.6	3.2	
-58.3	30.3	8.2	0.8	
-85.3	35.2	8.2	5.7	
-141.9	18.0	18.0	3.2	
-151.7	27.8	8.2	0.8	
-109.9	18.0	3.2	5.7	
-43.5	13.1	3.2	5.7	
0.8	18.0	5.7	-4.1	
30.3	30.3	5.7	-4.1	
25.4	37.7	13.1	3.2	
22.9	30.3	10.6	5.7	
3.2	42.6	-1.7	10.6	
22.9	40.1	0.8	5.7	
45.1	40.1	3.2	0.8	
42.6	27.8	3.2	5.7	
37.7	40.1	3.2	-9.1	
27.8	47.5	8.2	5.7	
15.5	35.2	-6.6	-1.7	
42.6	27.8	10.6	0.8	
74.6	22.9	3.2	-4.1	
91.8	27.8	5.7	0.8	
106.6	32.8	10.6	13.1	
141.0	40.1	-1.7	8.2	
145.9	40.1	-1.7	-16.4	
148.4	42.6	-1.7	-9.1	
131.2	25.4	-4.1	-1.7	
91.8	20.5	8.2	20.5	
25.4	18.0	8.2	8.2	
-53.3	10.6	-11.5	0.8	
-85.3	-9.1	8.2	-4.1	
-109.9	-18.9	3.2	8.2	
-119.8	27.8	-4.1	20.5	
-132.1	62.3	8.2	22.9	
-100.1	52.4	0.8	3.2	
-95.2	35.2	-11.5	-21.4	
-77.9	27.8	0.8	5.7	
-73.0	30.3	-1.7	13.1	
-26.3	32.8	0.8	3.2	
30.3	20.5	8.2	-6.6	
69.7	-4.1	3.2	-11.5	
91.8	13.1	8.2	3.2	
86.9	20.5	3.2	0.8	
69.7	42.6	-1.7	8.2	
32.8	52.4	-1.7	0.8	
18.0	37.7	8.2	-18.9	
8.2	45.1	5.7	-4.1	
-28.7	54.9	0.8	-6.6	
-38.6	37.7	3.2	-14.0	
-23.8	-6.6	0.8	22.9	
-9.1	10.6	10.6	13.1	
-1.7	35.2	5.7	3.2	
5.7	69.7	10.6	-1.7	
40.1	64.7	3.2	3.2	
62.3	42.6	3.2	13.1	
69.7	45.1	8.2	13.1	
69.7	3.2	8.2	-4.1	
37.7	-9.1	3.2	5.7	
18.0	22.9	0.8	5.7	
5.7	64.7	8.2	20.5	
0.8	67.2	8.2	20.5	
-1.7	59.8	-1.7	-1.7	
10.6	27.8	15.5	-26.3	
5.7	-16.4	5.7	-23.8	
15.5	-16.4	-9.1	-6.6	
25.4	-4.1	5.7	-9.1	
40.1	20.5	3.2	-11.5	
59.8	27.8	5.7	-26.3	
77.0	32.8	5.7	18.0	
104.1	30.3	5.7	35.2	
111.5	25.4	13.1	3.2	
104.1	22.9	10.6	8.2	
116.4	42.6	-1.7	-6.6	
89.3	30.3	-4.1	-1.7	
74.6	40.1	0.8	-14.0	
57.4	40.1	-1.7	-4.1	
20.5	32.8	15.5	22.9	
-38.6	42.6	8.2	5.7	
-102.5	27.8	-1.7	-1.7	
-127.1	32.8	10.6	3.2	
-95.2	30.3	-1.7	10.6	
-87.8	18.0	3.2	0.8	
-53.3	30.3	10.6	0.8	
-48.4	32.8	5.7	-1.7	
-36.1	45.1	5.7	0.8	
-11.5	15.5	3.2	0.8	
0.8	15.5	-1.7	8.2	
20.5	22.9	20.5	-1.7	
25.4	40.1	15.5	3.2	
8.2	52.4	0.8	0.8	
-21.4	62.3	8.2	3.2	
0.8	50.0	8.2	25.4	
-1.7	40.1	5.7	3.2	
13.1	35.2	0.8	-18.9	
27.8	42.6	5.7	-4.1	
22.9	35.2	15.5	-14.0	
25.4	35.2	8.2	-1.7	
42.6	22.9	5.7	3.2	
35.2	30.3	13.1	-1.7	
64.7	27.8	10.6	3.2	
79.5	22.9	5.7	0.8	
109.0	25.4	8.2	8.2	
113.9	18.0	10.6	-4.1	
104.1	40.1	5.7	-4.1	
72.1	37.7	8.2	13.1	
35.2	50.0	8.2	8.2	
0.8	50.0	10.6	0.8	
-33.7	42.6	18.0	-14.0	
-58.3	35.2	3.2	-18.9	
-77.9	20.5	-9.1	3.2	
-87.8	25.4	5.7	8.2	
-70.6	20.5	3.2	5.7	
-23.8	35.2	0.8	-1.7	
-31.2	25.4	0.8	10.6	
-28.7	25.4	3.2	22.9	
-4.1	10.6	13.1	10.6	
18.0	5.7	18.0	0.8	
27.8	8.2	0.8	0.8	
37.7	13.1	-4.1	-4.1	
13.1	10.6	10.6	-9.1	
37.7	-14.0	8.2	10.6	
40.1	-1.7	-4.1	0.8	
18.0	3.2	-1.7	-9.1	
0.8	13.1	-9.1	8.2	
5.7	42.6	3.2	3.2	
13.1	69.7	3.2	5.7	
25.4	77.0	5.7	13.1	
45.1	40.1	-9.1	15.5	
50.0	40.1	-4.1	3.2	
64.7	37.7	8.2	5.7	
72.1	32.8	5.7	3.2	
59.8	22.9	-9.1	5.7	
59.8	25.4	5.7	8.2	
45.1	30.3	-1.7	5.7	
45.1	10.6	3.2	5.7	
72.1	32.8	0.8	15.5	
69.7	62.3	-4.1	8.2	
52.4	64.7	-6.6	-14.0	
32.8	59.8	3.2	15.5	
-9.1	59.8	3.2	25.4	
-33.7	42.6	3.2	15.5	
-58.3	42.6	15.5	-11.5	
-68.1	27.8	10.6	8.2	
-75.5	27.8	-4.1	-11.5	
-48.4	18.0	5.7	-6.6	
5.7	8.2	-9.1	-6.6	
20.5	-9.1	-1.7	8.2	
27.8	-1.7	-4.1	3.2	
59.8	-6.6	5.7	-1.7	
118.9	0.8	0.8	3.2	
138.5	5.7	-6.6	8.2	
116.4	10.6	3.2	-4.1	
96.7	20.5	3.2	-1.7	
62.3	25.4	-1.7	-1.7	
20.5	15.5	0.8	8.2	
-26.3	8.2	0.8	8.2	
-80.4	13.1	13.1	-16.4	
-107.5	25.4	15.5	-6.6	
-119.8	40.1	5.7	-1.7	
-127.1	40.1	3.2	3.2	
-82.9	35.2	13.1	-4.1	
-41.0	30.3	18.0	-1.7	
3.2	32.8	13.1	10.6	
22.9	27.8	0.8	-1.7	
47.5	37.7	5.7	-9.1	
67.2	35.2	3.2	3.2	
69.7	47.5	5.7	5.7	
62.3	40.1	-6.6	-4.1	
74.6	37.7	13.1	-6.6	
69.7	30.3	8.2	5.7	
42.6	37.7	0.8	15.5	
27.8	32.8	0.8	30.3	
0.8	37.7	5.7	5.7	
-31.2	45.1	0.8	-9.1	
-48.4	18.0	5.7	13.1	
-28.7	-1.7	13.1	3.2	
18.0	25.4	15.5	-1.7	
42.6	37.7	5.7	5.7	
30.3	27.8	10.6	5.7	
27.8	27.8	-9.1	5.7	
35.2	20.5	13.1	5.7	
37.7	32.8	18.0	-1.7	
52.4	37.7	18.0	-14.0	
64.7	25.4	20.5	0.8	
45.1	30.3	18.0	13.1	
10.6	32.8	25.4	8.2	
-4.1	20.5	10.6	13.1	
-14.0	8.2	13.1	22.9	
-33.7	8.2	25.4	-6.6	
-28.7	25.4	18.0	-6.6	
-6.6	15.5	10.6	5.7	
-9.1	25.4	8.2	0.8	
-16.4	25.4	3.2	25.4	
-18.9	30.3	-1.7	15.5	
-9.1	22.9	8.2	-9.1	
20.5	30.3	15.5	-21.4	
47.5	45.1	8.2	-4.1	
64.7	59.8	5.7	-1.7	
67.2	37.7	-11.5	5.7	
62.3	52.4	0.8	5.7	
59.8	37.7	-4.1	-6.6	
52.4	3.2	0.8	22.9	
27.8	13.1	15.5	8.2	
0.8	25.4	8.2	-9.1	
-31.2	22.9	5.7	-6.6	
-33.7	30.3	8.2	-6.6	
-9.1	20.5	15.5	-6.6	
-9.1	15.5	10.6	-4.1	
-11.5	13.1	0.8	-6.6	
-41.0	27.8	-4.1	-4.1	
-38.6	32.8	0.8	5.7	
-26.3	47.5	3.2	-4.1	
-14.0	57.4	3.2	-4.1	
-11.5	40.1	0.8	20.5	
0.8	22.9	0.8	3.2	
18.0	22.9	18.0	8.2	
35.2	20.5	8.2	-4.1	
62.3	22.9	5.7	-11.5	
150.8	-28.7	-1.7	5.7	
168.1	-16.4	13.1	5.7	
153.3	13.1	13.1	-4.1	
104.1	52.4	15.5	-16.4	
64.7	50.0	13.1	-26.3	
50.0	42.6	15.5	13.1	
10.6	54.9	18.0	22.9	
-21.4	22.9	3.2	15.5	
-77.9	15.5	3.2	10.6	
-114.8	25.4	-1.7	3.2	
-127.1	22.9	13.1	-1.7	
-95.2	22.9	18.0	8.2	
-46.0	22.9	5.7	-9.1	
-1.7	40.1	0.8	-21.4	
15.5	37.7	-1.7	-9.1	
69.7	37.7	8.2	5.7	
79.5	30.3	5.7	10.6	
94.3	32.8	8.2	25.4	
54.9	35.2	-1.7	27.8	
32.8	32.8	13.1	3.2	
-1.7	22.9	18.0	3.2	
-48.4	30.3	-4.1	15.5	
-70.6	8.2	15.5	-9.1	
-100.1	20.5	18.0	-9.1	
-100.1	30.3	3.2	3.2	
-70.6	37.7	13.1	-6.6	
-41.0	52.4	15.5	3.2	
3.2	72.1	5.7	-1.7	
32.8	77.0	3.2	5.7	
37.7	62.3	0.8	5.7	
54.9	35.2	0.8	18.0	
59.8	22.9	5.7	20.5	
79.5	15.5	-1.7	-14.0	
86.9	20.5	13.1	-1.7	
136.1	10.6	10.6	8.2	
155.8	-1.7	5.7	-14.0	
155.8	3.2	5.7	-16.4	
126.2	0.8	3.2	3.2	
69.7	20.5	20.5	15.5	
13.1	22.9	8.2	20.5	
-53.3	13.1	8.2	-1.7	
-70.6	18.0	3.2	3.2	
-114.8	42.6	3.2	8.2	
-124.7	42.6	0.8	-9.1	
-149.3	30.3	8.2	-1.7	
-114.8	22.9	-1.7	-4.1	
-60.7	27.8	15.5	-1.7	
-36.1	59.8	15.5	15.5	
-28.7	62.3	5.7	8.2	
-18.9	50.0	10.6	-4.1	
-4.1	37.7	8.2	-9.1	
-9.1	30.3	0.8	10.6	
-1.7	25.4	0.8	15.5	
10.6	13.1	-1.7	10.6	
18.0	18.0	0.8	10.6	
27.8	25.4	0.8	15.5	
52.4	27.8	13.1	13.1	
47.5	35.2	18.0	-9.1	
47.5	45.1	8.2	3.2	
47.5	50.0	0.8	8.2	
74.6	47.5	8.2	-1.7	
96.7	35.2	-1.7	-6.6	
113.9	25.4	0.8	3.2	
118.9	15.5	10.6	25.4	
94.3	20.5	3.2	10.6	
72.1	22.9	5.7	-6.6	
40.1	37.7	3.2	18.0	
30.3	32.8	0.8	35.2	
42.6	30.3	-11.5	-16.4	
3.2	37.7	-1.7	-28.7	
-14.0	30.3	3.2	-21.4	
-31.2	3.2	8.2	-18.9	
-43.5	15.5	5.7	30.3	
-38.6	25.4	-4.1	30.3	
-26.3	30.3	-6.6	10.6	
-18.9	18.0	5.7	3.2	
-14.0	37.7	0.8	-4.1	
-14.0	25.4	-1.7	0.8	
0.8	27.8	-4.1	-1.7	
-23.8	25.4	-4.1	13.1	
-31.2	30.3	-9.1	13.1	
-28.7	18.0	-4.1	10.6	
-14.0	20.5	5.7	10.6	
-28.7	35.2	-6.6	3.2	
15.5	27.8	0.8	-4.1	
64.7	27.8	0.8	8.2	
91.8	25.4	-1.7	5.7	
106.6	27.8	0.8	15.5	
104.1	27.8	-11.5	0.8	
84.4	15.5	3.2	-11.5	
67.2	27.8	8.2	-6.6	
22.9	37.7	18.0	3.2	
-16.4	47.5	10.6	13.1	
-55.8	47.5	5.7	10.6	
-63.2	40.1	3.2	0.8	
-41.0	40.1	10.6	-1.7	
-14.0	22.9	0.8	-4.1	
15.5	32.8	8.2	-4.1	
25.4	35.2	3.2	0.8	
27.8	25.4	5.7	-1.7	
40.1	54.9	10.6	-4.1	
57.4	42.6	15.5	-6.6	
74.6	35.2	13.1	-6.6	
84.4	45.1	13.1	10.6	
45.1	42.6	15.5	5.7	
25.4	35.2	3.2	-11.5	
18.0	32.8	3.2	15.5	
3.2	27.8	3.2	-4.1	
-48.4	30.3	5.7	-11.5	
-90.2	32.8	3.2	3.2	
-107.5	37.7	-1.7	0.8	
-102.5	27.8	5.7	18.0	
-92.7	42.6	-6.6	3.2	
-65.6	40.1	3.2	-9.1	
-9.1	40.1	8.2	3.2	
50.0	40.1	8.2	10.6	
91.8	25.4	0.8	0.8	
101.6	18.0	5.7	5.7	
91.8	27.8	8.2	8.2	
86.9	30.3	3.2	15.5	
77.0	27.8	10.6	10.6	
69.7	35.2	0.8	10.6	
50.0	25.4	15.5	0.8	
13.1	20.5	22.9	-1.7	
-11.5	15.5	20.5	-4.1	
0.8	32.8	5.7	-11.5	
5.7	37.7	8.2	8.2	
25.4	37.7	13.1	0.8	
22.9	35.2	15.5	-9.1	
25.4	40.1	25.4	-1.7	
22.9	50.0	18.0	5.7	
30.3	54.9	10.6	13.1	
54.9	35.2	8.2	-14.0	
57.4	45.1	5.7	-18.9	
40.1	22.9	5.7	-1.7	
30.3	13.1	5.7	8.2	
13.1	-16.4	-6.6	-1.7	
37.7	-16.4	13.1	0.8	
22.9	20.5	13.1	8.2	
8.2	50.0	8.2	22.9	
-26.3	52.4	10.6	8.2	
-50.9	18.0	-4.1	-14.0	
-53.3	13.1	0.8	-4.1	
-41.0	8.2	3.2	0.8	
-36.1	27.8	8.2	15.5	
-6.6	27.8	5.7	-9.1	
42.6	22.9	3.2	-6.6	
62.3	27.8	3.2	0.8	
47.5	47.5	8.2	5.7	
15.5	35.2	13.1	0.8	
-26.3	22.9	20.5	13.1	
-41.0	32.8	13.1	8.2	
-36.1	35.2	-4.1	0.8	
-38.6	45.1	5.7	3.2	
-11.5	50.0	5.7	-11.5	
-16.4	30.3	13.1	-4.1	
-23.8	8.2	5.7	-6.6	
-18.9	-14.0	-9.1	0.8	
-23.8	0.8	8.2	0.8	
5.7	10.6	-1.7	5.7	
32.8	25.4	8.2	13.1	
37.7	18.0	0.8	-14.0	
50.0	37.7	8.2	-4.1	
42.6	40.1	5.7	3.2	
59.8	30.3	3.2	0.8	
32.8	50.0	13.1	10.6	
30.3	35.2	15.5	-1.7	
30.3	35.2	5.7	-26.3	
40.1	27.8	0.8	-14.0	
35.2	0.8	-4.1	8.2	
32.8	-23.8	18.0	15.5	
64.7	-1.7	15.5	37.7	
116.4	0.8	18.0	3.2	
148.4	32.8	20.5	5.7	
126.2	20.5	13.1	8.2	
96.7	25.4	15.5	5.7	
67.2	50.0	5.7	-6.6	
45.1	27.8	15.5	-4.1	
-11.5	8.2	10.6	-4.1	
-43.5	30.3	10.6	-6.6	
-100.1	20.5	8.2	15.5	
-134.5	25.4	3.2	8.2	
-144.4	35.2	8.2	0.8	
-127.1	35.2	5.7	5.7	
-80.4	30.3	-6.6	5.7	
-55.8	47.5	-1.7	-4.1	
-26.3	45.1	-1.7	-1.7	
8.2	47.5	3.2	10.6	
45.1	47.5	8.2	-1.7	
77.0	45.1	15.5	3.2	
94.3	64.7	13.1	-1.7	
86.9	47.5	5.7	5.7	
50.0	59.8	-4.1	-6.6	
20.5	40.1	-6.6	15.5	
-1.7	30.3	-9.1	10.6	
-48.4	27.8	3.2	-4.1	
-50.9	22.9	-4.1	-9.1	
-53.3	8.2	5.7	3.2	
-53.3	-4.1	5.7	-4.1	
-23.8	5.7	5.7	-11.5	
-4.1	25.4	-9.1	8.2	
27.8	32.8	-9.1	8.2	
47.5	32.8	0.8	-1.7	
57.4	32.8	-1.7	-9.1	
52.4	22.9	-4.1	-6.6	
59.8	22.9	-4.1	0.8	
79.5	20.5	5.7	0.8	
118.9	25.4	0.8	-4.1	
96.7	15.5	-4.1	0.8	
89.3	8.2	-4.1	-1.7	
57.4	15.5	3.2	-11.5	
20.5	13.1	3.2	-1.7	
54.9	27.8	-1.7	3.2	
64.7	45.1	8.2	3.2	
64.7	40.1	3.2	13.1	
111.5	30.3	3.2	27.8	
99.2	22.9	5.7	3.2	
64.7	27.8	0.8	-21.4	
42.6	22.9	-4.1	-18.9	
22.9	40.1	-4.1	5.7	
-28.7	45.1	0.8	0.8	
-73.0	30.3	10.6	-6.6	
-114.8	35.2	0.8	0.8	
-154.2	40.1	0.8	5.7	
-156.7	35.2	0.8	-1.7	
-114.8	30.3	3.2	-1.7	
-60.7	20.5	0.8	0.8	
-16.4	22.9	8.2	-1.7	
5.7	25.4	5.7	5.7	
30.3	22.9	0.8	-6.6	
32.8	13.1	-1.7	-1.7	
45.1	22.9	-6.6	3.2	
45.1	18.0	-6.6	13.1	
35.2	50.0	8.2	3.2	
0.8	50.0	-1.7	3.2	
-18.9	64.7	0.8	5.7	
-9.1	59.8	-4.1	8.2	
3.2	50.0	-4.1	5.7	
8.2	25.4	-1.7	10.6	
-14.0	27.8	0.8	5.7	
-16.4	35.2	-11.5	0.8	
-9.1	27.8	0.8	-4.1	
20.5	27.8	5.7	8.2	
74.6	32.8	8.2	8.2	
131.2	32.8	0.8	-11.5	
148.4	32.8	5.7	-4.1	
165.6	25.4	0.8	0.8	
121.3	40.1	-6.6	-6.6	
72.1	37.7	-9.1	-4.1	
15.5	45.1	-4.1	5.7	
-38.6	27.8	-1.7	-6.6	
-77.9	35.2	3.2	5.7	
-41.0	35.2	0.8	-14.0	
-77.9	30.3	5.7	-4.1	
-85.3	22.9	0.8	18.0	
-53.3	32.8	0.8	13.1	
-43.5	45.1	-4.1	5.7	
-26.3	30.3	-11.5	3.2	
-26.3	30.3	0.8	8.2	
-14.0	30.3	0.8	10.6	
-14.0	40.1	-1.7	-1.7	
-18.9	35.2	-1.7	-1.7	
-11.5	32.8	0.8	3.2	
-21.4	27.8	3.2	-4.1	
-14.0	22.9	10.6	8.2	
-4.1	37.7	5.7	-6.6	
3.2	32.8	-6.6	8.2	
15.5	35.2	8.2	3.2	
22.9	27.8	13.1	8.2	
22.9	42.6	18.0	8.2	
40.1	35.2	22.9	15.5	
40.1	22.9	8.2	8.2	
47.5	22.9	3.2	-1.7	
67.2	22.9	8.2	-4.1	
116.4	13.1	5.7	-21.4	
126.2	5.7	13.1	8.2	
121.3	25.4	13.1	5.7	
111.5	32.8	15.5	8.2	
94.3	22.9	3.2	5.7	
52.4	27.8	-6.6	5.7	
27.8	37.7	5.7	-6.6	
-6.6	27.8	10.6	-1.7	
-48.4	30.3	13.1	-4.1	
-68.1	35.2	10.6	0.8	
-41.0	27.8	13.1	10.6	
0.8	18.0	15.5	-6.6	
72.1	35.2	10.6	0.8	
113.9	40.1	15.5	0.8	
121.3	10.6	27.8	-21.4	
91.8	-9.1	13.1	-1.7	
52.4	5.7	15.5	8.2	
22.9	20.5	5.7	8.2	
3.2	52.4	18.0	0.8	
-14.0	74.6	20.5	-4.1	
-50.9	42.6	-1.7	-6.6	
-90.2	-1.7	18.0	-6.6	
-102.5	-6.6	10.6	18.0	
-82.9	-1.7	5.7	20.5	
-38.6	45.1	-1.7	-28.7	
-18.9	25.4	10.6	-11.5	
-18.9	20.5	20.5	18.0	
-36.1	8.2	13.1	13.1	
-53.3	0.8	8.2	-23.8	
-28.7	32.8	3.2	-4.1	
-21.4	25.4	8.2	8.2	
-1.7	15.5	15.5	-9.1	
-6.6	37.7	8.2	5.7	
8.2	25.4	13.1	-11.5	
8.2	40.1	5.7	-1.7	
13.1	50.0	18.0	-1.7	
47.5	25.4	22.9	-1.7	
82.0	22.9	18.0	8.2	
116.4	10.6	20.5	5.7	
123.8	-14.0	3.2	18.0	
109.0	13.1	15.5	25.4	
89.3	22.9	22.9	20.5	
82.0	30.3	15.5	-9.1	
84.4	32.8	10.6	-9.1	
69.7	54.9	3.2	-6.6	
35.2	47.5	8.2	8.2	
0.8	45.1	8.2	0.8	
-58.3	42.6	-4.1	25.4	
-95.2	15.5	13.1	20.5	
-105.0	20.5	8.2	-16.4	
-85.3	22.9	8.2	-1.7	
-73.0	22.9	15.5	-1.7	
-33.7	42.6	3.2	10.6	
-31.2	40.1	10.6	-6.6	
-14.0	40.1	15.5	-1.7	
5.7	32.8	5.7	18.0	
0.8	22.9	8.2	-6.6	
-21.4	8.2	5.7	-18.9	
10.6	-4.1	15.5	0.8	
45.1	18.0	8.2	8.2	
30.3	27.8	3.2	22.9	
47.5	18.0	3.2	8.2	
64.7	30.3	8.2	-11.5	
77.0	27.8	5.7	-23.8	
72.1	27.8	8.2	3.2	
64.7	37.7	5.7	-11.5	
45.1	30.3	0.8	13.1	
25.4	35.2	5.7	15.5	
-23.8	25.4	8.2	5.7	
-50.9	13.1	0.8	0.8	
-63.2	32.8	-11.5	-18.9	
-65.6	32.8	-6.6	8.2	
-75.5	22.9	-6.6	8.2	
-53.3	8.2	5.7	8.2	
-14.0	3.2	-4.1	10.6	
25.4	-4.1	13.1	10.6	
52.4	13.1	0.8	-1.7	
57.4	40.1	5.7	3.2	
77.0	67.2	10.6	5.7	
94.3	59.8	10.6	0.8	
69.7	15.5	-9.1	5.7	
54.9	22.9	-4.1	8.2	
35.2	30.3	-4.1	-4.1	
20.5	42.6	8.2	-11.5	
-1.7	50.0	-1.7	10.6	
-9.1	20.5	15.5	0.8	
18.0	20.5	8.2	0.8	
32.8	37.7	0.8	8.2	
32.8	35.2	-4.1	15.5	
50.0	25.4	3.2	3.2	
54.9	25.4	-11.5	3.2	
62.3	40.1	-11.5	3.2	
57.4	40.1	-6.6	27.8	
47.5	42.6	-4.1	-9.1	
30.3	35.2	-1.7	-6.6	
22.9	40.1	5.7	-1.7	
35.2	35.2	-4.1	-16.4	
52.4	40.1	-1.7	0.8	
40.1	37.7	5.7	20.5	
45.1	27.8	5.7	-4.1	
27.8	27.8	3.2	-26.3	
20.5	22.9	-9.1	-9.1	
-18.9	25.4	-4.1	0.8	
-33.7	20.5	0.8	-4.1	
-41.0	25.4	3.2	10.6	
-60.7	20.5	5.7	15.5	
-77.9	15.5	3.2	18.0	
-97.6	32.8	13.1	-1.7	
-100.1	37.7	8.2	3.2	
-112.4	20.5	-11.5	18.0	
-80.4	20.5	-4.1	10.6	
-38.6	27.8	3.2	-6.6	
-23.8	30.3	5.7	-4.1	
3.2	20.5	8.2	5.7	
27.8	27.8	-4.1	13.1	
47.5	20.5	10.6	13.1	
62.3	40.1	-1.7	10.6	
54.9	25.4	-1.7	-14.0	
45.1	32.8	-4.1	-1.7	
30.3	30.3	8.2	-9.1	
27.8	27.8	0.8	8.2	
18.0	25.4	-1.7	8.2	
-11.5	27.8	-4.1	8.2	
-11.5	40.1	0.8	20.5	
-1.7	40.1	0.8	20.5	
30.3	35.2	-1.7	5.7	
45.1	52.4	-1.7	-4.1	
69.7	40.1	3.2	-11.5	
57.4	30.3	-6.6	0.8	
52.4	32.8	13.1	5.7	
45.1	20.5	13.1	10.6	
40.1	15.5	18.0	0.8	
40.1	3.2	8.2	10.6	
20.5	3.2	13.1	-6.6	
0.8	-4.1	18.0	-4.1	
-9.1	3.2	3.2	-6.6	
15.5	15.5	3.2	3.2	
47.5	37.7	8.2	0.8	
72.1	32.8	5.7	5.7	
69.7	54.9	-1.7	-4.1	
57.4	64.7	-1.7	18.0	
35.2	69.7	3.2	5.7	
25.4	54.9	0.8	-14.0	
-9.1	40.1	0.8	8.2	
-41.0	8.2	13.1	3.2	
-53.3	-14.0	15.5	0.8	
-43.5	-31.2	13.1	-1.7	
-43.5	-1.7	5.7	8.2	
-36.1	-4.1	3.2	-9.1	
-23.8	-16.4	27.8	-4.1	
-18.9	13.1	15.5	0.8	
-21.4	18.0	13.1	5.7	
-26.3	8.2	8.2	-1.7	
-18.9	15.5	20.5	8.2	
0.8	22.9	8.2	-1.7	
52.4	22.9	15.5	-4.1	
89.3	18.0	5.7	0.8	
96.7	25.4	3.2	0.8	
72.1	22.9	3.2	15.5	
42.6	3.2	5.7	8.2	
45.1	5.7	5.7	-1.7	
45.1	0.8	-6.6	13.1	
57.4	10.6	5.7	13.1	
57.4	15.5	10.6	-11.5	
67.2	37.7	3.2	-4.1	
54.9	25.4	8.2	-16.4	
42.6	35.2	13.1	-14.0	
25.4	27.8	5.7	-9.1	
-14.0	10.6	8.2	10.6	
-11.5	27.8	-9.1	3.2	
-28.7	40.1	10.6	20.5	
-28.7	45.1	20.5	5.7	
-21.4	40.1	10.6	-14.0	
0.8	45.1	-4.1	-18.9	
3.2	47.5	13.1	-1.7	
8.2	57.4	3.2	5.7	
0.8	54.9	5.7	-4.1	
30.3	64.7	8.2	10.6	
32.8	45.1	13.1	10.6	
69.7	64.7	15.5	5.7	
94.3	59.8	13.1	-26.3	
94.3	47.5	5.7	-9.1	
59.8	50.0	3.2	10.6	
10.6	42.6	15.5	5.7	
-21.4	35.2	13.1	8.2	
-16.4	22.9	0.8	5.7	
-1.7	5.7	-1.7	13.1	
-31.2	10.6	10.6	5.7	
-65.6	8.2	0.8	3.2	
-77.9	20.5	8.2	10.6	
-53.3	27.8	0.8	0.8	
3.2	45.1	5.7	5.7	
25.4	13.1	0.8	13.1	
35.2	0.8	10.6	22.9	
37.7	-1.7	10.6	3.2	
64.7	-26.3	0.8	-23.8	
99.2	-31.2	-1.7	-11.5	
86.9	-26.3	-1.7	8.2	
47.5	-18.9	3.2	13.1	
22.9	-6.6	13.1	13.1	
-14.0	-18.9	8.2	10.6	
-26.3	-11.5	5.7	15.5	
-36.1	3.2	0.8	30.3	
-68.1	0.8	10.6	-23.8	
-55.8	-11.5	8.2	-6.6	
-50.9	-6.6	0.8	10.6	
-43.5	10.6	5.7	8.2	
-46.0	-14.0	5.7	-11.5	
-48.4	-6.6	0.8	5.7	
-33.7	13.1	0.8	8.2	
-21.4	0.8	0.8	-18.9	
5.7	8.2	13.1	8.2	
10.6	-9.1	18.0	-4.1	
37.7	-33.7	8.2	-6.6	
64.7	0.8	8.2	-1.7	
72.1	27.8	8.2	-1.7	
82.0	35.2	8.2	3.2	
77.0	8.2	-1.7	5.7	
72.1	5.7	8.2	3.2	
59.8	32.8	-1.7	18.0	
47.5	59.8	8.2	8.2	
35.2	54.9	-1.7	-4.1	
5.7	45.1	5.7	-31.2	
-33.7	57.4	-6.6	-18.9	
-58.3	59.8	22.9	3.2	
-58.3	69.7	0.8	-1.7	
-43.5	64.7	0.8	-11.5	
-26.3	37.7	5.7	-6.6	
18.0	-11.5	15.5	3.2	
35.2	-48.4	3.2	8.2	
22.9	-23.8	13.1	15.5	
45.1	-1.7	5.7	22.9	
47.5	18.0	5.7	18.0	
50.0	30.3	13.1	10.6	
30.3	25.4	20.5	-4.1	
30.3	27.8	10.6	8.2	
-1.7	50.0	8.2	3.2	
0.8	57.4	5.7	22.9	
-1.7	37.7	8.2	15.5	
-11.5	22.9	0.8	-14.0	
0.8	22.9	-1.7	8.2	
-21.4	8.2	3.2	3.2	
-43.5	-6.6	13.1	3.2	
-50.9	18.0	15.5	-4.1	
-53.3	25.4	10.6	8.2	
-21.4	30.3	3.2	-6.6	
-9.1	30.3	15.5	0.8	
22.9	15.5	18.0	15.5	
72.1	-1.7	13.1	-1.7	
118.9	0.8	10.6	-1.7	
101.6	3.2	8.2	-1.7	
91.8	22.9	8.2	0.8	
82.0	22.9	3.2	3.2	
45.1	30.3	-11.5	-1.7	
0.8	15.5	10.6	3.2	
-28.7	22.9	13.1	3.2	
-60.7	3.2	5.7	-1.7	
-68.1	22.9	8.2	3.2	
-75.5	13.1	5.7	18.0	
-46.0	18.0	-11.5	15.5	
-9.1	18.0	-4.1	-11.5	
10.6	10.6	8.2	-11.5	
72.1	18.0	10.6	3.2	
99.2	18.0	0.8	5.7	
106.6	22.9	10.6	3.2	
123.8	15.5	10.6	3.2	
111.5	5.7	0.8	-4.1	
54.9	0.8	3.2	5.7	
5.7	0.8	8.2	10.6	
-21.4	0.8	-4.1	5.7	
-53.3	5.7	8.2	-14.0	
-70.6	0.8	10.6	-9.1	
-63.2	8.2	10.6	0.8	
-60.7	15.5	5.7	18.0	
-53.3	30.3	-1.7	18.0	
-68.1	5.7	-6.6	-1.7	
-36.1	15.5	-1.7	0.8	
-9.1	8.2	5.7	-6.6	
-6.6	-4.1	-9.1	0.8	
-21.4	-1.7	-1.7	-6.6	
-14.0	3.2	-1.7	10.6	
3.2	0.8	8.2	5.7	
32.8	3.2	-1.7	18.0	
45.1	-26.3	3.2	15.5	
50.0	-23.8	3.2	22.9	
50.0	-36.1	-1.7	-6.6	
37.7	-43.5	5.7	22.9	
42.6	-63.2	0.8	35.2	
27.8	-60.7	3.2	5.7	
37.7	-50.9	8.2	-28.7	
15.5	-53.3	-1.7	5.7	
3.2	-60.7	0.8	5.7	
-11.5	-55.8	5.7	-1.7	
-9.1	-50.9	0.8	-4.1	
-28.7	-26.3	3.2	8.2	
-11.5	-23.8	13.1	-4.1	
0.8	-31.2	5.7	3.2	
18.0	-50.9	0.8	15.5	
35.2	-85.3	5.7	18.0	
54.9	-65.6	-4.1	-21.4	
52.4	-55.8	0.8	-33.7	
62.3	-31.2	8.2	10.6	
54.9	-4.1	3.2	20.5	
52.4	-14.0	18.0	10.6	
79.5	-16.4	5.7	22.9	
64.7	-28.7	10.6	22.9	
20.5	-41.0	0.8	5.7	
3.2	-48.4	3.2	-23.8	
3.2	-28.7	-4.1	-11.5	
37.7	-14.0	-6.6	-6.6	
27.8	-1.7	8.2	0.8	
-6.6	0.8	-1.7	5.7	
-26.3	-21.4	0.8	15.5	
-28.7	8.2	3.2	-4.1	
-18.9	-26.3	8.2	-6.6	
-38.6	-23.8	8.2	3.2	
-38.6	-16.4	15.5	3.2	
-18.9	-18.9	15.5	-1.7	
22.9	-9.1	13.1	-9.1	
40.1	-9.1	8.2	0.8	
64.7	-6.6	-1.7	8.2	
72.1	10.6	3.2	-4.1	
69.7	8.2	3.2	-6.6	
40.1	13.1	15.5	-9.1	
-9.1	3.2	8.2	10.6	
-33.7	13.1	3.2	13.1	
-55.8	18.0	-4.1	8.2	
-48.4	10.6	13.1	3.2	
-41.0	18.0	20.5	-4.1	
-14.0	25.4	22.9	8.2	
22.9	18.0	-1.7	15.5	
74.6	10.6	3.2	15.5	
106.6	0.8	5.7	-16.4	
106.6	3.2	-1.7	-11.5	
118.9	25.4	8.2	-6.6	
138.5	25.4	8.2	-4.1	
104.1	22.9	-1.7	3.2	
62.3	15.5	15.5	8.2	
20.5	30.3	10.6	-9.1	
-31.2	22.9	0.8	-1.7	
-87.8	15.5	5.7	18.0	
-92.7	5.7	8.2	22.9	
-60.7	13.1	-4.1	-11.5	
-28.7	20.5	0.8	-31.2	
-38.6	25.4	5.7	-28.7	
-28.7	32.8	8.2	3.2	
-26.3	45.1	5.7	3.2	
3.2	50.0	13.1	5.7	
-1.7	47.5	3.2	3.2	
-14.0	50.0	8.2	25.4	
-28.7	47.5	13.1	13.1	
-9.1	54.9	13.1	-4.1	
-18.9	45.1	5.7	3.2	
-1.7	35.2	-4.1	3.2	
-33.7	-1.7	10.6	0.8	
-26.3	-9.1	5.7	-6.6	
5.7	-14.0	0.8	8.2	
-4.1	13.1	0.8	13.1	
-4.1	-14.0	5.7	3.2	
3.2	-11.5	18.0	3.2	
-16.4	5.7	-1.7	-6.6	
-28.7	20.5	-1.7	-4.1	
-31.2	27.8	5.7	18.0	
-18.9	30.3	10.6	13.1	
5.7	37.7	0.8	-1.7	
15.5	25.4	8.2	-11.5	
32.8	37.7	3.2	5.7	
50.0	47.5	0.8	8.2	
54.9	30.3	5.7	-21.4	
47.5	42.6	3.2	0.8	
42.6	62.3	10.6	20.5	
25.4	32.8	15.5	18.0	
18.0	30.3	-1.7	8.2	
13.1	45.1	8.2	-4.1	
20.5	20.5	5.7	8.2	
45.1	37.7	3.2	5.7	
64.7	47.5	13.1	15.5	
94.3	64.7	15.5	13.1	
128.7	25.4	18.0	-9.1	
111.5	45.1	25.4	-14.0	
94.3	32.8	3.2	-6.6	
57.4	10.6	5.7	0.8	
30.3	22.9	8.2	10.6	
-33.7	37.7	13.1	-1.7	
-77.9	37.7	8.2	-1.7	
-82.9	37.7	15.5	-11.5	
-70.6	30.3	15.5	5.7	
-33.7	18.0	8.2	15.5	
20.5	3.2	10.6	13.1	
72.1	0.8	8.2	15.5	
84.4	10.6	10.6	8.2	
79.5	18.0	15.5	-6.6	
64.7	27.8	15.5	-11.5	
72.1	8.2	18.0	8.2	
52.4	15.5	3.2	8.2	
3.2	32.8	3.2	10.6	
-33.7	27.8	8.2	-11.5	
-28.7	30.3	13.1	8.2	
-16.4	3.2	10.6	5.7	
3.2	10.6	0.8	0.8	
40.1	27.8	5.7	5.7	
57.4	30.3	15.5	5.7	
57.4	50.0	8.2	5.7	
25.4	52.4	3.2	3.2	
8.2	32.8	0.8	3.2	
-21.4	35.2	-4.1	0.8	
-55.8	22.9	10.6	5.7	
-65.6	35.2	0.8	3.2	
-68.1	45.1	8.2	0.8	
-82.9	50.0	3.2	-6.6	
-85.3	47.5	13.1	-1.7	
-55.8	50.0	15.5	0.8	
-48.4	40.1	10.6	-1.7	
-33.7	37.7	0.8	18.0	
-28.7	35.2	5.7	10.6	
5.7	27.8	15.5	18.0	
37.7	20.5	18.0	18.0	
54.9	25.4	13.1	0.8	
79.5	20.5	15.5	0.8	
79.5	18.0	5.7	-4.1	
67.2	18.0	3.2	5.7	
64.7	22.9	-4.1	3.2	
59.8	42.6	10.6	3.2	
54.9	52.4	0.8	5.7	
40.1	37.7	10.6	8.2	
22.9	37.7	-4.1	3.2	
18.0	25.4	0.8	-9.1	
27.8	27.8	13.1	-11.5	
27.8	22.9	3.2	18.0	
30.3	27.8	5.7	22.9	
22.9	27.8	3.2	10.6	
40.1	27.8	-9.1	-1.7	
42.6	37.7	5.7	5.7	
35.2	45.1	-1.7	8.2	
40.1	37.7	3.2	-11.5	
50.0	0.8	15.5	3.2	
67.2	5.7	15.5	0.8	
47.5	35.2	20.5	15.5	
40.1	42.6	0.8	3.2	
-9.1	25.4	8.2	18.0	
-21.4	10.6	13.1	32.8	
-28.7	10.6	10.6	0.8	
-1.7	8.2	5.7	-14.0	
-1.7	5.7	0.8	-4.1	
-9.1	27.8	5.7	22.9	
10.6	35.2	3.2	35.2	
0.8	20.5	0.8	22.9	
-1.7	22.9	3.2	-58.3	
-6.6	37.7	8.2	-11.5	
-1.7	40.1	0.8	-18.9	
-14.0	40.1	13.1	-9.1	
-38.6	15.5	8.2	8.2	
-14.0	-9.1	0.8	27.8	
-4.1	13.1	-9.1	-4.1	
5.7	35.2	0.8	-9.1	
5.7	18.0	5.7	5.7	
18.0	15.5	-4.1	-4.1	
20.5	27.8	-4.1	3.2	
22.9	25.4	0.8	-1.7	
5.7	25.4	-1.7	5.7	
-9.1	22.9	3.2	15.5	
-18.9	15.5	-1.7	27.8	
-4.1	37.7	-4.1	22.9	
-9.1	40.1	10.6	3.2	
10.6	40.1	15.5	-1.7	
20.5	35.2	3.2	-6.6	
35.2	8.2	-1.7	-14.0	
45.1	5.7	5.7	10.6	
64.7	22.9	5.7	3.2	
106.6	27.8	3.2	0.8	
113.9	3.2	5.7	-4.1	
94.3	27.8	5.7	10.6	
67.2	40.1	8.2	-9.1	
3.2	45.1	3.2	10.6	
-26.3	35.2	-1.7	0.8	
-33.7	54.9	8.2	-11.5	
-33.7	54.9	8.2	-4.1	
-28.7	40.1	0.8	3.2	
-36.1	37.7	-4.1	8.2	
-16.4	37.7	-4.1	-4.1	
3.2	52.4	-9.1	0.8	
10.6	54.9	5.7	0.8	
45.1	47.5	-4.1	-1.7	
54.9	25.4	-1.7	5.7	
45.1	37.7	5.7	3.2	
10.6	32.8	-1.7	20.5	
-28.7	37.7	0.8	20.5	
-46.0	32.8	8.2	8.2	
-73.0	-11.5	8.2	-18.9	
-102.5	-16.4	-1.7	-9.1	
-90.2	5.7	3.2	-4.1	
-65.6	15.5	5.7	-4.1	
-38.6	30.3	8.2	8.2	
-6.6	20.5	3.2	-1.7	
35.2	25.4	18.0	0.8	
67.2	10.6	10.6	-4.1	
84.4	32.8	8.2	-4.1	
64.7	47.5	8.2	-4.1	
64.7	47.5	-1.7	-9.1	
62.3	37.7	-1.7	18.0	
30.3	35.2	-1.7	18.0	
0.8	25.4	3.2	10.6	
-21.4	35.2	8.2	-1.7	
-28.7	37.7	8.2	-14.0	
-18.9	42.6	0.8	-1.7	
18.0	25.4	8.2	8.2	
37.7	20.5	0.8	5.7	
64.7	27.8	3.2	5.7	
69.7	15.5	5.7	15.5	
54.9	50.0	3.2	10.6	
52.4	54.9	3.2	-4.1	
35.2	54.9	18.0	18.0	
20.5	84.4	10.6	10.6	
30.3	84.4	8.2	5.7	
22.9	15.5	13.1	-1.7	
-1.7	27.8	20.5	-6.6	
-14.0	30.3	8.2	5.7	
-11.5	47.5	5.7	3.2	
-14.0	64.7	10.6	-16.4	
-4.1	52.4	-1.7	3.2	
-18.9	10.6	13.1	15.5	
-28.7	-16.4	13.1	-16.4	
-21.4	-28.7	25.4	-16.4	
0.8	-14.0	22.9	-1.7	
10.6	13.1	18.0	5.7	
30.3	22.9	13.1	13.1	
15.5	-16.4	20.5	8.2	
20.5	-48.4	8.2	5.7	
25.4	-11.5	8.2	-6.6	
37.7	15.5	13.1	18.0	
64.7	22.9	8.2	15.5	
45.1	15.5	5.7	13.1	
37.7	3.2	5.7	3.2	
37.7	3.2	3.2	5.7	
32.8	22.9	13.1	22.9	
22.9	50.0	10.6	22.9	
-1.7	52.4	3.2	-9.1	
-43.5	22.9	10.6	-6.6	
-46.0	13.1	13.1	18.0	
-18.9	20.5	18.0	15.5	
-23.8	37.7	20.5	-14.0	
-38.6	47.5	8.2	-23.8	
-1.7	20.5	15.5	8.2	
10.6	30.3	10.6	8.2	
45.1	13.1	13.1	18.0	
69.7	5.7	20.5	-18.9	
79.5	13.1	10.6	-21.4	
96.7	54.9	5.7	0.8	
84.4	94.3	0.8	8.2	
64.7	84.4	15.5	10.6	
27.8	59.8	10.6	0.8	
-33.7	52.4	18.0	-1.7	
-82.9	40.1	15.5	-4.1	
-75.5	25.4	15.5	3.2	
-55.8	22.9	13.1	5.7	
-21.4	47.5	15.5	-14.0	
-16.4	37.7	15.5	-9.1	
30.3	27.8	13.1	8.2	
77.0	27.8	3.2	-4.1	
82.0	15.5	5.7	5.7	
74.6	8.2	8.2	-9.1	
47.5	3.2	5.7	13.1	
20.5	3.2	5.7	22.9	
-16.4	0.8	-4.1	13.1	
-31.2	15.5	10.6	-6.6	
-68.1	27.8	8.2	-6.6	
-73.0	37.7	13.1	0.8	
-60.7	27.8	13.1	-1.7	
-36.1	25.4	8.2	8.2	
-4.1	22.9	-1.7	-11.5	
18.0	47.5	-1.7	-9.1	
37.7	57.4	18.0	10.6	
47.5	62.3	5.7	-11.5	
42.6	57.4	0.8	3.2	
89.3	40.1	3.2	0.8	
101.6	52.4	-6.6	-1.7	
113.9	57.4	5.7	-4.1	
111.5	25.4	-4.1	-9.1	
69.7	37.7	3.2	0.8	
35.2	13.1	3.2	5.7	
-6.6	30.3	-1.7	5.7	
-53.3	67.2	3.2	0.8	
-109.9	47.5	0.8	8.2	
-114.8	8.2	-4.1	5.7	
-73.0	8.2	-4.1	-4.1	
-46.0	15.5	3.2	5.7	
-16.4	3.2	3.2	-4.1	
10.6	-4.1	0.8	10.6	
62.3	8.2	-1.7	-4.1	
69.7	25.4	-9.1	-4.1	
47.5	32.8	-4.1	8.2	
22.9	47.5	3.2	5.7	
22.9	35.2	-1.7	-11.5	
30.3	47.5	-6.6	-6.6	
50.0	37.7	5.7	8.2	
47.5	37.7	3.2	13.1	
45.1	13.1	-4.1	37.7	
18.0	18.0	-6.6	13.1	
8.2	8.2	3.2	-14.0	
15.5	-1.7	-1.7	-26.3	
32.8	13.1	0.8	8.2	
37.7	15.5	-11.5	3.2	
20.5	20.5	-6.6	8.2	
3.2	20.5	0.8	0.8	
-9.1	27.8	-1.7	-1.7	
-31.2	25.4	-11.5	-11.5	
-46.0	45.1	0.8	10.6	
-50.9	57.4	-11.5	13.1	
-43.5	47.5	-16.4	8.2	
-31.2	40.1	-11.5	-1.7	
-31.2	27.8	-4.1	-6.6	
-14.0	35.2	0.8	8.2	
0.8	35.2	8.2	-1.7	
0.8	35.2	-9.1	3.2	
25.4	37.7	-4.1	3.2	
40.1	32.8	-1.7	-14.0	
59.8	30.3	-1.7	-11.5	
69.7	22.9	-9.1	15.5	
72.1	15.5	-1.7	22.9	
47.5	35.2	-1.7	8.2	
35.2	42.6	-18.9	0.8	
35.2	45.1	-1.7	5.7	
30.3	35.2	3.2	13.1	
37.7	40.1	-6.6	13.1	
13.1	37.7	-9.1	8.2	
22.9	32.8	-1.7	-6.6	
45.1	32.8	0.8	-4.1	
40.1	32.8	0.8	-6.6	
32.8	37.7	3.2	5.7	
18.0	37.7	5.7	8.2	
52.4	32.8	8.2	10.6	
84.4	40.1	-1.7	8.2	
84.4	32.8	-4.1	-4.1	
40.1	30.3	10.6	0.8	
25.4	25.4	-1.7	22.9	
-11.5	25.4	5.7	15.5	
-4.1	30.3	5.7	10.6	
5.7	42.6	3.2	5.7	
13.1	37.7	-1.7	0.8	
-43.5	27.8	3.2	0.8	
-65.6	30.3	13.1	-4.1	
-73.0	27.8	18.0	-4.1	
-46.0	30.3	10.6	-18.9	
-23.8	30.3	-1.7	5.7	
-26.3	37.7	10.6	5.7	
-23.8	32.8	5.7	13.1	
-33.7	37.7	10.6	-6.6	
-43.5	42.6	3.2	-14.0	
-38.6	20.5	5.7	13.1	
-33.7	32.8	3.2	27.8	
-14.0	32.8	13.1	20.5	
13.1	37.7	22.9	22.9	
35.2	30.3	13.1	20.5	
27.8	20.5	18.0	8.2	
30.3	30.3	10.6	-11.5	
62.3	37.7	8.2	10.6	
82.0	30.3	3.2	18.0	
67.2	54.9	5.7	8.2	
47.5	52.4	3.2	3.2	
32.8	35.2	10.6	15.5	
18.0	32.8	15.5	3.2	
25.4	35.2	25.4	0.8	
37.7	52.4	13.1	-4.1	
32.8	40.1	15.5	-6.6	
18.0	35.2	15.5	-11.5	
13.1	27.8	10.6	18.0	
15.5	22.9	15.5	15.5	
59.8	37.7	15.5	10.6	
74.6	30.3	10.6	25.4	
52.4	20.5	10.6	-1.7	
37.7	8.2	8.2	-6.6	
10.6	25.4	18.0	-1.7	
20.5	27.8	10.6	20.5	
52.4	45.1	10.6	27.8	
22.9	54.9	22.9	-21.4	
-6.6	42.6	15.5	-6.6	
-28.7	42.6	20.5	0.8	
-48.4	47.5	27.8	-16.4	
-36.1	40.1	8.2	-23.8	
-26.3	40.1	3.2	5.7	
-21.4	47.5	8.2	10.6	
-6.6	37.7	8.2	-4.1	
13.1	25.4	0.8	-1.7	
-1.7	30.3	10.6	-1.7	
-9.1	47.5	20.5	8.2	
35.2	37.7	30.3	0.8	
57.4	37.7	27.8	8.2	
37.7	32.8	22.9	3.2	
35.2	-16.4	10.6	5.7	
25.4	-16.4	8.2	0.8	
-11.5	-16.4	13.1	0.8	
-11.5	0.8	13.1	10.6	
-6.6	25.4	22.9	-6.6	
-4.1	52.4	18.0	3.2	
10.6	32.8	10.6	-4.1	
67.2	-21.4	5.7	18.0	
99.2	-11.5	3.2	-11.5	
133.6	15.5	5.7	15.5	
138.5	35.2	13.1	20.5	
126.2	47.5	15.5	18.0	
101.6	42.6	25.4	-1.7	
54.9	40.1	15.5	8.2	
13.1	35.2	27.8	-21.4	
-31.2	32.8	25.4	-28.7	
-55.8	30.3	20.5	15.5	
-63.2	30.3	5.7	5.7	
-38.6	35.2	8.2	-9.1	
-65.6	8.2	15.5	13.1	
-80.4	32.8	8.2	20.5	
-77.9	47.5	13.1	-1.7	
-73.0	62.3	13.1	-4.1	
-85.3	47.5	8.2	20.5	
-70.6	22.9	8.2	15.5	
-26.3	25.4	3.2	8.2	
-11.5	13.1	8.2	-11.5	
-9.1	10.6	13.1	-1.7	
47.5	13.1	18.0	-9.1	
99.2	20.5	13.1	-4.1	
101.6	13.1	13.1	10.6	
86.9	30.3	5.7	0.8	
47.5	52.4	0.8	0.8	
45.1	57.4	15.5	10.6	
37.7	59.8	18.0	-4.1	
59.8	52.4	0.8	-6.6	
42.6	35.2	5.7	-11.5	
27.8	42.6	10.6	8.2	
8.2	40.1	0.8	-4.1	
-9.1	27.8	8.2	-6.6	
-6.6	-4.1	13.1	-6.6	
-1.7	-6.6	5.7	-1.7	
-14.0	25.4	-1.7	8.2	
-18.9	37.7	8.2	8.2	
-1.7	25.4	-1.7	0.8	
22.9	45.1	-1.7	8.2	
40.1	37.7	-4.1	-4.1	
8.2	37.7	5.7	-4.1	
-11.5	25.4	10.6	8.2	
-31.2	32.8	-4.1	8.2	
-53.3	22.9	10.6	10.6	
-53.3	10.6	0.8	-16.4	
-63.2	-4.1	8.2	3.2	
-75.5	18.0	-1.7	8.2	
-58.3	18.0	-4.1	15.5	
-36.1	22.9	-1.7	5.7	
-14.0	35.2	-6.6	0.8	
25.4	45.1	5.7	10.6	
42.6	37.7	-4.1	5.7	
45.1	20.5	5.7	-1.7	
35.2	37.7	-4.1	13.1	
22.9	52.4	-1.7	15.5	
22.9	59.8	0.8	18.0	
22.9	52.4	-1.7	5.7	
22.9	37.7	5.7	-18.9	
40.1	20.5	3.2	10.6	
72.1	5.7	0.8	3.2	
96.7	18.0	0.8	3.2	
113.9	35.2	5.7	5.7	
111.5	35.2	0.8	0.8	
118.9	32.8	-9.1	10.6	
113.9	37.7	-1.7	15.5	
82.0	35.2	0.8	8.2	
40.1	37.7	8.2	5.7	
10.6	35.2	-4.1	5.7	
-38.6	47.5	5.7	0.8	
-107.5	27.8	-4.1	15.5	
-134.5	32.8	-1.7	0.8	
-102.5	37.7	3.2	-14.0	
-70.6	47.5	0.8	13.1	
-46.0	47.5	-6.6	8.2	
8.2	42.6	0.8	-4.1	
27.8	32.8	3.2	-1.7	
32.8	32.8	8.2	-6.6	
13.1	37.7	3.2	5.7	
18.0	30.3	0.8	8.2	
3.2	25.4	3.2	0.8	
-11.5	27.8	-11.5	-4.1	
-16.4	27.8	-6.6	0.8	
18.0	27.8	-1.7	8.2	
52.4	35.2	3.2	10.6	
86.9	25.4	5.7	3.2	
104.1	22.9	0.8	0.8	
111.5	15.5	3.2	5.7	
101.6	25.4	5.7	-1.7	
77.0	27.8	-1.7	-4.1	
37.7	30.3	-6.6	-6.6	
5.7	25.4	-4.1	8.2	
-21.4	27.8	5.7	-6.6	
-48.4	37.7	0.8	-1.7	
-60.7	32.8	0.8	-1.7	
-55.8	25.4	15.5	22.9	
-33.7	37.7	-4.1	25.4	
-23.8	35.2	5.7	-6.6	
-9.1	40.1	-4.1	-1.7	
-14.0	37.7	5.7	3.2	
3.2	18.0	-4.1	-6.6	
40.1	25.4	0.8	5.7	
86.9	27.8	8.2	5.7	
101.6	42.6	-1.7	10.6	
74.6	42.6	5.7	-4.1	
57.4	35.2	10.6	10.6	
40.1	47.5	-1.7	10.6	
45.1	37.7	-6.6	5.7	
57.4	35.2	-4.1	-18.9	
37.7	32.8	-6.6	-9.1	
8.2	22.9	5.7	-6.6	
5.7	32.8	0.8	-1.7	
-14.0	27.8	-1.7	15.5	
-21.4	10.6	5.7	10.6	
-16.4	0.8	13.1	3.2	
-21.4	18.0	3.2	0.8	
-26.3	25.4	13.1	-4.1	
-50.9	30.3	13.1	-6.6	
-16.4	20.5	15.5	0.8	
0.8	30.3	13.1	3.2	
3.2	32.8	5.7	5.7	
-11.5	22.9	5.7	10.6	
-23.8	27.8	8.2	3.2	
-28.7	22.9	3.2	5.7	
-28.7	37.7	15.5	8.2	
-28.7	15.5	15.5	0.8	
-26.3	32.8	8.2	-1.7	
-4.1	10.6	8.2	3.2	
-9.1	27.8	8.2	0.8	
35.2	37.7	15.5	10.6	
82.0	45.1	10.6	5.7	
82.0	27.8	5.7	5.7	
91.8	35.2	0.8	-4.1	
72.1	30.3	13.1	-6.6	
42.6	32.8	22.9	15.5	
0.8	40.1	10.6	-4.1	
-26.3	42.6	0.8	-4.1	
-36.1	37.7	0.8	8.2	
-46.0	25.4	15.5	-6.6	
-28.7	18.0	18.0	-1.7	
-6.6	32.8	5.7	0.8	
3.2	40.1	10.6	-4.1	
22.9	35.2	-1.7	8.2	
50.0	37.7	22.9	8.2	
45.1	45.1	5.7	10.6	
32.8	40.1	10.6	30.3	
15.5	57.4	15.5	18.0	
0.8	62.3	5.7	13.1	
-14.0	57.4	8.2	-9.1	
-16.4	54.9	3.2	-6.6	
-36.1	32.8	10.6	5.7	
-14.0	32.8	5.7	-11.5	
13.1	30.3	5.7	0.8	
42.6	54.9	5.7	0.8	
64.7	54.9	13.1	-1.7	
79.5	37.7	18.0	-4.1	
50.0	69.7	13.1	5.7	
30.3	45.1	22.9	-1.7	
22.9	22.9	15.5	5.7	
40.1	18.0	22.9	-1.7	
67.2	20.5	20.5	3.2	
72.1	0.8	13.1	15.5	
67.2	-9.1	13.1	22.9	
57.4	15.5	15.5	5.7	
42.6	30.3	15.5	-4.1	
3.2	47.5	13.1	8.2	
-9.1	20.5	15.5	5.7	
-41.0	22.9	10.6	8.2	
-14.0	8.2	8.2	3.2	
13.1	15.5	15.5	-14.0	
37.7	35.2	10.6	-14.0	
62.3	22.9	5.7	-6.6	
45.1	59.8	13.1	8.2	
42.6	47.5	27.8	0.8	
30.3	42.6	18.0	0.8	
37.7	45.1	10.6	0.8	
22.9	52.4	5.7	-1.7	
8.2	54.9	0.8	-6.6	
0.8	45.1	0.8	8.2	
8.2	89.3	15.5	5.7	
0.8	89.3	15.5	5.7	
3.2	67.2	10.6	-1.7	
5.7	57.4	3.2	0.8	
20.5	37.7	5.7	-4.1	
5.7	42.6	5.7	3.2	
8.2	32.8	0.8	18.0	
-23.8	15.5	8.2	13.1	
-16.4	8.2	8.2	-1.7	
-28.7	0.8	5.7	8.2	
-21.4	-4.1	-1.7	18.0	
-4.1	3.2	-1.7	20.5	
3.2	-4.1	3.2	-16.4	
3.2	-14.0	8.2	-16.4	
5.7	-4.1	0.8	13.1	
15.5	-4.1	0.8	18.0	
37.7	-4.1	5.7	13.1	
27.8	-14.0	-1.7	-14.0	
40.1	-6.6	13.1	-9.1	
37.7	-18.9	15.5	5.7	
37.7	-31.2	0.8	5.7	
45.1	-4.1	13.1	-9.1	
27.8	22.9	8.2	-4.1	
25.4	30.3	8.2	8.2	
25.4	22.9	5.7	5.7	
25.4	22.9	8.2	5.7	
3.2	30.3	5.7	0.8	
-21.4	22.9	-6.6	-1.7	
-26.3	40.1	3.2	-1.7	
-16.4	42.6	-4.1	0.8	
-14.0	35.2	-4.1	0.8	
-36.1	15.5	-1.7	-4.1	
-58.3	20.5	8.2	-1.7	
-50.9	27.8	5.7	-4.1	
-50.9	45.1	3.2	-1.7	
-16.4	47.5	5.7	-9.1	
10.6	35.2	5.7	30.3	
22.9	30.3	-6.6	18.0	
50.0	27.8	8.2	-1.7	
50.0	27.8	3.2	3.2	
37.7	30.3	8.2	18.0	
32.8	42.6	8.2	15.5	
18.0	40.1	3.2	-4.1	
32.8	37.7	8.2	-6.6	
42.6	35.2	-4.1	10.6	
64.7	37.7	8.2	5.7	
64.7	45.1	3.2	-4.1	
47.5	30.3	0.8	-14.0	
45.1	27.8	3.2	-16.4	
25.4	45.1	-1.7	10.6	
25.4	42.6	-6.6	0.8	
0.8	45.1	-1.7	-11.5	
-11.5	45.1	13.1	-4.1	
5.7	35.2	10.6	3.2	
59.8	35.2	8.2	3.2	
86.9	40.1	-6.6	3.2	
109.0	35.2	5.7	13.1	
79.5	25.4	0.8	0.8	
69.7	37.7	-6.6	-1.7	
67.2	45.1	8.2	15.5	
59.8	45.1	-1.7	8.2	
15.5	45.1	-4.1	10.6	
-41.0	32.8	13.1	5.7	
-58.3	32.8	18.0	3.2	
-85.3	35.2	13.1	-4.1	
-124.7	27.8	10.6	-11.5	
-124.7	18.0	8.2	5.7	
-97.6	18.0	-1.7	8.2	
-63.2	18.0	15.5	15.5	
-23.8	20.5	10.6	3.2	
32.8	15.5	0.8	3.2	
59.8	18.0	5.7	-6.6	
72.1	30.3	5.7	8.2	
57.4	35.2	10.6	20.5	
45.1	18.0	3.2	-4.1	
77.0	40.1	5.7	-28.7	
86.9	40.1	5.7	-18.9	
104.1	35.2	8.2	-1.7	
47.5	25.4	-4.1	10.6	
10.6	27.8	8.2	5.7	
-18.9	15.5	10.6	3.2	
-50.9	20.5	3.2	-9.1	
-80.4	27.8	3.2	10.6	
-68.1	32.8	8.2	-1.7	
-77.9	30.3	0.8	15.5	
-73.0	15.5	8.2	-14.0	
-65.6	15.5	10.6	-11.5	
-33.7	27.8	0.8	10.6	
-14.0	10.6	5.7	5.7	
-4.1	32.8	10.6	0.8	
10.6	45.1	8.2	5.7	
13.1	42.6	0.8	-4.1	
13.1	35.2	5.7	3.2	
-28.7	40.1	15.5	0.8	
-33.7	18.0	5.7	13.1	
-21.4	50.0	3.2	8.2	
13.1	50.0	3.2	-11.5	
42.6	42.6	0.8	0.8	
94.3	40.1	5.7	3.2	
104.1	40.1	8.2	5.7	
104.1	15.5	10.6	10.6	
82.0	22.9	-1.7	-1.7	
64.7	18.0	5.7	-9.1	
59.8	30.3	13.1	-1.7	
37.7	25.4	8.2	13.1	
18.0	32.8	3.2	-4.1	
25.4	20.5	5.7	20.5	
13.1	35.2	5.7	37.7	
15.5	22.9	18.0	18.0	
20.5	18.0	8.2	-23.8	
30.3	40.1	0.8	-14.0	
20.5	37.7	3.2	-1.7	
30.3	32.8	10.6	3.2	
52.4	13.1	3.2	8.2	
72.1	25.4	-1.7	3.2	
72.1	42.6	5.7	3.2	
59.8	35.2	3.2	5.7	
67.2	62.3	5.7	-4.1	
37.7	82.0	0.8	13.1	
40.1	69.7	3.2	3.2	
25.4	62.3	10.6	3.2	
-48.4	30.3	5.7	8.2	
-95.2	13.1	8.2	15.5	
-77.9	47.5	8.2	18.0	
-70.6	74.6	8.2	-11.5	
-80.4	67.2	-1.7	-4.1	
-50.9	82.0	8.2	10.6	
-14.0	52.4	5.7	5.7	
15.5	-16.4	8.2	5.7	
40.1	-28.7	20.5	3.2	
64.7	8.2	13.1	-4.1	
69.7	-23.8	18.0	0.8	
89.3	-28.7	18.0	3.2	
99.2	-4.1	22.9	0.8	
111.5	18.0	25.4	5.7	
86.9	18.0	18.0	0.8	
79.5	18.0	13.1	8.2	
45.1	18.0	8.2	5.7	
-14.0	30.3	3.2	-1.7	
-58.3	42.6	3.2	5.7	
-55.8	27.8	0.8	3.2	
-55.8	40.1	8.2	0.8	
-55.8	47.5	3.2	5.7	
-65.6	37.7	-1.7	-4.1	
-43.5	40.1	-1.7	-1.7	
-26.3	42.6	0.8	0.8	
-4.1	35.2	8.2	8.2	
-6.6	40.1	8.2	-1.7	
5.7	40.1	13.1	-4.1	
0.8	20.5	15.5	-4.1	
0.8	13.1	0.8	-1.7	
-18.9	0.8	15.5	5.7	
5.7	0.8	20.5	-4.1	
37.7	10.6	8.2	-6.6	
40.1	18.0	-9.1	3.2	
35.2	40.1	3.2	0.8	
40.1	52.4	8.2	-6.6	
27.8	52.4	15.5	0.8	
42.6	47.5	13.1	-1.7	
15.5	22.9	15.5	8.2	
8.2	30.3	-1.7	13.1	
-11.5	47.5	8.2	8.2	
-11.5	32.8	8.2	-6.6	
32.8	30.3	13.1	-23.8	
47.5	27.8	5.7	-14.0	
40.1	22.9	3.2	20.5	
15.5	35.2	5.7	30.3	
15.5	42.6	-4.1	3.2	
30.3	50.0	-6.6	0.8	
42.6	30.3	10.6	-11.5	
37.7	25.4	-6.6	-1.7	
25.4	32.8	-4.1	15.5	
25.4	40.1	0.8	8.2	
37.7	40.1	-11.5	10.6	
30.3	37.7	-14.0	-1.7	
25.4	45.1	10.6	0.8	
0.8	32.8	8.2	-18.9	
-26.3	57.4	13.1	-14.0	
0.8	84.4	3.2	15.5	
0.8	72.1	-6.6	5.7	
3.2	40.1	-11.5	-6.6	
18.0	37.7	-1.7	-4.1	
62.3	47.5	0.8	-11.5	
99.2	27.8	3.2	15.5	
109.0	25.4	-1.7	15.5	
106.6	25.4	-14.0	5.7	
99.2	18.0	5.7	5.7	
84.4	13.1	-1.7	-6.6	
59.8	15.5	10.6	-9.1	
42.6	30.3	0.8	-4.1	
-1.7	32.8	3.2	0.8	
-50.9	22.9	3.2	10.6	
-90.2	18.0	-1.7	5.7	
-82.9	30.3	-1.7	10.6	
-63.2	13.1	8.2	22.9	
-68.1	25.4	0.8	8.2	
-50.9	15.5	-1.7	15.5	
-48.4	30.3	5.7	5.7	
-36.1	25.4	0.8	-1.7	
-11.5	37.7	5.7	20.5	
22.9	25.4	-1.7	22.9	
37.7	18.0	5.7	8.2	
86.9	45.1	3.2	0.8	
111.5	47.5	3.2	-4.1	
131.2	50.0	-6.6	-4.1	
118.9	40.1	-1.7	18.0	
94.3	50.0	-9.1	13.1	
27.8	69.7	-1.7	-9.1	
-9.1	57.4	-6.6	5.7	
-55.8	27.8	-4.1	3.2	
-36.1	40.1	-1.7	8.2	
-31.2	52.4	15.5	8.2	
-46.0	47.5	13.1	-1.7	
-50.9	52.4	13.1	5.7	
-65.6	50.0	10.6	8.2	
-65.6	8.2	10.6	0.8	
-38.6	-26.3	-1.7	0.8	
-36.1	-16.4	10.6	0.8	
-41.0	-6.6	8.2	3.2	
-58.3	13.1	13.1	0.8	
-60.7	13.1	3.2	3.2	
-60.7	15.5	10.6	5.7	
-33.7	22.9	0.8	-1.7	
18.0	47.5	18.0	-4.1	
52.4	30.3	15.5	15.5	
82.0	18.0	10.6	18.0	
123.8	20.5	-1.7	5.7	
153.3	15.5	10.6	-11.5	
143.5	10.6	13.1	-1.7	
155.8	42.6	13.1	0.8	
136.1	45.1	15.5	13.1	
77.0	47.5	15.5	15.5	
18.0	35.2	8.2	5.7	
-28.7	25.4	8.2	-4.1	
-58.3	47.5	5.7	-18.9	
-58.3	47.5	5.7	-11.5	
-48.4	54.9	5.7	5.7	
-43.5	45.1	0.8	8.2	
-28.7	40.1	8.2	-4.1	
15.5	40.1	15.5	3.2	
0.8	35.2	18.0	5.7	
-23.8	20.5	20.5	-6.6	
-38.6	40.1	18.0	10.6	
-41.0	52.4	15.5	3.2	
-63.2	57.4	5.7	-6.6	
-63.2	8.2	8.2	8.2	
-41.0	3.2	8.2	3.2	
10.6	3.2	8.2	10.6	
54.9	22.9	10.6	0.8	
69.7	27.8	13.1	-11.5	
104.1	30.3	20.5	-6.6	
126.2	35.2	13.1	13.1	
131.2	27.8	15.5	15.5	
86.9	25.4	10.6	3.2	
52.4	22.9	8.2	-4.1	
20.5	30.3	18.0	5.7	
-14.0	27.8	5.7	8.2	
-21.4	27.8	15.5	10.6	
-33.7	32.8	15.5	-16.4	
-48.4	22.9	13.1	-1.7	
-26.3	18.0	8.2	-4.1	
30.3	15.5	3.2	-11.5	
77.0	0.8	0.8	-1.7	
106.6	20.5	5.7	0.8	
116.4	42.6	8.2	5.7	
84.4	27.8	15.5	-1.7	
45.1	22.9	13.1	-1.7	
0.8	35.2	5.7	13.1	
-50.9	32.8	-1.7	5.7	
-50.9	27.8	-4.1	-4.1	
-68.1	27.8	0.8	-1.7	
-85.3	20.5	15.5	0.8	
-100.1	27.8	8.2	8.2	
-70.6	50.0	0.8	5.7	
-41.0	25.4	0.8	-11.5	
-9.1	18.0	25.4	-11.5	
42.6	20.5	3.2	10.6	
77.0	37.7	-1.7	-4.1	
84.4	0.8	-4.1	8.2	
62.3	-14.0	-4.1	5.7	
67.2	8.2	-1.7	13.1	
67.2	30.3	-1.7	15.5	
47.5	40.1	0.8	3.2	
20.5	27.8	-1.7	-6.6	
-11.5	8.2	3.2	-1.7	
-46.0	-4.1	-1.7	-4.1	
-58.3	-14.0	-4.1	13.1	
-28.7	13.1	-1.7	-6.6	
-43.5	5.7	-1.7	-14.0	
-33.7	8.2	0.8	13.1	
-53.3	37.7	-6.6	0.8	
-41.0	62.3	0.8	15.5	
-28.7	54.9	-1.7	20.5	
-9.1	40.1	3.2	13.1	
10.6	52.4	8.2	-9.1	
22.9	45.1	-4.1	-1.7	
54.9	45.1	8.2	8.2	
54.9	42.6	0.8	0.8	
69.7	37.7	-4.1	3.2	
77.0	54.9	-4.1	-6.6	
64.7	40.1	-4.1	-9.1	
67.2	52.4	-4.1	13.1	
77.0	13.1	0.8	18.0	
69.7	3.2	3.2	30.3	
62.3	-1.7	-4.1	-18.9	
69.7	0.8	5.7	0.8	
62.3	13.1	10.6	8.2	
45.1	-1.7	-1.7	-1.7	
50.0	0.8	10.6	-1.7	
20.5	5.7	3.2	-9.1	
-1.7	22.9	0.8	3.2	
-48.4	40.1	3.2	-9.1	
-58.3	52.4	3.2	-6.6	
-48.4	50.0	3.2	5.7	
-53.3	37.7	0.8	0.8	
-33.7	42.6	-6.6	-4.1	
-16.4	52.4	-1.7	0.8	
-1.7	50.0	0.8	0.8	
-14.0	77.0	5.7	8.2	
-11.5	57.4	8.2	3.2	
-18.9	54.9	5.7	3.2	
0.8	57.4	5.7	0.8	
40.1	25.4	0.8	22.9	
101.6	32.8	5.7	-18.9	
109.0	42.6	0.8	-11.5	
109.0	50.0	8.2	-16.4	
74.6	8.2	8.2	8.2	
57.4	8.2	3.2	8.2	
20.5	20.5	5.7	0.8	
8.2	30.3	8.2	8.2	
-23.8	35.2	3.2	5.7	
-68.1	32.8	5.7	8.2	
-95.2	40.1	3.2	20.5	
-55.8	25.4	5.7	18.0	
-6.6	45.1	5.7	0.8	
15.5	25.4	-1.7	-9.1	
42.6	13.1	13.1	8.2	
47.5	13.1	3.2	13.1	
59.8	18.0	5.7	8.2	
42.6	27.8	10.6	13.1	
72.1	20.5	15.5	5.7	
57.4	35.2	18.0	-9.1	
25.4	27.8	15.5	3.2	
3.2	42.6	10.6	-1.7	
-11.5	30.3	8.2	-4.1	
-6.6	37.7	15.5	-6.6	
-11.5	45.1	10.6	-23.8	
3.2	52.4	5.7	3.2	
18.0	45.1	3.2	15.5	
22.9	50.0	3.2	5.7	
3.2	54.9	18.0	-4.1	
3.2	59.8	8.2	5.7	
15.5	30.3	10.6	10.6	
10.6	32.8	-1.7	0.8	
3.2	42.6	5.7	-11.5	
47.5	10.6	-1.7	3.2	
64.7	10.6	8.2	-1.7	
64.7	13.1	13.1	-18.9	
30.3	13.1	15.5	3.2	
8.2	15.5	13.1	8.2	
-18.9	15.5	5.7	-9.1	
-43.5	22.9	3.2	-11.5	
-65.6	25.4	3.2	-1.7	
-53.3	25.4	5.7	-4.1	
-31.2	13.1	5.7	-9.1	
-23.8	22.9	0.8	8.2	
-14.0	42.6	15.5	-4.1	
-1.7	40.1	18.0	-4.1	
-6.6	45.1	22.9	3.2	
-1.7	37.7	10.6	3.2	
-1.7	32.8	-6.6	0.8	
-1.7	32.8	5.7	-4.1	
27.8	37.7	20.5	-6.6	
30.3	40.1	0.8	-6.6	
13.1	62.3	8.2	0.8	
8.2	47.5	10.6	3.2	
-9.1	5.7	15.5	5.7	
15.5	-6.6	18.0	-1.7	
25.4	25.4	-1.7	3.2	
42.6	40.1	3.2	-6.6	
64.7	8.2	5.7	-1.7	
99.2	-21.4	-1.7	5.7	
84.4	-9.1	-6.6	3.2	
79.5	10.6	5.7	5.7	
72.1	18.0	10.6	-4.1	
62.3	22.9	8.2	-4.1	
77.0	52.4	5.7	-9.1	
69.7	50.0	-1.7	3.2	
22.9	40.1	3.2	5.7	
-6.6	32.8	0.8	3.2	
-26.3	45.1	-11.5	-4.1	
-41.0	42.6	5.7	8.2	
-60.7	22.9	-9.1	-4.1	
-46.0	40.1	0.8	-9.1	
-55.8	40.1	5.7	0.8	
-65.6	27.8	0.8	-6.6	
-46.0	18.0	-1.7	-4.1	
-41.0	18.0	5.7	0.8	
-23.8	20.5	3.2	13.1	
-1.7	27.8	0.8	15.5	
8.2	18.0	-1.7	-1.7	
22.9	30.3	0.8	-6.6	
27.8	35.2	0.8	-4.1	
30.3	20.5	5.7	10.6	
15.5	-1.7	3.2	-6.6	
25.4	-18.9	-14.0	-9.1	
27.8	-9.1	-1.7	8.2	
40.1	3.2	-4.1	0.8	
32.8	20.5	5.7	3.2	
35.2	42.6	0.8	0.8	
22.9	57.4	-1.7	0.8	
27.8	50.0	0.8	15.5	
32.8	47.5	-11.5	0.8	
20.5	35.2	5.7	0.8	
30.3	40.1	3.2	3.2	
35.2	40.1	0.8	-21.4	
20.5	47.5	0.8	0.8	
25.4	50.0	-1.7	-9.1	
3.2	35.2	0.8	5.7	
13.1	20.5	3.2	3.2	
30.3	5.7	-4.1	15.5	
27.8	25.4	5.7	13.1	
27.8	13.1	0.8	8.2	
18.0	15.5	5.7	0.8	
20.5	3.2	5.7	3.2	
18.0	18.0	-1.7	0.8	
20.5	25.4	-1.7	0.8	
20.5	13.1	-1.7	-6.6	
18.0	13.1	5.7	-6.6	
13.1	50.0	15.5	-1.7	
18.0	67.2	10.6	0.8	
22.9	74.6	-1.7	5.7	
22.9	52.4	8.2	8.2	
25.4	37.7	5.7	-1.7	
22.9	18.0	3.2	13.1	
25.4	25.4	5.7	10.6	
27.8	-9.1	15.5	-6.6	
27.8	15.5	5.7	0.8	
25.4	42.6	5.7	3.2	
25.4	32.8	8.2	0.8	
18.0	25.4	0.8	-1.7	
27.8	25.4	3.2	8.2	
25.4	18.0	3.2	10.6	
27.8	42.6	10.6	-11.5	
35.2	52.4	5.7	-4.1	
54.9	42.6	0.8	-11.5	
50.0	35.2	0.8	-6.6	
37.7	22.9	10.6	15.5	
30.3	-4.1	0.8	15.5	
37.7	5.7	5.7	0.8	
54.9	20.5	5.7	-9.1	
42.6	25.4	5.7	5.7	
27.8	40.1	0.8	10.6	
8.2	32.8	5.7	0.8	
-6.6	40.1	13.1	-14.0	
-11.5	37.7	10.6	8.2	
-9.1	47.5	8.2	25.4	
-11.5	62.3	10.6	-14.0	
-31.2	64.7	18.0	-9.1	
-23.8	69.7	13.1	0.8	
-21.4	47.5	10.6	10.6	
-28.7	-11.5	0.8	13.1	
-26.3	8.2	-1.7	10.6	
-11.5	72.1	8.2	0.8	
0.8	67.2	5.7	-18.9	
3.2	37.7	-9.1	-18.9	
5.7	-1.7	0.8	0.8	
27.8	-33.7	13.1	3.2	
35.2	-33.7	18.0	15.5	
40.1	-28.7	10.6	20.5	
35.2	13.1	5.7	-11.5	
32.8	10.6	13.1	-1.7	
27.8	18.0	8.2	-1.7	
13.1	20.5	8.2	-1.7	
18.0	45.1	20.5	-4.1	
-4.1	57.4	18.0	5.7	
-6.6	72.1	13.1	8.2	
-14.0	62.3	10.6	-9.1	
-4.1	67.2	5.7	3.2	
5.7	37.7	5.7	10.6	
3.2	42.6	-1.7	5.7	
8.2	25.4	13.1	-1.7	
22.9	0.8	18.0	3.2	
13.1	-11.5	5.7	-9.1	
20.5	-16.4	5.7	13.1	
20.5	22.9	10.6	8.2	
25.4	15.5	3.2	-14.0	
20.5	20.5	8.2	-11.5	
22.9	20.5	5.7	-1.7	
13.1	3.2	15.5	3.2	
18.0	10.6	18.0	-18.9	
22.9	13.1	15.5	-9.1	
27.8	25.4	10.6	3.2	
22.9	57.4	8.2	15.5	
22.9	64.7	-1.7	-1.7	
20.5	45.1	20.5	-21.4	
20.5	25.4	3.2	10.6	
27.8	8.2	-1.7	-9.1	
15.5	27.8	3.2	-16.4	
20.5	32.8	5.7	3.2	
15.5	22.9	8.2	5.7	
20.5	25.4	5.7	22.9	
22.9	40.1	-4.1	30.3	
18.0	37.7	8.2	-23.8	
15.5	45.1	10.6	-6.6	
22.9	52.4	5.7	15.5	
27.8	42.6	-14.0	13.1	
22.9	37.7	0.8	0.8	
22.9	42.6	5.7	-9.1	
30.3	25.4	0.8	-4.1	
15.5	30.3	18.0	-1.7	
18.0	27.8	15.5	8.2	
22.9	37.7	0.8	-11.5	
25.4	35.2	0.8	0.8	
10.6	32.8	3.2	-4.1	
5.7	42.6	5.7	0.8	
13.1	37.7	-6.6	-1.7	
13.1	32.8	-6.6	-1.7	
5.7	22.9	3.2	0.8	
5.7	32.8	5.7	5.7	
3.2	30.3	-4.1	0.8	
5.7	27.8	-1.7	3.2	
15.5	30.3	-1.7	0.8	
37.7	35.2	-1.7	3.2	
42.6	22.9	10.6	8.2	
42.6	22.9	-4.1	0.8	
47.5	20.5	5.7	5.7	
37.7	13.1	3.2	0.8	
35.2	25.4	-6.6	-6.6	
15.5	30.3	3.2	3.2	
18.0	18.0	0.8	5.7	
-4.1	10.6	-4.1	0.8	
-16.4	8.2	-14.0	5.7	
-11.5	32.8	-1.7	13.1	
-11.5	45.1	-1.7	13.1	
-21.4	52.4	0.8	8.2	
-9.1	35.2	0.8	-1.7	
3.2	-4.1	3.2	13.1	
18.0	-4.1	-9.1	-1.7	
22.9	0.8	-4.1	5.7	
25.4	30.3	-1.7	8.2	
32.8	52.4	0.8	-1.7	
8.2	50.0	0.8	3.2	
13.1	10.6	8.2	18.0	
15.5	32.8	-9.1	30.3	
27.8	45.1	-6.6	15.5	
32.8	45.1	-9.1	-21.4	
27.8	45.1	-1.7	5.7	
18.0	18.0	-4.1	-1.7	
18.0	42.6	3.2	5.7	
15.5	27.8	5.7	-11.5	
15.5	27.8	-1.7	0.8	
3.2	42.6	15.5	3.2	
-14.0	47.5	0.8	25.4	
-6.6	52.4	0.8	20.5	
-1.7	37.7	5.7	10.6	
-6.6	50.0	3.2	5.7	
-21.4	37.7	-1.7	-1.7	
-9.1	25.4	3.2	-6.6	
27.8	35.2	8.2	0.8	
74.6	30.3	3.2	5.7	
74.6	25.4	5.7	10.6	
52.4	32.8	3.2	5.7	
37.7	32.8	5.7	0.8	
15.5	37.7	0.8	10.6	
5.7	35.2	3.2	8.2	
-9.1	22.9	5.7	10.6	
-1.7	32.8	3.2	-9.1	
5.7	30.3	5.7	8.2	
-14.0	13.1	0.8	13.1	
-16.4	18.0	3.2	10.6	
0.8	-1.7	13.1	10.6	
0.8	8.2	18.0	3.2	
-1.7	-1.7	5.7	5.7	
-4.1	15.5	3.2	-1.7	
30.3	35.2	10.6	18.0	
57.4	20.5	8.2	25.4	
67.2	0.8	5.7	-4.1	
57.4	59.8	0.8	-21.4	
25.4	94.3	5.7	-1.7	
27.8	89.3	10.6	8.2	
22.9	50.0	-4.1	15.5	
32.8	54.9	5.7	25.4	
15.5	57.4	5.7	-1.7	
3.2	50.0	0.8	-16.4	
-18.9	50.0	-1.7	-21.4	
-16.4	52.4	-1.7	3.2	
-16.4	74.6	3.2	15.5	
3.2	79.5	3.2	22.9	
20.5	-1.7	3.2	10.6	
27.8	-11.5	-4.1	5.7	
15.5	-11.5	15.5	-6.6	
-6.6	25.4	10.6	8.2	
-16.4	32.8	20.5	10.6	
-31.2	35.2	-1.7	5.7	
-36.1	20.5	8.2	25.4	
-28.7	27.8	10.6	8.2	
-23.8	22.9	5.7	8.2	
-14.0	8.2	15.5	-1.7	
5.7	8.2	13.1	3.2	
22.9	15.5	13.1	10.6	
27.8	10.6	18.0	5.7	
27.8	20.5	10.6	18.0	
22.9	27.8	8.2	27.8	
22.9	35.2	3.2	18.0	
22.9	32.8	8.2	3.2	
20.5	22.9	-4.1	20.5	
22.9	35.2	3.2	5.7	
25.4	35.2	0.8	-48.4	
30.3	25.4	3.2	3.2	
30.3	18.0	10.6	5.7	
25.4	25.4	0.8	0.8	
30.3	45.1	5.7	-14.0	
27.8	37.7	3.2	0.8	
13.1	27.8	10.6	15.5	
32.8	50.0	10.6	5.7	
18.0	47.5	5.7	15.5	
22.9	50.0	5.7	-4.1	
20.5	37.7	10.6	-4.1	
32.8	25.4	8.2	-11.5	
18.0	22.9	-9.1	3.2	
18.0	22.9	0.8	0.8	
27.8	30.3	10.6	15.5	
30.3	30.3	10.6	8.2	
20.5	37.7	10.6	18.0	
20.5	30.3	3.2	5.7	
13.1	8.2	5.7	3.2	
5.7	5.7	-1.7	5.7	
13.1	22.9	10.6	5.7	
22.9	27.8	5.7	3.2	
20.5	27.8	0.8	13.1	
13.1	22.9	5.7	5.7	
18.0	27.8	-1.7	8.2	
13.1	18.0	18.0	13.1	
15.5	32.8	18.0	20.5	
5.7	27.8	8.2	13.1	
-1.7	13.1	3.2	15.5	
5.7	32.8	8.2	20.5	
3.2	42.6	-4.1	13.1	
18.0	32.8	8.2	15.5	
13.1	25.4	3.2	15.5	
13.1	27.8	10.6	18.0	
15.5	30.3	5.7	15.5	
15.5	35.2	5.7	8.2	
10.6	32.8	-1.7	0.8	
8.2	27.8	-9.1	18.0	
22.9	32.8	0.8	13.1	
15.5	27.8	-1.7	18.0	
25.4	35.2	0.8	5.7	
20.5	20.5	10.6	3.2	
15.5	35.2	8.2	0.8	
22.9	42.6	0.8	-1.7	
15.5	42.6	0.8	10.6	
18.0	25.4	-9.1	-9.1	
15.5	54.9	10.6	0.8	
25.4	59.8	-6.6	0.8	
20.5	22.9	3.2	-6.6	
25.4	-21.4	-4.1	0.8	
15.5	-4.1	-1.7	5.7	
15.5	22.9	-1.7	-1.7	
5.7	30.3	0.8	-6.6	
3.2	22.9	-6.6	-6.6	
20.5	35.2	-4.1	-6.6	
20.5	52.4	-4.1	-11.5	
22.9	32.8	-1.7	-1.7	
13.1	22.9	8.2	0.8	
8.2	3.2	0.8	0.8	
18.0	8.2	8.2	5.7	
25.4	-4.1	3.2	5.7	
47.5	3.2	0.8	-31.2	
67.2	10.6	-6.6	-18.9	
99.2	-6.6	15.5	8.2	
113.9	-16.4	-4.1	10.6	
116.4	8.2	3.2	-14.0	
79.5	64.7	-4.1	-1.7	
62.3	47.5	5.7	-16.4	
32.8	25.4	5.7	-14.0	
37.7	37.7	-4.1	-14.0	
30.3	30.3	-11.5	15.5	
37.7	27.8	-1.7	-1.7	
15.5	32.8	-4.1	3.2	
5.7	47.5	-1.7	-11.5	
-9.1	64.7	5.7	-1.7	
-16.4	52.4	-1.7	-11.5	
-38.6	47.5	5.7	0.8	
-36.1	47.5	-4.1	0.8	
-36.1	69.7	-6.6	-11.5	
-23.8	59.8	3.2	-9.1	
-21.4	62.3	0.8	10.6	
-11.5	57.4	0.8	5.7	
-9.1	45.1	-1.7	-4.1	
30.3	32.8	8.2	0.8	
59.8	54.9	3.2	-1.7	
32.8	59.8	3.2	-1.7	
10.6	54.9	-9.1	5.7	
-21.4	45.1	3.2	-9.1	
-21.4	35.2	10.6	0.8	
-9.1	27.8	0.8	-6.6	
-9.1	25.4	-6.6	-9.1	
-1.7	20.5	0.8	-9.1	
32.8	22.9	0.8	13.1	
45.1	10.6	-6.6	10.6	
40.1	15.5	8.2	-14.0	
13.1	22.9	-1.7	-9.1	
22.9	3.2	5.7	-4.1	
10.6	-9.1	8.2	-16.4	
15.5	-18.9	-1.7	-4.1	
25.4	-16.4	5.7	8.2	
25.4	-28.7	0.8	-4.1	
20.5	-4.1	18.0	-9.1	
22.9	-21.4	8.2	0.8	
20.5	-23.8	3.2	3.2	
27.8	-23.8	5.7	-16.4	
22.9	-26.3	-1.7	-4.1	
22.9	-11.5	-4.1	0.8	
10.6	-1.7	-6.6	13.1	
18.0	-9.1	3.2	3.2	
20.5	-4.1	5.7	0.8	
25.4	-6.6	-11.5	-11.5	
13.1	10.6	8.2	-9.1	
18.0	13.1	5.7	-9.1	
13.1	22.9	-1.7	-11.5	
18.0	22.9	3.2	-6.6	
8.2	20.5	3.2	-18.9	
10.6	8.2	3.2	0.8	
18.0	-4.1	3.2	13.1	
8.2	10.6	0.8	20.5	
10.6	20.5	3.2	-9.1	
5.7	10.6	-4.1	-16.4	
13.1	18.0	-14.0	-14.0	
32.8	47.5	-11.5	20.5	
37.7	35.2	-1.7	5.7	
22.9	45.1	8.2	-9.1	
25.4	62.3	8.2	-11.5	
32.8	91.8	0.8	-1.7	
20.5	54.9	5.7	-1.7	
10.6	32.8	5.7	0.8	
18.0	32.8	5.7	-6.6	
5.7	27.8	5.7	-9.1	
13.1	22.9	0.8	-9.1	
3.2	8.2	-4.1	-1.7	
0.8	-11.5	10.6	5.7	
3.2	-21.4	0.8	5.7	
18.0	-31.2	-1.7	5.7	
18.0	-33.7	3.2	5.7	
27.8	-11.5	3.2	-6.6	
22.9	0.8	0.8	-4.1	
25.4	10.6	-4.1	0.8	
20.5	15.5	0.8	13.1	
30.3	40.1	5.7	3.2	
15.5	45.1	8.2	3.2	
22.9	42.6	3.2	-6.6	
18.0	42.6	8.2	-4.1	
20.5	22.9	8.2	-11.5	
22.9	32.8	22.9	-4.1	
25.4	32.8	27.8	-11.5	
5.7	25.4	15.5	-9.1	
15.5	10.6	20.5	-9.1	
15.5	10.6	22.9	-4.1	
13.1	22.9	18.0	0.8	
22.9	42.6	13.1	3.2	
22.9	25.4	13.1	-9.1	
20.5	18.0	22.9	8.2	
18.0	42.6	10.6	-18.9	
20.5	47.5	3.2	0.8	
27.8	45.1	0.8	-1.7	
25.4	35.2	-6.6	-11.5	
37.7	25.4	-4.1	-4.1	
45.1	13.1	8.2	-6.6	
30.3	25.4	5.7	-9.1	
25.4	25.4	3.2	-1.7	
8.2	35.2	5.7	-9.1	
20.5	57.4	5.7	-4.1	
22.9	79.5	3.2	-9.1	
8.2	74.6	-1.7	-1.7	
5.7	67.2	0.8	18.0	
22.9	54.9	0.8	18.0	
15.5	40.1	20.5	-21.4	
25.4	25.4	5.7	-6.6	
20.5	-11.5	-1.7	-11.5	
27.8	8.2	13.1	-4.1	
35.2	22.9	20.5	3.2	
67.2	37.7	22.9	3.2	
86.9	8.2	18.0	8.2	
106.6	20.5	22.9	-11.5	
148.4	-18.9	13.1	-18.9	
165.6	-63.2	15.5	-11.5	
153.3	-46.0	10.6	-21.4	
138.5	0.8	8.2	-4.1	
118.9	18.0	0.8	-11.5	
77.0	37.7	5.7	-14.0	
62.3	52.4	3.2	5.7	
32.8	32.8	8.2	5.7	
10.6	50.0	0.8	-1.7	
-53.3	50.0	-4.1	-1.7	
-97.6	54.9	3.2	-18.9	
-127.1	57.4	15.5	-6.6	
-127.1	47.5	13.1	8.2	
-124.7	30.3	18.0	0.8	
-117.3	27.8	25.4	-14.0	
-97.6	3.2	5.7	5.7	
-73.0	15.5	8.2	8.2	
-53.3	27.8	8.2	3.2	
-41.0	32.8	0.8	0.8	
-33.7	45.1	5.7	3.2	
-36.1	27.8	5.7	-6.6	
-31.2	35.2	10.6	8.2	
-26.3	27.8	10.6	10.6	
-4.1	37.7	0.8	-9.1	
18.0	57.4	13.1	-1.7	
13.1	40.1	0.8	5.7	
18.0	32.8	10.6	3.2	
22.9	35.2	10.6	-4.1	
30.3	22.9	8.2	-1.7	
32.8	35.2	18.0	-14.0	
40.1	18.0	18.0	-1.7	
22.9	13.1	13.1	10.6	
30.3	13.1	15.5	3.2	
37.7	22.9	15.5	-6.6	
27.8	20.5	27.8	0.8	
30.3	40.1	18.0	0.8	
30.3	37.7	10.6	3.2	
37.7	37.7	10.6	3.2	
30.3	52.4	8.2	5.7	
30.3	59.8	5.7	3.2	
13.1	64.7	-1.7	8.2	
20.5	52.4	10.6	0.8	
22.9	42.6	0.8	8.2	
5.7	40.1	0.8	5.7	
-1.7	37.7	18.0	0.8	
22.9	45.1	10.6	0.8	
27.8	22.9	15.5	13.1	
20.5	-21.4	10.6	3.2	
22.9	-21.4	-1.7	-4.1	
15.5	15.5	5.7	-1.7	
20.5	32.8	-1.7	-1.7	
22.9	35.2	0.8	15.5	
22.9	42.6	3.2	18.0	
18.0	30.3	10.6	30.3	
25.4	32.8	3.2	-1.7	
22.9	42.6	-6.6	-1.7	
18.0	37.7	3.2	0.8	
18.0	42.6	3.2	0.8	
8.2	40.1	5.7	3.2	
15.5	37.7	-1.7	0.8	
10.6	40.1	0.8	-6.6	
5.7	52.4	5.7	3.2	
-1.7	45.1	0.8	3.2	
15.5	45.1	-4.1	5.7	
22.9	64.7	5.7	8.2	
15.5	25.4	-6.6	5.7	
20.5	8.2	5.7	0.8	
10.6	15.5	18.0	5.7	
3.2	15.5	8.2	10.6	
8.2	15.5	-1.7	3.2	
10.6	30.3	-4.1	-1.7	
5.7	35.2	0.8	5.7	
0.8	-11.5	-1.7	-4.1	
-6.6	8.2	5.7	10.6	
5.7	-6.6	0.8	15.5	
3.2	30.3	3.2	18.0	
22.9	20.5	5.7	13.1	
25.4	32.8	-14.0	30.3	
25.4	54.9	-1.7	22.9	
18.0	82.0	-4.1	0.8	
25.4	89.3	10.6	-14.0	
20.5	42.6	0.8	5.7	
32.8	18.0	10.6	10.6	
37.7	10.6	-9.1	5.7	
72.1	50.0	5.7	3.2	
84.4	67.2	0.8	27.8	
91.8	67.2	-11.5	5.7	
57.4	47.5	0.8	5.7	
94.3	13.1	3.2	10.6	
165.6	30.3	10.6	8.2	
158.2	30.3	8.2	-1.7	
121.3	32.8	0.8	18.0	
72.1	-4.1	0.8	15.5	
27.8	3.2	-4.1	27.8	
-1.7	27.8	8.2	8.2	
-75.5	32.8	10.6	15.5	
-68.1	22.9	5.7	30.3	
-90.2	32.8	10.6	27.8	
-117.3	40.1	10.6	3.2	
-124.7	37.7	-1.7	-11.5	
-114.8	13.1	15.5	8.2	
-97.6	-1.7	25.4	10.6	
-85.3	-11.5	20.5	10.6	
-63.2	15.5	22.9	-1.7	
-43.5	0.8	20.5	5.7	
-6.6	-21.4	22.9	5.7	
27.8	8.2	22.9	-4.1	
52.4	27.8	18.0	10.6	
37.7	22.9	20.5	5.7	
20.5	22.9	8.2	-9.1	
13.1	20.5	-1.7	10.6	
8.2	27.8	8.2	0.8	
-1.7	22.9	0.8	8.2	
-6.6	20.5	15.5	-1.7	
0.8	15.5	20.5	15.5	
8.2	30.3	20.5	10.6	
-1.7	37.7	15.5	0.8	
-6.6	32.8	20.5	-1.7	
-11.5	40.1	18.0	3.2	
0.8	37.7	8.2	-4.1	
3.2	42.6	18.0	13.1	
5.7	62.3	10.6	22.9	
18.0	42.6	8.2	-6.6	
27.8	35.2	13.1	-26.3	
35.2	35.2	3.2	-18.9	
22.9	25.4	15.5	15.5	
30.3	25.4	15.5	3.2	
30.3	30.3	13.1	-14.0	
32.8	25.4	10.6	-18.9	
30.3	30.3	3.2	-23.8	
27.8	27.8	10.6	-23.8	
27.8	30.3	5.7	5.7	
25.4	30.3	8.2	3.2	
13.1	32.8	10.6	8.2	
18.0	32.8	-1.7	-9.1	
27.8	32.8	-6.6	-4.1	
25.4	40.1	5.7	-16.4	
22.9	32.8	-6.6	-14.0	
18.0	37.7	8.2	-11.5	
22.9	30.3	0.8	10.6	
25.4	37.7	-1.7	-14.0	
20.5	30.3	5.7	-6.6	
25.4	27.8	3.2	-6.6	
15.5	37.7	22.9	0.8	
22.9	30.3	15.5	3.2	
22.9	35.2	5.7	-18.9	
22.9	25.4	0.8	-21.4	
27.8	37.7	15.5	0.8	
20.5	22.9	8.2	-9.1	
18.0	27.8	-1.7	-16.4	
25.4	40.1	13.1	-11.5	
18.0	42.6	13.1	-9.1	
20.5	25.4	13.1	-1.7	
22.9	22.9	8.2	-1.7	
25.4	25.4	8.2	-6.6	
22.9	18.0	3.2	-14.0	
25.4	25.4	5.7	-1.7	
20.5	30.3	3.2	-4.1	
35.2	35.2	-9.1	3.2	
30.3	40.1	3.2	8.2	
15.5	37.7	-4.1	5.7	
15.5	45.1	-1.7	-16.4	
27.8	35.2	-1.7	-1.7	
27.8	27.8	8.2	-1.7	
13.1	40.1	5.7	0.8	
25.4	25.4	15.5	-4.1	
27.8	18.0	13.1	-4.1	
25.4	35.2	15.5	8.2	
20.5	32.8	13.1	32.8	
22.9	22.9	15.5	-9.1	
25.4	15.5	5.7	-9.1	
20.5	37.7	5.7	-9.1	
18.0	30.3	3.2	-1.7	
15.5	32.8	10.6	0.8	
18.0	25.4	3.2	-1.7	
27.8	25.4	5.7	3.2	
18.0	25.4	8.2	-6.6	
30.3	25.4	3.2	-1.7	
25.4	10.6	8.2	-6.6	
22.9	25.4	10.6	-4.1	
22.9	32.8	13.1	0.8	
25.4	50.0	-1.7	3.2	
18.0	45.1	3.2	0.8	
42.6	57.4	-9.1	-4.1	
40.1	45.1	8.2	3.2	
45.1	27.8	-1.7	10.6	
37.7	27.8	8.2	-4.1	
30.3	45.1	-4.1	-21.4	
15.5	32.8	10.6	-6.6	
20.5	30.3	8.2	-4.1	
8.2	22.9	15.5	-4.1	
3.2	15.5	0.8	3.2	
-11.5	20.5	-4.1	3.2	
-6.6	3.2	3.2	-14.0	
-9.1	-16.4	5.7	-14.0	
5.7	3.2	0.8	-11.5	
0.8	15.5	-4.1	3.2	
10.6	42.6	5.7	3.2	
3.2	64.7	-14.0	20.5	
-1.7	32.8	5.7	5.7	
3.2	18.0	0.8	-33.7	
3.2	27.8	-4.1	-18.9	
8.2	30.3	0.8	20.5	
10.6	40.1	-4.1	0.8	
22.9	40.1	3.2	0.8	
13.1	30.3	-1.7	5.7	
5.7	22.9	5.7	5.7	
0.8	42.6	3.2	30.3	
18.0	25.4	8.2	15.5	
13.1	10.6	-9.1	0.8	
30.3	-18.9	-1.7	10.6	
27.8	-9.1	-4.1	10.6	
30.3	-33.7	3.2	0.8	
37.7	-14.0	3.2	-9.1	
20.5	15.5	5.7	-55.8	
27.8	45.1	-1.7	-14.0	
27.8	72.1	-6.6	-21.4	
25.4	72.1	-14.0	-60.7	
5.7	57.4	-16.4	-33.7	
-11.5	40.1	-1.7	-48.4	
-21.4	35.2	-4.1	-60.7	
-16.4	22.9	-6.6	32.8	
8.2	15.5	-6.6	86.9	
10.6	30.3	-9.1	40.1	
18.0	37.7	-14.0	22.9	
45.1	45.1	-9.1	8.2	
45.1	50.0	-4.1	10.6	
74.6	52.4	-11.5	15.5	
67.2	37.7	-6.6	-1.7	
30.3	37.7	-4.1	0.8	
30.3	25.4	-1.7	3.2	
18.0	32.8	-6.6	-9.1	
-11.5	42.6	3.2	0.8	
3.2	35.2	0.8	8.2	
-6.6	40.1	-6.6	-16.4	
-1.7	45.1	-4.1	-14.0	
-4.1	37.7	-14.0	-6.6	
-16.4	32.8	-9.1	5.7	
-41.0	47.5	-14.0	-4.1	
-60.7	40.1	0.8	8.2	
-46.0	22.9	-4.1	-4.1	
-48.4	50.0	-1.7	-11.5	
-16.4	40.1	-4.1	-4.1	
-1.7	47.5	-6.6	20.5	
5.7	30.3	-4.1	3.2	
3.2	35.2	-4.1	-16.4	
-9.1	45.1	-18.9	-9.1	
5.7	37.7	-4.1	8.2	
-1.7	37.7	-14.0	30.3	
5.7	22.9	-11.5	18.0	
13.1	25.4	-1.7	-1.7	
32.8	27.8	-11.5	3.2	
22.9	18.0	-6.6	5.7	
5.7	18.0	-14.0	-31.2	
0.8	27.8	-4.1	-26.3	
5.7	32.8	3.2	-1.7	
27.8	42.6	-4.1	3.2	
32.8	40.1	-6.6	8.2	
32.8	30.3	-9.1	-4.1	
18.0	37.7	-6.6	3.2	
22.9	35.2	5.7	-14.0	
8.2	35.2	-16.4	-21.4	
18.0	45.1	-1.7	3.2	
10.6	47.5	0.8	0.8	
3.2	30.3	-14.0	-6.6	
18.0	42.6	-9.1	0.8	
20.5	35.2	-6.6	-6.6	
10.6	32.8	-4.1	-6.6	
13.1	35.2	-6.6	3.2	
13.1	37.7	-1.7	-4.1	
20.5	22.9	3.2	5.7	
5.7	32.8	3.2	0.8	
15.5	32.8	3.2	0.8	
18.0	25.4	-1.7	-1.7	
22.9	32.8	0.8	-9.1	
18.0	27.8	3.2	0.8	
18.0	25.4	-1.7	0.8	
15.5	40.1	-4.1	-9.1	
15.5	35.2	-4.1	-9.1	
-1.7	37.7	-14.0	-6.6	
10.6	37.7	-1.7	-6.6	
8.2	32.8	-1.7	-4.1	
8.2	25.4	-1.7	13.1	
8.2	35.2	-1.7	3.2	
10.6	35.2	0.8	-4.1	
0.8	37.7	-9.1	-23.8	
3.2	37.7	-4.1	-21.4	
8.2	27.8	0.8	5.7	
5.7	27.8	0.8	5.7	
8.2	30.3	-11.5	-1.7	
8.2	30.3	5.7	-14.0	
8.2	35.2	5.7	-1.7	
15.5	18.0	-6.6	-4.1	
37.7	30.3	-1.7	-4.1	
27.8	27.8	0.8	-1.7	
22.9	45.1	8.2	-1.7	
5.7	35.2	8.2	-11.5	
-4.1	30.3	3.2	18.0	
0.8	30.3	5.7	8.2	
3.2	27.8	-6.6	-21.4	
-1.7	30.3	3.2	-1.7	
-6.6	37.7	-14.0	-6.6	
0.8	22.9	-4.1	-1.7	
47.5	13.1	10.6	-14.0	
138.5	10.6	0.8	5.7	
244.3	18.0	-4.1	10.6	
271.4	20.5	8.2	3.2	
239.4	30.3	10.6	-6.6	
187.7	45.1	5.7	0.8	
136.1	52.4	-4.1	-1.7	
143.5	57.4	5.7	5.7	
118.9	45.1	5.7	-14.0	
136.1	35.2	-4.1	-1.7	
123.8	45.1	-1.7	0.8	
99.2	45.1	-4.1	-4.1	
-31.2	57.4	13.1	-1.7	
-176.3	47.5	10.6	5.7	
-230.5	5.7	-4.1	13.1	
-208.3	22.9	5.7	15.5	
-171.4	25.4	10.6	-9.1	
-196.0	35.2	0.8	-9.1	
-141.9	37.7	10.6	-9.1	
-53.3	35.2	3.2	-9.1	
20.5	13.1	0.8	-14.0	
30.3	27.8	-4.1	5.7	
-23.8	27.8	-4.1	-11.5	
-63.2	42.6	0.8	-9.1	
-63.2	37.7	-1.7	-4.1	
-105.0	45.1	8.2	3.2	
-129.6	22.9	0.8	-11.5	
-117.3	5.7	-4.1	-26.3	
-112.4	22.9	0.8	-16.4	
-124.7	22.9	5.7	-6.6	
-82.9	15.5	-4.1	5.7	
-46.0	27.8	0.8	-9.1	
-1.7	52.4	-6.6	-1.7	
25.4	52.4	-1.7	8.2	
96.7	45.1	-4.1	-4.1	
153.3	37.7	-1.7	0.8	
195.1	52.4	-6.6	-21.4	
145.9	50.0	-9.1	-23.8	
79.5	40.1	-11.5	-14.0	
35.2	50.0	5.7	-11.5	
13.1	13.1	-9.1	-14.0	
20.5	5.7	-1.7	10.6	
-33.7	20.5	8.2	13.1	
-53.3	52.4	-11.5	-1.7	
-80.4	59.8	-11.5	-6.6	
-97.6	13.1	0.8	-6.6	
-90.2	37.7	-4.1	5.7	
-50.9	64.7	-16.4	8.2	
-18.9	42.6	0.8	-16.4	
-14.0	5.7	-6.6	-21.4	
-14.0	-4.1	5.7	5.7	
-28.7	13.1	-6.6	-11.5	
-16.4	10.6	0.8	15.5	
-4.1	-18.9	3.2	18.0	
-9.1	3.2	0.8	10.6	
-14.0	30.3	-1.7	-43.5	
-9.1	40.1	-6.6	-18.9	
18.0	37.7	-1.7	8.2	
45.1	45.1	0.8	3.2	
35.2	42.6	0.8	-9.1	
57.4	40.1	13.1	-9.1	
62.3	45.1	13.1	0.8	
72.1	30.3	8.2	-6.6	
86.9	37.7	5.7	0.8	
86.9	32.8	5.7	0.8	
99.2	27.8	-6.6	8.2	
99.2	30.3	3.2	-14.0	
104.1	25.4	10.6	-1.7	
99.2	37.7	-1.7	-6.6	
86.9	37.7	-4.1	-1.7	
79.5	30.3	-6.6	-4.1	
74.6	27.8	0.8	0.8	
69.7	32.8	-1.7	0.8	
82.0	30.3	8.2	-9.1	
84.4	30.3	5.7	-6.6	
69.7	32.8	0.8	3.2	
77.0	37.7	3.2	-14.0	
74.6	22.9	-11.5	8.2	
84.4	22.9	-4.1	-4.1	
79.5	32.8	0.8	-4.1	
84.4	32.8	3.2	-6.6	
79.5	30.3	3.2	5.7	
82.0	35.2	-1.7	-1.7	
89.3	35.2	-6.6	-14.0	
96.7	50.0	-6.6	0.8	
118.9	47.5	0.8	8.2	
145.9	27.8	0.8	-28.7	
145.9	32.8	0.8	-11.5	
148.4	37.7	-11.5	0.8	
143.5	27.8	5.7	8.2	
104.1	37.7	0.8	-16.4	
94.3	20.5	10.6	-9.1	
89.3	27.8	-9.1	5.7	
69.7	45.1	3.2	10.6	
54.9	22.9	5.7	-4.1	
52.4	37.7	8.2	-11.5	
54.9	35.2	3.2	-4.1	
57.4	37.7	3.2	-1.7	
67.2	20.5	3.2	0.8	
59.8	30.3	3.2	3.2	
57.4	25.4	-1.7	-1.7	
67.2	20.5	-4.1	-6.6	
50.0	25.4	3.2	-9.1	
27.8	30.3	0.8	-9.1	
22.9	32.8	-4.1	-14.0	
27.8	22.9	8.2	-14.0	
22.9	10.6	3.2	-4.1	
18.0	5.7	5.7	-9.1	
40.1	-4.1	13.1	-11.5	
86.9	-6.6	15.5	-1.7	
82.0	8.2	8.2	3.2	
57.4	25.4	0.8	0.8	
45.1	42.6	3.2	-6.6	
40.1	35.2	5.7	-4.1	
8.2	37.7	5.7	-14.0	
0.8	35.2	13.1	-4.1	
8.2	32.8	3.2	-11.5	
-11.5	37.7	5.7	-9.1	
-11.5	37.7	10.6	3.2	
57.4	3.2	0.8	-6.6	
89.3	3.2	5.7	-9.1	
145.9	40.1	-4.1	-46.0	
168.1	50.0	-1.7	-58.3	
150.8	64.7	3.2	-80.4	
155.8	104.1	3.2	-18.9	
109.0	123.8	0.8	50.0	
111.5	67.2	5.7	40.1	
131.2	57.4	3.2	27.8	
126.2	8.2	13.1	32.8	
69.7	-4.1	5.7	25.4	
-26.3	-6.6	0.8	22.9	
-127.1	35.2	-1.7	35.2	
-139.4	84.4	-1.7	32.8	
-127.1	84.4	3.2	40.1	
-68.1	57.4	0.8	25.4	
-38.6	-1.7	8.2	0.8	
-6.6	-26.3	5.7	-1.7	
-63.2	15.5	8.2	5.7	
-97.6	32.8	3.2	5.7	
-82.9	18.0	0.8	-28.7	
-60.7	13.1	-4.1	-70.6	
-75.5	-6.6	8.2	-77.9	
-70.6	10.6	-9.1	-139.4	
-90.2	13.1	0.8	-232.9	
-92.7	27.8	3.2	-223.1	
-73.0	-1.7	-1.7	-287.0	
-43.5	-9.1	3.2	-250.1	
-50.9	3.2	-1.7	-21.4	
-41.0	0.8	-6.6	205.0	
-50.9	-6.6	10.6	416.5	
-43.5	13.1	-1.7	229.6	
-28.7	15.5	-1.7	109.0	
-28.7	8.2	-6.6	91.8	
27.8	-4.1	3.2	116.4	
150.8	5.7	-9.1	99.2	
222.2	8.2	8.2	67.2	
224.6	15.5	-1.7	37.7	
192.7	15.5	-6.6	37.7	
153.3	18.0	0.8	37.7	
126.2	18.0	-6.6	27.8	
99.2	32.8	-1.7	0.8	
67.2	32.8	-6.6	22.9	
57.4	35.2	-6.6	40.1	
22.9	27.8	-1.7	15.5	
-46.0	40.1	8.2	20.5	
-80.4	22.9	-4.1	-4.1	
-41.0	30.3	-1.7	-1.7	
91.8	20.5	-1.7	-4.1	
222.2	27.8	-11.5	-16.4	
315.7	20.5	-1.7	-4.1	
303.4	27.8	5.7	-4.1	
224.6	30.3	-4.1	-9.1	
59.8	32.8	-1.7	-9.1	
-109.9	27.8	-11.5	-23.8	
-218.2	32.8	-6.6	-18.9	
-284.6	30.3	-9.1	-14.0	
-282.1	47.5	0.8	-14.0	
-294.4	35.2	-9.1	-21.4	
-228.0	32.8	-18.9	-14.0	
-139.4	18.0	-6.6	0.8	
-36.1	22.9	-4.1	-1.7	
145.9	25.4	-11.5	-21.4	
283.7	35.2	-6.6	-23.8	
256.6	27.8	-9.1	-18.9	
123.8	27.8	-11.5	-16.4	
40.1	30.3	-6.6	-23.8	
-6.6	32.8	-6.6	-28.7	
-48.4	32.8	-16.4	-14.0	
-82.9	27.8	-14.0	-18.9	
-70.6	35.2	-9.1	-21.4	
-53.3	42.6	-9.1	-16.4	
-82.9	37.7	-9.1	3.2	
-23.8	40.1	-1.7	-16.4	
-1.7	47.5	-9.1	-14.0	
-14.0	40.1	-4.1	-18.9	
-50.9	45.1	-4.1	-11.5	
-36.1	35.2	-1.7	-6.6	
20.5	42.6	-4.1	-16.4	
67.2	47.5	13.1	-16.4	
86.9	30.3	20.5	-11.5	
99.2	35.2	-9.1	-16.4	
96.7	35.2	0.8	-14.0	
113.9	37.7	15.5	-6.6	
136.1	47.5	8.2	-14.0	
69.7	45.1	18.0	-11.5	
3.2	35.2	20.5	-11.5	
-14.0	32.8	20.5	-21.4	
-31.2	45.1	22.9	-11.5	
-63.2	30.3	22.9	-18.9	
-50.9	35.2	25.4	-16.4	
15.5	35.2	32.8	-14.0	
77.0	45.1	25.4	-21.4	
104.1	42.6	32.8	-11.5	
89.3	37.7	30.3	10.6	
59.8	47.5	37.7	-18.9	
40.1	42.6	52.4	-9.1	
13.1	40.1	47.5	0.8	
-6.6	42.6	42.6	-16.4	
-33.7	37.7	35.2	-11.5	
-16.4	32.8	45.1	-14.0	
-31.2	32.8	50.0	3.2	
-21.4	40.1	50.0	-14.0	
-6.6	35.2	47.5	-4.1	
25.4	54.9	45.1	10.6	
22.9	47.5	40.1	-1.7	
25.4	45.1	52.4	-14.0	
3.2	47.5	52.4	0.8	
5.7	50.0	52.4	-1.7	
35.2	54.9	40.1	-11.5	
50.0	47.5	54.9	-14.0	
72.1	40.1	50.0	20.5	
91.8	37.7	52.4	-6.6	
94.3	30.3	50.0	-14.0	
111.5	32.8	47.5	8.2	
133.6	35.2	54.9	8.2	
111.5	30.3	54.9	-4.1	
50.0	37.7	52.4	10.6	
8.2	25.4	50.0	-6.6	
13.1	40.1	47.5	-38.6	
62.3	35.2	59.8	-31.2	
111.5	40.1	50.0	-26.3	
104.1	40.1	47.5	15.5	
163.1	40.1	52.4	25.4	
168.1	30.3	47.5	-6.6	
143.5	37.7	42.6	-6.6	
64.7	37.7	42.6	-1.7	
0.8	35.2	52.4	8.2	
-87.8	45.1	47.5	0.8	
-176.3	37.7	42.6	-11.5	
-218.2	30.3	42.6	-1.7	
-144.4	32.8	45.1	-41.0	
-77.9	45.1	42.6	-55.8	
-38.6	57.4	45.1	-46.0	
-33.7	47.5	37.7	3.2	
-50.9	45.1	47.5	57.4	
-31.2	45.1	30.3	84.4	
-75.5	50.0	30.3	50.0	
-55.8	59.8	37.7	8.2	
-31.2	22.9	22.9	-9.1	
-11.5	47.5	37.7	13.1	
-16.4	59.8	25.4	15.5	
20.5	37.7	27.8	18.0	
50.0	-31.2	25.4	10.6	
52.4	-36.1	32.8	8.2	
54.9	-21.4	20.5	3.2	
32.8	18.0	18.0	-23.8	
-28.7	22.9	20.5	-14.0	
-55.8	20.5	8.2	-4.1	
-58.3	47.5	15.5	-1.7	
25.4	84.4	10.6	5.7	
111.5	84.4	-1.7	-4.1	
126.2	45.1	3.2	15.5	
72.1	45.1	0.8	18.0	
-18.9	18.0	3.2	27.8	
-50.9	-48.4	0.8	-1.7	
-14.0	-63.2	-1.7	5.7	
-6.6	-21.4	-1.7	8.2	
5.7	-21.4	-9.1	30.3	
13.1	-23.8	-4.1	32.8	
0.8	-11.5	-4.1	-28.7	
27.8	0.8	-11.5	-14.0	
86.9	42.6	-11.5	10.6	
84.4	84.4	-11.5	10.6	
52.4	59.8	-11.5	10.6	
86.9	82.0	-9.1	0.8	
136.1	86.9	-16.4	15.5	
205.0	116.4	-11.5	15.5	
202.5	99.2	-23.8	8.2	
163.1	96.7	-11.5	8.2	
89.3	82.0	-16.4	5.7	
32.8	72.1	-23.8	-4.1	
-14.0	64.7	-31.2	-1.7	
-63.2	72.1	-14.0	0.8	
-65.6	62.3	-11.5	3.2	
-85.3	72.1	-23.8	8.2	
-122.2	84.4	-16.4	10.6	
-109.9	54.9	-21.4	0.8	
-50.9	57.4	-18.9	10.6	
67.2	59.8	-36.1	13.1	
109.0	62.3	-16.4	18.0	
82.0	54.9	-16.4	15.5	
8.2	47.5	-16.4	13.1	
-85.3	52.4	-14.0	25.4	
-114.8	40.1	-14.0	18.0	
-95.2	35.2	-6.6	20.5	
-48.4	22.9	-21.4	15.5	
-31.2	32.8	-18.9	10.6	
10.6	22.9	-16.4	0.8	
77.0	15.5	-9.1	-4.1	
89.3	-6.6	-14.0	8.2	
104.1	-1.7	-14.0	37.7	
101.6	0.8	-11.5	42.6	
89.3	-4.1	-4.1	47.5	
104.1	-4.1	-1.7	25.4	
123.8	-6.6	-18.9	15.5	
148.4	-1.7	5.7	3.2	
163.1	5.7	-1.7	0.8	
173.0	-4.1	-9.1	-6.6	
153.3	-6.6	-9.1	3.2	
133.6	-1.7	-16.4	8.2	
69.7	5.7	-11.5	5.7	
101.6	-6.6	-14.0	5.7	
168.1	10.6	-14.0	8.2	
96.7	10.6	-4.1	10.6	
20.5	15.5	-9.1	13.1	
-26.3	30.3	-1.7	20.5	
-105.0	22.9	-11.5	15.5	
-124.7	32.8	-14.0	5.7	
-137.0	25.4	-9.1	5.7	
-85.3	42.6	-11.5	3.2	
-68.1	40.1	-9.1	5.7	
-70.6	50.0	-1.7	5.7	
-18.9	45.1	-11.5	10.6	
-31.2	50.0	-9.1	5.7	
-28.7	47.5	-4.1	5.7	
5.7	52.4	-9.1	-6.6	
94.3	40.1	-4.1	8.2	
175.4	50.0	5.7	0.8	
165.6	47.5	-1.7	-1.7	
136.1	42.6	-6.6	8.2	
96.7	47.5	3.2	8.2	
116.4	42.6	-1.7	0.8	
106.6	35.2	3.2	3.2	
94.3	52.4	5.7	0.8	
106.6	42.6	-1.7	10.6	
116.4	47.5	0.8	0.8	
143.5	67.2	13.1	18.0	
131.2	52.4	18.0	-4.1	
54.9	54.9	20.5	-28.7	
-11.5	32.8	30.3	-1.7	
-50.9	25.4	15.5	-9.1	
-109.9	18.0	32.8	-1.7	
-90.2	27.8	35.2	-16.4	
-36.1	22.9	32.8	25.4	
-11.5	27.8	30.3	27.8	
-68.1	35.2	32.8	15.5	
-85.3	32.8	32.8	25.4	
0.8	52.4	30.3	25.4	
40.1	45.1	37.7	10.6	
35.2	37.7	30.3	-28.7	
20.5	59.8	27.8	-23.8	
52.4	42.6	30.3	15.5	
67.2	47.5	37.7	22.9	
62.3	32.8	27.8	22.9	
89.3	30.3	18.0	15.5	
136.1	30.3	20.5	-16.4	
69.7	30.3	30.3	3.2	
-55.8	35.2	32.8	15.5	
-122.2	27.8	30.3	13.1	
-129.6	32.8	37.7	10.6	
-92.7	37.7	35.2	35.2	
-21.4	30.3	37.7	59.8	
153.3	42.6	42.6	22.9	
362.4	32.8	30.3	0.8	
463.3	32.8	30.3	5.7	
355.0	32.8	27.8	32.8	
254.2	40.1	37.7	20.5	
182.8	40.1	30.3	-48.4	
15.5	40.1	35.2	-48.4	
-36.1	40.1	25.4	0.8	
-100.1	30.3	25.4	32.8	
-210.8	40.1	32.8	18.0	
-235.4	35.2	37.7	15.5	
-203.4	20.5	35.2	42.6	
-129.6	37.7	32.8	45.1	
-48.4	32.8	32.8	25.4	
-43.5	37.7	30.3	18.0	
-4.1	25.4	35.2	15.5	
89.3	27.8	32.8	18.0	
62.3	35.2	35.2	18.0	
-53.3	30.3	32.8	27.8	
-198.5	25.4	35.2	25.4	
-232.9	32.8	22.9	27.8	
-205.9	45.1	40.1	32.8	
-124.7	42.6	30.3	30.3	
40.1	35.2	27.8	22.9	
207.4	40.1	35.2	15.5	
163.1	25.4	30.3	35.2	
57.4	10.6	30.3	25.4	
25.4	15.5	25.4	32.8	
32.8	18.0	20.5	25.4	
101.6	15.5	20.5	32.8	
254.2	37.7	27.8	25.4	
300.9	25.4	27.8	35.2	
254.2	25.4	30.3	25.4	
202.5	18.0	35.2	22.9	
153.3	13.1	27.8	27.8	
79.5	18.0	25.4	22.9	
54.9	13.1	27.8	27.8	
25.4	18.0	35.2	27.8	
-28.7	10.6	18.0	25.4	
-92.7	15.5	35.2	22.9	
-109.9	22.9	27.8	27.8	
-90.2	27.8	35.2	30.3	
-124.7	32.8	25.4	27.8	
-171.4	32.8	32.8	25.4	
-107.5	30.3	35.2	30.3	
-68.1	40.1	27.8	25.4	
-41.0	32.8	27.8	20.5	
136.1	35.2	22.9	20.5	
180.4	18.0	20.5	22.9	
187.7	22.9	20.5	30.3	
138.5	30.3	18.0	15.5	
104.1	25.4	13.1	22.9	
101.6	30.3	25.4	22.9	
118.9	37.7	10.6	18.0	
101.6	27.8	18.0	18.0	
30.3	47.5	8.2	30.3	
-41.0	35.2	10.6	30.3	
-50.9	45.1	15.5	25.4	
-48.4	35.2	15.5	25.4	
-53.3	54.9	0.8	15.5	
-28.7	50.0	-1.7	27.8	
-6.6	47.5	0.8	20.5	
22.9	52.4	10.6	22.9	
69.7	59.8	8.2	20.5	
67.2	59.8	0.8	15.5	
-1.7	54.9	5.7	15.5	
-119.8	40.1	-4.1	18.0	
-186.2	37.7	5.7	20.5	
-208.3	32.8	15.5	13.1	
-127.1	13.1	20.5	22.9	
-21.4	27.8	15.5	30.3	
131.2	18.0	22.9	15.5	
268.9	25.4	5.7	10.6	
278.8	13.1	5.7	13.1	
281.2	10.6	-6.6	13.1	
276.3	3.2	-33.7	18.0	
288.6	0.8	-26.3	13.1	
278.8	3.2	-18.9	5.7	
214.8	25.4	-11.5	15.5	
79.5	35.2	-4.1	13.1	
-14.0	27.8	-11.5	18.0	
-46.0	32.8	3.2	25.4	
52.4	32.8	13.1	25.4	
116.4	32.8	20.5	37.7	
96.7	30.3	22.9	18.0	
91.8	27.8	15.5	27.8	
133.6	42.6	-4.1	18.0	
111.5	45.1	-21.4	8.2	
50.0	30.3	-21.4	13.1	
54.9	35.2	-9.1	3.2	
111.5	20.5	-4.1	0.8	
185.3	35.2	-4.1	15.5	
153.3	20.5	0.8	27.8	
72.1	30.3	3.2	35.2	
77.0	32.8	20.5	5.7	
145.9	25.4	8.2	8.2	
123.8	27.8	8.2	13.1	
133.6	37.7	13.1	13.1	
232.0	47.5	22.9	0.8	
264.0	42.6	59.8	27.8	
121.3	45.1	77.0	10.6	
-50.9	42.6	67.2	-9.1	
-198.5	27.8	64.7	15.5	
-284.6	27.8	59.8	13.1	
-237.8	32.8	37.7	8.2	
-107.5	37.7	0.8	5.7	
-171.4	37.7	-63.2	15.5	
-326.4	30.3	-80.4	52.4	
-282.1	42.6	-107.5	35.2	
-134.5	35.2	-90.2	3.2	
-48.4	32.8	-14.0	0.8	
77.0	40.1	35.2	0.8	
175.4	20.5	32.8	-6.6	
150.8	20.5	25.4	22.9	
133.6	20.5	30.3	35.2	
118.9	32.8	27.8	0.8	
109.0	35.2	22.9	3.2	
153.3	37.7	18.0	8.2	
138.5	27.8	18.0	3.2	
200.0	22.9	13.1	-16.4	
227.1	32.8	3.2	3.2	
219.7	40.1	-11.5	8.2	
116.4	27.8	10.6	22.9	
54.9	22.9	-14.0	42.6	
47.5	25.4	-43.5	30.3	
50.0	32.8	-48.4	10.6	
141.0	37.7	-36.1	-23.8	
207.4	32.8	-33.7	15.5	
195.1	22.9	-41.0	18.0	
163.1	27.8	-38.6	-6.6	
128.7	22.9	-16.4	0.8	
72.1	22.9	-43.5	3.2	
62.3	18.0	-48.4	3.2	
57.4	32.8	-33.7	3.2	
37.7	42.6	-33.7	-1.7	
47.5	32.8	-33.7	0.8	
37.7	35.2	-41.0	8.2	
8.2	30.3	-48.4	-1.7	
-11.5	32.8	-50.9	-14.0	
45.1	37.7	-53.3	13.1	
106.6	45.1	-46.0	25.4	
185.3	40.1	-55.8	10.6	
212.3	47.5	-46.0	3.2	
251.7	50.0	-53.3	-38.6	
232.0	42.6	-43.5	-6.6	
195.1	40.1	-33.7	32.8	
91.8	47.5	-36.1	22.9	
-46.0	37.7	-31.2	-14.0	
-129.6	50.0	-36.1	-14.0	
-159.1	40.1	-43.5	-4.1	
-90.2	50.0	-31.2	13.1	
0.8	35.2	-41.0	27.8	
64.7	37.7	-50.9	35.2	
145.9	30.3	-58.3	3.2	
168.1	20.5	-80.4	-18.9	
163.1	27.8	-75.5	-14.0	
286.1	10.6	-68.1	-16.4	
320.6	18.0	-75.5	-6.6	
261.5	25.4	-87.8	8.2	
222.2	45.1	-92.7	8.2	
187.7	22.9	-77.9	-1.7	
239.4	40.1	-43.5	-11.5	
212.3	27.8	-36.1	-11.5	
131.2	18.0	-33.7	-6.6	
40.1	15.5	-36.1	-6.6	
-48.4	22.9	-6.6	3.2	
-100.1	27.8	15.5	5.7	
-141.9	30.3	35.2	0.8	
-141.9	20.5	30.3	-6.6	
-68.1	18.0	27.8	-6.6	
-53.3	30.3	0.8	-1.7	
15.5	35.2	-18.9	-1.7	
118.9	40.1	-48.4	0.8	
133.6	45.1	-75.5	3.2	
47.5	45.1	-109.9	5.7	
20.5	37.7	-114.8	8.2	
47.5	35.2	-122.2	5.7	
99.2	57.4	-107.5	8.2	
153.3	37.7	-75.5	22.9	
187.7	52.4	-36.1	22.9	
222.2	40.1	-28.7	18.0	
207.4	42.6	-4.1	13.1	
209.9	18.0	22.9	18.0	
187.7	27.8	-1.7	22.9	
200.0	20.5	-4.1	22.9	
217.3	22.9	-14.0	20.5	
173.0	22.9	-9.1	22.9	
136.1	20.5	-18.9	20.5	
57.4	-1.7	-11.5	22.9	
25.4	18.0	0.8	18.0	
3.2	25.4	-26.3	22.9	
-1.7	30.3	-43.5	30.3	
40.1	20.5	-23.8	32.8	
35.2	25.4	20.5	30.3	
57.4	32.8	57.4	32.8	
67.2	25.4	59.8	45.1	
42.6	30.3	45.1	47.5	
86.9	32.8	57.4	37.7	
131.2	27.8	79.5	52.4	
180.4	37.7	72.1	37.7	
111.5	27.8	52.4	32.8	
-23.8	32.8	8.2	37.7	
-82.9	20.5	-38.6	47.5	
-85.3	25.4	-46.0	59.8	
8.2	27.8	-80.4	67.2	
45.1	27.8	-171.4	47.5	
74.6	27.8	-173.9	57.4	
-4.1	35.2	-80.4	54.9	
-117.3	37.7	-6.6	57.4	
-100.1	25.4	40.1	47.5	
-80.4	22.9	67.2	45.1	
-48.4	18.0	45.1	32.8	
-50.9	22.9	45.1	32.8	
-36.1	35.2	30.3	25.4	
-1.7	27.8	35.2	40.1	
82.0	32.8	-1.7	22.9	
64.7	37.7	-55.8	30.3	
30.3	20.5	-112.4	30.3	
101.6	27.8	-107.5	18.0	
155.8	42.6	-77.9	25.4	
170.5	30.3	-53.3	5.7	
153.3	30.3	-31.2	-16.4	
153.3	25.4	-43.5	-16.4	
118.9	18.0	-43.5	-23.8	
99.2	22.9	-55.8	-26.3	
173.0	25.4	-68.1	-38.6	
229.6	20.5	-73.0	-33.7	
192.7	30.3	-80.4	-53.3	
165.6	22.9	-92.7	-48.4	
91.8	27.8	-73.0	-65.6	
91.8	45.1	-46.0	-53.3	
113.9	42.6	-53.3	-60.7	
99.2	42.6	-95.2	-75.5	
133.6	42.6	-102.5	-70.6	
104.1	47.5	-176.3	-77.9	
91.8	35.2	-176.3	-65.6	
91.8	30.3	-146.8	-90.2	
67.2	27.8	-129.6	-80.4	
50.0	13.1	-127.1	-68.1	
40.1	20.5	-154.2	-73.0	
84.4	8.2	-173.9	-73.0	
145.9	-1.7	-117.3	-68.1	
148.4	3.2	-11.5	-41.0	
214.8	22.9	-16.4	-53.3	
234.5	45.1	-38.6	-70.6	
195.1	45.1	-60.7	-70.6	
190.2	42.6	-73.0	-75.5	
219.7	35.2	-63.2	-55.8	
256.6	37.7	-90.2	-46.0	
325.5	30.3	-124.7	-50.9	
273.8	37.7	-159.1	-65.6	
148.4	27.8	-198.5	-53.3	
47.5	32.8	-132.1	-36.1	
35.2	47.5	-68.1	-31.2	
121.3	40.1	-65.6	-60.7	
163.1	42.6	-58.3	-41.0	
170.5	35.2	-33.7	-28.7	
168.1	40.1	-28.7	-14.0	
195.1	25.4	-60.7	-63.2	
244.3	20.5	-90.2	-63.2	
209.9	27.8	-85.3	-31.2	
190.2	10.6	-77.9	-16.4	
128.7	5.7	-41.0	-31.2	
13.1	5.7	-14.0	-75.5	
3.2	15.5	-6.6	-31.2	
30.3	20.5	13.1	3.2	
25.4	10.6	25.4	3.2	
37.7	13.1	57.4	-9.1	
59.8	15.5	45.1	-9.1	
74.6	15.5	50.0	-38.6	
148.4	20.5	62.3	-53.3	
131.2	27.8	50.0	-4.1	
82.0	25.4	47.5	-21.4	
5.7	22.9	50.0	-14.0	
-14.0	22.9	89.3	-6.6	
42.6	18.0	128.7	5.7	
155.8	27.8	121.3	-23.8	
202.5	42.6	136.1	-16.4	
197.6	37.7	133.6	-9.1	
239.4	45.1	99.2	-9.1	
296.0	37.7	74.6	0.8	
328.0	35.2	62.3	-11.5	
261.5	54.9	86.9	-18.9	
185.3	35.2	131.2	13.1	
109.0	27.8	163.1	5.7	
111.5	27.8	182.8	-31.2	
126.2	22.9	259.1	-26.3	
153.3	27.8	293.5	-1.7	
175.4	22.9	276.3	5.7	
173.0	18.0	229.6	-9.1	
202.5	22.9	150.8	-4.1	
229.6	27.8	104.1	-4.1	
128.7	25.4	42.6	-4.1	
82.0	25.4	-43.5	0.8	
54.9	40.1	-26.3	-6.6	
86.9	32.8	15.5	0.8	
42.6	35.2	91.8	3.2	
47.5	32.8	155.8	8.2	
89.3	35.2	192.7	-16.4	
109.0	30.3	212.3	-9.1	
118.9	30.3	212.3	-1.7	
126.2	22.9	195.1	5.7	
57.4	27.8	187.7	-1.7	
-50.9	22.9	185.3	-14.0	
-102.5	30.3	163.1	-16.4	
-90.2	35.2	168.1	-11.5	
74.6	37.7	197.6	8.2	
259.1	40.1	182.8	5.7	
350.1	37.7	180.4	-14.0	
357.5	35.2	163.1	-1.7	
315.7	47.5	113.9	-1.7	
239.4	30.3	128.7	-6.6	
123.8	27.8	168.1	-9.1	
-70.6	45.1	234.5	3.2	
-117.3	37.7	224.6	-1.7	
-166.5	30.3	187.7	-1.7	
-151.7	42.6	138.5	5.7	
-55.8	25.4	118.9	0.8	
62.3	40.1	123.8	-6.6	
123.8	37.7	121.3	-9.1	
234.5	37.7	104.1	-9.1	
246.8	37.7	118.9	-26.3	
251.7	18.0	118.9	-21.4	
369.8	27.8	192.7	-14.0	
465.7	25.4	236.9	5.7	
436.2	27.8	224.6	32.8	
362.4	30.3	241.9	45.1	
239.4	35.2	244.3	42.6	
160.7	25.4	222.2	22.9	
165.6	35.2	219.7	15.5	
-14.0	30.3	236.9	-6.6	
-282.1	40.1	278.8	-11.5	
-351.0	40.1	328.0	-16.4	
-380.5	37.7	350.1	-21.4	
-309.2	32.8	300.9	-4.1	
-274.7	42.6	268.9	-4.1	
-203.4	40.1	244.3	5.7	
-36.1	25.4	202.5	3.2	
138.5	22.9	241.9	-4.1	
217.3	8.2	278.8	-11.5	
232.0	15.5	234.5	-1.7	
214.8	32.8	232.0	3.2	
192.7	35.2	266.5	-4.1	
182.8	32.8	241.9	0.8	
138.5	22.9	202.5	3.2	
155.8	27.8	187.7	0.8	
200.0	27.8	175.4	-6.6	
229.6	27.8	153.3	8.2	
266.5	27.8	165.6	3.2	
214.8	25.4	182.8	5.7	
165.6	27.8	180.4	8.2	
123.8	40.1	143.5	0.8	
99.2	22.9	148.4	0.8	
86.9	25.4	113.9	10.6	
52.4	35.2	106.6	5.7	
-43.5	35.2	150.8	0.8	
-33.7	22.9	131.2	0.8	
59.8	18.0	79.5	5.7	
104.1	18.0	67.2	5.7	
131.2	20.5	72.1	-4.1	
131.2	20.5	86.9	8.2	
155.8	22.9	62.3	-1.7	
158.2	18.0	-4.1	5.7	
160.7	22.9	-46.0	20.5	
163.1	35.2	-65.6	18.0	
170.5	30.3	-46.0	18.0	
96.7	37.7	-36.1	15.5	
30.3	40.1	37.7	20.5	
-41.0	40.1	40.1	10.6	
-58.3	25.4	25.4	15.5	
-14.0	20.5	-36.1	27.8	
32.8	27.8	-92.7	37.7	
47.5	20.5	-92.7	3.2	
89.3	30.3	-95.2	-4.1	
106.6	40.1	-105.0	25.4	
106.6	25.4	-100.1	64.7	
118.9	22.9	-73.0	47.5	
175.4	22.9	-28.7	-16.4	
244.3	22.9	25.4	-41.0	
187.7	32.8	101.6	-41.0	
106.6	15.5	113.9	3.2	
54.9	22.9	158.2	30.3	
-50.9	18.0	165.6	57.4	
-18.9	20.5	77.0	35.2	
67.2	30.3	47.5	13.1	
84.4	35.2	18.0	27.8	
37.7	35.2	27.8	32.8	
-48.4	27.8	54.9	35.2	
0.8	32.8	45.1	30.3	
59.8	20.5	45.1	18.0	
96.7	35.2	32.8	32.8	
163.1	32.8	47.5	20.5	
273.8	32.8	57.4	32.8	
259.1	40.1	64.7	30.3	
195.1	42.6	86.9	20.5	
113.9	42.6	91.8	27.8	
128.7	35.2	111.5	22.9	
241.9	32.8	136.1	20.5	
190.2	32.8	136.1	25.4	
27.8	30.3	143.5	18.0	
-21.4	27.8	145.9	3.2	
-4.1	20.5	54.9	13.1	
27.8	25.4	52.4	15.5	
69.7	27.8	20.5	0.8	
42.6	27.8	-6.6	15.5	
-70.6	32.8	-14.0	18.0	
-31.2	30.3	69.7	10.6	
-1.7	30.3	118.9	10.6	
-33.7	30.3	202.5	0.8	
-112.4	25.4	227.1	3.2	
-164.0	30.3	195.1	0.8	
-137.0	30.3	155.8	8.2	
-53.3	35.2	118.9	-6.6	
37.7	40.1	133.6	5.7	
69.7	40.1	236.9	5.7	
72.1	25.4	428.8	8.2	
133.6	37.7	485.4	-6.6	
67.2	47.5	426.4	3.2	
30.3	47.5	399.3	3.2	
145.9	37.7	330.4	13.1	
209.9	42.6	288.6	27.8	
138.5	32.8	266.5	20.5	
69.7	25.4	217.3	18.0	
67.2	15.5	155.8	8.2	
111.5	15.5	111.5	8.2	
175.4	18.0	118.9	-1.7	
222.2	13.1	99.2	-6.6	
170.5	15.5	101.6	-1.7	
133.6	15.5	74.6	5.7	
67.2	15.5	72.1	15.5	
35.2	18.0	52.4	15.5	
141.0	8.2	30.3	8.2	
246.8	15.5	32.8	15.5	
421.4	27.8	22.9	10.6	
345.2	35.2	13.1	0.8	
209.9	35.2	-11.5	3.2	
180.4	42.6	-55.8	-4.1	
54.9	47.5	-46.0	0.8	
-53.3	50.0	-11.5	3.2	
-154.2	50.0	3.2	8.2	
-139.4	42.6	54.9	8.2	
-109.9	22.9	40.1	8.2	
-48.4	27.8	62.3	10.6	
-87.8	15.5	47.5	8.2	
15.5	15.5	-70.6	15.5	
-43.5	32.8	-146.8	30.3	
-117.3	32.8	-146.8	10.6	
-100.1	30.3	-154.2	10.6	
-58.3	15.5	-183.7	-4.1	
-36.1	35.2	-139.4	5.7	
5.7	47.5	-87.8	-4.1	
52.4	40.1	54.9	8.2	
91.8	35.2	27.8	-6.6	
222.2	30.3	-38.6	5.7	
145.9	20.5	-100.1	3.2	
202.5	20.5	-117.3	5.7	
229.6	18.0	-144.4	25.4	
217.3	10.6	-75.5	22.9	
182.8	20.5	-23.8	8.2	
197.6	18.0	0.8	8.2	
239.4	10.6	3.2	8.2	
401.8	20.5	5.7	10.6	
310.7	15.5	-21.4	13.1	
185.3	10.6	-43.5	25.4	
8.2	13.1	-97.6	22.9	
-65.6	10.6	-124.7	8.2	
-107.5	15.5	-80.4	18.0	
-208.3	27.8	-119.8	20.5	
-151.7	37.7	-149.3	13.1	
-159.1	52.4	-124.7	22.9	
-141.9	27.8	-114.8	20.5	
-73.0	20.5	-95.2	27.8	
50.0	25.4	-107.5	32.8	
136.1	27.8	-87.8	22.9	
118.9	35.2	-53.3	22.9	
40.1	25.4	-28.7	5.7	
89.3	15.5	-53.3	-21.4	
82.0	27.8	-100.1	-1.7	
37.7	30.3	-146.8	27.8	
86.9	25.4	-176.3	30.3	
217.3	25.4	-220.6	40.1	
367.3	30.3	-218.2	13.1	
443.6	30.3	-220.6	37.7	
401.8	22.9	-225.5	35.2	
217.3	30.3	-186.2	20.5	
8.2	15.5	-149.3	25.4	
-122.2	18.0	-117.3	10.6	
-137.0	20.5	-188.6	10.6	
-218.2	25.4	-193.6	3.2	
-255.1	22.9	-127.1	-11.5	
-336.2	13.1	-127.1	25.4	
-294.4	20.5	-137.0	84.4	
-137.0	18.0	-161.6	116.4	
-28.7	22.9	-181.3	22.9	
-4.1	20.5	-166.5	-132.1	
89.3	25.4	-200.9	-65.6	
150.8	37.7	-232.9	27.8	
254.2	32.8	-225.5	27.8	
273.8	30.3	-188.6	13.1	
264.0	15.5	-169.0	35.2	
239.4	20.5	-151.7	25.4	
337.8	18.0	-132.1	30.3	
273.8	15.5	-92.7	-23.8	
131.2	20.5	-70.6	-14.0	
25.4	27.8	-75.5	25.4	
155.8	20.5	-119.8	30.3	
300.9	20.5	-183.7	20.5	
318.1	22.9	-193.6	0.8	
182.8	25.4	-169.0	8.2	
89.3	27.8	-176.3	0.8	
62.3	32.8	-114.8	-11.5	
160.7	32.8	-82.9	-9.1	
246.8	35.2	-33.7	5.7	
165.6	27.8	-65.6	5.7	
69.7	22.9	-173.9	-1.7	
-1.7	22.9	-237.8	-14.0	
15.5	20.5	-232.9	-4.1	
-21.4	0.8	-183.7	-9.1	
-114.8	30.3	-137.0	-9.1	
-159.1	30.3	-58.3	-11.5	
-225.5	22.9	-31.2	-4.1	
-137.0	20.5	-48.4	-4.1	
-23.8	20.5	-109.9	-4.1	
40.1	22.9	-146.8	-4.1	
91.8	37.7	-156.7	-9.1	
82.0	40.1	-127.1	-9.1	
145.9	27.8	-100.1	-14.0	
337.8	20.5	-80.4	-4.1	
414.1	15.5	-63.2	-16.4	
382.1	20.5	-4.1	-1.7	
229.6	27.8	-48.4	-4.1	
45.1	27.8	-85.3	-6.6	
-18.9	27.8	-90.2	-6.6	
8.2	27.8	-95.2	-14.0	
8.2	45.1	-112.4	-11.5	
25.4	45.1	-109.9	-11.5	
-105.0	45.1	-80.4	-14.0	
-242.8	50.0	-80.4	-1.7	
-287.0	37.7	-68.1	-6.6	
-186.2	27.8	-73.0	-6.6	
-16.4	37.7	-38.6	3.2	
-23.8	35.2	0.8	5.7	
-9.1	45.1	10.6	-11.5	
10.6	42.6	35.2	-14.0	
74.6	32.8	18.0	-16.4	
133.6	42.6	8.2	-6.6	
286.1	35.2	32.8	-9.1	
293.5	32.8	18.0	-4.1	
315.7	13.1	-26.3	-9.1	
394.4	0.8	20.5	3.2	
396.8	13.1	-4.1	3.2	
286.1	20.5	-100.1	-6.6	
165.6	37.7	-166.5	0.8	
18.0	25.4	-127.1	-9.1	
-82.9	27.8	-75.5	0.8	
-129.6	20.5	-50.9	-4.1	
-132.1	22.9	-75.5	-14.0	
-129.6	10.6	-75.5	-14.0	
-63.2	18.0	-50.9	-9.1	
111.5	22.9	-16.4	-14.0	
202.5	45.1	-41.0	-9.1	
232.0	30.3	-36.1	8.2	
281.2	32.8	-4.1	-1.7	
246.8	20.5	0.8	-9.1	
268.9	22.9	5.7	-11.5	
320.6	30.3	-31.2	-4.1	
364.9	47.5	-68.1	-16.4	
160.7	30.3	-65.6	-18.9	
-95.2	27.8	-53.3	-14.0	
-289.5	18.0	-28.7	-16.4	
-279.7	13.1	-21.4	-6.6	
-164.0	30.3	-18.9	0.8	
-137.0	45.1	-21.4	-4.1	
-82.9	42.6	-18.9	8.2	
-90.2	47.5	-23.8	-1.7	
-119.8	52.4	-36.1	-9.1	
67.2	47.5	-53.3	-26.3	
261.5	30.3	-58.3	-16.4	
239.4	20.5	-63.2	-11.5	
187.7	25.4	-48.4	0.8	
104.1	22.9	-21.4	8.2	
27.8	25.4	59.8	18.0	
-33.7	47.5	47.5	15.5	
-77.9	45.1	40.1	-1.7	
-151.7	32.8	3.2	-9.1	
-144.4	42.6	-80.4	-14.0	
-23.8	32.8	-139.4	-14.0	
113.9	35.2	-159.1	-14.0	
229.6	25.4	-159.1	0.8	
126.2	15.5	-65.6	-4.1	
30.3	8.2	-1.7	-6.6	
69.7	15.5	-26.3	-23.8	
96.7	30.3	-63.2	-36.1	
123.8	37.7	-60.7	-16.4	
104.1	27.8	-92.7	-11.5	
126.2	42.6	-100.1	13.1	
111.5	42.6	-75.5	30.3	
74.6	50.0	-137.0	37.7	
101.6	42.6	-107.5	37.7	
128.7	54.9	-60.7	10.6	
45.1	57.4	-53.3	3.2	
-38.6	52.4	-21.4	10.6	
-4.1	47.5	8.2	3.2	
79.5	57.4	-1.7	5.7	
84.4	54.9	-23.8	0.8	
77.0	52.4	-33.7	-1.7	
126.2	54.9	-48.4	-6.6	
254.2	50.0	-18.9	-1.7	
303.4	52.4	-23.8	-18.9	
276.3	59.8	-28.7	-1.7	
180.4	62.3	-70.6	-1.7	
197.6	45.1	-77.9	15.5	
205.0	59.8	-105.0	5.7	
104.1	45.1	-114.8	-1.7	
-16.4	42.6	-41.0	-1.7	
-171.4	50.0	64.7	5.7	
-196.0	30.3	84.4	-14.0	
-105.0	40.1	47.5	-14.0	
10.6	30.3	-33.7	-14.0	
5.7	27.8	-9.1	10.6	
-102.5	20.5	-31.2	-1.7	
-159.1	-1.7	-23.8	-6.6	
-95.2	-4.1	22.9	-23.8	
-90.2	-18.9	-21.4	-6.6	
-82.9	-16.4	-127.1	-6.6	
141.0	-6.6	-203.4	-1.7	
187.7	-18.9	-198.5	-4.1	
91.8	-11.5	-200.9	-1.7	
10.6	-6.6	-122.2	-4.1	
-38.6	-4.1	3.2	-14.0	
74.6	-1.7	-73.0	-4.1	
141.0	5.7	-151.7	-9.1	
84.4	5.7	-166.5	0.8	
0.8	10.6	-156.7	5.7	
22.9	8.2	-105.0	0.8	
150.8	8.2	-43.5	0.8	
-18.9	5.7	-43.5	-4.1	
-80.4	18.0	-63.2	8.2	
-164.0	22.9	-18.9	10.6	
-85.3	15.5	5.7	15.5	
27.8	30.3	10.6	20.5	
-50.9	42.6	-9.1	5.7	
-122.2	35.2	-41.0	-9.1	
-149.3	35.2	-46.0	-6.6	
-82.9	35.2	-97.6	-11.5	
-68.1	30.3	-105.0	0.8	
-144.4	35.2	-92.7	-9.1	
-95.2	32.8	-70.6	-4.1	
84.4	22.9	-50.9	-6.6	
168.1	27.8	20.5	-11.5	
145.9	47.5	138.5	-14.0	
113.9	32.8	195.1	-1.7	
145.9	35.2	165.6	-9.1	
197.6	35.2	101.6	5.7	
261.5	35.2	-16.4	-6.6	
273.8	30.3	-139.4	10.6	
209.9	32.8	-137.0	-6.6	
148.4	37.7	-141.9	8.2	
101.6	27.8	-161.6	-4.1	
148.4	30.3	-124.7	3.2	
160.7	37.7	-36.1	-9.1	
-16.4	20.5	-109.9	-4.1	
-311.6	22.9	-68.1	15.5	
-370.7	22.9	-70.6	30.3	
-228.0	22.9	3.2	27.8	
-9.1	22.9	101.6	18.0	
-90.2	32.8	271.4	15.5	
-122.2	40.1	273.8	27.8	
-73.0	30.3	239.4	35.2	
54.9	25.4	165.6	32.8	
101.6	15.5	22.9	32.8	
72.1	20.5	-124.7	0.8	
27.8	18.0	-267.4	-1.7	
136.1	13.1	-333.8	8.2	
145.9	20.5	-279.7	15.5	
180.4	30.3	-173.9	20.5	
190.2	30.3	-14.0	25.4	
101.6	27.8	22.9	18.0	
50.0	25.4	123.8	10.6	
94.3	25.4	136.1	8.2	
86.9	37.7	131.2	8.2	
-31.2	22.9	91.8	22.9	
-166.5	35.2	82.0	30.3	
-274.7	30.3	77.0	35.2	
-127.1	42.6	109.0	32.8	
82.0	45.1	104.1	20.5	
214.8	50.0	62.3	18.0	
141.0	35.2	-14.0	3.2	
30.3	54.9	-80.4	5.7	
-41.0	52.4	-21.4	27.8	
20.5	30.3	62.3	45.1	
72.1	35.2	104.1	59.8	
22.9	40.1	104.1	82.0	
-95.2	30.3	148.4	62.3	
-186.2	42.6	118.9	62.3	
-119.8	32.8	128.7	45.1	
-114.8	37.7	27.8	18.0	
-4.1	42.6	-65.6	5.7	
106.6	45.1	-183.7	10.6	
145.9	42.6	-235.4	18.0	
158.2	47.5	-282.1	22.9	
229.6	42.6	-203.4	50.0	
207.4	35.2	-55.8	47.5	
190.2	40.1	32.8	20.5	
111.5	35.2	30.3	57.4	
30.3	37.7	96.7	99.2	
96.7	37.7	163.1	72.1	
116.4	25.4	177.9	-23.8	
82.0	42.6	163.1	-21.4	
47.5	27.8	104.1	25.4	
-55.8	20.5	22.9	57.4	
-70.6	27.8	-73.0	54.9	
-28.7	32.8	-85.3	52.4	
77.0	45.1	-41.0	42.6	
-68.1	35.2	-36.1	27.8	
-58.3	40.1	-60.7	32.8	
0.8	30.3	-149.3	25.4	
160.7	25.4	-90.2	15.5	
74.6	30.3	-43.5	35.2	
-6.6	42.6	47.5	42.6	
-82.9	37.7	106.6	45.1	
35.2	45.1	143.5	40.1	
116.4	40.1	123.8	22.9	
-43.5	47.5	3.2	0.8	
-237.8	35.2	-77.9	-11.5	
-255.1	40.1	-85.3	-11.5	
-181.3	37.7	25.4	-6.6	
-97.6	25.4	192.7	18.0	
-18.9	40.1	163.1	18.0	
-23.8	22.9	89.3	-18.9	
89.3	27.8	158.2	-43.5	
126.2	20.5	106.6	-18.9	
79.5	22.9	-87.8	8.2	
79.5	15.5	-146.8	5.7	
79.5	32.8	-60.7	-11.5	
18.0	30.3	8.2	-26.3	
27.8	30.3	-77.9	-18.9	
138.5	22.9	8.2	-16.4	
126.2	25.4	64.7	-26.3	
91.8	20.5	94.3	-21.4	
82.0	22.9	168.1	0.8	
96.7	18.0	205.0	10.6	
234.5	20.5	84.4	-1.7	
234.5	25.4	-33.7	-6.6	
185.3	27.8	-50.9	-1.7	
5.7	30.3	-144.4	-18.9	
-141.9	42.6	-193.6	-21.4	
-213.2	37.7	-264.9	-28.7	
-188.6	40.1	-210.8	-28.7	
-112.4	13.1	-169.0	-41.0	
-173.9	27.8	-132.1	-55.8	
-139.4	20.5	-26.3	-43.5	
-90.2	32.8	136.1	-21.4	
8.2	32.8	165.6	3.2	
86.9	35.2	168.1	15.5	
143.5	40.1	143.5	47.5	
153.3	35.2	121.3	47.5	
96.7	35.2	91.8	42.6	
-43.5	30.3	96.7	15.5	
-92.7	35.2	79.5	-41.0	
-149.3	42.6	62.3	-65.6	
-176.3	47.5	54.9	-58.3	
-112.4	27.8	40.1	-36.1	
-33.7	30.3	-9.1	-28.7	
25.4	35.2	-23.8	-18.9	
74.6	45.1	64.7	-4.1	
77.0	37.7	72.1	5.7	
-4.1	47.5	106.6	-18.9	
-11.5	50.0	145.9	-1.7	
20.5	35.2	182.8	-11.5	
20.5	37.7	123.8	-9.1	
82.0	47.5	40.1	-1.7	
-48.4	35.2	-68.1	-11.5	
-50.9	50.0	-146.8	-16.4	
-11.5	42.6	-183.7	-9.1	
-85.3	45.1	-166.5	-4.1	
-232.9	45.1	-107.5	0.8	
-228.0	30.3	40.1	10.6	
-109.9	40.1	128.7	-4.1	
35.2	35.2	57.4	-11.5	
99.2	32.8	-18.9	-1.7	
136.1	42.6	-11.5	0.8	
148.4	45.1	177.9	5.7	
13.1	45.1	42.6	3.2	
-65.6	42.6	-43.5	-6.6	
-122.2	40.1	22.9	-9.1	
-210.8	37.7	25.4	-9.1	
-109.9	35.2	-82.9	0.8	
-14.0	35.2	-77.9	13.1	
99.2	47.5	-38.6	0.8	
182.8	42.6	-4.1	3.2	
207.4	27.8	18.0	13.1	
145.9	45.1	18.0	10.6	
109.0	50.0	42.6	10.6	
52.4	37.7	35.2	-4.1	
57.4	27.8	18.0	-14.0	
47.5	35.2	-6.6	3.2	
-9.1	32.8	-58.3	8.2	
-63.2	47.5	-14.0	20.5	
-107.5	40.1	8.2	30.3	
-82.9	37.7	-1.7	15.5	
-21.4	32.8	-53.3	-1.7	
-77.9	30.3	-77.9	-11.5	
0.8	45.1	-97.6	-1.7	
67.2	30.3	-90.2	22.9	
40.1	30.3	-87.8	25.4	
-9.1	35.2	-77.9	15.5	
-114.8	37.7	-92.7	-1.7	
-112.4	40.1	-16.4	-23.8	
-33.7	45.1	27.8	3.2	
22.9	32.8	89.3	-1.7	
74.6	27.8	40.1	-9.1	
25.4	35.2	-14.0	-11.5	
25.4	37.7	-127.1	-16.4	
27.8	25.4	-188.6	-4.1	
79.5	37.7	-186.2	0.8	
99.2	35.2	-146.8	-14.0	
-1.7	30.3	-151.7	-4.1	
-119.8	42.6	-139.4	5.7	
-186.2	37.7	-124.7	0.8	
-154.2	30.3	-53.3	-6.6	
-119.8	32.8	40.1	-6.6	
-149.3	22.9	37.7	-11.5	
-55.8	32.8	-4.1	-16.4	
-50.9	20.5	15.5	-9.1	
15.5	35.2	77.0	15.5	
-18.9	37.7	50.0	18.0	
37.7	32.8	8.2	27.8	
72.1	42.6	-1.7	0.8	
-28.7	40.1	-75.5	-16.4	
-127.1	22.9	-18.9	-14.0	
-193.6	35.2	96.7	-33.7	
-149.3	25.4	84.4	-9.1	
-38.6	30.3	72.1	-28.7	
20.5	50.0	10.6	0.8	
67.2	45.1	64.7	30.3	
67.2	32.8	185.3	27.8	
128.7	30.3	128.7	8.2	
101.6	22.9	57.4	-23.8	
153.3	30.3	-36.1	-9.1	
52.4	27.8	-80.4	25.4	
-1.7	27.8	-82.9	30.3	
30.3	40.1	-14.0	67.2	
249.2	35.2	106.6	8.2	
276.3	45.1	89.3	-48.4	
99.2	35.2	113.9	-21.4	
-139.4	18.0	116.4	-33.7	
-97.6	20.5	121.3	-33.7	
40.1	22.9	116.4	10.6	
62.3	37.7	101.6	13.1	
-58.3	27.8	123.8	32.8	
-200.9	22.9	168.1	25.4	
-183.7	25.4	177.9	30.3	
-159.1	30.3	128.7	22.9	
-75.5	32.8	86.9	13.1	
22.9	20.5	13.1	13.1	
113.9	15.5	-60.7	20.5	
67.2	20.5	-92.7	15.5	
82.0	20.5	-31.2	15.5	
224.6	20.5	54.9	18.0	
271.4	20.5	121.3	-6.6	
308.3	22.9	104.1	10.6	
246.8	10.6	141.0	5.7	
185.3	15.5	5.7	-1.7	
192.7	18.0	-38.6	-6.6	
106.6	13.1	-6.6	-1.7	
-109.9	20.5	-87.8	3.2	
-200.9	27.8	-16.4	-4.1	
-346.1	25.4	62.3	22.9	
-395.3	20.5	185.3	35.2	
-412.5	13.1	123.8	35.2	
-336.2	13.1	62.3	22.9	
-267.4	30.3	25.4	18.0	
-169.0	37.7	8.2	13.1	
-9.1	42.6	32.8	18.0	
57.4	18.0	72.1	-11.5	
79.5	27.8	84.4	-6.6	
86.9	22.9	104.1	0.8	
101.6	10.6	84.4	-1.7	
182.8	22.9	74.6	8.2	
261.5	27.8	50.0	8.2	
259.1	35.2	-73.0	22.9	
192.7	22.9	-139.4	8.2	
-18.9	32.8	-132.1	8.2	
-127.1	35.2	-14.0	0.8	
-129.6	18.0	94.3	10.6	
-127.1	25.4	241.9	15.5	
-58.3	37.7	175.4	15.5	
-33.7	20.5	94.3	8.2	
-129.6	20.5	0.8	-11.5	
-70.6	22.9	-124.7	-4.1	
0.8	35.2	-242.8	-4.1	
69.7	35.2	-218.2	5.7	
77.0	27.8	37.7	20.5	
160.7	22.9	99.2	18.0	
232.0	20.5	118.9	30.3	
271.4	15.5	69.7	27.8	
296.0	20.5	8.2	18.0	
173.0	40.1	3.2	-9.1	
57.4	30.3	0.8	-11.5	
109.0	35.2	-31.2	3.2	
-38.6	35.2	-4.1	-26.3	
-260.0	40.1	-68.1	-26.3	
-427.3	42.6	-6.6	-9.1	
-483.8	25.4	-14.0	-16.4	
-370.7	32.8	10.6	-6.6	
-181.3	27.8	47.5	13.1	
89.3	45.1	86.9	-1.7	
136.1	42.6	77.0	8.2	
118.9	37.7	47.5	-9.1	
116.4	30.3	35.2	-28.7	
77.0	18.0	20.5	-31.2	
-92.7	20.5	-16.4	-16.4	
-127.1	25.4	10.6	-1.7	
-146.8	22.9	50.0	18.0	
-137.0	25.4	89.3	25.4	
-141.9	47.5	32.8	40.1	
13.1	45.1	15.5	18.0	
173.0	54.9	37.7	-18.9	
276.3	59.8	50.0	-31.2	
293.5	54.9	69.7	-21.4	
126.2	57.4	99.2	-11.5	
30.3	37.7	91.8	20.5	
15.5	18.0	15.5	47.5	
-41.0	10.6	-55.8	47.5	
-68.1	5.7	52.4	-11.5	
-63.2	3.2	143.5	-4.1	
-6.6	27.8	170.5	-38.6	
15.5	8.2	123.8	-6.6	
-132.1	27.8	123.8	27.8	
-228.0	32.8	86.9	64.7	
-225.5	32.8	15.5	47.5	
-33.7	20.5	-95.2	-50.9	
37.7	25.4	-68.1	-16.4	
-53.3	35.2	-33.7	22.9	
-90.2	13.1	-14.0	-6.6	
10.6	20.5	62.3	3.2	
84.4	42.6	121.3	-21.4	
158.2	35.2	121.3	-38.6	
202.5	45.1	96.7	-33.7	
232.0	40.1	64.7	-41.0	
227.1	37.7	57.4	-9.1	
163.1	30.3	69.7	42.6	
10.6	20.5	72.1	25.4	
35.2	15.5	59.8	-23.8	
40.1	15.5	40.1	15.5	
-68.1	32.8	72.1	52.4	
-122.2	20.5	113.9	30.3	
-119.8	45.1	99.2	30.3	
-38.6	57.4	45.1	-4.1	
37.7	62.3	69.7	-9.1	
13.1	50.0	94.3	62.3	
42.6	40.1	94.3	8.2	
-50.9	45.1	128.7	-58.3	
18.0	30.3	84.4	-48.4	
-26.3	37.7	96.7	22.9	
-31.2	37.7	123.8	35.2	
-33.7	25.4	72.1	-16.4	
-63.2	30.3	10.6	-21.4	
8.2	25.4	0.8	-1.7	
-70.6	20.5	84.4	0.8	
-102.5	37.7	170.5	13.1	
-87.8	32.8	35.2	13.1	
20.5	30.3	10.6	-6.6	
35.2	15.5	3.2	-26.3	
-14.0	22.9	-18.9	-23.8	
54.9	27.8	3.2	-23.8	
96.7	20.5	67.2	13.1	
91.8	13.1	222.2	22.9	
42.6	32.8	150.8	10.6	
32.8	40.1	45.1	-36.1	
5.7	37.7	-14.0	-11.5	
30.3	32.8	-9.1	10.6	
-53.3	32.8	-73.0	-11.5	
-154.2	40.1	-18.9	-33.7	
-200.9	18.0	121.3	-53.3	
-151.7	30.3	239.4	-60.7	
59.8	30.3	234.5	-16.4	
123.8	35.2	217.3	20.5	
118.9	30.3	96.7	18.0	
77.0	20.5	-60.7	15.5	
82.0	25.4	-200.9	-9.1	
118.9	20.5	-151.7	-41.0	
264.0	30.3	-33.7	-28.7	
224.6	32.8	30.3	-1.7	
104.1	27.8	54.9	54.9	
-43.5	10.6	54.9	67.2	
-171.4	30.3	5.7	37.7	
-173.9	22.9	-1.7	5.7	
-230.5	15.5	-9.1	-18.9	
-186.2	30.3	13.1	-46.0	
-105.0	35.2	69.7	-38.6	
-75.5	27.8	84.4	-14.0	
-43.5	30.3	50.0	-26.3	
-109.9	35.2	13.1	-11.5	
-68.1	37.7	-28.7	-9.1	
0.8	32.8	-60.7	0.8	
32.8	32.8	-1.7	-11.5	
84.4	18.0	25.4	3.2	
136.1	37.7	-11.5	8.2	
177.9	25.4	-41.0	-4.1	
148.4	35.2	-41.0	-9.1	
113.9	25.4	-1.7	-43.5	
47.5	32.8	35.2	0.8	
-23.8	18.0	84.4	5.7	
-137.0	18.0	52.4	-4.1	
-154.2	22.9	42.6	-18.9	
-68.1	32.8	86.9	13.1	
-48.4	30.3	27.8	-26.3	
-95.2	32.8	-60.7	-23.8	
-149.3	30.3	-77.9	-9.1	
-90.2	18.0	-70.6	-11.5	
-48.4	27.8	-55.8	-14.0	
-117.3	18.0	-33.7	5.7	
-203.4	25.4	69.7	5.7	
-102.5	22.9	42.6	-14.0	
27.8	32.8	86.9	-14.0	
143.5	40.1	54.9	-36.1	
259.1	27.8	-11.5	-31.2	
293.5	37.7	-50.9	-43.5	
278.8	40.1	-41.0	-11.5	
246.8	35.2	-50.9	3.2	
101.6	25.4	15.5	18.0	
-33.7	27.8	37.7	45.1	
-134.5	30.3	-1.7	42.6	
-146.8	25.4	-36.1	-31.2	
-36.1	15.5	-23.8	-23.8	
30.3	27.8	18.0	-4.1	
-23.8	25.4	-9.1	-23.8	
-80.4	30.3	-41.0	-31.2	
-95.2	27.8	-28.7	-6.6	
-186.2	32.8	77.0	-28.7	
-196.0	40.1	197.6	-1.7	
-186.2	37.7	197.6	-1.7	
-114.8	37.7	141.0	-28.7	
-60.7	30.3	136.1	8.2	
32.8	27.8	15.5	15.5	
158.2	22.9	-149.3	15.5	
185.3	32.8	-210.8	-11.5	
47.5	30.3	-237.8	-14.0	
-48.4	27.8	-282.1	-31.2	
-21.4	30.3	-100.1	-33.7	
52.4	30.3	3.2	-6.6	
143.5	35.2	62.3	-11.5	
74.6	18.0	45.1	-9.1	
-33.7	13.1	91.8	-6.6	
-68.1	20.5	286.1	-1.7	
64.7	25.4	256.6	18.0	
62.3	25.4	133.6	27.8	
-58.3	15.5	20.5	45.1	
-173.9	18.0	-109.9	10.6	
-161.6	18.0	-173.9	3.2	
-46.0	25.4	-151.7	18.0	
-75.5	32.8	18.0	52.4	
-105.0	35.2	163.1	-26.3	
-132.1	32.8	106.6	-87.8	
18.0	35.2	-4.1	-23.8	
168.1	27.8	13.1	-1.7	
305.8	22.9	35.2	10.6	
209.9	32.8	25.4	22.9	
67.2	30.3	37.7	42.6	
185.3	35.2	47.5	-6.6	
195.1	22.9	62.3	-48.4	
229.6	20.5	37.7	-14.0	
111.5	22.9	52.4	35.2	
-73.0	30.3	42.6	69.7	
-193.6	40.1	50.0	67.2	
-166.5	22.9	94.3	45.1	
-134.5	20.5	148.4	-85.3	
-166.5	10.6	180.4	-146.8	
-223.1	5.7	64.7	-28.7	
-200.9	27.8	-36.1	59.8	
-314.1	30.3	-107.5	22.9	
-208.3	30.3	-203.4	18.0	
-171.4	25.4	-269.8	-1.7	
-63.2	32.8	-164.0	13.1	
-14.0	30.3	74.6	0.8	
22.9	37.7	182.8	8.2	
45.1	30.3	64.7	15.5	
74.6	20.5	-82.9	10.6	
104.1	47.5	-41.0	20.5	
27.8	40.1	57.4	10.6	
-33.7	45.1	52.4	5.7	
-53.3	42.6	104.1	25.4	
-112.4	45.1	111.5	15.5	
-53.3	20.5	86.9	-18.9	
86.9	22.9	82.0	-14.0	
141.0	37.7	25.4	-1.7	
197.6	45.1	30.3	5.7	
251.7	45.1	40.1	-9.1	
323.0	25.4	72.1	-38.6	
305.8	20.5	99.2	-26.3	
163.1	20.5	84.4	-46.0	
-48.4	27.8	32.8	0.8	
-178.8	25.4	-33.7	35.2	
-112.4	22.9	-55.8	30.3	
-105.0	25.4	0.8	15.5	
-151.7	30.3	-43.5	-11.5	
-87.8	35.2	-1.7	-28.7	
-26.3	37.7	5.7	-28.7	
5.7	40.1	-1.7	-11.5	
18.0	25.4	22.9	-1.7	
8.2	32.8	136.1	8.2	
-105.0	35.2	212.3	0.8	
-232.9	30.3	180.4	35.2	
-154.2	30.3	126.2	27.8	
5.7	35.2	101.6	15.5	
32.8	32.8	-11.5	37.7	
99.2	32.8	-109.9	32.8	
27.8	35.2	-144.4	5.7	
79.5	42.6	-36.1	-6.6	
266.5	40.1	37.7	0.8	
396.8	40.1	67.2	10.6	
293.5	32.8	219.7	-11.5	
177.9	32.8	212.3	3.2	
0.8	30.3	59.8	-1.7	
-186.2	30.3	13.1	-14.0	
-176.3	27.8	59.8	-21.4	
-109.9	47.5	-43.5	10.6	
-225.5	30.3	-186.2	10.6	
-405.1	35.2	-141.9	5.7	
-454.3	35.2	-31.2	-11.5	
-385.4	32.8	-137.0	5.7	
-247.7	30.3	-171.4	22.9	
-90.2	32.8	-92.7	18.0	
20.5	32.8	-14.0	27.8	
138.5	32.8	-21.4	37.7	
182.8	40.1	-1.7	45.1	
268.9	37.7	-9.1	32.8	
347.6	45.1	-36.1	-1.7	
332.9	35.2	18.0	-14.0	
256.6	40.1	18.0	18.0	
99.2	32.8	-18.9	40.1	
52.4	35.2	62.3	52.4	
-97.6	30.3	50.0	45.1	
-210.8	32.8	45.1	3.2	
-289.5	35.2	18.0	-11.5	
-316.6	27.8	8.2	0.8	
-242.8	18.0	20.5	-11.5	
-70.6	20.5	32.8	-1.7	
-11.5	10.6	54.9	35.2	
101.6	20.5	57.4	20.5	
57.4	27.8	69.7	37.7	
101.6	47.5	37.7	35.2	
207.4	54.9	-41.0	25.4	
244.3	50.0	-90.2	25.4	
155.8	37.7	-9.1	8.2	
69.7	45.1	15.5	10.6	
-50.9	30.3	-9.1	0.8	
-85.3	37.7	-4.1	-4.1	
30.3	40.1	-173.9	-4.1	
-1.7	47.5	-279.7	5.7	
-41.0	52.4	-210.8	-21.4	
-198.5	50.0	-60.7	-4.1	
-95.2	45.1	89.3	18.0	
271.4	37.7	121.3	47.5	
448.5	27.8	148.4	62.3	
320.6	25.4	101.6	54.9	
59.8	35.2	69.7	22.9	
72.1	45.1	20.5	0.8	
35.2	37.7	20.5	3.2	
-70.6	20.5	32.8	22.9	
-205.9	27.8	0.8	13.1	
-363.3	42.6	-1.7	35.2	
-412.5	30.3	47.5	8.2	
-363.3	30.3	89.3	-14.0	
-277.2	35.2	72.1	-16.4	
-129.6	42.6	64.7	-23.8	
153.3	25.4	45.1	10.6	
205.0	25.4	-23.8	20.5	
148.4	27.8	-124.7	25.4	
104.1	22.9	-191.1	-4.1	
64.7	13.1	-213.2	-43.5	
106.6	32.8	-117.3	-1.7	
32.8	42.6	91.8	77.0	
99.2	32.8	261.5	64.7	
128.7	37.7	268.9	40.1	
96.7	40.1	261.5	-21.4	
89.3	20.5	42.6	-77.9	
155.8	20.5	-164.0	-68.1	
148.4	8.2	-166.5	-11.5	
106.6	25.4	-114.8	25.4	
-70.6	25.4	-105.0	3.2	
-210.8	27.8	-68.1	-9.1	
-210.8	30.3	10.6	-28.7	
-240.3	30.3	37.7	0.8	
-245.2	20.5	30.3	22.9	
-193.6	22.9	18.0	10.6	
-48.4	27.8	104.1	20.5	
111.5	27.8	59.8	13.1	
123.8	20.5	69.7	-1.7	
163.1	22.9	52.4	-9.1	
342.7	22.9	-6.6	5.7	
465.7	32.8	-82.9	30.3	
251.7	25.4	-48.4	32.8	
-97.6	32.8	52.4	-11.5	
-351.0	45.1	42.6	-63.2	
-129.6	40.1	18.0	-28.7	
123.8	35.2	40.1	8.2	
136.1	18.0	62.3	69.7	
94.3	20.5	35.2	77.0	
89.3	18.0	57.4	5.7	
180.4	27.8	22.9	0.8	
158.2	30.3	32.8	-6.6	
-75.5	32.8	111.5	-33.7	
-272.3	35.2	131.2	-46.0	
-417.4	42.6	45.1	-36.1	
-395.3	42.6	20.5	-16.4	
-385.4	45.1	15.5	18.0	
-235.4	37.7	-1.7	50.0	
-107.5	27.8	-14.0	52.4	
128.7	64.7	37.7	-41.0	
278.8	45.1	77.0	-1.7	
222.2	35.2	148.4	15.5	
150.8	37.7	111.5	22.9	
200.0	32.8	22.9	15.5	
320.6	30.3	-164.0	25.4	
259.1	30.3	-245.2	50.0	
232.0	40.1	-232.9	15.5	
133.6	37.7	-75.5	-1.7	
59.8	37.7	13.1	3.2	
0.8	30.3	67.2	27.8	
-171.4	35.2	5.7	-4.1	
-166.5	32.8	-14.0	-9.1	
-188.6	25.4	45.1	20.5	
-141.9	20.5	101.6	-4.1	
-43.5	42.6	18.0	-28.7	
-36.1	40.1	32.8	-9.1	
-154.2	27.8	22.9	0.8	
-200.9	40.1	15.5	-9.1	
-1.7	42.6	13.1	3.2	
-77.9	50.0	-28.7	22.9	
-129.6	52.4	-53.3	40.1	
-164.0	37.7	-36.1	22.9	
-164.0	13.1	-33.7	0.8	
-139.4	27.8	-31.2	-9.1	
-38.6	37.7	35.2	-4.1	
45.1	32.8	91.8	8.2	
109.0	35.2	111.5	13.1	
202.5	47.5	89.3	13.1	
158.2	45.1	84.4	40.1	
111.5	22.9	30.3	25.4	
165.6	32.8	-50.9	10.6	
136.1	37.7	-105.0	-1.7	
86.9	22.9	-196.0	-4.1	
0.8	27.8	-262.4	-16.4	
99.2	30.3	-146.8	3.2	
190.2	22.9	-23.8	10.6	
177.9	30.3	84.4	3.2	
25.4	40.1	131.2	8.2	
-90.2	45.1	163.1	20.5	
-58.3	57.4	249.2	-14.0	
-26.3	64.7	126.2	-18.9	
42.6	74.6	10.6	5.7	
50.0	69.7	-36.1	-31.2	
131.2	64.7	-46.0	8.2	
345.2	67.2	-33.7	32.8	
359.9	59.8	-28.7	64.7	
209.9	50.0	-31.2	25.4	
-82.9	47.5	-112.4	-11.5	
-181.3	47.5	-257.5	-33.7	
-53.3	35.2	-198.5	-21.4	
-109.9	45.1	-102.5	18.0	
-196.0	54.9	-4.1	50.0	
-279.7	47.5	40.1	42.6	
-301.8	52.4	-16.4	50.0	
-210.8	52.4	-18.9	18.0	
-100.1	45.1	-6.6	40.1	
91.8	22.9	-14.0	15.5	
185.3	22.9	-41.0	3.2	
173.0	27.8	35.2	-18.9	
190.2	22.9	32.8	-9.1	
89.3	22.9	15.5	-1.7	
67.2	5.7	-26.3	-4.1	
-122.2	-14.0	-85.3	8.2	
-124.7	-14.0	-60.7	-1.7	
-55.8	5.7	-16.4	-1.7	
25.4	-6.6	37.7	18.0	
-87.8	-1.7	79.5	5.7	
-109.9	-4.1	79.5	-4.1	
-129.6	0.8	113.9	15.5	
-77.9	-4.1	128.7	27.8	
5.7	8.2	62.3	15.5	
-31.2	10.6	-48.4	22.9	
5.7	-4.1	-68.1	20.5	
77.0	25.4	3.2	10.6	
165.6	25.4	-6.6	-18.9	
168.1	18.0	10.6	3.2	
-4.1	13.1	10.6	10.6	
-205.9	27.8	-48.4	-4.1	
-358.4	15.5	-178.8	-11.5	
-309.2	18.0	-164.0	-18.9	
-107.5	18.0	-36.1	3.2	
62.3	30.3	138.5	20.5	
150.8	20.5	182.8	40.1	
305.8	30.3	123.8	27.8	
446.0	40.1	-26.3	13.1	
426.4	45.1	-215.7	32.8	
246.8	40.1	-107.5	15.5	
72.1	27.8	27.8	-6.6	
-82.9	30.3	96.7	-23.8	
-90.2	47.5	145.9	32.8	
-87.8	47.5	99.2	45.1	
-215.7	37.7	94.3	-1.7	
-363.3	32.8	30.3	5.7	
-424.8	45.1	82.0	-1.7	
-203.4	30.3	155.8	-36.1	
-60.7	22.9	123.8	-14.0	
-41.0	22.9	-1.7	25.4	
-33.7	25.4	-92.7	52.4	
-48.4	35.2	-149.3	42.6	
-14.0	30.3	-92.7	-9.1	
89.3	22.9	-80.4	-23.8	
104.1	35.2	-73.0	-9.1	
160.7	22.9	40.1	30.3	
200.0	35.2	72.1	18.0	
104.1	25.4	-1.7	-9.1	
8.2	8.2	-1.7	10.6	
-119.8	27.8	-28.7	-6.6	
-105.0	32.8	-43.5	5.7	
-82.9	15.5	-43.5	20.5	
-55.8	37.7	25.4	30.3	
77.0	32.8	8.2	22.9	
84.4	52.4	-43.5	0.8	
121.3	47.5	-16.4	-9.1	
96.7	35.2	-11.5	-11.5	
-14.0	42.6	-21.4	-11.5	
-132.1	47.5	3.2	8.2	
-198.5	45.1	116.4	0.8	
-213.2	50.0	197.6	5.7	
-191.1	45.1	153.3	-11.5	
-70.6	40.1	64.7	-9.1	
-58.3	42.6	-1.7	3.2	
-55.8	32.8	-58.3	18.0	
5.7	42.6	-186.2	18.0	
74.6	45.1	-289.5	-21.4	
111.5	47.5	-269.8	-28.7	
74.6	54.9	-173.9	0.8	
-11.5	30.3	20.5	13.1	
-14.0	40.1	118.9	13.1	
170.5	30.3	32.8	30.3	
264.0	37.7	-9.1	35.2	
207.4	27.8	18.0	-16.4	
89.3	30.3	10.6	-21.4	
50.0	35.2	-63.2	5.7	
123.8	30.3	-97.6	25.4	
109.0	35.2	-92.7	18.0	
-16.4	37.7	-107.5	25.4	
-154.2	25.4	-80.4	18.0	
-176.3	30.3	-73.0	27.8	
-139.4	30.3	-48.4	25.4	
-156.7	42.6	-55.8	3.2	
-181.3	42.6	-41.0	-11.5	
-191.1	45.1	15.5	18.0	
-171.4	35.2	-1.7	52.4	
-65.6	35.2	22.9	0.8	
77.0	37.7	47.5	-9.1	
94.3	37.7	25.4	-38.6	
106.6	47.5	47.5	-60.7	
141.0	35.2	67.2	-23.8	
52.4	35.2	18.0	13.1	
50.0	40.1	-55.8	35.2	
143.5	42.6	-43.5	37.7	
374.7	30.3	-14.0	-6.6	
207.4	40.1	-85.3	-31.2	
20.5	32.8	-151.7	-18.9	
-92.7	15.5	-102.5	5.7	
-100.1	25.4	50.0	35.2	
-173.9	27.8	214.8	13.1	
-109.9	22.9	320.6	10.6	
-41.0	30.3	342.7	20.5	
8.2	13.1	209.9	15.5	
-102.5	15.5	5.7	20.5	
-60.7	8.2	-193.6	10.6	
-16.4	15.5	-424.8	-31.2	
89.3	25.4	-412.5	-21.4	
180.4	45.1	-245.2	10.6	
67.2	47.5	-73.0	10.6	
-141.9	30.3	0.8	25.4	
-181.3	25.4	82.0	82.0	
-41.0	25.4	200.0	52.4	
281.2	42.6	244.3	22.9	
239.4	20.5	236.9	5.7	
5.7	42.6	202.5	-31.2	
-289.5	37.7	106.6	-48.4	
-289.5	40.1	-4.1	-41.0	
-203.4	37.7	-196.0	-6.6	
-156.7	45.1	-247.7	-21.4	
-213.2	40.1	-269.8	13.1	
-208.3	40.1	-132.1	25.4	
-97.6	20.5	96.7	10.6	
-31.2	18.0	62.3	3.2	
64.7	47.5	45.1	13.1	
187.7	22.9	96.7	5.7	
330.4	30.3	104.1	20.5	
387.0	25.4	62.3	37.7	
256.6	18.0	32.8	18.0	
150.8	20.5	57.4	18.0	
305.8	27.8	84.4	-14.0	
293.5	35.2	40.1	-1.7	
10.6	40.1	32.8	13.1	
-314.1	45.1	54.9	5.7	
-483.8	37.7	67.2	-6.6	
-301.8	22.9	89.3	5.7	
-176.3	37.7	18.0	22.9	
-178.8	27.8	-21.4	27.8	
-117.3	30.3	-87.8	-65.6	
-9.1	22.9	-119.8	-14.0	
84.4	25.4	-70.6	-11.5	
150.8	35.2	-1.7	-1.7	
148.4	47.5	5.7	22.9	
25.4	50.0	-11.5	15.5	
-188.6	40.1	-75.5	37.7	
-87.8	27.8	-11.5	15.5	
177.9	15.5	-9.1	-31.2	
283.7	25.4	-28.7	-46.0	
222.2	10.6	35.2	13.1	
143.5	15.5	106.6	15.5	
50.0	3.2	128.7	-4.1	
96.7	18.0	18.0	13.1	
96.7	18.0	-68.1	32.8	
104.1	18.0	-100.1	59.8	
52.4	20.5	-90.2	13.1	
-80.4	18.0	-58.3	-73.0	
-105.0	25.4	-95.2	-80.4	
-43.5	22.9	18.0	-38.6	
133.6	18.0	94.3	-18.9	
236.9	35.2	64.7	30.3	
175.4	37.7	89.3	89.3	
111.5	18.0	-23.8	52.4	
82.0	20.5	-21.4	0.8	
-80.4	25.4	-36.1	-31.2	
-196.0	42.6	-55.8	5.7	
-269.8	30.3	-28.7	-1.7	
-267.4	37.7	-11.5	8.2	
-319.0	45.1	18.0	35.2	
-316.6	40.1	77.0	62.3	
-100.1	40.1	126.2	18.0	
283.7	32.8	136.1	-41.0	
278.8	30.3	121.3	-16.4	
32.8	32.8	-11.5	-16.4	
-43.5	35.2	-117.3	-41.0	
-1.7	18.0	-82.9	-18.9	
293.5	35.2	-23.8	-1.7	
271.4	32.8	64.7	5.7	
-14.0	18.0	-41.0	-14.0	
-134.5	50.0	-90.2	-11.5	
-173.9	62.3	-90.2	-11.5	
-237.8	72.1	-132.1	22.9	
-262.4	57.4	-36.1	45.1	
-250.1	42.6	-4.1	72.1	
-132.1	30.3	116.4	42.6	
84.4	25.4	187.7	-9.1	
241.9	30.3	131.2	-38.6	
236.9	18.0	77.0	-23.8	
106.6	18.0	-60.7	-26.3	
54.9	42.6	-28.7	-16.4	
42.6	35.2	-23.8	0.8	
0.8	25.4	82.0	15.5	
-55.8	15.5	126.2	10.6	
-218.2	27.8	79.5	0.8	
-264.9	35.2	40.1	5.7	
-137.0	27.8	0.8	5.7	
-70.6	50.0	-55.8	27.8	
-9.1	27.8	-26.3	40.1	
0.8	32.8	22.9	52.4	
37.7	20.5	47.5	40.1	
126.2	22.9	59.8	-4.1	
332.9	25.4	37.7	-16.4	
337.8	22.9	35.2	-21.4	
229.6	22.9	35.2	-16.4	
138.5	22.9	-28.7	0.8	
-16.4	27.8	-70.6	-9.1	
190.2	40.1	0.8	-9.1	
52.4	30.3	67.2	18.0	
-127.1	27.8	79.5	0.8	
-6.6	25.4	45.1	10.6	
50.0	40.1	37.7	10.6	
27.8	37.7	67.2	3.2	
106.6	50.0	-36.1	-28.7	
256.6	42.6	-38.6	-28.7	
205.0	25.4	-41.0	3.2	
-26.3	13.1	5.7	42.6	
-289.5	22.9	27.8	15.5	
-203.4	-9.1	-6.6	30.3	
-73.0	13.1	42.6	-21.4	
-124.7	37.7	138.5	-31.2	
-343.6	15.5	180.4	18.0	
-323.9	32.8	229.6	-9.1	
-137.0	35.2	126.2	15.5	
-4.1	20.5	-26.3	0.8	
-6.6	42.6	-139.4	-1.7	
-11.5	27.8	-213.2	-18.9	
35.2	52.4	-255.1	0.8	
45.1	45.1	-171.4	-11.5	
3.2	35.2	22.9	-6.6	
-33.7	30.3	113.9	-11.5	
82.0	18.0	158.2	10.6	
298.4	18.0	45.1	64.7	
320.6	20.5	-21.4	45.1	
155.8	22.9	-90.2	10.6	
-50.9	25.4	-129.6	-1.7	
-58.3	22.9	-156.7	0.8	
227.1	30.3	-156.7	-9.1	
264.0	35.2	-46.0	0.8	
141.0	15.5	111.5	0.8	
57.4	30.3	192.7	15.5	
69.7	35.2	141.0	-1.7	
86.9	22.9	86.9	-6.6	
96.7	22.9	91.8	13.1	
-68.1	18.0	89.3	-6.6	
-247.7	30.3	59.8	-48.4	
-351.0	35.2	37.7	-1.7	
-250.1	37.7	-4.1	20.5	
-134.5	27.8	-26.3	10.6	
-46.0	18.0	18.0	0.8	
-38.6	8.2	-4.1	22.9	
69.7	18.0	-14.0	0.8	
118.9	32.8	25.4	-21.4	
94.3	22.9	79.5	-18.9	
-16.4	30.3	57.4	5.7	
-85.3	37.7	67.2	-4.1	
37.7	30.3	77.0	-23.8	
96.7	30.3	59.8	-26.3	
67.2	30.3	123.8	20.5	
64.7	37.7	143.5	40.1	
89.3	25.4	-11.5	-1.7	
72.1	27.8	-181.3	-43.5	
126.2	20.5	-95.2	20.5	
175.4	27.8	-154.2	-18.9	
96.7	32.8	-220.6	-14.0	
128.7	27.8	-132.1	-4.1	
104.1	42.6	54.9	8.2	
121.3	13.1	101.6	30.3	
50.0	3.2	82.0	22.9	
-6.6	22.9	82.0	20.5	
-156.7	27.8	91.8	45.1	
-250.1	35.2	89.3	30.3	
-279.7	18.0	59.8	30.3	
-230.5	25.4	74.6	-4.1	
-186.2	25.4	77.0	18.0	
-102.5	25.4	89.3	18.0	
-9.1	47.5	69.7	-4.1	
82.0	42.6	47.5	-16.4	
79.5	32.8	45.1	-4.1	
77.0	45.1	54.9	-6.6	
145.9	22.9	25.4	8.2	
241.9	37.7	-1.7	27.8	
82.0	47.5	22.9	37.7	
-169.0	54.9	59.8	22.9	
-154.2	42.6	79.5	-1.7	
82.0	22.9	145.9	-26.3	
219.7	5.7	141.0	32.8	
101.6	22.9	79.5	62.3	
3.2	25.4	72.1	45.1	
-23.8	37.7	-31.2	-43.5	
-53.3	37.7	-23.8	-73.0	
-60.7	25.4	-36.1	-18.9	
0.8	30.3	57.4	3.2	
96.7	27.8	-65.6	0.8	
131.2	27.8	-260.0	30.3	
163.1	35.2	-230.5	72.1	
175.4	42.6	-95.2	57.4	
50.0	42.6	82.0	47.5	
-14.0	22.9	118.9	0.8	
-46.0	40.1	106.6	-4.1	
113.9	50.0	104.1	-9.1	
27.8	27.8	104.1	-11.5	
143.5	25.4	99.2	-6.6	
101.6	20.5	35.2	13.1	
18.0	32.8	18.0	37.7	
-119.8	37.7	18.0	-23.8	
-208.3	20.5	5.7	-43.5	
-48.4	10.6	-11.5	-6.6	
-87.8	18.0	-97.6	-14.0	
-119.8	20.5	37.7	-18.9	
-230.5	30.3	133.6	10.6	
-181.3	25.4	136.1	57.4	
-100.1	30.3	-38.6	30.3	
67.2	20.5	-164.0	10.6	
168.1	37.7	-124.7	10.6	
224.6	25.4	-159.1	10.6	
308.3	22.9	-122.2	32.8	
359.9	25.4	-18.9	37.7	
264.0	5.7	32.8	59.8	
126.2	20.5	59.8	69.7	
-132.1	30.3	136.1	35.2	
-346.1	35.2	89.3	-21.4	
-365.8	40.1	74.6	-41.0	
-296.9	32.8	69.7	-26.3	
-365.8	25.4	59.8	-11.5	
-346.1	5.7	0.8	-18.9	
-240.3	10.6	-141.9	-6.6	
-60.7	20.5	-53.3	-1.7	
141.0	40.1	22.9	20.5	
224.6	50.0	131.2	37.7	
251.7	45.1	244.3	32.8	
168.1	13.1	229.6	-4.1	
0.8	13.1	111.5	-23.8	
-43.5	10.6	67.2	-28.7	
-186.2	18.0	47.5	-21.4	
-122.2	32.8	-38.6	-16.4	
283.7	22.9	-146.8	10.6	
423.9	5.7	-159.1	3.2	
268.9	15.5	-124.7	-6.6	
84.4	30.3	20.5	0.8	
-58.3	18.0	136.1	5.7	
-36.1	30.3	104.1	-4.1	
101.6	40.1	-9.1	0.8	
111.5	40.1	-21.4	5.7	
5.7	40.1	-26.3	5.7	
-4.1	42.6	-117.3	-9.1	
121.3	47.5	-50.9	15.5	
177.9	27.8	59.8	35.2	
96.7	22.9	8.2	35.2	
13.1	20.5	-63.2	13.1	
-26.3	15.5	-60.7	8.2	
13.1	32.8	54.9	-1.7	
-48.4	40.1	173.0	-41.0	
-166.5	37.7	219.7	-33.7	
-102.5	32.8	145.9	35.2	
-23.8	37.7	111.5	22.9	
64.7	32.8	-6.6	15.5	
118.9	25.4	-18.9	-11.5	
59.8	37.7	-4.1	10.6	
27.8	20.5	5.7	-26.3	
-41.0	30.3	20.5	-36.1	
-85.3	45.1	-77.9	-21.4	
-107.5	35.2	-53.3	-14.0	
-183.7	20.5	20.5	-18.9	
-119.8	25.4	8.2	-28.7	
84.4	25.4	54.9	18.0	
143.5	18.0	40.1	69.7	
-16.4	27.8	89.3	62.3	
-149.3	30.3	30.3	47.5	
-164.0	40.1	5.7	15.5	
25.4	27.8	74.6	0.8	
-60.7	20.5	32.8	-4.1	
-205.9	32.8	64.7	-14.0	
-242.8	47.5	187.7	-28.7	
-132.1	40.1	96.7	-11.5	
3.2	35.2	113.9	-18.9	
101.6	42.6	72.1	-1.7	
133.6	27.8	-68.1	-11.5	
190.2	37.7	-210.8	25.4	
222.2	30.3	-220.6	42.6	
281.2	40.1	-151.7	13.1	
310.7	32.8	-63.2	22.9	
246.8	27.8	-82.9	-9.1	
173.0	35.2	5.7	-31.2	
50.0	30.3	212.3	-23.8	
72.1	18.0	254.2	-9.1	
35.2	18.0	121.3	27.8	
-41.0	13.1	52.4	52.4	
-127.1	32.8	67.2	50.0	
-97.6	25.4	57.4	-38.6	
-14.0	22.9	-21.4	-60.7	
47.5	27.8	-58.3	5.7	
-31.2	27.8	-21.4	-4.1	
-232.9	27.8	-6.6	18.0	
-203.4	37.7	-28.7	15.5	
-82.9	42.6	-4.1	0.8	
-46.0	37.7	-28.7	-14.0	
-92.7	25.4	-28.7	-4.1	
-16.4	50.0	-11.5	-9.1	
-6.6	42.6	57.4	-16.4	
-31.2	45.1	141.0	3.2	
-73.0	35.2	106.6	-9.1	
-18.9	32.8	101.6	27.8	
-33.7	25.4	99.2	35.2	
-112.4	25.4	106.6	0.8	
-154.2	30.3	35.2	18.0	
-97.6	37.7	-46.0	18.0	
52.4	27.8	-117.3	30.3	
111.5	20.5	-134.5	-23.8	
52.4	30.3	-183.7	-38.6	
82.0	37.7	-90.2	13.1	
40.1	42.6	69.7	27.8	
22.9	25.4	96.7	25.4	
57.4	32.8	20.5	-4.1	
72.1	32.8	-122.2	35.2	
104.1	45.1	-87.8	32.8	
209.9	42.6	42.6	-14.0	
254.2	57.4	77.0	-23.8	
300.9	35.2	37.7	30.3	
332.9	27.8	18.0	79.5	
332.9	13.1	54.9	35.2	
-16.4	20.5	72.1	35.2	
-363.3	30.3	50.0	37.7	
-383.0	22.9	42.6	35.2	
-378.1	18.0	-4.1	3.2	
-338.7	13.1	-48.4	-11.5	
-277.2	18.0	-68.1	3.2	
-105.0	35.2	-4.1	10.6	
79.5	37.7	35.2	-1.7	
153.3	40.1	42.6	3.2	
-18.9	27.8	54.9	40.1	
-63.2	32.8	-16.4	30.3	
-132.1	32.8	-58.3	-16.4	
-114.8	35.2	-114.8	15.5	
25.4	45.1	-58.3	30.3	
-18.9	25.4	18.0	18.0	
-1.7	47.5	40.1	15.5	
-4.1	32.8	-38.6	13.1	
62.3	20.5	-31.2	37.7	
0.8	18.0	15.5	18.0	
64.7	30.3	22.9	-16.4	
168.1	47.5	-36.1	10.6	
227.1	35.2	3.2	27.8	
89.3	35.2	40.1	27.8	
-68.1	27.8	-58.3	27.8	
-92.7	18.0	-107.5	-18.9	
-75.5	5.7	101.6	-18.9	
-18.9	10.6	217.3	32.8	
91.8	13.1	126.2	18.0	
143.5	37.7	37.7	-6.6	
104.1	25.4	-41.0	-21.4	
182.8	20.5	-100.1	25.4	
84.4	27.8	-146.8	40.1	
-70.6	22.9	-183.7	5.7	
-203.4	27.8	-223.1	-28.7	
-90.2	32.8	-178.8	-14.0	
-60.7	37.7	-33.7	-1.7	
67.2	37.7	177.9	-31.2	
84.4	32.8	224.6	-33.7	
64.7	18.0	207.4	-14.0	
207.4	25.4	175.4	5.7	
315.7	37.7	79.5	10.6	
84.4	27.8	-11.5	20.5	
-41.0	35.2	-28.7	-4.1	
-73.0	42.6	-70.6	-14.0	
79.5	25.4	8.2	-16.4	
111.5	25.4	32.8	3.2	
5.7	35.2	32.8	-11.5	
-16.4	40.1	42.6	0.8	
30.3	37.7	10.6	15.5	
59.8	37.7	37.7	5.7	
-21.4	40.1	13.1	-28.7	
-247.7	37.7	25.4	10.6	
-208.3	47.5	25.4	30.3	
-70.6	32.8	101.6	37.7	
-48.4	35.2	150.8	-14.0	
-166.5	32.8	150.8	-53.3	
-169.0	30.3	116.4	-53.3	
-68.1	37.7	32.8	-31.2	
20.5	32.8	15.5	-18.9	
47.5	10.6	27.8	-18.9	
148.4	18.0	57.4	-6.6	
160.7	32.8	131.2	-21.4	
118.9	18.0	222.2	-21.4	
168.1	27.8	291.1	-16.4	
318.1	42.6	182.8	-6.6	
273.8	27.8	-102.5	-6.6	
197.6	27.8	-284.6	-6.6	
89.3	37.7	-260.0	-28.7	
-171.4	30.3	-203.4	0.8	
-166.5	35.2	-75.5	27.8	
-141.9	37.7	57.4	35.2	
-196.0	25.4	54.9	-1.7	
-338.7	18.0	-11.5	-36.1	
-373.1	10.6	-6.6	-16.4	
-289.5	10.6	94.3	27.8	
-225.5	20.5	182.8	22.9	
-129.6	18.0	288.6	15.5	
123.8	18.0	177.9	8.2	
337.8	27.8	-43.5	-1.7	
244.3	35.2	-321.5	-4.1	
-21.4	32.8	-466.6	-23.8	
-48.4	32.8	-471.5	-55.8	
59.8	22.9	-230.5	-50.9	
273.8	37.7	-11.5	-16.4	
155.8	30.3	131.2	30.3	
-105.0	30.3	222.2	91.8	
-282.1	32.8	182.8	94.3	
-378.1	30.3	165.6	40.1	
-237.8	32.8	106.6	-9.1	
-60.7	42.6	89.3	-50.9	
47.5	40.1	59.8	-53.3	
116.4	20.5	22.9	-31.2	
96.7	15.5	-26.3	-6.6	
-60.7	45.1	-63.2	-41.0	
-122.2	25.4	-48.4	-14.0	
-90.2	22.9	-48.4	30.3	
-75.5	20.5	-26.3	30.3	
-58.3	25.4	-33.7	22.9	
64.7	40.1	-23.8	64.7	
111.5	32.8	-21.4	25.4	
158.2	35.2	-21.4	-43.5	
145.9	15.5	-63.2	-87.8	
18.0	8.2	-102.5	-70.6	
57.4	25.4	-75.5	-31.2	
91.8	25.4	-87.8	-21.4	
136.1	30.3	-55.8	-50.9	
-1.7	42.6	-48.4	101.6	
-132.1	20.5	-4.1	111.5	
-100.1	22.9	42.6	50.0	
-65.6	25.4	74.6	20.5	
-156.7	18.0	89.3	-4.1	
-154.2	30.3	-6.6	37.7	
3.2	20.5	-107.5	18.0	
32.8	22.9	-218.2	69.7	
138.5	27.8	-250.1	35.2	
59.8	40.1	-213.2	30.3	
20.5	42.6	-28.7	67.2	
62.3	30.3	45.1	20.5	
-129.6	32.8	47.5	-18.9	
-304.3	37.7	37.7	-48.4	
-306.7	45.1	69.7	8.2	
-9.1	40.1	94.3	30.3	
232.0	50.0	27.8	13.1	
241.9	42.6	-18.9	8.2	
89.3	35.2	-28.7	-28.7	
91.8	27.8	-21.4	-53.3	
128.7	25.4	-26.3	-16.4	
190.2	27.8	-9.1	72.1	
-55.8	45.1	8.2	62.3	
-188.6	27.8	-9.1	10.6	
-166.5	35.2	-26.3	-46.0	
-151.7	57.4	-31.2	-80.4	
-127.1	52.4	-36.1	-28.7	
-127.1	20.5	-18.9	69.7	
-70.6	32.8	-1.7	113.9	
5.7	42.6	0.8	72.1	
50.0	45.1	42.6	64.7	
22.9	35.2	52.4	-58.3	
86.9	35.2	52.4	-46.0	
32.8	42.6	3.2	-95.2	
25.4	30.3	25.4	-28.7	
155.8	27.8	32.8	30.3	
273.8	25.4	45.1	0.8	
74.6	15.5	131.2	13.1	
-119.8	0.8	118.9	25.4	
-213.2	35.2	96.7	-9.1	
57.4	37.7	0.8	-16.4	
104.1	40.1	-58.3	-9.1	
82.0	37.7	-149.3	-16.4	
-26.3	27.8	-181.3	-6.6	
-1.7	10.6	-105.0	-14.0	
-6.6	18.0	15.5	-21.4	
-48.4	22.9	72.1	3.2	
-127.1	22.9	77.0	0.8	
-11.5	20.5	77.0	0.8	
59.8	30.3	59.8	-14.0	
5.7	37.7	69.7	-11.5	
-75.5	30.3	64.7	-4.1	
-58.3	35.2	86.9	8.2	
32.8	40.1	86.9	5.7	
8.2	27.8	67.2	15.5	
-90.2	27.8	10.6	27.8	
-154.2	27.8	13.1	0.8	
-127.1	25.4	-1.7	30.3	
-70.6	42.6	54.9	0.8	
-48.4	25.4	84.4	-90.2	
54.9	32.8	67.2	-109.9	
72.1	25.4	13.1	-60.7	
67.2	25.4	-43.5	47.5	
-26.3	15.5	-60.7	-6.6	
-95.2	30.3	-50.9	-33.7	
35.2	25.4	-16.4	5.7	
123.8	40.1	18.0	20.5	
57.4	27.8	54.9	20.5	
-48.4	35.2	62.3	5.7	
-164.0	10.6	52.4	-1.7	
-80.4	27.8	30.3	3.2	
59.8	35.2	-6.6	5.7	
163.1	32.8	-14.0	-46.0	
123.8	3.2	-1.7	-77.9	
67.2	5.7	5.7	-70.6	
-46.0	15.5	52.4	-58.3	
-112.4	20.5	116.4	-14.0	
-137.0	15.5	5.7	69.7	
-129.6	8.2	-70.6	64.7	
-176.3	22.9	-100.1	101.6	
-43.5	32.8	-196.0	32.8	
153.3	25.4	-262.4	15.5	
222.2	15.5	-151.7	-16.4	
214.8	47.5	150.8	-9.1	
89.3	40.1	264.0	22.9	
106.6	45.1	89.3	20.5	
168.1	25.4	-4.1	-9.1	
86.9	22.9	42.6	-9.1	
-134.5	40.1	8.2	-21.4	
-392.8	37.7	-85.3	3.2	
-562.6	25.4	-26.3	15.5	
-301.8	30.3	-68.1	52.4	
296.0	42.6	-107.5	74.6	
497.7	62.3	-144.4	50.0	
335.3	57.4	-92.7	35.2	
116.4	57.4	-41.0	13.1	
67.2	57.4	-33.7	8.2	
13.1	40.1	-31.2	5.7	
-109.9	42.6	-41.0	-18.9	
-112.4	42.6	-41.0	18.0	
-107.5	47.5	-11.5	35.2	
-100.1	42.6	8.2	18.0	
-151.7	67.2	30.3	13.1	
-264.9	54.9	45.1	22.9	
-198.5	40.1	35.2	18.0	
-60.7	50.0	5.7	25.4	
-60.7	57.4	-43.5	40.1	
-4.1	59.8	-105.0	13.1	
121.3	52.4	-134.5	22.9	
359.9	47.5	-129.6	45.1	
391.9	37.7	-38.6	13.1	
195.1	42.6	101.6	-4.1	
-48.4	32.8	207.4	20.5	
-36.1	42.6	116.4	-9.1	
-16.4	52.4	-4.1	-28.7	
-117.3	30.3	-33.7	13.1	
-363.3	40.1	-58.3	-4.1	
-279.7	45.1	-36.1	0.8	
-80.4	35.2	67.2	-4.1	
94.3	20.5	153.3	0.8	
163.1	22.9	158.2	10.6	
138.5	18.0	128.7	-9.1	
123.8	10.6	3.2	-9.1	
57.4	-11.5	-159.1	0.8	
-9.1	20.5	-124.7	20.5	
-159.1	13.1	-85.3	10.6	
-223.1	5.7	-73.0	27.8	
-149.3	-11.5	20.5	32.8	
-82.9	-6.6	50.0	-4.1	
45.1	3.2	113.9	-65.6	
187.7	-1.7	40.1	-80.4	
241.9	15.5	-1.7	-55.8	
187.7	13.1	15.5	22.9	
104.1	27.8	-21.4	40.1	
-11.5	5.7	0.8	-4.1	
-129.6	13.1	-9.1	-11.5	
-105.0	18.0	3.2	8.2	
-55.8	42.6	-4.1	-28.7	
82.0	32.8	50.0	-43.5	
104.1	35.2	57.4	8.2	
118.9	42.6	96.7	0.8	
86.9	45.1	54.9	15.5	
0.8	52.4	-1.7	18.0	
-68.1	13.1	-18.9	42.6	
-28.7	18.0	69.7	91.8	
121.3	18.0	180.4	-82.9	
8.2	25.4	116.4	-43.5	
-31.2	40.1	62.3	47.5	
-75.5	40.1	-16.4	-6.6	
-68.1	40.1	-73.0	-23.8	
22.9	32.8	10.6	13.1	
126.2	32.8	35.2	22.9	
185.3	40.1	104.1	30.3	
123.8	35.2	155.8	30.3	
77.0	37.7	145.9	8.2	
-33.7	20.5	69.7	-58.3	
-198.5	22.9	-159.1	-33.7	
-274.7	25.4	-200.9	10.6	
-141.9	20.5	-100.1	3.2	
96.7	45.1	64.7	-26.3	
101.6	50.0	47.5	-1.7	
-58.3	52.4	3.2	8.2	
-154.2	42.6	72.1	74.6	
-63.2	22.9	96.7	67.2	
94.3	10.6	77.0	54.9	
150.8	27.8	54.9	35.2	
-11.5	20.5	62.3	-68.1	
-200.9	30.3	59.8	-28.7	
-220.6	27.8	40.1	64.7	
-139.4	22.9	35.2	74.6	
-46.0	20.5	32.8	15.5	
136.1	30.3	52.4	-161.6	
121.3	15.5	57.4	-141.9	
-6.6	20.5	25.4	54.9	
-50.9	-1.7	20.5	40.1	
62.3	30.3	30.3	-33.7	
195.1	42.6	-9.1	10.6	
217.3	64.7	3.2	30.3	
192.7	57.4	-6.6	-23.8	
113.9	57.4	-1.7	-18.9	
106.6	37.7	40.1	-11.5	
42.6	32.8	77.0	-11.5	
-14.0	35.2	111.5	5.7	
27.8	40.1	180.4	5.7	
59.8	25.4	185.3	-9.1	
74.6	18.0	158.2	-11.5	
82.0	18.0	106.6	0.8	
3.2	25.4	5.7	10.6	
-122.2	20.5	-114.8	13.1	
-151.7	10.6	-154.2	10.6	
-166.5	18.0	-73.0	-9.1	
-141.9	20.5	-16.4	30.3	
-92.7	18.0	-1.7	22.9	
-50.9	22.9	-6.6	15.5	
84.4	10.6	-6.6	-28.7	
50.0	35.2	15.5	8.2	
64.7	35.2	-9.1	20.5	
185.3	20.5	-28.7	8.2	
205.0	37.7	-38.6	42.6	
84.4	27.8	-11.5	37.7	
-41.0	25.4	-6.6	3.2	
-205.9	30.3	22.9	-28.7	
-139.4	32.8	25.4	-38.6	
153.3	20.5	13.1	10.6	
332.9	30.3	18.0	-46.0	
175.4	20.5	3.2	-50.9	
94.3	13.1	5.7	22.9	
32.8	22.9	0.8	-14.0	
-38.6	25.4	32.8	-28.7	
-43.5	30.3	62.3	-36.1	
-53.3	10.6	45.1	-58.3	
-50.9	20.5	35.2	-60.7	
-70.6	40.1	20.5	67.2	
-129.6	42.6	-43.5	69.7	
-156.7	47.5	-70.6	47.5	
-129.6	37.7	-33.7	-4.1	
-38.6	54.9	-21.4	-14.0	
30.3	37.7	13.1	0.8	
163.1	30.3	67.2	-28.7	
232.0	22.9	67.2	-4.1	
264.0	22.9	57.4	-1.7	
182.8	18.0	-26.3	96.7	
150.8	27.8	-33.7	121.3	
72.1	40.1	-82.9	25.4	
-58.3	37.7	-105.0	-9.1	
-183.7	32.8	-97.6	-1.7	
-319.0	22.9	-50.9	-60.7	
-255.1	32.8	82.0	-36.1	
-112.4	40.1	150.8	-9.1	
62.3	30.3	-18.9	5.7	
143.5	15.5	-141.9	-38.6	
212.3	32.8	-218.2	22.9	
192.7	15.5	-274.7	37.7	
163.1	32.8	-314.1	-9.1	
173.0	50.0	-127.1	-58.3	
-43.5	47.5	197.6	3.2	
-161.6	47.5	192.7	-1.7	
-225.5	37.7	94.3	-36.1	
-9.1	37.7	32.8	-117.3	
79.5	35.2	-21.4	-129.6	
30.3	25.4	-16.4	-80.4	
-75.5	20.5	-9.1	5.7	
-36.1	35.2	3.2	82.0	
121.3	37.7	-4.1	143.5	
138.5	35.2	-1.7	104.1	
138.5	54.9	18.0	45.1	
128.7	40.1	5.7	50.0	
79.5	45.1	-4.1	8.2	
82.0	32.8	5.7	-28.7	
-80.4	45.1	22.9	-28.7	
-95.2	32.8	37.7	-4.1	
0.8	30.3	52.4	15.5	
25.4	32.8	59.8	37.7	
-33.7	37.7	50.0	59.8	
37.7	37.7	40.1	18.0	
86.9	35.2	18.0	37.7	
22.9	35.2	-41.0	40.1	
-38.6	45.1	-70.6	-14.0	
-23.8	32.8	-1.7	-6.6	
5.7	27.8	37.7	8.2	
42.6	30.3	0.8	-4.1	
77.0	30.3	-43.5	15.5	
91.8	42.6	-28.7	18.0	
106.6	37.7	-58.3	10.6	
57.4	37.7	-97.6	-9.1	
-109.9	42.6	-46.0	10.6	
-247.7	42.6	13.1	15.5	
-119.8	25.4	15.5	18.0	
82.0	32.8	45.1	40.1	
227.1	45.1	18.0	32.8	
222.2	42.6	20.5	3.2	
170.5	57.4	32.8	-134.5	
74.6	27.8	22.9	-82.9	
77.0	35.2	-11.5	-55.8	
-11.5	32.8	0.8	30.3	
-65.6	32.8	10.6	67.2	
-107.5	47.5	5.7	42.6	
-119.8	50.0	25.4	-129.6	
-149.3	27.8	27.8	-186.2	
-129.6	42.6	32.8	-198.5	
-109.9	22.9	32.8	-137.0	
-75.5	25.4	30.3	-70.6	
-53.3	10.6	25.4	138.5	
-60.7	22.9	22.9	133.6	
-11.5	40.1	32.8	35.2	
32.8	54.9	32.8	-198.5	
96.7	37.7	40.1	-90.2	
109.0	35.2	42.6	241.9	
89.3	40.1	42.6	138.5	
116.4	50.0	45.1	-6.6	
94.3	54.9	52.4	-11.5	
116.4	22.9	59.8	74.6	
155.8	30.3	59.8	67.2	
131.2	22.9	57.4	35.2	
111.5	32.8	62.3	35.2	
-16.4	37.7	74.6	52.4	
-41.0	30.3	40.1	106.6	
-6.6	40.1	42.6	-6.6	
18.0	27.8	52.4	-65.6	
5.7	27.8	5.7	-87.8	
-18.9	30.3	-11.5	-90.2	
13.1	20.5	0.8	37.7	
-6.6	25.4	32.8	-18.9	
-18.9	25.4	47.5	32.8	
-14.0	25.4	20.5	131.2	
-4.1	50.0	50.0	133.6	
89.3	54.9	52.4	86.9	
67.2	30.3	45.1	84.4	
-33.7	27.8	27.8	52.4	
-144.4	10.6	27.8	27.8	
-183.7	-4.1	5.7	25.4	
-151.7	20.5	-1.7	35.2	
-50.9	45.1	20.5	20.5	
37.7	35.2	25.4	25.4	
67.2	18.0	15.5	13.1	
59.8	20.5	35.2	25.4	
59.8	37.7	32.8	18.0	
101.6	37.7	27.8	18.0	
77.0	30.3	35.2	22.9	
72.1	32.8	32.8	22.9	
77.0	30.3	27.8	20.5	
118.9	-18.9	47.5	18.0	
131.2	0.8	20.5	8.2	
86.9	3.2	8.2	8.2	
96.7	20.5	-6.6	3.2	
84.4	47.5	-4.1	5.7	
30.3	25.4	0.8	15.5	
-9.1	20.5	22.9	8.2	
0.8	30.3	35.2	8.2	
3.2	22.9	22.9	8.2	
8.2	25.4	22.9	8.2	
-11.5	13.1	20.5	15.5	
15.5	15.5	32.8	-9.1	
42.6	52.4	30.3	8.2	
0.8	27.8	32.8	22.9	
-48.4	22.9	32.8	25.4	
-21.4	37.7	35.2	35.2	
0.8	13.1	22.9	8.2	
-14.0	25.4	35.2	-63.2	
-31.2	50.0	35.2	47.5	
-43.5	42.6	13.1	67.2	
-50.9	35.2	3.2	37.7	
-48.4	27.8	-11.5	42.6	
-23.8	25.4	-14.0	32.8	
-23.8	25.4	-48.4	25.4	
-36.1	27.8	-36.1	15.5	
0.8	13.1	-46.0	40.1	
82.0	20.5	-43.5	25.4	
116.4	37.7	-18.9	25.4	
64.7	45.1	-11.5	20.5	
-58.3	32.8	-31.2	15.5	
-151.7	32.8	3.2	20.5	
-46.0	35.2	42.6	35.2	
148.4	30.3	18.0	35.2	
79.5	22.9	3.2	45.1	
8.2	42.6	-16.4	22.9	
-53.3	32.8	-18.9	25.4	
-65.6	50.0	-23.8	30.3	
-9.1	20.5	-38.6	18.0	
30.3	22.9	-21.4	18.0	
40.1	-6.6	-26.3	30.3	
52.4	-4.1	-38.6	67.2	
67.2	15.5	-21.4	72.1	
52.4	13.1	-33.7	22.9	
50.0	-4.1	-41.0	10.6	
45.1	8.2	-31.2	8.2	
42.6	5.7	-31.2	27.8	
42.6	32.8	-46.0	8.2	
64.7	54.9	-68.1	18.0	
77.0	18.0	-68.1	13.1	
27.8	47.5	-28.7	0.8	
-38.6	79.5	-36.1	18.0	
-38.6	45.1	-53.3	15.5	
0.8	13.1	-31.2	15.5	
37.7	47.5	-14.0	27.8	
-53.3	74.6	-31.2	37.7	
-149.3	30.3	-26.3	59.8	
-87.8	25.4	-6.6	50.0	
-63.2	32.8	-6.6	18.0	
-55.8	27.8	-6.6	20.5	
-23.8	22.9	-11.5	40.1	
20.5	35.2	0.8	5.7	
40.1	45.1	-16.4	27.8	
32.8	10.6	-36.1	37.7	
-18.9	20.5	-23.8	15.5	
-38.6	-16.4	-14.0	-6.6	
22.9	-48.4	27.8	35.2	
74.6	-6.6	18.0	47.5	
82.0	0.8	13.1	45.1	
106.6	8.2	32.8	15.5	
160.7	8.2	74.6	22.9	
148.4	30.3	84.4	50.0	
89.3	45.1	57.4	42.6	
57.4	35.2	59.8	10.6	
27.8	69.7	77.0	22.9	
10.6	57.4	91.8	37.7	
-73.0	22.9	96.7	30.3	
-166.5	-6.6	96.7	-4.1	
-151.7	10.6	109.0	30.3	
-117.3	10.6	101.6	30.3	
-73.0	50.0	104.1	0.8	
-75.5	-9.1	106.6	-11.5	
-63.2	-46.0	99.2	-14.0	
-68.1	-9.1	118.9	-41.0	
-65.6	99.2	109.0	-63.2	
-23.8	133.6	121.3	74.6	
3.2	72.1	121.3	229.6	
35.2	-26.3	121.3	175.4	
96.7	-80.4	123.8	126.2	
131.2	-41.0	136.1	136.1	
136.1	-11.5	121.3	84.4	
126.2	3.2	116.4	118.9	
123.8	10.6	116.4	5.7	
96.7	3.2	126.2	32.8	
62.3	22.9	109.0	82.0	
3.2	52.4	111.5	52.4	
-58.3	77.0	99.2	-21.4	
-97.6	74.6	101.6	111.5	
-90.2	57.4	116.4	113.9	
-97.6	45.1	104.1	45.1	
-43.5	42.6	109.0	52.4	
-16.4	42.6	91.8	64.7	
-16.4	50.0	62.3	86.9	
15.5	32.8	64.7	86.9	
18.0	32.8	69.7	42.6	
25.4	35.2	74.6	59.8	
10.6	54.9	82.0	77.0	
-16.4	69.7	84.4	15.5	
18.0	40.1	62.3	37.7	
45.1	47.5	59.8	57.4	
37.7	5.7	77.0	3.2	
0.8	5.7	72.1	8.2	
0.8	22.9	54.9	27.8	
8.2	27.8	37.7	18.0	
30.3	30.3	35.2	30.3	
52.4	27.8	47.5	86.9	
126.2	35.2	54.9	99.2	
195.1	20.5	45.1	42.6	
192.7	15.5	40.1	57.4	
128.7	30.3	25.4	59.8	
109.0	22.9	27.8	47.5	
89.3	32.8	40.1	45.1	
62.3	47.5	35.2	-11.5	
-21.4	45.1	54.9	22.9	
-95.2	40.1	67.2	18.0	
-112.4	37.7	64.7	30.3	
-129.6	20.5	64.7	32.8	
-159.1	27.8	62.3	59.8	
-151.7	40.1	69.7	35.2	
-112.4	42.6	45.1	-16.4	
-70.6	37.7	45.1	0.8	
-23.8	37.7	42.6	-4.1	
-9.1	37.7	20.5	-11.5	
0.8	45.1	32.8	3.2	
13.1	37.7	54.9	5.7	
25.4	37.7	91.8	-1.7	
27.8	30.3	82.0	-4.1	
52.4	42.6	77.0	-23.8	
79.5	42.6	67.2	-46.0	
86.9	37.7	50.0	-14.0	
106.6	35.2	59.8	-11.5	
141.0	37.7	64.7	-60.7	
143.5	47.5	79.5	-82.9	
136.1	42.6	84.4	-63.2	
79.5	35.2	74.6	-28.7	
52.4	37.7	86.9	106.6	
-38.6	35.2	86.9	18.0	
-75.5	35.2	74.6	52.4	
-95.2	40.1	79.5	20.5	
-119.8	52.4	82.0	-31.2	
-137.0	45.1	64.7	-26.3	
-129.6	42.6	62.3	111.5	
-77.9	40.1	40.1	89.3	
-11.5	42.6	52.4	5.7	
13.1	42.6	69.7	22.9	
35.2	40.1	57.4	27.8	
3.2	37.7	47.5	8.2	
0.8	35.2	67.2	-28.7	
3.2	37.7	59.8	22.9	
-11.5	-1.7	57.4	57.4	
-26.3	5.7	50.0	-16.4	
0.8	20.5	64.7	5.7	
-6.6	40.1	52.4	-1.7	
25.4	42.6	52.4	5.7	
52.4	18.0	15.5	-18.9	
59.8	42.6	0.8	-16.4	
86.9	47.5	0.8	-33.7	
82.0	57.4	13.1	-14.0	
84.4	22.9	35.2	13.1	
50.0	5.7	50.0	15.5	
5.7	32.8	59.8	42.6	
-38.6	69.7	72.1	18.0	
-41.0	50.0	62.3	-16.4	
-31.2	37.7	45.1	5.7	
-31.2	42.6	37.7	32.8	
-9.1	20.5	42.6	3.2	
-33.7	35.2	32.8	15.5	
-50.9	42.6	32.8	22.9	
-77.9	32.8	22.9	-80.4	
-68.1	32.8	35.2	-65.6	
-41.0	20.5	25.4	0.8	
-23.8	13.1	35.2	-16.4	
0.8	0.8	18.0	-18.9	
18.0	-1.7	30.3	13.1	
62.3	5.7	18.0	27.8	
77.0	-18.9	20.5	-14.0	
77.0	-11.5	15.5	-50.9	
59.8	-4.1	22.9	-53.3	
45.1	22.9	5.7	-16.4	
5.7	82.0	-11.5	-21.4	
-1.7	67.2	-11.5	-38.6	
27.8	89.3	-21.4	-28.7	
62.3	30.3	-26.3	-11.5	
54.9	37.7	-26.3	-4.1	
32.8	30.3	-18.9	0.8	
15.5	-28.7	-26.3	-26.3	
3.2	42.6	-18.9	-18.9	
-26.3	86.9	-9.1	-14.0	
8.2	96.7	-14.0	-18.9	
52.4	96.7	8.2	-9.1	
69.7	82.0	0.8	-11.5	
77.0	20.5	25.4	-21.4	
74.6	-31.2	40.1	-31.2	
52.4	-46.0	52.4	-50.9	
77.0	-33.7	57.4	-43.5	
94.3	-55.8	69.7	-43.5	
82.0	-28.7	57.4	-50.9	
57.4	-4.1	69.7	-11.5	
0.8	37.7	72.1	82.0	
-80.4	74.6	72.1	79.5	
-80.4	99.2	69.7	22.9	
-46.0	91.8	74.6	-26.3	
-16.4	104.1	42.6	3.2	
22.9	62.3	32.8	18.0	
54.9	-14.0	54.9	0.8	
62.3	-9.1	79.5	0.8	
84.4	25.4	89.3	8.2	
67.2	40.1	74.6	15.5	
72.1	74.6	54.9	20.5	
99.2	82.0	82.0	20.5	
111.5	40.1	89.3	13.1	
79.5	52.4	62.3	8.2	
79.5	69.7	59.8	5.7	
62.3	72.1	47.5	-9.1	
30.3	77.0	45.1	-1.7	
18.0	84.4	52.4	3.2	
20.5	59.8	59.8	25.4	
-4.1	-28.7	45.1	22.9	
-31.2	-21.4	45.1	10.6	
-68.1	22.9	45.1	-1.7	
-119.8	32.8	37.7	13.1	
-132.1	27.8	35.2	15.5	
-82.9	40.1	37.7	45.1	
3.2	3.2	42.6	5.7	
50.0	8.2	30.3	10.6	
59.8	22.9	27.8	8.2	
84.4	18.0	27.8	20.5	
145.9	5.7	37.7	8.2	
163.1	27.8	32.8	-4.1	
138.5	40.1	27.8	8.2	
91.8	37.7	35.2	3.2	
-18.9	40.1	18.0	-26.3	
-100.1	47.5	25.4	-4.1	
-144.4	47.5	25.4	15.5	
-137.0	40.1	20.5	13.1	
-112.4	37.7	5.7	3.2	
-95.2	37.7	-9.1	3.2	
-46.0	47.5	8.2	8.2	
-31.2	40.1	10.6	8.2	
-48.4	40.1	18.0	35.2	
-70.6	45.1	15.5	45.1	
-63.2	42.6	5.7	5.7	
-28.7	40.1	-6.6	10.6	
22.9	30.3	-6.6	30.3	
52.4	40.1	-1.7	47.5	
54.9	52.4	3.2	57.4	
77.0	52.4	0.8	22.9	
47.5	54.9	5.7	32.8	
30.3	40.1	-6.6	42.6	
10.6	40.1	3.2	50.0	
10.6	50.0	-1.7	37.7	
25.4	42.6	-9.1	35.2	
27.8	32.8	-1.7	40.1	
27.8	59.8	0.8	45.1	
18.0	45.1	-4.1	22.9	
8.2	20.5	8.2	42.6	
-1.7	25.4	8.2	52.4	
-11.5	22.9	0.8	57.4	
-16.4	37.7	-11.5	40.1	
-16.4	27.8	5.7	37.7	
-18.9	30.3	-1.7	50.0	
-11.5	30.3	-9.1	79.5	
-21.4	40.1	-14.0	82.0	
-6.6	40.1	-11.5	22.9	
0.8	40.1	-1.7	-38.6	
5.7	35.2	-1.7	-16.4	
30.3	37.7	5.7	10.6	
47.5	25.4	-9.1	86.9	
54.9	22.9	-9.1	126.2	
47.5	20.5	-9.1	-46.0	
54.9	20.5	-11.5	-18.9	
54.9	37.7	-9.1	-46.0	
74.6	37.7	-14.0	-6.6	
91.8	45.1	-16.4	30.3	
91.8	45.1	-11.5	57.4	
106.6	54.9	-9.1	25.4	
94.3	50.0	-16.4	37.7	
77.0	62.3	-6.6	91.8	
54.9	45.1	-9.1	99.2	
54.9	67.2	-14.0	57.4	
47.5	79.5	-9.1	-65.6	
67.2	64.7	-6.6	-90.2	
72.1	50.0	-14.0	-14.0	
96.7	37.7	-14.0	-6.6	
148.4	37.7	-14.0	-18.9	
155.8	18.0	-11.5	30.3	
155.8	62.3	-14.0	20.5	
175.4	42.6	-1.7	37.7	
200.0	-4.1	-11.5	42.6	
182.8	-1.7	-11.5	-38.6	
145.9	25.4	-9.1	-38.6	
82.0	47.5	-9.1	-23.8	
18.0	32.8	-11.5	-43.5	
35.2	27.8	-4.1	-9.1	
8.2	30.3	-6.6	18.0	
-55.8	-33.7	-11.5	22.9	
-82.9	-90.2	-9.1	-23.8	
-87.8	-53.3	-1.7	-16.4	
-55.8	27.8	10.6	10.6	
0.8	54.9	5.7	-18.9	
-23.8	22.9	-4.1	-11.5	
13.1	64.7	5.7	-11.5	
64.7	45.1	10.6	-18.9	
91.8	32.8	-11.5	-11.5	
131.2	18.0	18.0	-1.7	
123.8	18.0	-9.1	10.6	
126.2	25.4	-16.4	-31.2	
79.5	27.8	-31.2	-14.0	
57.4	52.4	-31.2	-36.1	
50.0	45.1	-28.7	-43.5	
136.1	30.3	-26.3	-36.1	
217.3	32.8	-9.1	-6.6	
239.4	30.3	-9.1	62.3	
264.0	32.8	-16.4	86.9	
276.3	18.0	-18.9	35.2	
256.6	42.6	-11.5	18.0	
315.7	50.0	-26.3	3.2	
281.2	42.6	-26.3	-73.0	
207.4	30.3	-21.4	-43.5	
155.8	40.1	-9.1	-21.4	
126.2	57.4	-21.4	-23.8	
153.3	57.4	-9.1	-6.6	
145.9	35.2	-23.8	-4.1	
153.3	32.8	-18.9	-50.9	
187.7	32.8	-41.0	-73.0	
150.8	15.5	-48.4	-73.0	
195.1	-11.5	-43.5	-68.1	
229.6	50.0	-36.1	-18.9	
234.5	64.7	-33.7	79.5	
222.2	32.8	-23.8	96.7	
214.8	35.2	-28.7	52.4	
173.0	37.7	-41.0	40.1	
143.5	22.9	-28.7	27.8	
3.2	5.7	-21.4	13.1	
-218.2	27.8	-28.7	5.7	
-193.6	20.5	-31.2	0.8	
-90.2	25.4	-43.5	-4.1	
-4.1	18.0	-41.0	10.6	
32.8	30.3	-46.0	3.2	
57.4	54.9	-31.2	10.6	
42.6	64.7	-41.0	8.2	
25.4	47.5	-28.7	13.1	
25.4	35.2	-41.0	13.1	
-16.4	30.3	-28.7	13.1	
-28.7	35.2	-31.2	25.4	
-31.2	42.6	-48.4	27.8	
-53.3	37.7	-41.0	40.1	
-105.0	47.5	-38.6	30.3	
-149.3	47.5	-41.0	27.8	
-176.3	52.4	-41.0	20.5	
-183.7	0.8	-41.0	27.8	
-225.5	5.7	-38.6	32.8	
-245.2	5.7	-23.8	25.4	
-255.1	10.6	-23.8	15.5	
-287.0	27.8	-41.0	30.3	
-277.2	25.4	-36.1	20.5	
-292.0	30.3	-31.2	22.9	
-274.7	42.6	-31.2	30.3	
-267.4	32.8	-31.2	15.5	
-289.5	32.8	-18.9	13.1	
-323.9	35.2	-28.7	8.2	
-299.3	22.9	-23.8	18.0	
-277.2	27.8	-46.0	20.5	
-267.4	30.3	-28.7	32.8	
-277.2	37.7	-38.6	20.5	
-282.1	40.1	-33.7	8.2	
-284.6	35.2	-21.4	5.7	
-252.6	40.1	-23.8	30.3	
-232.9	27.8	-21.4	25.4	
-255.1	42.6	-14.0	54.9	
-267.4	32.8	-16.4	40.1	
-230.5	27.8	-11.5	52.4	
-223.1	30.3	-11.5	25.4	
-208.3	27.8	-31.2	25.4	
-178.8	35.2	-38.6	0.8	
-171.4	27.8	-36.1	30.3	
-124.7	25.4	-16.4	42.6	
-87.8	37.7	-18.9	42.6	
-9.1	37.7	-21.4	52.4	
25.4	45.1	-26.3	47.5	
40.1	42.6	-16.4	45.1	
67.2	37.7	-28.7	35.2	
82.0	35.2	-28.7	18.0	
84.4	22.9	-28.7	27.8	
57.4	30.3	-21.4	35.2	
37.7	5.7	-23.8	18.0	
20.5	13.1	-21.4	25.4	
3.2	13.1	-16.4	40.1	
-55.8	-14.0	-11.5	54.9	
-151.7	15.5	-28.7	18.0	
-183.7	35.2	-23.8	13.1	
-100.1	45.1	-26.3	22.9	
25.4	13.1	-23.8	79.5	
104.1	-1.7	-16.4	54.9	
150.8	22.9	-31.2	37.7	
197.6	32.8	-26.3	22.9	
207.4	18.0	-16.4	3.2	
182.8	22.9	-23.8	20.5	
116.4	50.0	-16.4	22.9	
20.5	32.8	-41.0	3.2	
35.2	42.6	-18.9	27.8	
96.7	72.1	-23.8	27.8	
182.8	77.0	-11.5	37.7	
239.4	79.5	-21.4	20.5	
239.4	35.2	-21.4	3.2	
209.9	42.6	-14.0	-36.1	
148.4	47.5	-28.7	-31.2	
138.5	40.1	-23.8	-18.9	
136.1	-6.6	-6.6	-6.6	
136.1	-28.7	-11.5	-48.4	
96.7	-18.9	-16.4	59.8	
37.7	25.4	-18.9	64.7	
27.8	54.9	-23.8	64.7	
30.3	50.0	-21.4	69.7	
3.2	62.3	-18.9	30.3	
5.7	67.2	-14.0	-6.6	
106.6	52.4	-11.5	-16.4	
150.8	57.4	-14.0	13.1	
145.9	50.0	0.8	40.1	
82.0	40.1	-11.5	13.1	
15.5	54.9	-4.1	-14.0	
-105.0	45.1	-9.1	-33.7	
-215.7	40.1	-6.6	-105.0	
-316.6	42.6	-4.1	-55.8	
-380.5	57.4	-11.5	-68.1	
-375.6	64.7	-4.1	5.7	
-306.7	72.1	-16.4	67.2	
-208.3	54.9	-9.1	25.4	
-149.3	25.4	0.8	-9.1	
-117.3	-4.1	-4.1	-4.1	
-87.8	-4.1	-11.5	-11.5	
-70.6	-6.6	3.2	-21.4	
-68.1	-1.7	-1.7	-21.4	
-82.9	-1.7	-14.0	-26.3	
-85.3	-23.8	-16.4	-48.4	
-85.3	-16.4	-23.8	-43.5	
-28.7	-9.1	-1.7	-26.3	
5.7	3.2	3.2	-38.6	
22.9	10.6	-1.7	-28.7	
-4.1	32.8	0.8	-11.5	
-46.0	54.9	-9.1	-41.0	
-70.6	52.4	5.7	-55.8	
-127.1	57.4	-4.1	-21.4	
-203.4	40.1	3.2	-33.7	
-274.7	50.0	0.8	-26.3	
-282.1	57.4	0.8	-18.9	
-235.4	32.8	-14.0	-28.7	
-208.3	15.5	8.2	-43.5	
-205.9	5.7	-16.4	-26.3	
-203.4	-16.4	-6.6	-28.7	
-191.1	10.6	-4.1	-21.4	
-191.1	18.0	3.2	-14.0	
-188.6	54.9	-4.1	-26.3	
-193.6	59.8	-14.0	-14.0	
-171.4	5.7	-9.1	-11.5	
-161.6	18.0	-4.1	-21.4	
-137.0	22.9	-16.4	-21.4	
-137.0	13.1	-14.0	-1.7	
-122.2	8.2	-6.6	-9.1	
-87.8	42.6	-11.5	-11.5	
-60.7	62.3	-16.4	-6.6	
-21.4	54.9	-16.4	-14.0	
18.0	45.1	-6.6	-31.2	
40.1	57.4	-16.4	-31.2	
54.9	50.0	-21.4	-23.8	
77.0	72.1	-21.4	-14.0	
104.1	45.1	-18.9	-16.4	
106.6	52.4	-23.8	-23.8	
104.1	37.7	-26.3	-14.0	
96.7	15.5	-18.9	-16.4	
86.9	15.5	-18.9	-18.9	
77.0	25.4	-28.7	-11.5	
47.5	25.4	-23.8	-11.5	
27.8	18.0	-33.7	-11.5	
3.2	25.4	-23.8	-14.0	
13.1	25.4	-28.7	-6.6	
64.7	18.0	-28.7	-9.1	
84.4	15.5	-21.4	-9.1	
94.3	18.0	-18.9	-26.3	
113.9	13.1	-21.4	-11.5	
104.1	42.6	-31.2	-6.6	
89.3	25.4	-36.1	3.2	
89.3	13.1	-33.7	0.8	
99.2	32.8	-28.7	-11.5	
101.6	15.5	-28.7	-4.1	
104.1	30.3	-36.1	0.8	
84.4	40.1	-28.7	-9.1	
82.0	22.9	-23.8	-4.1	
67.2	27.8	-23.8	-4.1	
45.1	20.5	-46.0	5.7	
27.8	22.9	-28.7	-9.1	
15.5	35.2	-38.6	5.7	
-16.4	32.8	-28.7	0.8	
-50.9	32.8	-28.7	0.8	
-36.1	18.0	-33.7	-1.7	
-46.0	27.8	-33.7	-4.1	
-55.8	47.5	-38.6	0.8	
-80.4	42.6	-31.2	0.8	
-109.9	15.5	-33.7	-14.0	
-139.4	30.3	-21.4	-6.6	
-114.8	30.3	-33.7	-4.1	
-109.9	27.8	-23.8	0.8	
-92.7	18.0	-18.9	20.5	
-112.4	35.2	-21.4	-11.5	
-127.1	57.4	-31.2	-23.8	
-119.8	62.3	-31.2	-6.6	
-80.4	50.0	-16.4	-18.9	
-77.9	27.8	-21.4	-14.0	
-90.2	25.4	-21.4	-16.4	
-92.7	8.2	-31.2	-14.0	
-73.0	-11.5	-23.8	8.2	
-53.3	-1.7	-23.8	-1.7	
-82.9	15.5	-18.9	3.2	
-119.8	18.0	-26.3	-23.8	
-166.5	18.0	-28.7	0.8	
-228.0	22.9	-23.8	18.0	
-230.5	27.8	-23.8	-41.0	
-232.9	25.4	-18.9	-80.4	
-252.6	13.1	-14.0	-11.5	
-242.8	30.3	-14.0	-18.9	
-230.5	32.8	-14.0	-48.4	
-198.5	30.3	-28.7	-4.1	
-159.1	18.0	-14.0	8.2	
-112.4	30.3	-26.3	-18.9	
-77.9	27.8	-18.9	-41.0	
-48.4	25.4	-18.9	-48.4	
-48.4	35.2	-11.5	-21.4	
-53.3	42.6	-11.5	-11.5	
-43.5	35.2	-1.7	-26.3	
-4.1	27.8	3.2	-23.8	
77.0	25.4	0.8	-23.8	
143.5	35.2	-9.1	-23.8	
160.7	20.5	-9.1	-16.4	
150.8	25.4	-1.7	-28.7	
109.0	30.3	0.8	-33.7	
86.9	25.4	0.8	-9.1	
22.9	25.4	-6.6	-4.1	
-41.0	25.4	-11.5	-26.3	
-127.1	27.8	0.8	-63.2	
-178.8	35.2	5.7	-18.9	
-159.1	42.6	3.2	-14.0	
-87.8	62.3	0.8	-11.5	
-75.5	30.3	5.7	-14.0	
-77.9	37.7	8.2	-14.0	
-161.6	13.1	5.7	-6.6	
-134.5	30.3	3.2	-14.0	
-50.9	45.1	13.1	-21.4	
3.2	32.8	10.6	-16.4	
32.8	30.3	13.1	-16.4	
35.2	32.8	8.2	-21.4	
35.2	18.0	22.9	-38.6	
77.0	35.2	20.5	-14.0	
104.1	27.8	30.3	-21.4	
163.1	42.6	22.9	-14.0	
212.3	40.1	25.4	-41.0	
209.9	37.7	32.8	-26.3	
192.7	40.1	22.9	-4.1	
182.8	35.2	8.2	0.8	
195.1	25.4	5.7	-14.0	
192.7	27.8	13.1	-31.2	
141.0	27.8	25.4	-16.4	
116.4	47.5	25.4	-11.5	
96.7	62.3	27.8	-9.1	
72.1	42.6	15.5	-14.0	
42.6	37.7	27.8	-28.7	
18.0	50.0	20.5	-21.4	
22.9	27.8	22.9	-1.7	
15.5	20.5	22.9	20.5	
45.1	10.6	15.5	10.6	
37.7	18.0	25.4	-9.1	
18.0	-1.7	15.5	3.2	
-14.0	-11.5	25.4	5.7	
-23.8	18.0	25.4	3.2	
-36.1	42.6	10.6	-23.8	
-46.0	45.1	10.6	0.8	
-36.1	37.7	10.6	27.8	
-31.2	42.6	13.1	32.8	
-31.2	22.9	10.6	-4.1	
-18.9	32.8	13.1	0.8	
-18.9	32.8	20.5	0.8	
-21.4	32.8	8.2	0.8	
-14.0	22.9	5.7	-4.1	
-6.6	20.5	13.1	-1.7	
-18.9	18.0	18.0	-11.5	
-14.0	42.6	-1.7	3.2	
-18.9	59.8	-4.1	-4.1	
-14.0	54.9	3.2	-11.5	
-4.1	40.1	0.8	-11.5	
-6.6	35.2	-1.7	-6.6	
0.8	27.8	0.8	-4.1	
5.7	25.4	-1.7	-4.1	
-1.7	37.7	10.6	0.8	
3.2	27.8	0.8	-11.5	
5.7	32.8	-9.1	0.8	
10.6	20.5	3.2	-4.1	
20.5	30.3	3.2	0.8	
50.0	27.8	-9.1	3.2	
57.4	40.1	-9.1	-11.5	
72.1	40.1	-4.1	3.2	
64.7	37.7	-6.6	-4.1	
69.7	64.7	-4.1	-16.4	
77.0	25.4	-9.1	-14.0	
128.7	30.3	-11.5	0.8	
141.0	15.5	-9.1	-1.7	
148.4	-6.6	-18.9	-4.1	
131.2	-38.6	-23.8	-9.1	
128.7	-14.0	-21.4	-9.1	
109.0	20.5	-11.5	-9.1	
72.1	47.5	-23.8	5.7	
45.1	22.9	-14.0	-9.1	
-21.4	15.5	-18.9	-1.7	
-85.3	37.7	-23.8	-9.1	
-112.4	52.4	-26.3	5.7	
-124.7	-4.1	-23.8	3.2	
-100.1	-14.0	-23.8	5.7	
-90.2	0.8	-11.5	3.2	
-87.8	22.9	-21.4	-6.6	
-95.2	37.7	-9.1	-6.6	
-16.4	52.4	-26.3	-9.1	
79.5	47.5	-18.9	0.8	
145.9	42.6	-11.5	-4.1	
180.4	25.4	-23.8	-11.5	
163.1	5.7	-23.8	-36.1	
145.9	5.7	-14.0	-14.0	
106.6	30.3	-16.4	-16.4	
52.4	54.9	-28.7	0.8	
15.5	32.8	-28.7	-16.4	
-60.7	30.3	-16.4	10.6	
-117.3	22.9	-16.4	15.5	
-139.4	-21.4	-9.1	8.2	
-139.4	-23.8	-21.4	-14.0	
-33.7	-6.6	-6.6	0.8	
94.3	5.7	-11.5	-33.7	
155.8	5.7	-11.5	3.2	
170.5	18.0	0.8	3.2	
148.4	25.4	-9.1	13.1	
99.2	25.4	-4.1	-23.8	
64.7	18.0	-9.1	-55.8	
52.4	22.9	-9.1	-58.3	
-4.1	22.9	-4.1	-80.4	
-68.1	25.4	-9.1	-14.0	
-92.7	18.0	-14.0	64.7	
-73.0	20.5	-14.0	50.0	
-97.6	18.0	-11.5	13.1	
-117.3	25.4	-11.5	-46.0	
-117.3	37.7	-14.0	-31.2	
-85.3	54.9	-6.6	13.1	
-60.7	69.7	-1.7	0.8	
-31.2	40.1	-9.1	-21.4	
-21.4	25.4	-11.5	-41.0	
-28.7	69.7	-6.6	-14.0	
-14.0	104.1	-18.9	0.8	
3.2	89.3	-14.0	-28.7	
22.9	15.5	-16.4	-21.4	
25.4	-33.7	-21.4	-23.8	
15.5	-16.4	-16.4	-1.7	
5.7	-11.5	-18.9	-6.6	
-26.3	3.2	-4.1	0.8	
-31.2	-6.6	-9.1	-1.7	
-31.2	-41.0	-11.5	-50.9	
-48.4	-38.6	-11.5	-36.1	
-33.7	-33.7	-18.9	-9.1	
-41.0	-28.7	-11.5	-18.9	
-53.3	15.5	-1.7	-16.4	
-31.2	25.4	-9.1	-31.2	
-21.4	30.3	-6.6	-11.5	
-23.8	25.4	-11.5	8.2	
-31.2	15.5	-11.5	-1.7	
-50.9	10.6	-6.6	3.2	
-58.3	-1.7	-9.1	-4.1	
-63.2	0.8	-11.5	-16.4	
-60.7	0.8	-9.1	-14.0	
-41.0	30.3	-16.4	-6.6	
-41.0	59.8	-4.1	-4.1	
-28.7	52.4	-14.0	-16.4	
-21.4	40.1	0.8	-14.0	
-9.1	25.4	-14.0	-1.7	
-4.1	5.7	-4.1	5.7	
0.8	27.8	-6.6	0.8	
22.9	35.2	-1.7	-11.5	
18.0	15.5	0.8	-4.1	
27.8	37.7	-4.1	5.7	
27.8	18.0	3.2	22.9	
32.8	5.7	-11.5	10.6	
30.3	-9.1	-4.1	-4.1	
35.2	0.8	-9.1	20.5	
47.5	13.1	3.2	15.5	
42.6	32.8	-4.1	5.7	
30.3	54.9	-14.0	5.7	
35.2	59.8	0.8	25.4	
42.6	64.7	-1.7	0.8	
35.2	62.3	-4.1	10.6	
40.1	84.4	-1.7	20.5	
37.7	50.0	-4.1	20.5	
42.6	40.1	-4.1	37.7	
42.6	69.7	0.8	22.9	
40.1	62.3	-1.7	18.0	
27.8	42.6	-11.5	13.1	
27.8	32.8	3.2	15.5	
32.8	8.2	-1.7	-9.1	
15.5	18.0	-4.1	-26.3	
13.1	40.1	5.7	-4.1	
8.2	27.8	-9.1	22.9	
-1.7	20.5	0.8	47.5	
15.5	13.1	-1.7	52.4	
25.4	-11.5	0.8	52.4	
27.8	0.8	8.2	-1.7	
20.5	10.6	8.2	-53.3	
20.5	20.5	13.1	-23.8	
15.5	22.9	15.5	5.7	
32.8	27.8	25.4	-4.1	
37.7	30.3	18.0	10.6	
35.2	32.8	10.6	13.1	
30.3	45.1	18.0	15.5	
30.3	35.2	27.8	20.5	
67.2	25.4	15.5	25.4	
94.3	40.1	22.9	13.1	
118.9	20.5	22.9	8.2	
177.9	35.2	18.0	-6.6	
254.2	25.4	18.0	-16.4	
318.1	18.0	8.2	-6.6	
283.7	27.8	3.2	-28.7	
197.6	25.4	-1.7	-28.7	
111.5	25.4	0.8	67.2	
-21.4	32.8	-4.1	109.0	
-208.3	35.2	-14.0	50.0	
-343.6	27.8	-9.1	42.6	
-442.0	37.7	-23.8	45.1	
-464.2	32.8	-6.6	35.2	
-415.0	18.0	-16.4	50.0	
-284.6	25.4	-16.4	37.7	
-151.7	27.8	-23.8	15.5	
-107.5	22.9	-26.3	8.2	
-53.3	25.4	-36.1	-28.7	
27.8	22.9	-31.2	-28.7	
99.2	27.8	-33.7	-26.3	
170.5	40.1	-41.0	-14.0	
212.3	35.2	-26.3	-18.9	
177.9	27.8	-33.7	94.3	
177.9	18.0	-21.4	82.0	
175.4	37.7	-31.2	42.6	
101.6	42.6	-23.8	5.7	
-23.8	40.1	-21.4	-4.1	
-132.1	35.2	-18.9	-11.5	
-141.9	10.6	-28.7	-1.7	
-85.3	15.5	-18.9	13.1	
-28.7	35.2	-16.4	25.4	
15.5	50.0	-4.1	32.8	
42.6	40.1	-16.4	32.8	
59.8	22.9	-23.8	35.2	
89.3	32.8	-16.4	52.4	
123.8	27.8	-6.6	15.5	
126.2	42.6	-11.5	-48.4	
118.9	47.5	-16.4	-48.4	
118.9	45.1	-14.0	-18.9	
101.6	42.6	-21.4	-6.6	
131.2	62.3	-16.4	0.8	
131.2	69.7	-14.0	96.7	
118.9	72.1	-26.3	67.2	
101.6	35.2	-16.4	8.2	
86.9	3.2	-14.0	0.8	
77.0	0.8	-16.4	5.7	
67.2	13.1	-18.9	5.7	
77.0	10.6	-21.4	62.3	
57.4	-6.6	-21.4	94.3	
45.1	18.0	-16.4	52.4	
54.9	37.7	-21.4	35.2	
57.4	45.1	-16.4	30.3	
62.3	37.7	-23.8	27.8	
72.1	37.7	-21.4	27.8	
67.2	47.5	-18.9	27.8	
59.8	54.9	-14.0	22.9	
62.3	47.5	-11.5	27.8	
59.8	32.8	-6.6	25.4	
45.1	5.7	3.2	20.5	
59.8	-1.7	-4.1	15.5	
64.7	-1.7	-4.1	25.4	
82.0	10.6	-4.1	40.1	
77.0	5.7	-9.1	30.3	
54.9	10.6	-14.0	-6.6	
50.0	-1.7	-6.6	-1.7	
54.9	20.5	-6.6	5.7	
52.4	18.0	-1.7	25.4	
47.5	27.8	-4.1	13.1	
32.8	32.8	-14.0	-1.7	
37.7	25.4	-14.0	-1.7	
32.8	20.5	-14.0	5.7	
47.5	25.4	-14.0	8.2	
42.6	22.9	-1.7	-9.1	
40.1	18.0	-21.4	0.8	
47.5	32.8	-9.1	32.8	
40.1	27.8	-23.8	25.4	
37.7	27.8	-16.4	22.9	
52.4	30.3	-31.2	18.0	
32.8	30.3	-21.4	18.0	
37.7	30.3	-31.2	52.4	
30.3	30.3	-36.1	52.4	
22.9	22.9	-36.1	35.2	
35.2	27.8	-43.5	37.7	
22.9	30.3	-43.5	8.2	
32.8	27.8	-38.6	-16.4	
37.7	20.5	-33.7	37.7	
25.4	18.0	-46.0	32.8	
25.4	15.5	-55.8	-28.7	
27.8	18.0	-50.9	-31.2	
20.5	20.5	-48.4	10.6	
22.9	8.2	-48.4	57.4	
10.6	27.8	-53.3	25.4	
18.0	57.4	-60.7	-14.0	
8.2	57.4	-58.3	3.2	
13.1	45.1	-50.9	-16.4	
35.2	89.3	-53.3	0.8	
42.6	116.4	-50.9	-18.9	
42.6	69.7	-43.5	-14.0	
59.8	59.8	-38.6	-1.7	
94.3	74.6	-43.5	5.7	
123.8	72.1	-38.6	20.5	
143.5	91.8	-36.1	3.2	
116.4	74.6	-48.4	-4.1	
104.1	3.2	-36.1	22.9	
96.7	-11.5	-18.9	5.7	
84.4	-1.7	-28.7	-4.1	
27.8	-9.1	-23.8	-4.1	
-33.7	-4.1	-31.2	0.8	
-97.6	-16.4	-21.4	0.8	
-112.4	-9.1	-16.4	-6.6	
-112.4	0.8	-16.4	-6.6	
-65.6	3.2	-9.1	-9.1	
-55.8	18.0	-4.1	-16.4	
-23.8	40.1	-6.6	-9.1	
-11.5	59.8	-4.1	-18.9	
-9.1	67.2	-1.7	-11.5	
-1.7	35.2	0.8	-11.5	
-21.4	35.2	13.1	-18.9	
-36.1	30.3	22.9	-36.1	
-53.3	27.8	25.4	-43.5	
-77.9	32.8	10.6	-31.2	
-77.9	35.2	-1.7	-26.3	
-53.3	18.0	20.5	-31.2	
-21.4	25.4	25.4	-41.0	
5.7	35.2	22.9	-31.2	
5.7	40.1	27.8	-38.6	
27.8	27.8	22.9	-36.1	
8.2	32.8	13.1	-31.2	
-23.8	35.2	25.4	-36.1	
10.6	45.1	27.8	-28.7	
99.2	40.1	25.4	-41.0	
192.7	42.6	30.3	-48.4	
214.8	42.6	30.3	-46.0	
190.2	37.7	37.7	-36.1	
141.0	42.6	27.8	-41.0	
104.1	37.7	27.8	-33.7	
42.6	50.0	42.6	-31.2	
-48.4	40.1	25.4	-26.3	
-186.2	40.1	30.3	-31.2	
-294.4	40.1	27.8	-28.7	
-274.7	37.7	27.8	-38.6	
-176.3	50.0	32.8	-38.6	
-58.3	50.0	37.7	-26.3	
-16.4	50.0	30.3	-50.9	
42.6	54.9	20.5	-28.7	
91.8	47.5	27.8	-33.7	
111.5	57.4	37.7	-23.8	
86.9	45.1	27.8	-23.8	
54.9	50.0	27.8	-28.7	
18.0	37.7	25.4	-16.4	
-38.6	57.4	32.8	-18.9	
-75.5	50.0	3.2	-16.4	
-53.3	47.5	0.8	-16.4	
-21.4	47.5	13.1	-26.3	
0.8	40.1	8.2	-28.7	
32.8	47.5	10.6	-16.4	
18.0	45.1	10.6	-26.3	
30.3	52.4	18.0	-14.0	
32.8	50.0	13.1	-18.9	
30.3	50.0	18.0	-16.4	
27.8	57.4	3.2	-14.0	
18.0	52.4	3.2	-4.1	
15.5	45.1	8.2	-4.1	
10.6	47.5	13.1	-9.1	
-11.5	47.5	5.7	-21.4	
-9.1	52.4	10.6	-6.6	
8.2	50.0	5.7	-1.7	
22.9	54.9	-1.7	13.1	
22.9	57.4	3.2	18.0	
45.1	54.9	-1.7	5.7	
40.1	67.2	5.7	8.2	
35.2	67.2	5.7	8.2	
37.7	62.3	15.5	-6.6	
35.2	57.4	8.2	20.5	
32.8	64.7	10.6	32.8	
47.5	59.8	0.8	15.5	
47.5	62.3	3.2	-1.7	
47.5	64.7	-9.1	-26.3	
42.6	72.1	10.6	3.2	
40.1	72.1	8.2	22.9	
42.6	62.3	0.8	25.4	
57.4	67.2	3.2	20.5	
59.8	69.7	15.5	-21.4	
79.5	74.6	8.2	-11.5	
77.0	74.6	18.0	-16.4	
91.8	84.4	18.0	-11.5	
86.9	72.1	8.2	15.5	
89.3	82.0	8.2	47.5	
67.2	89.3	8.2	18.0	
54.9	82.0	3.2	0.8	
8.2	84.4	13.1	22.9	
-43.5	94.3	10.6	37.7	
-60.7	104.1	8.2	37.7	
-80.4	106.6	13.1	15.5	
-68.1	113.9	15.5	-1.7	
-28.7	123.8	8.2	5.7	
-28.7	111.5	0.8	45.1	
-38.6	101.6	8.2	45.1	
-33.7	91.8	8.2	45.1	
-11.5	94.3	-9.1	-4.1	
-1.7	96.7	-1.7	-14.0	
10.6	99.2	-4.1	0.8	
3.2	94.3	-1.7	-1.7	
3.2	96.7	-4.1	-14.0	
10.6	86.9	5.7	-1.7	
20.5	69.7	-1.7	18.0	
18.0	77.0	3.2	30.3	
20.5	52.4	-4.1	5.7	
40.1	69.7	-1.7	-18.9	
45.1	69.7	10.6	13.1	
64.7	82.0	5.7	5.7	
62.3	72.1	-6.6	-31.2	
52.4	52.4	8.2	-16.4	
50.0	27.8	10.6	-6.6	
57.4	3.2	5.7	3.2	
74.6	-4.1	3.2	10.6	
126.2	13.1	0.8	8.2	
158.2	3.2	15.5	20.5	
145.9	-38.6	22.9	13.1	
133.6	-55.8	5.7	-14.0	
74.6	-73.0	20.5	-4.1	
32.8	-90.2	20.5	5.7	
-36.1	-122.2	18.0	-1.7	
-92.7	-156.7	22.9	-4.1	
-122.2	-198.5	15.5	-1.7	
-146.8	-178.8	15.5	3.2	
-149.3	-176.3	13.1	-1.7	
-107.5	-196.0	20.5	8.2	
-18.9	-230.5	25.4	5.7	
52.4	-274.7	22.9	3.2	
91.8	-277.2	27.8	-4.1	
72.1	-289.5	22.9	0.8	
64.7	-282.1	35.2	-1.7	
30.3	-269.8	40.1	8.2	
-36.1	-257.5	37.7	8.2	
-122.2	-252.6	35.2	-6.6	
-176.3	-250.1	40.1	-14.0	
-169.0	-225.5	30.3	-4.1	
-129.6	-213.2	42.6	-4.1	
-85.3	-193.6	35.2	5.7	
-33.7	-156.7	37.7	5.7	
8.2	-137.0	35.2	-9.1	
37.7	-139.4	42.6	-6.6	
30.3	-124.7	35.2	-1.7	
13.1	-109.9	27.8	-1.7	
-4.1	-105.0	25.4	-9.1	
-53.3	-92.7	35.2	-14.0	
-100.1	-70.6	37.7	-6.6	
-107.5	-53.3	40.1	-9.1	
-73.0	-41.0	42.6	-9.1	
-14.0	-26.3	37.7	-9.1	
13.1	-6.6	35.2	-6.6	
42.6	25.4	35.2	-14.0	
67.2	18.0	35.2	-9.1	
69.7	30.3	40.1	-9.1	
54.9	25.4	35.2	-11.5	
35.2	30.3	32.8	-14.0	
32.8	27.8	32.8	13.1	
32.8	30.3	37.7	-1.7	
42.6	13.1	32.8	10.6	
50.0	22.9	35.2	-6.6	
67.2	22.9	18.0	-33.7	
52.4	10.6	22.9	-23.8	
52.4	3.2	30.3	-4.1	
40.1	-1.7	32.8	-9.1	
22.9	5.7	13.1	-11.5	
18.0	3.2	8.2	-28.7	
3.2	-1.7	18.0	-38.6	
-4.1	-1.7	13.1	-38.6	
-11.5	0.8	13.1	-38.6	
-14.0	-1.7	13.1	-41.0	
-14.0	-6.6	5.7	-16.4	
3.2	-18.9	5.7	59.8	
18.0	-16.4	8.2	67.2	
20.5	-21.4	0.8	25.4	
47.5	-31.2	8.2	3.2	
45.1	-41.0	-1.7	5.7	
57.4	-43.5	10.6	-1.7	
50.0	-38.6	3.2	8.2	
59.8	-63.2	0.8	-4.1	
50.0	-53.3	3.2	-9.1	
30.3	-58.3	3.2	-6.6	
18.0	-50.9	10.6	-14.0	
15.5	-50.9	-1.7	-11.5	
18.0	-31.2	8.2	-4.1	
10.6	-36.1	-1.7	-4.1	
5.7	-9.1	-16.4	0.8	
-4.1	-4.1	0.8	-6.6	
-23.8	-1.7	-1.7	15.5	
-28.7	22.9	0.8	-14.0	
-26.3	37.7	-9.1	-23.8	
-14.0	40.1	0.8	0.8	
18.0	47.5	-1.7	-1.7	
57.4	54.9	-4.1	-6.6	
84.4	47.5	5.7	13.1	
113.9	57.4	-11.5	0.8	
136.1	67.2	-16.4	0.8	
136.1	59.8	-9.1	-6.6	
126.2	64.7	-18.9	-41.0	
106.6	79.5	-16.4	8.2	
91.8	74.6	-16.4	5.7	
47.5	79.5	-14.0	-6.6	
-16.4	86.9	-28.7	-9.1	
-82.9	79.5	-28.7	-4.1	
-137.0	99.2	-21.4	-23.8	
-146.8	96.7	-28.7	-11.5	
-137.0	106.6	-33.7	-1.7	
-134.5	111.5	-23.8	15.5	
-149.3	96.7	-18.9	-36.1	
-117.3	86.9	-23.8	-38.6	
-75.5	79.5	-26.3	-33.7	
-38.6	84.4	-31.2	5.7	
5.7	74.6	-26.3	0.8	
20.5	74.6	-14.0	-21.4	
35.2	72.1	-16.4	-1.7	
13.1	74.6	-28.7	10.6	
15.5	77.0	-28.7	3.2	
13.1	89.3	-23.8	8.2	
22.9	94.3	-26.3	8.2	
30.3	89.3	-18.9	5.7	
25.4	104.1	-21.4	27.8	
5.7	91.8	-31.2	27.8	
-1.7	94.3	-26.3	18.0	
20.5	109.0	-21.4	0.8	
47.5	126.2	-28.7	27.8	
91.8	99.2	-23.8	32.8	
153.3	113.9	-36.1	-1.7	
165.6	126.2	-21.4	15.5	
173.0	89.3	-33.7	22.9	
185.3	89.3	-26.3	10.6	
195.1	32.8	-28.7	-1.7	
143.5	27.8	-26.3	20.5	
77.0	45.1	-36.1	37.7	
5.7	82.0	-33.7	10.6	
-100.1	86.9	-33.7	-11.5	
-198.5	99.2	-14.0	25.4	
-223.1	101.6	-28.7	30.3	
-228.0	116.4	-18.9	22.9	
-213.2	82.0	-11.5	5.7	
-171.4	84.4	-26.3	3.2	
-109.9	74.6	-11.5	-9.1	
-77.9	77.0	-23.8	3.2	
-23.8	86.9	-23.8	13.1	
22.9	82.0	-11.5	13.1	
54.9	82.0	-16.4	32.8	
84.4	77.0	-16.4	27.8	
72.1	77.0	-16.4	10.6	
74.6	74.6	-23.8	0.8	
69.7	69.7	-16.4	8.2	
77.0	77.0	-4.1	22.9	
57.4	82.0	0.8	30.3	
35.2	67.2	-1.7	25.4	
8.2	59.8	-11.5	20.5	
-14.0	54.9	-4.1	-14.0	
-26.3	57.4	-4.1	-4.1	
-26.3	67.2	-1.7	8.2	
-28.7	72.1	-1.7	20.5	
-31.2	72.1	8.2	20.5	
-26.3	67.2	0.8	3.2	
-11.5	64.7	10.6	5.7	
5.7	69.7	3.2	8.2	
20.5	77.0	5.7	-4.1	
40.1	72.1	5.7	3.2	
62.3	69.7	3.2	15.5	
84.4	79.5	15.5	5.7	
106.6	77.0	10.6	-16.4	
89.3	72.1	8.2	-4.1	
79.5	89.3	13.1	15.5	
72.1	82.0	15.5	27.8	
57.4	77.0	15.5	20.5	
52.4	69.7	13.1	-14.0	
25.4	59.8	20.5	-4.1	
22.9	72.1	15.5	-21.4	
13.1	62.3	18.0	-28.7	
22.9	72.1	25.4	-21.4	
15.5	72.1	13.1	-36.1	
13.1	74.6	22.9	-28.7	
18.0	57.4	18.0	-16.4	
10.6	57.4	22.9	27.8	
15.5	64.7	27.8	82.0	
42.6	45.1	40.1	52.4	
67.2	57.4	25.4	8.2	
96.7	35.2	30.3	0.8	
121.3	32.8	27.8	10.6	
123.8	5.7	35.2	8.2	
109.0	-6.6	18.0	22.9	
126.2	-9.1	30.3	8.2	
163.1	-9.1	20.5	-23.8	
143.5	5.7	27.8	-4.1	
72.1	-4.1	30.3	-1.7	
20.5	-1.7	15.5	-14.0	
-23.8	3.2	25.4	-11.5	
-26.3	-9.1	32.8	8.2	
-53.3	-6.6	35.2	-1.7	
-75.5	-6.6	37.7	-14.0	
-102.5	-4.1	27.8	0.8	
-173.9	8.2	32.8	-11.5	
-196.0	-4.1	35.2	-9.1	
-178.8	5.7	22.9	-9.1	
-134.5	10.6	32.8	-31.2	
-102.5	0.8	22.9	-11.5	
-68.1	0.8	32.8	-1.7	
-48.4	8.2	25.4	8.2	
-41.0	13.1	30.3	15.5	
-23.8	27.8	22.9	35.2	
-26.3	30.3	22.9	20.5	
-11.5	30.3	30.3	8.2	
-11.5	40.1	37.7	-87.8	
15.5	37.7	27.8	-82.9	
30.3	42.6	18.0	-38.6	
35.2	32.8	37.7	-33.7	
30.3	22.9	22.9	-28.7	
40.1	30.3	25.4	91.8	
42.6	32.8	22.9	57.4	
37.7	22.9	15.5	-16.4	
35.2	30.3	27.8	-18.9	
40.1	22.9	22.9	13.1	
47.5	27.8	22.9	5.7	
40.1	22.9	18.0	-1.7	
40.1	20.5	10.6	10.6	
37.7	20.5	22.9	25.4	
37.7	27.8	15.5	5.7	
37.7	45.1	20.5	-6.6	
32.8	45.1	15.5	-23.8	
47.5	27.8	10.6	-43.5	
40.1	32.8	15.5	8.2	
50.0	32.8	13.1	27.8	
42.6	20.5	0.8	27.8	
45.1	20.5	0.8	8.2	
72.1	32.8	5.7	-6.6	
101.6	30.3	5.7	-9.1	
148.4	20.5	3.2	-6.6	
187.7	25.4	0.8	-9.1	
212.3	22.9	-9.1	3.2	
200.0	25.4	10.6	-11.5	
175.4	22.9	-4.1	-9.1	
158.2	25.4	-1.7	8.2	
86.9	25.4	3.2	3.2	
0.8	35.2	-1.7	10.6	
-48.4	30.3	-9.1	18.0	
-60.7	20.5	-4.1	-11.5	
-109.9	30.3	-4.1	-41.0	
-100.1	25.4	-11.5	0.8	
-112.4	22.9	5.7	8.2	
-134.5	18.0	-11.5	-6.6	
-144.4	22.9	0.8	13.1	
-149.3	30.3	-9.1	30.3	
-178.8	25.4	-11.5	8.2	
-164.0	22.9	3.2	-1.7	
-141.9	18.0	-6.6	3.2	
-82.9	18.0	-6.6	13.1	
-43.5	13.1	-11.5	20.5	
-38.6	15.5	-6.6	20.5	
-31.2	15.5	-23.8	-1.7	
-6.6	22.9	-9.1	8.2	
13.1	20.5	-21.4	-1.7	
32.8	20.5	-9.1	-1.7	
62.3	32.8	-4.1	5.7	
94.3	30.3	-21.4	32.8	
111.5	32.8	-14.0	27.8	
96.7	25.4	-14.0	-21.4	
84.4	40.1	-21.4	3.2	
67.2	37.7	-21.4	-6.6	
54.9	35.2	-16.4	-41.0	
30.3	35.2	-23.8	-38.6	
18.0	27.8	-16.4	-21.4	
25.4	37.7	-23.8	-14.0	
47.5	40.1	-23.8	-21.4	
101.6	37.7	-21.4	64.7	
123.8	22.9	-11.5	89.3	
143.5	18.0	-21.4	52.4	
141.0	22.9	-14.0	-1.7	
91.8	0.8	-16.4	8.2	
50.0	10.6	-23.8	0.8	
-4.1	32.8	-14.0	0.8	
-46.0	40.1	-18.9	-1.7	
-50.9	35.2	-16.4	18.0	
-77.9	42.6	-9.1	-1.7	
-95.2	5.7	-14.0	-4.1	
-82.9	13.1	-18.9	3.2	
-48.4	35.2	-6.6	15.5	
20.5	45.1	-14.0	5.7	
57.4	77.0	-9.1	18.0	
52.4	45.1	-11.5	8.2	
37.7	-4.1	-11.5	-1.7	
8.2	-11.5	-9.1	32.8	
-21.4	5.7	-9.1	22.9	
-36.1	5.7	-14.0	-14.0	
-41.0	25.4	-9.1	-16.4	
-43.5	30.3	-9.1	0.8	
-33.7	25.4	-18.9	-11.5	
-21.4	20.5	-14.0	-4.1	
-1.7	30.3	-14.0	-9.1	
5.7	30.3	-16.4	8.2	
-1.7	27.8	-6.6	15.5	
5.7	22.9	-14.0	10.6	
5.7	22.9	-16.4	-1.7	
18.0	18.0	-4.1	-21.4	
22.9	22.9	-4.1	5.7	
37.7	20.5	-9.1	27.8	
35.2	22.9	-4.1	27.8	
32.8	18.0	-1.7	13.1	
25.4	18.0	0.8	20.5	
25.4	8.2	-4.1	0.8	
30.3	32.8	-11.5	-4.1	
25.4	57.4	-16.4	-4.1	
25.4	64.7	-9.1	-6.6	
27.8	57.4	-9.1	-1.7	
45.1	45.1	-9.1	-4.1	
74.6	42.6	3.2	22.9	
101.6	47.5	-4.1	18.0	
116.4	42.6	-4.1	-1.7	
94.3	25.4	-1.7	-9.1	
113.9	30.3	0.8	8.2	
106.6	32.8	-6.6	-9.1	
99.2	37.7	-4.1	-23.8	
54.9	35.2	-1.7	22.9	
10.6	50.0	-4.1	27.8	
-33.7	42.6	-4.1	-1.7	
-80.4	30.3	13.1	13.1	
-100.1	35.2	8.2	-4.1	
-95.2	30.3	-1.7	5.7	
-102.5	37.7	-9.1	22.9	
-77.9	35.2	5.7	-16.4	
-41.0	30.3	3.2	-6.6	
8.2	27.8	0.8	-11.5	
37.7	27.8	5.7	13.1	
59.8	35.2	0.8	25.4	
57.4	25.4	0.8	-9.1	
40.1	35.2	3.2	3.2	
30.3	40.1	5.7	10.6	
3.2	37.7	5.7	22.9	
-9.1	30.3	0.8	37.7	
-14.0	32.8	-6.6	22.9	
20.5	25.4	8.2	18.0	
35.2	37.7	20.5	10.6	
47.5	35.2	18.0	13.1	
52.4	30.3	13.1	-16.4	
67.2	37.7	5.7	-18.9	
69.7	32.8	8.2	10.6	
64.7	30.3	5.7	-4.1	
62.3	40.1	10.6	0.8	
37.7	40.1	8.2	20.5	
-6.6	40.1	8.2	8.2	
3.2	32.8	8.2	-31.2	
22.9	35.2	10.6	-1.7	
5.7	37.7	8.2	15.5	
-11.5	42.6	8.2	-1.7	
-31.2	27.8	3.2	-6.6	
-41.0	30.3	-1.7	-23.8	
-46.0	22.9	10.6	-9.1	
-36.1	20.5	3.2	0.8	
25.4	32.8	15.5	13.1	
67.2	25.4	18.0	8.2	
79.5	27.8	13.1	-9.1	
91.8	18.0	18.0	0.8	
67.2	30.3	20.5	5.7	
32.8	40.1	10.6	8.2	
8.2	50.0	8.2	30.3	
-23.8	47.5	8.2	15.5	
-92.7	37.7	5.7	5.7	
-132.1	35.2	10.6	13.1	
-129.6	37.7	8.2	-11.5	
-107.5	35.2	8.2	-53.3	
-75.5	30.3	5.7	-16.4	
-65.6	37.7	5.7	13.1	
-48.4	25.4	3.2	15.5	
-43.5	20.5	10.6	8.2	
-26.3	27.8	0.8	-6.6	
8.2	37.7	13.1	-1.7	
20.5	32.8	20.5	-6.6	
25.4	20.5	18.0	-21.4	
20.5	27.8	5.7	-6.6	
42.6	37.7	10.6	-11.5	
59.8	40.1	20.5	5.7	
94.3	20.5	18.0	3.2	
104.1	32.8	18.0	-14.0	
111.5	18.0	18.0	-9.1	
111.5	20.5	8.2	3.2	
82.0	22.9	3.2	18.0	
25.4	18.0	5.7	20.5	
5.7	20.5	5.7	0.8	
15.5	27.8	3.2	-26.3	
22.9	10.6	3.2	0.8	
15.5	18.0	10.6	13.1	
-16.4	32.8	18.0	-1.7	
-26.3	35.2	18.0	-9.1	
-14.0	42.6	5.7	-6.6	
-11.5	27.8	3.2	-16.4	
-9.1	37.7	3.2	13.1	
0.8	37.7	15.5	20.5	
40.1	32.8	15.5	27.8	
25.4	35.2	15.5	8.2	
27.8	27.8	3.2	3.2	
25.4	20.5	25.4	-6.6	
32.8	27.8	15.5	-48.4	
45.1	30.3	18.0	-43.5	
45.1	25.4	15.5	-18.9	
8.2	22.9	10.6	-26.3	
-11.5	30.3	15.5	-18.9	
-11.5	25.4	25.4	50.0	
-18.9	32.8	15.5	57.4	
-26.3	32.8	18.0	45.1	
-4.1	42.6	13.1	10.6	
35.2	27.8	13.1	27.8	
52.4	32.8	5.7	37.7	
50.0	27.8	8.2	15.5	
52.4	25.4	-4.1	-16.4	
50.0	22.9	8.2	-1.7	
37.7	35.2	10.6	13.1	
5.7	30.3	8.2	30.3	
-26.3	27.8	10.6	27.8	
-41.0	22.9	3.2	8.2	
-46.0	22.9	8.2	8.2	
-43.5	25.4	5.7	-4.1	
-4.1	35.2	10.6	-16.4	
54.9	22.9	10.6	-16.4	
113.9	37.7	8.2	5.7	
148.4	40.1	13.1	3.2	
148.4	30.3	10.6	0.8	
126.2	27.8	15.5	0.8	
91.8	32.8	8.2	8.2	
35.2	40.1	3.2	8.2	
-6.6	42.6	-1.7	-1.7	
-50.9	42.6	-4.1	-9.1	
-124.7	32.8	10.6	0.8	
-208.3	0.8	-4.1	15.5	
-193.6	8.2	5.7	18.0	
-124.7	22.9	13.1	10.6	
-87.8	37.7	13.1	5.7	
-43.5	54.9	10.6	-1.7	
0.8	35.2	5.7	5.7	
30.3	22.9	8.2	8.2	
42.6	35.2	5.7	22.9	
32.8	22.9	18.0	35.2	
35.2	30.3	20.5	13.1	
18.0	27.8	15.5	15.5	
-1.7	25.4	20.5	0.8	
-9.1	32.8	15.5	22.9	
-1.7	37.7	15.5	0.8	
27.8	37.7	22.9	0.8	
52.4	32.8	15.5	3.2	
64.7	32.8	25.4	30.3	
74.6	32.8	18.0	20.5	
113.9	10.6	22.9	5.7	
109.0	5.7	22.9	-21.4	
77.0	13.1	35.2	-33.7	
50.0	35.2	15.5	5.7	
25.4	27.8	30.3	25.4	
5.7	18.0	30.3	27.8	
5.7	27.8	20.5	18.0	
10.6	22.9	18.0	25.4	
10.6	50.0	37.7	13.1	
-1.7	40.1	25.4	15.5	
13.1	50.0	25.4	3.2	
32.8	40.1	25.4	10.6	
54.9	57.4	32.8	0.8	
64.7	50.0	27.8	8.2	
89.3	47.5	30.3	-1.7	
82.0	42.6	32.8	10.6	
99.2	30.3	22.9	-4.1	
99.2	20.5	15.5	0.8	
69.7	35.2	30.3	8.2	
42.6	37.7	30.3	8.2	
-6.6	32.8	37.7	10.6	
-53.3	27.8	22.9	10.6	
-80.4	32.8	25.4	45.1	
-68.1	22.9	25.4	-1.7	
-48.4	22.9	27.8	-36.1	
-16.4	20.5	20.5	-9.1	
15.5	35.2	20.5	40.1	
64.7	37.7	35.2	50.0	
79.5	35.2	20.5	-31.2	
54.9	27.8	25.4	-6.6	
35.2	25.4	27.8	0.8	
-1.7	32.8	27.8	0.8	
-60.7	22.9	22.9	13.1	
-102.5	30.3	27.8	25.4	
-82.9	10.6	35.2	13.1	
-53.3	10.6	30.3	3.2	
-28.7	15.5	22.9	8.2	
-26.3	30.3	30.3	0.8	
-16.4	10.6	25.4	0.8	
-28.7	15.5	27.8	13.1	
-38.6	52.4	15.5	5.7	
-55.8	64.7	18.0	22.9	
-55.8	52.4	25.4	20.5	
-41.0	40.1	22.9	15.5	
-21.4	32.8	30.3	18.0	
-4.1	27.8	25.4	10.6	
3.2	8.2	15.5	8.2	
27.8	8.2	25.4	13.1	
40.1	18.0	25.4	18.0	
50.0	35.2	15.5	20.5	
69.7	22.9	15.5	15.5	
104.1	35.2	22.9	13.1	
91.8	27.8	13.1	15.5	
96.7	22.9	25.4	13.1	
69.7	45.1	25.4	8.2	
54.9	40.1	20.5	5.7	
45.1	42.6	18.0	18.0	
52.4	42.6	27.8	13.1	
89.3	47.5	15.5	3.2	
165.6	62.3	27.8	20.5	
195.1	52.4	22.9	27.8	
205.0	30.3	25.4	20.5	
173.0	32.8	25.4	22.9	
116.4	35.2	20.5	5.7	
52.4	42.6	13.1	18.0	
-9.1	15.5	32.8	10.6	
-77.9	-43.5	18.0	13.1	
-146.8	-26.3	8.2	20.5	
-210.8	-9.1	3.2	27.8	
-186.2	27.8	5.7	5.7	
-102.5	45.1	5.7	-16.4	
-55.8	30.3	13.1	5.7	
-9.1	13.1	18.0	10.6	
22.9	3.2	15.5	-1.7	
8.2	20.5	22.9	27.8	
-16.4	52.4	18.0	30.3	
-9.1	57.4	22.9	25.4	
0.8	37.7	18.0	10.6	
25.4	32.8	8.2	8.2	
67.2	22.9	13.1	5.7	
62.3	32.8	0.8	8.2	
89.3	32.8	5.7	20.5	
79.5	18.0	5.7	18.0	
57.4	-6.6	3.2	18.0	
25.4	-16.4	10.6	15.5	
-41.0	-23.8	8.2	5.7	
-112.4	-1.7	10.6	18.0	
-144.4	18.0	0.8	10.6	
-159.1	79.5	15.5	10.6	
-132.1	116.4	13.1	20.5	
-58.3	79.5	20.5	15.5	
-4.1	27.8	10.6	22.9	
42.6	0.8	10.6	22.9	
64.7	22.9	18.0	37.7	
52.4	47.5	18.0	5.7	
37.7	45.1	10.6	3.2	
32.8	47.5	13.1	-1.7	
42.6	22.9	18.0	-11.5	
15.5	35.2	20.5	10.6	
27.8	22.9	20.5	8.2	
50.0	25.4	18.0	0.8	
84.4	25.4	8.2	22.9	
84.4	8.2	0.8	-4.1	
74.6	15.5	0.8	-1.7	
74.6	22.9	0.8	13.1	
86.9	35.2	-6.6	8.2	
96.7	27.8	-1.7	0.8	
74.6	32.8	-4.1	35.2	
96.7	42.6	-1.7	25.4	
89.3	25.4	10.6	18.0	
64.7	27.8	18.0	8.2	
54.9	18.0	15.5	5.7	
15.5	10.6	10.6	10.6	
-11.5	3.2	-1.7	-1.7	
-48.4	0.8	5.7	-6.6	
-73.0	5.7	-1.7	13.1	
-102.5	5.7	-4.1	13.1	
-102.5	-6.6	3.2	0.8	
-100.1	-4.1	-1.7	-1.7	
-68.1	8.2	0.8	5.7	
-21.4	35.2	5.7	-1.7	
18.0	35.2	5.7	-6.6	
35.2	40.1	8.2	0.8	
35.2	37.7	-1.7	8.2	
42.6	50.0	0.8	0.8	
50.0	64.7	5.7	0.8	
52.4	59.8	-4.1	5.7	
40.1	82.0	-1.7	13.1	
27.8	69.7	10.6	25.4	
42.6	72.1	-4.1	22.9	
37.7	67.2	3.2	30.3	
27.8	47.5	-1.7	20.5	
27.8	5.7	-1.7	5.7	
-1.7	3.2	0.8	5.7	
-11.5	3.2	3.2	3.2	
-9.1	8.2	-4.1	-1.7	
-1.7	30.3	-1.7	-1.7	
0.8	42.6	-4.1	5.7	
3.2	37.7	0.8	18.0	
25.4	35.2	-1.7	37.7	
45.1	27.8	3.2	-9.1	
42.6	40.1	-1.7	8.2	
42.6	30.3	-1.7	20.5	
35.2	35.2	-6.6	18.0	
37.7	42.6	-4.1	-1.7	
22.9	52.4	-6.6	8.2	
-6.6	54.9	-9.1	0.8	
-16.4	27.8	-6.6	-16.4	
-21.4	18.0	-1.7	0.8	
5.7	10.6	-9.1	15.5	
42.6	20.5	5.7	8.2	
96.7	20.5	-4.1	8.2	
118.9	35.2	3.2	18.0	
138.5	27.8	0.8	27.8	
168.1	22.9	10.6	25.4	
158.2	52.4	0.8	35.2	
121.3	47.5	-4.1	0.8	
52.4	50.0	8.2	5.7	
-9.1	42.6	-4.1	3.2	
-73.0	40.1	3.2	10.6	
-117.3	45.1	-4.1	-1.7	
-139.4	25.4	-4.1	13.1	
-122.2	8.2	-6.6	-9.1	
-63.2	-18.9	3.2	-4.1	
-38.6	-16.4	-9.1	10.6	
0.8	-23.8	3.2	15.5	
18.0	3.2	13.1	20.5	
40.1	0.8	3.2	18.0	
35.2	15.5	5.7	20.5	
20.5	8.2	0.8	8.2	
5.7	5.7	8.2	5.7	
-4.1	10.6	3.2	13.1	
-36.1	10.6	-1.7	20.5	
-53.3	10.6	3.2	13.1	
-53.3	25.4	0.8	3.2	
-33.7	47.5	-1.7	10.6	
5.7	52.4	8.2	8.2	
8.2	50.0	5.7	25.4	
32.8	57.4	5.7	42.6	
15.5	52.4	3.2	-6.6	
15.5	52.4	0.8	-14.0	
25.4	52.4	-4.1	-14.0	
37.7	45.1	3.2	18.0	
54.9	52.4	0.8	30.3	
64.7	22.9	8.2	13.1	
72.1	47.5	3.2	-4.1	
57.4	37.7	10.6	0.8	
50.0	-1.7	3.2	18.0	
27.8	8.2	-1.7	3.2	
-9.1	20.5	0.8	20.5	
-16.4	40.1	8.2	13.1	
-6.6	20.5	13.1	0.8	
0.8	18.0	22.9	-1.7	
40.1	25.4	10.6	3.2	
118.9	45.1	8.2	8.2	
163.1	54.9	8.2	-9.1	
173.0	37.7	3.2	20.5	
173.0	25.4	3.2	35.2	
158.2	25.4	0.8	35.2	
106.6	40.1	5.7	-1.7	
54.9	15.5	15.5	-6.6	
18.0	32.8	15.5	-1.7	
-23.8	52.4	0.8	-1.7	
-102.5	54.9	13.1	18.0	
-124.7	32.8	27.8	13.1	
-122.2	5.7	18.0	18.0	
-132.1	-36.1	27.8	13.1	
-97.6	-55.8	18.0	3.2	
-107.5	-23.8	22.9	3.2	
-90.2	0.8	20.5	18.0	
-75.5	-14.0	25.4	13.1	
-75.5	-46.0	22.9	5.7	
-82.9	-58.3	30.3	-6.6	
-95.2	-53.3	27.8	8.2	
-80.4	-18.9	15.5	15.5	
-68.1	-9.1	20.5	3.2	
-46.0	45.1	22.9	18.0	
0.8	123.8	32.8	5.7	
25.4	113.9	35.2	13.1	
42.6	82.0	27.8	25.4	
77.0	121.3	25.4	10.6	
91.8	138.5	22.9	8.2	
84.4	74.6	22.9	0.8	
96.7	30.3	30.3	3.2	
106.6	-4.1	22.9	-1.7	
106.6	-6.6	15.5	0.8	
104.1	3.2	25.4	5.7	
131.2	-6.6	35.2	8.2	
126.2	8.2	32.8	-1.7	
138.5	22.9	32.8	-1.7	
133.6	40.1	27.8	3.2	
91.8	15.5	25.4	8.2	
62.3	18.0	32.8	5.7	
10.6	35.2	25.4	13.1	
-60.7	27.8	27.8	18.0	
-100.1	13.1	25.4	15.5	
-122.2	20.5	30.3	0.8	
-141.9	40.1	22.9	3.2	
-169.0	20.5	32.8	8.2	
-139.4	27.8	27.8	18.0	
-60.7	-6.6	25.4	8.2	
-16.4	-26.3	22.9	-16.4	
3.2	-9.1	25.4	3.2	
40.1	5.7	25.4	15.5	
67.2	15.5	30.3	18.0	
86.9	10.6	20.5	3.2	
84.4	25.4	22.9	-21.4	
86.9	35.2	27.8	5.7	
118.9	42.6	18.0	18.0	
155.8	27.8	18.0	-4.1	
141.0	27.8	25.4	-14.0	
106.6	27.8	18.0	8.2	
50.0	30.3	20.5	-9.1	
-18.9	32.8	22.9	-9.1	
-105.0	35.2	18.0	0.8	
-144.4	62.3	25.4	-1.7	
-146.8	42.6	18.0	-6.6	
-97.6	32.8	20.5	0.8	
-68.1	32.8	22.9	5.7	
-46.0	35.2	8.2	8.2	
10.6	32.8	-1.7	8.2	
69.7	45.1	5.7	0.8	
150.8	37.7	15.5	-1.7	
177.9	42.6	15.5	-11.5	
175.4	64.7	20.5	-6.6	
173.0	52.4	8.2	8.2	
116.4	54.9	5.7	5.7	
67.2	25.4	3.2	8.2	
-9.1	13.1	10.6	-1.7	
-70.6	20.5	3.2	13.1	
-105.0	18.0	3.2	10.6	
-124.7	13.1	10.6	13.1	
-129.6	20.5	10.6	18.0	
-141.9	20.5	0.8	3.2	
-109.9	42.6	3.2	0.8	
-92.7	37.7	3.2	-6.6	
-53.3	8.2	0.8	-1.7	
-18.9	5.7	8.2	-1.7	
-1.7	20.5	-1.7	-4.1	
8.2	-9.1	-1.7	0.8	
32.8	-14.0	0.8	0.8	
52.4	-6.6	-1.7	-4.1	
91.8	15.5	5.7	-1.7	
116.4	37.7	8.2	5.7	
150.8	42.6	5.7	3.2	
155.8	13.1	3.2	5.7	
133.6	13.1	-1.7	8.2	
111.5	-1.7	3.2	-1.7	
79.5	18.0	-9.1	5.7	
32.8	42.6	-4.1	-4.1	
-31.2	52.4	8.2	-4.1	
-77.9	32.8	8.2	-4.1	
-75.5	57.4	5.7	-16.4	
-46.0	40.1	-16.4	-6.6	
-1.7	25.4	-9.1	-6.6	
8.2	20.5	-1.7	13.1	
32.8	22.9	-4.1	40.1	
18.0	30.3	-14.0	25.4	
0.8	32.8	0.8	-26.3	
-28.7	27.8	3.2	-14.0	
-50.9	20.5	0.8	22.9	
-33.7	25.4	-1.7	22.9	
-38.6	25.4	0.8	25.4	
-28.7	35.2	0.8	-6.6	
-26.3	30.3	-9.1	-14.0	
-16.4	30.3	13.1	-23.8	
13.1	30.3	8.2	-6.6	
47.5	32.8	-4.1	5.7	
45.1	25.4	-1.7	10.6	
64.7	47.5	8.2	0.8	
69.7	40.1	0.8	-28.7	
72.1	35.2	0.8	3.2	
64.7	50.0	5.7	3.2	
67.2	42.6	-4.1	0.8	
52.4	30.3	0.8	5.7	
15.5	42.6	0.8	0.8	
-18.9	30.3	-4.1	-4.1	
-43.5	20.5	5.7	0.8	
-41.0	22.9	-1.7	8.2	
18.0	20.5	-4.1	-1.7	
57.4	37.7	-1.7	5.7	
52.4	15.5	-1.7	5.7	
20.5	27.8	0.8	-1.7	
8.2	35.2	-6.6	-1.7	
8.2	25.4	-4.1	0.8	
-14.0	30.3	3.2	3.2	
-46.0	35.2	10.6	15.5	
-82.9	22.9	13.1	5.7	
-82.9	40.1	8.2	-6.6	
-80.4	35.2	-1.7	3.2	
-38.6	15.5	20.5	5.7	
0.8	0.8	18.0	8.2	
8.2	5.7	5.7	-4.1	
18.0	3.2	8.2	-1.7	
18.0	13.1	3.2	10.6	
13.1	30.3	5.7	-4.1	
47.5	20.5	15.5	5.7	
94.3	13.1	15.5	8.2	
131.2	35.2	15.5	-1.7	
121.3	45.1	15.5	5.7	
123.8	54.9	20.5	-16.4	
96.7	59.8	22.9	-1.7	
79.5	54.9	22.9	8.2	
40.1	30.3	15.5	13.1	
-53.3	40.1	18.0	8.2	
-73.0	52.4	10.6	5.7	
-26.3	42.6	13.1	3.2	
-4.1	30.3	15.5	8.2	
35.2	5.7	10.6	10.6	
67.2	-48.4	5.7	10.6	
94.3	-26.3	18.0	13.1	
89.3	-21.4	15.5	0.8	
64.7	-16.4	8.2	15.5	
15.5	5.7	8.2	8.2	
-9.1	35.2	20.5	22.9	
-48.4	30.3	20.5	8.2	
-60.7	5.7	22.9	-31.2	
-55.8	13.1	22.9	-18.9	
-46.0	0.8	22.9	-4.1	
-50.9	32.8	18.0	3.2	
-9.1	42.6	20.5	0.8	
37.7	37.7	22.9	3.2	
52.4	57.4	30.3	-28.7	
52.4	67.2	18.0	13.1	
37.7	59.8	35.2	20.5	
32.8	69.7	25.4	-18.9	
32.8	42.6	20.5	-21.4	
-6.6	20.5	25.4	-6.6	
-9.1	25.4	25.4	5.7	
-9.1	8.2	13.1	5.7	
-36.1	-9.1	18.0	0.8	
-46.0	5.7	13.1	0.8	
-33.7	-1.7	18.0	3.2	
-26.3	-16.4	20.5	0.8	
-28.7	-4.1	15.5	-6.6	
-50.9	-6.6	22.9	-4.1	
-31.2	5.7	20.5	3.2	
-4.1	3.2	25.4	10.6	
42.6	10.6	20.5	3.2	
62.3	35.2	8.2	8.2	
77.0	50.0	8.2	-4.1	
91.8	45.1	3.2	5.7	
94.3	52.4	-1.7	18.0	
96.7	37.7	10.6	3.2	
116.4	30.3	5.7	-1.7	
77.0	22.9	-14.0	3.2	
-4.1	25.4	-4.1	-14.0	
-50.9	35.2	5.7	0.8	
-46.0	30.3	0.8	13.1	
-68.1	32.8	-6.6	15.5	
-77.9	30.3	0.8	8.2	
-63.2	32.8	10.6	8.2	
-38.6	35.2	5.7	13.1	
3.2	57.4	3.2	5.7	
54.9	47.5	-1.7	-16.4	
67.2	22.9	8.2	-9.1	
42.6	-14.0	13.1	-16.4	
50.0	8.2	10.6	-11.5	
35.2	47.5	10.6	-16.4	
37.7	50.0	10.6	3.2	
42.6	0.8	18.0	5.7	
67.2	8.2	5.7	10.6	
77.0	22.9	10.6	0.8	
74.6	22.9	5.7	-6.6	
77.0	25.4	15.5	-14.0	
59.8	30.3	8.2	-16.4	
27.8	13.1	0.8	3.2	
-9.1	10.6	-1.7	5.7	
-70.6	-9.1	0.8	5.7	
-144.4	-6.6	5.7	-1.7	
-139.4	10.6	-1.7	-11.5	
-82.9	13.1	-6.6	5.7	
-21.4	20.5	-6.6	8.2	
25.4	22.9	0.8	-4.1	
72.1	15.5	-4.1	-28.7	
101.6	20.5	-1.7	-1.7	
123.8	15.5	0.8	0.8	
111.5	27.8	0.8	8.2	
84.4	52.4	5.7	-11.5	
82.0	52.4	-1.7	-14.0	
74.6	40.1	5.7	13.1	
42.6	45.1	0.8	25.4	
-28.7	37.7	5.7	-1.7	
-65.6	57.4	8.2	-18.9	
-58.3	50.0	0.8	-16.4	
-23.8	25.4	8.2	-14.0	
0.8	42.6	5.7	-16.4	
25.4	54.9	8.2	-1.7	
32.8	52.4	13.1	-4.1	
42.6	42.6	13.1	-16.4	
47.5	18.0	10.6	-18.9	
57.4	35.2	18.0	-1.7	
30.3	37.7	10.6	3.2	
22.9	37.7	8.2	13.1	
15.5	40.1	18.0	-6.6	
52.4	35.2	18.0	-9.1	
86.9	52.4	22.9	-26.3	
116.4	52.4	18.0	-21.4	
79.5	50.0	5.7	-6.6	
64.7	54.9	15.5	5.7	
45.1	57.4	18.0	-16.4	
32.8	59.8	15.5	-6.6	
13.1	57.4	8.2	5.7	
-21.4	37.7	25.4	-21.4	
-48.4	50.0	25.4	0.8	
-95.2	27.8	20.5	3.2	
-100.1	30.3	22.9	-4.1	
-65.6	54.9	15.5	-1.7	
-26.3	47.5	13.1	-6.6	
15.5	45.1	20.5	-1.7	
50.0	8.2	20.5	0.8	
27.8	5.7	20.5	0.8	
5.7	27.8	22.9	-6.6	
-9.1	86.9	18.0	-46.0	
-4.1	13.1	20.5	-26.3	
-50.9	-55.8	27.8	0.8	
-73.0	-55.8	15.5	3.2	
-82.9	-21.4	18.0	-18.9	
-58.3	-41.0	20.5	-1.7	
-6.6	-14.0	20.5	-6.6	
15.5	10.6	22.9	-21.4	
59.8	18.0	13.1	-11.5	
54.9	-11.5	8.2	-11.5	
74.6	-18.9	3.2	-1.7	
59.8	-9.1	15.5	8.2	
37.7	18.0	20.5	-1.7	
20.5	42.6	15.5	-16.4	
25.4	35.2	3.2	-9.1	
18.0	22.9	10.6	-11.5	
59.8	25.4	0.8	-11.5	
77.0	37.7	3.2	-11.5	
67.2	18.0	3.2	-11.5	
32.8	10.6	5.7	5.7	
30.3	0.8	5.7	-4.1	
20.5	18.0	13.1	-4.1	
-9.1	32.8	15.5	-11.5	
-18.9	35.2	8.2	-11.5	
-50.9	18.0	10.6	-21.4	
-43.5	18.0	3.2	-1.7	
0.8	22.9	8.2	-6.6	
52.4	30.3	-9.1	-16.4	
94.3	25.4	5.7	-1.7	
96.7	30.3	-1.7	-1.7	
89.3	32.8	0.8	-11.5	
64.7	45.1	-6.6	8.2	
57.4	37.7	-4.1	-1.7	
50.0	54.9	-4.1	-9.1	
10.6	45.1	-6.6	-4.1	
-23.8	37.7	-1.7	13.1	
-26.3	37.7	-6.6	-6.6	
-6.6	32.8	-1.7	-9.1	
47.5	20.5	-9.1	-14.0	
86.9	35.2	0.8	-18.9	
96.7	35.2	5.7	-1.7	
79.5	42.6	3.2	13.1	
57.4	59.8	0.8	22.9	
-4.1	74.6	8.2	-14.0	
-68.1	67.2	0.8	3.2	
-87.8	50.0	-1.7	-21.4	
-92.7	50.0	-9.1	-23.8	
-80.4	72.1	-11.5	-16.4	
-73.0	77.0	-11.5	-9.1	
-50.9	50.0	-9.1	-11.5	
-11.5	30.3	0.8	-6.6	
-1.7	15.5	0.8	-1.7	
10.6	22.9	-4.1	-9.1	
-11.5	22.9	3.2	-28.7	
0.8	40.1	-14.0	-6.6	
0.8	42.6	-6.6	0.8	
25.4	52.4	0.8	-6.6	
82.0	77.0	3.2	5.7	
128.7	67.2	-6.6	0.8	
158.2	30.3	3.2	5.7	
160.7	13.1	-4.1	0.8	
150.8	3.2	-6.6	15.5	
116.4	18.0	-21.4	15.5	
62.3	22.9	-11.5	-6.6	
-1.7	35.2	-1.7	-9.1	
-36.1	-21.4	-1.7	-14.0	
-73.0	-16.4	-9.1	-9.1	
-102.5	-1.7	-1.7	-4.1	
-85.3	8.2	-9.1	15.5	
-60.7	10.6	3.2	5.7	
-41.0	8.2	8.2	-16.4	
-4.1	-11.5	-14.0	-4.1	
35.2	3.2	-1.7	-14.0	
59.8	8.2	-1.7	-6.6	
69.7	32.8	3.2	-6.6	
67.2	50.0	-4.1	5.7	
54.9	30.3	5.7	8.2	
47.5	45.1	-9.1	-9.1	
37.7	37.7	-6.6	-21.4	
30.3	45.1	0.8	-31.2	
15.5	37.7	5.7	-23.8	
5.7	35.2	-4.1	-11.5	
-26.3	42.6	5.7	-33.7	
-41.0	57.4	-6.6	35.2	
-14.0	37.7	-4.1	104.1	
22.9	32.8	5.7	25.4	
52.4	37.7	13.1	-11.5	
40.1	40.1	8.2	5.7	
13.1	40.1	5.7	27.8	
20.5	25.4	-1.7	8.2	
13.1	5.7	8.2	126.2	
3.2	10.6	-1.7	126.2	
-14.0	20.5	3.2	79.5	
-16.4	32.8	-4.1	-50.9	
-28.7	37.7	-6.6	0.8	
-28.7	47.5	-4.1	-6.6	
-23.8	50.0	0.8	-18.9	
-6.6	57.4	-4.1	-16.4	
13.1	54.9	8.2	-11.5	
3.2	32.8	10.6	-26.3	
-9.1	40.1	13.1	3.2	
-21.4	22.9	5.7	37.7	
20.5	32.8	10.6	54.9	
27.8	27.8	3.2	-6.6	
-4.1	10.6	3.2	-4.1	
8.2	13.1	5.7	-4.1	
35.2	13.1	-6.6	5.7	
77.0	22.9	5.7	27.8	
74.6	37.7	8.2	27.8	
50.0	54.9	13.1	42.6	
52.4	72.1	20.5	32.8	
67.2	52.4	8.2	37.7	
62.3	50.0	3.2	59.8	
72.1	37.7	0.8	22.9	
45.1	22.9	8.2	-18.9	
22.9	40.1	13.1	-11.5	
18.0	52.4	18.0	-6.6	
5.7	40.1	18.0	3.2	
-16.4	47.5	20.5	25.4	
-28.7	67.2	20.5	13.1	
-14.0	79.5	18.0	13.1	
5.7	52.4	27.8	15.5	
8.2	64.7	18.0	18.0	
27.8	62.3	37.7	27.8	
45.1	37.7	22.9	18.0	
35.2	40.1	13.1	15.5	
20.5	35.2	18.0	18.0	
25.4	42.6	13.1	18.0	
20.5	27.8	22.9	15.5	
20.5	15.5	15.5	10.6	
15.5	13.1	22.9	-1.7	
13.1	5.7	8.2	-1.7	
18.0	5.7	13.1	13.1	
13.1	-6.6	18.0	18.0	
32.8	-1.7	30.3	8.2	
37.7	15.5	22.9	0.8	
32.8	22.9	15.5	3.2	
52.4	67.2	22.9	-1.7	
57.4	62.3	20.5	18.0	
52.4	45.1	8.2	25.4	
40.1	64.7	18.0	25.4	
35.2	47.5	10.6	8.2	
37.7	30.3	13.1	-9.1	
72.1	13.1	22.9	0.8	
99.2	-9.1	15.5	-6.6	
104.1	-6.6	13.1	8.2	
101.6	13.1	27.8	-9.1	
82.0	22.9	27.8	-16.4	
64.7	25.4	18.0	-11.5	
54.9	10.6	18.0	-31.2	
18.0	-6.6	13.1	-28.7	
-55.8	8.2	5.7	-9.1	
-124.7	10.6	8.2	-33.7	
-129.6	25.4	3.2	-9.1	
-85.3	22.9	3.2	126.2	
-70.6	42.6	3.2	77.0	
-80.4	40.1	0.8	27.8	
-68.1	27.8	5.7	37.7	
-65.6	30.3	3.2	-31.2	
-23.8	37.7	3.2	-31.2	
0.8	47.5	8.2	5.7	
35.2	57.4	5.7	-23.8	
86.9	40.1	-11.5	-48.4	
106.6	32.8	-1.7	-75.5	
116.4	20.5	8.2	-31.2	
84.4	18.0	13.1	-14.0	
52.4	22.9	10.6	62.3	
22.9	32.8	0.8	57.4	
-1.7	45.1	0.8	101.6	
-36.1	37.7	-9.1	96.7	
-75.5	37.7	-11.5	42.6	
-70.6	27.8	-9.1	35.2	
-33.7	30.3	5.7	22.9	
-26.3	45.1	-9.1	-46.0	
-14.0	57.4	3.2	-73.0	
3.2	62.3	-1.7	-70.6	
27.8	59.8	0.8	-122.2	
40.1	42.6	-11.5	-33.7	
82.0	25.4	-4.1	57.4	
116.4	13.1	0.8	27.8	
145.9	10.6	-4.1	0.8	
128.7	-4.1	-1.7	79.5	
106.6	0.8	-1.7	45.1	
84.4	0.8	-1.7	-14.0	
86.9	10.6	-1.7	35.2	
69.7	0.8	0.8	69.7	
45.1	-4.1	-1.7	8.2	
0.8	-9.1	3.2	0.8	
-85.3	8.2	3.2	20.5	
-85.3	20.5	5.7	15.5	
-68.1	25.4	-1.7	32.8	
-43.5	27.8	-1.7	18.0	
-23.8	27.8	15.5	10.6	
-28.7	32.8	-6.6	18.0	
-9.1	25.4	0.8	15.5	
-1.7	30.3	0.8	27.8	
5.7	15.5	0.8	25.4	
-1.7	8.2	0.8	22.9	
-33.7	30.3	5.7	20.5	
-48.4	45.1	5.7	-4.1	
-43.5	27.8	3.2	0.8	
-14.0	30.3	-9.1	3.2	
-1.7	30.3	5.7	-4.1	
10.6	40.1	-6.6	-1.7	
20.5	25.4	-4.1	8.2	
25.4	30.3	-1.7	15.5	
10.6	22.9	-1.7	32.8	
3.2	37.7	-1.7	0.8	
3.2	0.8	3.2	5.7	
3.2	-18.9	13.1	-4.1	
18.0	18.0	3.2	-11.5	
18.0	32.8	3.2	13.1	
18.0	27.8	3.2	42.6	
32.8	10.6	-4.1	27.8	
30.3	8.2	8.2	5.7	
42.6	0.8	-11.5	-1.7	
42.6	-4.1	15.5	18.0	
40.1	18.0	5.7	18.0	
37.7	22.9	-1.7	13.1	
27.8	8.2	-6.6	10.6	
22.9	-33.7	0.8	8.2	
15.5	-43.5	-1.7	-11.5	
35.2	10.6	-1.7	18.0	
15.5	18.0	-1.7	10.6	
30.3	22.9	3.2	13.1	
30.3	52.4	3.2	15.5	
27.8	72.1	0.8	25.4	
18.0	64.7	0.8	25.4	
3.2	64.7	3.2	30.3	
10.6	59.8	5.7	10.6	
20.5	47.5	5.7	-16.4	
22.9	42.6	8.2	13.1	
32.8	5.7	8.2	15.5	
27.8	15.5	5.7	22.9	
37.7	32.8	3.2	15.5	
50.0	32.8	10.6	22.9	
45.1	18.0	-1.7	3.2	
52.4	30.3	13.1	-4.1	
54.9	35.2	18.0	-11.5	
69.7	35.2	13.1	-14.0	
82.0	42.6	18.0	-6.6	
69.7	40.1	8.2	-4.1	
57.4	52.4	5.7	0.8	
54.9	50.0	5.7	3.2	
69.7	37.7	10.6	5.7	
101.6	10.6	15.5	5.7	
106.6	3.2	20.5	18.0	
104.1	22.9	20.5	3.2	
64.7	30.3	5.7	-4.1	
35.2	20.5	-9.1	10.6	
-4.1	32.8	-1.7	10.6	
-23.8	32.8	8.2	13.1	
-60.7	32.8	15.5	0.8	
-82.9	18.0	8.2	5.7	
-107.5	25.4	10.6	-23.8	
-129.6	20.5	13.1	-33.7	
-107.5	27.8	15.5	-18.9	
-63.2	27.8	0.8	-16.4	
-46.0	30.3	-1.7	-23.8	
-63.2	30.3	3.2	57.4	
-87.8	32.8	20.5	104.1	
-100.1	20.5	15.5	37.7	
-87.8	3.2	8.2	0.8	
-43.5	5.7	8.2	-1.7	
18.0	30.3	10.6	5.7	
77.0	40.1	-1.7	0.8	
116.4	35.2	0.8	-4.1	
138.5	47.5	13.1	40.1	
133.6	40.1	20.5	32.8	
128.7	32.8	20.5	-4.1	
133.6	30.3	8.2	0.8	
106.6	62.3	5.7	-1.7	
89.3	69.7	-1.7	0.8	
72.1	50.0	5.7	18.0	
37.7	20.5	5.7	18.0	
-18.9	5.7	5.7	5.7	
-33.7	32.8	3.2	-9.1	
-50.9	59.8	15.5	-9.1	
-48.4	47.5	10.6	-1.7	
-63.2	27.8	5.7	-11.5	
-58.3	15.5	3.2	-9.1	
-33.7	10.6	10.6	0.8	
20.5	-1.7	5.7	8.2	
79.5	-21.4	-4.1	32.8	
91.8	8.2	13.1	0.8	
84.4	30.3	18.0	-9.1	
47.5	35.2	10.6	-85.3	
-23.8	37.7	0.8	-68.1	
-70.6	27.8	18.0	-26.3	
-85.3	35.2	13.1	42.6	
-114.8	22.9	15.5	62.3	
-141.9	15.5	10.6	59.8	
-132.1	25.4	3.2	27.8	
-95.2	20.5	8.2	-80.4	
-58.3	15.5	3.2	-53.3	
-6.6	0.8	5.7	-23.8	
13.1	3.2	-4.1	-53.3	
20.5	8.2	3.2	-43.5	
50.0	-4.1	-1.7	109.0	
52.4	15.5	-4.1	37.7	
57.4	15.5	5.7	10.6	
64.7	18.0	-1.7	45.1	
67.2	10.6	5.7	50.0	
62.3	20.5	5.7	-1.7	
77.0	18.0	0.8	-36.1	
62.3	22.9	-4.1	-16.4	
37.7	25.4	13.1	-21.4	
22.9	37.7	10.6	-41.0	
0.8	40.1	5.7	-53.3	
-33.7	45.1	0.8	5.7	
-21.4	45.1	13.1	25.4	
-9.1	52.4	20.5	-16.4	
30.3	52.4	8.2	-23.8	
64.7	47.5	5.7	37.7	
84.4	37.7	5.7	25.4	
94.3	32.8	13.1	67.2	
106.6	25.4	27.8	118.9	
94.3	8.2	15.5	30.3	
69.7	10.6	10.6	10.6	
45.1	5.7	5.7	20.5	
57.4	20.5	8.2	32.8	
45.1	10.6	5.7	15.5	
8.2	15.5	8.2	10.6	
-38.6	30.3	10.6	20.5	
-58.3	35.2	0.8	25.4	
-63.2	18.0	3.2	15.5	
-65.6	30.3	5.7	15.5	
-85.3	0.8	5.7	25.4	
-77.9	-6.6	13.1	13.1	
-82.9	10.6	10.6	32.8	
-48.4	50.0	-6.6	32.8	
-26.3	64.7	3.2	40.1	
-9.1	59.8	3.2	25.4	
0.8	42.6	5.7	18.0	
30.3	35.2	13.1	5.7	
37.7	47.5	10.6	-14.0	
30.3	30.3	0.8	-11.5	
40.1	15.5	10.6	-1.7	
32.8	30.3	3.2	-6.6	
62.3	40.1	3.2	20.5	
84.4	54.9	8.2	18.0	
109.0	62.3	-1.7	8.2	
143.5	59.8	15.5	3.2	
138.5	42.6	20.5	3.2	
89.3	22.9	13.1	0.8	
54.9	3.2	22.9	8.2	
20.5	22.9	8.2	5.7	
-28.7	50.0	13.1	5.7	
-73.0	42.6	10.6	15.5	
-97.6	18.0	15.5	-6.6	
-109.9	-28.7	20.5	8.2	
-105.0	-16.4	22.9	8.2	
-68.1	5.7	20.5	5.7	
-31.2	40.1	20.5	10.6	
-4.1	62.3	15.5	3.2	
13.1	37.7	10.6	3.2	
37.7	54.9	20.5	0.8	
62.3	52.4	15.5	-1.7	
59.8	52.4	15.5	10.6	
40.1	32.8	27.8	-11.5	
35.2	52.4	10.6	-1.7	
37.7	59.8	8.2	8.2	
45.1	52.4	13.1	15.5	
69.7	40.1	15.5	35.2	
91.8	8.2	25.4	22.9	
106.6	0.8	30.3	13.1	
79.5	22.9	22.9	0.8	
62.3	32.8	40.1	8.2	
37.7	35.2	18.0	27.8	
27.8	18.0	27.8	20.5	
18.0	10.6	22.9	18.0	
10.6	-4.1	25.4	15.5	
8.2	27.8	27.8	8.2	
15.5	45.1	25.4	5.7	
45.1	52.4	35.2	18.0	
77.0	35.2	37.7	-1.7	
91.8	25.4	37.7	-33.7	
77.0	15.5	27.8	-41.0	
30.3	8.2	27.8	-14.0	
-6.6	27.8	40.1	-4.1	
-41.0	25.4	37.7	96.7	
-60.7	27.8	40.1	69.7	
-85.3	35.2	40.1	40.1	
-75.5	25.4	37.7	18.0	
-48.4	32.8	47.5	8.2	
-1.7	30.3	40.1	25.4	
20.5	30.3	42.6	15.5	
0.8	37.7	45.1	8.2	
-11.5	25.4	18.0	22.9	
-21.4	30.3	35.2	35.2	
-6.6	32.8	40.1	35.2	
8.2	35.2	42.6	20.5	
13.1	25.4	32.8	8.2	
47.5	25.4	45.1	-9.1	
50.0	25.4	37.7	0.8	
50.0	30.3	42.6	0.8	
47.5	37.7	40.1	5.7	
20.5	37.7	42.6	5.7	
-1.7	40.1	45.1	15.5	
-48.4	35.2	35.2	13.1	
-21.4	40.1	40.1	20.5	
0.8	27.8	30.3	5.7	
25.4	35.2	32.8	-1.7	
18.0	30.3	27.8	13.1	
30.3	25.4	20.5	25.4	
54.9	15.5	18.0	47.5	
84.4	25.4	20.5	25.4	
99.2	22.9	30.3	-14.0	
106.6	18.0	20.5	10.6	
86.9	20.5	30.3	10.6	
35.2	15.5	18.0	3.2	
22.9	18.0	32.8	0.8	
13.1	18.0	30.3	0.8	
-6.6	25.4	22.9	3.2	
-48.4	30.3	20.5	20.5	
-65.6	27.8	13.1	25.4	
-65.6	25.4	15.5	30.3	
-41.0	18.0	5.7	32.8	
-36.1	30.3	5.7	27.8	
-6.6	18.0	5.7	3.2	
0.8	13.1	13.1	-1.7	
45.1	20.5	13.1	18.0	
79.5	20.5	10.6	25.4	
84.4	32.8	5.7	-1.7	
69.7	30.3	8.2	27.8	
59.8	27.8	8.2	-43.5	
96.7	30.3	15.5	3.2	
89.3	42.6	13.1	22.9	
20.5	37.7	10.6	25.4	
-23.8	40.1	5.7	-4.1	
-77.9	27.8	5.7	3.2	
-134.5	27.8	18.0	-4.1	
-119.8	15.5	3.2	15.5	
-114.8	30.3	3.2	30.3	
-117.3	27.8	5.7	30.3	
-124.7	25.4	-1.7	32.8	
-77.9	15.5	10.6	15.5	
-18.9	8.2	-1.7	-31.2	
-1.7	15.5	-1.7	-38.6	
45.1	35.2	8.2	-63.2	
77.0	42.6	5.7	-65.6	
82.0	20.5	-9.1	-70.6	
42.6	27.8	5.7	-53.3	
20.5	20.5	-1.7	-9.1	
8.2	30.3	10.6	20.5	
27.8	42.6	-6.6	45.1	
45.1	42.6	3.2	175.4	
59.8	32.8	-11.5	111.5	
40.1	42.6	0.8	-1.7	
-11.5	42.6	0.8	-31.2	
-23.8	25.4	-6.6	-60.7	
3.2	18.0	-6.6	27.8	
-1.7	40.1	0.8	153.3	
-21.4	37.7	-6.6	123.8	
-36.1	30.3	-9.1	94.3	
-4.1	50.0	-6.6	30.3	
15.5	54.9	-4.1	3.2	
20.5	57.4	-1.7	8.2	
22.9	42.6	-11.5	-6.6	
40.1	18.0	-14.0	-23.8	
54.9	20.5	-14.0	-26.3	
72.1	5.7	-21.4	3.2	
91.8	0.8	-4.1	8.2	
89.3	25.4	-11.5	10.6	
106.6	35.2	-16.4	-14.0	
96.7	45.1	-16.4	-1.7	
91.8	42.6	-14.0	0.8	
77.0	35.2	-14.0	-4.1	
22.9	45.1	-6.6	25.4	
18.0	45.1	-9.1	25.4	
0.8	52.4	0.8	25.4	
-33.7	40.1	-4.1	8.2	
-53.3	32.8	-1.7	3.2	
-48.4	27.8	-9.1	0.8	
-28.7	25.4	0.8	3.2	
-4.1	18.0	-6.6	3.2	
0.8	13.1	-6.6	0.8	
10.6	20.5	-6.6	5.7	
-16.4	13.1	-16.4	8.2	
-6.6	18.0	5.7	10.6	
3.2	13.1	-1.7	20.5	
-6.6	10.6	0.8	22.9	
-1.7	3.2	-1.7	15.5	
-11.5	18.0	-1.7	27.8	
-38.6	40.1	-1.7	37.7	
-41.0	27.8	-1.7	13.1	
-14.0	37.7	3.2	3.2	
20.5	50.0	8.2	13.1	
22.9	40.1	-6.6	15.5	
3.2	52.4	-1.7	25.4	
-11.5	57.4	-9.1	22.9	
-1.7	50.0	0.8	27.8	
13.1	50.0	8.2	15.5	
25.4	47.5	3.2	18.0	
35.2	32.8	-1.7	13.1	
25.4	25.4	5.7	18.0	
15.5	35.2	3.2	22.9	
22.9	27.8	-6.6	3.2	
35.2	32.8	3.2	0.8	
42.6	25.4	5.7	0.8	
47.5	22.9	-11.5	15.5	
32.8	22.9	0.8	18.0	
22.9	42.6	-4.1	15.5	
32.8	50.0	-6.6	0.8	
32.8	52.4	5.7	-16.4	
40.1	45.1	3.2	-11.5	
47.5	42.6	0.8	-9.1	
62.3	45.1	-4.1	-1.7	
106.6	35.2	-14.0	3.2	
116.4	35.2	-6.6	-4.1	
91.8	32.8	-6.6	0.8	
72.1	20.5	-14.0	-11.5	
37.7	20.5	-11.5	-6.6	
30.3	27.8	-1.7	-4.1	
-4.1	40.1	-9.1	-16.4	
-33.7	45.1	0.8	0.8	
-33.7	32.8	-4.1	8.2	
-4.1	25.4	0.8	15.5	
25.4	15.5	5.7	8.2	
27.8	13.1	-11.5	0.8	
35.2	18.0	-1.7	0.8	
45.1	22.9	0.8	8.2	
67.2	13.1	-4.1	-16.4	
74.6	13.1	3.2	-16.4	
79.5	37.7	-1.7	-1.7	
74.6	37.7	-4.1	-14.0	
45.1	27.8	3.2	-4.1	
20.5	30.3	-4.1	22.9	
-1.7	25.4	-1.7	-1.7	
-14.0	27.8	8.2	3.2	
-31.2	37.7	-1.7	18.0	
-41.0	42.6	0.8	-9.1	
-63.2	30.3	-6.6	-18.9	
-70.6	25.4	0.8	-21.4	
-100.1	15.5	5.7	-14.0	
-95.2	27.8	-4.1	3.2	
-80.4	35.2	-4.1	-11.5	
-53.3	22.9	3.2	-6.6	
-9.1	20.5	-6.6	0.8	
15.5	15.5	-6.6	8.2	
54.9	3.2	5.7	13.1	
84.4	0.8	-1.7	20.5	
101.6	-1.7	-1.7	18.0	
84.4	15.5	-1.7	0.8	
82.0	22.9	0.8	-26.3	
62.3	20.5	0.8	-68.1	
45.1	18.0	-4.1	-1.7	
40.1	25.4	3.2	30.3	
35.2	32.8	5.7	-1.7	
-4.1	30.3	-16.4	-1.7	
-48.4	35.2	5.7	-33.7	
-63.2	30.3	10.6	-14.0	
-73.0	30.3	8.2	-4.1	
-41.0	37.7	5.7	18.0	
3.2	30.3	-6.6	0.8	
50.0	27.8	0.8	-31.2	
47.5	27.8	-9.1	-31.2	
40.1	32.8	3.2	-18.9	
15.5	27.8	0.8	-21.4	
5.7	37.7	5.7	-36.1	
-38.6	50.0	5.7	-38.6	
-46.0	45.1	0.8	-53.3	
-23.8	40.1	8.2	-43.5	
8.2	42.6	-1.7	-48.4	
57.4	40.1	0.8	-28.7	
82.0	25.4	0.8	72.1	
67.2	40.1	-1.7	69.7	
50.0	32.8	8.2	37.7	
10.6	32.8	5.7	13.1	
-16.4	27.8	-11.5	3.2	
-48.4	40.1	-4.1	3.2	
-50.9	45.1	-1.7	-1.7	
-36.1	40.1	5.7	3.2	
-33.7	37.7	0.8	0.8	
-26.3	25.4	3.2	0.8	
0.8	32.8	0.8	-1.7	
20.5	40.1	-11.5	-9.1	
67.2	45.1	-4.1	0.8	
69.7	32.8	3.2	-4.1	
37.7	30.3	-4.1	-6.6	
15.5	22.9	-4.1	0.8	
-1.7	22.9	-6.6	3.2	
13.1	20.5	-1.7	-1.7	
0.8	35.2	-1.7	5.7	
8.2	40.1	-4.1	13.1	
0.8	40.1	-16.4	22.9	
-11.5	32.8	5.7	5.7	
3.2	15.5	3.2	-14.0	
30.3	20.5	-4.1	0.8	
67.2	27.8	0.8	-21.4	
54.9	20.5	3.2	8.2	
18.0	20.5	-6.6	-1.7	
-31.2	13.1	-4.1	18.0	
-43.5	15.5	-4.1	15.5	
-70.6	40.1	-1.7	18.0	
-43.5	20.5	5.7	15.5	
-14.0	25.4	3.2	8.2	
25.4	25.4	5.7	0.8	
77.0	18.0	0.8	10.6	
131.2	18.0	3.2	5.7	
170.5	27.8	0.8	13.1	
163.1	18.0	3.2	30.3	
109.0	20.5	10.6	35.2	
59.8	-1.7	0.8	37.7	
3.2	-1.7	8.2	27.8	
-92.7	-31.2	8.2	8.2	
-159.1	-21.4	0.8	-6.6	
-151.7	0.8	-1.7	0.8	
-114.8	0.8	15.5	-1.7	
-75.5	20.5	-1.7	5.7	
-26.3	67.2	-1.7	10.6	
27.8	113.9	-6.6	-9.1	
42.6	133.6	-6.6	-1.7	
40.1	113.9	0.8	-6.6	
47.5	96.7	5.7	-4.1	
47.5	89.3	0.8	10.6	
30.3	50.0	8.2	18.0	
40.1	27.8	-11.5	20.5	
47.5	30.3	-4.1	8.2	
25.4	32.8	5.7	8.2	
3.2	15.5	0.8	-1.7	
-23.8	-14.0	10.6	-4.1	
-43.5	-9.1	5.7	-6.6	
-53.3	27.8	5.7	5.7	
-53.3	40.1	0.8	18.0	
-48.4	42.6	3.2	10.6	
-28.7	27.8	0.8	5.7	
-1.7	40.1	8.2	-1.7	
20.5	27.8	-1.7	3.2	
37.7	30.3	3.2	10.6	
13.1	18.0	-4.1	3.2	
30.3	13.1	0.8	5.7	
35.2	22.9	-1.7	-1.7	
47.5	32.8	3.2	15.5	
72.1	22.9	-6.6	10.6	
79.5	27.8	3.2	15.5	
86.9	35.2	0.8	20.5	
54.9	40.1	-4.1	13.1	
69.7	57.4	0.8	8.2	
72.1	47.5	13.1	0.8	
62.3	52.4	3.2	20.5	
57.4	45.1	0.8	15.5	
32.8	40.1	5.7	15.5	
-11.5	35.2	-1.7	5.7	
-41.0	30.3	0.8	15.5	
-80.4	37.7	-4.1	10.6	
-90.2	42.6	0.8	-14.0	
-63.2	32.8	-1.7	5.7	
-21.4	32.8	-6.6	15.5	
13.1	27.8	5.7	5.7	
25.4	15.5	-9.1	3.2	
27.8	15.5	-1.7	0.8	
45.1	30.3	5.7	-4.1	
54.9	30.3	-4.1	-18.9	
62.3	20.5	-6.6	0.8	
74.6	32.8	0.8	-1.7	
84.4	18.0	0.8	-9.1	
64.7	22.9	-6.6	-11.5	
67.2	13.1	3.2	0.8	
52.4	15.5	5.7	25.4	
47.5	18.0	0.8	27.8	
18.0	27.8	3.2	-9.1	
-11.5	22.9	3.2	-11.5	
-31.2	37.7	-11.5	-16.4	
-9.1	45.1	3.2	-18.9	
77.0	42.6	3.2	-14.0	
148.4	32.8	3.2	-11.5	
158.2	18.0	3.2	-4.1	
111.5	18.0	3.2	5.7	
54.9	27.8	-4.1	-6.6	
15.5	27.8	-1.7	-9.1	
-21.4	20.5	3.2	20.5	
-60.7	22.9	-1.7	0.8	
-114.8	35.2	-9.1	-4.1	
-208.3	40.1	5.7	-16.4	
-208.3	35.2	0.8	0.8	
-146.8	40.1	0.8	-4.1	
-63.2	27.8	-9.1	-6.6	
-4.1	22.9	5.7	-4.1	
15.5	27.8	8.2	0.8	
22.9	40.1	0.8	0.8	
25.4	35.2	8.2	-11.5	
50.0	35.2	3.2	0.8	
109.0	27.8	3.2	8.2	
126.2	32.8	8.2	10.6	
126.2	27.8	3.2	-6.6	
126.2	20.5	0.8	-6.6	
94.3	27.8	0.8	-4.1	
47.5	30.3	3.2	-11.5	
-14.0	30.3	3.2	0.8	
-60.7	35.2	-4.1	3.2	
-90.2	30.3	3.2	0.8	
-141.9	30.3	-4.1	-4.1	
-134.5	27.8	5.7	-11.5	
-97.6	25.4	3.2	13.1	
-77.9	25.4	13.1	-11.5	
-31.2	35.2	8.2	5.7	
10.6	18.0	-6.6	-1.7	
50.0	32.8	3.2	-4.1	
84.4	32.8	-6.6	-1.7	
123.8	27.8	5.7	-6.6	
138.5	37.7	-9.1	-11.5	
153.3	27.8	8.2	-6.6	
96.7	20.5	10.6	-1.7	
40.1	22.9	3.2	-1.7	
18.0	5.7	13.1	3.2	
-18.9	-1.7	13.1	0.8	
-92.7	8.2	5.7	-4.1	
-107.5	5.7	-4.1	-1.7	
-68.1	3.2	-11.5	0.8	
-53.3	18.0	3.2	10.6	
-43.5	10.6	3.2	15.5	
-41.0	20.5	-11.5	18.0	
-6.6	35.2	-26.3	3.2	
-9.1	35.2	-18.9	-6.6	
-1.7	32.8	-28.7	3.2	
13.1	40.1	-28.7	5.7	
50.0	37.7	-14.0	-11.5	
101.6	20.5	-18.9	-1.7	
163.1	37.7	-11.5	5.7	
173.0	47.5	-26.3	-6.6	
131.2	47.5	-18.9	0.8	
72.1	47.5	-16.4	-4.1	
30.3	20.5	-23.8	-1.7	
10.6	0.8	-23.8	3.2	
18.0	-18.9	-14.0	-1.7	
20.5	-14.0	-16.4	13.1	
0.8	-6.6	-11.5	15.5	
3.2	3.2	-16.4	0.8	
0.8	22.9	-4.1	0.8	
-1.7	-1.7	-14.0	0.8	
-1.7	-23.8	-23.8	-9.1	
-9.1	-28.7	-11.5	0.8	
-26.3	32.8	-9.1	-9.1	
-38.6	64.7	-14.0	-1.7	
-48.4	143.5	-11.5	0.8	
3.2	121.3	-11.5	3.2	
79.5	77.0	-18.9	5.7	
126.2	72.1	-9.1	8.2	
123.8	57.4	-16.4	0.8	
106.6	45.1	-1.7	8.2	
50.0	67.2	-4.1	8.2	
-1.7	74.6	-4.1	-4.1	
-31.2	22.9	-4.1	-1.7	
-55.8	0.8	-4.1	-4.1	
-68.1	27.8	-1.7	-6.6	
-109.9	50.0	10.6	-11.5	
-92.7	47.5	0.8	0.8	
-41.0	25.4	5.7	15.5	
-9.1	20.5	-6.6	10.6	
27.8	10.6	-11.5	-6.6	
69.7	18.0	5.7	-1.7	
91.8	42.6	10.6	-1.7	
126.2	30.3	-1.7	13.1	
69.7	32.8	3.2	15.5	
25.4	45.1	-6.6	-1.7	
25.4	47.5	-16.4	-1.7	
57.4	27.8	-1.7	-4.1	
64.7	62.3	-9.1	0.8	
54.9	84.4	-4.1	5.7	
-14.0	89.3	-11.5	3.2	
-63.2	74.6	-16.4	8.2	
-70.6	50.0	-18.9	-1.7	
-26.3	-16.4	-6.6	-1.7	
-16.4	-65.6	-21.4	-4.1	
-14.0	-65.6	-18.9	0.8	
-21.4	-21.4	-21.4	5.7	
-1.7	-28.7	-21.4	-14.0	
18.0	-23.8	-26.3	-1.7	
42.6	-31.2	-23.8	-4.1	
35.2	-26.3	-28.7	-1.7	
35.2	-26.3	-31.2	0.8	
32.8	-16.4	-38.6	15.5	
54.9	-9.1	-26.3	8.2	
67.2	-11.5	-36.1	0.8	
104.1	-9.1	-33.7	15.5	
96.7	-16.4	-33.7	18.0	
121.3	-6.6	-23.8	8.2	
180.4	-11.5	-18.9	15.5	
249.2	10.6	-21.4	20.5	
232.0	3.2	-36.1	15.5	
145.9	10.6	-28.7	22.9	
59.8	13.1	-23.8	3.2	
-31.2	18.0	-26.3	18.0	
-90.2	25.4	-26.3	5.7	
-166.5	18.0	-16.4	8.2	
-240.3	15.5	-23.8	18.0	
-287.0	30.3	-9.1	20.5	
-274.7	30.3	-14.0	15.5	
-193.6	50.0	-16.4	18.0	
-100.1	59.8	-21.4	5.7	
-26.3	54.9	-21.4	13.1	
18.0	47.5	-16.4	-11.5	
35.2	67.2	-6.6	-26.3	
47.5	50.0	-4.1	-18.9	
91.8	45.1	-9.1	-28.7	
118.9	52.4	-1.7	-36.1	
111.5	121.3	0.8	-23.8	
72.1	91.8	-6.6	-16.4	
22.9	59.8	0.8	-9.1	
-18.9	62.3	5.7	3.2	
-33.7	72.1	10.6	15.5	
-50.9	82.0	3.2	30.3	
-26.3	3.2	15.5	40.1	
-4.1	47.5	10.6	45.1	
47.5	-4.1	15.5	42.6	
131.2	22.9	18.0	32.8	
187.7	62.3	32.8	50.0	
182.8	50.0	25.4	57.4	
113.9	-28.7	20.5	57.4	
18.0	-127.1	10.6	77.0	
-50.9	-65.6	-1.7	91.8	
-77.9	-26.3	13.1	79.5	
-53.3	-58.3	18.0	82.0	
-68.1	-87.8	3.2	74.6	
-105.0	-77.9	0.8	79.5	
-132.1	-55.8	8.2	77.0	
-92.7	0.8	5.7	77.0	
-60.7	101.6	15.5	89.3	
-14.0	145.9	35.2	99.2	
20.5	187.7	25.4	131.2	
25.4	136.1	45.1	131.2	
8.2	54.9	59.8	131.2	
-6.6	-6.6	47.5	123.8	
8.2	-55.8	47.5	136.1	
27.8	-43.5	37.7	126.2	
32.8	52.4	35.2	123.8	
52.4	118.9	50.0	131.2	
77.0	133.6	42.6	133.6	
104.1	52.4	22.9	133.6	
106.6	-58.3	13.1	150.8	
82.0	-65.6	13.1	158.2	
82.0	-31.2	30.3	143.5	
91.8	30.3	54.9	168.1	
131.2	50.0	62.3	175.4	
150.8	77.0	59.8	170.5	
82.0	69.7	54.9	160.7	
3.2	15.5	69.7	165.6	
-46.0	3.2	111.5	175.4	
-100.1	77.0	141.0	190.2	
-161.6	109.0	121.3	195.1	
-176.3	96.7	89.3	200.0	
-186.2	57.4	54.9	180.4	
-181.3	47.5	45.1	148.4	
-149.3	35.2	18.0	143.5	
-77.9	25.4	20.5	168.1	
-14.0	37.7	15.5	173.0	
22.9	35.2	20.5	158.2	
30.3	37.7	13.1	173.0	
35.2	50.0	13.1	158.2	
54.9	40.1	18.0	165.6	
77.0	37.7	13.1	163.1	
106.6	37.7	5.7	155.8	
165.6	40.1	-11.5	148.4	
214.8	52.4	-28.7	138.5	
158.2	50.0	-41.0	138.5	
104.1	45.1	-50.9	153.3	
74.6	64.7	-36.1	153.3	
57.4	57.4	-16.4	170.5	
3.2	69.7	-18.9	165.6	
-70.6	57.4	-14.0	170.5	
-95.2	57.4	5.7	187.7	
-114.8	54.9	18.0	182.8	
-85.3	62.3	20.5	180.4	
-46.0	62.3	22.9	175.4	
-14.0	47.5	18.0	150.8	
22.9	50.0	18.0	160.7	
5.7	42.6	25.4	165.6	
0.8	50.0	25.4	177.9	
0.8	45.1	22.9	200.0	
13.1	47.5	37.7	212.3	
32.8	40.1	64.7	224.6	
35.2	59.8	54.9	239.4	
54.9	52.4	52.4	232.0	
62.3	45.1	57.4	251.7	
94.3	52.4	45.1	286.1	
99.2	42.6	42.6	288.6	
101.6	25.4	32.8	293.5	
111.5	25.4	30.3	298.4	
128.7	30.3	47.5	328.0	
145.9	47.5	72.1	352.6	
155.8	47.5	64.7	389.5	
136.1	37.7	52.4	409.1	
84.4	-1.7	59.8	419.0	
25.4	25.4	54.9	465.7	
-21.4	50.0	79.5	505.1	
-36.1	79.5	84.4	591.2	
-41.0	89.3	101.6	677.3	
-43.5	89.3	116.4	765.8	
-70.6	72.1	113.9	844.6	
-80.4	59.8	123.8	947.9	
-38.6	40.1	113.9	1066.0	
-26.3	-11.5	109.0	1193.9	
-26.3	-23.8	82.0	1294.7	
5.7	-31.2	96.7	1403.0	
27.8	22.9	72.1	1439.9	
40.1	64.7	74.6	1444.8	
22.9	54.9	82.0	1405.4	
10.6	62.3	126.2	1316.9	
-14.0	-4.1	150.8	1216.0	
-50.9	-16.4	173.0	1132.4	
-4.1	-1.7	207.4	1053.7	
54.9	-9.1	222.2	989.7	
77.0	0.8	195.1	935.6	
86.9	20.5	197.6	888.8	
72.1	37.7	177.9	834.7	
47.5	40.1	185.3	751.1	
22.9	45.1	163.1	677.3	
5.7	77.0	155.8	603.5	
-63.2	64.7	123.8	537.1	
-159.1	69.7	145.9	482.9	
-191.1	74.6	163.1	428.8	
-191.1	84.4	185.3	372.2	
-139.4	59.8	197.6	325.5	
-73.0	35.2	214.8	271.4	
-14.0	13.1	212.3	224.6	
35.2	50.0	236.9	182.8	
77.0	45.1	261.5	163.1	
111.5	-4.1	281.2	131.2	
99.2	15.5	256.6	133.6	
86.9	13.1	214.8	133.6	
67.2	5.7	173.0	131.2	
52.4	10.6	136.1	128.7	
52.4	32.8	113.9	111.5	
79.5	18.0	101.6	89.3	
84.4	27.8	113.9	62.3	
74.6	22.9	109.0	27.8	
40.1	27.8	148.4	8.2	
20.5	52.4	143.5	-18.9	
22.9	64.7	126.2	-43.5	
30.3	62.3	118.9	-60.7	
25.4	45.1	99.2	-87.8	
3.2	27.8	99.2	-112.4	
-4.1	30.3	91.8	-132.1	
-4.1	32.8	89.3	-151.7	
-33.7	59.8	59.8	-149.3	
-38.6	32.8	72.1	-161.6	
-46.0	-18.9	96.7	-139.4	
-18.9	-26.3	101.6	-127.1	
0.8	13.1	96.7	-124.7	
22.9	86.9	69.7	-137.0	
42.6	59.8	52.4	-164.0	
69.7	64.7	37.7	-196.0	
84.4	37.7	22.9	-242.8	
96.7	27.8	25.4	-277.2	
64.7	27.8	13.1	-306.7	
25.4	37.7	15.5	-323.9	
-28.7	27.8	8.2	-341.2	
-33.7	15.5	10.6	-333.8	
-28.7	0.8	8.2	-343.6	
-38.6	-9.1	18.0	-331.3	
-31.2	50.0	20.5	-316.6	
-53.3	67.2	-1.7	-301.8	
-4.1	89.3	-23.8	-279.7	
8.2	104.1	-38.6	-304.3	
15.5	84.4	-48.4	-323.9	
22.9	67.2	-60.7	-351.0	
42.6	-46.0	-50.9	-365.8	
74.6	-58.3	-58.3	-375.6	
121.3	0.8	-68.1	-410.0	
138.5	5.7	-80.4	-419.9	
116.4	10.6	-80.4	-449.4	
91.8	32.8	-87.8	-456.8	
40.1	45.1	-102.5	-469.1	
-11.5	-14.0	-100.1	-469.1	
-55.8	-11.5	-102.5	-464.2	
-109.9	40.1	-112.4	-451.9	
-122.2	69.7	-107.5	-459.2	
-97.6	13.1	-124.7	-449.4	
-58.3	-1.7	-127.1	-454.3	
-11.5	45.1	-124.7	-449.4	
52.4	89.3	-127.1	-444.5	
104.1	62.3	-127.1	-429.7	
150.8	13.1	-141.9	-432.2	
158.2	15.5	-139.4	-424.8	
106.6	-18.9	-122.2	-434.6	
50.0	18.0	-129.6	-417.4	
8.2	84.4	-137.0	-412.5	
-14.0	57.4	-134.5	-392.8	
-60.7	74.6	-151.7	-360.8	
-92.7	52.4	-151.7	-341.2	
-117.3	52.4	-149.3	-348.5	
-117.3	64.7	-141.9	-323.9	
-82.9	57.4	-144.4	-314.1	
-48.4	121.3	-149.3	-299.3	
-23.8	96.7	-154.2	-294.4	
-11.5	59.8	-156.7	-284.6	
-9.1	32.8	-149.3	-257.5	
-11.5	5.7	-154.2	-257.5	
-18.9	-23.8	-151.7	-260.0	
8.2	0.8	-159.1	-252.6	
45.1	25.4	-146.8	-262.4	
69.7	22.9	-139.4	-247.7	
91.8	-28.7	-139.4	-245.2	
96.7	-23.8	-144.4	-240.3	
104.1	-50.9	-134.5	-228.0	
109.0	-21.4	-132.1	-220.6	
111.5	-21.4	-134.5	-213.2	
67.2	-4.1	-124.7	-215.7	
32.8	37.7	-124.7	-200.9	
13.1	59.8	-112.4	-210.8	
-16.4	50.0	-109.9	-198.5	
-28.7	54.9	-109.9	-210.8	
-38.6	30.3	-102.5	-213.2	
-21.4	-6.6	-102.5	-210.8	
-21.4	-14.0	-100.1	-186.2	
-16.4	3.2	-90.2	-188.6	
-11.5	47.5	-80.4	-183.7	
-9.1	57.4	-75.5	-176.3	
-9.1	32.8	-75.5	-176.3	
0.8	27.8	-65.6	-181.3	
13.1	5.7	-63.2	-203.4	
0.8	5.7	-53.3	-208.3	
-23.8	0.8	-50.9	-171.4	
-31.2	-1.7	-41.0	-183.7	
-31.2	20.5	-43.5	-166.5	
-26.3	42.6	-48.4	-169.0	
-41.0	37.7	-23.8	-191.1	
-31.2	40.1	-18.9	-193.6	
-26.3	37.7	-11.5	-203.4	
27.8	37.7	-16.4	-193.6	
77.0	40.1	-16.4	-196.0	
72.1	45.1	-9.1	-178.8	
27.8	32.8	3.2	-176.3	
18.0	25.4	-9.1	-198.5	
13.1	20.5	3.2	-203.4	
20.5	42.6	13.1	-188.6	
25.4	37.7	18.0	-198.5	
37.7	18.0	22.9	-181.3	
54.9	35.2	27.8	-178.8	
42.6	42.6	20.5	-188.6	
47.5	30.3	25.4	-186.2	
47.5	13.1	27.8	-178.8	
37.7	25.4	22.9	-183.7	
37.7	25.4	30.3	-166.5	
27.8	30.3	32.8	-169.0	
37.7	32.8	30.3	-164.0	
20.5	37.7	45.1	-169.0	
8.2	47.5	37.7	-144.4	
-1.7	45.1	45.1	-156.7	
-11.5	40.1	37.7	-149.3	
-9.1	35.2	45.1	-146.8	
-4.1	42.6	47.5	-139.4	
18.0	32.8	62.3	-137.0	
20.5	32.8	62.3	-141.9	
-1.7	47.5	62.3	-139.4	
-1.7	57.4	59.8	-144.4	
27.8	50.0	64.7	-122.2	
45.1	37.7	82.0	-122.2	
52.4	8.2	45.1	-107.5	
54.9	20.5	50.0	-100.1	
67.2	50.0	45.1	-105.0	
47.5	45.1	37.7	-95.2	
37.7	22.9	52.4	-97.6	
13.1	15.5	62.3	-95.2	
3.2	20.5	82.0	-95.2	
5.7	42.6	104.1	-97.6	
8.2	5.7	111.5	-92.7	
-1.7	-4.1	121.3	-97.6	
-33.7	-14.0	96.7	-87.8	
-28.7	40.1	94.3	-82.9	
-43.5	52.4	116.4	-85.3	
-48.4	32.8	106.6	-70.6	
-65.6	45.1	86.9	-70.6	
-68.1	86.9	47.5	-65.6	
-77.9	57.4	8.2	-70.6	
-38.6	20.5	-6.6	-68.1	
15.5	3.2	3.2	-65.6	
57.4	10.6	15.5	-50.9	
79.5	15.5	62.3	-38.6	
113.9	-1.7	74.6	-36.1	
123.8	20.5	64.7	-31.2	
126.2	47.5	57.4	-21.4	
145.9	69.7	59.8	-28.7	
64.7	54.9	54.9	-23.8	
-1.7	25.4	64.7	-18.9	
-50.9	13.1	72.1	-16.4	
-97.6	20.5	40.1	0.8	
-85.3	40.1	50.0	30.3	
-73.0	35.2	54.9	32.8	
-36.1	18.0	47.5	30.3	
27.8	13.1	99.2	20.5	
86.9	22.9	128.7	13.1	
82.0	37.7	104.1	20.5	
50.0	45.1	37.7	20.5	
25.4	47.5	32.8	20.5	
-9.1	57.4	22.9	27.8	
-26.3	37.7	15.5	30.3	
-65.6	37.7	50.0	25.4	
-80.4	30.3	52.4	-1.7	
-43.5	30.3	25.4	-28.7	
-9.1	27.8	22.9	-46.0	
40.1	57.4	37.7	-73.0	
59.8	54.9	57.4	-80.4	
77.0	30.3	54.9	-92.7	
10.6	15.5	45.1	-109.9	
-21.4	18.0	20.5	-122.2	
-9.1	22.9	57.4	-151.7	
32.8	25.4	91.8	-176.3	
104.1	15.5	79.5	-196.0	
155.8	22.9	45.1	-208.3	
197.6	35.2	52.4	-215.7	
182.8	37.7	45.1	-232.9	
143.5	22.9	72.1	-245.2	
77.0	45.1	45.1	-255.1	
-9.1	52.4	54.9	-277.2	
-87.8	50.0	35.2	-267.4	
-186.2	35.2	-9.1	-292.0	
-218.2	62.3	-26.3	-306.7	
-210.8	27.8	-53.3	-292.0	
-191.1	10.6	-63.2	-299.3	
-156.7	0.8	-11.5	-301.8	
-129.6	18.0	42.6	-306.7	
-75.5	-4.1	57.4	-301.8	
-9.1	10.6	67.2	-294.4	
20.5	54.9	42.6	-287.0	
37.7	42.6	57.4	-269.8	
52.4	25.4	99.2	-260.0	
99.2	59.8	89.3	-260.0	
141.0	37.7	84.4	-257.5	
133.6	69.7	74.6	-264.9	
99.2	96.7	84.4	-277.2	
35.2	89.3	82.0	-279.7	
-36.1	91.8	52.4	-262.4	
-43.5	82.0	59.8	-284.6	
-26.3	45.1	47.5	-279.7	
-28.7	-6.6	37.7	-272.3	
-16.4	-28.7	50.0	-262.4	
-11.5	-43.5	37.7	-242.8	
-33.7	-50.9	0.8	-186.2	
-41.0	-4.1	-11.5	-159.1	
-33.7	22.9	-14.0	-169.0	
-23.8	20.5	8.2	-191.1	
-14.0	30.3	45.1	-218.2	
0.8	30.3	54.9	-210.8	
-4.1	37.7	27.8	-198.5	
5.7	37.7	13.1	-188.6	
-1.7	32.8	-14.0	-181.3	
-1.7	40.1	10.6	-173.9	
20.5	37.7	-6.6	-151.7	
45.1	40.1	-6.6	-149.3	
30.3	3.2	18.0	-141.9	
10.6	20.5	37.7	-114.8	
20.5	35.2	37.7	-90.2	
50.0	37.7	42.6	-65.6	
20.5	20.5	30.3	-23.8	
-1.7	35.2	18.0	-4.1	
-4.1	22.9	-1.7	10.6	
-36.1	45.1	-41.0	3.2	
-46.0	52.4	-80.4	40.1	
-28.7	40.1	-112.4	74.6	
-21.4	54.9	-85.3	104.1	
-16.4	59.8	-23.8	116.4	
13.1	69.7	-1.7	131.2	
50.0	67.2	13.1	185.3	
54.9	67.2	5.7	212.3	
89.3	45.1	-9.1	219.7	
74.6	50.0	-33.7	227.1	
59.8	50.0	-43.5	236.9	
32.8	69.7	-65.6	241.9	
91.8	59.8	-70.6	246.8	
131.2	54.9	-55.8	249.2	
145.9	57.4	-26.3	239.4	
123.8	64.7	-4.1	251.7	
109.0	62.3	47.5	300.9	
64.7	59.8	64.7	313.2	
-9.1	47.5	123.8	330.4	
-82.9	57.4	133.6	315.7	
-114.8	96.7	158.2	283.7	
-114.8	74.6	163.1	281.2	
-100.1	57.4	148.4	268.9	
-80.4	47.5	109.0	268.9	
-23.8	40.1	86.9	217.3	
79.5	45.1	104.1	197.6	
155.8	42.6	148.4	197.6	
195.1	50.0	170.5	170.5	
209.9	35.2	155.8	145.9	
219.7	47.5	158.2	131.2	
222.2	50.0	173.0	113.9	
148.4	40.1	185.3	86.9	
30.3	37.7	207.4	52.4	
-107.5	40.1	212.3	42.6	
-250.1	32.8	219.7	52.4	
-328.9	35.2	232.0	40.1	
-321.5	37.7	239.4	30.3	
-284.6	37.7	246.8	8.2	
-240.3	54.9	259.1	0.8	
-119.8	32.8	271.4	3.2	
0.8	40.1	261.5	15.5	
52.4	52.4	281.2	32.8	
89.3	64.7	276.3	25.4	
54.9	35.2	271.4	20.5	
52.4	25.4	296.0	25.4	
42.6	32.8	332.9	25.4	
18.0	18.0	298.4	27.8	
10.6	18.0	283.7	50.0	
-33.7	15.5	266.5	77.0	
-50.9	3.2	234.5	84.4	
-80.4	-9.1	175.4	94.3	
-53.3	8.2	123.8	106.6	
-26.3	42.6	91.8	111.5	
-16.4	47.5	22.9	126.2	
-26.3	18.0	-48.4	143.5	
-11.5	32.8	-119.8	145.9	
0.8	10.6	-166.5	131.2	
13.1	15.5	-277.2	138.5	
15.5	15.5	-338.7	155.8	
40.1	32.8	-370.7	153.3	
35.2	18.0	-503.5	148.4	
54.9	22.9	-574.9	150.8	
20.5	-26.3	-562.6	158.2	
-9.1	-65.6	-535.5	145.9	
-11.5	-38.6	-417.4	133.6	
-1.7	-23.8	-341.2	104.1	
3.2	-14.0	-262.4	79.5	
-6.6	-18.9	-228.0	69.7	
-4.1	-14.0	-245.2	82.0	
-26.3	-21.4	-220.6	57.4	
-14.0	-26.3	-176.3	45.1	
13.1	-31.2	-132.1	-6.6	
101.6	-36.1	-100.1	-65.6	
148.4	-41.0	-73.0	-77.9	
168.1	-21.4	13.1	-107.5	
173.0	-4.1	45.1	-127.1	
195.1	22.9	84.4	-154.2	
182.8	25.4	143.5	-196.0	
101.6	22.9	222.2	-210.8	
47.5	-6.6	261.5	-200.9	
-1.7	-28.7	332.9	-220.6	
-50.9	-38.6	369.8	-235.4	
-48.4	-65.6	362.4	-225.5	
-100.1	-75.5	423.9	-218.2	
-141.9	-102.5	492.8	-196.0	
-166.5	-70.6	519.8	-178.8	
-144.4	-33.7	542.0	-156.7	
-149.3	-28.7	556.7	-107.5	
-112.4	-26.3	532.1	-107.5	
-95.2	-31.2	539.5	-53.3	
-75.5	-36.1	492.8	-9.1	
-14.0	-28.7	399.3	22.9	
52.4	-38.6	367.3	42.6	
113.9	-28.7	249.2	25.4	
128.7	-38.6	205.0	22.9	
138.5	-38.6	131.2	27.8	
123.8	-36.1	77.0	-1.7	
86.9	-36.1	-1.7	-33.7	
54.9	-31.2	-85.3	-41.0	
35.2	-21.4	-109.9	-50.9	
8.2	-14.0	-70.6	-65.6	
-14.0	-9.1	-144.4	-60.7	
-11.5	-26.3	-191.1	-65.6	
-46.0	-31.2	-203.4	-75.5	
-48.4	-50.9	-169.0	-31.2	
-14.0	-36.1	-114.8	-16.4	
47.5	-53.3	-107.5	5.7	
86.9	-31.2	-107.5	5.7	
123.8	-18.9	-154.2	5.7	
99.2	-28.7	-188.6	5.7	
59.8	-23.8	-191.1	27.8	
5.7	-50.9	-205.9	52.4	
-31.2	-36.1	-166.5	69.7	
-48.4	-43.5	-144.4	72.1	
-50.9	-48.4	-109.9	59.8	
-28.7	-31.2	-9.1	64.7	
-11.5	-28.7	45.1	72.1	
13.1	-11.5	64.7	89.3	
79.5	-4.1	22.9	86.9	
182.8	-14.0	-9.1	91.8	
244.3	-14.0	-36.1	104.1	
236.9	-6.6	-43.5	109.0	
182.8	-14.0	-48.4	116.4	
94.3	-18.9	-1.7	106.6	
-4.1	-11.5	-23.8	113.9	
-92.7	-11.5	-127.1	94.3	
-129.6	3.2	-196.0	94.3	
-208.3	10.6	-232.9	72.1	
-240.3	-1.7	-264.9	59.8	
-173.9	15.5	-348.5	79.5	
-73.0	27.8	-306.7	72.1	
8.2	22.9	-237.8	69.7	
42.6	25.4	-183.7	77.0	
45.1	42.6	-124.7	69.7	
35.2	42.6	-112.4	72.1	
-21.4	47.5	-205.9	57.4	
-41.0	30.3	-225.5	45.1	
0.8	32.8	-225.5	37.7	
32.8	35.2	-232.9	13.1	
15.5	37.7	-169.0	0.8	
35.2	57.4	-109.9	-4.1	
45.1	37.7	-109.9	-6.6	
18.0	32.8	-109.9	15.5	
57.4	47.5	-107.5	22.9	
96.7	64.7	-109.9	10.6	
72.1	69.7	-109.9	8.2	
18.0	57.4	-95.2	-4.1	
64.7	79.5	-77.9	3.2	
136.1	64.7	-68.1	5.7	
131.2	40.1	-85.3	5.7	
121.3	64.7	-48.4	5.7	
131.2	77.0	-4.1	-11.5	
84.4	82.0	3.2	0.8	
-36.1	50.0	-38.6	-4.1	
-16.4	45.1	-60.7	-4.1	
5.7	45.1	-129.6	0.8	
10.6	54.9	-164.0	3.2	
-1.7	52.4	-107.5	-18.9	
10.6	57.4	-77.9	-11.5	
20.5	45.1	-75.5	-18.9	
-28.7	42.6	-31.2	-1.7	
-68.1	74.6	5.7	-16.4	
-90.2	59.8	10.6	-14.0	
-97.6	59.8	20.5	-18.9	
-33.7	42.6	22.9	-33.7	
27.8	47.5	25.4	-23.8	
47.5	47.5	20.5	-11.5	
47.5	22.9	20.5	-21.4	
40.1	37.7	-38.6	-36.1	
47.5	47.5	-68.1	-48.4	
52.4	59.8	-31.2	-70.6	
27.8	64.7	-58.3	-60.7	
3.2	64.7	-77.9	-68.1	
-9.1	45.1	-77.9	-48.4	
40.1	74.6	-73.0	-46.0	
37.7	64.7	-114.8	-31.2	
20.5	64.7	-154.2	-36.1	
15.5	86.9	-196.0	-33.7	
18.0	72.1	-159.1	-53.3	
-4.1	40.1	-87.8	-53.3	
-26.3	47.5	-82.9	-65.6	
-23.8	42.6	-68.1	-63.2	
-28.7	59.8	-55.8	-53.3	
-1.7	72.1	-112.4	-33.7	
15.5	57.4	-144.4	-31.2	
22.9	67.2	-75.5	-31.2	
32.8	45.1	-50.9	-50.9	
27.8	22.9	-92.7	-50.9	
30.3	32.8	-122.2	-48.4	
37.7	10.6	-107.5	-41.0	
27.8	-1.7	-112.4	-41.0	
25.4	-31.2	-117.3	-46.0	
37.7	42.6	-73.0	-38.6	
27.8	50.0	-28.7	-43.5	
10.6	47.5	-16.4	-48.4	
35.2	50.0	-33.7	-46.0	
69.7	52.4	-46.0	-43.5	
109.0	57.4	-73.0	-53.3	
131.2	-11.5	-26.3	-50.9	
141.0	-28.7	-4.1	-38.6	
113.9	-9.1	45.1	-53.3	
82.0	-48.4	141.0	-63.2	
62.3	-18.9	143.5	-68.1	
59.8	-6.6	128.7	-65.6	
15.5	13.1	96.7	-63.2	
-11.5	25.4	99.2	-63.2	
-18.9	10.6	86.9	-68.1	
-31.2	20.5	8.2	-77.9	
-18.9	25.4	-100.1	-97.6	
18.0	22.9	-193.6	-100.1	
77.0	30.3	-203.4	-97.6	
59.8	25.4	-156.7	-92.7	
18.0	27.8	-90.2	-87.8	
-18.9	15.5	-1.7	-109.9	
-55.8	27.8	-28.7	-102.5	
-109.9	45.1	-36.1	-112.4	
-146.8	42.6	-28.7	-122.2	
-141.9	57.4	-36.1	-141.9	
-117.3	59.8	-18.9	-164.0	
-90.2	62.3	37.7	-134.5	
-46.0	52.4	94.3	-127.1	
-48.4	79.5	121.3	-141.9	
-23.8	72.1	153.3	-114.8	
18.0	59.8	136.1	-117.3	
113.9	64.7	160.7	-82.9	
113.9	84.4	192.7	-73.0	
79.5	47.5	197.6	-85.3	
42.6	57.4	187.7	-100.1	
18.0	106.6	175.4	-114.8	
27.8	79.5	205.0	-109.9	
62.3	-4.1	236.9	-105.0	
82.0	-31.2	212.3	-87.8	
86.9	-33.7	182.8	-87.8	
89.3	32.8	185.3	-85.3	
77.0	86.9	192.7	-80.4	
37.7	50.0	214.8	-48.4	
32.8	79.5	138.5	-38.6	
40.1	62.3	86.9	-55.8	
8.2	121.3	8.2	-50.9	
-26.3	128.7	-41.0	-65.6	
-6.6	111.5	25.4	-68.1	
15.5	72.1	106.6	-87.8	
3.2	30.3	148.4	-105.0	
-1.7	42.6	163.1	-92.7	
-9.1	52.4	187.7	-82.9	
-50.9	86.9	205.0	-60.7	
-36.1	109.0	244.3	-82.9	
5.7	123.8	209.9	-80.4	
22.9	77.0	126.2	-65.6	
20.5	-9.1	207.4	-73.0	
-28.7	-11.5	244.3	-60.7	
-92.7	62.3	222.2	-65.6	
-105.0	163.1	163.1	-65.6	
-109.9	168.1	214.8	-63.2	
-63.2	79.5	254.2	-68.1	
13.1	37.7	283.7	-43.5	
67.2	45.1	345.2	-41.0	
153.3	-1.7	328.0	-48.4	
168.1	27.8	219.7	-58.3	
155.8	-9.1	175.4	-50.9	
128.7	-16.4	175.4	-70.6	
104.1	8.2	202.5	-68.1	
64.7	35.2	227.1	-68.1	
-28.7	74.6	244.3	-75.5	
-87.8	5.7	212.3	-85.3	
-92.7	-117.3	168.1	-100.1	
-75.5	-18.9	145.9	-102.5	
-73.0	-14.0	133.6	-109.9	
-82.9	-1.7	145.9	-112.4	
-73.0	64.7	113.9	-112.4	
-65.6	62.3	99.2	-107.5	
-28.7	47.5	37.7	-109.9	
-18.9	74.6	10.6	-102.5	
-14.0	74.6	3.2	-105.0	
-14.0	27.8	42.6	-80.4	
-41.0	37.7	35.2	-41.0	
-11.5	74.6	32.8	-16.4	
37.7	91.8	30.3	10.6	
96.7	72.1	54.9	32.8	
123.8	91.8	22.9	47.5	
143.5	86.9	18.0	57.4	
123.8	10.6	3.2	67.2	
74.6	-21.4	-100.1	72.1	
45.1	5.7	-164.0	64.7	
15.5	40.1	-225.5	52.4	
3.2	57.4	-232.9	45.1	
-1.7	47.5	-203.4	57.4	
3.2	57.4	-141.9	59.8	
3.2	42.6	-117.3	54.9	
-28.7	-1.7	-119.8	59.8	
-41.0	10.6	-139.4	52.4	
-41.0	18.0	-129.6	59.8	
-9.1	57.4	-146.8	67.2	
45.1	52.4	-139.4	74.6	
79.5	54.9	-53.3	82.0	
96.7	57.4	-23.8	62.3	
59.8	86.9	-68.1	54.9	
50.0	52.4	-48.4	47.5	
52.4	-14.0	-65.6	32.8	
77.0	-21.4	-144.4	37.7	
94.3	32.8	-215.7	45.1	
74.6	10.6	-301.8	54.9	
62.3	8.2	-387.9	15.5	
89.3	-53.3	-402.7	5.7	
131.2	-23.8	-427.3	5.7	
126.2	-9.1	-432.2	-16.4	
82.0	-11.5	-387.9	-14.0	
52.4	47.5	-385.4	3.2	
-14.0	54.9	-380.5	15.5	
-14.0	13.1	-351.0	18.0	
13.1	32.8	-314.1	25.4	
35.2	64.7	-282.1	8.2	
52.4	37.7	-178.8	30.3	
72.1	59.8	-137.0	52.4	
45.1	94.3	-151.7	47.5	
-46.0	123.8	-154.2	27.8	
-161.6	101.6	-159.1	22.9	
-262.4	22.9	-139.4	32.8	
-282.1	-31.2	-173.9	40.1	
-282.1	32.8	-200.9	59.8	
-193.6	8.2	-193.6	74.6	
-87.8	-73.0	-181.3	72.1	
-26.3	-36.1	-169.0	82.0	
57.4	-114.8	-210.8	67.2	
104.1	-77.9	-245.2	62.3	
123.8	-38.6	-237.8	59.8	
67.2	-11.5	-225.5	74.6	
-14.0	42.6	-198.5	59.8	
-50.9	143.5	-210.8	67.2	
-48.4	111.5	-242.8	52.4	
-53.3	59.8	-277.2	47.5	
-31.2	104.1	-262.4	40.1	
-23.8	145.9	-237.8	20.5	
30.3	64.7	-245.2	18.0	
62.3	69.7	-210.8	37.7	
52.4	131.2	-188.6	37.7	
91.8	86.9	-173.9	32.8	
106.6	-16.4	-154.2	-4.1	
79.5	-127.1	-176.3	-11.5	
64.7	-132.1	-262.4	-26.3	
109.0	-68.1	-245.2	-31.2	
182.8	-26.3	-237.8	-33.7	
126.2	-21.4	-191.1	-23.8	
45.1	-1.7	-196.0	-43.5	
37.7	25.4	-178.8	-50.9	
18.0	10.6	-100.1	-43.5	
-38.6	5.7	-58.3	-46.0	
-65.6	3.2	-31.2	-46.0	
-73.0	-21.4	-58.3	-50.9	
-21.4	-21.4	-122.2	-60.7	
27.8	22.9	-166.5	-70.6	
69.7	50.0	-183.7	-77.9	
104.1	54.9	-137.0	-60.7	
136.1	13.1	-129.6	-43.5	
133.6	8.2	-186.2	-36.1	
136.1	13.1	-188.6	-28.7	
116.4	10.6	-181.3	-38.6	
45.1	30.3	-164.0	-41.0	
-16.4	30.3	-124.7	-38.6	
-90.2	35.2	-80.4	-23.8	
-77.9	25.4	-21.4	-38.6	
-48.4	47.5	-23.8	-31.2	
-11.5	77.0	-26.3	-26.3	
8.2	99.2	-28.7	-21.4	
-16.4	99.2	-43.5	-9.1	
5.7	123.8	-82.9	18.0	
-1.7	96.7	-132.1	5.7	
8.2	109.0	-149.3	25.4	
15.5	20.5	-198.5	27.8	
-9.1	47.5	-73.0	32.8	
-1.7	47.5	197.6	35.2	
0.8	-18.9	448.5	15.5	
3.2	-60.7	618.2	3.2	
0.8	-21.4	709.3	0.8	
-18.9	-48.4	775.7	15.5	
-18.9	-41.0	770.8	10.6	
27.8	3.2	721.6	-28.7	
42.6	18.0	635.5	-58.3	
0.8	35.2	487.9	-70.6	
-28.7	-16.4	340.3	-46.0	
5.7	-102.5	214.8	5.7	
22.9	-112.4	74.6	-9.1	
8.2	-63.2	-46.0	-16.4	
27.8	-23.8	-127.1	-11.5	
42.6	-23.8	-173.9	10.6	
27.8	-23.8	-228.0	3.2	
40.1	-38.6	-274.7	5.7	
27.8	-16.4	-245.2	25.4	
27.8	-28.7	-186.2	42.6	
8.2	-28.7	-139.4	52.4	
-21.4	-31.2	-63.2	45.1	
-28.7	-14.0	-21.4	47.5	
-38.6	-23.8	3.2	42.6	
-1.7	-26.3	32.8	50.0	
5.7	-21.4	37.7	57.4	
15.5	-21.4	5.7	64.7	
32.8	-16.4	-26.3	57.4	
50.0	30.3	-65.6	62.3	
54.9	18.0	-65.6	64.7	
47.5	15.5	-21.4	79.5	
37.7	15.5	-33.7	74.6	
69.7	18.0	-28.7	74.6	
74.6	35.2	-31.2	77.0	
59.8	30.3	-48.4	77.0	
116.4	59.8	-75.5	89.3	
175.4	64.7	-85.3	82.0	
138.5	52.4	-70.6	84.4	
52.4	40.1	-105.0	89.3	
-18.9	32.8	-31.2	99.2	
-60.7	-33.7	-36.1	84.4	
-48.4	-14.0	-68.1	79.5	
-21.4	106.6	-55.8	89.3	
-41.0	131.2	-95.2	74.6	
-80.4	141.0	-95.2	79.5	
-117.3	109.0	-55.8	84.4	
-109.9	62.3	-28.7	106.6	
-161.6	30.3	-55.8	131.2	
-159.1	64.7	-50.9	133.6	
-151.7	54.9	-77.9	86.9	
-117.3	54.9	-82.9	84.4	
-87.8	8.2	-75.5	86.9	
-43.5	13.1	-97.6	89.3	
-16.4	-14.0	-146.8	84.4	
18.0	-1.7	-154.2	72.1	
69.7	47.5	-97.6	64.7	
84.4	47.5	-23.8	52.4	
96.7	47.5	10.6	69.7	
57.4	-33.7	22.9	62.3	
42.6	-122.2	15.5	59.8	
20.5	-100.1	-4.1	50.0	
22.9	-48.4	-23.8	50.0	
40.1	-55.8	22.9	52.4	
37.7	-14.0	64.7	64.7	
35.2	-14.0	32.8	64.7	
79.5	-6.6	-63.2	50.0	
82.0	-11.5	-114.8	35.2	
62.3	-4.1	-166.5	13.1	
22.9	30.3	-183.7	20.5	
13.1	69.7	-196.0	27.8	
25.4	42.6	-159.1	45.1	
3.2	64.7	-124.7	37.7	
-41.0	40.1	-36.1	25.4	
-21.4	22.9	-48.4	5.7	
20.5	-21.4	-87.8	0.8	
50.0	32.8	3.2	8.2	
35.2	54.9	35.2	3.2	
0.8	62.3	50.0	5.7	
-33.7	54.9	57.4	-1.7	
-53.3	27.8	-46.0	13.1	
-4.1	40.1	-68.1	22.9	
35.2	18.0	-23.8	18.0	
54.9	13.1	-4.1	42.6	
13.1	22.9	0.8	18.0	
-31.2	47.5	-18.9	5.7	
-46.0	62.3	-41.0	0.8	
10.6	79.5	-48.4	0.8	
32.8	91.8	-75.5	3.2	
89.3	57.4	-95.2	5.7	
116.4	37.7	-114.8	5.7	
145.9	5.7	-154.2	8.2	
104.1	30.3	-129.6	8.2	
50.0	30.3	-151.7	-4.1	
22.9	10.6	-122.2	-11.5	
45.1	-9.1	-28.7	8.2	
35.2	10.6	57.4	8.2	
52.4	-9.1	59.8	8.2	
37.7	-23.8	111.5	5.7	
22.9	5.7	64.7	18.0	
18.0	32.8	64.7	30.3	
25.4	72.1	35.2	37.7	
18.0	45.1	22.9	40.1	
30.3	20.5	20.5	40.1	
35.2	22.9	0.8	52.4	
27.8	15.5	-33.7	42.6	
18.0	57.4	-23.8	40.1	
22.9	84.4	0.8	30.3	
13.1	82.0	-65.6	22.9	
-11.5	64.7	-105.0	15.5	
-18.9	52.4	-166.5	27.8	
-23.8	27.8	-156.7	25.4	
-38.6	-14.0	-23.8	20.5	
-21.4	-16.4	79.5	20.5	
-21.4	0.8	35.2	27.8	
-6.6	18.0	32.8	27.8	
10.6	42.6	13.1	32.8	
25.4	96.7	8.2	15.5	
30.3	123.8	15.5	8.2	
18.0	57.4	62.3	-1.7	
0.8	52.4	104.1	5.7	
-4.1	52.4	123.8	-6.6	
-16.4	13.1	126.2	3.2	
-33.7	0.8	131.2	-23.8	
-48.4	54.9	116.4	-38.6	
-31.2	69.7	104.1	-21.4	
-18.9	123.8	64.7	-16.4	
8.2	96.7	15.5	22.9	
54.9	86.9	-46.0	13.1	
82.0	82.0	-95.2	-14.0	
126.2	-4.1	-75.5	-36.1	
126.2	-73.0	-58.3	-21.4	
106.6	-112.4	13.1	-23.8	
133.6	-166.5	-9.1	-23.8	
165.6	-161.6	-16.4	-11.5	
138.5	-102.5	-50.9	5.7	
165.6	-36.1	-80.4	18.0	
187.7	-16.4	-36.1	25.4	
153.3	-33.7	22.9	18.0	
57.4	-14.0	35.2	-1.7	
-43.5	20.5	32.8	-26.3	
-117.3	77.0	27.8	-18.9	
-161.6	109.0	59.8	0.8	
-228.0	148.4	91.8	3.2	
-264.9	116.4	79.5	-1.7	
-242.8	141.0	77.0	3.2	
-107.5	192.7	74.6	3.2	
30.3	121.3	27.8	5.7	
126.2	111.5	-36.1	-1.7	
160.7	22.9	-46.0	0.8	
141.0	-21.4	-50.9	-11.5	
84.4	-28.7	-9.1	-9.1	
45.1	-16.4	32.8	5.7	
13.1	-55.8	77.0	-9.1	
-122.2	-112.4	79.5	-46.0	
-161.6	-129.6	99.2	-53.3	
-117.3	-132.1	79.5	-9.1	
-92.7	-122.2	22.9	18.0	
-41.0	-85.3	-4.1	57.4	
0.8	8.2	22.9	3.2	
25.4	47.5	25.4	-46.0	
50.0	69.7	27.8	-38.6	
18.0	99.2	3.2	-36.1	
-11.5	77.0	0.8	-16.4	
-87.8	69.7	0.8	10.6	
-122.2	84.4	-23.8	-11.5	
-112.4	84.4	20.5	-16.4	
-80.4	72.1	89.3	-16.4	
-60.7	40.1	109.0	-18.9	
-18.9	27.8	74.6	-31.2	
3.2	57.4	69.7	-4.1	
35.2	116.4	116.4	-1.7	
50.0	42.6	123.8	8.2	
50.0	-31.2	96.7	25.4	
62.3	0.8	62.3	18.0	
64.7	62.3	82.0	0.8	
37.7	74.6	155.8	-23.8	
8.2	64.7	195.1	-31.2	
-21.4	22.9	160.7	-21.4	
-36.1	35.2	187.7	-9.1	
-21.4	35.2	173.0	-4.1	
0.8	5.7	173.0	8.2	
25.4	-65.6	143.5	5.7	
82.0	-124.7	20.5	-11.5	
136.1	-87.8	5.7	-26.3	
145.9	-58.3	-50.9	-31.2	
126.2	-28.7	-97.6	15.5	
131.2	0.8	-114.8	18.0	
116.4	8.2	-95.2	8.2	
79.5	10.6	-33.7	27.8	
82.0	84.4	-33.7	69.7	
27.8	106.6	47.5	27.8	
10.6	101.6	72.1	-1.7	
22.9	121.3	64.7	-48.4	
-23.8	109.0	91.8	-46.0	
-31.2	94.3	111.5	-26.3	
-18.9	91.8	109.0	-16.4	
0.8	72.1	158.2	-6.6	
15.5	22.9	128.7	-4.1	
8.2	-11.5	104.1	0.8	
3.2	-23.8	79.5	0.8	
0.8	18.0	54.9	-1.7	
20.5	27.8	-23.8	-9.1	
57.4	22.9	-109.9	-16.4	
79.5	8.2	-63.2	-1.7	
111.5	-11.5	-31.2	-4.1	
79.5	3.2	-9.1	-21.4	
62.3	42.6	3.2	-16.4	
20.5	62.3	-1.7	-33.7	
-21.4	45.1	-9.1	-21.4	
-48.4	30.3	18.0	-14.0	
-41.0	52.4	57.4	-9.1	
-41.0	40.1	94.3	-4.1	
-31.2	40.1	123.8	-31.2	
-53.3	40.1	131.2	-43.5	
-46.0	15.5	99.2	-55.8	
-18.9	22.9	96.7	15.5	
-1.7	22.9	96.7	32.8	
-1.7	-4.1	94.3	13.1	
3.2	3.2	20.5	-46.0	
3.2	10.6	-16.4	-60.7	
3.2	10.6	22.9	-41.0	
10.6	13.1	-9.1	-18.9	
18.0	32.8	-18.9	-4.1	
20.5	69.7	-75.5	18.0	
18.0	89.3	-92.7	8.2	
15.5	59.8	-60.7	-43.5	
22.9	35.2	-18.9	-48.4	
47.5	3.2	-31.2	-46.0	
45.1	111.5	-31.2	-16.4	
37.7	82.0	-14.0	5.7	
35.2	52.4	25.4	-14.0	
30.3	3.2	54.9	-6.6	
50.0	32.8	86.9	-16.4	
84.4	64.7	106.6	-31.2	
74.6	57.4	94.3	-43.5	
50.0	0.8	104.1	-23.8	
54.9	-41.0	42.6	-21.4	
72.1	-60.7	62.3	-21.4	
94.3	3.2	30.3	-9.1	
116.4	13.1	10.6	-4.1	
138.5	62.3	15.5	-9.1	
104.1	64.7	15.5	-26.3	
45.1	15.5	-4.1	-18.9	
37.7	20.5	30.3	3.2	
22.9	10.6	59.8	35.2	
-38.6	8.2	45.1	25.4	
-124.7	18.0	94.3	-1.7	
-193.6	0.8	118.9	-36.1	
-169.0	13.1	96.7	-14.0	
-90.2	40.1	50.0	-6.6	
8.2	72.1	10.6	-6.6	
94.3	121.3	-48.4	-31.2	
148.4	99.2	-36.1	-43.5	
170.5	94.3	-50.9	-14.0	
150.8	79.5	-70.6	15.5	
79.5	5.7	-87.8	5.7	
-6.6	-21.4	-70.6	-1.7	
-70.6	-9.1	-63.2	-6.6	
-151.7	-48.4	-21.4	-6.6	
-230.5	-75.5	-21.4	-18.9	
-235.4	-63.2	-18.9	-6.6	
-146.8	-4.1	-21.4	0.8	
-70.6	13.1	0.8	-4.1	
-18.9	25.4	18.0	-6.6	
-14.0	45.1	126.2	-31.2	
10.6	40.1	136.1	-18.9	
40.1	37.7	150.8	-9.1	
52.4	32.8	165.6	-1.7	
45.1	30.3	113.9	18.0	
40.1	57.4	50.0	20.5	
37.7	3.2	25.4	3.2	
-1.7	22.9	35.2	-16.4	
5.7	27.8	-18.9	-16.4	
-18.9	10.6	-33.7	-11.5	
-26.3	-14.0	-9.1	-21.4	
-28.7	22.9	3.2	-9.1	
-1.7	116.4	42.6	5.7	
37.7	101.6	69.7	25.4	
74.6	52.4	32.8	5.7	
123.8	82.0	50.0	-18.9	
116.4	106.6	27.8	-9.1	
99.2	72.1	59.8	-23.8	
67.2	35.2	96.7	-18.9	
15.5	35.2	121.3	-4.1	
-6.6	25.4	126.2	-26.3	
-23.8	25.4	62.3	3.2	
-28.7	15.5	84.4	-9.1	
-9.1	-11.5	57.4	-16.4	
0.8	-26.3	18.0	-9.1	
27.8	22.9	-114.8	-1.7	
18.0	27.8	-230.5	-4.1	
30.3	-1.7	-188.6	0.8	
47.5	-46.0	-124.7	-21.4	
37.7	-33.7	-55.8	0.8	
32.8	-21.4	40.1	-6.6	
52.4	-4.1	79.5	-1.7	
32.8	50.0	64.7	-36.1	
0.8	54.9	37.7	-9.1	
-11.5	22.9	35.2	-1.7	
-21.4	30.3	32.8	18.0	
-21.4	18.0	32.8	3.2	
-14.0	-6.6	67.2	-41.0	
-36.1	10.6	89.3	-21.4	
-48.4	-9.1	99.2	10.6	
-6.6	-1.7	104.1	20.5	
8.2	-4.1	94.3	0.8	
18.0	-4.1	101.6	-36.1	
32.8	74.6	109.0	-1.7	
69.7	50.0	91.8	5.7	
86.9	18.0	72.1	8.2	
74.6	54.9	20.5	0.8	
79.5	84.4	-33.7	-1.7	
59.8	74.6	-46.0	-9.1	
37.7	8.2	-60.7	25.4	
0.8	-11.5	-16.4	20.5	
-31.2	15.5	37.7	-9.1	
-43.5	37.7	40.1	-11.5	
5.7	5.7	72.1	-14.0	
67.2	-16.4	104.1	-11.5	
121.3	-14.0	89.3	-18.9	
131.2	-14.0	47.5	-1.7	
99.2	-28.7	-33.7	15.5	
72.1	-16.4	-41.0	18.0	
13.1	10.6	-87.8	-9.1	
5.7	-4.1	-90.2	-43.5	
-21.4	32.8	-176.3	-53.3	
-23.8	59.8	-139.4	-18.9	
-21.4	52.4	-149.3	20.5	
22.9	3.2	-100.1	79.5	
94.3	-36.1	13.1	77.0	
128.7	-18.9	74.6	22.9	
67.2	18.0	59.8	-50.9	
-11.5	8.2	54.9	-53.3	
-65.6	40.1	42.6	-50.9	
-97.6	62.3	15.5	-28.7	
-164.0	94.3	-21.4	5.7	
-161.6	118.9	-33.7	10.6	
-105.0	40.1	-21.4	-9.1	
-60.7	-4.1	-4.1	-28.7	
-38.6	-41.0	45.1	-9.1	
-60.7	-26.3	79.5	-4.1	
-60.7	32.8	131.2	22.9	
-68.1	52.4	128.7	15.5	
-50.9	62.3	94.3	-21.4	
-23.8	109.0	59.8	-36.1	
47.5	99.2	-33.7	-28.7	
72.1	101.6	-80.4	0.8	
109.0	86.9	-87.8	45.1	
111.5	94.3	-31.2	45.1	
79.5	82.0	54.9	0.8	
69.7	89.3	89.3	-18.9	
32.8	50.0	106.6	-11.5	
-23.8	20.5	121.3	-53.3	
-55.8	-50.9	121.3	-46.0	
-73.0	-36.1	22.9	-23.8	
-102.5	-97.6	-11.5	15.5	
-85.3	-80.4	-58.3	27.8	
-50.9	-21.4	-68.1	8.2	
0.8	3.2	-137.0	-6.6	
67.2	22.9	-196.0	62.3	
109.0	72.1	-186.2	47.5	
59.8	22.9	-107.5	3.2	
25.4	3.2	-63.2	-9.1	
10.6	-1.7	-53.3	-28.7	
-26.3	-6.6	-48.4	-14.0	
-14.0	18.0	-26.3	-6.6	
0.8	37.7	-50.9	-11.5	
8.2	57.4	-43.5	-28.7	
0.8	72.1	0.8	-36.1	
8.2	69.7	20.5	3.2	
-4.1	27.8	20.5	18.0	
10.6	30.3	57.4	3.2	
50.0	-14.0	89.3	-33.7	
69.7	-36.1	59.8	-36.1	
52.4	-46.0	-21.4	-9.1	
69.7	-82.9	-60.7	27.8	
91.8	-65.6	-38.6	15.5	
128.7	-23.8	-43.5	-4.1	
143.5	15.5	-63.2	-16.4	
91.8	59.8	-107.5	-9.1	
8.2	121.3	-102.5	-23.8	
-26.3	89.3	-50.9	-23.8	
5.7	82.0	-80.4	15.5	
-1.7	91.8	-102.5	18.0	
-38.6	84.4	-33.7	5.7	
-70.6	94.3	5.7	3.2	
-53.3	62.3	13.1	20.5	
-48.4	18.0	52.4	50.0	
-21.4	-6.6	82.0	59.8	
15.5	-36.1	91.8	-1.7	
64.7	-33.7	113.9	-23.8	
106.6	-23.8	82.0	-14.0	
138.5	-6.6	59.8	-16.4	
170.5	-6.6	101.6	-14.0	
141.0	-58.3	91.8	-1.7	
121.3	-55.8	13.1	40.1	
77.0	15.5	-60.7	57.4	
25.4	67.2	-50.9	45.1	
-31.2	101.6	-16.4	25.4	
-58.3	111.5	-18.9	15.5	
-55.8	121.3	-6.6	-1.7	
-21.4	64.7	91.8	5.7	
-11.5	37.7	126.2	0.8	
-33.7	8.2	99.2	5.7	
-53.3	25.4	72.1	-18.9	
-92.7	72.1	86.9	-1.7	
-124.7	64.7	47.5	-23.8	
-112.4	35.2	10.6	-11.5	
-127.1	3.2	-43.5	-9.1	
-137.0	-1.7	-48.4	0.8	
-63.2	-23.8	-87.8	-1.7	
62.3	-18.9	-80.4	-4.1	
104.1	-33.7	-58.3	0.8	
111.5	50.0	-28.7	-4.1	
94.3	91.8	3.2	-4.1	
138.5	72.1	45.1	-1.7	
121.3	47.5	111.5	-18.9	
74.6	37.7	163.1	-11.5	
18.0	18.0	121.3	-11.5	
-60.7	25.4	35.2	15.5	
-65.6	35.2	-48.4	32.8	
-21.4	32.8	-70.6	40.1	
-6.6	47.5	-41.0	27.8	
-18.9	18.0	-105.0	-1.7	
-46.0	8.2	-173.9	-6.6	
-33.7	0.8	-198.5	18.0	
-18.9	5.7	-95.2	10.6	
5.7	18.0	10.6	-1.7	
-4.1	35.2	77.0	-4.1	
-16.4	62.3	155.8	-4.1	
-21.4	77.0	158.2	-11.5	
5.7	79.5	155.8	-11.5	
52.4	40.1	141.0	3.2	
69.7	0.8	113.9	32.8	
86.9	-11.5	42.6	40.1	
96.7	-23.8	-53.3	22.9	
94.3	-9.1	-137.0	-4.1	
77.0	-16.4	-196.0	-23.8	
22.9	10.6	-161.6	-28.7	
18.0	59.8	-146.8	-26.3	
10.6	99.2	-102.5	-9.1	
-26.3	86.9	-105.0	15.5	
-65.6	62.3	-107.5	59.8	
-73.0	47.5	-97.6	37.7	
-46.0	22.9	-50.9	8.2	
8.2	-11.5	-100.1	-1.7	
37.7	-46.0	-149.3	0.8	
40.1	-33.7	-109.9	-23.8	
50.0	-28.7	-149.3	-36.1	
25.4	3.2	-95.2	-36.1	
18.0	30.3	-16.4	-1.7	
-11.5	57.4	22.9	22.9	
-48.4	62.3	79.5	32.8	
-60.7	77.0	101.6	18.0	
-65.6	64.7	40.1	5.7	
-68.1	62.3	32.8	-1.7	
-46.0	99.2	-1.7	-4.1	
22.9	128.7	-4.1	8.2	
104.1	136.1	-11.5	-16.4	
165.6	113.9	-26.3	-18.9	
173.0	150.8	-21.4	-23.8	
113.9	133.6	22.9	-1.7	
113.9	72.1	96.7	13.1	
82.0	-21.4	99.2	20.5	
-11.5	-171.4	25.4	3.2	
-77.9	-235.4	-11.5	-14.0	
-87.8	-151.7	13.1	-9.1	
-63.2	-82.9	67.2	15.5	
-36.1	-46.0	50.0	35.2	
8.2	13.1	57.4	30.3	
45.1	18.0	-18.9	5.7	
82.0	47.5	-80.4	-23.8	
84.4	40.1	-50.9	-11.5	
59.8	37.7	-43.5	-1.7	
52.4	47.5	-41.0	-1.7	
67.2	86.9	-28.7	-18.9	
69.7	104.1	22.9	-14.0	
18.0	118.9	57.4	20.5	
-9.1	143.5	52.4	30.3	
-18.9	168.1	18.0	-6.6	
3.2	113.9	15.5	-1.7	
22.9	74.6	20.5	-26.3	
5.7	42.6	54.9	-11.5	
-26.3	27.8	64.7	15.5	
-31.2	-48.4	47.5	40.1	
-23.8	-77.9	37.7	13.1	
-36.1	-95.2	15.5	-14.0	
-26.3	-87.8	-28.7	-41.0	
3.2	-132.1	-73.0	-26.3	
27.8	-50.9	-55.8	0.8	
42.6	-23.8	-23.8	47.5	
47.5	-9.1	18.0	62.3	
72.1	13.1	64.7	35.2	
84.4	22.9	67.2	10.6	
72.1	-4.1	72.1	-14.0	
15.5	-4.1	74.6	0.8	
-33.7	20.5	47.5	-11.5	
-43.5	47.5	20.5	-4.1	
-36.1	30.3	18.0	-6.6	
-33.7	8.2	47.5	-18.9	
15.5	25.4	30.3	-6.6	
22.9	18.0	47.5	-9.1	
37.7	18.0	59.8	-4.1	
35.2	50.0	89.3	0.8	
27.8	64.7	104.1	25.4	
35.2	40.1	62.3	32.8	
25.4	32.8	47.5	25.4	
5.7	82.0	96.7	13.1	
5.7	116.4	138.5	8.2	
10.6	109.0	69.7	-1.7	
32.8	72.1	3.2	-6.6	
40.1	-4.1	35.2	18.0	
18.0	3.2	91.8	30.3	
-4.1	32.8	64.7	13.1	
0.8	27.8	-107.5	20.5	
8.2	27.8	-169.0	18.0	
10.6	8.2	-92.7	-9.1	
8.2	5.7	42.6	-14.0	
-23.8	22.9	96.7	18.0	
-46.0	35.2	37.7	47.5	
-50.9	25.4	54.9	69.7	
-50.9	22.9	52.4	40.1	
-31.2	27.8	32.8	-14.0	
-21.4	32.8	5.7	-48.4	
-11.5	35.2	57.4	-43.5	
32.8	35.2	86.9	-26.3	
54.9	27.8	79.5	5.7	
74.6	45.1	79.5	27.8	
67.2	37.7	22.9	13.1	
57.4	25.4	13.1	-11.5	
20.5	22.9	-26.3	-16.4	
-33.7	20.5	-58.3	-11.5	
-14.0	32.8	-63.2	-38.6	
18.0	35.2	-60.7	-18.9	
35.2	25.4	18.0	37.7	
5.7	10.6	86.9	45.1	
27.8	-28.7	116.4	27.8	
67.2	15.5	111.5	13.1	
84.4	30.3	84.4	20.5	
40.1	62.3	57.4	-9.1	
-28.7	86.9	54.9	-11.5	
-48.4	113.9	-11.5	15.5	
-63.2	62.3	-53.3	40.1	
-48.4	-4.1	-48.4	13.1	
-41.0	-33.7	62.3	-23.8	
-1.7	-63.2	116.4	8.2	
-4.1	-73.0	84.4	22.9	
-18.9	-102.5	106.6	18.0	
-46.0	-87.8	111.5	13.1	
-75.5	35.2	47.5	-6.6	
-75.5	84.4	18.0	-38.6	
-46.0	79.5	-97.6	-28.7	
-48.4	91.8	-198.5	5.7	
-38.6	45.1	-178.8	82.0	
-6.6	10.6	-122.2	136.1	
40.1	25.4	-107.5	62.3	
104.1	45.1	-95.2	-50.9	
153.3	67.2	-53.3	-73.0	
155.8	64.7	-18.9	-73.0	
104.1	47.5	18.0	-50.9	
59.8	96.7	18.0	-21.4	
0.8	128.7	0.8	0.8	
-48.4	133.6	8.2	15.5	
-36.1	84.4	30.3	15.5	
18.0	42.6	74.6	-4.1	
37.7	30.3	40.1	37.7	
27.8	-21.4	0.8	5.7	
45.1	-26.3	13.1	-1.7	
86.9	-31.2	20.5	5.7	
118.9	-31.2	54.9	18.0	
74.6	-21.4	32.8	22.9	
-9.1	-53.3	-26.3	-11.5	
-55.8	-80.4	-122.2	-26.3	
-60.7	-23.8	-141.9	-33.7	
-60.7	8.2	-134.5	-1.7	
-55.8	40.1	-105.0	13.1	
-41.0	54.9	-1.7	-11.5	
-11.5	52.4	180.4	-1.7	
64.7	54.9	185.3	10.6	
123.8	47.5	131.2	13.1	
145.9	30.3	163.1	-6.6	
141.0	50.0	113.9	5.7	
116.4	32.8	-11.5	-1.7	
74.6	59.8	-95.2	-4.1	
-16.4	82.0	-232.9	-6.6	
-80.4	77.0	-292.0	-23.8	
-77.9	47.5	-173.9	-4.1	
-48.4	15.5	-60.7	18.0	
-38.6	-1.7	-26.3	18.0	
-21.4	-6.6	15.5	-11.5	
-4.1	-16.4	74.6	-48.4	
-14.0	5.7	50.0	18.0	
5.7	35.2	45.1	37.7	
50.0	30.3	20.5	59.8	
91.8	35.2	10.6	89.3	
91.8	27.8	-9.1	27.8	
47.5	32.8	-6.6	-38.6	
22.9	45.1	-26.3	-77.9	
-16.4	47.5	-23.8	-63.2	
-85.3	35.2	-11.5	-28.7	
-92.7	35.2	-4.1	5.7	
-73.0	-4.1	-23.8	13.1	
-48.4	-11.5	-26.3	18.0	
-21.4	-38.6	3.2	22.9	
-16.4	-9.1	-14.0	5.7	
-18.9	15.5	-73.0	-21.4	
-23.8	77.0	-122.2	0.8	
0.8	59.8	-100.1	37.7	
0.8	50.0	-28.7	5.7	
3.2	59.8	0.8	-18.9	
20.5	113.9	3.2	-33.7	
50.0	109.0	-9.1	-28.7	
52.4	77.0	22.9	-1.7	
62.3	15.5	82.0	25.4	
72.1	-4.1	126.2	32.8	
72.1	-38.6	133.6	-23.8	
86.9	-33.7	158.2	-33.7	
77.0	-46.0	121.3	-16.4	
47.5	-36.1	96.7	-14.0	
13.1	-38.6	52.4	-18.9	
-1.7	-16.4	-28.7	57.4	
27.8	20.5	-117.3	109.0	
59.8	32.8	-85.3	59.8	
64.7	40.1	-60.7	-14.0	
35.2	13.1	-90.2	-48.4	
-28.7	74.6	-146.8	-23.8	
-50.9	42.6	-169.0	-4.1	
-87.8	50.0	-124.7	-38.6	
-75.5	67.2	-141.9	-50.9	
5.7	37.7	-114.8	-18.9	
67.2	62.3	-41.0	37.7	
118.9	82.0	18.0	64.7	
116.4	40.1	47.5	27.8	
101.6	64.7	18.0	27.8	
64.7	77.0	25.4	25.4	
30.3	47.5	27.8	18.0	
-33.7	52.4	79.5	-33.7	
-97.6	25.4	84.4	-18.9	
-119.8	37.7	77.0	8.2	
-105.0	8.2	47.5	15.5	
-63.2	3.2	-6.6	-6.6	
-65.6	13.1	20.5	-28.7	
-46.0	37.7	40.1	-28.7	
-38.6	64.7	116.4	-11.5	
-14.0	50.0	150.8	-16.4	
35.2	3.2	91.8	18.0	
64.7	-18.9	52.4	47.5	
91.8	-26.3	45.1	37.7	
111.5	-38.6	-14.0	3.2	
163.1	18.0	-16.4	-18.9	
177.9	25.4	-16.4	10.6	
173.0	20.5	-26.3	27.8	
121.3	-14.0	3.2	50.0	
67.2	-55.8	155.8	5.7	
0.8	-65.6	202.5	-11.5	
-41.0	-21.4	153.3	13.1	
-90.2	67.2	86.9	32.8	
-124.7	82.0	20.5	18.0	
-102.5	89.3	20.5	22.9	
-73.0	72.1	8.2	30.3	
-26.3	111.5	10.6	15.5	
32.8	82.0	52.4	-6.6	
72.1	62.3	82.0	-23.8	
74.6	42.6	15.5	18.0	
42.6	57.4	-60.7	0.8	
45.1	106.6	-124.7	-16.4	
8.2	99.2	-171.4	-9.1	
3.2	91.8	-196.0	15.5	
-9.1	106.6	-159.1	-14.0	
-1.7	50.0	-82.9	-16.4	
22.9	-4.1	-36.1	52.4	
22.9	22.9	-11.5	32.8	
37.7	-31.2	5.7	0.8	
67.2	8.2	-4.1	-21.4	
79.5	-1.7	-6.6	-1.7	
57.4	37.7	25.4	3.2	
42.6	27.8	89.3	13.1	
18.0	20.5	175.4	-9.1	
-4.1	22.9	249.2	-14.0	
-18.9	35.2	222.2	-1.7	
-31.2	45.1	217.3	3.2	
-21.4	40.1	173.0	-1.7	
-21.4	32.8	104.1	13.1	
-28.7	30.3	15.5	15.5	
15.5	-4.1	-46.0	15.5	
35.2	-48.4	-134.5	3.2	
27.8	-53.3	-282.1	-43.5	
10.6	-1.7	-200.9	-21.4	
8.2	-23.8	-95.2	45.1	
22.9	-95.2	-107.5	96.7	
3.2	-55.8	-95.2	50.0	
-23.8	0.8	-33.7	-23.8	
-65.6	8.2	-9.1	-36.1	
-87.8	22.9	30.3	-23.8	
-68.1	47.5	30.3	20.5	
-43.5	47.5	-85.3	77.0	
-26.3	74.6	-122.2	35.2	
-18.9	72.1	-73.0	-31.2	
-36.1	25.4	-14.0	-41.0	
-46.0	37.7	25.4	-36.1	
-53.3	13.1	82.0	-14.0	
-48.4	25.4	74.6	-9.1	
-41.0	18.0	86.9	-4.1	
-26.3	47.5	67.2	-1.7	
-9.1	45.1	-1.7	-4.1	
8.2	42.6	-109.9	-4.1	
40.1	52.4	-193.6	-9.1	
54.9	57.4	-149.3	-6.6	
37.7	52.4	-60.7	-1.7	
22.9	45.1	82.0	0.8	
45.1	54.9	153.3	5.7	
72.1	20.5	239.4	20.5	
136.1	15.5	227.1	32.8	
168.1	35.2	99.2	20.5	
163.1	-18.9	40.1	5.7	
163.1	-14.0	-38.6	-28.7	
79.5	10.6	-70.6	-23.8	
10.6	-4.1	-65.6	-16.4	
-26.3	20.5	-50.9	-11.5	
-9.1	-11.5	-6.6	8.2	
13.1	-36.1	20.5	57.4	
3.2	-31.2	32.8	45.1	
10.6	-41.0	18.0	18.0	
30.3	-6.6	-31.2	22.9	
64.7	37.7	-95.2	3.2	
59.8	52.4	-112.4	-16.4	
42.6	62.3	-102.5	-16.4	
18.0	62.3	-55.8	-26.3	
52.4	86.9	-38.6	-1.7	
82.0	86.9	5.7	-14.0	
72.1	123.8	62.3	-4.1	
30.3	150.8	133.6	-21.4	
-11.5	27.8	155.8	-11.5	
-41.0	3.2	170.5	5.7	
-41.0	-53.3	173.0	-16.4	
-46.0	-70.6	160.7	-26.3	
-68.1	-82.9	45.1	8.2	
-90.2	-11.5	3.2	62.3	
-124.7	27.8	-6.6	25.4	
-112.4	42.6	-65.6	0.8	
-82.9	42.6	-139.4	-23.8	
-58.3	54.9	-196.0	-26.3	
-23.8	84.4	-173.9	-26.3	
40.1	79.5	-68.1	-11.5	
91.8	57.4	-6.6	8.2	
141.0	-14.0	25.4	30.3	
168.1	-18.9	-18.9	40.1	
143.5	8.2	-107.5	15.5	
89.3	8.2	-92.7	-16.4	
18.0	10.6	-105.0	-16.4	
3.2	8.2	-68.1	-23.8	
-18.9	50.0	-33.7	-11.5	
-28.7	111.5	54.9	22.9	
-53.3	136.1	54.9	35.2	
-48.4	109.0	96.7	54.9	
-16.4	101.6	128.7	13.1	
-9.1	84.4	82.0	13.1	
3.2	89.3	54.9	25.4	
-33.7	57.4	109.0	10.6	
-28.7	91.8	94.3	-31.2	
5.7	52.4	52.4	-23.8	
13.1	99.2	69.7	-21.4	
-1.7	57.4	82.0	-16.4	
-48.4	47.5	118.9	-4.1	
-55.8	42.6	141.0	-1.7	
-11.5	15.5	133.6	20.5	
8.2	-23.8	72.1	27.8	
-16.4	-107.5	-28.7	-1.7	
-53.3	-117.3	-80.4	-1.7	
-26.3	-58.3	-186.2	10.6	
-28.7	-11.5	-210.8	10.6	
-16.4	-16.4	-176.3	10.6	
13.1	-4.1	-105.0	-1.7	
20.5	8.2	-68.1	-16.4	
40.1	-4.1	37.7	-4.1	
47.5	-14.0	148.4	13.1	
77.0	13.1	182.8	27.8	
94.3	25.4	141.0	32.8	
101.6	-6.6	104.1	32.8	
133.6	-16.4	96.7	-9.1	
136.1	25.4	121.3	-11.5	
99.2	8.2	145.9	-6.6	
79.5	5.7	128.7	-6.6	
42.6	0.8	109.0	-26.3	
13.1	15.5	47.5	0.8	
-33.7	32.8	15.5	8.2	
-82.9	35.2	-14.0	52.4	
-87.8	30.3	-9.1	10.6	
-73.0	42.6	-6.6	-26.3	
-36.1	82.0	-50.9	-4.1	
-60.7	79.5	-9.1	5.7	
-50.9	42.6	8.2	10.6	
-43.5	10.6	35.2	13.1	
-6.6	-9.1	62.3	32.8	
47.5	3.2	40.1	8.2	
72.1	37.7	25.4	-9.1	
64.7	37.7	-28.7	0.8	
40.1	40.1	-38.6	8.2	
20.5	54.9	-11.5	18.0	
37.7	121.3	5.7	3.2	
45.1	163.1	25.4	-6.6	
40.1	136.1	64.7	-21.4	
30.3	69.7	20.5	0.8	
10.6	40.1	54.9	0.8	
18.0	18.0	79.5	0.8	
22.9	-31.2	64.7	0.8	
13.1	-70.6	67.2	0.8	
-6.6	-21.4	0.8	15.5	
-28.7	-16.4	-92.7	57.4	
-38.6	-60.7	-4.1	47.5	
-46.0	64.7	45.1	-4.1	
-36.1	91.8	37.7	-28.7	
-6.6	50.0	54.9	-36.1	
-11.5	13.1	84.4	-28.7	
-11.5	-26.3	111.5	-1.7	
-14.0	-21.4	59.8	13.1	
-21.4	5.7	-60.7	45.1	
-4.1	10.6	-137.0	-9.1	
22.9	0.8	-169.0	8.2	
30.3	-38.6	-87.8	15.5	
50.0	-18.9	-23.8	5.7	
59.8	50.0	-11.5	-14.0	
77.0	79.5	-21.4	-1.7	
84.4	74.6	47.5	0.8	
99.2	86.9	109.0	8.2	
52.4	62.3	106.6	5.7	
47.5	50.0	91.8	-16.4	
42.6	50.0	57.4	-14.0	
0.8	20.5	82.0	-4.1	
-43.5	35.2	89.3	15.5	
-31.2	3.2	69.7	22.9	
-26.3	-6.6	50.0	3.2	
-1.7	5.7	-11.5	-14.0	
-6.6	69.7	-73.0	-16.4	
18.0	99.2	-75.5	5.7	
18.0	128.7	-169.0	15.5	
8.2	128.7	-169.0	13.1	
8.2	67.2	-92.7	-9.1	
42.6	32.8	-92.7	-21.4	
5.7	57.4	-75.5	-11.5	
-53.3	37.7	-33.7	5.7	
-38.6	25.4	94.3	8.2	
-6.6	20.5	141.0	10.6	
47.5	89.3	128.7	-16.4	
79.5	175.4	84.4	5.7	
89.3	158.2	57.4	8.2	
79.5	42.6	27.8	18.0	
32.8	-33.7	-129.6	15.5	
-18.9	-46.0	-203.4	-9.1	
-23.8	-31.2	-166.5	-26.3	
-9.1	-87.8	-18.9	-4.1	
-4.1	-73.0	64.7	0.8	
-1.7	-68.1	54.9	10.6	
10.6	20.5	74.6	22.9	
42.6	89.3	32.8	47.5	
82.0	106.6	-6.6	84.4	
35.2	79.5	32.8	37.7	
-11.5	52.4	47.5	-6.6	
-46.0	-1.7	82.0	-55.8	
-63.2	-21.4	131.2	-46.0	
-53.3	-48.4	163.1	-11.5	
-100.1	-63.2	123.8	8.2	
-102.5	-58.3	54.9	0.8	
-63.2	-50.9	3.2	5.7	
-11.5	-23.8	-58.3	3.2	
37.7	20.5	-92.7	-9.1	
62.3	54.9	-53.3	-1.7	
67.2	79.5	-14.0	-11.5	
77.0	40.1	-11.5	-21.4	
69.7	20.5	-36.1	0.8	
64.7	42.6	-18.9	50.0	
52.4	37.7	22.9	15.5	
47.5	54.9	18.0	-4.1	
52.4	52.4	-4.1	-11.5	
40.1	79.5	-14.0	-9.1	
45.1	101.6	-4.1	15.5	
35.2	126.2	27.8	8.2	
15.5	101.6	74.6	-21.4	
15.5	57.4	91.8	-33.7	
3.2	40.1	136.1	-16.4	
15.5	18.0	163.1	0.8	
18.0	8.2	133.6	40.1	
13.1	3.2	89.3	27.8	
13.1	20.5	37.7	10.6	
5.7	22.9	-9.1	-36.1	
-36.1	27.8	-31.2	-50.9	
-41.0	8.2	-151.7	10.6	
-50.9	3.2	-149.3	42.6	
-46.0	10.6	-41.0	22.9	
-53.3	-11.5	-55.8	-4.1	
-31.2	-16.4	-95.2	20.5	
-6.6	20.5	-114.8	52.4	
20.5	15.5	-85.3	8.2	
40.1	5.7	-26.3	-28.7	
42.6	-9.1	-23.8	-23.8	
40.1	37.7	-70.6	-38.6	
37.7	40.1	-114.8	-18.9	
37.7	47.5	-36.1	8.2	
64.7	47.5	123.8	22.9	
32.8	54.9	207.4	37.7	
22.9	22.9	173.0	20.5	
0.8	13.1	133.6	-9.1	
-14.0	0.8	79.5	-1.7	
3.2	-26.3	74.6	0.8	
-4.1	3.2	57.4	3.2	
-11.5	18.0	-33.7	0.8	
-6.6	-6.6	-26.3	15.5	
22.9	0.8	-48.4	10.6	
40.1	22.9	-70.6	3.2	
50.0	62.3	-50.9	3.2	
32.8	67.2	15.5	5.7	
35.2	94.3	50.0	18.0	
25.4	52.4	42.6	18.0	
-9.1	69.7	113.9	8.2	
-28.7	106.6	180.4	-4.1	
-6.6	99.2	138.5	-9.1	
3.2	22.9	118.9	3.2	
37.7	-6.6	69.7	5.7	
45.1	-9.1	10.6	8.2	
64.7	32.8	-38.6	-11.5	
82.0	47.5	-23.8	0.8	
109.0	42.6	-117.3	3.2	
113.9	45.1	-139.4	15.5	
84.4	62.3	22.9	18.0	
20.5	45.1	72.1	13.1	
-11.5	13.1	-26.3	-9.1	
-48.4	-11.5	-82.9	-23.8	
-36.1	-16.4	-60.7	-14.0	
-36.1	-16.4	15.5	-11.5	
-38.6	-53.3	111.5	-28.7	
-60.7	-36.1	64.7	-16.4	
-58.3	-33.7	-50.9	3.2	
-18.9	-6.6	59.8	27.8	
22.9	3.2	94.3	59.8	
35.2	22.9	94.3	-21.4	
-21.4	32.8	-23.8	-11.5	
-38.6	32.8	-107.5	8.2	
-18.9	10.6	-173.9	15.5	
42.6	13.1	-139.4	25.4	
77.0	27.8	-102.5	30.3	
57.4	32.8	-112.4	-4.1	
42.6	42.6	-77.9	-21.4	
37.7	67.2	-38.6	-28.7	
22.9	37.7	-11.5	-11.5	
13.1	86.9	32.8	-21.4	
-9.1	52.4	52.4	-21.4	
3.2	52.4	72.1	-9.1	
27.8	5.7	86.9	3.2	
52.4	-16.4	64.7	40.1	
57.4	-46.0	69.7	32.8	
45.1	-23.8	94.3	3.2	
50.0	-26.3	116.4	-23.8	
18.0	-1.7	141.0	-11.5	
-1.7	67.2	96.7	18.0	
-28.7	86.9	54.9	50.0	
-26.3	50.0	45.1	18.0	
-58.3	42.6	-9.1	-14.0	
-68.1	20.5	-46.0	0.8	
-43.5	0.8	-33.7	3.2	
-21.4	22.9	-43.5	-9.1	
-38.6	47.5	-11.5	-11.5	
-31.2	42.6	-4.1	-1.7	
-33.7	67.2	-28.7	-1.7	
13.1	84.4	-36.1	-18.9	
32.8	82.0	-21.4	-21.4	
52.4	54.9	20.5	-14.0	
72.1	5.7	35.2	10.6	
94.3	59.8	47.5	25.4	
101.6	72.1	64.7	54.9	
123.8	25.4	25.4	45.1	
118.9	25.4	-11.5	18.0	
91.8	67.2	-33.7	-9.1	
37.7	69.7	-14.0	-26.3	
13.1	18.0	35.2	5.7	
-14.0	25.4	74.6	0.8	
-14.0	10.6	86.9	-26.3	
0.8	35.2	69.7	-31.2	
37.7	35.2	69.7	-16.4	
27.8	-48.4	77.0	-14.0	
8.2	-43.5	42.6	-9.1	
3.2	18.0	22.9	-4.1	
-16.4	57.4	-31.2	5.7	
-11.5	64.7	-58.3	8.2	
-53.3	30.3	-4.1	8.2	
-87.8	27.8	116.4	-1.7	
-102.5	54.9	212.3	10.6	
-65.6	47.5	222.2	5.7	
-55.8	-11.5	165.6	0.8	
-48.4	0.8	22.9	18.0	
-33.7	-9.1	-87.8	18.0	
-6.6	0.8	-159.1	25.4	
-16.4	40.1	-210.8	13.1	
10.6	69.7	-223.1	32.8	
22.9	104.1	-164.0	-1.7	
37.7	123.8	-151.7	-4.1	
25.4	123.8	-132.1	5.7	
32.8	47.5	-77.9	22.9	
15.5	27.8	-43.5	13.1	
22.9	40.1	40.1	0.8	
25.4	-9.1	158.2	-26.3	
10.6	-60.7	187.7	-43.5	
5.7	-6.6	195.1	-41.0	
-4.1	10.6	187.7	-11.5	
-6.6	-26.3	168.1	-46.0	
-21.4	3.2	148.4	-31.2	
-11.5	-41.0	128.7	62.3	
-1.7	-55.8	69.7	141.0	
15.5	-38.6	-1.7	101.6	
37.7	5.7	-31.2	5.7	
64.7	35.2	-65.6	-31.2	
91.8	37.7	-105.0	-46.0	
111.5	47.5	-75.5	-46.0	
101.6	45.1	-55.8	-23.8	
101.6	59.8	-33.7	-1.7	
59.8	27.8	-1.7	-9.1	
-6.6	42.6	20.5	-4.1	
-43.5	25.4	59.8	8.2	
-60.7	59.8	50.0	5.7	
-50.9	59.8	86.9	3.2	
-41.0	47.5	101.6	8.2	
-41.0	40.1	94.3	15.5	
-33.7	30.3	77.0	15.5	
-11.5	8.2	67.2	10.6	
10.6	-6.6	50.0	-1.7	
25.4	-18.9	-26.3	-4.1	
45.1	8.2	-53.3	0.8	
40.1	59.8	-60.7	22.9	
22.9	72.1	-31.2	15.5	
59.8	40.1	22.9	-4.1	
94.3	40.1	0.8	-14.0	
113.9	37.7	-16.4	10.6	
131.2	62.3	-9.1	27.8	
131.2	64.7	-9.1	15.5	
123.8	62.3	-16.4	22.9	
133.6	47.5	35.2	5.7	
94.3	62.3	42.6	8.2	
-1.7	10.6	37.7	-23.8	
-68.1	-38.6	0.8	-36.1	
-36.1	-100.1	-31.2	-14.0	
-6.6	-146.8	-46.0	15.5	
-21.4	-85.3	-46.0	10.6	
-16.4	-18.9	-14.0	-9.1	
-18.9	35.2	15.5	10.6	
-31.2	69.7	-1.7	10.6	
-43.5	113.9	-18.9	0.8	
-48.4	150.8	-26.3	-4.1	
-68.1	123.8	-23.8	10.6	
-53.3	82.0	-9.1	8.2	
-55.8	54.9	22.9	-16.4	
-97.6	101.6	45.1	-6.6	
-97.6	131.2	5.7	-16.4	
-77.9	77.0	-36.1	-31.2	
-80.4	35.2	-102.5	-28.7	
-73.0	45.1	-73.0	32.8	
-90.2	37.7	-31.2	50.0	
-70.6	47.5	3.2	57.4	
-6.6	25.4	30.3	74.6	
74.6	-9.1	64.7	32.8	
111.5	-26.3	84.4	-18.9	
133.6	8.2	84.4	-31.2	
106.6	8.2	113.9	-16.4	
74.6	8.2	84.4	-11.5	
-1.7	-4.1	50.0	-23.8	
-73.0	-38.6	35.2	-31.2	
-75.5	-21.4	30.3	5.7	
-70.6	-18.9	59.8	3.2	
-87.8	-21.4	94.3	-4.1	
-80.4	-6.6	99.2	20.5	
-38.6	8.2	20.5	20.5	
-23.8	-36.1	-38.6	-9.1	
15.5	-43.5	-48.4	-16.4	
32.8	-11.5	-14.0	20.5	
30.3	10.6	37.7	47.5	
25.4	45.1	84.4	35.2	
57.4	111.5	131.2	-4.1	
64.7	131.2	136.1	-9.1	
79.5	165.6	54.9	-9.1	
82.0	133.6	-36.1	-16.4	
57.4	77.0	-134.5	-11.5	
111.5	101.6	-139.4	3.2	
113.9	69.7	-146.8	5.7	
64.7	-11.5	-60.7	-21.4	
35.2	-6.6	-23.8	-31.2	
42.6	8.2	-6.6	8.2	
30.3	8.2	5.7	30.3	
-1.7	15.5	45.1	37.7	
-18.9	40.1	84.4	22.9	
-14.0	67.2	77.0	0.8	
-18.9	77.0	77.0	-21.4	
-21.4	104.1	91.8	-14.0	
-23.8	30.3	106.6	-21.4	
-23.8	20.5	84.4	-11.5	
22.9	10.6	-6.6	-4.1	
47.5	50.0	-60.7	-14.0	
22.9	77.0	-55.8	3.2	
13.1	94.3	-33.7	72.1	
3.2	13.1	-58.3	96.7	
-9.1	-65.6	-50.9	37.7	
5.7	-112.4	18.0	-6.6	
40.1	-46.0	57.4	-16.4	
54.9	-9.1	91.8	-36.1	
62.3	-21.4	57.4	-1.7	
67.2	8.2	30.3	15.5	
96.7	8.2	-33.7	-4.1	
116.4	-1.7	-43.5	-26.3	
121.3	-21.4	-95.2	-4.1	
104.1	8.2	-75.5	18.0	
89.3	45.1	0.8	59.8	
35.2	30.3	10.6	37.7	
-1.7	47.5	15.5	-1.7	
-65.6	45.1	-33.7	-21.4	
-82.9	13.1	-55.8	-14.0	
-122.2	13.1	-18.9	-1.7	
-100.1	-1.7	62.3	13.1	
-58.3	0.8	111.5	40.1	
-36.1	8.2	104.1	18.0	
-4.1	27.8	50.0	3.2	
50.0	57.4	57.4	-6.6	
96.7	50.0	64.7	-1.7	
128.7	72.1	89.3	3.2	
111.5	57.4	86.9	-9.1	
86.9	82.0	18.0	5.7	
27.8	96.7	5.7	-4.1	
-9.1	96.7	32.8	-14.0	
-14.0	96.7	67.2	-16.4	
3.2	25.4	22.9	47.5	
-18.9	-23.8	10.6	79.5	
-28.7	-31.2	-36.1	10.6	
20.5	-31.2	-65.6	-4.1	
59.8	3.2	-21.4	-9.1	
40.1	18.0	50.0	-16.4	
47.5	30.3	-11.5	-14.0	
37.7	52.4	-114.8	-1.7	
32.8	52.4	-154.2	8.2	
50.0	35.2	-129.6	-6.6	
79.5	13.1	-16.4	-21.4	
77.0	15.5	25.4	15.5	
50.0	35.2	27.8	62.3	
-77.9	35.2	74.6	59.8	
-237.8	59.8	111.5	18.0	
-326.4	54.9	145.9	-18.9	
-319.0	47.5	173.0	-36.1	
-210.8	84.4	207.4	-14.0	
-105.0	57.4	205.0	27.8	
-31.2	-43.5	165.6	15.5	
-4.1	-73.0	15.5	37.7	
77.0	-80.4	-75.5	64.7	
128.7	-31.2	-50.9	35.2	
136.1	-11.5	-75.5	-11.5	
121.3	13.1	-129.6	-31.2	
69.7	40.1	-87.8	-23.8	
54.9	89.3	-80.4	-16.4	
59.8	136.1	-92.7	-6.6	
37.7	128.7	-129.6	18.0	
45.1	82.0	-159.1	50.0	
8.2	52.4	-196.0	50.0	
-28.7	10.6	-107.5	20.5	
-38.6	-9.1	-11.5	0.8	
-63.2	10.6	50.0	-6.6	
-21.4	59.8	94.3	-11.5	
30.3	72.1	77.0	-38.6	
64.7	54.9	62.3	-31.2	
104.1	45.1	-1.7	-11.5	
170.5	20.5	-16.4	0.8	
131.2	-43.5	35.2	15.5	
82.0	-63.2	57.4	13.1	
123.8	-43.5	82.0	10.6	
138.5	13.1	111.5	8.2	
101.6	37.7	82.0	18.0	
52.4	42.6	13.1	27.8	
-4.1	101.6	-58.3	15.5	
-60.7	69.7	-156.7	0.8	
-100.1	47.5	-102.5	13.1	
-68.1	47.5	-60.7	22.9	
-60.7	22.9	-16.4	27.8	
-60.7	13.1	40.1	13.1	
-70.6	25.4	59.8	0.8	
-48.4	8.2	52.4	5.7	
-4.1	8.2	69.7	18.0	
-6.6	-6.6	89.3	37.7	
-18.9	5.7	82.0	-6.6	
-11.5	20.5	-1.7	-31.2	
10.6	13.1	-97.6	-4.1	
50.0	13.1	-161.6	59.8	
116.4	8.2	-105.0	99.2	
155.8	-6.6	5.7	37.7	
170.5	27.8	54.9	-31.2	
150.8	13.1	69.7	-21.4	
77.0	77.0	86.9	-18.9	
27.8	86.9	94.3	-26.3	
-50.9	84.4	116.4	-11.5	
-137.0	40.1	96.7	-9.1	
-154.2	42.6	25.4	-11.5	
-107.5	13.1	10.6	-1.7	
-87.8	-23.8	30.3	-6.6	
-55.8	-28.7	54.9	8.2	
-23.8	-18.9	101.6	0.8	
-6.6	5.7	254.2	-16.4	
30.3	-21.4	209.9	-9.1	
30.3	-26.3	96.7	-9.1	
0.8	-33.7	40.1	8.2	
-21.4	18.0	-28.7	3.2	
-16.4	74.6	-146.8	22.9	
8.2	123.8	-284.6	45.1	
18.0	106.6	-449.4	35.2	
-31.2	116.4	-380.5	18.0	
-80.4	101.6	-11.5	5.7	
-46.0	35.2	170.5	-6.6	
-1.7	-6.6	138.5	-18.9	
64.7	-11.5	177.9	-11.5	
128.7	52.4	177.9	47.5	
99.2	57.4	148.4	89.3	
99.2	32.8	32.8	42.6	
118.9	15.5	-9.1	0.8	
141.0	-1.7	-48.4	-38.6	
138.5	-16.4	-68.1	-11.5	
96.7	27.8	-73.0	13.1	
54.9	15.5	-137.0	10.6	
54.9	25.4	-141.9	-1.7	
3.2	-14.0	-132.1	-26.3	
-21.4	42.6	-65.6	15.5	
-6.6	57.4	-18.9	20.5	
-9.1	47.5	99.2	18.0	
10.6	50.0	202.5	25.4	
5.7	32.8	207.4	27.8	
-31.2	35.2	185.3	-4.1	
-11.5	27.8	145.9	-1.7	
-63.2	27.8	77.0	15.5	
-80.4	42.6	15.5	-4.1	
-63.2	25.4	-105.0	-9.1	
-36.1	35.2	-181.3	50.0	
-9.1	32.8	-95.2	54.9	
52.4	69.7	-68.1	8.2	
106.6	69.7	-117.3	-26.3	
91.8	45.1	-144.4	-9.1	
111.5	35.2	-139.4	32.8	
131.2	20.5	-109.9	42.6	
106.6	32.8	-68.1	20.5	
74.6	72.1	-41.0	-11.5	
-31.2	106.6	20.5	-4.1	
-73.0	0.8	45.1	13.1	
-82.9	27.8	27.8	10.6	
-55.8	30.3	57.4	8.2	
-28.7	96.7	82.0	8.2	
-28.7	113.9	138.5	-4.1	
-31.2	59.8	182.8	5.7	
-80.4	18.0	163.1	13.1	
-144.4	-36.1	106.6	27.8	
-119.8	-46.0	165.6	20.5	
-92.7	-23.8	106.6	3.2	
-82.9	-23.8	32.8	15.5	
-18.9	-26.3	-41.0	32.8	
27.8	3.2	-149.3	47.5	
47.5	8.2	-232.9	5.7	
15.5	22.9	-218.2	-16.4	
54.9	13.1	-218.2	-16.4	
82.0	22.9	-176.3	-11.5	
126.2	15.5	-193.6	-9.1	
168.1	-18.9	-134.5	37.7	
214.8	-4.1	-38.6	72.1	
182.8	-21.4	-33.7	18.0	
121.3	15.5	57.4	-33.7	
52.4	-9.1	57.4	-16.4	
10.6	-48.4	35.2	0.8	
-28.7	3.2	32.8	-1.7	
-97.6	52.4	18.0	0.8	
-114.8	111.5	-28.7	-4.1	
-48.4	69.7	-28.7	-16.4	
10.6	32.8	-4.1	8.2	
57.4	15.5	-1.7	8.2	
20.5	18.0	20.5	35.2	
-26.3	22.9	50.0	25.4	
-85.3	45.1	30.3	10.6	
-156.7	35.2	79.5	3.2	
-191.1	77.0	64.7	-28.7	
-161.6	37.7	-1.7	-11.5	
-119.8	50.0	-109.9	35.2	
-100.1	37.7	-178.8	42.6	
-48.4	25.4	-191.1	30.3	
27.8	18.0	-134.5	-26.3	
109.0	42.6	-107.5	-28.7	
207.4	0.8	-43.5	-4.1	
195.1	-31.2	27.8	-14.0	
91.8	27.8	106.6	8.2	
59.8	109.0	111.5	30.3	
82.0	155.8	113.9	25.4	
91.8	160.7	185.3	40.1	
50.0	187.7	195.1	15.5	
-4.1	165.6	158.2	-21.4	
-31.2	20.5	69.7	-28.7	
8.2	-191.1	-100.1	-36.1	
69.7	-183.7	-200.9	-23.8	
138.5	-102.5	-181.3	-9.1	
141.0	-21.4	-100.1	-23.8	
72.1	-14.0	-114.8	-9.1	
18.0	-4.1	-193.6	15.5	
-14.0	27.8	-287.0	104.1	
-80.4	42.6	-196.0	84.4	
-102.5	54.9	-173.9	-9.1	
-112.4	109.0	-50.9	0.8	
-28.7	113.9	40.1	-26.3	
89.3	91.8	86.9	-60.7	
155.8	79.5	113.9	-43.5	
217.3	104.1	158.2	3.2	
244.3	91.8	177.9	40.1	
202.5	22.9	173.0	25.4	
96.7	20.5	158.2	3.2	
25.4	-11.5	170.5	-16.4	
-53.3	8.2	141.0	10.6	
-178.8	45.1	74.6	13.1	
-299.3	52.4	30.3	13.1	
-287.0	-14.0	82.0	-21.4	
-181.3	-18.9	101.6	20.5	
-87.8	-18.9	138.5	20.5	
-33.7	-41.0	42.6	27.8	
5.7	-36.1	-26.3	15.5	
64.7	25.4	-28.7	25.4	
136.1	57.4	-38.6	20.5	
160.7	35.2	-102.5	-21.4	
136.1	15.5	-191.1	-36.1	
72.1	0.8	-119.8	8.2	
42.6	-1.7	-105.0	45.1	
50.0	-4.1	-63.2	62.3	
67.2	-18.9	-48.4	37.7	
62.3	-9.1	-28.7	-21.4	
-9.1	10.6	3.2	-38.6	
-97.6	47.5	69.7	-9.1	
-92.7	57.4	118.9	5.7	
-90.2	57.4	153.3	15.5	
-114.8	138.5	173.0	22.9	
-92.7	116.4	126.2	3.2	
20.5	148.4	99.2	13.1	
136.1	155.8	72.1	18.0	
150.8	153.3	72.1	18.0	
116.4	109.0	20.5	18.0	
72.1	72.1	20.5	22.9	
22.9	57.4	27.8	15.5	
-31.2	86.9	-14.0	18.0	
-100.1	82.0	-23.8	22.9	
-68.1	37.7	-55.8	10.6	
-9.1	0.8	-53.3	15.5	
27.8	20.5	-21.4	37.7	
62.3	-48.4	-105.0	13.1	
27.8	-48.4	-102.5	8.2	
25.4	-11.5	-161.6	5.7	
32.8	22.9	-156.7	0.8	
27.8	40.1	-100.1	-1.7	
-4.1	54.9	-119.8	22.9	
-21.4	15.5	-107.5	45.1	
5.7	40.1	-28.7	64.7	
42.6	50.0	40.1	64.7	
86.9	54.9	64.7	27.8	
96.7	74.6	116.4	30.3	
104.1	30.3	113.9	3.2	
91.8	-6.6	67.2	-14.0	
40.1	-77.9	30.3	18.0	
-6.6	-132.1	-6.6	-9.1	
-60.7	-107.5	-48.4	-9.1	
-43.5	-53.3	-9.1	-1.7	
10.6	15.5	-18.9	3.2	
35.2	128.7	-105.0	27.8	
3.2	209.9	-161.6	13.1	
32.8	190.2	-154.2	18.0	
175.4	106.6	-127.1	15.5	
259.1	-9.1	-77.9	-6.6	
256.6	-68.1	-14.0	-18.9	
219.7	-48.4	52.4	0.8	
148.4	-85.3	64.7	8.2	
25.4	-82.9	74.6	-26.3	
-112.4	-46.0	59.8	-18.9	
-210.8	-48.4	106.6	-21.4	
-284.6	0.8	138.5	-6.6	
-296.9	-14.0	118.9	40.1	
-218.2	-31.2	111.5	30.3	
-100.1	-50.9	47.5	-21.4	
-26.3	-1.7	13.1	-18.9	
-28.7	3.2	-68.1	0.8	
-23.8	25.4	-77.9	8.2	
5.7	59.8	-4.1	-4.1	
15.5	64.7	116.4	0.8	
20.5	101.6	121.3	5.7	
57.4	42.6	64.7	10.6	
52.4	25.4	5.7	3.2	
27.8	121.3	-114.8	-1.7	
35.2	205.0	-191.1	3.2	
37.7	185.3	-166.5	5.7	
8.2	217.3	-169.0	3.2	
0.8	209.9	-193.6	-6.6	
-18.9	77.0	-124.7	10.6	
18.0	13.1	-36.1	-4.1	
104.1	-82.9	57.4	5.7	
155.8	-144.4	74.6	-21.4	
175.4	-146.8	67.2	22.9	
182.8	-63.2	106.6	37.7	
202.5	-16.4	123.8	3.2	
118.9	18.0	185.3	-43.5	
0.8	3.2	209.9	0.8	
-46.0	10.6	138.5	37.7	
-77.9	0.8	40.1	40.1	
-77.9	-4.1	25.4	5.7	
-28.7	5.7	10.6	-6.6	
-53.3	8.2	-53.3	-26.3	
-87.8	25.4	-9.1	-18.9	
-63.2	35.2	-21.4	-6.6	
-43.5	45.1	-119.8	0.8	
-21.4	30.3	-178.8	-11.5	
-26.3	27.8	-100.1	-11.5	
-70.6	40.1	-58.3	-11.5	
-127.1	42.6	-55.8	-14.0	
-105.0	45.1	-117.3	-14.0	
-36.1	27.8	-137.0	-21.4	
-28.7	18.0	-55.8	-31.2	
-55.8	25.4	8.2	0.8	
-33.7	37.7	3.2	27.8	
22.9	52.4	-26.3	25.4	
72.1	67.2	-16.4	20.5	
77.0	64.7	-11.5	3.2	
126.2	74.6	-1.7	3.2	
168.1	54.9	32.8	-4.1	
173.0	72.1	45.1	-21.4	
84.4	54.9	42.6	-9.1	
-11.5	52.4	20.5	25.4	
-129.6	5.7	18.0	40.1	
-132.1	-33.7	22.9	22.9	
-63.2	-41.0	27.8	10.6	
-77.9	-21.4	37.7	-21.4	
-87.8	-11.5	50.0	-1.7	
-26.3	-14.0	52.4	-6.6	
32.8	-16.4	15.5	10.6	
84.4	-1.7	-53.3	15.5	
79.5	-1.7	-109.9	0.8	
69.7	18.0	-129.6	15.5	
22.9	94.3	-134.5	15.5	
-21.4	47.5	-6.6	-1.7	
-48.4	42.6	69.7	18.0	
-70.6	82.0	106.6	27.8	
-9.1	64.7	91.8	35.2	
45.1	45.1	40.1	8.2	
86.9	15.5	-33.7	22.9	
79.5	32.8	-36.1	18.0	
79.5	62.3	20.5	-48.4	
84.4	47.5	30.3	-31.2	
77.0	62.3	-6.6	-14.0	
89.3	69.7	-4.1	-11.5	
52.4	74.6	-50.9	3.2	
3.2	72.1	-41.0	18.0	
-23.8	25.4	35.2	3.2	
-11.5	0.8	64.7	-11.5	
-14.0	-1.7	72.1	-16.4	
18.0	-18.9	136.1	-23.8	
84.4	-50.9	180.4	-41.0	
128.7	-21.4	163.1	-46.0	
118.9	54.9	143.5	-14.0	
99.2	35.2	121.3	10.6	
94.3	86.9	79.5	52.4	
109.0	64.7	40.1	30.3	
40.1	50.0	-63.2	20.5	
-68.1	42.6	-97.6	37.7	
-146.8	15.5	-75.5	30.3	
-183.7	-4.1	-55.8	62.3	
-181.3	-70.6	-11.5	74.6	
-156.7	-33.7	-23.8	-14.0	
-90.2	13.1	-21.4	-26.3	
-16.4	22.9	-65.6	-55.8	
-4.1	-16.4	-55.8	-18.9	
-9.1	-9.1	-21.4	32.8	
10.6	-53.3	0.8	35.2	
32.8	-55.8	-80.4	22.9	
25.4	-6.6	-154.2	27.8	
25.4	32.8	-186.2	15.5	
52.4	72.1	-228.0	18.0	
25.4	131.2	-257.5	37.7	
20.5	133.6	-218.2	32.8	
32.8	106.6	-85.3	0.8	
50.0	94.3	22.9	-6.6	
40.1	72.1	57.4	0.8	
45.1	54.9	106.6	20.5	
40.1	99.2	145.9	5.7	
37.7	118.9	145.9	20.5	
20.5	77.0	94.3	25.4	
13.1	8.2	45.1	18.0	
5.7	-11.5	59.8	3.2	
27.8	-18.9	0.8	0.8	
52.4	-43.5	-82.9	13.1	
54.9	-60.7	-85.3	35.2	
62.3	-50.9	-43.5	22.9	
47.5	-36.1	0.8	27.8	
5.7	-4.1	-46.0	27.8	
-38.6	-38.6	-63.2	20.5	
-48.4	-18.9	-16.4	5.7	
-58.3	-41.0	-36.1	-1.7	
-28.7	-33.7	-80.4	-11.5	
-1.7	-65.6	-70.6	27.8	
45.1	-1.7	-23.8	40.1	
123.8	-33.7	-50.9	-16.4	
153.3	18.0	-109.9	-14.0	
111.5	62.3	-68.1	40.1	
42.6	106.6	13.1	77.0	
-38.6	138.5	121.3	37.7	
-43.5	96.7	150.8	-11.5	
-9.1	91.8	202.5	-31.2	
-1.7	123.8	160.7	-4.1	
-11.5	118.9	163.1	15.5	
-23.8	30.3	62.3	22.9	
0.8	42.6	13.1	22.9	
0.8	50.0	-6.6	18.0	
-9.1	-18.9	30.3	8.2	
-9.1	-73.0	-63.2	0.8	
-11.5	-18.9	-124.7	-14.0	
-36.1	42.6	-144.4	20.5	
-55.8	-28.7	-166.5	62.3	
-36.1	-60.7	-80.4	37.7	
-18.9	69.7	25.4	-1.7	
22.9	145.9	-9.1	-18.9	
113.9	79.5	-33.7	-14.0	
109.0	57.4	0.8	-4.1	
69.7	32.8	57.4	-23.8	
59.8	20.5	202.5	-6.6	
35.2	13.1	150.8	-9.1	
42.6	10.6	104.1	-21.4	
40.1	32.8	25.4	-6.6	
-4.1	84.4	-65.6	13.1	
-26.3	104.1	-122.2	18.0	
22.9	96.7	-75.5	27.8	
42.6	79.5	-75.5	50.0	
18.0	72.1	-58.3	30.3	
-48.4	57.4	136.1	18.0	
-77.9	62.3	173.0	8.2	
-112.4	-21.4	158.2	-9.1	
-122.2	-87.8	148.4	-14.0	
-105.0	-80.4	84.4	-1.7	
-85.3	-21.4	8.2	-14.0	
-53.3	25.4	-70.6	-6.6	
5.7	47.5	-109.9	32.8	
82.0	37.7	-144.4	77.0	
99.2	25.4	-109.9	42.6	
104.1	10.6	-95.2	-1.7	
104.1	0.8	-122.2	-1.7	
91.8	22.9	-90.2	32.8	
35.2	40.1	-31.2	47.5	
-38.6	-1.7	50.0	15.5	
-55.8	-18.9	54.9	-16.4	
-16.4	-31.2	62.3	-6.6	
-43.5	13.1	54.9	0.8	
10.6	74.6	-1.7	-16.4	
118.9	82.0	22.9	-9.1	
185.3	50.0	67.2	5.7	
163.1	45.1	79.5	-6.6	
123.8	25.4	69.7	-1.7	
126.2	30.3	10.6	-1.7	
74.6	32.8	-134.5	3.2	
-48.4	42.6	-146.8	0.8	
-171.4	67.2	-141.9	15.5	
-193.6	27.8	-75.5	47.5	
-114.8	25.4	-28.7	15.5	
-63.2	22.9	-53.3	-18.9	
-48.4	13.1	-127.1	-4.1	
-26.3	5.7	-26.3	10.6	
-38.6	-16.4	47.5	10.6	
-28.7	3.2	47.5	32.8	
-33.7	13.1	47.5	8.2	
-41.0	18.0	40.1	5.7	
-36.1	-16.4	45.1	-33.7	
3.2	-18.9	143.5	-28.7	
-11.5	-6.6	205.0	-1.7	
-43.5	-4.1	229.6	-6.6	
-46.0	5.7	197.6	-1.7	
-21.4	13.1	141.0	-1.7	
22.9	86.9	141.0	15.5	
77.0	131.2	113.9	25.4	
109.0	168.1	-4.1	27.8	
118.9	104.1	-55.8	10.6	
96.7	35.2	-70.6	-6.6	
96.7	25.4	-90.2	8.2	
82.0	-4.1	-132.1	20.5	
35.2	13.1	-146.8	8.2	
-11.5	0.8	-196.0	20.5	
-75.5	-1.7	-129.6	18.0	
-80.4	27.8	-82.9	15.5	
-80.4	25.4	-6.6	35.2	
-31.2	-11.5	47.5	27.8	
-1.7	15.5	148.4	8.2	
15.5	27.8	244.3	-31.2	
82.0	109.0	251.7	-28.7	
138.5	148.4	197.6	-1.7	
150.8	177.9	126.2	45.1	
111.5	64.7	64.7	72.1	
22.9	-53.3	-6.6	52.4	
-53.3	-58.3	-100.1	32.8	
-129.6	-92.7	-114.8	18.0	
-161.6	-73.0	-73.0	-41.0	
-159.1	-77.9	-38.6	-31.2	
-149.3	-75.5	-41.0	-23.8	
-114.8	-60.7	-33.7	-23.8	
-16.4	-6.6	-6.6	-1.7	
69.7	5.7	67.2	15.5	
131.2	67.2	155.8	0.8	
158.2	131.2	170.5	-14.0	
145.9	84.4	143.5	-23.8	
153.3	45.1	91.8	-6.6	
175.4	15.5	77.0	22.9	
158.2	18.0	47.5	25.4	
173.0	15.5	-11.5	0.8	
138.5	25.4	-132.1	-16.4	
27.8	67.2	-215.7	-21.4	
-65.6	50.0	-237.8	-28.7	
-178.8	40.1	-156.7	5.7	
-245.2	-9.1	-33.7	40.1	
-205.9	-16.4	62.3	22.9	
-122.2	111.5	57.4	10.6	
-60.7	153.3	-14.0	-9.1	
-14.0	62.3	-82.9	-14.0	
-9.1	-31.2	-85.3	-23.8	
-73.0	-36.1	-85.3	-21.4	
-114.8	-55.8	-38.6	-23.8	
-139.4	-26.3	-28.7	-1.7	
-161.6	13.1	8.2	0.8	
-100.1	50.0	99.2	3.2	
-18.9	62.3	109.0	-9.1	
84.4	89.3	111.5	0.8	
150.8	40.1	155.8	3.2	
219.7	32.8	180.4	8.2	
224.6	37.7	109.0	13.1	
281.2	57.4	18.0	-4.1	
251.7	72.1	40.1	-16.4	
121.3	52.4	84.4	10.6	
30.3	99.2	25.4	10.6	
-53.3	118.9	-4.1	18.0	
-146.8	126.2	-14.0	27.8	
-247.7	86.9	40.1	10.6	
-203.4	57.4	20.5	-21.4	
-36.1	18.0	27.8	-4.1	
45.1	25.4	-36.1	8.2	
89.3	-14.0	-85.3	22.9	
86.9	-48.4	-102.5	15.5	
64.7	-46.0	-46.0	35.2	
18.0	-18.9	-4.1	18.0	
-18.9	-33.7	30.3	-18.9	
-33.7	32.8	27.8	-50.9	
-55.8	35.2	20.5	-31.2	
-18.9	-26.3	20.5	-6.6	
32.8	-21.4	54.9	-6.6	
42.6	40.1	20.5	-4.1	
13.1	91.8	5.7	20.5	
5.7	104.1	22.9	27.8	
-6.6	42.6	64.7	18.0	
27.8	99.2	123.8	-4.1	
79.5	84.4	123.8	3.2	
133.6	67.2	84.4	-16.4	
128.7	121.3	131.2	-11.5	
153.3	104.1	207.4	-6.6	
138.5	74.6	234.5	-4.1	
113.9	22.9	106.6	-16.4	
91.8	0.8	40.1	-9.1	
59.8	-85.3	22.9	27.8	
35.2	-82.9	22.9	45.1	
0.8	-85.3	-41.0	25.4	
-70.6	-23.8	-33.7	18.0	
-117.3	-1.7	-21.4	-4.1	
-90.2	8.2	-21.4	0.8	
-119.8	37.7	-50.9	-6.6	
-129.6	109.0	-149.3	3.2	
-134.5	150.8	-141.9	10.6	
-50.9	150.8	-164.0	5.7	
-16.4	153.3	-178.8	-14.0	
18.0	123.8	-164.0	-14.0	
52.4	99.2	-68.1	-18.9	
67.2	89.3	-50.9	-6.6	
52.4	54.9	45.1	15.5	
0.8	20.5	91.8	13.1	
50.0	-11.5	67.2	-1.7	
52.4	-18.9	57.4	-23.8	
47.5	-14.0	64.7	18.0	
32.8	22.9	104.1	40.1	
25.4	45.1	126.2	15.5	
-31.2	150.8	131.2	-6.6	
-53.3	67.2	94.3	-26.3	
20.5	-1.7	47.5	-28.7	
91.8	27.8	42.6	-6.6	
54.9	30.3	67.2	-1.7	
-1.7	20.5	96.7	-1.7	
20.5	-1.7	160.7	-18.9	
27.8	22.9	148.4	-6.6	
-33.7	-14.0	113.9	0.8	
-122.2	-53.3	82.0	3.2	
-156.7	-53.3	69.7	5.7	
-151.7	10.6	116.4	8.2	
-105.0	109.0	74.6	3.2	
-80.4	128.7	47.5	-14.0	
-28.7	170.5	0.8	0.8	
13.1	111.5	-102.5	3.2	
40.1	77.0	-141.9	-11.5	
35.2	45.1	-218.2	-4.1	
37.7	13.1	-252.6	0.8	
27.8	30.3	-97.6	3.2	
64.7	99.2	-4.1	0.8	
86.9	77.0	5.7	-6.6	
99.2	-50.9	-53.3	0.8	
96.7	-53.3	-21.4	-1.7	
89.3	18.0	79.5	-16.4	
77.0	47.5	113.9	-4.1	
42.6	0.8	118.9	-14.0	
40.1	0.8	155.8	-11.5	
47.5	5.7	158.2	-6.6	
67.2	13.1	123.8	-18.9	
121.3	59.8	106.6	-14.0	
158.2	52.4	96.7	10.6	
153.3	30.3	101.6	3.2	
106.6	22.9	57.4	-11.5	
96.7	-11.5	-36.1	20.5	
96.7	-28.7	-53.3	32.8	
121.3	-18.9	-181.3	0.8	
67.2	-28.7	-144.4	-11.5	
-16.4	-6.6	-75.5	10.6	
-75.5	77.0	-46.0	27.8	
-109.9	187.7	-33.7	3.2	
-107.5	209.9	-58.3	-36.1	
-127.1	209.9	-65.6	-21.4	
-129.6	99.2	-33.7	-11.5	
-102.5	45.1	5.7	3.2	
-58.3	-41.0	5.7	13.1	
-43.5	-97.6	27.8	8.2	
-38.6	-75.5	30.3	-23.8	
-68.1	-68.1	54.9	-21.4	
-50.9	5.7	15.5	-18.9	
45.1	-1.7	-60.7	-18.9	
101.6	30.3	-70.6	27.8	
121.3	111.5	20.5	25.4	
145.9	173.0	45.1	8.2	
150.8	192.7	54.9	-9.1	
106.6	106.6	42.6	3.2	
45.1	106.6	-31.2	-14.0	
22.9	109.0	-53.3	-21.4	
69.7	32.8	-23.8	-4.1	
138.5	69.7	-23.8	-11.5	
128.7	82.0	35.2	-1.7	
62.3	-4.1	113.9	-4.1	
-43.5	-119.8	133.6	-14.0	
-90.2	-92.7	121.3	-1.7	
-100.1	-31.2	79.5	-9.1	
-92.7	-68.1	69.7	-11.5	
-107.5	-97.6	57.4	-18.9	
-119.8	-80.4	5.7	-28.7	
-80.4	8.2	-43.5	-18.9	
-43.5	45.1	15.5	0.8	
-21.4	74.6	123.8	15.5	
-21.4	111.5	104.1	-6.6	
-21.4	111.5	86.9	-18.9	
37.7	64.7	-6.6	0.8	
113.9	42.6	-33.7	3.2	
153.3	5.7	-70.6	-18.9	
160.7	47.5	-127.1	-11.5	
145.9	32.8	-159.1	8.2	
109.0	35.2	-151.7	3.2	
99.2	77.0	-100.1	0.8	
35.2	27.8	-112.4	3.2	
-23.8	10.6	-97.6	5.7	
-70.6	-28.7	-50.9	8.2	
-28.7	-1.7	-9.1	27.8	
-14.0	40.1	-4.1	18.0	
32.8	3.2	-53.3	5.7	
52.4	5.7	-90.2	-14.0	
15.5	59.8	-122.2	-14.0	
-33.7	57.4	-87.8	-1.7	
-70.6	77.0	-26.3	-11.5	
-70.6	84.4	-6.6	-23.8	
-77.9	74.6	47.5	-14.0	
-33.7	52.4	82.0	-14.0	
5.7	77.0	101.6	-9.1	
-26.3	74.6	35.2	-9.1	
-92.7	131.2	0.8	-6.6	
-73.0	101.6	8.2	-6.6	
-41.0	27.8	72.1	-4.1	
-11.5	-107.5	99.2	-6.6	
22.9	-149.3	0.8	-11.5	
84.4	-95.2	-100.1	0.8	
153.3	-100.1	-154.2	25.4	
234.5	-21.4	-107.5	15.5	
224.6	84.4	-75.5	-9.1	
182.8	109.0	-18.9	-9.1	
143.5	54.9	-33.7	-1.7	
145.9	-4.1	-14.0	-9.1	
126.2	-21.4	69.7	-18.9	
42.6	8.2	62.3	-4.1	
-80.4	25.4	-14.0	-4.1	
-164.0	-14.0	0.8	-1.7	
-119.8	-75.5	50.0	-14.0	
-129.6	-41.0	54.9	-23.8	
-117.3	20.5	50.0	5.7	
-95.2	50.0	40.1	67.2	
-82.9	91.8	25.4	22.9	
-65.6	133.6	27.8	-6.6	
-4.1	126.2	37.7	-16.4	
45.1	30.3	47.5	-21.4	
116.4	-23.8	47.5	-16.4	
148.4	-82.9	42.6	0.8	
116.4	-107.5	3.2	-14.0	
86.9	-16.4	-14.0	-14.0	
3.2	-11.5	-18.9	0.8	
-50.9	-14.0	-41.0	0.8	
-87.8	20.5	-80.4	8.2	
-75.5	126.2	-53.3	-4.1	
-48.4	89.3	42.6	-4.1	
-21.4	20.5	50.0	-11.5	
15.5	64.7	37.7	-4.1	
57.4	35.2	22.9	10.6	
62.3	-102.5	-21.4	8.2	
111.5	-85.3	-11.5	5.7	
104.1	-77.9	-21.4	0.8	
79.5	-11.5	-60.7	5.7	
57.4	-23.8	-109.9	0.8	
-18.9	-31.2	-70.6	-6.6	
-16.4	-21.4	-92.7	-4.1	
-43.5	-28.7	-73.0	0.8	
-36.1	-38.6	-41.0	15.5	
-43.5	-41.0	13.1	8.2	
-6.6	13.1	45.1	-9.1	
18.0	50.0	91.8	-18.9	
79.5	106.6	101.6	0.8	
94.3	99.2	160.7	27.8	
72.1	91.8	126.2	0.8	
-11.5	72.1	45.1	-21.4	
-141.9	170.5	-26.3	3.2	
-200.9	165.6	-132.1	3.2	
-80.4	182.8	-186.2	-16.4	
64.7	141.0	-191.1	-38.6	
222.2	20.5	-159.1	27.8	
305.8	82.0	-114.8	37.7	
266.5	22.9	-46.0	32.8	
192.7	-23.8	-46.0	-23.8	
133.6	-11.5	-43.5	-14.0	
25.4	13.1	-109.9	-6.6	
-109.9	-70.6	-68.1	0.8	
-215.7	-107.5	-46.0	-14.0	
-196.0	18.0	-23.8	-11.5	
-107.5	72.1	-11.5	-9.1	
-26.3	-21.4	-1.7	-21.4	
-6.6	-11.5	20.5	5.7	
22.9	-28.7	32.8	3.2	
67.2	-58.3	62.3	-14.0	
10.6	-63.2	8.2	13.1	
-100.1	-14.0	-1.7	18.0	
-117.3	3.2	8.2	20.5	
-109.9	-9.1	-53.3	15.5	
-80.4	-9.1	-97.6	27.8	
-46.0	-11.5	-53.3	10.6	
-60.7	-16.4	22.9	-9.1	
-58.3	-43.5	72.1	5.7	
-1.7	-9.1	45.1	-6.6	
37.7	27.8	-31.2	-21.4	
47.5	89.3	-36.1	-4.1	
74.6	126.2	18.0	10.6	
84.4	143.5	25.4	5.7	
126.2	91.8	-26.3	-14.0	
111.5	13.1	-28.7	-18.9	
145.9	-48.4	-4.1	-18.9	
106.6	-50.9	52.4	-18.9	
79.5	-46.0	15.5	-1.7	
116.4	18.0	-26.3	5.7	
138.5	89.3	-41.0	13.1	
40.1	116.4	-11.5	15.5	
-63.2	79.5	32.8	-11.5	
-77.9	77.0	15.5	-11.5	
-92.7	20.5	-31.2	-11.5	
-146.8	-63.2	-38.6	-1.7	
-186.2	-80.4	-16.4	-4.1	
-200.9	-26.3	-31.2	0.8	
-154.2	-9.1	-23.8	-16.4	
-82.9	8.2	10.6	-6.6	
-58.3	54.9	25.4	-16.4	
-1.7	138.5	59.8	-4.1	
37.7	219.7	86.9	0.8	
74.6	192.7	91.8	-23.8	
101.6	200.0	89.3	-43.5	
109.0	259.1	69.7	-28.7	
74.6	244.3	50.0	3.2	
0.8	163.1	22.9	35.2	
-33.7	94.3	0.8	52.4	
-21.4	96.7	-33.7	22.9	
10.6	35.2	-50.9	-1.7	
35.2	-176.3	-9.1	3.2	
67.2	-220.6	47.5	-9.1	
57.4	-191.1	0.8	0.8	
84.4	-92.7	-1.7	-28.7	
153.3	-55.8	20.5	5.7	
131.2	-53.3	72.1	35.2	
27.8	35.2	212.3	-16.4	
-21.4	74.6	202.5	-33.7	
-38.6	175.4	126.2	-41.0	
-38.6	239.4	106.6	-14.0	
-1.7	214.8	69.7	-18.9	
22.9	136.1	-68.1	-38.6	
37.7	54.9	-223.1	-46.0	
-9.1	-82.9	-178.8	-38.6	
-21.4	-220.6	-144.4	0.8	
3.2	-196.0	-43.5	13.1	
18.0	-159.1	-11.5	37.7	
59.8	-107.5	47.5	8.2	
91.8	-36.1	79.5	15.5	
123.8	35.2	79.5	10.6	
104.1	18.0	72.1	-28.7	
79.5	22.9	74.6	-43.5	
101.6	57.4	79.5	-41.0	
109.0	121.3	128.7	-33.7	
136.1	138.5	180.4	-11.5	
128.7	86.9	163.1	-6.6	
187.7	77.0	148.4	-14.0	
227.1	47.5	116.4	-4.1	
136.1	20.5	111.5	15.5	
-53.3	13.1	131.2	3.2	
-213.2	-28.7	91.8	-6.6	
-277.2	-11.5	20.5	3.2	
-284.6	45.1	-41.0	18.0	
-242.8	94.3	-87.8	15.5	
-176.3	101.6	-137.0	-6.6	
-68.1	-65.6	-151.7	-16.4	
37.7	-58.3	-50.9	-4.1	
150.8	-95.2	82.0	20.5	
155.8	-18.9	54.9	37.7	
131.2	143.5	0.8	30.3	
40.1	202.5	-28.7	3.2	
-63.2	170.5	10.6	-23.8	
-149.3	170.5	8.2	-31.2	
-161.6	136.1	35.2	-9.1	
-210.8	42.6	59.8	32.8	
-230.5	-9.1	77.0	59.8	
-203.4	-14.0	96.7	27.8	
-210.8	64.7	101.6	-6.6	
-107.5	79.5	62.3	-21.4	
35.2	-4.1	42.6	-9.1	
123.8	-41.0	77.0	-16.4	
126.2	133.6	57.4	-9.1	
111.5	175.4	27.8	-11.5	
116.4	79.5	-4.1	22.9	
111.5	59.8	-65.6	22.9	
59.8	136.1	-127.1	13.1	
-28.7	209.9	-141.9	15.5	
-85.3	227.1	-169.0	8.2	
-21.4	128.7	-90.2	-4.1	
64.7	30.3	-6.6	-1.7	
138.5	-21.4	30.3	-1.7	
113.9	-203.4	57.4	15.5	
50.0	-178.8	35.2	32.8	
-11.5	-191.1	27.8	18.0	
-95.2	-109.9	74.6	10.6	
-90.2	-90.2	79.5	5.7	
27.8	-137.0	82.0	10.6	
96.7	-70.6	79.5	10.6	
185.3	116.4	57.4	27.8	
207.4	244.3	64.7	18.0	
165.6	264.0	72.1	10.6	
118.9	232.0	79.5	0.8	
30.3	180.4	77.0	8.2	
-80.4	123.8	32.8	8.2	
-102.5	30.3	10.6	10.6	
-85.3	62.3	45.1	8.2	
-26.3	57.4	37.7	13.1	
62.3	-4.1	64.7	13.1	
141.0	-23.8	37.7	15.5	
175.4	-18.9	13.1	22.9	
163.1	-4.1	86.9	18.0	
177.9	-21.4	82.0	25.4	
158.2	-38.6	57.4	20.5	
69.7	-55.8	69.7	13.1	
-43.5	-100.1	59.8	20.5	
-117.3	-53.3	37.7	25.4	
-97.6	0.8	15.5	30.3	
-129.6	109.0	-21.4	10.6	
-200.9	96.7	-53.3	8.2	
-274.7	27.8	18.0	18.0	
-200.9	-28.7	79.5	-11.5	
-141.9	40.1	69.7	3.2	
-132.1	91.8	30.3	0.8	
-144.4	126.2	32.8	8.2	
-92.7	77.0	-9.1	-1.7	
-23.8	47.5	-48.4	-6.6	
62.3	-65.6	-9.1	15.5	
113.9	-75.5	-31.2	22.9	
89.3	-149.3	-31.2	13.1	
99.2	-75.5	15.5	18.0	
54.9	-26.3	69.7	15.5	
32.8	-14.0	-6.6	30.3	
27.8	-16.4	-33.7	18.0	
20.5	-6.6	3.2	30.3	
77.0	3.2	77.0	35.2	
101.6	126.2	145.9	-1.7	
86.9	113.9	170.5	-41.0	
45.1	89.3	116.4	-1.7	
40.1	52.4	32.8	13.1	
40.1	91.8	-58.3	27.8	
72.1	-28.7	-70.6	25.4	
89.3	-92.7	-48.4	20.5	
104.1	-65.6	-73.0	5.7	
84.4	-178.8	-48.4	13.1	
91.8	-154.2	10.6	13.1	
54.9	-43.5	32.8	13.1	
-4.1	67.2	64.7	15.5	
-70.6	111.5	69.7	27.8	
-65.6	121.3	106.6	5.7	
-43.5	165.6	212.3	-6.6	
-33.7	205.0	197.6	-21.4	
-46.0	200.0	111.5	-26.3	
-26.3	104.1	-33.7	3.2	
-1.7	15.5	-178.8	69.7	
8.2	57.4	-294.4	104.1	
-46.0	47.5	-328.9	57.4	
-23.8	30.3	-331.3	-4.1	
8.2	37.7	-316.6	-16.4	
45.1	59.8	-181.3	-16.4	
91.8	64.7	-58.3	-21.4	
123.8	3.2	45.1	8.2	
94.3	-11.5	113.9	22.9	
72.1	-31.2	214.8	25.4	
35.2	-36.1	249.2	10.6	
-4.1	8.2	219.7	-4.1	
-73.0	5.7	113.9	-1.7	
-117.3	8.2	27.8	0.8	
-109.9	59.8	-73.0	3.2	
-55.8	123.8	-225.5	32.8	
10.6	148.4	-309.2	35.2	
15.5	145.9	-255.1	32.8	
-31.2	106.6	-193.6	20.5	
-31.2	35.2	-82.9	-1.7	
8.2	-28.7	32.8	-16.4	
52.4	-60.7	50.0	35.2	
192.7	-46.0	22.9	62.3	
229.6	-31.2	8.2	32.8	
175.4	-46.0	27.8	18.0	
113.9	-60.7	-1.7	-23.8	
35.2	-77.9	-1.7	-38.6	
-53.3	-87.8	35.2	-14.0	
-200.9	-87.8	30.3	0.8	
-279.7	-114.8	27.8	13.1	
-230.5	-146.8	-18.9	8.2	
-124.7	-144.4	-58.3	0.8	
-36.1	18.0	-16.4	20.5	
-70.6	133.6	-14.0	32.8	
-102.5	232.0	-58.3	22.9	
-65.6	276.3	-43.5	15.5	
-43.5	202.5	45.1	13.1	
-55.8	131.2	0.8	13.1	
-38.6	126.2	-21.4	-4.1	
-21.4	-36.1	25.4	20.5	
-18.9	-75.5	40.1	47.5	
13.1	-90.2	59.8	72.1	
91.8	-41.0	10.6	35.2	
106.6	-102.5	-90.2	-6.6	
106.6	-31.2	-112.4	-43.5	
67.2	-1.7	-38.6	15.5	
50.0	-23.8	-31.2	37.7	
27.8	-55.8	-9.1	52.4	
15.5	-33.7	-85.3	42.6	
-33.7	-36.1	-55.8	25.4	
-82.9	-46.0	72.1	10.6	
-114.8	-43.5	111.5	10.6	
-97.6	0.8	27.8	15.5	
-58.3	-11.5	-21.4	-6.6	
13.1	22.9	-50.9	5.7	
86.9	82.0	-43.5	5.7	
104.1	195.1	-36.1	22.9	
128.7	214.8	-38.6	15.5	
173.0	145.9	-18.9	20.5	
141.0	74.6	45.1	18.0	
37.7	-31.2	131.2	0.8	
-105.0	-252.6	141.0	32.8	
-181.3	-287.0	94.3	45.1	
-164.0	-119.8	13.1	13.1	
-90.2	10.6	-73.0	10.6	
-80.4	57.4	-117.3	15.5	
-48.4	62.3	-100.1	27.8	
35.2	30.3	-141.9	8.2	
59.8	-4.1	-122.2	-18.9	
3.2	-48.4	-23.8	5.7	
-58.3	-31.2	-21.4	3.2	
-82.9	-16.4	10.6	-1.7	
-85.3	5.7	27.8	0.8	
-124.7	52.4	50.0	22.9	
-105.0	42.6	67.2	25.4	
-63.2	42.6	94.3	13.1	
-33.7	89.3	113.9	15.5	
-18.9	50.0	62.3	10.6	
-14.0	-4.1	30.3	0.8	
-36.1	13.1	-26.3	8.2	
-1.7	27.8	-68.1	18.0	
15.5	67.2	-127.1	25.4	
37.7	15.5	-156.7	25.4	
82.0	-33.7	-169.0	30.3	
133.6	-60.7	-198.5	22.9	
141.0	-36.1	-220.6	20.5	
69.7	0.8	-205.9	20.5	
-4.1	0.8	-87.8	15.5	
-46.0	15.5	113.9	27.8	
-90.2	27.8	123.8	10.6	
-124.7	84.4	45.1	15.5	
-166.5	72.1	30.3	22.9	
-119.8	79.5	-9.1	8.2	
-70.6	86.9	5.7	3.2	
-60.7	69.7	-14.0	8.2	
-33.7	42.6	-70.6	-14.0	
-46.0	118.9	-36.1	37.7	
-60.7	158.2	54.9	54.9	
-60.7	50.0	84.4	40.1	
-43.5	32.8	52.4	30.3	
-4.1	-9.1	-77.9	27.8	
32.8	-11.5	-141.9	40.1	
84.4	45.1	-112.4	18.0	
91.8	15.5	-87.8	20.5	
96.7	-33.7	-100.1	35.2	
86.9	-21.4	10.6	13.1	
72.1	-6.6	47.5	0.8	
0.8	-87.8	35.2	18.0	
-50.9	-109.9	45.1	8.2	
5.7	-48.4	94.3	-6.6	
30.3	30.3	121.3	-1.7	
74.6	42.6	101.6	-9.1	
136.1	67.2	118.9	18.0	
158.2	40.1	123.8	35.2	
104.1	82.0	138.5	25.4	
30.3	57.4	59.8	3.2	
-14.0	18.0	-65.6	13.1	
-127.1	-4.1	-4.1	10.6	
-137.0	-31.2	-48.4	-9.1	
-154.2	-31.2	-68.1	3.2	
-122.2	3.2	27.8	52.4	
-97.6	27.8	-14.0	116.4	
-68.1	27.8	-87.8	72.1	
-31.2	18.0	-82.9	-4.1	
25.4	15.5	-4.1	-28.7	
59.8	35.2	-21.4	-43.5	
99.2	37.7	18.0	10.6	
118.9	18.0	52.4	42.6	
84.4	59.8	89.3	20.5	
52.4	52.4	72.1	-16.4	
-41.0	50.0	20.5	-11.5	
-164.0	64.7	96.7	30.3	
-193.6	-1.7	128.7	57.4	
-114.8	-28.7	94.3	25.4	
-50.9	-31.2	0.8	10.6	
-31.2	-11.5	-92.7	-9.1	
-9.1	18.0	-127.1	0.8	
-28.7	20.5	-188.6	0.8	
-50.9	-14.0	-274.7	10.6	
-50.9	-4.1	-282.1	15.5	
-1.7	-4.1	-183.7	22.9	
45.1	-1.7	8.2	3.2	
86.9	57.4	82.0	5.7	
165.6	118.9	96.7	-4.1	
219.7	141.0	111.5	22.9	
236.9	99.2	96.7	27.8	
214.8	62.3	-38.6	5.7	
126.2	45.1	-97.6	-4.1	
47.5	25.4	-85.3	3.2	
-68.1	10.6	-58.3	0.8	
-124.7	-48.4	-33.7	0.8	
-82.9	-105.0	-60.7	20.5	
27.8	-134.5	-70.6	25.4	
116.4	-92.7	-43.5	15.5	
121.3	-68.1	3.2	5.7	
57.4	-1.7	20.5	25.4	
-41.0	-31.2	-18.9	30.3	
-16.4	-38.6	-90.2	37.7	
-46.0	3.2	-73.0	0.8	
-75.5	-41.0	-18.9	-4.1	
-48.4	-23.8	8.2	10.6	
37.7	-16.4	15.5	20.5	
128.7	-63.2	10.6	10.6	
190.2	-58.3	32.8	18.0	
138.5	-77.9	106.6	35.2	
67.2	-80.4	35.2	82.0	
-14.0	-68.1	-50.9	45.1	
-70.6	-38.6	32.8	15.5	
-109.9	-87.8	-9.1	10.6	
-132.1	-198.5	35.2	-28.7	
-149.3	-173.9	-1.7	-26.3	
-154.2	-75.5	-21.4	-23.8	
-122.2	-1.7	59.8	3.2	
-68.1	-11.5	86.9	22.9	
-14.0	-129.6	-23.8	37.7	
59.8	-139.4	-65.6	27.8	
170.5	-58.3	-50.9	25.4	
209.9	3.2	-156.7	13.1	
209.9	30.3	-154.2	20.5	
214.8	72.1	-255.1	-4.1	
236.9	42.6	-124.7	18.0	
180.4	-28.7	37.7	32.8	
67.2	-9.1	155.8	15.5	
-68.1	-48.4	148.4	30.3	
-137.0	-55.8	106.6	42.6	
-181.3	-38.6	94.3	20.5	
-228.0	-23.8	74.6	10.6	
-176.3	-73.0	52.4	-16.4	
-38.6	-107.5	25.4	5.7	
126.2	-46.0	37.7	13.1	
222.2	20.5	153.3	35.2	
217.3	32.8	202.5	50.0	
118.9	30.3	195.1	15.5	
-6.6	-9.1	219.7	-28.7	
-134.5	15.5	163.1	-36.1	
-178.8	52.4	82.0	-9.1	
-141.9	42.6	3.2	18.0	
-36.1	22.9	-95.2	20.5	
35.2	-50.9	-154.2	27.8	
42.6	-77.9	-176.3	47.5	
54.9	32.8	-129.6	22.9	
99.2	128.7	-85.3	22.9	
131.2	96.7	-73.0	10.6	
128.7	109.0	-63.2	-4.1	
143.5	128.7	-11.5	-9.1	
150.8	50.0	18.0	18.0	
155.8	94.3	86.9	0.8	
141.0	155.8	118.9	-14.0	
150.8	106.6	116.4	8.2	
121.3	118.9	47.5	37.7	
45.1	94.3	50.0	54.9	
22.9	89.3	3.2	25.4	
-41.0	150.8	10.6	18.0	
-146.8	106.6	-43.5	25.4	
-178.8	91.8	-36.1	-16.4	
-117.3	-26.3	40.1	-23.8	
-9.1	-46.0	99.2	-23.8	
91.8	42.6	116.4	10.6	
175.4	13.1	96.7	57.4	
131.2	-82.9	187.7	32.8	
101.6	-114.8	224.6	13.1	
35.2	-124.7	143.5	64.7	
0.8	-41.0	86.9	82.0	
-38.6	67.2	141.0	32.8	
-122.2	94.3	131.2	3.2	
-151.7	128.7	89.3	-16.4	
-85.3	15.5	-31.2	-9.1	
-31.2	3.2	-114.8	-26.3	
22.9	96.7	-85.3	0.8	
42.6	177.9	-129.6	-4.1	
-31.2	224.6	-141.9	5.7	
-102.5	268.9	-176.3	8.2	
-55.8	187.7	-144.4	30.3	
-87.8	126.2	-82.9	42.6	
-53.3	89.3	-9.1	25.4	
-23.8	20.5	47.5	8.2	
25.4	-28.7	91.8	-16.4	
-4.1	121.3	148.4	0.8	
8.2	94.3	160.7	15.5	
116.4	-18.9	187.7	3.2	
136.1	-109.9	190.2	10.6	
160.7	-112.4	148.4	10.6	
177.9	20.5	54.9	20.5	
180.4	113.9	-14.0	30.3	
126.2	170.5	0.8	0.8	
8.2	5.7	52.4	-6.6	
-82.9	-46.0	62.3	3.2	
-75.5	77.0	82.0	-11.5	
-77.9	57.4	86.9	-33.7	
-75.5	-4.1	59.8	54.9	
-38.6	-21.4	3.2	109.0	
-55.8	-23.8	-119.8	101.6	
0.8	22.9	-82.9	74.6	
-11.5	72.1	-6.6	-18.9	
13.1	64.7	22.9	-63.2	
37.7	47.5	-11.5	-28.7	
-28.7	69.7	-107.5	3.2	
-112.4	-14.0	-77.9	-1.7	
-178.8	-50.9	89.3	0.8	
-183.7	-9.1	160.7	25.4	
0.8	-18.9	190.2	15.5	
109.0	25.4	241.9	3.2	
123.8	101.6	72.1	0.8	
64.7	113.9	-9.1	-23.8	
8.2	91.8	-82.9	-26.3	
-6.6	77.0	-213.2	0.8	
-9.1	-48.4	-198.5	20.5	
-82.9	-26.3	-156.7	35.2	
-171.4	37.7	-193.6	32.8	
-70.6	-16.4	-43.5	-11.5	
64.7	30.3	155.8	-38.6	
18.0	30.3	123.8	30.3	
-70.6	45.1	64.7	72.1	
-46.0	52.4	67.2	69.7	
57.4	50.0	96.7	32.8	
99.2	47.5	126.2	0.8	
96.7	-4.1	158.2	5.7	
74.6	-65.6	118.9	-11.5	
126.2	-16.4	82.0	-16.4	
84.4	20.5	45.1	-11.5	
-11.5	32.8	5.7	-1.7	
-63.2	-28.7	-14.0	-1.7	
-95.2	-50.9	-105.0	5.7	
-141.9	-33.7	-178.8	15.5	
-90.2	52.4	-228.0	30.3	
-9.1	32.8	-220.6	10.6	
118.9	118.9	-100.1	42.6	
175.4	91.8	-6.6	30.3	
163.1	82.0	72.1	13.1	
148.4	37.7	155.8	10.6	
143.5	94.3	165.6	8.2	
47.5	47.5	165.6	-14.0	
-36.1	35.2	126.2	-33.7	
-82.9	35.2	89.3	-23.8	
-92.7	18.0	-50.9	8.2	
-127.1	10.6	-68.1	25.4	
-169.0	25.4	-68.1	25.4	
-203.4	50.0	-82.9	-1.7	
-141.9	47.5	-28.7	-1.7	
-11.5	10.6	-70.6	15.5	
148.4	22.9	-48.4	5.7	
209.9	96.7	5.7	-14.0	
202.5	69.7	25.4	-21.4	
192.7	-6.6	57.4	-6.6	
123.8	-50.9	155.8	18.0	
27.8	-92.7	173.0	22.9	
-58.3	-68.1	109.0	18.0	
-114.8	-11.5	123.8	18.0	
-141.9	64.7	69.7	5.7	
-141.9	121.3	77.0	-6.6	
-28.7	131.2	84.4	18.0	
91.8	261.5	109.0	10.6	
35.2	239.4	109.0	-14.0	
0.8	54.9	126.2	-23.8	
5.7	-23.8	121.3	-14.0	
5.7	-87.8	123.8	-23.8	
32.8	-213.2	123.8	8.2	
59.8	-255.1	99.2	47.5	
8.2	-149.3	131.2	57.4	
-16.4	-70.6	165.6	37.7	
-55.8	8.2	111.5	0.8	
-68.1	74.6	-33.7	0.8	
-63.2	113.9	-70.6	-1.7	
-41.0	94.3	-85.3	-6.6	
67.2	145.9	-1.7	-6.6	
163.1	109.0	0.8	5.7	
173.0	67.2	-55.8	-4.1	
131.2	32.8	-21.4	-16.4	
62.3	30.3	22.9	-4.1	
-21.4	40.1	30.3	13.1	
-117.3	54.9	116.4	37.7	
-196.0	47.5	160.7	37.7	
-277.2	126.2	155.8	30.3	
-203.4	123.8	155.8	13.1	
-127.1	121.3	138.5	-14.0	
-28.7	96.7	121.3	20.5	
8.2	-14.0	54.9	32.8	
22.9	-55.8	45.1	18.0	
67.2	-70.6	42.6	3.2	
94.3	3.2	72.1	-4.1	
123.8	59.8	59.8	0.8	
158.2	18.0	-75.5	25.4	
145.9	0.8	-220.6	10.6	
116.4	-73.0	-208.3	0.8	
109.0	-48.4	-164.0	-14.0	
64.7	-23.8	8.2	-31.2	
25.4	-107.5	141.0	-9.1	
-28.7	-80.4	173.0	-1.7	
-114.8	-6.6	202.5	-9.1	
-119.8	37.7	205.0	-9.1	
-127.1	52.4	207.4	0.8	
-112.4	54.9	168.1	3.2	
-21.4	-1.7	69.7	-4.1	
54.9	30.3	50.0	3.2	
77.0	138.5	40.1	5.7	
77.0	180.4	25.4	-6.6	
145.9	170.5	22.9	3.2	
138.5	133.6	-16.4	8.2	
52.4	37.7	-4.1	25.4	
-33.7	74.6	57.4	32.8	
-90.2	54.9	35.2	-11.5	
-6.6	-65.6	0.8	8.2	
57.4	-73.0	-36.1	13.1	
82.0	-92.7	-95.2	32.8	
118.9	-23.8	-36.1	32.8	
202.5	37.7	-41.0	15.5	
288.6	54.9	-48.4	5.7	
219.7	40.1	-63.2	-6.6	
141.0	5.7	-21.4	-11.5	
8.2	13.1	22.9	18.0	
-186.2	0.8	54.9	40.1	
-230.5	8.2	133.6	37.7	
-269.8	-31.2	155.8	5.7	
-272.3	-1.7	177.9	-18.9	
-225.5	-16.4	128.7	-11.5	
-164.0	74.6	123.8	8.2	
-70.6	86.9	111.5	20.5	
13.1	74.6	74.6	20.5	
59.8	64.7	-28.7	5.7	
94.3	99.2	-193.6	-21.4	
99.2	-43.5	-26.3	-14.0	
138.5	-1.7	32.8	0.8	
150.8	-14.0	0.8	8.2	
118.9	5.7	-80.4	3.2	
18.0	-14.0	-114.8	5.7	
-36.1	50.0	0.8	20.5	
-38.6	106.6	84.4	25.4	
22.9	96.7	126.2	18.0	
104.1	72.1	128.7	25.4	
168.1	8.2	91.8	18.0	
165.6	25.4	67.2	0.8	
158.2	67.2	72.1	-18.9	
187.7	86.9	67.2	-26.3	
116.4	52.4	136.1	8.2	
0.8	27.8	123.8	5.7	
-109.9	3.2	-23.8	-18.9	
-55.8	-26.3	-28.7	-11.5	
25.4	5.7	-26.3	3.2	
79.5	40.1	-63.2	-11.5	
20.5	67.2	-107.5	-1.7	
-1.7	57.4	-173.9	0.8	
-23.8	143.5	-132.1	-1.7	
10.6	128.7	15.5	-6.6	
47.5	52.4	86.9	8.2	
18.0	10.6	-4.1	-11.5	
89.3	-46.0	-46.0	-21.4	
54.9	-100.1	-26.3	13.1	
-46.0	-220.6	-14.0	18.0	
-161.6	-139.4	37.7	22.9	
-292.0	-14.0	64.7	-4.1	
-375.6	18.0	79.5	-21.4	
-316.6	50.0	94.3	-4.1	
-186.2	22.9	145.9	-11.5	
-70.6	18.0	155.8	5.7	
18.0	37.7	84.4	3.2	
148.4	62.3	-9.1	-6.6	
281.2	67.2	-65.6	-14.0	
328.0	59.8	-73.0	-1.7	
298.4	84.4	-95.2	10.6	
217.3	20.5	-18.9	25.4	
106.6	18.0	-1.7	22.9	
27.8	35.2	-16.4	0.8	
-75.5	52.4	37.7	-16.4	
-156.7	42.6	86.9	-14.0	
-134.5	74.6	101.6	-4.1	
-95.2	35.2	25.4	-1.7	
-114.8	47.5	-16.4	13.1	
-95.2	50.0	-50.9	8.2	
-18.9	67.2	-33.7	13.1	
91.8	57.4	67.2	25.4	
212.3	37.7	116.4	15.5	
320.6	25.4	94.3	-16.4	
328.0	0.8	74.6	-16.4	
190.2	-4.1	20.5	-11.5	
74.6	0.8	37.7	0.8	
18.0	-9.1	8.2	-1.7	
-159.1	5.7	25.4	-6.6	
-228.0	57.4	22.9	-4.1	
-264.9	104.1	-11.5	-1.7	
-156.7	163.1	-31.2	20.5	
22.9	116.4	-90.2	15.5	
173.0	52.4	-107.5	10.6	
205.0	15.5	-46.0	3.2	
187.7	15.5	-14.0	15.5	
168.1	-16.4	37.7	3.2	
131.2	-41.0	62.3	-14.0	
96.7	-119.8	35.2	10.6	
40.1	-95.2	42.6	-1.7	
-1.7	-107.5	128.7	-16.4	
25.4	-132.1	165.6	-23.8	
54.9	-41.0	91.8	-33.7	
-18.9	89.3	-65.6	-18.9	
-109.9	131.2	-134.5	32.8	
-151.7	185.3	-95.2	50.0	
-129.6	165.6	-82.9	32.8	
-156.7	45.1	-92.7	35.2	
-139.4	37.7	-46.0	0.8	
-58.3	40.1	62.3	-9.1	
0.8	52.4	113.9	-18.9	
0.8	86.9	145.9	-11.5	
-68.1	13.1	121.3	57.4	
-107.5	0.8	27.8	77.0	
-102.5	40.1	82.0	5.7	
-14.0	59.8	82.0	-4.1	
104.1	42.6	-11.5	-33.7	
239.4	47.5	-68.1	-21.4	
264.0	37.7	-53.3	3.2	
241.9	30.3	-48.4	8.2	
209.9	-11.5	-112.4	3.2	
116.4	0.8	-107.5	-26.3	
40.1	8.2	-31.2	-9.1	
77.0	13.1	-6.6	-6.6	
72.1	10.6	37.7	-4.1	
-1.7	37.7	101.6	8.2	
-58.3	67.2	126.2	10.6	
-43.5	57.4	96.7	10.6	
-36.1	89.3	62.3	5.7	
-28.7	84.4	57.4	13.1	
-46.0	62.3	-21.4	32.8	
-60.7	5.7	-50.9	18.0	
-112.4	-16.4	-139.4	3.2	
-107.5	-100.1	-60.7	3.2	
-55.8	-73.0	5.7	22.9	
37.7	-73.0	74.6	32.8	
47.5	-87.8	160.7	42.6	
77.0	-85.3	133.6	30.3	
0.8	5.7	27.8	8.2	
-41.0	94.3	-50.9	-26.3	
-1.7	180.4	-90.2	3.2	
-73.0	224.6	-28.7	0.8	
-82.9	160.7	27.8	-4.1	
-109.9	79.5	64.7	-6.6	
-41.0	-28.7	72.1	10.6	
74.6	-75.5	64.7	25.4	
170.5	-58.3	15.5	40.1	
165.6	15.5	35.2	47.5	
234.5	35.2	-6.6	8.2	
320.6	89.3	-46.0	0.8	
347.6	168.1	-70.6	5.7	
328.0	163.1	-114.8	-11.5	
254.2	64.7	-90.2	-14.0	
197.6	3.2	13.1	3.2	
64.7	18.0	35.2	15.5	
-65.6	-31.2	96.7	15.5	
-213.2	-28.7	104.1	18.0	
-346.1	0.8	128.7	3.2	
-346.1	-31.2	118.9	-1.7	
-287.0	-18.9	89.3	-9.1	
-176.3	32.8	72.1	3.2	
-50.9	3.2	-9.1	3.2	
64.7	8.2	-82.9	3.2	
165.6	-14.0	-132.1	5.7	
266.5	-43.5	-156.7	8.2	
244.3	-14.0	-164.0	20.5	
136.1	-68.1	-186.2	20.5	
77.0	-50.9	-102.5	10.6	
30.3	-41.0	50.0	22.9	
-36.1	62.3	116.4	10.6	
-149.3	54.9	136.1	-14.0	
-191.1	77.0	150.8	13.1	
-193.6	150.8	69.7	8.2	
-137.0	222.2	89.3	30.3	
-186.2	195.1	185.3	32.8	
-198.5	118.9	138.5	-1.7	
-176.3	96.7	8.2	-28.7	
-9.1	72.1	-105.0	-11.5	
131.2	-28.7	-154.2	10.6	
136.1	-95.2	-161.6	62.3	
163.1	-117.3	-205.9	86.9	
259.1	-151.7	-156.7	42.6	
291.1	-124.7	-41.0	15.5	
205.0	-46.0	104.1	18.0	
62.3	40.1	118.9	-9.1	
-63.2	109.0	143.5	-11.5	
-134.5	118.9	190.2	-23.8	
-109.9	84.4	192.7	-11.5	
-4.1	91.8	79.5	-1.7	
-41.0	25.4	40.1	8.2	
-65.6	-60.7	-21.4	-1.7	
59.8	42.6	-68.1	-6.6	
177.9	64.7	-146.8	-1.7	
256.6	5.7	-193.6	-1.7	
264.0	-31.2	-122.2	10.6	
118.9	5.7	-1.7	13.1	
-38.6	35.2	8.2	15.5	
-146.8	18.0	-4.1	13.1	
-203.4	54.9	-9.1	13.1	
-203.4	50.0	-18.9	5.7	
-198.5	27.8	50.0	0.8	
-156.7	-26.3	141.0	10.6	
-11.5	-58.3	229.6	18.0	
170.5	-33.7	268.9	3.2	
264.0	22.9	246.8	-14.0	
261.5	42.6	273.8	10.6	
222.2	54.9	249.2	22.9	
173.0	8.2	91.8	18.0	
126.2	-18.9	-33.7	-1.7	
32.8	-11.5	-228.0	-16.4	
-122.2	35.2	-264.9	-21.4	
-269.8	15.5	-257.5	0.8	
-289.5	32.8	-237.8	8.2	
-181.3	72.1	-205.9	13.1	
-105.0	77.0	-41.0	18.0	
3.2	45.1	3.2	-11.5	
62.3	-68.1	25.4	-14.0	
141.0	-65.6	91.8	5.7	
170.5	-41.0	91.8	-11.5	
192.7	3.2	131.2	-14.0	
113.9	-73.0	138.5	-21.4	
111.5	8.2	128.7	-6.6	
101.6	84.4	32.8	-9.1	
86.9	123.8	-43.5	-21.4	
47.5	79.5	-55.8	-21.4	
-18.9	52.4	-31.2	0.8	
-80.4	25.4	-26.3	52.4	
-46.0	-6.6	-9.1	69.7	
37.7	-28.7	-43.5	22.9	
84.4	25.4	3.2	-11.5	
72.1	-31.2	-31.2	-21.4	
72.1	-9.1	-97.6	-9.1	
79.5	74.6	-92.7	5.7	
109.0	145.9	-23.8	-6.6	
82.0	180.4	15.5	0.8	
67.2	234.5	77.0	-18.9	
27.8	182.8	67.2	-16.4	
37.7	141.0	-1.7	-26.3	
141.0	40.1	-1.7	0.8	
175.4	99.2	27.8	5.7	
158.2	45.1	59.8	-1.7	
79.5	99.2	64.7	-1.7	
-65.6	101.6	59.8	0.8	
-171.4	113.9	47.5	-1.7	
-225.5	32.8	-21.4	-1.7	
-218.2	-4.1	-77.9	-23.8	
-146.8	-75.5	-90.2	-36.1	
-43.5	-129.6	-4.1	45.1	
18.0	-119.8	-26.3	74.6	
62.3	-60.7	-107.5	40.1	
79.5	-38.6	-176.3	-14.0	
37.7	-23.8	-198.5	-28.7	
-48.4	-6.6	-156.7	-26.3	
-75.5	-95.2	-63.2	-21.4	
-11.5	-97.6	-6.6	-9.1	
-18.9	-48.4	20.5	5.7	
-28.7	-38.6	89.3	10.6	
-41.0	-80.4	72.1	0.8	
35.2	-11.5	77.0	-1.7	
104.1	-50.9	74.6	-11.5	
3.2	5.7	40.1	-11.5	
-58.3	-18.9	62.3	-23.8	
-85.3	-36.1	32.8	-4.1	
-31.2	-68.1	-107.5	20.5	
84.4	-85.3	-191.1	22.9	
91.8	-9.1	-186.2	5.7	
133.6	15.5	-139.4	-16.4	
165.6	59.8	-36.1	-1.7	
111.5	84.4	72.1	32.8	
91.8	82.0	91.8	3.2	
141.0	86.9	173.0	-18.9	
158.2	54.9	190.2	-9.1	
160.7	50.0	148.4	-1.7	
89.3	86.9	138.5	-11.5	
72.1	168.1	170.5	-16.4	
-16.4	77.0	150.8	-11.5	
-171.4	77.0	99.2	-9.1	
-306.7	141.0	35.2	8.2	
-274.7	77.0	8.2	8.2	
-183.7	62.3	-65.6	3.2	
-85.3	45.1	-58.3	27.8	
-36.1	3.2	-6.6	22.9	
3.2	-73.0	-6.6	5.7	
50.0	-65.6	-9.1	5.7	
45.1	-36.1	-16.4	-9.1	
45.1	-1.7	-107.5	0.8	
72.1	47.5	-18.9	3.2	
138.5	69.7	0.8	-4.1	
217.3	89.3	-43.5	-14.0	
288.6	91.8	-4.1	-18.9	
323.0	113.9	-36.1	5.7	
264.0	89.3	-48.4	15.5	
180.4	96.7	-73.0	20.5	
37.7	32.8	-95.2	27.8	
-154.2	-1.7	-31.2	22.9	
-385.4	-6.6	52.4	10.6	
-446.9	13.1	123.8	-23.8	
-370.7	35.2	111.5	-28.7	
-240.3	-14.0	89.3	-36.1	
-97.6	-92.7	45.1	-16.4	
62.3	-50.9	32.8	8.2	
116.4	-38.6	32.8	5.7	
170.5	-33.7	-6.6	32.8	
143.5	101.6	-87.8	30.3	
163.1	106.6	-100.1	52.4	
141.0	91.8	-85.3	32.8	
47.5	69.7	-102.5	15.5	
-48.4	22.9	-50.9	-14.0	
-41.0	-73.0	-68.1	-43.5	
-58.3	-4.1	-21.4	-1.7	
-58.3	77.0	62.3	13.1	
-38.6	214.8	79.5	20.5	
54.9	143.5	35.2	10.6	
99.2	5.7	-4.1	3.2	
141.0	-77.9	-11.5	-58.3	
153.3	-124.7	-18.9	-26.3	
99.2	-80.4	13.1	-6.6	
86.9	-4.1	20.5	13.1	
72.1	-4.1	-21.4	-4.1	
-23.8	37.7	27.8	-16.4	
-55.8	32.8	79.5	-4.1	
-33.7	22.9	67.2	10.6	
45.1	62.3	40.1	22.9	
155.8	-31.2	-87.8	13.1	
145.9	-23.8	-14.0	-26.3	
74.6	-36.1	118.9	15.5	
-28.7	-1.7	113.9	45.1	
-48.4	30.3	72.1	18.0	
-70.6	35.2	84.4	-4.1	
-100.1	67.2	72.1	-21.4	
-68.1	62.3	79.5	-1.7	
0.8	40.1	20.5	-1.7	
59.8	106.6	-107.5	0.8	
5.7	113.9	-100.1	-9.1	
-95.2	25.4	-137.0	3.2	
-173.9	-23.8	-149.3	3.2	
-159.1	-28.7	-154.2	22.9	
-117.3	-1.7	-43.5	13.1	
-65.6	54.9	5.7	10.6	
3.2	47.5	8.2	3.2	
57.4	13.1	-36.1	-9.1	
116.4	10.6	-75.5	-14.0	
150.8	-23.8	-53.3	-6.6	
219.7	-18.9	-23.8	10.6	
177.9	-31.2	-18.9	-23.8	
141.0	-21.4	40.1	-26.3	
131.2	10.6	106.6	-28.7	
113.9	3.2	72.1	8.2	
182.8	20.5	15.5	30.3	
212.3	42.6	-26.3	8.2	
197.6	116.4	-70.6	-1.7	
155.8	96.7	-36.1	-11.5	
99.2	91.8	-18.9	-21.4	
15.5	15.5	-139.4	3.2	
-102.5	15.5	-107.5	37.7	
-183.7	-48.4	-28.7	30.3	
-188.6	-46.0	-21.4	-1.7	
-171.4	-4.1	50.0	-14.0	
-122.2	59.8	94.3	-1.7	
-33.7	109.0	96.7	22.9	
50.0	153.3	86.9	15.5	
109.0	104.1	141.0	-21.4	
91.8	111.5	111.5	-14.0	
104.1	32.8	67.2	-18.9	
32.8	-82.9	-87.8	0.8	
-139.4	-41.0	-146.8	0.8	
-232.9	45.1	-97.6	5.7	
-159.1	57.4	-114.8	-14.0	
-60.7	45.1	-50.9	-16.4	
-55.8	25.4	42.6	-6.6	
-6.6	20.5	32.8	15.5	
69.7	-21.4	-21.4	45.1	
96.7	-46.0	-38.6	40.1	
10.6	5.7	-36.1	20.5	
-112.4	22.9	-80.4	-14.0	
-55.8	42.6	-109.9	27.8	
69.7	52.4	-11.5	45.1	
109.0	42.6	67.2	13.1	
113.9	35.2	153.3	8.2	
91.8	-16.4	200.0	5.7	
25.4	-82.9	207.4	-14.0	
-48.4	-75.5	153.3	-4.1	
-105.0	37.7	155.8	-1.7	
-90.2	67.2	104.1	3.2	
-63.2	-11.5	27.8	8.2	
13.1	86.9	-58.3	15.5	
86.9	148.4	-80.4	22.9	
141.0	133.6	-176.3	22.9	
229.6	67.2	-255.1	15.5	
229.6	37.7	-159.1	13.1	
222.2	32.8	-68.1	20.5	
173.0	-28.7	35.2	15.5	
106.6	-4.1	77.0	0.8	
-33.7	18.0	133.6	0.8	
-105.0	30.3	168.1	10.6	
-169.0	32.8	185.3	8.2	
-191.1	67.2	116.4	-6.6	
-82.9	59.8	91.8	5.7	
-33.7	27.8	126.2	-18.9	
-46.0	22.9	148.4	-9.1	
0.8	136.1	165.6	3.2	
13.1	209.9	116.4	3.2	
62.3	133.6	57.4	-9.1	
64.7	35.2	10.6	-1.7	
74.6	-36.1	-41.0	0.8	
74.6	-90.2	-105.0	-4.1	
82.0	-117.3	-237.8	3.2	
104.1	-105.0	-296.9	-4.1	
45.1	-68.1	-208.3	5.7	
-9.1	-33.7	-92.7	0.8	
27.8	-14.0	-55.8	3.2	
47.5	-11.5	-1.7	-1.7	
40.1	64.7	40.1	0.8	
-28.7	116.4	45.1	-1.7	
-92.7	40.1	22.9	-4.1	
-119.8	-14.0	32.8	-26.3	
-105.0	-23.8	32.8	-14.0	
-50.9	5.7	37.7	13.1	
47.5	5.7	40.1	52.4	
155.8	-1.7	67.2	27.8	
214.8	8.2	77.0	8.2	
168.1	-11.5	82.0	20.5	
79.5	-6.6	89.3	-6.6	
-38.6	18.0	54.9	-33.7	
-132.1	-28.7	62.3	-41.0	
-124.7	18.0	22.9	-9.1	
-92.7	116.4	-36.1	13.1	
-58.3	131.2	-65.6	5.7	
-11.5	131.2	20.5	8.2	
-50.9	82.0	106.6	-4.1	
-46.0	3.2	219.7	-4.1	
-50.9	-4.1	136.1	-1.7	
-129.6	15.5	-105.0	3.2	
-105.0	15.5	-166.5	-1.7	
74.6	-26.3	-146.8	13.1	
160.7	-31.2	-68.1	15.5	
185.3	5.7	-70.6	3.2	
212.3	57.4	-114.8	0.8	
202.5	77.0	-60.7	0.8	
126.2	116.4	-11.5	0.8	
25.4	86.9	0.8	-1.7	
-50.9	47.5	-53.3	20.5	
-141.9	27.8	-60.7	13.1	
-129.6	-6.6	-46.0	-6.6	
-97.6	-31.2	-18.9	-4.1	
-63.2	0.8	-9.1	-9.1	
42.6	-16.4	13.1	0.8	
101.6	20.5	64.7	-4.1	
128.7	57.4	72.1	-11.5	
182.8	64.7	138.5	-18.9	
249.2	84.4	113.9	-16.4	
303.4	67.2	47.5	-16.4	
254.2	-16.4	-6.6	-11.5	
175.4	-11.5	-9.1	-16.4	
106.6	10.6	8.2	27.8	
-26.3	8.2	42.6	32.8	
-242.8	8.2	0.8	25.4	
-405.1	-9.1	42.6	22.9	
-380.5	35.2	118.9	27.8	
-228.0	77.0	96.7	15.5	
-154.2	84.4	-60.7	-4.1	
-112.4	40.1	-100.1	-11.5	
-21.4	5.7	-97.6	-9.1	
-4.1	-1.7	-107.5	3.2	
15.5	57.4	-65.6	10.6	
45.1	37.7	-4.1	3.2	
121.3	-33.7	37.7	-4.1	
101.6	18.0	-6.6	-6.6	
74.6	22.9	-50.9	-1.7	
104.1	-11.5	3.2	0.8	
118.9	-53.3	15.5	3.2	
77.0	-75.5	106.6	8.2	
22.9	-41.0	126.2	3.2	
-11.5	20.5	126.2	-23.8	
-53.3	96.7	126.2	-21.4	
-132.1	96.7	126.2	-26.3	
-102.5	57.4	136.1	8.2	
-9.1	74.6	96.7	-1.7	
89.3	45.1	72.1	-9.1	
101.6	-14.0	79.5	-1.7	
170.5	-60.7	-4.1	-6.6	
185.3	-31.2	-55.8	3.2	
148.4	0.8	-58.3	-4.1	
94.3	10.6	-31.2	-9.1	
77.0	35.2	-18.9	-9.1	
35.2	86.9	-18.9	5.7	
-60.7	20.5	25.4	-11.5	
-141.9	-26.3	101.6	-6.6	
-132.1	13.1	54.9	-4.1	
-107.5	57.4	-46.0	5.7	
-90.2	32.8	-105.0	-1.7	
-4.1	32.8	-112.4	13.1	
40.1	79.5	-109.9	3.2	
84.4	59.8	-109.9	8.2	
128.7	67.2	-33.7	-6.6	
118.9	52.4	143.5	-4.1	
160.7	64.7	136.1	8.2	
128.7	82.0	52.4	-6.6	
50.0	27.8	67.2	-4.1	
-11.5	-18.9	18.0	3.2	
-60.7	3.2	15.5	-16.4	
-46.0	-4.1	32.8	-4.1	
-97.6	-14.0	74.6	18.0	
-132.1	3.2	173.0	3.2	
-16.4	52.4	180.4	-1.7	
69.7	40.1	153.3	3.2	
145.9	45.1	165.6	-6.6	
106.6	13.1	40.1	0.8	
40.1	-9.1	-28.7	-14.0	
-28.7	-38.6	-68.1	-11.5	
-60.7	-55.8	-117.3	15.5	
-141.9	-26.3	-173.9	27.8	
-90.2	42.6	-38.6	18.0	
-63.2	109.0	18.0	18.0	
-60.7	89.3	-11.5	13.1	
-53.3	72.1	-9.1	-4.1	
-14.0	52.4	-80.4	10.6	
5.7	69.7	-14.0	3.2	
30.3	47.5	136.1	-21.4	
22.9	52.4	209.9	-14.0	
3.2	5.7	266.5	-26.3	
15.5	-21.4	254.2	-18.9	
-18.9	27.8	266.5	8.2	
-28.7	47.5	236.9	10.6	
-31.2	37.7	180.4	5.7	
-28.7	40.1	79.5	-11.5	
82.0	13.1	-85.3	-4.1	
126.2	-14.0	-75.5	15.5	
143.5	-33.7	-75.5	8.2	
64.7	-46.0	-129.6	-18.9	
-11.5	3.2	-186.2	-9.1	
-53.3	-9.1	-299.3	-4.1	
-77.9	30.3	-326.4	18.0	
-23.8	-6.6	-264.9	27.8	
-21.4	37.7	-144.4	-9.1	
-28.7	59.8	-63.2	5.7	
22.9	32.8	-1.7	10.6	
15.5	-1.7	37.7	-4.1	
40.1	0.8	118.9	-6.6	
82.0	67.2	177.9	-11.5	
89.3	94.3	180.4	-18.9	
99.2	18.0	131.2	-6.6	
133.6	45.1	57.4	0.8	
222.2	32.8	0.8	15.5	
185.3	-14.0	-58.3	8.2	
101.6	-21.4	-58.3	-6.6	
-16.4	-26.3	42.6	5.7	
-161.6	72.1	42.6	15.5	
-193.6	126.2	69.7	15.5	
-144.4	182.8	111.5	30.3	
-73.0	170.5	113.9	25.4	
-38.6	116.4	32.8	8.2	
-18.9	54.9	-53.3	-9.1	
37.7	3.2	-28.7	0.8	
141.0	13.1	8.2	-9.1	
126.2	18.0	-48.4	-9.1	
96.7	-11.5	-87.8	-4.1	
109.0	-18.9	-48.4	18.0	
5.7	-41.0	-16.4	3.2	
-36.1	-14.0	13.1	-4.1	
-50.9	15.5	72.1	-1.7	
-92.7	10.6	106.6	15.5	
-183.7	37.7	163.1	3.2	
-144.4	91.8	136.1	-11.5	
-43.5	18.0	50.0	3.2	
5.7	-73.0	-33.7	18.0	
18.0	-18.9	-9.1	5.7	
84.4	-41.0	-41.0	-1.7	
192.7	-31.2	-85.3	3.2	
192.7	-16.4	-65.6	-9.1	
109.0	101.6	20.5	-1.7	
0.8	182.8	50.0	20.5	
-6.6	79.5	42.6	20.5	
-46.0	136.1	40.1	10.6	
-109.9	131.2	5.7	3.2	
-82.9	138.5	-4.1	-6.6	
15.5	155.8	-87.8	-16.4	
84.4	-50.9	-70.6	-4.1	
101.6	-205.9	-4.1	-9.1	
64.7	-205.9	69.7	5.7	
22.9	-149.3	30.3	8.2	
-11.5	-90.2	-16.4	25.4	
-4.1	15.5	91.8	20.5	
-33.7	96.7	136.1	13.1	
-68.1	123.8	96.7	15.5	
-102.5	104.1	59.8	13.1	
25.4	89.3	35.2	8.2	
209.9	91.8	-21.4	5.7	
190.2	126.2	37.7	20.5	
94.3	72.1	106.6	32.8	
57.4	5.7	182.8	8.2	
-18.9	10.6	141.0	3.2	
-144.4	54.9	-4.1	13.1	
-215.7	-4.1	96.7	25.4	
-151.7	-55.8	-63.2	20.5	
-18.9	-14.0	-141.9	10.6	
0.8	20.5	-112.4	0.8	
0.8	13.1	-46.0	-1.7	
18.0	-9.1	-11.5	0.8	
67.2	-31.2	59.8	-9.1	
45.1	3.2	-38.6	5.7	
37.7	32.8	22.9	22.9	
72.1	20.5	-48.4	67.2	
74.6	57.4	-186.2	52.4	
8.2	37.7	-228.0	5.7	
-36.1	-46.0	-134.5	-26.3	
-21.4	-60.7	13.1	5.7	
96.7	-23.8	111.5	18.0	
158.2	-26.3	153.3	-4.1	
165.6	-33.7	118.9	-6.6	
133.6	-1.7	99.2	-1.7	
-11.5	27.8	89.3	3.2	
-181.3	47.5	86.9	-9.1	
-284.6	89.3	82.0	-9.1	
-225.5	91.8	99.2	-16.4	
-139.4	113.9	74.6	-1.7	
-31.2	143.5	45.1	15.5	
40.1	168.1	3.2	18.0	
57.4	111.5	-28.7	13.1	
94.3	45.1	13.1	10.6	
22.9	-48.4	52.4	8.2	
-60.7	-6.6	47.5	3.2	
-73.0	-26.3	-16.4	-1.7	
-90.2	8.2	-65.6	-6.6	
-85.3	20.5	-80.4	3.2	
22.9	104.1	-173.9	10.6	
109.0	72.1	-205.9	0.8	
109.0	94.3	-154.2	5.7	
82.0	113.9	-73.0	0.8	
52.4	86.9	47.5	-21.4	
82.0	-14.0	99.2	5.7	
64.7	-38.6	126.2	13.1	
32.8	-1.7	121.3	-6.6	
-6.6	37.7	113.9	-9.1	
27.8	3.2	118.9	35.2	
69.7	-14.0	101.6	32.8	
86.9	-9.1	54.9	-21.4	
67.2	-28.7	-23.8	-14.0	
64.7	-18.9	-80.4	0.8	
148.4	-1.7	-102.5	-9.1	
168.1	-9.1	-58.3	-1.7	
96.7	37.7	-23.8	-4.1	
77.0	3.2	67.2	3.2	
113.9	10.6	101.6	22.9	
182.8	118.9	72.1	5.7	
165.6	214.8	-50.9	-6.6	
8.2	266.5	-50.9	-1.7	
-105.0	185.3	-60.7	-6.6	
-146.8	-26.3	-144.4	-6.6	
-205.9	-107.5	-137.0	-11.5	
-252.6	-90.2	-26.3	-4.1	
-208.3	-53.3	-9.1	8.2	
-127.1	15.5	54.9	30.3	
40.1	57.4	77.0	3.2	
155.8	141.0	91.8	-18.9	
111.5	59.8	155.8	-1.7	
106.6	-9.1	128.7	8.2	
170.5	-85.3	84.4	27.8	
278.8	-70.6	32.8	27.8	
256.6	-9.1	-11.5	15.5	
180.4	-26.3	-53.3	3.2	
5.7	-33.7	-122.2	-4.1	
-193.6	3.2	-41.0	-21.4	
-218.2	42.6	8.2	-14.0	
-264.9	45.1	131.2	-16.4	
-235.4	32.8	168.1	22.9	
-154.2	18.0	173.0	72.1	
-80.4	59.8	99.2	47.5	
3.2	57.4	20.5	-4.1	
32.8	30.3	-68.1	-33.7	
62.3	-14.0	-191.1	-9.1	
72.1	-11.5	-240.3	-18.9	
0.8	35.2	-183.7	-28.7	
-41.0	64.7	-21.4	0.8	
-21.4	69.7	67.2	40.1	
72.1	22.9	111.5	27.8	
86.9	-11.5	91.8	3.2	
35.2	-16.4	62.3	-18.9	
109.0	8.2	54.9	3.2	
84.4	22.9	77.0	-6.6	
57.4	52.4	121.3	5.7	
67.2	77.0	128.7	-14.0	
-41.0	82.0	104.1	-14.0	
-18.9	-4.1	62.3	-21.4	
40.1	-16.4	32.8	-11.5	
113.9	47.5	-6.6	-11.5	
141.0	42.6	-58.3	0.8	
86.9	67.2	-117.3	22.9	
-11.5	45.1	-159.1	22.9	
-53.3	62.3	-137.0	0.8	
-95.2	18.0	-26.3	-14.0	
-159.1	-46.0	32.8	10.6	
-127.1	-77.9	18.0	0.8	
-38.6	-36.1	-16.4	15.5	
123.8	45.1	-33.7	8.2	
236.9	59.8	-4.1	-4.1	
286.1	50.0	101.6	10.6	
222.2	59.8	82.0	30.3	
232.0	57.4	50.0	30.3	
153.3	74.6	-75.5	-9.1	
37.7	72.1	-151.7	-14.0	
-105.0	99.2	-173.9	-14.0	
-183.7	101.6	-70.6	-1.7	
-240.3	101.6	-11.5	-14.0	
-245.2	35.2	-26.3	-9.1	
-149.3	37.7	37.7	-1.7	
-33.7	15.5	111.5	-9.1	
32.8	27.8	118.9	18.0	
50.0	42.6	79.5	15.5	
37.7	20.5	42.6	8.2	
50.0	20.5	25.4	-1.7	
104.1	-38.6	22.9	8.2	
163.1	-1.7	-11.5	-9.1	
136.1	-1.7	-4.1	-9.1	
111.5	-60.7	-18.9	-4.1	
59.8	-48.4	-9.1	0.8	
77.0	-18.9	32.8	13.1	
74.6	13.1	57.4	13.1	
-18.9	116.4	62.3	3.2	
-95.2	128.7	-53.3	3.2	
-122.2	84.4	-151.7	10.6	
-144.4	136.1	-139.4	3.2	
-228.0	57.4	-16.4	20.5	
-333.8	52.4	116.4	15.5	
-255.1	136.1	197.6	-1.7	
-173.9	99.2	160.7	-16.4	
-46.0	82.0	111.5	-14.0	
62.3	37.7	116.4	-14.0	
99.2	-4.1	126.2	-16.4	
158.2	-90.2	50.0	-4.1	
138.5	-117.3	-50.9	-4.1	
165.6	-75.5	-134.5	-4.1	
155.8	-33.7	-100.1	-9.1	
160.7	45.1	-60.7	3.2	
170.5	-53.3	-73.0	18.0	
197.6	-50.9	-92.7	10.6	
266.5	-6.6	-85.3	13.1	
256.6	-90.2	-43.5	-1.7	
148.4	-225.5	91.8	3.2	
37.7	-198.5	113.9	-14.0	
-77.9	-16.4	22.9	-16.4	
-166.5	170.5	-28.7	-11.5	
-159.1	276.3	-28.7	-6.6	
-132.1	168.1	3.2	5.7	
-50.9	82.0	-18.9	-14.0	
-4.1	-41.0	-1.7	-4.1	
-1.7	-53.3	-11.5	5.7	
13.1	35.2	-18.9	-18.9	
69.7	57.4	-11.5	0.8	
79.5	35.2	-41.0	-16.4	
91.8	-16.4	-6.6	25.4	
69.7	-151.7	5.7	35.2	
77.0	-97.6	22.9	27.8	
47.5	-97.6	25.4	13.1	
158.2	13.1	27.8	22.9	
308.3	118.9	82.0	10.6	
320.6	190.2	91.8	8.2	
310.7	185.3	82.0	5.7	
187.7	177.9	54.9	15.5	
45.1	109.0	20.5	30.3	
-188.6	86.9	10.6	3.2	
-518.3	52.4	-33.7	-23.8	
-702.8	96.7	-87.8	-23.8	
-577.3	116.4	-117.3	-31.2	
-264.9	42.6	-161.6	-21.4	
-23.8	37.7	-149.3	5.7	
96.7	123.8	-102.5	8.2	
150.8	187.7	-80.4	-6.6	
212.3	227.1	-68.1	-14.0	
227.1	141.0	0.8	25.4	
224.6	57.4	104.1	27.8	
148.4	-151.7	160.7	18.0	
99.2	-252.6	185.3	27.8	
195.1	-90.2	170.5	5.7	
217.3	-14.0	121.3	-46.0	
138.5	5.7	86.9	-48.4	
15.5	-50.9	84.4	-21.4	
-129.6	-60.7	96.7	-4.1	
-223.1	-75.5	62.3	-16.4	
-301.8	-48.4	-21.4	-23.8	
-383.0	20.5	-48.4	-23.8	
-341.2	91.8	-70.6	-6.6	
-178.8	143.5	-85.3	-23.8	
72.1	96.7	-215.7	-36.1	
332.9	54.9	-210.8	-28.7	
414.1	35.2	-95.2	0.8	
404.2	-50.9	-14.0	22.9	
362.4	-43.5	15.5	32.8	
202.5	-73.0	-9.1	32.8	
0.8	8.2	40.1	8.2	
-252.6	79.5	64.7	-6.6	
-417.4	126.2	89.3	-14.0	
-368.2	96.7	158.2	-16.4	
-213.2	40.1	182.8	3.2	
-119.8	-9.1	123.8	42.6	
-16.4	-31.2	0.8	27.8	
133.6	-65.6	-127.1	8.2	
293.5	-53.3	-141.9	5.7	
337.8	-21.4	-73.0	3.2	
271.4	-6.6	-48.4	-18.9	
187.7	-4.1	-9.1	0.8	
57.4	20.5	-4.1	15.5	
-58.3	72.1	69.7	27.8	
-218.2	40.1	153.3	45.1	
-323.9	25.4	82.0	30.3	
-292.0	8.2	45.1	18.0	
-250.1	59.8	40.1	3.2	
-127.1	64.7	79.5	-4.1	
-28.7	141.0	163.1	-36.1	
-4.1	104.1	121.3	-53.3	
59.8	158.2	15.5	-18.9	
133.6	72.1	-28.7	8.2	
123.8	-26.3	-33.7	20.5	
138.5	-1.7	-70.6	32.8	
99.2	35.2	-139.4	30.3	
37.7	89.3	-97.6	32.8	
59.8	30.3	-68.1	45.1	
25.4	-28.7	-11.5	82.0	
64.7	-16.4	25.4	84.4	
111.5	0.8	67.2	5.7	
148.4	-11.5	62.3	-112.4	
126.2	-43.5	59.8	-232.9	
5.7	-60.7	116.4	-164.0	
-154.2	5.7	113.9	-4.1	
-208.3	79.5	94.3	59.8	
-159.1	138.5	69.7	84.4	
-31.2	79.5	101.6	57.4	
126.2	50.0	37.7	57.4	
325.5	155.8	-102.5	67.2	
337.8	99.2	-139.4	57.4	
273.8	82.0	-139.4	67.2	
244.3	99.2	-159.1	99.2	
126.2	145.9	-186.2	99.2	
-26.3	106.6	-203.4	101.6	
-178.8	-85.3	-173.9	47.5	
-144.4	-171.4	-95.2	-80.4	
-112.4	-213.2	-41.0	-134.5	
-107.5	-53.3	-23.8	-242.8	
30.3	0.8	22.9	-282.1	
106.6	266.5	111.5	-112.4	
99.2	367.3	155.8	15.5	
30.3	254.2	163.1	136.1	
-63.2	313.2	163.1	150.8	
-60.7	224.6	145.9	96.7	
-77.9	-107.5	113.9	3.2	
-97.6	-260.0	99.2	8.2	
-73.0	-205.9	62.3	3.2	
13.1	-87.8	-9.1	82.0	
131.2	-23.8	-87.8	118.9	
212.3	-21.4	-141.9	30.3	
170.5	-4.1	-146.8	-87.8	
153.3	10.6	-58.3	-18.9	
219.7	-28.7	-11.5	126.2	
158.2	54.9	-4.1	128.7	
54.9	15.5	-9.1	54.9	
79.5	5.7	0.8	-14.0	
3.2	30.3	-18.9	-55.8	
-73.0	35.2	-4.1	-53.3	
-240.3	-28.7	30.3	-70.6	
-341.2	-4.1	67.2	-31.2	
-292.0	86.9	106.6	-36.1	
-260.0	180.4	101.6	-55.8	
-198.5	136.1	89.3	79.5	
5.7	37.7	52.4	256.6	
175.4	57.4	32.8	175.4	
264.0	3.2	10.6	170.5	
232.0	-87.8	0.8	158.2	
163.1	-48.4	10.6	96.7	
69.7	-28.7	27.8	15.5	
5.7	-164.0	-9.1	-188.6	
-53.3	-169.0	-36.1	-178.8	
-107.5	-26.3	-31.2	-92.7	
-92.7	13.1	5.7	-92.7	
-33.7	-4.1	35.2	-11.5	
-14.0	25.4	42.6	141.0	
18.0	86.9	62.3	138.5	
57.4	91.8	111.5	79.5	
91.8	47.5	123.8	35.2	
141.0	62.3	145.9	35.2	
182.8	20.5	163.1	10.6	
185.3	-46.0	200.0	15.5	
219.7	-100.1	195.1	45.1	
116.4	-95.2	138.5	138.5	
-18.9	22.9	57.4	145.9	
-68.1	3.2	-43.5	163.1	
-82.9	126.2	-188.6	15.5	
-134.5	170.5	-274.7	-48.4	
-171.4	180.4	-343.6	-402.7	
-159.1	128.7	-304.3	-107.5	
-114.8	121.3	-208.3	57.4	
-95.2	30.3	-63.2	185.3	
-73.0	-53.3	59.8	131.2	
-28.7	-58.3	138.5	-14.0	
0.8	-14.0	177.9	-73.0	
0.8	37.7	217.3	-65.6	
8.2	54.9	219.7	-18.9	
35.2	47.5	175.4	-6.6	
143.5	22.9	143.5	22.9	
99.2	15.5	131.2	8.2	
54.9	32.8	91.8	-46.0	
-55.8	25.4	35.2	-21.4	
-114.8	25.4	-50.9	-11.5	
-112.4	30.3	-109.9	15.5	
-95.2	62.3	-82.9	15.5	
-75.5	42.6	-38.6	-33.7	
30.3	20.5	5.7	-50.9	
79.5	-1.7	77.0	-31.2	
79.5	-4.1	168.1	5.7	
72.1	15.5	205.0	8.2	
50.0	15.5	185.3	-28.7	
50.0	47.5	82.0	-14.0	
37.7	40.1	64.7	-4.1	
40.1	52.4	94.3	45.1	
30.3	62.3	116.4	30.3	
13.1	82.0	123.8	5.7	
8.2	67.2	62.3	-70.6	
-23.8	50.0	150.8	-144.4	
37.7	62.3	246.8	-245.2	
104.1	82.0	283.7	-173.9	
77.0	86.9	165.6	-169.0	
-4.1	104.1	69.7	-105.0	
-73.0	101.6	62.3	5.7	
-75.5	72.1	13.1	-38.6	
-38.6	25.4	35.2	-28.7	
-9.1	-18.9	67.2	94.3	
8.2	-31.2	52.4	217.3	
25.4	0.8	37.7	27.8	
62.3	13.1	50.0	-58.3	
77.0	13.1	67.2	45.1	
126.2	22.9	25.4	-16.4	
222.2	40.1	-18.9	-55.8	
286.1	50.0	-43.5	-16.4	
298.4	47.5	-46.0	52.4	
202.5	40.1	-43.5	-14.0	
72.1	20.5	-26.3	-85.3	
-82.9	52.4	-28.7	57.4	
-240.3	50.0	-9.1	30.3	
-343.6	54.9	27.8	30.3	
-301.8	37.7	77.0	72.1	
-173.9	54.9	74.6	64.7	
-68.1	89.3	91.8	52.4	
45.1	106.6	86.9	20.5	
99.2	79.5	59.8	-1.7	
52.4	69.7	54.9	-105.0	
-9.1	111.5	42.6	-117.3	
-68.1	82.0	50.0	-53.3	
-85.3	131.2	0.8	15.5	
-112.4	111.5	-97.6	45.1	
-50.9	52.4	-228.0	74.6	
52.4	-28.7	-311.6	62.3	
101.6	-149.3	-299.3	-65.6	
54.9	-53.3	-220.6	-26.3	
5.7	-11.5	-169.0	8.2	
-77.9	57.4	-139.4	5.7	
-109.9	143.5	-119.8	22.9	
-50.9	133.6	-173.9	40.1	
47.5	72.1	-112.4	-11.5	
138.5	42.6	-87.8	-70.6	
182.8	-43.5	-16.4	-68.1	
148.4	-87.8	10.6	-114.8	
94.3	-85.3	45.1	-100.1	
50.0	-75.5	52.4	-46.0	
-11.5	-43.5	42.6	15.5	
-63.2	-9.1	0.8	-11.5	
-53.3	3.2	0.8	-38.6	
-58.3	-9.1	10.6	-38.6	
-18.9	-6.6	15.5	-33.7	
-1.7	-11.5	-1.7	-43.5	
18.0	5.7	30.3	-18.9	
64.7	-1.7	74.6	22.9	
84.4	-23.8	123.8	72.1	
94.3	-48.4	128.7	79.5	
94.3	-11.5	20.5	37.7	
20.5	57.4	-38.6	-65.6	
0.8	15.5	-63.2	-119.8	
18.0	64.7	-92.7	-137.0	
91.8	111.5	-65.6	-141.9	
185.3	185.3	5.7	-169.0	
212.3	42.6	79.5	-58.3	
222.2	32.8	47.5	5.7	
180.4	18.0	-41.0	-1.7	
72.1	-55.8	-90.2	-4.1	
-65.6	-60.7	-63.2	22.9	
-186.2	-31.2	-55.8	45.1	
-294.4	64.7	-80.4	62.3	
-306.7	86.9	-33.7	25.4	
-191.1	57.4	30.3	-63.2	
-85.3	8.2	37.7	-92.7	
-14.0	20.5	25.4	-50.9	
45.1	-43.5	8.2	-6.6	
113.9	-75.5	0.8	-11.5	
136.1	0.8	18.0	-21.4	
133.6	15.5	47.5	10.6	
138.5	0.8	45.1	-16.4	
101.6	8.2	22.9	-38.6	
77.0	-14.0	8.2	-53.3	
3.2	-33.7	-21.4	-55.8	
-55.8	-48.4	-33.7	-68.1	
-109.9	-28.7	-26.3	-53.3	
-117.3	-16.4	-36.1	-48.4	
-112.4	0.8	-9.1	0.8	
-82.9	86.9	-9.1	32.8	
-38.6	99.2	-18.9	35.2	
5.7	94.3	15.5	32.8	
20.5	94.3	47.5	13.1	
67.2	59.8	35.2	8.2	
131.2	57.4	67.2	-11.5	
89.3	30.3	72.1	-31.2	
54.9	-48.4	67.2	-6.6	
32.8	-92.7	27.8	-16.4	
22.9	-90.2	22.9	-4.1	
-41.0	-60.7	13.1	3.2	
-55.8	15.5	0.8	-1.7	
-16.4	72.1	-23.8	-4.1	
30.3	99.2	-31.2	-16.4	
54.9	40.1	-11.5	-26.3	
79.5	40.1	-11.5	-23.8	
128.7	133.6	-21.4	-16.4	
123.8	163.1	-28.7	-11.5	
79.5	113.9	-60.7	-1.7	
67.2	86.9	-77.9	-11.5	
27.8	62.3	-50.9	-28.7	
-14.0	10.6	-11.5	-11.5	
-43.5	13.1	-6.6	-14.0	
-31.2	25.4	-6.6	-33.7	
18.0	15.5	-4.1	-31.2	
54.9	8.2	27.8	-31.2	
40.1	5.7	45.1	-26.3	
8.2	18.0	52.4	-28.7	
-68.1	54.9	99.2	-38.6	
-75.5	52.4	104.1	-41.0	
-73.0	30.3	96.7	-33.7	
-70.6	27.8	52.4	-48.4	
-33.7	15.5	45.1	-63.2	
-1.7	15.5	18.0	-38.6	
42.6	13.1	-1.7	8.2	
64.7	-4.1	-6.6	-95.2	
45.1	5.7	-6.6	40.1	
37.7	-9.1	5.7	15.5	
32.8	13.1	42.6	-9.1	
30.3	40.1	3.2	35.2	
37.7	42.6	-31.2	72.1	
69.7	30.3	-60.7	57.4	
82.0	20.5	-31.2	-1.7	
104.1	15.5	-41.0	22.9	
116.4	27.8	-14.0	35.2	
136.1	20.5	-21.4	15.5	
106.6	50.0	-28.7	8.2	
50.0	35.2	-18.9	3.2	
-31.2	57.4	50.0	-4.1	
-85.3	52.4	35.2	3.2	
-139.4	77.0	30.3	10.6	
-161.6	59.8	25.4	-6.6	
-137.0	57.4	25.4	-11.5	
-80.4	52.4	30.3	10.6	
-16.4	13.1	18.0	-21.4	
-21.4	0.8	-16.4	-6.6	
-9.1	22.9	-55.8	-6.6	
-4.1	5.7	-21.4	-14.0	
-1.7	-1.7	30.3	-14.0	
27.8	3.2	77.0	5.7	
27.8	-4.1	62.3	-16.4	
13.1	45.1	77.0	-4.1	
13.1	50.0	67.2	-9.1	
20.5	42.6	72.1	-18.9	
13.1	45.1	50.0	0.8	
13.1	37.7	40.1	-4.1	
0.8	35.2	18.0	8.2	
10.6	32.8	0.8	0.8	
40.1	20.5	-16.4	5.7	
64.7	18.0	-4.1	-11.5	
42.6	25.4	-28.7	-1.7	
20.5	30.3	-23.8	-4.1	
15.5	25.4	-26.3	3.2	
3.2	32.8	-38.6	13.1	
-11.5	40.1	-21.4	25.4	
-14.0	40.1	0.8	25.4	
-18.9	37.7	18.0	10.6	
-21.4	25.4	15.5	-1.7	
-4.1	35.2	25.4	-11.5	
0.8	35.2	35.2	-14.0	
0.8	22.9	27.8	-1.7	
-36.1	30.3	10.6	8.2	
-38.6	25.4	-18.9	13.1	
-36.1	30.3	-43.5	0.8	
-18.9	13.1	-31.2	-9.1	
-16.4	10.6	-18.9	-1.7	
-16.4	30.3	-9.1	-11.5	
-9.1	25.4	-6.6	-9.1	
-14.0	37.7	-1.7	0.8	
-11.5	27.8	13.1	-21.4	
-4.1	40.1	22.9	-11.5	
-6.6	42.6	0.8	3.2	
-21.4	27.8	0.8	5.7	
-16.4	30.3	-9.1	-9.1	
-16.4	0.8	-4.1	-11.5	
0.8	35.2	32.8	0.8	
-6.6	50.0	37.7	-4.1	
0.8	47.5	40.1	5.7	
-4.1	8.2	35.2	8.2	
-23.8	30.3	8.2	-1.7	
-9.1	40.1	3.2	-9.1	
-9.1	52.4	-14.0	-9.1	
0.8	79.5	-60.7	5.7	
-9.1	91.8	-43.5	-9.1	
-16.4	54.9	-14.0	-6.6	
-11.5	15.5	5.7	-4.1	
-23.8	-36.1	15.5	-23.8	
-18.9	-60.7	20.5	-1.7	
-23.8	-16.4	0.8	-9.1	
-31.2	15.5	-18.9	-4.1	
5.7	54.9	-28.7	0.8	
8.2	37.7	-38.6	5.7	
0.8	37.7	-28.7	-11.5	
-9.1	52.4	-21.4	-1.7	
-18.9	20.5	-18.9	-14.0	
-28.7	20.5	-4.1	-18.9	
-26.3	57.4	18.0	-4.1	
-18.9	62.3	37.7	0.8	
-23.8	74.6	45.1	-11.5	
-16.4	62.3	57.4	-6.6	
-18.9	27.8	35.2	-4.1	
-9.1	22.9	32.8	-1.7	
-11.5	3.2	30.3	8.2	
-21.4	13.1	30.3	13.1	
-43.5	5.7	47.5	22.9	
-48.4	-36.1	45.1	20.5	
-48.4	-16.4	47.5	25.4	
-43.5	10.6	50.0	15.5	
-43.5	50.0	45.1	3.2	
-23.8	57.4	37.7	-6.6	
-23.8	47.5	5.7	-1.7	
-16.4	91.8	-6.6	0.8	
-11.5	64.7	-9.1	10.6	
8.2	62.3	-9.1	18.0	
8.2	57.4	8.2	13.1	
25.4	52.4	5.7	3.2	
20.5	59.8	5.7	-6.6	
-4.1	35.2	5.7	5.7	
-26.3	69.7	42.6	8.2	
-48.4	32.8	52.4	22.9	
-43.5	50.0	40.1	10.6	
-53.3	22.9	67.2	-16.4	
-80.4	25.4	86.9	-6.6	
-107.5	45.1	82.0	20.5	
-87.8	86.9	52.4	13.1	
-60.7	86.9	42.6	0.8	
-65.6	89.3	45.1	5.7	
-70.6	69.7	50.0	-11.5	
-80.4	62.3	47.5	-6.6	
-65.6	15.5	52.4	-1.7	
-68.1	-16.4	50.0	5.7	
-55.8	-9.1	27.8	32.8	
-53.3	-28.7	13.1	35.2	
-50.9	5.7	-26.3	25.4	
-38.6	35.2	-31.2	5.7	
-23.8	77.0	3.2	-6.6	
-18.9	47.5	-23.8	-1.7	
-31.2	35.2	-11.5	5.7	
-28.7	25.4	-1.7	20.5	
-43.5	10.6	-31.2	35.2	
-23.8	18.0	-18.9	20.5	
-14.0	40.1	-23.8	-6.6	
-18.9	40.1	-14.0	13.1	
-9.1	45.1	3.2	37.7	
-14.0	40.1	-1.7	18.0	
-11.5	20.5	0.8	37.7	
-33.7	20.5	18.0	37.7	
-65.6	37.7	-4.1	35.2	
-109.9	10.6	22.9	32.8	
-82.9	-1.7	3.2	20.5	
-58.3	0.8	-6.6	27.8	
-16.4	18.0	-11.5	27.8	
-28.7	67.2	54.9	37.7	
-58.3	64.7	106.6	32.8	
-107.5	40.1	96.7	25.4	
-154.2	64.7	69.7	22.9	
-188.6	47.5	35.2	27.8	
-146.8	37.7	54.9	32.8	
-166.5	50.0	25.4	22.9	
-198.5	52.4	-58.3	13.1	
-240.3	62.3	-65.6	22.9	
-225.5	52.4	-70.6	40.1	
-176.3	42.6	-63.2	37.7	
-117.3	42.6	-31.2	3.2	
-41.0	27.8	-31.2	-21.4	
-36.1	32.8	-21.4	-21.4	
-23.8	62.3	-9.1	5.7	
-43.5	22.9	3.2	20.5	
-97.6	64.7	0.8	10.6	
-127.1	89.3	27.8	0.8	
-186.2	94.3	-16.4	-11.5	
-232.9	79.5	-18.9	-21.4	
-213.2	69.7	-33.7	-11.5	
-176.3	37.7	-38.6	-11.5	
-119.8	3.2	-4.1	-31.2	
-80.4	-28.7	-11.5	-48.4	
-50.9	-23.8	15.5	-43.5	
-14.0	-16.4	-4.1	-38.6	
-11.5	5.7	18.0	-14.0	
-11.5	30.3	40.1	25.4	
-23.8	42.6	57.4	10.6	
-50.9	37.7	52.4	-33.7	
-50.9	45.1	42.6	-70.6	
-70.6	62.3	37.7	-63.2	
-82.9	47.5	25.4	-58.3	
-112.4	40.1	-23.8	-55.8	
-77.9	57.4	-73.0	-28.7	
-60.7	52.4	-65.6	-36.1	
-58.3	47.5	-68.1	-26.3	
-82.9	57.4	-85.3	-23.8	
-87.8	15.5	-144.4	-43.5	
-95.2	37.7	-139.4	-53.3	
-11.5	67.2	-60.7	-50.9	
86.9	74.6	-21.4	-48.4	
177.9	45.1	45.1	-48.4	
212.3	27.8	109.0	-36.1	
251.7	42.6	180.4	-6.6	
234.5	50.0	202.5	-28.7	
153.3	57.4	187.7	-31.2	
45.1	45.1	94.3	-55.8	
-73.0	-31.2	-4.1	-53.3	
-164.0	-41.0	-63.2	-36.1	
-215.7	54.9	-137.0	-36.1	
-289.5	91.8	-250.1	-41.0	
-274.7	131.2	-287.0	-23.8	
-169.0	69.7	-223.1	-1.7	
-146.8	-11.5	-149.3	-4.1	
-87.8	0.8	0.8	-31.2	
-46.0	15.5	79.5	-31.2	
0.8	54.9	67.2	-43.5	
64.7	35.2	32.8	-26.3	
96.7	20.5	40.1	-14.0	
84.4	22.9	57.4	-21.4	
57.4	0.8	64.7	-21.4	
18.0	37.7	57.4	-41.0	
-21.4	62.3	45.1	-33.7	
-23.8	62.3	15.5	-28.7	
18.0	57.4	-31.2	-26.3	
64.7	37.7	-48.4	-4.1	
113.9	86.9	-80.4	15.5	
197.6	37.7	-73.0	15.5	
308.3	-4.1	-38.6	0.8	
308.3	-4.1	-43.5	-9.1	
286.1	57.4	-21.4	-1.7	
217.3	96.7	-1.7	25.4	
116.4	72.1	5.7	42.6	
3.2	47.5	-9.1	45.1	
-146.8	35.2	-41.0	40.1	
-255.1	-11.5	-26.3	32.8	
-215.7	0.8	-14.0	45.1	
-186.2	22.9	54.9	45.1	
-161.6	82.0	96.7	25.4	
-122.2	128.7	143.5	-6.6	
-43.5	113.9	141.0	3.2	
15.5	143.5	121.3	22.9	
86.9	158.2	104.1	40.1	
133.6	170.5	59.8	32.8	
168.1	136.1	-26.3	37.7	
175.4	62.3	-122.2	42.6	
180.4	64.7	-173.9	37.7	
192.7	57.4	-107.5	62.3	
182.8	54.9	-36.1	52.4	
200.0	84.4	13.1	50.0	
236.9	57.4	131.2	40.1	
296.0	15.5	133.6	18.0	
276.3	42.6	133.6	27.8	
173.0	111.5	138.5	37.7	
133.6	106.6	104.1	25.4	
77.0	42.6	57.4	27.8	
-23.8	136.1	50.0	18.0	
-55.8	106.6	-38.6	5.7	
-73.0	101.6	-159.1	45.1	
-38.6	141.0	-186.2	52.4	
-1.7	69.7	-154.2	25.4	
20.5	-50.9	-53.3	5.7	
37.7	-46.0	-9.1	-1.7	
47.5	-11.5	0.8	37.7	
101.6	-6.6	45.1	54.9	
123.8	-28.7	150.8	45.1	
77.0	22.9	219.7	35.2	
18.0	35.2	217.3	52.4	
-6.6	91.8	185.3	35.2	
13.1	84.4	155.8	20.5	
77.0	173.0	153.3	25.4	
84.4	305.8	136.1	20.5	
94.3	268.9	153.3	42.6	
30.3	200.0	126.2	47.5	
-21.4	244.3	91.8	47.5	
-46.0	192.7	10.6	45.1	
5.7	0.8	-75.5	42.6	
96.7	-90.2	-50.9	59.8	
150.8	-68.1	10.6	54.9	
160.7	-31.2	94.3	91.8	
121.3	-23.8	177.9	67.2	
77.0	77.0	207.4	52.4	
-4.1	101.6	241.9	54.9	
-114.8	77.0	192.7	52.4	
-119.8	59.8	249.2	57.4	
-48.4	32.8	323.0	47.5	
54.9	-4.1	271.4	67.2	
173.0	-95.2	173.0	45.1	
325.5	-80.4	121.3	45.1	
382.1	5.7	32.8	59.8	
273.8	45.1	-14.0	50.0	
89.3	40.1	22.9	74.6	
-73.0	72.1	-4.1	84.4	
-112.4	45.1	-58.3	106.6	
-26.3	18.0	-48.4	69.7	
-6.6	10.6	-9.1	42.6	
22.9	59.8	59.8	47.5	
37.7	-43.5	126.2	35.2	
52.4	-132.1	128.7	27.8	
50.0	-53.3	82.0	54.9	
77.0	109.0	-38.6	91.8	
32.8	123.8	-63.2	84.4	
25.4	86.9	-28.7	67.2	
13.1	3.2	-6.6	64.7	
72.1	20.5	-58.3	37.7	
118.9	-26.3	-109.9	40.1	
89.3	-21.4	-151.7	50.0	
141.0	-1.7	-203.4	62.3	
239.4	18.0	-230.5	25.4	
276.3	32.8	-237.8	25.4	
249.2	-36.1	-262.4	25.4	
168.1	-48.4	-107.5	15.5	
185.3	-9.1	-9.1	5.7	
150.8	106.6	40.1	-1.7	
35.2	86.9	91.8	-6.6	
-41.0	-28.7	131.2	18.0	
-70.6	-97.6	118.9	52.4	
-68.1	-65.6	94.3	79.5	
-114.8	18.0	84.4	54.9	
-171.4	50.0	133.6	25.4	
-114.8	15.5	175.4	13.1	
-82.9	57.4	241.9	13.1	
25.4	30.3	323.0	42.6	
5.7	-43.5	332.9	62.3	
-46.0	-41.0	205.0	37.7	
-14.0	-1.7	45.1	5.7	
118.9	-14.0	-36.1	-1.7	
202.5	64.7	-85.3	15.5	
315.7	82.0	-114.8	32.8	
451.0	50.0	-169.0	27.8	
630.5	-68.1	-90.2	0.8	
687.1	-119.8	37.7	30.3	
578.9	-90.2	131.2	-21.4	
337.8	-144.4	126.2	-6.6	
158.2	-73.0	141.0	69.7	
-109.9	-33.7	271.4	84.4	
-304.3	59.8	342.7	77.0	
-387.9	148.4	273.8	50.0	
-228.0	190.2	185.3	45.1	
126.2	185.3	94.3	-23.8	
276.3	111.5	42.6	-23.8	
217.3	94.3	20.5	57.4	
342.7	94.3	104.1	89.3	
288.6	64.7	168.1	111.5	
217.3	52.4	232.0	62.3	
136.1	62.3	168.1	-6.6	
-18.9	101.6	-75.5	-11.5	
50.0	121.3	-80.4	-4.1	
74.6	155.8	-144.4	-16.4	
109.0	180.4	-220.6	-31.2	
5.7	118.9	-191.1	86.9	
-38.6	109.0	-166.5	249.2	
-119.8	94.3	-181.3	192.7	
-171.4	54.9	-63.2	131.2	
-292.0	25.4	-109.9	101.6	
-294.4	-6.6	-181.3	67.2	
-191.1	-4.1	-269.8	27.8	
32.8	-60.7	-250.1	-1.7	
234.5	-154.2	-127.1	-6.6	
421.4	-65.6	-149.3	82.0	
475.6	45.1	-198.5	153.3	
369.8	64.7	-272.3	168.1	
266.5	42.6	-159.1	175.4	
180.4	54.9	-41.0	96.7	
57.4	77.0	-48.4	82.0	
-50.9	143.5	-139.4	99.2	
-188.6	138.5	-237.8	141.0	
-105.0	155.8	-154.2	136.1	
160.7	158.2	-23.8	131.2	
372.2	94.3	59.8	99.2	
362.4	32.8	62.3	91.8	
249.2	-33.7	13.1	77.0	
118.9	-154.2	-28.7	77.0	
141.0	-141.9	89.3	96.7	
-73.0	-43.5	-46.0	86.9	
-215.7	13.1	-73.0	77.0	
-218.2	57.4	-218.2	72.1	
45.1	32.8	-230.5	79.5	
195.1	50.0	-77.9	62.3	
168.1	42.6	155.8	74.6	
111.5	52.4	111.5	165.6	
104.1	116.4	25.4	214.8	
136.1	111.5	86.9	175.4	
118.9	136.1	-73.0	163.1	
32.8	113.9	-274.7	170.5	
163.1	111.5	-323.9	79.5	
431.3	111.5	-247.7	59.8	
416.5	72.1	-296.9	69.7	
214.8	22.9	-232.9	116.4	
-23.8	-33.7	-210.8	158.2	
-50.9	-31.2	-218.2	158.2	
-188.6	-28.7	-90.2	145.9	
-338.7	18.0	-31.2	116.4	
-262.4	27.8	-63.2	111.5	
-149.3	8.2	-90.2	123.8	
-11.5	89.3	-82.9	74.6	
89.3	126.2	-134.5	54.9	
145.9	163.1	-210.8	77.0	
101.6	187.7	-237.8	145.9	
148.4	96.7	-296.9	175.4	
232.0	69.7	-373.1	234.5	
222.2	20.5	-100.1	281.2	
101.6	74.6	123.8	288.6	
30.3	89.3	136.1	244.3	
-43.5	27.8	5.7	22.9	
-1.7	-26.3	-154.2	148.4	
153.3	20.5	-279.7	209.9	
205.0	-14.0	-137.0	224.6	
369.8	-16.4	-87.8	244.3	
436.2	-55.8	-274.7	182.8	
391.9	-65.6	-410.0	212.3	
232.0	-46.0	-319.0	200.0	
25.4	-33.7	-169.0	138.5	
-208.3	104.1	-63.2	143.5	
-375.6	318.1	-31.2	227.1	
-294.4	300.9	-6.6	244.3	
-146.8	86.9	82.0	259.1	
82.0	128.7	91.8	300.9	
419.0	165.6	168.1	249.2	
534.6	77.0	91.8	224.6	
426.4	64.7	-18.9	182.8	
293.5	37.7	-105.0	182.8	
42.6	-73.0	-38.6	187.7	
-287.0	-114.8	-188.6	202.5	
-609.3	-87.8	-513.4	227.1	
-710.2	35.2	-493.7	234.5	
-557.6	111.5	-309.2	168.1	
-378.1	101.6	-188.6	113.9	
-296.9	50.0	-132.1	128.7	
-205.9	57.4	-102.5	91.8	
-31.2	-1.7	-137.0	25.4	
128.7	35.2	-70.6	-6.6	
212.3	96.7	185.3	-4.1	
298.4	30.3	460.8	-28.7	
305.8	-21.4	527.2	155.8	
175.4	-26.3	426.4	47.5	
57.4	-36.1	367.3	3.2	
15.5	5.7	145.9	22.9	
20.5	72.1	-122.2	141.0	
52.4	160.7	-326.4	222.2	
-18.9	168.1	-461.7	138.5	
-38.6	111.5	-439.6	69.7	
-50.9	74.6	-208.3	104.1	
-107.5	50.0	54.9	160.7	
-41.0	99.2	141.0	177.9	
182.8	94.3	131.2	143.5	
352.6	62.3	187.7	-21.4	
401.8	25.4	165.6	-85.3	
291.1	18.0	158.2	-90.2	
96.7	35.2	37.7	-97.6	
-149.3	37.7	-208.3	-100.1	
-405.1	57.4	-198.5	-117.3	
-348.5	82.0	-149.3	-80.4	
-114.8	131.2	-95.2	-28.7	
175.4	104.1	-87.8	67.2	
296.0	79.5	-112.4	-6.6	
288.6	74.6	-132.1	5.7	
219.7	72.1	25.4	109.0	
52.4	30.3	168.1	116.4	
-65.6	22.9	222.2	54.9	
-73.0	27.8	170.5	57.4	
-139.4	64.7	195.1	30.3	
-220.6	52.4	244.3	27.8	
-181.3	25.4	246.8	-9.1	
-102.5	30.3	283.7	-50.9	
-149.3	5.7	288.6	13.1	
-220.6	-18.9	207.4	0.8	
-151.7	-23.8	182.8	-90.2	
-16.4	18.0	52.4	-90.2	
25.4	106.6	-18.9	-65.6	
-80.4	74.6	-122.2	-102.5	
-132.1	57.4	-141.9	-48.4	
-95.2	10.6	-48.4	-38.6	
18.0	-41.0	30.3	-48.4	
30.3	15.5	77.0	-26.3	
57.4	32.8	133.6	-16.4	
177.9	54.9	177.9	-38.6	
217.3	113.9	175.4	-73.0	
340.3	136.1	200.0	-60.7	
453.4	54.9	170.5	-100.1	
359.9	-18.9	136.1	-164.0	
232.0	-38.6	22.9	-102.5	
57.4	-80.4	-16.4	-112.4	
-124.7	-1.7	-95.2	-100.1	
-321.5	-48.4	-73.0	-65.6	
-454.3	-107.5	59.8	-46.0	
-577.3	-109.9	-58.3	8.2	
-395.3	-75.5	-245.2	5.7	
-90.2	18.0	-232.9	-132.1	
133.6	-4.1	-196.0	-230.5	
244.3	-28.7	-119.8	-193.6	
273.8	18.0	-16.4	-53.3	
104.1	15.5	-124.7	-75.5	
-77.9	22.9	-215.7	-122.2	
-225.5	50.0	-102.5	37.7	
-343.6	111.5	74.6	104.1	
-378.1	50.0	67.2	-21.4	
-343.6	-16.4	121.3	-122.2	
-92.7	-4.1	133.6	-139.4	
153.3	121.3	126.2	-102.5	
328.0	47.5	86.9	-58.3	
455.9	111.5	89.3	-48.4	
581.3	47.5	315.7	-85.3	
470.6	-21.4	401.8	-105.0	
283.7	-36.1	276.3	-102.5	
18.0	0.8	86.9	-112.4	
-223.1	27.8	-53.3	-127.1	
-464.2	64.7	-203.4	-114.8	
-557.6	59.8	-232.9	-127.1	
-518.3	-14.0	-218.2	-134.5	
-437.1	-18.9	-156.7	-112.4	
-223.1	-58.3	-9.1	-80.4	
-129.6	-60.7	-58.3	-87.8	
72.1	-14.0	-213.2	-73.0	
404.2	74.6	-223.1	-60.7	
517.4	145.9	-215.7	-151.7	
340.3	205.0	-257.5	-28.7	
69.7	170.5	-144.4	-65.6	
-87.8	185.3	-43.5	-171.4	
-14.0	-50.9	-21.4	-331.3	
-151.7	-237.8	13.1	-444.5	
-301.8	-240.3	27.8	-323.9	
-65.6	-154.2	111.5	-146.8	
246.8	15.5	155.8	-92.7	
246.8	94.3	271.4	-55.8	
177.9	168.1	320.6	-73.0	
209.9	136.1	291.1	-60.7	
128.7	96.7	153.3	-46.0	
-46.0	3.2	150.8	-102.5	
-193.6	-92.7	64.7	-144.4	
-171.4	-166.5	-107.5	-38.6	
-63.2	-102.5	-309.2	-43.5	
-114.8	-48.4	-269.8	-92.7	
-97.6	123.8	-149.3	-100.1	
-6.6	173.0	40.1	-181.3	
18.0	177.9	143.5	-139.4	
-75.5	197.6	133.6	-63.2	
-146.8	190.2	160.7	45.1	
-68.1	22.9	180.4	45.1	
77.0	-11.5	77.0	40.1	
268.9	-58.3	-144.4	45.1	
359.9	-141.9	-230.5	30.3	
364.9	-129.6	-215.7	-58.3	
264.0	-127.1	-215.7	-73.0	
150.8	-102.5	-149.3	5.7	
96.7	18.0	-122.2	20.5	
-68.1	10.6	-132.1	30.3	
-95.2	-11.5	-171.4	32.8	
-90.2	27.8	-85.3	84.4	
-21.4	86.9	-14.0	69.7	
-191.1	79.5	37.7	45.1	
-319.0	3.2	128.7	-68.1	
-252.6	-26.3	394.4	-97.6	
-100.1	104.1	389.5	-173.9	
74.6	113.9	350.1	-109.9	
143.5	109.0	185.3	-48.4	
118.9	155.8	104.1	-73.0	
126.2	84.4	-9.1	-38.6	
69.7	79.5	-75.5	-4.1	
106.6	109.0	-55.8	30.3	
10.6	145.9	25.4	35.2	
-109.9	32.8	165.6	91.8	
-129.6	-95.2	207.4	40.1	
-161.6	-154.2	202.5	-16.4	
-82.9	-109.9	45.1	10.6	
67.2	37.7	42.6	-18.9	
249.2	96.7	5.7	-82.9	
514.9	-18.9	-92.7	-82.9	
448.5	-156.7	-82.9	-65.6	
330.4	-191.1	-65.6	-70.6	
190.2	-122.2	-114.8	-85.3	
77.0	-60.7	-23.8	-60.7	
-41.0	30.3	96.7	-50.9	
-218.2	145.9	251.7	-33.7	
-257.5	209.9	268.9	50.0	
-196.0	222.2	256.6	45.1	
-223.1	116.4	246.8	22.9	
-319.0	72.1	205.0	37.7	
-331.3	35.2	111.5	59.8	
-336.2	30.3	94.3	13.1	
-203.4	-60.7	18.0	-48.4	
-124.7	-14.0	-161.6	-70.6	
-85.3	-48.4	-355.9	-100.1	
8.2	-36.1	-346.1	-102.5	
123.8	-58.3	-292.0	-65.6	
291.1	-46.0	-77.9	-28.7	
249.2	126.2	158.2	-9.1	
192.7	170.5	396.8	-1.7	
236.9	150.8	539.5	-1.7	
337.8	118.9	529.7	-43.5	
254.2	133.6	554.3	-41.0	
160.7	160.7	487.9	-38.6	
153.3	113.9	293.5	-38.6	
148.4	30.3	79.5	-31.2	
40.1	-109.9	-134.5	-31.2	
-92.7	-178.8	-237.8	-4.1	
-183.7	-58.3	-309.2	-16.4	
-169.0	42.6	-373.1	-46.0	
-255.1	89.3	-392.8	-26.3	
-289.5	148.4	-378.1	-18.9	
-237.8	138.5	-321.5	-9.1	
-156.7	54.9	-183.7	-16.4	
-85.3	-38.6	-119.8	-21.4	
-97.6	8.2	-102.5	-48.4	
-70.6	62.3	89.3	-58.3	
-102.5	106.6	212.3	-31.2	
-46.0	173.0	163.1	-11.5	
123.8	168.1	138.5	-26.3	
244.3	20.5	222.2	-21.4	
320.6	10.6	384.5	-23.8	
300.9	-26.3	519.8	-36.1	
173.0	-114.8	453.4	-46.0	
84.4	-112.4	239.4	-11.5	
5.7	-46.0	20.5	-36.1	
-141.9	13.1	-41.0	-11.5	
-92.7	52.4	-73.0	-26.3	
-14.0	-55.8	-90.2	-58.3	
13.1	-124.7	-77.9	-109.9	
-43.5	-80.4	20.5	-105.0	
-117.3	79.5	143.5	-70.6	
-215.7	69.7	207.4	-68.1	
-203.4	109.0	118.9	-46.0	
-102.5	5.7	5.7	-11.5	
77.0	15.5	30.3	-33.7	
251.7	-36.1	121.3	-68.1	
487.9	-43.5	126.2	-75.5	
497.7	0.8	118.9	-68.1	
357.5	96.7	5.7	-63.2	
261.5	141.0	-119.8	-63.2	
113.9	222.2	-144.4	-63.2	
-4.1	268.9	-122.2	-65.6	
-97.6	281.2	-26.3	-73.0	
-235.4	82.0	5.7	-80.4	
-225.5	-75.5	138.5	-65.6	
-228.0	-141.9	148.4	-63.2	
-220.6	-252.6	273.8	-48.4	
-149.3	-282.1	320.6	-58.3	
-151.7	-250.1	234.5	-75.5	
-6.6	-186.2	89.3	-85.3	
94.3	-90.2	-205.9	-60.7	
101.6	45.1	-341.2	-63.2	
121.3	123.8	-282.1	-60.7	
118.9	104.1	-173.9	-55.8	
96.7	57.4	-107.5	-60.7	
52.4	59.8	-105.0	-75.5	
42.6	74.6	-105.0	-55.8	
77.0	106.6	-28.7	-73.0	
69.7	170.5	35.2	-80.4	
59.8	106.6	91.8	-73.0	
96.7	109.0	106.6	-80.4	
126.2	123.8	173.0	-68.1	
22.9	67.2	185.3	-77.9	
-36.1	-41.0	128.7	-75.5	
89.3	-124.7	30.3	-95.2	
288.6	-198.5	-100.1	-73.0	
256.6	-114.8	-119.8	-68.1	
165.6	-28.7	-50.9	-68.1	
-50.9	0.8	109.0	-68.1	
-314.1	22.9	251.7	-73.0	
-574.9	77.0	273.8	-68.1	
-533.0	118.9	325.5	-60.7	
-383.0	86.9	359.9	-41.0	
-215.7	86.9	345.2	-55.8	
-77.9	77.0	207.4	-36.1	
-16.4	72.1	-102.5	-28.7	
45.1	-28.7	-277.2	-9.1	
86.9	5.7	-279.7	-18.9	
123.8	18.0	-250.1	-6.6	
163.1	20.5	-235.4	-11.5	
163.1	0.8	-215.7	-85.3	
131.2	8.2	-95.2	-105.0	
72.1	50.0	143.5	-43.5	
59.8	69.7	219.7	13.1	
59.8	79.5	187.7	52.4	
77.0	22.9	158.2	35.2	
128.7	121.3	155.8	52.4	
54.9	138.5	141.0	54.9	
-23.8	145.9	192.7	54.9	
-68.1	131.2	165.6	72.1	
-119.8	52.4	106.6	77.0	
-178.8	-1.7	-31.2	84.4	
-186.2	-134.5	-137.0	82.0	
-129.6	-218.2	-218.2	69.7	
-38.6	-117.3	-191.1	64.7	
20.5	37.7	-87.8	79.5	
82.0	77.0	-58.3	67.2	
67.2	79.5	-68.1	50.0	
59.8	64.7	-70.6	45.1	
91.8	40.1	-18.9	42.6	
145.9	94.3	-28.7	15.5	
111.5	42.6	-146.8	25.4	
47.5	62.3	-225.5	25.4	
47.5	126.2	-6.6	5.7	
59.8	109.0	271.4	30.3	
8.2	-127.1	286.1	37.7	
-70.6	-228.0	227.1	47.5	
-58.3	-252.6	209.9	37.7	
-46.0	-220.6	143.5	45.1	
13.1	-77.9	150.8	5.7	
101.6	-26.3	123.8	-46.0	
190.2	47.5	22.9	-23.8	
236.9	47.5	5.7	-43.5	
283.7	52.4	42.6	-28.7	
278.8	59.8	84.4	-65.6	
126.2	45.1	101.6	-63.2	
-68.1	-14.0	47.5	-63.2	
-260.0	0.8	35.2	-65.6	
-326.4	47.5	18.0	-55.8	
-360.8	47.5	25.4	-48.4	
-319.0	32.8	-65.6	-90.2	
-210.8	3.2	-82.9	-109.9	
-173.9	3.2	22.9	-127.1	
-122.2	-1.7	121.3	-122.2	
-58.3	30.3	94.3	-132.1	
-21.4	74.6	-65.6	-149.3	
15.5	128.7	-200.9	-159.1	
5.7	113.9	-255.1	-164.0	
-23.8	94.3	-225.5	-178.8	
77.0	-46.0	-114.8	-186.2	
158.2	-50.9	0.8	-178.8	
217.3	-4.1	89.3	-181.3	
219.7	-31.2	113.9	-173.9	
165.6	-73.0	123.8	-161.6	
69.7	-65.6	113.9	-154.2	
52.4	-33.7	99.2	-137.0	
40.1	-38.6	86.9	-124.7	
-21.4	-53.3	69.7	-132.1	
-65.6	-70.6	42.6	-164.0	
-41.0	40.1	-11.5	-159.1	
5.7	69.7	-63.2	-119.8	
-9.1	67.2	-100.1	-117.3	
-16.4	47.5	-95.2	-105.0	
5.7	-11.5	-38.6	-186.2	
27.8	-21.4	50.0	-220.6	
18.0	27.8	91.8	-213.2	
-1.7	72.1	96.7	-196.0	
20.5	104.1	27.8	-151.7	
-33.7	153.3	-48.4	-141.9	
-75.5	25.4	-146.8	-139.4	
-53.3	-65.6	-198.5	-141.9	
-18.9	-90.2	-205.9	-166.5	
-23.8	10.6	-166.5	-132.1	
-33.7	22.9	-95.2	-117.3	
-38.6	57.4	3.2	-134.5	
13.1	86.9	138.5	-134.5	
25.4	212.3	175.4	-124.7	
-4.1	128.7	116.4	-97.6	
-11.5	106.6	101.6	-105.0	
15.5	52.4	99.2	-132.1	
82.0	-31.2	59.8	-188.6	
121.3	-132.1	22.9	-235.4	
118.9	-164.0	-21.4	-198.5	
121.3	-77.9	32.8	-198.5	
86.9	37.7	69.7	-218.2	
45.1	84.4	79.5	-183.7	
-14.0	62.3	82.0	-129.6	
-75.5	109.0	47.5	-117.3	
-90.2	101.6	-36.1	-159.1	
-77.9	37.7	-75.5	-146.8	
-23.8	-154.2	-18.9	-154.2	
22.9	-139.4	-21.4	-55.8	
54.9	-18.9	-43.5	72.1	
116.4	32.8	-31.2	113.9	
59.8	-11.5	-1.7	133.6	
-11.5	-77.9	-9.1	52.4	
-21.4	10.6	-11.5	-117.3	
-38.6	-53.3	-6.6	-257.5	
-92.7	-46.0	57.4	-196.0	
-134.5	-1.7	77.0	-169.0	
-97.6	104.1	-4.1	-107.5	
-11.5	141.0	-100.1	-58.3	
-14.0	177.9	-124.7	-53.3	
-68.1	89.3	-100.1	-31.2	
5.7	54.9	-80.4	0.8	
141.0	18.0	-31.2	25.4	
200.0	-18.9	13.1	62.3	
205.0	-18.9	47.5	37.7	
173.0	8.2	57.4	-1.7	
182.8	18.0	40.1	47.5	
155.8	18.0	27.8	84.4	
-1.7	22.9	-23.8	79.5	
-119.8	10.6	10.6	82.0	
-198.5	-28.7	25.4	47.5	
-223.1	-28.7	45.1	3.2	
-178.8	69.7	35.2	-33.7	
-200.9	128.7	30.3	-21.4	
-161.6	64.7	5.7	62.3	
-87.8	22.9	-9.1	50.0	
-53.3	52.4	27.8	20.5	
-38.6	104.1	82.0	45.1	
5.7	118.9	111.5	45.1	
25.4	77.0	109.0	15.5	
52.4	45.1	79.5	-60.7	
57.4	62.3	96.7	-73.0	
22.9	50.0	72.1	0.8	
94.3	10.6	8.2	8.2	
131.2	42.6	-63.2	-23.8	
133.6	84.4	-102.5	37.7	
121.3	86.9	-127.1	54.9	
82.0	131.2	-146.8	64.7	
20.5	123.8	-186.2	45.1	
-38.6	148.4	-164.0	42.6	
-55.8	190.2	-119.8	25.4	
-18.9	182.8	32.8	8.2	
82.0	158.2	62.3	-9.1	
138.5	-16.4	32.8	0.8	
136.1	-159.1	37.7	15.5	
138.5	-171.4	40.1	22.9	
123.8	-124.7	32.8	-43.5	
64.7	-11.5	27.8	-53.3	
-9.1	15.5	57.4	-41.0	
-36.1	72.1	77.0	-21.4	
-38.6	-23.8	62.3	-18.9	
-38.6	-33.7	62.3	-16.4	
-65.6	-23.8	54.9	-33.7	
-139.4	-4.1	32.8	-38.6	
-186.2	40.1	8.2	-23.8	
-132.1	27.8	-50.9	-16.4	
-65.6	-18.9	-102.5	-11.5	
-33.7	-53.3	-151.7	-6.6	
27.8	-55.8	-159.1	-6.6	
69.7	-16.4	-48.4	-36.1	
72.1	0.8	10.6	-36.1	
47.5	84.4	86.9	-38.6	
22.9	116.4	84.4	-50.9	
22.9	54.9	37.7	-38.6	
18.0	-1.7	3.2	-43.5	
18.0	-6.6	-18.9	-53.3	
32.8	-26.3	-9.1	-41.0	
67.2	-46.0	-18.9	-38.6	
77.0	13.1	-58.3	-53.3	
94.3	77.0	-63.2	-63.2	
123.8	47.5	-26.3	-48.4	
109.0	37.7	-14.0	-53.3	
99.2	67.2	-6.6	-53.3	
59.8	116.4	20.5	-77.9	
-11.5	145.9	32.8	-87.8	
-26.3	173.0	20.5	-82.9	
-16.4	185.3	8.2	-75.5	
-50.9	121.3	13.1	-60.7	
-23.8	101.6	8.2	-77.9	
20.5	10.6	3.2	-68.1	
62.3	-50.9	40.1	-77.9	
50.0	-9.1	96.7	-77.9	
37.7	13.1	116.4	-68.1	
64.7	-16.4	106.6	-70.6	
121.3	-11.5	57.4	-73.0	
111.5	-23.8	22.9	-68.1	
145.9	-36.1	-26.3	-58.3	
104.1	86.9	-92.7	-75.5	
52.4	165.6	-77.9	-77.9	
-68.1	177.9	-80.4	-55.8	
-176.3	118.9	-100.1	-48.4	
-196.0	32.8	-60.7	-60.7	
-149.3	-166.5	-46.0	-70.6	
-65.6	-178.8	-50.9	-77.9	
-9.1	-117.3	-53.3	-68.1	
0.8	-73.0	-43.5	-63.2	
3.2	-21.4	-33.7	-70.6	
-6.6	-28.7	-26.3	-77.9	
-26.3	-18.9	3.2	-73.0	
-68.1	-26.3	25.4	-82.9	
-70.6	-36.1	42.6	-70.6	
-16.4	8.2	50.0	-63.2	
42.6	50.0	59.8	-68.1	
54.9	67.2	74.6	-58.3	
64.7	15.5	69.7	-46.0	
109.0	-18.9	59.8	-55.8	
96.7	3.2	47.5	-65.6	
27.8	13.1	32.8	-60.7	
-11.5	37.7	15.5	-60.7	
-18.9	84.4	45.1	-63.2	
-21.4	165.6	42.6	-41.0	
-36.1	133.6	32.8	-33.7	
-92.7	113.9	22.9	-36.1	
-112.4	45.1	-16.4	-41.0	
-90.2	-117.3	-97.6	-18.9	
-75.5	-100.1	-159.1	-36.1	
-77.9	-4.1	-132.1	-31.2	
-55.8	50.0	-36.1	-38.6	
-21.4	59.8	37.7	-43.5	
-16.4	-1.7	57.4	-26.3	
-11.5	22.9	40.1	-28.7	
32.8	22.9	20.5	-9.1	
54.9	3.2	3.2	-31.2	
84.4	42.6	-1.7	-9.1	
84.4	25.4	13.1	-18.9	
47.5	0.8	-1.7	-31.2	
20.5	15.5	10.6	-21.4	
-4.1	22.9	20.5	-21.4	
-23.8	-6.6	20.5	-28.7	
-36.1	-11.5	-16.4	-23.8	
-21.4	37.7	-9.1	-21.4	
5.7	-6.6	-18.9	-21.4	
40.1	-16.4	-14.0	-16.4	
69.7	3.2	0.8	-16.4	
25.4	59.8	-14.0	-16.4	
-23.8	74.6	-28.7	-11.5	
-50.9	104.1	-6.6	-14.0	
-92.7	86.9	22.9	-1.7	
-109.9	84.4	35.2	-4.1	
-134.5	109.0	64.7	-1.7	
-154.2	10.6	57.4	-9.1	
-90.2	-107.5	20.5	3.2	
-41.0	-43.5	-1.7	-1.7	
-11.5	52.4	-46.0	-1.7	
-18.9	84.4	-73.0	0.8	
-23.8	79.5	-70.6	3.2	
-28.7	89.3	-16.4	-1.7	
-50.9	64.7	-1.7	8.2	
-73.0	15.5	-28.7	-14.0	
-55.8	15.5	-31.2	-31.2	
-33.7	-55.8	-9.1	-21.4	
-31.2	-58.3	8.2	-43.5	
-14.0	-1.7	8.2	-28.7	
-33.7	-1.7	20.5	-21.4	
-38.6	-73.0	35.2	-33.7	
-28.7	-38.6	40.1	-23.8	
-41.0	10.6	32.8	-28.7	
-70.6	-21.4	40.1	-6.6	
-46.0	10.6	47.5	-21.4	
0.8	40.1	54.9	-6.6	
30.3	54.9	67.2	-9.1	
37.7	45.1	72.1	-11.5	
32.8	-6.6	62.3	-9.1	
25.4	50.0	30.3	-1.7	
18.0	57.4	5.7	-11.5	
22.9	42.6	-6.6	-9.1	
57.4	74.6	-9.1	-16.4	
62.3	101.6	-43.5	-11.5	
91.8	113.9	-43.5	-9.1	
86.9	54.9	-18.9	5.7	
30.3	8.2	-11.5	5.7	
-53.3	0.8	-21.4	5.7	
-161.6	40.1	-36.1	-14.0	
-260.0	42.6	3.2	5.7	
-272.3	50.0	-9.1	18.0	
-232.9	86.9	22.9	13.1	
-215.7	96.7	20.5	10.6	
-171.4	82.0	-21.4	15.5	
-105.0	54.9	-46.0	18.0	
-82.9	47.5	-33.7	15.5	
-48.4	0.8	-31.2	22.9	
-28.7	13.1	-1.7	18.0	
8.2	25.4	3.2	15.5	
3.2	40.1	5.7	18.0	
-4.1	5.7	5.7	18.0	
-14.0	-9.1	18.0	10.6	
-31.2	0.8	22.9	15.5	
-26.3	0.8	22.9	8.2	
15.5	18.0	32.8	0.8	
37.7	13.1	42.6	5.7	
57.4	40.1	59.8	5.7	
77.0	20.5	52.4	5.7	
62.3	18.0	42.6	0.8	
54.9	67.2	42.6	10.6	
0.8	57.4	45.1	-4.1	
-80.4	47.5	-4.1	0.8	
-134.5	42.6	-26.3	0.8	
-181.3	45.1	-75.5	3.2	
-119.8	47.5	-82.9	-6.6	
-65.6	40.1	30.3	-6.6	
-33.7	27.8	91.8	-11.5	
-23.8	-16.4	84.4	-11.5	
0.8	-21.4	74.6	-4.1	
5.7	-11.5	52.4	-11.5	
0.8	45.1	37.7	0.8	
-9.1	62.3	5.7	3.2	
-46.0	54.9	-53.3	-11.5	
-73.0	62.3	-92.7	-23.8	
-68.1	37.7	-87.8	-14.0	
-77.9	35.2	-112.4	-14.0	
-65.6	47.5	-77.9	-16.4	
-36.1	59.8	-50.9	-6.6	
-26.3	47.5	-41.0	-1.7	
-9.1	32.8	-36.1	-4.1	
-6.6	27.8	-16.4	-23.8	
-21.4	20.5	-21.4	-1.7	
-28.7	35.2	-9.1	-4.1	
-33.7	22.9	-1.7	10.6	
-18.9	18.0	-6.6	8.2	
5.7	22.9	-16.4	0.8	
10.6	18.0	-9.1	-1.7	
32.8	22.9	-18.9	-14.0	
84.4	15.5	-21.4	-16.4	
74.6	47.5	-23.8	-6.6	
69.7	54.9	-46.0	-16.4	
20.5	32.8	-33.7	-18.9	
-36.1	42.6	-14.0	-18.9	
-48.4	40.1	-31.2	-16.4	
-90.2	22.9	-33.7	-11.5	
-105.0	50.0	-41.0	-6.6	
-77.9	45.1	-33.7	-9.1	
-9.1	22.9	-31.2	-9.1	
89.3	35.2	-28.7	-1.7	
113.9	40.1	-41.0	-1.7	
109.0	37.7	-63.2	-14.0	
64.7	37.7	-70.6	-1.7	
32.8	37.7	-55.8	-6.6	
-6.6	20.5	-43.5	-1.7	
-68.1	22.9	-33.7	0.8	
-80.4	10.6	-23.8	5.7	
-43.5	5.7	-9.1	-6.6	
-9.1	-11.5	-14.0	-9.1	
-4.1	-31.2	-18.9	0.8	
-18.9	-11.5	-14.0	0.8	
10.6	45.1	-11.5	-11.5	
27.8	62.3	0.8	-1.7	
32.8	52.4	8.2	3.2	
18.0	59.8	5.7	-6.6	
3.2	13.1	3.2	-6.6	
8.2	-36.1	15.5	-1.7	
18.0	-21.4	22.9	-14.0	
32.8	35.2	27.8	-4.1	
74.6	35.2	27.8	-9.1	
94.3	50.0	0.8	-9.1	
62.3	0.8	-14.0	-11.5	
94.3	3.2	-26.3	-11.5	
74.6	35.2	5.7	-11.5	
50.0	52.4	15.5	-6.6	
57.4	22.9	5.7	13.1	
54.9	77.0	-18.9	8.2	
-14.0	148.4	-1.7	5.7	
-55.8	121.3	-18.9	-1.7	
-82.9	32.8	-53.3	-11.5	
-112.4	27.8	-60.7	5.7	
-107.5	5.7	-48.4	-4.1	
-73.0	27.8	0.8	-9.1	
-23.8	35.2	15.5	-4.1	
18.0	42.6	45.1	3.2	
25.4	47.5	59.8	13.1	
30.3	72.1	54.9	18.0	
25.4	94.3	42.6	5.7	
22.9	-9.1	45.1	3.2	
54.9	-38.6	37.7	-9.1	
94.3	-16.4	30.3	-6.6	
128.7	13.1	-4.1	-6.6	
192.7	15.5	-4.1	8.2	
229.6	25.4	20.5	18.0	
190.2	-11.5	50.0	30.3	
77.0	20.5	8.2	10.6	
-16.4	84.4	-28.7	-1.7	
-38.6	57.4	-48.4	20.5	
-100.1	54.9	-70.6	32.8	
-146.8	74.6	-80.4	18.0	
-176.3	57.4	-48.4	8.2	
-105.0	25.4	10.6	8.2	
-33.7	3.2	18.0	32.8	
-1.7	-21.4	13.1	42.6	
5.7	5.7	8.2	50.0	
-4.1	104.1	3.2	27.8	
5.7	74.6	40.1	13.1	
3.2	74.6	72.1	20.5	
15.5	67.2	50.0	18.0	
57.4	69.7	52.4	22.9	
94.3	54.9	30.3	30.3	
143.5	-6.6	15.5	20.5	
155.8	-33.7	-1.7	20.5	
160.7	-36.1	10.6	10.6	
163.1	45.1	40.1	3.2	
153.3	59.8	40.1	15.5	
99.2	35.2	40.1	50.0	
96.7	52.4	50.0	52.4	
42.6	74.6	45.1	45.1	
-6.6	94.3	-9.1	27.8	
-26.3	101.6	-18.9	27.8	
-18.9	116.4	-6.6	32.8	
-38.6	113.9	-55.8	30.3	
-33.7	79.5	-63.2	37.7	
18.0	54.9	-26.3	47.5	
27.8	86.9	18.0	18.0	
42.6	69.7	50.0	35.2	
13.1	-11.5	22.9	45.1	
-43.5	-55.8	8.2	32.8	
-92.7	-21.4	20.5	42.6	
-149.3	-9.1	30.3	72.1	
-141.9	-48.4	37.7	86.9	
-114.8	-48.4	54.9	67.2	
-28.7	-28.7	32.8	30.3	
30.3	3.2	-16.4	42.6	
47.5	-4.1	-38.6	45.1	
62.3	-28.7	-21.4	32.8	
84.4	-75.5	-36.1	32.8	
106.6	-73.0	-31.2	15.5	
86.9	-11.5	-31.2	35.2	
77.0	84.4	-33.7	37.7	
82.0	96.7	-46.0	82.0	
54.9	37.7	0.8	74.6	
45.1	-1.7	42.6	67.2	
50.0	-28.7	15.5	50.0	
25.4	-23.8	79.5	50.0	
-36.1	-43.5	64.7	32.8	
-41.0	-11.5	10.6	37.7	
-55.8	-16.4	-9.1	42.6	
-70.6	20.5	-48.4	50.0	
-60.7	-1.7	-70.6	37.7	
-60.7	-26.3	-41.0	77.0	
-9.1	-48.4	-16.4	84.4	
101.6	-4.1	35.2	67.2	
126.2	27.8	47.5	40.1	
91.8	52.4	27.8	64.7	
3.2	10.6	-1.7	59.8	
-6.6	45.1	-63.2	57.4	
-36.1	62.3	-75.5	50.0	
-41.0	69.7	-38.6	59.8	
-63.2	145.9	-50.9	77.0	
-63.2	116.4	-4.1	54.9	
-82.9	30.3	-1.7	57.4	
-60.7	-186.2	-6.6	62.3	
-31.2	-232.9	-21.4	64.7	
37.7	-141.9	27.8	64.7	
101.6	-105.0	69.7	64.7	
148.4	-38.6	111.5	52.4	
234.5	111.5	118.9	59.8	
283.7	273.8	148.4	54.9	
261.5	222.2	67.2	62.3	
170.5	190.2	13.1	45.1	
57.4	101.6	-82.9	57.4	
-95.2	20.5	-181.3	67.2	
-232.9	-33.7	-161.6	72.1	
-210.8	-16.4	-112.4	67.2	
-149.3	-38.6	-82.9	59.8	
-109.9	-117.3	-73.0	64.7	
-21.4	-87.8	-38.6	79.5	
18.0	10.6	-28.7	72.1	
50.0	69.7	22.9	69.7	
27.8	94.3	45.1	57.4	
-36.1	-11.5	-4.1	67.2	
-41.0	-46.0	50.0	64.7	
-6.6	-38.6	82.0	57.4	
91.8	-85.3	74.6	47.5	
123.8	-43.5	47.5	27.8	
101.6	35.2	18.0	50.0	
86.9	104.1	10.6	50.0	
59.8	121.3	8.2	52.4	
32.8	121.3	-50.9	62.3	
35.2	143.5	-127.1	42.6	
72.1	96.7	-132.1	8.2	
74.6	54.9	-60.7	30.3	
123.8	42.6	10.6	57.4	
197.6	20.5	54.9	57.4	
170.5	3.2	89.3	52.4	
91.8	-26.3	116.4	50.0	
40.1	-14.0	143.5	50.0	
37.7	15.5	101.6	35.2	
62.3	-16.4	86.9	25.4	
84.4	13.1	3.2	45.1	
101.6	91.8	-28.7	72.1	
82.0	131.2	-36.1	72.1	
74.6	145.9	-100.1	45.1	
47.5	197.6	-95.2	37.7	
-14.0	173.0	-48.4	35.2	
-31.2	111.5	15.5	8.2	
25.4	77.0	30.3	5.7	
150.8	79.5	37.7	35.2	
214.8	-6.6	77.0	62.3	
136.1	-60.7	101.6	40.1	
62.3	10.6	94.3	10.6	
-65.6	35.2	79.5	20.5	
-299.3	-80.4	111.5	30.3	
-419.9	-41.0	69.7	27.8	
-373.1	-36.1	52.4	10.6	
-191.1	-43.5	22.9	18.0	
-33.7	8.2	-9.1	13.1	
138.5	86.9	-90.2	40.1	
175.4	104.1	-112.4	67.2	
236.9	86.9	-114.8	47.5	
192.7	84.4	-124.7	8.2	
187.7	77.0	-156.7	10.6	
251.7	86.9	-191.1	50.0	
286.1	96.7	-186.2	57.4	
281.2	27.8	-87.8	45.1	
212.3	57.4	-50.9	77.0	
121.3	77.0	-31.2	69.7	
-1.7	10.6	10.6	45.1	
-46.0	35.2	106.6	32.8	
-21.4	50.0	145.9	50.0	
0.8	-21.4	79.5	50.0	
37.7	-21.4	-1.7	54.9	
116.4	-18.9	-21.4	54.9	
89.3	-18.9	20.5	47.5	
-36.1	-9.1	-55.8	42.6	
-97.6	57.4	-144.4	62.3	
-87.8	54.9	-237.8	69.7	
-75.5	82.0	-235.4	74.6	
-60.7	86.9	-119.8	57.4	
99.2	84.4	-60.7	72.1	
236.9	59.8	-97.6	77.0	
217.3	62.3	-6.6	50.0	
121.3	57.4	67.2	32.8	
160.7	59.8	96.7	35.2	
165.6	40.1	195.1	64.7	
101.6	8.2	163.1	67.2	
82.0	13.1	91.8	67.2	
54.9	45.1	64.7	62.3	
8.2	8.2	57.4	50.0	
-33.7	20.5	-1.7	45.1	
-60.7	37.7	-16.4	32.8	
54.9	128.7	-1.7	50.0	
150.8	185.3	8.2	52.4	
185.3	246.8	-36.1	59.8	
69.7	155.8	-63.2	64.7	
57.4	62.3	-9.1	59.8	
-48.4	-21.4	165.6	74.6	
-141.9	-4.1	195.1	64.7	
-178.8	62.3	52.4	50.0	
-41.0	200.0	-80.4	15.5	
72.1	261.5	-213.2	50.0	
158.2	197.6	-255.1	99.2	
138.5	54.9	-319.0	96.7	
54.9	-65.6	-264.9	40.1	
13.1	-105.0	-36.1	20.5	
-6.6	-97.6	175.4	22.9	
-26.3	27.8	364.9	86.9	
52.4	96.7	291.1	101.6	
54.9	89.3	192.7	99.2	
40.1	69.7	111.5	91.8	
-23.8	94.3	77.0	69.7	
-23.8	37.7	59.8	91.8	
10.6	-18.9	-14.0	106.6	
10.6	-28.7	-41.0	94.3	
3.2	50.0	-43.5	79.5	
77.0	94.3	-43.5	42.6	
113.9	50.0	-161.6	-11.5	
143.5	-11.5	-225.5	52.4	
67.2	-4.1	-274.7	96.7	
-68.1	5.7	-260.0	109.0	
-166.5	62.3	-146.8	99.2	
-169.0	35.2	-63.2	67.2	
-146.8	8.2	-149.3	32.8	
-122.2	13.1	-196.0	5.7	
86.9	67.2	-144.4	42.6	
209.9	128.7	-73.0	109.0	
236.9	170.5	-38.6	153.3	
170.5	190.2	59.8	89.3	
185.3	121.3	113.9	77.0	
278.8	101.6	91.8	118.9	
298.4	84.4	123.8	99.2	
244.3	37.7	131.2	52.4	
264.0	8.2	197.6	64.7	
214.8	3.2	234.5	96.7	
79.5	-48.4	286.1	82.0	
-137.0	-41.0	227.1	54.9	
-260.0	-14.0	-14.0	62.3	
-159.1	-16.4	-166.5	59.8	
-82.9	-16.4	-21.4	67.2	
-102.5	-6.6	35.2	77.0	
-9.1	-4.1	-164.0	133.6	
50.0	160.7	-223.1	141.0	
20.5	126.2	-274.7	145.9	
10.6	143.5	-225.5	45.1	
37.7	118.9	-112.4	54.9	
32.8	104.1	-36.1	99.2	
-1.7	86.9	-134.5	143.5	
67.2	62.3	-33.7	177.9	
131.2	42.6	158.2	141.0	
74.6	-6.6	227.1	150.8	
10.6	-4.1	296.0	143.5	
-60.7	-16.4	328.0	74.6	
-55.8	-36.1	209.9	47.5	
-26.3	-60.7	104.1	72.1	
5.7	-70.6	94.3	86.9	
18.0	-70.6	-18.9	99.2	
-41.0	-16.4	-225.5	106.6	
-82.9	-9.1	-456.8	136.1	
-68.1	-48.4	-432.2	148.4	
50.0	-92.7	-247.7	143.5	
214.8	-80.4	-77.9	145.9	
266.5	-58.3	-85.3	136.1	
185.3	-100.1	-92.7	128.7	
106.6	-14.0	-50.9	131.2	
8.2	121.3	-31.2	128.7	
-169.0	170.5	32.8	116.4	
-240.3	121.3	64.7	106.6	
-166.5	111.5	77.0	96.7	
8.2	104.1	-58.3	113.9	
192.7	128.7	-218.2	131.2	
355.0	116.4	-341.2	187.7	
369.8	22.9	-242.8	271.4	
293.5	-68.1	-267.4	219.7	
232.0	-95.2	-183.7	116.4	
-6.6	-164.0	-151.7	69.7	
-181.3	-223.1	3.2	42.6	
-235.4	-284.6	141.0	106.6	
-124.7	-205.9	59.8	234.5	
-26.3	-112.4	8.2	234.5	
13.1	15.5	-4.1	170.5	
-73.0	47.5	15.5	111.5	
-154.2	35.2	121.3	86.9	
-186.2	15.5	96.7	96.7	
-173.9	-36.1	50.0	145.9	
-97.6	-23.8	18.0	136.1	
111.5	42.6	8.2	111.5	
268.9	42.6	-38.6	128.7	
313.2	-68.1	-70.6	141.0	
185.3	-38.6	-95.2	69.7	
101.6	-6.6	-122.2	-14.0	
-36.1	-117.3	-87.8	-26.3	
-16.4	-63.2	-109.9	8.2	
3.2	37.7	-55.8	22.9	
-122.2	10.6	-55.8	20.5	
-245.2	104.1	104.1	32.8	
-144.4	305.8	175.4	109.0	
-4.1	249.2	249.2	104.1	
40.1	160.7	266.5	32.8	
158.2	153.3	214.8	-16.4	
382.1	259.1	173.0	20.5	
684.7	320.6	148.4	136.1	
726.5	180.4	190.2	163.1	
588.7	180.4	143.5	168.1	
377.2	113.9	82.0	101.6	
57.4	30.3	74.6	-26.3	
-230.5	-31.2	-31.2	-75.5	
-574.9	-16.4	-149.3	13.1	
-702.8	-41.0	-210.8	20.5	
-483.8	-144.4	-228.0	45.1	
-183.7	-164.0	-77.9	86.9	
-11.5	-102.5	291.1	94.3	
67.2	-65.6	372.2	84.4	
79.5	-4.1	300.9	20.5	
72.1	30.3	182.8	18.0	
30.3	-1.7	165.6	32.8	
15.5	-11.5	64.7	99.2	
25.4	62.3	-63.2	86.9	
126.2	69.7	-97.6	94.3	
190.2	47.5	25.4	86.9	
177.9	77.0	288.6	35.2	
185.3	96.7	328.0	79.5	
121.3	94.3	276.3	57.4	
25.4	67.2	150.8	47.5	
-55.8	121.3	-18.9	-6.6	
-161.6	158.2	-90.2	-50.9	
-181.3	99.2	-154.2	-48.4	
-105.0	47.5	-178.8	18.0	
-77.9	62.3	-242.8	101.6	
0.8	141.0	-247.7	35.2	
155.8	22.9	-139.4	-73.0	
278.8	-11.5	-26.3	-112.4	
234.5	15.5	-122.2	-102.5	
155.8	69.7	-164.0	32.8	
5.7	94.3	-132.1	82.0	
-156.7	187.7	-80.4	32.8	
-282.1	158.2	-33.7	150.8	
-232.9	74.6	101.6	212.3	
-80.4	32.8	197.6	214.8	
241.9	18.0	133.6	163.1	
391.9	15.5	126.2	128.7	
350.1	45.1	96.7	35.2	
148.4	-4.1	-58.3	-43.5	
-16.4	40.1	-277.2	22.9	
-166.5	86.9	-351.0	13.1	
-331.3	106.6	-250.1	50.0	
-341.2	45.1	-53.3	123.8	
-80.4	91.8	-18.9	217.3	
224.6	155.8	-139.4	141.0	
293.5	168.1	-77.9	37.7	
222.2	136.1	113.9	-100.1	
91.8	91.8	148.4	-338.7	
18.0	52.4	94.3	-252.6	
-50.9	-28.7	165.6	-73.0	
-114.8	-80.4	170.5	47.5	
-43.5	-70.6	241.9	227.1	
72.1	-68.1	160.7	310.7	
96.7	-48.4	104.1	138.5	
138.5	-46.0	67.2	20.5	
116.4	-36.1	82.0	37.7	
111.5	22.9	-97.6	62.3	
27.8	45.1	-31.2	18.0	
-50.9	-1.7	37.7	-50.9	
-95.2	-18.9	62.3	-53.3	
-134.5	-26.3	54.9	-43.5	
-100.1	22.9	150.8	-48.4	
-102.5	57.4	121.3	-55.8	
-85.3	123.8	-82.9	-14.0	
0.8	94.3	-269.8	0.8	
-1.7	-36.1	-223.1	30.3	
13.1	-73.0	-260.0	79.5	
10.6	0.8	-191.1	168.1	
-68.1	77.0	-139.4	40.1	
-193.6	79.5	-122.2	-1.7	
-73.0	67.2	69.7	84.4	
173.0	-16.4	276.3	121.3	
229.6	-63.2	455.9	67.2	
209.9	-16.4	492.8	27.8	
94.3	-31.2	446.0	3.2	
32.8	-33.7	409.1	8.2	
104.1	-6.6	298.4	74.6	
133.6	-1.7	261.5	126.2	
84.4	-4.1	205.0	91.8	
0.8	3.2	32.8	57.4	
-95.2	-31.2	-220.6	22.9	
-144.4	-6.6	-277.2	30.3	
-208.3	-33.7	-186.2	-28.7	
-260.0	-43.5	-292.0	-48.4	
-112.4	-55.8	-316.6	-63.2	
67.2	-16.4	-299.3	-16.4	
222.2	20.5	-232.9	54.9	
303.4	67.2	-132.1	69.7	
335.3	89.3	-100.1	-4.1	
234.5	99.2	-16.4	-9.1	
77.0	118.9	86.9	-33.7	
-87.8	91.8	175.4	-43.5	
-100.1	-26.3	155.8	-48.4	
-114.8	-102.5	104.1	-31.2	
-102.5	-97.6	207.4	-48.4	
-80.4	-68.1	276.3	-28.7	
-43.5	-95.2	364.9	-26.3	
-28.7	-102.5	276.3	-16.4	
-80.4	-105.0	101.6	-18.9	
-90.2	-65.6	-50.9	-11.5	
-26.3	-55.8	-181.3	13.1	
94.3	-41.0	-205.9	45.1	
143.5	-11.5	-200.9	57.4	
160.7	27.8	-90.2	47.5	
96.7	106.6	-6.6	27.8	
-43.5	96.7	-33.7	-55.8	
-55.8	143.5	5.7	0.8	
50.0	155.8	77.0	64.7	
96.7	79.5	50.0	64.7	
111.5	32.8	57.4	62.3	
101.6	-55.8	158.2	27.8	
22.9	-58.3	246.8	50.0	
35.2	-31.2	165.6	96.7	
118.9	3.2	-85.3	111.5	
69.7	8.2	-50.9	104.1	
-171.4	84.4	-4.1	106.6	
-336.2	113.9	57.4	136.1	
-309.2	3.2	-31.2	116.4	
-353.5	-31.2	-154.2	99.2	
-368.2	-18.9	-139.4	74.6	
-353.5	25.4	128.7	35.2	
-112.4	72.1	261.5	-28.7	
101.6	59.8	197.6	-77.9	
246.8	3.2	128.7	-129.6	
281.2	-28.7	72.1	-102.5	
276.3	-1.7	187.7	-50.9	
217.3	-4.1	163.1	5.7	
227.1	-73.0	104.1	32.8	
320.6	-14.0	64.7	20.5	
288.6	54.9	40.1	27.8	
273.8	123.8	96.7	22.9	
244.3	57.4	-18.9	35.2	
77.0	153.3	47.5	62.3	
-173.9	136.1	150.8	13.1	
-422.3	86.9	241.9	-38.6	
-471.5	3.2	271.4	-9.1	
-469.1	-23.8	281.2	-6.6	
-402.7	-68.1	158.2	-16.4	
-306.7	-127.1	217.3	18.0	
-127.1	-191.1	192.7	64.7	
8.2	-85.3	133.6	-9.1	
153.3	40.1	-60.7	-63.2	
261.5	94.3	-105.0	-80.4	
264.0	67.2	131.2	-87.8	
352.6	64.7	222.2	-70.6	
362.4	77.0	170.5	8.2	
232.0	-43.5	143.5	10.6	
160.7	-132.1	8.2	-1.7	
86.9	-102.5	-87.8	3.2	
-77.9	50.0	-114.8	-1.7	
-186.2	131.2	-137.0	-6.6	
-230.5	239.4	-161.6	-31.2	
-154.2	315.7	-218.2	-87.8	
-232.9	121.3	-240.3	-18.9	
-188.6	30.3	-159.1	22.9	
-124.7	-188.6	-129.6	-9.1	
-77.9	-196.0	104.1	72.1	
94.3	-41.0	212.3	10.6	
195.1	52.4	249.2	-70.6	
180.4	69.7	232.0	-124.7	
148.4	3.2	118.9	-112.4	
202.5	15.5	18.0	-50.9	
251.7	-50.9	-127.1	-14.0	
109.0	-149.3	-237.8	-11.5	
-43.5	-105.0	-279.7	-14.0	
-164.0	0.8	-237.8	-21.4	
-149.3	57.4	-186.2	-50.9	
-178.8	64.7	-63.2	-60.7	
-124.7	59.8	5.7	-63.2	
-50.9	67.2	45.1	-85.3	
91.8	-1.7	-102.5	-112.4	
175.4	5.7	-60.7	-70.6	
254.2	20.5	-46.0	-28.7	
300.9	27.8	-95.2	-114.8	
155.8	35.2	-68.1	-90.2	
3.2	27.8	-117.3	-46.0	
-146.8	13.1	106.6	-176.3	
-188.6	-16.4	475.6	-375.6	
-161.6	82.0	448.5	-92.7	
104.1	153.3	303.4	153.3	
458.3	67.2	111.5	158.2	
566.6	109.0	-68.1	131.2	
475.6	141.0	-360.8	52.4	
278.8	138.5	-483.8	37.7	
47.5	10.6	-410.0	126.2	
-331.3	-80.4	-137.0	136.1	
-535.5	-70.6	-95.2	72.1	
-518.3	10.6	57.4	91.8	
-360.8	15.5	283.7	35.2	
-323.9	45.1	510.0	-41.0	
-299.3	32.8	662.5	-124.7	
-154.2	64.7	773.2	-102.5	
-55.8	143.5	566.6	-95.2	
57.4	79.5	391.9	-68.1	
244.3	22.9	116.4	-38.6	
340.3	-43.5	-151.7	-26.3	
401.8	-77.9	-341.2	-21.4	
286.1	-48.4	-540.4	-55.8	
22.9	-41.0	-569.9	-55.8	
-191.1	-4.1	-567.5	-36.1	
-289.5	-1.7	-405.1	-18.9	
-311.6	64.7	-205.9	-18.9	
-272.3	25.4	67.2	-23.8	
-171.4	-1.7	195.1	-53.3	
15.5	27.8	165.6	-100.1	
173.0	18.0	128.7	-102.5	
271.4	64.7	126.2	-100.1	
197.6	13.1	113.9	-63.2	
155.8	10.6	165.6	-63.2	
47.5	27.8	224.6	-65.6	
54.9	82.0	300.9	-26.3	
170.5	86.9	409.1	-11.5	
219.7	32.8	460.8	-21.4	
153.3	94.3	377.2	-14.0	
42.6	47.5	244.3	-9.1	
-102.5	-16.4	177.9	-23.8	
-77.9	8.2	96.7	-33.7	
27.8	84.4	50.0	-33.7	
109.0	94.3	-77.9	-31.2	
121.3	64.7	-171.4	-18.9	
177.9	-14.0	-225.5	-21.4	
195.1	-53.3	-232.9	-28.7	
94.3	-80.4	-181.3	-26.3	
-107.5	-50.9	-48.4	-33.7	
-102.5	99.2	-105.0	-31.2	
40.1	168.1	-53.3	-33.7	
187.7	82.0	15.5	-26.3	
281.2	-14.0	69.7	-21.4	
173.0	86.9	-26.3	-18.9	
25.4	197.6	-296.9	-4.1	
-92.7	113.9	-240.3	-1.7	
-284.6	-26.3	84.4	-1.7	
-520.7	-77.9	185.3	0.8	
-550.3	-48.4	-87.8	-11.5	
-392.8	-4.1	-164.0	-48.4	
-242.8	99.2	52.4	-28.7	
-109.9	96.7	138.5	-23.8	
-63.2	32.8	173.0	-14.0	
-11.5	-166.5	244.3	-23.8	
79.5	-237.8	342.7	-16.4	
116.4	-156.7	453.4	-23.8	
153.3	-28.7	436.2	-18.9	
202.5	-11.5	278.8	-26.3	
254.2	37.7	111.5	-21.4	
268.9	-36.1	47.5	5.7	
273.8	54.9	-4.1	22.9	
323.0	67.2	-191.1	27.8	
244.3	45.1	-299.3	50.0	
27.8	40.1	-186.2	25.4	
-112.4	77.0	-28.7	-9.1	
-196.0	72.1	-92.7	-26.3	
-137.0	-28.7	-159.1	-11.5	
-11.5	-18.9	-176.3	-6.6	
106.6	-33.7	-124.7	-16.4	
266.5	-14.0	25.4	-23.8	
259.1	50.0	116.4	-4.1	
111.5	116.4	227.1	-16.4	
-31.2	47.5	298.4	-21.4	
-191.1	-11.5	318.1	-38.6	
-282.1	74.6	241.9	-31.2	
-223.1	50.0	246.8	-33.7	
-48.4	-117.3	352.6	-26.3	
128.7	-196.0	369.8	-36.1	
160.7	-41.0	303.4	-28.7	
113.9	69.7	160.7	-38.6	
77.0	155.8	-18.9	-60.7	
-4.1	195.1	-141.9	-68.1	
-6.6	118.9	-205.9	-46.0	
-6.6	121.3	-178.8	-41.0	
59.8	168.1	-6.6	-21.4	
-16.4	77.0	5.7	35.2	
-112.4	15.5	-95.2	3.2	
-269.8	-58.3	-119.8	-11.5	
-306.7	-109.9	-26.3	-18.9	
-218.2	-73.0	15.5	-16.4	
-117.3	-23.8	45.1	-14.0	
13.1	5.7	104.1	-68.1	
128.7	5.7	104.1	-95.2	
136.1	0.8	59.8	-36.1	
89.3	-33.7	-33.7	-6.6	
150.8	20.5	-105.0	-6.6	
209.9	91.8	-73.0	-16.4	
177.9	59.8	10.6	-6.6	
212.3	79.5	25.4	-1.7	
209.9	168.1	-48.4	-18.9	
195.1	101.6	-112.4	-11.5	
131.2	91.8	-284.6	-21.4	
64.7	121.3	-269.8	-18.9	
57.4	64.7	-107.5	-63.2	
5.7	10.6	-6.6	-33.7	
-55.8	-1.7	-36.1	-6.6	
-151.7	10.6	67.2	-6.6	
-257.5	-112.4	148.4	-11.5	
-260.0	-87.8	77.0	-6.6	
-235.4	0.8	45.1	20.5	
-137.0	-14.0	-53.3	40.1	
-92.7	62.3	-50.9	57.4	
-26.3	131.2	-4.1	64.7	
-11.5	30.3	-75.5	47.5	
3.2	77.0	-60.7	25.4	
86.9	94.3	-21.4	-46.0	
212.3	-38.6	72.1	-60.7	
276.3	-58.3	30.3	-26.3	
303.4	-77.9	0.8	10.6	
236.9	-48.4	64.7	40.1	
232.0	20.5	101.6	47.5	
99.2	52.4	54.9	47.5	
-21.4	45.1	35.2	40.1	
-122.2	67.2	163.1	-28.7	
-159.1	45.1	315.7	-77.9	
-178.8	-129.6	318.1	-31.2	
-235.4	-166.5	244.3	-6.6	
-272.3	-129.6	111.5	-36.1	
-230.5	-18.9	118.9	-58.3	
-122.2	20.5	3.2	-85.3	
-68.1	22.9	-63.2	-23.8	
-14.0	37.7	-141.9	0.8	
-55.8	-1.7	-181.3	-21.4	
-16.4	45.1	-230.5	-23.8	
54.9	84.4	-289.5	-75.5	
99.2	30.3	-309.2	-73.0	
104.1	42.6	-196.0	-43.5	
59.8	101.6	-141.9	-31.2	
8.2	141.0	-46.0	-36.1	
-16.4	109.0	35.2	-14.0	
-36.1	82.0	50.0	5.7	
-18.9	54.9	37.7	10.6	
35.2	40.1	10.6	-1.7	
96.7	-77.9	15.5	0.8	
136.1	-80.4	52.4	18.0	
143.5	-23.8	72.1	32.8	
126.2	62.3	52.4	35.2	
170.5	57.4	99.2	35.2	
173.0	-9.1	79.5	10.6	
123.8	-26.3	-31.2	-33.7	
99.2	13.1	-171.4	-21.4	
-6.6	59.8	-220.6	-18.9	
-141.9	113.9	-196.0	3.2	
-230.5	168.1	-100.1	18.0	
-262.4	185.3	-58.3	30.3	
-242.8	244.3	5.7	27.8	
-132.1	236.9	27.8	18.0	
-11.5	86.9	40.1	-11.5	
96.7	79.5	40.1	3.2	
101.6	57.4	-41.0	-4.1	
27.8	-102.5	-80.4	-28.7	
-33.7	-215.7	-90.2	-46.0	
-18.9	-250.1	-68.1	-28.7	
30.3	-124.7	-124.7	-41.0	
54.9	-58.3	-159.1	-53.3	
59.8	-58.3	-151.7	-65.6	
57.4	-46.0	-9.1	-75.5	
50.0	-26.3	104.1	-90.2	
111.5	-33.7	126.2	-100.1	
185.3	-38.6	123.8	-85.3	
143.5	-18.9	148.4	-87.8	
111.5	-16.4	145.9	-87.8	
40.1	0.8	131.2	-102.5	
50.0	-38.6	86.9	-112.4	
67.2	-43.5	94.3	-117.3	
8.2	-36.1	104.1	-112.4	
-58.3	5.7	126.2	-87.8	
-18.9	22.9	109.0	-53.3	
-18.9	8.2	106.6	-65.6	
-65.6	25.4	128.7	-102.5	
-43.5	20.5	121.3	-146.8	
15.5	82.0	111.5	-176.3	
57.4	148.4	170.5	-171.4	
30.3	67.2	217.3	-114.8	
-36.1	18.0	209.9	-58.3	
-92.7	-43.5	182.8	-85.3	
-38.6	-48.4	67.2	-188.6	
20.5	47.5	-122.2	-166.5	
111.5	104.1	-203.4	-173.9	
121.3	84.4	-250.1	-156.7	
96.7	62.3	-260.0	-183.7	
64.7	91.8	-193.6	-156.7	
20.5	30.3	-100.1	-161.6	
-65.6	27.8	-23.8	-144.4	
-171.4	84.4	54.9	-149.3	
-166.5	82.0	82.0	-171.4	
-82.9	5.7	104.1	-240.3	
-46.0	-53.3	153.3	-306.7	
25.4	-55.8	143.5	-232.9	
64.7	5.7	-28.7	-169.0	
89.3	59.8	-134.5	-105.0	
94.3	35.2	-215.7	-87.8	
101.6	-11.5	-220.6	-134.5	
82.0	-82.9	-161.6	-146.8	
8.2	-107.5	-90.2	-134.5	
-21.4	-109.9	42.6	-161.6	
-28.7	-38.6	163.1	-225.5	
-95.2	54.9	175.4	-159.1	
-129.6	42.6	153.3	-186.2	
-122.2	22.9	175.4	-151.7	
-41.0	-11.5	185.3	-117.3	
30.3	-26.3	126.2	-137.0	
94.3	-9.1	111.5	-196.0	
104.1	-1.7	94.3	-159.1	
106.6	-11.5	74.6	-176.3	
104.1	-21.4	54.9	-87.8	
145.9	-18.9	42.6	-28.7	
192.7	-14.0	59.8	-53.3	
148.4	22.9	8.2	-48.4	
111.5	-1.7	-16.4	15.5	
35.2	84.4	-14.0	25.4	
-87.8	133.6	8.2	128.7	
-240.3	94.3	27.8	180.4	
-405.1	40.1	37.7	32.8	
-299.3	59.8	-31.2	-36.1	
-85.3	74.6	-141.9	-50.9	
25.4	84.4	-247.7	18.0	
86.9	59.8	-269.8	74.6	
54.9	15.5	-139.4	101.6	
67.2	-53.3	45.1	86.9	
47.5	-33.7	59.8	77.0	
67.2	27.8	30.3	59.8	
136.1	40.1	15.5	35.2	
113.9	-4.1	67.2	35.2	
54.9	-6.6	64.7	37.7	
25.4	37.7	96.7	32.8	
-48.4	74.6	131.2	35.2	
-60.7	40.1	148.4	32.8	
-43.5	82.0	143.5	25.4	
-55.8	94.3	123.8	-63.2	
-48.4	89.3	52.4	-41.0	
15.5	72.1	-28.7	5.7	
15.5	45.1	-68.1	40.1	
8.2	67.2	-87.8	30.3	
37.7	42.6	-117.3	18.0	
10.6	54.9	-164.0	8.2	
-26.3	64.7	-208.3	47.5	
-70.6	64.7	-228.0	32.8	
-18.9	15.5	-218.2	40.1	
52.4	3.2	-146.8	42.6	
77.0	27.8	-80.4	37.7	
116.4	72.1	-28.7	40.1	
104.1	113.9	0.8	37.7	
84.4	136.1	67.2	45.1	
35.2	57.4	118.9	40.1	
-31.2	0.8	131.2	37.7	
-80.4	27.8	104.1	45.1	
-95.2	109.0	99.2	-31.2	
-36.1	113.9	91.8	-28.7	
-9.1	94.3	91.8	-4.1	
15.5	64.7	47.5	-9.1	
62.3	-28.7	8.2	-11.5	
121.3	-26.3	-48.4	-1.7	
249.2	-33.7	-112.4	-18.9	
256.6	-92.7	-87.8	-28.7	
153.3	-60.7	-50.9	-55.8	
27.8	5.7	-16.4	-63.2	
-65.6	57.4	13.1	-87.8	
-159.1	84.4	101.6	-85.3	
-149.3	136.1	118.9	-90.2	
-134.5	86.9	84.4	-68.1	
-58.3	8.2	50.0	-68.1	
-63.2	-36.1	13.1	-92.7	
-23.8	-109.9	-36.1	-105.0	
-1.7	-77.9	-105.0	-134.5	
-23.8	-80.4	-176.3	-124.7	
-50.9	-18.9	-218.2	-114.8	
-26.3	54.9	-141.9	-109.9	
32.8	52.4	-85.3	-102.5	
64.7	42.6	-90.2	-92.7	
94.3	40.1	-41.0	-105.0	
131.2	67.2	15.5	-139.4	
138.5	69.7	50.0	-141.9	
131.2	67.2	37.7	-144.4	
64.7	37.7	3.2	-137.0	
5.7	30.3	3.2	-137.0	
-73.0	13.1	62.3	-137.0	
-105.0	42.6	106.6	-134.5	
-68.1	47.5	94.3	-129.6	
22.9	15.5	84.4	-134.5	
101.6	-70.6	45.1	-139.4	
131.2	-63.2	50.0	-122.2	
185.3	-28.7	37.7	-109.9	
249.2	10.6	47.5	-112.4	
268.9	10.6	86.9	-107.5	
141.0	40.1	94.3	-132.1	
18.0	72.1	79.5	-127.1	
-75.5	67.2	79.5	-114.8	
-166.5	32.8	50.0	-112.4	
-181.3	18.0	37.7	-107.5	
-178.8	45.1	47.5	-100.1	
-102.5	13.1	25.4	-87.8	
-4.1	0.8	0.8	-90.2	
37.7	32.8	-28.7	-82.9	
59.8	27.8	-68.1	-97.6	
27.8	-16.4	-18.9	-100.1	
-1.7	-43.5	22.9	-87.8	
20.5	15.5	27.8	-87.8	
-16.4	72.1	47.5	-60.7	
-21.4	32.8	40.1	-73.0	
-1.7	13.1	27.8	-87.8	
18.0	10.6	3.2	-65.6	
18.0	-23.8	-63.2	-75.5	
57.4	-43.5	-82.9	-60.7	
109.0	20.5	-100.1	-23.8	
111.5	30.3	-92.7	-16.4	
91.8	15.5	-73.0	-26.3	
40.1	0.8	-63.2	-43.5	
10.6	-21.4	-23.8	-43.5	
-73.0	-11.5	42.6	-46.0	
-144.4	47.5	131.2	-41.0	
-105.0	91.8	170.5	-28.7	
-58.3	96.7	205.0	-53.3	
-14.0	52.4	197.6	-58.3	
57.4	32.8	153.3	-53.3	
126.2	0.8	101.6	-60.7	
158.2	-16.4	67.2	-73.0	
170.5	-23.8	25.4	-60.7	
143.5	-21.4	-1.7	-53.3	
50.0	3.2	-6.6	-63.2	
-68.1	50.0	5.7	-68.1	
-132.1	99.2	-16.4	-60.7	
-102.5	79.5	-36.1	-63.2	
-60.7	-21.4	8.2	-53.3	
27.8	-48.4	25.4	-70.6	
62.3	-16.4	5.7	-60.7	
84.4	47.5	-4.1	-55.8	
72.1	109.0	47.5	-48.4	
8.2	121.3	84.4	-48.4	
-23.8	82.0	84.4	-53.3	
-80.4	64.7	77.0	-36.1	
-151.7	121.3	50.0	-60.7	
-196.0	145.9	3.2	-53.3	
-137.0	69.7	-38.6	-33.7	
-58.3	-92.7	-87.8	-41.0	
15.5	-107.5	-161.6	-55.8	
82.0	-18.9	-198.5	-41.0	
57.4	-23.8	-156.7	-41.0	
30.3	-31.2	-60.7	-41.0	
40.1	5.7	0.8	-36.1	
42.6	30.3	-23.8	-53.3	
45.1	0.8	22.9	-38.6	
57.4	-4.1	45.1	-33.7	
67.2	13.1	54.9	-46.0	
64.7	47.5	40.1	-21.4	
62.3	45.1	25.4	-21.4	
52.4	30.3	-1.7	-23.8	
67.2	37.7	-16.4	-33.7	
84.4	18.0	-50.9	-18.9	
94.3	18.0	-92.7	-23.8	
155.8	84.4	-21.4	-16.4	
128.7	104.1	10.6	-21.4	
118.9	96.7	25.4	-16.4	
79.5	91.8	27.8	-33.7	
77.0	54.9	30.3	-43.5	
91.8	50.0	47.5	-53.3	
89.3	52.4	32.8	-38.6	
47.5	52.4	18.0	-36.1	
-43.5	-14.0	13.1	-23.8	
-161.6	-26.3	32.8	-23.8	
-205.9	-26.3	47.5	-26.3	
-267.4	-43.5	64.7	-23.8	
-292.0	-36.1	62.3	-9.1	
-237.8	15.5	30.3	-21.4	
-141.9	22.9	42.6	-16.4	
-26.3	30.3	37.7	-16.4	
50.0	22.9	47.5	-21.4	
50.0	42.6	45.1	-1.7	
62.3	62.3	25.4	-11.5	
128.7	57.4	-26.3	-4.1	
143.5	47.5	-48.4	-11.5	
50.0	35.2	-31.2	-4.1	
-4.1	69.7	-14.0	-9.1	
-48.4	52.4	32.8	0.8	
-77.9	47.5	8.2	-4.1	
-127.1	77.0	-16.4	-4.1	
-132.1	101.6	-31.2	-9.1	
-60.7	42.6	-21.4	-1.7	
18.0	-16.4	-6.6	-9.1	
64.7	-4.1	40.1	-4.1	
101.6	30.3	57.4	-1.7	
96.7	52.4	50.0	-4.1	
104.1	62.3	27.8	-23.8	
91.8	42.6	25.4	-9.1	
113.9	54.9	5.7	-21.4	
145.9	25.4	0.8	-21.4	
111.5	59.8	3.2	-18.9	
64.7	111.5	20.5	0.8	
10.6	121.3	30.3	3.2	
-18.9	77.0	37.7	-14.0	
-41.0	69.7	25.4	-18.9	
-82.9	5.7	18.0	-16.4	
-9.1	0.8	22.9	-21.4	
59.8	0.8	0.8	-14.0	
136.1	45.1	-11.5	-11.5	
94.3	128.7	27.8	-9.1	
27.8	64.7	42.6	-9.1	
-1.7	22.9	40.1	-9.1	
-55.8	47.5	47.5	-4.1	
-183.7	45.1	32.8	-6.6	
-220.6	30.3	32.8	-21.4	
-151.7	-14.0	30.3	-16.4	
-92.7	47.5	27.8	-4.1	
-26.3	104.1	3.2	5.7	
86.9	148.4	-4.1	-4.1	
116.4	106.6	-1.7	-6.6	
84.4	22.9	-11.5	5.7	
69.7	3.2	-9.1	5.7	
52.4	-119.8	-4.1	30.3	
20.5	-154.2	-70.6	22.9	
-14.0	-188.6	-105.0	18.0	
-23.8	-75.5	-117.3	-4.1	
13.1	-48.4	-97.6	-9.1	
30.3	37.7	-60.7	3.2	
52.4	111.5	-1.7	-1.7	
64.7	113.9	67.2	22.9	
69.7	104.1	82.0	13.1	
79.5	101.6	42.6	13.1	
15.5	54.9	22.9	0.8	
-6.6	37.7	13.1	-1.7	
-23.8	13.1	3.2	-16.4	
-23.8	0.8	-4.1	-9.1	
-43.5	-16.4	-28.7	-11.5	
-41.0	-33.7	-36.1	3.2	
5.7	-9.1	-31.2	18.0	
111.5	25.4	3.2	18.0	
126.2	52.4	-4.1	10.6	
131.2	62.3	-41.0	0.8	
111.5	82.0	-14.0	0.8	
67.2	32.8	-6.6	-4.1	
0.8	-16.4	-65.6	13.1	
-77.9	-26.3	-117.3	13.1	
-107.5	-9.1	-80.4	-4.1	
-73.0	15.5	-58.3	-11.5	
-23.8	37.7	-36.1	-11.5	
18.0	54.9	-16.4	-6.6	
57.4	3.2	-28.7	-9.1	
47.5	10.6	-36.1	5.7	
18.0	-41.0	-38.6	-9.1	
-4.1	-23.8	-28.7	-14.0	
-58.3	72.1	-18.9	-1.7	
-92.7	50.0	-4.1	10.6	
-77.9	136.1	8.2	3.2	
-50.9	136.1	20.5	8.2	
-21.4	37.7	47.5	3.2	
10.6	52.4	5.7	3.2	
-6.6	82.0	-9.1	10.6	
-4.1	89.3	-21.4	8.2	
30.3	72.1	-9.1	-6.6	
25.4	54.9	-16.4	5.7	
25.4	54.9	-65.6	-11.5	
5.7	-18.9	-102.5	-4.1	
-1.7	-87.8	-92.7	5.7	
-23.8	-70.6	-50.9	3.2	
-38.6	-28.7	-28.7	8.2	
-16.4	5.7	-55.8	10.6	
20.5	5.7	-60.7	20.5	
52.4	30.3	-90.2	10.6	
40.1	74.6	-75.5	-1.7	
30.3	59.8	-60.7	3.2	
8.2	37.7	-58.3	-1.7	
-28.7	74.6	-28.7	-9.1	
-36.1	62.3	-6.6	-1.7	
-55.8	45.1	-6.6	-1.7	
-68.1	5.7	-9.1	-9.1	
-4.1	-18.9	-1.7	-9.1	
-26.3	-11.5	-14.0	-16.4	
-21.4	35.2	-1.7	-9.1	
72.1	3.2	-9.1	-4.1	
177.9	-80.4	-6.6	5.7	
168.1	-46.0	5.7	15.5	
113.9	-43.5	-9.1	13.1	
50.0	3.2	-14.0	27.8	
5.7	106.6	3.2	13.1	
-70.6	121.3	-16.4	8.2	
-169.0	133.6	-11.5	13.1	
-215.7	150.8	8.2	13.1	
-181.3	13.1	10.6	15.5	
-75.5	25.4	15.5	10.6	
-6.6	25.4	8.2	8.2	
69.7	22.9	5.7	0.8	
84.4	18.0	5.7	10.6	
118.9	20.5	-11.5	5.7	
133.6	40.1	-31.2	8.2	
148.4	52.4	-60.7	20.5	
104.1	27.8	-53.3	25.4	
77.0	69.7	-46.0	13.1	
3.2	30.3	-43.5	25.4	
-164.0	8.2	-58.3	25.4	
-156.7	-9.1	-73.0	15.5	
-164.0	37.7	-33.7	10.6	
-171.4	74.6	-11.5	13.1	
-112.4	42.6	-21.4	20.5	
-95.2	35.2	-38.6	10.6	
-95.2	50.0	-33.7	15.5	
-80.4	67.2	-11.5	20.5	
-55.8	27.8	-4.1	18.0	
42.6	15.5	-11.5	8.2	
99.2	25.4	-16.4	8.2	
91.8	-9.1	18.0	13.1	
35.2	5.7	22.9	18.0	
47.5	40.1	25.4	8.2	
69.7	22.9	18.0	-9.1	
79.5	13.1	-1.7	-14.0	
57.4	30.3	5.7	22.9	
54.9	91.8	5.7	32.8	
18.0	89.3	10.6	25.4	
-11.5	59.8	8.2	20.5	
-46.0	79.5	5.7	13.1	
-41.0	96.7	13.1	30.3	
-48.4	106.6	8.2	30.3	
-11.5	82.0	5.7	25.4	
27.8	101.6	3.2	10.6	
57.4	5.7	13.1	0.8	
57.4	-21.4	10.6	-1.7	
47.5	-48.4	18.0	8.2	
32.8	-114.8	40.1	15.5	
20.5	-161.6	42.6	25.4	
40.1	-100.1	15.5	22.9	
47.5	-50.9	25.4	37.7	
42.6	-4.1	22.9	40.1	
57.4	57.4	13.1	27.8	
72.1	72.1	-4.1	32.8	
69.7	30.3	-31.2	32.8	
45.1	-1.7	-18.9	27.8	
15.5	15.5	-26.3	20.5	
-28.7	62.3	-38.6	35.2	
-11.5	35.2	-41.0	45.1	
-16.4	25.4	-11.5	57.4	
42.6	30.3	-31.2	54.9	
163.1	42.6	-41.0	50.0	
195.1	25.4	0.8	32.8	
180.4	27.8	25.4	25.4	
133.6	47.5	64.7	47.5	
77.0	69.7	54.9	50.0	
-31.2	42.6	69.7	52.4	
-144.4	54.9	47.5	42.6	
-240.3	42.6	15.5	40.1	
-272.3	-4.1	15.5	42.6	
-191.1	-36.1	-14.0	47.5	
-97.6	-4.1	-55.8	42.6	
-26.3	-1.7	-43.5	35.2	
45.1	-55.8	-23.8	50.0	
94.3	13.1	-28.7	47.5	
113.9	64.7	-38.6	40.1	
86.9	72.1	-18.9	45.1	
69.7	52.4	-31.2	52.4	
57.4	74.6	-14.0	72.1	
-6.6	113.9	18.0	82.0	
-87.8	54.9	22.9	64.7	
-105.0	27.8	8.2	35.2	
-85.3	30.3	15.5	37.7	
-26.3	30.3	15.5	67.2	
-21.4	64.7	-1.7	94.3	
3.2	18.0	-14.0	86.9	
10.6	-31.2	-6.6	94.3	
153.3	-90.2	13.1	64.7	
300.9	-16.4	22.9	35.2	
281.2	69.7	45.1	47.5	
202.5	69.7	22.9	62.3	
126.2	74.6	42.6	74.6	
-31.2	25.4	22.9	64.7	
-166.5	54.9	-4.1	67.2	
-191.1	54.9	-18.9	52.4	
-230.5	79.5	-16.4	62.3	
-228.0	79.5	-33.7	74.6	
-95.2	64.7	-58.3	74.6	
-38.6	62.3	-80.4	57.4	
-36.1	32.8	-87.8	59.8	
-105.0	35.2	-16.4	64.7	
-178.8	32.8	10.6	79.5	
-159.1	20.5	18.0	64.7	
-127.1	30.3	32.8	72.1	
-95.2	27.8	37.7	67.2	
-55.8	3.2	35.2	64.7	
8.2	-4.1	50.0	59.8	
57.4	-16.4	47.5	57.4	
86.9	-28.7	37.7	67.2	
99.2	-9.1	42.6	52.4	
74.6	-43.5	45.1	62.3	
72.1	-33.7	27.8	54.9	
0.8	35.2	8.2	52.4	
-50.9	82.0	-21.4	52.4	
-70.6	104.1	-21.4	62.3	
-97.6	82.0	-16.4	52.4	
-117.3	79.5	-16.4	54.9	
-28.7	96.7	-38.6	52.4	
116.4	72.1	-33.7	52.4	
236.9	3.2	-11.5	52.4	
281.2	-11.5	-11.5	57.4	
254.2	-26.3	-55.8	52.4	
180.4	25.4	-68.1	40.1	
136.1	52.4	-48.4	45.1	
82.0	50.0	-48.4	52.4	
35.2	84.4	-6.6	52.4	
-41.0	141.0	45.1	37.7	
-105.0	158.2	91.8	47.5	
-109.9	84.4	69.7	50.0	
-112.4	35.2	64.7	50.0	
-90.2	-28.7	106.6	32.8	
-36.1	20.5	126.2	50.0	
40.1	82.0	45.1	52.4	
136.1	104.1	-9.1	50.0	
244.3	123.8	-43.5	45.1	
234.5	37.7	-14.0	47.5	
170.5	-11.5	22.9	42.6	
42.6	13.1	30.3	42.6	
-33.7	-73.0	-9.1	40.1	
-137.0	-77.9	-31.2	30.3	
-213.2	-46.0	-31.2	54.9	
-193.6	-65.6	-60.7	59.8	
-63.2	-11.5	-16.4	40.1	
86.9	37.7	15.5	35.2	
165.6	111.5	0.8	30.3	
116.4	106.6	-90.2	35.2	
64.7	158.2	-105.0	37.7	
59.8	82.0	-117.3	22.9	
69.7	42.6	-129.6	27.8	
40.1	59.8	0.8	27.8	
64.7	64.7	99.2	35.2	
79.5	128.7	128.7	10.6	
62.3	202.5	113.9	8.2	
-9.1	86.9	64.7	-4.1	
-109.9	42.6	37.7	22.9	
-203.4	77.0	-6.6	45.1	
-208.3	32.8	-70.6	37.7	
-50.9	-119.8	-97.6	37.7	
145.9	-109.9	-107.5	8.2	
182.8	-95.2	0.8	-14.0	
165.6	-70.6	50.0	10.6	
111.5	-1.7	30.3	42.6	
27.8	37.7	54.9	40.1	
-85.3	67.2	27.8	32.8	
-188.6	57.4	32.8	15.5	
-235.4	3.2	10.6	20.5	
-225.5	0.8	-53.3	15.5	
-156.7	-31.2	-97.6	15.5	
-70.6	-9.1	-18.9	5.7	
5.7	5.7	69.7	13.1	
37.7	57.4	136.1	18.0	
84.4	74.6	141.0	25.4	
96.7	35.2	106.6	45.1	
91.8	45.1	62.3	52.4	
30.3	64.7	30.3	54.9	
5.7	18.0	-21.4	57.4	
13.1	5.7	-60.7	35.2	
111.5	64.7	-100.1	22.9	
148.4	116.4	-63.2	30.3	
170.5	82.0	42.6	37.7	
128.7	62.3	91.8	35.2	
86.9	148.4	96.7	45.1	
74.6	200.0	153.3	47.5	
40.1	150.8	177.9	59.8	
-41.0	79.5	168.1	59.8	
-97.6	13.1	47.5	77.0	
-26.3	-1.7	-14.0	79.5	
64.7	37.7	-28.7	74.6	
82.0	45.1	89.3	62.3	
18.0	20.5	131.2	86.9	
-97.6	18.0	45.1	89.3	
-112.4	0.8	25.4	77.0	
-58.3	40.1	57.4	79.5	
22.9	40.1	64.7	69.7	
136.1	45.1	18.0	45.1	
187.7	74.6	-23.8	52.4	
268.9	91.8	-55.8	52.4	
266.5	69.7	-132.1	59.8	
224.6	42.6	-151.7	62.3	
136.1	25.4	-173.9	47.5	
67.2	-14.0	-137.0	22.9	
30.3	-11.5	-82.9	22.9	
52.4	-6.6	3.2	27.8	
-55.8	27.8	96.7	18.0	
-82.9	37.7	69.7	42.6	
-33.7	64.7	113.9	37.7	
-48.4	116.4	77.0	42.6	
-109.9	126.2	32.8	47.5	
-144.4	118.9	-46.0	45.1	
-48.4	91.8	-41.0	57.4	
62.3	25.4	-77.9	67.2	
116.4	-23.8	-63.2	57.4	
170.5	-105.0	-53.3	57.4	
197.6	-122.2	-23.8	72.1	
200.0	-70.6	5.7	22.9	
323.0	-31.2	0.8	35.2	
369.8	10.6	-23.8	35.2	
296.0	89.3	-4.1	74.6	
268.9	45.1	-11.5	82.0	
91.8	86.9	35.2	8.2	
-146.8	143.5	84.4	22.9	
-338.7	77.0	-70.6	20.5	
-385.4	25.4	-117.3	50.0	
-321.5	37.7	-58.3	64.7	
-208.3	45.1	-68.1	54.9	
-97.6	-73.0	-28.7	22.9	
10.6	-77.9	13.1	15.5	
47.5	-53.3	94.3	15.5	
59.8	-60.7	170.5	18.0	
77.0	-60.7	126.2	8.2	
77.0	-21.4	62.3	131.2	
57.4	-16.4	-6.6	145.9	
99.2	-14.0	-21.4	150.8	
177.9	22.9	101.6	123.8	
249.2	37.7	185.3	86.9	
192.7	32.8	200.0	99.2	
101.6	5.7	138.5	96.7	
82.0	22.9	30.3	101.6	
79.5	-4.1	-122.2	104.1	
52.4	30.3	-220.6	116.4	
-11.5	59.8	-272.3	86.9	
-11.5	101.6	-173.9	45.1	
-73.0	45.1	-193.6	37.7	
-159.1	18.0	-316.6	40.1	
-75.5	10.6	-314.1	32.8	
45.1	8.2	-188.6	54.9	
150.8	-26.3	-117.3	106.6	
165.6	-38.6	-63.2	227.1	
62.3	-73.0	-31.2	249.2	
59.8	-23.8	18.0	187.7	
-38.6	42.6	94.3	155.8	
-164.0	74.6	126.2	133.6	
-161.6	86.9	64.7	131.2	
-28.7	72.1	30.3	131.2	
180.4	45.1	-4.1	126.2	
192.7	42.6	-41.0	111.5	
57.4	52.4	-68.1	79.5	
-21.4	57.4	-9.1	79.5	
-114.8	0.8	25.4	59.8	
-264.9	-11.5	-9.1	109.0	
-284.6	-18.9	-4.1	190.2	
-252.6	-1.7	-11.5	170.5	
-166.5	-4.1	-225.5	224.6	
-100.1	-55.8	-395.3	131.2	
52.4	-46.0	-397.7	126.2	
177.9	-82.9	-299.3	121.3	
214.8	5.7	-178.8	160.7	
239.4	42.6	-92.7	150.8	
133.6	111.5	-58.3	170.5	
94.3	104.1	27.8	180.4	
104.1	128.7	-55.8	145.9	
118.9	101.6	-132.1	111.5	
84.4	69.7	-188.6	104.1	
67.2	69.7	-193.6	94.3	
89.3	27.8	-149.3	86.9	
133.6	-33.7	-154.2	89.3	
64.7	-33.7	-183.7	47.5	
-85.3	30.3	-156.7	35.2	
-134.5	37.7	37.7	77.0	
-73.0	18.0	244.3	104.1	
-85.3	-9.1	173.0	101.6	
-109.9	-41.0	79.5	118.9	
-95.2	-58.3	96.7	111.5	
-92.7	-33.7	131.2	86.9	
5.7	-36.1	121.3	94.3	
62.3	-36.1	89.3	118.9	
86.9	25.4	79.5	143.5	
-26.3	118.9	113.9	150.8	
-36.1	59.8	96.7	148.4	
13.1	-18.9	32.8	86.9	
-11.5	-9.1	91.8	101.6	
-28.7	-1.7	113.9	104.1	
-26.3	13.1	0.8	123.8	
20.5	-41.0	-68.1	131.2	
40.1	-31.2	-220.6	118.9	
-1.7	20.5	-279.7	111.5	
-4.1	40.1	-228.0	109.0	
-9.1	91.8	-314.1	121.3	
-11.5	236.9	-326.4	113.9	
-14.0	175.4	-122.2	123.8	
-58.3	64.7	158.2	96.7	
-26.3	77.0	246.8	86.9	
94.3	30.3	202.5	62.3	
214.8	42.6	202.5	94.3	
212.3	57.4	175.4	86.9	
224.6	99.2	45.1	50.0	
219.7	59.8	-48.4	5.7	
259.1	59.8	-43.5	45.1	
141.0	40.1	45.1	45.1	
-60.7	27.8	79.5	18.0	
-80.4	27.8	77.0	8.2	
15.5	50.0	57.4	8.2	
-1.7	64.7	-58.3	32.8	
-28.7	57.4	-129.6	47.5	
-95.2	59.8	-114.8	54.9	
-176.3	62.3	-77.9	64.7	
-210.8	45.1	-33.7	86.9	
-151.7	77.0	-77.9	138.5	
-117.3	101.6	8.2	94.3	
-46.0	89.3	123.8	96.7	
15.5	45.1	121.3	72.1	
101.6	-26.3	143.5	30.3	
234.5	-63.2	74.6	59.8	
276.3	-38.6	99.2	50.0	
244.3	18.0	118.9	32.8	
180.4	59.8	141.0	42.6	
77.0	59.8	62.3	64.7	
-28.7	32.8	-43.5	52.4	
-139.4	-4.1	59.8	32.8	
-164.0	-4.1	150.8	0.8	
-149.3	-41.0	227.1	40.1	
-114.8	-73.0	224.6	69.7	
-102.5	-33.7	133.6	59.8	
-6.6	0.8	74.6	-6.6	
72.1	15.5	-114.8	-6.6	
104.1	-1.7	-230.5	5.7	
123.8	8.2	-343.6	3.2	
109.0	-4.1	-365.8	-26.3	
0.8	0.8	-260.0	18.0	
-97.6	10.6	30.3	18.0	
-154.2	15.5	148.4	-9.1	
-46.0	37.7	77.0	-21.4	
126.2	74.6	-73.0	-26.3	
187.7	52.4	-309.2	-41.0	
227.1	74.6	-336.2	-4.1	
209.9	89.3	-348.5	22.9	
72.1	59.8	-355.9	69.7	
-134.5	50.0	-237.8	40.1	
-260.0	20.5	-58.3	27.8	
-213.2	8.2	77.0	-21.4	
-124.7	0.8	18.0	-53.3	
-1.7	8.2	-112.4	-14.0	
54.9	22.9	-1.7	59.8	
27.8	42.6	69.7	-4.1	
8.2	99.2	82.0	-117.3	
-26.3	121.3	126.2	-154.2	
-55.8	104.1	219.7	-146.8	
-92.7	62.3	303.4	-63.2	
-102.5	35.2	266.5	-4.1	
-50.9	42.6	266.5	50.0	
-53.3	47.5	205.0	59.8	
-18.9	8.2	32.8	20.5	
89.3	-31.2	-134.5	-16.4	
143.5	-90.2	-220.6	-77.9	
121.3	-60.7	-309.2	-70.6	
59.8	84.4	-294.4	-18.9	
42.6	96.7	-223.1	94.3	
64.7	59.8	-287.0	222.2	
54.9	15.5	-213.2	342.7	
27.8	-38.6	-154.2	293.5	
72.1	-14.0	-28.7	150.8	
224.6	0.8	72.1	123.8	
335.3	20.5	170.5	89.3	
387.0	-4.1	145.9	82.0	
419.0	67.2	138.5	116.4	
337.8	104.1	77.0	62.3	
106.6	59.8	5.7	15.5	
-53.3	72.1	13.1	40.1	
-188.6	126.2	-11.5	72.1	
-220.6	128.7	-36.1	64.7	
-314.1	168.1	121.3	15.5	
-355.9	101.6	200.0	94.3	
-301.8	94.3	261.5	79.5	
-274.7	141.0	200.0	-41.0	
-223.1	170.5	45.1	40.1	
-149.3	153.3	-77.9	35.2	
-38.6	141.0	-73.0	30.3	
-16.4	82.0	-60.7	52.4	
3.2	-28.7	-36.1	59.8	
-16.4	-41.0	-6.6	20.5	
-70.6	-60.7	104.1	-18.9	
-105.0	-43.5	50.0	-18.9	
-60.7	-36.1	0.8	-41.0	
-4.1	3.2	37.7	-68.1	
22.9	8.2	111.5	-63.2	
50.0	-11.5	168.1	-70.6	
190.2	5.7	232.0	-82.9	
291.1	-9.1	217.3	-80.4	
278.8	27.8	241.9	-38.6	
273.8	-6.6	249.2	-33.7	
177.9	13.1	126.2	-73.0	
91.8	59.8	-38.6	-112.4	
35.2	37.7	-26.3	-112.4	
-43.5	30.3	77.0	-122.2	
-144.4	-41.0	160.7	-156.7	
-282.1	-77.9	219.7	-181.3	
-260.0	-48.4	175.4	-149.3	
-82.9	37.7	207.4	-41.0	
50.0	158.2	246.8	-23.8	
227.1	141.0	165.6	-21.4	
350.1	94.3	96.7	-50.9	
340.3	37.7	111.5	-6.6	
246.8	5.7	91.8	18.0	
170.5	20.5	15.5	-33.7	
160.7	13.1	118.9	-21.4	
128.7	20.5	141.0	13.1	
106.6	32.8	62.3	-9.1	
214.8	30.3	141.0	-102.5	
168.1	20.5	209.9	-127.1	
-36.1	25.4	217.3	-82.9	
-186.2	67.2	32.8	-55.8	
-250.1	91.8	-196.0	-31.2	
-355.9	57.4	-269.8	-73.0	
-451.9	32.8	-375.6	-43.5	
-400.2	5.7	-385.4	64.7	
-188.6	-23.8	-299.3	62.3	
-53.3	-14.0	-105.0	45.1	
0.8	18.0	74.6	99.2	
91.8	-4.1	205.0	101.6	
133.6	-14.0	180.4	86.9	
64.7	8.2	69.7	25.4	
-73.0	8.2	0.8	-26.3	
-210.8	-1.7	32.8	8.2	
-203.4	-18.9	212.3	-1.7	
-100.1	-65.6	202.5	79.5	
72.1	-73.0	145.9	82.0	
205.0	-50.9	57.4	47.5	
261.5	-46.0	104.1	45.1	
227.1	-38.6	-75.5	207.4	
141.0	-97.6	-223.1	205.0	
175.4	-28.7	-262.4	91.8	
315.7	-63.2	-260.0	0.8	
310.7	32.8	20.5	-119.8	
182.8	18.0	37.7	-114.8	
-9.1	52.4	0.8	-1.7	
-176.3	158.2	-60.7	-14.0	
-316.6	227.1	-149.3	67.2	
-346.1	209.9	-26.3	94.3	
-262.4	128.7	96.7	170.5	
-92.7	86.9	150.8	52.4	
121.3	101.6	50.0	121.3	
347.6	10.6	-73.0	72.1	
561.7	-21.4	-183.7	-117.3	
576.4	-65.6	-117.3	3.2	
374.7	-100.1	-43.5	54.9	
116.4	-132.1	-127.1	15.5	
-95.2	-70.6	-171.4	-50.9	
-397.7	3.2	-100.1	-50.9	
-749.5	35.2	-31.2	-70.6	
-744.6	128.7	-105.0	-107.5	
-476.5	163.1	-134.5	-107.5	
-132.1	143.5	-247.7	37.7	
40.1	74.6	-141.9	47.5	
141.0	-6.6	155.8	40.1	
94.3	8.2	359.9	-11.5	
-11.5	37.7	394.4	-41.0	
-11.5	35.2	323.0	15.5	
54.9	67.2	177.9	25.4	
27.8	64.7	20.5	-164.0	
15.5	-6.6	-65.6	-242.8	
15.5	42.6	-146.8	-193.6	
104.1	50.0	-166.5	-161.6	
150.8	91.8	-124.7	-191.1	
123.8	84.4	-85.3	52.4	
82.0	18.0	-156.7	111.5	
109.0	-63.2	-284.6	94.3	
195.1	-33.7	-260.0	84.4	
197.6	25.4	-87.8	-31.2	
173.0	40.1	45.1	72.1	
173.0	-23.8	173.0	57.4	
148.4	-26.3	315.7	27.8	
59.8	-31.2	350.1	40.1	
-21.4	37.7	446.0	126.2	
-97.6	77.0	404.2	195.1	
-109.9	-58.3	254.2	207.4	
-85.3	-58.3	143.5	136.1	
-28.7	0.8	-14.0	-146.8	
-31.2	77.0	-87.8	-260.0	
-6.6	123.8	-95.2	-338.7	
52.4	131.2	-87.8	-154.2	
67.2	148.4	-141.9	77.0	
10.6	109.0	-82.9	45.1	
-70.6	3.2	-50.9	50.0	
-124.7	-63.2	-23.8	52.4	
-127.1	-77.9	-68.1	96.7	
-87.8	-28.7	40.1	-33.7	
-112.4	0.8	195.1	-31.2	
-50.9	-26.3	141.0	-9.1	
155.8	27.8	74.6	22.9	
236.9	10.6	138.5	40.1	
315.7	3.2	200.0	40.1	
411.6	-16.4	106.6	62.3	
401.8	-6.6	0.8	35.2	
256.6	-85.3	84.4	-21.4	
45.1	-124.7	136.1	-105.0	
-87.8	-63.2	111.5	-112.4	
-228.0	-4.1	77.0	-82.9	
-363.3	15.5	-109.9	-82.9	
-363.3	116.4	-63.2	-92.7	
-319.0	173.0	104.1	-60.7	
-171.4	185.3	241.9	67.2	
-41.0	64.7	195.1	25.4	
82.0	32.8	116.4	47.5	
153.3	18.0	-4.1	42.6	
141.0	-31.2	3.2	0.8	
74.6	-9.1	-31.2	-82.9	
-1.7	111.5	-63.2	-114.8	
-48.4	113.9	-46.0	-46.0	
-43.5	18.0	-60.7	22.9	
5.7	10.6	40.1	-4.1	
15.5	25.4	-26.3	-11.5	
79.5	-48.4	-85.3	-43.5	
42.6	-60.7	-117.3	-4.1	
-53.3	-36.1	-127.1	20.5	
-38.6	0.8	-95.2	84.4	
-53.3	67.2	72.1	160.7	
-55.8	94.3	197.6	150.8	
-38.6	91.8	251.7	64.7	
27.8	59.8	197.6	-164.0	
-18.9	69.7	0.8	-314.1	
-36.1	-14.0	-119.8	-260.0	
40.1	-50.9	-112.4	-176.3	
175.4	-114.8	121.3	-77.9	
244.3	-70.6	377.2	-28.7	
212.3	-36.1	355.0	57.4	
187.7	3.2	291.1	22.9	
168.1	45.1	345.2	0.8	
72.1	54.9	229.6	-26.3	
-55.8	22.9	15.5	-16.4	
-16.4	62.3	-107.5	32.8	
131.2	13.1	-75.5	64.7	
190.2	30.3	-124.7	-18.9	
190.2	8.2	-132.1	5.7	
207.4	-28.7	-188.6	45.1	
138.5	-14.0	131.2	27.8	
13.1	5.7	288.6	8.2	
-107.5	42.6	99.2	-11.5	
-252.6	84.4	-38.6	-6.6	
-375.6	84.4	-82.9	-9.1	
-506.0	109.0	22.9	-1.7	
-577.3	131.2	-237.8	-4.1	
-419.9	141.0	-375.6	-1.7	
-149.3	67.2	-235.4	-11.5	
57.4	-23.8	-33.7	-1.7	
192.7	20.5	-21.4	-11.5	
303.4	99.2	18.0	-18.9	
276.3	133.6	25.4	-4.1	
138.5	126.2	45.1	-16.4	
42.6	79.5	84.4	-14.0	
40.1	10.6	101.6	-9.1	
79.5	-63.2	101.6	-28.7	
67.2	-31.2	222.2	-31.2	
99.2	13.1	264.0	-28.7	
241.9	15.5	155.8	-23.8	
315.7	-9.1	67.2	-16.4	
332.9	-9.1	-14.0	-28.7	
391.9	64.7	-41.0	-23.8	
374.7	121.3	-65.6	0.8	
202.5	40.1	-139.4	-18.9	
-73.0	-60.7	-144.4	-36.1	
-331.3	-117.3	-55.8	-65.6	
-461.7	-102.5	-9.1	-46.0	
-444.5	-80.4	64.7	-43.5	
-333.8	45.1	32.8	-28.7	
-200.9	126.2	45.1	-18.9	
-73.0	170.5	72.1	-9.1	
10.6	217.3	50.0	0.8	
45.1	192.7	-87.8	-58.3	
45.1	37.7	-100.1	-16.4	
32.8	-208.3	-9.1	27.8	
35.2	-223.1	89.3	10.6	
20.5	-70.6	-75.5	10.6	
-6.6	52.4	-80.4	-6.6	
15.5	20.5	-41.0	-36.1	
45.1	-16.4	96.7	-23.8	
69.7	-14.0	111.5	-1.7	
131.2	-70.6	74.6	25.4	
214.8	-41.0	121.3	40.1	
264.0	143.5	232.0	20.5	
268.9	261.5	197.6	20.5	
296.0	197.6	298.4	18.0	
291.1	239.4	276.3	22.9	
155.8	209.9	268.9	-85.3	
42.6	64.7	185.3	-28.7	
-105.0	-132.1	136.1	-4.1	
-215.7	-169.0	-48.4	-6.6	
-269.8	-100.1	-262.4	-55.8	
-200.9	-1.7	-319.0	-60.7	
-156.7	5.7	-240.3	-95.2	
-151.7	27.8	13.1	-82.9	
-112.4	54.9	22.9	74.6	
-82.9	22.9	-53.3	136.1	
-33.7	3.2	-14.0	109.0	
13.1	3.2	10.6	22.9	
30.3	5.7	74.6	47.5	
22.9	-14.0	296.0	42.6	
20.5	-11.5	394.4	35.2	
18.0	10.6	246.8	18.0	
13.1	42.6	72.1	10.6	
32.8	99.2	32.8	13.1	
20.5	50.0	32.8	32.8	
3.2	-1.7	-137.0	45.1	
-36.1	22.9	-122.2	22.9	
-4.1	45.1	22.9	22.9	
59.8	101.6	259.1	45.1	
99.2	67.2	261.5	32.8	
106.6	131.2	136.1	25.4	
104.1	131.2	42.6	37.7	
111.5	69.7	-21.4	42.6	
106.6	35.2	-21.4	15.5	
82.0	13.1	3.2	-6.6	
50.0	-75.5	-73.0	20.5	
40.1	-156.7	-70.6	32.8	
52.4	-68.1	25.4	27.8	
15.5	5.7	32.8	27.8	
-26.3	40.1	50.0	20.5	
-55.8	155.8	141.0	27.8	
-33.7	236.9	315.7	25.4	
-1.7	315.7	342.7	40.1	
-33.7	244.3	214.8	37.7	
-4.1	136.1	173.0	45.1	
0.8	27.8	219.7	37.7	
13.1	-43.5	-41.0	40.1	
89.3	-109.9	-316.6	42.6	
165.6	-132.1	-533.0	30.3	
168.1	-107.5	-813.5	-11.5	
99.2	-97.6	-956.2	5.7	
72.1	-85.3	-931.6	27.8	
27.8	-50.9	-641.3	30.3	
-80.4	-55.8	-378.1	32.8	
-146.8	-21.4	67.2	27.8	
-134.5	-16.4	377.2	52.4	
-80.4	-9.1	500.2	50.0	
-16.4	10.6	470.6	52.4	
3.2	35.2	414.1	64.7	
-16.4	30.3	443.6	62.3	
10.6	27.8	554.3	67.2	
45.1	20.5	581.3	54.9	
86.9	25.4	546.9	59.8	
18.0	40.1	470.6	62.3	
74.6	8.2	347.6	74.6	
64.7	5.7	148.4	113.9	
118.9	91.8	-75.5	123.8	
96.7	77.0	-257.5	74.6	
94.3	22.9	-296.9	57.4	
101.6	13.1	-402.7	84.4	
69.7	-26.3	-424.8	96.7	
-23.8	-58.3	-355.9	94.3	
-90.2	-53.3	-427.3	89.3	
-171.4	8.2	-437.1	77.0	
-173.9	99.2	-331.3	79.5	
-95.2	185.3	-255.1	86.9	
91.8	143.5	-38.6	77.0	
148.4	74.6	310.7	82.0	
64.7	-23.8	264.0	69.7	
22.9	-18.9	219.7	77.0	
35.2	22.9	229.6	86.9	
15.5	101.6	244.3	79.5	
-46.0	158.2	170.5	59.8	
-70.6	96.7	-48.4	69.7	
-60.7	59.8	-154.2	72.1	
-73.0	18.0	-132.1	84.4	
-105.0	8.2	-41.0	89.3	
-112.4	32.8	-38.6	64.7	
-50.9	25.4	-105.0	59.8	
57.4	-50.9	-92.7	91.8	
180.4	-68.1	-6.6	84.4	
197.6	-6.6	126.2	69.7	
133.6	-60.7	123.8	62.3	
67.2	-43.5	47.5	59.8	
-31.2	8.2	99.2	52.4	
-102.5	18.0	224.6	69.7	
-70.6	18.0	273.8	77.0	
-6.6	30.3	158.2	84.4	
42.6	35.2	126.2	77.0	
47.5	-4.1	99.2	72.1	
30.3	25.4	0.8	45.1	
3.2	69.7	-146.8	59.8	
-33.7	104.1	-272.3	57.4	
-23.8	143.5	-220.6	37.7	
5.7	128.7	-105.0	50.0	
30.3	175.4	-117.3	32.8	
37.7	148.4	-164.0	42.6	
45.1	22.9	-77.9	22.9	
45.1	-43.5	59.8	15.5	
18.0	-26.3	296.0	37.7	
0.8	-38.6	382.1	45.1	
-41.0	-33.7	332.9	13.1	
-73.0	-31.2	256.6	10.6	
-119.8	32.8	209.9	10.6	
-183.7	94.3	62.3	3.2	
-58.3	116.4	-60.7	3.2	
106.6	212.3	-173.9	8.2	
227.1	335.3	-262.4	-11.5	
207.4	141.0	-326.4	5.7	
187.7	-220.6	-237.8	13.1	
89.3	-304.3	-252.6	18.0	
-58.3	-171.4	-183.7	35.2	
-144.4	-77.9	-46.0	18.0	
-55.8	-46.0	62.3	27.8	
25.4	-87.8	101.6	59.8	
32.8	-21.4	96.7	67.2	
45.1	52.4	116.4	106.6	
35.2	62.3	101.6	121.3	
59.8	47.5	69.7	94.3	
99.2	40.1	54.9	89.3	
94.3	-11.5	45.1	62.3	
74.6	-60.7	54.9	67.2	
62.3	-82.9	84.4	133.6	
64.7	-53.3	69.7	138.5	
40.1	30.3	118.9	123.8	
-14.0	131.2	155.8	123.8	
-31.2	101.6	214.8	106.6	
-36.1	104.1	190.2	101.6	
-85.3	18.0	99.2	86.9	
-109.9	3.2	-33.7	77.0	
-60.7	20.5	-122.2	54.9	
-48.4	67.2	-196.0	30.3	
-18.9	84.4	-218.2	30.3	
13.1	57.4	-161.6	32.8	
-1.7	42.6	-6.6	3.2	
-14.0	69.7	99.2	-1.7	
-28.7	27.8	185.3	-14.0	
13.1	10.6	192.7	-21.4	
40.1	32.8	185.3	-26.3	
37.7	62.3	160.7	-43.5	
50.0	69.7	35.2	-46.0	
54.9	69.7	-92.7	-43.5	
52.4	101.6	-208.3	-16.4	
59.8	86.9	-326.4	-36.1	
30.3	89.3	-488.8	-68.1	
-11.5	99.2	-535.5	-87.8	
-9.1	113.9	-515.8	-112.4	
3.2	27.8	-323.9	-112.4	
-1.7	-58.3	-151.7	-102.5	
3.2	-68.1	57.4	-107.5	
5.7	-36.1	195.1	-107.5	
3.2	3.2	293.5	-102.5	
-6.6	8.2	350.1	-107.5	
-4.1	-9.1	355.0	-127.1	
3.2	-23.8	355.0	-127.1	
13.1	-9.1	367.3	-109.9	
50.0	3.2	377.2	-109.9	
72.1	18.0	396.8	-122.2	
116.4	25.4	340.3	-114.8	
138.5	32.8	214.8	-105.0	
104.1	-16.4	118.9	-117.3	
82.0	-23.8	-48.4	-119.8	
57.4	-63.2	-166.5	-109.9	
-1.7	-14.0	-284.6	-132.1	
-1.7	40.1	-358.4	-129.6	
-50.9	99.2	-272.3	-127.1	
-68.1	116.4	-82.9	-137.0	
-75.5	89.3	-38.6	-129.6	
-70.6	20.5	-117.3	-119.8	
-87.8	-1.7	-146.8	-127.1	
-80.4	37.7	-68.1	-112.4	
-92.7	128.7	74.6	-114.8	
-55.8	177.9	185.3	-122.2	
-18.9	207.4	232.0	-124.7	
-14.0	109.0	271.4	-137.0	
15.5	50.0	283.7	-144.4	
57.4	50.0	271.4	-171.4	
50.0	45.1	192.7	-196.0	
47.5	40.1	121.3	-203.4	
32.8	-14.0	69.7	-215.7	
0.8	5.7	20.5	-225.5	
-33.7	45.1	-48.4	-225.5	
-46.0	72.1	-129.6	-223.1	
-31.2	50.0	-95.2	-205.9	
32.8	67.2	-63.2	-218.2	
94.3	79.5	-73.0	-223.1	
104.1	18.0	-63.2	-220.6	
69.7	5.7	-9.1	-205.9	
30.3	-21.4	37.7	-198.5	
-1.7	-11.5	94.3	-196.0	
-26.3	35.2	86.9	-159.1	
-38.6	84.4	20.5	-161.6	
-68.1	54.9	-38.6	-154.2	
-53.3	72.1	-114.8	-129.6	
13.1	54.9	-139.4	-109.9	
77.0	-28.7	-97.6	-90.2	
47.5	-41.0	-68.1	-95.2	
10.6	25.4	-33.7	-80.4	
47.5	62.3	-1.7	-50.9	
64.7	22.9	-11.5	-48.4	
47.5	-16.4	-9.1	-23.8	
-14.0	-53.3	13.1	-18.9	
-43.5	-9.1	37.7	-6.6	
-16.4	42.6	72.1	10.6	
-4.1	79.5	77.0	15.5	
-6.6	47.5	52.4	-1.7	
8.2	8.2	42.6	35.2	
15.5	0.8	40.1	47.5	
22.9	10.6	54.9	20.5	
15.5	5.7	145.9	8.2	
22.9	20.5	266.5	45.1	
20.5	45.1	303.4	91.8	
40.1	15.5	264.0	104.1	
113.9	-9.1	180.4	77.0	
77.0	13.1	111.5	42.6	
-31.2	37.7	5.7	62.3	
-141.9	35.2	-124.7	123.8	
-146.8	77.0	-208.3	177.9	
-151.7	67.2	-250.1	190.2	
-205.9	15.5	-358.4	170.5	
-132.1	8.2	-407.6	153.3	
27.8	72.1	-368.2	128.7	
163.1	101.6	-230.5	82.0	
160.7	57.4	-43.5	22.9	
141.0	30.3	74.6	-1.7	
128.7	-9.1	153.3	27.8	
89.3	54.9	165.6	40.1	
-38.6	153.3	138.5	37.7	
-151.7	170.5	118.9	27.8	
-178.8	104.1	104.1	27.8	
-119.8	30.3	94.3	15.5	
-73.0	-9.1	45.1	18.0	
-31.2	10.6	0.8	8.2	
0.8	22.9	-18.9	5.7	
62.3	5.7	10.6	-1.7	
69.7	5.7	74.6	-26.3	
32.8	50.0	141.0	-60.7	
-9.1	86.9	200.0	-60.7	
-41.0	35.2	200.0	-85.3	
-65.6	20.5	173.0	-92.7	
-68.1	8.2	145.9	-75.5	
-28.7	-50.9	82.0	-75.5	
13.1	-26.3	35.2	-80.4	
37.7	-73.0	-53.3	-105.0	
54.9	30.3	-114.8	-132.1	
79.5	52.4	-134.5	-144.4	
84.4	54.9	-210.8	-171.4	
74.6	84.4	-267.4	-161.6	
69.7	67.2	-205.9	-154.2	
47.5	59.8	-137.0	-173.9	
25.4	20.5	-65.6	-181.3	
32.8	-1.7	-1.7	-146.8	
35.2	62.3	20.5	-149.3	
37.7	101.6	45.1	-146.8	
30.3	67.2	59.8	-178.8	
18.0	67.2	91.8	-183.7	
-6.6	96.7	84.4	-166.5	
-33.7	111.5	47.5	-159.1	
-85.3	62.3	25.4	-164.0	
-80.4	-18.9	-16.4	-161.6	
-53.3	-14.0	-28.7	-181.3	
18.0	3.2	-43.5	-178.8	
47.5	32.8	-82.9	-171.4	
133.6	-1.7	-90.2	-161.6	
104.1	-18.9	-87.8	-149.3	
109.0	-31.2	-77.9	-166.5	
82.0	-77.9	-41.0	-173.9	
57.4	-33.7	35.2	-193.6	
79.5	-1.7	74.6	-228.0	
57.4	69.7	94.3	-193.6	
54.9	126.2	89.3	-166.5	
32.8	82.0	123.8	-171.4	
32.8	69.7	177.9	-154.2	
35.2	25.4	185.3	-159.1	
25.4	-14.0	150.8	-173.9	
8.2	-28.7	153.3	-196.0	
13.1	-68.1	126.2	-198.5	
30.3	-90.2	59.8	-198.5	
37.7	-53.3	50.0	-191.1	
13.1	45.1	-46.0	-164.0	
8.2	82.0	-112.4	-154.2	
-16.4	86.9	-151.7	-132.1	
-18.9	50.0	-193.6	-114.8	
-28.7	79.5	-146.8	-134.5	
-46.0	74.6	-139.4	-139.4	
-21.4	18.0	-109.9	-144.4	
3.2	-9.1	-4.1	-191.1	
3.2	-11.5	47.5	-230.5	
0.8	-26.3	74.6	-134.5	
5.7	-21.4	74.6	-95.2	
32.8	13.1	86.9	-77.9	
62.3	-6.6	67.2	-70.6	
54.9	-58.3	67.2	-77.9	
20.5	-38.6	59.8	-100.1	
42.6	-38.6	50.0	-82.9	
57.4	-41.0	52.4	-90.2	
77.0	-18.9	54.9	-92.7	
47.5	5.7	74.6	-92.7	
35.2	15.5	77.0	-87.8	
32.8	3.2	86.9	-105.0	
32.8	0.8	109.0	-134.5	
3.2	-4.1	79.5	-137.0	
-4.1	3.2	37.7	-97.6	
42.6	-6.6	50.0	-92.7	
52.4	-6.6	69.7	-107.5	
-4.1	15.5	89.3	-102.5	
-77.9	-1.7	50.0	-117.3	
-139.4	-18.9	25.4	-119.8	
-176.3	-9.1	18.0	-119.8	
-149.3	-23.8	57.4	-117.3	
-65.6	0.8	32.8	-102.5	
42.6	15.5	-1.7	-107.5	
96.7	15.5	-21.4	-109.9	
136.1	18.0	-36.1	-112.4	
128.7	64.7	15.5	-117.3	
69.7	72.1	47.5	-114.8	
-18.9	113.9	35.2	-97.6	
-109.9	104.1	8.2	-82.9	
-92.7	104.1	-14.0	-87.8	
-102.5	101.6	5.7	-85.3	
-97.6	89.3	25.4	-80.4	
-87.8	79.5	22.9	-70.6	
-97.6	89.3	37.7	-75.5	
-73.0	59.8	62.3	-75.5	
-46.0	47.5	94.3	-68.1	
-28.7	-6.6	89.3	-102.5	
3.2	-16.4	72.1	-82.9	
10.6	-18.9	82.0	-60.7	
27.8	-31.2	99.2	-50.9	
27.8	-21.4	133.6	-63.2	
13.1	5.7	133.6	-70.6	
15.5	-16.4	116.4	-97.6	
3.2	-43.5	91.8	-77.9	
10.6	-23.8	77.0	-80.4	
40.1	35.2	96.7	-102.5	
62.3	32.8	82.0	-73.0	
50.0	42.6	25.4	-50.9	
45.1	52.4	-11.5	-77.9	
37.7	50.0	-80.4	-97.6	
35.2	25.4	-14.0	-90.2	
15.5	25.4	42.6	-63.2	
-43.5	-48.4	50.0	-60.7	
-53.3	-38.6	50.0	-63.2	
-9.1	-11.5	42.6	-53.3	
40.1	-28.7	18.0	-55.8	
116.4	-16.4	10.6	-53.3	
62.3	22.9	-9.1	-63.2	
-31.2	67.2	-4.1	-58.3	
-41.0	84.4	-4.1	-53.3	
3.2	69.7	3.2	-36.1	
5.7	-11.5	15.5	-38.6	
42.6	-4.1	22.9	-31.2	
35.2	64.7	47.5	-43.5	
-23.8	40.1	54.9	-41.0	
-36.1	-38.6	67.2	-41.0	
-50.9	25.4	94.3	-55.8	
-50.9	-11.5	131.2	-16.4	
-36.1	-16.4	150.8	-33.7	
-48.4	32.8	148.4	-43.5	
35.2	59.8	136.1	-80.4	
72.1	-11.5	106.6	-46.0	
72.1	-38.6	74.6	-18.9	
57.4	-73.0	67.2	-28.7	
59.8	-82.9	77.0	-33.7	
22.9	0.8	101.6	-31.2	
32.8	155.8	111.5	-75.5	
74.6	126.2	91.8	-127.1	
99.2	84.4	69.7	-127.1	
101.6	59.8	69.7	-112.4	
126.2	67.2	86.9	-112.4	
101.6	52.4	74.6	-80.4	
37.7	84.4	40.1	-73.0	
-43.5	50.0	10.6	-82.9	
-102.5	3.2	-33.7	-53.3	
-129.6	0.8	-87.8	-36.1	
-50.9	-6.6	-127.1	-50.9	
0.8	-18.9	-63.2	-33.7	
-23.8	-14.0	-6.6	-33.7	
-43.5	-9.1	-9.1	-18.9	
-11.5	35.2	-53.3	-31.2	
42.6	72.1	-50.9	-11.5	
25.4	27.8	-73.0	-14.0	
-46.0	-36.1	-68.1	-14.0	
-141.9	-100.1	-63.2	-4.1	
-122.2	-119.8	-82.9	-16.4	
-73.0	-75.5	-117.3	-11.5	
-18.9	-46.0	-154.2	-9.1	
-55.8	-16.4	-146.8	-6.6	
-55.8	59.8	-75.5	-1.7	
-9.1	86.9	25.4	-26.3	
35.2	111.5	109.0	-43.5	
54.9	150.8	143.5	-41.0	
37.7	25.4	165.6	-18.9	
8.2	57.4	182.8	-9.1	
-16.4	99.2	170.5	-16.4	
-36.1	109.0	136.1	-28.7	
-9.1	106.6	84.4	-38.6	
8.2	86.9	45.1	-36.1	
32.8	0.8	-33.7	-16.4	
50.0	-50.9	-95.2	-18.9	
35.2	-6.6	-186.2	-4.1	
47.5	42.6	-237.8	-26.3	
86.9	8.2	-257.5	-50.9	
101.6	-48.4	-181.3	-68.1	
126.2	-58.3	0.8	-58.3	
138.5	-28.7	116.4	-31.2	
150.8	67.2	150.8	-14.0	
106.6	133.6	123.8	-38.6	
18.0	94.3	116.4	-26.3	
-60.7	111.5	106.6	-33.7	
-149.3	113.9	72.1	-16.4	
-198.5	133.6	30.3	-6.6	
-264.9	62.3	13.1	-9.1	
-242.8	67.2	32.8	-21.4	
-159.1	-109.9	15.5	-21.4	
-119.8	-178.8	5.7	-85.3	
-65.6	-159.1	18.0	-97.6	
-18.9	-109.9	27.8	-100.1	
20.5	-50.9	62.3	-73.0	
20.5	42.6	133.6	-23.8	
-14.0	74.6	168.1	-9.1	
-53.3	67.2	153.3	-4.1	
8.2	52.4	86.9	-18.9	
74.6	47.5	25.4	-14.0	
229.6	32.8	-75.5	-23.8	
310.7	40.1	-141.9	-26.3	
239.4	69.7	-105.0	-28.7	
118.9	133.6	-48.4	-38.6	
57.4	175.4	-53.3	-53.3	
18.0	121.3	-16.4	-53.3	
-58.3	32.8	-6.6	-55.8	
-129.6	104.1	37.7	-41.0	
-134.5	145.9	54.9	-43.5	
-85.3	91.8	45.1	-48.4	
-63.2	42.6	30.3	-68.1	
-23.8	0.8	-36.1	-70.6	
-4.1	62.3	-112.4	-38.6	
-9.1	96.7	-171.4	-9.1	
86.9	145.9	-114.8	-23.8	
158.2	42.6	-36.1	-107.5	
131.2	77.0	22.9	-144.4	
121.3	111.5	42.6	-139.4	
148.4	94.3	62.3	-63.2	
86.9	82.0	148.4	-33.7	
52.4	57.4	214.8	-70.6	
50.0	5.7	232.0	-80.4	
13.1	15.5	202.5	-105.0	
-43.5	45.1	158.2	-82.9	
-70.6	126.2	118.9	-90.2	
-65.6	86.9	91.8	-36.1	
-90.2	8.2	47.5	-11.5	
-92.7	-14.0	27.8	-14.0	
-53.3	96.7	52.4	-36.1	
-11.5	133.6	77.0	-46.0	
22.9	182.8	86.9	-109.9	
42.6	153.3	59.8	-63.2	
20.5	160.7	64.7	-28.7	
-23.8	143.5	89.3	13.1	
-58.3	170.5	121.3	35.2	
-55.8	163.1	141.0	0.8	
-53.3	113.9	182.8	-58.3	
-50.9	13.1	182.8	-58.3	
-11.5	-36.1	160.7	-60.7	
57.4	-112.4	121.3	-6.6	
104.1	8.2	123.8	45.1	
82.0	94.3	148.4	57.4	
67.2	101.6	205.0	62.3	
10.6	-11.5	234.5	59.8	
-65.6	-28.7	192.7	-18.9	
-210.8	-1.7	163.1	-14.0	
-262.4	13.1	143.5	-14.0	
-210.8	-55.8	155.8	-16.4	
-156.7	-65.6	158.2	3.2	
-117.3	15.5	175.4	37.7	
-58.3	86.9	209.9	40.1	
-14.0	104.1	214.8	27.8	
40.1	67.2	205.0	30.3	
77.0	91.8	170.5	30.3	
113.9	77.0	57.4	22.9	
57.4	116.4	-21.4	-6.6	
25.4	64.7	-58.3	5.7	
-31.2	27.8	-48.4	22.9	
-60.7	94.3	18.0	18.0	
-60.7	99.2	74.6	22.9	
-105.0	82.0	91.8	30.3	
-105.0	101.6	96.7	35.2	
-97.6	77.0	59.8	45.1	
-85.3	-6.6	84.4	57.4	
-65.6	-23.8	96.7	72.1	
-43.5	-63.2	133.6	79.5	
-26.3	-60.7	195.1	72.1	
-21.4	25.4	180.4	25.4	
20.5	64.7	155.8	-36.1	
37.7	54.9	175.4	13.1	
52.4	42.6	138.5	69.7	
54.9	104.1	104.1	69.7	
50.0	-36.1	64.7	-14.0	
20.5	-95.2	52.4	-70.6	
5.7	-82.9	59.8	-4.1	
22.9	-26.3	57.4	3.2	
45.1	-1.7	45.1	3.2	
-4.1	50.0	79.5	13.1	
-70.6	111.5	109.0	30.3	
-127.1	82.0	99.2	15.5	
-144.4	45.1	104.1	32.8	
-68.1	45.1	47.5	32.8	
-1.7	50.0	-16.4	32.8	
8.2	35.2	-28.7	8.2	
47.5	-28.7	20.5	-21.4	
182.8	-129.6	113.9	-11.5	
300.9	-220.6	165.6	30.3	
340.3	-188.6	116.4	57.4	
244.3	-41.0	99.2	62.3	
128.7	77.0	52.4	91.8	
13.1	113.9	15.5	84.4	
-109.9	54.9	-9.1	74.6	
-247.7	-11.5	13.1	32.8	
-353.5	10.6	32.8	-92.7	
-358.4	20.5	27.8	-144.4	
-260.0	-21.4	25.4	-26.3	
-114.8	-50.9	15.5	5.7	
-18.9	-82.9	-4.1	-11.5	
69.7	-80.4	-11.5	-80.4	
91.8	-46.0	-63.2	-46.0	
54.9	-23.8	-107.5	-21.4	
69.7	-26.3	-129.6	8.2	
52.4	-21.4	-63.2	-4.1	
37.7	-23.8	0.8	-11.5	
25.4	-21.4	10.6	18.0	
69.7	-23.8	-21.4	13.1	
153.3	-18.9	-53.3	35.2	
222.2	-23.8	-90.2	62.3	
254.2	-26.3	-92.7	72.1	
165.6	-18.9	-38.6	89.3	
67.2	-14.0	30.3	84.4	
-14.0	-6.6	22.9	57.4	
-156.7	-18.9	18.0	89.3	
-242.8	-11.5	-18.9	54.9	
-242.8	-11.5	-68.1	62.3	
-117.3	5.7	-75.5	99.2	
13.1	0.8	-70.6	145.9	
82.0	8.2	-55.8	150.8	
64.7	25.4	-43.5	116.4	
79.5	20.5	-36.1	109.0	
64.7	22.9	-36.1	82.0	
15.5	-58.3	8.2	37.7	
-55.8	-68.1	15.5	37.7	
-124.7	-18.9	45.1	141.0	
-114.8	25.4	-36.1	158.2	
-92.7	50.0	-114.8	35.2	
-75.5	72.1	-132.1	-31.2	
-33.7	57.4	-119.8	35.2	
67.2	35.2	-92.7	64.7	
136.1	-31.2	-109.9	79.5	
131.2	-134.5	-146.8	89.3	
57.4	-141.9	-119.8	104.1	
-9.1	-60.7	-41.0	57.4	
-50.9	-36.1	-26.3	50.0	
-80.4	-26.3	-50.9	59.8	
-43.5	-14.0	-60.7	79.5	
-65.6	-18.9	-38.6	30.3	
-137.0	-14.0	-58.3	45.1	
-164.0	-16.4	-77.9	82.0	
-132.1	-18.9	-50.9	89.3	
8.2	-14.0	8.2	79.5	
190.2	-9.1	42.6	59.8	
276.3	-16.4	30.3	84.4	
214.8	0.8	-11.5	99.2	
106.6	-9.1	-149.3	94.3	
-1.7	-6.6	-183.7	79.5	
-55.8	0.8	-191.1	86.9	
-112.4	-18.9	-176.3	54.9	
-127.1	-1.7	-191.1	47.5	
-159.1	-6.6	-230.5	40.1	
-181.3	-11.5	-186.2	67.2	
-70.6	-11.5	-122.2	40.1	
0.8	-6.6	-77.9	54.9	
-6.6	-1.7	-46.0	104.1	
-4.1	-6.6	-41.0	47.5	
-18.9	-14.0	-68.1	30.3	
-33.7	0.8	-112.4	45.1	
-75.5	-4.1	-132.1	30.3	
-80.4	0.8	-105.0	8.2	
-36.1	-6.6	-100.1	25.4	
18.0	5.7	-36.1	52.4	
30.3	0.8	-46.0	86.9	
40.1	-4.1	-36.1	104.1	
37.7	-11.5	-48.4	79.5	
25.4	-9.1	-75.5	0.8	
96.7	-4.1	-46.0	32.8	
141.0	-11.5	-38.6	62.3	
109.0	-11.5	-97.6	35.2	
96.7	8.2	-119.8	32.8	
89.3	15.5	-107.5	42.6	
77.0	10.6	-90.2	50.0	
40.1	3.2	-65.6	27.8	
0.8	0.8	-65.6	86.9	
-28.7	3.2	-73.0	118.9	
-4.1	18.0	-105.0	104.1	
62.3	13.1	-149.3	74.6	
175.4	5.7	-151.7	25.4	
236.9	0.8	-151.7	-75.5	
271.4	0.8	-154.2	-16.4	
224.6	-9.1	-85.3	37.7	
168.1	8.2	-26.3	0.8	
121.3	-1.7	-4.1	-18.9	
67.2	8.2	-11.5	57.4	
-28.7	8.2	-38.6	96.7	
-77.9	0.8	-6.6	94.3	
-90.2	3.2	-28.7	82.0	
-87.8	15.5	-21.4	59.8	
-48.4	15.5	-26.3	-41.0	
-77.9	8.2	-53.3	-9.1	
-97.6	13.1	-50.9	10.6	
-75.5	13.1	-70.6	37.7	
-77.9	10.6	-87.8	10.6	
-85.3	0.8	-109.9	-26.3	
-48.4	10.6	-164.0	-31.2	
-18.9	22.9	-164.0	-55.8	
-14.0	27.8	-149.3	-31.2	
0.8	18.0	-102.5	-36.1	
35.2	27.8	-100.1	50.0	
25.4	20.5	-141.9	111.5	
15.5	25.4	-183.7	45.1	
5.7	27.8	-186.2	-73.0	
59.8	35.2	-186.2	-75.5	
101.6	22.9	-196.0	3.2	
118.9	22.9	-164.0	15.5	
89.3	35.2	-139.4	45.1	
82.0	18.0	-95.2	77.0	
77.0	30.3	-85.3	99.2	
89.3	30.3	-75.5	121.3	
37.7	27.8	-100.1	67.2	
-6.6	27.8	-166.5	74.6	
-58.3	25.4	-205.9	79.5	
-38.6	8.2	-235.4	79.5	
22.9	18.0	-237.8	89.3	
42.6	15.5	-220.6	15.5	
82.0	22.9	-181.3	25.4	
84.4	25.4	-151.7	15.5	
113.9	20.5	-191.1	-6.6	
143.5	10.6	-223.1	64.7	
143.5	8.2	-242.8	118.9	
128.7	13.1	-269.8	69.7	
96.7	27.8	-292.0	25.4	
59.8	22.9	-363.3	32.8	
10.6	18.0	-432.2	30.3	
-28.7	18.0	-510.9	27.8	
-16.4	8.2	-533.0	35.2	
18.0	15.5	-545.3	-21.4	
52.4	22.9	-454.3	3.2	
64.7	22.9	-459.2	37.7	
94.3	18.0	-518.3	5.7	
106.6	13.1	-599.5	-4.1	
109.0	15.5	-685.6	18.0	
37.7	25.4	-695.4	72.1	
0.8	27.8	-678.2	86.9	
-23.8	35.2	-478.9	72.1	
-18.9	30.3	-582.2	72.1	
15.5	27.8	-793.8	57.4	
62.3	25.4	-993.1	0.8	
50.0	18.0	-1180.0	-41.0	
67.2	8.2	-1209.5	-1.7	
128.7	10.6	-1175.1	30.3	
200.0	5.7	-1064.4	30.3	
236.9	18.0	-963.5	52.4	
227.1	25.4	-894.7	59.8	
143.5	25.4	-897.1	47.5	
47.5	25.4	-899.6	64.7	
3.2	45.1	-951.2	15.5	
8.2	42.6	-1032.4	-18.9	
-23.8	47.5	-990.6	27.8	
-55.8	50.0	-840.5	27.8	
-36.1	47.5	-727.4	-46.0	
-6.6	40.1	-604.4	22.9	
35.2	32.8	-508.4	13.1	
91.8	52.4	-439.6	37.7	
86.9	57.4	-360.8	52.4	
94.3	50.0	-294.4	-11.5	
106.6	37.7	-225.5	-11.5	
131.2	47.5	-146.8	-122.2	
116.4	64.7	-50.9	-82.9	
131.2	32.8	15.5	-1.7	
123.8	45.1	84.4	25.4	
121.3	32.8	-28.7	59.8	
109.0	47.5	-338.7	47.5	
86.9	45.1	-828.2	5.7	
69.7	59.8	-1133.3	-6.6	
59.8	42.6	-1130.8	-41.0	
40.1	22.9	-867.6	-65.6	
50.0	42.6	-565.0	-48.4	
106.6	42.6	-336.2	-23.8	
116.4	54.9	-245.2	-11.5	
104.1	72.1	-151.7	15.5	
101.6	32.8	-28.7	25.4	
74.6	18.0	64.7	-38.6	
40.1	50.0	173.0	-87.8	
13.1	42.6	318.1	-75.5	
0.8	45.1	394.4	-55.8	
-11.5	54.9	463.3	-105.0	
27.8	69.7	473.1	18.0	
32.8	45.1	441.1	96.7	
35.2	42.6	473.1	89.3	
45.1	50.0	559.2	59.8	
45.1	35.2	615.8	13.1	
37.7	30.3	655.1	15.5	
30.3	54.9	623.2	72.1	
35.2	47.5	591.2	-6.6	
5.7	47.5	559.2	-112.4	
-14.0	59.8	495.2	-9.1	
8.2	40.1	426.4	89.3	
30.3	35.2	423.9	123.8	
67.2	50.0	438.7	37.7	
59.8	32.8	419.0	3.2	
69.7	15.5	367.3	-80.4	
62.3	27.8	328.0	-129.6	
59.8	42.6	355.0	-26.3	
62.3	32.8	345.2	-14.0	
74.6	22.9	347.6	-1.7	
54.9	20.5	387.0	59.8	
59.8	27.8	423.9	64.7	
82.0	54.9	406.7	77.0	
101.6	67.2	359.9	20.5	
91.8	45.1	357.5	-23.8	
69.7	64.7	342.7	32.8	
47.5	57.4	438.7	45.1	
67.2	47.5	478.0	20.5	
64.7	5.7	431.3	5.7	
52.4	-14.0	453.4	-9.1	
72.1	-68.1	490.3	27.8	
82.0	-70.6	527.2	64.7	
94.3	-33.7	569.0	-9.1	
74.6	-41.0	566.6	30.3	
52.4	-41.0	556.7	74.6	
8.2	-60.7	482.9	116.4	
-4.1	-6.6	490.3	113.9	
-23.8	13.1	532.1	22.9	
-28.7	45.1	738.8	72.1	
-4.1	42.6	933.1	32.8	
35.2	20.5	1078.3	40.1	
67.2	3.2	1137.3	15.5	
101.6	32.8	1129.9	-18.9	
106.6	50.0	1105.3	59.8	
79.5	35.2	1056.1	62.3	
64.7	0.8	994.6	35.2	
72.1	-1.7	898.7	-38.6	
47.5	0.8	773.2	-48.4	
3.2	10.6	731.4	18.0	
-26.3	8.2	704.3	0.8	
-38.6	0.8	721.6	5.7	
-82.9	-4.1	667.4	47.5	
-129.6	0.8	605.9	-11.5	
-154.2	10.6	566.6	-60.7	
-129.6	15.5	559.2	-50.9	
20.5	5.7	478.0	-48.4	
155.8	15.5	406.7	-43.5	
227.1	15.5	310.7	-68.1	
239.4	8.2	264.0	-82.9	
207.4	10.6	246.8	-68.1	
143.5	3.2	187.7	-50.9	
37.7	0.8	123.8	-68.1	
-58.3	18.0	37.7	-41.0	
-169.0	8.2	-26.3	3.2	
-240.3	3.2	-100.1	22.9	
-232.9	13.1	-196.0	-11.5	
-166.5	5.7	-220.6	-102.5	
-87.8	10.6	-208.3	-73.0	
22.9	5.7	-237.8	-46.0	
82.0	13.1	-282.1	-1.7	
59.8	25.4	-355.9	-46.0	
15.5	25.4	-351.0	-4.1	
8.2	27.8	-338.7	-18.9	
5.7	15.5	-323.9	-169.0	
-21.4	18.0	-299.3	-92.7	
-53.3	32.8	-277.2	18.0	
10.6	18.0	-260.0	42.6	
42.6	25.4	-252.6	-21.4	
50.0	25.4	-260.0	-1.7	
30.3	27.8	-319.0	-14.0	
20.5	30.3	-365.8	-11.5	
-16.4	13.1	-407.6	-53.3	
-77.9	10.6	-412.5	-41.0	
-107.5	15.5	-415.0	-9.1	
-73.0	37.7	-446.9	40.1	
-48.4	32.8	-429.7	8.2	
-55.8	20.5	-461.7	-53.3	
-28.7	30.3	-552.7	-87.8	
5.7	30.3	-643.7	-90.2	
5.7	32.8	-732.3	-80.4	
10.6	32.8	-813.5	-58.3	
18.0	30.3	-852.8	-38.6	
-6.6	27.8	-843.0	-70.6	
-14.0	27.8	-867.6	-90.2	
-11.5	37.7	-808.6	-124.7	
8.2	30.3	-798.7	-151.7	
59.8	35.2	-774.1	-159.1	
111.5	22.9	-786.4	-173.9	
138.5	18.0	-847.9	-218.2	
133.6	27.8	-904.5	-242.8	
126.2	25.4	-931.6	-230.5	
131.2	27.8	-983.2	-250.1	
77.0	22.9	-1125.9	-319.0	
-14.0	22.9	-1221.8	-328.9	
-114.8	30.3	-1293.2	-282.1	
-198.5	18.0	-1327.6	-178.8	
-203.4	13.1	-1359.6	-149.3	
-149.3	10.6	-1335.0	-132.1	
-129.6	10.6	-1280.9	-107.5	
-73.0	-4.1	-1214.5	-132.1	
-38.6	0.8	-1118.5	-124.7	
-6.6	0.8	-1022.6	-124.7	
18.0	-9.1	-919.3	-134.5	
37.7	-4.1	-941.4	-134.5	
40.1	5.7	-998.0	-77.9	
62.3	15.5	-961.1	-119.8	
72.1	20.5	-961.1	-169.0	
91.8	27.8	-983.2	-97.6	
86.9	5.7	-943.9	-85.3	
91.8	8.2	-897.1	-127.1	
121.3	22.9	-931.6	-203.4	
145.9	15.5	-948.8	-139.4	
138.5	5.7	-985.7	-73.0	
136.1	15.5	-1034.9	-85.3	
111.5	15.5	-1025.0	-102.5	
79.5	15.5	-966.0	-73.0	
74.6	15.5	-820.9	-68.1	
50.0	15.5	-631.4	-75.5	
-18.9	13.1	-351.0	-26.3	
-60.7	15.5	-46.0	5.7	
-87.8	18.0	234.5	-38.6	
-109.9	18.0	519.8	-14.0	
-112.4	22.9	839.6	-50.9	
-114.8	15.5	1100.4	-80.4	
-119.8	20.5	1218.5	-107.5	
-149.3	13.1	1307.0	-149.3	
-114.8	8.2	1314.4	-161.6	
-70.6	0.8	1233.2	-112.4	
-75.5	0.8	1110.2	-119.8	
-100.1	-6.6	1024.1	-87.8	
-75.5	-14.0	923.3	-82.9	
-23.8	-9.1	851.9	-80.4	
40.1	-16.4	790.4	-68.1	
113.9	-4.1	741.2	-73.0	
113.9	8.2	628.1	-53.3	
84.4	3.2	495.2	-50.9	
86.9	-9.1	298.4	-50.9	
111.5	-6.6	126.2	-90.2	
99.2	-11.5	-50.9	-50.9	
37.7	-6.6	-218.2	8.2	
-21.4	10.6	-378.1	-6.6	
-68.1	22.9	-518.3	-63.2	
-43.5	25.4	-665.9	-85.3	
0.8	20.5	-867.6	-11.5	
-11.5	15.5	-1042.3	-41.0	
-28.7	22.9	-1246.4	-65.6	
-23.8	20.5	-1581.0	-97.6	
-4.1	22.9	-1974.6	-80.4	
35.2	27.8	-2400.2	-80.4	
64.7	18.0	-2914.3	-105.0	
89.3	8.2	-3430.9	-85.3	
77.0	18.0	-3854.0	-18.9	
106.6	10.6	-4252.6	15.5	
138.5	20.5	-4530.5	25.4	
121.3	8.2	-4631.4	22.9	
72.1	0.8	-4542.8	-53.3	
67.2	20.5	-4306.7	-43.5	
74.6	13.1	-3888.5	-21.4	
89.3	10.6	-3376.8	13.1	
64.7	0.8	-2865.1	-16.4	
-6.6	15.5	-2456.8	-53.3	
-92.7	18.0	-2077.9	-33.7	
-149.3	18.0	-1782.7	22.9	
-191.1	5.7	-1472.8	52.4	
-223.1	10.6	-1172.6	25.4	
-272.3	20.5	-919.3	-26.3	
-247.7	18.0	-658.5	-4.1	
-169.0	5.7	-397.7	20.5	
-68.1	13.1	-134.5	25.4	
35.2	8.2	91.8	82.0	
133.6	0.8	352.6	82.0	
207.4	-1.7	615.8	106.6	
249.2	3.2	869.2	82.0	
222.2	18.0	1132.4	20.5	
175.4	13.1	1412.8	-1.7	
86.9	15.5	1705.6	86.9	
-9.1	5.7	1919.6	160.7	
-107.5	3.2	2013.1	64.7	
-188.6	5.7	2045.0	72.1	
-232.9	10.6	2052.4	72.1	
-203.4	8.2	2109.0	99.2	
-154.2	15.5	2133.6	131.2	
-114.8	13.1	2128.7	52.4	
-73.0	13.1	2089.3	15.5	
-38.6	27.8	2037.7	69.7	
15.5	27.8	1986.0	82.0	
69.7	27.8	1971.2	59.8	
86.9	22.9	1961.4	32.8	
69.7	18.0	1922.0	32.8	
77.0	20.5	1779.4	18.0	
74.6	20.5	1562.9	-6.6	
69.7	15.5	1361.2	20.5	
54.9	15.5	1174.2	62.3	
47.5	18.0	950.3	35.2	
30.3	10.6	724.0	25.4	
30.3	13.1	482.9	-28.7	
45.1	22.9	283.7	-18.9	
50.0	18.0	118.9	3.2	
35.2	5.7	-11.5	-28.7	
69.7	18.0	-100.1	-38.6	
99.2	22.9	-139.4	-26.3	
96.7	22.9	-129.6	-18.9	
109.0	22.9	-122.2	-18.9	
138.5	32.8	-87.8	-28.7	
116.4	35.2	-60.7	-63.2	
82.0	40.1	-55.8	-26.3	
37.7	52.4	-73.0	62.3	
37.7	47.5	-112.4	123.8	
72.1	54.9	-144.4	72.1	
64.7	57.4	-156.7	15.5	
18.0	59.8	-173.9	40.1	
-43.5	74.6	-173.9	72.1	
-68.1	86.9	-198.5	91.8	
-114.8	84.4	-215.7	27.8	
-107.5	69.7	-208.3	-4.1	
-105.0	64.7	-210.8	69.7	
-65.6	86.9	-161.6	94.3	
-43.5	77.0	-112.4	79.5	
-31.2	84.4	-26.3	50.0	
-26.3	79.5	86.9	-21.4	
32.8	74.6	224.6	32.8	
116.4	74.6	387.0	50.0	
195.1	89.3	505.1	25.4	
185.3	67.2	615.8	5.7	
160.7	42.6	731.4	-4.1	
111.5	42.6	812.6	-21.4	
30.3	35.2	893.8	40.1	
-87.8	35.2	876.5	57.4	
-159.1	30.3	756.0	8.2	
-156.7	30.3	699.4	-38.6	
-173.9	32.8	652.7	-48.4	
-117.3	32.8	571.5	-95.2	
-63.2	40.1	500.2	-14.0	
-58.3	32.8	428.8	20.5	
-48.4	50.0	342.7	52.4	
-14.0	45.1	300.9	118.9	
50.0	47.5	278.8	101.6	
86.9	50.0	212.3	40.1	
89.3	37.7	143.5	86.9	
59.8	52.4	74.6	50.0	
32.8	37.7	-9.1	37.7	
32.8	50.0	-166.5	50.0	
40.1	79.5	-269.8	57.4	
42.6	74.6	-407.6	72.1	
25.4	69.7	-555.2	91.8	
-23.8	67.2	-729.8	101.6	
-70.6	54.9	-892.2	91.8	
-58.3	57.4	-1002.9	74.6	
-21.4	74.6	-1049.6	96.7	
50.0	57.4	-1057.0	77.0	
153.3	54.9	-1017.7	15.5	
251.7	50.0	-995.5	77.0	
323.0	64.7	-941.4	163.1	
332.9	69.7	-860.2	67.2	
251.7	84.4	-793.8	-124.7	
182.8	67.2	-707.7	-124.7	
104.1	67.2	-636.4	-23.8	
-23.8	67.2	-547.8	13.1	
-161.6	64.7	-432.2	72.1	
-225.5	69.7	-333.8	54.9	
-301.8	74.6	-247.7	121.3	
-247.7	84.4	-146.8	91.8	
-154.2	74.6	-70.6	20.5	
-38.6	72.1	13.1	99.2	
25.4	82.0	72.1	113.9	
72.1	82.0	106.6	116.4	
62.3	79.5	148.4	121.3	
47.5	84.4	200.0	40.1	
86.9	86.9	256.6	-55.8	
96.7	89.3	300.9	22.9	
111.5	82.0	347.6	153.3	
89.3	77.0	372.2	128.7	
54.9	72.1	446.0	82.0	
40.1	89.3	480.5	99.2	
27.8	86.9	519.8	96.7	
8.2	86.9	559.2	62.3	
-23.8	86.9	603.5	175.4	
-16.4	79.5	642.8	187.7	
-28.7	77.0	682.2	143.5	
-97.6	79.5	736.3	148.4	
-65.6	94.3	780.6	180.4	
-9.1	96.7	847.0	273.8	
42.6	96.7	940.5	328.0	
54.9	96.7	1053.7	175.4	
77.0	101.6	1191.4	40.1	
121.3	82.0	1363.6	52.4	
148.4	99.2	1614.5	138.5	
101.6	86.9	1931.9	168.1	
8.2	96.7	2303.3	219.7	
-41.0	96.7	2637.9	180.4	
-82.9	96.7	2918.3	136.1	
-127.1	99.2	3144.7	222.2	
-119.8	91.8	3238.1	202.5	
-87.8	94.3	3225.8	155.8	
-73.0	86.9	3164.3	170.5	
-9.1	86.9	3058.6	150.8	
54.9	91.8	2908.5	143.5	
86.9	86.9	2726.5	145.9	
104.1	84.4	2554.3	74.6	
91.8	91.8	2421.4	84.4	
69.7	91.8	2315.6	143.5	
57.4	89.3	2327.9	126.2	
69.7	79.5	2332.9	72.1	
67.2	86.9	2320.6	77.0	
32.8	67.2	2170.5	72.1	
-6.6	59.8	1897.4	111.5	
-38.6	67.2	1513.7	109.0	
-14.0	59.8	1056.1	128.7	
10.6	57.4	564.1	106.6	
3.2	40.1	79.5	69.7	
-14.0	35.2	-331.3	109.0	
15.5	42.6	-648.7	123.8	
30.3	42.6	-875.0	121.3	
37.7	40.1	-1017.7	52.4	
50.0	42.6	-1108.7	104.1	
59.8	37.7	-1125.9	118.9	
74.6	25.4	-1101.3	123.8	
84.4	32.8	-1059.5	128.7	
82.0	30.3	-1017.7	106.6	
84.4	27.8	-934.0	116.4	
77.0	20.5	-884.8	106.6	
57.4	20.5	-823.3	101.6	
50.0	27.8	-752.0	82.0	
22.9	32.8	-688.0	104.1	
3.2	22.9	-638.8	89.3	
8.2	30.3	-550.3	84.4	
25.4	27.8	-486.3	101.6	
13.1	10.6	-415.0	91.8	
8.2	13.1	-353.5	77.0	
5.7	15.5	-269.8	54.9	
37.7	-11.5	-218.2	54.9	
40.1	-21.4	-166.5	99.2	
22.9	-14.0	-129.6	111.5	
20.5	-16.4	-92.7	35.2	
45.1	-16.4	-65.6	-23.8	
54.9	0.8	-31.2	32.8	
45.1	-11.5	-26.3	136.1	
27.8	-14.0	-6.6	136.1	
35.2	-11.5	22.9	113.9	
35.2	-14.0	30.3	89.3	
30.3	-6.6	45.1	37.7	
32.8	13.1	64.7	64.7	
25.4	37.7	91.8	59.8	
40.1	52.4	104.1	45.1	
67.2	27.8	121.3	42.6	
123.8	-43.5	138.5	-33.7	
165.6	-92.7	131.2	-55.8	
177.9	-100.1	153.3	35.2	
150.8	-87.8	163.1	64.7	
104.1	-60.7	168.1	-9.1	
57.4	-31.2	187.7	116.4	
30.3	-58.3	205.0	123.8	
-33.7	-77.9	219.7	86.9	
-100.1	-87.8	229.6	86.9	
-213.2	-43.5	241.9	91.8	
-181.3	-9.1	264.0	45.1	
-92.7	-9.1	276.3	-4.1	
-53.3	-26.3	291.1	20.5	
-53.3	-41.0	286.1	30.3	
-48.4	-41.0	303.4	-28.7	
-33.7	-46.0	315.7	109.0	
-18.9	-50.9	337.8	136.1	
13.1	-60.7	362.4	74.6	
40.1	-58.3	394.4	104.1	
25.4	-41.0	416.5	104.1	
13.1	-21.4	421.4	50.0	
0.8	-18.9	438.7	5.7	
22.9	-21.4	446.0	62.3	
59.8	-11.5	478.0	47.5	
52.4	-18.9	500.2	15.5	
47.5	-26.3	534.6	8.2	
67.2	-21.4	569.0	47.5	
106.6	-11.5	574.0	35.2	
170.5	0.8	561.7	0.8	
234.5	-26.3	507.5	40.1	
268.9	-16.4	451.0	109.0	
298.4	-33.7	387.0	158.2	
325.5	-18.9	352.6	8.2	
296.0	-26.3	342.7	-60.7	
153.3	5.7	357.5	-65.6	
-18.9	13.1	382.1	18.0	
-203.4	35.2	411.6	-65.6	
-397.7	10.6	419.0	-6.6	
-478.9	-14.0	414.1	163.1	
-424.8	-4.1	401.8	77.0	
-343.6	3.2	359.9	72.1	
-262.4	13.1	293.5	84.4	
-154.2	27.8	254.2	30.3	
-73.0	20.5	205.0	50.0	
-41.0	18.0	185.3	47.5	
-18.9	15.5	155.8	10.6	
-4.1	-1.7	153.3	10.6	
18.0	-4.1	145.9	15.5	
52.4	-1.7	136.1	30.3	
45.1	5.7	138.5	22.9	
52.4	13.1	131.2	-1.7	
45.1	18.0	128.7	-14.0	
32.8	22.9	126.2	-36.1	
40.1	37.7	104.1	-41.0	
40.1	27.8	96.7	-50.9	
13.1	27.8	99.2	-23.8	
-6.6	27.8	79.5	-9.1	
-18.9	22.9	69.7	94.3	
-16.4	13.1	74.6	30.3	
3.2	20.5	99.2	-16.4	
32.8	18.0	126.2	-50.9	
42.6	22.9	138.5	-80.4	
42.6	25.4	165.6	-95.2	
50.0	30.3	175.4	-75.5	
37.7	22.9	192.7	-16.4	
22.9	15.5	202.5	113.9	
27.8	8.2	195.1	118.9	
15.5	13.1	195.1	3.2	
18.0	5.7	185.3	-23.8	
18.0	13.1	180.4	-127.1	
62.3	5.7	185.3	-109.9	
79.5	8.2	180.4	94.3	
62.3	18.0	173.0	227.1	
72.1	20.5	165.6	96.7	
82.0	18.0	153.3	96.7	
116.4	18.0	148.4	79.5	
128.7	30.3	148.4	25.4	
133.6	20.5	155.8	-9.1	
121.3	35.2	158.2	-23.8	
86.9	18.0	163.1	-11.5	
62.3	25.4	170.5	104.1	
18.0	25.4	170.5	128.7	
-50.9	20.5	175.4	52.4	
-87.8	20.5	168.1	10.6	
-144.4	20.5	150.8	35.2	
-137.0	40.1	136.1	37.7	
-119.8	35.2	136.1	50.0	
-87.8	37.7	118.9	32.8	
-41.0	45.1	126.2	52.4	
-31.2	37.7	136.1	42.6	
-14.0	30.3	136.1	3.2	
-16.4	35.2	148.4	-48.4	
-4.1	42.6	145.9	-82.9	
-11.5	42.6	131.2	-149.3	
3.2	50.0	111.5	-122.2	
3.2	47.5	91.8	20.5	
3.2	37.7	84.4	104.1	
0.8	47.5	79.5	205.0	
22.9	45.1	67.2	217.3	
52.4	27.8	52.4	170.5	
84.4	47.5	40.1	-14.0	
84.4	52.4	47.5	-21.4	
69.7	35.2	45.1	37.7	
69.7	25.4	45.1	50.0	
57.4	25.4	42.6	32.8	
35.2	54.9	40.1	35.2	
15.5	86.9	35.2	8.2	
20.5	47.5	20.5	27.8	
-16.4	50.0	15.5	50.0	
-21.4	79.5	5.7	5.7	
20.5	96.7	0.8	-28.7	
79.5	77.0	-6.6	-6.6	
99.2	64.7	-4.1	18.0	
109.0	54.9	-26.3	40.1	
121.3	52.4	-38.6	37.7	
104.1	57.4	-31.2	47.5	
42.6	47.5	-41.0	69.7	
10.6	47.5	-53.3	96.7	
-28.7	59.8	-53.3	27.8	
-119.8	50.0	-68.1	10.6	
-173.9	32.8	-73.0	-65.6	
-132.1	45.1	-82.9	-18.9	
-117.3	45.1	-90.2	57.4	
-90.2	47.5	-102.5	52.4	
-68.1	52.4	-105.0	91.8	
-31.2	54.9	-105.0	185.3	
5.7	59.8	-109.9	82.0	
35.2	54.9	-105.0	-1.7	
84.4	50.0	-117.3	-18.9	
72.1	45.1	-122.2	10.6	
69.7	47.5	-129.6	57.4	
84.4	45.1	-132.1	40.1	
67.2	42.6	-139.4	10.6	
32.8	37.7	-141.9	-28.7	
22.9	47.5	-156.7	-60.7	
0.8	40.1	-169.0	-53.3	
-9.1	42.6	-159.1	-122.2	
-16.4	27.8	-169.0	5.7	
-60.7	27.8	-166.5	165.6	
-107.5	30.3	-173.9	116.4	
-102.5	32.8	-176.3	96.7	
-46.0	42.6	-176.3	47.5	
-6.6	47.5	-173.9	-127.1	
3.2	62.3	-178.8	-68.1	
10.6	77.0	-183.7	27.8	
22.9	72.1	-186.2	57.4	
59.8	77.0	-193.6	-23.8	
69.7	77.0	-198.5	-14.0	
91.8	45.1	-208.3	67.2	
69.7	22.9	-213.2	25.4	
27.8	20.5	-223.1	-33.7	
20.5	27.8	-208.3	-23.8	
52.4	25.4	-198.5	10.6	
72.1	32.8	-198.5	22.9	
79.5	30.3	-198.5	5.7	
82.0	18.0	-181.3	-21.4	
62.3	10.6	-181.3	-1.7	
32.8	13.1	-178.8	-1.7	
8.2	-1.7	-166.5	3.2	
-11.5	35.2	-149.3	-14.0	
-55.8	62.3	-127.1	-14.0	
-63.2	94.3	-107.5	-18.9	
-70.6	109.0	-97.6	-28.7	
-92.7	99.2	-97.6	-70.6	
-75.5	52.4	-90.2	-65.6	
-68.1	20.5	-77.9	-28.7	
-60.7	42.6	-65.6	-31.2	
-33.7	59.8	-55.8	-14.0	
-26.3	57.4	-58.3	62.3	
-4.1	40.1	-38.6	-38.6	
-11.5	15.5	-36.1	-21.4	
-14.0	3.2	-28.7	18.0	
-11.5	15.5	-31.2	5.7	
-21.4	18.0	-31.2	5.7	
-14.0	27.8	-28.7	-41.0	
-14.0	37.7	-28.7	-58.3	
10.6	40.1	-23.8	-26.3	
45.1	37.7	-9.1	15.5	
59.8	37.7	-9.1	-28.7	
59.8	35.2	5.7	-14.0	
54.9	32.8	10.6	50.0	
13.1	35.2	13.1	22.9	
13.1	30.3	25.4	-31.2	
3.2	25.4	35.2	-26.3	
3.2	25.4	35.2	-16.4	
37.7	22.9	40.1	-14.0	
45.1	25.4	42.6	-28.7	
69.7	30.3	50.0	-26.3	
72.1	35.2	57.4	-9.1	
62.3	40.1	72.1	-11.5	
20.5	35.2	77.0	-50.9	
22.9	25.4	69.7	-97.6	
5.7	30.3	91.8	10.6	
-31.2	37.7	101.6	77.0	
-46.0	47.5	94.3	52.4	
-31.2	30.3	116.4	15.5	
-18.9	22.9	116.4	-11.5	
-11.5	20.5	118.9	-48.4	
-14.0	37.7	131.2	-75.5	
0.8	35.2	133.6	-97.6	
18.0	35.2	141.0	-38.6	
30.3	40.1	148.4	57.4	
40.1	45.1	158.2	160.7	
42.6	47.5	158.2	0.8	
42.6	35.2	153.3	-50.9	
27.8	52.4	158.2	-38.6	
-4.1	50.0	168.1	25.4	
-14.0	52.4	170.5	59.8	
-1.7	35.2	180.4	128.7	
35.2	40.1	182.8	64.7	
74.6	37.7	182.8	-14.0	
106.6	45.1	192.7	-23.8	
116.4	30.3	190.2	-16.4	
96.7	37.7	187.7	-23.8	
84.4	32.8	192.7	0.8	
67.2	30.3	180.4	-16.4	
20.5	40.1	165.6	-11.5	
5.7	45.1	173.0	67.2	
3.2	35.2	177.9	82.0	
-46.0	35.2	170.5	20.5	
-48.4	13.1	155.8	-4.1	
-55.8	10.6	153.3	-48.4	
-26.3	15.5	138.5	-127.1	
30.3	25.4	141.0	-196.0	
99.2	22.9	138.5	-176.3	
94.3	-4.1	136.1	-129.6	
82.0	10.6	113.9	175.4	
101.6	25.4	116.4	325.5	
54.9	47.5	104.1	160.7	
-28.7	15.5	96.7	64.7	
-95.2	18.0	94.3	3.2	
-117.3	22.9	84.4	-70.6	
-114.8	20.5	69.7	-6.6	
-92.7	27.8	67.2	37.7	
-1.7	8.2	40.1	84.4	
64.7	-21.4	42.6	54.9	
62.3	18.0	32.8	22.9	
50.0	54.9	20.5	-46.0	
84.4	52.4	15.5	-1.7	
101.6	52.4	8.2	-46.0	
101.6	35.2	-14.0	-21.4	
89.3	30.3	-26.3	-1.7	
67.2	35.2	-26.3	35.2	
30.3	37.7	-33.7	-18.9	
0.8	25.4	-46.0	-21.4	
-36.1	13.1	-53.3	-14.0	
-63.2	8.2	-53.3	-63.2	
-28.7	8.2	-68.1	-50.9	
-18.9	8.2	-70.6	-26.3	
-16.4	8.2	-73.0	-58.3	
-1.7	8.2	-75.5	-16.4	
-1.7	5.7	-82.9	128.7	
-16.4	0.8	-77.9	32.8	
-6.6	-4.1	-95.2	-26.3	
-16.4	3.2	-102.5	-1.7	
-6.6	5.7	-105.0	-1.7	
-48.4	32.8	-107.5	0.8	
-48.4	32.8	-107.5	-9.1	
-46.0	30.3	-105.0	-1.7	
-9.1	45.1	-117.3	-14.0	
27.8	35.2	-122.2	-31.2	
79.5	37.7	-117.3	-41.0	
77.0	25.4	-124.7	-48.4	
59.8	30.3	-124.7	3.2	
13.1	25.4	-119.8	-23.8	
-16.4	30.3	-117.3	-43.5	
-41.0	35.2	-129.6	20.5	
-80.4	27.8	-117.3	3.2	
-95.2	32.8	-127.1	-21.4	
-70.6	30.3	-119.8	-58.3	
-31.2	27.8	-129.6	-75.5	
5.7	40.1	-132.1	-95.2	
37.7	42.6	-132.1	-117.3	
40.1	40.1	-127.1	-65.6	
47.5	47.5	-134.5	42.6	
45.1	45.1	-137.0	89.3	
42.6	42.6	-134.5	150.8	
30.3	45.1	-134.5	32.8	
59.8	42.6	-137.0	3.2	
101.6	45.1	-144.4	-16.4	
96.7	30.3	-134.5	-43.5	
69.7	30.3	-132.1	-4.1	
59.8	47.5	-137.0	-1.7	
32.8	40.1	-139.4	3.2	
30.3	42.6	-137.0	-9.1	
3.2	40.1	-129.6	-77.9	
-18.9	35.2	-127.1	-73.0	
-16.4	64.7	-127.1	-33.7	
30.3	54.9	-124.7	-6.6	
64.7	37.7	-124.7	59.8	
89.3	30.3	-124.7	-6.6	
84.4	32.8	-117.3	-73.0	
99.2	54.9	-129.6	10.6	
91.8	54.9	-119.8	18.0	
67.2	42.6	-105.0	8.2	
59.8	37.7	-112.4	20.5	
45.1	32.8	-107.5	27.8	
13.1	45.1	-124.7	-14.0	
-6.6	47.5	-105.0	-46.0	
-33.7	35.2	-112.4	15.5	
-53.3	50.0	-105.0	22.9	
-77.9	64.7	-90.2	15.5	
-68.1	54.9	-90.2	8.2	
-53.3	50.0	-82.9	-11.5	
-36.1	47.5	-80.4	-1.7	
-6.6	30.3	-80.4	3.2	
10.6	47.5	-87.8	-97.6	
30.3	42.6	-70.6	-63.2	
37.7	40.1	-73.0	-23.8	
30.3	22.9	-58.3	-18.9	
32.8	20.5	-58.3	89.3	
10.6	15.5	-46.0	79.5	
-6.6	22.9	-50.9	22.9	
8.2	25.4	-43.5	13.1	
18.0	30.3	-38.6	5.7	
25.4	18.0	-41.0	-33.7	
25.4	20.5	-31.2	-28.7	
47.5	8.2	-28.7	-31.2	
79.5	15.5	-18.9	45.1	
104.1	47.5	-16.4	77.0	
106.6	104.1	-18.9	35.2	
126.2	96.7	-9.1	-9.1	
101.6	113.9	-1.7	-33.7	
67.2	109.0	-6.6	-87.8	
20.5	79.5	-11.5	15.5	
-6.6	74.6	5.7	86.9	
-87.8	104.1	0.8	64.7	
-97.6	109.0	5.7	27.8	
-58.3	94.3	5.7	-6.6	
-31.2	25.4	5.7	0.8	
-1.7	-1.7	13.1	3.2	
27.8	0.8	22.9	15.5	
42.6	0.8	10.6	3.2	
15.5	-11.5	5.7	-28.7	
-33.7	5.7	13.1	-4.1	
-21.4	15.5	20.5	15.5	
54.9	35.2	20.5	3.2	
131.2	59.8	10.6	-1.7	
131.2	47.5	18.0	8.2	
101.6	37.7	15.5	-1.7	
72.1	35.2	15.5	8.2	
57.4	30.3	22.9	3.2	
22.9	27.8	25.4	8.2	
-53.3	15.5	27.8	3.2	
-200.9	22.9	8.2	-23.8	
-240.3	22.9	10.6	8.2	
-232.9	25.4	13.1	5.7	
-178.8	22.9	10.6	-14.0	
-82.9	27.8	0.8	-9.1	
-16.4	25.4	5.7	13.1	
3.2	27.8	3.2	-31.2	
8.2	25.4	0.8	-97.6	
22.9	25.4	13.1	-137.0	
35.2	27.8	10.6	-146.8	
37.7	42.6	-6.6	-38.6	
27.8	32.8	-9.1	190.2	
8.2	40.1	-18.9	163.1	
-16.4	30.3	-31.2	20.5	
-1.7	32.8	-16.4	-18.9	
-4.1	32.8	-21.4	-18.9	
25.4	35.2	-18.9	40.1	
30.3	15.5	-16.4	187.7	
35.2	18.0	-26.3	82.0	
37.7	25.4	-28.7	3.2	
40.1	30.3	-38.6	30.3	
47.5	18.0	-36.1	84.4	
54.9	8.2	-28.7	40.1	
62.3	5.7	-26.3	-28.7	
62.3	8.2	-38.6	-36.1	
37.7	8.2	-43.5	-53.3	
32.8	25.4	-36.1	-63.2	
59.8	18.0	-46.0	-16.4	
116.4	22.9	-46.0	-50.9	
163.1	27.8	-43.5	-124.7	
173.0	25.4	-46.0	-26.3	
182.8	32.8	-58.3	-14.0	
155.8	25.4	-48.4	37.7	
109.0	30.3	-60.7	109.0	
79.5	27.8	-53.3	62.3	
40.1	20.5	-55.8	84.4	
-46.0	27.8	-53.3	77.0	
-87.8	13.1	-53.3	-21.4	
-117.3	10.6	-50.9	-90.2	
-100.1	10.6	-55.8	-77.9	
-73.0	30.3	-58.3	-33.7	
-70.6	27.8	-60.7	-1.7	
-77.9	50.0	-68.1	20.5	
-60.7	37.7	-70.6	-21.4	
-23.8	40.1	-65.6	-73.0	
-11.5	52.4	-60.7	-9.1	
-9.1	37.7	-60.7	25.4	
-18.9	37.7	-65.6	30.3	
-36.1	35.2	-70.6	27.8	
3.2	35.2	-75.5	0.8	
32.8	20.5	-68.1	5.7	
32.8	18.0	-95.2	-18.9	
42.6	20.5	-68.1	-48.4	
37.7	25.4	-73.0	-68.1	
25.4	30.3	-73.0	-26.3	
20.5	45.1	-68.1	-41.0	
5.7	18.0	-73.0	-77.9	
-41.0	10.6	-75.5	-109.9	
-48.4	-4.1	-73.0	-193.6	
-36.1	10.6	-75.5	-154.2	
-36.1	0.8	-77.9	-6.6	
-6.6	8.2	-68.1	236.9	
40.1	20.5	-73.0	217.3	
91.8	25.4	-68.1	52.4	
126.2	22.9	-68.1	18.0	
123.8	45.1	-82.9	20.5	
165.6	40.1	-68.1	-43.5	
173.0	40.1	-65.6	-21.4	
175.4	45.1	-53.3	72.1	
187.7	25.4	-53.3	35.2	
158.2	35.2	-48.4	-14.0	
94.3	13.1	-43.5	-38.6	
47.5	15.5	-36.1	72.1	
25.4	22.9	-31.2	91.8	
-6.6	37.7	-33.7	45.1	
-75.5	22.9	-31.2	0.8	
-139.4	27.8	-18.9	20.5	
-188.6	25.4	-23.8	18.0	
-232.9	30.3	-18.9	20.5	
-191.1	27.8	-14.0	20.5	
-122.2	47.5	-6.6	27.8	
-43.5	52.4	0.8	3.2	
-1.7	57.4	3.2	10.6	
40.1	35.2	8.2	-11.5	
84.4	40.1	18.0	-53.3	
86.9	30.3	27.8	-31.2	
62.3	27.8	35.2	13.1	
27.8	25.4	35.2	22.9	
0.8	18.0	42.6	64.7	
-53.3	22.9	35.2	77.0	
-38.6	22.9	40.1	20.5	
-46.0	22.9	40.1	35.2	
-48.4	25.4	45.1	62.3	
-55.8	15.5	50.0	-4.1	
-26.3	15.5	40.1	0.8	
-21.4	30.3	59.8	-33.7	
3.2	30.3	67.2	-73.0	
8.2	22.9	54.9	-33.7	
25.4	25.4	62.3	-26.3	
40.1	18.0	64.7	116.4	
62.3	25.4	59.8	175.4	
99.2	22.9	67.2	101.6	
136.1	30.3	64.7	27.8	
155.8	42.6	72.1	-6.6	
182.8	30.3	57.4	8.2	
155.8	27.8	67.2	-26.3	
113.9	30.3	59.8	-36.1	
72.1	20.5	52.4	-65.6	
8.2	32.8	50.0	-80.4	
-14.0	27.8	42.6	-50.9	
-70.6	35.2	57.4	79.5	
-109.9	22.9	47.5	121.3	
-107.5	30.3	47.5	59.8	
-38.6	30.3	45.1	30.3	
13.1	13.1	45.1	27.8	
32.8	30.3	32.8	25.4	
67.2	32.8	32.8	20.5	
101.6	20.5	25.4	18.0	
94.3	25.4	30.3	13.1	
77.0	30.3	20.5	35.2	
42.6	45.1	10.6	30.3	
-16.4	57.4	-6.6	25.4	
-73.0	74.6	-1.7	10.6	
-80.4	72.1	-23.8	18.0	
-73.0	67.2	-9.1	42.6	
-58.3	86.9	0.8	37.7	
-23.8	91.8	18.0	30.3	
-4.1	79.5	22.9	8.2	
-31.2	74.6	18.0	25.4	
-23.8	77.0	15.5	79.5	
-16.4	62.3	8.2	-31.2	
0.8	62.3	10.6	-38.6	
-1.7	52.4	0.8	22.9	
50.0	54.9	3.2	27.8	
91.8	52.4	-6.6	-6.6	
101.6	52.4	-11.5	-9.1	
111.5	62.3	-4.1	-36.1	
99.2	54.9	-9.1	0.8	
86.9	64.7	-18.9	-4.1	
35.2	52.4	-16.4	-6.6	
8.2	67.2	-23.8	47.5	
-26.3	62.3	-26.3	64.7	
-75.5	57.4	-28.7	35.2	
-92.7	59.8	-31.2	10.6	
-68.1	45.1	-28.7	-11.5	
-48.4	42.6	-26.3	-38.6	
-6.6	40.1	-33.7	-38.6	
45.1	30.3	-41.0	-16.4	
79.5	15.5	-33.7	-28.7	
67.2	18.0	-53.3	-28.7	
67.2	15.5	-50.9	118.9	
62.3	18.0	-41.0	62.3	
47.5	25.4	-46.0	10.6	
20.5	18.0	-53.3	-9.1	
-14.0	10.6	-60.7	30.3	
-28.7	5.7	-63.2	-55.8	
-63.2	15.5	-65.6	-92.7	
-68.1	30.3	-65.6	-1.7	
-68.1	35.2	-60.7	50.0	
-70.6	35.2	-70.6	116.4	
-70.6	35.2	-73.0	47.5	
-43.5	50.0	-82.9	25.4	
3.2	37.7	-82.9	79.5	
15.5	47.5	-73.0	74.6	
15.5	57.4	-80.4	-105.0	
47.5	59.8	-70.6	-65.6	
62.3	59.8	-75.5	-41.0	
94.3	77.0	-73.0	-21.4	
113.9	69.7	-75.5	-48.4	
116.4	67.2	-77.9	-77.9	
113.9	64.7	-68.1	-33.7	
113.9	62.3	-65.6	35.2	
104.1	62.3	-70.6	8.2	
69.7	69.7	-63.2	25.4	
13.1	74.6	-77.9	18.0	
-53.3	77.0	-77.9	-14.0	
-102.5	74.6	-77.9	50.0	
-112.4	91.8	-82.9	89.3	
-97.6	96.7	-73.0	64.7	
-107.5	84.4	-85.3	54.9	
-73.0	84.4	-73.0	15.5	
-43.5	91.8	-73.0	-9.1	
0.8	86.9	-75.5	-14.0	
-1.7	99.2	-73.0	-31.2	
-4.1	96.7	-75.5	-26.3	
-6.6	91.8	-87.8	-23.8	
-21.4	89.3	-82.9	5.7	
-21.4	84.4	-85.3	-4.1	
-21.4	96.7	-90.2	-14.0	
-1.7	84.4	-92.7	5.7	
35.2	94.3	-80.4	0.8	
77.0	72.1	-68.1	-4.1	
113.9	72.1	-65.6	-14.0	
113.9	64.7	-53.3	0.8	
94.3	79.5	-58.3	-9.1	
69.7	64.7	-53.3	-16.4	
50.0	64.7	-46.0	-4.1	
37.7	59.8	-41.0	-11.5	
-9.1	79.5	-36.1	-11.5	
-41.0	79.5	-33.7	0.8	
-53.3	136.1	-33.7	15.5	
-36.1	195.1	-4.1	22.9	
-28.7	246.8	-9.1	-6.6	
-14.0	214.8	0.8	-55.8	
13.1	160.7	-4.1	-41.0	
15.5	89.3	20.5	13.1	
-1.7	77.0	22.9	40.1	
0.8	69.7	22.9	67.2	
37.7	79.5	30.3	13.1	
45.1	86.9	25.4	-46.0	
42.6	84.4	32.8	-41.0	
50.0	77.0	30.3	-90.2	
40.1	86.9	22.9	-31.2	
57.4	91.8	18.0	91.8	
57.4	84.4	27.8	111.5	
35.2	79.5	35.2	45.1	
13.1	86.9	37.7	62.3	
-9.1	84.4	42.6	-41.0	
-16.4	84.4	47.5	-33.7	
3.2	74.6	54.9	-6.6	
40.1	79.5	62.3	32.8	
52.4	84.4	64.7	10.6	
67.2	79.5	67.2	-21.4	
47.5	72.1	69.7	-46.0	
42.6	79.5	67.2	-23.8	
13.1	72.1	72.1	-38.6	
-11.5	67.2	74.6	25.4	
-58.3	77.0	74.6	84.4	
-97.6	69.7	72.1	45.1	
-105.0	72.1	77.0	30.3	
-80.4	64.7	69.7	30.3	
-36.1	52.4	89.3	15.5	
-1.7	54.9	77.0	18.0	
25.4	52.4	84.4	3.2	
35.2	52.4	94.3	15.5	
10.6	59.8	79.5	15.5	
22.9	50.0	77.0	5.7	
22.9	59.8	79.5	10.6	
22.9	57.4	84.4	15.5	
35.2	47.5	72.1	27.8	
69.7	54.9	84.4	18.0	
99.2	52.4	72.1	25.4	
131.2	62.3	77.0	10.6	
153.3	52.4	72.1	5.7	
131.2	47.5	79.5	10.6	
67.2	54.9	72.1	18.0	
35.2	62.3	50.0	37.7	
27.8	67.2	62.3	32.8	
18.0	54.9	62.3	27.8	
-14.0	47.5	59.8	27.8	
-26.3	50.0	57.4	47.5	
-23.8	32.8	57.4	30.3	
15.5	37.7	59.8	18.0	
20.5	37.7	57.4	-6.6	
-6.6	42.6	59.8	-46.0	
-48.4	47.5	52.4	3.2	
-95.2	45.1	47.5	35.2	
-139.4	42.6	47.5	0.8	
-129.6	54.9	30.3	30.3	
-102.5	52.4	30.3	25.4	
-80.4	47.5	35.2	-14.0	
-43.5	57.4	22.9	-6.6	
-14.0	64.7	8.2	-14.0	
-9.1	35.2	5.7	-36.1	
27.8	27.8	25.4	-4.1	
57.4	32.8	15.5	30.3	
74.6	25.4	8.2	42.6	
47.5	27.8	-9.1	30.3	
30.3	15.5	-9.1	20.5	
32.8	25.4	-28.7	22.9	
42.6	27.8	-14.0	27.8	
20.5	22.9	-23.8	18.0	
18.0	15.5	-14.0	45.1	
8.2	18.0	-14.0	8.2	
18.0	15.5	-14.0	0.8	
57.4	18.0	-18.9	15.5	
77.0	10.6	-33.7	67.2	
106.6	18.0	-26.3	54.9	
82.0	8.2	-38.6	-50.9	
47.5	22.9	-36.1	-23.8	
30.3	20.5	-38.6	15.5	
8.2	25.4	-33.7	37.7	
-6.6	32.8	-23.8	13.1	
-23.8	30.3	-31.2	18.0	
-23.8	25.4	-43.5	-1.7	
-14.0	27.8	-48.4	-14.0	
5.7	27.8	-53.3	-6.6	
20.5	22.9	-53.3	18.0	
50.0	18.0	-43.5	59.8	
57.4	30.3	-43.5	69.7	
54.9	18.0	-70.6	13.1	
0.8	30.3	-68.1	-18.9	
-18.9	18.0	-68.1	-28.7	
-4.1	30.3	-65.6	-18.9	
-1.7	20.5	-63.2	-11.5	
0.8	5.7	-73.0	3.2	
-18.9	13.1	-73.0	8.2	
-38.6	20.5	-70.6	45.1	
-43.5	8.2	-73.0	27.8	
-21.4	8.2	-60.7	-36.1	
18.0	18.0	-58.3	-33.7	
40.1	8.2	-50.9	-31.2	
62.3	15.5	-53.3	-53.3	
52.4	30.3	-43.5	52.4	
40.1	13.1	-41.0	82.0	
25.4	13.1	-46.0	50.0	
-1.7	20.5	-28.7	35.2	
-4.1	27.8	-21.4	15.5	
-4.1	27.8	-21.4	18.0	
-16.4	25.4	-28.7	20.5	
5.7	18.0	-31.2	22.9	
20.5	42.6	-16.4	32.8	
45.1	30.3	-33.7	18.0	
13.1	15.5	-26.3	8.2	
18.0	32.8	-21.4	-14.0	
5.7	27.8	-11.5	25.4	
3.2	25.4	-26.3	22.9	
-14.0	32.8	-18.9	45.1	
-26.3	32.8	-14.0	30.3	
-28.7	30.3	-18.9	-1.7	
-26.3	30.3	-6.6	10.6	
25.4	25.4	-18.9	-11.5	
79.5	27.8	-4.1	10.6	
116.4	22.9	5.7	-11.5	
128.7	8.2	-4.1	22.9	
109.0	10.6	-14.0	27.8	
113.9	15.5	8.2	3.2	
94.3	15.5	15.5	18.0	
77.0	37.7	25.4	27.8	
47.5	18.0	27.8	13.1	
45.1	25.4	45.1	13.1	
27.8	27.8	35.2	18.0	
22.9	18.0	32.8	47.5	
59.8	18.0	27.8	35.2	
86.9	15.5	20.5	42.6	
91.8	30.3	25.4	-31.2	
37.7	20.5	35.2	0.8	
30.3	25.4	15.5	-11.5	
5.7	27.8	22.9	15.5	
-55.8	32.8	32.8	8.2	
-156.7	25.4	35.2	-1.7	
-208.3	22.9	37.7	15.5	
-176.3	18.0	52.4	35.2	
-100.1	10.6	42.6	8.2	
-50.9	5.7	37.7	-6.6	
-58.3	3.2	47.5	10.6	
-60.7	-4.1	52.4	18.0	
-41.0	-1.7	27.8	35.2	
-16.4	3.2	27.8	30.3	
-6.6	-21.4	15.5	25.4	
-21.4	-6.6	18.0	20.5	
-31.2	-23.8	18.0	18.0	
-23.8	-9.1	20.5	5.7	
0.8	-14.0	30.3	0.8	
15.5	-11.5	27.8	15.5	
22.9	5.7	22.9	-6.6	
32.8	32.8	27.8	-4.1	
47.5	50.0	22.9	5.7	
91.8	40.1	18.0	37.7	
82.0	37.7	22.9	45.1	
69.7	35.2	30.3	10.6	
50.0	50.0	20.5	22.9	
42.6	40.1	32.8	-26.3	
37.7	52.4	30.3	13.1	
32.8	54.9	8.2	25.4	
47.5	59.8	8.2	35.2	
62.3	54.9	8.2	-9.1	
47.5	45.1	8.2	-31.2	
42.6	32.8	5.7	-14.0	
22.9	15.5	0.8	-14.0	
-9.1	0.8	3.2	-31.2	
-36.1	-6.6	13.1	-23.8	
-14.0	0.8	8.2	-11.5	
0.8	3.2	-1.7	-16.4	
27.8	0.8	0.8	-28.7	
40.1	15.5	3.2	-16.4	
32.8	47.5	13.1	-14.0	
15.5	62.3	10.6	0.8	
13.1	54.9	-4.1	-6.6	
32.8	22.9	-4.1	0.8	
3.2	32.8	0.8	-1.7	
15.5	15.5	-1.7	8.2	
86.9	0.8	0.8	-1.7	
123.8	-36.1	-1.7	13.1	
111.5	-60.7	-9.1	-4.1	
141.0	-60.7	10.6	15.5	
150.8	-58.3	0.8	22.9	
96.7	-21.4	10.6	-33.7	
22.9	5.7	8.2	-119.8	
-43.5	-14.0	15.5	-161.6	
-129.6	-9.1	27.8	-114.8	
-154.2	-16.4	15.5	-90.2	
-137.0	-36.1	25.4	13.1	
-151.7	-23.8	18.0	165.6	
-188.6	-41.0	10.6	86.9	
-137.0	-38.6	15.5	0.8	
-53.3	-31.2	15.5	72.1	
-11.5	8.2	18.0	94.3	
-4.1	25.4	15.5	84.4	
18.0	8.2	22.9	40.1	
27.8	13.1	18.0	-48.4	
30.3	35.2	27.8	-33.7	
10.6	15.5	20.5	-23.8	
8.2	13.1	22.9	-33.7	
20.5	8.2	22.9	-28.7	
54.9	-6.6	18.0	35.2	
82.0	-6.6	20.5	109.0	
94.3	-21.4	8.2	67.2	
158.2	-11.5	-1.7	22.9	
185.3	-4.1	5.7	-16.4	
195.1	-6.6	-9.1	-46.0	
131.2	-4.1	-41.0	-9.1	
86.9	8.2	-11.5	0.8	
59.8	3.2	-31.2	-9.1	
8.2	-11.5	-36.1	13.1	
-41.0	8.2	-31.2	20.5	
-43.5	8.2	-23.8	-21.4	
-21.4	0.8	-18.9	-38.6	
-4.1	-4.1	-11.5	-23.8	
22.9	0.8	-14.0	-14.0	
45.1	5.7	-6.6	-50.9	
32.8	5.7	-4.1	59.8	
-6.6	-1.7	-14.0	32.8	
-16.4	8.2	5.7	32.8	
-53.3	10.6	15.5	3.2	
-63.2	-1.7	13.1	-23.8	
-68.1	-9.1	18.0	-31.2	
-68.1	3.2	27.8	-23.8	
-50.9	-6.6	35.2	25.4	
-36.1	-6.6	37.7	111.5	
-18.9	-6.6	40.1	54.9	
-18.9	-9.1	37.7	22.9	
-4.1	5.7	42.6	15.5	
-23.8	-9.1	37.7	22.9	
-33.7	5.7	35.2	8.2	
-38.6	0.8	35.2	-6.6	
-33.7	10.6	40.1	-1.7	
-14.0	3.2	40.1	-4.1	
-11.5	8.2	37.7	-11.5	
-1.7	0.8	45.1	0.8	
25.4	0.8	32.8	0.8	
50.0	5.7	30.3	5.7	
67.2	5.7	32.8	5.7	
64.7	-11.5	37.7	8.2	
50.0	-23.8	35.2	-18.9	
59.8	-21.4	45.1	-11.5	
40.1	-16.4	50.0	8.2	
25.4	3.2	52.4	-14.0	
8.2	-4.1	57.4	5.7	
27.8	-1.7	54.9	-4.1	
37.7	3.2	54.9	0.8	
40.1	18.0	59.8	-1.7	
47.5	40.1	59.8	5.7	
42.6	15.5	57.4	-1.7	
18.0	8.2	67.2	0.8	
27.8	8.2	67.2	3.2	
50.0	-4.1	52.4	13.1	
52.4	30.3	69.7	20.5	
59.8	47.5	64.7	15.5	
89.3	59.8	69.7	20.5	
82.0	30.3	62.3	5.7	
74.6	25.4	45.1	8.2	
57.4	15.5	57.4	-16.4	
52.4	10.6	59.8	5.7	
50.0	5.7	57.4	8.2	
0.8	0.8	42.6	-16.4	
-58.3	15.5	35.2	8.2	
-92.7	13.1	42.6	-11.5	
-114.8	15.5	42.6	10.6	
-107.5	15.5	45.1	0.8	
-97.6	15.5	42.6	15.5	
-60.7	15.5	37.7	18.0	
13.1	10.6	42.6	18.0	
32.8	3.2	37.7	15.5	
42.6	0.8	30.3	-14.0	
47.5	5.7	35.2	-11.5	
54.9	3.2	42.6	18.0	
59.8	8.2	25.4	-1.7	
30.3	-6.6	25.4	42.6	
18.0	-14.0	10.6	20.5	
-1.7	-16.4	18.0	-4.1	
5.7	10.6	13.1	-26.3	
50.0	25.4	13.1	8.2	
64.7	30.3	3.2	3.2	
22.9	18.0	5.7	-9.1	
-33.7	27.8	18.0	5.7	
-53.3	13.1	13.1	0.8	
-36.1	30.3	5.7	-11.5	
-14.0	15.5	10.6	0.8	
-16.4	22.9	10.6	5.7	
0.8	13.1	10.6	-1.7	
18.0	27.8	-1.7	8.2	
37.7	22.9	0.8	18.0	
20.5	13.1	10.6	3.2	
32.8	18.0	-1.7	13.1	
30.3	18.0	0.8	13.1	
37.7	22.9	0.8	0.8	
52.4	0.8	-1.7	-9.1	
96.7	-9.1	-1.7	-6.6	
126.2	-6.6	5.7	0.8	
121.3	3.2	-9.1	5.7	
89.3	0.8	0.8	-6.6	
42.6	-4.1	-4.1	5.7	
37.7	15.5	10.6	8.2	
-21.4	10.6	18.0	3.2	
-92.7	-1.7	20.5	5.7	
-124.7	-1.7	18.0	15.5	
-117.3	5.7	27.8	10.6	
-16.4	10.6	32.8	15.5	
54.9	15.5	32.8	20.5	
104.1	25.4	42.6	27.8	
109.0	20.5	25.4	18.0	
104.1	25.4	30.3	-4.1	
67.2	8.2	30.3	10.6	
-1.7	-6.6	22.9	3.2	
-65.6	10.6	27.8	18.0	
-114.8	10.6	42.6	13.1	
-122.2	13.1	37.7	47.5	
-149.3	35.2	35.2	79.5	
-114.8	37.7	42.6	50.0	
-58.3	37.7	42.6	27.8	
-31.2	47.5	35.2	-28.7	
3.2	42.6	35.2	-77.9	
37.7	35.2	40.1	-82.9	
62.3	40.1	45.1	-46.0	
123.8	47.5	40.1	3.2	
128.7	40.1	32.8	45.1	
109.0	37.7	45.1	-14.0	
64.7	22.9	40.1	5.7	
18.0	-1.7	52.4	-1.7	
-38.6	5.7	54.9	-4.1	
-70.6	25.4	47.5	13.1	
-95.2	47.5	42.6	8.2	
-87.8	54.9	50.0	-9.1	
-75.5	15.5	47.5	-4.1	
-33.7	10.6	47.5	-18.9	
8.2	8.2	50.0	20.5	
5.7	13.1	42.6	22.9	
15.5	3.2	47.5	18.0	
15.5	25.4	54.9	-1.7	
-1.7	47.5	45.1	3.2	
-18.9	37.7	42.6	5.7	
-16.4	5.7	45.1	10.6	
3.2	57.4	35.2	8.2	
45.1	96.7	32.8	-1.7	
69.7	72.1	47.5	0.8	
77.0	54.9	35.2	20.5	
84.4	35.2	35.2	18.0	
72.1	25.4	37.7	18.0	
59.8	-28.7	30.3	5.7	
67.2	-18.9	32.8	0.8	
64.7	-1.7	18.0	-9.1	
64.7	13.1	32.8	-1.7	
67.2	15.5	30.3	5.7	
35.2	5.7	22.9	5.7	
22.9	-6.6	22.9	0.8	
52.4	0.8	22.9	5.7	
47.5	27.8	15.5	8.2	
42.6	42.6	5.7	18.0	
50.0	69.7	5.7	8.2	
47.5	54.9	5.7	0.8	
57.4	32.8	15.5	-6.6	
52.4	20.5	8.2	-26.3	
25.4	-18.9	3.2	-85.3	
-33.7	-9.1	-1.7	-82.9	
-82.9	5.7	-1.7	-95.2	
-90.2	0.8	10.6	-23.8	
-80.4	8.2	-4.1	94.3	
-55.8	8.2	-4.1	190.2	
-11.5	8.2	-1.7	165.6	
-14.0	15.5	-1.7	84.4	
-4.1	22.9	-6.6	30.3	
13.1	22.9	-4.1	-73.0	
47.5	27.8	-9.1	-28.7	
57.4	20.5	-11.5	-4.1	
27.8	15.5	-14.0	-11.5	
22.9	18.0	-6.6	-46.0	
0.8	10.6	-14.0	-36.1	
-14.0	0.8	-4.1	-55.8	
8.2	8.2	-6.6	20.5	
40.1	10.6	-21.4	67.2	
74.6	27.8	-9.1	59.8	
104.1	25.4	-14.0	50.0	
89.3	27.8	-23.8	35.2	
69.7	15.5	-21.4	5.7	
54.9	27.8	-18.9	-18.9	
57.4	20.5	-11.5	0.8	
77.0	18.0	-9.1	-4.1	
74.6	35.2	-21.4	-1.7	
30.3	22.9	-23.8	-16.4	
13.1	20.5	-18.9	15.5	
0.8	22.9	-23.8	3.2	
-23.8	20.5	-21.4	0.8	
27.8	15.5	-26.3	3.2	
52.4	13.1	-28.7	-6.6	
57.4	25.4	-26.3	0.8	
79.5	30.3	-31.2	-1.7	
101.6	40.1	-28.7	3.2	
109.0	25.4	-26.3	-6.6	
79.5	22.9	-33.7	-1.7	
25.4	5.7	-26.3	5.7	
-28.7	3.2	-33.7	3.2	
-65.6	-1.7	-31.2	-1.7	
-112.4	3.2	-28.7	3.2	
-109.9	0.8	-28.7	3.2	
-109.9	15.5	-23.8	5.7	
-114.8	0.8	-23.8	-1.7	
-60.7	-9.1	-23.8	-4.1	
-28.7	8.2	-23.8	-11.5	
-16.4	20.5	-28.7	10.6	
-63.2	20.5	-16.4	37.7	
-65.6	18.0	-31.2	59.8	
-90.2	15.5	-21.4	45.1	
-46.0	15.5	-23.8	25.4	
-4.1	15.5	-28.7	18.0	
13.1	30.3	-18.9	0.8	
42.6	22.9	-26.3	-23.8	
54.9	20.5	-21.4	-63.2	
52.4	13.1	-21.4	-36.1	
54.9	35.2	-21.4	-36.1	
47.5	52.4	-26.3	-85.3	
45.1	50.0	-14.0	3.2	
25.4	57.4	-28.7	13.1	
59.8	57.4	-9.1	25.4	
64.7	47.5	-26.3	27.8	
67.2	22.9	-18.9	10.6	
91.8	0.8	-16.4	37.7	
106.6	0.8	-21.4	32.8	
99.2	-4.1	-18.9	20.5	
59.8	0.8	-16.4	-18.9	
25.4	-1.7	-9.1	-9.1	
-14.0	30.3	-11.5	-4.1	
-53.3	42.6	3.2	22.9	
-65.6	50.0	-9.1	13.1	
-60.7	25.4	-16.4	22.9	
-50.9	40.1	-11.5	8.2	
-46.0	13.1	-6.6	13.1	
-46.0	18.0	-11.5	25.4	
-36.1	32.8	-1.7	22.9	
-16.4	5.7	-11.5	-4.1	
-11.5	-6.6	-9.1	5.7	
5.7	-18.9	-14.0	20.5	
18.0	-14.0	-18.9	15.5	
47.5	-6.6	-14.0	13.1	
91.8	30.3	-14.0	8.2	
123.8	54.9	-4.1	8.2	
101.6	50.0	-11.5	15.5	
79.5	5.7	-16.4	8.2	
42.6	-16.4	-18.9	13.1	
5.7	-14.0	-4.1	10.6	
0.8	0.8	-4.1	10.6	
-16.4	8.2	3.2	13.1	
-65.6	8.2	-9.1	10.6	
-109.9	13.1	-6.6	13.1	
-102.5	30.3	-4.1	27.8	
-48.4	40.1	5.7	35.2	
0.8	57.4	3.2	0.8	
27.8	40.1	-1.7	-14.0	
15.5	27.8	5.7	18.0	
-16.4	22.9	20.5	40.1	
5.7	15.5	13.1	37.7	
25.4	40.1	20.5	-18.9	
59.8	50.0	18.0	-11.5	
52.4	52.4	13.1	-9.1	
50.0	35.2	22.9	-14.0	
45.1	-6.6	25.4	-18.9	
40.1	-18.9	8.2	-16.4	
5.7	-21.4	13.1	10.6	
-28.7	-6.6	18.0	0.8	
-55.8	0.8	10.6	-1.7	
-73.0	35.2	18.0	18.0	
-80.4	77.0	22.9	-18.9	
-68.1	62.3	22.9	-1.7	
-46.0	59.8	20.5	5.7	
-6.6	52.4	20.5	5.7	
25.4	45.1	32.8	5.7	
40.1	45.1	32.8	20.5	
101.6	45.1	30.3	50.0	
136.1	25.4	32.8	0.8	
148.4	27.8	32.8	-16.4	
133.6	10.6	40.1	-6.6	
111.5	8.2	37.7	15.5	
116.4	22.9	25.4	-1.7	
86.9	37.7	45.1	-11.5	
79.5	30.3	27.8	-1.7	
79.5	35.2	37.7	-18.9	
32.8	50.0	22.9	-77.9	
-14.0	30.3	25.4	-100.1	
-38.6	18.0	22.9	-122.2	
-48.4	13.1	27.8	-92.7	
-82.9	40.1	35.2	47.5	
-109.9	50.0	37.7	106.6	
-127.1	37.7	37.7	116.4	
-105.0	30.3	40.1	138.5	
-36.1	15.5	37.7	62.3	
-4.1	22.9	37.7	32.8	
22.9	30.3	32.8	-16.4	
52.4	62.3	40.1	-31.2	
42.6	89.3	42.6	-18.9	
37.7	91.8	40.1	-23.8	
3.2	40.1	47.5	-68.1	
-53.3	15.5	47.5	-117.3	
-107.5	42.6	45.1	-139.4	
-100.1	18.0	35.2	-65.6	
-46.0	0.8	42.6	104.1	
25.4	-41.0	35.2	94.3	
82.0	-43.5	37.7	15.5	
74.6	-31.2	35.2	13.1	
89.3	-14.0	47.5	84.4	
106.6	0.8	30.3	25.4	
96.7	13.1	32.8	-18.9	
45.1	22.9	30.3	57.4	
5.7	35.2	37.7	57.4	
-14.0	30.3	40.1	22.9	
-23.8	37.7	25.4	3.2	
-9.1	25.4	40.1	0.8	
-4.1	32.8	37.7	15.5	
-1.7	50.0	42.6	18.0	
-1.7	42.6	35.2	18.0	
-14.0	25.4	22.9	10.6	
-18.9	25.4	27.8	3.2	
-21.4	37.7	37.7	3.2	
-16.4	32.8	37.7	-6.6	
-26.3	25.4	22.9	-4.1	
-14.0	40.1	22.9	3.2	
0.8	35.2	25.4	8.2	
35.2	40.1	30.3	-1.7	
50.0	37.7	10.6	-9.1	
69.7	40.1	13.1	3.2	
89.3	37.7	25.4	-14.0	
79.5	47.5	22.9	13.1	
96.7	27.8	18.0	0.8	
131.2	27.8	22.9	-9.1	
138.5	27.8	25.4	-4.1	
116.4	35.2	13.1	0.8	
84.4	32.8	30.3	0.8	
35.2	40.1	22.9	-18.9	
-18.9	50.0	15.5	-6.6	
-65.6	42.6	8.2	-1.7	
-100.1	50.0	18.0	5.7	
-134.5	37.7	5.7	5.7	
-119.8	32.8	5.7	-14.0	
-50.9	47.5	-4.1	13.1	
42.6	64.7	13.1	42.6	
52.4	30.3	20.5	-28.7	
79.5	0.8	18.0	-11.5	
79.5	-1.7	5.7	-26.3	
91.8	-9.1	3.2	-11.5	
101.6	20.5	5.7	5.7	
69.7	-14.0	5.7	8.2	
42.6	13.1	-4.1	10.6	
-18.9	5.7	3.2	10.6	
-50.9	-6.6	13.1	-4.1	
-58.3	-28.7	5.7	-11.5	
-65.6	-23.8	3.2	0.8	
-92.7	-11.5	0.8	3.2	
-112.4	-21.4	-1.7	5.7	
-105.0	-33.7	-9.1	3.2	
-63.2	-26.3	-14.0	8.2	
-43.5	-21.4	-21.4	0.8	
-38.6	-4.1	-11.5	5.7	
-33.7	3.2	-14.0	8.2	
-14.0	5.7	-14.0	5.7	
20.5	-9.1	-14.0	8.2	
30.3	-4.1	-26.3	5.7	
18.0	-1.7	-9.1	-4.1	
15.5	-9.1	-11.5	-4.1	
18.0	8.2	-18.9	0.8	
3.2	-4.1	-18.9	5.7	
13.1	-11.5	-31.2	-1.7	
18.0	-4.1	-18.9	0.8	
13.1	5.7	-21.4	-4.1	
22.9	0.8	-21.4	-6.6	
42.6	18.0	-18.9	-6.6	
54.9	27.8	-16.4	15.5	
64.7	18.0	-23.8	10.6	
77.0	25.4	-28.7	-4.1	
79.5	35.2	-21.4	-4.1	
77.0	42.6	-38.6	0.8	
54.9	18.0	-26.3	18.0	
27.8	35.2	-33.7	15.5	
10.6	-1.7	-36.1	3.2	
8.2	47.5	-33.7	0.8	
-36.1	42.6	-36.1	-4.1	
-48.4	3.2	-33.7	5.7	
-23.8	25.4	-38.6	13.1	
-11.5	42.6	-38.6	15.5	
15.5	37.7	-46.0	-43.5	
64.7	13.1	-55.8	-46.0	
91.8	10.6	-43.5	-55.8	
101.6	32.8	-50.9	20.5	
69.7	37.7	-58.3	106.6	
47.5	27.8	-48.4	77.0	
-4.1	35.2	-60.7	20.5	
-28.7	35.2	-53.3	10.6	
25.4	37.7	-60.7	-6.6	
42.6	22.9	-55.8	3.2	
-6.6	18.0	-55.8	-21.4	
-53.3	37.7	-50.9	18.0	
-77.9	25.4	-53.3	-60.7	
-21.4	45.1	-55.8	-82.9	
8.2	47.5	-48.4	-55.8	
25.4	20.5	-41.0	-55.8	
25.4	32.8	-36.1	27.8	
18.0	32.8	-38.6	84.4	
30.3	52.4	-31.2	37.7	
20.5	18.0	-43.5	40.1	
-16.4	0.8	-60.7	22.9	
-55.8	22.9	-68.1	22.9	
-68.1	-9.1	-85.3	27.8	
-43.5	-16.4	-95.2	15.5	
-21.4	-4.1	-100.1	22.9	
-16.4	3.2	-109.9	22.9	
10.6	-4.1	-114.8	22.9	
-4.1	5.7	-109.9	-16.4	
-14.0	-4.1	-105.0	-1.7	
-14.0	10.6	-102.5	-16.4	
-1.7	0.8	-97.6	0.8	
18.0	3.2	-95.2	3.2	
32.8	5.7	-85.3	3.2	
27.8	-1.7	-87.8	-6.6	
77.0	18.0	-102.5	5.7	
116.4	20.5	-100.1	13.1	
123.8	8.2	-112.4	30.3	
123.8	0.8	-119.8	27.8	
104.1	-1.7	-117.3	10.6	
69.7	10.6	-112.4	-14.0	
35.2	13.1	-95.2	-1.7	
5.7	18.0	-77.9	18.0	
-68.1	25.4	-53.3	8.2	
-90.2	32.8	-28.7	-9.1	
-77.9	20.5	-4.1	20.5	
-82.9	27.8	-6.6	27.8	
-80.4	32.8	-9.1	15.5	
-65.6	18.0	-9.1	-4.1	
-41.0	22.9	-14.0	-18.9	
-21.4	25.4	-1.7	-33.7	
-1.7	30.3	-9.1	-75.5	
22.9	22.9	-11.5	-14.0	
18.0	27.8	-9.1	40.1	
20.5	30.3	0.8	-11.5	
30.3	20.5	-4.1	35.2	
50.0	22.9	-1.7	101.6	
67.2	13.1	18.0	5.7	
42.6	25.4	22.9	3.2	
18.0	27.8	18.0	22.9	
47.5	13.1	32.8	13.1	
37.7	25.4	37.7	18.0	
37.7	20.5	42.6	40.1	
50.0	27.8	45.1	10.6	
57.4	30.3	64.7	0.8	
77.0	32.8	54.9	-14.0	
91.8	30.3	64.7	-4.1	
113.9	37.7	77.0	5.7	
106.6	20.5	69.7	15.5	
101.6	37.7	84.4	5.7	
113.9	52.4	64.7	8.2	
104.1	47.5	77.0	-6.6	
82.0	45.1	79.5	-4.1	
45.1	45.1	69.7	5.7	
-1.7	37.7	57.4	10.6	
-6.6	40.1	64.7	13.1	
-11.5	20.5	47.5	20.5	
3.2	22.9	59.8	-4.1	
-48.4	22.9	52.4	-21.4	
-117.3	25.4	54.9	0.8	
-105.0	15.5	45.1	0.8	
-43.5	8.2	35.2	-4.1	
-58.3	10.6	20.5	0.8	
-70.6	22.9	20.5	8.2	
-80.4	27.8	13.1	18.0	
-85.3	47.5	20.5	0.8	
-73.0	35.2	8.2	-6.6	
-43.5	15.5	5.7	3.2	
3.2	18.0	3.2	10.6	
32.8	18.0	10.6	-6.6	
77.0	13.1	3.2	-31.2	
113.9	18.0	-4.1	-23.8	
133.6	8.2	-4.1	5.7	
128.7	30.3	3.2	13.1	
113.9	27.8	3.2	18.0	
111.5	25.4	-63.2	10.6	
79.5	22.9	-68.1	-4.1	
27.8	30.3	-82.9	27.8	
5.7	37.7	-82.9	0.8	
-38.6	42.6	-107.5	-60.7	
-23.8	50.0	-119.8	-75.5	
-11.5	52.4	-114.8	-60.7	
-43.5	37.7	-109.9	5.7	
-48.4	32.8	-112.4	99.2	
-23.8	25.4	-122.2	62.3	
30.3	-4.1	-117.3	30.3	
45.1	-26.3	-105.0	-41.0	
20.5	-33.7	-87.8	-31.2	
-4.1	-1.7	-82.9	50.0	
-23.8	13.1	-70.6	40.1	
8.2	27.8	-60.7	25.4	
13.1	15.5	-58.3	10.6	
-9.1	8.2	-60.7	-14.0	
-58.3	15.5	-70.6	-33.7	
-75.5	30.3	-82.9	3.2	
-82.9	45.1	-90.2	0.8	
-55.8	35.2	-80.4	13.1	
-26.3	15.5	-90.2	-4.1	
-33.7	8.2	-92.7	-9.1	
-36.1	-4.1	-85.3	-6.6	
-14.0	-6.6	-73.0	-6.6	
22.9	8.2	-65.6	-14.0	
30.3	5.7	-53.3	-4.1	
59.8	3.2	-41.0	-14.0	
64.7	15.5	-33.7	15.5	
72.1	37.7	-26.3	10.6	
79.5	30.3	-16.4	0.8	
64.7	50.0	-1.7	3.2	
57.4	64.7	0.8	3.2	
45.1	15.5	0.8	5.7	
47.5	-26.3	18.0	-4.1	
50.0	8.2	37.7	0.8	
-9.1	37.7	37.7	-4.1	
-26.3	27.8	54.9	3.2	
-26.3	18.0	59.8	-1.7	
-9.1	0.8	67.2	8.2	
-4.1	8.2	74.6	5.7	
8.2	8.2	77.0	0.8	
30.3	10.6	82.0	-1.7	
50.0	8.2	79.5	0.8	
77.0	25.4	89.3	8.2	
91.8	37.7	82.0	35.2	
101.6	37.7	84.4	10.6	
138.5	42.6	96.7	-11.5	
160.7	32.8	91.8	0.8	
131.2	8.2	96.7	0.8	
82.0	-1.7	96.7	22.9	
40.1	13.1	89.3	15.5	
8.2	22.9	106.6	20.5	
-50.9	37.7	104.1	22.9	
-92.7	50.0	104.1	35.2	
-139.4	25.4	106.6	-46.0	
-146.8	-1.7	111.5	-36.1	
-114.8	3.2	109.0	74.6	
-95.2	13.1	106.6	25.4	
-55.8	22.9	111.5	-9.1	
-26.3	13.1	99.2	-31.2	
-36.1	15.5	96.7	-18.9	
-26.3	22.9	106.6	8.2	
-28.7	20.5	96.7	-21.4	
-16.4	15.5	91.8	-6.6	
22.9	20.5	89.3	15.5	
62.3	-14.0	89.3	10.6	
50.0	-4.1	74.6	8.2	
47.5	35.2	72.1	18.0	
50.0	52.4	77.0	-18.9	
37.7	50.0	62.3	-4.1	
22.9	54.9	62.3	3.2	
20.5	37.7	57.4	-1.7	
18.0	52.4	57.4	0.8	
8.2	52.4	52.4	-4.1	
3.2	18.0	45.1	10.6	
3.2	25.4	37.7	13.1	
5.7	22.9	37.7	-4.1	
22.9	-1.7	25.4	-11.5	
72.1	-18.9	37.7	-4.1	
89.3	-14.0	10.6	8.2	
104.1	0.8	13.1	13.1	
109.0	8.2	8.2	-1.7	
89.3	15.5	25.4	-9.1	
91.8	25.4	8.2	15.5	
113.9	27.8	5.7	3.2	
99.2	13.1	-6.6	13.1	
69.7	15.5	3.2	18.0	
37.7	15.5	3.2	13.1	
-14.0	27.8	18.0	-4.1	
-6.6	15.5	13.1	-11.5	
-28.7	13.1	22.9	20.5	
-43.5	22.9	13.1	15.5	
-53.3	22.9	22.9	0.8	
-55.8	18.0	13.1	5.7	
-48.4	25.4	20.5	3.2	
-38.6	25.4	20.5	-1.7	
-23.8	27.8	20.5	10.6	
10.6	20.5	25.4	-4.1	
35.2	18.0	27.8	-1.7	
47.5	3.2	27.8	-4.1	
47.5	13.1	18.0	18.0	
13.1	27.8	32.8	-1.7	
0.8	25.4	8.2	-16.4	
-11.5	30.3	15.5	-14.0	
-26.3	18.0	13.1	5.7	
-97.6	35.2	-1.7	-4.1	
-112.4	32.8	-9.1	0.8	
-82.9	25.4	-9.1	0.8	
-46.0	25.4	-11.5	-4.1	
-18.9	25.4	-11.5	-4.1	
0.8	20.5	-21.4	8.2	
20.5	22.9	-33.7	10.6	
42.6	32.8	-31.2	10.6	
35.2	40.1	-36.1	-1.7	
22.9	25.4	-33.7	-16.4	
-4.1	27.8	-36.1	-28.7	
-1.7	32.8	-38.6	-6.6	
40.1	47.5	-38.6	15.5	
86.9	35.2	-41.0	10.6	
96.7	5.7	-46.0	30.3	
91.8	15.5	-43.5	25.4	
126.2	47.5	-53.3	3.2	
158.2	35.2	-58.3	-1.7	
175.4	-4.1	-80.4	-1.7	
143.5	-18.9	-85.3	-1.7	
111.5	-11.5	-102.5	0.8	
91.8	0.8	-117.3	0.8	
74.6	5.7	-124.7	0.8	
42.6	27.8	-132.1	-4.1	
42.6	52.4	-139.4	13.1	
-14.0	69.7	-156.7	5.7	
-77.9	59.8	-183.7	-9.1	
-141.9	37.7	-210.8	5.7	
-215.7	40.1	-225.5	0.8	
-272.3	50.0	-220.6	3.2	
-272.3	32.8	-240.3	13.1	
-193.6	37.7	-264.9	5.7	
-105.0	27.8	-252.6	10.6	
-38.6	37.7	-252.6	0.8	
-26.3	25.4	-255.1	0.8	
22.9	20.5	-237.8	-1.7	
52.4	37.7	-228.0	15.5	
42.6	59.8	-228.0	25.4	
52.4	52.4	-210.8	10.6	
42.6	54.9	-196.0	30.3	
42.6	57.4	-186.2	47.5	
40.1	42.6	-188.6	15.5	
42.6	37.7	-181.3	-28.7	
64.7	42.6	-181.3	-16.4	
30.3	25.4	-173.9	5.7	
30.3	45.1	-151.7	-4.1	
20.5	59.8	-151.7	-1.7	
27.8	40.1	-139.4	10.6	
30.3	25.4	-139.4	-14.0	
35.2	13.1	-122.2	-14.0	
35.2	15.5	-102.5	10.6	
59.8	27.8	-82.9	-6.6	
59.8	27.8	-77.9	-1.7	
62.3	8.2	-80.4	18.0	
72.1	-16.4	-73.0	20.5	
86.9	15.5	-50.9	-4.1	
89.3	15.5	-33.7	8.2	
86.9	10.6	-18.9	22.9	
59.8	5.7	-9.1	-6.6	
52.4	18.0	13.1	-11.5	
57.4	30.3	37.7	-9.1	
52.4	0.8	40.1	8.2	
45.1	-16.4	57.4	20.5	
32.8	-14.0	59.8	18.0	
13.1	15.5	74.6	22.9	
-6.6	45.1	84.4	18.0	
-14.0	30.3	79.5	0.8	
-26.3	37.7	77.0	20.5	
-53.3	27.8	89.3	18.0	
-43.5	25.4	96.7	-6.6	
-41.0	10.6	111.5	-6.6	
-43.5	22.9	116.4	18.0	
-75.5	22.9	118.9	42.6	
-95.2	5.7	128.7	32.8	
-53.3	-28.7	128.7	8.2	
0.8	-23.8	141.0	0.8	
50.0	22.9	143.5	27.8	
86.9	42.6	141.0	18.0	
77.0	47.5	145.9	-1.7	
74.6	82.0	145.9	-43.5	
57.4	50.0	145.9	-21.4	
52.4	50.0	153.3	5.7	
20.5	32.8	143.5	-6.6	
-21.4	22.9	145.9	0.8	
-53.3	54.9	150.8	0.8	
-63.2	67.2	148.4	0.8	
-36.1	15.5	145.9	5.7	
0.8	-9.1	153.3	0.8	
20.5	-28.7	141.0	0.8	
35.2	-28.7	141.0	-4.1	
42.6	-4.1	136.1	5.7	
20.5	18.0	141.0	20.5	
-18.9	5.7	136.1	35.2	
-41.0	5.7	133.6	20.5	
-11.5	15.5	136.1	32.8	
22.9	37.7	133.6	-73.0	
47.5	52.4	133.6	-63.2	
42.6	37.7	131.2	-43.5	
42.6	35.2	136.1	-18.9	
18.0	27.8	121.3	-1.7	
15.5	20.5	123.8	82.0	
5.7	20.5	128.7	62.3	
-4.1	27.8	121.3	45.1	
10.6	54.9	113.9	40.1	
18.0	52.4	106.6	57.4	
18.0	45.1	113.9	15.5	
27.8	42.6	99.2	-9.1	
25.4	18.0	99.2	-46.0	
40.1	30.3	104.1	-11.5	
50.0	15.5	101.6	-1.7	
62.3	15.5	84.4	8.2	
89.3	27.8	84.4	18.0	
123.8	30.3	84.4	10.6	
138.5	40.1	84.4	-6.6	
163.1	37.7	72.1	3.2	
153.3	32.8	72.1	3.2	
104.1	32.8	77.0	18.0	
52.4	42.6	64.7	-4.1	
-14.0	50.0	62.3	-4.1	
-68.1	42.6	57.4	13.1	
-132.1	42.6	62.3	5.7	
-161.6	40.1	54.9	-11.5	
-154.2	37.7	59.8	0.8	
-117.3	47.5	52.4	3.2	
-102.5	37.7	50.0	10.6	
-58.3	37.7	54.9	-1.7	
-6.6	50.0	57.4	15.5	
27.8	54.9	54.9	-1.7	
57.4	35.2	59.8	3.2	
40.1	3.2	50.0	18.0	
47.5	3.2	47.5	5.7	
42.6	0.8	54.9	25.4	
37.7	-11.5	40.1	20.5	
13.1	15.5	40.1	3.2	
20.5	25.4	42.6	3.2	
-1.7	22.9	40.1	-18.9	
3.2	50.0	42.6	0.8	
-11.5	54.9	27.8	13.1	
-11.5	35.2	25.4	25.4	
-9.1	37.7	32.8	27.8	
-1.7	40.1	32.8	8.2	
3.2	37.7	27.8	-38.6	
27.8	37.7	22.9	18.0	
62.3	37.7	22.9	3.2	
101.6	37.7	20.5	-11.5	
123.8	20.5	20.5	-11.5	
131.2	27.8	32.8	13.1	
121.3	25.4	25.4	10.6	
94.3	32.8	3.2	10.6	
13.1	27.8	13.1	-4.1	
-23.8	42.6	18.0	18.0	
-28.7	25.4	13.1	20.5	
-16.4	32.8	15.5	5.7	
-36.1	35.2	10.6	-9.1	
-60.7	40.1	-1.7	-16.4	
-68.1	45.1	-1.7	5.7	
-60.7	37.7	5.7	8.2	
-48.4	42.6	3.2	18.0	
-58.3	47.5	10.6	13.1	
-68.1	42.6	-6.6	8.2	
-43.5	40.1	-4.1	0.8	
-4.1	20.5	-9.1	0.8	
8.2	37.7	-9.1	-11.5	
27.8	32.8	-4.1	10.6	
45.1	45.1	-9.1	10.6	
42.6	37.7	0.8	20.5	
54.9	35.2	-16.4	10.6	
54.9	30.3	-26.3	-14.0	
45.1	32.8	-11.5	0.8	
45.1	20.5	-4.1	5.7	
-4.1	37.7	-6.6	0.8	
-23.8	25.4	0.8	20.5	
-16.4	22.9	-6.6	37.7	
32.8	35.2	-9.1	37.7	
64.7	27.8	-6.6	22.9	
79.5	25.4	-16.4	15.5	
74.6	32.8	-18.9	13.1	
54.9	45.1	-14.0	25.4	
40.1	37.7	-4.1	-1.7	
40.1	35.2	-1.7	-1.7	
18.0	35.2	-1.7	-9.1	
0.8	27.8	-6.6	15.5	
-41.0	40.1	-4.1	5.7	
-82.9	32.8	-4.1	-14.0	
-55.8	32.8	5.7	-6.6	
22.9	30.3	-6.6	-1.7	
69.7	32.8	-1.7	8.2	
79.5	18.0	-1.7	-9.1	
59.8	25.4	-1.7	-9.1	
13.1	30.3	8.2	-9.1	
-23.8	25.4	-1.7	8.2	
-43.5	42.6	-6.6	5.7	
-43.5	35.2	3.2	20.5	
-70.6	35.2	-4.1	0.8	
-97.6	27.8	8.2	8.2	
-100.1	15.5	8.2	5.7	
-70.6	30.3	18.0	18.0	
-1.7	25.4	25.4	5.7	
42.6	22.9	15.5	18.0	
62.3	22.9	18.0	13.1	
72.1	13.1	15.5	10.6	
64.7	15.5	20.5	-4.1	
59.8	27.8	30.3	-11.5	
42.6	20.5	25.4	-28.7	
45.1	25.4	30.3	-9.1	
18.0	27.8	27.8	-4.1	
22.9	18.0	40.1	-18.9	
5.7	22.9	45.1	3.2	
8.2	18.0	42.6	13.1	
13.1	32.8	27.8	3.2	
42.6	10.6	32.8	0.8	
72.1	15.5	18.0	15.5	
86.9	22.9	13.1	13.1	
84.4	8.2	15.5	10.6	
77.0	10.6	5.7	-16.4	
64.7	5.7	-21.4	0.8	
37.7	10.6	-14.0	13.1	
10.6	13.1	-21.4	22.9	
-26.3	27.8	-41.0	-1.7	
-48.4	32.8	-36.1	0.8	
-53.3	18.0	-50.9	0.8	
-48.4	22.9	-46.0	5.7	
-21.4	3.2	-43.5	20.5	
-28.7	5.7	-38.6	10.6	
-48.4	-16.4	-36.1	-1.7	
-21.4	-1.7	-33.7	13.1	
15.5	5.7	-41.0	5.7	
45.1	-18.9	-38.6	5.7	
45.1	0.8	-50.9	5.7	
30.3	3.2	-33.7	13.1	
15.5	15.5	-41.0	35.2	
20.5	32.8	-33.7	-43.5	
8.2	45.1	-33.7	-1.7	
-1.7	72.1	-33.7	10.6	
3.2	94.3	-33.7	10.6	
15.5	72.1	-38.6	8.2	
-4.1	62.3	-33.7	-1.7	
-9.1	42.6	-38.6	0.8	
-4.1	32.8	-31.2	-1.7	
13.1	40.1	-18.9	-6.6	
35.2	52.4	-21.4	15.5	
32.8	62.3	-31.2	8.2	
35.2	47.5	-43.5	8.2	
37.7	27.8	-33.7	15.5	
57.4	30.3	-50.9	8.2	
64.7	30.3	-53.3	3.2	
86.9	0.8	-55.8	0.8	
89.3	-1.7	-60.7	-9.1	
69.7	-11.5	-73.0	-1.7	
57.4	-6.6	-82.9	8.2	
32.8	-6.6	-75.5	-1.7	
-14.0	27.8	-82.9	-4.1	
-48.4	20.5	-97.6	-11.5	
-63.2	40.1	-68.1	3.2	
-82.9	50.0	-82.9	5.7	
-75.5	54.9	-90.2	0.8	
-68.1	47.5	-87.8	-6.6	
-41.0	42.6	-105.0	13.1	
-58.3	40.1	-112.4	25.4	
-53.3	45.1	-117.3	13.1	
-6.6	30.3	-124.7	5.7	
69.7	22.9	-114.8	-14.0	
155.8	18.0	-122.2	-6.6	
214.8	22.9	-139.4	-4.1	
195.1	47.5	-144.4	8.2	
155.8	69.7	-141.9	18.0	
101.6	32.8	-127.1	0.8	
67.2	-6.6	-154.2	-6.6	
42.6	-1.7	-161.6	-1.7	
0.8	3.2	-159.1	3.2	
-28.7	10.6	-164.0	8.2	
-36.1	15.5	-141.9	5.7	
-53.3	22.9	-154.2	8.2	
-75.5	25.4	-166.5	-6.6	
-82.9	22.9	-151.7	-23.8	
-63.2	32.8	-151.7	-9.1	
-73.0	27.8	-154.2	-18.9	
-73.0	45.1	-169.0	-9.1	
-77.9	50.0	-169.0	-6.6	
-75.5	47.5	-173.9	-11.5	
-38.6	42.6	-169.0	-6.6	
-9.1	42.6	-178.8	-16.4	
27.8	35.2	-176.3	-6.6	
69.7	50.0	-178.8	-9.1	
79.5	32.8	-171.4	-23.8	
96.7	40.1	-193.6	-14.0	
106.6	22.9	-188.6	-16.4	
96.7	45.1	-200.9	18.0	
74.6	37.7	-210.8	40.1	
74.6	45.1	-210.8	0.8	
72.1	35.2	-183.7	-16.4	
67.2	40.1	-188.6	-41.0	
47.5	22.9	-188.6	-38.6	
-1.7	42.6	-205.9	-18.9	
-38.6	27.8	-186.2	-16.4	
-31.2	25.4	-196.0	-1.7	
-43.5	30.3	-193.6	-21.4	
-90.2	32.8	-181.3	-31.2	
-97.6	40.1	-181.3	-41.0	
-100.1	35.2	-171.4	-14.0	
-92.7	27.8	-154.2	-4.1	
-63.2	22.9	-159.1	-18.9	
-31.2	22.9	-159.1	-23.8	
3.2	27.8	-156.7	-6.6	
37.7	20.5	-144.4	-9.1	
54.9	32.8	-141.9	-28.7	
74.6	25.4	-139.4	-41.0	
54.9	32.8	-139.4	-36.1	
18.0	32.8	-159.1	-18.9	
5.7	27.8	-146.8	-18.9	
3.2	35.2	-156.7	-16.4	
5.7	10.6	-166.5	-11.5	
25.4	10.6	-139.4	-23.8	
30.3	20.5	-161.6	-43.5	
42.6	32.8	-134.5	-1.7	
57.4	20.5	-139.4	10.6	
89.3	20.5	-119.8	-26.3	
94.3	10.6	-114.8	-16.4	
94.3	-4.1	-102.5	15.5	
79.5	30.3	-87.8	40.1	
42.6	52.4	-85.3	25.4	
15.5	35.2	-68.1	-16.4	
-4.1	15.5	-41.0	-41.0	
-46.0	3.2	-4.1	-11.5	
-43.5	13.1	40.1	-23.8	
-73.0	40.1	86.9	-6.6	
-60.7	22.9	143.5	-9.1	
-31.2	-28.7	200.0	-18.9	
8.2	-21.4	251.7	-11.5	
27.8	-6.6	296.0	-4.1	
40.1	27.8	352.6	0.8	
59.8	67.2	374.7	-28.7	
40.1	52.4	377.2	-16.4	
37.7	42.6	367.3	3.2	
37.7	62.3	323.0	32.8	
35.2	79.5	249.2	8.2	
22.9	84.4	185.3	-11.5	
25.4	89.3	104.1	8.2	
-6.6	77.0	45.1	3.2	
8.2	64.7	-31.2	13.1	
20.5	79.5	-87.8	10.6	
13.1	64.7	-141.9	18.0	
13.1	42.6	-176.3	20.5	
0.8	40.1	-198.5	0.8	
-11.5	32.8	-186.2	-9.1	
15.5	45.1	-178.8	-9.1	
59.8	84.4	-169.0	5.7	
74.6	74.6	-144.4	10.6	
101.6	42.6	-114.8	8.2	
118.9	57.4	-65.6	-4.1	
128.7	72.1	-38.6	8.2	
126.2	62.3	-6.6	8.2	
101.6	62.3	50.0	13.1	
82.0	57.4	101.6	13.1	
82.0	37.7	131.2	27.8	
64.7	42.6	170.5	25.4	
5.7	40.1	219.7	-9.1	
-16.4	25.4	254.2	13.1	
-60.7	-1.7	273.8	8.2	
-82.9	5.7	310.7	0.8	
-85.3	-4.1	332.9	0.8	
-80.4	-9.1	342.7	20.5	
-41.0	5.7	367.3	13.1	
-9.1	-11.5	369.8	32.8	
18.0	-21.4	364.9	13.1	
35.2	-33.7	357.5	22.9	
27.8	-16.4	345.2	15.5	
20.5	-16.4	345.2	22.9	
5.7	-21.4	308.3	15.5	
-6.6	15.5	305.8	20.5	
-31.2	35.2	278.8	13.1	
-38.6	22.9	271.4	-1.7	
-23.8	8.2	249.2	0.8	
-1.7	10.6	232.0	5.7	
0.8	10.6	217.3	10.6	
32.8	13.1	207.4	3.2	
91.8	20.5	200.0	8.2	
94.3	22.9	185.3	-4.1	
54.9	8.2	190.2	25.4	
20.5	5.7	192.7	32.8	
-31.2	15.5	202.5	30.3	
-77.9	18.0	205.0	42.6	
-77.9	0.8	205.0	-41.0	
-87.8	-6.6	202.5	-18.9	
-85.3	-9.1	209.9	8.2	
-48.4	3.2	224.6	-21.4	
30.3	15.5	229.6	-31.2	
64.7	35.2	232.0	-38.6	
74.6	45.1	239.4	-43.5	
74.6	35.2	234.5	32.8	
89.3	15.5	229.6	138.5	
69.7	10.6	232.0	62.3	
74.6	10.6	232.0	37.7	
59.8	0.8	219.7	59.8	
59.8	-1.7	207.4	22.9	
42.6	0.8	205.0	-6.6	
74.6	3.2	200.0	-31.2	
96.7	-4.1	200.0	-23.8	
86.9	15.5	190.2	-9.1	
40.1	15.5	182.8	18.0	
13.1	15.5	160.7	18.0	
-55.8	15.5	158.2	10.6	
-92.7	5.7	158.2	-1.7	
-132.1	8.2	143.5	10.6	
-171.4	3.2	138.5	13.1	
-117.3	0.8	126.2	10.6	
-46.0	32.8	101.6	10.6	
15.5	27.8	94.3	10.6	
37.7	13.1	89.3	15.5	
40.1	-1.7	67.2	20.5	
47.5	0.8	64.7	0.8	
54.9	-16.4	45.1	-11.5	
35.2	-28.7	35.2	8.2	
45.1	-36.1	37.7	18.0	
57.4	-21.4	45.1	8.2	
64.7	-18.9	52.4	13.1	
54.9	0.8	59.8	32.8	
72.1	0.8	52.4	50.0	
64.7	35.2	69.7	13.1	
64.7	32.8	74.6	-28.7	
57.4	8.2	96.7	15.5	
25.4	-6.6	89.3	13.1	
-48.4	-16.4	99.2	8.2	
-80.4	-16.4	94.3	5.7	
-55.8	-23.8	99.2	25.4	
-28.7	-21.4	101.6	25.4	
20.5	-23.8	106.6	18.0	
50.0	-1.7	109.0	-4.1	
82.0	8.2	89.3	8.2	
94.3	10.6	91.8	-4.1	
50.0	-11.5	86.9	-6.6	
22.9	-33.7	82.0	10.6	
-46.0	0.8	79.5	30.3	
-90.2	-14.0	74.6	40.1	
-114.8	3.2	72.1	15.5	
-105.0	-1.7	54.9	27.8	
-58.3	-14.0	47.5	32.8	
35.2	-9.1	25.4	22.9	
123.8	-11.5	27.8	-6.6	
170.5	-9.1	42.6	-4.1	
195.1	-33.7	40.1	22.9	
160.7	-43.5	32.8	22.9	
121.3	-28.7	32.8	13.1	
72.1	-23.8	35.2	18.0	
47.5	-28.7	27.8	18.0	
-11.5	-14.0	22.9	13.1	
-92.7	-1.7	30.3	5.7	
-176.3	5.7	37.7	5.7	
-144.4	5.7	27.8	30.3	
-70.6	25.4	25.4	27.8	
-33.7	37.7	20.5	22.9	
-48.4	74.6	20.5	27.8	
-70.6	69.7	5.7	27.8	
-46.0	22.9	-1.7	15.5	
-33.7	30.3	0.8	13.1	
-21.4	37.7	-16.4	22.9	
-31.2	45.1	-6.6	22.9	
-33.7	37.7	-23.8	18.0	
0.8	27.8	-18.9	27.8	
42.6	-4.1	-18.9	25.4	
59.8	0.8	-26.3	20.5	
57.4	40.1	-23.8	22.9	
74.6	57.4	-23.8	20.5	
47.5	74.6	-21.4	25.4	
37.7	67.2	-31.2	13.1	
18.0	74.6	-31.2	22.9	
5.7	54.9	-28.7	22.9	
5.7	50.0	-26.3	20.5	
18.0	27.8	-26.3	13.1	
20.5	5.7	-31.2	20.5	
22.9	15.5	-31.2	18.0	
50.0	10.6	-36.1	22.9	
74.6	5.7	-28.7	22.9	
69.7	50.0	-31.2	32.8	
82.0	64.7	-23.8	18.0	
72.1	30.3	-28.7	22.9	
57.4	86.9	-26.3	37.7	
35.2	77.0	-18.9	25.4	
32.8	18.0	-36.1	18.0	
30.3	13.1	-33.7	5.7	
18.0	22.9	-28.7	0.8	
-11.5	27.8	-31.2	13.1	
-11.5	27.8	-28.7	15.5	
5.7	50.0	-33.7	10.6	
13.1	42.6	-21.4	5.7	
25.4	45.1	-26.3	-1.7	
3.2	35.2	-21.4	-1.7	
-11.5	30.3	-28.7	5.7	
-23.8	30.3	-33.7	5.7	
-31.2	22.9	-38.6	3.2	
-33.7	37.7	-38.6	3.2	
-16.4	47.5	-36.1	18.0	
-9.1	42.6	-43.5	15.5	
15.5	13.1	-38.6	10.6	
32.8	37.7	-38.6	13.1	
42.6	37.7	-38.6	18.0	
18.0	32.8	-41.0	10.6	
25.4	22.9	-48.4	15.5	
47.5	35.2	-50.9	25.4	
50.0	20.5	-50.9	20.5	
37.7	22.9	-33.7	27.8	
3.2	32.8	-48.4	-16.4	
-18.9	40.1	-58.3	-18.9	
-26.3	10.6	-50.9	-1.7	
-23.8	22.9	-58.3	-4.1	
-4.1	22.9	-46.0	3.2	
47.5	37.7	-46.0	-21.4	
79.5	37.7	-48.4	0.8	
126.2	40.1	-48.4	30.3	
109.0	57.4	-41.0	18.0	
104.1	42.6	-46.0	-23.8	
77.0	42.6	-48.4	-16.4	
5.7	35.2	-58.3	-1.7	
-63.2	40.1	-50.9	18.0	
-127.1	35.2	-58.3	10.6	
-95.2	45.1	-43.5	-1.7	
-60.7	37.7	-46.0	8.2	
0.8	30.3	-53.3	10.6	
54.9	18.0	-46.0	15.5	
79.5	25.4	-55.8	-4.1	
59.8	30.3	-53.3	-11.5	
67.2	30.3	-53.3	-9.1	
20.5	27.8	-50.9	15.5	
-36.1	30.3	-43.5	30.3	
-63.2	30.3	-55.8	-11.5	
-46.0	18.0	-50.9	-11.5	
-58.3	27.8	-46.0	0.8	
-132.1	18.0	-46.0	-4.1	
-134.5	42.6	-50.9	-9.1	
-55.8	37.7	-46.0	5.7	
0.8	3.2	-48.4	3.2	
27.8	0.8	-46.0	0.8	
72.1	10.6	-38.6	5.7	
94.3	25.4	-38.6	3.2	
138.5	20.5	-33.7	0.8	
163.1	42.6	-33.7	5.7	
148.4	47.5	-46.0	-4.1	
104.1	62.3	-28.7	-9.1	
32.8	47.5	-26.3	-4.1	
-28.7	32.8	-23.8	0.8	
-60.7	15.5	-18.9	8.2	
-55.8	22.9	-28.7	10.6	
-55.8	32.8	-21.4	-1.7	
-46.0	42.6	-11.5	3.2	
-31.2	32.8	-21.4	-1.7	
15.5	30.3	-18.9	-4.1	
35.2	22.9	-4.1	5.7	
37.7	35.2	-14.0	-4.1	
52.4	40.1	-16.4	5.7	
50.0	40.1	-16.4	5.7	
18.0	37.7	-14.0	3.2	
10.6	35.2	-6.6	10.6	
18.0	22.9	0.8	3.2	
8.2	32.8	3.2	0.8	
15.5	40.1	-1.7	0.8	
27.8	64.7	-9.1	5.7	
-4.1	45.1	3.2	5.7	
-21.4	40.1	0.8	10.6	
3.2	30.3	5.7	0.8	
-4.1	8.2	8.2	10.6	
-6.6	25.4	15.5	15.5	
8.2	20.5	8.2	10.6	
42.6	20.5	8.2	-4.1	
37.7	-4.1	10.6	3.2	
57.4	0.8	5.7	0.8	
35.2	-4.1	-1.7	3.2	
13.1	-11.5	5.7	-4.1	
8.2	8.2	15.5	-9.1	
15.5	5.7	10.6	0.8	
3.2	13.1	18.0	-1.7	
-14.0	10.6	8.2	0.8	
-9.1	18.0	5.7	0.8	
22.9	18.0	27.8	-1.7	
22.9	25.4	22.9	3.2	
32.8	54.9	18.0	-1.7	
42.6	45.1	35.2	-1.7	
82.0	54.9	45.1	-4.1	
89.3	67.2	52.4	10.6	
99.2	52.4	47.5	-14.0	
96.7	42.6	45.1	-14.0	
77.0	25.4	40.1	-9.1	
42.6	22.9	42.6	0.8	
-14.0	20.5	45.1	5.7	
-16.4	10.6	37.7	-1.7	
3.2	-1.7	18.0	-1.7	
-33.7	0.8	22.9	3.2	
-50.9	20.5	30.3	-14.0	
-21.4	35.2	37.7	-9.1	
0.8	25.4	45.1	5.7	
5.7	3.2	40.1	-4.1	
20.5	5.7	32.8	5.7	
67.2	27.8	27.8	-23.8	
67.2	13.1	13.1	-9.1	
40.1	-21.4	45.1	5.7	
18.0	-33.7	35.2	0.8	
15.5	-9.1	37.7	-6.6	
27.8	20.5	30.3	-11.5	
0.8	54.9	42.6	-1.7	
8.2	35.2	37.7	3.2	
-4.1	18.0	35.2	13.1	
-6.6	35.2	22.9	-1.7	
-18.9	47.5	37.7	-4.1	
-11.5	62.3	32.8	0.8	
13.1	45.1	35.2	13.1	
0.8	67.2	32.8	20.5	
-18.9	91.8	22.9	-1.7	
-48.4	50.0	30.3	-4.1	
-53.3	18.0	27.8	-4.1	
-33.7	13.1	32.8	3.2	
3.2	30.3	30.3	15.5	
25.4	22.9	18.0	13.1	
25.4	18.0	22.9	5.7	
-21.4	35.2	18.0	10.6	
-50.9	3.2	25.4	3.2	
-58.3	-9.1	20.5	10.6	
-28.7	3.2	20.5	3.2	
10.6	-4.1	13.1	3.2	
30.3	5.7	18.0	-16.4	
47.5	8.2	18.0	-1.7	
42.6	30.3	10.6	-18.9	
30.3	27.8	-4.1	-9.1	
5.7	30.3	15.5	-18.9	
13.1	13.1	13.1	3.2	
22.9	42.6	10.6	5.7	
40.1	45.1	13.1	-1.7	
52.4	32.8	8.2	-4.1	
54.9	40.1	0.8	-1.7	
59.8	50.0	0.8	-6.6	
74.6	42.6	3.2	-6.6	
52.4	50.0	0.8	-6.6	
45.1	47.5	8.2	8.2	
22.9	40.1	8.2	-4.1	
-6.6	40.1	5.7	-9.1	
-33.7	42.6	8.2	-4.1	
-16.4	40.1	0.8	-4.1	
-16.4	54.9	22.9	3.2	
22.9	45.1	22.9	3.2	
72.1	40.1	27.8	-1.7	
74.6	37.7	37.7	-6.6	
50.0	30.3	35.2	5.7	
13.1	32.8	50.0	5.7	
-16.4	27.8	50.0	-18.9	
-33.7	20.5	62.3	-6.6	
-23.8	20.5	57.4	5.7	
3.2	20.5	69.7	-4.1	
37.7	25.4	79.5	-9.1	
113.9	3.2	74.6	-1.7	
133.6	-21.4	84.4	-6.6	
77.0	-28.7	84.4	-6.6	
3.2	-43.5	101.6	-1.7	
-33.7	-109.9	96.7	-1.7	
-41.0	-146.8	99.2	0.8	
-48.4	-183.7	94.3	-1.7	
-55.8	-183.7	89.3	-11.5	
-55.8	-166.5	96.7	-6.6	
-21.4	-173.9	91.8	-4.1	
10.6	-173.9	86.9	-1.7	
18.0	-164.0	84.4	-9.1	
30.3	-132.1	74.6	-6.6	
18.0	-117.3	74.6	-14.0	
3.2	-92.7	67.2	-14.0	
-4.1	-97.6	69.7	-4.1	
-16.4	-102.5	54.9	3.2	
-14.0	-90.2	62.3	-14.0	
-9.1	-75.5	42.6	-1.7	
-14.0	-75.5	37.7	0.8	
-9.1	-70.6	37.7	-9.1	
30.3	-58.3	47.5	0.8	
52.4	-43.5	30.3	-6.6	
69.7	-9.1	30.3	0.8	
89.3	-6.6	25.4	0.8	
109.0	-16.4	25.4	-9.1	
136.1	-26.3	27.8	-6.6	
141.0	-28.7	25.4	-11.5	
118.9	-11.5	18.0	0.8	
113.9	10.6	25.4	-11.5	
82.0	25.4	25.4	5.7	
50.0	40.1	8.2	3.2	
47.5	22.9	3.2	-6.6	
-1.7	0.8	-9.1	-18.9	
-26.3	-23.8	0.8	3.2	
15.5	-16.4	-18.9	20.5	
74.6	-1.7	-18.9	-16.4	
143.5	13.1	-18.9	-14.0	
150.8	15.5	-21.4	-9.1	
104.1	13.1	-26.3	-14.0	
20.5	3.2	-23.8	-16.4	
-21.4	13.1	-23.8	3.2	
-60.7	-1.7	-18.9	-11.5	
-127.1	8.2	-18.9	-16.4	
-173.9	22.9	-16.4	5.7	
-220.6	25.4	-21.4	8.2	
-250.1	27.8	-16.4	8.2	
-213.2	18.0	-4.1	3.2	
-144.4	62.3	8.2	5.7	
-70.6	47.5	-9.1	0.8	
-58.3	35.2	-14.0	-16.4	
-38.6	13.1	-1.7	-14.0	
-6.6	8.2	5.7	-9.1	
18.0	-31.2	-1.7	3.2	
32.8	-23.8	-4.1	-6.6	
37.7	-31.2	-1.7	5.7	
45.1	-33.7	8.2	3.2	
74.6	-18.9	5.7	10.6	
86.9	5.7	8.2	10.6	
79.5	42.6	3.2	10.6	
64.7	42.6	13.1	-1.7	
54.9	15.5	18.0	5.7	
52.4	13.1	25.4	-4.1	
42.6	25.4	20.5	10.6	
15.5	35.2	13.1	5.7	
-9.1	32.8	25.4	0.8	
-28.7	20.5	10.6	3.2	
-14.0	37.7	-4.1	10.6	
54.9	86.9	-9.1	8.2	
94.3	69.7	5.7	8.2	
118.9	54.9	-1.7	8.2	
153.3	22.9	8.2	5.7	
155.8	18.0	5.7	13.1	
126.2	8.2	-4.1	18.0	
99.2	18.0	0.8	5.7	
50.0	5.7	3.2	8.2	
3.2	13.1	10.6	8.2	
-31.2	35.2	8.2	10.6	
-73.0	54.9	5.7	8.2	
-151.7	45.1	-1.7	13.1	
-220.6	37.7	5.7	8.2	
-208.3	-4.1	0.8	0.8	
-127.1	-21.4	0.8	0.8	
-63.2	-16.4	18.0	3.2	
-38.6	0.8	8.2	15.5	
-11.5	35.2	10.6	22.9	
15.5	30.3	8.2	15.5	
32.8	42.6	-4.1	22.9	
35.2	37.7	0.8	13.1	
22.9	-1.7	-1.7	13.1	
45.1	0.8	-6.6	18.0	
64.7	-9.1	0.8	13.1	
57.4	-6.6	-1.7	18.0	
69.7	15.5	-6.6	18.0	
64.7	5.7	-11.5	32.8	
59.8	37.7	-9.1	20.5	
57.4	57.4	-4.1	20.5	
72.1	20.5	-1.7	3.2	
72.1	22.9	-1.7	10.6	
59.8	47.5	-1.7	8.2	
64.7	67.2	-18.9	10.6	
67.2	32.8	-6.6	3.2	
67.2	40.1	-18.9	8.2	
45.1	37.7	-9.1	13.1	
27.8	20.5	-14.0	20.5	
-4.1	0.8	-4.1	22.9	
0.8	3.2	-6.6	15.5	
8.2	18.0	-16.4	15.5	
30.3	10.6	-9.1	13.1	
30.3	18.0	-9.1	8.2	
30.3	32.8	-11.5	18.0	
25.4	5.7	3.2	30.3	
27.8	-28.7	0.8	13.1	
69.7	-16.4	0.8	13.1	
111.5	8.2	-4.1	15.5	
133.6	35.2	10.6	15.5	
118.9	35.2	-1.7	25.4	
94.3	50.0	10.6	20.5	
74.6	77.0	10.6	13.1	
37.7	62.3	18.0	15.5	
-41.0	57.4	13.1	13.1	
-80.4	50.0	18.0	10.6	
-139.4	47.5	18.0	8.2	
-169.0	45.1	25.4	18.0	
-159.1	40.1	20.5	10.6	
-82.9	50.0	22.9	5.7	
-28.7	8.2	35.2	-4.1	
-1.7	18.0	27.8	0.8	
5.7	22.9	18.0	13.1	
15.5	25.4	22.9	13.1	
15.5	15.5	22.9	18.0	
13.1	8.2	27.8	13.1	
0.8	-6.6	25.4	10.6	
-21.4	0.8	20.5	3.2	
-18.9	3.2	30.3	5.7	
-11.5	3.2	25.4	13.1	
-14.0	10.6	37.7	-4.1	
-9.1	15.5	37.7	8.2	
20.5	25.4	18.0	0.8	
32.8	37.7	15.5	8.2	
37.7	35.2	15.5	-9.1	
45.1	20.5	25.4	3.2	
74.6	3.2	22.9	3.2	
77.0	-9.1	27.8	5.7	
74.6	18.0	30.3	3.2	
74.6	25.4	20.5	5.7	
40.1	37.7	18.0	-1.7	
15.5	35.2	18.0	-1.7	
-1.7	52.4	15.5	-1.7	
3.2	74.6	15.5	3.2	
-14.0	57.4	13.1	-1.7	
-23.8	32.8	25.4	10.6	
-18.9	40.1	10.6	13.1	
-31.2	42.6	25.4	13.1	
-31.2	47.5	25.4	5.7	
-33.7	52.4	18.0	3.2	
20.5	45.1	25.4	10.6	
52.4	40.1	25.4	-6.6	
84.4	42.6	22.9	-1.7	
126.2	20.5	13.1	3.2	
131.2	5.7	10.6	8.2	
121.3	8.2	20.5	0.8	
84.4	3.2	25.4	-1.7	
22.9	-4.1	13.1	8.2	
-46.0	10.6	18.0	-4.1	
-77.9	13.1	35.2	-16.4	
-82.9	13.1	27.8	5.7	
-92.7	22.9	20.5	8.2	
-82.9	32.8	25.4	10.6	
-82.9	42.6	25.4	8.2	
-87.8	35.2	10.6	8.2	
-70.6	45.1	13.1	3.2	
-26.3	32.8	10.6	0.8	
-9.1	13.1	22.9	5.7	
8.2	18.0	18.0	-1.7	
-6.6	27.8	18.0	8.2	
-28.7	-4.1	22.9	3.2	
-11.5	0.8	25.4	-1.7	
18.0	0.8	20.5	-4.1	
52.4	-16.4	22.9	-4.1	
118.9	-11.5	15.5	-1.7	
155.8	-21.4	10.6	3.2	
155.8	8.2	0.8	15.5	
131.2	5.7	5.7	18.0	
91.8	-4.1	20.5	8.2	
50.0	-4.1	13.1	13.1	
67.2	-4.1	18.0	8.2	
74.6	3.2	22.9	5.7	
37.7	3.2	22.9	-4.1	
-36.1	-11.5	18.0	8.2	
-77.9	-21.4	18.0	0.8	
-65.6	-16.4	15.5	8.2	
-60.7	-11.5	8.2	8.2	
-55.8	3.2	5.7	5.7	
-55.8	5.7	0.8	8.2	
-85.3	37.7	-9.1	-6.6	
-85.3	52.4	5.7	8.2	
-26.3	32.8	-4.1	5.7	
35.2	22.9	-1.7	8.2	
59.8	0.8	10.6	10.6	
84.4	25.4	5.7	10.6	
67.2	8.2	5.7	-4.1	
64.7	0.8	15.5	-4.1	
35.2	0.8	13.1	0.8	
10.6	-4.1	15.5	8.2	
-18.9	57.4	13.1	0.8	
-41.0	62.3	20.5	5.7	
-95.2	22.9	10.6	8.2	
-80.4	22.9	-4.1	20.5	
-31.2	22.9	10.6	30.3	
3.2	5.7	-4.1	8.2	
0.8	0.8	-1.7	13.1	
25.4	13.1	3.2	13.1	
69.7	20.5	-1.7	25.4	
77.0	3.2	-4.1	30.3	
86.9	-4.1	-9.1	27.8	
82.0	10.6	-9.1	27.8	
40.1	5.7	-14.0	10.6	
13.1	22.9	-9.1	8.2	
-11.5	37.7	-6.6	10.6	
-41.0	37.7	5.7	0.8	
-21.4	25.4	-1.7	15.5	
27.8	42.6	-11.5	20.5	
40.1	59.8	-4.1	8.2	
5.7	40.1	8.2	3.2	
-28.7	47.5	-4.1	-6.6	
-18.9	94.3	-16.4	3.2	
-11.5	86.9	-9.1	-6.6	
-33.7	69.7	-6.6	-4.1	
-43.5	45.1	3.2	-1.7	
-9.1	35.2	0.8	-4.1	
5.7	5.7	-14.0	-1.7	
25.4	-1.7	-1.7	-9.1	
37.7	22.9	-9.1	-1.7	
47.5	45.1	-14.0	-1.7	
27.8	32.8	-6.6	-1.7	
20.5	18.0	-6.6	-1.7	
18.0	27.8	-11.5	0.8	
8.2	50.0	-16.4	-9.1	
-4.1	59.8	-16.4	-11.5	
-28.7	32.8	-21.4	-1.7	
3.2	27.8	-21.4	5.7	
20.5	18.0	-23.8	0.8	
57.4	15.5	-28.7	-1.7	
50.0	20.5	-33.7	-9.1	
35.2	27.8	-28.7	-1.7	
47.5	45.1	-11.5	-4.1	
22.9	42.6	-1.7	-1.7	
37.7	47.5	22.9	-1.7	
37.7	50.0	37.7	5.7	
37.7	47.5	45.1	0.8	
86.9	40.1	64.7	-1.7	
84.4	25.4	57.4	-4.1	
72.1	45.1	62.3	5.7	
37.7	18.0	59.8	-11.5	
30.3	30.3	62.3	0.8	
42.6	35.2	72.1	-6.6	
40.1	45.1	72.1	-6.6	
20.5	79.5	67.2	-1.7	
-36.1	64.7	84.4	3.2	
-80.4	50.0	77.0	-14.0	
-60.7	22.9	59.8	10.6	
-26.3	27.8	77.0	22.9	
-16.4	22.9	64.7	20.5	
-26.3	42.6	82.0	15.5	
-36.1	20.5	89.3	10.6	
-23.8	10.6	82.0	3.2	
-31.2	15.5	94.3	15.5	
-23.8	25.4	82.0	18.0	
0.8	18.0	99.2	-1.7	
-1.7	22.9	91.8	15.5	
-11.5	27.8	96.7	18.0	
-16.4	30.3	96.7	15.5	
-14.0	30.3	82.0	18.0	
-4.1	37.7	69.7	15.5	
-4.1	37.7	62.3	-4.1	
0.8	32.8	62.3	5.7	
-14.0	32.8	47.5	0.8	
-28.7	37.7	35.2	0.8	
-18.9	32.8	18.0	0.8	
-9.1	42.6	0.8	5.7	
27.8	32.8	-4.1	0.8	
86.9	37.7	-1.7	8.2	
96.7	47.5	18.0	8.2	
101.6	47.5	22.9	5.7	
69.7	37.7	27.8	-1.7	
67.2	42.6	20.5	-9.1	
69.7	45.1	25.4	3.2	
77.0	45.1	-9.1	10.6	
84.4	54.9	-18.9	15.5	
86.9	62.3	-1.7	-6.6	
69.7	52.4	0.8	-9.1	
40.1	47.5	10.6	-1.7	
25.4	45.1	0.8	-9.1	
45.1	32.8	-1.7	0.8	
47.5	50.0	10.6	-21.4	
25.4	47.5	13.1	-16.4	
22.9	54.9	18.0	-16.4	
-16.4	59.8	13.1	-16.4	
-18.9	50.0	13.1	-6.6	
5.7	59.8	5.7	3.2	
40.1	45.1	-1.7	5.7	
67.2	37.7	-16.4	18.0	
52.4	45.1	-16.4	8.2	
20.5	40.1	-28.7	-16.4	
5.7	32.8	-31.2	-33.7	
-1.7	10.6	-26.3	-36.1	
-43.5	3.2	-41.0	-21.4	
-102.5	18.0	-48.4	0.8	
-129.6	45.1	-50.9	10.6	
-90.2	77.0	-63.2	0.8	
-58.3	72.1	-53.3	10.6	
-38.6	74.6	-48.4	-4.1	
-23.8	77.0	-31.2	-4.1	
-14.0	77.0	-9.1	10.6	
-18.9	57.4	-9.1	10.6	
-6.6	67.2	5.7	-6.6	
-18.9	62.3	-6.6	-6.6	
0.8	62.3	-9.1	-23.8	
25.4	47.5	-21.4	-21.4	
52.4	40.1	-23.8	-23.8	
77.0	37.7	-23.8	-28.7	
77.0	35.2	-26.3	-23.8	
69.7	20.5	-28.7	-31.2	
62.3	8.2	-26.3	-36.1	
54.9	5.7	-14.0	-14.0	
62.3	5.7	8.2	0.8	
52.4	10.6	3.2	13.1	
52.4	-6.6	-4.1	15.5	
52.4	-11.5	8.2	-1.7	
62.3	5.7	0.8	0.8	
94.3	10.6	-1.7	-6.6	
94.3	5.7	-11.5	-14.0	
84.4	0.8	-6.6	-14.0	
54.9	-4.1	-16.4	-23.8	
42.6	8.2	-31.2	-9.1	
-1.7	25.4	-23.8	-28.7	
-60.7	45.1	-9.1	-26.3	
-92.7	52.4	-11.5	-31.2	
-87.8	47.5	-18.9	-33.7	
-122.2	47.5	-43.5	-33.7	
-119.8	30.3	-50.9	-16.4	
-75.5	22.9	-36.1	-31.2	
-9.1	35.2	-31.2	-28.7	
-6.6	37.7	-18.9	-23.8	
0.8	30.3	-11.5	-26.3	
20.5	45.1	-11.5	-18.9	
10.6	32.8	-11.5	5.7	
-14.0	42.6	-6.6	0.8	
-28.7	62.3	8.2	-1.7	
-33.7	57.4	15.5	-9.1	
-50.9	57.4	8.2	-4.1	
-38.6	40.1	13.1	-18.9	
-48.4	35.2	13.1	-18.9	
-55.8	54.9	-1.7	-11.5	
-46.0	52.4	8.2	-9.1	
-14.0	40.1	18.0	-6.6	
32.8	47.5	22.9	-9.1	
62.3	47.5	13.1	-6.6	
79.5	32.8	18.0	-9.1	
64.7	50.0	15.5	5.7	
82.0	62.3	15.5	-1.7	
86.9	54.9	5.7	0.8	
47.5	35.2	-4.1	3.2	
8.2	32.8	20.5	5.7	
-1.7	45.1	35.2	-1.7	
-21.4	40.1	37.7	10.6	
0.8	62.3	52.4	5.7	
62.3	69.7	54.9	0.8	
126.2	62.3	54.9	5.7	
168.1	54.9	64.7	5.7	
158.2	45.1	67.2	-1.7	
138.5	59.8	57.4	10.6	
79.5	42.6	54.9	5.7	
32.8	59.8	62.3	8.2	
-33.7	47.5	67.2	0.8	
-77.9	47.5	62.3	5.7	
-85.3	59.8	82.0	18.0	
-122.2	45.1	106.6	-4.1	
-117.3	37.7	104.1	0.8	
-65.6	27.8	96.7	-9.1	
-38.6	27.8	91.8	5.7	
-41.0	20.5	52.4	0.8	
-31.2	30.3	32.8	-6.6	
8.2	32.8	3.2	-11.5	
15.5	42.6	5.7	-9.1	
15.5	45.1	22.9	-1.7	
47.5	15.5	59.8	8.2	
64.7	25.4	99.2	0.8	
74.6	37.7	89.3	-6.6	
79.5	47.5	79.5	-16.4	
74.6	99.2	77.0	-21.4	
50.0	121.3	57.4	-9.1	
45.1	77.0	47.5	-1.7	
40.1	45.1	47.5	-28.7	
32.8	18.0	77.0	-31.2	
-4.1	0.8	72.1	-43.5	
-31.2	18.0	67.2	-48.4	
-48.4	37.7	37.7	-26.3	
-46.0	35.2	37.7	-9.1	
-33.7	32.8	27.8	25.4	
-23.8	35.2	5.7	37.7	
-16.4	50.0	-43.5	30.3	
-11.5	37.7	-87.8	-6.6	
-9.1	22.9	-82.9	-41.0	
-4.1	32.8	-70.6	-28.7	
3.2	25.4	-28.7	-18.9	
15.5	37.7	8.2	-14.0	
25.4	45.1	25.4	-18.9	
35.2	72.1	37.7	-38.6	
30.3	50.0	30.3	-28.7	
13.1	50.0	18.0	-6.6	
30.3	50.0	10.6	-16.4	
62.3	54.9	-16.4	-6.6	
101.6	59.8	-9.1	-1.7	
136.1	64.7	-4.1	-18.9	
138.5	64.7	0.8	-16.4	
123.8	47.5	-18.9	15.5	
94.3	57.4	-21.4	42.6	
32.8	52.4	-36.1	27.8	
-11.5	72.1	-31.2	27.8	
-63.2	67.2	-11.5	-6.6	
-102.5	72.1	-1.7	-23.8	
-129.6	69.7	-16.4	-14.0	
-109.9	59.8	-28.7	-1.7	
-77.9	52.4	-31.2	30.3	
-26.3	69.7	-18.9	40.1	
-4.1	72.1	-18.9	35.2	
32.8	74.6	-9.1	45.1	
79.5	32.8	-26.3	74.6	
109.0	0.8	-53.3	67.2	
128.7	54.9	-58.3	40.1	
126.2	57.4	-46.0	8.2	
109.0	50.0	-41.0	-23.8	
77.0	27.8	-41.0	-26.3	
18.0	25.4	-14.0	-18.9	
-16.4	13.1	-1.7	3.2	
-21.4	18.0	-21.4	22.9	
5.7	32.8	-18.9	57.4	
27.8	40.1	-26.3	74.6	
27.8	30.3	-1.7	42.6	
-1.7	20.5	5.7	40.1	
-68.1	25.4	-23.8	27.8	
-90.2	54.9	-28.7	-11.5	
-114.8	59.8	-14.0	-21.4	
-154.2	50.0	-4.1	3.2	
-169.0	59.8	18.0	0.8	
-124.7	45.1	35.2	-14.0	
-50.9	42.6	27.8	-1.7	
27.8	45.1	22.9	13.1	
94.3	42.6	8.2	5.7	
131.2	13.1	22.9	13.1	
141.0	-9.1	37.7	5.7	
126.2	10.6	30.3	-9.1	
101.6	25.4	18.0	-14.0	
84.4	30.3	5.7	-9.1	
37.7	32.8	-33.7	-21.4	
22.9	37.7	-53.3	-28.7	
8.2	27.8	-48.4	-16.4	
-36.1	35.2	-55.8	-28.7	
10.6	32.8	-55.8	-38.6	
45.1	25.4	-53.3	-38.6	
69.7	37.7	-75.5	-41.0	
86.9	37.7	-77.9	-31.2	
72.1	30.3	-53.3	-38.6	
37.7	52.4	-41.0	-36.1	
13.1	22.9	-55.8	-28.7	
-18.9	27.8	-60.7	-46.0	
-60.7	32.8	-50.9	-43.5	
-68.1	30.3	-36.1	-28.7	
-53.3	22.9	-43.5	-38.6	
-46.0	13.1	-60.7	-31.2	
-18.9	18.0	-68.1	-28.7	
8.2	8.2	-85.3	-38.6	
8.2	22.9	-90.2	-43.5	
27.8	20.5	-97.6	-36.1	
40.1	15.5	-68.1	-28.7	
59.8	8.2	-63.2	-21.4	
47.5	15.5	-53.3	-36.1	
27.8	27.8	-70.6	-26.3	
40.1	18.0	-92.7	-28.7	
35.2	25.4	-70.6	-38.6	
3.2	20.5	-60.7	-50.9	
-6.6	13.1	-41.0	-21.4	
15.5	18.0	-48.4	-11.5	
45.1	18.0	-48.4	-16.4	
54.9	15.5	-33.7	-14.0	
59.8	30.3	-36.1	5.7	
62.3	20.5	-33.7	20.5	
45.1	15.5	-28.7	10.6	
40.1	37.7	-18.9	10.6	
27.8	25.4	-26.3	3.2	
-6.6	27.8	-14.0	8.2	
-46.0	32.8	-23.8	15.5	
-58.3	35.2	15.5	30.3	
-58.3	42.6	18.0	18.0	
-41.0	22.9	10.6	-1.7	
-23.8	22.9	52.4	13.1	
20.5	22.9	74.6	20.5	
37.7	32.8	79.5	40.1	
45.1	25.4	64.7	18.0	
77.0	37.7	52.4	20.5	
113.9	22.9	35.2	32.8	
118.9	27.8	13.1	22.9	
104.1	32.8	-1.7	0.8	
79.5	18.0	-26.3	-1.7	
57.4	18.0	-1.7	-23.8	
22.9	22.9	10.6	-9.1	
-16.4	18.0	42.6	-1.7	
-46.0	20.5	54.9	-18.9	
-100.1	25.4	69.7	-14.0	
-139.4	35.2	74.6	-4.1	
-124.7	25.4	89.3	-16.4	
-77.9	25.4	104.1	-11.5	
-33.7	22.9	111.5	-18.9	
15.5	22.9	101.6	-28.7	
45.1	20.5	101.6	-14.0	
59.8	18.0	91.8	-11.5	
72.1	27.8	64.7	-1.7	
89.3	15.5	47.5	-4.1	
91.8	20.5	45.1	-11.5	
77.0	15.5	77.0	-16.4	
47.5	18.0	116.4	-18.9	
3.2	15.5	94.3	-4.1	
0.8	20.5	89.3	-6.6	
0.8	13.1	106.6	-21.4	
-9.1	22.9	111.5	-6.6	
-38.6	27.8	109.0	-11.5	
-38.6	10.6	104.1	-4.1	
-14.0	8.2	77.0	0.8	
30.3	0.8	74.6	-6.6	
37.7	10.6	79.5	-1.7	
32.8	5.7	64.7	-4.1	
35.2	-1.7	79.5	3.2	
57.4	5.7	79.5	-6.6	
79.5	13.1	77.0	10.6	
79.5	18.0	84.4	13.1	
62.3	13.1	96.7	27.8	
25.4	13.1	104.1	15.5	
5.7	15.5	89.3	3.2	
-26.3	8.2	82.0	8.2	
-75.5	10.6	89.3	15.5	
-124.7	15.5	91.8	18.0	
-151.7	15.5	94.3	18.0	
-124.7	18.0	116.4	0.8	
-107.5	25.4	109.0	-16.4	
-58.3	18.0	109.0	-9.1	
-9.1	10.6	123.8	-6.6	
35.2	13.1	128.7	-14.0	
42.6	15.5	123.8	0.8	
32.8	10.6	123.8	10.6	
18.0	5.7	136.1	0.8	
37.7	8.2	96.7	0.8	
84.4	5.7	62.3	-1.7	
104.1	20.5	54.9	10.6	
86.9	8.2	99.2	5.7	
50.0	5.7	113.9	8.2	
30.3	15.5	106.6	18.0	
-4.1	13.1	79.5	25.4	
-21.4	20.5	40.1	-4.1	
-18.9	13.1	35.2	3.2	
-75.5	8.2	22.9	15.5	
-70.6	8.2	13.1	5.7	
-26.3	15.5	10.6	-1.7	
3.2	18.0	20.5	0.8	
54.9	22.9	15.5	8.2	
74.6	25.4	13.1	20.5	
69.7	30.3	8.2	-1.7	
62.3	18.0	0.8	-18.9	
40.1	18.0	-28.7	-11.5	
35.2	20.5	-38.6	-14.0	
13.1	25.4	-33.7	-1.7	
-11.5	15.5	-28.7	-14.0	
-16.4	13.1	-53.3	-6.6	
-4.1	15.5	-75.5	3.2	
-16.4	15.5	-73.0	-6.6	
-6.6	15.5	-87.8	0.8	
10.6	18.0	-85.3	0.8	
13.1	8.2	-82.9	-9.1	
13.1	8.2	-102.5	-4.1	
-1.7	15.5	-92.7	-4.1	
-16.4	15.5	-80.4	-1.7	
-1.7	15.5	-58.3	-1.7	
-9.1	5.7	-53.3	8.2	
0.8	-18.9	-63.2	18.0	
-9.1	-14.0	-97.6	8.2	
-16.4	-16.4	-73.0	5.7	
0.8	0.8	-14.0	13.1	
22.9	3.2	-9.1	8.2	
69.7	10.6	-4.1	20.5	
86.9	0.8	3.2	-4.1	
94.3	0.8	-26.3	15.5	
111.5	5.7	-77.9	15.5	
82.0	-4.1	-105.0	18.0	
84.4	5.7	-141.9	30.3	
89.3	0.8	-129.6	30.3	
104.1	-9.1	-60.7	22.9	
89.3	-6.6	3.2	27.8	
57.4	-1.7	10.6	22.9	
40.1	-1.7	15.5	40.1	
57.4	0.8	27.8	47.5	
57.4	8.2	22.9	45.1	
20.5	0.8	30.3	35.2	
-14.0	-1.7	8.2	-1.7	
-43.5	5.7	0.8	25.4	
-26.3	-4.1	10.6	54.9	
-18.9	-1.7	32.8	47.5	
-31.2	-6.6	27.8	22.9	
-60.7	10.6	54.9	40.1	
-82.9	-1.7	52.4	45.1	
-95.2	13.1	57.4	25.4	
-75.5	22.9	47.5	40.1	
-53.3	20.5	50.0	40.1	
-9.1	22.9	67.2	62.3	
15.5	20.5	77.0	45.1	
59.8	18.0	84.4	52.4	
111.5	22.9	79.5	42.6	
153.3	10.6	64.7	42.6	
141.0	5.7	82.0	37.7	
89.3	0.8	96.7	54.9	
32.8	0.8	72.1	72.1	
-11.5	0.8	89.3	59.8	
-50.9	18.0	104.1	67.2	
-85.3	8.2	123.8	57.4	
-80.4	-6.6	126.2	47.5	
-63.2	25.4	128.7	59.8	
32.8	20.5	121.3	54.9	
79.5	13.1	123.8	54.9	
109.0	18.0	99.2	52.4	
104.1	20.5	94.3	54.9	
59.8	-11.5	84.4	25.4	
15.5	-4.1	84.4	32.8	
-6.6	-4.1	113.9	50.0	
-53.3	5.7	138.5	54.9	
-60.7	10.6	155.8	40.1	
-75.5	0.8	155.8	47.5	
-87.8	-1.7	126.2	50.0	
-80.4	13.1	116.4	32.8	
-33.7	20.5	143.5	37.7	
-11.5	27.8	126.2	30.3	
-14.0	8.2	128.7	25.4	
-14.0	13.1	150.8	20.5	
10.6	30.3	185.3	15.5	
8.2	35.2	168.1	-4.1	
-14.0	5.7	168.1	-9.1	
18.0	15.5	185.3	-9.1	
47.5	20.5	158.2	0.8	
47.5	15.5	160.7	25.4	
57.4	8.2	158.2	37.7	
72.1	10.6	180.4	40.1	
57.4	-1.7	158.2	25.4	
5.7	-23.8	173.0	8.2	
8.2	-43.5	175.4	-16.4	
37.7	-63.2	192.7	5.7	
82.0	-55.8	173.0	37.7	
57.4	-48.4	136.1	72.1	
40.1	-38.6	148.4	57.4	
13.1	18.0	163.1	22.9	
-4.1	57.4	160.7	-11.5	
13.1	101.6	153.3	-43.5	
50.0	96.7	123.8	-36.1	
79.5	42.6	113.9	-11.5	
35.2	18.0	94.3	13.1	
25.4	27.8	106.6	25.4	
-9.1	30.3	109.0	25.4	
-33.7	10.6	109.0	32.8	
-31.2	18.0	99.2	25.4	
-28.7	27.8	89.3	20.5	
-50.9	5.7	82.0	40.1	
-41.0	13.1	47.5	47.5	
15.5	15.5	37.7	54.9	
52.4	13.1	18.0	52.4	
25.4	5.7	5.7	59.8	
20.5	18.0	-38.6	50.0	
54.9	30.3	-23.8	77.0	
74.6	25.4	-18.9	89.3	
57.4	18.0	-26.3	72.1	
-1.7	22.9	-28.7	79.5	
-21.4	25.4	-36.1	89.3	
-21.4	30.3	-28.7	96.7	
-21.4	27.8	-53.3	82.0	
-6.6	30.3	-73.0	54.9	
5.7	22.9	-68.1	52.4	
50.0	18.0	-77.9	57.4	
94.3	22.9	-75.5	64.7	
113.9	35.2	-80.4	57.4	
79.5	35.2	-75.5	72.1	
47.5	30.3	-87.8	54.9	
-16.4	30.3	-97.6	47.5	
-48.4	45.1	-109.9	47.5	
-90.2	40.1	-122.2	50.0	
-100.1	37.7	-132.1	50.0	
-124.7	40.1	-159.1	57.4	
-100.1	27.8	-166.5	42.6	
-68.1	30.3	-173.9	10.6	
-70.6	35.2	-181.3	40.1	
-68.1	37.7	-196.0	30.3	
-18.9	42.6	-178.8	37.7	
0.8	50.0	-186.2	25.4	
20.5	47.5	-173.9	5.7	
42.6	42.6	-181.3	18.0	
45.1	37.7	-166.5	10.6	
47.5	42.6	-173.9	27.8	
54.9	35.2	-166.5	52.4	
25.4	30.3	-132.1	42.6	
45.1	40.1	-137.0	25.4	
59.8	37.7	-127.1	10.6	
59.8	42.6	-129.6	-9.1	
50.0	32.8	-107.5	3.2	
25.4	32.8	-139.4	8.2	
15.5	30.3	-129.6	-11.5	
32.8	30.3	-75.5	-9.1	
54.9	32.8	-36.1	13.1	
74.6	27.8	-11.5	10.6	
54.9	22.9	-11.5	-14.0	
45.1	35.2	13.1	-28.7	
69.7	22.9	35.2	-11.5	
106.6	22.9	27.8	22.9	
101.6	25.4	40.1	62.3	
69.7	35.2	57.4	3.2	
3.2	25.4	67.2	-97.6	
-38.6	30.3	89.3	-154.2	
-38.6	27.8	104.1	-46.0	
-28.7	35.2	128.7	59.8	
-46.0	30.3	138.5	27.8	
-87.8	40.1	155.8	-18.9	
-107.5	47.5	150.8	-55.8	
-100.1	50.0	153.3	-23.8	
-92.7	45.1	148.4	3.2	
-77.9	47.5	131.2	37.7	
-65.6	50.0	126.2	37.7	
-60.7	52.4	123.8	8.2	
-28.7	42.6	106.6	-16.4	
35.2	37.7	109.0	-21.4	
84.4	45.1	116.4	3.2	
123.8	40.1	126.2	-14.0	
168.1	35.2	145.9	-36.1	
185.3	37.7	158.2	-21.4	
195.1	50.0	165.6	-36.1	
170.5	40.1	173.0	0.8	
121.3	47.5	190.2	101.6	
42.6	54.9	185.3	113.9	
-26.3	40.1	185.3	52.4	
-68.1	59.8	165.6	52.4	
-114.8	35.2	168.1	50.0	
-166.5	50.0	163.1	-41.0	
-169.0	74.6	168.1	-90.2	
-124.7	62.3	190.2	-235.4	
-100.1	54.9	209.9	-169.0	
-65.6	42.6	209.9	-124.7	
-33.7	52.4	200.0	-33.7	
32.8	37.7	165.6	-9.1	
131.2	35.2	118.9	-107.5	
229.6	54.9	77.0	-232.9	
254.2	57.4	30.3	-129.6	
192.7	50.0	-38.6	190.2	
133.6	52.4	-100.1	369.8	
74.6	52.4	-137.0	293.5	
18.0	37.7	-159.1	155.8	
-21.4	32.8	-159.1	86.9	
-114.8	32.8	-139.4	-11.5	
-240.3	27.8	-117.3	180.4	
-237.8	32.8	-97.6	192.7	
-154.2	47.5	-68.1	141.0	
-36.1	35.2	-33.7	-36.1	
27.8	42.6	-14.0	-60.7	
62.3	27.8	8.2	-46.0	
64.7	35.2	25.4	-301.8	
52.4	13.1	40.1	-437.1	
47.5	5.7	37.7	-282.1	
32.8	32.8	40.1	-139.4	
22.9	40.1	40.1	-213.2	
27.8	15.5	32.8	-213.2	
52.4	20.5	35.2	3.2	
82.0	35.2	27.8	-198.5	
111.5	42.6	35.2	-85.3	
111.5	32.8	32.8	13.1	
91.8	15.5	27.8	251.7	
59.8	-9.1	50.0	192.7	
18.0	-1.7	59.8	57.4	
-31.2	3.2	64.7	170.5	
-75.5	10.6	79.5	-95.2	
-114.8	13.1	99.2	40.1	
-114.8	15.5	106.6	-36.1	
-124.7	5.7	123.8	-134.5	
-80.4	18.0	133.6	-122.2	
-26.3	40.1	133.6	-151.7	
15.5	35.2	133.6	-171.4	
84.4	32.8	136.1	-149.3	
133.6	-1.7	138.5	-134.5	
121.3	-41.0	141.0	-127.1	
101.6	-36.1	138.5	-102.5	
72.1	-9.1	126.2	-50.9	
37.7	15.5	118.9	-114.8	
18.0	10.6	113.9	-139.4	
0.8	18.0	106.6	-200.9	
-16.4	22.9	113.9	-90.2	
-9.1	-31.2	109.0	-97.6	
-4.1	-23.8	99.2	-55.8	
18.0	-6.6	82.0	0.8	
52.4	-6.6	94.3	-46.0	
37.7	-4.1	99.2	-149.3	
8.2	8.2	89.3	-188.6	
-14.0	37.7	72.1	-242.8	
13.1	22.9	59.8	-326.4	
27.8	-14.0	69.7	-250.1	
3.2	-9.1	69.7	-213.2	
8.2	-4.1	72.1	-63.2	
15.5	3.2	77.0	-58.3	
32.8	8.2	72.1	-102.5	
18.0	3.2	86.9	-132.1	
-4.1	5.7	89.3	-191.1	
-36.1	8.2	74.6	-77.9	
-38.6	-23.8	82.0	-46.0	
13.1	-28.7	64.7	-314.1	
27.8	-6.6	94.3	-336.2	
35.2	3.2	99.2	-218.2	
27.8	-4.1	82.0	-245.2	
67.2	3.2	62.3	-198.5	
104.1	15.5	64.7	-75.5	
121.3	0.8	67.2	-23.8	
131.2	3.2	35.2	-90.2	
136.1	37.7	-4.1	-23.8	
101.6	20.5	-6.6	32.8	
57.4	-11.5	-9.1	-134.5	
52.4	-23.8	-4.1	-107.5	
5.7	-9.1	-38.6	121.3	
-68.1	8.2	-36.1	74.6	
-102.5	18.0	-4.1	27.8	
-129.6	18.0	-18.9	86.9	
-132.1	5.7	-23.8	13.1	
-114.8	-1.7	-38.6	5.7	
-73.0	-23.8	-55.8	-4.1	
-60.7	-41.0	-70.6	-109.9	
-58.3	-21.4	-55.8	-141.9	
-33.7	15.5	-65.6	32.8	
-21.4	18.0	-63.2	121.3	
-9.1	25.4	-73.0	-28.7	
32.8	40.1	-70.6	-171.4	
99.2	67.2	-68.1	-109.9	
111.5	47.5	-77.9	-73.0	
96.7	22.9	-85.3	62.3	
77.0	20.5	-68.1	197.6	
35.2	18.0	-75.5	126.2	
15.5	30.3	-70.6	45.1	
-18.9	42.6	-73.0	50.0	
-58.3	25.4	-65.6	-87.8	
-85.3	50.0	-53.3	-100.1	
-77.9	40.1	-46.0	27.8	
-33.7	20.5	-43.5	131.2	
0.8	8.2	-26.3	50.0	
13.1	5.7	-21.4	-141.9	
22.9	22.9	-14.0	94.3	
15.5	15.5	-16.4	278.8	
30.3	79.5	3.2	470.6	
32.8	89.3	20.5	202.5	
25.4	79.5	37.7	-250.1	
40.1	79.5	52.4	-348.5	
62.3	37.7	64.7	35.2	
84.4	15.5	59.8	241.9	
109.0	32.8	67.2	261.5	
128.7	64.7	64.7	438.7	
109.0	62.3	79.5	232.0	
84.4	74.6	72.1	197.6	
35.2	62.3	69.7	185.3	
5.7	67.2	86.9	182.8	
3.2	79.5	82.0	246.8	
5.7	69.7	89.3	207.4	
-31.2	30.3	89.3	42.6	
-28.7	13.1	82.0	-183.7	
-36.1	8.2	79.5	212.3	
-33.7	-9.1	62.3	254.2	
-28.7	-4.1	79.5	8.2	
-43.5	-1.7	72.1	-28.7	
-41.0	32.8	72.1	268.9	
-28.7	32.8	82.0	273.8	
10.6	27.8	57.4	150.8	
47.5	13.1	54.9	77.0	
86.9	10.6	47.5	131.2	
109.0	-4.1	35.2	197.6	
89.3	32.8	35.2	209.9	
89.3	50.0	30.3	200.0	
104.1	45.1	30.3	173.0	
72.1	50.0	15.5	57.4	
-9.1	50.0	3.2	150.8	
-26.3	32.8	0.8	227.1	
3.2	62.3	8.2	224.6	
25.4	50.0	-9.1	185.3	
22.9	15.5	-18.9	104.1	
-21.4	10.6	-6.6	-11.5	
-73.0	3.2	-21.4	20.5	
-97.6	13.1	-26.3	118.9	
-107.5	-1.7	-1.7	57.4	
-58.3	10.6	-16.4	72.1	
-38.6	27.8	3.2	345.2	
-46.0	32.8	-9.1	318.1	
-53.3	45.1	-14.0	121.3	
-9.1	37.7	-28.7	30.3	
32.8	27.8	-26.3	-53.3	
35.2	25.4	-43.5	-360.8	
18.0	25.4	-36.1	-70.6	
42.6	25.4	-60.7	-41.0	
99.2	45.1	-60.7	128.7	
91.8	37.7	-70.6	389.5	
50.0	32.8	-90.2	556.7	
8.2	32.8	-105.0	337.8	
-1.7	22.9	-132.1	-316.6	
-18.9	47.5	-149.3	-183.7	
-31.2	69.7	-151.7	-178.8	
0.8	64.7	-191.1	-50.9	
-6.6	69.7	-203.4	101.6	
3.2	72.1	-232.9	209.9	
5.7	74.6	-257.5	50.0	
10.6	59.8	-287.0	-9.1	
-11.5	67.2	-314.1	-28.7	
-38.6	62.3	-343.6	3.2	
-68.1	54.9	-358.4	45.1	
-48.4	74.6	-370.7	30.3	
-4.1	79.5	-368.2	-73.0	
57.4	62.3	-375.6	42.6	
118.9	57.4	-383.0	-38.6	
163.1	59.8	-370.7	-68.1	
160.7	50.0	-383.0	-48.4	
116.4	59.8	-368.2	-77.9	
86.9	82.0	-363.3	-151.7	
42.6	89.3	-370.7	-9.1	
-4.1	57.4	-353.5	35.2	
-21.4	-14.0	-353.5	-95.2	
-28.7	-21.4	-351.0	-80.4	
-41.0	3.2	-338.7	-41.0	
-18.9	15.5	-328.9	10.6	
-33.7	0.8	-319.0	-132.1	
-55.8	18.0	-321.5	10.6	
-55.8	-16.4	-314.1	-18.9	
-95.2	-28.7	-316.6	182.8	
-87.8	-23.8	-326.4	15.5	
-46.0	-14.0	-333.8	-156.7	
57.4	-21.4	-355.9	-193.6	
101.6	-16.4	-383.0	-237.8	
101.6	-18.9	-390.4	-331.3	
54.9	-14.0	-412.5	-50.9	
37.7	8.2	-437.1	57.4	
40.1	42.6	-444.5	-63.2	
25.4	59.8	-444.5	-82.9	
-4.1	59.8	-456.8	-90.2	
-65.6	69.7	-459.2	-65.6	
-90.2	94.3	-442.0	-63.2	
-70.6	104.1	-412.5	67.2	
-53.3	89.3	-400.2	-92.7	
-4.1	82.0	-370.7	-437.1	
-1.7	64.7	-348.5	-417.4	
18.0	32.8	-341.2	-474.0	
64.7	18.0	-301.8	-380.5	
123.8	37.7	-277.2	69.7	
131.2	57.4	-267.4	241.9	
123.8	52.4	-242.8	-41.0	
113.9	57.4	-218.2	-87.8	
69.7	57.4	-183.7	-85.3	
22.9	54.9	-144.4	82.0	
0.8	50.0	-137.0	116.4	
-33.7	57.4	-112.4	82.0	
-50.9	47.5	-109.9	-119.8	
-41.0	50.0	-92.7	-100.1	
-11.5	45.1	-68.1	-95.2	
-11.5	59.8	-50.9	-178.8	
-28.7	50.0	-38.6	-205.9	
-23.8	25.4	-33.7	-181.3	
-58.3	20.5	-21.4	-149.3	
-58.3	30.3	-21.4	160.7	
-31.2	52.4	-14.0	25.4	
8.2	47.5	-11.5	-191.1	
42.6	37.7	-9.1	-358.4	
25.4	54.9	-31.2	-338.7	
32.8	67.2	-23.8	-146.8	
18.0	57.4	-26.3	-21.4	
-4.1	50.0	-50.9	-141.9	
-68.1	40.1	-48.4	-215.7	
-117.3	27.8	-58.3	-196.0	
-117.3	10.6	-58.3	-178.8	
-73.0	40.1	-68.1	-73.0	
-31.2	50.0	-60.7	0.8	
-16.4	50.0	-70.6	-23.8	
18.0	27.8	-55.8	45.1	
42.6	25.4	-58.3	138.5	
82.0	40.1	-58.3	259.1	
113.9	32.8	-53.3	106.6	
153.3	47.5	-60.7	18.0	
212.3	32.8	-68.1	-53.3	
236.9	40.1	-73.0	-326.4	
232.0	30.3	-87.8	-134.5	
190.2	30.3	-85.3	94.3	
84.4	35.2	-95.2	150.8	
-58.3	35.2	-114.8	286.1	
-164.0	54.9	-137.0	296.0	
-186.2	74.6	-173.9	-144.4	
-215.7	77.0	-196.0	-439.6	
-213.2	67.2	-225.5	-304.3	
-146.8	89.3	-257.5	-235.4	
-53.3	69.7	-282.1	-255.1	
-1.7	57.4	-301.8	-156.7	
50.0	30.3	-333.8	-85.3	
57.4	10.6	-348.5	396.8	
54.9	-18.9	-343.6	214.8	
40.1	-28.7	-292.0	133.6	
45.1	-18.9	-250.1	158.2	
57.4	42.6	-188.6	335.3	
72.1	79.5	-127.1	379.6	
79.5	59.8	-55.8	35.2	
104.1	3.2	15.5	-333.8	
94.3	3.2	94.3	-636.4	
54.9	37.7	143.5	-360.8	
-26.3	47.5	192.7	18.0	
-73.0	52.4	232.0	229.6	
-65.6	32.8	278.8	104.1	
-43.5	35.2	281.2	32.8	
3.2	67.2	315.7	133.6	
47.5	64.7	337.8	259.1	
62.3	37.7	377.2	165.6	
89.3	30.3	411.6	18.0	
113.9	32.8	419.0	-28.7	
118.9	40.1	411.6	123.8	
89.3	30.3	374.7	123.8	
25.4	13.1	303.4	126.2	
-18.9	22.9	232.0	123.8	
-33.7	42.6	182.8	82.0	
-48.4	42.6	205.0	3.2	
-65.6	52.4	236.9	-65.6	
-58.3	62.3	268.9	-105.0	
-38.6	59.8	283.7	131.2	
-21.4	62.3	308.3	113.9	
3.2	37.7	347.6	-28.7	
18.0	27.8	379.6	-166.5	
8.2	40.1	394.4	25.4	
-23.8	37.7	357.5	94.3	
-36.1	10.6	283.7	5.7	
-53.3	-1.7	185.3	180.4	
-55.8	15.5	77.0	118.9	
-60.7	27.8	-21.4	-23.8	
-41.0	30.3	-109.9	-220.6	
-23.8	25.4	-173.9	-208.3	
-14.0	32.8	-198.5	-198.5	
0.8	32.8	-200.9	165.6	
27.8	35.2	-196.0	711.7	
59.8	22.9	-166.5	249.2	
72.1	35.2	-102.5	0.8	
59.8	35.2	-46.0	133.6	
57.4	18.0	22.9	138.5	
45.1	13.1	111.5	-26.3	
18.0	27.8	180.4	123.8	
20.5	40.1	254.2	300.9	
18.0	27.8	300.9	106.6	
52.4	37.7	328.0	-117.3	
116.4	22.9	350.1	-205.9	
150.8	30.3	330.4	-21.4	
141.0	20.5	273.8	32.8	
82.0	22.9	239.4	99.2	
32.8	47.5	207.4	116.4	
30.3	37.7	148.4	32.8	
37.7	30.3	109.0	-4.1	
-21.4	35.2	47.5	64.7	
-87.8	52.4	-14.0	79.5	
-102.5	42.6	-60.7	158.2	
-58.3	42.6	-77.9	141.0	
-26.3	35.2	-97.6	20.5	
0.8	32.8	-95.2	0.8	
18.0	30.3	-85.3	-70.6	
-18.9	15.5	-80.4	79.5	
-65.6	27.8	-58.3	123.8	
-77.9	22.9	-38.6	72.1	
-26.3	42.6	-23.8	175.4	
0.8	37.7	-23.8	96.7	
22.9	35.2	-14.0	136.1	
35.2	47.5	-14.0	99.2	
50.0	64.7	-26.3	22.9	
67.2	37.7	37.7	212.3	
62.3	40.1	64.7	318.1	
59.8	42.6	74.6	67.2	
89.3	45.1	47.5	-14.0	
59.8	20.5	35.2	128.7	
35.2	8.2	30.3	296.0	
8.2	20.5	15.5	232.0	
-16.4	42.6	25.4	18.0	
-23.8	42.6	15.5	37.7	
-33.7	35.2	0.8	79.5	
-58.3	35.2	-18.9	180.4	
-46.0	35.2	-50.9	-36.1	
-21.4	47.5	-55.8	158.2	
20.5	35.2	-75.5	308.3	
25.4	47.5	-75.5	232.0	
27.8	25.4	-82.9	-73.0	
74.6	-18.9	-109.9	315.7	
128.7	-23.8	-137.0	224.6	
138.5	8.2	-203.4	-117.3	
113.9	8.2	-245.2	-95.2	
82.0	-9.1	-260.0	-144.4	
59.8	0.8	-242.8	246.8	
30.3	8.2	-242.8	753.5	
-1.7	10.6	-230.5	441.1	
-63.2	40.1	-242.8	234.5	
-95.2	67.2	-237.8	350.1	
-134.5	50.0	-262.4	202.5	
-146.8	32.8	-274.7	-18.9	
-141.9	57.4	-292.0	84.4	
-95.2	47.5	-311.6	300.9	
-63.2	32.8	-336.2	470.6	
5.7	20.5	-353.5	399.3	
59.8	27.8	-353.5	195.1	
79.5	32.8	-358.4	-31.2	
106.6	22.9	-358.4	-213.2	
106.6	32.8	-358.4	-309.2	
77.0	30.3	-351.0	15.5	
30.3	20.5	-338.7	323.0	
40.1	20.5	-326.4	273.8	
45.1	35.2	-309.2	121.3	
37.7	22.9	-287.0	67.2	
45.1	27.8	-252.6	109.0	
-16.4	20.5	-218.2	131.2	
-36.1	25.4	-178.8	64.7	
-28.7	18.0	-119.8	-169.0	
-11.5	18.0	-65.6	74.6	
-16.4	30.3	-21.4	340.3	
8.2	45.1	40.1	241.9	
42.6	30.3	106.6	150.8	
35.2	30.3	175.4	234.5	
3.2	18.0	234.5	5.7	
-16.4	42.6	310.7	3.2	
-16.4	15.5	369.8	109.0	
10.6	30.3	421.4	298.4	
0.8	37.7	478.0	-134.5	
-11.5	18.0	544.4	3.2	
-28.7	35.2	598.6	-287.0	
-43.5	30.3	657.6	-309.2	
-31.2	30.3	719.1	30.3	
-43.5	35.2	770.8	128.7	
-87.8	20.5	817.5	315.7	
-50.9	18.0	866.7	394.4	
-14.0	35.2	911.0	180.4	
37.7	20.5	979.9	141.0	
91.8	27.8	1043.8	219.7	
111.5	20.5	1083.2	209.9	
96.7	32.8	1122.5	72.1	
67.2	20.5	1164.4	-21.4	
47.5	5.7	1193.9	40.1	
0.8	13.1	1225.9	5.7	
-53.3	22.9	1218.5	-21.4	
-50.9	15.5	1228.3	37.7	
-38.6	18.0	1243.1	47.5	
-21.4	15.5	1260.3	47.5	
-1.7	20.5	1250.5	45.1	
-4.1	25.4	1248.0	20.5	
-1.7	-9.1	1218.5	0.8	
-1.7	-6.6	1161.9	-28.7	
25.4	30.3	1159.4	-33.7	
72.1	20.5	1179.1	-46.0	
99.2	40.1	1174.2	-6.6	
128.7	5.7	1184.0	20.5	
138.5	32.8	1189.0	-4.1	
155.8	40.1	1142.2	-46.0	
138.5	20.5	1016.8	-36.1	
113.9	18.0	898.7	-28.7	
54.9	15.5	743.7	-41.0	
-6.6	8.2	542.0	-46.0	
-43.5	30.3	330.4	-23.8	
-46.0	57.4	141.0	-23.8	
-6.6	67.2	15.5	-21.4	
15.5	59.8	-92.7	-26.3	
30.3	20.5	-171.4	-28.7	
-4.1	-1.7	-223.1	-38.6	
-46.0	10.6	-257.5	-28.7	
-63.2	3.2	-292.0	-38.6	
-95.2	-1.7	-331.3	13.1	
-112.4	8.2	-380.5	3.2	
-73.0	-1.7	-417.4	-1.7	
-18.9	22.9	-464.2	3.2	
15.5	10.6	-466.6	-18.9	
52.4	5.7	-469.1	-23.8	
77.0	3.2	-449.4	25.4	
99.2	13.1	-397.7	89.3	
59.8	10.6	-341.2	10.6	
32.8	27.8	-289.5	22.9	
22.9	3.2	-296.9	59.8	
18.0	18.0	-292.0	27.8	
15.5	30.3	-299.3	0.8	
18.0	20.5	-331.3	-6.6	
-11.5	22.9	-385.4	54.9	
-48.4	-14.0	-451.9	25.4	
-87.8	-33.7	-478.9	32.8	
-73.0	-26.3	-506.0	37.7	
-105.0	18.0	-513.4	-16.4	
-90.2	22.9	-535.5	-100.1	
-33.7	5.7	-538.0	173.0	
64.7	-4.1	-520.7	22.9	
138.5	10.6	-483.8	-92.7	
180.4	3.2	-373.1	-31.2	
177.9	-21.4	-124.7	8.2	
121.3	-9.1	244.3	192.7	
77.0	-4.1	719.1	-144.4	
0.8	-9.1	1189.0	-114.8	
-68.1	-21.4	1609.6	-178.8	
-68.1	-26.3	1956.5	-164.0	
-53.3	-26.3	2246.8	133.6	
18.0	-18.9	2453.4	202.5	
59.8	-4.1	2598.5	109.0	
54.9	-4.1	2667.4	-73.0	
45.1	5.7	2721.5	-193.6	
52.4	15.5	2758.4	15.5	
15.5	35.2	2788.0	-156.7	
-16.4	0.8	2743.7	42.6	
-50.9	-33.7	2605.9	660.1	
-92.7	0.8	2352.5	310.7	
-134.5	35.2	2040.1	-176.3	
-114.8	32.8	1678.5	-146.8	
-65.6	15.5	1351.3	-31.2	
-28.7	45.1	1046.3	-82.9	
-14.0	57.4	765.8	244.3	
20.5	25.4	524.8	185.3	
50.0	22.9	305.8	111.5	
54.9	0.8	86.9	-173.9	
64.7	-4.1	-144.4	-274.7	
64.7	-16.4	-360.8	-139.4	
37.7	-18.9	-555.2	27.8	
5.7	30.3	-759.4	-77.9	
-11.5	35.2	-948.8	64.7	
13.1	18.0	-1106.2	-6.6	
54.9	22.9	-1234.1	-28.7	
74.6	25.4	-1293.2	-43.5	
50.0	50.0	-1303.0	-46.0	
50.0	37.7	-1293.2	-73.0	
45.1	13.1	-1234.1	-9.1	
57.4	18.0	-1157.9	57.4	
40.1	5.7	-1042.3	57.4	
27.8	-4.1	-902.0	-176.3	
25.4	5.7	-752.0	-176.3	
30.3	13.1	-565.0	-82.9	
25.4	20.5	-385.4	-85.3	
20.5	20.5	-203.4	-112.4	
15.5	22.9	-43.5	-132.1	
13.1	32.8	86.9	-95.2	
22.9	25.4	177.9	-65.6	
15.5	25.4	222.2	-107.5	
-1.7	22.9	232.0	-92.7	
-6.6	25.4	187.7	-97.6	
-36.1	32.8	136.1	-97.6	
-38.6	25.4	57.4	-53.3	
-28.7	22.9	-55.8	-156.7	
-26.3	30.3	-171.4	-156.7	
-26.3	37.7	-287.0	-154.2	
-14.0	27.8	-402.7	-149.3	
8.2	8.2	-498.6	-33.7	
22.9	10.6	-592.1	-36.1	
45.1	20.5	-661.0	-73.0	
30.3	15.5	-724.9	-97.6	
35.2	15.5	-761.8	-119.8	
35.2	32.8	-769.2	-119.8	
40.1	25.4	-781.5	-65.6	
25.4	18.0	-761.8	-97.6	
27.8	13.1	-752.0	-60.7	
25.4	10.6	-734.8	-14.0	
30.3	10.6	-695.4	-137.0	
18.0	10.6	-680.6	-129.6	
22.9	20.5	-641.3	-109.9	
42.6	10.6	-601.9	-92.7	
45.1	10.6	-545.3	-105.0	
47.5	22.9	-488.8	-97.6	
62.3	-1.7	-422.3	-73.0	
59.8	5.7	-397.7	-65.6	
59.8	0.8	-378.1	-97.6	
54.9	-9.1	-341.2	-70.6	
52.4	5.7	-326.4	-63.2	
20.5	8.2	-287.0	-73.0	
3.2	0.8	-255.1	-23.8	
-4.1	8.2	-260.0	-100.1	
-9.1	10.6	-274.7	-112.4	
-11.5	5.7	-274.7	-58.3	
-1.7	5.7	-287.0	-63.2	
0.8	-1.7	-299.3	-48.4	
8.2	-9.1	-314.1	-18.9	
15.5	8.2	-314.1	-33.7	
52.4	5.7	-336.2	-43.5	
59.8	5.7	-321.5	0.8	
52.4	22.9	-326.4	20.5	
50.0	20.5	-323.9	-11.5	
72.1	5.7	-301.8	-11.5	
89.3	5.7	-235.4	-9.1	
126.2	5.7	-205.9	27.8	
104.1	8.2	-181.3	40.1	
47.5	0.8	-181.3	-58.3	
-26.3	-21.4	-173.9	-95.2	
-55.8	8.2	-169.0	104.1	
-58.3	22.9	-178.8	99.2	
-102.5	54.9	-205.9	-240.3	
-183.7	42.6	-213.2	-141.9	
-188.6	22.9	-225.5	5.7	
-149.3	10.6	-230.5	195.1	
-55.8	-9.1	-242.8	69.7	
5.7	-26.3	-264.9	-139.4	
40.1	-18.9	-277.2	74.6	
77.0	-11.5	-292.0	-41.0	
79.5	18.0	-311.6	-250.1	
86.9	15.5	-338.7	-255.1	
69.7	13.1	-355.9	52.4	
25.4	52.4	-363.3	401.8	
3.2	37.7	-375.6	325.5	
-11.5	72.1	-387.9	52.4	
-6.6	50.0	-405.1	52.4	
-11.5	50.0	-412.5	-18.9	
-46.0	52.4	-419.9	-193.6	
-63.2	59.8	-427.3	-181.3	
-50.9	57.4	-417.4	-134.5	
-50.9	54.9	-427.3	-117.3	
-33.7	47.5	-417.4	-171.4	
-1.7	27.8	-415.0	657.6	
35.2	35.2	-402.7	-73.0	
67.2	30.3	-385.4	-60.7	
91.8	47.5	-358.4	236.9	
141.0	13.1	-351.0	207.4	
153.3	-11.5	-336.2	283.7	
86.9	-1.7	-331.3	-208.3	
-6.6	-4.1	-309.2	-232.9	
-97.6	10.6	-306.7	91.8	
-112.4	25.4	-306.7	69.7	
-77.9	20.5	-306.7	111.5	
-21.4	20.5	-306.7	106.6	
42.6	27.8	-296.9	-60.7	
106.6	27.8	-311.6	-87.8	
133.6	52.4	-314.1	-73.0	
116.4	59.8	-316.6	-306.7	
72.1	57.4	-346.1	-166.5	
40.1	50.0	-363.3	-112.4	
3.2	35.2	-383.0	-169.0	
-28.7	37.7	-417.4	-38.6	
-18.9	35.2	-427.3	74.6	
-11.5	37.7	-446.9	47.5	
-55.8	27.8	-459.2	-97.6	
-68.1	15.5	-471.5	-63.2	
-33.7	13.1	-491.2	54.9	
-4.1	32.8	-501.1	-16.4	
30.3	37.7	-508.4	-50.9	
10.6	27.8	-530.6	-55.8	
-9.1	20.5	-552.7	-14.0	
-11.5	25.4	-562.6	-95.2	
-18.9	20.5	-565.0	-55.8	
30.3	27.8	-555.2	-18.9	
84.4	20.5	-538.0	-102.5	
118.9	32.8	-525.7	-80.4	
89.3	27.8	-525.7	104.1	
27.8	30.3	-533.0	-50.9	
5.7	35.2	-542.9	-119.8	
-46.0	22.9	-552.7	-65.6	
-43.5	18.0	-569.9	-63.2	
-11.5	22.9	-601.9	-60.7	
10.6	22.9	-619.1	-28.7	
13.1	30.3	-631.4	-14.0	
10.6	18.0	-638.8	-23.8	
5.7	15.5	-658.5	-4.1	
35.2	32.8	-710.2	-87.8	
67.2	22.9	-737.2	-122.2	
69.7	27.8	-771.7	-68.1	
62.3	25.4	-820.9	45.1	
52.4	20.5	-884.8	-85.3	
25.4	25.4	-943.9	-208.3	
10.6	25.4	-978.3	-183.7	
-28.7	15.5	-1022.6	-205.9	
-82.9	15.5	-1030.0	-213.2	
-117.3	20.5	-1044.7	-70.6	
-77.9	25.4	-1059.5	64.7	
-23.8	20.5	-1089.0	42.6	
32.8	22.9	-1135.7	-21.4	
42.6	10.6	-1157.9	-260.0	
27.8	18.0	-1180.0	-230.5	
35.2	22.9	-1192.3	3.2	
59.8	25.4	-1187.4	45.1	
74.6	27.8	-1170.2	-31.2	
91.8	32.8	-1113.6	-100.1	
86.9	35.2	-1049.6	5.7	
72.1	32.8	-993.1	182.8	
82.0	37.7	-909.4	175.4	
67.2	37.7	-811.0	-36.1	
77.0	40.1	-692.9	-242.8	
67.2	27.8	-569.9	116.4	
32.8	35.2	-501.1	62.3	
-16.4	20.5	-434.6	-139.4	
-46.0	13.1	-331.3	-154.2	
-68.1	13.1	-228.0	-87.8	
-80.4	35.2	-122.2	-80.4	
-82.9	37.7	-31.2	0.8	
-80.4	37.7	52.4	27.8	
-97.6	40.1	133.6	205.0	
-65.6	57.4	200.0	278.8	
-33.7	67.2	266.5	192.7	
27.8	62.3	345.2	-220.6	
79.5	57.4	428.8	-11.5	
74.6	47.5	492.8	298.4	
84.4	42.6	500.2	190.2	
94.3	37.7	539.5	-114.8	
99.2	40.1	596.1	64.7	
74.6	45.1	650.2	195.1	
57.4	32.8	721.6	153.3	
42.6	20.5	775.7	246.8	
18.0	30.3	832.3	57.4	
-9.1	30.3	864.2	192.7	
-28.7	22.9	893.8	50.0	
-46.0	37.7	906.1	54.9	
-38.6	30.3	938.0	202.5	
-33.7	37.7	977.4	-18.9	
-16.4	32.8	982.3	-186.2	
5.7	30.3	987.2	-292.0	
5.7	37.7	997.1	-134.5	
22.9	37.7	1016.8	138.5	
45.1	35.2	1019.2	217.3	
94.3	30.3	1038.9	-26.3	
74.6	25.4	1038.9	396.8	
67.2	13.1	1036.4	328.0	
67.2	20.5	1041.4	-250.1	
37.7	22.9	1036.4	207.4	
-4.1	30.3	1036.4	18.0	
-4.1	22.9	1021.7	54.9	
35.2	37.7	1036.4	268.9	
72.1	25.4	1034.0	202.5	
91.8	42.6	1031.5	8.2	
82.0	57.4	1029.1	-119.8	
32.8	50.0	1019.2	-228.0	
-36.1	37.7	1014.3	-18.9	
-26.3	32.8	1021.7	30.3	
-18.9	20.5	1006.9	-203.4	
-46.0	22.9	1004.5	-525.7	
-63.2	25.4	1002.0	-28.7	
-68.1	35.2	999.5	207.4	
-68.1	47.5	992.2	406.7	
-53.3	47.5	1002.0	276.3	
-1.7	52.4	1002.0	330.4	
35.2	50.0	997.1	315.7	
40.1	32.8	987.2	155.8	
18.0	42.6	999.5	-4.1	
30.3	35.2	984.8	15.5	
25.4	22.9	984.8	123.8	
37.7	15.5	984.8	141.0	
30.3	13.1	977.4	72.1	
18.0	20.5	994.6	-65.6	
-11.5	13.1	1021.7	-132.1	
-23.8	25.4	1026.6	22.9	
-1.7	30.3	1029.1	-159.1	
18.0	25.4	1036.4	-215.7	
10.6	18.0	1036.4	96.7	
-4.1	25.4	1048.7	212.3	
-18.9	15.5	1051.2	79.5	
-18.9	22.9	1051.2	5.7	
-11.5	25.4	1051.2	-63.2	
-11.5	25.4	1048.7	86.9	
10.6	15.5	1011.8	18.0	
27.8	10.6	957.7	-55.8	
25.4	13.1	913.4	25.4	
42.6	15.5	820.0	111.5	
91.8	18.0	736.3	148.4	
94.3	20.5	657.6	62.3	
96.7	25.4	605.9	15.5	
101.6	37.7	546.9	54.9	
54.9	40.1	505.1	-68.1	
-4.1	35.2	431.3	22.9	
-55.8	37.7	357.5	20.5	
-109.9	47.5	278.8	227.1	
-166.5	25.4	207.4	145.9	
-164.0	32.8	148.4	-181.3	
-100.1	22.9	99.2	-341.2	
-58.3	37.7	18.0	-58.3	
-14.0	32.8	-55.8	91.8	
3.2	25.4	-139.4	281.2	
15.5	-1.7	-228.0	401.8	
42.6	8.2	-321.5	155.8	
59.8	18.0	-402.7	42.6	
74.6	15.5	-486.3	57.4	
94.3	22.9	-540.4	54.9	
64.7	42.6	-597.0	-65.6	
45.1	35.2	-658.5	-73.0	
52.4	27.8	-690.5	-41.0	
52.4	10.6	-688.0	175.4	
5.7	15.5	-680.6	320.6	
-48.4	27.8	-661.0	-82.9	
-75.5	30.3	-592.1	-14.0	
-87.8	47.5	-525.7	182.8	
-73.0	37.7	-449.4	190.2	
-65.6	32.8	-375.6	-149.3	
-33.7	22.9	-264.9	32.8	
-23.8	47.5	-141.9	202.5	
-31.2	47.5	-9.1	64.7	
-18.9	32.8	106.6	-18.9	
40.1	35.2	234.5	185.3	
131.2	45.1	389.5	40.1	
121.3	37.7	510.0	-215.7	
106.6	22.9	596.1	-232.9	
74.6	18.0	679.7	-70.6	
50.0	25.4	711.7	67.2	
54.9	25.4	721.6	268.9	
42.6	27.8	672.4	197.6	
-11.5	10.6	635.5	192.7	
-31.2	0.8	569.0	-14.0	
-33.7	18.0	497.7	109.0	
-1.7	25.4	411.6	-1.7	
13.1	27.8	296.0	192.7	
30.3	30.3	222.2	185.3	
27.8	35.2	126.2	-41.0	
8.2	40.1	57.4	-183.7	
-9.1	35.2	-11.5	15.5	
-16.4	32.8	-92.7	298.4	
-4.1	30.3	-171.4	-16.4	
-9.1	30.3	-240.3	10.6	
-6.6	40.1	-287.0	227.1	
-6.6	30.3	-333.8	271.4	
-9.1	32.8	-351.0	-31.2	
-18.9	30.3	-380.5	-18.9	
8.2	37.7	-355.9	-46.0	
-4.1	30.3	-336.2	138.5	
-14.0	32.8	-316.6	59.8	
-11.5	52.4	-262.4	13.1	
-14.0	30.3	-154.2	-4.1	
3.2	40.1	-70.6	-41.0	
-4.1	22.9	-23.8	-173.9	
18.0	27.8	-33.7	-228.0	
30.3	25.4	-63.2	-262.4	
59.8	42.6	-68.1	40.1	
62.3	45.1	-80.4	310.7	
74.6	42.6	-107.5	15.5	
79.5	50.0	-132.1	200.0	
74.6	50.0	-127.1	254.2	
59.8	67.2	-114.8	64.7	
64.7	69.7	-107.5	-60.7	
54.9	54.9	-92.7	-100.1	
52.4	47.5	-77.9	-43.5	
42.6	54.9	-92.7	32.8	
67.2	47.5	-112.4	22.9	
69.7	40.1	-154.2	-149.3	
67.2	30.3	-186.2	131.2	
50.0	40.1	-245.2	212.3	
-16.4	40.1	-316.6	-1.7	
-65.6	52.4	-336.2	-36.1	
-102.5	37.7	-360.8	84.4	
-112.4	67.2	-353.5	-387.9	
-102.5	106.6	-338.7	-277.2	
-85.3	89.3	-306.7	-134.5	
-80.4	82.0	-282.1	45.1	
-43.5	74.6	-257.5	241.9	
0.8	89.3	-228.0	532.1	
35.2	126.2	-230.5	111.5	
30.3	62.3	-252.6	-267.4	
57.4	42.6	-262.4	50.0	
59.8	-14.0	-255.1	118.9	
74.6	-73.0	-267.4	-137.0	
133.6	-77.9	-260.0	-178.8	
158.2	-77.9	-260.0	-109.9	
155.8	-55.8	-252.6	170.5	
128.7	-43.5	-260.0	352.6	
86.9	-23.8	-242.8	150.8	
42.6	-18.9	-232.9	-164.0	
8.2	-21.4	-245.2	-55.8	
-4.1	-31.2	-220.6	64.7	
-28.7	-14.0	-225.5	32.8	
-16.4	-16.4	-237.8	32.8	
13.1	-14.0	-235.4	-112.4	
-18.9	13.1	-237.8	-218.2	
-14.0	13.1	-242.8	-4.1	
-1.7	5.7	-240.3	50.0	
-9.1	5.7	-213.2	40.1	
-53.3	13.1	-176.3	-14.0	
-90.2	32.8	-176.3	3.2	
-122.2	22.9	-164.0	-97.6	
-166.5	-1.7	-164.0	-132.1	
-134.5	5.7	-173.9	-112.4	
-80.4	10.6	-151.7	-9.1	
-14.0	13.1	-159.1	13.1	
18.0	0.8	-154.2	-26.3	
32.8	-16.4	-127.1	-82.9	
64.7	8.2	-105.0	-4.1	
45.1	52.4	-80.4	-21.4	
42.6	22.9	-77.9	-58.3	
27.8	18.0	-53.3	-85.3	
18.0	13.1	-48.4	-55.8	
25.4	13.1	-68.1	-28.7	
22.9	20.5	-75.5	-23.8	
50.0	3.2	-85.3	-41.0	
62.3	5.7	-70.6	-48.4	
74.6	0.8	-68.1	-50.9	
77.0	15.5	-73.0	13.1	
54.9	8.2	-75.5	-16.4	
84.4	18.0	-68.1	-50.9	
94.3	15.5	-70.6	-53.3	
91.8	20.5	-63.2	-43.5	
79.5	18.0	-80.4	8.2	
47.5	22.9	-97.6	15.5	
22.9	25.4	-97.6	-97.6	
27.8	27.8	-85.3	-4.1	
40.1	57.4	-77.9	-90.2	
20.5	45.1	-75.5	-58.3	
-23.8	47.5	-73.0	5.7	
-36.1	27.8	-68.1	62.3	
-21.4	18.0	-75.5	47.5	
0.8	30.3	-87.8	5.7	
15.5	30.3	-95.2	45.1	
-4.1	25.4	-102.5	-53.3	
-36.1	35.2	-87.8	-90.2	
-38.6	42.6	-95.2	-60.7	
-36.1	30.3	-112.4	-60.7	
-16.4	47.5	-122.2	42.6	
-33.7	32.8	-90.2	59.8	
-14.0	37.7	-87.8	8.2	
-16.4	25.4	-77.9	0.8	
-46.0	15.5	-77.9	-4.1	
-31.2	5.7	-73.0	10.6	
-18.9	15.5	-112.4	8.2	
-18.9	20.5	-107.5	32.8	
5.7	-1.7	-112.4	37.7	
22.9	-9.1	-112.4	-80.4	
69.7	0.8	-134.5	-65.6	
67.2	8.2	-132.1	10.6	
82.0	25.4	-119.8	106.6	
69.7	15.5	-102.5	18.0	
72.1	18.0	-102.5	-31.2	
82.0	25.4	-107.5	0.8	
67.2	37.7	-95.2	8.2	
59.8	37.7	-100.1	8.2	
27.8	20.5	-124.7	13.1	
13.1	10.6	-139.4	22.9	
-38.6	37.7	-132.1	22.9	
-53.3	40.1	-154.2	-11.5	
-65.6	67.2	-159.1	-26.3	
-58.3	30.3	-144.4	3.2	
-41.0	-11.5	-127.1	-36.1	
-38.6	-23.8	-114.8	-97.6	
-28.7	8.2	-105.0	-28.7	
-9.1	-21.4	-107.5	-58.3	
-14.0	-36.1	-107.5	113.9	
-6.6	-28.7	-122.2	-46.0	
5.7	10.6	-112.4	-112.4	
27.8	27.8	-129.6	-314.1	
32.8	59.8	-114.8	-18.9	
15.5	47.5	-119.8	141.0	
27.8	30.3	-117.3	13.1	
45.1	30.3	-112.4	-53.3	
27.8	25.4	-117.3	-75.5	
25.4	22.9	-107.5	-105.0	
15.5	35.2	-112.4	-41.0	
5.7	25.4	-100.1	136.1	
-31.2	35.2	-114.8	170.5	
-33.7	45.1	-119.8	-21.4	
-23.8	42.6	-141.9	42.6	
-11.5	40.1	-164.0	-82.9	
5.7	15.5	-166.5	-48.4	
32.8	8.2	-188.6	-4.1	
62.3	22.9	-169.0	-60.7	
69.7	15.5	-173.9	-31.2	
77.0	13.1	-173.9	-43.5	
64.7	15.5	-178.8	-60.7	
27.8	45.1	-161.6	-65.6	
30.3	40.1	-169.0	-50.9	
30.3	15.5	-193.6	-43.5	
30.3	30.3	-181.3	-53.3	
13.1	25.4	-196.0	-92.7	
-23.8	32.8	-223.1	-237.8	
-18.9	32.8	-218.2	-210.8	
0.8	32.8	-198.5	-11.5	
18.0	50.0	-181.3	62.3	
27.8	22.9	-198.5	-48.4	
30.3	32.8	-220.6	-63.2	
27.8	37.7	-213.2	-80.4	
22.9	0.8	-205.9	-159.1	
27.8	25.4	-176.3	-97.6	
47.5	-4.1	-183.7	-31.2	
37.7	10.6	-191.1	-77.9	
45.1	62.3	-186.2	-127.1	
35.2	47.5	-210.8	-112.4	
22.9	15.5	-218.2	-53.3	
10.6	35.2	-203.4	-46.0	
-4.1	37.7	-178.8	-68.1	
8.2	52.4	-156.7	-70.6	
25.4	47.5	-169.0	-46.0	
27.8	22.9	-166.5	-33.7	
5.7	3.2	-141.9	-92.7	
5.7	-4.1	-119.8	-63.2	
-1.7	-16.4	-90.2	-55.8	
-1.7	18.0	-68.1	-58.3	
-16.4	42.6	-38.6	-53.3	
-33.7	47.5	3.2	-50.9	
-26.3	22.9	18.0	-46.0	
0.8	27.8	40.1	-33.7	
52.4	32.8	67.2	-41.0	
45.1	13.1	84.4	-31.2	
35.2	-9.1	106.6	-33.7	
32.8	-1.7	133.6	-33.7	
57.4	3.2	133.6	-23.8	
59.8	-6.6	136.1	-18.9	
94.3	-4.1	131.2	-28.7	
113.9	-4.1	168.1	-33.7	
84.4	-1.7	165.6	-11.5	
42.6	-9.1	173.0	-4.1	
32.8	5.7	158.2	0.8	
27.8	5.7	143.5	-4.1	
5.7	22.9	136.1	-9.1	
-9.1	5.7	138.5	-4.1	
-23.8	-4.1	128.7	-4.1	
-31.2	0.8	86.9	-21.4	
-6.6	0.8	42.6	-4.1	
20.5	13.1	30.3	0.8	
50.0	18.0	42.6	3.2	
89.3	32.8	30.3	-11.5	
67.2	27.8	27.8	-4.1	
50.0	30.3	20.5	-28.7	
32.8	27.8	10.6	-11.5	
27.8	20.5	-9.1	-9.1	
13.1	18.0	-21.4	-16.4	
-4.1	22.9	-46.0	-23.8	
-65.6	25.4	-38.6	-26.3	
-97.6	18.0	-53.3	-33.7	
-90.2	15.5	-73.0	-16.4	
-73.0	15.5	-85.3	-11.5	
-73.0	27.8	-105.0	-18.9	
-55.8	20.5	-107.5	-21.4	
-48.4	25.4	-114.8	3.2	
-33.7	25.4	-137.0	8.2	
-18.9	22.9	-156.7	-21.4	
-9.1	10.6	-193.6	-36.1	
18.0	22.9	-186.2	0.8	
45.1	37.7	-188.6	-1.7	
62.3	32.8	-176.3	5.7	
67.2	32.8	-164.0	-1.7	
84.4	20.5	-159.1	-28.7	
54.9	37.7	-159.1	-1.7	
67.2	30.3	-161.6	-14.0	
52.4	32.8	-171.4	3.2	
42.6	37.7	-173.9	27.8	
47.5	18.0	-166.5	47.5	
37.7	3.2	-188.6	35.2	
25.4	0.8	-198.5	37.7	
35.2	15.5	-198.5	27.8	
42.6	18.0	-186.2	27.8	
22.9	27.8	-191.1	18.0	
15.5	47.5	-178.8	52.4	
30.3	15.5	-164.0	59.8	
32.8	13.1	-149.3	64.7	
42.6	32.8	-132.1	109.0	
47.5	30.3	-137.0	42.6	
59.8	18.0	-117.3	8.2	
62.3	-16.4	-97.6	131.2	
45.1	-23.8	-107.5	84.4	
52.4	-21.4	-112.4	13.1	
45.1	-14.0	-102.5	-38.6	
32.8	57.4	-122.2	13.1	
-6.6	86.9	-137.0	18.0	
-11.5	64.7	-119.8	8.2	
-33.7	67.2	-107.5	-6.6	
-26.3	69.7	-134.5	-28.7	
-41.0	79.5	-149.3	-18.9	
-50.9	57.4	-151.7	-4.1	
-18.9	40.1	-156.7	45.1	
5.7	54.9	-159.1	-4.1	
25.4	30.3	-119.8	40.1	
40.1	25.4	-82.9	128.7	
50.0	30.3	-82.9	-117.3	
37.7	50.0	-75.5	-114.8	
42.6	22.9	-68.1	-100.1	
54.9	18.0	-53.3	-1.7	
72.1	35.2	-48.4	123.8	
72.1	37.7	-18.9	18.0	
27.8	30.3	-38.6	-122.2	
-18.9	52.4	-4.1	-48.4	
-80.4	54.9	37.7	-218.2	
-146.8	57.4	69.7	-112.4	
-117.3	59.8	109.0	3.2	
-82.9	27.8	106.6	-1.7	
-65.6	27.8	113.9	-18.9	
-14.0	27.8	131.2	15.5	
-1.7	35.2	158.2	-36.1	
-28.7	25.4	187.7	-146.8	
-33.7	8.2	239.4	-161.6	
-23.8	-6.6	283.7	-112.4	
-23.8	22.9	369.8	-92.7	
-55.8	30.3	433.7	-178.8	
-53.3	15.5	490.3	-105.0	
-4.1	-1.7	542.0	-107.5	
47.5	-6.6	613.3	-151.7	
67.2	10.6	667.4	-156.7	
74.6	13.1	716.6	-82.9	
101.6	18.0	748.6	-60.7	
101.6	20.5	751.1	-124.7	
111.5	-14.0	728.9	-164.0	
121.3	-14.0	697.0	-178.8	
99.2	-21.4	650.2	-159.1	
94.3	-23.8	598.6	-144.4	
64.7	-11.5	529.7	-137.0	
18.0	3.2	458.3	-169.0	
-26.3	20.5	382.1	-159.1	
-70.6	22.9	293.5	-161.6	
-87.8	18.0	229.6	-154.2	
-90.2	20.5	173.0	-129.6	
-112.4	-23.8	89.3	-137.0	
-112.4	-46.0	35.2	-119.8	
-80.4	-36.1	-23.8	-134.5	
-77.9	-18.9	-60.7	-105.0	
-63.2	13.1	-97.6	-87.8	
-28.7	22.9	-137.0	-87.8	
15.5	20.5	-176.3	-75.5	
72.1	27.8	-213.2	-73.0	
101.6	30.3	-274.7	-60.7	
126.2	30.3	-323.9	-53.3	
118.9	18.0	-395.3	-46.0	
126.2	40.1	-449.4	-58.3	
104.1	42.6	-513.4	-33.7	
64.7	25.4	-589.6	-33.7	
5.7	25.4	-724.9	-43.5	
8.2	22.9	-884.8	-43.5	
27.8	25.4	-1064.4	-48.4	
35.2	0.8	-1271.0	-41.0	
62.3	10.6	-1546.6	-38.6	
72.1	5.7	-1886.0	-31.2	
52.4	8.2	-2250.1	-38.6	
30.3	-1.7	-2614.2	-48.4	
47.5	13.1	-2985.7	-58.3	
8.2	20.5	-3344.8	-60.7	
-58.3	40.1	-3649.9	-65.6	
-80.4	18.0	-3940.1	-58.3	
-87.8	25.4	-4173.8	-55.8	
-60.7	13.1	-4279.6	-38.6	
-31.2	3.2	-4321.4	-38.6	
5.7	8.2	-4304.2	-31.2	
27.8	13.1	-4156.6	-36.1	
27.8	20.5	-3942.6	-58.3	
37.7	5.7	-3652.3	-68.1	
30.3	0.8	-3300.5	-68.1	
35.2	5.7	-2870.0	-63.2	
79.5	10.6	-2412.5	-102.5	
104.1	0.8	-1932.8	-119.8	
116.4	20.5	-1472.8	-65.6	
111.5	8.2	-1000.4	-36.1	
91.8	-14.0	-562.6	-85.3	
42.6	-9.1	-127.1	-117.3	
15.5	0.8	296.0	-77.9	
8.2	20.5	689.6	-149.3	
-1.7	22.9	1068.4	-186.2	
-65.6	37.7	1432.5	-230.5	
-58.3	54.9	1767.1	-225.5	
-43.5	47.5	2074.6	-159.1	
-65.6	45.1	2347.6	-198.5	
-63.2	45.1	2598.5	-360.8	
-36.1	45.1	2775.7	-299.3	
-16.4	25.4	2891.3	47.5	
5.7	52.4	2984.8	101.6	
59.8	47.5	3051.2	-198.5	
106.6	67.2	3110.2	-326.4	
121.3	42.6	3129.9	-235.4	
116.4	18.0	3188.9	-92.7	
89.3	-9.1	3238.1	175.4	
40.1	20.5	3277.5	264.0	
0.8	62.3	3339.0	37.7	
-53.3	74.6	3334.1	-58.3	
-85.3	30.3	3255.4	222.2	
-77.9	5.7	3058.6	-166.5	
-53.3	-38.6	2728.9	-223.1	
-18.9	-28.7	2300.9	-90.2	
-4.1	-18.9	1823.6	145.9	
-6.6	-41.0	1343.9	5.7	
18.0	-1.7	893.8	-18.9	
69.7	54.9	475.6	10.6	
113.9	77.0	123.8	40.1	
111.5	59.8	-169.0	-18.9	
74.6	52.4	-397.7	-85.3	
57.4	32.8	-569.9	91.8	
54.9	59.8	-683.1	153.3	
72.1	72.1	-766.7	22.9	
52.4	79.5	-815.9	-4.1	
10.6	54.9	-823.3	32.8	
-68.1	47.5	-820.9	-75.5	
-134.5	57.4	-806.1	-100.1	
-178.8	42.6	-771.7	-58.3	
-186.2	45.1	-776.6	-4.1	
-181.3	42.6	-764.3	0.8	
-156.7	47.5	-779.0	-14.0	
-70.6	52.4	-813.5	-97.6	
-18.9	50.0	-845.5	-129.6	
5.7	54.9	-877.4	-107.5	
37.7	57.4	-911.9	-48.4	
104.1	54.9	-973.4	-53.3	
106.6	64.7	-1027.5	-58.3	
101.6	64.7	-1084.1	0.8	
153.3	52.4	-1128.4	37.7	
143.5	59.8	-1197.2	57.4	
104.1	67.2	-1253.8	104.1	
37.7	79.5	-1335.0	123.8	
18.0	86.9	-1369.4	118.9	
-36.1	84.4	-1381.7	118.9	
-85.3	96.7	-1371.9	123.8	
-63.2	128.7	-1332.5	143.5	
-28.7	128.7	-1258.7	155.8	
-33.7	145.9	-1140.7	143.5	
-63.2	163.1	-1010.3	136.1	
-28.7	200.0	-872.5	165.6	
52.4	192.7	-724.9	175.4	
148.4	182.8	-574.9	212.3	
182.8	175.4	-449.4	214.8	
202.5	200.0	-326.4	207.4	
192.7	185.3	-225.5	205.0	
185.3	180.4	-124.7	190.2	
128.7	175.4	-48.4	212.3	
45.1	153.3	-4.1	222.2	
-53.3	153.3	50.0	138.5	
-85.3	170.5	111.5	195.1	
-119.8	177.9	128.7	190.2	
-156.7	192.7	111.5	79.5	
-171.4	197.6	113.9	111.5	
-154.2	185.3	89.3	158.2	
-105.0	182.8	72.1	155.8	
-53.3	202.5	40.1	254.2	
-14.0	197.6	3.2	305.8	
3.2	168.1	-53.3	241.9	
25.4	205.0	-60.7	77.0	
35.2	173.0	-70.6	20.5	
37.7	160.7	-77.9	20.5	
37.7	141.0	-109.9	-21.4	
37.7	180.4	-144.4	8.2	
35.2	205.0	-134.5	-16.4	
35.2	163.1	-127.1	-53.3	
35.2	148.4	-112.4	-43.5	
37.7	155.8	-100.1	-68.1	
57.4	131.2	-90.2	-63.2	
69.7	104.1	-46.0	-112.4	
52.4	89.3	-18.9	-203.4	
52.4	25.4	-14.0	-149.3	
86.9	3.2	-1.7	-154.2	
113.9	-14.0	10.6	-156.7	
123.8	5.7	35.2	-146.8	
96.7	18.0	69.7	-100.1	
67.2	10.6	94.3	-117.3	
47.5	-4.1	121.3	-326.4	
45.1	-9.1	141.0	-242.8	
8.2	5.7	173.0	-107.5	
-16.4	-1.7	207.4	-252.6	
-50.9	-16.4	249.2	-442.0	
-48.4	-41.0	288.6	-380.5	
-33.7	-90.2	303.4	-319.0	
-9.1	-92.7	352.6	-28.7	
20.5	-87.8	401.8	-97.6	
30.3	-65.6	438.7	-191.1	
18.0	-73.0	473.1	-267.4	
-4.1	-97.6	522.3	-218.2	
-9.1	-107.5	569.0	-132.1	
-1.7	-100.1	615.8	-87.8	
20.5	-97.6	657.6	-146.8	
22.9	-97.6	684.7	-102.5	
18.0	-107.5	709.3	67.2	
13.1	-100.1	733.9	111.5	
20.5	-92.7	758.5	13.1	
10.6	-58.3	768.3	-102.5	
0.8	-60.7	773.2	-191.1	
20.5	-68.1	792.9	-82.9	
10.6	-77.9	802.7	-1.7	
22.9	-73.0	797.8	-23.8	
57.4	-68.1	797.8	0.8	
121.3	-68.1	797.8	5.7	
121.3	-100.1	795.4	-9.1	
91.8	-119.8	780.6	-9.1	
57.4	-114.8	788.0	57.4	
8.2	-132.1	778.1	86.9	
-23.8	-129.6	765.8	155.8	
-43.5	-95.2	758.5	190.2	
-105.0	-75.5	760.9	165.6	
-137.0	-68.1	765.8	94.3	
-100.1	-65.6	741.2	104.1	
-73.0	-85.3	751.1	27.8	
-38.6	-70.6	741.2	-252.6	
-18.9	-85.3	736.3	-122.2	
-18.9	-68.1	719.1	72.1	
3.2	-75.5	724.0	379.6	
10.6	-73.0	711.7	446.0	
18.0	-82.9	697.0	357.5	
57.4	-68.1	674.8	180.4	
64.7	-58.3	672.4	207.4	
69.7	-90.2	657.6	200.0	
77.0	-82.9	630.5	126.2	
84.4	-97.6	640.4	163.1	
72.1	-95.2	650.2	190.2	
59.8	-100.1	642.8	175.4	
45.1	-92.7	642.8	133.6	
10.6	-117.3	652.7	121.3	
-31.2	-134.5	652.7	163.1	
-16.4	-141.9	669.9	111.5	
-23.8	-95.2	679.7	128.7	
-90.2	-154.2	687.1	89.3	
-105.0	-139.4	684.7	136.1	
-48.4	-151.7	684.7	86.9	
-18.9	-124.7	689.6	86.9	
42.6	-164.0	684.7	106.6	
77.0	-112.4	687.1	15.5	
104.1	-80.4	704.3	-48.4	
123.8	-117.3	699.4	84.4	
141.0	-105.0	689.6	175.4	
109.0	-70.6	689.6	121.3	
52.4	-48.4	682.2	27.8	
22.9	-4.1	677.3	-21.4	
-14.0	32.8	665.0	-28.7	
-65.6	96.7	650.2	18.0	
-132.1	148.4	630.5	37.7	
-178.8	153.3	625.6	50.0	
-215.7	133.6	601.0	-55.8	
-188.6	96.7	588.7	-4.1	
-122.2	118.9	583.8	104.1	
-95.2	175.4	566.6	20.5	
-31.2	153.3	556.7	5.7	
5.7	94.3	542.0	-85.3	
30.3	54.9	507.5	-144.4	
77.0	45.1	507.5	-107.5	
131.2	20.5	495.2	-146.8	
136.1	-14.0	463.3	18.0	
99.2	-55.8	465.7	350.1	
42.6	8.2	451.0	212.3	
15.5	59.8	421.4	106.6	
-26.3	77.0	414.1	40.1	
-50.9	59.8	414.1	-38.6	
-48.4	62.3	401.8	-43.5	
-23.8	86.9	409.1	-114.8	
3.2	82.0	411.6	-336.2	
45.1	91.8	404.2	-368.2	
89.3	89.3	396.8	-75.5	
106.6	89.3	421.4	104.1	
123.8	74.6	436.2	229.6	
143.5	84.4	468.2	18.0	
104.1	94.3	475.6	-18.9	
111.5	72.1	505.1	-21.4	
116.4	72.1	537.1	67.2	
74.6	82.0	542.0	283.7	
35.2	54.9	549.4	18.0	
3.2	74.6	554.3	-107.5	
-60.7	62.3	554.3	-73.0	
-117.3	62.3	551.8	-65.6	
-127.1	67.2	551.8	-11.5	
-82.9	82.0	514.9	86.9	
-41.0	79.5	500.2	118.9	
-6.6	72.1	460.8	18.0	
30.3	72.1	406.7	138.5	
57.4	96.7	357.5	155.8	
45.1	84.4	320.6	116.4	
22.9	84.4	271.4	118.9	
-31.2	86.9	236.9	86.9	
-92.7	74.6	219.7	-23.8	
-119.8	77.0	190.2	-48.4	
-73.0	45.1	187.7	-119.8	
-26.3	52.4	175.4	-48.4	
0.8	47.5	177.9	86.9	
-1.7	20.5	192.7	227.1	
-18.9	40.1	182.8	111.5	
22.9	47.5	173.0	-33.7	
18.0	59.8	182.8	-16.4	
45.1	47.5	155.8	-77.9	
18.0	54.9	116.4	96.7	
3.2	52.4	52.4	13.1	
-18.9	57.4	27.8	-97.6	
-36.1	47.5	-1.7	-85.3	
-36.1	22.9	-23.8	170.5	
-1.7	30.3	-33.7	52.4	
-4.1	25.4	-55.8	-117.3	
-14.0	32.8	-92.7	-198.5	
32.8	27.8	-139.4	-73.0	
67.2	18.0	-169.0	84.4	
96.7	30.3	-218.2	72.1	
128.7	25.4	-257.5	10.6	
138.5	20.5	-274.7	-77.9	
106.6	0.8	-309.2	-169.0	
86.9	5.7	-323.9	-171.4	
94.3	0.8	-331.3	-102.5	
30.3	30.3	-338.7	165.6	
-36.1	54.9	-351.0	192.7	
-68.1	52.4	-341.2	52.4	
-73.0	35.2	-338.7	-161.6	
-65.6	52.4	-336.2	-9.1	
-38.6	42.6	-336.2	-139.4	
-50.9	30.3	-338.7	-289.5	
-85.3	13.1	-353.5	-1.7	
-85.3	22.9	-378.1	136.1	
-58.3	20.5	-405.1	153.3	
-1.7	30.3	-417.4	482.9	
62.3	47.5	-439.6	367.3	
109.0	35.2	-459.2	-137.0	
116.4	40.1	-478.9	-50.9	
84.4	37.7	-501.1	96.7	
27.8	25.4	-510.9	-166.5	
-9.1	37.7	-498.6	-63.2	
-18.9	13.1	-493.7	-250.1	
-46.0	-6.6	-459.2	-331.3	
-11.5	-4.1	-417.4	163.1	
32.8	22.9	-395.3	414.1	
72.1	27.8	-365.8	175.4	
67.2	52.4	-348.5	37.7	
84.4	54.9	-319.0	305.8	
79.5	40.1	-304.3	330.4	
47.5	27.8	-289.5	118.9	
15.5	30.3	-289.5	-60.7	
10.6	27.8	-294.4	-70.6	
-6.6	47.5	-304.3	59.8	
-28.7	45.1	-296.9	67.2	
-28.7	59.8	-319.0	42.6	
-26.3	30.3	-336.2	77.0	
-21.4	32.8	-343.6	136.1	
13.1	40.1	-358.4	57.4	
40.1	42.6	-375.6	40.1	
94.3	42.6	-385.4	96.7	
91.8	42.6	-412.5	131.2	
101.6	45.1	-422.3	205.0	
109.0	37.7	-424.8	168.1	
86.9	45.1	-429.7	116.4	
62.3	32.8	-424.8	-33.7	
35.2	35.2	-424.8	-151.7	
0.8	45.1	-417.4	-346.1	
-36.1	37.7	-434.6	-198.5	
-46.0	32.8	-424.8	25.4	
-11.5	42.6	-415.0	-127.1	
8.2	47.5	-400.2	-119.8	
-48.4	32.8	-383.0	205.0	
-55.8	45.1	-370.7	72.1	
-31.2	40.1	-358.4	362.4	
8.2	47.5	-363.3	512.5	
-4.1	45.1	-348.5	487.9	
-43.5	37.7	-338.7	222.2	
-85.3	32.8	-348.5	-338.7	
-82.9	47.5	-328.9	-712.6	
-50.9	52.4	-355.9	-149.3	
-18.9	35.2	-353.5	192.7	
0.8	42.6	-341.2	224.6	
32.8	37.7	-341.2	99.2	
35.2	45.1	-333.8	-105.0	
18.0	59.8	-306.7	104.1	
22.9	45.1	-274.7	106.6	
62.3	47.5	-247.7	84.4	
121.3	52.4	-223.1	352.6	
145.9	54.9	-181.3	62.3	
145.9	57.4	-151.7	59.8	
141.0	52.4	-119.8	-144.4	
126.2	74.6	-87.8	-166.5	
99.2	69.7	-58.3	72.1	
62.3	62.3	-18.9	72.1	
30.3	82.0	-6.6	276.3	
-48.4	67.2	0.8	244.3	
-117.3	52.4	3.2	13.1	
-97.6	32.8	15.5	131.2	
-60.7	27.8	20.5	113.9	
-26.3	35.2	15.5	234.5	
-16.4	47.5	3.2	-75.5	
-26.3	35.2	0.8	13.1	
15.5	27.8	-31.2	42.6	
64.7	42.6	-41.0	-48.4	
82.0	35.2	-46.0	-338.7	
74.6	37.7	-41.0	357.5	
57.4	30.3	-53.3	446.0	
47.5	27.8	-60.7	-257.5	
52.4	10.6	-63.2	-333.8	
77.0	0.8	-63.2	-193.6	
106.6	5.7	-82.9	91.8	
67.2	3.2	-100.1	264.0	
40.1	-4.1	-129.6	433.7	
25.4	-4.1	-134.5	82.0	
22.9	0.8	-137.0	25.4	
20.5	-1.7	-137.0	94.3	
-11.5	-9.1	-124.7	217.3	
-38.6	5.7	-102.5	266.5	
-90.2	3.2	-85.3	141.0	
-97.6	10.6	-102.5	-63.2	
-80.4	8.2	-97.6	-82.9	
-58.3	5.7	-63.2	-188.6	
-36.1	30.3	-77.9	-18.9	
-58.3	32.8	-68.1	428.8	
-65.6	25.4	-60.7	756.0	
-38.6	25.4	-65.6	537.1	
-11.5	25.4	-46.0	-294.4	
0.8	22.9	-36.1	-469.1	
-4.1	8.2	-63.2	-449.4	
3.2	-1.7	-119.8	128.7	
30.3	3.2	-137.0	62.3	
42.6	-14.0	-159.1	22.9	
27.8	-21.4	-173.9	-41.0	
35.2	0.8	-156.7	-289.5	
47.5	27.8	-149.3	-471.5	
57.4	82.0	-146.8	-427.3	
62.3	79.5	-117.3	131.2	
52.4	59.8	-124.7	446.0	
50.0	59.8	-141.9	300.9	
15.5	50.0	-149.3	136.1	
-6.6	35.2	-139.4	165.6	
-31.2	40.1	-173.9	175.4	
-36.1	32.8	-188.6	391.9	
-21.4	35.2	-193.6	406.7	
-23.8	62.3	-203.4	310.7	
-6.6	30.3	-228.0	133.6	
5.7	32.8	-237.8	72.1	
5.7	59.8	-250.1	118.9	
20.5	74.6	-269.8	-102.5	
22.9	35.2	-282.1	-232.9	
20.5	20.5	-306.7	-282.1	
8.2	20.5	-321.5	-139.4	
42.6	32.8	-326.4	47.5	
42.6	30.3	-323.9	465.7	
37.7	8.2	-323.9	650.2	
59.8	0.8	-343.6	-80.4	
64.7	37.7	-336.2	-341.2	
77.0	45.1	-353.5	473.1	
72.1	32.8	-363.3	1083.2	
30.3	10.6	-358.4	271.4	
-23.8	-33.7	-348.5	-132.1	
-31.2	-1.7	-358.4	-296.9	
-28.7	25.4	-338.7	-255.1	
-48.4	25.4	-319.0	-107.5	
-46.0	22.9	-296.9	-4.1	
-33.7	-4.1	-277.2	133.6	
-21.4	18.0	-257.5	126.2	
-21.4	25.4	-237.8	268.9	
0.8	25.4	-193.6	202.5	
18.0	45.1	-166.5	15.5	
30.3	35.2	-137.0	-402.7	
10.6	25.4	-122.2	-437.1	
-38.6	37.7	-119.8	241.9	
-38.6	40.1	-92.7	662.5	
-11.5	35.2	-80.4	318.1	
3.2	10.6	-63.2	163.1	
3.2	-6.6	-28.7	733.9	
18.0	8.2	-6.6	1196.3	
-23.8	10.6	-14.0	519.8	
-36.1	13.1	5.7	-292.0	
-9.1	25.4	52.4	-400.2	
50.0	8.2	67.2	182.8	
64.7	40.1	79.5	-11.5	
22.9	62.3	91.8	10.6	
-26.3	47.5	126.2	-132.1	
-36.1	57.4	145.9	-92.7	
-31.2	69.7	160.7	-137.0	
-28.7	79.5	187.7	-97.6	
-18.9	62.3	182.8	335.3	
-4.1	32.8	202.5	-28.7	
13.1	22.9	232.0	-474.0	
32.8	22.9	227.1	-319.0	
32.8	13.1	229.6	69.7	
27.8	52.4	259.1	743.7	
35.2	47.5	288.6	726.5	
62.3	45.1	323.0	399.3	
79.5	32.8	355.0	296.0	
52.4	-4.1	391.9	266.5	
35.2	3.2	419.0	50.0	
20.5	3.2	426.4	-28.7	
25.4	20.5	438.7	111.5	
18.0	62.3	473.1	185.3	
13.1	57.4	482.9	15.5	
-1.7	32.8	500.2	-316.6	
35.2	20.5	505.1	-23.8	
99.2	10.6	519.8	362.4	
128.7	30.3	542.0	566.6	
99.2	13.1	556.7	104.1	
74.6	5.7	559.2	-424.8	
30.3	10.6	556.7	-31.2	
-26.3	45.1	569.0	32.8	
-55.8	42.6	576.4	131.2	
-102.5	22.9	576.4	74.6	
-129.6	3.2	596.1	69.7	
-100.1	-1.7	598.6	3.2	
-85.3	25.4	608.4	15.5	
-75.5	40.1	623.2	101.6	
-68.1	27.8	620.7	170.5	
-26.3	30.3	623.2	121.3	
3.2	37.7	625.6	-107.5	
32.8	37.7	633.0	-102.5	
25.4	30.3	647.8	-82.9	
5.7	30.3	657.6	-50.9	
20.5	25.4	657.6	-326.4	
37.7	22.9	662.5	-346.1	
35.2	22.9	637.9	-188.6	
54.9	50.0	625.6	180.4	
72.1	20.5	605.9	423.9	
72.1	20.5	596.1	350.1	
74.6	18.0	608.4	111.5	
57.4	22.9	633.0	-46.0	
40.1	20.5	642.8	-85.3	
15.5	32.8	667.4	64.7	
-6.6	22.9	677.3	-77.9	
-46.0	35.2	662.5	3.2	
-43.5	25.4	694.5	10.6	
-23.8	10.6	704.3	165.6	
-11.5	8.2	714.2	325.5	
20.5	5.7	741.2	-41.0	
47.5	20.5	778.1	-503.5	
62.3	25.4	790.4	-4.1	
72.1	22.9	802.7	106.6	
57.4	25.4	839.6	532.1	
25.4	27.8	854.4	256.6	
13.1	47.5	886.4	-242.8	
-4.1	37.7	925.7	-528.1	
-16.4	35.2	945.4	-380.5	
-14.0	13.1	957.7	79.5	
-6.6	20.5	960.2	379.6	
35.2	35.2	965.1	271.4	
54.9	54.9	935.6	-23.8	
50.0	40.1	918.4	-70.6	
42.6	30.3	903.6	-230.5	
42.6	8.2	864.2	-119.8	
25.4	8.2	837.2	-60.7	
25.4	5.7	780.6	-82.9	
-4.1	25.4	726.5	-328.9	
-18.9	18.0	645.3	-466.6	
-6.6	27.8	566.6	-105.0	
27.8	50.0	463.3	278.8	
30.3	57.4	367.3	310.7	
25.4	45.1	271.4	-68.1	
-6.6	37.7	192.7	-277.2	
-58.3	37.7	99.2	-33.7	
-46.0	47.5	3.2	347.6	
-9.1	10.6	-68.1	451.0	
-21.4	-9.1	-154.2	99.2	
-33.7	20.5	-230.5	-154.2	
-28.7	35.2	-292.0	-178.8	
-33.7	25.4	-360.8	128.7	
-21.4	52.4	-410.0	22.9	
-4.1	35.2	-456.8	-90.2	
-4.1	-1.7	-459.2	-107.5	
15.5	-11.5	-444.5	91.8	
5.7	8.2	-434.6	35.2	
18.0	42.6	-397.7	-191.1	
35.2	50.0	-380.5	244.3	
42.6	25.4	-358.4	276.3	
72.1	25.4	-316.6	0.8	
30.3	22.9	-235.4	-188.6	
54.9	22.9	-203.4	-225.5	
74.6	10.6	-186.2	-33.7	
54.9	15.5	-181.3	219.7	
30.3	5.7	-183.7	246.8	
18.0	0.8	-220.6	-4.1	
-16.4	25.4	-292.0	-85.3	
-50.9	13.1	-323.9	-58.3	
-68.1	3.2	-331.3	-90.2	
-92.7	13.1	-319.0	182.8	
-117.3	0.8	-292.0	335.3	
-68.1	-4.1	-262.4	487.9	
32.8	0.8	-203.4	372.2	
82.0	0.8	-87.8	-112.4	
89.3	-11.5	42.6	-451.9	
104.1	3.2	197.6	-370.7	
72.1	-4.1	330.4	-97.6	
57.4	0.8	490.3	-732.3	
20.5	8.2	628.1	-80.4	
0.8	8.2	753.5	596.1	
-53.3	-4.1	847.0	692.0	
-80.4	5.7	925.7	342.7	
-28.7	5.7	967.6	-102.5	
22.9	8.2	982.3	118.9	
18.0	3.2	972.5	113.9	
15.5	5.7	933.1	-75.5	
30.3	13.1	856.9	-109.9	
-6.6	27.8	795.4	109.0	
-33.7	10.6	728.9	212.3	
-11.5	-4.1	657.6	-208.3	
-11.5	-4.1	596.1	-336.2	
-1.7	5.7	507.5	-247.7	
47.5	20.5	428.8	177.9	
86.9	15.5	323.0	109.0	
77.0	-9.1	246.8	5.7	
40.1	-1.7	131.2	-240.3	
3.2	-9.1	52.4	-311.6	
-33.7	-6.6	-46.0	-196.0	
-97.6	-1.7	-137.0	67.2	
-151.7	18.0	-220.6	165.6	
-144.4	42.6	-292.0	-16.4	
-87.8	27.8	-331.3	224.6	
-11.5	25.4	-341.2	219.7	
8.2	37.7	-333.8	-124.7	
20.5	45.1	-326.4	-119.8	
18.0	18.0	-292.0	202.5	
32.8	-21.4	-274.7	177.9	
101.6	-28.7	-262.4	13.1	
131.2	-16.4	-220.6	-41.0	
131.2	-21.4	-191.1	-43.5	
126.2	-18.9	-171.4	5.7	
118.9	-16.4	-156.7	99.2	
96.7	30.3	-178.8	-169.0	
106.6	52.4	-169.0	-228.0	
82.0	35.2	-173.9	72.1	
32.8	67.2	-171.4	-26.3	
-41.0	74.6	-173.9	-166.5	
-68.1	82.0	-154.2	-68.1	
-77.9	86.9	-137.0	-107.5	
-60.7	109.0	-132.1	-127.1	
-73.0	79.5	-139.4	-272.3	
-55.8	116.4	-129.6	-218.2	
-14.0	143.5	-129.6	-87.8	
0.8	79.5	-134.5	377.2	
37.7	-16.4	-127.1	601.0	
32.8	-105.0	-137.0	-405.1	
22.9	-159.1	-112.4	-323.9	
8.2	-151.7	-117.3	232.0	
-14.0	-139.4	-119.8	-90.2	
13.1	-73.0	-149.3	-139.4	
25.4	-28.7	-156.7	8.2	
13.1	-6.6	-166.5	-1.7	
3.2	-16.4	-176.3	-245.2	
-18.9	25.4	-191.1	-228.0	
-33.7	3.2	-193.6	-213.2	
-31.2	8.2	-220.6	52.4	
-4.1	-9.1	-245.2	13.1	
77.0	47.5	-250.1	-161.6	
106.6	35.2	-240.3	94.3	
94.3	3.2	-250.1	150.8	
72.1	-33.7	-250.1	25.4	
77.0	-9.1	-257.5	-208.3	
25.4	20.5	-252.6	-28.7	
0.8	20.5	-242.8	-16.4	
-48.4	37.7	-240.3	-9.1	
-80.4	40.1	-240.3	-23.8	
-82.9	20.5	-235.4	-63.2	
-63.2	15.5	-260.0	-156.7	
-31.2	22.9	-264.9	-200.9	
-21.4	37.7	-289.5	-87.8	
-21.4	42.6	-301.8	190.2	
3.2	52.4	-319.0	62.3	
30.3	47.5	-314.1	84.4	
62.3	37.7	-301.8	8.2	
79.5	37.7	-316.6	-82.9	
84.4	27.8	-306.7	-38.6	
91.8	37.7	-321.5	-1.7	
86.9	45.1	-331.3	-176.3	
91.8	40.1	-314.1	-100.1	
106.6	47.5	-306.7	-58.3	
96.7	35.2	-331.3	-80.4	
118.9	32.8	-346.1	-53.3	
136.1	32.8	-355.9	-4.1	
91.8	45.1	-370.7	-124.7	
86.9	52.4	-368.2	-156.7	
101.6	42.6	-380.5	-117.3	
35.2	47.5	-375.6	-75.5	
-4.1	47.5	-380.5	-43.5	
-60.7	54.9	-397.7	-48.4	
-107.5	50.0	-397.7	-132.1	
-159.1	54.9	-424.8	-146.8	
-159.1	54.9	-432.2	-218.2	
-122.2	50.0	-446.9	-26.3	
-80.4	50.0	-449.4	-48.4	
-23.8	62.3	-481.4	-200.9	
18.0	57.4	-483.8	118.9	
47.5	62.3	-501.1	-124.7	
37.7	59.8	-533.0	40.1	
27.8	62.3	-528.1	91.8	
-1.7	54.9	-523.2	155.8	
-26.3	62.3	-518.3	-21.4	
-14.0	64.7	-547.8	52.4	
-28.7	59.8	-569.9	54.9	
-53.3	69.7	-577.3	25.4	
-55.8	59.8	-619.1	8.2	
-33.7	62.3	-668.3	42.6	
50.0	57.4	-648.7	20.5	
64.7	54.9	-614.2	20.5	
94.3	74.6	-604.4	32.8	
109.0	67.2	-606.8	-60.7	
121.3	69.7	-594.5	-4.1	
109.0	62.3	-572.4	5.7	
99.2	67.2	-565.0	18.0	
109.0	67.2	-574.9	-46.0	
118.9	67.2	-577.3	-31.2	
82.0	59.8	-577.3	-9.1	
-1.7	62.3	-562.6	30.3	
-43.5	67.2	-567.5	89.3	
-65.6	52.4	-572.4	45.1	
-90.2	45.1	-557.6	-14.0	
-82.9	57.4	-560.1	-156.7	
-60.7	54.9	-562.6	-114.8	
-18.9	50.0	-545.3	-92.7	
18.0	59.8	-547.8	133.6	
47.5	62.3	-513.4	141.0	
42.6	54.9	-503.5	18.0	
37.7	59.8	-466.6	-18.9	
45.1	50.0	-478.9	-85.3	
54.9	64.7	-461.7	-100.1	
37.7	62.3	-424.8	-139.4	
22.9	59.8	-395.3	-1.7	
22.9	50.0	-331.3	141.0	
8.2	69.7	-309.2	118.9	
8.2	57.4	-257.5	62.3	
15.5	50.0	-225.5	64.7	
8.2	57.4	-198.5	-1.7	
-6.6	57.4	-208.3	22.9	
-11.5	47.5	-220.6	59.8	
-21.4	45.1	-220.6	62.3	
8.2	52.4	-237.8	37.7	
30.3	57.4	-247.7	47.5	
54.9	52.4	-282.1	72.1	
69.7	54.9	-321.5	32.8	
54.9	54.9	-355.9	-21.4	
74.6	42.6	-378.1	25.4	
82.0	42.6	-424.8	59.8	
96.7	47.5	-459.2	-18.9	
64.7	42.6	-481.4	138.5	
27.8	45.1	-483.8	25.4	
0.8	45.1	-513.4	-26.3	
-18.9	57.4	-493.7	74.6	
-16.4	30.3	-523.2	-124.7	
-23.8	35.2	-498.6	-38.6	
-31.2	37.7	-434.6	22.9	
-41.0	40.1	-415.0	47.5	
-43.5	45.1	-351.0	18.0	
-50.9	42.6	-274.7	22.9	
-43.5	45.1	-166.5	37.7	
-26.3	42.6	-102.5	45.1	
-23.8	42.6	-23.8	-4.1	
8.2	52.4	27.8	30.3	
-9.1	37.7	99.2	0.8	
30.3	54.9	145.9	13.1	
47.5	37.7	195.1	-50.9	
42.6	35.2	219.7	-38.6	
50.0	40.1	227.1	-65.6	
42.6	32.8	249.2	-73.0	
35.2	37.7	266.5	-82.9	
22.9	27.8	286.1	-68.1	
25.4	37.7	328.0	-43.5	
30.3	32.8	342.7	-65.6	
27.8	35.2	350.1	-48.4	
22.9	32.8	330.4	-109.9	
32.8	37.7	355.0	-80.4	
30.3	45.1	391.9	77.0	
20.5	42.6	416.5	-82.9	
20.5	45.1	438.7	-299.3	
27.8	37.7	460.8	-328.9	
18.0	22.9	455.9	-218.2	
13.1	20.5	448.5	-196.0	
20.5	5.7	458.3	-321.5	
10.6	0.8	463.3	-493.7	
8.2	5.7	463.3	-343.6	
-9.1	8.2	455.9	200.0	
-1.7	5.7	460.8	22.9	
13.1	8.2	460.8	-63.2	
15.5	8.2	482.9	-230.5	
15.5	15.5	495.2	-161.6	
13.1	22.9	492.8	126.2	
15.5	25.4	482.9	256.6	
3.2	8.2	487.9	86.9	
10.6	-1.7	497.7	-191.1	
37.7	-1.7	505.1	-70.6	
32.8	5.7	507.5	-21.4	
32.8	30.3	500.2	-60.7	
50.0	20.5	473.1	18.0	
99.2	13.1	455.9	91.8	
123.8	10.6	451.0	148.4	
138.5	0.8	468.2	69.7	
113.9	-11.5	446.0	42.6	
57.4	-14.0	409.1	86.9	
-18.9	-9.1	389.5	104.1	
-68.1	-33.7	350.1	45.1	
-122.2	-31.2	300.9	69.7	
-139.4	-6.6	281.2	109.0	
-171.4	20.5	303.4	148.4	
-124.7	32.8	308.3	106.6	
-43.5	13.1	300.9	30.3	
3.2	25.4	273.8	84.4	
-4.1	27.8	236.9	104.1	
-9.1	54.9	190.2	121.3	
-77.9	74.6	153.3	59.8	
-105.0	77.0	111.5	-26.3	
-90.2	72.1	79.5	-28.7	
-58.3	35.2	42.6	18.0	
-14.0	27.8	5.7	-11.5	
20.5	27.8	3.2	-6.6	
45.1	30.3	25.4	-33.7	
64.7	0.8	22.9	-70.6	
74.6	-16.4	25.4	-122.2	
89.3	-38.6	-1.7	-55.8	
121.3	-11.5	-11.5	-87.8	
118.9	30.3	-38.6	-77.9	
82.0	62.3	-60.7	-73.0	
40.1	52.4	-73.0	-11.5	
30.3	32.8	-97.6	-36.1	
3.2	22.9	-119.8	-1.7	
-58.3	8.2	-137.0	-28.7	
-75.5	13.1	-151.7	-109.9	
-80.4	37.7	-178.8	-92.7	
-100.1	72.1	-208.3	-117.3	
-90.2	72.1	-235.4	-48.4	
-70.6	37.7	-262.4	-38.6	
-53.3	25.4	-328.9	-87.8	
-1.7	15.5	-341.2	-85.3	
37.7	3.2	-373.1	-58.3	
45.1	-1.7	-419.9	-50.9	
45.1	-4.1	-456.8	-53.3	
74.6	25.4	-478.9	-169.0	
77.0	27.8	-486.3	-146.8	
89.3	8.2	-474.0	-95.2	
128.7	3.2	-466.6	-14.0	
141.0	8.2	-427.3	-18.9	
133.6	5.7	-402.7	-77.9	
133.6	0.8	-378.1	-100.1	
126.2	22.9	-348.5	-60.7	
101.6	37.7	-338.7	-58.3	
32.8	20.5	-346.1	-92.7	
-41.0	22.9	-309.2	-95.2	
-100.1	18.0	-279.7	-90.2	
-100.1	22.9	-240.3	-87.8	
-95.2	13.1	-208.3	-68.1	
-58.3	-1.7	-178.8	-46.0	
-43.5	10.6	-213.2	-50.9	
-21.4	5.7	-240.3	-50.9	
-6.6	15.5	-250.1	-107.5	
-9.1	42.6	-328.9	5.7	
-9.1	22.9	-429.7	-21.4	
-16.4	32.8	-520.7	-154.2	
-11.5	50.0	-636.4	-124.7	
-1.7	27.8	-700.3	-75.5	
32.8	15.5	-749.5	-50.9	
45.1	8.2	-766.7	-48.4	
57.4	0.8	-727.4	-18.9	
64.7	20.5	-675.7	15.5	
64.7	32.8	-611.8	-41.0	
67.2	59.8	-542.9	-33.7	
52.4	52.4	-478.9	52.4	
40.1	42.6	-415.0	84.4	
27.8	32.8	-321.5	42.6	
-14.0	25.4	-260.0	18.0	
-31.2	0.8	-200.9	-16.4	
-38.6	-4.1	-132.1	52.4	
-28.7	13.1	-105.0	69.7	
-11.5	47.5	-70.6	37.7	
25.4	50.0	-36.1	13.1	
59.8	32.8	8.2	22.9	
52.4	25.4	40.1	37.7	
45.1	30.3	113.9	5.7	
45.1	22.9	158.2	50.0	
50.0	30.3	197.6	-4.1	
37.7	32.8	209.9	-4.1	
18.0	37.7	224.6	-70.6	
10.6	35.2	229.6	-60.7	
-36.1	27.8	227.1	-73.0	
-36.1	35.2	227.1	-18.9	
-18.9	86.9	234.5	37.7	
-1.7	109.0	246.8	-53.3	
0.8	101.6	256.6	-33.7	
47.5	62.3	266.5	27.8	
72.1	35.2	271.4	-70.6	
64.7	30.3	261.5	-129.6	
74.6	18.0	246.8	-60.7	
50.0	10.6	251.7	-23.8	
50.0	-16.4	276.3	-70.6	
27.8	-4.1	283.7	-38.6	
8.2	27.8	286.1	-28.7	
35.2	62.3	271.4	-26.3	
74.6	91.8	283.7	27.8	
101.6	91.8	286.1	79.5	
86.9	42.6	296.0	50.0	
52.4	-14.0	300.9	0.8	
-9.1	-9.1	300.9	-36.1	
-11.5	8.2	310.7	-31.2	
-4.1	32.8	332.9	-31.2	
15.5	50.0	340.3	15.5	
-4.1	50.0	355.0	-6.6	
-50.9	27.8	359.9	-36.1	
-95.2	20.5	372.2	-73.0	
-92.7	45.1	364.9	-36.1	
-43.5	32.8	357.5	91.8	
3.2	64.7	340.3	109.0	
5.7	52.4	315.7	-28.7	
-1.7	45.1	281.2	-82.9	
-33.7	42.6	259.1	13.1	
-21.4	50.0	209.9	-55.8	
22.9	50.0	182.8	-53.3	
50.0	64.7	131.2	-23.8	
37.7	50.0	89.3	-43.5	
37.7	40.1	37.7	-38.6	
50.0	37.7	-1.7	-43.5	
62.3	35.2	-63.2	-97.6	
30.3	18.0	-95.2	45.1	
-4.1	27.8	-127.1	62.3	
-65.6	30.3	-156.7	-16.4	
-109.9	32.8	-193.6	-11.5	
-114.8	32.8	-203.4	-11.5	
-164.0	37.7	-228.0	10.6	
-166.5	42.6	-242.8	15.5	
-100.1	50.0	-252.6	84.4	
-38.6	22.9	-267.4	138.5	
35.2	15.5	-277.2	67.2	
54.9	15.5	-289.5	22.9	
62.3	50.0	-326.4	13.1	
99.2	37.7	-328.9	-58.3	
91.8	27.8	-353.5	3.2	
91.8	18.0	-363.3	25.4	
126.2	27.8	-373.1	37.7	
143.5	25.4	-385.4	50.0	
113.9	10.6	-370.7	37.7	
82.0	20.5	-355.9	47.5	
35.2	18.0	-348.5	77.0	
18.0	25.4	-343.6	57.4	
15.5	27.8	-321.5	69.7	
20.5	27.8	-306.7	84.4	
-9.1	0.8	-294.4	106.6	
-48.4	-21.4	-296.9	113.9	
-14.0	3.2	-301.8	72.1	
10.6	18.0	-323.9	141.0	
25.4	32.8	-306.7	62.3	
18.0	35.2	-289.5	40.1	
-6.6	27.8	-272.3	37.7	
-9.1	22.9	-274.7	13.1	
-11.5	32.8	-267.4	40.1	
-9.1	47.5	-247.7	-23.8	
0.8	42.6	-250.1	54.9	
-4.1	57.4	-264.9	165.6	
5.7	37.7	-282.1	84.4	
20.5	15.5	-299.3	-80.4	
37.7	20.5	-294.4	-55.8	
37.7	15.5	-292.0	-77.9	
15.5	-4.1	-296.9	-124.7	
5.7	-9.1	-309.2	-358.4	
8.2	13.1	-319.0	-200.9	
42.6	3.2	-326.4	180.4	
67.2	-23.8	-360.8	404.2	
45.1	-4.1	-365.8	320.6	
20.5	8.2	-363.3	57.4	
32.8	13.1	-368.2	160.7	
67.2	20.5	-363.3	40.1	
50.0	20.5	-348.5	-77.9	
47.5	37.7	-338.7	-141.9	
94.3	22.9	-343.6	-58.3	
104.1	10.6	-343.6	74.6	
62.3	13.1	-365.8	180.4	
-6.6	37.7	-348.5	74.6	
-48.4	40.1	-341.2	22.9	
-92.7	27.8	-343.6	57.4	
-97.6	42.6	-333.8	328.0	
-87.8	27.8	-319.0	168.1	
-117.3	35.2	-279.7	109.0	
-132.1	42.6	-269.8	62.3	
-23.8	42.6	-237.8	-9.1	
96.7	54.9	-223.1	69.7	
126.2	47.5	-203.4	158.2	
145.9	50.0	-176.3	148.4	
86.9	42.6	-139.4	82.0	
-4.1	27.8	-100.1	-16.4	
-109.9	35.2	-87.8	15.5	
-183.7	45.1	-68.1	52.4	
-193.6	47.5	-55.8	47.5	
-134.5	62.3	-28.7	-127.1	
-31.2	86.9	-9.1	-26.3	
45.1	77.0	10.6	27.8	
77.0	54.9	18.0	-77.9	
91.8	59.8	25.4	62.3	
126.2	62.3	18.0	214.8	
163.1	77.0	5.7	239.4	
143.5	69.7	-28.7	96.7	
79.5	72.1	-70.6	-65.6	
52.4	79.5	-100.1	-46.0	
89.3	74.6	-134.5	50.0	
126.2	91.8	-141.9	271.4	
106.6	86.9	-149.3	158.2	
86.9	77.0	-200.9	-85.3	
59.8	91.8	-230.5	-173.9	
15.5	77.0	-237.8	-232.9	
-26.3	84.4	-237.8	-198.5	
-33.7	74.6	-237.8	-9.1	
-75.5	77.0	-257.5	47.5	
-105.0	77.0	-294.4	232.0	
-58.3	64.7	-299.3	276.3	
-55.8	57.4	-306.7	-43.5	
-77.9	37.7	-309.2	-181.3	
-85.3	37.7	-326.4	18.0	
-63.2	52.4	-299.3	52.4	
-14.0	69.7	-284.6	185.3	
8.2	74.6	-257.5	158.2	
35.2	89.3	-272.3	-53.3	
91.8	67.2	-252.6	-9.1	
133.6	40.1	-228.0	0.8	
136.1	-14.0	-200.9	-46.0	
99.2	-68.1	-176.3	-132.1	
77.0	-50.9	-161.6	-154.2	
59.8	20.5	-137.0	-119.8	
59.8	74.6	-102.5	18.0	
52.4	104.1	-48.4	59.8	
0.8	69.7	-58.3	-11.5	
-48.4	52.4	-23.8	-90.2	
-73.0	27.8	18.0	-124.7	
-41.0	-1.7	64.7	-102.5	
8.2	22.9	89.3	-114.8	
67.2	72.1	99.2	-102.5	
109.0	57.4	109.0	-105.0	
133.6	50.0	136.1	-107.5	
133.6	69.7	173.0	-95.2	
128.7	32.8	222.2	-82.9	
84.4	50.0	246.8	-85.3	
30.3	50.0	266.5	-85.3	
-28.7	50.0	288.6	-77.9	
-82.9	57.4	313.2	-41.0	
-100.1	74.6	325.5	13.1	
-100.1	62.3	345.2	-43.5	
-85.3	67.2	359.9	-156.7	
-63.2	59.8	350.1	-97.6	
-68.1	74.6	355.0	-1.7	
-43.5	40.1	345.2	74.6	
-55.8	37.7	335.3	-58.3	
-63.2	22.9	310.7	-82.9	
-46.0	45.1	293.5	-92.7	
-50.9	25.4	286.1	-50.9	
-41.0	3.2	273.8	-23.8	
-9.1	-28.7	241.9	-90.2	
3.2	-38.6	246.8	-97.6	
13.1	-36.1	239.4	-82.9	
27.8	-28.7	217.3	-134.5	
30.3	-21.4	222.2	-18.9	
30.3	-18.9	227.1	89.3	
45.1	-41.0	219.7	-112.4	
40.1	-68.1	227.1	-151.7	
37.7	-82.9	219.7	-112.4	
40.1	-63.2	219.7	-55.8	
47.5	-48.4	187.7	-112.4	
35.2	-85.3	182.8	-129.6	
35.2	-92.7	168.1	-114.8	
37.7	-97.6	148.4	-14.0	
35.2	-80.4	150.8	94.3	
45.1	-60.7	155.8	-55.8	
40.1	-82.9	143.5	-28.7	
40.1	-107.5	133.6	136.1	
42.6	-80.4	123.8	-11.5	
37.7	-73.0	133.6	-58.3	
35.2	-18.9	145.9	-1.7	
40.1	-9.1	175.4	-161.6	
54.9	-6.6	202.5	-161.6	
45.1	13.1	222.2	74.6	
27.8	20.5	256.6	131.2	
30.3	27.8	278.8	-109.9	
18.0	30.3	320.6	-218.2	
27.8	45.1	362.4	-65.6	
52.4	37.7	387.0	-75.5	
62.3	35.2	431.3	94.3	
99.2	40.1	443.6	224.6	
116.4	62.3	485.4	293.5	
106.6	42.6	519.8	-9.1	
86.9	27.8	544.4	-176.3	
45.1	25.4	556.7	-48.4	
20.5	37.7	576.4	-46.0	
-23.8	67.2	620.7	-139.4	
-41.0	54.9	615.8	-309.2	
-90.2	25.4	620.7	-114.8	
-102.5	18.0	637.9	141.0	
-117.3	45.1	620.7	-63.2	
-105.0	57.4	603.5	62.3	
-77.9	67.2	591.2	315.7	
-43.5	74.6	591.2	315.7	
-33.7	57.4	623.2	104.1	
-9.1	32.8	647.8	313.2	
5.7	54.9	650.2	158.2	
-11.5	72.1	620.7	-112.4	
13.1	62.3	630.5	-321.5	
57.4	64.7	650.2	-417.4	
77.0	82.0	662.5	-358.4	
94.3	82.0	701.9	-191.1	
106.6	62.3	697.0	8.2	
89.3	62.3	701.9	313.2	
74.6	54.9	706.8	586.3	
64.7	50.0	719.1	438.7	
37.7	57.4	701.9	25.4	
0.8	50.0	687.1	-220.6	
-28.7	45.1	701.9	-363.3	
-21.4	57.4	716.6	-422.3	
-33.7	40.1	716.6	-724.9	
-55.8	45.1	706.8	-678.2	
-65.6	54.9	714.2	-365.8	
-53.3	54.9	736.3	-240.3	
-60.7	54.9	738.8	195.1	
-31.2	52.4	721.6	500.2	
8.2	52.4	704.3	436.2	
45.1	62.3	647.8	-55.8	
57.4	52.4	647.8	52.4	
69.7	40.1	598.6	99.2	
69.7	35.2	576.4	310.7	
45.1	52.4	556.7	109.0	
25.4	40.1	549.4	-117.3	
42.6	37.7	556.7	77.0	
35.2	45.1	542.0	399.3	
52.4	52.4	534.6	106.6	
67.2	45.1	497.7	212.3	
42.6	27.8	478.0	128.7	
20.5	50.0	448.5	47.5	
22.9	45.1	431.3	-18.9	
40.1	37.7	389.5	382.1	
-11.5	45.1	347.6	96.7	
-82.9	40.1	303.4	-53.3	
-77.9	37.7	259.1	-95.2	
-77.9	20.5	246.8	18.0	
-97.6	40.1	200.0	8.2	
-77.9	35.2	170.5	-28.7	
-60.7	40.1	141.0	-247.7	
0.8	47.5	77.0	-314.1	
-1.7	57.4	27.8	-41.0	
-21.4	62.3	3.2	96.7	
-11.5	32.8	-28.7	-274.7	
5.7	13.1	-53.3	111.5	
13.1	10.6	-77.9	320.6	
22.9	30.3	-95.2	300.9	
3.2	77.0	-122.2	96.7	
-16.4	52.4	-146.8	-97.6	
3.2	18.0	-196.0	-95.2	
32.8	40.1	-225.5	202.5	
32.8	47.5	-218.2	347.6	
-1.7	15.5	-198.5	246.8	
-16.4	-43.5	-186.2	123.8	
-4.1	-77.9	-210.8	-191.1	
37.7	-68.1	-228.0	-363.3	
52.4	-33.7	-245.2	-68.1	
54.9	25.4	-284.6	232.0	
35.2	59.8	-316.6	465.7	
27.8	50.0	-321.5	141.0	
37.7	13.1	-316.6	-476.5	
72.1	15.5	-321.5	-390.4	
50.0	10.6	-296.9	-144.4	
25.4	0.8	-328.9	-454.3	
10.6	-41.0	-343.6	-18.9	
-9.1	-28.7	-358.4	259.1	
5.7	22.9	-375.6	249.2	
-18.9	64.7	-400.2	-9.1	
-23.8	22.9	-417.4	-292.0	
-26.3	-26.3	-449.4	-373.1	
-38.6	8.2	-459.2	209.9	
-26.3	18.0	-483.8	197.6	
-1.7	42.6	-488.8	10.6	
-6.6	22.9	-506.0	-156.7	
-1.7	15.5	-501.1	-213.2	
-9.1	3.2	-464.2	293.5	
10.6	8.2	-412.5	473.1	
20.5	8.2	-397.7	217.3	
25.4	5.7	-415.0	244.3	
22.9	3.2	-387.9	-65.6	
32.8	-1.7	-385.4	-159.1	
25.4	5.7	-387.9	-23.8	
20.5	22.9	-387.9	15.5	
27.8	3.2	-346.1	77.0	
40.1	3.2	-306.7	62.3	
22.9	10.6	-272.3	271.4	
35.2	20.5	-255.1	-82.9	
30.3	32.8	-267.4	-210.8	
27.8	20.5	-247.7	271.4	
22.9	32.8	-225.5	463.3	
20.5	47.5	-196.0	202.5	
27.8	40.1	-166.5	-16.4	
27.8	42.6	-137.0	141.0	
13.1	22.9	-149.3	281.2	
22.9	-6.6	-149.3	236.9	
13.1	-21.4	-141.9	-149.3	
10.6	-6.6	-107.5	-336.2	
15.5	67.2	-132.1	-267.4	
20.5	47.5	-154.2	330.4	
15.5	52.4	-112.4	266.5	
15.5	32.8	-48.4	13.1	
8.2	69.7	-16.4	-223.1	
8.2	18.0	-14.0	-267.4	
8.2	-36.1	-18.9	-109.9	
5.7	-33.7	-23.8	-154.2	
8.2	20.5	-43.5	256.6	
8.2	32.8	-46.0	549.4	
13.1	25.4	-60.7	706.8	
18.0	20.5	-38.6	1046.3	
32.8	8.2	-14.0	128.7	
27.8	35.2	-14.0	-387.9	
37.7	10.6	-31.2	118.9	
27.8	25.4	-11.5	-338.7	
30.3	25.4	-16.4	-562.6	
20.5	50.0	0.8	-1.7	
13.1	50.0	22.9	113.9	
15.5	32.8	67.2	109.0	
8.2	8.2	123.8	-11.5	
5.7	-33.7	133.6	-299.3	
27.8	-21.4	173.0	-260.0	
64.7	-9.1	202.5	-1.7	
89.3	10.6	185.3	91.8	
77.0	20.5	195.1	406.7	
86.9	25.4	219.7	507.5	
74.6	27.8	261.5	195.1	
62.3	25.4	291.1	-38.6	
35.2	22.9	320.6	-242.8	
25.4	25.4	308.3	-228.0	
-23.8	50.0	357.5	256.6	
-77.9	47.5	384.5	473.1	
-82.9	27.8	411.6	121.3	
-80.4	37.7	448.5	-346.1	
-75.5	30.3	495.2	-161.6	
-65.6	30.3	514.9	180.4	
-55.8	35.2	537.1	185.3	
-41.0	42.6	561.7	-117.3	
-43.5	32.8	576.4	406.7	
-4.1	37.7	591.2	583.8	
30.3	37.7	598.6	200.0	
64.7	25.4	601.0	-375.6	
64.7	37.7	633.0	-309.2	
89.3	35.2	667.4	15.5	
74.6	37.7	662.5	-55.8	
59.8	37.7	657.6	197.6	
30.3	25.4	674.8	259.1	
3.2	35.2	652.7	399.3	
-43.5	32.8	647.8	-375.6	
-92.7	37.7	637.9	-909.4	
-97.6	40.1	615.8	-565.0	
-80.4	27.8	576.4	-23.8	
-36.1	27.8	544.4	426.4	
5.7	32.8	495.2	898.7	
15.5	32.8	475.6	364.9	
15.5	37.7	406.7	-149.3	
8.2	25.4	372.2	-53.3	
3.2	22.9	340.3	-196.0	
-23.8	25.4	298.4	-4.1	
-28.7	27.8	259.1	104.1	
-11.5	35.2	212.3	209.9	
27.8	27.8	155.8	330.4	
96.7	27.8	123.8	74.6	
111.5	30.3	104.1	101.6	
94.3	30.3	59.8	-176.3	
72.1	32.8	0.8	-166.5	
32.8	37.7	-46.0	-274.7	
8.2	30.3	-82.9	-112.4	
-31.2	30.3	-100.1	-336.2	
-105.0	20.5	-107.5	77.0	
-154.2	35.2	-141.9	-188.6	
-169.0	30.3	-159.1	-235.4	
-146.8	27.8	-156.7	-14.0	
-73.0	15.5	-178.8	148.4	
-4.1	27.8	-210.8	160.7	
54.9	22.9	-198.5	-146.8	
104.1	25.4	-213.2	-173.9	
128.7	20.5	-213.2	-198.5	
143.5	32.8	-230.5	716.6	
126.2	32.8	-247.7	581.3	
77.0	27.8	-277.2	-164.0	
20.5	35.2	-284.6	-156.7	
-6.6	45.1	-299.3	-36.1	
-36.1	27.8	-326.4	-156.7	
-68.1	32.8	-338.7	-218.2	
-38.6	35.2	-353.5	-114.8	
-1.7	25.4	-365.8	-196.0	
15.5	32.8	-387.9	-164.0	
35.2	27.8	-392.8	67.2	
40.1	25.4	-387.9	396.8	
22.9	22.9	-380.5	158.2	
15.5	42.6	-387.9	47.5	
40.1	35.2	-397.7	50.0	
77.0	25.4	-392.8	-232.9	
104.1	25.4	-395.3	-306.7	
116.4	27.8	-378.1	-60.7	
69.7	27.8	-365.8	0.8	
27.8	22.9	-355.9	-176.3	
-18.9	18.0	-348.5	-412.5	
-77.9	20.5	-355.9	-100.1	
-114.8	20.5	-353.5	-154.2	
-146.8	25.4	-343.6	-23.8	
-129.6	18.0	-351.0	131.2	
-92.7	25.4	-353.5	205.0	
-33.7	25.4	-341.2	-77.9	
8.2	32.8	-336.2	148.4	
32.8	30.3	-323.9	-46.0	
37.7	22.9	-346.1	-18.9	
47.5	22.9	-346.1	69.7	
64.7	27.8	-331.3	-161.6	
101.6	15.5	-328.9	32.8	
128.7	25.4	-279.7	37.7	
131.2	3.2	-255.1	-181.3	
106.6	15.5	-255.1	-205.9	
89.3	35.2	-228.0	-304.3	
64.7	18.0	-208.3	86.9	
27.8	47.5	-188.6	113.9	
-18.9	37.7	-183.7	116.4	
-102.5	20.5	-178.8	5.7	
-141.9	10.6	-181.3	-235.4	
-129.6	27.8	-154.2	-119.8	
-87.8	45.1	-154.2	170.5	
-55.8	-4.1	-171.4	517.4	
-4.1	-36.1	-149.3	-309.2	
62.3	8.2	-137.0	-264.9	
111.5	47.5	-166.5	138.5	
165.6	15.5	-164.0	5.7	
163.1	-16.4	-114.8	205.0	
109.0	-18.9	-80.4	384.5	
45.1	-16.4	-60.7	256.6	
-31.2	-1.7	-21.4	-82.9	
-75.5	22.9	22.9	-333.8	
-82.9	13.1	47.5	94.3	
-75.5	3.2	84.4	251.7	
-95.2	20.5	109.0	-65.6	
-90.2	25.4	123.8	-279.7	
-92.7	18.0	109.0	118.9	
-31.2	5.7	111.5	-75.5	
15.5	0.8	160.7	241.9	
52.4	-6.6	190.2	-151.7	
62.3	18.0	232.0	-33.7	
40.1	20.5	256.6	-218.2	
52.4	25.4	251.7	101.6	
104.1	25.4	261.5	315.7	
141.0	37.7	278.8	-41.0	
128.7	42.6	298.4	-58.3	
91.8	62.3	323.0	-159.1	
104.1	47.5	315.7	-161.6	
116.4	45.1	283.7	50.0	
45.1	45.1	276.3	84.4	
27.8	54.9	256.6	239.4	
-1.7	47.5	251.7	214.8	
-48.4	37.7	254.2	-205.9	
-41.0	22.9	291.1	18.0	
32.8	25.4	291.1	320.6	
59.8	35.2	283.7	-139.4	
50.0	35.2	278.8	-169.0	
18.0	57.4	256.6	77.0	
8.2	47.5	254.2	234.5	
-28.7	45.1	244.3	86.9	
-102.5	47.5	214.8	165.6	
-109.9	52.4	163.1	175.4	
-129.6	54.9	168.1	-50.9	
-77.9	47.5	180.4	-319.0	
5.7	47.5	165.6	-565.0	
94.3	27.8	138.5	-579.8	
133.6	-11.5	126.2	-75.5	
123.8	-9.1	91.8	556.7	
106.6	-4.1	32.8	502.6	
79.5	13.1	-9.1	143.5	
67.2	30.3	-1.7	150.8	
37.7	22.9	-16.4	86.9	
-6.6	35.2	-23.8	126.2	
-48.4	37.7	-36.1	431.3	
-63.2	18.0	-63.2	40.1	
-28.7	30.3	-105.0	-326.4	
8.2	22.9	-139.4	-82.9	
8.2	27.8	-161.6	30.3	
-43.5	22.9	-191.1	278.8	
-73.0	25.4	-218.2	143.5	
-85.3	20.5	-232.9	-92.7	
-102.5	18.0	-257.5	-9.1	
-97.6	37.7	-269.8	145.9	
-55.8	37.7	-294.4	-11.5	
-6.6	40.1	-301.8	-299.3	
15.5	54.9	-301.8	-378.1	
20.5	37.7	-316.6	-68.1	
86.9	32.8	-341.2	25.4	
94.3	45.1	-336.2	399.3	
86.9	45.1	-338.7	778.1	
52.4	35.2	-338.7	281.2	
8.2	40.1	-338.7	32.8	
-6.6	35.2	-346.1	72.1	
45.1	27.8	-348.5	-228.0	
96.7	42.6	-341.2	-129.6	
111.5	27.8	-348.5	-55.8	
64.7	45.1	-326.4	-58.3	
25.4	40.1	-309.2	109.0	
-4.1	30.3	-304.3	77.0	
3.2	37.7	-333.8	-92.7	
20.5	32.8	-331.3	-274.7	
47.5	35.2	-304.3	-218.2	
37.7	35.2	-299.3	-523.2	
52.4	45.1	-287.0	-114.8	
74.6	32.8	-262.4	542.0	
64.7	32.8	-232.9	104.1	
42.6	40.1	-218.2	22.9	
20.5	32.8	-200.9	-6.6	
-38.6	42.6	-171.4	222.2	
-85.3	35.2	-151.7	192.7	
-58.3	35.2	-129.6	-9.1	
-23.8	45.1	-109.9	18.0	
-38.6	45.1	-90.2	121.3	
-16.4	52.4	-87.8	113.9	
32.8	50.0	-107.5	86.9	
45.1	35.2	-122.2	-55.8	
47.5	47.5	-97.6	-75.5	
37.7	45.1	-58.3	10.6	
40.1	42.6	-36.1	30.3	
50.0	47.5	-18.9	113.9	
32.8	47.5	-16.4	310.7	
20.5	52.4	-16.4	214.8	
30.3	50.0	-4.1	106.6	
47.5	47.5	-4.1	-55.8	
57.4	47.5	15.5	-279.7	
18.0	45.1	20.5	-316.6	
-31.2	42.6	22.9	-176.3	
-48.4	42.6	5.7	91.8	
-43.5	35.2	15.5	74.6	
-23.8	40.1	18.0	0.8	
0.8	47.5	13.1	-119.8	
5.7	40.1	20.5	-50.9	
35.2	25.4	10.6	-97.6	
30.3	37.7	0.8	77.0	
47.5	27.8	-4.1	32.8	
52.4	27.8	-26.3	-73.0	
47.5	35.2	-31.2	30.3	
47.5	42.6	-14.0	163.1	
37.7	20.5	10.6	94.3	
32.8	20.5	20.5	-73.0	
27.8	35.2	42.6	-68.1	
27.8	25.4	45.1	109.0	
45.1	30.3	37.7	86.9	
62.3	30.3	50.0	77.0	
37.7	37.7	54.9	-68.1	
20.5	27.8	59.8	84.4	
22.9	40.1	52.4	67.2	
25.4	32.8	8.2	20.5	
20.5	18.0	27.8	64.7	
-1.7	20.5	37.7	-28.7	
0.8	25.4	40.1	-18.9	
-4.1	40.1	69.7	-41.0	
27.8	25.4	72.1	-53.3	
47.5	32.8	104.1	-38.6	
57.4	25.4	116.4	30.3	
82.0	30.3	131.2	-41.0	
91.8	35.2	126.2	-75.5	
94.3	27.8	153.3	-1.7	
96.7	32.8	148.4	121.3	
57.4	30.3	141.0	30.3	
35.2	32.8	131.2	54.9	
-21.4	35.2	153.3	-46.0	
-70.6	45.1	145.9	-166.5	
-85.3	47.5	165.6	-63.2	
-80.4	22.9	175.4	-97.6	
-60.7	32.8	163.1	-60.7	
-46.0	15.5	173.0	136.1	
-31.2	25.4	177.9	185.3	
-1.7	30.3	158.2	126.2	
13.1	-4.1	175.4	-146.8	
20.5	8.2	165.6	-228.0	
22.9	15.5	168.1	-272.3	
8.2	22.9	182.8	-134.5	
5.7	37.7	187.7	91.8	
-1.7	27.8	202.5	-23.8	
-23.8	-4.1	182.8	82.0	
-43.5	-9.1	158.2	177.9	
-26.3	10.6	170.5	27.8	
5.7	13.1	150.8	163.1	
30.3	40.1	141.0	303.4	
62.3	52.4	123.8	-156.7	
64.7	27.8	113.9	-260.0	
57.4	10.6	126.2	-50.9	
62.3	3.2	118.9	222.2	
45.1	15.5	136.1	214.8	
35.2	22.9	118.9	143.5	
-11.5	18.0	111.5	101.6	
-38.6	13.1	118.9	-26.3	
-70.6	27.8	143.5	-14.0	
-50.9	15.5	141.0	27.8	
-33.7	8.2	128.7	126.2	
0.8	0.8	123.8	18.0	
35.2	3.2	109.0	18.0	
42.6	13.1	138.5	0.8	
59.8	27.8	158.2	-58.3	
74.6	27.8	182.8	-60.7	
123.8	37.7	190.2	0.8	
131.2	22.9	190.2	177.9	
109.0	25.4	205.0	109.0	
74.6	5.7	222.2	30.3	
25.4	5.7	232.0	74.6	
13.1	15.5	271.4	244.3	
-31.2	20.5	300.9	74.6	
-33.7	35.2	332.9	-70.6	
-38.6	35.2	364.9	-70.6	
-63.2	64.7	396.8	-107.5	
-53.3	54.9	443.6	-68.1	
-31.2	42.6	478.0	54.9	
-31.2	42.6	522.3	10.6	
-46.0	25.4	576.4	133.6	
-58.3	18.0	635.5	27.8	
-80.4	27.8	645.3	-41.0	
-75.5	22.9	593.6	-63.2	
-43.5	25.4	554.3	32.8	
-1.7	22.9	465.7	163.1	
18.0	32.8	310.7	59.8	
50.0	37.7	155.8	-63.2	
54.9	20.5	-18.9	-85.3	
59.8	18.0	-151.7	-85.3	
47.5	25.4	-260.0	5.7	
18.0	20.5	-284.6	-43.5	
-1.7	27.8	-296.9	8.2	
-36.1	20.5	-301.8	84.4	
-53.3	22.9	-282.1	13.1	
-33.7	27.8	-240.3	74.6	
-23.8	20.5	-235.4	-50.9	
-31.2	25.4	-230.5	-282.1	
-21.4	13.1	-203.4	-205.9	
3.2	20.5	-203.4	128.7	
25.4	22.9	-203.4	72.1	
37.7	8.2	-176.3	-21.4	
52.4	13.1	-156.7	-31.2	
72.1	0.8	-154.2	-141.9	
99.2	20.5	-149.3	271.4	
101.6	10.6	-151.7	155.8	
94.3	-14.0	-127.1	-82.9	
126.2	0.8	-122.2	54.9	
116.4	15.5	-105.0	22.9	
148.4	40.1	-80.4	18.0	
133.6	45.1	-60.7	18.0	
77.0	35.2	-36.1	35.2	
-11.5	50.0	-26.3	8.2	
-43.5	57.4	15.5	-9.1	
-65.6	74.6	37.7	-14.0	
-75.5	45.1	62.3	10.6	
-75.5	27.8	72.1	0.8	
-60.7	62.3	91.8	-21.4	
-60.7	69.7	106.6	-9.1	
-43.5	57.4	101.6	-16.4	
-9.1	35.2	84.4	-6.6	
13.1	10.6	62.3	-6.6	
54.9	-1.7	40.1	-9.1	
64.7	22.9	22.9	-26.3	
35.2	18.0	-11.5	-9.1	
-16.4	5.7	-50.9	-46.0	
5.7	27.8	-60.7	-58.3	
0.8	22.9	-70.6	0.8	
-16.4	-16.4	-60.7	8.2	
-23.8	-4.1	-95.2	-21.4	
-23.8	32.8	-90.2	-16.4	
-26.3	37.7	-80.4	-1.7	
-23.8	40.1	-73.0	15.5	
-23.8	35.2	-73.0	3.2	
20.5	42.6	-60.7	-16.4	
59.8	32.8	-50.9	-4.1	
64.7	22.9	-75.5	30.3	
74.6	35.2	-90.2	0.8	
62.3	42.6	-109.9	-16.4	
62.3	25.4	-149.3	8.2	
45.1	15.5	-171.4	-31.2	
5.7	22.9	-191.1	-9.1	
-4.1	8.2	-173.9	-68.1	
45.1	0.8	-181.3	-134.5	
79.5	45.1	-171.4	-36.1	
67.2	37.7	-176.3	37.7	
13.1	27.8	-176.3	-11.5	
-36.1	15.5	-151.7	-18.9	
-73.0	32.8	-151.7	-87.8	
-41.0	62.3	-151.7	-178.8	
-26.3	77.0	-144.4	-60.7	
-41.0	86.9	-144.4	40.1	
-36.1	86.9	-144.4	192.7	
-36.1	64.7	-141.9	219.7	
-36.1	40.1	-139.4	187.7	
-6.6	20.5	-132.1	-272.3	
40.1	10.6	-95.2	-331.3	
79.5	47.5	-82.9	-95.2	
67.2	59.8	-80.4	293.5	
50.0	37.7	-73.0	62.3	
35.2	25.4	-80.4	-70.6	
15.5	18.0	-87.8	94.3	
-18.9	25.4	-80.4	45.1	
-60.7	30.3	-80.4	-112.4	
-80.4	37.7	-65.6	-107.5	
-58.3	47.5	-65.6	-38.6	
-21.4	64.7	-65.6	-95.2	
0.8	64.7	-48.4	35.2	
-6.6	54.9	-33.7	-146.8	
-9.1	35.2	0.8	-60.7	
3.2	47.5	18.0	145.9	
0.8	37.7	25.4	121.3	
15.5	52.4	40.1	35.2	
30.3	27.8	45.1	109.0	
40.1	30.3	59.8	-77.9	
54.9	-4.1	69.7	-181.3	
50.0	15.5	69.7	-139.4	
45.1	25.4	91.8	-36.1	
37.7	35.2	91.8	52.4	
37.7	32.8	99.2	109.0	
52.4	35.2	89.3	163.1	
50.0	45.1	104.1	0.8	
30.3	22.9	128.7	-208.3	
18.0	22.9	138.5	-161.6	
18.0	32.8	136.1	-23.8	
10.6	77.0	138.5	158.2	
15.5	69.7	138.5	163.1	
40.1	86.9	143.5	82.0	
57.4	77.0	138.5	-122.2	
52.4	74.6	136.1	18.0	
74.6	47.5	131.2	239.4	
96.7	42.6	128.7	99.2	
91.8	40.1	109.0	-100.1	
72.1	52.4	96.7	-58.3	
59.8	45.1	99.2	27.8	
27.8	59.8	96.7	52.4	
8.2	57.4	79.5	-4.1	
-48.4	50.0	77.0	-31.2	
-55.8	40.1	94.3	-139.4	
-38.6	57.4	86.9	-375.6	
-18.9	35.2	86.9	8.2	
-6.6	27.8	54.9	212.3	
5.7	32.8	42.6	84.4	
40.1	15.5	57.4	-166.5	
74.6	22.9	47.5	-267.4	
104.1	13.1	32.8	-198.5	
123.8	13.1	15.5	40.1	
131.2	3.2	-38.6	323.0	
138.5	3.2	-102.5	433.7	
123.8	-1.7	-95.2	0.8	
77.0	-9.1	-85.3	-144.4	
-6.6	-4.1	-109.9	-1.7	
-102.5	-9.1	-122.2	42.6	
-151.7	-18.9	-127.1	-63.2	
-164.0	-23.8	-124.7	-68.1	
-117.3	-14.0	-134.5	-48.4	
-46.0	-18.9	-141.9	-28.7	
-11.5	-18.9	-144.4	-18.9	
5.7	-4.1	-134.5	-28.7	
25.4	8.2	-146.8	-6.6	
62.3	0.8	-154.2	40.1	
57.4	3.2	-146.8	10.6	
22.9	0.8	-161.6	-55.8	
-36.1	-14.0	-151.7	-200.9	
-70.6	-9.1	-151.7	-144.4	
-127.1	0.8	-161.6	25.4	
-144.4	-16.4	-156.7	94.3	
-151.7	-4.1	-149.3	-4.1	
-149.3	5.7	-159.1	-65.6	
-105.0	0.8	-154.2	-68.1	
-46.0	0.8	-151.7	-21.4	
0.8	-4.1	-161.6	32.8	
8.2	8.2	-164.0	52.4	
42.6	20.5	-159.1	-53.3	
42.6	20.5	-171.4	-151.7	
47.5	20.5	-178.8	-11.5	
59.8	18.0	-169.0	-23.8	
72.1	25.4	-183.7	-132.1	
79.5	32.8	-178.8	-48.4	
86.9	25.4	-198.5	-43.5	
91.8	18.0	-213.2	-31.2	
99.2	25.4	-220.6	-50.9	
64.7	22.9	-218.2	13.1	
67.2	30.3	-230.5	42.6	
47.5	30.3	-240.3	5.7	
3.2	30.3	-260.0	-122.2	
-16.4	32.8	-262.4	-58.3	
-53.3	35.2	-267.4	10.6	
-68.1	35.2	-269.8	5.7	
-38.6	32.8	-267.4	8.2	
-14.0	32.8	-292.0	-1.7	
-4.1	32.8	-299.3	-4.1	
8.2	27.8	-294.4	5.7	
-9.1	30.3	-282.1	-4.1	
3.2	35.2	-284.6	8.2	
-6.6	27.8	-277.2	20.5	
-23.8	45.1	-262.4	25.4	
5.7	52.4	-250.1	32.8	
8.2	30.3	-237.8	64.7	
22.9	57.4	-230.5	89.3	
22.9	47.5	-210.8	59.8	
13.1	54.9	-198.5	42.6	
15.5	59.8	-171.4	-4.1	
22.9	59.8	-164.0	-70.6	
30.3	59.8	-176.3	-23.8	
42.6	52.4	-171.4	236.9	
54.9	57.4	-132.1	286.1	
59.8	59.8	-90.2	104.1	
62.3	57.4	-55.8	-232.9	
40.1	40.1	-48.4	-63.2	
35.2	52.4	-26.3	187.7	
35.2	64.7	8.2	180.4	
25.4	64.7	47.5	52.4	
8.2	57.4	101.6	8.2	
-11.5	64.7	131.2	15.5	
-23.8	64.7	168.1	67.2	
-33.7	57.4	197.6	101.6	
-23.8	69.7	212.3	82.0	
13.1	72.1	224.6	62.3	
67.2	72.1	241.9	47.5	
77.0	74.6	224.6	5.7	
52.4	62.3	224.6	42.6	
45.1	59.8	241.9	50.0	
69.7	64.7	266.5	40.1	
74.6	74.6	273.8	128.7	
67.2	69.7	251.7	145.9	
37.7	67.2	251.7	-53.3	
20.5	67.2	246.8	-102.5	
8.2	74.6	251.7	-85.3	
20.5	59.8	239.4	-55.8	
32.8	77.0	261.5	-28.7	
35.2	74.6	244.3	-75.5	
-9.1	79.5	222.2	-139.4	
-31.2	69.7	180.4	-188.6	
-21.4	67.2	158.2	-100.1	
-60.7	59.8	131.2	-73.0	
-65.6	59.8	118.9	-90.2	
-58.3	67.2	96.7	-139.4	
-28.7	72.1	77.0	-92.7	
-31.2	64.7	47.5	13.1	
-33.7	64.7	13.1	-38.6	
-16.4	77.0	-11.5	-173.9	
8.2	79.5	-33.7	-292.0	
37.7	89.3	-75.5	-205.9	
77.0	82.0	-117.3	-127.1	
94.3	72.1	-97.6	-92.7	
101.6	62.3	-58.3	-90.2	
69.7	62.3	-41.0	-85.3	
52.4	74.6	-73.0	-82.9	
42.6	69.7	-48.4	-82.9	
5.7	84.4	-41.0	-68.1	
-55.8	77.0	-28.7	-53.3	
-73.0	79.5	-9.1	-58.3	
-85.3	79.5	15.5	-14.0	
-33.7	52.4	30.3	69.7	
-1.7	72.1	54.9	-26.3	
-4.1	50.0	79.5	-23.8	
27.8	45.1	104.1	-38.6	
30.3	47.5	123.8	-43.5	
25.4	40.1	148.4	-60.7	
42.6	32.8	158.2	-65.6	
64.7	32.8	195.1	-31.2	
57.4	30.3	222.2	-112.4	
52.4	25.4	236.9	-92.7	
20.5	18.0	249.2	-60.7	
3.2	20.5	286.1	-82.9	
27.8	15.5	303.4	-107.5	
50.0	13.1	315.7	-127.1	
77.0	30.3	315.7	-124.7	
82.0	13.1	310.7	-137.0	
67.2	8.2	286.1	-154.2	
77.0	-1.7	291.1	-151.7	
77.0	0.8	330.4	-183.7	
79.5	3.2	350.1	-220.6	
74.6	-1.7	350.1	-257.5	
37.7	0.8	340.3	-272.3	
8.2	0.8	362.4	-272.3	
-18.9	-1.7	359.9	-292.0	
-4.1	-4.1	362.4	-400.2	
3.2	-4.1	350.1	-355.9	
-6.6	0.8	357.5	-363.3	
-38.6	-1.7	342.7	-336.2	
-55.8	-9.1	325.5	-336.2	
-53.3	0.8	308.3	-427.3	
-33.7	-4.1	291.1	-375.6	
-28.7	-1.7	273.8	-456.8	
-38.6	0.8	268.9	-412.5	
-48.4	22.9	239.4	-405.1	
-43.5	8.2	224.6	-351.0	
-23.8	-4.1	195.1	-392.8	
-4.1	20.5	195.1	-429.7	
25.4	13.1	195.1	-355.9	
35.2	13.1	200.0	-331.3	
30.3	18.0	222.2	-343.6	
30.3	3.2	239.4	-294.4	
20.5	-16.4	259.1	-255.1	
25.4	-11.5	278.8	-208.3	
27.8	0.8	320.6	-191.1	
22.9	18.0	379.6	-166.5	
8.2	8.2	446.0	-164.0	
10.6	-26.3	487.9	-75.5	
0.8	-50.9	519.8	15.5	
5.7	-38.6	586.3	20.5	
-11.5	-58.3	642.8	35.2	
0.8	-41.0	716.6	25.4	
0.8	5.7	783.1	45.1	
-6.6	3.2	839.6	187.7	
-1.7	10.6	886.4	192.7	
-1.7	10.6	913.4	170.5	
-9.1	-4.1	938.0	40.1	
-14.0	-26.3	935.6	22.9	
0.8	-33.7	928.2	10.6	
0.8	-21.4	891.3	288.6	
3.2	-28.7	847.0	497.7	
5.7	-58.3	775.7	335.3	
8.2	-55.8	692.0	330.4	
0.8	-31.2	603.5	335.3	
13.1	-38.6	497.7	320.6	
25.4	-6.6	394.4	288.6	
42.6	-1.7	278.8	330.4	
40.1	-1.7	185.3	337.8	
32.8	-11.5	89.3	320.6	
50.0	-21.4	8.2	332.9	
45.1	-9.1	-82.9	362.4	
52.4	-14.0	-144.4	345.2	
62.3	-33.7	-210.8	340.3	
72.1	-28.7	-250.1	382.1	
72.1	-18.9	-311.6	313.2	
69.7	-14.0	-331.3	330.4	
52.4	-11.5	-368.2	244.3	
52.4	-6.6	-385.4	207.4	
67.2	15.5	-392.8	244.3	
74.6	22.9	-392.8	246.8	
96.7	18.0	-405.1	254.2	
72.1	18.0	-410.0	320.6	
62.3	3.2	-407.6	200.0	
30.3	-1.7	-410.0	101.6	
27.8	-11.5	-402.7	-11.5	
42.6	-4.1	-397.7	104.1	
22.9	-18.9	-383.0	276.3	
0.8	-18.9	-365.8	293.5	
-58.3	-18.9	-358.4	45.1	
-82.9	-14.0	-383.0	0.8	
-58.3	-16.4	-392.8	104.1	
-41.0	3.2	-400.2	74.6	
-36.1	10.6	-424.8	40.1	
-43.5	13.1	-466.6	18.0	
-53.3	18.0	-506.0	-1.7	
-68.1	10.6	-582.2	-53.3	
-68.1	13.1	-663.4	-53.3	
-53.3	22.9	-774.1	-55.8	
-68.1	45.1	-902.0	-53.3	
-77.9	47.5	-1039.8	-46.0	
-82.9	47.5	-1212.0	-85.3	
-33.7	54.9	-1367.0	-97.6	
18.0	67.2	-1475.2	-122.2	
82.0	59.8	-1581.0	-100.1	
91.8	77.0	-1662.2	-114.8	
91.8	69.7	-1736.0	-159.1	
62.3	62.3	-1763.0	-141.9	
45.1	50.0	-1740.9	-144.4	
-1.7	50.0	-1704.0	-156.7	
-4.1	59.8	-1679.4	-161.6	
-9.1	59.8	-1635.1	-159.1	
-14.0	52.4	-1576.1	-122.2	
-6.6	52.4	-1502.3	-127.1	
15.5	64.7	-1428.5	-132.1	
86.9	47.5	-1362.1	-149.3	
94.3	52.4	-1295.6	-146.8	
91.8	52.4	-1221.8	-114.8	
113.9	42.6	-1165.3	-107.5	
128.7	74.6	-1106.2	-127.1	
148.4	67.2	-1037.3	-117.3	
148.4	64.7	-978.3	-137.0	
133.6	32.8	-911.9	-97.6	
77.0	22.9	-843.0	-95.2	
-4.1	35.2	-781.5	-85.3	
-46.0	52.4	-705.2	-144.4	
-38.6	50.0	-643.7	-97.6	
-50.9	40.1	-569.9	-77.9	
-63.2	35.2	-496.1	-80.4	
-82.9	27.8	-427.3	-80.4	
-63.2	18.0	-375.6	-23.8	
-63.2	20.5	-289.5	-58.3	
-63.2	8.2	-230.5	-31.2	
-31.2	3.2	-154.2	8.2	
-14.0	3.2	-95.2	79.5	
-1.7	27.8	-21.4	-14.0	
-9.1	15.5	30.3	-48.4	
0.8	0.8	84.4	0.8	
15.5	22.9	136.1	96.7	
32.8	15.5	165.6	111.5	
47.5	37.7	200.0	148.4	
52.4	40.1	227.1	168.1	
62.3	13.1	214.8	175.4	
64.7	20.5	241.9	197.6	
79.5	10.6	234.5	192.7	
74.6	0.8	244.3	276.3	
62.3	-14.0	232.0	286.1	
30.3	-23.8	212.3	286.1	
-4.1	-46.0	207.4	251.7	
-36.1	-31.2	202.5	197.6	
-63.2	-14.0	187.7	205.0	
-48.4	-16.4	175.4	246.8	
-43.5	-11.5	160.7	453.4	
-28.7	-14.0	163.1	448.5	
-6.6	25.4	158.2	207.4	
0.8	18.0	165.6	266.5	
-1.7	30.3	205.0	286.1	
22.9	25.4	232.0	106.6	
32.8	32.8	259.1	177.9	
15.5	22.9	303.4	143.5	
27.8	20.5	350.1	163.1	
52.4	20.5	399.3	192.7	
54.9	8.2	448.5	180.4	
62.3	15.5	495.2	113.9	
52.4	27.8	524.8	-1.7	
40.1	27.8	576.4	-48.4	
42.6	27.8	605.9	-21.4	
64.7	27.8	640.4	-4.1	
74.6	47.5	674.8	128.7	
101.6	47.5	684.7	96.7	
67.2	52.4	689.6	20.5	
50.0	52.4	689.6	-1.7	
57.4	50.0	682.2	-26.3	
62.3	54.9	672.4	-43.5	
54.9	64.7	657.6	-50.9	
30.3	64.7	618.2	-68.1	
15.5	69.7	571.5	-9.1	
-36.1	72.1	517.4	32.8	
-23.8	67.2	460.8	30.3	
25.4	84.4	399.3	20.5	
67.2	86.9	337.8	5.7	
104.1	89.3	281.2	5.7	
101.6	91.8	227.1	-58.3	
59.8	84.4	170.5	-21.4	
20.5	94.3	128.7	-58.3	
-43.5	94.3	77.0	-58.3	
-97.6	99.2	37.7	40.1	
-146.8	96.7	5.7	69.7	
-191.1	99.2	-21.4	5.7	
-191.1	109.0	-38.6	-53.3	
-215.7	113.9	-41.0	-46.0	
-149.3	113.9	-38.6	-31.2	
-60.7	111.5	-50.9	-36.1	
-6.6	138.5	-46.0	-70.6	
8.2	141.0	-43.5	-31.2	
27.8	123.8	-46.0	-16.4	
57.4	109.0	-46.0	-21.4	
52.4	96.7	-38.6	-23.8	
54.9	106.6	-26.3	-23.8	
82.0	118.9	-26.3	-21.4	
89.3	123.8	-4.1	-26.3	
67.2	133.6	18.0	-48.4	
57.4	145.9	32.8	-77.9	
67.2	155.8	47.5	-87.8	
64.7	165.6	57.4	-73.0	
69.7	163.1	57.4	-60.7	
45.1	150.8	59.8	-65.6	
22.9	168.1	40.1	-90.2	
-38.6	190.2	45.1	-77.9	
-33.7	192.7	37.7	-92.7	
20.5	182.8	32.8	-65.6	
47.5	175.4	40.1	-85.3	
54.9	170.5	45.1	-97.6	
59.8	143.5	57.4	-87.8	
42.6	138.5	72.1	-100.1	
40.1	133.6	72.1	-114.8	
40.1	109.0	84.4	-107.5	
50.0	123.8	91.8	-85.3	
13.1	94.3	116.4	-90.2	
-16.4	96.7	131.2	-92.7	
-53.3	121.3	133.6	-102.5	
-26.3	113.9	143.5	-87.8	
-1.7	106.6	163.1	-100.1	
22.9	67.2	163.1	-124.7	
18.0	109.0	160.7	-114.8	
27.8	86.9	168.1	-92.7	
35.2	67.2	182.8	-97.6	
27.8	54.9	185.3	-105.0	
64.7	42.6	175.4	-80.4	
79.5	18.0	170.5	-53.3	
89.3	20.5	168.1	-55.8	
91.8	-1.7	155.8	-80.4	
64.7	-28.7	150.8	-73.0	
52.4	-41.0	143.5	-28.7	
22.9	-46.0	145.9	-144.4	
-1.7	-60.7	143.5	-132.1	
-33.7	-70.6	141.0	-68.1	
-46.0	-70.6	133.6	-26.3	
-73.0	-85.3	141.0	18.0	
-73.0	-75.5	141.0	10.6	
-75.5	-95.2	131.2	-114.8	
-55.8	-117.3	126.2	-85.3	
-28.7	-144.4	111.5	-50.9	
-11.5	-156.7	91.8	-48.4	
3.2	-144.4	77.0	-63.2	
13.1	-154.2	57.4	-41.0	
5.7	-159.1	50.0	-31.2	
8.2	-181.3	35.2	-33.7	
8.2	-191.1	22.9	-1.7	
18.0	-176.3	5.7	-21.4	
18.0	-193.6	-26.3	-70.6	
13.1	-186.2	-41.0	5.7	
30.3	-181.3	-55.8	20.5	
40.1	-181.3	-63.2	-36.1	
37.7	-173.9	-41.0	-43.5	
35.2	-176.3	-43.5	-43.5	
30.3	-183.7	-28.7	-1.7	
35.2	-183.7	-18.9	-4.1	
42.6	-193.6	-6.6	13.1	
42.6	-191.1	20.5	62.3	
40.1	-176.3	18.0	91.8	
8.2	-144.4	40.1	101.6	
-14.0	-100.1	45.1	99.2	
-28.7	-63.2	50.0	72.1	
-14.0	-36.1	64.7	-4.1	
-4.1	-16.4	69.7	109.0	
8.2	13.1	79.5	123.8	
-18.9	27.8	106.6	45.1	
-23.8	42.6	121.3	20.5	
-14.0	52.4	141.0	47.5	
22.9	52.4	143.5	111.5	
22.9	47.5	170.5	121.3	
10.6	62.3	170.5	40.1	
-1.7	57.4	190.2	84.4	
5.7	64.7	195.1	101.6	
10.6	64.7	202.5	96.7	
10.6	72.1	207.4	91.8	
-11.5	72.1	234.5	94.3	
-36.1	57.4	239.4	89.3	
-55.8	64.7	251.7	91.8	
-58.3	69.7	283.7	84.4	
-68.1	59.8	288.6	96.7	
-36.1	77.0	305.8	82.0	
-11.5	67.2	313.2	64.7	
15.5	72.1	315.7	67.2	
32.8	67.2	328.0	67.2	
45.1	74.6	332.9	52.4	
69.7	72.1	335.3	35.2	
77.0	77.0	350.1	45.1	
82.0	82.0	350.1	42.6	
77.0	64.7	345.2	42.6	
57.4	67.2	355.0	40.1	
37.7	64.7	357.5	30.3	
15.5	62.3	337.8	25.4	
27.8	74.6	355.0	42.6	
59.8	62.3	355.0	18.0	
42.6	59.8	335.3	42.6	
35.2	67.2	335.3	22.9	
22.9	62.3	337.8	8.2	
8.2	62.3	335.3	-14.0	
-11.5	62.3	342.7	-21.4	
-38.6	59.8	345.2	-16.4	
-75.5	64.7	357.5	-18.9	
-97.6	67.2	347.6	-14.0	
-117.3	62.3	362.4	-26.3	
-107.5	57.4	369.8	-16.4	
-87.8	45.1	372.2	-18.9	
-23.8	52.4	384.5	-21.4	
32.8	52.4	401.8	-21.4	
45.1	64.7	404.2	-16.4	
37.7	50.0	414.1	-38.6	
62.3	45.1	428.8	-33.7	
64.7	54.9	443.6	-23.8	
67.2	54.9	443.6	-28.7	
59.8	59.8	453.4	-31.2	
25.4	47.5	458.3	-28.7	
-11.5	57.4	470.6	-28.7	
8.2	40.1	470.6	-31.2	
-4.1	52.4	473.1	-18.9	
-11.5	59.8	463.3	-31.2	
-23.8	59.8	468.2	-26.3	
-26.3	57.4	446.0	-33.7	
-26.3	42.6	426.4	-21.4	
-6.6	52.4	416.5	-21.4	
77.0	47.5	391.9	-26.3	
197.6	47.5	384.5	-43.5	
232.0	62.3	357.5	-31.2	
190.2	50.0	330.4	-33.7	
126.2	47.5	330.4	-33.7	
111.5	64.7	313.2	-31.2	
67.2	64.7	308.3	-16.4	
3.2	52.4	293.5	-38.6	
-73.0	52.4	283.7	-28.7	
-164.0	57.4	276.3	-28.7	
-272.3	54.9	254.2	-31.2	
-279.7	52.4	232.0	-28.7	
-220.6	57.4	212.3	-33.7	
-129.6	57.4	197.6	-43.5	
-70.6	59.8	185.3	-43.5	
-28.7	52.4	158.2	-50.9	
-9.1	40.1	145.9	-50.9	
0.8	54.9	126.2	-33.7	
5.7	47.5	106.6	-41.0	
40.1	47.5	99.2	-31.2	
67.2	47.5	77.0	-36.1	
94.3	54.9	54.9	-46.0	
128.7	42.6	27.8	-60.7	
131.2	62.3	-11.5	-31.2	
118.9	50.0	-55.8	-50.9	
91.8	52.4	-107.5	-31.2	
79.5	47.5	-146.8	-23.8	
47.5	50.0	-181.3	-18.9	
25.4	62.3	-225.5	-33.7	
13.1	59.8	-247.7	-23.8	
-1.7	74.6	-279.7	-4.1	
-23.8	52.4	-316.6	-23.8	
13.1	62.3	-348.5	-82.9	
35.2	62.3	-392.8	-55.8	
52.4	67.2	-422.3	-58.3	
42.6	64.7	-449.4	-92.7	
67.2	67.2	-478.9	-33.7	
64.7	69.7	-483.8	-6.6	
86.9	82.0	-506.0	-68.1	
118.9	82.0	-515.8	-134.5	
118.9	54.9	-520.7	-58.3	
86.9	57.4	-523.2	-26.3	
42.6	59.8	-533.0	-46.0	
-14.0	69.7	-533.0	-31.2	
-41.0	62.3	-530.6	-31.2	
-92.7	45.1	-528.1	-28.7	
-156.7	25.4	-523.2	-28.7	
-124.7	27.8	-523.2	-18.9	
-112.4	25.4	-486.3	-11.5	
-90.2	47.5	-493.7	-14.0	
-48.4	59.8	-469.1	3.2	
15.5	77.0	-454.3	32.8	
62.3	67.2	-429.7	52.4	
84.4	50.0	-400.2	45.1	
99.2	59.8	-383.0	5.7	
82.0	47.5	-363.3	15.5	
54.9	40.1	-336.2	-63.2	
27.8	69.7	-311.6	35.2	
32.8	82.0	-292.0	-6.6	
57.4	40.1	-274.7	-43.5	
116.4	64.7	-262.4	-33.7	
168.1	45.1	-255.1	-146.8	
182.8	37.7	-247.7	-139.4	
187.7	42.6	-245.2	-186.2	
131.2	57.4	-228.0	-92.7	
52.4	37.7	-213.2	-23.8	
-23.8	54.9	-203.4	104.1	
-159.1	32.8	-191.1	207.4	
-267.4	35.2	-183.7	121.3	
-299.3	18.0	-176.3	-38.6	
-218.2	8.2	-161.6	-137.0	
-132.1	20.5	-154.2	-97.6	
-75.5	30.3	-151.7	-18.9	
-38.6	27.8	-139.4	25.4	
-9.1	18.0	-122.2	254.2	
5.7	20.5	-114.8	209.9	
50.0	22.9	-114.8	22.9	
82.0	20.5	-105.0	-4.1	
84.4	20.5	-100.1	5.7	
84.4	18.0	-80.4	20.5	
67.2	18.0	-75.5	5.7	
54.9	13.1	-63.2	5.7	
57.4	-1.7	-60.7	13.1	
57.4	3.2	-46.0	54.9	
64.7	0.8	-33.7	52.4	
82.0	0.8	-28.7	30.3	
86.9	0.8	-14.0	-9.1	
104.1	3.2	-11.5	-23.8	
128.7	-4.1	0.8	-18.9	
106.6	-6.6	-4.1	-21.4	
82.0	-4.1	5.7	-4.1	
72.1	-4.1	8.2	0.8	
54.9	3.2	10.6	13.1	
35.2	-11.5	15.5	22.9	
10.6	-14.0	22.9	13.1	
-16.4	-14.0	22.9	13.1	
-58.3	-4.1	25.4	25.4	
-55.8	3.2	30.3	5.7	
-18.9	-1.7	20.5	37.7	
22.9	-6.6	30.3	-11.5	
27.8	-14.0	35.2	-36.1	
0.8	-14.0	27.8	-48.4	
-21.4	-6.6	30.3	-28.7	
-28.7	-14.0	30.3	-11.5	
-41.0	-4.1	30.3	0.8	
-60.7	-1.7	35.2	-14.0	
-68.1	-9.1	42.6	-4.1	
-68.1	-6.6	27.8	13.1	
-33.7	-1.7	25.4	32.8	
20.5	-4.1	20.5	45.1	
74.6	-14.0	5.7	40.1	
84.4	0.8	-6.6	30.3	
104.1	-14.0	-16.4	5.7	
91.8	0.8	0.8	-11.5	
84.4	-9.1	5.7	27.8	
84.4	8.2	27.8	30.3	
35.2	3.2	45.1	25.4	
-6.6	3.2	47.5	30.3	
-26.3	-1.7	77.0	45.1	
-6.6	10.6	96.7	52.4	
3.2	0.8	126.2	52.4	
-14.0	-6.6	163.1	52.4	
-38.6	13.1	165.6	37.7	
-82.9	8.2	192.7	0.8	
-55.8	18.0	209.9	15.5	
-43.5	20.5	214.8	10.6	
-31.2	20.5	227.1	20.5	
-16.4	20.5	236.9	37.7	
0.8	20.5	241.9	54.9	
5.7	8.2	244.3	32.8	
10.6	8.2	251.7	50.0	
-4.1	13.1	254.2	37.7	
0.8	13.1	254.2	3.2	
18.0	25.4	261.5	-14.0	
22.9	8.2	268.9	-6.6	
54.9	3.2	254.2	30.3	
77.0	5.7	249.2	37.7	
69.7	13.1	236.9	30.3	
50.0	15.5	232.0	35.2	
40.1	15.5	232.0	-4.1	
57.4	13.1	209.9	-9.1	
72.1	30.3	209.9	62.3	
79.5	18.0	205.0	96.7	
72.1	25.4	205.0	69.7	
3.2	18.0	202.5	20.5	
-31.2	30.3	180.4	-18.9	
-16.4	40.1	170.5	-43.5	
-11.5	27.8	170.5	-235.4	
13.1	35.2	158.2	-272.3	
0.8	32.8	155.8	-274.7	
-11.5	32.8	145.9	-390.4	
5.7	37.7	150.8	-198.5	
18.0	27.8	145.9	217.3	
15.5	27.8	113.9	559.2	
0.8	25.4	123.8	303.4	
-21.4	20.5	109.0	32.8	
-14.0	50.0	94.3	-188.6	
-14.0	27.8	96.7	89.3	
-21.4	42.6	89.3	244.3	
-23.8	35.2	79.5	118.9	
3.2	45.1	84.4	30.3	
22.9	42.6	54.9	-48.4	
47.5	42.6	69.7	-31.2	
54.9	18.0	59.8	-63.2	
67.2	13.1	52.4	-139.4	
77.0	8.2	69.7	-70.6	
91.8	22.9	69.7	-124.7	
79.5	40.1	67.2	-149.3	
27.8	35.2	54.9	-166.5	
0.8	50.0	62.3	-129.6	
5.7	59.8	57.4	-132.1	
10.6	62.3	59.8	-31.2	
15.5	59.8	52.4	116.4	
-4.1	59.8	45.1	234.5	
-43.5	54.9	52.4	234.5	
-63.2	57.4	45.1	86.9	
-50.9	47.5	47.5	-134.5	
-68.1	54.9	37.7	-178.8	
-75.5	52.4	30.3	-198.5	
-33.7	72.1	35.2	-292.0	
-16.4	45.1	30.3	-68.1	
-16.4	40.1	25.4	197.6	
0.8	37.7	27.8	-50.9	
-4.1	32.8	15.5	-46.0	
3.2	15.5	0.8	-90.2	
30.3	22.9	0.8	-191.1	
99.2	-1.7	-9.1	30.3	
121.3	-6.6	5.7	141.0	
133.6	-21.4	5.7	-14.0	
111.5	-14.0	-6.6	69.7	
79.5	-9.1	-9.1	-58.3	
50.0	-21.4	-14.0	-141.9	
77.0	-1.7	-23.8	-178.8	
67.2	-14.0	-26.3	-105.0	
32.8	8.2	-43.5	-80.4	
15.5	22.9	-53.3	30.3	
-11.5	30.3	-48.4	-70.6	
-60.7	25.4	-55.8	-14.0	
-46.0	18.0	-58.3	-100.1	
-21.4	40.1	-53.3	35.2	
-58.3	54.9	-53.3	57.4	
-117.3	47.5	-55.8	-134.5	
-134.5	57.4	-70.6	-336.2	
-75.5	74.6	-75.5	-237.8	
-46.0	62.3	-85.3	-65.6	
-50.9	62.3	-90.2	-87.8	
-31.2	20.5	-97.6	-90.2	
32.8	35.2	-90.2	-92.7	
109.0	62.3	-90.2	163.1	
175.4	59.8	-105.0	109.0	
190.2	82.0	-107.5	-77.9	
168.1	74.6	-112.4	-77.9	
113.9	62.3	-92.7	-132.1	
3.2	57.4	-85.3	-200.9	
-55.8	54.9	-85.3	-137.0	
-141.9	57.4	-107.5	-114.8	
-200.9	64.7	-124.7	-122.2	
-151.7	57.4	-117.3	-77.9	
-114.8	50.0	-119.8	-63.2	
-95.2	47.5	-114.8	-166.5	
-16.4	45.1	-112.4	-154.2	
54.9	54.9	-102.5	-16.4	
96.7	54.9	-117.3	-87.8	
94.3	47.5	-119.8	-223.1	
101.6	37.7	-102.5	-301.8	
113.9	45.1	-112.4	-181.3	
106.6	37.7	-100.1	153.3	
89.3	45.1	-100.1	288.6	
67.2	40.1	-95.2	288.6	
13.1	37.7	-77.9	99.2	
-33.7	40.1	-75.5	-107.5	
-70.6	35.2	-68.1	-230.5	
-55.8	22.9	-63.2	35.2	
-48.4	35.2	-60.7	50.0	
-46.0	22.9	-65.6	74.6	
-53.3	32.8	-46.0	-1.7	
-41.0	30.3	-48.4	-58.3	
-33.7	27.8	-33.7	25.4	
10.6	42.6	-28.7	155.8	
25.4	40.1	-26.3	96.7	
59.8	40.1	-6.6	-92.7	
57.4	40.1	-9.1	-127.1	
62.3	42.6	0.8	50.0	
57.4	37.7	10.6	86.9	
74.6	27.8	15.5	-169.0	
74.6	37.7	35.2	-26.3	
86.9	35.2	45.1	67.2	
47.5	25.4	59.8	-36.1	
-26.3	30.3	89.3	214.8	
-65.6	25.4	99.2	145.9	
-90.2	30.3	106.6	-38.6	
-63.2	27.8	123.8	-171.4	
-55.8	22.9	123.8	-267.4	
-60.7	27.8	138.5	-166.5	
-21.4	32.8	145.9	-48.4	
0.8	32.8	145.9	173.0	
20.5	37.7	150.8	219.7	
20.5	42.6	150.8	251.7	
10.6	40.1	148.4	200.0	
5.7	35.2	131.2	131.2	
5.7	40.1	128.7	-26.3	
-1.7	42.6	121.3	-43.5	
18.0	50.0	94.3	96.7	
59.8	37.7	84.4	27.8	
101.6	40.1	79.5	-102.5	
133.6	42.6	86.9	-90.2	
138.5	35.2	79.5	-77.9	
116.4	50.0	86.9	-68.1	
89.3	32.8	74.6	-169.0	
62.3	40.1	86.9	244.3	
32.8	52.4	116.4	441.1	
-6.6	57.4	118.9	320.6	
-41.0	54.9	128.7	8.2	
-31.2	52.4	155.8	168.1	
-36.1	40.1	163.1	192.7	
-26.3	40.1	182.8	133.6	
-1.7	37.7	190.2	109.0	
15.5	40.1	217.3	195.1	
42.6	40.1	227.1	82.0	
52.4	47.5	229.6	18.0	
54.9	47.5	246.8	10.6	
35.2	50.0	249.2	-4.1	
15.5	54.9	251.7	52.4	
20.5	47.5	249.2	20.5	
45.1	37.7	254.2	-80.4	
32.8	47.5	266.5	-117.3	
15.5	25.4	254.2	116.4	
-11.5	40.1	278.8	273.8	
-4.1	40.1	266.5	182.8	
-4.1	40.1	264.0	308.3	
-23.8	30.3	261.5	22.9	
-36.1	30.3	259.1	-102.5	
-31.2	35.2	264.0	111.5	
-18.9	35.2	244.3	200.0	
-18.9	27.8	244.3	18.0	
-9.1	32.8	236.9	-33.7	
3.2	52.4	222.2	106.6	
15.5	50.0	214.8	298.4	
35.2	57.4	209.9	200.0	
59.8	72.1	200.0	89.3	
57.4	79.5	209.9	-134.5	
45.1	62.3	200.0	37.7	
50.0	62.3	207.4	96.7	
40.1	50.0	209.9	153.3	
40.1	52.4	202.5	205.0	
52.4	40.1	207.4	-1.7	
40.1	32.8	202.5	-102.5	
8.2	30.3	197.6	10.6	
-1.7	45.1	180.4	-11.5	
-1.7	25.4	175.4	-176.3	
-9.1	25.4	155.8	-232.9	
-1.7	18.0	148.4	-127.1	
-4.1	15.5	155.8	-122.2	
-6.6	15.5	160.7	94.3	
-4.1	0.8	153.3	-134.5	
-1.7	37.7	150.8	-53.3	
8.2	37.7	163.1	379.6	
13.1	50.0	170.5	323.0	
27.8	42.6	150.8	337.8	
40.1	35.2	138.5	394.4	
59.8	57.4	150.8	478.0	
52.4	89.3	138.5	99.2	
67.2	101.6	175.4	-50.9	
72.1	67.2	168.1	153.3	
67.2	20.5	175.4	57.4	
54.9	-9.1	165.6	-33.7	
32.8	-28.7	163.1	-100.1	
54.9	-26.3	163.1	113.9	
42.6	-11.5	175.4	340.3	
0.8	-9.1	192.7	136.1	
-6.6	-11.5	200.0	-112.4	
-26.3	-6.6	209.9	-247.7	
-26.3	-6.6	200.0	-141.9	
-21.4	0.8	185.3	288.6	
-28.7	8.2	170.5	106.6	
-43.5	8.2	153.3	-304.3	
-33.7	13.1	136.1	-260.0	
-36.1	18.0	101.6	-80.4	
-26.3	13.1	74.6	165.6	
-50.9	8.2	47.5	3.2	
-31.2	13.1	18.0	389.5	
-23.8	8.2	10.6	578.9	
-26.3	0.8	0.8	163.1	
-31.2	-14.0	-21.4	18.0	
-41.0	-1.7	-46.0	-21.4	
-38.6	-4.1	-68.1	-343.6	
-23.8	-1.7	-90.2	-397.7	
3.2	-4.1	-109.9	-678.2	
0.8	8.2	-117.3	-614.2	
-16.4	0.8	-117.3	143.5	
-6.6	20.5	-82.9	532.1	
3.2	35.2	-58.3	662.5	
32.8	32.8	-73.0	519.8	
45.1	20.5	-82.9	145.9	
40.1	25.4	-77.9	271.4	
64.7	13.1	-129.6	303.4	
57.4	8.2	-151.7	229.6	
32.8	0.8	-178.8	328.0	
8.2	8.2	-169.0	249.2	
22.9	0.8	-188.6	239.4	
37.7	5.7	-225.5	251.7	
45.1	5.7	-237.8	96.7	
32.8	18.0	-235.4	-92.7	
22.9	13.1	-193.6	-139.4	
0.8	15.5	-156.7	-114.8	
0.8	13.1	-119.8	-122.2	
20.5	5.7	-105.0	-171.4	
30.3	5.7	-112.4	-132.1	
32.8	18.0	-107.5	-75.5	
35.2	20.5	-105.0	-198.5	
54.9	22.9	-122.2	-296.9	
52.4	22.9	-124.7	-144.4	
35.2	25.4	-151.7	202.5	
27.8	30.3	-191.1	-109.9	
0.8	18.0	-171.4	128.7	
-26.3	30.3	-171.4	74.6	
-26.3	27.8	-173.9	-4.1	
-26.3	22.9	-151.7	195.1	
-36.1	20.5	-156.7	138.5	
-23.8	35.2	-117.3	222.2	
-11.5	54.9	-146.8	54.9	
-11.5	45.1	-139.4	-269.8	
3.2	50.0	-141.9	-18.9	
8.2	50.0	-132.1	-11.5	
5.7	37.7	-124.7	25.4	
-9.1	25.4	-105.0	431.3	
-14.0	59.8	-117.3	126.2	
-6.6	77.0	-109.9	-205.9	
-6.6	59.8	-127.1	-171.4	
-1.7	35.2	-139.4	-282.1	
8.2	50.0	-156.7	-481.4	
22.9	42.6	-196.0	-385.4	
57.4	37.7	-186.2	-191.1	
50.0	50.0	-203.4	355.0	
52.4	52.4	-198.5	337.8	
47.5	52.4	-203.4	524.8	
57.4	50.0	-198.5	182.8	
67.2	45.1	-218.2	89.3	
52.4	30.3	-223.1	-28.7	
30.3	18.0	-181.3	-129.6	
-6.6	22.9	-156.7	62.3	
-14.0	30.3	-127.1	-100.1	
0.8	15.5	-92.7	-139.4	
8.2	15.5	-65.6	-36.1	
0.8	13.1	-38.6	-102.5	
15.5	37.7	3.2	59.8	
37.7	57.4	35.2	-186.2	
45.1	37.7	67.2	-269.8	
30.3	40.1	62.3	-6.6	
15.5	32.8	30.3	45.1	
-6.6	27.8	27.8	104.1	
-18.9	40.1	-14.0	8.2	
-11.5	69.7	-28.7	-70.6	
-21.4	64.7	-58.3	382.1	
-38.6	47.5	-50.9	465.7	
-23.8	13.1	-28.7	374.7	
-21.4	10.6	-18.9	313.2	
8.2	3.2	-31.2	367.3	
27.8	-9.1	-31.2	-1.7	
72.1	0.8	-21.4	-769.2	
89.3	8.2	-6.6	-141.9	
89.3	27.8	-21.4	177.9	
91.8	57.4	-48.4	-132.1	
72.1	47.5	-73.0	-235.4	
20.5	32.8	-117.3	-73.0	
18.0	0.8	-97.6	175.4	
18.0	-11.5	-85.3	227.1	
47.5	-1.7	-90.2	106.6	
50.0	18.0	-117.3	-6.6	
40.1	27.8	-141.9	-63.2	
50.0	22.9	-178.8	-466.6	
54.9	20.5	-210.8	-515.8	
37.7	5.7	-210.8	254.2	
8.2	-1.7	-242.8	529.7	
-31.2	22.9	-240.3	728.9	
-38.6	20.5	-240.3	155.8	
-46.0	15.5	-210.8	-144.4	
-18.9	25.4	-166.5	-28.7	
-9.1	30.3	-164.0	72.1	
0.8	45.1	-176.3	104.1	
8.2	37.7	-146.8	-186.2	
10.6	30.3	-154.2	-208.3	
22.9	30.3	-139.4	69.7	
25.4	25.4	-137.0	352.6	
25.4	18.0	-109.9	175.4	
22.9	15.5	-124.7	82.0	
18.0	18.0	-137.0	259.1	
15.5	15.5	-137.0	367.3	
-6.6	25.4	-134.5	-171.4	
-1.7	18.0	-132.1	-146.8	
-21.4	22.9	-139.4	118.9	
-33.7	22.9	-112.4	123.8	
-23.8	22.9	-117.3	-97.6	
-18.9	32.8	-134.5	-55.8	
-14.0	42.6	-169.0	25.4	
-1.7	47.5	-193.6	69.7	
3.2	47.5	-220.6	-11.5	
-4.1	52.4	-208.3	-272.3	
-1.7	27.8	-218.2	-240.3	
0.8	42.6	-230.5	54.9	
3.2	30.3	-237.8	517.4	
-6.6	32.8	-296.9	276.3	
-6.6	27.8	-360.8	-11.5	
-1.7	25.4	-417.4	-63.2	
-6.6	22.9	-456.8	5.7	
-16.4	30.3	-478.9	148.4	
-1.7	30.3	-496.1	160.7	
5.7	18.0	-535.5	32.8	
15.5	18.0	-555.2	148.4	
22.9	25.4	-594.5	-33.7	
40.1	22.9	-621.6	-97.6	
47.5	35.2	-626.5	-31.2	
57.4	25.4	-606.8	96.7	
69.7	35.2	-599.5	57.4	
50.0	40.1	-636.4	-178.8	
42.6	22.9	-626.5	-205.9	
59.8	40.1	-631.4	-50.9	
57.4	32.8	-629.0	182.8	
59.8	40.1	-626.5	106.6	
59.8	42.6	-594.5	20.5	
40.1	42.6	-550.3	113.9	
25.4	15.5	-528.1	-53.3	
22.9	35.2	-520.7	84.4	
5.7	32.8	-464.2	45.1	
-4.1	42.6	-427.3	57.4	
-31.2	40.1	-415.0	-100.1	
-36.1	35.2	-390.4	-306.7	
-38.6	25.4	-375.6	-134.5	
-38.6	35.2	-336.2	62.3	
-11.5	32.8	-294.4	251.7	
-26.3	35.2	-225.5	143.5	
-18.9	45.1	-186.2	-55.8	
-26.3	42.6	-132.1	-200.9	
-26.3	40.1	-92.7	50.0	
-31.2	42.6	-50.9	54.9	
-36.1	40.1	-4.1	-252.6	
-16.4	32.8	18.0	-50.9	
10.6	35.2	59.8	72.1	
42.6	35.2	89.3	-351.0	
101.6	15.5	-274.7	-41.0	
121.3	32.8	-277.2	106.6	
74.6	22.9	-274.7	64.7	
0.8	37.7	-267.4	-31.2	
-87.8	64.7	-279.7	-11.5	
-127.1	69.7	-287.0	-14.0	
-127.1	27.8	-269.8	-16.4	
-114.8	5.7	-262.4	-21.4	
-65.6	-26.3	-257.5	47.5	
-38.6	-4.1	-245.2	-4.1	
-26.3	-9.1	-232.9	-50.9	
37.7	-14.0	-215.7	-68.1	
101.6	-26.3	-205.9	-58.3	
69.7	-18.9	-193.6	-68.1	
52.4	-4.1	-203.4	-117.3	
32.8	-6.6	-208.3	-100.1	
-11.5	20.5	-200.9	-149.3	
-21.4	74.6	-203.4	-198.5	
-6.6	77.0	-188.6	-191.1	
13.1	79.5	-176.3	-149.3	
18.0	18.0	-186.2	-220.6	
42.6	32.8	-181.3	-267.4	
50.0	32.8	-173.9	-240.3	
35.2	8.2	-171.4	-269.8	
27.8	-4.1	-171.4	-149.3	
20.5	-6.6	-171.4	-161.6	
-33.7	15.5	-159.1	-225.5	
-41.0	45.1	-132.1	-171.4	
-82.9	62.3	-122.2	-80.4	
-107.5	35.2	-146.8	-97.6	
-80.4	30.3	-134.5	-196.0	
-46.0	15.5	-119.8	-164.0	
-31.2	10.6	-102.5	-166.5	
-9.1	3.2	-90.2	-176.3	
35.2	5.7	-92.7	-146.8	
64.7	20.5	-85.3	-151.7	
72.1	22.9	-77.9	-114.8	
77.0	35.2	-58.3	-90.2	
54.9	35.2	-36.1	-97.6	
20.5	10.6	-23.8	-100.1	
15.5	20.5	-16.4	-92.7	
27.8	25.4	-1.7	-65.6	
47.5	22.9	-9.1	-16.4	
45.1	37.7	-4.1	18.0	
59.8	45.1	5.7	-4.1	
89.3	54.9	-1.7	-33.7	
99.2	27.8	5.7	-132.1	
72.1	37.7	10.6	-58.3	
62.3	47.5	10.6	-50.9	
59.8	32.8	37.7	-26.3	
32.8	22.9	57.4	-11.5	
-4.1	13.1	57.4	-28.7	
-31.2	13.1	47.5	-73.0	
-33.7	15.5	64.7	-85.3	
-26.3	22.9	72.1	-55.8	
-14.0	74.6	74.6	-85.3	
30.3	67.2	86.9	-41.0	
37.7	47.5	67.2	-95.2	
35.2	20.5	79.5	-58.3	
8.2	13.1	77.0	-6.6	
-18.9	0.8	69.7	-55.8	
-36.1	0.8	69.7	-50.9	
-26.3	5.7	47.5	18.0	
-6.6	10.6	22.9	-63.2	
20.5	15.5	-11.5	-58.3	
30.3	15.5	-68.1	13.1	
22.9	18.0	-119.8	0.8	
8.2	18.0	-164.0	-82.9	
42.6	15.5	-235.4	-92.7	
50.0	27.8	-301.8	-75.5	
52.4	35.2	-368.2	-11.5	
45.1	25.4	-434.6	-21.4	
35.2	27.8	-491.2	25.4	
74.6	32.8	-550.3	15.5	
79.5	18.0	-584.7	10.6	
64.7	37.7	-614.2	0.8	
52.4	32.8	-631.4	-26.3	
30.3	30.3	-643.7	25.4	
13.1	25.4	-643.7	50.0	
-9.1	45.1	-663.4	-1.7	
3.2	42.6	-661.0	-33.7	
22.9	25.4	-621.6	50.0	
22.9	35.2	-614.2	32.8	
25.4	32.8	-597.0	15.5	
32.8	27.8	-567.5	-60.7	
52.4	37.7	-518.3	-26.3	
77.0	32.8	-476.5	-4.1	
59.8	35.2	-429.7	86.9	
22.9	32.8	-395.3	111.5	
-16.4	30.3	-323.9	-38.6	
-41.0	30.3	-314.1	-171.4	
-53.3	27.8	-274.7	-156.7	
-23.8	30.3	-250.1	-112.4	
-33.7	37.7	-235.4	-9.1	
-50.9	40.1	-228.0	-82.9	
-87.8	40.1	-208.3	-68.1	
-85.3	27.8	-203.4	-21.4	
-53.3	32.8	-220.6	-9.1	
-28.7	25.4	-208.3	-33.7	
-23.8	30.3	-228.0	-63.2	
-4.1	27.8	-218.2	-117.3	
-4.1	42.6	-218.2	-112.4	
18.0	30.3	-235.4	-68.1	
35.2	13.1	-237.8	-43.5	
32.8	27.8	-235.4	-60.7	
45.1	32.8	-245.2	-63.2	
32.8	27.8	-292.0	-31.2	
42.6	15.5	-292.0	-1.7	
54.9	30.3	-272.3	8.2	
62.3	22.9	-255.1	-33.7	
67.2	27.8	-264.9	-41.0	
64.7	35.2	-247.7	-90.2	
59.8	35.2	-269.8	-55.8	
50.0	27.8	-269.8	-21.4	
40.1	30.3	-250.1	-33.7	
42.6	25.4	-228.0	-21.4	
35.2	22.9	-188.6	-33.7	
45.1	35.2	-156.7	-75.5	
45.1	37.7	-122.2	-23.8	
47.5	37.7	-107.5	-70.6	
52.4	27.8	-68.1	3.2	
40.1	37.7	-58.3	104.1	
27.8	40.1	-50.9	0.8	
40.1	30.3	-31.2	-85.3	
40.1	35.2	-23.8	-21.4	
35.2	27.8	-1.7	64.7	
25.4	45.1	0.8	62.3	
8.2	37.7	3.2	25.4	
-11.5	45.1	40.1	-6.6	
0.8	45.1	32.8	-80.4	
10.6	37.7	64.7	13.1	
8.2	35.2	62.3	69.7	
-21.4	40.1	69.7	145.9	
-9.1	35.2	67.2	101.6	
5.7	45.1	86.9	54.9	
27.8	47.5	101.6	82.0	
40.1	42.6	104.1	177.9	
5.7	40.1	109.0	214.8	
-21.4	50.0	131.2	22.9	
-31.2	35.2	131.2	116.4	
-18.9	40.1	148.4	89.3	
-14.0	45.1	182.8	195.1	
-11.5	40.1	182.8	143.5	
-4.1	45.1	192.7	212.3	
8.2	42.6	209.9	180.4	
5.7	40.1	234.5	165.6	
18.0	45.1	244.3	141.0	
13.1	50.0	241.9	170.5	
5.7	30.3	264.0	175.4	
-16.4	42.6	268.9	148.4	
-18.9	52.4	273.8	118.9	
-28.7	52.4	281.2	131.2	
-21.4	37.7	300.9	195.1	
-11.5	40.1	300.9	148.4	
0.8	42.6	293.5	74.6	
-1.7	42.6	305.8	99.2	
18.0	47.5	296.0	104.1	
27.8	32.8	300.9	82.0	
35.2	37.7	300.9	77.0	
57.4	27.8	296.0	37.7	
96.7	37.7	300.9	40.1	
111.5	30.3	305.8	40.1	
148.4	45.1	305.8	72.1	
182.8	30.3	296.0	104.1	
148.4	37.7	303.4	40.1	
104.1	35.2	300.9	52.4	
52.4	30.3	293.5	54.9	
18.0	47.5	293.5	35.2	
-18.9	54.9	298.4	32.8	
-63.2	54.9	310.7	5.7	
-63.2	50.0	315.7	50.0	
-53.3	47.5	310.7	82.0	
-48.4	57.4	308.3	52.4	
-43.5	42.6	320.6	25.4	
-36.1	52.4	325.5	37.7	
-26.3	45.1	310.7	32.8	
-11.5	45.1	323.0	37.7	
10.6	47.5	320.6	50.0	
5.7	50.0	318.1	40.1	
-18.9	42.6	308.3	32.8	
-33.7	52.4	320.6	45.1	
10.6	47.5	328.0	27.8	
69.7	32.8	352.6	40.1	
77.0	42.6	362.4	22.9	
54.9	45.1	359.9	27.8	
18.0	50.0	369.8	25.4	
-11.5	45.1	377.2	22.9	
-33.7	50.0	391.9	27.8	
-53.3	52.4	391.9	32.8	
-85.3	50.0	399.3	18.0	
-87.8	47.5	409.1	-4.1	
-80.4	57.4	389.5	-31.2	
-58.3	52.4	411.6	-48.4	
-16.4	52.4	414.1	-70.6	
37.7	64.7	416.5	-73.0	
74.6	54.9	446.0	-53.3	
69.7	64.7	453.4	-16.4	
84.4	64.7	458.3	-60.7	
54.9	69.7	446.0	-85.3	
32.8	57.4	468.2	-85.3	
18.0	57.4	480.5	-53.3	
-1.7	52.4	482.9	-68.1	
-9.1	54.9	502.6	-65.6	
3.2	37.7	522.3	-77.9	
-11.5	30.3	527.2	-75.5	
-1.7	35.2	527.2	-102.5	
10.6	30.3	514.9	-65.6	
62.3	25.4	505.1	-48.4	
77.0	25.4	510.0	-26.3	
69.7	22.9	502.6	-55.8	
50.0	35.2	490.3	-58.3	
32.8	25.4	460.8	-73.0	
-4.1	37.7	428.8	-97.6	
-38.6	22.9	391.9	-23.8	
-11.5	10.6	350.1	30.3	
-4.1	8.2	286.1	-53.3	
-9.1	27.8	244.3	-90.2	
-14.0	18.0	207.4	-73.0	
-11.5	18.0	153.3	-80.4	
-18.9	40.1	101.6	-55.8	
-18.9	54.9	45.1	-31.2	
-26.3	40.1	-9.1	-46.0	
-9.1	62.3	-38.6	-141.9	
8.2	42.6	-87.8	-129.6	
27.8	54.9	-129.6	-55.8	
42.6	54.9	-151.7	-60.7	
8.2	62.3	-173.9	-53.3	
-14.0	62.3	-208.3	-23.8	
-28.7	62.3	-220.6	-9.1	
-36.1	74.6	-240.3	-95.2	
-21.4	77.0	-255.1	-109.9	
-11.5	74.6	-264.9	-60.7	
3.2	79.5	-267.4	-63.2	
15.5	77.0	-279.7	-28.7	
40.1	77.0	-289.5	-31.2	
52.4	84.4	-311.6	-97.6	
59.8	89.3	-294.4	-77.9	
57.4	77.0	-314.1	-60.7	
84.4	77.0	-323.9	-21.4	
96.7	69.7	-338.7	-70.6	
84.4	67.2	-341.2	-97.6	
72.1	79.5	-348.5	-9.1	
52.4	74.6	-358.4	-77.9	
10.6	52.4	-363.3	-176.3	
3.2	59.8	-373.1	-156.7	
0.8	64.7	-375.6	-68.1	
0.8	67.2	-373.1	-50.9	
-48.4	67.2	-355.9	-129.6	
-65.6	42.6	-375.6	-124.7	
-63.2	54.9	-365.8	-92.7	
-70.6	40.1	-368.2	-75.5	
-41.0	52.4	-363.3	-60.7	
0.8	47.5	-373.1	-82.9	
35.2	57.4	-380.5	-114.8	
40.1	82.0	-380.5	-100.1	
57.4	69.7	-390.4	-102.5	
67.2	47.5	-380.5	-75.5	
91.8	47.5	-380.5	-50.9	
113.9	50.0	-402.7	-58.3	
104.1	54.9	-405.1	-73.0	
94.3	64.7	-412.5	-73.0	
52.4	59.8	-400.2	-43.5	
37.7	59.8	-405.1	-31.2	
5.7	47.5	-407.6	-41.0	
-28.7	62.3	-392.8	-36.1	
-46.0	50.0	-387.9	-33.7	
-48.4	52.4	-383.0	-41.0	
-46.0	42.6	-355.9	-38.6	
-36.1	35.2	-348.5	-33.7	
-55.8	20.5	-336.2	-18.9	
-53.3	20.5	-333.8	-21.4	
-53.3	25.4	-316.6	-16.4	
-38.6	22.9	-287.0	-28.7	
-23.8	18.0	-257.5	-9.1	
-9.1	20.5	-237.8	0.8	
-4.1	15.5	-218.2	3.2	
-6.6	27.8	-188.6	15.5	
3.2	30.3	-171.4	13.1	
-11.5	22.9	-124.7	30.3	
3.2	8.2	-107.5	27.8	
8.2	8.2	-80.4	15.5	
22.9	0.8	-53.3	30.3	
32.8	-11.5	-36.1	22.9	
32.8	-4.1	8.2	27.8	
25.4	3.2	32.8	25.4	
22.9	10.6	47.5	37.7	
25.4	15.5	77.0	35.2	
25.4	22.9	104.1	37.7	
25.4	18.0	116.4	32.8	
37.7	20.5	128.7	35.2	
42.6	8.2	145.9	40.1	
57.4	10.6	150.8	40.1	
59.8	15.5	168.1	45.1	
37.7	32.8	190.2	52.4	
40.1	25.4	187.7	50.0	
32.8	37.7	200.0	42.6	
3.2	47.5	209.9	47.5	
-1.7	37.7	217.3	42.6	
0.8	27.8	224.6	40.1	
-18.9	13.1	227.1	54.9	
-6.6	8.2	234.5	50.0	
-1.7	18.0	249.2	59.8	
5.7	0.8	261.5	57.4	
3.2	-4.1	276.3	62.3	
5.7	-4.1	293.5	62.3	
15.5	3.2	303.4	54.9	
30.3	-1.7	308.3	59.8	
27.8	-21.4	330.4	52.4	
13.1	-26.3	335.3	54.9	
3.2	-18.9	352.6	57.4	
-9.1	-33.7	379.6	62.3	
0.8	-18.9	374.7	54.9	
22.9	-21.4	379.6	5.7	
37.7	-16.4	399.3	32.8	
10.6	-26.3	406.7	57.4	
-6.6	-9.1	411.6	54.9	
-26.3	-16.4	426.4	54.9	
8.2	-11.5	423.9	79.5	
3.2	-6.6	423.9	59.8	
-14.0	-18.9	441.1	15.5	
-18.9	-6.6	446.0	0.8	
-23.8	-11.5	448.5	37.7	
3.2	-9.1	448.5	57.4	
3.2	0.8	468.2	37.7	
35.2	8.2	470.6	32.8	
45.1	-6.6	475.6	47.5	
57.4	-16.4	492.8	32.8	
67.2	-16.4	505.1	22.9	
37.7	-21.4	505.1	42.6	
50.0	13.1	522.3	47.5	
54.9	35.2	527.2	40.1	
79.5	50.0	529.7	10.6	
94.3	37.7	546.9	-16.4	
62.3	27.8	546.9	-21.4	
37.7	40.1	554.3	32.8	
20.5	32.8	556.7	64.7	
37.7	22.9	559.2	-41.0	
62.3	10.6	564.1	15.5	
59.8	3.2	561.7	74.6	
27.8	0.8	546.9	109.0	
0.8	13.1	546.9	27.8	
0.8	27.8	529.7	-18.9	
0.8	30.3	522.3	-26.3	
-28.7	35.2	480.5	-124.7	
-58.3	30.3	468.2	10.6	
-97.6	25.4	436.2	47.5	
-137.0	27.8	409.1	20.5	
-107.5	37.7	382.1	40.1	
-68.1	35.2	345.2	52.4	
-63.2	35.2	318.1	67.2	
-97.6	25.4	298.4	-14.0	
-90.2	32.8	273.8	59.8	
-53.3	27.8	256.6	136.1	
-18.9	25.4	236.9	74.6	
13.1	40.1	224.6	25.4	
50.0	45.1	227.1	18.0	
84.4	37.7	200.0	25.4	
111.5	40.1	190.2	22.9	
89.3	30.3	177.9	27.8	
52.4	30.3	165.6	74.6	
27.8	50.0	155.8	57.4	
-9.1	35.2	148.4	18.0	
-55.8	42.6	133.6	22.9	
-87.8	22.9	116.4	18.0	
-134.5	25.4	106.6	-14.0	
-127.1	42.6	72.1	37.7	
-63.2	50.0	57.4	99.2	
-14.0	37.7	27.8	47.5	
47.5	37.7	18.0	-77.9	
99.2	35.2	3.2	-139.4	
118.9	20.5	-23.8	-21.4	
121.3	18.0	-28.7	-33.7	
133.6	22.9	-38.6	20.5	
106.6	30.3	-53.3	101.6	
101.6	20.5	-70.6	64.7	
91.8	22.9	-70.6	-92.7	
45.1	30.3	-82.9	-21.4	
25.4	47.5	-82.9	94.3	
-14.0	42.6	-87.8	79.5	
-1.7	42.6	-82.9	52.4	
-9.1	54.9	-80.4	52.4	
-11.5	52.4	-82.9	22.9	
-41.0	40.1	-65.6	32.8	
-48.4	40.1	-80.4	32.8	
-63.2	45.1	-68.1	32.8	
-50.9	45.1	-68.1	22.9	
-33.7	37.7	-63.2	5.7	
-14.0	30.3	-68.1	20.5	
5.7	40.1	-70.6	15.5	
47.5	35.2	-85.3	5.7	
77.0	35.2	-107.5	-9.1	
89.3	42.6	-105.0	-6.6	
123.8	40.1	-92.7	-11.5	
145.9	45.1	-107.5	-26.3	
160.7	32.8	-95.2	18.0	
158.2	25.4	-100.1	-9.1	
118.9	32.8	-102.5	-58.3	
91.8	37.7	-100.1	-11.5	
69.7	37.7	-102.5	47.5	
27.8	22.9	-92.7	62.3	
-38.6	30.3	-105.0	101.6	
-90.2	30.3	-85.3	86.9	
-100.1	45.1	-105.0	-18.9	
-87.8	45.1	-102.5	-53.3	
-65.6	42.6	-109.9	-65.6	
-58.3	40.1	-109.9	-58.3	
-33.7	35.2	-117.3	-43.5	
5.7	40.1	-124.7	-65.6	
40.1	45.1	-129.6	-73.0	
32.8	54.9	-134.5	-65.6	
20.5	50.0	-146.8	-85.3	
52.4	42.6	-156.7	-43.5	
89.3	47.5	-173.9	50.0	
96.7	62.3	-169.0	27.8	
77.0	59.8	-176.3	5.7	
37.7	59.8	-178.8	-18.9	
8.2	50.0	-176.3	-11.5	
-21.4	42.6	-178.8	-14.0	
-68.1	25.4	-181.3	-26.3	
-97.6	32.8	-181.3	-16.4	
-77.9	67.2	-191.1	-26.3	
-75.5	59.8	-183.7	-21.4	
-65.6	47.5	-186.2	-38.6	
-48.4	52.4	-196.0	-38.6	
-36.1	35.2	-200.9	-18.9	
-28.7	47.5	-215.7	-31.2	
-4.1	47.5	-210.8	-41.0	
20.5	64.7	-220.6	-23.8	
27.8	40.1	-230.5	-36.1	
-6.6	64.7	-247.7	-21.4	
-31.2	72.1	-242.8	-26.3	
3.2	84.4	-252.6	-36.1	
69.7	64.7	-257.5	-23.8	
104.1	54.9	-255.1	-23.8	
67.2	37.7	-255.1	-16.4	
67.2	22.9	-252.6	-14.0	
69.7	22.9	-250.1	-26.3	
57.4	13.1	-240.3	-21.4	
50.0	13.1	-230.5	-33.7	
52.4	22.9	-242.8	-21.4	
45.1	32.8	-218.2	-26.3	
18.0	22.9	-215.7	-1.7	
15.5	37.7	-218.2	-11.5	
-1.7	25.4	-208.3	-18.9	
-21.4	-1.7	-203.4	-1.7	
-21.4	3.2	-200.9	18.0	
-50.9	8.2	-200.9	-4.1	
-60.7	25.4	-191.1	-43.5	
-58.3	15.5	-188.6	-31.2	
-38.6	15.5	-176.3	-43.5	
-18.9	15.5	-186.2	-33.7	
13.1	18.0	-171.4	-26.3	
37.7	22.9	-161.6	-16.4	
37.7	18.0	-156.7	-48.4	
54.9	22.9	-151.7	-95.2	
84.4	15.5	-156.7	-100.1	
111.5	18.0	-139.4	-97.6	
116.4	8.2	-141.9	-151.7	
94.3	5.7	-124.7	-63.2	
74.6	0.8	-134.5	106.6	
86.9	-9.1	-119.8	94.3	
96.7	0.8	-114.8	30.3	
77.0	-1.7	-95.2	109.0	
5.7	-4.1	-90.2	86.9	
-73.0	10.6	-73.0	109.0	
-75.5	13.1	-80.4	-1.7	
-38.6	27.8	-60.7	-80.4	
-26.3	30.3	-63.2	-70.6	
-23.8	32.8	-50.9	-14.0	
-43.5	20.5	-48.4	18.0	
-65.6	20.5	-38.6	-6.6	
-63.2	5.7	-38.6	10.6	
-36.1	0.8	-41.0	10.6	
-31.2	8.2	-38.6	-21.4	
-14.0	10.6	-43.5	3.2	
-16.4	10.6	-46.0	8.2	
22.9	10.6	-60.7	40.1	
54.9	18.0	-65.6	30.3	
104.1	30.3	-73.0	72.1	
121.3	27.8	-80.4	77.0	
106.6	35.2	-105.0	-63.2	
106.6	15.5	-114.8	-105.0	
91.8	25.4	-112.4	-38.6	
57.4	10.6	-132.1	27.8	
25.4	10.6	-144.4	20.5	
-23.8	8.2	-154.2	8.2	
-68.1	25.4	-161.6	-6.6	
-107.5	32.8	-159.1	3.2	
-107.5	32.8	-161.6	3.2	
-73.0	5.7	-159.1	-26.3	
-46.0	10.6	-151.7	-33.7	
-31.2	10.6	-149.3	-1.7	
15.5	8.2	-139.4	5.7	
37.7	22.9	-107.5	10.6	
47.5	15.5	-90.2	5.7	
47.5	10.6	-73.0	0.8	
42.6	0.8	-68.1	10.6	
37.7	20.5	-31.2	22.9	
27.8	20.5	-1.7	18.0	
8.2	13.1	32.8	8.2	
-6.6	13.1	57.4	37.7	
-14.0	20.5	74.6	5.7	
-16.4	8.2	89.3	-65.6	
-6.6	8.2	116.4	-6.6	
-14.0	10.6	143.5	13.1	
-16.4	8.2	158.2	8.2	
-21.4	20.5	168.1	13.1	
-6.6	30.3	180.4	32.8	
5.7	37.7	185.3	10.6	
-4.1	27.8	207.4	35.2	
-28.7	22.9	190.2	40.1	
-18.9	22.9	192.7	3.2	
-4.1	20.5	197.6	8.2	
-16.4	25.4	192.7	18.0	
18.0	18.0	200.0	27.8	
35.2	32.8	192.7	-4.1	
47.5	22.9	197.6	-36.1	
50.0	13.1	202.5	-31.2	
42.6	13.1	200.0	-36.1	
25.4	15.5	192.7	-4.1	
64.7	22.9	202.5	35.2	
45.1	30.3	214.8	94.3	
40.1	18.0	212.3	57.4	
22.9	20.5	222.2	15.5	
8.2	15.5	229.6	18.0	
-16.4	27.8	232.0	35.2	
-4.1	30.3	241.9	32.8	
10.6	25.4	246.8	30.3	
-4.1	30.3	271.4	20.5	
-1.7	40.1	268.9	18.0	
-9.1	45.1	281.2	8.2	
-9.1	32.8	276.3	25.4	
3.2	52.4	288.6	22.9	
52.4	50.0	288.6	18.0	
109.0	35.2	298.4	25.4	
121.3	40.1	313.2	25.4	
106.6	42.6	320.6	35.2	
89.3	40.1	325.5	35.2	
74.6	42.6	330.4	32.8	
79.5	45.1	337.8	42.6	
59.8	45.1	335.3	27.8	
27.8	42.6	342.7	35.2	
-26.3	47.5	340.3	30.3	
-60.7	52.4	347.6	30.3	
-55.8	42.6	340.3	15.5	
-55.8	59.8	340.3	18.0	
-68.1	42.6	323.0	8.2	
-87.8	40.1	332.9	18.0	
-92.7	42.6	308.3	18.0	
-70.6	45.1	288.6	25.4	
-55.8	57.4	271.4	25.4	
-6.6	37.7	259.1	8.2	
-4.1	32.8	236.9	22.9	
25.4	32.8	205.0	57.4	
45.1	32.8	177.9	72.1	
47.5	32.8	150.8	32.8	
37.7	42.6	118.9	15.5	
25.4	35.2	79.5	22.9	
42.6	30.3	42.6	3.2	
64.7	13.1	10.6	37.7	
47.5	18.0	-21.4	22.9	
57.4	18.0	-60.7	3.2	
45.1	37.7	-77.9	-1.7	
30.3	35.2	-87.8	40.1	
54.9	32.8	-109.9	-90.2	
86.9	47.5	-117.3	-109.9	
96.7	35.2	-112.4	20.5	
86.9	32.8	-132.1	84.4	
40.1	22.9	-124.7	-31.2	
-14.0	8.2	-105.0	-50.9	
-28.7	3.2	-102.5	-60.7	
-31.2	8.2	-85.3	-159.1	
-33.7	-4.1	-95.2	-82.9	
-65.6	22.9	-95.2	96.7	
-146.8	45.1	-92.7	222.2	
-127.1	40.1	-92.7	111.5	
-73.0	52.4	-82.9	79.5	
-14.0	52.4	-87.8	72.1	
22.9	45.1	-97.6	54.9	
50.0	20.5	-105.0	62.3	
27.8	25.4	-102.5	47.5	
45.1	37.7	-107.5	-1.7	
42.6	47.5	-107.5	-48.4	
52.4	62.3	-112.4	-9.1	
62.3	30.3	-100.1	3.2	
40.1	15.5	-105.0	3.2	
59.8	64.7	-119.8	-9.1	
42.6	62.3	-114.8	-23.8	
27.8	84.4	-107.5	-33.7	
5.7	79.5	-109.9	-21.4	
-18.9	47.5	-114.8	54.9	
-33.7	42.6	-105.0	91.8	
-18.9	47.5	-107.5	54.9	
-31.2	47.5	-87.8	-1.7	
-53.3	52.4	-100.1	0.8	
-43.5	40.1	-85.3	-6.6	
-16.4	54.9	-92.7	27.8	
8.2	45.1	-95.2	22.9	
25.4	25.4	-85.3	18.0	
27.8	40.1	-75.5	18.0	
45.1	35.2	-73.0	3.2	
45.1	40.1	-73.0	18.0	
40.1	37.7	-77.9	30.3	
35.2	35.2	-65.6	10.6	
32.8	42.6	-77.9	10.6	
32.8	32.8	-70.6	22.9	
52.4	30.3	-77.9	-11.5	
50.0	32.8	-68.1	-14.0	
30.3	30.3	-65.6	-6.6	
45.1	50.0	-50.9	-4.1	
35.2	42.6	-46.0	-16.4	
25.4	32.8	-60.7	0.8	
-1.7	40.1	-55.8	8.2	
-21.4	25.4	-48.4	-4.1	
-1.7	27.8	-43.5	13.1	
-16.4	22.9	-55.8	25.4	
3.2	18.0	-50.9	-4.1	
-4.1	30.3	-41.0	-18.9	
5.7	32.8	-36.1	-23.8	
37.7	27.8	-38.6	-14.0	
96.7	32.8	-31.2	-26.3	
86.9	25.4	-31.2	13.1	
42.6	13.1	-23.8	15.5	
20.5	20.5	-31.2	-38.6	
-28.7	27.8	-31.2	-23.8	
-46.0	30.3	-33.7	20.5	
-46.0	10.6	-28.7	10.6	
0.8	10.6	-23.8	5.7	
57.4	0.8	-21.4	0.8	
104.1	8.2	-28.7	0.8	
141.0	13.1	-21.4	25.4	
138.5	30.3	-21.4	13.1	
123.8	20.5	-23.8	22.9	
109.0	18.0	-28.7	20.5	
82.0	-6.6	-26.3	18.0	
22.9	-18.9	-18.9	15.5	
-58.3	8.2	-16.4	3.2	
-80.4	15.5	-18.9	3.2	
-127.1	50.0	-21.4	22.9	
-164.0	79.5	-18.9	25.4	
-176.3	94.3	-18.9	18.0	
-129.6	62.3	-28.7	22.9	
-105.0	22.9	-21.4	18.0	
-77.9	52.4	-28.7	18.0	
-28.7	27.8	-31.2	22.9	
8.2	5.7	-18.9	25.4	
25.4	-4.1	-26.3	13.1	
54.9	3.2	-43.5	13.1	
62.3	10.6	-28.7	5.7	
69.7	8.2	-41.0	5.7	
72.1	5.7	-46.0	3.2	
116.4	15.5	-23.8	10.6	
131.2	20.5	-38.6	32.8	
113.9	25.4	-28.7	15.5	
111.5	15.5	-31.2	5.7	
104.1	3.2	-33.7	5.7	
69.7	13.1	-38.6	10.6	
15.5	20.5	-41.0	3.2	
-31.2	13.1	-31.2	15.5	
-87.8	8.2	-43.5	20.5	
-119.8	0.8	-43.5	-4.1	
-139.4	-11.5	-33.7	-11.5	
-114.8	-1.7	-43.5	10.6	
-87.8	-6.6	-33.7	-9.1	
-43.5	0.8	-46.0	13.1	
-31.2	-11.5	-38.6	-1.7	
-6.6	0.8	-36.1	25.4	
5.7	-4.1	-43.5	25.4	
3.2	5.7	-46.0	-4.1	
3.2	0.8	-31.2	-21.4	
25.4	-9.1	-41.0	-9.1	
47.5	-4.1	-18.9	13.1	
62.3	3.2	-31.2	18.0	
59.8	0.8	-18.9	5.7	
47.5	8.2	-23.8	20.5	
47.5	3.2	-16.4	8.2	
52.4	15.5	-26.3	-21.4	
42.6	15.5	-23.8	-9.1	
32.8	-4.1	-9.1	18.0	
42.6	0.8	-18.9	5.7	
84.4	-4.1	-21.4	-9.1	
86.9	3.2	-18.9	0.8	
69.7	10.6	-18.9	27.8	
42.6	20.5	-6.6	-6.6	
18.0	27.8	-4.1	5.7	
-16.4	27.8	-11.5	8.2	
-36.1	22.9	-11.5	3.2	
-48.4	18.0	-4.1	-9.1	
-48.4	35.2	-4.1	-21.4	
-28.7	47.5	-6.6	-16.4	
-18.9	59.8	0.8	35.2	
-16.4	62.3	-4.1	45.1	
-23.8	57.4	5.7	-48.4	
-26.3	42.6	-1.7	-48.4	
0.8	37.7	-1.7	-14.0	
8.2	15.5	-4.1	-36.1	
-14.0	27.8	-6.6	15.5	
3.2	35.2	8.2	128.7	
27.8	22.9	0.8	121.3	
89.3	0.8	-1.7	40.1	
121.3	-4.1	0.8	-9.1	
168.1	37.7	10.6	-36.1	
185.3	54.9	8.2	0.8	
133.6	37.7	8.2	5.7	
86.9	32.8	3.2	-50.9	
45.1	13.1	25.4	-55.8	
-26.3	32.8	25.4	-38.6	
-77.9	35.2	20.5	-41.0	
-137.0	57.4	30.3	-9.1	
-151.7	50.0	18.0	113.9	
-139.4	20.5	22.9	67.2	
-90.2	-11.5	15.5	20.5	
-43.5	0.8	18.0	8.2	
18.0	30.3	27.8	-9.1	
42.6	42.6	30.3	-14.0	
54.9	57.4	35.2	5.7	
37.7	99.2	32.8	27.8	
32.8	96.7	42.6	25.4	
35.2	69.7	42.6	10.6	
50.0	25.4	40.1	-63.2	
30.3	-14.0	45.1	-16.4	
25.4	-26.3	47.5	-11.5	
22.9	3.2	37.7	-9.1	
40.1	8.2	42.6	-1.7	
35.2	-9.1	54.9	5.7	
40.1	-26.3	47.5	5.7	
22.9	-23.8	45.1	20.5	
5.7	0.8	67.2	25.4	
3.2	25.4	64.7	5.7	
-16.4	35.2	69.7	10.6	
35.2	35.2	59.8	3.2	
52.4	20.5	67.2	-4.1	
54.9	18.0	69.7	0.8	
64.7	22.9	54.9	10.6	
32.8	15.5	57.4	5.7	
5.7	20.5	59.8	-9.1	
-6.6	0.8	64.7	0.8	
-18.9	20.5	59.8	8.2	
-21.4	25.4	50.0	-6.6	
-46.0	30.3	57.4	-4.1	
-75.5	30.3	50.0	8.2	
-65.6	35.2	52.4	-1.7	
-38.6	40.1	54.9	10.6	
-36.1	25.4	52.4	-1.7	
-1.7	15.5	52.4	3.2	
0.8	20.5	47.5	-1.7	
37.7	5.7	42.6	-4.1	
64.7	18.0	32.8	5.7	
89.3	18.0	37.7	5.7	
77.0	18.0	45.1	0.8	
47.5	15.5	30.3	8.2	
22.9	20.5	32.8	10.6	
-4.1	25.4	30.3	3.2	
-41.0	20.5	27.8	3.2	
-53.3	25.4	30.3	-4.1	
-46.0	20.5	25.4	10.6	
-36.1	25.4	27.8	13.1	
22.9	35.2	27.8	20.5	
72.1	25.4	13.1	18.0	
111.5	25.4	10.6	18.0	
116.4	35.2	8.2	10.6	
126.2	27.8	5.7	20.5	
113.9	45.1	3.2	20.5	
113.9	42.6	0.8	22.9	
106.6	45.1	8.2	-1.7	
74.6	35.2	-6.6	3.2	
27.8	40.1	-6.6	50.0	
-33.7	37.7	-14.0	-4.1	
-48.4	40.1	-14.0	-16.4	
-26.3	30.3	-16.4	10.6	
0.8	35.2	-23.8	-11.5	
5.7	30.3	-23.8	22.9	
10.6	32.8	-21.4	40.1	
-18.9	20.5	-28.7	47.5	
-28.7	37.7	-33.7	18.0	
-50.9	35.2	-38.6	40.1	
-50.9	32.8	-38.6	54.9	
-60.7	22.9	-33.7	-36.1	
-75.5	37.7	-33.7	-23.8	
-90.2	20.5	-46.0	0.8	
-50.9	18.0	-53.3	27.8	
-11.5	15.5	-43.5	3.2	
-9.1	10.6	-43.5	20.5	
5.7	15.5	-48.4	22.9	
8.2	20.5	-43.5	10.6	
8.2	25.4	-46.0	13.1	
30.3	20.5	-50.9	22.9	
27.8	25.4	-50.9	18.0	
15.5	13.1	-53.3	30.3	
50.0	20.5	-50.9	18.0	
57.4	25.4	-55.8	20.5	
59.8	13.1	-50.9	27.8	
45.1	-4.1	-46.0	20.5	
20.5	8.2	-58.3	25.4	
-9.1	0.8	-53.3	22.9	
-16.4	35.2	-46.0	27.8	
-14.0	30.3	-50.9	35.2	
-9.1	32.8	-41.0	8.2	
5.7	8.2	-50.9	5.7	
27.8	37.7	-43.5	35.2	
69.7	35.2	-38.6	27.8	
79.5	35.2	-41.0	20.5	
84.4	25.4	-38.6	30.3	
77.0	22.9	-43.5	27.8	
42.6	37.7	-33.7	20.5	
5.7	50.0	-31.2	15.5	
-6.6	69.7	-31.2	32.8	
8.2	62.3	-38.6	32.8	
15.5	62.3	-26.3	25.4	
22.9	94.3	-21.4	37.7	
32.8	69.7	-14.0	10.6	
27.8	72.1	-21.4	15.5	
42.6	77.0	-23.8	30.3	
30.3	109.0	-18.9	-4.1	
30.3	84.4	-16.4	13.1	
32.8	59.8	-21.4	32.8	
50.0	72.1	-21.4	27.8	
79.5	67.2	-16.4	15.5	
111.5	57.4	-11.5	35.2	
121.3	54.9	-16.4	27.8	
84.4	37.7	-16.4	-9.1	
67.2	35.2	-9.1	-6.6	
47.5	54.9	0.8	3.2	
-11.5	52.4	-6.6	-4.1	
-65.6	47.5	-1.7	25.4	
-97.6	42.6	-1.7	35.2	
-166.5	25.4	0.8	8.2	
-171.4	13.1	5.7	-6.6	
-156.7	0.8	13.1	10.6	
-100.1	-9.1	18.0	-1.7	
-50.9	-9.1	13.1	18.0	
-9.1	-16.4	22.9	20.5	
-9.1	-9.1	22.9	18.0	
-9.1	-14.0	35.2	22.9	
20.5	0.8	37.7	32.8	
37.7	13.1	35.2	27.8	
54.9	8.2	30.3	18.0	
47.5	-4.1	35.2	25.4	
62.3	-9.1	37.7	5.7	
50.0	5.7	37.7	0.8	
69.7	18.0	35.2	13.1	
54.9	20.5	37.7	18.0	
45.1	25.4	42.6	25.4	
62.3	37.7	20.5	18.0	
45.1	35.2	40.1	-6.6	
32.8	35.2	32.8	-4.1	
20.5	30.3	27.8	-1.7	
25.4	25.4	40.1	-11.5	
25.4	25.4	20.5	3.2	
40.1	25.4	27.8	8.2	
45.1	40.1	25.4	5.7	
45.1	30.3	27.8	8.2	
72.1	32.8	27.8	5.7	
82.0	50.0	20.5	-4.1	
50.0	52.4	27.8	0.8	
18.0	69.7	18.0	13.1	
-1.7	57.4	13.1	13.1	
3.2	69.7	15.5	18.0	
-1.7	62.3	13.1	15.5	
-16.4	37.7	13.1	15.5	
-31.2	35.2	25.4	13.1	
-63.2	47.5	15.5	0.8	
-41.0	50.0	15.5	-14.0	
-16.4	40.1	10.6	0.8	
-11.5	37.7	-1.7	-1.7	
-38.6	32.8	8.2	-1.7	
-33.7	25.4	5.7	-4.1	
-26.3	37.7	-14.0	8.2	
-9.1	47.5	-9.1	15.5	
-31.2	50.0	3.2	13.1	
-43.5	40.1	0.8	-1.7	
-16.4	35.2	10.6	-11.5	
25.4	27.8	-1.7	5.7	
37.7	32.8	5.7	-4.1	
18.0	25.4	0.8	5.7	
-9.1	40.1	-14.0	13.1	
-18.9	40.1	-4.1	8.2	
-14.0	22.9	-4.1	10.6	
30.3	27.8	5.7	8.2	
101.6	42.6	-4.1	0.8	
104.1	32.8	5.7	-1.7	
91.8	32.8	13.1	-4.1	
62.3	25.4	18.0	0.8	
62.3	37.7	18.0	3.2	
72.1	35.2	13.1	5.7	
50.0	37.7	5.7	-1.7	
8.2	30.3	10.6	5.7	
-36.1	27.8	-6.6	8.2	
-60.7	18.0	-6.6	-1.7	
-36.1	20.5	3.2	10.6	
-6.6	22.9	5.7	-4.1	
8.2	15.5	0.8	8.2	
25.4	32.8	-9.1	22.9	
94.3	25.4	-4.1	5.7	
101.6	30.3	-4.1	-6.6	
101.6	37.7	0.8	-26.3	
104.1	30.3	-4.1	3.2	
96.7	40.1	-6.6	18.0	
86.9	30.3	-11.5	18.0	
25.4	25.4	-11.5	-28.7	
-43.5	30.3	-6.6	-4.1	
-100.1	35.2	-11.5	20.5	
-151.7	30.3	-6.6	27.8	
-156.7	32.8	-11.5	13.1	
-102.5	25.4	-9.1	-28.7	
-21.4	30.3	-9.1	-28.7	
30.3	27.8	-6.6	-9.1	
52.4	40.1	-14.0	10.6	
74.6	35.2	-11.5	3.2	
86.9	42.6	-4.1	10.6	
72.1	32.8	-9.1	10.6	
37.7	30.3	-11.5	32.8	
0.8	35.2	-9.1	50.0	
-23.8	27.8	-9.1	15.5	
-46.0	35.2	-9.1	-18.9	
-26.3	20.5	-6.6	-18.9	
-26.3	25.4	-18.9	-36.1	
-16.4	22.9	-9.1	-9.1	
5.7	20.5	-11.5	10.6	
30.3	15.5	-9.1	-6.6	
20.5	25.4	-6.6	-9.1	
18.0	15.5	-9.1	13.1	
18.0	30.3	-6.6	0.8	
3.2	22.9	-9.1	5.7	
-28.7	22.9	-9.1	8.2	
-28.7	30.3	-1.7	10.6	
-28.7	25.4	-1.7	0.8	
-28.7	40.1	-4.1	0.8	
15.5	32.8	3.2	13.1	
59.8	27.8	-9.1	13.1	
59.8	25.4	5.7	22.9	
59.8	32.8	18.0	3.2	
64.7	27.8	30.3	13.1	
84.4	35.2	32.8	10.6	
86.9	37.7	20.5	5.7	
69.7	15.5	25.4	0.8	
37.7	8.2	32.8	15.5	
5.7	5.7	37.7	18.0	
-6.6	8.2	37.7	18.0	
-18.9	13.1	45.1	10.6	
-33.7	22.9	45.1	18.0	
-43.5	27.8	47.5	3.2	
-63.2	45.1	45.1	3.2	
-48.4	40.1	62.3	3.2	
-11.5	22.9	54.9	5.7	
5.7	35.2	57.4	3.2	
27.8	45.1	47.5	-4.1	
30.3	50.0	50.0	5.7	
13.1	25.4	52.4	3.2	
5.7	27.8	59.8	-4.1	
-6.6	42.6	59.8	3.2	
10.6	45.1	47.5	0.8	
22.9	50.0	52.4	5.7	
13.1	32.8	42.6	-9.1	
8.2	25.4	47.5	5.7	
15.5	13.1	57.4	5.7	
25.4	18.0	37.7	-1.7	
32.8	20.5	42.6	-1.7	
69.7	13.1	37.7	-11.5	
89.3	13.1	47.5	-4.1	
72.1	18.0	40.1	-9.1	
59.8	25.4	45.1	-4.1	
54.9	30.3	57.4	3.2	
47.5	40.1	50.0	-6.6	
15.5	32.8	42.6	0.8	
-33.7	45.1	37.7	-1.7	
-55.8	45.1	30.3	3.2	
-55.8	32.8	42.6	-9.1	
-38.6	13.1	37.7	-1.7	
-11.5	15.5	35.2	-6.6	
-4.1	30.3	35.2	0.8	
-11.5	40.1	27.8	-6.6	
13.1	40.1	22.9	5.7	
20.5	47.5	40.1	-1.7	
18.0	37.7	32.8	-1.7	
40.1	32.8	18.0	-6.6	
86.9	27.8	30.3	-4.1	
113.9	18.0	3.2	0.8	
141.0	35.2	10.6	-4.1	
138.5	27.8	10.6	5.7	
121.3	18.0	-1.7	-4.1	
116.4	27.8	10.6	-6.6	
111.5	37.7	0.8	3.2	
72.1	40.1	8.2	-18.9	
22.9	45.1	-9.1	-4.1	
-31.2	42.6	-4.1	0.8	
-117.3	27.8	-4.1	-9.1	
-127.1	18.0	-4.1	3.2	
-102.5	8.2	-4.1	5.7	
-97.6	10.6	-9.1	-4.1	
-122.2	25.4	-11.5	-9.1	
-129.6	20.5	-1.7	-1.7	
-87.8	25.4	-1.7	5.7	
-50.9	22.9	10.6	-1.7	
10.6	25.4	0.8	-6.6	
42.6	15.5	5.7	-9.1	
74.6	18.0	18.0	0.8	
79.5	20.5	22.9	-1.7	
64.7	15.5	20.5	5.7	
37.7	10.6	20.5	-14.0	
20.5	-4.1	13.1	-14.0	
40.1	-1.7	18.0	10.6	
40.1	5.7	-1.7	-1.7	
59.8	0.8	-11.5	-4.1	
54.9	8.2	-14.0	-9.1	
47.5	-1.7	-28.7	-16.4	
32.8	5.7	-18.9	-4.1	
37.7	40.1	-23.8	5.7	
20.5	35.2	-28.7	-4.1	
22.9	-18.9	-28.7	18.0	
5.7	-33.7	-31.2	-1.7	
-43.5	-21.4	-33.7	0.8	
-50.9	-4.1	-11.5	-9.1	
-23.8	-1.7	-23.8	-6.6	
0.8	-4.1	-16.4	-11.5	
30.3	-18.9	-14.0	0.8	
50.0	-18.9	-16.4	-6.6	
47.5	-28.7	-16.4	-6.6	
10.6	-14.0	-21.4	13.1	
-23.8	-11.5	-16.4	15.5	
-31.2	-16.4	-14.0	3.2	
-28.7	-23.8	-14.0	-1.7	
-31.2	-58.3	-23.8	-6.6	
-16.4	-82.9	-18.9	8.2	
-1.7	-55.8	-21.4	3.2	
27.8	-68.1	-16.4	-6.6	
22.9	-80.4	-14.0	8.2	
35.2	-87.8	-21.4	-9.1	
27.8	-95.2	-23.8	-31.2	
37.7	-90.2	-11.5	0.8	
15.5	-90.2	-11.5	3.2	
42.6	-97.6	-9.1	-11.5	
113.9	-90.2	-1.7	-21.4	
121.3	-92.7	18.0	40.1	
138.5	-90.2	27.8	13.1	
101.6	-92.7	30.3	-70.6	
45.1	-90.2	45.1	-21.4	
-1.7	-80.4	52.4	-14.0	
-55.8	-60.7	57.4	-11.5	
-73.0	-65.6	64.7	-26.3	
-70.6	-50.9	57.4	-1.7	
-53.3	-43.5	57.4	18.0	
-53.3	-36.1	59.8	15.5	
-38.6	-21.4	57.4	-9.1	
-4.1	-16.4	62.3	10.6	
15.5	-18.9	54.9	-9.1	
84.4	-21.4	52.4	-11.5	
86.9	-4.1	62.3	-11.5	
42.6	-1.7	45.1	-4.1	
-1.7	3.2	45.1	3.2	
-31.2	13.1	47.5	-1.7	
-33.7	13.1	40.1	5.7	
-23.8	18.0	35.2	-4.1	
32.8	13.1	45.1	-4.1	
52.4	8.2	37.7	-9.1	
79.5	-18.9	27.8	0.8	
91.8	-9.1	35.2	10.6	
123.8	10.6	30.3	0.8	
89.3	-9.1	27.8	0.8	
35.2	-11.5	37.7	-4.1	
5.7	-6.6	32.8	-14.0	
-28.7	5.7	37.7	10.6	
-63.2	15.5	35.2	-11.5	
-60.7	13.1	22.9	-1.7	
-68.1	37.7	27.8	5.7	
-90.2	25.4	30.3	-11.5	
-109.9	32.8	35.2	-6.6	
-100.1	32.8	25.4	5.7	
-53.3	15.5	32.8	-1.7	
-21.4	27.8	35.2	-4.1	
-16.4	13.1	32.8	8.2	
5.7	22.9	25.4	10.6	
50.0	32.8	30.3	0.8	
72.1	20.5	25.4	-1.7	
64.7	22.9	37.7	5.7	
45.1	35.2	30.3	15.5	
30.3	32.8	25.4	10.6	
0.8	35.2	30.3	-1.7	
-9.1	32.8	30.3	8.2	
-33.7	20.5	27.8	0.8	
-48.4	25.4	25.4	0.8	
-31.2	18.0	35.2	-4.1	
-11.5	30.3	32.8	3.2	
-6.6	30.3	27.8	-1.7	
-18.9	32.8	20.5	13.1	
15.5	22.9	22.9	8.2	
20.5	35.2	27.8	3.2	
37.7	35.2	18.0	5.7	
32.8	22.9	27.8	-4.1	
40.1	13.1	22.9	3.2	
54.9	20.5	20.5	8.2	
96.7	30.3	8.2	-1.7	
101.6	35.2	13.1	3.2	
94.3	45.1	15.5	-1.7	
91.8	32.8	20.5	18.0	
57.4	35.2	22.9	15.5	
37.7	32.8	10.6	3.2	
0.8	18.0	0.8	15.5	
-38.6	18.0	13.1	10.6	
-68.1	8.2	20.5	20.5	
-68.1	5.7	8.2	13.1	
-46.0	8.2	18.0	22.9	
-28.7	8.2	18.0	18.0	
-9.1	5.7	18.0	18.0	
3.2	18.0	15.5	22.9	
15.5	25.4	18.0	18.0	
37.7	18.0	25.4	5.7	
45.1	18.0	18.0	8.2	
54.9	32.8	22.9	0.8	
54.9	35.2	18.0	5.7	
47.5	27.8	25.4	8.2	
45.1	15.5	25.4	-4.1	
67.2	27.8	22.9	3.2	
64.7	69.7	27.8	27.8	
74.6	72.1	18.0	15.5	
64.7	25.4	30.3	15.5	
37.7	13.1	32.8	15.5	
22.9	3.2	20.5	3.2	
35.2	8.2	25.4	0.8	
35.2	5.7	15.5	18.0	
20.5	18.0	25.4	22.9	
40.1	40.1	20.5	5.7	
40.1	45.1	10.6	0.8	
37.7	42.6	3.2	10.6	
32.8	57.4	22.9	8.2	
30.3	50.0	22.9	15.5	
15.5	42.6	20.5	10.6	
-16.4	22.9	30.3	-11.5	
-31.2	10.6	30.3	3.2	
-48.4	20.5	18.0	5.7	
-38.6	32.8	10.6	10.6	
-9.1	30.3	13.1	-28.7	
-14.0	10.6	20.5	5.7	
-16.4	10.6	10.6	20.5	
-14.0	27.8	15.5	8.2	
-1.7	42.6	22.9	0.8	
27.8	32.8	18.0	10.6	
74.6	27.8	25.4	-16.4	
113.9	35.2	20.5	-4.1	
113.9	35.2	20.5	10.6	
59.8	37.7	20.5	-11.5	
45.1	40.1	32.8	-1.7	
5.7	45.1	8.2	3.2	
-38.6	20.5	8.2	5.7	
-73.0	3.2	8.2	8.2	
-100.1	-4.1	13.1	5.7	
-154.2	20.5	10.6	-9.1	
-156.7	32.8	10.6	-9.1	
-114.8	30.3	-1.7	3.2	
-70.6	13.1	-11.5	-1.7	
-60.7	27.8	-9.1	-6.6	
-65.6	40.1	-16.4	18.0	
-53.3	32.8	-9.1	20.5	
-31.2	30.3	-23.8	3.2	
-4.1	20.5	-23.8	3.2	
5.7	15.5	-23.8	0.8	
45.1	22.9	-28.7	0.8	
52.4	22.9	-36.1	-6.6	
40.1	27.8	-38.6	-14.0	
40.1	30.3	-53.3	-11.5	
40.1	54.9	-48.4	-4.1	
30.3	35.2	-50.9	-1.7	
27.8	30.3	-38.6	-6.6	
64.7	35.2	-46.0	-4.1	
82.0	32.8	-43.5	0.8	
84.4	13.1	-50.9	-11.5	
84.4	25.4	-50.9	-9.1	
111.5	37.7	-55.8	-4.1	
116.4	27.8	-53.3	-9.1	
94.3	32.8	-53.3	-21.4	
94.3	42.6	-50.9	-1.7	
84.4	27.8	-58.3	-4.1	
27.8	25.4	-60.7	8.2	
-58.3	20.5	-48.4	-9.1	
-92.7	27.8	-58.3	-1.7	
-80.4	20.5	-63.2	5.7	
-6.6	35.2	-58.3	-1.7	
30.3	40.1	-63.2	-9.1	
64.7	25.4	-58.3	-14.0	
89.3	27.8	-58.3	-9.1	
54.9	25.4	-46.0	-6.6	
42.6	0.8	-41.0	5.7	
5.7	8.2	-53.3	-11.5	
-28.7	5.7	-53.3	-4.1	
-50.9	3.2	-38.6	-9.1	
-80.4	30.3	-46.0	-9.1	
-92.7	35.2	-41.0	-9.1	
-60.7	54.9	-60.7	10.6	
-21.4	42.6	-53.3	-1.7	
25.4	42.6	-48.4	-4.1	
42.6	50.0	-46.0	-1.7	
42.6	57.4	-46.0	-1.7	
50.0	69.7	-36.1	5.7	
72.1	84.4	-36.1	0.8	
77.0	54.9	-31.2	-9.1	
64.7	45.1	-36.1	-4.1	
30.3	42.6	-31.2	-14.0	
3.2	22.9	-18.9	-14.0	
-28.7	45.1	-31.2	-11.5	
3.2	25.4	-36.1	-9.1	
20.5	25.4	-31.2	-9.1	
62.3	32.8	-36.1	-1.7	
84.4	25.4	-38.6	-6.6	
94.3	25.4	-28.7	-9.1	
106.6	30.3	-31.2	-6.6	
113.9	20.5	-18.9	-6.6	
106.6	15.5	-9.1	0.8	
47.5	-11.5	-21.4	-4.1	
-26.3	-6.6	-18.9	-4.1	
-70.6	15.5	0.8	-6.6	
-109.9	25.4	-9.1	-9.1	
-114.8	32.8	-6.6	-1.7	
-112.4	25.4	-4.1	0.8	
-119.8	22.9	-6.6	-11.5	
-127.1	32.8	-6.6	-4.1	
-92.7	22.9	-6.6	-1.7	
-41.0	42.6	-6.6	-9.1	
-21.4	45.1	-11.5	-6.6	
-21.4	30.3	-6.6	-6.6	
-14.0	50.0	-6.6	-11.5	
-4.1	47.5	-11.5	-14.0	
-18.9	47.5	-1.7	-9.1	
-6.6	42.6	3.2	-11.5	
8.2	40.1	-6.6	-14.0	
8.2	45.1	-9.1	-11.5	
13.1	35.2	-6.6	-1.7	
40.1	30.3	-11.5	-9.1	
50.0	42.6	-11.5	-9.1	
64.7	32.8	-14.0	-11.5	
67.2	32.8	-4.1	-6.6	
106.6	30.3	-9.1	0.8	
116.4	42.6	-21.4	-14.0	
113.9	32.8	-16.4	-4.1	
91.8	42.6	-21.4	-6.6	
118.9	27.8	-26.3	-6.6	
84.4	25.4	-18.9	-16.4	
42.6	30.3	-31.2	3.2	
13.1	32.8	-33.7	-6.6	
0.8	35.2	-21.4	-16.4	
-28.7	40.1	-28.7	-16.4	
0.8	25.4	-21.4	-9.1	
-4.1	20.5	-18.9	-16.4	
-9.1	32.8	-16.4	-14.0	
-16.4	30.3	-26.3	-11.5	
13.1	30.3	-14.0	-18.9	
10.6	35.2	-11.5	-18.9	
-4.1	45.1	3.2	-9.1	
-53.3	42.6	-1.7	-18.9	
-85.3	37.7	-14.0	-14.0	
-80.4	35.2	0.8	-23.8	
-58.3	22.9	-6.6	-18.9	
15.5	13.1	-14.0	-16.4	
62.3	37.7	-1.7	-14.0	
64.7	15.5	-9.1	-26.3	
40.1	22.9	0.8	-23.8	
8.2	32.8	-11.5	-26.3	
50.0	27.8	-14.0	-23.8	
113.9	25.4	-14.0	-26.3	
123.8	52.4	-4.1	-18.9	
116.4	35.2	-1.7	-21.4	
74.6	22.9	-14.0	-33.7	
96.7	25.4	-18.9	-36.1	
86.9	27.8	-1.7	-33.7	
72.1	35.2	-21.4	-21.4	
59.8	20.5	-16.4	-33.7	
18.0	25.4	-11.5	-36.1	
-21.4	22.9	-9.1	-28.7	
-73.0	27.8	-4.1	-21.4	
-132.1	25.4	-11.5	-36.1	
-139.4	30.3	-4.1	-36.1	
-137.0	25.4	-14.0	-46.0	
-102.5	32.8	-14.0	-31.2	
-85.3	27.8	-14.0	-33.7	
-97.6	32.8	-11.5	-26.3	
-82.9	27.8	-4.1	-33.7	
-14.0	27.8	-14.0	-48.4	
64.7	18.0	-9.1	-38.6	
101.6	22.9	-14.0	-28.7	
118.9	25.4	-4.1	-33.7	
109.0	18.0	-4.1	-36.1	
77.0	32.8	-6.6	-33.7	
32.8	25.4	-4.1	-26.3	
22.9	25.4	3.2	-33.7	
15.5	27.8	13.1	-38.6	
-21.4	13.1	8.2	-28.7	
-31.2	10.6	3.2	-16.4	
-31.2	22.9	13.1	-31.2	
0.8	32.8	15.5	-16.4	
42.6	37.7	25.4	-18.9	
32.8	27.8	25.4	-23.8	
-1.7	18.0	35.2	-18.9	
-18.9	20.5	20.5	-14.0	
-26.3	13.1	35.2	-23.8	
-38.6	25.4	27.8	-16.4	
-1.7	27.8	22.9	-16.4	
5.7	42.6	22.9	-11.5	
-11.5	37.7	27.8	-9.1	
-9.1	18.0	27.8	-11.5	
22.9	0.8	22.9	-4.1	
35.2	18.0	27.8	-21.4	
40.1	30.3	18.0	-11.5	
30.3	25.4	18.0	-11.5	
50.0	52.4	8.2	-9.1	
32.8	40.1	10.6	-9.1	
30.3	30.3	-11.5	0.8	
30.3	27.8	3.2	-14.0	
37.7	52.4	-4.1	-4.1	
15.5	47.5	0.8	-16.4	
40.1	27.8	-4.1	-4.1	
27.8	3.2	3.2	-9.1	
10.6	13.1	0.8	-16.4	
-21.4	13.1	15.5	-14.0	
-21.4	22.9	20.5	-1.7	
-9.1	30.3	30.3	8.2	
15.5	18.0	22.9	-14.0	
0.8	15.5	25.4	-11.5	
3.2	32.8	35.2	-18.9	
-4.1	47.5	47.5	-14.0	
0.8	54.9	47.5	-6.6	
22.9	37.7	54.9	-1.7	
40.1	37.7	59.8	-14.0	
18.0	22.9	72.1	-11.5	
20.5	20.5	64.7	-1.7	
42.6	15.5	52.4	-9.1	
67.2	20.5	64.7	-4.1	
89.3	27.8	54.9	0.8	
82.0	27.8	57.4	-9.1	
42.6	35.2	57.4	-6.6	
18.0	30.3	52.4	-4.1	
10.6	35.2	54.9	0.8	
15.5	32.8	54.9	-6.6	
5.7	25.4	52.4	-18.9	
-46.0	32.8	54.9	-14.0	
-75.5	35.2	35.2	-21.4	
-53.3	37.7	52.4	-11.5	
-23.8	35.2	37.7	-4.1	
3.2	35.2	37.7	-11.5	
-1.7	30.3	30.3	-9.1	
-28.7	27.8	37.7	-18.9	
-23.8	35.2	37.7	-26.3	
-46.0	35.2	45.1	-14.0	
-23.8	22.9	42.6	-4.1	
-1.7	30.3	42.6	-4.1	
8.2	22.9	45.1	-11.5	
-4.1	32.8	42.6	-9.1	
-4.1	32.8	42.6	-11.5	
-11.5	50.0	42.6	-11.5	
18.0	42.6	45.1	-16.4	
69.7	42.6	45.1	-21.4	
77.0	35.2	45.1	-6.6	
84.4	50.0	42.6	-14.0	
74.6	40.1	45.1	-9.1	
74.6	47.5	45.1	-16.4	
82.0	52.4	37.7	-14.0	
64.7	47.5	32.8	-18.9	
37.7	32.8	32.8	-28.7	
0.8	22.9	32.8	-14.0	
-4.1	35.2	18.0	-18.9	
5.7	35.2	18.0	-14.0	
8.2	30.3	22.9	-36.1	
0.8	25.4	30.3	-28.7	
-6.6	25.4	15.5	-26.3	
-1.7	35.2	15.5	-28.7	
10.6	32.8	25.4	-31.2	
32.8	27.8	22.9	-28.7	
57.4	30.3	27.8	-21.4	
54.9	35.2	35.2	-28.7	
45.1	30.3	32.8	-36.1	
25.4	35.2	27.8	-36.1	
0.8	42.6	30.3	-43.5	
-9.1	52.4	27.8	-43.5	
-33.7	50.0	35.2	-31.2	
-43.5	54.9	27.8	-41.0	
-85.3	52.4	18.0	-28.7	
-100.1	45.1	22.9	-38.6	
-77.9	32.8	20.5	-38.6	
-50.9	32.8	27.8	-38.6	
-33.7	40.1	25.4	-38.6	
-16.4	30.3	13.1	-33.7	
5.7	27.8	10.6	-33.7	
3.2	25.4	3.2	-38.6	
-11.5	22.9	13.1	-41.0	
30.3	22.9	10.6	-31.2	
109.0	37.7	10.6	-26.3	
173.0	45.1	18.0	-36.1	
197.6	69.7	30.3	-23.8	
192.7	62.3	35.2	-18.9	
177.9	54.9	35.2	-23.8	
148.4	64.7	54.9	-26.3	
101.6	69.7	67.2	-26.3	
37.7	64.7	86.9	-38.6	
-33.7	47.5	94.3	-36.1	
-97.6	25.4	104.1	-48.4	
-73.0	-4.1	111.5	-23.8	
-63.2	-18.9	96.7	-36.1	
-73.0	-31.2	118.9	-36.1	
-60.7	-28.7	128.7	-36.1	
-14.0	-1.7	145.9	-38.6	
15.5	25.4	141.0	-26.3	
47.5	42.6	133.6	-33.7	
37.7	32.8	155.8	-28.7	
-43.5	77.0	153.3	-38.6	
-141.9	96.7	148.4	-36.1	
-176.3	74.6	150.8	-43.5	
-134.5	54.9	131.2	-33.7	
-85.3	37.7	121.3	-33.7	
-14.0	18.0	128.7	-31.2	
32.8	15.5	138.5	-31.2	
64.7	27.8	141.0	-26.3	
67.2	15.5	111.5	-26.3	
62.3	-9.1	99.2	-23.8	
86.9	-28.7	94.3	-16.4	
72.1	-53.3	109.0	-14.0	
30.3	-21.4	104.1	-6.6	
-18.9	-4.1	89.3	-16.4	
-48.4	-1.7	82.0	-9.1	
-58.3	3.2	82.0	0.8	
-21.4	10.6	57.4	-23.8	
22.9	42.6	64.7	-11.5	
42.6	64.7	42.6	-21.4	
59.8	86.9	18.0	-18.9	
77.0	101.6	18.0	-14.0	
116.4	84.4	-1.7	-18.9	
91.8	84.4	-16.4	-16.4	
57.4	82.0	-33.7	-1.7	
37.7	86.9	-26.3	-18.9	
74.6	113.9	-38.6	0.8	
121.3	91.8	-23.8	-16.4	
118.9	79.5	5.7	-28.7	
136.1	40.1	3.2	-18.9	
141.0	25.4	-4.1	-9.1	
158.2	3.2	-11.5	-9.1	
118.9	15.5	-23.8	-16.4	
69.7	47.5	-14.0	-1.7	
3.2	69.7	-6.6	-14.0	
-112.4	62.3	-14.0	-16.4	
-186.2	57.4	-9.1	-9.1	
-193.6	64.7	10.6	-16.4	
-164.0	69.7	27.8	-6.6	
-124.7	79.5	30.3	-1.7	
-105.0	47.5	50.0	-16.4	
-80.4	45.1	40.1	-11.5	
-60.7	64.7	54.9	-1.7	
-26.3	62.3	62.3	-21.4	
13.1	67.2	52.4	-4.1	
50.0	50.0	54.9	-4.1	
64.7	32.8	64.7	-23.8	
40.1	35.2	69.7	-14.0	
18.0	32.8	74.6	-18.9	
-4.1	18.0	84.4	-6.6	
-26.3	-9.1	84.4	-11.5	
-50.9	-14.0	69.7	0.8	
-46.0	-11.5	72.1	-4.1	
-26.3	-21.4	69.7	13.1	
-6.6	-6.6	84.4	5.7	
-1.7	-9.1	101.6	-4.1	
22.9	-11.5	89.3	3.2	
27.8	-14.0	94.3	18.0	
47.5	-4.1	96.7	-4.1	
37.7	0.8	86.9	3.2	
52.4	3.2	84.4	-1.7	
37.7	0.8	62.3	22.9	
52.4	-1.7	50.0	20.5	
77.0	13.1	47.5	27.8	
89.3	22.9	45.1	20.5	
84.4	27.8	45.1	15.5	
67.2	18.0	42.6	15.5	
47.5	10.6	37.7	30.3	
37.7	10.6	47.5	25.4	
35.2	18.0	37.7	22.9	
37.7	27.8	42.6	22.9	
18.0	42.6	27.8	27.8	
-14.0	20.5	30.3	25.4	
-14.0	22.9	5.7	18.0	
-1.7	22.9	-4.1	30.3	
-4.1	15.5	-31.2	35.2	
-1.7	13.1	-21.4	32.8	
-11.5	5.7	-36.1	25.4	
-26.3	15.5	-33.7	37.7	
-1.7	5.7	-55.8	37.7	
47.5	3.2	-85.3	50.0	
72.1	5.7	-107.5	67.2	
82.0	10.6	-73.0	59.8	
57.4	-4.1	-90.2	47.5	
20.5	-6.6	-95.2	50.0	
0.8	13.1	-82.9	42.6	
-6.6	3.2	-77.9	42.6	
8.2	-9.1	-95.2	40.1	
-6.6	5.7	-109.9	57.4	
-6.6	-11.5	-129.6	59.8	
3.2	0.8	-151.7	64.7	
-9.1	-11.5	-156.7	57.4	
-16.4	-4.1	-119.8	62.3	
-33.7	3.2	-119.8	42.6	
-33.7	3.2	-112.4	54.9	
-31.2	5.7	-109.9	64.7	
-16.4	-16.4	-112.4	62.3	
18.0	-18.9	-139.4	74.6	
8.2	-26.3	-164.0	69.7	
22.9	-6.6	-193.6	82.0	
37.7	-1.7	-205.9	69.7	
74.6	-16.4	-230.5	69.7	
94.3	-9.1	-257.5	62.3	
94.3	3.2	-242.8	69.7	
64.7	32.8	-198.5	72.1	
22.9	27.8	-171.4	69.7	
32.8	3.2	-169.0	67.2	
67.2	0.8	-181.3	50.0	
79.5	-14.0	-164.0	54.9	
101.6	0.8	-134.5	57.4	
64.7	-1.7	-122.2	59.8	
-1.7	-4.1	-92.7	57.4	
-23.8	-38.6	-87.8	47.5	
-23.8	-23.8	-90.2	52.4	
-43.5	0.8	-75.5	62.3	
-53.3	-14.0	-55.8	54.9	
-68.1	-21.4	-68.1	47.5	
-92.7	-33.7	-75.5	57.4	
-122.2	-26.3	-87.8	47.5	
-55.8	-1.7	-100.1	47.5	
13.1	18.0	-119.8	50.0	
74.6	79.5	-92.7	52.4	
72.1	82.0	-73.0	54.9	
59.8	72.1	-28.7	50.0	
40.1	86.9	-9.1	50.0	
15.5	47.5	25.4	42.6	
-43.5	-36.1	18.0	37.7	
-102.5	-31.2	35.2	52.4	
-134.5	-9.1	57.4	52.4	
-102.5	-50.9	42.6	54.9	
-60.7	-60.7	50.0	52.4	
-21.4	-28.7	84.4	40.1	
37.7	-38.6	74.6	50.0	
86.9	-28.7	94.3	50.0	
84.4	-9.1	106.6	52.4	
54.9	-4.1	91.8	57.4	
54.9	-11.5	99.2	54.9	
35.2	-6.6	113.9	54.9	
62.3	13.1	148.4	59.8	
64.7	-11.5	131.2	69.7	
69.7	-28.7	109.0	59.8	
20.5	-14.0	109.0	47.5	
-31.2	-31.2	109.0	50.0	
-26.3	0.8	104.1	52.4	
-31.2	15.5	89.3	45.1	
13.1	-11.5	69.7	45.1	
35.2	-23.8	74.6	47.5	
30.3	-6.6	74.6	52.4	
18.0	57.4	89.3	50.0	
15.5	72.1	57.4	52.4	
84.4	64.7	37.7	42.6	
104.1	62.3	42.6	47.5	
62.3	57.4	69.7	50.0	
50.0	84.4	111.5	52.4	
91.8	64.7	118.9	54.9	
136.1	54.9	111.5	57.4	
190.2	32.8	111.5	59.8	
165.6	10.6	91.8	64.7	
94.3	22.9	74.6	57.4	
52.4	30.3	77.0	69.7	
0.8	30.3	89.3	52.4	
-38.6	52.4	91.8	59.8	
-105.0	27.8	74.6	54.9	
-129.6	47.5	64.7	45.1	
-122.2	47.5	91.8	54.9	
-119.8	62.3	101.6	69.7	
-100.1	54.9	96.7	62.3	
-43.5	69.7	96.7	67.2	
27.8	84.4	109.0	69.7	
47.5	91.8	150.8	91.8	
25.4	84.4	182.8	77.0	
-23.8	89.3	190.2	74.6	
-107.5	94.3	209.9	82.0	
-124.7	113.9	239.4	89.3	
-112.4	133.6	256.6	86.9	
-107.5	118.9	278.8	77.0	
-85.3	109.0	256.6	84.4	
-55.8	126.2	234.5	69.7	
-60.7	116.4	227.1	84.4	
-60.7	121.3	192.7	96.7	
13.1	131.2	195.1	101.6	
57.4	131.2	185.3	74.6	
69.7	145.9	163.1	54.9	
79.5	133.6	190.2	64.7	
50.0	143.5	197.6	69.7	
72.1	143.5	168.1	77.0	
50.0	160.7	155.8	74.6	
20.5	180.4	116.4	77.0	
22.9	182.8	91.8	77.0	
69.7	177.9	89.3	62.3	
86.9	180.4	74.6	67.2	
91.8	170.5	74.6	59.8	
111.5	145.9	101.6	64.7	
121.3	163.1	138.5	45.1	
101.6	177.9	138.5	50.0	
106.6	180.4	148.4	42.6	
128.7	177.9	202.5	42.6	
67.2	158.2	229.6	42.6	
20.5	145.9	246.8	37.7	
20.5	148.4	268.9	37.7	
30.3	150.8	286.1	40.1	
27.8	145.9	273.8	32.8	
-11.5	121.3	249.2	25.4	
-41.0	118.9	244.3	37.7	
-33.7	145.9	241.9	22.9	
-36.1	111.5	219.7	32.8	
-43.5	79.5	224.6	32.8	
-50.9	72.1	214.8	54.9	
-38.6	72.1	195.1	59.8	
-43.5	52.4	180.4	52.4	
-36.1	15.5	143.5	47.5	
-11.5	18.0	99.2	35.2	
20.5	5.7	74.6	35.2	
37.7	20.5	62.3	37.7	
40.1	25.4	47.5	42.6	
67.2	-4.1	30.3	54.9	
101.6	-11.5	22.9	54.9	
141.0	-23.8	5.7	52.4	
168.1	0.8	-9.1	42.6	
163.1	-33.7	-41.0	37.7	
160.7	-26.3	-60.7	32.8	
84.4	-28.7	-41.0	35.2	
-1.7	-28.7	-55.8	32.8	
-70.6	-41.0	-70.6	45.1	
-95.2	-43.5	-70.6	32.8	
-124.7	-73.0	-63.2	35.2	
-134.5	-75.5	-36.1	25.4	
-129.6	-82.9	0.8	20.5	
-90.2	-77.9	8.2	25.4	
-50.9	-73.0	-9.1	50.0	
-14.0	-92.7	-33.7	37.7	
15.5	-48.4	-33.7	45.1	
35.2	-82.9	-31.2	27.8	
35.2	-105.0	-33.7	27.8	
45.1	-75.5	-41.0	30.3	
126.2	-63.2	-43.5	32.8	
153.3	-53.3	-36.1	37.7	
109.0	-70.6	-55.8	18.0	
84.4	-87.8	-43.5	22.9	
18.0	-87.8	-36.1	18.0	
8.2	-122.2	-33.7	27.8	
-50.9	-109.9	-43.5	25.4	
-114.8	-112.4	-48.4	22.9	
-146.8	-134.5	-48.4	22.9	
-196.0	-124.7	-55.8	35.2	
-166.5	-97.6	-55.8	50.0	
-134.5	-95.2	-60.7	47.5	
-77.9	-107.5	-46.0	54.9	
-48.4	-166.5	-33.7	67.2	
-16.4	-260.0	-33.7	77.0	
25.4	-294.4	-38.6	79.5	
62.3	-215.7	-68.1	72.1	
77.0	-95.2	-77.9	77.0	
47.5	-63.2	-109.9	69.7	
35.2	-6.6	-114.8	69.7	
32.8	50.0	-117.3	57.4	
45.1	50.0	-132.1	54.9	
45.1	79.5	-134.5	54.9	
42.6	109.0	-100.1	72.1	
69.7	91.8	-107.5	79.5	
101.6	62.3	-112.4	82.0	
136.1	42.6	-144.4	89.3	
86.9	42.6	-161.6	77.0	
32.8	25.4	-186.2	91.8	
27.8	40.1	-186.2	94.3	
40.1	20.5	-181.3	101.6	
47.5	5.7	-149.3	101.6	
-4.1	-9.1	-159.1	99.2	
-60.7	-9.1	-149.3	89.3	
-65.6	-11.5	-161.6	40.1	
-26.3	-28.7	-198.5	40.1	
15.5	-26.3	-230.5	45.1	
37.7	10.6	-232.9	54.9	
-36.1	30.3	-277.2	52.4	
-60.7	22.9	-306.7	37.7	
-68.1	52.4	-314.1	32.8	
-58.3	57.4	-311.6	30.3	
-41.0	47.5	-299.3	42.6	
-38.6	30.3	-272.3	45.1	
-50.9	10.6	-331.3	18.0	
5.7	40.1	-402.7	25.4	
54.9	82.0	-422.3	25.4	
94.3	89.3	-422.3	8.2	
150.8	79.5	-446.9	-1.7	
185.3	54.9	-464.2	20.5	
192.7	-9.1	-446.9	18.0	
165.6	-21.4	-424.8	10.6	
96.7	-9.1	-442.0	0.8	
37.7	-6.6	-444.5	0.8	
8.2	-1.7	-469.1	-1.7	
-6.6	10.6	-491.2	-23.8	
-36.1	25.4	-496.1	-21.4	
-55.8	91.8	-493.7	-28.7	
-28.7	72.1	-474.0	-23.8	
-11.5	54.9	-434.6	-18.9	
-50.9	40.1	-434.6	-36.1	
-102.5	57.4	-466.6	-43.5	
-149.3	57.4	-461.7	-80.4	
-129.6	37.7	-454.3	-58.3	
-50.9	40.1	-449.4	-50.9	
5.7	69.7	-442.0	-43.5	
32.8	77.0	-449.4	-36.1	
59.8	59.8	-422.3	-33.7	
77.0	79.5	-358.4	-33.7	
67.2	74.6	-333.8	-38.6	
42.6	96.7	-321.5	-28.7	
62.3	52.4	-292.0	-21.4	
62.3	-18.9	-257.5	-28.7	
22.9	-36.1	-247.7	-21.4	
8.2	37.7	-260.0	-28.7	
45.1	99.2	-225.5	-26.3	
64.7	121.3	-208.3	-26.3	
27.8	123.8	-262.4	-4.1	
27.8	121.3	-321.5	0.8	
-46.0	113.9	-343.6	-11.5	
-117.3	118.9	-299.3	5.7	
-139.4	96.7	-306.7	-16.4	
-107.5	106.6	-294.4	3.2	
-97.6	111.5	-311.6	8.2	
-70.6	121.3	-314.1	18.0	
-60.7	111.5	-304.3	25.4	
-46.0	99.2	-225.5	22.9	
-11.5	96.7	-198.5	18.0	
32.8	106.6	-171.4	20.5	
47.5	99.2	-100.1	30.3	
45.1	94.3	-70.6	18.0	
45.1	101.6	-63.2	30.3	
59.8	101.6	-70.6	20.5	
57.4	101.6	-58.3	22.9	
30.3	111.5	-102.5	13.1	
-9.1	101.6	-109.9	13.1	
-41.0	96.7	-100.1	18.0	
15.5	79.5	-85.3	18.0	
118.9	86.9	-97.6	10.6	
165.6	79.5	-97.6	5.7	
182.8	96.7	-65.6	-4.1	
177.9	77.0	-63.2	3.2	
123.8	74.6	-55.8	18.0	
69.7	77.0	-55.8	27.8	
3.2	82.0	-60.7	10.6	
-48.4	82.0	-63.2	-4.1	
-85.3	82.0	-87.8	10.6	
-90.2	86.9	-117.3	15.5	
-50.9	96.7	-92.7	5.7	
-58.3	82.0	-65.6	13.1	
-26.3	82.0	-41.0	18.0	
30.3	67.2	-33.7	30.3	
50.0	96.7	-65.6	42.6	
32.8	96.7	-63.2	67.2	
-21.4	109.0	-60.7	69.7	
-70.6	104.1	-77.9	64.7	
-95.2	91.8	-100.1	91.8	
-114.8	82.0	-141.9	84.4	
-105.0	79.5	-156.7	79.5	
-77.9	89.3	-132.1	79.5	
-48.4	111.5	-122.2	96.7	
18.0	101.6	-105.0	89.3	
89.3	89.3	-92.7	74.6	
116.4	59.8	-102.5	67.2	
118.9	54.9	-154.2	52.4	
96.7	54.9	-188.6	57.4	
42.6	62.3	-203.4	50.0	
-43.5	84.4	-191.1	54.9	
-124.7	116.4	-186.2	52.4	
-117.3	77.0	-186.2	54.9	
-33.7	74.6	-196.0	52.4	
59.8	109.0	-218.2	47.5	
113.9	163.1	-225.5	37.7	
155.8	182.8	-215.7	47.5	
136.1	158.2	-196.0	22.9	
101.6	175.4	-171.4	37.7	
74.6	104.1	-134.5	27.8	
35.2	45.1	-107.5	27.8	
27.8	-16.4	-77.9	22.9	
15.5	20.5	-55.8	22.9	
3.2	94.3	-77.9	8.2	
15.5	72.1	-75.5	0.8	
45.1	-14.0	-85.3	30.3	
67.2	-26.3	-100.1	30.3	
57.4	-23.8	-109.9	13.1	
96.7	8.2	-119.8	-6.6	
42.6	50.0	-107.5	0.8	
-14.0	116.4	-105.0	3.2	
-85.3	131.2	-109.9	-6.6	
-95.2	131.2	-68.1	10.6	
-122.2	94.3	-85.3	-4.1	
-90.2	82.0	-95.2	-4.1	
-41.0	79.5	-73.0	5.7	
35.2	84.4	-100.1	27.8	
32.8	77.0	-132.1	35.2	
40.1	50.0	-95.2	32.8	
72.1	40.1	-21.4	-11.5	
86.9	52.4	13.1	-4.1	
67.2	27.8	13.1	-31.2	
-1.7	22.9	22.9	-26.3	
-60.7	45.1	-1.7	-41.0	
-53.3	94.3	-41.0	-46.0	
-14.0	94.3	-50.9	-18.9	
35.2	91.8	-63.2	-21.4	
52.4	25.4	-63.2	-26.3	
94.3	5.7	-41.0	-31.2	
195.1	35.2	13.1	-18.9	
264.0	57.4	47.5	-53.3	
264.0	52.4	52.4	-63.2	
195.1	64.7	25.4	-55.8	
104.1	69.7	54.9	-33.7	
-9.1	69.7	59.8	-82.9	
-107.5	72.1	52.4	-68.1	
-154.2	74.6	69.7	-50.9	
-164.0	106.6	109.0	-63.2	
-205.9	109.0	145.9	-38.6	
-225.5	96.7	143.5	-43.5	
-161.6	99.2	136.1	-38.6	
-85.3	82.0	118.9	-48.4	
-53.3	84.4	101.6	-36.1	
-46.0	84.4	82.0	-33.7	
-21.4	91.8	67.2	-36.1	
-36.1	84.4	30.3	-46.0	
-23.8	91.8	27.8	-48.4	
45.1	84.4	-1.7	-53.3	
94.3	84.4	-11.5	-41.0	
113.9	94.3	-33.7	-58.3	
86.9	104.1	-43.5	-36.1	
72.1	113.9	-43.5	-33.7	
77.0	94.3	52.4	-53.3	
99.2	109.0	101.6	-53.3	
79.5	109.0	111.5	-41.0	
77.0	109.0	47.5	-43.5	
101.6	94.3	15.5	-53.3	
104.1	86.9	18.0	-58.3	
89.3	91.8	-41.0	-50.9	
59.8	96.7	-36.1	-48.4	
47.5	104.1	13.1	-43.5	
-11.5	89.3	40.1	-60.7	
-23.8	99.2	57.4	-63.2	
-63.2	99.2	54.9	-68.1	
-85.3	89.3	45.1	-70.6	
-68.1	82.0	42.6	-65.6	
-53.3	86.9	45.1	-53.3	
-68.1	67.2	50.0	-55.8	
-85.3	72.1	67.2	-58.3	
-53.3	72.1	86.9	-55.8	
-63.2	79.5	77.0	-63.2	
-53.3	74.6	40.1	-46.0	
-21.4	72.1	35.2	-58.3	
32.8	91.8	59.8	-50.9	
37.7	77.0	42.6	-46.0	
32.8	86.9	45.1	-46.0	
57.4	67.2	42.6	-48.4	
86.9	59.8	67.2	-33.7	
126.2	52.4	79.5	-26.3	
116.4	47.5	67.2	-26.3	
106.6	47.5	32.8	-28.7	
106.6	54.9	15.5	-21.4	
116.4	57.4	-11.5	-23.8	
94.3	54.9	-1.7	-14.0	
40.1	62.3	0.8	-21.4	
-18.9	47.5	72.1	-4.1	
-41.0	40.1	84.4	5.7	
-38.6	22.9	101.6	-6.6	
-31.2	18.0	121.3	-9.1	
-14.0	13.1	74.6	-6.6	
-26.3	10.6	-9.1	-26.3	
-6.6	5.7	18.0	-14.0	
8.2	15.5	40.1	-9.1	
30.3	30.3	96.7	-1.7	
57.4	25.4	138.5	0.8	
30.3	5.7	165.6	5.7	
62.3	-1.7	170.5	25.4	
155.8	-6.6	177.9	10.6	
150.8	5.7	173.0	-11.5	
113.9	-4.1	126.2	15.5	
72.1	-16.4	116.4	13.1	
30.3	-18.9	121.3	18.0	
-11.5	-16.4	84.4	15.5	
5.7	-14.0	79.5	20.5	
3.2	-1.7	64.7	27.8	
-14.0	-11.5	79.5	25.4	
5.7	47.5	182.8	18.0	
18.0	37.7	259.1	13.1	
27.8	59.8	256.6	5.7	
72.1	72.1	273.8	5.7	
84.4	67.2	251.7	-1.7	
27.8	99.2	145.9	45.1	
18.0	94.3	74.6	62.3	
30.3	47.5	0.8	10.6	
3.2	54.9	-21.4	-21.4	
-31.2	121.3	5.7	-26.3	
-41.0	170.5	-4.1	22.9	
-92.7	145.9	-1.7	22.9	
-75.5	13.1	74.6	-14.0	
-1.7	-70.6	190.2	13.1	
45.1	-92.7	214.8	15.5	
50.0	-92.7	249.2	8.2	
20.5	-112.4	273.8	-38.6	
0.8	-114.8	219.7	-18.9	
-31.2	-58.3	138.5	3.2	
-1.7	-33.7	79.5	-4.1	
-6.6	-4.1	3.2	-11.5	
-36.1	59.8	0.8	5.7	
-18.9	42.6	5.7	-33.7	
32.8	27.8	-58.3	-36.1	
74.6	37.7	30.3	-58.3	
45.1	47.5	158.2	-80.4	
-16.4	42.6	259.1	-55.8	
-48.4	40.1	256.6	-14.0	
-33.7	42.6	200.0	-11.5	
-9.1	45.1	143.5	-48.4	
25.4	40.1	118.9	-63.2	
133.6	-11.5	141.0	-33.7	
177.9	-9.1	182.8	-36.1	
182.8	25.4	175.4	-14.0	
202.5	37.7	99.2	-68.1	
138.5	-11.5	74.6	-43.5	
45.1	-28.7	67.2	18.0	
-36.1	62.3	57.4	45.1	
-183.7	67.2	25.4	-23.8	
-264.9	-6.6	-6.6	-171.4	
-228.0	-33.7	-21.4	-85.3	
-114.8	-4.1	25.4	-92.7	
-75.5	15.5	62.3	-65.6	
-38.6	0.8	69.7	3.2	
-6.6	-4.1	74.6	-23.8	
-4.1	8.2	148.4	-46.0	
0.8	22.9	187.7	-31.2	
10.6	5.7	111.5	-41.0	
-4.1	5.7	91.8	-60.7	
59.8	-6.6	62.3	-68.1	
113.9	5.7	62.3	-53.3	
150.8	5.7	59.8	-31.2	
131.2	15.5	106.6	-41.0	
101.6	37.7	141.0	-38.6	
109.0	0.8	190.2	-33.7	
77.0	3.2	276.3	-55.8	
27.8	25.4	278.8	-55.8	
-50.9	35.2	155.8	-58.3	
-87.8	13.1	42.6	-58.3	
-18.9	18.0	-92.7	-60.7	
42.6	-11.5	-200.9	-70.6	
96.7	-33.7	-102.5	-77.9	
99.2	-18.9	-16.4	-92.7	
69.7	8.2	-1.7	-77.9	
42.6	30.3	15.5	-77.9	
-9.1	42.6	30.3	-73.0	
-80.4	62.3	32.8	-75.5	
-124.7	72.1	37.7	-9.1	
-112.4	25.4	69.7	35.2	
-68.1	22.9	136.1	-4.1	
-26.3	32.8	136.1	-50.9	
5.7	5.7	86.9	-73.0	
3.2	-9.1	67.2	-70.6	
-9.1	30.3	104.1	-151.7	
-1.7	57.4	111.5	-178.8	
3.2	42.6	99.2	-65.6	
13.1	42.6	52.4	20.5	
15.5	42.6	37.7	-1.7	
18.0	40.1	67.2	69.7	
15.5	59.8	82.0	165.6	
52.4	54.9	42.6	50.0	
84.4	13.1	15.5	-9.1	
96.7	5.7	52.4	-11.5	
86.9	-4.1	111.5	-11.5	
79.5	-21.4	145.9	-6.6	
82.0	-33.7	133.6	5.7	
113.9	-28.7	79.5	-9.1	
177.9	-38.6	82.0	-23.8	
150.8	-50.9	104.1	-14.0	
131.2	-48.4	91.8	-21.4	
74.6	-36.1	74.6	-21.4	
-6.6	-48.4	96.7	-18.9	
-68.1	-43.5	111.5	-14.0	
-97.6	-41.0	82.0	-4.1	
-132.1	-18.9	54.9	-6.6	
-141.9	3.2	30.3	-6.6	
-112.4	-6.6	59.8	-14.0	
-43.5	-23.8	62.3	-9.1	
-4.1	-11.5	67.2	-23.8	
18.0	-6.6	64.7	-21.4	
79.5	-38.6	62.3	-11.5	
106.6	-28.7	37.7	-16.4	
143.5	-77.9	50.0	-31.2	
145.9	-38.6	126.2	-16.4	
155.8	-28.7	131.2	-16.4	
126.2	-68.1	86.9	-11.5	
84.4	-48.4	54.9	-16.4	
45.1	-1.7	67.2	-6.6	
-26.3	32.8	64.7	-1.7	
-105.0	64.7	32.8	0.8	
-149.3	30.3	-31.2	5.7	
-105.0	30.3	104.1	0.8	
-65.6	64.7	177.9	-1.7	
-6.6	59.8	175.4	15.5	
18.0	84.4	126.2	20.5	
-1.7	72.1	84.4	20.5	
5.7	40.1	69.7	22.9	
-1.7	8.2	109.0	18.0	
18.0	-6.6	138.5	30.3	
-16.4	8.2	123.8	30.3	
-33.7	5.7	35.2	47.5	
-43.5	-26.3	52.4	32.8	
-18.9	-31.2	131.2	35.2	
-14.0	-50.9	128.7	20.5	
0.8	-18.9	131.2	25.4	
5.7	-6.6	131.2	37.7	
18.0	10.6	141.0	27.8	
20.5	-1.7	202.5	18.0	
37.7	8.2	195.1	20.5	
42.6	10.6	133.6	30.3	
50.0	40.1	57.4	20.5	
45.1	27.8	15.5	18.0	
50.0	35.2	0.8	18.0	
64.7	54.9	13.1	22.9	
69.7	59.8	18.0	27.8	
72.1	67.2	37.7	3.2	
84.4	67.2	116.4	5.7	
77.0	101.6	145.9	22.9	
86.9	15.5	113.9	32.8	
91.8	-60.7	64.7	-4.1	
74.6	-107.5	67.2	15.5	
50.0	-100.1	86.9	27.8	
32.8	-36.1	89.3	20.5	
30.3	32.8	86.9	8.2	
0.8	40.1	94.3	3.2	
-23.8	3.2	86.9	-11.5	
-33.7	18.0	79.5	-41.0	
-43.5	8.2	72.1	-43.5	
-55.8	40.1	77.0	-18.9	
-80.4	30.3	79.5	-1.7	
-82.9	8.2	79.5	25.4	
-70.6	-4.1	86.9	37.7	
-75.5	18.0	101.6	-28.7	
-70.6	57.4	99.2	-41.0	
-33.7	10.6	94.3	-46.0	
-23.8	18.0	99.2	5.7	
-14.0	45.1	104.1	5.7	
8.2	57.4	91.8	69.7	
40.1	99.2	104.1	-11.5	
101.6	89.3	113.9	-28.7	
128.7	74.6	109.0	-9.1	
158.2	42.6	89.3	-14.0	
143.5	37.7	47.5	-23.8	
106.6	69.7	67.2	3.2	
79.5	94.3	47.5	-11.5	
57.4	79.5	72.1	-48.4	
-1.7	91.8	96.7	-97.6	
-41.0	59.8	155.8	-139.4	
-46.0	5.7	158.2	-173.9	
-31.2	42.6	202.5	-141.9	
13.1	52.4	150.8	8.2	
5.7	50.0	72.1	91.8	
0.8	72.1	20.5	104.1	
-28.7	89.3	42.6	131.2	
-38.6	104.1	94.3	-73.0	
-36.1	104.1	99.2	-191.1	
-18.9	109.0	79.5	-225.5	
-23.8	109.0	99.2	-220.6	
-23.8	118.9	113.9	-237.8	
-23.8	136.1	111.5	72.1	
-1.7	143.5	118.9	374.7	
3.2	158.2	138.5	217.3	
-4.1	163.1	145.9	192.7	
5.7	173.0	155.8	153.3	
30.3	160.7	160.7	82.0	
67.2	163.1	143.5	94.3	
74.6	153.3	153.3	67.2	
106.6	141.0	173.0	40.1	
123.8	116.4	175.4	40.1	
99.2	104.1	177.9	30.3	
59.8	96.7	185.3	15.5	
59.8	94.3	244.3	22.9	
3.2	106.6	229.6	15.5	
-58.3	116.4	202.5	13.1	
-87.8	118.9	200.0	15.5	
-90.2	96.7	195.1	18.0	
-73.0	86.9	197.6	5.7	
-38.6	89.3	212.3	-4.1	
-18.9	79.5	219.7	-4.1	
-1.7	54.9	207.4	-18.9	
5.7	25.4	229.6	-16.4	
15.5	8.2	209.9	3.2	
5.7	13.1	209.9	-1.7	
-16.4	18.0	185.3	-18.9	
-11.5	-11.5	165.6	-31.2	
-11.5	-4.1	148.4	-16.4	
-6.6	18.0	138.5	-4.1	
-21.4	-4.1	126.2	-9.1	
-16.4	-31.2	155.8	-14.0	
-4.1	-38.6	185.3	-14.0	
-1.7	-38.6	207.4	0.8	
-9.1	-50.9	209.9	13.1	
25.4	-70.6	190.2	-4.1	
35.2	-85.3	175.4	-28.7	
37.7	-92.7	168.1	-26.3	
35.2	-87.8	197.6	-4.1	
35.2	-82.9	214.8	-11.5	
27.8	-85.3	212.3	-6.6	
25.4	-75.5	229.6	-16.4	
15.5	-73.0	236.9	-28.7	
18.0	-114.8	241.9	-26.3	
13.1	-149.3	219.7	-41.0	
13.1	-122.2	209.9	-50.9	
18.0	-53.3	232.0	-73.0	
18.0	-28.7	261.5	-77.9	
20.5	47.5	283.7	-55.8	
20.5	79.5	291.1	-60.7	
22.9	57.4	315.7	-46.0	
47.5	-4.1	347.6	-53.3	
35.2	-4.1	355.0	-36.1	
25.4	-41.0	352.6	-43.5	
25.4	-46.0	357.5	-53.3	
32.8	5.7	364.9	-48.4	
64.7	32.8	347.6	-75.5	
77.0	22.9	355.0	-46.0	
91.8	32.8	372.2	-43.5	
86.9	-36.1	367.3	-46.0	
74.6	-117.3	328.0	-46.0	
50.0	-65.6	342.7	-28.7	
18.0	-23.8	362.4	-21.4	
-16.4	-14.0	364.9	-38.6	
-50.9	20.5	357.5	-68.1	
-77.9	-11.5	347.6	-87.8	
-77.9	20.5	350.1	-119.8	
-73.0	52.4	372.2	-105.0	
-68.1	86.9	355.0	-65.6	
-36.1	77.0	328.0	-80.4	
13.1	91.8	335.3	-95.2	
18.0	104.1	352.6	-95.2	
25.4	118.9	357.5	-100.1	
22.9	158.2	323.0	-109.9	
5.7	145.9	330.4	-97.6	
-4.1	52.4	303.4	-107.5	
-6.6	27.8	308.3	-95.2	
-18.9	-28.7	283.7	-97.6	
-1.7	99.2	303.4	-82.9	
8.2	163.1	345.2	-77.9	
13.1	35.2	357.5	-70.6	
45.1	-26.3	323.0	-75.5	
47.5	-73.0	293.5	-65.6	
52.4	-36.1	278.8	-65.6	
30.3	-38.6	244.3	-36.1	
27.8	32.8	195.1	-23.8	
47.5	69.7	173.0	-26.3	
57.4	94.3	141.0	-14.0	
64.7	84.4	86.9	-1.7	
50.0	-4.1	64.7	3.2	
27.8	-127.1	37.7	-11.5	
5.7	-102.5	8.2	13.1	
10.6	-18.9	-18.9	22.9	
77.0	-14.0	-41.0	5.7	
94.3	-33.7	-85.3	-33.7	
74.6	-38.6	-105.0	-11.5	
77.0	-58.3	-109.9	40.1	
62.3	-77.9	-127.1	25.4	
40.1	-50.9	-139.4	42.6	
8.2	-58.3	-144.4	64.7	
-43.5	-55.8	-149.3	91.8	
-107.5	-38.6	-156.7	74.6	
-161.6	-48.4	-151.7	47.5	
-129.6	-48.4	-161.6	42.6	
-85.3	-41.0	-164.0	79.5	
-41.0	-23.8	-161.6	106.6	
3.2	-50.9	-171.4	128.7	
15.5	-60.7	-176.3	128.7	
20.5	-43.5	-183.7	131.2	
27.8	13.1	-191.1	133.6	
30.3	35.2	-196.0	153.3	
15.5	10.6	-181.3	155.8	
8.2	30.3	-169.0	155.8	
8.2	15.5	-154.2	138.5	
-1.7	22.9	-149.3	126.2	
-9.1	27.8	-141.9	131.2	
-11.5	45.1	-151.7	133.6	
-9.1	27.8	-169.0	126.2	
18.0	-48.4	-151.7	126.2	
18.0	-97.6	-134.5	113.9	
35.2	-55.8	-129.6	109.0	
40.1	-33.7	-109.9	91.8	
32.8	-26.3	-119.8	91.8	
35.2	8.2	-139.4	74.6	
22.9	3.2	-132.1	77.0	
30.3	22.9	-124.7	79.5	
37.7	22.9	-117.3	77.0	
37.7	22.9	-132.1	50.0	
64.7	40.1	-114.8	50.0	
67.2	47.5	-112.4	50.0	
77.0	-48.4	-107.5	54.9	
67.2	-55.8	-102.5	47.5	
50.0	-6.6	-77.9	37.7	
42.6	-1.7	-48.4	22.9	
35.2	54.9	-16.4	10.6	
25.4	42.6	3.2	5.7	
25.4	25.4	42.6	-9.1	
25.4	18.0	62.3	-1.7	
40.1	-11.5	91.8	-11.5	
30.3	-21.4	104.1	-23.8	
50.0	-26.3	116.4	-21.4	
59.8	-16.4	150.8	-6.6	
42.6	40.1	185.3	-9.1	
42.6	5.7	217.3	-14.0	
20.5	-1.7	236.9	-26.3	
-1.7	-41.0	234.5	-14.0	
-26.3	-109.9	244.3	-18.9	
-21.4	-156.7	192.7	-21.4	
-31.2	-132.1	133.6	-14.0	
-16.4	-36.1	77.0	-21.4	
-9.1	45.1	47.5	-38.6	
-28.7	10.6	-6.6	-6.6	
-14.0	-11.5	-60.7	-6.6	
5.7	-28.7	-105.0	-11.5	
-1.7	-4.1	-134.5	-26.3	
3.2	-23.8	-132.1	-33.7	
10.6	-18.9	-151.7	-26.3	
-1.7	0.8	-141.9	-18.9	
18.0	35.2	-127.1	-18.9	
5.7	62.3	-124.7	-6.6	
15.5	74.6	-139.4	-16.4	
13.1	101.6	-127.1	-6.6	
13.1	128.7	-132.1	-9.1	
30.3	155.8	-132.1	-11.5	
30.3	160.7	-119.8	-14.0	
25.4	168.1	-161.6	-31.2	
30.3	153.3	-178.8	-33.7	
37.7	177.9	-188.6	-23.8	
22.9	207.4	-181.3	-28.7	
27.8	219.7	-200.9	-21.4	
3.2	227.1	-228.0	-18.9	
-14.0	246.8	-235.4	-16.4	
-11.5	278.8	-247.7	-21.4	
-9.1	286.1	-252.6	-9.1	
-4.1	271.4	-257.5	-9.1	
22.9	219.7	-240.3	3.2	
20.5	232.0	-247.7	8.2	
18.0	241.9	-240.3	20.5	
30.3	219.7	-208.3	22.9	
67.2	202.5	-191.1	30.3	
99.2	168.1	-176.3	32.8	
104.1	118.9	-149.3	32.8	
101.6	13.1	-134.5	42.6	
118.9	3.2	-132.1	45.1	
192.7	13.1	-124.7	32.8	
234.5	18.0	-109.9	40.1	
246.8	-28.7	-85.3	57.4	
175.4	-38.6	-55.8	57.4	
79.5	-55.8	-43.5	67.2	
-31.2	-50.9	-33.7	54.9	
-107.5	-36.1	-33.7	45.1	
-178.8	-48.4	-26.3	32.8	
-210.8	-75.5	-6.6	40.1	
-242.8	-100.1	-9.1	35.2	
-309.2	-171.4	-14.0	35.2	
-274.7	-277.2	-6.6	22.9	
-186.2	-309.2	-9.1	20.5	
-77.9	-363.3	-16.4	15.5	
-26.3	-333.8	-26.3	8.2	
-11.5	-267.4	-46.0	27.8	
15.5	-247.7	-41.0	54.9	
25.4	-284.6	-26.3	50.0	
47.5	-237.8	-38.6	32.8	
67.2	-193.6	-60.7	37.7	
82.0	-164.0	-70.6	42.6	
104.1	-129.6	-48.4	40.1	
77.0	-124.7	-46.0	45.1	
47.5	-124.7	-46.0	52.4	
25.4	-132.1	-48.4	47.5	
20.5	-33.7	-50.9	47.5	
-6.6	8.2	-68.1	32.8	
-36.1	50.0	-70.6	32.8	
-55.8	40.1	-75.5	30.3	
-41.0	37.7	-87.8	10.6	
-33.7	35.2	-80.4	15.5	
-1.7	57.4	-65.6	47.5	
35.2	45.1	-43.5	32.8	
40.1	-31.2	-33.7	13.1	
25.4	-129.6	-28.7	-58.3	
-1.7	-73.0	-1.7	-1.7	
-9.1	40.1	0.8	0.8	
3.2	94.3	37.7	0.8	
18.0	91.8	50.0	5.7	
40.1	86.9	59.8	-4.1	
30.3	82.0	82.0	-9.1	
18.0	72.1	74.6	-18.9	
22.9	27.8	57.4	-38.6	
15.5	8.2	74.6	-38.6	
0.8	-1.7	57.4	-55.8	
5.7	-9.1	54.9	-55.8	
3.2	45.1	42.6	-65.6	
10.6	82.0	18.0	-82.9	
5.7	64.7	3.2	-85.3	
25.4	82.0	-38.6	-73.0	
47.5	101.6	-48.4	-73.0	
35.2	30.3	-95.2	-68.1	
30.3	-11.5	-129.6	-63.2	
22.9	-21.4	-144.4	-77.9	
42.6	-9.1	-109.9	-82.9	
67.2	50.0	-100.1	-109.9	
50.0	67.2	-70.6	-97.6	
42.6	35.2	-50.9	-117.3	
37.7	22.9	-41.0	-117.3	
47.5	15.5	-11.5	-102.5	
57.4	77.0	5.7	-127.1	
67.2	84.4	45.1	-129.6	
30.3	69.7	64.7	-107.5	
20.5	62.3	72.1	-102.5	
15.5	18.0	91.8	-80.4	
0.8	3.2	77.0	-53.3	
-4.1	18.0	62.3	-41.0	
-18.9	8.2	54.9	-21.4	
-1.7	18.0	37.7	0.8	
-23.8	20.5	35.2	8.2	
-28.7	18.0	32.8	-1.7	
-28.7	18.0	52.4	10.6	
-14.0	15.5	47.5	18.0	
-6.6	32.8	47.5	27.8	
25.4	22.9	54.9	30.3	
52.4	18.0	42.6	40.1	
72.1	15.5	30.3	69.7	
64.7	8.2	-4.1	82.0	
94.3	5.7	-6.6	86.9	
126.2	8.2	-14.0	69.7	
123.8	15.5	-4.1	67.2	
109.0	8.2	-11.5	57.4	
84.4	8.2	15.5	37.7	
74.6	0.8	47.5	27.8	
89.3	8.2	74.6	10.6	
72.1	-1.7	91.8	-4.1	
52.4	8.2	126.2	-36.1	
15.5	-14.0	118.9	-46.0	
-23.8	3.2	116.4	-68.1	
-58.3	-1.7	104.1	-68.1	
-100.1	-6.6	64.7	-58.3	
-73.0	5.7	37.7	-73.0	
-36.1	0.8	0.8	-95.2	
-9.1	18.0	-16.4	-87.8	
-26.3	37.7	-28.7	-112.4	
-53.3	62.3	-63.2	-105.0	
-63.2	138.5	-77.9	-132.1	
-43.5	101.6	-80.4	-137.0	
-53.3	141.0	-102.5	-151.7	
-73.0	106.6	-92.7	-149.3	
-112.4	67.2	-82.9	-137.0	
-132.1	35.2	-85.3	-127.1	
-114.8	8.2	-90.2	-124.7	
-105.0	-77.9	-75.5	-122.2	
-53.3	-82.9	-95.2	-117.3	
3.2	8.2	-95.2	-119.8	
32.8	27.8	-95.2	-100.1	
59.8	-48.4	-92.7	-92.7	
82.0	-80.4	-87.8	-92.7	
84.4	-73.0	-90.2	-100.1	
59.8	-70.6	-65.6	-77.9	
82.0	-73.0	-58.3	-50.9	
67.2	-16.4	-38.6	-63.2	
64.7	-33.7	-41.0	-75.5	
101.6	82.0	-26.3	-80.4	
101.6	150.8	-33.7	-63.2	
96.7	84.4	-26.3	-58.3	
99.2	-14.0	-21.4	-55.8	
82.0	8.2	-14.0	-38.6	
18.0	35.2	-1.7	-38.6	
-60.7	35.2	-9.1	-53.3	
-100.1	32.8	-11.5	-50.9	
-132.1	47.5	-6.6	-43.5	
-122.2	15.5	-4.1	-53.3	
-151.7	35.2	-28.7	-36.1	
-137.0	82.0	-28.7	-46.0	
-105.0	67.2	-31.2	-43.5	
-48.4	30.3	-38.6	-38.6	
-38.6	42.6	-21.4	-48.4	
-14.0	54.9	-14.0	-48.4	
5.7	72.1	-4.1	-33.7	
32.8	72.1	-26.3	-36.1	
50.0	30.3	-16.4	-41.0	
40.1	32.8	-21.4	-48.4	
54.9	45.1	-28.7	-41.0	
77.0	45.1	-23.8	-41.0	
84.4	52.4	-6.6	-60.7	
72.1	40.1	8.2	-75.5	
94.3	45.1	20.5	-95.2	
74.6	62.3	22.9	-82.9	
69.7	42.6	27.8	-100.1	
30.3	25.4	35.2	-151.7	
20.5	32.8	30.3	-178.8	
0.8	37.7	18.0	-203.4	
-36.1	72.1	15.5	-213.2	
-53.3	86.9	-1.7	-186.2	
-50.9	109.0	-11.5	-173.9	
-28.7	96.7	0.8	-159.1	
-21.4	111.5	20.5	-161.6	
-16.4	109.0	22.9	-203.4	
-6.6	64.7	15.5	-173.9	
0.8	59.8	20.5	-146.8	
3.2	116.4	20.5	-139.4	
22.9	153.3	25.4	-124.7	
27.8	180.4	25.4	-127.1	
50.0	160.7	47.5	-102.5	
82.0	109.0	45.1	-105.0	
91.8	77.0	52.4	-100.1	
86.9	37.7	74.6	-80.4	
91.8	-14.0	67.2	-73.0	
54.9	-1.7	77.0	-53.3	
45.1	67.2	84.4	-41.0	
18.0	72.1	74.6	-41.0	
-1.7	54.9	50.0	-43.5	
-11.5	62.3	50.0	-31.2	
-43.5	72.1	47.5	-36.1	
-36.1	84.4	57.4	-16.4	
-33.7	131.2	62.3	-11.5	
-16.4	133.6	77.0	-21.4	
10.6	106.6	54.9	-11.5	
52.4	42.6	50.0	-18.9	
101.6	13.1	72.1	-6.6	
123.8	-16.4	79.5	-11.5	
141.0	-11.5	82.0	-11.5	
192.7	-31.2	94.3	10.6	
160.7	-33.7	84.4	-1.7	
123.8	18.0	89.3	10.6	
104.1	42.6	79.5	3.2	
57.4	42.6	69.7	-14.0	
-16.4	57.4	67.2	-1.7	
-28.7	64.7	67.2	5.7	
-26.3	57.4	47.5	3.2	
-48.4	64.7	45.1	3.2	
-65.6	59.8	32.8	-4.1	
-75.5	77.0	45.1	3.2	
-46.0	77.0	64.7	-1.7	
-14.0	79.5	47.5	-6.6	
-14.0	77.0	27.8	15.5	
-11.5	64.7	30.3	13.1	
-26.3	62.3	30.3	22.9	
-68.1	64.7	10.6	30.3	
-92.7	86.9	13.1	27.8	
-63.2	74.6	32.8	40.1	
-31.2	79.5	50.0	35.2	
-41.0	72.1	47.5	50.0	
-46.0	82.0	45.1	42.6	
-48.4	101.6	25.4	54.9	
-73.0	104.1	37.7	57.4	
-38.6	91.8	35.2	62.3	
37.7	104.1	20.5	72.1	
57.4	113.9	10.6	57.4	
13.1	111.5	8.2	74.6	
8.2	96.7	-1.7	77.0	
25.4	109.0	3.2	77.0	
64.7	116.4	-26.3	91.8	
54.9	128.7	-38.6	86.9	
10.6	136.1	-33.7	99.2	
-16.4	148.4	-9.1	91.8	
-50.9	145.9	10.6	86.9	
-112.4	170.5	-1.7	67.2	
-109.9	173.0	-9.1	72.1	
-85.3	177.9	-18.9	82.0	
-65.6	177.9	-21.4	94.3	
-82.9	165.6	-23.8	101.6	
-95.2	163.1	-16.4	101.6	
-63.2	153.3	-14.0	96.7	
15.5	141.0	-28.7	104.1	
64.7	150.8	-38.6	99.2	
94.3	145.9	-46.0	99.2	
101.6	133.6	-14.0	109.0	
84.4	94.3	-28.7	116.4	
74.6	111.5	-18.9	104.1	
89.3	128.7	-14.0	104.1	
101.6	116.4	-11.5	101.6	
121.3	82.0	-21.4	104.1	
133.6	59.8	-23.8	99.2	
106.6	52.4	-38.6	89.3	
69.7	57.4	-58.3	96.7	
30.3	45.1	-58.3	101.6	
22.9	54.9	-68.1	89.3	
-14.0	32.8	-73.0	82.0	
-31.2	40.1	-92.7	67.2	
-60.7	57.4	-55.8	57.4	
-73.0	22.9	-50.9	59.8	
-109.9	-23.8	-41.0	27.8	
-109.9	3.2	-38.6	32.8	
-73.0	5.7	-46.0	22.9	
-41.0	3.2	-33.7	45.1	
-38.6	-18.9	-28.7	25.4	
-11.5	-23.8	-23.8	35.2	
20.5	-28.7	-18.9	30.3	
82.0	50.0	-16.4	32.8	
82.0	86.9	-26.3	52.4	
62.3	84.4	-23.8	42.6	
47.5	113.9	-33.7	42.6	
47.5	133.6	-33.7	30.3	
30.3	82.0	-38.6	37.7	
45.1	-48.4	-46.0	37.7	
27.8	-105.0	-55.8	30.3	
3.2	-73.0	-68.1	45.1	
-33.7	-55.8	-53.3	35.2	
-63.2	-38.6	-68.1	45.1	
-95.2	-60.7	-58.3	57.4	
-95.2	-38.6	-48.4	45.1	
-85.3	-11.5	-33.7	47.5	
-23.8	-18.9	-18.9	57.4	
-4.1	-6.6	-21.4	59.8	
8.2	-23.8	-26.3	67.2	
32.8	-18.9	-28.7	62.3	
52.4	-4.1	-33.7	77.0	
72.1	-14.0	-28.7	67.2	
79.5	-16.4	-26.3	59.8	
99.2	-9.1	-36.1	62.3	
101.6	-38.6	-28.7	59.8	
91.8	-41.0	-28.7	57.4	
54.9	-11.5	-14.0	64.7	
84.4	0.8	-16.4	74.6	
104.1	-1.7	3.2	64.7	
84.4	3.2	-6.6	59.8	
54.9	5.7	8.2	50.0	
13.1	32.8	13.1	47.5	
32.8	20.5	15.5	64.7	
77.0	15.5	-1.7	45.1	
143.5	25.4	-33.7	57.4	
153.3	22.9	-70.6	54.9	
121.3	-16.4	-70.6	57.4	
50.0	-21.4	-36.1	35.2	
25.4	-14.0	-18.9	42.6	
10.6	-18.9	-28.7	47.5	
-31.2	5.7	-77.9	40.1	
-16.4	30.3	-55.8	50.0	
-60.7	30.3	-36.1	40.1	
-127.1	18.0	-21.4	42.6	
-176.3	3.2	-11.5	35.2	
-164.0	15.5	-6.6	40.1	
-127.1	42.6	-14.0	30.3	
-77.9	47.5	-18.9	20.5	
-53.3	45.1	-6.6	22.9	
-6.6	37.7	-16.4	15.5	
-11.5	30.3	-16.4	18.0	
-9.1	45.1	-1.7	15.5	
42.6	47.5	-23.8	8.2	
128.7	37.7	-26.3	0.8	
116.4	37.7	-23.8	3.2	
89.3	45.1	-26.3	13.1	
40.1	30.3	-16.4	5.7	
42.6	47.5	-21.4	15.5	
18.0	54.9	-28.7	22.9	
-11.5	74.6	-26.3	20.5	
-53.3	109.0	-33.7	15.5	
-109.9	121.3	-26.3	30.3	
-159.1	106.6	-33.7	27.8	
-208.3	84.4	-33.7	27.8	
-159.1	84.4	-31.2	20.5	
-53.3	74.6	-23.8	32.8	
62.3	74.6	-23.8	27.8	
116.4	59.8	-14.0	32.8	
104.1	47.5	-9.1	20.5	
89.3	30.3	-16.4	25.4	
94.3	47.5	-33.7	18.0	
69.7	77.0	-58.3	30.3	
27.8	111.5	-58.3	37.7	
-26.3	104.1	-38.6	35.2	
-60.7	89.3	-48.4	35.2	
-112.4	59.8	-43.5	25.4	
-107.5	40.1	-38.6	20.5	
-16.4	22.9	-46.0	20.5	
37.7	-9.1	-18.9	3.2	
59.8	-50.9	-11.5	3.2	
62.3	18.0	-11.5	10.6	
155.8	42.6	-16.4	32.8	
200.0	54.9	-23.8	35.2	
232.0	45.1	-23.8	30.3	
209.9	67.2	-53.3	40.1	
143.5	40.1	-55.8	25.4	
84.4	35.2	-55.8	30.3	
15.5	15.5	-55.8	40.1	
-43.5	45.1	-46.0	32.8	
-102.5	79.5	-43.5	32.8	
-137.0	128.7	-46.0	22.9	
-171.4	143.5	-36.1	3.2	
-161.6	101.6	-31.2	25.4	
-77.9	57.4	-26.3	30.3	
22.9	42.6	-23.8	27.8	
116.4	37.7	-16.4	22.9	
180.4	62.3	-16.4	10.6	
163.1	57.4	-23.8	8.2	
104.1	5.7	-11.5	5.7	
77.0	-26.3	-4.1	13.1	
35.2	-14.0	5.7	8.2	
-9.1	8.2	10.6	10.6	
-4.1	18.0	-9.1	15.5	
-68.1	20.5	-6.6	25.4	
-117.3	13.1	-11.5	20.5	
-95.2	-11.5	-38.6	25.4	
-46.0	-18.9	-33.7	13.1	
-28.7	-26.3	-38.6	5.7	
-31.2	-1.7	-43.5	10.6	
-31.2	13.1	-55.8	20.5	
-77.9	0.8	-87.8	22.9	
-97.6	-21.4	-75.5	25.4	
-92.7	-9.1	-87.8	25.4	
-70.6	-38.6	-95.2	22.9	
-6.6	-63.2	-90.2	20.5	
45.1	-80.4	-70.6	18.0	
50.0	-70.6	-38.6	15.5	
52.4	-55.8	-31.2	18.0	
59.8	-60.7	-41.0	20.5	
50.0	-55.8	-9.1	30.3	
89.3	-33.7	-11.5	22.9	
91.8	-23.8	-6.6	37.7	
54.9	-36.1	-6.6	22.9	
-6.6	-1.7	-11.5	32.8	
10.6	22.9	0.8	20.5	
30.3	3.2	-1.7	20.5	
13.1	-26.3	-1.7	27.8	
-31.2	-43.5	5.7	25.4	
-58.3	-63.2	25.4	32.8	
-48.4	-124.7	15.5	40.1	
3.2	-161.6	27.8	37.7	
37.7	-127.1	40.1	50.0	
77.0	-63.2	25.4	69.7	
82.0	-55.8	8.2	50.0	
35.2	-85.3	-9.1	50.0	
-16.4	-137.0	-28.7	50.0	
-55.8	-112.4	-46.0	45.1	
-68.1	-18.9	-31.2	35.2	
-95.2	-36.1	-33.7	35.2	
-117.3	-1.7	-18.9	27.8	
-95.2	15.5	-31.2	40.1	
-1.7	0.8	-43.5	32.8	
69.7	-46.0	-55.8	25.4	
155.8	-105.0	-46.0	25.4	
217.3	-129.6	-26.3	27.8	
313.2	-146.8	-63.2	20.5	
308.3	-124.7	-60.7	20.5	
268.9	-129.6	-85.3	15.5	
185.3	-149.3	-73.0	5.7	
54.9	-107.5	-117.3	-4.1	
-63.2	-107.5	-102.5	-14.0	
-146.8	-107.5	-107.5	-6.6	
-186.2	-129.6	-70.6	10.6	
-161.6	-164.0	-50.9	0.8	
-90.2	-137.0	-60.7	-4.1	
-53.3	-65.6	-58.3	8.2	
-41.0	-58.3	-55.8	-14.0	
-6.6	-55.8	-87.8	-4.1	
47.5	-55.8	-100.1	-23.8	
64.7	-100.1	-107.5	-18.9	
-9.1	-97.6	-97.6	-28.7	
-60.7	-75.5	-117.3	-21.4	
-107.5	-48.4	-92.7	-16.4	
-122.2	-55.8	-58.3	-14.0	
-100.1	-77.9	-53.3	-18.9	
-21.4	-109.9	-31.2	-23.8	
74.6	-117.3	-6.6	-31.2	
180.4	-97.6	25.4	-21.4	
202.5	-70.6	8.2	-23.8	
185.3	-80.4	5.7	-23.8	
99.2	-75.5	15.5	-16.4	
25.4	-80.4	0.8	-16.4	
-33.7	-97.6	8.2	-21.4	
-124.7	-80.4	-4.1	-26.3	
-164.0	-77.9	13.1	-33.7	
-117.3	-77.9	54.9	-26.3	
-60.7	-75.5	99.2	-9.1	
-46.0	-70.6	106.6	0.8	
-80.4	-68.1	86.9	5.7	
-46.0	-75.5	101.6	30.3	
-16.4	-65.6	116.4	45.1	
32.8	-65.6	111.5	52.4	
111.5	-75.5	111.5	59.8	
104.1	-58.3	123.8	79.5	
72.1	-53.3	96.7	82.0	
45.1	-53.3	89.3	96.7	
8.2	-41.0	106.6	96.7	
-21.4	-38.6	126.2	109.0	
-53.3	-53.3	99.2	118.9	
-65.6	-50.9	64.7	123.8	
22.9	-53.3	15.5	118.9	
126.2	-53.3	-1.7	121.3	
118.9	-53.3	-4.1	118.9	
74.6	-38.6	-6.6	106.6	
27.8	-28.7	30.3	96.7	
42.6	-9.1	79.5	82.0	
50.0	-11.5	96.7	69.7	
32.8	-9.1	89.3	57.4	
30.3	0.8	62.3	54.9	
0.8	-14.0	37.7	50.0	
-55.8	-4.1	-31.2	47.5	
-50.9	-16.4	-112.4	42.6	
-4.1	13.1	-159.1	40.1	
-1.7	40.1	-220.6	37.7	
-26.3	32.8	-323.9	35.2	
-23.8	47.5	-380.5	27.8	
-50.9	59.8	-446.9	13.1	
-28.7	54.9	-496.1	-1.7	
-14.0	72.1	-503.5	-14.0	
25.4	99.2	-474.0	-11.5	
10.6	111.5	-410.0	-26.3	
18.0	131.2	-321.5	-36.1	
77.0	155.8	-240.3	-31.2	
64.7	187.7	-188.6	-46.0	
45.1	195.1	-144.4	-53.3	
-11.5	209.9	-87.8	-58.3	
-41.0	227.1	-58.3	-60.7	
-23.8	251.7	-14.0	-68.1	
-65.6	278.8	57.4	-63.2	
-43.5	286.1	35.2	-63.2	
20.5	318.1	-73.0	-73.0	
128.7	313.2	-240.3	-87.8	
374.7	310.7	-474.0	-90.2	
492.8	310.7	-690.5	-90.2	
433.7	330.4	-902.0	-85.3	
276.3	340.3	-1125.9	-92.7	
94.3	347.6	-1322.7	-92.7	
-73.0	350.1	-1443.2	-87.8	
-164.0	342.7	-1475.2	-90.2	
-252.6	332.9	-1408.8	-90.2	
-326.4	320.6	-1285.8	-95.2	
-363.3	313.2	-1113.6	-92.7	
-316.6	313.2	-909.4	-73.0	
-193.6	305.8	-707.7	-82.9	
-85.3	288.6	-540.4	-77.9	
-21.4	246.8	-392.8	-75.5	
25.4	187.7	-269.8	-63.2	
64.7	143.5	-208.3	-58.3	
77.0	50.0	-161.6	-50.9	
57.4	5.7	-132.1	-65.6	
20.5	-70.6	-82.9	-63.2	
25.4	-169.0	5.7	-41.0	
136.1	-272.3	101.6	-36.1	
219.7	-385.4	222.2	-28.7	
276.3	-459.2	283.7	-31.2	
281.2	-518.3	251.7	-26.3	
347.6	-633.9	37.7	-16.4	
325.5	-712.6	-235.4	-16.4	
180.4	-737.2	-471.5	8.2	
45.1	-717.5	-636.4	18.0	
-1.7	-759.4	-747.1	13.1	
-33.7	-710.2	-771.7	10.6	
136.1	-656.0	-779.0	10.6	
197.6	-685.6	-749.5	30.3	
197.6	-665.9	-710.2	32.8	
123.8	-594.5	-668.3	32.8	
32.8	-569.9	-614.2	32.8	
-36.1	-493.7	-540.4	50.0	
-129.6	-454.3	-461.7	52.4	
-277.2	-397.7	-301.8	52.4	
-306.7	-360.8	-127.1	101.6	
-316.6	-294.4	32.8	82.0	
-277.2	-237.8	175.4	45.1	
-260.0	-181.3	320.6	69.7	
-188.6	-129.6	409.1	101.6	
-122.2	-75.5	463.3	101.6	
-70.6	-26.3	495.2	67.2	
-41.0	37.7	512.5	72.1	
-23.8	72.1	549.4	99.2	
18.0	113.9	544.4	91.8	
-9.1	138.5	534.6	101.6	
-43.5	187.7	512.5	109.0	
-95.2	202.5	465.7	104.1	
-105.0	239.4	441.1	106.6	
-97.6	268.9	406.7	96.7	
-80.4	288.6	384.5	82.0	
15.5	288.6	340.3	106.6	
91.8	298.4	308.3	116.4	
205.0	328.0	276.3	106.6	
259.1	342.7	249.2	104.1	
350.1	347.6	261.5	77.0	
364.9	310.7	266.5	59.8	
288.6	310.7	325.5	69.7	
165.6	300.9	379.6	47.5	
69.7	283.7	455.9	-1.7	
-23.8	249.2	514.9	42.6	
-164.0	202.5	561.7	62.3	
-316.6	143.5	591.2	67.2	
-405.1	141.0	630.5	57.4	
-355.9	123.8	684.7	62.3	
-218.2	99.2	736.3	47.5	
-46.0	62.3	756.0	52.4	
50.0	37.7	758.5	57.4	
113.9	15.5	738.8	52.4	
109.0	-16.4	733.9	32.8	
104.1	-43.5	728.9	35.2	
62.3	-50.9	741.2	30.3	
74.6	-65.6	743.7	22.9	
106.6	-63.2	736.3	27.8	
79.5	-53.3	716.6	15.5	
37.7	-36.1	706.8	3.2	
-16.4	-38.6	684.7	-4.1	
-95.2	-16.4	655.1	-16.4	
-151.7	-18.9	633.0	-16.4	
-149.3	3.2	576.4	-18.9	
-85.3	35.2	549.4	-16.4	
-21.4	40.1	507.5	-11.5	
20.5	27.8	455.9	-14.0	
57.4	40.1	409.1	-23.8	
131.2	45.1	364.9	-9.1	
69.7	59.8	320.6	-4.1	
8.2	52.4	305.8	-9.1	
-18.9	52.4	288.6	-14.0	
-43.5	72.1	293.5	0.8	
-73.0	91.8	318.1	5.7	
22.9	123.8	342.7	-4.1	
52.4	128.7	367.3	13.1	
99.2	104.1	382.1	20.5	
150.8	101.6	409.1	25.4	
143.5	82.0	443.6	25.4	
89.3	84.4	465.7	47.5	
45.1	82.0	470.6	47.5	
40.1	101.6	478.0	40.1	
3.2	121.3	478.0	54.9	
-36.1	136.1	502.6	67.2	
-38.6	123.8	497.7	64.7	
-50.9	126.2	539.5	67.2	
-41.0	133.6	581.3	79.5	
25.4	126.2	603.5	86.9	
101.6	123.8	610.9	84.4	
69.7	121.3	628.1	94.3	
30.3	133.6	605.9	99.2	
40.1	113.9	605.9	84.4	
50.0	116.4	578.9	79.5	
40.1	133.6	581.3	101.6	
-33.7	185.3	561.7	136.1	
-90.2	168.1	505.1	182.8	
-53.3	163.1	428.8	236.9	
42.6	165.6	364.9	308.3	
30.3	182.8	305.8	340.3	
72.1	224.6	241.9	352.6	
175.4	229.6	180.4	337.8	
278.8	227.1	106.6	298.4	
328.0	219.7	45.1	251.7	
332.9	229.6	5.7	227.1	
259.1	222.2	-28.7	209.9	
82.0	202.5	-33.7	195.1	
-102.5	254.2	-65.6	173.0	
-235.4	192.7	-60.7	158.2	
-299.3	187.7	-60.7	138.5	
-294.4	190.2	-23.8	116.4	
-348.5	224.6	5.7	104.1	
-346.1	217.3	37.7	82.0	
-260.0	249.2	42.6	86.9	
-119.8	209.9	37.7	77.0	
-21.4	180.4	40.1	86.9	
22.9	113.9	89.3	67.2	
89.3	94.3	126.2	45.1	
72.1	74.6	173.0	64.7	
52.4	64.7	207.4	47.5	
37.7	86.9	236.9	52.4	
18.0	141.0	268.9	62.3	
57.4	173.0	318.1	42.6	
59.8	150.8	350.1	8.2	
40.1	150.8	399.3	42.6	
27.8	180.4	438.7	72.1	
-21.4	202.5	475.6	10.6	
-73.0	207.4	542.0	-16.4	
-65.6	185.3	559.2	0.8	
-14.0	170.5	566.6	5.7	
54.9	180.4	554.3	3.2	
126.2	202.5	534.6	5.7	
150.8	185.3	527.2	-6.6	
155.8	200.0	512.5	-21.4	
99.2	219.7	517.4	-11.5	
0.8	217.3	514.9	-23.8	
-21.4	192.7	502.6	-28.7	
-26.3	180.4	522.3	-38.6	
-18.9	160.7	542.0	-43.5	
-6.6	177.9	544.4	-53.3	
50.0	205.0	527.2	-41.0	
45.1	165.6	502.6	-55.8	
77.0	165.6	487.9	-68.1	
101.6	170.5	465.7	-63.2	
116.4	155.8	423.9	-70.6	
84.4	160.7	372.2	-70.6	
40.1	128.7	318.1	-60.7	
-9.1	126.2	266.5	-50.9	
-16.4	101.6	232.0	-92.7	
-50.9	121.3	212.3	-107.5	
-119.8	141.0	195.1	-75.5	
-124.7	155.8	168.1	-92.7	
-26.3	131.2	131.2	-100.1	
35.2	101.6	111.5	-70.6	
45.1	64.7	62.3	-60.7	
13.1	89.3	42.6	-73.0	
10.6	82.0	47.5	-102.5	
15.5	113.9	37.7	-107.5	
8.2	177.9	25.4	-77.9	
-6.6	168.1	25.4	-73.0	
-11.5	113.9	10.6	-75.5	
25.4	62.3	-18.9	-92.7	
74.6	106.6	-31.2	-68.1	
37.7	54.9	-90.2	-68.1	
52.4	54.9	-109.9	-70.6	
50.0	59.8	-117.3	-63.2	
77.0	50.0	-117.3	-53.3	
57.4	-1.7	-105.0	-58.3	
59.8	3.2	-107.5	-63.2	
20.5	3.2	-105.0	-55.8	
-9.1	-11.5	-139.4	-46.0	
-95.2	3.2	-156.7	-38.6	
-139.4	-36.1	-161.6	-58.3	
-166.5	-58.3	-205.9	-53.3	
-82.9	-55.8	-240.3	-41.0	
-4.1	-65.6	-274.7	-36.1	
47.5	-63.2	-323.9	-43.5	
89.3	-68.1	-338.7	-65.6	
148.4	-46.0	-294.4	-38.6	
187.7	-36.1	-252.6	-28.7	
133.6	-82.9	-235.4	-33.7	
74.6	-55.8	-247.7	-33.7	
45.1	-55.8	-250.1	-31.2	
15.5	-48.4	-264.9	-23.8	
54.9	-95.2	-262.4	-26.3	
77.0	-154.2	-296.9	-28.7	
37.7	-26.3	-284.6	-6.6	
-65.6	18.0	-289.5	-11.5	
-82.9	84.4	-296.9	-16.4	
-53.3	22.9	-353.5	-28.7	
-36.1	-31.2	-387.9	-23.8	
-18.9	-9.1	-368.2	-1.7	
42.6	-48.4	-358.4	-9.1	
47.5	-4.1	-368.2	-9.1	
30.3	20.5	-383.0	-18.9	
18.0	25.4	-410.0	-16.4	
0.8	59.8	-383.0	-14.0	
-48.4	37.7	-343.6	-1.7	
-38.6	15.5	-296.9	-21.4	
3.2	-41.0	-272.3	-6.6	
20.5	30.3	-262.4	27.8	
27.8	-16.4	-257.5	47.5	
72.1	-41.0	-272.3	52.4	
141.0	-28.7	-301.8	25.4	
138.5	-92.7	-314.1	-14.0	
116.4	-127.1	-314.1	-14.0	
101.6	-109.9	-309.2	15.5	
77.0	-38.6	-296.9	22.9	
18.0	25.4	-292.0	35.2	
-1.7	47.5	-294.4	54.9	
-31.2	0.8	-284.6	45.1	
-46.0	35.2	-287.0	50.0	
-60.7	72.1	-260.0	40.1	
-58.3	79.5	-245.2	45.1	
-58.3	57.4	-245.2	57.4	
-41.0	37.7	-230.5	59.8	
-58.3	18.0	-235.4	84.4	
-9.1	-14.0	-250.1	77.0	
-9.1	-16.4	-240.3	86.9	
-4.1	-36.1	-218.2	84.4	
47.5	-46.0	-173.9	72.1	
111.5	-28.7	-156.7	69.7	
106.6	-26.3	-137.0	96.7	
91.8	-14.0	-107.5	62.3	
72.1	25.4	-77.9	57.4	
74.6	91.8	-80.4	40.1	
62.3	37.7	-107.5	67.2	
32.8	-48.4	-124.7	116.4	
54.9	-77.9	-107.5	101.6	
62.3	-112.4	-80.4	94.3	
99.2	-90.2	-100.1	104.1	
118.9	-36.1	-132.1	106.6	
113.9	37.7	-132.1	89.3	
131.2	96.7	-105.0	91.8	
170.5	77.0	-58.3	86.9	
173.0	59.8	-50.9	84.4	
101.6	15.5	-80.4	106.6	
-26.3	25.4	-114.8	109.0	
-188.6	59.8	-127.1	106.6	
-314.1	20.5	-132.1	101.6	
-363.3	25.4	-100.1	104.1	
-279.7	18.0	-77.9	128.7	
-127.1	5.7	-68.1	111.5	
-33.7	-6.6	-60.7	101.6	
35.2	5.7	-73.0	113.9	
54.9	30.3	-102.5	94.3	
30.3	30.3	-97.6	91.8	
27.8	18.0	-105.0	121.3	
27.8	13.1	-90.2	128.7	
22.9	18.0	-85.3	133.6	
37.7	13.1	-73.0	82.0	
47.5	22.9	-68.1	77.0	
42.6	74.6	-53.3	32.8	
54.9	96.7	15.5	37.7	
40.1	72.1	18.0	89.3	
20.5	5.7	-33.7	64.7	
40.1	-11.5	-70.6	30.3	
40.1	-55.8	-107.5	50.0	
35.2	-46.0	-183.7	74.6	
22.9	32.8	-220.6	50.0	
32.8	52.4	-149.3	27.8	
64.7	13.1	-90.2	25.4	
40.1	-1.7	-60.7	40.1	
22.9	10.6	-60.7	50.0	
0.8	27.8	-43.5	27.8	
-18.9	5.7	-41.0	15.5	
-4.1	-18.9	-36.1	22.9	
22.9	50.0	-41.0	15.5	
35.2	59.8	-60.7	20.5	
25.4	62.3	-80.4	25.4	
15.5	69.7	-63.2	40.1	
13.1	5.7	-55.8	35.2	
-14.0	-1.7	-68.1	27.8	
-53.3	35.2	-107.5	-9.1	
-48.4	0.8	-127.1	-16.4	
-65.6	-41.0	-109.9	3.2	
-43.5	8.2	-134.5	27.8	
15.5	67.2	-156.7	20.5	
74.6	40.1	-191.1	5.7	
214.8	40.1	-203.4	-6.6	
185.3	27.8	-220.6	-1.7	
141.0	47.5	-183.7	-1.7	
109.0	69.7	-134.5	-9.1	
121.3	96.7	-117.3	-14.0	
89.3	77.0	-173.9	-21.4	
77.0	18.0	-178.8	-21.4	
116.4	32.8	-173.9	-38.6	
82.0	69.7	-166.5	-33.7	
45.1	94.3	-156.7	-14.0	
62.3	59.8	-134.5	-11.5	
128.7	52.4	-117.3	-18.9	
141.0	-4.1	-112.4	-23.8	
69.7	-23.8	-127.1	-16.4	
-105.0	25.4	-151.7	-9.1	
-264.9	-21.4	-159.1	8.2	
-264.9	-18.9	-159.1	8.2	
-252.6	57.4	-169.0	25.4	
-203.4	111.5	-223.1	8.2	
-112.4	42.6	-272.3	-9.1	
-31.2	27.8	-289.5	-6.6	
27.8	8.2	-279.7	-31.2	
106.6	5.7	-287.0	-23.8	
214.8	5.7	-284.6	-43.5	
276.3	-4.1	-232.9	-73.0	
305.8	64.7	-218.2	-70.6	
246.8	77.0	-188.6	-55.8	
170.5	89.3	-161.6	-48.4	
79.5	40.1	-176.3	-48.4	
-55.8	30.3	-159.1	-80.4	
-156.7	64.7	-161.6	-33.7	
-240.3	64.7	-151.7	-41.0	
-341.2	84.4	-146.8	-26.3	
-353.5	62.3	-161.6	-11.5	
-257.5	64.7	-169.0	15.5	
-129.6	64.7	-173.9	25.4	
27.8	40.1	-166.5	-38.6	
141.0	32.8	-176.3	-70.6	
158.2	74.6	-183.7	-31.2	
126.2	99.2	-213.2	-77.9	
94.3	57.4	-208.3	-43.5	
64.7	54.9	-188.6	-9.1	
40.1	72.1	-188.6	3.2	
50.0	57.4	-191.1	-18.9	
59.8	20.5	-169.0	-26.3	
62.3	25.4	-149.3	-43.5	
79.5	91.8	-176.3	-46.0	
84.4	67.2	-173.9	-18.9	
82.0	67.2	-151.7	22.9	
57.4	25.4	-146.8	-1.7	
42.6	25.4	-159.1	-16.4	
32.8	8.2	-124.7	-26.3	
54.9	-36.1	-119.8	-1.7	
72.1	-4.1	-87.8	-31.2	
37.7	27.8	-114.8	-36.1	
-14.0	86.9	-124.7	-28.7	
-23.8	121.3	-114.8	-31.2	
-41.0	69.7	-122.2	-21.4	
-65.6	10.6	-127.1	-36.1	
-85.3	0.8	-109.9	-9.1	
-102.5	27.8	-122.2	0.8	
-65.6	18.0	-105.0	5.7	
-31.2	32.8	-122.2	-1.7	
15.5	52.4	-119.8	-41.0	
8.2	0.8	-107.5	-1.7	
18.0	0.8	-112.4	-23.8	
18.0	20.5	-114.8	-28.7	
42.6	-18.9	-141.9	0.8	
54.9	-16.4	-154.2	15.5	
64.7	15.5	-156.7	13.1	
52.4	47.5	-161.6	0.8	
30.3	8.2	-151.7	-43.5	
86.9	-16.4	-122.2	-38.6	
170.5	22.9	-92.7	-16.4	
155.8	22.9	-63.2	8.2	
143.5	30.3	-31.2	8.2	
101.6	54.9	-31.2	-1.7	
40.1	54.9	-14.0	-1.7	
13.1	32.8	5.7	8.2	
-14.0	22.9	-65.6	18.0	
-65.6	13.1	-92.7	5.7	
-73.0	32.8	-65.6	-31.2	
-68.1	25.4	-48.4	-38.6	
-48.4	35.2	-63.2	-1.7	
-38.6	32.8	-38.6	15.5	
-9.1	25.4	-28.7	15.5	
3.2	13.1	-9.1	5.7	
-36.1	25.4	-21.4	20.5	
-36.1	32.8	-33.7	37.7	
-1.7	25.4	-68.1	18.0	
64.7	35.2	-68.1	0.8	
77.0	30.3	-50.9	-23.8	
67.2	47.5	-53.3	-33.7	
47.5	40.1	-55.8	13.1	
45.1	32.8	-63.2	54.9	
77.0	-48.4	-77.9	0.8	
91.8	-58.3	-58.3	15.5	
40.1	3.2	-50.9	35.2	
50.0	32.8	-16.4	20.5	
50.0	67.2	15.5	13.1	
47.5	27.8	25.4	10.6	
47.5	59.8	25.4	35.2	
35.2	62.3	27.8	45.1	
-1.7	32.8	-1.7	52.4	
-31.2	57.4	-9.1	47.5	
-14.0	-14.0	8.2	42.6	
25.4	-43.5	0.8	8.2	
47.5	-60.7	-18.9	-9.1	
-14.0	-95.2	-28.7	18.0	
-95.2	-55.8	-43.5	0.8	
-141.9	67.2	-55.8	8.2	
-164.0	67.2	-68.1	15.5	
-114.8	35.2	-95.2	30.3	
-70.6	22.9	-87.8	52.4	
-48.4	22.9	-102.5	32.8	
13.1	42.6	-87.8	-9.1	
-6.6	74.6	-55.8	-16.4	
-43.5	111.5	-28.7	3.2	
-6.6	96.7	-18.9	-1.7	
0.8	86.9	-21.4	15.5	
-26.3	47.5	-28.7	18.0	
10.6	37.7	-55.8	13.1	
67.2	27.8	-73.0	0.8	
145.9	0.8	-107.5	-9.1	
101.6	10.6	-134.5	-14.0	
37.7	20.5	-137.0	-9.1	
59.8	35.2	-102.5	-11.5	
62.3	47.5	-73.0	-6.6	
54.9	42.6	-38.6	-1.7	
32.8	40.1	-55.8	8.2	
25.4	32.8	-68.1	-23.8	
5.7	10.6	-18.9	8.2	
-43.5	20.5	8.2	-28.7	
-82.9	20.5	-1.7	-33.7	
-90.2	-11.5	-23.8	-9.1	
-48.4	-16.4	-26.3	-28.7	
8.2	5.7	-31.2	-36.1	
47.5	27.8	-21.4	0.8	
57.4	27.8	0.8	-18.9	
50.0	15.5	3.2	-14.0	
54.9	22.9	3.2	-16.4	
45.1	47.5	8.2	-1.7	
27.8	72.1	10.6	-16.4	
-33.7	5.7	-16.4	-11.5	
-43.5	40.1	-16.4	-31.2	
-14.0	50.0	-38.6	-28.7	
42.6	37.7	-18.9	-21.4	
67.2	-28.7	10.6	-33.7	
25.4	-33.7	-6.6	-31.2	
-16.4	-43.5	-16.4	-38.6	
-26.3	-43.5	-43.5	-11.5	
-46.0	-28.7	-53.3	-14.0	
-26.3	3.2	-68.1	-28.7	
-9.1	45.1	-50.9	-33.7	
35.2	99.2	-41.0	-31.2	
45.1	136.1	-38.6	-41.0	
67.2	86.9	-11.5	-43.5	
74.6	72.1	-21.4	-36.1	
82.0	35.2	-28.7	-23.8	
42.6	25.4	-58.3	-38.6	
15.5	37.7	-95.2	-41.0	
-16.4	32.8	-92.7	-18.9	
-14.0	15.5	-137.0	-26.3	
-16.4	15.5	-181.3	-53.3	
-11.5	18.0	-193.6	-31.2	
10.6	25.4	-169.0	-6.6	
45.1	42.6	-171.4	-60.7	
27.8	37.7	-161.6	-60.7	
5.7	74.6	-173.9	-36.1	
35.2	72.1	-166.5	-11.5	
54.9	32.8	-178.8	5.7	
77.0	5.7	-200.9	-38.6	
91.8	-50.9	-213.2	-92.7	
79.5	-23.8	-205.9	-100.1	
27.8	0.8	-188.6	-73.0	
25.4	42.6	-176.3	-6.6	
10.6	42.6	-164.0	-4.1	
-11.5	45.1	-137.0	-16.4	
-41.0	42.6	-102.5	-36.1	
-70.6	40.1	-92.7	-70.6	
-85.3	50.0	-77.9	-55.8	
-14.0	32.8	-129.6	-53.3	
-23.8	18.0	-166.5	-50.9	
-33.7	22.9	-289.5	-63.2	
3.2	5.7	-405.1	67.2	
59.8	8.2	-424.8	13.1	
113.9	37.7	-446.9	-129.6	
173.0	32.8	-483.8	-82.9	
236.9	27.8	-506.0	-55.8	
214.8	45.1	-493.7	-1.7	
113.9	40.1	-523.2	5.7	
18.0	40.1	-538.0	-28.7	
-70.6	20.5	-533.0	-92.7	
-137.0	40.1	-506.0	-48.4	
-225.5	52.4	-530.6	0.8	
-237.8	52.4	-533.0	-6.6	
-169.0	52.4	-493.7	-6.6	
-117.3	15.5	-459.2	-23.8	
-31.2	-4.1	-456.8	-58.3	
57.4	-26.3	-429.7	-33.7	
99.2	-55.8	-410.0	-26.3	
187.7	-92.7	-373.1	-28.7	
212.3	-80.4	-355.9	-28.7	
182.8	-60.7	-343.6	-14.0	
145.9	-11.5	-314.1	-23.8	
72.1	13.1	-299.3	-38.6	
57.4	52.4	-277.2	-48.4	
0.8	45.1	-262.4	-26.3	
40.1	13.1	-264.9	-14.0	
35.2	79.5	-282.1	-18.9	
25.4	138.5	-237.8	-18.9	
-14.0	187.7	-267.4	-23.8	
-58.3	165.6	-282.1	-28.7	
-100.1	22.9	-304.3	-46.0	
-105.0	-68.1	-292.0	-50.9	
-82.9	-60.7	-260.0	-38.6	
-107.5	-50.9	-250.1	-33.7	
-80.4	-38.6	-277.2	-38.6	
-38.6	-1.7	-284.6	-36.1	
-4.1	30.3	-277.2	-43.5	
22.9	40.1	-232.9	-36.1	
69.7	35.2	-200.9	-31.2	
72.1	8.2	-193.6	-18.9	
69.7	15.5	-203.4	-26.3	
79.5	18.0	-188.6	-31.2	
91.8	15.5	-196.0	-33.7	
35.2	35.2	-176.3	-41.0	
-9.1	32.8	-144.4	-33.7	
-58.3	8.2	-149.3	-16.4	
-85.3	13.1	-144.4	-1.7	
-117.3	22.9	-161.6	-1.7	
-77.9	25.4	-144.4	-9.1	
-68.1	15.5	-124.7	-23.8	
-38.6	18.0	-119.8	-14.0	
32.8	10.6	-82.9	-9.1	
141.0	-18.9	-41.0	-4.1	
212.3	-9.1	-31.2	-1.7	
209.9	0.8	-14.0	5.7	
168.1	-1.7	-6.6	13.1	
106.6	-21.4	30.3	10.6	
32.8	-31.2	62.3	20.5	
-80.4	-50.9	86.9	13.1	
-166.5	-28.7	118.9	-28.7	
-176.3	-9.1	138.5	-11.5	
-144.4	-18.9	168.1	25.4	
-87.8	-16.4	192.7	5.7	
-33.7	13.1	207.4	-16.4	
5.7	5.7	229.6	-1.7	
18.0	-68.1	264.0	-4.1	
-18.9	-77.9	278.8	15.5	
-36.1	32.8	281.2	35.2	
-16.4	136.1	286.1	-21.4	
37.7	131.2	273.8	-73.0	
42.6	143.5	261.5	-16.4	
67.2	128.7	251.7	0.8	
126.2	91.8	236.9	-21.4	
133.6	67.2	259.1	25.4	
168.1	57.4	291.1	37.7	
158.2	-6.6	320.6	0.8	
136.1	-60.7	318.1	-38.6	
96.7	-21.4	278.8	-16.4	
37.7	10.6	259.1	-23.8	
-53.3	0.8	217.3	0.8	
-87.8	27.8	195.1	8.2	
-43.5	20.5	175.4	-9.1	
-26.3	27.8	177.9	0.8	
5.7	27.8	173.0	8.2	
25.4	77.0	180.4	3.2	
52.4	57.4	190.2	0.8	
96.7	54.9	177.9	-4.1	
126.2	94.3	185.3	-18.9	
121.3	94.3	170.5	0.8	
113.9	94.3	175.4	-14.0	
133.6	69.7	160.7	-4.1	
126.2	79.5	163.1	-23.8	
116.4	67.2	143.5	10.6	
138.5	82.0	131.2	5.7	
173.0	106.6	153.3	5.7	
111.5	89.3	168.1	20.5	
42.6	94.3	207.4	-9.1	
-55.8	59.8	259.1	15.5	
-164.0	15.5	323.0	15.5	
-232.9	30.3	384.5	13.1	
-237.8	57.4	419.0	0.8	
-129.6	45.1	451.0	20.5	
-33.7	-26.3	522.3	-43.5	
84.4	-60.7	549.4	-41.0	
89.3	-63.2	581.3	-23.8	
67.2	-53.3	574.0	-16.4	
-28.7	-48.4	559.2	-28.7	
-75.5	-53.3	524.8	-16.4	
-124.7	-55.8	465.7	-18.9	
-178.8	-21.4	372.2	-4.1	
-127.1	15.5	305.8	-14.0	
-43.5	-9.1	234.5	-11.5	
10.6	-14.0	182.8	-4.1	
30.3	40.1	109.0	-9.1	
57.4	67.2	54.9	-11.5	
57.4	-4.1	-1.7	-21.4	
35.2	-90.2	-33.7	-23.8	
10.6	-137.0	-107.5	-4.1	
-4.1	-95.2	-186.2	0.8	
-14.0	-46.0	-208.3	-14.0	
15.5	-46.0	-210.8	-18.9	
54.9	-1.7	-223.1	-21.4	
94.3	15.5	-237.8	-48.4	
89.3	18.0	-272.3	-46.0	
20.5	-1.7	-267.4	-6.6	
-16.4	-18.9	-242.8	-58.3	
-9.1	-16.4	-250.1	-129.6	
15.5	5.7	-255.1	3.2	
40.1	50.0	-250.1	-38.6	
47.5	40.1	-223.1	-97.6	
35.2	30.3	-220.6	-4.1	
32.8	74.6	-235.4	82.0	
-6.6	69.7	-225.5	47.5	
-21.4	50.0	-164.0	74.6	
-33.7	40.1	-134.5	13.1	
-18.9	35.2	-107.5	-75.5	
-14.0	22.9	-95.2	-4.1	
8.2	25.4	-100.1	109.0	
25.4	25.4	-100.1	84.4	
57.4	35.2	-95.2	27.8	
54.9	37.7	-80.4	37.7	
82.0	25.4	-87.8	20.5	
82.0	47.5	-75.5	30.3	
64.7	35.2	-41.0	22.9	
37.7	18.0	10.6	15.5	
-1.7	15.5	32.8	15.5	
-18.9	27.8	27.8	13.1	
-11.5	57.4	15.5	5.7	
10.6	54.9	-9.1	-6.6	
-28.7	32.8	15.5	-14.0	
-28.7	54.9	45.1	-28.7	
-11.5	82.0	99.2	-33.7	
-9.1	62.3	155.8	-23.8	
-6.6	45.1	160.7	-28.7	
8.2	32.8	163.1	-18.9	
37.7	-9.1	163.1	-21.4	
77.0	13.1	177.9	-21.4	
94.3	32.8	227.1	-33.7	
69.7	13.1	200.0	-18.9	
45.1	-14.0	175.4	-28.7	
5.7	-9.1	138.5	-55.8	
-28.7	3.2	150.8	-36.1	
-41.0	25.4	131.2	-9.1	
-53.3	37.7	155.8	-21.4	
-48.4	37.7	165.6	-21.4	
-1.7	42.6	175.4	-16.4	
27.8	37.7	138.5	-4.1	
40.1	45.1	111.5	-14.0	
37.7	45.1	113.9	-21.4	
32.8	15.5	106.6	-14.0	
27.8	-4.1	96.7	-1.7	
20.5	15.5	59.8	-14.0	
10.6	15.5	-33.7	-11.5	
10.6	22.9	-166.5	0.8	
8.2	37.7	-255.1	5.7	
18.0	30.3	-353.5	-31.2	
13.1	40.1	-415.0	-4.1	
42.6	67.2	-424.8	3.2	
91.8	57.4	-415.0	-4.1	
128.7	15.5	-392.8	-9.1	
136.1	37.7	-358.4	-26.3	
136.1	52.4	-351.0	-6.6	
136.1	32.8	-328.9	15.5	
74.6	47.5	-328.9	10.6	
35.2	50.0	-311.6	-6.6	
-36.1	18.0	-292.0	-14.0	
-85.3	20.5	-269.8	-28.7	
-166.5	45.1	-284.6	-6.6	
-173.9	54.9	-296.9	-21.4	
-151.7	69.7	-301.8	-26.3	
-114.8	22.9	-306.7	-38.6	
-82.9	0.8	-333.8	8.2	
-28.7	8.2	-328.9	3.2	
64.7	25.4	-355.9	-53.3	
116.4	47.5	-363.3	-26.3	
123.8	54.9	-375.6	-18.9	
126.2	42.6	-392.8	-21.4	
113.9	42.6	-410.0	-28.7	
82.0	35.2	-412.5	-16.4	
99.2	30.3	-407.6	-53.3	
79.5	35.2	-400.2	-6.6	
30.3	47.5	-395.3	5.7	
-18.9	35.2	-400.2	22.9	
-11.5	27.8	-424.8	18.0	
-6.6	45.1	-454.3	25.4	
-21.4	42.6	-469.1	25.4	
5.7	37.7	-493.7	20.5	
-1.7	25.4	-523.2	8.2	
-1.7	30.3	-555.2	-14.0	
22.9	37.7	-577.3	15.5	
59.8	27.8	-589.6	8.2	
62.3	30.3	-604.4	20.5	
35.2	32.8	-594.5	15.5	
-28.7	18.0	-594.5	18.0	
-107.5	15.5	-601.9	10.6	
-139.4	13.1	-577.3	5.7	
-166.5	25.4	-552.7	-4.1	
-203.4	30.3	-547.8	0.8	
-173.9	35.2	-540.4	0.8	
-92.7	40.1	-501.1	8.2	
-11.5	35.2	-422.3	18.0	
35.2	25.4	-343.6	15.5	
96.7	27.8	-272.3	-16.4	
141.0	32.8	-208.3	-9.1	
136.1	22.9	-139.4	3.2	
116.4	37.7	-58.3	-4.1	
69.7	40.1	3.2	-18.9	
62.3	35.2	74.6	5.7	
77.0	20.5	150.8	0.8	
67.2	20.5	217.3	-6.6	
30.3	30.3	288.6	5.7	
18.0	40.1	325.5	-11.5	
22.9	42.6	345.2	-18.9	
32.8	50.0	364.9	-41.0	
45.1	27.8	394.4	-33.7	
0.8	40.1	421.4	-21.4	
-33.7	30.3	453.4	-9.1	
-80.4	35.2	455.9	-9.1	
-107.5	45.1	453.4	-18.9	
-141.9	40.1	446.0	-18.9	
-124.7	45.1	468.2	-18.9	
-41.0	35.2	473.1	-11.5	
47.5	40.1	465.7	-21.4	
111.5	32.8	453.4	-21.4	
136.1	27.8	443.6	-28.7	
126.2	37.7	468.2	-21.4	
79.5	40.1	441.1	-16.4	
40.1	42.6	443.6	-4.1	
27.8	50.0	423.9	5.7	
20.5	45.1	453.4	-1.7	
22.9	37.7	480.5	-1.7	
8.2	35.2	514.9	5.7	
20.5	50.0	514.9	8.2	
42.6	52.4	507.5	-4.1	
72.1	27.8	497.7	-6.6	
111.5	42.6	497.7	-9.1	
128.7	40.1	492.8	3.2	
101.6	35.2	475.6	-4.1	
40.1	37.7	478.0	-6.6	
-14.0	50.0	497.7	3.2	
-58.3	47.5	480.5	-9.1	
-60.7	45.1	487.9	0.8	
-70.6	45.1	460.8	-11.5	
-48.4	37.7	492.8	-14.0	
-23.8	32.8	490.3	-11.5	
3.2	32.8	468.2	-28.7	
50.0	35.2	470.6	-33.7	
74.6	30.3	463.3	-16.4	
86.9	50.0	455.9	-16.4	
104.1	22.9	446.0	-9.1	
96.7	35.2	451.0	-9.1	
72.1	25.4	478.0	-21.4	
57.4	47.5	507.5	-21.4	
30.3	45.1	537.1	-16.4	
-41.0	45.1	571.5	-14.0	
-97.6	42.6	578.9	-16.4	
-95.2	32.8	603.5	0.8	
-95.2	40.1	623.2	-1.7	
-112.4	50.0	652.7	-6.6	
-73.0	54.9	677.3	-21.4	
-38.6	67.2	692.0	-11.5	
-1.7	74.6	743.7	-14.0	
0.8	59.8	788.0	-23.8	
5.7	50.0	849.5	-21.4	
10.6	50.0	896.2	-9.1	
-9.1	52.4	945.4	-16.4	
-11.5	74.6	999.5	-23.8	
-9.1	62.3	1075.8	-38.6	
20.5	37.7	1186.5	-4.1	
30.3	42.6	1270.1	3.2	
18.0	57.4	1383.3	-11.5	
27.8	54.9	1491.5	-4.1	
40.1	82.0	1612.1	-9.1	
52.4	64.7	1735.1	20.5	
64.7	18.0	1877.8	18.0	
50.0	27.8	2035.2	3.2	
30.3	47.5	2153.3	0.8	
32.8	50.0	2138.5	8.2	
42.6	47.5	1993.4	-1.7	
40.1	54.9	1781.8	-14.0	
37.7	45.1	1570.3	5.7	
18.0	27.8	1358.7	10.6	
20.5	42.6	1152.1	3.2	
15.5	54.9	979.9	10.6	
32.8	64.7	847.0	5.7	
42.6	86.9	756.0	10.6	
25.4	64.7	645.3	-14.0	
3.2	67.2	564.1	-1.7	
-9.1	74.6	443.6	13.1	
-1.7	104.1	330.4	18.0	
-14.0	111.5	259.1	18.0	
-18.9	111.5	165.6	20.5	
-28.7	109.0	77.0	13.1	
-6.6	111.5	-33.7	22.9	
30.3	128.7	-181.3	15.5	
50.0	123.8	-240.3	5.7	
84.4	148.4	-247.7	22.9	
138.5	150.8	-252.6	18.0	
182.8	148.4	-301.8	15.5	
195.1	158.2	-363.3	8.2	
212.3	160.7	-437.1	5.7	
192.7	155.8	-471.5	0.8	
158.2	160.7	-523.2	10.6	
111.5	180.4	-555.2	18.0	
57.4	229.6	-587.2	10.6	
35.2	205.0	-611.8	8.2	
-1.7	175.4	-626.5	18.0	
-70.6	160.7	-651.1	15.5	
-159.1	150.8	-658.5	13.1	
-208.3	138.5	-661.0	22.9	
-218.2	126.2	-663.4	15.5	
-198.5	111.5	-673.3	10.6	
-218.2	143.5	-663.4	8.2	
-200.9	126.2	-688.0	-14.0	
-156.7	86.9	-665.9	-4.1	
-70.6	72.1	-653.6	15.5	
-31.2	69.7	-633.9	15.5	
3.2	82.0	-651.1	15.5	
20.5	86.9	-633.9	3.2	
32.8	-6.6	-614.2	0.8	
40.1	-21.4	-594.5	5.7	
40.1	-4.1	-565.0	3.2	
47.5	-1.7	-528.1	-4.1	
47.5	-36.1	-451.9	10.6	
18.0	-50.9	-373.1	10.6	
-6.6	-48.4	-294.4	8.2	
-36.1	-33.7	-215.7	8.2	
-43.5	-28.7	-151.7	8.2	
-41.0	-41.0	-105.0	3.2	
-36.1	-11.5	-87.8	3.2	
-26.3	3.2	-97.6	-1.7	
-6.6	-6.6	-122.2	10.6	
74.6	-6.6	-134.5	-33.7	
190.2	-9.1	-159.1	-18.9	
256.6	-4.1	-176.3	-4.1	
251.7	3.2	-198.5	-1.7	
212.3	8.2	-215.7	-11.5	
163.1	15.5	-225.5	-14.0	
128.7	10.6	-191.1	-11.5	
89.3	15.5	-203.4	-11.5	
-28.7	40.1	-203.4	-6.6	
-161.6	37.7	-193.6	3.2	
-181.3	57.4	-144.4	0.8	
-129.6	52.4	-117.3	3.2	
-65.6	59.8	-90.2	-1.7	
-48.4	47.5	-55.8	-4.1	
-90.2	54.9	-9.1	8.2	
-114.8	42.6	22.9	20.5	
-82.9	22.9	64.7	45.1	
-9.1	32.8	96.7	52.4	
27.8	27.8	118.9	54.9	
47.5	32.8	150.8	52.4	
74.6	22.9	170.5	30.3	
126.2	18.0	165.6	32.8	
138.5	15.5	190.2	15.5	
123.8	32.8	202.5	10.6	
136.1	50.0	212.3	10.6	
136.1	50.0	202.5	20.5	
111.5	69.7	219.7	22.9	
79.5	99.2	256.6	25.4	
30.3	143.5	291.1	35.2	
22.9	86.9	320.6	20.5	
30.3	52.4	328.0	22.9	
-4.1	52.4	372.2	27.8	
-48.4	54.9	389.5	20.5	
-85.3	40.1	426.4	30.3	
-146.8	15.5	448.5	25.4	
-151.7	22.9	455.9	20.5	
-127.1	27.8	519.8	25.4	
-75.5	20.5	549.4	25.4	
-50.9	20.5	578.9	35.2	
-21.4	15.5	596.1	25.4	
3.2	27.8	613.3	25.4	
15.5	30.3	637.9	8.2	
37.7	8.2	672.4	0.8	
32.8	8.2	667.4	15.5	
52.4	22.9	677.3	22.9	
50.0	42.6	669.9	18.0	
52.4	35.2	605.9	20.5	
59.8	27.8	542.0	5.7	
77.0	37.7	534.6	8.2	
106.6	54.9	551.8	3.2	
131.2	62.3	586.3	8.2	
141.0	67.2	608.4	13.1	
113.9	25.4	628.1	15.5	
113.9	45.1	615.8	13.1	
101.6	42.6	652.7	5.7	
67.2	30.3	699.4	18.0	
32.8	27.8	709.3	8.2	
-28.7	47.5	692.0	0.8	
-63.2	57.4	669.9	-1.7	
-65.6	54.9	620.7	10.6	
-23.8	64.7	596.1	15.5	
-14.0	64.7	561.7	20.5	
-4.1	62.3	482.9	20.5	
-31.2	42.6	426.4	25.4	
-33.7	64.7	379.6	35.2	
-46.0	67.2	323.0	22.9	
-50.9	54.9	271.4	35.2	
-48.4	50.0	217.3	25.4	
-70.6	32.8	175.4	37.7	
-90.2	40.1	153.3	37.7	
-58.3	50.0	118.9	22.9	
-38.6	50.0	77.0	30.3	
-18.9	47.5	27.8	40.1	
0.8	32.8	15.5	50.0	
32.8	25.4	13.1	47.5	
18.0	30.3	8.2	50.0	
32.8	25.4	-4.1	45.1	
30.3	84.4	-33.7	45.1	
45.1	91.8	-53.3	40.1	
30.3	91.8	-73.0	42.6	
20.5	72.1	-82.9	47.5	
-9.1	84.4	-82.9	50.0	
-28.7	109.0	-102.5	37.7	
-26.3	64.7	-146.8	35.2	
-16.4	22.9	-191.1	35.2	
13.1	18.0	-198.5	40.1	
57.4	27.8	-200.9	37.7	
74.6	52.4	-223.1	40.1	
62.3	59.8	-205.9	35.2	
47.5	32.8	-247.7	42.6	
35.2	22.9	-208.3	40.1	
45.1	45.1	-176.3	27.8	
50.0	74.6	-173.9	32.8	
20.5	104.1	-191.1	40.1	
0.8	104.1	-228.0	35.2	
-4.1	101.6	-215.7	37.7	
-6.6	104.1	-200.9	37.7	
-16.4	89.3	-208.3	37.7	
-1.7	86.9	-210.8	30.3	
-11.5	69.7	-235.4	32.8	
30.3	30.3	-220.6	45.1	
52.4	30.3	-225.5	35.2	
64.7	42.6	-218.2	37.7	
67.2	57.4	-203.4	32.8	
64.7	67.2	-183.7	40.1	
52.4	79.5	-169.0	35.2	
22.9	67.2	-146.8	37.7	
5.7	57.4	-132.1	35.2	
-33.7	15.5	-127.1	25.4	
-33.7	-4.1	-109.9	5.7	
-38.6	15.5	-97.6	10.6	
-23.8	18.0	-102.5	13.1	
-6.6	-6.6	-92.7	25.4	
-4.1	-6.6	-75.5	37.7	
15.5	54.9	-73.0	27.8	
20.5	37.7	-92.7	13.1	
37.7	64.7	-90.2	27.8	
47.5	96.7	-41.0	32.8	
37.7	42.6	-18.9	18.0	
47.5	8.2	-14.0	20.5	
69.7	40.1	8.2	20.5	
62.3	18.0	32.8	22.9	
45.1	10.6	50.0	8.2	
37.7	-4.1	50.0	3.2	
25.4	13.1	37.7	-4.1	
22.9	25.4	42.6	8.2	
-1.7	13.1	64.7	-11.5	
-9.1	-6.6	82.0	0.8	
-14.0	-21.4	101.6	-14.0	
-26.3	-31.2	109.0	-16.4	
-38.6	-48.4	104.1	-11.5	
-4.1	-28.7	118.9	-23.8	
37.7	-28.7	99.2	-18.9	
52.4	-18.9	101.6	-26.3	
40.1	45.1	86.9	-23.8	
32.8	62.3	91.8	-14.0	
27.8	84.4	84.4	-14.0	
13.1	52.4	72.1	-23.8	
-1.7	40.1	67.2	-18.9	
0.8	8.2	52.4	-11.5	
20.5	-6.6	42.6	-21.4	
104.1	121.3	42.6	-28.7	
165.6	62.3	47.5	-31.2	
143.5	22.9	40.1	-36.1	
96.7	-21.4	32.8	-41.0	
62.3	3.2	18.0	-41.0	
0.8	52.4	-4.1	-43.5	
-41.0	64.7	3.2	-55.8	
-102.5	74.6	10.6	-50.9	
-129.6	10.6	5.7	-46.0	
-134.5	-1.7	0.8	-31.2	
-107.5	8.2	0.8	-36.1	
-65.6	3.2	20.5	-9.1	
-28.7	-26.3	35.2	-4.1	
22.9	-18.9	8.2	-11.5	
25.4	-36.1	8.2	-16.4	
10.6	-28.7	-6.6	-38.6	
18.0	-28.7	-6.6	-149.3	
72.1	-9.1	25.4	-124.7	
118.9	15.5	52.4	-90.2	
131.2	52.4	72.1	-58.3	
96.7	59.8	86.9	27.8	
52.4	35.2	84.4	35.2	
0.8	10.6	99.2	8.2	
-21.4	-16.4	94.3	-31.2	
-16.4	35.2	84.4	-28.7	
-41.0	84.4	84.4	-6.6	
-36.1	15.5	101.6	3.2	
-46.0	-31.2	99.2	-6.6	
20.5	-31.2	91.8	-21.4	
79.5	-21.4	99.2	-26.3	
91.8	-9.1	96.7	-18.9	
69.7	62.3	106.6	-18.9	
27.8	25.4	113.9	-11.5	
-4.1	-9.1	111.5	-1.7	
-28.7	-9.1	118.9	-33.7	
-82.9	25.4	126.2	-97.6	
-164.0	67.2	141.0	-137.0	
-183.7	52.4	160.7	-117.3	
-154.2	47.5	170.5	-114.8	
-92.7	52.4	177.9	-46.0	
-33.7	62.3	177.9	-33.7	
8.2	30.3	160.7	-70.6	
32.8	30.3	138.5	-119.8	
35.2	8.2	150.8	-178.8	
20.5	-21.4	150.8	-237.8	
-6.6	-14.0	165.6	-210.8	
-16.4	-4.1	148.4	-105.0	
-6.6	0.8	136.1	-1.7	
-41.0	8.2	121.3	-55.8	
-36.1	-6.6	121.3	-16.4	
-43.5	-14.0	94.3	-36.1	
-4.1	-21.4	82.0	-132.1	
25.4	-9.1	62.3	-129.6	
77.0	-1.7	45.1	-134.5	
109.0	-4.1	27.8	-119.8	
111.5	-4.1	8.2	-43.5	
113.9	-6.6	10.6	-18.9	
123.8	-18.9	3.2	-70.6	
99.2	-18.9	-23.8	-114.8	
62.3	-33.7	-43.5	-149.3	
37.7	-53.3	-68.1	-119.8	
-18.9	-100.1	-48.4	-46.0	
-33.7	-100.1	-43.5	-159.1	
-50.9	-92.7	-77.9	-208.3	
-77.9	-75.5	-105.0	-255.1	
-68.1	-73.0	-90.2	-319.0	
-28.7	-46.0	-92.7	-338.7	
-16.4	-41.0	-97.6	-341.2	
5.7	-21.4	-105.0	-277.2	
15.5	-9.1	-117.3	-114.8	
15.5	20.5	-117.3	-6.6	
30.3	40.1	-122.2	99.2	
35.2	84.4	-87.8	-23.8	
22.9	42.6	-58.3	-129.6	
25.4	27.8	-58.3	-154.2	
35.2	3.2	-36.1	-208.3	
35.2	-6.6	-38.6	-205.9	
42.6	-43.5	-60.7	-181.3	
57.4	-82.9	-85.3	-169.0	
74.6	-43.5	-82.9	-161.6	
57.4	-36.1	-85.3	-146.8	
52.4	-9.1	-100.1	-164.0	
52.4	-6.6	-102.5	-141.9	
52.4	-4.1	-82.9	-171.4	
47.5	-21.4	-90.2	-159.1	
20.5	-58.3	-117.3	-141.9	
0.8	-127.1	-109.9	-139.4	
-14.0	-203.4	-119.8	-109.9	
3.2	-191.1	-154.2	-26.3	
18.0	-16.4	-191.1	-53.3	
37.7	15.5	-200.9	-95.2	
62.3	-4.1	-176.3	-80.4	
42.6	30.3	-186.2	-65.6	
15.5	59.8	-181.3	-53.3	
13.1	25.4	-193.6	-68.1	
-6.6	-53.3	-191.1	-46.0	
-21.4	-134.5	-176.3	-36.1	
-11.5	-102.5	-178.8	-16.4	
-4.1	-16.4	-198.5	-33.7	
-14.0	45.1	-196.0	-58.3	
-9.1	-4.1	-205.9	-6.6	
-11.5	-14.0	-196.0	-9.1	
8.2	8.2	-203.4	-14.0	
0.8	5.7	-188.6	-4.1	
-16.4	-18.9	-191.1	18.0	
-31.2	-31.2	-198.5	22.9	
-48.4	-28.7	-193.6	18.0	
-73.0	-26.3	-186.2	-41.0	
-33.7	-55.8	-176.3	-48.4	
-9.1	-97.6	-181.3	-11.5	
32.8	-50.9	-176.3	3.2	
94.3	-28.7	-171.4	-4.1	
121.3	-18.9	-149.3	-18.9	
170.5	-63.2	-161.6	-23.8	
160.7	-65.6	-159.1	20.5	
131.2	-132.1	-161.6	22.9	
109.0	-186.2	-178.8	32.8	
74.6	-134.5	-171.4	27.8	
5.7	-107.5	-173.9	3.2	
-50.9	-85.3	-169.0	10.6	
-77.9	-100.1	-161.6	22.9	
-87.8	-119.8	-159.1	15.5	
-122.2	-77.9	-156.7	25.4	
-166.5	-9.1	-159.1	30.3	
-129.6	79.5	-154.2	45.1	
-85.3	79.5	-149.3	45.1	
-75.5	59.8	-149.3	50.0	
-48.4	52.4	-137.0	50.0	
-18.9	25.4	-132.1	54.9	
-4.1	-16.4	-139.4	42.6	
18.0	-65.6	-112.4	52.4	
62.3	-137.0	-114.8	57.4	
104.1	-132.1	-124.7	45.1	
116.4	-127.1	-127.1	42.6	
121.3	-109.9	-119.8	54.9	
91.8	-107.5	-114.8	52.4	
57.4	-97.6	-109.9	45.1	
3.2	-97.6	-105.0	42.6	
-14.0	-105.0	-102.5	57.4	
-58.3	-105.0	-102.5	62.3	
-105.0	-109.9	-109.9	64.7	
-139.4	-87.8	-102.5	57.4	
-85.3	-102.5	-107.5	47.5	
-6.6	-87.8	-92.7	52.4	
25.4	-92.7	-85.3	52.4	
57.4	-90.2	-82.9	57.4	
35.2	-97.6	-68.1	64.7	
32.8	-102.5	-73.0	47.5	
27.8	-100.1	-77.9	64.7	
25.4	-117.3	-70.6	89.3	
20.5	-114.8	-68.1	62.3	
62.3	-119.8	-63.2	74.6	
121.3	-95.2	-55.8	54.9	
163.1	-92.7	-73.0	59.8	
180.4	-100.1	-65.6	64.7	
173.0	-87.8	-68.1	62.3	
136.1	-100.1	-63.2	57.4	
62.3	-82.9	-55.8	54.9	
-28.7	-87.8	-55.8	69.7	
-137.0	-75.5	-58.3	74.6	
-186.2	-46.0	-77.9	101.6	
-183.7	-85.3	-80.4	109.0	
-137.0	-70.6	-80.4	89.3	
-82.9	-43.5	-73.0	82.0	
-16.4	-68.1	-53.3	57.4	
59.8	-102.5	-43.5	45.1	
86.9	-80.4	-28.7	22.9	
84.4	-53.3	-26.3	27.8	
79.5	-41.0	-21.4	22.9	
47.5	-41.0	-21.4	32.8	
15.5	-46.0	-23.8	10.6	
-55.8	-48.4	-41.0	13.1	
-114.8	-63.2	-43.5	20.5	
-112.4	-58.3	-26.3	13.1	
-87.8	-65.6	-43.5	18.0	
-48.4	-58.3	-48.4	3.2	
25.4	-48.4	-41.0	-23.8	
79.5	-55.8	-46.0	-53.3	
104.1	-53.3	-41.0	-31.2	
138.5	-65.6	-18.9	-41.0	
123.8	-80.4	-21.4	-36.1	
96.7	-119.8	-58.3	-48.4	
10.6	-102.5	-36.1	-36.1	
-43.5	-97.6	-31.2	-11.5	
-80.4	-75.5	-55.8	-41.0	
-105.0	-90.2	-58.3	-100.1	
-21.4	54.9	-36.1	-70.6	
121.3	-6.6	-31.2	-33.7	
251.7	8.2	-21.4	-28.7	
320.6	-28.7	-14.0	-58.3	
305.8	54.9	-18.9	-85.3	
232.0	54.9	0.8	-95.2	
170.5	57.4	5.7	-109.9	
57.4	52.4	-4.1	-112.4	
-43.5	77.0	0.8	-97.6	
-137.0	72.1	-4.1	-90.2	
-260.0	69.7	-31.2	-102.5	
-346.1	47.5	-50.9	-117.3	
-309.2	30.3	-14.0	-102.5	
-188.6	8.2	5.7	-77.9	
-80.4	25.4	13.1	-68.1	
-14.0	15.5	8.2	-100.1	
42.6	82.0	8.2	-139.4	
64.7	59.8	5.7	-178.8	
52.4	50.0	18.0	-58.3	
42.6	45.1	20.5	-50.9	
-16.4	30.3	30.3	-85.3	
-41.0	-1.7	-1.7	-95.2	
-16.4	45.1	8.2	-65.6	
-23.8	59.8	18.0	-31.2	
13.1	59.8	25.4	5.7	
67.2	89.3	25.4	-16.4	
118.9	109.0	40.1	-46.0	
123.8	86.9	22.9	-60.7	
113.9	47.5	25.4	-53.3	
109.0	15.5	18.0	-77.9	
69.7	3.2	22.9	-105.0	
47.5	-21.4	15.5	-117.3	
20.5	-33.7	8.2	-144.4	
-38.6	-77.9	8.2	-139.4	
-114.8	-58.3	10.6	-149.3	
-137.0	10.6	10.6	-146.8	
-109.9	52.4	5.7	-137.0	
-92.7	89.3	-16.4	-134.5	
-70.6	101.6	-36.1	-137.0	
-46.0	79.5	-41.0	-114.8	
-16.4	72.1	-28.7	-112.4	
45.1	64.7	-14.0	-87.8	
62.3	62.3	-36.1	-60.7	
69.7	10.6	-33.7	-60.7	
52.4	-14.0	-50.9	-63.2	
35.2	8.2	-58.3	-60.7	
3.2	30.3	-73.0	-41.0	
-18.9	50.0	-50.9	-31.2	
10.6	59.8	-48.4	-4.1	
30.3	45.1	-53.3	-11.5	
57.4	40.1	-50.9	-1.7	
91.8	27.8	-63.2	0.8	
84.4	8.2	-65.6	13.1	
91.8	13.1	-48.4	22.9	
64.7	35.2	-50.9	42.6	
79.5	18.0	-50.9	32.8	
84.4	-14.0	-80.4	57.4	
52.4	3.2	-92.7	67.2	
37.7	32.8	-127.1	79.5	
40.1	50.0	-112.4	91.8	
47.5	52.4	-92.7	77.0	
25.4	74.6	-90.2	101.6	
-1.7	82.0	-85.3	89.3	
25.4	72.1	-90.2	94.3	
62.3	47.5	-107.5	82.0	
89.3	35.2	-105.0	96.7	
101.6	18.0	-100.1	96.7	
91.8	67.2	-87.8	91.8	
62.3	62.3	-97.6	96.7	
25.4	42.6	-85.3	89.3	
-1.7	35.2	-100.1	91.8	
-14.0	20.5	-114.8	84.4	
-9.1	32.8	-95.2	84.4	
-58.3	20.5	-75.5	67.2	
-70.6	8.2	-68.1	94.3	
-21.4	3.2	-68.1	67.2	
18.0	35.2	-60.7	52.4	
30.3	40.1	-55.8	40.1	
0.8	40.1	-43.5	35.2	
20.5	50.0	-50.9	52.4	
57.4	42.6	-48.4	82.0	
-14.0	57.4	-60.7	111.5	
-65.6	47.5	-58.3	101.6	
-41.0	50.0	-58.3	109.0	
-6.6	35.2	-75.5	94.3	
-4.1	37.7	-85.3	84.4	
5.7	64.7	-53.3	50.0	
10.6	64.7	-50.9	57.4	
-41.0	42.6	-46.0	52.4	
-73.0	54.9	-43.5	59.8	
-73.0	25.4	-55.8	52.4	
-112.4	-14.0	-53.3	67.2	
-141.9	3.2	-46.0	47.5	
-149.3	22.9	-46.0	52.4	
-117.3	10.6	-48.4	42.6	
-73.0	94.3	-26.3	37.7	
-23.8	54.9	-46.0	47.5	
-1.7	42.6	-41.0	67.2	
52.4	52.4	-18.9	69.7	
91.8	13.1	-33.7	74.6	
91.8	-31.2	-36.1	74.6	
89.3	-14.0	-58.3	94.3	
54.9	47.5	-46.0	86.9	
59.8	27.8	-38.6	72.1	
74.6	32.8	-48.4	52.4	
52.4	30.3	-23.8	32.8	
22.9	30.3	-14.0	42.6	
0.8	18.0	-11.5	52.4	
-21.4	3.2	-33.7	50.0	
-28.7	-1.7	-38.6	50.0	
-21.4	-21.4	-36.1	42.6	
15.5	-28.7	-38.6	20.5	
37.7	-4.1	-36.1	40.1	
69.7	20.5	-41.0	45.1	
57.4	13.1	-26.3	82.0	
13.1	20.5	-23.8	96.7	
3.2	35.2	-23.8	128.7	
-11.5	22.9	-50.9	141.0	
-1.7	-26.3	-63.2	113.9	
-4.1	-58.3	-50.9	101.6	
27.8	-85.3	-36.1	77.0	
47.5	-107.5	-38.6	64.7	
62.3	-132.1	-26.3	45.1	
62.3	-97.6	-36.1	54.9	
52.4	-41.0	-58.3	57.4	
52.4	-4.1	-65.6	54.9	
32.8	0.8	-38.6	37.7	
32.8	27.8	-31.2	64.7	
3.2	35.2	-31.2	69.7	
-11.5	91.8	-18.9	99.2	
-21.4	94.3	-46.0	106.6	
-4.1	22.9	-53.3	99.2	
-9.1	-6.6	-38.6	86.9	
-16.4	-38.6	-58.3	79.5	
8.2	-46.0	-68.1	96.7	
42.6	-21.4	-65.6	121.3	
67.2	-23.8	-46.0	42.6	
91.8	-60.7	-53.3	45.1	
123.8	-73.0	-63.2	62.3	
99.2	-90.2	-53.3	67.2	
104.1	-60.7	-33.7	62.3	
133.6	-75.5	-14.0	54.9	
150.8	-43.5	-4.1	62.3	
143.5	-50.9	-14.0	74.6	
113.9	-18.9	-11.5	64.7	
62.3	15.5	-21.4	20.5	
-4.1	52.4	-38.6	-4.1	
-68.1	25.4	-36.1	20.5	
-129.6	-9.1	-33.7	-92.7	
-171.4	-48.4	-21.4	-119.8	
-173.9	-68.1	-18.9	8.2	
-171.4	-95.2	-9.1	251.7	
-161.6	-80.4	-18.9	209.9	
-137.0	-41.0	-18.9	217.3	
-77.9	-36.1	-18.9	246.8	
-36.1	-105.0	-31.2	170.5	
-6.6	-151.7	-16.4	54.9	
8.2	-161.6	-4.1	37.7	
-16.4	-132.1	-6.6	79.5	
-18.9	-68.1	-14.0	91.8	
-6.6	-28.7	-21.4	128.7	
37.7	-43.5	-18.9	148.4	
175.4	-68.1	-28.7	94.3	
310.7	-80.4	-28.7	42.6	
369.8	-18.9	-14.0	3.2	
323.0	30.3	0.8	42.6	
219.7	27.8	-4.1	177.9	
113.9	-14.0	-6.6	200.0	
13.1	-50.9	13.1	104.1	
-73.0	-28.7	15.5	116.4	
-161.6	-36.1	-9.1	104.1	
-242.8	-60.7	-9.1	18.0	
-287.0	-77.9	-4.1	-85.3	
-250.1	-48.4	0.8	-129.6	
-161.6	-9.1	3.2	-151.7	
-112.4	-38.6	5.7	-242.8	
-75.5	-36.1	8.2	-48.4	
-38.6	-41.0	-6.6	153.3	
-4.1	-33.7	-9.1	3.2	
47.5	5.7	5.7	42.6	
74.6	0.8	5.7	182.8	
86.9	10.6	5.7	148.4	
79.5	5.7	3.2	118.9	
84.4	-1.7	-1.7	99.2	
77.0	0.8	18.0	25.4	
74.6	-4.1	18.0	-63.2	
47.5	30.3	-4.1	-38.6	
18.0	118.9	0.8	-50.9	
15.5	96.7	-36.1	-43.5	
45.1	45.1	-53.3	-28.7	
79.5	42.6	-43.5	-90.2	
91.8	35.2	-21.4	-55.8	
96.7	64.7	-14.0	-43.5	
94.3	79.5	-1.7	-16.4	
96.7	94.3	8.2	18.0	
64.7	197.6	8.2	-14.0	
0.8	177.9	5.7	-43.5	
-48.4	224.6	8.2	-55.8	
-68.1	180.4	15.5	-26.3	
-70.6	192.7	15.5	-46.0	
-65.6	229.6	18.0	-53.3	
-50.9	246.8	13.1	-85.3	
-48.4	293.5	-1.7	-63.2	
-46.0	281.2	-4.1	-77.9	
-23.8	227.1	-6.6	-70.6	
-6.6	200.0	-16.4	13.1	
8.2	177.9	-41.0	-46.0	
13.1	182.8	-21.4	-33.7	
13.1	145.9	-21.4	-31.2	
37.7	145.9	-1.7	-41.0	
52.4	150.8	5.7	-55.8	
40.1	138.5	-9.1	-82.9	
35.2	133.6	-9.1	-105.0	
35.2	131.2	-14.0	-114.8	
25.4	77.0	5.7	-124.7	
25.4	30.3	22.9	-100.1	
77.0	-1.7	22.9	-132.1	
136.1	-11.5	42.6	-117.3	
185.3	52.4	37.7	-23.8	
187.7	91.8	52.4	-26.3	
163.1	59.8	40.1	-75.5	
116.4	-33.7	25.4	-53.3	
59.8	-23.8	32.8	-63.2	
3.2	-41.0	8.2	-90.2	
-48.4	37.7	-9.1	-77.9	
-82.9	153.3	8.2	-90.2	
-109.9	207.4	-9.1	-109.9	
-129.6	256.6	8.2	-122.2	
-117.3	337.8	40.1	-149.3	
-85.3	423.9	20.5	-176.3	
-53.3	455.9	40.1	-144.4	
-38.6	315.7	37.7	-186.2	
-23.8	79.5	30.3	-176.3	
-16.4	-68.1	40.1	-46.0	
-11.5	-28.7	40.1	-55.8	
-11.5	30.3	20.5	-26.3	
8.2	79.5	35.2	72.1	
42.6	-31.2	22.9	45.1	
57.4	-9.1	27.8	-63.2	
57.4	94.3	25.4	-36.1	
50.0	212.3	5.7	-63.2	
62.3	229.6	-9.1	-127.1	
50.0	175.4	0.8	-132.1	
32.8	-4.1	8.2	-100.1	
-6.6	-68.1	-1.7	-70.6	
-36.1	-146.8	8.2	-53.3	
-38.6	-336.2	3.2	-38.6	
-28.7	-257.5	20.5	-33.7	
13.1	-41.0	25.4	10.6	
79.5	-53.3	18.0	-53.3	
121.3	-132.1	37.7	-48.4	
143.5	-109.9	32.8	5.7	
116.4	-28.7	42.6	57.4	
104.1	-31.2	35.2	-105.0	
94.3	89.3	40.1	-112.4	
74.6	116.4	40.1	-16.4	
32.8	109.0	35.2	57.4	
-9.1	32.8	27.8	32.8	
-26.3	170.5	32.8	18.0	
-26.3	207.4	15.5	-4.1	
-63.2	236.9	20.5	-107.5	
-82.9	310.7	35.2	-161.6	
-122.2	367.3	37.7	-178.8	
-171.4	455.9	22.9	-171.4	
-156.7	384.5	18.0	-124.7	
-124.7	153.3	25.4	-87.8	
-60.7	32.8	50.0	-109.9	
5.7	35.2	42.6	-109.9	
67.2	-9.1	20.5	-77.9	
121.3	-200.9	30.3	-92.7	
128.7	-328.9	42.6	-122.2	
118.9	-250.1	32.8	-171.4	
106.6	-149.3	40.1	-181.3	
82.0	-36.1	57.4	-127.1	
50.0	52.4	67.2	-164.0	
50.0	54.9	52.4	-151.7	
37.7	8.2	42.6	10.6	
40.1	-36.1	59.8	-33.7	
20.5	-11.5	64.7	-122.2	
13.1	-31.2	77.0	-114.8	
-1.7	-28.7	79.5	-139.4	
-1.7	-36.1	67.2	-85.3	
-9.1	-48.4	47.5	-112.4	
0.8	-46.0	35.2	-117.3	
-28.7	-48.4	37.7	-154.2	
-50.9	5.7	35.2	-100.1	
-70.6	67.2	37.7	-139.4	
-73.0	8.2	27.8	-124.7	
-38.6	-70.6	27.8	-6.6	
-1.7	-129.6	35.2	77.0	
50.0	-48.4	30.3	160.7	
74.6	74.6	37.7	99.2	
64.7	158.2	32.8	-6.6	
40.1	160.7	20.5	30.3	
35.2	195.1	5.7	27.8	
40.1	227.1	-16.4	-9.1	
30.3	254.2	-28.7	15.5	
18.0	155.8	-26.3	5.7	
42.6	3.2	-33.7	8.2	
64.7	-137.0	-41.0	-1.7	
64.7	-122.2	-53.3	-9.1	
45.1	-107.5	-63.2	-11.5	
37.7	-68.1	-46.0	0.8	
3.2	0.8	-33.7	-50.9	
-18.9	32.8	-33.7	-85.3	
-23.8	8.2	-28.7	-82.9	
-4.1	30.3	-26.3	-48.4	
-21.4	-14.0	-46.0	-58.3	
5.7	-129.6	-43.5	-65.6	
20.5	-127.1	-28.7	-50.9	
47.5	-36.1	-53.3	-70.6	
40.1	8.2	-85.3	-70.6	
45.1	77.0	-70.6	-70.6	
30.3	109.0	-58.3	-73.0	
10.6	163.1	-53.3	-73.0	
3.2	190.2	-41.0	-109.9	
5.7	173.0	-63.2	-139.4	
15.5	106.6	-65.6	-149.3	
13.1	-58.3	-58.3	-141.9	
18.0	-161.6	-65.6	-122.2	
42.6	-114.8	-85.3	-11.5	
47.5	-36.1	-82.9	-14.0	
40.1	0.8	-63.2	-55.8	
47.5	62.3	-50.9	-65.6	
64.7	54.9	-58.3	-90.2	
77.0	35.2	-50.9	-65.6	
84.4	-6.6	-63.2	-55.8	
96.7	-58.3	-55.8	-60.7	
106.6	-28.7	-53.3	-80.4	
101.6	52.4	-26.3	-70.6	
50.0	74.6	-23.8	-77.9	
8.2	138.5	-41.0	-58.3	
-46.0	246.8	-26.3	-58.3	
-80.4	315.7	-46.0	-41.0	
-114.8	246.8	-55.8	-43.5	
-144.4	138.5	-50.9	-38.6	
-127.1	-23.8	-55.8	-33.7	
-82.9	-68.1	-48.4	-36.1	
-26.3	-53.3	-73.0	-21.4	
-6.6	-90.2	-82.9	0.8	
8.2	-41.0	-85.3	10.6	
5.7	30.3	-87.8	8.2	
-18.9	133.6	-112.4	-11.5	
-21.4	64.7	-114.8	-21.4	
15.5	32.8	-114.8	0.8	
35.2	86.9	-119.8	-4.1	
22.9	143.5	-102.5	-9.1	
15.5	182.8	-119.8	0.8	
5.7	89.3	-124.7	20.5	
20.5	-60.7	-100.1	37.7	
25.4	-46.0	-95.2	37.7	
37.7	-109.9	-95.2	25.4	
22.9	-92.7	-85.3	22.9	
35.2	-9.1	-90.2	10.6	
64.7	27.8	-77.9	8.2	
69.7	40.1	-65.6	10.6	
82.0	13.1	-73.0	-1.7	
45.1	-55.8	-48.4	-4.1	
25.4	20.5	-55.8	18.0	
-11.5	86.9	-70.6	42.6	
-38.6	128.7	-73.0	27.8	
-80.4	158.2	-70.6	25.4	
-100.1	236.9	-68.1	5.7	
-68.1	219.7	-33.7	-6.6	
-48.4	141.0	-21.4	-26.3	
-14.0	113.9	-31.2	-38.6	
15.5	148.4	-16.4	-31.2	
-11.5	77.0	-9.1	3.2	
3.2	50.0	0.8	-16.4	
32.8	82.0	-18.9	-6.6	
45.1	77.0	-36.1	5.7	
47.5	3.2	-36.1	-4.1	
72.1	35.2	-60.7	-4.1	
79.5	50.0	-23.8	-4.1	
84.4	111.5	0.8	-28.7	
64.7	168.1	5.7	-9.1	
50.0	163.1	0.8	5.7	
74.6	155.8	-21.4	5.7	
82.0	77.0	-4.1	-11.5	
72.1	99.2	-21.4	-9.1	
62.3	94.3	-23.8	-4.1	
37.7	89.3	-28.7	-16.4	
25.4	116.4	0.8	-16.4	
-11.5	113.9	15.5	-6.6	
-36.1	5.7	35.2	10.6	
-43.5	-119.8	18.0	10.6	
-75.5	-141.9	10.6	-4.1	
-68.1	-1.7	-4.1	-1.7	
-55.8	148.4	0.8	-6.6	
-31.2	138.5	-21.4	-14.0	
-26.3	128.7	-6.6	-26.3	
-11.5	-6.6	-21.4	-21.4	
22.9	-1.7	-18.9	-14.0	
59.8	3.2	-9.1	-11.5	
111.5	40.1	-23.8	37.7	
121.3	106.6	-33.7	126.2	
153.3	54.9	-36.1	59.8	
133.6	-26.3	-21.4	-60.7	
128.7	-55.8	-23.8	-48.4	
145.9	27.8	-21.4	-36.1	
57.4	86.9	-28.7	-9.1	
-46.0	116.4	-31.2	-28.7	
-166.5	42.6	-23.8	35.2	
-223.1	27.8	-28.7	82.0	
-269.8	50.0	-31.2	54.9	
-237.8	-73.0	-41.0	40.1	
-169.0	-102.5	-33.7	30.3	
-90.2	-6.6	-26.3	27.8	
-28.7	13.1	-23.8	20.5	
-9.1	-26.3	-26.3	20.5	
13.1	27.8	-14.0	42.6	
40.1	64.7	-21.4	52.4	
40.1	121.3	-16.4	52.4	
25.4	86.9	-21.4	57.4	
32.8	54.9	-16.4	82.0	
25.4	47.5	-1.7	77.0	
18.0	239.4	8.2	77.0	
18.0	202.5	-9.1	45.1	
40.1	158.2	-1.7	30.3	
40.1	79.5	3.2	109.0	
22.9	27.8	-4.1	133.6	
30.3	67.2	-14.0	123.8	
35.2	0.8	-60.7	116.4	
54.9	-33.7	-63.2	13.1	
79.5	-124.7	-38.6	67.2	
121.3	-92.7	-16.4	79.5	
133.6	8.2	-4.1	84.4	
118.9	111.5	18.0	91.8	
94.3	173.0	20.5	64.7	
59.8	209.9	5.7	89.3	
20.5	155.8	-1.7	86.9	
8.2	177.9	-14.0	96.7	
-4.1	251.7	-31.2	96.7	
-16.4	276.3	-48.4	121.3	
-33.7	288.6	-38.6	109.0	
-55.8	244.3	-21.4	116.4	
-46.0	170.5	-28.7	94.3	
-4.1	52.4	-18.9	89.3	
42.6	-9.1	-21.4	62.3	
54.9	-38.6	-43.5	54.9	
52.4	22.9	-50.9	57.4	
59.8	20.5	-46.0	111.5	
84.4	-132.1	-53.3	155.8	
96.7	-198.5	-50.9	45.1	
52.4	-161.6	-63.2	20.5	
25.4	-255.1	-77.9	45.1	
-18.9	-186.2	-53.3	-50.9	
-48.4	-144.4	-58.3	67.2	
-50.9	-139.4	-41.0	62.3	
-60.7	-77.9	-48.4	5.7	
-53.3	22.9	-41.0	123.8	
-53.3	64.7	-41.0	145.9	
-60.7	136.1	-73.0	116.4	
-41.0	153.3	-53.3	150.8	
-11.5	185.3	-50.9	47.5	
8.2	224.6	-65.6	-9.1	
30.3	173.0	-73.0	8.2	
3.2	106.6	-53.3	72.1	
-9.1	165.6	-58.3	175.4	
18.0	131.2	-46.0	111.5	
18.0	42.6	-43.5	57.4	
15.5	-50.9	-55.8	62.3	
30.3	-105.0	-58.3	74.6	
54.9	-48.4	-41.0	64.7	
77.0	50.0	-36.1	69.7	
118.9	111.5	-53.3	67.2	
104.1	96.7	-60.7	52.4	
99.2	74.6	-70.6	32.8	
91.8	128.7	-73.0	42.6	
101.6	133.6	-50.9	47.5	
79.5	13.1	-48.4	8.2	
91.8	62.3	-85.3	13.1	
64.7	67.2	-80.4	0.8	
40.1	-18.9	-53.3	-14.0	
0.8	25.4	-85.3	-41.0	
40.1	104.1	-80.4	-26.3	
57.4	37.7	-107.5	-16.4	
27.8	-122.2	-107.5	-9.1	
-50.9	-6.6	-92.7	-9.1	
-139.4	136.1	-65.6	-4.1	
-173.9	148.4	-82.9	-31.2	
-183.7	74.6	-85.3	-18.9	
-146.8	-43.5	-70.6	5.7	
-144.4	-132.1	-82.9	3.2	
-149.3	-132.1	-85.3	15.5	
-127.1	22.9	-92.7	8.2	
-77.9	170.5	-114.8	-36.1	
-21.4	232.0	-112.4	-58.3	
-16.4	126.2	-107.5	-58.3	
-1.7	-11.5	-107.5	-48.4	
18.0	-102.5	-105.0	-36.1	
40.1	84.4	-109.9	-41.0	
54.9	209.9	-92.7	-31.2	
50.0	202.5	-70.6	-33.7	
64.7	-132.1	-63.2	-43.5	
77.0	-176.3	-65.6	-23.8	
74.6	-23.8	-50.9	-28.7	
72.1	254.2	-80.4	-26.3	
54.9	202.5	-80.4	-16.4	
57.4	-90.2	-63.2	-18.9	
57.4	-319.0	-63.2	-28.7	
57.4	-208.3	-75.5	-23.8	
52.4	-9.1	-114.8	-16.4	
67.2	52.4	-107.5	-36.1	
42.6	111.5	-92.7	-31.2	
5.7	222.2	-85.3	-21.4	
-4.1	271.4	-105.0	-9.1	
-9.1	148.4	-65.6	-14.0	
-9.1	13.1	-48.4	-9.1	
-14.0	-38.6	-58.3	8.2	
0.8	27.8	-38.6	-4.1	
22.9	79.5	-31.2	-9.1	
64.7	113.9	-46.0	-1.7	
72.1	106.6	-55.8	18.0	
57.4	50.0	-75.5	27.8	
40.1	82.0	-87.8	25.4	
52.4	30.3	-80.4	-18.9	
50.0	40.1	-77.9	-6.6	
15.5	13.1	-41.0	22.9	
-26.3	-53.3	-38.6	22.9	
-60.7	-26.3	-28.7	30.3	
-41.0	-28.7	-21.4	20.5	
-21.4	20.5	-16.4	8.2	
8.2	18.0	-26.3	8.2	
30.3	99.2	-28.7	15.5	
67.2	109.0	-31.2	37.7	
109.0	74.6	-6.6	35.2	
111.5	45.1	-4.1	20.5	
113.9	69.7	-18.9	20.5	
104.1	99.2	-16.4	20.5	
79.5	244.3	-6.6	37.7	
59.8	251.7	-21.4	47.5	
18.0	214.8	-31.2	37.7	
-36.1	-85.3	-26.3	52.4	
-87.8	-102.5	-23.8	69.7	
-114.8	-68.1	-11.5	42.6	
-117.3	113.9	-21.4	32.8	
-100.1	79.5	-11.5	8.2	
-73.0	91.8	-23.8	-11.5	
-58.3	190.2	-26.3	27.8	
-53.3	160.7	-9.1	22.9	
-31.2	145.9	-6.6	52.4	
3.2	-48.4	-11.5	47.5	
25.4	-279.7	-41.0	32.8	
35.2	-341.2	-53.3	-6.6	
47.5	-200.9	-58.3	-6.6	
30.3	-156.7	-41.0	-43.5	
30.3	-18.9	-46.0	165.6	
25.4	5.7	-46.0	168.1	
27.8	0.8	-55.8	155.8	
25.4	-9.1	-73.0	160.7	
30.3	-18.9	-68.1	136.1	
42.6	18.0	-21.4	86.9	
52.4	32.8	-11.5	104.1	
32.8	25.4	-18.9	89.3	
37.7	35.2	-31.2	111.5	
35.2	-21.4	-43.5	160.7	
20.5	-114.8	-60.7	177.9	
18.0	-85.3	-43.5	173.0	
15.5	-53.3	-31.2	168.1	
-9.1	-23.8	-43.5	177.9	
-26.3	18.0	-31.2	177.9	
20.5	82.0	-18.9	175.4	
54.9	94.3	-21.4	182.8	
79.5	74.6	-31.2	148.4	
99.2	74.6	-33.7	118.9	
109.0	10.6	-50.9	101.6	
94.3	-90.2	-55.8	32.8	
64.7	-41.0	-60.7	62.3	
69.7	-14.0	-82.9	273.8	
59.8	32.8	-97.6	145.9	
47.5	30.3	-90.2	128.7	
0.8	8.2	-82.9	136.1	
0.8	15.5	-77.9	256.6	
40.1	45.1	-73.0	177.9	
67.2	20.5	-87.8	143.5	
69.7	35.2	-90.2	323.0	
42.6	57.4	-90.2	315.7	
-1.7	86.9	-68.1	251.7	
-87.8	64.7	-97.6	251.7	
-164.0	-46.0	-100.1	209.9	
-191.1	-50.9	-132.1	195.1	
-134.5	47.5	-144.4	143.5	
-80.4	62.3	-161.6	84.4	
-53.3	47.5	-166.5	82.0	
-38.6	15.5	-141.9	86.9	
15.5	-156.7	-139.4	64.7	
96.7	-210.8	-107.5	91.8	
136.1	-114.8	-85.3	69.7	
160.7	-58.3	-92.7	77.0	
131.2	20.5	-102.5	91.8	
104.1	82.0	-90.2	96.7	
82.0	50.0	-92.7	106.6	
8.2	69.7	-105.0	118.9	
-50.9	79.5	-161.6	106.6	
-102.5	77.0	-183.7	35.2	
-151.7	35.2	-215.7	47.5	
-149.3	-16.4	-235.4	131.2	
-92.7	10.6	-267.4	123.8	
-28.7	64.7	-296.9	64.7	
5.7	86.9	-299.3	52.4	
10.6	104.1	-323.9	13.1	
57.4	89.3	-333.8	155.8	
77.0	126.2	-368.2	163.1	
111.5	160.7	-412.5	150.8	
111.5	187.7	-449.4	86.9	
82.0	202.5	-506.0	54.9	
59.8	246.8	-572.4	86.9	
52.4	251.7	-638.8	91.8	
84.4	214.8	-715.1	89.3	
99.2	-46.0	-776.6	91.8	
74.6	-107.5	-786.4	89.3	
27.8	-38.6	-815.9	89.3	
-4.1	-14.0	-894.7	82.0	
-21.4	0.8	-963.5	84.4	
-36.1	42.6	-1039.8	72.1	
-26.3	84.4	-1084.1	67.2	
-41.0	143.5	-1248.9	67.2	
-53.3	141.0	-1416.2	57.4	
-46.0	121.3	-1490.0	50.0	
-18.9	104.1	-1578.5	64.7	
-4.1	126.2	-1657.3	47.5	
18.0	109.0	-1721.2	59.8	
25.4	126.2	-1768.0	45.1	
18.0	118.9	-1777.8	40.1	
45.1	145.9	-1745.8	54.9	
74.6	173.0	-1704.0	42.6	
54.9	190.2	-1637.6	22.9	
27.8	168.1	-1556.4	32.8	
0.8	133.6	-1504.7	50.0	
-23.8	141.0	-1487.5	47.5	
-11.5	128.7	-1549.0	45.1	
13.1	145.9	-1588.4	45.1	
10.6	131.2	-1674.5	47.5	
37.7	94.3	-1684.3	47.5	
77.0	27.8	-1553.9	40.1	
116.4	42.6	-1374.4	30.3	
133.6	94.3	-1172.6	59.8	
64.7	104.1	-1039.8	54.9	
3.2	106.6	-1012.7	64.7	
-73.0	116.4	-1076.7	52.4	
-95.2	104.1	-1197.2	64.7	
-73.0	106.6	-1374.4	52.4	
-41.0	89.3	-1507.2	42.6	
-14.0	99.2	-1664.6	54.9	
45.1	91.8	-1770.4	52.4	
84.4	109.0	-1795.0	57.4	
111.5	104.1	-1785.2	59.8	
99.2	89.3	-1802.4	54.9	
74.6	77.0	-1804.9	59.8	
74.6	77.0	-1775.3	59.8	
37.7	77.0	-1770.4	47.5	
-4.1	69.7	-1819.6	62.3	
-18.9	62.3	-1937.7	67.2	
-4.1	57.4	-1996.7	82.0	
-18.9	50.0	-2053.3	99.2	
-31.2	45.1	-2073.0	74.6	
-38.6	32.8	-2060.7	57.4	
-75.5	20.5	-2031.2	59.8	
-87.8	8.2	-1986.9	82.0	
-92.7	15.5	-1905.7	91.8	
-85.3	25.4	-1780.3	64.7	
-68.1	27.8	-1652.3	37.7	
-36.1	27.8	-1485.1	86.9	
-1.7	42.6	-1300.6	99.2	
13.1	30.3	-1079.2	54.9	
3.2	50.0	-825.8	69.7	
0.8	67.2	-555.2	62.3	
18.0	59.8	-260.0	-38.6	
42.6	74.6	47.5	-43.5	
72.1	96.7	384.5	84.4	
69.7	106.6	709.3	50.0	
54.9	113.9	1041.4	42.6	
50.0	128.7	1351.3	40.1	
37.7	141.0	1582.6	52.4	
32.8	141.0	1769.5	35.2	
20.5	131.2	1875.3	0.8	
-1.7	143.5	1929.4	32.8	
-23.8	160.7	1936.8	126.2	
-33.7	158.2	1902.4	143.5	
3.2	153.3	1835.9	111.5	
40.1	160.7	1732.6	113.9	
74.6	158.2	1644.1	150.8	
64.7	133.6	1521.1	91.8	
62.3	153.3	1432.5	64.7	
20.5	150.8	1329.2	27.8	
-16.4	150.8	1260.3	54.9	
-16.4	150.8	1233.2	69.7	
22.9	160.7	1228.3	94.3	
52.4	155.8	1218.5	27.8	
67.2	150.8	1235.7	32.8	
91.8	148.4	1252.9	30.3	
82.0	143.5	1267.7	27.8	
72.1	150.8	1282.4	15.5	
42.6	150.8	1265.2	-6.6	
15.5	153.3	1250.5	-9.1	
-1.7	145.9	1289.8	-1.7	
-36.1	136.1	1312.0	109.0	
-41.0	155.8	1312.0	116.4	
-48.4	133.6	1302.1	82.0	
-11.5	133.6	1282.4	82.0	
5.7	131.2	1282.4	72.1	
25.4	133.6	1277.5	72.1	
20.5	133.6	1243.1	67.2	
-21.4	126.2	1216.0	67.2	
-53.3	123.8	1179.1	40.1	
-73.0	133.6	1179.1	62.3	
-90.2	121.3	1179.1	101.6	
-80.4	116.4	1166.8	136.1	
-55.8	106.6	1157.0	173.0	
-53.3	113.9	1120.1	187.7	
-55.8	84.4	1095.5	214.8	
-28.7	91.8	1066.0	219.7	
13.1	79.5	1038.9	244.3	
45.1	86.9	1021.7	249.2	
69.7	94.3	1014.3	192.7	
141.0	74.6	992.2	170.5	
143.5	74.6	952.8	155.8	
145.9	57.4	903.6	133.6	
138.5	50.0	928.2	106.6	
99.2	54.9	906.1	77.0	
74.6	59.8	861.8	37.7	
47.5	59.8	807.7	45.1	
-9.1	50.0	738.8	20.5	
-97.6	37.7	692.0	5.7	
-137.0	40.1	635.5	18.0	
-114.8	57.4	544.4	25.4	
-92.7	37.7	470.6	35.2	
-65.6	32.8	443.6	42.6	
-26.3	27.8	428.8	42.6	
22.9	30.3	382.1	50.0	
67.2	25.4	332.9	40.1	
118.9	27.8	300.9	37.7	
123.8	0.8	256.6	30.3	
111.5	-1.7	249.2	22.9	
101.6	8.2	256.6	25.4	
67.2	0.8	234.5	5.7	
32.8	-16.4	185.3	3.2	
-6.6	-14.0	200.0	-18.9	
-14.0	-11.5	241.9	-31.2	
27.8	-1.7	273.8	-26.3	
20.5	-11.5	271.4	-28.7	
27.8	-26.3	244.3	-16.4	
54.9	-14.0	195.1	-33.7	
62.3	-16.4	148.4	-18.9	
37.7	-18.9	91.8	-14.0	
30.3	-21.4	77.0	-1.7	
22.9	-41.0	47.5	5.7	
-1.7	-41.0	45.1	5.7	
-6.6	-41.0	0.8	8.2	
27.8	-36.1	-11.5	20.5	
8.2	-41.0	-18.9	37.7	
0.8	-41.0	-14.0	37.7	
8.2	-60.7	-1.7	42.6	
84.4	-73.0	5.7	50.0	
131.2	-65.6	30.3	50.0	
133.6	-68.1	52.4	54.9	
89.3	-82.9	84.4	72.1	
20.5	-87.8	131.2	67.2	
-58.3	-73.0	205.0	69.7	
-95.2	-80.4	259.1	72.1	
-129.6	-100.1	298.4	67.2	
-166.5	-100.1	369.8	67.2	
-129.6	-102.5	426.4	79.5	
-6.6	-107.5	458.3	79.5	
86.9	-95.2	468.2	62.3	
106.6	-95.2	468.2	45.1	
89.3	-102.5	428.8	42.6	
94.3	-100.1	379.6	45.1	
118.9	-105.0	330.4	40.1	
128.7	-102.5	300.9	15.5	
77.0	-105.0	283.7	37.7	
-1.7	-102.5	266.5	35.2	
-77.9	-105.0	261.5	18.0	
-112.4	-107.5	305.8	25.4	
-141.9	-90.2	313.2	8.2	
-112.4	-87.8	332.9	-6.6	
-109.9	-90.2	352.6	-4.1	
-31.2	-105.0	367.3	-23.8	
35.2	-85.3	364.9	-23.8	
99.2	-97.6	359.9	-21.4	
118.9	-90.2	355.0	-65.6	
89.3	-80.4	347.6	-87.8	
42.6	-80.4	318.1	-75.5	
10.6	-77.9	281.2	-68.1	
-36.1	-68.1	234.5	-90.2	
-18.9	-63.2	187.7	-127.1	
-31.2	-58.3	148.4	-117.3	
-80.4	-58.3	109.0	-107.5	
-85.3	-50.9	96.7	-87.8	
-85.3	-53.3	77.0	-95.2	
-60.7	-60.7	94.3	-117.3	
-31.2	-65.6	113.9	-132.1	
13.1	-58.3	133.6	-141.9	
57.4	-55.8	128.7	-149.3	
121.3	-46.0	150.8	-127.1	
143.5	-38.6	163.1	-90.2	
104.1	-26.3	177.9	-85.3	
64.7	-33.7	182.8	-53.3	
30.3	-14.0	165.6	-55.8	
-4.1	-31.2	128.7	-87.8	
-65.6	-41.0	111.5	-70.6	
-87.8	-16.4	126.2	-73.0	
-105.0	-21.4	113.9	-50.9	
-107.5	-23.8	111.5	-92.7	
-105.0	-26.3	126.2	-48.4	
-68.1	-6.6	123.8	-33.7	
-38.6	-14.0	131.2	-18.9	
-1.7	-16.4	128.7	-11.5	
42.6	-23.8	128.7	-1.7	
91.8	-14.0	153.3	-4.1	
89.3	-11.5	155.8	-31.2	
69.7	-4.1	175.4	15.5	
32.8	-18.9	214.8	37.7	
18.0	-26.3	207.4	45.1	
20.5	-9.1	197.6	-4.1	
57.4	-6.6	214.8	0.8	
133.6	-1.7	197.6	15.5	
195.1	15.5	205.0	35.2	
187.7	30.3	219.7	42.6	
109.0	30.3	202.5	42.6	
47.5	50.0	187.7	37.7	
-9.1	52.4	153.3	50.0	
-75.5	62.3	133.6	30.3	
-87.8	62.3	126.2	50.0	
-107.5	69.7	101.6	35.2	
-109.9	86.9	104.1	35.2	
-31.2	91.8	101.6	37.7	
22.9	94.3	104.1	42.6	
54.9	96.7	113.9	27.8	
22.9	99.2	118.9	27.8	
-9.1	101.6	145.9	32.8	
-6.6	101.6	145.9	25.4	
42.6	101.6	190.2	22.9	
86.9	99.2	219.7	27.8	
91.8	113.9	212.3	30.3	
131.2	104.1	200.0	32.8	
118.9	123.8	212.3	45.1	
79.5	118.9	217.3	35.2	
91.8	111.5	207.4	32.8	
121.3	123.8	150.8	35.2	
104.1	123.8	111.5	35.2	
69.7	133.6	57.4	27.8	
-1.7	133.6	-28.7	42.6	
-73.0	136.1	-68.1	37.7	
-68.1	126.2	-75.5	42.6	
-43.5	123.8	-28.7	54.9	
-60.7	123.8	-11.5	52.4	
-26.3	123.8	-9.1	59.8	
-23.8	131.2	5.7	59.8	
-26.3	143.5	30.3	62.3	
-28.7	141.0	52.4	67.2	
-50.9	138.5	86.9	62.3	
-16.4	145.9	126.2	67.2	
72.1	143.5	153.3	64.7	
121.3	141.0	177.9	64.7	
160.7	143.5	205.0	72.1	
170.5	148.4	236.9	84.4	
64.7	158.2	244.3	79.5	
-33.7	153.3	234.5	84.4	
-82.9	168.1	219.7	82.0	
-55.8	165.6	187.7	67.2	
-16.4	175.4	160.7	77.0	
25.4	180.4	153.3	74.6	
30.3	175.4	160.7	79.5	
18.0	182.8	158.2	79.5	
3.2	175.4	136.1	101.6	
-14.0	187.7	123.8	96.7	
-38.6	173.0	131.2	104.1	
-41.0	177.9	111.5	113.9	
-68.1	165.6	82.0	116.4	
-55.8	173.0	62.3	126.2	
-1.7	165.6	47.5	118.9	
18.0	160.7	62.3	118.9	
30.3	170.5	62.3	113.9	
5.7	163.1	57.4	113.9	
15.5	143.5	64.7	116.4	
57.4	163.1	67.2	99.2	
91.8	158.2	96.7	106.6	
94.3	153.3	106.6	109.0	
47.5	136.1	89.3	91.8	
-6.6	136.1	37.7	86.9	
-46.0	145.9	-31.2	89.3	
-43.5	141.0	-114.8	77.0	
-33.7	121.3	-156.7	84.4	
-4.1	123.8	-141.9	54.9	
18.0	126.2	-161.6	72.1	
13.1	121.3	-134.5	57.4	
-41.0	121.3	-90.2	69.7	
-80.4	111.5	-43.5	82.0	
-50.9	109.0	10.6	74.6	
20.5	104.1	59.8	69.7	
47.5	84.4	106.6	74.6	
52.4	89.3	153.3	62.3	
40.1	84.4	190.2	67.2	
20.5	69.7	207.4	37.7	
32.8	77.0	234.5	35.2	
13.1	64.7	261.5	35.2	
8.2	57.4	283.7	40.1	
-9.1	64.7	283.7	57.4	
-4.1	52.4	323.0	52.4	
-16.4	59.8	328.0	69.7	
25.4	35.2	335.3	64.7	
77.0	42.6	323.0	45.1	
94.3	37.7	328.0	52.4	
96.7	20.5	313.2	54.9	
69.7	40.1	293.5	59.8	
62.3	20.5	266.5	52.4	
54.9	27.8	259.1	50.0	
35.2	8.2	251.7	47.5	
13.1	8.2	256.6	54.9	
-21.4	18.0	254.2	42.6	
-11.5	15.5	229.6	54.9	
-6.6	18.0	207.4	47.5	
15.5	10.6	170.5	52.4	
27.8	5.7	155.8	37.7	
35.2	-6.6	145.9	27.8	
30.3	3.2	121.3	15.5	
45.1	-1.7	118.9	8.2	
32.8	-18.9	101.6	10.6	
37.7	-1.7	77.0	-11.5	
27.8	0.8	67.2	-9.1	
-1.7	-18.9	35.2	-18.9	
-6.6	-11.5	35.2	-31.2	
-33.7	-1.7	25.4	-21.4	
-68.1	8.2	30.3	-11.5	
-53.3	-9.1	0.8	3.2	
-16.4	-11.5	-26.3	22.9	
42.6	-18.9	-63.2	13.1	
155.8	-23.8	-55.8	-102.5	
155.8	-21.4	-43.5	-87.8	
99.2	-28.7	-33.7	-38.6	
18.0	-16.4	-31.2	-33.7	
-58.3	-31.2	-28.7	-41.0	
-114.8	-26.3	-53.3	-33.7	
-171.4	-26.3	-100.1	-38.6	
-193.6	-21.4	-112.4	-53.3	
-127.1	-16.4	-146.8	-65.6	
-80.4	-18.9	-164.0	-43.5	
-46.0	-28.7	-154.2	-60.7	
-1.7	-28.7	-166.5	-68.1	
13.1	-23.8	-178.8	-63.2	
30.3	-36.1	-230.5	-90.2	
42.6	-38.6	-208.3	-82.9	
67.2	-38.6	-200.9	-80.4	
94.3	-38.6	-208.3	-85.3	
111.5	-28.7	-247.7	-102.5	
163.1	-46.0	-240.3	-109.9	
170.5	-36.1	-250.1	-114.8	
145.9	-58.3	-215.7	-109.9	
86.9	-46.0	-181.3	-122.2	
91.8	-53.3	-154.2	-134.5	
77.0	-43.5	-127.1	-124.7	
50.0	-41.0	-77.9	-132.1	
30.3	-46.0	-18.9	-129.6	
18.0	-48.4	40.1	-149.3	
47.5	-50.9	86.9	-151.7	
45.1	-50.9	175.4	-151.7	
-21.4	-48.4	288.6	-149.3	
-48.4	-58.3	391.9	-132.1	
-9.1	-60.7	468.2	-146.8	
42.6	-46.0	527.2	-134.5	
86.9	-46.0	554.3	-146.8	
106.6	-43.5	490.3	-146.8	
59.8	-53.3	465.7	-119.8	
-4.1	-48.4	438.7	-112.4	
-63.2	-46.0	391.9	-90.2	
-85.3	-23.8	328.0	-77.9	
-60.7	-26.3	229.6	-75.5	
-58.3	-33.7	133.6	-60.7	
5.7	-18.9	72.1	-50.9	
22.9	-14.0	18.0	-46.0	
47.5	-11.5	-21.4	-31.2	
50.0	-21.4	-26.3	-21.4	
35.2	-14.0	-55.8	-31.2	
-18.9	-18.9	-87.8	-36.1	
-90.2	0.8	-102.5	-28.7	
-122.2	3.2	-105.0	-11.5	
-134.5	-6.6	-105.0	-4.1	
-124.7	3.2	-80.4	-1.7	
-87.8	5.7	-48.4	10.6	
-36.1	15.5	-46.0	22.9	
32.8	-1.7	-50.9	3.2	
57.4	-4.1	-55.8	22.9	
47.5	-6.6	-41.0	50.0	
62.3	8.2	-11.5	45.1	
57.4	13.1	10.6	45.1	
30.3	10.6	-11.5	32.8	
-4.1	3.2	-46.0	13.1	
-11.5	-9.1	-31.2	10.6	
35.2	-11.5	-9.1	37.7	
79.5	-4.1	0.8	30.3	
101.6	-11.5	0.8	25.4	
96.7	-9.1	-23.8	20.5	
72.1	-6.6	0.8	47.5	
47.5	-6.6	3.2	37.7	
37.7	-11.5	10.6	37.7	
45.1	-21.4	10.6	54.9	
10.6	-14.0	25.4	59.8	
-23.8	-18.9	35.2	77.0	
-60.7	-9.1	54.9	82.0	
-73.0	-21.4	62.3	72.1	
-58.3	-21.4	69.7	57.4	
-4.1	-18.9	67.2	30.3	
22.9	-18.9	40.1	40.1	
32.8	-18.9	45.1	42.6	
22.9	-21.4	89.3	54.9	
5.7	-23.8	123.8	50.0	
20.5	-18.9	128.7	57.4	
35.2	-36.1	138.5	52.4	
25.4	-26.3	136.1	42.6	
8.2	-26.3	123.8	67.2	
-26.3	-31.2	121.3	69.7	
-28.7	-31.2	106.6	62.3	
-41.0	-9.1	91.8	42.6	
-26.3	-23.8	59.8	62.3	
30.3	-23.8	62.3	52.4	
69.7	-43.5	69.7	52.4	
96.7	-41.0	82.0	69.7	
106.6	-50.9	126.2	67.2	
84.4	-41.0	118.9	74.6	
89.3	-48.4	131.2	64.7	
77.0	-38.6	128.7	50.0	
77.0	-41.0	128.7	64.7	
5.7	-48.4	153.3	62.3	
-46.0	-41.0	173.0	74.6	
-114.8	-38.6	192.7	59.8	
-112.4	-33.7	217.3	67.2	
-60.7	-33.7	244.3	64.7	
-16.4	-41.0	261.5	64.7	
13.1	-46.0	249.2	62.3	
35.2	-33.7	239.4	67.2	
59.8	-36.1	266.5	64.7	
77.0	-41.0	293.5	64.7	
109.0	-41.0	310.7	62.3	
113.9	-41.0	308.3	74.6	
86.9	-31.2	315.7	62.3	
77.0	-33.7	310.7	57.4	
52.4	-48.4	303.4	64.7	
54.9	-26.3	283.7	59.8	
32.8	-33.7	271.4	54.9	
-11.5	-31.2	244.3	57.4	
-58.3	-31.2	236.9	52.4	
-85.3	-31.2	239.4	59.8	
-73.0	-38.6	214.8	32.8	
-18.9	-33.7	170.5	30.3	
25.4	-43.5	133.6	40.1	
22.9	-36.1	153.3	30.3	
45.1	-43.5	173.0	20.5	
104.1	-46.0	197.6	27.8	
89.3	-43.5	239.4	8.2	
-31.2	-43.5	246.8	10.6	
-117.3	-41.0	264.0	5.7	
-137.0	-38.6	266.5	8.2	
-73.0	-41.0	251.7	3.2	
13.1	-33.7	246.8	0.8	
52.4	-31.2	278.8	-9.1	
45.1	-16.4	320.6	-11.5	
54.9	-41.0	303.4	-21.4	
57.4	-33.7	256.6	-16.4	
45.1	-21.4	222.2	-18.9	
27.8	-26.3	202.5	8.2	
8.2	-21.4	173.0	25.4	
-28.7	-21.4	121.3	30.3	
-14.0	-33.7	74.6	35.2	
5.7	-26.3	40.1	30.3	
20.5	-16.4	54.9	25.4	
50.0	-21.4	5.7	5.7	
50.0	-16.4	-26.3	-14.0	
57.4	-16.4	-26.3	-36.1	
111.5	-6.6	-38.6	-43.5	
123.8	-18.9	-58.3	-53.3	
69.7	-21.4	-43.5	-46.0	
-6.6	-11.5	-18.9	-63.2	
-77.9	-11.5	-4.1	-58.3	
-70.6	-6.6	-6.6	-70.6	
-87.8	5.7	-28.7	-82.9	
-92.7	8.2	13.1	-63.2	
-63.2	-14.0	54.9	-68.1	
-23.8	-6.6	77.0	-70.6	
-6.6	-1.7	96.7	-60.7	
-21.4	-6.6	104.1	-65.6	
-18.9	-4.1	136.1	-73.0	
-16.4	-9.1	150.8	-58.3	
-11.5	-14.0	163.1	-63.2	
-28.7	-4.1	173.0	-68.1	
-43.5	5.7	136.1	-73.0	
-70.6	5.7	69.7	-80.4	
-18.9	-1.7	69.7	-85.3	
8.2	0.8	54.9	-73.0	
47.5	-1.7	15.5	-73.0	
62.3	-4.1	-36.1	-80.4	
52.4	-4.1	-41.0	-50.9	
40.1	-9.1	-33.7	-65.6	
15.5	-1.7	-50.9	-75.5	
27.8	-16.4	-90.2	-68.1	
64.7	-16.4	-90.2	-68.1	
67.2	-4.1	-41.0	-68.1	
27.8	-4.1	-26.3	-73.0	
13.1	5.7	0.8	-73.0	
40.1	-6.6	8.2	-92.7	
82.0	-6.6	32.8	-75.5	
116.4	-11.5	45.1	-75.5	
94.3	-4.1	52.4	-87.8	
59.8	-1.7	77.0	-92.7	
79.5	-4.1	47.5	-92.7	
40.1	-4.1	25.4	-102.5	
-41.0	-4.1	-6.6	-105.0	
-134.5	-6.6	18.0	-107.5	
-139.4	-18.9	64.7	-102.5	
-80.4	-18.9	109.0	-109.9	
-31.2	-18.9	145.9	-107.5	
-6.6	-11.5	177.9	-80.4	
20.5	-6.6	180.4	-80.4	
42.6	-6.6	173.0	-80.4	
52.4	0.8	182.8	-82.9	
69.7	5.7	209.9	-73.0	
67.2	5.7	222.2	-55.8	
77.0	0.8	241.9	-65.6	
74.6	-11.5	264.0	-55.8	
50.0	3.2	276.3	-65.6	
8.2	0.8	268.9	-70.6	
-9.1	-4.1	283.7	-77.9	
15.5	-9.1	332.9	-63.2	
52.4	8.2	384.5	-58.3	
45.1	15.5	396.8	-43.5	
-14.0	8.2	389.5	-38.6	
-11.5	13.1	394.4	-50.9	
3.2	22.9	419.0	-46.0	
-11.5	15.5	436.2	-46.0	
-18.9	5.7	441.1	-43.5	
18.0	-1.7	446.0	-46.0	
40.1	-18.9	441.1	-46.0	
79.5	3.2	448.5	-36.1	
89.3	5.7	458.3	-53.3	
72.1	22.9	463.3	-55.8	
52.4	18.0	480.5	-38.6	
-1.7	5.7	497.7	-48.4	
-31.2	0.8	463.3	-43.5	
-14.0	3.2	426.4	-50.9	
3.2	-4.1	401.8	-38.6	
0.8	5.7	347.6	-41.0	
13.1	3.2	300.9	-50.9	
15.5	13.1	246.8	-55.8	
10.6	10.6	173.0	-68.1	
3.2	0.8	126.2	-55.8	
-1.7	5.7	99.2	-63.2	
-90.2	15.5	62.3	-60.7	
-97.6	32.8	5.7	-58.3	
-38.6	3.2	-58.3	-63.2	
-6.6	10.6	-92.7	-58.3	
-9.1	3.2	-80.4	-60.7	
0.8	-1.7	-100.1	-53.3	
5.7	5.7	-112.4	-73.0	
-16.4	-9.1	-149.3	-65.6	
-26.3	-1.7	-213.2	-68.1	
-28.7	8.2	-220.6	-70.6	
-36.1	-6.6	-225.5	-70.6	
-18.9	5.7	-203.4	-68.1	
-28.7	0.8	-213.2	-70.6	
8.2	-4.1	-235.4	-63.2	
67.2	-1.7	-242.8	-65.6	
104.1	3.2	-247.7	-87.8	
126.2	15.5	-260.0	-75.5	
109.0	13.1	-282.1	-63.2	
111.5	3.2	-309.2	-68.1	
77.0	5.7	-338.7	-65.6	
-9.1	-4.1	-373.1	-58.3	
-92.7	10.6	-405.1	-53.3	
-114.8	0.8	-422.3	-65.6	
-48.4	13.1	-439.6	-53.3	
50.0	13.1	-454.3	-60.7	
101.6	3.2	-510.9	-58.3	
89.3	-1.7	-523.2	-48.4	
94.3	-4.1	-550.3	-50.9	
84.4	-1.7	-584.7	-55.8	
69.7	-11.5	-579.8	-50.9	
25.4	-1.7	-621.6	-36.1	
30.3	-4.1	-661.0	-28.7	
-1.7	0.8	-680.6	-36.1	
-53.3	-4.1	-700.3	-23.8	
-90.2	0.8	-722.5	-38.6	
-114.8	0.8	-737.2	-43.5	
-97.6	5.7	-732.3	-28.7	
-68.1	5.7	-729.8	-36.1	
-50.9	8.2	-712.6	-41.0	
-63.2	-4.1	-697.9	-41.0	
-70.6	8.2	-643.7	-43.5	
-41.0	-4.1	-599.5	-41.0	
-9.1	15.5	-560.1	-50.9	
37.7	15.5	-501.1	-48.4	
57.4	22.9	-451.9	-53.3	
32.8	27.8	-395.3	-60.7	
8.2	25.4	-353.5	-53.3	
82.0	27.8	-336.2	-55.8	
133.6	35.2	-306.7	-68.1	
136.1	22.9	-323.9	-55.8	
121.3	27.8	-287.0	-63.2	
99.2	30.3	-245.2	-70.6	
86.9	37.7	-218.2	-68.1	
54.9	22.9	-208.3	-63.2	
-33.7	22.9	-188.6	-70.6	
-119.8	25.4	-171.4	-68.1	
-154.2	30.3	-129.6	-50.9	
-134.5	25.4	-92.7	-58.3	
-95.2	25.4	-68.1	-53.3	
-68.1	27.8	-23.8	-55.8	
-46.0	25.4	-11.5	-60.7	
-73.0	42.6	-14.0	-46.0	
-95.2	42.6	-31.2	-33.7	
-87.8	47.5	-28.7	-31.2	
-53.3	37.7	-18.9	-26.3	
8.2	35.2	8.2	-33.7	
32.8	32.8	18.0	-21.4	
62.3	42.6	27.8	-18.9	
84.4	42.6	5.7	-21.4	
131.2	42.6	10.6	-18.9	
145.9	42.6	27.8	-16.4	
116.4	50.0	13.1	-11.5	
82.0	40.1	-23.8	-6.6	
59.8	30.3	-58.3	-14.0	
54.9	27.8	-75.5	5.7	
35.2	32.8	-58.3	0.8	
22.9	30.3	-43.5	5.7	
10.6	35.2	-50.9	0.8	
40.1	40.1	-70.6	-1.7	
74.6	57.4	-112.4	0.8	
84.4	45.1	-95.2	15.5	
82.0	27.8	-109.9	27.8	
62.3	40.1	-100.1	27.8	
57.4	40.1	-114.8	15.5	
42.6	42.6	-85.3	18.0	
18.0	50.0	-55.8	18.0	
-21.4	42.6	-53.3	0.8	
-28.7	25.4	-50.9	18.0	
5.7	30.3	-53.3	18.0	
25.4	18.0	-58.3	5.7	
-21.4	22.9	-50.9	-1.7	
-77.9	18.0	-43.5	-4.1	
-53.3	30.3	-55.8	3.2	
-46.0	37.7	-60.7	-14.0	
-9.1	35.2	-85.3	-9.1	
10.6	50.0	-90.2	-4.1	
0.8	59.8	-73.0	3.2	
-1.7	52.4	-73.0	0.8	
8.2	67.2	-117.3	0.8	
5.7	59.8	-92.7	13.1	
8.2	69.7	-87.8	22.9	
8.2	74.6	-70.6	30.3	
20.5	79.5	-53.3	3.2	
13.1	79.5	-43.5	0.8	
15.5	67.2	-58.3	15.5	
22.9	57.4	-48.4	3.2	
27.8	74.6	-50.9	20.5	
25.4	89.3	-68.1	32.8	
20.5	111.5	-65.6	20.5	
13.1	126.2	-55.8	20.5	
0.8	118.9	-63.2	15.5	
-9.1	113.9	-46.0	18.0	
-9.1	111.5	-36.1	37.7	
5.7	113.9	-16.4	54.9	
3.2	109.0	-16.4	40.1	
-6.6	89.3	-9.1	32.8	
0.8	82.0	-16.4	35.2	
8.2	67.2	-4.1	52.4	
30.3	77.0	5.7	40.1	
27.8	74.6	8.2	32.8	
45.1	52.4	0.8	54.9	
79.5	50.0	3.2	67.2	
113.9	57.4	-9.1	67.2	
128.7	62.3	0.8	82.0	
136.1	37.7	-28.7	84.4	
163.1	37.7	-6.6	86.9	
133.6	35.2	18.0	72.1	
59.8	40.1	27.8	77.0	
-14.0	42.6	10.6	84.4	
-65.6	42.6	20.5	89.3	
-92.7	30.3	35.2	79.5	
-107.5	35.2	32.8	84.4	
-87.8	20.5	59.8	67.2	
-70.6	25.4	74.6	67.2	
-6.6	27.8	94.3	69.7	
20.5	25.4	99.2	62.3	
40.1	25.4	104.1	64.7	
54.9	22.9	118.9	69.7	
30.3	20.5	128.7	77.0	
-14.0	10.6	123.8	77.0	
-60.7	13.1	86.9	82.0	
-48.4	47.5	82.0	77.0	
25.4	30.3	64.7	67.2	
94.3	20.5	45.1	72.1	
45.1	30.3	72.1	72.1	
-36.1	27.8	72.1	57.4	
-60.7	27.8	57.4	64.7	
-77.9	27.8	52.4	72.1	
-65.6	22.9	45.1	77.0	
-43.5	27.8	37.7	59.8	
-82.9	42.6	47.5	62.3	
-97.6	22.9	27.8	57.4	
-95.2	30.3	8.2	54.9	
-43.5	22.9	18.0	40.1	
-21.4	25.4	27.8	40.1	
-18.9	22.9	27.8	25.4	
-9.1	22.9	32.8	20.5	
-6.6	32.8	27.8	20.5	
3.2	25.4	30.3	25.4	
45.1	20.5	37.7	25.4	
64.7	22.9	15.5	27.8	
89.3	20.5	-1.7	18.0	
128.7	8.2	-16.4	25.4	
82.0	5.7	13.1	13.1	
30.3	0.8	57.4	45.1	
-9.1	10.6	74.6	54.9	
-50.9	18.0	91.8	67.2	
-70.6	22.9	96.7	37.7	
-73.0	22.9	106.6	42.6	
-23.8	22.9	126.2	50.0	
35.2	15.5	123.8	30.3	
59.8	20.5	111.5	45.1	
72.1	25.4	106.6	52.4	
50.0	50.0	106.6	42.6	
32.8	30.3	109.0	50.0	
-6.6	37.7	116.4	59.8	
-21.4	25.4	111.5	59.8	
-9.1	35.2	141.0	57.4	
22.9	25.4	158.2	64.7	
47.5	35.2	150.8	54.9	
64.7	15.5	158.2	67.2	
77.0	0.8	126.2	57.4	
77.0	-6.6	128.7	57.4	
59.8	-14.0	116.4	67.2	
42.6	-6.6	118.9	54.9	
22.9	8.2	126.2	50.0	
5.7	5.7	141.0	47.5	
15.5	-6.6	148.4	57.4	
42.6	-14.0	173.0	50.0	
62.3	-9.1	195.1	57.4	
62.3	-16.4	205.0	57.4	
62.3	-16.4	214.8	62.3	
57.4	-11.5	219.7	69.7	
22.9	-33.7	227.1	64.7	
-33.7	-14.0	224.6	47.5	
-85.3	-23.8	217.3	54.9	
-97.6	-41.0	209.9	57.4	
-43.5	-33.7	214.8	52.4	
-14.0	-18.9	197.6	54.9	
-16.4	-28.7	202.5	32.8	
-6.6	-33.7	187.7	25.4	
-1.7	-41.0	175.4	0.8	
8.2	-48.4	158.2	-9.1	
3.2	-46.0	143.5	-11.5	
22.9	-48.4	99.2	-1.7	
47.5	-48.4	121.3	-4.1	
50.0	-50.9	128.7	-31.2	
64.7	-58.3	136.1	-36.1	
62.3	-75.5	121.3	-55.8	
45.1	-73.0	121.3	-60.7	
45.1	-73.0	123.8	-70.6	
30.3	-77.9	109.0	-100.1	
0.8	-75.5	106.6	-107.5	
-9.1	-65.6	109.0	-95.2	
-1.7	-75.5	113.9	-95.2	
-9.1	-70.6	116.4	-105.0	
-28.7	-85.3	116.4	-114.8	
-4.1	-75.5	116.4	-112.4	
8.2	-68.1	131.2	-109.9	
13.1	-75.5	128.7	-129.6	
54.9	-73.0	133.6	-132.1	
101.6	-77.9	145.9	-112.4	
121.3	-80.4	170.5	-95.2	
143.5	-90.2	180.4	-75.5	
118.9	-92.7	185.3	-65.6	
94.3	-97.6	192.7	-50.9	
22.9	-97.6	192.7	-26.3	
-65.6	-90.2	192.7	-18.9	
-114.8	-97.6	207.4	-33.7	
-112.4	-87.8	207.4	-1.7	
-95.2	-82.9	207.4	-11.5	
-75.5	-90.2	200.0	-9.1	
-85.3	-95.2	212.3	13.1	
-80.4	-90.2	222.2	25.4	
-68.1	-105.0	212.3	27.8	
-48.4	-100.1	217.3	18.0	
-26.3	-82.9	224.6	91.8	
-11.5	-87.8	207.4	109.0	
5.7	-80.4	170.5	91.8	
18.0	-92.7	145.9	94.3	
0.8	-90.2	145.9	69.7	
-11.5	-82.9	141.0	74.6	
18.0	-100.1	155.8	84.4	
35.2	-77.9	177.9	96.7	
32.8	-95.2	180.4	91.8	
45.1	-100.1	175.4	104.1	
84.4	-107.5	170.5	96.7	
91.8	-124.7	163.1	116.4	
99.2	-105.0	177.9	101.6	
86.9	-100.1	185.3	0.8	
52.4	-77.9	197.6	13.1	
47.5	-97.6	209.9	25.4	
10.6	-90.2	209.9	20.5	
-4.1	-102.5	209.9	22.9	
42.6	-132.1	222.2	62.3	
69.7	-114.8	195.1	59.8	
45.1	-107.5	217.3	54.9	
-16.4	-109.9	227.1	50.0	
-60.7	-102.5	256.6	32.8	
-63.2	-92.7	278.8	35.2	
-53.3	-92.7	320.6	13.1	
-70.6	-58.3	340.3	-21.4	
-46.0	-75.5	342.7	-21.4	
15.5	-73.0	328.0	-18.9	
25.4	-50.9	298.4	-26.3	
25.4	-43.5	249.2	35.2	
30.3	-55.8	214.8	94.3	
-18.9	-31.2	182.8	54.9	
-11.5	-50.9	163.1	5.7	
-33.7	-46.0	143.5	3.2	
-58.3	-33.7	123.8	-6.6	
-43.5	-50.9	109.0	8.2	
-14.0	-38.6	96.7	15.5	
-1.7	-31.2	96.7	-4.1	
3.2	-28.7	96.7	-48.4	
27.8	-43.5	89.3	-68.1	
40.1	-38.6	72.1	-105.0	
74.6	-41.0	59.8	-146.8	
101.6	-38.6	54.9	-43.5	
99.2	-26.3	52.4	96.7	
94.3	-26.3	59.8	42.6	
77.0	-26.3	30.3	89.3	
59.8	-16.4	42.6	-14.0	
32.8	-36.1	77.0	18.0	
-16.4	-43.5	64.7	18.0	
-41.0	-33.7	69.7	0.8	
-63.2	-6.6	67.2	-21.4	
-31.2	-16.4	62.3	-31.2	
-1.7	-31.2	59.8	-41.0	
-4.1	-21.4	59.8	-46.0	
10.6	-4.1	57.4	-58.3	
3.2	0.8	89.3	-43.5	
15.5	-23.8	106.6	-50.9	
3.2	5.7	116.4	-26.3	
-21.4	-14.0	109.0	-9.1	
-21.4	-16.4	113.9	-9.1	
3.2	-9.1	101.6	-14.0	
20.5	-4.1	82.0	-18.9	
54.9	-11.5	57.4	-38.6	
59.8	10.6	64.7	-53.3	
67.2	-16.4	69.7	-58.3	
74.6	-31.2	77.0	-65.6	
82.0	-21.4	82.0	-33.7	
74.6	-41.0	96.7	20.5	
47.5	-46.0	101.6	-16.4	
25.4	-41.0	89.3	-58.3	
0.8	-38.6	82.0	-36.1	
-41.0	-36.1	72.1	-36.1	
-53.3	-23.8	50.0	-73.0	
-46.0	-21.4	62.3	-80.4	
-46.0	-16.4	94.3	-80.4	
-33.7	-11.5	104.1	-109.9	
-36.1	-21.4	111.5	-109.9	
-26.3	22.9	113.9	-100.1	
-11.5	32.8	143.5	-127.1	
0.8	50.0	158.2	-109.9	
18.0	69.7	168.1	-92.7	
47.5	86.9	209.9	-119.8	
57.4	101.6	268.9	-137.0	
45.1	111.5	340.3	-149.3	
59.8	104.1	394.4	-159.1	
35.2	123.8	401.8	-159.1	
30.3	136.1	399.3	-159.1	
72.1	160.7	374.7	-141.9	
84.4	200.0	330.4	-141.9	
82.0	209.9	273.8	-146.8	
116.4	222.2	234.5	-122.2	
121.3	232.0	182.8	-70.6	
94.3	254.2	136.1	-73.0	
67.2	268.9	138.5	-50.9	
52.4	266.5	111.5	-68.1	
5.7	264.0	91.8	-70.6	
-50.9	244.3	91.8	-92.7	
-53.3	256.6	59.8	-105.0	
-43.5	310.7	47.5	-105.0	
-63.2	355.0	20.5	-97.6	
-100.1	335.3	-9.1	-87.8	
-97.6	291.1	-41.0	-95.2	
-85.3	303.4	-55.8	-97.6	
-65.6	300.9	-85.3	-87.8	
-4.1	298.4	-105.0	-73.0	
32.8	298.4	-117.3	-55.8	
37.7	298.4	-127.1	-55.8	
40.1	281.2	-114.8	-65.6	
47.5	281.2	-107.5	-43.5	
40.1	281.2	-117.3	-50.9	
20.5	278.8	-129.6	-23.8	
10.6	266.5	-137.0	-28.7	
0.8	249.2	-159.1	-48.4	
32.8	232.0	-159.1	-43.5	
47.5	217.3	-176.3	-58.3	
37.7	224.6	-173.9	-33.7	
35.2	197.6	-183.7	-55.8	
35.2	182.8	-122.2	-68.1	
27.8	168.1	-65.6	-68.1	
22.9	148.4	-26.3	-75.5	
-1.7	121.3	-21.4	-6.6	
5.7	84.4	-28.7	54.9	
15.5	82.0	-38.6	52.4	
-1.7	64.7	-14.0	18.0	
5.7	42.6	8.2	5.7	
8.2	52.4	22.9	-18.9	
5.7	42.6	30.3	-14.0	
20.5	37.7	35.2	-33.7	
47.5	35.2	50.0	-26.3	
67.2	18.0	62.3	-28.7	
84.4	-6.6	59.8	-18.9	
79.5	-26.3	69.7	3.2	
67.2	-38.6	86.9	20.5	
50.0	-58.3	72.1	32.8	
22.9	-41.0	84.4	-1.7	
3.2	-36.1	96.7	-77.9	
-21.4	-38.6	89.3	-90.2	
-26.3	-48.4	91.8	-50.9	
-41.0	-41.0	74.6	-65.6	
-48.4	-28.7	64.7	-23.8	
-23.8	-36.1	72.1	104.1	
-11.5	-33.7	89.3	89.3	
-18.9	-48.4	96.7	42.6	
-1.7	-16.4	116.4	8.2	
-53.3	0.8	96.7	-33.7	
-33.7	5.7	72.1	-73.0	
15.5	0.8	79.5	-80.4	
54.9	5.7	64.7	-92.7	
77.0	8.2	62.3	-85.3	
82.0	40.1	45.1	8.2	
99.2	50.0	67.2	77.0	
99.2	35.2	59.8	35.2	
77.0	37.7	42.6	116.4	
50.0	27.8	50.0	99.2	
5.7	22.9	40.1	52.4	
-68.1	27.8	35.2	30.3	
-82.9	35.2	42.6	18.0	
-82.9	37.7	47.5	10.6	
-41.0	32.8	18.0	5.7	
-31.2	22.9	0.8	10.6	
3.2	5.7	-9.1	-1.7	
8.2	-16.4	15.5	-1.7	
0.8	-9.1	-4.1	-23.8	
-6.6	10.6	-73.0	-33.7	
-23.8	0.8	-134.5	-41.0	
-50.9	32.8	-127.1	-18.9	
-23.8	25.4	-124.7	-21.4	
15.5	13.1	-95.2	-16.4	
77.0	-9.1	-68.1	-21.4	
84.4	-23.8	-55.8	-18.9	
74.6	-36.1	-95.2	-23.8	
77.0	-36.1	-97.6	-9.1	
69.7	10.6	-129.6	-23.8	
64.7	42.6	-132.1	-63.2	
42.6	10.6	-137.0	-82.9	
40.1	82.0	-156.7	-46.0	
35.2	128.7	-166.5	-50.9	
35.2	121.3	-169.0	-23.8	
52.4	67.2	-173.9	27.8	
40.1	72.1	-176.3	-65.6	
47.5	37.7	-183.7	-50.9	
57.4	-28.7	-183.7	-75.5	
89.3	-70.6	-183.7	-127.1	
99.2	-107.5	-186.2	-60.7	
89.3	-117.3	-218.2	77.0	
18.0	-114.8	-213.2	74.6	
-41.0	-132.1	-223.1	96.7	
-75.5	-151.7	-215.7	-41.0	
-90.2	-176.3	-215.7	-63.2	
-129.6	-210.8	-228.0	-63.2	
-164.0	-191.1	-255.1	-63.2	
-156.7	-183.7	-284.6	-107.5	
-122.2	-173.9	-287.0	-112.4	
-87.8	-166.5	-277.2	-107.5	
-82.9	-161.6	-237.8	-85.3	
-60.7	-141.9	-252.6	-31.2	
-14.0	-151.7	-235.4	74.6	
35.2	-149.3	-235.4	40.1	
89.3	-151.7	-240.3	3.2	
123.8	-141.9	-228.0	-18.9	
99.2	-193.6	-210.8	-21.4	
72.1	-188.6	-215.7	-31.2	
57.4	-178.8	-196.0	-14.0	
69.7	-186.2	-188.6	-9.1	
77.0	-141.9	-198.5	35.2	
77.0	-124.7	-210.8	138.5	
77.0	-122.2	-191.1	148.4	
62.3	-112.4	-196.0	163.1	
54.9	-109.9	-200.9	126.2	
35.2	-114.8	-196.0	89.3	
3.2	-105.0	-171.4	136.1	
3.2	-80.4	-169.0	121.3	
-4.1	-85.3	-161.6	82.0	
18.0	-68.1	-154.2	123.8	
25.4	-105.0	-149.3	-68.1	
30.3	-85.3	-137.0	5.7	
47.5	-65.6	-129.6	187.7	
59.8	-46.0	-114.8	323.0	
94.3	-31.2	-127.1	246.8	
101.6	-16.4	-105.0	104.1	
82.0	-16.4	-100.1	-6.6	
79.5	0.8	-102.5	-58.3	
42.6	15.5	-90.2	-31.2	
20.5	18.0	-50.9	-36.1	
10.6	22.9	-6.6	3.2	
-31.2	62.3	-9.1	-33.7	
-60.7	89.3	13.1	-149.3	
-92.7	113.9	5.7	-178.8	
-68.1	138.5	22.9	-114.8	
-53.3	155.8	50.0	-193.6	
-63.2	168.1	72.1	-242.8	
-70.6	170.5	86.9	-252.6	
-65.6	163.1	104.1	-159.1	
-50.9	158.2	118.9	82.0	
-28.7	160.7	143.5	8.2	
-14.0	170.5	158.2	-97.6	
5.7	180.4	160.7	-63.2	
15.5	175.4	153.3	-48.4	
13.1	180.4	148.4	-33.7	
22.9	163.1	158.2	-68.1	
20.5	170.5	168.1	-97.6	
25.4	175.4	180.4	-176.3	
42.6	177.9	200.0	-250.1	
50.0	170.5	209.9	-129.6	
40.1	170.5	222.2	-38.6	
42.6	168.1	236.9	77.0	
27.8	153.3	251.7	99.2	
27.8	182.8	268.9	77.0	
18.0	182.8	266.5	-95.2	
13.1	187.7	251.7	-63.2	
15.5	185.3	227.1	-90.2	
42.6	227.1	187.7	-117.3	
62.3	202.5	163.1	-173.9	
59.8	197.6	158.2	-186.2	
57.4	180.4	145.9	-134.5	
40.1	118.9	106.6	-21.4	
45.1	101.6	72.1	-48.4	
40.1	72.1	50.0	-82.9	
35.2	59.8	59.8	-21.4	
52.4	116.4	54.9	-48.4	
69.7	106.6	59.8	-6.6	
84.4	22.9	37.7	-50.9	
79.5	-6.6	30.3	-41.0	
77.0	-11.5	30.3	-82.9	
40.1	3.2	-16.4	18.0	
20.5	3.2	-46.0	50.0	
-18.9	-18.9	-38.6	32.8	
-55.8	8.2	-23.8	35.2	
-60.7	22.9	-31.2	8.2	
-58.3	72.1	20.5	-1.7	
-26.3	86.9	40.1	10.6	
-4.1	79.5	64.7	10.6	
20.5	30.3	89.3	20.5	
20.5	-23.8	104.1	27.8	
-9.1	-46.0	106.6	27.8	
-31.2	-63.2	121.3	37.7	
-73.0	-58.3	143.5	62.3	
-95.2	-82.9	160.7	79.5	
-105.0	-122.2	160.7	45.1	
-77.9	-169.0	163.1	25.4	
-28.7	-171.4	128.7	59.8	
5.7	-127.1	99.2	3.2	
40.1	-109.9	57.4	-41.0	
69.7	-127.1	18.0	-48.4	
67.2	-70.6	-53.3	-4.1	
35.2	-102.5	-97.6	145.9	
-6.6	-97.6	-127.1	177.9	
-14.0	-129.6	-146.8	113.9	
-23.8	-203.4	-166.5	37.7	
-31.2	-213.2	-178.8	47.5	
-18.9	-171.4	-191.1	37.7	
0.8	-77.9	-191.1	72.1	
42.6	-16.4	-183.7	160.7	
84.4	94.3	-181.3	150.8	
67.2	158.2	-161.6	136.1	
59.8	173.0	-181.3	126.2	
54.9	99.2	-161.6	101.6	
57.4	86.9	-159.1	109.0	
62.3	168.1	-129.6	82.0	
67.2	207.4	-92.7	106.6	
72.1	104.1	-75.5	116.4	
52.4	45.1	-63.2	106.6	
37.7	-149.3	-50.9	131.2	
22.9	-181.3	-48.4	160.7	
18.0	-200.9	-48.4	138.5	
5.7	-75.5	-53.3	109.0	
-31.2	67.2	-63.2	40.1	
-60.7	109.0	-80.4	185.3	
-46.0	79.5	-82.9	283.7	
-33.7	96.7	-102.5	291.1	
-31.2	126.2	-124.7	254.2	
-23.8	131.2	-149.3	96.7	
-4.1	101.6	-159.1	15.5	
-11.5	35.2	-156.7	30.3	
10.6	-60.7	-149.3	136.1	
-26.3	-139.4	-181.3	209.9	
-48.4	-82.9	-173.9	283.7	
-16.4	-53.3	-176.3	406.7	
22.9	-18.9	-181.3	200.0	
64.7	-55.8	-193.6	175.4	
96.7	-31.2	-203.4	168.1	
113.9	-26.3	-230.5	214.8	
126.2	-95.2	-242.8	150.8	
121.3	-156.7	-242.8	35.2	
74.6	-218.2	-257.5	67.2	
59.8	-75.5	-267.4	89.3	
45.1	42.6	-252.6	82.0	
54.9	118.9	-235.4	67.2	
45.1	138.5	-215.7	18.0	
42.6	168.1	-171.4	-87.8	
27.8	123.8	-132.1	-92.7	
64.7	116.4	-80.4	-75.5	
62.3	27.8	-18.9	84.4	
42.6	-9.1	22.9	62.3	
8.2	-41.0	84.4	-65.6	
3.2	-70.6	123.8	-36.1	
15.5	-70.6	158.2	74.6	
-9.1	-58.3	158.2	82.0	
-63.2	-77.9	148.4	-23.8	
-90.2	-85.3	128.7	-75.5	
-70.6	-70.6	77.0	-87.8	
-50.9	-60.7	30.3	-151.7	
-43.5	-43.5	13.1	8.2	
-28.7	-28.7	-26.3	42.6	
-28.7	-18.9	-50.9	96.7	
-33.7	-4.1	-70.6	74.6	
-14.0	-6.6	-82.9	113.9	
-9.1	35.2	-92.7	148.4	
-21.4	37.7	-129.6	77.0	
18.0	37.7	-144.4	-11.5	
45.1	25.4	-144.4	-85.3	
40.1	18.0	-151.7	-55.8	
52.4	25.4	-164.0	37.7	
72.1	27.8	-166.5	-6.6	
40.1	18.0	-183.7	-114.8	
27.8	8.2	-193.6	-41.0	
5.7	-11.5	-188.6	22.9	
-4.1	-21.4	-178.8	45.1	
13.1	-21.4	-186.2	5.7	
35.2	-41.0	-183.7	-33.7	
-1.7	-46.0	-171.4	-16.4	
-6.6	-43.5	-166.5	-321.5	
-43.5	-31.2	-144.4	-149.3	
-48.4	-41.0	-119.8	-9.1	
-23.8	-43.5	-132.1	40.1	
25.4	-48.4	-132.1	-14.0	
27.8	-11.5	-132.1	-48.4	
37.7	27.8	-129.6	-92.7	
37.7	37.7	-95.2	-132.1	
37.7	15.5	-92.7	25.4	
25.4	-38.6	-65.6	-14.0	
15.5	-31.2	-53.3	-50.9	
8.2	-26.3	-43.5	-80.4	
-1.7	3.2	-55.8	-41.0	
-23.8	37.7	-87.8	5.7	
-16.4	57.4	-107.5	13.1	
-18.9	74.6	-141.9	-60.7	
-1.7	74.6	-149.3	-73.0	
22.9	18.0	-164.0	-77.9	
18.0	82.0	-159.1	-80.4	
3.2	42.6	-173.9	-75.5	
-11.5	-65.6	-191.1	-63.2	
-9.1	-48.4	-208.3	-100.1	
5.7	74.6	-210.8	-159.1	
25.4	106.6	-198.5	-82.9	
30.3	79.5	-178.8	-68.1	
13.1	123.8	-171.4	-43.5	
8.2	150.8	-139.4	-107.5	
0.8	163.1	-137.0	-149.3	
30.3	143.5	-119.8	-220.6	
32.8	207.4	-127.1	-210.8	
35.2	207.4	-107.5	-132.1	
52.4	173.0	-97.6	-90.2	
54.9	121.3	-80.4	-220.6	
50.0	89.3	-77.9	-134.5	
45.1	86.9	-85.3	-124.7	
40.1	82.0	-77.9	-1.7	
47.5	54.9	-87.8	-63.2	
47.5	-21.4	-77.9	-102.5	
72.1	-132.1	-68.1	-146.8	
79.5	-215.7	-68.1	-127.1	
79.5	-292.0	-77.9	-127.1	
52.4	-311.6	-73.0	-117.3	
30.3	-319.0	-53.3	-107.5	
32.8	-296.9	-65.6	-75.5	
15.5	-269.8	-53.3	-73.0	
27.8	-198.5	-55.8	-46.0	
42.6	-139.4	-58.3	-33.7	
67.2	-1.7	-58.3	-1.7	
118.9	37.7	-63.2	27.8	
141.0	82.0	-68.1	35.2	
74.6	143.5	-70.6	35.2	
-14.0	296.0	-97.6	27.8	
-82.9	364.9	-117.3	54.9	
-119.8	355.0	-97.6	0.8	
-141.9	355.0	-90.2	25.4	
-151.7	249.2	-95.2	50.0	
-105.0	118.9	-97.6	72.1	
-28.7	20.5	-87.8	111.5	
25.4	-68.1	-102.5	99.2	
57.4	-55.8	-87.8	121.3	
74.6	20.5	-85.3	141.0	
22.9	72.1	-75.5	141.0	
-36.1	32.8	-55.8	133.6	
-82.9	-1.7	-53.3	163.1	
-41.0	-23.8	-58.3	182.8	
5.7	-33.7	-60.7	177.9	
22.9	-23.8	-43.5	175.4	
64.7	-102.5	-26.3	209.9	
62.3	-87.8	-43.5	200.0	
50.0	-117.3	-46.0	170.5	
32.8	-70.6	-63.2	185.3	
8.2	-33.7	-92.7	177.9	
-28.7	22.9	-109.9	187.7	
-87.8	101.6	-141.9	209.9	
-65.6	128.7	-164.0	244.3	
-36.1	155.8	-200.9	241.9	
-26.3	158.2	-210.8	222.2	
-14.0	138.5	-240.3	185.3	
-4.1	185.3	-250.1	158.2	
-16.4	136.1	-269.8	160.7	
-23.8	79.5	-311.6	160.7	
15.5	158.2	-355.9	145.9	
18.0	264.0	-390.4	126.2	
13.1	209.9	-410.0	106.6	
-6.6	173.0	-429.7	77.0	
0.8	74.6	-437.1	64.7	
5.7	-63.2	-444.5	32.8	
22.9	-225.5	-434.6	18.0	
57.4	-294.4	-390.4	25.4	
84.4	-365.8	-383.0	15.5	
94.3	-272.3	-351.0	-6.6	
47.5	-144.4	-314.1	-46.0	
8.2	-95.2	-287.0	-38.6	
15.5	-124.7	-260.0	0.8	
22.9	32.8	-250.1	-4.1	
40.1	133.6	-225.5	-68.1	
72.1	131.2	-223.1	-80.4	
79.5	116.4	-218.2	-75.5	
89.3	111.5	-191.1	-55.8	
54.9	96.7	-151.7	22.9	
30.3	86.9	-149.3	18.0	
30.3	40.1	-134.5	-63.2	
27.8	45.1	-124.7	-85.3	
37.7	-9.1	-90.2	-48.4	
20.5	-50.9	-73.0	-48.4	
3.2	-97.6	-58.3	-26.3	
-4.1	-46.0	-48.4	-23.8	
3.2	54.9	-41.0	-43.5	
15.5	-18.9	-21.4	-55.8	
13.1	-112.4	8.2	-68.1	
27.8	-38.6	18.0	-16.4	
10.6	-1.7	20.5	-26.3	
3.2	-82.9	27.8	-1.7	
-18.9	32.8	22.9	47.5	
-16.4	72.1	8.2	37.7	
-16.4	131.2	-9.1	22.9	
25.4	160.7	8.2	-33.7	
27.8	165.6	-6.6	-73.0	
32.8	148.4	-16.4	-1.7	
32.8	40.1	-16.4	89.3	
35.2	10.6	-23.8	72.1	
35.2	-50.9	-9.1	50.0	
45.1	-23.8	-4.1	25.4	
40.1	-23.8	-16.4	32.8	
52.4	-33.7	-18.9	15.5	
62.3	18.0	-9.1	57.4	
57.4	126.2	-1.7	59.8	
64.7	148.4	-4.1	82.0	
47.5	180.4	-31.2	116.4	
45.1	190.2	-46.0	86.9	
35.2	35.2	-43.5	69.7	
42.6	-70.6	-23.8	67.2	
47.5	-119.8	-6.6	50.0	
32.8	-134.5	-31.2	30.3	
18.0	-97.6	-46.0	25.4	
5.7	-70.6	-26.3	-1.7	
15.5	-55.8	-41.0	-60.7	
72.1	10.6	-53.3	-87.8	
138.5	-16.4	-28.7	-109.9	
163.1	-21.4	-11.5	-159.1	
145.9	99.2	0.8	-119.8	
109.0	121.3	10.6	-60.7	
74.6	111.5	15.5	-127.1	
40.1	182.8	42.6	-176.3	
-6.6	209.9	64.7	-218.2	
-97.6	202.5	77.0	-200.9	
-176.3	141.0	64.7	-232.9	
-200.9	67.2	89.3	-319.0	
-141.9	35.2	113.9	-326.4	
-95.2	72.1	101.6	-299.3	
-70.6	67.2	104.1	-292.0	
-43.5	5.7	99.2	-316.6	
-50.9	-50.9	111.5	-333.8	
8.2	-107.5	118.9	-306.7	
20.5	-102.5	116.4	-370.7	
-16.4	-122.2	106.6	-392.8	
-28.7	-33.7	128.7	-417.4	
-16.4	37.7	148.4	-402.7	
20.5	72.1	158.2	-415.0	
35.2	141.0	170.5	-333.8	
8.2	136.1	185.3	-343.6	
-70.6	-33.7	182.8	-351.0	
-119.8	-102.5	187.7	-402.7	
-50.9	-141.9	177.9	-397.7	
30.3	-102.5	200.0	-149.3	
82.0	-77.9	219.7	-33.7	
84.4	-23.8	227.1	-166.5	
59.8	-63.2	209.9	-355.9	
27.8	-41.0	219.7	-311.6	
64.7	27.8	219.7	-223.1	
84.4	20.5	236.9	-141.9	
82.0	-16.4	232.0	-112.4	
47.5	-6.6	239.4	-127.1	
18.0	-55.8	219.7	-129.6	
-26.3	-129.6	222.2	-100.1	
-33.7	-132.1	217.3	-139.4	
-28.7	-53.3	224.6	-159.1	
0.8	-60.7	244.3	-166.5	
-1.7	3.2	246.8	-181.3	
-9.1	-14.0	261.5	-107.5	
-6.6	3.2	271.4	-129.6	
40.1	8.2	271.4	-169.0	
57.4	52.4	261.5	-114.8	
50.0	69.7	236.9	8.2	
32.8	96.7	224.6	-1.7	
25.4	50.0	212.3	-102.5	
0.8	54.9	212.3	-196.0	
-21.4	116.4	219.7	-191.1	
-21.4	116.4	264.0	-97.6	
-21.4	214.8	271.4	143.5	
-6.6	350.1	313.2	187.7	
22.9	404.2	345.2	217.3	
8.2	465.7	384.5	116.4	
47.5	495.2	404.2	72.1	
101.6	379.6	409.1	20.5	
104.1	45.1	404.2	-107.5	
69.7	-220.6	372.2	-139.4	
27.8	-355.9	342.7	-134.5	
-6.6	-348.5	298.4	-112.4	
-38.6	-331.3	254.2	-107.5	
-53.3	-274.7	246.8	-109.9	
-75.5	-154.2	261.5	-114.8	
-55.8	-95.2	249.2	-95.2	
-23.8	-127.1	244.3	-82.9	
15.5	-77.9	207.4	-92.7	
64.7	-18.9	182.8	-119.8	
67.2	69.7	177.9	-117.3	
82.0	158.2	168.1	-102.5	
82.0	141.0	155.8	-80.4	
52.4	205.0	155.8	-77.9	
37.7	217.3	153.3	-50.9	
10.6	207.4	163.1	-46.0	
-6.6	283.7	141.0	-38.6	
-1.7	217.3	131.2	-23.8	
0.8	32.8	131.2	-6.6	
20.5	-28.7	109.0	3.2	
40.1	-119.8	84.4	18.0	
67.2	-200.9	86.9	30.3	
82.0	-127.1	84.4	25.4	
69.7	-82.9	116.4	40.1	
52.4	-9.1	113.9	35.2	
54.9	5.7	101.6	18.0	
37.7	50.0	86.9	8.2	
35.2	133.6	62.3	10.6	
15.5	106.6	52.4	32.8	
-9.1	74.6	42.6	74.6	
-31.2	0.8	27.8	96.7	
-28.7	-4.1	32.8	94.3	
3.2	3.2	54.9	89.3	
32.8	10.6	32.8	84.4	
47.5	-58.3	13.1	77.0	
52.4	-38.6	-6.6	67.2	
91.8	42.6	-16.4	54.9	
141.0	-6.6	-21.4	86.9	
143.5	-191.1	-11.5	104.1	
126.2	-215.7	-38.6	109.0	
96.7	-124.7	-60.7	128.7	
54.9	-65.6	-58.3	145.9	
22.9	-77.9	-68.1	170.5	
-16.4	-26.3	-50.9	165.6	
-55.8	-6.6	-58.3	148.4	
-85.3	99.2	-68.1	153.3	
-105.0	94.3	-82.9	145.9	
-73.0	-16.4	-75.5	148.4	
-53.3	-9.1	-100.1	141.0	
-26.3	37.7	-97.6	153.3	
-11.5	86.9	-124.7	170.5	
-16.4	200.0	-141.9	190.2	
-26.3	273.8	-161.6	217.3	
-18.9	239.4	-164.0	232.0	
-16.4	175.4	-151.7	236.9	
15.5	47.5	-139.4	214.8	
35.2	-95.2	-129.6	205.0	
84.4	-114.8	-139.4	192.7	
136.1	-218.2	-119.8	192.7	
91.8	-237.8	-132.1	224.6	
8.2	-232.9	-122.2	251.7	
-68.1	-309.2	-144.4	236.9	
-146.8	-196.0	-137.0	219.7	
-186.2	-65.6	-137.0	222.2	
-193.6	30.3	-127.1	239.4	
-169.0	5.7	-132.1	224.6	
-132.1	-70.6	-127.1	202.5	
-31.2	-151.7	-141.9	200.0	
52.4	-80.4	-139.4	200.0	
177.9	101.6	-134.5	197.6	
195.1	254.2	-137.0	219.7	
150.8	232.0	-127.1	200.0	
101.6	185.3	-132.1	207.4	
42.6	67.2	-132.1	209.9	
37.7	-26.3	-141.9	214.8	
62.3	-28.7	-119.8	200.0	
59.8	0.8	-124.7	138.5	
82.0	99.2	-114.8	113.9	
155.8	74.6	-117.3	155.8	
190.2	69.7	-114.8	177.9	
153.3	40.1	-129.6	145.9	
121.3	20.5	-112.4	131.2	
72.1	-11.5	-112.4	128.7	
64.7	-26.3	-102.5	180.4	
50.0	-48.4	-92.7	173.0	
64.7	-11.5	-73.0	148.4	
47.5	101.6	-82.9	155.8	
20.5	163.1	-77.9	202.5	
0.8	40.1	-87.8	185.3	
-43.5	-105.0	-68.1	150.8	
-53.3	-122.2	-63.2	143.5	
-112.4	-70.6	-80.4	128.7	
-154.2	-28.7	-102.5	143.5	
-161.6	40.1	-97.6	91.8	
-173.9	40.1	-85.3	57.4	
-114.8	133.6	-75.5	54.9	
-85.3	99.2	-68.1	37.7	
-75.5	22.9	-73.0	45.1	
-50.9	-112.4	-97.6	104.1	
-14.0	-85.3	-105.0	62.3	
37.7	-11.5	-95.2	148.4	
52.4	-23.8	-82.9	123.8	
50.0	-183.7	-97.6	84.4	
40.1	-301.8	-107.5	67.2	
54.9	-223.1	-119.8	-41.0	
57.4	-183.7	-114.8	-16.4	
67.2	-154.2	-129.6	-6.6	
52.4	-173.9	-127.1	-9.1	
30.3	-164.0	-112.4	-9.1	
22.9	-109.9	-117.3	8.2	
47.5	-53.3	-117.3	37.7	
62.3	5.7	-107.5	40.1	
91.8	136.1	-127.1	35.2	
82.0	303.4	-100.1	37.7	
42.6	332.9	-77.9	54.9	
10.6	362.4	-53.3	64.7	
-9.1	308.3	-23.8	86.9	
-9.1	79.5	0.8	62.3	
-38.6	-95.2	13.1	82.0	
-18.9	-200.9	47.5	131.2	
-21.4	-80.4	67.2	101.6	
20.5	45.1	79.5	18.0	
27.8	35.2	96.7	0.8	
-16.4	37.7	123.8	-82.9	
-28.7	182.8	145.9	-43.5	
-43.5	293.5	148.4	-9.1	
-9.1	271.4	163.1	52.4	
-1.7	190.2	168.1	-41.0	
10.6	-1.7	190.2	-23.8	
54.9	-28.7	182.8	79.5	
79.5	15.5	180.4	10.6	
89.3	-82.9	185.3	-38.6	
82.0	-171.4	180.4	106.6	
86.9	-90.2	177.9	67.2	
64.7	-26.3	185.3	3.2	
40.1	-132.1	187.7	-28.7	
32.8	-262.4	180.4	-4.1	
15.5	-144.4	192.7	18.0	
-18.9	-87.8	192.7	-38.6	
-48.4	-137.0	190.2	-33.7	
-46.0	-117.3	197.6	-50.9	
-41.0	-92.7	182.8	-46.0	
-9.1	72.1	177.9	-65.6	
45.1	160.7	192.7	-53.3	
86.9	158.2	187.7	-50.9	
106.6	205.0	173.0	-63.2	
94.3	266.5	170.5	-50.9	
57.4	232.0	158.2	-48.4	
8.2	200.0	160.7	-58.3	
-21.4	175.4	138.5	-43.5	
-38.6	209.9	123.8	-31.2	
-100.1	89.3	96.7	-36.1	
-122.2	-50.9	82.0	-46.0	
-144.4	-75.5	74.6	-33.7	
-77.9	3.2	54.9	-38.6	
-4.1	64.7	62.3	-38.6	
64.7	185.3	37.7	-26.3	
101.6	109.0	47.5	-28.7	
101.6	3.2	57.4	-6.6	
99.2	45.1	42.6	0.8	
79.5	113.9	45.1	-1.7	
54.9	121.3	30.3	0.8	
27.8	131.2	27.8	13.1	
27.8	111.5	5.7	18.0	
67.2	187.7	18.0	8.2	
158.2	99.2	15.5	18.0	
195.1	101.6	15.5	18.0	
187.7	118.9	15.5	22.9	
141.0	-92.7	18.0	40.1	
77.0	-284.6	13.1	45.1	
13.1	-264.9	15.5	40.1	
-53.3	-210.8	15.5	50.0	
-164.0	-240.3	18.0	50.0	
-230.5	-137.0	-9.1	40.1	
-235.4	-14.0	-23.8	42.6	
-215.7	118.9	-1.7	42.6	
-166.5	217.3	5.7	59.8	
-119.8	271.4	15.5	57.4	
-58.3	212.3	-11.5	79.5	
5.7	153.3	-28.7	67.2	
47.5	153.3	18.0	67.2	
52.4	224.6	45.1	54.9	
25.4	96.7	8.2	64.7	
0.8	-4.1	-9.1	57.4	
15.5	13.1	-6.6	40.1	
22.9	77.0	-14.0	40.1	
47.5	18.0	-33.7	25.4	
25.4	8.2	-33.7	47.5	
37.7	52.4	-31.2	69.7	
64.7	138.5	-33.7	62.3	
69.7	187.7	-26.3	94.3	
62.3	145.9	-36.1	111.5	
64.7	175.4	-36.1	145.9	
64.7	37.7	-33.7	145.9	
22.9	52.4	-43.5	158.2	
-4.1	-21.4	-41.0	145.9	
0.8	-112.4	-50.9	121.3	
-16.4	-26.3	-38.6	106.6	
-43.5	99.2	-41.0	91.8	
-60.7	268.9	-53.3	77.0	
-14.0	303.4	-38.6	62.3	
20.5	197.6	-48.4	42.6	
62.3	-6.6	-26.3	45.1	
45.1	-48.4	-11.5	62.3	
47.5	-82.9	0.8	64.7	
30.3	-28.7	-4.1	45.1	
67.2	15.5	0.8	37.7	
84.4	-4.1	-21.4	45.1	
79.5	-114.8	-18.9	47.5	
86.9	-107.5	-1.7	57.4	
79.5	-109.9	-9.1	62.3	
37.7	-1.7	-26.3	45.1	
25.4	-1.7	-36.1	52.4	
5.7	79.5	-36.1	45.1	
-28.7	175.4	-46.0	3.2	
-63.2	227.1	-33.7	-43.5	
-82.9	254.2	-36.1	-26.3	
-85.3	291.1	-23.8	10.6	
-70.6	214.8	-50.9	3.2	
-21.4	101.6	-28.7	-9.1	
89.3	148.4	-41.0	-6.6	
155.8	72.1	-28.7	-33.7	
145.9	37.7	-33.7	-18.9	
84.4	91.8	-36.1	-21.4	
40.1	8.2	-41.0	-68.1	
8.2	-85.3	-43.5	-33.7	
-4.1	-18.9	-36.1	-4.1	
-4.1	0.8	-33.7	-41.0	
5.7	-48.4	-41.0	-26.3	
8.2	37.7	-41.0	-11.5	
-31.2	62.3	-28.7	-11.5	
-11.5	128.7	-18.9	-14.0	
-4.1	202.5	-26.3	-28.7	
40.1	72.1	-41.0	-18.9	
52.4	-114.8	-46.0	45.1	
52.4	15.5	-38.6	30.3	
25.4	207.4	-28.7	-1.7	
5.7	241.9	-26.3	-21.4	
-6.6	283.7	-14.0	-38.6	
-4.1	244.3	-21.4	-23.8	
-6.6	180.4	-4.1	-41.0	
-11.5	131.2	-16.4	-11.5	
5.7	116.4	-21.4	27.8	
8.2	111.5	-11.5	35.2	
3.2	141.0	-9.1	20.5	
3.2	77.0	-1.7	10.6	
13.1	30.3	-1.7	-1.7	
15.5	30.3	0.8	5.7	
10.6	86.9	5.7	-6.6	
-11.5	173.0	0.8	20.5	
-16.4	113.9	8.2	59.8	
-26.3	-90.2	-4.1	32.8	
-33.7	-144.4	-18.9	10.6	
-16.4	-16.4	-41.0	-80.4	
22.9	133.6	-41.0	-11.5	
37.7	111.5	5.7	-14.0	
30.3	74.6	15.5	0.8	
27.8	47.5	27.8	8.2	
18.0	74.6	20.5	20.5	
13.1	47.5	25.4	13.1	
0.8	72.1	35.2	30.3	
3.2	101.6	20.5	22.9	
32.8	77.0	8.2	15.5	
40.1	-50.9	-1.7	25.4	
32.8	-58.3	-11.5	35.2	
52.4	143.5	-23.8	25.4	
47.5	296.0	-63.2	15.5	
57.4	303.4	-65.6	0.8	
62.3	173.0	-43.5	3.2	
82.0	165.6	-38.6	22.9	
74.6	187.7	-1.7	15.5	
59.8	163.1	20.5	8.2	
32.8	84.4	20.5	3.2	
13.1	-41.0	37.7	13.1	
-28.7	-68.1	18.0	22.9	
-85.3	-60.7	5.7	15.5	
-129.6	37.7	-1.7	22.9	
-122.2	13.1	-1.7	-6.6	
-36.1	-134.5	0.8	-18.9	
10.6	-90.2	-18.9	-11.5	
22.9	138.5	-14.0	20.5	
20.5	234.5	-6.6	-1.7	
3.2	332.9	5.7	3.2	
-9.1	468.2	13.1	-4.1	
-26.3	522.3	13.1	-16.4	
-21.4	254.2	15.5	3.2	
-28.7	15.5	22.9	-6.6	
0.8	-220.6	18.0	-9.1	
25.4	-338.7	8.2	8.2	
37.7	-282.1	-11.5	-1.7	
59.8	-43.5	-11.5	8.2	
91.8	94.3	-4.1	10.6	
104.1	185.3	0.8	3.2	
94.3	219.7	13.1	5.7	
111.5	271.4	18.0	18.0	
79.5	192.7	8.2	15.5	
37.7	192.7	10.6	-1.7	
18.0	118.9	-9.1	10.6	
0.8	-82.9	-21.4	0.8	
-23.8	-129.6	-38.6	13.1	
-6.6	-100.1	-63.2	18.0	
-21.4	-262.4	-68.1	20.5	
22.9	-220.6	-90.2	10.6	
57.4	-90.2	-92.7	0.8	
99.2	-4.1	-95.2	-1.7	
121.3	77.0	-90.2	0.8	
141.0	89.3	-100.1	15.5	
155.8	101.6	-114.8	30.3	
175.4	-18.9	-112.4	35.2	
163.1	-36.1	-117.3	40.1	
104.1	-16.4	-112.4	37.7	
35.2	121.3	-122.2	50.0	
-16.4	190.2	-109.9	50.0	
-87.8	111.5	-95.2	50.0	
-124.7	160.7	-109.9	57.4	
-205.9	109.0	-107.5	64.7	
-269.8	-4.1	-117.3	50.0	
-245.2	50.0	-178.8	42.6	
-156.7	62.3	-176.3	42.6	
-77.9	168.1	-164.0	45.1	
-33.7	236.9	-141.9	42.6	
25.4	170.5	-139.4	52.4	
64.7	217.3	-154.2	52.4	
82.0	173.0	-156.7	40.1	
72.1	150.8	-154.2	42.6	
69.7	-63.2	-156.7	45.1	
69.7	-33.7	-161.6	32.8	
57.4	54.9	-161.6	40.1	
47.5	86.9	-159.1	35.2	
47.5	104.1	-159.1	40.1	
52.4	47.5	-164.0	47.5	
69.7	30.3	-164.0	27.8	
109.0	72.1	-161.6	42.6	
138.5	-38.6	-188.6	52.4	
101.6	-117.3	-176.3	42.6	
77.0	-50.9	-176.3	15.5	
57.4	32.8	-218.2	42.6	
37.7	86.9	-183.7	40.1	
-9.1	101.6	-166.5	45.1	
-23.8	99.2	-164.0	86.9	
-58.3	94.3	-127.1	25.4	
-117.3	40.1	-109.9	-9.1	
-97.6	18.0	-105.0	32.8	
-87.8	27.8	-105.0	69.7	
-109.9	69.7	-95.2	67.2	
-100.1	94.3	-85.3	57.4	
-68.1	99.2	-90.2	-1.7	
-41.0	91.8	-90.2	-14.0	
-11.5	91.8	-77.9	59.8	
52.4	96.7	-75.5	77.0	
77.0	64.7	-60.7	20.5	
64.7	42.6	-50.9	15.5	
52.4	50.0	-58.3	74.6	
35.2	72.1	-53.3	94.3	
37.7	116.4	-38.6	30.3	
45.1	160.7	-21.4	32.8	
47.5	173.0	-26.3	47.5	
54.9	190.2	-21.4	37.7	
35.2	133.6	-6.6	25.4	
8.2	40.1	-14.0	45.1	
-14.0	27.8	5.7	77.0	
-1.7	13.1	18.0	37.7	
-11.5	0.8	15.5	20.5	
-16.4	0.8	25.4	42.6	
-4.1	15.5	20.5	64.7	
8.2	62.3	27.8	37.7	
8.2	47.5	13.1	47.5	
10.6	-50.9	20.5	64.7	
15.5	-82.9	13.1	82.0	
8.2	-26.3	32.8	57.4	
3.2	-6.6	20.5	-1.7	
22.9	20.5	37.7	27.8	
40.1	50.0	27.8	59.8	
64.7	50.0	8.2	62.3	
101.6	54.9	-4.1	37.7	
111.5	59.8	-28.7	-9.1	
104.1	79.5	-23.8	10.6	
138.5	104.1	3.2	40.1	
200.0	101.6	0.8	42.6	
205.0	118.9	15.5	25.4	
192.7	143.5	15.5	25.4	
148.4	168.1	0.8	18.0	
59.8	177.9	15.5	15.5	
-65.6	168.1	42.6	27.8	
-154.2	190.2	62.3	15.5	
-215.7	104.1	45.1	20.5	
-237.8	113.9	35.2	18.0	
-240.3	148.4	40.1	15.5	
-196.0	106.6	35.2	20.5	
-132.1	101.6	40.1	32.8	
-58.3	-11.5	54.9	25.4	
-6.6	-92.7	40.1	13.1	
45.1	-92.7	25.4	15.5	
30.3	-58.3	15.5	15.5	
32.8	-4.1	5.7	22.9	
27.8	35.2	0.8	22.9	
13.1	37.7	-9.1	15.5	
22.9	20.5	-4.1	35.2	
35.2	82.0	15.5	18.0	
40.1	89.3	8.2	30.3	
42.6	84.4	10.6	37.7	
54.9	79.5	-16.4	42.6	
52.4	62.3	-6.6	40.1	
45.1	52.4	-9.1	54.9	
15.5	47.5	-11.5	54.9	
0.8	54.9	-28.7	54.9	
-53.3	82.0	-58.3	52.4	
-48.4	89.3	-68.1	57.4	
-58.3	67.2	-97.6	57.4	
-68.1	52.4	-119.8	62.3	
-31.2	35.2	-134.5	67.2	
18.0	-4.1	-156.7	69.7	
69.7	-11.5	-181.3	79.5	
205.0	20.5	-191.1	69.7	
303.4	40.1	-200.9	64.7	
330.4	52.4	-208.3	64.7	
266.5	40.1	-230.5	64.7	
170.5	47.5	-220.6	42.6	
69.7	50.0	-232.9	57.4	
-26.3	52.4	-196.0	45.1	
-144.4	54.9	-156.7	40.1	
-257.5	47.5	-161.6	40.1	
-314.1	45.1	-159.1	22.9	
-289.5	54.9	-171.4	42.6	
-213.2	27.8	-164.0	37.7	
-119.8	15.5	-166.5	37.7	
-63.2	10.6	-159.1	42.6	
-33.7	13.1	-161.6	47.5	
5.7	35.2	-154.2	42.6	
3.2	62.3	-166.5	40.1	
-14.0	40.1	-161.6	35.2	
5.7	15.5	-164.0	40.1	
37.7	15.5	-156.7	45.1	
64.7	59.8	-156.7	42.6	
64.7	54.9	-161.6	42.6	
37.7	101.6	-176.3	35.2	
32.8	-9.1	-166.5	35.2	
57.4	-141.9	-159.1	30.3	
67.2	-156.7	-169.0	32.8	
54.9	-171.4	-146.8	18.0	
67.2	-146.8	-151.7	37.7	
72.1	-11.5	-166.5	37.7	
52.4	37.7	-171.4	15.5	
35.2	52.4	-151.7	3.2	
22.9	32.8	-117.3	18.0	
13.1	-16.4	-105.0	35.2	
-4.1	-36.1	-87.8	5.7	
0.8	-33.7	-114.8	5.7	
32.8	-58.3	-228.0	15.5	
45.1	-50.9	-267.4	15.5	
50.0	-43.5	-210.8	8.2	
42.6	-31.2	-159.1	5.7	
-1.7	-33.7	-154.2	13.1	
5.7	-23.8	-141.9	5.7	
30.3	-31.2	-119.8	-11.5	
52.4	-23.8	-122.2	-26.3	
77.0	-31.2	-114.8	-26.3	
99.2	-18.9	-102.5	-41.0	
138.5	-14.0	-109.9	-43.5	
180.4	-28.7	-122.2	-26.3	
182.8	-28.7	-105.0	10.6	
153.3	-23.8	-82.9	27.8	
99.2	-31.2	-68.1	-18.9	
52.4	-28.7	-46.0	-43.5	
-4.1	-21.4	-58.3	-41.0	
-105.0	-26.3	-68.1	10.6	
-176.3	-14.0	-82.9	0.8	
-159.1	-11.5	-95.2	15.5	
-95.2	-14.0	-75.5	-36.1	
-41.0	-9.1	-77.9	-65.6	
32.8	-11.5	-73.0	-23.8	
50.0	-6.6	-55.8	-23.8	
30.3	-18.9	-31.2	-1.7	
15.5	-16.4	-23.8	-9.1	
-26.3	-9.1	-11.5	-31.2	
-55.8	-14.0	0.8	-55.8	
-33.7	-4.1	20.5	-26.3	
-18.9	-11.5	13.1	-11.5	
-11.5	-23.8	-14.0	-26.3	
-1.7	-18.9	-46.0	-36.1	
25.4	-23.8	-75.5	-21.4	
74.6	-28.7	-117.3	-41.0	
79.5	-28.7	-161.6	-36.1	
84.4	-31.2	-173.9	-23.8	
35.2	-18.9	-176.3	-31.2	
22.9	-21.4	-171.4	-31.2	
-16.4	-23.8	-181.3	-28.7	
-33.7	-11.5	-132.1	-41.0	
-63.2	-16.4	-114.8	-70.6	
-53.3	-9.1	-87.8	-53.3	
-77.9	-9.1	-53.3	-28.7	
-109.9	-14.0	-16.4	-60.7	
-100.1	-1.7	-6.6	-33.7	
-36.1	-11.5	0.8	-28.7	
40.1	-18.9	3.2	-16.4	
91.8	-21.4	18.0	-73.0	
94.3	-16.4	32.8	-92.7	
111.5	-14.0	59.8	-46.0	
141.0	-1.7	82.0	-36.1	
128.7	-6.6	104.1	-18.9	
109.0	15.5	136.1	-9.1	
57.4	5.7	170.5	-16.4	
-6.6	8.2	212.3	-31.2	
-68.1	3.2	232.0	-9.1	
-68.1	22.9	261.5	-1.7	
-97.6	25.4	261.5	-23.8	
-112.4	30.3	266.5	-1.7	
-92.7	27.8	264.0	-1.7	
-50.9	18.0	256.6	15.5	
-31.2	30.3	246.8	37.7	
-21.4	27.8	246.8	13.1	
-31.2	22.9	249.2	10.6	
-23.8	18.0	232.0	0.8	
20.5	27.8	214.8	-23.8	
59.8	22.9	175.4	10.6	
86.9	15.5	155.8	45.1	
89.3	18.0	113.9	42.6	
64.7	20.5	94.3	40.1	
50.0	22.9	96.7	32.8	
30.3	20.5	91.8	25.4	
5.7	25.4	67.2	20.5	
3.2	20.5	67.2	20.5	
15.5	32.8	91.8	10.6	
57.4	30.3	96.7	20.5	
45.1	32.8	74.6	15.5	
15.5	30.3	69.7	10.6	
8.2	35.2	52.4	-1.7	
-1.7	27.8	42.6	-1.7	
35.2	35.2	25.4	-6.6	
69.7	45.1	-21.4	0.8	
116.4	45.1	-70.6	8.2	
116.4	45.1	-18.9	5.7	
62.3	40.1	59.8	0.8	
32.8	40.1	116.4	-9.1	
47.5	45.1	121.3	-9.1	
35.2	37.7	77.0	-4.1	
5.7	32.8	54.9	0.8	
-33.7	32.8	52.4	-6.6	
-60.7	40.1	69.7	-33.7	
-21.4	42.6	84.4	-33.7	
27.8	35.2	50.0	-41.0	
74.6	25.4	59.8	-50.9	
82.0	22.9	69.7	-58.3	
69.7	35.2	64.7	-48.4	
25.4	18.0	64.7	-41.0	
-16.4	13.1	82.0	-41.0	
-68.1	3.2	62.3	-33.7	
-112.4	3.2	52.4	-31.2	
-139.4	-11.5	0.8	8.2	
-122.2	-9.1	-58.3	8.2	
-63.2	-9.1	-33.7	10.6	
35.2	5.7	-16.4	10.6	
91.8	-4.1	-28.7	0.8	
111.5	3.2	0.8	-11.5	
121.3	-1.7	8.2	0.8	
74.6	18.0	25.4	30.3	
-4.1	30.3	37.7	15.5	
-18.9	27.8	47.5	-23.8	
-38.6	42.6	40.1	-1.7	
5.7	52.4	37.7	22.9	
37.7	40.1	57.4	37.7	
37.7	47.5	59.8	25.4	
18.0	42.6	72.1	5.7	
-6.6	52.4	74.6	10.6	
-23.8	72.1	79.5	13.1	
-50.9	57.4	79.5	8.2	
-46.0	54.9	82.0	13.1	
-46.0	59.8	79.5	30.3	
-38.6	52.4	72.1	30.3	
10.6	50.0	67.2	18.0	
42.6	42.6	42.6	25.4	
50.0	50.0	35.2	20.5	
-1.7	35.2	30.3	25.4	
-21.4	50.0	27.8	40.1	
47.5	40.1	27.8	32.8	
77.0	35.2	25.4	30.3	
121.3	42.6	45.1	37.7	
136.1	30.3	47.5	50.0	
182.8	25.4	40.1	59.8	
177.9	30.3	45.1	50.0	
138.5	40.1	35.2	10.6	
69.7	45.1	15.5	-6.6	
-1.7	13.1	47.5	3.2	
-82.9	25.4	86.9	52.4	
-173.9	3.2	82.0	54.9	
-223.1	10.6	99.2	72.1	
-228.0	5.7	118.9	54.9	
-188.6	-1.7	84.4	47.5	
-129.6	3.2	82.0	47.5	
-23.8	3.2	47.5	84.4	
59.8	-6.6	45.1	54.9	
96.7	8.2	30.3	45.1	
57.4	-1.7	-1.7	54.9	
42.6	5.7	0.8	45.1	
37.7	5.7	27.8	72.1	
15.5	5.7	35.2	69.7	
-16.4	5.7	22.9	64.7	
5.7	10.6	13.1	64.7	
27.8	-4.1	-4.1	77.0	
86.9	3.2	-11.5	64.7	
89.3	0.8	-14.0	64.7	
77.0	-4.1	8.2	79.5	
47.5	0.8	18.0	69.7	
52.4	-1.7	25.4	22.9	
-1.7	0.8	22.9	32.8	
-53.3	-6.6	35.2	69.7	
-63.2	-6.6	37.7	45.1	
-46.0	-16.4	52.4	18.0	
-1.7	-18.9	50.0	20.5	
32.8	-16.4	50.0	37.7	
54.9	-9.1	50.0	32.8	
62.3	-16.4	67.2	-6.6	
42.6	-16.4	52.4	-14.0	
27.8	-21.4	47.5	15.5	
-4.1	-9.1	52.4	32.8	
-11.5	-33.7	57.4	-6.6	
-21.4	-4.1	64.7	-26.3	
-41.0	-4.1	59.8	13.1	
-9.1	-1.7	54.9	30.3	
40.1	-1.7	30.3	10.6	
45.1	3.2	25.4	-6.6	
50.0	-4.1	54.9	-55.8	
32.8	-16.4	69.7	-46.0	
18.0	-4.1	74.6	-33.7	
-21.4	8.2	84.4	-43.5	
-48.4	10.6	89.3	-33.7	
-23.8	15.5	69.7	-31.2	
-4.1	27.8	50.0	-26.3	
-41.0	18.0	30.3	-38.6	
-36.1	32.8	20.5	-36.1	
35.2	25.4	8.2	-48.4	
67.2	30.3	32.8	-58.3	
89.3	20.5	54.9	-38.6	
77.0	40.1	54.9	-38.6	
74.6	40.1	27.8	-36.1	
35.2	30.3	30.3	-36.1	
15.5	50.0	22.9	-23.8	
-43.5	50.0	-14.0	-21.4	
-82.9	57.4	27.8	-28.7	
-82.9	59.8	35.2	-23.8	
-85.3	67.2	42.6	-33.7	
-65.6	79.5	35.2	-28.7	
-18.9	79.5	59.8	-31.2	
-14.0	72.1	50.0	-23.8	
20.5	69.7	0.8	-21.4	
50.0	72.1	32.8	-31.2	
62.3	106.6	59.8	-41.0	
91.8	111.5	79.5	-28.7	
128.7	106.6	82.0	-36.1	
200.0	118.9	99.2	-36.1	
244.3	131.2	89.3	-46.0	
219.7	138.5	52.4	-41.0	
106.6	133.6	59.8	-18.9	
-6.6	133.6	82.0	-43.5	
-14.0	141.0	64.7	-23.8	
0.8	158.2	82.0	-33.7	
-16.4	155.8	104.1	-33.7	
-87.8	160.7	106.6	-31.2	
-119.8	160.7	99.2	-41.0	
-112.4	168.1	101.6	-38.6	
-77.9	175.4	94.3	-33.7	
-28.7	165.6	104.1	-31.2	
-26.3	163.1	99.2	-18.9	
-53.3	173.0	104.1	-21.4	
-41.0	170.5	113.9	-14.0	
5.7	187.7	84.4	-16.4	
59.8	182.8	0.8	-9.1	
96.7	168.1	37.7	-1.7	
84.4	182.8	74.6	3.2	
42.6	177.9	52.4	3.2	
42.6	173.0	47.5	5.7	
3.2	180.4	52.4	8.2	
-28.7	192.7	22.9	10.6	
-31.2	177.9	47.5	8.2	
-46.0	175.4	47.5	15.5	
-70.6	177.9	52.4	15.5	
-60.7	177.9	50.0	10.6	
-36.1	180.4	57.4	18.0	
-28.7	190.2	62.3	25.4	
-14.0	175.4	94.3	30.3	
20.5	177.9	111.5	22.9	
47.5	173.0	121.3	18.0	
42.6	160.7	131.2	25.4	
47.5	170.5	131.2	35.2	
37.7	155.8	158.2	32.8	
15.5	163.1	168.1	30.3	
-43.5	153.3	165.6	37.7	
-92.7	150.8	192.7	18.0	
-80.4	148.4	222.2	27.8	
-43.5	150.8	224.6	25.4	
-21.4	136.1	227.1	20.5	
-6.6	123.8	229.6	13.1	
27.8	131.2	227.1	15.5	
54.9	126.2	202.5	22.9	
50.0	116.4	195.1	10.6	
52.4	113.9	173.0	15.5	
64.7	109.0	145.9	20.5	
47.5	121.3	101.6	10.6	
42.6	116.4	62.3	8.2	
50.0	116.4	62.3	5.7	
54.9	99.2	72.1	22.9	
74.6	99.2	50.0	15.5	
94.3	106.6	54.9	13.1	
99.2	99.2	54.9	-6.6	
113.9	106.6	67.2	-21.4	
91.8	99.2	54.9	-16.4	
77.0	89.3	50.0	-14.0	
77.0	94.3	3.2	-6.6	
52.4	84.4	-28.7	-9.1	
37.7	79.5	-46.0	0.8	
-36.1	91.8	-31.2	-14.0	
-100.1	82.0	3.2	-6.6	
-107.5	59.8	-1.7	-6.6	
-114.8	69.7	-18.9	10.6	
-112.4	59.8	25.4	5.7	
-82.9	62.3	47.5	0.8	
-31.2	54.9	74.6	10.6	
35.2	52.4	69.7	5.7	
64.7	52.4	77.0	18.0	
47.5	54.9	69.7	8.2	
18.0	50.0	72.1	32.8	
54.9	47.5	72.1	20.5	
101.6	54.9	104.1	27.8	
131.2	52.4	131.2	20.5	
118.9	52.4	94.3	10.6	
84.4	37.7	128.7	-1.7	
50.0	32.8	148.4	13.1	
5.7	35.2	155.8	32.8	
15.5	27.8	143.5	22.9	
0.8	37.7	170.5	22.9	
-23.8	25.4	160.7	10.6	
-14.0	32.8	165.6	-4.1	
-14.0	27.8	170.5	5.7	
-14.0	20.5	182.8	-1.7	
-21.4	20.5	197.6	0.8	
-50.9	25.4	168.1	3.2	
-60.7	10.6	150.8	-11.5	
-50.9	18.0	168.1	-6.6	
8.2	10.6	192.7	0.8	
20.5	-1.7	155.8	10.6	
32.8	0.8	153.3	-11.5	
69.7	-11.5	168.1	-6.6	
104.1	-18.9	155.8	18.0	
143.5	-4.1	126.2	-1.7	
160.7	-31.2	141.0	-6.6	
94.3	-33.7	158.2	0.8	
30.3	-26.3	192.7	15.5	
-18.9	-33.7	202.5	5.7	
-63.2	-28.7	190.2	-1.7	
-95.2	-38.6	143.5	-6.6	
-127.1	-48.4	145.9	3.2	
-139.4	-46.0	163.1	0.8	
-114.8	-46.0	153.3	-6.6	
-85.3	-53.3	145.9	0.8	
-70.6	-53.3	148.4	13.1	
-18.9	-50.9	145.9	13.1	
15.5	-58.3	141.0	20.5	
22.9	-48.4	133.6	8.2	
3.2	-50.9	126.2	-1.7	
20.5	-55.8	145.9	8.2	
89.3	-50.9	155.8	18.0	
106.6	-58.3	170.5	25.4	
116.4	-60.7	185.3	-4.1	
99.2	-53.3	165.6	13.1	
47.5	-55.8	155.8	22.9	
-21.4	-38.6	173.0	18.0	
-50.9	-60.7	173.0	25.4	
-58.3	-33.7	170.5	20.5	
-41.0	-41.0	153.3	22.9	
-38.6	-28.7	136.1	22.9	
-16.4	-36.1	153.3	30.3	
-21.4	-38.6	143.5	32.8	
-4.1	-43.5	123.8	20.5	
-6.6	-46.0	128.7	37.7	
-21.4	-33.7	91.8	32.8	
-21.4	-41.0	42.6	27.8	
-43.5	-48.4	-14.0	22.9	
-63.2	-43.5	-55.8	20.5	
-80.4	-48.4	-41.0	37.7	
-28.7	-36.1	-18.9	45.1	
32.8	-36.1	-16.4	15.5	
59.8	-31.2	22.9	3.2	
57.4	-28.7	27.8	15.5	
57.4	-36.1	3.2	22.9	
45.1	-18.9	-18.9	22.9	
57.4	-31.2	-18.9	32.8	
47.5	-26.3	0.8	37.7	
35.2	-33.7	0.8	27.8	
13.1	-26.3	5.7	13.1	
15.5	-33.7	18.0	37.7	
18.0	-26.3	5.7	30.3	
25.4	-21.4	-60.7	30.3	
27.8	-28.7	-31.2	35.2	
-6.6	-21.4	-16.4	47.5	
-28.7	-31.2	-18.9	42.6	
-16.4	-28.7	-11.5	10.6	
-6.6	-31.2	-16.4	15.5	
8.2	-33.7	-33.7	32.8	
25.4	-11.5	-60.7	20.5	
47.5	-31.2	-33.7	20.5	
54.9	-21.4	-41.0	10.6	
57.4	-31.2	-73.0	37.7	
72.1	-21.4	-68.1	37.7	
52.4	-14.0	-48.4	47.5	
40.1	-11.5	-60.7	20.5	
32.8	-9.1	-60.7	15.5	
0.8	0.8	-55.8	45.1	
-21.4	0.8	-65.6	42.6	
-23.8	-4.1	-46.0	47.5	
-11.5	-4.1	-28.7	25.4	
-9.1	5.7	5.7	20.5	
13.1	5.7	35.2	27.8	
27.8	-9.1	67.2	27.8	
37.7	8.2	79.5	35.2	
35.2	3.2	74.6	30.3	
47.5	-4.1	91.8	15.5	
40.1	13.1	111.5	30.3	
52.4	13.1	123.8	42.6	
57.4	18.0	145.9	27.8	
62.3	15.5	136.1	32.8	
57.4	27.8	133.6	25.4	
47.5	18.0	138.5	20.5	
64.7	18.0	173.0	25.4	
143.5	18.0	219.7	30.3	
227.1	20.5	222.2	32.8	
268.9	25.4	261.5	15.5	
249.2	25.4	244.3	8.2	
214.8	35.2	244.3	5.7	
155.8	35.2	256.6	22.9	
64.7	32.8	217.3	40.1	
-77.9	32.8	175.4	27.8	
-242.8	45.1	136.1	27.8	
-380.5	37.7	99.2	22.9	
-397.7	32.8	50.0	10.6	
-311.6	50.0	35.2	-1.7	
-208.3	45.1	54.9	13.1	
-129.6	35.2	52.4	3.2	
-95.2	25.4	57.4	8.2	
-85.3	35.2	52.4	-16.4	
-31.2	40.1	45.1	-9.1	
-21.4	45.1	40.1	3.2	
37.7	52.4	50.0	10.6	
52.4	45.1	64.7	10.6	
59.8	54.9	69.7	5.7	
62.3	42.6	79.5	3.2	
79.5	45.1	111.5	10.6	
118.9	47.5	133.6	15.5	
136.1	42.6	187.7	27.8	
84.4	35.2	200.0	27.8	
77.0	52.4	207.4	32.8	
27.8	47.5	207.4	37.7	
10.6	30.3	202.5	45.1	
-28.7	35.2	187.7	40.1	
-11.5	47.5	195.1	45.1	
40.1	37.7	205.0	42.6	
77.0	37.7	200.0	30.3	
77.0	42.6	165.6	45.1	
64.7	45.1	148.4	40.1	
72.1	50.0	141.0	42.6	
47.5	45.1	138.5	47.5	
15.5	27.8	96.7	45.1	
-65.6	32.8	62.3	47.5	
-112.4	32.8	25.4	45.1	
-134.5	45.1	59.8	45.1	
-109.9	32.8	99.2	40.1	
-65.6	25.4	106.6	54.9	
-14.0	37.7	116.4	45.1	
57.4	20.5	91.8	45.1	
133.6	22.9	67.2	32.8	
168.1	32.8	35.2	45.1	
182.8	22.9	5.7	47.5	
168.1	40.1	8.2	40.1	
136.1	42.6	-14.0	45.1	
13.1	37.7	3.2	45.1	
-58.3	30.3	5.7	42.6	
-109.9	37.7	18.0	52.4	
-137.0	37.7	20.5	57.4	
-132.1	37.7	30.3	77.0	
-114.8	50.0	42.6	69.7	
-80.4	45.1	27.8	67.2	
-28.7	35.2	37.7	67.2	
45.1	40.1	52.4	54.9	
86.9	37.7	62.3	64.7	
84.4	42.6	79.5	57.4	
54.9	47.5	79.5	50.0	
18.0	47.5	40.1	37.7	
-1.7	42.6	18.0	45.1	
3.2	35.2	35.2	42.6	
0.8	32.8	45.1	50.0	
18.0	30.3	54.9	37.7	
50.0	30.3	45.1	32.8	
54.9	37.7	32.8	42.6	
32.8	32.8	30.3	18.0	
42.6	25.4	25.4	18.0	
89.3	27.8	-4.1	18.0	
109.0	20.5	-6.6	32.8	
123.8	20.5	13.1	30.3	
118.9	18.0	13.1	20.5	
89.3	27.8	-14.0	3.2	
82.0	20.5	-28.7	10.6	
59.8	20.5	-33.7	10.6	
22.9	15.5	-50.9	-4.1	
-28.7	27.8	-90.2	-6.6	
-82.9	25.4	-122.2	-6.6	
-129.6	25.4	-109.9	-6.6	
-161.6	13.1	-77.9	-9.1	
-159.1	22.9	-53.3	-11.5	
-122.2	20.5	-50.9	-14.0	
-50.9	13.1	-65.6	-14.0	
-6.6	20.5	-77.9	-18.9	
-16.4	20.5	-58.3	-9.1	
-1.7	25.4	-53.3	-14.0	
5.7	15.5	-68.1	-16.4	
3.2	18.0	-63.2	-21.4	
15.5	18.0	-58.3	-26.3	
13.1	13.1	-43.5	-26.3	
-16.4	18.0	-46.0	-26.3	
-41.0	27.8	-38.6	-18.9	
-23.8	18.0	-58.3	-31.2	
-6.6	30.3	-58.3	-33.7	
30.3	18.0	-43.5	-36.1	
45.1	20.5	-18.9	-36.1	
27.8	15.5	-14.0	-26.3	
50.0	15.5	-11.5	-18.9	
45.1	18.0	-46.0	-31.2	
64.7	15.5	-46.0	-28.7	
79.5	20.5	-16.4	-33.7	
79.5	27.8	-16.4	-23.8	
96.7	15.5	-14.0	-26.3	
113.9	22.9	-1.7	-28.7	
101.6	32.8	-4.1	-21.4	
79.5	35.2	-1.7	-31.2	
86.9	22.9	-9.1	-33.7	
101.6	18.0	22.9	-28.7	
77.0	18.0	40.1	-33.7	
50.0	22.9	50.0	-26.3	
37.7	13.1	64.7	-31.2	
-18.9	18.0	69.7	-31.2	
-92.7	22.9	86.9	-33.7	
-156.7	22.9	101.6	-36.1	
-132.1	15.5	104.1	-26.3	
-137.0	8.2	123.8	-28.7	
-100.1	8.2	111.5	-28.7	
-55.8	0.8	136.1	-31.2	
-38.6	0.8	123.8	-36.1	
0.8	10.6	99.2	-21.4	
15.5	-4.1	106.6	-14.0	
15.5	10.6	91.8	-33.7	
15.5	0.8	86.9	-11.5	
20.5	8.2	96.7	-4.1	
30.3	5.7	111.5	-14.0	
15.5	5.7	118.9	-38.6	
8.2	5.7	106.6	-23.8	
-11.5	8.2	101.6	-14.0	
-21.4	0.8	99.2	-23.8	
-21.4	5.7	91.8	-11.5	
-18.9	8.2	67.2	-21.4	
-33.7	13.1	50.0	-26.3	
-23.8	25.4	35.2	-4.1	
25.4	20.5	47.5	-33.7	
62.3	20.5	54.9	-36.1	
109.0	20.5	50.0	-23.8	
136.1	25.4	40.1	-28.7	
126.2	30.3	15.5	-31.2	
111.5	35.2	5.7	-23.8	
50.0	32.8	15.5	-33.7	
-23.8	32.8	13.1	-36.1	
-77.9	25.4	-36.1	-48.4	
-58.3	27.8	-80.4	-43.5	
-16.4	32.8	-55.8	-53.3	
0.8	30.3	-31.2	-31.2	
30.3	30.3	-9.1	-23.8	
64.7	27.8	0.8	-9.1	
101.6	18.0	22.9	-18.9	
128.7	15.5	32.8	-28.7	
116.4	15.5	18.0	-41.0	
128.7	27.8	40.1	-23.8	
111.5	10.6	57.4	-26.3	
109.0	13.1	52.4	-26.3	
89.3	22.9	59.8	-26.3	
47.5	20.5	45.1	-1.7	
50.0	15.5	13.1	-11.5	
-9.1	20.5	0.8	-48.4	
-33.7	13.1	22.9	-63.2	
-50.9	32.8	54.9	-48.4	
-38.6	15.5	113.9	-33.7	
-63.2	32.8	131.2	-26.3	
-141.9	40.1	141.0	-31.2	
-203.4	27.8	121.3	-41.0	
-203.4	47.5	126.2	-48.4	
-156.7	42.6	126.2	-23.8	
-92.7	32.8	116.4	-23.8	
-60.7	42.6	96.7	-70.6	
-21.4	18.0	89.3	-73.0	
-11.5	40.1	101.6	-41.0	
15.5	40.1	104.1	-23.8	
22.9	35.2	121.3	-46.0	
27.8	40.1	121.3	-46.0	
32.8	30.3	106.6	-77.9	
27.8	35.2	99.2	-60.7	
25.4	37.7	82.0	-55.8	
15.5	35.2	69.7	-55.8	
-14.0	40.1	89.3	-46.0	
-36.1	25.4	96.7	-48.4	
-38.6	37.7	94.3	-36.1	
-31.2	35.2	106.6	-60.7	
-1.7	40.1	106.6	-58.3	
52.4	50.0	94.3	-46.0	
128.7	42.6	101.6	-46.0	
160.7	42.6	89.3	-48.4	
138.5	35.2	77.0	-70.6	
91.8	35.2	72.1	-82.9	
45.1	42.6	72.1	-65.6	
74.6	32.8	67.2	-68.1	
99.2	47.5	54.9	-60.7	
111.5	35.2	30.3	-90.2	
82.0	37.7	15.5	-105.0	
62.3	35.2	-16.4	-82.9	
25.4	37.7	-21.4	-68.1	
-14.0	47.5	15.5	-85.3	
-48.4	27.8	47.5	-92.7	
-55.8	25.4	62.3	-92.7	
-53.3	32.8	62.3	-73.0	
-36.1	27.8	57.4	-87.8	
-16.4	32.8	72.1	-100.1	
-11.5	42.6	40.1	-97.6	
-16.4	32.8	45.1	-97.6	
-28.7	42.6	25.4	-75.5	
-16.4	42.6	10.6	-82.9	
-28.7	37.7	-26.3	-102.5	
-14.0	22.9	-48.4	-100.1	
-14.0	32.8	-75.5	-73.0	
-6.6	22.9	-77.9	-75.5	
-6.6	25.4	-80.4	-60.7	
10.6	45.1	-92.7	-50.9	
20.5	27.8	-149.3	-58.3	
13.1	27.8	-225.5	-80.4	
15.5	32.8	-272.3	-60.7	
22.9	37.7	-292.0	-43.5	
22.9	27.8	-272.3	-68.1	
25.4	35.2	-264.9	-60.7	
20.5	42.6	-245.2	-97.6	
22.9	37.7	-235.4	-70.6	
37.7	45.1	-210.8	-65.6	
40.1	42.6	-203.4	-58.3	
47.5	42.6	-218.2	-70.6	
47.5	37.7	-218.2	-65.6	
74.6	47.5	-208.3	-63.2	
99.2	40.1	-196.0	-68.1	
118.9	57.4	-183.7	-58.3	
126.2	37.7	-188.6	-73.0	
72.1	42.6	-149.3	-53.3	
30.3	40.1	-124.7	-48.4	
-9.1	40.1	-95.2	-53.3	
-58.3	45.1	-70.6	-65.6	
-85.3	37.7	-50.9	-48.4	
-112.4	40.1	-46.0	-60.7	
-127.1	50.0	-36.1	-50.9	
-85.3	40.1	-28.7	-58.3	
-16.4	37.7	-53.3	-48.4	
47.5	45.1	-28.7	-65.6	
47.5	37.7	20.5	-53.3	
37.7	47.5	37.7	-48.4	
52.4	47.5	47.5	-46.0	
52.4	47.5	67.2	-41.0	
52.4	59.8	74.6	-31.2	
27.8	45.1	79.5	-43.5	
15.5	54.9	79.5	-38.6	
-28.7	50.0	77.0	-43.5	
-55.8	57.4	54.9	-14.0	
-50.9	64.7	52.4	-9.1	
-28.7	59.8	62.3	-11.5	
-21.4	52.4	82.0	-9.1	
-11.5	62.3	74.6	-4.1	
-6.6	52.4	84.4	5.7	
-1.7	57.4	109.0	5.7	
-4.1	54.9	126.2	0.8	
10.6	57.4	163.1	8.2	
5.7	57.4	195.1	-1.7	
3.2	57.4	224.6	-1.7	
18.0	52.4	254.2	5.7	
10.6	42.6	256.6	13.1	
20.5	42.6	246.8	-1.7	
27.8	50.0	244.3	5.7	
45.1	47.5	214.8	15.5	
18.0	45.1	217.3	15.5	
22.9	45.1	187.7	5.7	
25.4	45.1	163.1	3.2	
25.4	54.9	116.4	-4.1	
22.9	57.4	89.3	-6.6	
5.7	50.0	22.9	-11.5	
-1.7	45.1	-31.2	-1.7	
-9.1	69.7	-63.2	-1.7	
3.2	52.4	-119.8	0.8	
18.0	52.4	-178.8	15.5	
18.0	57.4	-232.9	5.7	
13.1	57.4	-279.7	0.8	
-4.1	62.3	-328.9	-4.1	
-28.7	64.7	-351.0	8.2	
-31.2	57.4	-363.3	22.9	
-16.4	62.3	-346.1	22.9	
3.2	57.4	-343.6	18.0	
22.9	57.4	-338.7	27.8	
42.6	42.6	-331.3	18.0	
57.4	45.1	-316.6	22.9	
50.0	42.6	-292.0	15.5	
50.0	40.1	-264.9	22.9	
35.2	50.0	-240.3	32.8	
42.6	47.5	-210.8	37.7	
40.1	47.5	-198.5	42.6	
32.8	57.4	-193.6	47.5	
32.8	54.9	-169.0	45.1	
22.9	47.5	-171.4	47.5	
20.5	37.7	-171.4	62.3	
22.9	30.3	-171.4	50.0	
13.1	42.6	-171.4	54.9	
3.2	42.6	-176.3	62.3	
-6.6	47.5	-188.6	59.8	
-31.2	42.6	-173.9	59.8	
-43.5	45.1	-173.9	77.0	
-41.0	35.2	-176.3	54.9	
-31.2	45.1	-169.0	67.2	
-38.6	30.3	-156.7	64.7	
-55.8	47.5	-169.0	72.1	
-23.8	45.1	-169.0	62.3	
25.4	45.1	-173.9	62.3	
84.4	37.7	-151.7	74.6	
109.0	42.6	-141.9	69.7	
99.2	57.4	-139.4	62.3	
89.3	57.4	-137.0	69.7	
59.8	72.1	-119.8	67.2	
45.1	45.1	-92.7	67.2	
42.6	57.4	-100.1	62.3	
32.8	54.9	-95.2	69.7	
27.8	57.4	-85.3	74.6	
18.0	69.7	-73.0	74.6	
54.9	69.7	-68.1	62.3	
101.6	50.0	-75.5	77.0	
128.7	67.2	-70.6	69.7	
160.7	77.0	-80.4	69.7	
165.6	77.0	-80.4	54.9	
128.7	72.1	-65.6	50.0	
91.8	62.3	-33.7	52.4	
57.4	69.7	-18.9	50.0	
-21.4	84.4	0.8	32.8	
-124.7	84.4	27.8	27.8	
-183.7	89.3	62.3	45.1	
-191.1	64.7	82.0	57.4	
-151.7	57.4	101.6	59.8	
-95.2	79.5	121.3	67.2	
-60.7	69.7	141.0	67.2	
-31.2	69.7	163.1	59.8	
15.5	62.3	177.9	74.6	
40.1	74.6	207.4	62.3	
47.5	72.1	197.6	77.0	
54.9	69.7	190.2	84.4	
74.6	62.3	202.5	79.5	
62.3	54.9	212.3	74.6	
30.3	59.8	224.6	72.1	
-4.1	57.4	236.9	74.6	
-43.5	42.6	236.9	86.9	
-55.8	37.7	236.9	84.4	
-75.5	30.3	217.3	79.5	
-80.4	22.9	209.9	77.0	
-68.1	-1.7	217.3	94.3	
-26.3	-16.4	222.2	113.9	
-14.0	-9.1	241.9	136.1	
5.7	-18.9	222.2	143.5	
-6.6	0.8	212.3	150.8	
3.2	-16.4	182.8	148.4	
5.7	-6.6	165.6	173.0	
-1.7	-14.0	148.4	175.4	
18.0	-1.7	138.5	173.0	
37.7	-6.6	116.4	190.2	
37.7	0.8	91.8	173.0	
50.0	8.2	89.3	150.8	
42.6	8.2	74.6	155.8	
57.4	18.0	54.9	163.1	
40.1	18.0	62.3	155.8	
13.1	13.1	59.8	126.2	
-6.6	10.6	50.0	109.0	
-1.7	15.5	40.1	89.3	
10.6	30.3	25.4	69.7	
52.4	37.7	30.3	69.7	
52.4	37.7	25.4	67.2	
30.3	42.6	8.2	59.8	
27.8	40.1	18.0	47.5	
8.2	50.0	3.2	45.1	
-11.5	40.1	-23.8	32.8	
-11.5	47.5	-36.1	35.2	
-14.0	57.4	-60.7	13.1	
-1.7	32.8	-87.8	25.4	
-4.1	25.4	-95.2	25.4	
-11.5	25.4	-73.0	8.2	
-26.3	37.7	-65.6	3.2	
3.2	54.9	-82.9	10.6	
-1.7	50.0	-80.4	13.1	
8.2	8.2	-92.7	3.2	
25.4	20.5	-102.5	-28.7	
22.9	22.9	-102.5	-21.4	
18.0	27.8	-122.2	-16.4	
13.1	13.1	-161.6	-18.9	
0.8	13.1	-151.7	-18.9	
3.2	13.1	-166.5	-16.4	
8.2	22.9	-156.7	-23.8	
5.7	-14.0	-176.3	-9.1	
3.2	-16.4	-154.2	3.2	
3.2	-11.5	-146.8	-9.1	
13.1	-18.9	-137.0	-16.4	
18.0	-18.9	-124.7	-9.1	
22.9	-16.4	-95.2	5.7	
42.6	5.7	-90.2	-9.1	
40.1	0.8	-122.2	0.8	
15.5	3.2	-112.4	3.2	
-6.6	-4.1	-124.7	-18.9	
-26.3	18.0	-149.3	-21.4	
5.7	32.8	-186.2	-1.7	
25.4	32.8	-193.6	-9.1	
22.9	18.0	-178.8	3.2	
45.1	13.1	-166.5	13.1	
10.6	15.5	-141.9	13.1	
-18.9	5.7	-129.6	15.5	
13.1	10.6	-109.9	10.6	
42.6	-6.6	-107.5	-1.7	
59.8	-28.7	-87.8	-1.7	
64.7	-50.9	-87.8	0.8	
64.7	-33.7	-82.9	-9.1	
45.1	-9.1	-77.9	-1.7	
62.3	-4.1	-97.6	-21.4	
59.8	3.2	-85.3	-14.0	
50.0	13.1	-58.3	-18.9	
32.8	10.6	-43.5	-11.5	
-41.0	25.4	-48.4	-14.0	
-77.9	32.8	-41.0	-18.9	
-65.6	50.0	-43.5	-18.9	
-21.4	47.5	-43.5	-21.4	
50.0	18.0	-28.7	-16.4	
113.9	15.5	-16.4	10.6	
168.1	-6.6	-18.9	10.6	
173.0	-31.2	-4.1	13.1	
158.2	-21.4	10.6	5.7	
128.7	8.2	32.8	18.0	
30.3	-1.7	45.1	20.5	
-55.8	-18.9	62.3	18.0	
-134.5	-50.9	79.5	18.0	
-181.3	-18.9	96.7	13.1	
-137.0	35.2	106.6	18.0	
-95.2	30.3	121.3	22.9	
-58.3	22.9	131.2	32.8	
-23.8	35.2	155.8	30.3	
0.8	59.8	165.6	8.2	
-11.5	45.1	207.4	10.6	
-11.5	50.0	219.7	15.5	
-33.7	37.7	241.9	15.5	
-46.0	35.2	273.8	-4.1	
-68.1	25.4	281.2	0.8	
-46.0	35.2	288.6	-6.6	
-41.0	30.3	291.1	-1.7	
5.7	15.5	296.0	8.2	
0.8	13.1	281.2	8.2	
0.8	-11.5	305.8	-4.1	
-1.7	-6.6	330.4	-14.0	
10.6	-6.6	350.1	8.2	
10.6	10.6	359.9	-6.6	
15.5	13.1	374.7	3.2	
22.9	22.9	372.2	-1.7	
15.5	13.1	389.5	-14.0	
8.2	5.7	389.5	-16.4	
18.0	-1.7	384.5	-28.7	
50.0	-1.7	401.8	-4.1	
45.1	10.6	409.1	-1.7	
42.6	15.5	379.6	-6.6	
45.1	27.8	364.9	-9.1	
40.1	25.4	352.6	0.8	
62.3	35.2	325.5	8.2	
79.5	32.8	323.0	-1.7	
69.7	22.9	298.4	-14.0	
59.8	25.4	261.5	3.2	
32.8	30.3	232.0	-6.6	
22.9	30.3	212.3	-9.1	
3.2	27.8	200.0	-9.1	
-21.4	13.1	185.3	0.8	
-33.7	8.2	170.5	-4.1	
-38.6	-4.1	148.4	8.2	
-31.2	-4.1	123.8	10.6	
-9.1	0.8	113.9	8.2	
8.2	-1.7	113.9	-9.1	
8.2	3.2	101.6	0.8	
8.2	10.6	77.0	-1.7	
13.1	20.5	67.2	3.2	
0.8	32.8	57.4	-4.1	
-4.1	22.9	64.7	5.7	
-4.1	-1.7	59.8	-1.7	
5.7	-1.7	52.4	5.7	
13.1	5.7	42.6	0.8	
10.6	27.8	25.4	5.7	
25.4	25.4	5.7	5.7	
57.4	57.4	0.8	0.8	
72.1	40.1	-23.8	0.8	
72.1	45.1	-43.5	-6.6	
57.4	32.8	-31.2	-9.1	
37.7	10.6	-48.4	-16.4	
27.8	22.9	-18.9	-18.9	
15.5	64.7	8.2	-26.3	
54.9	35.2	27.8	-28.7	
113.9	30.3	45.1	-26.3	
202.5	-1.7	32.8	-23.8	
244.3	-1.7	18.0	-41.0	
229.6	-18.9	32.8	-53.3	
153.3	8.2	27.8	-58.3	
59.8	22.9	20.5	-53.3	
-11.5	30.3	5.7	-48.4	
-100.1	-1.7	-18.9	-50.9	
-178.8	13.1	-36.1	-70.6	
-223.1	18.0	-55.8	-65.6	
-260.0	32.8	-68.1	-41.0	
-218.2	-31.2	-73.0	-36.1	
-124.7	-14.0	-63.2	-41.0	
-46.0	-68.1	-58.3	-50.9	
-9.1	-63.2	-43.5	-55.8	
13.1	22.9	-53.3	-33.7	
35.2	59.8	-46.0	-50.9	
64.7	106.6	-58.3	-36.1	
40.1	118.9	-58.3	-53.3	
20.5	82.0	-70.6	-28.7	
-4.1	52.4	-70.6	-33.7	
-48.4	47.5	-55.8	-70.6	
-60.7	13.1	-65.6	-60.7	
-68.1	-18.9	-77.9	-55.8	
-53.3	40.1	-82.9	-48.4	
-16.4	37.7	-75.5	-26.3	
27.8	30.3	-80.4	-28.7	
113.9	10.6	-60.7	-48.4	
175.4	-1.7	-58.3	-60.7	
202.5	-18.9	-63.2	-41.0	
177.9	-55.8	-68.1	-38.6	
141.0	-60.7	-82.9	-9.1	
101.6	-68.1	-77.9	-33.7	
116.4	-68.1	-50.9	-31.2	
128.7	-46.0	-48.4	-38.6	
101.6	-11.5	-53.3	-38.6	
57.4	-9.1	-23.8	-38.6	
0.8	13.1	-18.9	-36.1	
-21.4	25.4	-21.4	-41.0	
-9.1	67.2	5.7	-36.1	
-6.6	82.0	47.5	-38.6	
-21.4	77.0	82.0	-38.6	
-26.3	77.0	126.2	-28.7	
-36.1	40.1	150.8	-14.0	
-21.4	3.2	163.1	0.8	
15.5	5.7	195.1	8.2	
35.2	0.8	234.5	0.8	
20.5	-23.8	254.2	8.2	
27.8	-18.9	283.7	18.0	
15.5	-11.5	320.6	35.2	
10.6	22.9	369.8	52.4	
-31.2	52.4	453.4	86.9	
-43.5	62.3	517.4	131.2	
-36.1	5.7	615.8	141.0	
-21.4	-21.4	726.5	165.6	
-36.1	15.5	851.9	195.1	
-46.0	89.3	972.5	251.7	
-53.3	91.8	1036.4	286.1	
-33.7	57.4	1068.4	303.4	
0.8	82.0	1009.4	332.9	
5.7	74.6	911.0	330.4	
27.8	47.5	760.9	332.9	
32.8	25.4	620.7	310.7	
59.8	32.8	473.1	261.5	
82.0	35.2	350.1	300.9	
91.8	27.8	217.3	313.2	
94.3	54.9	126.2	310.7	
69.7	89.3	37.7	303.4	
37.7	79.5	-28.7	300.9	
13.1	64.7	-87.8	291.1	
-14.0	54.9	-146.8	256.6	
-36.1	67.2	-193.6	232.0	
-33.7	72.1	-237.8	200.0	
-33.7	72.1	-264.9	170.5	
5.7	45.1	-279.7	150.8	
18.0	52.4	-299.3	136.1	
22.9	47.5	-323.9	160.7	
22.9	62.3	-328.9	234.5	
25.4	59.8	-311.6	207.4	
18.0	82.0	-314.1	165.6	
-14.0	104.1	-309.2	136.1	
-14.0	86.9	-299.3	123.8	
-31.2	77.0	-292.0	99.2	
-28.7	62.3	-282.1	84.4	
-21.4	50.0	-269.8	77.0	
-6.6	52.4	-279.7	50.0	
5.7	69.7	-296.9	52.4	
10.6	67.2	-282.1	45.1	
15.5	59.8	-267.4	37.7	
57.4	72.1	-267.4	18.0	
57.4	74.6	-252.6	8.2	
104.1	54.9	-240.3	3.2	
136.1	91.8	-237.8	3.2	
165.6	74.6	-228.0	-4.1	
177.9	62.3	-223.1	-6.6	
163.1	57.4	-215.7	-33.7	
143.5	15.5	-225.5	-80.4	
99.2	18.0	-260.0	-151.7	
42.6	40.1	-242.8	-132.1	
-60.7	18.0	-210.8	-112.4	
-169.0	20.5	-198.5	-134.5	
-196.0	67.2	-210.8	-95.2	
-119.8	64.7	-200.9	-82.9	
-55.8	22.9	-225.5	-137.0	
18.0	-6.6	-213.2	-144.4	
18.0	-18.9	-205.9	-139.4	
5.7	-31.2	-191.1	-92.7	
-23.8	-14.0	-191.1	-9.1	
-6.6	42.6	-183.7	-41.0	
10.6	40.1	-188.6	-73.0	
-18.9	62.3	-183.7	-77.9	
-65.6	59.8	-173.9	-82.9	
-63.2	20.5	-151.7	-80.4	
-70.6	27.8	-151.7	-77.9	
-36.1	-9.1	-149.3	-65.6	
3.2	-14.0	-141.9	-68.1	
8.2	-43.5	-146.8	-80.4	
5.7	-31.2	-137.0	-80.4	
8.2	3.2	-144.4	-70.6	
20.5	3.2	-146.8	-70.6	
30.3	25.4	-156.7	-73.0	
22.9	22.9	-137.0	-75.5	
20.5	62.3	-149.3	-80.4	
20.5	96.7	-132.1	-80.4	
67.2	47.5	-149.3	-95.2	
141.0	-55.8	-139.4	-75.5	
180.4	-92.7	-141.9	-77.9	
182.8	-107.5	-127.1	-85.3	
175.4	-46.0	-129.6	-82.9	
175.4	-55.8	-119.8	-90.2	
160.7	-9.1	-117.3	-85.3	
160.7	64.7	-105.0	-87.8	
104.1	182.8	-85.3	-100.1	
22.9	236.9	-53.3	-102.5	
-80.4	200.0	-68.1	-92.7	
-149.3	133.6	-65.6	-87.8	
-171.4	99.2	-63.2	-82.9	
-198.5	52.4	-48.4	-85.3	
-218.2	18.0	-55.8	-92.7	
-166.5	-21.4	-43.5	-77.9	
-95.2	-21.4	-33.7	-85.3	
-43.5	-6.6	-36.1	-77.9	
-16.4	8.2	-33.7	-82.9	
18.0	15.5	-31.2	-95.2	
52.4	54.9	-33.7	-87.8	
69.7	10.6	-53.3	-85.3	
72.1	-41.0	-46.0	-87.8	
45.1	-18.9	-53.3	-92.7	
50.0	13.1	-60.7	-85.3	
47.5	40.1	-73.0	-70.6	
42.6	42.6	-50.9	-97.6	
13.1	64.7	-65.6	-82.9	
-11.5	64.7	-58.3	-95.2	
-43.5	37.7	-77.9	-87.8	
-43.5	40.1	-60.7	-90.2	
-53.3	32.8	-77.9	-87.8	
-38.6	30.3	-70.6	-87.8	
8.2	30.3	-63.2	-80.4	
42.6	5.7	-65.6	-85.3	
62.3	-16.4	-70.6	-82.9	
116.4	10.6	-58.3	-87.8	
109.0	22.9	-73.0	-87.8	
133.6	18.0	-70.6	-82.9	
141.0	15.5	-85.3	-90.2	
133.6	10.6	-80.4	-92.7	
91.8	25.4	-85.3	-77.9	
64.7	37.7	-73.0	-73.0	
47.5	45.1	-63.2	-80.4	
42.6	35.2	-68.1	-87.8	
45.1	-1.7	-58.3	-80.4	
8.2	10.6	-60.7	-82.9	
-18.9	35.2	-55.8	-75.5	
-38.6	37.7	-68.1	-87.8	
-28.7	42.6	-68.1	-82.9	
-9.1	15.5	-55.8	-70.6	
0.8	-18.9	-58.3	-73.0	
3.2	-1.7	-48.4	-75.5	
22.9	0.8	-38.6	-85.3	
5.7	8.2	-60.7	-65.6	
-9.1	5.7	-58.3	-60.7	
-31.2	-9.1	-55.8	-68.1	
-38.6	-21.4	-50.9	-68.1	
-28.7	-33.7	-50.9	-70.6	
-28.7	-16.4	-48.4	-75.5	
-16.4	-6.6	-46.0	-65.6	
-9.1	-4.1	-60.7	-68.1	
3.2	20.5	-46.0	-55.8	
-1.7	13.1	-38.6	-58.3	
8.2	-4.1	-60.7	-80.4	
5.7	-16.4	-58.3	-60.7	
-6.6	-21.4	-55.8	-53.3	
5.7	-28.7	-53.3	-58.3	
-1.7	-23.8	-50.9	-48.4	
5.7	-9.1	-41.0	-68.1	
13.1	20.5	-46.0	-55.8	
27.8	20.5	-36.1	-55.8	
35.2	50.0	-36.1	-43.5	
30.3	30.3	-33.7	-41.0	
22.9	59.8	-50.9	-41.0	
54.9	35.2	-33.7	-33.7	
84.4	25.4	-38.6	-36.1	
86.9	0.8	-43.5	-28.7	
64.7	-31.2	-43.5	-28.7	
42.6	-38.6	-33.7	-23.8	
32.8	-33.7	-46.0	-21.4	
40.1	-70.6	-46.0	-23.8	
30.3	-75.5	-48.4	-16.4	
-4.1	-31.2	-23.8	-16.4	
-55.8	-9.1	-33.7	-11.5	
-87.8	32.8	-41.0	-23.8	
-73.0	47.5	-33.7	-9.1	
-77.9	18.0	-28.7	-11.5	
-55.8	0.8	-38.6	-11.5	
-50.9	27.8	-41.0	-11.5	
-63.2	54.9	-41.0	-4.1	
-65.6	57.4	-43.5	-4.1	
0.8	35.2	-50.9	-11.5	
40.1	35.2	-36.1	-9.1	
64.7	32.8	-48.4	-26.3	
77.0	10.6	-46.0	-41.0	
94.3	13.1	-41.0	-43.5	
82.0	82.0	-43.5	-36.1	
99.2	69.7	-48.4	-23.8	
96.7	89.3	-53.3	-26.3	
74.6	64.7	-60.7	-18.9	
69.7	8.2	-53.3	-14.0	
52.4	-21.4	-60.7	-9.1	
20.5	-9.1	-53.3	-9.1	
13.1	13.1	-58.3	-4.1	
50.0	18.0	-77.9	-6.6	
74.6	-43.5	-80.4	-6.6	
45.1	-100.1	-82.9	-1.7	
32.8	-102.5	-100.1	-6.6	
32.8	-33.7	-112.4	5.7	
30.3	-38.6	-109.9	25.4	
40.1	-31.2	-107.5	25.4	
54.9	13.1	-122.2	30.3	
96.7	30.3	-132.1	32.8	
94.3	37.7	-141.9	30.3	
104.1	22.9	-154.2	35.2	
104.1	40.1	-151.7	30.3	
62.3	5.7	-159.1	37.7	
20.5	-28.7	-191.1	30.3	
-36.1	-1.7	-191.1	30.3	
-80.4	-16.4	-193.6	25.4	
-146.8	0.8	-198.5	25.4	
-188.6	64.7	-210.8	35.2	
-213.2	69.7	-205.9	27.8	
-188.6	32.8	-228.0	25.4	
-100.1	-1.7	-203.4	20.5	
13.1	-14.0	-205.9	25.4	
77.0	27.8	-208.3	35.2	
82.0	62.3	-208.3	35.2	
72.1	50.0	-215.7	40.1	
64.7	35.2	-218.2	40.1	
52.4	59.8	-193.6	37.7	
27.8	67.2	-198.5	42.6	
18.0	54.9	-198.5	32.8	
-6.6	30.3	-178.8	20.5	
-16.4	3.2	-169.0	25.4	
5.7	-11.5	-151.7	30.3	
22.9	-53.3	-134.5	37.7	
25.4	-68.1	-119.8	25.4	
47.5	-73.0	-97.6	30.3	
69.7	-23.8	-90.2	27.8	
89.3	72.1	-109.9	30.3	
72.1	69.7	-102.5	18.0	
69.7	116.4	-73.0	10.6	
35.2	182.8	-31.2	0.8	
20.5	163.1	-43.5	-1.7	
-31.2	126.2	-23.8	-1.7	
-55.8	94.3	-31.2	8.2	
-60.7	77.0	-14.0	-6.6	
-58.3	40.1	-1.7	-6.6	
-48.4	40.1	3.2	-1.7	
-41.0	57.4	27.8	-11.5	
-41.0	86.9	22.9	-9.1	
-14.0	91.8	25.4	-11.5	
-11.5	54.9	40.1	-11.5	
-1.7	22.9	35.2	-11.5	
18.0	-46.0	32.8	-16.4	
30.3	-82.9	42.6	-14.0	
27.8	-100.1	32.8	-18.9	
25.4	-102.5	27.8	-21.4	
30.3	-77.9	20.5	-16.4	
18.0	0.8	-1.7	-21.4	
30.3	-31.2	-53.3	-11.5	
32.8	42.6	-58.3	-31.2	
13.1	89.3	-82.9	-31.2	
25.4	116.4	-97.6	-31.2	
30.3	150.8	-117.3	-26.3	
52.4	131.2	-124.7	-36.1	
62.3	143.5	-129.6	-36.1	
45.1	123.8	-146.8	-33.7	
27.8	52.4	-166.5	-46.0	
30.3	-1.7	-198.5	-33.7	
20.5	-18.9	-196.0	-28.7	
5.7	-18.9	-240.3	-28.7	
-1.7	13.1	-237.8	-33.7	
-16.4	10.6	-255.1	-31.2	
-9.1	-11.5	-262.4	-36.1	
0.8	42.6	-277.2	-28.7	
52.4	101.6	-262.4	-41.0	
47.5	50.0	-264.9	-31.2	
45.1	50.0	-252.6	-26.3	
32.8	3.2	-252.6	-18.9	
35.2	-9.1	-215.7	-33.7	
15.5	-38.6	-198.5	-36.1	
3.2	-112.4	-198.5	-33.7	
-1.7	-60.7	-193.6	-41.0	
-18.9	-1.7	-178.8	-38.6	
-33.7	20.5	-154.2	-38.6	
-50.9	-6.6	-124.7	-26.3	
-53.3	-16.4	-97.6	-41.0	
-41.0	20.5	-70.6	-38.6	
0.8	32.8	-53.3	-48.4	
10.6	27.8	-36.1	-33.7	
27.8	-14.0	-23.8	-46.0	
37.7	-28.7	-26.3	-36.1	
62.3	5.7	-21.4	-31.2	
54.9	84.4	-16.4	-41.0	
32.8	94.3	-11.5	-33.7	
37.7	74.6	-18.9	-38.6	
32.8	77.0	-14.0	-36.1	
25.4	50.0	-21.4	-26.3	
20.5	-9.1	-33.7	-41.0	
10.6	-16.4	-36.1	-38.6	
-4.1	20.5	-36.1	-16.4	
0.8	18.0	-33.7	-23.8	
-1.7	-1.7	-60.7	-18.9	
0.8	-33.7	-65.6	-26.3	
8.2	-36.1	-82.9	-31.2	
13.1	-16.4	-87.8	-26.3	
18.0	-46.0	-95.2	-18.9	
8.2	-102.5	-105.0	-11.5	
-1.7	-193.6	-132.1	-28.7	
-14.0	-164.0	-137.0	-31.2	
8.2	-53.3	-164.0	-11.5	
3.2	-11.5	-173.9	-14.0	
0.8	-26.3	-203.4	-21.4	
-6.6	-9.1	-218.2	-16.4	
20.5	-1.7	-240.3	-11.5	
10.6	32.8	-257.5	-6.6	
-6.6	27.8	-274.7	-16.4	
5.7	18.0	-296.9	3.2	
8.2	25.4	-306.7	-11.5	
20.5	25.4	-311.6	-1.7	
32.8	104.1	-292.0	-1.7	
35.2	131.2	-299.3	-1.7	
50.0	170.5	-287.0	0.8	
50.0	123.8	-272.3	-1.7	
22.9	57.4	-252.6	10.6	
32.8	45.1	-257.5	18.0	
22.9	-21.4	-255.1	-1.7	
18.0	-26.3	-225.5	-14.0	
-6.6	5.7	-213.2	10.6	
-18.9	-23.8	-186.2	5.7	
-28.7	-77.9	-178.8	0.8	
-33.7	-70.6	-154.2	0.8	
-16.4	-31.2	-141.9	5.7	
-11.5	-46.0	-117.3	3.2	
0.8	-38.6	-90.2	20.5	
30.3	-38.6	-82.9	20.5	
50.0	-1.7	-58.3	10.6	
50.0	64.7	-28.7	0.8	
57.4	52.4	-18.9	-1.7	
32.8	20.5	18.0	25.4	
3.2	22.9	42.6	32.8	
-38.6	10.6	52.4	8.2	
-36.1	-41.0	67.2	10.6	
-1.7	-11.5	79.5	22.9	
5.7	-26.3	84.4	20.5	
5.7	-16.4	101.6	22.9	
32.8	-1.7	118.9	18.0	
47.5	35.2	104.1	30.3	
37.7	57.4	121.3	22.9	
32.8	121.3	121.3	30.3	
20.5	133.6	126.2	10.6	
25.4	106.6	126.2	18.0	
47.5	128.7	141.0	5.7	
79.5	74.6	148.4	0.8	
99.2	45.1	138.5	0.8	
106.6	35.2	136.1	10.6	
62.3	72.1	148.4	-4.1	
22.9	91.8	163.1	-4.1	
-9.1	121.3	158.2	-4.1	
-43.5	79.5	153.3	-1.7	
-46.0	13.1	153.3	5.7	
-33.7	-1.7	168.1	8.2	
-41.0	-33.7	173.0	-6.6	
-21.4	-102.5	163.1	-4.1	
-1.7	-164.0	180.4	13.1	
-6.6	-97.6	180.4	8.2	
22.9	-14.0	182.8	5.7	
10.6	8.2	190.2	0.8	
13.1	-18.9	187.7	-11.5	
20.5	3.2	180.4	-11.5	
0.8	77.0	190.2	5.7	
-18.9	116.4	170.5	-16.4	
-48.4	99.2	155.8	-9.1	
-46.0	86.9	165.6	-16.4	
-33.7	94.3	150.8	-6.6	
-36.1	133.6	158.2	-6.6	
-33.7	72.1	153.3	-1.7	
-26.3	59.8	145.9	-1.7	
-23.8	27.8	158.2	0.8	
13.1	15.5	148.4	-6.6	
32.8	72.1	153.3	-9.1	
37.7	123.8	145.9	0.8	
22.9	89.3	153.3	-1.7	
8.2	136.1	131.2	-6.6	
-18.9	91.8	123.8	-9.1	
5.7	-9.1	106.6	-6.6	
40.1	-4.1	101.6	-4.1	
89.3	57.4	111.5	-11.5	
94.3	20.5	109.0	-14.0	
77.0	118.9	101.6	0.8	
96.7	145.9	91.8	8.2	
86.9	118.9	94.3	13.1	
69.7	37.7	91.8	3.2	
30.3	-18.9	91.8	8.2	
25.4	-105.0	94.3	25.4	
22.9	-105.0	84.4	40.1	
18.0	-144.4	89.3	13.1	
27.8	-210.8	59.8	18.0	
20.5	-137.0	57.4	42.6	
30.3	-65.6	69.7	32.8	
13.1	-95.2	74.6	35.2	
3.2	-80.4	74.6	30.3	
-16.4	-105.0	69.7	13.1	
-21.4	-31.2	59.8	30.3	
-26.3	-33.7	57.4	42.6	
-33.7	-31.2	42.6	25.4	
-26.3	15.5	35.2	25.4	
5.7	30.3	40.1	37.7	
-9.1	35.2	25.4	27.8	
-9.1	32.8	15.5	25.4	
-16.4	52.4	20.5	13.1	
-21.4	54.9	5.7	18.0	
-6.6	18.0	-4.1	25.4	
-1.7	-21.4	-9.1	15.5	
-6.6	-55.8	-14.0	0.8	
8.2	-46.0	-11.5	5.7	
-6.6	-53.3	-18.9	3.2	
15.5	-90.2	-21.4	0.8	
13.1	42.6	-18.9	3.2	
13.1	69.7	-38.6	-1.7	
15.5	42.6	-36.1	-1.7	
13.1	91.8	-31.2	-1.7	
-21.4	136.1	-36.1	0.8	
-18.9	175.4	-43.5	0.8	
10.6	131.2	-50.9	-11.5	
35.2	-18.9	-60.7	-4.1	
40.1	-77.9	-55.8	-14.0	
54.9	-18.9	-50.9	-9.1	
59.8	-4.1	-43.5	5.7	
74.6	-14.0	-50.9	15.5	
72.1	-50.9	-46.0	15.5	
59.8	-1.7	-50.9	22.9	
35.2	32.8	-60.7	15.5	
0.8	52.4	-65.6	0.8	
-16.4	25.4	-73.0	18.0	
3.2	42.6	-68.1	27.8	
47.5	45.1	-53.3	42.6	
69.7	32.8	-73.0	37.7	
64.7	69.7	-58.3	40.1	
40.1	64.7	-36.1	45.1	
-1.7	57.4	-33.7	50.0	
-16.4	50.0	-28.7	45.1	
-1.7	57.4	-31.2	32.8	
-6.6	91.8	-28.7	42.6	
0.8	-43.5	-18.9	35.2	
30.3	-16.4	-21.4	32.8	
27.8	45.1	-4.1	18.0	
62.3	57.4	-6.6	30.3	
84.4	45.1	-6.6	37.7	
91.8	67.2	-1.7	42.6	
62.3	72.1	-1.7	37.7	
27.8	18.0	3.2	20.5	
22.9	13.1	5.7	27.8	
-1.7	20.5	13.1	27.8	
-46.0	13.1	20.5	37.7	
-43.5	35.2	18.0	35.2	
-38.6	104.1	37.7	27.8	
-38.6	40.1	37.7	35.2	
-55.8	-132.1	30.3	30.3	
-68.1	-60.7	35.2	35.2	
-58.3	-1.7	45.1	30.3	
-41.0	13.1	52.4	27.8	
-28.7	32.8	45.1	25.4	
-16.4	-18.9	52.4	27.8	
20.5	-100.1	42.6	22.9	
47.5	-166.5	54.9	47.5	
37.7	-87.8	52.4	25.4	
18.0	-33.7	54.9	30.3	
0.8	-38.6	40.1	37.7	
8.2	-38.6	47.5	42.6	
22.9	-23.8	35.2	45.1	
30.3	-26.3	27.8	32.8	
18.0	-33.7	42.6	25.4	
40.1	-4.1	42.6	13.1	
57.4	32.8	45.1	37.7	
50.0	74.6	42.6	32.8	
45.1	69.7	42.6	5.7	
35.2	86.9	50.0	10.6	
18.0	77.0	35.2	20.5	
13.1	69.7	30.3	13.1	
3.2	104.1	15.5	-11.5	
-6.6	133.6	18.0	-9.1	
-11.5	158.2	15.5	-4.1	
-16.4	153.3	5.7	-4.1	
-9.1	82.0	-1.7	-1.7	
-11.5	-18.9	5.7	8.2	
-16.4	-14.0	3.2	0.8	
0.8	35.2	-4.1	18.0	
3.2	30.3	0.8	35.2	
13.1	18.0	-14.0	50.0	
22.9	25.4	-1.7	40.1	
57.4	42.6	0.8	40.1	
54.9	45.1	0.8	42.6	
37.7	67.2	5.7	40.1	
45.1	136.1	0.8	54.9	
37.7	195.1	10.6	47.5	
25.4	200.0	8.2	45.1	
32.8	180.4	10.6	52.4	
42.6	91.8	15.5	52.4	
45.1	8.2	25.4	54.9	
54.9	47.5	25.4	47.5	
89.3	74.6	32.8	50.0	
91.8	-6.6	30.3	54.9	
59.8	-18.9	37.7	57.4	
18.0	-1.7	25.4	62.3	
-1.7	10.6	25.4	47.5	
-43.5	18.0	22.9	37.7	
-75.5	18.0	13.1	35.2	
-100.1	10.6	-1.7	18.0	
-82.9	27.8	-21.4	30.3	
-43.5	57.4	-46.0	32.8	
15.5	40.1	-50.9	37.7	
77.0	77.0	-55.8	-9.1	
109.0	109.0	-58.3	-63.2	
101.6	116.4	-46.0	-60.7	
52.4	123.8	-41.0	-63.2	
15.5	77.0	-26.3	-82.9	
-9.1	77.0	3.2	-77.9	
-18.9	96.7	32.8	-112.4	
-31.2	96.7	79.5	-134.5	
-6.6	47.5	94.3	-144.4	
-1.7	82.0	111.5	-134.5	
-11.5	113.9	145.9	-127.1	
-1.7	138.5	136.1	-151.7	
3.2	126.2	143.5	-134.5	
13.1	54.9	143.5	-146.8	
10.6	-11.5	143.5	-146.8	
-4.1	-9.1	155.8	-149.3	
-21.4	-6.6	160.7	-151.7	
-16.4	-11.5	155.8	-146.8	
-14.0	0.8	158.2	-139.4	
-16.4	82.0	150.8	-124.7	
0.8	22.9	168.1	-129.6	
10.6	0.8	163.1	-112.4	
45.1	10.6	168.1	-107.5	
59.8	-28.7	163.1	-109.9	
54.9	-85.3	155.8	-87.8	
35.2	-68.1	143.5	-82.9	
15.5	-58.3	143.5	-75.5	
40.1	13.1	145.9	-68.1	
45.1	47.5	153.3	-58.3	
91.8	47.5	150.8	-55.8	
111.5	52.4	145.9	-38.6	
113.9	54.9	143.5	-31.2	
111.5	45.1	148.4	-14.0	
89.3	54.9	153.3	-4.1	
57.4	54.9	143.5	8.2	
20.5	57.4	143.5	8.2	
-28.7	64.7	133.6	20.5	
-55.8	72.1	138.5	22.9	
-65.6	74.6	136.1	32.8	
-73.0	77.0	131.2	35.2	
-55.8	77.0	118.9	42.6	
-46.0	64.7	118.9	35.2	
-36.1	57.4	109.0	42.6	
-33.7	64.7	99.2	37.7	
-41.0	72.1	91.8	30.3	
-46.0	69.7	79.5	25.4	
-33.7	54.9	74.6	3.2	
-26.3	82.0	59.8	3.2	
-48.4	72.1	42.6	5.7	
-18.9	45.1	47.5	-1.7	
8.2	77.0	57.4	-9.1	
8.2	84.4	50.0	-38.6	
0.8	84.4	42.6	-14.0	
-4.1	62.3	37.7	8.2	
13.1	89.3	30.3	-16.4	
3.2	131.2	25.4	-21.4	
3.2	136.1	30.3	-9.1	
0.8	101.6	15.5	-21.4	
-1.7	-6.6	13.1	-4.1	
-6.6	-75.5	15.5	-9.1	
3.2	-68.1	0.8	-9.1	
5.7	-38.6	8.2	-23.8	
30.3	37.7	5.7	3.2	
40.1	138.5	-1.7	-1.7	
64.7	126.2	-9.1	5.7	
106.6	45.1	-4.1	0.8	
77.0	54.9	0.8	-4.1	
62.3	59.8	5.7	-11.5	
62.3	64.7	-1.7	-9.1	
62.3	67.2	-6.6	-14.0	
50.0	32.8	15.5	-9.1	
22.9	0.8	5.7	-4.1	
30.3	5.7	0.8	0.8	
-1.7	37.7	3.2	-9.1	
-28.7	62.3	3.2	-11.5	
-38.6	67.2	-11.5	5.7	
-63.2	52.4	3.2	10.6	
-46.0	50.0	-6.6	-4.1	
-31.2	50.0	-6.6	18.0	
-11.5	30.3	-4.1	27.8	
45.1	13.1	-9.1	25.4	
59.8	13.1	-14.0	25.4	
52.4	18.0	-26.3	27.8	
42.6	-18.9	5.7	30.3	
32.8	32.8	-16.4	35.2	
32.8	59.8	-23.8	45.1	
35.2	77.0	-9.1	42.6	
52.4	116.4	-9.1	64.7	
50.0	185.3	-11.5	59.8	
45.1	195.1	-14.0	47.5	
45.1	168.1	-4.1	45.1	
40.1	173.0	-4.1	54.9	
20.5	121.3	-1.7	64.7	
40.1	64.7	3.2	69.7	
104.1	40.1	3.2	74.6	
153.3	52.4	15.5	59.8	
148.4	50.0	5.7	64.7	
150.8	62.3	15.5	69.7	
111.5	69.7	15.5	67.2	
59.8	67.2	18.0	45.1	
-1.7	72.1	15.5	45.1	
-77.9	59.8	5.7	64.7	
-129.6	67.2	0.8	69.7	
-159.1	67.2	3.2	67.2	
-151.7	72.1	-6.6	40.1	
-109.9	62.3	-6.6	15.5	
-65.6	45.1	-1.7	45.1	
-23.8	32.8	5.7	42.6	
-38.6	52.4	18.0	40.1	
-18.9	69.7	8.2	32.8	
0.8	57.4	18.0	18.0	
18.0	64.7	15.5	30.3	
20.5	47.5	15.5	52.4	
57.4	37.7	27.8	8.2	
67.2	50.0	18.0	-4.1	
64.7	45.1	40.1	10.6	
37.7	37.7	20.5	20.5	
30.3	42.6	27.8	3.2	
27.8	67.2	35.2	-11.5	
52.4	59.8	37.7	-23.8	
79.5	57.4	37.7	-11.5	
79.5	52.4	45.1	-11.5	
59.8	59.8	30.3	-11.5	
27.8	50.0	30.3	-4.1	
27.8	64.7	37.7	-4.1	
-1.7	42.6	25.4	-28.7	
-11.5	-41.0	45.1	-21.4	
-16.4	-48.4	37.7	-23.8	
-50.9	-6.6	37.7	-11.5	
-75.5	13.1	40.1	-18.9	
-43.5	13.1	35.2	-21.4	
-33.7	32.8	30.3	-11.5	
-4.1	25.4	50.0	-21.4	
-1.7	10.6	47.5	-31.2	
22.9	-21.4	42.6	-23.8	
8.2	-38.6	50.0	-16.4	
-9.1	-48.4	45.1	-33.7	
-23.8	-38.6	59.8	-6.6	
-21.4	-28.7	54.9	-31.2	
-38.6	-4.1	50.0	-28.7	
-21.4	10.6	52.4	-18.9	
-6.6	8.2	52.4	-28.7	
5.7	50.0	54.9	-14.0	
27.8	52.4	45.1	-46.0	
54.9	50.0	47.5	-28.7	
59.8	57.4	52.4	-23.8	
50.0	52.4	62.3	-26.3	
42.6	52.4	42.6	-16.4	
27.8	35.2	45.1	-53.3	
27.8	30.3	45.1	-53.3	
20.5	30.3	45.1	-50.9	
22.9	37.7	35.2	-31.2	
22.9	40.1	47.5	-50.9	
25.4	32.8	40.1	-70.6	
15.5	37.7	50.0	-60.7	
22.9	45.1	42.6	-60.7	
27.8	35.2	37.7	-58.3	
35.2	35.2	32.8	-50.9	
30.3	27.8	35.2	-41.0	
37.7	30.3	37.7	-46.0	
30.3	35.2	42.6	-31.2	
30.3	35.2	30.3	-36.1	
22.9	35.2	27.8	-31.2	
8.2	22.9	20.5	-41.0	
-1.7	40.1	22.9	-43.5	
-11.5	30.3	40.1	-38.6	
-11.5	15.5	27.8	-16.4	
-16.4	35.2	18.0	-21.4	
-21.4	27.8	13.1	-31.2	
-1.7	30.3	13.1	-18.9	
15.5	30.3	20.5	-18.9	
72.1	47.5	18.0	-21.4	
106.6	35.2	25.4	-16.4	
99.2	32.8	22.9	-26.3	
113.9	32.8	22.9	-18.9	
121.3	50.0	22.9	3.2	
113.9	50.0	15.5	-6.6	
89.3	30.3	20.5	-23.8	
57.4	32.8	22.9	-21.4	
22.9	27.8	27.8	-31.2	
-9.1	40.1	22.9	0.8	
-16.4	22.9	25.4	-14.0	
3.2	32.8	25.4	32.8	
15.5	22.9	32.8	27.8	
22.9	27.8	22.9	-9.1	
-14.0	25.4	25.4	-23.8	
-21.4	22.9	20.5	0.8	
-31.2	27.8	27.8	-4.1	
-55.8	35.2	15.5	-6.6	
-60.7	32.8	18.0	8.2	
-43.5	42.6	22.9	-6.6	
-63.2	32.8	15.5	-9.1	
-80.4	30.3	20.5	-9.1	
-68.1	35.2	15.5	-1.7	
-38.6	37.7	18.0	3.2	
3.2	37.7	15.5	-1.7	
37.7	32.8	18.0	-14.0	
69.7	32.8	22.9	-6.6	
72.1	47.5	20.5	-11.5	
77.0	45.1	22.9	3.2	
52.4	42.6	0.8	-6.6	
47.5	45.1	8.2	-9.1	
50.0	45.1	8.2	-11.5	
40.1	37.7	10.6	-6.6	
22.9	45.1	0.8	8.2	
-9.1	35.2	10.6	-23.8	
-41.0	45.1	0.8	-23.8	
-50.9	42.6	8.2	-14.0	
-26.3	32.8	-14.0	-16.4	
-38.6	37.7	-4.1	-9.1	
-58.3	27.8	0.8	-9.1	
-43.5	30.3	-6.6	-14.0	
-31.2	32.8	5.7	-21.4	
-1.7	20.5	-1.7	-21.4	
-9.1	22.9	-4.1	-14.0	
-23.8	27.8	-1.7	-14.0	
-28.7	32.8	-9.1	-1.7	
-26.3	22.9	0.8	-1.7	
-31.2	20.5	13.1	0.8	
-23.8	25.4	8.2	0.8	
-18.9	35.2	5.7	0.8	
-23.8	27.8	13.1	-23.8	
-18.9	42.6	18.0	-9.1	
0.8	22.9	13.1	0.8	
25.4	32.8	22.9	-18.9	
35.2	37.7	5.7	8.2	
35.2	42.6	0.8	22.9	
45.1	35.2	-4.1	15.5	
30.3	42.6	-9.1	15.5	
25.4	45.1	-14.0	3.2	
27.8	25.4	-18.9	-16.4	
59.8	30.3	-14.0	-31.2	
47.5	42.6	-26.3	-11.5	
32.8	30.3	-28.7	3.2	
15.5	30.3	-21.4	3.2	
42.6	42.6	-21.4	22.9	
79.5	32.8	-16.4	8.2	
99.2	32.8	-11.5	-9.1	
111.5	30.3	-1.7	10.6	
96.7	32.8	-11.5	5.7	
45.1	27.8	-9.1	10.6	
27.8	40.1	-6.6	-4.1	
13.1	42.6	-1.7	3.2	
-31.2	37.7	-1.7	-6.6	
-50.9	40.1	8.2	-1.7	
-16.4	52.4	-1.7	18.0	
3.2	42.6	5.7	20.5	
15.5	35.2	-1.7	0.8	
62.3	47.5	8.2	0.8	
67.2	50.0	5.7	13.1	
64.7	32.8	13.1	3.2	
52.4	45.1	22.9	-9.1	
42.6	52.4	5.7	-6.6	
35.2	59.8	-6.6	0.8	
50.0	67.2	-9.1	-1.7	
89.3	74.6	-4.1	-4.1	
84.4	72.1	-18.9	-1.7	
84.4	77.0	-11.5	13.1	
40.1	69.7	-4.1	-14.0	
-4.1	62.3	-14.0	0.8	
-14.0	67.2	-11.5	8.2	
-9.1	37.7	-11.5	-28.7	
-16.4	42.6	-11.5	-26.3	
-68.1	50.0	-18.9	-1.7	
-105.0	62.3	-11.5	-21.4	
-109.9	50.0	-18.9	-55.8	
-90.2	62.3	-1.7	-33.7	
-63.2	42.6	-14.0	84.4	
-53.3	59.8	-16.4	59.8	
-53.3	47.5	-21.4	-11.5	
-63.2	47.5	-14.0	-26.3	
-46.0	54.9	3.2	-31.2	
3.2	67.2	-6.6	-28.7	
37.7	62.3	3.2	-18.9	
52.4	59.8	0.8	99.2	
74.6	57.4	8.2	96.7	
67.2	67.2	13.1	32.8	
74.6	62.3	22.9	35.2	
77.0	54.9	20.5	-43.5	
74.6	52.4	35.2	-92.7	
141.0	40.1	27.8	-31.2	
150.8	62.3	35.2	-55.8	
138.5	77.0	40.1	-38.6	
106.6	69.7	47.5	72.1	
62.3	62.3	45.1	57.4	
-11.5	74.6	54.9	13.1	
-68.1	67.2	40.1	126.2	
-129.6	57.4	45.1	101.6	
-144.4	64.7	40.1	35.2	
-137.0	82.0	27.8	-9.1	
-119.8	72.1	20.5	-31.2	
-122.2	67.2	18.0	-6.6	
-102.5	50.0	5.7	47.5	
-80.4	62.3	-6.6	109.0	
-14.0	59.8	-28.7	50.0	
50.0	77.0	-31.2	0.8	
104.1	77.0	-46.0	-9.1	
104.1	77.0	-53.3	-26.3	
106.6	59.8	-50.9	59.8	
96.7	69.7	-65.6	82.0	
77.0	86.9	-73.0	25.4	
57.4	96.7	-87.8	-4.1	
25.4	84.4	-92.7	-26.3	
8.2	77.0	-90.2	-31.2	
-16.4	52.4	-105.0	-33.7	
-16.4	18.0	-105.0	-48.4	
-16.4	30.3	-129.6	-21.4	
10.6	35.2	-119.8	54.9	
-4.1	22.9	-129.6	74.6	
10.6	27.8	-132.1	30.3	
32.8	59.8	-127.1	-1.7	
59.8	50.0	-114.8	3.2	
74.6	54.9	-129.6	-1.7	
57.4	52.4	-117.3	-1.7	
35.2	62.3	-112.4	-11.5	
5.7	72.1	-117.3	5.7	
-14.0	62.3	-107.5	15.5	
-21.4	67.2	-105.0	-14.0	
-16.4	82.0	-102.5	-6.6	
-38.6	91.8	-100.1	8.2	
-48.4	94.3	-105.0	3.2	
-70.6	101.6	-92.7	-41.0	
-63.2	113.9	-92.7	-63.2	
-43.5	106.6	-75.5	-82.9	
-26.3	111.5	-80.4	-43.5	
20.5	106.6	-70.6	-28.7	
40.1	91.8	-60.7	-6.6	
79.5	86.9	-60.7	-16.4	
99.2	89.3	-63.2	-46.0	
96.7	104.1	-50.9	-38.6	
77.0	96.7	-58.3	-6.6	
54.9	94.3	-46.0	-14.0	
22.9	99.2	-50.9	5.7	
3.2	99.2	-46.0	-11.5	
-9.1	101.6	-41.0	-14.0	
-26.3	109.0	-38.6	-1.7	
-43.5	99.2	-33.7	-36.1	
-48.4	99.2	-31.2	-50.9	
-21.4	101.6	-11.5	-73.0	
-14.0	101.6	-9.1	-53.3	
-9.1	91.8	-18.9	-53.3	
0.8	94.3	-9.1	-63.2	
15.5	86.9	-11.5	27.8	
35.2	106.6	-14.0	45.1	
54.9	96.7	-16.4	30.3	
109.0	86.9	-9.1	13.1	
155.8	94.3	-16.4	20.5	
118.9	86.9	-6.6	10.6	
96.7	79.5	-4.1	-4.1	
82.0	84.4	-1.7	13.1	
45.1	77.0	3.2	-16.4	
47.5	86.9	3.2	-4.1	
32.8	84.4	3.2	-28.7	
-11.5	96.7	5.7	-16.4	
-58.3	86.9	3.2	-4.1	
-70.6	82.0	13.1	-4.1	
-46.0	79.5	18.0	13.1	
-23.8	86.9	22.9	8.2	
-36.1	86.9	27.8	-1.7	
-50.9	84.4	20.5	-11.5	
-43.5	69.7	45.1	-4.1	
-23.8	69.7	27.8	-21.4	
37.7	67.2	42.6	-36.1	
57.4	72.1	37.7	-97.6	
57.4	64.7	40.1	-161.6	
32.8	64.7	52.4	-183.7	
35.2	72.1	45.1	-141.9	
57.4	67.2	45.1	-124.7	
69.7	54.9	52.4	-33.7	
59.8	57.4	54.9	185.3	
52.4	54.9	54.9	261.5	
18.0	50.0	52.4	86.9	
22.9	57.4	47.5	25.4	
25.4	50.0	47.5	10.6	
30.3	42.6	57.4	-16.4	
-9.1	42.6	64.7	8.2	
-77.9	52.4	62.3	8.2	
-129.6	45.1	57.4	0.8	
-134.5	37.7	67.2	-38.6	
-100.1	52.4	50.0	-43.5	
-82.9	47.5	59.8	20.5	
-68.1	47.5	62.3	86.9	
-46.0	40.1	54.9	50.0	
-31.2	40.1	57.4	195.1	
72.1	32.8	62.3	143.5	
219.7	35.2	52.4	-33.7	
281.2	30.3	54.9	-70.6	
273.8	20.5	62.3	-9.1	
205.0	25.4	57.4	25.4	
143.5	25.4	47.5	15.5	
113.9	25.4	50.0	0.8	
111.5	20.5	52.4	-18.9	
79.5	27.8	57.4	-38.6	
-26.3	5.7	62.3	-95.2	
-188.6	15.5	52.4	-154.2	
-257.5	18.0	57.4	-159.1	
-247.7	15.5	57.4	-178.8	
-198.5	20.5	59.8	-171.4	
-151.7	25.4	67.2	-36.1	
-176.3	15.5	59.8	254.2	
-171.4	10.6	47.5	357.5	
-134.5	18.0	45.1	276.3	
-80.4	13.1	47.5	180.4	
-16.4	18.0	52.4	42.6	
20.5	3.2	50.0	-41.0	
52.4	5.7	27.8	-41.0	
59.8	8.2	42.6	-146.8	
47.5	15.5	30.3	-107.5	
40.1	15.5	37.7	-75.5	
35.2	18.0	32.8	-43.5	
59.8	20.5	27.8	-18.9	
96.7	15.5	37.7	0.8	
101.6	30.3	32.8	133.6	
86.9	22.9	45.1	86.9	
101.6	40.1	37.7	40.1	
153.3	25.4	37.7	30.3	
219.7	30.3	27.8	13.1	
229.6	20.5	27.8	-11.5	
205.0	8.2	8.2	-4.1	
145.9	10.6	5.7	3.2	
104.1	5.7	0.8	-6.6	
59.8	8.2	-16.4	-4.1	
15.5	5.7	-23.8	-11.5	
-41.0	8.2	-43.5	-18.9	
-112.4	3.2	-43.5	-9.1	
-186.2	10.6	-58.3	0.8	
-235.4	15.5	-43.5	-6.6	
-210.8	13.1	-70.6	-21.4	
-164.0	20.5	-55.8	-21.4	
-109.9	25.4	-38.6	-55.8	
-73.0	32.8	-31.2	-21.4	
-48.4	8.2	-21.4	22.9	
-6.6	10.6	-18.9	18.0	
30.3	0.8	-1.7	-65.6	
50.0	10.6	18.0	-36.1	
64.7	5.7	32.8	0.8	
54.9	13.1	45.1	27.8	
64.7	15.5	40.1	22.9	
52.4	8.2	37.7	-48.4	
40.1	8.2	32.8	-26.3	
10.6	0.8	37.7	15.5	
-16.4	-1.7	37.7	-4.1	
10.6	-1.7	35.2	-11.5	
57.4	5.7	37.7	0.8	
91.8	0.8	47.5	8.2	
99.2	5.7	37.7	27.8	
82.0	15.5	35.2	10.6	
82.0	15.5	37.7	-11.5	
77.0	8.2	30.3	15.5	
74.6	0.8	25.4	3.2	
54.9	10.6	32.8	8.2	
10.6	3.2	27.8	-26.3	
30.3	-6.6	30.3	-16.4	
96.7	3.2	22.9	10.6	
109.0	3.2	8.2	-1.7	
74.6	3.2	3.2	0.8	
18.0	0.8	3.2	27.8	
13.1	8.2	8.2	27.8	
18.0	8.2	3.2	20.5	
3.2	-11.5	-9.1	-1.7	
-46.0	-1.7	0.8	-33.7	
-82.9	-4.1	-9.1	8.2	
-109.9	5.7	-11.5	-21.4	
-97.6	0.8	-21.4	5.7	
-124.7	-9.1	-21.4	13.1	
-119.8	8.2	-23.8	0.8	
-117.3	13.1	-23.8	-11.5	
-95.2	-1.7	-38.6	8.2	
-70.6	5.7	-46.0	0.8	
-9.1	3.2	-53.3	3.2	
35.2	13.1	-46.0	22.9	
59.8	13.1	-53.3	15.5	
79.5	8.2	-46.0	15.5	
77.0	8.2	-50.9	32.8	
69.7	3.2	-50.9	3.2	
47.5	22.9	-65.6	-23.8	
25.4	13.1	-60.7	-16.4	
22.9	15.5	-58.3	8.2	
-23.8	8.2	-58.3	15.5	
-50.9	5.7	-55.8	32.8	
-21.4	13.1	-46.0	37.7	
10.6	13.1	-43.5	-1.7	
25.4	18.0	-48.4	-38.6	
57.4	5.7	-43.5	-11.5	
79.5	3.2	-50.9	18.0	
94.3	3.2	-48.4	-4.1	
89.3	-1.7	-41.0	5.7	
79.5	-1.7	-33.7	-18.9	
45.1	5.7	-23.8	-41.0	
42.6	8.2	-28.7	32.8	
77.0	13.1	-36.1	47.5	
79.5	13.1	-26.3	3.2	
64.7	18.0	-26.3	-16.4	
54.9	10.6	-18.9	-28.7	
57.4	3.2	-14.0	5.7	
72.1	-1.7	-14.0	5.7	
54.9	13.1	-4.1	10.6	
37.7	5.7	-6.6	-1.7	
3.2	0.8	-1.7	20.5	
-50.9	-11.5	-6.6	27.8	
-100.1	-4.1	3.2	37.7	
-124.7	3.2	5.7	-11.5	
-132.1	-1.7	5.7	3.2	
-97.6	8.2	15.5	-1.7	
-53.3	13.1	13.1	0.8	
-28.7	18.0	13.1	15.5	
-14.0	10.6	27.8	32.8	
0.8	15.5	30.3	27.8	
-1.7	20.5	22.9	-1.7	
20.5	18.0	35.2	-6.6	
62.3	5.7	30.3	-6.6	
79.5	0.8	40.1	-87.8	
77.0	15.5	27.8	-85.3	
64.7	15.5	35.2	-50.9	
50.0	13.1	42.6	-36.1	
52.4	-1.7	35.2	47.5	
54.9	-6.6	40.1	94.3	
54.9	5.7	37.7	54.9	
18.0	0.8	37.7	42.6	
8.2	3.2	30.3	37.7	
-18.9	8.2	35.2	30.3	
-6.6	8.2	37.7	27.8	
62.3	8.2	32.8	5.7	
141.0	8.2	35.2	-9.1	
180.4	10.6	40.1	-9.1	
141.0	8.2	35.2	5.7	
94.3	0.8	35.2	15.5	
47.5	3.2	27.8	35.2	
3.2	5.7	35.2	35.2	
-55.8	0.8	32.8	40.1	
-92.7	15.5	25.4	25.4	
-159.1	20.5	27.8	18.0	
-220.6	37.7	32.8	27.8	
-191.1	32.8	27.8	18.0	
-144.4	37.7	32.8	18.0	
-107.5	25.4	32.8	30.3	
-70.6	27.8	22.9	22.9	
-41.0	27.8	32.8	-36.1	
5.7	22.9	27.8	-46.0	
20.5	27.8	25.4	-50.9	
20.5	25.4	18.0	84.4	
52.4	30.3	27.8	67.2	
54.9	22.9	15.5	47.5	
59.8	27.8	13.1	18.0	
50.0	27.8	15.5	30.3	
40.1	30.3	27.8	35.2	
32.8	27.8	10.6	27.8	
54.9	22.9	10.6	30.3	
79.5	42.6	15.5	27.8	
121.3	25.4	10.6	22.9	
133.6	32.8	0.8	25.4	
116.4	20.5	10.6	37.7	
47.5	20.5	5.7	27.8	
-1.7	32.8	-1.7	40.1	
-31.2	27.8	-1.7	45.1	
-70.6	30.3	5.7	42.6	
-90.2	13.1	-6.6	5.7	
-73.0	22.9	8.2	-1.7	
-33.7	22.9	13.1	20.5	
-11.5	10.6	15.5	30.3	
8.2	13.1	13.1	15.5	
45.1	13.1	20.5	25.4	
72.1	22.9	5.7	45.1	
47.5	20.5	5.7	18.0	
40.1	25.4	8.2	22.9	
42.6	13.1	3.2	35.2	
20.5	27.8	0.8	52.4	
30.3	20.5	5.7	25.4	
27.8	20.5	0.8	32.8	
50.0	20.5	5.7	15.5	
54.9	32.8	-4.1	5.7	
45.1	35.2	10.6	-4.1	
13.1	37.7	-1.7	0.8	
27.8	40.1	0.8	35.2	
35.2	45.1	5.7	30.3	
37.7	32.8	15.5	32.8	
18.0	35.2	10.6	45.1	
-11.5	40.1	13.1	20.5	
-18.9	35.2	22.9	5.7	
-6.6	35.2	25.4	15.5	
50.0	27.8	18.0	32.8	
84.4	40.1	30.3	42.6	
104.1	30.3	25.4	40.1	
141.0	27.8	22.9	30.3	
143.5	32.8	20.5	18.0	
128.7	35.2	25.4	40.1	
123.8	35.2	25.4	52.4	
79.5	27.8	18.0	42.6	
27.8	35.2	0.8	0.8	
8.2	22.9	8.2	22.9	
-31.2	22.9	20.5	18.0	
-73.0	10.6	15.5	5.7	
-100.1	5.7	10.6	3.2	
-107.5	-9.1	3.2	15.5	
-127.1	-18.9	13.1	30.3	
-97.6	-23.8	18.0	45.1	
-58.3	-38.6	22.9	18.0	
15.5	-31.2	22.9	3.2	
52.4	-26.3	32.8	18.0	
54.9	-33.7	27.8	42.6	
45.1	-33.7	32.8	59.8	
32.8	-38.6	32.8	32.8	
30.3	-28.7	40.1	8.2	
47.5	-33.7	37.7	15.5	
54.9	-14.0	32.8	45.1	
10.6	-23.8	25.4	45.1	
-31.2	-11.5	27.8	0.8	
-43.5	-14.0	35.2	-1.7	
-11.5	-21.4	18.0	20.5	
-6.6	-14.0	25.4	32.8	
-28.7	-6.6	32.8	42.6	
-48.4	5.7	30.3	18.0	
-60.7	-1.7	25.4	0.8	
-60.7	5.7	32.8	10.6	
-38.6	5.7	30.3	42.6	
-31.2	0.8	30.3	35.2	
-28.7	8.2	40.1	18.0	
-33.7	18.0	35.2	3.2	
-4.1	20.5	35.2	10.6	
5.7	30.3	35.2	-14.0	
10.6	15.5	47.5	-1.7	
8.2	25.4	32.8	32.8	
5.7	25.4	25.4	54.9	
20.5	25.4	40.1	47.5	
45.1	8.2	42.6	27.8	
47.5	10.6	35.2	32.8	
47.5	13.1	40.1	25.4	
32.8	13.1	40.1	47.5	
20.5	15.5	35.2	27.8	
18.0	13.1	40.1	32.8	
-1.7	8.2	32.8	42.6	
-1.7	15.5	30.3	-21.4	
-16.4	22.9	35.2	-23.8	
-14.0	32.8	27.8	22.9	
-9.1	27.8	32.8	22.9	
-4.1	25.4	25.4	-11.5	
0.8	30.3	40.1	8.2	
3.2	25.4	37.7	18.0	
22.9	35.2	45.1	45.1	
30.3	18.0	32.8	22.9	
25.4	35.2	30.3	0.8	
52.4	22.9	30.3	5.7	
82.0	18.0	27.8	32.8	
121.3	30.3	20.5	25.4	
113.9	3.2	32.8	32.8	
104.1	10.6	15.5	35.2	
109.0	3.2	18.0	18.0	
89.3	5.7	32.8	-6.6	
50.0	10.6	30.3	0.8	
18.0	8.2	27.8	0.8	
13.1	5.7	30.3	10.6	
-4.1	22.9	27.8	25.4	
-6.6	13.1	27.8	62.3	
-9.1	15.5	30.3	84.4	
-11.5	8.2	37.7	50.0	
-14.0	5.7	40.1	50.0	
-28.7	-4.1	32.8	30.3	
-55.8	5.7	35.2	32.8	
-73.0	3.2	35.2	22.9	
-92.7	0.8	40.1	25.4	
-92.7	-1.7	37.7	42.6	
-53.3	5.7	47.5	30.3	
-14.0	-4.1	35.2	18.0	
27.8	8.2	40.1	32.8	
54.9	-1.7	45.1	32.8	
35.2	0.8	42.6	30.3	
20.5	0.8	64.7	35.2	
-1.7	8.2	47.5	45.1	
5.7	-4.1	40.1	54.9	
3.2	3.2	42.6	20.5	
-9.1	10.6	54.9	0.8	
-14.0	5.7	45.1	27.8	
-16.4	-4.1	35.2	22.9	
-1.7	5.7	40.1	50.0	
25.4	20.5	42.6	35.2	
84.4	18.0	30.3	5.7	
101.6	25.4	40.1	-9.1	
84.4	8.2	42.6	-9.1	
35.2	13.1	47.5	30.3	
18.0	13.1	37.7	27.8	
37.7	15.5	25.4	30.3	
18.0	20.5	35.2	42.6	
13.1	22.9	37.7	25.4	
-31.2	18.0	32.8	25.4	
-38.6	18.0	18.0	18.0	
-31.2	20.5	30.3	27.8	
-1.7	25.4	35.2	37.7	
25.4	30.3	30.3	18.0	
50.0	25.4	30.3	20.5	
22.9	30.3	30.3	35.2	
5.7	25.4	27.8	0.8	
-31.2	22.9	20.5	-4.1	
-23.8	22.9	27.8	18.0	
-60.7	15.5	18.0	3.2	
-28.7	13.1	25.4	-1.7	
-14.0	13.1	20.5	27.8	
-31.2	5.7	13.1	22.9	
-36.1	13.1	15.5	-1.7	
-16.4	20.5	20.5	-4.1	
3.2	25.4	8.2	22.9	
18.0	25.4	3.2	22.9	
25.4	20.5	3.2	25.4	
25.4	25.4	5.7	22.9	
13.1	27.8	3.2	15.5	
-14.0	32.8	5.7	10.6	
-1.7	35.2	3.2	8.2	
-1.7	47.5	-6.6	15.5	
8.2	35.2	-1.7	30.3	
25.4	32.8	-6.6	13.1	
54.9	59.8	-6.6	15.5	
57.4	67.2	3.2	5.7	
64.7	74.6	3.2	3.2	
74.6	113.9	-11.5	8.2	
72.1	145.9	5.7	20.5	
82.0	170.5	-1.7	20.5	
52.4	202.5	0.8	22.9	
30.3	227.1	-6.6	25.4	
-1.7	244.3	-9.1	25.4	
-26.3	246.8	-4.1	18.0	
-23.8	254.2	-16.4	5.7	
-6.6	259.1	-18.9	27.8	
13.1	241.9	-9.1	35.2	
15.5	227.1	-18.9	8.2	
18.0	232.0	-23.8	-4.1	
54.9	217.3	-26.3	-4.1	
57.4	200.0	-23.8	27.8	
32.8	200.0	-18.9	37.7	
30.3	185.3	-31.2	30.3	
37.7	173.0	-26.3	30.3	
3.2	155.8	-26.3	27.8	
-16.4	155.8	-38.6	20.5	
-21.4	141.0	-26.3	32.8	
-28.7	141.0	-41.0	37.7	
-11.5	138.5	-33.7	42.6	
5.7	123.8	-33.7	42.6	
13.1	111.5	-41.0	30.3	
20.5	106.6	-28.7	42.6	
30.3	104.1	-28.7	27.8	
10.6	101.6	-16.4	18.0	
22.9	96.7	-23.8	30.3	
32.8	86.9	-16.4	30.3	
35.2	84.4	-1.7	25.4	
8.2	94.3	-11.5	35.2	
-6.6	89.3	-4.1	32.8	
-6.6	86.9	-4.1	27.8	
-11.5	79.5	-9.1	25.4	
-16.4	89.3	-14.0	27.8	
-18.9	79.5	-9.1	25.4	
-23.8	72.1	-14.0	25.4	
-4.1	64.7	-23.8	20.5	
-1.7	69.7	-16.4	15.5	
15.5	69.7	-14.0	25.4	
54.9	64.7	-9.1	32.8	
106.6	62.3	-1.7	13.1	
143.5	59.8	-6.6	8.2	
175.4	57.4	18.0	30.3	
190.2	74.6	18.0	32.8	
136.1	59.8	10.6	35.2	
62.3	62.3	8.2	25.4	
-38.6	57.4	13.1	22.9	
-132.1	50.0	0.8	27.8	
-166.5	50.0	3.2	27.8	
-183.7	47.5	0.8	42.6	
-183.7	50.0	-4.1	27.8	
-117.3	40.1	3.2	20.5	
-60.7	59.8	8.2	37.7	
-16.4	59.8	13.1	32.8	
52.4	40.1	18.0	13.1	
86.9	52.4	25.4	30.3	
113.9	52.4	32.8	50.0	
109.0	45.1	32.8	42.6	
99.2	37.7	22.9	15.5	
89.3	37.7	22.9	25.4	
82.0	54.9	18.0	35.2	
77.0	47.5	15.5	18.0	
72.1	37.7	-4.1	8.2	
67.2	35.2	-1.7	0.8	
54.9	42.6	5.7	18.0	
35.2	40.1	5.7	35.2	
45.1	35.2	0.8	27.8	
20.5	47.5	3.2	25.4	
-36.1	47.5	3.2	20.5	
-58.3	40.1	10.6	5.7	
-77.9	47.5	20.5	22.9	
-43.5	47.5	15.5	40.1	
-21.4	37.7	30.3	27.8	
-21.4	52.4	22.9	22.9	
-14.0	50.0	15.5	13.1	
10.6	47.5	20.5	-4.1	
22.9	32.8	18.0	40.1	
42.6	42.6	18.0	50.0	
25.4	22.9	13.1	30.3	
10.6	25.4	8.2	27.8	
-9.1	32.8	22.9	18.0	
-33.7	30.3	18.0	13.1	
-60.7	35.2	25.4	22.9	
-73.0	45.1	10.6	30.3	
-50.9	40.1	18.0	5.7	
-63.2	27.8	30.3	13.1	
-68.1	18.0	13.1	8.2	
-38.6	25.4	25.4	15.5	
-9.1	37.7	15.5	22.9	
0.8	25.4	20.5	32.8	
-9.1	27.8	13.1	37.7	
0.8	20.5	20.5	-1.7	
13.1	32.8	18.0	-1.7	
25.4	37.7	22.9	-1.7	
57.4	20.5	20.5	-4.1	
82.0	37.7	20.5	-16.4	
86.9	15.5	25.4	-18.9	
74.6	42.6	30.3	-4.1	
62.3	25.4	22.9	18.0	
101.6	27.8	20.5	13.1	
133.6	30.3	22.9	-9.1	
136.1	37.7	5.7	-1.7	
128.7	25.4	22.9	-6.6	
96.7	30.3	25.4	13.1	
64.7	25.4	22.9	8.2	
52.4	32.8	25.4	8.2	
30.3	40.1	20.5	-1.7	
-50.9	40.1	30.3	10.6	
-97.6	40.1	32.8	-4.1	
-134.5	25.4	30.3	-1.7	
-112.4	35.2	20.5	-9.1	
-90.2	32.8	20.5	-9.1	
8.2	25.4	37.7	-4.1	
104.1	22.9	27.8	13.1	
177.9	13.1	37.7	5.7	
192.7	15.5	35.2	-11.5	
148.4	10.6	45.1	20.5	
69.7	13.1	37.7	15.5	
45.1	13.1	32.8	-14.0	
-1.7	22.9	40.1	-14.0	
-36.1	20.5	42.6	5.7	
-77.9	35.2	32.8	5.7	
-105.0	37.7	37.7	3.2	
-139.4	52.4	30.3	3.2	
-132.1	32.8	40.1	15.5	
-117.3	40.1	42.6	27.8	
-80.4	20.5	42.6	8.2	
-58.3	40.1	50.0	0.8	
-28.7	30.3	37.7	3.2	
-26.3	32.8	62.3	-6.6	
-58.3	30.3	42.6	5.7	
-50.9	37.7	62.3	3.2	
-43.5	15.5	37.7	-4.1	
-11.5	30.3	57.4	-16.4	
42.6	30.3	47.5	0.8	
77.0	42.6	42.6	5.7	
106.6	32.8	47.5	3.2	
121.3	40.1	54.9	8.2	
86.9	37.7	47.5	15.5	
59.8	35.2	57.4	-4.1	
32.8	40.1	57.4	-26.3	
52.4	40.1	67.2	-16.4	
77.0	32.8	57.4	0.8	
84.4	42.6	45.1	-9.1	
74.6	45.1	69.7	-1.7	
32.8	37.7	59.8	-16.4	
-4.1	32.8	54.9	-9.1	
-28.7	42.6	59.8	3.2	
-38.6	32.8	52.4	-1.7	
8.2	37.7	52.4	-4.1	
57.4	50.0	45.1	-28.7	
45.1	45.1	57.4	3.2	
45.1	45.1	47.5	20.5	
40.1	50.0	47.5	-1.7	
62.3	42.6	45.1	5.7	
52.4	57.4	40.1	0.8	
20.5	42.6	47.5	-4.1	
-28.7	50.0	37.7	-16.4	
-63.2	57.4	42.6	-1.7	
-80.4	54.9	27.8	-1.7	
-85.3	42.6	27.8	0.8	
-95.2	47.5	37.7	0.8	
-50.9	47.5	35.2	8.2	
0.8	52.4	27.8	-1.7	
47.5	42.6	27.8	-14.0	
67.2	37.7	37.7	-14.0	
91.8	42.6	32.8	0.8	
89.3	50.0	27.8	13.1	
79.5	40.1	30.3	0.8	
101.6	40.1	30.3	-21.4	
150.8	37.7	22.9	-16.4	
170.5	40.1	35.2	-14.0	
153.3	37.7	25.4	0.8	
111.5	57.4	27.8	8.2	
82.0	40.1	27.8	-9.1	
22.9	45.1	30.3	-4.1	
-36.1	45.1	20.5	-11.5	
-65.6	40.1	8.2	0.8	
-144.4	35.2	18.0	13.1	
-240.3	40.1	13.1	0.8	
-260.0	45.1	25.4	-14.0	
-196.0	57.4	15.5	13.1	
-77.9	47.5	25.4	0.8	
-4.1	47.5	15.5	-4.1	
32.8	50.0	25.4	3.2	
54.9	30.3	22.9	3.2	
67.2	32.8	22.9	-6.6	
35.2	37.7	13.1	-9.1	
8.2	25.4	15.5	0.8	
-1.7	32.8	15.5	13.1	
5.7	30.3	25.4	3.2	
45.1	35.2	18.0	5.7	
69.7	40.1	8.2	3.2	
62.3	27.8	10.6	-11.5	
45.1	27.8	5.7	-23.8	
50.0	35.2	18.0	-4.1	
42.6	20.5	18.0	-6.6	
30.3	18.0	32.8	-1.7	
-9.1	18.0	13.1	-9.1	
-36.1	30.3	22.9	-16.4	
-33.7	18.0	22.9	-4.1	
-21.4	25.4	27.8	0.8	
20.5	20.5	27.8	8.2	
50.0	13.1	5.7	-1.7	
40.1	15.5	13.1	-18.9	
30.3	20.5	15.5	-14.0	
52.4	25.4	25.4	5.7	
59.8	22.9	15.5	15.5	
37.7	25.4	20.5	10.6	
45.1	22.9	22.9	-9.1	
57.4	20.5	15.5	-11.5	
50.0	15.5	18.0	-14.0	
62.3	8.2	20.5	5.7	
57.4	8.2	20.5	3.2	
52.4	-1.7	15.5	-6.6	
45.1	0.8	13.1	20.5	
45.1	10.6	15.5	30.3	
30.3	8.2	18.0	18.0	
-21.4	5.7	15.5	32.8	
-50.9	5.7	15.5	8.2	
-95.2	3.2	5.7	-16.4	
-117.3	-6.6	5.7	-41.0	
-77.9	-4.1	15.5	-38.6	
-65.6	5.7	20.5	-6.6	
-68.1	0.8	10.6	20.5	
-36.1	3.2	5.7	27.8	
15.5	0.8	22.9	-14.0	
57.4	-6.6	10.6	-4.1	
82.0	-11.5	5.7	0.8	
91.8	-1.7	5.7	8.2	
99.2	5.7	3.2	5.7	
79.5	3.2	13.1	22.9	
89.3	-9.1	10.6	-6.6	
89.3	0.8	-6.6	-9.1	
79.5	10.6	3.2	-14.0	
35.2	-4.1	0.8	-11.5	
13.1	13.1	-1.7	0.8	
10.6	8.2	0.8	8.2	
8.2	-1.7	-4.1	13.1	
22.9	-4.1	-11.5	15.5	
35.2	-6.6	5.7	-21.4	
57.4	-6.6	-1.7	-6.6	
52.4	5.7	-9.1	5.7	
30.3	20.5	3.2	-14.0	
-11.5	35.2	0.8	0.8	
-41.0	45.1	-6.6	-4.1	
-50.9	35.2	-16.4	-11.5	
-65.6	20.5	-1.7	-21.4	
-82.9	-6.6	-9.1	-16.4	
-63.2	-11.5	-4.1	3.2	
-31.2	18.0	10.6	-28.7	
5.7	13.1	5.7	-23.8	
47.5	37.7	0.8	-1.7	
57.4	35.2	-6.6	-1.7	
59.8	32.8	-9.1	-1.7	
35.2	35.2	5.7	-9.1	
10.6	32.8	-1.7	-16.4	
-1.7	27.8	5.7	-9.1	
62.3	27.8	0.8	-11.5	
141.0	22.9	0.8	-1.7	
145.9	15.5	5.7	-4.1	
121.3	22.9	0.8	-4.1	
77.0	13.1	-1.7	3.2	
57.4	10.6	-9.1	3.2	
45.1	-1.7	-4.1	-4.1	
5.7	5.7	0.8	-9.1	
-70.6	8.2	-9.1	-6.6	
-139.4	10.6	-1.7	-9.1	
-151.7	3.2	3.2	-48.4	
-95.2	-1.7	-1.7	-11.5	
-33.7	5.7	3.2	-4.1	
-18.9	0.8	-9.1	-11.5	
-6.6	8.2	-6.6	15.5	
-4.1	8.2	8.2	-11.5	
-6.6	-4.1	3.2	-14.0	
-1.7	0.8	-14.0	-31.2	
-16.4	10.6	-4.1	-14.0	
-23.8	3.2	0.8	-9.1	
22.9	18.0	-14.0	-9.1	
35.2	18.0	3.2	-26.3	
32.8	13.1	-1.7	-11.5	
13.1	18.0	-9.1	-23.8	
-4.1	27.8	-4.1	3.2	
-28.7	10.6	0.8	-21.4	
-36.1	18.0	-11.5	-14.0	
-16.4	27.8	-9.1	-14.0	
35.2	30.3	-4.1	-1.7	
104.1	27.8	-6.6	-16.4	
141.0	37.7	0.8	-18.9	
153.3	30.3	-4.1	-18.9	
158.2	25.4	-9.1	8.2	
109.0	32.8	0.8	-4.1	
57.4	30.3	-6.6	-28.7	
52.4	35.2	0.8	3.2	
32.8	27.8	-4.1	-11.5	
-6.6	32.8	0.8	-26.3	
-75.5	35.2	0.8	-18.9	
-97.6	35.2	-6.6	-1.7	
-68.1	30.3	0.8	-4.1	
-36.1	42.6	0.8	-11.5	
-41.0	42.6	-9.1	-18.9	
-38.6	47.5	-11.5	-23.8	
-60.7	35.2	0.8	-21.4	
-50.9	37.7	-9.1	-18.9	
-48.4	35.2	-1.7	-18.9	
-28.7	35.2	-1.7	-14.0	
0.8	35.2	-11.5	-11.5	
32.8	42.6	-11.5	0.8	
64.7	35.2	-4.1	-6.6	
86.9	42.6	-4.1	-16.4	
67.2	32.8	-1.7	-6.6	
52.4	45.1	-9.1	-36.1	
30.3	42.6	0.8	-6.6	
20.5	35.2	0.8	-1.7	
-11.5	35.2	-4.1	20.5	
-46.0	37.7	-21.4	-16.4	
-65.6	40.1	-6.6	-16.4	
-26.3	45.1	-11.5	-41.0	
-1.7	40.1	-4.1	-18.9	
15.5	35.2	-6.6	8.2	
32.8	30.3	-6.6	-26.3	
32.8	37.7	-14.0	-73.0	
35.2	32.8	-11.5	-14.0	
40.1	32.8	-9.1	3.2	
82.0	30.3	-11.5	3.2	
133.6	42.6	-9.1	-38.6	
153.3	30.3	-6.6	-28.7	
131.2	27.8	-9.1	-6.6	
94.3	32.8	-14.0	3.2	
47.5	35.2	-16.4	18.0	
-4.1	37.7	-4.1	-1.7	
-55.8	40.1	-4.1	-36.1	
-114.8	37.7	-11.5	-23.8	
-65.6	30.3	-14.0	-4.1	
10.6	32.8	-9.1	-6.6	
50.0	27.8	-4.1	-4.1	
52.4	32.8	3.2	-4.1	
37.7	20.5	-4.1	-16.4	
32.8	25.4	-9.1	-16.4	
-1.7	30.3	-1.7	-9.1	
-58.3	35.2	-14.0	-6.6	
-68.1	30.3	3.2	-6.6	
-68.1	35.2	-1.7	-1.7	
-58.3	35.2	-4.1	3.2	
-87.8	32.8	-4.1	-6.6	
-80.4	15.5	-4.1	-9.1	
-58.3	27.8	0.8	-18.9	
-26.3	18.0	0.8	-6.6	
-11.5	15.5	-11.5	-6.6	
-1.7	13.1	5.7	-6.6	
-4.1	18.0	5.7	-16.4	
3.2	18.0	3.2	-9.1	
20.5	20.5	-1.7	0.8	
37.7	25.4	3.2	-16.4	
52.4	27.8	3.2	10.6	
47.5	20.5	3.2	13.1	
57.4	30.3	5.7	-6.6	
50.0	40.1	5.7	8.2	
42.6	47.5	-4.1	-16.4	
69.7	42.6	-1.7	-21.4	
67.2	35.2	5.7	-9.1	
67.2	22.9	0.8	5.7	
59.8	0.8	0.8	10.6	
52.4	3.2	5.7	-1.7	
32.8	0.8	-1.7	-14.0	
27.8	15.5	13.1	-18.9	
32.8	30.3	13.1	-11.5	
42.6	20.5	3.2	-1.7	
27.8	32.8	15.5	13.1	
59.8	35.2	8.2	18.0	
86.9	30.3	13.1	10.6	
128.7	47.5	20.5	5.7	
165.6	57.4	27.8	-9.1	
153.3	42.6	18.0	5.7	
123.8	35.2	20.5	8.2	
84.4	62.3	20.5	3.2	
22.9	74.6	18.0	-14.0	
-9.1	59.8	22.9	-11.5	
-75.5	15.5	22.9	-11.5	
-124.7	0.8	27.8	5.7	
-129.6	-21.4	25.4	8.2	
-132.1	10.6	32.8	13.1	
-80.4	-9.1	27.8	-11.5	
-63.2	5.7	37.7	5.7	
-73.0	15.5	27.8	5.7	
-63.2	25.4	35.2	22.9	
-63.2	32.8	30.3	15.5	
-53.3	37.7	32.8	20.5	
-53.3	25.4	27.8	0.8	
-26.3	37.7	32.8	-23.8	
-9.1	27.8	32.8	-16.4	
3.2	32.8	37.7	-1.7	
20.5	50.0	25.4	13.1	
47.5	54.9	37.7	45.1	
50.0	54.9	30.3	37.7	
47.5	52.4	42.6	18.0	
20.5	45.1	32.8	-23.8	
-4.1	25.4	35.2	-21.4	
-6.6	22.9	32.8	18.0	
69.7	35.2	37.7	52.4	
111.5	15.5	37.7	-28.7	
143.5	20.5	47.5	-43.5	
148.4	25.4	32.8	-1.7	
128.7	32.8	35.2	0.8	
84.4	35.2	37.7	-26.3	
45.1	25.4	37.7	8.2	
20.5	32.8	40.1	20.5	
0.8	27.8	37.7	5.7	
-33.7	30.3	32.8	15.5	
-92.7	35.2	35.2	8.2	
-80.4	32.8	32.8	0.8	
-90.2	25.4	27.8	-4.1	
-70.6	35.2	32.8	20.5	
-75.5	37.7	35.2	3.2	
-80.4	52.4	30.3	3.2	
-53.3	50.0	35.2	20.5	
-36.1	42.6	32.8	0.8	
-9.1	45.1	37.7	-9.1	
0.8	45.1	30.3	0.8	
13.1	35.2	25.4	3.2	
8.2	42.6	40.1	5.7	
18.0	42.6	32.8	0.8	
42.6	45.1	32.8	-16.4	
50.0	50.0	15.5	-1.7	
54.9	35.2	25.4	-4.1	
35.2	47.5	35.2	10.6	
13.1	40.1	35.2	13.1	
27.8	42.6	30.3	25.4	
72.1	40.1	25.4	15.5	
109.0	45.1	25.4	10.6	
116.4	40.1	35.2	35.2	
99.2	32.8	27.8	5.7	
59.8	40.1	40.1	-33.7	
32.8	35.2	18.0	-14.0	
22.9	20.5	25.4	-1.7	
5.7	27.8	37.7	3.2	
-4.1	20.5	30.3	-4.1	
-36.1	25.4	22.9	0.8	
-95.2	32.8	27.8	13.1	
-100.1	20.5	22.9	18.0	
-82.9	27.8	20.5	8.2	
-58.3	25.4	35.2	-33.7	
-9.1	13.1	27.8	-1.7	
32.8	22.9	25.4	5.7	
64.7	27.8	27.8	10.6	
54.9	15.5	25.4	18.0	
40.1	18.0	27.8	5.7	
54.9	22.9	22.9	-26.3	
47.5	30.3	10.6	-11.5	
52.4	18.0	10.6	10.6	
62.3	30.3	13.1	25.4	
91.8	15.5	22.9	0.8	
123.8	35.2	27.8	-23.8	
158.2	30.3	25.4	-6.6	
150.8	27.8	25.4	8.2	
153.3	10.6	27.8	5.7	
104.1	25.4	25.4	-1.7	
47.5	20.5	8.2	0.8	
-18.9	15.5	13.1	3.2	
-95.2	25.4	13.1	-1.7	
-156.7	18.0	15.5	-1.7	
-169.0	25.4	20.5	15.5	
-166.5	22.9	8.2	-4.1	
-139.4	22.9	18.0	-9.1	
-124.7	25.4	18.0	10.6	
-95.2	25.4	10.6	10.6	
-63.2	27.8	5.7	3.2	
-16.4	22.9	5.7	3.2	
18.0	27.8	3.2	5.7	
35.2	22.9	10.6	-1.7	
32.8	20.5	8.2	3.2	
42.6	-1.7	3.2	-1.7	
32.8	0.8	5.7	0.8	
20.5	8.2	15.5	5.7	
27.8	13.1	13.1	-6.6	
47.5	18.0	8.2	-4.1	
40.1	0.8	0.8	-4.1	
45.1	5.7	15.5	15.5	
50.0	8.2	18.0	25.4	
22.9	8.2	20.5	54.9	
-9.1	10.6	13.1	22.9	
-43.5	25.4	5.7	-1.7	
-43.5	25.4	-1.7	-16.4	
-26.3	20.5	5.7	-36.1	
0.8	5.7	5.7	-21.4	
8.2	8.2	5.7	3.2	
3.2	15.5	5.7	-11.5	
22.9	15.5	8.2	0.8	
59.8	22.9	10.6	-28.7	
96.7	8.2	-1.7	-9.1	
96.7	15.5	-1.7	18.0	
96.7	18.0	3.2	30.3	
79.5	8.2	5.7	20.5	
57.4	5.7	-6.6	-11.5	
37.7	5.7	5.7	-4.1	
18.0	18.0	18.0	13.1	
-9.1	8.2	3.2	8.2	
-43.5	3.2	5.7	18.0	
-77.9	18.0	5.7	-16.4	
-60.7	40.1	3.2	-16.4	
-28.7	54.9	0.8	-4.1	
5.7	42.6	18.0	-11.5	
52.4	25.4	20.5	-6.6	
86.9	67.2	22.9	-11.5	
126.2	72.1	22.9	-18.9	
133.6	52.4	25.4	-21.4	
116.4	30.3	18.0	18.0	
82.0	15.5	5.7	30.3	
82.0	18.0	20.5	15.5	
79.5	25.4	20.5	18.0	
35.2	18.0	20.5	-1.7	
-50.9	0.8	15.5	-28.7	
-105.0	-16.4	13.1	15.5	
-109.9	-16.4	13.1	15.5	
-92.7	-1.7	18.0	13.1	
-60.7	18.0	18.0	-4.1	
-26.3	47.5	18.0	-9.1	
3.2	37.7	5.7	3.2	
35.2	35.2	5.7	-28.7	
57.4	32.8	8.2	10.6	
40.1	15.5	10.6	15.5	
30.3	22.9	20.5	10.6	
37.7	40.1	13.1	5.7	
52.4	50.0	22.9	13.1	
79.5	52.4	15.5	25.4	
94.3	67.2	27.8	-14.0	
104.1	77.0	20.5	-16.4	
47.5	77.0	22.9	18.0	
3.2	74.6	20.5	35.2	
-16.4	45.1	18.0	27.8	
-1.7	22.9	20.5	-23.8	
0.8	30.3	25.4	-65.6	
35.2	35.2	22.9	-4.1	
50.0	27.8	25.4	-6.6	
79.5	32.8	22.9	8.2	
82.0	59.8	15.5	3.2	
57.4	42.6	22.9	-1.7	
45.1	5.7	18.0	-6.6	
22.9	-1.7	27.8	0.8	
-11.5	5.7	18.0	8.2	
-4.1	-4.1	20.5	3.2	
-43.5	-11.5	25.4	5.7	
-41.0	-23.8	25.4	3.2	
-58.3	-18.9	18.0	3.2	
-33.7	-21.4	18.0	13.1	
-36.1	-11.5	30.3	-9.1	
-31.2	-16.4	25.4	-11.5	
-26.3	-6.6	25.4	5.7	
-36.1	-21.4	15.5	-1.7	
-38.6	-18.9	30.3	10.6	
-41.0	-21.4	13.1	-1.7	
-38.6	-21.4	30.3	-6.6	
-14.0	-4.1	22.9	0.8	
-4.1	3.2	30.3	22.9	
-4.1	-9.1	22.9	18.0	
-9.1	8.2	18.0	-41.0	
-9.1	10.6	27.8	0.8	
8.2	8.2	22.9	-4.1	
3.2	13.1	32.8	-38.6	
-9.1	13.1	27.8	0.8	
5.7	20.5	37.7	3.2	
47.5	27.8	25.4	5.7	
89.3	22.9	35.2	-6.6	
79.5	15.5	10.6	5.7	
57.4	25.4	5.7	0.8	
30.3	25.4	27.8	-1.7	
13.1	27.8	20.5	-6.6	
18.0	30.3	3.2	-1.7	
-4.1	30.3	8.2	-6.6	
-9.1	30.3	18.0	-11.5	
0.8	15.5	8.2	8.2	
27.8	27.8	15.5	-1.7	
54.9	27.8	8.2	8.2	
30.3	37.7	13.1	10.6	
20.5	57.4	15.5	3.2	
5.7	35.2	8.2	-1.7	
18.0	18.0	22.9	8.2	
-9.1	20.5	18.0	-16.4	
-28.7	25.4	10.6	-9.1	
-55.8	22.9	10.6	10.6	
-63.2	22.9	22.9	5.7	
-18.9	20.5	10.6	-21.4	
27.8	20.5	8.2	-11.5	
74.6	15.5	15.5	-16.4	
101.6	30.3	22.9	-1.7	
89.3	37.7	18.0	8.2	
89.3	50.0	18.0	-4.1	
37.7	57.4	22.9	3.2	
5.7	52.4	25.4	-1.7	
-33.7	47.5	10.6	-1.7	
-70.6	40.1	25.4	-4.1	
-73.0	37.7	22.9	0.8	
-43.5	30.3	18.0	-1.7	
-26.3	25.4	25.4	0.8	
-6.6	5.7	22.9	0.8	
5.7	-9.1	18.0	20.5	
35.2	15.5	27.8	-4.1	
57.4	30.3	22.9	0.8	
62.3	22.9	22.9	-1.7	
64.7	25.4	20.5	3.2	
62.3	25.4	22.9	8.2	
72.1	20.5	30.3	18.0	
54.9	37.7	18.0	10.6	
37.7	59.8	20.5	-4.1	
-11.5	64.7	13.1	-1.7	
-43.5	35.2	18.0	-23.8	
-68.1	-14.0	22.9	0.8	
-85.3	-23.8	30.3	-1.7	
-41.0	8.2	30.3	10.6	
3.2	13.1	20.5	5.7	
22.9	27.8	27.8	-6.6	
27.8	27.8	22.9	-9.1	
22.9	22.9	25.4	-16.4	
37.7	-14.0	22.9	-11.5	
57.4	-21.4	20.5	-18.9	
74.6	-4.1	22.9	-9.1	
79.5	27.8	25.4	32.8	
42.6	42.6	22.9	42.6	
27.8	42.6	18.0	-26.3	
40.1	37.7	32.8	-16.4	
35.2	37.7	30.3	5.7	
3.2	37.7	25.4	5.7	
-36.1	8.2	27.8	-1.7	
-102.5	15.5	27.8	-14.0	
-132.1	27.8	30.3	13.1	
-124.7	25.4	27.8	8.2	
-100.1	32.8	32.8	-9.1	
-53.3	22.9	27.8	-11.5	
-18.9	32.8	20.5	20.5	
-9.1	25.4	30.3	22.9	
18.0	30.3	20.5	10.6	
59.8	30.3	32.8	3.2	
126.2	37.7	30.3	-6.6	
143.5	27.8	25.4	-4.1	
116.4	27.8	32.8	8.2	
62.3	25.4	30.3	13.1	
20.5	32.8	37.7	10.6	
-4.1	18.0	35.2	0.8	
-48.4	27.8	32.8	-9.1	
-48.4	32.8	37.7	-16.4	
-21.4	35.2	45.1	-1.7	
-28.7	35.2	27.8	0.8	
-18.9	25.4	42.6	30.3	
-26.3	18.0	27.8	27.8	
8.2	32.8	37.7	-26.3	
67.2	25.4	32.8	-26.3	
94.3	37.7	30.3	15.5	
118.9	22.9	32.8	18.0	
155.8	27.8	37.7	18.0	
173.0	25.4	42.6	-6.6	
168.1	20.5	40.1	-14.0	
148.4	22.9	40.1	-6.6	
111.5	18.0	45.1	-9.1	
42.6	25.4	50.0	-26.3	
3.2	15.5	40.1	-6.6	
-68.1	25.4	47.5	15.5	
-127.1	37.7	45.1	27.8	
-134.5	42.6	45.1	13.1	
-132.1	35.2	42.6	-16.4	
-134.5	27.8	40.1	-33.7	
-95.2	20.5	50.0	8.2	
-48.4	27.8	45.1	32.8	
3.2	45.1	45.1	20.5	
0.8	35.2	40.1	-6.6	
0.8	40.1	37.7	10.6	
-9.1	47.5	42.6	-9.1	
-9.1	27.8	52.4	-21.4	
5.7	30.3	37.7	0.8	
30.3	32.8	40.1	0.8	
54.9	25.4	47.5	-4.1	
69.7	35.2	30.3	-1.7	
62.3	25.4	45.1	-4.1	
35.2	20.5	40.1	0.8	
18.0	20.5	37.7	20.5	
3.2	20.5	47.5	27.8	
-21.4	27.8	37.7	5.7	
-9.1	25.4	32.8	-4.1	
18.0	15.5	50.0	3.2	
30.3	18.0	50.0	5.7	
32.8	18.0	35.2	-6.6	
62.3	15.5	32.8	-11.5	
42.6	15.5	47.5	-1.7	
25.4	13.1	40.1	5.7	
35.2	25.4	27.8	-6.6	
8.2	20.5	25.4	-4.1	
-11.5	15.5	40.1	-1.7	
-14.0	27.8	37.7	-6.6	
8.2	25.4	32.8	-4.1	
13.1	13.1	40.1	8.2	
54.9	18.0	20.5	20.5	
79.5	25.4	25.4	13.1	
84.4	27.8	27.8	8.2	
121.3	27.8	25.4	8.2	
111.5	10.6	35.2	-1.7	
79.5	5.7	25.4	-14.0	
52.4	20.5	20.5	-4.1	
27.8	25.4	27.8	8.2	
-4.1	27.8	30.3	-6.6	
-68.1	20.5	18.0	10.6	
-90.2	25.4	18.0	5.7	
-100.1	35.2	18.0	-1.7	
-134.5	35.2	15.5	8.2	
-134.5	27.8	30.3	3.2	
-139.4	37.7	22.9	-1.7	
-112.4	45.1	5.7	-1.7	
-92.7	42.6	15.5	-6.6	
-33.7	40.1	10.6	-11.5	
-26.3	37.7	15.5	10.6	
15.5	27.8	10.6	3.2	
40.1	37.7	3.2	0.8	
59.8	32.8	8.2	3.2	
101.6	42.6	10.6	-1.7	
109.0	27.8	-11.5	15.5	
86.9	18.0	-9.1	5.7	
79.5	8.2	0.8	-1.7	
47.5	8.2	-1.7	-9.1	
10.6	20.5	10.6	-1.7	
-21.4	22.9	-4.1	3.2	
-33.7	25.4	0.8	-1.7	
-31.2	20.5	0.8	-9.1	
-21.4	8.2	8.2	3.2	
-16.4	10.6	-1.7	-1.7	
-4.1	13.1	8.2	-1.7	
3.2	18.0	-6.6	0.8	
25.4	27.8	5.7	-1.7	
32.8	25.4	-4.1	0.8	
40.1	20.5	-6.6	-18.9	
42.6	47.5	-1.7	0.8	
69.7	47.5	-6.6	5.7	
94.3	37.7	-4.1	5.7	
89.3	30.3	-9.1	0.8	
84.4	30.3	-4.1	-6.6	
91.8	25.4	5.7	15.5	
62.3	13.1	-11.5	0.8	
57.4	-1.7	-4.1	-4.1	
62.3	-6.6	0.8	0.8	
40.1	-4.1	-9.1	-4.1	
-4.1	0.8	3.2	18.0	
-1.7	3.2	-6.6	8.2	
13.1	10.6	-6.6	-11.5	
-9.1	0.8	-4.1	8.2	
-55.8	37.7	-9.1	-6.6	
-70.6	50.0	-11.5	-1.7	
-55.8	25.4	-1.7	-14.0	
