sensor1	sensor2	sensor3	sensor4	
-198.5	54.9	-33.7	-16.4	
-154.2	32.8	-21.4	-6.6	
-132.1	42.6	10.6	-33.7	
-139.4	40.1	30.3	-21.4	
-1.7	27.8	45.1	3.2	
202.5	30.3	13.1	-6.6	
190.2	27.8	40.1	-1.7	
133.6	30.3	18.0	-14.0	
-82.9	22.9	27.8	-16.4	
-296.9	18.0	22.9	5.7	
-429.7	22.9	59.8	-14.0	
-230.5	35.2	50.0	-6.6	
-151.7	27.8	52.4	10.6	
-46.0	32.8	54.9	0.8	
145.9	30.3	-23.8	3.2	
384.5	27.8	-18.9	-1.7	
497.7	18.0	-11.5	5.7	
441.1	40.1	18.0	13.1	
315.7	32.8	69.7	25.4	
-82.9	32.8	57.4	25.4	
-321.5	32.8	59.8	8.2	
-250.1	25.4	-23.8	20.5	
-134.5	35.2	-63.2	35.2	
-188.6	25.4	-53.3	25.4	
-4.1	27.8	-21.4	3.2	
209.9	32.8	-9.1	15.5	
264.0	30.3	10.6	30.3	
229.6	30.3	10.6	15.5	
13.1	27.8	40.1	8.2	
-200.9	27.8	59.8	3.2	
-80.4	27.8	47.5	-23.8	
-41.0	27.8	37.7	-21.4	
-70.6	30.3	32.8	5.7	
-46.0	35.2	35.2	5.7	
-169.0	32.8	37.7	0.8	
-169.0	40.1	35.2	8.2	
-109.9	27.8	10.6	0.8	
-95.2	27.8	37.7	8.2	
-164.0	15.5	89.3	5.7	
-31.2	25.4	89.3	3.2	
123.8	37.7	94.3	3.2	
67.2	18.0	111.5	13.1	
-11.5	27.8	59.8	18.0	
118.9	25.4	-33.7	15.5	
411.6	20.5	-16.4	18.0	
298.4	37.7	-144.4	8.2	
-36.1	27.8	-191.1	8.2	
-129.6	37.7	-122.2	5.7	
-469.1	32.8	-38.6	18.0	
-427.3	20.5	5.7	30.3	
-188.6	27.8	25.4	13.1	
-228.0	37.7	42.6	18.0	
-355.9	25.4	22.9	45.1	
-223.1	35.2	10.6	45.1	
64.7	32.8	20.5	22.9	
256.6	25.4	15.5	59.8	
234.5	18.0	-6.6	52.4	
158.2	37.7	-6.6	18.0	
113.9	27.8	-4.1	0.8	
101.6	22.9	-6.6	8.2	
52.4	18.0	22.9	0.8	
-6.6	27.8	20.5	13.1	
-277.2	37.7	5.7	18.0	
-309.2	27.8	-1.7	5.7	
-242.8	25.4	8.2	-28.7	
-87.8	32.8	-1.7	-46.0	
86.9	32.8	3.2	-26.3	
190.2	35.2	5.7	-4.1	
229.6	35.2	0.8	-1.7	
217.3	30.3	8.2	8.2	
145.9	32.8	-18.9	5.7	
15.5	35.2	-14.0	3.2	
74.6	35.2	-14.0	13.1	
-82.9	37.7	-1.7	15.5	
-203.4	37.7	-23.8	20.5	
-48.4	32.8	-41.0	18.0	
104.1	37.7	13.1	3.2	
170.5	32.8	67.2	15.5	
195.1	27.8	113.9	0.8	
214.8	37.7	94.3	8.2	
217.3	27.8	79.5	3.2	
101.6	32.8	3.2	3.2	
-18.9	10.6	-23.8	15.5	
-301.8	13.1	-55.8	18.0	
-629.0	22.9	-38.6	10.6	
-724.9	30.3	-28.7	18.0	
-304.3	20.5	-14.0	20.5	
62.3	15.5	-4.1	15.5	
187.7	20.5	0.8	22.9	
84.4	25.4	-4.1	0.8	
-296.9	8.2	0.8	0.8	
-252.6	25.4	20.5	5.7	
-173.9	32.8	0.8	13.1	
-92.7	40.1	-18.9	25.4	
-90.2	47.5	-18.9	3.2	
-46.0	35.2	-38.6	18.0	
126.2	32.8	20.5	22.9	
101.6	32.8	18.0	8.2	
13.1	37.7	-21.4	8.2	
8.2	10.6	15.5	5.7	
72.1	22.9	64.7	5.7	
136.1	30.3	86.9	-1.7	
212.3	32.8	91.8	13.1	
298.4	25.4	54.9	18.0	
182.8	35.2	40.1	13.1	
145.9	8.2	-48.4	10.6	
-16.4	27.8	5.7	5.7	
-272.3	35.2	96.7	-1.7	
-346.1	30.3	82.0	10.6	
-171.4	27.8	45.1	13.1	
-176.3	27.8	57.4	18.0	
-109.9	25.4	-36.1	10.6	
-50.9	22.9	-36.1	10.6	
-73.0	25.4	-60.7	25.4	
-43.5	27.8	-41.0	32.8	
40.1	20.5	-36.1	-14.0	
37.7	18.0	-4.1	13.1	
207.4	27.8	35.2	13.1	
278.8	20.5	13.1	18.0	
337.8	20.5	18.0	18.0	
369.8	27.8	5.7	-1.7	
180.4	30.3	5.7	-16.4	
67.2	30.3	13.1	-9.1	
-146.8	30.3	8.2	5.7	
-223.1	30.3	22.9	3.2	
3.2	35.2	25.4	8.2	
246.8	37.7	-9.1	0.8	
293.5	25.4	-23.8	8.2	
-80.4	37.7	-21.4	-31.2	
-415.0	30.3	-4.1	-11.5	
-589.6	35.2	3.2	5.7	
-545.3	25.4	18.0	-6.6	
-405.1	32.8	15.5	-16.4	
-139.4	22.9	18.0	-9.1	
197.6	32.8	18.0	-11.5	
505.1	22.9	8.2	0.8	
559.2	13.1	10.6	3.2	
448.5	20.5	45.1	10.6	
288.6	27.8	77.0	-1.7	
32.8	27.8	69.7	-6.6	
-146.8	37.7	10.6	-16.4	
-333.8	35.2	-26.3	-21.4	
-341.2	20.5	-65.6	3.2	
-294.4	18.0	-137.0	-11.5	
-70.6	22.9	-68.1	3.2	
3.2	25.4	-33.7	5.7	
-200.9	13.1	-9.1	-9.1	
-292.0	27.8	-4.1	-1.7	
-353.5	27.8	20.5	3.2	
-365.8	30.3	10.6	5.7	
-149.3	27.8	25.4	5.7	
40.1	15.5	37.7	5.7	
190.2	30.3	-4.1	15.5	
219.7	27.8	-28.7	32.8	
109.0	37.7	5.7	27.8	
-18.9	15.5	15.5	-6.6	
-129.6	25.4	-1.7	-14.0	
-92.7	22.9	-1.7	5.7	
10.6	25.4	-4.1	3.2	
236.9	15.5	5.7	5.7	
394.4	22.9	8.2	5.7	
391.9	13.1	-9.1	0.8	
153.3	10.6	-4.1	-1.7	
-77.9	18.0	-50.9	18.0	
13.1	13.1	-31.2	15.5	
359.9	18.0	-9.1	0.8	
578.9	35.2	-23.8	3.2	
571.5	22.9	-9.1	3.2	
246.8	18.0	13.1	3.2	
-26.3	32.8	8.2	20.5	
-434.6	25.4	0.8	15.5	
-902.0	30.3	5.7	18.0	
-919.3	42.6	15.5	15.5	
-579.8	37.7	54.9	25.4	
-225.5	20.5	50.0	15.5	
-26.3	37.7	22.9	30.3	
-97.6	37.7	22.9	52.4	
-223.1	42.6	15.5	74.6	
-235.4	37.7	25.4	94.3	
-73.0	25.4	35.2	67.2	
40.1	32.8	45.1	0.8	
77.0	22.9	40.1	-23.8	
74.6	32.8	32.8	-21.4	
62.3	42.6	35.2	-65.6	
123.8	25.4	42.6	-53.3	
219.7	45.1	32.8	-38.6	
259.1	32.8	22.9	-33.7	
207.4	27.8	-9.1	-4.1	
278.8	35.2	8.2	-4.1	
364.9	27.8	15.5	-11.5	
254.2	30.3	10.6	3.2	
111.5	32.8	0.8	5.7	
40.1	50.0	22.9	-11.5	
121.3	42.6	40.1	3.2	
35.2	37.7	64.7	5.7	
72.1	42.6	111.5	10.6	
27.8	45.1	67.2	3.2	
-257.5	52.4	27.8	5.7	
-493.7	54.9	54.9	13.1	
-510.9	32.8	25.4	18.0	
-316.6	37.7	8.2	20.5	
-250.1	25.4	13.1	32.8	
-134.5	32.8	18.0	50.0	
-31.2	15.5	-55.8	57.4	
72.1	20.5	3.2	42.6	
77.0	8.2	32.8	52.4	
-77.9	-4.1	50.0	8.2	
-161.6	-1.7	54.9	-14.0	
-100.1	13.1	47.5	-68.1	
-6.6	20.5	27.8	-53.3	
74.6	8.2	37.7	8.2	
79.5	8.2	52.4	-6.6	
82.0	13.1	64.7	-9.1	
-21.4	15.5	74.6	-14.0	
5.7	18.0	54.9	-14.0	
91.8	20.5	-9.1	-4.1	
40.1	13.1	-55.8	3.2	
133.6	20.5	-36.1	3.2	
177.9	22.9	-9.1	0.8	
116.4	20.5	59.8	5.7	
195.1	22.9	47.5	0.8	
219.7	10.6	45.1	-1.7	
367.3	8.2	45.1	13.1	
465.7	-4.1	40.1	10.6	
532.1	10.6	15.5	13.1	
441.1	5.7	5.7	-6.6	
-41.0	3.2	13.1	15.5	
-365.8	18.0	22.9	22.9	
-506.0	18.0	20.5	35.2	
-587.2	32.8	37.7	20.5	
-678.2	37.7	40.1	13.1	
-316.6	32.8	15.5	-4.1	
54.9	35.2	8.2	-1.7	
143.5	42.6	5.7	8.2	
18.0	35.2	-9.1	-4.1	
-159.1	40.1	22.9	0.8	
-237.8	42.6	22.9	13.1	
-272.3	45.1	5.7	15.5	
-198.5	40.1	-1.7	0.8	
-38.6	47.5	18.0	3.2	
99.2	32.8	30.3	8.2	
155.8	22.9	30.3	5.7	
276.3	30.3	5.7	5.7	
187.7	32.8	-21.4	3.2	
155.8	27.8	0.8	8.2	
350.1	35.2	20.5	10.6	
451.0	35.2	45.1	20.5	
222.2	40.1	35.2	10.6	
-114.8	25.4	25.4	5.7	
-451.9	37.7	8.2	20.5	
-488.8	32.8	-38.6	30.3	
-237.8	45.1	-18.9	18.0	
-1.7	42.6	5.7	5.7	
111.5	37.7	13.1	13.1	
175.4	54.9	10.6	22.9	
22.9	40.1	3.2	8.2	
-154.2	25.4	32.8	18.0	
-65.6	27.8	20.5	10.6	
369.8	32.8	-9.1	3.2	
443.6	32.8	-21.4	3.2	
170.5	37.7	-14.0	5.7	
-48.4	25.4	-14.0	3.2	
-407.6	27.8	-16.4	13.1	
-577.3	25.4	18.0	8.2	
-469.1	37.7	8.2	5.7	
-375.6	37.7	-1.7	8.2	
-274.7	25.4	15.5	13.1	
-119.8	30.3	22.9	20.5	
37.7	40.1	-6.6	13.1	
91.8	32.8	3.2	25.4	
54.9	40.1	8.2	15.5	
30.3	30.3	-9.1	37.7	
77.0	27.8	-6.6	3.2	
168.1	25.4	-4.1	-16.4	
207.4	27.8	-21.4	-16.4	
126.2	32.8	32.8	0.8	
94.3	32.8	99.2	3.2	
106.6	40.1	128.7	0.8	
177.9	40.1	79.5	-1.7	
421.4	32.8	54.9	3.2	
546.9	50.0	30.3	-6.6	
268.9	30.3	-55.8	-4.1	
45.1	30.3	-80.4	-9.1	
0.8	32.8	-38.6	-9.1	
-41.0	32.8	-11.5	8.2	
-223.1	25.4	-21.4	15.5	
-358.4	30.3	-48.4	15.5	
-611.8	40.1	-11.5	5.7	
-439.6	30.3	-4.1	3.2	
-242.8	18.0	-1.7	-1.7	
-73.0	32.8	-6.6	20.5	
18.0	32.8	0.8	18.0	
229.6	22.9	-9.1	18.0	
374.7	40.1	-9.1	-1.7	
426.4	20.5	0.8	13.1	
396.8	27.8	30.3	27.8	
160.7	20.5	35.2	47.5	
-279.7	35.2	37.7	32.8	
-483.8	25.4	47.5	20.5	
-333.8	27.8	59.8	5.7	
-139.4	50.0	72.1	-38.6	
3.2	27.8	20.5	-33.7	
77.0	20.5	30.3	-18.9	
-11.5	22.9	8.2	3.2	
-41.0	32.8	-43.5	-1.7	
126.2	30.3	-87.8	5.7	
234.5	27.8	-46.0	-1.7	
271.4	42.6	-23.8	-6.6	
37.7	42.6	-4.1	0.8	
-306.7	22.9	-33.7	0.8	
-287.0	32.8	30.3	0.8	
-328.9	20.5	62.3	10.6	
-215.7	27.8	45.1	8.2	
-92.7	25.4	79.5	8.2	
-18.9	25.4	96.7	8.2	
47.5	30.3	91.8	0.8	
131.2	32.8	-9.1	10.6	
214.8	27.8	-58.3	-1.7	
268.9	20.5	35.2	8.2	
229.6	35.2	-16.4	3.2	
163.1	27.8	-23.8	10.6	
91.8	30.3	32.8	3.2	
109.0	22.9	35.2	0.8	
197.6	35.2	-9.1	3.2	
104.1	30.3	-33.7	13.1	
-18.9	27.8	-55.8	13.1	
-200.9	32.8	-41.0	13.1	
-269.8	32.8	-63.2	20.5	
-225.5	42.6	-18.9	13.1	
131.2	37.7	-41.0	18.0	
256.6	27.8	-16.4	3.2	
59.8	30.3	-11.5	15.5	
-205.9	32.8	-6.6	25.4	
-220.6	27.8	0.8	18.0	
-223.1	37.7	-4.1	13.1	
-191.1	20.5	-4.1	18.0	
-213.2	18.0	-28.7	-1.7	
-191.1	30.3	10.6	5.7	
-87.8	35.2	27.8	10.6	
54.9	20.5	10.6	13.1	
281.2	25.4	15.5	3.2	
414.1	22.9	-1.7	8.2	
465.7	30.3	-14.0	5.7	
335.3	37.7	-38.6	10.6	
182.8	27.8	30.3	-6.6	
96.7	40.1	72.1	8.2	
96.7	32.8	47.5	15.5	
-28.7	37.7	15.5	13.1	
-260.0	40.1	5.7	15.5	
-584.7	25.4	-11.5	15.5	
-545.3	35.2	-26.3	18.0	
-159.1	27.8	27.8	20.5	
74.6	30.3	35.2	47.5	
165.6	25.4	40.1	25.4	
-46.0	30.3	-11.5	0.8	
-188.6	35.2	-6.6	0.8	
-127.1	27.8	-9.1	-9.1	
-260.0	20.5	10.6	22.9	
-279.7	20.5	15.5	25.4	
-181.3	32.8	22.9	20.5	
-48.4	27.8	35.2	22.9	
32.8	18.0	35.2	5.7	
116.4	27.8	40.1	-23.8	
160.7	20.5	13.1	13.1	
182.8	22.9	13.1	37.7	
77.0	30.3	15.5	30.3	
-80.4	20.5	-23.8	3.2	
64.7	25.4	-53.3	-18.9	
168.1	32.8	-16.4	-38.6	
77.0	22.9	25.4	-9.1	
30.3	25.4	10.6	0.8	
254.2	35.2	35.2	-11.5	
404.2	27.8	57.4	3.2	
497.7	25.4	37.7	-18.9	
315.7	37.7	-31.2	-11.5	
-134.5	35.2	-53.3	-9.1	
-383.0	20.5	-48.4	-1.7	
-442.0	47.5	-53.3	0.8	
-255.1	37.7	3.2	0.8	
15.5	25.4	45.1	-14.0	
325.5	25.4	22.9	-9.1	
384.5	32.8	42.6	5.7	
337.8	37.7	77.0	32.8	
175.4	22.9	15.5	40.1	
64.7	30.3	-46.0	52.4	
-255.1	27.8	0.8	69.7	
-446.9	25.4	5.7	74.6	
-368.2	30.3	22.9	111.5	
-181.3	30.3	15.5	187.7	
-16.4	18.0	10.6	54.9	
153.3	27.8	10.6	-18.9	
109.0	27.8	5.7	-50.9	
-102.5	40.1	3.2	-132.1	
-146.8	30.3	22.9	-127.1	
-205.9	25.4	15.5	-73.0	
-124.7	22.9	-1.7	-38.6	
-23.8	35.2	-9.1	-41.0	
121.3	47.5	5.7	-31.2	
158.2	42.6	3.2	-33.7	
212.3	40.1	42.6	-18.9	
145.9	42.6	72.1	-23.8	
30.3	27.8	67.2	-16.4	
-129.6	27.8	89.3	-9.1	
-223.1	40.1	89.3	-11.5	
-117.3	32.8	30.3	-1.7	
-127.1	42.6	5.7	0.8	
-208.3	27.8	-58.3	5.7	
-151.7	30.3	-50.9	15.5	
32.8	30.3	-117.3	15.5	
209.9	37.7	3.2	18.0	
246.8	22.9	104.1	25.4	
158.2	25.4	84.4	13.1	
-16.4	27.8	25.4	18.0	
-95.2	18.0	-75.5	15.5	
3.2	30.3	-132.1	3.2	
37.7	22.9	-85.3	15.5	
111.5	30.3	-38.6	5.7	
50.0	32.8	10.6	5.7	
50.0	30.3	40.1	10.6	
143.5	30.3	42.6	3.2	
-18.9	30.3	25.4	5.7	
-132.1	35.2	13.1	5.7	
-169.0	25.4	20.5	5.7	
-255.1	22.9	10.6	8.2	
-154.2	37.7	8.2	10.6	
-97.6	25.4	-11.5	3.2	
8.2	42.6	-11.5	5.7	
30.3	27.8	3.2	3.2	
-70.6	30.3	32.8	5.7	
-92.7	18.0	25.4	3.2	
-14.0	27.8	-6.6	10.6	
91.8	22.9	-26.3	3.2	
200.0	27.8	-9.1	8.2	
177.9	35.2	22.9	13.1	
165.6	32.8	35.2	13.1	
239.4	30.3	37.7	22.9	
74.6	25.4	5.7	15.5	
-9.1	20.5	-14.0	8.2	
91.8	27.8	-9.1	-1.7	
264.0	18.0	-1.7	3.2	
337.8	30.3	-33.7	8.2	
438.7	32.8	-58.3	-1.7	
345.2	27.8	-65.6	3.2	
113.9	25.4	-82.9	-1.7	
-316.6	25.4	-16.4	-6.6	
-520.7	27.8	37.7	-6.6	
-503.5	35.2	86.9	-9.1	
-446.9	25.4	35.2	-4.1	
-353.5	20.5	69.7	-1.7	
-245.2	15.5	62.3	0.8	
-186.2	25.4	50.0	-6.6	
-97.6	13.1	5.7	0.8	
22.9	15.5	-48.4	3.2	
91.8	22.9	-77.9	0.8	
72.1	25.4	-60.7	-9.1	
-60.7	35.2	-1.7	-9.1	
-151.7	22.9	20.5	-6.6	
-63.2	32.8	52.4	-1.7	
-6.6	27.8	72.1	3.2	
101.6	32.8	54.9	10.6	
276.3	32.8	22.9	-6.6	
387.0	42.6	-26.3	-1.7	
451.0	25.4	-58.3	-6.6	
379.6	27.8	-53.3	-6.6	
209.9	27.8	-53.3	-6.6	
101.6	27.8	-28.7	-4.1	
-134.5	27.8	-18.9	-1.7	
-95.2	32.8	-16.4	-6.6	
-73.0	22.9	-18.9	3.2	
-188.6	32.8	0.8	-14.0	
-387.9	20.5	-6.6	0.8	
-210.8	30.3	42.6	-6.6	
59.8	30.3	54.9	-1.7	
168.1	27.8	37.7	-9.1	
57.4	18.0	64.7	3.2	
-65.6	20.5	13.1	-6.6	
-166.5	22.9	-9.1	-1.7	
-210.8	25.4	47.5	-9.1	
-31.2	35.2	47.5	-1.7	
59.8	35.2	13.1	3.2	
-23.8	32.8	-9.1	-9.1	
-73.0	37.7	-85.3	-4.1	
-68.1	20.5	-159.1	0.8	
-38.6	32.8	-68.1	-6.6	
-14.0	20.5	-14.0	-4.1	
-58.3	25.4	15.5	-4.1	
-36.1	20.5	18.0	8.2	
62.3	25.4	3.2	15.5	
64.7	35.2	-11.5	18.0	
35.2	27.8	-11.5	-1.7	
3.2	32.8	-11.5	-4.1	
-53.3	40.1	-14.0	-9.1	
57.4	30.3	-4.1	15.5	
143.5	47.5	5.7	3.2	
141.0	30.3	13.1	0.8	
217.3	18.0	-14.0	0.8	
308.3	40.1	20.5	-1.7	
232.0	18.0	20.5	-9.1	
224.6	22.9	18.0	-4.1	
-53.3	42.6	37.7	0.8	
-176.3	35.2	-4.1	-1.7	
-4.1	20.5	20.5	-6.6	
104.1	27.8	18.0	-21.4	
-14.0	30.3	20.5	-6.6	
-294.4	27.8	-14.0	10.6	
-380.5	27.8	-16.4	5.7	
-102.5	30.3	15.5	-4.1	
170.5	8.2	37.7	-4.1	
133.6	15.5	54.9	-9.1	
-31.2	27.8	72.1	8.2	
-205.9	22.9	52.4	10.6	
-348.5	35.2	13.1	13.1	
-565.0	27.8	-1.7	27.8	
-481.4	22.9	-38.6	27.8	
-405.1	37.7	3.2	0.8	
-289.5	30.3	8.2	0.8	
-166.5	35.2	-16.4	-14.0	
-28.7	42.6	-21.4	-1.7	
67.2	37.7	-23.8	10.6	
99.2	42.6	3.2	-11.5	
133.6	27.8	-4.1	8.2	
177.9	40.1	27.8	-1.7	
271.4	25.4	59.8	-9.1	
379.6	18.0	37.7	-9.1	
352.6	27.8	25.4	5.7	
104.1	27.8	0.8	0.8	
-26.3	30.3	-23.8	-1.7	
-109.9	20.5	-4.1	0.8	
-119.8	32.8	13.1	5.7	
-173.9	20.5	37.7	13.1	
-176.3	35.2	32.8	20.5	
-28.7	18.0	-21.4	8.2	
47.5	32.8	-36.1	10.6	
158.2	30.3	5.7	13.1	
268.9	30.3	8.2	8.2	
232.0	27.8	-21.4	22.9	
-43.5	45.1	3.2	35.2	
-223.1	37.7	10.6	22.9	
-193.6	30.3	3.2	10.6	
-109.9	32.8	8.2	0.8	
-105.0	32.8	40.1	5.7	
-28.7	22.9	35.2	8.2	
91.8	30.3	30.3	8.2	
-33.7	27.8	20.5	13.1	
-203.4	52.4	15.5	22.9	
-70.6	25.4	25.4	37.7	
-55.8	32.8	45.1	59.8	
-58.3	27.8	62.3	52.4	
-21.4	30.3	45.1	5.7	
-38.6	45.1	10.6	-16.4	
69.7	32.8	-21.4	5.7	
118.9	27.8	-1.7	-14.0	
86.9	22.9	27.8	-11.5	
106.6	22.9	27.8	-1.7	
138.5	35.2	27.8	-14.0	
229.6	22.9	0.8	-4.1	
143.5	25.4	13.1	3.2	
-112.4	15.5	15.5	15.5	
-267.4	27.8	22.9	0.8	
-60.7	30.3	22.9	20.5	
259.1	30.3	18.0	45.1	
411.6	42.6	8.2	72.1	
387.0	37.7	-1.7	91.8	
187.7	30.3	-18.9	89.3	
-196.0	42.6	10.6	64.7	
-434.6	32.8	32.8	45.1	
-498.6	35.2	57.4	0.8	
-351.0	37.7	37.7	-55.8	
-114.8	27.8	15.5	-60.7	
-68.1	40.1	20.5	-65.6	
-58.3	27.8	-33.7	-63.2	
-117.3	22.9	-33.7	-11.5	
54.9	18.0	-14.0	-4.1	
106.6	35.2	5.7	-21.4	
126.2	35.2	13.1	-9.1	
123.8	22.9	15.5	-6.6	
96.7	35.2	-16.4	0.8	
-28.7	27.8	-9.1	-4.1	
106.6	40.1	50.0	5.7	
288.6	42.6	64.7	-4.1	
404.2	37.7	62.3	8.2	
443.6	32.8	52.4	10.6	
190.2	35.2	22.9	8.2	
-90.2	50.0	-41.0	20.5	
-481.4	45.1	-55.8	10.6	
-569.9	32.8	-33.7	10.6	
-375.6	32.8	3.2	8.2	
-14.0	37.7	-18.9	8.2	
271.4	47.5	-21.4	10.6	
382.1	47.5	13.1	22.9	
266.5	37.7	20.5	27.8	
177.9	37.7	-11.5	27.8	
128.7	32.8	-1.7	32.8	
-149.3	32.8	20.5	45.1	
-405.1	30.3	40.1	35.2	
-488.8	32.8	79.5	3.2	
-282.1	35.2	69.7	18.0	
-119.8	27.8	30.3	10.6	
-28.7	30.3	25.4	-6.6	
13.1	35.2	-1.7	-11.5	
40.1	27.8	-28.7	-28.7	
77.0	18.0	-1.7	-11.5	
118.9	22.9	0.8	5.7	
123.8	25.4	-28.7	-1.7	
180.4	32.8	-18.9	-9.1	
175.4	20.5	30.3	-11.5	
-16.4	42.6	32.8	-4.1	
-124.7	30.3	8.2	13.1	
-250.1	25.4	-23.8	18.0	
-122.2	27.8	3.2	30.3	
-33.7	30.3	22.9	18.0	
69.7	25.4	13.1	20.5	
236.9	18.0	-14.0	8.2	
342.7	18.0	-46.0	5.7	
401.8	22.9	18.0	10.6	
209.9	18.0	20.5	0.8	
-77.9	27.8	50.0	10.6	
-269.8	20.5	37.7	0.8	
-228.0	35.2	25.4	10.6	
-112.4	25.4	-23.8	-1.7	
-18.9	27.8	-18.9	3.2	
-73.0	37.7	-14.0	3.2	
-18.9	37.7	-16.4	-4.1	
62.3	32.8	-6.6	3.2	
-46.0	22.9	10.6	3.2	
-95.2	35.2	-1.7	0.8	
-33.7	32.8	-6.6	8.2	
-6.6	37.7	-28.7	13.1	
-33.7	35.2	-16.4	20.5	
-144.4	22.9	-28.7	10.6	
-151.7	35.2	-14.0	0.8	
-65.6	18.0	-28.7	-4.1	
18.0	30.3	-31.2	0.8	
202.5	45.1	-1.7	15.5	
352.6	18.0	0.8	-1.7	
340.3	42.6	15.5	8.2	
170.5	25.4	-1.7	-4.1	
-33.7	20.5	-6.6	0.8	
116.4	22.9	-1.7	5.7	
163.1	20.5	-4.1	5.7	
62.3	18.0	-18.9	13.1	
8.2	13.1	-6.6	15.5	
-117.3	30.3	3.2	0.8	
-269.8	35.2	5.7	3.2	
-390.4	27.8	42.6	5.7	
-292.0	35.2	15.5	-21.4	
-161.6	32.8	-1.7	-14.0	
-107.5	20.5	3.2	3.2	
-141.9	35.2	0.8	3.2	
-60.7	20.5	10.6	0.8	
22.9	27.8	20.5	-6.6	
40.1	37.7	10.6	3.2	
82.0	25.4	-33.7	-4.1	
96.7	27.8	20.5	-6.6	
77.0	25.4	67.2	13.1	
126.2	13.1	62.3	-1.7	
236.9	30.3	20.5	5.7	
261.5	27.8	10.6	18.0	
359.9	18.0	-11.5	8.2	
362.4	18.0	-16.4	13.1	
254.2	25.4	5.7	25.4	
138.5	27.8	-28.7	25.4	
-154.2	30.3	-23.8	32.8	
-402.7	30.3	5.7	57.4	
-481.4	42.6	13.1	59.8	
-205.9	32.8	18.0	15.5	
79.5	37.7	13.1	5.7	
244.3	32.8	-11.5	-41.0	
195.1	40.1	-28.7	-16.4	
-186.2	35.2	-28.7	0.8	
-380.5	32.8	0.8	10.6	
-193.6	40.1	35.2	0.8	
-14.0	25.4	45.1	-11.5	
52.4	37.7	40.1	-21.4	
-21.4	32.8	25.4	-4.1	
0.8	42.6	3.2	3.2	
30.3	35.2	0.8	-4.1	
136.1	27.8	20.5	0.8	
212.3	18.0	32.8	18.0	
273.8	40.1	45.1	18.0	
261.5	37.7	15.5	22.9	
217.3	32.8	54.9	40.1	
-31.2	27.8	42.6	57.4	
-338.7	40.1	20.5	84.4	
-469.1	27.8	32.8	20.5	
-282.1	27.8	27.8	-21.4	
-43.5	30.3	-6.6	5.7	
64.7	27.8	-18.9	-41.0	
77.0	18.0	-23.8	0.8	
-11.5	40.1	3.2	-4.1	
145.9	25.4	15.5	13.1	
155.8	27.8	10.6	8.2	
214.8	35.2	-63.2	15.5	
335.3	35.2	-43.5	22.9	
303.4	35.2	-9.1	5.7	
367.3	22.9	15.5	-1.7	
310.7	25.4	8.2	8.2	
-169.0	32.8	3.2	-1.7	
-663.4	22.9	8.2	-14.0	
-737.2	32.8	15.5	13.1	
-569.9	32.8	13.1	20.5	
-242.8	20.5	20.5	13.1	
-41.0	45.1	3.2	15.5	
-23.8	45.1	0.8	20.5	
22.9	27.8	-18.9	13.1	
45.1	32.8	-9.1	0.8	
45.1	30.3	-33.7	0.8	
205.0	32.8	-23.8	10.6	
205.0	25.4	-9.1	5.7	
74.6	20.5	-1.7	5.7	
-28.7	25.4	-9.1	0.8	
-23.8	30.3	15.5	10.6	
82.0	25.4	22.9	5.7	
109.0	37.7	35.2	-4.1	
42.6	35.2	5.7	-1.7	
72.1	27.8	-9.1	8.2	
261.5	32.8	-46.0	-1.7	
300.9	35.2	-48.4	15.5	
47.5	30.3	-36.1	3.2	
-109.9	20.5	-6.6	5.7	
-200.9	27.8	27.8	0.8	
-208.3	37.7	20.5	-1.7	
-129.6	32.8	25.4	0.8	
-16.4	42.6	25.4	5.7	
106.6	30.3	13.1	5.7	
62.3	47.5	25.4	10.6	
-11.5	35.2	5.7	3.2	
64.7	30.3	-9.1	13.1	
-11.5	27.8	0.8	13.1	
-97.6	27.8	15.5	8.2	
82.0	30.3	25.4	18.0	
-6.6	27.8	15.5	15.5	
-6.6	32.8	37.7	13.1	
5.7	35.2	62.3	3.2	
-50.9	40.1	8.2	5.7	
-38.6	40.1	8.2	0.8	
-156.7	20.5	-14.0	10.6	
-75.5	37.7	3.2	5.7	
126.2	42.6	-9.1	0.8	
155.8	45.1	10.6	10.6	
35.2	32.8	5.7	3.2	
-70.6	27.8	-1.7	20.5	
-65.6	32.8	-1.7	8.2	
57.4	32.8	45.1	-4.1	
133.6	20.5	30.3	8.2	
141.0	15.5	32.8	8.2	
192.7	10.6	3.2	13.1	
254.2	0.8	-38.6	10.6	
350.1	-9.1	-14.0	3.2	
266.5	3.2	-16.4	5.7	
-269.8	-4.1	-9.1	5.7	
-370.7	3.2	0.8	8.2	
-287.0	0.8	-1.7	13.1	
-117.3	15.5	18.0	25.4	
57.4	27.8	-6.6	22.9	
77.0	22.9	-16.4	13.1	
-46.0	10.6	-48.4	8.2	
-97.6	3.2	0.8	20.5	
13.1	20.5	22.9	13.1	
69.7	13.1	10.6	-6.6	
62.3	8.2	15.5	-1.7	
-154.2	15.5	22.9	0.8	
-336.2	18.0	20.5	13.1	
-223.1	15.5	15.5	45.1	
-127.1	18.0	22.9	45.1	
5.7	27.8	47.5	64.7	
111.5	35.2	57.4	22.9	
-11.5	32.8	94.3	-31.2	
0.8	25.4	45.1	20.5	
-58.3	22.9	54.9	-14.0	
-63.2	35.2	-23.8	-41.0	
42.6	37.7	-65.6	-28.7	
126.2	40.1	-48.4	-26.3	
160.7	30.3	-14.0	-11.5	
273.8	37.7	5.7	-14.0	
303.4	35.2	-18.9	-1.7	
219.7	30.3	22.9	-11.5	
104.1	32.8	50.0	-6.6	
47.5	30.3	94.3	-6.6	
-87.8	37.7	94.3	18.0	
-77.9	45.1	35.2	15.5	
35.2	50.0	-4.1	8.2	
104.1	40.1	-65.6	-4.1	
-149.3	35.2	-50.9	-1.7	
-380.5	42.6	-21.4	8.2	
-353.5	42.6	-48.4	5.7	
-188.6	37.7	-26.3	8.2	
-73.0	30.3	-4.1	8.2	
59.8	25.4	18.0	15.5	
173.0	35.2	79.5	27.8	
82.0	27.8	94.3	18.0	
-124.7	40.1	89.3	25.4	
-114.8	37.7	64.7	15.5	
-77.9	27.8	-6.6	30.3	
-55.8	27.8	-77.9	22.9	
-14.0	30.3	-73.0	10.6	
-6.6	40.1	-58.3	3.2	
22.9	35.2	-23.8	10.6	
82.0	47.5	-50.9	10.6	
138.5	27.8	-16.4	-1.7	
165.6	27.8	35.2	5.7	
170.5	18.0	20.5	18.0	
182.8	35.2	15.5	8.2	
86.9	32.8	-6.6	8.2	
-14.0	32.8	-28.7	15.5	
-63.2	30.3	-11.5	10.6	
-97.6	20.5	-4.1	18.0	
-18.9	25.4	-18.9	8.2	
192.7	32.8	-1.7	8.2	
249.2	30.3	8.2	5.7	
232.0	30.3	30.3	15.5	
202.5	42.6	13.1	13.1	
-16.4	47.5	-9.1	15.5	
-18.9	37.7	-46.0	15.5	
32.8	20.5	-11.5	20.5	
182.8	32.8	-6.6	13.1	
113.9	32.8	27.8	8.2	
-70.6	32.8	0.8	10.6	
-296.9	30.3	-6.6	3.2	
-363.3	27.8	5.7	5.7	
-65.6	25.4	-9.1	8.2	
109.0	20.5	42.6	22.9	
25.4	22.9	32.8	15.5	
13.1	32.8	-46.0	8.2	
-14.0	32.8	-48.4	0.8	
-164.0	18.0	-33.7	8.2	
45.1	18.0	-48.4	15.5	
259.1	30.3	-26.3	10.6	
136.1	30.3	-14.0	0.8	
106.6	22.9	-1.7	8.2	
-9.1	40.1	8.2	13.1	
-225.5	40.1	-4.1	5.7	
-208.3	22.9	25.4	18.0	
-178.8	32.8	22.9	22.9	
-188.6	32.8	10.6	18.0	
-50.9	35.2	10.6	20.5	
54.9	18.0	13.1	10.6	
13.1	22.9	0.8	18.0	
111.5	32.8	3.2	25.4	
150.8	35.2	5.7	18.0	
246.8	35.2	5.7	13.1	
59.8	20.5	18.0	35.2	
-70.6	30.3	3.2	15.5	
50.0	25.4	-1.7	10.6	
27.8	25.4	-9.1	-6.6	
-119.8	27.8	-6.6	13.1	
-205.9	25.4	-4.1	8.2	
57.4	40.1	-1.7	-1.7	
332.9	47.5	5.7	20.5	
305.8	25.4	-1.7	10.6	
138.5	32.8	15.5	3.2	
-55.8	32.8	30.3	15.5	
-210.8	22.9	50.0	0.8	
-173.9	35.2	32.8	3.2	
-137.0	37.7	27.8	20.5	
-250.1	27.8	35.2	13.1	
-260.0	20.5	-14.0	13.1	
-252.6	18.0	10.6	30.3	
-55.8	32.8	8.2	18.0	
145.9	30.3	30.3	13.1	
271.4	22.9	57.4	15.5	
254.2	32.8	62.3	13.1	
-11.5	40.1	40.1	37.7	
-75.5	25.4	37.7	42.6	
-73.0	35.2	-26.3	18.0	
131.2	30.3	18.0	25.4	
150.8	40.1	45.1	-6.6	
113.9	27.8	5.7	8.2	
-186.2	32.8	3.2	5.7	
-358.4	32.8	-41.0	10.6	
-225.5	10.6	-53.3	30.3	
-77.9	30.3	5.7	50.0	
69.7	20.5	5.7	13.1	
79.5	32.8	3.2	-4.1	
25.4	27.8	13.1	-41.0	
18.0	27.8	-14.0	-36.1	
-60.7	37.7	-63.2	-6.6	
-41.0	30.3	-21.4	-21.4	
3.2	32.8	40.1	-18.9	
10.6	35.2	59.8	3.2	
-26.3	40.1	42.6	-6.6	
-31.2	25.4	15.5	-11.5	
-18.9	30.3	3.2	5.7	
-18.9	32.8	0.8	-1.7	
47.5	35.2	30.3	-4.1	
59.8	32.8	13.1	-9.1	
121.3	22.9	5.7	-4.1	
118.9	37.7	0.8	8.2	
10.6	32.8	25.4	3.2	
5.7	27.8	18.0	15.5	
57.4	37.7	35.2	13.1	
13.1	25.4	32.8	5.7	
72.1	27.8	0.8	-11.5	
109.0	35.2	-36.1	-9.1	
-28.7	22.9	-16.4	-1.7	
-38.6	15.5	0.8	3.2	
-75.5	27.8	13.1	8.2	
-112.4	30.3	22.9	-6.6	
25.4	25.4	8.2	-4.1	
219.7	37.7	0.8	-4.1	
293.5	25.4	-16.4	5.7	
315.7	30.3	-23.8	5.7	
197.6	35.2	15.5	10.6	
18.0	32.8	22.9	-6.6	
-114.8	35.2	32.8	0.8	
-178.8	40.1	25.4	-14.0	
-21.4	32.8	22.9	-14.0	
116.4	22.9	0.8	-4.1	
89.3	42.6	-4.1	-6.6	
62.3	27.8	15.5	-14.0	
-122.2	30.3	8.2	5.7	
-176.3	27.8	10.6	5.7	
-124.7	35.2	-4.1	0.8	
-23.8	22.9	-16.4	13.1	
116.4	27.8	-14.0	15.5	
234.5	25.4	-1.7	20.5	
99.2	35.2	8.2	13.1	
-33.7	37.7	27.8	18.0	
-97.6	25.4	20.5	3.2	
-203.4	37.7	8.2	8.2	
-260.0	32.8	-4.1	0.8	
-274.7	30.3	-18.9	3.2	
-92.7	27.8	13.1	3.2	
52.4	27.8	25.4	8.2	
32.8	25.4	-11.5	10.6	
37.7	32.8	25.4	-4.1	
-14.0	22.9	52.4	5.7	
-156.7	22.9	22.9	8.2	
-85.3	32.8	-31.2	13.1	
109.0	42.6	18.0	15.5	
372.2	37.7	5.7	3.2	
517.4	25.4	20.5	25.4	
374.7	42.6	22.9	3.2	
96.7	25.4	3.2	-6.6	
-437.1	18.0	25.4	8.2	
-432.2	35.2	42.6	5.7	
-191.1	32.8	-18.9	5.7	
-36.1	27.8	15.5	-4.1	
-31.2	32.8	84.4	-9.1	
-31.2	30.3	42.6	3.2	
121.3	18.0	-14.0	0.8	
67.2	20.5	-43.5	3.2	
200.0	30.3	-82.9	10.6	
236.9	32.8	-18.9	3.2	
143.5	30.3	3.2	15.5	
251.7	32.8	32.8	20.5	
109.0	30.3	54.9	10.6	
-196.0	32.8	52.4	-6.6	
-292.0	30.3	15.5	13.1	
-232.9	18.0	45.1	8.2	
-274.7	22.9	35.2	8.2	
-225.5	27.8	0.8	13.1	
-95.2	37.7	-21.4	37.7	
-122.2	27.8	-38.6	42.6	
-119.8	35.2	-9.1	13.1	
-33.7	37.7	-9.1	15.5	
123.8	30.3	5.7	-31.2	
222.2	35.2	37.7	20.5	
138.5	25.4	42.6	37.7	
-100.1	15.5	25.4	-11.5	
-250.1	30.3	3.2	-11.5	
-77.9	35.2	-6.6	-14.0	
-36.1	27.8	37.7	-1.7	
-4.1	30.3	62.3	3.2	
37.7	27.8	35.2	-4.1	
123.8	32.8	25.4	3.2	
170.5	25.4	-23.8	32.8	
148.4	35.2	-38.6	69.7	
165.6	30.3	5.7	35.2	
113.9	35.2	18.0	30.3	
35.2	35.2	10.6	-18.9	
0.8	32.8	-9.1	-73.0	
30.3	40.1	-33.7	-33.7	
-43.5	32.8	18.0	-33.7	
-169.0	37.7	27.8	-28.7	
-132.1	30.3	-1.7	-21.4	
-97.6	22.9	-16.4	-9.1	
-16.4	32.8	-14.0	-4.1	
22.9	30.3	3.2	-1.7	
45.1	27.8	42.6	-6.6	
40.1	35.2	45.1	-9.1	
109.0	27.8	5.7	0.8	
212.3	32.8	3.2	8.2	
200.0	30.3	-28.7	0.8	
121.3	45.1	-85.3	0.8	
15.5	45.1	-18.9	0.8	
-124.7	25.4	-48.4	3.2	
-90.2	35.2	-6.6	3.2	
-112.4	25.4	5.7	3.2	
-68.1	30.3	3.2	-1.7	
-11.5	13.1	-11.5	8.2	
18.0	27.8	-18.9	8.2	
57.4	20.5	-16.4	-1.7	
47.5	25.4	-18.9	8.2	
64.7	30.3	-1.7	10.6	
64.7	25.4	8.2	0.8	
22.9	27.8	15.5	-11.5	
-11.5	32.8	22.9	-4.1	
-1.7	37.7	67.2	5.7	
-43.5	37.7	64.7	10.6	
-100.1	42.6	37.7	5.7	
-117.3	20.5	18.0	3.2	
-33.7	32.8	5.7	8.2	
15.5	37.7	3.2	10.6	
47.5	32.8	5.7	0.8	
25.4	32.8	-18.9	13.1	
84.4	22.9	-9.1	13.1	
118.9	35.2	-9.1	13.1	
111.5	22.9	-26.3	10.6	
89.3	20.5	-53.3	0.8	
-55.8	27.8	-28.7	3.2	
-97.6	42.6	-23.8	-1.7	
-6.6	27.8	-9.1	15.5	
-23.8	27.8	32.8	22.9	
-31.2	32.8	18.0	15.5	
-36.1	32.8	5.7	25.4	
40.1	40.1	15.5	5.7	
91.8	30.3	42.6	10.6	
116.4	22.9	54.9	8.2	
106.6	22.9	20.5	8.2	
-53.3	27.8	-28.7	-4.1	
-129.6	27.8	-21.4	3.2	
-97.6	27.8	-4.1	10.6	
-85.3	32.8	0.8	3.2	
-87.8	30.3	0.8	5.7	
-55.8	25.4	10.6	5.7	
-38.6	37.7	-14.0	13.1	
-14.0	47.5	-14.0	10.6	
5.7	35.2	-1.7	10.6	
37.7	35.2	10.6	5.7	
25.4	40.1	15.5	3.2	
22.9	40.1	15.5	18.0	
123.8	25.4	8.2	10.6	
264.0	8.2	15.5	3.2	
281.2	27.8	20.5	13.1	
219.7	25.4	13.1	10.6	
121.3	15.5	-18.9	10.6	
-119.8	25.4	-4.1	0.8	
-112.4	15.5	-6.6	3.2	
-149.3	27.8	-9.1	3.2	
-247.7	27.8	5.7	3.2	
-260.0	40.1	-14.0	3.2	
-151.7	64.7	5.7	10.6	
-97.6	64.7	10.6	15.5	
-95.2	64.7	5.7	8.2	
-31.2	54.9	5.7	3.2	
-11.5	40.1	8.2	-6.6	
-9.1	40.1	5.7	-1.7	
-11.5	37.7	-1.7	-1.7	
3.2	45.1	3.2	10.6	
18.0	52.4	5.7	-1.7	
32.8	40.1	-1.7	13.1	
27.8	35.2	-11.5	18.0	
35.2	30.3	-14.0	20.5	
32.8	30.3	-1.7	15.5	
37.7	37.7	15.5	15.5	
25.4	40.1	32.8	18.0	
25.4	35.2	27.8	-1.7	
20.5	22.9	22.9	-9.1	
30.3	25.4	10.6	22.9	
45.1	32.8	15.5	27.8	
52.4	22.9	22.9	27.8	
45.1	37.7	13.1	-11.5	
30.3	35.2	27.8	-28.7	
69.7	30.3	15.5	-28.7	
54.9	35.2	20.5	-9.1	
3.2	37.7	13.1	-1.7	
0.8	54.9	18.0	-4.1	
-14.0	59.8	18.0	10.6	
-26.3	45.1	18.0	-6.6	
-33.7	42.6	8.2	-6.6	
-26.3	67.2	-11.5	-9.1	
-6.6	50.0	-16.4	-16.4	
-9.1	42.6	-4.1	-1.7	
-16.4	45.1	-4.1	0.8	
-4.1	37.7	10.6	3.2	
5.7	45.1	-1.7	-14.0	
-1.7	27.8	-11.5	3.2	
5.7	35.2	-6.6	-1.7	
52.4	50.0	-11.5	-4.1	
116.4	32.8	0.8	-16.4	
160.7	37.7	30.3	-1.7	
145.9	45.1	52.4	13.1	
72.1	37.7	52.4	40.1	
-60.7	47.5	47.5	72.1	
-85.3	30.3	32.8	74.6	
-33.7	27.8	27.8	35.2	
-68.1	37.7	13.1	-33.7	
-31.2	47.5	8.2	-28.7	
25.4	45.1	10.6	-16.4	
123.8	32.8	13.1	-16.4	
209.9	40.1	30.3	-33.7	
249.2	45.1	37.7	-31.2	
219.7	40.1	13.1	-31.2	
136.1	40.1	20.5	-33.7	
-16.4	52.4	35.2	-16.4	
-228.0	50.0	32.8	-16.4	
-346.1	40.1	47.5	-9.1	
-338.7	45.1	30.3	-6.6	
-186.2	35.2	45.1	-11.5	
18.0	37.7	64.7	-16.4	
153.3	40.1	64.7	-11.5	
106.6	27.8	25.4	0.8	
74.6	47.5	5.7	3.2	
54.9	32.8	-23.8	-6.6	
-1.7	37.7	-58.3	3.2	
-11.5	32.8	-21.4	0.8	
82.0	37.7	25.4	5.7	
-21.4	32.8	111.5	10.6	
-228.0	35.2	121.3	3.2	
-235.4	25.4	153.3	15.5	
-173.9	32.8	82.0	20.5	
-87.8	27.8	52.4	27.8	
-60.7	32.8	-4.1	20.5	
-33.7	30.3	-53.3	15.5	
-46.0	35.2	-21.4	10.6	
-38.6	32.8	3.2	-11.5	
-26.3	30.3	0.8	5.7	
-4.1	32.8	0.8	10.6	
3.2	35.2	8.2	8.2	
15.5	32.8	3.2	35.2	
47.5	32.8	-16.4	22.9	
82.0	32.8	0.8	25.4	
82.0	32.8	37.7	3.2	
84.4	32.8	42.6	10.6	
84.4	35.2	32.8	30.3	
52.4	27.8	45.1	22.9	
25.4	35.2	42.6	5.7	
42.6	32.8	40.1	13.1	
57.4	27.8	32.8	20.5	
50.0	27.8	22.9	25.4	
86.9	20.5	3.2	25.4	
101.6	30.3	13.1	20.5	
106.6	37.7	15.5	18.0	
72.1	35.2	-9.1	25.4	
10.6	45.1	0.8	27.8	
-18.9	37.7	15.5	18.0	
-9.1	32.8	0.8	25.4	
-26.3	37.7	8.2	8.2	
-21.4	40.1	18.0	13.1	
-21.4	30.3	37.7	8.2	
-23.8	20.5	42.6	8.2	
-26.3	30.3	57.4	8.2	
-4.1	27.8	79.5	10.6	
-41.0	22.9	74.6	5.7	
-77.9	27.8	32.8	8.2	
-58.3	40.1	42.6	0.8	
-16.4	20.5	5.7	5.7	
10.6	37.7	-105.0	5.7	
47.5	30.3	-82.9	3.2	
67.2	27.8	-36.1	5.7	
59.8	35.2	-21.4	8.2	
18.0	30.3	-21.4	5.7	
-65.6	27.8	-28.7	8.2	
-41.0	27.8	-11.5	8.2	
3.2	30.3	-18.9	0.8	
52.4	25.4	3.2	15.5	
182.8	18.0	-18.9	8.2	
244.3	30.3	-16.4	5.7	
185.3	25.4	-6.6	5.7	
35.2	32.8	-18.9	13.1	
-105.0	10.6	-26.3	0.8	
-97.6	13.1	-38.6	-21.4	
-48.4	25.4	-33.7	-11.5	
-97.6	25.4	-41.0	-6.6	
-203.4	32.8	-31.2	-6.6	
-183.7	35.2	-16.4	-16.4	
-92.7	25.4	-23.8	-18.9	
-38.6	40.1	-21.4	-9.1	
54.9	27.8	3.2	8.2	
96.7	35.2	-6.6	20.5	
170.5	13.1	-6.6	25.4	
271.4	22.9	-23.8	-1.7	
214.8	25.4	-16.4	5.7	
72.1	25.4	-16.4	10.6	
-114.8	30.3	-11.5	5.7	
-225.5	25.4	-6.6	0.8	
-119.8	20.5	5.7	5.7	
-38.6	18.0	10.6	5.7	
143.5	25.4	0.8	-21.4	
313.2	27.8	3.2	-6.6	
325.5	30.3	-11.5	0.8	
254.2	25.4	3.2	10.6	
-82.9	25.4	-14.0	5.7	
-481.4	25.4	-14.0	18.0	
-230.5	32.8	5.7	35.2	
-77.9	18.0	13.1	25.4	
0.8	32.8	35.2	3.2	
-23.8	32.8	20.5	5.7	
-31.2	30.3	8.2	-43.5	
54.9	32.8	-9.1	-26.3	
67.2	30.3	3.2	-31.2	
40.1	22.9	3.2	0.8	
-50.9	32.8	3.2	-4.1	
-176.3	27.8	5.7	-1.7	
-75.5	18.0	22.9	-36.1	
25.4	27.8	25.4	-16.4	
64.7	27.8	5.7	-4.1	
84.4	37.7	5.7	-6.6	
25.4	22.9	27.8	5.7	
-107.5	27.8	35.2	-6.6	
-92.7	35.2	13.1	-11.5	
-109.9	27.8	3.2	-1.7	
-124.7	32.8	13.1	8.2	
-77.9	25.4	22.9	-4.1	
-11.5	25.4	15.5	-4.1	
3.2	20.5	13.1	-6.6	
25.4	18.0	18.0	10.6	
40.1	18.0	18.0	13.1	
37.7	22.9	18.0	18.0	
32.8	27.8	5.7	22.9	
57.4	13.1	-1.7	-4.1	
69.7	30.3	30.3	-9.1	
69.7	18.0	25.4	-21.4	
25.4	40.1	22.9	-18.9	
57.4	22.9	18.0	5.7	
82.0	25.4	30.3	8.2	
91.8	30.3	32.8	22.9	
116.4	25.4	8.2	25.4	
91.8	30.3	-4.1	20.5	
0.8	25.4	-18.9	13.1	
-97.6	40.1	-6.6	-11.5	
-95.2	30.3	-18.9	-14.0	
-127.1	25.4	-16.4	-16.4	
-92.7	18.0	18.0	-16.4	
-31.2	27.8	52.4	-18.9	
35.2	25.4	52.4	-9.1	
94.3	27.8	25.4	-11.5	
104.1	22.9	22.9	13.1	
96.7	22.9	20.5	8.2	
10.6	32.8	32.8	5.7	
-58.3	30.3	18.0	0.8	
18.0	30.3	15.5	0.8	
22.9	22.9	10.6	-1.7	
3.2	30.3	27.8	10.6	
-14.0	32.8	25.4	3.2	
-23.8	20.5	18.0	0.8	
-23.8	30.3	8.2	0.8	
35.2	37.7	5.7	-9.1	
145.9	18.0	18.0	0.8	
268.9	22.9	40.1	13.1	
278.8	20.5	59.8	13.1	
222.2	27.8	45.1	30.3	
165.6	25.4	37.7	25.4	
116.4	20.5	20.5	13.1	
141.0	22.9	-11.5	-4.1	
158.2	35.2	-31.2	-6.6	
-1.7	22.9	-33.7	-4.1	
-368.2	18.0	3.2	20.5	
-471.5	30.3	18.0	3.2	
-260.0	35.2	45.1	-1.7	
-144.4	25.4	40.1	10.6	
-50.9	37.7	20.5	-4.1	
-11.5	25.4	47.5	5.7	
-77.9	22.9	91.8	5.7	
-193.6	37.7	72.1	3.2	
-144.4	27.8	45.1	10.6	
-31.2	35.2	32.8	0.8	
82.0	30.3	20.5	0.8	
187.7	25.4	8.2	3.2	
236.9	27.8	-4.1	5.7	
214.8	27.8	0.8	10.6	
121.3	40.1	5.7	-6.6	
-4.1	40.1	-4.1	3.2	
-41.0	25.4	-23.8	0.8	
-100.1	32.8	3.2	5.7	
-151.7	30.3	35.2	5.7	
-100.1	25.4	54.9	10.6	
15.5	20.5	42.6	5.7	
77.0	37.7	37.7	5.7	
-4.1	40.1	32.8	15.5	
-53.3	22.9	18.0	0.8	
-92.7	30.3	27.8	8.2	
-80.4	27.8	22.9	10.6	
-43.5	32.8	22.9	5.7	
-1.7	32.8	18.0	18.0	
10.6	30.3	18.0	18.0	
-55.8	32.8	15.5	20.5	
-18.9	25.4	15.5	20.5	
10.6	32.8	-1.7	-4.1	
22.9	27.8	-6.6	-16.4	
40.1	45.1	-1.7	13.1	
35.2	47.5	13.1	13.1	
47.5	35.2	18.0	-1.7	
57.4	37.7	13.1	0.8	
45.1	32.8	22.9	13.1	
40.1	30.3	10.6	27.8	
40.1	32.8	8.2	5.7	
57.4	20.5	0.8	-6.6	
64.7	15.5	5.7	5.7	
64.7	20.5	3.2	-1.7	
79.5	15.5	0.8	0.8	
62.3	10.6	8.2	3.2	
35.2	3.2	3.2	0.8	
27.8	10.6	15.5	5.7	
47.5	5.7	5.7	8.2	
54.9	8.2	-6.6	0.8	
52.4	0.8	-6.6	13.1	
25.4	13.1	0.8	8.2	
-11.5	27.8	-6.6	15.5	
-9.1	25.4	0.8	10.6	
5.7	22.9	8.2	5.7	
18.0	20.5	3.2	-9.1	
13.1	15.5	22.9	-4.1	
20.5	20.5	30.3	3.2	
-4.1	18.0	25.4	-1.7	
-11.5	25.4	27.8	13.1	
-6.6	13.1	40.1	30.3	
-6.6	5.7	25.4	22.9	
-4.1	18.0	-6.6	8.2	
-16.4	22.9	-23.8	18.0	
-21.4	25.4	-16.4	8.2	
-21.4	25.4	10.6	3.2	
-14.0	40.1	27.8	15.5	
-4.1	35.2	27.8	30.3	
-1.7	35.2	30.3	15.5	
13.1	27.8	13.1	22.9	
22.9	35.2	-21.4	3.2	
18.0	40.1	0.8	0.8	
10.6	40.1	0.8	20.5	
8.2	45.1	32.8	37.7	
30.3	37.7	27.8	27.8	
18.0	40.1	10.6	25.4	
13.1	42.6	-11.5	-14.0	
22.9	45.1	-6.6	-14.0	
3.2	42.6	3.2	15.5	
-6.6	32.8	18.0	27.8	
0.8	25.4	0.8	32.8	
5.7	35.2	13.1	18.0	
0.8	30.3	27.8	8.2	
8.2	32.8	27.8	-21.4	
18.0	64.7	45.1	-18.9	
22.9	57.4	57.4	-9.1	
42.6	27.8	45.1	8.2	
18.0	5.7	35.2	20.5	
25.4	18.0	35.2	32.8	
22.9	32.8	8.2	22.9	
20.5	20.5	10.6	3.2	
22.9	25.4	13.1	0.8	
20.5	20.5	18.0	0.8	
32.8	37.7	-1.7	13.1	
35.2	45.1	22.9	22.9	
47.5	57.4	20.5	-4.1	
45.1	37.7	30.3	-4.1	
25.4	13.1	35.2	0.8	
35.2	30.3	27.8	-6.6	
35.2	30.3	15.5	-6.6	
0.8	52.4	10.6	22.9	
35.2	67.2	27.8	27.8	
94.3	62.3	22.9	30.3	
69.7	42.6	32.8	35.2	
91.8	20.5	22.9	32.8	
82.0	10.6	10.6	10.6	
40.1	8.2	13.1	-18.9	
-28.7	18.0	30.3	-9.1	
-60.7	30.3	20.5	3.2	
-63.2	22.9	-6.6	-11.5	
-105.0	37.7	-4.1	8.2	
-117.3	32.8	-4.1	5.7	
-53.3	27.8	22.9	-14.0	
-58.3	32.8	35.2	-11.5	
-23.8	40.1	52.4	-11.5	
-31.2	37.7	42.6	0.8	
-6.6	25.4	25.4	10.6	
5.7	37.7	22.9	30.3	
45.1	27.8	30.3	13.1	
82.0	30.3	25.4	8.2	
99.2	30.3	10.6	8.2	
72.1	35.2	32.8	10.6	
27.8	42.6	15.5	13.1	
-36.1	32.8	20.5	3.2	
-70.6	45.1	5.7	13.1	
-31.2	35.2	-11.5	22.9	
-16.4	32.8	-18.9	8.2	
8.2	22.9	5.7	3.2	
-9.1	20.5	8.2	-4.1	
-11.5	27.8	15.5	3.2	
-41.0	22.9	22.9	15.5	
-26.3	27.8	5.7	10.6	
-50.9	27.8	13.1	-1.7	
-70.6	35.2	25.4	-6.6	
-48.4	40.1	18.0	8.2	
-23.8	27.8	13.1	-1.7	
8.2	32.8	18.0	-1.7	
22.9	27.8	18.0	-4.1	
20.5	22.9	8.2	-1.7	
42.6	30.3	-16.4	8.2	
32.8	35.2	3.2	-6.6	
15.5	27.8	-11.5	3.2	
25.4	35.2	-16.4	5.7	
3.2	35.2	-9.1	13.1	
-14.0	32.8	3.2	20.5	
35.2	25.4	0.8	18.0	
22.9	30.3	20.5	-6.6	
-9.1	25.4	15.5	-1.7	
-26.3	25.4	0.8	3.2	
15.5	25.4	27.8	13.1	
40.1	30.3	32.8	8.2	
47.5	22.9	27.8	3.2	
27.8	37.7	0.8	13.1	
37.7	32.8	15.5	10.6	
8.2	27.8	-6.6	8.2	
-41.0	30.3	0.8	-1.7	
-28.7	30.3	18.0	5.7	
-14.0	40.1	-11.5	3.2	
-6.6	22.9	3.2	8.2	
8.2	27.8	-9.1	15.5	
3.2	37.7	-1.7	37.7	
-4.1	40.1	0.8	25.4	
-14.0	20.5	0.8	8.2	
-4.1	35.2	8.2	32.8	
3.2	22.9	3.2	27.8	
8.2	27.8	3.2	27.8	
3.2	47.5	5.7	25.4	
8.2	32.8	3.2	13.1	
0.8	27.8	-14.0	13.1	
-1.7	25.4	-16.4	-16.4	
-9.1	25.4	10.6	-9.1	
3.2	25.4	0.8	15.5	
0.8	32.8	5.7	5.7	
20.5	40.1	0.8	10.6	
22.9	22.9	8.2	-4.1	
22.9	27.8	8.2	-9.1	
13.1	30.3	8.2	-1.7	
-14.0	32.8	22.9	20.5	
-31.2	18.0	13.1	25.4	
-18.9	32.8	22.9	22.9	
-21.4	22.9	5.7	13.1	
-11.5	22.9	-14.0	20.5	
-11.5	27.8	-9.1	25.4	
-14.0	27.8	-26.3	20.5	
-9.1	22.9	-14.0	20.5	
-9.1	30.3	8.2	25.4	
-9.1	32.8	10.6	18.0	
-4.1	32.8	0.8	18.0	
-1.7	25.4	-9.1	22.9	
-9.1	30.3	-1.7	13.1	
-9.1	22.9	-28.7	22.9	
0.8	30.3	-9.1	10.6	
0.8	25.4	-9.1	13.1	
-6.6	40.1	-60.7	10.6	
8.2	37.7	-53.3	3.2	
18.0	35.2	-14.0	5.7	
18.0	32.8	-31.2	8.2	
30.3	30.3	-38.6	5.7	
13.1	35.2	-9.1	10.6	
-6.6	20.5	-4.1	-4.1	
-23.8	25.4	-33.7	5.7	
3.2	10.6	-48.4	5.7	
15.5	18.0	-14.0	0.8	
30.3	22.9	-21.4	0.8	
37.7	37.7	-1.7	8.2	
15.5	20.5	42.6	3.2	
-1.7	22.9	32.8	0.8	
13.1	22.9	25.4	8.2	
47.5	30.3	3.2	5.7	
94.3	35.2	-38.6	13.1	
118.9	30.3	-33.7	20.5	
69.7	40.1	-16.4	13.1	
40.1	37.7	-16.4	13.1	
-23.8	37.7	-33.7	3.2	
-107.5	27.8	-33.7	3.2	
-92.7	25.4	-21.4	15.5	
-100.1	40.1	3.2	13.1	
-28.7	42.6	27.8	13.1	
126.2	42.6	18.0	15.5	
283.7	40.1	-1.7	5.7	
357.5	37.7	-6.6	-1.7	
328.0	27.8	0.8	0.8	
86.9	32.8	0.8	-6.6	
-129.6	35.2	-26.3	-1.7	
-282.1	30.3	-36.1	-1.7	
-439.6	22.9	-50.9	8.2	
-326.4	25.4	-53.3	27.8	
-193.6	18.0	-31.2	42.6	
-97.6	10.6	-9.1	20.5	
-21.4	15.5	15.5	15.5	
-4.1	22.9	25.4	15.5	
-31.2	27.8	13.1	5.7	
-41.0	37.7	15.5	5.7	
-58.3	20.5	-1.7	10.6	
-85.3	15.5	-28.7	22.9	
-60.7	25.4	-26.3	3.2	
-38.6	25.4	-4.1	0.8	
18.0	30.3	-26.3	5.7	
27.8	22.9	-31.2	10.6	
20.5	13.1	-16.4	0.8	
37.7	-4.1	-4.1	18.0	
27.8	20.5	5.7	15.5	
15.5	20.5	20.5	15.5	
15.5	13.1	35.2	20.5	
-1.7	8.2	30.3	27.8	
3.2	25.4	35.2	25.4	
32.8	25.4	10.6	35.2	
27.8	45.1	-11.5	30.3	
-14.0	47.5	-14.0	10.6	
0.8	30.3	-11.5	-11.5	
30.3	32.8	0.8	8.2	
42.6	40.1	22.9	8.2	
47.5	52.4	18.0	0.8	
35.2	25.4	13.1	22.9	
32.8	25.4	15.5	13.1	
25.4	57.4	18.0	5.7	
25.4	52.4	13.1	0.8	
30.3	27.8	32.8	-14.0	
32.8	27.8	15.5	0.8	
22.9	52.4	18.0	35.2	
8.2	42.6	32.8	20.5	
13.1	42.6	27.8	3.2	
32.8	30.3	8.2	-1.7	
32.8	47.5	15.5	15.5	
27.8	54.9	10.6	25.4	
18.0	42.6	8.2	15.5	
25.4	37.7	-14.0	18.0	
22.9	27.8	-23.8	-6.6	
20.5	13.1	5.7	-14.0	
22.9	27.8	20.5	0.8	
22.9	22.9	-1.7	5.7	
20.5	20.5	-6.6	-16.4	
15.5	27.8	-1.7	-14.0	
22.9	20.5	5.7	-4.1	
18.0	18.0	8.2	0.8	
22.9	22.9	5.7	8.2	
20.5	27.8	-4.1	0.8	
15.5	25.4	10.6	5.7	
15.5	32.8	10.6	3.2	
20.5	20.5	25.4	3.2	
32.8	22.9	8.2	0.8	
20.5	22.9	0.8	22.9	
13.1	20.5	8.2	52.4	
30.3	27.8	32.8	79.5	
40.1	25.4	27.8	84.4	
32.8	18.0	32.8	42.6	
25.4	32.8	-9.1	-33.7	
35.2	27.8	-6.6	-55.8	
3.2	30.3	3.2	-70.6	
37.7	22.9	32.8	-28.7	
59.8	27.8	37.7	-9.1	
54.9	25.4	30.3	-21.4	
79.5	27.8	32.8	-9.1	
150.8	30.3	8.2	0.8	
291.1	25.4	10.6	0.8	
320.6	27.8	25.4	-18.9	
281.2	27.8	18.0	0.8	
234.5	32.8	25.4	8.2	
91.8	25.4	22.9	-1.7	
-70.6	22.9	13.1	-4.1	
-186.2	15.5	3.2	18.0	
-255.1	22.9	10.6	20.5	
-109.9	18.0	-6.6	8.2	
67.2	25.4	-6.6	10.6	
121.3	20.5	-4.1	5.7	
37.7	18.0	3.2	3.2	
-122.2	25.4	-14.0	10.6	
-215.7	25.4	-11.5	3.2	
-338.7	15.5	-4.1	3.2	
-326.4	25.4	18.0	0.8	
-255.1	40.1	27.8	5.7	
-132.1	27.8	13.1	-14.0	
-21.4	20.5	3.2	13.1	
-23.8	30.3	15.5	15.5	
45.1	32.8	-4.1	32.8	
123.8	27.8	3.2	10.6	
74.6	25.4	-6.6	8.2	
42.6	25.4	-6.6	10.6	
-14.0	35.2	0.8	20.5	
-129.6	18.0	-1.7	8.2	
-215.7	30.3	3.2	0.8	
-262.4	15.5	-9.1	3.2	
-232.9	27.8	-14.0	5.7	
-146.8	25.4	-11.5	8.2	
-63.2	30.3	-6.6	20.5	
-26.3	35.2	-4.1	5.7	
13.1	40.1	-4.1	0.8	
57.4	45.1	-4.1	8.2	
91.8	13.1	0.8	3.2	
111.5	18.0	25.4	3.2	
116.4	30.3	45.1	18.0	
72.1	30.3	25.4	18.0	
-1.7	25.4	13.1	15.5	
-23.8	30.3	-6.6	5.7	
30.3	20.5	-14.0	-1.7	
62.3	30.3	-11.5	5.7	
42.6	30.3	-6.6	8.2	
54.9	27.8	15.5	13.1	
50.0	37.7	-9.1	10.6	
15.5	42.6	-11.5	18.0	
32.8	57.4	-14.0	13.1	
42.6	30.3	-6.6	18.0	
50.0	32.8	-9.1	15.5	
45.1	27.8	-9.1	18.0	
50.0	27.8	-14.0	0.8	
47.5	37.7	-9.1	5.7	
42.6	25.4	-1.7	-6.6	
45.1	20.5	8.2	-9.1	
37.7	35.2	8.2	5.7	
40.1	37.7	0.8	-6.6	
45.1	25.4	-6.6	3.2	
42.6	32.8	-6.6	0.8	
37.7	35.2	-14.0	-1.7	
47.5	32.8	-1.7	-9.1	
35.2	37.7	5.7	8.2	
40.1	27.8	-1.7	8.2	
30.3	35.2	0.8	3.2	
32.8	30.3	-1.7	-28.7	
25.4	13.1	22.9	3.2	
32.8	25.4	13.1	18.0	
27.8	32.8	8.2	15.5	
20.5	37.7	-4.1	-1.7	
8.2	20.5	-4.1	-16.4	
0.8	20.5	8.2	-36.1	
-11.5	18.0	15.5	-9.1	
-11.5	15.5	25.4	-4.1	
5.7	15.5	20.5	-4.1	
0.8	35.2	27.8	-16.4	
5.7	45.1	35.2	-26.3	
10.6	47.5	15.5	-9.1	
8.2	52.4	-6.6	-9.1	
0.8	62.3	-14.0	-1.7	
0.8	47.5	3.2	-4.1	
-4.1	35.2	25.4	-21.4	
0.8	20.5	37.7	0.8	
8.2	18.0	22.9	22.9	
-1.7	25.4	30.3	-6.6	
-1.7	35.2	37.7	-36.1	
5.7	27.8	25.4	-11.5	
-6.6	22.9	27.8	-41.0	
-1.7	35.2	15.5	-28.7	
5.7	47.5	13.1	-31.2	
0.8	42.6	35.2	-33.7	
3.2	35.2	30.3	-14.0	
0.8	32.8	25.4	-1.7	
8.2	22.9	32.8	-4.1	
-6.6	27.8	42.6	0.8	
8.2	32.8	30.3	0.8	
30.3	32.8	32.8	-18.9	
54.9	25.4	40.1	10.6	
74.6	13.1	37.7	22.9	
50.0	20.5	37.7	37.7	
27.8	30.3	32.8	18.0	
-18.9	35.2	37.7	-6.6	
-36.1	25.4	22.9	-26.3	
-70.6	18.0	22.9	-18.9	
-46.0	18.0	37.7	-9.1	
-18.9	25.4	42.6	-4.1	
10.6	22.9	25.4	3.2	
25.4	37.7	18.0	3.2	
20.5	15.5	27.8	8.2	
20.5	37.7	0.8	-1.7	
8.2	32.8	3.2	10.6	
8.2	32.8	22.9	18.0	
47.5	27.8	25.4	20.5	
109.0	32.8	30.3	13.1	
128.7	27.8	40.1	18.0	
116.4	32.8	37.7	18.0	
109.0	25.4	22.9	10.6	
32.8	25.4	20.5	18.0	
-112.4	27.8	15.5	20.5	
-48.4	37.7	20.5	8.2	
67.2	32.8	15.5	-6.6	
165.6	20.5	25.4	10.6	
205.0	35.2	15.5	30.3	
200.0	32.8	20.5	27.8	
99.2	35.2	22.9	18.0	
-38.6	35.2	25.4	25.4	
-95.2	27.8	13.1	32.8	
-107.5	30.3	10.6	22.9	
-75.5	37.7	20.5	30.3	
-48.4	35.2	32.8	50.0	
13.1	37.7	20.5	45.1	
57.4	30.3	27.8	30.3	
77.0	25.4	5.7	-11.5	
40.1	32.8	10.6	-14.0	
64.7	32.8	-6.6	-14.0	
82.0	35.2	-4.1	8.2	
25.4	30.3	10.6	3.2	
-109.9	27.8	5.7	0.8	
-183.7	35.2	3.2	3.2	
-139.4	42.6	0.8	13.1	
-75.5	35.2	-1.7	8.2	
-4.1	42.6	15.5	-4.1	
22.9	42.6	22.9	10.6	
-23.8	30.3	15.5	13.1	
-46.0	37.7	18.0	13.1	
-31.2	32.8	15.5	25.4	
-18.9	30.3	13.1	22.9	
-26.3	32.8	20.5	20.5	
-11.5	37.7	8.2	30.3	
8.2	40.1	5.7	42.6	
35.2	42.6	22.9	57.4	
62.3	37.7	0.8	18.0	
77.0	40.1	0.8	10.6	
72.1	30.3	0.8	0.8	
47.5	13.1	8.2	8.2	
67.2	42.6	-1.7	20.5	
62.3	30.3	3.2	45.1	
62.3	30.3	5.7	5.7	
52.4	25.4	-6.6	-18.9	
15.5	27.8	18.0	-6.6	
-60.7	45.1	15.5	-1.7	
-38.6	25.4	5.7	18.0	
-23.8	32.8	15.5	-4.1	
-6.6	27.8	37.7	-28.7	
5.7	18.0	10.6	-6.6	
15.5	25.4	-11.5	22.9	
18.0	20.5	-6.6	8.2	
25.4	37.7	15.5	-4.1	
22.9	37.7	0.8	0.8	
3.2	30.3	-6.6	10.6	
5.7	27.8	-1.7	5.7	
22.9	42.6	0.8	-1.7	
35.2	37.7	10.6	13.1	
-1.7	27.8	18.0	18.0	
8.2	40.1	18.0	18.0	
0.8	50.0	22.9	8.2	
22.9	27.8	8.2	13.1	
20.5	30.3	-9.1	22.9	
22.9	30.3	-1.7	20.5	
25.4	35.2	20.5	20.5	
35.2	20.5	20.5	20.5	
8.2	27.8	5.7	37.7	
-21.4	22.9	-1.7	32.8	
-14.0	18.0	-4.1	52.4	
-6.6	22.9	-1.7	52.4	
5.7	25.4	5.7	30.3	
8.2	20.5	18.0	-16.4	
5.7	10.6	13.1	10.6	
22.9	25.4	8.2	18.0	
18.0	45.1	-9.1	20.5	
13.1	57.4	0.8	37.7	
30.3	42.6	-11.5	40.1	
22.9	35.2	13.1	3.2	
22.9	42.6	5.7	-9.1	
42.6	67.2	-21.4	0.8	
59.8	42.6	-6.6	3.2	
59.8	30.3	-11.5	20.5	
37.7	32.8	-1.7	8.2	
62.3	35.2	22.9	18.0	
47.5	25.4	30.3	20.5	
-28.7	50.0	27.8	15.5	
-9.1	52.4	27.8	13.1	
47.5	32.8	52.4	10.6	
123.8	37.7	57.4	15.5	
163.1	15.5	50.0	22.9	
150.8	18.0	27.8	13.1	
138.5	8.2	27.8	13.1	
99.2	22.9	25.4	10.6	
40.1	45.1	20.5	13.1	
-55.8	40.1	0.8	32.8	
-122.2	37.7	3.2	25.4	
-186.2	27.8	5.7	40.1	
-117.3	35.2	22.9	30.3	
-68.1	40.1	30.3	20.5	
-48.4	32.8	25.4	15.5	
-48.4	40.1	8.2	40.1	
-6.6	25.4	-6.6	32.8	
54.9	27.8	-11.5	45.1	
86.9	37.7	3.2	-36.1	
91.8	27.8	10.6	-28.7	
74.6	25.4	0.8	-33.7	
15.5	30.3	-1.7	-21.4	
-46.0	20.5	-1.7	-1.7	
-146.8	10.6	10.6	3.2	
-208.3	13.1	0.8	-1.7	
-119.8	22.9	-9.1	10.6	
-4.1	27.8	-4.1	0.8	
54.9	13.1	8.2	0.8	
77.0	22.9	-4.1	-4.1	
104.1	22.9	13.1	3.2	
52.4	42.6	27.8	15.5	
-26.3	40.1	27.8	22.9	
15.5	30.3	8.2	3.2	
-23.8	30.3	18.0	8.2	
-14.0	35.2	27.8	13.1	
3.2	37.7	30.3	25.4	
25.4	35.2	45.1	32.8	
32.8	40.1	27.8	27.8	
32.8	37.7	13.1	22.9	
15.5	35.2	18.0	13.1	
13.1	27.8	32.8	-14.0	
8.2	20.5	27.8	10.6	
-38.6	27.8	-4.1	-6.6	
-31.2	20.5	-1.7	5.7	
-9.1	42.6	0.8	-6.6	
-21.4	18.0	35.2	-4.1	
-48.4	27.8	35.2	-9.1	
-14.0	35.2	30.3	8.2	
32.8	32.8	27.8	8.2	
40.1	30.3	25.4	3.2	
20.5	25.4	27.8	18.0	
32.8	25.4	22.9	15.5	
35.2	20.5	20.5	10.6	
64.7	32.8	20.5	22.9	
67.2	37.7	45.1	22.9	
50.0	27.8	45.1	18.0	
13.1	27.8	32.8	-1.7	
-36.1	32.8	25.4	13.1	
-26.3	25.4	13.1	5.7	
5.7	37.7	13.1	-6.6	
40.1	27.8	18.0	-1.7	
35.2	22.9	25.4	-1.7	
50.0	27.8	3.2	10.6	
40.1	32.8	13.1	10.6	
59.8	37.7	25.4	0.8	
52.4	35.2	18.0	8.2	
52.4	27.8	15.5	-4.1	
32.8	37.7	18.0	10.6	
22.9	27.8	25.4	8.2	
30.3	22.9	18.0	10.6	
42.6	30.3	15.5	3.2	
35.2	35.2	10.6	8.2	
27.8	37.7	10.6	13.1	
22.9	42.6	13.1	18.0	
30.3	37.7	22.9	3.2	
22.9	25.4	5.7	8.2	
20.5	32.8	-1.7	5.7	
37.7	45.1	-4.1	13.1	
25.4	37.7	3.2	8.2	
27.8	45.1	-1.7	-1.7	
30.3	50.0	-6.6	10.6	
32.8	40.1	-9.1	-26.3	
0.8	27.8	-16.4	-23.8	
0.8	10.6	-14.0	-18.9	
0.8	18.0	-23.8	-31.2	
15.5	30.3	-6.6	-21.4	
20.5	25.4	-1.7	-9.1	
20.5	40.1	5.7	-1.7	
32.8	22.9	-1.7	-1.7	
42.6	27.8	-18.9	3.2	
62.3	22.9	-16.4	3.2	
57.4	45.1	-14.0	20.5	
40.1	50.0	3.2	27.8	
37.7	57.4	-1.7	22.9	
35.2	54.9	-16.4	20.5	
27.8	45.1	-4.1	8.2	
8.2	35.2	-9.1	13.1	
-46.0	35.2	-4.1	-6.6	
-55.8	42.6	-6.6	18.0	
-43.5	45.1	-6.6	0.8	
-23.8	40.1	-18.9	3.2	
-26.3	18.0	0.8	-23.8	
5.7	10.6	-1.7	-18.9	
40.1	13.1	0.8	-9.1	
79.5	13.1	-4.1	8.2	
118.9	0.8	-9.1	18.0	
121.3	-4.1	0.8	8.2	
111.5	-9.1	-6.6	18.0	
74.6	5.7	-4.1	-11.5	
37.7	-9.1	0.8	-31.2	
-1.7	-14.0	-4.1	-21.4	
-18.9	-6.6	-4.1	-16.4	
-11.5	-1.7	-4.1	-11.5	
91.8	18.0	-16.4	-6.6	
264.0	8.2	-4.1	0.8	
342.7	8.2	-9.1	8.2	
364.9	15.5	-16.4	18.0	
328.0	18.0	5.7	10.6	
148.4	25.4	-6.6	5.7	
-210.8	8.2	-9.1	-11.5	
-429.7	15.5	-6.6	3.2	
-419.9	42.6	-9.1	-14.0	
-336.2	3.2	-1.7	-14.0	
-230.5	-6.6	-6.6	-6.6	
-105.0	0.8	10.6	10.6	
-105.0	32.8	0.8	8.2	
-102.5	20.5	-1.7	10.6	
-129.6	32.8	8.2	5.7	
-119.8	42.6	18.0	8.2	
0.8	35.2	18.0	18.0	
96.7	35.2	18.0	5.7	
182.8	27.8	15.5	-21.4	
222.2	52.4	15.5	0.8	
200.0	45.1	15.5	5.7	
94.3	30.3	8.2	5.7	
-31.2	20.5	3.2	3.2	
-95.2	37.7	-1.7	-11.5	
-141.9	40.1	5.7	-11.5	
-161.6	50.0	5.7	0.8	
-156.7	40.1	8.2	5.7	
-90.2	45.1	22.9	3.2	
-50.9	32.8	32.8	-11.5	
-21.4	37.7	22.9	-21.4	
15.5	50.0	15.5	-1.7	
25.4	35.2	13.1	5.7	
37.7	37.7	15.5	-6.6	
54.9	27.8	10.6	-6.6	
59.8	8.2	8.2	-1.7	
84.4	13.1	32.8	0.8	
96.7	13.1	32.8	-4.1	
79.5	13.1	30.3	0.8	
59.8	32.8	37.7	8.2	
25.4	32.8	42.6	8.2	
35.2	35.2	50.0	3.2	
15.5	42.6	37.7	3.2	
10.6	42.6	47.5	-4.1	
-4.1	37.7	37.7	10.6	
-11.5	42.6	0.8	0.8	
-9.1	37.7	8.2	-11.5	
-1.7	13.1	18.0	22.9	
15.5	27.8	30.3	10.6	
40.1	35.2	27.8	18.0	
37.7	27.8	40.1	27.8	
45.1	22.9	32.8	25.4	
32.8	27.8	40.1	15.5	
27.8	22.9	57.4	15.5	
15.5	45.1	52.4	-14.0	
8.2	37.7	40.1	13.1	
-1.7	32.8	20.5	8.2	
0.8	30.3	32.8	-11.5	
8.2	35.2	18.0	5.7	
13.1	10.6	15.5	3.2	
13.1	13.1	25.4	-16.4	
18.0	32.8	15.5	5.7	
18.0	18.0	20.5	3.2	
32.8	40.1	15.5	10.6	
25.4	30.3	22.9	8.2	
18.0	30.3	20.5	18.0	
25.4	32.8	20.5	18.0	
25.4	30.3	3.2	-14.0	
27.8	35.2	5.7	5.7	
18.0	42.6	13.1	5.7	
35.2	35.2	-4.1	25.4	
13.1	35.2	-14.0	50.0	
22.9	22.9	-11.5	32.8	
20.5	15.5	-14.0	20.5	
22.9	20.5	-4.1	-18.9	
18.0	25.4	-9.1	-6.6	
25.4	35.2	0.8	-4.1	
25.4	30.3	-1.7	-18.9	
30.3	25.4	-14.0	-6.6	
10.6	32.8	18.0	5.7	
20.5	30.3	10.6	3.2	
18.0	25.4	-4.1	13.1	
20.5	30.3	-6.6	20.5	
13.1	30.3	-9.1	-11.5	
18.0	27.8	-4.1	-23.8	
15.5	25.4	-9.1	-14.0	
22.9	25.4	-14.0	-9.1	
10.6	27.8	-11.5	-14.0	
20.5	25.4	-1.7	15.5	
22.9	32.8	-18.9	10.6	
20.5	25.4	-4.1	18.0	
5.7	13.1	-16.4	-4.1	
22.9	27.8	-16.4	3.2	
27.8	27.8	-4.1	-28.7	
22.9	22.9	-6.6	-18.9	
18.0	20.5	-6.6	-6.6	
22.9	22.9	-9.1	-21.4	
8.2	10.6	-6.6	13.1	
10.6	27.8	-4.1	5.7	
0.8	30.3	-11.5	0.8	
15.5	18.0	-14.0	3.2	
18.0	32.8	-1.7	-9.1	
32.8	25.4	-11.5	20.5	
45.1	35.2	-18.9	10.6	
64.7	22.9	-14.0	20.5	
94.3	27.8	-21.4	18.0	
109.0	27.8	-14.0	-9.1	
101.6	30.3	-9.1	5.7	
64.7	18.0	-9.1	15.5	
32.8	25.4	-6.6	5.7	
-6.6	22.9	-6.6	-28.7	
-14.0	32.8	-4.1	-18.9	
15.5	15.5	-6.6	8.2	
-1.7	25.4	3.2	25.4	
22.9	22.9	-9.1	22.9	
18.0	20.5	-9.1	3.2	
3.2	20.5	-14.0	15.5	
-9.1	27.8	-9.1	10.6	
-41.0	30.3	-16.4	-1.7	
-31.2	42.6	-18.9	13.1	
8.2	35.2	-6.6	20.5	
69.7	35.2	-9.1	25.4	
96.7	45.1	10.6	20.5	
22.9	35.2	8.2	13.1	
-28.7	45.1	-1.7	18.0	
-58.3	50.0	-11.5	20.5	
-105.0	27.8	-1.7	30.3	
-112.4	35.2	-14.0	32.8	
-102.5	45.1	-33.7	25.4	
-100.1	35.2	-18.9	35.2	
-75.5	25.4	-6.6	32.8	
-53.3	35.2	5.7	50.0	
-23.8	25.4	15.5	30.3	
-9.1	22.9	22.9	37.7	
0.8	35.2	22.9	37.7	
3.2	22.9	25.4	32.8	
15.5	10.6	22.9	52.4	
22.9	15.5	22.9	37.7	
35.2	42.6	22.9	22.9	
32.8	45.1	20.5	15.5	
25.4	50.0	18.0	22.9	
27.8	62.3	25.4	32.8	
32.8	50.0	20.5	47.5	
35.2	22.9	13.1	32.8	
37.7	5.7	15.5	0.8	
30.3	15.5	18.0	5.7	
22.9	30.3	22.9	18.0	
35.2	37.7	20.5	27.8	
35.2	22.9	32.8	20.5	
35.2	22.9	27.8	32.8	
25.4	25.4	25.4	25.4	
27.8	32.8	15.5	32.8	
25.4	20.5	25.4	37.7	
25.4	20.5	25.4	25.4	
30.3	3.2	35.2	35.2	
32.8	13.1	27.8	40.1	
27.8	25.4	15.5	45.1	
27.8	15.5	18.0	42.6	
10.6	22.9	3.2	27.8	
13.1	25.4	10.6	35.2	
25.4	18.0	3.2	50.0	
22.9	30.3	5.7	59.8	
25.4	37.7	22.9	57.4	
18.0	37.7	15.5	42.6	
22.9	27.8	25.4	22.9	
30.3	37.7	25.4	30.3	
20.5	35.2	35.2	20.5	
20.5	20.5	40.1	15.5	
22.9	32.8	27.8	15.5	
18.0	35.2	40.1	22.9	
27.8	22.9	32.8	42.6	
25.4	40.1	25.4	42.6	
22.9	27.8	35.2	20.5	
27.8	20.5	37.7	-14.0	
13.1	32.8	42.6	0.8	
25.4	27.8	37.7	15.5	
30.3	32.8	22.9	15.5	
8.2	35.2	0.8	22.9	
13.1	25.4	3.2	8.2	
10.6	22.9	15.5	-6.6	
8.2	27.8	18.0	18.0	
15.5	25.4	15.5	18.0	
37.7	25.4	25.4	22.9	
30.3	30.3	25.4	8.2	
45.1	32.8	30.3	15.5	
42.6	37.7	22.9	18.0	
42.6	25.4	20.5	18.0	
54.9	32.8	18.0	-18.9	
32.8	32.8	30.3	-9.1	
15.5	27.8	25.4	-11.5	
-6.6	22.9	8.2	8.2	
-31.2	27.8	13.1	0.8	
-43.5	25.4	8.2	5.7	
-28.7	32.8	3.2	20.5	
-4.1	35.2	-6.6	30.3	
-1.7	30.3	-11.5	64.7	
-6.6	30.3	0.8	40.1	
13.1	27.8	8.2	10.6	
42.6	35.2	3.2	-36.1	
67.2	30.3	5.7	-33.7	
89.3	27.8	5.7	-14.0	
91.8	18.0	0.8	-18.9	
67.2	35.2	-11.5	-23.8	
22.9	22.9	-14.0	-28.7	
-48.4	35.2	-11.5	-28.7	
-55.8	27.8	-11.5	-28.7	
-58.3	30.3	8.2	-9.1	
-50.9	30.3	3.2	-9.1	
-28.7	22.9	18.0	-6.6	
10.6	22.9	10.6	-11.5	
42.6	32.8	10.6	-1.7	
91.8	20.5	0.8	-9.1	
143.5	25.4	-6.6	-11.5	
163.1	25.4	0.8	-9.1	
155.8	27.8	-4.1	-16.4	
54.9	27.8	-6.6	-6.6	
-53.3	30.3	-6.6	-21.4	
-90.2	22.9	3.2	-6.6	
-65.6	27.8	-14.0	8.2	
-95.2	30.3	-11.5	-16.4	
-129.6	22.9	0.8	-9.1	
-82.9	25.4	-1.7	5.7	
-55.8	13.1	8.2	3.2	
-28.7	32.8	3.2	5.7	
-11.5	25.4	-9.1	3.2	
-16.4	25.4	-18.9	3.2	
-1.7	20.5	-6.6	-21.4	
18.0	30.3	-6.6	-21.4	
40.1	27.8	-16.4	-21.4	
45.1	25.4	-21.4	-4.1	
40.1	32.8	-1.7	-16.4	
42.6	27.8	-4.1	-11.5	
25.4	32.8	-6.6	-11.5	
-4.1	22.9	-14.0	-9.1	
-38.6	35.2	-9.1	-14.0	
-23.8	20.5	-6.6	-16.4	
-1.7	35.2	-6.6	-6.6	
-1.7	35.2	-4.1	-1.7	
10.6	20.5	-23.8	3.2	
3.2	30.3	-21.4	0.8	
5.7	30.3	-14.0	-1.7	
15.5	22.9	-9.1	8.2	
15.5	20.5	-11.5	-9.1	
15.5	20.5	-1.7	-16.4	
22.9	35.2	-6.6	-1.7	
13.1	25.4	-6.6	-6.6	
45.1	30.3	8.2	-11.5	
82.0	25.4	-1.7	-6.6	
143.5	37.7	0.8	10.6	
163.1	30.3	0.8	-6.6	
158.2	27.8	3.2	0.8	
133.6	13.1	3.2	15.5	
64.7	27.8	0.8	15.5	
-43.5	10.6	5.7	5.7	
-124.7	30.3	-4.1	13.1	
-164.0	27.8	-1.7	40.1	
-134.5	37.7	-1.7	20.5	
-90.2	27.8	0.8	18.0	
-60.7	20.5	10.6	10.6	
-43.5	27.8	5.7	0.8	
-28.7	20.5	3.2	13.1	
-9.1	20.5	8.2	10.6	
3.2	25.4	8.2	-1.7	
-6.6	35.2	8.2	3.2	
3.2	27.8	-1.7	-11.5	
0.8	30.3	-1.7	-16.4	
5.7	22.9	5.7	20.5	
18.0	15.5	3.2	-9.1	
18.0	22.9	5.7	-33.7	
22.9	32.8	8.2	-23.8	
30.3	25.4	8.2	-1.7	
18.0	18.0	-1.7	-4.1	
30.3	20.5	8.2	3.2	
35.2	30.3	5.7	10.6	
27.8	27.8	-1.7	-14.0	
22.9	27.8	10.6	-4.1	
30.3	22.9	5.7	0.8	
25.4	25.4	-6.6	15.5	
10.6	20.5	8.2	22.9	
-1.7	20.5	0.8	27.8	
27.8	27.8	-4.1	35.2	
62.3	30.3	10.6	30.3	
67.2	27.8	5.7	45.1	
77.0	22.9	18.0	50.0	
57.4	22.9	15.5	25.4	
54.9	27.8	-9.1	20.5	
45.1	20.5	10.6	5.7	
-1.7	35.2	22.9	-26.3	
8.2	30.3	20.5	-9.1	
59.8	18.0	13.1	-16.4	
133.6	25.4	0.8	-11.5	
116.4	30.3	5.7	-14.0	
74.6	27.8	-9.1	3.2	
-4.1	32.8	0.8	5.7	
-68.1	20.5	5.7	-16.4	
-137.0	40.1	5.7	18.0	
-161.6	32.8	-1.7	25.4	
-124.7	27.8	15.5	-1.7	
-46.0	18.0	27.8	-11.5	
35.2	30.3	22.9	10.6	
136.1	20.5	27.8	-6.6	
256.6	32.8	13.1	-1.7	
315.7	25.4	13.1	15.5	
320.6	32.8	3.2	18.0	
229.6	32.8	3.2	10.6	
52.4	25.4	8.2	22.9	
-127.1	37.7	5.7	10.6	
-269.8	25.4	3.2	-18.9	
-336.2	35.2	-1.7	-21.4	
-306.7	27.8	18.0	5.7	
-262.4	27.8	10.6	-1.7	
-171.4	25.4	8.2	-6.6	
-43.5	35.2	5.7	0.8	
18.0	37.7	8.2	5.7	
59.8	27.8	-14.0	-1.7	
52.4	40.1	3.2	3.2	
47.5	20.5	0.8	22.9	
-9.1	27.8	10.6	18.0	
-43.5	32.8	13.1	20.5	
30.3	27.8	8.2	-9.1	
104.1	22.9	18.0	-16.4	
175.4	22.9	5.7	-4.1	
229.6	32.8	0.8	8.2	
214.8	25.4	3.2	0.8	
192.7	25.4	8.2	-16.4	
106.6	37.7	8.2	8.2	
-68.1	15.5	0.8	-9.1	
-242.8	27.8	5.7	-14.0	
-299.3	22.9	22.9	-9.1	
-228.0	22.9	20.5	-18.9	
-127.1	25.4	18.0	-18.9	
-41.0	32.8	5.7	-21.4	
-4.1	18.0	3.2	5.7	
-9.1	30.3	13.1	-11.5	
-16.4	30.3	13.1	-6.6	
5.7	25.4	20.5	-4.1	
3.2	22.9	13.1	-9.1	
-14.0	27.8	25.4	5.7	
0.8	20.5	25.4	5.7	
-23.8	27.8	35.2	0.8	
-4.1	35.2	32.8	-4.1	
20.5	27.8	13.1	-4.1	
47.5	27.8	18.0	8.2	
59.8	18.0	18.0	-1.7	
59.8	22.9	13.1	3.2	
50.0	25.4	15.5	-9.1	
37.7	25.4	27.8	-11.5	
30.3	27.8	32.8	-11.5	
54.9	37.7	25.4	-1.7	
72.1	27.8	3.2	15.5	
77.0	27.8	-1.7	15.5	
86.9	25.4	15.5	45.1	
69.7	25.4	-14.0	27.8	
30.3	32.8	-23.8	-26.3	
-53.3	27.8	-4.1	-46.0	
-82.9	20.5	30.3	-11.5	
-26.3	15.5	45.1	-23.8	
-9.1	18.0	32.8	-1.7	
3.2	20.5	5.7	-14.0	
10.6	25.4	-4.1	-11.5	
5.7	30.3	-4.1	-16.4	
15.5	30.3	-6.6	-1.7	
25.4	20.5	3.2	0.8	
22.9	30.3	-4.1	-11.5	
25.4	32.8	-14.0	8.2	
30.3	35.2	-1.7	20.5	
37.7	25.4	13.1	45.1	
35.2	27.8	25.4	20.5	
30.3	30.3	25.4	-11.5	
50.0	30.3	18.0	-26.3	
40.1	22.9	8.2	10.6	
47.5	27.8	13.1	15.5	
13.1	32.8	0.8	8.2	
13.1	22.9	-14.0	15.5	
27.8	22.9	15.5	3.2	
118.9	22.9	5.7	-58.3	
236.9	32.8	-6.6	-68.1	
300.9	25.4	8.2	8.2	
291.1	25.4	-16.4	3.2	
224.6	22.9	-1.7	10.6	
121.3	35.2	-11.5	-9.1	
-58.3	25.4	-1.7	-9.1	
-213.2	25.4	-11.5	-4.1	
-294.4	25.4	-1.7	-1.7	
-264.9	20.5	-1.7	-1.7	
-188.6	25.4	-9.1	3.2	
-181.3	30.3	-6.6	8.2	
-134.5	27.8	-4.1	-6.6	
-65.6	27.8	-6.6	-4.1	
-11.5	22.9	-4.1	-9.1	
30.3	25.4	-6.6	8.2	
50.0	22.9	0.8	18.0	
27.8	27.8	-11.5	30.3	
-21.4	18.0	-4.1	18.0	
-41.0	30.3	3.2	15.5	
-41.0	22.9	-1.7	-4.1	
-18.9	22.9	3.2	5.7	
-23.8	22.9	-6.6	-38.6	
-9.1	25.4	-14.0	-16.4	
22.9	22.9	-6.6	0.8	
50.0	13.1	10.6	3.2	
91.8	20.5	8.2	15.5	
101.6	13.1	15.5	-18.9	
116.4	22.9	3.2	-6.6	
96.7	15.5	-1.7	-1.7	
82.0	20.5	-11.5	-1.7	
50.0	22.9	0.8	0.8	
3.2	27.8	5.7	3.2	
-9.1	15.5	3.2	13.1	
-1.7	37.7	-1.7	3.2	
32.8	22.9	-1.7	10.6	
99.2	27.8	3.2	3.2	
182.8	30.3	22.9	-4.1	
170.5	20.5	18.0	8.2	
86.9	20.5	18.0	18.0	
-38.6	25.4	35.2	25.4	
-107.5	25.4	8.2	20.5	
-132.1	20.5	8.2	22.9	
-134.5	25.4	8.2	20.5	
-183.7	18.0	-11.5	20.5	
-220.6	22.9	-4.1	22.9	
-193.6	13.1	-1.7	25.4	
-134.5	20.5	0.8	27.8	
-41.0	22.9	13.1	30.3	
20.5	22.9	20.5	30.3	
62.3	32.8	3.2	47.5	
59.8	32.8	8.2	10.6	
62.3	20.5	20.5	15.5	
32.8	22.9	27.8	57.4	
-38.6	25.4	10.6	13.1	
-41.0	25.4	8.2	45.1	
5.7	18.0	8.2	10.6	
22.9	22.9	5.7	-28.7	
32.8	20.5	15.5	-36.1	
25.4	15.5	20.5	-21.4	
15.5	18.0	13.1	-1.7	
-4.1	30.3	8.2	3.2	
3.2	20.5	5.7	-4.1	
20.5	25.4	5.7	-14.0	
20.5	30.3	5.7	-9.1	
40.1	20.5	5.7	-16.4	
40.1	32.8	5.7	0.8	
8.2	18.0	-6.6	5.7	
-23.8	18.0	15.5	18.0	
-11.5	25.4	15.5	42.6	
-11.5	18.0	18.0	13.1	
27.8	32.8	8.2	25.4	
40.1	27.8	0.8	40.1	
37.7	30.3	8.2	27.8	
37.7	20.5	3.2	8.2	
45.1	30.3	-4.1	-4.1	
22.9	22.9	3.2	10.6	
30.3	30.3	5.7	22.9	
30.3	25.4	8.2	15.5	
25.4	32.8	22.9	25.4	
20.5	32.8	15.5	18.0	
10.6	35.2	13.1	-9.1	
18.0	32.8	13.1	-23.8	
3.2	30.3	18.0	-9.1	
22.9	22.9	22.9	8.2	
18.0	32.8	13.1	3.2	
13.1	35.2	22.9	3.2	
30.3	27.8	25.4	-4.1	
62.3	5.7	8.2	8.2	
72.1	3.2	10.6	8.2	
64.7	22.9	10.6	5.7	
62.3	25.4	13.1	-9.1	
37.7	32.8	8.2	3.2	
-31.2	32.8	13.1	-1.7	
-65.6	20.5	20.5	-4.1	
-38.6	20.5	18.0	-18.9	
-14.0	27.8	-1.7	-16.4	
37.7	22.9	8.2	13.1	
52.4	25.4	3.2	27.8	
57.4	35.2	-1.7	30.3	
57.4	32.8	3.2	27.8	
82.0	30.3	15.5	32.8	
128.7	30.3	15.5	25.4	
141.0	32.8	0.8	37.7	
116.4	20.5	-1.7	13.1	
109.0	18.0	5.7	0.8	
84.4	22.9	5.7	-11.5	
3.2	27.8	3.2	-11.5	
-144.4	30.3	10.6	13.1	
-247.7	20.5	10.6	5.7	
-223.1	20.5	18.0	5.7	
-132.1	22.9	3.2	18.0	
-43.5	27.8	8.2	18.0	
-16.4	37.7	0.8	13.1	
13.1	27.8	5.7	-1.7	
-1.7	35.2	10.6	0.8	
-33.7	25.4	5.7	13.1	
-26.3	25.4	10.6	20.5	
-11.5	37.7	5.7	-1.7	
-9.1	32.8	-1.7	5.7	
-11.5	30.3	13.1	18.0	
-9.1	22.9	15.5	25.4	
35.2	25.4	22.9	3.2	
79.5	27.8	22.9	-6.6	
101.6	18.0	8.2	-1.7	
89.3	22.9	18.0	5.7	
109.0	15.5	27.8	13.1	
155.8	15.5	18.0	32.8	
155.8	35.2	8.2	13.1	
96.7	30.3	0.8	10.6	
64.7	35.2	15.5	18.0	
-6.6	35.2	10.6	5.7	
-90.2	22.9	13.1	8.2	
-127.1	22.9	0.8	0.8	
-70.6	32.8	-6.6	10.6	
10.6	37.7	0.8	3.2	
72.1	47.5	-4.1	-1.7	
77.0	27.8	3.2	10.6	
54.9	37.7	3.2	25.4	
-21.4	42.6	8.2	27.8	
-109.9	22.9	18.0	22.9	
-127.1	30.3	15.5	20.5	
-38.6	27.8	18.0	27.8	
20.5	22.9	22.9	22.9	
5.7	32.8	27.8	32.8	
-36.1	35.2	15.5	32.8	
-82.9	37.7	20.5	-14.0	
-112.4	40.1	20.5	35.2	
-65.6	37.7	10.6	22.9	
-58.3	40.1	5.7	32.8	
-65.6	52.4	3.2	-1.7	
-38.6	67.2	15.5	-16.4	
-1.7	67.2	10.6	8.2	
3.2	52.4	13.1	8.2	
-21.4	54.9	15.5	13.1	
-23.8	50.0	10.6	-16.4	
0.8	30.3	3.2	-38.6	
47.5	25.4	0.8	-1.7	
91.8	27.8	-1.7	13.1	
101.6	50.0	8.2	13.1	
99.2	45.1	15.5	8.2	
72.1	42.6	15.5	10.6	
22.9	35.2	22.9	13.1	
-46.0	40.1	20.5	3.2	
-26.3	47.5	30.3	10.6	
-18.9	37.7	18.0	13.1	
-16.4	42.6	18.0	22.9	
-6.6	37.7	25.4	25.4	
25.4	47.5	22.9	32.8	
69.7	37.7	13.1	42.6	
84.4	45.1	20.5	22.9	
69.7	37.7	13.1	25.4	
57.4	27.8	20.5	-6.6	
27.8	10.6	10.6	8.2	
20.5	20.5	0.8	15.5	
3.2	10.6	-1.7	40.1	
-31.2	0.8	3.2	42.6	
-9.1	-6.6	5.7	37.7	
25.4	-4.1	0.8	25.4	
45.1	0.8	10.6	40.1	
37.7	0.8	3.2	54.9	
15.5	20.5	5.7	47.5	
0.8	20.5	5.7	8.2	
8.2	32.8	5.7	-23.8	
-14.0	35.2	0.8	-85.3	
-18.9	30.3	13.1	-53.3	
18.0	30.3	15.5	-36.1	
30.3	18.0	15.5	-14.0	
22.9	18.0	15.5	15.5	
35.2	22.9	3.2	15.5	
45.1	5.7	3.2	-4.1	
50.0	13.1	-4.1	-11.5	
50.0	20.5	-9.1	-4.1	
40.1	30.3	15.5	10.6	
42.6	22.9	8.2	3.2	
32.8	20.5	-1.7	-1.7	
35.2	32.8	0.8	10.6	
-18.9	37.7	13.1	15.5	
-70.6	37.7	18.0	18.0	
-58.3	18.0	18.0	5.7	
-58.3	45.1	22.9	18.0	
-48.4	45.1	8.2	18.0	
40.1	47.5	0.8	13.1	
148.4	42.6	10.6	15.5	
205.0	50.0	5.7	37.7	
195.1	40.1	13.1	37.7	
155.8	52.4	15.5	20.5	
57.4	45.1	10.6	13.1	
-95.2	50.0	15.5	3.2	
-213.2	42.6	8.2	30.3	
-225.5	40.1	3.2	3.2	
-166.5	52.4	0.8	-31.2	
-105.0	40.1	0.8	-23.8	
-38.6	40.1	13.1	-26.3	
-26.3	40.1	20.5	-9.1	
-16.4	42.6	25.4	18.0	
3.2	27.8	15.5	30.3	
-9.1	30.3	20.5	15.5	
15.5	35.2	22.9	13.1	
15.5	35.2	20.5	-9.1	
-4.1	37.7	5.7	-6.6	
-41.0	27.8	10.6	-16.4	
-43.5	42.6	5.7	10.6	
-23.8	35.2	20.5	25.4	
13.1	37.7	25.4	42.6	
62.3	32.8	8.2	42.6	
82.0	35.2	-1.7	10.6	
96.7	32.8	18.0	32.8	
86.9	27.8	27.8	22.9	
69.7	25.4	25.4	20.5	
62.3	27.8	25.4	8.2	
50.0	35.2	10.6	-21.4	
27.8	22.9	-1.7	10.6	
45.1	13.1	18.0	32.8	
54.9	22.9	18.0	40.1	
40.1	30.3	18.0	42.6	
35.2	30.3	10.6	69.7	
-31.2	35.2	3.2	72.1	
-75.5	27.8	13.1	69.7	
-50.9	22.9	22.9	40.1	
-4.1	40.1	10.6	27.8	
10.6	37.7	5.7	13.1	
5.7	54.9	5.7	-1.7	
25.4	52.4	8.2	-31.2	
69.7	32.8	0.8	-26.3	
72.1	27.8	10.6	-11.5	
82.0	37.7	13.1	-6.6	
64.7	37.7	-1.7	-14.0	
15.5	40.1	-6.6	-4.1	
-87.8	40.1	15.5	10.6	
-154.2	30.3	5.7	22.9	
-144.4	40.1	-4.1	25.4	
-87.8	30.3	13.1	35.2	
-41.0	25.4	15.5	8.2	
-6.6	18.0	10.6	-6.6	
-4.1	8.2	3.2	-16.4	
15.5	15.5	8.2	-11.5	
27.8	20.5	5.7	-6.6	
27.8	22.9	0.8	10.6	
35.2	37.7	5.7	30.3	
50.0	35.2	0.8	35.2	
45.1	45.1	-1.7	15.5	
32.8	37.7	-4.1	-4.1	
10.6	45.1	-1.7	-23.8	
35.2	32.8	0.8	-26.3	
54.9	35.2	5.7	-18.9	
50.0	35.2	3.2	-4.1	
42.6	25.4	5.7	5.7	
42.6	30.3	-4.1	-1.7	
45.1	30.3	15.5	5.7	
32.8	25.4	18.0	0.8	
-21.4	10.6	3.2	0.8	
-4.1	13.1	3.2	-14.0	
40.1	22.9	5.7	-6.6	
64.7	37.7	0.8	-11.5	
62.3	22.9	-9.1	3.2	
40.1	50.0	-18.9	0.8	
35.2	32.8	0.8	3.2	
30.3	32.8	15.5	5.7	
-6.6	40.1	10.6	15.5	
-33.7	45.1	0.8	13.1	
-28.7	32.8	-1.7	20.5	
-16.4	30.3	-4.1	25.4	
-26.3	13.1	3.2	25.4	
-46.0	27.8	-1.7	-6.6	
-65.6	32.8	0.8	-1.7	
-80.4	35.2	8.2	-16.4	
-87.8	40.1	-1.7	25.4	
-58.3	37.7	0.8	47.5	
-31.2	25.4	-6.6	72.1	
10.6	35.2	0.8	15.5	
32.8	32.8	-1.7	-4.1	
32.8	27.8	5.7	-23.8	
35.2	37.7	-1.7	0.8	
25.4	20.5	0.8	5.7	
35.2	40.1	-1.7	-36.1	
22.9	40.1	13.1	-16.4	
22.9	37.7	15.5	-14.0	
27.8	25.4	13.1	20.5	
32.8	37.7	15.5	25.4	
32.8	47.5	3.2	5.7	
54.9	27.8	5.7	0.8	
50.0	35.2	0.8	-16.4	
52.4	30.3	8.2	-6.6	
54.9	30.3	3.2	-1.7	
32.8	25.4	3.2	30.3	
-11.5	47.5	-4.1	20.5	
-11.5	40.1	0.8	20.5	
30.3	32.8	0.8	18.0	
89.3	25.4	5.7	-4.1	
126.2	18.0	8.2	-14.0	
84.4	37.7	-1.7	-18.9	
18.0	35.2	8.2	-1.7	
-31.2	32.8	3.2	-1.7	
-46.0	37.7	5.7	22.9	
-31.2	47.5	-4.1	22.9	
-43.5	20.5	-1.7	20.5	
-63.2	25.4	-4.1	35.2	
-28.7	30.3	10.6	30.3	
-58.3	27.8	-1.7	5.7	
-80.4	30.3	0.8	-4.1	
-38.6	32.8	-1.7	-6.6	
57.4	42.6	13.1	-53.3	
126.2	35.2	10.6	-50.9	
141.0	32.8	22.9	-1.7	
150.8	27.8	20.5	45.1	
141.0	32.8	20.5	32.8	
94.3	32.8	18.0	-1.7	
-46.0	30.3	10.6	0.8	
-119.8	27.8	15.5	-4.1	
-119.8	37.7	13.1	15.5	
-164.0	27.8	15.5	18.0	
-178.8	35.2	18.0	20.5	
-107.5	37.7	13.1	22.9	
-80.4	35.2	18.0	-9.1	
-11.5	22.9	0.8	0.8	
20.5	22.9	0.8	8.2	
50.0	25.4	3.2	18.0	
59.8	35.2	8.2	10.6	
62.3	22.9	8.2	-6.6	
50.0	22.9	8.2	10.6	
47.5	42.6	8.2	27.8	
52.4	30.3	3.2	47.5	
22.9	32.8	3.2	35.2	
-14.0	35.2	3.2	8.2	
-14.0	35.2	13.1	3.2	
10.6	37.7	22.9	22.9	
18.0	35.2	13.1	32.8	
50.0	40.1	13.1	25.4	
59.8	30.3	10.6	18.0	
47.5	22.9	-6.6	25.4	
0.8	30.3	0.8	-9.1	
-1.7	35.2	8.2	-18.9	
15.5	27.8	-4.1	-28.7	
42.6	45.1	15.5	-18.9	
18.0	25.4	8.2	-28.7	
42.6	32.8	15.5	-28.7	
54.9	30.3	18.0	-9.1	
69.7	37.7	10.6	8.2	
91.8	27.8	-1.7	52.4	
94.3	22.9	5.7	45.1	
94.3	25.4	5.7	18.0	
67.2	37.7	5.7	25.4	
45.1	18.0	0.8	30.3	
-18.9	30.3	8.2	20.5	
-48.4	20.5	10.6	27.8	
-68.1	27.8	3.2	32.8	
-107.5	30.3	3.2	8.2	
-122.2	30.3	5.7	5.7	
-68.1	35.2	10.6	10.6	
-41.0	27.8	-4.1	10.6	
-73.0	18.0	0.8	13.1	
-75.5	25.4	10.6	32.8	
-58.3	35.2	10.6	15.5	
-46.0	37.7	0.8	10.6	
-28.7	25.4	8.2	-1.7	
-14.0	32.8	5.7	27.8	
-9.1	27.8	8.2	45.1	
3.2	47.5	5.7	42.6	
13.1	25.4	8.2	32.8	
20.5	32.8	-4.1	15.5	
37.7	27.8	18.0	30.3	
47.5	22.9	8.2	-4.1	
50.0	27.8	3.2	-16.4	
30.3	20.5	3.2	-4.1	
32.8	40.1	3.2	-1.7	
54.9	32.8	-4.1	18.0	
69.7	25.4	15.5	25.4	
118.9	30.3	5.7	5.7	
141.0	35.2	3.2	-6.6	
128.7	25.4	-1.7	0.8	
67.2	45.1	8.2	-14.0	
5.7	35.2	-1.7	0.8	
-26.3	37.7	3.2	-4.1	
-26.3	35.2	10.6	3.2	
-38.6	30.3	-1.7	0.8	
-55.8	18.0	-1.7	-1.7	
-53.3	27.8	-1.7	10.6	
-41.0	30.3	0.8	3.2	
-53.3	32.8	8.2	20.5	
-31.2	37.7	5.7	30.3	
-14.0	30.3	-6.6	32.8	
-16.4	25.4	8.2	18.0	
3.2	30.3	-1.7	-4.1	
-28.7	18.0	0.8	-23.8	
-50.9	25.4	10.6	5.7	
-18.9	30.3	3.2	13.1	
22.9	30.3	8.2	22.9	
37.7	42.6	5.7	37.7	
15.5	42.6	3.2	13.1	
37.7	40.1	0.8	-11.5	
25.4	25.4	0.8	-14.0	
13.1	25.4	0.8	-46.0	
-18.9	22.9	-14.0	-28.7	
-31.2	22.9	8.2	5.7	
-14.0	20.5	5.7	-1.7	
15.5	25.4	0.8	20.5	
42.6	22.9	5.7	42.6	
52.4	25.4	-6.6	-46.0	
64.7	25.4	-11.5	-11.5	
67.2	40.1	10.6	5.7	
82.0	40.1	5.7	47.5	
67.2	27.8	13.1	27.8	
37.7	25.4	15.5	25.4	
-11.5	0.8	8.2	-14.0	
-18.9	18.0	0.8	-11.5	
-31.2	30.3	13.1	-14.0	
-63.2	45.1	18.0	-21.4	
-55.8	50.0	13.1	-6.6	
-28.7	52.4	13.1	-4.1	
-4.1	64.7	20.5	5.7	
15.5	52.4	13.1	13.1	
32.8	47.5	13.1	20.5	
37.7	35.2	13.1	32.8	
3.2	35.2	20.5	30.3	
-38.6	37.7	18.0	18.0	
-18.9	15.5	5.7	8.2	
0.8	27.8	8.2	8.2	
8.2	20.5	8.2	-14.0	
15.5	27.8	5.7	10.6	
15.5	10.6	0.8	27.8	
32.8	20.5	8.2	42.6	
30.3	18.0	0.8	27.8	
32.8	18.0	-1.7	-4.1	
30.3	27.8	15.5	3.2	
35.2	32.8	25.4	30.3	
22.9	47.5	20.5	-14.0	
3.2	42.6	20.5	-21.4	
8.2	35.2	18.0	-4.1	
8.2	32.8	8.2	3.2	
35.2	22.9	3.2	3.2	
64.7	30.3	8.2	13.1	
77.0	25.4	13.1	22.9	
84.4	42.6	15.5	20.5	
143.5	37.7	15.5	8.2	
148.4	27.8	13.1	3.2	
82.0	27.8	15.5	10.6	
45.1	22.9	13.1	13.1	
27.8	32.8	5.7	0.8	
-1.7	45.1	5.7	-9.1	
-85.3	50.0	18.0	-18.9	
-146.8	47.5	0.8	-11.5	
-117.3	35.2	5.7	-11.5	
-16.4	32.8	5.7	3.2	
50.0	25.4	8.2	0.8	
84.4	18.0	10.6	25.4	
89.3	27.8	3.2	32.8	
54.9	22.9	8.2	54.9	
13.1	32.8	20.5	57.4	
-16.4	25.4	22.9	47.5	
-90.2	45.1	8.2	18.0	
-119.8	32.8	18.0	15.5	
-117.3	25.4	20.5	13.1	
-97.6	30.3	3.2	-48.4	
-60.7	27.8	-1.7	-55.8	
-73.0	37.7	5.7	-26.3	
-46.0	25.4	3.2	-21.4	
-18.9	35.2	8.2	-14.0	
42.6	30.3	8.2	-11.5	
72.1	30.3	10.6	-9.1	
67.2	27.8	10.6	-23.8	
72.1	30.3	5.7	-1.7	
84.4	22.9	0.8	-23.8	
59.8	22.9	8.2	-11.5	
20.5	37.7	10.6	3.2	
72.1	35.2	0.8	-1.7	
72.1	27.8	0.8	13.1	
-4.1	27.8	8.2	18.0	
-97.6	35.2	0.8	10.6	
-95.2	37.7	0.8	15.5	
-60.7	30.3	-1.7	15.5	
-43.5	22.9	5.7	-1.7	
-1.7	32.8	-1.7	-1.7	
20.5	27.8	8.2	-18.9	
62.3	32.8	-9.1	-1.7	
99.2	27.8	3.2	5.7	
123.8	35.2	5.7	22.9	
123.8	30.3	8.2	30.3	
54.9	35.2	-4.1	8.2	
-36.1	35.2	-1.7	3.2	
-124.7	27.8	0.8	-11.5	
-139.4	40.1	0.8	3.2	
-105.0	25.4	-6.6	-11.5	
-68.1	37.7	10.6	0.8	
-18.9	32.8	-4.1	-9.1	
-6.6	40.1	-4.1	-9.1	
8.2	27.8	-9.1	5.7	
-9.1	42.6	-6.6	-1.7	
5.7	30.3	-6.6	8.2	
-1.7	32.8	-4.1	-6.6	
5.7	32.8	-1.7	10.6	
15.5	35.2	-4.1	5.7	
35.2	35.2	-1.7	0.8	
35.2	25.4	3.2	45.1	
40.1	40.1	0.8	52.4	
37.7	32.8	-6.6	18.0	
37.7	32.8	-6.6	-16.4	
40.1	30.3	0.8	-6.6	
47.5	42.6	8.2	-9.1	
32.8	30.3	3.2	-11.5	
30.3	32.8	-4.1	0.8	
50.0	30.3	-1.7	-4.1	
57.4	25.4	-9.1	5.7	
47.5	30.3	-11.5	20.5	
35.2	30.3	-6.6	10.6	
47.5	27.8	-16.4	15.5	
84.4	25.4	-1.7	-28.7	
67.2	32.8	-9.1	-1.7	
77.0	40.1	-4.1	3.2	
77.0	35.2	-6.6	-6.6	
52.4	42.6	-1.7	3.2	
3.2	32.8	3.2	25.4	
-50.9	25.4	-1.7	3.2	
-90.2	27.8	-4.1	-9.1	
-73.0	25.4	3.2	-1.7	
-41.0	35.2	-1.7	0.8	
-18.9	35.2	5.7	15.5	
-18.9	32.8	-4.1	-16.4	
-1.7	37.7	-1.7	0.8	
10.6	37.7	0.8	18.0	
-14.0	35.2	-4.1	22.9	
-41.0	35.2	-6.6	40.1	
-85.3	32.8	8.2	13.1	
-53.3	40.1	-4.1	-21.4	
-33.7	30.3	0.8	-1.7	
-9.1	35.2	-6.6	-9.1	
5.7	27.8	5.7	0.8	
18.0	32.8	3.2	3.2	
30.3	30.3	5.7	-4.1	
27.8	42.6	-6.6	8.2	
47.5	37.7	-1.7	-1.7	
74.6	40.1	3.2	-38.6	
91.8	30.3	-1.7	-26.3	
89.3	35.2	3.2	-4.1	
104.1	35.2	3.2	-9.1	
91.8	27.8	8.2	-9.1	
91.8	25.4	10.6	-6.6	
57.4	40.1	3.2	-1.7	
-21.4	32.8	8.2	-21.4	
-43.5	30.3	-1.7	-4.1	
-31.2	32.8	0.8	-4.1	
-16.4	30.3	5.7	0.8	
-16.4	45.1	5.7	0.8	
-28.7	57.4	15.5	-1.7	
-21.4	47.5	15.5	18.0	
-23.8	42.6	5.7	3.2	
-41.0	42.6	13.1	-1.7	
-58.3	35.2	13.1	0.8	
-26.3	37.7	10.6	15.5	
27.8	37.7	13.1	3.2	
86.9	32.8	15.5	0.8	
126.2	37.7	5.7	3.2	
143.5	37.7	8.2	10.6	
138.5	22.9	-4.1	5.7	
104.1	32.8	20.5	-4.1	
72.1	32.8	20.5	-6.6	
37.7	32.8	-4.1	13.1	
30.3	22.9	0.8	13.1	
15.5	40.1	10.6	-1.7	
-50.9	27.8	0.8	8.2	
-124.7	30.3	5.7	-28.7	
-100.1	32.8	5.7	-23.8	
-85.3	25.4	-4.1	-9.1	
-97.6	35.2	5.7	0.8	
-139.4	25.4	0.8	5.7	
-117.3	32.8	3.2	13.1	
-68.1	22.9	13.1	40.1	
-36.1	32.8	5.7	32.8	
-14.0	32.8	-1.7	5.7	
15.5	30.3	8.2	-11.5	
42.6	32.8	3.2	-18.9	
40.1	35.2	15.5	-36.1	
40.1	25.4	8.2	-14.0	
30.3	27.8	8.2	8.2	
22.9	27.8	15.5	15.5	
-23.8	35.2	5.7	22.9	
-90.2	35.2	13.1	13.1	
-82.9	22.9	8.2	-6.6	
-4.1	37.7	8.2	-48.4	
22.9	32.8	-1.7	-14.0	
45.1	27.8	13.1	0.8	
72.1	32.8	5.7	0.8	
86.9	30.3	10.6	10.6	
69.7	32.8	-1.7	25.4	
69.7	32.8	8.2	25.4	
57.4	30.3	-4.1	10.6	
10.6	27.8	5.7	20.5	
-92.7	35.2	10.6	-28.7	
-107.5	27.8	0.8	-11.5	
-55.8	30.3	-1.7	-21.4	
-4.1	35.2	-9.1	-14.0	
40.1	45.1	0.8	-4.1	
62.3	35.2	5.7	8.2	
64.7	32.8	8.2	-14.0	
45.1	27.8	5.7	8.2	
30.3	27.8	-1.7	10.6	
40.1	22.9	3.2	5.7	
22.9	25.4	-11.5	-4.1	
0.8	27.8	13.1	18.0	
-18.9	22.9	8.2	5.7	
-21.4	32.8	-6.6	18.0	
-6.6	30.3	-1.7	-6.6	
-9.1	27.8	-11.5	-9.1	
8.2	32.8	-6.6	0.8	
22.9	25.4	13.1	10.6	
37.7	30.3	18.0	0.8	
22.9	25.4	8.2	-16.4	
25.4	35.2	0.8	-4.1	
3.2	25.4	8.2	-1.7	
-26.3	22.9	-9.1	-1.7	
-11.5	40.1	10.6	5.7	
8.2	25.4	8.2	8.2	
8.2	27.8	15.5	32.8	
8.2	22.9	10.6	32.8	
8.2	30.3	0.8	10.6	
15.5	37.7	3.2	-4.1	
32.8	35.2	3.2	-23.8	
25.4	42.6	-6.6	-31.2	
32.8	22.9	-4.1	0.8	
27.8	32.8	0.8	13.1	
37.7	30.3	3.2	-28.7	
32.8	32.8	-4.1	-11.5	
13.1	35.2	0.8	10.6	
-1.7	32.8	-4.1	-4.1	
-14.0	22.9	5.7	18.0	
-4.1	25.4	3.2	0.8	
5.7	30.3	8.2	22.9	
0.8	25.4	-1.7	13.1	
15.5	25.4	-1.7	-1.7	
27.8	35.2	3.2	10.6	
22.9	35.2	-4.1	0.8	
40.1	20.5	3.2	-18.9	
45.1	18.0	13.1	-16.4	
45.1	30.3	13.1	-9.1	
52.4	32.8	5.7	-1.7	
62.3	37.7	5.7	-23.8	
57.4	37.7	0.8	5.7	
57.4	32.8	0.8	-6.6	
47.5	27.8	-4.1	-9.1	
20.5	20.5	10.6	-6.6	
-1.7	37.7	5.7	-21.4	
-18.9	30.3	5.7	0.8	
-31.2	27.8	8.2	15.5	
-14.0	22.9	15.5	5.7	
35.2	22.9	13.1	-9.1	
69.7	10.6	10.6	0.8	
72.1	10.6	3.2	3.2	
82.0	37.7	8.2	-11.5	
67.2	27.8	8.2	-4.1	
3.2	27.8	3.2	-4.1	
-73.0	35.2	0.8	5.7	
-70.6	32.8	3.2	0.8	
-14.0	32.8	3.2	3.2	
57.4	25.4	3.2	18.0	
82.0	27.8	5.7	18.0	
54.9	27.8	-6.6	-11.5	
47.5	35.2	-1.7	-4.1	
-16.4	25.4	5.7	20.5	
-58.3	42.6	0.8	-1.7	
-100.1	35.2	0.8	-1.7	
-122.2	18.0	18.0	0.8	
-58.3	18.0	10.6	-11.5	
-14.0	35.2	3.2	15.5	
18.0	32.8	5.7	37.7	
54.9	22.9	-1.7	5.7	
25.4	22.9	13.1	-23.8	
3.2	25.4	8.2	0.8	
-48.4	37.7	3.2	-16.4	
-23.8	40.1	3.2	-33.7	
-11.5	35.2	0.8	0.8	
-63.2	20.5	8.2	0.8	
-102.5	25.4	-1.7	-14.0	
-100.1	30.3	5.7	-6.6	
-75.5	30.3	13.1	-14.0	
-63.2	15.5	8.2	3.2	
18.0	20.5	-1.7	13.1	
42.6	22.9	-4.1	15.5	
25.4	35.2	-1.7	8.2	
18.0	30.3	-4.1	3.2	
-1.7	32.8	0.8	5.7	
-48.4	35.2	-9.1	18.0	
-63.2	40.1	0.8	10.6	
-33.7	35.2	-1.7	22.9	
-26.3	47.5	-4.1	18.0	
8.2	37.7	-1.7	22.9	
18.0	35.2	5.7	37.7	
45.1	47.5	5.7	35.2	
20.5	47.5	10.6	15.5	
5.7	27.8	0.8	15.5	
20.5	35.2	-4.1	5.7	
37.7	22.9	5.7	-63.2	
30.3	25.4	8.2	-68.1	
27.8	30.3	5.7	-41.0	
32.8	42.6	3.2	-14.0	
40.1	42.6	-6.6	-16.4	
35.2	50.0	5.7	10.6	
35.2	37.7	-6.6	25.4	
40.1	45.1	-4.1	0.8	
27.8	62.3	5.7	0.8	
37.7	45.1	-6.6	-16.4	
42.6	45.1	10.6	-4.1	
32.8	37.7	-4.1	8.2	
5.7	22.9	5.7	-14.0	
-11.5	25.4	-1.7	5.7	
-1.7	20.5	15.5	20.5	
15.5	37.7	8.2	22.9	
27.8	45.1	8.2	54.9	
32.8	64.7	3.2	42.6	
30.3	45.1	5.7	3.2	
37.7	52.4	-4.1	20.5	
47.5	22.9	-1.7	3.2	
37.7	25.4	13.1	-11.5	
40.1	20.5	13.1	-16.4	
30.3	20.5	5.7	-16.4	
25.4	5.7	-6.6	-9.1	
40.1	-9.1	-1.7	-11.5	
37.7	-9.1	-9.1	-14.0	
22.9	5.7	10.6	0.8	
27.8	3.2	-6.6	10.6	
27.8	15.5	-4.1	-23.8	
15.5	10.6	3.2	-4.1	
20.5	8.2	-4.1	30.3	
25.4	10.6	5.7	40.1	
32.8	10.6	-9.1	0.8	
37.7	-1.7	3.2	5.7	
40.1	5.7	-1.7	20.5	
30.3	10.6	8.2	10.6	
37.7	10.6	-1.7	-1.7	
27.8	27.8	5.7	-16.4	
20.5	25.4	-6.6	-18.9	
-11.5	22.9	3.2	-16.4	
-36.1	22.9	-9.1	10.6	
-31.2	20.5	-1.7	-1.7	
-28.7	15.5	3.2	-14.0	
-9.1	22.9	3.2	8.2	
-9.1	10.6	-6.6	22.9	
-4.1	18.0	0.8	25.4	
-4.1	37.7	5.7	-4.1	
-31.2	40.1	-4.1	8.2	
-16.4	32.8	-6.6	5.7	
15.5	42.6	0.8	0.8	
64.7	42.6	-1.7	10.6	
77.0	54.9	3.2	25.4	
91.8	42.6	8.2	15.5	
74.6	47.5	-4.1	5.7	
50.0	42.6	5.7	3.2	
15.5	50.0	-6.6	-4.1	
-21.4	45.1	0.8	0.8	
-73.0	35.2	8.2	13.1	
-65.6	40.1	-4.1	32.8	
8.2	27.8	-1.7	37.7	
47.5	30.3	0.8	18.0	
74.6	47.5	-6.6	-9.1	
69.7	22.9	3.2	-11.5	
50.0	37.7	0.8	10.6	
77.0	32.8	10.6	-1.7	
54.9	30.3	8.2	0.8	
45.1	37.7	5.7	-23.8	
89.3	25.4	0.8	-11.5	
64.7	25.4	0.8	-1.7	
-4.1	25.4	-1.7	18.0	
-107.5	37.7	-1.7	30.3	
-107.5	30.3	5.7	5.7	
-102.5	27.8	10.6	13.1	
-43.5	30.3	-4.1	10.6	
30.3	18.0	-1.7	-11.5	
52.4	27.8	3.2	-6.6	
22.9	30.3	5.7	13.1	
-50.9	35.2	-6.6	18.0	
-102.5	42.6	-1.7	0.8	
-75.5	47.5	15.5	-14.0	
-1.7	54.9	15.5	-1.7	
32.8	37.7	10.6	-4.1	
54.9	22.9	3.2	8.2	
18.0	30.3	5.7	-6.6	
-109.9	35.2	13.1	-4.1	
-65.6	32.8	5.7	10.6	
116.4	37.7	13.1	32.8	
197.6	32.8	15.5	27.8	
197.6	37.7	-6.6	8.2	
160.7	30.3	5.7	-16.4	
25.4	35.2	-4.1	8.2	
-181.3	35.2	3.2	13.1	
-306.7	35.2	0.8	25.4	
-279.7	32.8	10.6	5.7	
-215.7	18.0	3.2	-4.1	
-100.1	10.6	-6.6	-9.1	
-36.1	8.2	3.2	-16.4	
-9.1	10.6	13.1	0.8	
30.3	10.6	10.6	-9.1	
62.3	5.7	3.2	15.5	
77.0	10.6	8.2	5.7	
96.7	27.8	5.7	5.7	
77.0	40.1	15.5	3.2	
54.9	40.1	22.9	-11.5	
8.2	45.1	5.7	-11.5	
-14.0	52.4	13.1	-28.7	
-46.0	30.3	13.1	-11.5	
-43.5	30.3	15.5	-6.6	
-26.3	35.2	8.2	-16.4	
-6.6	40.1	-4.1	-6.6	
15.5	30.3	8.2	8.2	
22.9	32.8	8.2	52.4	
10.6	30.3	3.2	74.6	
27.8	25.4	0.8	57.4	
37.7	22.9	8.2	25.4	
27.8	25.4	13.1	-33.7	
27.8	27.8	20.5	-28.7	
32.8	35.2	5.7	-4.1	
32.8	42.6	3.2	30.3	
42.6	57.4	13.1	27.8	
37.7	62.3	10.6	10.6	
30.3	32.8	15.5	-21.4	
37.7	25.4	8.2	3.2	
45.1	25.4	5.7	-9.1	
30.3	25.4	3.2	3.2	
27.8	40.1	15.5	-9.1	
25.4	47.5	18.0	-26.3	
25.4	32.8	10.6	-26.3	
30.3	37.7	10.6	0.8	
22.9	45.1	3.2	27.8	
30.3	35.2	8.2	30.3	
18.0	42.6	-4.1	-4.1	
13.1	30.3	8.2	20.5	
22.9	42.6	15.5	3.2	
22.9	37.7	8.2	5.7	
18.0	32.8	0.8	-11.5	
10.6	37.7	0.8	-18.9	
3.2	25.4	3.2	-9.1	
15.5	35.2	-1.7	8.2	
20.5	25.4	0.8	-6.6	
25.4	20.5	13.1	5.7	
27.8	27.8	8.2	-16.4	
22.9	40.1	-6.6	-4.1	
20.5	30.3	0.8	3.2	
25.4	30.3	3.2	-1.7	
8.2	35.2	0.8	13.1	
0.8	42.6	-9.1	5.7	
0.8	32.8	0.8	8.2	
5.7	22.9	3.2	5.7	
18.0	35.2	3.2	25.4	
20.5	22.9	-6.6	25.4	
15.5	37.7	-4.1	30.3	
22.9	32.8	3.2	22.9	
18.0	30.3	3.2	13.1	
8.2	32.8	8.2	18.0	
-1.7	30.3	18.0	10.6	
0.8	35.2	8.2	-1.7	
5.7	40.1	5.7	-1.7	
18.0	25.4	3.2	8.2	
18.0	27.8	5.7	18.0	
5.7	35.2	13.1	32.8	
0.8	30.3	18.0	15.5	
3.2	25.4	10.6	0.8	
8.2	27.8	-4.1	-9.1	
22.9	27.8	8.2	0.8	
35.2	40.1	5.7	-6.6	
72.1	35.2	-1.7	-21.4	
99.2	40.1	10.6	0.8	
99.2	32.8	5.7	-1.7	
89.3	45.1	-1.7	0.8	
72.1	27.8	5.7	-11.5	
-16.4	27.8	-4.1	5.7	
-73.0	25.4	0.8	-4.1	
-77.9	32.8	0.8	15.5	
-92.7	35.2	8.2	18.0	
-63.2	35.2	-1.7	-4.1	
-50.9	22.9	5.7	-11.5	
-50.9	30.3	3.2	-11.5	
-31.2	30.3	8.2	25.4	
-26.3	30.3	-1.7	18.0	
45.1	52.4	13.1	3.2	
123.8	35.2	-1.7	50.0	
155.8	30.3	0.8	30.3	
168.1	37.7	5.7	25.4	
158.2	30.3	3.2	5.7	
96.7	32.8	5.7	10.6	
-9.1	40.1	-4.1	32.8	
-82.9	45.1	3.2	59.8	
-141.9	37.7	5.7	-36.1	
-178.8	30.3	8.2	-38.6	
-129.6	27.8	-1.7	-26.3	
-73.0	32.8	5.7	3.2	
-11.5	45.1	0.8	15.5	
67.2	32.8	0.8	15.5	
126.2	30.3	-1.7	-14.0	
99.2	27.8	0.8	-23.8	
64.7	27.8	-4.1	10.6	
20.5	30.3	0.8	5.7	
-60.7	35.2	15.5	-14.0	
-92.7	32.8	10.6	3.2	
-90.2	32.8	0.8	5.7	
-77.9	30.3	5.7	-6.6	
-58.3	30.3	3.2	-6.6	
-58.3	35.2	-6.6	-26.3	
-21.4	22.9	-6.6	-14.0	
0.8	25.4	-1.7	5.7	
3.2	27.8	-11.5	0.8	
35.2	25.4	10.6	0.8	
67.2	5.7	-4.1	10.6	
82.0	20.5	5.7	0.8	
89.3	35.2	0.8	8.2	
86.9	30.3	15.5	13.1	
-18.9	27.8	15.5	20.5	
-50.9	22.9	5.7	35.2	
-36.1	27.8	8.2	32.8	
0.8	27.8	5.7	54.9	
5.7	40.1	5.7	74.6	
35.2	27.8	13.1	64.7	
52.4	32.8	15.5	-23.8	
37.7	18.0	15.5	-23.8	
40.1	35.2	10.6	-14.0	
64.7	25.4	13.1	-16.4	
8.2	32.8	15.5	18.0	
-36.1	30.3	5.7	40.1	
-75.5	27.8	3.2	-23.8	
-55.8	30.3	-1.7	-16.4	
-28.7	25.4	0.8	-14.0	
-9.1	27.8	-1.7	-4.1	
-38.6	30.3	-1.7	0.8	
-31.2	25.4	-1.7	3.2	
-14.0	35.2	8.2	10.6	
-4.1	32.8	5.7	5.7	
-4.1	35.2	5.7	8.2	
-16.4	35.2	-1.7	-4.1	
-6.6	27.8	-4.1	-11.5	
0.8	25.4	-6.6	13.1	
3.2	22.9	-1.7	8.2	
25.4	35.2	0.8	0.8	
30.3	27.8	-14.0	13.1	
30.3	30.3	0.8	13.1	
20.5	18.0	-9.1	20.5	
22.9	27.8	-6.6	10.6	
22.9	32.8	0.8	15.5	
25.4	32.8	-4.1	-1.7	
27.8	25.4	-4.1	13.1	
30.3	32.8	0.8	32.8	
32.8	30.3	-4.1	35.2	
32.8	32.8	3.2	-11.5	
35.2	30.3	0.8	5.7	
27.8	35.2	-6.6	3.2	
22.9	18.0	0.8	32.8	
30.3	15.5	10.6	42.6	
18.0	25.4	-1.7	30.3	
13.1	27.8	-1.7	5.7	
20.5	27.8	13.1	3.2	
15.5	25.4	10.6	-28.7	
27.8	32.8	0.8	-6.6	
15.5	30.3	0.8	-1.7	
18.0	25.4	5.7	37.7	
20.5	30.3	5.7	30.3	
30.3	20.5	-1.7	8.2	
15.5	40.1	0.8	-4.1	
13.1	32.8	3.2	-1.7	
-1.7	30.3	-6.6	-14.0	
-4.1	30.3	-1.7	-1.7	
-4.1	22.9	0.8	-9.1	
20.5	25.4	18.0	15.5	
30.3	37.7	5.7	47.5	
22.9	42.6	-6.6	91.8	
13.1	27.8	-4.1	22.9	
3.2	35.2	8.2	-1.7	
-4.1	25.4	-1.7	13.1	
-1.7	18.0	0.8	15.5	
-11.5	13.1	-4.1	-6.6	
-6.6	15.5	-4.1	-18.9	
0.8	15.5	20.5	-9.1	
13.1	8.2	15.5	15.5	
3.2	15.5	10.6	-11.5	
-6.6	18.0	3.2	20.5	
18.0	25.4	-4.1	37.7	
47.5	22.9	5.7	13.1	
59.8	47.5	-11.5	-21.4	
54.9	47.5	10.6	-41.0	
54.9	50.0	0.8	-26.3	
42.6	32.8	0.8	3.2	
47.5	30.3	-1.7	15.5	
59.8	20.5	0.8	32.8	
54.9	32.8	-11.5	13.1	
47.5	35.2	3.2	35.2	
37.7	27.8	-1.7	13.1	
54.9	25.4	-9.1	20.5	
64.7	27.8	3.2	-16.4	
42.6	42.6	-1.7	-33.7	
30.3	50.0	3.2	-38.6	
-48.4	30.3	8.2	-21.4	
-137.0	8.2	8.2	-6.6	
-164.0	10.6	3.2	-1.7	
-117.3	3.2	-1.7	40.1	
-63.2	15.5	0.8	67.2	
-31.2	35.2	0.8	50.0	
-14.0	30.3	3.2	42.6	
5.7	42.6	5.7	5.7	
8.2	42.6	0.8	-36.1	
10.6	32.8	3.2	-48.4	
-1.7	30.3	-6.6	-9.1	
-9.1	22.9	-9.1	15.5	
-9.1	37.7	-1.7	22.9	
30.3	25.4	-6.6	-14.0	
77.0	37.7	8.2	-18.9	
101.6	22.9	-4.1	-11.5	
141.0	27.8	8.2	-14.0	
143.5	30.3	8.2	-4.1	
128.7	27.8	3.2	13.1	
104.1	25.4	5.7	22.9	
27.8	35.2	0.8	13.1	
-41.0	30.3	0.8	-1.7	
-112.4	30.3	5.7	-36.1	
-117.3	25.4	5.7	0.8	
-58.3	35.2	-6.6	-4.1	
13.1	25.4	5.7	5.7	
45.1	37.7	-6.6	3.2	
62.3	35.2	3.2	0.8	
69.7	40.1	-4.1	3.2	
47.5	27.8	-1.7	8.2	
42.6	32.8	-1.7	-1.7	
8.2	15.5	-9.1	22.9	
-68.1	32.8	-1.7	32.8	
-171.4	32.8	-6.6	22.9	
-149.3	30.3	0.8	13.1	
-90.2	32.8	-1.7	-11.5	
-46.0	30.3	3.2	5.7	
-11.5	25.4	27.8	10.6	
3.2	35.2	10.6	8.2	
-26.3	32.8	5.7	20.5	
-31.2	32.8	-1.7	22.9	
-36.1	40.1	3.2	20.5	
-18.9	27.8	5.7	15.5	
3.2	35.2	3.2	13.1	
-1.7	45.1	-4.1	13.1	
13.1	32.8	5.7	18.0	
13.1	37.7	5.7	0.8	
5.7	40.1	0.8	10.6	
-23.8	45.1	3.2	5.7	
-16.4	27.8	0.8	8.2	
10.6	25.4	5.7	-1.7	
25.4	27.8	-4.1	-9.1	
40.1	18.0	3.2	3.2	
30.3	32.8	5.7	13.1	
40.1	35.2	0.8	5.7	
30.3	32.8	0.8	-1.7	
32.8	30.3	-1.7	-1.7	
30.3	32.8	10.6	5.7	
27.8	22.9	8.2	8.2	
35.2	27.8	0.8	0.8	
37.7	37.7	8.2	15.5	
45.1	37.7	0.8	27.8	
54.9	30.3	10.6	18.0	
62.3	30.3	15.5	27.8	
54.9	27.8	13.1	18.0	
42.6	25.4	10.6	-21.4	
45.1	25.4	8.2	-16.4	
25.4	35.2	3.2	5.7	
25.4	35.2	3.2	10.6	
32.8	37.7	-6.6	13.1	
45.1	25.4	10.6	13.1	
50.0	30.3	0.8	-1.7	
10.6	15.5	3.2	-38.6	
-68.1	20.5	-1.7	-18.9	
-95.2	18.0	0.8	3.2	
-50.9	32.8	0.8	0.8	
-21.4	30.3	13.1	8.2	
-33.7	25.4	5.7	20.5	
-14.0	25.4	13.1	42.6	
-4.1	20.5	18.0	52.4	
-16.4	27.8	10.6	32.8	
-6.6	27.8	20.5	-1.7	
5.7	30.3	5.7	-68.1	
8.2	30.3	8.2	-23.8	
5.7	32.8	3.2	0.8	
18.0	35.2	3.2	-4.1	
13.1	27.8	5.7	15.5	
27.8	27.8	-4.1	30.3	
22.9	25.4	0.8	0.8	
18.0	32.8	-1.7	-1.7	
18.0	25.4	3.2	-14.0	
5.7	30.3	8.2	10.6	
22.9	32.8	3.2	20.5	
37.7	35.2	3.2	22.9	
42.6	18.0	0.8	18.0	
69.7	20.5	8.2	18.0	
67.2	27.8	0.8	54.9	
74.6	10.6	5.7	30.3	
57.4	18.0	13.1	40.1	
50.0	35.2	5.7	50.0	
13.1	20.5	0.8	-4.1	
-43.5	27.8	0.8	-58.3	
-65.6	25.4	3.2	-100.1	
-58.3	30.3	0.8	-43.5	
-14.0	32.8	0.8	-14.0	
-6.6	32.8	18.0	3.2	
-4.1	25.4	10.6	-11.5	
-9.1	20.5	10.6	-14.0	
-21.4	25.4	8.2	13.1	
-4.1	25.4	8.2	15.5	
-14.0	35.2	0.8	15.5	
0.8	40.1	-1.7	15.5	
10.6	32.8	0.8	35.2	
10.6	32.8	8.2	25.4	
10.6	32.8	-6.6	-21.4	
3.2	27.8	-1.7	-18.9	
8.2	27.8	-4.1	27.8	
8.2	30.3	5.7	15.5	
-18.9	22.9	-1.7	30.3	
5.7	30.3	3.2	18.0	
30.3	35.2	0.8	18.0	
52.4	27.8	3.2	3.2	
50.0	35.2	5.7	-14.0	
64.7	27.8	3.2	0.8	
42.6	32.8	-11.5	-1.7	
18.0	37.7	5.7	0.8	
-1.7	27.8	-4.1	10.6	
18.0	32.8	-6.6	22.9	
45.1	35.2	5.7	8.2	
32.8	35.2	-4.1	-26.3	
5.7	40.1	3.2	-1.7	
-6.6	40.1	3.2	-23.8	
-41.0	20.5	-6.6	13.1	
-43.5	22.9	0.8	37.7	
-33.7	30.3	0.8	52.4	
-16.4	27.8	5.7	22.9	
-16.4	32.8	8.2	-11.5	
0.8	37.7	-1.7	-11.5	
13.1	32.8	3.2	0.8	
32.8	27.8	0.8	13.1	
40.1	25.4	0.8	20.5	
3.2	22.9	5.7	25.4	
-6.6	22.9	-18.9	22.9	
-1.7	32.8	10.6	13.1	
-11.5	20.5	5.7	10.6	
-16.4	25.4	0.8	-4.1	
13.1	25.4	8.2	-4.1	
25.4	18.0	3.2	-11.5	
15.5	32.8	3.2	-28.7	
10.6	25.4	5.7	-16.4	
15.5	27.8	0.8	-14.0	
-23.8	30.3	3.2	3.2	
-21.4	32.8	5.7	15.5	
-18.9	30.3	5.7	25.4	
-4.1	37.7	5.7	10.6	
18.0	32.8	3.2	-1.7	
22.9	42.6	3.2	8.2	
32.8	22.9	3.2	5.7	
40.1	32.8	0.8	15.5	
45.1	32.8	-1.7	25.4	
57.4	22.9	-1.7	35.2	
62.3	35.2	15.5	59.8	
52.4	32.8	10.6	42.6	
5.7	35.2	-1.7	3.2	
-9.1	30.3	8.2	-16.4	
3.2	45.1	15.5	8.2	
-4.1	27.8	13.1	5.7	
-6.6	30.3	10.6	3.2	
5.7	37.7	3.2	-11.5	
0.8	25.4	3.2	-14.0	
3.2	37.7	8.2	0.8	
-23.8	27.8	0.8	-1.7	
-48.4	27.8	3.2	-23.8	
-41.0	18.0	5.7	-6.6	
10.6	27.8	-4.1	-9.1	
5.7	18.0	3.2	-26.3	
5.7	18.0	-1.7	-28.7	
0.8	30.3	10.6	-6.6	
0.8	35.2	3.2	10.6	
-1.7	13.1	3.2	0.8	
-16.4	22.9	20.5	3.2	
-11.5	13.1	15.5	10.6	
20.5	27.8	5.7	5.7	
27.8	20.5	-1.7	15.5	
25.4	25.4	3.2	35.2	
22.9	22.9	0.8	18.0	
20.5	25.4	3.2	0.8	
5.7	27.8	-9.1	-9.1	
-9.1	37.7	-1.7	-26.3	
-4.1	42.6	3.2	3.2	
-4.1	35.2	5.7	3.2	
-1.7	30.3	8.2	5.7	
-1.7	22.9	-1.7	-11.5	
-11.5	32.8	3.2	13.1	
-11.5	30.3	-4.1	27.8	
-11.5	27.8	0.8	-4.1	
-9.1	32.8	0.8	30.3	
13.1	37.7	8.2	52.4	
35.2	40.1	-16.4	18.0	
40.1	18.0	-4.1	13.1	
40.1	27.8	3.2	5.7	
30.3	25.4	-9.1	-31.2	
22.9	22.9	3.2	15.5	
22.9	27.8	10.6	13.1	
5.7	25.4	-9.1	22.9	
8.2	32.8	5.7	-48.4	
0.8	30.3	5.7	-9.1	
-14.0	32.8	8.2	-9.1	
-11.5	32.8	-1.7	-16.4	
-6.6	32.8	3.2	-28.7	
-4.1	25.4	8.2	-23.8	
10.6	22.9	-6.6	-18.9	
18.0	25.4	-1.7	-6.6	
50.0	32.8	-1.7	0.8	
25.4	32.8	5.7	3.2	
-1.7	30.3	0.8	8.2	
3.2	32.8	5.7	22.9	
20.5	35.2	5.7	15.5	
13.1	35.2	3.2	27.8	
0.8	27.8	13.1	-6.6	
45.1	32.8	5.7	-14.0	
94.3	18.0	13.1	15.5	
101.6	35.2	15.5	13.1	
84.4	27.8	8.2	-11.5	
69.7	22.9	8.2	0.8	
27.8	22.9	5.7	0.8	
-18.9	30.3	10.6	0.8	
-43.5	32.8	-6.6	0.8	
-26.3	35.2	13.1	3.2	
0.8	37.7	5.7	22.9	
47.5	37.7	15.5	20.5	
30.3	25.4	3.2	25.4	
10.6	42.6	0.8	-16.4	
-1.7	25.4	13.1	-11.5	
13.1	32.8	8.2	-11.5	
37.7	27.8	3.2	-14.0	
57.4	30.3	-1.7	10.6	
99.2	35.2	-4.1	13.1	
74.6	22.9	8.2	22.9	
69.7	35.2	0.8	30.3	
-4.1	20.5	13.1	47.5	
-97.6	22.9	10.6	20.5	
-102.5	30.3	-6.6	13.1	
-48.4	35.2	-1.7	27.8	
-50.9	32.8	0.8	-6.6	
-90.2	32.8	0.8	-1.7	
-137.0	37.7	3.2	-18.9	
-134.5	37.7	3.2	-16.4	
-127.1	32.8	3.2	8.2	
-95.2	40.1	8.2	25.4	
-58.3	42.6	-6.6	40.1	
-46.0	40.1	0.8	32.8	
-14.0	37.7	8.2	5.7	
-4.1	42.6	8.2	-33.7	
37.7	42.6	-1.7	-36.1	
47.5	27.8	8.2	-26.3	
52.4	40.1	-6.6	5.7	
-1.7	35.2	18.0	13.1	
-16.4	40.1	8.2	20.5	
0.8	40.1	3.2	18.0	
27.8	40.1	10.6	-4.1	
40.1	22.9	13.1	-6.6	
59.8	45.1	22.9	3.2	
35.2	30.3	13.1	-1.7	
-4.1	40.1	3.2	0.8	
-23.8	32.8	-6.6	-9.1	
-23.8	42.6	-11.5	-1.7	
0.8	42.6	0.8	3.2	
-6.6	32.8	3.2	5.7	
10.6	50.0	5.7	0.8	
22.9	32.8	5.7	-4.1	
25.4	37.7	5.7	10.6	
15.5	27.8	8.2	-4.1	
5.7	42.6	5.7	3.2	
-14.0	52.4	8.2	10.6	
0.8	40.1	3.2	5.7	
22.9	30.3	10.6	20.5	
37.7	35.2	13.1	30.3	
42.6	42.6	5.7	5.7	
50.0	50.0	-4.1	15.5	
50.0	42.6	15.5	27.8	
40.1	40.1	27.8	35.2	
42.6	18.0	13.1	-21.4	
35.2	22.9	5.7	-23.8	
37.7	13.1	-1.7	8.2	
22.9	10.6	8.2	0.8	
30.3	0.8	10.6	5.7	
40.1	-6.6	5.7	-23.8	
32.8	-6.6	-9.1	5.7	
35.2	-14.0	0.8	18.0	
35.2	-1.7	3.2	13.1	
40.1	-6.6	13.1	-14.0	
37.7	-1.7	8.2	3.2	
27.8	0.8	3.2	8.2	
32.8	3.2	0.8	3.2	
22.9	3.2	5.7	5.7	
18.0	-1.7	0.8	-1.7	
22.9	-4.1	-9.1	-1.7	
18.0	-9.1	-1.7	0.8	
0.8	0.8	-1.7	5.7	
-1.7	20.5	-4.1	20.5	
-21.4	30.3	5.7	18.0	
-33.7	30.3	8.2	-6.6	
-36.1	30.3	5.7	0.8	
-28.7	37.7	3.2	22.9	
-23.8	22.9	-1.7	30.3	
-18.9	27.8	3.2	27.8	
-21.4	30.3	0.8	-11.5	
0.8	35.2	-4.1	-21.4	
0.8	32.8	-4.1	-9.1	
18.0	30.3	-1.7	-4.1	
13.1	37.7	-6.6	8.2	
37.7	30.3	-6.6	0.8	
32.8	30.3	0.8	-1.7	
22.9	40.1	5.7	-1.7	
5.7	37.7	0.8	10.6	
10.6	42.6	15.5	18.0	
27.8	45.1	8.2	22.9	
42.6	40.1	5.7	10.6	
54.9	47.5	8.2	-1.7	
57.4	47.5	13.1	40.1	
91.8	45.1	13.1	40.1	
150.8	37.7	18.0	30.3	
148.4	30.3	13.1	0.8	
141.0	32.8	10.6	-4.1	
118.9	37.7	-4.1	-31.2	
50.0	40.1	27.8	-11.5	
-38.6	32.8	10.6	0.8	
-114.8	30.3	5.7	3.2	
-117.3	25.4	-9.1	22.9	
-26.3	35.2	-11.5	-4.1	
59.8	37.7	10.6	-16.4	
153.3	27.8	3.2	-4.1	
202.5	27.8	0.8	0.8	
197.6	27.8	5.7	5.7	
109.0	35.2	5.7	10.6	
-18.9	32.8	8.2	15.5	
-225.5	25.4	5.7	10.6	
-378.1	27.8	0.8	0.8	
-336.2	37.7	13.1	10.6	
-213.2	25.4	18.0	13.1	
-4.1	25.4	3.2	15.5	
143.5	27.8	15.5	8.2	
214.8	27.8	18.0	27.8	
195.1	35.2	25.4	15.5	
136.1	30.3	13.1	-11.5	
52.4	20.5	22.9	5.7	
-112.4	30.3	8.2	0.8	
-316.6	32.8	0.8	5.7	
-343.6	32.8	15.5	-1.7	
-178.8	25.4	8.2	-9.1	
-82.9	30.3	10.6	5.7	
-11.5	27.8	8.2	5.7	
64.7	25.4	3.2	-1.7	
72.1	27.8	8.2	-4.1	
64.7	25.4	-11.5	0.8	
27.8	32.8	15.5	-18.9	
32.8	30.3	15.5	0.8	
-4.1	18.0	3.2	8.2	
-85.3	25.4	3.2	5.7	
-87.8	30.3	8.2	8.2	
-48.4	27.8	10.6	20.5	
-28.7	35.2	0.8	27.8	
-16.4	27.8	3.2	-4.1	
20.5	35.2	0.8	-6.6	
37.7	27.8	-1.7	5.7	
47.5	27.8	10.6	-6.6	
50.0	40.1	3.2	-1.7	
40.1	25.4	5.7	3.2	
40.1	27.8	3.2	-9.1	
42.6	22.9	-1.7	27.8	
45.1	35.2	-1.7	42.6	
45.1	32.8	5.7	0.8	
64.7	45.1	-1.7	-18.9	
57.4	37.7	0.8	-4.1	
40.1	35.2	-1.7	-6.6	
40.1	32.8	-1.7	-28.7	
25.4	27.8	-1.7	-6.6	
22.9	27.8	8.2	-9.1	
37.7	32.8	8.2	-28.7	
35.2	30.3	-4.1	-1.7	
35.2	27.8	8.2	0.8	
30.3	27.8	0.8	-9.1	
47.5	35.2	-1.7	-6.6	
57.4	18.0	3.2	-1.7	
47.5	35.2	5.7	-4.1	
57.4	20.5	-4.1	-1.7	
62.3	27.8	0.8	5.7	
45.1	32.8	18.0	-1.7	
20.5	42.6	13.1	-4.1	
-14.0	37.7	13.1	3.2	
-21.4	32.8	5.7	-1.7	
-21.4	37.7	0.8	5.7	
-18.9	30.3	3.2	13.1	
-21.4	37.7	3.2	5.7	
-18.9	32.8	-4.1	5.7	
-18.9	37.7	15.5	10.6	
-6.6	40.1	0.8	20.5	
0.8	32.8	5.7	32.8	
18.0	30.3	0.8	15.5	
37.7	30.3	10.6	18.0	
47.5	30.3	-1.7	0.8	
37.7	30.3	5.7	-11.5	
-4.1	25.4	13.1	-6.6	
-16.4	35.2	0.8	3.2	
0.8	32.8	-1.7	5.7	
-6.6	40.1	5.7	-11.5	
13.1	30.3	3.2	-21.4	
22.9	32.8	5.7	-1.7	
18.0	27.8	0.8	8.2	
15.5	27.8	3.2	13.1	
15.5	25.4	5.7	-6.6	
13.1	42.6	8.2	13.1	
3.2	32.8	10.6	18.0	
-6.6	45.1	-1.7	32.8	
8.2	37.7	8.2	8.2	
18.0	27.8	-6.6	18.0	
25.4	27.8	-4.1	13.1	
27.8	27.8	10.6	3.2	
45.1	20.5	3.2	-11.5	
79.5	18.0	0.8	3.2	
96.7	30.3	5.7	-4.1	
106.6	13.1	10.6	-1.7	
64.7	30.3	0.8	-1.7	
-6.6	25.4	-4.1	8.2	
-75.5	32.8	5.7	10.6	
-70.6	25.4	13.1	8.2	
-68.1	20.5	13.1	10.6	
-18.9	30.3	10.6	10.6	
30.3	25.4	3.2	-4.1	
52.4	27.8	0.8	15.5	
64.7	22.9	5.7	25.4	
67.2	30.3	0.8	20.5	
64.7	20.5	3.2	32.8	
50.0	25.4	3.2	27.8	
50.0	25.4	-1.7	18.0	
25.4	18.0	10.6	0.8	
3.2	27.8	15.5	3.2	
5.7	27.8	0.8	30.3	
42.6	27.8	-4.1	20.5	
42.6	27.8	5.7	-11.5	
47.5	20.5	-9.1	-18.9	
52.4	32.8	-1.7	-1.7	
30.3	30.3	0.8	8.2	
20.5	25.4	-4.1	5.7	
-1.7	35.2	-1.7	-4.1	
-16.4	30.3	5.7	0.8	
-11.5	30.3	3.2	-18.9	
3.2	22.9	0.8	3.2	
25.4	30.3	-1.7	-6.6	
32.8	25.4	-1.7	10.6	
18.0	27.8	5.7	13.1	
-77.9	32.8	-1.7	3.2	
-183.7	45.1	8.2	-11.5	
-176.3	30.3	0.8	3.2	
-178.8	27.8	10.6	3.2	
-141.9	37.7	8.2	25.4	
-28.7	30.3	8.2	15.5	
30.3	27.8	3.2	22.9	
62.3	18.0	3.2	42.6	
96.7	32.8	-1.7	59.8	
96.7	30.3	-1.7	32.8	
45.1	20.5	0.8	27.8	
-28.7	35.2	8.2	45.1	
-55.8	27.8	0.8	-21.4	
-65.6	32.8	5.7	-43.5	
-50.9	27.8	8.2	-31.2	
-23.8	22.9	0.8	-16.4	
-6.6	32.8	5.7	-6.6	
25.4	35.2	-4.1	-18.9	
62.3	37.7	0.8	-1.7	
77.0	27.8	-4.1	3.2	
72.1	18.0	0.8	-4.1	
67.2	27.8	0.8	8.2	
25.4	20.5	-4.1	-11.5	
-4.1	37.7	3.2	3.2	
-4.1	27.8	0.8	13.1	
-26.3	32.8	22.9	5.7	
-21.4	22.9	8.2	13.1	
-14.0	42.6	0.8	40.1	
-33.7	35.2	8.2	30.3	
-28.7	25.4	8.2	5.7	
8.2	35.2	5.7	-26.3	
20.5	37.7	15.5	-16.4	
40.1	35.2	8.2	3.2	
30.3	27.8	3.2	20.5	
22.9	35.2	5.7	10.6	
27.8	18.0	8.2	0.8	
32.8	27.8	5.7	-1.7	
27.8	27.8	-9.1	5.7	
22.9	18.0	8.2	8.2	
18.0	37.7	5.7	13.1	
18.0	32.8	0.8	54.9	
18.0	40.1	10.6	37.7	
3.2	27.8	10.6	-31.2	
10.6	40.1	-1.7	-28.7	
13.1	25.4	8.2	-16.4	
25.4	20.5	3.2	-1.7	
13.1	30.3	-1.7	5.7	
25.4	37.7	13.1	13.1	
27.8	35.2	18.0	42.6	
25.4	30.3	-1.7	3.2	
40.1	18.0	0.8	20.5	
45.1	27.8	10.6	8.2	
45.1	30.3	8.2	-6.6	
32.8	27.8	8.2	-14.0	
20.5	25.4	3.2	-11.5	
-6.6	25.4	3.2	-6.6	
-9.1	47.5	3.2	-14.0	
8.2	32.8	0.8	0.8	
3.2	22.9	18.0	10.6	
-1.7	20.5	3.2	-1.7	
13.1	15.5	0.8	0.8	
5.7	22.9	5.7	-4.1	
3.2	30.3	0.8	8.2	
8.2	25.4	-4.1	10.6	
3.2	32.8	5.7	42.6	
8.2	35.2	-4.1	30.3	
22.9	18.0	3.2	25.4	
22.9	30.3	5.7	8.2	
22.9	22.9	8.2	-4.1	
25.4	25.4	5.7	30.3	
13.1	25.4	-1.7	30.3	
22.9	30.3	5.7	0.8	
27.8	22.9	13.1	3.2	
22.9	22.9	3.2	-1.7	
30.3	35.2	-1.7	-33.7	
32.8	35.2	-1.7	-9.1	
37.7	25.4	-4.1	-9.1	
37.7	30.3	3.2	-11.5	
32.8	27.8	-1.7	-4.1	
27.8	30.3	-1.7	3.2	
0.8	35.2	5.7	10.6	
-50.9	32.8	0.8	8.2	
-46.0	20.5	0.8	-1.7	
-21.4	27.8	-1.7	18.0	
-1.7	27.8	0.8	13.1	
13.1	27.8	0.8	-18.9	
27.8	30.3	5.7	-9.1	
25.4	37.7	-4.1	-4.1	
42.6	40.1	-1.7	0.8	
82.0	25.4	8.2	-11.5	
138.5	35.2	3.2	8.2	
163.1	25.4	5.7	5.7	
173.0	22.9	5.7	-9.1	
160.7	27.8	3.2	5.7	
118.9	37.7	-1.7	-1.7	
32.8	27.8	-1.7	15.5	
-36.1	25.4	-6.6	5.7	
-146.8	30.3	3.2	-1.7	
-151.7	22.9	3.2	8.2	
-114.8	20.5	0.8	3.2	
-100.1	32.8	5.7	5.7	
-119.8	30.3	-4.1	8.2	
-109.9	32.8	3.2	5.7	
-41.0	22.9	-4.1	8.2	
8.2	27.8	-6.6	25.4	
22.9	25.4	3.2	45.1	
37.7	25.4	0.8	57.4	
5.7	20.5	8.2	69.7	
-50.9	27.8	10.6	42.6	
-33.7	35.2	3.2	-33.7	
-50.9	32.8	-1.7	-21.4	
-33.7	27.8	5.7	-1.7	
-16.4	22.9	0.8	-9.1	
-26.3	47.5	3.2	-6.6	
-9.1	18.0	-4.1	-16.4	
15.5	25.4	-4.1	-6.6	
45.1	20.5	5.7	-9.1	
50.0	25.4	3.2	-4.1	
27.8	25.4	3.2	13.1	
15.5	32.8	3.2	15.5	
25.4	30.3	5.7	18.0	
-9.1	32.8	5.7	25.4	
-53.3	18.0	0.8	15.5	
-50.9	25.4	13.1	20.5	
-1.7	25.4	5.7	5.7	
47.5	18.0	-1.7	-16.4	
84.4	27.8	5.7	-6.6	
111.5	32.8	3.2	18.0	
96.7	27.8	-1.7	18.0	
52.4	15.5	0.8	22.9	
-21.4	32.8	3.2	27.8	
-46.0	20.5	5.7	22.9	
-48.4	22.9	-1.7	15.5	
-75.5	20.5	5.7	-23.8	
-77.9	27.8	5.7	-23.8	
-36.1	30.3	0.8	-26.3	
-16.4	25.4	8.2	0.8	
22.9	15.5	0.8	-4.1	
20.5	18.0	0.8	13.1	
27.8	13.1	-1.7	30.3	
20.5	3.2	3.2	15.5	
0.8	10.6	0.8	5.7	
-28.7	18.0	20.5	-14.0	
-1.7	30.3	5.7	15.5	
20.5	42.6	-1.7	10.6	
35.2	40.1	-1.7	-18.9	
45.1	42.6	3.2	-36.1	
42.6	42.6	5.7	-4.1	
20.5	50.0	0.8	45.1	
15.5	42.6	3.2	25.4	
20.5	32.8	-6.6	8.2	
22.9	22.9	-4.1	5.7	
18.0	25.4	-1.7	-46.0	
10.6	8.2	8.2	-14.0	
22.9	25.4	5.7	-4.1	
27.8	27.8	5.7	0.8	
37.7	20.5	13.1	0.8	
47.5	10.6	8.2	3.2	
64.7	35.2	0.8	-4.1	
62.3	40.1	-4.1	-4.1	
40.1	35.2	5.7	22.9	
45.1	25.4	13.1	25.4	
57.4	22.9	10.6	-1.7	
37.7	25.4	0.8	3.2	
-46.0	32.8	3.2	-23.8	
-112.4	32.8	8.2	-16.4	
-117.3	18.0	3.2	0.8	
-80.4	13.1	5.7	13.1	
-26.3	25.4	3.2	35.2	
-11.5	20.5	5.7	47.5	
0.8	25.4	18.0	47.5	
8.2	35.2	15.5	32.8	
13.1	37.7	13.1	-11.5	
27.8	30.3	8.2	-11.5	
27.8	27.8	3.2	-11.5	
35.2	22.9	0.8	3.2	
30.3	25.4	3.2	-9.1	
42.6	27.8	3.2	-1.7	
32.8	22.9	10.6	-4.1	
25.4	22.9	5.7	8.2	
42.6	15.5	3.2	10.6	
32.8	25.4	8.2	18.0	
18.0	35.2	8.2	20.5	
-6.6	27.8	10.6	3.2	
-9.1	27.8	8.2	-9.1	
-1.7	25.4	0.8	0.8	
-1.7	20.5	10.6	0.8	
20.5	37.7	5.7	-4.1	
25.4	22.9	13.1	-1.7	
20.5	30.3	10.6	8.2	
10.6	40.1	8.2	0.8	
13.1	27.8	10.6	8.2	
-1.7	30.3	-4.1	5.7	
18.0	27.8	0.8	15.5	
47.5	18.0	3.2	22.9	
62.3	25.4	8.2	32.8	
72.1	27.8	8.2	35.2	
113.9	25.4	-1.7	13.1	
158.2	30.3	-4.1	5.7	
160.7	32.8	-1.7	5.7	
131.2	25.4	10.6	8.2	
57.4	37.7	8.2	18.0	
-11.5	32.8	0.8	0.8	
-85.3	27.8	-1.7	3.2	
-119.8	30.3	10.6	-4.1	
-122.2	30.3	0.8	-9.1	
-41.0	22.9	-1.7	8.2	
3.2	27.8	5.7	13.1	
27.8	37.7	3.2	8.2	
27.8	35.2	5.7	15.5	
-11.5	27.8	5.7	35.2	
-23.8	22.9	0.8	3.2	
-31.2	37.7	8.2	10.6	
-28.7	32.8	0.8	5.7	
-48.4	27.8	0.8	35.2	
-31.2	35.2	3.2	8.2	
5.7	25.4	0.8	25.4	
40.1	32.8	0.8	8.2	
45.1	32.8	0.8	-36.1	
45.1	27.8	-9.1	-21.4	
15.5	30.3	15.5	18.0	
-23.8	30.3	8.2	-9.1	
-85.3	27.8	5.7	3.2	
-43.5	27.8	-4.1	3.2	
13.1	27.8	3.2	3.2	
-14.0	18.0	8.2	-1.7	
-6.6	37.7	0.8	0.8	
18.0	27.8	13.1	5.7	
22.9	32.8	5.7	0.8	
-38.6	30.3	3.2	0.8	
-85.3	30.3	5.7	3.2	
-107.5	27.8	10.6	30.3	
-65.6	22.9	5.7	30.3	
-16.4	27.8	10.6	25.4	
40.1	13.1	0.8	5.7	
91.8	22.9	-4.1	22.9	
113.9	27.8	-1.7	30.3	
104.1	22.9	-4.1	-1.7	
59.8	30.3	0.8	-6.6	
27.8	37.7	3.2	-1.7	
45.1	25.4	-4.1	13.1	
62.3	40.1	-4.1	-14.0	
0.8	32.8	-1.7	-4.1	
-90.2	40.1	-4.1	8.2	
-43.5	25.4	-6.6	10.6	
-16.4	27.8	10.6	18.0	
-75.5	30.3	3.2	20.5	
-105.0	30.3	5.7	22.9	
-75.5	27.8	13.1	22.9	
-26.3	35.2	10.6	27.8	
0.8	32.8	5.7	27.8	
50.0	27.8	-6.6	30.3	
79.5	27.8	5.7	42.6	
69.7	18.0	-4.1	25.4	
57.4	35.2	13.1	18.0	
64.7	27.8	18.0	8.2	
25.4	22.9	15.5	-21.4	
-4.1	40.1	10.6	5.7	
-16.4	35.2	0.8	0.8	
-1.7	25.4	0.8	22.9	
13.1	25.4	-6.6	8.2	
27.8	25.4	0.8	0.8	
32.8	37.7	-1.7	15.5	
37.7	30.3	13.1	-4.1	
47.5	18.0	15.5	0.8	
69.7	25.4	8.2	8.2	
72.1	8.2	5.7	5.7	
67.2	10.6	3.2	15.5	
13.1	20.5	8.2	22.9	
8.2	20.5	13.1	8.2	
3.2	10.6	3.2	15.5	
-26.3	13.1	5.7	10.6	
-41.0	25.4	3.2	5.7	
-87.8	25.4	-1.7	-1.7	
-107.5	20.5	8.2	0.8	
-38.6	25.4	-1.7	-9.1	
27.8	25.4	10.6	0.8	
64.7	22.9	0.8	15.5	
69.7	22.9	10.6	42.6	
54.9	30.3	3.2	57.4	
22.9	20.5	3.2	30.3	
-4.1	20.5	0.8	22.9	
-38.6	35.2	13.1	0.8	
-33.7	22.9	8.2	-9.1	
-38.6	22.9	-4.1	15.5	
-46.0	32.8	13.1	-16.4	
-38.6	22.9	3.2	-6.6	
-18.9	25.4	3.2	-1.7	
-4.1	27.8	0.8	5.7	
-6.6	27.8	0.8	-1.7	
-4.1	20.5	0.8	3.2	
13.1	25.4	3.2	0.8	
47.5	20.5	15.5	-6.6	
57.4	15.5	0.8	-1.7	
57.4	25.4	13.1	-4.1	
64.7	15.5	10.6	3.2	
123.8	22.9	5.7	18.0	
153.3	15.5	0.8	0.8	
155.8	22.9	3.2	-1.7	
109.0	30.3	0.8	-9.1	
57.4	30.3	-4.1	5.7	
59.8	30.3	3.2	0.8	
62.3	27.8	-4.1	-1.7	
37.7	27.8	-4.1	8.2	
52.4	30.3	3.2	18.0	
82.0	27.8	13.1	25.4	
64.7	22.9	13.1	30.3	
0.8	27.8	15.5	5.7	
-90.2	27.8	15.5	-4.1	
-164.0	18.0	13.1	22.9	
-277.2	22.9	25.4	0.8	
-240.3	22.9	15.5	15.5	
-129.6	22.9	15.5	37.7	
-43.5	18.0	8.2	13.1	
40.1	20.5	10.6	5.7	
77.0	25.4	5.7	-11.5	
99.2	35.2	3.2	13.1	
96.7	30.3	3.2	22.9	
52.4	30.3	-4.1	-1.7	
-33.7	37.7	-6.6	0.8	
-75.5	32.8	-1.7	5.7	
-65.6	22.9	-1.7	-1.7	
-33.7	35.2	-9.1	-1.7	
5.7	18.0	8.2	0.8	
27.8	32.8	0.8	20.5	
32.8	15.5	-1.7	20.5	
-1.7	20.5	3.2	22.9	
-16.4	22.9	13.1	8.2	
-28.7	20.5	18.0	-4.1	
-16.4	27.8	10.6	0.8	
50.0	20.5	-9.1	5.7	
111.5	32.8	-6.6	-1.7	
123.8	22.9	-11.5	8.2	
133.6	22.9	-11.5	3.2	
143.5	25.4	0.8	10.6	
118.9	27.8	-4.1	18.0	
62.3	20.5	0.8	27.8	
32.8	27.8	-9.1	8.2	
-38.6	18.0	-4.1	-1.7	
-112.4	20.5	-1.7	5.7	
-139.4	25.4	-1.7	13.1	
-85.3	40.1	5.7	-4.1	
-63.2	32.8	3.2	30.3	
-68.1	30.3	-6.6	50.0	
-55.8	15.5	0.8	47.5	
0.8	25.4	5.7	-4.1	
35.2	18.0	-6.6	-46.0	
67.2	25.4	8.2	-16.4	
67.2	35.2	-9.1	-28.7	
82.0	15.5	0.8	-1.7	
99.2	30.3	13.1	0.8	
72.1	30.3	0.8	10.6	
13.1	22.9	-4.1	-1.7	
-43.5	25.4	5.7	-1.7	
-127.1	22.9	-1.7	5.7	
-129.6	40.1	-6.6	13.1	
-85.3	45.1	3.2	-6.6	
-28.7	35.2	0.8	-4.1	
5.7	30.3	0.8	-1.7	
40.1	40.1	0.8	3.2	
37.7	45.1	3.2	3.2	
54.9	40.1	-1.7	22.9	
47.5	30.3	8.2	54.9	
-1.7	30.3	-9.1	45.1	
0.8	40.1	10.6	59.8	
8.2	40.1	-6.6	30.3	
42.6	45.1	3.2	5.7	
62.3	40.1	-1.7	3.2	
86.9	50.0	-1.7	62.3	
69.7	47.5	-1.7	25.4	
45.1	45.1	8.2	-33.7	
20.5	45.1	-6.6	-1.7	
0.8	42.6	-1.7	-31.2	
15.5	40.1	0.8	0.8	
45.1	54.9	0.8	15.5	
32.8	37.7	-4.1	-4.1	
25.4	30.3	-4.1	-1.7	
-21.4	37.7	-1.7	-4.1	
-60.7	32.8	-6.6	-11.5	
-55.8	30.3	8.2	13.1	
-16.4	42.6	-6.6	8.2	
13.1	40.1	-1.7	5.7	
35.2	40.1	13.1	-38.6	
27.8	27.8	-6.6	-9.1	
30.3	45.1	0.8	5.7	
20.5	50.0	10.6	22.9	
-21.4	37.7	8.2	18.0	
-31.2	42.6	5.7	27.8	
-16.4	52.4	-6.6	27.8	
15.5	47.5	-4.1	22.9	
59.8	45.1	5.7	20.5	
77.0	47.5	5.7	20.5	
74.6	40.1	-4.1	10.6	
77.0	30.3	5.7	20.5	
84.4	25.4	13.1	27.8	
77.0	22.9	13.1	8.2	
40.1	22.9	5.7	15.5	
-6.6	18.0	13.1	32.8	
-1.7	13.1	10.6	40.1	
40.1	3.2	-1.7	18.0	
37.7	0.8	8.2	30.3	
35.2	-1.7	5.7	5.7	
37.7	13.1	0.8	13.1	
22.9	3.2	5.7	-11.5	
5.7	3.2	8.2	-11.5	
-36.1	13.1	10.6	-11.5	
-41.0	13.1	3.2	15.5	
-18.9	22.9	5.7	18.0	
-4.1	20.5	13.1	30.3	
32.8	18.0	15.5	22.9	
59.8	30.3	18.0	13.1	
67.2	25.4	15.5	0.8	
77.0	22.9	8.2	-14.0	
86.9	10.6	10.6	-14.0	
52.4	15.5	-6.6	-4.1	
-4.1	32.8	3.2	5.7	
-26.3	25.4	0.8	-4.1	
3.2	27.8	13.1	-1.7	
20.5	45.1	13.1	-1.7	
3.2	32.8	5.7	8.2	
-41.0	35.2	18.0	18.0	
-60.7	40.1	15.5	35.2	
-85.3	47.5	10.6	25.4	
-75.5	42.6	5.7	27.8	
-43.5	45.1	10.6	8.2	
-18.9	45.1	5.7	-6.6	
5.7	52.4	15.5	37.7	
-26.3	45.1	10.6	42.6	
-65.6	37.7	13.1	-1.7	
-65.6	42.6	18.0	-38.6	
-70.6	40.1	15.5	-31.2	
-77.9	45.1	8.2	-6.6	
-50.9	57.4	13.1	-4.1	
0.8	42.6	5.7	-1.7	
30.3	35.2	-11.5	-1.7	
91.8	50.0	0.8	5.7	
113.9	37.7	10.6	-9.1	
111.5	40.1	10.6	-9.1	
89.3	37.7	8.2	-16.4	
22.9	32.8	5.7	5.7	
-18.9	37.7	8.2	18.0	
-18.9	35.2	8.2	-6.6	
-28.7	35.2	3.2	-16.4	
-38.6	32.8	0.8	-11.5	
-36.1	40.1	5.7	-14.0	
-46.0	35.2	13.1	0.8	
-55.8	47.5	25.4	-6.6	
0.8	40.1	18.0	-9.1	
25.4	32.8	18.0	15.5	
37.7	32.8	15.5	15.5	
62.3	37.7	15.5	10.6	
99.2	35.2	8.2	5.7	
121.3	27.8	-1.7	-38.6	
99.2	37.7	5.7	-26.3	
69.7	30.3	-1.7	-26.3	
35.2	42.6	5.7	-6.6	
8.2	25.4	-1.7	-11.5	
-4.1	35.2	3.2	-1.7	
-73.0	27.8	15.5	-1.7	
-75.5	32.8	10.6	-1.7	
-43.5	32.8	-4.1	18.0	
-18.9	27.8	-4.1	13.1	
-28.7	37.7	-1.7	8.2	
-18.9	30.3	0.8	-11.5	
27.8	25.4	13.1	-11.5	
59.8	22.9	5.7	3.2	
57.4	25.4	5.7	13.1	
82.0	35.2	0.8	8.2	
67.2	27.8	8.2	10.6	
20.5	32.8	5.7	-11.5	
-82.9	27.8	0.8	-23.8	
-85.3	27.8	5.7	-11.5	
-50.9	25.4	8.2	-11.5	
-70.6	25.4	8.2	-1.7	
-28.7	37.7	3.2	22.9	
-14.0	40.1	5.7	40.1	
-14.0	27.8	3.2	18.0	
-16.4	32.8	-1.7	0.8	
25.4	37.7	-4.1	13.1	
89.3	18.0	3.2	-16.4	
128.7	27.8	-9.1	-48.4	
170.5	22.9	-11.5	-23.8	
123.8	35.2	-6.6	-18.9	
20.5	30.3	3.2	-6.6	
-90.2	18.0	3.2	-23.8	
-134.5	37.7	8.2	5.7	
-87.8	30.3	13.1	18.0	
-21.4	30.3	-6.6	8.2	
22.9	32.8	-4.1	5.7	
42.6	27.8	5.7	-16.4	
20.5	20.5	3.2	-9.1	
-1.7	32.8	5.7	3.2	
0.8	30.3	5.7	5.7	
3.2	25.4	-9.1	-9.1	
13.1	32.8	10.6	3.2	
32.8	37.7	-4.1	10.6	
22.9	30.3	3.2	8.2	
32.8	32.8	-1.7	-21.4	
27.8	27.8	-4.1	-21.4	
32.8	30.3	0.8	-1.7	
0.8	25.4	0.8	8.2	
8.2	35.2	3.2	-4.1	
59.8	37.7	-9.1	0.8	
86.9	22.9	-1.7	-4.1	
86.9	22.9	-11.5	5.7	
52.4	20.5	-1.7	-6.6	
22.9	32.8	0.8	13.1	
-14.0	25.4	-4.1	27.8	
22.9	25.4	8.2	13.1	
54.9	25.4	3.2	0.8	
57.4	27.8	-9.1	-1.7	
47.5	25.4	0.8	-4.1	
32.8	25.4	13.1	-4.1	
3.2	15.5	8.2	-4.1	
-31.2	18.0	3.2	8.2	
-28.7	22.9	-4.1	13.1	
-38.6	18.0	0.8	42.6	
-28.7	15.5	-6.6	0.8	
-23.8	27.8	-6.6	-6.6	
-48.4	27.8	0.8	-16.4	
-63.2	27.8	5.7	-21.4	
-90.2	27.8	-9.1	-16.4	
-80.4	18.0	5.7	-14.0	
-48.4	20.5	-1.7	10.6	
-11.5	20.5	5.7	27.8	
5.7	30.3	0.8	22.9	
-1.7	25.4	8.2	-1.7	
-4.1	25.4	8.2	-14.0	
3.2	20.5	5.7	0.8	
-16.4	22.9	-1.7	10.6	
5.7	20.5	-1.7	10.6	
45.1	22.9	5.7	-6.6	
54.9	30.3	8.2	-18.9	
37.7	27.8	8.2	-11.5	
47.5	30.3	-4.1	-6.6	
37.7	30.3	-11.5	3.2	
32.8	20.5	10.6	-9.1	
18.0	27.8	-4.1	8.2	
10.6	32.8	15.5	-9.1	
-11.5	27.8	5.7	0.8	
20.5	27.8	3.2	5.7	
47.5	20.5	-4.1	18.0	
67.2	18.0	0.8	52.4	
89.3	30.3	-4.1	57.4	
91.8	22.9	-1.7	18.0	
74.6	35.2	5.7	-26.3	
62.3	27.8	10.6	-41.0	
20.5	35.2	13.1	5.7	
10.6	35.2	8.2	-11.5	
-11.5	22.9	0.8	-6.6	
-9.1	30.3	8.2	15.5	
-63.2	22.9	5.7	15.5	
-87.8	25.4	-4.1	18.0	
-55.8	20.5	0.8	-1.7	
-11.5	25.4	-6.6	-9.1	
-11.5	32.8	5.7	-21.4	
-4.1	32.8	8.2	5.7	
25.4	30.3	-4.1	5.7	
67.2	32.8	10.6	10.6	
77.0	42.6	13.1	8.2	
96.7	35.2	5.7	18.0	
69.7	45.1	0.8	30.3	
37.7	30.3	-6.6	27.8	
-41.0	25.4	8.2	22.9	
-119.8	25.4	10.6	25.4	
-100.1	22.9	8.2	0.8	
-48.4	27.8	5.7	10.6	
-16.4	20.5	3.2	47.5	
13.1	27.8	0.8	47.5	
54.9	30.3	3.2	27.8	
62.3	40.1	3.2	-26.3	
69.7	35.2	15.5	-26.3	
64.7	22.9	8.2	-6.6	
67.2	18.0	8.2	5.7	
47.5	30.3	15.5	8.2	
18.0	27.8	8.2	15.5	
-9.1	25.4	3.2	32.8	
-23.8	30.3	13.1	5.7	
-4.1	35.2	8.2	-9.1	
-9.1	20.5	5.7	0.8	
-6.6	40.1	-4.1	10.6	
8.2	40.1	3.2	-4.1	
30.3	35.2	-1.7	13.1	
47.5	32.8	-6.6	18.0	
50.0	32.8	8.2	18.0	
64.7	40.1	3.2	10.6	
40.1	32.8	13.1	20.5	
50.0	40.1	5.7	20.5	
54.9	27.8	5.7	13.1	
94.3	27.8	8.2	27.8	
96.7	32.8	0.8	10.6	
101.6	22.9	15.5	15.5	
118.9	25.4	20.5	22.9	
89.3	27.8	8.2	25.4	
8.2	18.0	13.1	10.6	
-87.8	25.4	20.5	5.7	
-95.2	30.3	13.1	8.2	
-87.8	18.0	20.5	3.2	
-48.4	22.9	18.0	3.2	
-41.0	22.9	10.6	5.7	
-28.7	27.8	8.2	20.5	
-14.0	27.8	15.5	15.5	
-28.7	22.9	8.2	20.5	
-73.0	37.7	22.9	-1.7	
-124.7	25.4	22.9	22.9	
-144.4	30.3	18.0	18.0	
-75.5	30.3	15.5	37.7	
-4.1	37.7	25.4	40.1	
5.7	32.8	20.5	37.7	
18.0	37.7	8.2	37.7	
37.7	27.8	18.0	18.0	
62.3	32.8	22.9	22.9	
59.8	27.8	20.5	64.7	
50.0	27.8	22.9	27.8	
45.1	37.7	13.1	37.7	
22.9	30.3	13.1	5.7	
22.9	30.3	18.0	-21.4	
25.4	45.1	15.5	-1.7	
15.5	42.6	13.1	10.6	
8.2	27.8	13.1	-9.1	
5.7	35.2	18.0	-11.5	
15.5	40.1	0.8	-31.2	
27.8	40.1	15.5	-16.4	
54.9	20.5	-1.7	-1.7	
59.8	30.3	3.2	-16.4	
62.3	32.8	0.8	-16.4	
25.4	42.6	3.2	0.8	
8.2	30.3	0.8	35.2	
-1.7	30.3	8.2	54.9	
-18.9	32.8	8.2	40.1	
-4.1	32.8	5.7	40.1	
-16.4	32.8	0.8	3.2	
-6.6	32.8	0.8	22.9	
25.4	27.8	5.7	-23.8	
62.3	30.3	5.7	5.7	
79.5	22.9	13.1	-11.5	
86.9	37.7	8.2	-21.4	
89.3	35.2	10.6	-11.5	
45.1	35.2	5.7	-6.6	
15.5	32.8	-4.1	13.1	
-16.4	22.9	-1.7	13.1	
-97.6	15.5	-1.7	-18.9	
-127.1	18.0	-4.1	-38.6	
-92.7	22.9	-1.7	-11.5	
-60.7	10.6	-1.7	-14.0	
-36.1	30.3	5.7	18.0	
-26.3	20.5	3.2	-18.9	
-6.6	37.7	0.8	-14.0	
-11.5	32.8	0.8	-1.7	
-1.7	37.7	3.2	3.2	
-1.7	40.1	-1.7	13.1	
3.2	50.0	-4.1	18.0	
20.5	42.6	0.8	8.2	
42.6	52.4	-1.7	22.9	
69.7	42.6	0.8	-6.6	
64.7	47.5	0.8	-1.7	
54.9	32.8	8.2	-1.7	
54.9	30.3	5.7	-1.7	
59.8	47.5	3.2	15.5	
40.1	37.7	5.7	20.5	
-1.7	42.6	0.8	5.7	
-26.3	37.7	-4.1	18.0	
0.8	35.2	5.7	20.5	
18.0	32.8	-4.1	-1.7	
30.3	25.4	5.7	-36.1	
45.1	30.3	-1.7	-4.1	
50.0	40.1	-4.1	25.4	
20.5	35.2	-4.1	18.0	
15.5	27.8	5.7	5.7	
-1.7	30.3	-4.1	-4.1	
-18.9	22.9	0.8	5.7	
-31.2	37.7	-9.1	3.2	
-28.7	30.3	-4.1	8.2	
15.5	25.4	-1.7	0.8	
18.0	32.8	5.7	-1.7	
3.2	25.4	0.8	3.2	
-1.7	35.2	-11.5	3.2	
-11.5	30.3	3.2	10.6	
0.8	35.2	-1.7	3.2	
3.2	30.3	-1.7	10.6	
22.9	27.8	-1.7	8.2	
37.7	22.9	3.2	10.6	
50.0	25.4	-9.1	20.5	
91.8	25.4	-4.1	27.8	
121.3	37.7	3.2	3.2	
116.4	22.9	8.2	10.6	
101.6	30.3	13.1	8.2	
106.6	27.8	10.6	10.6	
54.9	30.3	3.2	20.5	
-16.4	32.8	-4.1	18.0	
-14.0	27.8	8.2	27.8	
22.9	30.3	10.6	50.0	
54.9	22.9	15.5	-1.7	
74.6	30.3	18.0	-1.7	
10.6	35.2	3.2	-6.6	
-70.6	27.8	-1.7	15.5	
-73.0	25.4	0.8	8.2	
-23.8	32.8	0.8	-18.9	
-4.1	37.7	8.2	5.7	
-43.5	32.8	-6.6	8.2	
-139.4	40.1	10.6	5.7	
-95.2	37.7	8.2	5.7	
-46.0	15.5	5.7	-16.4	
25.4	37.7	5.7	-9.1	
74.6	30.3	3.2	15.5	
84.4	22.9	-1.7	22.9	
47.5	32.8	13.1	35.2	
-14.0	30.3	13.1	20.5	
-102.5	5.7	15.5	10.6	
-181.3	22.9	18.0	-9.1	
-164.0	22.9	8.2	0.8	
-105.0	27.8	0.8	0.8	
-21.4	27.8	-1.7	45.1	
22.9	32.8	-9.1	52.4	
57.4	20.5	5.7	-1.7	
54.9	32.8	0.8	-43.5	
84.4	25.4	8.2	-26.3	
77.0	32.8	-4.1	-36.1	
30.3	32.8	3.2	-21.4	
15.5	35.2	-9.1	-31.2	
27.8	25.4	0.8	-23.8	
5.7	30.3	-6.6	-41.0	
-4.1	22.9	0.8	5.7	
-26.3	37.7	0.8	47.5	
-26.3	32.8	10.6	42.6	
-31.2	32.8	-4.1	22.9	
-11.5	32.8	3.2	25.4	
27.8	27.8	8.2	15.5	
45.1	25.4	-1.7	0.8	
64.7	32.8	-1.7	15.5	
74.6	35.2	8.2	13.1	
86.9	35.2	0.8	20.5	
57.4	40.1	5.7	32.8	
-14.0	35.2	3.2	52.4	
-48.4	25.4	3.2	72.1	
-43.5	30.3	0.8	25.4	
-14.0	42.6	5.7	-58.3	
18.0	25.4	-6.6	-87.8	
-4.1	32.8	8.2	-68.1	
-16.4	25.4	3.2	-92.7	
-38.6	22.9	0.8	-60.7	
-46.0	32.8	5.7	25.4	
-36.1	27.8	13.1	32.8	
-9.1	20.5	3.2	69.7	
20.5	35.2	3.2	42.6	
47.5	30.3	13.1	27.8	
42.6	22.9	13.1	37.7	
10.6	27.8	8.2	42.6	
15.5	22.9	0.8	32.8	
30.3	35.2	10.6	18.0	
22.9	30.3	3.2	15.5	
27.8	27.8	-1.7	-33.7	
25.4	52.4	18.0	-6.6	
40.1	30.3	15.5	18.0	
37.7	37.7	5.7	22.9	
45.1	30.3	5.7	35.2	
45.1	18.0	0.8	40.1	
40.1	27.8	13.1	3.2	
20.5	20.5	18.0	0.8	
3.2	22.9	10.6	-1.7	
-6.6	22.9	5.7	-14.0	
3.2	32.8	18.0	20.5	
-4.1	40.1	20.5	13.1	
8.2	35.2	15.5	20.5	
35.2	37.7	22.9	-1.7	
59.8	52.4	5.7	-43.5	
109.0	42.6	3.2	-16.4	
155.8	47.5	5.7	-4.1	
145.9	50.0	13.1	0.8	
104.1	32.8	10.6	0.8	
40.1	22.9	8.2	-6.6	
-31.2	18.0	8.2	13.1	
-68.1	32.8	-1.7	20.5	
-75.5	18.0	5.7	15.5	
-117.3	13.1	3.2	20.5	
-107.5	30.3	5.7	13.1	
-68.1	40.1	5.7	-4.1	
-31.2	40.1	3.2	-23.8	
-18.9	30.3	5.7	-6.6	
-36.1	20.5	3.2	8.2	
-36.1	30.3	5.7	3.2	
-31.2	40.1	0.8	-4.1	
-6.6	27.8	-1.7	3.2	
0.8	25.4	15.5	8.2	
-4.1	27.8	-1.7	10.6	
18.0	27.8	-1.7	25.4	
25.4	57.4	15.5	5.7	
35.2	52.4	8.2	-4.1	
37.7	37.7	10.6	5.7	
42.6	27.8	10.6	-1.7	
52.4	18.0	15.5	-9.1	
62.3	32.8	8.2	20.5	
42.6	18.0	0.8	18.0	
42.6	20.5	8.2	32.8	
30.3	22.9	-1.7	3.2	
50.0	15.5	8.2	-4.1	
42.6	25.4	3.2	-1.7	
8.2	25.4	5.7	10.6	
-18.9	27.8	3.2	-1.7	
-1.7	32.8	5.7	10.6	
8.2	45.1	10.6	15.5	
8.2	27.8	5.7	22.9	
-4.1	30.3	15.5	13.1	
0.8	37.7	18.0	30.3	
3.2	32.8	18.0	22.9	
22.9	32.8	8.2	25.4	
54.9	30.3	8.2	15.5	
54.9	25.4	3.2	13.1	
64.7	27.8	10.6	0.8	
59.8	25.4	22.9	10.6	
35.2	30.3	15.5	37.7	
18.0	30.3	18.0	-9.1	
52.4	27.8	8.2	5.7	
57.4	45.1	10.6	13.1	
52.4	35.2	13.1	13.1	
15.5	30.3	5.7	13.1	
3.2	40.1	3.2	3.2	
-31.2	25.4	3.2	20.5	
-105.0	25.4	3.2	25.4	
-97.6	32.8	-1.7	-1.7	
57.4	37.7	-4.1	-18.9	
165.6	37.7	13.1	3.2	
180.4	27.8	10.6	18.0	
150.8	40.1	5.7	18.0	
67.2	30.3	8.2	5.7	
-53.3	32.8	13.1	-1.7	
-208.3	37.7	13.1	13.1	
-245.2	50.0	20.5	40.1	
-306.7	25.4	20.5	13.1	
-260.0	30.3	-1.7	-18.9	
-127.1	32.8	3.2	8.2	
-63.2	32.8	8.2	-14.0	
-36.1	35.2	3.2	20.5	
-18.9	35.2	5.7	64.7	
0.8	32.8	3.2	40.1	
32.8	50.0	3.2	32.8	
82.0	32.8	8.2	0.8	
109.0	40.1	3.2	-4.1	
158.2	40.1	0.8	8.2	
163.1	27.8	13.1	-28.7	
155.8	30.3	-1.7	0.8	
77.0	35.2	10.6	10.6	
-21.4	22.9	3.2	10.6	
-43.5	37.7	-9.1	8.2	
-60.7	25.4	0.8	0.8	
-100.1	22.9	-1.7	-11.5	
-102.5	37.7	-1.7	8.2	
-50.9	37.7	-9.1	25.4	
3.2	37.7	3.2	45.1	
45.1	30.3	3.2	10.6	
84.4	32.8	-1.7	-21.4	
96.7	35.2	0.8	-9.1	
84.4	40.1	0.8	-33.7	
64.7	35.2	-4.1	10.6	
22.9	30.3	8.2	-4.1	
-31.2	35.2	0.8	30.3	
-38.6	45.1	-1.7	5.7	
-26.3	30.3	3.2	-6.6	
-21.4	27.8	15.5	10.6	
0.8	13.1	15.5	52.4	
-1.7	25.4	13.1	-33.7	
-11.5	25.4	-1.7	-46.0	
-23.8	25.4	5.7	-26.3	
-21.4	22.9	3.2	-28.7	
18.0	47.5	3.2	5.7	
52.4	37.7	3.2	20.5	
62.3	37.7	3.2	22.9	
59.8	32.8	-9.1	15.5	
74.6	22.9	-1.7	18.0	
69.7	22.9	22.9	25.4	
54.9	27.8	5.7	20.5	
25.4	30.3	5.7	13.1	
15.5	5.7	-1.7	5.7	
5.7	0.8	3.2	10.6	
-4.1	-1.7	8.2	0.8	
18.0	10.6	-6.6	-1.7	
27.8	37.7	3.2	-18.9	
42.6	47.5	-6.6	-6.6	
-1.7	50.0	0.8	5.7	
-38.6	54.9	-11.5	8.2	
-21.4	74.6	0.8	-6.6	
-9.1	57.4	15.5	18.0	
0.8	32.8	8.2	47.5	
20.5	22.9	3.2	27.8	
47.5	27.8	-1.7	0.8	
45.1	25.4	-6.6	-16.4	
37.7	22.9	0.8	0.8	
10.6	18.0	5.7	15.5	
13.1	20.5	0.8	22.9	
0.8	30.3	18.0	18.0	
-21.4	62.3	13.1	-28.7	
-58.3	64.7	15.5	-23.8	
-46.0	62.3	0.8	-18.9	
0.8	45.1	-1.7	15.5	
18.0	32.8	-1.7	47.5	
59.8	27.8	13.1	-16.4	
91.8	27.8	8.2	-16.4	
94.3	25.4	3.2	5.7	
84.4	15.5	5.7	8.2	
113.9	32.8	-4.1	20.5	
109.0	32.8	3.2	40.1	
79.5	35.2	5.7	37.7	
45.1	42.6	-4.1	20.5	
-16.4	37.7	3.2	0.8	
-102.5	35.2	3.2	-4.1	
-137.0	42.6	5.7	13.1	
-141.9	37.7	5.7	8.2	
-92.7	42.6	15.5	8.2	
-36.1	37.7	8.2	13.1	
-16.4	40.1	3.2	10.6	
-11.5	30.3	-4.1	-9.1	
5.7	32.8	-4.1	-14.0	
13.1	35.2	0.8	22.9	
18.0	27.8	-4.1	35.2	
8.2	27.8	0.8	37.7	
35.2	30.3	3.2	-16.4	
86.9	32.8	-1.7	-16.4	
99.2	37.7	-4.1	-11.5	
106.6	32.8	3.2	-6.6	
106.6	25.4	0.8	-1.7	
69.7	37.7	13.1	10.6	
62.3	40.1	10.6	0.8	
27.8	37.7	0.8	10.6	
-31.2	27.8	3.2	18.0	
-100.1	30.3	13.1	32.8	
-105.0	32.8	15.5	32.8	
-92.7	27.8	20.5	18.0	
-43.5	30.3	18.0	13.1	
10.6	35.2	3.2	-1.7	
40.1	42.6	-1.7	5.7	
25.4	32.8	0.8	-9.1	
-1.7	27.8	13.1	-16.4	
-11.5	32.8	5.7	8.2	
-21.4	30.3	8.2	0.8	
-9.1	30.3	0.8	20.5	
8.2	27.8	5.7	10.6	
22.9	40.1	5.7	8.2	
45.1	30.3	0.8	0.8	
62.3	37.7	3.2	-16.4	
69.7	42.6	13.1	-9.1	
84.4	32.8	15.5	-1.7	
89.3	30.3	8.2	-6.6	
57.4	42.6	8.2	13.1	
15.5	45.1	5.7	32.8	
8.2	37.7	10.6	5.7	
-43.5	37.7	-1.7	-4.1	
-18.9	42.6	3.2	18.0	
13.1	45.1	3.2	30.3	
10.6	37.7	3.2	45.1	
-16.4	42.6	5.7	25.4	
3.2	35.2	8.2	13.1	
-11.5	32.8	-1.7	-41.0	
-41.0	50.0	8.2	-1.7	
-58.3	47.5	5.7	-16.4	
-48.4	50.0	0.8	-6.6	
-4.1	45.1	3.2	-4.1	
64.7	37.7	3.2	5.7	
101.6	37.7	-1.7	-21.4	
121.3	45.1	18.0	-4.1	
104.1	27.8	3.2	-4.1	
72.1	35.2	8.2	10.6	
5.7	32.8	3.2	22.9	
-107.5	37.7	-1.7	32.8	
-144.4	37.7	0.8	45.1	
-127.1	35.2	3.2	54.9	
-48.4	27.8	3.2	47.5	
0.8	27.8	-1.7	-1.7	
18.0	37.7	-1.7	18.0	
50.0	35.2	13.1	30.3	
45.1	47.5	0.8	0.8	
13.1	50.0	0.8	-60.7	
-9.1	42.6	0.8	-41.0	
10.6	32.8	5.7	-11.5	
5.7	27.8	5.7	-14.0	
-4.1	15.5	10.6	-4.1	
18.0	22.9	-1.7	-1.7	
27.8	5.7	10.6	3.2	
42.6	0.8	8.2	-1.7	
-1.7	-6.6	8.2	0.8	
-38.6	-6.6	-6.6	-16.4	
-21.4	-9.1	-9.1	-11.5	
-9.1	3.2	0.8	3.2	
0.8	3.2	0.8	10.6	
20.5	15.5	5.7	15.5	
47.5	8.2	5.7	57.4	
45.1	8.2	5.7	47.5	
37.7	5.7	8.2	59.8	
10.6	13.1	3.2	15.5	
13.1	22.9	10.6	-43.5	
0.8	5.7	0.8	-28.7	
-21.4	15.5	5.7	-1.7	
-58.3	20.5	5.7	-11.5	
-46.0	22.9	15.5	-6.6	
0.8	25.4	5.7	-16.4	
18.0	13.1	-4.1	-11.5	
59.8	27.8	-4.1	18.0	
91.8	27.8	0.8	22.9	
94.3	18.0	-11.5	10.6	
84.4	32.8	-4.1	-16.4	
113.9	35.2	3.2	-4.1	
109.0	32.8	0.8	15.5	
79.5	35.2	-4.1	3.2	
45.1	37.7	0.8	-11.5	
-16.4	27.8	-4.1	3.2	
-102.5	35.2	-1.7	10.6	
-137.0	30.3	-1.7	30.3	
-141.9	42.6	5.7	35.2	
-92.7	47.5	-4.1	27.8	
-36.1	45.1	5.7	10.6	
-16.4	37.7	5.7	3.2	
-11.5	42.6	13.1	0.8	
5.7	40.1	15.5	0.8	
13.1	37.7	0.8	15.5	
18.0	40.1	5.7	13.1	
8.2	42.6	-9.1	5.7	
35.2	35.2	-1.7	5.7	
86.9	45.1	5.7	-4.1	
99.2	42.6	-1.7	-4.1	
106.6	35.2	3.2	5.7	
106.6	37.7	-4.1	3.2	
69.7	30.3	5.7	3.2	
62.3	30.3	-1.7	8.2	
27.8	32.8	5.7	20.5	
-31.2	27.8	5.7	10.6	
-100.1	37.7	-6.6	20.5	
-105.0	37.7	10.6	22.9	
-92.7	45.1	3.2	18.0	
-43.5	27.8	10.6	10.6	
10.6	30.3	3.2	-6.6	
40.1	30.3	5.7	-1.7	
25.4	45.1	0.8	-11.5	
-1.7	50.0	5.7	0.8	
-11.5	35.2	-1.7	10.6	
-21.4	37.7	3.2	5.7	
-9.1	30.3	3.2	-18.9	
8.2	32.8	5.7	-9.1	
22.9	25.4	-1.7	3.2	
45.1	22.9	-6.6	3.2	
62.3	22.9	-1.7	13.1	
69.7	30.3	-1.7	18.0	
84.4	30.3	3.2	27.8	
89.3	27.8	5.7	15.5	
57.4	22.9	13.1	10.6	
15.5	25.4	10.6	-1.7	
8.2	22.9	0.8	8.2	
-43.5	35.2	-6.6	-1.7	
-18.9	25.4	0.8	13.1	
13.1	37.7	-1.7	10.6	
10.6	35.2	-1.7	27.8	
-16.4	37.7	8.2	15.5	
3.2	27.8	8.2	-1.7	
-11.5	40.1	0.8	-11.5	
-41.0	25.4	0.8	-16.4	
-58.3	25.4	-1.7	-9.1	
-48.4	30.3	-6.6	-18.9	
-4.1	32.8	5.7	-26.3	
64.7	35.2	5.7	-9.1	
101.6	27.8	0.8	-4.1	
121.3	25.4	10.6	-1.7	
104.1	25.4	-1.7	0.8	
72.1	22.9	-6.6	0.8	
5.7	27.8	-4.1	3.2	
-107.5	22.9	5.7	3.2	
-144.4	32.8	3.2	5.7	
-127.1	22.9	5.7	-14.0	
-48.4	32.8	5.7	0.8	
0.8	27.8	15.5	0.8	
18.0	32.8	15.5	5.7	
50.0	37.7	-1.7	22.9	
45.1	27.8	0.8	20.5	
13.1	35.2	5.7	18.0	
-9.1	35.2	8.2	18.0	
10.6	30.3	-1.7	35.2	
15.5	32.8	5.7	45.1	
20.5	32.8	0.8	8.2	
25.4	50.0	-6.6	15.5	
27.8	25.4	-9.1	-4.1	
20.5	35.2	-9.1	0.8	
50.0	27.8	-1.7	0.8	
82.0	22.9	-1.7	-14.0	
82.0	37.7	0.8	-41.0	
0.0	27.8	-1.7	-31.2	
0.0	30.3	-1.7	-9.1	
89.3	42.6	5.7	-6.6	
54.9	42.6	5.7	0.8	
13.1	30.3	-6.6	0.8	
-4.1	22.9	3.2	20.5	
-21.4	22.9	0.8	10.6	
-1.7	22.9	-1.7	-1.7	
5.7	32.8	8.2	3.2	
-14.0	30.3	3.2	8.2	
-58.3	15.5	8.2	3.2	
-53.3	25.4	0.8	0.8	
15.5	40.1	5.7	15.5	
50.0	42.6	-1.7	20.5	
15.5	20.5	3.2	18.0	
-33.7	35.2	3.2	18.0	
-97.6	35.2	-4.1	-21.4	
-105.0	25.4	3.2	18.0	
-65.6	25.4	8.2	15.5	
-31.2	37.7	0.8	30.3	
20.5	32.8	5.7	30.3	
64.7	45.1	8.2	27.8	
64.7	27.8	5.7	3.2	
59.8	25.4	3.2	5.7	
20.5	25.4	5.7	27.8	
25.4	30.3	13.1	37.7	
64.7	37.7	15.5	20.5	
47.5	35.2	18.0	-18.9	
20.5	47.5	13.1	-4.1	
-36.1	35.2	20.5	25.4	
-33.7	30.3	10.6	32.8	
-1.7	32.8	15.5	10.6	
-1.7	32.8	10.6	3.2	
-18.9	37.7	0.8	-28.7	
-41.0	35.2	13.1	-1.7	
-31.2	40.1	8.2	-4.1	
-11.5	42.6	5.7	-11.5	
-16.4	30.3	5.7	-1.7	
-21.4	22.9	13.1	-11.5	
10.6	25.4	0.8	0.8	
52.4	32.8	-6.6	30.3	
77.0	32.8	3.2	32.8	
77.0	30.3	0.8	15.5	
69.7	30.3	13.1	22.9	
30.3	35.2	20.5	15.5	
8.2	35.2	15.5	20.5	
-31.2	27.8	20.5	8.2	
-41.0	35.2	10.6	18.0	
-9.1	15.5	3.2	22.9	
22.9	22.9	-1.7	8.2	
32.8	13.1	8.2	-14.0	
20.5	27.8	0.8	-28.7	
30.3	25.4	5.7	8.2	
5.7	32.8	0.8	8.2	
-1.7	27.8	10.6	10.6	
25.4	27.8	-6.6	3.2	
15.5	27.8	-1.7	0.8	
-4.1	37.7	-4.1	8.2	
27.8	32.8	3.2	-11.5	
45.1	52.4	0.8	0.8	
52.4	32.8	-9.1	0.8	
47.5	40.1	-4.1	-11.5	
22.9	32.8	-11.5	15.5	
5.7	27.8	0.8	18.0	
5.7	40.1	5.7	20.5	
8.2	32.8	5.7	30.3	
-6.6	35.2	5.7	35.2	
-18.9	35.2	5.7	52.4	
3.2	32.8	-1.7	22.9	
-9.1	30.3	8.2	37.7	
-9.1	22.9	-4.1	-21.4	
3.2	25.4	3.2	-28.7	
15.5	22.9	-9.1	20.5	
37.7	25.4	-1.7	27.8	
42.6	32.8	0.8	5.7	
18.0	22.9	5.7	-16.4	
-4.1	3.2	-4.1	-38.6	
-31.2	13.1	-1.7	-11.5	
-1.7	18.0	-1.7	-21.4	
13.1	37.7	0.8	5.7	
32.8	35.2	0.8	8.2	
52.4	25.4	3.2	-28.7	
57.4	22.9	0.8	-9.1	
42.6	32.8	5.7	-1.7	
27.8	42.6	0.8	20.5	
20.5	27.8	0.8	32.8	
42.6	27.8	0.8	-1.7	
57.4	25.4	10.6	-11.5	
54.9	32.8	13.1	0.8	
52.4	40.1	5.7	0.8	
45.1	40.1	-9.1	8.2	
13.1	32.8	3.2	20.5	
-60.7	32.8	5.7	15.5	
-80.4	18.0	5.7	0.8	
-63.2	37.7	5.7	-4.1	
-38.6	32.8	3.2	-6.6	
-16.4	35.2	-4.1	10.6	
-33.7	42.6	-4.1	18.0	
-11.5	42.6	5.7	8.2	
5.7	27.8	8.2	-1.7	
15.5	32.8	0.8	3.2	
96.7	20.5	-1.7	8.2	
150.8	27.8	-1.7	22.9	
182.8	32.8	0.8	-6.6	
168.1	20.5	5.7	22.9	
133.6	27.8	0.8	-6.6	
69.7	27.8	0.8	-28.7	
-46.0	40.1	5.7	-16.4	
-188.6	37.7	3.2	-21.4	
-260.0	37.7	3.2	-6.6	
-164.0	35.2	5.7	-11.5	
-43.5	30.3	0.8	5.7	
47.5	30.3	-1.7	0.8	
64.7	15.5	8.2	0.8	
59.8	18.0	5.7	-1.7	
42.6	22.9	3.2	10.6	
40.1	25.4	0.8	8.2	
50.0	35.2	-6.6	-11.5	
47.5	18.0	0.8	-4.1	
30.3	30.3	3.2	10.6	
-1.7	42.6	0.8	13.1	
-60.7	42.6	8.2	30.3	
-70.6	37.7	-6.6	-4.1	
-36.1	27.8	-4.1	3.2	
57.4	15.5	-4.1	10.6	
148.4	27.8	3.2	5.7	
190.2	27.8	0.8	0.8	
173.0	18.0	-4.1	-4.1	
126.2	18.0	-1.7	0.8	
20.5	18.0	-1.7	8.2	
-90.2	27.8	-4.1	5.7	
-230.5	27.8	3.2	0.8	
-213.2	18.0	0.8	5.7	
-146.8	30.3	8.2	18.0	
-90.2	37.7	-4.1	5.7	
-58.3	25.4	13.1	8.2	
-26.3	18.0	8.2	0.8	
-4.1	35.2	-4.1	-4.1	
3.2	35.2	-1.7	-21.4	
-9.1	35.2	3.2	-11.5	
-9.1	35.2	3.2	3.2	
0.8	30.3	0.8	-4.1	
-11.5	25.4	8.2	5.7	
22.9	27.8	-1.7	5.7	
74.6	22.9	8.2	0.8	
82.0	20.5	5.7	8.2	
89.3	25.4	13.1	-11.5	
77.0	37.7	13.1	0.8	
52.4	22.9	5.7	8.2	
-9.1	18.0	0.8	5.7	
-48.4	25.4	-4.1	5.7	
-50.9	27.8	5.7	10.6	
-28.7	27.8	10.6	5.7	
10.6	32.8	15.5	-9.1	
22.9	40.1	3.2	-11.5	
35.2	42.6	3.2	-9.1	
30.3	37.7	13.1	0.8	
67.2	42.6	22.9	0.8	
77.0	35.2	10.6	-4.1	
54.9	18.0	5.7	-1.7	
18.0	37.7	-4.1	3.2	
25.4	30.3	8.2	5.7	
-11.5	32.8	10.6	8.2	
-26.3	30.3	13.1	18.0	
-53.3	42.6	8.2	20.5	
-70.6	32.8	3.2	13.1	
-38.6	40.1	8.2	15.5	
-1.7	22.9	-4.1	0.8	
15.5	22.9	5.7	-4.1	
27.8	15.5	0.8	-6.6	
42.6	15.5	5.7	-1.7	
42.6	30.3	3.2	-21.4	
27.8	18.0	0.8	-11.5	
13.1	32.8	0.8	-18.9	
15.5	25.4	-6.6	-9.1	
0.8	40.1	-16.4	-6.6	
-4.1	45.1	3.2	13.1	
25.4	37.7	3.2	32.8	
45.1	37.7	8.2	-21.4	
54.9	37.7	0.8	-43.5	
62.3	25.4	15.5	-14.0	
77.0	27.8	5.7	-4.1	
84.4	32.8	-4.1	0.8	
77.0	27.8	10.6	-4.1	
67.2	32.8	3.2	-26.3	
15.5	25.4	3.2	-9.1	
-53.3	22.9	-1.7	-11.5	
-122.2	27.8	8.2	-1.7	
-119.8	30.3	-1.7	5.7	
-55.8	32.8	3.2	8.2	
-28.7	27.8	-6.6	45.1	
-21.4	15.5	5.7	35.2	
13.1	35.2	-6.6	27.8	
47.5	25.4	-4.1	-6.6	
59.8	30.3	-4.1	-23.8	
52.4	40.1	0.8	-9.1	
52.4	40.1	-11.5	13.1	
57.4	30.3	3.2	32.8	
54.9	35.2	-4.1	13.1	
45.1	30.3	8.2	-6.6	
22.9	27.8	-1.7	-23.8	
3.2	22.9	-9.1	-14.0	
-6.6	18.0	-1.7	-31.2	
-11.5	20.5	5.7	-9.1	
5.7	27.8	0.8	-6.6	
-9.1	25.4	8.2	-14.0	
-23.8	37.7	3.2	-14.0	
-41.0	32.8	3.2	0.8	
-16.4	42.6	3.2	8.2	
18.0	27.8	3.2	13.1	
45.1	30.3	3.2	10.6	
32.8	18.0	3.2	0.8	
22.9	22.9	-4.1	-26.3	
64.7	32.8	-6.6	-16.4	
138.5	20.5	-1.7	0.8	
131.2	18.0	3.2	-1.7	
118.9	27.8	-1.7	0.8	
104.1	25.4	8.2	5.7	
30.3	22.9	-1.7	25.4	
-53.3	20.5	8.2	-11.5	
-164.0	22.9	-1.7	13.1	
-161.6	22.9	3.2	-11.5	
-107.5	42.6	-4.1	15.5	
-75.5	40.1	-4.1	42.6	
-65.6	40.1	5.7	13.1	
-26.3	37.7	-11.5	15.5	
-9.1	32.8	3.2	-16.4	
47.5	32.8	-6.6	-31.2	
94.3	32.8	3.2	-14.0	
111.5	27.8	0.8	-4.1	
69.7	30.3	8.2	-9.1	
67.2	22.9	-1.7	5.7	
89.3	18.0	3.2	5.7	
50.0	27.8	0.8	5.7	
40.1	27.8	18.0	13.1	
10.6	30.3	15.5	10.6	
-48.4	40.1	3.2	10.6	
-48.4	35.2	5.7	3.2	
-28.7	27.8	0.8	13.1	
-26.3	35.2	3.2	20.5	
-46.0	37.7	5.7	25.4	
-75.5	42.6	3.2	27.8	
-50.9	37.7	5.7	5.7	
25.4	45.1	8.2	15.5	
42.6	42.6	-11.5	30.3	
0.8	35.2	10.6	35.2	
-11.5	20.5	-6.6	18.0	
25.4	18.0	-4.1	-18.9	
18.0	20.5	8.2	8.2	
-43.5	22.9	-4.1	13.1	
-48.4	3.2	3.2	27.8	
5.7	15.5	5.7	0.8	
25.4	30.3	3.2	-4.1	
35.2	67.2	5.7	8.2	
37.7	59.8	3.2	15.5	
54.9	47.5	3.2	18.0	
25.4	45.1	-6.6	10.6	
13.1	42.6	10.6	-18.9	
47.5	30.3	-1.7	-1.7	
62.3	37.7	0.8	-9.1	
59.8	27.8	3.2	-1.7	
40.1	37.7	0.8	0.8	
10.6	47.5	-1.7	3.2	
-23.8	25.4	8.2	-1.7	
-36.1	30.3	13.1	10.6	
-48.4	27.8	13.1	-9.1	
-26.3	25.4	3.2	-11.5	
3.2	18.0	8.2	8.2	
20.5	27.8	-4.1	3.2	
47.5	25.4	13.1	13.1	
45.1	37.7	10.6	5.7	
20.5	25.4	8.2	20.5	
20.5	25.4	13.1	15.5	
8.2	22.9	8.2	-4.1	
15.5	42.6	13.1	5.7	
-4.1	32.8	5.7	-6.6	
-26.3	22.9	-1.7	-1.7	
-11.5	30.3	-1.7	10.6	
0.8	32.8	-6.6	-9.1	
13.1	30.3	8.2	-9.1	
15.5	18.0	3.2	8.2	
32.8	37.7	-6.6	18.0	
45.1	27.8	10.6	20.5	
25.4	25.4	0.8	-4.1	
25.4	32.8	8.2	8.2	
22.9	37.7	0.8	0.8	
27.8	25.4	8.2	13.1	
30.3	27.8	5.7	-16.4	
32.8	35.2	3.2	8.2	
25.4	40.1	-4.1	8.2	
18.0	40.1	3.2	18.0	
18.0	37.7	0.8	0.8	
-6.6	35.2	10.6	-14.0	
-21.4	40.1	8.2	-1.7	
-4.1	35.2	-6.6	0.8	
10.6	37.7	-4.1	-1.7	
25.4	40.1	0.8	-11.5	
64.7	22.9	0.8	18.0	
106.6	32.8	5.7	5.7	
150.8	32.8	5.7	18.0	
150.8	27.8	5.7	0.8	
113.9	27.8	8.2	-9.1	
89.3	25.4	-1.7	-1.7	
67.2	27.8	3.2	18.0	
-4.1	35.2	5.7	22.9	
-127.1	27.8	-4.1	27.8	
-156.7	37.7	0.8	15.5	
-109.9	35.2	10.6	8.2	
-92.7	18.0	10.6	-31.2	
-43.5	27.8	-1.7	-18.9	
-48.4	27.8	3.2	0.8	
-31.2	27.8	3.2	-4.1	
-9.1	30.3	-4.1	-9.1	
0.8	32.8	5.7	3.2	
25.4	37.7	-1.7	3.2	
15.5	32.8	3.2	8.2	
-14.0	32.8	3.2	5.7	
-18.9	30.3	3.2	0.8	
10.6	42.6	-1.7	5.7	
30.3	40.1	0.8	8.2	
45.1	32.8	8.2	-9.1	
47.5	22.9	5.7	3.2	
79.5	32.8	-6.6	3.2	
101.6	30.3	-1.7	15.5	
64.7	25.4	-9.1	5.7	
54.9	35.2	0.8	0.8	
64.7	27.8	-4.1	3.2	
54.9	32.8	5.7	0.8	
27.8	18.0	3.2	-9.1	
67.2	32.8	5.7	22.9	
82.0	22.9	3.2	25.4	
89.3	27.8	3.2	30.3	
74.6	35.2	3.2	27.8	
-55.8	25.4	8.2	-1.7	
-176.3	25.4	-4.1	-21.4	
-151.7	27.8	0.8	-16.4	
-85.3	20.5	-1.7	3.2	
-46.0	25.4	8.2	13.1	
-16.4	32.8	5.7	20.5	
5.7	37.7	15.5	0.8	
-9.1	35.2	8.2	3.2	
0.8	20.5	18.0	-4.1	
5.7	37.7	3.2	-14.0	
-65.6	22.9	8.2	5.7	
-50.9	22.9	5.7	3.2	
-36.1	27.8	5.7	-4.1	
-16.4	20.5	10.6	15.5	
-6.6	30.3	3.2	8.2	
18.0	22.9	-1.7	5.7	
42.6	27.8	0.8	-1.7	
52.4	35.2	0.8	5.7	
86.9	25.4	3.2	-9.1	
113.9	25.4	3.2	-4.1	
118.9	15.5	-1.7	8.2	
118.9	22.9	10.6	0.8	
72.1	35.2	-1.7	-4.1	
-18.9	37.7	3.2	3.2	
-92.7	27.8	8.2	10.6	
-80.4	32.8	3.2	8.2	
-60.7	25.4	5.7	20.5	
-80.4	25.4	3.2	22.9	
-68.1	-1.7	5.7	18.0	
-18.9	5.7	3.2	5.7	
-31.2	18.0	15.5	42.6	
-31.2	27.8	0.8	67.2	
0.8	32.8	-4.1	62.3	
13.1	40.1	-14.0	59.8	
22.9	47.5	-4.1	-21.4	
25.4	40.1	5.7	-48.4	
20.5	25.4	3.2	-41.0	
13.1	27.8	-1.7	-53.3	
20.5	20.5	5.7	-14.0	
35.2	15.5	-6.6	-21.4	
77.0	25.4	0.8	-9.1	
77.0	37.7	10.6	-11.5	
96.7	27.8	0.8	-14.0	
109.0	20.5	-1.7	0.8	
121.3	35.2	5.7	-4.1	
96.7	42.6	8.2	-4.1	
45.1	37.7	0.8	-1.7	
-43.5	30.3	-11.5	5.7	
-112.4	35.2	5.7	10.6	
-80.4	27.8	0.8	3.2	
-6.6	32.8	0.8	13.1	
45.1	22.9	5.7	3.2	
57.4	32.8	3.2	-9.1	
42.6	32.8	-1.7	18.0	
-6.6	32.8	5.7	25.4	
-38.6	35.2	-4.1	45.1	
-60.7	30.3	0.8	52.4	
-11.5	25.4	-4.1	74.6	
8.2	30.3	8.2	5.7	
22.9	32.8	-9.1	-18.9	
32.8	22.9	-4.1	10.6	
42.6	27.8	5.7	-1.7	
35.2	15.5	-1.7	-18.9	
50.0	32.8	0.8	-1.7	
47.5	37.7	5.7	-23.8	
67.2	45.1	8.2	-4.1	
67.2	37.7	-4.1	0.8	
42.6	32.8	0.8	3.2	
-60.7	30.3	3.2	-9.1	
-139.4	35.2	8.2	-6.6	
-90.2	15.5	15.5	5.7	
-60.7	25.4	13.1	8.2	
-46.0	30.3	0.8	-9.1	
-55.8	25.4	-6.6	5.7	
-23.8	42.6	-1.7	8.2	
3.2	40.1	-1.7	0.8	
10.6	15.5	-9.1	15.5	
22.9	40.1	-1.7	32.8	
35.2	25.4	0.8	37.7	
54.9	27.8	3.2	40.1	
42.6	32.8	3.2	0.8	
47.5	18.0	5.7	-21.4	
30.3	20.5	3.2	-6.6	
25.4	32.8	18.0	-9.1	
10.6	25.4	5.7	-6.6	
15.5	22.9	8.2	0.8	
15.5	8.2	8.2	0.8	
25.4	30.3	-1.7	10.6	
32.8	35.2	-4.1	3.2	
45.1	30.3	0.8	0.8	
50.0	42.6	-1.7	10.6	
37.7	25.4	3.2	10.6	
13.1	22.9	0.8	15.5	
18.0	25.4	-4.1	18.0	
37.7	25.4	3.2	15.5	
30.3	30.3	5.7	8.2	
27.8	35.2	5.7	22.9	
3.2	37.7	8.2	35.2	
5.7	25.4	18.0	13.1	
37.7	25.4	5.7	8.2	
64.7	30.3	0.8	-14.0	
91.8	35.2	10.6	-9.1	
101.6	42.6	5.7	5.7	
99.2	32.8	-6.6	-1.7	
72.1	42.6	3.2	18.0	
-11.5	27.8	-4.1	15.5	
-92.7	35.2	3.2	8.2	
-124.7	27.8	8.2	0.8	
-90.2	37.7	-4.1	0.8	
-68.1	37.7	3.2	-1.7	
-36.1	35.2	8.2	3.2	
15.5	35.2	-1.7	13.1	
84.4	40.1	0.8	25.4	
118.9	40.1	13.1	22.9	
163.1	45.1	8.2	13.1	
163.1	32.8	-4.1	5.7	
118.9	32.8	-4.1	5.7	
84.4	40.1	5.7	-11.5	
45.1	30.3	-6.6	5.7	
-6.6	35.2	5.7	8.2	
-102.5	42.6	0.8	-1.7	
-169.0	25.4	5.7	8.2	
-169.0	45.1	5.7	5.7	
-119.8	25.4	-1.7	3.2	
-80.4	42.6	0.8	8.2	
-73.0	32.8	-1.7	13.1	
-41.0	27.8	8.2	20.5	
40.1	22.9	3.2	25.4	
113.9	35.2	5.7	13.1	
163.1	45.1	8.2	10.6	
155.8	32.8	5.7	3.2	
106.6	37.7	8.2	-4.1	
40.1	37.7	5.7	0.8	
-18.9	47.5	-4.1	5.7	
-102.5	27.8	0.8	-11.5	
-122.2	40.1	0.8	5.7	
-95.2	35.2	8.2	-1.7	
-41.0	37.7	3.2	0.8	
-41.0	42.6	8.2	15.5	
-11.5	40.1	5.7	8.2	
-11.5	32.8	-4.1	-4.1	
10.6	25.4	13.1	22.9	
3.2	15.5	15.5	0.8	
13.1	13.1	18.0	0.8	
25.4	5.7	13.1	-33.7	
22.9	5.7	10.6	-1.7	
32.8	-6.6	-4.1	-6.6	
-6.6	-1.7	3.2	-1.7	
-31.2	-6.6	0.8	-4.1	
3.2	0.8	0.8	-4.1	
18.0	0.8	10.6	20.5	
22.9	5.7	3.2	22.9	
35.2	13.1	0.8	-1.7	
64.7	5.7	10.6	-4.1	
62.3	5.7	13.1	27.8	
74.6	10.6	15.5	0.8	
59.8	-1.7	13.1	-26.3	
69.7	8.2	22.9	-23.8	
45.1	0.8	18.0	-26.3	
8.2	20.5	15.5	-11.5	
15.5	15.5	10.6	-4.1	
15.5	15.5	5.7	8.2	
20.5	8.2	8.2	-11.5	
0.8	22.9	0.8	10.6	
-14.0	20.5	8.2	8.2	
-18.9	18.0	-1.7	25.4	
-38.6	27.8	-9.1	20.5	
-31.2	27.8	0.8	62.3	
35.2	27.8	-9.1	25.4	
86.9	35.2	-14.0	47.5	
118.9	27.8	5.7	-14.0	
138.5	32.8	0.8	-23.8	
118.9	42.6	-1.7	8.2	
82.0	42.6	8.2	67.2	
-23.8	37.7	13.1	84.4	
-90.2	47.5	8.2	27.8	
-90.2	47.5	3.2	-53.3	
-18.9	35.2	10.6	-73.0	
3.2	35.2	0.8	-26.3	
-4.1	42.6	-1.7	-21.4	
3.2	37.7	-4.1	5.7	
-23.8	37.7	-1.7	-18.9	
-41.0	30.3	13.1	-18.9	
-60.7	25.4	10.6	-4.1	
-43.5	35.2	3.2	-1.7	
-26.3	30.3	8.2	13.1	
-38.6	30.3	-1.7	32.8	
-16.4	25.4	5.7	3.2	
42.6	25.4	8.2	22.9	
79.5	22.9	3.2	5.7	
86.9	27.8	10.6	8.2	
50.0	42.6	13.1	0.8	
-16.4	30.3	0.8	-9.1	
-43.5	32.8	3.2	-23.8	
-11.5	45.1	-9.1	-6.6	
5.7	22.9	8.2	-18.9	
-1.7	25.4	5.7	3.2	
0.8	27.8	8.2	18.0	
18.0	22.9	3.2	32.8	
59.8	22.9	-9.1	18.0	
69.7	30.3	5.7	-6.6	
59.8	30.3	-4.1	-4.1	
54.9	35.2	5.7	5.7	
42.6	30.3	5.7	3.2	
47.5	37.7	-6.6	10.6	
30.3	45.1	0.8	-11.5	
8.2	22.9	8.2	10.6	
-23.8	25.4	13.1	0.8	
-50.9	27.8	8.2	13.1	
-46.0	30.3	5.7	8.2	
-53.3	32.8	8.2	13.1	
-26.3	22.9	-1.7	20.5	
-23.8	30.3	-6.6	27.8	
-16.4	22.9	0.8	25.4	
-11.5	25.4	3.2	18.0	
5.7	42.6	-6.6	18.0	
10.6	30.3	0.8	20.5	
10.6	27.8	5.7	15.5	
15.5	20.5	0.8	22.9	
13.1	27.8	10.6	32.8	
27.8	27.8	-9.1	42.6	
22.9	22.9	8.2	22.9	
20.5	35.2	-1.7	3.2	
27.8	30.3	0.8	-11.5	
22.9	32.8	-4.1	20.5	
37.7	20.5	-6.6	15.5	
37.7	30.3	15.5	15.5	
37.7	27.8	10.6	-11.5	
50.0	30.3	0.8	-16.4	
47.5	22.9	-9.1	20.5	
57.4	27.8	13.1	3.2	
72.1	20.5	13.1	-16.4	
91.8	15.5	10.6	0.8	
121.3	13.1	5.7	0.8	
143.5	22.9	-1.7	-11.5	
123.8	27.8	0.8	10.6	
47.5	40.1	3.2	15.5	
-48.4	32.8	10.6	15.5	
-127.1	27.8	-9.1	10.6	
-80.4	25.4	-9.1	-1.7	
-68.1	30.3	3.2	13.1	
-63.2	22.9	0.8	8.2	
-63.2	22.9	10.6	13.1	
-50.9	27.8	3.2	10.6	
-16.4	25.4	-4.1	5.7	
8.2	37.7	-4.1	27.8	
22.9	22.9	10.6	47.5	
25.4	25.4	8.2	42.6	
25.4	25.4	-9.1	45.1	
69.7	32.8	-1.7	27.8	
101.6	27.8	-1.7	5.7	
77.0	30.3	0.8	-4.1	
79.5	25.4	3.2	-9.1	
118.9	30.3	5.7	5.7	
118.9	30.3	3.2	10.6	
47.5	37.7	13.1	8.2	
52.4	25.4	18.0	5.7	
113.9	20.5	8.2	-6.6	
111.5	27.8	8.2	-36.1	
52.4	30.3	-1.7	22.9	
18.0	27.8	10.6	42.6	
0.8	35.2	18.0	35.2	
-105.0	20.5	13.1	50.0	
-188.6	30.3	3.2	25.4	
-159.1	25.4	0.8	5.7	
-193.6	25.4	0.8	-6.6	
-137.0	25.4	3.2	-11.5	
-60.7	25.4	0.8	-4.1	
-28.7	30.3	8.2	10.6	
-14.0	37.7	8.2	-1.7	
-23.8	15.5	13.1	-28.7	
-36.1	27.8	8.2	-14.0	
-46.0	27.8	5.7	10.6	
-53.3	30.3	5.7	13.1	
-36.1	40.1	3.2	20.5	
-18.9	25.4	3.2	-9.1	
32.8	32.8	-4.1	-23.8	
57.4	35.2	5.7	-21.4	
54.9	27.8	0.8	15.5	
52.4	30.3	13.1	8.2	
25.4	37.7	18.0	8.2	
0.8	32.8	13.1	5.7	
18.0	22.9	13.1	13.1	
57.4	20.5	15.5	25.4	
54.9	30.3	3.2	8.2	
32.8	25.4	-1.7	8.2	
10.6	25.4	3.2	15.5	
-18.9	27.8	8.2	18.0	
5.7	30.3	8.2	13.1	
13.1	25.4	5.7	0.8	
35.2	32.8	5.7	10.6	
32.8	42.6	3.2	13.1	
22.9	22.9	3.2	10.6	
20.5	30.3	3.2	10.6	
25.4	18.0	3.2	30.3	
27.8	20.5	3.2	32.8	
30.3	22.9	8.2	35.2	
25.4	35.2	5.7	8.2	
27.8	32.8	10.6	-1.7	
13.1	22.9	10.6	-14.0	
15.5	30.3	5.7	-9.1	
22.9	30.3	8.2	8.2	
5.7	15.5	13.1	10.6	
25.4	32.8	3.2	10.6	
50.0	22.9	0.8	-1.7	
42.6	27.8	3.2	3.2	
52.4	30.3	-1.7	8.2	
50.0	20.5	0.8	-18.9	
13.1	18.0	18.0	-4.1	
0.8	18.0	18.0	-1.7	
0.8	27.8	18.0	-6.6	
5.7	32.8	5.7	8.2	
-4.1	45.1	-4.1	15.5	
-28.7	40.1	8.2	30.3	
-4.1	42.6	5.7	32.8	
0.8	37.7	3.2	18.0	
-4.1	30.3	8.2	3.2	
-1.7	25.4	5.7	-1.7	
5.7	27.8	5.7	-11.5	
22.9	22.9	5.7	0.8	
30.3	27.8	8.2	25.4	
20.5	22.9	5.7	18.0	
13.1	27.8	13.1	5.7	
20.5	30.3	8.2	-6.6	
20.5	22.9	-1.7	-4.1	
18.0	25.4	0.8	20.5	
25.4	15.5	5.7	8.2	
18.0	18.0	0.8	13.1	
18.0	18.0	10.6	30.3	
13.1	25.4	-1.7	35.2	
20.5	15.5	-1.7	45.1	
32.8	32.8	5.7	30.3	
22.9	35.2	8.2	-1.7	
22.9	40.1	3.2	15.5	
37.7	30.3	8.2	27.8	
35.2	20.5	-6.6	5.7	
40.1	18.0	-1.7	-28.7	
25.4	18.0	-1.7	-28.7	
-1.7	18.0	-6.6	-21.4	
-1.7	25.4	-6.6	-41.0	
8.2	22.9	-1.7	-38.6	
8.2	32.8	-6.6	10.6	
3.2	45.1	-6.6	52.4	
15.5	37.7	0.8	50.0	
50.0	50.0	5.7	40.1	
52.4	52.4	0.8	67.2	
62.3	42.6	0.8	54.9	
72.1	37.7	-4.1	57.4	
79.5	37.7	-1.7	40.1	
32.8	27.8	-4.1	10.6	
-1.7	40.1	8.2	-16.4	
-53.3	32.8	-14.0	10.6	
-41.0	25.4	5.7	-14.0	
45.1	27.8	0.8	-23.8	
128.7	30.3	3.2	-18.9	
138.5	40.1	3.2	-33.7	
126.2	30.3	-4.1	0.8	
77.0	27.8	-4.1	32.8	
25.4	32.8	8.2	13.1	
-55.8	30.3	-1.7	22.9	
-38.6	22.9	-4.1	35.2	
47.5	22.9	-9.1	42.6	
141.0	27.8	-1.7	22.9	
170.5	25.4	3.2	40.1	
62.3	25.4	5.7	3.2	
-65.6	30.3	-1.7	-16.4	
-117.3	20.5	-6.6	-11.5	
-132.1	18.0	-4.1	3.2	
-232.9	18.0	-9.1	-33.7	
-338.7	18.0	-1.7	-6.6	
-240.3	22.9	0.8	18.0	
-68.1	25.4	-1.7	30.3	
37.7	22.9	5.7	32.8	
94.3	37.7	3.2	0.8	
84.4	25.4	3.2	-9.1	
82.0	32.8	3.2	15.5	
25.4	37.7	3.2	0.8	
-139.4	37.7	0.8	-6.6	
-117.3	37.7	13.1	-21.4	
-23.8	27.8	15.5	-4.1	
40.1	25.4	10.6	-18.9	
74.6	30.3	-1.7	13.1	
67.2	32.8	0.8	18.0	
40.1	32.8	5.7	-11.5	
-16.4	30.3	-4.1	5.7	
-41.0	30.3	18.0	8.2	
0.8	27.8	5.7	-1.7	
15.5	27.8	-4.1	-21.4	
-14.0	37.7	10.6	-4.1	
-65.6	37.7	3.2	20.5	
-65.6	35.2	-1.7	25.4	
0.8	30.3	18.0	52.4	
47.5	27.8	10.6	94.3	
59.8	27.8	15.5	133.6	
59.8	27.8	13.1	89.3	
47.5	25.4	10.6	-26.3	
30.3	35.2	3.2	-48.4	
20.5	30.3	0.8	-33.7	
40.1	30.3	8.2	-23.8	
32.8	18.0	13.1	-23.8	
32.8	30.3	13.1	-18.9	
35.2	25.4	20.5	8.2	
35.2	27.8	8.2	3.2	
27.8	25.4	13.1	3.2	
27.8	22.9	8.2	13.1	
22.9	42.6	8.2	10.6	
27.8	30.3	-6.6	13.1	
22.9	20.5	22.9	-1.7	
27.8	22.9	10.6	5.7	
0.8	22.9	0.8	-4.1	
-26.3	27.8	15.5	8.2	
-9.1	32.8	10.6	13.1	
-4.1	22.9	13.1	15.5	
13.1	32.8	20.5	8.2	
27.8	22.9	5.7	10.6	
32.8	22.9	8.2	5.7	
40.1	30.3	0.8	13.1	
30.3	22.9	8.2	8.2	
40.1	30.3	-4.1	13.1	
62.3	32.8	0.8	15.5	
77.0	27.8	22.9	20.5	
74.6	32.8	10.6	20.5	
64.7	30.3	-1.7	20.5	
42.6	27.8	15.5	20.5	
32.8	30.3	10.6	18.0	
5.7	25.4	10.6	22.9	
-31.2	30.3	18.0	-1.7	
-38.6	25.4	8.2	-9.1	
-36.1	18.0	8.2	-1.7	
-11.5	30.3	8.2	3.2	
-14.0	27.8	5.7	-1.7	
0.8	22.9	13.1	5.7	
-6.6	20.5	20.5	13.1	
-16.4	25.4	15.5	13.1	
-21.4	27.8	5.7	10.6	
-11.5	37.7	8.2	10.6	
-1.7	32.8	5.7	0.8	
13.1	27.8	15.5	-1.7	
25.4	30.3	10.6	27.8	
15.5	27.8	8.2	5.7	
22.9	32.8	8.2	0.8	
64.7	20.5	18.0	5.7	
62.3	27.8	15.5	15.5	
62.3	25.4	13.1	22.9	
67.2	25.4	10.6	20.5	
67.2	30.3	5.7	42.6	
59.8	27.8	20.5	18.0	
37.7	27.8	3.2	0.8	
-9.1	25.4	8.2	-21.4	
-58.3	25.4	3.2	-4.1	
-14.0	22.9	-4.1	-16.4	
20.5	27.8	-4.1	3.2	
84.4	30.3	5.7	-1.7	
121.3	30.3	18.0	5.7	
133.6	27.8	8.2	15.5	
118.9	30.3	-1.7	13.1	
91.8	25.4	0.8	32.8	
18.0	32.8	5.7	13.1	
-50.9	32.8	0.8	0.8	
-65.6	15.5	5.7	-9.1	
-70.6	22.9	-1.7	13.1	
-46.0	27.8	0.8	8.2	
-33.7	27.8	-1.7	20.5	
-28.7	25.4	5.7	40.1	
0.8	32.8	-4.1	15.5	
64.7	35.2	0.8	-23.8	
99.2	37.7	-4.1	0.8	
116.4	40.1	8.2	8.2	
118.9	25.4	0.8	8.2	
47.5	27.8	0.8	-16.4	
-46.0	30.3	-1.7	-31.2	
-92.7	32.8	-1.7	-38.6	
-137.0	37.7	0.8	-14.0	
-95.2	32.8	5.7	37.7	
-14.0	32.8	3.2	54.9	
30.3	22.9	-1.7	57.4	
-14.0	20.5	-4.1	50.0	
-48.4	27.8	13.1	8.2	
-75.5	32.8	8.2	10.6	
-28.7	32.8	10.6	-1.7	
-11.5	30.3	5.7	5.7	
37.7	25.4	5.7	10.6	
45.1	37.7	8.2	40.1	
-4.1	22.9	-1.7	37.7	
-65.6	22.9	-4.1	35.2	
-102.5	32.8	3.2	-14.0	
-102.5	37.7	-1.7	-58.3	
-70.6	32.8	8.2	-31.2	
-73.0	40.1	13.1	-26.3	
-9.1	32.8	5.7	-9.1	
42.6	37.7	5.7	10.6	
77.0	30.3	-4.1	-9.1	
82.0	32.8	5.7	0.8	
79.5	20.5	3.2	-6.6	
57.4	27.8	15.5	-1.7	
15.5	20.5	10.6	-11.5	
-6.6	22.9	3.2	3.2	
-14.0	37.7	8.2	3.2	
3.2	40.1	18.0	5.7	
15.5	27.8	3.2	22.9	
15.5	37.7	13.1	30.3	
18.0	27.8	-1.7	54.9	
30.3	25.4	8.2	32.8	
25.4	25.4	5.7	32.8	
22.9	27.8	22.9	35.2	
15.5	35.2	10.6	0.8	
-16.4	30.3	0.8	-6.6	
-9.1	32.8	-1.7	-43.5	
20.5	22.9	5.7	-23.8	
45.1	35.2	5.7	-4.1	
42.6	27.8	-1.7	25.4	
42.6	20.5	20.5	37.7	
25.4	40.1	13.1	18.0	
37.7	22.9	8.2	5.7	
35.2	25.4	-1.7	-4.1	
32.8	20.5	22.9	-11.5	
30.3	32.8	8.2	8.2	
37.7	27.8	8.2	3.2	
32.8	30.3	13.1	8.2	
47.5	35.2	18.0	3.2	
35.2	30.3	10.6	8.2	
22.9	25.4	-1.7	8.2	
22.9	25.4	0.8	18.0	
5.7	30.3	10.6	8.2	
-6.6	25.4	13.1	-21.4	
3.2	22.9	20.5	3.2	
25.4	25.4	5.7	15.5	
40.1	27.8	-1.7	13.1	
37.7	25.4	13.1	10.6	
30.3	27.8	5.7	20.5	
32.8	30.3	13.1	15.5	
30.3	25.4	22.9	15.5	
62.3	27.8	18.0	27.8	
67.2	30.3	18.0	20.5	
57.4	22.9	10.6	35.2	
50.0	32.8	0.8	25.4	
54.9	32.8	0.8	15.5	
37.7	20.5	0.8	15.5	
-23.8	30.3	8.2	10.6	
-58.3	20.5	8.2	37.7	
-50.9	27.8	0.8	32.8	
-80.4	27.8	22.9	18.0	
-90.2	25.4	18.0	-16.4	
-68.1	32.8	18.0	8.2	
-23.8	27.8	10.6	8.2	
5.7	30.3	0.8	3.2	
5.7	22.9	13.1	-4.1	
27.8	27.8	0.8	10.6	
22.9	42.6	3.2	5.7	
42.6	37.7	8.2	10.6	
67.2	20.5	-1.7	18.0	
94.3	27.8	3.2	15.5	
96.7	25.4	18.0	18.0	
94.3	30.3	10.6	15.5	
79.5	32.8	0.8	15.5	
20.5	35.2	5.7	22.9	
-21.4	32.8	5.7	5.7	
-70.6	37.7	5.7	10.6	
-73.0	35.2	15.5	8.2	
-46.0	25.4	8.2	-1.7	
-33.7	32.8	10.6	5.7	
-28.7	37.7	5.7	0.8	
-11.5	32.8	0.8	3.2	
30.3	37.7	0.8	22.9	
59.8	27.8	8.2	13.1	
77.0	32.8	-4.1	18.0	
99.2	42.6	0.8	18.0	
72.1	30.3	10.6	0.8	
42.6	32.8	3.2	-14.0	
15.5	27.8	13.1	13.1	
0.8	37.7	5.7	10.6	
-28.7	25.4	-1.7	-1.7	
-23.8	25.4	3.2	15.5	
15.5	22.9	10.6	-9.1	
30.3	27.8	5.7	8.2	
50.0	32.8	22.9	-6.6	
59.8	25.4	3.2	15.5	
32.8	25.4	8.2	15.5	
-11.5	30.3	5.7	13.1	
-23.8	35.2	0.8	8.2	
-14.0	22.9	-4.1	8.2	
-6.6	37.7	0.8	35.2	
-1.7	35.2	5.7	0.8	
-1.7	30.3	-6.6	3.2	
32.8	30.3	5.7	-23.8	
62.3	30.3	-6.6	-11.5	
121.3	27.8	-1.7	5.7	
106.6	32.8	5.7	25.4	
45.1	37.7	13.1	25.4	
-33.7	32.8	8.2	18.0	
-97.6	27.8	5.7	-9.1	
-102.5	27.8	-1.7	-18.9	
-119.8	27.8	3.2	0.8	
-90.2	32.8	5.7	-1.7	
-28.7	20.5	8.2	-1.7	
52.4	25.4	-4.1	8.2	
99.2	32.8	8.2	-14.0	
52.4	27.8	-9.1	13.1	
-55.8	32.8	3.2	13.1	
-161.6	37.7	5.7	13.1	
-141.9	18.0	5.7	40.1	
-43.5	32.8	13.1	22.9	
8.2	35.2	5.7	-14.0	
42.6	32.8	-9.1	15.5	
59.8	32.8	0.8	-31.2	
79.5	25.4	-6.6	-18.9	
69.7	32.8	0.8	-9.1	
52.4	25.4	5.7	13.1	
-28.7	30.3	5.7	35.2	
-48.4	22.9	8.2	35.2	
-28.7	20.5	10.6	79.5	
5.7	27.8	-1.7	42.6	
47.5	15.5	8.2	-4.1	
59.8	25.4	5.7	-36.1	
99.2	18.0	-1.7	-80.4	
101.6	27.8	3.2	-14.0	
91.8	25.4	18.0	-11.5	
47.5	13.1	5.7	-11.5	
-31.2	22.9	0.8	-6.6	
-87.8	37.7	10.6	18.0	
-55.8	25.4	8.2	30.3	
-50.9	27.8	5.7	18.0	
-26.3	37.7	-4.1	18.0	
18.0	22.9	5.7	-31.2	
37.7	25.4	3.2	13.1	
40.1	27.8	3.2	8.2	
30.3	27.8	-4.1	15.5	
-18.9	27.8	8.2	0.8	
-53.3	30.3	0.8	-18.9	
-41.0	35.2	13.1	-14.0	
-4.1	35.2	8.2	-9.1	
3.2	32.8	3.2	-11.5	
8.2	27.8	-1.7	0.8	
8.2	35.2	15.5	-4.1	
15.5	37.7	20.5	-4.1	
27.8	25.4	3.2	0.8	
25.4	35.2	0.8	8.2	
50.0	30.3	5.7	-1.7	
42.6	22.9	0.8	-4.1	
42.6	30.3	8.2	-6.6	
54.9	32.8	8.2	10.6	
57.4	27.8	8.2	8.2	
59.8	22.9	0.8	-1.7	
64.7	30.3	3.2	3.2	
64.7	32.8	3.2	-11.5	
69.7	27.8	8.2	8.2	
52.4	37.7	0.8	-1.7	
35.2	30.3	20.5	18.0	
25.4	32.8	5.7	3.2	
-1.7	37.7	18.0	5.7	
-18.9	32.8	10.6	15.5	
-28.7	42.6	3.2	13.1	
-33.7	40.1	8.2	-1.7	
-18.9	37.7	18.0	8.2	
-9.1	45.1	15.5	0.8	
-9.1	42.6	22.9	3.2	
0.8	30.3	8.2	0.8	
15.5	35.2	10.6	5.7	
22.9	37.7	0.8	0.8	
20.5	25.4	-9.1	-6.6	
5.7	30.3	0.8	-6.6	
-16.4	27.8	-4.1	-1.7	
-11.5	37.7	3.2	10.6	
0.8	22.9	3.2	-4.1	
40.1	25.4	10.6	0.8	
40.1	30.3	3.2	10.6	
30.3	30.3	5.7	-9.1	
45.1	25.4	13.1	10.6	
37.7	30.3	10.6	3.2	
50.0	25.4	0.8	0.8	
42.6	22.9	5.7	-9.1	
35.2	35.2	-9.1	-6.6	
42.6	32.8	10.6	13.1	
45.1	27.8	0.8	13.1	
52.4	27.8	15.5	5.7	
25.4	27.8	18.0	0.8	
20.5	27.8	22.9	-1.7	
-1.7	20.5	8.2	-16.4	
-16.4	42.6	3.2	-9.1	
-26.3	30.3	-1.7	0.8	
-26.3	22.9	-1.7	-9.1	
18.0	35.2	0.8	-9.1	
104.1	32.8	13.1	-4.1	
150.8	40.1	10.6	-11.5	
111.5	30.3	-6.6	0.8	
42.6	42.6	3.2	-1.7	
-38.6	40.1	8.2	18.0	
-90.2	40.1	3.2	37.7	
-139.4	40.1	5.7	37.7	
-141.9	47.5	0.8	37.7	
-87.8	42.6	3.2	10.6	
-41.0	42.6	13.1	5.7	
-18.9	40.1	15.5	-33.7	
-11.5	50.0	15.5	-28.7	
5.7	37.7	15.5	-9.1	
8.2	40.1	13.1	27.8	
8.2	40.1	13.1	18.0	
22.9	42.6	22.9	-9.1	
47.5	35.2	10.6	-41.0	
64.7	42.6	13.1	-36.1	
64.7	37.7	13.1	-4.1	
50.0	40.1	5.7	-11.5	
8.2	40.1	5.7	-18.9	
5.7	45.1	3.2	-18.9	
37.7	37.7	8.2	-6.6	
82.0	47.5	18.0	-16.4	
109.0	45.1	13.1	13.1	
138.5	45.1	13.1	8.2	
79.5	45.1	3.2	25.4	
40.1	57.4	5.7	22.9	
-31.2	57.4	5.7	-4.1	
-107.5	47.5	15.5	20.5	
-127.1	50.0	8.2	-23.8	
-38.6	30.3	0.8	-14.0	
54.9	25.4	20.5	15.5	
109.0	13.1	3.2	-11.5	
96.7	20.5	3.2	-18.9	
99.2	3.2	0.8	5.7	
42.6	-4.1	3.2	8.2	
-50.9	-9.1	15.5	8.2	
-109.9	-4.1	15.5	15.5	
-107.5	-11.5	5.7	13.1	
-82.9	3.2	-1.7	-14.0	
-41.0	3.2	5.7	-1.7	
0.8	15.5	10.6	-38.6	
47.5	8.2	10.6	-14.0	
113.9	8.2	5.7	0.8	
104.1	3.2	15.5	-9.1	
94.3	3.2	18.0	3.2	
67.2	0.8	10.6	-1.7	
8.2	18.0	8.2	0.8	
-80.4	18.0	18.0	10.6	
-102.5	18.0	22.9	18.0	
-97.6	32.8	18.0	40.1	
-80.4	18.0	10.6	30.3	
-55.8	25.4	10.6	15.5	
-58.3	20.5	13.1	-9.1	
-70.6	32.8	13.1	13.1	
-60.7	22.9	10.6	-1.7	
-11.5	22.9	0.8	-14.0	
40.1	32.8	3.2	-21.4	
77.0	32.8	3.2	-9.1	
74.6	30.3	8.2	3.2	
64.7	30.3	-4.1	3.2	
54.9	30.3	5.7	-1.7	
35.2	25.4	-1.7	18.0	
20.5	32.8	10.6	18.0	
40.1	42.6	-6.6	13.1	
47.5	40.1	8.2	18.0	
69.7	37.7	5.7	0.8	
77.0	42.6	13.1	5.7	
64.7	30.3	13.1	5.7	
15.5	32.8	18.0	3.2	
-21.4	37.7	13.1	13.1	
-50.9	37.7	-4.1	13.1	
-85.3	35.2	13.1	20.5	
-70.6	32.8	13.1	22.9	
-63.2	32.8	-1.7	18.0	
-36.1	45.1	3.2	22.9	
-4.1	40.1	-4.1	0.8	
20.5	45.1	-4.1	-6.6	
50.0	32.8	-4.1	-1.7	
50.0	32.8	5.7	-6.6	
42.6	37.7	0.8	13.1	
35.2	25.4	-4.1	0.8	
45.1	27.8	3.2	3.2	
13.1	25.4	3.2	3.2	
-9.1	35.2	3.2	20.5	
0.8	25.4	5.7	27.8	
18.0	22.9	3.2	20.5	
35.2	30.3	-1.7	5.7	
40.1	35.2	3.2	10.6	
47.5	20.5	-4.1	10.6	
35.2	35.2	0.8	20.5	
35.2	35.2	-1.7	13.1	
5.7	15.5	0.8	18.0	
-9.1	30.3	-4.1	3.2	
10.6	30.3	-9.1	-11.5	
32.8	35.2	-4.1	18.0	
47.5	30.3	-6.6	37.7	
45.1	35.2	-1.7	8.2	
67.2	35.2	0.8	-21.4	
84.4	27.8	-6.6	3.2	
94.3	32.8	5.7	13.1	
69.7	20.5	-4.1	-1.7	
37.7	35.2	3.2	-6.6	
57.4	30.3	-1.7	-21.4	
-4.1	32.8	-6.6	8.2	
-6.6	32.8	0.8	8.2	
13.1	15.5	-1.7	0.8	
20.5	35.2	-4.1	-4.1	
-14.0	32.8	5.7	0.8	
-48.4	20.5	5.7	5.7	
-114.8	35.2	-1.7	-16.4	
-166.5	35.2	-9.1	-9.1	
-105.0	30.3	5.7	-11.5	
-18.9	30.3	-1.7	-9.1	
69.7	22.9	-1.7	5.7	
109.0	30.3	3.2	0.8	
94.3	20.5	5.7	10.6	
25.4	30.3	-1.7	-6.6	
-16.4	25.4	5.7	-14.0	
-11.5	20.5	3.2	-9.1	
-36.1	25.4	-1.7	-9.1	
-87.8	27.8	-9.1	-4.1	
-68.1	32.8	0.8	3.2	
-36.1	35.2	8.2	8.2	
3.2	37.7	0.8	30.3	
10.6	42.6	3.2	52.4	
8.2	30.3	8.2	45.1	
20.5	30.3	5.7	20.5	
30.3	32.8	10.6	-11.5	
30.3	22.9	8.2	-23.8	
32.8	30.3	13.1	22.9	
20.5	35.2	10.6	35.2	
18.0	32.8	-6.6	15.5	
45.1	25.4	5.7	-9.1	
67.2	27.8	8.2	-38.6	
69.7	45.1	8.2	-16.4	
64.7	32.8	18.0	-16.4	
59.8	35.2	8.2	-21.4	
52.4	20.5	3.2	0.8	
77.0	27.8	13.1	22.9	
94.3	27.8	8.2	10.6	
101.6	22.9	13.1	0.8	
74.6	18.0	3.2	-11.5	
79.5	20.5	3.2	0.8	
77.0	22.9	3.2	0.8	
3.2	40.1	13.1	0.8	
-60.7	30.3	22.9	0.8	
-68.1	32.8	18.0	15.5	
-60.7	30.3	10.6	15.5	
-60.7	35.2	3.2	13.1	
-50.9	42.6	15.5	18.0	
-41.0	45.1	20.5	-1.7	
-50.9	50.0	20.5	3.2	
-65.6	37.7	8.2	-4.1	
-53.3	27.8	10.6	10.6	
-16.4	20.5	13.1	22.9	
-21.4	35.2	15.5	18.0	
-6.6	15.5	13.1	45.1	
-11.5	0.8	18.0	50.0	
-18.9	13.1	15.5	15.5	
-31.2	30.3	13.1	-6.6	
-9.1	25.4	20.5	-36.1	
8.2	30.3	18.0	-1.7	
20.5	25.4	18.0	22.9	
52.4	27.8	13.1	-4.1	
86.9	54.9	5.7	0.8	
118.9	42.6	3.2	27.8	
128.7	45.1	10.6	35.2	
128.7	42.6	13.1	15.5	
59.8	30.3	15.5	10.6	
77.0	27.8	15.5	-16.4	
69.7	30.3	25.4	-11.5	
62.3	25.4	18.0	0.8	
13.1	37.7	13.1	18.0	
-28.7	37.7	10.6	32.8	
-38.6	35.2	15.5	50.0	
-63.2	35.2	13.1	-4.1	
-73.0	22.9	18.0	-11.5	
-90.2	22.9	20.5	-26.3	
-122.2	35.2	5.7	-11.5	
-73.0	32.8	3.2	-9.1	
-16.4	32.8	15.5	0.8	
32.8	35.2	22.9	-6.6	
62.3	37.7	3.2	-1.7	
59.8	27.8	10.6	10.6	
37.7	35.2	0.8	13.1	
-28.7	35.2	5.7	15.5	
-48.4	25.4	0.8	40.1	
-14.0	27.8	20.5	8.2	
-9.1	27.8	15.5	-11.5	
-46.0	32.8	15.5	-1.7	
-53.3	32.8	0.8	-4.1	
-21.4	30.3	13.1	3.2	
18.0	27.8	8.2	13.1	
27.8	40.1	8.2	8.2	
37.7	30.3	0.8	13.1	
42.6	30.3	3.2	37.7	
59.8	35.2	-4.1	18.0	
47.5	22.9	15.5	20.5	
45.1	35.2	5.7	8.2	
35.2	32.8	-11.5	0.8	
27.8	30.3	-6.6	-1.7	
22.9	35.2	13.1	-11.5	
18.0	35.2	10.6	15.5	
5.7	20.5	8.2	13.1	
25.4	30.3	0.8	10.6	
37.7	30.3	5.7	5.7	
79.5	35.2	3.2	0.8	
99.2	25.4	5.7	-4.1	
96.7	25.4	13.1	18.0	
82.0	25.4	10.6	18.0	
50.0	27.8	0.8	30.3	
3.2	30.3	0.8	10.6	
-46.0	18.0	8.2	5.7	
-28.7	25.4	3.2	-14.0	
-16.4	25.4	-4.1	-18.9	
-48.4	30.3	10.6	-4.1	
-46.0	30.3	10.6	13.1	
-18.9	35.2	0.8	20.5	
8.2	22.9	13.1	3.2	
32.8	27.8	3.2	18.0	
45.1	37.7	5.7	30.3	
30.3	25.4	5.7	22.9	
-4.1	22.9	-6.6	25.4	
-23.8	22.9	-1.7	-4.1	
-33.7	22.9	0.8	5.7	
-28.7	18.0	0.8	-1.7	
-9.1	37.7	3.2	18.0	
25.4	37.7	-1.7	13.1	
35.2	18.0	13.1	10.6	
45.1	27.8	8.2	8.2	
57.4	18.0	5.7	8.2	
67.2	30.3	8.2	18.0	
69.7	22.9	0.8	15.5	
40.1	25.4	0.8	3.2	
25.4	35.2	13.1	-14.0	
-9.1	20.5	3.2	-16.4	
-28.7	18.0	-1.7	-9.1	
-41.0	22.9	-4.1	-9.1	
-21.4	32.8	-1.7	-14.0	
37.7	30.3	-9.1	-16.4	
47.5	27.8	-4.1	-4.1	
79.5	32.8	0.8	5.7	
74.6	32.8	0.8	-1.7	
74.6	35.2	10.6	8.2	
82.0	25.4	-6.6	0.8	
52.4	22.9	3.2	3.2	
32.8	27.8	5.7	10.6	
-16.4	32.8	-9.1	10.6	
-38.6	27.8	0.8	0.8	
-50.9	32.8	0.8	-1.7	
-65.6	32.8	-1.7	5.7	
-73.0	18.0	0.8	13.1	
-109.9	30.3	-4.1	37.7	
-107.5	22.9	-4.1	35.2	
-77.9	30.3	0.8	32.8	
-41.0	22.9	5.7	18.0	
0.8	32.8	10.6	18.0	
30.3	27.8	-6.6	-23.8	
35.2	20.5	0.8	-21.4	
25.4	30.3	-1.7	-26.3	
40.1	18.0	8.2	13.1	
62.3	25.4	5.7	-21.4	
50.0	30.3	0.8	-6.6	
54.9	27.8	-4.1	10.6	
18.0	27.8	-1.7	0.8	
-28.7	37.7	13.1	5.7	
-53.3	27.8	5.7	-4.1	
-9.1	27.8	10.6	-1.7	
32.8	27.8	10.6	-9.1	
42.6	22.9	10.6	-4.1	
40.1	30.3	20.5	5.7	
35.2	27.8	3.2	-6.6	
-16.4	37.7	0.8	5.7	
-21.4	35.2	10.6	-1.7	
-16.4	27.8	10.6	-1.7	
0.8	27.8	-6.6	3.2	
18.0	25.4	-1.7	13.1	
32.8	22.9	-1.7	8.2	
47.5	37.7	0.8	0.8	
37.7	18.0	5.7	13.1	
40.1	13.1	0.8	3.2	
8.2	30.3	0.8	35.2	
5.7	32.8	8.2	-6.6	
-18.9	25.4	3.2	-6.6	
-18.9	22.9	-1.7	8.2	
-4.1	30.3	3.2	57.4	
8.2	32.8	8.2	-4.1	
15.5	18.0	8.2	0.8	
5.7	22.9	-4.1	-6.6	
20.5	20.5	-1.7	-4.1	
35.2	13.1	18.0	0.8	
32.8	25.4	3.2	15.5	
50.0	27.8	0.8	5.7	
40.1	25.4	5.7	5.7	
22.9	30.3	-9.1	-6.6	
18.0	27.8	8.2	-1.7	
22.9	40.1	5.7	10.6	
47.5	35.2	-1.7	0.8	
54.9	45.1	3.2	3.2	
57.4	42.6	0.8	27.8	
62.3	25.4	5.7	18.0	
69.7	32.8	10.6	20.5	
45.1	30.3	0.8	45.1	
8.2	13.1	8.2	20.5	
-36.1	15.5	0.8	3.2	
-21.4	22.9	13.1	-1.7	
-14.0	32.8	13.1	20.5	
-21.4	18.0	8.2	8.2	
-21.4	25.4	3.2	-4.1	
-1.7	25.4	5.7	10.6	
13.1	25.4	-1.7	22.9	
54.9	22.9	10.6	47.5	
64.7	32.8	5.7	-4.1	
72.1	32.8	5.7	-43.5	
74.6	25.4	13.1	-68.1	
89.3	10.6	3.2	-28.7	
94.3	25.4	-6.6	22.9	
57.4	27.8	3.2	42.6	
-14.0	32.8	0.8	8.2	
-82.9	25.4	3.2	-28.7	
-82.9	22.9	5.7	-6.6	
-68.1	32.8	8.2	0.8	
-55.8	32.8	8.2	-16.4	
-50.9	27.8	-1.7	0.8	
-68.1	32.8	5.7	15.5	
-55.8	30.3	-6.6	15.5	
-21.4	30.3	3.2	20.5	
5.7	27.8	15.5	20.5	
27.8	32.8	8.2	22.9	
18.0	18.0	0.8	10.6	
40.1	20.5	8.2	5.7	
37.7	30.3	3.2	-9.1	
10.6	13.1	10.6	0.8	
-6.6	15.5	0.8	10.6	
10.6	27.8	10.6	8.2	
52.4	32.8	0.8	5.7	
106.6	27.8	0.8	10.6	
141.0	32.8	13.1	10.6	
160.7	42.6	3.2	20.5	
158.2	27.8	5.7	42.6	
126.2	22.9	10.6	20.5	
37.7	27.8	3.2	-14.0	
-60.7	25.4	5.7	5.7	
-92.7	32.8	3.2	13.1	
-65.6	27.8	-1.7	10.6	
-43.5	25.4	-4.1	18.0	
-28.7	32.8	8.2	15.5	
-16.4	15.5	3.2	45.1	
42.6	30.3	3.2	37.7	
72.1	22.9	3.2	27.8	
32.8	22.9	-1.7	18.0	
-6.6	30.3	10.6	18.0	
-9.1	25.4	-1.7	22.9	
25.4	22.9	8.2	18.0	
0.8	40.1	8.2	5.7	
-63.2	27.8	8.2	-26.3	
-73.0	37.7	3.2	-18.9	
-63.2	30.3	-6.6	-21.4	
-43.5	27.8	0.8	-21.4	
-1.7	35.2	-1.7	-9.1	
-6.6	30.3	-1.7	-4.1	
-1.7	32.8	-1.7	-9.1	
-21.4	27.8	10.6	5.7	
-31.2	18.0	3.2	8.2	
-33.7	22.9	10.6	27.8	
15.5	35.2	3.2	5.7	
50.0	32.8	10.6	-6.6	
77.0	22.9	0.8	8.2	
57.4	22.9	8.2	18.0	
45.1	15.5	5.7	18.0	
35.2	25.4	13.1	20.5	
30.3	27.8	13.1	20.5	
-4.1	35.2	10.6	18.0	
-127.1	37.7	3.2	13.1	
-139.4	40.1	10.6	45.1	
-107.5	32.8	13.1	22.9	
-38.6	35.2	10.6	3.2	
3.2	30.3	5.7	-16.4	
22.9	32.8	5.7	-18.9	
59.8	32.8	3.2	-23.8	
64.7	27.8	5.7	0.8	
64.7	20.5	-4.1	18.0	
64.7	32.8	13.1	27.8	
69.7	27.8	15.5	30.3	
62.3	25.4	20.5	8.2	
45.1	27.8	15.5	-31.2	
37.7	22.9	13.1	13.1	
67.2	37.7	5.7	13.1	
94.3	18.0	13.1	22.9	
64.7	30.3	10.6	18.0	
10.6	30.3	0.8	18.0	
-16.4	30.3	8.2	22.9	
-18.9	20.5	0.8	13.1	
-6.6	30.3	-1.7	37.7	
-21.4	22.9	20.5	18.0	
-31.2	18.0	18.0	30.3	
-36.1	20.5	5.7	-14.0	
-26.3	20.5	-4.1	-33.7	
-21.4	27.8	-6.6	-6.6	
-23.8	27.8	-4.1	-21.4	
-4.1	42.6	-1.7	-11.5	
10.6	37.7	5.7	-6.6	
30.3	35.2	0.8	-4.1	
20.5	22.9	8.2	-11.5	
3.2	27.8	3.2	-4.1	
-4.1	32.8	3.2	22.9	
-14.0	27.8	8.2	32.8	
-9.1	27.8	0.8	40.1	
18.0	20.5	10.6	30.3	
35.2	32.8	5.7	20.5	
40.1	30.3	15.5	5.7	
45.1	37.7	3.2	-11.5	
57.4	27.8	5.7	-9.1	
67.2	35.2	5.7	5.7	
45.1	27.8	13.1	-1.7	
-11.5	42.6	8.2	8.2	
-75.5	30.3	-9.1	3.2	
-43.5	35.2	-1.7	-16.4	
-11.5	25.4	3.2	3.2	
13.1	32.8	5.7	0.8	
22.9	35.2	0.8	0.8	
22.9	30.3	5.7	5.7	
22.9	20.5	-6.6	15.5	
15.5	27.8	8.2	-1.7	
42.6	42.6	-4.1	5.7	
15.5	32.8	0.8	18.0	
13.1	30.3	-6.6	10.6	
18.0	22.9	10.6	3.2	
35.2	27.8	8.2	3.2	
50.0	32.8	8.2	5.7	
32.8	30.3	3.2	5.7	
-1.7	27.8	3.2	8.2	
-1.7	32.8	-1.7	5.7	
5.7	37.7	3.2	8.2	
5.7	25.4	0.8	5.7	
10.6	35.2	-1.7	10.6	
18.0	32.8	3.2	-1.7	
18.0	30.3	8.2	3.2	
22.9	30.3	-1.7	10.6	
22.9	20.5	-1.7	10.6	
20.5	32.8	8.2	-1.7	
32.8	30.3	0.8	10.6	
40.1	30.3	-1.7	-6.6	
37.7	30.3	15.5	8.2	
69.7	15.5	10.6	18.0	
104.1	32.8	13.1	25.4	
116.4	27.8	20.5	8.2	
91.8	27.8	13.1	-11.5	
67.2	30.3	20.5	0.8	
25.4	25.4	10.6	8.2	
-53.3	25.4	3.2	3.2	
-80.4	30.3	-1.7	0.8	
-90.2	25.4	8.2	-1.7	
-63.2	32.8	-9.1	-11.5	
-41.0	30.3	13.1	5.7	
-9.1	35.2	10.6	5.7	
-1.7	27.8	0.8	15.5	
15.5	20.5	0.8	18.0	
52.4	25.4	5.7	18.0	
86.9	27.8	0.8	-14.0	
79.5	32.8	5.7	10.6	
67.2	32.8	3.2	10.6	
57.4	30.3	3.2	8.2	
37.7	22.9	5.7	8.2	
-6.6	22.9	10.6	5.7	
-55.8	35.2	3.2	13.1	
-80.4	30.3	10.6	35.2	
-87.8	30.3	-1.7	47.5	
-48.4	25.4	0.8	40.1	
3.2	25.4	0.8	0.8	
59.8	25.4	-1.7	-26.3	
106.6	27.8	5.7	10.6	
106.6	27.8	3.2	-18.9	
54.9	30.3	-1.7	-6.6	
-46.0	25.4	5.7	-31.2	
-117.3	25.4	5.7	-23.8	
-87.8	30.3	13.1	-23.8	
-36.1	32.8	15.5	-14.0	
-6.6	32.8	10.6	-18.9	
-23.8	32.8	3.2	-1.7	
-4.1	30.3	10.6	3.2	
8.2	30.3	0.8	22.9	
72.1	27.8	3.2	50.0	
155.8	30.3	5.7	37.7	
173.0	37.7	-4.1	42.6	
170.5	20.5	20.5	-9.1	
138.5	30.3	0.8	-9.1	
45.1	27.8	0.8	10.6	
-85.3	30.3	8.2	40.1	
-183.7	25.4	10.6	3.2	
-203.4	35.2	5.7	-46.0	
-171.4	30.3	-6.6	-43.5	
-117.3	32.8	0.8	-28.7	
-43.5	30.3	8.2	-18.9	
25.4	35.2	-1.7	0.8	
50.0	22.9	15.5	-9.1	
79.5	15.5	10.6	-6.6	
94.3	20.5	-14.0	-26.3	
74.6	27.8	0.8	-9.1	
45.1	27.8	10.6	-1.7	
74.6	25.4	3.2	0.8	
106.6	30.3	3.2	-9.1	
84.4	15.5	8.2	-1.7	
-4.1	25.4	-9.1	-16.4	
-75.5	32.8	0.8	-4.1	
-117.3	37.7	8.2	-9.1	
-100.1	27.8	8.2	-1.7	
-53.3	32.8	5.7	-6.6	
-9.1	37.7	5.7	-9.1	
10.6	32.8	3.2	10.6	
35.2	20.5	13.1	3.2	
54.9	32.8	22.9	10.6	
35.2	27.8	15.5	18.0	
35.2	22.9	10.6	10.6	
-11.5	27.8	0.8	10.6	
-48.4	27.8	5.7	20.5	
-28.7	37.7	3.2	20.5	
-9.1	22.9	5.7	8.2	
-1.7	27.8	5.7	-16.4	
18.0	27.8	5.7	-33.7	
40.1	30.3	10.6	-4.1	
62.3	25.4	0.8	3.2	
82.0	30.3	13.1	-1.7	
101.6	20.5	18.0	-4.1	
86.9	30.3	18.0	13.1	
79.5	30.3	10.6	25.4	
45.1	25.4	3.2	-1.7	
18.0	25.4	-1.7	-4.1	
-21.4	25.4	-1.7	30.3	
-109.9	30.3	3.2	30.3	
-114.8	32.8	10.6	20.5	
-60.7	32.8	5.7	-23.8	
-16.4	20.5	5.7	-33.7	
15.5	30.3	5.7	-21.4	
45.1	30.3	3.2	8.2	
54.9	25.4	8.2	8.2	
74.6	27.8	3.2	-4.1	
111.5	27.8	5.7	-9.1	
118.9	32.8	8.2	-4.1	
96.7	35.2	3.2	-4.1	
69.7	40.1	0.8	-6.6	
62.3	37.7	0.8	0.8	
69.7	42.6	15.5	10.6	
10.6	30.3	15.5	5.7	
-38.6	25.4	5.7	10.6	
-9.1	22.9	10.6	0.8	
18.0	25.4	0.8	5.7	
20.5	22.9	8.2	0.8	
-55.8	30.3	13.1	5.7	
-132.1	30.3	20.5	10.6	
-95.2	25.4	20.5	15.5	
-43.5	32.8	5.7	15.5	
15.5	35.2	13.1	8.2	
45.1	27.8	15.5	10.6	
52.4	30.3	0.8	10.6	
42.6	22.9	5.7	-6.6	
8.2	37.7	-1.7	-1.7	
-1.7	30.3	3.2	-6.6	
-26.3	32.8	5.7	-6.6	
-55.8	32.8	3.2	5.7	
-46.0	32.8	5.7	10.6	
3.2	35.2	5.7	-1.7	
13.1	32.8	5.7	-1.7	
22.9	30.3	-1.7	13.1	
18.0	30.3	8.2	5.7	
-14.0	22.9	8.2	10.6	
-38.6	35.2	8.2	5.7	
-43.5	40.1	-1.7	3.2	
-23.8	45.1	5.7	-4.1	
-6.6	32.8	0.8	10.6	
13.1	32.8	10.6	-1.7	
25.4	35.2	3.2	0.8	
25.4	40.1	-1.7	-1.7	
27.8	30.3	-1.7	3.2	
40.1	40.1	8.2	-9.1	
37.7	42.6	10.6	-1.7	
40.1	42.6	-6.6	5.7	
67.2	27.8	5.7	-4.1	
59.8	47.5	0.8	22.9	
59.8	45.1	0.8	13.1	
54.9	45.1	-11.5	20.5	
40.1	40.1	3.2	8.2	
30.3	47.5	3.2	10.6	
30.3	50.0	0.8	27.8	
45.1	54.9	3.2	18.0	
54.9	45.1	15.5	0.8	
42.6	47.5	13.1	-38.6	
-6.6	20.5	5.7	-28.7	
-14.0	15.5	5.7	-9.1	
5.7	13.1	0.8	-14.0	
25.4	18.0	15.5	-21.4	
50.0	5.7	10.6	-1.7	
74.6	-4.1	0.8	20.5	
52.4	-16.4	-14.0	18.0	
8.2	-6.6	-4.1	10.6	
32.8	-4.1	10.6	0.8	
67.2	0.8	0.8	-4.1	
91.8	5.7	10.6	-11.5	
72.1	5.7	5.7	-36.1	
50.0	0.8	-1.7	-4.1	
40.1	8.2	-11.5	-28.7	
40.1	-9.1	-1.7	-21.4	
5.7	5.7	3.2	-1.7	
-9.1	8.2	3.2	0.8	
-41.0	18.0	10.6	-26.3	
-90.2	15.5	3.2	8.2	
-102.5	8.2	8.2	22.9	
-90.2	13.1	-4.1	45.1	
-43.5	10.6	5.7	32.8	
-6.6	15.5	5.7	-14.0	
-26.3	22.9	-4.1	-14.0	
22.9	32.8	5.7	-9.1	
84.4	27.8	0.8	40.1	
111.5	30.3	3.2	27.8	
89.3	40.1	15.5	-6.6	
86.9	40.1	10.6	-16.4	
52.4	35.2	3.2	-23.8	
0.8	37.7	0.8	-46.0	
-75.5	35.2	-6.6	-16.4	
-102.5	47.5	5.7	-14.0	
-63.2	37.7	5.7	-6.6	
-23.8	47.5	0.8	-1.7	
3.2	40.1	0.8	5.7	
-41.0	40.1	-6.6	5.7	
-68.1	40.1	18.0	15.5	
-26.3	37.7	8.2	22.9	
-23.8	37.7	3.2	35.2	
-6.6	35.2	0.8	47.5	
-14.0	32.8	10.6	30.3	
5.7	32.8	-1.7	-11.5	
47.5	30.3	-9.1	3.2	
82.0	32.8	10.6	-1.7	
101.6	35.2	22.9	-26.3	
109.0	45.1	15.5	-46.0	
104.1	30.3	15.5	-16.4	
64.7	40.1	5.7	-21.4	
35.2	42.6	3.2	-9.1	
35.2	20.5	15.5	-14.0	
30.3	37.7	15.5	-11.5	
-1.7	35.2	5.7	-1.7	
-46.0	27.8	3.2	0.8	
-77.9	27.8	0.8	-1.7	
-87.8	30.3	15.5	15.5	
-58.3	32.8	10.6	13.1	
-46.0	32.8	13.1	15.5	
-18.9	25.4	10.6	18.0	
-6.6	22.9	15.5	37.7	
-9.1	45.1	8.2	30.3	
8.2	32.8	8.2	-16.4	
22.9	40.1	18.0	-14.0	
22.9	32.8	25.4	-14.0	
37.7	27.8	10.6	-9.1	
30.3	37.7	15.5	5.7	
35.2	22.9	13.1	5.7	
52.4	37.7	10.6	5.7	
32.8	40.1	5.7	-4.1	
20.5	32.8	10.6	0.8	
22.9	30.3	8.2	8.2	
27.8	22.9	5.7	3.2	
8.2	22.9	8.2	3.2	
3.2	25.4	15.5	10.6	
10.6	37.7	13.1	3.2	
22.9	18.0	5.7	5.7	
32.8	25.4	13.1	5.7	
18.0	27.8	8.2	8.2	
27.8	25.4	20.5	5.7	
27.8	22.9	3.2	5.7	
25.4	37.7	8.2	10.6	
25.4	32.8	5.7	3.2	
18.0	35.2	3.2	8.2	
15.5	37.7	5.7	10.6	
25.4	25.4	5.7	3.2	
47.5	25.4	20.5	18.0	
47.5	22.9	8.2	15.5	
59.8	18.0	-1.7	10.6	
54.9	27.8	13.1	8.2	
37.7	25.4	13.1	13.1	
18.0	35.2	3.2	20.5	
-11.5	27.8	3.2	0.8	
-36.1	18.0	8.2	18.0	
-14.0	27.8	-1.7	10.6	
5.7	30.3	-1.7	3.2	
-4.1	27.8	5.7	8.2	
5.7	30.3	-1.7	-1.7	
15.5	27.8	13.1	5.7	
27.8	32.8	10.6	15.5	
20.5	25.4	0.8	8.2	
32.8	32.8	3.2	5.7	
-1.7	37.7	3.2	5.7	
5.7	32.8	-1.7	0.8	
40.1	37.7	5.7	13.1	
40.1	32.8	8.2	18.0	
54.9	32.8	3.2	13.1	
54.9	30.3	-4.1	13.1	
40.1	30.3	10.6	13.1	
45.1	30.3	3.2	8.2	
59.8	32.8	-4.1	-6.6	
86.9	25.4	0.8	5.7	
99.2	22.9	-1.7	5.7	
72.1	30.3	0.8	0.8	
74.6	18.0	13.1	-4.1	
47.5	25.4	10.6	-6.6	
32.8	27.8	3.2	3.2	
-28.7	32.8	10.6	3.2	
-105.0	27.8	0.8	0.8	
-122.2	32.8	0.8	8.2	
-119.8	22.9	0.8	20.5	
-122.2	32.8	8.2	13.1	
-73.0	27.8	10.6	13.1	
-41.0	22.9	8.2	13.1	
-18.9	18.0	8.2	10.6	
35.2	20.5	-4.1	18.0	
79.5	27.8	5.7	22.9	
106.6	37.7	8.2	25.4	
123.8	35.2	3.2	15.5	
84.4	27.8	8.2	20.5	
27.8	35.2	20.5	15.5	
-16.4	18.0	8.2	5.7	
-36.1	22.9	-4.1	-9.1	
-23.8	22.9	-1.7	-14.0	
-14.0	27.8	3.2	-6.6	
-4.1	18.0	13.1	-1.7	
-6.6	25.4	5.7	8.2	
-1.7	30.3	5.7	-16.4	
5.7	37.7	-1.7	-4.1	
20.5	27.8	8.2	-18.9	
22.9	37.7	5.7	3.2	
47.5	30.3	10.6	8.2	
32.8	32.8	10.6	42.6	
-9.1	27.8	-4.1	15.5	
8.2	27.8	0.8	15.5	
42.6	37.7	-1.7	-26.3	
77.0	35.2	-1.7	-18.9	
89.3	25.4	3.2	5.7	
109.0	8.2	0.8	5.7	
0.8	18.0	5.7	22.9	
-82.9	22.9	3.2	18.0	
-107.5	35.2	0.8	10.6	
-87.8	42.6	3.2	-6.6	
-77.9	32.8	8.2	-1.7	
-36.1	27.8	5.7	3.2	
-21.4	18.0	8.2	-4.1	
-6.6	22.9	8.2	0.8	
3.2	13.1	8.2	-1.7	
-16.4	18.0	0.8	15.5	
-60.7	22.9	15.5	0.8	
-55.8	32.8	0.8	-14.0	
-38.6	42.6	3.2	0.8	
-18.9	57.4	8.2	18.0	
5.7	32.8	0.8	30.3	
22.9	37.7	8.2	30.3	
32.8	35.2	5.7	42.6	
35.2	37.7	8.2	13.1	
37.7	32.8	0.8	18.0	
62.3	37.7	13.1	-26.3	
59.8	25.4	13.1	-50.9	
47.5	27.8	18.0	3.2	
52.4	25.4	10.6	5.7	
37.7	30.3	15.5	-1.7	
35.2	35.2	15.5	0.8	
35.2	32.8	15.5	8.2	
59.8	25.4	8.2	0.8	
72.1	27.8	3.2	10.6	
72.1	13.1	3.2	5.7	
77.0	32.8	13.1	3.2	
57.4	40.1	5.7	8.2	
30.3	25.4	5.7	5.7	
20.5	22.9	5.7	18.0	
-33.7	30.3	5.7	-4.1	
-77.9	25.4	8.2	15.5	
-73.0	22.9	13.1	10.6	
-28.7	25.4	13.1	10.6	
0.8	27.8	15.5	3.2	
27.8	37.7	15.5	3.2	
27.8	37.7	10.6	0.8	
42.6	30.3	8.2	-4.1	
22.9	40.1	13.1	10.6	
18.0	27.8	5.7	10.6	
13.1	27.8	3.2	13.1	
8.2	27.8	3.2	-1.7	
0.8	37.7	3.2	3.2	
-1.7	27.8	3.2	-1.7	
15.5	40.1	5.7	22.9	
20.5	27.8	0.8	13.1	
32.8	32.8	8.2	20.5	
35.2	18.0	-4.1	32.8	
25.4	22.9	-1.7	18.0	
18.0	32.8	8.2	3.2	
20.5	30.3	8.2	18.0	
18.0	35.2	10.6	0.8	
20.5	22.9	15.5	15.5	
27.8	25.4	10.6	10.6	
45.1	35.2	15.5	-6.6	
62.3	22.9	18.0	10.6	
89.3	30.3	3.2	0.8	
104.1	27.8	8.2	-6.6	
86.9	27.8	18.0	-6.6	
72.1	37.7	10.6	8.2	
15.5	22.9	-1.7	8.2	
-36.1	27.8	-9.1	13.1	
-87.8	32.8	-1.7	18.0	
-75.5	25.4	3.2	3.2	
-82.9	20.5	-1.7	22.9	
-50.9	32.8	-6.6	3.2	
-18.9	27.8	0.8	5.7	
-14.0	35.2	0.8	-4.1	
15.5	35.2	-1.7	3.2	
5.7	27.8	3.2	0.8	
15.5	27.8	25.4	13.1	
27.8	27.8	3.2	18.0	
35.2	27.8	8.2	18.0	
79.5	27.8	13.1	3.2	
94.3	37.7	3.2	8.2	
133.6	22.9	5.7	3.2	
145.9	30.3	0.8	3.2	
111.5	27.8	5.7	-1.7	
50.0	30.3	15.5	10.6	
-6.6	32.8	5.7	10.6	
-41.0	32.8	5.7	15.5	
-16.4	32.8	-11.5	18.0	
-11.5	20.5	5.7	32.8	
-4.1	37.7	3.2	30.3	
15.5	52.4	0.8	30.3	
35.2	35.2	5.7	35.2	
-14.0	30.3	8.2	27.8	
-33.7	25.4	0.8	30.3	
-4.1	32.8	-1.7	-11.5	
5.7	30.3	3.2	-18.9	
-4.1	25.4	13.1	-36.1	
20.5	35.2	-1.7	-41.0	
13.1	25.4	5.7	8.2	
0.8	35.2	0.8	8.2	
-14.0	32.8	3.2	-4.1	
-4.1	25.4	5.7	-11.5	
-50.9	27.8	-4.1	-9.1	
-58.3	20.5	8.2	-6.6	
-70.6	10.6	0.8	-14.0	
-80.4	25.4	3.2	5.7	
-31.2	27.8	8.2	-4.1	
-1.7	30.3	5.7	3.2	
35.2	27.8	0.8	0.8	
62.3	32.8	-4.1	18.0	
35.2	27.8	8.2	18.0	
52.4	32.8	8.2	32.8	
79.5	30.3	0.8	22.9	
99.2	20.5	3.2	54.9	
45.1	22.9	3.2	82.0	
50.0	25.4	15.5	69.7	
62.3	27.8	8.2	42.6	
64.7	35.2	15.5	3.2	
-6.6	37.7	8.2	-87.8	
-105.0	25.4	10.6	-60.7	
-122.2	35.2	3.2	-26.3	
-85.3	22.9	0.8	-31.2	
-26.3	27.8	0.8	0.8	
8.2	20.5	8.2	5.7	
45.1	32.8	-1.7	-6.6	
20.5	32.8	13.1	-16.4	
-1.7	30.3	5.7	-18.9	
-38.6	35.2	3.2	-1.7	
-33.7	32.8	8.2	-4.1	
-11.5	30.3	8.2	15.5	
-4.1	35.2	5.7	0.8	
0.8	25.4	3.2	10.6	
5.7	27.8	13.1	5.7	
25.4	32.8	18.0	-1.7	
45.1	10.6	18.0	3.2	
37.7	15.5	13.1	3.2	
18.0	32.8	13.1	3.2	
-26.3	27.8	8.2	0.8	
-14.0	32.8	8.2	3.2	
22.9	30.3	-4.1	8.2	
50.0	30.3	13.1	8.2	
50.0	27.8	15.5	0.8	
32.8	32.8	10.6	5.7	
35.2	32.8	8.2	0.8	
40.1	37.7	8.2	-1.7	
30.3	25.4	5.7	0.8	
18.0	35.2	15.5	-4.1	
15.5	37.7	13.1	-1.7	
47.5	32.8	20.5	-6.6	
40.1	35.2	5.7	0.8	
59.8	25.4	0.8	15.5	
62.3	25.4	5.7	13.1	
37.7	20.5	0.8	20.5	
13.1	25.4	10.6	8.2	
25.4	27.8	15.5	10.6	
18.0	35.2	5.7	25.4	
25.4	25.4	8.2	40.1	
-4.1	30.3	10.6	32.8	
-14.0	32.8	-4.1	-11.5	
-14.0	45.1	3.2	-11.5	
-9.1	40.1	13.1	-23.8	
-18.9	27.8	15.5	-4.1	
-9.1	27.8	10.6	5.7	
8.2	25.4	0.8	-14.0	
13.1	25.4	10.6	-21.4	
37.7	32.8	8.2	-4.1	
54.9	22.9	5.7	3.2	
59.8	27.8	-11.5	0.8	
79.5	15.5	5.7	0.8	
126.2	27.8	-6.6	0.8	
158.2	45.1	3.2	8.2	
141.0	40.1	10.6	3.2	
143.5	22.9	5.7	27.8	
116.4	32.8	3.2	54.9	
0.8	35.2	13.1	79.5	
-134.5	25.4	15.5	50.0	
-159.1	22.9	15.5	5.7	
-129.6	40.1	20.5	-63.2	
-122.2	32.8	20.5	-14.0	
-100.1	22.9	10.6	-6.6	
-36.1	25.4	15.5	-18.9	
-6.6	40.1	15.5	-36.1	
-4.1	25.4	13.1	-36.1	
0.8	37.7	5.7	-23.8	
18.0	30.3	13.1	-6.6	
40.1	37.7	13.1	-4.1	
52.4	37.7	10.6	-6.6	
50.0	35.2	8.2	-1.7	
45.1	45.1	8.2	3.2	
52.4	40.1	5.7	8.2	
59.8	42.6	22.9	-4.1	
91.8	37.7	15.5	10.6	
99.2	32.8	13.1	5.7	
84.4	32.8	13.1	0.8	
72.1	30.3	15.5	3.2	
59.8	20.5	13.1	15.5	
8.2	35.2	18.0	15.5	
-68.1	22.9	3.2	37.7	
-92.7	27.8	0.8	54.9	
-70.6	30.3	-4.1	42.6	
-26.3	25.4	13.1	25.4	
8.2	32.8	5.7	13.1	
3.2	37.7	10.6	5.7	
52.4	27.8	3.2	-21.4	
50.0	32.8	3.2	-38.6	
35.2	27.8	0.8	-28.7	
-1.7	37.7	5.7	-33.7	
-33.7	40.1	-1.7	-9.1	
-28.7	35.2	-1.7	15.5	
5.7	25.4	0.8	0.8	
3.2	30.3	0.8	-4.1	
30.3	25.4	3.2	-11.5	
77.0	30.3	13.1	-11.5	
86.9	27.8	18.0	-4.1	
20.5	35.2	13.1	-4.1	
-31.2	25.4	15.5	5.7	
-53.3	32.8	10.6	18.0	
-11.5	22.9	0.8	18.0	
-33.7	27.8	5.7	30.3	
-55.8	35.2	0.8	32.8	
-92.7	20.5	-1.7	5.7	
-82.9	27.8	3.2	8.2	
-26.3	32.8	5.7	47.5	
32.8	30.3	18.0	8.2	
50.0	18.0	10.6	-41.0	
52.4	35.2	8.2	-38.6	
62.3	32.8	0.8	-14.0	
79.5	20.5	0.8	-23.8	
77.0	35.2	0.8	-16.4	
64.7	35.2	-6.6	5.7	
47.5	32.8	-4.1	-4.1	
13.1	32.8	0.8	-41.0	
-23.8	27.8	0.8	-33.7	
-38.6	35.2	-1.7	-9.1	
-14.0	25.4	10.6	5.7	
-9.1	37.7	0.8	-1.7	
-11.5	18.0	8.2	-16.4	
18.0	27.8	3.2	-9.1	
37.7	30.3	3.2	0.8	
8.2	30.3	5.7	10.6	
-16.4	35.2	-1.7	-6.6	
-26.3	40.1	5.7	-9.1	
-23.8	32.8	8.2	-1.7	
-9.1	40.1	15.5	-4.1	
-4.1	30.3	-1.7	-4.1	
37.7	35.2	-1.7	13.1	
54.9	30.3	-4.1	5.7	
72.1	32.8	-1.7	-4.1	
77.0	35.2	0.8	0.8	
25.4	35.2	15.5	0.8	
-21.4	30.3	15.5	5.7	
-18.9	32.8	8.2	30.3	
8.2	27.8	5.7	5.7	
35.2	35.2	0.8	8.2	
5.7	37.7	5.7	13.1	
-9.1	27.8	5.7	13.1	
-18.9	30.3	0.8	15.5	
-18.9	35.2	0.8	13.1	
-16.4	32.8	5.7	15.5	
18.0	30.3	5.7	3.2	
30.3	32.8	5.7	5.7	
30.3	27.8	15.5	-1.7	
30.3	37.7	18.0	-16.4	
20.5	25.4	5.7	-14.0	
13.1	25.4	20.5	3.2	
30.3	22.9	8.2	-4.1	
35.2	27.8	10.6	8.2	
27.8	42.6	3.2	-16.4	
32.8	22.9	8.2	5.7	
32.8	32.8	0.8	-1.7	
10.6	35.2	5.7	3.2	
5.7	30.3	3.2	5.7	
-6.6	27.8	3.2	0.8	
-1.7	37.7	3.2	5.7	
-1.7	35.2	18.0	13.1	
18.0	35.2	18.0	25.4	
32.8	32.8	18.0	15.5	
37.7	25.4	20.5	22.9	
40.1	35.2	18.0	8.2	
37.7	25.4	20.5	25.4	
27.8	22.9	10.6	10.6	
25.4	37.7	8.2	-11.5	
13.1	22.9	13.1	-6.6	
22.9	20.5	18.0	-6.6	
3.2	35.2	8.2	-4.1	
-23.8	27.8	5.7	3.2	
3.2	37.7	13.1	-6.6	
-1.7	30.3	22.9	8.2	
5.7	35.2	15.5	-11.5	
5.7	32.8	18.0	3.2	
8.2	32.8	25.4	0.8	
10.6	22.9	18.0	13.1	
27.8	32.8	13.1	15.5	
27.8	35.2	13.1	20.5	
22.9	27.8	18.0	18.0	
37.7	27.8	22.9	35.2	
15.5	25.4	18.0	15.5	
22.9	22.9	13.1	-14.0	
32.8	30.3	10.6	-1.7	
32.8	30.3	18.0	-18.9	
32.8	15.5	20.5	-9.1	
22.9	35.2	8.2	8.2	
5.7	25.4	15.5	0.8	
-6.6	18.0	25.4	-14.0	
-6.6	27.8	20.5	-38.6	
8.2	30.3	20.5	-43.5	
15.5	30.3	13.1	-46.0	
13.1	30.3	18.0	-55.8	
-6.6	25.4	18.0	-26.3	
5.7	35.2	3.2	30.3	
8.2	37.7	8.2	35.2	
15.5	35.2	5.7	45.1	
18.0	27.8	13.1	123.8	
47.5	37.7	13.1	77.0	
37.7	40.1	5.7	64.7	
40.1	30.3	5.7	-4.1	
82.0	35.2	20.5	-38.6	
116.4	37.7	3.2	-23.8	
121.3	45.1	15.5	3.2	
89.3	35.2	8.2	10.6	
89.3	25.4	3.2	13.1	
59.8	32.8	-9.1	15.5	
0.8	37.7	3.2	-53.3	
-85.3	32.8	8.2	-63.2	
-95.2	40.1	10.6	-68.1	
-95.2	32.8	13.1	-58.3	
-75.5	27.8	8.2	-70.6	
-70.6	27.8	8.2	-33.7	
-43.5	35.2	5.7	-80.4	
5.7	30.3	3.2	-124.7	
59.8	27.8	-1.7	45.1	
99.2	25.4	8.2	42.6	
116.4	22.9	0.8	-73.0	
136.1	37.7	-1.7	18.0	
106.6	32.8	0.8	153.3	
37.7	30.3	13.1	-16.4	
-16.4	27.8	15.5	-63.2	
-65.6	18.0	22.9	35.2	
-92.7	25.4	18.0	138.5	
-43.5	27.8	18.0	45.1	
35.2	40.1	-1.7	22.9	
42.6	35.2	5.7	30.3	
52.4	37.7	0.8	-14.0	
57.4	30.3	-9.1	-77.9	
47.5	25.4	-4.1	-63.2	
-16.4	20.5	-1.7	-33.7	
-85.3	35.2	0.8	27.8	
-114.8	30.3	-6.6	59.8	
-95.2	27.8	10.6	77.0	
-70.6	37.7	8.2	91.8	
-53.3	25.4	-4.1	99.2	
-33.7	32.8	-9.1	22.9	
-31.2	42.6	-4.1	-100.1	
-21.4	37.7	3.2	-100.1	
0.8	27.8	-16.4	-149.3	
5.7	35.2	-6.6	-252.6	
54.9	35.2	3.2	-237.8	
77.0	40.1	5.7	-161.6	
91.8	32.8	5.7	-149.3	
86.9	37.7	-1.7	-124.7	
64.7	30.3	5.7	-50.9	
45.1	32.8	3.2	-124.7	
15.5	40.1	8.2	-134.5	
-4.1	37.7	-1.7	-132.1	
-48.4	37.7	15.5	-137.0	
-65.6	37.7	3.2	-139.4	
-36.1	37.7	5.7	-137.0	
-1.7	30.3	0.8	-122.2	
8.2	30.3	5.7	-122.2	
27.8	35.2	3.2	-124.7	
35.2	30.3	-1.7	-119.8	
37.7	32.8	3.2	-119.8	
20.5	42.6	8.2	-107.5	
45.1	30.3	8.2	-109.9	
18.0	40.1	-1.7	-85.3	
8.2	40.1	0.8	-75.5	
22.9	45.1	3.2	-65.6	
40.1	45.1	8.2	-109.9	
45.1	52.4	8.2	-109.9	
57.4	42.6	15.5	-60.7	
59.8	42.6	15.5	-36.1	
62.3	52.4	8.2	-41.0	
45.1	57.4	5.7	-60.7	
22.9	45.1	8.2	-60.7	
15.5	45.1	15.5	-55.8	
-14.0	50.0	20.5	-60.7	
-23.8	42.6	13.1	-21.4	
18.0	54.9	22.9	-16.4	
27.8	50.0	5.7	-9.1	
30.3	47.5	8.2	-11.5	
25.4	45.1	10.6	15.5	
37.7	45.1	0.8	59.8	
30.3	42.6	3.2	121.3	
-1.7	40.1	22.9	84.4	
-28.7	42.6	22.9	18.0	
-31.2	42.6	15.5	54.9	
-6.6	35.2	18.0	77.0	
18.0	37.7	8.2	62.3	
27.8	32.8	5.7	32.8	
42.6	37.7	22.9	47.5	
91.8	37.7	20.5	45.1	
150.8	27.8	20.5	54.9	
182.8	57.4	20.5	62.3	
155.8	54.9	18.0	47.5	
148.4	54.9	18.0	50.0	
136.1	62.3	18.0	62.3	
77.0	37.7	18.0	62.3	
-36.1	35.2	18.0	57.4	
-102.5	45.1	18.0	47.5	
-77.9	20.5	22.9	57.4	
-50.9	22.9	3.2	89.3	
-65.6	25.4	18.0	118.9	
-132.1	8.2	22.9	136.1	
-127.1	5.7	27.8	84.4	
-92.7	-6.6	15.5	27.8	
-6.6	0.8	8.2	-11.5	
42.6	5.7	20.5	-41.0	
86.9	-4.1	27.8	-11.5	
109.0	8.2	22.9	-6.6	
123.8	8.2	15.5	111.5	
123.8	20.5	22.9	69.7	
123.8	22.9	8.2	52.4	
74.6	25.4	3.2	59.8	
-18.9	30.3	5.7	64.7	
-105.0	45.1	8.2	52.4	
-77.9	30.3	-1.7	82.0	
-102.5	20.5	10.6	54.9	
-124.7	10.6	5.7	52.4	
-127.1	13.1	8.2	64.7	
-102.5	25.4	0.8	30.3	
-102.5	18.0	5.7	10.6	
-146.8	35.2	0.8	5.7	
-132.1	30.3	0.8	-21.4	
-112.4	35.2	13.1	-77.9	
-48.4	30.3	13.1	-77.9	
-1.7	40.1	20.5	5.7	
27.8	50.0	3.2	54.9	
30.3	57.4	-1.7	37.7	
18.0	50.0	-1.7	45.1	
-28.7	57.4	0.8	45.1	
-4.1	62.3	5.7	0.8	
25.4	62.3	3.2	-26.3	
37.7	64.7	5.7	-6.6	
54.9	52.4	0.8	5.7	
47.5	62.3	3.2	45.1	
52.4	54.9	0.8	109.0	
52.4	47.5	0.8	72.1	
52.4	40.1	10.6	35.2	
50.0	47.5	8.2	-6.6	
40.1	37.7	15.5	-26.3	
37.7	27.8	18.0	-6.6	
45.1	52.4	15.5	5.7	
57.4	45.1	13.1	-43.5	
72.1	32.8	15.5	-75.5	
64.7	30.3	10.6	-53.3	
59.8	15.5	8.2	-33.7	
35.2	20.5	15.5	-11.5	
13.1	40.1	25.4	37.7	
13.1	50.0	13.1	37.7	
-18.9	37.7	8.2	22.9	
-23.8	45.1	8.2	30.3	
0.8	40.1	25.4	27.8	
-9.1	42.6	25.4	25.4	
-9.1	37.7	15.5	3.2	
8.2	72.1	27.8	-4.1	
0.8	82.0	30.3	-16.4	
15.5	94.3	18.0	-11.5	
15.5	72.1	18.0	-6.6	
18.0	77.0	30.3	35.2	
20.5	77.0	27.8	22.9	
15.5	96.7	35.2	-21.4	
-1.7	82.0	37.7	-26.3	
15.5	67.2	35.2	-31.2	
25.4	57.4	40.1	-36.1	
40.1	32.8	40.1	-28.7	
50.0	50.0	30.3	-1.7	
57.4	52.4	37.7	8.2	
64.7	67.2	37.7	20.5	
69.7	72.1	32.8	22.9	
72.1	59.8	42.6	3.2	
50.0	0.8	27.8	-6.6	
18.0	-16.4	35.2	3.2	
-1.7	0.8	40.1	3.2	
-23.8	52.4	30.3	8.2	
-6.6	54.9	35.2	-11.5	
0.8	47.5	27.8	-1.7	
-6.6	45.1	27.8	22.9	
-18.9	27.8	47.5	22.9	
5.7	27.8	37.7	5.7	
8.2	42.6	27.8	8.2	
5.7	37.7	47.5	3.2	
-16.4	27.8	42.6	3.2	
-21.4	10.6	50.0	-1.7	
-33.7	27.8	32.8	-1.7	
-1.7	47.5	40.1	-11.5	
20.5	25.4	42.6	-4.1	
25.4	22.9	35.2	-1.7	
32.8	15.5	32.8	-1.7	
67.2	22.9	47.5	-11.5	
64.7	32.8	45.1	-1.7	
84.4	40.1	40.1	0.8	
67.2	54.9	50.0	-11.5	
47.5	57.4	45.1	-6.6	
5.7	20.5	45.1	-11.5	
-48.4	57.4	35.2	-4.1	
-48.4	47.5	50.0	-14.0	
-85.3	22.9	40.1	3.2	
-119.8	37.7	42.6	0.8	
-80.4	67.2	50.0	-1.7	
-23.8	67.2	40.1	10.6	
10.6	62.3	50.0	10.6	
32.8	62.3	45.1	15.5	
37.7	64.7	32.8	20.5	
42.6	64.7	54.9	42.6	
42.6	35.2	47.5	42.6	
40.1	-11.5	47.5	30.3	
22.9	-11.5	47.5	27.8	
5.7	22.9	47.5	59.8	
62.3	22.9	45.1	52.4	
82.0	37.7	52.4	57.4	
91.8	74.6	50.0	50.0	
111.5	62.3	40.1	77.0	
118.9	32.8	45.1	77.0	
94.3	35.2	52.4	79.5	
45.1	47.5	47.5	79.5	
-16.4	-6.6	45.1	84.4	
-55.8	10.6	42.6	86.9	
-65.6	-18.9	45.1	94.3	
-63.2	-4.1	52.4	77.0	
-16.4	-41.0	52.4	96.7	
32.8	-33.7	64.7	113.9	
62.3	-4.1	62.3	106.6	
22.9	8.2	57.4	101.6	
-18.9	0.8	50.0	109.0	
-92.7	15.5	50.0	99.2	
-87.8	57.4	45.1	109.0	
-102.5	57.4	45.1	118.9	
-87.8	30.3	47.5	133.6	
-26.3	22.9	54.9	131.2	
-1.7	30.3	30.3	136.1	
15.5	47.5	37.7	141.0	
25.4	25.4	50.0	141.0	
13.1	25.4	47.5	143.5	
-23.8	27.8	45.1	153.3	
-6.6	52.4	42.6	136.1	
5.7	62.3	35.2	101.6	
25.4	52.4	37.7	136.1	
45.1	52.4	42.6	153.3	
45.1	27.8	35.2	141.0	
20.5	8.2	35.2	150.8	
22.9	20.5	27.8	143.5	
25.4	42.6	40.1	158.2	
20.5	42.6	37.7	141.0	
3.2	27.8	35.2	133.6	
3.2	59.8	47.5	133.6	
47.5	37.7	37.7	197.6	
91.8	35.2	37.7	187.7	
123.8	27.8	42.6	224.6	
155.8	40.1	25.4	209.9	
150.8	47.5	30.3	202.5	
118.9	47.5	25.4	190.2	
47.5	52.4	37.7	175.4	
-6.6	40.1	32.8	175.4	
-23.8	30.3	25.4	145.9	
-73.0	3.2	27.8	136.1	
-85.3	8.2	30.3	138.5	
-50.9	15.5	20.5	145.9	
-1.7	-1.7	37.7	133.6	
15.5	3.2	22.9	145.9	
35.2	-1.7	40.1	158.2	
20.5	27.8	42.6	143.5	
30.3	59.8	45.1	133.6	
25.4	40.1	52.4	136.1	
13.1	42.6	52.4	141.0	
-48.4	20.5	52.4	155.8	
-46.0	27.8	50.0	153.3	
-16.4	47.5	35.2	150.8	
0.8	54.9	62.3	158.2	
18.0	40.1	54.9	153.3	
22.9	57.4	64.7	182.8	
47.5	47.5	69.7	150.8	
47.5	45.1	84.4	136.1	
42.6	50.0	77.0	145.9	
57.4	47.5	74.6	145.9	
77.0	13.1	77.0	143.5	
64.7	25.4	106.6	143.5	
27.8	52.4	109.0	145.9	
0.8	10.6	84.4	123.8	
-4.1	0.8	84.4	136.1	
-11.5	32.8	62.3	148.4	
-21.4	42.6	27.8	141.0	
-26.3	8.2	8.2	153.3	
-41.0	15.5	3.2	133.6	
-23.8	35.2	20.5	118.9	
-9.1	35.2	15.5	123.8	
0.8	47.5	25.4	123.8	
-21.4	50.0	27.8	121.3	
0.8	50.0	52.4	116.4	
-1.7	20.5	27.8	109.0	
3.2	30.3	35.2	104.1	
5.7	32.8	50.0	84.4	
18.0	27.8	42.6	86.9	
40.1	42.6	42.6	99.2	
74.6	42.6	50.0	94.3	
52.4	40.1	42.6	96.7	
64.7	52.4	30.3	64.7	
42.6	50.0	25.4	54.9	
18.0	37.7	5.7	62.3	
5.7	35.2	18.0	32.8	
-1.7	47.5	37.7	42.6	
-41.0	45.1	32.8	57.4	
-50.9	42.6	27.8	40.1	
-31.2	35.2	42.6	25.4	
-4.1	30.3	42.6	10.6	
25.4	37.7	59.8	0.8	
64.7	45.1	59.8	18.0	
59.8	54.9	91.8	22.9	
94.3	30.3	121.3	13.1	
131.2	40.1	79.5	15.5	
123.8	32.8	10.6	18.0	
109.0	35.2	-48.4	3.2	
82.0	30.3	-38.6	-21.4	
45.1	5.7	-70.6	-28.7	
-26.3	-9.1	-55.8	-28.7	
-73.0	0.8	-46.0	-38.6	
-100.1	22.9	-14.0	-46.0	
-38.6	45.1	-11.5	-48.4	
74.6	35.2	-16.4	-53.3	
141.0	50.0	-21.4	-63.2	
155.8	37.7	10.6	-63.2	
155.8	25.4	10.6	-82.9	
94.3	62.3	5.7	-90.2	
-28.7	69.7	-1.7	-90.2	
-141.9	72.1	-11.5	-105.0	
-159.1	104.1	-18.9	-102.5	
-181.3	77.0	-6.6	-117.3	
-178.8	32.8	-1.7	-146.8	
-132.1	0.8	-14.0	-149.3	
-68.1	10.6	-31.2	-151.7	
-11.5	-9.1	-41.0	-156.7	
50.0	3.2	-33.7	-161.6	
74.6	-14.0	-43.5	-186.2	
54.9	20.5	-58.3	-183.7	
18.0	50.0	-50.9	-178.8	
-28.7	20.5	-48.4	-183.7	
-33.7	22.9	-58.3	-191.1	
10.6	42.6	-55.8	-198.5	
47.5	27.8	-77.9	-183.7	
57.4	15.5	-82.9	-200.9	
54.9	32.8	-65.6	-205.9	
50.0	32.8	-77.9	-205.9	
32.8	22.9	-87.8	-215.7	
50.0	25.4	-87.8	-220.6	
32.8	45.1	-80.4	-210.8	
5.7	22.9	-100.1	-215.7	
18.0	25.4	-85.3	-242.8	
69.7	52.4	-85.3	-255.1	
67.2	69.7	-85.3	-255.1	
50.0	57.4	-60.7	-252.6	
45.1	45.1	-82.9	-269.8	
30.3	69.7	-77.9	-277.2	
-26.3	69.7	-95.2	-304.3	
-53.3	40.1	-102.5	-296.9	
-38.6	8.2	-107.5	-314.1	
-31.2	30.3	-122.2	-316.6	
-36.1	42.6	-127.1	-306.7	
-26.3	-6.6	-107.5	-296.9	
-14.0	-31.2	-85.3	-304.3	
5.7	-4.1	-90.2	-314.1	
3.2	5.7	-95.2	-311.6	
-18.9	40.1	-90.2	-321.5	
-28.7	42.6	-102.5	-301.8	
-31.2	32.8	-92.7	-314.1	
-16.4	37.7	-77.9	-292.0	
-14.0	15.5	-97.6	-289.5	
-6.6	30.3	-75.5	-279.7	
-1.7	42.6	-92.7	-257.5	
3.2	30.3	-100.1	-262.4	
8.2	20.5	-105.0	-242.8	
25.4	20.5	-95.2	-245.2	
45.1	25.4	-90.2	-255.1	
42.6	30.3	-80.4	-225.5	
45.1	32.8	-82.9	-213.2	
47.5	37.7	-95.2	-186.2	
35.2	30.3	-85.3	-176.3	
35.2	50.0	-77.9	-156.7	
22.9	72.1	-65.6	-139.4	
-1.7	72.1	-70.6	-132.1	
-14.0	79.5	-80.4	-90.2	
-16.4	86.9	-82.9	-77.9	
-11.5	77.0	-68.1	-60.7	
-1.7	52.4	-68.1	-41.0	
-11.5	40.1	-65.6	-28.7	
3.2	13.1	-70.6	-18.9	
5.7	8.2	-58.3	-4.1	
18.0	27.8	-55.8	-4.1	
25.4	35.2	-53.3	10.6	
50.0	32.8	-43.5	22.9	
50.0	37.7	-43.5	25.4	
47.5	27.8	-60.7	40.1	
82.0	13.1	-43.5	47.5	
86.9	35.2	-38.6	57.4	
84.4	52.4	-4.1	72.1	
52.4	52.4	-11.5	64.7	
22.9	35.2	-16.4	64.7	
40.1	42.6	-31.2	77.0	
62.3	40.1	-48.4	106.6	
72.1	27.8	-73.0	99.2	
74.6	35.2	-95.2	101.6	
96.7	45.1	-55.8	111.5	
77.0	25.4	-50.9	111.5	
13.1	35.2	-41.0	116.4	
-53.3	32.8	-31.2	116.4	
-107.5	35.2	-33.7	131.2	
-95.2	45.1	-50.9	128.7	
-100.1	25.4	-60.7	126.2	
-55.8	40.1	-41.0	126.2	
-38.6	42.6	-43.5	126.2	
0.8	30.3	-41.0	116.4	
18.0	32.8	-33.7	121.3	
57.4	40.1	-46.0	123.8	
72.1	40.1	-33.7	121.3	
59.8	42.6	-36.1	113.9	
8.2	35.2	-38.6	111.5	
-11.5	32.8	-36.1	109.0	
-43.5	42.6	-46.0	104.1	
-46.0	45.1	-38.6	106.6	
-33.7	32.8	-50.9	99.2	
-26.3	32.8	-55.8	91.8	
0.8	37.7	-43.5	86.9	
0.8	40.1	-41.0	72.1	
0.8	25.4	-46.0	84.4	
32.8	35.2	-50.9	91.8	
59.8	35.2	-38.6	89.3	
32.8	50.0	-33.7	86.9	
-26.3	52.4	-33.7	96.7	
-60.7	35.2	-36.1	77.0	
-90.2	37.7	-28.7	62.3	
-87.8	62.3	-38.6	62.3	
-70.6	77.0	-31.2	54.9	
-50.9	77.0	-36.1	59.8	
-36.1	-14.0	-36.1	47.5	
-16.4	-14.0	-33.7	37.7	
-26.3	18.0	-38.6	52.4	
-16.4	10.6	-18.9	42.6	
-14.0	-6.6	-26.3	42.6	
15.5	-4.1	-26.3	42.6	
64.7	-4.1	-41.0	30.3	
86.9	5.7	-46.0	22.9	
150.8	22.9	-41.0	13.1	
185.3	15.5	-48.4	-4.1	
143.5	32.8	-36.1	-9.1	
54.9	18.0	-26.3	-9.1	
3.2	22.9	-36.1	-23.8	
-43.5	20.5	-26.3	-31.2	
-73.0	10.6	-23.8	-33.7	
-112.4	22.9	-21.4	-23.8	
-97.6	27.8	-9.1	-28.7	
-102.5	22.9	-21.4	-43.5	
-33.7	30.3	-18.9	-46.0	
-11.5	18.0	-11.5	-53.3	
32.8	13.1	-23.8	-60.7	
35.2	13.1	-26.3	-55.8	
35.2	10.6	-26.3	-73.0	
47.5	27.8	-21.4	-73.0	
32.8	37.7	-18.9	-70.6	
27.8	37.7	-16.4	-65.6	
22.9	30.3	-16.4	-53.3	
-14.0	20.5	-4.1	-65.6	
-1.7	25.4	-1.7	-70.6	
-9.1	27.8	0.8	-82.9	
-16.4	10.6	-6.6	-90.2	
-1.7	18.0	-4.1	-80.4	
10.6	25.4	5.7	-92.7	
15.5	25.4	15.5	-95.2	
20.5	27.8	15.5	-73.0	
27.8	30.3	22.9	-75.5	
27.8	35.2	8.2	-90.2	
40.1	32.8	0.8	-95.2	
42.6	25.4	30.3	-92.7	
35.2	25.4	25.4	-87.8	
42.6	35.2	37.7	-85.3	
42.6	22.9	45.1	-92.7	
45.1	42.6	35.2	-92.7	
40.1	35.2	35.2	-97.6	
50.0	37.7	27.8	-92.7	
52.4	25.4	10.6	-85.3	
40.1	15.5	5.7	-92.7	
25.4	10.6	18.0	-97.6	
-4.1	5.7	37.7	-90.2	
-16.4	5.7	32.8	-82.9	
-9.1	8.2	37.7	-75.5	
0.8	18.0	37.7	-90.2	
3.2	13.1	45.1	-92.7	
13.1	13.1	45.1	-90.2	
22.9	18.0	54.9	-100.1	
27.8	10.6	42.6	-114.8	
20.5	15.5	50.0	-97.6	
37.7	27.8	57.4	-107.5	
32.8	25.4	62.3	-122.2	
40.1	15.5	82.0	-134.5	
32.8	20.5	84.4	-146.8	
42.6	27.8	86.9	-129.6	
45.1	25.4	106.6	-141.9	
42.6	25.4	99.2	-146.8	
72.1	30.3	111.5	-149.3	
72.1	15.5	121.3	-141.9	
40.1	5.7	121.3	-129.6	
18.0	8.2	126.2	-134.5	
-1.7	25.4	141.0	-127.1	
-11.5	20.5	136.1	-107.5	
-31.2	15.5	143.5	-109.9	
-18.9	47.5	141.0	-77.9	
20.5	45.1	143.5	-43.5	
42.6	45.1	126.2	-46.0	
57.4	42.6	145.9	-41.0	
82.0	40.1	141.0	-6.6	
96.7	-1.7	158.2	10.6	
64.7	5.7	170.5	37.7	
50.0	5.7	168.1	59.8	
-18.9	20.5	163.1	94.3	
-100.1	47.5	150.8	128.7	
-146.8	30.3	165.6	126.2	
-107.5	3.2	148.4	158.2	
-38.6	-9.1	163.1	177.9	
0.8	-4.1	163.1	190.2	
45.1	3.2	148.4	214.8	
99.2	0.8	158.2	224.6	
91.8	-1.7	155.8	249.2	
69.7	15.5	158.2	246.8	
40.1	52.4	155.8	249.2	
30.3	79.5	155.8	251.7	
42.6	89.3	163.1	259.1	
37.7	50.0	175.4	251.7	
3.2	50.0	173.0	273.8	
-6.6	40.1	158.2	256.6	
15.5	42.6	163.1	259.1	
15.5	37.7	155.8	241.9	
-18.9	35.2	145.9	256.6	
-97.6	30.3	141.0	259.1	
-124.7	32.8	133.6	251.7	
-134.5	22.9	121.3	246.8	
-134.5	20.5	116.4	246.8	
-80.4	25.4	131.2	254.2	
-36.1	27.8	133.6	273.8	
-21.4	27.8	143.5	286.1	
-11.5	45.1	133.6	313.2	
45.1	47.5	123.8	300.9	
94.3	42.6	104.1	305.8	
99.2	47.5	86.9	320.6	
77.0	47.5	84.4	374.7	
64.7	37.7	77.0	347.6	
62.3	47.5	79.5	305.8	
42.6	45.1	77.0	254.2	
-53.3	20.5	94.3	192.7	
-129.6	30.3	84.4	145.9	
-80.4	32.8	50.0	177.9	
-4.1	35.2	40.1	165.6	
62.3	40.1	37.7	185.3	
89.3	47.5	40.1	173.0	
101.6	37.7	27.8	190.2	
99.2	35.2	20.5	170.5	
57.4	50.0	25.4	163.1	
42.6	57.4	20.5	104.1	
8.2	42.6	25.4	82.0	
-33.7	40.1	20.5	69.7	
-33.7	40.1	18.0	67.2	
-31.2	32.8	32.8	84.4	
-48.4	25.4	10.6	64.7	
-31.2	40.1	-53.3	82.0	
-41.0	35.2	-53.3	91.8	
-53.3	32.8	-33.7	77.0	
-46.0	35.2	-11.5	101.6	
-18.9	47.5	-16.4	118.9	
3.2	50.0	-21.4	145.9	
27.8	35.2	-41.0	177.9	
37.7	32.8	-53.3	182.8	
62.3	32.8	-41.0	200.0	
54.9	32.8	-48.4	209.9	
40.1	32.8	-48.4	205.0	
45.1	30.3	-65.6	200.0	
50.0	54.9	-75.5	217.3	
59.8	45.1	-60.7	209.9	
94.3	45.1	-77.9	192.7	
148.4	57.4	-87.8	173.0	
141.0	52.4	-102.5	141.0	
126.2	45.1	-124.7	101.6	
57.4	47.5	-109.9	54.9	
8.2	45.1	-122.2	3.2	
-55.8	40.1	-137.0	-73.0	
-77.9	42.6	-144.4	-149.3	
-46.0	42.6	-151.7	-230.5	
10.6	35.2	-144.4	-338.7	
94.3	47.5	-137.0	-419.9	
145.9	52.4	-129.6	-496.1	
160.7	57.4	-105.0	-594.5	
150.8	59.8	-114.8	-705.2	
82.0	54.9	-112.4	-761.8	
42.6	42.6	-112.4	-803.6	
-55.8	42.6	-100.1	-830.7	
-92.7	35.2	-87.8	-838.1	
-43.5	54.9	-60.7	-806.1	
-41.0	42.6	-46.0	-744.6	
-41.0	42.6	-55.8	-678.2	
-87.8	42.6	-28.7	-597.0	
-169.0	52.4	-11.5	-496.1	
-141.9	45.1	0.8	-392.8	
-80.4	30.3	3.2	-269.8	
-36.1	15.5	-4.1	-178.8	
0.8	13.1	37.7	-102.5	
25.4	25.4	91.8	-23.8	
20.5	22.9	101.6	45.1	
-9.1	20.5	84.4	99.2	
-53.3	27.8	96.7	138.5	
-41.0	13.1	113.9	153.3	
-14.0	10.6	111.5	170.5	
10.6	10.6	86.9	212.3	
5.7	0.8	101.6	239.4	
15.5	-4.1	150.8	246.8	
22.9	3.2	182.8	261.5	
40.1	10.6	185.3	271.4	
37.7	25.4	185.3	281.2	
32.8	25.4	173.0	310.7	
18.0	35.2	249.2	323.0	
40.1	22.9	222.2	308.3	
64.7	27.8	212.3	340.3	
59.8	32.8	212.3	352.6	
52.4	18.0	165.6	355.0	
45.1	32.8	128.7	352.6	
8.2	27.8	145.9	345.2	
18.0	35.2	133.6	328.0	
22.9	52.4	123.8	332.9	
5.7	50.0	96.7	320.6	
20.5	47.5	54.9	340.3	
30.3	57.4	62.3	328.0	
5.7	47.5	79.5	291.1	
-26.3	45.1	59.8	310.7	
0.8	64.7	47.5	229.6	
40.1	67.2	42.6	276.3	
74.6	64.7	59.8	241.9	
72.1	72.1	54.9	219.7	
79.5	57.4	62.3	123.8	
74.6	69.7	45.1	50.0	
30.3	64.7	40.1	37.7	
-50.9	64.7	52.4	45.1	
-55.8	72.1	25.4	22.9	
-9.1	59.8	15.5	20.5	
22.9	40.1	25.4	18.0	
27.8	50.0	15.5	0.8	
30.3	47.5	8.2	-6.6	
20.5	42.6	5.7	-14.0	
15.5	42.6	18.0	-36.1	
-14.0	45.1	10.6	-63.2	
-70.6	35.2	20.5	-63.2	
-60.7	40.1	5.7	-70.6	
-18.9	27.8	5.7	-85.3	
5.7	35.2	-6.6	-92.7	
50.0	37.7	-16.4	-102.5	
69.7	25.4	3.2	-171.4	
96.7	20.5	-4.1	-193.6	
109.0	20.5	-14.0	-218.2	
106.6	13.1	-41.0	-220.6	
91.8	0.8	-50.9	-178.8	
96.7	-4.1	-77.9	-141.9	
84.4	-16.4	-73.0	-164.0	
99.2	-26.3	-80.4	-260.0	
79.5	-16.4	-73.0	-252.6	
89.3	-21.4	-75.5	-245.2	
84.4	-14.0	-63.2	-272.3	
30.3	-36.1	-70.6	-232.9	
-77.9	-18.9	-77.9	-250.1	
-129.6	-33.7	-92.7	-242.8	
-75.5	-21.4	-100.1	-247.7	
-23.8	-26.3	-85.3	-260.0	
5.7	-36.1	-97.6	-247.7	
-14.0	-36.1	-77.9	-264.9	
-31.2	-23.8	-87.8	-262.4	
-18.9	-21.4	-80.4	-272.3	
-26.3	-28.7	-82.9	-255.1	
-68.1	-26.3	-82.9	-250.1	
-46.0	-38.6	-68.1	-250.1	
-23.8	-33.7	-70.6	-242.8	
-55.8	-33.7	-65.6	-235.4	
-48.4	-23.8	-70.6	-203.4	
-21.4	-11.5	-46.0	-200.9	
18.0	-1.7	-50.9	-193.6	
40.1	-41.0	-50.9	-169.0	
27.8	-14.0	-55.8	-146.8	
13.1	22.9	-53.3	-117.3	
15.5	57.4	-58.3	-112.4	
-18.9	57.4	-55.8	-92.7	
-31.2	54.9	-85.3	-77.9	
-1.7	47.5	-105.0	-41.0	
25.4	59.8	-90.2	-41.0	
35.2	74.6	-60.7	-14.0	
52.4	62.3	-65.6	8.2	
47.5	50.0	-80.4	0.8	
45.1	57.4	-77.9	8.2	
15.5	64.7	-55.8	32.8	
-23.8	77.0	-90.2	57.4	
-1.7	52.4	-105.0	74.6	
47.5	64.7	-112.4	67.2	
57.4	69.7	-141.9	86.9	
47.5	8.2	-151.7	94.3	
52.4	-14.0	-119.8	116.4	
40.1	0.8	-132.1	133.6	
13.1	10.6	-159.1	141.0	
-11.5	22.9	-183.7	153.3	
-38.6	30.3	-208.3	136.1	
-33.7	50.0	-230.5	163.1	
-23.8	57.4	-240.3	165.6	
3.2	54.9	-240.3	163.1	
-6.6	47.5	-257.5	182.8	
-1.7	35.2	-240.3	177.9	
-18.9	54.9	-240.3	197.6	
-14.0	59.8	-225.5	180.4	
-4.1	35.2	-230.5	195.1	
8.2	25.4	-203.4	187.7	
37.7	22.9	-173.9	182.8	
59.8	30.3	-183.7	192.7	
69.7	32.8	-171.4	185.3	
79.5	45.1	-137.0	170.5	
96.7	45.1	-80.4	170.5	
82.0	15.5	-95.2	180.4	
40.1	18.0	-137.0	168.1	
13.1	22.9	-134.5	163.1	
-23.8	52.4	-119.8	153.3	
-23.8	54.9	-82.9	158.2	
-11.5	54.9	-70.6	145.9	
-21.4	64.7	-28.7	131.2	
-18.9	72.1	-4.1	143.5	
-14.0	50.0	5.7	143.5	
13.1	52.4	20.5	145.9	
47.5	67.2	35.2	128.7	
77.0	54.9	57.4	133.6	
69.7	57.4	67.2	104.1	
59.8	40.1	64.7	113.9	
74.6	30.3	64.7	109.0	
79.5	37.7	77.0	116.4	
109.0	45.1	94.3	116.4	
96.7	40.1	89.3	109.0	
79.5	35.2	126.2	116.4	
59.8	30.3	111.5	89.3	
5.7	15.5	96.7	50.0	
22.9	18.0	116.4	69.7	
40.1	27.8	118.9	64.7	
-1.7	22.9	104.1	82.0	
-58.3	32.8	143.5	64.7	
-90.2	27.8	180.4	62.3	
-77.9	18.0	182.8	62.3	
-124.7	20.5	209.9	45.1	
-159.1	18.0	209.9	91.8	
-102.5	10.6	182.8	131.2	
-1.7	13.1	168.1	104.1	
79.5	22.9	163.1	126.2	
116.4	37.7	160.7	-1.7	
79.5	27.8	158.2	-176.3	
25.4	32.8	106.6	-149.3	
-26.3	25.4	79.5	-85.3	
-117.3	35.2	77.0	-36.1	
-149.3	25.4	64.7	-16.4	
-149.3	32.8	82.0	-9.1	
-65.6	20.5	86.9	-14.0	
0.8	27.8	118.9	-33.7	
35.2	25.4	91.8	-65.6	
42.6	25.4	59.8	-50.9	
45.1	40.1	67.2	-55.8	
47.5	35.2	25.4	-60.7	
62.3	22.9	52.4	-28.7	
50.0	18.0	42.6	-26.3	
42.6	32.8	18.0	-18.9	
20.5	27.8	3.2	-11.5	
54.9	25.4	0.8	-16.4	
54.9	20.5	-48.4	-4.1	
30.3	30.3	-55.8	8.2	
3.2	32.8	-48.4	18.0	
-11.5	18.0	-23.8	25.4	
13.1	27.8	-9.1	13.1	
-1.7	45.1	-33.7	25.4	
-16.4	15.5	-53.3	20.5	
-28.7	30.3	-38.6	37.7	
-14.0	30.3	-16.4	25.4	
-9.1	30.3	-6.6	42.6	
-1.7	30.3	-21.4	42.6	
27.8	27.8	-6.6	37.7	
50.0	25.4	-21.4	37.7	
45.1	25.4	-23.8	32.8	
40.1	22.9	3.2	27.8	
42.6	32.8	30.3	42.6	
27.8	13.1	45.1	50.0	
3.2	37.7	54.9	15.5	
-6.6	22.9	57.4	25.4	
-4.1	15.5	13.1	30.3	
15.5	18.0	-50.9	22.9	
30.3	25.4	-58.3	22.9	
15.5	13.1	-55.8	32.8	
22.9	32.8	-82.9	20.5	
13.1	22.9	-58.3	30.3	
5.7	35.2	-48.4	22.9	
18.0	40.1	-60.7	20.5	
27.8	22.9	-36.1	22.9	
20.5	5.7	-36.1	35.2	
42.6	20.5	-38.6	10.6	
42.6	18.0	-23.8	25.4	
42.6	5.7	-18.9	25.4	
32.8	8.2	-31.2	18.0	
30.3	15.5	-41.0	25.4	
25.4	18.0	-11.5	40.1	
30.3	18.0	-14.0	27.8	
18.0	37.7	22.9	27.8	
8.2	42.6	59.8	25.4	
5.7	52.4	20.5	35.2	
18.0	62.3	-1.7	30.3	
25.4	59.8	-65.6	30.3	
25.4	54.9	-58.3	32.8	
32.8	54.9	-50.9	32.8	
25.4	57.4	-33.7	20.5	
20.5	47.5	-41.0	25.4	
20.5	45.1	-33.7	25.4	
10.6	47.5	-63.2	25.4	
18.0	30.3	-90.2	15.5	
32.8	18.0	-70.6	22.9	
62.3	25.4	-43.5	-21.4	
86.9	20.5	-41.0	-33.7	
79.5	-6.6	-28.7	-33.7	
94.3	-14.0	-28.7	-28.7	
101.6	-11.5	-38.6	-26.3	
86.9	27.8	-38.6	-26.3	
32.8	35.2	-28.7	-31.2	
-1.7	40.1	-41.0	-28.7	
-6.6	57.4	-43.5	-28.7	
-28.7	54.9	-26.3	-33.7	
-46.0	52.4	-33.7	-38.6	
-36.1	67.2	-48.4	-36.1	
-31.2	69.7	-38.6	-33.7	
-33.7	62.3	-53.3	-21.4	
-33.7	69.7	-36.1	-33.7	
-9.1	50.0	-31.2	-16.4	
-11.5	32.8	-31.2	8.2	
-9.1	37.7	-48.4	15.5	
18.0	30.3	-33.7	37.7	
52.4	32.8	-11.5	67.2	
84.4	18.0	-23.8	5.7	
104.1	0.8	-21.4	-58.3	
145.9	-16.4	-21.4	-53.3	
126.2	-16.4	-43.5	59.8	
118.9	-1.7	-41.0	163.1	
77.0	15.5	-14.0	195.1	
-9.1	20.5	-14.0	173.0	
-87.8	32.8	0.8	-4.1	
-109.9	35.2	0.8	-178.8	
-82.9	40.1	-9.1	-58.3	
25.4	27.8	-6.6	-6.6	
123.8	8.2	-16.4	-41.0	
155.8	-1.7	-23.8	-33.7	
143.5	13.1	-1.7	-129.6	
145.9	18.0	-6.6	-68.1	
91.8	22.9	-16.4	-43.5	
-109.9	22.9	-21.4	-41.0	
-220.6	18.0	-18.9	-23.8	
-252.6	32.8	-41.0	-4.1	
-210.8	27.8	-36.1	0.8	
-132.1	27.8	-38.6	5.7	
-65.6	25.4	8.2	27.8	
-28.7	15.5	-4.1	79.5	
-38.6	13.1	-4.1	109.0	
-33.7	20.5	-6.6	123.8	
-58.3	20.5	-28.7	141.0	
-117.3	5.7	-36.1	109.0	
-90.2	15.5	-38.6	50.0	
-41.0	13.1	-16.4	64.7	
30.3	15.5	-14.0	-36.1	
79.5	20.5	-9.1	-31.2	
91.8	15.5	-26.3	-6.6	
106.6	27.8	-36.1	18.0	
99.2	27.8	-28.7	20.5	
47.5	27.8	-18.9	27.8	
-14.0	27.8	-18.9	42.6	
-41.0	22.9	-28.7	32.8	
-11.5	20.5	-31.2	35.2	
-4.1	20.5	-21.4	27.8	
13.1	15.5	-31.2	0.8	
32.8	25.4	-38.6	18.0	
35.2	32.8	-26.3	20.5	
18.0	20.5	-58.3	22.9	
5.7	25.4	-41.0	35.2	
35.2	20.5	-48.4	27.8	
47.5	22.9	-48.4	10.6	
37.7	13.1	-38.6	20.5	
45.1	22.9	-31.2	25.4	
37.7	15.5	-26.3	22.9	
27.8	32.8	-26.3	18.0	
8.2	32.8	-46.0	27.8	
10.6	35.2	-38.6	32.8	
22.9	35.2	-31.2	25.4	
45.1	40.1	-33.7	22.9	
62.3	35.2	-73.0	27.8	
54.9	37.7	-58.3	27.8	
37.7	32.8	-55.8	22.9	
20.5	30.3	-38.6	22.9	
18.0	25.4	-28.7	20.5	
30.3	22.9	-14.0	15.5	
27.8	22.9	-11.5	13.1	
37.7	27.8	-38.6	3.2	
82.0	35.2	-43.5	0.8	
89.3	27.8	-31.2	13.1	
79.5	27.8	-38.6	18.0	
54.9	42.6	-26.3	18.0	
42.6	37.7	-41.0	0.8	
3.2	25.4	-38.6	-9.1	
-18.9	37.7	-31.2	-11.5	
-26.3	25.4	-14.0	-9.1	
-50.9	40.1	-9.1	-1.7	
-55.8	32.8	-18.9	-4.1	
-28.7	18.0	-11.5	-11.5	
-11.5	20.5	-16.4	-14.0	
0.8	25.4	-18.9	-4.1	
22.9	32.8	-28.7	-6.6	
42.6	22.9	-23.8	-11.5	
52.4	18.0	-55.8	-14.0	
40.1	27.8	-68.1	-11.5	
35.2	18.0	-102.5	-23.8	
22.9	20.5	-75.5	-21.4	
25.4	18.0	-73.0	-23.8	
42.6	22.9	-75.5	-6.6	
47.5	18.0	-60.7	-6.6	
47.5	25.4	-48.4	-6.6	
30.3	25.4	-65.6	-21.4	
37.7	30.3	-41.0	3.2	
20.5	22.9	-41.0	0.8	
30.3	20.5	-53.3	20.5	
18.0	20.5	-38.6	35.2	
-9.1	18.0	0.8	18.0	
-23.8	15.5	3.2	22.9	
0.8	18.0	-14.0	3.2	
8.2	18.0	-28.7	-4.1	
5.7	15.5	-16.4	-48.4	
22.9	22.9	-33.7	-43.5	
32.8	15.5	-26.3	-46.0	
30.3	8.2	-26.3	-41.0	
69.7	5.7	3.2	-28.7	
74.6	5.7	5.7	-28.7	
104.1	8.2	-9.1	-16.4	
101.6	0.8	-14.0	15.5	
109.0	3.2	-1.7	42.6	
101.6	5.7	-38.6	59.8	
47.5	15.5	-31.2	59.8	
20.5	25.4	-21.4	72.1	
-31.2	20.5	5.7	22.9	
-38.6	10.6	0.8	-26.3	
-75.5	3.2	-11.5	-26.3	
-100.1	-1.7	-6.6	-33.7	
-90.2	0.8	5.7	-46.0	
-129.6	20.5	22.9	-75.5	
-109.9	18.0	10.6	-23.8	
-50.9	10.6	-4.1	-11.5	
18.0	8.2	-6.6	-28.7	
69.7	18.0	-11.5	-11.5	
79.5	30.3	-6.6	-11.5	
62.3	35.2	22.9	-28.7	
52.4	27.8	10.6	-16.4	
52.4	5.7	-9.1	-23.8	
47.5	18.0	-11.5	0.8	
22.9	18.0	-1.7	45.1	
3.2	25.4	-9.1	47.5	
-6.6	18.0	-16.4	42.6	
-53.3	15.5	-21.4	42.6	
-48.4	25.4	-26.3	-21.4	
20.5	10.6	-33.7	-18.9	
30.3	10.6	-36.1	-23.8	
-41.0	0.8	-41.0	-4.1	
-48.4	3.2	-55.8	35.2	
-53.3	5.7	-48.4	0.8	
-16.4	-6.6	-55.8	0.8	
8.2	5.7	-48.4	5.7	
5.7	8.2	-53.3	-18.9	
45.1	-1.7	-31.2	-33.7	
67.2	18.0	-63.2	-31.2	
82.0	27.8	-65.6	-28.7	
113.9	42.6	-60.7	-43.5	
131.2	57.4	-75.5	-26.3	
109.0	50.0	-53.3	-23.8	
30.3	47.5	-63.2	-18.9	
-70.6	37.7	-63.2	-6.6	
-53.3	35.2	-53.3	-4.1	
-23.8	54.9	-55.8	-43.5	
0.8	72.1	-77.9	-21.4	
35.2	57.4	-63.2	-11.5	
15.5	47.5	-53.3	-18.9	
-23.8	50.0	-63.2	-14.0	
-38.6	50.0	-82.9	8.2	
-4.1	45.1	-73.0	-18.9	
-4.1	47.5	-63.2	-18.9	
-6.6	50.0	-65.6	-4.1	
-1.7	45.1	-68.1	10.6	
-18.9	47.5	-58.3	13.1	
-46.0	45.1	-43.5	18.0	
-68.1	27.8	-48.4	10.6	
-4.1	30.3	-28.7	-11.5	
45.1	32.8	-23.8	-1.7	
42.6	27.8	-4.1	-4.1	
27.8	18.0	30.3	-1.7	
54.9	37.7	20.5	8.2	
57.4	30.3	-21.4	-6.6	
62.3	22.9	-36.1	0.8	
57.4	25.4	-36.1	10.6	
42.6	22.9	-53.3	0.8	
72.1	27.8	-60.7	3.2	
116.4	30.3	-50.9	3.2	
148.4	40.1	-23.8	10.6	
141.0	40.1	5.7	20.5	
111.5	40.1	18.0	20.5	
42.6	25.4	59.8	20.5	
-18.9	35.2	32.8	22.9	
-33.7	40.1	20.5	20.5	
-21.4	25.4	13.1	27.8	
-14.0	8.2	22.9	27.8	
25.4	-9.1	15.5	30.3	
79.5	3.2	40.1	40.1	
45.1	22.9	47.5	27.8	
25.4	32.8	37.7	54.9	
3.2	42.6	37.7	47.5	
-82.9	45.1	50.0	52.4	
-134.5	35.2	30.3	40.1	
-82.9	32.8	27.8	15.5	
-6.6	47.5	37.7	10.6	
13.1	54.9	35.2	15.5	
22.9	27.8	30.3	27.8	
37.7	8.2	10.6	20.5	
42.6	-23.8	3.2	-11.5	
67.2	-6.6	22.9	-4.1	
74.6	15.5	32.8	25.4	
45.1	45.1	25.4	77.0	
35.2	20.5	37.7	27.8	
22.9	45.1	40.1	-31.2	
-36.1	40.1	35.2	-21.4	
-80.4	32.8	32.8	-6.6	
-60.7	30.3	27.8	8.2	
5.7	35.2	27.8	-1.7	
32.8	42.6	37.7	-6.6	
57.4	20.5	30.3	0.8	
35.2	8.2	22.9	3.2	
54.9	0.8	5.7	0.8	
64.7	8.2	20.5	-1.7	
18.0	30.3	5.7	-9.1	
-14.0	52.4	-18.9	5.7	
-16.4	32.8	-33.7	10.6	
5.7	10.6	-31.2	18.0	
37.7	5.7	-31.2	-4.1	
-1.7	18.0	-28.7	-23.8	
-58.3	22.9	-14.0	-1.7	
-50.9	27.8	-11.5	5.7	
-21.4	27.8	-18.9	8.2	
-18.9	22.9	-31.2	74.6	
-9.1	27.8	-41.0	123.8	
-21.4	13.1	-41.0	37.7	
-21.4	-1.7	-53.3	-60.7	
15.5	-14.0	-55.8	-171.4	
54.9	-11.5	-58.3	-171.4	
52.4	-26.3	-68.1	-75.5	
77.0	13.1	-70.6	-14.0	
67.2	22.9	-85.3	-23.8	
67.2	10.6	-90.2	-36.1	
50.0	-4.1	-82.9	-48.4	
-11.5	20.5	-90.2	-11.5	
-26.3	40.1	-92.7	-58.3	
-4.1	32.8	-97.6	-65.6	
-21.4	45.1	-105.0	-92.7	
-31.2	25.4	-97.6	-46.0	
-6.6	35.2	-102.5	-33.7	
22.9	22.9	-109.9	-31.2	
37.7	10.6	-102.5	-26.3	
50.0	-11.5	-109.9	-21.4	
45.1	18.0	-107.5	-33.7	
64.7	22.9	-109.9	-41.0	
42.6	25.4	-109.9	-26.3	
27.8	32.8	-87.8	-31.2	
18.0	25.4	-97.6	-11.5	
20.5	40.1	-105.0	-4.1	
15.5	42.6	-97.6	-11.5	
-23.8	32.8	-114.8	-14.0	
-53.3	25.4	-90.2	-48.4	
-28.7	30.3	-97.6	-65.6	
10.6	40.1	-100.1	-70.6	
32.8	37.7	-97.6	-50.9	
47.5	30.3	-85.3	-46.0	
69.7	22.9	-87.8	-36.1	
89.3	30.3	-85.3	-36.1	
111.5	15.5	-95.2	-26.3	
126.2	20.5	-82.9	-26.3	
91.8	32.8	-85.3	-21.4	
42.6	45.1	-87.8	-18.9	
3.2	35.2	-80.4	-14.0	
-4.1	40.1	-73.0	-11.5	
-31.2	40.1	-58.3	-16.4	
-33.7	47.5	-48.4	-9.1	
-28.7	40.1	-46.0	-1.7	
-68.1	30.3	-36.1	-4.1	
-75.5	32.8	-33.7	0.8	
-53.3	42.6	-18.9	-9.1	
-23.8	32.8	-18.9	-9.1	
8.2	32.8	-9.1	-11.5	
45.1	45.1	-1.7	3.2	
72.1	35.2	-6.6	-4.1	
86.9	42.6	5.7	3.2	
96.7	25.4	5.7	3.2	
91.8	30.3	32.8	18.0	
30.3	45.1	47.5	20.5	
-16.4	32.8	45.1	13.1	
-77.9	45.1	52.4	25.4	
-33.7	42.6	59.8	35.2	
89.3	37.7	67.2	32.8	
160.7	37.7	69.7	30.3	
155.8	47.5	101.6	-11.5	
101.6	30.3	106.6	-28.7	
27.8	32.8	118.9	-9.1	
-119.8	42.6	113.9	0.8	
-287.0	32.8	123.8	-14.0	
-284.6	42.6	131.2	-23.8	
-173.9	30.3	148.4	-16.4	
-107.5	32.8	158.2	-4.1	
-55.8	20.5	177.9	-18.9	
0.8	18.0	160.7	0.8	
5.7	27.8	168.1	8.2	
-46.0	45.1	177.9	-4.1	
-31.2	35.2	182.8	18.0	
30.3	37.7	177.9	20.5	
79.5	32.8	182.8	32.8	
123.8	27.8	185.3	27.8	
150.8	40.1	192.7	18.0	
155.8	30.3	190.2	15.5	
121.3	35.2	187.7	0.8	
109.0	20.5	187.7	-46.0	
45.1	32.8	185.3	-55.8	
-48.4	27.8	168.1	-26.3	
-87.8	20.5	138.5	-14.0	
-38.6	25.4	148.4	-14.0	
-18.9	18.0	141.0	-41.0	
-41.0	27.8	145.9	-31.2	
-82.9	27.8	143.5	-6.6	
-41.0	22.9	131.2	15.5	
-16.4	22.9	128.7	47.5	
15.5	25.4	126.2	52.4	
35.2	18.0	126.2	-14.0	
35.2	18.0	126.2	-23.8	
50.0	13.1	126.2	-11.5	
42.6	37.7	121.3	-55.8	
40.1	25.4	99.2	-65.6	
32.8	40.1	101.6	25.4	
-9.1	40.1	89.3	35.2	
-48.4	52.4	89.3	-53.3	
-48.4	40.1	74.6	-68.1	
-28.7	30.3	54.9	-14.0	
3.2	30.3	50.0	-23.8	
40.1	22.9	35.2	-33.7	
64.7	18.0	32.8	-55.8	
69.7	20.5	18.0	-36.1	
67.2	32.8	3.2	-21.4	
67.2	27.8	5.7	5.7	
45.1	42.6	-1.7	15.5	
18.0	67.2	-18.9	25.4	
-6.6	72.1	-28.7	37.7	
-11.5	54.9	-50.9	57.4	
22.9	25.4	-55.8	-9.1	
40.1	18.0	-36.1	-23.8	
35.2	30.3	-41.0	-11.5	
52.4	45.1	-23.8	-9.1	
67.2	42.6	-33.7	8.2	
50.0	37.7	-38.6	8.2	
30.3	47.5	-38.6	18.0	
-16.4	40.1	-38.6	30.3	
-23.8	35.2	-41.0	22.9	
-41.0	52.4	-43.5	10.6	
-21.4	57.4	-46.0	18.0	
3.2	35.2	-58.3	18.0	
32.8	20.5	-53.3	27.8	
57.4	30.3	-55.8	25.4	
69.7	35.2	-41.0	25.4	
42.6	35.2	-38.6	22.9	
25.4	45.1	-43.5	35.2	
32.8	57.4	-48.4	25.4	
74.6	50.0	-33.7	27.8	
82.0	3.2	-38.6	20.5	
62.3	-1.7	-36.1	25.4	
27.8	20.5	-38.6	32.8	
-36.1	8.2	-26.3	25.4	
-60.7	5.7	-36.1	30.3	
-60.7	-6.6	-38.6	37.7	
-85.3	10.6	-33.7	18.0	
-105.0	15.5	-28.7	42.6	
-100.1	22.9	-28.7	59.8	
-55.8	22.9	-21.4	25.4	
54.9	20.5	-21.4	18.0	
118.9	22.9	-16.4	15.5	
170.5	25.4	-16.4	8.2	
185.3	20.5	-28.7	0.8	
160.7	30.3	-36.1	-1.7	
94.3	20.5	-21.4	-1.7	
0.8	10.6	-11.5	10.6	
-100.1	-16.4	-11.5	5.7	
-112.4	13.1	-9.1	5.7	
-55.8	37.7	-4.1	-4.1	
-6.6	18.0	-1.7	18.0	
22.9	15.5	3.2	13.1	
15.5	3.2	15.5	8.2	
-46.0	-14.0	10.6	-9.1	
-65.6	3.2	-11.5	-14.0	
-18.9	15.5	-1.7	-21.4	
10.6	18.0	-6.6	-9.1	
-4.1	18.0	3.2	-4.1	
-41.0	10.6	8.2	3.2	
-18.9	-1.7	18.0	-9.1	
-18.9	5.7	27.8	8.2	
-33.7	15.5	40.1	-1.7	
-11.5	13.1	42.6	-1.7	
-26.3	13.1	22.9	5.7	
-31.2	18.0	27.8	10.6	
5.7	30.3	27.8	0.8	
47.5	25.4	35.2	27.8	
57.4	25.4	42.6	25.4	
74.6	8.2	37.7	-9.1	
57.4	18.0	35.2	-28.7	
27.8	25.4	59.8	-23.8	
3.2	20.5	57.4	-21.4	
-16.4	37.7	57.4	3.2	
-26.3	25.4	54.9	-21.4	
-80.4	27.8	32.8	-6.6	
-70.6	32.8	42.6	-11.5	
-31.2	32.8	37.7	-21.4	
5.7	32.8	30.3	-6.6	
86.9	35.2	27.8	-11.5	
141.0	35.2	27.8	-16.4	
185.3	37.7	25.4	-11.5	
207.4	35.2	25.4	3.2	
185.3	40.1	25.4	-16.4	
96.7	52.4	25.4	-9.1	
-11.5	42.6	40.1	-14.0	
-58.3	40.1	20.5	-6.6	
-90.2	32.8	35.2	-1.7	
-137.0	30.3	32.8	5.7	
-166.5	22.9	32.8	13.1	
-141.9	40.1	40.1	5.7	
-73.0	40.1	40.1	10.6	
-31.2	37.7	32.8	0.8	
-23.8	30.3	37.7	5.7	
3.2	35.2	40.1	13.1	
18.0	37.7	32.8	-9.1	
37.7	35.2	35.2	5.7	
32.8	35.2	64.7	18.0	
25.4	35.2	59.8	25.4	
62.3	32.8	57.4	18.0	
35.2	35.2	57.4	0.8	
22.9	35.2	57.4	-4.1	
8.2	27.8	79.5	5.7	
35.2	42.6	77.0	0.8	
62.3	32.8	86.9	15.5	
52.4	32.8	79.5	10.6	
50.0	40.1	82.0	10.6	
37.7	27.8	89.3	27.8	
22.9	32.8	86.9	22.9	
22.9	37.7	84.4	10.6	
8.2	22.9	94.3	-6.6	
-9.1	35.2	94.3	-6.6	
8.2	37.7	86.9	5.7	
15.5	35.2	86.9	32.8	
25.4	37.7	89.3	-4.1	
13.1	30.3	82.0	10.6	
-4.1	32.8	84.4	15.5	
-36.1	32.8	84.4	22.9	
-41.0	30.3	91.8	22.9	
-38.6	30.3	89.3	27.8	
-23.8	32.8	96.7	27.8	
13.1	25.4	99.2	35.2	
40.1	30.3	91.8	35.2	
72.1	27.8	99.2	42.6	
89.3	22.9	99.2	32.8	
59.8	35.2	86.9	27.8	
30.3	27.8	94.3	30.3	
15.5	25.4	86.9	37.7	
37.7	25.4	74.6	32.8	
62.3	32.8	84.4	45.1	
79.5	22.9	84.4	47.5	
64.7	32.8	67.2	59.8	
13.1	35.2	74.6	50.0	
-38.6	25.4	77.0	20.5	
-65.6	30.3	67.2	5.7	
-68.1	25.4	64.7	32.8	
-63.2	27.8	59.8	45.1	
-58.3	27.8	52.4	59.8	
-53.3	40.1	59.8	20.5	
-26.3	30.3	52.4	3.2	
-21.4	32.8	47.5	22.9	
-1.7	35.2	42.6	3.2	
0.8	32.8	20.5	18.0	
-9.1	27.8	18.0	15.5	
-6.6	22.9	8.2	40.1	
10.6	37.7	5.7	40.1	
18.0	27.8	-21.4	27.8	
32.8	20.5	-21.4	50.0	
35.2	25.4	-16.4	10.6	
30.3	18.0	-21.4	30.3	
40.1	20.5	-16.4	35.2	
57.4	22.9	5.7	32.8	
54.9	25.4	0.8	37.7	
62.3	22.9	-14.0	35.2	
69.7	35.2	-1.7	35.2	
59.8	32.8	-4.1	37.7	
50.0	27.8	-16.4	32.8	
32.8	30.3	-6.6	35.2	
13.1	18.0	-21.4	32.8	
-4.1	27.8	-28.7	35.2	
18.0	30.3	-11.5	35.2	
42.6	22.9	-26.3	40.1	
8.2	20.5	-14.0	47.5	
-9.1	25.4	-31.2	47.5	
-11.5	27.8	-46.0	52.4	
-16.4	27.8	-31.2	52.4	
-9.1	13.1	-28.7	45.1	
-14.0	15.5	-33.7	50.0	
-18.9	27.8	-6.6	37.7	
-14.0	27.8	-6.6	42.6	
42.6	32.8	-18.9	47.5	
77.0	32.8	0.8	50.0	
57.4	8.2	-26.3	59.8	
62.3	18.0	-48.4	52.4	
57.4	30.3	-41.0	47.5	
47.5	37.7	-43.5	45.1	
42.6	40.1	-41.0	47.5	
20.5	42.6	-53.3	42.6	
-11.5	52.4	-48.4	45.1	
-9.1	47.5	-53.3	50.0	
-1.7	32.8	-48.4	50.0	
-6.6	35.2	-46.0	52.4	
5.7	30.3	-58.3	47.5	
15.5	40.1	-36.1	37.7	
35.2	25.4	-50.9	32.8	
27.8	15.5	-43.5	32.8	
-16.4	30.3	-60.7	32.8	
-70.6	42.6	-50.9	25.4	
-58.3	37.7	-48.4	18.0	
-23.8	40.1	-50.9	20.5	
-21.4	40.1	-48.4	22.9	
-65.6	40.1	-48.4	25.4	
-80.4	30.3	-50.9	13.1	
-41.0	40.1	-43.5	10.6	
-1.7	35.2	-38.6	5.7	
18.0	30.3	-63.2	-1.7	
52.4	22.9	-38.6	8.2	
79.5	22.9	-38.6	5.7	
67.2	15.5	-33.7	-1.7	
67.2	18.0	-28.7	3.2	
35.2	45.1	-31.2	3.2	
27.8	50.0	-33.7	-9.1	
-9.1	35.2	-31.2	-1.7	
-4.1	30.3	-21.4	-14.0	
22.9	37.7	-18.9	3.2	
57.4	30.3	-14.0	3.2	
77.0	32.8	-18.9	-9.1	
67.2	37.7	-14.0	10.6	
47.5	37.7	-11.5	8.2	
5.7	35.2	-9.1	-4.1	
-23.8	35.2	-11.5	0.8	
-55.8	35.2	-14.0	3.2	
-28.7	42.6	-6.6	5.7	
25.4	45.1	-14.0	13.1	
47.5	25.4	0.8	0.8	
20.5	42.6	10.6	8.2	
-4.1	35.2	-14.0	20.5	
25.4	25.4	-16.4	15.5	
30.3	32.8	0.8	18.0	
13.1	37.7	-1.7	22.9	
-9.1	30.3	0.8	18.0	
-43.5	32.8	3.2	22.9	
-23.8	27.8	3.2	20.5	
-11.5	30.3	0.8	32.8	
-11.5	27.8	-4.1	27.8	
8.2	22.9	-14.0	37.7	
0.8	27.8	0.8	27.8	
-11.5	15.5	20.5	25.4	
-11.5	25.4	20.5	13.1	
8.2	20.5	13.1	15.5	
13.1	27.8	8.2	25.4	
3.2	25.4	22.9	18.0	
-6.6	30.3	15.5	22.9	
15.5	32.8	18.0	15.5	
27.8	45.1	-11.5	22.9	
77.0	22.9	0.8	27.8	
136.1	35.2	-28.7	15.5	
143.5	32.8	-43.5	37.7	
143.5	20.5	-70.6	27.8	
109.0	22.9	-43.5	35.2	
45.1	32.8	37.7	40.1	
-55.8	15.5	54.9	37.7	
-139.4	27.8	40.1	40.1	
-161.6	27.8	40.1	37.7	
-112.4	40.1	35.2	32.8	
-63.2	35.2	35.2	45.1	
-33.7	25.4	50.0	45.1	
-9.1	30.3	37.7	42.6	
8.2	37.7	35.2	37.7	
10.6	35.2	20.5	37.7	
27.8	35.2	-4.1	40.1	
32.8	35.2	-9.1	40.1	
27.8	32.8	0.8	47.5	
27.8	30.3	-4.1	45.1	
35.2	25.4	25.4	54.9	
22.9	42.6	25.4	40.1	
32.8	35.2	5.7	47.5	
47.5	30.3	0.8	57.4	
27.8	30.3	13.1	50.0	
20.5	25.4	20.5	42.6	
15.5	35.2	13.1	47.5	
0.8	35.2	22.9	45.1	
10.6	42.6	22.9	57.4	
5.7	35.2	30.3	37.7	
3.2	42.6	37.7	54.9	
10.6	30.3	15.5	40.1	
10.6	30.3	13.1	37.7	
22.9	40.1	-9.1	42.6	
27.8	40.1	-6.6	32.8	
22.9	27.8	15.5	40.1	
32.8	35.2	20.5	27.8	
20.5	30.3	27.8	25.4	
35.2	22.9	40.1	37.7	
32.8	35.2	22.9	27.8	
25.4	20.5	20.5	27.8	
20.5	40.1	18.0	25.4	
22.9	30.3	8.2	27.8	
20.5	37.7	8.2	15.5	
30.3	35.2	62.3	20.5	
25.4	35.2	82.0	18.0	
69.7	20.5	74.6	13.1	
99.2	18.0	104.1	13.1	
118.9	22.9	91.8	5.7	
150.8	20.5	91.8	-6.6	
155.8	32.8	82.0	8.2	
121.3	45.1	69.7	-6.6	
50.0	47.5	57.4	15.5	
-18.9	50.0	52.4	0.8	
-95.2	42.6	52.4	0.8	
-141.9	47.5	59.8	8.2	
-122.2	45.1	77.0	10.6	
-92.7	32.8	82.0	10.6	
-36.1	54.9	79.5	-1.7	
-4.1	37.7	72.1	-1.7	
15.5	37.7	79.5	-11.5	
32.8	40.1	72.1	3.2	
32.8	42.6	69.7	0.8	
13.1	50.0	99.2	8.2	
-28.7	50.0	106.6	15.5	
-46.0	40.1	101.6	25.4	
13.1	47.5	82.0	25.4	
84.4	47.5	84.4	27.8	
94.3	47.5	82.0	22.9	
67.2	37.7	79.5	25.4	
10.6	30.3	72.1	32.8	
-21.4	30.3	42.6	35.2	
-16.4	27.8	27.8	35.2	
-70.6	30.3	30.3	32.8	
-109.9	32.8	52.4	27.8	
-65.6	30.3	40.1	27.8	
-1.7	32.8	57.4	27.8	
22.9	22.9	59.8	35.2	
32.8	13.1	74.6	37.7	
45.1	22.9	67.2	45.1	
50.0	20.5	86.9	35.2	
50.0	35.2	77.0	32.8	
18.0	32.8	67.2	37.7	
-16.4	35.2	69.7	25.4	
-31.2	32.8	54.9	20.5	
-18.9	47.5	50.0	35.2	
27.8	47.5	50.0	35.2	
67.2	62.3	32.8	30.3	
47.5	42.6	47.5	32.8	
42.6	47.5	54.9	25.4	
32.8	52.4	69.7	15.5	
37.7	37.7	64.7	18.0	
15.5	37.7	45.1	8.2	
-41.0	37.7	42.6	3.2	
-68.1	45.1	25.4	0.8	
-97.6	27.8	0.8	18.0	
-58.3	32.8	-14.0	25.4	
-50.9	27.8	-4.1	47.5	
-63.2	27.8	-11.5	27.8	
-55.8	27.8	30.3	18.0	
-18.9	40.1	45.1	-6.6	
-9.1	45.1	18.0	3.2	
15.5	45.1	18.0	10.6	
40.1	32.8	13.1	15.5	
52.4	35.2	-1.7	22.9	
54.9	50.0	10.6	35.2	
59.8	35.2	-1.7	35.2	
45.1	45.1	-18.9	37.7	
32.8	47.5	-4.1	25.4	
35.2	45.1	-18.9	22.9	
27.8	50.0	-46.0	37.7	
5.7	45.1	-55.8	22.9	
25.4	42.6	-55.8	20.5	
77.0	40.1	-38.6	0.8	
109.0	30.3	-11.5	0.8	
131.2	32.8	-14.0	-18.9	
89.3	40.1	-4.1	-23.8	
18.0	25.4	18.0	-21.4	
-105.0	37.7	22.9	-11.5	
-144.4	30.3	0.8	0.8	
-87.8	42.6	-23.8	10.6	
-43.5	50.0	-18.9	27.8	
-38.6	30.3	-23.8	45.1	
-4.1	40.1	-31.2	40.1	
15.5	45.1	-18.9	20.5	
37.7	45.1	-9.1	13.1	
47.5	47.5	-14.0	15.5	
45.1	42.6	-14.0	0.8	
37.7	37.7	-9.1	-4.1	
10.6	47.5	3.2	-16.4	
18.0	37.7	-9.1	-33.7	
20.5	40.1	-26.3	-11.5	
5.7	47.5	-33.7	-14.0	
-4.1	45.1	-63.2	-6.6	
27.8	52.4	-48.4	-9.1	
35.2	40.1	-36.1	-11.5	
8.2	42.6	-75.5	-11.5	
15.5	45.1	-55.8	-1.7	
57.4	35.2	-75.5	-16.4	
67.2	30.3	-53.3	-18.9	
79.5	40.1	-31.2	-14.0	
72.1	40.1	5.7	-11.5	
59.8	45.1	0.8	-11.5	
57.4	37.7	-1.7	-14.0	
37.7	32.8	-26.3	-23.8	
57.4	42.6	-21.4	-33.7	
62.3	42.6	8.2	-18.9	
40.1	40.1	20.5	-14.0	
10.6	22.9	13.1	-14.0	
-14.0	25.4	3.2	-28.7	
-16.4	22.9	-9.1	-33.7	
-48.4	35.2	-16.4	-36.1	
-75.5	35.2	-16.4	-26.3	
-112.4	47.5	-21.4	-46.0	
-117.3	42.6	-16.4	-46.0	
-55.8	32.8	-14.0	-60.7	
10.6	40.1	-23.8	-38.6	
30.3	32.8	-33.7	-38.6	
74.6	40.1	-33.7	-46.0	
104.1	20.5	-50.9	-31.2	
99.2	30.3	-58.3	-26.3	
94.3	25.4	-46.0	-26.3	
72.1	15.5	-36.1	-33.7	
32.8	27.8	-53.3	-50.9	
-41.0	32.8	-53.3	-50.9	
-114.8	45.1	-65.6	-43.5	
-82.9	57.4	-41.0	-41.0	
-28.7	50.0	-50.9	-31.2	
-16.4	57.4	-46.0	-26.3	
8.2	52.4	-31.2	-23.8	
20.5	45.1	-14.0	-21.4	
40.1	57.4	-4.1	-50.9	
69.7	52.4	-14.0	-55.8	
86.9	54.9	-26.3	-50.9	
77.0	40.1	-36.1	-31.2	
89.3	42.6	-46.0	-23.8	
101.6	30.3	-33.7	-4.1	
82.0	35.2	-9.1	-4.1	
15.5	27.8	3.2	-26.3	
-68.1	52.4	5.7	-41.0	
-85.3	35.2	-1.7	-23.8	
-58.3	32.8	-43.5	-23.8	
-65.6	30.3	-26.3	-18.9	
-68.1	40.1	25.4	-11.5	
-55.8	32.8	-9.1	-28.7	
-28.7	30.3	-63.2	-28.7	
-18.9	30.3	-26.3	-16.4	
0.8	22.9	22.9	-14.0	
18.0	37.7	18.0	-28.7	
18.0	32.8	25.4	-23.8	
20.5	27.8	32.8	-33.7	
32.8	30.3	-4.1	-9.1	
30.3	37.7	-18.9	-14.0	
42.6	32.8	-1.7	-9.1	
27.8	25.4	8.2	-1.7	
32.8	30.3	15.5	-9.1	
47.5	32.8	5.7	-9.1	
25.4	35.2	-1.7	-6.6	
25.4	40.1	8.2	-18.9	
22.9	42.6	15.5	-11.5	
20.5	32.8	10.6	-18.9	
8.2	35.2	-16.4	-11.5	
30.3	45.1	-9.1	-16.4	
77.0	37.7	-4.1	-9.1	
86.9	30.3	-4.1	-16.4	
86.9	30.3	30.3	-28.7	
86.9	32.8	18.0	-26.3	
59.8	40.1	50.0	-26.3	
40.1	32.8	72.1	-23.8	
18.0	32.8	57.4	-31.2	
-4.1	20.5	27.8	-33.7	
10.6	37.7	5.7	-16.4	
57.4	40.1	-11.5	-14.0	
64.7	37.7	-9.1	0.8	
50.0	40.1	-9.1	-6.6	
-26.3	35.2	-16.4	-16.4	
-70.6	27.8	-48.4	-28.7	
-21.4	42.6	-28.7	-18.9	
-1.7	37.7	8.2	8.2	
0.8	40.1	0.8	-6.6	
-1.7	30.3	32.8	-33.7	
3.2	20.5	10.6	-41.0	
0.8	37.7	-43.5	-26.3	
-23.8	30.3	-4.1	-43.5	
-14.0	40.1	-14.0	-43.5	
3.2	25.4	35.2	-41.0	
18.0	18.0	47.5	-9.1	
25.4	27.8	62.3	-6.6	
-14.0	35.2	52.4	18.0	
-23.8	35.2	37.7	22.9	
-21.4	32.8	45.1	3.2	
0.8	25.4	50.0	-23.8	
3.2	30.3	27.8	-9.1	
5.7	32.8	3.2	-18.9	
10.6	27.8	-1.7	-23.8	
-16.4	22.9	-16.4	-16.4	
-21.4	25.4	-16.4	-14.0	
-46.0	22.9	13.1	-18.9	
-1.7	27.8	37.7	-26.3	
54.9	37.7	-6.6	-9.1	
84.4	37.7	-31.2	-4.1	
94.3	25.4	-43.5	-6.6	
35.2	32.8	-14.0	0.8	
-4.1	22.9	-28.7	8.2	
-48.4	35.2	15.5	-6.6	
-65.6	37.7	20.5	-16.4	
-65.6	27.8	20.5	-9.1	
-16.4	32.8	8.2	-16.4	
22.9	27.8	27.8	-21.4	
27.8	32.8	42.6	-11.5	
32.8	42.6	20.5	-16.4	
40.1	25.4	13.1	-6.6	
25.4	30.3	-16.4	-11.5	
27.8	30.3	-97.6	-18.9	
-1.7	37.7	-122.2	-26.3	
3.2	37.7	-90.2	-33.7	
32.8	32.8	-6.6	-18.9	
67.2	30.3	82.0	-18.9	
62.3	20.5	111.5	-11.5	
77.0	30.3	74.6	-16.4	
91.8	30.3	27.8	-14.0	
59.8	22.9	-23.8	-14.0	
-11.5	25.4	-87.8	-23.8	
-55.8	30.3	-129.6	-38.6	
-43.5	40.1	-75.5	-28.7	
-38.6	15.5	-65.6	-31.2	
-38.6	27.8	-68.1	-11.5	
-9.1	30.3	-68.1	-16.4	
37.7	35.2	-58.3	-6.6	
45.1	25.4	-43.5	-16.4	
42.6	35.2	-33.7	-21.4	
50.0	40.1	-55.8	-41.0	
50.0	32.8	-63.2	-23.8	
25.4	35.2	-48.4	-28.7	
-9.1	32.8	-26.3	-31.2	
-16.4	32.8	-38.6	-21.4	
-18.9	15.5	-55.8	-18.9	
-18.9	8.2	-28.7	-14.0	
-14.0	22.9	-23.8	-11.5	
18.0	22.9	-46.0	-21.4	
40.1	27.8	-70.6	-18.9	
47.5	35.2	-87.8	-14.0	
59.8	35.2	-80.4	-26.3	
57.4	40.1	-92.7	-18.9	
50.0	35.2	-139.4	-9.1	
30.3	50.0	-92.7	-14.0	
22.9	37.7	-68.1	-4.1	
27.8	54.9	-60.7	-9.1	
52.4	62.3	-63.2	-6.6	
54.9	54.9	-53.3	-11.5	
67.2	50.0	-38.6	-6.6	
104.1	37.7	-33.7	-6.6	
143.5	32.8	-43.5	-11.5	
177.9	22.9	-41.0	5.7	
180.4	25.4	-75.5	8.2	
150.8	27.8	-60.7	10.6	
45.1	32.8	-43.5	10.6	
-58.3	50.0	-18.9	0.8	
-196.0	22.9	-33.7	8.2	
-282.1	37.7	-41.0	15.5	
-245.2	25.4	-41.0	27.8	
-166.5	35.2	-38.6	27.8	
-92.7	22.9	-73.0	30.3	
-18.9	32.8	-60.7	37.7	
18.0	32.8	-53.3	37.7	
30.3	37.7	-4.1	42.6	
42.6	45.1	-38.6	35.2	
45.1	42.6	-18.9	45.1	
37.7	50.0	-23.8	40.1	
62.3	52.4	5.7	45.1	
99.2	54.9	69.7	52.4	
96.7	42.6	101.6	45.1	
84.4	50.0	91.8	42.6	
74.6	47.5	62.3	47.5	
40.1	54.9	15.5	32.8	
-4.1	42.6	10.6	35.2	
-16.4	35.2	8.2	25.4	
-58.3	52.4	-9.1	47.5	
-92.7	45.1	-1.7	37.7	
-92.7	54.9	13.1	32.8	
-53.3	50.0	42.6	35.2	
-9.1	45.1	20.5	40.1	
40.1	37.7	32.8	50.0	
64.7	32.8	57.4	50.0	
82.0	50.0	54.9	45.1	
77.0	18.0	67.2	52.4	
59.8	27.8	50.0	45.1	
47.5	18.0	42.6	40.1	
57.4	32.8	47.5	37.7	
74.6	15.5	64.7	37.7	
69.7	27.8	59.8	25.4	
84.4	25.4	57.4	32.8	
111.5	22.9	52.4	27.8	
136.1	18.0	8.2	32.8	
138.5	37.7	-1.7	30.3	
109.0	40.1	30.3	18.0	
62.3	52.4	20.5	18.0	
-1.7	47.5	18.0	25.4	
-122.2	20.5	40.1	18.0	
-205.9	18.0	47.5	22.9	
-262.4	20.5	40.1	20.5	
-220.6	30.3	22.9	3.2	
-134.5	13.1	30.3	5.7	
-60.7	10.6	20.5	13.1	
-9.1	-11.5	15.5	15.5	
13.1	-11.5	0.8	25.4	
15.5	-36.1	0.8	15.5	
5.7	-38.6	30.3	3.2	
-16.4	-16.4	40.1	20.5	
3.2	-1.7	40.1	15.5	
18.0	18.0	32.8	5.7	
35.2	35.2	27.8	-6.6	
42.6	30.3	22.9	-6.6	
42.6	42.6	32.8	3.2	
40.1	27.8	30.3	0.8	
35.2	40.1	15.5	8.2	
13.1	54.9	20.5	0.8	
25.4	77.0	27.8	-9.1	
37.7	47.5	20.5	-4.1	
42.6	32.8	20.5	-4.1	
20.5	40.1	3.2	-11.5	
25.4	32.8	-4.1	-23.8	
27.8	20.5	-9.1	-4.1	
32.8	15.5	-43.5	-9.1	
18.0	25.4	-63.2	-14.0	
18.0	10.6	-50.9	-11.5	
15.5	25.4	-11.5	-9.1	
32.8	27.8	0.8	-14.0	
25.4	25.4	27.8	-4.1	
25.4	27.8	74.6	-6.6	
40.1	25.4	96.7	0.8	
35.2	20.5	79.5	3.2	
52.4	32.8	77.0	-4.1	
54.9	45.1	52.4	-16.4	
37.7	47.5	37.7	-4.1	
50.0	45.1	10.6	-11.5	
42.6	45.1	0.8	0.8	
22.9	40.1	15.5	-23.8	
-31.2	45.1	22.9	-26.3	
-33.7	40.1	54.9	-18.9	
8.2	52.4	50.0	-23.8	
27.8	45.1	40.1	-18.9	
22.9	42.6	20.5	-1.7	
15.5	37.7	-6.6	-16.4	
-4.1	40.1	-55.8	-9.1	
8.2	32.8	-14.0	5.7	
10.6	40.1	3.2	10.6	
27.8	30.3	22.9	13.1	
32.8	35.2	35.2	22.9	
32.8	27.8	20.5	27.8	
37.7	37.7	35.2	30.3	
32.8	15.5	50.0	27.8	
30.3	27.8	62.3	27.8	
18.0	27.8	74.6	37.7	
22.9	30.3	101.6	45.1	
40.1	15.5	101.6	37.7	
54.9	40.1	74.6	35.2	
62.3	32.8	50.0	40.1	
32.8	37.7	37.7	42.6	
0.8	30.3	59.8	50.0	
-28.7	40.1	57.4	42.6	
-11.5	13.1	52.4	50.0	
32.8	32.8	35.2	59.8	
64.7	40.1	25.4	50.0	
96.7	30.3	77.0	54.9	
109.0	30.3	72.1	52.4	
121.3	8.2	91.8	59.8	
91.8	3.2	86.9	62.3	
64.7	22.9	104.1	59.8	
67.2	20.5	104.1	54.9	
69.7	18.0	62.3	52.4	
57.4	20.5	69.7	62.3	
89.3	-1.7	89.3	47.5	
91.8	0.8	47.5	57.4	
99.2	15.5	22.9	62.3	
67.2	62.3	45.1	42.6	
8.2	82.0	59.8	52.4	
-129.6	82.0	89.3	37.7	
-232.9	64.7	77.0	42.6	
-166.5	54.9	72.1	50.0	
-141.9	42.6	69.7	54.9	
-188.6	30.3	74.6	45.1	
-137.0	52.4	64.7	59.8	
-80.4	45.1	72.1	47.5	
-41.0	37.7	77.0	54.9	
0.8	47.5	67.2	47.5	
-21.4	57.4	45.1	45.1	
-31.2	45.1	45.1	37.7	
-50.9	35.2	50.0	40.1	
-26.3	42.6	50.0	22.9	
18.0	30.3	59.8	42.6	
50.0	30.3	42.6	22.9	
30.3	42.6	47.5	25.4	
3.2	22.9	52.4	25.4	
-1.7	30.3	47.5	27.8	
18.0	10.6	64.7	30.3	
15.5	18.0	47.5	40.1	
18.0	22.9	37.7	64.7	
15.5	5.7	35.2	74.6	
35.2	5.7	45.1	79.5	
59.8	30.3	54.9	47.5	
69.7	40.1	32.8	37.7	
69.7	13.1	-9.1	22.9	
62.3	5.7	-11.5	37.7	
72.1	-11.5	-1.7	25.4	
22.9	-4.1	-4.1	25.4	
3.2	50.0	-4.1	20.5	
0.8	54.9	20.5	35.2	
-6.6	74.6	-9.1	37.7	
-6.6	77.0	42.6	20.5	
5.7	82.0	79.5	30.3	
69.7	72.1	64.7	27.8	
133.6	50.0	15.5	32.8	
190.2	57.4	10.6	30.3	
217.3	50.0	15.5	35.2	
190.2	40.1	62.3	32.8	
99.2	20.5	54.9	42.6	
22.9	25.4	57.4	37.7	
-80.4	30.3	104.1	27.8	
-151.7	45.1	84.4	27.8	
-169.0	54.9	59.8	25.4	
-132.1	47.5	64.7	22.9	
-82.9	27.8	52.4	27.8	
-50.9	25.4	52.4	18.0	
-36.1	22.9	37.7	8.2	
-23.8	10.6	52.4	8.2	
-21.4	15.5	62.3	10.6	
-16.4	25.4	47.5	18.0	
-6.6	25.4	62.3	20.5	
15.5	20.5	57.4	22.9	
32.8	18.0	47.5	18.0	
30.3	18.0	40.1	18.0	
25.4	8.2	27.8	18.0	
37.7	-4.1	10.6	22.9	
45.1	-11.5	-11.5	13.1	
40.1	15.5	-1.7	18.0	
32.8	25.4	-14.0	15.5	
18.0	20.5	-21.4	18.0	
27.8	18.0	3.2	25.4	
22.9	32.8	22.9	10.6	
3.2	20.5	37.7	-4.1	
20.5	15.5	40.1	8.2	
27.8	10.6	59.8	13.1	
30.3	5.7	62.3	22.9	
35.2	10.6	72.1	22.9	
35.2	13.1	89.3	18.0	
35.2	25.4	79.5	27.8	
32.8	30.3	64.7	22.9	
40.1	35.2	45.1	22.9	
25.4	50.0	45.1	22.9	
47.5	45.1	52.4	15.5	
57.4	45.1	67.2	13.1	
35.2	35.2	74.6	27.8	
27.8	52.4	67.2	22.9	
42.6	62.3	59.8	27.8	
35.2	54.9	57.4	25.4	
25.4	47.5	52.4	25.4	
5.7	54.9	72.1	35.2	
-4.1	42.6	67.2	20.5	
3.2	47.5	52.4	22.9	
59.8	42.6	64.7	18.0	
175.4	42.6	59.8	32.8	
249.2	45.1	40.1	20.5	
256.6	42.6	57.4	42.6	
217.3	37.7	64.7	40.1	
113.9	42.6	64.7	42.6	
-38.6	37.7	62.3	42.6	
-193.6	37.7	64.7	47.5	
-267.4	50.0	57.4	35.2	
-218.2	40.1	45.1	30.3	
-137.0	15.5	37.7	37.7	
-82.9	15.5	13.1	52.4	
-43.5	18.0	27.8	52.4	
-6.6	20.5	22.9	77.0	
72.1	30.3	5.7	84.4	
121.3	27.8	3.2	84.4	
123.8	30.3	5.7	67.2	
118.9	35.2	30.3	64.7	
131.2	50.0	37.7	13.1	
109.0	45.1	47.5	18.0	
13.1	27.8	42.6	18.0	
-117.3	18.0	40.1	52.4	
-164.0	20.5	40.1	72.1	
-173.9	22.9	35.2	72.1	
-68.1	15.5	30.3	89.3	
-11.5	27.8	20.5	91.8	
-1.7	25.4	27.8	91.8	
18.0	15.5	42.6	27.8	
52.4	25.4	32.8	27.8	
64.7	20.5	27.8	0.8	
40.1	27.8	18.0	15.5	
-28.7	18.0	27.8	22.9	
-58.3	-1.7	30.3	5.7	
-63.2	20.5	5.7	18.0	
-90.2	30.3	5.7	30.3	
-75.5	30.3	0.8	30.3	
-21.4	25.4	10.6	30.3	
8.2	18.0	20.5	45.1	
42.6	22.9	8.2	57.4	
57.4	8.2	8.2	37.7	
62.3	8.2	5.7	62.3	
30.3	18.0	5.7	52.4	
-6.6	40.1	8.2	27.8	
-38.6	32.8	8.2	42.6	
-43.5	37.7	3.2	40.1	
-43.5	40.1	15.5	35.2	
-38.6	64.7	8.2	40.1	
-6.6	47.5	0.8	25.4	
22.9	47.5	10.6	35.2	
20.5	40.1	0.8	69.7	
25.4	45.1	0.8	86.9	
40.1	27.8	-1.7	99.2	
42.6	25.4	-6.6	64.7	
52.4	27.8	-1.7	42.6	
50.0	15.5	-9.1	27.8	
54.9	15.5	0.8	47.5	
50.0	-14.0	-16.4	32.8	
32.8	-6.6	8.2	45.1	
32.8	-4.1	3.2	50.0	
15.5	0.8	-14.0	67.2	
32.8	8.2	-9.1	59.8	
18.0	42.6	-28.7	59.8	
22.9	52.4	-21.4	67.2	
30.3	45.1	-26.3	72.1	
15.5	30.3	-16.4	77.0	
30.3	37.7	-23.8	82.0	
27.8	25.4	-18.9	84.4	
22.9	0.8	-18.9	77.0	
22.9	-1.7	-9.1	86.9	
20.5	22.9	-23.8	82.0	
13.1	35.2	-9.1	82.0	
13.1	27.8	-23.8	82.0	
30.3	20.5	-33.7	86.9	
20.5	5.7	-31.2	77.0	
32.8	5.7	-50.9	96.7	
25.4	10.6	-75.5	86.9	
18.0	25.4	-73.0	79.5	
18.0	42.6	-60.7	82.0	
15.5	30.3	-46.0	79.5	
35.2	40.1	-38.6	82.0	
40.1	47.5	-41.0	86.9	
30.3	27.8	-26.3	82.0	
20.5	20.5	-33.7	84.4	
22.9	18.0	5.7	82.0	
22.9	37.7	8.2	89.3	
35.2	32.8	15.5	72.1	
37.7	22.9	-11.5	89.3	
32.8	32.8	-38.6	79.5	
40.1	18.0	-31.2	84.4	
35.2	20.5	-65.6	82.0	
52.4	5.7	-65.6	77.0	
72.1	-1.7	-55.8	82.0	
62.3	15.5	-43.5	84.4	
47.5	35.2	-33.7	74.6	
52.4	42.6	-31.2	69.7	
67.2	37.7	-28.7	69.7	
77.0	40.1	-33.7	57.4	
69.7	32.8	-31.2	52.4	
57.4	42.6	-46.0	54.9	
67.2	32.8	-63.2	59.8	
59.8	35.2	-48.4	40.1	
47.5	25.4	-21.4	47.5	
-18.9	15.5	-4.1	42.6	
-82.9	25.4	-23.8	40.1	
-114.8	0.8	-28.7	47.5	
-85.3	-4.1	-26.3	37.7	
54.9	-4.1	-38.6	47.5	
180.4	18.0	-53.3	42.6	
217.3	13.1	-50.9	32.8	
202.5	25.4	-53.3	40.1	
170.5	20.5	-50.9	35.2	
86.9	20.5	-50.9	27.8	
-97.6	18.0	-73.0	37.7	
-274.7	25.4	-63.2	42.6	
-304.3	15.5	-58.3	32.8	
-242.8	20.5	-50.9	22.9	
-173.9	30.3	-55.8	30.3	
-144.4	32.8	-63.2	30.3	
-156.7	42.6	-68.1	20.5	
-149.3	50.0	-53.3	35.2	
-60.7	42.6	-48.4	22.9	
-1.7	35.2	-48.4	25.4	
13.1	45.1	-31.2	40.1	
25.4	40.1	-26.3	30.3	
22.9	30.3	-4.1	25.4	
25.4	25.4	22.9	22.9	
40.1	27.8	-1.7	15.5	
74.6	22.9	-21.4	22.9	
106.6	15.5	-31.2	13.1	
113.9	15.5	-11.5	22.9	
109.0	18.0	-18.9	37.7	
99.2	25.4	-11.5	25.4	
64.7	27.8	-6.6	42.6	
-6.6	25.4	-6.6	30.3	
-90.2	20.5	-4.1	27.8	
-117.3	22.9	-6.6	30.3	
-92.7	27.8	-1.7	10.6	
-41.0	22.9	5.7	10.6	
-1.7	20.5	8.2	-6.6	
25.4	40.1	3.2	20.5	
52.4	27.8	-1.7	13.1	
62.3	25.4	3.2	18.0	
52.4	32.8	0.8	20.5	
52.4	18.0	-4.1	5.7	
67.2	32.8	10.6	-9.1	
59.8	45.1	15.5	-4.1	
67.2	42.6	22.9	0.8	
47.5	30.3	22.9	5.7	
30.3	32.8	30.3	-14.0	
20.5	30.3	15.5	0.8	
18.0	25.4	32.8	-11.5	
-1.7	45.1	22.9	-14.0	
-41.0	35.2	18.0	-14.0	
-68.1	25.4	13.1	-21.4	
-48.4	25.4	13.1	-18.9	
-21.4	20.5	30.3	-21.4	
-4.1	8.2	27.8	-33.7	
15.5	13.1	30.3	-41.0	
20.5	15.5	30.3	-38.6	
18.0	18.0	30.3	-28.7	
25.4	13.1	22.9	-31.2	
25.4	15.5	25.4	-38.6	
20.5	32.8	10.6	-48.4	
35.2	37.7	20.5	-46.0	
20.5	40.1	32.8	-41.0	
25.4	47.5	52.4	-50.9	
25.4	45.1	52.4	-46.0	
20.5	50.0	35.2	-60.7	
25.4	37.7	50.0	-58.3	
18.0	22.9	37.7	-68.1	
22.9	27.8	42.6	-60.7	
27.8	30.3	52.4	-63.2	
25.4	25.4	50.0	-58.3	
25.4	18.0	42.6	-68.1	
18.0	25.4	52.4	-70.6	
32.8	25.4	37.7	-82.9	
20.5	30.3	42.6	-87.8	
32.8	30.3	27.8	-82.9	
22.9	42.6	35.2	-80.4	
20.5	47.5	22.9	-90.2	
18.0	30.3	18.0	-80.4	
20.5	35.2	5.7	-85.3	
25.4	35.2	18.0	-87.8	
15.5	27.8	25.4	-92.7	
22.9	30.3	67.2	-85.3	
20.5	22.9	84.4	-68.1	
25.4	20.5	67.2	-75.5	
5.7	27.8	45.1	-70.6	
15.5	22.9	27.8	-70.6	
13.1	20.5	20.5	-70.6	
27.8	25.4	13.1	-70.6	
22.9	30.3	-6.6	-75.5	
32.8	57.4	-23.8	-77.9	
45.1	52.4	-14.0	-63.2	
42.6	45.1	-1.7	-80.4	
32.8	30.3	-6.6	-70.6	
35.2	37.7	-9.1	-58.3	
22.9	32.8	13.1	-41.0	
20.5	37.7	32.8	-41.0	
22.9	37.7	40.1	-60.7	
13.1	35.2	27.8	-60.7	
27.8	37.7	25.4	-65.6	
22.9	50.0	27.8	-60.7	
30.3	45.1	30.3	-48.4	
13.1	45.1	18.0	-53.3	
15.5	45.1	8.2	-48.4	
25.4	50.0	10.6	-60.7	
5.7	47.5	-1.7	-50.9	
-26.3	47.5	-11.5	-55.8	
-11.5	54.9	0.8	-48.4	
59.8	42.6	5.7	-50.9	
89.3	25.4	-9.1	-58.3	
86.9	32.8	-16.4	-58.3	
52.4	13.1	-1.7	-53.3	
30.3	22.9	-14.0	-48.4	
5.7	54.9	-4.1	-48.4	
-4.1	37.7	13.1	-43.5	
37.7	5.7	-1.7	-41.0	
52.4	-11.5	-28.7	-46.0	
64.7	10.6	-16.4	-38.6	
40.1	5.7	-9.1	-33.7	
-33.7	18.0	13.1	-26.3	
-90.2	30.3	30.3	-23.8	
-38.6	54.9	18.0	-14.0	
-23.8	45.1	22.9	-21.4	
22.9	40.1	32.8	-23.8	
10.6	45.1	30.3	-9.1	
-31.2	30.3	18.0	-31.2	
-82.9	35.2	15.5	-18.9	
-70.6	32.8	13.1	-23.8	
-48.4	37.7	5.7	-33.7	
-28.7	40.1	18.0	-23.8	
-16.4	22.9	20.5	-28.7	
32.8	25.4	18.0	-26.3	
47.5	32.8	20.5	-21.4	
42.6	25.4	13.1	-23.8	
18.0	30.3	20.5	-18.9	
27.8	32.8	32.8	-23.8	
10.6	37.7	42.6	-33.7	
0.8	25.4	37.7	-28.7	
-14.0	40.1	37.7	-18.9	
-21.4	32.8	30.3	-9.1	
-21.4	30.3	35.2	-21.4	
-43.5	20.5	47.5	-11.5	
-75.5	32.8	35.2	-16.4	
-114.8	30.3	37.7	-6.6	
-114.8	32.8	54.9	-9.1	
-43.5	27.8	37.7	-18.9	
-1.7	30.3	27.8	-18.9	
-1.7	30.3	22.9	-16.4	
10.6	18.0	40.1	-14.0	
20.5	27.8	35.2	-21.4	
30.3	32.8	45.1	-14.0	
32.8	37.7	32.8	-11.5	
37.7	37.7	27.8	-16.4	
50.0	30.3	20.5	-21.4	
50.0	32.8	35.2	-26.3	
50.0	30.3	37.7	-23.8	
40.1	47.5	62.3	-14.0	
37.7	40.1	42.6	-11.5	
35.2	40.1	37.7	-21.4	
37.7	42.6	40.1	-6.6	
32.8	37.7	59.8	-9.1	
30.3	57.4	37.7	-26.3	
32.8	27.8	10.6	-11.5	
35.2	20.5	-21.4	0.8	
27.8	13.1	-16.4	-11.5	
35.2	22.9	5.7	-9.1	
35.2	15.5	8.2	0.8	
32.8	20.5	30.3	-6.6	
18.0	32.8	72.1	-6.6	
20.5	30.3	104.1	-1.7	
27.8	67.2	101.6	-1.7	
35.2	67.2	79.5	8.2	
37.7	59.8	52.4	0.8	
42.6	79.5	35.2	-6.6	
40.1	47.5	8.2	-21.4	
30.3	22.9	-1.7	-26.3	
25.4	32.8	3.2	-9.1	
20.5	42.6	-16.4	-4.1	
18.0	27.8	-11.5	-11.5	
27.8	32.8	-4.1	-4.1	
10.6	30.3	22.9	0.8	
-4.1	25.4	47.5	3.2	
-9.1	25.4	64.7	10.6	
3.2	30.3	59.8	0.8	
5.7	27.8	50.0	10.6	
15.5	35.2	40.1	13.1	
22.9	35.2	5.7	5.7	
22.9	25.4	3.2	13.1	
20.5	27.8	13.1	22.9	
42.6	37.7	18.0	18.0	
52.4	45.1	25.4	5.7	
82.0	25.4	5.7	13.1	
106.6	18.0	3.2	8.2	
109.0	37.7	-18.9	8.2	
116.4	57.4	0.8	15.5	
86.9	62.3	-14.0	0.8	
57.4	57.4	-28.7	5.7	
-9.1	64.7	-21.4	0.8	
-41.0	32.8	-55.8	10.6	
0.8	30.3	-55.8	18.0	
-1.7	32.8	-21.4	27.8	
50.0	42.6	8.2	30.3	
62.3	35.2	-14.0	8.2	
42.6	20.5	-23.8	10.6	
-16.4	3.2	13.1	-1.7	
-46.0	8.2	32.8	8.2	
-82.9	37.7	69.7	0.8	
-75.5	40.1	79.5	5.7	
-6.6	42.6	62.3	-4.1	
45.1	37.7	22.9	-1.7	
62.3	27.8	20.5	-4.1	
50.0	20.5	22.9	-4.1	
10.6	47.5	15.5	-6.6	
8.2	42.6	25.4	-18.9	
30.3	25.4	25.4	-9.1	
25.4	45.1	30.3	-16.4	
52.4	40.1	35.2	-14.0	
128.7	27.8	32.8	-18.9	
185.3	62.3	47.5	-23.8	
232.0	69.7	52.4	-14.0	
170.5	59.8	62.3	-16.4	
52.4	57.4	54.9	-9.1	
-14.0	69.7	57.4	-6.6	
-85.3	79.5	62.3	-21.4	
-159.1	72.1	84.4	-9.1	
-247.7	79.5	77.0	-16.4	
-287.0	96.7	67.2	-6.6	
-230.5	79.5	54.9	-9.1	
-129.6	57.4	47.5	-6.6	
-82.9	42.6	74.6	-23.8	
-53.3	59.8	74.6	-21.4	
-73.0	69.7	62.3	-21.4	
-117.3	54.9	47.5	-14.0	
-68.1	59.8	77.0	-23.8	
5.7	47.5	59.8	-31.2	
74.6	47.5	64.7	-33.7	
113.9	54.9	37.7	-33.7	
116.4	45.1	37.7	-33.7	
64.7	37.7	32.8	-28.7	
-6.6	42.6	45.1	-46.0	
-46.0	32.8	47.5	-38.6	
-53.3	40.1	59.8	-36.1	
-6.6	40.1	54.9	-46.0	
22.9	47.5	35.2	-41.0	
32.8	62.3	37.7	-36.1	
27.8	57.4	27.8	-36.1	
32.8	52.4	37.7	-48.4	
45.1	45.1	30.3	-38.6	
40.1	30.3	35.2	-33.7	
8.2	27.8	15.5	-36.1	
-11.5	40.1	30.3	-46.0	
-46.0	37.7	13.1	-58.3	
-14.0	15.5	13.1	-48.4	
27.8	3.2	13.1	-53.3	
52.4	-4.1	8.2	-41.0	
50.0	15.5	8.2	-46.0	
47.5	20.5	3.2	-46.0	
54.9	35.2	-4.1	-48.4	
59.8	20.5	-16.4	-38.6	
57.4	32.8	-4.1	-53.3	
72.1	27.8	-11.5	-58.3	
101.6	40.1	-16.4	-55.8	
101.6	47.5	-11.5	-50.9	
101.6	27.8	-23.8	-55.8	
67.2	47.5	-28.7	-31.2	
59.8	69.7	-9.1	-43.5	
32.8	69.7	-14.0	-23.8	
-6.6	25.4	-31.2	-43.5	
-14.0	5.7	-48.4	-31.2	
27.8	25.4	-73.0	-23.8	
54.9	30.3	-60.7	-31.2	
59.8	3.2	-80.4	-18.9	
40.1	-1.7	-75.5	-14.0	
27.8	-1.7	-60.7	-14.0	
45.1	3.2	-50.9	-14.0	
91.8	15.5	-26.3	-6.6	
131.2	5.7	-53.3	-9.1	
111.5	5.7	-95.2	0.8	
62.3	3.2	-77.9	0.8	
25.4	8.2	-28.7	10.6	
-16.4	5.7	-50.9	27.8	
-43.5	27.8	-77.9	52.4	
-97.6	32.8	-112.4	79.5	
-124.7	15.5	-87.8	69.7	
-87.8	20.5	-77.9	57.4	
-53.3	15.5	-41.0	59.8	
-9.1	5.7	3.2	52.4	
13.1	13.1	5.7	64.7	
42.6	25.4	-63.2	69.7	
74.6	15.5	-85.3	69.7	
99.2	37.7	-75.5	69.7	
104.1	42.6	-75.5	77.0	
121.3	32.8	-87.8	67.2	
89.3	59.8	-151.7	74.6	
77.0	50.0	-149.3	79.5	
37.7	40.1	-85.3	96.7	
-50.9	27.8	-102.5	99.2	
-129.6	20.5	-95.2	116.4	
-169.0	32.8	-77.9	109.0	
-100.1	40.1	-75.5	111.5	
-1.7	67.2	-48.4	118.9	
15.5	89.3	-63.2	111.5	
-73.0	79.5	-63.2	126.2	
-105.0	96.7	-80.4	131.2	
-60.7	30.3	-105.0	126.2	
-31.2	10.6	-107.5	128.7	
-31.2	20.5	-127.1	136.1	
-21.4	22.9	-105.0	121.3	
5.7	15.5	-92.7	133.6	
37.7	15.5	-92.7	133.6	
45.1	35.2	-80.4	131.2	
18.0	5.7	-63.2	131.2	
27.8	-38.6	-63.2	128.7	
84.4	-50.9	-50.9	111.5	
106.6	-21.4	-43.5	99.2	
116.4	15.5	-36.1	106.6	
104.1	20.5	-26.3	116.4	
79.5	-14.0	-31.2	104.1	
47.5	8.2	-21.4	94.3	
25.4	40.1	-14.0	84.4	
-28.7	47.5	-9.1	84.4	
-63.2	72.1	-11.5	82.0	
-43.5	74.6	-4.1	69.7	
13.1	74.6	8.2	69.7	
25.4	40.1	13.1	67.2	
52.4	3.2	18.0	69.7	
37.7	-36.1	27.8	62.3	
27.8	-21.4	32.8	67.2	
52.4	-65.6	27.8	57.4	
57.4	-48.4	32.8	22.9	
18.0	-43.5	37.7	18.0	
-11.5	-1.7	32.8	8.2	
-38.6	0.8	20.5	-6.6	
-41.0	8.2	25.4	-16.4	
-90.2	32.8	40.1	-11.5	
-46.0	32.8	42.6	0.8	
0.8	30.3	50.0	20.5	
5.7	42.6	37.7	32.8	
8.2	62.3	57.4	15.5	
27.8	32.8	50.0	-1.7	
47.5	27.8	47.5	-9.1	
30.3	32.8	54.9	-23.8	
-11.5	32.8	67.2	-21.4	
-28.7	22.9	67.2	-33.7	
-16.4	10.6	69.7	-26.3	
3.2	-21.4	69.7	-26.3	
35.2	-1.7	69.7	-28.7	
45.1	18.0	74.6	-38.6	
32.8	18.0	72.1	-21.4	
45.1	22.9	79.5	-16.4	
52.4	37.7	84.4	-36.1	
45.1	47.5	79.5	-31.2	
25.4	32.8	89.3	-36.1	
22.9	8.2	91.8	-16.4	
18.0	3.2	89.3	-16.4	
8.2	22.9	94.3	-18.9	
-9.1	8.2	109.0	-21.4	
8.2	-43.5	116.4	-16.4	
15.5	-11.5	143.5	-16.4	
32.8	27.8	150.8	-26.3	
30.3	40.1	180.4	-16.4	
22.9	37.7	195.1	-28.7	
42.6	0.8	209.9	-26.3	
52.4	8.2	195.1	-28.7	
69.7	13.1	153.3	-11.5	
74.6	37.7	126.2	-28.7	
77.0	69.7	111.5	-21.4	
106.6	45.1	101.6	-41.0	
131.2	35.2	86.9	-21.4	
136.1	40.1	54.9	-28.7	
113.9	59.8	27.8	-41.0	
62.3	69.7	-6.6	-48.4	
5.7	22.9	-55.8	-50.9	
-36.1	-31.2	-73.0	-68.1	
-100.1	-63.2	-48.4	-80.4	
-129.6	-21.4	-16.4	-90.2	
-55.8	22.9	35.2	-90.2	
-43.5	47.5	82.0	-149.3	
-50.9	37.7	89.3	-171.4	
-80.4	42.6	113.9	-166.5	
-90.2	42.6	123.8	-159.1	
-73.0	25.4	145.9	-166.5	
-50.9	8.2	136.1	-191.1	
-33.7	-9.1	148.4	-210.8	
5.7	13.1	131.2	-235.4	
47.5	22.9	126.2	-260.0	
77.0	15.5	118.9	-319.0	
67.2	3.2	121.3	-360.8	
22.9	5.7	128.7	-353.5	
-28.7	40.1	121.3	-346.1	
-48.4	35.2	109.0	-353.5	
-31.2	35.2	96.7	-358.4	
3.2	35.2	77.0	-353.5	
3.2	0.8	69.7	-346.1	
-4.1	-18.9	64.7	-333.8	
22.9	3.2	79.5	-343.6	
47.5	15.5	82.0	-336.2	
59.8	30.3	72.1	-338.7	
45.1	45.1	57.4	-348.5	
13.1	35.2	50.0	-346.1	
-6.6	42.6	54.9	-321.5	
0.8	30.3	42.6	-311.6	
50.0	-4.1	42.6	-301.8	
67.2	-11.5	42.6	-289.5	
47.5	8.2	32.8	-274.7	
-21.4	13.1	32.8	-257.5	
-97.6	25.4	18.0	-245.2	
-73.0	40.1	30.3	-228.0	
-33.7	15.5	27.8	-196.0	
-36.1	15.5	22.9	-178.8	
-48.4	8.2	20.5	-171.4	
-23.8	10.6	20.5	-149.3	
0.8	18.0	5.7	-134.5	
22.9	35.2	20.5	-129.6	
30.3	54.9	22.9	-119.8	
22.9	50.0	22.9	-114.8	
25.4	20.5	20.5	-112.4	
30.3	-14.0	15.5	-107.5	
50.0	-63.2	18.0	-112.4	
18.0	-31.2	27.8	-102.5	
-4.1	-1.7	27.8	-100.1	
-43.5	13.1	18.0	-90.2	
-73.0	-6.6	32.8	-87.8	
-87.8	-14.0	25.4	-100.1	
-28.7	22.9	27.8	-87.8	
0.8	35.2	25.4	-92.7	
0.8	27.8	15.5	-92.7	
8.2	13.1	8.2	-77.9	
13.1	-9.1	15.5	-75.5	
40.1	-6.6	3.2	-75.5	
25.4	15.5	5.7	-75.5	
37.7	35.2	-6.6	-75.5	
40.1	37.7	-11.5	-41.0	
52.4	32.8	-16.4	-48.4	
45.1	27.8	-6.6	-43.5	
54.9	-48.4	-4.1	-38.6	
52.4	-36.1	-6.6	-33.7	
47.5	13.1	-6.6	-31.2	
42.6	32.8	0.8	-31.2	
47.5	42.6	5.7	-21.4	
32.8	62.3	3.2	-16.4	
0.8	45.1	0.8	-18.9	
-16.4	13.1	-1.7	-16.4	
-18.9	10.6	-4.1	-26.3	
-16.4	-18.9	0.8	-11.5	
-1.7	0.8	-9.1	-9.1	
8.2	13.1	5.7	-23.8	
10.6	8.2	3.2	-36.1	
-4.1	-9.1	-6.6	-38.6	
-1.7	-38.6	-16.4	-53.3	
5.7	-21.4	-4.1	-60.7	
3.2	0.8	3.2	-82.9	
3.2	-4.1	0.8	-92.7	
-4.1	8.2	3.2	-107.5	
5.7	22.9	-6.6	-105.0	
5.7	37.7	0.8	-117.3	
15.5	15.5	10.6	-122.2	
0.8	8.2	8.2	-146.8	
10.6	-4.1	0.8	-181.3	
8.2	-11.5	-4.1	-188.6	
5.7	-14.0	5.7	-218.2	
3.2	-11.5	10.6	-218.2	
0.8	-16.4	13.1	-220.6	
5.7	5.7	8.2	-225.5	
15.5	10.6	3.2	-210.8	
10.6	-1.7	18.0	-223.1	
10.6	3.2	32.8	-230.5	
15.5	8.2	30.3	-237.8	
27.8	3.2	30.3	-230.5	
18.0	15.5	35.2	-213.2	
15.5	15.5	32.8	-220.6	
30.3	22.9	27.8	-215.7	
27.8	25.4	27.8	-225.5	
15.5	15.5	13.1	-230.5	
15.5	25.4	8.2	-247.7	
20.5	15.5	-14.0	-230.5	
20.5	18.0	-21.4	-203.4	
25.4	22.9	-23.8	-186.2	
15.5	32.8	-36.1	-171.4	
25.4	32.8	-21.4	-129.6	
27.8	22.9	-11.5	-109.9	
22.9	25.4	-11.5	-95.2	
13.1	18.0	0.8	-65.6	
18.0	25.4	15.5	-50.9	
0.8	35.2	3.2	-21.4	
-16.4	15.5	0.8	-21.4	
-14.0	25.4	13.1	-4.1	
-11.5	20.5	3.2	5.7	
0.8	20.5	0.8	-23.8	
-1.7	32.8	-4.1	3.2	
-4.1	27.8	-4.1	27.8	
10.6	20.5	-4.1	50.0	
0.8	37.7	-6.6	47.5	
10.6	37.7	20.5	64.7	
35.2	52.4	20.5	64.7	
62.3	45.1	20.5	77.0	
104.1	37.7	-1.7	72.1	
170.5	37.7	-23.8	84.4	
195.1	15.5	-14.0	91.8	
192.7	30.3	-6.6	82.0	
163.1	30.3	-18.9	89.3	
111.5	30.3	-9.1	94.3	
-11.5	40.1	3.2	86.9	
-166.5	30.3	35.2	82.0	
-205.9	32.8	59.8	86.9	
-154.2	40.1	62.3	106.6	
-90.2	50.0	52.4	118.9	
-21.4	45.1	25.4	121.3	
0.8	52.4	-23.8	121.3	
-77.9	47.5	-50.9	138.5	
-132.1	42.6	-55.8	148.4	
-124.7	45.1	-87.8	128.7	
-58.3	42.6	-73.0	145.9	
-1.7	47.5	-82.9	168.1	
13.1	50.0	-70.6	205.0	
3.2	52.4	-65.6	200.0	
-9.1	45.1	-26.3	175.4	
3.2	47.5	5.7	170.5	
-1.7	54.9	5.7	168.1	
-70.6	50.0	-23.8	187.7	
-36.1	59.8	-6.6	207.4	
42.6	47.5	-28.7	192.7	
77.0	54.9	-31.2	173.0	
84.4	59.8	-16.4	180.4	
69.7	57.4	13.1	180.4	
52.4	54.9	-4.1	177.9	
-1.7	47.5	-36.1	163.1	
-65.6	59.8	-28.7	150.8	
-55.8	74.6	-38.6	148.4	
-11.5	57.4	-55.8	155.8	
0.8	54.9	-63.2	160.7	
20.5	62.3	-21.4	118.9	
13.1	57.4	0.8	148.4	
-36.1	50.0	-28.7	170.5	
-46.0	54.9	-28.7	239.4	
-28.7	67.2	-33.7	207.4	
-28.7	74.6	-46.0	126.2	
5.7	86.9	-58.3	-55.8	
5.7	86.9	-50.9	-114.8	
-4.1	62.3	-36.1	-97.6	
-28.7	74.6	-6.6	-73.0	
-16.4	77.0	20.5	-70.6	
0.8	86.9	-26.3	-26.3	
8.2	96.7	-38.6	-36.1	
25.4	113.9	-85.3	-68.1	
25.4	96.7	-119.8	-112.4	
8.2	89.3	-109.9	-151.7	
-9.1	84.4	-225.5	-161.6	
22.9	79.5	-188.6	-117.3	
42.6	84.4	-171.4	-134.5	
47.5	82.0	-63.2	-141.9	
42.6	79.5	-23.8	-159.1	
35.2	77.0	-28.7	-164.0	
18.0	79.5	-58.3	-124.7	
25.4	77.0	-70.6	-87.8	
35.2	64.7	-100.1	-85.3	
22.9	67.2	-65.6	-63.2	
-9.1	67.2	52.4	-60.7	
-6.6	74.6	64.7	-41.0	
18.0	69.7	-38.6	-33.7	
22.9	62.3	-90.2	-1.7	
40.1	86.9	-132.1	18.0	
18.0	77.0	-85.3	42.6	
8.2	84.4	-43.5	57.4	
-4.1	74.6	-97.6	72.1	
-4.1	72.1	-183.7	84.4	
-36.1	59.8	-230.5	89.3	
-23.8	59.8	-188.6	104.1	
8.2	74.6	-105.0	136.1	
42.6	62.3	-55.8	141.0	
69.7	54.9	-53.3	175.4	
86.9	62.3	-23.8	182.8	
69.7	62.3	-23.8	207.4	
27.8	59.8	22.9	219.7	
-14.0	54.9	106.6	236.9	
-60.7	52.4	155.8	229.6	
-73.0	52.4	123.8	222.2	
-31.2	54.9	74.6	236.9	
-1.7	50.0	64.7	239.4	
20.5	54.9	69.7	227.1	
52.4	72.1	74.6	229.6	
74.6	54.9	86.9	229.6	
67.2	45.1	91.8	229.6	
50.0	37.7	94.3	217.3	
-18.9	52.4	101.6	224.6	
-31.2	59.8	89.3	224.6	
-14.0	52.4	69.7	212.3	
20.5	54.9	69.7	214.8	
52.4	42.6	67.2	219.7	
30.3	50.0	77.0	239.4	
27.8	74.6	47.5	246.8	
42.6	40.1	30.3	259.1	
42.6	47.5	0.8	283.7	
35.2	35.2	-31.2	300.9	
3.2	37.7	-70.6	303.4	
-16.4	37.7	-68.1	305.8	
-41.0	30.3	-112.4	325.5	
-26.3	32.8	-119.8	340.3	
-16.4	25.4	-159.1	340.3	
-1.7	22.9	-198.5	337.8	
25.4	40.1	-250.1	328.0	
74.6	25.4	-272.3	300.9	
67.2	37.7	-296.9	264.0	
57.4	27.8	-370.7	232.0	
30.3	22.9	-417.4	202.5	
25.4	40.1	-446.9	197.6	
18.0	52.4	-459.2	170.5	
50.0	37.7	-481.4	163.1	
77.0	45.1	-488.8	136.1	
86.9	59.8	-491.2	136.1	
86.9	50.0	-496.1	96.7	
64.7	47.5	-483.8	54.9	
22.9	40.1	-451.9	10.6	
-21.4	37.7	-380.5	-11.5	
-90.2	40.1	-331.3	-28.7	
-92.7	22.9	-306.7	-60.7	
-68.1	32.8	-218.2	-92.7	
-33.7	47.5	-149.3	-109.9	
-28.7	20.5	-146.8	-132.1	
-31.2	20.5	-107.5	-161.6	
-14.0	27.8	-50.9	-188.6	
-23.8	27.8	-36.1	-205.9	
-14.0	22.9	10.6	-208.3	
15.5	-1.7	72.1	-225.5	
35.2	5.7	136.1	-223.1	
40.1	13.1	170.5	-208.3	
37.7	18.0	160.7	-213.2	
52.4	18.0	185.3	-188.6	
37.7	18.0	170.5	-132.1	
0.8	22.9	195.1	-95.2	
-14.0	18.0	212.3	-68.1	
32.8	30.3	254.2	8.2	
30.3	35.2	227.1	-46.0	
35.2	30.3	200.0	-4.1	
50.0	30.3	170.5	37.7	
64.7	27.8	195.1	32.8	
57.4	13.1	200.0	0.8	
40.1	32.8	180.4	-70.6	
30.3	37.7	158.2	18.0	
8.2	37.7	138.5	101.6	
-16.4	57.4	101.6	91.8	
5.7	37.7	96.7	126.2	
18.0	42.6	126.2	141.0	
32.8	50.0	109.0	180.4	
8.2	30.3	101.6	268.9	
5.7	45.1	82.0	286.1	
15.5	30.3	67.2	224.6	
25.4	47.5	52.4	209.9	
13.1	35.2	45.1	123.8	
-1.7	42.6	27.8	40.1	
-4.1	25.4	20.5	126.2	
32.8	37.7	10.6	185.3	
52.4	47.5	15.5	229.6	
47.5	52.4	42.6	224.6	
84.4	67.2	50.0	254.2	
109.0	69.7	64.7	241.9	
104.1	67.2	77.0	236.9	
113.9	62.3	86.9	249.2	
133.6	50.0	91.8	254.2	
121.3	45.1	77.0	256.6	
79.5	47.5	101.6	241.9	
-36.1	32.8	106.6	190.2	
-117.3	40.1	111.5	175.4	
-161.6	47.5	138.5	143.5	
-171.4	32.8	111.5	145.9	
-146.8	45.1	128.7	141.0	
-109.9	42.6	148.4	150.8	
-68.1	35.2	168.1	155.8	
-53.3	-6.6	170.5	116.4	
-46.0	-1.7	190.2	113.9	
-36.1	22.9	192.7	106.6	
20.5	32.8	175.4	104.1	
54.9	40.1	158.2	86.9	
74.6	37.7	143.5	74.6	
82.0	30.3	155.8	86.9	
74.6	35.2	143.5	79.5	
82.0	30.3	126.2	37.7	
69.7	32.8	133.6	62.3	
64.7	42.6	170.5	50.0	
42.6	32.8	145.9	42.6	
10.6	40.1	116.4	40.1	
-4.1	30.3	113.9	25.4	
-6.6	35.2	131.2	20.5	
-4.1	35.2	101.6	27.8	
20.5	32.8	94.3	18.0	
18.0	25.4	84.4	20.5	
37.7	47.5	86.9	22.9	
64.7	37.7	94.3	18.0	
79.5	22.9	94.3	20.5	
59.8	32.8	79.5	20.5	
47.5	57.4	74.6	27.8	
77.0	67.2	104.1	15.5	
72.1	72.1	101.6	5.7	
25.4	59.8	79.5	10.6	
-50.9	52.4	50.0	8.2	
-75.5	54.9	35.2	20.5	
-48.4	57.4	47.5	42.6	
-9.1	47.5	40.1	42.6	
-4.1	47.5	52.4	3.2	
-38.6	42.6	57.4	-23.8	
-6.6	15.5	50.0	-60.7	
0.8	27.8	35.2	-73.0	
27.8	35.2	32.8	-43.5	
47.5	50.0	30.3	-31.2	
50.0	37.7	27.8	-36.1	
40.1	37.7	20.5	-43.5	
30.3	37.7	-1.7	-50.9	
8.2	27.8	-23.8	-38.6	
-1.7	5.7	-6.6	-46.0	
8.2	13.1	-1.7	-48.4	
35.2	30.3	-9.1	-43.5	
35.2	37.7	-18.9	-41.0	
32.8	32.8	-6.6	-48.4	
40.1	5.7	-31.2	-58.3	
52.4	5.7	-31.2	-50.9	
52.4	-4.1	-26.3	-41.0	
59.8	15.5	-28.7	-43.5	
79.5	8.2	-21.4	-48.4	
72.1	8.2	-1.7	-46.0	
54.9	5.7	10.6	-55.8	
35.2	22.9	5.7	-41.0	
47.5	22.9	-4.1	-38.6	
0.8	27.8	-9.1	-21.4	
-23.8	30.3	18.0	-23.8	
-26.3	37.7	69.7	-33.7	
-33.7	35.2	69.7	-26.3	
-6.6	25.4	52.4	-31.2	
22.9	30.3	42.6	-28.7	
30.3	25.4	13.1	-16.4	
20.5	8.2	20.5	-21.4	
45.1	20.5	69.7	-26.3	
62.3	8.2	96.7	-11.5	
62.3	10.6	99.2	-36.1	
67.2	27.8	96.7	-36.1	
77.0	32.8	82.0	-21.4	
84.4	25.4	116.4	-41.0	
59.8	22.9	101.6	-21.4	
37.7	5.7	45.1	-16.4	
10.6	8.2	-77.9	-16.4	
-21.4	0.8	-112.4	15.5	
-68.1	-9.1	-73.0	13.1	
-73.0	-4.1	47.5	20.5	
-65.6	-14.0	104.1	27.8	
-46.0	-23.8	118.9	-50.9	
-14.0	-23.8	101.6	-60.7	
-16.4	-18.9	99.2	-75.5	
-6.6	-4.1	82.0	-55.8	
22.9	8.2	64.7	-26.3	
27.8	25.4	57.4	-21.4	
42.6	45.1	69.7	-21.4	
32.8	35.2	47.5	-28.7	
25.4	37.7	42.6	-21.4	
20.5	40.1	54.9	-14.0	
25.4	50.0	47.5	-18.9	
10.6	45.1	50.0	-18.9	
0.8	54.9	50.0	-1.7	
-4.1	37.7	32.8	-6.6	
-18.9	27.8	40.1	-4.1	
-4.1	32.8	42.6	5.7	
18.0	22.9	40.1	8.2	
40.1	15.5	20.5	15.5	
47.5	20.5	22.9	30.3	
72.1	10.6	18.0	25.4	
72.1	0.8	25.4	25.4	
57.4	13.1	18.0	37.7	
42.6	13.1	5.7	18.0	
-26.3	0.8	3.2	-6.6	
-58.3	-1.7	5.7	-11.5	
-28.7	-6.6	-4.1	5.7	
5.7	-1.7	-1.7	-18.9	
40.1	10.6	0.8	-1.7	
59.8	10.6	-9.1	20.5	
69.7	10.6	-6.6	0.8	
57.4	8.2	-21.4	-16.4	
-11.5	5.7	-14.0	-11.5	
-53.3	-9.1	-18.9	-4.1	
-58.3	-9.1	-18.9	8.2	
-14.0	-16.4	-9.1	13.1	
-16.4	-4.1	-14.0	22.9	
15.5	-9.1	-6.6	15.5	
40.1	-1.7	-9.1	3.2	
25.4	-4.1	-16.4	15.5	
-1.7	-4.1	-26.3	10.6	
-21.4	0.8	-26.3	3.2	
-11.5	20.5	-18.9	-4.1	
5.7	45.1	-28.7	-1.7	
-21.4	50.0	-33.7	8.2	
-28.7	37.7	-23.8	20.5	
20.5	35.2	-23.8	25.4	
-1.7	45.1	-33.7	37.7	
-16.4	15.5	-21.4	40.1	
13.1	5.7	-28.7	52.4	
40.1	-14.0	-26.3	27.8	
57.4	-6.6	-36.1	25.4	
67.2	-14.0	-28.7	25.4	
72.1	-16.4	-36.1	-41.0	
52.4	-9.1	-23.8	8.2	
30.3	0.8	-36.1	3.2	
10.6	-1.7	-38.6	-1.7	
-48.4	-6.6	-23.8	10.6	
-82.9	5.7	-18.9	10.6	
-43.5	13.1	-14.0	13.1	
-9.1	18.0	-9.1	32.8	
20.5	-1.7	3.2	32.8	
32.8	0.8	-9.1	35.2	
27.8	13.1	0.8	20.5	
10.6	18.0	0.8	32.8	
-23.8	27.8	-28.7	27.8	
-16.4	15.5	-63.2	35.2	
-21.4	5.7	-85.3	37.7	
-14.0	8.2	-53.3	35.2	
5.7	-1.7	-53.3	40.1	
35.2	30.3	-53.3	32.8	
82.0	20.5	-55.8	45.1	
104.1	18.0	-9.1	54.9	
116.4	37.7	20.5	40.1	
104.1	22.9	15.5	35.2	
82.0	20.5	8.2	22.9	
37.7	20.5	-9.1	22.9	
-43.5	37.7	-36.1	42.6	
-95.2	18.0	-38.6	50.0	
-77.9	20.5	-50.9	22.9	
-11.5	30.3	-50.9	5.7	
42.6	27.8	-63.2	-9.1	
64.7	22.9	-33.7	20.5	
45.1	42.6	-33.7	27.8	
57.4	45.1	-63.2	20.5	
32.8	20.5	-50.9	18.0	
22.9	20.5	-50.9	22.9	
-6.6	42.6	-65.6	25.4	
-18.9	22.9	-60.7	20.5	
-6.6	35.2	-77.9	5.7	
-11.5	47.5	-46.0	15.5	
-21.4	32.8	-36.1	0.8	
-26.3	25.4	-36.1	13.1	
-41.0	45.1	-26.3	13.1	
-1.7	37.7	-31.2	3.2	
47.5	37.7	-28.7	-1.7	
69.7	37.7	-21.4	5.7	
99.2	20.5	-18.9	3.2	
136.1	22.9	-38.6	20.5	
126.2	13.1	-18.9	25.4	
91.8	42.6	-26.3	0.8	
59.8	47.5	-16.4	5.7	
13.1	30.3	-1.7	-9.1	
-46.0	20.5	-9.1	-9.1	
-90.2	27.8	-11.5	-6.6	
-112.4	30.3	8.2	-11.5	
-102.5	20.5	30.3	-43.5	
-63.2	54.9	27.8	-18.9	
18.0	57.4	18.0	-36.1	
84.4	35.2	5.7	-43.5	
111.5	32.8	-1.7	-53.3	
143.5	30.3	-18.9	-43.5	
141.0	32.8	-48.4	-46.0	
101.6	22.9	-80.4	-48.4	
-4.1	37.7	-36.1	-33.7	
-114.8	47.5	-14.0	-38.6	
-178.8	57.4	30.3	-26.3	
-154.2	32.8	18.0	-23.8	
-77.9	30.3	-1.7	-16.4	
-23.8	42.6	-4.1	13.1	
0.8	37.7	-1.7	30.3	
50.0	50.0	-9.1	22.9	
82.0	62.3	-11.5	-4.1	
89.3	50.0	-16.4	-55.8	
101.6	47.5	0.8	-109.9	
94.3	35.2	-6.6	-21.4	
84.4	42.6	3.2	0.8	
40.1	40.1	0.8	37.7	
8.2	37.7	-9.1	42.6	
3.2	42.6	-26.3	-36.1	
-26.3	45.1	0.8	-114.8	
-26.3	32.8	-16.4	-109.9	
20.5	40.1	-18.9	-53.3	
99.2	32.8	-1.7	-53.3	
111.5	35.2	-16.4	-43.5	
94.3	25.4	-16.4	-46.0	
50.0	30.3	-38.6	-36.1	
-11.5	18.0	-11.5	-50.9	
25.4	20.5	-1.7	-26.3	
15.5	22.9	13.1	-28.7	
-21.4	18.0	8.2	-23.8	
-23.8	8.2	20.5	-1.7	
10.6	-6.6	35.2	-23.8	
5.7	18.0	47.5	-11.5	
-48.4	32.8	32.8	-14.0	
-90.2	45.1	22.9	0.8	
-127.1	57.4	27.8	5.7	
-129.6	52.4	35.2	15.5	
-100.1	42.6	15.5	35.2	
-46.0	64.7	-6.6	54.9	
0.8	47.5	0.8	72.1	
37.7	47.5	32.8	10.6	
79.5	32.8	15.5	-65.6	
74.6	27.8	30.3	-75.5	
101.6	35.2	40.1	-38.6	
136.1	54.9	69.7	-16.4	
155.8	27.8	45.1	-9.1	
96.7	40.1	47.5	-11.5	
30.3	45.1	13.1	-16.4	
8.2	57.4	10.6	-4.1	
-14.0	57.4	0.8	-9.1	
-95.2	35.2	22.9	-4.1	
-127.1	40.1	25.4	8.2	
-107.5	37.7	25.4	10.6	
-82.9	5.7	22.9	3.2	
-36.1	15.5	27.8	0.8	
-6.6	35.2	45.1	15.5	
40.1	22.9	32.8	20.5	
77.0	18.0	25.4	42.6	
99.2	10.6	0.8	25.4	
101.6	18.0	3.2	50.0	
111.5	27.8	15.5	42.6	
94.3	18.0	40.1	45.1	
54.9	22.9	25.4	59.8	
0.8	25.4	13.1	35.2	
3.2	8.2	37.7	30.3	
5.7	20.5	20.5	-23.8	
-11.5	0.8	0.8	-14.0	
-33.7	0.8	-36.1	20.5	
-14.0	-6.6	-16.4	35.2	
-16.4	-9.1	-14.0	50.0	
-23.8	13.1	22.9	50.0	
-4.1	13.1	89.3	50.0	
13.1	0.8	74.6	62.3	
3.2	3.2	22.9	20.5	
-14.0	8.2	0.8	27.8	
-48.4	3.2	-4.1	13.1	
-36.1	25.4	-21.4	27.8	
-6.6	50.0	-58.3	15.5	
13.1	42.6	-73.0	47.5	
25.4	32.8	-36.1	27.8	
40.1	22.9	32.8	32.8	
37.7	13.1	52.4	5.7	
32.8	-18.9	62.3	10.6	
37.7	-16.4	40.1	8.2	
47.5	8.2	25.4	5.7	
45.1	27.8	-4.1	30.3	
57.4	35.2	-18.9	22.9	
50.0	59.8	-16.4	32.8	
32.8	47.5	-1.7	35.2	
13.1	50.0	-4.1	35.2	
18.0	57.4	8.2	47.5	
20.5	54.9	10.6	40.1	
18.0	37.7	5.7	40.1	
22.9	37.7	10.6	54.9	
0.8	25.4	0.8	40.1	
20.5	15.5	5.7	42.6	
47.5	30.3	-4.1	37.7	
69.7	42.6	-9.1	54.9	
59.8	37.7	-11.5	54.9	
47.5	32.8	-9.1	77.0	
15.5	32.8	-9.1	64.7	
-6.6	30.3	8.2	50.0	
-26.3	25.4	5.7	57.4	
-9.1	40.1	3.2	32.8	
10.6	47.5	-1.7	27.8	
18.0	40.1	-6.6	35.2	
30.3	42.6	-6.6	27.8	
13.1	40.1	-18.9	25.4	
-1.7	35.2	-9.1	20.5	
-11.5	25.4	-31.2	40.1	
37.7	27.8	-46.0	40.1	
52.4	32.8	-53.3	22.9	
59.8	22.9	-11.5	37.7	
45.1	27.8	-21.4	22.9	
45.1	30.3	-23.8	22.9	
25.4	27.8	-31.2	27.8	
32.8	40.1	-31.2	8.2	
22.9	52.4	-26.3	-9.1	
-11.5	47.5	-28.7	0.8	
-14.0	40.1	-28.7	-11.5	
18.0	32.8	-4.1	-14.0	
50.0	27.8	22.9	3.2	
45.1	35.2	10.6	0.8	
52.4	37.7	-16.4	-9.1	
64.7	37.7	-36.1	-4.1	
82.0	35.2	-41.0	-14.0	
57.4	25.4	-31.2	-14.0	
5.7	18.0	-43.5	20.5	
-4.1	25.4	-46.0	67.2	
-4.1	32.8	-36.1	106.6	
-23.8	25.4	-38.6	86.9	
-11.5	27.8	-50.9	27.8	
30.3	27.8	-18.9	-14.0	
37.7	30.3	-23.8	-60.7	
32.8	40.1	-36.1	-127.1	
30.3	37.7	-41.0	-122.2	
-18.9	37.7	-31.2	-100.1	
-107.5	47.5	-48.4	-102.5	
-134.5	42.6	-46.0	-65.6	
-127.1	35.2	-55.8	-36.1	
-109.9	27.8	-38.6	-28.7	
-55.8	42.6	-26.3	-33.7	
0.8	42.6	-31.2	-31.2	
25.4	50.0	-38.6	-16.4	
47.5	50.0	-43.5	-6.6	
62.3	45.1	-60.7	-6.6	
82.0	42.6	-68.1	13.1	
86.9	40.1	-48.4	37.7	
57.4	27.8	-60.7	32.8	
50.0	25.4	-60.7	50.0	
18.0	10.6	-53.3	67.2	
30.3	20.5	-18.9	133.6	
27.8	22.9	10.6	155.8	
27.8	37.7	3.2	50.0	
45.1	22.9	-6.6	-63.2	
42.6	25.4	-26.3	-58.3	
40.1	30.3	-28.7	-26.3	
8.2	25.4	-28.7	13.1	
-36.1	37.7	-41.0	20.5	
-18.9	37.7	-65.6	-18.9	
-6.6	64.7	-43.5	-11.5	
-6.6	67.2	-23.8	-26.3	
-33.7	47.5	-36.1	-60.7	
-68.1	37.7	-33.7	-117.3	
-70.6	18.0	-36.1	-87.8	
-46.0	13.1	-43.5	-46.0	
-23.8	13.1	-33.7	-31.2	
-4.1	15.5	-26.3	-21.4	
5.7	45.1	-21.4	-16.4	
18.0	47.5	-33.7	-11.5	
35.2	35.2	-26.3	-18.9	
62.3	30.3	-28.7	-6.6	
62.3	69.7	-16.4	-6.6	
74.6	91.8	-16.4	18.0	
74.6	86.9	-28.7	-18.9	
72.1	67.2	-28.7	-43.5	
69.7	45.1	-28.7	-50.9	
79.5	32.8	-38.6	-53.3	
40.1	40.1	-38.6	-46.0	
-14.0	8.2	-46.0	-9.1	
-68.1	-11.5	-63.2	69.7	
-28.7	13.1	-43.5	35.2	
18.0	27.8	-48.4	3.2	
35.2	37.7	-33.7	-28.7	
52.4	72.1	-58.3	-23.8	
57.4	79.5	-65.6	-26.3	
22.9	67.2	-68.1	30.3	
5.7	89.3	-28.7	77.0	
-33.7	62.3	-16.4	118.9	
-38.6	18.0	-21.4	64.7	
-21.4	-1.7	-6.6	32.8	
-9.1	25.4	18.0	-21.4	
-11.5	62.3	32.8	-63.2	
-4.1	64.7	27.8	-23.8	
-6.6	64.7	20.5	-63.2	
3.2	50.0	15.5	-55.8	
-9.1	52.4	5.7	-50.9	
-43.5	52.4	3.2	0.8	
-38.6	45.1	-1.7	-11.5	
-11.5	37.7	-16.4	-26.3	
3.2	40.1	-6.6	-31.2	
10.6	42.6	-1.7	-31.2	
15.5	32.8	-9.1	-4.1	
22.9	35.2	5.7	3.2	
40.1	45.1	15.5	-14.0	
40.1	22.9	20.5	13.1	
47.5	22.9	30.3	42.6	
54.9	10.6	37.7	67.2	
62.3	-1.7	45.1	101.6	
67.2	5.7	45.1	72.1	
64.7	8.2	47.5	-11.5	
45.1	-18.9	40.1	-38.6	
20.5	-14.0	37.7	-77.9	
32.8	-4.1	35.2	-124.7	
15.5	-6.6	40.1	-43.5	
-1.7	18.0	54.9	99.2	
-9.1	35.2	50.0	27.8	
-9.1	69.7	50.0	18.0	
-4.1	57.4	59.8	74.6	
-18.9	72.1	62.3	52.4	
-16.4	106.6	64.7	25.4	
20.5	50.0	67.2	27.8	
20.5	22.9	69.7	-23.8	
32.8	32.8	84.4	-38.6	
30.3	-14.0	72.1	-11.5	
25.4	-23.8	74.6	77.0	
27.8	-9.1	91.8	116.4	
18.0	10.6	77.0	86.9	
22.9	13.1	82.0	67.2	
10.6	42.6	67.2	45.1	
5.7	32.8	67.2	62.3	
0.8	27.8	62.3	52.4	
18.0	15.5	62.3	42.6	
8.2	25.4	57.4	18.0	
8.2	22.9	62.3	-33.7	
30.3	5.7	57.4	-50.9	
32.8	3.2	54.9	-36.1	
32.8	8.2	67.2	-11.5	
15.5	37.7	59.8	13.1	
20.5	20.5	62.3	-9.1	
3.2	-6.6	64.7	3.2	
15.5	25.4	64.7	-36.1	
10.6	72.1	84.4	-38.6	
0.8	47.5	82.0	-50.9	
8.2	64.7	77.0	-60.7	
5.7	74.6	82.0	-63.2	
15.5	32.8	67.2	-85.3	
25.4	47.5	67.2	-60.7	
32.8	37.7	50.0	20.5	
27.8	40.1	45.1	74.6	
25.4	40.1	50.0	37.7	
22.9	-28.7	59.8	111.5	
27.8	-75.5	67.2	59.8	
27.8	-31.2	64.7	35.2	
42.6	-9.1	59.8	-11.5	
37.7	-4.1	77.0	-18.9	
37.7	15.5	69.7	-23.8	
54.9	35.2	77.0	-9.1	
62.3	30.3	69.7	5.7	
72.1	32.8	72.1	37.7	
45.1	32.8	64.7	106.6	
72.1	25.4	67.2	234.5	
106.6	40.1	77.0	175.4	
111.5	47.5	79.5	0.8	
91.8	25.4	64.7	-102.5	
40.1	37.7	54.9	-105.0	
-26.3	50.0	30.3	-119.8	
-70.6	54.9	35.2	-36.1	
-144.4	32.8	32.8	-80.4	
-129.6	20.5	35.2	-53.3	
-75.5	22.9	45.1	-70.6	
-21.4	25.4	59.8	-60.7	
20.5	25.4	57.4	-70.6	
20.5	37.7	79.5	25.4	
5.7	40.1	64.7	54.9	
3.2	37.7	64.7	20.5	
-11.5	40.1	64.7	-26.3	
-26.3	42.6	52.4	-60.7	
20.5	30.3	50.0	-50.9	
54.9	5.7	54.9	-50.9	
77.0	8.2	57.4	-41.0	
64.7	20.5	62.3	-31.2	
57.4	25.4	54.9	-33.7	
111.5	27.8	40.1	-26.3	
121.3	20.5	47.5	-23.8	
94.3	10.6	59.8	-36.1	
74.6	27.8	47.5	-16.4	
77.0	54.9	37.7	-14.0	
42.6	47.5	37.7	-33.7	
-31.2	72.1	32.8	-16.4	
-107.5	84.4	42.6	-9.1	
-95.2	121.3	40.1	-6.6	
-53.3	96.7	25.4	-21.4	
-28.7	10.6	18.0	-21.4	
-9.1	-63.2	13.1	-82.9	
-6.6	-68.1	5.7	-102.5	
18.0	-48.4	-6.6	-107.5	
-23.8	-6.6	-4.1	-82.9	
-95.2	5.7	-14.0	-36.1	
-109.9	25.4	-18.9	3.2	
-58.3	15.5	-26.3	54.9	
-9.1	20.5	-14.0	45.1	
18.0	45.1	-18.9	20.5	
-21.4	40.1	-43.5	-9.1	
-55.8	67.2	-46.0	-26.3	
-75.5	62.3	-33.7	-21.4	
-23.8	54.9	-33.7	-14.0	
35.2	35.2	-31.2	-18.9	
72.1	25.4	-23.8	-4.1	
77.0	27.8	-46.0	3.2	
89.3	42.6	-70.6	8.2	
89.3	42.6	-95.2	8.2	
57.4	52.4	-70.6	-4.1	
15.5	45.1	-80.4	-6.6	
-50.9	52.4	-92.7	-21.4	
-100.1	42.6	-65.6	-4.1	
-90.2	57.4	-53.3	-4.1	
-16.4	67.2	-36.1	15.5	
3.2	45.1	-6.6	5.7	
13.1	-9.1	-18.9	3.2	
3.2	-4.1	-41.0	-6.6	
15.5	42.6	-36.1	10.6	
45.1	42.6	-28.7	-6.6	
35.2	-11.5	-18.9	-4.1	
25.4	5.7	-23.8	-14.0	
25.4	45.1	-28.7	0.8	
3.2	18.0	-26.3	0.8	
13.1	-6.6	-23.8	0.8	
35.2	-4.1	-33.7	3.2	
13.1	-9.1	-43.5	8.2	
18.0	-53.3	-33.7	15.5	
30.3	-38.6	-43.5	15.5	
30.3	-33.7	-36.1	30.3	
15.5	35.2	-41.0	45.1	
0.8	57.4	-36.1	25.4	
27.8	42.6	-41.0	20.5	
47.5	20.5	-55.8	13.1	
35.2	8.2	-43.5	8.2	
42.6	3.2	-43.5	13.1	
47.5	32.8	-41.0	8.2	
27.8	42.6	-53.3	-1.7	
-4.1	25.4	-63.2	10.6	
-36.1	27.8	-50.9	0.8	
-33.7	27.8	-58.3	13.1	
-4.1	20.5	-33.7	10.6	
3.2	13.1	-33.7	-1.7	
18.0	32.8	-41.0	10.6	
27.8	37.7	-38.6	8.2	
35.2	35.2	-31.2	5.7	
35.2	37.7	-48.4	15.5	
25.4	40.1	-28.7	15.5	
20.5	32.8	-28.7	0.8	
32.8	37.7	-43.5	10.6	
37.7	52.4	-46.0	0.8	
45.1	54.9	-53.3	13.1	
27.8	52.4	-63.2	22.9	
22.9	47.5	-43.5	27.8	
13.1	30.3	-46.0	-4.1	
18.0	10.6	-50.9	10.6	
5.7	10.6	-46.0	13.1	
5.7	15.5	-48.4	13.1	
13.1	22.9	-36.1	32.8	
13.1	30.3	-38.6	15.5	
15.5	40.1	-33.7	18.0	
25.4	52.4	-33.7	20.5	
42.6	30.3	-36.1	22.9	
47.5	42.6	-50.9	25.4	
32.8	35.2	-53.3	27.8	
30.3	32.8	-23.8	15.5	
18.0	40.1	-16.4	18.0	
15.5	15.5	-4.1	27.8	
5.7	32.8	13.1	37.7	
-18.9	10.6	25.4	27.8	
5.7	5.7	37.7	42.6	
10.6	27.8	40.1	45.1	
-1.7	45.1	35.2	69.7	
5.7	37.7	13.1	57.4	
22.9	52.4	-4.1	52.4	
27.8	40.1	-14.0	57.4	
30.3	13.1	-6.6	32.8	
37.7	22.9	-11.5	42.6	
52.4	20.5	-21.4	18.0	
35.2	-9.1	-11.5	15.5	
40.1	-33.7	8.2	27.8	
27.8	-14.0	0.8	22.9	
25.4	10.6	3.2	20.5	
32.8	18.0	-4.1	45.1	
42.6	22.9	-18.9	30.3	
20.5	27.8	-9.1	15.5	
8.2	52.4	13.1	52.4	
25.4	45.1	-4.1	136.1	
40.1	37.7	-48.4	106.6	
67.2	45.1	-46.0	5.7	
77.0	40.1	-68.1	-11.5	
82.0	42.6	-48.4	32.8	
20.5	25.4	-33.7	59.8	
-48.4	40.1	-36.1	104.1	
-28.7	74.6	-41.0	175.4	
-16.4	101.6	-16.4	209.9	
-48.4	96.7	5.7	158.2	
-107.5	89.3	18.0	62.3	
-95.2	47.5	37.7	59.8	
-21.4	50.0	47.5	20.5	
5.7	52.4	59.8	-33.7	
-6.6	32.8	52.4	67.2	
-31.2	-9.1	25.4	52.4	
-31.2	-36.1	25.4	10.6	
-18.9	42.6	37.7	32.8	
22.9	54.9	25.4	8.2	
47.5	89.3	0.8	-16.4	
57.4	126.2	-6.6	74.6	
54.9	42.6	-38.6	27.8	
22.9	5.7	-68.1	59.8	
0.8	-33.7	-102.5	86.9	
-50.9	-77.9	-100.1	74.6	
-53.3	-68.1	-65.6	45.1	
-36.1	-60.7	-55.8	20.5	
-9.1	-26.3	-53.3	18.0	
32.8	-1.7	-65.6	84.4	
32.8	-4.1	-48.4	123.8	
27.8	3.2	-50.9	101.6	
8.2	32.8	-41.0	104.1	
-21.4	27.8	-21.4	67.2	
-41.0	37.7	-6.6	27.8	
-23.8	25.4	3.2	69.7	
13.1	18.0	-11.5	69.7	
30.3	15.5	-4.1	123.8	
37.7	5.7	10.6	77.0	
40.1	-14.0	32.8	45.1	
27.8	3.2	27.8	25.4	
45.1	27.8	37.7	67.2	
37.7	52.4	32.8	67.2	
45.1	52.4	22.9	94.3	
50.0	27.8	32.8	158.2	
77.0	30.3	69.7	109.0	
79.5	27.8	45.1	64.7	
62.3	20.5	67.2	54.9	
18.0	37.7	52.4	35.2	
-14.0	27.8	22.9	62.3	
-43.5	47.5	20.5	59.8	
-23.8	47.5	18.0	27.8	
0.8	47.5	13.1	5.7	
13.1	45.1	27.8	25.4	
5.7	25.4	54.9	20.5	
-31.2	10.6	74.6	13.1	
-16.4	20.5	84.4	5.7	
-9.1	32.8	74.6	-14.0	
-33.7	54.9	84.4	-9.1	
-43.5	52.4	50.0	-18.9	
-16.4	45.1	54.9	-9.1	
-9.1	30.3	62.3	-18.9	
13.1	32.8	54.9	-14.0	
13.1	47.5	37.7	-36.1	
-6.6	35.2	35.2	-26.3	
-1.7	18.0	27.8	-4.1	
0.8	27.8	42.6	-36.1	
5.7	27.8	64.7	-21.4	
22.9	25.4	54.9	-4.1	
40.1	32.8	57.4	-82.9	
57.4	27.8	22.9	-127.1	
74.6	32.8	15.5	-112.4	
113.9	35.2	15.5	-55.8	
133.6	27.8	8.2	-124.7	
145.9	25.4	5.7	-169.0	
143.5	25.4	13.1	-109.9	
121.3	27.8	22.9	-26.3	
74.6	25.4	8.2	-112.4	
10.6	13.1	5.7	-60.7	
-50.9	8.2	0.8	5.7	
-77.9	-9.1	-1.7	-31.2	
-112.4	-4.1	-14.0	-48.4	
-127.1	-9.1	-18.9	-43.5	
-100.1	5.7	-4.1	-65.6	
-87.8	-11.5	-28.7	-65.6	
-73.0	-11.5	-21.4	-73.0	
-1.7	-9.1	15.5	-107.5	
42.6	3.2	22.9	-60.7	
64.7	-4.1	3.2	-50.9	
64.7	-9.1	20.5	-87.8	
74.6	-11.5	54.9	-28.7	
72.1	-11.5	52.4	-55.8	
40.1	8.2	62.3	-73.0	
30.3	18.0	47.5	-95.2	
27.8	42.6	35.2	-75.5	
0.8	57.4	72.1	-137.0	
40.1	50.0	64.7	-161.6	
106.6	22.9	45.1	-105.0	
136.1	5.7	35.2	-105.0	
91.8	8.2	35.2	-48.4	
-21.4	10.6	25.4	50.0	
-58.3	18.0	25.4	47.5	
-77.9	13.1	-21.4	-6.6	
-68.1	3.2	-38.6	-65.6	
-73.0	15.5	-33.7	30.3	
-75.5	-9.1	-11.5	42.6	
-21.4	-1.7	-14.0	3.2	
13.1	-23.8	-31.2	72.1	
20.5	-16.4	-4.1	64.7	
30.3	35.2	27.8	-4.1	
20.5	54.9	30.3	3.2	
35.2	37.7	3.2	20.5	
27.8	42.6	-23.8	10.6	
5.7	22.9	-23.8	5.7	
10.6	37.7	-36.1	-6.6	
32.8	40.1	3.2	-26.3	
59.8	25.4	10.6	-48.4	
45.1	35.2	3.2	5.7	
13.1	52.4	-26.3	27.8	
-38.6	64.7	-9.1	-31.2	
-75.5	67.2	13.1	-31.2	
-105.0	50.0	18.0	-14.0	
-77.9	72.1	32.8	10.6	
-68.1	67.2	0.8	-9.1	
-26.3	50.0	-33.7	0.8	
20.5	47.5	-26.3	18.0	
25.4	-46.0	-60.7	69.7	
5.7	-9.1	-60.7	62.3	
15.5	74.6	-97.6	54.9	
20.5	57.4	-100.1	20.5	
30.3	77.0	-109.9	45.1	
54.9	59.8	-107.5	0.8	
50.0	59.8	-80.4	-68.1	
37.7	141.0	-36.1	-53.3	
27.8	89.3	-11.5	-9.1	
35.2	13.1	-48.4	-28.7	
8.2	10.6	-36.1	-16.4	
5.7	50.0	-46.0	45.1	
18.0	94.3	-55.8	84.4	
25.4	52.4	-77.9	69.7	
32.8	20.5	-112.4	3.2	
37.7	-4.1	-117.3	-18.9	
42.6	-11.5	-132.1	8.2	
52.4	-21.4	-146.8	54.9	
50.0	13.1	-159.1	104.1	
35.2	42.6	-154.2	177.9	
-4.1	35.2	-154.2	123.8	
3.2	-38.6	-159.1	32.8	
22.9	-26.3	-132.1	59.8	
22.9	5.7	-119.8	86.9	
35.2	8.2	-134.5	99.2	
52.4	18.0	-109.9	190.2	
50.0	32.8	-102.5	153.3	
27.8	27.8	-102.5	123.8	
8.2	32.8	-129.6	121.3	
10.6	35.2	-117.3	138.5	
-11.5	22.9	-105.0	99.2	
3.2	32.8	-75.5	89.3	
37.7	40.1	-73.0	57.4	
50.0	37.7	-55.8	30.3	
45.1	37.7	-38.6	8.2	
35.2	35.2	-21.4	-23.8	
35.2	30.3	8.2	-53.3	
27.8	27.8	25.4	-48.4	
27.8	30.3	47.5	-4.1	
0.8	35.2	67.2	59.8	
-21.4	30.3	64.7	32.8	
-6.6	47.5	67.2	40.1	
0.8	47.5	52.4	22.9	
30.3	35.2	37.7	-14.0	
69.7	37.7	77.0	-31.2	
109.0	54.9	84.4	-33.7	
118.9	37.7	47.5	-43.5	
99.2	47.5	67.2	-16.4	
57.4	45.1	64.7	13.1	
-1.7	50.0	82.0	-21.4	
-63.2	25.4	106.6	-28.7	
-63.2	45.1	131.2	0.8	
-75.5	42.6	138.5	25.4	
-53.3	45.1	131.2	3.2	
-31.2	47.5	111.5	-50.9	
-9.1	42.6	116.4	-43.5	
-23.8	47.5	104.1	20.5	
-18.9	25.4	111.5	74.6	
3.2	35.2	131.2	57.4	
15.5	35.2	160.7	59.8	
52.4	35.2	150.8	22.9	
94.3	30.3	143.5	-95.2	
111.5	35.2	141.0	-215.7	
126.2	37.7	163.1	-144.4	
173.0	40.1	150.8	-127.1	
192.7	32.8	106.6	-100.1	
175.4	40.1	96.7	-80.4	
111.5	20.5	89.3	-48.4	
52.4	27.8	30.3	-55.8	
8.2	25.4	-16.4	-73.0	
-48.4	25.4	-21.4	-90.2	
-63.2	32.8	22.9	-109.9	
-107.5	25.4	27.8	-31.2	
-132.1	37.7	27.8	79.5	
-105.0	15.5	50.0	64.7	
-117.3	22.9	45.1	72.1	
-97.6	18.0	32.8	-63.2	
-53.3	25.4	3.2	-191.1	
8.2	30.3	-26.3	-311.6	
13.1	30.3	-38.6	-343.6	
40.1	27.8	-73.0	-223.1	
86.9	15.5	-70.6	-247.7	
8.2	15.5	-48.4	-255.1	
-55.8	15.5	-55.8	-210.8	
-63.2	10.6	-55.8	-124.7	
-68.1	15.5	-23.8	-102.5	
-9.1	10.6	-4.1	-82.9	
37.7	22.9	-18.9	-112.4	
79.5	35.2	-21.4	-60.7	
82.0	25.4	-28.7	-102.5	
8.2	25.4	-26.3	-137.0	
-43.5	30.3	-23.8	-159.1	
-70.6	20.5	-21.4	-154.2	
-97.6	10.6	-28.7	-164.0	
-55.8	20.5	5.7	-166.5	
-23.8	3.2	-4.1	-181.3	
-36.1	8.2	18.0	-193.6	
-6.6	20.5	8.2	-178.8	
-14.0	27.8	0.8	-166.5	
30.3	25.4	18.0	-144.4	
64.7	10.6	-4.1	-137.0	
86.9	10.6	-18.9	-105.0	
69.7	20.5	8.2	-63.2	
45.1	27.8	-6.6	-28.7	
-1.7	22.9	20.5	18.0	
-46.0	13.1	-21.4	59.8	
-60.7	22.9	-75.5	69.7	
-23.8	22.9	-36.1	113.9	
-1.7	20.5	5.7	131.2	
30.3	22.9	42.6	128.7	
20.5	22.9	45.1	121.3	
40.1	32.8	18.0	158.2	
32.8	27.8	30.3	177.9	
18.0	22.9	32.8	165.6	
18.0	8.2	18.0	170.5	
-14.0	20.5	-4.1	182.8	
18.0	22.9	-21.4	165.6	
62.3	30.3	-38.6	160.7	
62.3	15.5	-23.8	150.8	
77.0	22.9	-33.7	138.5	
52.4	27.8	-46.0	138.5	
30.3	35.2	-48.4	128.7	
10.6	37.7	-41.0	136.1	
8.2	20.5	-36.1	128.7	
35.2	13.1	-55.8	121.3	
40.1	22.9	-50.9	104.1	
15.5	30.3	-63.2	104.1	
5.7	22.9	-80.4	96.7	
20.5	27.8	-80.4	94.3	
77.0	13.1	-85.3	77.0	
138.5	32.8	-102.5	91.8	
158.2	22.9	-82.9	84.4	
133.6	27.8	-65.6	84.4	
54.9	25.4	-50.9	89.3	
-26.3	18.0	-55.8	79.5	
-100.1	18.0	-48.4	57.4	
-119.8	20.5	-63.2	62.3	
-132.1	15.5	-65.6	82.0	
-105.0	32.8	-48.4	109.0	
-68.1	27.8	-53.3	104.1	
-11.5	25.4	-46.0	94.3	
-1.7	22.9	-63.2	59.8	
3.2	25.4	-36.1	-9.1	
8.2	15.5	-26.3	20.5	
22.9	25.4	-33.7	42.6	
22.9	22.9	-28.7	18.0	
27.8	18.0	-6.6	10.6	
22.9	20.5	3.2	5.7	
42.6	20.5	-1.7	10.6	
32.8	27.8	-33.7	10.6	
42.6	27.8	-16.4	5.7	
45.1	25.4	-9.1	30.3	
54.9	25.4	-33.7	37.7	
57.4	27.8	-14.0	22.9	
50.0	27.8	-14.0	18.0	
42.6	20.5	-6.6	10.6	
45.1	20.5	15.5	37.7	
37.7	25.4	35.2	37.7	
32.8	22.9	32.8	54.9	
72.1	35.2	47.5	37.7	
113.9	30.3	45.1	47.5	
121.3	27.8	45.1	35.2	
126.2	22.9	47.5	20.5	
118.9	25.4	45.1	57.4	
113.9	32.8	47.5	45.1	
64.7	22.9	50.0	52.4	
-18.9	22.9	47.5	42.6	
-97.6	32.8	47.5	15.5	
-92.7	27.8	47.5	-14.0	
-48.4	22.9	52.4	-21.4	
-26.3	25.4	62.3	-55.8	
-36.1	18.0	59.8	-16.4	
-14.0	18.0	54.9	-6.6	
22.9	22.9	22.9	13.1	
89.3	22.9	40.1	35.2	
175.4	22.9	59.8	30.3	
219.7	25.4	47.5	3.2	
214.8	22.9	67.2	-1.7	
168.1	22.9	106.6	13.1	
138.5	22.9	91.8	20.5	
27.8	20.5	111.5	35.2	
-90.2	25.4	126.2	27.8	
-159.1	27.8	113.9	50.0	
-220.6	30.3	91.8	37.7	
-255.1	32.8	82.0	15.5	
-176.3	25.4	74.6	47.5	
-65.6	25.4	84.4	13.1	
-6.6	25.4	86.9	35.2	
-21.4	30.3	101.6	47.5	
-28.7	25.4	89.3	45.1	
-4.1	27.8	116.4	-41.0	
15.5	25.4	106.6	-18.9	
35.2	30.3	96.7	37.7	
32.8	15.5	77.0	59.8	
27.8	13.1	82.0	111.5	
8.2	13.1	74.6	52.4	
-11.5	10.6	45.1	-21.4	
20.5	15.5	32.8	-58.3	
72.1	15.5	37.7	-80.4	
74.6	13.1	40.1	-127.1	
82.0	8.2	42.6	-109.9	
79.5	35.2	32.8	-65.6	
67.2	45.1	32.8	-58.3	
64.7	32.8	37.7	-33.7	
20.5	45.1	45.1	-28.7	
-31.2	45.1	47.5	-16.4	
-68.1	20.5	20.5	-21.4	
-100.1	35.2	20.5	-18.9	
-43.5	13.1	18.0	-11.5	
3.2	25.4	15.5	-48.4	
50.0	37.7	27.8	-38.6	
62.3	42.6	30.3	-18.9	
37.7	25.4	42.6	-16.4	
27.8	35.2	30.3	-18.9	
-1.7	30.3	13.1	5.7	
13.1	40.1	10.6	5.7	
45.1	40.1	0.8	3.2	
45.1	25.4	-4.1	18.0	
40.1	45.1	0.8	-1.7	
20.5	40.1	15.5	-4.1	
-38.6	35.2	18.0	5.7	
-41.0	30.3	18.0	0.8	
-31.2	37.7	5.7	3.2	
-50.9	18.0	-4.1	10.6	
-60.7	37.7	-11.5	20.5	
-46.0	37.7	-28.7	20.5	
-16.4	37.7	8.2	20.5	
5.7	25.4	27.8	22.9	
22.9	37.7	22.9	18.0	
35.2	27.8	25.4	25.4	
37.7	25.4	25.4	35.2	
30.3	25.4	32.8	27.8	
40.1	27.8	15.5	25.4	
40.1	40.1	18.0	18.0	
42.6	35.2	13.1	10.6	
22.9	27.8	8.2	3.2	
45.1	40.1	-14.0	0.8	
37.7	27.8	-23.8	13.1	
52.4	42.6	-46.0	18.0	
62.3	20.5	-55.8	13.1	
67.2	37.7	-48.4	3.2	
82.0	25.4	-18.9	8.2	
69.7	40.1	-6.6	0.8	
79.5	42.6	-9.1	-1.7	
72.1	32.8	-18.9	18.0	
27.8	35.2	-26.3	20.5	
-11.5	18.0	-28.7	15.5	
-11.5	47.5	-21.4	15.5	
-11.5	42.6	5.7	27.8	
-14.0	42.6	27.8	32.8	
-36.1	32.8	20.5	50.0	
-16.4	35.2	13.1	67.2	
0.8	15.5	18.0	40.1	
3.2	8.2	18.0	25.4	
3.2	25.4	0.8	-26.3	
40.1	25.4	-11.5	-41.0	
77.0	18.0	10.6	0.8	
69.7	35.2	-26.3	25.4	
67.2	18.0	3.2	30.3	
54.9	15.5	-16.4	45.1	
30.3	15.5	-1.7	22.9	
-4.1	18.0	22.9	22.9	
-31.2	10.6	8.2	22.9	
-46.0	20.5	-4.1	35.2	
-28.7	32.8	-26.3	30.3	
8.2	42.6	-53.3	42.6	
40.1	62.3	-6.6	54.9	
57.4	67.2	20.5	37.7	
62.3	62.3	27.8	47.5	
62.3	32.8	18.0	52.4	
47.5	15.5	15.5	50.0	
-33.7	32.8	0.8	47.5	
-77.9	25.4	-11.5	42.6	
-26.3	20.5	-41.0	50.0	
32.8	22.9	-46.0	54.9	
54.9	20.5	-23.8	62.3	
22.9	27.8	-21.4	59.8	
15.5	32.8	-28.7	59.8	
42.6	42.6	-23.8	47.5	
96.7	25.4	-41.0	47.5	
148.4	25.4	-33.7	57.4	
175.4	25.4	-33.7	72.1	
150.8	10.6	-36.1	77.0	
109.0	20.5	-28.7	67.2	
52.4	32.8	-26.3	67.2	
-68.1	35.2	-36.1	101.6	
-164.0	37.7	-14.0	54.9	
-151.7	40.1	5.7	32.8	
-146.8	32.8	-18.9	-9.1	
-112.4	50.0	-48.4	-16.4	
-50.9	27.8	-41.0	47.5	
15.5	35.2	-33.7	62.3	
59.8	42.6	-18.9	32.8	
123.8	42.6	-26.3	35.2	
118.9	37.7	-36.1	25.4	
47.5	30.3	-11.5	42.6	
8.2	22.9	-21.4	35.2	
-41.0	37.7	-31.2	47.5	
-90.2	25.4	-38.6	47.5	
-97.6	25.4	-38.6	59.8	
-75.5	15.5	-4.1	57.4	
-53.3	22.9	-21.4	59.8	
-14.0	27.8	-28.7	67.2	
18.0	18.0	-23.8	72.1	
35.2	20.5	-18.9	50.0	
64.7	22.9	-21.4	40.1	
47.5	37.7	-28.7	42.6	
59.8	13.1	-28.7	45.1	
47.5	20.5	-18.9	10.6	
37.7	27.8	0.8	18.0	
13.1	32.8	-6.6	42.6	
13.1	30.3	-6.6	67.2	
15.5	20.5	8.2	52.4	
32.8	18.0	20.5	77.0	
79.5	37.7	13.1	30.3	
94.3	37.7	-4.1	25.4	
89.3	37.7	-31.2	69.7	
20.5	32.8	-53.3	22.9	
-97.6	35.2	-53.3	30.3	
-156.7	35.2	-21.4	30.3	
-134.5	64.7	-36.1	32.8	
-92.7	42.6	-38.6	15.5	
-48.4	37.7	-11.5	22.9	
3.2	22.9	-16.4	20.5	
32.8	32.8	18.0	22.9	
54.9	30.3	32.8	20.5	
64.7	22.9	3.2	35.2	
106.6	27.8	-6.6	8.2	
136.1	32.8	-16.4	5.7	
153.3	32.8	-23.8	-16.4	
96.7	22.9	-41.0	10.6	
5.7	32.8	-21.4	15.5	
-63.2	25.4	-48.4	3.2	
-90.2	32.8	-68.1	10.6	
-65.6	32.8	-18.9	20.5	
-6.6	30.3	-16.4	27.8	
27.8	40.1	-4.1	18.0	
50.0	30.3	-9.1	37.7	
37.7	22.9	-1.7	25.4	
18.0	18.0	-9.1	45.1	
13.1	37.7	-16.4	40.1	
18.0	32.8	-16.4	27.8	
18.0	37.7	-18.9	42.6	
13.1	32.8	-26.3	45.1	
25.4	20.5	-23.8	35.2	
22.9	27.8	-28.7	47.5	
22.9	32.8	-18.9	47.5	
25.4	42.6	-11.5	27.8	
25.4	27.8	-26.3	15.5	
5.7	35.2	-4.1	-6.6	
-41.0	20.5	-9.1	0.8	
-43.5	20.5	-6.6	8.2	
-38.6	42.6	-11.5	25.4	
3.2	50.0	-18.9	20.5	
22.9	37.7	-14.0	-21.4	
40.1	37.7	8.2	-14.0	
57.4	18.0	-1.7	-4.1	
77.0	32.8	-21.4	5.7	
99.2	32.8	-11.5	-21.4	
111.5	37.7	3.2	-4.1	
99.2	25.4	-9.1	-1.7	
79.5	20.5	-4.1	-4.1	
57.4	18.0	3.2	-6.6	
-4.1	22.9	0.8	-9.1	
-63.2	30.3	22.9	-1.7	
-63.2	30.3	40.1	-1.7	
-36.1	30.3	45.1	5.7	
-21.4	54.9	25.4	-4.1	
-23.8	54.9	30.3	5.7	
-18.9	20.5	15.5	35.2	
-11.5	22.9	10.6	64.7	
5.7	35.2	15.5	72.1	
22.9	40.1	35.2	30.3	
37.7	37.7	32.8	-48.4	
45.1	30.3	47.5	-60.7	
45.1	35.2	45.1	-36.1	
47.5	52.4	64.7	-26.3	
32.8	50.0	35.2	-36.1	
20.5	45.1	13.1	-11.5	
3.2	54.9	15.5	3.2	
-11.5	64.7	18.0	-14.0	
25.4	45.1	37.7	-21.4	
52.4	40.1	5.7	-9.1	
45.1	22.9	3.2	-9.1	
69.7	13.1	8.2	8.2	
72.1	5.7	0.8	20.5	
106.6	15.5	-1.7	45.1	
104.1	22.9	0.8	35.2	
91.8	3.2	-9.1	8.2	
113.9	0.8	22.9	-18.9	
106.6	-11.5	27.8	-18.9	
86.9	10.6	35.2	18.0	
30.3	42.6	45.1	0.8	
-50.9	22.9	42.6	-23.8	
-122.2	35.2	40.1	-28.7	
-161.6	35.2	32.8	0.8	
-176.3	30.3	35.2	32.8	
-134.5	37.7	32.8	52.4	
-82.9	86.9	13.1	32.8	
67.2	101.6	32.8	22.9	
170.5	77.0	18.0	22.9	
236.9	57.4	22.9	3.2	
291.1	35.2	18.0	13.1	
229.6	52.4	32.8	3.2	
111.5	40.1	15.5	8.2	
-80.4	57.4	-1.7	5.7	
-242.8	64.7	3.2	20.5	
-289.5	82.0	25.4	27.8	
-213.2	59.8	20.5	27.8	
-127.1	22.9	15.5	35.2	
-63.2	3.2	15.5	30.3	
-14.0	-18.9	22.9	25.4	
18.0	-4.1	22.9	35.2	
15.5	0.8	0.8	37.7	
-14.0	-4.1	0.8	35.2	
-50.9	-23.8	-11.5	47.5	
-46.0	-9.1	-14.0	67.2	
13.1	22.9	-28.7	62.3	
57.4	32.8	-21.4	50.0	
54.9	10.6	-11.5	32.8	
57.4	-1.7	0.8	37.7	
57.4	13.1	47.5	5.7	
42.6	22.9	84.4	-9.1	
37.7	10.6	42.6	13.1	
59.8	0.8	20.5	15.5	
104.1	13.1	18.0	-38.6	
121.3	32.8	8.2	-11.5	
123.8	25.4	47.5	0.8	
121.3	15.5	79.5	-14.0	
118.9	10.6	89.3	-14.0	
67.2	22.9	82.0	0.8	
-6.6	18.0	52.4	-1.7	
-31.2	35.2	62.3	-9.1	
-80.4	27.8	45.1	22.9	
-102.5	35.2	45.1	10.6	
-117.3	35.2	20.5	13.1	
-105.0	37.7	5.7	30.3	
-68.1	20.5	8.2	35.2	
-21.4	25.4	8.2	35.2	
52.4	30.3	32.8	64.7	
64.7	22.9	27.8	111.5	
52.4	25.4	25.4	165.6	
59.8	30.3	42.6	182.8	
54.9	30.3	30.3	131.2	
27.8	35.2	45.1	-53.3	
-4.1	32.8	40.1	-122.2	
-31.2	30.3	52.4	-154.2	
-14.0	27.8	47.5	-149.3	
32.8	37.7	35.2	-70.6	
59.8	45.1	27.8	-6.6	
86.9	35.2	35.2	0.8	
84.4	30.3	22.9	5.7	
30.3	25.4	27.8	-18.9	
-9.1	27.8	25.4	0.8	
-33.7	27.8	35.2	-6.6	
-18.9	35.2	37.7	-26.3	
-26.3	42.6	50.0	-1.7	
-18.9	22.9	30.3	3.2	
-9.1	32.8	42.6	15.5	
0.8	30.3	32.8	10.6	
15.5	25.4	5.7	15.5	
-1.7	32.8	-18.9	8.2	
-18.9	27.8	0.8	3.2	
-14.0	30.3	22.9	10.6	
-11.5	32.8	40.1	8.2	
-14.0	25.4	64.7	3.2	
-6.6	35.2	57.4	-4.1	
18.0	27.8	50.0	0.8	
32.8	37.7	50.0	3.2	
35.2	35.2	45.1	8.2	
47.5	22.9	35.2	8.2	
47.5	22.9	15.5	0.8	
72.1	27.8	22.9	3.2	
69.7	35.2	32.8	20.5	
50.0	37.7	42.6	27.8	
69.7	30.3	42.6	18.0	
91.8	27.8	47.5	8.2	
91.8	50.0	42.6	-11.5	
45.1	37.7	25.4	-26.3	
-4.1	45.1	45.1	-9.1	
-26.3	27.8	10.6	-26.3	
-55.8	45.1	13.1	-14.0	
-70.6	32.8	30.3	-1.7	
-80.4	42.6	20.5	-23.8	
-70.6	37.7	18.0	-14.0	
-48.4	50.0	20.5	-9.1	
-21.4	42.6	37.7	-11.5	
-1.7	42.6	42.6	-9.1	
-1.7	40.1	18.0	-11.5	
0.8	37.7	0.8	-36.1	
42.6	35.2	-21.4	-26.3	
67.2	22.9	5.7	-14.0	
89.3	37.7	-4.1	-23.8	
86.9	40.1	-1.7	-6.6	
40.1	20.5	5.7	-11.5	
-21.4	30.3	47.5	-6.6	
-70.6	25.4	57.4	-14.0	
-63.2	22.9	77.0	-11.5	
-16.4	27.8	104.1	-14.0	
18.0	20.5	94.3	-9.1	
35.2	32.8	62.3	-28.7	
37.7	32.8	54.9	-23.8	
27.8	27.8	37.7	-9.1	
15.5	13.1	15.5	-23.8	
18.0	32.8	-6.6	-14.0	
18.0	22.9	-1.7	-26.3	
32.8	3.2	8.2	-14.0	
25.4	10.6	5.7	-14.0	
54.9	-1.7	27.8	-11.5	
72.1	8.2	35.2	-1.7	
94.3	13.1	42.6	-9.1	
89.3	10.6	62.3	-16.4	
94.3	-9.1	57.4	-14.0	
89.3	3.2	32.8	-9.1	
74.6	-6.6	35.2	3.2	
37.7	13.1	35.2	-1.7	
-41.0	30.3	27.8	-4.1	
-70.6	32.8	5.7	-6.6	
-60.7	3.2	-1.7	5.7	
-48.4	5.7	-1.7	-1.7	
-23.8	22.9	13.1	10.6	
-11.5	25.4	8.2	13.1	
-1.7	22.9	-9.1	13.1	
-31.2	25.4	0.8	3.2	
-26.3	8.2	42.6	10.6	
-21.4	20.5	35.2	3.2	
3.2	10.6	30.3	5.7	
-9.1	-4.1	27.8	27.8	
0.8	5.7	25.4	20.5	
-4.1	32.8	10.6	20.5	
18.0	32.8	-14.0	27.8	
13.1	45.1	-14.0	-11.5	
0.8	35.2	-16.4	-9.1	
10.6	59.8	-41.0	-14.0	
40.1	52.4	-31.2	15.5	
62.3	45.1	-4.1	-18.9	
77.0	37.7	10.6	-33.7	
77.0	40.1	3.2	-14.0	
54.9	42.6	-31.2	-1.7	
35.2	32.8	-9.1	-6.6	
40.1	40.1	22.9	5.7	
15.5	47.5	52.4	-4.1	
3.2	50.0	15.5	-11.5	
30.3	40.1	30.3	-9.1	
79.5	40.1	54.9	5.7	
82.0	50.0	42.6	-1.7	
69.7	25.4	32.8	8.2	
22.9	22.9	27.8	10.6	
18.0	22.9	15.5	8.2	
37.7	22.9	-4.1	-1.7	
42.6	32.8	-4.1	8.2	
-4.1	42.6	10.6	3.2	
15.5	27.8	-1.7	5.7	
30.3	32.8	-14.0	5.7	
57.4	22.9	-9.1	3.2	
82.0	27.8	-11.5	13.1	
106.6	32.8	-41.0	27.8	
59.8	22.9	0.8	22.9	
54.9	10.6	13.1	22.9	
37.7	18.0	35.2	22.9	
25.4	18.0	57.4	25.4	
-41.0	18.0	62.3	22.9	
-154.2	18.0	50.0	13.1	
-205.9	25.4	3.2	15.5	
-191.1	30.3	-23.8	0.8	
-193.6	35.2	-14.0	15.5	
-122.2	13.1	-21.4	20.5	
-68.1	20.5	-9.1	40.1	
-26.3	22.9	-9.1	25.4	
-16.4	32.8	-21.4	22.9	
18.0	40.1	10.6	8.2	
25.4	45.1	47.5	-21.4	
47.5	22.9	67.2	-21.4	
59.8	32.8	59.8	-4.1	
18.0	8.2	69.7	18.0	
-9.1	18.0	64.7	15.5	
-11.5	37.7	47.5	30.3	
-14.0	27.8	37.7	20.5	
-4.1	32.8	35.2	20.5	
5.7	47.5	40.1	13.1	
37.7	30.3	42.6	10.6	
64.7	37.7	18.0	18.0	
89.3	25.4	15.5	20.5	
99.2	37.7	10.6	18.0	
106.6	40.1	3.2	10.6	
77.0	32.8	-6.6	8.2	
62.3	22.9	-9.1	13.1	
22.9	20.5	13.1	15.5	
-21.4	25.4	32.8	18.0	
-43.5	13.1	20.5	8.2	
-60.7	35.2	30.3	20.5	
-50.9	45.1	35.2	15.5	
-36.1	40.1	52.4	32.8	
-14.0	27.8	35.2	32.8	
-6.6	27.8	47.5	18.0	
8.2	18.0	37.7	22.9	
-4.1	22.9	32.8	67.2	
-11.5	30.3	37.7	89.3	
5.7	35.2	27.8	89.3	
20.5	30.3	5.7	52.4	
37.7	5.7	22.9	-68.1	
27.8	3.2	69.7	-58.3	
35.2	-1.7	72.1	-75.5	
40.1	5.7	72.1	-41.0	
35.2	13.1	54.9	-14.0	
32.8	37.7	37.7	-6.6	
27.8	32.8	20.5	-4.1	
32.8	20.5	22.9	-28.7	
30.3	27.8	-11.5	-60.7	
54.9	30.3	-58.3	-60.7	
42.6	50.0	-82.9	-50.9	
32.8	45.1	-82.9	-16.4	
42.6	45.1	-65.6	-9.1	
54.9	40.1	-58.3	-4.1	
57.4	35.2	-26.3	0.8	
50.0	37.7	-21.4	-6.6	
45.1	37.7	18.0	8.2	
35.2	32.8	77.0	10.6	
40.1	35.2	89.3	5.7	
37.7	42.6	79.5	22.9	
30.3	35.2	64.7	25.4	
0.8	35.2	40.1	30.3	
-1.7	30.3	22.9	13.1	
-16.4	30.3	15.5	30.3	
-18.9	20.5	8.2	8.2	
15.5	30.3	0.8	-11.5	
52.4	27.8	13.1	-1.7	
62.3	25.4	22.9	13.1	
54.9	25.4	22.9	20.5	
54.9	32.8	8.2	-6.6	
30.3	40.1	10.6	10.6	
13.1	32.8	8.2	8.2	
-28.7	30.3	77.0	5.7	
-38.6	27.8	64.7	18.0	
-18.9	32.8	35.2	18.0	
15.5	25.4	20.5	25.4	
22.9	32.8	18.0	22.9	
67.2	15.5	0.8	15.5	
69.7	18.0	18.0	15.5	
121.3	37.7	35.2	22.9	
143.5	35.2	27.8	22.9	
148.4	8.2	42.6	13.1	
106.6	10.6	42.6	10.6	
59.8	3.2	22.9	18.0	
18.0	3.2	20.5	0.8	
-31.2	-4.1	-16.4	10.6	
-63.2	-4.1	-33.7	13.1	
-63.2	5.7	-50.9	5.7	
-92.7	42.6	-11.5	20.5	
-107.5	25.4	25.4	3.2	
-80.4	27.8	32.8	0.8	
-73.0	22.9	20.5	3.2	
-87.8	30.3	-11.5	8.2	
-102.5	27.8	-16.4	0.8	
-95.2	10.6	-33.7	-1.7	
-70.6	10.6	-23.8	15.5	
-28.7	15.5	-14.0	13.1	
-21.4	30.3	-6.6	22.9	
-14.0	77.0	-4.1	5.7	
15.5	86.9	-4.1	5.7	
8.2	84.4	18.0	-9.1	
27.8	84.4	22.9	0.8	
59.8	69.7	3.2	-9.1	
72.1	45.1	3.2	-1.7	
69.7	22.9	-16.4	-6.6	
69.7	32.8	-21.4	-1.7	
69.7	22.9	-23.8	5.7	
84.4	27.8	-1.7	-16.4	
69.7	32.8	-4.1	-16.4	
27.8	40.1	-14.0	-6.6	
13.1	37.7	-21.4	-6.6	
8.2	27.8	0.8	-14.0	
45.1	54.9	18.0	-4.1	
82.0	50.0	27.8	-11.5	
79.5	45.1	15.5	-16.4	
35.2	22.9	-11.5	0.8	
35.2	30.3	-4.1	-14.0	
5.7	13.1	-4.1	-1.7	
-58.3	20.5	-9.1	-11.5	
-87.8	22.9	-18.9	-9.1	
-90.2	20.5	-14.0	-14.0	
-55.8	18.0	-16.4	-4.1	
-16.4	40.1	-16.4	-9.1	
15.5	30.3	-16.4	-9.1	
5.7	27.8	-4.1	-1.7	
-4.1	35.2	-16.4	-16.4	
18.0	42.6	-31.2	-9.1	
47.5	40.1	-48.4	0.8	
52.4	35.2	-21.4	-4.1	
37.7	40.1	-28.7	-6.6	
62.3	47.5	10.6	-16.4	
72.1	52.4	5.7	5.7	
72.1	45.1	-16.4	3.2	
84.4	47.5	-18.9	-9.1	
84.4	40.1	-9.1	-16.4	
47.5	15.5	-11.5	0.8	
-6.6	18.0	10.6	18.0	
-73.0	18.0	15.5	10.6	
-82.9	45.1	25.4	0.8	
-23.8	25.4	18.0	-4.1	
42.6	20.5	5.7	3.2	
59.8	20.5	8.2	3.2	
37.7	35.2	8.2	5.7	
-4.1	30.3	5.7	-4.1	
-41.0	30.3	0.8	5.7	
-68.1	18.0	-16.4	5.7	
-70.6	37.7	-9.1	3.2	
-43.5	32.8	-9.1	-1.7	
-11.5	37.7	-14.0	18.0	
-9.1	30.3	-16.4	20.5	
-21.4	37.7	-21.4	10.6	
-28.7	37.7	-14.0	-1.7	
-41.0	8.2	0.8	5.7	
-33.7	13.1	-1.7	15.5	
-16.4	18.0	-4.1	32.8	
-11.5	32.8	-1.7	18.0	
18.0	42.6	0.8	3.2	
32.8	32.8	-4.1	-21.4	
42.6	37.7	18.0	-11.5	
54.9	40.1	35.2	-16.4	
52.4	32.8	0.8	-14.0	
47.5	30.3	-33.7	8.2	
42.6	25.4	-38.6	-4.1	
18.0	15.5	-36.1	5.7	
13.1	27.8	-14.0	0.8	
30.3	27.8	25.4	-14.0	
18.0	37.7	25.4	-4.1	
25.4	30.3	15.5	-18.9	
20.5	37.7	32.8	-18.9	
20.5	30.3	52.4	-4.1	
18.0	32.8	45.1	-11.5	
45.1	18.0	20.5	-1.7	
47.5	35.2	3.2	-18.9	
37.7	27.8	-6.6	5.7	
35.2	37.7	-33.7	3.2	
22.9	22.9	-21.4	3.2	
-6.6	32.8	-31.2	-28.7	
-31.2	35.2	-23.8	-28.7	
-9.1	27.8	18.0	-36.1	
20.5	37.7	18.0	-16.4	
37.7	37.7	25.4	-18.9	
52.4	40.1	45.1	-9.1	
69.7	35.2	64.7	10.6	
82.0	22.9	57.4	10.6	
64.7	25.4	40.1	13.1	
59.8	22.9	27.8	35.2	
45.1	30.3	25.4	18.0	
22.9	25.4	-1.7	-41.0	
30.3	25.4	-33.7	-31.2	
25.4	30.3	-50.9	-14.0	
3.2	40.1	-33.7	-1.7	
-16.4	37.7	-1.7	0.8	
-6.6	37.7	18.0	-4.1	
3.2	37.7	35.2	10.6	
-4.1	32.8	62.3	15.5	
-23.8	27.8	79.5	22.9	
-11.5	37.7	84.4	20.5	
-14.0	27.8	40.1	18.0	
-9.1	25.4	27.8	37.7	
5.7	27.8	35.2	25.4	
15.5	15.5	62.3	25.4	
62.3	30.3	35.2	35.2	
57.4	30.3	15.5	27.8	
106.6	22.9	-18.9	25.4	
148.4	18.0	-11.5	20.5	
136.1	30.3	20.5	10.6	
101.6	30.3	37.7	5.7	
30.3	18.0	42.6	0.8	
-55.8	20.5	40.1	-16.4	
-80.4	32.8	18.0	-9.1	
-80.4	30.3	13.1	5.7	
-80.4	25.4	15.5	8.2	
-70.6	30.3	20.5	3.2	
-60.7	25.4	30.3	18.0	
-38.6	32.8	22.9	10.6	
-9.1	20.5	50.0	8.2	
-28.7	30.3	25.4	10.6	
-26.3	18.0	40.1	8.2	
-14.0	25.4	35.2	13.1	
-9.1	18.0	32.8	30.3	
10.6	35.2	25.4	20.5	
3.2	32.8	5.7	18.0	
45.1	27.8	0.8	22.9	
89.3	35.2	8.2	18.0	
94.3	25.4	5.7	0.8	
104.1	32.8	-1.7	10.6	
91.8	25.4	10.6	13.1	
101.6	32.8	-4.1	30.3	
52.4	27.8	15.5	3.2	
-65.6	32.8	20.5	10.6	
-166.5	35.2	20.5	0.8	
-161.6	30.3	42.6	0.8	
-95.2	22.9	59.8	-1.7	
-55.8	20.5	47.5	5.7	
8.2	15.5	35.2	-1.7	
30.3	30.3	59.8	3.2	
72.1	20.5	54.9	-14.0	
54.9	30.3	50.0	-11.5	
18.0	30.3	42.6	0.8	
-36.1	40.1	15.5	0.8	
-68.1	35.2	5.7	-4.1	
-46.0	32.8	25.4	-14.0	
-6.6	13.1	0.8	-14.0	
18.0	3.2	-6.6	-6.6	
32.8	8.2	0.8	-16.4	
64.7	20.5	40.1	-16.4	
79.5	10.6	69.7	-18.9	
77.0	15.5	64.7	-21.4	
67.2	32.8	40.1	-14.0	
40.1	35.2	25.4	-18.9	
10.6	27.8	0.8	-14.0	
-28.7	15.5	-26.3	-21.4	
-50.9	35.2	-55.8	-9.1	
-31.2	42.6	-65.6	-4.1	
-48.4	45.1	-16.4	-9.1	
-48.4	42.6	-23.8	18.0	
-14.0	50.0	-14.0	13.1	
8.2	37.7	0.8	42.6	
18.0	18.0	13.1	82.0	
32.8	22.9	40.1	64.7	
32.8	18.0	52.4	91.8	
10.6	18.0	32.8	77.0	
20.5	27.8	0.8	8.2	
35.2	37.7	3.2	-100.1	
45.1	54.9	-1.7	-169.0	
50.0	64.7	-16.4	-129.6	
47.5	27.8	-41.0	-92.7	
64.7	25.4	-21.4	-26.3	
52.4	25.4	-6.6	-11.5	
50.0	27.8	-11.5	-11.5	
79.5	45.1	-9.1	-23.8	
123.8	20.5	35.2	-23.8	
128.7	5.7	59.8	-23.8	
126.2	-11.5	30.3	-21.4	
106.6	-9.1	-6.6	-14.0	
25.4	62.3	-18.9	0.8	
-41.0	57.4	-4.1	8.2	
-68.1	40.1	0.8	8.2	
-100.1	52.4	20.5	8.2	
-102.5	54.9	10.6	15.5	
-97.6	35.2	-1.7	10.6	
-50.9	27.8	-6.6	15.5	
-21.4	45.1	-26.3	18.0	
5.7	40.1	-16.4	15.5	
10.6	22.9	25.4	27.8	
35.2	32.8	20.5	32.8	
59.8	27.8	-6.6	45.1	
54.9	30.3	5.7	72.1	
57.4	32.8	-21.4	82.0	
42.6	47.5	-14.0	72.1	
42.6	40.1	-1.7	69.7	
62.3	47.5	10.6	18.0	
62.3	42.6	5.7	-6.6	
57.4	35.2	5.7	-50.9	
32.8	32.8	-11.5	-4.1	
3.2	27.8	-1.7	-23.8	
25.4	27.8	-4.1	-9.1	
69.7	27.8	-4.1	8.2	
67.2	32.8	-4.1	10.6	
74.6	22.9	-14.0	20.5	
79.5	-4.1	-16.4	22.9	
86.9	-4.1	8.2	30.3	
54.9	10.6	5.7	20.5	
3.2	27.8	15.5	20.5	
-26.3	32.8	37.7	22.9	
-63.2	27.8	37.7	18.0	
-21.4	27.8	37.7	5.7	
-4.1	13.1	40.1	8.2	
22.9	32.8	25.4	3.2	
40.1	32.8	5.7	13.1	
5.7	25.4	15.5	25.4	
-31.2	13.1	22.9	18.0	
-18.9	22.9	57.4	13.1	
-4.1	22.9	74.6	22.9	
-1.7	32.8	50.0	22.9	
-4.1	40.1	30.3	8.2	
-36.1	40.1	27.8	0.8	
-100.1	25.4	27.8	5.7	
-173.9	40.1	37.7	13.1	
-183.7	42.6	42.6	3.2	
-139.4	35.2	47.5	5.7	
-95.2	27.8	37.7	-4.1	
-6.6	22.9	35.2	10.6	
45.1	18.0	27.8	0.8	
74.6	27.8	22.9	0.8	
47.5	30.3	30.3	-6.6	
22.9	37.7	25.4	-9.1	
20.5	32.8	-16.4	-9.1	
3.2	35.2	8.2	-9.1	
-1.7	18.0	20.5	-4.1	
-4.1	22.9	22.9	-11.5	
-14.0	20.5	0.8	0.8	
-23.8	35.2	-6.6	-4.1	
13.1	25.4	5.7	0.8	
32.8	0.8	-1.7	-4.1	
27.8	18.0	8.2	-18.9	
42.6	18.0	0.8	-1.7	
35.2	30.3	3.2	-6.6	
42.6	25.4	-11.5	8.2	
52.4	13.1	0.8	-4.1	
47.5	15.5	-21.4	5.7	
45.1	32.8	-11.5	3.2	
45.1	27.8	-9.1	-11.5	
62.3	35.2	8.2	-4.1	
67.2	25.4	22.9	-9.1	
62.3	35.2	0.8	-6.6	
50.0	20.5	-16.4	-11.5	
35.2	37.7	-36.1	-1.7	
-6.6	27.8	-43.5	-11.5	
-21.4	25.4	-33.7	-6.6	
-4.1	30.3	-38.6	-14.0	
3.2	15.5	-36.1	3.2	
-4.1	15.5	-53.3	-4.1	
8.2	8.2	-82.9	-9.1	
18.0	20.5	-53.3	0.8	
32.8	18.0	-31.2	5.7	
27.8	30.3	-18.9	0.8	
15.5	54.9	-26.3	-11.5	
20.5	52.4	-38.6	-9.1	
25.4	45.1	-28.7	-4.1	
25.4	45.1	-41.0	-4.1	
32.8	37.7	-60.7	-1.7	
25.4	45.1	-70.6	-9.1	
45.1	54.9	-50.9	0.8	
40.1	40.1	-53.3	10.6	
50.0	13.1	-53.3	3.2	
45.1	18.0	-26.3	-4.1	
59.8	30.3	-36.1	-6.6	
35.2	32.8	-33.7	0.8	
5.7	22.9	-46.0	-4.1	
-9.1	18.0	-65.6	3.2	
20.5	32.8	-38.6	-11.5	
32.8	40.1	-28.7	0.8	
32.8	27.8	-41.0	0.8	
32.8	35.2	-41.0	-4.1	
5.7	30.3	-41.0	0.8	
-31.2	25.4	-43.5	0.8	
-28.7	25.4	-43.5	3.2	
-23.8	35.2	-55.8	5.7	
8.2	47.5	-68.1	-4.1	
42.6	37.7	-80.4	0.8	
52.4	54.9	-63.2	3.2	
69.7	45.1	-23.8	-1.7	
69.7	30.3	-16.4	-4.1	
67.2	45.1	-23.8	-11.5	
42.6	30.3	-26.3	8.2	
5.7	25.4	-41.0	-4.1	
-36.1	32.8	-33.7	-11.5	
-38.6	27.8	-26.3	-4.1	
-53.3	50.0	-11.5	-4.1	
-31.2	40.1	-4.1	-1.7	
-14.0	40.1	5.7	-6.6	
18.0	35.2	13.1	0.8	
32.8	37.7	10.6	-6.6	
45.1	25.4	18.0	5.7	
42.6	30.3	5.7	-1.7	
37.7	40.1	-11.5	-4.1	
54.9	25.4	-26.3	0.8	
69.7	22.9	-9.1	3.2	
86.9	32.8	-48.4	-4.1	
79.5	35.2	-38.6	-1.7	
116.4	35.2	15.5	-6.6	
168.1	32.8	57.4	-6.6	
158.2	25.4	22.9	-18.9	
89.3	25.4	10.6	-4.1	
8.2	40.1	0.8	-9.1	
-43.5	37.7	0.8	-14.0	
-102.5	30.3	-1.7	-6.6	
-146.8	40.1	-14.0	-9.1	
-191.1	27.8	-4.1	-4.1	
-272.3	35.2	3.2	0.8	
-247.7	32.8	-9.1	0.8	
-161.6	35.2	-18.9	-11.5	
-70.6	27.8	-9.1	-4.1	
-11.5	40.1	8.2	-9.1	
8.2	35.2	22.9	3.2	
18.0	37.7	18.0	0.8	
18.0	32.8	25.4	-4.1	
37.7	47.5	40.1	3.2	
32.8	50.0	45.1	-4.1	
50.0	42.6	74.6	3.2	
59.8	37.7	64.7	-4.1	
59.8	37.7	52.4	0.8	
32.8	35.2	40.1	5.7	
40.1	35.2	59.8	10.6	
52.4	40.1	74.6	0.8	
74.6	32.8	74.6	-16.4	
89.3	35.2	82.0	-18.9	
113.9	27.8	74.6	-14.0	
126.2	30.3	69.7	0.8	
118.9	25.4	35.2	3.2	
86.9	13.1	45.1	-1.7	
47.5	18.0	40.1	-4.1	
-48.4	18.0	45.1	-1.7	
-122.2	35.2	67.2	-4.1	
-107.5	30.3	57.4	3.2	
-80.4	32.8	40.1	5.7	
-107.5	40.1	42.6	13.1	
-85.3	37.7	59.8	5.7	
-50.9	32.8	72.1	8.2	
-36.1	10.6	54.9	8.2	
-6.6	0.8	54.9	0.8	
8.2	22.9	50.0	5.7	
42.6	18.0	27.8	-4.1	
67.2	25.4	30.3	-9.1	
79.5	30.3	18.0	-9.1	
69.7	40.1	18.0	3.2	
79.5	37.7	25.4	18.0	
47.5	32.8	47.5	8.2	
35.2	35.2	25.4	-1.7	
15.5	27.8	40.1	-1.7	
35.2	32.8	54.9	-9.1	
45.1	37.7	77.0	-21.4	
32.8	42.6	74.6	-6.6	
54.9	42.6	35.2	0.8	
35.2	32.8	37.7	-4.1	
25.4	25.4	10.6	-1.7	
-14.0	35.2	20.5	-4.1	
-33.7	27.8	5.7	-4.1	
-4.1	42.6	-11.5	-6.6	
-16.4	35.2	3.2	-14.0	
-11.5	30.3	-1.7	-18.9	
-21.4	25.4	-14.0	-1.7	
3.2	27.8	-1.7	-1.7	
32.8	25.4	27.8	10.6	
40.1	32.8	27.8	3.2	
32.8	32.8	42.6	-1.7	
30.3	15.5	47.5	-6.6	
8.2	30.3	45.1	-1.7	
20.5	45.1	40.1	-11.5	
25.4	30.3	32.8	0.8	
22.9	25.4	20.5	3.2	
13.1	20.5	32.8	-1.7	
15.5	27.8	30.3	0.8	
15.5	52.4	25.4	8.2	
13.1	52.4	32.8	-14.0	
27.8	45.1	32.8	-1.7	
30.3	40.1	20.5	-11.5	
27.8	25.4	10.6	-1.7	
47.5	40.1	8.2	-14.0	
47.5	35.2	3.2	5.7	
62.3	45.1	5.7	3.2	
64.7	18.0	-9.1	13.1	
57.4	18.0	-4.1	10.6	
45.1	32.8	-28.7	10.6	
20.5	32.8	-1.7	3.2	
3.2	20.5	52.4	-11.5	
-11.5	18.0	59.8	-14.0	
-23.8	37.7	42.6	-11.5	
-33.7	32.8	25.4	0.8	
-9.1	32.8	25.4	8.2	
-9.1	35.2	0.8	-11.5	
-11.5	32.8	5.7	-4.1	
3.2	35.2	18.0	8.2	
-14.0	32.8	40.1	15.5	
8.2	42.6	37.7	37.7	
-9.1	42.6	32.8	62.3	
-14.0	45.1	45.1	82.0	
-14.0	50.0	47.5	94.3	
-16.4	47.5	22.9	67.2	
-1.7	37.7	32.8	47.5	
15.5	37.7	45.1	13.1	
25.4	37.7	22.9	-50.9	
54.9	37.7	-6.6	-82.9	
62.3	35.2	-16.4	-48.4	
64.7	27.8	-4.1	-16.4	
52.4	42.6	-28.7	-14.0	
42.6	20.5	-11.5	-55.8	
18.0	20.5	13.1	-58.3	
5.7	18.0	18.0	-58.3	
-33.7	25.4	20.5	-31.2	
-31.2	25.4	0.8	8.2	
-23.8	25.4	-14.0	5.7	
-21.4	35.2	0.8	0.8	
10.6	35.2	27.8	5.7	
57.4	37.7	-1.7	0.8	
77.0	40.1	-23.8	10.6	
84.4	37.7	0.8	5.7	
84.4	18.0	-16.4	13.1	
99.2	20.5	-1.7	20.5	
86.9	20.5	5.7	22.9	
79.5	18.0	8.2	27.8	
79.5	5.7	-1.7	27.8	
104.1	3.2	10.6	20.5	
89.3	-1.7	-9.1	8.2	
77.0	-16.4	-28.7	3.2	
-11.5	-4.1	-63.2	8.2	
-77.9	5.7	-21.4	15.5	
-117.3	8.2	3.2	20.5	
-146.8	18.0	0.8	18.0	
-119.8	27.8	-1.7	22.9	
-43.5	22.9	-4.1	32.8	
15.5	27.8	13.1	18.0	
47.5	18.0	0.8	22.9	
40.1	13.1	-14.0	25.4	
-28.7	10.6	-14.0	20.5	
-144.4	27.8	-1.7	30.3	
-149.3	15.5	0.8	37.7	
-80.4	15.5	8.2	22.9	
-21.4	27.8	8.2	18.0	
5.7	30.3	0.8	20.5	
37.7	25.4	3.2	13.1	
79.5	27.8	-21.4	18.0	
106.6	20.5	-14.0	0.8	
113.9	27.8	5.7	3.2	
91.8	45.1	25.4	0.8	
64.7	35.2	35.2	25.4	
52.4	47.5	18.0	20.5	
3.2	32.8	13.1	20.5	
-28.7	40.1	18.0	18.0	
-4.1	32.8	8.2	20.5	
15.5	27.8	-9.1	13.1	
-28.7	35.2	18.0	13.1	
-55.8	32.8	8.2	15.5	
-43.5	37.7	-18.9	13.1	
-28.7	50.0	-31.2	8.2	
-18.9	45.1	-41.0	0.8	
-4.1	57.4	-55.8	15.5	
0.8	42.6	-38.6	5.7	
15.5	32.8	-4.1	5.7	
25.4	37.7	0.8	-1.7	
47.5	35.2	52.4	3.2	
45.1	30.3	104.1	0.8	
42.6	35.2	94.3	8.2	
32.8	22.9	52.4	5.7	
32.8	32.8	13.1	-1.7	
20.5	22.9	-38.6	8.2	
20.5	30.3	-43.5	8.2	
0.8	27.8	-23.8	-4.1	
25.4	27.8	3.2	-4.1	
45.1	32.8	13.1	0.8	
42.6	32.8	10.6	13.1	
30.3	45.1	-9.1	3.2	
20.5	54.9	-14.0	8.2	
30.3	47.5	-11.5	8.2	
18.0	37.7	-4.1	8.2	
15.5	37.7	3.2	13.1	
13.1	15.5	-21.4	3.2	
10.6	40.1	-23.8	10.6	
0.8	27.8	-23.8	-6.6	
-9.1	20.5	-18.9	8.2	
-33.7	20.5	-36.1	-1.7	
-53.3	15.5	-21.4	3.2	
-28.7	25.4	-21.4	3.2	
-4.1	25.4	-18.9	-1.7	
13.1	25.4	-16.4	5.7	
45.1	35.2	-21.4	0.8	
47.5	50.0	5.7	5.7	
37.7	35.2	22.9	-4.1	
47.5	37.7	15.5	15.5	
47.5	40.1	0.8	15.5	
22.9	37.7	-1.7	13.1	
3.2	25.4	25.4	15.5	
-26.3	22.9	25.4	10.6	
-6.6	32.8	18.0	13.1	
5.7	30.3	18.0	8.2	
27.8	37.7	18.0	13.1	
37.7	32.8	8.2	5.7	
40.1	35.2	5.7	13.1	
25.4	25.4	10.6	10.6	
13.1	50.0	-1.7	3.2	
-23.8	42.6	-28.7	10.6	
-36.1	30.3	-23.8	8.2	
-31.2	32.8	-16.4	-6.6	
-11.5	25.4	-31.2	0.8	
-4.1	22.9	-16.4	-6.6	
18.0	27.8	-1.7	10.6	
22.9	37.7	5.7	-1.7	
30.3	54.9	30.3	-4.1	
57.4	42.6	27.8	-1.7	
52.4	42.6	5.7	10.6	
47.5	40.1	-16.4	-4.1	
40.1	40.1	-21.4	3.2	
42.6	40.1	-11.5	0.8	
20.5	30.3	-36.1	3.2	
-21.4	40.1	-28.7	-9.1	
-21.4	13.1	-18.9	5.7	
-1.7	32.8	-23.8	5.7	
-1.7	27.8	-4.1	-1.7	
18.0	25.4	-1.7	3.2	
18.0	27.8	42.6	8.2	
22.9	35.2	62.3	-6.6	
25.4	27.8	50.0	5.7	
37.7	35.2	25.4	-9.1	
47.5	27.8	18.0	-4.1	
45.1	40.1	15.5	0.8	
57.4	27.8	3.2	-9.1	
50.0	35.2	8.2	3.2	
37.7	30.3	-11.5	-6.6	
30.3	37.7	-16.4	3.2	
5.7	37.7	-4.1	3.2	
-38.6	27.8	5.7	3.2	
-11.5	30.3	32.8	-4.1	
-4.1	32.8	57.4	3.2	
-11.5	27.8	50.0	5.7	
8.2	37.7	42.6	13.1	
18.0	30.3	42.6	8.2	
45.1	27.8	47.5	5.7	
86.9	30.3	57.4	5.7	
118.9	22.9	52.4	0.8	
111.5	35.2	57.4	-1.7	
89.3	35.2	42.6	13.1	
62.3	32.8	42.6	3.2	
40.1	32.8	32.8	-1.7	
3.2	22.9	32.8	10.6	
-50.9	32.8	59.8	18.0	
-77.9	30.3	84.4	10.6	
-75.5	32.8	106.6	0.8	
-68.1	37.7	86.9	3.2	
-26.3	40.1	74.6	10.6	
-26.3	32.8	79.5	13.1	
-6.6	37.7	67.2	15.5	
-23.8	25.4	52.4	18.0	
18.0	35.2	52.4	5.7	
86.9	25.4	62.3	15.5	
82.0	18.0	40.1	22.9	
15.5	32.8	57.4	18.0	
-11.5	25.4	40.1	27.8	
-26.3	18.0	42.6	22.9	
-38.6	18.0	62.3	20.5	
-28.7	22.9	69.7	18.0	
8.2	20.5	54.9	13.1	
-6.6	32.8	50.0	15.5	
25.4	37.7	35.2	13.1	
45.1	50.0	30.3	20.5	
109.0	45.1	32.8	18.0	
106.6	54.9	50.0	8.2	
69.7	52.4	50.0	8.2	
13.1	42.6	42.6	-1.7	
-43.5	25.4	84.4	3.2	
-38.6	42.6	72.1	8.2	
-63.2	27.8	52.4	15.5	
-144.4	25.4	54.9	5.7	
-210.8	27.8	22.9	8.2	
-159.1	18.0	-1.7	15.5	
-85.3	40.1	-18.9	18.0	
-36.1	35.2	-31.2	15.5	
15.5	32.8	-41.0	25.4	
40.1	20.5	-9.1	18.0	
59.8	18.0	20.5	22.9	
62.3	15.5	54.9	3.2	
54.9	47.5	50.0	8.2	
47.5	57.4	96.7	10.6	
32.8	37.7	79.5	-9.1	
15.5	25.4	77.0	3.2	
-21.4	54.9	62.3	-14.0	
-28.7	57.4	54.9	-4.1	
3.2	50.0	35.2	-16.4	
5.7	25.4	0.8	-9.1	
25.4	50.0	5.7	3.2	
27.8	35.2	20.5	-9.1	
35.2	37.7	8.2	-6.6	
40.1	25.4	-21.4	-14.0	
40.1	27.8	-14.0	-4.1	
27.8	27.8	-14.0	5.7	
27.8	22.9	-16.4	-6.6	
32.8	27.8	-1.7	0.8	
32.8	37.7	5.7	-11.5	
35.2	22.9	-1.7	3.2	
35.2	10.6	-28.7	-6.6	
35.2	5.7	-53.3	5.7	
27.8	18.0	-60.7	-6.6	
30.3	30.3	-38.6	-11.5	
32.8	22.9	-26.3	-1.7	
32.8	32.8	-16.4	-9.1	
32.8	25.4	-26.3	-1.7	
35.2	25.4	-9.1	-1.7	
35.2	18.0	-18.9	-4.1	
35.2	13.1	-11.5	-6.6	
22.9	27.8	-6.6	-4.1	
30.3	20.5	-18.9	5.7	
27.8	20.5	-33.7	0.8	
20.5	27.8	-23.8	5.7	
20.5	22.9	-14.0	5.7	
35.2	37.7	-21.4	5.7	
42.6	40.1	-31.2	5.7	
22.9	37.7	-16.4	0.8	
27.8	45.1	-31.2	3.2	
22.9	35.2	-21.4	8.2	
10.6	27.8	-28.7	-14.0	
-1.7	25.4	-26.3	-9.1	
-4.1	25.4	-16.4	-14.0	
15.5	22.9	-1.7	-9.1	
40.1	20.5	-41.0	-9.1	
50.0	18.0	-46.0	-6.6	
59.8	27.8	-46.0	0.8	
59.8	35.2	-14.0	-4.1	
77.0	20.5	-6.6	5.7	
59.8	37.7	-16.4	-4.1	
40.1	37.7	-16.4	0.8	
25.4	27.8	-1.7	13.1	
8.2	30.3	-4.1	5.7	
15.5	37.7	-21.4	0.8	
0.8	35.2	-9.1	0.8	
-6.6	37.7	-4.1	-9.1	
0.8	30.3	-6.6	8.2	
13.1	27.8	-14.0	0.8	
30.3	22.9	5.7	-1.7	
22.9	25.4	13.1	-1.7	
40.1	27.8	52.4	0.8	
79.5	27.8	22.9	-1.7	
113.9	18.0	-9.1	3.2	
145.9	18.0	-11.5	0.8	
187.7	30.3	-9.1	5.7	
170.5	27.8	5.7	-9.1	
69.7	18.0	-6.6	10.6	
-63.2	30.3	-9.1	5.7	
-144.4	25.4	-6.6	-4.1	
-134.5	40.1	15.5	-6.6	
-73.0	27.8	-6.6	0.8	
-70.6	35.2	18.0	3.2	
-60.7	35.2	20.5	-6.6	
8.2	35.2	-14.0	-1.7	
72.1	30.3	-31.2	8.2	
77.0	22.9	13.1	3.2	
72.1	32.8	86.9	15.5	
40.1	25.4	131.2	13.1	
-14.0	27.8	138.5	10.6	
-129.6	25.4	121.3	15.5	
-240.3	27.8	118.9	8.2	
-269.8	22.9	126.2	5.7	
-196.0	32.8	109.0	8.2	
-92.7	27.8	89.3	3.2	
5.7	27.8	72.1	0.8	
37.7	27.8	59.8	3.2	
57.4	27.8	50.0	-4.1	
32.8	32.8	37.7	5.7	
10.6	27.8	62.3	-1.7	
-16.4	25.4	79.5	10.6	
-55.8	30.3	74.6	5.7	
-55.8	40.1	91.8	0.8	
-14.0	30.3	84.4	3.2	
18.0	35.2	77.0	5.7	
8.2	42.6	79.5	5.7	
10.6	30.3	67.2	-4.1	
8.2	30.3	77.0	8.2	
13.1	32.8	67.2	18.0	
22.9	27.8	62.3	13.1	
8.2	27.8	67.2	18.0	
-14.0	25.4	57.4	8.2	
22.9	40.1	79.5	13.1	
27.8	30.3	77.0	13.1	
42.6	20.5	72.1	13.1	
67.2	25.4	72.1	3.2	
74.6	22.9	64.7	18.0	
106.6	30.3	30.3	10.6	
121.3	32.8	54.9	-6.6	
111.5	15.5	47.5	3.2	
84.4	5.7	47.5	22.9	
54.9	0.8	57.4	15.5	
3.2	8.2	42.6	3.2	
-23.8	-18.9	62.3	15.5	
-48.4	-38.6	82.0	0.8	
-77.9	-36.1	84.4	-1.7	
-53.3	-28.7	79.5	18.0	
-16.4	18.0	67.2	20.5	
3.2	64.7	64.7	10.6	
27.8	59.8	57.4	-1.7	
37.7	50.0	37.7	3.2	
37.7	82.0	27.8	8.2	
47.5	72.1	40.1	10.6	
72.1	82.0	27.8	5.7	
91.8	82.0	27.8	10.6	
64.7	62.3	18.0	-6.6	
67.2	37.7	40.1	8.2	
52.4	27.8	35.2	-1.7	
3.2	20.5	32.8	3.2	
-43.5	37.7	15.5	13.1	
-31.2	62.3	-14.0	13.1	
-14.0	84.4	-33.7	13.1	
10.6	57.4	-16.4	15.5	
18.0	42.6	-4.1	13.1	
15.5	27.8	8.2	18.0	
0.8	37.7	15.5	8.2	
3.2	18.0	20.5	5.7	
-16.4	20.5	20.5	3.2	
-9.1	22.9	5.7	18.0	
3.2	30.3	-6.6	13.1	
13.1	25.4	-11.5	27.8	
35.2	20.5	-31.2	25.4	
50.0	18.0	-31.2	25.4	
59.8	22.9	-43.5	20.5	
67.2	18.0	-48.4	8.2	
59.8	18.0	-63.2	13.1	
62.3	32.8	-53.3	20.5	
54.9	42.6	-4.1	18.0	
45.1	22.9	32.8	10.6	
42.6	20.5	15.5	5.7	
32.8	22.9	3.2	13.1	
30.3	32.8	-21.4	10.6	
42.6	18.0	-28.7	20.5	
35.2	32.8	-38.6	15.5	
40.1	35.2	-53.3	10.6	
69.7	40.1	-55.8	15.5	
74.6	20.5	-60.7	20.5	
59.8	10.6	-70.6	18.0	
52.4	25.4	-70.6	30.3	
-1.7	32.8	-53.3	18.0	
-65.6	32.8	-28.7	15.5	
-112.4	32.8	-1.7	10.6	
-102.5	20.5	-21.4	8.2	
-63.2	45.1	-46.0	20.5	
-33.7	13.1	-28.7	13.1	
35.2	22.9	-16.4	5.7	
116.4	27.8	-9.1	3.2	
173.0	37.7	-11.5	5.7	
197.6	30.3	-4.1	-1.7	
177.9	35.2	3.2	-1.7	
141.0	35.2	-14.0	13.1	
67.2	32.8	-26.3	10.6	
-16.4	40.1	5.7	5.7	
-85.3	37.7	-9.1	5.7	
-166.5	50.0	0.8	8.2	
-164.0	37.7	5.7	-1.7	
-70.6	40.1	-4.1	8.2	
35.2	40.1	0.8	15.5	
94.3	35.2	-21.4	10.6	
99.2	45.1	-23.8	10.6	
69.7	42.6	-6.6	0.8	
47.5	32.8	-9.1	8.2	
-26.3	35.2	22.9	-4.1	
-102.5	45.1	40.1	8.2	
-154.2	42.6	50.0	-1.7	
-191.1	42.6	47.5	-6.6	
-151.7	32.8	32.8	0.8	
-97.6	42.6	22.9	-6.6	
-53.3	35.2	22.9	5.7	
3.2	32.8	20.5	0.8	
32.8	37.7	18.0	-9.1	
86.9	47.5	-26.3	3.2	
84.4	40.1	-1.7	3.2	
74.6	35.2	5.7	-9.1	
30.3	45.1	3.2	-1.7	
32.8	40.1	0.8	5.7	
-6.6	42.6	20.5	0.8	
-41.0	37.7	-4.1	8.2	
-23.8	32.8	-41.0	0.8	
0.8	40.1	-26.3	0.8	
62.3	37.7	5.7	5.7	
86.9	32.8	-16.4	-1.7	
42.6	45.1	-4.1	-1.7	
-46.0	32.8	-6.6	-1.7	
-53.3	25.4	42.6	5.7	
-14.0	37.7	50.0	-1.7	
3.2	30.3	35.2	3.2	
35.2	30.3	32.8	5.7	
57.4	32.8	30.3	0.8	
40.1	27.8	27.8	-1.7	
40.1	22.9	22.9	-1.7	
37.7	27.8	5.7	0.8	
25.4	27.8	15.5	5.7	
0.8	22.9	30.3	3.2	
13.1	40.1	35.2	15.5	
25.4	30.3	35.2	13.1	
18.0	32.8	32.8	5.7	
18.0	27.8	37.7	-1.7	
22.9	35.2	25.4	-4.1	
3.2	30.3	30.3	5.7	
-18.9	20.5	27.8	-9.1	
-1.7	18.0	32.8	0.8	
0.8	22.9	32.8	5.7	
15.5	18.0	37.7	-1.7	
13.1	25.4	40.1	5.7	
18.0	32.8	40.1	5.7	
22.9	32.8	18.0	-1.7	
22.9	22.9	20.5	-9.1	
35.2	25.4	15.5	10.6	
40.1	27.8	18.0	3.2	
45.1	30.3	10.6	0.8	
42.6	20.5	13.1	0.8	
50.0	8.2	15.5	-6.6	
37.7	5.7	8.2	0.8	
37.7	5.7	22.9	5.7	
32.8	25.4	52.4	3.2	
30.3	18.0	54.9	13.1	
27.8	27.8	37.7	10.6	
20.5	35.2	3.2	8.2	
10.6	32.8	-11.5	13.1	
-1.7	35.2	-28.7	20.5	
13.1	27.8	-26.3	5.7	
35.2	47.5	-48.4	-1.7	
35.2	67.2	-31.2	-1.7	
32.8	59.8	-4.1	5.7	
30.3	50.0	45.1	8.2	
35.2	27.8	45.1	3.2	
20.5	20.5	27.8	13.1	
27.8	22.9	20.5	3.2	
22.9	22.9	22.9	-4.1	
13.1	20.5	15.5	0.8	
-4.1	20.5	13.1	8.2	
0.8	22.9	0.8	0.8	
5.7	25.4	-26.3	15.5	
10.6	25.4	-26.3	10.6	
22.9	47.5	-9.1	5.7	
20.5	32.8	-16.4	0.8	
22.9	10.6	-16.4	8.2	
30.3	18.0	-14.0	18.0	
22.9	18.0	-14.0	15.5	
25.4	22.9	-4.1	15.5	
22.9	40.1	-14.0	13.1	
15.5	25.4	-6.6	20.5	
8.2	15.5	8.2	8.2	
15.5	22.9	-4.1	-9.1	
35.2	32.8	3.2	0.8	
42.6	42.6	40.1	8.2	
52.4	45.1	32.8	-6.6	
54.9	40.1	5.7	3.2	
52.4	37.7	-18.9	13.1	
40.1	37.7	-9.1	15.5	
15.5	15.5	-1.7	5.7	
-4.1	32.8	-6.6	5.7	
8.2	25.4	-1.7	22.9	
40.1	25.4	-6.6	8.2	
64.7	25.4	37.7	15.5	
59.8	37.7	10.6	8.2	
52.4	27.8	-9.1	18.0	
25.4	22.9	-18.9	5.7	
3.2	32.8	-33.7	13.1	
-41.0	37.7	-36.1	15.5	
-77.9	27.8	-18.9	8.2	
-90.2	22.9	10.6	13.1	
-36.1	35.2	18.0	15.5	
0.8	27.8	35.2	8.2	
15.5	18.0	22.9	5.7	
27.8	20.5	20.5	0.8	
67.2	27.8	18.0	0.8	
86.9	37.7	0.8	3.2	
67.2	30.3	-11.5	5.7	
40.1	37.7	-9.1	15.5	
32.8	35.2	-1.7	22.9	
35.2	40.1	-6.6	15.5	
30.3	30.3	-38.6	18.0	
-14.0	27.8	-14.0	-6.6	
-14.0	35.2	-28.7	5.7	
27.8	30.3	8.2	3.2	
54.9	32.8	25.4	13.1	
42.6	20.5	40.1	22.9	
-14.0	42.6	50.0	20.5	
-73.0	13.1	15.5	37.7	
-53.3	35.2	-14.0	40.1	
-70.6	32.8	-23.8	20.5	
-70.6	30.3	-1.7	0.8	
-53.3	25.4	-6.6	-16.4	
3.2	27.8	-14.0	-9.1	
42.6	22.9	8.2	8.2	
47.5	22.9	8.2	5.7	
22.9	27.8	13.1	3.2	
-1.7	13.1	8.2	13.1	
-82.9	35.2	30.3	13.1	
-119.8	30.3	52.4	13.1	
-92.7	27.8	37.7	10.6	
-50.9	20.5	15.5	22.9	
-16.4	18.0	-16.4	37.7	
13.1	27.8	-38.6	35.2	
42.6	45.1	-23.8	30.3	
47.5	27.8	-11.5	18.0	
59.8	37.7	-6.6	3.2	
54.9	30.3	5.7	0.8	
64.7	32.8	35.2	-6.6	
47.5	18.0	25.4	0.8	
35.2	18.0	42.6	8.2	
20.5	32.8	37.7	13.1	
22.9	18.0	32.8	13.1	
18.0	18.0	22.9	15.5	
3.2	3.2	20.5	3.2	
0.8	0.8	10.6	0.8	
0.8	25.4	-1.7	8.2	
-28.7	42.6	-14.0	-6.6	
-16.4	32.8	35.2	-4.1	
13.1	22.9	22.9	0.8	
10.6	25.4	22.9	13.1	
18.0	18.0	22.9	10.6	
22.9	40.1	20.5	15.5	
27.8	32.8	8.2	22.9	
30.3	57.4	-26.3	22.9	
42.6	42.6	-33.7	18.0	
37.7	52.4	-28.7	25.4	
35.2	37.7	-16.4	15.5	
54.9	32.8	-14.0	15.5	
47.5	30.3	20.5	8.2	
47.5	27.8	25.4	22.9	
25.4	20.5	27.8	18.0	
13.1	15.5	20.5	15.5	
13.1	3.2	13.1	15.5	
22.9	13.1	8.2	22.9	
30.3	5.7	15.5	-4.1	
45.1	-11.5	15.5	-1.7	
57.4	-16.4	15.5	13.1	
37.7	-33.7	18.0	13.1	
45.1	-36.1	8.2	13.1	
35.2	-23.8	8.2	13.1	
-4.1	25.4	25.4	5.7	
-14.0	77.0	37.7	-6.6	
3.2	72.1	27.8	5.7	
20.5	84.4	30.3	0.8	
18.0	89.3	30.3	3.2	
15.5	77.0	22.9	0.8	
-4.1	74.6	22.9	8.2	
-23.8	62.3	8.2	10.6	
-18.9	50.0	13.1	13.1	
-4.1	30.3	-1.7	15.5	
-21.4	27.8	5.7	18.0	
-31.2	45.1	-21.4	3.2	
-26.3	37.7	-26.3	-6.6	
10.6	25.4	-26.3	-6.6	
22.9	40.1	-33.7	0.8	
20.5	30.3	-18.9	10.6	
18.0	37.7	-1.7	-4.1	
8.2	27.8	-6.6	5.7	
3.2	35.2	3.2	5.7	
-1.7	32.8	30.3	0.8	
3.2	30.3	27.8	-9.1	
62.3	22.9	15.5	13.1	
86.9	22.9	8.2	15.5	
79.5	32.8	-11.5	18.0	
72.1	20.5	-18.9	13.1	
52.4	10.6	-33.7	5.7	
18.0	27.8	-16.4	-1.7	
-31.2	27.8	-1.7	5.7	
-68.1	27.8	22.9	15.5	
-97.6	27.8	35.2	15.5	
-73.0	25.4	35.2	5.7	
-63.2	13.1	52.4	3.2	
-28.7	27.8	35.2	13.1	
-11.5	22.9	27.8	20.5	
8.2	25.4	20.5	-1.7	
22.9	22.9	0.8	-11.5	
40.1	15.5	-46.0	-1.7	
37.7	20.5	-28.7	0.8	
42.6	27.8	-1.7	30.3	
52.4	22.9	18.0	47.5	
42.6	35.2	35.2	86.9	
40.1	27.8	35.2	104.1	
32.8	42.6	22.9	113.9	
37.7	37.7	3.2	52.4	
64.7	40.1	0.8	0.8	
57.4	27.8	-9.1	-75.5	
72.1	25.4	3.2	-105.0	
52.4	37.7	-1.7	-97.6	
47.5	25.4	-1.7	-53.3	
30.3	22.9	-4.1	-36.1	
15.5	27.8	-36.1	-36.1	
0.8	27.8	-36.1	-23.8	
-33.7	32.8	-11.5	-6.6	
-41.0	37.7	-14.0	-1.7	
-41.0	40.1	-18.9	-1.7	
-26.3	30.3	-21.4	0.8	
-4.1	30.3	-11.5	-1.7	
25.4	32.8	-11.5	-4.1	
42.6	37.7	8.2	13.1	
82.0	37.7	13.1	32.8	
96.7	50.0	32.8	42.6	
52.4	42.6	57.4	77.0	
47.5	40.1	40.1	104.1	
42.6	22.9	25.4	128.7	
52.4	25.4	8.2	101.6	
69.7	37.7	-16.4	79.5	
57.4	30.3	-11.5	42.6	
52.4	37.7	-21.4	-77.9	
27.8	57.4	-43.5	-63.2	
-11.5	54.9	-38.6	-38.6	
-55.8	40.1	15.5	-43.5	
-80.4	20.5	25.4	-48.4	
-77.9	8.2	15.5	-38.6	
-60.7	3.2	20.5	-11.5	
-21.4	0.8	13.1	-11.5	
8.2	5.7	15.5	-18.9	
-11.5	-18.9	5.7	8.2	
-26.3	-58.3	5.7	3.2	
-68.1	-65.6	-18.9	35.2	
-100.1	-43.5	8.2	37.7	
-65.6	-1.7	0.8	50.0	
-9.1	15.5	-1.7	37.7	
-4.1	18.0	-18.9	50.0	
22.9	-16.4	-4.1	20.5	
25.4	-21.4	20.5	-14.0	
42.6	-1.7	20.5	-18.9	
50.0	-4.1	18.0	-21.4	
84.4	-21.4	30.3	-1.7	
91.8	-21.4	37.7	-1.7	
104.1	-9.1	35.2	22.9	
131.2	-9.1	35.2	22.9	
62.3	18.0	15.5	30.3	
5.7	67.2	-1.7	-1.7	
-41.0	86.9	0.8	3.2	
-75.5	96.7	8.2	10.6	
-77.9	74.6	3.2	8.2	
-60.7	62.3	22.9	8.2	
-60.7	40.1	30.3	10.6	
-18.9	27.8	20.5	13.1	
5.7	50.0	22.9	22.9	
15.5	25.4	-6.6	25.4	
32.8	30.3	-11.5	15.5	
27.8	27.8	3.2	10.6	
15.5	37.7	-26.3	5.7	
15.5	64.7	-36.1	15.5	
40.1	42.6	-55.8	18.0	
47.5	35.2	-36.1	15.5	
45.1	22.9	-21.4	22.9	
18.0	5.7	5.7	25.4	
10.6	20.5	22.9	20.5	
-14.0	20.5	37.7	3.2	
15.5	15.5	50.0	0.8	
45.1	32.8	20.5	5.7	
59.8	18.0	13.1	8.2	
54.9	13.1	-1.7	13.1	
62.3	27.8	-23.8	5.7	
42.6	42.6	-21.4	10.6	
45.1	64.7	-28.7	-1.7	
47.5	52.4	-18.9	10.6	
47.5	59.8	-14.0	5.7	
40.1	69.7	-1.7	5.7	
37.7	64.7	18.0	-11.5	
35.2	64.7	27.8	3.2	
25.4	74.6	30.3	20.5	
-4.1	47.5	37.7	15.5	
-43.5	35.2	32.8	3.2	
-33.7	32.8	27.8	-14.0	
-1.7	67.2	3.2	3.2	
-11.5	54.9	-4.1	22.9	
-16.4	18.0	-18.9	20.5	
-41.0	22.9	-11.5	8.2	
-6.6	42.6	-11.5	0.8	
3.2	37.7	-6.6	-11.5	
22.9	45.1	-6.6	22.9	
40.1	42.6	-11.5	27.8	
64.7	27.8	-4.1	-11.5	
42.6	25.4	20.5	-82.9	
32.8	32.8	-11.5	-41.0	
0.8	20.5	-38.6	-18.9	
-4.1	35.2	-18.9	5.7	
-11.5	32.8	-23.8	5.7	
-9.1	27.8	-21.4	-6.6	
-9.1	35.2	-6.6	8.2	
-6.6	32.8	-4.1	-26.3	
-6.6	30.3	15.5	-6.6	
3.2	37.7	40.1	8.2	
40.1	32.8	13.1	30.3	
91.8	32.8	20.5	18.0	
141.0	20.5	18.0	18.0	
180.4	15.5	42.6	-6.6	
182.8	30.3	30.3	-6.6	
148.4	40.1	30.3	0.8	
69.7	35.2	22.9	-41.0	
-4.1	20.5	22.9	-9.1	
-109.9	22.9	8.2	-1.7	
-137.0	35.2	3.2	8.2	
-156.7	40.1	-6.6	10.6	
-154.2	37.7	-9.1	-11.5	
-139.4	35.2	0.8	13.1	
-87.8	47.5	0.8	3.2	
-36.1	20.5	-1.7	-4.1	
-4.1	22.9	-6.6	0.8	
35.2	15.5	-1.7	10.6	
52.4	30.3	-6.6	10.6	
72.1	25.4	5.7	15.5	
91.8	45.1	8.2	22.9	
89.3	15.5	13.1	20.5	
99.2	22.9	15.5	15.5	
86.9	35.2	5.7	13.1	
131.2	45.1	18.0	22.9	
175.4	54.9	20.5	13.1	
155.8	52.4	32.8	18.0	
113.9	47.5	30.3	22.9	
37.7	35.2	35.2	15.5	
-43.5	32.8	35.2	18.0	
-90.2	35.2	18.0	8.2	
-87.8	40.1	5.7	0.8	
-75.5	52.4	-55.8	5.7	
-85.3	45.1	-41.0	8.2	
-58.3	35.2	-28.7	10.6	
0.8	35.2	-48.4	-9.1	
-4.1	27.8	0.8	-6.6	
-73.0	25.4	0.8	3.2	
-181.3	37.7	13.1	15.5	
-186.2	67.2	40.1	20.5	
-109.9	62.3	8.2	5.7	
-43.5	45.1	3.2	-1.7	
-9.1	18.0	30.3	15.5	
15.5	27.8	40.1	13.1	
50.0	-4.1	32.8	25.4	
64.7	-18.9	27.8	27.8	
72.1	-55.8	42.6	22.9	
52.4	-33.7	52.4	37.7	
37.7	0.8	67.2	32.8	
8.2	-23.8	54.9	-18.9	
-4.1	18.0	45.1	-14.0	
8.2	35.2	25.4	18.0	
22.9	-1.7	0.8	-9.1	
15.5	-16.4	-4.1	-9.1	
52.4	10.6	0.8	-11.5	
101.6	32.8	-14.0	-4.1	
128.7	45.1	-31.2	-11.5	
113.9	30.3	-31.2	0.8	
111.5	15.5	-21.4	5.7	
79.5	22.9	8.2	10.6	
69.7	30.3	5.7	22.9	
64.7	30.3	-4.1	8.2	
52.4	35.2	-4.1	10.6	
54.9	42.6	3.2	8.2	
22.9	37.7	-4.1	5.7	
3.2	25.4	-14.0	8.2	
20.5	20.5	-9.1	10.6	
30.3	25.4	15.5	15.5	
64.7	3.2	45.1	8.2	
77.0	-9.1	57.4	8.2	
69.7	-36.1	8.2	5.7	
67.2	-14.0	-16.4	10.6	
64.7	30.3	-16.4	15.5	
42.6	50.0	-18.9	-4.1	
13.1	32.8	-14.0	18.0	
-14.0	37.7	3.2	20.5	
-23.8	30.3	8.2	0.8	
-33.7	-1.7	-9.1	0.8	
-28.7	18.0	0.8	10.6	
8.2	32.8	15.5	0.8	
27.8	13.1	-4.1	0.8	
35.2	3.2	27.8	0.8	
18.0	13.1	35.2	8.2	
8.2	22.9	3.2	13.1	
18.0	15.5	3.2	20.5	
13.1	3.2	20.5	3.2	
15.5	3.2	25.4	-9.1	
30.3	8.2	25.4	-9.1	
40.1	-14.0	8.2	-11.5	
47.5	5.7	5.7	3.2	
25.4	15.5	0.8	-9.1	
35.2	37.7	-4.1	-6.6	
30.3	40.1	3.2	-6.6	
25.4	47.5	-1.7	8.2	
30.3	57.4	-4.1	8.2	
32.8	30.3	-1.7	-1.7	
47.5	35.2	-1.7	-4.1	
47.5	30.3	-14.0	-1.7	
50.0	22.9	-14.0	-4.1	
30.3	10.6	-18.9	3.2	
30.3	15.5	-11.5	3.2	
18.0	27.8	-1.7	5.7	
0.8	27.8	-14.0	8.2	
3.2	18.0	-14.0	18.0	
-1.7	20.5	-11.5	25.4	
-16.4	18.0	-4.1	8.2	
3.2	18.0	0.8	8.2	
32.8	8.2	-9.1	5.7	
45.1	18.0	5.7	-9.1	
45.1	20.5	-4.1	-9.1	
57.4	20.5	8.2	-6.6	
45.1	30.3	8.2	-9.1	
57.4	20.5	0.8	-4.1	
72.1	18.0	-9.1	5.7	
69.7	18.0	0.8	0.8	
52.4	22.9	-1.7	3.2	
27.8	13.1	-1.7	-4.1	
0.8	20.5	-11.5	-6.6	
5.7	-1.7	-6.6	5.7	
-26.3	-9.1	-9.1	0.8	
-11.5	18.0	-1.7	8.2	
-31.2	15.5	3.2	-1.7	
-9.1	35.2	-1.7	0.8	
0.8	47.5	0.8	8.2	
10.6	27.8	3.2	3.2	
3.2	27.8	-4.1	0.8	
10.6	59.8	0.8	-11.5	
-1.7	52.4	-9.1	5.7	
-1.7	52.4	-18.9	0.8	
18.0	42.6	-1.7	-9.1	
32.8	30.3	-4.1	-1.7	
25.4	8.2	-1.7	0.8	
27.8	0.8	-4.1	0.8	
35.2	8.2	5.7	-1.7	
32.8	22.9	-1.7	-6.6	
22.9	35.2	-4.1	-4.1	
-21.4	42.6	10.6	3.2	
-38.6	52.4	8.2	5.7	
8.2	47.5	13.1	-1.7	
57.4	22.9	15.5	-6.6	
121.3	18.0	22.9	0.8	
148.4	35.2	18.0	0.8	
145.9	52.4	0.8	18.0	
131.2	62.3	-9.1	-6.6	
123.8	67.2	-26.3	0.8	
96.7	42.6	-46.0	-9.1	
50.0	13.1	-18.9	0.8	
-23.8	5.7	-11.5	-16.4	
-65.6	3.2	-6.6	-14.0	
-26.3	22.9	-11.5	-16.4	
5.7	25.4	-1.7	-4.1	
-36.1	27.8	15.5	-14.0	
-159.1	40.1	40.1	-11.5	
-215.7	42.6	37.7	-9.1	
-173.9	52.4	27.8	-11.5	
-80.4	54.9	18.0	-1.7	
-23.8	50.0	22.9	-9.1	
-16.4	45.1	13.1	-9.1	
-31.2	57.4	18.0	-9.1	
-21.4	67.2	35.2	-4.1	
-21.4	45.1	10.6	-4.1	
-4.1	35.2	25.4	-9.1	
18.0	22.9	37.7	-9.1	
37.7	-11.5	32.8	-14.0	
20.5	-41.0	32.8	-14.0	
3.2	-36.1	20.5	-4.1	
30.3	-18.9	40.1	-16.4	
57.4	-4.1	54.9	-9.1	
62.3	15.5	27.8	-14.0	
67.2	32.8	13.1	-21.4	
64.7	32.8	13.1	-4.1	
62.3	15.5	-11.5	-11.5	
62.3	3.2	-4.1	-11.5	
59.8	-6.6	-41.0	-11.5	
40.1	22.9	-36.1	-9.1	
-16.4	30.3	-1.7	-21.4	
-68.1	3.2	32.8	-1.7	
-87.8	5.7	40.1	-6.6	
-77.9	25.4	42.6	-9.1	
-41.0	13.1	20.5	-1.7	
-23.8	25.4	15.5	-1.7	
-9.1	40.1	5.7	-9.1	
5.7	40.1	-6.6	-4.1	
8.2	25.4	-18.9	0.8	
10.6	45.1	5.7	-6.6	
35.2	47.5	8.2	0.8	
27.8	22.9	8.2	-4.1	
37.7	8.2	20.5	0.8	
42.6	22.9	8.2	-4.1	
45.1	35.2	0.8	0.8	
37.7	30.3	15.5	10.6	
54.9	18.0	25.4	0.8	
47.5	27.8	8.2	3.2	
37.7	25.4	5.7	3.2	
25.4	40.1	15.5	10.6	
27.8	37.7	8.2	3.2	
40.1	27.8	-4.1	10.6	
32.8	15.5	-11.5	10.6	
25.4	0.8	-18.9	5.7	
30.3	-11.5	-23.8	8.2	
10.6	-21.4	-6.6	0.8	
-1.7	5.7	8.2	8.2	
-1.7	5.7	0.8	-6.6	
-4.1	8.2	-9.1	3.2	
10.6	27.8	-21.4	3.2	
27.8	37.7	-9.1	5.7	
32.8	27.8	-14.0	-4.1	
35.2	30.3	-9.1	-6.6	
30.3	42.6	-14.0	3.2	
32.8	40.1	-33.7	5.7	
40.1	10.6	-9.1	0.8	
13.1	27.8	-23.8	-1.7	
18.0	25.4	-23.8	-4.1	
10.6	13.1	-28.7	-4.1	
15.5	10.6	-26.3	-1.7	
10.6	5.7	-6.6	0.8	
3.2	13.1	-18.9	3.2	
8.2	22.9	3.2	13.1	
8.2	18.0	-36.1	10.6	
20.5	40.1	-36.1	8.2	
22.9	22.9	-16.4	5.7	
30.3	25.4	-9.1	10.6	
32.8	25.4	-4.1	18.0	
32.8	20.5	-23.8	77.0	
27.8	22.9	-16.4	67.2	
18.0	50.0	-11.5	57.4	
40.1	57.4	-9.1	62.3	
57.4	35.2	0.8	62.3	
67.2	32.8	-11.5	-21.4	
59.8	0.8	-21.4	-134.5	
57.4	0.8	-26.3	-100.1	
45.1	8.2	-31.2	-102.5	
15.5	27.8	-36.1	-73.0	
-6.6	30.3	-48.4	-50.9	
-41.0	52.4	-48.4	-58.3	
-38.6	52.4	-43.5	-21.4	
-38.6	30.3	-23.8	-9.1	
-21.4	30.3	-4.1	8.2	
-21.4	27.8	27.8	-1.7	
-16.4	32.8	40.1	27.8	
0.8	18.0	37.7	62.3	
-6.6	3.2	18.0	42.6	
-14.0	10.6	3.2	37.7	
-6.6	0.8	-31.2	25.4	
-14.0	8.2	-28.7	-14.0	
-11.5	20.5	-26.3	-33.7	
18.0	10.6	-14.0	-41.0	
37.7	-4.1	-23.8	-43.5	
54.9	0.8	-21.4	-33.7	
52.4	13.1	-21.4	5.7	
62.3	32.8	-18.9	22.9	
82.0	37.7	-16.4	13.1	
86.9	25.4	-16.4	20.5	
113.9	20.5	-14.0	-1.7	
150.8	30.3	-14.0	5.7	
158.2	52.4	-4.1	-6.6	
133.6	52.4	-11.5	-26.3	
101.6	54.9	-1.7	-11.5	
37.7	54.9	0.8	-4.1	
-33.7	42.6	3.2	13.1	
-55.8	32.8	0.8	15.5	
-100.1	32.8	0.8	22.9	
-122.2	30.3	-1.7	20.5	
-82.9	13.1	13.1	20.5	
-14.0	25.4	5.7	15.5	
22.9	35.2	0.8	15.5	
27.8	30.3	5.7	18.0	
-28.7	52.4	15.5	18.0	
-90.2	25.4	8.2	20.5	
-107.5	22.9	-4.1	10.6	
-75.5	35.2	-18.9	5.7	
-9.1	32.8	-18.9	3.2	
42.6	37.7	-4.1	5.7	
104.1	25.4	5.7	13.1	
116.4	18.0	8.2	5.7	
101.6	27.8	10.6	3.2	
94.3	35.2	13.1	3.2	
91.8	30.3	-4.1	-4.1	
25.4	35.2	3.2	3.2	
-80.4	37.7	-4.1	3.2	
-129.6	25.4	13.1	-1.7	
-90.2	27.8	18.0	8.2	
-82.9	18.0	27.8	-1.7	
-77.9	5.7	8.2	-9.1	
-48.4	-1.7	22.9	0.8	
-48.4	15.5	15.5	-4.1	
-16.4	35.2	22.9	-14.0	
10.6	22.9	10.6	0.8	
37.7	18.0	8.2	-4.1	
89.3	8.2	8.2	0.8	
113.9	3.2	5.7	-9.1	
111.5	22.9	8.2	0.8	
91.8	30.3	-1.7	3.2	
54.9	47.5	13.1	10.6	
59.8	59.8	18.0	-1.7	
62.3	35.2	20.5	0.8	
35.2	22.9	10.6	-4.1	
-48.4	22.9	15.5	5.7	
-75.5	35.2	10.6	-1.7	
-63.2	37.7	-6.6	3.2	
-58.3	50.0	5.7	0.8	
-60.7	40.1	3.2	-4.1	
-60.7	42.6	-4.1	-1.7	
-73.0	37.7	-4.1	-1.7	
-73.0	40.1	-1.7	5.7	
-53.3	22.9	-1.7	10.6	
-14.0	10.6	13.1	8.2	
8.2	27.8	27.8	-11.5	
0.8	18.0	15.5	0.8	
20.5	25.4	20.5	-1.7	
30.3	32.8	20.5	10.6	
25.4	42.6	15.5	5.7	
30.3	25.4	0.8	10.6	
32.8	13.1	5.7	13.1	
50.0	-4.1	5.7	22.9	
45.1	-14.0	-1.7	3.2	
67.2	15.5	-6.6	-4.1	
67.2	25.4	-14.0	13.1	
59.8	32.8	-11.5	3.2	
50.0	27.8	-23.8	5.7	
25.4	37.7	-14.0	-1.7	
-4.1	45.1	-11.5	10.6	
-21.4	50.0	5.7	3.2	
8.2	57.4	-6.6	-6.6	
20.5	59.8	8.2	3.2	
20.5	54.9	-1.7	18.0	
37.7	52.4	5.7	-1.7	
50.0	32.8	10.6	5.7	
42.6	25.4	15.5	15.5	
40.1	27.8	13.1	45.1	
10.6	45.1	-11.5	67.2	
5.7	32.8	-4.1	101.6	
-6.6	8.2	-1.7	84.4	
3.2	-28.7	-16.4	47.5	
8.2	-28.7	-14.0	50.0	
5.7	3.2	-4.1	-33.7	
22.9	20.5	-4.1	-134.5	
27.8	25.4	-1.7	-53.3	
30.3	27.8	5.7	-1.7	
22.9	35.2	-6.6	20.5	
25.4	35.2	-4.1	22.9	
18.0	42.6	-14.0	-6.6	
5.7	47.5	-16.4	-48.4	
5.7	50.0	-21.4	-102.5	
22.9	37.7	-9.1	-82.9	
40.1	8.2	-38.6	-46.0	
47.5	5.7	-18.9	-26.3	
22.9	18.0	-23.8	-11.5	
30.3	35.2	-14.0	8.2	
32.8	13.1	-23.8	37.7	
42.6	18.0	-21.4	74.6	
30.3	27.8	-26.3	123.8	
30.3	27.8	-31.2	158.2	
30.3	40.1	-23.8	185.3	
37.7	37.7	-11.5	62.3	
27.8	22.9	-6.6	-70.6	
35.2	47.5	-9.1	-9.1	
0.8	52.4	-9.1	-70.6	
3.2	59.8	-9.1	-109.9	
30.3	47.5	-1.7	-65.6	
94.3	47.5	0.8	-11.5	
126.2	57.4	-9.1	-31.2	
113.9	47.5	-21.4	-102.5	
116.4	18.0	-14.0	-33.7	
77.0	3.2	-16.4	-11.5	
42.6	-26.3	-16.4	-85.3	
-23.8	-28.7	-6.6	-36.1	
-73.0	-31.2	-21.4	-6.6	
-92.7	-1.7	-21.4	10.6	
-26.3	3.2	-9.1	-11.5	
22.9	25.4	-4.1	3.2	
13.1	35.2	-1.7	15.5	
10.6	25.4	0.8	22.9	
50.0	40.1	-11.5	18.0	
64.7	42.6	-9.1	15.5	
42.6	32.8	3.2	22.9	
-4.1	30.3	-4.1	25.4	
-46.0	22.9	10.6	25.4	
-70.6	22.9	-1.7	20.5	
-102.5	40.1	18.0	22.9	
-122.2	54.9	32.8	13.1	
-60.7	45.1	25.4	18.0	
-36.1	35.2	15.5	3.2	
-1.7	42.6	3.2	-1.7	
18.0	30.3	0.8	3.2	
57.4	42.6	3.2	8.2	
69.7	47.5	-1.7	30.3	
74.6	27.8	-14.0	45.1	
84.4	32.8	-1.7	30.3	
62.3	25.4	-1.7	22.9	
-1.7	13.1	-21.4	15.5	
0.8	25.4	-16.4	15.5	
-23.8	18.0	3.2	10.6	
-50.9	32.8	22.9	15.5	
-85.3	42.6	5.7	15.5	
-95.2	15.5	-16.4	5.7	
-90.2	8.2	-16.4	3.2	
-63.2	13.1	-14.0	-6.6	
-48.4	22.9	-21.4	13.1	
-50.9	18.0	-11.5	52.4	
-28.7	40.1	-14.0	20.5	
-4.1	42.6	-4.1	3.2	
15.5	50.0	-14.0	18.0	
42.6	25.4	-4.1	10.6	
45.1	32.8	0.8	-14.0	
69.7	32.8	0.8	-4.1	
74.6	30.3	-16.4	-4.1	
72.1	20.5	-21.4	-6.6	
59.8	13.1	-6.6	0.8	
47.5	13.1	15.5	-14.0	
47.5	13.1	32.8	-11.5	
40.1	22.9	15.5	0.8	
25.4	22.9	0.8	13.1	
5.7	32.8	0.8	0.8	
-14.0	42.6	15.5	-9.1	
3.2	40.1	3.2	-9.1	
15.5	30.3	5.7	0.8	
47.5	20.5	-1.7	0.8	
42.6	22.9	-1.7	13.1	
27.8	30.3	10.6	30.3	
40.1	32.8	0.8	40.1	
32.8	45.1	0.8	40.1	
50.0	30.3	3.2	54.9	
50.0	22.9	13.1	57.4	
47.5	35.2	20.5	32.8	
27.8	20.5	13.1	64.7	
42.6	18.0	-6.6	25.4	
32.8	13.1	-11.5	-58.3	
0.8	15.5	-18.9	-73.0	
10.6	25.4	-28.7	-38.6	
13.1	18.0	-11.5	25.4	
-16.4	25.4	0.8	22.9	
-28.7	32.8	-16.4	47.5	
15.5	27.8	-21.4	52.4	
30.3	40.1	-9.1	42.6	
30.3	54.9	35.2	20.5	
27.8	57.4	52.4	50.0	
45.1	32.8	32.8	37.7	
47.5	22.9	10.6	94.3	
35.2	25.4	3.2	67.2	
15.5	32.8	5.7	104.1	
50.0	15.5	-11.5	79.5	
62.3	15.5	0.8	64.7	
62.3	13.1	8.2	57.4	
22.9	30.3	0.8	261.5	
0.8	22.9	-18.9	180.4	
-33.7	30.3	-14.0	123.8	
0.8	22.9	-18.9	-137.0	
-4.1	32.8	-31.2	-213.2	
-4.1	47.5	-14.0	-274.7	
-9.1	32.8	-11.5	-255.1	
-14.0	52.4	-14.0	-97.6	
-16.4	40.1	-4.1	-90.2	
-26.3	27.8	20.5	-105.0	
-33.7	13.1	0.8	-58.3	
-18.9	20.5	3.2	-23.8	
0.8	37.7	10.6	-11.5	
8.2	13.1	8.2	-6.6	
0.8	37.7	8.2	-6.6	
10.6	42.6	13.1	5.7	
13.1	40.1	18.0	-1.7	
25.4	32.8	8.2	30.3	
22.9	25.4	-14.0	22.9	
5.7	27.8	-16.4	18.0	
3.2	52.4	-9.1	18.0	
22.9	57.4	-9.1	10.6	
18.0	40.1	-14.0	8.2	
27.8	52.4	-1.7	8.2	
47.5	64.7	-14.0	52.4	
69.7	54.9	-9.1	84.4	
77.0	50.0	13.1	77.0	
67.2	27.8	-1.7	35.2	
77.0	13.1	-9.1	32.8	
79.5	5.7	10.6	42.6	
69.7	27.8	8.2	52.4	
62.3	27.8	-1.7	40.1	
109.0	0.8	8.2	37.7	
96.7	20.5	22.9	42.6	
82.0	35.2	18.0	45.1	
62.3	35.2	3.2	42.6	
47.5	37.7	-18.9	47.5	
45.1	42.6	-16.4	40.1	
40.1	40.1	-1.7	27.8	
8.2	37.7	5.7	40.1	
-41.0	22.9	32.8	27.8	
-75.5	18.0	32.8	32.8	
-46.0	3.2	37.7	20.5	
47.5	20.5	45.1	27.8	
104.1	27.8	30.3	20.5	
96.7	47.5	10.6	27.8	
126.2	57.4	-1.7	18.0	
121.3	67.2	-18.9	22.9	
77.0	37.7	-6.6	18.0	
45.1	13.1	35.2	20.5	
-4.1	52.4	32.8	18.0	
-41.0	52.4	27.8	18.0	
-73.0	27.8	25.4	15.5	
-77.9	10.6	37.7	20.5	
-122.2	15.5	27.8	18.0	
-218.2	25.4	37.7	18.0	
-242.8	22.9	40.1	5.7	
-198.5	42.6	35.2	3.2	
-178.8	42.6	22.9	5.7	
-124.7	25.4	22.9	-9.1	
-73.0	20.5	20.5	-14.0	
-31.2	35.2	18.0	-1.7	
8.2	27.8	22.9	3.2	
25.4	20.5	-21.4	5.7	
22.9	3.2	-38.6	3.2	
40.1	13.1	5.7	3.2	
62.3	30.3	22.9	5.7	
79.5	35.2	45.1	-9.1	
104.1	42.6	64.7	-9.1	
116.4	47.5	72.1	3.2	
104.1	42.6	72.1	8.2	
69.7	27.8	72.1	-4.1	
77.0	42.6	50.0	-11.5	
54.9	54.9	50.0	5.7	
67.2	27.8	30.3	-9.1	
86.9	10.6	18.0	-9.1	
84.4	8.2	45.1	-16.4	
47.5	30.3	45.1	-1.7	
-31.2	25.4	37.7	-4.1	
-38.6	13.1	32.8	-6.6	
-50.9	25.4	67.2	15.5	
-65.6	10.6	57.4	15.5	
-43.5	-9.1	18.0	13.1	
-36.1	0.8	22.9	0.8	
-23.8	15.5	-4.1	13.1	
-1.7	22.9	-21.4	15.5	
-9.1	22.9	3.2	8.2	
-14.0	18.0	0.8	40.1	
-16.4	30.3	-43.5	37.7	
3.2	42.6	-18.9	25.4	
18.0	50.0	10.6	45.1	
35.2	32.8	20.5	50.0	
18.0	30.3	84.4	25.4	
15.5	32.8	86.9	30.3	
-1.7	40.1	72.1	35.2	
13.1	37.7	62.3	5.7	
10.6	27.8	42.6	0.8	
20.5	13.1	30.3	40.1	
40.1	5.7	47.5	96.7	
20.5	0.8	40.1	96.7	
18.0	0.8	37.7	42.6	
18.0	8.2	35.2	0.8	
25.4	-6.6	22.9	-102.5	
22.9	-21.4	22.9	-90.2	
30.3	-16.4	15.5	-58.3	
35.2	3.2	-11.5	-14.0	
27.8	47.5	-23.8	-9.1	
32.8	82.0	-14.0	-1.7	
35.2	74.6	-6.6	3.2	
22.9	64.7	-4.1	-9.1	
5.7	59.8	22.9	18.0	
5.7	64.7	52.4	35.2	
22.9	59.8	42.6	40.1	
22.9	74.6	22.9	-4.1	
25.4	57.4	18.0	-16.4	
20.5	10.6	22.9	-36.1	
27.8	0.8	27.8	-43.5	
25.4	15.5	10.6	-18.9	
30.3	15.5	10.6	27.8	
37.7	32.8	0.8	67.2	
54.9	59.8	-1.7	84.4	
72.1	94.3	-4.1	18.0	
72.1	82.0	5.7	0.8	
67.2	47.5	5.7	-21.4	
69.7	50.0	3.2	-48.4	
32.8	27.8	-1.7	-60.7	
32.8	45.1	15.5	-18.9	
35.2	45.1	8.2	0.8	
52.4	35.2	18.0	-1.7	
54.9	27.8	15.5	-4.1	
64.7	22.9	10.6	8.2	
57.4	18.0	5.7	-6.6	
47.5	35.2	8.2	5.7	
42.6	20.5	-21.4	-4.1	
5.7	25.4	-43.5	-6.6	
-11.5	15.5	-26.3	13.1	
20.5	30.3	-31.2	5.7	
79.5	18.0	-21.4	5.7	
118.9	15.5	0.8	22.9	
131.2	35.2	25.4	-11.5	
143.5	27.8	32.8	0.8	
109.0	8.2	25.4	18.0	
57.4	5.7	15.5	37.7	
-28.7	15.5	-9.1	13.1	
-132.1	13.1	-9.1	13.1	
-166.5	20.5	27.8	13.1	
-171.4	27.8	18.0	0.8	
-112.4	45.1	37.7	0.8	
-77.9	40.1	40.1	5.7	
-68.1	10.6	40.1	20.5	
-70.6	13.1	40.1	13.1	
-26.3	25.4	40.1	18.0	
42.6	22.9	18.0	20.5	
99.2	22.9	5.7	20.5	
89.3	30.3	-6.6	5.7	
99.2	22.9	-31.2	0.8	
99.2	22.9	-48.4	-4.1	
118.9	35.2	-21.4	-1.7	
96.7	32.8	22.9	27.8	
-6.6	32.8	27.8	54.9	
-117.3	42.6	15.5	86.9	
-129.6	35.2	-6.6	150.8	
-95.2	35.2	-11.5	229.6	
-102.5	52.4	-11.5	246.8	
-85.3	47.5	-11.5	246.8	
-102.5	37.7	3.2	121.3	
-100.1	30.3	-26.3	-75.5	
-53.3	13.1	-43.5	-242.8	
8.2	5.7	13.1	-242.8	
18.0	25.4	13.1	-154.2	
32.8	40.1	-1.7	-102.5	
52.4	40.1	5.7	-60.7	
57.4	40.1	52.4	-36.1	
40.1	40.1	62.3	-33.7	
25.4	37.7	59.8	-9.1	
5.7	35.2	101.6	0.8	
-21.4	25.4	94.3	3.2	
-28.7	27.8	59.8	3.2	
-9.1	22.9	35.2	20.5	
30.3	40.1	0.8	22.9	
50.0	37.7	-18.9	18.0	
96.7	32.8	-50.9	35.2	
91.8	37.7	-95.2	52.4	
86.9	35.2	-109.9	35.2	
116.4	30.3	-107.5	27.8	
89.3	40.1	-95.2	54.9	
69.7	52.4	-23.8	3.2	
59.8	25.4	42.6	3.2	
20.5	25.4	96.7	-1.7	
-4.1	30.3	99.2	18.0	
-23.8	37.7	25.4	25.4	
-77.9	25.4	13.1	15.5	
-97.6	30.3	-9.1	27.8	
-73.0	40.1	0.8	22.9	
-43.5	37.7	18.0	20.5	
-23.8	40.1	18.0	8.2	
10.6	35.2	54.9	10.6	
27.8	50.0	50.0	15.5	
35.2	37.7	32.8	27.8	
35.2	32.8	30.3	18.0	
25.4	32.8	8.2	27.8	
27.8	20.5	5.7	13.1	
37.7	42.6	15.5	18.0	
40.1	27.8	13.1	20.5	
25.4	22.9	5.7	15.5	
13.1	35.2	8.2	10.6	
8.2	30.3	30.3	10.6	
13.1	37.7	25.4	5.7	
20.5	37.7	5.7	-6.6	
18.0	45.1	0.8	15.5	
32.8	25.4	-9.1	5.7	
40.1	42.6	-31.2	18.0	
52.4	20.5	-23.8	-1.7	
54.9	22.9	-33.7	3.2	
52.4	18.0	-36.1	-1.7	
47.5	35.2	-11.5	8.2	
59.8	25.4	-18.9	10.6	
52.4	40.1	10.6	-4.1	
32.8	52.4	8.2	-6.6	
-6.6	64.7	25.4	-11.5	
0.8	67.2	37.7	-4.1	
-4.1	40.1	40.1	3.2	
-14.0	-1.7	10.6	-9.1	
8.2	-21.4	-21.4	0.8	
-4.1	-6.6	-43.5	10.6	
-16.4	8.2	-28.7	42.6	
-11.5	-31.2	-36.1	40.1	
3.2	-26.3	-4.1	91.8	
8.2	-23.8	0.8	111.5	
25.4	15.5	-31.2	47.5	
59.8	62.3	-36.1	-55.8	
52.4	67.2	-50.9	-129.6	
57.4	77.0	-41.0	-90.2	
42.6	82.0	-16.4	-80.4	
5.7	72.1	-16.4	-41.0	
3.2	40.1	-28.7	-31.2	
8.2	42.6	-33.7	-36.1	
0.8	52.4	-26.3	-18.9	
-21.4	50.0	-14.0	-9.1	
-16.4	52.4	5.7	18.0	
-1.7	42.6	22.9	30.3	
22.9	59.8	35.2	10.6	
45.1	74.6	42.6	3.2	
67.2	64.7	42.6	15.5	
72.1	74.6	32.8	27.8	
82.0	52.4	30.3	18.0	
77.0	50.0	20.5	18.0	
91.8	-14.0	5.7	42.6	
118.9	-6.6	0.8	42.6	
128.7	32.8	0.8	25.4	
116.4	32.8	-14.0	52.4	
94.3	0.8	-31.2	57.4	
62.3	-1.7	-70.6	57.4	
8.2	-16.4	-73.0	-1.7	
-58.3	-16.4	-100.1	8.2	
-105.0	-1.7	-65.6	-11.5	
-114.8	18.0	-4.1	0.8	
-46.0	13.1	15.5	10.6	
77.0	15.5	-4.1	18.0	
153.3	13.1	10.6	13.1	
182.8	25.4	0.8	13.1	
163.1	18.0	15.5	40.1	
133.6	30.3	30.3	62.3	
54.9	22.9	-4.1	20.5	
-58.3	-4.1	0.8	15.5	
-166.5	-26.3	-26.3	13.1	
-171.4	-4.1	-41.0	27.8	
-171.4	3.2	-60.7	-16.4	
-112.4	-4.1	-53.3	0.8	
-33.7	8.2	-65.6	25.4	
-53.3	20.5	-70.6	35.2	
-119.8	30.3	-63.2	32.8	
-85.3	22.9	-80.4	37.7	
-55.8	25.4	-100.1	47.5	
-38.6	37.7	-55.8	47.5	
-18.9	32.8	0.8	40.1	
-26.3	22.9	27.8	25.4	
-14.0	32.8	35.2	-16.4	
-38.6	35.2	47.5	0.8	
-23.8	30.3	52.4	10.6	
0.8	20.5	79.5	13.1	
42.6	20.5	86.9	-4.1	
74.6	18.0	84.4	0.8	
69.7	15.5	96.7	-4.1	
30.3	22.9	77.0	5.7	
10.6	50.0	50.0	3.2	
-1.7	52.4	27.8	5.7	
-6.6	67.2	35.2	13.1	
-4.1	59.8	22.9	22.9	
-14.0	40.1	-21.4	3.2	
-28.7	50.0	-77.9	-4.1	
-9.1	52.4	-122.2	-1.7	
13.1	50.0	-164.0	8.2	
77.0	42.6	-109.9	5.7	
96.7	50.0	-70.6	10.6	
82.0	50.0	-14.0	25.4	
82.0	40.1	15.5	22.9	
67.2	45.1	45.1	8.2	
15.5	62.3	47.5	-16.4	
-55.8	64.7	40.1	-21.4	
-70.6	67.2	54.9	-31.2	
-58.3	52.4	35.2	-36.1	
-23.8	57.4	20.5	-48.4	
0.8	72.1	20.5	-38.6	
25.4	62.3	62.3	8.2	
40.1	57.4	82.0	52.4	
35.2	62.3	57.4	62.3	
32.8	67.2	37.7	35.2	
45.1	57.4	18.0	10.6	
40.1	50.0	13.1	-6.6	
50.0	45.1	0.8	-11.5	
35.2	52.4	-4.1	-28.7	
22.9	37.7	3.2	5.7	
32.8	8.2	18.0	22.9	
32.8	15.5	8.2	8.2	
30.3	69.7	5.7	10.6	
32.8	69.7	15.5	13.1	
37.7	59.8	5.7	22.9	
45.1	30.3	0.8	20.5	
40.1	22.9	13.1	8.2	
47.5	25.4	5.7	10.6	
52.4	22.9	-9.1	5.7	
32.8	20.5	-6.6	15.5	
27.8	0.8	-9.1	0.8	
13.1	10.6	-16.4	-1.7	
20.5	18.0	-6.6	15.5	
20.5	15.5	3.2	3.2	
37.7	32.8	0.8	5.7	
27.8	40.1	-4.1	13.1	
10.6	37.7	-4.1	13.1	
15.5	35.2	20.5	5.7	
5.7	25.4	3.2	5.7	
8.2	22.9	27.8	25.4	
-6.6	64.7	30.3	25.4	
0.8	35.2	10.6	25.4	
-1.7	25.4	-26.3	27.8	
10.6	-6.6	-26.3	54.9	
13.1	18.0	-33.7	42.6	
37.7	10.6	-33.7	-16.4	
22.9	27.8	-11.5	-21.4	
25.4	40.1	-33.7	0.8	
30.3	35.2	-38.6	0.8	
62.3	0.8	-33.7	8.2	
72.1	5.7	-36.1	-1.7	
57.4	-4.1	-11.5	30.3	
42.6	0.8	-31.2	52.4	
27.8	18.0	-41.0	27.8	
32.8	3.2	-58.3	47.5	
13.1	-1.7	-63.2	62.3	
-9.1	15.5	-58.3	74.6	
-33.7	57.4	-18.9	57.4	
-50.9	52.4	-14.0	106.6	
-41.0	57.4	-48.4	-70.6	
-4.1	72.1	0.8	-154.2	
13.1	72.1	82.0	-127.1	
22.9	74.6	104.1	-149.3	
25.4	77.0	54.9	-16.4	
27.8	42.6	5.7	50.0	
25.4	18.0	-11.5	69.7	
40.1	27.8	-11.5	45.1	
64.7	25.4	22.9	25.4	
62.3	27.8	22.9	-18.9	
91.8	15.5	15.5	-31.2	
153.3	22.9	-4.1	-18.9	
168.1	0.8	-38.6	-6.6	
153.3	-4.1	-50.9	37.7	
141.0	-4.1	-16.4	62.3	
82.0	3.2	13.1	27.8	
25.4	0.8	3.2	15.5	
-50.9	5.7	-55.8	8.2	
-109.9	3.2	-97.6	-9.1	
-90.2	5.7	-139.4	10.6	
-28.7	-14.0	-105.0	27.8	
8.2	-28.7	-36.1	18.0	
47.5	-23.8	10.6	5.7	
32.8	-1.7	32.8	-16.4	
-6.6	5.7	13.1	32.8	
-11.5	0.8	3.2	40.1	
-4.1	20.5	-9.1	22.9	
-23.8	22.9	8.2	50.0	
-18.9	22.9	20.5	3.2	
-73.0	15.5	47.5	-11.5	
-77.9	30.3	27.8	-9.1	
-55.8	25.4	-11.5	18.0	
-53.3	35.2	-9.1	72.1	
-70.6	27.8	-14.0	47.5	
-102.5	15.5	-16.4	37.7	
-92.7	18.0	-14.0	35.2	
-68.1	20.5	-21.4	27.8	
-26.3	15.5	-6.6	-1.7	
30.3	25.4	18.0	8.2	
64.7	20.5	20.5	-4.1	
57.4	25.4	-11.5	3.2	
32.8	45.1	-33.7	-38.6	
20.5	42.6	-46.0	-33.7	
-18.9	47.5	-36.1	8.2	
-36.1	57.4	-41.0	27.8	
-58.3	50.0	-50.9	35.2	
-16.4	22.9	-16.4	22.9	
47.5	35.2	-11.5	0.8	
74.6	30.3	27.8	-23.8	
72.1	47.5	69.7	-11.5	
62.3	50.0	96.7	5.7	
62.3	45.1	89.3	15.5	
32.8	40.1	69.7	13.1	
-9.1	47.5	42.6	-9.1	
-28.7	67.2	18.0	-21.4	
-14.0	54.9	5.7	-31.2	
13.1	62.3	10.6	-26.3	
64.7	74.6	27.8	-21.4	
77.0	37.7	8.2	-26.3	
77.0	47.5	8.2	-33.7	
99.2	59.8	-11.5	-36.1	
82.0	59.8	-28.7	-50.9	
22.9	37.7	-1.7	-82.9	
-43.5	37.7	32.8	-80.4	
-82.9	47.5	30.3	-46.0	
-63.2	37.7	25.4	-14.0	
-33.7	57.4	5.7	-4.1	
-23.8	62.3	-1.7	-9.1	
-21.4	64.7	52.4	-18.9	
-18.9	57.4	133.6	-1.7	
-14.0	50.0	131.2	3.2	
3.2	45.1	131.2	15.5	
20.5	30.3	94.3	5.7	
27.8	37.7	52.4	-14.0	
35.2	50.0	30.3	-46.0	
52.4	62.3	79.5	-38.6	
50.0	59.8	67.2	0.8	
50.0	45.1	45.1	5.7	
47.5	50.0	37.7	-33.7	
42.6	50.0	42.6	-38.6	
42.6	30.3	35.2	-9.1	
0.8	40.1	69.7	13.1	
0.8	15.5	123.8	10.6	
-1.7	3.2	123.8	35.2	
3.2	-1.7	109.0	-21.4	
15.5	0.8	84.4	-16.4	
37.7	13.1	86.9	-26.3	
22.9	37.7	99.2	-14.0	
25.4	22.9	113.9	-14.0	
15.5	3.2	91.8	-1.7	
35.2	-11.5	79.5	-1.7	
15.5	8.2	52.4	-4.1	
32.8	-14.0	30.3	-9.1	
37.7	-23.8	35.2	8.2	
27.8	18.0	5.7	15.5	
40.1	32.8	20.5	3.2	
42.6	54.9	-9.1	-33.7	
32.8	57.4	-18.9	-26.3	
20.5	67.2	25.4	-11.5	
40.1	50.0	69.7	27.8	
47.5	54.9	67.2	5.7	
20.5	50.0	69.7	0.8	
25.4	32.8	69.7	-4.1	
20.5	32.8	67.2	0.8	
15.5	27.8	45.1	5.7	
-1.7	27.8	40.1	0.8	
3.2	27.8	32.8	8.2	
-9.1	27.8	50.0	5.7	
-9.1	25.4	67.2	13.1	
0.8	15.5	32.8	5.7	
5.7	8.2	-14.0	22.9	
-6.6	-6.6	-53.3	15.5	
0.8	5.7	-97.6	20.5	
3.2	-1.7	-100.1	18.0	
20.5	0.8	-80.4	5.7	
57.4	10.6	-80.4	-28.7	
99.2	-1.7	-14.0	-43.5	
104.1	-9.1	13.1	-134.5	
109.0	-1.7	37.7	-188.6	
101.6	25.4	50.0	-60.7	
69.7	0.8	32.8	52.4	
35.2	-46.0	22.9	143.5	
-23.8	-38.6	27.8	286.1	
-73.0	-28.7	13.1	399.3	
-87.8	-36.1	8.2	165.6	
-65.6	18.0	-1.7	30.3	
-28.7	32.8	-21.4	-4.1	
27.8	18.0	-48.4	-193.6	
62.3	-9.1	-43.5	-282.1	
54.9	3.2	-95.2	-63.2	
91.8	113.9	-107.5	-31.2	
96.7	148.4	-68.1	-102.5	
79.5	94.3	-63.2	-85.3	
52.4	69.7	-43.5	-6.6	
67.2	27.8	-18.9	40.1	
84.4	18.0	-21.4	45.1	
72.1	15.5	-11.5	22.9	
67.2	18.0	-14.0	-11.5	
10.6	25.4	-31.2	-16.4	
-43.5	27.8	-33.7	-6.6	
-58.3	32.8	-43.5	5.7	
-129.6	18.0	-14.0	-18.9	
-200.9	30.3	30.3	-1.7	
-208.3	37.7	52.4	-6.6	
-181.3	22.9	27.8	0.8	
-107.5	25.4	0.8	-9.1	
-6.6	13.1	-38.6	-16.4	
62.3	5.7	-75.5	-14.0	
106.6	5.7	-50.9	-28.7	
148.4	13.1	-50.9	-9.1	
168.1	3.2	-63.2	3.2	
153.3	-4.1	-26.3	0.8	
118.9	-4.1	15.5	15.5	
57.4	8.2	64.7	10.6	
-14.0	22.9	52.4	27.8	
-80.4	45.1	35.2	8.2	
-139.4	45.1	45.1	-1.7	
-156.7	42.6	30.3	-31.2	
-132.1	22.9	10.6	-41.0	
-70.6	37.7	-4.1	-63.2	
-53.3	35.2	3.2	-28.7	
-36.1	30.3	15.5	54.9	
-38.6	27.8	5.7	64.7	
-14.0	25.4	-4.1	47.5	
8.2	37.7	-16.4	35.2	
8.2	37.7	-4.1	3.2	
13.1	22.9	5.7	-36.1	
32.8	27.8	-14.0	-21.4	
47.5	32.8	-50.9	-4.1	
59.8	42.6	-68.1	-9.1	
57.4	15.5	-23.8	-14.0	
42.6	22.9	0.8	-36.1	
18.0	32.8	-14.0	-80.4	
40.1	30.3	-9.1	-100.1	
47.5	13.1	-100.1	-58.3	
40.1	30.3	-109.9	91.8	
69.7	20.5	-31.2	153.3	
42.6	25.4	74.6	64.7	
37.7	5.7	99.2	-21.4	
27.8	8.2	94.3	-41.0	
20.5	3.2	77.0	-58.3	
8.2	-9.1	52.4	-75.5	
5.7	-9.1	45.1	-80.4	
13.1	-28.7	45.1	-23.8	
50.0	-11.5	52.4	67.2	
50.0	-14.0	57.4	15.5	
52.4	-1.7	42.6	5.7	
52.4	37.7	50.0	-11.5	
45.1	50.0	25.4	-6.6	
40.1	52.4	20.5	5.7	
35.2	27.8	-9.1	20.5	
20.5	35.2	-26.3	35.2	
10.6	13.1	-16.4	13.1	
8.2	20.5	-9.1	25.4	
5.7	15.5	8.2	20.5	
10.6	3.2	20.5	15.5	
3.2	0.8	27.8	15.5	
10.6	8.2	72.1	18.0	
5.7	10.6	57.4	20.5	
5.7	-1.7	62.3	25.4	
22.9	13.1	72.1	8.2	
35.2	22.9	96.7	5.7	
27.8	27.8	52.4	0.8	
30.3	25.4	20.5	20.5	
20.5	45.1	10.6	18.0	
35.2	47.5	18.0	15.5	
30.3	30.3	-6.6	5.7	
18.0	37.7	-6.6	-9.1	
-1.7	42.6	-4.1	27.8	
-6.6	30.3	0.8	15.5	
5.7	30.3	-1.7	3.2	
27.8	18.0	-1.7	0.8	
40.1	57.4	-14.0	0.8	
40.1	37.7	-26.3	3.2	
47.5	13.1	-16.4	-1.7	
40.1	37.7	5.7	20.5	
27.8	47.5	37.7	18.0	
-4.1	40.1	50.0	8.2	
-14.0	40.1	32.8	20.5	
-31.2	42.6	18.0	-6.6	
-33.7	27.8	-1.7	-9.1	
-18.9	-4.1	0.8	25.4	
-6.6	15.5	-1.7	-1.7	
8.2	3.2	-33.7	5.7	
3.2	5.7	-38.6	8.2	
13.1	-28.7	-36.1	13.1	
18.0	-9.1	-9.1	5.7	
10.6	32.8	15.5	-4.1	
10.6	64.7	22.9	-11.5	
-1.7	50.0	13.1	-4.1	
20.5	50.0	15.5	-18.9	
18.0	47.5	25.4	-4.1	
15.5	42.6	27.8	-1.7	
25.4	42.6	47.5	18.0	
22.9	37.7	32.8	30.3	
22.9	42.6	30.3	22.9	
18.0	50.0	20.5	35.2	
20.5	59.8	15.5	13.1	
18.0	42.6	20.5	18.0	
10.6	40.1	42.6	35.2	
5.7	52.4	35.2	30.3	
8.2	47.5	18.0	25.4	
50.0	42.6	5.7	3.2	
86.9	42.6	-26.3	18.0	
121.3	42.6	3.2	-9.1	
116.4	22.9	5.7	-14.0	
123.8	32.8	3.2	-1.7	
111.5	32.8	-23.8	0.8	
69.7	30.3	-43.5	18.0	
-11.5	30.3	-87.8	20.5	
-28.7	50.0	-53.3	5.7	
0.8	40.1	-4.1	25.4	
-21.4	22.9	30.3	32.8	
-16.4	30.3	15.5	50.0	
-1.7	45.1	-31.2	62.3	
-6.6	32.8	-58.3	52.4	
-31.2	37.7	-80.4	20.5	
3.2	50.0	-16.4	3.2	
-18.9	54.9	22.9	-55.8	
-18.9	40.1	62.3	-63.2	
32.8	50.0	64.7	-31.2	
72.1	50.0	27.8	8.2	
62.3	47.5	-23.8	-1.7	
27.8	40.1	-53.3	-18.9	
-4.1	27.8	-82.9	-28.7	
-1.7	42.6	-85.3	-33.7	
-9.1	35.2	-85.3	-11.5	
-26.3	42.6	-55.8	5.7	
-21.4	40.1	-60.7	42.6	
8.2	30.3	-38.6	47.5	
20.5	37.7	42.6	15.5	
-1.7	42.6	77.0	-18.9	
-53.3	35.2	54.9	-55.8	
-112.4	37.7	0.8	-18.9	
-144.4	42.6	-11.5	3.2	
-134.5	37.7	-23.8	27.8	
-80.4	32.8	-18.9	69.7	
-23.8	30.3	-31.2	37.7	
37.7	35.2	-38.6	40.1	
74.6	35.2	-36.1	22.9	
86.9	37.7	-31.2	13.1	
72.1	32.8	-23.8	27.8	
62.3	37.7	-11.5	37.7	
42.6	40.1	-6.6	27.8	
22.9	27.8	-14.0	32.8	
-11.5	37.7	-14.0	20.5	
-50.9	32.8	-23.8	-1.7	
-36.1	32.8	-14.0	-1.7	
5.7	25.4	-14.0	5.7	
20.5	15.5	-53.3	3.2	
-4.1	0.8	-41.0	-1.7	
0.8	10.6	-6.6	13.1	
5.7	8.2	-9.1	18.0	
27.8	18.0	-16.4	5.7	
47.5	18.0	-28.7	-31.2	
62.3	40.1	-38.6	-36.1	
67.2	37.7	-36.1	-36.1	
72.1	30.3	-1.7	18.0	
37.7	35.2	-38.6	72.1	
15.5	50.0	-53.3	72.1	
0.8	72.1	-33.7	57.4	
-31.2	52.4	-26.3	54.9	
-26.3	40.1	-14.0	42.6	
-11.5	37.7	-14.0	3.2	
-14.0	32.8	-11.5	-1.7	
-21.4	30.3	-33.7	8.2	
0.8	27.8	-60.7	-4.1	
8.2	40.1	-26.3	20.5	
8.2	32.8	-48.4	20.5	
15.5	32.8	-60.7	22.9	
20.5	32.8	-63.2	45.1	
35.2	30.3	-92.7	52.4	
25.4	27.8	-82.9	82.0	
25.4	18.0	-70.6	99.2	
30.3	15.5	-53.3	106.6	
27.8	15.5	-68.1	86.9	
20.5	15.5	-14.0	27.8	
18.0	20.5	86.9	-97.6	
32.8	37.7	101.6	-129.6	
35.2	25.4	82.0	-28.7	
30.3	30.3	79.5	-41.0	
30.3	20.5	59.8	-41.0	
27.8	20.5	40.1	20.5	
30.3	8.2	25.4	32.8	
35.2	0.8	-4.1	18.0	
27.8	-6.6	-36.1	5.7	
27.8	8.2	-38.6	-6.6	
35.2	0.8	-14.0	8.2	
35.2	-11.5	-9.1	-4.1	
32.8	-9.1	42.6	-21.4	
45.1	-11.5	25.4	-6.6	
42.6	-11.5	-18.9	8.2	
32.8	0.8	-18.9	22.9	
50.0	-16.4	-6.6	79.5	
22.9	-4.1	-9.1	141.0	
27.8	-6.6	13.1	155.8	
20.5	10.6	32.8	141.0	
25.4	13.1	42.6	118.9	
27.8	15.5	57.4	20.5	
13.1	18.0	86.9	-112.4	
27.8	18.0	77.0	-119.8	
10.6	15.5	42.6	-100.1	
-6.6	25.4	37.7	-43.5	
5.7	18.0	10.6	-21.4	
42.6	22.9	-38.6	-11.5	
62.3	18.0	-77.9	10.6	
57.4	18.0	-55.8	-6.6	
37.7	22.9	-50.9	-26.3	
52.4	25.4	-14.0	-6.6	
30.3	22.9	3.2	10.6	
-4.1	25.4	-6.6	8.2	
-43.5	37.7	-11.5	13.1	
-33.7	20.5	-14.0	15.5	
-31.2	10.6	3.2	8.2	
-18.9	25.4	-18.9	5.7	
-26.3	27.8	-33.7	18.0	
-4.1	8.2	-23.8	18.0	
52.4	8.2	-21.4	27.8	
99.2	-11.5	-26.3	32.8	
126.2	15.5	18.0	37.7	
133.6	35.2	52.4	20.5	
128.7	40.1	67.2	8.2	
101.6	22.9	59.8	-6.6	
25.4	15.5	27.8	0.8	
-55.8	47.5	8.2	8.2	
-132.1	67.2	-28.7	13.1	
-149.3	94.3	-68.1	-4.1	
-107.5	91.8	-70.6	10.6	
-21.4	79.5	-70.6	8.2	
-9.1	45.1	-16.4	13.1	
27.8	40.1	37.7	18.0	
82.0	45.1	67.2	35.2	
89.3	30.3	27.8	22.9	
74.6	40.1	-11.5	25.4	
96.7	22.9	-28.7	37.7	
91.8	27.8	20.5	25.4	
37.7	25.4	57.4	10.6	
-4.1	13.1	74.6	10.6	
-26.3	8.2	47.5	22.9	
-38.6	-1.7	52.4	45.1	
-46.0	-1.7	20.5	45.1	
-28.7	-21.4	-6.6	25.4	
-16.4	-11.5	0.8	25.4	
-50.9	-4.1	-21.4	-4.1	
-63.2	8.2	-46.0	-9.1	
-36.1	-18.9	-38.6	-16.4	
-21.4	10.6	-18.9	-16.4	
-14.0	54.9	8.2	-31.2	
35.2	89.3	25.4	-11.5	
89.3	118.9	10.6	8.2	
86.9	89.3	8.2	22.9	
20.5	47.5	-4.1	20.5	
-60.7	37.7	0.8	25.4	
-87.8	54.9	-28.7	52.4	
-77.9	40.1	-41.0	32.8	
-48.4	32.8	-75.5	18.0	
-33.7	50.0	-127.1	-6.6	
3.2	35.2	-117.3	-9.1	
30.3	30.3	-33.7	-9.1	
35.2	32.8	-1.7	-14.0	
-16.4	30.3	54.9	0.8	
-11.5	25.4	59.8	25.4	
15.5	35.2	59.8	50.0	
59.8	32.8	74.6	47.5	
74.6	30.3	47.5	47.5	
77.0	30.3	35.2	32.8	
59.8	18.0	-4.1	37.7	
54.9	8.2	-33.7	40.1	
3.2	-1.7	-60.7	10.6	
-53.3	-6.6	-73.0	0.8	
-55.8	3.2	-46.0	3.2	
-21.4	10.6	-58.3	-9.1	
0.8	47.5	-50.9	-6.6	
10.6	35.2	-11.5	8.2	
20.5	37.7	-23.8	-1.7	
8.2	20.5	-55.8	3.2	
0.8	22.9	-117.3	-1.7	
-14.0	25.4	-109.9	0.8	
-31.2	18.0	-75.5	-1.7	
-18.9	35.2	-33.7	-14.0	
-16.4	25.4	-6.6	-1.7	
-9.1	40.1	-14.0	13.1	
0.8	35.2	-23.8	0.8	
22.9	52.4	-21.4	5.7	
32.8	47.5	15.5	-1.7	
37.7	42.6	-14.0	20.5	
40.1	62.3	-11.5	18.0	
47.5	45.1	-18.9	8.2	
54.9	35.2	-53.3	18.0	
64.7	37.7	-122.2	-1.7	
57.4	42.6	-149.3	-14.0	
69.7	27.8	-114.8	20.5	
94.3	42.6	-100.1	10.6	
89.3	42.6	-63.2	-4.1	
72.1	37.7	32.8	-6.6	
18.0	30.3	116.4	3.2	
-16.4	35.2	138.5	5.7	
-38.6	32.8	131.2	-14.0	
-43.5	35.2	67.2	-6.6	
-50.9	37.7	18.0	-16.4	
-26.3	37.7	-4.1	54.9	
3.2	45.1	-21.4	101.6	
10.6	40.1	-38.6	118.9	
-9.1	42.6	-58.3	143.5	
0.8	37.7	-65.6	116.4	
15.5	47.5	-80.4	50.0	
5.7	45.1	-85.3	-33.7	
25.4	42.6	-41.0	-154.2	
27.8	42.6	35.2	-166.5	
27.8	42.6	35.2	-117.3	
0.8	30.3	15.5	-43.5	
-9.1	32.8	27.8	-9.1	
-11.5	27.8	74.6	-18.9	
-11.5	37.7	99.2	-26.3	
-16.4	35.2	104.1	-1.7	
0.8	37.7	106.6	22.9	
40.1	40.1	86.9	62.3	
62.3	27.8	94.3	62.3	
72.1	35.2	84.4	54.9	
62.3	25.4	57.4	22.9	
72.1	27.8	3.2	18.0	
57.4	37.7	-11.5	54.9	
50.0	32.8	-26.3	106.6	
25.4	22.9	-43.5	133.6	
-31.2	37.7	-9.1	99.2	
-70.6	30.3	32.8	89.3	
-41.0	22.9	74.6	15.5	
-11.5	27.8	106.6	-43.5	
-4.1	18.0	123.8	-105.0	
-9.1	32.8	116.4	-122.2	
30.3	18.0	74.6	-14.0	
35.2	30.3	52.4	37.7	
45.1	15.5	45.1	59.8	
45.1	22.9	42.6	42.6	
40.1	22.9	35.2	10.6	
59.8	30.3	40.1	-18.9	
62.3	37.7	54.9	-28.7	
50.0	15.5	59.8	3.2	
50.0	10.6	64.7	-18.9	
77.0	25.4	91.8	-33.7	
72.1	25.4	91.8	-21.4	
62.3	30.3	96.7	25.4	
20.5	25.4	121.3	52.4	
8.2	15.5	123.8	96.7	
35.2	15.5	86.9	99.2	
109.0	25.4	62.3	101.6	
138.5	18.0	50.0	91.8	
109.0	30.3	57.4	72.1	
40.1	30.3	84.4	5.7	
-43.5	22.9	79.5	-28.7	
-102.5	5.7	-6.6	-23.8	
-151.7	18.0	-60.7	-14.0	
-141.9	32.8	-26.3	-48.4	
-80.4	22.9	20.5	-31.2	
-50.9	35.2	50.0	-16.4	
-46.0	15.5	118.9	-9.1	
-31.2	27.8	155.8	-23.8	
-16.4	18.0	136.1	18.0	
-28.7	25.4	79.5	67.2	
-14.0	20.5	37.7	91.8	
-4.1	35.2	25.4	104.1	
0.8	27.8	15.5	141.0	
-16.4	30.3	-4.1	111.5	
-11.5	13.1	-92.7	57.4	
18.0	-4.1	-68.1	-55.8	
67.2	15.5	-28.7	-90.2	
59.8	35.2	18.0	-122.2	
35.2	37.7	67.2	-119.8	
42.6	25.4	77.0	-70.6	
35.2	25.4	52.4	-16.4	
27.8	37.7	40.1	5.7	
20.5	27.8	22.9	-4.1	
5.7	30.3	32.8	3.2	
13.1	37.7	57.4	8.2	
40.1	25.4	86.9	8.2	
42.6	10.6	91.8	5.7	
50.0	8.2	79.5	5.7	
18.0	8.2	37.7	20.5	
0.8	30.3	27.8	15.5	
-4.1	18.0	13.1	5.7	
8.2	13.1	-18.9	-9.1	
-6.6	8.2	-16.4	3.2	
-11.5	5.7	-36.1	15.5	
0.8	5.7	-41.0	25.4	
-14.0	5.7	-18.9	25.4	
-33.7	0.8	3.2	30.3	
-21.4	8.2	-4.1	18.0	
8.2	10.6	-23.8	15.5	
22.9	3.2	-48.4	20.5	
50.0	5.7	-53.3	5.7	
52.4	5.7	-53.3	5.7	
42.6	10.6	-23.8	8.2	
30.3	18.0	-1.7	-21.4	
30.3	22.9	-14.0	-23.8	
47.5	27.8	-11.5	-18.9	
42.6	25.4	-33.7	22.9	
52.4	32.8	-36.1	35.2	
57.4	37.7	-1.7	69.7	
57.4	35.2	25.4	67.2	
40.1	37.7	72.1	50.0	
18.0	18.0	72.1	52.4	
-9.1	32.8	5.7	42.6	
-16.4	40.1	-9.1	57.4	
-16.4	18.0	-14.0	50.0	
8.2	22.9	-28.7	50.0	
0.8	25.4	-23.8	45.1	
-14.0	25.4	-50.9	30.3	
0.8	0.8	-60.7	35.2	
-1.7	25.4	-50.9	50.0	
0.8	27.8	-9.1	42.6	
0.8	45.1	20.5	35.2	
25.4	64.7	32.8	57.4	
42.6	62.3	72.1	57.4	
54.9	42.6	111.5	57.4	
62.3	50.0	123.8	3.2	
54.9	50.0	64.7	22.9	
52.4	52.4	64.7	40.1	
50.0	57.4	-4.1	27.8	
37.7	30.3	-38.6	27.8	
13.1	42.6	-77.9	37.7	
-41.0	52.4	-141.9	35.2	
-43.5	50.0	-215.7	30.3	
-4.1	45.1	-141.9	20.5	
5.7	45.1	-73.0	27.8	
15.5	54.9	-31.2	35.2	
35.2	64.7	5.7	20.5	
13.1	67.2	54.9	-23.8	
15.5	50.0	57.4	-63.2	
-9.1	86.9	22.9	-50.9	
-21.4	72.1	10.6	-31.2	
-21.4	54.9	-50.9	-23.8	
-9.1	77.0	-77.9	-21.4	
10.6	79.5	-68.1	-6.6	
0.8	79.5	-85.3	0.8	
8.2	91.8	-87.8	5.7	
20.5	91.8	-95.2	0.8	
52.4	82.0	-33.7	-11.5	
99.2	74.6	5.7	-21.4	
145.9	69.7	50.0	-9.1	
158.2	84.4	106.6	-1.7	
168.1	67.2	96.7	10.6	
163.1	69.7	101.6	8.2	
118.9	82.0	145.9	-36.1	
64.7	74.6	180.4	-38.6	
-58.3	86.9	96.7	-14.0	
-139.4	84.4	52.4	-36.1	
-169.0	101.6	25.4	-28.7	
-154.2	82.0	-50.9	0.8	
-124.7	84.4	-95.2	64.7	
-80.4	77.0	-151.7	96.7	
-26.3	67.2	-119.8	82.0	
20.5	62.3	-33.7	52.4	
32.8	57.4	40.1	-21.4	
37.7	62.3	59.8	-100.1	
72.1	59.8	42.6	-124.7	
67.2	64.7	-21.4	-100.1	
69.7	57.4	-87.8	-58.3	
86.9	59.8	-97.6	-55.8	
62.3	62.3	-63.2	-33.7	
37.7	54.9	-31.2	-14.0	
8.2	50.0	-48.4	-16.4	
-50.9	57.4	-85.3	-50.9	
-46.0	47.5	-87.8	-23.8	
-41.0	54.9	-48.4	13.1	
-50.9	35.2	27.8	37.7	
-36.1	45.1	79.5	37.7	
-26.3	47.5	84.4	18.0	
-18.9	37.7	94.3	0.8	
-11.5	54.9	47.5	-1.7	
-23.8	42.6	30.3	-53.3	
-38.6	47.5	42.6	-31.2	
3.2	37.7	57.4	-18.9	
30.3	40.1	59.8	5.7	
45.1	42.6	22.9	15.5	
35.2	42.6	-9.1	15.5	
42.6	30.3	-4.1	8.2	
22.9	27.8	27.8	27.8	
3.2	22.9	13.1	52.4	
3.2	32.8	37.7	82.0	
37.7	15.5	86.9	86.9	
82.0	15.5	113.9	91.8	
79.5	15.5	96.7	82.0	
50.0	30.3	86.9	30.3	
18.0	30.3	57.4	-41.0	
-1.7	15.5	-36.1	-102.5	
-41.0	20.5	-92.7	-70.6	
-60.7	42.6	-105.0	-23.8	
-80.4	32.8	-127.1	-31.2	
-63.2	37.7	-139.4	-16.4	
-33.7	27.8	-146.8	0.8	
-14.0	35.2	-132.1	10.6	
3.2	32.8	-114.8	25.4	
30.3	37.7	-33.7	13.1	
40.1	32.8	52.4	13.1	
42.6	32.8	86.9	42.6	
50.0	42.6	128.7	37.7	
54.9	42.6	126.2	27.8	
37.7	37.7	138.5	30.3	
32.8	27.8	111.5	5.7	
35.2	27.8	96.7	5.7	
27.8	37.7	69.7	15.5	
0.8	27.8	40.1	22.9	
-4.1	32.8	27.8	5.7	
15.5	47.5	5.7	27.8	
30.3	25.4	-6.6	72.1	
32.8	22.9	-23.8	84.4	
40.1	32.8	-41.0	96.7	
35.2	37.7	-50.9	67.2	
15.5	47.5	-65.6	3.2	
25.4	42.6	-53.3	-43.5	
18.0	54.9	-18.9	-80.4	
35.2	67.2	-1.7	-114.8	
32.8	52.4	32.8	-70.6	
15.5	47.5	64.7	-36.1	
35.2	52.4	86.9	-41.0	
40.1	45.1	96.7	-82.9	
54.9	50.0	121.3	-90.2	
50.0	30.3	116.4	-53.3	
52.4	50.0	77.0	-21.4	
42.6	45.1	57.4	-6.6	
15.5	45.1	22.9	-9.1	
-16.4	37.7	-9.1	-11.5	
-38.6	59.8	-21.4	-18.9	
-18.9	59.8	-38.6	-38.6	
0.8	42.6	-70.6	-28.7	
-6.6	37.7	-134.5	-14.0	
22.9	45.1	-137.0	22.9	
32.8	57.4	-18.9	15.5	
25.4	64.7	109.0	0.8	
37.7	57.4	173.0	-21.4	
32.8	50.0	182.8	3.2	
27.8	52.4	84.4	20.5	
-1.7	57.4	64.7	3.2	
-9.1	54.9	67.2	5.7	
-18.9	50.0	84.4	30.3	
-1.7	57.4	82.0	45.1	
3.2	52.4	82.0	47.5	
10.6	54.9	-9.1	64.7	
25.4	45.1	-68.1	40.1	
37.7	30.3	-85.3	32.8	
27.8	35.2	-80.4	40.1	
50.0	27.8	-26.3	45.1	
57.4	22.9	8.2	37.7	
42.6	25.4	-14.0	40.1	
27.8	35.2	-23.8	57.4	
42.6	40.1	-9.1	54.9	
62.3	59.8	22.9	27.8	
128.7	45.1	77.0	27.8	
138.5	5.7	74.6	35.2	
99.2	13.1	72.1	64.7	
64.7	20.5	52.4	42.6	
15.5	37.7	77.0	5.7	
-36.1	40.1	89.3	35.2	
-109.9	52.4	74.6	74.6	
-151.7	27.8	15.5	168.1	
-114.8	62.3	-43.5	254.2	
-50.9	121.3	-164.0	249.2	
35.2	163.1	-203.4	170.5	
94.3	148.4	-137.0	84.4	
77.0	133.6	-48.4	-68.1	
79.5	111.5	-21.4	-262.4	
89.3	99.2	-18.9	-250.1	
106.6	96.7	27.8	-193.6	
116.4	89.3	77.0	-114.8	
74.6	82.0	72.1	-75.5	
45.1	62.3	15.5	-63.2	
47.5	72.1	0.8	-58.3	
-26.3	74.6	-11.5	-14.0	
-117.3	54.9	-70.6	-14.0	
-181.3	45.1	-58.3	-23.8	
-171.4	45.1	-53.3	-28.7	
-129.6	62.3	-38.6	-33.7	
-127.1	79.5	-21.4	-28.7	
-70.6	77.0	-33.7	-6.6	
-9.1	89.3	-6.6	-16.4	
8.2	72.1	22.9	-21.4	
25.4	72.1	25.4	-9.1	
13.1	57.4	30.3	-1.7	
-4.1	62.3	62.3	-26.3	
-21.4	52.4	111.5	-48.4	
0.8	47.5	101.6	-38.6	
-1.7	62.3	118.9	-18.9	
0.8	77.0	79.5	-23.8	
-14.0	86.9	72.1	27.8	
-9.1	52.4	67.2	40.1	
-4.1	22.9	42.6	30.3	
18.0	32.8	25.4	-1.7	
25.4	47.5	18.0	5.7	
22.9	47.5	-41.0	-4.1	
25.4	40.1	-80.4	-36.1	
45.1	32.8	-109.9	-28.7	
45.1	13.1	-28.7	-21.4	
50.0	20.5	20.5	15.5	
59.8	30.3	62.3	5.7	
62.3	42.6	69.7	-9.1	
47.5	59.8	91.8	-26.3	
57.4	57.4	74.6	-46.0	
37.7	47.5	57.4	-41.0	
37.7	37.7	89.3	-28.7	
37.7	45.1	45.1	18.0	
45.1	40.1	25.4	42.6	
20.5	8.2	8.2	35.2	
25.4	5.7	5.7	8.2	
20.5	0.8	-55.8	15.5	
25.4	-4.1	-65.6	-6.6	
25.4	15.5	-26.3	-43.5	
15.5	18.0	-85.3	-73.0	
20.5	-4.1	-107.5	-50.9	
8.2	5.7	-4.1	-11.5	
27.8	8.2	37.7	13.1	
72.1	5.7	77.0	47.5	
94.3	-6.6	128.7	106.6	
89.3	3.2	138.5	52.4	
86.9	22.9	138.5	15.5	
64.7	42.6	126.2	8.2	
37.7	47.5	111.5	15.5	
-1.7	37.7	47.5	13.1	
-16.4	10.6	5.7	10.6	
-48.4	-1.7	22.9	18.0	
-43.5	-6.6	59.8	22.9	
-21.4	-16.4	57.4	18.0	
5.7	-18.9	3.2	3.2	
35.2	5.7	-31.2	5.7	
50.0	10.6	-9.1	-14.0	
42.6	18.0	0.8	-1.7	
15.5	18.0	10.6	-1.7	
-4.1	25.4	-11.5	0.8	
-50.9	18.0	-46.0	-1.7	
-50.9	20.5	8.2	13.1	
-55.8	18.0	10.6	8.2	
-14.0	27.8	69.7	3.2	
0.8	15.5	136.1	15.5	
15.5	25.4	200.0	27.8	
25.4	25.4	197.6	40.1	
30.3	15.5	106.6	8.2	
32.8	22.9	59.8	13.1	
37.7	25.4	35.2	18.0	
25.4	27.8	-41.0	18.0	
27.8	22.9	-60.7	0.8	
27.8	22.9	-124.7	32.8	
27.8	22.9	-237.8	18.0	
15.5	27.8	-252.6	0.8	
27.8	20.5	-208.3	3.2	
35.2	20.5	-124.7	-6.6	
45.1	15.5	-60.7	8.2	
32.8	27.8	-77.9	0.8	
50.0	32.8	-28.7	15.5	
42.6	20.5	45.1	10.6	
45.1	18.0	99.2	-14.0	
64.7	18.0	155.8	3.2	
54.9	22.9	133.6	-4.1	
62.3	18.0	91.8	-16.4	
57.4	32.8	89.3	-26.3	
52.4	37.7	82.0	-23.8	
32.8	52.4	101.6	-28.7	
0.8	45.1	52.4	-14.0	
-38.6	32.8	-1.7	-21.4	
-48.4	35.2	-28.7	15.5	
-1.7	37.7	-18.9	74.6	
20.5	20.5	-4.1	72.1	
57.4	32.8	0.8	50.0	
54.9	27.8	22.9	22.9	
22.9	32.8	89.3	13.1	
5.7	27.8	82.0	15.5	
20.5	50.0	94.3	10.6	
62.3	32.8	133.6	-1.7	
126.2	35.2	126.2	-1.7	
182.8	20.5	121.3	-28.7	
187.7	22.9	94.3	-9.1	
148.4	32.8	13.1	5.7	
91.8	30.3	-132.1	18.0	
10.6	22.9	-193.6	10.6	
-85.3	13.1	-105.0	3.2	
-149.3	10.6	-87.8	8.2	
-181.3	-1.7	-112.4	-1.7	
-166.5	3.2	-107.5	30.3	
-144.4	-9.1	-80.4	42.6	
-82.9	-14.0	-41.0	25.4	
-21.4	8.2	-1.7	-9.1	
10.6	25.4	30.3	-46.0	
40.1	8.2	18.0	-50.9	
54.9	18.0	5.7	-11.5	
79.5	45.1	8.2	37.7	
72.1	69.7	32.8	45.1	
67.2	64.7	101.6	35.2	
50.0	62.3	143.5	25.4	
10.6	84.4	143.5	8.2	
-90.2	74.6	160.7	8.2	
-137.0	45.1	145.9	-33.7	
-102.5	45.1	155.8	-18.9	
-26.3	30.3	136.1	-23.8	
35.2	18.0	101.6	3.2	
52.4	0.8	82.0	-1.7	
54.9	-36.1	45.1	13.1	
30.3	-11.5	18.0	10.6	
8.2	-1.7	30.3	8.2	
-11.5	-14.0	74.6	10.6	
-28.7	18.0	118.9	5.7	
-33.7	5.7	101.6	32.8	
-60.7	10.6	72.1	62.3	
-53.3	18.0	35.2	0.8	
-38.6	20.5	40.1	-9.1	
-9.1	30.3	-28.7	27.8	
8.2	25.4	-58.3	50.0	
20.5	22.9	-127.1	32.8	
45.1	8.2	-159.1	-18.9	
54.9	-11.5	-196.0	-41.0	
64.7	-6.6	-176.3	-36.1	
54.9	5.7	-73.0	-38.6	
57.4	8.2	27.8	-36.1	
47.5	10.6	67.2	-1.7	
32.8	10.6	32.8	0.8	
5.7	8.2	30.3	-11.5	
-14.0	8.2	22.9	13.1	
5.7	5.7	0.8	20.5	
3.2	18.0	-14.0	59.8	
18.0	10.6	30.3	165.6	
18.0	10.6	27.8	219.7	
5.7	3.2	8.2	232.0	
27.8	10.6	-48.4	192.7	
64.7	5.7	-109.9	143.5	
89.3	18.0	-38.6	-23.8	
104.1	35.2	-28.7	-171.4	
121.3	8.2	-43.5	-137.0	
94.3	8.2	-23.8	-122.2	
84.4	-1.7	-16.4	-156.7	
50.0	10.6	8.2	-166.5	
5.7	5.7	50.0	-107.5	
-38.6	8.2	84.4	-119.8	
-9.1	-1.7	67.2	-105.0	
-18.9	10.6	45.1	-18.9	
-53.3	10.6	52.4	47.5	
-55.8	32.8	91.8	89.3	
-36.1	30.3	116.4	79.5	
-18.9	40.1	126.2	50.0	
-33.7	45.1	91.8	47.5	
-33.7	27.8	30.3	8.2	
-38.6	45.1	-36.1	18.0	
-50.9	27.8	-50.9	20.5	
-65.6	37.7	-26.3	15.5	
-46.0	35.2	-26.3	35.2	
-33.7	30.3	-33.7	32.8	
-16.4	27.8	-31.2	30.3	
10.6	18.0	-26.3	32.8	
5.7	35.2	-14.0	45.1	
35.2	35.2	64.7	54.9	
45.1	42.6	101.6	20.5	
40.1	30.3	96.7	18.0	
59.8	35.2	42.6	13.1	
52.4	22.9	-6.6	18.0	
62.3	10.6	-38.6	13.1	
67.2	-4.1	-26.3	40.1	
57.4	15.5	-60.7	35.2	
47.5	30.3	-82.9	25.4	
52.4	94.3	-70.6	20.5	
22.9	86.9	-53.3	0.8	
20.5	35.2	-23.8	13.1	
8.2	15.5	20.5	15.5	
-9.1	52.4	3.2	13.1	
-1.7	47.5	5.7	18.0	
30.3	30.3	22.9	8.2	
77.0	32.8	69.7	-14.0	
67.2	25.4	67.2	-14.0	
59.8	15.5	64.7	-1.7	
22.9	18.0	72.1	10.6	
5.7	20.5	64.7	18.0	
-21.4	30.3	8.2	37.7	
-26.3	57.4	10.6	42.6	
-26.3	45.1	-23.8	45.1	
-28.7	74.6	-73.0	20.5	
-41.0	54.9	-36.1	0.8	
-50.9	25.4	-28.7	-14.0	
-85.3	3.2	22.9	-1.7	
-77.9	3.2	59.8	5.7	
-41.0	10.6	104.1	3.2	
27.8	18.0	101.6	-4.1	
67.2	22.9	116.4	8.2	
77.0	13.1	118.9	8.2	
72.1	13.1	111.5	-11.5	
62.3	22.9	104.1	13.1	
37.7	10.6	91.8	20.5	
27.8	30.3	50.0	3.2	
25.4	30.3	-26.3	-6.6	
-1.7	18.0	-73.0	-6.6	
-41.0	25.4	-90.2	15.5	
-9.1	45.1	-75.5	3.2	
-31.2	47.5	-80.4	-11.5	
-58.3	22.9	-100.1	-18.9	
-21.4	52.4	-90.2	-14.0	
3.2	82.0	-58.3	-18.9	
-6.6	91.8	-41.0	-18.9	
-11.5	74.6	-23.8	-9.1	
-46.0	54.9	18.0	-14.0	
-60.7	22.9	50.0	-14.0	
-23.8	-28.7	74.6	-4.1	
15.5	-16.4	62.3	-6.6	
67.2	-1.7	47.5	-4.1	
101.6	35.2	25.4	-16.4	
101.6	42.6	13.1	-9.1	
79.5	30.3	27.8	-11.5	
74.6	37.7	27.8	8.2	
62.3	10.6	8.2	-38.6	
40.1	18.0	-11.5	-33.7	
8.2	25.4	-28.7	-16.4	
-18.9	8.2	-33.7	20.5	
-41.0	0.8	-36.1	30.3	
0.8	-6.6	-16.4	22.9	
10.6	-6.6	-28.7	35.2	
0.8	-9.1	-55.8	45.1	
-14.0	3.2	-75.5	37.7	
-9.1	0.8	-38.6	25.4	
13.1	10.6	45.1	22.9	
42.6	25.4	74.6	-4.1	
32.8	35.2	62.3	-14.0	
-6.6	25.4	77.0	-6.6	
-23.8	35.2	104.1	20.5	
-43.5	22.9	67.2	27.8	
-68.1	27.8	5.7	22.9	
-46.0	5.7	-9.1	15.5	
-1.7	3.2	-4.1	30.3	
20.5	13.1	-43.5	37.7	
20.5	18.0	-33.7	30.3	
18.0	37.7	-14.0	25.4	
15.5	37.7	13.1	35.2	
3.2	35.2	5.7	47.5	
10.6	30.3	27.8	52.4	
-1.7	22.9	27.8	30.3	
-4.1	37.7	22.9	42.6	
10.6	27.8	5.7	40.1	
37.7	25.4	-28.7	45.1	
42.6	8.2	-33.7	35.2	
37.7	-11.5	-38.6	10.6	
27.8	37.7	-14.0	8.2	
18.0	62.3	-6.6	22.9	
27.8	59.8	3.2	30.3	
32.8	47.5	-1.7	18.0	
40.1	27.8	-14.0	8.2	
47.5	20.5	-6.6	-18.9	
42.6	22.9	-26.3	0.8	
40.1	27.8	-65.6	13.1	
40.1	25.4	-55.8	8.2	
54.9	22.9	-50.9	30.3	
57.4	35.2	-21.4	32.8	
40.1	35.2	-26.3	40.1	
30.3	32.8	-9.1	15.5	
59.8	35.2	15.5	77.0	
69.7	32.8	-46.0	57.4	
59.8	42.6	-82.9	32.8	
45.1	-1.7	-97.6	22.9	
42.6	8.2	-77.9	15.5	
13.1	-1.7	-58.3	-6.6	
-1.7	0.8	-80.4	-18.9	
-21.4	22.9	-97.6	-36.1	
-21.4	35.2	-141.9	-33.7	
-26.3	37.7	-141.9	-58.3	
-53.3	37.7	13.1	-4.1	
-33.7	32.8	138.5	22.9	
-1.7	20.5	148.4	5.7	
8.2	13.1	170.5	22.9	
3.2	10.6	153.3	18.0	
-1.7	10.6	150.8	0.8	
-6.6	5.7	138.5	-6.6	
-38.6	5.7	136.1	-6.6	
-21.4	20.5	136.1	22.9	
-1.7	15.5	128.7	35.2	
8.2	25.4	79.5	-6.6	
-1.7	27.8	40.1	0.8	
-16.4	18.0	-46.0	20.5	
0.8	22.9	-171.4	18.0	
22.9	37.7	-210.8	35.2	
52.4	37.7	-122.2	-6.6	
96.7	42.6	-70.6	-16.4	
123.8	47.5	-95.2	-11.5	
106.6	54.9	-80.4	-6.6	
74.6	64.7	13.1	-9.1	
40.1	45.1	47.5	8.2	
8.2	18.0	22.9	5.7	
-48.4	42.6	69.7	-11.5	
-70.6	25.4	128.7	-16.4	
-68.1	47.5	86.9	0.8	
-60.7	30.3	113.9	-9.1	
-14.0	22.9	69.7	-16.4	
40.1	-1.7	-16.4	-4.1	
91.8	5.7	-70.6	5.7	
111.5	20.5	-164.0	-9.1	
116.4	5.7	-200.9	5.7	
82.0	-65.6	-205.9	-28.7	
27.8	-90.2	-255.1	-41.0	
-6.6	-73.0	-277.2	-87.8	
-26.3	-43.5	-200.9	-102.5	
-48.4	30.3	-53.3	-75.5	
-68.1	57.4	59.8	-14.0	
-75.5	86.9	111.5	52.4	
-77.9	59.8	145.9	86.9	
-50.9	42.6	173.0	84.4	
-28.7	69.7	173.0	59.8	
8.2	133.6	131.2	8.2	
5.7	133.6	113.9	-33.7	
5.7	104.1	67.2	-21.4	
-1.7	77.0	18.0	-1.7	
8.2	77.0	-11.5	-6.6	
10.6	52.4	-60.7	-18.9	
0.8	45.1	-107.5	-28.7	
-4.1	37.7	-109.9	-16.4	
-9.1	54.9	-95.2	-31.2	
-16.4	30.3	-97.6	-11.5	
0.8	3.2	-65.6	-21.4	
18.0	-11.5	5.7	-23.8	
37.7	15.5	3.2	-14.0	
57.4	0.8	-33.7	-14.0	
37.7	5.7	-41.0	-11.5	
22.9	-1.7	-36.1	-14.0	
15.5	10.6	-33.7	-14.0	
-1.7	8.2	-38.6	-14.0	
-9.1	0.8	-102.5	-23.8	
-9.1	-4.1	-80.4	-28.7	
0.8	-1.7	-28.7	-16.4	
13.1	18.0	-9.1	-16.4	
20.5	20.5	5.7	-14.0	
20.5	-1.7	37.7	-9.1	
15.5	-6.6	25.4	-9.1	
27.8	3.2	-28.7	-6.6	
40.1	0.8	-16.4	-11.5	
52.4	-1.7	-14.0	3.2	
72.1	-9.1	8.2	5.7	
57.4	0.8	20.5	-14.0	
40.1	-4.1	-75.5	-6.6	
42.6	-28.7	-132.1	-1.7	
50.0	-16.4	-173.9	-4.1	
54.9	-14.0	-132.1	5.7	
42.6	-16.4	-65.6	-4.1	
45.1	-1.7	54.9	10.6	
32.8	-9.1	141.0	0.8	
64.7	3.2	77.0	3.2	
64.7	5.7	30.3	0.8	
30.3	-1.7	-1.7	-4.1	
5.7	-11.5	-11.5	8.2	
-41.0	-9.1	5.7	8.2	
-70.6	15.5	45.1	15.5	
-80.4	22.9	10.6	15.5	
-90.2	13.1	-75.5	5.7	
-53.3	8.2	-77.9	18.0	
-46.0	8.2	-23.8	37.7	
-9.1	10.6	15.5	74.6	
15.5	5.7	42.6	69.7	
42.6	8.2	42.6	59.8	
27.8	15.5	3.2	64.7	
18.0	10.6	-36.1	42.6	
40.1	3.2	-105.0	-1.7	
37.7	8.2	-23.8	-38.6	
-14.0	3.2	52.4	-21.4	
-26.3	20.5	111.5	-31.2	
15.5	20.5	109.0	-4.1	
57.4	25.4	91.8	18.0	
54.9	30.3	91.8	25.4	
57.4	35.2	82.0	-1.7	
54.9	27.8	96.7	0.8	
32.8	25.4	111.5	-18.9	
22.9	32.8	52.4	-14.0	
-46.0	20.5	-26.3	5.7	
-132.1	20.5	-11.5	18.0	
-122.2	15.5	-53.3	27.8	
-60.7	20.5	-68.1	35.2	
-26.3	20.5	-73.0	3.2	
-18.9	18.0	-109.9	-16.4	
10.6	25.4	-50.9	13.1	
18.0	32.8	-85.3	10.6	
25.4	25.4	-97.6	-28.7	
52.4	32.8	-90.2	-4.1	
69.7	22.9	-48.4	20.5	
72.1	18.0	-16.4	22.9	
45.1	35.2	-4.1	25.4	
8.2	30.3	-26.3	32.8	
10.6	18.0	8.2	32.8	
18.0	0.8	37.7	27.8	
18.0	5.7	50.0	10.6	
20.5	8.2	35.2	8.2	
20.5	8.2	45.1	-18.9	
22.9	10.6	30.3	-16.4	
8.2	-1.7	47.5	20.5	
37.7	15.5	0.8	13.1	
77.0	20.5	-4.1	10.6	
89.3	50.0	37.7	-1.7	
84.4	42.6	20.5	13.1	
52.4	40.1	30.3	-9.1	
27.8	22.9	32.8	-9.1	
18.0	20.5	45.1	22.9	
-16.4	32.8	64.7	47.5	
-43.5	25.4	96.7	22.9	
-80.4	30.3	45.1	-4.1	
-33.7	15.5	57.4	-4.1	
52.4	27.8	52.4	-6.6	
136.1	20.5	-43.5	25.4	
148.4	35.2	-85.3	18.0	
136.1	8.2	-97.6	0.8	
104.1	-16.4	-82.9	-11.5	
47.5	-43.5	-82.9	-38.6	
-11.5	18.0	-58.3	-53.3	
-80.4	45.1	-112.4	-55.8	
-169.0	0.8	-87.8	-41.0	
-223.1	0.8	-60.7	8.2	
-161.6	-1.7	-53.3	27.8	
-65.6	15.5	-11.5	69.7	
-33.7	52.4	126.2	45.1	
-1.7	57.4	141.0	15.5	
22.9	57.4	180.4	20.5	
25.4	64.7	136.1	27.8	
13.1	94.3	20.5	27.8	
-11.5	131.2	-134.5	18.0	
-23.8	126.2	-252.6	-6.6	
-28.7	67.2	-274.7	-46.0	
-55.8	57.4	-299.3	-70.6	
-38.6	54.9	-326.4	-105.0	
13.1	37.7	-323.9	-105.0	
32.8	25.4	-287.0	-68.1	
32.8	27.8	-169.0	96.7	
59.8	32.8	-6.6	212.3	
62.3	25.4	8.2	155.8	
69.7	22.9	45.1	32.8	
57.4	35.2	57.4	-95.2	
54.9	37.7	86.9	-146.8	
13.1	40.1	126.2	-109.9	
-1.7	30.3	143.5	-38.6	
-14.0	27.8	113.9	5.7	
-33.7	50.0	52.4	91.8	
-36.1	35.2	25.4	84.4	
-28.7	47.5	42.6	37.7	
-21.4	32.8	40.1	22.9	
20.5	25.4	69.7	18.0	
42.6	50.0	45.1	-28.7	
52.4	35.2	-23.8	-50.9	
57.4	22.9	-70.6	-48.4	
50.0	25.4	-112.4	-28.7	
35.2	5.7	-23.8	13.1	
5.7	-1.7	30.3	62.3	
8.2	32.8	-28.7	82.0	
13.1	40.1	-107.5	32.8	
18.0	45.1	-129.6	-14.0	
8.2	25.4	-109.9	-11.5	
5.7	20.5	-50.9	-43.5	
5.7	15.5	-1.7	-36.1	
18.0	27.8	72.1	3.2	
18.0	37.7	77.0	-11.5	
18.0	25.4	54.9	5.7	
15.5	30.3	50.0	-4.1	
15.5	25.4	62.3	22.9	
3.2	25.4	50.0	-1.7	
-1.7	37.7	50.0	0.8	
10.6	37.7	32.8	-14.0	
15.5	22.9	15.5	-4.1	
15.5	20.5	8.2	-16.4	
22.9	32.8	22.9	15.5	
15.5	25.4	79.5	13.1	
15.5	-4.1	101.6	0.8	
27.8	-4.1	104.1	0.8	
20.5	-16.4	52.4	-4.1	
30.3	5.7	13.1	-1.7	
30.3	20.5	-4.1	5.7	
35.2	27.8	-107.5	0.8	
32.8	20.5	-114.8	-1.7	
35.2	22.9	-102.5	3.2	
27.8	67.2	-33.7	-18.9	
45.1	45.1	22.9	-4.1	
15.5	40.1	27.8	0.8	
-14.0	59.8	-28.7	13.1	
-11.5	18.0	-1.7	13.1	
-11.5	-11.5	25.4	30.3	
-26.3	-11.5	25.4	37.7	
-18.9	3.2	5.7	35.2	
-11.5	3.2	-4.1	13.1	
-1.7	27.8	59.8	10.6	
15.5	42.6	121.3	13.1	
15.5	40.1	101.6	3.2	
5.7	25.4	69.7	8.2	
8.2	32.8	96.7	25.4	
5.7	32.8	69.7	50.0	
18.0	27.8	35.2	45.1	
15.5	30.3	10.6	10.6	
10.6	47.5	-28.7	3.2	
5.7	27.8	-100.1	18.0	
10.6	18.0	-149.3	18.0	
32.8	15.5	-109.9	-11.5	
32.8	18.0	-73.0	-1.7	
40.1	18.0	-119.8	30.3	
42.6	30.3	-107.5	126.2	
52.4	3.2	-68.1	91.8	
47.5	5.7	-75.5	8.2	
20.5	20.5	-144.4	-14.0	
20.5	47.5	-102.5	-26.3	
22.9	42.6	-82.9	8.2	
20.5	40.1	-53.3	-6.6	
3.2	15.5	45.1	-9.1	
-4.1	22.9	116.4	-14.0	
18.0	5.7	136.1	-11.5	
52.4	-1.7	118.9	25.4	
82.0	-4.1	64.7	35.2	
96.7	0.8	30.3	25.4	
116.4	30.3	-11.5	25.4	
121.3	59.8	-33.7	25.4	
118.9	45.1	-85.3	27.8	
94.3	35.2	-137.0	8.2	
52.4	42.6	-119.8	-4.1	
-1.7	32.8	-95.2	-21.4	
-18.9	40.1	-46.0	0.8	
-70.6	67.2	22.9	-6.6	
-77.9	67.2	126.2	8.2	
-90.2	45.1	133.6	13.1	
-58.3	15.5	126.2	10.6	
-11.5	18.0	121.3	-18.9	
25.4	22.9	109.0	-28.7	
40.1	20.5	57.4	-80.4	
-1.7	18.0	35.2	-92.7	
-41.0	22.9	8.2	-50.9	
-60.7	18.0	10.6	18.0	
-107.5	25.4	-23.8	89.3	
-107.5	32.8	-43.5	89.3	
-75.5	35.2	-53.3	72.1	
-46.0	18.0	-38.6	3.2	
10.6	32.8	-85.3	-11.5	
54.9	30.3	-196.0	-26.3	
57.4	13.1	-159.1	-28.7	
37.7	27.8	-82.9	-58.3	
18.0	18.0	-9.1	-53.3	
-21.4	30.3	-11.5	-16.4	
-100.1	52.4	13.1	52.4	
-97.6	67.2	35.2	52.4	
-33.7	47.5	91.8	10.6	
3.2	42.6	133.6	0.8	
42.6	47.5	187.7	10.6	
67.2	35.2	224.6	-9.1	
91.8	27.8	205.0	-31.2	
57.4	40.1	113.9	-48.4	
37.7	35.2	89.3	-65.6	
8.2	32.8	-1.7	-14.0	
-11.5	20.5	-109.9	52.4	
-31.2	-6.6	-149.3	111.5	
-38.6	-9.1	-191.1	79.5	
-38.6	-38.6	-196.0	15.5	
-31.2	-21.4	-151.7	-28.7	
-33.7	-11.5	-92.7	-85.3	
-6.6	35.2	-92.7	-31.2	
5.7	27.8	-36.1	18.0	
5.7	54.9	18.0	-18.9	
5.7	52.4	42.6	-68.1	
-11.5	52.4	45.1	-60.7	
-9.1	72.1	59.8	25.4	
22.9	106.6	94.3	101.6	
30.3	89.3	59.8	133.6	
42.6	64.7	67.2	128.7	
47.5	47.5	96.7	57.4	
45.1	45.1	52.4	-21.4	
32.8	42.6	20.5	-23.8	
32.8	32.8	-16.4	-4.1	
22.9	15.5	-46.0	3.2	
-11.5	25.4	-75.5	-1.7	
-14.0	18.0	-46.0	-23.8	
-6.6	18.0	-100.1	-4.1	
18.0	18.0	-228.0	13.1	
42.6	15.5	-215.7	-16.4	
54.9	37.7	-176.3	-18.9	
69.7	50.0	-218.2	-4.1	
67.2	32.8	-134.5	37.7	
54.9	15.5	10.6	91.8	
47.5	35.2	113.9	104.1	
27.8	22.9	96.7	52.4	
0.8	-1.7	57.4	18.0	
-11.5	3.2	20.5	18.0	
-6.6	3.2	35.2	5.7	
3.2	15.5	40.1	8.2	
-4.1	-28.7	47.5	8.2	
-4.1	-36.1	22.9	18.0	
8.2	13.1	3.2	8.2	
0.8	32.8	5.7	3.2	
5.7	20.5	-14.0	10.6	
22.9	3.2	-73.0	13.1	
22.9	-9.1	-53.3	15.5	
27.8	15.5	-68.1	13.1	
10.6	57.4	-31.2	32.8	
25.4	52.4	13.1	8.2	
10.6	37.7	25.4	-18.9	
22.9	35.2	13.1	-4.1	
20.5	35.2	8.2	-4.1	
32.8	32.8	-6.6	-14.0	
25.4	20.5	59.8	3.2	
18.0	13.1	91.8	22.9	
20.5	18.0	96.7	42.6	
27.8	27.8	-21.4	32.8	
22.9	13.1	-18.9	47.5	
27.8	32.8	10.6	10.6	
25.4	27.8	3.2	18.0	
25.4	25.4	-21.4	-18.9	
20.5	30.3	-33.7	-9.1	
25.4	30.3	-43.5	-16.4	
25.4	18.0	-48.4	-23.8	
18.0	8.2	10.6	-28.7	
20.5	13.1	20.5	30.3	
22.9	13.1	91.8	15.5	
22.9	30.3	109.0	15.5	
22.9	27.8	59.8	104.1	
18.0	25.4	5.7	197.6	
18.0	32.8	-38.6	234.5	
20.5	35.2	-31.2	256.6	
18.0	22.9	18.0	214.8	
18.0	27.8	42.6	25.4	
32.8	35.2	10.6	-178.8	
35.2	35.2	-41.0	-370.7	
45.1	40.1	-23.8	-296.9	
62.3	40.1	0.8	-164.0	
72.1	37.7	0.8	-58.3	
64.7	30.3	10.6	-16.4	
54.9	32.8	35.2	-21.4	
59.8	25.4	32.8	-43.5	
62.3	27.8	-21.4	-16.4	
57.4	27.8	-77.9	-11.5	
54.9	18.0	-55.8	-1.7	
54.9	25.4	-82.9	5.7	
54.9	15.5	-28.7	-4.1	
37.7	35.2	-18.9	0.8	
-14.0	35.2	-6.6	13.1	
-102.5	35.2	37.7	20.5	
-119.8	37.7	45.1	20.5	
-46.0	32.8	86.9	18.0	
-18.9	45.1	101.6	18.0	
-23.8	32.8	79.5	22.9	
-14.0	27.8	50.0	30.3	
-1.7	30.3	-9.1	18.0	
-4.1	52.4	-82.9	8.2	
3.2	45.1	-100.1	8.2	
8.2	30.3	-87.8	20.5	
25.4	40.1	-117.3	5.7	
35.2	42.6	-117.3	20.5	
59.8	37.7	-90.2	22.9	
57.4	50.0	-28.7	3.2	
47.5	45.1	57.4	3.2	
47.5	35.2	131.2	13.1	
20.5	40.1	131.2	32.8	
-1.7	37.7	109.0	15.5	
-9.1	27.8	109.0	-11.5	
22.9	25.4	62.3	-11.5	
72.1	30.3	52.4	-14.0	
94.3	32.8	32.8	3.2	
94.3	45.1	86.9	-4.1	
72.1	25.4	96.7	18.0	
45.1	27.8	131.2	35.2	
-16.4	25.4	116.4	-1.7	
-77.9	35.2	91.8	-9.1	
-107.5	45.1	47.5	0.8	
-105.0	40.1	-14.0	-18.9	
-70.6	37.7	-38.6	-6.6	
-73.0	27.8	-124.7	13.1	
-85.3	35.2	-122.2	-9.1	
-85.3	45.1	-73.0	0.8	
-85.3	32.8	-14.0	-1.7	
-58.3	32.8	-4.1	-1.7	
-36.1	37.7	15.5	0.8	
0.8	42.6	116.4	-1.7	
5.7	37.7	150.8	0.8	
13.1	18.0	141.0	3.2	
13.1	25.4	37.7	0.8	
18.0	27.8	-100.1	-14.0	
30.3	15.5	-171.4	-4.1	
18.0	20.5	-154.2	0.8	
30.3	25.4	-114.8	-4.1	
32.8	32.8	-95.2	0.8	
40.1	40.1	-112.4	8.2	
27.8	67.2	-82.9	0.8	
18.0	72.1	-105.0	15.5	
37.7	57.4	-70.6	47.5	
50.0	10.6	-4.1	42.6	
37.7	30.3	37.7	67.2	
42.6	20.5	64.7	62.3	
42.6	10.6	37.7	32.8	
27.8	-31.2	52.4	-31.2	
40.1	-9.1	50.0	-48.4	
32.8	-11.5	-6.6	-73.0	
37.7	-23.8	-11.5	-60.7	
40.1	20.5	-58.3	-16.4	
37.7	42.6	-68.1	8.2	
15.5	74.6	-60.7	47.5	
22.9	91.8	-65.6	62.3	
15.5	67.2	-1.7	42.6	
10.6	42.6	50.0	15.5	
5.7	27.8	62.3	8.2	
13.1	40.1	77.0	10.6	
10.6	54.9	47.5	-4.1	
22.9	62.3	8.2	-23.8	
25.4	64.7	-50.9	-26.3	
18.0	59.8	-65.6	-11.5	
13.1	42.6	-16.4	-9.1	
15.5	5.7	-9.1	30.3	
22.9	40.1	-16.4	57.4	
10.6	42.6	-9.1	69.7	
0.8	27.8	3.2	59.8	
18.0	20.5	32.8	37.7	
27.8	15.5	72.1	13.1	
22.9	-4.1	79.5	-9.1	
30.3	-1.7	62.3	47.5	
27.8	-18.9	54.9	155.8	
27.8	-16.4	3.2	261.5	
35.2	-9.1	-87.8	296.0	
25.4	-4.1	-112.4	222.2	
15.5	20.5	-87.8	128.7	
18.0	62.3	-33.7	-28.7	
15.5	79.5	32.8	-306.7	
30.3	57.4	35.2	-429.7	
47.5	18.0	-4.1	-284.6	
77.0	52.4	-1.7	-87.8	
79.5	101.6	-23.8	18.0	
91.8	118.9	0.8	50.0	
89.3	116.4	42.6	52.4	
101.6	89.3	79.5	45.1	
101.6	47.5	79.5	59.8	
104.1	62.3	-16.4	52.4	
89.3	59.8	-58.3	72.1	
40.1	25.4	-43.5	37.7	
22.9	13.1	25.4	-28.7	
20.5	40.1	82.0	-16.4	
8.2	35.2	82.0	18.0	
-23.8	27.8	69.7	40.1	
-95.2	20.5	62.3	91.8	
-124.7	-4.1	89.3	123.8	
-176.3	-28.7	113.9	153.3	
-169.0	-9.1	118.9	165.6	
-109.9	-1.7	121.3	190.2	
-63.2	22.9	106.6	143.5	
-31.2	25.4	37.7	113.9	
-4.1	35.2	-4.1	42.6	
-14.0	42.6	-55.8	-85.3	
-21.4	27.8	-73.0	-117.3	
-6.6	47.5	-65.6	-129.6	
0.8	42.6	-63.2	-114.8	
18.0	42.6	-23.8	-1.7	
30.3	40.1	-31.2	-6.6	
35.2	52.4	-11.5	-18.9	
30.3	40.1	84.4	-9.1	
15.5	47.5	91.8	15.5	
-23.8	47.5	42.6	18.0	
-23.8	42.6	35.2	18.0	
3.2	32.8	27.8	8.2	
20.5	35.2	121.3	8.2	
42.6	30.3	89.3	10.6	
35.2	32.8	-33.7	5.7	
15.5	35.2	-129.6	18.0	
15.5	27.8	-141.9	18.0	
18.0	64.7	-97.6	30.3	
30.3	59.8	8.2	15.5	
25.4	35.2	86.9	10.6	
18.0	42.6	74.6	5.7	
30.3	40.1	18.0	-1.7	
25.4	32.8	-21.4	8.2	
22.9	25.4	-14.0	5.7	
30.3	25.4	-28.7	-14.0	
27.8	32.8	-46.0	-9.1	
15.5	47.5	-95.2	-1.7	
5.7	35.2	-134.5	-41.0	
-16.4	57.4	-48.4	5.7	
5.7	52.4	30.3	5.7	
-14.0	59.8	69.7	-53.3	
0.8	52.4	72.1	-18.9	
-23.8	54.9	67.2	8.2	
-11.5	42.6	50.0	-6.6	
22.9	50.0	52.4	-1.7	
40.1	27.8	37.7	-21.4	
45.1	20.5	18.0	3.2	
52.4	27.8	47.5	-4.1	
0.8	54.9	5.7	-31.2	
15.5	64.7	15.5	-33.7	
25.4	101.6	3.2	5.7	
32.8	104.1	3.2	-1.7	
22.9	77.0	-23.8	13.1	
18.0	64.7	3.2	-1.7	
37.7	86.9	-23.8	-36.1	
27.8	47.5	-60.7	-9.1	
22.9	-11.5	-38.6	27.8	
22.9	-28.7	-4.1	37.7	
20.5	-26.3	-16.4	18.0	
18.0	-33.7	10.6	35.2	
20.5	-14.0	32.8	52.4	
35.2	-14.0	3.2	22.9	
45.1	-23.8	-26.3	-55.8	
52.4	-14.0	-33.7	-80.4	
20.5	5.7	20.5	-114.8	
27.8	30.3	42.6	-85.3	
20.5	69.7	35.2	-87.8	
10.6	62.3	-14.0	-26.3	
-16.4	47.5	-21.4	5.7	
-43.5	42.6	13.1	20.5	
-38.6	27.8	91.8	8.2	
-36.1	25.4	59.8	5.7	
-28.7	69.7	67.2	27.8	
-6.6	79.5	57.4	52.4	
10.6	82.0	8.2	54.9	
0.8	79.5	8.2	54.9	
-4.1	62.3	13.1	45.1	
-4.1	30.3	-28.7	37.7	
25.4	30.3	-92.7	-4.1	
35.2	32.8	-114.8	-65.6	
32.8	42.6	-73.0	-16.4	
25.4	47.5	-16.4	30.3	
32.8	35.2	-31.2	42.6	
10.6	30.3	-6.6	30.3	
3.2	59.8	5.7	22.9	
8.2	37.7	25.4	10.6	
25.4	32.8	-6.6	18.0	
82.0	27.8	-38.6	47.5	
89.3	32.8	-46.0	74.6	
40.1	20.5	-68.1	96.7	
32.8	18.0	25.4	109.0	
86.9	22.9	82.0	101.6	
126.2	-4.1	86.9	20.5	
173.0	-18.9	109.0	-43.5	
182.8	-16.4	99.2	-50.9	
217.3	-4.1	111.5	-60.7	
273.8	8.2	67.2	-92.7	
323.0	0.8	-23.8	-53.3	
293.5	-6.6	-31.2	8.2	
163.1	3.2	-38.6	15.5	
42.6	-28.7	3.2	8.2	
-80.4	-9.1	0.8	10.6	
-159.1	-1.7	-114.8	57.4	
-178.8	-26.3	-215.7	77.0	
-186.2	-16.4	-225.5	96.7	
-164.0	25.4	-149.3	94.3	
-154.2	54.9	-16.4	106.6	
-144.4	64.7	22.9	69.7	
-156.7	67.2	3.2	-48.4	
-183.7	113.9	35.2	-77.9	
-164.0	133.6	62.3	-112.4	
-124.7	96.7	84.4	-38.6	
-193.6	96.7	69.7	20.5	
-250.1	69.7	22.9	96.7	
-191.1	72.1	-16.4	99.2	
-132.1	77.0	-11.5	126.2	
-105.0	84.4	-9.1	25.4	
-50.9	57.4	-6.6	27.8	
-36.1	62.3	5.7	-26.3	
-1.7	45.1	-16.4	-18.9	
35.2	-14.0	-36.1	-33.7	
74.6	-38.6	-46.0	-48.4	
96.7	-14.0	-4.1	13.1	
69.7	32.8	74.6	-1.7	
32.8	40.1	121.3	3.2	
30.3	30.3	101.6	-21.4	
22.9	62.3	47.5	-26.3	
-21.4	47.5	13.1	-4.1	
5.7	35.2	-14.0	10.6	
40.1	47.5	-6.6	3.2	
35.2	64.7	22.9	0.8	
18.0	59.8	74.6	-14.0	
3.2	42.6	64.7	-28.7	
13.1	59.8	57.4	-31.2	
35.2	50.0	77.0	10.6	
59.8	30.3	-28.7	74.6	
67.2	37.7	-178.8	101.6	
47.5	40.1	-200.9	126.2	
40.1	37.7	-188.6	145.9	
10.6	37.7	-178.8	106.6	
30.3	15.5	-161.6	22.9	
35.2	27.8	-87.8	-50.9	
47.5	59.8	-53.3	-119.8	
47.5	37.7	-48.4	-146.8	
37.7	45.1	-36.1	-169.0	
18.0	79.5	0.8	-159.1	
32.8	99.2	96.7	-75.5	
35.2	79.5	160.7	-38.6	
25.4	84.4	148.4	-18.9	
8.2	99.2	126.2	-50.9	
8.2	101.6	109.0	-38.6	
8.2	72.1	42.6	3.2	
8.2	22.9	13.1	18.0	
32.8	32.8	18.0	-4.1	
45.1	64.7	32.8	-28.7	
45.1	79.5	40.1	-41.0	
35.2	77.0	5.7	-33.7	
37.7	104.1	-11.5	-41.0	
22.9	101.6	20.5	0.8	
35.2	89.3	45.1	0.8	
8.2	91.8	54.9	-43.5	
18.0	74.6	62.3	-9.1	
18.0	59.8	32.8	-14.0	
22.9	72.1	30.3	-21.4	
20.5	72.1	50.0	-9.1	
30.3	77.0	18.0	30.3	
13.1	72.1	-60.7	62.3	
13.1	77.0	-92.7	91.8	
0.8	62.3	-41.0	99.2	
-6.6	67.2	-43.5	84.4	
-16.4	69.7	-70.6	0.8	
-28.7	64.7	-105.0	-65.6	
8.2	57.4	-75.5	-82.9	
42.6	69.7	-46.0	-141.9	
18.0	82.0	-18.9	-149.3	
3.2	77.0	13.1	-137.0	
-14.0	59.8	-18.9	-68.1	
-11.5	59.8	-31.2	-11.5	
15.5	42.6	-11.5	-1.7	
45.1	50.0	32.8	-21.4	
13.1	45.1	94.3	8.2	
3.2	52.4	128.7	18.0	
5.7	74.6	109.0	30.3	
5.7	104.1	62.3	32.8	
8.2	101.6	-21.4	37.7	
15.5	91.8	-26.3	40.1	
27.8	57.4	20.5	32.8	
8.2	54.9	69.7	5.7	
-16.4	47.5	35.2	57.4	
-21.4	59.8	5.7	42.6	
-9.1	47.5	30.3	45.1	
-11.5	59.8	45.1	40.1	
27.8	57.4	64.7	69.7	
54.9	67.2	18.0	64.7	
42.6	72.1	-46.0	77.0	
57.4	54.9	-107.5	86.9	
101.6	40.1	-63.2	77.0	
148.4	37.7	-16.4	35.2	
177.9	32.8	57.4	-46.0	
155.8	8.2	20.5	-75.5	
106.6	40.1	-31.2	-75.5	
25.4	20.5	-36.1	-38.6	
-26.3	54.9	-9.1	3.2	
-31.2	96.7	-6.6	32.8	
5.7	77.0	18.0	47.5	
0.8	77.0	57.4	52.4	
37.7	116.4	57.4	32.8	
74.6	99.2	59.8	13.1	
74.6	27.8	42.6	30.3	
59.8	42.6	30.3	37.7	
96.7	27.8	0.8	77.0	
20.5	54.9	-11.5	69.7	
-109.9	25.4	-9.1	20.5	
-200.9	10.6	0.8	-11.5	
-220.6	25.4	-23.8	-18.9	
-225.5	52.4	-68.1	-26.3	
-186.2	45.1	-92.7	-70.6	
-122.2	18.0	-75.5	-41.0	
-65.6	30.3	-41.0	0.8	
0.8	40.1	-41.0	-4.1	
18.0	40.1	-26.3	-1.7	
-14.0	35.2	0.8	13.1	
-16.4	27.8	-11.5	20.5	
-6.6	22.9	-36.1	42.6	
8.2	22.9	-11.5	37.7	
25.4	0.8	54.9	0.8	
47.5	5.7	77.0	-14.0	
30.3	45.1	30.3	-55.8	
67.2	32.8	32.8	-75.5	
77.0	-9.1	35.2	-38.6	
57.4	-36.1	47.5	-28.7	
-9.1	-16.4	54.9	-23.8	
-53.3	-9.1	10.6	-21.4	
-1.7	0.8	-28.7	-11.5	
3.2	-4.1	-63.2	15.5	
-23.8	10.6	-33.7	37.7	
-33.7	8.2	-36.1	45.1	
-43.5	-6.6	40.1	30.3	
-4.1	82.0	45.1	3.2	
3.2	121.3	30.3	27.8	
-6.6	118.9	5.7	-23.8	
-1.7	143.5	-4.1	-28.7	
22.9	145.9	-31.2	18.0	
18.0	96.7	-43.5	72.1	
8.2	72.1	-50.9	64.7	
3.2	62.3	-50.9	42.6	
-4.1	27.8	-33.7	8.2	
-16.4	5.7	-9.1	-23.8	
27.8	18.0	52.4	3.2	
40.1	13.1	32.8	18.0	
37.7	-26.3	-23.8	35.2	
27.8	-11.5	-11.5	57.4	
25.4	15.5	-21.4	72.1	
32.8	20.5	-26.3	47.5	
13.1	20.5	-11.5	5.7	
40.1	30.3	20.5	-18.9	
22.9	27.8	0.8	-16.4	
27.8	25.4	20.5	22.9	
30.3	8.2	30.3	42.6	
27.8	5.7	15.5	50.0	
18.0	15.5	37.7	59.8	
22.9	42.6	72.1	91.8	
15.5	22.9	57.4	99.2	
5.7	35.2	27.8	104.1	
10.6	37.7	-36.1	67.2	
20.5	52.4	-60.7	42.6	
13.1	52.4	-33.7	-18.9	
-4.1	42.6	-1.7	-50.9	
18.0	111.5	-82.9	-58.3	
13.1	158.2	-95.2	-68.1	
27.8	141.0	-65.6	-70.6	
40.1	133.6	-43.5	-46.0	
57.4	104.1	-4.1	-16.4	
52.4	84.4	20.5	0.8	
45.1	86.9	45.1	0.8	
27.8	123.8	67.2	30.3	
15.5	91.8	91.8	30.3	
0.8	82.0	82.0	18.0	
-26.3	82.0	77.0	8.2	
-46.0	96.7	74.6	-21.4	
-41.0	123.8	-4.1	-11.5	
-63.2	116.4	-36.1	32.8	
-21.4	101.6	-50.9	22.9	
42.6	111.5	-73.0	74.6	
77.0	101.6	-87.8	69.7	
136.1	82.0	-112.4	52.4	
192.7	64.7	-164.0	47.5	
276.3	69.7	-161.6	52.4	
305.8	69.7	-97.6	-36.1	
268.9	50.0	-58.3	-85.3	
227.1	62.3	-21.4	-55.8	
187.7	77.0	13.1	-53.3	
94.3	82.0	77.0	-60.7	
-6.6	62.3	89.3	-23.8	
-53.3	37.7	82.0	20.5	
-55.8	25.4	91.8	22.9	
-46.0	-9.1	99.2	20.5	
-41.0	-18.9	35.2	-23.8	
-102.5	-14.0	8.2	-33.7	
-196.0	-4.1	20.5	-21.4	
-277.2	-9.1	18.0	0.8	
-264.9	3.2	-9.1	40.1	
-210.8	27.8	-23.8	3.2	
-215.7	8.2	-48.4	0.8	
-250.1	32.8	-127.1	20.5	
-277.2	101.6	-109.9	18.0	
-203.4	158.2	-92.7	13.1	
-112.4	111.5	-46.0	20.5	
-102.5	64.7	22.9	3.2	
-82.9	77.0	118.9	-16.4	
-31.2	84.4	106.6	-21.4	
3.2	84.4	72.1	-26.3	
25.4	37.7	89.3	0.8	
22.9	27.8	62.3	57.4	
32.8	8.2	40.1	54.9	
32.8	-21.4	89.3	42.6	
27.8	-1.7	158.2	30.3	
35.2	-23.8	74.6	37.7	
40.1	-36.1	57.4	27.8	
32.8	-43.5	32.8	8.2	
22.9	-21.4	-11.5	0.8	
30.3	-16.4	-21.4	30.3	
32.8	-36.1	-33.7	50.0	
52.4	-1.7	-46.0	27.8	
37.7	-9.1	-70.6	0.8	
62.3	-14.0	-65.6	-28.7	
99.2	62.3	-18.9	-36.1	
74.6	32.8	10.6	3.2	
37.7	18.0	20.5	0.8	
59.8	18.0	54.9	47.5	
74.6	25.4	77.0	96.7	
57.4	96.7	64.7	72.1	
59.8	104.1	62.3	57.4	
32.8	89.3	22.9	18.0	
47.5	91.8	18.0	42.6	
54.9	72.1	8.2	25.4	
47.5	-9.1	20.5	27.8	
50.0	-70.6	27.8	5.7	
35.2	-107.5	-4.1	25.4	
45.1	-102.5	-6.6	5.7	
42.6	-124.7	62.3	5.7	
0.8	-137.0	77.0	8.2	
3.2	-63.2	45.1	35.2	
-1.7	-58.3	-46.0	27.8	
8.2	-68.1	-134.5	18.0	
13.1	-46.0	-146.8	50.0	
0.8	-36.1	-97.6	47.5	
3.2	-18.9	-14.0	5.7	
13.1	-46.0	47.5	27.8	
64.7	-28.7	15.5	18.0	
45.1	-31.2	-65.6	5.7	
52.4	-31.2	-73.0	-31.2	
45.1	-41.0	-6.6	-31.2	
59.8	-53.3	74.6	-31.2	
42.6	-68.1	82.0	-28.7	
40.1	-38.6	123.8	10.6	
22.9	-46.0	128.7	64.7	
25.4	-33.7	111.5	165.6	
13.1	-36.1	94.3	224.6	
0.8	-18.9	62.3	234.5	
8.2	3.2	-9.1	163.1	
20.5	-11.5	-41.0	-26.3	
13.1	-11.5	-33.7	-171.4	
15.5	32.8	-65.6	-279.7	
8.2	57.4	-60.7	-262.4	
20.5	0.8	-18.9	-144.4	
15.5	-36.1	59.8	-41.0	
15.5	-4.1	32.8	-18.9	
27.8	0.8	5.7	-4.1	
35.2	-16.4	8.2	8.2	
69.7	-11.5	-16.4	25.4	
101.6	-9.1	22.9	50.0	
72.1	-9.1	86.9	74.6	
30.3	-1.7	96.7	45.1	
42.6	13.1	67.2	-18.9	
32.8	-6.6	45.1	-38.6	
18.0	13.1	15.5	-4.1	
3.2	42.6	-1.7	-9.1	
-14.0	64.7	18.0	-4.1	
-14.0	62.3	40.1	20.5	
42.6	69.7	15.5	27.8	
62.3	32.8	-33.7	62.3	
94.3	42.6	-11.5	42.6	
79.5	13.1	13.1	8.2	
168.1	18.0	22.9	-14.0	
180.4	20.5	13.1	-23.8	
113.9	30.3	18.0	-53.3	
67.2	25.4	37.7	-18.9	
86.9	13.1	35.2	-11.5	
205.0	25.4	-6.6	-1.7	
350.1	10.6	0.8	-33.7	
347.6	8.2	13.1	-18.9	
254.2	8.2	8.2	-9.1	
170.5	10.6	10.6	10.6	
20.5	-6.6	-1.7	42.6	
-171.4	-11.5	-9.1	15.5	
-365.8	5.7	-26.3	35.2	
-464.2	37.7	-46.0	32.8	
-434.6	35.2	-23.8	10.6	
-314.1	18.0	0.8	-16.4	
-235.4	13.1	13.1	-16.4	
-124.7	3.2	32.8	22.9	
-33.7	64.7	35.2	40.1	
3.2	67.2	15.5	13.1	
-4.1	54.9	35.2	10.6	
-16.4	77.0	57.4	8.2	
-36.1	52.4	35.2	8.2	
-41.0	20.5	5.7	20.5	
-50.9	10.6	8.2	22.9	
-46.0	18.0	8.2	47.5	
-50.9	30.3	-6.6	50.0	
-23.8	47.5	0.8	25.4	
3.2	47.5	15.5	10.6	
32.8	42.6	84.4	5.7	
52.4	25.4	104.1	3.2	
52.4	25.4	59.8	-28.7	
54.9	13.1	42.6	-4.1	
30.3	0.8	13.1	3.2	
47.5	-26.3	3.2	-1.7	
59.8	-6.6	-1.7	30.3	
50.0	5.7	-6.6	35.2	
45.1	-4.1	8.2	27.8	
50.0	5.7	0.8	50.0	
42.6	0.8	22.9	32.8	
64.7	22.9	22.9	-23.8	
57.4	32.8	-18.9	-23.8	
37.7	25.4	-21.4	-14.0	
47.5	18.0	30.3	-46.0	
37.7	10.6	45.1	-6.6	
37.7	5.7	40.1	42.6	
45.1	-31.2	47.5	59.8	
42.6	-33.7	22.9	42.6	
45.1	-23.8	10.6	20.5	
42.6	8.2	-33.7	5.7	
37.7	-9.1	-38.6	37.7	
18.0	-21.4	-11.5	30.3	
25.4	-14.0	47.5	5.7	
15.5	-14.0	106.6	0.8	
13.1	-33.7	74.6	13.1	
40.1	-43.5	15.5	37.7	
22.9	-33.7	-26.3	18.0	
42.6	-18.9	-75.5	45.1	
45.1	-16.4	-112.4	40.1	
37.7	-38.6	-117.3	22.9	
47.5	-55.8	-95.2	5.7	
18.0	-23.8	-38.6	3.2	
5.7	-28.7	-36.1	0.8	
18.0	10.6	-100.1	40.1	
0.8	-11.5	-102.5	25.4	
-4.1	-36.1	8.2	-6.6	
0.8	-46.0	74.6	-4.1	
-9.1	-28.7	91.8	3.2	
-6.6	-23.8	77.0	64.7	
30.3	45.1	27.8	96.7	
37.7	94.3	-6.6	57.4	
15.5	54.9	8.2	35.2	
3.2	52.4	3.2	-65.6	
5.7	72.1	-6.6	-122.2	
8.2	-65.6	15.5	-159.1	
-9.1	-129.6	62.3	-92.7	
-4.1	-55.8	35.2	-46.0	
-21.4	-41.0	35.2	42.6	
-4.1	18.0	35.2	52.4	
5.7	45.1	25.4	0.8	
-9.1	57.4	8.2	-28.7	
27.8	79.5	-14.0	-1.7	
52.4	79.5	-16.4	32.8	
62.3	84.4	-43.5	86.9	
37.7	57.4	-68.1	86.9	
57.4	25.4	-50.9	45.1	
72.1	-28.7	-6.6	0.8	
64.7	-11.5	0.8	-23.8	
57.4	-11.5	22.9	-41.0	
72.1	-1.7	42.6	-6.6	
94.3	64.7	18.0	35.2	
89.3	86.9	-6.6	37.7	
113.9	94.3	-16.4	10.6	
205.0	77.0	18.0	-48.4	
266.5	64.7	22.9	-119.8	
293.5	59.8	-46.0	-55.8	
259.1	59.8	0.8	8.2	
180.4	57.4	91.8	77.0	
64.7	59.8	121.3	72.1	
-97.6	10.6	109.0	22.9	
-181.3	-41.0	91.8	-11.5	
-309.2	-68.1	30.3	-23.8	
-343.6	-70.6	3.2	-21.4	
-191.1	-50.9	-50.9	-1.7	
64.7	-23.8	-166.5	47.5	
286.1	-6.6	-203.4	37.7	
364.9	0.8	-161.6	72.1	
377.2	-11.5	-82.9	79.5	
305.8	5.7	-41.0	10.6	
158.2	8.2	5.7	-70.6	
-11.5	-4.1	77.0	-63.2	
-235.4	0.8	121.3	-68.1	
-483.8	-4.1	111.5	-23.8	
-577.3	13.1	86.9	-9.1	
-496.1	13.1	62.3	-18.9	
-287.0	10.6	64.7	-14.0	
-171.4	-14.0	96.7	-18.9	
-70.6	-4.1	104.1	-1.7	
-31.2	-4.1	101.6	-26.3	
-48.4	-6.6	72.1	5.7	
-38.6	-16.4	-18.9	30.3	
20.5	-4.1	-53.3	27.8	
42.6	-6.6	-41.0	67.2	
35.2	5.7	-77.9	47.5	
40.1	18.0	-55.8	18.0	
35.2	18.0	-68.1	-11.5	
27.8	30.3	-9.1	-53.3	
35.2	18.0	35.2	-33.7	
37.7	20.5	27.8	-26.3	
47.5	-1.7	20.5	-9.1	
37.7	-28.7	69.7	13.1	
37.7	-9.1	106.6	25.4	
40.1	10.6	69.7	-9.1	
45.1	0.8	37.7	-1.7	
42.6	-6.6	27.8	20.5	
64.7	-11.5	57.4	79.5	
69.7	-31.2	45.1	99.2	
69.7	-21.4	-11.5	101.6	
47.5	-26.3	-21.4	50.0	
25.4	-46.0	13.1	-63.2	
35.2	-11.5	22.9	-122.2	
50.0	-16.4	64.7	-73.0	
59.8	-14.0	-1.7	-63.2	
67.2	-16.4	-68.1	-77.9	
47.5	-9.1	-68.1	-41.0	
35.2	47.5	-112.4	-38.6	
52.4	89.3	-122.2	5.7	
54.9	99.2	-60.7	104.1	
37.7	74.6	-9.1	84.4	
35.2	27.8	27.8	27.8	
37.7	18.0	20.5	-1.7	
45.1	10.6	27.8	-38.6	
47.5	-1.7	20.5	-41.0	
27.8	3.2	22.9	-36.1	
27.8	-28.7	-23.8	-4.1	
20.5	-6.6	-23.8	5.7	
22.9	-1.7	54.9	0.8	
22.9	0.8	74.6	-31.2	
22.9	20.5	50.0	-46.0	
30.3	25.4	69.7	-31.2	
37.7	27.8	106.6	0.8	
10.6	5.7	10.6	42.6	
0.8	-11.5	-4.1	77.0	
10.6	-31.2	52.4	37.7	
40.1	-50.9	18.0	22.9	
32.8	-36.1	5.7	37.7	
27.8	-14.0	22.9	35.2	
40.1	-26.3	-50.9	30.3	
57.4	-16.4	-41.0	-6.6	
37.7	-14.0	5.7	13.1	
27.8	-23.8	-58.3	27.8	
40.1	-16.4	-63.2	25.4	
20.5	-26.3	-36.1	47.5	
-1.7	-4.1	-26.3	35.2	
0.8	-1.7	-26.3	-46.0	
35.2	-18.9	8.2	-46.0	
42.6	-4.1	18.0	0.8	
18.0	10.6	52.4	-6.6	
32.8	-1.7	52.4	-9.1	
42.6	0.8	52.4	-26.3	
52.4	3.2	47.5	-11.5	
54.9	27.8	67.2	15.5	
54.9	37.7	54.9	18.0	
64.7	15.5	47.5	32.8	
30.3	18.0	37.7	57.4	
5.7	13.1	8.2	57.4	
-41.0	15.5	-9.1	40.1	
-36.1	32.8	-41.0	15.5	
-6.6	57.4	-11.5	-11.5	
22.9	45.1	37.7	-33.7	
30.3	27.8	20.5	8.2	
64.7	42.6	13.1	37.7	
50.0	22.9	15.5	45.1	
64.7	32.8	-21.4	57.4	
62.3	37.7	27.8	42.6	
42.6	30.3	54.9	-26.3	
5.7	22.9	91.8	-46.0	
-87.8	20.5	18.0	-6.6	
-112.4	27.8	-43.5	30.3	
-132.1	27.8	-50.9	25.4	
-119.8	25.4	-9.1	22.9	
-63.2	35.2	-16.4	3.2	
-6.6	37.7	-18.9	35.2	
82.0	22.9	3.2	35.2	
113.9	0.8	10.6	-14.0	
150.8	8.2	15.5	-48.4	
222.2	8.2	3.2	-26.3	
244.3	27.8	-28.7	-4.1	
165.6	25.4	-9.1	0.8	
54.9	0.8	30.3	-9.1	
-28.7	-16.4	10.6	13.1	
-46.0	-41.0	-11.5	10.6	
-46.0	-18.9	-11.5	0.8	
-105.0	18.0	10.6	5.7	
-122.2	37.7	5.7	18.0	
-146.8	10.6	15.5	10.6	
-87.8	-31.2	45.1	-1.7	
-73.0	-33.7	57.4	-1.7	
-97.6	18.0	59.8	-28.7	
-102.5	62.3	52.4	30.3	
-48.4	94.3	62.3	67.2	
5.7	113.9	74.6	59.8	
20.5	126.2	79.5	42.6	
30.3	91.8	91.8	22.9	
45.1	50.0	77.0	0.8	
50.0	47.5	30.3	-1.7	
45.1	30.3	25.4	-1.7	
25.4	45.1	-18.9	15.5	
47.5	35.2	-11.5	30.3	
54.9	35.2	-68.1	20.5	
57.4	22.9	-85.3	22.9	
74.6	22.9	-97.6	32.8	
91.8	20.5	-137.0	42.6	
79.5	13.1	-107.5	27.8	
77.0	22.9	-41.0	20.5	
77.0	13.1	13.1	-31.2	
64.7	-4.1	-16.4	-33.7	
47.5	-11.5	15.5	-63.2	
59.8	-4.1	111.5	-55.8	
45.1	-1.7	131.2	-23.8	
64.7	10.6	111.5	-4.1	
57.4	0.8	86.9	10.6	
91.8	15.5	62.3	5.7	
45.1	-9.1	94.3	0.8	
15.5	-11.5	72.1	18.0	
-14.0	5.7	54.9	10.6	
-14.0	59.8	54.9	0.8	
-16.4	106.6	5.7	-4.1	
-18.9	133.6	-31.2	-14.0	
-46.0	99.2	-31.2	8.2	
-100.1	50.0	-36.1	-14.0	
-112.4	82.0	-21.4	37.7	
-127.1	50.0	-14.0	27.8	
-75.5	37.7	-9.1	27.8	
-46.0	15.5	3.2	25.4	
-4.1	52.4	5.7	15.5	
25.4	20.5	35.2	-16.4	
40.1	13.1	52.4	-46.0	
32.8	13.1	123.8	-73.0	
35.2	40.1	153.3	-50.9	
54.9	77.0	126.2	-16.4	
62.3	79.5	25.4	15.5	
47.5	82.0	-16.4	32.8	
15.5	47.5	-65.6	37.7	
-4.1	40.1	-100.1	94.3	
-4.1	42.6	-92.7	116.4	
-9.1	42.6	-23.8	50.0	
15.5	22.9	47.5	-28.7	
32.8	-4.1	67.2	-50.9	
30.3	-16.4	3.2	-70.6	
18.0	-18.9	-33.7	-48.4	
82.0	5.7	-60.7	13.1	
101.6	22.9	-75.5	50.0	
77.0	22.9	-77.9	74.6	
57.4	32.8	-151.7	133.6	
42.6	-38.6	-156.7	150.8	
47.5	-31.2	-169.0	150.8	
50.0	-4.1	-218.2	104.1	
45.1	35.2	-141.9	-11.5	
64.7	67.2	5.7	-105.0	
47.5	67.2	145.9	-154.2	
47.5	148.4	163.1	-169.0	
37.7	123.8	104.1	-92.7	
47.5	64.7	74.6	-28.7	
111.5	106.6	45.1	-21.4	
224.6	99.2	54.9	-33.7	
261.5	94.3	42.6	-36.1	
236.9	104.1	59.8	-38.6	
173.0	77.0	96.7	-55.8	
40.1	40.1	121.3	-11.5	
-82.9	-11.5	50.0	20.5	
-210.8	-9.1	-14.0	40.1	
-215.7	-4.1	-63.2	64.7	
-159.1	20.5	-50.9	37.7	
-73.0	22.9	-36.1	27.8	
-38.6	22.9	-50.9	-9.1	
-4.1	25.4	-102.5	-11.5	
15.5	20.5	-139.4	-18.9	
8.2	8.2	-156.7	45.1	
-26.3	-18.9	-154.2	40.1	
-65.6	-18.9	-95.2	47.5	
-75.5	-16.4	-38.6	40.1	
-55.8	-16.4	8.2	13.1	
-36.1	-38.6	47.5	32.8	
-28.7	-50.9	57.4	-1.7	
-41.0	-50.9	25.4	-16.4	
-63.2	-48.4	5.7	-18.9	
-43.5	-14.0	10.6	-16.4	
-6.6	0.8	5.7	18.0	
15.5	35.2	18.0	-14.0	
35.2	40.1	22.9	-21.4	
47.5	27.8	-6.6	-4.1	
84.4	20.5	-14.0	-36.1	
118.9	20.5	15.5	-48.4	
143.5	15.5	13.1	-14.0	
96.7	-1.7	-18.9	-14.0	
32.8	-36.1	-36.1	18.0	
-4.1	-23.8	-36.1	18.0	
-38.6	25.4	-28.7	-18.9	
-38.6	37.7	-11.5	-11.5	
-21.4	25.4	-1.7	0.8	
-23.8	-14.0	-26.3	-14.0	
8.2	22.9	-73.0	-6.6	
52.4	45.1	-73.0	0.8	
25.4	50.0	-80.4	-26.3	
8.2	94.3	-38.6	-38.6	
18.0	153.3	0.8	-41.0	
45.1	133.6	35.2	-53.3	
8.2	40.1	82.0	-4.1	
22.9	52.4	99.2	30.3	
25.4	32.8	101.6	52.4	
40.1	25.4	91.8	18.0	
20.5	40.1	79.5	-23.8	
-28.7	32.8	32.8	-77.9	
-90.2	27.8	3.2	-97.6	
-100.1	25.4	-63.2	-85.3	
-43.5	25.4	-117.3	-58.3	
-21.4	27.8	-141.9	18.0	
-11.5	30.3	-122.2	27.8	
52.4	32.8	-75.5	-46.0	
52.4	22.9	-92.7	-41.0	
50.0	25.4	-23.8	-50.9	
25.4	35.2	-38.6	-21.4	
15.5	32.8	-53.3	-21.4	
25.4	27.8	-38.6	-14.0	
32.8	27.8	15.5	-21.4	
27.8	27.8	67.2	-46.0	
-38.6	30.3	42.6	-38.6	
-95.2	15.5	40.1	22.9	
-60.7	27.8	32.8	40.1	
-70.6	35.2	15.5	15.5	
-90.2	35.2	15.5	13.1	
-105.0	47.5	20.5	0.8	
-102.5	40.1	5.7	-16.4	
-31.2	52.4	-1.7	-31.2	
-1.7	35.2	42.6	-16.4	
15.5	54.9	32.8	-4.1	
42.6	59.8	30.3	13.1	
50.0	52.4	45.1	5.7	
57.4	74.6	15.5	-11.5	
59.8	64.7	3.2	-21.4	
57.4	69.7	-11.5	-11.5	
15.5	57.4	-50.9	-21.4	
13.1	62.3	-77.9	-11.5	
45.1	42.6	-65.6	-9.1	
25.4	47.5	-38.6	3.2	
25.4	35.2	20.5	-1.7	
37.7	37.7	57.4	-11.5	
40.1	52.4	82.0	10.6	
64.7	45.1	45.1	35.2	
54.9	40.1	42.6	84.4	
47.5	54.9	79.5	109.0	
64.7	59.8	86.9	138.5	
91.8	50.0	15.5	104.1	
128.7	67.2	-77.9	47.5	
187.7	50.0	-80.4	-53.3	
205.0	50.0	-63.2	-119.8	
214.8	32.8	-114.8	-124.7	
187.7	20.5	-80.4	-87.8	
121.3	-14.0	-31.2	-33.7	
32.8	-65.6	-18.9	-9.1	
-48.4	-33.7	-26.3	-16.4	
-149.3	-50.9	-26.3	-41.0	
-188.6	-97.6	-9.1	-48.4	
-178.8	-50.9	50.0	20.5	
-114.8	22.9	116.4	109.0	
-68.1	64.7	170.5	131.2	
-36.1	160.7	96.7	141.0	
-1.7	190.2	30.3	74.6	
27.8	180.4	35.2	15.5	
27.8	148.4	96.7	-63.2	
0.8	106.6	45.1	-53.3	
3.2	96.7	-80.4	-1.7	
-18.9	62.3	-122.2	67.2	
-38.6	52.4	-173.9	67.2	
-28.7	32.8	-173.9	42.6	
-16.4	32.8	-196.0	40.1	
20.5	45.1	-117.3	32.8	
64.7	5.7	32.8	30.3	
89.3	13.1	150.8	30.3	
96.7	18.0	153.3	25.4	
89.3	13.1	158.2	27.8	
79.5	8.2	123.8	27.8	
40.1	-1.7	52.4	22.9	
27.8	8.2	77.0	22.9	
-6.6	27.8	74.6	25.4	
-50.9	18.0	57.4	27.8	
-95.2	22.9	8.2	45.1	
-58.3	32.8	-21.4	27.8	
-14.0	32.8	-33.7	15.5	
32.8	22.9	-50.9	35.2	
47.5	8.2	-85.3	25.4	
52.4	15.5	-87.8	10.6	
18.0	-1.7	-58.3	-26.3	
40.1	-14.0	-28.7	3.2	
40.1	-23.8	-16.4	86.9	
86.9	-1.7	-31.2	40.1	
52.4	-6.6	-38.6	8.2	
27.8	-43.5	-41.0	22.9	
42.6	-4.1	-14.0	35.2	
22.9	42.6	8.2	18.0	
22.9	72.1	27.8	27.8	
3.2	94.3	52.4	20.5	
-21.4	101.6	40.1	5.7	
-55.8	57.4	27.8	10.6	
-58.3	42.6	13.1	8.2	
-60.7	50.0	10.6	-9.1	
-43.5	57.4	8.2	-18.9	
-28.7	57.4	25.4	3.2	
-18.9	47.5	47.5	30.3	
-14.0	45.1	32.8	42.6	
-4.1	47.5	42.6	121.3	
18.0	45.1	8.2	128.7	
13.1	45.1	-26.3	113.9	
3.2	42.6	-18.9	91.8	
13.1	22.9	-38.6	22.9	
18.0	35.2	-53.3	-36.1	
27.8	20.5	-77.9	3.2	
22.9	18.0	-48.4	89.3	
10.6	18.0	-70.6	175.4	
0.8	30.3	-107.5	155.8	
20.5	32.8	-92.7	8.2	
18.0	22.9	-36.1	-154.2	
20.5	35.2	45.1	-208.3	
50.0	35.2	99.2	-210.8	
42.6	40.1	104.1	-200.9	
10.6	35.2	99.2	-75.5	
32.8	30.3	89.3	0.8	
27.8	40.1	59.8	10.6	
35.2	32.8	35.2	5.7	
32.8	27.8	-18.9	30.3	
32.8	25.4	-55.8	54.9	
22.9	45.1	-41.0	15.5	
37.7	45.1	13.1	5.7	
52.4	50.0	3.2	10.6	
35.2	40.1	-1.7	5.7	
32.8	20.5	3.2	-33.7	
22.9	32.8	-6.6	-21.4	
15.5	30.3	18.0	-18.9	
0.8	25.4	13.1	-4.1	
-1.7	32.8	22.9	3.2	
3.2	42.6	45.1	50.0	
25.4	25.4	42.6	67.2	
52.4	15.5	32.8	54.9	
25.4	20.5	8.2	42.6	
0.8	35.2	13.1	57.4	
-4.1	27.8	40.1	37.7	
-11.5	35.2	-9.1	15.5	
-14.0	50.0	-9.1	32.8	
32.8	57.4	0.8	35.2	
94.3	35.2	8.2	20.5	
121.3	30.3	47.5	20.5	
113.9	30.3	91.8	30.3	
116.4	35.2	109.0	35.2	
94.3	35.2	84.4	18.0	
54.9	35.2	20.5	8.2	
32.8	30.3	-33.7	-50.9	
-28.7	35.2	-28.7	-109.9	
-65.6	35.2	-53.3	-53.3	
-139.4	40.1	-58.3	-70.6	
-149.3	54.9	-33.7	-28.7	
-95.2	54.9	-14.0	-9.1	
-33.7	32.8	-31.2	-4.1	
-9.1	27.8	-23.8	35.2	
42.6	35.2	32.8	101.6	
84.4	25.4	35.2	67.2	
155.8	-1.7	15.5	5.7	
241.9	8.2	15.5	-9.1	
264.0	32.8	54.9	-4.1	
244.3	62.3	67.2	3.2	
195.1	35.2	104.1	25.4	
99.2	5.7	113.9	40.1	
3.2	-4.1	126.2	40.1	
-92.7	18.0	136.1	42.6	
-225.5	82.0	106.6	47.5	
-237.8	180.4	67.2	32.8	
-176.3	192.7	-26.3	0.8	
-53.3	160.7	-46.0	-9.1	
18.0	94.3	-60.7	-31.2	
84.4	35.2	-53.3	-4.1	
77.0	37.7	-46.0	5.7	
35.2	52.4	15.5	20.5	
-21.4	47.5	72.1	47.5	
-58.3	22.9	96.7	47.5	
-63.2	18.0	18.0	50.0	
-36.1	30.3	-68.1	45.1	
0.8	3.2	-75.5	50.0	
57.4	0.8	-95.2	40.1	
91.8	-23.8	-43.5	22.9	
84.4	10.6	-1.7	27.8	
57.4	27.8	-36.1	25.4	
64.7	0.8	-166.5	15.5	
79.5	-16.4	-181.3	8.2	
54.9	3.2	-100.1	5.7	
57.4	13.1	-33.7	-1.7	
74.6	-9.1	54.9	3.2	
35.2	8.2	109.0	-9.1	
0.8	15.5	118.9	-6.6	
-23.8	15.5	77.0	-50.9	
-28.7	69.7	30.3	-75.5	
-36.1	116.4	8.2	0.8	
-16.4	89.3	-14.0	50.0	
-41.0	86.9	-4.1	54.9	
-46.0	91.8	32.8	59.8	
59.8	27.8	32.8	64.7	
145.9	-50.9	37.7	20.5	
180.4	-82.9	25.4	67.2	
182.8	-41.0	10.6	86.9	
148.4	-33.7	10.6	74.6	
82.0	-50.9	8.2	82.0	
-18.9	40.1	-4.1	113.9	
-114.8	59.8	8.2	32.8	
-213.2	62.3	8.2	-53.3	
-200.9	50.0	-1.7	-63.2	
-159.1	37.7	22.9	-43.5	
-90.2	54.9	15.5	0.8	
-18.9	59.8	8.2	37.7	
-21.4	45.1	0.8	67.2	
-11.5	27.8	8.2	69.7	
-9.1	8.2	-26.3	25.4	
13.1	15.5	-28.7	0.8	
8.2	54.9	10.6	-41.0	
13.1	42.6	27.8	-11.5	
32.8	5.7	-23.8	-11.5	
37.7	-14.0	-58.3	-6.6	
40.1	27.8	-48.4	30.3	
42.6	35.2	-46.0	67.2	
20.5	30.3	-18.9	62.3	
15.5	37.7	-31.2	50.0	
52.4	37.7	-28.7	50.0	
57.4	25.4	8.2	8.2	
57.4	22.9	50.0	-68.1	
50.0	35.2	57.4	-68.1	
47.5	42.6	13.1	-50.9	
37.7	37.7	35.2	-6.6	
25.4	27.8	64.7	94.3	
35.2	3.2	57.4	190.2	
32.8	8.2	15.5	241.9	
45.1	-11.5	0.8	251.7	
35.2	20.5	32.8	182.8	
32.8	62.3	30.3	79.5	
42.6	40.1	-31.2	-193.6	
5.7	40.1	-50.9	-365.8	
27.8	10.6	-73.0	-341.2	
35.2	13.1	-55.8	-210.8	
25.4	30.3	15.5	-80.4	
18.0	42.6	82.0	-36.1	
25.4	35.2	153.3	-28.7	
27.8	37.7	165.6	-26.3	
32.8	25.4	96.7	57.4	
18.0	42.6	59.8	197.6	
30.3	40.1	13.1	241.9	
32.8	42.6	-36.1	236.9	
47.5	22.9	-95.2	163.1	
47.5	32.8	-146.8	-36.1	
37.7	30.3	-210.8	-341.2	
50.0	42.6	-228.0	-284.6	
74.6	47.5	-228.0	-262.4	
101.6	50.0	-149.3	-252.6	
113.9	45.1	-18.9	-139.4	
101.6	30.3	113.9	-43.5	
109.0	27.8	190.2	3.2	
96.7	30.3	173.0	-4.1	
32.8	20.5	143.5	-1.7	
-4.1	42.6	118.9	-6.6	
-31.2	42.6	109.0	-31.2	
-33.7	45.1	72.1	-28.7	
-41.0	-14.0	37.7	-16.4	
-28.7	-16.4	54.9	-26.3	
-21.4	37.7	47.5	-31.2	
3.2	22.9	8.2	-46.0	
-18.9	18.0	8.2	-50.9	
-41.0	42.6	20.5	-33.7	
-46.0	37.7	32.8	-28.7	
-36.1	25.4	42.6	-31.2	
-41.0	64.7	47.5	-33.7	
-6.6	141.0	86.9	-58.3	
18.0	182.8	104.1	-70.6	
37.7	133.6	72.1	-23.8	
42.6	113.9	52.4	-9.1	
57.4	54.9	64.7	-16.4	
50.0	0.8	94.3	3.2	
52.4	10.6	153.3	22.9	
52.4	15.5	182.8	40.1	
64.7	13.1	126.2	52.4	
47.5	10.6	45.1	40.1	
32.8	18.0	25.4	45.1	
30.3	22.9	0.8	54.9	
-11.5	32.8	-33.7	45.1	
-18.9	25.4	-9.1	30.3	
-9.1	37.7	20.5	32.8	
-36.1	27.8	-50.9	30.3	
-58.3	27.8	-169.0	22.9	
-48.4	15.5	-176.3	27.8	
-21.4	8.2	-73.0	35.2	
57.4	-11.5	5.7	50.0	
69.7	-18.9	106.6	54.9	
84.4	22.9	111.5	37.7	
116.4	13.1	82.0	20.5	
94.3	-1.7	77.0	32.8	
27.8	-11.5	37.7	57.4	
-16.4	8.2	91.8	52.4	
-53.3	10.6	99.2	57.4	
-70.6	32.8	77.0	35.2	
-46.0	35.2	72.1	35.2	
22.9	57.4	67.2	22.9	
67.2	94.3	47.5	37.7	
111.5	86.9	25.4	57.4	
180.4	69.7	25.4	42.6	
202.5	45.1	-9.1	25.4	
200.0	25.4	-11.5	50.0	
118.9	22.9	5.7	45.1	
67.2	47.5	40.1	77.0	
-23.8	40.1	35.2	99.2	
-77.9	42.6	42.6	62.3	
-176.3	18.0	106.6	20.5	
-223.1	35.2	94.3	42.6	
-191.1	45.1	91.8	82.0	
-107.5	10.6	96.7	72.1	
-14.0	10.6	94.3	27.8	
42.6	40.1	67.2	27.8	
59.8	42.6	-4.1	52.4	
82.0	5.7	-75.5	45.1	
96.7	8.2	-48.4	42.6	
72.1	-9.1	10.6	50.0	
82.0	18.0	-48.4	32.8	
133.6	27.8	-16.4	18.0	
128.7	57.4	-65.6	5.7	
84.4	99.2	-87.8	13.1	
86.9	94.3	-53.3	-1.7	
106.6	84.4	-53.3	3.2	
67.2	69.7	-50.9	50.0	
-41.0	59.8	5.7	18.0	
-156.7	40.1	45.1	-1.7	
-208.3	-1.7	96.7	-18.9	
-186.2	13.1	113.9	15.5	
-171.4	50.0	118.9	20.5	
-164.0	30.3	136.1	27.8	
-100.1	25.4	158.2	27.8	
-55.8	8.2	136.1	32.8	
-11.5	-48.4	94.3	13.1	
30.3	-43.5	35.2	20.5	
64.7	-48.4	18.0	18.0	
84.4	74.6	-75.5	22.9	
77.0	77.0	-141.9	5.7	
62.3	47.5	-183.7	-16.4	
57.4	42.6	-139.4	-14.0	
79.5	-18.9	-33.7	0.8	
15.5	-11.5	-11.5	-1.7	
-1.7	-4.1	-21.4	-26.3	
20.5	0.8	-14.0	10.6	
32.8	25.4	-38.6	13.1	
35.2	52.4	5.7	8.2	
30.3	52.4	-23.8	27.8	
15.5	45.1	0.8	32.8	
-26.3	25.4	-11.5	30.3	
-46.0	27.8	-14.0	27.8	
-43.5	15.5	-9.1	40.1	
-9.1	20.5	-4.1	25.4	
32.8	47.5	-43.5	-6.6	
45.1	52.4	-46.0	-4.1	
22.9	37.7	-77.9	15.5	
0.8	8.2	-75.5	37.7	
-68.1	30.3	-41.0	45.1	
-80.4	-4.1	-48.4	-6.6	
-50.9	-23.8	-4.1	8.2	
-26.3	-6.6	10.6	30.3	
20.5	-18.9	27.8	8.2	
27.8	-1.7	18.0	-28.7	
35.2	20.5	25.4	-50.9	
35.2	25.4	57.4	-38.6	
45.1	5.7	101.6	-33.7	
52.4	22.9	145.9	-18.9	
25.4	35.2	160.7	15.5	
22.9	62.3	116.4	30.3	
13.1	64.7	86.9	59.8	
22.9	45.1	77.0	57.4	
10.6	42.6	32.8	40.1	
-1.7	37.7	-18.9	22.9	
20.5	35.2	-137.0	47.5	
13.1	40.1	-247.7	27.8	
22.9	54.9	-171.4	67.2	
42.6	52.4	-109.9	74.6	
37.7	52.4	-178.8	47.5	
30.3	50.0	-198.5	-21.4	
42.6	25.4	-188.6	18.0	
32.8	20.5	-139.4	20.5	
25.4	37.7	-102.5	-70.6	
27.8	25.4	-31.2	-117.3	
13.1	18.0	52.4	-18.9	
13.1	32.8	150.8	-4.1	
37.7	32.8	89.3	15.5	
32.8	32.8	101.6	59.8	
30.3	27.8	72.1	101.6	
30.3	22.9	82.0	99.2	
0.8	15.5	74.6	77.0	
-11.5	27.8	91.8	37.7	
-6.6	45.1	123.8	18.0	
-6.6	25.4	94.3	-31.2	
35.2	25.4	101.6	0.8	
42.6	27.8	136.1	3.2	
30.3	27.8	116.4	32.8	
27.8	37.7	99.2	62.3	
32.8	35.2	143.5	91.8	
27.8	35.2	168.1	47.5	
15.5	40.1	155.8	72.1	
20.5	30.3	123.8	86.9	
25.4	32.8	50.0	113.9	
35.2	30.3	30.3	182.8	
15.5	35.2	42.6	195.1	
20.5	35.2	30.3	214.8	
20.5	27.8	69.7	246.8	
18.0	40.1	-137.0	212.3	
15.5	30.3	-46.0	-11.5	
22.9	27.8	0.8	-181.3	
25.4	40.1	-60.7	-151.7	
18.0	47.5	-63.2	-107.5	
0.8	42.6	-38.6	-46.0	
0.8	32.8	22.9	0.8	
-4.1	30.3	47.5	-4.1	
-4.1	32.8	35.2	67.2	
20.5	54.9	30.3	69.7	
18.0	54.9	50.0	67.2	
3.2	52.4	54.9	67.2	
-1.7	42.6	67.2	67.2	
3.2	47.5	82.0	59.8	
13.1	25.4	59.8	57.4	
37.7	30.3	47.5	64.7	
35.2	22.9	74.6	79.5	
22.9	42.6	79.5	101.6	
25.4	40.1	99.2	96.7	
15.5	40.1	121.3	74.6	
22.9	27.8	111.5	25.4	
13.1	32.8	79.5	77.0	
8.2	47.5	62.3	84.4	
13.1	32.8	-9.1	72.1	
25.4	13.1	-31.2	50.0	
15.5	15.5	22.9	35.2	
-4.1	32.8	10.6	50.0	
-11.5	20.5	-38.6	59.8	
15.5	18.0	-53.3	47.5	
15.5	15.5	-92.7	64.7	
-9.1	-6.6	-50.9	54.9	
-4.1	-4.1	-1.7	32.8	
18.0	8.2	37.7	-9.1	
27.8	40.1	91.8	-41.0	
45.1	5.7	131.2	25.4	
42.6	-6.6	141.0	82.0	
50.0	0.8	141.0	82.0	
40.1	32.8	121.3	99.2	
27.8	50.0	128.7	79.5	
22.9	57.4	150.8	59.8	
10.6	62.3	111.5	59.8	
-21.4	52.4	54.9	69.7	
-6.6	0.8	-11.5	59.8	
-9.1	-14.0	0.8	35.2	
8.2	13.1	-16.4	62.3	
5.7	42.6	-33.7	91.8	
15.5	67.2	-6.6	91.8	
35.2	74.6	13.1	106.6	
57.4	67.2	45.1	84.4	
15.5	62.3	-9.1	50.0	
20.5	59.8	-43.5	8.2	
52.4	52.4	-21.4	-18.9	
54.9	8.2	0.8	0.8	
50.0	-53.3	57.4	59.8	
52.4	-31.2	141.0	94.3	
20.5	-9.1	99.2	155.8	
30.3	45.1	74.6	180.4	
40.1	82.0	40.1	121.3	
30.3	138.5	40.1	133.6	
30.3	195.1	22.9	138.5	
32.8	190.2	10.6	133.6	
15.5	153.3	59.8	69.7	
-4.1	160.7	35.2	101.6	
-21.4	195.1	13.1	177.9	
-28.7	224.6	47.5	128.7	
-23.8	155.8	20.5	101.6	
0.8	3.2	35.2	77.0	
22.9	-144.4	30.3	22.9	
54.9	-225.5	-1.7	22.9	
52.4	-122.2	-80.4	54.9	
54.9	-28.7	-31.2	59.8	
52.4	-68.1	-16.4	62.3	
40.1	-95.2	-36.1	42.6	
27.8	-70.6	-50.9	42.6	
22.9	-50.9	-23.8	84.4	
40.1	-46.0	-28.7	57.4	
27.8	-50.9	-60.7	62.3	
35.2	-28.7	-58.3	74.6	
54.9	-33.7	-26.3	84.4	
64.7	-48.4	-26.3	59.8	
40.1	-43.5	-50.9	74.6	
0.8	-36.1	-16.4	96.7	
-36.1	-1.7	-6.6	128.7	
-55.8	-1.7	69.7	79.5	
-33.7	3.2	104.1	25.4	
-53.3	5.7	128.7	82.0	
-63.2	22.9	79.5	86.9	
-53.3	50.0	-23.8	40.1	
-46.0	47.5	-6.6	8.2	
-26.3	42.6	-43.5	8.2	
-23.8	62.3	-60.7	3.2	
-16.4	64.7	-48.4	20.5	
18.0	54.9	-73.0	22.9	
20.5	45.1	-33.7	25.4	
30.3	37.7	-41.0	-28.7	
42.6	42.6	-31.2	-26.3	
15.5	59.8	-53.3	22.9	
25.4	40.1	-100.1	30.3	
3.2	40.1	-21.4	25.4	
-9.1	47.5	57.4	45.1	
15.5	42.6	20.5	57.4	
22.9	30.3	-14.0	72.1	
40.1	25.4	-36.1	52.4	
20.5	20.5	-68.1	52.4	
25.4	18.0	-73.0	82.0	
20.5	25.4	-63.2	106.6	
5.7	22.9	-33.7	136.1	
35.2	13.1	45.1	160.7	
50.0	8.2	94.3	170.5	
37.7	10.6	82.0	96.7	
40.1	22.9	89.3	-11.5	
37.7	20.5	138.5	-43.5	
22.9	37.7	155.8	-129.6	
3.2	40.1	106.6	-149.3	
8.2	30.3	52.4	-1.7	
30.3	27.8	52.4	25.4	
32.8	32.8	32.8	32.8	
20.5	40.1	20.5	47.5	
22.9	45.1	5.7	74.6	
27.8	32.8	13.1	86.9	
20.5	47.5	-6.6	94.3	
20.5	50.0	-46.0	109.0	
18.0	42.6	-4.1	99.2	
8.2	47.5	27.8	79.5	
13.1	47.5	82.0	15.5	
22.9	40.1	160.7	126.2	
15.5	35.2	158.2	165.6	
10.6	30.3	72.1	209.9	
3.2	20.5	-1.7	170.5	
10.6	25.4	22.9	168.1	
5.7	45.1	32.8	20.5	
8.2	40.1	-26.3	-107.5	
0.8	37.7	-65.6	-279.7	
3.2	30.3	-95.2	-336.2	
13.1	30.3	-50.9	-208.3	
18.0	35.2	-9.1	-237.8	
20.5	27.8	-11.5	-85.3	
18.0	45.1	27.8	-28.7	
15.5	25.4	74.6	37.7	
3.2	25.4	77.0	69.7	
3.2	40.1	54.9	52.4	
-4.1	47.5	96.7	35.2	
-1.7	27.8	138.5	27.8	
-4.1	40.1	84.4	-18.9	
-9.1	20.5	40.1	-46.0	
-14.0	57.4	69.7	-48.4	
-23.8	47.5	64.7	-41.0	
-11.5	32.8	13.1	-105.0	
-18.9	27.8	18.0	-33.7	
-16.4	40.1	-41.0	37.7	
5.7	54.9	-18.9	22.9	
-1.7	42.6	-14.0	52.4	
-4.1	18.0	-55.8	67.2	
18.0	20.5	-112.4	45.1	
15.5	30.3	-97.6	37.7	
25.4	42.6	-63.2	52.4	
10.6	35.2	37.7	52.4	
5.7	27.8	123.8	32.8	
18.0	18.0	251.7	-16.4	
27.8	8.2	266.5	-11.5	
30.3	-14.0	214.8	-6.6	
22.9	-38.6	182.8	-6.6	
22.9	-48.4	136.1	-18.9	
3.2	-33.7	64.7	-36.1	
-31.2	-31.2	-129.6	-26.3	
-50.9	-68.1	-156.7	-28.7	
-18.9	-53.3	-139.4	-9.1	
8.2	-14.0	-60.7	0.8	
-11.5	-9.1	-38.6	30.3	
-23.8	-36.1	-46.0	10.6	
45.1	18.0	-14.0	-38.6	
54.9	52.4	3.2	25.4	
37.7	128.7	-6.6	74.6	
50.0	104.1	-23.8	96.7	
40.1	84.4	5.7	91.8	
35.2	99.2	-16.4	82.0	
18.0	89.3	-31.2	62.3	
25.4	32.8	42.6	52.4	
10.6	18.0	40.1	37.7	
0.8	5.7	42.6	54.9	
20.5	-33.7	13.1	69.7	
30.3	-11.5	-31.2	47.5	
18.0	-28.7	10.6	15.5	
3.2	-73.0	42.6	27.8	
5.7	-102.5	86.9	59.8	
13.1	-60.7	82.0	72.1	
22.9	-31.2	113.9	45.1	
25.4	3.2	109.0	50.0	
57.4	54.9	141.0	3.2	
45.1	99.2	133.6	-6.6	
45.1	141.0	121.3	-36.1	
52.4	141.0	116.4	3.2	
32.8	82.0	94.3	45.1	
-21.4	42.6	57.4	27.8	
-63.2	113.9	50.0	22.9	
-41.0	177.9	69.7	47.5	
-36.1	22.9	82.0	57.4	
-6.6	-46.0	32.8	32.8	
42.6	0.8	-14.0	42.6	
67.2	-1.7	-1.7	27.8	
138.5	-28.7	45.1	18.0	
177.9	5.7	25.4	57.4	
202.5	22.9	0.8	91.8	
192.7	0.8	62.3	89.3	
180.4	25.4	62.3	77.0	
113.9	84.4	35.2	54.9	
47.5	94.3	30.3	30.3	
-4.1	69.7	101.6	-109.9	
-75.5	-4.1	91.8	-191.1	
-156.7	5.7	96.7	-124.7	
-208.3	3.2	30.3	-90.2	
-193.6	10.6	40.1	-48.4	
-161.6	0.8	64.7	-26.3	
-105.0	30.3	37.7	-55.8	
-43.5	37.7	0.8	-58.3	
15.5	59.8	-4.1	-46.0	
40.1	77.0	35.2	-80.4	
40.1	86.9	77.0	-82.9	
30.3	57.4	91.8	-55.8	
37.7	64.7	74.6	-31.2	
13.1	47.5	89.3	-46.0	
-9.1	52.4	133.6	-43.5	
-48.4	25.4	111.5	-14.0	
-33.7	59.8	50.0	-26.3	
-46.0	111.5	10.6	-48.4	
-53.3	121.3	-23.8	-65.6	
-18.9	106.6	-23.8	-73.0	
-23.8	67.2	40.1	-80.4	
-4.1	86.9	67.2	-77.9	
18.0	118.9	69.7	-36.1	
13.1	13.1	99.2	-46.0	
32.8	-114.8	72.1	-53.3	
40.1	-149.3	-28.7	-58.3	
35.2	-75.5	-117.3	-53.3	
5.7	-36.1	-97.6	-73.0	
8.2	-23.8	-16.4	-48.4	
37.7	-14.0	59.8	-18.9	
45.1	-21.4	104.1	-18.9	
50.0	-36.1	82.0	-105.0	
27.8	-31.2	42.6	-173.9	
22.9	-38.6	64.7	-105.0	
27.8	-18.9	5.7	-109.9	
20.5	-28.7	5.7	-80.4	
25.4	5.7	42.6	-134.5	
20.5	0.8	10.6	-85.3	
18.0	20.5	40.1	-58.3	
15.5	35.2	22.9	-58.3	
22.9	25.4	10.6	-53.3	
20.5	22.9	37.7	-77.9	
20.5	40.1	10.6	-92.7	
22.9	35.2	3.2	-87.8	
13.1	30.3	-31.2	-36.1	
32.8	25.4	13.1	-33.7	
20.5	22.9	15.5	-58.3	
-1.7	42.6	-6.6	-41.0	
5.7	35.2	0.8	-43.5	
3.2	35.2	52.4	-82.9	
18.0	42.6	57.4	-109.9	
40.1	32.8	52.4	-82.9	
18.0	18.0	-63.2	-1.7	
15.5	30.3	-31.2	86.9	
0.8	37.7	-38.6	116.4	
0.8	32.8	-77.9	69.7	
15.5	25.4	-95.2	-4.1	
3.2	8.2	-63.2	-208.3	
-28.7	10.6	-38.6	-309.2	
-16.4	10.6	-95.2	-203.4	
-9.1	8.2	-97.6	-109.9	
-26.3	8.2	-87.8	-112.4	
0.8	45.1	-80.4	-87.8	
32.8	77.0	-139.4	-77.9	
59.8	118.9	-146.8	-50.9	
40.1	182.8	-36.1	-38.6	
30.3	182.8	37.7	-36.1	
45.1	79.5	109.0	-18.9	
10.6	30.3	116.4	-50.9	
15.5	8.2	74.6	-53.3	
13.1	-14.0	37.7	-46.0	
8.2	-1.7	37.7	-18.9	
5.7	15.5	47.5	30.3	
-6.6	8.2	72.1	-11.5	
8.2	18.0	91.8	-41.0	
0.8	27.8	99.2	-28.7	
-9.1	40.1	42.6	-68.1	
22.9	15.5	-82.9	-161.6	
25.4	-9.1	-75.5	-169.0	
45.1	-18.9	-109.9	-95.2	
40.1	3.2	-242.8	3.2	
79.5	22.9	-144.4	37.7	
96.7	20.5	-16.4	18.0	
148.4	-11.5	5.7	-23.8	
133.6	15.5	-11.5	-53.3	
101.6	25.4	42.6	-50.9	
72.1	50.0	42.6	-43.5	
20.5	45.1	52.4	-26.3	
-18.9	-9.1	64.7	42.6	
-41.0	20.5	84.4	62.3	
-6.6	180.4	64.7	69.7	
72.1	109.0	50.0	47.5	
128.7	64.7	54.9	5.7	
145.9	54.9	109.0	-4.1	
121.3	5.7	18.0	-6.6	
40.1	-48.4	-48.4	-21.4	
-43.5	-26.3	-48.4	-33.7	
-119.8	22.9	-11.5	-58.3	
-178.8	35.2	35.2	-68.1	
-193.6	30.3	18.0	0.8	
-183.7	22.9	-21.4	27.8	
-164.0	5.7	-55.8	67.2	
-112.4	-14.0	-73.0	91.8	
-55.8	-31.2	-75.5	57.4	
0.8	-33.7	-75.5	42.6	
8.2	-33.7	-6.6	-33.7	
8.2	-11.5	77.0	-73.0	
0.8	-28.7	84.4	-75.5	
-4.1	-1.7	79.5	-23.8	
10.6	5.7	67.2	18.0	
18.0	10.6	45.1	10.6	
45.1	-1.7	22.9	45.1	
25.4	27.8	50.0	82.0	
25.4	57.4	82.0	79.5	
-1.7	99.2	86.9	42.6	
5.7	133.6	111.5	72.1	
0.8	77.0	67.2	-14.0	
-9.1	72.1	18.0	-95.2	
-26.3	62.3	35.2	-87.8	
-31.2	37.7	64.7	-41.0	
-14.0	18.0	18.0	-33.7	
-9.1	35.2	-28.7	-1.7	
18.0	25.4	-48.4	-9.1	
15.5	8.2	-55.8	-28.7	
30.3	-21.4	8.2	-31.2	
22.9	-6.6	-26.3	-6.6	
30.3	18.0	-14.0	25.4	
42.6	25.4	8.2	64.7	
32.8	13.1	15.5	30.3	
10.6	18.0	18.0	-4.1	
-9.1	-4.1	15.5	-6.6	
5.7	-31.2	47.5	3.2	
5.7	-1.7	101.6	8.2	
32.8	57.4	111.5	18.0	
22.9	96.7	77.0	3.2	
27.8	106.6	54.9	-4.1	
50.0	89.3	37.7	18.0	
57.4	52.4	0.8	30.3	
35.2	50.0	-9.1	20.5	
30.3	138.5	-18.9	10.6	
37.7	141.0	-58.3	-9.1	
25.4	96.7	-82.9	5.7	
25.4	32.8	-58.3	-4.1	
15.5	15.5	-77.9	-46.0	
35.2	8.2	-58.3	-50.9	
10.6	-21.4	-38.6	-65.6	
8.2	-28.7	20.5	-41.0	
27.8	-21.4	72.1	8.2	
15.5	13.1	91.8	-18.9	
22.9	40.1	123.8	-41.0	
15.5	32.8	86.9	-28.7	
15.5	37.7	79.5	-48.4	
13.1	62.3	8.2	-58.3	
20.5	111.5	13.1	-58.3	
15.5	113.9	84.4	-55.8	
-1.7	79.5	79.5	-46.0	
0.8	101.6	52.4	-80.4	
20.5	84.4	32.8	-114.8	
22.9	45.1	25.4	-102.5	
50.0	-18.9	-18.9	-124.7	
79.5	-16.4	3.2	-144.4	
128.7	15.5	-41.0	-127.1	
138.5	59.8	-60.7	-102.5	
126.2	-1.7	-73.0	-23.8	
96.7	-14.0	-105.0	35.2	
67.2	-43.5	-141.9	69.7	
27.8	-11.5	-151.7	59.8	
-16.4	13.1	-102.5	-28.7	
-50.9	45.1	-6.6	-117.3	
-80.4	62.3	35.2	-129.6	
-60.7	27.8	84.4	-90.2	
-6.6	45.1	94.3	-41.0	
18.0	22.9	118.9	-36.1	
84.4	64.7	18.0	-28.7	
173.0	163.1	-161.6	-65.6	
202.5	128.7	-215.7	-105.0	
180.4	79.5	-31.2	-124.7	
158.2	40.1	-14.0	-109.9	
190.2	-48.4	15.5	-48.4	
94.3	-60.7	82.0	10.6	
30.3	-23.8	32.8	-4.1	
-36.1	-36.1	40.1	-6.6	
-112.4	-117.3	-1.7	5.7	
-215.7	-82.9	35.2	-33.7	
-210.8	-16.4	-16.4	-46.0	
-210.8	-26.3	-18.9	-41.0	
-178.8	-41.0	-124.7	-9.1	
-134.5	-23.8	-112.4	-16.4	
-55.8	22.9	-23.8	-31.2	
-4.1	57.4	-36.1	32.8	
62.3	45.1	-41.0	111.5	
86.9	59.8	-85.3	118.9	
47.5	64.7	-77.9	54.9	
5.7	20.5	-92.7	-21.4	
18.0	52.4	-9.1	-36.1	
5.7	57.4	-9.1	52.4	
-14.0	64.7	74.6	96.7	
-26.3	30.3	182.8	69.7	
-14.0	37.7	168.1	69.7	
-48.4	27.8	89.3	101.6	
-68.1	25.4	-31.2	89.3	
-119.8	0.8	-97.6	67.2	
-124.7	-11.5	-80.4	57.4	
-82.9	3.2	-164.0	-55.8	
-53.3	-11.5	-198.5	-109.9	
-33.7	20.5	-50.9	-55.8	
10.6	13.1	155.8	-53.3	
25.4	30.3	195.1	-80.4	
22.9	18.0	104.1	-65.6	
15.5	8.2	40.1	-21.4	
5.7	13.1	47.5	59.8	
3.2	25.4	18.0	-26.3	
-9.1	30.3	-46.0	-139.4	
-1.7	42.6	-70.6	-151.7	
32.8	50.0	-23.8	-156.7	
32.8	59.8	-85.3	5.7	
22.9	47.5	-154.2	-36.1	
18.0	47.5	-97.6	-129.6	
27.8	45.1	-60.7	-38.6	
30.3	35.2	22.9	13.1	
42.6	13.1	62.3	18.0	
40.1	22.9	22.9	3.2	
40.1	22.9	69.7	30.3	
35.2	20.5	57.4	79.5	
20.5	37.7	32.8	177.9	
13.1	47.5	10.6	155.8	
57.4	54.9	-4.1	145.9	
35.2	32.8	-11.5	-105.0	
40.1	10.6	-9.1	-178.8	
40.1	-1.7	30.3	-569.9	
47.5	-21.4	62.3	-629.0	
27.8	3.2	54.9	-444.5	
35.2	18.0	54.9	-252.6	
47.5	77.0	57.4	-173.9	
37.7	99.2	89.3	-151.7	
35.2	99.2	72.1	-119.8	
37.7	62.3	32.8	-43.5	
27.8	8.2	0.8	-1.7	
27.8	-1.7	-68.1	-28.7	
27.8	-6.6	-43.5	-55.8	
22.9	3.2	-14.0	-92.7	
25.4	0.8	5.7	18.0	
30.3	-6.6	18.0	18.0	
25.4	5.7	-26.3	-31.2	
30.3	3.2	-65.6	-23.8	
25.4	10.6	-18.9	-6.6	
30.3	13.1	62.3	5.7	
32.8	0.8	3.2	-36.1	
25.4	5.7	-26.3	-48.4	
22.9	0.8	-50.9	-65.6	
5.7	0.8	-46.0	-48.4	
-6.6	42.6	-97.6	8.2	
-4.1	13.1	-41.0	-23.8	
-1.7	32.8	-117.3	-33.7	
18.0	13.1	-210.8	-55.8	
20.5	-33.7	-58.3	-50.9	
54.9	-31.2	-36.1	-55.8	
59.8	-31.2	20.5	-4.1	
37.7	-14.0	99.2	45.1	
32.8	25.4	62.3	101.6	
20.5	79.5	18.0	96.7	
22.9	138.5	-11.5	-1.7	
27.8	190.2	62.3	-33.7	
22.9	180.4	236.9	-36.1	
22.9	141.0	288.6	-63.2	
32.8	109.0	222.2	-114.8	
37.7	101.6	141.0	-87.8	
35.2	91.8	22.9	-26.3	
40.1	42.6	-107.5	-16.4	
57.4	-6.6	-314.1	-38.6	
69.7	-1.7	-272.3	-70.6	
72.1	-16.4	-193.6	-65.6	
99.2	-4.1	-28.7	-53.3	
89.3	-28.7	143.5	47.5	
84.4	-31.2	32.8	84.4	
64.7	-41.0	69.7	99.2	
27.8	-60.7	141.0	72.1	
-16.4	-48.4	143.5	27.8	
-43.5	-58.3	54.9	-16.4	
-43.5	-23.8	10.6	-6.6	
-1.7	-50.9	3.2	37.7	
67.2	-26.3	-245.2	84.4	
118.9	-21.4	-395.3	64.7	
131.2	-23.8	-287.0	32.8	
113.9	15.5	-247.7	37.7	
72.1	40.1	-218.2	54.9	
-41.0	86.9	-73.0	82.0	
-129.6	84.4	-9.1	104.1	
-193.6	20.5	-50.9	96.7	
-196.0	74.6	-77.9	77.0	
-186.2	47.5	-11.5	57.4	
-159.1	30.3	52.4	32.8	
-112.4	-16.4	74.6	18.0	
-41.0	27.8	89.3	8.2	
-21.4	118.9	109.0	27.8	
-1.7	69.7	123.8	54.9	
18.0	18.0	145.9	67.2	
20.5	10.6	126.2	77.0	
37.7	-4.1	118.9	32.8	
32.8	-6.6	143.5	67.2	
47.5	5.7	158.2	79.5	
82.0	-36.1	158.2	106.6	
101.6	-46.0	175.4	101.6	
116.4	-50.9	180.4	123.8	
123.8	-28.7	67.2	113.9	
82.0	-38.6	-1.7	113.9	
35.2	5.7	-23.8	109.0	
20.5	57.4	-53.3	67.2	
30.3	126.2	0.8	50.0	
25.4	121.3	-63.2	104.1	
10.6	133.6	-90.2	111.5	
3.2	133.6	-68.1	106.6	
-21.4	54.9	-36.1	118.9	
-11.5	37.7	32.8	84.4	
3.2	32.8	133.6	64.7	
-1.7	25.4	150.8	84.4	
-23.8	10.6	77.0	64.7	
-14.0	-55.8	42.6	79.5	
32.8	-58.3	47.5	69.7	
18.0	3.2	57.4	45.1	
18.0	22.9	40.1	91.8	
-9.1	42.6	64.7	136.1	
-38.6	32.8	74.6	168.1	
-28.7	35.2	82.0	175.4	
-18.9	30.3	86.9	128.7	
-26.3	52.4	89.3	54.9	
-48.4	62.3	173.0	45.1	
-53.3	57.4	118.9	91.8	
-36.1	35.2	52.4	101.6	
0.8	25.4	79.5	72.1	
13.1	20.5	57.4	89.3	
45.1	5.7	27.8	131.2	
54.9	5.7	-181.3	123.8	
37.7	3.2	-112.4	94.3	
45.1	18.0	-137.0	116.4	
64.7	32.8	-205.9	106.6	
59.8	27.8	-159.1	91.8	
74.6	15.5	-102.5	77.0	
86.9	10.6	-146.8	91.8	
79.5	-21.4	-16.4	136.1	
72.1	5.7	123.8	101.6	
37.7	-1.7	143.5	59.8	
8.2	52.4	165.6	86.9	
-50.9	47.5	89.3	89.3	
-60.7	40.1	13.1	106.6	
-92.7	30.3	35.2	106.6	
-77.9	20.5	3.2	94.3	
-46.0	32.8	40.1	91.8	
0.8	47.5	-122.2	104.1	
8.2	54.9	-122.2	133.6	
13.1	45.1	-18.9	113.9	
32.8	22.9	-9.1	116.4	
27.8	30.3	-144.4	131.2	
27.8	13.1	-193.6	143.5	
25.4	30.3	-100.1	180.4	
27.8	25.4	-41.0	118.9	
37.7	32.8	-23.8	126.2	
18.0	35.2	-11.5	123.8	
18.0	27.8	-36.1	86.9	
15.5	30.3	-109.9	86.9	
22.9	25.4	-75.5	136.1	
10.6	10.6	-38.6	136.1	
13.1	10.6	42.6	106.6	
13.1	13.1	79.5	52.4	
15.5	30.3	37.7	42.6	
3.2	25.4	-26.3	57.4	
13.1	13.1	-144.4	77.0	
27.8	15.5	-164.0	84.4	
20.5	13.1	-137.0	94.3	
22.9	22.9	-92.7	84.4	
37.7	18.0	145.9	86.9	
40.1	-1.7	180.4	96.7	
20.5	5.7	187.7	118.9	
8.2	3.2	259.1	116.4	
-1.7	10.6	200.0	121.3	
37.7	27.8	106.6	126.2	
54.9	22.9	-100.1	96.7	
57.4	37.7	-154.2	54.9	
30.3	52.4	-141.9	-21.4	
57.4	25.4	-341.2	-4.1	
47.5	47.5	-260.0	25.4	
30.3	18.0	-171.4	109.0	
27.8	-4.1	-260.0	32.8	
42.6	-21.4	-323.9	-4.1	
74.6	-11.5	-228.0	27.8	
111.5	3.2	-102.5	79.5	
118.9	8.2	-9.1	77.0	
113.9	15.5	45.1	86.9	
141.0	20.5	54.9	121.3	
145.9	64.7	57.4	89.3	
96.7	94.3	40.1	40.1	
62.3	89.3	45.1	62.3	
-23.8	64.7	-21.4	106.6	
-85.3	67.2	-46.0	89.3	
-109.9	54.9	-43.5	128.7	
-9.1	42.6	-14.0	241.9	
153.3	35.2	42.6	227.1	
192.7	15.5	47.5	214.8	
207.4	-9.1	45.1	133.6	
118.9	-4.1	35.2	54.9	
18.0	-1.7	-11.5	-58.3	
-82.9	32.8	25.4	-80.4	
-213.2	37.7	-16.4	-38.6	
-358.4	35.2	-41.0	-1.7	
-434.6	64.7	-33.7	32.8	
-353.5	47.5	3.2	40.1	
-218.2	10.6	-4.1	74.6	
-127.1	-18.9	3.2	79.5	
-60.7	-23.8	79.5	94.3	
-18.9	-50.9	131.2	99.2	
-9.1	-80.4	121.3	79.5	
-1.7	-6.6	111.5	82.0	
18.0	27.8	69.7	84.4	
25.4	-6.6	-43.5	111.5	
37.7	-16.4	-102.5	106.6	
35.2	-63.2	-41.0	121.3	
35.2	-18.9	-53.3	106.6	
42.6	-11.5	-87.8	136.1	
57.4	123.8	-139.4	143.5	
47.5	229.6	-139.4	158.2	
59.8	340.3	-107.5	165.6	
52.4	411.6	84.4	121.3	
54.9	313.2	209.9	54.9	
57.4	165.6	153.3	-4.1	
69.7	50.0	185.3	3.2	
69.7	20.5	192.7	8.2	
67.2	5.7	310.7	45.1	
77.0	-58.3	273.8	57.4	
59.8	-48.4	195.1	74.6	
50.0	-95.2	84.4	94.3	
42.6	-82.9	-92.7	121.3	
27.8	-46.0	-181.3	165.6	
22.9	15.5	-385.4	145.9	
18.0	35.2	-299.3	133.6	
18.0	40.1	-119.8	155.8	
37.7	22.9	-92.7	128.7	
69.7	-1.7	-159.1	126.2	
67.2	-14.0	-151.7	141.0	
62.3	-9.1	-119.8	202.5	
62.3	15.5	-41.0	224.6	
52.4	5.7	25.4	195.1	
30.3	-21.4	86.9	148.4	
10.6	25.4	133.6	109.0	
8.2	22.9	101.6	35.2	
-21.4	40.1	-18.9	69.7	
-14.0	13.1	-90.2	150.8	
8.2	25.4	-73.0	224.6	
27.8	0.8	3.2	271.4	
62.3	-6.6	37.7	212.3	
79.5	20.5	168.1	106.6	
133.6	30.3	241.9	106.6	
136.1	62.3	25.4	173.0	
121.3	5.7	-90.2	182.8	
72.1	-26.3	-134.5	197.6	
40.1	-11.5	-11.5	200.0	
-1.7	13.1	84.4	202.5	
-28.7	57.4	-60.7	168.1	
-16.4	67.2	-102.5	158.2	
-14.0	62.3	-9.1	136.1	
13.1	-6.6	91.8	82.0	
3.2	18.0	101.6	79.5	
22.9	0.8	131.2	62.3	
47.5	22.9	-41.0	47.5	
52.4	25.4	-196.0	62.3	
52.4	22.9	-346.1	84.4	
118.9	64.7	-373.1	72.1	
219.7	79.5	-289.5	40.1	
254.2	59.8	-141.9	22.9	
234.5	42.6	-1.7	72.1	
155.8	35.2	86.9	163.1	
37.7	45.1	118.9	96.7	
-117.3	69.7	133.6	-60.7	
-304.3	67.2	89.3	-149.3	
-395.3	57.4	62.3	-164.0	
-375.6	50.0	101.6	-85.3	
-294.4	37.7	62.3	-28.7	
-146.8	32.8	32.8	79.5	
-68.1	18.0	57.4	128.7	
-21.4	40.1	111.5	45.1	
3.2	27.8	45.1	5.7	
18.0	3.2	-31.2	-9.1	
30.3	-6.6	-14.0	42.6	
32.8	-11.5	-43.5	15.5	
59.8	-16.4	-9.1	-53.3	
84.4	-18.9	8.2	-46.0	
106.6	-4.1	-33.7	-38.6	
84.4	5.7	-114.8	-85.3	
54.9	18.0	-95.2	-114.8	
3.2	47.5	-11.5	-92.7	
-11.5	52.4	-18.9	-87.8	
-55.8	59.8	-11.5	-90.2	
-70.6	50.0	8.2	-102.5	
-97.6	30.3	15.5	-164.0	
-65.6	0.8	13.1	-200.9	
-26.3	-16.4	-18.9	-294.4	
-11.5	-1.7	-41.0	-269.8	
-14.0	47.5	-16.4	-200.9	
35.2	86.9	-16.4	-55.8	
25.4	25.4	8.2	8.2	
40.1	15.5	0.8	175.4	
30.3	13.1	45.1	47.5	
22.9	84.4	27.8	-14.0	
32.8	74.6	25.4	-65.6	
52.4	180.4	8.2	-75.5	
37.7	268.9	-16.4	-97.6	
35.2	175.4	-16.4	-122.2	
42.6	116.4	-23.8	-97.6	
52.4	57.4	-11.5	-105.0	
40.1	-11.5	-6.6	-134.5	
47.5	-26.3	-9.1	-149.3	
50.0	-33.7	-11.5	-119.8	
59.8	-26.3	3.2	-134.5	
25.4	-16.4	25.4	-154.2	
20.5	-11.5	-48.4	-87.8	
22.9	0.8	-1.7	-77.9	
18.0	0.8	45.1	-102.5	
8.2	13.1	5.7	-109.9	
15.5	10.6	-105.0	-112.4	
3.2	15.5	-132.1	-77.9	
0.8	8.2	-75.5	-73.0	
15.5	-28.7	5.7	-68.1	
8.2	-43.5	126.2	-65.6	
10.6	-105.0	3.2	-68.1	
10.6	-55.8	30.3	-68.1	
20.5	-68.1	79.5	-55.8	
20.5	-119.8	118.9	-55.8	
25.4	-63.2	62.3	-36.1	
32.8	-46.0	-95.2	-33.7	
18.0	20.5	-70.6	-26.3	
22.9	236.9	-23.8	-14.0	
37.7	369.8	-1.7	-1.7	
32.8	318.1	18.0	-28.7	
37.7	158.2	15.5	-70.6	
42.6	32.8	35.2	-68.1	
30.3	-48.4	62.3	-53.3	
27.8	-60.7	57.4	-80.4	
47.5	-48.4	94.3	-53.3	
32.8	-36.1	239.4	-63.2	
22.9	8.2	271.4	-60.7	
37.7	8.2	153.3	-50.9	
27.8	5.7	121.3	-14.0	
20.5	20.5	82.0	8.2	
35.2	10.6	-191.1	40.1	
37.7	8.2	-415.0	32.8	
32.8	8.2	-260.0	13.1	
40.1	15.5	-65.6	30.3	
57.4	30.3	-95.2	35.2	
57.4	25.4	-85.3	37.7	
47.5	18.0	-73.0	22.9	
30.3	-6.6	-23.8	8.2	
15.5	-28.7	-55.8	25.4	
3.2	-18.9	-4.1	42.6	
3.2	-11.5	170.5	37.7	
-6.6	-6.6	195.1	57.4	
0.8	-1.7	153.3	72.1	
-16.4	-9.1	123.8	40.1	
8.2	0.8	57.4	84.4	
18.0	-6.6	-87.8	104.1	
64.7	8.2	-75.5	67.2	
121.3	13.1	13.1	74.6	
158.2	10.6	77.0	25.4	
143.5	27.8	50.0	54.9	
99.2	64.7	-28.7	22.9	
77.0	72.1	-58.3	-4.1	
32.8	96.7	-55.8	27.8	
-41.0	72.1	25.4	72.1	
-137.0	89.3	62.3	32.8	
-186.2	89.3	109.0	-48.4	
-191.1	91.8	89.3	-6.6	
-109.9	91.8	86.9	42.6	
-60.7	35.2	32.8	64.7	
-18.9	-26.3	5.7	67.2	
5.7	-33.7	27.8	42.6	
13.1	-28.7	62.3	45.1	
27.8	25.4	67.2	54.9	
15.5	25.4	37.7	94.3	
25.4	18.0	-11.5	52.4	
67.2	13.1	18.0	0.8	
118.9	5.7	-33.7	15.5	
150.8	-4.1	-21.4	25.4	
118.9	-4.1	0.8	5.7	
67.2	10.6	-73.0	-16.4	
30.3	18.0	-119.8	-21.4	
-36.1	18.0	-97.6	-14.0	
-95.2	18.0	-46.0	18.0	
-92.7	18.0	25.4	89.3	
-90.2	18.0	101.6	52.4	
-68.1	13.1	150.8	5.7	
-36.1	25.4	136.1	27.8	
-16.4	22.9	72.1	25.4	
8.2	25.4	10.6	22.9	
3.2	30.3	-16.4	35.2	
47.5	30.3	3.2	86.9	
138.5	30.3	-36.1	59.8	
185.3	22.9	-73.0	45.1	
187.7	20.5	-107.5	54.9	
153.3	25.4	-80.4	77.0	
101.6	32.8	-21.4	64.7	
35.2	18.0	47.5	64.7	
-11.5	13.1	91.8	67.2	
-60.7	-33.7	109.0	72.1	
-122.2	-70.6	94.3	77.0	
-173.9	-50.9	158.2	89.3	
-156.7	8.2	121.3	79.5	
-70.6	32.8	57.4	74.6	
20.5	79.5	-85.3	72.1	
67.2	79.5	-139.4	62.3	
69.7	128.7	-122.2	69.7	
82.0	197.6	-139.4	69.7	
72.1	200.0	-181.3	54.9	
45.1	163.1	-90.2	35.2	
32.8	116.4	-90.2	-9.1	
10.6	42.6	-43.5	-21.4	
-41.0	10.6	-4.1	35.2	
-77.9	-18.9	47.5	106.6	
-60.7	-18.9	59.8	104.1	
-41.0	-31.2	18.0	47.5	
-11.5	-1.7	-9.1	45.1	
13.1	-4.1	8.2	42.6	
15.5	15.5	-60.7	59.8	
30.3	25.4	-50.9	47.5	
22.9	42.6	-14.0	8.2	
45.1	25.4	42.6	30.3	
45.1	20.5	50.0	50.0	
42.6	20.5	-38.6	45.1	
27.8	20.5	-80.4	30.3	
30.3	15.5	-144.4	22.9	
13.1	18.0	-63.2	40.1	
18.0	30.3	-21.4	18.0	
25.4	45.1	-16.4	0.8	
22.9	37.7	-63.2	-97.6	
20.5	32.8	-6.6	-6.6	
52.4	22.9	89.3	37.7	
37.7	27.8	136.1	64.7	
37.7	25.4	155.8	42.6	
25.4	30.3	153.3	30.3	
5.7	37.7	145.9	118.9	
5.7	35.2	47.5	190.2	
10.6	25.4	-77.9	232.0	
8.2	25.4	-26.3	244.3	
5.7	32.8	-38.6	266.5	
-1.7	52.4	-33.7	168.1	
3.2	50.0	-77.9	-33.7	
0.8	62.3	-77.9	-178.8	
8.2	20.5	-43.5	-117.3	
8.2	35.2	-21.4	-14.0	
18.0	47.5	-38.6	37.7	
8.2	37.7	-46.0	37.7	
13.1	30.3	-26.3	25.4	
13.1	25.4	5.7	77.0	
18.0	10.6	32.8	128.7	
25.4	5.7	72.1	99.2	
40.1	35.2	42.6	96.7	
37.7	57.4	42.6	128.7	
25.4	54.9	47.5	131.2	
32.8	37.7	59.8	116.4	
27.8	30.3	74.6	99.2	
35.2	18.0	37.7	116.4	
45.1	18.0	13.1	168.1	
18.0	22.9	27.8	160.7	
30.3	25.4	-82.9	163.1	
35.2	25.4	-100.1	148.4	
18.0	13.1	-26.3	163.1	
8.2	3.2	3.2	170.5	
8.2	25.4	-31.2	160.7	
20.5	27.8	-16.4	148.4	
20.5	13.1	35.2	131.2	
27.8	-4.1	32.8	89.3	
32.8	-23.8	52.4	86.9	
52.4	-28.7	45.1	111.5	
62.3	-41.0	47.5	116.4	
54.9	-38.6	3.2	118.9	
62.3	15.5	-80.4	128.7	
50.0	54.9	-92.7	148.4	
67.2	47.5	-26.3	145.9	
77.0	91.8	-6.6	131.2	
47.5	109.0	-6.6	138.5	
42.6	42.6	15.5	141.0	
-4.1	37.7	25.4	131.2	
-33.7	37.7	52.4	123.8	
-33.7	180.4	50.0	126.2	
-60.7	177.9	45.1	131.2	
-73.0	106.6	57.4	133.6	
-68.1	89.3	67.2	138.5	
-63.2	118.9	37.7	136.1	
-50.9	104.1	30.3	143.5	
-31.2	74.6	35.2	136.1	
-1.7	40.1	22.9	143.5	
8.2	10.6	-4.1	131.2	
13.1	-1.7	-53.3	133.6	
15.5	0.8	-53.3	128.7	
18.0	-16.4	-63.2	104.1	
20.5	-1.7	-41.0	111.5	
27.8	18.0	-41.0	116.4	
57.4	8.2	15.5	113.9	
84.4	-23.8	79.5	116.4	
133.6	-31.2	77.0	136.1	
126.2	-16.4	74.6	141.0	
99.2	8.2	77.0	118.9	
86.9	13.1	3.2	126.2	
54.9	22.9	-48.4	94.3	
5.7	-9.1	-100.1	104.1	
-18.9	-16.4	-90.2	109.0	
-16.4	-16.4	-14.0	123.8	
-9.1	-14.0	3.2	123.8	
-21.4	18.0	-4.1	133.6	
-33.7	-23.8	5.7	138.5	
-33.7	-21.4	25.4	138.5	
-16.4	-31.2	47.5	153.3	
-11.5	-26.3	72.1	163.1	
-16.4	-43.5	106.6	155.8	
13.1	-36.1	86.9	163.1	
52.4	77.0	99.2	177.9	
50.0	180.4	82.0	195.1	
25.4	185.3	27.8	175.4	
13.1	200.0	25.4	200.0	
5.7	207.4	-31.2	207.4	
-9.1	205.0	-82.9	173.0	
-1.7	131.2	-23.8	187.7	
-14.0	79.5	-18.9	202.5	
-26.3	96.7	-16.4	212.3	
-41.0	82.0	-50.9	182.8	
-16.4	99.2	22.9	200.0	
-16.4	104.1	79.5	214.8	
-18.9	8.2	50.0	190.2	
-1.7	-114.8	64.7	141.0	
-1.7	-100.1	20.5	121.3	
10.6	-41.0	3.2	113.9	
20.5	-26.3	40.1	133.6	
27.8	-16.4	84.4	136.1	
45.1	-16.4	54.9	104.1	
94.3	-11.5	-38.6	106.6	
138.5	-4.1	-48.4	116.4	
145.9	-4.1	-18.9	113.9	
155.8	-4.1	64.7	104.1	
113.9	-1.7	52.4	77.0	
57.4	0.8	42.6	84.4	
-16.4	8.2	-26.3	74.6	
-77.9	18.0	-4.1	86.9	
-100.1	13.1	22.9	86.9	
-77.9	32.8	-43.5	82.0	
-48.4	20.5	-11.5	79.5	
13.1	22.9	13.1	59.8	
20.5	15.5	30.3	52.4	
72.1	10.6	-90.2	57.4	
118.9	-9.1	-95.2	50.0	
131.2	18.0	-21.4	47.5	
109.0	27.8	-33.7	64.7	
62.3	45.1	-43.5	25.4	
10.6	45.1	-80.4	-21.4	
-65.6	37.7	-58.3	-21.4	
-85.3	57.4	8.2	25.4	
-87.8	52.4	62.3	77.0	
-90.2	27.8	47.5	106.6	
-77.9	13.1	37.7	123.8	
-43.5	30.3	86.9	121.3	
0.8	18.0	111.5	116.4	
8.2	18.0	67.2	99.2	
22.9	47.5	74.6	131.2	
35.2	52.4	89.3	150.8	
42.6	40.1	94.3	145.9	
25.4	42.6	22.9	173.0	
10.6	27.8	32.8	131.2	
13.1	22.9	-6.6	69.7	
57.4	30.3	-60.7	-38.6	
67.2	15.5	-161.6	-90.2	
96.7	18.0	-105.0	-100.1	
67.2	22.9	-68.1	-18.9	
42.6	20.5	-85.3	3.2	
27.8	32.8	-28.7	15.5	
10.6	27.8	13.1	13.1	
-55.8	30.3	47.5	35.2	
-87.8	22.9	69.7	67.2	
-92.7	30.3	79.5	79.5	
-90.2	32.8	59.8	91.8	
-68.1	25.4	27.8	89.3	
-63.2	30.3	27.8	111.5	
-14.0	62.3	-21.4	126.2	
0.8	106.6	-50.9	101.6	
18.0	99.2	-21.4	84.4	
22.9	57.4	-33.7	57.4	
15.5	42.6	-31.2	22.9	
32.8	37.7	-46.0	25.4	
25.4	8.2	30.3	-11.5	
45.1	25.4	52.4	-11.5	
57.4	22.9	79.5	13.1	
37.7	8.2	74.6	22.9	
35.2	15.5	82.0	32.8	
22.9	5.7	79.5	37.7	
18.0	22.9	45.1	13.1	
35.2	35.2	47.5	45.1	
20.5	15.5	62.3	47.5	
22.9	5.7	104.1	27.8	
15.5	-6.6	111.5	8.2	
40.1	-21.4	109.0	-4.1	
35.2	-33.7	67.2	5.7	
35.2	-28.7	-58.3	-21.4	
42.6	-4.1	-48.4	-26.3	
22.9	10.6	0.8	-4.1	
32.8	-9.1	8.2	-31.2	
27.8	10.6	-6.6	-46.0	
37.7	27.8	-21.4	-53.3	
32.8	101.6	-23.8	-46.0	
27.8	89.3	-53.3	-53.3	
20.5	77.0	-26.3	-73.0	
25.4	138.5	-14.0	-41.0	
32.8	128.7	57.4	-58.3	
20.5	94.3	126.2	-43.5	
32.8	50.0	163.1	-38.6	
30.3	42.6	111.5	-43.5	
18.0	42.6	94.3	-58.3	
13.1	37.7	42.6	-58.3	
20.5	35.2	3.2	-41.0	
3.2	22.9	-9.1	-36.1	
18.0	15.5	-6.6	-28.7	
15.5	27.8	-4.1	-18.9	
22.9	32.8	-58.3	-11.5	
18.0	8.2	-109.9	-21.4	
32.8	15.5	-28.7	-33.7	
35.2	50.0	-14.0	-46.0	
27.8	59.8	-58.3	-36.1	
35.2	50.0	-4.1	-53.3	
25.4	32.8	67.2	-41.0	
30.3	22.9	59.8	-28.7	
18.0	8.2	54.9	-28.7	
27.8	-4.1	84.4	-11.5	
18.0	-16.4	82.0	-21.4	
13.1	-28.7	67.2	-58.3	
22.9	0.8	22.9	-65.6	
45.1	8.2	40.1	-73.0	
37.7	20.5	8.2	-36.1	
37.7	30.3	-23.8	-26.3	
59.8	18.0	40.1	18.0	
69.7	32.8	91.8	25.4	
84.4	59.8	89.3	15.5	
67.2	59.8	84.4	30.3	
67.2	30.3	77.0	22.9	
86.9	0.8	62.3	8.2	
99.2	-26.3	128.7	8.2	
111.5	-33.7	175.4	-23.8	
160.7	-41.0	246.8	-31.2	
256.6	-28.7	91.8	-11.5	
291.1	-9.1	-14.0	10.6	
256.6	-16.4	-50.9	8.2	
170.5	3.2	-92.7	15.5	
62.3	13.1	-255.1	52.4	
-95.2	0.8	-235.4	59.8	
-223.1	15.5	-124.7	57.4	
-228.0	79.5	-87.8	62.3	
-181.3	126.2	-114.8	47.5	
-90.2	190.2	-112.4	-23.8	
-1.7	222.2	-117.3	-60.7	
42.6	209.9	-109.9	-70.6	
22.9	150.8	-6.6	-75.5	
3.2	121.3	99.2	-87.8	
-55.8	64.7	150.8	-100.1	
-112.4	15.5	113.9	-114.8	
-210.8	5.7	101.6	-109.9	
-311.6	-28.7	89.3	-87.8	
-306.7	-26.3	67.2	-97.6	
-240.3	-21.4	101.6	-105.0	
-149.3	10.6	106.6	-97.6	
-50.9	0.8	94.3	-95.2	
-11.5	-9.1	99.2	-95.2	
-1.7	-1.7	72.1	-87.8	
27.8	-1.7	22.9	-82.9	
64.7	-11.5	5.7	-105.0	
62.3	-16.4	5.7	-141.9	
52.4	0.8	-58.3	-156.7	
37.7	37.7	-80.4	-149.3	
32.8	37.7	-38.6	-173.9	
57.4	30.3	-73.0	-149.3	
45.1	42.6	-90.2	-119.8	
59.8	37.7	-16.4	-141.9	
94.3	37.7	-1.7	-141.9	
104.1	8.2	32.8	-215.7	
79.5	20.5	84.4	-210.8	
79.5	40.1	45.1	-191.1	
62.3	32.8	32.8	-178.8	
47.5	45.1	37.7	-159.1	
25.4	67.2	57.4	-114.8	
3.2	35.2	69.7	-73.0	
-14.0	5.7	113.9	-38.6	
0.8	-1.7	111.5	-14.0	
20.5	35.2	104.1	-16.4	
37.7	42.6	77.0	-1.7	
30.3	35.2	40.1	-9.1	
37.7	30.3	18.0	15.5	
32.8	42.6	-14.0	89.3	
20.5	40.1	-65.6	180.4	
22.9	-26.3	-164.0	217.3	
10.6	-6.6	-149.3	241.9	
0.8	50.0	-97.6	217.3	
-1.7	64.7	-53.3	74.6	
0.8	57.4	-23.8	-127.1	
18.0	32.8	-4.1	-269.8	
30.3	42.6	5.7	-218.2	
22.9	30.3	18.0	-193.6	
25.4	40.1	45.1	-77.9	
37.7	-1.7	45.1	-43.5	
42.6	0.8	32.8	-31.2	
22.9	-6.6	15.5	0.8	
22.9	-11.5	20.5	27.8	
27.8	10.6	-11.5	40.1	
13.1	22.9	-11.5	40.1	
15.5	20.5	-11.5	40.1	
10.6	13.1	-14.0	35.2	
30.3	-16.4	0.8	35.2	
40.1	-28.7	-26.3	25.4	
27.8	-43.5	-11.5	18.0	
32.8	-11.5	5.7	-41.0	
32.8	50.0	5.7	-65.6	
20.5	54.9	37.7	-80.4	
20.5	86.9	74.6	-53.3	
5.7	123.8	101.6	-38.6	
-6.6	113.9	109.0	-23.8	
0.8	82.0	109.0	-23.8	
0.8	52.4	35.2	-26.3	
20.5	42.6	10.6	-65.6	
20.5	22.9	-50.9	-55.8	
8.2	15.5	-65.6	-53.3	
5.7	30.3	-31.2	-58.3	
20.5	25.4	27.8	-43.5	
30.3	32.8	47.5	-60.7	
27.8	22.9	-9.1	-63.2	
50.0	20.5	-36.1	-85.3	
59.8	8.2	-55.8	-95.2	
52.4	8.2	-70.6	-90.2	
62.3	10.6	-60.7	-73.0	
52.4	40.1	45.1	-28.7	
82.0	35.2	136.1	-31.2	
123.8	40.1	177.9	-36.1	
136.1	64.7	173.0	-23.8	
153.3	77.0	118.9	-53.3	
160.7	62.3	72.1	-63.2	
165.6	54.9	111.5	-43.5	
128.7	35.2	82.0	-21.4	
64.7	10.6	-14.0	-11.5	
13.1	15.5	-18.9	-38.6	
3.2	5.7	37.7	-38.6	
0.8	-1.7	69.7	-53.3	
20.5	10.6	52.4	-65.6	
37.7	3.2	-4.1	-60.7	
50.0	22.9	-70.6	-63.2	
18.0	10.6	-36.1	-58.3	
-65.6	-6.6	25.4	-58.3	
-156.7	3.2	123.8	-73.0	
-252.6	22.9	148.4	-77.9	
-237.8	-31.2	67.2	-70.6	
-166.5	-48.4	30.3	-58.3	
-87.8	-85.3	-18.9	-48.4	
22.9	-107.5	-203.4	-50.9	
99.2	-85.3	-107.5	-31.2	
94.3	-41.0	-21.4	-60.7	
123.8	-38.6	-18.9	-48.4	
91.8	-1.7	-23.8	-58.3	
18.0	45.1	20.5	-46.0	
-92.7	136.1	72.1	-43.5	
-149.3	278.8	54.9	-33.7	
-151.7	315.7	37.7	-48.4	
-166.5	271.4	37.7	-75.5	
-132.1	163.1	74.6	-82.9	
-70.6	106.6	40.1	-80.4	
-38.6	59.8	5.7	-70.6	
-26.3	27.8	-1.7	-55.8	
-1.7	20.5	-6.6	-82.9	
-21.4	18.0	-28.7	-95.2	
-23.8	18.0	-14.0	-73.0	
-9.1	15.5	-11.5	-48.4	
13.1	25.4	-31.2	-28.7	
32.8	18.0	-11.5	-28.7	
94.3	5.7	-28.7	-16.4	
148.4	10.6	-87.8	18.0	
158.2	5.7	-117.3	8.2	
150.8	-31.2	-55.8	-38.6	
89.3	-6.6	3.2	-102.5	
47.5	-18.9	57.4	-82.9	
-16.4	3.2	82.0	-58.3	
-90.2	15.5	72.1	-92.7	
-102.5	13.1	47.5	-73.0	
-53.3	22.9	40.1	-50.9	
-18.9	27.8	47.5	-48.4	
0.8	-6.6	67.2	-36.1	
27.8	-1.7	64.7	-68.1	
35.2	8.2	89.3	-46.0	
30.3	18.0	89.3	-68.1	
40.1	27.8	54.9	-77.9	
30.3	22.9	42.6	-105.0	
40.1	50.0	25.4	-92.7	
22.9	79.5	3.2	-102.5	
32.8	72.1	-46.0	-102.5	
27.8	47.5	-26.3	-97.6	
18.0	25.4	-18.9	-65.6	
37.7	37.7	-38.6	-87.8	
40.1	37.7	-18.9	-87.8	
27.8	18.0	8.2	-90.2	
35.2	-1.7	15.5	-117.3	
35.2	40.1	72.1	-132.1	
30.3	54.9	69.7	-90.2	
18.0	50.0	-38.6	-58.3	
25.4	57.4	-11.5	-63.2	
27.8	42.6	18.0	-65.6	
35.2	32.8	-4.1	-63.2	
27.8	-4.1	-11.5	-70.6	
18.0	8.2	-11.5	-114.8	
-6.6	0.8	-6.6	-132.1	
8.2	3.2	32.8	-169.0	
13.1	22.9	-6.6	-230.5	
27.8	10.6	-16.4	-205.9	
13.1	-1.7	27.8	-166.5	
27.8	0.8	27.8	-132.1	
25.4	-4.1	27.8	-100.1	
45.1	0.8	54.9	-63.2	
32.8	20.5	47.5	-65.6	
20.5	42.6	50.0	-82.9	
37.7	35.2	109.0	-75.5	
30.3	40.1	148.4	-95.2	
27.8	30.3	150.8	-80.4	
35.2	45.1	145.9	-60.7	
13.1	32.8	42.6	-16.4	
20.5	20.5	37.7	42.6	
0.8	35.2	35.2	131.2	
3.2	18.0	-14.0	111.5	
8.2	25.4	-60.7	69.7	
13.1	27.8	-132.1	84.4	
15.5	32.8	-156.7	-82.9	
8.2	10.6	-183.7	-316.6	
22.9	5.7	-129.6	-338.7	
52.4	-31.2	-102.5	-220.6	
42.6	-31.2	-95.2	-203.4	
47.5	-26.3	-43.5	-176.3	
22.9	-14.0	69.7	-176.3	
8.2	-43.5	91.8	-164.0	
-36.1	-43.5	86.9	-124.7	
-1.7	-43.5	54.9	-109.9	
101.6	-31.2	40.1	-63.2	
219.7	10.6	45.1	-41.0	
276.3	69.7	57.4	-38.6	
244.3	145.9	52.4	-26.3	
165.6	254.2	77.0	-26.3	
62.3	293.5	67.2	-33.7	
-60.7	271.4	69.7	-58.3	
-181.3	163.1	126.2	-68.1	
-279.7	96.7	109.0	-58.3	
-277.2	74.6	101.6	-58.3	
-213.2	111.5	91.8	-55.8	
-117.3	52.4	82.0	-53.3	
-46.0	13.1	-16.4	-46.0	
-6.6	-6.6	-55.8	-38.6	
-9.1	-46.0	-105.0	-48.4	
-1.7	-63.2	-87.8	-53.3	
22.9	-14.0	-70.6	-60.7	
52.4	20.5	-127.1	-65.6	
64.7	35.2	-129.6	-43.5	
89.3	13.1	-60.7	-36.1	
82.0	-16.4	-21.4	-31.2	
77.0	-26.3	67.2	-31.2	
32.8	-36.1	113.9	-41.0	
18.0	-21.4	138.5	-41.0	
-16.4	-11.5	160.7	-36.1	
-36.1	15.5	175.4	-28.7	
-43.5	-4.1	123.8	-31.2	
-43.5	-46.0	82.0	-16.4	
-16.4	-41.0	67.2	-23.8	
5.7	-50.9	40.1	-36.1	
18.0	-21.4	-16.4	-75.5	
37.7	-28.7	-53.3	-65.6	
59.8	-26.3	-18.9	-68.1	
50.0	-14.0	-18.9	-58.3	
47.5	-9.1	-31.2	-23.8	
32.8	-16.4	-23.8	-4.1	
27.8	0.8	-33.7	47.5	
50.0	35.2	-11.5	50.0	
52.4	106.6	0.8	35.2	
37.7	141.0	10.6	18.0	
64.7	116.4	15.5	5.7	
118.9	99.2	42.6	-11.5	
158.2	104.1	57.4	-31.2	
131.2	126.2	62.3	-43.5	
86.9	86.9	69.7	-46.0	
52.4	62.3	62.3	20.5	
5.7	37.7	52.4	3.2	
-33.7	47.5	37.7	-1.7	
-55.8	79.5	40.1	-6.6	
-112.4	59.8	25.4	-4.1	
-144.4	20.5	15.5	-100.1	
-124.7	3.2	62.3	-355.9	
-100.1	-11.5	104.1	-422.3	
-70.6	13.1	47.5	-326.4	
-50.9	18.0	-4.1	-252.6	
-9.1	13.1	42.6	-208.3	
3.2	3.2	22.9	-151.7	
13.1	-1.7	35.2	-112.4	
20.5	0.8	20.5	-65.6	
10.6	-1.7	-16.4	-65.6	
25.4	22.9	-43.5	-50.9	
18.0	37.7	-55.8	-23.8	
3.2	42.6	-77.9	0.8	
3.2	0.8	-95.2	3.2	
18.0	30.3	-65.6	15.5	
25.4	30.3	-26.3	25.4	
5.7	0.8	13.1	25.4	
15.5	-14.0	37.7	42.6	
32.8	8.2	32.8	35.2	
57.4	47.5	27.8	18.0	
96.7	62.3	37.7	8.2	
104.1	57.4	20.5	20.5	
118.9	50.0	15.5	47.5	
89.3	22.9	25.4	82.0	
47.5	8.2	25.4	50.0	
32.8	-9.1	-4.1	15.5	
-9.1	0.8	18.0	8.2	
-58.3	-16.4	18.0	18.0	
-53.3	-1.7	18.0	18.0	
-48.4	-1.7	22.9	22.9	
-48.4	-23.8	37.7	0.8	
-16.4	-9.1	10.6	10.6	
-16.4	22.9	15.5	42.6	
-4.1	42.6	18.0	47.5	
47.5	42.6	0.8	69.7	
67.2	22.9	25.4	79.5	
89.3	-6.6	74.6	64.7	
101.6	-11.5	113.9	27.8	
111.5	-28.7	153.3	22.9	
84.4	-14.0	153.3	-11.5	
40.1	-21.4	136.1	-23.8	
-1.7	-11.5	109.0	25.4	
32.8	-23.8	35.2	42.6	
47.5	-21.4	-105.0	50.0	
20.5	10.6	-171.4	52.4	
0.8	45.1	-146.8	52.4	
-33.7	123.8	-186.2	20.5	
-36.1	128.7	-129.6	-36.1	
-16.4	96.7	-127.1	-48.4	
-23.8	62.3	-60.7	-16.4	
-26.3	37.7	-55.8	5.7	
-43.5	27.8	-31.2	15.5	
-43.5	40.1	8.2	25.4	
-23.8	54.9	37.7	35.2	
-21.4	54.9	62.3	42.6	
-36.1	77.0	72.1	40.1	
-23.8	45.1	84.4	37.7	
-18.9	18.0	54.9	25.4	
8.2	-11.5	18.0	25.4	
-11.5	-1.7	-23.8	32.8	
-9.1	0.8	-6.6	54.9	
25.4	8.2	50.0	69.7	
67.2	18.0	0.8	91.8	
69.7	30.3	-18.9	99.2	
84.4	10.6	-28.7	104.1	
86.9	0.8	8.2	96.7	
82.0	3.2	20.5	113.9	
52.4	-11.5	20.5	72.1	
22.9	-18.9	45.1	25.4	
-18.9	-21.4	40.1	-68.1	
-41.0	-21.4	59.8	-114.8	
-36.1	-9.1	47.5	-70.6	
-21.4	-6.6	45.1	-55.8	
-4.1	0.8	15.5	-9.1	
-33.7	-4.1	25.4	25.4	
-43.5	-14.0	40.1	47.5	
-11.5	-36.1	20.5	25.4	
-31.2	-46.0	32.8	54.9	
22.9	-46.0	15.5	40.1	
47.5	-14.0	0.8	32.8	
64.7	-14.0	-1.7	89.3	
82.0	-11.5	18.0	67.2	
82.0	25.4	27.8	72.1	
74.6	22.9	8.2	67.2	
74.6	37.7	10.6	42.6	
37.7	62.3	15.5	32.8	
22.9	138.5	30.3	35.2	
13.1	214.8	13.1	35.2	
-9.1	232.0	59.8	27.8	
-23.8	150.8	91.8	32.8	
-53.3	111.5	84.4	42.6	
-63.2	84.4	57.4	32.8	
-80.4	52.4	18.0	32.8	
-58.3	22.9	10.6	42.6	
-18.9	10.6	-1.7	47.5	
-4.1	-4.1	-73.0	45.1	
10.6	-1.7	-109.9	45.1	
27.8	0.8	-80.4	32.8	
42.6	10.6	-48.4	30.3	
52.4	-4.1	-58.3	0.8	
59.8	-6.6	-85.3	0.8	
69.7	-33.7	-50.9	5.7	
62.3	-36.1	-1.7	35.2	
57.4	-36.1	15.5	45.1	
45.1	-38.6	5.7	40.1	
52.4	5.7	5.7	15.5	
22.9	20.5	22.9	27.8	
5.7	37.7	32.8	37.7	
-16.4	79.5	30.3	37.7	
-18.9	50.0	45.1	27.8	
0.8	57.4	67.2	25.4	
27.8	47.5	47.5	18.0	
42.6	91.8	25.4	18.0	
57.4	133.6	20.5	5.7	
74.6	113.9	18.0	-1.7	
64.7	54.9	35.2	22.9	
57.4	3.2	30.3	37.7	
30.3	-16.4	0.8	59.8	
-1.7	-18.9	-36.1	52.4	
-21.4	-14.0	-9.1	35.2	
-63.2	-23.8	13.1	27.8	
-18.9	-4.1	27.8	37.7	
50.0	-26.3	20.5	42.6	
99.2	-55.8	25.4	59.8	
96.7	-48.4	18.0	54.9	
74.6	-48.4	5.7	57.4	
89.3	-28.7	5.7	35.2	
45.1	20.5	3.2	25.4	
3.2	67.2	35.2	64.7	
-70.6	79.5	15.5	67.2	
-87.8	91.8	-28.7	52.4	
-75.5	74.6	-41.0	25.4	
-65.6	86.9	-77.9	-41.0	
-48.4	45.1	-68.1	-58.3	
8.2	62.3	-53.3	-68.1	
59.8	89.3	-85.3	-63.2	
104.1	131.2	-82.9	18.0	
104.1	79.5	-31.2	109.0	
113.9	52.4	3.2	106.6	
79.5	37.7	50.0	52.4	
30.3	30.3	72.1	10.6	
27.8	8.2	94.3	3.2	
37.7	-14.0	99.2	32.8	
40.1	-23.8	82.0	77.0	
84.4	-21.4	45.1	173.0	
131.2	-21.4	5.7	251.7	
104.1	-26.3	-53.3	271.4	
101.6	-16.4	-16.4	261.5	
57.4	0.8	-6.6	153.3	
-14.0	0.8	-6.6	-137.0	
-112.4	-31.2	-50.9	-319.0	
-191.1	-16.4	-6.6	-264.9	
-210.8	3.2	0.8	-112.4	
-144.4	5.7	-26.3	-68.1	
-95.2	-38.6	-63.2	-11.5	
-48.4	-38.6	-50.9	-1.7	
-33.7	-36.1	-21.4	-4.1	
-58.3	-14.0	35.2	0.8	
-80.4	13.1	37.7	-6.6	
-68.1	77.0	3.2	-9.1	
-38.6	99.2	67.2	-14.0	
-18.9	109.0	148.4	-26.3	
-11.5	96.7	190.2	-43.5	
5.7	89.3	192.7	-18.9	
20.5	69.7	155.8	0.8	
47.5	57.4	190.2	-11.5	
54.9	35.2	50.0	25.4	
42.6	22.9	-169.0	89.3	
45.1	15.5	-304.3	62.3	
22.9	20.5	-200.9	45.1	
25.4	13.1	-137.0	18.0	
32.8	20.5	-134.5	13.1	
40.1	15.5	-53.3	8.2	
27.8	22.9	-23.8	32.8	
10.6	25.4	-18.9	3.2	
-1.7	50.0	-36.1	-4.1	
5.7	52.4	-43.5	13.1	
18.0	47.5	-53.3	25.4	
35.2	40.1	3.2	13.1	
42.6	32.8	45.1	37.7	
62.3	15.5	45.1	30.3	
52.4	0.8	22.9	50.0	
50.0	0.8	35.2	15.5	
42.6	-21.4	37.7	40.1	
32.8	-18.9	99.2	37.7	
8.2	-6.6	67.2	27.8	
-11.5	-4.1	52.4	47.5	
-9.1	40.1	15.5	35.2	
13.1	27.8	-43.5	32.8	
37.7	35.2	-68.1	25.4	
37.7	35.2	-41.0	35.2	
18.0	22.9	-21.4	45.1	
32.8	67.2	-9.1	32.8	
37.7	148.4	-14.0	27.8	
32.8	192.7	-38.6	42.6	
42.6	126.2	-55.8	13.1	
32.8	64.7	-53.3	10.6	
22.9	25.4	-58.3	22.9	
20.5	18.0	-4.1	50.0	
30.3	22.9	40.1	74.6	
37.7	-6.6	50.0	72.1	
18.0	-1.7	62.3	42.6	
20.5	-9.1	74.6	22.9	
22.9	-50.9	84.4	-1.7	
18.0	-26.3	86.9	-9.1	
35.2	-33.7	91.8	13.1	
32.8	-11.5	128.7	27.8	
27.8	0.8	91.8	62.3	
18.0	27.8	-6.6	47.5	
30.3	45.1	-68.1	37.7	
42.6	64.7	-119.8	35.2	
40.1	59.8	-127.1	32.8	
32.8	62.3	-112.4	25.4	
25.4	32.8	-85.3	27.8	
18.0	30.3	32.8	40.1	
15.5	18.0	54.9	42.6	
40.1	22.9	35.2	37.7	
27.8	13.1	52.4	27.8	
15.5	25.4	15.5	30.3	
42.6	10.6	3.2	45.1	
45.1	0.8	-16.4	42.6	
37.7	18.0	-21.4	40.1	
57.4	8.2	52.4	54.9	
52.4	15.5	52.4	47.5	
77.0	20.5	64.7	27.8	
74.6	10.6	84.4	22.9	
57.4	-11.5	72.1	5.7	
27.8	5.7	64.7	10.6	
5.7	40.1	57.4	22.9	
-11.5	42.6	35.2	20.5	
-28.7	35.2	-6.6	10.6	
5.7	40.1	-31.2	20.5	
52.4	20.5	-50.9	27.8	
89.3	-28.7	-73.0	42.6	
145.9	-48.4	-28.7	57.4	
136.1	10.6	-18.9	32.8	
86.9	32.8	-28.7	35.2	
15.5	54.9	-33.7	20.5	
-80.4	69.7	-33.7	18.0	
-100.1	52.4	-31.2	15.5	
-97.6	25.4	-58.3	3.2	
-114.8	22.9	-50.9	22.9	
-151.7	50.0	-33.7	35.2	
-159.1	82.0	25.4	27.8	
-112.4	64.7	50.0	25.4	
-53.3	47.5	62.3	15.5	
-36.1	42.6	30.3	15.5	
20.5	50.0	8.2	3.2	
45.1	57.4	15.5	5.7	
57.4	54.9	42.6	5.7	
86.9	79.5	40.1	25.4	
72.1	47.5	20.5	40.1	
50.0	42.6	18.0	22.9	
69.7	25.4	35.2	5.7	
67.2	18.0	50.0	-11.5	
96.7	-11.5	5.7	-14.0	
109.0	-21.4	8.2	0.8	
121.3	-46.0	-6.6	5.7	
91.8	-50.9	-65.6	15.5	
91.8	-58.3	-87.8	3.2	
72.1	-48.4	-26.3	-1.7	
18.0	-16.4	-28.7	18.0	
-33.7	-6.6	-33.7	22.9	
-63.2	50.0	8.2	3.2	
-100.1	69.7	15.5	-11.5	
-90.2	54.9	35.2	0.8	
-75.5	20.5	47.5	0.8	
-80.4	54.9	50.0	40.1	
-95.2	47.5	54.9	101.6	
-60.7	69.7	86.9	52.4	
-23.8	82.0	52.4	94.3	
3.2	106.6	35.2	82.0	
8.2	104.1	5.7	22.9	
27.8	62.3	5.7	-6.6	
20.5	18.0	67.2	-48.4	
22.9	69.7	69.7	-9.1	
45.1	35.2	-117.3	-63.2	
22.9	30.3	-166.5	-33.7	
22.9	47.5	-82.9	-26.3	
62.3	74.6	-28.7	-9.1	
40.1	82.0	45.1	3.2	
37.7	50.0	72.1	-16.4	
42.6	37.7	30.3	-6.6	
22.9	30.3	32.8	20.5	
40.1	22.9	69.7	18.0	
22.9	5.7	74.6	27.8	
25.4	-4.1	155.8	20.5	
18.0	-26.3	72.1	10.6	
8.2	-28.7	10.6	27.8	
-9.1	3.2	-46.0	57.4	
5.7	-9.1	-16.4	109.0	
0.8	8.2	8.2	205.0	
-1.7	15.5	-26.3	266.5	
10.6	22.9	-90.2	273.8	
5.7	25.4	-97.6	246.8	
18.0	15.5	-60.7	47.5	
27.8	15.5	-85.3	-220.6	
32.8	20.5	-156.7	-415.0	
25.4	13.1	-146.8	-262.4	
35.2	5.7	-53.3	-87.8	
22.9	-4.1	5.7	-26.3	
27.8	0.8	40.1	-14.0	
25.4	13.1	69.7	-11.5	
35.2	22.9	69.7	-9.1	
40.1	50.0	52.4	-1.7	
35.2	47.5	45.1	0.8	
35.2	59.8	47.5	8.2	
20.5	62.3	35.2	8.2	
15.5	59.8	35.2	25.4	
32.8	42.6	32.8	32.8	
32.8	18.0	22.9	40.1	
30.3	5.7	13.1	52.4	
32.8	-9.1	13.1	50.0	
42.6	-14.0	15.5	35.2	
27.8	-4.1	-4.1	27.8	
10.6	8.2	3.2	25.4	
3.2	13.1	15.5	30.3	
0.8	18.0	30.3	35.2	
-9.1	27.8	27.8	37.7	
5.7	22.9	37.7	30.3	
20.5	22.9	40.1	27.8	
37.7	20.5	32.8	30.3	
25.4	40.1	40.1	30.3	
20.5	42.6	10.6	18.0	
15.5	32.8	18.0	35.2	
15.5	42.6	13.1	47.5	
18.0	35.2	5.7	52.4	
32.8	25.4	-11.5	59.8	
18.0	35.2	8.2	45.1	
32.8	40.1	5.7	32.8	
69.7	62.3	5.7	42.6	
86.9	59.8	-1.7	37.7	
89.3	45.1	-18.9	22.9	
77.0	47.5	-36.1	40.1	
62.3	45.1	-33.7	37.7	
42.6	47.5	-46.0	13.1	
18.0	27.8	-16.4	18.0	
-11.5	32.8	5.7	22.9	
25.4	8.2	18.0	45.1	
54.9	5.7	18.0	50.0	
5.7	15.5	8.2	47.5	
-26.3	62.3	10.6	22.9	
-26.3	50.0	25.4	18.0	
0.8	30.3	22.9	22.9	
22.9	15.5	27.8	20.5	
47.5	-4.1	27.8	37.7	
30.3	-14.0	45.1	27.8	
-4.1	-48.4	40.1	35.2	
-6.6	-23.8	57.4	50.0	
-23.8	-21.4	37.7	45.1	
-36.1	5.7	45.1	40.1	
-21.4	45.1	42.6	54.9	
-26.3	35.2	35.2	62.3	
-58.3	32.8	45.1	54.9	
-21.4	-18.9	5.7	-6.6	
40.1	-11.5	-41.0	-50.9	
82.0	-26.3	0.8	-48.4	
86.9	-18.9	-53.3	-31.2	
52.4	30.3	-117.3	8.2	
20.5	86.9	-68.1	5.7	
3.2	59.8	-9.1	0.8	
-6.6	37.7	37.7	15.5	
-21.4	52.4	42.6	25.4	
-33.7	69.7	8.2	32.8	
-43.5	84.4	22.9	30.3	
-4.1	67.2	10.6	37.7	
10.6	42.6	-9.1	27.8	
13.1	13.1	-9.1	10.6	
18.0	37.7	15.5	-4.1	
10.6	45.1	-18.9	-6.6	
50.0	64.7	-36.1	3.2	
91.8	47.5	-6.6	5.7	
118.9	15.5	-26.3	5.7	
96.7	45.1	-23.8	-1.7	
45.1	82.0	-38.6	-1.7	
18.0	62.3	-23.8	-6.6	
15.5	50.0	18.0	0.8	
-21.4	69.7	42.6	-6.6	
-75.5	91.8	89.3	-1.7	
-50.9	47.5	47.5	13.1	
22.9	40.1	25.4	0.8	
101.6	72.1	20.5	5.7	
62.3	86.9	-9.1	-11.5	
20.5	101.6	0.8	-4.1	
20.5	121.3	20.5	8.2	
8.2	42.6	15.5	5.7	
8.2	-70.6	8.2	22.9	
-53.3	-92.7	-1.7	35.2	
-80.4	-60.7	0.8	27.8	
-48.4	-87.8	-9.1	18.0	
-26.3	-90.2	0.8	0.8	
-43.5	-53.3	-4.1	-26.3	
-68.1	-38.6	-9.1	-9.1	
-97.6	-16.4	-4.1	-11.5	
-124.7	8.2	-14.0	25.4	
-112.4	15.5	-18.9	8.2	
-90.2	37.7	25.4	10.6	
-41.0	64.7	37.7	27.8	
-11.5	77.0	40.1	35.2	
20.5	72.1	30.3	30.3	
35.2	64.7	22.9	18.0	
37.7	45.1	57.4	13.1	
32.8	35.2	54.9	25.4	
35.2	22.9	45.1	30.3	
64.7	-14.0	52.4	42.6	
52.4	-31.2	64.7	69.7	
64.7	-16.4	57.4	59.8	
50.0	-16.4	22.9	42.6	
50.0	0.8	-4.1	10.6	
40.1	30.3	5.7	57.4	
35.2	35.2	0.8	106.6	
22.9	22.9	0.8	62.3	
25.4	32.8	30.3	64.7	
18.0	20.5	20.5	52.4	
45.1	22.9	35.2	-16.4	
50.0	20.5	67.2	-149.3	
42.6	18.0	62.3	-124.7	
50.0	27.8	67.2	-102.5	
47.5	45.1	37.7	-77.9	
57.4	57.4	-31.2	-26.3	
50.0	47.5	-53.3	-6.6	
40.1	42.6	-85.3	5.7	
37.7	42.6	-73.0	27.8	
40.1	57.4	-82.9	59.8	
30.3	27.8	-97.6	62.3	
35.2	30.3	-31.2	67.2	
-4.1	40.1	30.3	84.4	
3.2	8.2	42.6	54.9	
5.7	5.7	22.9	3.2	
10.6	3.2	15.5	-117.3	
25.4	10.6	22.9	-95.2	
10.6	5.7	30.3	-48.4	
22.9	20.5	3.2	-26.3	
15.5	54.9	-28.7	10.6	
22.9	30.3	15.5	8.2	
32.8	0.8	52.4	18.0	
8.2	-16.4	54.9	25.4	
20.5	-16.4	35.2	20.5	
22.9	3.2	5.7	27.8	
30.3	20.5	27.8	30.3	
3.2	25.4	74.6	45.1	
15.5	30.3	20.5	52.4	
22.9	35.2	-28.7	32.8	
20.5	62.3	-36.1	15.5	
37.7	59.8	-33.7	-38.6	
37.7	40.1	-80.4	-63.2	
30.3	3.2	-46.0	-18.9	
25.4	-14.0	-41.0	0.8	
27.8	-21.4	-16.4	5.7	
37.7	0.8	8.2	13.1	
13.1	0.8	42.6	22.9	
22.9	22.9	20.5	20.5	
3.2	15.5	13.1	30.3	
20.5	37.7	18.0	18.0	
18.0	69.7	27.8	37.7	
32.8	72.1	32.8	25.4	
35.2	74.6	10.6	0.8	
40.1	50.0	-1.7	10.6	
32.8	35.2	-31.2	0.8	
27.8	22.9	-6.6	-9.1	
30.3	22.9	25.4	-11.5	
27.8	32.8	22.9	-6.6	
37.7	25.4	35.2	-14.0	
35.2	22.9	54.9	3.2	
27.8	18.0	86.9	0.8	
15.5	15.5	74.6	3.2	
18.0	32.8	67.2	0.8	
13.1	25.4	79.5	-11.5	
15.5	18.0	72.1	-41.0	
15.5	13.1	45.1	-26.3	
22.9	10.6	10.6	0.8	
20.5	13.1	-46.0	-14.0	
18.0	5.7	-87.8	8.2	
18.0	0.8	-43.5	22.9	
22.9	0.8	40.1	25.4	
27.8	0.8	64.7	18.0	
27.8	-4.1	50.0	25.4	
37.7	15.5	54.9	35.2	
30.3	40.1	57.4	-4.1	
18.0	52.4	69.7	18.0	
27.8	52.4	35.2	30.3	
30.3	79.5	-50.9	18.0	
25.4	47.5	-95.2	42.6	
22.9	47.5	-53.3	30.3	
20.5	57.4	-14.0	18.0	
15.5	52.4	-38.6	13.1	
15.5	62.3	-14.0	10.6	
8.2	25.4	-28.7	3.2	
-6.6	20.5	-31.2	15.5	
8.2	22.9	-1.7	22.9	
40.1	-1.7	25.4	22.9	
82.0	-48.4	-1.7	-1.7	
111.5	-43.5	15.5	-11.5	
131.2	-38.6	54.9	-21.4	
111.5	-26.3	74.6	-18.9	
57.4	-11.5	57.4	15.5	
27.8	13.1	50.0	47.5	
10.6	-1.7	54.9	52.4	
8.2	10.6	47.5	30.3	
-26.3	-16.4	30.3	8.2	
-36.1	-14.0	40.1	13.1	
-48.4	45.1	47.5	27.8	
-28.7	143.5	30.3	45.1	
0.8	187.7	18.0	32.8	
-9.1	158.2	3.2	40.1	
-11.5	111.5	-11.5	27.8	
-9.1	82.0	-26.3	32.8	
3.2	35.2	-14.0	15.5	
45.1	3.2	-48.4	20.5	
72.1	-18.9	-43.5	3.2	
62.3	-46.0	-4.1	-38.6	
50.0	3.2	3.2	-36.1	
25.4	57.4	22.9	-46.0	
-38.6	69.7	22.9	-11.5	
-95.2	47.5	15.5	-33.7	
-90.2	40.1	-11.5	-43.5	
-63.2	37.7	18.0	-41.0	
-48.4	30.3	50.0	-11.5	
-41.0	20.5	77.0	20.5	
-21.4	-4.1	96.7	57.4	
-16.4	-31.2	86.9	79.5	
27.8	-4.1	82.0	79.5	
91.8	15.5	8.2	104.1	
101.6	8.2	-43.5	153.3	
101.6	8.2	-4.1	128.7	
72.1	0.8	3.2	77.0	
62.3	5.7	-11.5	-23.8	
47.5	50.0	-23.8	-60.7	
8.2	96.7	-23.8	-134.5	
-31.2	150.8	25.4	-127.1	
-63.2	173.0	37.7	-1.7	
-55.8	67.2	57.4	67.2	
-50.9	-16.4	101.6	54.9	
-23.8	-31.2	69.7	-1.7	
18.0	-58.3	22.9	-43.5	
13.1	-55.8	42.6	-129.6	
8.2	-43.5	22.9	-53.3	
8.2	-41.0	27.8	40.1	
3.2	-38.6	47.5	57.4	
0.8	-14.0	-21.4	126.2	
35.2	0.8	-90.2	118.9	
40.1	-6.6	-73.0	111.5	
37.7	0.8	-31.2	10.6	
37.7	10.6	-21.4	-149.3	
42.6	-1.7	-23.8	-230.5	
47.5	8.2	-16.4	-225.5	
42.6	15.5	-21.4	-117.3	
54.9	-1.7	-28.7	-11.5	
62.3	-6.6	-36.1	-14.0	
64.7	0.8	-16.4	-6.6	
40.1	-1.7	5.7	13.1	
37.7	-6.6	5.7	30.3	
10.6	13.1	5.7	42.6	
-1.7	35.2	0.8	32.8	
15.5	22.9	-1.7	15.5	
-6.6	27.8	0.8	10.6	
5.7	52.4	45.1	18.0	
15.5	50.0	91.8	25.4	
57.4	40.1	84.4	45.1	
82.0	67.2	40.1	25.4	
101.6	59.8	18.0	42.6	
74.6	40.1	3.2	42.6	
25.4	62.3	-48.4	40.1	
-4.1	74.6	-80.4	42.6	
-18.9	74.6	-46.0	42.6	
-28.7	69.7	-6.6	50.0	
-48.4	59.8	-46.0	18.0	
-48.4	45.1	-26.3	18.0	
-43.5	47.5	-43.5	18.0	
-28.7	32.8	20.5	32.8	
-26.3	3.2	62.3	37.7	
-6.6	13.1	47.5	27.8	
18.0	20.5	74.6	20.5	
50.0	32.8	50.0	0.8	
86.9	0.8	42.6	-9.1	
91.8	3.2	30.3	-26.3	
96.7	-18.9	40.1	-6.6	
82.0	0.8	22.9	25.4	
69.7	10.6	-18.9	86.9	
15.5	13.1	-18.9	89.3	
-31.2	-1.7	-21.4	67.2	
-63.2	-1.7	-18.9	57.4	
-41.0	22.9	-1.7	54.9	
-18.9	54.9	15.5	32.8	
0.8	62.3	57.4	27.8	
-6.6	69.7	40.1	27.8	
-16.4	91.8	37.7	32.8	
-6.6	96.7	35.2	32.8	
5.7	86.9	0.8	30.3	
22.9	79.5	3.2	20.5	
37.7	79.5	18.0	10.6	
15.5	72.1	37.7	8.2	
32.8	8.2	50.0	0.8	
30.3	-4.1	37.7	3.2	
27.8	-16.4	0.8	3.2	
27.8	-4.1	5.7	3.2	
35.2	-11.5	13.1	3.2	
52.4	3.2	22.9	5.7	
67.2	20.5	32.8	15.5	
86.9	27.8	50.0	13.1	
109.0	40.1	40.1	18.0	
116.4	25.4	35.2	18.0	
69.7	25.4	13.1	25.4	
62.3	62.3	3.2	40.1	
32.8	113.9	22.9	30.3	
3.2	84.4	22.9	18.0	
-36.1	57.4	30.3	25.4	
-48.4	57.4	27.8	32.8	
-38.6	37.7	20.5	27.8	
22.9	3.2	25.4	30.3	
69.7	20.5	3.2	13.1	
77.0	-4.1	-6.6	22.9	
77.0	-60.7	13.1	20.5	
69.7	-46.0	10.6	10.6	
74.6	-1.7	-21.4	8.2	
86.9	5.7	-16.4	8.2	
64.7	42.6	0.8	35.2	
27.8	69.7	18.0	22.9	
13.1	62.3	32.8	35.2	
22.9	40.1	25.4	45.1	
118.9	57.4	32.8	42.6	
168.1	84.4	40.1	15.5	
148.4	143.5	50.0	8.2	
141.0	141.0	50.0	15.5	
77.0	25.4	35.2	-4.1	
5.7	-63.2	5.7	-1.7	
-105.0	-137.0	-53.3	5.7	
-228.0	-100.1	-48.4	27.8	
-284.6	-80.4	-21.4	15.5	
-242.8	-50.9	-16.4	18.0	
-220.6	-16.4	-4.1	0.8	
-210.8	-38.6	20.5	-9.1	
-151.7	-33.7	25.4	10.6	
-77.9	-18.9	32.8	0.8	
-43.5	3.2	42.6	8.2	
-16.4	18.0	50.0	25.4	
0.8	20.5	59.8	-16.4	
15.5	15.5	69.7	-48.4	
22.9	13.1	40.1	-33.7	
32.8	40.1	20.5	13.1	
35.2	37.7	-14.0	54.9	
47.5	62.3	-36.1	64.7	
42.6	45.1	-77.9	45.1	
27.8	25.4	-85.3	67.2	
32.8	25.4	-23.8	54.9	
35.2	37.7	-9.1	-1.7	
54.9	35.2	15.5	-16.4	
64.7	22.9	32.8	-14.0	
89.3	22.9	20.5	-18.9	
82.0	15.5	-14.0	-6.6	
89.3	27.8	-26.3	-28.7	
77.0	40.1	-55.8	-38.6	
59.8	42.6	-21.4	13.1	
37.7	37.7	-31.2	50.0	
35.2	30.3	-1.7	79.5	
22.9	20.5	27.8	74.6	
5.7	25.4	45.1	84.4	
-28.7	8.2	69.7	82.0	
-14.0	0.8	91.8	40.1	
10.6	-4.1	96.7	10.6	
18.0	3.2	59.8	-41.0	
22.9	10.6	45.1	-68.1	
20.5	-4.1	54.9	-41.0	
32.8	25.4	22.9	22.9	
35.2	37.7	-14.0	74.6	
40.1	32.8	-38.6	-28.7	
67.2	37.7	-11.5	-63.2	
74.6	35.2	-28.7	0.8	
72.1	50.0	-6.6	-6.6	
67.2	67.2	-16.4	-65.6	
37.7	77.0	-21.4	-60.7	
35.2	64.7	5.7	-46.0	
5.7	45.1	3.2	-31.2	
-33.7	64.7	-16.4	-28.7	
-33.7	79.5	-26.3	0.8	
-21.4	67.2	-11.5	18.0	
-1.7	77.0	25.4	10.6	
3.2	79.5	52.4	20.5	
22.9	77.0	84.4	27.8	
18.0	64.7	82.0	42.6	
30.3	45.1	15.5	27.8	
32.8	20.5	18.0	0.8	
32.8	30.3	32.8	3.2	
32.8	22.9	10.6	13.1	
35.2	-6.6	-53.3	3.2	
35.2	-21.4	-102.5	-1.7	
37.7	-6.6	-58.3	18.0	
35.2	-6.6	18.0	18.0	
20.5	-6.6	-23.8	50.0	
13.1	-4.1	-18.9	69.7	
15.5	18.0	27.8	47.5	
5.7	22.9	-23.8	30.3	
10.6	20.5	-53.3	52.4	
15.5	47.5	-53.3	-9.1	
0.8	42.6	-23.8	-119.8	
-1.7	50.0	10.6	-97.6	
5.7	42.6	35.2	-9.1	
-4.1	35.2	18.0	45.1	
3.2	37.7	-4.1	40.1	
20.5	30.3	-16.4	59.8	
25.4	25.4	-23.8	45.1	
45.1	35.2	3.2	25.4	
30.3	57.4	13.1	0.8	
32.8	50.0	40.1	-9.1	
35.2	47.5	27.8	-14.0	
22.9	47.5	40.1	-16.4	
30.3	45.1	32.8	-14.0	
32.8	32.8	40.1	-18.9	
22.9	25.4	32.8	-9.1	
22.9	10.6	42.6	15.5	
22.9	0.8	77.0	32.8	
18.0	0.8	101.6	22.9	
15.5	-1.7	106.6	59.8	
15.5	13.1	104.1	15.5	
15.5	25.4	72.1	13.1	
15.5	27.8	52.4	25.4	
13.1	47.5	22.9	18.0	
25.4	37.7	-21.4	-14.0	
15.5	40.1	-23.8	-26.3	
13.1	37.7	-60.7	-14.0	
0.8	32.8	-48.4	-16.4	
-4.1	40.1	13.1	-55.8	
-4.1	15.5	54.9	-90.2	
8.2	25.4	35.2	-58.3	
5.7	13.1	-16.4	0.8	
27.8	27.8	-68.1	52.4	
35.2	25.4	-127.1	77.0	
27.8	30.3	-55.8	94.3	
32.8	8.2	27.8	86.9	
27.8	15.5	59.8	72.1	
37.7	25.4	59.8	40.1	
25.4	25.4	50.0	8.2	
8.2	18.0	54.9	3.2	
13.1	30.3	59.8	0.8	
15.5	15.5	57.4	-4.1	
25.4	42.6	64.7	-16.4	
22.9	32.8	62.3	-6.6	
20.5	20.5	37.7	13.1	
18.0	27.8	3.2	8.2	
32.8	5.7	3.2	-6.6	
22.9	13.1	0.8	-16.4	
15.5	20.5	27.8	-23.8	
27.8	30.3	30.3	-6.6	
27.8	18.0	25.4	27.8	
18.0	8.2	32.8	37.7	
5.7	25.4	8.2	47.5	
3.2	74.6	3.2	37.7	
-1.7	91.8	18.0	27.8	
-9.1	64.7	13.1	22.9	
-4.1	37.7	8.2	25.4	
8.2	8.2	3.2	-16.4	
15.5	0.8	5.7	-4.1	
30.3	-4.1	-9.1	0.8	
59.8	-9.1	-28.7	18.0	
79.5	-28.7	-11.5	-16.4	
99.2	-70.6	-1.7	-14.0	
145.9	-6.6	-21.4	5.7	
128.7	-36.1	8.2	5.7	
116.4	-48.4	13.1	-33.7	
84.4	-55.8	15.5	-53.3	
67.2	-36.1	15.5	-36.1	
64.7	-55.8	18.0	-4.1	
40.1	-41.0	52.4	13.1	
27.8	-31.2	50.0	37.7	
79.5	54.9	40.1	54.9	
118.9	101.6	45.1	50.0	
136.1	168.1	35.2	47.5	
89.3	195.1	22.9	30.3	
27.8	126.2	8.2	18.0	
5.7	82.0	-11.5	15.5	
-11.5	136.1	-6.6	27.8	
-53.3	160.7	22.9	13.1	
-124.7	143.5	5.7	-9.1	
-156.7	72.1	-38.6	-41.0	
-193.6	89.3	-28.7	-23.8	
-198.5	91.8	-9.1	-9.1	
-154.2	104.1	15.5	-9.1	
-105.0	50.0	42.6	5.7	
-36.1	5.7	40.1	-1.7	
-16.4	10.6	45.1	-4.1	
-4.1	-1.7	72.1	-11.5	
18.0	15.5	64.7	-6.6	
30.3	37.7	25.4	35.2	
20.5	50.0	35.2	45.1	
47.5	62.3	40.1	8.2	
84.4	10.6	30.3	54.9	
109.0	3.2	-4.1	101.6	
99.2	-23.8	-21.4	79.5	
54.9	-9.1	-1.7	-33.7	
18.0	-9.1	-6.6	-80.4	
-4.1	8.2	-26.3	-97.6	
-28.7	22.9	0.8	-82.9	
-33.7	32.8	-28.7	-33.7	
-73.0	32.8	-4.1	-14.0	
-75.5	22.9	0.8	8.2	
-48.4	35.2	-16.4	22.9	
-14.0	15.5	8.2	40.1	
5.7	-14.0	20.5	45.1	
32.8	-58.3	40.1	35.2	
45.1	-90.2	32.8	37.7	
35.2	-75.5	50.0	47.5	
35.2	-43.5	74.6	45.1	
62.3	0.8	82.0	25.4	
74.6	8.2	77.0	13.1	
67.2	18.0	79.5	-33.7	
69.7	32.8	67.2	0.8	
35.2	3.2	32.8	10.6	
45.1	10.6	18.0	57.4	
32.8	13.1	-70.6	116.4	
3.2	35.2	-95.2	74.6	
-14.0	27.8	-68.1	37.7	
-1.7	18.0	-41.0	3.2	
0.8	25.4	-31.2	22.9	
3.2	18.0	-26.3	-14.0	
25.4	40.1	-21.4	-55.8	
22.9	50.0	-1.7	-14.0	
40.1	42.6	20.5	5.7	
22.9	59.8	22.9	13.1	
42.6	52.4	30.3	22.9	
27.8	20.5	8.2	32.8	
45.1	-1.7	20.5	40.1	
35.2	-6.6	22.9	32.8	
32.8	5.7	37.7	30.3	
20.5	3.2	27.8	30.3	
32.8	-4.1	20.5	40.1	
18.0	10.6	-9.1	37.7	
15.5	27.8	-21.4	40.1	
25.4	37.7	-33.7	30.3	
32.8	40.1	-16.4	32.8	
30.3	37.7	-9.1	22.9	
27.8	37.7	5.7	13.1	
22.9	25.4	27.8	18.0	
20.5	40.1	94.3	18.0	
20.5	50.0	67.2	13.1	
30.3	45.1	35.2	13.1	
30.3	32.8	30.3	10.6	
32.8	59.8	45.1	13.1	
30.3	45.1	37.7	30.3	
13.1	50.0	30.3	30.3	
25.4	25.4	57.4	27.8	
30.3	20.5	40.1	20.5	
30.3	-23.8	27.8	40.1	
25.4	-31.2	13.1	35.2	
13.1	-23.8	-6.6	30.3	
-1.7	-38.6	-28.7	15.5	
8.2	-63.2	-33.7	10.6	
52.4	-60.7	-33.7	-4.1	
64.7	-73.0	-4.1	-21.4	
136.1	-33.7	-23.8	13.1	
192.7	-41.0	-48.4	20.5	
192.7	-28.7	-14.0	37.7	
163.1	-4.1	-14.0	27.8	
96.7	89.3	-4.1	15.5	
8.2	109.0	-6.6	5.7	
-77.9	148.4	-11.5	-11.5	
-146.8	190.2	5.7	-6.6	
-129.6	190.2	32.8	25.4	
-68.1	177.9	72.1	37.7	
62.3	150.8	62.3	54.9	
217.3	99.2	59.8	52.4	
313.2	96.7	62.3	40.1	
352.6	64.7	84.4	15.5	
296.0	18.0	45.1	-4.1	
195.1	-21.4	-31.2	-11.5	
52.4	-55.8	-63.2	-6.6	
-92.7	-9.1	-46.0	13.1	
-255.1	54.9	-46.0	-1.7	
-353.5	67.2	-26.3	-21.4	
-373.1	99.2	-9.1	-14.0	
-328.9	106.6	-1.7	8.2	
-213.2	74.6	5.7	18.0	
-117.3	22.9	35.2	37.7	
-48.4	-16.4	22.9	20.5	
3.2	-33.7	52.4	40.1	
20.5	-11.5	72.1	32.8	
52.4	-26.3	45.1	5.7	
54.9	-31.2	52.4	-16.4	
79.5	-21.4	-4.1	-48.4	
104.1	-11.5	-55.8	-53.3	
109.0	-1.7	-16.4	15.5	
77.0	-11.5	10.6	18.0	
101.6	18.0	5.7	32.8	
64.7	64.7	18.0	-9.1	
57.4	40.1	62.3	-36.1	
45.1	45.1	72.1	-41.0	
10.6	45.1	94.3	-11.5	
-6.6	25.4	59.8	5.7	
-14.0	45.1	20.5	10.6	
-33.7	20.5	10.6	-6.6	
-119.8	10.6	-11.5	-4.1	
-141.9	0.8	-9.1	5.7	
-82.9	25.4	45.1	3.2	
-11.5	62.3	-14.0	-1.7	
3.2	54.9	-43.5	37.7	
13.1	30.3	-4.1	50.0	
32.8	50.0	27.8	22.9	
13.1	10.6	-11.5	20.5	
22.9	18.0	-95.2	-26.3	
37.7	32.8	-63.2	-31.2	
35.2	-4.1	-36.1	-11.5	
25.4	-9.1	20.5	5.7	
20.5	-6.6	3.2	-16.4	
13.1	-16.4	-18.9	-18.9	
32.8	3.2	-4.1	-23.8	
35.2	-1.7	25.4	-1.7	
37.7	3.2	52.4	8.2	
22.9	3.2	47.5	18.0	
32.8	20.5	54.9	18.0	
35.2	27.8	50.0	-1.7	
37.7	25.4	52.4	-11.5	
47.5	22.9	69.7	0.8	
42.6	27.8	52.4	8.2	
30.3	30.3	32.8	10.6	
40.1	27.8	32.8	-1.7	
50.0	35.2	-16.4	10.6	
94.3	42.6	-36.1	25.4	
106.6	25.4	-36.1	3.2	
104.1	15.5	25.4	-6.6	
101.6	5.7	54.9	5.7	
84.4	3.2	57.4	-16.4	
47.5	0.8	77.0	18.0	
10.6	22.9	62.3	67.2	
-26.3	5.7	52.4	37.7	
-31.2	-6.6	3.2	22.9	
-9.1	-16.4	-6.6	18.0	
0.8	-11.5	3.2	3.2	
-1.7	22.9	-11.5	10.6	
13.1	20.5	-58.3	15.5	
13.1	13.1	-53.3	25.4	
15.5	47.5	-6.6	22.9	
27.8	89.3	-1.7	18.0	
22.9	101.6	-9.1	35.2	
25.4	136.1	-4.1	13.1	
22.9	113.9	59.8	-23.8	
22.9	77.0	91.8	-31.2	
35.2	59.8	62.3	-1.7	
35.2	30.3	-4.1	18.0	
32.8	15.5	-43.5	37.7	
30.3	13.1	-31.2	32.8	
30.3	15.5	-26.3	18.0	
27.8	25.4	10.6	-4.1	
27.8	15.5	37.7	-11.5	
8.2	18.0	22.9	-16.4	
0.8	27.8	25.4	-18.9	
13.1	27.8	25.4	5.7	
35.2	27.8	37.7	-4.1	
27.8	30.3	3.2	10.6	
42.6	15.5	3.2	25.4	
42.6	25.4	15.5	27.8	
91.8	-9.1	10.6	20.5	
106.6	-38.6	-16.4	-1.7	
123.8	-21.4	-16.4	18.0	
116.4	-6.6	-50.9	18.0	
99.2	-9.1	-4.1	-4.1	
62.3	10.6	22.9	-1.7	
15.5	-31.2	32.8	-4.1	
-21.4	-18.9	13.1	18.0	
-48.4	-23.8	20.5	22.9	
-77.9	5.7	20.5	20.5	
-87.8	40.1	5.7	15.5	
-23.8	128.7	-18.9	-21.4	
40.1	116.4	27.8	-16.4	
153.3	116.4	45.1	-6.6	
202.5	153.3	45.1	-11.5	
195.1	143.5	10.6	3.2	
141.0	126.2	-1.7	3.2	
111.5	145.9	10.6	0.8	
89.3	133.6	-6.6	-14.0	
37.7	84.4	-9.1	-28.7	
-6.6	57.4	18.0	-28.7	
-21.4	5.7	52.4	-14.0	
-18.9	-28.7	40.1	-1.7	
-9.1	-28.7	-38.6	-1.7	
-14.0	-23.8	-21.4	5.7	
-75.5	-38.6	42.6	22.9	
-129.6	-38.6	59.8	15.5	
-196.0	-21.4	69.7	-6.6	
-198.5	-9.1	89.3	-11.5	
-151.7	-4.1	13.1	-1.7	
-58.3	-4.1	-1.7	-1.7	
3.2	-11.5	-38.6	-9.1	
72.1	-16.4	-60.7	-14.0	
104.1	-18.9	-53.3	-21.4	
118.9	-16.4	-36.1	-1.7	
104.1	-9.1	-38.6	5.7	
64.7	5.7	62.3	8.2	
15.5	13.1	96.7	30.3	
-53.3	40.1	62.3	35.2	
-53.3	20.5	109.0	20.5	
-77.9	27.8	126.2	10.6	
-77.9	25.4	118.9	13.1	
-75.5	47.5	72.1	45.1	
-46.0	30.3	52.4	67.2	
3.2	27.8	22.9	82.0	
57.4	20.5	-41.0	30.3	
67.2	5.7	-114.8	22.9	
40.1	3.2	-112.4	47.5	
-9.1	-9.1	-109.9	64.7	
-73.0	8.2	-33.7	27.8	
-92.7	45.1	-6.6	-11.5	
-65.6	37.7	-16.4	45.1	
-38.6	27.8	-14.0	32.8	
-23.8	47.5	8.2	-181.3	
-16.4	52.4	10.6	-223.1	
-6.6	20.5	-18.9	-107.5	
-1.7	30.3	-26.3	-46.0	
3.2	64.7	18.0	-31.2	
35.2	101.6	57.4	-31.2	
57.4	116.4	57.4	-16.4	
72.1	141.0	69.7	-16.4	
52.4	86.9	67.2	10.6	
47.5	52.4	111.5	22.9	
45.1	20.5	96.7	13.1	
57.4	-23.8	57.4	13.1	
40.1	-28.7	72.1	8.2	
45.1	-6.6	57.4	0.8	
32.8	3.2	59.8	-9.1	
40.1	32.8	5.7	5.7	
27.8	45.1	-107.5	37.7	
40.1	32.8	-43.5	86.9	
35.2	18.0	-1.7	104.1	
45.1	10.6	-1.7	101.6	
37.7	3.2	-14.0	79.5	
37.7	-4.1	-16.4	37.7	
37.7	5.7	-1.7	-77.9	
37.7	-1.7	-18.9	-117.3	
30.3	15.5	-65.6	-70.6	
40.1	13.1	-23.8	-23.8	
50.0	22.9	10.6	0.8	
32.8	13.1	10.6	-9.1	
20.5	32.8	-14.0	-9.1	
15.5	32.8	15.5	10.6	
10.6	30.3	5.7	-9.1	
25.4	20.5	15.5	-1.7	
20.5	13.1	3.2	-9.1	
18.0	0.8	42.6	-6.6	
15.5	-9.1	86.9	20.5	
30.3	20.5	47.5	27.8	
47.5	47.5	47.5	27.8	
50.0	50.0	32.8	20.5	
40.1	47.5	35.2	27.8	
42.6	64.7	25.4	25.4	
18.0	20.5	40.1	10.6	
20.5	27.8	50.0	-6.6	
15.5	30.3	59.8	3.2	
5.7	-1.7	59.8	13.1	
10.6	-14.0	59.8	22.9	
15.5	-4.1	57.4	22.9	
27.8	22.9	50.0	5.7	
50.0	123.8	32.8	-11.5	
54.9	128.7	-9.1	-1.7	
37.7	99.2	-36.1	10.6	
18.0	111.5	-21.4	25.4	
0.8	121.3	-23.8	22.9	
5.7	74.6	-4.1	25.4	
5.7	-33.7	0.8	37.7	
3.2	-60.7	-63.2	22.9	
5.7	-38.6	-70.6	25.4	
-1.7	-41.0	-53.3	-1.7	
3.2	-28.7	25.4	8.2	
22.9	-1.7	96.7	-16.4	
30.3	42.6	111.5	-9.1	
18.0	30.3	136.1	-6.6	
18.0	42.6	128.7	25.4	
18.0	50.0	40.1	37.7	
25.4	32.8	-11.5	18.0	
30.3	40.1	-9.1	18.0	
37.7	37.7	-16.4	18.0	
42.6	13.1	-28.7	13.1	
62.3	-21.4	-38.6	15.5	
52.4	-33.7	-85.3	15.5	
74.6	20.5	-117.3	15.5	
99.2	42.6	-109.9	18.0	
104.1	30.3	-43.5	37.7	
121.3	42.6	3.2	37.7	
89.3	25.4	22.9	20.5	
128.7	25.4	37.7	20.5	
187.7	27.8	47.5	15.5	
185.3	52.4	62.3	5.7	
106.6	45.1	54.9	0.8	
-18.9	84.4	47.5	-4.1	
-105.0	101.6	64.7	-16.4	
-119.8	74.6	82.0	-16.4	
-137.0	52.4	77.0	-21.4	
-183.7	37.7	27.8	-21.4	
-200.9	20.5	-21.4	-9.1	
-161.6	18.0	-75.5	35.2	
-36.1	8.2	-68.1	72.1	
79.5	-6.6	-41.0	50.0	
121.3	-1.7	-36.1	30.3	
101.6	15.5	20.5	25.4	
47.5	52.4	40.1	18.0	
-43.5	57.4	72.1	-9.1	
-41.0	54.9	128.7	-26.3	
-26.3	50.0	111.5	-38.6	
-53.3	3.2	94.3	-28.7	
-68.1	0.8	99.2	0.8	
-114.8	-21.4	64.7	22.9	
-95.2	-6.6	-18.9	25.4	
-75.5	18.0	-18.9	35.2	
-73.0	45.1	-124.7	18.0	
-65.6	27.8	-105.0	8.2	
-38.6	42.6	-50.9	20.5	
-41.0	42.6	0.8	-1.7	
-16.4	22.9	13.1	18.0	
0.8	18.0	20.5	57.4	
0.8	22.9	3.2	57.4	
37.7	37.7	-46.0	59.8	
18.0	18.0	-46.0	25.4	
27.8	15.5	-46.0	-46.0	
57.4	13.1	-36.1	-119.8	
52.4	8.2	-1.7	-82.9	
72.1	22.9	22.9	-23.8	
74.6	18.0	47.5	-1.7	
82.0	8.2	50.0	-4.1	
74.6	-14.0	57.4	-26.3	
40.1	-14.0	47.5	-26.3	
22.9	-9.1	45.1	-18.9	
35.2	-6.6	40.1	-14.0	
27.8	13.1	37.7	5.7	
35.2	18.0	27.8	15.5	
15.5	22.9	35.2	27.8	
5.7	27.8	45.1	42.6	
-23.8	27.8	79.5	42.6	
-73.0	45.1	69.7	42.6	
-63.2	35.2	27.8	25.4	
-23.8	22.9	18.0	45.1	
15.5	50.0	15.5	42.6	
20.5	40.1	13.1	-1.7	
20.5	27.8	-68.1	8.2	
30.3	27.8	-82.9	20.5	
25.4	25.4	15.5	13.1	
27.8	67.2	42.6	-26.3	
20.5	74.6	32.8	-26.3	
37.7	50.0	62.3	-11.5	
47.5	47.5	89.3	10.6	
40.1	50.0	62.3	13.1	
35.2	27.8	45.1	20.5	
25.4	15.5	69.7	15.5	
35.2	25.4	52.4	10.6	
20.5	35.2	57.4	-4.1	
22.9	30.3	77.0	-1.7	
35.2	50.0	50.0	10.6	
30.3	52.4	40.1	13.1	
22.9	57.4	84.4	20.5	
35.2	40.1	-18.9	35.2	
37.7	15.5	-11.5	67.2	
30.3	-11.5	-50.9	91.8	
35.2	-4.1	-60.7	77.0	
30.3	10.6	-46.0	37.7	
0.8	-18.9	-105.0	27.8	
-6.6	-11.5	-134.5	-68.1	
30.3	10.6	-77.9	-117.3	
37.7	-4.1	-38.6	-63.2	
54.9	0.8	8.2	-31.2	
57.4	-14.0	32.8	-16.4	
62.3	-14.0	37.7	0.8	
27.8	-16.4	57.4	0.8	
5.7	5.7	47.5	0.8	
10.6	45.1	42.6	3.2	
-16.4	113.9	37.7	0.8	
-21.4	123.8	35.2	20.5	
-1.7	106.6	35.2	35.2	
-43.5	84.4	64.7	32.8	
-21.4	74.6	79.5	8.2	
-11.5	86.9	104.1	20.5	
-1.7	54.9	84.4	13.1	
3.2	67.2	69.7	13.1	
18.0	91.8	18.0	18.0	
27.8	74.6	-1.7	10.6	
8.2	86.9	5.7	5.7	
-6.6	84.4	-23.8	20.5	
13.1	52.4	-50.9	18.0	
8.2	0.8	0.8	25.4	
0.8	-43.5	8.2	8.2	
20.5	-63.2	-58.3	18.0	
20.5	-50.9	-36.1	-1.7	
20.5	-18.9	5.7	-1.7	
54.9	-21.4	-28.7	0.8	
57.4	-23.8	27.8	-1.7	
59.8	-36.1	32.8	8.2	
54.9	-63.2	13.1	-4.1	
101.6	-70.6	40.1	-11.5	
217.3	-16.4	57.4	-21.4	
268.9	45.1	45.1	-9.1	
241.9	40.1	45.1	-11.5	
170.5	59.8	22.9	-1.7	
101.6	-6.6	18.0	15.5	
22.9	-38.6	20.5	27.8	
-50.9	-4.1	-16.4	10.6	
-164.0	79.5	-16.4	-4.1	
-257.5	118.9	-21.4	5.7	
-245.2	131.2	-1.7	35.2	
-196.0	143.5	18.0	27.8	
-100.1	116.4	22.9	8.2	
-31.2	99.2	52.4	10.6	
82.0	79.5	64.7	20.5	
153.3	67.2	89.3	5.7	
163.1	50.0	99.2	5.7	
155.8	94.3	109.0	5.7	
74.6	64.7	64.7	-1.7	
5.7	-43.5	22.9	-1.7	
-68.1	-92.7	32.8	3.2	
-105.0	-80.4	-58.3	8.2	
-117.3	-65.6	-41.0	10.6	
-102.5	-33.7	-55.8	10.6	
-87.8	-4.1	-41.0	0.8	
-33.7	25.4	-11.5	3.2	
-18.9	13.1	-9.1	-11.5	
-6.6	27.8	-9.1	5.7	
8.2	22.9	-16.4	-4.1	
30.3	27.8	-16.4	8.2	
18.0	30.3	-9.1	25.4	
0.8	45.1	-18.9	32.8	
3.2	47.5	0.8	22.9	
37.7	37.7	22.9	25.4	
89.3	18.0	64.7	27.8	
84.4	8.2	69.7	50.0	
47.5	-4.1	42.6	57.4	
-9.1	32.8	25.4	79.5	
-43.5	77.0	18.0	62.3	
-46.0	37.7	47.5	50.0	
-60.7	20.5	22.9	-14.0	
-60.7	20.5	25.4	-33.7	
-68.1	15.5	15.5	0.8	
-92.7	0.8	22.9	-36.1	
-38.6	-21.4	27.8	-36.1	
27.8	-16.4	15.5	-23.8	
57.4	-1.7	22.9	-33.7	
62.3	18.0	32.8	-9.1	
54.9	30.3	37.7	-48.4	
37.7	54.9	35.2	-18.9	
3.2	50.0	32.8	-6.6	
-14.0	69.7	59.8	3.2	
-9.1	52.4	32.8	18.0	
-11.5	69.7	32.8	42.6	
-9.1	64.7	47.5	22.9	
-6.6	52.4	62.3	8.2	
18.0	32.8	54.9	8.2	
35.2	30.3	59.8	13.1	
20.5	32.8	62.3	32.8	
37.7	15.5	72.1	20.5	
22.9	18.0	25.4	22.9	
32.8	22.9	-9.1	18.0	
45.1	25.4	-60.7	-6.6	
40.1	25.4	15.5	3.2	
32.8	35.2	18.0	52.4	
22.9	40.1	27.8	84.4	
27.8	32.8	-4.1	113.9	
32.8	25.4	-28.7	145.9	
45.1	59.8	-65.6	109.0	
20.5	47.5	-21.4	-33.7	
13.1	37.7	3.2	-149.3	
25.4	40.1	-4.1	-203.4	
20.5	30.3	3.2	-105.0	
5.7	35.2	10.6	-87.8	
15.5	52.4	0.8	-16.4	
0.8	35.2	-31.2	-4.1	
-4.1	47.5	10.6	5.7	
15.5	57.4	32.8	8.2	
32.8	45.1	30.3	-4.1	
22.9	42.6	15.5	-4.1	
40.1	20.5	8.2	-26.3	
47.5	-4.1	-1.7	-1.7	
52.4	-16.4	-38.6	5.7	
45.1	-9.1	-4.1	3.2	
35.2	-11.5	47.5	5.7	
22.9	-6.6	77.0	15.5	
22.9	-4.1	40.1	5.7	
32.8	-1.7	0.8	-16.4	
27.8	8.2	-21.4	10.6	
20.5	32.8	-4.1	10.6	
25.4	42.6	0.8	15.5	
18.0	35.2	30.3	25.4	
20.5	52.4	32.8	42.6	
22.9	37.7	-1.7	64.7	
15.5	30.3	-6.6	91.8	
20.5	30.3	0.8	109.0	
20.5	27.8	32.8	96.7	
18.0	32.8	54.9	30.3	
8.2	32.8	10.6	-58.3	
10.6	47.5	52.4	-178.8	
15.5	47.5	77.0	-114.8	
15.5	32.8	54.9	-65.6	
22.9	25.4	18.0	-68.1	
18.0	-14.0	-41.0	-26.3	
20.5	-60.7	-26.3	32.8	
8.2	-80.4	0.8	47.5	
10.6	-68.1	18.0	35.2	
10.6	-70.6	37.7	22.9	
3.2	-82.9	18.0	35.2	
22.9	-73.0	-26.3	13.1	
13.1	-46.0	-38.6	0.8	
13.1	-36.1	-36.1	0.8	
13.1	30.3	-6.6	10.6	
8.2	138.5	25.4	-4.1	
13.1	249.2	50.0	8.2	
25.4	266.5	50.0	18.0	
27.8	212.3	50.0	8.2	
27.8	195.1	37.7	0.8	
3.2	153.3	37.7	10.6	
5.7	86.9	54.9	3.2	
20.5	59.8	67.2	-11.5	
32.8	42.6	77.0	-43.5	
22.9	13.1	69.7	-31.2	
18.0	3.2	27.8	-16.4	
35.2	-11.5	20.5	40.1	
27.8	-11.5	10.6	50.0	
18.0	-18.9	-1.7	47.5	
22.9	0.8	-14.0	3.2	
22.9	22.9	-14.0	10.6	
52.4	40.1	20.5	-4.1	
96.7	37.7	18.0	0.8	
84.4	42.6	-18.9	-4.1	
118.9	47.5	-28.7	-9.1	
113.9	40.1	-43.5	3.2	
96.7	35.2	-6.6	-6.6	
99.2	20.5	45.1	8.2	
67.2	18.0	67.2	5.7	
0.8	13.1	0.8	5.7	
-53.3	15.5	-21.4	0.8	
-107.5	-6.6	-9.1	10.6	
-77.9	-9.1	-18.9	-4.1	
-31.2	13.1	-6.6	-9.1	
-38.6	35.2	-11.5	3.2	
-55.8	30.3	3.2	3.2	
-48.4	18.0	27.8	3.2	
-28.7	25.4	30.3	0.8	
-43.5	37.7	47.5	25.4	
-43.5	30.3	126.2	27.8	
-50.9	8.2	128.7	22.9	
-38.6	45.1	138.5	-16.4	
-36.1	47.5	121.3	5.7	
-18.9	20.5	138.5	32.8	
-9.1	5.7	101.6	10.6	
13.1	-11.5	79.5	-33.7	
35.2	15.5	69.7	-16.4	
74.6	8.2	22.9	5.7	
94.3	-1.7	35.2	3.2	
141.0	0.8	22.9	-9.1	
145.9	50.0	45.1	-21.4	
118.9	64.7	45.1	-9.1	
104.1	84.4	45.1	-28.7	
64.7	101.6	27.8	-14.0	
20.5	131.2	32.8	-1.7	
35.2	175.4	30.3	15.5	
8.2	131.2	8.2	-14.0	
-6.6	72.1	10.6	0.8	
-18.9	18.0	190.2	22.9	
-18.9	13.1	185.3	22.9	
-11.5	-9.1	185.3	3.2	
-26.3	-9.1	163.1	-9.1	
-53.3	0.8	118.9	30.3	
-73.0	20.5	84.4	35.2	
-73.0	-18.9	57.4	15.5	
-55.8	-53.3	0.8	37.7	
-41.0	-48.4	-55.8	52.4	
-23.8	-31.2	-26.3	18.0	
-6.6	-4.1	10.6	22.9	
57.4	20.5	25.4	18.0	
86.9	27.8	25.4	52.4	
89.3	35.2	25.4	13.1	
45.1	27.8	20.5	0.8	
-4.1	25.4	-16.4	45.1	
-50.9	27.8	-38.6	57.4	
-90.2	5.7	-4.1	5.7	
-58.3	-9.1	-9.1	-18.9	
-14.0	-28.7	-18.9	-21.4	
-4.1	-4.1	-16.4	-46.0	
35.2	18.0	-9.1	-41.0	
77.0	30.3	-11.5	-4.1	
89.3	20.5	3.2	-1.7	
74.6	47.5	5.7	-4.1	
74.6	59.8	25.4	-9.1	
52.4	13.1	74.6	-14.0	
18.0	8.2	52.4	-14.0	
-6.6	62.3	35.2	22.9	
-46.0	47.5	3.2	45.1	
-16.4	50.0	-46.0	45.1	
-1.7	50.0	-48.4	5.7	
37.7	30.3	-87.8	5.7	
69.7	-9.1	-97.6	25.4	
72.1	-28.7	-38.6	3.2	
40.1	25.4	-1.7	-31.2	
25.4	69.7	22.9	-4.1	
37.7	118.9	54.9	0.8	
42.6	94.3	35.2	-21.4	
-1.7	64.7	37.7	-26.3	
-6.6	74.6	50.0	-11.5	
-23.8	59.8	20.5	-26.3	
-26.3	67.2	-11.5	-9.1	
-48.4	27.8	20.5	27.8	
-50.9	25.4	27.8	45.1	
-77.9	3.2	-18.9	37.7	
-53.3	-6.6	-16.4	25.4	
-23.8	-14.0	18.0	32.8	
25.4	-9.1	25.4	22.9	
54.9	-21.4	-6.6	20.5	
62.3	5.7	-1.7	27.8	
50.0	37.7	-6.6	37.7	
40.1	27.8	-14.0	57.4	
45.1	-9.1	5.7	42.6	
35.2	5.7	-16.4	25.4	
18.0	-1.7	-48.4	-4.1	
22.9	5.7	-68.1	-36.1	
8.2	0.8	-53.3	-48.4	
-18.9	42.6	-23.8	-48.4	
-23.8	77.0	3.2	-31.2	
3.2	72.1	8.2	-16.4	
13.1	62.3	0.8	30.3	
30.3	47.5	8.2	40.1	
50.0	25.4	3.2	30.3	
72.1	-31.2	15.5	42.6	
113.9	-41.0	18.0	52.4	
168.1	-21.4	-1.7	47.5	
177.9	13.1	-4.1	47.5	
113.9	25.4	15.5	15.5	
59.8	45.1	45.1	-16.4	
-16.4	67.2	22.9	-18.9	
-95.2	57.4	0.8	-1.7	
-139.4	50.0	-11.5	8.2	
-132.1	32.8	-6.6	0.8	
-60.7	30.3	0.8	13.1	
-41.0	35.2	0.8	27.8	
-41.0	47.5	15.5	15.5	
-38.6	25.4	42.6	0.8	
-28.7	47.5	45.1	20.5	
-1.7	47.5	62.3	30.3	
-14.0	52.4	59.8	18.0	
15.5	57.4	82.0	18.0	
47.5	62.3	94.3	13.1	
67.2	25.4	72.1	25.4	
62.3	-14.0	59.8	25.4	
101.6	-31.2	52.4	30.3	
109.0	-18.9	18.0	13.1	
101.6	8.2	-75.5	3.2	
121.3	22.9	-109.9	10.6	
116.4	-9.1	-105.0	15.5	
72.1	18.0	-87.8	8.2	
40.1	40.1	-97.6	15.5	
15.5	20.5	-114.8	13.1	
15.5	-11.5	-31.2	8.2	
-11.5	8.2	15.5	10.6	
-26.3	47.5	45.1	13.1	
-9.1	72.1	50.0	8.2	
72.1	47.5	37.7	-23.8	
128.7	30.3	40.1	-23.8	
141.0	30.3	94.3	-9.1	
111.5	15.5	79.5	40.1	
47.5	3.2	59.8	72.1	
-36.1	22.9	69.7	54.9	
-102.5	27.8	82.0	0.8	
-161.6	27.8	69.7	-1.7	
-225.5	22.9	59.8	10.6	
-213.2	20.5	20.5	-4.1	
-117.3	32.8	30.3	-4.1	
-55.8	62.3	64.7	-1.7	
0.8	91.8	-65.6	-1.7	
27.8	54.9	-68.1	10.6	
74.6	5.7	-73.0	0.8	
96.7	25.4	-92.7	-1.7	
91.8	57.4	-9.1	8.2	
64.7	74.6	-9.1	0.8	
0.8	84.4	-41.0	-11.5	
-68.1	113.9	-63.2	-14.0	
-97.6	121.3	77.0	-6.6	
-68.1	74.6	173.0	0.8	
-50.9	-26.3	177.9	-9.1	
-18.9	-46.0	143.5	-16.4	
27.8	-43.5	131.2	-4.1	
79.5	-33.7	106.6	0.8	
82.0	-9.1	64.7	10.6	
67.2	10.6	47.5	37.7	
59.8	5.7	50.0	27.8	
62.3	35.2	45.1	10.6	
20.5	30.3	47.5	-28.7	
-33.7	40.1	37.7	-14.0	
-75.5	25.4	52.4	10.6	
-70.6	27.8	67.2	30.3	
-21.4	20.5	77.0	32.8	
-9.1	13.1	104.1	42.6	
-6.6	35.2	104.1	20.5	
0.8	35.2	62.3	8.2	
10.6	15.5	27.8	5.7	
42.6	20.5	-41.0	22.9	
77.0	25.4	-109.9	15.5	
72.1	27.8	-73.0	25.4	
86.9	30.3	-48.4	0.8	
101.6	32.8	-26.3	5.7	
74.6	27.8	-58.3	-9.1	
13.1	27.8	-58.3	-1.7	
-31.2	32.8	-41.0	10.6	
-55.8	25.4	-33.7	5.7	
-65.6	32.8	-11.5	3.2	
-60.7	15.5	22.9	-18.9	
-26.3	18.0	40.1	-4.1	
-6.6	37.7	37.7	-18.9	
10.6	37.7	47.5	-9.1	
-6.6	27.8	27.8	-4.1	
18.0	22.9	18.0	5.7	
20.5	25.4	15.5	10.6	
30.3	27.8	8.2	0.8	
37.7	8.2	5.7	15.5	
42.6	8.2	-18.9	30.3	
47.5	-6.6	10.6	20.5	
45.1	5.7	27.8	40.1	
18.0	13.1	47.5	30.3	
-1.7	54.9	57.4	15.5	
20.5	32.8	42.6	15.5	
25.4	30.3	42.6	30.3	
22.9	27.8	18.0	5.7	
27.8	30.3	-16.4	8.2	
25.4	25.4	-68.1	67.2	
13.1	25.4	-107.5	101.6	
15.5	20.5	-68.1	91.8	
25.4	18.0	-28.7	136.1	
35.2	32.8	-6.6	116.4	
42.6	22.9	25.4	109.0	
47.5	20.5	15.5	91.8	
50.0	20.5	22.9	40.1	
74.6	25.4	0.8	-85.3	
54.9	5.7	-36.1	-171.4	
47.5	8.2	-21.4	-289.5	
27.8	13.1	5.7	-284.6	
13.1	18.0	32.8	-90.2	
-1.7	0.8	45.1	-14.0	
-18.9	-11.5	37.7	-23.8	
-16.4	-9.1	27.8	-14.0	
-16.4	27.8	15.5	-9.1	
-14.0	59.8	30.3	-4.1	
-4.1	69.7	42.6	3.2	
-14.0	86.9	37.7	8.2	
-11.5	84.4	35.2	0.8	
0.8	74.6	22.9	8.2	
5.7	84.4	20.5	0.8	
30.3	25.4	27.8	18.0	
42.6	10.6	27.8	32.8	
35.2	32.8	47.5	37.7	
18.0	47.5	42.6	40.1	
20.5	40.1	5.7	5.7	
25.4	45.1	13.1	-31.2	
57.4	57.4	-14.0	-23.8	
91.8	32.8	-11.5	5.7	
99.2	52.4	-1.7	15.5	
94.3	59.8	40.1	10.6	
64.7	35.2	79.5	0.8	
20.5	18.0	79.5	10.6	
-26.3	25.4	77.0	8.2	
-73.0	35.2	77.0	18.0	
-48.4	18.0	89.3	18.0	
52.4	5.7	217.3	8.2	
101.6	-26.3	175.4	-4.1	
116.4	-26.3	165.6	3.2	
111.5	-43.5	123.8	5.7	
86.9	-48.4	116.4	-4.1	
59.8	-33.7	82.0	-4.1	
30.3	-16.4	59.8	15.5	
-48.4	-14.0	84.4	10.6	
-117.3	-23.8	72.1	5.7	
-171.4	-11.5	77.0	15.5	
-137.0	35.2	77.0	22.9	
-65.6	64.7	74.6	22.9	
5.7	121.3	74.6	18.0	
67.2	158.2	79.5	32.8	
89.3	165.6	47.5	22.9	
64.7	168.1	52.4	20.5	
67.2	79.5	25.4	22.9	
54.9	40.1	-43.5	20.5	
45.1	50.0	-48.4	13.1	
20.5	47.5	-68.1	10.6	
37.7	37.7	-50.9	0.8	
42.6	50.0	-4.1	5.7	
79.5	-28.7	-16.4	-6.6	
101.6	-9.1	-23.8	0.8	
77.0	22.9	-21.4	3.2	
72.1	8.2	-50.9	-6.6	
52.4	3.2	-53.3	-4.1	
-14.0	-33.7	-50.9	5.7	
-75.5	-43.5	-31.2	18.0	
-129.6	-36.1	-9.1	13.1	
-149.3	25.4	10.6	25.4	
-149.3	72.1	15.5	30.3	
-112.4	82.0	15.5	25.4	
-70.6	47.5	3.2	15.5	
-70.6	22.9	3.2	10.6	
-38.6	8.2	-1.7	8.2	
-36.1	8.2	-31.2	-14.0	
-28.7	25.4	-9.1	-9.1	
20.5	35.2	27.8	15.5	
67.2	50.0	50.0	22.9	
84.4	45.1	50.0	27.8	
64.7	8.2	-9.1	20.5	
32.8	-9.1	-43.5	13.1	
22.9	-53.3	-31.2	0.8	
-1.7	-33.7	-31.2	-11.5	
-18.9	-21.4	-53.3	-9.1	
-6.6	18.0	-4.1	-4.1	
8.2	18.0	-38.6	0.8	
-4.1	10.6	-9.1	5.7	
-1.7	20.5	-50.9	8.2	
15.5	52.4	-48.4	18.0	
20.5	82.0	-31.2	10.6	
-1.7	94.3	-36.1	-1.7	
-9.1	101.6	-55.8	-23.8	
30.3	67.2	-46.0	0.8	
47.5	35.2	8.2	27.8	
35.2	37.7	40.1	37.7	
35.2	22.9	32.8	30.3	
72.1	13.1	25.4	25.4	
116.4	-4.1	27.8	-1.7	
153.3	0.8	3.2	-16.4	
148.4	-4.1	8.2	-1.7	
136.1	-16.4	25.4	-9.1	
86.9	-16.4	-6.6	-6.6	
18.0	3.2	-18.9	-18.9	
-77.9	35.2	-11.5	-4.1	
-154.2	59.8	-16.4	-4.1	
-208.3	54.9	-23.8	0.8	
-139.4	57.4	-53.3	20.5	
-82.9	52.4	-68.1	35.2	
-46.0	67.2	-14.0	50.0	
-31.2	74.6	18.0	40.1	
-14.0	32.8	8.2	52.4	
18.0	10.6	-31.2	47.5	
30.3	-11.5	-38.6	-31.2	
27.8	-38.6	-28.7	-14.0	
37.7	-21.4	10.6	-38.6	
30.3	8.2	18.0	-68.1	
40.1	0.8	45.1	-65.6	
30.3	13.1	54.9	-41.0	
32.8	25.4	13.1	-28.7	
32.8	50.0	18.0	8.2	
30.3	35.2	-11.5	25.4	
18.0	25.4	-41.0	27.8	
27.8	27.8	-53.3	42.6	
32.8	30.3	-28.7	18.0	
22.9	42.6	52.4	-23.8	
25.4	40.1	109.0	-21.4	
18.0	10.6	79.5	3.2	
27.8	20.5	47.5	-28.7	
22.9	32.8	42.6	-23.8	
20.5	32.8	37.7	10.6	
45.1	20.5	-38.6	3.2	
37.7	13.1	-65.6	15.5	
32.8	22.9	-26.3	30.3	
20.5	50.0	-9.1	25.4	
25.4	59.8	42.6	18.0	
20.5	57.4	57.4	-9.1	
18.0	40.1	-1.7	-38.6	
27.8	25.4	-26.3	-9.1	
27.8	15.5	-26.3	22.9	
22.9	15.5	-41.0	35.2	
59.8	8.2	-50.9	18.0	
79.5	3.2	-33.7	32.8	
133.6	8.2	-63.2	40.1	
131.2	5.7	-43.5	40.1	
94.3	-28.7	-14.0	18.0	
72.1	-18.9	-9.1	3.2	
72.1	0.8	3.2	8.2	
54.9	0.8	18.0	5.7	
40.1	8.2	42.6	-36.1	
0.8	32.8	45.1	-14.0	
-68.1	20.5	47.5	-1.7	
-129.6	52.4	40.1	10.6	
-154.2	91.8	18.0	5.7	
-124.7	123.8	-1.7	15.5	
-68.1	111.5	10.6	20.5	
-31.2	77.0	0.8	10.6	
-11.5	50.0	3.2	15.5	
13.1	27.8	-6.6	22.9	
32.8	5.7	27.8	0.8	
47.5	-23.8	64.7	0.8	
32.8	-1.7	67.2	3.2	
27.8	-9.1	35.2	25.4	
18.0	25.4	30.3	25.4	
0.8	37.7	18.0	8.2	
15.5	37.7	22.9	3.2	
32.8	0.8	30.3	13.1	
37.7	-18.9	-1.7	25.4	
42.6	30.3	20.5	42.6	
20.5	32.8	27.8	47.5	
15.5	18.0	47.5	35.2	
10.6	32.8	-18.9	15.5	
18.0	32.8	-102.5	5.7	
5.7	54.9	-73.0	-28.7	
15.5	37.7	-48.4	-36.1	
57.4	18.0	8.2	0.8	
111.5	30.3	18.0	-1.7	
170.5	37.7	18.0	22.9	
200.0	22.9	69.7	22.9	
195.1	8.2	86.9	3.2	
165.6	22.9	94.3	3.2	
91.8	52.4	89.3	13.1	
22.9	69.7	50.0	20.5	
-90.2	69.7	-31.2	0.8	
-196.0	113.9	-16.4	3.2	
-223.1	121.3	-1.7	0.8	
-198.5	69.7	18.0	8.2	
-119.8	25.4	3.2	-11.5	
-48.4	5.7	-31.2	-11.5	
-14.0	27.8	-18.9	0.8	
20.5	40.1	-33.7	13.1	
67.2	27.8	-70.6	22.9	
116.4	20.5	-164.0	45.1	
138.5	15.5	-151.7	57.4	
136.1	-21.4	-53.3	32.8	
67.2	-23.8	-48.4	32.8	
-1.7	-16.4	-11.5	3.2	
-70.6	-21.4	32.8	-9.1	
-134.5	-23.8	52.4	-1.7	
-169.0	-9.1	84.4	-6.6	
-156.7	0.8	74.6	-33.7	
-109.9	5.7	52.4	-16.4	
-41.0	0.8	42.6	-21.4	
-28.7	5.7	42.6	-6.6	
-4.1	18.0	47.5	-4.1	
15.5	5.7	37.7	-18.9	
67.2	-1.7	25.4	-1.7	
50.0	10.6	30.3	-14.0	
57.4	15.5	10.6	-6.6	
40.1	22.9	3.2	-11.5	
15.5	13.1	-16.4	-9.1	
8.2	20.5	-48.4	-1.7	
-21.4	22.9	-58.3	-4.1	
-16.4	10.6	-11.5	3.2	
-21.4	20.5	-26.3	8.2	
-41.0	57.4	37.7	-6.6	
-11.5	96.7	15.5	0.8	
3.2	111.5	5.7	-14.0	
3.2	74.6	-1.7	-53.3	
25.4	86.9	10.6	-9.1	
37.7	91.8	10.6	18.0	
45.1	77.0	0.8	30.3	
40.1	42.6	15.5	35.2	
27.8	32.8	40.1	45.1	
32.8	5.7	50.0	37.7	
52.4	-6.6	50.0	47.5	
72.1	-4.1	54.9	37.7	
64.7	3.2	57.4	-1.7	
64.7	18.0	54.9	-33.7	
45.1	13.1	32.8	-28.7	
42.6	20.5	-6.6	-9.1	
35.2	13.1	-63.2	8.2	
35.2	27.8	-43.5	37.7	
3.2	54.9	8.2	40.1	
-23.8	47.5	22.9	74.6	
-26.3	57.4	22.9	52.4	
-23.8	52.4	27.8	50.0	
-26.3	-1.7	30.3	25.4	
-11.5	-16.4	52.4	-77.9	
-16.4	5.7	35.2	-132.1	
-6.6	-1.7	35.2	-87.8	
18.0	-23.8	20.5	-38.6	
35.2	-26.3	10.6	-16.4	
40.1	-18.9	32.8	-14.0	
40.1	-33.7	52.4	15.5	
54.9	-28.7	32.8	37.7	
37.7	-46.0	18.0	30.3	
37.7	-28.7	13.1	25.4	
64.7	-26.3	3.2	20.5	
40.1	-68.1	22.9	18.0	
25.4	-58.3	-11.5	18.0	
22.9	-14.0	-41.0	47.5	
-1.7	10.6	-55.8	82.0	
-4.1	22.9	-16.4	116.4	
-4.1	57.4	-4.1	96.7	
-21.4	109.0	25.4	20.5	
-43.5	72.1	20.5	-87.8	
-43.5	30.3	35.2	-154.2	
3.2	-21.4	62.3	-117.3	
3.2	-23.8	45.1	-55.8	
-4.1	27.8	13.1	-50.9	
13.1	57.4	-16.4	-14.0	
42.6	109.0	-23.8	-4.1	
74.6	123.8	8.2	0.8	
91.8	121.3	15.5	-9.1	
101.6	74.6	37.7	-9.1	
62.3	59.8	15.5	5.7	
54.9	30.3	27.8	8.2	
0.8	-1.7	37.7	32.8	
-63.2	3.2	45.1	42.6	
-41.0	18.0	25.4	30.3	
8.2	69.7	25.4	22.9	
27.8	74.6	-16.4	20.5	
8.2	77.0	-38.6	27.8	
-16.4	35.2	3.2	30.3	
-31.2	8.2	-18.9	22.9	
-11.5	-16.4	0.8	15.5	
-18.9	25.4	-18.9	10.6	
-33.7	40.1	-9.1	18.0	
-31.2	69.7	13.1	30.3	
10.6	32.8	15.5	10.6	
74.6	10.6	64.7	20.5	
79.5	-9.1	96.7	15.5	
86.9	40.1	101.6	15.5	
77.0	126.2	86.9	20.5	
37.7	138.5	62.3	20.5	
42.6	82.0	32.8	32.8	
30.3	-6.6	25.4	22.9	
-4.1	-50.9	-38.6	25.4	
0.8	-65.6	-31.2	15.5	
30.3	-33.7	5.7	18.0	
82.0	-1.7	-6.6	5.7	
82.0	-4.1	-26.3	8.2	
47.5	35.2	-21.4	18.0	
-26.3	54.9	-18.9	5.7	
-90.2	32.8	-36.1	-9.1	
-87.8	8.2	-16.4	-11.5	
-92.7	-9.1	18.0	15.5	
-102.5	-11.5	37.7	30.3	
-95.2	20.5	20.5	52.4	
-38.6	32.8	18.0	40.1	
15.5	27.8	25.4	13.1	
50.0	22.9	32.8	-9.1	
42.6	22.9	42.6	-11.5	
37.7	-21.4	42.6	5.7	
-9.1	-21.4	37.7	8.2	
-23.8	27.8	37.7	22.9	
8.2	96.7	25.4	10.6	
45.1	89.3	-26.3	0.8	
35.2	113.9	-68.1	-18.9	
-1.7	69.7	-31.2	-11.5	
-14.0	22.9	-18.9	0.8	
-36.1	-1.7	-1.7	22.9	
-36.1	-11.5	-6.6	45.1	
-46.0	10.6	0.8	45.1	
-87.8	13.1	0.8	18.0	
-58.3	5.7	-26.3	3.2	
25.4	15.5	3.2	-18.9	
86.9	32.8	35.2	-23.8	
106.6	32.8	37.7	5.7	
109.0	10.6	52.4	8.2	
77.0	5.7	22.9	25.4	
45.1	5.7	-28.7	5.7	
-14.0	0.8	-21.4	18.0	
-48.4	15.5	0.8	32.8	
-63.2	13.1	-60.7	25.4	
-53.3	-11.5	-6.6	10.6	
-1.7	-14.0	45.1	-9.1	
8.2	10.6	27.8	-11.5	
15.5	25.4	-6.6	5.7	
57.4	62.3	-43.5	25.4	
72.1	74.6	3.2	15.5	
52.4	59.8	42.6	18.0	
30.3	40.1	59.8	32.8	
22.9	45.1	67.2	35.2	
8.2	42.6	91.8	40.1	
45.1	47.5	113.9	37.7	
111.5	79.5	101.6	27.8	
195.1	82.0	86.9	5.7	
182.8	74.6	52.4	-23.8	
158.2	40.1	5.7	0.8	
101.6	-28.7	-60.7	20.5	
13.1	-18.9	-48.4	10.6	
-109.9	8.2	-43.5	-38.6	
-262.4	32.8	-102.5	-9.1	
-282.1	25.4	-87.8	-14.0	
-200.9	15.5	-28.7	-14.0	
-100.1	0.8	-6.6	-1.7	
-38.6	8.2	8.2	-9.1	
-11.5	25.4	20.5	-14.0	
25.4	47.5	52.4	-14.0	
25.4	67.2	59.8	-36.1	
20.5	45.1	69.7	-36.1	
22.9	47.5	59.8	3.2	
15.5	45.1	47.5	64.7	
15.5	27.8	52.4	113.9	
20.5	13.1	27.8	192.7	
52.4	18.0	0.8	173.0	
59.8	-11.5	45.1	214.8	
77.0	-6.6	40.1	205.0	
82.0	-11.5	64.7	131.2	
96.7	18.0	86.9	5.7	
84.4	15.5	116.4	-122.2	
84.4	50.0	91.8	-139.4	
35.2	59.8	59.8	-132.1	
27.8	40.1	35.2	-164.0	
67.2	30.3	3.2	-134.5	
138.5	20.5	-46.0	-102.5	
150.8	25.4	-124.7	-70.6	
118.9	42.6	-173.9	-28.7	
84.4	99.2	-68.1	-28.7	
32.8	89.3	-63.2	-14.0	
-21.4	123.8	-23.8	-6.6	
-77.9	77.0	40.1	-4.1	
-124.7	5.7	84.4	-1.7	
-112.4	5.7	77.0	0.8	
-85.3	0.8	30.3	20.5	
-21.4	22.9	-53.3	22.9	
35.2	30.3	-16.4	22.9	
54.9	27.8	27.8	8.2	
69.7	-23.8	74.6	0.8	
106.6	-41.0	79.5	20.5	
158.2	-53.3	22.9	25.4	
106.6	-41.0	-46.0	42.6	
45.1	-9.1	-43.5	37.7	
-4.1	40.1	-65.6	52.4	
-26.3	59.8	-95.2	57.4	
-60.7	57.4	-65.6	20.5	
-173.9	74.6	-63.2	-4.1	
-225.5	54.9	-53.3	-21.4	
-213.2	47.5	-26.3	-36.1	
-159.1	35.2	42.6	-11.5	
-95.2	30.3	86.9	-14.0	
-33.7	8.2	77.0	20.5	
20.5	8.2	15.5	37.7	
72.1	-21.4	50.0	27.8	
84.4	-50.9	42.6	22.9	
69.7	-33.7	20.5	13.1	
32.8	3.2	42.6	22.9	
15.5	-26.3	25.4	25.4	
-1.7	-26.3	42.6	15.5	
-50.9	10.6	15.5	18.0	
-63.2	10.6	15.5	15.5	
-55.8	8.2	-1.7	10.6	
-43.5	15.5	-1.7	13.1	
10.6	30.3	13.1	20.5	
74.6	72.1	57.4	22.9	
126.2	59.8	94.3	13.1	
148.4	84.4	54.9	20.5	
136.1	128.7	13.1	18.0	
96.7	138.5	3.2	15.5	
54.9	109.0	35.2	3.2	
8.2	82.0	32.8	8.2	
-28.7	47.5	-26.3	10.6	
-4.1	27.8	-70.6	3.2	
64.7	18.0	42.6	8.2	
123.8	37.7	123.8	13.1	
118.9	27.8	84.4	15.5	
91.8	15.5	37.7	15.5	
57.4	27.8	0.8	20.5	
35.2	42.6	-65.6	25.4	
-63.2	84.4	-82.9	40.1	
-112.4	62.3	-55.8	47.5	
-85.3	42.6	-33.7	22.9	
-41.0	-9.1	35.2	15.5	
-31.2	-63.2	5.7	13.1	
-16.4	-63.2	27.8	10.6	
18.0	-38.6	50.0	20.5	
20.5	-38.6	47.5	18.0	
0.8	-38.6	35.2	10.6	
22.9	-14.0	-48.4	3.2	
45.1	-11.5	-50.9	-1.7	
18.0	-1.7	0.8	22.9	
0.8	-18.9	8.2	5.7	
-21.4	27.8	57.4	0.8	
-50.9	113.9	74.6	-1.7	
-36.1	121.3	59.8	20.5	
0.8	72.1	57.4	18.0	
15.5	82.0	-21.4	25.4	
13.1	69.7	-26.3	27.8	
25.4	5.7	-85.3	20.5	
20.5	-9.1	-119.8	10.6	
-23.8	3.2	-97.6	15.5	
-1.7	-31.2	-36.1	20.5	
27.8	-77.9	-21.4	18.0	
25.4	-65.6	79.5	18.0	
-28.7	-50.9	116.4	22.9	
-28.7	-14.0	99.2	13.1	
-26.3	18.0	69.7	18.0	
-36.1	131.2	35.2	18.0	
3.2	138.5	22.9	15.5	
45.1	72.1	20.5	0.8	
64.7	13.1	-11.5	0.8	
91.8	27.8	-23.8	10.6	
116.4	59.8	8.2	3.2	
116.4	82.0	30.3	5.7	
106.6	89.3	-31.2	13.1	
69.7	94.3	-65.6	25.4	
13.1	40.1	-50.9	15.5	
-36.1	15.5	-9.1	32.8	
-21.4	-6.6	18.0	18.0	
-23.8	-23.8	10.6	0.8	
-38.6	-26.3	45.1	10.6	
-21.4	-33.7	64.7	3.2	
52.4	-18.9	91.8	10.6	
96.7	-21.4	101.6	15.5	
89.3	-4.1	101.6	5.7	
25.4	-1.7	82.0	0.8	
-75.5	22.9	-6.6	27.8	
-132.1	40.1	-48.4	22.9	
-159.1	37.7	-97.6	35.2	
-127.1	77.0	-70.6	45.1	
-82.9	89.3	-68.1	30.3	
-31.2	64.7	-85.3	40.1	
13.1	45.1	-97.6	42.6	
37.7	25.4	-109.9	37.7	
40.1	5.7	-75.5	32.8	
37.7	-28.7	-70.6	40.1	
32.8	-31.2	-21.4	22.9	
10.6	-14.0	89.3	8.2	
5.7	-16.4	113.9	8.2	
5.7	5.7	96.7	20.5	
30.3	-9.1	150.8	27.8	
91.8	-4.1	69.7	52.4	
145.9	3.2	27.8	45.1	
126.2	27.8	-23.8	-18.9	
101.6	18.0	-65.6	-28.7	
77.0	18.0	-21.4	-23.8	
13.1	32.8	42.6	-38.6	
-53.3	27.8	27.8	-14.0	
-105.0	45.1	22.9	-1.7	
-102.5	67.2	0.8	8.2	
-55.8	54.9	3.2	22.9	
-23.8	67.2	42.6	27.8	
-26.3	64.7	62.3	27.8	
0.8	82.0	8.2	20.5	
8.2	27.8	-6.6	27.8	
25.4	-6.6	-16.4	42.6	
84.4	15.5	3.2	69.7	
116.4	37.7	-21.4	82.0	
126.2	37.7	-11.5	74.6	
133.6	10.6	10.6	99.2	
116.4	-9.1	18.0	82.0	
86.9	0.8	27.8	27.8	
69.7	-9.1	15.5	15.5	
3.2	10.6	0.8	54.9	
-77.9	15.5	-63.2	35.2	
-112.4	30.3	-68.1	-18.9	
-92.7	20.5	-38.6	-38.6	
-53.3	8.2	0.8	-26.3	
-14.0	8.2	27.8	-55.8	
3.2	0.8	50.0	-58.3	
30.3	-4.1	40.1	-21.4	
8.2	-21.4	-21.4	-16.4	
0.8	5.7	-4.1	-28.7	
-1.7	27.8	40.1	-16.4	
20.5	5.7	42.6	20.5	
35.2	25.4	30.3	37.7	
30.3	22.9	72.1	32.8	
69.7	18.0	123.8	30.3	
145.9	-6.6	182.8	22.9	
185.3	52.4	200.0	22.9	
155.8	101.6	180.4	20.5	
104.1	177.9	126.2	30.3	
8.2	163.1	64.7	27.8	
-92.7	101.6	25.4	27.8	
-188.6	52.4	-73.0	10.6	
-208.3	0.8	-247.7	22.9	
-159.1	10.6	-193.6	10.6	
-107.5	-18.9	-183.7	-4.1	
-80.4	-26.3	-124.7	10.6	
-28.7	-23.8	-95.2	15.5	
27.8	-28.7	-55.8	50.0	
62.3	-31.2	15.5	54.9	
74.6	3.2	5.7	52.4	
104.1	42.6	74.6	42.6	
89.3	59.8	153.3	40.1	
69.7	57.4	168.1	32.8	
79.5	32.8	170.5	18.0	
54.9	32.8	141.0	15.5	
0.8	37.7	67.2	22.9	
-4.1	47.5	74.6	13.1	
-21.4	62.3	-6.6	25.4	
-36.1	45.1	-132.1	32.8	
-38.6	45.1	-171.4	18.0	
-41.0	-16.4	-102.5	30.3	
-41.0	-63.2	-95.2	22.9	
-41.0	-70.6	-122.2	25.4	
-16.4	-48.4	-129.6	22.9	
3.2	-58.3	-119.8	30.3	
-11.5	-23.8	-23.8	25.4	
13.1	-26.3	30.3	35.2	
59.8	-4.1	57.4	25.4	
163.1	27.8	-16.4	37.7	
192.7	84.4	-70.6	35.2	
192.7	99.2	-68.1	30.3	
173.0	89.3	-80.4	35.2	
99.2	145.9	-14.0	27.8	
40.1	173.0	-1.7	45.1	
-21.4	173.0	82.0	25.4	
-48.4	150.8	141.0	15.5	
-33.7	86.9	54.9	30.3	
18.0	32.8	32.8	37.7	
-38.6	13.1	40.1	52.4	
-124.7	-21.4	37.7	37.7	
-166.5	-82.9	40.1	50.0	
-186.2	-90.2	69.7	37.7	
-191.1	-63.2	96.7	22.9	
-178.8	-48.4	170.5	27.8	
-112.4	-26.3	190.2	30.3	
-36.1	-1.7	131.2	22.9	
-11.5	50.0	42.6	25.4	
-9.1	67.2	-77.9	37.7	
25.4	20.5	-127.1	54.9	
54.9	32.8	-176.3	69.7	
52.4	59.8	-169.0	74.6	
32.8	59.8	-137.0	67.2	
10.6	62.3	-43.5	52.4	
27.8	25.4	-23.8	-1.7	
64.7	5.7	-9.1	18.0	
74.6	13.1	-18.9	62.3	
57.4	32.8	-4.1	72.1	
79.5	47.5	-60.7	89.3	
54.9	86.9	-14.0	106.6	
47.5	101.6	20.5	155.8	
57.4	15.5	133.6	177.9	
45.1	-11.5	202.5	182.8	
40.1	-9.1	99.2	126.2	
47.5	-21.4	8.2	22.9	
25.4	-41.0	-50.9	-90.2	
-9.1	-21.4	-200.9	-176.3	
-28.7	13.1	-129.6	-181.3	
-16.4	-14.0	-129.6	-164.0	
0.8	-36.1	-181.3	-6.6	
-11.5	-73.0	-169.0	5.7	
-23.8	-43.5	-137.0	3.2	
-41.0	3.2	-109.9	-33.7	
3.2	8.2	-114.8	-41.0	
13.1	-11.5	-1.7	10.6	
10.6	25.4	-18.9	27.8	
13.1	42.6	-31.2	37.7	
22.9	35.2	-18.9	50.0	
25.4	52.4	-21.4	84.4	
32.8	20.5	42.6	99.2	
54.9	22.9	106.6	118.9	
86.9	123.8	104.1	106.6	
99.2	123.8	91.8	82.0	
91.8	113.9	59.8	27.8	
82.0	62.3	42.6	18.0	
59.8	69.7	30.3	-6.6	
52.4	96.7	45.1	3.2	
50.0	54.9	5.7	45.1	
25.4	0.8	-21.4	86.9	
35.2	-9.1	8.2	52.4	
64.7	8.2	40.1	10.6	
45.1	18.0	42.6	-50.9	
18.0	47.5	-18.9	-33.7	
-43.5	22.9	-33.7	30.3	
-41.0	-21.4	-28.7	62.3	
-75.5	15.5	-26.3	50.0	
-107.5	-11.5	-137.0	40.1	
-137.0	-26.3	-208.3	52.4	
-85.3	-28.7	-188.6	5.7	
-41.0	-31.2	-58.3	-9.1	
-1.7	-1.7	84.4	3.2	
40.1	10.6	160.7	-28.7	
62.3	0.8	197.6	-14.0	
40.1	-31.2	165.6	22.9	
47.5	-6.6	148.4	25.4	
50.0	32.8	94.3	30.3	
27.8	42.6	50.0	37.7	
20.5	37.7	50.0	50.0	
47.5	22.9	-9.1	59.8	
116.4	27.8	20.5	59.8	
187.7	32.8	89.3	59.8	
205.0	62.3	94.3	62.3	
163.1	59.8	32.8	59.8	
104.1	72.1	-4.1	47.5	
47.5	82.0	-16.4	57.4	
-21.4	20.5	-33.7	50.0	
-132.1	-33.7	-82.9	54.9	
-200.9	-14.0	-188.6	47.5	
-169.0	15.5	-358.4	45.1	
-65.6	5.7	-171.4	47.5	
13.1	13.1	-46.0	45.1	
72.1	47.5	-38.6	27.8	
94.3	72.1	-132.1	30.3	
79.5	69.7	-139.4	35.2	
20.5	40.1	-43.5	45.1	
-48.4	5.7	62.3	52.4	
-112.4	25.4	27.8	72.1	
-137.0	52.4	22.9	57.4	
-112.4	18.0	-14.0	42.6	
-73.0	5.7	-41.0	40.1	
-33.7	27.8	-73.0	40.1	
-28.7	52.4	-46.0	37.7	
20.5	35.2	-18.9	30.3	
52.4	22.9	15.5	40.1	
32.8	15.5	8.2	37.7	
3.2	13.1	25.4	30.3	
-28.7	13.1	57.4	50.0	
-70.6	-14.0	35.2	40.1	
-43.5	-16.4	82.0	10.6	
-11.5	15.5	136.1	5.7	
0.8	45.1	101.6	35.2	
-14.0	-1.7	77.0	25.4	
27.8	-33.7	57.4	37.7	
45.1	8.2	52.4	30.3	
27.8	3.2	84.4	35.2	
-33.7	40.1	123.8	20.5	
-50.9	106.6	150.8	42.6	
-11.5	136.1	79.5	40.1	
25.4	180.4	-18.9	35.2	
37.7	207.4	-55.8	15.5	
20.5	116.4	-28.7	40.1	
-23.8	3.2	-63.2	35.2	
-26.3	-63.2	-102.5	27.8	
-6.6	-77.9	-53.3	50.0	
40.1	-55.8	-117.3	62.3	
62.3	-50.9	-208.3	77.0	
74.6	-23.8	-218.2	72.1	
96.7	-4.1	-200.9	101.6	
79.5	3.2	-124.7	57.4	
72.1	42.6	10.6	25.4	
47.5	54.9	79.5	13.1	
5.7	62.3	126.2	-28.7	
-4.1	59.8	104.1	-9.1	
-11.5	54.9	35.2	5.7	
-21.4	57.4	86.9	-16.4	
-41.0	25.4	131.2	-53.3	
-41.0	-6.6	158.2	-43.5	
-28.7	10.6	79.5	-4.1	
-21.4	-9.1	-6.6	22.9	
-4.1	-21.4	-68.1	18.0	
5.7	-43.5	-124.7	15.5	
10.6	8.2	-146.8	-1.7	
25.4	42.6	-171.4	10.6	
57.4	10.6	-43.5	-9.1	
40.1	-23.8	42.6	-6.6	
35.2	-55.8	-65.6	-16.4	
37.7	-36.1	-75.5	-14.0	
35.2	-1.7	5.7	-16.4	
64.7	77.0	47.5	-14.0	
74.6	84.4	69.7	15.5	
62.3	25.4	104.1	20.5	
22.9	20.5	145.9	3.2	
-6.6	18.0	121.3	5.7	
-33.7	69.7	109.0	-1.7	
-53.3	57.4	77.0	8.2	
-6.6	18.0	20.5	-41.0	
57.4	40.1	-95.2	-23.8	
79.5	62.3	-28.7	-18.9	
116.4	35.2	-90.2	-18.9	
99.2	25.4	-181.3	-33.7	
96.7	-21.4	-198.5	-28.7	
67.2	-48.4	-255.1	-43.5	
30.3	-21.4	-169.0	-38.6	
32.8	3.2	-132.1	-82.9	
27.8	-28.7	-154.2	-105.0	
-4.1	-33.7	-198.5	-46.0	
3.2	-38.6	-159.1	-41.0	
-9.1	-11.5	-33.7	-68.1	
-11.5	18.0	64.7	-55.8	
-4.1	25.4	123.8	-43.5	
42.6	62.3	209.9	-38.6	
67.2	84.4	185.3	-48.4	
67.2	64.7	170.5	-21.4	
59.8	50.0	180.4	22.9	
35.2	52.4	116.4	35.2	
-36.1	22.9	69.7	74.6	
-178.8	10.6	35.2	35.2	
-208.3	-1.7	-14.0	-102.5	
-122.2	-9.1	-18.9	-146.8	
-6.6	37.7	-9.1	-134.5	
82.0	27.8	18.0	-141.9	
121.3	37.7	50.0	-164.0	
126.2	59.8	15.5	-134.5	
123.8	72.1	3.2	-129.6	
77.0	82.0	15.5	-193.6	
37.7	109.0	20.5	-173.9	
-50.9	113.9	62.3	-149.3	
-144.4	77.0	121.3	-97.6	
-166.5	79.5	84.4	-70.6	
-141.9	40.1	22.9	-70.6	
-102.5	-33.7	-23.8	-82.9	
-46.0	-75.5	-26.3	-97.6	
15.5	-75.5	-95.2	-80.4	
50.0	-26.3	-124.7	-70.6	
10.6	-9.1	-173.9	-127.1	
-21.4	5.7	-146.8	-164.0	
-28.7	32.8	-77.9	-122.2	
-11.5	57.4	-77.9	-164.0	
-11.5	89.3	-50.9	-151.7	
-33.7	74.6	-92.7	-151.7	
-82.9	45.1	-6.6	-139.4	
-70.6	25.4	77.0	-109.9	
-43.5	35.2	101.6	-100.1	
-53.3	47.5	118.9	-85.3	
-21.4	25.4	123.8	-73.0	
-28.7	45.1	158.2	-97.6	
-21.4	50.0	111.5	-164.0	
-6.6	27.8	3.2	-149.3	
25.4	27.8	-28.7	-154.2	
47.5	-14.0	-9.1	-112.4	
50.0	-26.3	-63.2	-73.0	
50.0	-6.6	-139.4	-70.6	
62.3	35.2	-119.8	-65.6	
69.7	62.3	-171.4	-68.1	
57.4	37.7	-97.6	-68.1	
50.0	22.9	-141.9	-68.1	
45.1	-1.7	-176.3	-122.2	
37.7	-33.7	-105.0	-124.7	
42.6	-38.6	-85.3	-124.7	
57.4	-11.5	-50.9	-127.1	
40.1	10.6	-65.6	-119.8	
40.1	0.8	-55.8	-95.2	
47.5	-16.4	-46.0	-75.5	
32.8	-21.4	-41.0	-46.0	
25.4	-14.0	37.7	-31.2	
3.2	0.8	79.5	-36.1	
-11.5	50.0	104.1	-70.6	
-26.3	74.6	82.0	-117.3	
-26.3	84.4	37.7	-105.0	
-16.4	59.8	106.6	-95.2	
13.1	40.1	145.9	-100.1	
25.4	40.1	99.2	-102.5	
27.8	30.3	54.9	-105.0	
57.4	0.8	25.4	-97.6	
62.3	13.1	3.2	-95.2	
59.8	27.8	-33.7	-127.1	
59.8	40.1	-68.1	-134.5	
35.2	25.4	-14.0	-154.2	
27.8	22.9	15.5	-198.5	
8.2	18.0	30.3	-220.6	
-21.4	0.8	59.8	-218.2	
-65.6	15.5	67.2	-191.1	
-26.3	89.3	37.7	-186.2	
-9.1	116.4	-23.8	-188.6	
-26.3	133.6	-102.5	-200.9	
-18.9	106.6	-75.5	-200.9	
-9.1	54.9	-48.4	-196.0	
8.2	64.7	-60.7	-186.2	
22.9	57.4	-139.4	-200.9	
27.8	10.6	-122.2	-213.2	
35.2	-23.8	-95.2	-205.9	
52.4	-4.1	-75.5	-208.3	
74.6	-38.6	-109.9	-230.5	
133.6	-55.8	-16.4	-255.1	
165.6	-38.6	116.4	-232.9	
155.8	0.8	74.6	-255.1	
143.5	-26.3	84.4	-245.2	
74.6	18.0	141.0	-228.0	
-16.4	101.6	-60.7	-257.5	
-134.5	131.2	-46.0	-250.1	
-213.2	118.9	-60.7	-230.5	
-186.2	148.4	10.6	-247.7	
-107.5	136.1	27.8	-198.5	
-9.1	94.3	91.8	-164.0	
82.0	37.7	99.2	-205.9	
158.2	3.2	45.1	-255.1	
165.6	-4.1	30.3	-301.8	
163.1	-31.2	57.4	-284.6	
141.0	-53.3	-21.4	-358.4	
96.7	-70.6	-65.6	-353.5	
-6.6	-55.8	-146.8	-338.7	
-58.3	-46.0	-41.0	-306.7	
-105.0	-38.6	-16.4	-284.6	
-95.2	-16.4	-38.6	-336.2	
-60.7	-16.4	-4.1	-373.1	
-65.6	-14.0	-55.8	-405.1	
-53.3	-18.9	-63.2	-365.8	
-60.7	-11.5	-75.5	-341.2	
-46.0	-11.5	-53.3	-328.9	
-53.3	-4.1	-65.6	-301.8	
-87.8	-4.1	-60.7	-257.5	
-87.8	8.2	35.2	-262.4	
-50.9	10.6	0.8	-309.2	
-4.1	-9.1	13.1	-390.4	
54.9	62.3	59.8	-412.5	
141.0	72.1	62.3	-427.3	
163.1	57.4	42.6	-552.7	
143.5	67.2	-21.4	-545.3	
101.6	77.0	-48.4	-437.1	
74.6	128.7	-43.5	-424.8	
0.8	57.4	-14.0	-417.4	
-90.2	-77.9	25.4	-434.6	
-173.9	-14.0	52.4	-395.3	
-208.3	-11.5	27.8	-542.9	
-183.7	-14.0	52.4	-565.0	
-77.9	27.8	57.4	-528.1	
22.9	27.8	86.9	-542.9	
64.7	20.5	27.8	-597.0	
94.3	0.8	30.3	-690.5	
82.0	3.2	18.0	-665.9	
50.0	22.9	-41.0	-722.5	
-23.8	20.5	0.8	-722.5	
-73.0	20.5	42.6	-720.0	
-85.3	22.9	-33.7	-702.8	
-48.4	20.5	-63.2	-739.7	
0.8	20.5	30.3	-759.4	
40.1	47.5	72.1	-754.4	
47.5	86.9	22.9	-756.9	
32.8	101.6	-38.6	-695.4	
35.2	74.6	-102.5	-643.7	
20.5	27.8	-100.1	-638.8	
-11.5	-6.6	-137.0	-633.9	
-48.4	-4.1	-134.5	-702.8	
-43.5	10.6	-92.7	-769.2	
-16.4	74.6	-41.0	-756.9	
8.2	84.4	-9.1	-749.5	
15.5	72.1	-48.4	-781.5	
20.5	69.7	-85.3	-729.8	
35.2	59.8	-55.8	-739.7	
32.8	96.7	-77.9	-761.8	
40.1	57.4	-48.4	-769.2	
47.5	-4.1	3.2	-759.4	
40.1	-38.6	42.6	-752.0	
45.1	-23.8	84.4	-715.1	
52.4	-28.7	118.9	-653.6	
47.5	-23.8	113.9	-629.0	
59.8	20.5	27.8	-641.3	
45.1	30.3	-18.9	-641.3	
37.7	27.8	37.7	-641.3	
40.1	64.7	72.1	-643.7	
57.4	62.3	47.5	-589.6	
54.9	32.8	-26.3	-545.3	
37.7	59.8	-33.7	-538.0	
35.2	62.3	-53.3	-510.9	
5.7	40.1	-82.9	-481.4	
-9.1	27.8	-65.6	-464.2	
-21.4	8.2	-11.5	-471.5	
-33.7	35.2	-1.7	-510.9	
-26.3	22.9	-75.5	-451.9	
-16.4	-18.9	-188.6	-442.0	
10.6	-23.8	-200.9	-392.8	
13.1	-31.2	-68.1	-442.0	
18.0	-41.0	20.5	-461.7	
5.7	3.2	104.1	-523.2	
-6.6	18.0	86.9	-491.2	
20.5	-1.7	20.5	-501.1	
64.7	15.5	0.8	-542.9	
74.6	32.8	3.2	-513.4	
77.0	37.7	20.5	-503.5	
79.5	30.3	32.8	-513.4	
67.2	32.8	15.5	-510.9	
40.1	18.0	15.5	-469.1	
0.8	64.7	-16.4	-493.7	
-26.3	57.4	-43.5	-656.0	
-46.0	52.4	3.2	-727.4	
-53.3	27.8	50.0	-626.5	
-43.5	8.2	82.0	-626.5	
20.5	42.6	18.0	-557.6	
106.6	45.1	30.3	-535.5	
131.2	37.7	42.6	-577.3	
131.2	54.9	15.5	-535.5	
99.2	62.3	18.0	-567.5	
37.7	40.1	-9.1	-565.0	
-36.1	5.7	-18.9	-555.2	
-77.9	-9.1	-14.0	-459.2	
-92.7	-31.2	-1.7	-417.4	
-70.6	-23.8	-41.0	-471.5	
-31.2	3.2	-102.5	-422.3	
-11.5	52.4	-188.6	-392.8	
-6.6	79.5	-134.5	-365.8	
-46.0	109.0	-55.8	-333.8	
-31.2	111.5	-60.7	-284.6	
57.4	62.3	-43.5	-274.7	
111.5	18.0	-43.5	-215.7	
91.8	-26.3	-77.9	-191.1	
50.0	15.5	-87.8	-146.8	
-11.5	84.4	-58.3	-134.5	
-90.2	59.8	0.8	-114.8	
-129.6	67.2	5.7	-169.0	
-141.9	86.9	18.0	-156.7	
-132.1	18.0	67.2	-97.6	
-102.5	18.0	77.0	-73.0	
-46.0	96.7	5.7	-65.6	
22.9	104.1	-36.1	-70.6	
45.1	77.0	-73.0	-141.9	
54.9	-16.4	-21.4	-112.4	
35.2	-109.9	-60.7	-137.0	
0.8	-139.4	84.4	-82.9	
-28.7	-77.9	173.0	-70.6	
8.2	-4.1	37.7	-41.0	
8.2	-16.4	-26.3	-23.8	
-1.7	-28.7	-60.7	8.2	
-4.1	40.1	-53.3	86.9	
45.1	40.1	8.2	57.4	
104.1	64.7	72.1	20.5	
106.6	32.8	96.7	18.0	
116.4	42.6	79.5	-36.1	
131.2	79.5	54.9	-43.5	
126.2	89.3	35.2	-48.4	
86.9	82.0	35.2	-48.4	
8.2	91.8	30.3	-46.0	
-28.7	57.4	89.3	-105.0	
8.2	62.3	59.8	-119.8	
-11.5	72.1	-16.4	-100.1	
-43.5	59.8	-80.4	-87.8	
-90.2	79.5	-41.0	-85.3	
-112.4	50.0	-21.4	-75.5	
-117.3	-9.1	5.7	-48.4	
-50.9	8.2	8.2	-43.5	
59.8	8.2	20.5	-50.9	
131.2	-11.5	-55.8	-36.1	
153.3	59.8	-90.2	-28.7	
136.1	5.7	-31.2	-9.1	
99.2	-14.0	15.5	18.0	
30.3	-9.1	54.9	54.9	
-77.9	-9.1	-23.8	52.4	
-193.6	-4.1	-95.2	62.3	
-198.5	67.2	-18.9	35.2	
-159.1	27.8	52.4	-43.5	
-124.7	45.1	82.0	-95.2	
-65.6	27.8	45.1	-55.8	
-18.9	0.8	62.3	-11.5	
10.6	-9.1	-33.7	18.0	
22.9	0.8	-80.4	35.2	
37.7	47.5	-235.4	72.1	
35.2	35.2	-232.9	72.1	
8.2	37.7	-146.8	109.0	
3.2	52.4	-117.3	126.2	
22.9	42.6	-46.0	128.7	
15.5	50.0	5.7	143.5	
27.8	8.2	59.8	153.3	
20.5	27.8	77.0	158.2	
35.2	45.1	67.2	177.9	
62.3	74.6	67.2	192.7	
101.6	86.9	69.7	229.6	
175.4	69.7	79.5	241.9	
244.3	57.4	82.0	239.4	
281.2	27.8	62.3	249.2	
219.7	18.0	50.0	268.9	
145.9	30.3	37.7	293.5	
37.7	91.8	27.8	293.5	
-73.0	59.8	18.0	271.4	
-105.0	-48.4	45.1	276.3	
-36.1	-105.0	-50.9	278.8	
-14.0	-97.6	-213.2	310.7	
-46.0	-68.1	-186.2	276.3	
-38.6	-50.9	-129.6	273.8	
-73.0	-48.4	-95.2	259.1	
-117.3	-23.8	-151.7	261.5	
-166.5	57.4	18.0	222.2	
-210.8	111.5	37.7	244.3	
-225.5	131.2	-4.1	293.5	
-176.3	101.6	-28.7	288.6	
-107.5	72.1	-53.3	283.7	
-50.9	30.3	-68.1	259.1	
-6.6	57.4	-70.6	259.1	
18.0	79.5	-18.9	246.8	
22.9	25.4	-33.7	261.5	
30.3	-6.6	-50.9	254.2	
30.3	-21.4	-28.7	234.5	
45.1	5.7	-58.3	241.9	
59.8	27.8	-6.6	261.5	
74.6	62.3	69.7	293.5	
72.1	69.7	94.3	310.7	
99.2	18.0	72.1	320.6	
150.8	-6.6	8.2	286.1	
170.5	5.7	-16.4	291.1	
197.6	18.0	10.6	244.3	
182.8	45.1	22.9	197.6	
118.9	67.2	27.8	155.8	
37.7	106.6	20.5	209.9	
-58.3	113.9	22.9	224.6	
-122.2	96.7	-28.7	229.6	
-117.3	91.8	-26.3	244.3	
-132.1	52.4	32.8	239.4	
-129.6	8.2	-16.4	256.6	
-100.1	-6.6	-112.4	244.3	
-36.1	50.0	-169.0	205.0	
-1.7	74.6	-132.1	202.5	
-16.4	72.1	-105.0	239.4	
-16.4	32.8	-114.8	286.1	
-1.7	3.2	-102.5	310.7	
-4.1	-55.8	-132.1	337.8	
30.3	-48.4	-58.3	340.3	
67.2	-23.8	-55.8	323.0	
111.5	-31.2	-4.1	278.8	
113.9	15.5	77.0	214.8	
91.8	0.8	136.1	180.4	
91.8	-33.7	116.4	241.9	
79.5	-28.7	89.3	261.5	
52.4	-6.6	77.0	313.2	
-68.1	3.2	74.6	337.8	
-95.2	25.4	69.7	318.1	
-65.6	37.7	86.9	278.8	
-21.4	52.4	40.1	281.2	
40.1	52.4	-26.3	212.3	
79.5	35.2	-48.4	219.7	
113.9	74.6	-70.6	256.6	
143.5	35.2	-141.9	266.5	
175.4	-70.6	-119.8	286.1	
148.4	-92.7	-18.9	266.5	
69.7	-31.2	22.9	271.4	
-31.2	-38.6	5.7	261.5	
-65.6	-38.6	-6.6	283.7	
-58.3	-6.6	47.5	305.8	
-90.2	3.2	141.0	340.3	
-102.5	52.4	190.2	355.0	
-80.4	45.1	165.6	367.3	
-53.3	18.0	148.4	372.2	
-90.2	37.7	82.0	350.1	
-124.7	18.0	-14.0	300.9	
-90.2	35.2	-87.8	271.4	
-48.4	62.3	-82.9	303.4	
-23.8	45.1	-68.1	308.3	
-26.3	8.2	-18.9	276.3	
-43.5	59.8	-70.6	286.1	
-28.7	45.1	-122.2	296.0	
45.1	20.5	-137.0	328.0	
82.0	54.9	-70.6	340.3	
64.7	50.0	-43.5	342.7	
54.9	-14.0	45.1	328.0	
57.4	-18.9	111.5	342.7	
42.6	54.9	133.6	315.7	
25.4	57.4	128.7	268.9	
5.7	-31.2	64.7	276.3	
-14.0	-16.4	45.1	212.3	
-36.1	0.8	69.7	219.7	
-16.4	47.5	52.4	236.9	
-16.4	62.3	8.2	254.2	
-36.1	42.6	-18.9	273.8	
-46.0	77.0	-14.0	276.3	
-33.7	57.4	-41.0	268.9	
-1.7	32.8	-38.6	256.6	
-16.4	42.6	-18.9	254.2	
13.1	20.5	40.1	246.8	
20.5	18.0	77.0	261.5	
22.9	-6.6	62.3	273.8	
69.7	-14.0	104.1	259.1	
77.0	59.8	123.8	273.8	
69.7	96.7	123.8	259.1	
113.9	84.4	74.6	273.8	
136.1	42.6	32.8	325.5	
131.2	15.5	0.8	303.4	
91.8	52.4	-26.3	271.4	
20.5	52.4	-53.3	281.2	
-16.4	32.8	-95.2	325.5	
-100.1	22.9	-46.0	330.4	
-129.6	3.2	-18.9	266.5	
-105.0	-65.6	-70.6	217.3	
-1.7	-6.6	-82.9	187.7	
62.3	18.0	-92.7	163.1	
82.0	-43.5	-100.1	177.9	
50.0	-46.0	-117.3	219.7	
40.1	0.8	-146.8	261.5	
18.0	3.2	-124.7	273.8	
-26.3	30.3	-117.3	249.2	
-97.6	59.8	-46.0	246.8	
-90.2	59.8	96.7	244.3	
-36.1	-1.7	170.5	229.6	
-16.4	-95.2	175.4	219.7	
10.6	-43.5	165.6	219.7	
52.4	84.4	133.6	261.5	
77.0	136.1	116.4	256.6	
109.0	86.9	69.7	254.2	
170.5	40.1	-6.6	305.8	
143.5	40.1	-60.7	268.9	
69.7	64.7	-97.6	259.1	
32.8	59.8	-97.6	328.0	
0.8	57.4	-58.3	298.4	
-28.7	37.7	-31.2	239.4	
-63.2	45.1	-48.4	153.3	
-164.0	0.8	-68.1	209.9	
-228.0	-60.7	-102.5	264.0	
-196.0	-33.7	-73.0	637.9	
-119.8	8.2	-36.1	947.9	
-65.6	15.5	-77.9	42.6	
-48.4	27.8	-95.2	-48.4	
3.2	30.3	-122.2	224.6	
5.7	5.7	-134.5	283.7	
5.7	13.1	-87.8	143.5	
-6.6	8.2	-31.2	-48.4	
0.8	-4.1	-80.4	-506.0	
27.8	-1.7	-107.5	-946.3	
45.1	-1.7	-33.7	-1103.8	
45.1	42.6	-6.6	-1098.8	
42.6	77.0	123.8	-1128.4	
30.3	64.7	207.4	-1162.8	
54.9	35.2	155.8	-1125.9	
69.7	-9.1	106.6	-1111.1	
77.0	-9.1	82.0	-1091.5	
82.0	10.6	42.6	-1057.0	
77.0	25.4	20.5	-1054.6	
47.5	-4.1	5.7	-1359.6	
47.5	0.8	-146.8	-1957.4	
37.7	-9.1	-176.3	-2279.6	
25.4	-14.0	-156.7	-2208.3	
-18.9	5.7	-161.6	-1942.6	
-14.0	-11.5	-105.0	-1787.6	
30.3	10.6	-70.6	-1684.3	
54.9	40.1	-92.7	-1593.3	
45.1	82.0	-68.1	-1450.6	
27.8	94.3	-9.1	-1391.6	
62.3	82.0	-36.1	-1241.5	
101.6	79.5	-28.7	-867.6	
118.9	37.7	22.9	-661.0	
123.8	-16.4	22.9	-444.5	
79.5	3.2	-21.4	-279.7	
15.5	20.5	-43.5	-137.0	
-46.0	-28.7	-23.8	-28.7	
-105.0	-68.1	-58.3	79.5	
-134.5	-23.8	-80.4	165.6	
-112.4	-4.1	-97.6	214.8	
-53.3	52.4	-38.6	278.8	
18.0	67.2	25.4	308.3	
185.3	116.4	20.5	347.6	
281.2	50.0	-63.2	337.8	
305.8	40.1	-90.2	350.1	
273.8	67.2	-77.9	396.8	
170.5	32.8	-68.1	421.4	
59.8	-1.7	-21.4	416.5	
-129.6	8.2	-31.2	426.4	
-304.3	27.8	-53.3	419.0	
-284.6	20.5	-65.6	431.3	
-223.1	3.2	-43.5	391.9	
-156.7	15.5	5.7	364.9	
-119.8	50.0	45.1	409.1	
-144.4	54.9	94.3	352.6	
-144.4	42.6	67.2	293.5	
-46.0	37.7	50.0	379.6	
27.8	57.4	47.5	409.1	
82.0	57.4	57.4	409.1	
67.2	45.1	-1.7	421.4	
50.0	35.2	-28.7	433.7	
42.6	27.8	-18.9	428.8	
27.8	15.5	-26.3	359.9	
-9.1	22.9	-80.4	364.9	
-31.2	57.4	-65.6	323.0	
-23.8	67.2	-43.5	308.3	
37.7	52.4	-36.1	264.0	
72.1	45.1	-77.9	308.3	
50.0	64.7	-87.8	320.6	
8.2	86.9	3.2	328.0	
-31.2	91.8	40.1	300.9	
-41.0	67.2	0.8	325.5	
-63.2	-33.7	-48.4	298.4	
-90.2	-95.2	-41.0	298.4	
-90.2	-9.1	-85.3	347.6	
-68.1	57.4	-132.1	345.2	
-18.9	45.1	-119.8	362.4	
27.8	35.2	-46.0	332.9	
45.1	52.4	-41.0	236.9	
37.7	86.9	-77.9	214.8	
22.9	52.4	-109.9	219.7	
-28.7	64.7	-146.8	227.1	
-53.3	37.7	-80.4	217.3	
-18.9	18.0	-38.6	153.3	
15.5	5.7	32.8	175.4	
-6.6	-50.9	45.1	251.7	
-6.6	-58.3	64.7	298.4	
15.5	-1.7	82.0	278.8	
30.3	27.8	89.3	266.5	
32.8	-1.7	109.0	246.8	
45.1	20.5	138.5	177.9	
40.1	62.3	136.1	106.6	
27.8	50.0	79.5	168.1	
52.4	57.4	25.4	261.5	
50.0	42.6	-9.1	222.2	
42.6	47.5	3.2	266.5	
37.7	45.1	22.9	251.7	
32.8	42.6	10.6	246.8	
35.2	15.5	10.6	192.7	
42.6	-9.1	-26.3	195.1	
25.4	-14.0	-63.2	202.5	
10.6	-1.7	-28.7	209.9	
-4.1	20.5	-18.9	214.8	
0.8	54.9	-4.1	214.8	
30.3	35.2	-16.4	239.4	
35.2	42.6	-36.1	283.7	
20.5	47.5	-43.5	251.7	
25.4	30.3	5.7	291.1	
37.7	32.8	-18.9	303.4	
32.8	20.5	-68.1	293.5	
32.8	5.7	-80.4	173.0	
18.0	8.2	-58.3	160.7	
5.7	-11.5	-1.7	84.4	
8.2	0.8	27.8	141.0	
-9.1	-1.7	74.6	192.7	
15.5	0.8	37.7	195.1	
42.6	59.8	0.8	136.1	
72.1	104.1	45.1	145.9	
72.1	79.5	35.2	177.9	
72.1	22.9	10.6	170.5	
37.7	27.8	-14.0	190.2	
5.7	59.8	-28.7	217.3	
-36.1	47.5	-41.0	212.3	
-38.6	35.2	-41.0	195.1	
-38.6	-14.0	0.8	195.1	
-16.4	-9.1	13.1	244.3	
30.3	18.0	-14.0	264.0	
62.3	18.0	-14.0	219.7	
91.8	22.9	20.5	136.1	
84.4	8.2	-41.0	18.0	
101.6	22.9	-90.2	-16.4	
91.8	47.5	-82.9	37.7	
69.7	45.1	-80.4	57.4	
-11.5	52.4	-31.2	104.1	
-55.8	32.8	32.8	96.7	
-48.4	-1.7	13.1	104.1	
-11.5	30.3	-16.4	126.2	
25.4	18.0	18.0	126.2	
42.6	15.5	52.4	131.2	
8.2	3.2	62.3	106.6	
-16.4	-11.5	82.0	168.1	
-58.3	-16.4	50.0	254.2	
-87.8	10.6	27.8	249.2	
-87.8	18.0	-21.4	236.9	
-63.2	20.5	-53.3	219.7	
-46.0	30.3	-43.5	82.0	
32.8	47.5	-73.0	69.7	
116.4	67.2	-53.3	-41.0	
177.9	64.7	-4.1	-97.6	
165.6	74.6	5.7	-107.5	
136.1	57.4	-21.4	-80.4	
131.2	35.2	-48.4	-14.0	
54.9	54.9	-21.4	5.7	
-14.0	59.8	-4.1	20.5	
-48.4	54.9	3.2	42.6	
-85.3	37.7	30.3	54.9	
-117.3	-33.7	-6.6	77.0	
-77.9	-38.6	-41.0	94.3	
-43.5	-9.1	-18.9	96.7	
-60.7	30.3	-11.5	111.5	
-97.6	50.0	0.8	136.1	
-95.2	54.9	18.0	170.5	
-60.7	45.1	3.2	148.4	
-70.6	45.1	-4.1	150.8	
-109.9	50.0	-4.1	128.7	
-127.1	40.1	-36.1	25.4	
-114.8	10.6	-33.7	57.4	
-65.6	-46.0	-18.9	77.0	
-36.1	-38.6	5.7	64.7	
0.8	3.2	0.8	94.3	
-1.7	3.2	37.7	84.4	
-11.5	13.1	42.6	91.8	
-26.3	22.9	72.1	40.1	
-33.7	20.5	37.7	84.4	
-16.4	27.8	40.1	118.9	
-16.4	32.8	-6.6	192.7	
-1.7	20.5	-53.3	111.5	
10.6	-6.6	-41.0	86.9	
25.4	5.7	-36.1	42.6	
32.8	0.8	18.0	-38.6	
37.7	5.7	50.0	-53.3	
42.6	3.2	-6.6	-156.7	
32.8	5.7	-38.6	-198.5	
45.1	27.8	-14.0	-156.7	
50.0	64.7	-1.7	-119.8	
69.7	74.6	5.7	-139.4	
50.0	57.4	-33.7	-161.6	
42.6	35.2	-9.1	-102.5	
50.0	45.1	-4.1	-33.7	
50.0	74.6	10.6	62.3	
30.3	79.5	8.2	113.9	
-31.2	86.9	27.8	91.8	
-38.6	62.3	50.0	-16.4	
-18.9	64.7	30.3	-107.5	
5.7	45.1	13.1	-151.7	
18.0	37.7	18.0	-43.5	
25.4	22.9	-31.2	52.4	
8.2	-11.5	-85.3	47.5	
15.5	8.2	-73.0	37.7	
-9.1	22.9	-55.8	0.8	
-9.1	15.5	-14.0	-55.8	
-6.6	8.2	-36.1	-82.9	
-18.9	42.6	-58.3	25.4	
5.7	69.7	-43.5	91.8	
27.8	32.8	-18.9	25.4	
25.4	0.8	20.5	13.1	
27.8	-23.8	69.7	-53.3	
0.8	0.8	32.8	-31.2	
-4.1	22.9	3.2	-6.6	
-9.1	27.8	-28.7	67.2	
-9.1	96.7	-36.1	40.1	
3.2	91.8	-11.5	20.5	
8.2	72.1	-9.1	59.8	
8.2	57.4	-48.4	69.7	
13.1	15.5	-55.8	91.8	
8.2	30.3	-43.5	52.4	
-4.1	45.1	-16.4	18.0	
5.7	74.6	-1.7	72.1	
13.1	72.1	10.6	74.6	
18.0	69.7	25.4	72.1	
13.1	69.7	27.8	37.7	
20.5	86.9	-28.7	59.8	
25.4	62.3	-50.9	5.7	
30.3	25.4	-21.4	96.7	
22.9	5.7	5.7	27.8	
15.5	-1.7	-36.1	-28.7	
5.7	-1.7	-14.0	-124.7	
10.6	-31.2	-18.9	-55.8	
0.8	-36.1	15.5	-16.4	
-4.1	-14.0	30.3	22.9	
-4.1	-1.7	18.0	-14.0	
13.1	30.3	13.1	-9.1	
3.2	47.5	-11.5	15.5	
0.8	32.8	-41.0	8.2	
-6.6	47.5	-33.7	20.5	
15.5	64.7	-31.2	89.3	
8.2	52.4	-85.3	94.3	
5.7	40.1	-109.9	148.4	
5.7	59.8	-46.0	145.9	
20.5	91.8	-23.8	57.4	
13.1	101.6	-11.5	-6.6	
13.1	109.0	-9.1	25.4	
13.1	79.5	-16.4	35.2	
8.2	32.8	-33.7	25.4	
13.1	32.8	-6.6	-36.1	
5.7	25.4	-53.3	-68.1	
-4.1	22.9	-43.5	-46.0	
-1.7	3.2	-16.4	25.4	
5.7	-6.6	3.2	25.4	
27.8	3.2	5.7	32.8	
30.3	10.6	0.8	101.6	
42.6	20.5	8.2	104.1	
50.0	13.1	5.7	106.6	
45.1	-36.1	-16.4	-60.7	
27.8	-23.8	-41.0	-60.7	
10.6	8.2	-48.4	-119.8	
-11.5	32.8	-48.4	-139.4	
-31.2	35.2	-41.0	-100.1	
-38.6	47.5	-65.6	-53.3	
-31.2	45.1	-48.4	-68.1	
18.0	15.5	-48.4	-63.2	
54.9	10.6	-31.2	-60.7	
79.5	37.7	-55.8	32.8	
111.5	10.6	-58.3	0.8	
106.6	-46.0	-43.5	57.4	
96.7	-21.4	-75.5	-6.6	
72.1	35.2	-77.9	-82.9	
30.3	47.5	-124.7	-73.0	
-9.1	40.1	-149.3	-90.2	
3.2	30.3	-159.1	-14.0	
3.2	13.1	-119.8	-18.9	
-14.0	0.8	-80.4	0.8	
22.9	0.8	-65.6	18.0	
67.2	37.7	-58.3	15.5	
86.9	62.3	-43.5	20.5	
52.4	69.7	-14.0	-18.9	
22.9	59.8	-28.7	-43.5	
-36.1	-1.7	0.8	-53.3	
-82.9	-4.1	10.6	-9.1	
-132.1	47.5	-38.6	64.7	
-151.7	67.2	-85.3	59.8	
-169.0	74.6	-82.9	109.0	
-169.0	99.2	-60.7	148.4	
-154.2	67.2	-77.9	148.4	
-63.2	5.7	-97.6	229.6	
22.9	15.5	-112.4	271.4	
77.0	35.2	-124.7	261.5	
104.1	27.8	-107.5	187.7	
118.9	22.9	-112.4	190.2	
91.8	37.7	-112.4	168.1	
72.1	22.9	-132.1	160.7	
-6.6	79.5	-132.1	158.2	
-65.6	47.5	-166.5	190.2	
-146.8	-14.0	-173.9	244.3	
-109.9	-14.0	-146.8	273.8	
-43.5	27.8	-154.2	271.4	
22.9	45.1	-139.4	261.5	
22.9	64.7	-144.4	254.2	
30.3	45.1	-146.8	286.1	
27.8	5.7	-132.1	303.4	
-6.6	22.9	-117.3	384.5	
-23.8	72.1	-127.1	446.0	
-58.3	91.8	-119.8	394.4	
-31.2	89.3	-117.3	364.9	
8.2	74.6	-144.4	249.2	
20.5	27.8	-132.1	268.9	
20.5	67.2	-127.1	337.8	
-6.6	104.1	-132.1	219.7	
-18.9	67.2	-102.5	239.4	
-4.1	40.1	-90.2	229.6	
-1.7	18.0	-100.1	202.5	
22.9	37.7	-124.7	227.1	
30.3	57.4	-114.8	310.7	
45.1	40.1	-65.6	291.1	
30.3	59.8	-21.4	251.7	
37.7	50.0	-31.2	214.8	
50.0	62.3	-82.9	236.9	
42.6	59.8	-43.5	313.2	
40.1	52.4	-21.4	241.9	
22.9	62.3	-38.6	264.0	
18.0	40.1	-46.0	195.1	
15.5	40.1	-43.5	254.2	
35.2	54.9	-63.2	305.8	
42.6	84.4	-50.9	288.6	
52.4	59.8	-50.9	293.5	
42.6	52.4	-21.4	310.7	
32.8	18.0	-38.6	254.2	
20.5	20.5	-11.5	202.5	
13.1	37.7	20.5	205.0	
-11.5	67.2	27.8	239.4	
8.2	74.6	22.9	173.0	
18.0	52.4	15.5	77.0	
45.1	52.4	18.0	72.1	
52.4	72.1	-18.9	121.3	
72.1	74.6	-38.6	116.4	
82.0	57.4	-21.4	72.1	
91.8	3.2	-36.1	72.1	
96.7	-28.7	-38.6	99.2	
91.8	3.2	-14.0	84.4	
96.7	22.9	-18.9	94.3	
62.3	18.0	-18.9	111.5	
-6.6	15.5	-36.1	79.5	
-50.9	37.7	-48.4	45.1	
-95.2	27.8	-16.4	57.4	
-154.2	42.6	-14.0	50.0	
-112.4	32.8	-26.3	42.6	
-70.6	42.6	-14.0	67.2	
-28.7	18.0	5.7	45.1	
-4.1	5.7	27.8	35.2	
18.0	27.8	30.3	-23.8	
77.0	20.5	8.2	-28.7	
77.0	8.2	-18.9	-73.0	
57.4	8.2	18.0	-100.1	
64.7	57.4	74.6	-151.7	
54.9	86.9	106.6	-213.2	
27.8	104.1	99.2	-210.8	
3.2	109.0	79.5	-173.9	
-14.0	47.5	86.9	-124.7	
-4.1	0.8	74.6	-117.3	
-33.7	-31.2	54.9	-141.9	
-9.1	22.9	25.4	-235.4	
10.6	8.2	25.4	-220.6	
35.2	0.8	22.9	-210.8	
42.6	0.8	42.6	-156.7	
32.8	-4.1	42.6	-191.1	
-14.0	5.7	45.1	-151.7	
-53.3	20.5	67.2	-134.5	
-50.9	37.7	86.9	-129.6	
-36.1	20.5	89.3	-92.7	
-9.1	25.4	74.6	-109.9	
-9.1	40.1	40.1	-63.2	
32.8	47.5	-6.6	-77.9	
47.5	-11.5	10.6	-102.5	
52.4	8.2	-11.5	-134.5	
64.7	52.4	-18.9	-250.1	
79.5	99.2	-11.5	-208.3	
79.5	89.3	-31.2	-112.4	
67.2	79.5	-33.7	-183.7	
47.5	40.1	-33.7	-183.7	
20.5	-26.3	-1.7	-166.5	
25.4	-18.9	5.7	-154.2	
15.5	-14.0	8.2	-164.0	
-36.1	-28.7	-36.1	-151.7	
-102.5	15.5	-92.7	-151.7	
-80.4	10.6	-92.7	-127.1	
-46.0	25.4	-50.9	-75.5	
-4.1	37.7	-21.4	-65.6	
-28.7	25.4	5.7	-60.7	
-6.6	25.4	-4.1	-114.8	
3.2	47.5	-28.7	-188.6	
3.2	57.4	-26.3	-223.1	
3.2	64.7	-46.0	-301.8	
-6.6	40.1	-80.4	-260.0	
-23.8	35.2	-90.2	-203.4	
-28.7	45.1	-80.4	-193.6	
-21.4	57.4	-75.5	-146.8	
22.9	27.8	-68.1	-161.6	
64.7	5.7	-41.0	-166.5	
69.7	15.5	-41.0	-228.0	
84.4	8.2	-28.7	-166.5	
86.9	37.7	-41.0	-132.1	
91.8	62.3	-41.0	-127.1	
101.6	45.1	-46.0	-139.4	
84.4	10.6	-36.1	-139.4	
96.7	35.2	-36.1	-218.2	
69.7	79.5	-38.6	-196.0	
-4.1	113.9	-41.0	-178.8	
-63.2	79.5	-38.6	-156.7	
-132.1	27.8	-26.3	-137.0	
-151.7	-14.0	8.2	-102.5	
-92.7	0.8	57.4	-87.8	
-43.5	-33.7	42.6	-80.4	
5.7	-48.4	35.2	-58.3	
27.8	-23.8	37.7	-48.4	
47.5	5.7	37.7	3.2	
42.6	20.5	32.8	32.8	
42.6	20.5	32.8	-28.7	
25.4	54.9	-4.1	-58.3	
-14.0	57.4	-36.1	-33.7	
-53.3	27.8	-55.8	35.2	
-50.9	30.3	-46.0	106.6	
-53.3	40.1	-21.4	-1.7	
-70.6	15.5	3.2	-50.9	
-75.5	-1.7	50.0	-97.6	
-55.8	-4.1	77.0	-73.0	
-33.7	8.2	79.5	-31.2	
13.1	30.3	79.5	8.2	
45.1	22.9	86.9	15.5	
54.9	50.0	72.1	62.3	
84.4	86.9	74.6	18.0	
79.5	67.2	77.0	79.5	
69.7	37.7	69.7	47.5	
27.8	40.1	22.9	-97.6	
-1.7	37.7	-9.1	-144.4	
-41.0	30.3	3.2	-144.4	
5.7	50.0	30.3	-122.2	
0.8	27.8	57.4	-60.7	
-1.7	15.5	69.7	-43.5	
15.5	8.2	62.3	-14.0	
42.6	10.6	64.7	69.7	
50.0	-23.8	94.3	121.3	
42.6	-43.5	99.2	45.1	
47.5	-1.7	101.6	-55.8	
35.2	32.8	69.7	-149.3	
13.1	32.8	69.7	-127.1	
5.7	-23.8	67.2	-58.3	
-6.6	-1.7	37.7	-36.1	
-23.8	15.5	13.1	-60.7	
-1.7	30.3	30.3	-4.1	
27.8	52.4	22.9	-9.1	
50.0	35.2	52.4	-28.7	
64.7	3.2	72.1	5.7	
40.1	64.7	111.5	20.5	
50.0	101.6	128.7	27.8	
30.3	62.3	113.9	27.8	
-1.7	3.2	84.4	64.7	
-11.5	-36.1	64.7	77.0	
5.7	-36.1	59.8	84.4	
15.5	-28.7	30.3	91.8	
20.5	-21.4	30.3	113.9	
30.3	0.8	30.3	106.6	
18.0	15.5	37.7	113.9	
30.3	25.4	59.8	145.9	
25.4	30.3	62.3	158.2	
32.8	35.2	72.1	141.0	
35.2	-11.5	91.8	141.0	
50.0	-21.4	47.5	133.6	
69.7	8.2	37.7	163.1	
57.4	20.5	35.2	175.4	
40.1	5.7	15.5	143.5	
35.2	13.1	15.5	40.1	
40.1	27.8	-1.7	116.4	
69.7	42.6	-28.7	96.7	
54.9	27.8	-6.6	89.3	
67.2	45.1	18.0	96.7	
50.0	32.8	-4.1	10.6	
42.6	15.5	-14.0	8.2	
37.7	-4.1	-1.7	72.1	
22.9	-4.1	-14.0	96.7	
104.1	-9.1	-18.9	37.7	
205.0	8.2	-16.4	-16.4	
236.9	40.1	-14.0	3.2	
214.8	15.5	-1.7	30.3	
131.2	69.7	5.7	27.8	
57.4	72.1	18.0	54.9	
-43.5	52.4	10.6	25.4	
-181.3	57.4	22.9	-38.6	
-296.9	77.0	40.1	-28.7	
-292.0	59.8	25.4	-63.2	
-242.8	35.2	5.7	-14.0	
-178.8	20.5	3.2	-23.8	
-92.7	13.1	-4.1	-50.9	
-60.7	25.4	-28.7	-33.7	
-68.1	10.6	-26.3	-73.0	
-105.0	-11.5	-6.6	-109.9	
-80.4	-26.3	-6.6	-43.5	
-23.8	0.8	-16.4	-46.0	
15.5	13.1	-4.1	-75.5	
59.8	15.5	8.2	-63.2	
30.3	13.1	-14.0	-73.0	
15.5	15.5	-18.9	-124.7	
5.7	27.8	-21.4	-105.0	
32.8	37.7	-4.1	-95.2	
67.2	52.4	-1.7	-58.3	
79.5	22.9	-18.9	-46.0	
77.0	40.1	-26.3	0.8	
67.2	40.1	-23.8	18.0	
37.7	37.7	-23.8	-38.6	
18.0	37.7	-18.9	-85.3	
-4.1	47.5	-21.4	-171.4	
-50.9	37.7	-21.4	-95.2	
-100.1	25.4	-31.2	-28.7	
-90.2	-6.6	-26.3	-92.7	
-48.4	-26.3	-16.4	-58.3	
-16.4	-9.1	-11.5	-109.9	
-11.5	-4.1	-1.7	-137.0	
-1.7	35.2	13.1	-171.4	
-1.7	45.1	25.4	-166.5	
0.8	15.5	10.6	-134.5	
20.5	18.0	-9.1	-124.7	
32.8	27.8	-1.7	-100.1	
20.5	22.9	0.8	-117.3	
32.8	35.2	-11.5	-139.4	
50.0	45.1	15.5	-124.7	
54.9	37.7	30.3	-112.4	
47.5	27.8	35.2	-124.7	
67.2	42.6	35.2	-122.2	
64.7	52.4	20.5	-105.0	
72.1	50.0	3.2	-77.9	
91.8	35.2	-4.1	-46.0	
94.3	15.5	-11.5	-33.7	
96.7	13.1	3.2	-36.1	
74.6	5.7	3.2	-33.7	
20.5	-6.6	8.2	20.5	
-11.5	25.4	15.5	57.4	
-48.4	22.9	35.2	-14.0	
-38.6	35.2	32.8	-55.8	
20.5	40.1	50.0	-1.7	
64.7	54.9	50.0	5.7	
54.9	18.0	32.8	-63.2	
47.5	-6.6	3.2	-60.7	
52.4	0.8	3.2	-50.9	
22.9	-28.7	13.1	10.6	
40.1	-9.1	47.5	30.3	
35.2	69.7	62.3	57.4	
52.4	101.6	47.5	79.5	
42.6	62.3	37.7	101.6	
15.5	32.8	72.1	123.8	
-21.4	22.9	91.8	109.0	
-46.0	79.5	113.9	185.3	
-28.7	94.3	104.1	205.0	
-11.5	72.1	57.4	170.5	
20.5	10.6	37.7	138.5	
27.8	8.2	52.4	74.6	
42.6	10.6	54.9	158.2	
37.7	-21.4	18.0	123.8	
-1.7	18.0	22.9	126.2	
-16.4	50.0	27.8	141.0	
-16.4	84.4	84.4	118.9	
-4.1	57.4	82.0	84.4	
15.5	8.2	94.3	86.9	
42.6	-14.0	54.9	131.2	
72.1	-14.0	37.7	163.1	
91.8	3.2	10.6	155.8	
84.4	18.0	-6.6	136.1	
52.4	57.4	-28.7	116.4	
45.1	67.2	-36.1	116.4	
0.8	42.6	-31.2	94.3	
-68.1	-1.7	-46.0	94.3	
-112.4	20.5	-55.8	123.8	
-159.1	47.5	-80.4	148.4	
-164.0	35.2	-63.2	153.3	
-95.2	35.2	-90.2	138.5	
-33.7	10.6	-87.8	133.6	
-38.6	13.1	-109.9	160.7	
-53.3	18.0	-114.8	145.9	
-18.9	47.5	-95.2	96.7	
-6.6	5.7	-90.2	106.6	
8.2	-4.1	-95.2	153.3	
0.8	-4.1	-77.9	158.2	
25.4	8.2	-90.2	190.2	
59.8	59.8	-87.8	209.9	
72.1	113.9	-117.3	148.4	
57.4	116.4	-117.3	148.4	
37.7	91.8	-105.0	121.3	
-14.0	25.4	-149.3	99.2	
-23.8	-11.5	-149.3	104.1	
22.9	-18.9	-122.2	153.3	
79.5	20.5	-92.7	175.4	
136.1	20.5	-85.3	173.0	
160.7	35.2	-102.5	168.1	
153.3	59.8	-112.4	99.2	
126.2	54.9	-124.7	82.0	
62.3	67.2	-124.7	104.1	
10.6	64.7	-137.0	84.4	
-70.6	64.7	-154.2	62.3	
-112.4	54.9	-129.6	84.4	
-122.2	32.8	-114.8	91.8	
-95.2	42.6	-97.6	91.8	
-65.6	-1.7	-85.3	94.3	
-38.6	-26.3	-97.6	82.0	
-14.0	13.1	-95.2	69.7	
10.6	27.8	-80.4	94.3	
0.8	13.1	-41.0	91.8	
-1.7	40.1	-50.9	111.5	
-9.1	47.5	-70.6	163.1	
-28.7	59.8	-77.9	133.6	
-4.1	40.1	-63.2	35.2	
25.4	15.5	-68.1	-38.6	
30.3	8.2	-75.5	47.5	
50.0	22.9	-77.9	111.5	
72.1	62.3	-53.3	155.8	
74.6	32.8	-53.3	57.4	
109.0	22.9	-65.6	15.5	
111.5	32.8	-80.4	-68.1	
96.7	32.8	-70.6	-156.7	
59.8	35.2	-80.4	-53.3	
40.1	22.9	-65.6	57.4	
40.1	18.0	-55.8	37.7	
13.1	20.5	-41.0	13.1	
0.8	18.0	-18.9	0.8	
-14.0	32.8	15.5	-68.1	
13.1	27.8	3.2	-28.7	
22.9	35.2	-23.8	-1.7	
-6.6	30.3	-11.5	25.4	
-14.0	27.8	0.8	50.0	
0.8	22.9	5.7	0.8	
30.3	20.5	-4.1	67.2	
72.1	25.4	-11.5	116.4	
94.3	15.5	-16.4	131.2	
113.9	-6.6	3.2	145.9	
138.5	3.2	-18.9	94.3	
116.4	22.9	-18.9	18.0	
37.7	35.2	-21.4	-21.4	
-18.9	37.7	-6.6	-65.6	
-33.7	35.2	5.7	10.6	
-70.6	32.8	30.3	-26.3	
-127.1	10.6	27.8	-11.5	
-159.1	37.7	30.3	18.0	
-186.2	50.0	45.1	82.0	
-181.3	8.2	32.8	69.7	
-124.7	-23.8	47.5	18.0	
-80.4	8.2	57.4	-85.3	
-46.0	5.7	45.1	-146.8	
-1.7	3.2	40.1	-220.6	
42.6	5.7	40.1	-242.8	
62.3	10.6	54.9	-183.7	
99.2	15.5	32.8	-124.7	
104.1	25.4	20.5	-132.1	
101.6	35.2	27.8	-80.4	
99.2	52.4	-1.7	-21.4	
84.4	32.8	13.1	-26.3	
52.4	22.9	42.6	-41.0	
10.6	45.1	72.1	-43.5	
-33.7	32.8	64.7	-65.6	
-73.0	22.9	54.9	-82.9	
-68.1	8.2	42.6	-117.3	
-36.1	32.8	30.3	-90.2	
-11.5	22.9	40.1	-141.9	
8.2	22.9	15.5	-134.5	
32.8	20.5	20.5	-85.3	
54.9	32.8	18.0	-119.8	
54.9	22.9	25.4	-112.4	
27.8	30.3	-6.6	-58.3	
5.7	27.8	-16.4	-43.5	
-1.7	35.2	-38.6	-85.3	
-16.4	52.4	-16.4	-63.2	
-23.8	64.7	-1.7	-23.8	
-6.6	45.1	3.2	8.2	
-16.4	37.7	-18.9	-28.7	
-16.4	35.2	-18.9	-53.3	
18.0	37.7	-23.8	-14.0	
30.3	45.1	-6.6	-31.2	
35.2	79.5	-16.4	-28.7	
40.1	77.0	-16.4	5.7	
40.1	59.8	-36.1	72.1	
27.8	54.9	-43.5	148.4	
3.2	77.0	-65.6	136.1	
5.7	69.7	-60.7	67.2	
32.8	52.4	-60.7	3.2	
57.4	52.4	-60.7	-95.2	
104.1	42.6	-80.4	-23.8	
111.5	62.3	-70.6	54.9	
104.1	57.4	-70.6	84.4	
86.9	52.4	-73.0	59.8	
64.7	54.9	-92.7	45.1	
18.0	64.7	-82.9	-28.7	
-31.2	59.8	-85.3	40.1	
-77.9	42.6	-92.7	113.9	
-23.8	59.8	-100.1	136.1	
5.7	54.9	-85.3	133.6	
-6.6	47.5	-90.2	111.5	
-36.1	47.5	-107.5	121.3	
-58.3	42.6	-102.5	42.6	
-70.6	42.6	-122.2	67.2	
-112.4	40.1	-132.1	-36.1	
-87.8	47.5	-141.9	-1.7	
-46.0	42.6	-154.2	62.3	
-41.0	52.4	-159.1	96.7	
-4.1	40.1	-169.0	153.3	
10.6	40.1	-171.4	261.5	
30.3	52.4	-166.5	244.3	
47.5	42.6	-151.7	264.0	
42.6	57.4	-119.8	94.3	
45.1	69.7	-112.4	91.8	
62.3	54.9	-97.6	126.2	
69.7	52.4	-58.3	50.0	
84.4	45.1	-68.1	-14.0	
84.4	30.3	-73.0	0.8	
59.8	20.5	-82.9	-48.4	
45.1	35.2	-90.2	3.2	
5.7	32.8	-70.6	-23.8	
-48.4	37.7	-53.3	5.7	
-82.9	27.8	-46.0	22.9	
-41.0	27.8	-43.5	101.6	
-9.1	37.7	-36.1	118.9	
13.1	42.6	-36.1	145.9	
18.0	45.1	-46.0	116.4	
30.3	54.9	-28.7	128.7	
22.9	37.7	-23.8	91.8	
15.5	35.2	-9.1	79.5	
37.7	18.0	5.7	47.5	
37.7	15.5	-4.1	91.8	
52.4	10.6	-1.7	197.6	
57.4	18.0	18.0	251.7	
54.9	37.7	10.6	84.4	
37.7	52.4	8.2	64.7	
45.1	45.1	13.1	-16.4	
32.8	64.7	42.6	-1.7	
37.7	72.1	40.1	202.5	
22.9	57.4	62.3	249.2	
37.7	67.2	77.0	182.8	
35.2	72.1	79.5	185.3	
5.7	37.7	86.9	138.5	
-14.0	22.9	69.7	168.1	
-36.1	82.0	72.1	173.0	
-43.5	82.0	74.6	160.7	
-33.7	57.4	82.0	202.5	
-11.5	42.6	77.0	200.0	
5.7	35.2	79.5	268.9	
10.6	40.1	101.6	291.1	
-18.9	47.5	77.0	227.1	
-23.8	45.1	62.3	141.0	
-28.7	18.0	74.6	47.5	
-11.5	18.0	82.0	-97.6	
-6.6	-18.9	67.2	-60.7	
-4.1	-4.1	77.0	-36.1	
8.2	13.1	57.4	13.1	
13.1	74.6	54.9	25.4	
25.4	96.7	37.7	42.6	
10.6	52.4	45.1	54.9	
30.3	13.1	22.9	67.2	
37.7	62.3	25.4	104.1	
22.9	52.4	42.6	96.7	
18.0	91.8	40.1	158.2	
25.4	116.4	40.1	209.9	
10.6	155.8	25.4	182.8	
5.7	121.3	8.2	138.5	
-18.9	54.9	-1.7	180.4	
-1.7	74.6	5.7	116.4	
15.5	13.1	13.1	-1.7	
30.3	-46.0	18.0	64.7	
52.4	-55.8	15.5	121.3	
45.1	-21.4	10.6	141.0	
35.2	30.3	-1.7	195.1	
22.9	-1.7	-11.5	20.5	
10.6	27.8	8.2	-50.9	
10.6	72.1	10.6	-18.9	
3.2	64.7	-6.6	10.6	
-16.4	72.1	-11.5	118.9	
-50.9	45.1	37.7	158.2	
-77.9	-6.6	10.6	77.0	
-48.4	-50.9	-4.1	-95.2	
-21.4	-6.6	-18.9	-77.9	
-1.7	5.7	37.7	-14.0	
0.8	25.4	32.8	-1.7	
10.6	3.2	20.5	-31.2	
8.2	22.9	40.1	32.8	
18.0	25.4	37.7	94.3	
30.3	37.7	40.1	145.9	
47.5	54.9	47.5	50.0	
72.1	42.6	64.7	89.3	
101.6	50.0	74.6	-26.3	
99.2	52.4	74.6	-38.6	
111.5	27.8	67.2	-38.6	
84.4	25.4	72.1	-46.0	
37.7	18.0	84.4	-4.1	
15.5	25.4	84.4	32.8	
-26.3	32.8	67.2	69.7	
-48.4	32.8	77.0	35.2	
-26.3	18.0	89.3	32.8	
0.8	54.9	99.2	18.0	
-11.5	52.4	109.0	86.9	
-33.7	30.3	96.7	219.7	
-21.4	42.6	104.1	165.6	
-4.1	59.8	89.3	59.8	
-28.7	64.7	77.0	59.8	
-75.5	62.3	91.8	104.1	
-75.5	47.5	91.8	126.2	
-36.1	25.4	94.3	175.4	
0.8	18.0	101.6	256.6	
40.1	35.2	91.8	190.2	
37.7	13.1	79.5	143.5	
67.2	10.6	79.5	185.3	
69.7	3.2	86.9	-33.7	
69.7	13.1	104.1	-11.5	
72.1	32.8	101.6	109.0	
52.4	45.1	96.7	111.5	
47.5	59.8	99.2	10.6	
8.2	35.2	99.2	-105.0	
-1.7	18.0	84.4	-95.2	
-31.2	20.5	74.6	-80.4	
-55.8	18.0	59.8	-1.7	
-63.2	0.8	47.5	5.7	
-14.0	-26.3	40.1	22.9	
22.9	-11.5	57.4	35.2	
54.9	-11.5	62.3	22.9	
74.6	20.5	84.4	20.5	
79.5	42.6	79.5	-60.7	
54.9	8.2	62.3	-1.7	
40.1	8.2	64.7	69.7	
57.4	47.5	77.0	131.2	
77.0	42.6	72.1	64.7	
91.8	10.6	72.1	-70.6	
64.7	10.6	69.7	-124.7	
35.2	20.5	69.7	-50.9	
15.5	30.3	67.2	-6.6	
-28.7	18.0	72.1	35.2	
-53.3	15.5	72.1	45.1	
-18.9	35.2	64.7	-4.1	
-16.4	67.2	72.1	-63.2	
-46.0	86.9	67.2	-85.3	
-43.5	79.5	77.0	-107.5	
-36.1	45.1	69.7	-109.9	
-28.7	25.4	67.2	-127.1	
-18.9	40.1	77.0	-134.5	
0.8	89.3	84.4	-132.1	
27.8	101.6	74.6	-97.6	
20.5	94.3	104.1	-65.6	
15.5	52.4	99.2	-68.1	
3.2	0.8	94.3	-85.3	
-11.5	-87.8	126.2	-50.9	
-18.9	-60.7	118.9	22.9	
-23.8	-9.1	126.2	133.6	
-6.6	-18.9	121.3	13.1	
3.2	-21.4	111.5	-146.8	
-11.5	-38.6	99.2	-242.8	
-48.4	-36.1	104.1	-245.2	
-46.0	-14.0	104.1	-97.6	
-21.4	25.4	113.9	-55.8	
25.4	59.8	116.4	-65.6	
42.6	74.6	106.6	-70.6	
35.2	62.3	99.2	-85.3	
22.9	79.5	99.2	3.2	
15.5	82.0	91.8	54.9	
8.2	101.6	101.6	-26.3	
-33.7	77.0	69.7	-151.7	
-28.7	50.0	69.7	-274.7	
-6.6	27.8	109.0	-228.0	
32.8	10.6	111.5	-109.9	
45.1	-4.1	106.6	-90.2	
37.7	-28.7	109.0	-68.1	
59.8	-31.2	99.2	-50.9	
54.9	0.8	77.0	-48.4	
52.4	22.9	62.3	-43.5	
54.9	62.3	79.5	-4.1	
57.4	77.0	54.9	-18.9	
20.5	45.1	67.2	5.7	
-38.6	-9.1	35.2	67.2	
-60.7	3.2	35.2	141.0	
-63.2	25.4	40.1	18.0	
-21.4	52.4	42.6	-122.2	
-9.1	35.2	37.7	-114.8	
-6.6	13.1	18.0	5.7	
10.6	0.8	40.1	22.9	
5.7	35.2	52.4	-36.1	
0.8	57.4	57.4	-73.0	
27.8	72.1	54.9	-11.5	
52.4	74.6	45.1	20.5	
69.7	32.8	42.6	45.1	
52.4	37.7	40.1	84.4	
30.3	32.8	35.2	111.5	
15.5	18.0	35.2	138.5	
3.2	-9.1	54.9	82.0	
-6.6	5.7	57.4	-105.0	
13.1	20.5	50.0	-154.2	
22.9	52.4	69.7	-109.9	
30.3	54.9	82.0	-58.3	
5.7	62.3	79.5	-23.8	
-1.7	52.4	106.6	-26.3	
-21.4	42.6	99.2	-16.4	
-14.0	30.3	77.0	-60.7	
-4.1	22.9	84.4	42.6	
27.8	25.4	77.0	45.1	
35.2	32.8	74.6	52.4	
37.7	18.0	79.5	27.8	
30.3	42.6	74.6	72.1	
40.1	30.3	82.0	18.0	
47.5	25.4	91.8	-132.1	
40.1	22.9	86.9	3.2	
52.4	30.3	86.9	-23.8	
42.6	35.2	82.0	13.1	
40.1	64.7	84.4	-55.8	
62.3	32.8	62.3	-38.6	
77.0	27.8	35.2	-43.5	
94.3	20.5	50.0	-33.7	
99.2	25.4	50.0	-36.1	
52.4	20.5	59.8	37.7	
-4.1	5.7	59.8	94.3	
-60.7	10.6	57.4	74.6	
-70.6	13.1	62.3	35.2	
-60.7	18.0	50.0	64.7	
-75.5	22.9	13.1	-21.4	
-58.3	32.8	5.7	-55.8	
-18.9	40.1	13.1	-90.2	
-16.4	50.0	20.5	22.9	
-14.0	52.4	13.1	72.1	
-9.1	69.7	0.8	50.0	
22.9	47.5	27.8	94.3	
27.8	35.2	42.6	126.2	
20.5	35.2	37.7	72.1	
-18.9	30.3	22.9	-112.4	
-41.0	25.4	32.8	35.2	
-23.8	37.7	22.9	27.8	
8.2	10.6	22.9	62.3	
13.1	8.2	13.1	20.5	
8.2	5.7	5.7	3.2	
13.1	22.9	-4.1	-129.6	
18.0	45.1	-1.7	10.6	
22.9	40.1	-4.1	126.2	
37.7	25.4	13.1	141.0	
54.9	22.9	5.7	-4.1	
62.3	32.8	-9.1	18.0	
64.7	37.7	-11.5	-16.4	
50.0	35.2	-9.1	-21.4	
45.1	37.7	-1.7	-70.6	
45.1	35.2	0.8	-28.7	
40.1	22.9	5.7	25.4	
18.0	27.8	-11.5	35.2	
5.7	27.8	-23.8	101.6	
3.2	15.5	-18.9	89.3	
-16.4	15.5	-9.1	-41.0	
-38.6	22.9	8.2	-109.9	
-31.2	27.8	-4.1	-132.1	
18.0	30.3	-21.4	-90.2	
27.8	40.1	-41.0	40.1	
30.3	32.8	-28.7	101.6	
22.9	45.1	-33.7	86.9	
35.2	42.6	-18.9	54.9	
25.4	64.7	-23.8	64.7	
-31.2	59.8	-14.0	69.7	
-100.1	37.7	0.8	42.6	
-95.2	20.5	-16.4	-26.3	
-58.3	40.1	-9.1	-82.9	
-11.5	40.1	5.7	-60.7	
22.9	30.3	-11.5	8.2	
37.7	27.8	-9.1	47.5	
42.6	37.7	0.8	109.0	
59.8	42.6	22.9	209.9	
50.0	32.8	-4.1	224.6	
40.1	45.1	-6.6	192.7	
62.3	47.5	-63.2	-82.9	
67.2	32.8	-100.1	-139.4	
35.2	30.3	-92.7	-70.6	
-4.1	42.6	-77.9	-21.4	
-9.1	96.7	-36.1	-4.1	
-1.7	69.7	-6.6	77.0	
22.9	20.5	-1.7	94.3	
40.1	27.8	-4.1	91.8	
13.1	47.5	-6.6	86.9	
-9.1	27.8	-16.4	79.5	
0.8	37.7	-31.2	91.8	
-31.2	50.0	-38.6	84.4	
-26.3	42.6	-58.3	138.5	
-28.7	37.7	-77.9	118.9	
-28.7	42.6	-65.6	57.4	
0.8	35.2	-68.1	18.0	
15.5	32.8	-23.8	54.9	
22.9	47.5	20.5	170.5	
10.6	57.4	20.5	136.1	
-6.6	72.1	5.7	96.7	
3.2	42.6	-18.9	170.5	
15.5	27.8	-4.1	195.1	
35.2	25.4	-23.8	104.1	
32.8	84.4	-14.0	72.1	
32.8	69.7	3.2	99.2	
45.1	52.4	-1.7	170.5	
54.9	22.9	-11.5	256.6	
57.4	-14.0	-26.3	268.9	
54.9	-23.8	-23.8	207.4	
22.9	-9.1	-18.9	177.9	
5.7	64.7	-14.0	138.5	
-33.7	74.6	3.2	126.2	
-11.5	25.4	25.4	212.3	
-9.1	-16.4	45.1	15.5	
-16.4	8.2	40.1	-4.1	
-16.4	18.0	47.5	-117.3	
-31.2	15.5	57.4	-215.7	
-31.2	40.1	57.4	5.7	
-16.4	25.4	50.0	232.0	
8.2	13.1	30.3	251.7	
5.7	8.2	3.2	-31.2	
3.2	32.8	-18.9	-28.7	
18.0	45.1	13.1	116.4	
25.4	32.8	47.5	131.2	
30.3	40.1	59.8	84.4	
32.8	32.8	40.1	50.0	
25.4	27.8	40.1	82.0	
30.3	25.4	30.3	77.0	
35.2	32.8	15.5	91.8	
32.8	32.8	-28.7	67.2	
42.6	37.7	-1.7	84.4	
37.7	32.8	30.3	148.4	
32.8	35.2	52.4	200.0	
30.3	18.0	35.2	222.2	
35.2	32.8	52.4	35.2	
40.1	30.3	42.6	-16.4	
40.1	35.2	8.2	-129.6	
37.7	35.2	15.5	-50.9	
32.8	32.8	25.4	35.2	
45.1	20.5	8.2	118.9	
45.1	37.7	20.5	126.2	
37.7	42.6	13.1	138.5	
47.5	52.4	18.0	-16.4	
30.3	35.2	15.5	-75.5	
15.5	47.5	-11.5	-23.8	
8.2	25.4	5.7	-6.6	
-1.7	45.1	18.0	15.5	
-6.6	32.8	-9.1	59.8	
-23.8	32.8	30.3	-77.9	
-36.1	30.3	20.5	-193.6	
-33.7	30.3	-14.0	-240.3	
-43.5	30.3	3.2	-141.9	
-46.0	30.3	0.8	-23.8	
-46.0	30.3	18.0	-36.1	
-9.1	37.7	45.1	-36.1	
15.5	30.3	45.1	18.0	
27.8	30.3	62.3	3.2	
15.5	27.8	52.4	-21.4	
-4.1	27.8	50.0	15.5	
-18.9	25.4	37.7	32.8	
-1.7	22.9	47.5	45.1	
0.8	10.6	42.6	37.7	
-23.8	27.8	50.0	-18.9	
-18.9	45.1	50.0	79.5	
5.7	35.2	74.6	94.3	
72.1	32.8	69.7	37.7	
106.6	32.8	62.3	-166.5	
123.8	35.2	40.1	-186.2	
113.9	27.8	25.4	-159.1	
91.8	22.9	35.2	-73.0	
82.0	37.7	37.7	15.5	
45.1	37.7	18.0	109.0	
-36.1	40.1	15.5	54.9	
-60.7	18.0	32.8	-77.9	
-82.9	54.9	3.2	-119.8	
-112.4	30.3	8.2	-28.7	
-77.9	35.2	62.3	-9.1	
-68.1	37.7	72.1	-21.4	
-43.5	54.9	52.4	54.9	
-31.2	27.8	37.7	57.4	
-38.6	35.2	45.1	54.9	
-16.4	45.1	50.0	79.5	
0.8	47.5	45.1	148.4	
-36.1	72.1	50.0	170.5	
-31.2	64.7	27.8	64.7	
13.1	62.3	25.4	-46.0	
72.1	59.8	27.8	89.3	
111.5	59.8	25.4	101.6	
118.9	54.9	15.5	126.2	
104.1	52.4	32.8	182.8	
99.2	22.9	52.4	27.8	
50.0	-21.4	59.8	-6.6	
10.6	-23.8	57.4	32.8	
-75.5	15.5	59.8	106.6	
-87.8	20.5	25.4	118.9	
-48.4	15.5	3.2	177.9	
-31.2	0.8	-28.7	82.0	
-11.5	-4.1	-4.1	77.0	
20.5	18.0	15.5	96.7	
54.9	27.8	30.3	84.4	
64.7	50.0	42.6	116.4	
54.9	62.3	69.7	123.8	
15.5	13.1	52.4	182.8	
-6.6	-4.1	45.1	57.4	
-53.3	37.7	82.0	57.4	
-50.9	30.3	52.4	45.1	
-46.0	37.7	47.5	5.7	
-48.4	37.7	50.0	3.2	
-31.2	50.0	52.4	47.5	
-16.4	40.1	74.6	96.7	
30.3	27.8	69.7	136.1	
37.7	64.7	79.5	67.2	
32.8	27.8	52.4	3.2	
32.8	8.2	15.5	32.8	
42.6	5.7	32.8	0.8	
54.9	22.9	62.3	30.3	
77.0	72.1	77.0	-9.1	
79.5	47.5	91.8	239.4	
59.8	84.4	82.0	57.4	
59.8	109.0	52.4	-292.0	
67.2	86.9	35.2	-166.5	
52.4	111.5	3.2	32.8	
32.8	116.4	30.3	133.6	
-11.5	106.6	40.1	160.7	
-50.9	96.7	40.1	72.1	
-80.4	18.0	62.3	35.2	
-63.2	-95.2	50.0	-33.7	
-38.6	-63.2	25.4	-6.6	
-16.4	-33.7	15.5	20.5	
-6.6	-55.8	27.8	-6.6	
0.8	-23.8	27.8	-75.5	
10.6	18.0	18.0	99.2	
5.7	35.2	3.2	173.0	
18.0	64.7	-14.0	190.2	
27.8	45.1	-16.4	69.7	
32.8	15.5	-18.9	3.2	
42.6	-21.4	-14.0	-95.2	
42.6	-31.2	-31.2	32.8	
54.9	-9.1	0.8	-203.4	
37.7	-6.6	20.5	-161.6	
57.4	13.1	18.0	25.4	
59.8	15.5	3.2	37.7	
35.2	27.8	-26.3	-112.4	
10.6	18.0	-1.7	-210.8	
-11.5	8.2	-23.8	-73.0	
-6.6	8.2	-4.1	-16.4	
15.5	18.0	-1.7	-70.6	
42.6	20.5	-6.6	0.8	
45.1	22.9	-14.0	-41.0	
40.1	22.9	-16.4	-33.7	
25.4	0.8	-1.7	-14.0	
15.5	-14.0	-9.1	15.5	
0.8	5.7	-1.7	84.4	
-23.8	-11.5	-6.6	25.4	
-28.7	-21.4	5.7	52.4	
-18.9	-14.0	15.5	-9.1	
-1.7	-18.9	13.1	-31.2	
18.0	37.7	-14.0	-38.6	
40.1	67.2	5.7	-16.4	
52.4	64.7	25.4	-16.4	
52.4	35.2	18.0	-97.6	
47.5	82.0	13.1	-117.3	
52.4	82.0	22.9	-21.4	
47.5	84.4	27.8	160.7	
35.2	67.2	13.1	-92.7	
40.1	47.5	20.5	13.1	
30.3	13.1	18.0	-75.5	
45.1	20.5	27.8	-166.5	
50.0	57.4	45.1	-134.5	
20.5	37.7	37.7	-105.0	
-1.7	10.6	20.5	-63.2	
-4.1	22.9	15.5	-9.1	
-21.4	30.3	25.4	-18.9	
-28.7	30.3	72.1	40.1	
-41.0	35.2	109.0	-4.1	
-23.8	54.9	113.9	-41.0	
-16.4	59.8	109.0	-1.7	
-11.5	82.0	96.7	91.8	
-14.0	25.4	84.4	69.7	
-18.9	50.0	99.2	-80.4	
-16.4	47.5	67.2	-80.4	
-11.5	20.5	10.6	32.8	
-4.1	-11.5	-6.6	123.8	
37.7	-1.7	-4.1	57.4	
62.3	-14.0	42.6	-43.5	
57.4	-23.8	79.5	-21.4	
35.2	3.2	84.4	18.0	
15.5	25.4	59.8	15.5	
3.2	32.8	45.1	25.4	
15.5	20.5	54.9	3.2	
35.2	22.9	35.2	-38.6	
15.5	42.6	8.2	25.4	
-18.9	20.5	18.0	22.9	
-55.8	32.8	32.8	5.7	
-36.1	30.3	47.5	148.4	
-9.1	91.8	64.7	-6.6	
-21.4	113.9	84.4	-28.7	
-6.6	89.3	74.6	79.5	
5.7	18.0	86.9	104.1	
-6.6	-33.7	79.5	77.0	
-1.7	-16.4	72.1	123.8	
-6.6	8.2	59.8	82.0	
-11.5	35.2	57.4	126.2	
-1.7	35.2	47.5	104.1	
25.4	27.8	42.6	217.3	
50.0	27.8	30.3	141.0	
45.1	40.1	45.1	91.8	
13.1	52.4	20.5	84.4	
20.5	86.9	3.2	249.2	
-11.5	116.4	-16.4	155.8	
-50.9	99.2	-23.8	42.6	
-63.2	67.2	-6.6	25.4	
-70.6	101.6	42.6	-16.4	
-53.3	99.2	89.3	96.7	
-33.7	35.2	123.8	160.7	
-16.4	-46.0	109.0	116.4	
3.2	-16.4	89.3	-4.1	
22.9	-26.3	67.2	35.2	
22.9	-4.1	50.0	52.4	
35.2	0.8	40.1	69.7	
50.0	-11.5	35.2	118.9	
45.1	-21.4	52.4	173.0	
30.3	-9.1	52.4	197.6	
52.4	-16.4	47.5	25.4	
59.8	5.7	45.1	20.5	
86.9	5.7	67.2	-107.5	
109.0	-6.6	74.6	-60.7	
126.2	-11.5	62.3	-215.7	
101.6	-4.1	74.6	-299.3	
67.2	22.9	64.7	109.0	
40.1	54.9	32.8	138.5	
-14.0	45.1	52.4	106.6	
-55.8	40.1	79.5	0.8	
-63.2	69.7	84.4	-4.1	
-80.4	111.5	84.4	50.0	
-50.9	101.6	82.0	45.1	
-33.7	72.1	91.8	40.1	
-14.0	40.1	101.6	10.6	
45.1	-6.6	104.1	15.5	
57.4	-28.7	96.7	13.1	
45.1	-4.1	106.6	42.6	
5.7	54.9	106.6	136.1	
-28.7	52.4	111.5	30.3	
-75.5	10.6	111.5	-87.8	
-82.9	50.0	106.6	-242.8	
-60.7	118.9	101.6	-208.3	
-28.7	133.6	111.5	69.7	
5.7	62.3	118.9	113.9	
-14.0	-31.2	101.6	-82.9	
20.5	-95.2	99.2	-341.2	
52.4	-31.2	101.6	-306.7	
57.4	0.8	121.3	-225.5	
35.2	0.8	89.3	-50.9	
-4.1	18.0	82.0	-105.0	
-41.0	45.1	91.8	10.6	
-41.0	-23.8	101.6	-50.9	
-26.3	-6.6	109.0	-178.8	
-6.6	40.1	106.6	-269.8	
-6.6	40.1	133.6	-203.4	
-1.7	32.8	123.8	-215.7	
27.8	37.7	128.7	-220.6	
37.7	42.6	175.4	-191.1	
37.7	50.0	185.3	-186.2	
42.6	52.4	170.5	-156.7	
50.0	22.9	148.4	-141.9	
52.4	-43.5	123.8	-134.5	
50.0	-14.0	126.2	-107.5	
62.3	15.5	138.5	-41.0	
67.2	22.9	118.9	-90.2	
84.4	13.1	123.8	-73.0	
86.9	32.8	96.7	-109.9	
77.0	25.4	77.0	-164.0	
74.6	5.7	79.5	-102.5	
57.4	13.1	86.9	-159.1	
42.6	42.6	72.1	-134.5	
-6.6	37.7	91.8	-220.6	
-58.3	37.7	116.4	-134.5	
-68.1	37.7	150.8	-73.0	
-65.6	45.1	138.5	-144.4	
-60.7	45.1	136.1	-127.1	
-53.3	50.0	133.6	-80.4	
-6.6	47.5	113.9	-6.6	
32.8	57.4	113.9	-16.4	
89.3	57.4	111.5	-38.6	
113.9	35.2	113.9	-65.6	
131.2	5.7	94.3	8.2	
150.8	22.9	116.4	50.0	
143.5	69.7	131.2	57.4	
96.7	82.0	165.6	123.8	
30.3	72.1	155.8	148.4	
0.8	22.9	150.8	148.4	
-1.7	-36.1	148.4	79.5	
-38.6	10.6	136.1	-6.6	
-31.2	59.8	143.5	-4.1	
-16.4	35.2	148.4	25.4	
-28.7	25.4	121.3	0.8	
-60.7	54.9	118.9	59.8	
-63.2	59.8	121.3	67.2	
-68.1	27.8	136.1	84.4	
-65.6	30.3	163.1	77.0	
-82.9	20.5	165.6	106.6	
-92.7	10.6	153.3	141.0	
-82.9	32.8	136.1	136.1	
-16.4	47.5	136.1	175.4	
37.7	37.7	118.9	241.9	
74.6	79.5	104.1	244.3	
153.3	94.3	106.6	155.8	
192.7	82.0	77.0	-16.4	
180.4	67.2	52.4	57.4	
153.3	69.7	57.4	96.7	
96.7	37.7	91.8	84.4	
20.5	10.6	111.5	126.2	
-53.3	8.2	82.0	158.2	
-144.4	-6.6	59.8	205.0	
-191.1	10.6	52.4	249.2	
-149.3	-9.1	22.9	249.2	
-60.7	-26.3	13.1	227.1	
-28.7	13.1	8.2	64.7	
-9.1	45.1	-4.1	79.5	
25.4	84.4	-6.6	155.8	
42.6	96.7	-38.6	101.6	
32.8	59.8	-28.7	35.2	
-14.0	86.9	-23.8	101.6	
-31.2	84.4	-28.7	54.9	
-23.8	82.0	5.7	5.7	
15.5	45.1	-6.6	45.1	
40.1	37.7	-1.7	82.0	
57.4	50.0	-4.1	82.0	
82.0	35.2	-14.0	89.3	
79.5	8.2	-18.9	40.1	
32.8	15.5	-16.4	22.9	
-21.4	35.2	-41.0	32.8	
-87.8	57.4	-50.9	113.9	
-63.2	54.9	-58.3	30.3	
-65.6	101.6	-70.6	-43.5	
-18.9	116.4	-73.0	-46.0	
52.4	96.7	-77.9	18.0	
67.2	-33.7	-70.6	5.7	
79.5	-16.4	-58.3	50.0	
69.7	10.6	-50.9	45.1	
72.1	-50.9	-55.8	-4.1	
47.5	-46.0	-48.4	-60.7	
-14.0	13.1	-46.0	-43.5	
-53.3	37.7	-65.6	-122.2	
-68.1	25.4	-68.1	-124.7	
-46.0	15.5	-80.4	-107.5	
0.8	22.9	-70.6	-105.0	
0.8	32.8	-82.9	-137.0	
-11.5	22.9	-87.8	-48.4	
-9.1	18.0	-63.2	-1.7	
3.2	25.4	-77.9	-82.9	
5.7	91.8	-80.4	-166.5	
30.3	104.1	-60.7	-95.2	
8.2	84.4	-60.7	-77.9	
32.8	136.1	-60.7	-127.1	
37.7	177.9	-48.4	-191.1	
25.4	153.3	-58.3	-164.0	
20.5	96.7	-63.2	-90.2	
37.7	-16.4	-65.6	-63.2	
37.7	-63.2	-55.8	-43.5	
59.8	-48.4	-41.0	-50.9	
40.1	-50.9	-58.3	-144.4	
25.4	-68.1	-60.7	-188.6	
54.9	-50.9	-50.9	-186.2	
67.2	-53.3	-53.3	-173.9	
64.7	-16.4	-73.0	-87.8	
52.4	-9.1	-63.2	-80.4	
40.1	-4.1	-58.3	-95.2	
42.6	10.6	-55.8	-48.4	
32.8	5.7	-77.9	-43.5	
30.3	3.2	-63.2	-105.0	
-26.3	-4.1	-58.3	-55.8	
-53.3	-9.1	-21.4	-55.8	
-36.1	-6.6	-18.9	-55.8	
-14.0	-4.1	-4.1	-23.8	
8.2	0.8	0.8	-18.9	
25.4	5.7	-9.1	-77.9	
52.4	5.7	-6.6	-41.0	
47.5	-1.7	-26.3	25.4	
47.5	-6.6	0.8	-6.6	
42.6	13.1	22.9	-4.1	
8.2	18.0	30.3	45.1	
5.7	30.3	32.8	148.4	
5.7	35.2	52.4	54.9	
0.8	59.8	52.4	32.8	
-9.1	30.3	72.1	-4.1	
-14.0	22.9	62.3	82.0	
-4.1	27.8	50.0	99.2	
3.2	27.8	62.3	77.0	
-4.1	25.4	94.3	20.5	
0.8	20.5	86.9	-21.4	
0.8	27.8	101.6	35.2	
-6.6	27.8	96.7	67.2	
18.0	25.4	84.4	89.3	
22.9	37.7	99.2	69.7	
18.0	47.5	86.9	3.2	
27.8	37.7	84.4	79.5	
22.9	45.1	82.0	131.2	
30.3	32.8	82.0	143.5	
25.4	47.5	86.9	45.1	
27.8	47.5	84.4	-14.0	
18.0	42.6	96.7	-92.7	
15.5	54.9	113.9	-75.5	
22.9	57.4	106.6	30.3	
20.5	59.8	99.2	207.4	
20.5	54.9	86.9	239.4	
18.0	47.5	59.8	101.6	
18.0	30.3	52.4	-161.6	
13.1	32.8	67.2	-134.5	
25.4	30.3	57.4	-203.4	
22.9	47.5	37.7	-205.9	
20.5	40.1	27.8	-159.1	
27.8	54.9	10.6	-50.9	
15.5	57.4	-18.9	-4.1	
20.5	52.4	-46.0	-41.0	
30.3	67.2	-65.6	-82.9	
32.8	72.1	-46.0	-102.5	
37.7	45.1	-55.8	-95.2	
50.0	50.0	-53.3	-144.4	
25.4	64.7	-43.5	-92.7	
40.1	54.9	-55.8	-105.0	
57.4	30.3	-46.0	-87.8	
72.1	37.7	-65.6	-92.7	
54.9	57.4	-65.6	-77.9	
37.7	64.7	-80.4	-26.3	
5.7	52.4	-75.5	-38.6	
3.2	18.0	-90.2	-102.5	
-4.1	30.3	-85.3	-171.4	
-9.1	40.1	-82.9	-267.4	
-6.6	47.5	-90.2	-161.6	
-21.4	45.1	-95.2	-193.6	
-21.4	50.0	-102.5	-309.2	
-16.4	67.2	-107.5	-245.2	
-4.1	32.8	-119.8	-183.7	
20.5	42.6	-127.1	-169.0	
37.7	57.4	-95.2	-161.6	
50.0	62.3	-100.1	-151.7	
64.7	22.9	-100.1	-132.1	
94.3	3.2	-109.9	-92.7	
82.0	15.5	-124.7	-146.8	
79.5	25.4	-109.9	-154.2	
54.9	13.1	-119.8	-132.1	
35.2	-1.7	-102.5	-124.7	
47.5	-4.1	-92.7	-132.1	
77.0	8.2	-82.9	-129.6	
89.3	-1.7	-75.5	-144.4	
99.2	-9.1	-90.2	-235.4	
82.0	32.8	-97.6	-287.0	
62.3	40.1	-80.4	-370.7	
27.8	54.9	-82.9	-370.7	
-46.0	57.4	-80.4	-247.7	
-102.5	35.2	-68.1	-210.8	
-122.2	42.6	-58.3	-218.2	
-90.2	10.6	-58.3	-183.7	
-82.9	30.3	-70.6	-132.1	
-82.9	25.4	-77.9	-132.1	
-117.3	22.9	-85.3	-95.2	
-134.5	-18.9	-87.8	-129.6	
-122.2	22.9	-82.9	-141.9	
-68.1	25.4	-82.9	-144.4	
-36.1	42.6	-77.9	-75.5	
-11.5	67.2	-80.4	-73.0	
20.5	59.8	-70.6	-36.1	
25.4	32.8	-53.3	13.1	
20.5	45.1	-53.3	37.7	
40.1	50.0	-36.1	22.9	
37.7	62.3	-28.7	22.9	
27.8	99.2	-28.7	67.2	
10.6	94.3	-38.6	101.6	
-14.0	57.4	-38.6	99.2	
-4.1	32.8	-53.3	104.1	
18.0	15.5	-41.0	57.4	
27.8	40.1	-31.2	3.2	
32.8	35.2	-38.6	8.2	
35.2	27.8	-28.7	131.2	
22.9	5.7	-14.0	222.2	
22.9	5.7	-28.7	96.7	
32.8	25.4	-48.4	57.4	
30.3	40.1	-50.9	-21.4	
30.3	3.2	-33.7	18.0	
18.0	-1.7	-21.4	-53.3	
10.6	-21.4	8.2	-21.4	
0.8	8.2	-4.1	-77.9	
25.4	10.6	-21.4	-141.9	
32.8	-1.7	-11.5	-112.4	
27.8	3.2	-14.0	-90.2	
32.8	32.8	-23.8	-36.1	
35.2	27.8	-28.7	3.2	
45.1	32.8	-38.6	25.4	
30.3	25.4	-23.8	-16.4	
37.7	8.2	-41.0	-46.0	
27.8	18.0	-26.3	-82.9	
32.8	0.8	-23.8	-90.2	
22.9	-14.0	-46.0	-9.1	
18.0	0.8	-63.2	-4.1	
22.9	8.2	-73.0	50.0	
18.0	-23.8	-68.1	-6.6	
18.0	47.5	-68.1	-105.0	
32.8	62.3	-60.7	-112.4	
37.7	50.0	-68.1	-137.0	
37.7	15.5	-77.9	-73.0	
42.6	42.6	-63.2	-50.9	
42.6	45.1	-87.8	-53.3	
27.8	40.1	-85.3	-58.3	
18.0	45.1	-70.6	-38.6	
30.3	45.1	-68.1	-26.3	
18.0	40.1	-58.3	-55.8	
25.4	27.8	-55.8	-9.1	
27.8	18.0	-80.4	-33.7	
30.3	25.4	-97.6	27.8	
45.1	13.1	-139.4	111.5	
42.6	0.8	-186.2	128.7	
27.8	22.9	-193.6	-1.7	
25.4	20.5	-154.2	37.7	
52.4	-1.7	-141.9	35.2	
62.3	18.0	-92.7	-11.5	
52.4	35.2	-70.6	52.4	
35.2	32.8	-92.7	18.0	
3.2	35.2	-127.1	3.2	
-9.1	52.4	-151.7	-1.7	
25.4	59.8	-169.0	-36.1	
30.3	57.4	-171.4	35.2	
18.0	72.1	-144.4	18.0	
18.0	52.4	-144.4	25.4	
22.9	32.8	-151.7	25.4	
35.2	35.2	-166.5	20.5	
35.2	37.7	-183.7	-46.0	
62.3	45.1	-178.8	-18.9	
74.6	22.9	-176.3	-1.7	
82.0	15.5	-161.6	-4.1	
79.5	18.0	-171.4	22.9	
67.2	30.3	-193.6	22.9	
35.2	22.9	-196.0	10.6	
-31.2	32.8	-188.6	35.2	
-87.8	30.3	-181.3	45.1	
-77.9	10.6	-196.0	25.4	
-68.1	-50.9	-166.5	69.7	
-63.2	42.6	-161.6	69.7	
-70.6	77.0	-164.0	77.0	
-26.3	18.0	-154.2	109.0	
3.2	35.2	-149.3	150.8	
25.4	54.9	-124.7	195.1	
20.5	74.6	-134.5	224.6	
20.5	67.2	-139.4	190.2	
32.8	82.0	-127.1	177.9	
47.5	42.6	-117.3	224.6	
54.9	84.4	-109.9	256.6	
27.8	106.6	-85.3	305.8	
25.4	67.2	-75.5	355.0	
15.5	62.3	-65.6	352.6	
-28.7	54.9	-68.1	362.4	
-75.5	57.4	-63.2	337.8	
-53.3	59.8	-53.3	288.6	
-36.1	40.1	-33.7	332.9	
-43.5	42.6	-28.7	254.2	
-41.0	0.8	-31.2	273.8	
-9.1	10.6	-33.7	328.0	
22.9	22.9	-31.2	187.7	
8.2	40.1	-9.1	155.8	
3.2	40.1	8.2	150.8	
8.2	40.1	15.5	158.2	
-14.0	22.9	35.2	126.2	
-4.1	30.3	32.8	106.6	
25.4	64.7	45.1	131.2	
37.7	37.7	45.1	155.8	
8.2	10.6	62.3	180.4	
-21.4	-14.0	84.4	116.4	
-9.1	37.7	79.5	109.0	
-4.1	79.5	94.3	-18.9	
-6.6	91.8	109.0	-38.6	
-16.4	67.2	101.6	-58.3	
-33.7	57.4	113.9	-16.4	
-28.7	84.4	138.5	42.6	
-4.1	96.7	141.0	111.5	
3.2	37.7	133.6	163.1	
3.2	5.7	136.1	232.0	
10.6	-4.1	158.2	296.0	
5.7	18.0	155.8	310.7	
10.6	-14.0	165.6	264.0	
18.0	-33.7	168.1	111.5	
22.9	-11.5	163.1	170.5	
30.3	13.1	192.7	187.7	
37.7	25.4	192.7	121.3	
32.8	40.1	192.7	-16.4	
25.4	40.1	200.0	-107.5	
40.1	22.9	209.9	-80.4	
45.1	18.0	209.9	-21.4	
37.7	35.2	222.2	20.5	
35.2	40.1	227.1	3.2	
35.2	5.7	219.7	37.7	
32.8	25.4	217.3	59.8	
22.9	37.7	209.9	89.3	
20.5	59.8	195.1	5.7	
18.0	32.8	195.1	37.7	
20.5	22.9	185.3	99.2	
25.4	3.2	190.2	94.3	
22.9	40.1	185.3	101.6	
22.9	37.7	185.3	40.1	
25.4	20.5	173.0	0.8	
20.5	20.5	158.2	20.5	
32.8	42.6	153.3	35.2	
32.8	42.6	128.7	20.5	
27.8	45.1	113.9	8.2	
32.8	50.0	106.6	-9.1	
20.5	47.5	106.6	5.7	
37.7	40.1	84.4	-11.5	
20.5	22.9	72.1	-26.3	
27.8	40.1	72.1	-23.8	
25.4	22.9	54.9	-46.0	
18.0	8.2	45.1	-28.7	
22.9	5.7	35.2	-23.8	
25.4	20.5	13.1	-41.0	
27.8	30.3	30.3	-31.2	
30.3	27.8	5.7	-11.5	
20.5	59.8	5.7	-31.2	
37.7	59.8	-16.4	-38.6	
40.1	50.0	-26.3	-4.1	
25.4	37.7	-46.0	-21.4	
32.8	25.4	-63.2	-23.8	
45.1	32.8	-55.8	-18.9	
54.9	59.8	-60.7	-23.8	
47.5	52.4	-80.4	-23.8	
67.2	45.1	-102.5	-14.0	
89.3	40.1	-112.4	-21.4	
106.6	30.3	-107.5	-18.9	
86.9	18.0	-105.0	-31.2	
96.7	35.2	-117.3	-23.8	
111.5	13.1	-129.6	-26.3	
86.9	18.0	-122.2	-21.4	
50.0	47.5	-124.7	-14.0	
5.7	54.9	-127.1	-11.5	
18.0	45.1	-122.2	-6.6	
32.8	5.7	-122.2	3.2	
13.1	5.7	-132.1	18.0	
-16.4	18.0	-139.4	20.5	
-38.6	27.8	-137.0	30.3	
-31.2	50.0	-161.6	45.1	
-16.4	52.4	-176.3	22.9	
-43.5	62.3	-149.3	25.4	
-58.3	77.0	-161.6	57.4	
-68.1	62.3	-146.8	54.9	
-33.7	52.4	-134.5	42.6	
5.7	50.0	-134.5	32.8	
0.8	57.4	-114.8	35.2	
-36.1	42.6	-117.3	45.1	
-46.0	35.2	-114.8	72.1	
-36.1	37.7	-122.2	94.3	
-31.2	37.7	-109.9	106.6	
-16.4	37.7	-107.5	141.0	
-16.4	54.9	-87.8	109.0	
-31.2	62.3	-85.3	50.0	
8.2	45.1	-75.5	113.9	
-26.3	52.4	-60.7	155.8	
-73.0	72.1	-50.9	123.8	
-114.8	57.4	-33.7	205.0	
-164.0	59.8	-26.3	133.6	
-139.4	47.5	-26.3	168.1	
-65.6	-11.5	-18.9	180.4	
-18.9	-26.3	-28.7	163.1	
8.2	5.7	-14.0	197.6	
22.9	3.2	5.7	219.7	
25.4	10.6	5.7	251.7	
18.0	25.4	25.4	256.6	
42.6	54.9	42.6	256.6	
54.9	84.4	45.1	303.4	
52.4	84.4	62.3	364.9	
54.9	69.7	64.7	451.0	
72.1	77.0	64.7	451.0	
57.4	72.1	67.2	372.2	
50.0	57.4	62.3	372.2	
52.4	50.0	69.7	382.1	
45.1	62.3	86.9	364.9	
32.8	30.3	91.8	323.0	
18.0	50.0	94.3	372.2	
-1.7	40.1	84.4	266.5	
-9.1	47.5	94.3	205.0	
-1.7	42.6	96.7	264.0	
25.4	69.7	91.8	288.6	
20.5	64.7	99.2	291.1	
27.8	91.8	72.1	214.8	
22.9	104.1	91.8	177.9	
45.1	116.4	89.3	89.3	
32.8	104.1	86.9	59.8	
35.2	96.7	91.8	-46.0	
32.8	35.2	79.5	-23.8	
22.9	-58.3	86.9	-55.8	
25.4	-65.6	84.4	-50.9	
32.8	5.7	86.9	-77.9	
35.2	27.8	86.9	-112.4	
27.8	-33.7	89.3	-87.8	
30.3	15.5	84.4	-65.6	
25.4	8.2	91.8	-95.2	
15.5	10.6	91.8	-129.6	
25.4	5.7	89.3	-156.7	
15.5	-6.6	89.3	-200.9	
18.0	-1.7	79.5	-90.2	
30.3	0.8	79.5	-55.8	
20.5	13.1	72.1	-100.1	
32.8	25.4	77.0	-122.2	
22.9	30.3	72.1	-33.7	
35.2	47.5	82.0	-109.9	
30.3	54.9	67.2	-127.1	
35.2	77.0	74.6	-129.6	
42.6	82.0	69.7	-68.1	
47.5	118.9	62.3	-41.0	
47.5	91.8	64.7	-36.1	
54.9	45.1	72.1	-26.3	
52.4	5.7	57.4	-21.4	
62.3	-14.0	54.9	-18.9	
52.4	5.7	72.1	-14.0	
54.9	30.3	57.4	-21.4	
40.1	50.0	57.4	-16.4	
40.1	45.1	67.2	-6.6	
18.0	35.2	67.2	-14.0	
30.3	32.8	67.2	-16.4	
10.6	32.8	62.3	13.1	
15.5	27.8	62.3	-9.1	
20.5	32.8	72.1	-26.3	
22.9	45.1	77.0	-28.7	
3.2	64.7	62.3	-18.9	
-4.1	57.4	62.3	-9.1	
15.5	5.7	59.8	-41.0	
5.7	3.2	69.7	-36.1	
-31.2	18.0	69.7	-33.7	
-28.7	32.8	59.8	-38.6	
-36.1	37.7	40.1	-53.3	
-21.4	35.2	40.1	-60.7	
-14.0	30.3	47.5	-46.0	
-28.7	30.3	42.6	-55.8	
13.1	32.8	52.4	-53.3	
35.2	37.7	42.6	-55.8	
45.1	45.1	35.2	-48.4	
64.7	47.5	50.0	-58.3	
69.7	50.0	25.4	-43.5	
94.3	52.4	20.5	-55.8	
72.1	57.4	18.0	-50.9	
15.5	42.6	15.5	-53.3	
30.3	18.0	8.2	-63.2	
13.1	42.6	3.2	-68.1	
0.8	40.1	-14.0	-55.8	
-6.6	37.7	-9.1	-60.7	
-21.4	42.6	-26.3	-48.4	
-31.2	50.0	-28.7	-41.0	
-41.0	42.6	-36.1	-43.5	
-26.3	37.7	-43.5	-28.7	
-21.4	50.0	-48.4	-43.5	
-38.6	42.6	-48.4	-28.7	
15.5	30.3	-48.4	-28.7	
8.2	35.2	-48.4	-21.4	
-1.7	15.5	-53.3	0.8	
-4.1	35.2	-53.3	22.9	
0.8	59.8	-48.4	13.1	
18.0	52.4	-55.8	-6.6	
20.5	45.1	-60.7	0.8	
-18.9	57.4	-70.6	22.9	
-43.5	54.9	-63.2	45.1	
-31.2	42.6	-63.2	3.2	
-14.0	35.2	-55.8	-6.6	
62.3	54.9	-65.6	-1.7	
84.4	45.1	-70.6	8.2	
96.7	42.6	-58.3	45.1	
69.7	59.8	-63.2	79.5	
27.8	86.9	-68.1	84.4	
3.2	67.2	-53.3	106.6	
-18.9	47.5	-50.9	96.7	
-41.0	47.5	-48.4	32.8	
-53.3	42.6	-58.3	22.9	
-60.7	32.8	-46.0	62.3	
-105.0	45.1	-41.0	86.9	
-80.4	37.7	-46.0	141.0	
-31.2	20.5	-43.5	190.2	
0.8	37.7	-36.1	234.5	
13.1	37.7	-21.4	219.7	
35.2	40.1	-14.0	126.2	
54.9	37.7	-21.4	249.2	
54.9	27.8	-18.9	283.7	
37.7	37.7	-23.8	337.8	
30.3	64.7	-14.0	355.0	
45.1	35.2	-6.6	337.8	
22.9	35.2	0.8	337.8	
22.9	32.8	5.7	396.8	
0.8	15.5	13.1	391.9	
-21.4	22.9	22.9	308.3	
-16.4	40.1	25.4	177.9	
-4.1	45.1	15.5	266.5	
-1.7	15.5	30.3	251.7	
5.7	5.7	45.1	207.4	
8.2	-4.1	27.8	155.8	
18.0	37.7	45.1	180.4	
-1.7	62.3	42.6	200.0	
-14.0	42.6	42.6	165.6	
-11.5	35.2	52.4	197.6	
-6.6	84.4	40.1	244.3	
10.6	131.2	64.7	291.1	
32.8	74.6	50.0	359.9	
30.3	89.3	54.9	155.8	
32.8	86.9	59.8	-28.7	
27.8	57.4	50.0	-53.3	
32.8	32.8	57.4	-50.9	
22.9	50.0	54.9	-55.8	
5.7	37.7	40.1	-18.9	
22.9	20.5	62.3	-18.9	
25.4	-16.4	37.7	-18.9	
30.3	13.1	54.9	-26.3	
20.5	32.8	45.1	-11.5	
37.7	52.4	45.1	0.8	
52.4	30.3	35.2	-9.1	
64.7	18.0	35.2	-21.4	
50.0	45.1	32.8	-16.4	
42.6	40.1	37.7	-18.9	
35.2	32.8	27.8	-31.2	
25.4	40.1	20.5	-28.7	
18.0	32.8	20.5	-26.3	
0.8	10.6	25.4	-33.7	
-4.1	15.5	18.0	-9.1	
15.5	40.1	15.5	-4.1	
20.5	42.6	13.1	5.7	
10.6	59.8	8.2	18.0	
0.8	52.4	-1.7	15.5	
15.5	40.1	-9.1	8.2	
13.1	32.8	13.1	20.5	
5.7	86.9	3.2	-1.7	
13.1	47.5	-4.1	-11.5	
15.5	18.0	-16.4	-16.4	
32.8	32.8	0.8	-23.8	
47.5	8.2	-1.7	-18.9	
79.5	-38.6	0.8	-9.1	
99.2	-55.8	8.2	-33.7	
94.3	-11.5	27.8	-50.9	
82.0	-9.1	22.9	-46.0	
40.1	0.8	8.2	-48.4	
0.8	10.6	8.2	-41.0	
-26.3	15.5	27.8	-36.1	
-41.0	54.9	62.3	-53.3	
-75.5	47.5	57.4	-41.0	
-60.7	30.3	45.1	-38.6	
-31.2	52.4	42.6	-38.6	
-33.7	42.6	22.9	-41.0	
-11.5	54.9	20.5	-48.4	
-18.9	42.6	32.8	-50.9	
-33.7	27.8	45.1	-48.4	
-11.5	35.2	52.4	-46.0	
22.9	59.8	42.6	-60.7	
40.1	35.2	42.6	-68.1	
69.7	45.1	45.1	-53.3	
54.9	35.2	42.6	-31.2	
20.5	37.7	37.7	-28.7	
22.9	32.8	15.5	-23.8	
10.6	35.2	27.8	-11.5	
8.2	52.4	47.5	-9.1	
5.7	40.1	40.1	-1.7	
8.2	22.9	47.5	-11.5	
5.7	37.7	42.6	-18.9	
-36.1	32.8	42.6	-9.1	
-31.2	20.5	42.6	-1.7	
15.5	25.4	40.1	22.9	
10.6	20.5	27.8	30.3	
52.4	18.0	40.1	32.8	
94.3	40.1	27.8	25.4	
96.7	40.1	30.3	32.8	
94.3	30.3	20.5	20.5	
67.2	42.6	27.8	-43.5	
8.2	57.4	25.4	-26.3	
-80.4	47.5	15.5	18.0	
-119.8	47.5	20.5	3.2	
-107.5	27.8	8.2	-31.2	
-97.6	35.2	5.7	-11.5	
-60.7	40.1	5.7	22.9	
-38.6	37.7	8.2	37.7	
10.6	50.0	0.8	57.4	
50.0	37.7	3.2	57.4	
69.7	50.0	0.8	52.4	
74.6	54.9	0.8	42.6	
64.7	40.1	13.1	77.0	
64.7	18.0	-1.7	84.4	
35.2	32.8	-9.1	99.2	
22.9	50.0	0.8	148.4	
0.8	40.1	-1.7	273.8	
-38.6	54.9	-11.5	303.4	
-36.1	57.4	-6.6	232.0	
-4.1	64.7	-21.4	50.0	
27.8	54.9	-23.8	-46.0	
57.4	57.4	-21.4	-80.4	
67.2	37.7	-11.5	-14.0	
79.5	52.4	-21.4	-26.3	
94.3	30.3	-21.4	-33.7	
79.5	8.2	-16.4	-6.6	
35.2	25.4	-11.5	0.8	
3.2	32.8	-14.0	25.4	
10.6	37.7	-14.0	59.8	
5.7	30.3	-18.9	50.0	
5.7	22.9	-11.5	62.3	
3.2	15.5	-14.0	67.2	
-1.7	32.8	-21.4	79.5	
18.0	62.3	-11.5	89.3	
5.7	82.0	-14.0	116.4	
-38.6	94.3	-14.0	121.3	
-28.7	91.8	-18.9	121.3	
-31.2	91.8	-18.9	59.8	
-63.2	79.5	-26.3	123.8	
-46.0	89.3	-14.0	158.2	
-26.3	91.8	-23.8	121.3	
-38.6	82.0	-31.2	-28.7	
-4.1	50.0	-23.8	-151.7	
-14.0	52.4	-18.9	-114.8	
-11.5	54.9	-23.8	-53.3	
-23.8	52.4	-28.7	-60.7	
-11.5	32.8	-38.6	-26.3	
-11.5	35.2	-41.0	-6.6	
-26.3	42.6	-48.4	0.8	
13.1	42.6	-36.1	20.5	
15.5	52.4	-50.9	8.2	
27.8	35.2	-41.0	10.6	
40.1	35.2	-48.4	8.2	
50.0	40.1	-60.7	8.2	
47.5	27.8	-48.4	-9.1	
47.5	32.8	-55.8	-9.1	
35.2	42.6	-65.6	-18.9	
32.8	64.7	-70.6	-23.8	
10.6	52.4	-65.6	-38.6	
20.5	30.3	-70.6	-60.7	
30.3	54.9	-90.2	-63.2	
37.7	37.7	-77.9	-73.0	
52.4	35.2	-75.5	-85.3	
47.5	32.8	-63.2	-105.0	
37.7	-6.6	-68.1	-97.6	
20.5	-38.6	-53.3	-112.4	
10.6	-18.9	-63.2	-117.3	
10.6	-43.5	-55.8	-132.1	
13.1	3.2	-60.7	-129.6	
27.8	25.4	-50.9	-75.5	
40.1	15.5	-46.0	-46.0	
45.1	30.3	-43.5	-43.5	
45.1	54.9	-18.9	-77.9	
47.5	64.7	-31.2	-102.5	
40.1	30.3	-11.5	-87.8	
25.4	22.9	0.8	-82.9	
-1.7	-6.6	-11.5	-102.5	
-48.4	-1.7	5.7	-95.2	
-60.7	10.6	18.0	-90.2	
-75.5	15.5	27.8	-70.6	
-75.5	42.6	25.4	-77.9	
-53.3	47.5	37.7	-82.9	
-31.2	50.0	37.7	-75.5	
-21.4	57.4	45.1	-70.6	
-6.6	52.4	40.1	-90.2	
-1.7	30.3	37.7	-75.5	
8.2	54.9	52.4	-85.3	
-6.6	57.4	54.9	-63.2	
8.2	42.6	57.4	-50.9	
13.1	42.6	77.0	-53.3	
30.3	37.7	72.1	-36.1	
27.8	47.5	82.0	-16.4	
10.6	59.8	79.5	-23.8	
0.8	59.8	74.6	-14.0	
5.7	64.7	84.4	3.2	
22.9	79.5	77.0	5.7	
67.2	50.0	77.0	10.6	
91.8	32.8	82.0	18.0	
116.4	32.8	82.0	35.2	
121.3	30.3	91.8	50.0	
123.8	37.7	96.7	54.9	
106.6	35.2	84.4	62.3	
69.7	57.4	82.0	74.6	
-1.7	52.4	86.9	79.5	
-95.2	59.8	84.4	86.9	
-129.6	69.7	82.0	86.9	
-117.3	67.2	86.9	77.0	
-63.2	67.2	84.4	69.7	
-6.6	59.8	94.3	79.5	
30.3	50.0	101.6	64.7	
67.2	32.8	96.7	79.5	
59.8	30.3	84.4	96.7	
79.5	27.8	77.0	91.8	
79.5	40.1	72.1	111.5	
79.5	54.9	57.4	126.2	
18.0	45.1	82.0	96.7	
-18.9	47.5	69.7	72.1	
-77.9	30.3	77.0	69.7	
-85.3	37.7	69.7	77.0	
-50.9	42.6	62.3	91.8	
-38.6	45.1	50.0	111.5	
15.5	52.4	52.4	99.2	
64.7	30.3	54.9	99.2	
69.7	40.1	54.9	94.3	
77.0	42.6	30.3	74.6	
59.8	42.6	52.4	113.9	
32.8	42.6	30.3	116.4	
22.9	32.8	45.1	165.6	
15.5	45.1	42.6	99.2	
5.7	50.0	42.6	72.1	
-4.1	54.9	45.1	84.4	
-1.7	47.5	37.7	86.9	
25.4	52.4	52.4	50.0	
47.5	54.9	42.6	37.7	
47.5	42.6	42.6	0.8	
67.2	35.2	40.1	-73.0	
69.7	25.4	40.1	-60.7	
69.7	35.2	27.8	-31.2	
22.9	22.9	30.3	25.4	
30.3	35.2	25.4	69.7	
25.4	42.6	27.8	32.8	
27.8	47.5	22.9	-46.0	
42.6	3.2	22.9	-75.5	
27.8	18.0	10.6	-14.0	
-33.7	37.7	3.2	47.5	
-87.8	25.4	8.2	94.3	
-31.2	30.3	5.7	77.0	
-16.4	8.2	0.8	-33.7	
8.2	10.6	-9.1	-223.1	
5.7	22.9	-14.0	-109.9	
27.8	25.4	-16.4	-85.3	
54.9	62.3	-16.4	-77.9	
54.9	74.6	-26.3	-48.4	
8.2	86.9	-28.7	-33.7	
-87.8	74.6	-23.8	-16.4	
-129.6	62.3	-43.5	-1.7	
-154.2	50.0	-46.0	13.1	
-109.9	35.2	-48.4	27.8	
-50.9	10.6	-58.3	25.4	
-41.0	13.1	-68.1	30.3	
-48.4	45.1	-70.6	52.4	
-46.0	54.9	-75.5	57.4	
-4.1	62.3	-70.6	74.6	
13.1	45.1	-75.5	106.6	
0.8	32.8	-77.9	126.2	
8.2	27.8	-90.2	121.3	
-6.6	25.4	-97.6	37.7	
5.7	13.1	-85.3	3.2	
-4.1	22.9	-100.1	-1.7	
3.2	-1.7	-97.6	32.8	
20.5	5.7	-102.5	59.8	
30.3	15.5	-100.1	72.1	
47.5	35.2	-90.2	64.7	
59.8	30.3	-95.2	52.4	
69.7	0.8	-97.6	37.7	
67.2	-1.7	-82.9	35.2	
67.2	27.8	-97.6	40.1	
74.6	42.6	-87.8	37.7	
67.2	77.0	-85.3	32.8	
42.6	67.2	-82.9	37.7	
0.8	64.7	-77.9	27.8	
-11.5	64.7	-82.9	30.3	
-9.1	64.7	-68.1	25.4	
13.1	74.6	-63.2	25.4	
40.1	59.8	-65.6	30.3	
57.4	47.5	-73.0	30.3	
77.0	50.0	-43.5	40.1	
67.2	50.0	-38.6	35.2	
62.3	40.1	-48.4	37.7	
54.9	27.8	-33.7	50.0	
42.6	27.8	-23.8	37.7	
22.9	35.2	-21.4	40.1	
-11.5	25.4	-21.4	32.8	
-53.3	35.2	-16.4	42.6	
-58.3	37.7	-9.1	35.2	
-28.7	35.2	-4.1	40.1	
-6.6	30.3	8.2	35.2	
-6.6	40.1	10.6	15.5	
18.0	37.7	-1.7	18.0	
8.2	37.7	8.2	25.4	
18.0	42.6	10.6	25.4	
37.7	27.8	27.8	15.5	
30.3	45.1	27.8	10.6	
30.3	32.8	37.7	3.2	
25.4	27.8	50.0	-4.1	
30.3	42.6	40.1	-1.7	
25.4	25.4	40.1	-9.1	
3.2	42.6	47.5	-11.5	
5.7	35.2	40.1	-18.9	
30.3	27.8	54.9	-18.9	
32.8	37.7	62.3	-14.0	
42.6	22.9	52.4	-21.4	
57.4	40.1	62.3	-21.4	
64.7	37.7	69.7	-18.9	
67.2	32.8	62.3	-14.0	
52.4	32.8	54.9	-9.1	
35.2	25.4	50.0	-21.4	
32.8	35.2	64.7	-11.5	
45.1	42.6	45.1	-28.7	
57.4	45.1	52.4	-16.4	
40.1	47.5	50.0	-23.8	
42.6	69.7	57.4	-21.4	
67.2	99.2	45.1	-36.1	
64.7	62.3	52.4	-28.7	
54.9	45.1	52.4	-26.3	
32.8	47.5	45.1	-33.7	
-1.7	42.6	47.5	-23.8	
-1.7	37.7	59.8	-33.7	
5.7	32.8	40.1	-33.7	
8.2	45.1	35.2	-16.4	
-23.8	42.6	25.4	-6.6	
-21.4	35.2	40.1	-6.6	
-21.4	32.8	47.5	-16.4	
-23.8	35.2	50.0	-33.7	
8.2	42.6	42.6	8.2	
-1.7	37.7	20.5	-1.7	
-23.8	50.0	27.8	-43.5	
-38.6	27.8	50.0	-33.7	
0.8	25.4	54.9	-38.6	
27.8	27.8	57.4	-60.7	
35.2	54.9	54.9	-43.5	
30.3	42.6	54.9	-82.9	
13.1	30.3	59.8	-122.2	
-26.3	47.5	50.0	-87.8	
-70.6	45.1	45.1	-63.2	
-46.0	42.6	54.9	-46.0	
-23.8	40.1	32.8	-48.4	
-6.6	27.8	47.5	-33.7	
15.5	40.1	45.1	-14.0	
45.1	42.6	30.3	-41.0	
45.1	59.8	35.2	-14.0	
50.0	52.4	35.2	-48.4	
15.5	42.6	18.0	-33.7	
-9.1	42.6	20.5	-6.6	
-28.7	45.1	25.4	-9.1	
-18.9	57.4	15.5	22.9	
-41.0	52.4	20.5	-60.7	
-65.6	54.9	10.6	-58.3	
-82.9	62.3	3.2	-68.1	
-75.5	50.0	5.7	-87.8	
-53.3	45.1	0.8	-63.2	
-18.9	40.1	10.6	-50.9	
15.5	35.2	-1.7	-50.9	
47.5	40.1	-1.7	-36.1	
45.1	42.6	0.8	-38.6	
45.1	40.1	-9.1	-46.0	
50.0	40.1	-11.5	-53.3	
47.5	35.2	-16.4	-43.5	
50.0	37.7	-6.6	-23.8	
32.8	22.9	-18.9	-21.4	
15.5	35.2	-18.9	-9.1	
37.7	35.2	-23.8	-21.4	
47.5	27.8	-18.9	-50.9	
59.8	25.4	-16.4	-28.7	
50.0	18.0	-21.4	-18.9	
42.6	40.1	-23.8	-6.6	
62.3	32.8	-16.4	0.8	
59.8	50.0	-23.8	-1.7	
82.0	54.9	-18.9	-1.7	
54.9	57.4	-23.8	5.7	
8.2	69.7	-18.9	8.2	
-18.9	69.7	-9.1	15.5	
-28.7	54.9	-16.4	20.5	
-14.0	32.8	-18.9	10.6	
-26.3	40.1	-26.3	-23.8	
-38.6	42.6	-11.5	-21.4	
-41.0	22.9	-16.4	-21.4	
-11.5	40.1	-21.4	-14.0	
-1.7	27.8	-21.4	15.5	
-1.7	37.7	0.8	22.9	
8.2	47.5	-14.0	-1.7	
-14.0	50.0	-9.1	5.7	
-1.7	32.8	-4.1	22.9	
22.9	42.6	-11.5	20.5	
32.8	50.0	-9.1	5.7	
25.4	54.9	-6.6	30.3	
10.6	57.4	0.8	64.7	
13.1	62.3	5.7	62.3	
0.8	50.0	0.8	22.9	
0.8	42.6	5.7	5.7	
22.9	32.8	3.2	-4.1	
27.8	13.1	3.2	-6.6	
37.7	15.5	3.2	18.0	
37.7	35.2	13.1	20.5	
50.0	35.2	5.7	18.0	
59.8	57.4	13.1	25.4	
64.7	62.3	15.5	22.9	
91.8	42.6	27.8	27.8	
91.8	45.1	22.9	32.8	
52.4	27.8	13.1	35.2	
54.9	30.3	22.9	25.4	
47.5	30.3	22.9	22.9	
27.8	27.8	18.0	32.8	
-4.1	40.1	25.4	20.5	
-9.1	45.1	10.6	22.9	
-4.1	64.7	25.4	30.3	
0.8	79.5	32.8	27.8	
-23.8	77.0	25.4	22.9	
-46.0	40.1	22.9	20.5	
-36.1	35.2	8.2	27.8	
-18.9	52.4	18.0	20.5	
15.5	45.1	15.5	32.8	
0.8	45.1	13.1	27.8	
-23.8	54.9	18.0	35.2	
-21.4	35.2	15.5	25.4	
-18.9	32.8	13.1	30.3	
-4.1	20.5	18.0	91.8	
-1.7	47.5	20.5	158.2	
-6.6	37.7	18.0	209.9	
8.2	45.1	18.0	72.1	
40.1	45.1	8.2	-159.1	
47.5	25.4	3.2	-124.7	
77.0	37.7	13.1	-92.7	
94.3	40.1	22.9	-43.5	
101.6	35.2	25.4	-48.4	
72.1	27.8	27.8	-23.8	
57.4	40.1	25.4	-26.3	
3.2	45.1	32.8	-9.1	
-82.9	32.8	25.4	-16.4	
-119.8	18.0	25.4	-11.5	
-139.4	20.5	22.9	-11.5	
-95.2	50.0	22.9	0.8	
-36.1	54.9	27.8	15.5	
20.5	54.9	15.5	8.2	
74.6	45.1	27.8	-18.9	
89.3	50.0	27.8	-14.0	
94.3	37.7	22.9	-18.9	
89.3	27.8	30.3	-14.0	
86.9	37.7	18.0	5.7	
54.9	42.6	27.8	-14.0	
5.7	35.2	30.3	-38.6	
-18.9	20.5	30.3	-21.4	
-23.8	30.3	25.4	8.2	
-38.6	37.7	22.9	57.4	
-50.9	32.8	25.4	74.6	
-65.6	42.6	25.4	69.7	
-70.6	50.0	20.5	13.1	
-36.1	40.1	25.4	27.8	
35.2	37.7	30.3	22.9	
86.9	54.9	15.5	-6.6	
82.0	54.9	15.5	-60.7	
77.0	54.9	15.5	-18.9	
35.2	37.7	15.5	-65.6	
-18.9	37.7	18.0	-114.8	
-80.4	45.1	22.9	-48.4	
-68.1	42.6	18.0	-38.6	
-70.6	32.8	18.0	-31.2	
-50.9	37.7	18.0	-26.3	
10.6	42.6	13.1	-23.8	
42.6	42.6	20.5	-11.5	
91.8	40.1	15.5	-9.1	
128.7	42.6	15.5	10.6	
116.4	37.7	18.0	-16.4	
69.7	37.7	18.0	8.2	
25.4	37.7	10.6	18.0	
-36.1	27.8	0.8	5.7	
-58.3	30.3	0.8	-21.4	
-97.6	27.8	-1.7	-26.3	
-92.7	52.4	-1.7	10.6	
-75.5	52.4	5.7	-6.6	
-58.3	52.4	-4.1	8.2	
-18.9	50.0	-4.1	0.8	
8.2	45.1	-4.1	3.2	
35.2	52.4	8.2	-6.6	
50.0	45.1	-6.6	5.7	
50.0	30.3	-14.0	35.2	
47.5	27.8	-14.0	42.6	
35.2	35.2	-11.5	32.8	
8.2	40.1	-16.4	-11.5	
-23.8	42.6	-16.4	-4.1	
-11.5	40.1	-18.9	-14.0	
-9.1	30.3	-14.0	-16.4	
3.2	42.6	-11.5	-11.5	
3.2	47.5	-21.4	-1.7	
-1.7	47.5	-18.9	18.0	
-6.6	52.4	-16.4	18.0	
20.5	42.6	-21.4	25.4	
15.5	47.5	-26.3	18.0	
30.3	25.4	-23.8	-11.5	
62.3	42.6	-18.9	-33.7	
59.8	25.4	-23.8	-14.0	
67.2	25.4	-21.4	-21.4	
72.1	22.9	-18.9	-6.6	
64.7	25.4	-18.9	-6.6	
27.8	37.7	-36.1	-4.1	
5.7	47.5	-28.7	5.7	
-16.4	40.1	-21.4	-21.4	
-6.6	40.1	-18.9	-9.1	
15.5	47.5	-16.4	-1.7	
25.4	50.0	-18.9	10.6	
32.8	52.4	-23.8	3.2	
67.2	45.1	-11.5	22.9	
91.8	35.2	-26.3	15.5	
79.5	30.3	-28.7	5.7	
72.1	18.0	-16.4	0.8	
45.1	40.1	-23.8	5.7	
-1.7	37.7	-6.6	22.9	
-16.4	45.1	-18.9	35.2	
-16.4	47.5	-14.0	22.9	
10.6	35.2	-16.4	32.8	
18.0	40.1	-16.4	35.2	
22.9	35.2	-26.3	40.1	
27.8	32.8	-6.6	40.1	
47.5	27.8	-11.5	45.1	
77.0	30.3	-21.4	62.3	
52.4	52.4	-6.6	52.4	
-6.6	47.5	-18.9	57.4	
-77.9	62.3	-18.9	45.1	
-73.0	50.0	-9.1	25.4	
-53.3	42.6	-6.6	8.2	
-41.0	45.1	-11.5	37.7	
-65.6	45.1	-1.7	45.1	
-77.9	42.6	0.8	72.1	
-41.0	47.5	-9.1	74.6	
-9.1	42.6	8.2	96.7	
35.2	45.1	10.6	15.5	
47.5	37.7	-1.7	30.3	
54.9	40.1	0.8	52.4	
64.7	50.0	3.2	30.3	
67.2	40.1	8.2	30.3	
69.7	45.1	0.8	54.9	
64.7	40.1	15.5	27.8	
35.2	35.2	8.2	32.8	
-4.1	42.6	5.7	47.5	
-18.9	45.1	15.5	18.0	
-18.9	30.3	13.1	-4.1	
0.8	25.4	25.4	8.2	
-6.6	22.9	20.5	-11.5	
-1.7	37.7	30.3	-6.6	
15.5	37.7	25.4	15.5	
5.7	45.1	22.9	8.2	
0.8	37.7	32.8	18.0	
-18.9	47.5	18.0	25.4	
-14.0	40.1	22.9	22.9	
-14.0	52.4	32.8	20.5	
8.2	47.5	35.2	37.7	
13.1	45.1	30.3	89.3	
25.4	52.4	25.4	116.4	
32.8	32.8	25.4	150.8	
37.7	50.0	37.7	165.6	
77.0	52.4	30.3	32.8	
96.7	40.1	20.5	-33.7	
86.9	42.6	27.8	-63.2	
96.7	47.5	22.9	-92.7	
79.5	40.1	27.8	-33.7	
52.4	35.2	25.4	-16.4	
-1.7	40.1	32.8	15.5	
-77.9	37.7	27.8	52.4	
-119.8	37.7	32.8	47.5	
-109.9	35.2	37.7	35.2	
-82.9	32.8	32.8	3.2	
-60.7	25.4	27.8	32.8	
-28.7	22.9	20.5	45.1	
5.7	27.8	35.2	42.6	
22.9	15.5	32.8	-48.4	
40.1	20.5	22.9	-23.8	
52.4	32.8	32.8	-21.4	
45.1	40.1	22.9	-33.7	
69.7	52.4	18.0	0.8	
54.9	54.9	20.5	13.1	
18.0	50.0	30.3	15.5	
20.5	47.5	32.8	0.8	
27.8	25.4	30.3	3.2	
13.1	27.8	8.2	10.6	
0.8	45.1	5.7	20.5	
0.8	35.2	18.0	22.9	
10.6	42.6	8.2	25.4	
30.3	37.7	5.7	20.5	
62.3	40.1	15.5	22.9	
62.3	52.4	20.5	22.9	
62.3	35.2	18.0	32.8	
64.7	45.1	15.5	37.7	
22.9	40.1	10.6	27.8	
-1.7	47.5	8.2	25.4	
-18.9	42.6	18.0	32.8	
-31.2	45.1	10.6	22.9	
0.8	42.6	8.2	22.9	
40.1	37.7	20.5	15.5	
50.0	42.6	15.5	20.5	
50.0	45.1	5.7	18.0	
32.8	45.1	0.8	10.6	
77.0	47.5	0.8	10.6	
96.7	27.8	-1.7	5.7	
99.2	35.2	-1.7	5.7	
52.4	27.8	-1.7	0.8	
32.8	35.2	5.7	0.8	
3.2	42.6	0.8	8.2	
5.7	40.1	10.6	0.8	
-6.6	37.7	-1.7	-1.7	
-31.2	35.2	-4.1	3.2	
-38.6	35.2	0.8	3.2	
-33.7	42.6	-1.7	-1.7	
-53.3	37.7	0.8	0.8	
-75.5	27.8	0.8	0.8	
-50.9	35.2	-6.6	8.2	
-43.5	37.7	-1.7	-11.5	
-9.1	37.7	-1.7	-16.4	
18.0	35.2	3.2	-9.1	
27.8	54.9	0.8	3.2	
27.8	37.7	-6.6	13.1	
52.4	42.6	-11.5	-6.6	
62.3	40.1	-1.7	-6.6	
82.0	45.1	-9.1	-1.7	
35.2	32.8	-9.1	-18.9	
-28.7	32.8	-18.9	-18.9	
-58.3	45.1	-14.0	-31.2	
-50.9	42.6	-6.6	-14.0	
-18.9	37.7	-9.1	-18.9	
-36.1	47.5	0.8	-18.9	
-28.7	42.6	-11.5	-9.1	
-9.1	45.1	-6.6	-6.6	
-4.1	37.7	-16.4	5.7	
20.5	37.7	-11.5	8.2	
20.5	37.7	-9.1	-11.5	
-18.9	37.7	-4.1	-4.1	
-58.3	32.8	-6.6	-6.6	
-63.2	37.7	-6.6	-9.1	
-77.9	32.8	-11.5	-11.5	
-58.3	42.6	-6.6	-28.7	
-23.8	42.6	-18.9	-11.5	
8.2	27.8	5.7	-33.7	
13.1	30.3	-4.1	-31.2	
62.3	37.7	-4.1	-31.2	
40.1	35.2	3.2	-21.4	
59.8	32.8	-16.4	-36.1	
64.7	25.4	-4.1	3.2	
89.3	37.7	-4.1	22.9	
99.2	45.1	-1.7	15.5	
106.6	47.5	-6.6	25.4	
99.2	37.7	-4.1	18.0	
86.9	32.8	-1.7	3.2	
74.6	37.7	-1.7	13.1	
62.3	22.9	-6.6	42.6	
25.4	20.5	0.8	64.7	
18.0	37.7	15.5	69.7	
-16.4	54.9	3.2	35.2	
-33.7	40.1	-14.0	32.8	
-55.8	47.5	-1.7	0.8	
-53.3	32.8	-6.6	-28.7	
-43.5	37.7	-4.1	37.7	
5.7	37.7	-1.7	77.0	
25.4	32.8	-11.5	67.2	
27.8	45.1	3.2	42.6	
18.0	25.4	-6.6	82.0	
-1.7	15.5	-14.0	82.0	
-38.6	35.2	-11.5	42.6	
-33.7	25.4	-6.6	-11.5	
-6.6	52.4	-11.5	-4.1	
-26.3	62.3	-14.0	86.9	
-31.2	62.3	-6.6	32.8	
-9.1	47.5	-11.5	-6.6	
15.5	54.9	-9.1	-1.7	
20.5	47.5	3.2	25.4	
25.4	45.1	-14.0	40.1	
5.7	30.3	3.2	67.2	
15.5	42.6	-14.0	74.6	
30.3	50.0	-4.1	64.7	
15.5	35.2	-14.0	45.1	
15.5	47.5	0.8	15.5	
27.8	25.4	-11.5	8.2	
25.4	40.1	-9.1	27.8	
35.2	42.6	10.6	27.8	
30.3	37.7	-4.1	40.1	
18.0	37.7	-1.7	35.2	
20.5	32.8	-4.1	37.7	
0.8	37.7	-1.7	67.2	
0.8	54.9	0.8	40.1	
20.5	40.1	-4.1	5.7	
18.0	37.7	-4.1	3.2	
18.0	47.5	3.2	13.1	
22.9	47.5	3.2	52.4	
22.9	54.9	3.2	57.4	
27.8	62.3	-1.7	45.1	
15.5	62.3	0.8	0.8	
0.8	35.2	0.8	0.8	
-43.5	45.1	0.8	22.9	
-41.0	47.5	10.6	10.6	
-6.6	54.9	3.2	15.5	
25.4	62.3	-6.6	20.5	
35.2	54.9	5.7	30.3	
67.2	52.4	8.2	22.9	
82.0	45.1	0.8	5.7	
94.3	52.4	8.2	8.2	
91.8	54.9	-9.1	3.2	
86.9	35.2	5.7	0.8	
62.3	37.7	3.2	15.5	
35.2	37.7	-1.7	10.6	
8.2	35.2	3.2	-1.7	
-53.3	27.8	15.5	5.7	
-58.3	22.9	25.4	0.8	
-26.3	18.0	20.5	8.2	
-4.1	0.8	20.5	10.6	
8.2	-6.6	18.0	10.6	
13.1	-11.5	25.4	10.6	
13.1	-1.7	15.5	5.7	
22.9	-14.0	15.5	3.2	
77.0	-4.1	22.9	8.2	
86.9	8.2	15.5	10.6	
69.7	13.1	5.7	-1.7	
42.6	15.5	5.7	3.2	
57.4	20.5	5.7	-11.5	
0.8	30.3	13.1	-11.5	
-38.6	30.3	20.5	3.2	
-92.7	10.6	25.4	-6.6	
-102.5	18.0	20.5	15.5	
-65.6	25.4	25.4	10.6	
-4.1	18.0	8.2	13.1	
25.4	32.8	3.2	5.7	
52.4	15.5	5.7	-4.1	
25.4	3.2	18.0	3.2	
10.6	25.4	18.0	18.0	
-21.4	32.8	20.5	40.1	
-18.9	40.1	8.2	-16.4	
-46.0	30.3	22.9	-23.8	
-46.0	45.1	18.0	-53.3	
-26.3	50.0	20.5	-28.7	
13.1	35.2	22.9	-16.4	
57.4	57.4	20.5	-31.2	
62.3	67.2	20.5	-18.9	
79.5	64.7	13.1	-16.4	
59.8	54.9	8.2	-26.3	
52.4	47.5	8.2	-21.4	
13.1	52.4	15.5	-23.8	
-14.0	52.4	30.3	-11.5	
-16.4	59.8	22.9	5.7	
-38.6	47.5	20.5	-4.1	
-31.2	50.0	15.5	-6.6	
-31.2	40.1	18.0	-6.6	
-38.6	35.2	5.7	-11.5	
-4.1	42.6	13.1	5.7	
8.2	37.7	13.1	35.2	
-11.5	27.8	15.5	-16.4	
-6.6	32.8	5.7	-11.5	
-6.6	40.1	8.2	-1.7	
13.1	42.6	-1.7	20.5	
20.5	45.1	3.2	15.5	
32.8	32.8	-4.1	8.2	
25.4	40.1	10.6	-4.1	
-1.7	40.1	0.8	13.1	
-4.1	25.4	5.7	-23.8	
-26.3	40.1	0.8	-41.0	
-6.6	45.1	3.2	-48.4	
25.4	22.9	15.5	-63.2	
37.7	37.7	22.9	-63.2	
47.5	42.6	5.7	-36.1	
22.9	45.1	10.6	-18.9	
32.8	37.7	8.2	-14.0	
18.0	32.8	8.2	-14.0	
-9.1	42.6	5.7	-4.1	
-46.0	50.0	8.2	-18.9	
-58.3	40.1	0.8	-23.8	
-21.4	37.7	3.2	-6.6	
-1.7	47.5	13.1	-28.7	
25.4	42.6	20.5	-23.8	
27.8	54.9	18.0	-6.6	
25.4	45.1	13.1	3.2	
25.4	45.1	25.4	0.8	
25.4	27.8	10.6	-1.7	
13.1	42.6	15.5	0.8	
32.8	37.7	18.0	8.2	
45.1	30.3	20.5	3.2	
47.5	30.3	0.8	37.7	
42.6	32.8	5.7	10.6	
35.2	27.8	8.2	-11.5	
52.4	37.7	18.0	-21.4	
57.4	25.4	10.6	-21.4	
82.0	32.8	3.2	-60.7	
72.1	20.5	10.6	-23.8	
72.1	8.2	-1.7	-33.7	
77.0	-9.1	-4.1	-16.4	
72.1	13.1	8.2	-14.0	
84.4	22.9	8.2	-21.4	
82.0	47.5	15.5	-9.1	
79.5	47.5	0.8	8.2	
67.2	47.5	5.7	0.8	
27.8	15.5	0.8	13.1	
8.2	35.2	3.2	18.0	
-50.9	57.4	3.2	3.2	
-58.3	67.2	-9.1	-26.3	
5.7	74.6	3.2	5.7	
18.0	64.7	-6.6	5.7	
25.4	69.7	5.7	10.6	
32.8	50.0	5.7	0.8	
45.1	54.9	5.7	-6.6	
45.1	57.4	18.0	0.8	
27.8	47.5	27.8	-4.1	
-9.1	25.4	20.5	0.8	
-36.1	37.7	20.5	10.6	
-80.4	35.2	5.7	5.7	
-48.4	30.3	10.6	-6.6	
-43.5	35.2	18.0	13.1	
3.2	30.3	15.5	8.2	
72.1	37.7	10.6	-6.6	
138.5	18.0	8.2	3.2	
136.1	22.9	8.2	0.8	
118.9	35.2	5.7	3.2	
113.9	30.3	10.6	3.2	
86.9	40.1	10.6	5.7	
8.2	42.6	3.2	5.7	
-97.6	54.9	5.7	8.2	
-159.1	35.2	-1.7	8.2	
-196.0	42.6	3.2	5.7	
-159.1	37.7	0.8	0.8	
-107.5	40.1	0.8	10.6	
-85.3	47.5	0.8	35.2	
-60.7	45.1	13.1	37.7	
-36.1	42.6	8.2	0.8	
-28.7	62.3	13.1	-38.6	
-11.5	52.4	13.1	-9.1	
-23.8	22.9	3.2	3.2	
0.8	25.4	-1.7	-9.1	
40.1	40.1	0.8	-9.1	
67.2	40.1	3.2	-9.1	
99.2	42.6	5.7	-9.1	
101.6	57.4	0.8	-41.0	
96.7	64.7	10.6	-28.7	
40.1	40.1	-1.7	-21.4	
35.2	35.2	-1.7	-11.5	
27.8	37.7	8.2	-14.0	
-4.1	42.6	13.1	-16.4	
-26.3	40.1	18.0	-21.4	
-41.0	30.3	22.9	-14.0	
-58.3	32.8	15.5	-11.5	
-41.0	22.9	8.2	0.8	
-28.7	35.2	-9.1	18.0	
-33.7	42.6	5.7	25.4	
-11.5	47.5	0.8	69.7	
-16.4	37.7	-4.1	138.5	
-11.5	30.3	8.2	111.5	
-1.7	42.6	3.2	-4.1	
-1.7	25.4	10.6	-80.4	
-4.1	35.2	5.7	-149.3	
5.7	45.1	15.5	-100.1	
20.5	59.8	8.2	-73.0	
35.2	42.6	3.2	-53.3	
30.3	40.1	8.2	-36.1	
30.3	54.9	25.4	-33.7	
40.1	37.7	13.1	-23.8	
20.5	47.5	18.0	-31.2	
40.1	45.1	20.5	-21.4	
42.6	57.4	13.1	-23.8	
47.5	45.1	15.5	-33.7	
47.5	40.1	8.2	-16.4	
32.8	37.7	8.2	-14.0	
32.8	40.1	13.1	-16.4	
30.3	50.0	10.6	-9.1	
8.2	40.1	0.8	-11.5	
-1.7	37.7	3.2	-4.1	
0.8	35.2	0.8	-1.7	
8.2	42.6	8.2	-4.1	
25.4	50.0	0.8	0.8	
27.8	37.7	18.0	0.8	
20.5	45.1	8.2	15.5	
30.3	32.8	8.2	0.8	
42.6	35.2	5.7	3.2	
18.0	32.8	3.2	0.8	
5.7	30.3	-11.5	-1.7	
-21.4	18.0	5.7	3.2	
-6.6	15.5	-1.7	-1.7	
8.2	20.5	-4.1	-4.1	
3.2	37.7	0.8	-4.1	
8.2	37.7	0.8	-1.7	
3.2	30.3	8.2	-6.6	
15.5	45.1	3.2	-1.7	
25.4	42.6	-4.1	-26.3	
22.9	42.6	-9.1	-16.4	
15.5	47.5	-6.6	5.7	
15.5	37.7	-6.6	-6.6	
18.0	52.4	-18.9	-14.0	
18.0	45.1	-28.7	-6.6	
18.0	42.6	-11.5	-4.1	
15.5	52.4	-26.3	-9.1	
22.9	47.5	-33.7	0.8	
18.0	45.1	-18.9	-11.5	
42.6	54.9	-28.7	-14.0	
50.0	52.4	-21.4	-9.1	
94.3	50.0	-18.9	0.8	
123.8	47.5	-16.4	3.2	
126.2	45.1	-31.2	-1.7	
104.1	37.7	-18.9	5.7	
91.8	52.4	-14.0	-9.1	
62.3	50.0	-18.9	-6.6	
8.2	40.1	-9.1	-6.6	
-43.5	42.6	-14.0	-11.5	
-75.5	40.1	-14.0	-18.9	
-85.3	40.1	-14.0	-9.1	
-77.9	32.8	-9.1	-6.6	
-60.7	27.8	-6.6	-4.1	
-26.3	27.8	-1.7	5.7	
-18.9	20.5	-9.1	5.7	
-6.6	27.8	0.8	3.2	
10.6	35.2	-6.6	-1.7	
69.7	27.8	5.7	-1.7	
126.2	42.6	-9.1	-1.7	
163.1	54.9	3.2	5.7	
232.0	37.7	-1.7	10.6	
227.1	40.1	-4.1	13.1	
197.6	35.2	0.8	8.2	
131.2	45.1	-6.6	-1.7	
18.0	47.5	-1.7	5.7	
-43.5	40.1	3.2	-6.6	
-90.2	37.7	8.2	-1.7	
-151.7	32.8	3.2	-14.0	
-191.1	37.7	10.6	-18.9	
-164.0	32.8	-1.7	-33.7	
-38.6	30.3	-4.1	-11.5	
47.5	27.8	-1.7	-18.9	
47.5	27.8	-4.1	-9.1	
-11.5	25.4	0.8	-31.2	
-16.4	27.8	-4.1	-43.5	
-38.6	37.7	-6.6	-21.4	
-70.6	40.1	8.2	0.8	
-117.3	32.8	10.6	0.8	
-122.2	35.2	0.8	-1.7	
-109.9	25.4	-4.1	-4.1	
-63.2	37.7	-6.6	-16.4	
-36.1	45.1	-4.1	-11.5	
-36.1	40.1	3.2	-18.9	
-46.0	35.2	-4.1	-4.1	
-28.7	37.7	-6.6	18.0	
-14.0	37.7	-4.1	40.1	
-28.7	42.6	5.7	106.6	
-16.4	42.6	-1.7	84.4	
-48.4	30.3	-9.1	99.2	
-82.9	25.4	-6.6	18.0	
-46.0	25.4	-4.1	-87.8	
-11.5	52.4	-4.1	-146.8	
27.8	47.5	-14.0	-97.6	
15.5	45.1	0.8	-60.7	
27.8	54.9	-16.4	-31.2	
30.3	62.3	-11.5	-16.4	
30.3	47.5	-4.1	-11.5	
37.7	62.3	-14.0	-16.4	
59.8	42.6	-6.6	-16.4	
77.0	27.8	-16.4	-16.4	
86.9	30.3	-9.1	-21.4	
84.4	30.3	-9.1	-11.5	
82.0	37.7	-9.1	-21.4	
79.5	40.1	-11.5	-4.1	
67.2	30.3	-11.5	-14.0	
64.7	32.8	-18.9	-4.1	
54.9	35.2	-6.6	-6.6	
30.3	45.1	-14.0	-11.5	
10.6	52.4	-9.1	25.4	
5.7	25.4	-21.4	15.5	
20.5	22.9	-16.4	0.8	
13.1	22.9	-14.0	-6.6	
0.8	10.6	-18.9	13.1	
10.6	-4.1	-14.0	-1.7	
52.4	-6.6	-21.4	-6.6	
74.6	15.5	-11.5	8.2	
52.4	62.3	-9.1	18.0	
50.0	47.5	-6.6	15.5	
52.4	40.1	-6.6	27.8	
27.8	59.8	-1.7	30.3	
-11.5	52.4	-14.0	3.2	
-31.2	57.4	-14.0	-21.4	
-6.6	42.6	-6.6	0.8	
20.5	37.7	-9.1	5.7	
40.1	32.8	-14.0	10.6	
57.4	42.6	-16.4	0.8	
57.4	59.8	0.8	13.1	
42.6	54.9	-1.7	25.4	
27.8	40.1	8.2	25.4	
5.7	8.2	-1.7	25.4	
-4.1	8.2	0.8	-6.6	
-1.7	37.7	-6.6	-4.1	
-18.9	47.5	-11.5	8.2	
-46.0	40.1	-1.7	-1.7	
-36.1	37.7	-1.7	-1.7	
-26.3	30.3	3.2	0.8	
-14.0	37.7	8.2	3.2	
-6.6	37.7	-1.7	10.6	
18.0	30.3	10.6	18.0	
37.7	32.8	13.1	20.5	
47.5	30.3	20.5	10.6	
67.2	27.8	27.8	-1.7	
79.5	10.6	13.1	0.8	
72.1	8.2	13.1	18.0	
50.0	32.8	27.8	18.0	
25.4	37.7	20.5	15.5	
-11.5	35.2	20.5	18.0	
-16.4	67.2	18.0	30.3	
0.8	59.8	22.9	32.8	
25.4	32.8	25.4	35.2	
52.4	25.4	22.9	40.1	
74.6	37.7	18.0	25.4	
67.2	45.1	15.5	0.8	
59.8	37.7	22.9	-28.7	
27.8	30.3	22.9	-21.4	
13.1	47.5	15.5	5.7	
18.0	47.5	20.5	-1.7	
8.2	37.7	27.8	-1.7	
-9.1	42.6	30.3	-1.7	
-9.1	42.6	30.3	-4.1	
-18.9	30.3	22.9	-4.1	
25.4	25.4	15.5	-6.6	
40.1	35.2	10.6	-6.6	
-9.1	42.6	8.2	5.7	
-60.7	37.7	5.7	0.8	
-73.0	32.8	20.5	-14.0	
-9.1	30.3	22.9	-6.6	
30.3	35.2	13.1	-4.1	
10.6	35.2	5.7	27.8	
-14.0	37.7	3.2	40.1	
-28.7	25.4	13.1	32.8	
-68.1	45.1	8.2	-36.1	
-85.3	40.1	8.2	-58.3	
-53.3	32.8	0.8	-36.1	
-55.8	37.7	8.2	-36.1	
-31.2	42.6	5.7	-9.1	
-11.5	37.7	15.5	-9.1	
-9.1	37.7	18.0	-14.0	
40.1	45.1	15.5	-16.4	
67.2	37.7	15.5	-16.4	
57.4	40.1	15.5	-1.7	
45.1	27.8	8.2	27.8	
45.1	27.8	13.1	67.2	
52.4	32.8	8.2	121.3	
50.0	30.3	-4.1	109.0	
74.6	35.2	3.2	0.8	
109.0	37.7	3.2	-87.8	
84.4	52.4	5.7	-100.1	
62.3	42.6	8.2	-38.6	
42.6	35.2	-6.6	-53.3	
-4.1	27.8	5.7	-82.9	
-65.6	35.2	0.8	-53.3	
-41.0	30.3	5.7	-46.0	
-31.2	32.8	-14.0	-28.7	
-46.0	32.8	-4.1	-21.4	
-21.4	40.1	-9.1	-26.3	
15.5	47.5	-1.7	0.8	
25.4	37.7	-18.9	-9.1	
18.0	35.2	-4.1	-9.1	
-4.1	27.8	0.8	5.7	
-31.2	45.1	0.8	-4.1	
-70.6	37.7	0.8	-9.1	
-70.6	35.2	-6.6	-11.5	
-48.4	47.5	-6.6	-14.0	
-48.4	47.5	-11.5	-9.1	
-23.8	37.7	-16.4	-11.5	
-4.1	37.7	-21.4	-9.1	
8.2	50.0	-31.2	-9.1	
25.4	47.5	-21.4	-11.5	
30.3	50.0	-23.8	27.8	
42.6	27.8	-28.7	45.1	
25.4	32.8	-23.8	30.3	
30.3	32.8	-26.3	0.8	
18.0	42.6	-33.7	-38.6	
15.5	35.2	-33.7	-4.1	
13.1	35.2	-28.7	27.8	
32.8	32.8	-28.7	20.5	
54.9	30.3	-33.7	5.7	
40.1	45.1	-38.6	-50.9	
59.8	35.2	-26.3	-6.6	
54.9	37.7	-33.7	-11.5	
52.4	35.2	-28.7	3.2	
57.4	32.8	-23.8	5.7	
64.7	45.1	-21.4	-4.1	
84.4	32.8	-26.3	3.2	
74.6	42.6	-9.1	-4.1	
50.0	40.1	-14.0	3.2	
35.2	27.8	-6.6	13.1	
18.0	25.4	-9.1	25.4	
13.1	35.2	-9.1	13.1	
22.9	37.7	-4.1	-16.4	
52.4	35.2	-9.1	18.0	
69.7	37.7	-16.4	32.8	
67.2	20.5	-1.7	10.6	
45.1	32.8	-6.6	0.8	
32.8	27.8	0.8	-41.0	
45.1	30.3	3.2	-18.9	
40.1	37.7	10.6	-11.5	
25.4	42.6	3.2	-9.1	
5.7	35.2	5.7	10.6	
-48.4	32.8	8.2	8.2	
-73.0	27.8	8.2	5.7	
-23.8	27.8	-6.6	0.8	
25.4	27.8	13.1	5.7	
32.8	35.2	15.5	-1.7	
-9.1	57.4	3.2	10.6	
-1.7	64.7	15.5	13.1	
18.0	47.5	10.6	18.0	
40.1	42.6	18.0	8.2	
64.7	52.4	18.0	18.0	
62.3	47.5	5.7	50.0	
109.0	37.7	10.6	72.1	
123.8	25.4	8.2	32.8	
89.3	30.3	5.7	-28.7	
84.4	37.7	5.7	-26.3	
72.1	30.3	15.5	-23.8	
8.2	25.4	5.7	-41.0	
-41.0	37.7	0.8	8.2	
-97.6	50.0	8.2	30.3	
-70.6	40.1	10.6	32.8	
-53.3	20.5	0.8	15.5	
-75.5	30.3	5.7	5.7	
-132.1	35.2	10.6	-63.2	
-117.3	45.1	-4.1	-43.5	
-107.5	42.6	3.2	-31.2	
-38.6	30.3	3.2	-38.6	
20.5	20.5	10.6	-46.0	
30.3	30.3	3.2	-43.5	
-4.1	35.2	3.2	-46.0	
3.2	20.5	-4.1	-28.7	
-1.7	27.8	-6.6	35.2	
-9.1	40.1	-4.1	143.5	
-16.4	22.9	3.2	86.9	
-26.3	30.3	-1.7	-31.2	
-46.0	47.5	-4.1	-36.1	
-92.7	62.3	0.8	22.9	
-75.5	54.9	-4.1	-11.5	
-21.4	62.3	3.2	0.8	
0.8	27.8	8.2	57.4	
15.5	8.2	-1.7	42.6	
25.4	8.2	-4.1	37.7	
15.5	32.8	-4.1	37.7	
20.5	30.3	-18.9	45.1	
8.2	20.5	-11.5	-55.8	
0.8	18.0	0.8	-55.8	
15.5	35.2	-1.7	79.5	
30.3	40.1	-18.9	74.6	
47.5	40.1	-14.0	-18.9	
50.0	37.7	-14.0	-55.8	
64.7	50.0	-14.0	-65.6	
94.3	22.9	-11.5	-90.2	
86.9	37.7	-14.0	-95.2	
84.4	22.9	-14.0	-31.2	
94.3	30.3	-14.0	8.2	
82.0	30.3	-16.4	25.4	
77.0	25.4	-23.8	22.9	
40.1	30.3	-18.9	0.8	
22.9	30.3	-23.8	-11.5	
5.7	32.8	-18.9	-46.0	
-36.1	54.9	-28.7	-46.0	
-43.5	50.0	-21.4	-36.1	
-60.7	30.3	-31.2	-68.1	
-4.1	27.8	-23.8	-77.9	
45.1	20.5	-38.6	-77.9	
79.5	27.8	-38.6	-70.6	
99.2	30.3	-38.6	-63.2	
123.8	32.8	-38.6	-65.6	
126.2	45.1	-46.0	-55.8	
104.1	52.4	-46.0	-48.4	
42.6	64.7	-48.4	-31.2	
-14.0	32.8	-43.5	-33.7	
-43.5	18.0	-31.2	-28.7	
-58.3	3.2	-43.5	-46.0	
-53.3	18.0	-55.8	-38.6	
-68.1	27.8	-38.6	-38.6	
-26.3	27.8	-50.9	-43.5	
8.2	22.9	-31.2	-41.0	
15.5	32.8	-38.6	-16.4	
18.0	30.3	-41.0	-16.4	
-18.9	32.8	-41.0	-14.0	
-36.1	27.8	-46.0	-28.7	
-48.4	22.9	-46.0	-63.2	
-41.0	35.2	-55.8	-36.1	
-26.3	27.8	-46.0	-33.7	
59.8	30.3	-36.1	-33.7	
145.9	45.1	-31.2	-26.3	
202.5	27.8	-26.3	-31.2	
239.4	37.7	-28.7	-23.8	
205.0	37.7	-21.4	-28.7	
143.5	32.8	-26.3	-31.2	
45.1	25.4	-31.2	-21.4	
-73.0	30.3	-31.2	-1.7	
-205.9	30.3	-31.2	10.6	
-257.5	25.4	-26.3	32.8	
-294.4	18.0	-26.3	10.6	
-232.9	25.4	-21.4	45.1	
-141.9	25.4	-23.8	37.7	
-58.3	32.8	-21.4	13.1	
-1.7	25.4	-23.8	-4.1	
45.1	18.0	-26.3	-107.5	
57.4	27.8	-26.3	-28.7	
62.3	25.4	-14.0	-38.6	
113.9	10.6	-11.5	-18.9	
148.4	30.3	-11.5	3.2	
185.3	42.6	-9.1	3.2	
141.0	35.2	-14.0	8.2	
101.6	30.3	-18.9	8.2	
45.1	22.9	-14.0	-11.5	
-18.9	27.8	-18.9	-1.7	
-58.3	27.8	-18.9	10.6	
-87.8	47.5	-1.7	-14.0	
-107.5	37.7	-16.4	8.2	
-107.5	20.5	-16.4	18.0	
-85.3	18.0	-18.9	42.6	
-58.3	10.6	-14.0	64.7	
-36.1	13.1	-11.5	40.1	
-26.3	22.9	-18.9	30.3	
25.4	13.1	-16.4	35.2	
35.2	42.6	-16.4	32.8	
47.5	67.2	-9.1	47.5	
52.4	77.0	-18.9	59.8	
52.4	69.7	-11.5	57.4	
27.8	45.1	-6.6	40.1	
-14.0	45.1	-16.4	47.5	
-55.8	32.8	-9.1	64.7	
-36.1	35.2	-4.1	77.0	
3.2	35.2	-16.4	72.1	
57.4	35.2	-16.4	131.2	
69.7	50.0	-18.9	209.9	
67.2	57.4	-14.0	158.2	
64.7	52.4	-9.1	86.9	
47.5	62.3	-9.1	18.0	
69.7	47.5	0.8	-41.0	
202.5	40.1	-1.7	-48.4	
320.6	37.7	-6.6	42.6	
411.6	54.9	22.9	13.1	
379.6	40.1	20.5	77.0	
315.7	47.5	22.9	50.0	
241.9	57.4	18.0	45.1	
104.1	45.1	27.8	77.0	
-183.7	42.6	32.8	67.2	
-412.5	52.4	45.1	59.8	
-525.7	57.4	30.3	57.4	
-402.7	40.1	27.8	40.1	
-247.7	42.6	35.2	30.3	
-63.2	37.7	45.1	18.0	
18.0	62.3	47.5	37.7	
59.8	69.7	50.0	128.7	
104.1	54.9	47.5	64.7	
84.4	50.0	57.4	37.7	
30.3	42.6	47.5	50.0	
-1.7	52.4	57.4	84.4	
-14.0	54.9	57.4	79.5	
-11.5	47.5	67.2	77.0	
-36.1	35.2	54.9	72.1	
-55.8	27.8	64.7	141.0	
-73.0	57.4	59.8	138.5	
18.0	42.6	64.7	141.0	
128.7	54.9	69.7	131.2	
168.1	64.7	77.0	118.9	
158.2	50.0	69.7	133.6	
148.4	40.1	69.7	54.9	
111.5	32.8	62.3	79.5	
57.4	22.9	67.2	52.4	
5.7	15.5	59.8	-58.3	
-73.0	13.1	69.7	-75.5	
-149.3	8.2	72.1	-100.1	
-176.3	-21.4	57.4	-58.3	
-132.1	-41.0	57.4	3.2	
-68.1	-28.7	62.3	40.1	
3.2	3.2	64.7	69.7	
57.4	15.5	54.9	27.8	
128.7	-9.1	64.7	18.0	
187.7	-9.1	59.8	10.6	
195.1	20.5	59.8	13.1	
177.9	15.5	50.0	8.2	
143.5	27.8	59.8	3.2	
104.1	20.5	52.4	-9.1	
50.0	18.0	47.5	5.7	
-4.1	30.3	47.5	-1.7	
-36.1	22.9	42.6	-11.5	
-41.0	-16.4	35.2	-9.1	
37.7	-9.1	30.3	-16.4	
111.5	13.1	27.8	-21.4	
133.6	20.5	35.2	-21.4	
128.7	5.7	22.9	-18.9	
67.2	-1.7	22.9	-26.3	
67.2	3.2	35.2	5.7	
15.5	20.5	8.2	45.1	
8.2	18.0	8.2	79.5	
94.3	20.5	3.2	10.6	
239.4	25.4	-6.6	-36.1	
241.9	25.4	-6.6	-46.0	
148.4	50.0	-1.7	-53.3	
5.7	50.0	-6.6	-48.4	
-178.8	52.4	-1.7	-77.9	
-333.8	47.5	-11.5	-63.2	
-422.3	18.0	-21.4	-31.2	
-437.1	20.5	-18.9	-33.7	
-326.4	32.8	-9.1	-38.6	
-181.3	59.8	-9.1	-21.4	
-38.6	77.0	-9.1	-14.0	
13.1	59.8	-16.4	-9.1	
15.5	50.0	-23.8	22.9	
40.1	30.3	-16.4	13.1	
54.9	25.4	-18.9	25.4	
77.0	27.8	-26.3	20.5	
86.9	30.3	-26.3	22.9	
82.0	52.4	-26.3	35.2	
106.6	37.7	-14.0	45.1	
153.3	27.8	-4.1	40.1	
141.0	15.5	0.8	42.6	
126.2	30.3	-4.1	42.6	
128.7	50.0	8.2	37.7	
84.4	50.0	-6.6	45.1	
69.7	25.4	5.7	54.9	
13.1	32.8	5.7	59.8	
8.2	27.8	8.2	64.7	
13.1	18.0	10.6	52.4	
62.3	3.2	20.5	62.3	
91.8	-4.1	30.3	50.0	
40.1	22.9	37.7	62.3	
42.6	35.2	40.1	13.1	
69.7	99.2	57.4	-16.4	
133.6	62.3	50.0	-4.1	
182.8	32.8	52.4	-1.7	
185.3	22.9	57.4	0.8	
170.5	27.8	47.5	30.3	
163.1	37.7	62.3	77.0	
126.2	42.6	67.2	96.7	
5.7	27.8	91.8	82.0	
-117.3	8.2	89.3	86.9	
-141.9	15.5	109.0	96.7	
-107.5	15.5	116.4	89.3	
-55.8	0.8	91.8	86.9	
32.8	3.2	89.3	96.7	
109.0	18.0	84.4	96.7	
131.2	25.4	91.8	109.0	
128.7	35.2	99.2	72.1	
101.6	18.0	104.1	59.8	
109.0	3.2	106.6	64.7	
153.3	-6.6	118.9	30.3	
150.8	5.7	111.5	5.7	
113.9	-4.1	106.6	-9.1	
54.9	13.1	138.5	-43.5	
22.9	30.3	141.0	-46.0	
-26.3	22.9	133.6	-65.6	
-53.3	20.5	143.5	-112.4	
-68.1	18.0	160.7	-102.5	
-46.0	20.5	153.3	-112.4	
27.8	25.4	141.0	-117.3	
37.7	35.2	131.2	-117.3	
67.2	20.5	131.2	-117.3	
64.7	22.9	138.5	-95.2	
52.4	35.2	141.0	-87.8	
27.8	25.4	136.1	-127.1	
-73.0	5.7	113.9	-114.8	
-159.1	-4.1	128.7	-114.8	
-107.5	13.1	136.1	-146.8	
-11.5	35.2	116.4	-129.6	
47.5	37.7	126.2	-112.4	
150.8	20.5	116.4	-117.3	
192.7	5.7	116.4	-102.5	
143.5	3.2	109.0	-107.5	
67.2	-1.7	99.2	-90.2	
-28.7	-28.7	106.6	-85.3	
-166.5	-31.2	94.3	-87.8	
-169.0	-11.5	116.4	-82.9	
-109.9	8.2	113.9	-85.3	
-38.6	5.7	104.1	-85.3	
40.1	22.9	106.6	-85.3	
126.2	40.1	96.7	-68.1	
145.9	5.7	86.9	-90.2	
195.1	-6.6	96.7	-80.4	
195.1	-9.1	94.3	-77.9	
136.1	8.2	101.6	-82.9	
20.5	-6.6	96.7	-63.2	
-11.5	-28.7	99.2	-75.5	
-31.2	-11.5	116.4	-97.6	
22.9	8.2	101.6	-85.3	
37.7	5.7	106.6	-90.2	
27.8	10.6	113.9	-109.9	
3.2	35.2	109.0	-85.3	
-11.5	18.0	121.3	-97.6	
-75.5	15.5	131.2	-95.2	
-122.2	13.1	126.2	-75.5	
-119.8	-4.1	126.2	-68.1	
-109.9	-14.0	131.2	-73.0	
-63.2	-14.0	104.1	-70.6	
-87.8	-6.6	106.6	-70.6	
-127.1	15.5	99.2	-65.6	
-63.2	13.1	89.3	-58.3	
-31.2	-1.7	94.3	-53.3	
-36.1	-6.6	89.3	-55.8	
-43.5	13.1	86.9	-43.5	
-21.4	15.5	74.6	-48.4	
10.6	0.8	86.9	-58.3	
18.0	-4.1	84.4	-60.7	
-31.2	0.8	79.5	-46.0	
-95.2	-9.1	77.0	-46.0	
-50.9	-21.4	77.0	-48.4	
35.2	-21.4	59.8	-41.0	
86.9	-36.1	50.0	-41.0	
113.9	-33.7	45.1	-46.0	
145.9	-28.7	45.1	-48.4	
104.1	-55.8	32.8	-58.3	
69.7	-31.2	30.3	-63.2	
89.3	35.2	20.5	-87.8	
106.6	57.4	20.5	-55.8	
74.6	20.5	5.7	-63.2	
52.4	-18.9	15.5	-77.9	
27.8	-18.9	8.2	-70.6	
0.8	-31.2	10.6	-58.3	
-31.2	-14.0	-11.5	-63.2	
-46.0	-38.6	-11.5	-53.3	
-73.0	-21.4	-6.6	-68.1	
-1.7	3.2	-11.5	-53.3	
77.0	25.4	-6.6	-53.3	
133.6	10.6	-6.6	-55.8	
99.2	5.7	-9.1	-53.3	
69.7	-4.1	-9.1	-55.8	
25.4	5.7	-6.6	-58.3	
-28.7	-28.7	-18.9	-50.9	
30.3	-14.0	-16.4	-50.9	
57.4	-31.2	-26.3	-43.5	
96.7	-65.6	-28.7	-41.0	
153.3	-23.8	-23.8	-36.1	
185.3	-9.1	-18.9	-31.2	
175.4	5.7	-14.0	-36.1	
94.3	45.1	-33.7	-26.3	
25.4	15.5	-48.4	-18.9	
3.2	-4.1	-23.8	-16.4	
-38.6	-1.7	-28.7	-11.5	
-46.0	-6.6	-36.1	-6.6	
-90.2	-9.1	-31.2	5.7	
-139.4	47.5	-38.6	-1.7	
-171.4	52.4	-38.6	-4.1	
-159.1	84.4	-31.2	15.5	
-117.3	121.3	-31.2	18.0	
-100.1	123.8	-33.7	25.4	
-38.6	86.9	-31.2	22.9	
42.6	47.5	-43.5	10.6	
74.6	40.1	-28.7	15.5	
101.6	18.0	-38.6	18.0	
109.0	15.5	-31.2	15.5	
96.7	47.5	-33.7	5.7	
84.4	62.3	-21.4	3.2	
72.1	50.0	-21.4	30.3	
18.0	79.5	-23.8	10.6	
-41.0	42.6	-28.7	22.9	
3.2	30.3	-26.3	15.5	
8.2	22.9	-18.9	-11.5	
22.9	-6.6	-28.7	27.8	
113.9	13.1	-9.1	20.5	
232.0	52.4	-21.4	25.4	
256.6	62.3	-18.9	37.7	
163.1	42.6	-9.1	37.7	
91.8	13.1	-16.4	54.9	
-109.9	-1.7	-14.0	45.1	
-328.9	35.2	-11.5	45.1	
-351.0	13.1	-16.4	35.2	
-309.2	3.2	-6.6	32.8	
-176.3	-4.1	-4.1	42.6	
-4.1	-1.7	-4.1	35.2	
62.3	-6.6	-11.5	50.0	
163.1	3.2	-6.6	27.8	
195.1	-9.1	-11.5	30.3	
251.7	-55.8	-11.5	30.3	
288.6	-77.9	-21.4	22.9	
209.9	-75.5	-14.0	20.5	
82.0	-82.9	-21.4	35.2	
-119.8	-85.3	-18.9	42.6	
-181.3	-77.9	-6.6	35.2	
-228.0	-65.6	-14.0	30.3	
-176.3	-75.5	-14.0	32.8	
-149.3	-46.0	-6.6	13.1	
-146.8	-46.0	-1.7	22.9	
-87.8	-68.1	-6.6	35.2	
-28.7	-70.6	-9.1	45.1	
3.2	-73.0	-9.1	45.1	
37.7	-65.6	-11.5	54.9	
50.0	-63.2	-11.5	54.9	
82.0	-63.2	-9.1	52.4	
182.8	-58.3	-21.4	42.6	
165.6	-14.0	-16.4	18.0	
168.1	-21.4	-11.5	47.5	
141.0	-28.7	-9.1	54.9	
143.5	-43.5	-9.1	45.1	
145.9	-36.1	-16.4	69.7	
109.0	-16.4	-16.4	91.8	
10.6	5.7	-9.1	62.3	
-97.6	32.8	0.8	25.4	
-183.7	22.9	0.8	0.8	
-262.4	32.8	3.2	30.3	
-331.3	20.5	3.2	62.3	
-245.2	10.6	20.5	57.4	
-100.1	8.2	5.7	67.2	
32.8	25.4	8.2	64.7	
5.7	27.8	3.2	67.2	
-122.2	37.7	3.2	57.4	
-107.5	35.2	-1.7	59.8	
-33.7	27.8	-9.1	69.7	
57.4	32.8	5.7	79.5	
160.7	30.3	32.8	84.4	
246.8	27.8	45.1	96.7	
219.7	20.5	32.8	126.2	
131.2	25.4	45.1	170.5	
84.4	57.4	32.8	217.3	
0.8	57.4	35.2	205.0	
-82.9	42.6	50.0	175.4	
-141.9	52.4	40.1	-4.1	
-193.6	96.7	47.5	-6.6	
-95.2	94.3	57.4	10.6	
-60.7	94.3	50.0	47.5	
-4.1	79.5	59.8	25.4	
118.9	104.1	62.3	45.1	
232.0	121.3	64.7	57.4	
236.9	116.4	57.4	62.3	
165.6	104.1	50.0	54.9	
126.2	99.2	50.0	62.3	
35.2	113.9	47.5	64.7	
45.1	123.8	45.1	52.4	
52.4	106.6	40.1	62.3	
96.7	104.1	42.6	57.4	
54.9	99.2	50.0	59.8	
30.3	116.4	47.5	57.4	
-58.3	116.4	45.1	64.7	
-164.0	126.2	37.7	62.3	
-114.8	96.7	50.0	69.7	
-90.2	89.3	45.1	69.7	
-16.4	74.6	50.0	72.1	
94.3	74.6	40.1	84.4	
217.3	69.7	47.5	82.0	
239.4	72.1	45.1	86.9	
249.2	77.0	18.0	67.2	
325.5	67.2	18.0	91.8	
310.7	86.9	13.1	84.4	
229.6	67.2	27.8	86.9	
-9.1	82.0	30.3	79.5	
-198.5	84.4	20.5	82.0	
-173.9	82.0	18.0	69.7	
-1.7	101.6	22.9	67.2	
266.5	91.8	30.3	59.8	
455.9	96.7	25.4	50.0	
478.0	94.3	32.8	50.0	
202.5	89.3	32.8	47.5	
-230.5	77.0	10.6	52.4	
-518.3	84.4	0.8	30.3	
-641.3	79.5	-28.7	40.1	
-424.8	64.7	-28.7	40.1	
-33.7	72.1	-21.4	40.1	
227.1	104.1	-31.2	52.4	
396.8	82.0	-33.7	40.1	
438.7	67.2	-50.9	30.3	
357.5	62.3	-55.8	45.1	
84.4	79.5	-48.4	45.1	
-181.3	79.5	-43.5	42.6	
-506.0	79.5	-48.4	35.2	
-584.7	96.7	-48.4	15.5	
-525.7	89.3	-70.6	35.2	
-323.9	79.5	-70.6	27.8	
-161.6	96.7	-90.2	45.1	
-114.8	84.4	-100.1	62.3	
-151.7	72.1	-90.2	52.4	
-122.2	59.8	-95.2	67.2	
-31.2	77.0	-114.8	62.3	
84.4	77.0	-107.5	57.4	
113.9	96.7	-129.6	59.8	
205.0	84.4	-134.5	59.8	
276.3	94.3	-144.4	59.8	
249.2	84.4	-151.7	67.2	
118.9	79.5	-151.7	69.7	
-48.4	74.6	-144.4	79.5	
-188.6	82.0	-154.2	62.3	
-368.2	79.5	-151.7	72.1	
-242.8	59.8	-146.8	74.6	
-100.1	69.7	-141.9	67.2	
-48.4	59.8	-109.9	79.5	
-18.9	52.4	-92.7	67.2	
50.0	59.8	-73.0	40.1	
99.2	67.2	-73.0	35.2	
42.6	45.1	-60.7	22.9	
-1.7	69.7	-60.7	10.6	
-16.4	84.4	-102.5	-9.1	
-9.1	69.7	-122.2	5.7	
18.0	50.0	-151.7	18.0	
69.7	62.3	-132.1	37.7	
57.4	77.0	-132.1	25.4	
77.0	52.4	-144.4	45.1	
126.2	22.9	-97.6	89.3	
163.1	45.1	-90.2	69.7	
170.5	35.2	-77.9	13.1	
133.6	42.6	-85.3	-23.8	
104.1	35.2	-58.3	-77.9	
3.2	47.5	-70.6	-95.2	
20.5	62.3	-58.3	-193.6	
20.5	57.4	-77.9	-112.4	
91.8	52.4	-53.3	-68.1	
136.1	57.4	-43.5	-38.6	
91.8	54.9	-38.6	-26.3	
-1.7	47.5	-26.3	-18.9	
-36.1	59.8	-11.5	-18.9	
-55.8	64.7	-14.0	-1.7	
50.0	67.2	-23.8	-6.6	
74.6	45.1	0.8	10.6	
42.6	52.4	-4.1	10.6	
62.3	42.6	-28.7	25.4	
54.9	42.6	-18.9	25.4	
13.1	32.8	-43.5	45.1	
-176.3	57.4	-31.2	74.6	
-100.1	50.0	8.2	96.7	
67.2	52.4	45.1	113.9	
138.5	64.7	47.5	86.9	
121.3	64.7	64.7	42.6	
138.5	42.6	74.6	22.9	
59.8	57.4	94.3	-28.7	
-134.5	40.1	82.0	64.7	
-112.4	45.1	91.8	109.0	
91.8	74.6	106.6	111.5	
180.4	47.5	143.5	32.8	
357.5	54.9	126.2	-95.2	
384.5	47.5	145.9	-63.2	
232.0	59.8	128.7	0.8	
-58.3	64.7	89.3	10.6	
-245.2	67.2	72.1	5.7	
-205.9	57.4	47.5	20.5	
-242.8	30.3	32.8	15.5	
-146.8	32.8	32.8	27.8	
-16.4	54.9	22.9	27.8	
64.7	54.9	15.5	25.4	
136.1	54.9	47.5	47.5	
133.6	74.6	52.4	35.2	
77.0	57.4	42.6	35.2	
89.3	59.8	22.9	40.1	
42.6	62.3	0.8	47.5	
-63.2	67.2	-60.7	52.4	
-260.0	74.6	-53.3	57.4	
-434.6	77.0	-65.6	57.4	
-326.4	79.5	-55.8	52.4	
-46.0	69.7	-77.9	64.7	
54.9	77.0	-60.7	59.8	
177.9	74.6	-77.9	62.3	
359.9	50.0	-80.4	82.0	
411.6	77.0	-92.7	52.4	
359.9	77.0	-100.1	67.2	
209.9	74.6	-107.5	84.4	
-112.4	99.2	-90.2	84.4	
-402.7	67.2	-102.5	59.8	
-299.3	54.9	-127.1	54.9	
-109.9	77.0	-134.5	50.0	
72.1	27.8	-137.0	45.1	
57.4	18.0	-166.5	57.4	
50.0	40.1	-154.2	54.9	
-21.4	50.0	-161.6	47.5	
-134.5	32.8	-186.2	52.4	
-279.7	42.6	-210.8	52.4	
-282.1	45.1	-183.7	45.1	
-144.4	13.1	-188.6	42.6	
-161.6	-18.9	-223.1	40.1	
-109.9	-18.9	-218.2	42.6	
-18.9	-9.1	-218.2	40.1	
13.1	8.2	-225.5	27.8	
59.8	18.0	-237.8	35.2	
-58.3	42.6	-225.5	30.3	
-41.0	20.5	-237.8	32.8	
-9.1	3.2	-235.4	10.6	
-31.2	27.8	-274.7	8.2	
-68.1	32.8	-274.7	13.1	
25.4	32.8	-250.1	22.9	
35.2	32.8	-245.2	22.9	
52.4	22.9	-267.4	10.6	
118.9	32.8	-287.0	20.5	
106.6	25.4	-314.1	30.3	
30.3	30.3	-299.3	27.8	
25.4	30.3	-304.3	20.5	
91.8	52.4	-282.1	20.5	
200.0	35.2	-257.5	22.9	
249.2	22.9	-215.7	13.1	
212.3	-1.7	-235.4	10.6	
145.9	22.9	-296.9	-4.1	
-68.1	27.8	-314.1	3.2	
-250.1	-6.6	-299.3	10.6	
-198.5	20.5	-309.2	-1.7	
-171.4	-1.7	-279.7	-1.7	
-112.4	27.8	-225.5	-1.7	
-26.3	27.8	-210.8	-14.0	
10.6	10.6	-208.3	-14.0	
74.6	25.4	-225.5	5.7	
123.8	45.1	-225.5	22.9	
111.5	22.9	-237.8	10.6	
82.0	25.4	-255.1	-18.9	
118.9	25.4	-237.8	-16.4	
74.6	25.4	-230.5	-23.8	
111.5	20.5	-269.8	-31.2	
150.8	3.2	-282.1	-46.0	
77.0	42.6	-287.0	-28.7	
37.7	0.8	-267.4	-38.6	
136.1	5.7	-272.3	-43.5	
91.8	20.5	-267.4	-63.2	
30.3	3.2	-262.4	-70.6	
-21.4	10.6	-260.0	-41.0	
22.9	22.9	-260.0	-23.8	
82.0	27.8	-242.8	-16.4	
72.1	-11.5	-230.5	-1.7	
-16.4	-23.8	-230.5	47.5	
-107.5	32.8	-218.2	-21.4	
-137.0	42.6	-220.6	-58.3	
-55.8	40.1	-205.9	-68.1	
10.6	30.3	-188.6	-41.0	
-68.1	40.1	-122.2	-16.4	
-75.5	-4.1	-122.2	-26.3	
-85.3	13.1	-127.1	-38.6	
-87.8	67.2	-154.2	-36.1	
5.7	59.8	-132.1	-23.8	
86.9	47.5	-144.4	15.5	
190.2	77.0	-102.5	0.8	
261.5	59.8	-63.2	-26.3	
347.6	45.1	-41.0	5.7	
377.2	30.3	-36.1	-23.8	
182.8	32.8	-80.4	-33.7	
-151.7	27.8	-100.1	-31.2	
-149.3	37.7	-53.3	-21.4	
-188.6	45.1	-26.3	-38.6	
-100.1	37.7	8.2	-46.0	
3.2	69.7	-4.1	-26.3	
106.6	72.1	-11.5	-48.4	
111.5	57.4	-1.7	-41.0	
79.5	69.7	-33.7	-14.0	
13.1	62.3	-70.6	-4.1	
-178.8	57.4	-92.7	-18.9	
-193.6	67.2	-48.4	0.8	
-114.8	74.6	-11.5	-4.1	
-114.8	40.1	-23.8	3.2	
-16.4	57.4	30.3	-18.9	
109.0	77.0	32.8	-21.4	
116.4	79.5	32.8	-18.9	
20.5	82.0	0.8	-18.9	
-70.6	62.3	30.3	-4.1	
-65.6	57.4	54.9	-11.5	
-31.2	50.0	91.8	-28.7	
-36.1	47.5	131.2	-105.0	
59.8	50.0	141.0	-154.2	
86.9	91.8	136.1	-122.2	
99.2	89.3	180.4	-41.0	
89.3	40.1	256.6	111.5	
82.0	52.4	222.2	42.6	
96.7	84.4	163.1	-28.7	
91.8	77.0	91.8	-68.1	
52.4	84.4	113.9	-90.2	
52.4	67.2	116.4	-38.6	
64.7	94.3	101.6	-23.8	
64.7	86.9	54.9	-70.6	
67.2	84.4	32.8	-171.4	
64.7	111.5	35.2	-161.6	
74.6	121.3	5.7	-119.8	
57.4	113.9	74.6	-46.0	
45.1	121.3	86.9	-92.7	
50.0	126.2	106.6	-112.4	
15.5	128.7	148.4	-100.1	
-4.1	160.7	202.5	-31.2	
-63.2	128.7	236.9	-36.1	
-14.0	99.2	244.3	-11.5	
62.3	126.2	286.1	-85.3	
94.3	123.8	283.7	-193.6	
109.0	111.5	239.4	-151.7	
79.5	116.4	126.2	-129.6	
-21.4	111.5	10.6	-134.5	
-6.6	113.9	30.3	-134.5	
5.7	145.9	67.2	-173.9	
30.3	123.8	116.4	-137.0	
40.1	96.7	158.2	-112.4	
123.8	101.6	185.3	-92.7	
197.6	96.7	173.0	-85.3	
202.5	82.0	143.5	-134.5	
158.2	109.0	116.4	-186.2	
47.5	116.4	32.8	-119.8	
-55.8	123.8	77.0	-122.2	
-97.6	148.4	64.7	-109.9	
-70.6	177.9	155.8	-119.8	
91.8	173.0	241.9	-134.5	
239.4	163.1	229.6	-107.5	
273.8	190.2	128.7	-48.4	
308.3	168.1	-1.7	8.2	
241.9	165.6	-196.0	-31.2	
47.5	131.2	-208.3	-16.4	
-245.2	121.3	-218.2	-33.7	
-328.9	136.1	-232.9	-43.5	
-210.8	143.5	-154.2	-41.0	
-75.5	170.5	-112.4	-4.1	
0.8	163.1	-183.7	10.6	
54.9	155.8	-210.8	30.3	
143.5	173.0	-328.9	27.8	
136.1	158.2	-439.6	47.5	
-9.1	153.3	-474.0	15.5	
-41.0	128.7	-518.3	30.3	
126.2	111.5	-582.2	59.8	
150.8	99.2	-478.9	-1.7	
170.5	99.2	-410.0	-31.2	
54.9	89.3	-375.6	-31.2	
-112.4	89.3	-412.5	-26.3	
-228.0	91.8	-550.3	-9.1	
-149.3	77.0	-555.2	-14.0	
-55.8	52.4	-589.6	-14.0	
-31.2	42.6	-734.8	-6.6	
-11.5	30.3	-732.3	-31.2	
-38.6	15.5	-749.5	-14.0	
-65.6	8.2	-806.1	-16.4	
-137.0	-11.5	-870.1	-6.6	
-151.7	-33.7	-877.4	-11.5	
-105.0	-50.9	-712.6	-9.1	
-85.3	-50.9	-683.1	-33.7	
-68.1	-73.0	-685.6	-43.5	
-63.2	-80.4	-715.1	-11.5	
-28.7	-102.5	-678.2	-23.8	
5.7	-97.6	-737.2	-1.7	
22.9	-109.9	-845.5	13.1	
47.5	-112.4	-887.3	13.1	
40.1	-112.4	-798.7	5.7	
3.2	-124.7	-572.4	-11.5	
13.1	-112.4	-498.6	-28.7	
32.8	-127.1	-542.9	-26.3	
-58.3	-137.0	-417.4	-26.3	
-48.4	-137.0	-368.2	-18.9	
-28.7	-124.7	-483.8	-23.8	
-63.2	-132.1	-476.5	-31.2	
-82.9	-127.1	-348.5	-70.6	
-75.5	-127.1	-304.3	-55.8	
-65.6	-129.6	-260.0	-48.4	
-80.4	-139.4	-208.3	-58.3	
-18.9	-134.5	-176.3	-70.6	
47.5	-114.8	-151.7	-114.8	
153.3	-119.8	5.7	-75.5	
155.8	-109.9	104.1	-43.5	
27.8	-109.9	145.9	-58.3	
-161.6	-95.2	170.5	-28.7	
-274.7	-87.8	224.6	-23.8	
-178.8	-85.3	249.2	-87.8	
0.8	-82.9	362.4	-215.7	
116.4	-73.0	342.7	-178.8	
27.8	-65.6	332.9	-146.8	
-124.7	-55.8	325.5	-75.5	
-127.1	-48.4	318.1	-48.4	
37.7	-23.8	391.9	-50.9	
205.0	-6.6	475.6	-95.2	
315.7	3.2	542.0	-95.2	
305.8	13.1	500.2	-105.0	
219.7	27.8	571.5	-36.1	
72.1	32.8	598.6	54.9	
-370.7	52.4	751.1	79.5	
-911.9	62.3	859.3	-1.7	
-759.4	57.4	947.9	-28.7	
-373.1	69.7	874.1	-46.0	
-14.0	82.0	832.3	-36.1	
131.2	84.4	765.8	138.5	
160.7	91.8	588.7	241.9	
79.5	99.2	561.7	214.8	
-58.3	111.5	605.9	288.6	
-183.7	123.8	605.9	276.3	
-169.0	131.2	697.0	133.6	
-132.1	128.7	682.2	18.0	
-58.3	109.0	711.7	-38.6	
18.0	123.8	662.5	-43.5	
52.4	145.9	704.3	47.5	
180.4	145.9	682.2	8.2	
288.6	128.7	704.3	-11.5	
296.0	150.8	731.4	-9.1	
256.6	158.2	701.9	-14.0	
101.6	145.9	655.1	-28.7	
-159.1	138.5	645.3	-18.9	
-124.7	128.7	618.2	-31.2	
-16.4	116.4	608.4	-31.2	
-58.3	133.6	576.4	-41.0	
-198.5	136.1	510.0	-31.2	
-296.9	141.0	465.7	-36.1	
-127.1	118.9	448.5	-53.3	
-50.9	128.7	421.4	-48.4	
15.5	106.6	372.2	-16.4	
35.2	91.8	328.0	-6.6	
67.2	89.3	318.1	-28.7	
86.9	94.3	298.4	-23.8	
131.2	77.0	273.8	-63.2	
126.2	91.8	200.0	-95.2	
155.8	109.0	138.5	-92.7	
91.8	111.5	79.5	-75.5	
91.8	79.5	57.4	-68.1	
25.4	89.3	0.8	-132.1	
-102.5	72.1	-21.4	-124.7	
-122.2	64.7	-43.5	-149.3	
-82.9	86.9	-87.8	-127.1	
-90.2	72.1	-161.6	-97.6	
-18.9	59.8	-255.1	-60.7	
5.7	89.3	-257.5	-90.2	
27.8	89.3	-232.9	-95.2	
52.4	72.1	-260.0	-68.1	
79.5	64.7	-277.2	-63.2	
67.2	32.8	-299.3	-43.5	
25.4	25.4	-375.6	-50.9	
-14.0	59.8	-360.8	-31.2	
-31.2	64.7	-306.7	-21.4	
-65.6	62.3	-314.1	-11.5	
-65.6	35.2	-277.2	-43.5	
-6.6	45.1	-225.5	-80.4	
35.2	18.0	-274.7	-100.1	
64.7	30.3	-252.6	-92.7	
45.1	40.1	-262.4	-82.9	
54.9	72.1	-331.3	-77.9	
59.8	67.2	-346.1	-80.4	
91.8	74.6	-242.8	-77.9	
82.0	57.4	-171.4	-65.6	
50.0	37.7	-129.6	-90.2	
25.4	50.0	-90.2	-60.7	
-31.2	54.9	-53.3	-90.2	
-53.3	50.0	32.8	-63.2	
-16.4	64.7	170.5	-38.6	
35.2	54.9	328.0	-65.6	
59.8	47.5	222.2	-77.9	
64.7	47.5	131.2	-100.1	
50.0	47.5	104.1	-87.8	
52.4	45.1	40.1	-55.8	
27.8	52.4	-36.1	-41.0	
27.8	54.9	138.5	20.5	
62.3	45.1	195.1	20.5	
37.7	32.8	72.1	47.5	
15.5	25.4	170.5	69.7	
18.0	18.0	278.8	62.3	
27.8	37.7	404.2	-48.4	
-6.6	35.2	465.7	-82.9	
-38.6	32.8	478.0	0.8	
59.8	35.2	337.8	94.3	
133.6	52.4	234.5	89.3	
158.2	42.6	145.9	86.9	
141.0	27.8	109.0	77.0	
113.9	32.8	109.0	111.5	
-31.2	37.7	109.0	59.8	
54.9	25.4	168.1	57.4	
185.3	40.1	163.1	-18.9	
131.2	27.8	163.1	-75.5	
-109.9	30.3	153.3	-16.4	
-321.5	27.8	158.2	25.4	
-228.0	27.8	177.9	45.1	
-114.8	32.8	175.4	57.4	
-73.0	42.6	190.2	52.4	
-11.5	30.3	227.1	-28.7	
-75.5	10.6	227.1	-43.5	
-11.5	20.5	229.6	-31.2	
160.7	22.9	192.7	84.4	
118.9	27.8	145.9	165.6	
15.5	25.4	170.5	62.3	
-144.4	42.6	168.1	-1.7	
-341.2	10.6	155.8	89.3	
-341.2	18.0	165.6	77.0	
-316.6	18.0	163.1	52.4	
-144.4	10.6	155.8	52.4	
5.7	18.0	155.8	-58.3	
79.5	22.9	168.1	-43.5	
136.1	42.6	163.1	-16.4	
96.7	25.4	133.6	-58.3	
3.2	35.2	118.9	-75.5	
-38.6	35.2	109.0	-73.0	
-92.7	35.2	82.0	-33.7	
-53.3	32.8	99.2	-1.7	
13.1	37.7	96.7	-1.7	
-41.0	30.3	91.8	13.1	
-105.0	18.0	74.6	32.8	
-97.6	32.8	62.3	50.0	
-9.1	5.7	42.6	35.2	
42.6	0.8	50.0	-9.1	
54.9	13.1	22.9	-73.0	
62.3	30.3	20.5	-112.4	
99.2	40.1	15.5	-92.7	
99.2	25.4	45.1	-82.9	
69.7	20.5	59.8	-137.0	
15.5	3.2	67.2	-230.5	
-23.8	-9.1	42.6	-166.5	
-85.3	-14.0	27.8	-114.8	
-21.4	-16.4	18.0	-134.5	
3.2	-21.4	8.2	-53.3	
64.7	-11.5	3.2	15.5	
113.9	13.1	15.5	-33.7	
91.8	-1.7	35.2	-154.2	
74.6	-26.3	40.1	-149.3	
59.8	-50.9	22.9	-198.5	
30.3	-50.9	-18.9	-242.8	
-16.4	-46.0	-6.6	-132.1	
-14.0	15.5	25.4	-137.0	
45.1	84.4	57.4	-228.0	
72.1	118.9	30.3	-250.1	
62.3	128.7	10.6	-272.3	
-4.1	59.8	-4.1	-210.8	
-58.3	59.8	-33.7	-169.0	
-28.7	57.4	-48.4	-183.7	
-1.7	32.8	67.2	-208.3	
25.4	20.5	121.3	-267.4	
35.2	25.4	91.8	-269.8	
30.3	27.8	-4.1	-287.0	
45.1	10.6	-80.4	-220.6	
35.2	0.8	-100.1	-176.3	
30.3	-4.1	-119.8	-200.9	
37.7	20.5	-92.7	-159.1	
30.3	32.8	-58.3	-75.5	
37.7	3.2	15.5	-4.1	
42.6	20.5	32.8	-60.7	
42.6	42.6	-6.6	-169.0	
37.7	69.7	-46.0	-296.9	
47.5	82.0	-60.7	-390.4	
72.1	52.4	-11.5	-198.5	
94.3	37.7	25.4	-245.2	
128.7	20.5	27.8	-272.3	
145.9	37.7	5.7	-240.3	
138.5	45.1	-23.8	-193.6	
62.3	45.1	-48.4	-200.9	
42.6	10.6	-46.0	-213.2	
50.0	40.1	-26.3	-151.7	
-14.0	82.0	8.2	-188.6	
-41.0	47.5	30.3	-137.0	
-87.8	-4.1	22.9	-141.9	
-36.1	-43.5	32.8	-109.9	
-11.5	-18.9	67.2	-77.9	
30.3	15.5	77.0	-68.1	
18.0	40.1	59.8	-48.4	
20.5	-9.1	74.6	-26.3	
-28.7	5.7	77.0	5.7	
-16.4	50.0	86.9	-1.7	
42.6	42.6	86.9	18.0	
101.6	10.6	94.3	27.8	
170.5	-48.4	82.0	47.5	
246.8	-46.0	79.5	59.8	
217.3	-50.9	84.4	59.8	
168.1	-26.3	111.5	62.3	
126.2	-36.1	94.3	79.5	
-11.5	-26.3	106.6	94.3	
-109.9	-16.4	101.6	94.3	
-193.6	-16.4	79.5	109.0	
-228.0	35.2	72.1	116.4	
-176.3	32.8	67.2	128.7	
-132.1	20.5	77.0	128.7	
0.8	-18.9	79.5	131.2	
261.5	-11.5	77.0	148.4	
337.8	0.8	67.2	153.3	
305.8	-4.1	72.1	155.8	
165.6	37.7	74.6	170.5	
27.8	37.7	62.3	170.5	
-137.0	8.2	50.0	165.6	
-304.3	-55.8	57.4	160.7	
-299.3	-60.7	74.6	143.5	
-193.6	-26.3	69.7	148.4	
-90.2	-33.7	69.7	143.5	
-53.3	-14.0	94.3	153.3	
-14.0	-16.4	106.6	131.2	
91.8	-18.9	101.6	101.6	
232.0	-28.7	118.9	109.0	
300.9	-28.7	131.2	141.0	
291.1	-31.2	138.5	185.3	
109.0	-26.3	133.6	145.9	
-75.5	-28.7	128.7	141.0	
-132.1	-1.7	128.7	131.2	
-169.0	-14.0	111.5	173.0	
-87.8	-4.1	104.1	109.0	
-60.7	-4.1	86.9	175.4	
20.5	3.2	72.1	249.2	
74.6	5.7	59.8	177.9	
67.2	15.5	59.8	158.2	
-60.7	8.2	32.8	158.2	
-205.9	-18.9	35.2	150.8	
-210.8	-16.4	13.1	128.7	
-100.1	-21.4	15.5	72.1	
-46.0	-14.0	8.2	101.6	
25.4	22.9	8.2	121.3	
59.8	74.6	-4.1	91.8	
77.0	72.1	-23.8	47.5	
99.2	74.6	-55.8	158.2	
99.2	30.3	-38.6	190.2	
84.4	30.3	-60.7	126.2	
64.7	64.7	-33.7	-14.0	
77.0	82.0	-11.5	-154.2	
94.3	101.6	25.4	-169.0	
141.0	89.3	35.2	-102.5	
168.1	45.1	0.8	30.3	
173.0	35.2	-11.5	227.1	
126.2	22.9	-36.1	239.4	
30.3	10.6	-75.5	101.6	
-55.8	22.9	-43.5	84.4	
-100.1	47.5	-31.2	104.1	
-50.9	74.6	-55.8	155.8	
30.3	74.6	-80.4	133.6	
47.5	42.6	-68.1	52.4	
64.7	45.1	-43.5	40.1	
74.6	35.2	-48.4	45.1	
109.0	27.8	-53.3	69.7	
118.9	27.8	-46.0	32.8	
109.0	52.4	-70.6	35.2	
128.7	74.6	-70.6	-9.1	
121.3	47.5	-77.9	-38.6	
45.1	40.1	-87.8	-14.0	
-38.6	52.4	-100.1	-23.8	
-16.4	54.9	-85.3	-26.3	
35.2	37.7	-87.8	-43.5	
84.4	10.6	-100.1	-68.1	
126.2	0.8	-102.5	-73.0	
106.6	42.6	-102.5	-73.0	
91.8	64.7	-117.3	-80.4	
32.8	35.2	-109.9	-82.9	
59.8	42.6	-119.8	-87.8	
138.5	52.4	-144.4	-90.2	
150.8	22.9	-124.7	-102.5	
82.0	27.8	-119.8	-107.5	
35.2	54.9	-122.2	-137.0	
-102.5	54.9	-107.5	-124.7	
-215.7	57.4	-114.8	-122.2	
-151.7	62.3	-122.2	-139.4	
-33.7	64.7	-117.3	-117.3	
47.5	25.4	-117.3	-139.4	
86.9	10.6	-112.4	-146.8	
96.7	27.8	-119.8	-124.7	
64.7	-14.0	-117.3	-95.2	
40.1	25.4	-119.8	-109.9	
8.2	86.9	-107.5	-117.3	
20.5	54.9	-117.3	-85.3	
27.8	-6.6	-109.9	-73.0	
64.7	50.0	-114.8	-102.5	
74.6	50.0	-119.8	-122.2	
64.7	-6.6	-102.5	-90.2	
69.7	-119.8	-97.6	-75.5	
57.4	-102.5	-80.4	-77.9	
72.1	-65.6	-73.0	-65.6	
79.5	-38.6	-75.5	-43.5	
79.5	-53.3	-60.7	-26.3	
69.7	-77.9	-58.3	-9.1	
72.1	-60.7	-48.4	37.7	
84.4	-14.0	-28.7	84.4	
111.5	-11.5	-38.6	175.4	
106.6	-14.0	-48.4	42.6	
99.2	-23.8	-41.0	5.7	
96.7	-9.1	-18.9	45.1	
101.6	-26.3	-16.4	96.7	
94.3	10.6	13.1	74.6	
96.7	37.7	27.8	99.2	
99.2	40.1	30.3	104.1	
96.7	5.7	42.6	116.4	
91.8	8.2	45.1	177.9	
82.0	5.7	50.0	165.6	
79.5	-1.7	50.0	126.2	
50.0	-21.4	59.8	123.8	
72.1	-23.8	74.6	123.8	
86.9	-11.5	82.0	126.2	
82.0	15.5	74.6	177.9	
101.6	15.5	79.5	249.2	
86.9	20.5	84.4	197.6	
96.7	27.8	99.2	155.8	
54.9	32.8	84.4	160.7	
69.7	32.8	74.6	153.3	
106.6	40.1	94.3	173.0	
94.3	35.2	106.6	241.9	
82.0	30.3	121.3	222.2	
52.4	30.3	116.4	315.7	
27.8	40.1	131.2	288.6	
25.4	15.5	131.2	118.9	
52.4	37.7	131.2	143.5	
89.3	47.5	133.6	145.9	
106.6	40.1	143.5	133.6	
89.3	32.8	138.5	153.3	
74.6	20.5	155.8	138.5	
8.2	8.2	150.8	67.2	
-82.9	-16.4	175.4	94.3	
-38.6	-11.5	170.5	126.2	
-4.1	-21.4	175.4	72.1	
35.2	-28.7	195.1	67.2	
22.9	-14.0	175.4	111.5	
40.1	5.7	190.2	121.3	
96.7	18.0	182.8	209.9	
106.6	0.8	202.5	121.3	
96.7	-4.1	187.7	37.7	
106.6	-4.1	163.1	150.8	
224.6	-4.1	175.4	205.0	
273.8	3.2	173.0	173.0	
332.9	0.8	168.1	89.3	
345.2	0.8	182.8	99.2	
310.7	22.9	170.5	123.8	
158.2	15.5	168.1	138.5	
-68.1	-1.7	168.1	126.2	
-415.0	-4.1	170.5	101.6	
-614.2	-26.3	160.7	86.9	
-410.0	-9.1	143.5	91.8	
-272.3	15.5	145.9	84.4	
-100.1	13.1	136.1	84.4	
-11.5	5.7	128.7	91.8	
-1.7	18.0	133.6	72.1	
-33.7	13.1	141.0	67.2	
0.8	-9.1	138.5	77.0	
54.9	-43.5	133.6	79.5	
15.5	-73.0	111.5	106.6	
-26.3	-41.0	126.2	128.7	
3.2	-4.1	138.5	69.7	
0.8	-23.8	141.0	52.4	
-21.4	-36.1	128.7	64.7	
-92.7	-14.0	131.2	136.1	
-119.8	0.8	118.9	145.9	
-65.6	5.7	111.5	128.7	
3.2	5.7	106.6	91.8	
91.8	18.0	106.6	72.1	
136.1	10.6	104.1	40.1	
170.5	0.8	104.1	54.9	
153.3	-4.1	106.6	64.7	
96.7	3.2	94.3	50.0	
47.5	-9.1	106.6	32.8	
-11.5	-21.4	109.0	54.9	
-6.6	-14.0	94.3	54.9	
30.3	-11.5	79.5	57.4	
84.4	-38.6	82.0	57.4	
96.7	-36.1	67.2	54.9	
94.3	-31.2	69.7	67.2	
10.6	-28.7	79.5	57.4	
-154.2	-21.4	74.6	57.4	
-151.7	-23.8	72.1	94.3	
-68.1	-33.7	89.3	182.8	
-11.5	-16.4	94.3	276.3	
57.4	-31.2	89.3	219.7	
106.6	-23.8	67.2	64.7	
94.3	-11.5	84.4	-48.4	
62.3	-43.5	96.7	-87.8	
32.8	-53.3	99.2	-137.0	
-46.0	-9.1	94.3	-43.5	
-38.6	-43.5	109.0	86.9	
79.5	-55.8	111.5	50.0	
121.3	-46.0	113.9	15.5	
116.4	-68.1	121.3	54.9	
42.6	-68.1	113.9	64.7	
42.6	-48.4	116.4	59.8	
-9.1	-80.4	126.2	27.8	
-58.3	-100.1	128.7	86.9	
-53.3	-43.5	123.8	62.3	
5.7	32.8	138.5	32.8	
20.5	10.6	133.6	27.8	
8.2	-53.3	163.1	20.5	
8.2	-48.4	182.8	13.1	
-4.1	-16.4	187.7	-1.7	
-105.0	-4.1	168.1	-4.1	
-132.1	13.1	138.5	-4.1	
-166.5	8.2	123.8	-11.5	
-137.0	5.7	91.8	-4.1	
-48.4	42.6	89.3	-4.1	
-18.9	40.1	59.8	3.2	
-18.9	15.5	52.4	-6.6	
32.8	-21.4	47.5	-23.8	
99.2	-21.4	42.6	-6.6	
128.7	-26.3	32.8	-4.1	
126.2	25.4	20.5	-6.6	
32.8	57.4	18.0	0.8	
-181.3	8.2	5.7	15.5	
-235.4	-4.1	0.8	5.7	
-156.7	8.2	-16.4	10.6	
-68.1	-1.7	-11.5	27.8	
3.2	-11.5	-1.7	10.6	
10.6	-1.7	-4.1	27.8	
32.8	5.7	-4.1	22.9	
32.8	20.5	-4.1	20.5	
25.4	22.9	-14.0	32.8	
25.4	25.4	-16.4	37.7	
18.0	40.1	-26.3	27.8	
18.0	47.5	-31.2	35.2	
50.0	52.4	-18.9	32.8	
13.1	57.4	-28.7	35.2	
-26.3	45.1	-21.4	32.8	
-68.1	54.9	-23.8	22.9	
-77.9	69.7	-28.7	25.4	
25.4	91.8	-23.8	30.3	
104.1	84.4	-38.6	18.0	
118.9	57.4	-18.9	18.0	
145.9	59.8	-21.4	27.8	
143.5	84.4	-31.2	30.3	
47.5	62.3	-31.2	27.8	
-132.1	74.6	-31.2	27.8	
-191.1	72.1	-36.1	30.3	
30.3	86.9	-33.7	37.7	
175.4	74.6	-31.2	40.1	
197.6	72.1	-23.8	50.0	
123.8	84.4	-26.3	57.4	
143.5	86.9	-33.7	42.6	
62.3	74.6	-33.7	52.4	
-77.9	42.6	-50.9	32.8	
-82.9	25.4	-43.5	67.2	
-28.7	47.5	-41.0	72.1	
5.7	52.4	-31.2	54.9	
-33.7	54.9	-50.9	45.1	
-53.3	52.4	-60.7	42.6	
-114.8	77.0	-38.6	82.0	
-14.0	106.6	-43.5	64.7	
-55.8	84.4	-55.8	20.5	
-87.8	84.4	-60.7	32.8	
-38.6	77.0	-48.4	42.6	
-70.6	57.4	-43.5	40.1	
-164.0	84.4	-60.7	32.8	
-269.8	82.0	-65.6	25.4	
-296.9	50.0	-50.9	22.9	
-215.7	57.4	-63.2	3.2	
-41.0	50.0	-58.3	8.2	
91.8	54.9	-63.2	-11.5	
212.3	50.0	-60.7	20.5	
251.7	45.1	-58.3	13.1	
163.1	74.6	-60.7	-9.1	
-4.1	54.9	-68.1	-4.1	
-272.3	99.2	-68.1	-18.9	
-355.9	94.3	-58.3	-23.8	
-346.1	62.3	-68.1	-23.8	
-183.7	47.5	-73.0	45.1	
22.9	74.6	-58.3	-11.5	
155.8	72.1	-60.7	-41.0	
259.1	62.3	-63.2	-80.4	
332.9	64.7	-73.0	-33.7	
291.1	59.8	-58.3	-1.7	
288.6	69.7	-63.2	-38.6	
259.1	57.4	-50.9	-43.5	
-38.6	77.0	-53.3	-28.7	
-105.0	109.0	-55.8	-36.1	
-127.1	94.3	-50.9	-31.2	
-112.4	91.8	-58.3	-50.9	
-141.9	126.2	-43.5	-117.3	
-228.0	94.3	-48.4	-109.9	
-92.7	86.9	-53.3	-82.9	
-41.0	91.8	-48.4	-75.5	
-60.7	64.7	-43.5	-28.7	
-58.3	64.7	-41.0	5.7	
-43.5	74.6	-26.3	-58.3	
-63.2	79.5	-31.2	-60.7	
40.1	54.9	-26.3	-85.3	
99.2	62.3	-31.2	-92.7	
91.8	59.8	-28.7	-26.3	
111.5	42.6	-31.2	-48.4	
133.6	30.3	-16.4	-14.0	
52.4	47.5	-18.9	-4.1	
3.2	101.6	-21.4	-11.5	
5.7	42.6	-14.0	-21.4	
118.9	-14.0	-23.8	-23.8	
123.8	-9.1	-14.0	-11.5	
101.6	-21.4	-16.4	0.8	
89.3	-26.3	-21.4	-9.1	
118.9	-33.7	-16.4	0.8	
74.6	-21.4	-9.1	8.2	
22.9	-18.9	-1.7	3.2	
-1.7	-33.7	-21.4	32.8	
3.2	-43.5	-21.4	45.1	
35.2	-53.3	-1.7	45.1	
27.8	-77.9	10.6	69.7	
50.0	-85.3	50.0	47.5	
136.1	-60.7	50.0	27.8	
145.9	-73.0	52.4	15.5	
47.5	-100.1	64.7	52.4	
-166.5	-95.2	52.4	62.3	
-159.1	-107.5	35.2	69.7	
8.2	-112.4	20.5	45.1	
84.4	-117.3	-4.1	27.8	
64.7	-139.4	5.7	-18.9	
27.8	-146.8	15.5	27.8	
118.9	-144.4	25.4	8.2	
153.3	-161.6	35.2	35.2	
79.5	-156.7	32.8	35.2	
-60.7	-129.6	25.4	27.8	
-46.0	-124.7	5.7	57.4	
101.6	-87.8	32.8	10.6	
84.4	-53.3	35.2	13.1	
54.9	-31.2	47.5	35.2	
-46.0	-21.4	54.9	30.3	
-70.6	-1.7	32.8	13.1	
-144.4	37.7	13.1	-16.4	
-161.6	94.3	-4.1	-11.5	
59.8	155.8	-4.1	5.7	
214.8	214.8	-4.1	15.5	
219.7	232.0	-14.0	22.9	
224.6	246.8	-9.1	20.5	
254.2	227.1	-14.0	30.3	
27.8	239.4	-16.4	40.1	
-166.5	222.2	-14.0	37.7	
-36.1	232.0	-33.7	50.0	
52.4	222.2	-31.2	42.6	
-18.9	180.4	-28.7	62.3	
-294.4	170.5	-33.7	69.7	
-242.8	145.9	-23.8	69.7	
-46.0	126.2	-41.0	82.0	
89.3	91.8	-31.2	89.3	
104.1	62.3	-31.2	86.9	
106.6	22.9	-33.7	96.7	
69.7	25.4	-33.7	99.2	
-58.3	30.3	-36.1	109.0	
-97.6	-23.8	-43.5	104.1	
-80.4	-53.3	-41.0	104.1	
25.4	-70.6	-53.3	116.4	
69.7	-43.5	-48.4	116.4	
-41.0	-36.1	-41.0	113.9	
-33.7	-82.9	-50.9	121.3	
50.0	-58.3	-36.1	121.3	
67.2	-68.1	-41.0	104.1	
-55.8	-43.5	-46.0	104.1	
-122.2	-23.8	-50.9	109.0	
-21.4	-21.4	-41.0	101.6	
52.4	8.2	-43.5	99.2	
121.3	8.2	-48.4	89.3	
173.0	-6.6	-48.4	86.9	
256.6	40.1	-53.3	64.7	
219.7	35.2	-38.6	72.1	
79.5	50.0	-36.1	62.3	
54.9	40.1	-28.7	62.3	
59.8	72.1	-33.7	89.3	
15.5	64.7	-21.4	27.8	
89.3	35.2	-28.7	5.7	
222.2	67.2	-21.4	-6.6	
197.6	59.8	-14.0	-18.9	
128.7	67.2	-21.4	-4.1	
145.9	25.4	-23.8	-11.5	
-33.7	37.7	-26.3	-16.4	
-50.9	25.4	-9.1	-14.0	
-14.0	20.5	-11.5	-14.0	
-77.9	25.4	0.8	-26.3	
-260.0	15.5	-4.1	-18.9	
-200.9	35.2	5.7	-26.3	
-63.2	25.4	5.7	-33.7	
15.5	-23.8	0.8	-38.6	
59.8	-53.3	8.2	-33.7	
170.5	-50.9	15.5	-31.2	
168.1	-18.9	25.4	-21.4	
153.3	-4.1	32.8	-31.2	
177.9	25.4	32.8	-33.7	
96.7	15.5	37.7	-31.2	
-80.4	15.5	47.5	-16.4	
-210.8	-9.1	50.0	-23.8	
-161.6	-43.5	32.8	-26.3	
-80.4	25.4	45.1	-26.3	
20.5	0.8	32.8	-9.1	
136.1	-26.3	47.5	-28.7	
158.2	-41.0	30.3	-11.5	
77.0	-75.5	45.1	-4.1	
-55.8	-60.7	42.6	-16.4	
-107.5	-68.1	37.7	-6.6	
-107.5	-41.0	52.4	0.8	
-23.8	-36.1	40.1	-1.7	
47.5	-55.8	37.7	0.8	
138.5	-63.2	57.4	-6.6	
121.3	-53.3	50.0	0.8	
126.2	-58.3	45.1	8.2	
128.7	-75.5	59.8	-4.1	
40.1	-77.9	54.9	-14.0	
25.4	-65.6	35.2	-16.4	
-4.1	-75.5	27.8	-4.1	
-65.6	-77.9	13.1	-9.1	
-169.0	-92.7	5.7	-18.9	
-124.7	-90.2	18.0	-21.4	
-1.7	-112.4	27.8	-14.0	
84.4	-90.2	32.8	-28.7	
104.1	-95.2	20.5	-31.2	
133.6	-112.4	18.0	-28.7	
84.4	-114.8	18.0	-14.0	
47.5	-87.8	20.5	-18.9	
54.9	-68.1	25.4	-26.3	
77.0	-75.5	32.8	-23.8	
128.7	-65.6	15.5	-50.9	
200.0	-63.2	37.7	-50.9	
153.3	-77.9	42.6	-28.7	
180.4	-50.9	47.5	-28.7	
224.6	-48.4	15.5	-48.4	
180.4	-43.5	25.4	-43.5	
-43.5	-46.0	25.4	-31.2	
-277.2	-28.7	30.3	-41.0	
-269.8	-36.1	22.9	-46.0	
-139.4	-38.6	25.4	-48.4	
-28.7	-53.3	22.9	-53.3	
239.4	-43.5	37.7	-58.3	
411.6	-41.0	18.0	-48.4	
542.0	-33.7	13.1	-48.4	
510.0	-41.0	32.8	-50.9	
423.9	-31.2	22.9	-41.0	
173.0	-36.1	22.9	-53.3	
-48.4	-38.6	8.2	-48.4	
-141.9	-21.4	15.5	-41.0	
-117.3	-26.3	27.8	-18.9	
0.8	-31.2	8.2	-4.1	
136.1	-55.8	-11.5	-21.4	
224.6	-77.9	20.5	-26.3	
197.6	-105.0	25.4	-28.7	
214.8	-75.5	-21.4	8.2	
350.1	-85.3	0.8	-36.1	
416.5	-65.6	42.6	-28.7	
374.7	-58.3	52.4	-21.4	
323.0	-55.8	47.5	37.7	
441.1	-68.1	10.6	89.3	
660.1	-65.6	10.6	150.8	
640.4	-58.3	40.1	131.2	
603.5	-73.0	50.0	10.6	
463.3	-95.2	54.9	-97.6	
27.8	-134.5	50.0	-139.4	
-309.2	-154.2	25.4	-119.8	
-299.3	-161.6	-4.1	-60.7	
0.8	-166.5	-14.0	-4.1	
288.6	-112.4	0.8	3.2	
374.7	-80.4	-14.0	-1.7	
308.3	-41.0	-21.4	25.4	
84.4	-11.5	-21.4	40.1	
0.8	8.2	-23.8	50.0	
32.8	52.4	-38.6	67.2	
143.5	91.8	-46.0	89.3	
217.3	106.6	-36.1	96.7	
286.1	145.9	-38.6	118.9	
113.9	165.6	-41.0	133.6	
-198.5	163.1	-33.7	133.6	
-215.7	160.7	-36.1	165.6	
-4.1	170.5	-43.5	175.4	
62.3	160.7	-41.0	177.9	
79.5	163.1	-46.0	190.2	
67.2	155.8	-75.5	200.0	
-171.4	145.9	-73.0	200.0	
-365.8	141.0	-105.0	227.1	
-188.6	133.6	-119.8	241.9	
-215.7	126.2	-100.1	234.5	
-282.1	121.3	-63.2	232.0	
-200.9	99.2	-70.6	236.9	
-105.0	99.2	-55.8	241.9	
-132.1	91.8	-65.6	214.8	
-188.6	106.6	-75.5	229.6	
-144.4	113.9	-75.5	219.7	
-70.6	94.3	-68.1	209.9	
-18.9	77.0	-65.6	185.3	
-6.6	69.7	-63.2	175.4	
-21.4	77.0	-70.6	168.1	
-36.1	96.7	-33.7	160.7	
-97.6	94.3	-43.5	123.8	
-70.6	94.3	-50.9	128.7	
-23.8	113.9	-41.0	91.8	
-11.5	109.0	-55.8	101.6	
-53.3	86.9	-58.3	82.0	
-23.8	106.6	-75.5	86.9	
-63.2	89.3	-77.9	72.1	
-124.7	86.9	-90.2	57.4	
-149.3	67.2	-80.4	59.8	
-122.2	77.0	-68.1	59.8	
-87.8	72.1	-68.1	47.5	
-60.7	82.0	-55.8	42.6	
-36.1	59.8	-55.8	32.8	
-73.0	50.0	-63.2	35.2	
-53.3	69.7	-53.3	22.9	
62.3	57.4	-55.8	25.4	
205.0	57.4	-75.5	22.9	
251.7	72.1	-70.6	32.8	
192.7	47.5	-73.0	25.4	
-65.6	54.9	-80.4	18.0	
-299.3	52.4	-82.9	0.8	
-392.8	72.1	-80.4	-4.1	
-417.4	109.0	-107.5	-14.0	
-107.5	64.7	-107.5	-11.5	
37.7	57.4	-100.1	-14.0	
-18.9	52.4	-109.9	-11.5	
-196.0	57.4	-124.7	-11.5	
-193.6	54.9	-119.8	-16.4	
-328.9	59.8	-100.1	-14.0	
-119.8	64.7	-48.4	-23.8	
116.4	96.7	-80.4	-18.9	
229.6	94.3	-109.9	-16.4	
264.0	74.6	-92.7	-18.9	
128.7	79.5	-75.5	-28.7	
-169.0	50.0	-80.4	-33.7	
-304.3	82.0	-95.2	-31.2	
-146.8	89.3	-107.5	-43.5	
99.2	69.7	-117.3	-43.5	
234.5	84.4	-151.7	-38.6	
224.6	42.6	69.7	52.4	
433.7	50.0	67.2	47.5	
423.9	35.2	62.3	40.1	
288.6	37.7	74.6	42.6	
264.0	32.8	84.4	35.2	
168.1	30.3	82.0	22.9	
136.1	32.8	104.1	37.7	
185.3	22.9	131.2	27.8	
364.9	10.6	126.2	27.8	
300.9	13.1	113.9	25.4	
-73.0	25.4	101.6	10.6	
-360.8	20.5	77.0	8.2	
-173.9	25.4	37.7	-6.6	
-58.3	32.8	35.2	-9.1	
298.4	30.3	10.6	-11.5	
446.0	27.8	42.6	-28.7	
337.8	42.6	64.7	-28.7	
239.4	30.3	84.4	-43.5	
-63.2	25.4	109.0	-53.3	
-218.2	20.5	69.7	-58.3	
-87.8	8.2	32.8	-65.6	
77.0	10.6	20.5	-58.3	
123.8	-1.7	47.5	-68.1	
104.1	0.8	79.5	-87.8	
0.8	35.2	91.8	-80.4	
20.5	40.1	113.9	-80.4	
0.8	27.8	116.4	-70.6	
25.4	37.7	136.1	-68.1	
170.5	47.5	91.8	-75.5	
300.9	54.9	101.6	-70.6	
350.1	59.8	106.6	-73.0	
305.8	59.8	91.8	-73.0	
59.8	72.1	86.9	-68.1	
-63.2	57.4	62.3	-68.1	
-114.8	57.4	64.7	-55.8	
52.4	72.1	67.2	-50.9	
251.7	89.3	62.3	-31.2	
315.7	82.0	57.4	-38.6	
271.4	74.6	64.7	-38.6	
84.4	79.5	59.8	-23.8	
-255.1	64.7	22.9	-21.4	
-319.0	94.3	20.5	-23.8	
-23.8	77.0	30.3	-18.9	
207.4	94.3	5.7	-16.4	
414.1	89.3	0.8	-16.4	
352.6	82.0	-1.7	-9.1	
94.3	91.8	-18.9	-11.5	
-390.4	89.3	-18.9	3.2	
-380.5	101.6	-31.2	0.8	
-191.1	99.2	-28.7	3.2	
-1.7	99.2	-48.4	-6.6	
158.2	99.2	-28.7	13.1	
264.0	91.8	-23.8	0.8	
259.1	101.6	-31.2	5.7	
141.0	104.1	-55.8	-1.7	
-33.7	79.5	-43.5	8.2	
-139.4	99.2	-23.8	-1.7	
-274.7	106.6	-58.3	13.1	
-117.3	91.8	-55.8	13.1	
-50.9	96.7	-53.3	3.2	
27.8	96.7	-55.8	-9.1	
106.6	104.1	-75.5	-6.6	
141.0	96.7	-73.0	-1.7	
-31.2	106.6	-63.2	-21.4	
-97.6	106.6	-60.7	-18.9	
20.5	96.7	-31.2	-18.9	
153.3	101.6	-33.7	-16.4	
273.8	104.1	-50.9	-14.0	
254.2	104.1	-53.3	-4.1	
205.0	118.9	-73.0	-1.7	
0.8	111.5	-36.1	-6.6	
30.3	101.6	-33.7	10.6	
45.1	106.6	-36.1	-6.6	
54.9	104.1	-23.8	-1.7	
-36.1	106.6	-6.6	-4.1	
-200.9	89.3	15.5	8.2	
-235.4	72.1	8.2	15.5	
-127.1	91.8	8.2	35.2	
35.2	79.5	67.2	50.0	
86.9	79.5	42.6	72.1	
113.9	77.0	10.6	30.3	
47.5	72.1	5.7	37.7	
96.7	79.5	0.8	47.5	
251.7	96.7	18.0	-9.1	
438.7	106.6	0.8	-26.3	
542.0	91.8	-4.1	-9.1	
409.1	94.3	-4.1	8.2	
64.7	99.2	3.2	37.7	
-378.1	106.6	-9.1	54.9	
-520.7	109.0	22.9	47.5	
-481.4	96.7	50.0	-1.7	
-171.4	106.6	67.2	-1.7	
37.7	101.6	74.6	-48.4	
106.6	111.5	64.7	-16.4	
148.4	104.1	72.1	-4.1	
79.5	128.7	67.2	-1.7	
69.7	141.0	69.7	0.8	
-18.9	160.7	91.8	-11.5	
5.7	163.1	111.5	-9.1	
104.1	185.3	101.6	-14.0	
-16.4	202.5	123.8	-9.1	
-85.3	212.3	128.7	-21.4	
30.3	205.0	155.8	-23.8	
82.0	217.3	158.2	-18.9	
163.1	232.0	165.6	-36.1	
212.3	254.2	143.5	-31.2	
52.4	281.2	170.5	-31.2	
-85.3	283.7	182.8	-36.1	
-230.5	293.5	175.4	-31.2	
-171.4	293.5	165.6	-21.4	
-134.5	273.8	185.3	-33.7	
-48.4	259.1	217.3	-28.7	
-16.4	239.4	222.2	-21.4	
59.8	212.3	180.4	-26.3	
52.4	187.7	177.9	-11.5	
67.2	138.5	143.5	-23.8	
-122.2	89.3	160.7	-38.6	
-55.8	40.1	175.4	-16.4	
141.0	15.5	173.0	5.7	
239.4	8.2	202.5	-11.5	
256.6	-18.9	153.3	-21.4	
160.7	-4.1	111.5	-28.7	
-1.7	-11.5	121.3	-55.8	
121.3	-21.4	160.7	-75.5	
195.1	-9.1	113.9	-58.3	
59.8	5.7	131.2	-38.6	
-176.3	0.8	101.6	-21.4	
-196.0	10.6	79.5	8.2	
-161.6	25.4	84.4	-36.1	
-63.2	13.1	113.9	-33.7	
22.9	-1.7	101.6	-28.7	
-33.7	-14.0	82.0	-28.7	
-82.9	-28.7	84.4	-28.7	
-16.4	-50.9	131.2	-14.0	
-14.0	-55.8	104.1	-14.0	
91.8	-77.9	79.5	-18.9	
227.1	-85.3	123.8	-11.5	
347.6	-75.5	118.9	-18.9	
470.6	-95.2	106.6	-11.5	
436.2	-100.1	128.7	-18.9	
22.9	-102.5	160.7	-14.0	
-383.0	-114.8	163.1	-18.9	
-390.4	-102.5	96.7	-23.8	
-277.2	-109.9	54.9	-1.7	
-58.3	-102.5	40.1	-14.0	
104.1	-102.5	10.6	-14.0	
217.3	-107.5	0.8	0.8	
244.3	-100.1	32.8	13.1	
234.5	-95.2	54.9	10.6	
300.9	-100.1	47.5	32.8	
212.3	-80.4	-60.7	67.2	
-21.4	-77.9	-105.0	62.3	
-146.8	-75.5	-102.5	0.8	
-102.5	-58.3	-107.5	-50.9	
-107.5	-58.3	-132.1	-38.6	
-53.3	-60.7	-1.7	-36.1	
5.7	-63.2	64.7	-36.1	
35.2	-63.2	-11.5	-48.4	
148.4	-77.9	3.2	-28.7	
192.7	-87.8	-14.0	-38.6	
173.0	-90.2	-63.2	-41.0	
-4.1	-80.4	-107.5	-33.7	
-277.2	-102.5	-134.5	-53.3	
-355.9	-119.8	-198.5	-46.0	
-296.9	-122.2	-181.3	-70.6	
-107.5	-134.5	-114.8	-50.9	
25.4	-117.3	-82.9	-53.3	
177.9	-134.5	-68.1	-26.3	
264.0	-139.4	-55.8	-23.8	
241.9	-151.7	-60.7	-28.7	
35.2	-178.8	-90.2	-36.1	
-43.5	-176.3	-95.2	-11.5	
-149.3	-171.4	-122.2	20.5	
-70.6	-173.9	-141.9	104.1	
40.1	-173.9	-171.4	89.3	
101.6	-171.4	-139.4	101.6	
67.2	-176.3	-85.3	-1.7	
126.2	-181.3	-48.4	-50.9	
222.2	-159.1	-85.3	-80.4	
303.4	-159.1	-107.5	0.8	
268.9	-129.6	-139.4	3.2	
-18.9	-112.4	-193.6	-11.5	
-230.5	-90.2	-213.2	-14.0	
-186.2	-82.9	-193.6	18.0	
-196.0	-60.7	-213.2	5.7	
-117.3	-43.5	-205.9	3.2	
-36.1	-28.7	-208.3	20.5	
-63.2	-11.5	-220.6	-1.7	
-60.7	0.8	-220.6	18.0	
-58.3	18.0	-218.2	84.4	
-33.7	32.8	-193.6	67.2	
32.8	52.4	-196.0	-11.5	
40.1	72.1	-208.3	-41.0	
-14.0	64.7	-235.4	-1.7	
20.5	69.7	-257.5	3.2	
86.9	69.7	-237.8	91.8	
118.9	77.0	-250.1	57.4	
128.7	96.7	-228.0	42.6	
72.1	91.8	-208.3	45.1	
84.4	113.9	-208.3	72.1	
0.8	121.3	-220.6	67.2	
13.1	128.7	-198.5	3.2	
182.8	116.4	-191.1	-18.9	
251.7	113.9	-191.1	27.8	
318.1	133.6	-191.1	40.1	
342.7	133.6	-151.7	27.8	
202.5	121.3	-137.0	8.2	
10.6	116.4	-127.1	-1.7	
0.8	116.4	-139.4	35.2	
-6.6	118.9	-164.0	27.8	
-9.1	150.8	-181.3	22.9	
20.5	141.0	-139.4	27.8	
131.2	153.3	-149.3	25.4	
264.0	148.4	-129.6	27.8	
337.8	106.6	-105.0	25.4	
118.9	111.5	-85.3	25.4	
-127.1	131.2	-100.1	18.0	
-437.1	145.9	-82.9	15.5	
-326.4	145.9	-132.1	20.5	
-92.7	192.7	-191.1	45.1	
45.1	212.3	-171.4	35.2	
57.4	219.7	-169.0	20.5	
40.1	217.3	-127.1	5.7	
111.5	219.7	-90.2	-1.7	
141.0	236.9	-95.2	8.2	
133.6	246.8	-46.0	-1.7	
57.4	283.7	-77.9	-14.0	
-50.9	300.9	-129.6	-11.5	
-68.1	310.7	-100.1	-18.9	
-50.9	323.0	-90.2	-23.8	
-114.8	340.3	-137.0	-11.5	
-129.6	325.5	-87.8	-6.6	
-41.0	323.0	-169.0	-1.7	
5.7	315.7	-200.9	3.2	
64.7	288.6	-114.8	-11.5	
133.6	296.0	-68.1	-21.4	
170.5	276.3	-75.5	-28.7	
197.6	261.5	-119.8	-21.4	
195.1	239.4	-132.1	-21.4	
217.3	207.4	-48.4	-23.8	
133.6	197.6	3.2	-41.0	
40.1	160.7	-23.8	-38.6	
86.9	138.5	-60.7	-28.7	
128.7	113.9	-90.2	-28.7	
52.4	79.5	-102.5	-43.5	
69.7	64.7	-114.8	-23.8	
200.0	50.0	-119.8	-18.9	
177.9	40.1	-63.2	-21.4	
212.3	20.5	-21.4	-23.8	
101.6	-9.1	10.6	-26.3	
-144.4	-23.8	32.8	-14.0	
-279.7	-36.1	32.8	-31.2	
-257.5	-70.6	-6.6	-36.1	
-119.8	-75.5	32.8	-23.8	
-21.4	-87.8	40.1	-21.4	
-23.8	-85.3	-11.5	-18.9	
-1.7	-100.1	-11.5	-28.7	
96.7	-85.3	-1.7	-36.1	
244.3	-112.4	-68.1	-23.8	
229.6	-129.6	-75.5	-18.9	
153.3	-137.0	-46.0	8.2	
-149.3	-132.1	-97.6	37.7	
-296.9	-139.4	-114.8	27.8	
-306.7	-127.1	-46.0	37.7	
-114.8	-129.6	-36.1	27.8	
47.5	-127.1	-38.6	20.5	
123.8	-139.4	-31.2	3.2	
148.4	-141.9	-23.8	-6.6	
177.9	-141.9	-26.3	5.7	
77.0	-117.3	-26.3	-1.7	
-36.1	-127.1	-23.8	40.1	
-117.3	-122.2	-23.8	37.7	
-144.4	-117.3	-41.0	5.7	
-80.4	-109.9	-48.4	3.2	
-28.7	-119.8	-11.5	18.0	
47.5	-141.9	20.5	18.0	
143.5	-149.3	54.9	54.9	
209.9	-129.6	96.7	52.4	
300.9	-122.2	72.1	32.8	
251.7	-114.8	89.3	74.6	
232.0	-114.8	116.4	45.1	
-65.6	-122.2	116.4	106.6	
-169.0	-119.8	104.1	165.6	
-114.8	-112.4	113.9	234.5	
-14.0	-102.5	138.5	236.9	
25.4	-95.2	175.4	123.8	
20.5	-73.0	180.4	-73.0	
-134.5	-70.6	192.7	-191.1	
-23.8	-60.7	185.3	-85.3	
-41.0	-85.3	205.0	-21.4	
-95.2	-90.2	234.5	84.4	
-77.9	-87.8	273.8	89.3	
155.8	-92.7	286.1	77.0	
212.3	-100.1	276.3	62.3	
121.3	-82.9	256.6	27.8	
77.0	-80.4	261.5	3.2	
-75.5	-77.9	246.8	-1.7	
-144.4	-82.9	246.8	82.0	
-77.9	-75.5	254.2	67.2	
-117.3	-68.1	276.3	0.8	
-36.1	-46.0	266.5	-1.7	
-149.3	-1.7	273.8	5.7	
40.1	-4.1	271.4	8.2	
232.0	8.2	244.3	64.7	
273.8	-6.6	205.0	106.6	
175.4	-11.5	197.6	173.0	
-46.0	-14.0	182.8	91.8	
-279.7	-23.8	116.4	52.4	
-289.5	-4.1	52.4	59.8	
-134.5	-14.0	91.8	69.7	
-36.1	-43.5	150.8	94.3	
37.7	-16.4	163.1	109.0	
187.7	37.7	160.7	101.6	
249.2	32.8	138.5	101.6	
158.2	22.9	126.2	128.7	
118.9	77.0	99.2	131.2	
20.5	62.3	52.4	106.6	
-218.2	77.0	-16.4	91.8	
-228.0	77.0	5.7	74.6	
-181.3	84.4	20.5	94.3	
-58.3	15.5	25.4	104.1	
45.1	-28.7	0.8	118.9	
64.7	-4.1	0.8	94.3	
-33.7	27.8	-18.9	67.2	
-11.5	10.6	-21.4	89.3	
-18.9	-1.7	-6.6	84.4	
-68.1	-11.5	-1.7	84.4	
-18.9	5.7	-14.0	74.6	
-58.3	-11.5	-28.7	77.0	
-70.6	3.2	-9.1	69.7	
-26.3	5.7	8.2	74.6	
8.2	-14.0	13.1	57.4	
67.2	-28.7	-36.1	50.0	
37.7	-36.1	-50.9	62.3	
121.3	-11.5	-1.7	52.4	
227.1	-9.1	-43.5	52.4	
222.2	18.0	-68.1	40.1	
143.5	32.8	-33.7	37.7	
64.7	3.2	-4.1	25.4	
-87.8	-38.6	13.1	22.9	
-296.9	-1.7	-4.1	27.8	
-149.3	-14.0	-28.7	8.2	
20.5	-16.4	-105.0	-1.7	
168.1	0.8	-156.7	-14.0	
232.0	-6.6	-156.7	-23.8	
-46.0	-11.5	-144.4	-26.3	
-144.4	-23.8	-161.6	-31.2	
-127.1	-4.1	-134.5	-53.3	
-193.6	18.0	-75.5	-23.8	
-144.4	3.2	-77.9	-6.6	
15.5	15.5	-77.9	-14.0	
37.7	47.5	-105.0	-16.4	
-48.4	37.7	-77.9	-36.1	
5.7	20.5	-75.5	-38.6	
-50.9	30.3	-68.1	-58.3	
-171.4	35.2	-87.8	-50.9	
-257.5	27.8	-107.5	-53.3	
-289.5	37.7	-146.8	-6.6	
-264.9	45.1	-154.2	-41.0	
-154.2	42.6	-132.1	-68.1	
-23.8	35.2	-100.1	-73.0	
59.8	45.1	-95.2	-38.6	
77.0	47.5	-92.7	3.2	
62.3	52.4	-105.0	-14.0	
-4.1	42.6	-112.4	5.7	
-9.1	40.1	-97.6	30.3	
84.4	37.7	-109.9	-1.7	
101.6	32.8	-92.7	15.5	
89.3	40.1	-92.7	27.8	
-18.9	25.4	-82.9	32.8	
-205.9	30.3	-75.5	-16.4	
-173.9	25.4	-68.1	-58.3	
-31.2	22.9	-65.6	-33.7	
109.0	32.8	-33.7	-6.6	
5.7	37.7	5.7	32.8	
-109.9	37.7	22.9	22.9	
-33.7	20.5	20.5	-33.7	
3.2	27.8	-43.5	-18.9	
42.6	22.9	-82.9	-23.8	
32.8	22.9	-137.0	8.2	
22.9	27.8	-173.9	13.1	
20.5	22.9	-97.6	5.7	
128.7	15.5	-43.5	20.5	
155.8	27.8	-1.7	40.1	
153.3	35.2	0.8	18.0	
138.5	22.9	-18.9	-18.9	
-63.2	20.5	-14.0	-53.3	
-242.8	20.5	-21.4	15.5	
-203.4	22.9	-28.7	18.0	
-171.4	15.5	-21.4	25.4	
-92.7	20.5	-36.1	-14.0	
-90.2	27.8	-18.9	-23.8	
-26.3	30.3	-28.7	3.2	
-48.4	15.5	-14.0	32.8	
-36.1	10.6	-9.1	40.1	
-43.5	8.2	-9.1	18.0	
-1.7	-1.7	-11.5	-16.4	
45.1	0.8	-18.9	3.2	
86.9	-4.1	-6.6	8.2	
123.8	3.2	-1.7	35.2	
123.8	5.7	5.7	13.1	
77.0	3.2	-11.5	-53.3	
10.6	0.8	-41.0	-9.1	
-53.3	8.2	8.2	22.9	
10.6	-16.4	20.5	50.0	
15.5	-6.6	27.8	-21.4	
37.7	-9.1	59.8	-36.1	
153.3	-11.5	72.1	3.2	
244.3	-18.9	35.2	27.8	
291.1	-21.4	32.8	18.0	
219.7	-28.7	20.5	25.4	
30.3	-41.0	30.3	30.3	
25.4	-46.0	47.5	32.8	
-58.3	-26.3	40.1	42.6	
-14.0	-14.0	-14.0	54.9	
-11.5	-6.6	-132.1	50.0	
-102.5	5.7	-58.3	45.1	
3.2	50.0	32.8	40.1	
79.5	64.7	45.1	30.3	
148.4	84.4	18.0	-14.0	
35.2	89.3	-38.6	-16.4	
50.0	113.9	-16.4	-4.1	
109.0	136.1	35.2	22.9	
104.1	145.9	52.4	13.1	
32.8	168.1	45.1	40.1	
-134.5	165.6	35.2	-6.6	
-188.6	168.1	-28.7	-33.7	
-181.3	168.1	-23.8	-16.4	
-14.0	173.0	-26.3	20.5	
-1.7	148.4	-11.5	47.5	
-159.1	148.4	15.5	-14.0	
-223.1	150.8	35.2	13.1	
-43.5	143.5	25.4	8.2	
111.5	131.2	27.8	-46.0	
136.1	116.4	35.2	-14.0	
239.4	113.9	3.2	5.7	
241.9	116.4	-16.4	-63.2	
126.2	101.6	-1.7	-46.0	
52.4	89.3	0.8	-4.1	
123.8	91.8	-1.7	30.3	
175.4	74.6	-14.0	-14.0	
86.9	72.1	0.8	-28.7	
-102.5	82.0	3.2	-26.3	
-63.2	54.9	0.8	-21.4	
-63.2	69.7	-1.7	-31.2	
-105.0	40.1	10.6	-36.1	
-114.8	67.2	18.0	-11.5	
3.2	37.7	25.4	-21.4	
3.2	32.8	3.2	-38.6	
-28.7	40.1	3.2	-31.2	
59.8	32.8	-21.4	-28.7	
74.6	47.5	-16.4	-21.4	
-105.0	30.3	-9.1	-21.4	
-287.0	35.2	-11.5	-6.6	
-193.6	40.1	-31.2	-14.0	
-117.3	47.5	-38.6	-14.0	
-16.4	64.7	-23.8	-14.0	
-43.5	64.7	-23.8	-11.5	
-151.7	37.7	-21.4	-16.4	
-87.8	47.5	3.2	-16.4	
-16.4	42.6	-14.0	-9.1	
15.5	45.1	-23.8	0.8	
50.0	35.2	-38.6	13.1	
50.0	37.7	-38.6	10.6	
62.3	35.2	-36.1	-18.9	
126.2	22.9	-38.6	-1.7	
145.9	20.5	-58.3	-21.4	
180.4	15.5	-53.3	-28.7	
182.8	20.5	-28.7	-28.7	
94.3	45.1	-63.2	-16.4	
13.1	47.5	-105.0	-14.0	
10.6	35.2	-144.4	-16.4	
13.1	32.8	-144.4	-16.4	
15.5	30.3	-85.3	-23.8	
-58.3	40.1	-65.6	-18.9	
-31.2	40.1	-68.1	-18.9	
-11.5	42.6	-63.2	-21.4	
-18.9	37.7	-50.9	-16.4	
-43.5	32.8	-73.0	-1.7	
-58.3	40.1	-63.2	13.1	
47.5	40.1	-53.3	10.6	
111.5	42.6	-16.4	-1.7	
116.4	27.8	-33.7	-18.9	
143.5	18.0	-102.5	30.3	
128.7	22.9	-114.8	13.1	
109.0	3.2	-114.8	-43.5	
64.7	-16.4	-107.5	-100.1	
-188.6	-14.0	-60.7	-68.1	
-228.0	-28.7	-70.6	-73.0	
-85.3	-21.4	-75.5	-58.3	
-26.3	-31.2	-97.6	-36.1	
-16.4	-48.4	-77.9	-43.5	
18.0	-46.0	-82.9	-41.0	
67.2	-38.6	-82.9	-31.2	
54.9	-53.3	-82.9	-21.4	
47.5	-53.3	-87.8	-31.2	
67.2	-41.0	-87.8	-6.6	
27.8	-18.9	-68.1	-4.1	
25.4	-4.1	-73.0	-9.1	
32.8	-4.1	-82.9	10.6	
40.1	10.6	-85.3	5.7	
57.4	-1.7	-70.6	8.2	
182.8	-1.7	-68.1	10.6	
377.2	8.2	-68.1	10.6	
463.3	0.8	-63.2	18.0	
416.5	-1.7	-36.1	15.5	
192.7	-1.7	-23.8	22.9	
25.4	-11.5	-28.7	25.4	
-205.9	-21.4	-28.7	13.1	
-255.1	-26.3	-21.4	27.8	
-176.3	-28.7	-1.7	25.4	
-48.4	-31.2	8.2	22.9	
-92.7	-28.7	-6.6	37.7	
-70.6	-33.7	27.8	32.8	
-171.4	-21.4	62.3	32.8	
-267.4	-26.3	74.6	32.8	
-114.8	-50.9	86.9	27.8	
8.2	-48.4	94.3	30.3	
57.4	-46.0	82.0	30.3	
54.9	-50.9	101.6	27.8	
153.3	-41.0	84.4	22.9	
165.6	-36.1	82.0	10.6	
52.4	-48.4	109.0	10.6	
-23.8	-43.5	116.4	8.2	
-26.3	-28.7	121.3	5.7	
69.7	-21.4	128.7	-1.7	
111.5	-26.3	143.5	-1.7	
15.5	-18.9	150.8	5.7	
-68.1	3.2	165.6	-4.1	
-48.4	8.2	177.9	3.2	
-50.9	0.8	170.5	-4.1	
8.2	-1.7	170.5	3.2	
27.8	-14.0	175.4	8.2	
-200.9	-9.1	195.1	0.8	
-87.8	-4.1	190.2	0.8	
27.8	-6.6	195.1	-9.1	
170.5	37.7	195.1	-11.5	
175.4	37.7	212.3	5.7	
158.2	18.0	219.7	-14.0	
94.3	13.1	207.4	-1.7	
-23.8	30.3	207.4	-14.0	
-277.2	42.6	227.1	-4.1	
-306.7	40.1	229.6	-21.4	
-137.0	20.5	251.7	-21.4	
8.2	35.2	244.3	-21.4	
111.5	42.6	256.6	-36.1	
69.7	32.8	254.2	-21.4	
-14.0	32.8	271.4	-18.9	
-107.5	37.7	283.7	-36.1	
5.7	45.1	283.7	-21.4	
79.5	32.8	293.5	-18.9	
101.6	35.2	298.4	-9.1	
69.7	8.2	296.0	-14.0	
20.5	-1.7	298.4	-23.8	
-14.0	13.1	305.8	-26.3	
-9.1	20.5	303.4	-31.2	
89.3	35.2	305.8	-11.5	
197.6	32.8	313.2	-41.0	
249.2	35.2	293.5	-46.0	
200.0	27.8	300.9	-38.6	
133.6	32.8	318.1	-53.3	
-31.2	20.5	303.4	-46.0	
-196.0	13.1	303.4	-43.5	
-85.3	45.1	298.4	-50.9	
15.5	40.1	298.4	-50.9	
82.0	22.9	281.2	-48.4	
67.2	15.5	278.8	-48.4	
-36.1	3.2	286.1	-58.3	
-55.8	10.6	303.4	-46.0	
-134.5	5.7	325.5	-48.4	
-117.3	0.8	337.8	-48.4	
-65.6	3.2	372.2	-55.8	
-41.0	3.2	345.2	-36.1	
59.8	-11.5	318.1	-31.2	
96.7	5.7	273.8	-26.3	
133.6	15.5	261.5	-36.1	
185.3	-4.1	283.7	-48.4	
222.2	-18.9	296.0	-48.4	
158.2	-6.6	283.7	-36.1	
131.2	-9.1	283.7	-33.7	
296.0	-6.6	268.9	-33.7	
391.9	-14.0	261.5	-36.1	
379.6	-4.1	246.8	-46.0	
281.2	8.2	256.6	-31.2	
-156.7	-11.5	244.3	-43.5	
-545.3	5.7	261.5	-28.7	
-397.7	-9.1	239.4	-28.7	
-284.6	-1.7	234.5	-18.9	
-166.5	-1.7	212.3	-50.9	
-16.4	-21.4	209.9	-36.1	
67.2	-26.3	209.9	-63.2	
20.5	-9.1	200.0	-85.3	
-112.4	-9.1	190.2	-73.0	
-380.5	3.2	187.7	-63.2	
-247.7	0.8	182.8	-53.3	
-41.0	8.2	165.6	-55.8	
-31.2	3.2	150.8	-60.7	
57.4	-9.1	141.0	-46.0	
69.7	0.8	148.4	-53.3	
86.9	-9.1	133.6	-55.8	
128.7	3.2	128.7	-48.4	
182.8	-4.1	109.0	-55.8	
207.4	13.1	104.1	-60.7	
286.1	3.2	96.7	-53.3	
190.2	5.7	62.3	-63.2	
20.5	18.0	64.7	-68.1	
37.7	37.7	67.2	-73.0	
15.5	20.5	40.1	-63.2	
-129.6	5.7	47.5	-63.2	
-134.5	0.8	54.9	-60.7	
-107.5	3.2	54.9	-70.6	
-1.7	25.4	67.2	-65.6	
109.0	27.8	79.5	-80.4	
94.3	25.4	69.7	-63.2	
111.5	25.4	40.1	-43.5	
-4.1	18.0	50.0	-38.6	
-41.0	32.8	52.4	-26.3	
-92.7	32.8	62.3	-55.8	
-4.1	15.5	52.4	-55.8	
57.4	0.8	54.9	-82.9	
101.6	5.7	57.4	-70.6	
126.2	20.5	50.0	-53.3	
94.3	15.5	45.1	-43.5	
3.2	10.6	27.8	-43.5	
0.8	3.2	20.5	-50.9	
-65.6	8.2	15.5	-53.3	
-33.7	5.7	8.2	-31.2	
106.6	18.0	3.2	-50.9	
195.1	22.9	-9.1	-43.5	
177.9	15.5	-31.2	-21.4	
104.1	18.0	-38.6	-9.1	
-264.9	13.1	-48.4	-1.7	
-343.6	15.5	-63.2	-1.7	
-134.5	18.0	-82.9	-4.1	
-28.7	13.1	-77.9	3.2	
32.8	15.5	-58.3	0.8	
64.7	13.1	-68.1	0.8	
133.6	22.9	-55.8	8.2	
190.2	13.1	-16.4	5.7	
246.8	27.8	-9.1	13.1	
308.3	10.6	-50.9	25.4	
160.7	13.1	-36.1	25.4	
50.0	20.5	-28.7	35.2	
-31.2	15.5	-9.1	27.8	
-183.7	15.5	-28.7	37.7	
-85.3	30.3	-41.0	37.7	
109.0	25.4	-31.2	18.0	
160.7	10.6	-23.8	35.2	
18.0	5.7	-16.4	35.2	
-28.7	18.0	-46.0	57.4	
13.1	27.8	-23.8	45.1	
-58.3	20.5	-33.7	54.9	
-139.4	32.8	-38.6	50.0	
-14.0	27.8	-55.8	57.4	
111.5	20.5	-63.2	45.1	
111.5	42.6	-77.9	50.0	
22.9	40.1	-129.6	57.4	
-65.6	50.0	-164.0	64.7	
27.8	25.4	-191.1	72.1	
106.6	25.4	-196.0	72.1	
155.8	18.0	-200.9	82.0	
118.9	8.2	-205.9	82.0	
82.0	25.4	-208.3	82.0	
-90.2	0.8	-228.0	91.8	
-314.1	18.0	-225.5	91.8	
-282.1	30.3	-230.5	94.3	
-97.6	25.4	-210.8	96.7	
-16.4	25.4	-220.6	101.6	
18.0	25.4	-210.8	113.9	
54.9	5.7	-208.3	116.4	
82.0	0.8	-208.3	118.9	
104.1	3.2	-213.2	113.9	
72.1	0.8	-200.9	106.6	
52.4	18.0	-200.9	106.6	
10.6	25.4	-200.9	104.1	
40.1	20.5	-191.1	101.6	
13.1	32.8	-161.6	86.9	
-4.1	25.4	-161.6	94.3	
45.1	20.5	-151.7	84.4	
82.0	30.3	-146.8	72.1	
91.8	25.4	-164.0	64.7	
30.3	8.2	-124.7	64.7	
-55.8	22.9	-132.1	54.9	
-82.9	22.9	-117.3	45.1	
-73.0	8.2	-112.4	42.6	
0.8	30.3	-124.7	37.7	
47.5	32.8	-107.5	35.2	
96.7	15.5	-97.6	30.3	
91.8	37.7	-102.5	35.2	
-6.6	18.0	-85.3	27.8	
-102.5	30.3	-87.8	30.3	
-87.8	20.5	-75.5	30.3	
-38.6	15.5	-63.2	37.7	
99.2	18.0	-60.7	30.3	
136.1	30.3	-53.3	35.2	
145.9	22.9	-46.0	40.1	
187.7	10.6	-43.5	37.7	
52.4	0.8	-36.1	35.2	
-48.4	15.5	-23.8	40.1	
-43.5	32.8	-18.9	32.8	
-82.9	37.7	3.2	20.5	
-95.2	37.7	-26.3	22.9	
18.0	42.6	-28.7	25.4	
-9.1	64.7	-28.7	18.0	
-43.5	52.4	-11.5	15.5	
-6.6	35.2	-11.5	8.2	
-14.0	25.4	0.8	18.0	
-55.8	18.0	-4.1	22.9	
10.6	18.0	25.4	25.4	
32.8	25.4	25.4	35.2	
77.0	25.4	30.3	0.8	
94.3	22.9	35.2	5.7	
20.5	32.8	22.9	-6.6	
-18.9	30.3	13.1	22.9	
-53.3	37.7	22.9	32.8	
-33.7	27.8	18.0	-1.7	
-23.8	25.4	47.5	-31.2	
-21.4	22.9	47.5	-26.3	
-97.6	0.8	35.2	-6.6	
-43.5	0.8	32.8	10.6	
0.8	-9.1	45.1	27.8	
37.7	-4.1	59.8	77.0	
47.5	27.8	64.7	69.7	
35.2	45.1	50.0	32.8	
-33.7	13.1	52.4	25.4	
-36.1	-4.1	47.5	18.0	
3.2	27.8	18.0	-14.0	
30.3	57.4	37.7	-23.8	
52.4	37.7	37.7	-85.3	
59.8	35.2	30.3	8.2	
96.7	10.6	47.5	8.2	
160.7	-23.8	32.8	-14.0	
229.6	-1.7	35.2	-21.4	
259.1	13.1	35.2	-4.1	
219.7	15.5	22.9	-18.9	
113.9	-6.6	22.9	-26.3	
-50.9	-23.8	15.5	-55.8	
-82.9	-31.2	0.8	-26.3	
-176.3	-33.7	0.8	8.2	
-247.7	-23.8	-11.5	50.0	
-129.6	-33.7	-6.6	-18.9	
27.8	-31.2	-23.8	62.3	
214.8	-21.4	-31.2	72.1	
273.8	-21.4	-23.8	57.4	
175.4	-26.3	-31.2	-11.5	
138.5	-18.9	-26.3	-33.7	
45.1	-28.7	-28.7	-21.4	
-16.4	-11.5	-46.0	-38.6	
-139.4	-28.7	-43.5	-26.3	
-75.5	-6.6	-41.0	-26.3	
-46.0	-28.7	-58.3	-14.0	
-112.4	-46.0	-55.8	-36.1	
-41.0	-41.0	-46.0	-21.4	
37.7	-18.9	-43.5	-28.7	
74.6	-9.1	-46.0	-11.5	
-1.7	-31.2	-43.5	40.1	
-53.3	-33.7	-43.5	32.8	
-154.2	-4.1	-36.1	10.6	
-149.3	30.3	-38.6	27.8	
13.1	13.1	-53.3	50.0	
150.8	13.1	-55.8	42.6	
261.5	13.1	-43.5	30.3	
251.7	-6.6	-41.0	15.5	
82.0	-21.4	-46.0	-4.1	
-38.6	-4.1	-41.0	13.1	
-16.4	10.6	-50.9	25.4	
-141.9	-6.6	-36.1	69.7	
-228.0	-28.7	-31.2	82.0	
-242.8	-36.1	-33.7	45.1	
-149.3	-21.4	-21.4	35.2	
-75.5	-14.0	-26.3	42.6	
30.3	-21.4	-23.8	45.1	
104.1	-11.5	-31.2	52.4	
123.8	0.8	-14.0	45.1	
84.4	27.8	-16.4	27.8	
106.6	30.3	-14.0	37.7	
153.3	3.2	-21.4	59.8	
94.3	-38.6	-23.8	47.5	
-11.5	-41.0	-23.8	45.1	
-181.3	-4.1	-21.4	27.8	
-132.1	-16.4	-11.5	32.8	
-23.8	-26.3	-4.1	32.8	
45.1	-23.8	3.2	30.3	
99.2	-14.0	13.1	47.5	
111.5	13.1	10.6	59.8	
72.1	30.3	5.7	45.1	
-11.5	32.8	0.8	32.8	
-6.6	25.4	-9.1	59.8	
64.7	18.0	15.5	52.4	
84.4	22.9	45.1	74.6	
74.6	37.7	67.2	89.3	
-23.8	57.4	59.8	62.3	
-105.0	57.4	42.6	32.8	
-82.9	84.4	27.8	18.0	
-63.2	82.0	30.3	0.8	
-75.5	101.6	25.4	-16.4	
-41.0	118.9	10.6	37.7	
-23.8	128.7	13.1	54.9	
40.1	145.9	47.5	-9.1	
113.9	148.4	54.9	-14.0	
128.7	153.3	47.5	59.8	
128.7	163.1	42.6	86.9	
94.3	175.4	32.8	165.6	
89.3	175.4	37.7	94.3	
79.5	182.8	37.7	18.0	
20.5	168.1	42.6	8.2	
-82.9	173.0	15.5	22.9	
-127.1	168.1	25.4	42.6	
-107.5	175.4	52.4	69.7	
-21.4	177.9	52.4	22.9	
59.8	168.1	50.0	18.0	
133.6	136.1	37.7	22.9	
79.5	133.6	35.2	27.8	
-41.0	133.6	35.2	37.7	
-144.4	126.2	37.7	86.9	
-97.6	109.0	27.8	64.7	
-65.6	104.1	45.1	30.3	
79.5	99.2	47.5	18.0	
96.7	96.7	37.7	86.9	
37.7	77.0	32.8	72.1	
-53.3	77.0	22.9	62.3	
-43.5	69.7	45.1	-102.5	
-28.7	64.7	30.3	-119.8	
57.4	54.9	15.5	-55.8	
118.9	47.5	18.0	-21.4	
116.4	40.1	25.4	-4.1	
59.8	22.9	25.4	10.6	
-112.4	3.2	20.5	-23.8	
-129.6	-1.7	13.1	-6.6	
35.2	-11.5	18.0	22.9	
72.1	-18.9	15.5	96.7	
59.8	-14.0	10.6	94.3	
-82.9	-23.8	13.1	54.9	
-119.8	-21.4	15.5	5.7	
-87.8	-31.2	20.5	22.9	
-31.2	-28.7	22.9	15.5	
-43.5	-33.7	20.5	3.2	
-33.7	-31.2	20.5	27.8	
30.3	-36.1	18.0	77.0	
-6.6	-43.5	25.4	123.8	
-4.1	-43.5	8.2	104.1	
10.6	-28.7	10.6	84.4	
37.7	-31.2	22.9	-6.6	
20.5	-28.7	20.5	-107.5	
84.4	-16.4	20.5	-68.1	
106.6	-6.6	25.4	-92.7	
77.0	18.0	27.8	-63.2	
-1.7	8.2	22.9	-85.3	
-23.8	25.4	18.0	-53.3	
-43.5	32.8	18.0	10.6	
-87.8	-9.1	32.8	106.6	
-48.4	8.2	35.2	-18.9	
-11.5	3.2	27.8	-31.2	
-43.5	0.8	42.6	-31.2	
-28.7	0.8	37.7	-36.1	
69.7	-9.1	42.6	-11.5	
138.5	-11.5	45.1	47.5	
113.9	-4.1	35.2	13.1	
35.2	-9.1	50.0	45.1	
-63.2	5.7	35.2	18.0	
-23.8	22.9	35.2	-9.1	
10.6	3.2	27.8	-53.3	
22.9	22.9	32.8	-105.0	
74.6	8.2	30.3	-95.2	
50.0	-6.6	37.7	50.0	
-50.9	-6.6	42.6	40.1	
-97.6	5.7	40.1	59.8	
-50.9	-9.1	37.7	74.6	
-43.5	-14.0	35.2	25.4	
-16.4	5.7	45.1	-38.6	
27.8	-14.0	37.7	-21.4	
52.4	-14.0	30.3	-31.2	
32.8	-4.1	42.6	-43.5	
59.8	-18.9	18.0	-75.5	
54.9	-23.8	20.5	-100.1	
50.0	-14.0	27.8	-58.3	
25.4	0.8	22.9	-46.0	
18.0	5.7	20.5	-75.5	
8.2	18.0	8.2	-16.4	
-11.5	37.7	-6.6	-21.4	
-26.3	45.1	-18.9	-46.0	
25.4	37.7	0.8	-36.1	
64.7	27.8	25.4	8.2	
82.0	40.1	32.8	62.3	
86.9	32.8	8.2	40.1	
69.7	42.6	-9.1	15.5	
-50.9	64.7	-21.4	40.1	
-46.0	52.4	-4.1	42.6	
13.1	37.7	-1.7	30.3	
20.5	40.1	-21.4	-4.1	
18.0	47.5	-4.1	-53.3	
10.6	59.8	5.7	-55.8	
18.0	47.5	-9.1	-14.0	
52.4	77.0	-36.1	-6.6	
30.3	57.4	-31.2	-11.5	
45.1	42.6	-36.1	-9.1	
62.3	30.3	-63.2	25.4	
69.7	40.1	-82.9	15.5	
77.0	57.4	-50.9	-1.7	
104.1	37.7	-28.7	3.2	
89.3	59.8	-33.7	5.7	
106.6	62.3	-46.0	3.2	
-9.1	54.9	-58.3	8.2	
-31.2	47.5	-63.2	18.0	
35.2	54.9	-63.2	47.5	
57.4	42.6	-68.1	59.8	
52.4	15.5	-65.6	52.4	
79.5	3.2	-58.3	-9.1	
89.3	-4.1	-75.5	32.8	
109.0	-1.7	-97.6	57.4	
94.3	-9.1	-95.2	94.3	
59.8	-11.5	-87.8	111.5	
-75.5	10.6	-82.9	47.5	
-68.1	-14.0	-87.8	50.0	
5.7	-14.0	-77.9	-18.9	
22.9	-6.6	-77.9	-80.4	
13.1	-6.6	-70.6	-58.3	
25.4	0.8	-90.2	-4.1	
45.1	-1.7	-73.0	-21.4	
20.5	3.2	-68.1	-18.9	
13.1	5.7	-73.0	-11.5	
32.8	20.5	-82.9	15.5	
123.8	25.4	-90.2	-18.9	
190.2	0.8	-100.1	-23.8	
256.6	13.1	-92.7	-9.1	
249.2	-4.1	-77.9	-6.6	
143.5	5.7	-100.1	3.2	
-63.2	0.8	-97.6	8.2	
-218.2	-6.6	-90.2	-11.5	
-208.3	15.5	-90.2	-1.7	
-122.2	18.0	-100.1	5.7	
8.2	13.1	-82.9	-1.7	
111.5	5.7	-75.5	-4.1	
195.1	8.2	-80.4	-16.4	
155.8	0.8	-82.9	0.8	
91.8	-6.6	-90.2	10.6	
20.5	3.2	-82.9	0.8	
-85.3	-6.6	-77.9	15.5	
-277.2	-6.6	-75.5	22.9	
-200.9	10.6	-77.9	20.5	
-166.5	13.1	-70.6	13.1	
-97.6	18.0	-68.1	-16.4	
57.4	15.5	-70.6	-11.5	
123.8	27.8	-68.1	-1.7	
185.3	18.0	-75.5	-4.1	
138.5	32.8	-70.6	-11.5	
40.1	22.9	-75.5	-6.6	
-75.5	25.4	-73.0	3.2	
-114.8	27.8	-63.2	8.2	
-183.7	18.0	-68.1	-14.0	
-139.4	22.9	-55.8	-9.1	
-33.7	13.1	-50.9	-21.4	
22.9	13.1	-53.3	-9.1	
64.7	10.6	-53.3	3.2	
72.1	18.0	-41.0	5.7	
47.5	22.9	-26.3	-4.1	
13.1	30.3	-33.7	-1.7	
-6.6	25.4	-16.4	-1.7	
-16.4	15.5	-4.1	-21.4	
-26.3	18.0	-14.0	-14.0	
-18.9	22.9	-23.8	-26.3	
-14.0	22.9	3.2	-16.4	
20.5	18.0	18.0	-11.5	
37.7	20.5	25.4	-1.7	
37.7	13.1	18.0	-1.7	
54.9	10.6	5.7	-1.7	
10.6	5.7	0.8	3.2	
-18.9	13.1	18.0	3.2	
-6.6	22.9	15.5	0.8	
52.4	18.0	20.5	22.9	
54.9	13.1	32.8	8.2	
86.9	10.6	27.8	-21.4	
91.8	5.7	32.8	-1.7	
62.3	15.5	20.5	-11.5	
32.8	18.0	8.2	-14.0	
-9.1	22.9	30.3	-46.0	
-16.4	25.4	25.4	-14.0	
3.2	22.9	25.4	-14.0	
-36.1	37.7	20.5	-11.5	
-139.4	35.2	22.9	5.7	
-82.9	30.3	22.9	35.2	
-48.4	32.8	18.0	22.9	
-6.6	30.3	10.6	8.2	
64.7	25.4	0.8	-18.9	
106.6	35.2	0.8	-23.8	
106.6	20.5	18.0	-16.4	
91.8	25.4	10.6	0.8	
72.1	25.4	3.2	0.8	
37.7	25.4	-1.7	8.2	
18.0	22.9	-18.9	15.5	
86.9	25.4	-14.0	13.1	
133.6	22.9	-16.4	27.8	
94.3	15.5	-11.5	27.8	
40.1	18.0	-11.5	35.2	
-23.8	20.5	-9.1	40.1	
-41.0	10.6	-11.5	54.9	
-41.0	8.2	-16.4	64.7	
25.4	13.1	-18.9	69.7	
-6.6	32.8	-28.7	91.8	
-63.2	18.0	-48.4	94.3	
-58.3	30.3	-43.5	27.8	
-68.1	35.2	-65.6	32.8	
32.8	35.2	-46.0	-48.4	
145.9	32.8	-55.8	-28.7	
212.3	37.7	-50.9	0.8	
273.8	30.3	-26.3	20.5	
173.0	30.3	-28.7	-4.1	
-23.8	40.1	-65.6	-11.5	
-223.1	42.6	-58.3	-36.1	
-289.5	37.7	-38.6	15.5	
-272.3	32.8	-41.0	20.5	
-208.3	20.5	-28.7	32.8	
-65.6	20.5	-31.2	-26.3	
13.1	18.0	-43.5	-14.0	
62.3	25.4	-41.0	13.1	
94.3	-4.1	-36.1	22.9	
42.6	10.6	-36.1	27.8	
-31.2	18.0	-41.0	35.2	
-100.1	25.4	-36.1	8.2	
-139.4	27.8	-38.6	3.2	
-68.1	32.8	-33.7	15.5	
10.6	25.4	-36.1	22.9	
133.6	22.9	-53.3	25.4	
192.7	30.3	-73.0	40.1	
153.3	27.8	-58.3	40.1	
104.1	52.4	-65.6	13.1	
32.8	27.8	-73.0	13.1	
-129.6	42.6	-50.9	35.2	
-196.0	30.3	-55.8	13.1	
-105.0	27.8	-41.0	27.8	
-1.7	32.8	-43.5	20.5	
52.4	30.3	-46.0	15.5	
136.1	35.2	-43.5	15.5	
111.5	22.9	-41.0	27.8	
52.4	25.4	-41.0	20.5	
-77.9	37.7	-36.1	27.8	
-60.7	22.9	-36.1	27.8	
-26.3	27.8	-43.5	15.5	
-109.9	32.8	-41.0	27.8	
-53.3	30.3	-43.5	5.7	
0.8	40.1	-31.2	15.5	
8.2	42.6	-33.7	22.9	
-87.8	35.2	-23.8	5.7	
-53.3	25.4	-36.1	8.2	
5.7	20.5	-21.4	10.6	
54.9	22.9	-31.2	-4.1	
59.8	22.9	-14.0	-1.7	
57.4	27.8	-14.0	8.2	
27.8	22.9	-14.0	-4.1	
-70.6	35.2	-11.5	8.2	
-122.2	18.0	-18.9	-1.7	
-75.5	27.8	-26.3	-1.7	
15.5	20.5	-9.1	8.2	
104.1	18.0	-11.5	13.1	
170.5	25.4	-9.1	25.4	
205.0	30.3	-11.5	5.7	
187.7	32.8	-28.7	5.7	
101.6	25.4	3.2	0.8	
-28.7	27.8	-4.1	-4.1	
-26.3	20.5	3.2	-1.7	
5.7	15.5	-11.5	8.2	
-38.6	10.6	8.2	10.6	
-134.5	10.6	18.0	3.2	
-132.1	18.0	32.8	-16.4	
-9.1	13.1	25.4	3.2	
62.3	18.0	13.1	8.2	
123.8	30.3	27.8	-14.0	
113.9	15.5	40.1	8.2	
35.2	8.2	32.8	27.8	
-65.6	27.8	25.4	57.4	
-114.8	37.7	47.5	-6.6	
-102.5	40.1	32.8	-48.4	
-90.2	27.8	37.7	-23.8	
-28.7	20.5	50.0	-43.5	
5.7	25.4	54.9	0.8	
32.8	25.4	37.7	3.2	
64.7	35.2	50.0	3.2	
37.7	32.8	62.3	-1.7	
-26.3	37.7	74.6	15.5	
-68.1	52.4	64.7	15.5	
-36.1	25.4	52.4	-4.1	
25.4	25.4	62.3	-31.2	
27.8	32.8	67.2	-23.8	
5.7	30.3	69.7	-33.7	
8.2	42.6	59.8	-21.4	
0.8	45.1	59.8	-23.8	
-26.3	40.1	64.7	-21.4	
-21.4	40.1	77.0	-14.0	
5.7	13.1	79.5	-1.7	
8.2	30.3	77.0	18.0	
-6.6	27.8	62.3	5.7	
-1.7	32.8	79.5	-16.4	
30.3	22.9	84.4	-9.1	
35.2	20.5	86.9	-23.8	
18.0	22.9	74.6	-53.3	
18.0	32.8	84.4	-31.2	
3.2	25.4	99.2	-23.8	
-1.7	40.1	89.3	-14.0	
79.5	27.8	91.8	-18.9	
116.4	20.5	79.5	-9.1	
153.3	32.8	79.5	-21.4	
153.3	18.0	86.9	-33.7	
104.1	27.8	79.5	-46.0	
-6.6	18.0	89.3	-36.1	
-117.3	15.5	94.3	-23.8	
-87.8	5.7	94.3	-26.3	
-26.3	-9.1	91.8	-6.6	
67.2	5.7	96.7	-4.1	
155.8	13.1	91.8	-46.0	
128.7	40.1	82.0	-63.2	
-46.0	37.7	96.7	-58.3	
-129.6	22.9	99.2	-48.4	
-60.7	22.9	109.0	-33.7	
-77.9	3.2	94.3	-38.6	
-65.6	22.9	99.2	-41.0	
-1.7	42.6	106.6	-36.1	
99.2	42.6	91.8	-36.1	
168.1	40.1	99.2	-26.3	
143.5	30.3	106.6	-38.6	
207.4	20.5	94.3	-36.1	
209.9	10.6	96.7	-41.0	
-1.7	-1.7	106.6	-48.4	
-218.2	-9.1	91.8	-53.3	
-267.4	-11.5	101.6	-48.4	
-274.7	3.2	91.8	-50.9	
-127.1	8.2	96.7	-43.5	
77.0	-4.1	79.5	-50.9	
155.8	-1.7	86.9	-48.4	
160.7	0.8	91.8	-33.7	
131.2	-1.7	84.4	-43.5	
18.0	3.2	86.9	-36.1	
-65.6	8.2	74.6	-28.7	
-109.9	3.2	86.9	-41.0	
-9.1	10.6	82.0	-31.2	
-4.1	0.8	72.1	-26.3	
15.5	15.5	59.8	-43.5	
111.5	3.2	72.1	-46.0	
158.2	-4.1	84.4	-33.7	
25.4	3.2	64.7	-43.5	
-60.7	15.5	67.2	-46.0	
-48.4	10.6	52.4	-50.9	
-75.5	0.8	52.4	-46.0	
-196.0	10.6	57.4	-46.0	
-269.8	10.6	57.4	-33.7	
-200.9	22.9	54.9	-48.4	
-119.8	27.8	64.7	-36.1	
-23.8	13.1	77.0	-38.6	
-1.7	20.5	72.1	-18.9	
-18.9	22.9	57.4	-21.4	
-41.0	22.9	52.4	-38.6	
-26.3	32.8	62.3	-43.5	
27.8	32.8	62.3	-36.1	
25.4	22.9	59.8	-48.4	
-28.7	25.4	50.0	-48.4	
-53.3	27.8	37.7	-38.6	
-28.7	10.6	30.3	-21.4	
-26.3	3.2	47.5	-33.7	
15.5	-4.1	30.3	-18.9	
99.2	3.2	47.5	8.2	
131.2	13.1	47.5	13.1	
153.3	5.7	20.5	52.4	
138.5	-4.1	0.8	64.7	
82.0	8.2	18.0	69.7	
-14.0	22.9	32.8	15.5	
30.3	8.2	18.0	-50.9	
104.1	20.5	10.6	-114.8	
133.6	27.8	13.1	-112.4	
69.7	27.8	20.5	-80.4	
-9.1	15.5	35.2	-65.6	
-55.8	20.5	40.1	-23.8	
-75.5	10.6	32.8	-14.0	
-95.2	-11.5	30.3	-4.1	
-60.7	-6.6	30.3	-9.1	
-31.2	-14.0	40.1	0.8	
-9.1	-18.9	32.8	5.7	
5.7	-11.5	32.8	-18.9	
27.8	-9.1	37.7	0.8	
42.6	-4.1	47.5	-14.0	
52.4	-21.4	40.1	-9.1	
27.8	-6.6	40.1	0.8	
52.4	-16.4	42.6	8.2	
32.8	-1.7	57.4	22.9	
47.5	5.7	50.0	15.5	
47.5	-6.6	45.1	10.6	
27.8	0.8	32.8	15.5	
0.8	5.7	47.5	27.8	
-26.3	3.2	35.2	32.8	
-33.7	10.6	30.3	25.4	
3.2	30.3	50.0	15.5	
35.2	25.4	45.1	22.9	
47.5	30.3	50.0	27.8	
74.6	27.8	40.1	27.8	
50.0	37.7	45.1	30.3	
-41.0	35.2	54.9	42.6	
-23.8	35.2	54.9	27.8	
-31.2	35.2	54.9	30.3	
-14.0	47.5	50.0	25.4	
30.3	52.4	45.1	30.3	
72.1	50.0	47.5	32.8	
126.2	59.8	57.4	25.4	
165.6	64.7	62.3	15.5	
143.5	69.7	50.0	27.8	
62.3	77.0	54.9	22.9	
47.5	82.0	50.0	22.9	
0.8	79.5	35.2	18.0	
-105.0	74.6	37.7	22.9	
-134.5	89.3	47.5	35.2	
-85.3	84.4	54.9	22.9	
-18.9	84.4	57.4	3.2	
15.5	82.0	54.9	20.5	
13.1	89.3	50.0	25.4	
13.1	94.3	40.1	25.4	
57.4	94.3	50.0	37.7	
91.8	86.9	47.5	27.8	
118.9	86.9	50.0	32.8	
131.2	86.9	40.1	27.8	
25.4	91.8	52.4	35.2	
-109.9	89.3	59.8	35.2	
-141.9	86.9	54.9	18.0	
-63.2	82.0	50.0	32.8	
101.6	69.7	45.1	3.2	
236.9	82.0	42.6	5.7	
328.0	52.4	30.3	18.0	
298.4	67.2	52.4	35.2	
37.7	67.2	27.8	22.9	
-267.4	57.4	37.7	27.8	
-402.7	62.3	32.8	18.0	
-223.1	62.3	27.8	18.0	
-55.8	69.7	25.4	3.2	
45.1	82.0	18.0	18.0	
128.7	91.8	15.5	5.7	
111.5	118.9	13.1	13.1	
22.9	91.8	22.9	25.4	
8.2	79.5	18.0	20.5	
-105.0	72.1	25.4	30.3	
-41.0	69.7	27.8	27.8	
20.5	72.1	25.4	25.4	
50.0	62.3	30.3	40.1	
-38.6	62.3	22.9	35.2	
-124.7	77.0	25.4	18.0	
-228.0	57.4	13.1	32.8	
-48.4	52.4	25.4	25.4	
77.0	52.4	15.5	27.8	
133.6	62.3	18.0	22.9	
116.4	52.4	18.0	32.8	
32.8	62.3	18.0	40.1	
-92.7	62.3	3.2	40.1	
-105.0	67.2	-6.6	20.5	
-11.5	72.1	8.2	18.0	
-23.8	77.0	3.2	18.0	
-1.7	67.2	0.8	30.3	
37.7	74.6	18.0	37.7	
47.5	86.9	20.5	32.8	
-58.3	84.4	8.2	40.1	
-95.2	106.6	8.2	37.7	
-33.7	82.0	8.2	40.1	
22.9	89.3	5.7	27.8	
0.8	84.4	8.2	20.5	
-26.3	69.7	15.5	35.2	
-21.4	57.4	30.3	25.4	
20.5	52.4	20.5	18.0	
54.9	25.4	10.6	25.4	
54.9	30.3	25.4	18.0	
89.3	18.0	35.2	20.5	
69.7	22.9	35.2	27.8	
-6.6	8.2	32.8	35.2	
-28.7	8.2	40.1	35.2	
67.2	10.6	40.1	25.4	
99.2	3.2	37.7	8.2	
136.1	-4.1	57.4	18.0	
163.1	3.2	64.7	15.5	
173.0	18.0	62.3	27.8	
40.1	15.5	59.8	5.7	
-117.3	22.9	67.2	3.2	
-173.9	27.8	67.2	13.1	
-95.2	13.1	62.3	15.5	
-50.9	25.4	64.7	22.9	
-48.4	25.4	54.9	30.3	
-6.6	35.2	45.1	32.8	
25.4	35.2	45.1	27.8	
37.7	54.9	35.2	22.9	
79.5	50.0	30.3	5.7	
106.6	57.4	52.4	47.5	
37.7	64.7	64.7	67.2	
-80.4	64.7	67.2	91.8	
-151.7	77.0	84.4	10.6	
-82.9	77.0	67.2	-23.8	
0.8	77.0	74.6	-95.2	
45.1	86.9	72.1	-50.9	
57.4	84.4	69.7	15.5	
57.4	96.7	62.3	5.7	
27.8	91.8	50.0	35.2	
10.6	106.6	67.2	20.5	
20.5	109.0	91.8	-11.5	
32.8	86.9	94.3	-33.7	
40.1	72.1	82.0	-18.9	
27.8	64.7	64.7	-21.4	
69.7	64.7	62.3	0.8	
133.6	62.3	69.7	13.1	
131.2	72.1	69.7	30.3	
111.5	64.7	45.1	20.5	
72.1	64.7	40.1	5.7	
5.7	67.2	54.9	8.2	
-80.4	54.9	59.8	-31.2	
-87.8	54.9	37.7	-23.8	
-43.5	52.4	37.7	15.5	
-11.5	40.1	3.2	25.4	
27.8	30.3	5.7	0.8	
45.1	32.8	42.6	-23.8	
25.4	37.7	45.1	-6.6	
0.8	35.2	25.4	13.1	
-50.9	25.4	8.2	35.2	
-53.3	25.4	3.2	54.9	
-16.4	10.6	-9.1	10.6	
-9.1	-4.1	8.2	20.5	
32.8	-4.1	5.7	8.2	
155.8	3.2	15.5	10.6	
241.9	0.8	20.5	20.5	
268.9	-16.4	8.2	-9.1	
296.0	-9.1	3.2	-21.4	
286.1	-11.5	-11.5	-26.3	
173.0	-31.2	-21.4	-6.6	
25.4	-33.7	-11.5	-18.9	
-14.0	-11.5	5.7	-18.9	
-53.3	-11.5	5.7	15.5	
-31.2	-16.4	22.9	5.7	
84.4	-23.8	0.8	8.2	
101.6	-23.8	-4.1	15.5	
13.1	-33.7	3.2	15.5	
-16.4	-23.8	5.7	25.4	
-77.9	-23.8	13.1	22.9	
-196.0	-28.7	-1.7	27.8	
-282.1	-21.4	-6.6	27.8	
-183.7	-28.7	5.7	27.8	
-196.0	-33.7	5.7	18.0	
-159.1	-31.2	-1.7	27.8	
-26.3	-21.4	-1.7	32.8	
30.3	-18.9	-4.1	27.8	
-16.4	-14.0	-16.4	27.8	
-68.1	-14.0	-14.0	22.9	
-46.0	-9.1	-11.5	18.0	
-26.3	-6.6	-11.5	25.4	
10.6	-11.5	-21.4	20.5	
67.2	-18.9	-6.6	22.9	
-1.7	-23.8	-9.1	27.8	
-70.6	-26.3	-9.1	25.4	
-26.3	-14.0	3.2	25.4	
-43.5	-14.0	15.5	20.5	
-75.5	-9.1	8.2	25.4	
-9.1	-9.1	-9.1	27.8	
54.9	-4.1	-16.4	32.8	
91.8	-14.0	-1.7	30.3	
113.9	-11.5	-11.5	45.1	
128.7	-11.5	-1.7	40.1	
170.5	-4.1	13.1	8.2	
177.9	-9.1	-1.7	3.2	
214.8	-6.6	5.7	18.0	
195.1	-14.0	10.6	22.9	
177.9	-4.1	-9.1	20.5	
67.2	0.8	-16.4	10.6	
-82.9	-6.6	-14.0	8.2	
-178.8	-9.1	13.1	8.2	
-166.5	-14.0	22.9	8.2	
-129.6	-21.4	-6.6	8.2	
-109.9	-16.4	-1.7	3.2	
5.7	-21.4	-16.4	-6.6	
86.9	-18.9	-11.5	18.0	
-23.8	-14.0	0.8	3.2	
-186.2	-1.7	8.2	5.7	
-208.3	-6.6	10.6	27.8	
-77.9	5.7	5.7	15.5	
-1.7	0.8	13.1	25.4	
5.7	0.8	30.3	10.6	
30.3	-4.1	5.7	8.2	
18.0	-6.6	20.5	10.6	
-4.1	-18.9	10.6	3.2	
-43.5	-6.6	3.2	5.7	
0.8	0.8	-4.1	5.7	
45.1	0.8	3.2	5.7	
138.5	10.6	-4.1	8.2	
148.4	15.5	-4.1	15.5	
155.8	3.2	-4.1	8.2	
136.1	-4.1	-11.5	8.2	
57.4	-9.1	-18.9	-1.7	
-70.6	-4.1	-11.5	-4.1	
-127.1	5.7	8.2	0.8	
-70.6	10.6	-4.1	5.7	
-23.8	18.0	8.2	0.8	
20.5	18.0	-1.7	3.2	
37.7	25.4	-6.6	10.6	
45.1	25.4	-36.1	22.9	
74.6	15.5	-26.3	35.2	
69.7	32.8	-6.6	42.6	
82.0	15.5	-9.1	50.0	
123.8	27.8	-11.5	35.2	
113.9	22.9	-9.1	52.4	
94.3	18.0	-11.5	40.1	
67.2	18.0	10.6	22.9	
37.7	32.8	-1.7	-41.0	
27.8	18.0	-1.7	-38.6	
57.4	22.9	20.5	-33.7	
113.9	20.5	22.9	-4.1	
77.0	32.8	15.5	-9.1	
22.9	20.5	0.8	5.7	
-28.7	40.1	10.6	-4.1	
-100.1	15.5	-1.7	0.8	
-149.3	25.4	0.8	5.7	
-114.8	32.8	15.5	27.8	
-60.7	37.7	22.9	8.2	
-68.1	27.8	15.5	3.2	
-60.7	20.5	20.5	10.6	
3.2	37.7	27.8	-6.6	
50.0	42.6	20.5	8.2	
45.1	40.1	25.4	10.6	
62.3	37.7	13.1	8.2	
106.6	20.5	18.0	13.1	
180.4	35.2	25.4	27.8	
236.9	37.7	20.5	27.8	
246.8	35.2	25.4	10.6	
222.2	42.6	37.7	8.2	
138.5	50.0	42.6	20.5	
-11.5	37.7	32.8	27.8	
-178.8	35.2	32.8	25.4	
-220.6	35.2	37.7	32.8	
-164.0	37.7	52.4	40.1	
-137.0	37.7	50.0	37.7	
-134.5	32.8	32.8	-9.1	
-70.6	37.7	40.1	18.0	
27.8	42.6	52.4	35.2	
104.1	42.6	20.5	35.2	
222.2	35.2	45.1	-31.2	
303.4	45.1	35.2	-31.2	
249.2	32.8	42.6	-16.4	
118.9	50.0	37.7	3.2	
13.1	37.7	32.8	0.8	
-77.9	27.8	52.4	8.2	
-159.1	42.6	52.4	-6.6	
-225.5	37.7	47.5	3.2	
-159.1	37.7	40.1	3.2	
-48.4	37.7	40.1	3.2	
-23.8	35.2	50.0	-4.1	
-97.6	42.6	45.1	0.8	
-159.1	30.3	57.4	0.8	
-134.5	22.9	57.4	-1.7	
-124.7	22.9	40.1	-6.6	
-63.2	27.8	42.6	-1.7	
18.0	30.3	30.3	3.2	
62.3	35.2	35.2	3.2	
74.6	27.8	30.3	-14.0	
57.4	20.5	40.1	8.2	
30.3	25.4	35.2	0.8	
-26.3	20.5	40.1	10.6	
-55.8	22.9	22.9	18.0	
-38.6	35.2	37.7	27.8	
-31.2	27.8	35.2	32.8	
20.5	30.3	37.7	27.8	
57.4	22.9	25.4	25.4	
59.8	30.3	25.4	18.0	
37.7	25.4	40.1	-11.5	
27.8	18.0	20.5	-38.6	
10.6	27.8	5.7	-1.7	
0.8	27.8	35.2	10.6	
35.2	35.2	35.2	15.5	
59.8	22.9	35.2	-16.4	
89.3	22.9	27.8	-31.2	
96.7	25.4	37.7	-14.0	
99.2	22.9	25.4	8.2	
47.5	25.4	5.7	-4.1	
32.8	22.9	-9.1	-11.5	
27.8	22.9	-4.1	-4.1	
-14.0	35.2	-21.4	-1.7	
3.2	30.3	5.7	5.7	
47.5	20.5	10.6	5.7	
40.1	27.8	-4.1	10.6	
22.9	30.3	-14.0	-1.7	
40.1	32.8	-21.4	-6.6	
57.4	18.0	-28.7	0.8	
79.5	22.9	-21.4	8.2	
77.0	27.8	-46.0	5.7	
62.3	15.5	-28.7	5.7	
-28.7	20.5	-16.4	0.8	
-100.1	13.1	-26.3	-11.5	
-70.6	22.9	-43.5	0.8	
-16.4	22.9	-36.1	-4.1	
3.2	22.9	-28.7	-4.1	
22.9	25.4	-36.1	0.8	
40.1	20.5	-48.4	-18.9	
40.1	30.3	-43.5	-18.9	
67.2	27.8	-41.0	8.2	
111.5	32.8	-55.8	13.1	
128.7	32.8	-48.4	20.5	
118.9	25.4	-55.8	22.9	
104.1	20.5	-43.5	-1.7	
57.4	18.0	-31.2	-4.1	
-14.0	25.4	-43.5	-9.1	
-1.7	25.4	-55.8	22.9	
27.8	27.8	-33.7	22.9	
79.5	30.3	-36.1	18.0	
106.6	25.4	-26.3	5.7	
121.3	18.0	-41.0	-55.8	
62.3	20.5	-43.5	-18.9	
37.7	25.4	-33.7	0.8	
-23.8	25.4	-28.7	-28.7	
22.9	27.8	-31.2	-18.9	
37.7	30.3	-28.7	-11.5	
72.1	32.8	-26.3	-11.5	
165.6	30.3	-14.0	-14.0	
256.6	22.9	-16.4	-16.4	
234.5	18.0	-26.3	-9.1	
89.3	22.9	-33.7	-4.1	
-4.1	27.8	-43.5	5.7	
-6.6	27.8	-43.5	18.0	
-90.2	30.3	-46.0	47.5	
-114.8	30.3	-28.7	37.7	
-100.1	27.8	-18.9	15.5	
-191.1	15.5	-23.8	-14.0	
-213.2	15.5	-1.7	-18.9	
-122.2	22.9	-16.4	-1.7	
-109.9	20.5	-21.4	3.2	
-119.8	22.9	-9.1	20.5	
-36.1	25.4	-6.6	-1.7	
136.1	5.7	5.7	-6.6	
244.3	5.7	5.7	-16.4	
315.7	20.5	3.2	-18.9	
293.5	20.5	5.7	-11.5	
182.8	30.3	10.6	-18.9	
72.1	25.4	18.0	-18.9	
-102.5	18.0	25.4	-4.1	
-203.4	32.8	10.6	5.7	
-166.5	27.8	13.1	-4.1	
-198.5	35.2	10.6	-9.1	
-296.9	32.8	3.2	3.2	
-365.8	32.8	-1.7	10.6	
-240.3	27.8	8.2	5.7	
-77.9	22.9	3.2	-4.1	
-18.9	18.0	-9.1	8.2	
59.8	30.3	-4.1	8.2	
131.2	25.4	-1.7	8.2	
150.8	20.5	-9.1	13.1	
77.0	15.5	15.5	18.0	
13.1	25.4	13.1	10.6	
-87.8	22.9	30.3	3.2	
-208.3	20.5	42.6	8.2	
-225.5	20.5	30.3	5.7	
-124.7	37.7	18.0	8.2	
-36.1	35.2	10.6	35.2	
-21.4	37.7	18.0	8.2	
-9.1	32.8	35.2	37.7	
3.2	27.8	13.1	15.5	
-48.4	25.4	8.2	-21.4	
-23.8	25.4	-1.7	-1.7	
30.3	25.4	-14.0	5.7	
74.6	25.4	-16.4	-9.1	
96.7	37.7	-1.7	5.7	
91.8	35.2	-1.7	15.5	
91.8	27.8	-21.4	30.3	
67.2	30.3	-1.7	22.9	
40.1	20.5	-28.7	0.8	
-18.9	25.4	-18.9	-4.1	
-38.6	32.8	-33.7	3.2	
-26.3	27.8	-14.0	0.8	
0.8	32.8	-43.5	5.7	
18.0	27.8	-41.0	5.7	
37.7	35.2	-41.0	5.7	
32.8	37.7	-31.2	0.8	
45.1	37.7	-55.8	-11.5	
40.1	32.8	-48.4	-1.7	
37.7	22.9	-21.4	-4.1	
37.7	27.8	-16.4	0.8	
30.3	22.9	-18.9	-1.7	
25.4	30.3	-36.1	-4.1	
32.8	30.3	-23.8	15.5	
30.3	13.1	-21.4	8.2	
22.9	35.2	-28.7	18.0	
32.8	25.4	-31.2	8.2	
22.9	22.9	-16.4	5.7	
22.9	27.8	-21.4	0.8	
20.5	20.5	-18.9	0.8	
15.5	27.8	-18.9	13.1	
20.5	27.8	-21.4	5.7	
25.4	20.5	-11.5	3.2	
25.4	27.8	-23.8	10.6	
37.7	22.9	-33.7	5.7	
32.8	32.8	-18.9	3.2	
32.8	22.9	-41.0	5.7	
35.2	20.5	-18.9	15.5	
35.2	20.5	-6.6	22.9	
18.0	20.5	-26.3	20.5	
25.4	22.9	-23.8	-4.1	
30.3	15.5	-16.4	15.5	
20.5	25.4	-16.4	5.7	
10.6	27.8	-16.4	-4.1	
5.7	22.9	-26.3	-23.8	
5.7	22.9	-9.1	8.2	
25.4	22.9	0.8	20.5	
52.4	35.2	-4.1	5.7	
35.2	22.9	-14.0	20.5	
47.5	32.8	-18.9	-9.1	
57.4	22.9	0.8	0.8	
37.7	32.8	5.7	10.6	
27.8	27.8	-1.7	-16.4	
52.4	22.9	-6.6	5.7	
99.2	22.9	-1.7	-14.0	
145.9	25.4	-9.1	-16.4	
175.4	35.2	-4.1	5.7	
131.2	30.3	3.2	20.5	
74.6	42.6	-11.5	20.5	
59.8	27.8	-1.7	15.5	
59.8	30.3	-9.1	-11.5	
22.9	22.9	-18.9	-28.7	
30.3	30.3	-18.9	-18.9	
128.7	27.8	-4.1	5.7	
200.0	22.9	-16.4	15.5	
192.7	22.9	-21.4	18.0	
118.9	18.0	0.8	22.9	
45.1	27.8	0.8	0.8	
-38.6	20.5	-14.0	0.8	
-141.9	25.4	-6.6	8.2	
-277.2	25.4	-6.6	-16.4	
-191.1	27.8	8.2	-9.1	
-50.9	30.3	10.6	-23.8	
-43.5	27.8	-9.1	-1.7	
-41.0	15.5	0.8	-6.6	
15.5	22.9	-4.1	13.1	
57.4	27.8	10.6	20.5	
37.7	25.4	3.2	27.8	
47.5	22.9	10.6	32.8	
-11.5	30.3	0.8	15.5	
-41.0	27.8	3.2	8.2	
18.0	27.8	-6.6	-18.9	
37.7	27.8	3.2	15.5	
94.3	13.1	3.2	0.8	
148.4	30.3	-9.1	-6.6	
37.7	20.5	-9.1	-28.7	
-48.4	30.3	-11.5	-9.1	
-41.0	25.4	0.8	18.0	
-53.3	18.0	-6.6	15.5	
-119.8	20.5	0.8	-4.1	
-68.1	30.3	-9.1	-38.6	
-58.3	27.8	-9.1	-11.5	
0.8	25.4	-18.9	-9.1	
62.3	30.3	-11.5	-18.9	
86.9	22.9	-1.7	10.6	
64.7	25.4	-9.1	-6.6	
32.8	32.8	-9.1	-14.0	
59.8	15.5	-16.4	-9.1	
84.4	18.0	-16.4	0.8	
77.0	27.8	-26.3	5.7	
74.6	27.8	-26.3	-1.7	
72.1	27.8	-36.1	13.1	
72.1	22.9	-18.9	5.7	
84.4	8.2	0.8	5.7	
91.8	20.5	-1.7	13.1	
79.5	20.5	-11.5	18.0	
82.0	32.8	10.6	10.6	
69.7	18.0	15.5	15.5	
57.4	18.0	18.0	15.5	
72.1	13.1	5.7	15.5	
67.2	18.0	-9.1	22.9	
74.6	25.4	-21.4	15.5	
126.2	37.7	-11.5	8.2	
200.0	40.1	-33.7	13.1	
207.4	32.8	-68.1	15.5	
187.7	20.5	-36.1	5.7	
136.1	22.9	-23.8	13.1	
74.6	35.2	-11.5	18.0	
-90.2	42.6	-33.7	8.2	
-230.5	13.1	-18.9	-6.6	
-186.2	25.4	-28.7	0.8	
-87.8	13.1	-21.4	8.2	
-73.0	15.5	-21.4	10.6	
-70.6	22.9	-11.5	5.7	
-36.1	10.6	0.8	8.2	
15.5	8.2	3.2	20.5	
153.3	18.0	-14.0	32.8	
212.3	35.2	-6.6	20.5	
200.0	37.7	3.2	8.2	
131.2	37.7	-4.1	8.2	
42.6	37.7	-11.5	15.5	
27.8	37.7	-11.5	27.8	
-73.0	30.3	-18.9	32.8	
-186.2	20.5	-31.2	30.3	
-191.1	32.8	-9.1	27.8	
-164.0	47.5	-14.0	-4.1	
-112.4	35.2	0.8	-14.0	
-21.4	30.3	-6.6	-6.6	
37.7	45.1	-18.9	18.0	
8.2	62.3	-36.1	0.8	
-55.8	67.2	-23.8	5.7	
-43.5	42.6	-14.0	18.0	
27.8	37.7	-14.0	0.8	
22.9	25.4	-11.5	-1.7	
-6.6	40.1	-9.1	-9.1	
-14.0	32.8	-4.1	0.8	
-43.5	52.4	-4.1	-16.4	
-26.3	37.7	0.8	13.1	
-1.7	40.1	-9.1	0.8	
37.7	20.5	-11.5	3.2	
35.2	32.8	-21.4	15.5	
42.6	20.5	-16.4	27.8	
74.6	27.8	-18.9	8.2	
67.2	27.8	-11.5	25.4	
54.9	40.1	-14.0	37.7	
42.6	22.9	-21.4	22.9	
37.7	30.3	-14.0	-1.7	
101.6	25.4	-18.9	-18.9	
128.7	18.0	-16.4	-23.8	
10.6	27.8	-16.4	-18.9	
-73.0	32.8	-31.2	-41.0	
0.8	20.5	-16.4	-50.9	
-53.3	27.8	-4.1	-16.4	
-166.5	27.8	-11.5	-14.0	
-215.7	22.9	-23.8	-9.1	
-137.0	40.1	-11.5	-11.5	
-119.8	40.1	-28.7	10.6	
-100.1	35.2	-21.4	-14.0	
-58.3	27.8	-23.8	-9.1	
-23.8	40.1	-21.4	-6.6	
32.8	35.2	-26.3	-16.4	
86.9	35.2	-16.4	-16.4	
126.2	35.2	-4.1	-1.7	
96.7	45.1	-6.6	-9.1	
42.6	37.7	-9.1	-11.5	
-14.0	42.6	0.8	-9.1	
-75.5	40.1	-11.5	3.2	
-117.3	37.7	-4.1	3.2	
-85.3	47.5	0.8	5.7	
-28.7	47.5	-9.1	15.5	
-1.7	47.5	-6.6	0.8	
3.2	37.7	-6.6	-18.9	
-33.7	30.3	-1.7	-31.2	
18.0	30.3	-1.7	-1.7	
69.7	37.7	8.2	5.7	
109.0	22.9	-1.7	-14.0	
99.2	27.8	-11.5	3.2	
50.0	37.7	-4.1	-1.7	
-28.7	35.2	8.2	-1.7	
-102.5	37.7	10.6	-9.1	
-55.8	27.8	3.2	3.2	
-58.3	22.9	10.6	0.8	
5.7	32.8	3.2	5.7	
45.1	22.9	3.2	-1.7	
79.5	40.1	8.2	-4.1	
155.8	18.0	-6.6	5.7	
168.1	22.9	-11.5	10.6	
170.5	27.8	-4.1	0.8	
99.2	30.3	5.7	-11.5	
15.5	27.8	0.8	-4.1	
-92.7	30.3	0.8	0.8	
-149.3	22.9	18.0	0.8	
-129.6	35.2	42.6	-4.1	
-80.4	13.1	18.0	0.8	
-46.0	37.7	15.5	0.8	
-9.1	30.3	22.9	-6.6	
-33.7	27.8	20.5	-6.6	
-33.7	35.2	20.5	-1.7	
10.6	37.7	30.3	-4.1	
32.8	30.3	18.0	8.2	
72.1	32.8	18.0	-6.6	
96.7	20.5	27.8	3.2	
116.4	32.8	0.8	25.4	
123.8	25.4	-11.5	69.7	
136.1	27.8	-9.1	45.1	
136.1	25.4	-1.7	37.7	
99.2	25.4	-6.6	-38.6	
59.8	35.2	-6.6	-33.7	
86.9	32.8	27.8	-60.7	
133.6	32.8	35.2	8.2	
106.6	35.2	32.8	-38.6	
69.7	30.3	25.4	-41.0	
25.4	32.8	27.8	-18.9	
-65.6	27.8	20.5	3.2	
-58.3	32.8	0.8	-4.1	
-41.0	35.2	-1.7	-9.1	
-171.4	35.2	5.7	-4.1	
-245.2	42.6	3.2	5.7	
-230.5	25.4	10.6	-9.1	
-149.3	40.1	-1.7	5.7	
-55.8	30.3	-1.7	32.8	
-46.0	35.2	13.1	35.2	
-46.0	22.9	15.5	47.5	
25.4	25.4	22.9	-9.1	
153.3	25.4	25.4	-63.2	
229.6	18.0	13.1	-31.2	
239.4	10.6	5.7	-23.8	
205.0	0.8	5.7	-26.3	
143.5	-9.1	-16.4	0.8	
32.8	-4.1	-4.1	-21.4	
-114.8	3.2	3.2	-11.5	
-242.8	0.8	-14.0	-16.4	
-139.4	8.2	-4.1	-9.1	
-55.8	8.2	-18.9	-9.1	
-50.9	5.7	-18.9	-1.7	
-53.3	13.1	-9.1	3.2	
-65.6	13.1	-14.0	25.4	
-36.1	18.0	-11.5	27.8	
-6.6	15.5	-28.7	3.2	
22.9	22.9	-16.4	-11.5	
18.0	10.6	-14.0	-1.7	
-14.0	10.6	-14.0	3.2	
-18.9	15.5	-36.1	-9.1	
18.0	10.6	-41.0	-14.0	
40.1	10.6	-33.7	-1.7	
-14.0	30.3	-53.3	3.2	
30.3	27.8	-53.3	5.7	
35.2	35.2	-28.7	-11.5	
5.7	20.5	-41.0	-33.7	
27.8	25.4	-36.1	-28.7	
106.6	18.0	-36.1	-31.2	
111.5	25.4	-23.8	-18.9	
22.9	20.5	-33.7	8.2	
-63.2	40.1	-46.0	5.7	
-87.8	35.2	-41.0	-11.5	
-100.1	37.7	-36.1	-14.0	
-63.2	32.8	-33.7	-43.5	
-60.7	42.6	-43.5	-16.4	
-38.6	30.3	-38.6	-6.6	
50.0	27.8	-41.0	-4.1	
91.8	40.1	-46.0	-9.1	
50.0	37.7	-36.1	-6.6	
22.9	42.6	-41.0	-9.1	
22.9	27.8	-38.6	-1.7	
37.7	27.8	-38.6	-11.5	
5.7	45.1	-33.7	3.2	
-16.4	35.2	-33.7	30.3	
20.5	25.4	-31.2	47.5	
54.9	25.4	-23.8	57.4	
40.1	40.1	-26.3	25.4	
15.5	42.6	-23.8	-23.8	
-16.4	30.3	-31.2	-50.9	
-36.1	35.2	-33.7	-26.3	
-26.3	32.8	-16.4	8.2	
8.2	27.8	-18.9	0.8	
5.7	30.3	-18.9	-38.6	
-43.5	20.5	-18.9	-4.1	
-38.6	32.8	-14.0	10.6	
-23.8	20.5	-21.4	-4.1	
-1.7	30.3	-11.5	-4.1	
-4.1	35.2	-16.4	5.7	
18.0	32.8	-28.7	-4.1	
50.0	22.9	-11.5	3.2	
64.7	15.5	10.6	-1.7	
91.8	40.1	-11.5	-1.7	
118.9	32.8	-14.0	-1.7	
89.3	30.3	-1.7	3.2	
64.7	40.1	-11.5	-4.1	
59.8	27.8	0.8	-1.7	
42.6	27.8	-14.0	5.7	
52.4	40.1	-16.4	22.9	
-4.1	37.7	-14.0	40.1	
-41.0	25.4	0.8	27.8	
10.6	35.2	-1.7	-14.0	
50.0	25.4	8.2	-23.8	
62.3	25.4	-14.0	-11.5	
18.0	22.9	-4.1	0.8	
47.5	30.3	-11.5	-6.6	
69.7	32.8	-6.6	0.8	
15.5	27.8	-11.5	-9.1	
-73.0	25.4	-11.5	-6.6	
-112.4	22.9	-21.4	-1.7	
-60.7	40.1	-18.9	-9.1	
-23.8	32.8	-31.2	-1.7	
-53.3	25.4	-36.1	-4.1	
-41.0	32.8	-23.8	3.2	
18.0	32.8	0.8	0.8	
74.6	32.8	-9.1	0.8	
59.8	18.0	-21.4	10.6	
64.7	20.5	-33.7	20.5	
47.5	30.3	-9.1	0.8	
0.8	30.3	0.8	13.1	
35.2	30.3	-6.6	10.6	
64.7	15.5	-18.9	10.6	
101.6	25.4	-16.4	-16.4	
155.8	25.4	-36.1	-4.1	
123.8	13.1	-28.7	-14.0	
-21.4	20.5	-6.6	-18.9	
-173.9	15.5	-6.6	-6.6	
-183.7	25.4	-23.8	0.8	
-107.5	27.8	-33.7	5.7	
-41.0	40.1	-31.2	22.9	
-48.4	32.8	-33.7	40.1	
-23.8	30.3	-18.9	42.6	
30.3	42.6	-28.7	-14.0	
13.1	25.4	-26.3	-46.0	
-4.1	35.2	-16.4	-18.9	
47.5	30.3	-11.5	15.5	
113.9	27.8	-26.3	3.2	
116.4	25.4	-23.8	-23.8	
128.7	15.5	-21.4	-23.8	
165.6	15.5	-26.3	-60.7	
128.7	27.8	-23.8	-21.4	
-11.5	32.8	-23.8	-16.4	
-134.5	27.8	-31.2	-4.1	
-205.9	22.9	-21.4	8.2	
-230.5	20.5	-18.9	5.7	
-114.8	25.4	-36.1	5.7	
-31.2	25.4	-14.0	3.2	
8.2	8.2	-23.8	-4.1	
35.2	13.1	-28.7	-4.1	
67.2	30.3	-33.7	8.2	
91.8	30.3	-21.4	10.6	
109.0	30.3	-23.8	0.8	
69.7	42.6	-31.2	10.6	
-16.4	35.2	-18.9	25.4	
-87.8	27.8	-4.1	13.1	
-146.8	32.8	-16.4	22.9	
-102.5	22.9	-31.2	30.3	
-43.5	22.9	-46.0	27.8	
-11.5	27.8	-21.4	22.9	
-4.1	22.9	-33.7	30.3	
18.0	25.4	-21.4	25.4	
52.4	32.8	-26.3	54.9	
62.3	30.3	-21.4	30.3	
84.4	35.2	-26.3	45.1	
99.2	30.3	-18.9	32.8	
106.6	20.5	-14.0	-28.7	
128.7	22.9	3.2	-14.0	
99.2	18.0	-4.1	20.5	
45.1	35.2	-14.0	22.9	
0.8	30.3	-9.1	-6.6	
-46.0	32.8	-23.8	-21.4	
-53.3	25.4	-1.7	-6.6	
-58.3	30.3	-18.9	-1.7	
-18.9	30.3	-4.1	-9.1	
52.4	25.4	-6.6	10.6	
72.1	22.9	3.2	18.0	
67.2	15.5	5.7	42.6	
15.5	27.8	-4.1	35.2	
-77.9	27.8	5.7	8.2	
-156.7	15.5	0.8	-9.1	
-235.4	22.9	5.7	-11.5	
-149.3	22.9	13.1	-4.1	
-48.4	30.3	20.5	5.7	
-4.1	30.3	13.1	3.2	
5.7	40.1	15.5	18.0	
18.0	42.6	27.8	30.3	
27.8	27.8	30.3	10.6	
40.1	20.5	22.9	0.8	
35.2	30.3	15.5	13.1	
35.2	18.0	-6.6	8.2	
52.4	25.4	-18.9	27.8	
37.7	18.0	-11.5	27.8	
50.0	37.7	5.7	32.8	
35.2	30.3	15.5	15.5	
50.0	22.9	18.0	-4.1	
50.0	25.4	8.2	-21.4	
50.0	15.5	0.8	-1.7	
37.7	25.4	25.4	-9.1	
40.1	22.9	27.8	-11.5	
45.1	32.8	25.4	10.6	
40.1	22.9	30.3	0.8	
52.4	22.9	20.5	0.8	
54.9	30.3	13.1	0.8	
52.4	35.2	13.1	5.7	
54.9	20.5	15.5	5.7	
47.5	35.2	18.0	5.7	
30.3	27.8	15.5	10.6	
-4.1	22.9	8.2	10.6	
-28.7	22.9	-9.1	-4.1	
-9.1	30.3	-14.0	-6.6	
20.5	30.3	15.5	-1.7	
37.7	32.8	25.4	-4.1	
54.9	32.8	8.2	-1.7	
64.7	30.3	-6.6	20.5	
72.1	27.8	-9.1	37.7	
67.2	30.3	-11.5	35.2	
64.7	25.4	18.0	5.7	
45.1	27.8	3.2	-41.0	
27.8	40.1	-11.5	-16.4	
54.9	47.5	0.8	-21.4	
42.6	40.1	0.8	3.2	
-18.9	42.6	-1.7	10.6	
-60.7	42.6	-1.7	10.6	
3.2	32.8	-14.0	3.2	
54.9	32.8	0.8	10.6	
101.6	25.4	-18.9	15.5	
158.2	27.8	-36.1	3.2	
173.0	22.9	-41.0	-9.1	
121.3	22.9	-36.1	0.8	
89.3	13.1	-14.0	-23.8	
64.7	13.1	-14.0	-6.6	
62.3	35.2	-11.5	-14.0	
0.8	25.4	-50.9	-4.1	
-70.6	32.8	-26.3	0.8	
-36.1	37.7	-6.6	10.6	
-70.6	37.7	-9.1	0.8	
-119.8	27.8	-14.0	0.8	
42.6	18.0	-11.5	-11.5	
145.9	20.5	-1.7	-4.1	
177.9	45.1	-1.7	3.2	
111.5	42.6	-23.8	15.5	
-63.2	37.7	-11.5	25.4	
-360.8	37.7	-18.9	22.9	
-530.6	27.8	-16.4	-11.5	
-346.1	22.9	-9.1	-1.7	
-232.9	20.5	3.2	-21.4	
-80.4	27.8	10.6	-11.5	
35.2	27.8	10.6	3.2	
111.5	22.9	0.8	40.1	
138.5	27.8	-18.9	37.7	
182.8	32.8	-4.1	47.5	
212.3	37.7	-16.4	25.4	
128.7	35.2	0.8	-28.7	
25.4	30.3	-6.6	-55.8	
3.2	35.2	13.1	-23.8	
5.7	27.8	-18.9	-11.5	
5.7	30.3	-4.1	-1.7	
-63.2	30.3	-11.5	8.2	
-75.5	22.9	-6.6	15.5	
-77.9	25.4	3.2	27.8	
-75.5	35.2	10.6	27.8	
-6.6	22.9	20.5	25.4	
45.1	22.9	47.5	32.8	
20.5	20.5	40.1	37.7	
-33.7	20.5	30.3	50.0	
-97.6	25.4	22.9	27.8	
-41.0	22.9	37.7	-4.1	
-18.9	30.3	32.8	-9.1	
-1.7	27.8	32.8	15.5	
30.3	22.9	35.2	20.5	
64.7	25.4	30.3	15.5	
59.8	27.8	45.1	22.9	
62.3	27.8	37.7	37.7	
77.0	27.8	45.1	40.1	
77.0	25.4	30.3	3.2	
89.3	32.8	37.7	10.6	
57.4	13.1	30.3	18.0	
0.8	22.9	18.0	22.9	
8.2	18.0	40.1	52.4	
-9.1	37.7	37.7	50.0	
-55.8	25.4	42.6	35.2	
-38.6	27.8	37.7	-11.5	
-4.1	32.8	30.3	-21.4	
8.2	30.3	35.2	-11.5	
10.6	32.8	37.7	27.8	
18.0	25.4	50.0	57.4	
42.6	22.9	40.1	62.3	
35.2	35.2	25.4	15.5	
40.1	35.2	3.2	-31.2	
45.1	40.1	30.3	18.0	
47.5	30.3	40.1	18.0	
35.2	30.3	32.8	15.5	
50.0	27.8	27.8	20.5	
47.5	22.9	27.8	-4.1	
50.0	32.8	35.2	0.8	
45.1	22.9	47.5	5.7	
37.7	37.7	35.2	5.7	
42.6	32.8	20.5	-4.1	
52.4	27.8	25.4	-16.4	
27.8	50.0	40.1	20.5	
3.2	47.5	35.2	30.3	
-1.7	40.1	15.5	37.7	
13.1	40.1	8.2	22.9	
20.5	32.8	10.6	3.2	
40.1	40.1	27.8	-4.1	
45.1	45.1	27.8	15.5	
42.6	32.8	25.4	32.8	
52.4	30.3	18.0	18.0	
50.0	27.8	8.2	25.4	
37.7	37.7	-14.0	22.9	
45.1	30.3	18.0	35.2	
35.2	37.7	15.5	37.7	
47.5	42.6	15.5	54.9	
86.9	32.8	3.2	25.4	
89.3	27.8	-6.6	5.7	
91.8	22.9	18.0	-9.1	
50.0	25.4	37.7	-43.5	
-4.1	27.8	13.1	-4.1	
-55.8	20.5	-1.7	3.2	
-63.2	32.8	3.2	18.0	
-50.9	32.8	3.2	8.2	
30.3	30.3	5.7	0.8	
91.8	37.7	10.6	-9.1	
111.5	30.3	5.7	-4.1	
123.8	22.9	-14.0	13.1	
106.6	20.5	5.7	10.6	
67.2	25.4	-6.6	-1.7	
40.1	37.7	-11.5	13.1	
30.3	25.4	-14.0	10.6	
-6.6	22.9	-9.1	8.2	
-53.3	35.2	0.8	8.2	
-82.9	32.8	0.8	30.3	
-31.2	35.2	5.7	57.4	
-70.6	40.1	8.2	45.1	
-9.1	47.5	8.2	50.0	
45.1	30.3	18.0	-6.6	
45.1	40.1	18.0	-31.2	
-16.4	35.2	20.5	-26.3	
-18.9	27.8	10.6	-11.5	
25.4	30.3	-6.6	-11.5	
86.9	40.1	8.2	-1.7	
109.0	30.3	8.2	0.8	
131.2	22.9	13.1	-1.7	
113.9	30.3	13.1	-1.7	
22.9	27.8	22.9	-6.6	
3.2	32.8	25.4	13.1	
40.1	30.3	30.3	27.8	
94.3	30.3	32.8	25.4	
-6.6	35.2	35.2	22.9	
-97.6	35.2	35.2	15.5	
-304.3	32.8	27.8	13.1	
-380.5	15.5	35.2	-31.2	
-200.9	18.0	25.4	-21.4	
-90.2	13.1	37.7	-23.8	
-21.4	25.4	25.4	-4.1	
-36.1	30.3	35.2	-9.1	
-14.0	27.8	30.3	0.8	
-16.4	35.2	40.1	5.7	
3.2	35.2	37.7	0.8	
0.8	27.8	27.8	8.2	
-9.1	20.5	37.7	25.4	
15.5	35.2	40.1	42.6	
57.4	27.8	35.2	62.3	
72.1	30.3	50.0	64.7	
82.0	27.8	40.1	3.2	
84.4	10.6	42.6	-21.4	
32.8	13.1	42.6	-58.3	
-18.9	25.4	37.7	-26.3	
22.9	10.6	27.8	-16.4	
54.9	22.9	35.2	-16.4	
91.8	15.5	15.5	-16.4	
109.0	27.8	37.7	-16.4	
82.0	22.9	50.0	-1.7	
-33.7	25.4	47.5	-1.7	
-109.9	13.1	54.9	-4.1	
-11.5	27.8	50.0	-1.7	
54.9	30.3	40.1	-1.7	
52.4	20.5	40.1	8.2	
30.3	18.0	40.1	10.6	
47.5	32.8	20.5	8.2	
22.9	32.8	18.0	22.9	
18.0	22.9	35.2	20.5	
45.1	35.2	32.8	32.8	
37.7	37.7	25.4	25.4	
40.1	30.3	25.4	13.1	
62.3	45.1	8.2	32.8	
59.8	50.0	5.7	8.2	
30.3	45.1	8.2	-9.1	
-26.3	47.5	18.0	-6.6	
-18.9	47.5	22.9	8.2	
25.4	35.2	45.1	18.0	
42.6	45.1	27.8	3.2	
25.4	35.2	30.3	13.1	
18.0	45.1	45.1	3.2	
37.7	27.8	45.1	5.7	
30.3	35.2	25.4	20.5	
20.5	27.8	5.7	37.7	
42.6	35.2	8.2	42.6	
35.2	32.8	22.9	37.7	
45.1	32.8	8.2	-9.1	
57.4	32.8	-4.1	15.5	
74.6	30.3	-9.1	42.6	
89.3	18.0	5.7	57.4	
67.2	32.8	15.5	-9.1	
52.4	27.8	5.7	-23.8	
69.7	22.9	20.5	-6.6	
82.0	30.3	13.1	-21.4	
47.5	30.3	-1.7	-1.7	
15.5	27.8	3.2	25.4	
15.5	35.2	0.8	3.2	
22.9	22.9	-1.7	-23.8	
0.8	32.8	-1.7	-6.6	
-46.0	25.4	-9.1	-9.1	
-33.7	27.8	5.7	0.8	
-4.1	35.2	-9.1	0.8	
3.2	30.3	-6.6	25.4	
-4.1	27.8	3.2	50.0	
-43.5	35.2	3.2	40.1	
-38.6	22.9	3.2	45.1	
20.5	25.4	0.8	3.2	
62.3	32.8	3.2	-36.1	
30.3	18.0	8.2	-1.7	
25.4	25.4	5.7	13.1	
32.8	10.6	-4.1	30.3	
-4.1	20.5	0.8	-14.0	
-28.7	18.0	0.8	22.9	
27.8	37.7	8.2	54.9	
52.4	22.9	-1.7	35.2	
67.2	37.7	-9.1	42.6	
45.1	32.8	3.2	18.0	
30.3	18.0	3.2	-33.7	
52.4	32.8	3.2	-33.7	
111.5	35.2	0.8	-41.0	
128.7	30.3	8.2	-18.9	
89.3	18.0	8.2	-31.2	
-55.8	32.8	18.0	0.8	
-151.7	35.2	8.2	5.7	
-154.2	37.7	8.2	5.7	
-132.1	30.3	10.6	8.2	
-100.1	22.9	5.7	8.2	
-31.2	25.4	13.1	15.5	
45.1	32.8	22.9	18.0	
94.3	22.9	5.7	30.3	
101.6	25.4	20.5	22.9	
91.8	25.4	32.8	22.9	
37.7	25.4	13.1	22.9	
-1.7	20.5	13.1	13.1	
-14.0	22.9	18.0	10.6	
-80.4	25.4	22.9	15.5	
-48.4	20.5	15.5	10.6	
-1.7	27.8	10.6	3.2	
82.0	22.9	3.2	3.2	
158.2	35.2	13.1	-4.1	
234.5	22.9	18.0	18.0	
244.3	25.4	25.4	8.2	
212.3	20.5	30.3	22.9	
62.3	20.5	18.0	-4.1	
-159.1	22.9	5.7	-14.0	
-215.7	8.2	18.0	-1.7	
-208.3	20.5	18.0	-6.6	
-156.7	35.2	10.6	0.8	
-154.2	35.2	10.6	0.8	
-38.6	20.5	-1.7	-9.1	
64.7	20.5	8.2	8.2	
123.8	22.9	5.7	-1.7	
136.1	22.9	-1.7	0.8	
131.2	30.3	0.8	10.6	
89.3	42.6	-6.6	0.8	
-1.7	37.7	8.2	0.8	
-23.8	40.1	0.8	0.8	
-48.4	40.1	-4.1	5.7	
-82.9	22.9	3.2	10.6	
-11.5	32.8	10.6	-9.1	
37.7	30.3	15.5	-9.1	
25.4	37.7	25.4	-6.6	
37.7	27.8	18.0	15.5	
82.0	27.8	10.6	25.4	
133.6	42.6	8.2	20.5	
109.0	22.9	18.0	-18.9	
155.8	30.3	13.1	-11.5	
202.5	35.2	22.9	3.2	
163.1	25.4	18.0	18.0	
35.2	37.7	27.8	22.9	
-50.9	15.5	15.5	13.1	
-169.0	30.3	27.8	30.3	
-124.7	13.1	35.2	20.5	
-127.1	27.8	25.4	-33.7	
-97.6	30.3	32.8	-36.1	
-97.6	25.4	32.8	25.4	
-112.4	47.5	25.4	99.2	
-100.1	32.8	27.8	128.7	
-48.4	35.2	27.8	89.3	
-18.9	30.3	32.8	-28.7	
10.6	25.4	32.8	-109.9	
32.8	27.8	37.7	-102.5	
62.3	27.8	37.7	-33.7	
94.3	27.8	37.7	0.8	
96.7	22.9	45.1	-21.4	
77.0	18.0	40.1	-33.7	
72.1	22.9	40.1	-31.2	
47.5	18.0	47.5	0.8	
35.2	5.7	40.1	-14.0	
3.2	30.3	45.1	-1.7	
-21.4	30.3	40.1	13.1	
-28.7	35.2	37.7	8.2	
-16.4	18.0	42.6	8.2	
18.0	32.8	52.4	35.2	
40.1	20.5	45.1	27.8	
42.6	13.1	42.6	35.2	
20.5	18.0	35.2	42.6	
-1.7	13.1	30.3	0.8	
-26.3	10.6	37.7	67.2	
18.0	22.9	40.1	32.8	
42.6	37.7	42.6	-9.1	
8.2	45.1	42.6	-65.6	
-4.1	57.4	45.1	-43.5	
0.8	62.3	32.8	-11.5	
5.7	59.8	35.2	-36.1	
27.8	50.0	42.6	-1.7	
20.5	45.1	37.7	-4.1	
27.8	35.2	42.6	3.2	
27.8	32.8	37.7	8.2	
25.4	35.2	47.5	0.8	
-6.6	37.7	27.8	3.2	
-1.7	37.7	30.3	3.2	
5.7	45.1	37.7	-4.1	
25.4	27.8	42.6	-9.1	
37.7	37.7	30.3	5.7	
27.8	40.1	40.1	13.1	
42.6	32.8	32.8	8.2	
42.6	42.6	45.1	30.3	
64.7	25.4	40.1	37.7	
77.0	37.7	42.6	3.2	
96.7	40.1	42.6	20.5	
99.2	37.7	32.8	37.7	
86.9	42.6	22.9	37.7	
72.1	47.5	35.2	-21.4	
42.6	42.6	30.3	-6.6	
-26.3	47.5	35.2	-6.6	
-77.9	27.8	40.1	22.9	
-41.0	30.3	35.2	3.2	
-41.0	40.1	32.8	0.8	
-41.0	32.8	40.1	13.1	
-31.2	40.1	35.2	13.1	
8.2	32.8	25.4	-11.5	
20.5	30.3	32.8	-9.1	
47.5	35.2	27.8	5.7	
82.0	35.2	35.2	8.2	
118.9	32.8	25.4	-1.7	
104.1	35.2	35.2	3.2	
59.8	37.7	22.9	0.8	
50.0	35.2	25.4	-6.6	
62.3	25.4	10.6	-4.1	
15.5	35.2	13.1	-6.6	
-87.8	40.1	22.9	3.2	
-127.1	37.7	25.4	5.7	
-41.0	35.2	27.8	-6.6	
22.9	20.5	10.6	0.8	
42.6	18.0	5.7	5.7	
0.8	22.9	8.2	5.7	
8.2	20.5	5.7	-6.6	
74.6	8.2	13.1	3.2	
77.0	-4.1	22.9	3.2	
42.6	0.8	32.8	5.7	
50.0	-11.5	25.4	3.2	
-21.4	-6.6	18.0	8.2	
-28.7	-1.7	27.8	20.5	
-16.4	-6.6	22.9	-1.7	
-31.2	-1.7	22.9	20.5	
5.7	-6.6	10.6	13.1	
111.5	3.2	5.7	8.2	
229.6	-11.5	13.1	20.5	
249.2	-4.1	22.9	13.1	
246.8	8.2	18.0	25.4	
168.1	-11.5	15.5	-16.4	
67.2	3.2	15.5	-63.2	
-68.1	13.1	18.0	0.8	
-296.9	8.2	15.5	-4.1	
-427.3	8.2	27.8	-6.6	
-272.3	5.7	22.9	-6.6	
-154.2	8.2	15.5	-1.7	
-107.5	5.7	8.2	-4.1	
-33.7	13.1	8.2	-18.9	
52.4	37.7	10.6	-23.8	
136.1	35.2	15.5	3.2	
138.5	37.7	22.9	-1.7	
106.6	25.4	25.4	3.2	
37.7	20.5	22.9	30.3	
-68.1	18.0	35.2	50.0	
-112.4	15.5	20.5	27.8	
-114.8	15.5	8.2	35.2	
-77.9	25.4	15.5	5.7	
-31.2	22.9	15.5	-6.6	
30.3	18.0	22.9	15.5	
40.1	35.2	13.1	35.2	
27.8	50.0	20.5	5.7	
0.8	64.7	18.0	-63.2	
30.3	62.3	13.1	-95.2	
79.5	57.4	10.6	-46.0	
86.9	62.3	13.1	5.7	
37.7	52.4	13.1	-41.0	
-1.7	50.0	18.0	-6.6	
-31.2	37.7	22.9	-26.3	
-28.7	32.8	15.5	-28.7	
-28.7	27.8	13.1	-14.0	
-16.4	42.6	20.5	-9.1	
-6.6	32.8	22.9	-14.0	
25.4	27.8	32.8	-4.1	
54.9	30.3	18.0	15.5	
52.4	32.8	5.7	37.7	
47.5	30.3	8.2	22.9	
52.4	22.9	8.2	-6.6	
50.0	22.9	5.7	-4.1	
27.8	25.4	10.6	-31.2	
54.9	27.8	18.0	-21.4	
45.1	22.9	22.9	-4.1	
57.4	32.8	32.8	3.2	
86.9	27.8	27.8	-14.0	
121.3	22.9	40.1	-6.6	
150.8	30.3	30.3	0.8	
180.4	25.4	27.8	8.2	
150.8	25.4	40.1	25.4	
27.8	30.3	40.1	15.5	
-193.6	30.3	32.8	30.3	
-205.9	30.3	50.0	47.5	
-68.1	32.8	42.6	89.3	
-11.5	32.8	45.1	109.0	
-4.1	35.2	50.0	40.1	
-6.6	37.7	40.1	-36.1	
5.7	30.3	52.4	-65.6	
37.7	30.3	45.1	-23.8	
50.0	27.8	37.7	-28.7	
77.0	27.8	45.1	-28.7	
118.9	27.8	40.1	0.8	
101.6	25.4	50.0	0.8	
20.5	15.5	54.9	3.2	
-21.4	22.9	50.0	13.1	
-33.7	25.4	52.4	20.5	
-75.5	30.3	59.8	25.4	
-33.7	30.3	50.0	15.5	
-63.2	52.4	57.4	27.8	
-53.3	40.1	59.8	40.1	
0.8	35.2	52.4	42.6	
64.7	37.7	59.8	25.4	
54.9	32.8	47.5	18.0	
35.2	30.3	57.4	13.1	
27.8	42.6	52.4	22.9	
-14.0	32.8	45.1	15.5	
-43.5	40.1	47.5	-1.7	
-60.7	47.5	50.0	-4.1	
-33.7	42.6	40.1	10.6	
-1.7	42.6	32.8	5.7	
5.7	35.2	47.5	0.8	
32.8	35.2	54.9	0.8	
35.2	25.4	42.6	32.8	
42.6	25.4	32.8	50.0	
30.3	22.9	40.1	57.4	
37.7	32.8	40.1	15.5	
50.0	30.3	30.3	27.8	
22.9	30.3	50.0	0.8	
15.5	37.7	35.2	-9.1	
32.8	27.8	22.9	5.7	
91.8	22.9	35.2	-9.1	
109.0	35.2	22.9	-6.6	
123.8	32.8	37.7	-1.7	
104.1	50.0	32.8	5.7	
82.0	40.1	20.5	15.5	
22.9	32.8	3.2	5.7	
-33.7	30.3	5.7	-4.1	
-90.2	22.9	13.1	15.5	
-85.3	30.3	20.5	15.5	
-58.3	25.4	27.8	10.6	
-21.4	32.8	20.5	3.2	
25.4	40.1	10.6	5.7	
30.3	15.5	8.2	5.7	
42.6	20.5	22.9	8.2	
67.2	27.8	18.0	10.6	
74.6	22.9	18.0	5.7	
89.3	20.5	13.1	25.4	
111.5	13.1	20.5	32.8	
133.6	27.8	18.0	32.8	
141.0	32.8	10.6	-11.5	
74.6	35.2	20.5	-23.8	
-33.7	30.3	22.9	-1.7	
-109.9	37.7	15.5	-9.1	
-112.4	30.3	18.0	13.1	
-87.8	32.8	27.8	22.9	
-105.0	30.3	15.5	30.3	
-58.3	30.3	25.4	47.5	
27.8	25.4	18.0	47.5	
148.4	32.8	13.1	27.8	
219.7	30.3	22.9	0.8	
239.4	35.2	25.4	-23.8	
165.6	27.8	15.5	3.2	
-1.7	37.7	20.5	8.2	
-156.7	27.8	25.4	-16.4	
-122.2	18.0	27.8	-4.1	
35.2	22.9	35.2	-68.1	
82.0	27.8	32.8	-46.0	
109.0	32.8	27.8	-23.8	
86.9	35.2	20.5	-14.0	
64.7	25.4	22.9	-9.1	
-16.4	35.2	30.3	-4.1	
-105.0	27.8	37.7	-16.4	
-73.0	15.5	25.4	0.8	
30.3	20.5	42.6	-1.7	
27.8	20.5	35.2	-11.5	
-50.9	18.0	35.2	-9.1	
-218.2	22.9	42.6	3.2	
-277.2	15.5	42.6	0.8	
-200.9	18.0	32.8	10.6	
-164.0	22.9	32.8	59.8	
-85.3	22.9	35.2	118.9	
-23.8	25.4	40.1	91.8	
8.2	13.1	40.1	-31.2	
50.0	30.3	42.6	-117.3	
101.6	32.8	45.1	-50.9	
141.0	35.2	35.2	-26.3	
109.0	22.9	37.7	-33.7	
118.9	42.6	45.1	-1.7	
37.7	32.8	45.1	-1.7	
-87.8	35.2	30.3	-4.1	
-82.9	37.7	47.5	-14.0	
-55.8	32.8	50.0	-11.5	
-53.3	35.2	45.1	3.2	
-28.7	32.8	32.8	25.4	
-9.1	35.2	47.5	37.7	
20.5	25.4	45.1	35.2	
67.2	32.8	45.1	20.5	
104.1	32.8	45.1	42.6	
136.1	40.1	47.5	3.2	
148.4	20.5	35.2	42.6	
123.8	37.7	50.0	5.7	
67.2	27.8	57.4	-18.9	
8.2	35.2	40.1	-31.2	
-53.3	35.2	42.6	-1.7	
-63.2	27.8	47.5	-16.4	
-50.9	37.7	37.7	-18.9	
-43.5	30.3	32.8	8.2	
-14.0	27.8	40.1	13.1	
18.0	22.9	40.1	10.6	
45.1	30.3	32.8	-4.1	
30.3	42.6	47.5	10.6	
32.8	37.7	30.3	18.0	
30.3	42.6	32.8	8.2	
-6.6	45.1	42.6	22.9	
-11.5	27.8	40.1	40.1	
0.8	13.1	37.7	47.5	
15.5	42.6	40.1	10.6	
30.3	22.9	42.6	8.2	
