sensor1	sensor2	sensor3	sensor4	
96.7	25.4	-6.6	0.8	
25.4	25.4	-21.4	5.7	
8.2	30.3	-9.1	10.6	
-28.7	25.4	-18.9	15.5	
-77.9	20.5	-16.4	10.6	
-225.5	13.1	-11.5	-1.7	
-299.3	13.1	-16.4	-6.6	
-311.6	27.8	-21.4	-1.7	
-220.6	35.2	-1.7	-21.4	
-210.8	22.9	8.2	3.2	
-378.1	32.8	13.1	22.9	
-464.2	32.8	8.2	15.5	
-378.1	42.6	8.2	37.7	
-178.8	45.1	-16.4	22.9	
54.9	37.7	-6.6	-4.1	
155.8	37.7	-1.7	5.7	
187.7	45.1	-6.6	20.5	
207.4	30.3	-11.5	20.5	
200.0	35.2	0.8	20.5	
187.7	35.2	13.1	5.7	
170.5	37.7	27.8	5.7	
15.5	35.2	18.0	-9.1	
25.4	40.1	-11.5	-4.1	
-50.9	22.9	-31.2	5.7	
-309.2	30.3	-31.2	8.2	
-387.9	30.3	-60.7	0.8	
-456.8	20.5	-36.1	5.7	
-572.4	30.3	20.5	-1.7	
-437.1	27.8	62.3	3.2	
-166.5	32.8	72.1	0.8	
50.0	27.8	47.5	5.7	
207.4	25.4	54.9	0.8	
315.7	32.8	40.1	5.7	
404.2	32.8	0.8	0.8	
286.1	37.7	-11.5	0.8	
160.7	32.8	-1.7	8.2	
50.0	30.3	0.8	5.7	
-41.0	27.8	-38.6	3.2	
-132.1	42.6	-48.4	5.7	
-432.2	37.7	-4.1	-4.1	
-707.7	37.7	-31.2	5.7	
-661.0	18.0	-53.3	-6.6	
-439.6	22.9	-87.8	3.2	
-90.2	32.8	-55.8	-4.1	
160.7	37.7	3.2	13.1	
271.4	35.2	5.7	15.5	
332.9	35.2	-6.6	3.2	
232.0	35.2	27.8	15.5	
47.5	30.3	20.5	15.5	
-75.5	40.1	18.0	5.7	
-203.4	30.3	42.6	3.2	
-218.2	37.7	79.5	5.7	
-109.9	47.5	111.5	5.7	
-41.0	32.8	109.0	3.2	
-232.9	35.2	64.7	13.1	
-437.1	13.1	37.7	20.5	
-587.2	35.2	35.2	8.2	
-424.8	35.2	13.1	18.0	
-188.6	32.8	-21.4	22.9	
-28.7	45.1	-33.7	20.5	
104.1	35.2	5.7	8.2	
374.7	25.4	20.5	5.7	
399.3	20.5	59.8	0.8	
394.4	25.4	69.7	-1.7	
406.7	20.5	59.8	13.1	
259.1	18.0	47.5	0.8	
96.7	27.8	-11.5	10.6	
-26.3	50.0	-21.4	8.2	
-107.5	25.4	-38.6	5.7	
-151.7	25.4	-26.3	8.2	
-161.6	22.9	-14.0	10.6	
-169.0	40.1	-26.3	8.2	
-203.4	35.2	-1.7	8.2	
-223.1	32.8	20.5	3.2	
-235.4	27.8	15.5	5.7	
-264.9	27.8	3.2	3.2	
-257.5	30.3	-41.0	3.2	
-129.6	27.8	-23.8	5.7	
-48.4	25.4	-33.7	3.2	
-97.6	40.1	-26.3	-9.1	
-122.2	45.1	13.1	-1.7	
-107.5	35.2	27.8	-9.1	
-159.1	32.8	37.7	-16.4	
-191.1	30.3	50.0	-14.0	
-220.6	35.2	-6.6	0.8	
-262.4	40.1	0.8	10.6	
-287.0	32.8	20.5	25.4	
-264.9	20.5	-9.1	57.4	
-301.8	22.9	-48.4	27.8	
-503.5	40.1	-38.6	0.8	
-742.1	32.8	-6.6	-4.1	
-1052.1	15.5	-9.1	25.4	
-1199.7	30.3	18.0	18.0	
-1113.6	22.9	57.4	18.0	
-825.8	22.9	54.9	13.1	
-523.2	20.5	84.4	10.6	
-360.8	20.5	45.1	13.1	
-65.6	45.1	-50.9	5.7	
266.5	37.7	-63.2	3.2	
342.7	27.8	-18.9	0.8	
446.0	10.6	-9.1	15.5	
576.4	32.8	8.2	30.3	
409.1	42.6	5.7	15.5	
224.6	32.8	15.5	13.1	
202.5	18.0	40.1	20.5	
136.1	42.6	72.1	8.2	
77.0	47.5	0.8	-21.4	
13.1	45.1	-36.1	-4.1	
-77.9	52.4	-18.9	-31.2	
-124.7	50.0	-1.7	-48.4	
-230.5	37.7	5.7	-68.1	
-260.0	32.8	-1.7	-65.6	
-262.4	27.8	-4.1	-43.5	
-220.6	27.8	-6.6	10.6	
-161.6	42.6	-9.1	94.3	
-75.5	27.8	-6.6	86.9	
-75.5	25.4	10.6	54.9	
-146.8	32.8	20.5	0.8	
-205.9	32.8	20.5	-14.0	
-262.4	30.3	22.9	15.5	
-277.2	30.3	15.5	82.0	
-279.7	35.2	32.8	77.0	
-309.2	25.4	8.2	30.3	
-333.8	22.9	3.2	35.2	
-328.9	27.8	-11.5	13.1	
-319.0	22.9	-11.5	-6.6	
-304.3	3.2	-28.7	-18.9	
-292.0	18.0	-9.1	-18.9	
-353.5	35.2	0.8	-23.8	
-476.5	35.2	-60.7	0.8	
-688.0	54.9	-41.0	8.2	
-828.2	42.6	30.3	3.2	
-702.8	47.5	62.3	5.7	
-449.4	37.7	40.1	-1.7	
-237.8	22.9	37.7	3.2	
-232.9	22.9	25.4	-9.1	
-272.3	18.0	35.2	-36.1	
-85.3	18.0	13.1	-53.3	
126.2	8.2	8.2	-58.3	
123.8	22.9	-1.7	-73.0	
0.8	18.0	18.0	-14.0	
-92.7	32.8	50.0	104.1	
-277.2	30.3	37.7	77.0	
-407.6	27.8	18.0	62.3	
-432.2	32.8	40.1	18.0	
-488.8	35.2	40.1	20.5	
-442.0	47.5	37.7	5.7	
-360.8	45.1	25.4	-6.6	
-129.6	35.2	5.7	-23.8	
143.5	45.1	-6.6	-16.4	
35.2	45.1	10.6	-14.0	
-159.1	52.4	8.2	18.0	
-442.0	35.2	0.8	35.2	
-734.8	40.1	-4.1	74.6	
-904.5	27.8	-16.4	64.7	
-988.1	18.0	-16.4	72.1	
-835.6	27.8	-26.3	54.9	
-668.3	30.3	-18.9	-11.5	
-373.1	22.9	-21.4	-70.6	
-178.8	30.3	-16.4	-53.3	
32.8	40.1	15.5	10.6	
173.0	30.3	25.4	25.4	
259.1	22.9	42.6	18.0	
281.2	30.3	22.9	13.1	
232.0	40.1	15.5	13.1	
128.7	25.4	30.3	10.6	
-149.3	32.8	37.7	0.8	
-412.5	22.9	15.5	8.2	
-498.6	20.5	-14.0	3.2	
-545.3	30.3	-21.4	18.0	
-471.5	22.9	-41.0	20.5	
-353.5	25.4	-53.3	8.2	
-311.6	40.1	-16.4	18.0	
-188.6	42.6	27.8	-1.7	
-4.1	32.8	96.7	-9.1	
131.2	40.1	121.3	0.8	
180.4	18.0	74.6	0.8	
197.6	35.2	35.2	3.2	
109.0	13.1	-9.1	0.8	
-4.1	20.5	-21.4	8.2	
-117.3	32.8	-46.0	-1.7	
-164.0	30.3	-85.3	5.7	
-191.1	25.4	-63.2	-14.0	
-220.6	35.2	-9.1	-11.5	
-314.1	37.7	-1.7	-28.7	
-351.0	50.0	-6.6	-38.6	
-333.8	25.4	-16.4	-43.5	
-319.0	25.4	-16.4	-38.6	
-218.2	30.3	18.0	0.8	
-169.0	35.2	52.4	5.7	
-306.7	35.2	35.2	22.9	
-323.9	25.4	32.8	10.6	
-427.3	15.5	18.0	8.2	
-513.4	27.8	25.4	10.6	
-584.7	35.2	20.5	42.6	
-469.1	35.2	-21.4	77.0	
-240.3	22.9	-31.2	62.3	
-124.7	25.4	-21.4	42.6	
-11.5	37.7	-31.2	15.5	
-75.5	50.0	-33.7	-18.9	
-144.4	50.0	-38.6	-18.9	
-282.1	50.0	-6.6	3.2	
-341.2	25.4	30.3	47.5	
-309.2	13.1	27.8	40.1	
-181.3	13.1	50.0	18.0	
-1.7	10.6	57.4	20.5	
25.4	0.8	62.3	25.4	
35.2	25.4	-28.7	5.7	
-16.4	25.4	-60.7	-28.7	
-100.1	20.5	-141.9	-43.5	
-210.8	32.8	-119.8	-70.6	
-422.3	27.8	-105.0	-55.8	
-466.6	30.3	0.8	-9.1	
-363.3	37.7	138.5	15.5	
-169.0	45.1	99.2	42.6	
-31.2	45.1	89.3	18.0	
22.9	32.8	104.1	-21.4	
-31.2	42.6	109.0	-6.6	
-124.7	45.1	59.8	8.2	
-237.8	45.1	20.5	32.8	
-299.3	40.1	3.2	69.7	
-296.9	25.4	-43.5	-4.1	
-355.9	27.8	-95.2	-55.8	
-444.5	15.5	-129.6	-53.3	
-454.3	10.6	-102.5	-82.9	
-496.1	22.9	-77.9	-70.6	
-454.3	27.8	-58.3	-23.8	
-513.4	35.2	-21.4	22.9	
-597.0	22.9	84.4	84.4	
-515.8	32.8	180.4	111.5	
-262.4	35.2	180.4	40.1	
54.9	20.5	128.7	-26.3	
249.2	22.9	77.0	-53.3	
460.8	25.4	25.4	-11.5	
586.3	37.7	-1.7	15.5	
455.9	45.1	-9.1	40.1	
298.4	37.7	-1.7	52.4	
136.1	37.7	-11.5	52.4	
-151.7	35.2	-4.1	52.4	
-255.1	27.8	-4.1	13.1	
-63.2	25.4	-23.8	30.3	
8.2	18.0	-41.0	42.6	
-90.2	22.9	-53.3	22.9	
-159.1	25.4	-26.3	20.5	
-171.4	45.1	-43.5	20.5	
-124.7	30.3	-28.7	10.6	
-102.5	37.7	-28.7	20.5	
-141.9	22.9	-46.0	15.5	
-220.6	25.4	-23.8	-16.4	
-225.5	27.8	-6.6	-14.0	
-196.0	30.3	-23.8	5.7	
-77.9	10.6	0.8	27.8	
18.0	-11.5	-38.6	-9.1	
77.0	22.9	-6.6	-18.9	
-36.1	30.3	30.3	-28.7	
-141.9	32.8	42.6	-23.8	
-124.7	42.6	37.7	5.7	
-92.7	35.2	22.9	30.3	
-85.3	-6.6	-18.9	54.9	
-159.1	-1.7	-11.5	57.4	
-220.6	18.0	-9.1	47.5	
-427.3	42.6	-16.4	62.3	
-402.7	47.5	-23.8	10.6	
-247.7	40.1	-33.7	-26.3	
10.6	32.8	-11.5	-28.7	
207.4	35.2	-14.0	-23.8	
84.4	30.3	-21.4	-36.1	
25.4	27.8	-9.1	-31.2	
-109.9	30.3	20.5	18.0	
-137.0	22.9	67.2	62.3	
5.7	15.5	74.6	47.5	
118.9	27.8	15.5	25.4	
202.5	22.9	32.8	18.0	
91.8	22.9	106.6	-4.1	
79.5	27.8	91.8	-50.9	
37.7	42.6	74.6	-90.2	
-82.9	42.6	3.2	-65.6	
-279.7	40.1	-65.6	-58.3	
-387.9	35.2	-36.1	3.2	
-459.2	47.5	13.1	40.1	
-501.1	52.4	20.5	42.6	
-323.9	54.9	5.7	-14.0	
-97.6	45.1	-18.9	13.1	
62.3	47.5	13.1	27.8	
106.6	45.1	52.4	57.4	
187.7	45.1	27.8	163.1	
271.4	40.1	57.4	177.9	
259.1	35.2	64.7	-11.5	
118.9	30.3	69.7	-68.1	
158.2	20.5	-1.7	-14.0	
3.2	27.8	-114.8	20.5	
-154.2	10.6	-92.7	5.7	
-198.5	13.1	-154.2	-14.0	
-173.9	18.0	-77.9	15.5	
-205.9	30.3	20.5	0.8	
-400.2	32.8	37.7	15.5	
-461.7	27.8	27.8	18.0	
-432.2	27.8	10.6	15.5	
-395.3	35.2	-28.7	13.1	
-235.4	25.4	-18.9	0.8	
-95.2	30.3	20.5	-1.7	
109.0	27.8	20.5	-1.7	
50.0	32.8	5.7	3.2	
-70.6	35.2	-26.3	8.2	
-146.8	32.8	-33.7	-11.5	
-232.9	30.3	-38.6	3.2	
-215.7	40.1	-31.2	-4.1	
-228.0	25.4	-92.7	-11.5	
-159.1	27.8	-68.1	3.2	
-127.1	40.1	-18.9	-1.7	
-141.9	32.8	47.5	8.2	
-188.6	35.2	59.8	0.8	
-306.7	35.2	74.6	-6.6	
-385.4	32.8	30.3	18.0	
-459.2	35.2	-1.7	20.5	
-306.7	52.4	-53.3	3.2	
-171.4	37.7	-55.8	-18.9	
69.7	35.2	15.5	-41.0	
202.5	20.5	69.7	-53.3	
37.7	40.1	64.7	-36.1	
-60.7	30.3	50.0	-4.1	
-186.2	32.8	37.7	42.6	
-336.2	32.8	52.4	94.3	
-378.1	27.8	35.2	22.9	
-289.5	27.8	47.5	-41.0	
-269.8	32.8	62.3	-11.5	
-289.5	35.2	84.4	-33.7	
-178.8	42.6	72.1	-23.8	
-132.1	30.3	59.8	47.5	
-112.4	25.4	32.8	121.3	
-156.7	20.5	13.1	79.5	
-181.3	42.6	10.6	30.3	
-141.9	59.8	-18.9	37.7	
-63.2	52.4	-60.7	54.9	
27.8	59.8	-92.7	-1.7	
69.7	42.6	-68.1	-9.1	
57.4	15.5	-16.4	13.1	
-6.6	10.6	-26.3	-26.3	
-119.8	27.8	-14.0	3.2	
-154.2	30.3	22.9	54.9	
-149.3	35.2	15.5	57.4	
-112.4	40.1	-26.3	77.0	
-164.0	42.6	-73.0	101.6	
-92.7	30.3	-95.2	62.3	
-6.6	37.7	-100.1	30.3	
13.1	30.3	-73.0	-28.7	
64.7	32.8	-21.4	-105.0	
-82.9	30.3	40.1	-90.2	
-228.0	25.4	89.3	-75.5	
-154.2	30.3	18.0	-26.3	
-60.7	25.4	-14.0	35.2	
180.4	8.2	-14.0	67.2	
300.9	-1.7	20.5	57.4	
261.5	27.8	59.8	67.2	
357.5	37.7	121.3	22.9	
325.5	20.5	123.8	-1.7	
394.4	15.5	84.4	-4.1	
633.0	45.1	45.1	-11.5	
601.0	32.8	67.2	-21.4	
423.9	22.9	84.4	18.0	
276.3	37.7	50.0	8.2	
192.7	50.0	10.6	-16.4	
163.1	54.9	30.3	-11.5	
207.4	42.6	40.1	-21.4	
374.7	18.0	-14.0	8.2	
465.7	20.5	-33.7	20.5	
451.0	15.5	-31.2	37.7	
192.7	30.3	-33.7	32.8	
-80.4	27.8	-55.8	15.5	
-220.6	37.7	-55.8	18.0	
-161.6	37.7	-33.7	47.5	
-11.5	42.6	-50.9	45.1	
-4.1	35.2	-55.8	30.3	
64.7	37.7	-18.9	30.3	
200.0	42.6	-26.3	15.5	
264.0	32.8	-11.5	3.2	
323.0	20.5	52.4	-11.5	
315.7	10.6	42.6	-48.4	
332.9	20.5	-41.0	-38.6	
283.7	30.3	-80.4	-58.3	
239.4	18.0	-109.9	-33.7	
175.4	25.4	-100.1	22.9	
72.1	25.4	-36.1	25.4	
0.8	52.4	22.9	57.4	
-65.6	45.1	74.6	111.5	
-53.3	54.9	37.7	209.9	
-70.6	27.8	20.5	291.1	
-156.7	37.7	52.4	236.9	
-205.9	40.1	8.2	89.3	
-245.2	42.6	18.0	-122.2	
-188.6	40.1	22.9	-296.9	
-122.2	35.2	52.4	-223.1	
-129.6	45.1	86.9	-102.5	
-188.6	47.5	57.4	-80.4	
-213.2	52.4	67.2	-171.4	
-107.5	54.9	35.2	-213.2	
18.0	27.8	77.0	-132.1	
-50.9	40.1	62.3	42.6	
-18.9	30.3	67.2	185.3	
141.0	40.1	101.6	232.0	
214.8	37.7	22.9	101.6	
99.2	22.9	-73.0	54.9	
-26.3	25.4	-100.1	133.6	
15.5	22.9	-43.5	101.6	
69.7	30.3	-63.2	30.3	
136.1	37.7	-46.0	30.3	
163.1	37.7	-16.4	32.8	
219.7	42.6	79.5	-38.6	
163.1	27.8	104.1	-77.9	
45.1	32.8	94.3	-33.7	
15.5	20.5	62.3	10.6	
42.6	30.3	47.5	-1.7	
158.2	27.8	47.5	3.2	
200.0	30.3	126.2	-23.8	
131.2	30.3	94.3	-26.3	
153.3	27.8	-58.3	-14.0	
190.2	27.8	-156.7	-9.1	
86.9	22.9	-151.7	22.9	
-46.0	32.8	-112.4	40.1	
-41.0	37.7	-58.3	57.4	
141.0	25.4	-1.7	40.1	
463.3	32.8	35.2	40.1	
502.6	35.2	57.4	32.8	
163.1	20.5	128.7	27.8	
37.7	30.3	86.9	10.6	
-11.5	42.6	32.8	15.5	
18.0	40.1	5.7	10.6	
330.4	30.3	-18.9	-9.1	
748.6	45.1	-36.1	-4.1	
741.2	32.8	-73.0	25.4	
598.6	37.7	-48.4	30.3	
453.4	32.8	-41.0	13.1	
411.6	40.1	-65.6	27.8	
350.1	37.7	-80.4	32.8	
261.5	45.1	-63.2	20.5	
241.9	30.3	-102.5	-16.4	
229.6	32.8	-90.2	-26.3	
197.6	40.1	-65.6	-14.0	
320.6	37.7	-46.0	0.8	
468.2	40.1	-9.1	3.2	
426.4	30.3	79.5	5.7	
460.8	27.8	99.2	22.9	
458.3	47.5	101.6	35.2	
340.3	30.3	104.1	18.0	
192.7	30.3	69.7	25.4	
89.3	42.6	50.0	27.8	
-16.4	40.1	47.5	18.0	
-75.5	32.8	25.4	3.2	
-80.4	50.0	37.7	40.1	
-95.2	54.9	27.8	45.1	
-36.1	18.0	-6.6	-23.8	
77.0	18.0	-21.4	-33.7	
118.9	20.5	-9.1	-31.2	
84.4	27.8	64.7	-6.6	
150.8	37.7	89.3	15.5	
212.3	30.3	59.8	37.7	
182.8	20.5	42.6	32.8	
165.6	54.9	20.5	20.5	
121.3	42.6	-1.7	5.7	
96.7	25.4	-21.4	50.0	
168.1	-1.7	-11.5	30.3	
259.1	10.6	-21.4	18.0	
241.9	0.8	-9.1	22.9	
214.8	22.9	20.5	13.1	
256.6	25.4	8.2	-11.5	
214.8	35.2	20.5	-21.4	
148.4	15.5	-21.4	-6.6	
158.2	10.6	-21.4	-16.4	
200.0	25.4	-41.0	-1.7	
224.6	32.8	13.1	-16.4	
244.3	35.2	30.3	-1.7	
192.7	47.5	30.3	-9.1	
141.0	45.1	22.9	-9.1	
96.7	32.8	27.8	18.0	
113.9	45.1	113.9	32.8	
158.2	42.6	192.7	5.7	
271.4	40.1	106.6	22.9	
359.9	42.6	47.5	15.5	
264.0	54.9	-21.4	-1.7	
200.0	57.4	-43.5	0.8	
158.2	52.4	-16.4	37.7	
163.1	30.3	-68.1	30.3	
175.4	-6.6	-173.9	18.0	
175.4	-1.7	-95.2	22.9	
192.7	13.1	-26.3	25.4	
177.9	22.9	-16.4	25.4	
118.9	37.7	-77.9	10.6	
67.2	47.5	-154.2	13.1	
72.1	40.1	-141.9	18.0	
79.5	27.8	-124.7	8.2	
141.0	47.5	-77.9	-1.7	
170.5	52.4	-9.1	-16.4	
187.7	50.0	37.7	-9.1	
170.5	52.4	101.6	20.5	
89.3	37.7	150.8	50.0	
121.3	20.5	153.3	32.8	
32.8	20.5	52.4	15.5	
84.4	40.1	-55.8	3.2	
96.7	32.8	-70.6	-11.5	
126.2	37.7	-73.0	-23.8	
-23.8	45.1	-50.9	-4.1	
-11.5	47.5	-102.5	18.0	
62.3	35.2	-65.6	27.8	
82.0	40.1	111.5	37.7	
86.9	35.2	163.1	25.4	
116.4	27.8	150.8	20.5	
-127.1	20.5	94.3	-43.5	
-496.1	15.5	143.5	-18.9	
-547.8	20.5	232.0	0.8	
-314.1	35.2	182.8	-4.1	
27.8	32.8	116.4	27.8	
165.6	32.8	45.1	47.5	
529.7	45.1	-100.1	50.0	
669.9	35.2	-134.5	42.6	
507.5	27.8	-77.9	18.0	
241.9	32.8	-16.4	13.1	
77.0	27.8	3.2	3.2	
86.9	22.9	5.7	-23.8	
116.4	25.4	-28.7	-23.8	
214.8	30.3	-9.1	-26.3	
143.5	22.9	25.4	-21.4	
25.4	25.4	27.8	-4.1	
32.8	18.0	-4.1	10.6	
74.6	30.3	-46.0	37.7	
69.7	35.2	-26.3	37.7	
47.5	22.9	-41.0	54.9	
5.7	8.2	-82.9	18.0	
3.2	8.2	-92.7	-33.7	
-23.8	5.7	-73.0	-41.0	
5.7	10.6	-60.7	-18.9	
-46.0	-6.6	-43.5	-21.4	
-1.7	-1.7	-11.5	10.6	
67.2	-14.0	74.6	54.9	
205.0	8.2	158.2	57.4	
180.4	22.9	187.7	25.4	
104.1	32.8	318.1	27.8	
91.8	25.4	177.9	15.5	
99.2	47.5	42.6	10.6	
116.4	40.1	-105.0	-1.7	
141.0	52.4	-134.5	-6.6	
111.5	40.1	-129.6	0.8	
82.0	30.3	-43.5	-16.4	
101.6	30.3	-21.4	-1.7	
67.2	22.9	-1.7	10.6	
40.1	35.2	-14.0	18.0	
62.3	47.5	-18.9	15.5	
59.8	42.6	-46.0	20.5	
96.7	40.1	-85.3	32.8	
150.8	37.7	-114.8	52.4	
69.7	32.8	-134.5	22.9	
153.3	45.1	-107.5	0.8	
244.3	37.7	-46.0	18.0	
236.9	42.6	22.9	10.6	
234.5	45.1	50.0	-21.4	
222.2	45.1	45.1	-26.3	
234.5	50.0	77.0	-36.1	
217.3	67.2	74.6	-21.4	
133.6	54.9	42.6	-21.4	
121.3	57.4	42.6	25.4	
165.6	54.9	99.2	32.8	
300.9	45.1	143.5	-6.6	
273.8	62.3	128.7	-33.7	
276.3	64.7	79.5	-28.7	
296.0	52.4	47.5	-38.6	
340.3	52.4	18.0	-38.6	
288.6	35.2	22.9	-16.4	
197.6	25.4	54.9	-48.4	
116.4	27.8	-11.5	-31.2	
54.9	37.7	-38.6	-21.4	
35.2	32.8	-26.3	15.5	
30.3	47.5	0.8	27.8	
59.8	62.3	-4.1	45.1	
52.4	35.2	18.0	5.7	
-151.7	35.2	47.5	10.6	
-422.3	0.8	59.8	37.7	
-469.1	13.1	42.6	64.7	
-203.4	25.4	22.9	57.4	
143.5	22.9	-6.6	77.0	
497.7	22.9	-36.1	37.7	
682.2	30.3	-58.3	45.1	
721.6	45.1	-141.9	30.3	
620.7	27.8	-232.9	18.0	
460.8	25.4	-240.3	-1.7	
377.2	30.3	-151.7	-9.1	
335.3	37.7	-109.9	-1.7	
342.7	35.2	-95.2	10.6	
313.2	47.5	-80.4	40.1	
268.9	32.8	25.4	47.5	
241.9	45.1	109.0	47.5	
182.8	32.8	116.4	52.4	
99.2	40.1	45.1	18.0	
109.0	35.2	-4.1	-9.1	
195.1	32.8	-28.7	-16.4	
273.8	30.3	-9.1	-1.7	
212.3	27.8	35.2	8.2	
229.6	15.5	96.7	-1.7	
143.5	5.7	118.9	5.7	
45.1	18.0	57.4	-11.5	
-53.3	8.2	57.4	-31.2	
-95.2	15.5	57.4	-41.0	
-53.3	27.8	37.7	-18.9	
30.3	27.8	47.5	22.9	
128.7	27.8	173.0	50.0	
261.5	37.7	155.8	57.4	
379.6	30.3	47.5	30.3	
362.4	30.3	-109.9	18.0	
340.3	37.7	-119.8	32.8	
266.5	35.2	-100.1	18.0	
195.1	35.2	-43.5	52.4	
111.5	35.2	50.0	32.8	
67.2	32.8	182.8	27.8	
59.8	27.8	182.8	35.2	
74.6	25.4	111.5	5.7	
42.6	20.5	37.7	0.8	
116.4	35.2	-16.4	0.8	
150.8	20.5	-65.6	-11.5	
3.2	22.9	-48.4	-26.3	
-151.7	0.8	-26.3	-16.4	
-169.0	20.5	-14.0	-41.0	
-33.7	32.8	22.9	-68.1	
357.5	42.6	77.0	-53.3	
303.4	27.8	101.6	-1.7	
256.6	37.7	72.1	35.2	
305.8	30.3	35.2	25.4	
323.0	27.8	-18.9	-6.6	
320.6	25.4	3.2	-46.0	
236.9	25.4	-1.7	-16.4	
261.5	54.9	35.2	15.5	
241.9	42.6	72.1	84.4	
170.5	37.7	47.5	89.3	
111.5	32.8	45.1	5.7	
106.6	45.1	50.0	-73.0	
126.2	40.1	13.1	-41.0	
123.8	40.1	25.4	-16.4	
111.5	47.5	-75.5	-1.7	
67.2	40.1	-53.3	-18.9	
5.7	27.8	-85.3	-9.1	
-26.3	42.6	-73.0	-6.6	
-9.1	27.8	-55.8	30.3	
-55.8	35.2	-50.9	89.3	
-117.3	30.3	-38.6	54.9	
-33.7	27.8	-23.8	27.8	
158.2	10.6	5.7	10.6	
293.5	30.3	-28.7	10.6	
296.0	37.7	-100.1	32.8	
296.0	20.5	-38.6	74.6	
222.2	22.9	-48.4	91.8	
168.1	37.7	-43.5	74.6	
104.1	62.3	-4.1	45.1	
-14.0	42.6	59.8	-18.9	
-4.1	50.0	136.1	-23.8	
-70.6	42.6	182.8	-36.1	
-4.1	25.4	109.0	-73.0	
148.4	42.6	121.3	-48.4	
305.8	22.9	121.3	-36.1	
355.0	27.8	40.1	18.0	
187.7	40.1	-70.6	32.8	
54.9	35.2	-176.3	10.6	
67.2	42.6	-4.1	5.7	
256.6	35.2	47.5	0.8	
411.6	27.8	-36.1	13.1	
391.9	35.2	-68.1	13.1	
214.8	35.2	-50.9	5.7	
45.1	30.3	-58.3	0.8	
-60.7	10.6	-36.1	-9.1	
-82.9	15.5	59.8	0.8	
0.8	27.8	99.2	-4.1	
89.3	35.2	37.7	-1.7	
190.2	52.4	-33.7	0.8	
145.9	52.4	-191.1	3.2	
106.6	45.1	-267.4	8.2	
15.5	47.5	-183.7	8.2	
-73.0	42.6	-85.3	20.5	
-92.7	35.2	-11.5	22.9	
-31.2	30.3	-4.1	32.8	
67.2	42.6	3.2	5.7	
153.3	35.2	113.9	-23.8	
116.4	32.8	84.4	-23.8	
0.8	35.2	91.8	-43.5	
8.2	13.1	86.9	3.2	
-11.5	25.4	86.9	-26.3	
22.9	15.5	131.2	-11.5	
10.6	35.2	123.8	-16.4	
-36.1	32.8	37.7	-18.9	
-58.3	40.1	-21.4	13.1	
-85.3	37.7	-33.7	45.1	
-82.9	42.6	-75.5	64.7	
-68.1	35.2	-139.4	30.3	
8.2	42.6	-122.2	5.7	
40.1	40.1	-41.0	18.0	
136.1	35.2	50.0	27.8	
232.0	54.9	104.1	22.9	
219.7	42.6	62.3	32.8	
160.7	47.5	86.9	35.2	
104.1	32.8	74.6	15.5	
62.3	25.4	101.6	18.0	
62.3	37.7	45.1	27.8	
113.9	42.6	8.2	18.0	
128.7	22.9	22.9	8.2	
145.9	15.5	15.5	18.0	
121.3	22.9	-18.9	8.2	
13.1	30.3	-36.1	-38.6	
30.3	35.2	-18.9	-36.1	
18.0	32.8	-21.4	-16.4	
143.5	27.8	-9.1	8.2	
396.8	30.3	-16.4	-11.5	
470.6	32.8	-60.7	-33.7	
271.4	30.3	-70.6	-60.7	
192.7	27.8	-77.9	-14.0	
192.7	35.2	-80.4	5.7	
187.7	30.3	-87.8	18.0	
96.7	20.5	-114.8	18.0	
47.5	25.4	-50.9	15.5	
77.0	37.7	-21.4	22.9	
219.7	25.4	40.1	0.8	
254.2	30.3	77.0	-58.3	
249.2	37.7	91.8	-60.7	
187.7	37.7	82.0	-55.8	
131.2	27.8	-9.1	-4.1	
62.3	35.2	-18.9	13.1	
22.9	30.3	-1.7	123.8	
15.5	27.8	-1.7	141.0	
0.8	30.3	99.2	126.2	
-1.7	45.1	109.0	72.1	
59.8	40.1	47.5	50.0	
67.2	32.8	-23.8	-1.7	
40.1	22.9	-55.8	-33.7	
32.8	32.8	-92.7	3.2	
96.7	40.1	-68.1	-4.1	
116.4	37.7	-36.1	-14.0	
18.0	35.2	-11.5	-1.7	
-46.0	22.9	99.2	-11.5	
-18.9	30.3	224.6	-9.1	
72.1	40.1	136.1	8.2	
118.9	37.7	13.1	20.5	
195.1	25.4	-31.2	8.2	
155.8	27.8	-1.7	-6.6	
128.7	42.6	-11.5	5.7	
72.1	45.1	-1.7	0.8	
-38.6	37.7	-4.1	-26.3	
-109.9	30.3	45.1	22.9	
-122.2	30.3	84.4	42.6	
0.8	25.4	0.8	15.5	
91.8	35.2	13.1	-28.7	
10.6	30.3	20.5	-38.6	
-105.0	30.3	-1.7	-11.5	
-210.8	30.3	-16.4	8.2	
-154.2	25.4	-4.1	35.2	
22.9	32.8	3.2	35.2	
276.3	37.7	-26.3	59.8	
497.7	37.7	-14.0	47.5	
411.6	35.2	62.3	42.6	
286.1	25.4	84.4	52.4	
25.4	27.8	35.2	84.4	
-68.1	25.4	-36.1	72.1	
-63.2	25.4	-80.4	72.1	
72.1	35.2	-23.8	-38.6	
212.3	25.4	13.1	-127.1	
96.7	25.4	10.6	-109.9	
77.0	25.4	-41.0	-50.9	
116.4	40.1	-139.4	-9.1	
244.3	32.8	-314.1	-4.1	
296.0	37.7	-176.3	0.8	
232.0	50.0	-144.4	18.0	
165.6	42.6	-154.2	37.7	
91.8	47.5	-48.4	67.2	
47.5	57.4	94.3	69.7	
47.5	52.4	180.4	30.3	
15.5	32.8	163.1	32.8	
42.6	8.2	123.8	0.8	
25.4	15.5	91.8	-55.8	
10.6	30.3	50.0	-70.6	
5.7	32.8	62.3	-73.0	
35.2	35.2	72.1	-53.3	
20.5	30.3	72.1	-26.3	
-43.5	47.5	42.6	5.7	
-117.3	42.6	3.2	15.5	
-208.3	50.0	22.9	27.8	
-237.8	40.1	20.5	25.4	
-55.8	35.2	91.8	5.7	
251.7	27.8	22.9	-9.1	
202.5	30.3	15.5	-11.5	
104.1	42.6	37.7	-16.4	
52.4	37.7	45.1	-31.2	
148.4	45.1	40.1	-41.0	
177.9	37.7	50.0	-43.5	
239.4	25.4	77.0	-33.7	
315.7	20.5	59.8	8.2	
256.6	18.0	40.1	74.6	
195.1	20.5	-11.5	42.6	
150.8	22.9	-53.3	18.0	
109.0	30.3	-53.3	20.5	
84.4	22.9	-31.2	-4.1	
-14.0	27.8	-55.8	5.7	
-50.9	47.5	-73.0	54.9	
-95.2	40.1	-46.0	30.3	
-105.0	37.7	-18.9	13.1	
-90.2	37.7	-18.9	20.5	
-1.7	47.5	-33.7	15.5	
141.0	47.5	-4.1	-1.7	
254.2	42.6	27.8	15.5	
160.7	27.8	15.5	20.5	
123.8	42.6	-11.5	52.4	
155.8	45.1	5.7	27.8	
209.9	30.3	27.8	5.7	
305.8	37.7	45.1	27.8	
303.4	18.0	45.1	47.5	
187.7	22.9	-16.4	8.2	
37.7	37.7	20.5	3.2	
-129.6	25.4	27.8	35.2	
-284.6	37.7	20.5	18.0	
-368.2	30.3	-36.1	5.7	
-262.4	27.8	-65.6	8.2	
-114.8	20.5	-55.8	20.5	
20.5	25.4	-164.0	30.3	
175.4	13.1	-151.7	32.8	
359.9	18.0	-100.1	27.8	
451.0	32.8	-23.8	15.5	
421.4	40.1	89.3	-9.1	
325.5	45.1	109.0	-14.0	
286.1	50.0	77.0	-11.5	
222.2	37.7	86.9	-9.1	
163.1	37.7	13.1	-9.1	
138.5	45.1	5.7	8.2	
113.9	47.5	-28.7	-11.5	
84.4	30.3	64.7	-1.7	
42.6	45.1	128.7	8.2	
-4.1	47.5	133.6	-9.1	
-105.0	37.7	118.9	30.3	
-114.8	47.5	123.8	5.7	
-198.5	22.9	109.0	-21.4	
-92.7	32.8	32.8	8.2	
50.0	32.8	-23.8	10.6	
131.2	35.2	-80.4	-4.1	
209.9	45.1	-73.0	8.2	
276.3	32.8	-41.0	3.2	
121.3	40.1	-26.3	0.8	
37.7	40.1	-41.0	-1.7	
15.5	30.3	-16.4	-26.3	
32.8	37.7	5.7	-23.8	
91.8	35.2	10.6	-4.1	
-65.6	27.8	-23.8	-6.6	
-321.5	37.7	-43.5	-48.4	
-407.6	47.5	-46.0	-82.9	
-387.9	35.2	-31.2	-90.2	
-100.1	18.0	-21.4	-26.3	
106.6	35.2	30.3	54.9	
214.8	59.8	99.2	113.9	
283.7	45.1	101.6	145.9	
241.9	47.5	84.4	99.2	
229.6	47.5	96.7	52.4	
281.2	35.2	35.2	47.5	
239.4	32.8	-6.6	32.8	
195.1	20.5	-43.5	82.0	
104.1	20.5	-95.2	62.3	
27.8	25.4	-151.7	18.0	
-75.5	20.5	-171.4	5.7	
-21.4	22.9	-127.1	10.6	
42.6	15.5	-80.4	20.5	
-28.7	37.7	-23.8	13.1	
-85.3	57.4	99.2	18.0	
-23.8	42.6	236.9	54.9	
165.6	42.6	202.5	25.4	
266.5	35.2	219.7	25.4	
239.4	59.8	-28.7	-14.0	
99.2	47.5	-100.1	-4.1	
-134.5	37.7	-161.6	10.6	
-299.3	45.1	-109.9	20.5	
-269.8	30.3	-11.5	52.4	
27.8	50.0	47.5	27.8	
328.0	42.6	106.6	0.8	
416.5	30.3	131.2	-26.3	
441.1	20.5	96.7	-50.9	
286.1	30.3	47.5	-58.3	
296.0	32.8	32.8	-48.4	
288.6	30.3	40.1	-33.7	
249.2	32.8	62.3	-4.1	
165.6	30.3	18.0	-6.6	
109.0	35.2	10.6	-18.9	
106.6	22.9	22.9	-50.9	
82.0	18.0	30.3	-68.1	
54.9	15.5	-26.3	-38.6	
52.4	15.5	-90.2	-26.3	
52.4	37.7	-92.7	22.9	
20.5	32.8	-63.2	79.5	
-21.4	50.0	-58.3	57.4	
-58.3	42.6	-31.2	62.3	
-31.2	40.1	50.0	35.2	
15.5	35.2	32.8	32.8	
25.4	40.1	-9.1	35.2	
-38.6	30.3	8.2	32.8	
-60.7	32.8	101.6	52.4	
-28.7	27.8	13.1	22.9	
40.1	47.5	-16.4	20.5	
-1.7	42.6	62.3	0.8	
-134.5	25.4	104.1	-31.2	
-95.2	-23.8	96.7	8.2	
-14.0	-1.7	79.5	3.2	
18.0	0.8	42.6	25.4	
116.4	18.0	-28.7	40.1	
266.5	52.4	-193.6	22.9	
249.2	30.3	-183.7	27.8	
118.9	22.9	-73.0	8.2	
106.6	3.2	22.9	8.2	
113.9	25.4	47.5	0.8	
96.7	47.5	67.2	-23.8	
82.0	40.1	64.7	-14.0	
50.0	30.3	72.1	0.8	
-33.7	20.5	72.1	15.5	
-178.8	30.3	18.0	18.0	
-260.0	20.5	-53.3	8.2	
-198.5	18.0	-50.9	-9.1	
-183.7	32.8	-80.4	-16.4	
-100.1	22.9	-117.3	-6.6	
74.6	30.3	-124.7	-11.5	
155.8	35.2	-124.7	-28.7	
192.7	42.6	-68.1	-18.9	
-14.0	40.1	-33.7	-6.6	
-119.8	45.1	82.0	-21.4	
-220.6	27.8	163.1	-6.6	
-178.8	37.7	123.8	27.8	
47.5	40.1	74.6	91.8	
109.0	37.7	20.5	52.4	
283.7	30.3	-16.4	50.0	
433.7	30.3	-26.3	40.1	
495.2	30.3	-77.9	15.5	
313.2	35.2	-9.1	5.7	
202.5	22.9	3.2	25.4	
160.7	18.0	67.2	47.5	
259.1	27.8	82.0	52.4	
330.4	27.8	200.0	50.0	
281.2	22.9	131.2	32.8	
190.2	32.8	-14.0	-1.7	
42.6	37.7	-41.0	-38.6	
-43.5	47.5	-18.9	-77.9	
-122.2	42.6	-77.9	-70.6	
-237.8	47.5	-105.0	-46.0	
-225.5	37.7	-21.4	-9.1	
-193.6	27.8	57.4	18.0	
-48.4	22.9	143.5	35.2	
241.9	20.5	158.2	32.8	
303.4	35.2	150.8	18.0	
229.6	37.7	45.1	15.5	
170.5	47.5	32.8	8.2	
111.5	35.2	-9.1	0.8	
32.8	25.4	-63.2	32.8	
13.1	35.2	25.4	35.2	
32.8	35.2	22.9	20.5	
69.7	40.1	-6.6	40.1	
52.4	50.0	-65.6	32.8	
-58.3	30.3	-102.5	42.6	
-77.9	35.2	-117.3	-21.4	
-107.5	35.2	-119.8	-63.2	
-102.5	27.8	-122.2	-75.5	
-129.6	25.4	-127.1	-124.7	
-166.5	22.9	-77.9	-63.2	
-117.3	30.3	-31.2	13.1	
67.2	37.7	54.9	42.6	
77.0	32.8	82.0	143.5	
91.8	35.2	133.6	128.7	
150.8	35.2	222.2	69.7	
185.3	37.7	185.3	-1.7	
141.0	40.1	109.0	-23.8	
148.4	20.5	52.4	-28.7	
219.7	15.5	13.1	-68.1	
219.7	5.7	0.8	-38.6	
160.7	0.8	-11.5	-23.8	
18.0	13.1	-11.5	3.2	
-75.5	25.4	22.9	84.4	
-70.6	35.2	18.0	123.8	
15.5	20.5	-48.4	57.4	
72.1	22.9	-73.0	-1.7	
69.7	35.2	-105.0	-21.4	
50.0	37.7	-102.5	-31.2	
-18.9	25.4	-97.6	10.6	
-75.5	35.2	-105.0	40.1	
-97.6	45.1	-95.2	35.2	
-85.3	20.5	-100.1	22.9	
8.2	5.7	-82.9	25.4	
150.8	20.5	-36.1	35.2	
37.7	20.5	89.3	30.3	
25.4	27.8	177.9	47.5	
84.4	25.4	246.8	37.7	
133.6	35.2	145.9	57.4	
-31.2	40.1	155.8	54.9	
-102.5	40.1	165.6	59.8	
-85.3	35.2	116.4	47.5	
72.1	25.4	59.8	5.7	
296.0	32.8	-73.0	10.6	
254.2	32.8	-173.9	-28.7	
18.0	27.8	-68.1	-46.0	
-105.0	32.8	45.1	-28.7	
-77.9	47.5	67.2	-28.7	
-75.5	54.9	57.4	-9.1	
-107.5	52.4	32.8	-16.4	
-122.2	50.0	-31.2	-26.3	
-112.4	25.4	-122.2	8.2	
-41.0	25.4	-124.7	-9.1	
-1.7	20.5	-109.9	22.9	
5.7	15.5	-90.2	27.8	
37.7	30.3	-77.9	8.2	
20.5	35.2	-41.0	-33.7	
37.7	47.5	20.5	-43.5	
5.7	35.2	82.0	-36.1	
-31.2	32.8	150.8	-18.9	
13.1	8.2	86.9	35.2	
175.4	5.7	-9.1	42.6	
359.9	18.0	-46.0	25.4	
249.2	30.3	-73.0	0.8	
173.0	32.8	-63.2	18.0	
104.1	45.1	-21.4	27.8	
35.2	50.0	-11.5	35.2	
-92.7	35.2	10.6	-14.0	
-154.2	35.2	-18.9	13.1	
-124.7	47.5	0.8	35.2	
-1.7	52.4	32.8	40.1	
82.0	45.1	72.1	45.1	
50.0	37.7	64.7	-6.6	
5.7	20.5	67.2	-28.7	
-33.7	40.1	45.1	-33.7	
-18.9	18.0	45.1	-26.3	
-85.3	13.1	15.5	-11.5	
-161.6	27.8	-1.7	-9.1	
-198.5	32.8	-43.5	-9.1	
-139.4	27.8	-107.5	72.1	
-169.0	27.8	-171.4	32.8	
-105.0	20.5	-178.8	42.6	
170.5	8.2	-193.6	8.2	
318.1	8.2	-132.1	-6.6	
335.3	20.5	-21.4	0.8	
165.6	20.5	123.8	13.1	
-11.5	22.9	239.4	20.5	
-70.6	20.5	205.0	10.6	
-21.4	27.8	111.5	5.7	
-90.2	25.4	40.1	10.6	
-134.5	27.8	0.8	-14.0	
5.7	35.2	22.9	-16.4	
153.3	20.5	72.1	-36.1	
217.3	22.9	40.1	-26.3	
131.2	32.8	3.2	15.5	
42.6	40.1	-26.3	74.6	
-41.0	37.7	-53.3	82.0	
-92.7	47.5	-58.3	69.7	
-68.1	40.1	-73.0	47.5	
-156.7	25.4	-38.6	45.1	
-183.7	40.1	-55.8	13.1	
-139.4	22.9	-100.1	32.8	
-21.4	20.5	-102.5	22.9	
126.2	27.8	-109.9	20.5	
86.9	27.8	-48.4	25.4	
35.2	22.9	-33.7	35.2	
20.5	35.2	45.1	27.8	
74.6	27.8	101.6	-14.0	
30.3	25.4	5.7	-41.0	
-43.5	32.8	32.8	-38.6	
57.4	22.9	118.9	-16.4	
64.7	30.3	116.4	10.6	
104.1	35.2	121.3	-14.0	
89.3	42.6	94.3	-41.0	
77.0	59.8	35.2	-16.4	
99.2	40.1	-36.1	-14.0	
145.9	20.5	-48.4	3.2	
79.5	45.1	-21.4	22.9	
-60.7	32.8	-16.4	15.5	
-36.1	27.8	-28.7	5.7	
13.1	25.4	-9.1	22.9	
50.0	30.3	45.1	13.1	
74.6	45.1	30.3	-1.7	
113.9	42.6	15.5	-9.1	
128.7	22.9	32.8	-11.5	
27.8	45.1	18.0	-11.5	
-77.9	35.2	-18.9	-1.7	
-132.1	25.4	-43.5	15.5	
-109.9	15.5	-28.7	59.8	
145.9	20.5	-1.7	35.2	
266.5	37.7	22.9	8.2	
197.6	35.2	37.7	-9.1	
109.0	37.7	32.8	-18.9	
79.5	25.4	5.7	-21.4	
37.7	25.4	-23.8	-6.6	
45.1	35.2	-28.7	-23.8	
8.2	25.4	-41.0	8.2	
-46.0	27.8	-176.3	5.7	
-65.6	27.8	-245.2	52.4	
-132.1	32.8	-169.0	45.1	
-58.3	35.2	-102.5	27.8	
-36.1	32.8	-55.8	22.9	
13.1	25.4	3.2	45.1	
37.7	25.4	42.6	32.8	
-70.6	32.8	227.1	-1.7	
-95.2	37.7	136.1	-16.4	
-65.6	42.6	15.5	-11.5	
-36.1	42.6	-55.8	-4.1	
-4.1	37.7	-68.1	-4.1	
64.7	30.3	-114.8	18.0	
74.6	27.8	-53.3	18.0	
0.8	30.3	13.1	10.6	
-55.8	30.3	86.9	8.2	
0.8	15.5	148.4	0.8	
-4.1	15.5	214.8	0.8	
143.5	18.0	153.3	10.6	
241.9	27.8	86.9	20.5	
143.5	35.2	42.6	20.5	
101.6	45.1	22.9	5.7	
69.7	45.1	18.0	-11.5	
-31.2	25.4	30.3	5.7	
-80.4	20.5	10.6	-6.6	
-36.1	13.1	-26.3	-16.4	
32.8	0.8	-33.7	-21.4	
89.3	18.0	-31.2	-14.0	
99.2	8.2	-36.1	3.2	
-14.0	13.1	-9.1	10.6	
-87.8	35.2	20.5	18.0	
-102.5	22.9	50.0	0.8	
84.4	47.5	-18.9	-16.4	
57.4	37.7	-50.9	-11.5	
131.2	35.2	-28.7	-18.9	
126.2	27.8	-41.0	13.1	
37.7	27.8	-60.7	27.8	
32.8	32.8	-48.4	20.5	
25.4	47.5	-16.4	20.5	
10.6	35.2	45.1	22.9	
-41.0	35.2	64.7	-4.1	
-23.8	47.5	79.5	-4.1	
32.8	25.4	50.0	-26.3	
72.1	10.6	20.5	-23.8	
-1.7	5.7	18.0	-46.0	
-4.1	5.7	-14.0	-38.6	
18.0	8.2	-48.4	20.5	
18.0	5.7	-46.0	67.2	
109.0	8.2	-53.3	72.1	
37.7	0.8	-23.8	64.7	
-26.3	5.7	-41.0	57.4	
-107.5	18.0	-85.3	40.1	
-183.7	30.3	-65.6	50.0	
-208.3	30.3	20.5	-4.1	
-137.0	22.9	45.1	-26.3	
-50.9	25.4	91.8	32.8	
57.4	30.3	113.9	52.4	
205.0	27.8	123.8	18.0	
335.3	22.9	45.1	25.4	
281.2	18.0	-65.6	35.2	
150.8	10.6	-112.4	35.2	
89.3	-4.1	-176.3	42.6	
57.4	13.1	-134.5	25.4	
42.6	22.9	13.1	15.5	
-70.6	13.1	-9.1	25.4	
-141.9	25.4	-105.0	45.1	
-164.0	25.4	10.6	15.5	
-124.7	32.8	35.2	10.6	
-90.2	30.3	101.6	-4.1	
-92.7	22.9	111.5	-9.1	
-21.4	18.0	37.7	-31.2	
-134.5	22.9	15.5	-41.0	
-151.7	13.1	10.6	-23.8	
-60.7	15.5	45.1	15.5	
177.9	18.0	96.7	47.5	
251.7	3.2	82.0	30.3	
128.7	3.2	99.2	3.2	
91.8	8.2	84.4	-14.0	
131.2	0.8	69.7	-6.6	
15.5	-1.7	30.3	-1.7	
18.0	-1.7	5.7	-9.1	
82.0	8.2	-1.7	-14.0	
35.2	25.4	-11.5	-4.1	
-164.0	18.0	-23.8	15.5	
-432.2	18.0	-60.7	-4.1	
-449.4	18.0	-68.1	-28.7	
-351.0	18.0	-60.7	-28.7	
13.1	20.5	0.8	-23.8	
296.0	25.4	-1.7	-43.5	
323.0	25.4	5.7	42.6	
355.0	15.5	94.3	40.1	
323.0	15.5	133.6	-21.4	
209.9	20.5	96.7	-14.0	
138.5	10.6	52.4	-21.4	
121.3	22.9	50.0	37.7	
59.8	27.8	0.8	25.4	
-1.7	32.8	-33.7	40.1	
27.8	35.2	-46.0	25.4	
13.1	54.9	-58.3	-18.9	
-18.9	54.9	-46.0	40.1	
-41.0	54.9	8.2	67.2	
-26.3	35.2	74.6	13.1	
-4.1	32.8	54.9	64.7	
-144.4	30.3	18.0	42.6	
-257.5	27.8	30.3	22.9	
-368.2	25.4	13.1	-9.1	
-353.5	37.7	-11.5	8.2	
-220.6	45.1	-46.0	-9.1	
64.7	37.7	-82.9	-6.6	
138.5	37.7	-92.7	3.2	
276.3	54.9	-87.8	-9.1	
352.6	47.5	-77.9	-18.9	
148.4	59.8	-43.5	-1.7	
-36.1	52.4	15.5	27.8	
-141.9	67.2	15.5	37.7	
-215.7	62.3	54.9	42.6	
-218.2	42.6	67.2	5.7	
-109.9	50.0	104.1	5.7	
20.5	37.7	79.5	10.6	
202.5	32.8	45.1	10.6	
266.5	22.9	-26.3	22.9	
315.7	25.4	-58.3	32.8	
323.0	15.5	-55.8	13.1	
271.4	8.2	-11.5	-28.7	
185.3	13.1	52.4	-73.0	
126.2	32.8	84.4	-48.4	
99.2	22.9	62.3	-9.1	
77.0	0.8	30.3	8.2	
77.0	22.9	-21.4	18.0	
82.0	10.6	-50.9	25.4	
0.8	15.5	-100.1	0.8	
-33.7	37.7	-149.3	-6.6	
-23.8	15.5	-105.0	-9.1	
8.2	25.4	-55.8	32.8	
15.5	27.8	-23.8	52.4	
30.3	27.8	50.0	22.9	
32.8	27.8	180.4	10.6	
18.0	22.9	106.6	27.8	
-6.6	25.4	-11.5	42.6	
-55.8	18.0	-31.2	45.1	
-77.9	25.4	-55.8	-11.5	
-122.2	27.8	-102.5	-21.4	
-129.6	37.7	-36.1	-36.1	
-114.8	42.6	45.1	-23.8	
-48.4	35.2	106.6	-1.7	
0.8	10.6	136.1	27.8	
54.9	18.0	123.8	35.2	
96.7	35.2	86.9	-38.6	
111.5	15.5	52.4	-28.7	
79.5	10.6	30.3	-11.5	
30.3	10.6	10.6	-41.0	
-21.4	15.5	-11.5	0.8	
-48.4	27.8	37.7	-6.6	
-82.9	25.4	18.0	-38.6	
-21.4	15.5	3.2	-11.5	
13.1	13.1	-11.5	13.1	
-23.8	8.2	-60.7	91.8	
-46.0	13.1	-105.0	104.1	
-112.4	20.5	-146.8	62.3	
8.2	25.4	-156.7	5.7	
74.6	25.4	-149.3	-9.1	
133.6	25.4	-139.4	8.2	
118.9	30.3	5.7	32.8	
-16.4	32.8	72.1	50.0	
-95.2	25.4	128.7	32.8	
-58.3	22.9	143.5	10.6	
-16.4	30.3	94.3	-16.4	
-95.2	25.4	77.0	20.5	
-21.4	30.3	94.3	5.7	
-53.3	27.8	74.6	-11.5	
-21.4	22.9	69.7	5.7	
153.3	42.6	126.2	35.2	
308.3	35.2	123.8	35.2	
278.8	37.7	50.0	37.7	
116.4	37.7	18.0	22.9	
5.7	32.8	-16.4	10.6	
-16.4	27.8	-60.7	-14.0	
-75.5	25.4	-225.5	-31.2	
-16.4	25.4	-289.5	-33.7	
-1.7	27.8	-196.0	-21.4	
-11.5	25.4	-156.7	-1.7	
-70.6	45.1	-100.1	3.2	
-21.4	25.4	42.6	22.9	
27.8	22.9	173.0	10.6	
-36.1	27.8	187.7	-14.0	
-58.3	18.0	168.1	-4.1	
30.3	35.2	84.4	-9.1	
37.7	35.2	-11.5	-1.7	
74.6	25.4	-4.1	5.7	
57.4	27.8	22.9	3.2	
-75.5	18.0	35.2	-18.9	
-200.9	27.8	133.6	-4.1	
-319.0	27.8	86.9	5.7	
-319.0	22.9	77.0	8.2	
-181.3	20.5	50.0	-6.6	
0.8	32.8	22.9	-11.5	
165.6	45.1	-9.1	-16.4	
224.6	30.3	-28.7	-16.4	
244.3	20.5	-36.1	5.7	
89.3	13.1	-16.4	18.0	
-23.8	30.3	-1.7	8.2	
25.4	10.6	-26.3	5.7	
214.8	-4.1	-70.6	13.1	
281.2	5.7	-70.6	5.7	
222.2	10.6	-50.9	10.6	
118.9	27.8	-60.7	25.4	
52.4	42.6	-41.0	35.2	
-68.1	47.5	-28.7	50.0	
-60.7	35.2	0.8	42.6	
-58.3	40.1	40.1	0.8	
-117.3	30.3	27.8	-16.4	
-90.2	25.4	3.2	10.6	
-41.0	15.5	-14.0	30.3	
-41.0	25.4	-11.5	10.6	
32.8	18.0	104.1	32.8	
106.6	27.8	106.6	5.7	
27.8	22.9	52.4	-9.1	
-33.7	32.8	59.8	10.6	
-60.7	32.8	25.4	5.7	
-95.2	22.9	-31.2	8.2	
-102.5	30.3	-68.1	8.2	
-107.5	22.9	-11.5	18.0	
-97.6	20.5	-58.3	25.4	
-31.2	13.1	-58.3	0.8	
141.0	40.1	10.6	-31.2	
84.4	42.6	59.8	-46.0	
47.5	18.0	35.2	-60.7	
-26.3	35.2	-4.1	-28.7	
-75.5	20.5	-109.9	-6.6	
-68.1	20.5	-97.6	15.5	
-65.6	13.1	-63.2	62.3	
86.9	5.7	-31.2	-16.4	
259.1	5.7	-9.1	-16.4	
192.7	32.8	54.9	69.7	
-18.9	32.8	40.1	52.4	
-65.6	30.3	22.9	27.8	
-48.4	30.3	15.5	45.1	
32.8	25.4	-48.4	20.5	
155.8	15.5	-85.3	40.1	
104.1	15.5	-80.4	47.5	
5.7	15.5	-31.2	37.7	
-70.6	40.1	30.3	37.7	
-124.7	27.8	96.7	0.8	
-146.8	47.5	82.0	-21.4	
-75.5	37.7	47.5	-6.6	
-97.6	40.1	22.9	0.8	
50.0	52.4	32.8	-16.4	
205.0	47.5	5.7	-16.4	
99.2	54.9	-33.7	-14.0	
54.9	54.9	-33.7	-21.4	
3.2	37.7	-63.2	5.7	
62.3	40.1	13.1	0.8	
106.6	42.6	8.2	-9.1	
-6.6	22.9	-4.1	25.4	
40.1	25.4	35.2	30.3	
40.1	0.8	79.5	10.6	
47.5	18.0	133.6	-1.7	
96.7	13.1	118.9	22.9	
99.2	18.0	45.1	32.8	
99.2	30.3	13.1	45.1	
54.9	35.2	27.8	40.1	
-55.8	32.8	15.5	5.7	
-87.8	40.1	-50.9	-9.1	
-50.9	15.5	-75.5	8.2	
-80.4	30.3	-68.1	25.4	
-151.7	45.1	10.6	22.9	
-134.5	13.1	5.7	22.9	
-33.7	22.9	-4.1	8.2	
40.1	15.5	64.7	8.2	
91.8	30.3	84.4	18.0	
153.3	35.2	69.7	20.5	
141.0	22.9	32.8	8.2	
89.3	22.9	8.2	13.1	
54.9	20.5	8.2	13.1	
25.4	18.0	3.2	-16.4	
-38.6	20.5	-26.3	-18.9	
-164.0	20.5	-46.0	-1.7	
-289.5	20.5	-38.6	15.5	
-378.1	18.0	-26.3	10.6	
-375.6	20.5	-28.7	5.7	
-154.2	32.8	8.2	-4.1	
160.7	35.2	50.0	-9.1	
389.5	32.8	59.8	-21.4	
564.1	22.9	45.1	-16.4	
583.8	42.6	8.2	-11.5	
369.8	42.6	5.7	-33.7	
190.2	40.1	-1.7	-23.8	
91.8	32.8	-11.5	0.8	
35.2	37.7	-16.4	-6.6	
-65.6	30.3	13.1	-11.5	
-154.2	32.8	-14.0	-1.7	
-188.6	37.7	-31.2	-23.8	
-129.6	27.8	-18.9	-18.9	
-203.4	30.3	-4.1	27.8	
-141.9	32.8	45.1	30.3	
-60.7	40.1	116.4	62.3	
165.6	42.6	-73.0	47.5	
389.5	32.8	-46.0	47.5	
278.8	25.4	-46.0	22.9	
214.8	32.8	-90.2	35.2	
170.5	10.6	-65.6	40.1	
86.9	18.0	50.0	42.6	
25.4	40.1	69.7	45.1	
-4.1	32.8	69.7	-46.0	
-38.6	32.8	79.5	-58.3	
-16.4	25.4	79.5	-53.3	
5.7	37.7	84.4	-28.7	
-28.7	32.8	50.0	30.3	
-41.0	18.0	57.4	37.7	
-58.3	25.4	35.2	-26.3	
-80.4	27.8	15.5	-36.1	
-73.0	27.8	27.8	-14.0	
-26.3	27.8	20.5	-16.4	
27.8	45.1	15.5	13.1	
89.3	27.8	20.5	-14.0	
101.6	13.1	15.5	-48.4	
67.2	5.7	-4.1	-28.7	
18.0	3.2	-11.5	59.8	
-70.6	-6.6	15.5	136.1	
-191.1	0.8	-16.4	101.6	
-230.5	5.7	-75.5	32.8	
-139.4	18.0	-82.9	15.5	
121.3	27.8	-87.8	-28.7	
234.5	22.9	-105.0	-21.4	
59.8	37.7	-100.1	10.6	
-70.6	40.1	-105.0	32.8	
-109.9	37.7	-6.6	27.8	
-87.8	37.7	45.1	18.0	
-117.3	27.8	86.9	8.2	
-144.4	37.7	131.2	22.9	
-43.5	18.0	106.6	22.9	
25.4	27.8	89.3	8.2	
126.2	30.3	20.5	30.3	
94.3	35.2	-23.8	-16.4	
150.8	40.1	-77.9	-14.0	
232.0	35.2	-9.1	3.2	
42.6	35.2	5.7	-6.6	
-141.9	30.3	37.7	27.8	
-260.0	30.3	79.5	30.3	
-102.5	18.0	111.5	-14.0	
200.0	32.8	145.9	-26.3	
241.9	18.0	69.7	-16.4	
35.2	35.2	30.3	-14.0	
-48.4	40.1	42.6	-4.1	
15.5	40.1	3.2	45.1	
10.6	35.2	-58.3	42.6	
-112.4	32.8	-50.9	22.9	
-38.6	20.5	-85.3	13.1	
42.6	32.8	-58.3	18.0	
77.0	40.1	-75.5	15.5	
22.9	35.2	-65.6	8.2	
57.4	35.2	-50.9	8.2	
20.5	20.5	-16.4	0.8	
160.7	8.2	22.9	3.2	
401.8	20.5	47.5	3.2	
369.8	15.5	57.4	-14.0	
325.5	18.0	89.3	-1.7	
123.8	30.3	22.9	5.7	
54.9	25.4	-11.5	13.1	
52.4	25.4	-63.2	10.6	
-68.1	5.7	-105.0	3.2	
-183.7	20.5	-124.7	-11.5	
-154.2	25.4	-119.8	-4.1	
-73.0	22.9	-43.5	10.6	
47.5	15.5	-33.7	40.1	
-55.8	20.5	32.8	5.7	
-85.3	35.2	106.6	-18.9	
-87.8	37.7	138.5	-26.3	
-102.5	27.8	118.9	13.1	
-38.6	15.5	106.6	20.5	
-26.3	8.2	123.8	-1.7	
-50.9	30.3	52.4	8.2	
-53.3	25.4	20.5	-4.1	
22.9	35.2	22.9	-14.0	
35.2	30.3	-11.5	-9.1	
-107.5	35.2	-38.6	-18.9	
-112.4	30.3	-4.1	-11.5	
-129.6	27.8	-46.0	0.8	
-146.8	35.2	-63.2	-11.5	
-38.6	40.1	-50.9	8.2	
-26.3	35.2	-21.4	-1.7	
-77.9	32.8	-1.7	-18.9	
-16.4	20.5	57.4	45.1	
40.1	25.4	79.5	45.1	
8.2	37.7	113.9	52.4	
-14.0	35.2	57.4	27.8	
15.5	25.4	-21.4	0.8	
94.3	25.4	-55.8	10.6	
64.7	27.8	-114.8	-9.1	
-68.1	27.8	-161.6	3.2	
-107.5	35.2	-80.4	-6.6	
13.1	40.1	-36.1	-14.0	
195.1	40.1	-6.6	-23.8	
202.5	45.1	10.6	-16.4	
133.6	27.8	-1.7	3.2	
82.0	27.8	109.0	8.2	
62.3	27.8	59.8	20.5	
-28.7	22.9	45.1	18.0	
-97.6	25.4	42.6	8.2	
-68.1	15.5	86.9	50.0	
-33.7	22.9	123.8	27.8	
86.9	25.4	113.9	18.0	
-114.8	40.1	32.8	18.0	
-213.2	35.2	47.5	-6.6	
-114.8	42.6	30.3	-1.7	
-31.2	50.0	-82.9	-9.1	
123.8	59.8	-87.8	-9.1	
205.0	50.0	-43.5	13.1	
84.4	30.3	-36.1	18.0	
52.4	27.8	22.9	72.1	
15.5	20.5	118.9	64.7	
10.6	5.7	141.0	-14.0	
-21.4	13.1	136.1	-73.0	
25.4	15.5	67.2	-41.0	
45.1	18.0	42.6	0.8	
91.8	20.5	8.2	-11.5	
22.9	15.5	-1.7	3.2	
-70.6	20.5	42.6	-11.5	
-95.2	18.0	25.4	-1.7	
-80.4	25.4	-48.4	52.4	
-4.1	30.3	-48.4	42.6	
-28.7	18.0	-11.5	13.1	
37.7	32.8	8.2	8.2	
84.4	35.2	13.1	32.8	
27.8	25.4	10.6	27.8	
-21.4	35.2	62.3	-18.9	
-18.9	22.9	89.3	-21.4	
62.3	27.8	69.7	-6.6	
35.2	35.2	59.8	-26.3	
-9.1	37.7	37.7	-28.7	
-36.1	13.1	13.1	-1.7	
-117.3	20.5	-16.4	25.4	
-156.7	47.5	-46.0	69.7	
-191.1	35.2	-48.4	37.7	
-166.5	50.0	-63.2	20.5	
-122.2	37.7	-26.3	32.8	
35.2	30.3	-31.2	40.1	
141.0	32.8	-41.0	0.8	
197.6	35.2	-50.9	-18.9	
101.6	30.3	27.8	0.8	
72.1	27.8	77.0	18.0	
-18.9	37.7	-26.3	45.1	
123.8	25.4	-122.2	54.9	
155.8	25.4	-77.9	50.0	
82.0	35.2	-109.9	74.6	
-38.6	32.8	-151.7	32.8	
-92.7	15.5	-92.7	-18.9	
-63.2	20.5	13.1	-43.5	
-33.7	25.4	133.6	-38.6	
64.7	32.8	207.4	-38.6	
173.0	22.9	148.4	-38.6	
207.4	20.5	106.6	-11.5	
209.9	25.4	72.1	-21.4	
118.9	30.3	25.4	-11.5	
8.2	42.6	20.5	-21.4	
-28.7	30.3	5.7	-6.6	
-90.2	42.6	40.1	8.2	
-173.9	18.0	-14.0	15.5	
-193.6	27.8	-53.3	25.4	
-75.5	27.8	-63.2	22.9	
69.7	30.3	-16.4	37.7	
268.9	27.8	35.2	32.8	
234.5	25.4	59.8	-14.0	
141.0	42.6	123.8	-50.9	
116.4	37.7	160.7	-31.2	
32.8	42.6	-38.6	0.8	
-43.5	32.8	-203.4	25.4	
-137.0	37.7	-245.2	42.6	
-164.0	22.9	-159.1	40.1	
-173.9	20.5	-87.8	15.5	
-63.2	25.4	-43.5	13.1	
67.2	30.3	0.8	3.2	
158.2	18.0	123.8	3.2	
143.5	22.9	160.7	22.9	
-178.8	22.9	123.8	50.0	
-446.9	35.2	121.3	62.3	
-459.2	32.8	109.0	52.4	
-73.0	30.3	84.4	25.4	
347.6	22.9	13.1	-4.1	
352.6	42.6	45.1	-60.7	
219.7	45.1	32.8	-82.9	
-33.7	52.4	-63.2	-73.0	
-80.4	40.1	-82.9	-43.5	
50.0	37.7	-77.9	20.5	
239.4	30.3	-60.7	57.4	
143.5	32.8	-55.8	15.5	
52.4	37.7	-11.5	3.2	
111.5	30.3	74.6	8.2	
170.5	25.4	50.0	22.9	
278.8	22.9	25.4	22.9	
278.8	15.5	32.8	-11.5	
116.4	10.6	-28.7	-46.0	
82.0	18.0	-11.5	-9.1	
45.1	15.5	-63.2	-23.8	
47.5	37.7	-109.9	-11.5	
32.8	37.7	-105.0	72.1	
-9.1	45.1	-82.9	86.9	
-73.0	47.5	-16.4	45.1	
-166.5	40.1	82.0	18.0	
-252.6	5.7	175.4	30.3	
-284.6	30.3	249.2	32.8	
-213.2	42.6	168.1	13.1	
-107.5	40.1	18.0	-4.1	
-73.0	15.5	-43.5	-23.8	
-127.1	20.5	-28.7	-18.9	
-63.2	25.4	-43.5	25.4	
77.0	22.9	-16.4	42.6	
232.0	37.7	-41.0	18.0	
409.1	40.1	-97.6	-4.1	
298.4	40.1	-122.2	3.2	
175.4	35.2	-105.0	15.5	
113.9	40.1	-43.5	45.1	
72.1	30.3	-1.7	35.2	
47.5	50.0	57.4	8.2	
22.9	37.7	111.5	-9.1	
-9.1	27.8	104.1	-28.7	
-46.0	27.8	148.4	-14.0	
-65.6	25.4	148.4	10.6	
-60.7	35.2	52.4	25.4	
-117.3	40.1	47.5	25.4	
-141.9	50.0	35.2	-21.4	
-124.7	37.7	22.9	-38.6	
-26.3	30.3	-1.7	-14.0	
77.0	30.3	-11.5	62.3	
-18.9	35.2	-38.6	22.9	
-48.4	40.1	-18.9	42.6	
-28.7	25.4	-21.4	45.1	
-43.5	25.4	-26.3	-9.1	
59.8	32.8	-14.0	-23.8	
40.1	30.3	0.8	35.2	
-23.8	40.1	-9.1	-6.6	
-55.8	32.8	-63.2	-21.4	
-46.0	22.9	-90.2	-31.2	
40.1	25.4	-63.2	-23.8	
104.1	25.4	-48.4	8.2	
111.5	22.9	-53.3	37.7	
-16.4	35.2	-50.9	54.9	
-237.8	37.7	-33.7	67.2	
-282.1	35.2	54.9	47.5	
-141.9	32.8	126.2	3.2	
126.2	22.9	101.6	-21.4	
232.0	35.2	47.5	-73.0	
320.6	20.5	45.1	-82.9	
170.5	30.3	18.0	-77.9	
18.0	45.1	27.8	-109.9	
-107.5	30.3	5.7	-53.3	
-183.7	25.4	-50.9	-18.9	
0.8	27.8	67.2	22.9	
205.0	35.2	121.3	79.5	
18.0	35.2	123.8	40.1	
-70.6	22.9	155.8	-33.7	
138.5	20.5	150.8	-38.6	
436.2	18.0	111.5	10.6	
416.5	22.9	-73.0	32.8	
328.0	15.5	-92.7	57.4	
209.9	10.6	-31.2	64.7	
101.6	18.0	-18.9	101.6	
-33.7	30.3	-132.1	52.4	
-97.6	35.2	-107.5	-23.8	
-117.3	57.4	-43.5	-48.4	
-77.9	42.6	-68.1	-46.0	
-50.9	27.8	-77.9	-41.0	
-4.1	13.1	-21.4	25.4	
42.6	10.6	-41.0	79.5	
86.9	13.1	-43.5	89.3	
42.6	27.8	-11.5	86.9	
-33.7	35.2	5.7	101.6	
-102.5	30.3	79.5	64.7	
-114.8	27.8	109.0	18.0	
-171.4	22.9	180.4	0.8	
-159.1	30.3	113.9	-14.0	
-90.2	30.3	0.8	-18.9	
-1.7	32.8	-97.6	-23.8	
-1.7	25.4	-75.5	-28.7	
-85.3	27.8	-105.0	-9.1	
-109.9	27.8	-85.3	-1.7	
-87.8	35.2	25.4	13.1	
10.6	35.2	69.7	20.5	
-73.0	18.0	59.8	8.2	
-151.7	30.3	42.6	18.0	
-196.0	35.2	-33.7	8.2	
-336.2	42.6	-28.7	3.2	
-296.9	22.9	20.5	3.2	
-73.0	30.3	42.6	-18.9	
40.1	25.4	15.5	-11.5	
232.0	37.7	-48.4	-1.7	
254.2	42.6	-60.7	8.2	
340.3	37.7	-68.1	20.5	
310.7	42.6	-43.5	13.1	
332.9	32.8	-1.7	10.6	
219.7	27.8	69.7	30.3	
62.3	32.8	101.6	32.8	
42.6	40.1	69.7	35.2	
62.3	47.5	-16.4	-18.9	
52.4	52.4	-38.6	-31.2	
-63.2	40.1	-9.1	18.0	
-164.0	40.1	0.8	25.4	
-200.9	37.7	35.2	8.2	
-164.0	32.8	35.2	10.6	
-90.2	15.5	18.0	0.8	
-87.8	22.9	22.9	-23.8	
-26.3	13.1	25.4	-28.7	
13.1	32.8	27.8	-43.5	
52.4	32.8	15.5	-46.0	
69.7	30.3	20.5	-36.1	
104.1	30.3	-11.5	-14.0	
153.3	25.4	-48.4	-14.0	
62.3	15.5	-50.9	-4.1	
32.8	27.8	-6.6	-11.5	
3.2	30.3	-16.4	10.6	
-48.4	30.3	8.2	37.7	
-127.1	20.5	37.7	18.0	
-144.4	15.5	18.0	10.6	
-43.5	22.9	37.7	10.6	
175.4	22.9	74.6	8.2	
229.6	25.4	30.3	27.8	
86.9	32.8	-4.1	15.5	
-43.5	40.1	0.8	0.8	
-132.1	45.1	-6.6	3.2	
-139.4	32.8	-31.2	-11.5	
-9.1	42.6	-73.0	-4.1	
-137.0	22.9	-65.6	32.8	
-316.6	25.4	-65.6	8.2	
-346.1	37.7	-48.4	-28.7	
-230.5	22.9	15.5	-1.7	
-75.5	15.5	89.3	5.7	
79.5	25.4	104.1	35.2	
389.5	13.1	50.0	15.5	
475.6	10.6	-1.7	50.0	
273.8	20.5	-14.0	32.8	
163.1	42.6	-11.5	25.4	
200.0	42.6	-11.5	3.2	
77.0	37.7	5.7	-1.7	
-122.2	42.6	82.0	22.9	
-75.5	37.7	94.3	32.8	
52.4	22.9	131.2	30.3	
77.0	13.1	148.4	27.8	
69.7	42.6	123.8	-4.1	
123.8	57.4	69.7	-23.8	
106.6	27.8	40.1	-6.6	
25.4	32.8	-1.7	50.0	
27.8	40.1	-23.8	40.1	
40.1	20.5	27.8	20.5	
-1.7	5.7	8.2	-4.1	
-16.4	15.5	45.1	-16.4	
-36.1	20.5	69.7	-11.5	
0.8	30.3	-33.7	10.6	
20.5	27.8	-60.7	-1.7	
-6.6	15.5	-50.9	5.7	
-33.7	42.6	13.1	20.5	
-55.8	47.5	32.8	18.0	
-50.9	50.0	-1.7	8.2	
-43.5	42.6	-11.5	-36.1	
-77.9	37.7	-18.9	-58.3	
-117.3	15.5	-16.4	-65.6	
-112.4	30.3	-26.3	-95.2	
-97.6	22.9	-9.1	-31.2	
-75.5	18.0	-21.4	35.2	
-55.8	15.5	-23.8	69.7	
-31.2	22.9	-11.5	62.3	
-46.0	22.9	-9.1	32.8	
-50.9	30.3	-6.6	45.1	
-70.6	25.4	-1.7	15.5	
35.2	20.5	-21.4	10.6	
64.7	35.2	-26.3	-14.0	
-90.2	50.0	-23.8	37.7	
-77.9	27.8	-23.8	89.3	
-33.7	22.9	-11.5	32.8	
94.3	32.8	5.7	-43.5	
-31.2	42.6	25.4	-11.5	
-68.1	40.1	42.6	-11.5	
-11.5	22.9	52.4	5.7	
-28.7	13.1	57.4	18.0	
54.9	22.9	37.7	27.8	
-46.0	27.8	18.0	22.9	
-164.0	18.0	18.0	30.3	
-82.9	35.2	-21.4	25.4	
-23.8	37.7	-26.3	15.5	
239.4	30.3	-31.2	20.5	
495.2	30.3	0.8	20.5	
332.9	35.2	15.5	18.0	
158.2	25.4	30.3	10.6	
-18.9	22.9	25.4	3.2	
-58.3	13.1	27.8	-14.0	
-63.2	32.8	-9.1	0.8	
-16.4	42.6	-18.9	-4.1	
-85.3	40.1	30.3	-9.1	
-75.5	30.3	45.1	5.7	
-63.2	27.8	5.7	20.5	
-75.5	22.9	-21.4	3.2	
-41.0	42.6	-60.7	8.2	
111.5	35.2	-31.2	-16.4	
165.6	45.1	32.8	-43.5	
67.2	40.1	35.2	-43.5	
-73.0	30.3	25.4	-50.9	
-85.3	35.2	22.9	-46.0	
-80.4	32.8	74.6	-36.1	
-26.3	27.8	72.1	3.2	
45.1	18.0	42.6	82.0	
72.1	30.3	18.0	72.1	
40.1	25.4	22.9	35.2	
-33.7	22.9	22.9	-16.4	
-80.4	20.5	-11.5	-4.1	
-75.5	18.0	-6.6	67.2	
27.8	32.8	-14.0	91.8	
69.7	45.1	40.1	37.7	
-105.0	25.4	69.7	10.6	
-304.3	30.3	35.2	-28.7	
-355.9	20.5	0.8	-46.0	
-496.1	10.6	-28.7	0.8	
-712.6	-6.6	-65.6	22.9	
-589.6	-14.0	-75.5	20.5	
-412.5	-4.1	-102.5	10.6	
251.7	-9.1	-95.2	-6.6	
778.1	10.6	-50.9	15.5	
763.4	13.1	-41.0	-1.7	
628.1	15.5	-11.5	-9.1	
542.0	25.4	25.4	3.2	
308.3	25.4	64.7	-16.4	
153.3	8.2	77.0	8.2	
133.6	0.8	141.0	27.8	
113.9	5.7	121.3	-1.7	
138.5	13.1	141.0	18.0	
62.3	32.8	77.0	30.3	
-119.8	32.8	45.1	27.8	
-240.3	40.1	35.2	113.9	
-341.2	37.7	69.7	126.2	
-247.7	35.2	30.3	118.9	
-149.3	47.5	42.6	79.5	
-31.2	40.1	13.1	25.4	
131.2	40.1	-33.7	-1.7	
219.7	47.5	-85.3	18.0	
77.0	57.4	-82.9	3.2	
-48.4	50.0	-50.9	-46.0	
-92.7	64.7	-36.1	-134.5	
15.5	47.5	-26.3	-107.5	
25.4	42.6	-18.9	-65.6	
-28.7	30.3	8.2	-28.7	
-33.7	45.1	8.2	-11.5	
-31.2	47.5	3.2	-28.7	
-102.5	25.4	-9.1	-9.1	
-97.6	32.8	-36.1	-18.9	
-21.4	64.7	-73.0	-11.5	
25.4	47.5	-75.5	5.7	
67.2	52.4	-50.9	-16.4	
47.5	69.7	-41.0	8.2	
-90.2	57.4	-4.1	25.4	
-137.0	52.4	22.9	35.2	
-90.2	42.6	40.1	10.6	
82.0	37.7	54.9	50.0	
72.1	42.6	64.7	50.0	
-18.9	22.9	62.3	99.2	
-53.3	37.7	32.8	37.7	
-164.0	25.4	-11.5	-4.1	
-220.6	20.5	-28.7	-75.5	
-296.9	30.3	-1.7	-63.2	
-513.4	37.7	22.9	-33.7	
-808.6	32.8	42.6	18.0	
-830.7	32.8	82.0	5.7	
-380.5	25.4	74.6	-11.5	
143.5	22.9	69.7	25.4	
699.4	42.6	64.7	27.8	
851.9	22.9	50.0	13.1	
672.4	27.8	45.1	-6.6	
465.7	40.1	15.5	-6.6	
298.4	35.2	20.5	22.9	
209.9	27.8	54.9	3.2	
150.8	30.3	27.8	-16.4	
30.3	32.8	27.8	-9.1	
5.7	20.5	35.2	-18.9	
-127.1	13.1	15.5	-1.7	
-358.4	15.5	52.4	18.0	
-363.3	20.5	32.8	-1.7	
-205.9	22.9	-85.3	22.9	
-4.1	25.4	-41.0	42.6	
241.9	42.6	-28.7	30.3	
374.7	22.9	-28.7	0.8	
249.2	27.8	18.0	-16.4	
175.4	18.0	27.8	5.7	
67.2	22.9	-26.3	-4.1	
27.8	37.7	-31.2	-16.4	
-63.2	40.1	-14.0	-11.5	
-146.8	50.0	-21.4	30.3	
-159.1	27.8	-26.3	82.0	
-80.4	32.8	-21.4	99.2	
-31.2	40.1	-36.1	155.8	
-46.0	32.8	-73.0	94.3	
-100.1	22.9	-100.1	-21.4	
-134.5	20.5	-95.2	-53.3	
-166.5	25.4	-82.9	-31.2	
-109.9	30.3	-55.8	25.4	
-87.8	32.8	10.6	67.2	
-107.5	47.5	138.5	79.5	
-28.7	40.1	150.8	89.3	
-33.7	42.6	116.4	22.9	
-85.3	22.9	101.6	32.8	
-100.1	27.8	32.8	-33.7	
13.1	40.1	-11.5	-114.8	
8.2	30.3	0.8	-119.8	
-87.8	30.3	22.9	-38.6	
-164.0	27.8	74.6	-31.2	
-100.1	27.8	82.0	-31.2	
-38.6	35.2	42.6	-48.4	
45.1	25.4	40.1	-68.1	
47.5	20.5	52.4	-60.7	
64.7	25.4	25.4	-50.9	
72.1	35.2	30.3	-75.5	
30.3	27.8	18.0	-50.9	
-117.3	22.9	18.0	-33.7	
-139.4	30.3	45.1	5.7	
-105.0	37.7	22.9	22.9	
62.3	35.2	15.5	57.4	
50.0	25.4	-97.6	64.7	
35.2	32.8	-105.0	101.6	
59.8	40.1	-41.0	50.0	
64.7	30.3	-38.6	67.2	
116.4	42.6	-38.6	42.6	
35.2	37.7	-28.7	10.6	
-80.4	30.3	35.2	-4.1	
-127.1	18.0	64.7	20.5	
-122.2	15.5	59.8	15.5	
-53.3	3.2	35.2	-1.7	
-191.1	22.9	18.0	15.5	
-279.7	37.7	-1.7	5.7	
-203.4	37.7	-41.0	5.7	
69.7	27.8	-4.1	3.2	
318.1	27.8	-11.5	8.2	
345.2	20.5	-14.0	-33.7	
419.0	30.3	5.7	-41.0	
337.8	27.8	20.5	-41.0	
168.1	20.5	45.1	-9.1	
54.9	18.0	5.7	72.1	
15.5	42.6	-1.7	131.2	
-1.7	47.5	13.1	25.4	
5.7	42.6	13.1	-26.3	
42.6	45.1	0.8	-46.0	
42.6	30.3	-1.7	-43.5	
18.0	62.3	8.2	-6.6	
-18.9	54.9	13.1	27.8	
-11.5	47.5	-41.0	5.7	
40.1	27.8	-1.7	72.1	
47.5	40.1	40.1	96.7	
45.1	42.6	3.2	77.0	
-18.9	42.6	-46.0	5.7	
-77.9	25.4	-41.0	-33.7	
-144.4	35.2	-33.7	-16.4	
-164.0	27.8	-14.0	-11.5	
-139.4	20.5	-14.0	-14.0	
8.2	10.6	-41.0	8.2	
62.3	22.9	-43.5	10.6	
128.7	40.1	-16.4	-6.6	
116.4	47.5	13.1	0.8	
-28.7	40.1	62.3	8.2	
-46.0	37.7	59.8	15.5	
-48.4	37.7	5.7	15.5	
-100.1	22.9	-14.0	-1.7	
22.9	5.7	-11.5	-6.6	
111.5	27.8	20.5	-31.2	
118.9	47.5	15.5	-33.7	
251.7	35.2	10.6	-16.4	
170.5	25.4	-1.7	5.7	
89.3	32.8	3.2	-1.7	
64.7	42.6	13.1	-28.7	
69.7	30.3	27.8	-31.2	
-11.5	27.8	18.0	-36.1	
-68.1	27.8	13.1	-55.8	
-139.4	30.3	5.7	-9.1	
-151.7	25.4	-6.6	45.1	
-196.0	32.8	-4.1	89.3	
-80.4	30.3	-9.1	77.0	
136.1	27.8	-4.1	101.6	
330.4	32.8	-11.5	89.3	
177.9	22.9	3.2	40.1	
69.7	35.2	32.8	-6.6	
-23.8	37.7	32.8	-36.1	
-21.4	32.8	25.4	13.1	
37.7	45.1	37.7	94.3	
47.5	40.1	59.8	10.6	
77.0	40.1	59.8	-127.1	
5.7	25.4	32.8	-87.8	
-119.8	35.2	35.2	-75.5	
-178.8	25.4	22.9	-46.0	
-114.8	22.9	-23.8	-9.1	
-21.4	18.0	-41.0	-18.9	
123.8	20.5	-41.0	5.7	
153.3	13.1	-18.9	40.1	
54.9	-18.9	-14.0	37.7	
-21.4	-28.7	-26.3	-1.7	
-176.3	-48.4	-26.3	3.2	
-282.1	-60.7	-31.2	3.2	
-183.7	-80.4	-38.6	-28.7	
-11.5	-85.3	-16.4	-4.1	
168.1	-92.7	-21.4	10.6	
136.1	-80.4	-26.3	-11.5	
47.5	-75.5	-1.7	-9.1	
15.5	-70.6	50.0	-23.8	
10.6	-73.0	8.2	0.8	
5.7	-68.1	-14.0	37.7	
-85.3	-48.4	-31.2	94.3	
-176.3	-48.4	8.2	5.7	
-1.7	-38.6	-6.6	15.5	
148.4	-33.7	0.8	94.3	
195.1	-28.7	47.5	116.4	
182.8	-16.4	113.9	131.2	
182.8	-16.4	72.1	109.0	
109.0	0.8	37.7	-26.3	
15.5	-11.5	-18.9	-203.4	
-92.7	3.2	-53.3	-127.1	
-203.4	3.2	-1.7	-38.6	
-306.7	5.7	20.5	-70.6	
-260.0	0.8	27.8	-105.0	
-137.0	13.1	13.1	-43.5	
126.2	18.0	30.3	-14.0	
276.3	22.9	-31.2	13.1	
251.7	10.6	-50.9	40.1	
163.1	8.2	-129.6	47.5	
84.4	8.2	-65.6	52.4	
82.0	10.6	18.0	30.3	
47.5	5.7	77.0	30.3	
32.8	13.1	94.3	32.8	
-4.1	20.5	67.2	30.3	
-38.6	25.4	30.3	25.4	
-46.0	27.8	50.0	20.5	
-58.3	32.8	74.6	3.2	
-50.9	22.9	116.4	5.7	
-77.9	37.7	0.8	3.2	
-55.8	35.2	-31.2	-4.1	
-18.9	25.4	15.5	-9.1	
3.2	40.1	25.4	-21.4	
-31.2	27.8	27.8	-28.7	
-114.8	52.4	-1.7	-21.4	
-208.3	25.4	15.5	-14.0	
-282.1	27.8	37.7	-26.3	
-277.2	22.9	37.7	-9.1	
-188.6	40.1	-4.1	15.5	
-46.0	32.8	-38.6	27.8	
5.7	35.2	-38.6	42.6	
180.4	30.3	-6.6	30.3	
352.6	32.8	3.2	3.2	
236.9	35.2	-1.7	13.1	
79.5	35.2	-16.4	52.4	
-70.6	27.8	-11.5	3.2	
-129.6	27.8	-23.8	-26.3	
-117.3	40.1	15.5	-16.4	
-60.7	30.3	18.0	-1.7	
94.3	22.9	-68.1	8.2	
131.2	18.0	-46.0	20.5	
-6.6	27.8	-31.2	45.1	
-70.6	25.4	-46.0	52.4	
3.2	20.5	-1.7	15.5	
67.2	18.0	40.1	-18.9	
74.6	22.9	0.8	-46.0	
42.6	25.4	-26.3	-26.3	
131.2	18.0	-16.4	-1.7	
168.1	18.0	-75.5	20.5	
123.8	20.5	-92.7	8.2	
185.3	35.2	-50.9	15.5	
158.2	22.9	57.4	22.9	
47.5	25.4	99.2	18.0	
8.2	32.8	141.0	-4.1	
82.0	27.8	126.2	8.2	
153.3	30.3	62.3	-14.0	
214.8	27.8	32.8	-1.7	
121.3	22.9	-1.7	-4.1	
30.3	32.8	-21.4	10.6	
-21.4	20.5	13.1	-6.6	
-43.5	27.8	8.2	8.2	
-43.5	20.5	-4.1	-14.0	
-23.8	35.2	10.6	8.2	
13.1	27.8	-1.7	-9.1	
67.2	22.9	-9.1	-16.4	
40.1	20.5	50.0	-31.2	
-31.2	20.5	67.2	-1.7	
-109.9	25.4	54.9	-14.0	
-173.9	37.7	57.4	-11.5	
-210.8	35.2	32.8	3.2	
-210.8	42.6	0.8	-23.8	
-105.0	42.6	-1.7	-11.5	
82.0	35.2	27.8	5.7	
276.3	32.8	30.3	22.9	
187.7	27.8	13.1	0.8	
128.7	30.3	-6.6	10.6	
79.5	37.7	-58.3	37.7	
47.5	35.2	-95.2	10.6	
3.2	27.8	-146.8	-9.1	
-33.7	35.2	-100.1	25.4	
-21.4	15.5	-36.1	-6.6	
25.4	18.0	42.6	-33.7	
62.3	0.8	126.2	-36.1	
82.0	10.6	158.2	13.1	
52.4	15.5	143.5	42.6	
25.4	15.5	69.7	42.6	
25.4	22.9	25.4	5.7	
-6.6	30.3	35.2	52.4	
-100.1	42.6	8.2	138.5	
-107.5	27.8	-68.1	121.3	
-58.3	37.7	-87.8	10.6	
-16.4	30.3	-26.3	-60.7	
35.2	20.5	27.8	-70.6	
57.4	30.3	47.5	-9.1	
32.8	27.8	45.1	-60.7	
-73.0	30.3	35.2	-151.7	
-141.9	18.0	32.8	-85.3	
-109.9	22.9	27.8	-11.5	
27.8	37.7	-11.5	3.2	
82.0	25.4	-63.2	40.1	
104.1	35.2	-73.0	20.5	
52.4	42.6	-95.2	30.3	
5.7	30.3	-82.9	62.3	
-11.5	27.8	-82.9	35.2	
57.4	35.2	-77.9	8.2	
131.2	45.1	-21.4	15.5	
136.1	40.1	5.7	25.4	
15.5	35.2	-9.1	15.5	
-53.3	35.2	-23.8	20.5	
-156.7	27.8	32.8	27.8	
-151.7	22.9	94.3	13.1	
-60.7	37.7	182.8	-16.4	
106.6	30.3	177.9	-53.3	
64.7	25.4	96.7	-53.3	
-4.1	22.9	96.7	-31.2	
74.6	37.7	47.5	-4.1	
101.6	30.3	-11.5	30.3	
77.0	30.3	-14.0	5.7	
104.1	32.8	-11.5	-6.6	
128.7	50.0	-4.1	-9.1	
160.7	37.7	8.2	27.8	
168.1	37.7	45.1	72.1	
72.1	40.1	77.0	54.9	
116.4	30.3	91.8	10.6	
99.2	22.9	35.2	-63.2	
54.9	22.9	5.7	-55.8	
-18.9	30.3	-23.8	-18.9	
-43.5	27.8	-55.8	-38.6	
-87.8	40.1	-60.7	-31.2	
-151.7	40.1	-14.0	-21.4	
-215.7	35.2	-9.1	-1.7	
-269.8	57.4	-38.6	18.0	
-260.0	47.5	-31.2	-1.7	
-134.5	35.2	-38.6	-33.7	
20.5	40.1	-1.7	-50.9	
47.5	25.4	13.1	-9.1	
150.8	13.1	20.5	8.2	
165.6	18.0	64.7	18.0	
106.6	27.8	86.9	25.4	
101.6	27.8	5.7	42.6	
138.5	25.4	-4.1	25.4	
163.1	22.9	-31.2	45.1	
89.3	18.0	-33.7	22.9	
-6.6	27.8	-38.6	30.3	
-73.0	37.7	-26.3	18.0	
-41.0	22.9	-9.1	-6.6	
22.9	30.3	-1.7	5.7	
145.9	13.1	-4.1	-26.3	
145.9	15.5	18.0	-41.0	
82.0	15.5	45.1	-63.2	
-6.6	20.5	54.9	-21.4	
-149.3	20.5	3.2	27.8	
-196.0	27.8	-6.6	111.5	
-129.6	5.7	18.0	52.4	
35.2	22.9	10.6	50.0	
126.2	25.4	5.7	20.5	
57.4	40.1	32.8	42.6	
42.6	35.2	-4.1	25.4	
121.3	45.1	-6.6	15.5	
143.5	15.5	-11.5	-60.7	
52.4	35.2	3.2	-82.9	
-38.6	27.8	8.2	-41.0	
-80.4	37.7	13.1	-21.4	
-82.9	50.0	59.8	-4.1	
-53.3	54.9	35.2	15.5	
-53.3	27.8	-6.6	35.2	
-41.0	30.3	-28.7	10.6	
-31.2	35.2	62.3	15.5	
-75.5	0.8	96.7	27.8	
-68.1	-1.7	64.7	-16.4	
-14.0	18.0	35.2	-58.3	
-21.4	15.5	-16.4	-21.4	
-70.6	27.8	-38.6	42.6	
-50.9	22.9	-23.8	15.5	
-36.1	15.5	-48.4	0.8	
-87.8	20.5	-80.4	-14.0	
-55.8	30.3	-200.9	-11.5	
-70.6	27.8	-82.9	3.2	
22.9	35.2	57.4	22.9	
52.4	22.9	89.3	18.0	
-105.0	52.4	91.8	5.7	
-134.5	45.1	67.2	-16.4	
-105.0	27.8	35.2	-23.8	
-14.0	45.1	22.9	-23.8	
197.6	45.1	64.7	-50.9	
175.4	32.8	82.0	-23.8	
-4.1	37.7	-26.3	-21.4	
-122.2	47.5	-48.4	3.2	
-139.4	42.6	-65.6	35.2	
-55.8	32.8	-46.0	18.0	
0.8	25.4	-9.1	3.2	
-146.8	10.6	13.1	10.6	
-360.8	8.2	84.4	5.7	
-552.7	25.4	101.6	3.2	
-621.6	42.6	74.6	8.2	
-331.3	57.4	22.9	25.4	
-21.4	40.1	-11.5	13.1	
340.3	37.7	0.8	3.2	
760.9	30.3	-9.1	18.0	
834.7	35.2	37.7	-4.1	
697.0	30.3	15.5	-18.9	
502.6	20.5	10.6	-4.1	
278.8	30.3	27.8	3.2	
175.4	37.7	82.0	8.2	
126.2	37.7	121.3	27.8	
52.4	30.3	99.2	62.3	
-33.7	35.2	-1.7	59.8	
-90.2	15.5	-38.6	27.8	
-176.3	35.2	-31.2	25.4	
-272.3	35.2	-36.1	25.4	
-250.1	35.2	-33.7	8.2	
-144.4	35.2	-6.6	-33.7	
5.7	25.4	5.7	-105.0	
104.1	15.5	42.6	-33.7	
79.5	15.5	42.6	18.0	
-11.5	27.8	15.5	-33.7	
-48.4	25.4	0.8	-60.7	
-85.3	25.4	-48.4	-11.5	
-95.2	25.4	-53.3	5.7	
-109.9	10.6	-41.0	50.0	
-169.0	22.9	-23.8	27.8	
-183.7	30.3	54.9	40.1	
-127.1	30.3	10.6	-9.1	
10.6	18.0	-31.2	-31.2	
136.1	32.8	-26.3	-21.4	
91.8	50.0	-31.2	-4.1	
35.2	35.2	20.5	27.8	
52.4	35.2	72.1	30.3	
54.9	40.1	50.0	15.5	
37.7	27.8	27.8	8.2	
0.8	32.8	-21.4	8.2	
-102.5	45.1	10.6	-1.7	
-119.8	32.8	5.7	13.1	
-70.6	30.3	-31.2	15.5	
-26.3	30.3	-75.5	5.7	
-77.9	40.1	-87.8	3.2	
-100.1	35.2	-87.8	-18.9	
-33.7	30.3	-124.7	15.5	
45.1	35.2	-183.7	10.6	
158.2	37.7	-154.2	18.0	
268.9	45.1	-90.2	15.5	
273.8	37.7	-75.5	-6.6	
131.2	30.3	10.6	-6.6	
50.0	35.2	111.5	3.2	
5.7	40.1	249.2	-1.7	
-50.9	27.8	227.1	-9.1	
-178.8	30.3	175.4	25.4	
-287.0	25.4	197.6	25.4	
-245.2	35.2	69.7	-4.1	
-176.3	45.1	-9.1	10.6	
-196.0	32.8	-23.8	-11.5	
-188.6	22.9	-18.9	0.8	
-46.0	32.8	-11.5	-6.6	
45.1	40.1	27.8	10.6	
399.3	35.2	64.7	-16.4	
475.6	25.4	89.3	-11.5	
554.3	25.4	109.0	-14.0	
446.0	32.8	74.6	-4.1	
185.3	30.3	-6.6	5.7	
27.8	30.3	-41.0	3.2	
-4.1	40.1	-14.0	15.5	
-41.0	35.2	13.1	13.1	
-38.6	35.2	-33.7	0.8	
77.0	32.8	-43.5	-28.7	
72.1	27.8	-48.4	-26.3	
40.1	30.3	-33.7	0.8	
37.7	35.2	-16.4	-36.1	
-28.7	40.1	-18.9	8.2	
-90.2	27.8	18.0	3.2	
-171.4	27.8	35.2	5.7	
-223.1	32.8	25.4	-11.5	
-186.2	50.0	8.2	-28.7	
22.9	52.4	-6.6	-16.4	
190.2	50.0	32.8	-31.2	
303.4	45.1	37.7	-4.1	
283.7	40.1	30.3	10.6	
170.5	45.1	47.5	-4.1	
104.1	35.2	25.4	-21.4	
8.2	22.9	3.2	-23.8	
-70.6	13.1	-16.4	-23.8	
-102.5	8.2	-33.7	-50.9	
-181.3	20.5	-21.4	20.5	
-215.7	25.4	-33.7	74.6	
-220.6	18.0	-9.1	82.0	
-166.5	42.6	-18.9	32.8	
-82.9	15.5	-55.8	15.5	
50.0	18.0	-26.3	22.9	
30.3	25.4	-46.0	10.6	
-144.4	25.4	8.2	40.1	
-260.0	15.5	-6.6	22.9	
-230.5	15.5	22.9	25.4	
-68.1	30.3	101.6	8.2	
259.1	40.1	27.8	10.6	
421.4	25.4	0.8	3.2	
305.8	32.8	-65.6	3.2	
158.2	13.1	-33.7	22.9	
18.0	3.2	-31.2	22.9	
-41.0	20.5	-9.1	0.8	
-68.1	37.7	27.8	-28.7	
-109.9	27.8	50.0	-43.5	
-191.1	22.9	62.3	-41.0	
-154.2	32.8	3.2	-14.0	
-127.1	32.8	-41.0	-21.4	
-154.2	32.8	-55.8	-11.5	
-127.1	20.5	-55.8	15.5	
-9.1	40.1	-48.4	62.3	
10.6	42.6	15.5	25.4	
27.8	42.6	79.5	-4.1	
99.2	37.7	84.4	-14.0	
27.8	32.8	32.8	18.0	
-70.6	35.2	-6.6	32.8	
-166.5	32.8	10.6	18.0	
-225.5	25.4	25.4	-18.9	
-159.1	27.8	62.3	-80.4	
-6.6	27.8	47.5	-70.6	
116.4	32.8	-18.9	15.5	
163.1	40.1	-21.4	40.1	
126.2	30.3	-60.7	32.8	
82.0	37.7	-60.7	-14.0	
30.3	40.1	-26.3	-11.5	
-18.9	25.4	27.8	22.9	
0.8	37.7	35.2	-4.1	
-38.6	37.7	-1.7	18.0	
-102.5	35.2	-43.5	37.7	
-188.6	27.8	-70.6	15.5	
-139.4	20.5	-41.0	18.0	
0.8	25.4	74.6	13.1	
99.2	32.8	128.7	-18.9	
155.8	20.5	99.2	-43.5	
94.3	20.5	57.4	-46.0	
0.8	45.1	0.8	-36.1	
-112.4	35.2	-38.6	-23.8	
-232.9	35.2	-4.1	-21.4	
-225.5	27.8	-36.1	-26.3	
-127.1	32.8	-36.1	37.7	
72.1	35.2	-41.0	82.0	
99.2	52.4	-75.5	50.0	
133.6	45.1	-50.9	32.8	
202.5	52.4	-43.5	64.7	
163.1	45.1	-4.1	47.5	
89.3	20.5	67.2	118.9	
8.2	37.7	47.5	8.2	
-11.5	25.4	37.7	-90.2	
106.6	27.8	22.9	-90.2	
82.0	32.8	47.5	-21.4	
77.0	32.8	25.4	-23.8	
18.0	45.1	-58.3	0.8	
-73.0	22.9	-102.5	15.5	
-95.2	35.2	-80.4	35.2	
-77.9	5.7	-63.2	-1.7	
-141.9	8.2	-38.6	-16.4	
-127.1	13.1	-23.8	3.2	
-92.7	27.8	72.1	42.6	
0.8	37.7	165.6	82.0	
20.5	30.3	79.5	99.2	
47.5	45.1	32.8	59.8	
54.9	18.0	25.4	-68.1	
37.7	27.8	86.9	-70.6	
42.6	22.9	131.2	-33.7	
47.5	37.7	111.5	-21.4	
64.7	35.2	40.1	-14.0	
82.0	32.8	-95.2	-11.5	
64.7	30.3	-124.7	-18.9	
3.2	37.7	-117.3	-36.1	
10.6	27.8	-122.2	-46.0	
25.4	18.0	-87.8	-60.7	
-36.1	32.8	-82.9	-26.3	
-119.8	30.3	-75.5	-6.6	
-191.1	30.3	-26.3	25.4	
-299.3	30.3	30.3	40.1	
-306.7	27.8	32.8	42.6	
-166.5	22.9	123.8	47.5	
52.4	37.7	185.3	35.2	
52.4	25.4	82.0	10.6	
121.3	52.4	27.8	-21.4	
251.7	52.4	-6.6	-31.2	
308.3	40.1	13.1	-18.9	
382.1	45.1	18.0	-38.6	
254.2	32.8	8.2	-33.7	
118.9	25.4	18.0	8.2	
20.5	27.8	72.1	13.1	
25.4	27.8	57.4	35.2	
-6.6	42.6	-16.4	20.5	
-73.0	18.0	-95.2	-18.9	
-161.6	13.1	-107.5	-9.1	
-154.2	27.8	-55.8	-1.7	
0.8	25.4	-31.2	-31.2	
77.0	30.3	-31.2	-26.3	
-60.7	25.4	-6.6	-18.9	
-245.2	20.5	27.8	32.8	
-289.5	22.9	116.4	72.1	
-183.7	35.2	89.3	42.6	
86.9	27.8	27.8	25.4	
254.2	30.3	5.7	15.5	
173.0	22.9	-1.7	37.7	
69.7	37.7	-23.8	25.4	
-9.1	47.5	-23.8	32.8	
18.0	45.1	15.5	52.4	
45.1	30.3	32.8	72.1	
84.4	37.7	37.7	32.8	
106.6	35.2	20.5	8.2	
54.9	35.2	-31.2	-11.5	
25.4	32.8	-90.2	-16.4	
-53.3	35.2	-92.7	-41.0	
-80.4	22.9	-50.9	-100.1	
-38.6	22.9	-26.3	-97.6	
-31.2	40.1	-9.1	-53.3	
-33.7	35.2	50.0	8.2	
25.4	30.3	104.1	32.8	
113.9	18.0	74.6	25.4	
84.4	27.8	10.6	30.3	
5.7	27.8	10.6	22.9	
-95.2	15.5	3.2	3.2	
-154.2	20.5	3.2	8.2	
-173.9	37.7	52.4	-14.0	
-242.8	27.8	15.5	-23.8	
-215.7	35.2	20.5	-23.8	
-191.1	27.8	30.3	-6.6	
-156.7	37.7	22.9	5.7	
-65.6	40.1	45.1	22.9	
205.0	42.6	30.3	-9.1	
401.8	32.8	-36.1	-33.7	
254.2	52.4	-41.0	-21.4	
99.2	47.5	20.5	0.8	
-6.6	42.6	47.5	20.5	
-132.1	45.1	15.5	22.9	
-112.4	35.2	-11.5	0.8	
-63.2	32.8	-48.4	-33.7	
-43.5	32.8	-55.8	-21.4	
-16.4	32.8	-53.3	25.4	
-33.7	27.8	-6.6	47.5	
-65.6	10.6	22.9	-1.7	
-112.4	15.5	15.5	-4.1	
-97.6	25.4	35.2	20.5	
-154.2	20.5	62.3	13.1	
-181.3	20.5	40.1	0.8	
-87.8	22.9	45.1	-23.8	
234.5	22.9	62.3	-16.4	
551.8	22.9	40.1	-31.2	
455.9	8.2	13.1	-43.5	
335.3	0.8	32.8	-26.3	
246.8	-1.7	52.4	-14.0	
148.4	3.2	35.2	15.5	
121.3	8.2	22.9	91.8	
0.8	25.4	25.4	57.4	
-46.0	13.1	25.4	35.2	
-43.5	5.7	8.2	-6.6	
-33.7	-1.7	18.0	0.8	
-48.4	-6.6	45.1	-16.4	
-31.2	0.8	89.3	-28.7	
-6.6	3.2	82.0	-48.4	
50.0	5.7	27.8	-1.7	
15.5	20.5	0.8	3.2	
-28.7	32.8	-23.8	-16.4	
-38.6	40.1	-21.4	47.5	
-41.0	37.7	-11.5	54.9	
-90.2	22.9	5.7	67.2	
-90.2	30.3	10.6	64.7	
-63.2	35.2	-85.3	54.9	
-82.9	32.8	-33.7	18.0	
-127.1	50.0	25.4	-16.4	
-198.5	40.1	89.3	-11.5	
-200.9	45.1	99.2	-33.7	
-97.6	52.4	32.8	-65.6	
-43.5	59.8	8.2	-60.7	
32.8	59.8	-16.4	-14.0	
-43.5	62.3	-31.2	-16.4	
8.2	54.9	-58.3	-11.5	
96.7	54.9	-70.6	15.5	
5.7	45.1	-28.7	-38.6	
-198.5	47.5	25.4	-55.8	
-267.4	62.3	25.4	-33.7	
-255.1	54.9	104.1	-26.3	
-28.7	77.0	40.1	-36.1	
192.7	89.3	-11.5	-21.4	
296.0	77.0	-63.2	3.2	
337.8	64.7	-85.3	-38.6	
293.5	47.5	-100.1	-43.5	
182.8	37.7	-73.0	15.5	
177.9	42.6	-6.6	-4.1	
224.6	35.2	62.3	-43.5	
123.8	22.9	79.5	-43.5	
82.0	25.4	101.6	-75.5	
50.0	27.8	62.3	-38.6	
20.5	45.1	32.8	-1.7	
3.2	37.7	22.9	45.1	
-48.4	32.8	45.1	214.8	
-53.3	22.9	52.4	286.1	
-68.1	25.4	22.9	131.2	
-53.3	25.4	-31.2	-95.2	
8.2	20.5	-28.7	-141.9	
-65.6	25.4	-11.5	-109.9	
-173.9	27.8	-87.8	-26.3	
-287.0	20.5	-139.4	27.8	
-469.1	22.9	-156.7	15.5	
-508.4	30.3	-87.8	-4.1	
-442.0	22.9	27.8	-50.9	
-28.7	22.9	86.9	-50.9	
256.6	35.2	143.5	15.5	
554.3	37.7	200.0	0.8	
746.2	27.8	177.9	-33.7	
647.8	22.9	160.7	15.5	
399.3	35.2	104.1	30.3	
222.2	37.7	50.0	27.8	
94.3	27.8	13.1	13.1	
-43.5	30.3	-43.5	8.2	
-85.3	20.5	-6.6	-14.0	
-90.2	25.4	47.5	-18.9	
-33.7	35.2	69.7	0.8	
-53.3	30.3	67.2	13.1	
-43.5	27.8	62.3	-4.1	
-50.9	22.9	37.7	-21.4	
25.4	20.5	18.0	-9.1	
3.2	22.9	-26.3	-26.3	
86.9	27.8	-46.0	-38.6	
126.2	20.5	-36.1	-48.4	
74.6	18.0	20.5	-48.4	
-53.3	27.8	18.0	-95.2	
-75.5	30.3	-38.6	-58.3	
-33.7	42.6	-60.7	10.6	
47.5	27.8	-36.1	20.5	
-21.4	20.5	-4.1	-11.5	
-73.0	40.1	13.1	-18.9	
-90.2	27.8	27.8	-33.7	
-14.0	37.7	62.3	64.7	
-26.3	47.5	86.9	35.2	
-23.8	27.8	57.4	45.1	
-41.0	13.1	40.1	37.7	
-80.4	32.8	0.8	59.8	
-48.4	25.4	-23.8	54.9	
37.7	20.5	-26.3	32.8	
77.0	25.4	-28.7	-9.1	
67.2	20.5	-23.8	-43.5	
62.3	22.9	5.7	-1.7	
50.0	20.5	57.4	-4.1	
-18.9	15.5	42.6	-48.4	
-23.8	35.2	25.4	-85.3	
-6.6	47.5	13.1	-41.0	
-23.8	35.2	35.2	37.7	
25.4	32.8	42.6	27.8	
37.7	27.8	27.8	15.5	
-9.1	32.8	-11.5	42.6	
22.9	32.8	-4.1	57.4	
-18.9	40.1	-14.0	35.2	
-77.9	30.3	-4.1	-14.0	
-109.9	32.8	3.2	-11.5	
-134.5	32.8	8.2	3.2	
-97.6	22.9	5.7	32.8	
10.6	35.2	-9.1	52.4	
20.5	18.0	-31.2	37.7	
72.1	25.4	-36.1	57.4	
5.7	32.8	-92.7	-16.4	
-63.2	32.8	-119.8	-28.7	
-132.1	32.8	-129.6	-1.7	
-181.3	25.4	-107.5	-1.7	
-63.2	42.6	-16.4	-11.5	
35.2	30.3	35.2	13.1	
-46.0	40.1	116.4	18.0	
-124.7	32.8	148.4	25.4	
-80.4	52.4	109.0	-43.5	
64.7	40.1	89.3	-109.9	
409.1	37.7	-41.0	-53.3	
389.5	35.2	-28.7	8.2	
352.6	37.7	45.1	-23.8	
150.8	27.8	62.3	-85.3	
-63.2	20.5	84.4	-82.9	
-144.4	20.5	121.3	-23.8	
-90.2	42.6	72.1	-43.5	
-151.7	35.2	54.9	3.2	
-213.2	20.5	62.3	13.1	
-137.0	25.4	52.4	13.1	
0.8	20.5	42.6	57.4	
145.9	22.9	35.2	94.3	
256.6	37.7	25.4	42.6	
249.2	45.1	22.9	-100.1	
212.3	37.7	10.6	-82.9	
138.5	42.6	-6.6	-55.8	
86.9	40.1	-1.7	-6.6	
109.0	40.1	22.9	25.4	
64.7	25.4	0.8	5.7	
-11.5	30.3	15.5	35.2	
-50.9	42.6	-1.7	62.3	
-60.7	40.1	-48.4	59.8	
-1.7	30.3	-60.7	22.9	
-102.5	27.8	-48.4	-55.8	
-215.7	18.0	32.8	-41.0	
-267.4	47.5	47.5	-1.7	
-245.2	32.8	45.1	10.6	
-164.0	50.0	47.5	-14.0	
-117.3	40.1	45.1	42.6	
-63.2	37.7	15.5	40.1	
-109.9	32.8	-1.7	22.9	
-68.1	35.2	-28.7	40.1	
-105.0	35.2	-6.6	-53.3	
-11.5	30.3	-14.0	-73.0	
209.9	22.9	13.1	-28.7	
217.3	10.6	32.8	-9.1	
328.0	8.2	10.6	20.5	
300.9	20.5	13.1	52.4	
239.4	37.7	47.5	-9.1	
158.2	22.9	52.4	-9.1	
45.1	37.7	15.5	-38.6	
-21.4	54.9	-18.9	-6.6	
91.8	59.8	-60.7	-18.9	
268.9	40.1	-87.8	-50.9	
138.5	50.0	-105.0	-31.2	
-31.2	32.8	-92.7	15.5	
-109.9	25.4	-43.5	37.7	
-60.7	32.8	-46.0	32.8	
3.2	22.9	79.5	0.8	
91.8	27.8	158.2	-11.5	
106.6	30.3	118.9	37.7	
57.4	27.8	67.2	40.1	
40.1	27.8	32.8	8.2	
32.8	42.6	0.8	30.3	
-11.5	40.1	-21.4	13.1	
-48.4	30.3	-28.7	62.3	
-48.4	20.5	-21.4	91.8	
-33.7	32.8	-38.6	57.4	
-36.1	22.9	-50.9	18.0	
-50.9	35.2	-80.4	-4.1	
-31.2	40.1	-122.2	-90.2	
3.2	27.8	-124.7	-75.5	
-82.9	37.7	-28.7	-48.4	
-159.1	22.9	82.0	-18.9	
-105.0	37.7	123.8	-28.7	
-50.9	27.8	173.0	-1.7	
-36.1	25.4	99.2	-1.7	
-9.1	22.9	47.5	-18.9	
25.4	18.0	54.9	-9.1	
-50.9	35.2	50.0	-23.8	
-92.7	45.1	77.0	10.6	
-139.4	52.4	69.7	3.2	
-114.8	42.6	64.7	-16.4	
-90.2	27.8	47.5	-6.6	
27.8	22.9	8.2	-11.5	
234.5	35.2	-9.1	-18.9	
246.8	32.8	-16.4	0.8	
185.3	42.6	-14.0	18.0	
158.2	52.4	-14.0	42.6	
104.1	47.5	-28.7	22.9	
72.1	37.7	-28.7	-1.7	
-23.8	3.2	-36.1	-11.5	
-58.3	8.2	-21.4	-14.0	
-60.7	10.6	20.5	-14.0	
-33.7	30.3	30.3	-18.9	
-28.7	25.4	8.2	-31.2	
-11.5	8.2	3.2	-28.7	
42.6	22.9	-11.5	8.2	
-102.5	37.7	74.6	-6.6	
-117.3	25.4	-4.1	-33.7	
-112.4	15.5	-28.7	25.4	
-85.3	37.7	-36.1	10.6	
-124.7	42.6	-28.7	-33.7	
-114.8	52.4	-36.1	-43.5	
-55.8	37.7	-55.8	-31.2	
0.8	42.6	-48.4	-14.0	
52.4	52.4	-18.9	-9.1	
91.8	37.7	-6.6	-14.0	
54.9	37.7	-1.7	-14.0	
-16.4	40.1	5.7	-14.0	
-85.3	32.8	54.9	22.9	
-188.6	25.4	89.3	59.8	
-144.4	25.4	72.1	-4.1	
-127.1	30.3	32.8	-4.1	
-191.1	32.8	15.5	-28.7	
-208.3	30.3	0.8	-14.0	
-235.4	20.5	-21.4	-11.5	
-220.6	20.5	-31.2	-28.7	
-55.8	22.9	-16.4	-4.1	
-6.6	20.5	-9.1	10.6	
143.5	22.9	8.2	15.5	
190.2	27.8	42.6	30.3	
234.5	22.9	42.6	86.9	
195.1	18.0	-6.6	69.7	
18.0	37.7	-31.2	10.6	
-92.7	45.1	-46.0	15.5	
-92.7	25.4	-6.6	-9.1	
10.6	18.0	-38.6	-48.4	
145.9	18.0	-63.2	-14.0	
187.7	20.5	-65.6	22.9	
-11.5	27.8	-36.1	42.6	
-117.3	27.8	-16.4	22.9	
13.1	59.8	15.5	22.9	
180.4	62.3	77.0	32.8	
234.5	57.4	104.1	67.2	
244.3	37.7	74.6	42.6	
118.9	27.8	47.5	-87.8	
59.8	13.1	-14.0	-102.5	
160.7	25.4	-36.1	-73.0	
143.5	13.1	-48.4	-55.8	
45.1	22.9	-41.0	13.1	
-28.7	18.0	-9.1	52.4	
-87.8	27.8	8.2	62.3	
-87.8	22.9	25.4	45.1	
-53.3	18.0	42.6	45.1	
-107.5	32.8	96.7	-1.7	
-117.3	35.2	25.4	35.2	
-102.5	37.7	-21.4	104.1	
-46.0	40.1	35.2	47.5	
-16.4	42.6	10.6	-141.9	
-28.7	35.2	22.9	-112.4	
-46.0	37.7	35.2	-38.6	
-102.5	37.7	27.8	-43.5	
-50.9	22.9	0.8	-31.2	
165.6	22.9	-11.5	-23.8	
261.5	40.1	-16.4	-11.5	
99.2	40.1	3.2	8.2	
-1.7	30.3	0.8	18.0	
-124.7	3.2	-14.0	22.9	
-139.4	8.2	-18.9	-21.4	
-124.7	25.4	5.7	-77.9	
-100.1	37.7	-6.6	-109.9	
35.2	40.1	18.0	-58.3	
141.0	40.1	-18.9	-50.9	
185.3	35.2	0.8	-41.0	
197.6	32.8	5.7	-14.0	
136.1	40.1	8.2	22.9	
64.7	35.2	27.8	32.8	
45.1	30.3	20.5	10.6	
32.8	22.9	8.2	20.5	
-16.4	27.8	-11.5	8.2	
-82.9	45.1	-16.4	10.6	
-132.1	35.2	0.8	30.3	
-264.9	30.3	-6.6	40.1	
-355.9	40.1	10.6	8.2	
-311.6	25.4	45.1	-4.1	
-161.6	20.5	72.1	5.7	
15.5	32.8	84.4	5.7	
35.2	22.9	50.0	-14.0	
86.9	22.9	30.3	25.4	
150.8	18.0	-11.5	57.4	
163.1	10.6	-36.1	37.7	
163.1	18.0	-21.4	-4.1	
77.0	45.1	-16.4	18.0	
82.0	25.4	-38.6	-23.8	
-82.9	22.9	-14.0	-18.9	
-122.2	35.2	10.6	-11.5	
-55.8	30.3	27.8	0.8	
25.4	40.1	30.3	0.8	
45.1	50.0	20.5	8.2	
-18.9	35.2	37.7	0.8	
-60.7	25.4	40.1	10.6	
-100.1	18.0	37.7	3.2	
-196.0	18.0	0.8	-18.9	
-407.6	22.9	-16.4	-58.3	
-547.8	15.5	5.7	-75.5	
-503.5	25.4	-43.5	-112.4	
-210.8	42.6	-60.7	-95.2	
82.0	35.2	-14.0	22.9	
340.3	25.4	25.4	32.8	
350.1	30.3	22.9	150.8	
222.2	37.7	3.2	109.0	
173.0	35.2	-11.5	-21.4	
155.8	30.3	18.0	-48.4	
116.4	32.8	20.5	-6.6	
-11.5	42.6	-48.4	18.0	
-53.3	35.2	-85.3	27.8	
20.5	45.1	-129.6	22.9	
113.9	54.9	-109.9	20.5	
281.2	35.2	-63.2	18.0	
219.7	40.1	-41.0	20.5	
54.9	15.5	54.9	13.1	
13.1	8.2	165.6	37.7	
62.3	13.1	192.7	15.5	
153.3	15.5	128.7	5.7	
145.9	20.5	52.4	8.2	
40.1	27.8	25.4	35.2	
-77.9	25.4	25.4	-4.1	
-102.5	37.7	-77.9	-21.4	
-169.0	35.2	3.2	-28.7	
-102.5	42.6	99.2	-16.4	
-55.8	30.3	121.3	-28.7	
94.3	20.5	109.0	-41.0	
123.8	27.8	62.3	-36.1	
67.2	13.1	18.0	-21.4	
-21.4	8.2	-16.4	-1.7	
-46.0	10.6	-154.2	57.4	
-46.0	5.7	-181.3	94.3	
-58.3	15.5	-112.4	67.2	
-18.9	40.1	-77.9	77.0	
45.1	25.4	-58.3	72.1	
42.6	35.2	-46.0	54.9	
84.4	35.2	-26.3	-4.1	
52.4	18.0	30.3	-154.2	
32.8	32.8	32.8	-196.0	
35.2	42.6	18.0	-100.1	
5.7	37.7	25.4	18.0	
-38.6	25.4	27.8	47.5	
-80.4	18.0	32.8	-6.6	
-129.6	15.5	25.4	-50.9	
-164.0	22.9	37.7	-21.4	
-198.5	30.3	106.6	-4.1	
-220.6	27.8	101.6	-38.6	
-129.6	50.0	86.9	-41.0	
96.7	35.2	45.1	-38.6	
205.0	35.2	8.2	10.6	
50.0	40.1	3.2	74.6	
0.8	45.1	30.3	77.0	
-28.7	50.0	15.5	40.1	
35.2	37.7	10.6	47.5	
104.1	42.6	32.8	54.9	
143.5	54.9	45.1	18.0	
241.9	37.7	62.3	-14.0	
173.0	32.8	30.3	-46.0	
5.7	27.8	5.7	-28.7	
-82.9	18.0	3.2	0.8	
-134.5	25.4	-11.5	-1.7	
-141.9	35.2	-36.1	-14.0	
-242.8	32.8	-28.7	8.2	
-220.6	42.6	8.2	-9.1	
-46.0	37.7	18.0	0.8	
113.9	37.7	-23.8	0.8	
20.5	32.8	-55.8	-6.6	
-68.1	22.9	-26.3	3.2	
-348.5	32.8	-87.8	-14.0	
-178.8	40.1	-80.4	-31.2	
212.3	30.3	-114.8	3.2	
473.1	27.8	-92.7	22.9	
497.7	27.8	-63.2	30.3	
438.7	27.8	-1.7	15.5	
391.9	22.9	74.6	15.5	
308.3	27.8	109.0	-16.4	
91.8	27.8	96.7	-68.1	
-33.7	27.8	145.9	-55.8	
-23.8	40.1	69.7	35.2	
-4.1	37.7	37.7	148.4	
42.6	37.7	35.2	158.2	
116.4	25.4	-11.5	86.9	
62.3	20.5	-60.7	-95.2	
-41.0	22.9	-100.1	-117.3	
-144.4	30.3	-77.9	-33.7	
-92.7	18.0	-53.3	10.6	
-31.2	13.1	62.3	-9.1	
-4.1	30.3	101.6	-23.8	
-60.7	27.8	84.4	-14.0	
-210.8	32.8	72.1	-18.9	
-200.9	37.7	59.8	-18.9	
-85.3	30.3	86.9	22.9	
5.7	45.1	54.9	45.1	
-21.4	47.5	57.4	47.5	
5.7	42.6	10.6	18.0	
22.9	35.2	-36.1	-9.1	
20.5	25.4	-65.6	-4.1	
106.6	32.8	-48.4	0.8	
136.1	47.5	-11.5	-16.4	
5.7	35.2	35.2	-53.3	
-46.0	20.5	64.7	-38.6	
-11.5	32.8	37.7	32.8	
59.8	32.8	32.8	30.3	
13.1	32.8	10.6	-6.6	
-16.4	27.8	5.7	-9.1	
-14.0	27.8	5.7	15.5	
15.5	47.5	8.2	77.0	
37.7	40.1	0.8	99.2	
13.1	32.8	-21.4	84.4	
0.8	25.4	0.8	37.7	
-53.3	27.8	18.0	3.2	
-63.2	10.6	3.2	-18.9	
-18.9	-6.6	0.8	-23.8	
22.9	15.5	22.9	-90.2	
91.8	25.4	0.8	-105.0	
37.7	10.6	-60.7	-36.1	
-63.2	20.5	-97.6	-18.9	
-75.5	27.8	-105.0	-4.1	
15.5	27.8	-87.8	-1.7	
104.1	32.8	-21.4	-14.0	
22.9	40.1	52.4	10.6	
-193.6	37.7	118.9	30.3	
-368.2	45.1	158.2	-1.7	
-478.9	35.2	131.2	-50.9	
-360.8	8.2	-9.1	-68.1	
-92.7	8.2	-55.8	-60.7	
72.1	27.8	-18.9	-23.8	
364.9	30.3	-9.1	10.6	
372.2	37.7	-4.1	77.0	
278.8	37.7	20.5	111.5	
268.9	27.8	45.1	54.9	
241.9	25.4	79.5	-4.1	
158.2	25.4	74.6	-48.4	
177.9	27.8	62.3	-63.2	
192.7	37.7	30.3	5.7	
182.8	37.7	18.0	57.4	
148.4	35.2	37.7	5.7	
86.9	25.4	20.5	-31.2	
0.8	25.4	3.2	-23.8	
-50.9	22.9	-16.4	72.1	
-119.8	37.7	8.2	82.0	
-100.1	22.9	-11.5	5.7	
-26.3	18.0	-4.1	3.2	
-63.2	35.2	-33.7	22.9	
-77.9	45.1	-68.1	45.1	
64.7	42.6	-63.2	64.7	
128.7	47.5	-28.7	22.9	
91.8	37.7	-1.7	-41.0	
37.7	25.4	10.6	-48.4	
40.1	27.8	42.6	-41.0	
-97.6	32.8	77.0	-18.9	
-250.1	25.4	8.2	-31.2	
-328.9	20.5	-31.2	-11.5	
-306.7	30.3	5.7	-4.1	
45.1	22.9	67.2	8.2	
175.4	35.2	94.3	10.6	
195.1	22.9	0.8	15.5	
239.4	15.5	-14.0	8.2	
190.2	37.7	3.2	-26.3	
214.8	27.8	0.8	3.2	
212.3	32.8	-50.9	-4.1	
163.1	25.4	-58.3	0.8	
192.7	18.0	-26.3	0.8	
123.8	32.8	5.7	15.5	
30.3	37.7	0.8	13.1	
25.4	37.7	-58.3	3.2	
22.9	32.8	-82.9	-6.6	
-16.4	32.8	-18.9	-11.5	
-33.7	27.8	40.1	-4.1	
-21.4	15.5	47.5	0.8	
-63.2	20.5	50.0	8.2	
-55.8	27.8	52.4	-9.1	
-82.9	30.3	62.3	-1.7	
-80.4	32.8	47.5	-1.7	
-87.8	15.5	64.7	-11.5	
-186.2	35.2	22.9	-18.9	
-321.5	22.9	-41.0	-33.7	
-365.8	20.5	-70.6	-28.7	
-213.2	20.5	-38.6	-21.4	
27.8	35.2	-46.0	-4.1	
256.6	35.2	-31.2	15.5	
145.9	32.8	-4.1	13.1	
22.9	15.5	37.7	20.5	
37.7	18.0	74.6	-31.2	
47.5	27.8	42.6	-21.4	
106.6	52.4	-31.2	8.2	
335.3	35.2	-100.1	37.7	
261.5	18.0	-112.4	67.2	
138.5	22.9	-102.5	32.8	
54.9	40.1	-77.9	3.2	
8.2	35.2	-73.0	-1.7	
-28.7	20.5	-16.4	18.0	
-46.0	20.5	72.1	8.2	
-11.5	32.8	111.5	8.2	
27.8	50.0	91.8	20.5	
-4.1	50.0	77.0	15.5	
-70.6	30.3	67.2	-41.0	
-146.8	37.7	74.6	-50.9	
-124.7	27.8	45.1	35.2	
-53.3	22.9	3.2	77.0	
8.2	25.4	-9.1	37.7	
77.0	27.8	-6.6	-14.0	
-33.7	18.0	37.7	-21.4	
-124.7	32.8	79.5	-31.2	
-161.6	35.2	64.7	-23.8	
-301.8	52.4	37.7	54.9	
-343.6	45.1	15.5	-28.7	
-119.8	30.3	18.0	-38.6	
-50.9	15.5	25.4	-48.4	
0.8	18.0	40.1	-14.0	
-31.2	32.8	25.4	18.0	
-82.9	35.2	-4.1	22.9	
-33.7	37.7	-41.0	-26.3	
64.7	25.4	-50.9	52.4	
180.4	30.3	-31.2	50.0	
313.2	30.3	-33.7	-1.7	
414.1	25.4	-28.7	-38.6	
443.6	40.1	42.6	-6.6	
222.2	35.2	5.7	27.8	
54.9	52.4	-50.9	57.4	
-28.7	50.0	-18.9	45.1	
-85.3	37.7	35.2	22.9	
-63.2	40.1	27.8	25.4	
-114.8	40.1	-14.0	32.8	
-105.0	54.9	18.0	35.2	
-109.9	45.1	74.6	18.0	
-16.4	50.0	91.8	-11.5	
40.1	40.1	37.7	-6.6	
-85.3	45.1	25.4	-38.6	
-82.9	35.2	30.3	-58.3	
-50.9	25.4	-14.0	-11.5	
54.9	22.9	-46.0	13.1	
5.7	10.6	3.2	-36.1	
82.0	18.0	47.5	-68.1	
182.8	32.8	35.2	18.0	
214.8	42.6	72.1	40.1	
148.4	22.9	86.9	15.5	
8.2	27.8	15.5	27.8	
-70.6	37.7	-28.7	22.9	
-146.8	27.8	-18.9	22.9	
-166.5	30.3	3.2	-50.9	
-129.6	35.2	0.8	-63.2	
-38.6	47.5	-21.4	-21.4	
-48.4	30.3	-21.4	-9.1	
-107.5	45.1	-6.6	91.8	
-151.7	27.8	-28.7	158.2	
-200.9	22.9	-50.9	45.1	
-85.3	20.5	-68.1	-85.3	
-43.5	18.0	-75.5	-50.9	
79.5	30.3	-73.0	30.3	
264.0	37.7	-43.5	62.3	
214.8	30.3	-14.0	-77.9	
62.3	25.4	18.0	-100.1	
0.8	22.9	64.7	-11.5	
45.1	35.2	123.8	8.2	
40.1	35.2	133.6	-14.0	
67.2	20.5	77.0	-28.7	
64.7	32.8	-26.3	-21.4	
30.3	40.1	-41.0	57.4	
-9.1	22.9	-53.3	67.2	
-36.1	37.7	-53.3	25.4	
-58.3	37.7	-18.9	13.1	
-38.6	30.3	-4.1	20.5	
-26.3	42.6	-38.6	20.5	
-53.3	32.8	-11.5	3.2	
-46.0	35.2	35.2	-14.0	
-18.9	32.8	50.0	-6.6	
-41.0	42.6	30.3	-23.8	
-97.6	27.8	20.5	-18.9	
-117.3	37.7	32.8	-33.7	
-119.8	42.6	59.8	-9.1	
-48.4	20.5	15.5	0.8	
-159.1	20.5	-28.7	50.0	
-267.4	30.3	-41.0	52.4	
-198.5	32.8	-36.1	37.7	
-53.3	40.1	-36.1	-4.1	
91.8	27.8	-18.9	-48.4	
330.4	27.8	3.2	-11.5	
379.6	32.8	18.0	22.9	
273.8	20.5	42.6	37.7	
133.6	20.5	13.1	59.8	
59.8	22.9	13.1	77.0	
3.2	5.7	-9.1	59.8	
-23.8	32.8	22.9	10.6	
-28.7	32.8	84.4	-14.0	
-60.7	18.0	50.0	0.8	
-95.2	35.2	18.0	37.7	
-100.1	54.9	-33.7	25.4	
-46.0	35.2	-60.7	-33.7	
-11.5	15.5	-31.2	-14.0	
3.2	25.4	0.8	5.7	
30.3	25.4	25.4	30.3	
-26.3	22.9	-26.3	37.7	
-141.9	15.5	-31.2	45.1	
-87.8	27.8	3.2	15.5	
-73.0	30.3	-21.4	-60.7	
-149.3	20.5	-33.7	-77.9	
-85.3	27.8	-28.7	-36.1	
52.4	37.7	-31.2	0.8	
195.1	37.7	-6.6	-14.0	
165.6	27.8	5.7	-28.7	
158.2	42.6	-16.4	-16.4	
155.8	27.8	40.1	-26.3	
99.2	27.8	64.7	-28.7	
0.8	32.8	99.2	-11.5	
-58.3	37.7	57.4	-1.7	
-48.4	52.4	74.6	0.8	
-18.9	32.8	27.8	22.9	
-48.4	37.7	-4.1	32.8	
-21.4	30.3	18.0	32.8	
30.3	42.6	8.2	15.5	
5.7	25.4	-9.1	8.2	
-9.1	35.2	-1.7	0.8	
-36.1	45.1	-1.7	18.0	
84.4	37.7	-6.6	10.6	
96.7	30.3	20.5	-23.8	
32.8	20.5	25.4	5.7	
-14.0	18.0	22.9	42.6	
-36.1	8.2	18.0	133.6	
-50.9	8.2	0.8	64.7	
-46.0	15.5	-1.7	-9.1	
-31.2	32.8	-31.2	-60.7	
-38.6	37.7	-31.2	-23.8	
-77.9	54.9	-14.0	-53.3	
-151.7	54.9	-23.8	18.0	
-203.4	45.1	-26.3	40.1	
-232.9	22.9	-21.4	52.4	
-292.0	32.8	10.6	79.5	
-331.3	50.0	15.5	52.4	
-304.3	52.4	18.0	-6.6	
-95.2	42.6	-14.0	-4.1	
106.6	35.2	-4.1	-14.0	
340.3	20.5	15.5	-9.1	
350.1	5.7	-9.1	-36.1	
315.7	18.0	-9.1	-82.9	
219.7	20.5	-21.4	-48.4	
128.7	13.1	-14.0	-6.6	
113.9	13.1	18.0	-14.0	
133.6	27.8	69.7	-21.4	
47.5	32.8	57.4	-14.0	
-63.2	25.4	106.6	-36.1	
-176.3	30.3	89.3	-14.0	
-228.0	18.0	-92.7	37.7	
-247.7	13.1	-112.4	18.0	
-173.9	-1.7	-38.6	5.7	
-132.1	-28.7	-1.7	0.8	
32.8	-16.4	8.2	15.5	
212.3	10.6	-1.7	8.2	
175.4	20.5	-65.6	13.1	
111.5	27.8	27.8	8.2	
101.6	8.2	32.8	45.1	
84.4	5.7	15.5	15.5	
47.5	3.2	-21.4	0.8	
-4.1	3.2	-16.4	-18.9	
-28.7	15.5	22.9	0.8	
-117.3	42.6	18.0	3.2	
-50.9	32.8	13.1	-1.7	
-75.5	22.9	20.5	15.5	
-55.8	22.9	-9.1	25.4	
69.7	27.8	-38.6	35.2	
50.0	30.3	-26.3	30.3	
37.7	45.1	3.2	-21.4	
121.3	37.7	-4.1	-28.7	
116.4	40.1	-6.6	-4.1	
79.5	45.1	-9.1	35.2	
25.4	59.8	3.2	62.3	
-28.7	64.7	18.0	52.4	
-60.7	57.4	8.2	25.4	
-68.1	32.8	32.8	10.6	
-97.6	45.1	5.7	-9.1	
-63.2	57.4	0.8	-9.1	
-9.1	50.0	0.8	-1.7	
64.7	57.4	-18.9	-11.5	
69.7	59.8	8.2	-14.0	
37.7	69.7	0.8	35.2	
18.0	72.1	0.8	45.1	
-23.8	62.3	-9.1	15.5	
-26.3	79.5	-18.9	5.7	
-43.5	67.2	-18.9	-18.9	
-58.3	64.7	-18.9	-21.4	
-33.7	57.4	10.6	-4.1	
5.7	59.8	0.8	-16.4	
-18.9	52.4	-28.7	0.8	
-14.0	42.6	-28.7	-9.1	
3.2	54.9	3.2	5.7	
-21.4	32.8	-26.3	8.2	
-55.8	20.5	-38.6	-31.2	
-60.7	32.8	3.2	3.2	
-85.3	40.1	35.2	22.9	
-82.9	25.4	89.3	27.8	
-9.1	30.3	123.8	25.4	
13.1	27.8	116.4	15.5	
42.6	37.7	79.5	32.8	
47.5	37.7	37.7	25.4	
77.0	27.8	37.7	15.5	
74.6	20.5	15.5	-18.9	
18.0	32.8	37.7	-9.1	
0.8	18.0	20.5	-11.5	
-46.0	32.8	-4.1	-14.0	
-28.7	30.3	-41.0	5.7	
8.2	20.5	-53.3	20.5	
30.3	20.5	-21.4	50.0	
18.0	22.9	-31.2	13.1	
-21.4	13.1	-46.0	3.2	
-41.0	-4.1	-31.2	0.8	
-77.9	13.1	-38.6	-16.4	
-50.9	32.8	-18.9	8.2	
-14.0	25.4	-11.5	8.2	
32.8	22.9	-21.4	18.0	
22.9	20.5	-6.6	10.6	
18.0	18.0	-16.4	-11.5	
27.8	22.9	-46.0	-21.4	
27.8	32.8	-33.7	-14.0	
13.1	30.3	-1.7	-16.4	
-73.0	22.9	27.8	3.2	
-132.1	42.6	35.2	10.6	
-200.9	52.4	59.8	13.1	
-252.6	47.5	54.9	22.9	
-262.4	47.5	42.6	15.5	
-218.2	30.3	0.8	18.0	
15.5	30.3	13.1	10.6	
308.3	27.8	8.2	25.4	
377.2	30.3	3.2	0.8	
328.0	25.4	47.5	0.8	
182.8	32.8	123.8	10.6	
101.6	35.2	77.0	0.8	
86.9	32.8	35.2	3.2	
67.2	45.1	15.5	-18.9	
59.8	25.4	-18.9	-18.9	
3.2	40.1	-38.6	-6.6	
-97.6	20.5	-36.1	-11.5	
-141.9	47.5	-11.5	-4.1	
-132.1	35.2	35.2	8.2	
-75.5	30.3	30.3	-26.3	
20.5	18.0	-1.7	-33.7	
67.2	20.5	-48.4	-14.0	
45.1	22.9	-55.8	-6.6	
-26.3	13.1	-50.9	-38.6	
-50.9	15.5	-36.1	-41.0	
-33.7	13.1	-16.4	-48.4	
-23.8	10.6	5.7	-6.6	
18.0	-16.4	27.8	69.7	
13.1	-43.5	45.1	121.3	
3.2	-18.9	40.1	158.2	
-28.7	-11.5	27.8	222.2	
-50.9	3.2	8.2	195.1	
-58.3	0.8	47.5	89.3	
-68.1	35.2	37.7	84.4	
-50.9	35.2	-1.7	-4.1	
-68.1	57.4	5.7	-114.8	
-65.6	35.2	18.0	-26.3	
-58.3	-18.9	-11.5	-53.3	
-36.1	-14.0	27.8	-85.3	
-43.5	8.2	72.1	-58.3	
-53.3	-6.6	47.5	-95.2	
-60.7	37.7	-46.0	-87.8	
-36.1	77.0	-46.0	-65.6	
-28.7	67.2	-46.0	-41.0	
-41.0	27.8	-23.8	-21.4	
-48.4	-21.4	5.7	-9.1	
-58.3	-33.7	40.1	-6.6	
-53.3	-18.9	50.0	-9.1	
-6.6	5.7	18.0	3.2	
-26.3	42.6	-4.1	-4.1	
-77.9	52.4	-46.0	0.8	
-80.4	62.3	-60.7	18.0	
-58.3	52.4	-41.0	37.7	
-1.7	86.9	-31.2	20.5	
20.5	94.3	-4.1	10.6	
-11.5	84.4	40.1	13.1	
-23.8	35.2	18.0	20.5	
-33.7	18.0	42.6	13.1	
-28.7	27.8	37.7	0.8	
-36.1	42.6	22.9	-1.7	
-23.8	37.7	57.4	25.4	
-31.2	10.6	62.3	20.5	
-23.8	8.2	59.8	35.2	
-41.0	8.2	47.5	10.6	
-26.3	45.1	27.8	-16.4	
-31.2	52.4	5.7	-4.1	
-36.1	45.1	-14.0	5.7	
-26.3	32.8	-9.1	22.9	
-31.2	52.4	-14.0	22.9	
-26.3	82.0	-102.5	20.5	
-38.6	89.3	-41.0	32.8	
-18.9	62.3	-1.7	20.5	
-26.3	57.4	-36.1	13.1	
-26.3	47.5	-73.0	8.2	
-23.8	35.2	-14.0	0.8	
-16.4	25.4	13.1	13.1	
-9.1	27.8	20.5	13.1	
-11.5	22.9	15.5	8.2	
-21.4	20.5	3.2	10.6	
-11.5	40.1	-4.1	13.1	
-18.9	40.1	5.7	10.6	
-6.6	18.0	27.8	5.7	
0.8	18.0	40.1	10.6	
0.8	22.9	45.1	3.2	
5.7	27.8	35.2	3.2	
-11.5	37.7	27.8	13.1	
-21.4	25.4	13.1	0.8	
-9.1	5.7	-26.3	5.7	
-1.7	-1.7	-26.3	8.2	
10.6	5.7	-18.9	0.8	
0.8	-31.2	-23.8	30.3	
8.2	-87.8	-1.7	15.5	
0.8	-92.7	10.6	3.2	
5.7	-68.1	5.7	-6.6	
0.8	-63.2	18.0	-1.7	
18.0	-112.4	15.5	-4.1	
20.5	-139.4	13.1	5.7	
-11.5	-134.5	25.4	-1.7	
-43.5	-124.7	5.7	20.5	
-53.3	0.8	0.8	10.6	
-33.7	27.8	-4.1	3.2	
-4.1	109.0	13.1	-6.6	
20.5	111.5	8.2	10.6	
22.9	96.7	3.2	-4.1	
-1.7	22.9	-14.0	5.7	
-21.4	50.0	-31.2	-1.7	
32.8	86.9	-23.8	-9.1	
64.7	91.8	-26.3	5.7	
45.1	40.1	30.3	15.5	
10.6	91.8	22.9	22.9	
-14.0	175.4	18.0	13.1	
-11.5	145.9	45.1	15.5	
-9.1	141.0	30.3	0.8	
-41.0	170.5	40.1	-4.1	
-43.5	131.2	18.0	-1.7	
-58.3	99.2	20.5	3.2	
-95.2	82.0	0.8	10.6	
-100.1	67.2	0.8	8.2	
-109.9	79.5	-16.4	13.1	
-107.5	59.8	10.6	18.0	
-80.4	50.0	54.9	10.6	
-80.4	30.3	32.8	27.8	
-122.2	32.8	22.9	20.5	
-124.7	27.8	18.0	15.5	
-112.4	25.4	8.2	3.2	
-100.1	10.6	-4.1	8.2	
-48.4	3.2	-9.1	20.5	
-55.8	22.9	-26.3	30.3	
-87.8	32.8	-46.0	20.5	
-80.4	30.3	-38.6	0.8	
-63.2	20.5	-18.9	0.8	
-60.7	-23.8	8.2	-6.6	
-63.2	-87.8	-9.1	-6.6	
-68.1	-105.0	30.3	-11.5	
-60.7	-112.4	40.1	5.7	
-58.3	-70.6	8.2	10.6	
-70.6	-14.0	27.8	20.5	
-58.3	62.3	40.1	30.3	
-65.6	121.3	54.9	32.8	
-60.7	182.8	40.1	50.0	
-50.9	141.0	35.2	50.0	
-92.7	72.1	5.7	13.1	
-144.4	3.2	-16.4	-33.7	
-139.4	-21.4	-1.7	-53.3	
-80.4	3.2	45.1	-36.1	
40.1	-4.1	77.0	-9.1	
113.9	-23.8	25.4	-23.8	
54.9	20.5	8.2	13.1	
0.8	57.4	25.4	27.8	
-31.2	59.8	20.5	15.5	
-48.4	79.5	-9.1	25.4	
-73.0	84.4	-31.2	30.3	
-161.6	86.9	-18.9	22.9	
-205.9	47.5	13.1	40.1	
-188.6	25.4	32.8	42.6	
-159.1	13.1	25.4	35.2	
-102.5	22.9	3.2	52.4	
-87.8	22.9	25.4	32.8	
-171.4	45.1	0.8	5.7	
-149.3	54.9	-11.5	-1.7	
-132.1	32.8	18.0	8.2	
-11.5	32.8	52.4	10.6	
8.2	18.0	25.4	5.7	
-43.5	13.1	-16.4	-18.9	
-85.3	10.6	-31.2	-18.9	
-80.4	18.0	-9.1	-11.5	
-82.9	27.8	-43.5	10.6	
-92.7	37.7	-55.8	20.5	
-95.2	25.4	-1.7	8.2	
-85.3	32.8	25.4	-4.1	
-95.2	10.6	13.1	-11.5	
-117.3	8.2	0.8	25.4	
-112.4	15.5	22.9	45.1	
-90.2	27.8	50.0	8.2	
-80.4	22.9	32.8	-6.6	
-33.7	22.9	25.4	10.6	
-65.6	8.2	32.8	0.8	
-102.5	5.7	15.5	-14.0	
-164.0	18.0	3.2	-11.5	
-159.1	37.7	10.6	-4.1	
-114.8	32.8	18.0	35.2	
-11.5	37.7	8.2	50.0	
8.2	25.4	-11.5	25.4	
-63.2	20.5	-4.1	27.8	
-107.5	32.8	-6.6	8.2	
-109.9	30.3	-4.1	-23.8	
-87.8	10.6	-4.1	-16.4	
-68.1	10.6	40.1	-1.7	
-60.7	20.5	35.2	35.2	
-65.6	40.1	20.5	20.5	
-65.6	27.8	0.8	-21.4	
-73.0	-1.7	13.1	-14.0	
-68.1	5.7	37.7	-48.4	
-48.4	32.8	18.0	-1.7	
-18.9	35.2	13.1	20.5	
-41.0	35.2	3.2	47.5	
-60.7	22.9	0.8	22.9	
-65.6	0.8	3.2	10.6	
-73.0	-1.7	20.5	18.0	
-23.8	22.9	15.5	3.2	
22.9	32.8	22.9	-9.1	
13.1	32.8	30.3	-16.4	
13.1	32.8	27.8	0.8	
5.7	37.7	18.0	32.8	
8.2	27.8	13.1	8.2	
0.8	27.8	-21.4	-4.1	
0.8	5.7	-43.5	-1.7	
22.9	20.5	-23.8	-1.7	
13.1	35.2	-16.4	-9.1	
0.8	42.6	15.5	-48.4	
-18.9	30.3	15.5	-18.9	
-38.6	32.8	-16.4	5.7	
-26.3	40.1	8.2	10.6	
-11.5	30.3	0.8	35.2	
-9.1	25.4	0.8	20.5	
-6.6	27.8	13.1	-1.7	
-63.2	22.9	18.0	-6.6	
-70.6	13.1	20.5	-11.5	
-18.9	13.1	10.6	-1.7	
3.2	20.5	10.6	5.7	
57.4	18.0	3.2	10.6	
45.1	20.5	25.4	0.8	
-9.1	30.3	20.5	-9.1	
-53.3	18.0	15.5	-4.1	
-50.9	20.5	-23.8	-1.7	
15.5	18.0	-23.8	3.2	
64.7	13.1	3.2	15.5	
69.7	35.2	-4.1	15.5	
-28.7	20.5	-14.0	-1.7	
-55.8	25.4	-14.0	0.8	
10.6	22.9	-11.5	-6.6	
69.7	18.0	-11.5	-4.1	
111.5	52.4	-4.1	-1.7	
50.0	35.2	3.2	-4.1	
47.5	35.2	22.9	5.7	
145.9	15.5	18.0	10.6	
150.8	27.8	0.8	8.2	
69.7	32.8	3.2	-4.1	
20.5	22.9	3.2	0.8	
15.5	8.2	18.0	3.2	
-9.1	3.2	37.7	-1.7	
-68.1	5.7	15.5	0.8	
-41.0	-9.1	13.1	-1.7	
25.4	-33.7	25.4	10.6	
-102.5	-14.0	32.8	8.2	
-137.0	0.8	57.4	5.7	
-1.7	8.2	59.8	8.2	
128.7	22.9	47.5	18.0	
192.7	40.1	37.7	10.6	
138.5	69.7	35.2	0.8	
69.7	57.4	32.8	0.8	
3.2	82.0	13.1	-11.5	
3.2	59.8	5.7	-14.0	
40.1	30.3	13.1	0.8	
35.2	47.5	40.1	0.8	
10.6	32.8	15.5	5.7	
-4.1	5.7	-28.7	18.0	
-26.3	-26.3	-28.7	8.2	
-31.2	-11.5	-18.9	0.8	
-41.0	45.1	-9.1	5.7	
-63.2	72.1	-14.0	-4.1	
-70.6	54.9	15.5	5.7	
3.2	42.6	42.6	13.1	
20.5	15.5	27.8	18.0	
22.9	-16.4	13.1	27.8	
37.7	0.8	27.8	15.5	
54.9	37.7	54.9	22.9	
35.2	64.7	67.2	15.5	
3.2	64.7	42.6	18.0	
-50.9	52.4	22.9	8.2	
-112.4	42.6	20.5	-11.5	
-169.0	15.5	10.6	-18.9	
-137.0	27.8	5.7	-23.8	
-68.1	18.0	3.2	-1.7	
22.9	18.0	5.7	5.7	
84.4	27.8	-11.5	5.7	
143.5	30.3	-31.2	-4.1	
153.3	40.1	-28.7	5.7	
99.2	37.7	-18.9	0.8	
99.2	57.4	-23.8	-9.1	
77.0	45.1	-38.6	-6.6	
18.0	47.5	-1.7	-1.7	
-41.0	25.4	3.2	-6.6	
-36.1	22.9	20.5	18.0	
-46.0	18.0	32.8	57.4	
-95.2	32.8	30.3	47.5	
-119.8	13.1	30.3	20.5	
-114.8	8.2	22.9	13.1	
-127.1	-6.6	8.2	20.5	
-122.2	-1.7	8.2	25.4	
-105.0	-1.7	3.2	5.7	
-90.2	8.2	15.5	0.8	
-87.8	27.8	15.5	0.8	
-90.2	37.7	20.5	30.3	
-82.9	59.8	5.7	35.2	
-68.1	59.8	3.2	47.5	
-65.6	42.6	-23.8	45.1	
-50.9	42.6	-26.3	22.9	
-48.4	18.0	-11.5	13.1	
-43.5	22.9	-18.9	-16.4	
-46.0	32.8	-16.4	-36.1	
-31.2	25.4	-11.5	13.1	
-21.4	25.4	20.5	20.5	
-9.1	32.8	30.3	-6.6	
-1.7	45.1	10.6	-23.8	
-4.1	45.1	-4.1	-38.6	
-14.0	30.3	-9.1	10.6	
-11.5	13.1	-11.5	45.1	
-16.4	-14.0	-38.6	54.9	
-11.5	-65.6	10.6	89.3	
-21.4	-48.4	35.2	59.8	
-6.6	-36.1	52.4	-1.7	
5.7	-6.6	25.4	-1.7	
10.6	-16.4	20.5	20.5	
3.2	40.1	15.5	32.8	
8.2	67.2	-1.7	5.7	
15.5	84.4	-11.5	0.8	
18.0	89.3	-9.1	10.6	
22.9	84.4	20.5	8.2	
25.4	57.4	59.8	0.8	
0.8	54.9	64.7	10.6	
-26.3	27.8	25.4	-6.6	
-41.0	30.3	-4.1	-23.8	
-75.5	22.9	-1.7	-6.6	
-48.4	32.8	-4.1	18.0	
3.2	27.8	-4.1	40.1	
99.2	18.0	-4.1	8.2	
118.9	13.1	-9.1	5.7	
77.0	10.6	-6.6	10.6	
45.1	5.7	13.1	10.6	
25.4	8.2	5.7	8.2	
18.0	-1.7	-6.6	0.8	
50.0	-11.5	-9.1	-9.1	
42.6	-21.4	5.7	-11.5	
52.4	-36.1	25.4	-4.1	
27.8	-26.3	25.4	3.2	
-26.3	-1.7	8.2	-6.6	
-14.0	45.1	-16.4	-6.6	
3.2	37.7	0.8	-9.1	
45.1	18.0	22.9	-18.9	
67.2	-9.1	45.1	-11.5	
20.5	-23.8	15.5	27.8	
-58.3	-48.4	30.3	20.5	
-60.7	-53.3	74.6	10.6	
18.0	-21.4	18.0	3.2	
138.5	42.6	-16.4	5.7	
126.2	96.7	15.5	5.7	
84.4	136.1	13.1	5.7	
37.7	111.5	-1.7	10.6	
15.5	118.9	8.2	10.6	
3.2	82.0	22.9	18.0	
0.8	57.4	37.7	10.6	
5.7	35.2	5.7	8.2	
-1.7	54.9	5.7	5.7	
-1.7	62.3	0.8	-4.1	
-6.6	67.2	20.5	-9.1	
-23.8	62.3	22.9	-21.4	
-26.3	84.4	0.8	-6.6	
-38.6	64.7	-58.3	0.8	
-63.2	13.1	-60.7	20.5	
-114.8	0.8	-18.9	27.8	
-149.3	-6.6	30.3	27.8	
-134.5	10.6	40.1	20.5	
-102.5	20.5	-16.4	3.2	
-55.8	45.1	-9.1	-9.1	
-18.9	32.8	-4.1	-4.1	
13.1	35.2	-9.1	-4.1	
-16.4	35.2	-9.1	-4.1	
-23.8	35.2	-14.0	-4.1	
-11.5	35.2	0.8	-4.1	
-41.0	37.7	27.8	10.6	
-63.2	32.8	72.1	13.1	
-68.1	20.5	47.5	15.5	
-65.6	15.5	20.5	10.6	
-38.6	27.8	22.9	18.0	
-6.6	32.8	30.3	22.9	
0.8	37.7	-31.2	10.6	
3.2	20.5	-21.4	13.1	
30.3	18.0	-1.7	18.0	
57.4	25.4	-11.5	25.4	
25.4	27.8	0.8	18.0	
-9.1	20.5	15.5	10.6	
-31.2	15.5	54.9	15.5	
-50.9	18.0	20.5	10.6	
-70.6	32.8	15.5	8.2	
-75.5	30.3	5.7	8.2	
-60.7	13.1	3.2	0.8	
-68.1	13.1	5.7	20.5	
-28.7	30.3	3.2	25.4	
57.4	45.1	10.6	3.2	
192.7	27.8	3.2	5.7	
155.8	32.8	-9.1	3.2	
69.7	25.4	0.8	0.8	
52.4	25.4	5.7	20.5	
79.5	30.3	5.7	13.1	
74.6	22.9	-9.1	10.6	
67.2	22.9	-4.1	15.5	
67.2	32.8	-21.4	18.0	
-26.3	50.0	-26.3	13.1	
-77.9	25.4	-36.1	10.6	
-9.1	32.8	-1.7	10.6	
35.2	27.8	30.3	3.2	
35.2	18.0	47.5	3.2	
3.2	13.1	-1.7	10.6	
-73.0	15.5	-14.0	15.5	
-58.3	35.2	10.6	18.0	
94.3	42.6	57.4	15.5	
163.1	37.7	59.8	13.1	
190.2	18.0	42.6	10.6	
153.3	15.5	37.7	10.6	
101.6	25.4	37.7	-4.1	
82.0	50.0	18.0	3.2	
72.1	27.8	15.5	8.2	
54.9	35.2	18.0	3.2	
72.1	22.9	3.2	5.7	
45.1	25.4	-4.1	8.2	
37.7	20.5	-23.8	3.2	
42.6	-9.1	-18.9	-1.7	
13.1	-11.5	-11.5	-9.1	
32.8	3.2	-16.4	5.7	
25.4	25.4	-36.1	5.7	
25.4	42.6	-4.1	-4.1	
25.4	47.5	-6.6	-6.6	
-11.5	62.3	20.5	3.2	
-28.7	82.0	27.8	-1.7	
-21.4	54.9	35.2	18.0	
32.8	20.5	15.5	35.2	
35.2	0.8	10.6	35.2	
3.2	-9.1	15.5	37.7	
-21.4	-1.7	27.8	22.9	
-31.2	0.8	27.8	10.6	
-16.4	0.8	18.0	8.2	
-9.1	25.4	8.2	-4.1	
-9.1	47.5	10.6	-26.3	
-18.9	20.5	8.2	-1.7	
-48.4	42.6	18.0	-21.4	
-18.9	42.6	18.0	-4.1	
-14.0	30.3	22.9	8.2	
42.6	35.2	20.5	-4.1	
25.4	20.5	25.4	18.0	
10.6	57.4	5.7	54.9	
-4.1	54.9	18.0	50.0	
-31.2	37.7	54.9	-6.6	
-16.4	20.5	35.2	-21.4	
-41.0	20.5	-21.4	-1.7	
-41.0	32.8	-63.2	-4.1	
-31.2	10.6	-41.0	5.7	
-26.3	30.3	-14.0	13.1	
-14.0	50.0	-4.1	22.9	
-26.3	42.6	-14.0	13.1	
-23.8	20.5	-11.5	8.2	
-18.9	18.0	-11.5	3.2	
-36.1	-1.7	-18.9	-6.6	
-53.3	-9.1	-28.7	-9.1	
-68.1	5.7	-4.1	13.1	
-33.7	10.6	3.2	13.1	
-23.8	47.5	-9.1	3.2	
-33.7	62.3	32.8	5.7	
-31.2	47.5	54.9	5.7	
-26.3	45.1	30.3	0.8	
-6.6	37.7	35.2	10.6	
37.7	30.3	40.1	-4.1	
57.4	-9.1	25.4	-4.1	
5.7	-31.2	5.7	3.2	
-18.9	-9.1	-16.4	3.2	
-41.0	-18.9	0.8	0.8	
-18.9	-41.0	18.0	13.1	
-4.1	-18.9	25.4	3.2	
50.0	-6.6	-11.5	3.2	
77.0	22.9	-41.0	-4.1	
20.5	64.7	-21.4	-1.7	
-28.7	57.4	-6.6	-4.1	
-4.1	74.6	0.8	5.7	
52.4	84.4	-36.1	5.7	
67.2	67.2	-38.6	5.7	
30.3	67.2	32.8	-4.1	
-14.0	64.7	52.4	5.7	
-43.5	37.7	15.5	13.1	
-38.6	42.6	10.6	18.0	
-4.1	27.8	-23.8	0.8	
8.2	35.2	-14.0	0.8	
-11.5	32.8	-16.4	-6.6	
-9.1	25.4	-4.1	-1.7	
-18.9	45.1	13.1	-4.1	
-109.9	45.1	13.1	-18.9	
-122.2	35.2	18.0	-11.5	
-102.5	8.2	22.9	8.2	
-28.7	3.2	3.2	13.1	
-1.7	25.4	13.1	15.5	
118.9	40.1	3.2	20.5	
145.9	47.5	-1.7	-6.6	
104.1	22.9	-1.7	-11.5	
30.3	42.6	5.7	-18.9	
-26.3	35.2	-6.6	-4.1	
-46.0	25.4	-1.7	15.5	
-41.0	45.1	-9.1	30.3	
8.2	40.1	-14.0	3.2	
3.2	40.1	-14.0	25.4	
27.8	50.0	-11.5	45.1	
57.4	42.6	-9.1	18.0	
54.9	45.1	0.8	-4.1	
59.8	22.9	-4.1	3.2	
37.7	-9.1	18.0	-6.6	
-18.9	-16.4	20.5	0.8	
-58.3	-18.9	20.5	13.1	
-102.5	-1.7	54.9	30.3	
-70.6	13.1	20.5	30.3	
-46.0	30.3	-18.9	3.2	
-48.4	47.5	-4.1	10.6	
-50.9	40.1	-18.9	-6.6	
-60.7	45.1	-11.5	8.2	
-68.1	50.0	-21.4	3.2	
-53.3	45.1	-21.4	-18.9	
-65.6	40.1	-16.4	-14.0	
-58.3	30.3	-1.7	-9.1	
-50.9	25.4	0.8	-11.5	
-77.9	20.5	-11.5	-14.0	
-90.2	27.8	-4.1	0.8	
-82.9	15.5	-9.1	8.2	
-23.8	32.8	-11.5	5.7	
13.1	37.7	22.9	0.8	
64.7	32.8	18.0	8.2	
72.1	37.7	0.8	8.2	
82.0	30.3	-11.5	-1.7	
57.4	15.5	15.5	-6.6	
18.0	18.0	20.5	3.2	
13.1	3.2	-4.1	3.2	
5.7	3.2	-9.1	-4.1	
0.8	15.5	-11.5	-1.7	
-33.7	-9.1	-6.6	-6.6	
-63.2	0.8	-4.1	-9.1	
-60.7	-1.7	0.8	-4.1	
-28.7	20.5	20.5	5.7	
35.2	32.8	30.3	-9.1	
47.5	30.3	27.8	-1.7	
5.7	40.1	32.8	5.7	
-33.7	69.7	8.2	0.8	
-48.4	62.3	3.2	5.7	
-36.1	67.2	37.7	-6.6	
-16.4	22.9	91.8	-1.7	
22.9	18.0	35.2	3.2	
50.0	5.7	-21.4	8.2	
74.6	-16.4	-50.9	3.2	
67.2	-4.1	-6.6	0.8	
47.5	30.3	-6.6	-1.7	
18.0	20.5	-6.6	0.8	
-4.1	32.8	-11.5	-4.1	
-16.4	47.5	-9.1	8.2	
-50.9	74.6	-18.9	8.2	
-60.7	64.7	-11.5	3.2	
-53.3	69.7	3.2	3.2	
0.8	62.3	32.8	-1.7	
30.3	30.3	25.4	15.5	
18.0	-4.1	0.8	13.1	
22.9	-43.5	-21.4	18.0	
47.5	-80.4	-1.7	18.0	
72.1	-77.9	18.0	8.2	
77.0	-107.5	22.9	-4.1	
54.9	-105.0	18.0	13.1	
40.1	-28.7	-21.4	18.0	
30.3	10.6	-53.3	-1.7	
5.7	13.1	-21.4	5.7	
3.2	79.5	-14.0	-9.1	
-14.0	175.4	3.2	-18.9	
-1.7	192.7	18.0	-9.1	
-6.6	163.1	35.2	-1.7	
3.2	86.9	54.9	0.8	
5.7	18.0	40.1	3.2	
-1.7	-31.2	45.1	-6.6	
0.8	-9.1	18.0	8.2	
-18.9	37.7	27.8	-1.7	
-38.6	79.5	5.7	0.8	
-23.8	84.4	-9.1	-1.7	
-23.8	74.6	20.5	0.8	
0.8	69.7	40.1	5.7	
-11.5	62.3	35.2	0.8	
-6.6	45.1	5.7	8.2	
-14.0	37.7	-4.1	3.2	
-26.3	27.8	-18.9	-1.7	
-31.2	22.9	-11.5	-6.6	
-21.4	22.9	-23.8	-4.1	
-14.0	25.4	3.2	-6.6	
20.5	8.2	5.7	-9.1	
57.4	-9.1	-31.2	10.6	
69.7	-9.1	-11.5	3.2	
40.1	15.5	3.2	-6.6	
30.3	18.0	5.7	-6.6	
40.1	37.7	-1.7	13.1	
25.4	40.1	0.8	25.4	
18.0	54.9	-4.1	3.2	
-18.9	52.4	0.8	5.7	
-60.7	47.5	25.4	10.6	
-87.8	40.1	8.2	8.2	
-92.7	35.2	-26.3	0.8	
-50.9	35.2	-4.1	-6.6	
8.2	25.4	-9.1	-4.1	
32.8	18.0	-4.1	10.6	
52.4	10.6	-16.4	22.9	
54.9	3.2	-16.4	18.0	
77.0	-16.4	-9.1	8.2	
128.7	-14.0	-4.1	13.1	
91.8	-6.6	10.6	22.9	
69.7	0.8	15.5	15.5	
86.9	-4.1	13.1	5.7	
69.7	3.2	0.8	-1.7	
91.8	3.2	27.8	0.8	
86.9	22.9	35.2	-4.1	
50.0	15.5	42.6	-4.1	
-4.1	5.7	37.7	-1.7	
-36.1	-21.4	10.6	13.1	
-31.2	-33.7	-1.7	13.1	
35.2	-23.8	-16.4	0.8	
69.7	3.2	-16.4	18.0	
32.8	22.9	-21.4	18.0	
-1.7	74.6	-18.9	25.4	
-23.8	126.2	-11.5	10.6	
-11.5	118.9	-11.5	-9.1	
-21.4	86.9	-11.5	-23.8	
-26.3	84.4	10.6	-6.6	
-46.0	57.4	45.1	8.2	
-46.0	40.1	5.7	-9.1	
-31.2	52.4	3.2	20.5	
-33.7	57.4	3.2	18.0	
-23.8	72.1	8.2	18.0	
-38.6	86.9	-9.1	27.8	
-36.1	62.3	-9.1	22.9	
-16.4	64.7	-4.1	15.5	
-46.0	69.7	-14.0	32.8	
-36.1	57.4	-11.5	13.1	
25.4	67.2	13.1	0.8	
74.6	64.7	22.9	-16.4	
30.3	52.4	30.3	5.7	
-9.1	45.1	22.9	18.0	
-50.9	32.8	20.5	18.0	
-63.2	22.9	25.4	10.6	
-31.2	25.4	8.2	13.1	
0.8	45.1	18.0	30.3	
30.3	35.2	30.3	22.9	
89.3	27.8	47.5	3.2	
82.0	35.2	54.9	-1.7	
52.4	35.2	47.5	8.2	
77.0	15.5	35.2	18.0	
57.4	50.0	15.5	13.1	
42.6	40.1	20.5	18.0	
30.3	25.4	8.2	13.1	
72.1	22.9	-36.1	10.6	
67.2	20.5	-55.8	5.7	
40.1	10.6	-70.6	3.2	
10.6	15.5	-31.2	5.7	
-23.8	18.0	-16.4	8.2	
-14.0	25.4	-21.4	3.2	
-4.1	22.9	3.2	3.2	
-1.7	18.0	15.5	-1.7	
-9.1	-16.4	18.0	-1.7	
10.6	-9.1	0.8	5.7	
5.7	-9.1	-9.1	13.1	
-14.0	-4.1	-14.0	-1.7	
-16.4	15.5	10.6	-6.6	
-41.0	32.8	18.0	8.2	
-36.1	50.0	15.5	8.2	
-36.1	40.1	32.8	15.5	
-26.3	42.6	18.0	22.9	
-16.4	47.5	-1.7	5.7	
27.8	32.8	3.2	-4.1	
27.8	30.3	13.1	5.7	
-50.9	20.5	20.5	-4.1	
-68.1	18.0	15.5	5.7	
-73.0	32.8	18.0	22.9	
-87.8	35.2	47.5	32.8	
-68.1	27.8	54.9	15.5	
-75.5	30.3	35.2	22.9	
-70.6	35.2	-16.4	0.8	
-82.9	15.5	3.2	-4.1	
-77.9	27.8	22.9	3.2	
-100.1	30.3	0.8	10.6	
-65.6	32.8	-28.7	18.0	
-46.0	20.5	3.2	3.2	
-36.1	20.5	45.1	5.7	
-70.6	22.9	32.8	3.2	
-102.5	40.1	0.8	10.6	
-92.7	32.8	-14.0	3.2	
-55.8	22.9	-4.1	5.7	
-36.1	32.8	13.1	15.5	
0.8	20.5	25.4	15.5	
-11.5	35.2	-23.8	15.5	
-55.8	47.5	-36.1	10.6	
-82.9	32.8	25.4	-4.1	
-107.5	25.4	20.5	-6.6	
-112.4	27.8	8.2	-4.1	
-97.6	20.5	-16.4	-11.5	
-95.2	8.2	-6.6	0.8	
-112.4	25.4	0.8	13.1	
-95.2	25.4	3.2	10.6	
-70.6	30.3	-9.1	-1.7	
-53.3	22.9	-16.4	18.0	
-70.6	30.3	-1.7	10.6	
-58.3	32.8	3.2	13.1	
-43.5	27.8	8.2	8.2	
-21.4	37.7	-14.0	-14.0	
-21.4	37.7	-28.7	-1.7	
-11.5	30.3	-14.0	-4.1	
-28.7	20.5	20.5	-1.7	
-41.0	13.1	35.2	8.2	
-4.1	18.0	22.9	40.1	
54.9	35.2	-9.1	40.1	
116.4	45.1	-4.1	18.0	
72.1	25.4	5.7	-4.1	
52.4	35.2	13.1	8.2	
37.7	30.3	5.7	-14.0	
40.1	25.4	30.3	-11.5	
67.2	20.5	25.4	5.7	
89.3	32.8	45.1	52.4	
126.2	35.2	8.2	25.4	
155.8	27.8	-6.6	22.9	
131.2	37.7	8.2	3.2	
116.4	50.0	15.5	5.7	
99.2	37.7	3.2	18.0	
101.6	37.7	-1.7	3.2	
82.0	40.1	8.2	-21.4	
62.3	22.9	25.4	-6.6	
57.4	32.8	8.2	-16.4	
32.8	18.0	-6.6	15.5	
37.7	32.8	-1.7	50.0	
64.7	22.9	18.0	30.3	
138.5	35.2	25.4	27.8	
141.0	32.8	20.5	22.9	
84.4	25.4	0.8	8.2	
50.0	13.1	3.2	-9.1	
40.1	0.8	30.3	-9.1	
35.2	-21.4	18.0	3.2	
47.5	-6.6	13.1	10.6	
40.1	32.8	15.5	10.6	
50.0	57.4	22.9	22.9	
72.1	35.2	37.7	25.4	
104.1	47.5	32.8	3.2	
91.8	54.9	32.8	-4.1	
84.4	57.4	25.4	5.7	
77.0	25.4	37.7	0.8	
54.9	10.6	18.0	0.8	
57.4	-9.1	0.8	-14.0	
37.7	25.4	10.6	-9.1	
40.1	37.7	-4.1	-11.5	
32.8	15.5	-50.9	5.7	
32.8	8.2	-58.3	5.7	
18.0	15.5	-46.0	18.0	
18.0	22.9	-38.6	25.4	
25.4	27.8	-18.9	32.8	
25.4	25.4	-21.4	22.9	
18.0	27.8	-18.9	13.1	
20.5	25.4	20.5	5.7	
-4.1	27.8	22.9	5.7	
-1.7	37.7	3.2	5.7	
3.2	42.6	-26.3	13.1	
5.7	59.8	-6.6	20.5	
8.2	42.6	25.4	8.2	
20.5	45.1	18.0	5.7	
32.8	32.8	47.5	-6.6	
30.3	42.6	77.0	13.1	
35.2	69.7	64.7	3.2	
32.8	72.1	40.1	3.2	
15.5	69.7	30.3	-4.1	
22.9	35.2	30.3	8.2	
18.0	45.1	-6.6	8.2	
8.2	30.3	-55.8	-4.1	
8.2	0.8	-31.2	-6.6	
15.5	-18.9	-6.6	-4.1	
-9.1	-23.8	-4.1	8.2	
-38.6	-50.9	-1.7	3.2	
-33.7	-55.8	18.0	3.2	
-1.7	-46.0	25.4	3.2	
57.4	-21.4	15.5	0.8	
15.5	-6.6	8.2	8.2	
-55.8	32.8	15.5	0.8	
-65.6	67.2	-1.7	5.7	
8.2	99.2	-33.7	10.6	
116.4	113.9	-36.1	10.6	
54.9	96.7	-41.0	-1.7	
5.7	82.0	-68.1	3.2	
-70.6	67.2	-23.8	8.2	
-65.6	42.6	10.6	13.1	
-14.0	52.4	35.2	20.5	
50.0	37.7	25.4	8.2	
79.5	32.8	-6.6	3.2	
47.5	25.4	5.7	0.8	
50.0	25.4	8.2	-6.6	
-4.1	30.3	-26.3	10.6	
-36.1	18.0	-14.0	3.2	
-36.1	27.8	22.9	0.8	
8.2	35.2	15.5	5.7	
37.7	20.5	35.2	-14.0	
10.6	27.8	32.8	5.7	
32.8	27.8	-1.7	0.8	
25.4	32.8	-28.7	8.2	
13.1	25.4	-36.1	0.8	
-6.6	40.1	-33.7	-1.7	
-26.3	45.1	-38.6	0.8	
40.1	30.3	-48.4	0.8	
37.7	20.5	-11.5	0.8	
18.0	15.5	62.3	-1.7	
15.5	13.1	99.2	3.2	
-18.9	18.0	64.7	-1.7	
-53.3	8.2	22.9	0.8	
-9.1	13.1	37.7	13.1	
57.4	10.6	40.1	5.7	
27.8	40.1	35.2	10.6	
15.5	74.6	27.8	3.2	
-1.7	67.2	25.4	0.8	
-16.4	40.1	25.4	3.2	
-38.6	25.4	3.2	8.2	
-31.2	22.9	-11.5	-1.7	
-21.4	27.8	5.7	5.7	
-14.0	35.2	-26.3	3.2	
-28.7	13.1	-21.4	5.7	
-1.7	25.4	0.8	-1.7	
0.8	25.4	-9.1	5.7	
20.5	32.8	-26.3	3.2	
0.8	27.8	-28.7	5.7	
-11.5	37.7	-46.0	3.2	
-28.7	25.4	-73.0	-1.7	
-21.4	35.2	-53.3	13.1	
-18.9	27.8	-50.9	10.6	
-23.8	22.9	-23.8	-1.7	
-33.7	30.3	-9.1	3.2	
-41.0	32.8	-11.5	3.2	
-70.6	35.2	10.6	3.2	
-100.1	25.4	47.5	5.7	
-82.9	18.0	62.3	8.2	
-65.6	37.7	64.7	0.8	
25.4	20.5	37.7	3.2	
62.3	32.8	27.8	-4.1	
123.8	37.7	37.7	15.5	
67.2	57.4	52.4	5.7	
20.5	45.1	67.2	-1.7	
18.0	27.8	50.0	-6.6	
13.1	15.5	42.6	-1.7	
32.8	35.2	22.9	5.7	
37.7	5.7	-9.1	-1.7	
18.0	-4.1	-50.9	-9.1	
22.9	25.4	-48.4	5.7	
35.2	32.8	-21.4	8.2	
27.8	20.5	-16.4	15.5	
30.3	13.1	27.8	3.2	
57.4	22.9	59.8	5.7	
45.1	25.4	77.0	15.5	
15.5	25.4	50.0	5.7	
3.2	27.8	47.5	3.2	
13.1	40.1	42.6	-1.7	
35.2	27.8	32.8	3.2	
77.0	47.5	3.2	8.2	
59.8	42.6	-80.4	13.1	
54.9	42.6	-70.6	10.6	
35.2	40.1	-65.6	5.7	
25.4	37.7	0.8	10.6	
13.1	35.2	47.5	5.7	
3.2	30.3	37.7	-1.7	
-6.6	35.2	10.6	8.2	
27.8	47.5	-4.1	5.7	
22.9	35.2	47.5	5.7	
8.2	15.5	8.2	-6.6	
3.2	8.2	-36.1	3.2	
22.9	-14.0	-16.4	-4.1	
64.7	15.5	-6.6	5.7	
99.2	30.3	10.6	8.2	
25.4	3.2	3.2	-4.1	
-33.7	0.8	0.8	5.7	
-43.5	20.5	-1.7	3.2	
8.2	25.4	-11.5	0.8	
45.1	30.3	-9.1	-1.7	
72.1	20.5	-11.5	8.2	
106.6	10.6	8.2	13.1	
94.3	-11.5	-16.4	5.7	
94.3	-6.6	-38.6	0.8	
94.3	0.8	-36.1	3.2	
72.1	5.7	0.8	8.2	
54.9	8.2	37.7	-1.7	
45.1	47.5	79.5	-1.7	
40.1	72.1	72.1	5.7	
35.2	47.5	72.1	5.7	
37.7	54.9	25.4	18.0	
47.5	50.0	5.7	8.2	
50.0	40.1	-9.1	-14.0	
52.4	22.9	-1.7	-4.1	
0.8	20.5	-11.5	8.2	
-1.7	20.5	-1.7	-1.7	
10.6	47.5	20.5	-4.1	
10.6	45.1	25.4	-9.1	
0.8	20.5	20.5	0.8	
18.0	15.5	-4.1	5.7	
32.8	22.9	-6.6	13.1	
18.0	30.3	-23.8	20.5	
-9.1	0.8	8.2	10.6	
-50.9	-1.7	20.5	5.7	
-14.0	25.4	27.8	8.2	
13.1	50.0	3.2	5.7	
50.0	69.7	-36.1	5.7	
32.8	74.6	-16.4	0.8	
45.1	59.8	8.2	0.8	
91.8	35.2	3.2	-9.1	
27.8	32.8	-4.1	-1.7	
-11.5	20.5	-18.9	3.2	
-16.4	22.9	18.0	13.1	
-6.6	15.5	22.9	18.0	
-4.1	35.2	32.8	3.2	
-11.5	47.5	5.7	5.7	
3.2	40.1	22.9	0.8	
-6.6	-4.1	18.0	10.6	
-16.4	-18.9	-16.4	3.2	
-14.0	-6.6	-28.7	-4.1	
-1.7	3.2	-16.4	-1.7	
-11.5	22.9	10.6	-14.0	
-9.1	32.8	20.5	-11.5	
0.8	54.9	22.9	15.5	
-28.7	77.0	5.7	10.6	
-1.7	82.0	-6.6	-1.7	
25.4	59.8	18.0	-9.1	
8.2	42.6	22.9	-6.6	
-11.5	42.6	-4.1	0.8	
13.1	25.4	-16.4	8.2	
27.8	27.8	-18.9	5.7	
18.0	32.8	-4.1	13.1	
0.8	35.2	-1.7	18.0	
-43.5	22.9	5.7	13.1	
-33.7	-1.7	64.7	15.5	
27.8	-14.0	59.8	3.2	
54.9	-6.6	32.8	-4.1	
59.8	-4.1	13.1	-6.6	
57.4	10.6	8.2	10.6	
37.7	37.7	-1.7	25.4	
52.4	62.3	-1.7	27.8	
47.5	77.0	-16.4	10.6	
25.4	94.3	-6.6	-9.1	
3.2	69.7	-23.8	-26.3	
-16.4	22.9	-48.4	-9.1	
-21.4	15.5	-85.3	-4.1	
-18.9	13.1	-48.4	-4.1	
-14.0	25.4	-70.6	10.6	
8.2	22.9	-68.1	30.3	
30.3	35.2	-14.0	32.8	
40.1	30.3	59.8	30.3	
22.9	35.2	86.9	3.2	
13.1	52.4	79.5	-1.7	
8.2	47.5	20.5	3.2	
15.5	32.8	-14.0	-1.7	
35.2	42.6	-18.9	-1.7	
37.7	45.1	5.7	5.7	
37.7	45.1	37.7	5.7	
25.4	37.7	8.2	18.0	
-33.7	30.3	18.0	20.5	
-36.1	25.4	27.8	8.2	
5.7	8.2	15.5	8.2	
57.4	22.9	5.7	22.9	
69.7	45.1	-43.5	20.5	
47.5	25.4	-21.4	5.7	
-1.7	37.7	30.3	-4.1	
-41.0	37.7	37.7	3.2	
-77.9	22.9	13.1	-4.1	
-50.9	22.9	57.4	15.5	
15.5	20.5	32.8	22.9	
94.3	35.2	13.1	10.6	
148.4	32.8	3.2	-4.1	
116.4	20.5	13.1	13.1	
77.0	32.8	20.5	8.2	
45.1	27.8	-14.0	15.5	
40.1	22.9	-21.4	15.5	
32.8	30.3	0.8	10.6	
25.4	32.8	-14.0	3.2	
32.8	37.7	-9.1	-1.7	
35.2	35.2	-18.9	3.2	
30.3	30.3	-16.4	-6.6	
20.5	10.6	0.8	0.8	
0.8	20.5	3.2	0.8	
-9.1	35.2	20.5	-9.1	
-6.6	40.1	67.2	3.2	
-1.7	22.9	94.3	3.2	
-21.4	32.8	89.3	0.8	
-4.1	27.8	106.6	3.2	
57.4	37.7	35.2	3.2	
94.3	32.8	-36.1	5.7	
101.6	50.0	-41.0	10.6	
91.8	42.6	-26.3	3.2	
54.9	18.0	-18.9	3.2	
13.1	27.8	-46.0	5.7	
13.1	37.7	-55.8	10.6	
18.0	30.3	-26.3	0.8	
50.0	37.7	0.8	8.2	
64.7	37.7	-33.7	3.2	
52.4	30.3	-11.5	3.2	
59.8	42.6	13.1	8.2	
96.7	42.6	22.9	3.2	
94.3	25.4	25.4	-4.1	
86.9	32.8	13.1	-9.1	
47.5	27.8	-11.5	-4.1	
37.7	13.1	-4.1	18.0	
-4.1	27.8	15.5	3.2	
-23.8	30.3	30.3	10.6	
0.8	27.8	37.7	0.8	
64.7	32.8	27.8	8.2	
67.2	27.8	15.5	3.2	
18.0	27.8	0.8	10.6	
-9.1	30.3	-9.1	0.8	
-9.1	22.9	-14.0	-1.7	
-6.6	27.8	-33.7	-6.6	
-4.1	30.3	-50.9	-4.1	
-6.6	32.8	-53.3	18.0	
-23.8	35.2	-58.3	25.4	
-48.4	37.7	-70.6	20.5	
-77.9	32.8	-75.5	5.7	
-48.4	35.2	-33.7	-4.1	
-38.6	27.8	57.4	-1.7	
15.5	30.3	79.5	10.6	
62.3	20.5	67.2	10.6	
30.3	25.4	86.9	8.2	
-9.1	37.7	94.3	0.8	
-43.5	25.4	45.1	18.0	
-38.6	42.6	45.1	3.2	
-9.1	47.5	27.8	8.2	
32.8	42.6	25.4	5.7	
62.3	45.1	-6.6	5.7	
15.5	40.1	-53.3	5.7	
-9.1	30.3	-41.0	-1.7	
-23.8	8.2	-18.9	-4.1	
-9.1	5.7	10.6	-6.6	
-4.1	15.5	-28.7	8.2	
-18.9	40.1	-55.8	5.7	
-31.2	35.2	-28.7	3.2	
-38.6	32.8	-23.8	3.2	
-46.0	30.3	-11.5	-4.1	
-48.4	22.9	-6.6	8.2	
-50.9	27.8	-4.1	0.8	
-70.6	27.8	30.3	-1.7	
-70.6	32.8	54.9	10.6	
-38.6	27.8	22.9	0.8	
22.9	40.1	0.8	5.7	
42.6	42.6	54.9	5.7	
32.8	20.5	45.1	-9.1	
42.6	20.5	25.4	-18.9	
72.1	22.9	-16.4	-4.1	
47.5	40.1	-23.8	3.2	
54.9	47.5	-31.2	-6.6	
42.6	30.3	-14.0	5.7	
32.8	37.7	40.1	3.2	
-4.1	37.7	42.6	0.8	
40.1	30.3	25.4	-1.7	
72.1	25.4	27.8	-4.1	
50.0	35.2	32.8	0.8	
67.2	30.3	37.7	-6.6	
52.4	25.4	45.1	-4.1	
25.4	18.0	15.5	-1.7	
3.2	18.0	20.5	3.2	
-26.3	30.3	10.6	-1.7	
-53.3	30.3	8.2	3.2	
-33.7	32.8	5.7	10.6	
-55.8	40.1	20.5	-1.7	
-28.7	32.8	22.9	22.9	
27.8	37.7	0.8	15.5	
86.9	32.8	-14.0	5.7	
74.6	30.3	-14.0	3.2	
15.5	32.8	-11.5	-4.1	
18.0	45.1	3.2	-14.0	
25.4	45.1	10.6	-9.1	
20.5	50.0	-11.5	8.2	
18.0	47.5	-9.1	42.6	
25.4	25.4	-4.1	18.0	
20.5	35.2	-31.2	-1.7	
-11.5	20.5	-75.5	10.6	
-28.7	35.2	-90.2	20.5	
-16.4	37.7	-58.3	-6.6	
-23.8	35.2	3.2	8.2	
-18.9	27.8	57.4	30.3	
-18.9	32.8	72.1	32.8	
32.8	25.4	84.4	13.1	
32.8	27.8	109.0	30.3	
8.2	22.9	72.1	5.7	
-31.2	37.7	5.7	3.2	
-21.4	22.9	13.1	0.8	
45.1	32.8	-21.4	-14.0	
101.6	30.3	-75.5	-6.6	
77.0	30.3	-50.9	3.2	
30.3	32.8	-28.7	-11.5	
42.6	30.3	-26.3	-14.0	
40.1	25.4	-23.8	-1.7	
40.1	15.5	-9.1	5.7	
47.5	25.4	18.0	15.5	
20.5	35.2	-1.7	-9.1	
8.2	27.8	-16.4	-31.2	
-9.1	15.5	-14.0	-33.7	
0.8	32.8	13.1	3.2	
27.8	40.1	25.4	40.1	
32.8	40.1	3.2	57.4	
18.0	32.8	25.4	45.1	
-14.0	40.1	45.1	25.4	
-38.6	37.7	25.4	0.8	
-33.7	47.5	3.2	13.1	
18.0	25.4	0.8	25.4	
96.7	32.8	-1.7	22.9	
121.3	32.8	45.1	13.1	
143.5	30.3	54.9	5.7	
82.0	27.8	52.4	-1.7	
27.8	30.3	3.2	22.9	
18.0	27.8	-53.3	18.0	
22.9	27.8	-14.0	-6.6	
64.7	37.7	-6.6	0.8	
173.0	27.8	5.7	3.2	
185.3	40.1	0.8	5.7	
116.4	37.7	-4.1	0.8	
82.0	37.7	-6.6	3.2	
89.3	30.3	5.7	5.7	
86.9	27.8	-21.4	-1.7	
42.6	27.8	8.2	0.8	
35.2	13.1	-1.7	-6.6	
32.8	18.0	-11.5	-1.7	
30.3	27.8	0.8	-1.7	
54.9	32.8	5.7	-4.1	
69.7	27.8	10.6	-1.7	
59.8	27.8	20.5	-14.0	
40.1	32.8	18.0	-4.1	
35.2	37.7	22.9	5.7	
27.8	45.1	0.8	5.7	
22.9	35.2	-11.5	5.7	
18.0	35.2	-4.1	0.8	
15.5	30.3	8.2	-16.4	
20.5	32.8	-11.5	-14.0	
5.7	32.8	-18.9	-1.7	
-4.1	30.3	-1.7	10.6	
5.7	42.6	-14.0	25.4	
5.7	35.2	0.8	10.6	
-11.5	40.1	5.7	13.1	
-4.1	32.8	3.2	0.8	
-1.7	32.8	-6.6	-6.6	
20.5	42.6	-6.6	-4.1	
25.4	40.1	0.8	3.2	
-9.1	35.2	3.2	-4.1	
-28.7	40.1	32.8	-6.6	
-33.7	25.4	52.4	3.2	
-6.6	35.2	35.2	10.6	
30.3	30.3	22.9	13.1	
64.7	37.7	20.5	10.6	
59.8	27.8	27.8	0.8	
57.4	35.2	25.4	5.7	
72.1	25.4	13.1	3.2	
42.6	30.3	20.5	5.7	
42.6	32.8	-11.5	-4.1	
25.4	27.8	-4.1	0.8	
18.0	18.0	-75.5	-1.7	
22.9	25.4	-68.1	0.8	
35.2	30.3	-31.2	13.1	
27.8	22.9	-21.4	5.7	
13.1	30.3	32.8	0.8	
-31.2	40.1	30.3	10.6	
-73.0	42.6	10.6	8.2	
-77.9	45.1	13.1	5.7	
-75.5	35.2	3.2	3.2	
-68.1	10.6	-21.4	0.8	
-60.7	13.1	-6.6	5.7	
-80.4	30.3	5.7	8.2	
-95.2	30.3	3.2	3.2	
-114.8	25.4	52.4	3.2	
-87.8	30.3	52.4	15.5	
-23.8	37.7	27.8	0.8	
37.7	25.4	15.5	3.2	
45.1	25.4	10.6	-4.1	
94.3	27.8	22.9	8.2	
67.2	42.6	10.6	-1.7	
27.8	50.0	13.1	5.7	
27.8	37.7	5.7	-1.7	
27.8	45.1	5.7	-9.1	
-16.4	32.8	22.9	-18.9	
-18.9	13.1	42.6	-28.7	
8.2	15.5	42.6	-46.0	
47.5	8.2	25.4	-6.6	
84.4	8.2	8.2	45.1	
54.9	15.5	-21.4	67.2	
22.9	32.8	-18.9	82.0	
-26.3	52.4	-1.7	13.1	
-28.7	50.0	-9.1	-4.1	
-31.2	42.6	-41.0	-18.9	
8.2	35.2	-60.7	-1.7	
5.7	22.9	-31.2	45.1	
22.9	-1.7	-18.9	37.7	
15.5	10.6	0.8	42.6	
5.7	30.3	3.2	15.5	
27.8	37.7	-21.4	10.6	
3.2	32.8	-33.7	3.2	
-16.4	47.5	-28.7	8.2	
3.2	47.5	-18.9	3.2	
18.0	42.6	-4.1	3.2	
57.4	40.1	-21.4	-9.1	
99.2	37.7	15.5	3.2	
101.6	35.2	22.9	5.7	
82.0	42.6	47.5	15.5	
59.8	42.6	67.2	25.4	
59.8	40.1	50.0	22.9	
37.7	32.8	15.5	8.2	
20.5	15.5	0.8	-6.6	
10.6	30.3	5.7	-6.6	
-23.8	30.3	15.5	0.8	
-38.6	30.3	20.5	-9.1	
-41.0	15.5	18.0	-11.5	
-16.4	-4.1	13.1	0.8	
-9.1	0.8	15.5	-1.7	
30.3	22.9	15.5	-1.7	
37.7	40.1	18.0	-4.1	
15.5	45.1	10.6	-1.7	
8.2	47.5	15.5	-6.6	
-6.6	52.4	25.4	0.8	
5.7	32.8	22.9	5.7	
0.8	0.8	-14.0	18.0	
0.8	8.2	-18.9	0.8	
30.3	15.5	-21.4	5.7	
62.3	8.2	-4.1	3.2	
47.5	3.2	-11.5	0.8	
22.9	27.8	-4.1	-6.6	
10.6	57.4	27.8	-9.1	
15.5	57.4	35.2	10.6	
25.4	50.0	3.2	-1.7	
20.5	59.8	-11.5	-1.7	
8.2	52.4	-1.7	3.2	
-16.4	35.2	5.7	-1.7	
-31.2	40.1	30.3	3.2	
-43.5	57.4	64.7	-1.7	
-33.7	42.6	52.4	-1.7	
-1.7	30.3	52.4	-4.1	
37.7	22.9	50.0	-6.6	
5.7	13.1	15.5	-4.1	
-9.1	3.2	5.7	-9.1	
-4.1	8.2	0.8	8.2	
15.5	25.4	-53.3	15.5	
54.9	42.6	-107.5	13.1	
96.7	27.8	-80.4	8.2	
74.6	35.2	-16.4	5.7	
37.7	30.3	-4.1	8.2	
35.2	37.7	22.9	10.6	
32.8	32.8	3.2	8.2	
32.8	42.6	15.5	3.2	
67.2	40.1	8.2	5.7	
82.0	22.9	-1.7	0.8	
69.7	30.3	-1.7	15.5	
62.3	37.7	-16.4	13.1	
54.9	32.8	-14.0	10.6	
20.5	30.3	10.6	-4.1	
5.7	22.9	5.7	0.8	
-33.7	37.7	-1.7	-4.1	
-23.8	37.7	5.7	-6.6	
30.3	42.6	-4.1	-4.1	
59.8	40.1	-1.7	15.5	
62.3	32.8	0.8	8.2	
52.4	25.4	18.0	5.7	
45.1	30.3	18.0	-1.7	
32.8	42.6	20.5	5.7	
-33.7	27.8	32.8	-1.7	
-97.6	35.2	35.2	5.7	
-68.1	35.2	13.1	5.7	
13.1	30.3	27.8	8.2	
118.9	27.8	15.5	-11.5	
89.3	27.8	8.2	0.8	
82.0	35.2	-9.1	-6.6	
25.4	37.7	-16.4	0.8	
-6.6	37.7	-23.8	10.6	
18.0	22.9	-23.8	40.1	
32.8	25.4	-1.7	32.8	
3.2	35.2	25.4	18.0	
-18.9	3.2	37.7	27.8	
-58.3	5.7	-1.7	5.7	
-95.2	25.4	-6.6	3.2	
-129.6	30.3	-9.1	8.2	
-137.0	35.2	0.8	15.5	
-85.3	35.2	8.2	20.5	
-23.8	37.7	18.0	8.2	
-6.6	25.4	25.4	3.2	
27.8	45.1	-4.1	-4.1	
64.7	37.7	-14.0	8.2	
64.7	30.3	-26.3	5.7	
54.9	27.8	-1.7	-9.1	
20.5	32.8	0.8	8.2	
-23.8	27.8	8.2	0.8	
-28.7	37.7	13.1	-14.0	
-14.0	37.7	30.3	-1.7	
18.0	42.6	8.2	5.7	
32.8	30.3	-4.1	-6.6	
50.0	35.2	22.9	10.6	
32.8	22.9	52.4	13.1	
25.4	27.8	52.4	10.6	
0.8	20.5	27.8	10.6	
0.8	15.5	8.2	-9.1	
-14.0	15.5	3.2	-21.4	
0.8	18.0	-21.4	-1.7	
-9.1	30.3	-36.1	15.5	
-1.7	25.4	-38.6	15.5	
0.8	22.9	-38.6	10.6	
5.7	20.5	-36.1	-1.7	
0.8	22.9	-36.1	-14.0	
15.5	30.3	0.8	5.7	
18.0	22.9	22.9	10.6	
5.7	27.8	25.4	10.6	
10.6	5.7	-4.1	-1.7	
18.0	8.2	-16.4	5.7	
30.3	13.1	-23.8	-11.5	
18.0	25.4	8.2	10.6	
22.9	27.8	13.1	8.2	
22.9	18.0	3.2	8.2	
15.5	25.4	-28.7	-4.1	
15.5	30.3	-9.1	8.2	
25.4	22.9	-26.3	5.7	
13.1	22.9	-31.2	10.6	
13.1	18.0	-18.9	13.1	
-1.7	13.1	42.6	13.1	
-11.5	20.5	45.1	10.6	
-14.0	25.4	59.8	8.2	
-18.9	20.5	84.4	15.5	
-11.5	37.7	40.1	15.5	
27.8	40.1	42.6	0.8	
79.5	50.0	32.8	3.2	
69.7	54.9	42.6	0.8	
69.7	59.8	47.5	8.2	
62.3	54.9	30.3	0.8	
42.6	47.5	35.2	-4.1	
32.8	52.4	25.4	5.7	
18.0	62.3	-6.6	-21.4	
15.5	67.2	-18.9	-11.5	
25.4	69.7	10.6	8.2	
8.2	69.7	-31.2	18.0	
-16.4	67.2	-46.0	5.7	
8.2	69.7	-21.4	-11.5	
3.2	69.7	-1.7	13.1	
-26.3	64.7	13.1	20.5	
-58.3	67.2	15.5	-4.1	
-70.6	54.9	18.0	-4.1	
-48.4	64.7	-11.5	-1.7	
-11.5	45.1	-16.4	13.1	
64.7	40.1	-16.4	13.1	
67.2	57.4	-16.4	10.6	
40.1	37.7	-6.6	30.3	
77.0	37.7	18.0	-9.1	
74.6	35.2	18.0	-6.6	
47.5	40.1	8.2	30.3	
62.3	40.1	-6.6	32.8	
89.3	25.4	18.0	5.7	
91.8	32.8	54.9	22.9	
64.7	30.3	45.1	22.9	
64.7	27.8	18.0	13.1	
40.1	32.8	20.5	15.5	
47.5	20.5	10.6	13.1	
54.9	30.3	10.6	27.8	
27.8	27.8	8.2	8.2	
0.8	27.8	13.1	-4.1	
0.8	18.0	-26.3	-6.6	
15.5	30.3	-11.5	-26.3	
10.6	20.5	-18.9	-9.1	
-31.2	35.2	-16.4	13.1	
-60.7	30.3	13.1	25.4	
-63.2	22.9	5.7	10.6	
-33.7	13.1	-4.1	-11.5	
22.9	25.4	-9.1	-9.1	
77.0	20.5	-11.5	-4.1	
136.1	8.2	-9.1	5.7	
128.7	18.0	-4.1	0.8	
54.9	18.0	-11.5	-9.1	
-41.0	25.4	-1.7	-4.1	
-53.3	22.9	-1.7	-4.1	
47.5	37.7	15.5	-6.6	
158.2	22.9	25.4	5.7	
160.7	22.9	5.7	10.6	
136.1	35.2	-4.1	8.2	
59.8	40.1	3.2	5.7	
40.1	35.2	-1.7	-1.7	
-1.7	37.7	18.0	18.0	
-21.4	42.6	18.0	15.5	
-36.1	40.1	5.7	15.5	
-31.2	22.9	-21.4	18.0	
22.9	5.7	-31.2	-4.1	
40.1	-1.7	-11.5	-4.1	
30.3	15.5	10.6	0.8	
47.5	30.3	-14.0	-11.5	
40.1	35.2	3.2	0.8	
45.1	35.2	18.0	3.2	
59.8	22.9	40.1	-14.0	
62.3	35.2	10.6	-4.1	
40.1	32.8	-6.6	8.2	
3.2	37.7	-16.4	-4.1	
-18.9	27.8	-6.6	-6.6	
-68.1	40.1	5.7	-1.7	
-82.9	42.6	-1.7	-4.1	
-68.1	35.2	-16.4	3.2	
-36.1	25.4	5.7	-4.1	
54.9	37.7	5.7	5.7	
94.3	15.5	3.2	0.8	
-14.0	5.7	8.2	15.5	
-43.5	32.8	15.5	15.5	
-4.1	22.9	5.7	5.7	
67.2	15.5	0.8	-1.7	
89.3	3.2	8.2	13.1	
64.7	8.2	10.6	35.2	
40.1	8.2	3.2	22.9	
37.7	18.0	22.9	-1.7	
32.8	22.9	37.7	-9.1	
5.7	32.8	15.5	10.6	
-16.4	22.9	15.5	-6.6	
-28.7	18.0	27.8	-4.1	
-14.0	27.8	20.5	0.8	
-46.0	22.9	15.5	20.5	
-60.7	32.8	-26.3	40.1	
-38.6	47.5	-43.5	25.4	
-6.6	54.9	-33.7	13.1	
42.6	59.8	0.8	13.1	
25.4	52.4	10.6	-9.1	
45.1	52.4	-9.1	-14.0	
54.9	54.9	8.2	3.2	
45.1	47.5	-6.6	13.1	
15.5	45.1	-6.6	8.2	
-4.1	50.0	5.7	10.6	
18.0	42.6	0.8	-6.6	
69.7	30.3	3.2	-1.7	
101.6	35.2	-9.1	10.6	
89.3	22.9	-4.1	8.2	
57.4	37.7	5.7	3.2	
45.1	25.4	15.5	3.2	
52.4	18.0	30.3	-4.1	
47.5	20.5	25.4	5.7	
35.2	13.1	15.5	8.2	
50.0	20.5	15.5	8.2	
42.6	30.3	13.1	18.0	
42.6	59.8	8.2	15.5	
45.1	59.8	15.5	15.5	
25.4	45.1	5.7	18.0	
3.2	37.7	-18.9	15.5	
8.2	35.2	-16.4	15.5	
25.4	27.8	-1.7	18.0	
47.5	25.4	8.2	15.5	
22.9	22.9	10.6	5.7	
37.7	30.3	-9.1	5.7	
50.0	20.5	-14.0	18.0	
67.2	37.7	-4.1	5.7	
74.6	22.9	8.2	-1.7	
82.0	35.2	18.0	5.7	
77.0	27.8	18.0	-4.1	
59.8	22.9	18.0	0.8	
67.2	18.0	27.8	-1.7	
37.7	15.5	30.3	-4.1	
47.5	32.8	18.0	0.8	
40.1	40.1	5.7	-6.6	
25.4	37.7	-26.3	5.7	
18.0	47.5	-9.1	8.2	
5.7	42.6	-16.4	8.2	
-14.0	37.7	-14.0	0.8	
-18.9	40.1	15.5	3.2	
-23.8	45.1	54.9	-6.6	
-33.7	45.1	54.9	-16.4	
-11.5	52.4	25.4	-6.6	
-14.0	47.5	25.4	-4.1	
0.8	42.6	18.0	-1.7	
8.2	32.8	22.9	27.8	
22.9	27.8	27.8	18.0	
27.8	27.8	15.5	25.4	
37.7	22.9	-11.5	32.8	
96.7	35.2	-21.4	8.2	
116.4	0.8	-9.1	-18.9	
74.6	8.2	-18.9	-14.0	
42.6	25.4	-6.6	3.2	
42.6	20.5	15.5	3.2	
25.4	25.4	27.8	20.5	
22.9	45.1	-9.1	18.0	
64.7	47.5	8.2	0.8	
62.3	27.8	25.4	-1.7	
32.8	18.0	18.0	10.6	
15.5	22.9	3.2	3.2	
-9.1	37.7	18.0	-1.7	
-21.4	57.4	30.3	8.2	
-14.0	54.9	-4.1	-1.7	
-14.0	47.5	-6.6	15.5	
-18.9	50.0	-6.6	20.5	
-28.7	22.9	0.8	5.7	
-9.1	13.1	-14.0	0.8	
-1.7	25.4	-16.4	5.7	
13.1	32.8	-16.4	-6.6	
32.8	32.8	-11.5	-1.7	
5.7	22.9	0.8	5.7	
-6.6	25.4	22.9	8.2	
0.8	13.1	35.2	3.2	
15.5	20.5	27.8	3.2	
10.6	8.2	0.8	10.6	
15.5	0.8	0.8	-1.7	
25.4	22.9	-18.9	10.6	
13.1	42.6	-11.5	3.2	
-6.6	37.7	-6.6	8.2	
-14.0	30.3	30.3	3.2	
-1.7	15.5	32.8	13.1	
-43.5	15.5	32.8	0.8	
-48.4	18.0	54.9	-1.7	
-70.6	42.6	62.3	-1.7	
-100.1	37.7	52.4	3.2	
-176.3	42.6	62.3	8.2	
-210.8	45.1	37.7	-4.1	
-198.5	52.4	40.1	-1.7	
-105.0	37.7	18.0	-4.1	
-63.2	35.2	-16.4	-1.7	
13.1	32.8	-41.0	5.7	
106.6	13.1	-46.0	-4.1	
77.0	40.1	-65.6	5.7	
67.2	40.1	-41.0	3.2	
64.7	32.8	-21.4	15.5	
20.5	37.7	-11.5	15.5	
-21.4	25.4	-11.5	-1.7	
-87.8	27.8	-6.6	-11.5	
-82.9	54.9	-14.0	0.8	
-60.7	37.7	-21.4	-6.6	
-41.0	37.7	-1.7	-14.0	
-28.7	47.5	8.2	0.8	
-23.8	45.1	5.7	8.2	
-31.2	32.8	5.7	-1.7	
-41.0	35.2	3.2	20.5	
-38.6	32.8	22.9	35.2	
-38.6	25.4	18.0	8.2	
-31.2	30.3	-4.1	5.7	
-36.1	25.4	-14.0	0.8	
-41.0	27.8	0.8	-14.0	
-31.2	30.3	8.2	-1.7	
-18.9	35.2	-9.1	5.7	
-21.4	22.9	5.7	5.7	
-18.9	22.9	10.6	-1.7	
-31.2	22.9	3.2	0.8	
-28.7	8.2	8.2	-9.1	
-18.9	8.2	18.0	-14.0	
-23.8	8.2	18.0	-1.7	
-26.3	0.8	15.5	20.5	
-4.1	32.8	8.2	20.5	
0.8	42.6	8.2	22.9	
-4.1	62.3	0.8	18.0	
-14.0	40.1	5.7	13.1	
-16.4	52.4	0.8	-4.1	
-36.1	40.1	-6.6	3.2	
-28.7	40.1	-6.6	0.8	
-26.3	20.5	3.2	13.1	
3.2	20.5	3.2	8.2	
22.9	25.4	-11.5	10.6	
30.3	37.7	-9.1	13.1	
25.4	32.8	5.7	3.2	
-4.1	40.1	37.7	0.8	
-18.9	37.7	54.9	-1.7	
-31.2	35.2	40.1	-1.7	
-23.8	27.8	35.2	10.6	
-18.9	27.8	3.2	25.4	
-28.7	25.4	-1.7	13.1	
-23.8	30.3	-9.1	13.1	
-21.4	35.2	8.2	25.4	
-21.4	15.5	-4.1	5.7	
0.8	18.0	3.2	5.7	
27.8	32.8	5.7	3.2	
27.8	30.3	10.6	5.7	
-77.9	22.9	20.5	-4.1	
-65.6	27.8	20.5	0.8	
22.9	27.8	5.7	10.6	
182.8	25.4	-9.1	-1.7	
182.8	27.8	20.5	5.7	
99.2	37.7	8.2	-6.6	
79.5	35.2	-1.7	3.2	
-1.7	32.8	18.0	-14.0	
0.8	35.2	30.3	-33.7	
104.1	40.1	42.6	-11.5	
185.3	30.3	40.1	22.9	
143.5	42.6	20.5	27.8	
94.3	18.0	10.6	5.7	
50.0	18.0	-31.2	15.5	
-14.0	32.8	-48.4	25.4	
-55.8	45.1	-23.8	25.4	
-26.3	35.2	-16.4	13.1	
54.9	27.8	3.2	10.6	
82.0	37.7	5.7	10.6	
77.0	25.4	-4.1	5.7	
37.7	15.5	8.2	-1.7	
13.1	22.9	22.9	10.6	
37.7	25.4	25.4	22.9	
67.2	18.0	25.4	25.4	
59.8	37.7	8.2	8.2	
50.0	30.3	18.0	10.6	
59.8	47.5	13.1	8.2	
52.4	37.7	8.2	5.7	
40.1	40.1	15.5	0.8	
37.7	30.3	30.3	-1.7	
30.3	40.1	-4.1	8.2	
30.3	10.6	-28.7	13.1	
10.6	25.4	-16.4	5.7	
-6.6	35.2	10.6	3.2	
-9.1	27.8	15.5	0.8	
18.0	22.9	25.4	3.2	
20.5	32.8	15.5	-1.7	
32.8	37.7	5.7	13.1	
18.0	37.7	-11.5	5.7	
10.6	47.5	0.8	3.2	
-1.7	45.1	5.7	-9.1	
5.7	42.6	35.2	5.7	
20.5	42.6	42.6	15.5	
45.1	42.6	18.0	8.2	
45.1	32.8	-28.7	0.8	
3.2	22.9	18.0	-6.6	
-26.3	25.4	42.6	-1.7	
-11.5	30.3	37.7	5.7	
52.4	25.4	13.1	13.1	
109.0	25.4	-4.1	27.8	
96.7	27.8	-55.8	22.9	
54.9	32.8	-28.7	5.7	
8.2	30.3	10.6	-1.7	
-4.1	22.9	42.6	-1.7	
15.5	25.4	22.9	3.2	
25.4	20.5	-6.6	-1.7	
13.1	20.5	-1.7	-4.1	
3.2	32.8	0.8	10.6	
-23.8	37.7	-21.4	-4.1	
-36.1	27.8	-18.9	-6.6	
-14.0	37.7	-36.1	0.8	
-28.7	32.8	-14.0	-1.7	
-11.5	45.1	20.5	5.7	
-1.7	35.2	18.0	3.2	
0.8	37.7	15.5	-1.7	
-31.2	40.1	20.5	-1.7	
-65.6	37.7	-6.6	10.6	
-36.1	32.8	-50.9	3.2	
-36.1	37.7	-46.0	10.6	
5.7	42.6	-9.1	0.8	
-31.2	35.2	0.8	3.2	
-16.4	40.1	0.8	8.2	
-58.3	37.7	-9.1	5.7	
-46.0	32.8	-14.0	3.2	
-18.9	35.2	-4.1	8.2	
-31.2	47.5	52.4	5.7	
-60.7	42.6	106.6	-1.7	
-70.6	40.1	89.3	0.8	
-82.9	30.3	52.4	3.2	
-63.2	35.2	30.3	-1.7	
-68.1	30.3	35.2	0.8	
-60.7	27.8	37.7	-1.7	
-55.8	22.9	32.8	0.8	
-58.3	15.5	42.6	-4.1	
-43.5	27.8	45.1	0.8	
-55.8	22.9	22.9	8.2	
-48.4	30.3	-9.1	0.8	
-38.6	20.5	-60.7	8.2	
-26.3	27.8	-53.3	0.8	
-41.0	35.2	-18.9	-11.5	
-48.4	25.4	10.6	-9.1	
-53.3	45.1	8.2	-11.5	
-43.5	47.5	5.7	3.2	
-43.5	37.7	20.5	3.2	
-21.4	52.4	32.8	-1.7	
15.5	30.3	27.8	5.7	
5.7	35.2	10.6	13.1	
-11.5	22.9	3.2	13.1	
-14.0	35.2	10.6	20.5	
-14.0	37.7	5.7	18.0	
-26.3	35.2	5.7	5.7	
-14.0	47.5	3.2	-6.6	
-23.8	50.0	10.6	-6.6	
-26.3	40.1	22.9	18.0	
-11.5	35.2	15.5	10.6	
-31.2	40.1	0.8	0.8	
-33.7	5.7	5.7	-18.9	
-23.8	0.8	25.4	-4.1	
-50.9	10.6	13.1	-4.1	
-70.6	10.6	10.6	0.8	
-28.7	18.0	-16.4	25.4	
40.1	25.4	-36.1	32.8	
104.1	18.0	-14.0	8.2	
69.7	32.8	-4.1	35.2	
0.8	22.9	10.6	32.8	
5.7	27.8	15.5	0.8	
89.3	37.7	32.8	-6.6	
131.2	32.8	57.4	5.7	
111.5	22.9	45.1	-6.6	
64.7	27.8	3.2	-11.5	
5.7	37.7	-63.2	-1.7	
-1.7	40.1	-23.8	8.2	
-6.6	27.8	-9.1	22.9	
18.0	45.1	-1.7	25.4	
45.1	32.8	3.2	0.8	
15.5	25.4	-14.0	15.5	
8.2	30.3	-9.1	20.5	
-11.5	27.8	20.5	10.6	
-38.6	25.4	35.2	13.1	
-26.3	27.8	18.0	5.7	
40.1	42.6	5.7	5.7	
99.2	45.1	-4.1	5.7	
111.5	37.7	0.8	-1.7	
54.9	47.5	5.7	0.8	
27.8	37.7	5.7	0.8	
18.0	35.2	5.7	-9.1	
5.7	25.4	30.3	-1.7	
8.2	27.8	69.7	15.5	
20.5	22.9	67.2	10.6	
20.5	30.3	50.0	5.7	
0.8	25.4	45.1	3.2	
-33.7	22.9	47.5	3.2	
-31.2	35.2	37.7	3.2	
-6.6	15.5	18.0	5.7	
22.9	15.5	20.5	-4.1	
47.5	30.3	-28.7	-4.1	
18.0	42.6	-107.5	0.8	
8.2	22.9	-68.1	13.1	
-21.4	27.8	-16.4	0.8	
-26.3	27.8	25.4	-4.1	
-31.2	18.0	5.7	15.5	
-18.9	35.2	-1.7	15.5	
-14.0	40.1	-6.6	3.2	
-21.4	37.7	-1.7	-9.1	
-28.7	52.4	15.5	-9.1	
-16.4	40.1	22.9	-4.1	
-28.7	40.1	-4.1	-16.4	
-18.9	52.4	-23.8	-6.6	
-23.8	45.1	-1.7	8.2	
-1.7	47.5	-4.1	3.2	
15.5	32.8	-16.4	-4.1	
40.1	32.8	-18.9	15.5	
35.2	35.2	-9.1	27.8	
47.5	32.8	-6.6	13.1	
22.9	15.5	-4.1	-1.7	
-9.1	42.6	-16.4	8.2	
-26.3	40.1	20.5	0.8	
-26.3	35.2	37.7	10.6	
-33.7	37.7	18.0	-6.6	
-4.1	37.7	-4.1	-1.7	
42.6	25.4	5.7	-6.6	
69.7	27.8	5.7	13.1	
62.3	18.0	18.0	0.8	
25.4	18.0	3.2	-16.4	
-11.5	20.5	10.6	10.6	
-21.4	18.0	22.9	40.1	
-28.7	10.6	37.7	27.8	
-23.8	22.9	42.6	15.5	
22.9	18.0	13.1	10.6	
72.1	22.9	-18.9	25.4	
59.8	30.3	-38.6	25.4	
35.2	45.1	-65.6	0.8	
27.8	35.2	-53.3	-11.5	
15.5	42.6	-50.9	-4.1	
0.8	35.2	-9.1	8.2	
-16.4	40.1	32.8	13.1	
-18.9	45.1	37.7	0.8	
-14.0	40.1	18.0	3.2	
-28.7	42.6	0.8	18.0	
-53.3	42.6	13.1	13.1	
-46.0	30.3	57.4	20.5	
27.8	27.8	57.4	22.9	
77.0	27.8	45.1	8.2	
77.0	37.7	40.1	0.8	
84.4	32.8	59.8	-1.7	
101.6	25.4	18.0	-14.0	
86.9	35.2	8.2	3.2	
74.6	25.4	35.2	10.6	
57.4	37.7	59.8	15.5	
47.5	40.1	50.0	13.1	
54.9	35.2	40.1	5.7	
42.6	35.2	0.8	3.2	
54.9	40.1	0.8	10.6	
52.4	27.8	-9.1	0.8	
32.8	37.7	-36.1	0.8	
45.1	45.1	-31.2	-4.1	
30.3	35.2	-4.1	-6.6	
15.5	52.4	8.2	10.6	
13.1	40.1	30.3	10.6	
20.5	37.7	77.0	-4.1	
13.1	37.7	27.8	-4.1	
8.2	40.1	13.1	3.2	
-11.5	22.9	-1.7	0.8	
-4.1	30.3	-18.9	8.2	
-14.0	25.4	5.7	3.2	
-21.4	40.1	-4.1	5.7	
-1.7	35.2	-9.1	-1.7	
22.9	27.8	-14.0	18.0	
20.5	25.4	-18.9	20.5	
0.8	20.5	-1.7	5.7	
-43.5	25.4	-1.7	0.8	
-26.3	40.1	-4.1	-1.7	
20.5	42.6	-9.1	8.2	
67.2	35.2	5.7	-6.6	
42.6	35.2	-4.1	-1.7	
15.5	30.3	8.2	5.7	
5.7	13.1	13.1	3.2	
-1.7	-9.1	3.2	8.2	
18.0	15.5	-1.7	5.7	
22.9	30.3	3.2	0.8	
62.3	20.5	13.1	-1.7	
96.7	27.8	15.5	-9.1	
67.2	25.4	18.0	-1.7	
35.2	35.2	15.5	13.1	
27.8	35.2	8.2	8.2	
10.6	50.0	5.7	22.9	
-1.7	42.6	-9.1	13.1	
-11.5	35.2	-9.1	8.2	
-4.1	35.2	-14.0	-9.1	
3.2	42.6	-6.6	10.6	
22.9	32.8	-16.4	10.6	
8.2	50.0	-9.1	-9.1	
-1.7	52.4	-4.1	3.2	
-4.1	40.1	-11.5	5.7	
-9.1	25.4	0.8	5.7	
8.2	32.8	30.3	18.0	
42.6	25.4	54.9	13.1	
82.0	35.2	64.7	22.9	
79.5	45.1	62.3	15.5	
64.7	40.1	74.6	5.7	
15.5	10.6	72.1	-6.6	
20.5	-11.5	50.0	0.8	
22.9	13.1	30.3	-14.0	
50.0	25.4	-9.1	-1.7	
42.6	20.5	-58.3	3.2	
40.1	30.3	-58.3	0.8	
47.5	27.8	-75.5	3.2	
32.8	42.6	-95.2	-4.1	
3.2	35.2	-41.0	0.8	
0.8	32.8	-23.8	0.8	
15.5	45.1	-9.1	-4.1	
0.8	45.1	15.5	3.2	
-26.3	47.5	42.6	13.1	
-92.7	37.7	45.1	-4.1	
-58.3	30.3	18.0	-4.1	
-4.1	32.8	5.7	-1.7	
5.7	42.6	15.5	3.2	
20.5	35.2	15.5	5.7	
67.2	40.1	20.5	5.7	
74.6	37.7	15.5	3.2	
82.0	40.1	8.2	3.2	
99.2	15.5	-23.8	8.2	
40.1	18.0	-14.0	8.2	
30.3	27.8	0.8	0.8	
72.1	27.8	15.5	8.2	
118.9	25.4	30.3	8.2	
131.2	35.2	57.4	-6.6	
67.2	30.3	35.2	-1.7	
50.0	35.2	25.4	5.7	
20.5	25.4	40.1	8.2	
20.5	30.3	42.6	8.2	
15.5	37.7	18.0	8.2	
13.1	22.9	20.5	5.7	
20.5	18.0	8.2	5.7	
22.9	30.3	-18.9	5.7	
18.0	32.8	-4.1	-6.6	
3.2	30.3	-14.0	-16.4	
5.7	18.0	-9.1	-1.7	
-6.6	20.5	-6.6	-18.9	
-9.1	22.9	8.2	-11.5	
18.0	30.3	0.8	-1.7	
8.2	35.2	3.2	-4.1	
-1.7	30.3	-1.7	15.5	
0.8	18.0	18.0	25.4	
3.2	27.8	25.4	5.7	
20.5	27.8	0.8	-4.1	
22.9	25.4	-1.7	13.1	
10.6	42.6	8.2	37.7	
25.4	40.1	3.2	0.8	
25.4	42.6	3.2	-1.7	
25.4	47.5	-4.1	3.2	
20.5	40.1	-14.0	5.7	
18.0	30.3	-1.7	8.2	
22.9	25.4	0.8	-1.7	
18.0	32.8	22.9	-14.0	
10.6	32.8	15.5	-14.0	
18.0	30.3	-4.1	-4.1	
22.9	35.2	-6.6	27.8	
20.5	25.4	-11.5	27.8	
15.5	42.6	-14.0	0.8	
25.4	40.1	-6.6	15.5	
15.5	40.1	-18.9	20.5	
13.1	47.5	-9.1	5.7	
20.5	45.1	8.2	-6.6	
18.0	32.8	-6.6	10.6	
18.0	32.8	27.8	3.2	
3.2	27.8	59.8	25.4	
0.8	10.6	69.7	10.6	
-9.1	8.2	15.5	-1.7	
13.1	22.9	8.2	-6.6	
20.5	27.8	-11.5	3.2	
18.0	35.2	-9.1	10.6	
5.7	45.1	25.4	-1.7	
0.8	30.3	20.5	-1.7	
0.8	27.8	13.1	-1.7	
3.2	45.1	15.5	3.2	
8.2	32.8	5.7	-9.1	
8.2	25.4	-4.1	3.2	
-9.1	27.8	-31.2	3.2	
-14.0	32.8	-11.5	20.5	
3.2	30.3	35.2	10.6	
-4.1	25.4	40.1	13.1	
10.6	32.8	59.8	15.5	
-9.1	35.2	62.3	5.7	
-11.5	35.2	27.8	-4.1	
-23.8	42.6	8.2	13.1	
-36.1	40.1	3.2	15.5	
-38.6	37.7	-26.3	0.8	
-18.9	37.7	-38.6	5.7	
-21.4	35.2	-23.8	10.6	
-14.0	35.2	0.8	-1.7	
8.2	30.3	0.8	-9.1	
54.9	32.8	18.0	-4.1	
86.9	27.8	8.2	0.8	
69.7	40.1	-18.9	5.7	
57.4	32.8	-80.4	-4.1	
47.5	32.8	-58.3	-4.1	
32.8	37.7	-4.1	0.8	
22.9	35.2	0.8	0.8	
25.4	30.3	37.7	3.2	
15.5	32.8	69.7	-11.5	
13.1	35.2	101.6	-1.7	
-9.1	35.2	50.0	8.2	
-14.0	30.3	20.5	10.6	
5.7	30.3	-1.7	0.8	
22.9	35.2	-11.5	3.2	
35.2	30.3	-23.8	8.2	
8.2	35.2	-21.4	8.2	
-26.3	30.3	-1.7	0.8	
5.7	40.1	-4.1	10.6	
10.6	22.9	3.2	10.6	
32.8	35.2	18.0	-9.1	
32.8	15.5	37.7	5.7	
-9.1	32.8	20.5	10.6	
-36.1	30.3	13.1	8.2	
-31.2	27.8	25.4	13.1	
-16.4	22.9	20.5	18.0	
-9.1	18.0	22.9	15.5	
13.1	45.1	8.2	27.8	
35.2	25.4	-4.1	10.6	
59.8	27.8	3.2	5.7	
84.4	37.7	20.5	-1.7	
54.9	40.1	-6.6	3.2	
47.5	25.4	-9.1	10.6	
45.1	15.5	-6.6	10.6	
30.3	45.1	5.7	5.7	
27.8	35.2	10.6	-1.7	
67.2	37.7	-4.1	-6.6	
47.5	37.7	3.2	10.6	
22.9	37.7	13.1	10.6	
25.4	40.1	0.8	3.2	
37.7	32.8	-9.1	0.8	
35.2	37.7	15.5	10.6	
37.7	42.6	10.6	8.2	
45.1	30.3	8.2	-6.6	
42.6	35.2	5.7	-9.1	
20.5	50.0	-1.7	-4.1	
42.6	42.6	-1.7	18.0	
35.2	25.4	-14.0	10.6	
8.2	37.7	0.8	3.2	
13.1	20.5	13.1	10.6	
3.2	3.2	18.0	3.2	
-21.4	20.5	20.5	3.2	
-36.1	15.5	15.5	-6.6	
-58.3	30.3	10.6	3.2	
-50.9	20.5	3.2	0.8	
-1.7	30.3	18.0	3.2	
27.8	15.5	32.8	0.8	
40.1	22.9	25.4	5.7	
27.8	32.8	15.5	5.7	
-11.5	35.2	-11.5	13.1	
-1.7	40.1	3.2	10.6	
-9.1	37.7	5.7	3.2	
0.8	40.1	-31.2	8.2	
8.2	22.9	-46.0	0.8	
13.1	35.2	-46.0	13.1	
22.9	27.8	-46.0	20.5	
10.6	42.6	-50.9	5.7	
-50.9	27.8	-38.6	0.8	
-77.9	42.6	-18.9	0.8	
-75.5	30.3	15.5	3.2	
-16.4	35.2	89.3	3.2	
67.2	32.8	104.1	-1.7	
74.6	37.7	99.2	0.8	
72.1	30.3	67.2	-4.1	
47.5	30.3	77.0	-4.1	
30.3	40.1	42.6	3.2	
25.4	37.7	-36.1	-4.1	
30.3	35.2	-9.1	10.6	
40.1	30.3	35.2	22.9	
25.4	25.4	45.1	22.9	
-33.7	40.1	40.1	3.2	
-65.6	27.8	30.3	-14.0	
-55.8	27.8	47.5	-9.1	
-33.7	30.3	32.8	5.7	
27.8	47.5	-21.4	5.7	
69.7	40.1	-14.0	-1.7	
59.8	42.6	-43.5	-16.4	
69.7	40.1	-36.1	-4.1	
52.4	50.0	-21.4	-4.1	
27.8	45.1	-1.7	3.2	
15.5	40.1	-9.1	15.5	
3.2	25.4	5.7	22.9	
-23.8	20.5	-11.5	27.8	
32.8	35.2	-50.9	42.6	
47.5	37.7	-41.0	22.9	
62.3	50.0	-28.7	5.7	
57.4	32.8	-9.1	3.2	
27.8	40.1	-9.1	3.2	
10.6	30.3	-6.6	8.2	
-4.1	22.9	-1.7	8.2	
22.9	-14.0	0.8	5.7	
45.1	-9.1	3.2	5.7	
0.8	-18.9	-6.6	-6.6	
-58.3	-1.7	0.8	-4.1	
-105.0	5.7	30.3	0.8	
-109.9	13.1	42.6	-1.7	
-107.5	22.9	25.4	-4.1	
-21.4	22.9	0.8	20.5	
77.0	37.7	-4.1	15.5	
106.6	27.8	-4.1	-1.7	
106.6	20.5	13.1	5.7	
99.2	18.0	10.6	5.7	
59.8	10.6	-4.1	0.8	
52.4	3.2	-16.4	-4.1	
40.1	3.2	-6.6	-9.1	
52.4	22.9	18.0	-6.6	
-4.1	35.2	22.9	5.7	
-23.8	25.4	-1.7	10.6	
-105.0	10.6	-9.1	10.6	
-119.8	15.5	-6.6	0.8	
-58.3	18.0	-6.6	-4.1	
54.9	18.0	-14.0	-4.1	
150.8	20.5	-16.4	-4.1	
94.3	22.9	5.7	0.8	
52.4	42.6	13.1	18.0	
27.8	57.4	52.4	30.3	
20.5	54.9	25.4	13.1	
8.2	52.4	32.8	20.5	
-33.7	47.5	30.3	15.5	
-70.6	57.4	27.8	13.1	
-80.4	64.7	15.5	13.1	
-46.0	77.0	20.5	3.2	
20.5	54.9	25.4	3.2	
77.0	77.0	47.5	5.7	
109.0	79.5	27.8	20.5	
143.5	74.6	3.2	18.0	
113.9	74.6	-1.7	5.7	
96.7	74.6	-11.5	8.2	
82.0	77.0	-11.5	10.6	
54.9	69.7	-36.1	3.2	
30.3	59.8	-18.9	8.2	
13.1	52.4	-6.6	3.2	
32.8	59.8	-14.0	13.1	
20.5	50.0	15.5	13.1	
-1.7	52.4	18.0	5.7	
-1.7	45.1	35.2	10.6	
5.7	30.3	25.4	10.6	
20.5	40.1	27.8	10.6	
32.8	32.8	27.8	3.2	
15.5	40.1	37.7	13.1	
15.5	42.6	32.8	5.7	
8.2	32.8	18.0	-1.7	
0.8	25.4	13.1	-11.5	
3.2	37.7	-9.1	-6.6	
0.8	32.8	-11.5	5.7	
5.7	35.2	10.6	-1.7	
-1.7	35.2	0.8	5.7	
-6.6	25.4	5.7	13.1	
-23.8	30.3	20.5	5.7	
-11.5	27.8	27.8	-6.6	
3.2	20.5	18.0	-11.5	
20.5	25.4	13.1	0.8	
42.6	35.2	-4.1	5.7	
52.4	35.2	0.8	10.6	
42.6	25.4	3.2	3.2	
35.2	32.8	-11.5	13.1	
22.9	30.3	0.8	5.7	
27.8	35.2	8.2	-11.5	
20.5	18.0	-21.4	20.5	
37.7	30.3	-11.5	20.5	
18.0	25.4	10.6	0.8	
3.2	37.7	5.7	0.8	
-16.4	40.1	3.2	10.6	
-14.0	35.2	-1.7	-6.6	
15.5	37.7	18.0	15.5	
52.4	18.0	20.5	-21.4	
64.7	0.8	20.5	-28.7	
62.3	5.7	0.8	-4.1	
62.3	22.9	8.2	5.7	
-4.1	32.8	30.3	13.1	
-21.4	40.1	59.8	27.8	
-4.1	35.2	35.2	27.8	
22.9	27.8	5.7	10.6	
45.1	27.8	-4.1	-1.7	
57.4	32.8	-4.1	-4.1	
40.1	45.1	-4.1	5.7	
50.0	25.4	8.2	18.0	
62.3	37.7	32.8	15.5	
69.7	32.8	37.7	0.8	
64.7	25.4	15.5	-9.1	
52.4	40.1	5.7	0.8	
52.4	57.4	-18.9	25.4	
30.3	50.0	-26.3	27.8	
40.1	35.2	-36.1	22.9	
3.2	20.5	-28.7	10.6	
-77.9	32.8	-60.7	22.9	
-183.7	20.5	-80.4	25.4	
-154.2	0.8	-11.5	8.2	
-21.4	22.9	99.2	0.8	
143.5	37.7	145.9	-6.6	
278.8	25.4	123.8	8.2	
244.3	35.2	82.0	-6.6	
190.2	25.4	45.1	5.7	
111.5	35.2	20.5	3.2	
77.0	37.7	5.7	20.5	
54.9	30.3	-65.6	30.3	
20.5	37.7	-50.9	27.8	
40.1	30.3	-31.2	8.2	
37.7	32.8	8.2	-4.1	
42.6	27.8	13.1	0.8	
50.0	47.5	0.8	10.6	
64.7	22.9	-6.6	15.5	
57.4	35.2	10.6	0.8	
82.0	20.5	13.1	-4.1	
72.1	30.3	20.5	5.7	
67.2	32.8	8.2	3.2	
59.8	27.8	-14.0	5.7	
35.2	37.7	-11.5	0.8	
50.0	25.4	0.8	5.7	
64.7	40.1	15.5	3.2	
62.3	42.6	13.1	-6.6	
59.8	37.7	-1.7	-9.1	
42.6	27.8	10.6	-1.7	
32.8	42.6	0.8	13.1	
8.2	40.1	-1.7	10.6	
-23.8	37.7	32.8	13.1	
-21.4	35.2	45.1	20.5	
-28.7	20.5	22.9	8.2	
-36.1	35.2	3.2	5.7	
-33.7	45.1	0.8	-14.0	
-23.8	37.7	-6.6	-14.0	
-18.9	37.7	-16.4	-1.7	
-14.0	40.1	-21.4	-9.1	
-9.1	32.8	0.8	5.7	
-23.8	20.5	18.0	0.8	
-28.7	27.8	35.2	-6.6	
-36.1	22.9	25.4	10.6	
-38.6	35.2	50.0	25.4	
-18.9	52.4	50.0	3.2	
-9.1	45.1	27.8	-11.5	
-11.5	40.1	-4.1	15.5	
-18.9	18.0	-6.6	22.9	
-21.4	20.5	-28.7	27.8	
-21.4	18.0	-28.7	18.0	
-16.4	18.0	-6.6	10.6	
3.2	15.5	-21.4	0.8	
-50.9	27.8	-16.4	5.7	
-73.0	32.8	-16.4	13.1	
-58.3	20.5	13.1	5.7	
-1.7	18.0	72.1	8.2	
8.2	20.5	54.9	15.5	
32.8	30.3	25.4	13.1	
30.3	30.3	5.7	15.5	
5.7	32.8	5.7	22.9	
5.7	35.2	3.2	27.8	
27.8	32.8	-11.5	13.1	
40.1	27.8	-16.4	18.0	
27.8	35.2	3.2	20.5	
-11.5	27.8	20.5	22.9	
-73.0	42.6	20.5	15.5	
-95.2	40.1	5.7	22.9	
-68.1	45.1	0.8	18.0	
-11.5	42.6	37.7	22.9	
50.0	37.7	35.2	15.5	
82.0	40.1	-9.1	18.0	
84.4	22.9	-14.0	27.8	
30.3	45.1	8.2	27.8	
3.2	35.2	13.1	8.2	
-6.6	32.8	37.7	15.5	
45.1	37.7	69.7	8.2	
82.0	30.3	45.1	8.2	
86.9	37.7	18.0	3.2	
99.2	18.0	3.2	18.0	
104.1	10.6	-14.0	18.0	
82.0	20.5	18.0	35.2	
32.8	18.0	15.5	15.5	
-11.5	20.5	22.9	22.9	
-18.9	8.2	15.5	18.0	
-4.1	18.0	25.4	15.5	
27.8	13.1	18.0	15.5	
99.2	30.3	18.0	15.5	
64.7	35.2	25.4	25.4	
30.3	27.8	40.1	27.8	
0.8	27.8	35.2	15.5	
-4.1	35.2	20.5	15.5	
8.2	25.4	-1.7	18.0	
22.9	27.8	-4.1	20.5	
20.5	22.9	-16.4	5.7	
5.7	30.3	-9.1	3.2	
0.8	30.3	-18.9	10.6	
-9.1	22.9	-46.0	10.6	
-21.4	25.4	-41.0	18.0	
-18.9	22.9	-14.0	15.5	
-16.4	25.4	13.1	25.4	
-21.4	25.4	32.8	22.9	
-18.9	37.7	54.9	27.8	
-18.9	30.3	42.6	8.2	
-23.8	25.4	45.1	-1.7	
-4.1	25.4	22.9	3.2	
15.5	32.8	15.5	3.2	
47.5	32.8	15.5	5.7	
77.0	45.1	22.9	15.5	
67.2	47.5	20.5	3.2	
50.0	40.1	50.0	13.1	
30.3	40.1	54.9	0.8	
15.5	47.5	15.5	3.2	
18.0	20.5	-9.1	-6.6	
0.8	10.6	0.8	-14.0	
-16.4	-4.1	32.8	-1.7	
-23.8	-4.1	37.7	5.7	
-18.9	18.0	-11.5	18.0	
5.7	8.2	-53.3	27.8	
27.8	5.7	-33.7	35.2	
47.5	5.7	0.8	18.0	
54.9	20.5	0.8	22.9	
30.3	35.2	-1.7	22.9	
10.6	37.7	18.0	5.7	
8.2	47.5	15.5	0.8	
13.1	40.1	22.9	13.1	
15.5	30.3	22.9	20.5	
10.6	20.5	8.2	18.0	
5.7	30.3	-1.7	18.0	
-6.6	25.4	20.5	-9.1	
-4.1	15.5	8.2	-21.4	
0.8	30.3	0.8	-9.1	
0.8	22.9	-33.7	5.7	
-1.7	13.1	-18.9	8.2	
-4.1	32.8	30.3	18.0	
-21.4	27.8	35.2	40.1	
-18.9	35.2	27.8	13.1	
-18.9	35.2	10.6	18.0	
-46.0	37.7	-6.6	15.5	
-41.0	42.6	-4.1	27.8	
-23.8	42.6	15.5	25.4	
-18.9	42.6	35.2	10.6	
-14.0	50.0	-9.1	18.0	
8.2	47.5	-31.2	5.7	
-21.4	32.8	-28.7	5.7	
-9.1	35.2	20.5	5.7	
-9.1	25.4	-4.1	18.0	
0.8	18.0	3.2	45.1	
3.2	10.6	25.4	37.7	
27.8	18.0	22.9	-6.6	
52.4	32.8	22.9	-23.8	
37.7	30.3	42.6	-14.0	
20.5	32.8	40.1	0.8	
37.7	30.3	15.5	8.2	
5.7	35.2	0.8	15.5	
18.0	22.9	-9.1	27.8	
20.5	32.8	8.2	32.8	
-1.7	35.2	-6.6	10.6	
-38.6	25.4	-1.7	13.1	
-85.3	32.8	25.4	8.2	
-159.1	32.8	40.1	3.2	
-137.0	35.2	20.5	8.2	
-55.8	40.1	0.8	0.8	
99.2	32.8	-1.7	0.8	
212.3	25.4	8.2	0.8	
207.4	37.7	8.2	3.2	
111.5	35.2	3.2	0.8	
52.4	15.5	15.5	20.5	
30.3	5.7	45.1	8.2	
22.9	40.1	37.7	-4.1	
-9.1	45.1	22.9	0.8	
-21.4	35.2	-1.7	0.8	
-38.6	22.9	0.8	-6.6	
-38.6	22.9	18.0	5.7	
-41.0	32.8	20.5	8.2	
-46.0	22.9	10.6	5.7	
-4.1	22.9	-6.6	5.7	
3.2	35.2	5.7	22.9	
18.0	22.9	22.9	27.8	
45.1	27.8	30.3	5.7	
35.2	47.5	22.9	5.7	
30.3	42.6	18.0	3.2	
3.2	42.6	-4.1	-1.7	
-38.6	27.8	8.2	0.8	
-23.8	5.7	-1.7	8.2	
5.7	18.0	0.8	-4.1	
-6.6	27.8	13.1	3.2	
-48.4	40.1	30.3	15.5	
-73.0	40.1	30.3	13.1	
-65.6	42.6	30.3	27.8	
-60.7	18.0	15.5	8.2	
-36.1	18.0	25.4	0.8	
3.2	15.5	8.2	15.5	
-4.1	20.5	-1.7	27.8	
15.5	30.3	-26.3	25.4	
20.5	35.2	-26.3	10.6	
-1.7	32.8	-16.4	13.1	
-18.9	30.3	-6.6	20.5	
-16.4	25.4	13.1	32.8	
-4.1	40.1	15.5	0.8	
-9.1	22.9	18.0	0.8	
-6.6	32.8	15.5	3.2	
-11.5	22.9	42.6	8.2	
-11.5	25.4	59.8	13.1	
-14.0	32.8	3.2	18.0	
-9.1	30.3	3.2	10.6	
-21.4	42.6	10.6	-16.4	
-6.6	27.8	-18.9	5.7	
-6.6	42.6	-48.4	-1.7	
-18.9	40.1	-38.6	0.8	
-41.0	32.8	3.2	8.2	
-23.8	30.3	40.1	-1.7	
-16.4	32.8	27.8	0.8	
-21.4	35.2	8.2	8.2	
22.9	37.7	-11.5	-1.7	
57.4	40.1	10.6	0.8	
94.3	32.8	20.5	3.2	
91.8	30.3	18.0	-4.1	
91.8	27.8	-4.1	10.6	
72.1	35.2	-18.9	15.5	
64.7	37.7	-11.5	-1.7	
77.0	27.8	5.7	-6.6	
72.1	32.8	15.5	-1.7	
84.4	15.5	42.6	3.2	
79.5	20.5	74.6	-1.7	
67.2	35.2	35.2	3.2	
57.4	32.8	15.5	15.5	
45.1	45.1	40.1	22.9	
30.3	35.2	15.5	15.5	
40.1	50.0	-6.6	22.9	
27.8	45.1	-48.4	18.0	
25.4	42.6	-21.4	18.0	
5.7	30.3	-6.6	18.0	
-4.1	22.9	-9.1	15.5	
-4.1	30.3	-9.1	15.5	
22.9	27.8	-14.0	13.1	
42.6	35.2	5.7	3.2	
59.8	35.2	-1.7	3.2	
91.8	37.7	3.2	-6.6	
82.0	40.1	18.0	-1.7	
59.8	52.4	3.2	3.2	
47.5	32.8	-4.1	18.0	
22.9	32.8	5.7	13.1	
32.8	54.9	5.7	8.2	
32.8	37.7	22.9	5.7	
5.7	32.8	27.8	10.6	
-4.1	30.3	45.1	-6.6	
5.7	37.7	57.4	0.8	
-9.1	40.1	25.4	-4.1	
-23.8	27.8	-9.1	-1.7	
-31.2	30.3	-9.1	5.7	
-55.8	25.4	0.8	-1.7	
-75.5	32.8	-4.1	-4.1	
-55.8	32.8	0.8	3.2	
8.2	45.1	5.7	0.8	
77.0	40.1	25.4	-1.7	
91.8	32.8	5.7	0.8	
74.6	20.5	-1.7	-1.7	
27.8	30.3	25.4	10.6	
22.9	35.2	27.8	10.6	
-16.4	27.8	18.0	15.5	
-48.4	27.8	20.5	22.9	
-31.2	27.8	3.2	10.6	
10.6	15.5	0.8	5.7	
37.7	22.9	18.0	8.2	
47.5	25.4	10.6	13.1	
13.1	30.3	0.8	3.2	
8.2	35.2	-1.7	0.8	
0.8	25.4	3.2	-11.5	
-9.1	32.8	5.7	5.7	
8.2	30.3	-1.7	5.7	
32.8	35.2	8.2	-18.9	
40.1	37.7	-4.1	-4.1	
-18.9	45.1	-9.1	0.8	
-48.4	40.1	-4.1	-1.7	
-82.9	27.8	-1.7	40.1	
-55.8	8.2	8.2	25.4	
-1.7	18.0	27.8	13.1	
77.0	40.1	32.8	-6.6	
163.1	42.6	47.5	0.8	
136.1	35.2	35.2	8.2	
57.4	27.8	18.0	-4.1	
47.5	32.8	5.7	3.2	
50.0	32.8	-1.7	22.9	
18.0	25.4	-21.4	20.5	
8.2	47.5	-26.3	13.1	
25.4	40.1	-1.7	35.2	
10.6	32.8	-1.7	37.7	
22.9	42.6	-14.0	-1.7	
8.2	37.7	-6.6	-1.7	
-9.1	22.9	-9.1	5.7	
-4.1	13.1	-18.9	5.7	
-11.5	8.2	-9.1	0.8	
3.2	30.3	-16.4	-6.6	
-11.5	42.6	-14.0	8.2	
-18.9	30.3	-11.5	8.2	
-23.8	30.3	20.5	18.0	
-21.4	27.8	37.7	25.4	
-16.4	30.3	47.5	18.0	
-18.9	35.2	47.5	5.7	
-16.4	27.8	27.8	3.2	
-9.1	18.0	15.5	5.7	
-14.0	35.2	30.3	-6.6	
-21.4	45.1	27.8	-4.1	
-4.1	27.8	0.8	-18.9	
-4.1	37.7	-16.4	-9.1	
-4.1	27.8	-38.6	-1.7	
0.8	22.9	-38.6	3.2	
-1.7	27.8	-43.5	10.6	
-4.1	27.8	-38.6	27.8	
-6.6	25.4	5.7	20.5	
0.8	32.8	27.8	5.7	
3.2	30.3	5.7	-4.1	
20.5	37.7	-6.6	13.1	
30.3	30.3	0.8	-11.5	
18.0	30.3	3.2	8.2	
0.8	27.8	5.7	20.5	
-28.7	35.2	35.2	32.8	
-21.4	42.6	62.3	27.8	
-14.0	27.8	40.1	15.5	
8.2	27.8	3.2	10.6	
22.9	30.3	8.2	8.2	
13.1	32.8	-6.6	0.8	
37.7	27.8	3.2	0.8	
32.8	40.1	32.8	10.6	
30.3	35.2	47.5	5.7	
8.2	37.7	40.1	3.2	
-21.4	37.7	37.7	10.6	
-70.6	25.4	27.8	5.7	
-65.6	35.2	35.2	0.8	
-21.4	30.3	-14.0	3.2	
30.3	40.1	-58.3	3.2	
67.2	42.6	-6.6	-6.6	
82.0	40.1	10.6	5.7	
64.7	25.4	-4.1	-6.6	
22.9	22.9	0.8	-1.7	
13.1	22.9	3.2	-4.1	
-1.7	25.4	27.8	10.6	
5.7	18.0	35.2	-9.1	
54.9	30.3	3.2	10.6	
37.7	18.0	-14.0	8.2	
27.8	20.5	-38.6	0.8	
27.8	22.9	-31.2	3.2	
27.8	30.3	-14.0	-1.7	
45.1	32.8	-6.6	-9.1	
42.6	37.7	-18.9	0.8	
42.6	30.3	-14.0	3.2	
42.6	40.1	8.2	0.8	
27.8	35.2	25.4	5.7	
54.9	42.6	20.5	8.2	
20.5	32.8	8.2	18.0	
8.2	42.6	0.8	20.5	
-11.5	47.5	8.2	10.6	
-4.1	45.1	10.6	-9.1	
13.1	40.1	3.2	5.7	
22.9	32.8	13.1	8.2	
13.1	13.1	22.9	-4.1	
8.2	35.2	18.0	8.2	
8.2	40.1	8.2	5.7	
13.1	27.8	-14.0	8.2	
25.4	37.7	-9.1	18.0	
18.0	18.0	0.8	13.1	
15.5	25.4	25.4	10.6	
22.9	35.2	-16.4	-1.7	
35.2	20.5	-38.6	8.2	
32.8	32.8	-28.7	3.2	
20.5	27.8	10.6	-4.1	
3.2	25.4	3.2	-1.7	
-26.3	27.8	-9.1	8.2	
-23.8	45.1	-4.1	-1.7	
-4.1	37.7	10.6	8.2	
15.5	37.7	0.8	5.7	
89.3	13.1	-1.7	10.6	
123.8	8.2	-23.8	13.1	
79.5	22.9	3.2	18.0	
52.4	25.4	-6.6	10.6	
32.8	27.8	-23.8	10.6	
20.5	35.2	-31.2	5.7	
10.6	32.8	-16.4	3.2	
3.2	37.7	-16.4	3.2	
-6.6	32.8	-14.0	0.8	
8.2	37.7	20.5	3.2	
-23.8	18.0	32.8	-4.1	
-11.5	27.8	50.0	-6.6	
15.5	30.3	59.8	-1.7	
42.6	25.4	37.7	8.2	
52.4	35.2	27.8	10.6	
52.4	40.1	10.6	15.5	
45.1	30.3	-4.1	8.2	
5.7	27.8	-11.5	0.8	
-21.4	30.3	5.7	-1.7	
-50.9	32.8	0.8	-9.1	
-80.4	47.5	-4.1	3.2	
-46.0	40.1	3.2	5.7	
-4.1	25.4	3.2	15.5	
47.5	27.8	-21.4	3.2	
94.3	30.3	-18.9	0.8	
54.9	35.2	-9.1	20.5	
25.4	25.4	-14.0	20.5	
25.4	40.1	-11.5	-4.1	
-6.6	18.0	-11.5	-4.1	
-21.4	27.8	-26.3	5.7	
15.5	35.2	3.2	0.8	
64.7	37.7	15.5	35.2	
126.2	37.7	50.0	18.0	
111.5	32.8	57.4	18.0	
72.1	37.7	32.8	8.2	
69.7	35.2	22.9	5.7	
64.7	40.1	-6.6	5.7	
62.3	25.4	-9.1	10.6	
22.9	27.8	-4.1	-4.1	
5.7	25.4	-18.9	5.7	
0.8	35.2	-1.7	13.1	
-14.0	32.8	-31.2	15.5	
-63.2	30.3	-38.6	5.7	
-95.2	27.8	-21.4	-11.5	
-65.6	32.8	22.9	0.8	
25.4	27.8	20.5	-11.5	
84.4	20.5	5.7	-6.6	
82.0	15.5	0.8	8.2	
94.3	18.0	8.2	10.6	
69.7	15.5	10.6	13.1	
42.6	18.0	10.6	40.1	
37.7	27.8	18.0	22.9	
50.0	22.9	57.4	5.7	
47.5	27.8	27.8	-4.1	
27.8	37.7	-21.4	-11.5	
37.7	32.8	-38.6	-6.6	
40.1	35.2	-41.0	-1.7	
25.4	20.5	-46.0	15.5	
8.2	40.1	-14.0	15.5	
-21.4	35.2	-21.4	8.2	
-31.2	35.2	-18.9	5.7	
-1.7	35.2	-14.0	5.7	
27.8	20.5	8.2	8.2	
40.1	22.9	37.7	10.6	
30.3	20.5	35.2	18.0	
27.8	27.8	18.0	10.6	
0.8	30.3	25.4	-6.6	
20.5	40.1	64.7	-9.1	
15.5	27.8	79.5	-6.6	
-28.7	32.8	74.6	-6.6	
-23.8	40.1	37.7	-16.4	
5.7	32.8	22.9	-1.7	
18.0	25.4	30.3	-11.5	
32.8	25.4	37.7	-9.1	
54.9	25.4	18.0	15.5	
111.5	40.1	3.2	25.4	
101.6	32.8	-38.6	30.3	
89.3	35.2	-53.3	20.5	
47.5	40.1	-31.2	10.6	
27.8	25.4	-38.6	5.7	
3.2	30.3	-14.0	5.7	
-1.7	27.8	8.2	0.8	
-4.1	30.3	18.0	8.2	
-1.7	25.4	10.6	8.2	
22.9	30.3	10.6	18.0	
13.1	40.1	3.2	0.8	
-4.1	27.8	18.0	5.7	
-48.4	27.8	18.0	13.1	
-26.3	27.8	10.6	3.2	
22.9	32.8	-14.0	10.6	
77.0	37.7	-21.4	-1.7	
131.2	32.8	-28.7	-1.7	
101.6	18.0	-6.6	5.7	
57.4	22.9	-9.1	3.2	
22.9	20.5	-1.7	-4.1	
8.2	22.9	3.2	8.2	
-1.7	20.5	-9.1	3.2	
-16.4	25.4	0.8	5.7	
-33.7	32.8	0.8	8.2	
-6.6	40.1	-6.6	-4.1	
25.4	27.8	0.8	8.2	
25.4	20.5	-6.6	10.6	
27.8	32.8	-16.4	5.7	
45.1	47.5	-4.1	-11.5	
72.1	27.8	3.2	0.8	
62.3	22.9	30.3	3.2	
47.5	25.4	22.9	13.1	
30.3	20.5	18.0	10.6	
20.5	37.7	25.4	10.6	
25.4	37.7	10.6	5.7	
-4.1	37.7	8.2	0.8	
-23.8	32.8	-1.7	5.7	
-14.0	20.5	-6.6	8.2	
-16.4	27.8	0.8	3.2	
-4.1	37.7	-6.6	15.5	
5.7	27.8	-16.4	13.1	
8.2	27.8	-9.1	15.5	
18.0	30.3	0.8	10.6	
22.9	37.7	18.0	8.2	
18.0	32.8	35.2	13.1	
5.7	35.2	10.6	18.0	
25.4	20.5	32.8	13.1	
30.3	20.5	45.1	5.7	
54.9	25.4	35.2	15.5	
50.0	42.6	40.1	15.5	
30.3	37.7	18.0	13.1	
0.8	45.1	-1.7	8.2	
-6.6	47.5	0.8	-1.7	
8.2	18.0	15.5	8.2	
22.9	25.4	35.2	13.1	
47.5	35.2	27.8	3.2	
30.3	27.8	5.7	-6.6	
15.5	25.4	-36.1	0.8	
18.0	25.4	-21.4	-6.6	
8.2	40.1	15.5	-1.7	
13.1	47.5	15.5	0.8	
22.9	30.3	-1.7	13.1	
15.5	20.5	0.8	30.3	
27.8	27.8	-9.1	18.0	
25.4	27.8	-9.1	3.2	
15.5	15.5	-14.0	-14.0	
25.4	27.8	-6.6	-16.4	
15.5	32.8	-1.7	-6.6	
-4.1	37.7	5.7	-4.1	
-11.5	32.8	42.6	22.9	
3.2	30.3	45.1	37.7	
25.4	30.3	50.0	25.4	
50.0	35.2	22.9	13.1	
47.5	32.8	15.5	15.5	
32.8	25.4	37.7	27.8	
27.8	37.7	25.4	8.2	
5.7	35.2	18.0	-21.4	
-18.9	32.8	-1.7	-14.0	
-43.5	27.8	-21.4	-6.6	
-23.8	45.1	-48.4	8.2	
27.8	20.5	-31.2	-6.6	
25.4	32.8	0.8	8.2	
22.9	20.5	-6.6	10.6	
77.0	27.8	-6.6	20.5	
94.3	27.8	-9.1	5.7	
77.0	30.3	-6.6	20.5	
42.6	42.6	8.2	0.8	
35.2	45.1	18.0	0.8	
35.2	35.2	40.1	-9.1	
13.1	40.1	47.5	8.2	
15.5	37.7	57.4	0.8	
18.0	32.8	57.4	20.5	
8.2	25.4	32.8	15.5	
15.5	18.0	5.7	5.7	
15.5	3.2	-16.4	10.6	
13.1	15.5	-6.6	3.2	
22.9	20.5	3.2	10.6	
22.9	20.5	5.7	10.6	
22.9	42.6	-14.0	3.2	
42.6	37.7	0.8	20.5	
45.1	30.3	15.5	15.5	
20.5	30.3	27.8	0.8	
22.9	37.7	52.4	-6.6	
47.5	27.8	62.3	-4.1	
52.4	40.1	52.4	-6.6	
50.0	22.9	20.5	8.2	
40.1	27.8	8.2	22.9	
10.6	45.1	-50.9	20.5	
-6.6	42.6	-38.6	25.4	
-18.9	22.9	-14.0	18.0	
-4.1	15.5	-50.9	18.0	
-16.4	20.5	-53.3	13.1	
-21.4	30.3	-21.4	10.6	
3.2	50.0	15.5	8.2	
45.1	35.2	25.4	-6.6	
57.4	30.3	22.9	15.5	
54.9	27.8	35.2	5.7	
42.6	35.2	35.2	3.2	
18.0	25.4	13.1	22.9	
-9.1	25.4	-9.1	27.8	
-16.4	30.3	-14.0	5.7	
-11.5	35.2	-14.0	-9.1	
20.5	37.7	-16.4	5.7	
30.3	40.1	22.9	0.8	
3.2	25.4	50.0	5.7	
-6.6	45.1	54.9	0.8	
-31.2	32.8	40.1	-1.7	
-48.4	35.2	40.1	-4.1	
-9.1	35.2	25.4	18.0	
54.9	37.7	8.2	18.0	
72.1	30.3	-11.5	18.0	
27.8	30.3	-16.4	8.2	
-14.0	35.2	-11.5	-1.7	
-9.1	25.4	8.2	5.7	
-18.9	30.3	20.5	-4.1	
-1.7	22.9	15.5	-1.7	
45.1	45.1	8.2	5.7	
84.4	35.2	18.0	5.7	
79.5	42.6	13.1	10.6	
62.3	32.8	3.2	3.2	
54.9	37.7	-6.6	0.8	
40.1	35.2	-14.0	0.8	
30.3	40.1	13.1	3.2	
-14.0	32.8	10.6	3.2	
-82.9	40.1	15.5	5.7	
-68.1	35.2	42.6	10.6	
-23.8	32.8	22.9	5.7	
20.5	22.9	8.2	18.0	
54.9	35.2	-9.1	3.2	
37.7	25.4	5.7	-6.6	
47.5	35.2	-11.5	-11.5	
45.1	40.1	8.2	-4.1	
27.8	30.3	13.1	-9.1	
37.7	37.7	30.3	-6.6	
18.0	37.7	22.9	0.8	
-33.7	25.4	13.1	20.5	
-48.4	27.8	-4.1	22.9	
-36.1	25.4	-4.1	8.2	
10.6	15.5	-6.6	-9.1	
50.0	20.5	-4.1	10.6	
79.5	22.9	13.1	20.5	
86.9	25.4	27.8	10.6	
67.2	32.8	22.9	13.1	
47.5	22.9	15.5	8.2	
45.1	18.0	18.0	3.2	
42.6	20.5	35.2	5.7	
37.7	22.9	27.8	5.7	
20.5	15.5	22.9	5.7	
25.4	22.9	22.9	0.8	
32.8	25.4	5.7	22.9	
32.8	8.2	8.2	35.2	
64.7	20.5	3.2	8.2	
45.1	15.5	3.2	30.3	
15.5	-11.5	15.5	37.7	
8.2	-11.5	20.5	22.9	
3.2	-14.0	18.0	35.2	
-4.1	15.5	10.6	13.1	
3.2	10.6	5.7	-16.4	
-11.5	15.5	5.7	-14.0	
-18.9	25.4	5.7	-4.1	
-6.6	18.0	-1.7	-16.4	
-11.5	20.5	-6.6	-11.5	
-26.3	22.9	-6.6	-11.5	
-11.5	22.9	3.2	0.8	
5.7	22.9	13.1	-6.6	
3.2	32.8	22.9	22.9	
30.3	35.2	32.8	32.8	
35.2	47.5	30.3	47.5	
35.2	42.6	8.2	42.6	
18.0	59.8	22.9	22.9	
-6.6	42.6	15.5	15.5	
-33.7	54.9	-1.7	3.2	
-26.3	52.4	-16.4	-6.6	
0.8	64.7	-9.1	-18.9	
22.9	62.3	-6.6	-18.9	
35.2	62.3	13.1	0.8	
27.8	72.1	37.7	3.2	
18.0	67.2	57.4	5.7	
20.5	69.7	47.5	-6.6	
-4.1	69.7	45.1	15.5	
3.2	59.8	15.5	10.6	
-9.1	69.7	-1.7	8.2	
8.2	59.8	-18.9	-6.6	
22.9	64.7	-9.1	18.0	
3.2	50.0	-38.6	15.5	
5.7	45.1	-28.7	8.2	
35.2	35.2	-1.7	0.8	
30.3	42.6	3.2	-9.1	
-1.7	35.2	-16.4	-1.7	
-38.6	35.2	0.8	-4.1	
-16.4	25.4	-11.5	-14.0	
30.3	37.7	8.2	-26.3	
52.4	30.3	25.4	-16.4	
32.8	25.4	27.8	-1.7	
37.7	25.4	8.2	8.2	
54.9	32.8	-6.6	30.3	
59.8	30.3	0.8	27.8	
50.0	30.3	8.2	10.6	
54.9	30.3	18.0	-9.1	
47.5	35.2	54.9	-33.7	
27.8	35.2	45.1	-16.4	
25.4	25.4	27.8	10.6	
18.0	27.8	13.1	0.8	
13.1	32.8	-6.6	8.2	
-9.1	25.4	-9.1	5.7	
-1.7	18.0	13.1	15.5	
8.2	25.4	25.4	20.5	
8.2	18.0	22.9	42.6	
47.5	27.8	5.7	5.7	
69.7	25.4	-1.7	-18.9	
67.2	20.5	0.8	-21.4	
42.6	25.4	35.2	-1.7	
37.7	10.6	52.4	10.6	
27.8	8.2	50.0	-6.6	
8.2	22.9	59.8	13.1	
0.8	25.4	22.9	37.7	
-6.6	25.4	32.8	47.5	
8.2	32.8	25.4	47.5	
20.5	20.5	20.5	42.6	
32.8	27.8	10.6	13.1	
42.6	20.5	-21.4	22.9	
8.2	25.4	-21.4	13.1	
-14.0	40.1	-50.9	5.7	
-16.4	22.9	-26.3	-55.8	
-16.4	25.4	-14.0	-53.3	
13.1	18.0	-18.9	-14.0	
42.6	32.8	0.8	45.1	
27.8	27.8	-6.6	82.0	
27.8	22.9	0.8	82.0	
30.3	30.3	-4.1	62.3	
20.5	32.8	5.7	57.4	
15.5	27.8	-6.6	47.5	
35.2	25.4	-4.1	94.3	
45.1	27.8	10.6	89.3	
54.9	32.8	15.5	-65.6	
10.6	25.4	8.2	-196.0	
0.8	40.1	0.8	-141.9	
-6.6	27.8	3.2	-58.3	
-1.7	27.8	13.1	-1.7	
25.4	20.5	13.1	5.7	
40.1	27.8	22.9	8.2	
42.6	37.7	27.8	-6.6	
20.5	32.8	20.5	-4.1	
30.3	27.8	30.3	-28.7	
47.5	27.8	35.2	-43.5	
50.0	32.8	27.8	-33.7	
27.8	35.2	5.7	-11.5	
37.7	35.2	-9.1	15.5	
30.3	22.9	-55.8	50.0	
37.7	37.7	-38.6	45.1	
32.8	30.3	25.4	57.4	
22.9	32.8	32.8	109.0	
15.5	20.5	32.8	106.6	
8.2	27.8	3.2	79.5	
-9.1	30.3	3.2	47.5	
3.2	40.1	-21.4	25.4	
5.7	37.7	-14.0	-18.9	
-4.1	30.3	-6.6	-90.2	
5.7	27.8	0.8	-134.5	
10.6	42.6	-9.1	-107.5	
22.9	35.2	-11.5	-36.1	
15.5	50.0	8.2	0.8	
13.1	37.7	0.8	22.9	
20.5	37.7	25.4	22.9	
13.1	20.5	0.8	20.5	
18.0	22.9	-4.1	18.0	
22.9	5.7	15.5	5.7	
8.2	15.5	42.6	-21.4	
-4.1	20.5	32.8	-41.0	
-16.4	27.8	18.0	-4.1	
-28.7	30.3	-11.5	32.8	
8.2	25.4	-1.7	64.7	
42.6	25.4	0.8	116.4	
72.1	25.4	15.5	52.4	
89.3	25.4	15.5	-23.8	
57.4	25.4	15.5	-36.1	
27.8	32.8	10.6	-14.0	
5.7	32.8	-4.1	5.7	
8.2	32.8	5.7	-1.7	
-14.0	22.9	3.2	-9.1	
-11.5	30.3	18.0	-6.6	
-11.5	20.5	5.7	3.2	
-4.1	27.8	-9.1	5.7	
-18.9	20.5	-6.6	8.2	
-21.4	30.3	-33.7	18.0	
-16.4	27.8	-16.4	3.2	
-21.4	25.4	13.1	15.5	
-9.1	32.8	32.8	10.6	
-28.7	32.8	20.5	-1.7	
10.6	27.8	25.4	-6.6	
59.8	32.8	5.7	-6.6	
62.3	20.5	-4.1	3.2	
57.4	27.8	25.4	5.7	
20.5	25.4	30.3	15.5	
0.8	30.3	0.8	15.5	
-14.0	30.3	-41.0	10.6	
-38.6	40.1	-55.8	3.2	
-31.2	37.7	-14.0	-4.1	
-53.3	30.3	18.0	-4.1	
-18.9	22.9	57.4	5.7	
32.8	32.8	52.4	5.7	
86.9	32.8	20.5	13.1	
118.9	27.8	35.2	0.8	
62.3	25.4	15.5	-1.7	
-9.1	25.4	-4.1	-1.7	
-46.0	15.5	-16.4	5.7	
-65.6	30.3	0.8	0.8	
-26.3	37.7	3.2	3.2	
27.8	27.8	-6.6	3.2	
57.4	35.2	-6.6	0.8	
62.3	40.1	3.2	-6.6	
50.0	37.7	-11.5	0.8	
3.2	30.3	-18.9	-4.1	
-23.8	18.0	-11.5	8.2	
-21.4	30.3	-6.6	-6.6	
13.1	27.8	-21.4	5.7	
94.3	35.2	-21.4	-4.1	
113.9	32.8	10.6	8.2	
96.7	40.1	18.0	5.7	
77.0	25.4	5.7	3.2	
62.3	35.2	32.8	-6.6	
27.8	50.0	59.8	-1.7	
3.2	30.3	54.9	-9.1	
-16.4	25.4	22.9	-1.7	
-38.6	27.8	10.6	0.8	
-33.7	25.4	3.2	5.7	
0.8	18.0	5.7	-9.1	
25.4	27.8	-6.6	-4.1	
15.5	35.2	25.4	3.2	
47.5	37.7	20.5	-16.4	
22.9	20.5	18.0	-4.1	
27.8	30.3	32.8	20.5	
20.5	27.8	32.8	27.8	
-1.7	35.2	27.8	18.0	
8.2	30.3	5.7	3.2	
3.2	22.9	-38.6	3.2	
-26.3	32.8	-18.9	0.8	
-4.1	25.4	-1.7	5.7	
20.5	25.4	-6.6	5.7	
22.9	32.8	-11.5	18.0	
47.5	22.9	13.1	3.2	
79.5	37.7	15.5	-4.1	
79.5	25.4	-26.3	0.8	
45.1	27.8	-14.0	5.7	
15.5	30.3	-14.0	5.7	
5.7	32.8	5.7	-1.7	
13.1	27.8	0.8	-4.1	
3.2	20.5	8.2	-1.7	
5.7	35.2	15.5	-6.6	
5.7	27.8	25.4	5.7	
-1.7	18.0	25.4	-18.9	
13.1	32.8	3.2	-18.9	
20.5	30.3	-11.5	-9.1	
8.2	27.8	-11.5	15.5	
-4.1	35.2	8.2	20.5	
-11.5	32.8	13.1	8.2	
-21.4	37.7	15.5	15.5	
-11.5	18.0	5.7	18.0	
-6.6	20.5	-1.7	35.2	
-1.7	25.4	-14.0	20.5	
5.7	27.8	-4.1	8.2	
50.0	20.5	-6.6	22.9	
20.5	32.8	8.2	18.0	
13.1	32.8	-1.7	3.2	
15.5	32.8	-4.1	-1.7	
0.8	30.3	-6.6	-16.4	
8.2	32.8	-1.7	5.7	
-21.4	40.1	8.2	5.7	
-11.5	30.3	25.4	10.6	
-21.4	30.3	22.9	-4.1	
-21.4	27.8	8.2	8.2	
-16.4	35.2	10.6	3.2	
-9.1	22.9	15.5	-4.1	
13.1	30.3	0.8	-4.1	
35.2	27.8	22.9	-4.1	
25.4	27.8	40.1	5.7	
13.1	27.8	50.0	-9.1	
-1.7	27.8	30.3	0.8	
-11.5	25.4	15.5	8.2	
-9.1	20.5	-6.6	0.8	
-6.6	30.3	-4.1	-1.7	
-23.8	25.4	15.5	5.7	
-1.7	27.8	13.1	3.2	
3.2	30.3	25.4	13.1	
5.7	35.2	-9.1	0.8	
57.4	35.2	-26.3	-4.1	
101.6	35.2	-26.3	0.8	
74.6	20.5	-21.4	-9.1	
27.8	27.8	-9.1	-1.7	
-9.1	20.5	-18.9	-4.1	
-9.1	37.7	-9.1	10.6	
-23.8	30.3	0.8	13.1	
0.8	18.0	18.0	5.7	
0.8	32.8	27.8	15.5	
-46.0	45.1	47.5	18.0	
-82.9	32.8	25.4	18.0	
-28.7	25.4	13.1	13.1	
0.8	35.2	8.2	5.7	
57.4	30.3	-4.1	3.2	
84.4	18.0	0.8	0.8	
91.8	18.0	-16.4	-1.7	
67.2	22.9	-9.1	-6.6	
25.4	20.5	5.7	15.5	
-23.8	37.7	20.5	3.2	
-16.4	22.9	20.5	3.2	
15.5	25.4	10.6	8.2	
82.0	35.2	-6.6	3.2	
158.2	30.3	3.2	5.7	
133.6	30.3	5.7	3.2	
118.9	30.3	20.5	8.2	
74.6	40.1	32.8	10.6	
25.4	32.8	20.5	8.2	
18.0	22.9	20.5	10.6	
0.8	32.8	10.6	5.7	
8.2	27.8	27.8	10.6	
22.9	30.3	25.4	5.7	
32.8	27.8	18.0	15.5	
32.8	32.8	13.1	8.2	
15.5	25.4	-11.5	15.5	
-1.7	35.2	-16.4	13.1	
-11.5	30.3	-14.0	5.7	
-6.6	35.2	-11.5	-4.1	
-6.6	40.1	-16.4	3.2	
-1.7	40.1	-58.3	0.8	
0.8	22.9	-38.6	5.7	
-33.7	35.2	-9.1	15.5	
-36.1	32.8	0.8	13.1	
-41.0	47.5	32.8	10.6	
-18.9	32.8	52.4	5.7	
5.7	20.5	37.7	13.1	
27.8	13.1	30.3	5.7	
40.1	27.8	22.9	-4.1	
30.3	22.9	10.6	3.2	
45.1	25.4	5.7	18.0	
62.3	32.8	18.0	5.7	
37.7	30.3	0.8	-1.7	
18.0	30.3	-33.7	10.6	
10.6	35.2	-38.6	-1.7	
15.5	32.8	-28.7	-1.7	
8.2	40.1	0.8	0.8	
8.2	25.4	27.8	3.2	
22.9	30.3	37.7	13.1	
13.1	27.8	8.2	18.0	
-1.7	32.8	0.8	5.7	
-6.6	30.3	-4.1	15.5	
-16.4	35.2	-16.4	-1.7	
-31.2	32.8	-18.9	5.7	
-41.0	32.8	-11.5	-9.1	
-1.7	30.3	5.7	5.7	
30.3	27.8	18.0	5.7	
54.9	35.2	27.8	3.2	
27.8	27.8	45.1	0.8	
13.1	40.1	30.3	10.6	
10.6	40.1	20.5	5.7	
-26.3	37.7	15.5	8.2	
-43.5	35.2	5.7	10.6	
3.2	27.8	8.2	3.2	
45.1	30.3	20.5	0.8	
57.4	25.4	3.2	-4.1	
40.1	40.1	-23.8	0.8	
45.1	42.6	5.7	8.2	
30.3	32.8	5.7	0.8	
5.7	30.3	5.7	-4.1	
-11.5	25.4	13.1	13.1	
-4.1	25.4	20.5	18.0	
10.6	25.4	-4.1	10.6	
32.8	20.5	-6.6	10.6	
50.0	27.8	8.2	18.0	
8.2	37.7	20.5	15.5	
-6.6	25.4	20.5	15.5	
5.7	42.6	18.0	-1.7	
27.8	32.8	20.5	-23.8	
32.8	35.2	35.2	-9.1	
18.0	32.8	25.4	-11.5	
0.8	45.1	25.4	-14.0	
-9.1	45.1	27.8	-6.6	
15.5	40.1	5.7	3.2	
32.8	52.4	-9.1	13.1	
40.1	27.8	-14.0	8.2	
37.7	30.3	-43.5	13.1	
-18.9	27.8	-109.9	8.2	
-65.6	27.8	-73.0	-4.1	
-58.3	25.4	-33.7	-14.0	
-16.4	27.8	-4.1	-1.7	
3.2	30.3	47.5	-1.7	
25.4	32.8	59.8	5.7	
3.2	42.6	37.7	0.8	
5.7	32.8	20.5	25.4	
22.9	22.9	3.2	20.5	
59.8	25.4	-9.1	8.2	
69.7	25.4	-4.1	13.1	
106.6	22.9	-6.6	5.7	
94.3	27.8	-18.9	5.7	
35.2	35.2	-14.0	25.4	
32.8	37.7	15.5	15.5	
45.1	40.1	27.8	5.7	
42.6	30.3	20.5	-21.4	
-4.1	37.7	0.8	-9.1	
-26.3	32.8	-14.0	-6.6	
-9.1	27.8	-14.0	-9.1	
-6.6	30.3	-9.1	3.2	
-16.4	8.2	25.4	5.7	
-14.0	5.7	54.9	5.7	
13.1	22.9	47.5	-9.1	
91.8	42.6	32.8	-9.1	
104.1	37.7	27.8	0.8	
82.0	47.5	27.8	0.8	
52.4	45.1	20.5	0.8	
5.7	45.1	25.4	0.8	
-11.5	25.4	40.1	5.7	
-26.3	27.8	-4.1	-1.7	
-31.2	27.8	-21.4	10.6	
-53.3	22.9	-9.1	-1.7	
-68.1	30.3	0.8	15.5	
-70.6	22.9	0.8	18.0	
-65.6	25.4	0.8	18.0	
-1.7	27.8	10.6	13.1	
54.9	35.2	-4.1	-4.1	
91.8	22.9	-16.4	-6.6	
118.9	27.8	-46.0	10.6	
101.6	32.8	-18.9	13.1	
67.2	27.8	-9.1	3.2	
25.4	37.7	5.7	15.5	
-1.7	30.3	8.2	-4.1	
13.1	30.3	-4.1	-16.4	
10.6	42.6	-9.1	3.2	
42.6	35.2	-4.1	5.7	
50.0	52.4	-6.6	-1.7	
25.4	32.8	-4.1	0.8	
15.5	22.9	3.2	18.0	
5.7	22.9	3.2	5.7	
-1.7	37.7	8.2	3.2	
22.9	30.3	-1.7	8.2	
37.7	30.3	3.2	13.1	
0.8	35.2	8.2	10.6	
-18.9	25.4	8.2	-9.1	
-11.5	25.4	3.2	-4.1	
20.5	30.3	-1.7	-6.6	
22.9	35.2	-6.6	-11.5	
3.2	27.8	-9.1	-1.7	
-46.0	22.9	0.8	8.2	
-36.1	35.2	-4.1	5.7	
-28.7	30.3	15.5	-4.1	
10.6	22.9	42.6	15.5	
27.8	35.2	32.8	3.2	
74.6	25.4	8.2	5.7	
72.1	42.6	5.7	-6.6	
82.0	37.7	-4.1	-1.7	
67.2	35.2	5.7	3.2	
40.1	25.4	18.0	-9.1	
13.1	40.1	25.4	-9.1	
-18.9	25.4	47.5	-1.7	
-53.3	22.9	32.8	27.8	
-28.7	35.2	47.5	15.5	
-28.7	30.3	57.4	25.4	
0.8	25.4	54.9	5.7	
-9.1	25.4	-11.5	-6.6	
-31.2	27.8	-16.4	-6.6	
8.2	22.9	-21.4	-9.1	
59.8	30.3	-23.8	-9.1	
91.8	27.8	-68.1	13.1	
89.3	37.7	-46.0	15.5	
54.9	27.8	-16.4	3.2	
22.9	47.5	0.8	-11.5	
8.2	32.8	0.8	-14.0	
0.8	30.3	-1.7	3.2	
0.8	22.9	-9.1	5.7	
13.1	42.6	-6.6	0.8	
42.6	15.5	5.7	-6.6	
25.4	20.5	13.1	0.8	
5.7	27.8	27.8	18.0	
-16.4	25.4	18.0	25.4	
0.8	32.8	8.2	64.7	
13.1	35.2	-1.7	37.7	
22.9	27.8	0.8	-1.7	
25.4	37.7	-6.6	-21.4	
18.0	37.7	-16.4	0.8	
22.9	27.8	-23.8	-11.5	
15.5	35.2	-6.6	-11.5	
-50.9	37.7	0.8	22.9	
-80.4	37.7	27.8	13.1	
-70.6	27.8	42.6	27.8	
-31.2	47.5	15.5	5.7	
0.8	35.2	30.3	3.2	
-14.0	40.1	54.9	5.7	
-33.7	20.5	57.4	-1.7	
-63.2	27.8	30.3	-1.7	
-58.3	30.3	10.6	10.6	
-18.9	27.8	-23.8	5.7	
-11.5	42.6	-33.7	18.0	
-48.4	50.0	-18.9	10.6	
-80.4	42.6	3.2	-9.1	
-60.7	47.5	3.2	0.8	
3.2	37.7	10.6	0.8	
22.9	37.7	5.7	0.8	
35.2	40.1	8.2	0.8	
45.1	22.9	-1.7	0.8	
37.7	13.1	0.8	3.2	
18.0	13.1	8.2	-1.7	
-1.7	27.8	-6.6	-6.6	
-6.6	25.4	-16.4	-4.1	
13.1	27.8	-14.0	3.2	
25.4	27.8	-11.5	3.2	
25.4	37.7	-14.0	-4.1	
3.2	27.8	-11.5	-1.7	
5.7	27.8	3.2	8.2	
35.2	35.2	8.2	10.6	
47.5	35.2	27.8	0.8	
32.8	35.2	18.0	5.7	
8.2	30.3	5.7	13.1	
3.2	40.1	-14.0	8.2	
3.2	37.7	-6.6	3.2	
-6.6	35.2	15.5	5.7	
15.5	50.0	15.5	10.6	
18.0	45.1	-4.1	13.1	
-9.1	42.6	0.8	10.6	
-46.0	32.8	-1.7	20.5	
-46.0	40.1	13.1	15.5	
-36.1	32.8	25.4	-4.1	
-26.3	25.4	8.2	-4.1	
-4.1	42.6	8.2	-4.1	
22.9	37.7	-6.6	5.7	
52.4	32.8	-9.1	-1.7	
10.6	27.8	8.2	-4.1	
-16.4	27.8	45.1	-1.7	
-23.8	30.3	25.4	13.1	
-28.7	32.8	-1.7	15.5	
-21.4	27.8	-33.7	8.2	
30.3	40.1	-11.5	13.1	
35.2	40.1	-14.0	10.6	
86.9	40.1	20.5	5.7	
74.6	32.8	-1.7	5.7	
45.1	30.3	-11.5	0.8	
40.1	35.2	-11.5	8.2	
50.0	35.2	-21.4	15.5	
50.0	30.3	-21.4	8.2	
20.5	27.8	-21.4	-1.7	
5.7	35.2	0.8	8.2	
-21.4	25.4	3.2	5.7	
-31.2	20.5	5.7	5.7	
-18.9	20.5	-14.0	-4.1	
-14.0	30.3	13.1	10.6	
0.8	20.5	79.5	-1.7	
18.0	13.1	82.0	8.2	
62.3	20.5	64.7	15.5	
101.6	27.8	59.8	-1.7	
79.5	27.8	30.3	-9.1	
27.8	40.1	32.8	3.2	
35.2	30.3	37.7	-1.7	
50.0	32.8	37.7	3.2	
47.5	30.3	3.2	0.8	
59.8	40.1	-21.4	-1.7	
27.8	37.7	-68.1	-1.7	
-21.4	32.8	-102.5	-1.7	
-43.5	32.8	-50.9	-1.7	
-6.6	32.8	-21.4	0.8	
-14.0	35.2	-16.4	0.8	
18.0	25.4	-6.6	-1.7	
22.9	42.6	10.6	8.2	
22.9	37.7	-1.7	0.8	
42.6	35.2	0.8	-1.7	
32.8	32.8	-16.4	-6.6	
42.6	27.8	-4.1	5.7	
32.8	30.3	-11.5	5.7	
37.7	37.7	-1.7	-4.1	
50.0	37.7	-1.7	0.8	
54.9	10.6	8.2	3.2	
30.3	20.5	13.1	-6.6	
-31.2	30.3	15.5	5.7	
-55.8	25.4	-1.7	0.8	
-43.5	32.8	-4.1	18.0	
-36.1	20.5	-14.0	22.9	
-53.3	18.0	-16.4	18.0	
-50.9	32.8	0.8	20.5	
-14.0	35.2	15.5	13.1	
27.8	35.2	42.6	-1.7	
84.4	30.3	47.5	-28.7	
91.8	40.1	8.2	-36.1	
32.8	25.4	8.2	-16.4	
5.7	25.4	5.7	3.2	
27.8	22.9	-4.1	3.2	
47.5	37.7	-11.5	0.8	
42.6	32.8	-6.6	0.8	
32.8	27.8	-26.3	0.8	
57.4	40.1	-14.0	-4.1	
72.1	35.2	-26.3	-6.6	
54.9	25.4	8.2	-1.7	
47.5	30.3	5.7	10.6	
40.1	30.3	3.2	15.5	
22.9	35.2	22.9	20.5	
35.2	25.4	50.0	13.1	
35.2	27.8	27.8	15.5	
18.0	25.4	20.5	15.5	
8.2	32.8	5.7	10.6	
-14.0	32.8	-11.5	-9.1	
-16.4	22.9	-4.1	-16.4	
-4.1	27.8	-9.1	-18.9	
-4.1	25.4	-9.1	-14.0	
-1.7	25.4	-1.7	0.8	
-11.5	32.8	25.4	18.0	
-43.5	30.3	32.8	18.0	
-14.0	35.2	5.7	5.7	
3.2	27.8	-6.6	5.7	
3.2	27.8	3.2	5.7	
15.5	32.8	3.2	15.5	
15.5	22.9	3.2	8.2	
22.9	30.3	-1.7	5.7	
42.6	30.3	-4.1	-9.1	
27.8	25.4	-28.7	-9.1	
27.8	25.4	-36.1	-18.9	
20.5	35.2	-31.2	-14.0	
13.1	30.3	22.9	-1.7	
13.1	37.7	50.0	3.2	
0.8	40.1	72.1	22.9	
5.7	32.8	45.1	35.2	
-9.1	27.8	20.5	37.7	
0.8	18.0	20.5	37.7	
8.2	22.9	-4.1	57.4	
25.4	20.5	-6.6	64.7	
37.7	25.4	-23.8	42.6	
-6.6	35.2	-46.0	15.5	
-55.8	30.3	-41.0	-14.0	
-31.2	27.8	-33.7	-65.6	
18.0	27.8	-14.0	-36.1	
62.3	37.7	-16.4	0.8	
64.7	25.4	-18.9	15.5	
52.4	25.4	18.0	5.7	
5.7	27.8	30.3	-4.1	
-36.1	20.5	0.8	-6.6	
-46.0	32.8	-9.1	-4.1	
-50.9	20.5	-21.4	10.6	
-46.0	18.0	-14.0	-1.7	
-50.9	25.4	15.5	5.7	
15.5	30.3	47.5	0.8	
94.3	30.3	79.5	18.0	
86.9	30.3	45.1	13.1	
79.5	22.9	8.2	13.1	
79.5	37.7	5.7	8.2	
96.7	35.2	3.2	-9.1	
86.9	30.3	27.8	-9.1	
74.6	40.1	25.4	5.7	
59.8	20.5	25.4	8.2	
30.3	37.7	20.5	5.7	
18.0	42.6	8.2	18.0	
-9.1	30.3	3.2	15.5	
-36.1	20.5	8.2	5.7	
-31.2	35.2	18.0	-4.1	
-4.1	25.4	18.0	-4.1	
37.7	30.3	-11.5	-1.7	
15.5	30.3	-28.7	5.7	
-60.7	22.9	-1.7	5.7	
-58.3	40.1	10.6	0.8	
3.2	32.8	20.5	0.8	
32.8	18.0	8.2	10.6	
35.2	22.9	5.7	-4.1	
32.8	30.3	10.6	-23.8	
84.4	18.0	0.8	-4.1	
79.5	45.1	3.2	-4.1	
86.9	45.1	-9.1	-4.1	
84.4	35.2	-14.0	0.8	
74.6	32.8	0.8	15.5	
35.2	30.3	0.8	15.5	
25.4	45.1	-21.4	13.1	
-4.1	35.2	-11.5	8.2	
-36.1	37.7	15.5	-9.1	
-18.9	35.2	15.5	-9.1	
-28.7	27.8	3.2	0.8	
-36.1	42.6	0.8	-4.1	
-21.4	40.1	10.6	0.8	
8.2	37.7	15.5	3.2	
47.5	37.7	8.2	8.2	
57.4	30.3	-1.7	10.6	
32.8	37.7	-1.7	22.9	
37.7	42.6	-9.1	20.5	
25.4	22.9	3.2	0.8	
27.8	27.8	-23.8	18.0	
5.7	32.8	-18.9	18.0	
-23.8	20.5	-23.8	8.2	
0.8	30.3	-1.7	-4.1	
-11.5	22.9	45.1	5.7	
-16.4	35.2	50.0	-9.1	
-1.7	30.3	72.1	-1.7	
20.5	40.1	54.9	-1.7	
42.6	42.6	8.2	3.2	
35.2	25.4	-1.7	-1.7	
30.3	25.4	0.8	13.1	
8.2	32.8	-26.3	18.0	
-14.0	27.8	-18.9	13.1	
30.3	27.8	-58.3	-11.5	
0.8	32.8	-41.0	-1.7	
-31.2	30.3	0.8	-1.7	
-41.0	27.8	0.8	-1.7	
-21.4	40.1	-4.1	0.8	
-14.0	35.2	-14.0	3.2	
-11.5	18.0	-14.0	-4.1	
30.3	25.4	-4.1	10.6	
59.8	20.5	-11.5	15.5	
57.4	13.1	0.8	8.2	
57.4	20.5	-9.1	5.7	
57.4	18.0	-28.7	3.2	
84.4	22.9	-36.1	3.2	
45.1	32.8	-36.1	0.8	
20.5	32.8	-36.1	0.8	
32.8	35.2	-1.7	0.8	
25.4	35.2	-4.1	10.6	
18.0	32.8	22.9	-1.7	
22.9	37.7	54.9	5.7	
35.2	30.3	84.4	8.2	
25.4	30.3	52.4	5.7	
-11.5	27.8	15.5	3.2	
-48.4	22.9	25.4	3.2	
-23.8	25.4	25.4	3.2	
-4.1	25.4	13.1	3.2	
27.8	32.8	8.2	15.5	
62.3	37.7	-6.6	8.2	
59.8	37.7	3.2	0.8	
20.5	25.4	27.8	0.8	
18.0	40.1	27.8	5.7	
-16.4	47.5	-11.5	18.0	
-65.6	35.2	-6.6	5.7	
-36.1	35.2	-16.4	-1.7	
-21.4	35.2	-9.1	3.2	
5.7	27.8	-6.6	18.0	
42.6	32.8	18.0	18.0	
82.0	32.8	-6.6	20.5	
84.4	32.8	-4.1	5.7	
52.4	22.9	-4.1	5.7	
30.3	35.2	3.2	0.8	
5.7	27.8	3.2	-1.7	
-9.1	18.0	-14.0	5.7	
8.2	15.5	-16.4	18.0	
62.3	18.0	-16.4	18.0	
72.1	22.9	-4.1	15.5	
20.5	20.5	10.6	15.5	
3.2	15.5	10.6	15.5	
-6.6	22.9	27.8	-11.5	
-18.9	22.9	35.2	-41.0	
-16.4	20.5	27.8	-23.8	
-9.1	22.9	27.8	-16.4	
5.7	40.1	22.9	-4.1	
8.2	27.8	47.5	-1.7	
0.8	18.0	27.8	0.8	
-6.6	25.4	-36.1	8.2	
20.5	30.3	-43.5	10.6	
22.9	37.7	-11.5	30.3	
-6.6	25.4	0.8	32.8	
-6.6	32.8	3.2	27.8	
13.1	37.7	0.8	32.8	
59.8	30.3	-11.5	-1.7	
77.0	18.0	-11.5	-23.8	
45.1	35.2	0.8	-1.7	
3.2	22.9	-6.6	0.8	
-6.6	22.9	-14.0	-11.5	
15.5	25.4	-9.1	0.8	
35.2	20.5	-18.9	-23.8	
62.3	32.8	-14.0	-1.7	
45.1	27.8	-6.6	5.7	
25.4	35.2	3.2	-4.1	
32.8	37.7	0.8	8.2	
25.4	27.8	10.6	5.7	
8.2	40.1	10.6	35.2	
5.7	35.2	3.2	82.0	
15.5	32.8	-14.0	45.1	
10.6	20.5	-11.5	-18.9	
-6.6	35.2	-9.1	-18.9	
-1.7	37.7	-1.7	13.1	
10.6	27.8	13.1	15.5	
10.6	22.9	15.5	30.3	
-4.1	27.8	22.9	18.0	
10.6	27.8	47.5	3.2	
27.8	22.9	59.8	3.2	
64.7	18.0	52.4	-1.7	
52.4	18.0	47.5	-14.0	
10.6	13.1	-28.7	5.7	
-21.4	15.5	-18.9	18.0	
-33.7	25.4	10.6	32.8	
22.9	18.0	18.0	22.9	
40.1	10.6	8.2	5.7	
32.8	10.6	-48.4	8.2	
72.1	10.6	-48.4	3.2	
104.1	-6.6	-21.4	8.2	
116.4	5.7	13.1	3.2	
47.5	0.8	22.9	0.8	
35.2	13.1	30.3	3.2	
25.4	13.1	20.5	8.2	
22.9	13.1	-11.5	5.7	
10.6	8.2	-41.0	5.7	
5.7	0.8	-6.6	3.2	
-26.3	5.7	18.0	3.2	
-4.1	18.0	52.4	13.1	
27.8	22.9	47.5	13.1	
50.0	25.4	5.7	10.6	
13.1	20.5	-31.2	8.2	
-6.6	27.8	-31.2	-4.1	
-38.6	30.3	-6.6	8.2	
-11.5	25.4	3.2	5.7	
5.7	20.5	15.5	5.7	
22.9	32.8	37.7	3.2	
40.1	47.5	47.5	0.8	
10.6	30.3	25.4	0.8	
5.7	40.1	22.9	5.7	
3.2	47.5	8.2	5.7	
-16.4	52.4	-4.1	-1.7	
-18.9	45.1	0.8	0.8	
-43.5	37.7	10.6	0.8	
-50.9	54.9	-1.7	8.2	
-38.6	54.9	0.8	0.8	
-28.7	47.5	0.8	3.2	
-1.7	57.4	3.2	8.2	
40.1	67.2	0.8	10.6	
8.2	57.4	13.1	-6.6	
-46.0	62.3	20.5	5.7	
-63.2	67.2	5.7	0.8	
-33.7	54.9	-11.5	-6.6	
-9.1	72.1	-1.7	0.8	
-4.1	59.8	3.2	3.2	
45.1	59.8	5.7	3.2	
86.9	52.4	8.2	3.2	
89.3	59.8	-9.1	0.8	
67.2	50.0	-4.1	-1.7	
30.3	47.5	-6.6	0.8	
5.7	40.1	10.6	-4.1	
-9.1	37.7	-1.7	3.2	
-14.0	35.2	0.8	-1.7	
-26.3	42.6	8.2	-4.1	
-31.2	52.4	5.7	3.2	
18.0	45.1	0.8	3.2	
30.3	27.8	-1.7	-4.1	
62.3	20.5	8.2	0.8	
91.8	15.5	10.6	3.2	
77.0	30.3	10.6	-9.1	
54.9	22.9	0.8	-1.7	
-1.7	25.4	0.8	-4.1	
-23.8	15.5	0.8	-6.6	
-16.4	20.5	8.2	3.2	
-18.9	13.1	8.2	5.7	
5.7	15.5	5.7	3.2	
13.1	22.9	8.2	0.8	
45.1	15.5	10.6	-4.1	
77.0	22.9	20.5	-1.7	
62.3	20.5	35.2	5.7	
27.8	30.3	30.3	0.8	
-9.1	18.0	27.8	-1.7	
-41.0	27.8	18.0	5.7	
-36.1	32.8	15.5	-1.7	
-11.5	32.8	15.5	13.1	
32.8	37.7	5.7	8.2	
57.4	25.4	-14.0	13.1	
52.4	27.8	-6.6	30.3	
-16.4	35.2	-46.0	30.3	
-58.3	27.8	-31.2	32.8	
-53.3	25.4	-1.7	-14.0	
-1.7	15.5	3.2	-46.0	
59.8	18.0	10.6	-28.7	
72.1	32.8	-21.4	-21.4	
42.6	22.9	-23.8	-23.8	
35.2	20.5	-36.1	-1.7	
57.4	18.0	-28.7	-36.1	
42.6	18.0	-21.4	-43.5	
8.2	18.0	-28.7	-4.1	
10.6	27.8	-28.7	22.9	
20.5	22.9	-18.9	25.4	
45.1	15.5	37.7	37.7	
67.2	25.4	64.7	35.2	
30.3	32.8	64.7	27.8	
25.4	27.8	52.4	10.6	
0.8	20.5	25.4	8.2	
3.2	25.4	27.8	5.7	
3.2	45.1	47.5	-1.7	
5.7	27.8	42.6	5.7	
-9.1	32.8	15.5	10.6	
10.6	20.5	-4.1	22.9	
27.8	35.2	0.8	13.1	
27.8	30.3	-21.4	13.1	
37.7	45.1	-9.1	13.1	
8.2	27.8	-9.1	25.4	
0.8	45.1	-18.9	20.5	
-28.7	37.7	0.8	15.5	
-14.0	22.9	-1.7	13.1	
-9.1	30.3	-4.1	3.2	
3.2	35.2	10.6	0.8	
18.0	22.9	20.5	18.0	
22.9	32.8	45.1	3.2	
0.8	27.8	37.7	15.5	
-16.4	25.4	22.9	8.2	
-16.4	40.1	22.9	3.2	
-21.4	30.3	8.2	8.2	
10.6	25.4	3.2	18.0	
37.7	27.8	0.8	0.8	
47.5	30.3	-6.6	8.2	
54.9	32.8	5.7	3.2	
45.1	30.3	0.8	8.2	
42.6	25.4	-14.0	5.7	
27.8	25.4	-9.1	5.7	
27.8	40.1	25.4	10.6	
-6.6	22.9	32.8	10.6	
-4.1	37.7	-36.1	3.2	
35.2	37.7	-60.7	3.2	
47.5	22.9	-28.7	5.7	
35.2	30.3	-28.7	0.8	
18.0	20.5	-1.7	-1.7	
-4.1	18.0	25.4	-4.1	
-26.3	25.4	25.4	-1.7	
-28.7	25.4	18.0	5.7	
-16.4	27.8	8.2	8.2	
-6.6	22.9	5.7	8.2	
-4.1	25.4	20.5	10.6	
5.7	30.3	27.8	-4.1	
25.4	30.3	30.3	3.2	
40.1	18.0	18.0	15.5	
47.5	27.8	5.7	15.5	
22.9	22.9	-11.5	5.7	
5.7	30.3	-21.4	-9.1	
-6.6	42.6	0.8	-21.4	
-11.5	37.7	3.2	-11.5	
8.2	37.7	-6.6	-18.9	
25.4	30.3	5.7	-4.1	
27.8	30.3	3.2	0.8	
10.6	32.8	-1.7	-6.6	
3.2	13.1	-9.1	0.8	
0.8	15.5	-9.1	-1.7	
20.5	30.3	5.7	22.9	
13.1	32.8	0.8	20.5	
-4.1	27.8	0.8	32.8	
-31.2	32.8	-4.1	45.1	
-18.9	40.1	0.8	42.6	
-1.7	30.3	-1.7	32.8	
-9.1	27.8	8.2	27.8	
13.1	35.2	10.6	40.1	
37.7	18.0	20.5	8.2	
54.9	30.3	30.3	-31.2	
59.8	20.5	20.5	-58.3	
54.9	27.8	15.5	-70.6	
32.8	32.8	18.0	-53.3	
35.2	30.3	10.6	-31.2	
22.9	32.8	20.5	42.6	
15.5	40.1	35.2	82.0	
22.9	37.7	0.8	25.4	
18.0	22.9	-26.3	-16.4	
18.0	37.7	-9.1	0.8	
-16.4	30.3	-33.7	-4.1	
-58.3	37.7	-21.4	-1.7	
-55.8	30.3	-23.8	-6.6	
-33.7	32.8	-31.2	-9.1	
-16.4	27.8	-77.9	-14.0	
40.1	20.5	-60.7	-21.4	
74.6	45.1	-4.1	3.2	
37.7	20.5	32.8	8.2	
-21.4	20.5	59.8	3.2	
-50.9	18.0	27.8	-1.7	
10.6	-6.6	0.8	-14.0	
104.1	-1.7	-4.1	20.5	
128.7	0.8	5.7	22.9	
74.6	30.3	20.5	22.9	
32.8	27.8	25.4	13.1	
22.9	20.5	18.0	5.7	
27.8	27.8	20.5	15.5	
27.8	42.6	25.4	5.7	
35.2	30.3	15.5	-1.7	
30.3	30.3	10.6	0.8	
25.4	18.0	-6.6	5.7	
0.8	20.5	-16.4	0.8	
-9.1	15.5	-6.6	3.2	
-9.1	25.4	15.5	13.1	
-41.0	20.5	10.6	5.7	
-65.6	18.0	10.6	-9.1	
-80.4	27.8	5.7	-14.0	
-55.8	30.3	5.7	-18.9	
-23.8	40.1	20.5	-14.0	
50.0	32.8	10.6	-11.5	
101.6	37.7	8.2	-1.7	
113.9	42.6	-4.1	-1.7	
77.0	22.9	-14.0	10.6	
42.6	27.8	0.8	0.8	
10.6	25.4	-11.5	10.6	
-1.7	22.9	-4.1	-1.7	
-9.1	13.1	8.2	32.8	
-6.6	25.4	3.2	22.9	
-9.1	37.7	15.5	27.8	
5.7	42.6	10.6	13.1	
30.3	37.7	-6.6	-11.5	
54.9	35.2	45.1	-23.8	
47.5	25.4	74.6	-1.7	
32.8	25.4	52.4	-9.1	
22.9	25.4	-6.6	0.8	
18.0	20.5	-33.7	5.7	
18.0	32.8	22.9	-4.1	
18.0	25.4	25.4	8.2	
13.1	35.2	-23.8	-4.1	
3.2	22.9	-31.2	13.1	
-23.8	15.5	-23.8	8.2	
-23.8	30.3	-9.1	-1.7	
-14.0	32.8	-21.4	3.2	
-16.4	27.8	0.8	5.7	
3.2	27.8	3.2	10.6	
-11.5	27.8	35.2	5.7	
-14.0	30.3	30.3	5.7	
-31.2	30.3	30.3	3.2	
-82.9	30.3	42.6	0.8	
-77.9	25.4	25.4	-1.7	
-55.8	27.8	37.7	-18.9	
8.2	37.7	13.1	-1.7	
-4.1	37.7	-23.8	-11.5	
40.1	37.7	-26.3	-9.1	
89.3	20.5	-14.0	-9.1	
106.6	22.9	-6.6	-4.1	
91.8	32.8	-1.7	3.2	
72.1	37.7	13.1	-14.0	
50.0	32.8	42.6	-21.4	
42.6	32.8	30.3	-4.1	
30.3	35.2	25.4	8.2	
35.2	35.2	27.8	13.1	
42.6	27.8	27.8	0.8	
45.1	25.4	-9.1	-9.1	
42.6	27.8	-11.5	8.2	
37.7	30.3	8.2	-1.7	
13.1	15.5	-11.5	-4.1	
0.8	25.4	-23.8	3.2	
-1.7	35.2	-33.7	3.2	
-1.7	40.1	10.6	-1.7	
-9.1	35.2	5.7	-6.6	
0.8	25.4	-11.5	-4.1	
59.8	15.5	-11.5	0.8	
89.3	13.1	-16.4	3.2	
54.9	22.9	5.7	-4.1	
13.1	40.1	3.2	0.8	
-46.0	40.1	13.1	-6.6	
-73.0	30.3	18.0	-9.1	
-58.3	35.2	0.8	0.8	
-4.1	32.8	0.8	-4.1	
57.4	15.5	0.8	-4.1	
72.1	25.4	0.8	0.8	
40.1	27.8	8.2	-4.1	
15.5	30.3	5.7	0.8	
0.8	30.3	10.6	0.8	
-4.1	32.8	22.9	-1.7	
0.8	30.3	50.0	-9.1	
13.1	37.7	54.9	-4.1	
22.9	32.8	59.8	-9.1	
32.8	42.6	18.0	3.2	
20.5	35.2	8.2	0.8	
0.8	37.7	5.7	13.1	
-1.7	22.9	3.2	15.5	
-4.1	25.4	-11.5	3.2	
-1.7	27.8	-18.9	-6.6	
8.2	32.8	-48.4	18.0	
-41.0	30.3	-41.0	0.8	
-53.3	30.3	-21.4	0.8	
-63.2	32.8	3.2	64.7	
-70.6	30.3	8.2	57.4	
-43.5	27.8	-4.1	50.0	
-6.6	25.4	20.5	37.7	
25.4	37.7	35.2	8.2	
42.6	35.2	3.2	-18.9	
59.8	40.1	-21.4	-102.5	
59.8	42.6	-23.8	-85.3	
62.3	37.7	-9.1	-31.2	
69.7	40.1	-11.5	-11.5	
79.5	37.7	-6.6	10.6	
62.3	27.8	5.7	18.0	
32.8	18.0	22.9	22.9	
18.0	30.3	35.2	45.1	
-1.7	30.3	54.9	89.3	
0.8	27.8	57.4	57.4	
15.5	27.8	50.0	-9.1	
22.9	27.8	22.9	-21.4	
35.2	20.5	-14.0	3.2	
37.7	22.9	-9.1	5.7	
32.8	22.9	-1.7	8.2	
22.9	20.5	-16.4	10.6	
13.1	20.5	-11.5	0.8	
-16.4	22.9	-4.1	35.2	
-23.8	35.2	3.2	3.2	
-26.3	20.5	-33.7	-11.5	
-31.2	37.7	-26.3	18.0	
-31.2	30.3	-16.4	20.5	
-26.3	32.8	0.8	15.5	
-31.2	22.9	-6.6	5.7	
8.2	27.8	-21.4	10.6	
22.9	32.8	-14.0	-4.1	
-1.7	30.3	25.4	5.7	
-1.7	32.8	42.6	0.8	
-4.1	27.8	37.7	3.2	
-6.6	32.8	37.7	-4.1	
-38.6	15.5	15.5	3.2	
-18.9	25.4	5.7	8.2	
25.4	35.2	13.1	-4.1	
79.5	30.3	0.8	-4.1	
128.7	27.8	-16.4	-6.6	
136.1	32.8	-11.5	-1.7	
136.1	30.3	-14.0	5.7	
77.0	32.8	-6.6	-4.1	
47.5	30.3	8.2	8.2	
35.2	27.8	37.7	8.2	
18.0	37.7	20.5	-4.1	
18.0	35.2	-1.7	-4.1	
18.0	30.3	5.7	-4.1	
15.5	32.8	35.2	0.8	
27.8	32.8	35.2	-4.1	
22.9	37.7	10.6	8.2	
27.8	35.2	13.1	15.5	
20.5	32.8	8.2	32.8	
-16.4	30.3	-11.5	13.1	
-21.4	40.1	5.7	20.5	
-33.7	37.7	13.1	13.1	
-46.0	35.2	0.8	0.8	
-41.0	40.1	8.2	-4.1	
-55.8	20.5	0.8	-41.0	
-46.0	25.4	-21.4	-36.1	
-1.7	30.3	-4.1	-11.5	
57.4	32.8	-6.6	-6.6	
69.7	32.8	20.5	0.8	
67.2	32.8	27.8	0.8	
25.4	35.2	-4.1	8.2	
32.8	30.3	10.6	5.7	
20.5	30.3	3.2	0.8	
35.2	42.6	10.6	0.8	
37.7	35.2	0.8	-11.5	
37.7	35.2	5.7	0.8	
30.3	27.8	30.3	15.5	
15.5	32.8	-1.7	8.2	
18.0	13.1	-6.6	-1.7	
22.9	30.3	18.0	-14.0	
18.0	25.4	15.5	-11.5	
3.2	30.3	10.6	3.2	
-18.9	25.4	-9.1	-9.1	
-41.0	32.8	-9.1	10.6	
-55.8	20.5	-16.4	13.1	
-75.5	37.7	-6.6	47.5	
-43.5	27.8	-1.7	84.4	
22.9	22.9	-1.7	57.4	
59.8	40.1	0.8	84.4	
64.7	37.7	-1.7	59.8	
20.5	27.8	0.8	59.8	
-11.5	30.3	-4.1	123.8	
-11.5	35.2	-6.6	121.3	
-18.9	40.1	-21.4	0.8	
-43.5	30.3	-1.7	-73.0	
-41.0	27.8	-6.6	-87.8	
-38.6	45.1	20.5	-127.1	
-14.0	40.1	37.7	-75.5	
52.4	27.8	32.8	-41.0	
72.1	27.8	10.6	-36.1	
30.3	35.2	-6.6	-11.5	
32.8	32.8	5.7	18.0	
50.0	37.7	13.1	13.1	
64.7	27.8	35.2	8.2	
74.6	27.8	13.1	3.2	
54.9	27.8	15.5	-4.1	
35.2	27.8	13.1	8.2	
32.8	30.3	32.8	5.7	
35.2	20.5	52.4	-9.1	
52.4	22.9	25.4	-9.1	
47.5	30.3	-31.2	-14.0	
35.2	37.7	-26.3	-11.5	
20.5	32.8	-41.0	0.8	
20.5	35.2	-38.6	3.2	
18.0	20.5	-1.7	0.8	
8.2	25.4	5.7	5.7	
-1.7	27.8	-11.5	5.7	
-4.1	32.8	-11.5	-1.7	
8.2	37.7	-14.0	3.2	
0.8	25.4	-14.0	-1.7	
-23.8	25.4	-21.4	3.2	
-9.1	20.5	-14.0	15.5	
-4.1	37.7	-18.9	18.0	
-1.7	32.8	18.0	3.2	
-38.6	27.8	30.3	-6.6	
-41.0	22.9	3.2	0.8	
-33.7	25.4	32.8	15.5	
18.0	27.8	27.8	10.6	
54.9	25.4	50.0	0.8	
54.9	30.3	72.1	8.2	
30.3	27.8	35.2	5.7	
20.5	22.9	22.9	-9.1	
15.5	27.8	-21.4	15.5	
30.3	18.0	-9.1	25.4	
22.9	30.3	10.6	-1.7	
22.9	32.8	10.6	5.7	
35.2	22.9	-4.1	5.7	
30.3	22.9	-18.9	-6.6	
32.8	35.2	-9.1	0.8	
5.7	32.8	-4.1	8.2	
-6.6	27.8	-4.1	13.1	
-21.4	30.3	-4.1	5.7	
-18.9	25.4	-1.7	-4.1	
-14.0	25.4	13.1	3.2	
-9.1	30.3	18.0	10.6	
13.1	25.4	22.9	8.2	
35.2	27.8	8.2	5.7	
32.8	32.8	-1.7	0.8	
13.1	32.8	3.2	3.2	
15.5	22.9	8.2	3.2	
37.7	40.1	5.7	5.7	
30.3	37.7	10.6	0.8	
27.8	42.6	18.0	0.8	
0.8	30.3	15.5	15.5	
-41.0	18.0	10.6	15.5	
-53.3	18.0	-9.1	3.2	
-53.3	25.4	3.2	-4.1	
-48.4	35.2	-9.1	8.2	
-38.6	27.8	-9.1	20.5	
5.7	30.3	0.8	18.0	
32.8	37.7	0.8	25.4	
50.0	35.2	15.5	32.8	
54.9	30.3	25.4	27.8	
101.6	35.2	32.8	13.1	
128.7	15.5	27.8	-6.6	
89.3	22.9	13.1	-11.5	
40.1	25.4	13.1	18.0	
13.1	27.8	25.4	40.1	
-9.1	27.8	25.4	42.6	
-18.9	18.0	22.9	40.1	
-9.1	22.9	-18.9	37.7	
-16.4	35.2	-28.7	-4.1	
27.8	22.9	-26.3	-48.4	
27.8	27.8	-9.1	-43.5	
18.0	25.4	-11.5	-33.7	
0.8	40.1	-9.1	-4.1	
-1.7	35.2	-9.1	25.4	
25.4	22.9	5.7	40.1	
32.8	37.7	30.3	-6.6	
37.7	20.5	35.2	-11.5	
30.3	42.6	52.4	-11.5	
25.4	32.8	47.5	-11.5	
-1.7	30.3	22.9	-4.1	
-6.6	30.3	-11.5	10.6	
-14.0	45.1	-53.3	10.6	
-31.2	42.6	5.7	22.9	
-18.9	37.7	8.2	3.2	
3.2	35.2	-9.1	3.2	
3.2	27.8	-18.9	18.0	
13.1	32.8	-9.1	15.5	
-1.7	32.8	-1.7	18.0	
3.2	37.7	30.3	3.2	
15.5	32.8	30.3	45.1	
15.5	40.1	8.2	35.2	
-23.8	37.7	0.8	-14.0	
-53.3	30.3	25.4	-23.8	
-41.0	42.6	25.4	-26.3	
-4.1	32.8	8.2	3.2	
42.6	27.8	-18.9	37.7	
77.0	27.8	-28.7	54.9	
35.2	35.2	-14.0	57.4	
-14.0	27.8	0.8	45.1	
-36.1	22.9	5.7	40.1	
-26.3	27.8	-4.1	54.9	
18.0	25.4	-16.4	54.9	
42.6	25.4	-16.4	22.9	
52.4	35.2	-6.6	-16.4	
52.4	27.8	3.2	-77.9	
52.4	25.4	15.5	-68.1	
64.7	25.4	37.7	-36.1	
82.0	32.8	25.4	10.6	
37.7	27.8	27.8	20.5	
37.7	25.4	52.4	30.3	
27.8	25.4	59.8	27.8	
15.5	30.3	35.2	18.0	
8.2	30.3	22.9	27.8	
5.7	20.5	0.8	20.5	
10.6	37.7	-9.1	-6.6	
-1.7	22.9	-18.9	0.8	
-1.7	35.2	-33.7	3.2	
-1.7	40.1	-6.6	5.7	
-16.4	40.1	-9.1	8.2	
-46.0	35.2	0.8	-14.0	
-63.2	35.2	-4.1	8.2	
-58.3	42.6	8.2	25.4	
-55.8	37.7	-9.1	13.1	
-33.7	30.3	-1.7	-14.0	
-18.9	40.1	-11.5	-11.5	
47.5	42.6	-21.4	3.2	
77.0	42.6	-46.0	-23.8	
42.6	32.8	-16.4	27.8	
35.2	32.8	10.6	57.4	
15.5	27.8	22.9	3.2	
-16.4	27.8	13.1	-23.8	
-21.4	37.7	15.5	-4.1	
5.7	30.3	0.8	13.1	
40.1	45.1	-9.1	32.8	
79.5	37.7	-11.5	5.7	
47.5	27.8	0.8	18.0	
30.3	32.8	-1.7	10.6	
15.5	30.3	-28.7	3.2	
27.8	15.5	-26.3	-6.6	
40.1	10.6	-11.5	0.8	
59.8	15.5	-4.1	-4.1	
57.4	20.5	3.2	0.8	
27.8	27.8	5.7	5.7	
22.9	22.9	-4.1	10.6	
20.5	30.3	27.8	0.8	
18.0	25.4	27.8	-4.1	
15.5	32.8	50.0	10.6	
20.5	35.2	69.7	-6.6	
3.2	45.1	45.1	-4.1	
-21.4	22.9	15.5	-6.6	
-23.8	27.8	-1.7	-11.5	
-31.2	32.8	-26.3	0.8	
-23.8	25.4	-14.0	13.1	
-1.7	54.9	0.8	8.2	
0.8	47.5	15.5	-4.1	
15.5	52.4	15.5	-4.1	
5.7	45.1	13.1	0.8	
20.5	42.6	-43.5	-6.6	
62.3	27.8	-58.3	-18.9	
69.7	32.8	-11.5	-18.9	
32.8	35.2	-1.7	-9.1	
-1.7	25.4	-1.7	0.8	
-16.4	25.4	-14.0	-11.5	
8.2	18.0	-41.0	-9.1	
18.0	27.8	-1.7	13.1	
52.4	20.5	-1.7	8.2	
45.1	13.1	5.7	5.7	
40.1	27.8	-6.6	18.0	
10.6	32.8	3.2	-4.1	
-41.0	25.4	-1.7	-11.5	
-21.4	22.9	10.6	-9.1	
20.5	25.4	0.8	-16.4	
-9.1	25.4	-14.0	13.1	
-14.0	45.1	18.0	18.0	
5.7	22.9	40.1	18.0	
30.3	27.8	27.8	10.6	
59.8	35.2	8.2	3.2	
37.7	37.7	18.0	-1.7	
30.3	20.5	25.4	-6.6	
10.6	25.4	18.0	-1.7	
-23.8	25.4	25.4	0.8	
-60.7	32.8	8.2	-6.6	
-33.7	20.5	35.2	15.5	
-16.4	22.9	32.8	27.8	
3.2	22.9	20.5	42.6	
18.0	35.2	18.0	22.9	
-33.7	40.1	20.5	22.9	
-68.1	45.1	10.6	22.9	
-48.4	40.1	5.7	22.9	
-14.0	20.5	10.6	37.7	
50.0	32.8	-1.7	13.1	
74.6	13.1	-18.9	-26.3	
91.8	30.3	-16.4	-31.2	
82.0	22.9	15.5	-48.4	
54.9	30.3	25.4	-26.3	
45.1	25.4	18.0	30.3	
35.2	27.8	-6.6	13.1	
54.9	30.3	-16.4	-31.2	
35.2	40.1	-21.4	-38.6	
-6.6	32.8	-14.0	-16.4	
-16.4	32.8	-16.4	-11.5	
-23.8	32.8	8.2	8.2	
-43.5	35.2	22.9	30.3	
-23.8	30.3	15.5	25.4	
-18.9	22.9	0.8	18.0	
-23.8	18.0	15.5	22.9	
-41.0	30.3	35.2	15.5	
-16.4	32.8	42.6	8.2	
-18.9	25.4	5.7	13.1	
3.2	27.8	5.7	3.2	
25.4	22.9	20.5	-16.4	
25.4	30.3	15.5	-23.8	
15.5	57.4	3.2	-9.1	
25.4	42.6	-33.7	-1.7	
37.7	32.8	-36.1	3.2	
40.1	25.4	-14.0	10.6	
25.4	22.9	8.2	10.6	
37.7	22.9	18.0	0.8	
-4.1	35.2	22.9	27.8	
-46.0	40.1	13.1	40.1	
-75.5	40.1	8.2	27.8	
-50.9	35.2	5.7	25.4	
-1.7	30.3	5.7	10.6	
50.0	32.8	0.8	3.2	
72.1	35.2	-1.7	15.5	
101.6	45.1	-14.0	3.2	
25.4	37.7	-14.0	3.2	
0.8	42.6	-1.7	15.5	
30.3	32.8	0.8	20.5	
18.0	22.9	42.6	10.6	
40.1	30.3	20.5	-4.1	
32.8	25.4	15.5	-18.9	
30.3	13.1	20.5	-55.8	
-9.1	8.2	30.3	-26.3	
3.2	-1.7	35.2	-14.0	
-4.1	-1.7	50.0	-4.1	
-11.5	0.8	20.5	-9.1	
-6.6	15.5	0.8	3.2	
3.2	15.5	5.7	3.2	
-4.1	18.0	13.1	3.2	
0.8	25.4	22.9	10.6	
-1.7	22.9	22.9	-11.5	
0.8	35.2	10.6	0.8	
-16.4	20.5	0.8	3.2	
-4.1	32.8	-9.1	-4.1	
-1.7	30.3	-33.7	0.8	
-9.1	35.2	-6.6	-9.1	
-4.1	37.7	8.2	-1.7	
0.8	35.2	-1.7	-14.0	
-1.7	27.8	-18.9	-18.9	
-18.9	22.9	-16.4	-9.1	
-18.9	35.2	-6.6	8.2	
-21.4	27.8	-6.6	10.6	
-36.1	25.4	-11.5	3.2	
-18.9	20.5	10.6	13.1	
30.3	27.8	10.6	0.8	
18.0	20.5	3.2	-6.6	
-21.4	27.8	-9.1	-1.7	
-38.6	32.8	-6.6	-1.7	
-31.2	37.7	3.2	27.8	
-4.1	15.5	20.5	15.5	
-9.1	25.4	40.1	18.0	
-9.1	27.8	45.1	8.2	
10.6	20.5	37.7	8.2	
59.8	22.9	35.2	13.1	
54.9	30.3	32.8	0.8	
50.0	25.4	30.3	-11.5	
52.4	18.0	-26.3	18.0	
59.8	22.9	-43.5	32.8	
42.6	22.9	-46.0	5.7	
18.0	15.5	-46.0	0.8	
-6.6	15.5	-48.4	13.1	
-11.5	25.4	-36.1	20.5	
-31.2	27.8	-18.9	13.1	
-9.1	35.2	-23.8	15.5	
22.9	40.1	13.1	13.1	
25.4	42.6	45.1	22.9	
-4.1	47.5	45.1	10.6	
-11.5	42.6	42.6	8.2	
8.2	59.8	54.9	20.5	
22.9	42.6	25.4	18.0	
25.4	35.2	27.8	8.2	
18.0	37.7	22.9	0.8	
15.5	37.7	3.2	5.7	
35.2	37.7	-14.0	3.2	
13.1	22.9	-1.7	3.2	
-43.5	22.9	-6.6	0.8	
-53.3	22.9	-6.6	-9.1	
-48.4	32.8	-21.4	10.6	
-18.9	27.8	-33.7	-6.6	
-18.9	30.3	-6.6	-16.4	
-9.1	27.8	25.4	-11.5	
35.2	22.9	-1.7	3.2	
59.8	22.9	-26.3	13.1	
57.4	27.8	-58.3	13.1	
67.2	27.8	-16.4	-1.7	
52.4	25.4	37.7	15.5	
50.0	40.1	45.1	15.5	
22.9	30.3	3.2	13.1	
13.1	30.3	-21.4	15.5	
-16.4	20.5	-33.7	20.5	
-70.6	22.9	-14.0	15.5	
-55.8	27.8	18.0	5.7	
-36.1	10.6	57.4	0.8	
15.5	15.5	40.1	3.2	
57.4	8.2	52.4	22.9	
59.8	20.5	32.8	15.5	
69.7	35.2	57.4	8.2	
64.7	30.3	45.1	-6.6	
30.3	20.5	18.0	5.7	
-38.6	37.7	-6.6	0.8	
-50.9	40.1	3.2	8.2	
-68.1	37.7	32.8	8.2	
-36.1	52.4	22.9	5.7	
8.2	47.5	13.1	5.7	
30.3	45.1	13.1	-6.6	
25.4	40.1	-9.1	3.2	
0.8	42.6	-9.1	-1.7	
-11.5	40.1	3.2	0.8	
5.7	42.6	-16.4	-9.1	
30.3	32.8	-14.0	8.2	
42.6	30.3	8.2	10.6	
30.3	25.4	8.2	3.2	
15.5	25.4	-18.9	-1.7	
20.5	35.2	-14.0	10.6	
37.7	22.9	-11.5	8.2	
52.4	22.9	0.8	13.1	
52.4	8.2	-4.1	8.2	
45.1	18.0	-9.1	8.2	
37.7	22.9	0.8	30.3	
5.7	13.1	-1.7	35.2	
-31.2	13.1	-6.6	15.5	
-60.7	15.5	8.2	27.8	
-75.5	22.9	-1.7	22.9	
-63.2	35.2	-1.7	-14.0	
3.2	45.1	-14.0	-43.5	
72.1	25.4	-11.5	-18.9	
74.6	20.5	-14.0	0.8	
3.2	20.5	-28.7	0.8	
-23.8	25.4	-9.1	5.7	
-58.3	27.8	22.9	5.7	
-80.4	27.8	45.1	25.4	
-55.8	22.9	32.8	20.5	
-9.1	25.4	27.8	32.8	
30.3	27.8	22.9	37.7	
89.3	30.3	22.9	25.4	
86.9	32.8	18.0	5.7	
27.8	22.9	35.2	-4.1	
40.1	27.8	22.9	-50.9	
77.0	27.8	-23.8	-26.3	
54.9	25.4	-9.1	-21.4	
22.9	32.8	10.6	-16.4	
22.9	37.7	13.1	-31.2	
3.2	27.8	25.4	3.2	
-23.8	32.8	18.0	42.6	
-31.2	25.4	3.2	25.4	
-16.4	18.0	-6.6	22.9	
-4.1	27.8	-36.1	32.8	
3.2	30.3	-28.7	45.1	
-6.6	20.5	-38.6	62.3	
-33.7	27.8	-53.3	40.1	
-43.5	15.5	-16.4	5.7	
-21.4	22.9	18.0	-28.7	
8.2	37.7	22.9	-50.9	
40.1	30.3	37.7	-33.7	
74.6	32.8	30.3	-11.5	
54.9	40.1	30.3	3.2	
22.9	25.4	-1.7	0.8	
-9.1	30.3	0.8	8.2	
-16.4	22.9	-4.1	-4.1	
-9.1	35.2	22.9	5.7	
0.8	27.8	30.3	13.1	
5.7	37.7	-11.5	3.2	
-21.4	22.9	-6.6	5.7	
-31.2	32.8	-6.6	5.7	
-11.5	37.7	3.2	-9.1	
-1.7	27.8	54.9	-1.7	
59.8	37.7	50.0	0.8	
86.9	35.2	0.8	0.8	
40.1	15.5	-6.6	0.8	
3.2	15.5	-14.0	3.2	
-9.1	27.8	-1.7	10.6	
-14.0	13.1	35.2	10.6	
-4.1	13.1	47.5	5.7	
-16.4	18.0	18.0	0.8	
10.6	10.6	5.7	-1.7	
15.5	13.1	15.5	3.2	
18.0	18.0	0.8	5.7	
25.4	15.5	-23.8	10.6	
25.4	10.6	-31.2	10.6	
27.8	15.5	-31.2	-1.7	
37.7	13.1	-11.5	-1.7	
20.5	0.8	-18.9	0.8	
10.6	0.8	-48.4	3.2	
0.8	-9.1	-68.1	13.1	
0.8	5.7	-46.0	18.0	
0.8	0.8	-23.8	8.2	
-16.4	18.0	-4.1	-1.7	
-31.2	5.7	35.2	-4.1	
-33.7	8.2	50.0	5.7	
-18.9	10.6	77.0	-9.1	
10.6	10.6	104.1	-16.4	
-16.4	18.0	104.1	13.1	
-16.4	20.5	50.0	37.7	
3.2	35.2	3.2	25.4	
5.7	37.7	-18.9	18.0	
13.1	22.9	-82.9	13.1	
10.6	18.0	-55.8	8.2	
0.8	15.5	-33.7	18.0	
0.8	27.8	13.1	10.6	
-21.4	32.8	10.6	10.6	
-9.1	40.1	8.2	13.1	
0.8	50.0	-6.6	13.1	
0.8	59.8	18.0	3.2	
20.5	57.4	25.4	0.8	
47.5	47.5	27.8	13.1	
37.7	47.5	3.2	20.5	
-11.5	64.7	3.2	13.1	
-41.0	62.3	-14.0	10.6	
-33.7	64.7	-1.7	-1.7	
-23.8	57.4	8.2	0.8	
-14.0	67.2	5.7	13.1	
22.9	69.7	10.6	18.0	
22.9	57.4	8.2	13.1	
13.1	64.7	-28.7	5.7	
13.1	59.8	-68.1	8.2	
27.8	62.3	-23.8	8.2	
25.4	54.9	-11.5	15.5	
5.7	57.4	-31.2	18.0	
-23.8	45.1	-18.9	15.5	
-50.9	59.8	-11.5	15.5	
-73.0	45.1	-23.8	20.5	
-100.1	54.9	-23.8	13.1	
-46.0	52.4	-16.4	13.1	
22.9	45.1	35.2	10.6	
67.2	35.2	67.2	0.8	
86.9	35.2	77.0	0.8	
118.9	45.1	45.1	-9.1	
113.9	30.3	15.5	-38.6	
118.9	32.8	10.6	-60.7	
128.7	40.1	5.7	-53.3	
79.5	27.8	-1.7	32.8	
22.9	25.4	3.2	109.0	
32.8	8.2	0.8	153.3	
52.4	15.5	5.7	141.0	
37.7	13.1	-31.2	212.3	
20.5	3.2	-21.4	232.0	
-4.1	0.8	-11.5	168.1	
-1.7	8.2	-9.1	89.3	
-9.1	3.2	-4.1	-80.4	
-63.2	3.2	3.2	-203.4	
-73.0	0.8	-11.5	-112.4	
-58.3	0.8	-18.9	-23.8	
-21.4	0.8	-9.1	-107.5	
45.1	10.6	-1.7	-73.0	
62.3	18.0	-11.5	27.8	
45.1	32.8	0.8	32.8	
42.6	25.4	0.8	-95.2	
32.8	27.8	-18.9	-139.4	
15.5	18.0	-6.6	-112.4	
22.9	15.5	-4.1	-33.7	
13.1	22.9	-21.4	-21.4	
3.2	22.9	-31.2	-16.4	
-1.7	25.4	-11.5	-16.4	
-9.1	22.9	-6.6	-1.7	
5.7	35.2	-16.4	5.7	
0.8	35.2	-33.7	10.6	
-33.7	30.3	-33.7	-6.6	
-43.5	30.3	-18.9	0.8	
-43.5	22.9	-6.6	-9.1	
-21.4	25.4	15.5	-1.7	
8.2	37.7	50.0	47.5	
10.6	32.8	35.2	42.6	
-46.0	45.1	54.9	32.8	
-58.3	45.1	45.1	50.0	
-63.2	27.8	69.7	32.8	
-28.7	22.9	40.1	15.5	
10.6	25.4	45.1	-14.0	
25.4	20.5	59.8	-4.1	
22.9	27.8	42.6	10.6	
74.6	25.4	74.6	13.1	
109.0	25.4	72.1	8.2	
94.3	30.3	67.2	3.2	
42.6	22.9	57.4	0.8	
-4.1	20.5	37.7	-1.7	
0.8	25.4	-28.7	15.5	
3.2	18.0	-124.7	30.3	
-11.5	18.0	-112.4	30.3	
25.4	25.4	-87.8	8.2	
40.1	42.6	-43.5	0.8	
42.6	30.3	-31.2	-1.7	
47.5	37.7	-21.4	0.8	
59.8	20.5	-21.4	-9.1	
30.3	30.3	-16.4	0.8	
20.5	22.9	-28.7	-11.5	
-4.1	30.3	-23.8	-14.0	
-9.1	22.9	-9.1	3.2	
-1.7	20.5	-1.7	25.4	
10.6	8.2	10.6	18.0	
10.6	5.7	8.2	5.7	
20.5	30.3	25.4	0.8	
22.9	37.7	106.6	10.6	
10.6	30.3	82.0	15.5	
-6.6	30.3	25.4	15.5	
0.8	25.4	-23.8	20.5	
-9.1	27.8	-38.6	35.2	
-14.0	32.8	-28.7	20.5	
-9.1	32.8	-38.6	18.0	
-6.6	25.4	-41.0	20.5	
-1.7	30.3	-82.9	3.2	
0.8	32.8	-28.7	15.5	
5.7	22.9	99.2	30.3	
0.8	30.3	101.6	15.5	
-6.6	40.1	30.3	-21.4	
-9.1	35.2	-41.0	-41.0	
-6.6	35.2	-1.7	-16.4	
-23.8	40.1	-31.2	-1.7	
-38.6	18.0	-36.1	0.8	
-28.7	10.6	5.7	-6.6	
-31.2	25.4	-14.0	-1.7	
-50.9	27.8	-36.1	5.7	
-38.6	27.8	-16.4	3.2	
-26.3	40.1	-4.1	3.2	
-18.9	27.8	25.4	-1.7	
-16.4	25.4	45.1	0.8	
-14.0	27.8	25.4	5.7	
-38.6	22.9	-4.1	3.2	
3.2	25.4	-16.4	5.7	
84.4	20.5	-6.6	-9.1	
111.5	27.8	-16.4	-14.0	
67.2	32.8	-14.0	-18.9	
42.6	35.2	-1.7	-14.0	
22.9	30.3	0.8	-9.1	
40.1	27.8	-4.1	-1.7	
67.2	25.4	3.2	18.0	
82.0	22.9	-11.5	10.6	
104.1	13.1	-21.4	-14.0	
104.1	18.0	3.2	-18.9	
67.2	32.8	18.0	0.8	
22.9	30.3	3.2	-14.0	
15.5	25.4	-1.7	0.8	
13.1	32.8	-9.1	77.0	
13.1	27.8	-6.6	77.0	
-1.7	37.7	-9.1	15.5	
-4.1	42.6	-1.7	27.8	
-4.1	47.5	-11.5	52.4	
-18.9	22.9	-26.3	47.5	
0.8	32.8	-16.4	67.2	
-1.7	15.5	-16.4	-6.6	
8.2	15.5	8.2	-53.3	
5.7	22.9	0.8	-60.7	
5.7	30.3	15.5	-60.7	
5.7	32.8	40.1	-77.9	
10.6	32.8	35.2	-46.0	
8.2	32.8	25.4	8.2	
5.7	30.3	22.9	-1.7	
35.2	15.5	35.2	15.5	
32.8	27.8	18.0	27.8	
13.1	35.2	32.8	62.3	
15.5	40.1	42.6	25.4	
22.9	42.6	25.4	15.5	
-4.1	45.1	-14.0	-1.7	
-6.6	45.1	-38.6	8.2	
5.7	40.1	-18.9	15.5	
-26.3	22.9	18.0	8.2	
-50.9	27.8	35.2	-6.6	
-26.3	32.8	25.4	10.6	
-16.4	27.8	13.1	-1.7	
8.2	5.7	3.2	-16.4	
25.4	20.5	-4.1	-16.4	
25.4	22.9	-1.7	-1.7	
25.4	27.8	8.2	18.0	
30.3	22.9	-46.0	35.2	
13.1	27.8	-50.9	22.9	
13.1	22.9	-21.4	15.5	
15.5	30.3	-6.6	15.5	
20.5	8.2	57.4	32.8	
15.5	20.5	99.2	15.5	
18.0	25.4	106.6	-31.2	
27.8	22.9	86.9	-65.6	
-9.1	30.3	54.9	-26.3	
-26.3	37.7	3.2	-23.8	
-18.9	25.4	-75.5	-26.3	
-9.1	25.4	-124.7	-48.4	
18.0	13.1	-77.9	-68.1	
40.1	22.9	-77.9	-36.1	
37.7	25.4	-68.1	-16.4	
20.5	18.0	-41.0	-6.6	
-14.0	32.8	-41.0	8.2	
-4.1	22.9	-18.9	18.0	
-14.0	35.2	-9.1	15.5	
-6.6	25.4	8.2	-11.5	
-14.0	20.5	15.5	-6.6	
5.7	30.3	10.6	0.8	
18.0	25.4	-4.1	0.8	
32.8	20.5	-11.5	10.6	
25.4	22.9	32.8	69.7	
10.6	22.9	47.5	30.3	
-9.1	40.1	69.7	-77.9	
-14.0	35.2	74.6	-65.6	
5.7	32.8	109.0	-11.5	
25.4	35.2	94.3	-4.1	
45.1	27.8	25.4	-6.6	
54.9	20.5	-137.0	-6.6	
25.4	0.8	-139.4	-4.1	
5.7	-14.0	-46.0	-4.1	
-16.4	-4.1	-18.9	-14.0	
-18.9	13.1	-16.4	-11.5	
-31.2	27.8	30.3	-14.0	
-31.2	42.6	25.4	-16.4	
-9.1	40.1	-26.3	8.2	
20.5	47.5	-48.4	-6.6	
45.1	35.2	-11.5	-1.7	
59.8	25.4	8.2	-6.6	
32.8	35.2	5.7	-4.1	
25.4	27.8	-16.4	0.8	
10.6	40.1	-28.7	0.8	
3.2	27.8	18.0	-14.0	
10.6	20.5	40.1	-4.1	
-28.7	30.3	32.8	-6.6	
-36.1	27.8	42.6	-1.7	
-21.4	18.0	27.8	-6.6	
5.7	22.9	25.4	0.8	
40.1	25.4	0.8	-6.6	
59.8	32.8	-9.1	10.6	
35.2	32.8	-6.6	-6.6	
32.8	27.8	-14.0	-4.1	
15.5	32.8	-16.4	-4.1	
13.1	30.3	3.2	-9.1	
22.9	40.1	8.2	-6.6	
10.6	37.7	0.8	-1.7	
0.8	22.9	15.5	-4.1	
-1.7	22.9	10.6	-6.6	
-1.7	27.8	-16.4	-4.1	
-4.1	30.3	-26.3	3.2	
5.7	35.2	-16.4	8.2	
15.5	32.8	-18.9	-11.5	
18.0	35.2	8.2	-1.7	
-6.6	25.4	22.9	3.2	
-31.2	30.3	57.4	-1.7	
-36.1	-1.7	40.1	0.8	
-28.7	0.8	54.9	-4.1	
-21.4	-1.7	42.6	-1.7	
5.7	3.2	20.5	-4.1	
-6.6	22.9	13.1	8.2	
-21.4	20.5	15.5	8.2	
-33.7	25.4	35.2	-4.1	
-18.9	25.4	47.5	13.1	
5.7	35.2	96.7	15.5	
15.5	37.7	69.7	13.1	
40.1	35.2	-9.1	3.2	
67.2	42.6	-70.6	5.7	
57.4	35.2	13.1	0.8	
42.6	32.8	18.0	0.8	
67.2	30.3	5.7	8.2	
52.4	37.7	25.4	10.6	
-1.7	32.8	5.7	3.2	
-16.4	25.4	-18.9	3.2	
-14.0	18.0	-31.2	-14.0	
-38.6	22.9	-70.6	0.8	
-21.4	8.2	-31.2	-6.6	
-26.3	-9.1	-1.7	10.6	
0.8	-14.0	10.6	18.0	
22.9	-14.0	5.7	5.7	
42.6	0.8	5.7	15.5	
27.8	25.4	0.8	27.8	
40.1	40.1	0.8	5.7	
-1.7	50.0	18.0	-11.5	
-14.0	64.7	15.5	-6.6	
15.5	57.4	18.0	15.5	
15.5	52.4	-1.7	45.1	
-18.9	47.5	0.8	59.8	
-33.7	42.6	18.0	45.1	
-9.1	37.7	15.5	30.3	
32.8	37.7	10.6	10.6	
67.2	32.8	8.2	-23.8	
123.8	27.8	8.2	-75.5	
62.3	25.4	3.2	-107.5	
18.0	18.0	5.7	-50.9	
-43.5	32.8	18.0	-28.7	
-92.7	35.2	8.2	20.5	
-63.2	32.8	8.2	10.6	
8.2	32.8	-1.7	20.5	
37.7	30.3	-4.1	82.0	
64.7	15.5	10.6	8.2	
37.7	13.1	0.8	-55.8	
67.2	22.9	-1.7	-16.4	
18.0	15.5	-1.7	42.6	
35.2	3.2	-16.4	45.1	
27.8	0.8	-28.7	18.0	
22.9	5.7	-41.0	5.7	
8.2	15.5	-9.1	5.7	
13.1	32.8	-9.1	-26.3	
45.1	18.0	22.9	-21.4	
32.8	27.8	72.1	-21.4	
52.4	30.3	69.7	-4.1	
57.4	30.3	57.4	18.0	
30.3	18.0	57.4	20.5	
25.4	32.8	59.8	25.4	
5.7	20.5	10.6	3.2	
8.2	5.7	-21.4	8.2	
15.5	15.5	-9.1	15.5	
32.8	27.8	-28.7	-4.1	
18.0	30.3	-28.7	-6.6	
18.0	30.3	-21.4	8.2	
22.9	32.8	-21.4	-4.1	
18.0	25.4	-11.5	-9.1	
25.4	40.1	22.9	-9.1	
0.8	35.2	27.8	-14.0	
-6.6	30.3	13.1	-11.5	
-4.1	35.2	18.0	-14.0	
30.3	22.9	5.7	22.9	
40.1	25.4	-4.1	57.4	
15.5	37.7	-11.5	91.8	
22.9	35.2	5.7	77.0	
18.0	27.8	0.8	50.0	
-4.1	20.5	5.7	37.7	
-6.6	10.6	13.1	74.6	
-21.4	5.7	5.7	22.9	
-6.6	20.5	0.8	-149.3	
-9.1	27.8	5.7	-149.3	
-21.4	15.5	22.9	-33.7	
-11.5	27.8	22.9	-14.0	
-4.1	10.6	0.8	-6.6	
-4.1	32.8	5.7	-18.9	
-4.1	35.2	-1.7	-6.6	
-1.7	40.1	-4.1	-16.4	
-9.1	25.4	-6.6	-6.6	
-6.6	25.4	-11.5	-9.1	
-14.0	37.7	-6.6	0.8	
-21.4	42.6	15.5	18.0	
-21.4	22.9	30.3	5.7	
-28.7	37.7	18.0	10.6	
-4.1	35.2	0.8	0.8	
15.5	20.5	3.2	0.8	
27.8	22.9	8.2	0.8	
5.7	35.2	15.5	5.7	
5.7	30.3	32.8	8.2	
-1.7	30.3	13.1	3.2	
-9.1	30.3	37.7	47.5	
-36.1	25.4	69.7	20.5	
-65.6	27.8	79.5	-21.4	
-43.5	22.9	67.2	-28.7	
-33.7	35.2	37.7	-6.6	
45.1	37.7	8.2	-6.6	
64.7	35.2	-21.4	-4.1	
45.1	35.2	-14.0	5.7	
54.9	37.7	-21.4	3.2	
30.3	35.2	-53.3	8.2	
22.9	32.8	-87.8	5.7	
40.1	22.9	-43.5	3.2	
64.7	25.4	-53.3	0.8	
50.0	13.1	-28.7	10.6	
27.8	-1.7	-21.4	8.2	
32.8	-14.0	-46.0	8.2	
40.1	18.0	-46.0	8.2	
25.4	27.8	-21.4	-1.7	
-33.7	18.0	25.4	8.2	
-77.9	20.5	59.8	0.8	
-58.3	37.7	99.2	0.8	
-1.7	42.6	94.3	-4.1	
74.6	25.4	77.0	-1.7	
86.9	27.8	32.8	8.2	
47.5	15.5	-65.6	3.2	
25.4	18.0	-68.1	3.2	
-1.7	30.3	-14.0	0.8	
-4.1	45.1	0.8	18.0	
-14.0	37.7	-11.5	15.5	
-14.0	32.8	0.8	10.6	
-1.7	10.6	18.0	13.1	
45.1	-18.9	37.7	15.5	
45.1	-21.4	45.1	13.1	
35.2	-9.1	-23.8	13.1	
22.9	-16.4	-43.5	10.6	
15.5	-6.6	22.9	3.2	
-4.1	5.7	69.7	8.2	
-48.4	10.6	74.6	3.2	
-60.7	18.0	40.1	3.2	
-73.0	40.1	10.6	5.7	
-36.1	45.1	20.5	8.2	
0.8	47.5	-6.6	0.8	
10.6	8.2	-9.1	3.2	
-28.7	8.2	-4.1	0.8	
-6.6	-31.2	-6.6	0.8	
8.2	-63.2	-11.5	-4.1	
-9.1	-102.5	-11.5	8.2	
-36.1	-82.9	-9.1	5.7	
-28.7	-73.0	-14.0	-4.1	
-41.0	-102.5	-21.4	3.2	
3.2	-117.3	-18.9	10.6	
54.9	-105.0	-14.0	3.2	
74.6	-70.6	-1.7	0.8	
116.4	-16.4	-4.1	0.8	
106.6	57.4	5.7	10.6	
40.1	126.2	-4.1	5.7	
-46.0	185.3	-14.0	5.7	
-43.5	182.8	-14.0	5.7	
25.4	195.1	-4.1	-1.7	
52.4	177.9	10.6	-9.1	
0.8	131.2	0.8	5.7	
3.2	104.1	8.2	8.2	
-11.5	82.0	3.2	-4.1	
-16.4	79.5	-26.3	0.8	
3.2	74.6	-1.7	10.6	
35.2	59.8	8.2	5.7	
52.4	82.0	8.2	5.7	
59.8	77.0	-4.1	-4.1	
22.9	52.4	-6.6	-1.7	
13.1	22.9	-21.4	5.7	
13.1	0.8	-11.5	8.2	
13.1	-6.6	-16.4	-11.5	
27.8	15.5	0.8	-1.7	
22.9	37.7	13.1	0.8	
0.8	54.9	30.3	8.2	
-21.4	54.9	25.4	3.2	
-21.4	35.2	13.1	8.2	
-36.1	37.7	27.8	5.7	
-41.0	50.0	22.9	3.2	
-48.4	54.9	27.8	-1.7	
-31.2	47.5	8.2	0.8	
-9.1	40.1	-18.9	-1.7	
25.4	10.6	-21.4	8.2	
45.1	-18.9	-63.2	-6.6	
25.4	-26.3	-16.4	13.1	
0.8	15.5	-6.6	5.7	
-11.5	50.0	-1.7	8.2	
-11.5	-4.1	5.7	3.2	
-6.6	-21.4	13.1	5.7	
-6.6	-11.5	-1.7	10.6	
-16.4	-18.9	20.5	0.8	
-4.1	-16.4	40.1	-4.1	
-21.4	15.5	32.8	3.2	
-14.0	42.6	69.7	18.0	
-4.1	57.4	72.1	13.1	
5.7	72.1	18.0	5.7	
-4.1	89.3	25.4	-1.7	
-6.6	72.1	-1.7	5.7	
-6.6	59.8	-28.7	3.2	
-4.1	45.1	-26.3	3.2	
15.5	20.5	-11.5	5.7	
20.5	18.0	-18.9	0.8	
15.5	3.2	-16.4	3.2	
10.6	8.2	-11.5	-1.7	
10.6	8.2	-33.7	0.8	
8.2	-23.8	-26.3	0.8	
3.2	-65.6	-9.1	0.8	
10.6	-82.9	-11.5	-1.7	
8.2	-53.3	-6.6	0.8	
15.5	-21.4	-1.7	5.7	
18.0	10.6	18.0	-4.1	
27.8	42.6	27.8	5.7	
8.2	67.2	18.0	0.8	
8.2	86.9	10.6	0.8	
8.2	94.3	5.7	5.7	
-41.0	77.0	5.7	3.2	
-100.1	57.4	8.2	-1.7	
-102.5	37.7	-9.1	8.2	
-70.6	22.9	3.2	8.2	
-21.4	32.8	-1.7	8.2	
45.1	25.4	18.0	8.2	
96.7	32.8	13.1	13.1	
72.1	18.0	5.7	22.9	
77.0	32.8	5.7	13.1	
47.5	27.8	-9.1	8.2	
20.5	22.9	-4.1	13.1	
18.0	32.8	-1.7	13.1	
22.9	30.3	10.6	18.0	
62.3	50.0	15.5	0.8	
35.2	40.1	25.4	5.7	
25.4	35.2	18.0	-4.1	
15.5	30.3	15.5	5.7	
27.8	20.5	-1.7	3.2	
15.5	0.8	-9.1	-11.5	
-16.4	-1.7	-36.1	-4.1	
-60.7	8.2	-26.3	5.7	
-41.0	3.2	-23.8	5.7	
-31.2	8.2	-9.1	15.5	
27.8	5.7	5.7	13.1	
67.2	15.5	-4.1	-4.1	
72.1	25.4	0.8	-6.6	
52.4	22.9	5.7	-4.1	
37.7	15.5	13.1	3.2	
8.2	20.5	20.5	-1.7	
20.5	22.9	27.8	0.8	
32.8	22.9	5.7	10.6	
45.1	27.8	-28.7	8.2	
13.1	27.8	-28.7	8.2	
-6.6	22.9	-26.3	8.2	
-9.1	25.4	37.7	20.5	
-18.9	10.6	50.0	18.0	
-41.0	8.2	15.5	22.9	
-9.1	15.5	5.7	18.0	
22.9	20.5	-4.1	22.9	
27.8	15.5	-1.7	18.0	
54.9	13.1	42.6	13.1	
45.1	13.1	18.0	27.8	
0.8	0.8	-21.4	10.6	
-18.9	5.7	-6.6	15.5	
8.2	0.8	-18.9	10.6	
52.4	10.6	3.2	10.6	
74.6	15.5	0.8	8.2	
8.2	25.4	13.1	10.6	
-1.7	32.8	25.4	5.7	
22.9	32.8	20.5	13.1	
25.4	10.6	3.2	10.6	
15.5	0.8	-16.4	3.2	
-41.0	-11.5	-41.0	8.2	
-68.1	-33.7	-11.5	15.5	
-36.1	-55.8	-6.6	3.2	
-46.0	-75.5	-6.6	18.0	
-28.7	-46.0	5.7	22.9	
8.2	-18.9	10.6	22.9	
0.8	8.2	-6.6	15.5	
42.6	-11.5	3.2	18.0	
79.5	-43.5	-23.8	8.2	
84.4	-50.9	-18.9	5.7	
42.6	-38.6	-28.7	15.5	
8.2	-16.4	-36.1	13.1	
-9.1	54.9	-46.0	0.8	
-4.1	121.3	-36.1	8.2	
8.2	131.2	-16.4	5.7	
15.5	148.4	-4.1	-9.1	
-16.4	160.7	15.5	8.2	
-4.1	165.6	47.5	0.8	
40.1	128.7	62.3	8.2	
32.8	94.3	69.7	3.2	
-46.0	52.4	72.1	-4.1	
-112.4	45.1	30.3	3.2	
-82.9	-9.1	15.5	0.8	
-21.4	-36.1	0.8	15.5	
52.4	-46.0	0.8	25.4	
136.1	-48.4	8.2	10.6	
143.5	-18.9	20.5	10.6	
148.4	32.8	15.5	0.8	
86.9	57.4	8.2	3.2	
57.4	96.7	5.7	-6.6	
30.3	91.8	5.7	-1.7	
-6.6	64.7	-4.1	8.2	
-46.0	0.8	-9.1	10.6	
-46.0	-33.7	-14.0	8.2	
-26.3	-41.0	-11.5	5.7	
-11.5	-11.5	-9.1	13.1	
22.9	22.9	3.2	0.8	
25.4	42.6	54.9	-1.7	
20.5	64.7	3.2	-14.0	
30.3	69.7	-53.3	-6.6	
3.2	79.5	-6.6	8.2	
10.6	79.5	5.7	5.7	
13.1	57.4	18.0	10.6	
15.5	22.9	8.2	3.2	
-1.7	10.6	3.2	10.6	
-28.7	5.7	-11.5	5.7	
-11.5	-1.7	-38.6	-9.1	
-14.0	-14.0	-18.9	-6.6	
3.2	-58.3	-4.1	-11.5	
10.6	-50.9	18.0	-14.0	
-11.5	-36.1	25.4	0.8	
-1.7	-28.7	32.8	8.2	
10.6	-16.4	15.5	15.5	
20.5	0.8	3.2	5.7	
22.9	25.4	-9.1	10.6	
25.4	32.8	5.7	-1.7	
0.8	40.1	-11.5	8.2	
-1.7	25.4	0.8	8.2	
-11.5	5.7	0.8	0.8	
10.6	-87.8	-4.1	5.7	
-11.5	-178.8	-23.8	10.6	
-31.2	-178.8	-28.7	3.2	
-18.9	-105.0	-16.4	-1.7	
5.7	-14.0	-26.3	-1.7	
18.0	91.8	-16.4	3.2	
3.2	138.5	-28.7	-1.7	
3.2	143.5	-16.4	5.7	
15.5	205.0	-6.6	-9.1	
13.1	214.8	27.8	3.2	
-18.9	195.1	32.8	-1.7	
-55.8	145.9	25.4	5.7	
-41.0	91.8	45.1	-1.7	
-23.8	72.1	69.7	10.6	
10.6	59.8	50.0	5.7	
20.5	54.9	8.2	-1.7	
3.2	67.2	-23.8	15.5	
-1.7	32.8	-16.4	13.1	
-38.6	18.0	-23.8	20.5	
-36.1	27.8	-11.5	18.0	
8.2	27.8	-1.7	10.6	
37.7	20.5	-4.1	0.8	
59.8	30.3	-4.1	-1.7	
47.5	35.2	-1.7	-1.7	
22.9	42.6	-14.0	3.2	
-1.7	30.3	0.8	5.7	
-41.0	15.5	8.2	15.5	
-9.1	13.1	0.8	8.2	
0.8	-1.7	-6.6	5.7	
-43.5	10.6	-6.6	8.2	
-70.6	5.7	5.7	15.5	
-50.9	0.8	-6.6	10.6	
-9.1	18.0	-1.7	-9.1	
37.7	27.8	-11.5	-16.4	
50.0	27.8	-14.0	-9.1	
52.4	45.1	-14.0	-6.6	
-6.6	42.6	-14.0	0.8	
-28.7	13.1	-4.1	13.1	
-4.1	18.0	-16.4	22.9	
-21.4	10.6	-21.4	22.9	
18.0	5.7	-11.5	8.2	
50.0	15.5	-26.3	-4.1	
-14.0	27.8	-11.5	-1.7	
-4.1	32.8	-4.1	-4.1	
30.3	20.5	-11.5	-1.7	
74.6	15.5	-16.4	13.1	
72.1	-16.4	-21.4	13.1	
42.6	-33.7	10.6	5.7	
-18.9	-41.0	18.0	18.0	
-43.5	-18.9	5.7	10.6	
-1.7	-6.6	-4.1	-4.1	
57.4	18.0	-16.4	0.8	
101.6	47.5	-28.7	-9.1	
82.0	82.0	-1.7	5.7	
-14.0	84.4	27.8	10.6	
-53.3	89.3	74.6	-1.7	
-28.7	64.7	67.2	-9.1	
10.6	32.8	62.3	-11.5	
-1.7	27.8	22.9	0.8	
-1.7	10.6	8.2	0.8	
25.4	-43.5	-9.1	0.8	
145.9	-55.8	-6.6	8.2	
217.3	-14.0	-1.7	3.2	
197.6	8.2	-4.1	5.7	
74.6	52.4	-6.6	8.2	
25.4	42.6	-6.6	3.2	
15.5	15.5	13.1	8.2	
5.7	40.1	32.8	15.5	
8.2	57.4	40.1	13.1	
-6.6	27.8	47.5	5.7	
-9.1	5.7	5.7	5.7	
-1.7	-11.5	-70.6	-1.7	
-4.1	-9.1	-53.3	-1.7	
-21.4	-4.1	-11.5	-9.1	
-14.0	-4.1	-23.8	5.7	
-21.4	-21.4	-48.4	-1.7	
-26.3	-63.2	-18.9	5.7	
-23.8	-60.7	40.1	15.5	
-14.0	-28.7	54.9	0.8	
-18.9	-11.5	59.8	-9.1	
-21.4	0.8	40.1	-9.1	
-16.4	35.2	40.1	0.8	
-9.1	69.7	37.7	3.2	
-9.1	101.6	45.1	5.7	
-6.6	69.7	37.7	10.6	
-6.6	-9.1	22.9	-1.7	
-11.5	-18.9	13.1	-1.7	
0.8	-26.3	13.1	-6.6	
-18.9	-31.2	-1.7	13.1	
-11.5	22.9	3.2	13.1	
3.2	45.1	-21.4	18.0	
-1.7	106.6	-60.7	0.8	
-4.1	148.4	-63.2	-9.1	
-1.7	136.1	-38.6	5.7	
-6.6	143.5	-23.8	10.6	
-1.7	99.2	-1.7	10.6	
3.2	64.7	10.6	5.7	
-4.1	8.2	5.7	8.2	
-6.6	-90.2	8.2	3.2	
-4.1	-228.0	54.9	13.1	
-4.1	-304.3	22.9	-4.1	
10.6	-264.9	3.2	3.2	
0.8	-200.9	69.7	3.2	
3.2	-134.5	96.7	5.7	
-21.4	-14.0	69.7	-1.7	
-46.0	84.4	18.0	-6.6	
-50.9	219.7	-9.1	5.7	
-36.1	283.7	-11.5	0.8	
-26.3	332.9	-33.7	-6.6	
-14.0	273.8	-21.4	-1.7	
-23.8	192.7	-11.5	3.2	
13.1	128.7	-14.0	0.8	
22.9	74.6	-9.1	-1.7	
15.5	-16.4	-1.7	-1.7	
22.9	-55.8	-11.5	3.2	
32.8	-58.3	-6.6	8.2	
25.4	-53.3	3.2	8.2	
30.3	-28.7	5.7	-6.6	
27.8	20.5	-4.1	5.7	
20.5	86.9	-4.1	3.2	
8.2	143.5	-11.5	3.2	
37.7	121.3	-14.0	0.8	
77.0	84.4	8.2	0.8	
79.5	42.6	-6.6	0.8	
32.8	20.5	-1.7	-1.7	
-23.8	15.5	-18.9	13.1	
-9.1	-11.5	-16.4	8.2	
20.5	-6.6	-14.0	-1.7	
82.0	-9.1	3.2	-9.1	
77.0	5.7	3.2	-4.1	
-1.7	13.1	15.5	3.2	
-68.1	-4.1	25.4	-6.6	
-92.7	-58.3	35.2	5.7	
-134.5	-119.8	15.5	-1.7	
-200.9	-200.9	-4.1	-9.1	
-200.9	-200.9	-6.6	0.8	
-55.8	-164.0	-6.6	-4.1	
84.4	-100.1	-1.7	-1.7	
214.8	10.6	-6.6	0.8	
264.0	89.3	0.8	-9.1	
101.6	155.8	-11.5	-4.1	
10.6	222.2	22.9	10.6	
20.5	236.9	32.8	5.7	
22.9	222.2	15.5	0.8	
69.7	175.4	-1.7	0.8	
59.8	126.2	-16.4	-1.7	
50.0	104.1	-14.0	15.5	
50.0	64.7	-16.4	13.1	
74.6	20.5	-9.1	13.1	
54.9	8.2	-21.4	18.0	
18.0	-14.0	18.0	10.6	
3.2	-1.7	20.5	-4.1	
-16.4	-1.7	20.5	0.8	
-50.9	5.7	20.5	8.2	
-53.3	-4.1	3.2	0.8	
-46.0	-65.6	0.8	3.2	
-33.7	-100.1	0.8	3.2	
-14.0	-70.6	40.1	8.2	
-11.5	-31.2	25.4	5.7	
8.2	3.2	22.9	-1.7	
25.4	18.0	25.4	0.8	
54.9	35.2	25.4	-11.5	
64.7	52.4	13.1	3.2	
27.8	52.4	-4.1	-9.1	
8.2	5.7	-6.6	-1.7	
-4.1	-6.6	-1.7	-1.7	
-43.5	18.0	-14.0	8.2	
-97.6	37.7	0.8	0.8	
-90.2	69.7	5.7	-4.1	
-55.8	96.7	15.5	-1.7	
32.8	89.3	18.0	-6.6	
86.9	64.7	27.8	0.8	
101.6	84.4	15.5	8.2	
109.0	84.4	37.7	0.8	
69.7	40.1	18.0	-1.7	
-31.2	22.9	8.2	-1.7	
-82.9	0.8	-18.9	5.7	
-36.1	-21.4	-18.9	-6.6	
-23.8	13.1	0.8	-14.0	
25.4	52.4	0.8	-11.5	
42.6	74.6	-1.7	-4.1	
13.1	118.9	-21.4	-4.1	
15.5	111.5	-18.9	-9.1	
54.9	82.0	-18.9	3.2	
54.9	57.4	-23.8	8.2	
101.6	52.4	-21.4	0.8	
79.5	54.9	-38.6	5.7	
8.2	30.3	-11.5	3.2	
-21.4	8.2	-14.0	-9.1	
-9.1	22.9	13.1	3.2	
13.1	10.6	20.5	5.7	
13.1	-4.1	37.7	0.8	
-4.1	-4.1	32.8	3.2	
-23.8	10.6	27.8	3.2	
-21.4	8.2	27.8	0.8	
-38.6	-28.7	18.0	-1.7	
0.8	-26.3	25.4	-9.1	
32.8	-4.1	25.4	-6.6	
18.0	18.0	18.0	-9.1	
15.5	25.4	5.7	-1.7	
13.1	25.4	18.0	-1.7	
3.2	45.1	10.6	3.2	
-9.1	72.1	18.0	0.8	
-4.1	82.0	18.0	3.2	
-43.5	30.3	40.1	-4.1	
-43.5	-11.5	47.5	5.7	
-28.7	-33.7	22.9	5.7	
-16.4	-53.3	25.4	-6.6	
-31.2	-68.1	10.6	-6.6	
0.8	-53.3	10.6	3.2	
30.3	-6.6	5.7	3.2	
50.0	22.9	18.0	-4.1	
79.5	42.6	8.2	-1.7	
79.5	35.2	0.8	-9.1	
77.0	15.5	3.2	8.2	
35.2	35.2	-1.7	-1.7	
-14.0	47.5	5.7	0.8	
-80.4	67.2	37.7	13.1	
-87.8	37.7	64.7	3.2	
-77.9	32.8	57.4	3.2	
-23.8	37.7	30.3	-1.7	
37.7	57.4	15.5	-1.7	
67.2	45.1	18.0	-1.7	
18.0	13.1	25.4	0.8	
40.1	-50.9	25.4	18.0	
109.0	-90.2	47.5	15.5	
118.9	-60.7	62.3	5.7	
136.1	-36.1	84.4	-11.5	
91.8	20.5	54.9	-1.7	
106.6	50.0	32.8	-9.1	
106.6	62.3	25.4	-4.1	
47.5	64.7	27.8	-18.9	
13.1	27.8	40.1	-11.5	
-11.5	30.3	40.1	-16.4	
-41.0	42.6	42.6	0.8	
-55.8	54.9	47.5	-4.1	
-53.3	35.2	35.2	0.8	
-50.9	54.9	13.1	-1.7	
-33.7	86.9	0.8	10.6	
-16.4	111.5	-4.1	5.7	
-11.5	109.0	-9.1	5.7	
-4.1	59.8	5.7	5.7	
30.3	-18.9	0.8	-4.1	
40.1	-63.2	-6.6	5.7	
27.8	-75.5	13.1	5.7	
37.7	-73.0	25.4	3.2	
35.2	-77.9	18.0	0.8	
5.7	-50.9	27.8	8.2	
-11.5	13.1	18.0	0.8	
-26.3	45.1	8.2	18.0	
-58.3	54.9	-21.4	40.1	
-68.1	5.7	-21.4	35.2	
-53.3	-65.6	-36.1	27.8	
-31.2	-68.1	-33.7	18.0	
-21.4	-50.9	-33.7	13.1	
15.5	-1.7	-28.7	-46.0	
20.5	22.9	-26.3	-48.4	
10.6	62.3	-28.7	-23.8	
3.2	121.3	-23.8	3.2	
-77.9	138.5	-21.4	42.6	
-105.0	126.2	-31.2	47.5	
-46.0	72.1	-36.1	50.0	
47.5	40.1	-28.7	47.5	
111.5	22.9	-28.7	35.2	
54.9	30.3	-21.4	13.1	
5.7	84.4	-9.1	0.8	
20.5	79.5	-23.8	-87.8	
45.1	104.1	-33.7	-134.5	
59.8	113.9	-21.4	-77.9	
25.4	59.8	-21.4	18.0	
20.5	50.0	-31.2	96.7	
35.2	45.1	-28.7	62.3	
47.5	25.4	-16.4	72.1	
45.1	3.2	-9.1	86.9	
35.2	-18.9	-4.1	82.0	
30.3	-11.5	-4.1	64.7	
32.8	-11.5	8.2	86.9	
13.1	-16.4	13.1	40.1	
15.5	-28.7	8.2	-28.7	
13.1	-23.8	-1.7	-102.5	
0.8	0.8	-6.6	-176.3	
-1.7	8.2	-6.6	-105.0	
-21.4	-1.7	-4.1	-21.4	
-26.3	-43.5	-4.1	22.9	
-46.0	-73.0	-46.0	54.9	
-31.2	-117.3	-46.0	-11.5	
-23.8	-80.4	-53.3	-102.5	
0.8	-9.1	-41.0	5.7	
-4.1	72.1	-18.9	84.4	
0.8	106.6	5.7	-21.4	
13.1	106.6	20.5	-11.5	
25.4	136.1	52.4	15.5	
40.1	158.2	52.4	69.7	
32.8	123.8	57.4	77.0	
27.8	79.5	47.5	64.7	
5.7	62.3	30.3	62.3	
5.7	52.4	-1.7	47.5	
8.2	54.9	3.2	37.7	
-1.7	59.8	-1.7	13.1	
-1.7	69.7	-6.6	-77.9	
-14.0	67.2	-21.4	-63.2	
10.6	57.4	-41.0	-1.7	
-4.1	40.1	-68.1	5.7	
-18.9	25.4	-58.3	8.2	
-9.1	13.1	-23.8	-4.1	
-9.1	20.5	0.8	-23.8	
-9.1	25.4	-1.7	-9.1	
-23.8	27.8	8.2	0.8	
-9.1	35.2	42.6	0.8	
-14.0	27.8	84.4	-1.7	
-1.7	8.2	62.3	-1.7	
0.8	-18.9	45.1	8.2	
-4.1	-48.4	-36.1	8.2	
8.2	-11.5	-92.7	18.0	
3.2	10.6	-100.1	13.1	
25.4	20.5	-60.7	18.0	
30.3	35.2	-43.5	18.0	
5.7	50.0	-14.0	27.8	
3.2	57.4	35.2	5.7	
-14.0	27.8	106.6	-1.7	
-4.1	-1.7	123.8	5.7	
18.0	-28.7	91.8	3.2	
-4.1	-9.1	52.4	15.5	
-11.5	25.4	40.1	32.8	
-11.5	42.6	27.8	15.5	
-1.7	52.4	5.7	8.2	
27.8	47.5	-11.5	8.2	
47.5	47.5	-33.7	13.1	
25.4	45.1	-31.2	15.5	
-9.1	54.9	-26.3	10.6	
-6.6	30.3	-4.1	3.2	
15.5	18.0	30.3	-4.1	
27.8	15.5	27.8	5.7	
8.2	25.4	42.6	5.7	
0.8	27.8	45.1	5.7	
22.9	37.7	22.9	15.5	
64.7	32.8	10.6	5.7	
54.9	32.8	-1.7	5.7	
27.8	27.8	-9.1	5.7	
8.2	27.8	-4.1	-11.5	
-18.9	18.0	5.7	-9.1	
-18.9	20.5	5.7	-4.1	
-4.1	22.9	32.8	-4.1	
35.2	22.9	15.5	0.8	
54.9	20.5	10.6	32.8	
18.0	25.4	3.2	52.4	
13.1	25.4	-9.1	37.7	
27.8	25.4	10.6	32.8	
15.5	32.8	5.7	18.0	
-9.1	35.2	-4.1	5.7	
-28.7	8.2	-6.6	-48.4	
-16.4	18.0	8.2	-55.8	
-18.9	15.5	-1.7	-60.7	
-14.0	10.6	0.8	-26.3	
-23.8	5.7	0.8	13.1	
-28.7	15.5	-6.6	40.1	
-31.2	22.9	5.7	30.3	
-14.0	20.5	-9.1	18.0	
-11.5	35.2	-1.7	0.8	
25.4	-4.1	5.7	-38.6	
47.5	-26.3	15.5	-50.9	
0.8	-6.6	8.2	-11.5	
-50.9	0.8	0.8	5.7	
-50.9	18.0	20.5	-1.7	
-26.3	40.1	15.5	-18.9	
42.6	47.5	15.5	-23.8	
84.4	54.9	8.2	-33.7	
121.3	54.9	8.2	-36.1	
131.2	42.6	-9.1	10.6	
84.4	42.6	3.2	106.6	
35.2	40.1	3.2	82.0	
20.5	40.1	-6.6	-4.1	
5.7	50.0	-41.0	-11.5	
-6.6	57.4	-16.4	3.2	
-23.8	57.4	27.8	13.1	
-1.7	22.9	67.2	10.6	
-9.1	8.2	72.1	0.8	
-46.0	0.8	35.2	5.7	
-82.9	-1.7	0.8	3.2	
-68.1	3.2	-53.3	-11.5	
-9.1	13.1	-97.6	0.8	
57.4	22.9	-95.2	0.8	
64.7	5.7	-77.9	8.2	
69.7	0.8	-55.8	3.2	
15.5	10.6	-31.2	10.6	
8.2	32.8	27.8	3.2	
25.4	47.5	79.5	10.6	
10.6	45.1	116.4	3.2	
3.2	35.2	69.7	-11.5	
35.2	32.8	47.5	-1.7	
59.8	40.1	27.8	-1.7	
74.6	52.4	27.8	5.7	
57.4	37.7	32.8	0.8	
52.4	37.7	30.3	0.8	
40.1	22.9	35.2	-14.0	
40.1	25.4	22.9	-6.6	
47.5	22.9	-1.7	-4.1	
30.3	35.2	-16.4	5.7	
32.8	18.0	3.2	-4.1	
32.8	25.4	-9.1	-14.0	
20.5	27.8	0.8	-4.1	
22.9	30.3	-14.0	-4.1	
25.4	5.7	-16.4	8.2	
20.5	5.7	-16.4	3.2	
10.6	-33.7	-18.9	5.7	
3.2	-80.4	-23.8	-4.1	
15.5	-36.1	10.6	-1.7	
18.0	-4.1	20.5	0.8	
5.7	15.5	47.5	8.2	
3.2	22.9	45.1	-9.1	
-4.1	35.2	32.8	-4.1	
-9.1	40.1	32.8	-14.0	
-1.7	57.4	8.2	-6.6	
-4.1	72.1	-4.1	-14.0	
-11.5	86.9	-1.7	-1.7	
0.8	89.3	-21.4	-4.1	
-9.1	82.0	-53.3	0.8	
-1.7	62.3	-36.1	-9.1	
0.8	64.7	5.7	-1.7	
-1.7	47.5	3.2	10.6	
-14.0	30.3	5.7	3.2	
-14.0	32.8	22.9	3.2	
-16.4	22.9	15.5	0.8	
-9.1	25.4	27.8	3.2	
-4.1	20.5	40.1	-9.1	
-4.1	25.4	42.6	-1.7	
-1.7	52.4	5.7	8.2	
-6.6	59.8	-26.3	8.2	
5.7	62.3	-43.5	0.8	
3.2	54.9	-28.7	5.7	
-18.9	35.2	-21.4	0.8	
-11.5	25.4	-14.0	-1.7	
-18.9	37.7	20.5	-1.7	
15.5	37.7	27.8	-4.1	
50.0	32.8	40.1	0.8	
69.7	40.1	52.4	0.8	
42.6	22.9	59.8	-6.6	
40.1	25.4	45.1	0.8	
18.0	10.6	-1.7	0.8	
13.1	0.8	-65.6	13.1	
-1.7	-41.0	-127.1	8.2	
-11.5	-65.6	-132.1	3.2	
-14.0	-36.1	-87.8	5.7	
-11.5	-11.5	-46.0	5.7	
-6.6	13.1	-6.6	3.2	
-1.7	42.6	35.2	5.7	
-14.0	67.2	82.0	-1.7	
-28.7	77.0	101.6	-4.1	
-1.7	72.1	104.1	5.7	
57.4	52.4	82.0	3.2	
79.5	30.3	40.1	-1.7	
35.2	18.0	0.8	0.8	
-31.2	22.9	-41.0	10.6	
-38.6	18.0	-55.8	-9.1	
5.7	37.7	-36.1	-1.7	
27.8	47.5	-14.0	0.8	
37.7	40.1	-1.7	13.1	
22.9	50.0	3.2	-14.0	
10.6	47.5	18.0	-9.1	
15.5	35.2	8.2	-18.9	
22.9	20.5	15.5	-14.0	
5.7	22.9	15.5	-11.5	
-4.1	45.1	15.5	5.7	
-31.2	32.8	18.0	77.0	
-50.9	20.5	-9.1	82.0	
-26.3	0.8	-21.4	64.7	
8.2	20.5	-6.6	54.9	
62.3	22.9	-1.7	32.8	
59.8	32.8	-4.1	8.2	
40.1	47.5	20.5	5.7	
-1.7	50.0	-1.7	-4.1	
-38.6	67.2	-28.7	-1.7	
-1.7	54.9	-55.8	0.8	
-21.4	40.1	-31.2	8.2	
5.7	40.1	-28.7	15.5	
45.1	3.2	-21.4	27.8	
57.4	-31.2	-4.1	18.0	
37.7	-36.1	-9.1	5.7	
18.0	-9.1	8.2	5.7	
15.5	-11.5	-9.1	-4.1	
3.2	8.2	3.2	-6.6	
-4.1	10.6	13.1	0.8	
-68.1	3.2	20.5	0.8	
-90.2	5.7	5.7	-11.5	
-33.7	0.8	8.2	-14.0	
0.8	5.7	5.7	-18.9	
74.6	37.7	-4.1	-14.0	
121.3	42.6	0.8	-6.6	
106.6	45.1	0.8	-6.6	
86.9	32.8	5.7	-14.0	
54.9	-16.4	20.5	-18.9	
25.4	-36.1	47.5	-4.1	
-21.4	-1.7	45.1	-9.1	
-14.0	15.5	37.7	-16.4	
-4.1	52.4	20.5	-21.4	
20.5	89.3	10.6	-18.9	
47.5	111.5	18.0	-26.3	
18.0	113.9	27.8	-23.8	
0.8	109.0	10.6	-21.4	
8.2	82.0	-46.0	-1.7	
-6.6	54.9	-28.7	8.2	
-26.3	-9.1	-1.7	20.5	
-4.1	-23.8	-16.4	13.1	
5.7	-18.9	-11.5	5.7	
5.7	8.2	-16.4	-9.1	
8.2	30.3	-18.9	-21.4	
5.7	42.6	-9.1	-14.0	
10.6	40.1	3.2	-4.1	
-21.4	37.7	-6.6	-16.4	
-18.9	-4.1	-1.7	-14.0	
-6.6	-31.2	5.7	3.2	
-18.9	-41.0	-1.7	-4.1	
-18.9	-16.4	-36.1	-9.1	
-36.1	-4.1	-48.4	5.7	
-82.9	35.2	-33.7	-1.7	
-102.5	106.6	-28.7	18.0	
-80.4	99.2	0.8	8.2	
-95.2	84.4	22.9	-1.7	
-68.1	57.4	42.6	5.7	
5.7	13.1	42.6	3.2	
79.5	8.2	40.1	20.5	
133.6	8.2	18.0	15.5	
143.5	20.5	-4.1	20.5	
62.3	27.8	-26.3	10.6	
42.6	30.3	-11.5	3.2	
69.7	40.1	5.7	3.2	
84.4	59.8	8.2	8.2	
77.0	89.3	13.1	8.2	
57.4	82.0	18.0	10.6	
0.8	42.6	5.7	15.5	
-28.7	54.9	-14.0	22.9	
-28.7	47.5	-9.1	20.5	
27.8	62.3	-1.7	18.0	
52.4	47.5	-1.7	18.0	
27.8	32.8	-14.0	15.5	
20.5	20.5	-23.8	18.0	
35.2	13.1	-9.1	15.5	
22.9	20.5	-4.1	18.0	
-4.1	22.9	5.7	20.5	
-6.6	32.8	-4.1	15.5	
3.2	20.5	10.6	18.0	
42.6	5.7	8.2	20.5	
27.8	-31.2	10.6	5.7	
-9.1	-11.5	27.8	3.2	
-16.4	0.8	30.3	0.8	
10.6	27.8	10.6	0.8	
18.0	54.9	-6.6	-1.7	
10.6	42.6	10.6	10.6	
0.8	35.2	-9.1	3.2	
-1.7	52.4	-4.1	8.2	
-16.4	50.0	-16.4	-1.7	
-26.3	52.4	-18.9	-4.1	
-23.8	32.8	-23.8	13.1	
-6.6	47.5	-18.9	18.0	
10.6	42.6	5.7	10.6	
22.9	20.5	20.5	5.7	
32.8	5.7	25.4	-4.1	
27.8	-1.7	57.4	13.1	
20.5	-6.6	91.8	8.2	
18.0	-9.1	86.9	5.7	
8.2	-18.9	72.1	18.0	
-6.6	-11.5	35.2	8.2	
-6.6	-4.1	-16.4	3.2	
-14.0	-4.1	-53.3	0.8	
-14.0	8.2	-26.3	0.8	
-21.4	0.8	10.6	3.2	
-21.4	10.6	-14.0	-6.6	
-11.5	3.2	-53.3	22.9	
0.8	13.1	-48.4	10.6	
5.7	32.8	-23.8	10.6	
18.0	32.8	-36.1	-1.7	
13.1	13.1	-26.3	15.5	
20.5	8.2	-18.9	5.7	
3.2	15.5	-9.1	-4.1	
-11.5	30.3	-18.9	5.7	
-9.1	22.9	-26.3	0.8	
-6.6	20.5	-26.3	-6.6	
20.5	10.6	-16.4	3.2	
15.5	-1.7	0.8	-6.6	
10.6	8.2	-11.5	-1.7	
18.0	8.2	-6.6	-6.6	
3.2	30.3	13.1	-1.7	
-21.4	40.1	35.2	0.8	
-26.3	47.5	32.8	3.2	
-36.1	37.7	40.1	0.8	
-28.7	15.5	27.8	5.7	
30.3	25.4	20.5	-9.1	
50.0	27.8	32.8	0.8	
-14.0	18.0	25.4	8.2	
-50.9	20.5	15.5	13.1	
-43.5	25.4	0.8	5.7	
3.2	25.4	3.2	-4.1	
54.9	27.8	-6.6	0.8	
54.9	30.3	-21.4	8.2	
8.2	37.7	-14.0	-1.7	
-23.8	15.5	-4.1	-11.5	
-43.5	-63.2	-4.1	-14.0	
-9.1	-139.4	15.5	-6.6	
20.5	-181.3	10.6	5.7	
27.8	-161.6	0.8	0.8	
25.4	-95.2	5.7	0.8	
40.1	37.7	0.8	3.2	
57.4	148.4	-6.6	-4.1	
0.8	175.4	-36.1	-1.7	
20.5	192.7	-38.6	0.8	
86.9	187.7	-21.4	8.2	
91.8	170.5	-11.5	20.5	
35.2	136.1	-11.5	10.6	
20.5	86.9	-9.1	0.8	
27.8	69.7	-11.5	-6.6	
45.1	62.3	10.6	27.8	
13.1	15.5	10.6	27.8	
25.4	25.4	42.6	13.1	
74.6	27.8	59.8	-9.1	
79.5	27.8	57.4	-6.6	
47.5	40.1	27.8	25.4	
25.4	25.4	-28.7	35.2	
-9.1	18.0	-55.8	30.3	
-9.1	27.8	-41.0	-9.1	
-11.5	18.0	8.2	-26.3	
27.8	27.8	8.2	-31.2	
54.9	13.1	18.0	-6.6	
25.4	20.5	32.8	15.5	
-28.7	27.8	15.5	5.7	
-41.0	5.7	3.2	35.2	
-14.0	22.9	-23.8	121.3	
-6.6	10.6	-14.0	153.3	
-21.4	18.0	-11.5	57.4	
-31.2	20.5	-1.7	40.1	
-14.0	25.4	-4.1	35.2	
3.2	30.3	-4.1	22.9	
18.0	42.6	-1.7	-38.6	
35.2	52.4	5.7	-109.9	
30.3	57.4	-6.6	-68.1	
27.8	47.5	-1.7	-63.2	
3.2	30.3	-9.1	-43.5	
-9.1	25.4	10.6	-36.1	
-9.1	13.1	30.3	-4.1	
-9.1	25.4	40.1	8.2	
-14.0	27.8	22.9	15.5	
-4.1	35.2	27.8	18.0	
10.6	45.1	5.7	-16.4	
40.1	30.3	22.9	-18.9	
22.9	35.2	13.1	10.6	
13.1	20.5	10.6	15.5	
5.7	25.4	3.2	-4.1	
0.8	15.5	-4.1	-31.2	
-4.1	25.4	-11.5	-18.9	
-1.7	25.4	-1.7	13.1	
-1.7	25.4	5.7	30.3	
-14.0	27.8	-14.0	40.1	
0.8	27.8	-11.5	50.0	
-9.1	32.8	-14.0	32.8	
-6.6	42.6	-28.7	5.7	
-16.4	42.6	-41.0	-9.1	
5.7	37.7	-16.4	-11.5	
13.1	-11.5	15.5	-11.5	
20.5	-21.4	42.6	15.5	
8.2	-28.7	47.5	15.5	
-14.0	-16.4	30.3	15.5	
-6.6	-28.7	45.1	15.5	
25.4	-38.6	42.6	30.3	
3.2	-36.1	30.3	25.4	
0.8	-43.5	37.7	22.9	
-9.1	-41.0	-9.1	-14.0	
-9.1	-16.4	-33.7	-28.7	
-1.7	27.8	-33.7	-9.1	
22.9	89.3	-46.0	3.2	
13.1	133.6	-14.0	3.2	
13.1	128.7	3.2	3.2	
0.8	116.4	15.5	0.8	
-1.7	126.2	27.8	13.1	
13.1	99.2	10.6	13.1	
-1.7	84.4	-26.3	5.7	
-14.0	64.7	-31.2	-4.1	
20.5	62.3	-26.3	3.2	
32.8	32.8	-1.7	-9.1	
8.2	30.3	8.2	-1.7	
18.0	37.7	5.7	0.8	
45.1	32.8	5.7	-1.7	
25.4	25.4	10.6	8.2	
-1.7	18.0	3.2	13.1	
0.8	20.5	25.4	13.1	
8.2	25.4	8.2	18.0	
15.5	25.4	-4.1	3.2	
30.3	22.9	-4.1	3.2	
0.8	30.3	-14.0	3.2	
-41.0	35.2	-14.0	-1.7	
-16.4	20.5	-16.4	8.2	
-11.5	15.5	42.6	-6.6	
27.8	25.4	86.9	10.6	
54.9	20.5	84.4	18.0	
30.3	25.4	35.2	10.6	
25.4	40.1	22.9	3.2	
25.4	20.5	37.7	3.2	
30.3	22.9	10.6	5.7	
8.2	15.5	-36.1	13.1	
-21.4	15.5	-41.0	8.2	
-31.2	30.3	-23.8	-11.5	
-1.7	27.8	-33.7	0.8	
22.9	27.8	-31.2	-9.1	
32.8	40.1	-11.5	-4.1	
35.2	45.1	27.8	5.7	
37.7	45.1	10.6	0.8	
5.7	30.3	-11.5	-4.1	
-23.8	18.0	-1.7	-9.1	
-6.6	10.6	20.5	-4.1	
15.5	-21.4	42.6	-16.4	
37.7	-6.6	8.2	5.7	
35.2	5.7	-18.9	-1.7	
22.9	20.5	-11.5	3.2	
3.2	20.5	25.4	-1.7	
8.2	35.2	27.8	5.7	
-6.6	42.6	0.8	-9.1	
3.2	35.2	-9.1	-14.0	
-4.1	18.0	-1.7	0.8	
-11.5	20.5	13.1	8.2	
-9.1	18.0	22.9	3.2	
8.2	25.4	15.5	5.7	
-16.4	20.5	99.2	0.8	
-6.6	20.5	84.4	3.2	
8.2	22.9	54.9	8.2	
-6.6	22.9	42.6	8.2	
-4.1	20.5	-16.4	22.9	
-6.6	30.3	-82.9	0.8	
-1.7	32.8	-55.8	-11.5	
-9.1	32.8	-26.3	5.7	
0.8	32.8	-33.7	22.9	
-4.1	32.8	-63.2	3.2	
-6.6	32.8	-50.9	3.2	
-16.4	37.7	-97.6	0.8	
-53.3	27.8	-41.0	-4.1	
-73.0	32.8	-18.9	-1.7	
-55.8	42.6	-28.7	5.7	
0.8	47.5	-55.8	-1.7	
40.1	42.6	-50.9	-1.7	
64.7	32.8	-1.7	-4.1	
72.1	40.1	22.9	3.2	
37.7	32.8	47.5	18.0	
35.2	45.1	15.5	13.1	
-16.4	37.7	18.0	-4.1	
-43.5	35.2	18.0	3.2	
-50.9	30.3	-1.7	8.2	
-41.0	20.5	13.1	-6.6	
10.6	15.5	74.6	0.8	
27.8	13.1	50.0	3.2	
30.3	22.9	57.4	40.1	
22.9	47.5	40.1	25.4	
45.1	40.1	0.8	-9.1	
64.7	30.3	-18.9	-23.8	
79.5	45.1	0.8	-9.1	
18.0	42.6	27.8	-1.7	
-9.1	45.1	27.8	-1.7	
-23.8	40.1	22.9	30.3	
-14.0	35.2	57.4	30.3	
22.9	45.1	54.9	18.0	
64.7	32.8	27.8	5.7	
57.4	37.7	27.8	3.2	
20.5	32.8	50.0	0.8	
18.0	25.4	54.9	13.1	
20.5	25.4	-4.1	10.6	
-9.1	35.2	-16.4	15.5	
-36.1	27.8	-4.1	5.7	
-23.8	40.1	-11.5	-21.4	
5.7	25.4	-6.6	-11.5	
57.4	25.4	-4.1	5.7	
69.7	22.9	-53.3	22.9	
18.0	30.3	-97.6	27.8	
-18.9	42.6	-82.9	10.6	
-1.7	42.6	-41.0	10.6	
10.6	50.0	-53.3	3.2	
8.2	52.4	-41.0	18.0	
-11.5	47.5	0.8	3.2	
-41.0	27.8	45.1	-1.7	
5.7	30.3	64.7	-11.5	
47.5	40.1	82.0	3.2	
91.8	42.6	94.3	0.8	
62.3	42.6	74.6	-11.5	
18.0	35.2	-48.4	-9.1	
27.8	20.5	-36.1	-6.6	
20.5	27.8	57.4	8.2	
-1.7	30.3	69.7	0.8	
-41.0	25.4	30.3	-1.7	
-60.7	30.3	-23.8	10.6	
-50.9	32.8	-36.1	8.2	
-50.9	27.8	-9.1	8.2	
5.7	47.5	-6.6	20.5	
59.8	37.7	10.6	13.1	
69.7	27.8	-6.6	0.8	
32.8	13.1	-18.9	0.8	
-4.1	18.0	-21.4	5.7	
10.6	32.8	-21.4	-9.1	
22.9	13.1	3.2	0.8	
27.8	10.6	13.1	-11.5	
13.1	15.5	-11.5	-11.5	
3.2	27.8	-33.7	-4.1	
-9.1	27.8	15.5	3.2	
-4.1	25.4	18.0	30.3	
-4.1	27.8	3.2	57.4	
0.8	22.9	-16.4	50.0	
-1.7	25.4	-1.7	37.7	
0.8	22.9	18.0	10.6	
0.8	22.9	-9.1	-1.7	
-11.5	35.2	-41.0	0.8	
-11.5	20.5	-1.7	-41.0	
22.9	30.3	40.1	-58.3	
27.8	30.3	40.1	-4.1	
5.7	30.3	30.3	18.0	
-16.4	22.9	10.6	72.1	
-4.1	30.3	-18.9	15.5	
-6.6	30.3	-31.2	-38.6	
-11.5	37.7	-43.5	-28.7	
3.2	30.3	-58.3	3.2	
-1.7	40.1	-21.4	8.2	
-4.1	40.1	10.6	35.2	
13.1	35.2	22.9	35.2	
20.5	22.9	42.6	22.9	
8.2	30.3	52.4	3.2	
-1.7	20.5	45.1	-28.7	
5.7	20.5	13.1	-41.0	
0.8	37.7	-21.4	-33.7	
10.6	30.3	-36.1	-18.9	
15.5	32.8	-18.9	-1.7	
10.6	25.4	-122.2	-1.7	
3.2	35.2	-117.3	-9.1	
5.7	35.2	-119.8	-6.6	
-1.7	37.7	-65.6	5.7	
-4.1	30.3	-68.1	-1.7	
0.8	35.2	-77.9	18.0	
-4.1	32.8	37.7	8.2	
5.7	30.3	121.3	20.5	
0.8	30.3	116.4	22.9	
-18.9	35.2	84.4	25.4	
-33.7	37.7	32.8	27.8	
-48.4	42.6	57.4	42.6	
-80.4	32.8	79.5	8.2	
-100.1	35.2	57.4	-9.1	
-65.6	30.3	47.5	-11.5	
15.5	30.3	18.0	8.2	
74.6	22.9	5.7	3.2	
89.3	32.8	0.8	0.8	
47.5	35.2	-4.1	5.7	
42.6	30.3	0.8	3.2	
22.9	13.1	13.1	-6.6	
-4.1	15.5	32.8	-1.7	
15.5	13.1	32.8	0.8	
86.9	8.2	37.7	-1.7	
82.0	5.7	37.7	3.2	
64.7	13.1	5.7	0.8	
18.0	22.9	-18.9	-6.6	
-4.1	22.9	-33.7	3.2	
-4.1	30.3	-33.7	3.2	
18.0	10.6	-28.7	-6.6	
52.4	5.7	-16.4	-4.1	
42.6	20.5	-9.1	-9.1	
15.5	22.9	-9.1	13.1	
45.1	15.5	3.2	10.6	
62.3	20.5	3.2	8.2	
74.6	15.5	25.4	-4.1	
10.6	27.8	45.1	-6.6	
-28.7	37.7	5.7	0.8	
-18.9	57.4	8.2	8.2	
-28.7	35.2	57.4	-1.7	
-21.4	27.8	82.0	-4.1	
-23.8	37.7	91.8	-4.1	
-1.7	35.2	86.9	-1.7	
0.8	32.8	45.1	-1.7	
13.1	22.9	-18.9	-11.5	
35.2	25.4	-38.6	-6.6	
5.7	45.1	-73.0	-1.7	
-11.5	57.4	-105.0	0.8	
-14.0	52.4	-90.2	5.7	
-1.7	37.7	-68.1	-11.5	
-16.4	32.8	-53.3	10.6	
-11.5	37.7	-14.0	-4.1	
-26.3	32.8	3.2	3.2	
-48.4	47.5	15.5	10.6	
-38.6	35.2	40.1	10.6	
-43.5	32.8	35.2	13.1	
-18.9	27.8	40.1	8.2	
-33.7	20.5	47.5	8.2	
-11.5	10.6	42.6	8.2	
3.2	10.6	47.5	10.6	
-14.0	-1.7	5.7	0.8	
-14.0	37.7	-85.3	8.2	
3.2	42.6	-65.6	10.6	
18.0	40.1	-23.8	15.5	
52.4	25.4	-33.7	22.9	
42.6	27.8	-41.0	37.7	
0.8	-1.7	-21.4	18.0	
-36.1	-4.1	-1.7	35.2	
-21.4	-4.1	-21.4	37.7	
25.4	10.6	-1.7	35.2	
52.4	15.5	5.7	32.8	
62.3	40.1	30.3	52.4	
37.7	67.2	94.3	18.0	
37.7	79.5	118.9	-26.3	
0.8	77.0	133.6	-33.7	
-23.8	67.2	89.3	-31.2	
10.6	50.0	42.6	-14.0	
20.5	-18.9	10.6	-31.2	
52.4	-50.9	-16.4	-21.4	
50.0	-65.6	-31.2	-11.5	
45.1	-90.2	37.7	-11.5	
32.8	-41.0	69.7	-21.4	
0.8	22.9	64.7	-14.0	
18.0	35.2	35.2	-18.9	
22.9	32.8	18.0	-6.6	
32.8	47.5	-11.5	-1.7	
15.5	57.4	-92.7	-1.7	
35.2	35.2	-132.1	-11.5	
25.4	32.8	-80.4	-18.9	
5.7	45.1	-53.3	-18.9	
-1.7	59.8	-28.7	-1.7	
18.0	62.3	-16.4	-14.0	
32.8	57.4	10.6	-6.6	
32.8	50.0	25.4	-23.8	
22.9	45.1	22.9	-14.0	
22.9	20.5	0.8	-6.6	
8.2	-36.1	-48.4	-23.8	
-1.7	-87.8	-14.0	-18.9	
8.2	-82.9	-4.1	-9.1	
-9.1	-55.8	8.2	-4.1	
-53.3	10.6	-9.1	0.8	
-87.8	35.2	-11.5	-6.6	
-80.4	54.9	-6.6	-6.6	
-43.5	74.6	13.1	-9.1	
18.0	84.4	35.2	-4.1	
91.8	62.3	32.8	-21.4	
69.7	45.1	32.8	-28.7	
54.9	-21.4	30.3	-21.4	
25.4	-87.8	27.8	-31.2	
22.9	-85.3	3.2	-33.7	
20.5	-50.9	-23.8	-18.9	
20.5	-11.5	-4.1	5.7	
-4.1	30.3	52.4	8.2	
-21.4	45.1	62.3	5.7	
-23.8	45.1	27.8	10.6	
-26.3	42.6	45.1	-1.7	
-28.7	45.1	42.6	-21.4	
-14.0	-21.4	18.0	-43.5	
-11.5	-58.3	22.9	-46.0	
-9.1	-46.0	25.4	-28.7	
-18.9	-4.1	-18.9	-31.2	
18.0	50.0	-23.8	-6.6	
69.7	57.4	-9.1	-9.1	
99.2	42.6	-18.9	-6.6	
35.2	3.2	-53.3	-1.7	
-11.5	15.5	-73.0	-4.1	
-21.4	72.1	-41.0	-14.0	
25.4	50.0	3.2	18.0	
25.4	59.8	40.1	27.8	
45.1	84.4	40.1	0.8	
62.3	111.5	30.3	-1.7	
54.9	82.0	20.5	-6.6	
15.5	82.0	37.7	-4.1	
15.5	79.5	5.7	-1.7	
13.1	91.8	-16.4	5.7	
3.2	79.5	-9.1	13.1	
-23.8	52.4	0.8	35.2	
-28.7	45.1	47.5	20.5	
-6.6	27.8	45.1	30.3	
0.8	22.9	13.1	15.5	
-6.6	27.8	27.8	27.8	
-11.5	15.5	45.1	22.9	
8.2	3.2	47.5	20.5	
5.7	-4.1	13.1	18.0	
15.5	15.5	22.9	3.2	
10.6	10.6	10.6	8.2	
-33.7	13.1	3.2	5.7	
-60.7	40.1	-14.0	8.2	
-16.4	25.4	-23.8	3.2	
57.4	20.5	-41.0	-14.0	
79.5	10.6	-14.0	-14.0	
52.4	10.6	0.8	-21.4	
13.1	-18.9	22.9	-18.9	
3.2	-26.3	62.3	-33.7	
27.8	-14.0	104.1	-26.3	
37.7	3.2	121.3	8.2	
20.5	3.2	89.3	13.1	
13.1	0.8	82.0	27.8	
8.2	27.8	84.4	37.7	
0.8	42.6	-14.0	13.1	
13.1	45.1	-109.9	-1.7	
10.6	50.0	-102.5	-9.1	
5.7	62.3	-60.7	5.7	
-18.9	35.2	-53.3	20.5	
-16.4	-1.7	-50.9	10.6	
-16.4	-21.4	0.8	-1.7	
-33.7	-14.0	15.5	18.0	
-33.7	-9.1	32.8	20.5	
-18.9	-18.9	22.9	25.4	
-21.4	-6.6	20.5	25.4	
-23.8	13.1	-14.0	5.7	
-18.9	47.5	-50.9	-9.1	
-18.9	77.0	-58.3	3.2	
-38.6	67.2	-31.2	5.7	
-26.3	47.5	-31.2	0.8	
-4.1	35.2	-14.0	5.7	
-70.6	15.5	-4.1	15.5	
-97.6	15.5	25.4	8.2	
-75.5	-36.1	47.5	0.8	
5.7	-107.5	59.8	0.8	
72.1	-156.7	52.4	5.7	
25.4	-178.8	8.2	-11.5	
-4.1	-129.6	-9.1	-4.1	
-16.4	-55.8	10.6	-14.0	
54.9	-6.6	27.8	-11.5	
121.3	67.2	59.8	-16.4	
113.9	145.9	52.4	-4.1	
72.1	192.7	-1.7	-11.5	
30.3	182.8	-31.2	0.8	
3.2	165.6	10.6	18.0	
32.8	126.2	67.2	27.8	
37.7	89.3	77.0	5.7	
45.1	67.2	47.5	-9.1	
32.8	54.9	8.2	0.8	
37.7	40.1	-41.0	5.7	
-11.5	37.7	-38.6	-6.6	
-60.7	-28.7	-21.4	3.2	
-58.3	-73.0	-18.9	-1.7	
15.5	-97.6	-11.5	0.8	
91.8	-68.1	-1.7	5.7	
101.6	-23.8	0.8	15.5	
45.1	42.6	-6.6	8.2	
37.7	82.0	-33.7	10.6	
35.2	77.0	-58.3	13.1	
8.2	86.9	-38.6	15.5	
3.2	84.4	-26.3	18.0	
-4.1	79.5	-23.8	20.5	
-18.9	42.6	-9.1	25.4	
-11.5	10.6	-6.6	30.3	
-21.4	25.4	13.1	22.9	
-14.0	42.6	18.0	32.8	
0.8	47.5	42.6	22.9	
3.2	37.7	79.5	18.0	
-16.4	37.7	84.4	30.3	
-26.3	10.6	77.0	32.8	
3.2	-18.9	82.0	25.4	
25.4	-14.0	30.3	40.1	
32.8	-14.0	-9.1	35.2	
45.1	-60.7	-43.5	37.7	
8.2	-137.0	-92.7	32.8	
-28.7	-114.8	-82.9	30.3	
-23.8	-68.1	-50.9	27.8	
-11.5	-26.3	-26.3	27.8	
-21.4	10.6	-14.0	8.2	
-16.4	57.4	-16.4	5.7	
-1.7	84.4	0.8	18.0	
20.5	118.9	-11.5	30.3	
10.6	128.7	5.7	30.3	
3.2	118.9	35.2	25.4	
30.3	86.9	89.3	15.5	
5.7	62.3	113.9	22.9	
-14.0	27.8	111.5	18.0	
-11.5	20.5	96.7	15.5	
-18.9	5.7	67.2	13.1	
15.5	-16.4	10.6	22.9	
32.8	-14.0	-21.4	20.5	
40.1	-60.7	-26.3	15.5	
25.4	-80.4	30.3	5.7	
35.2	-82.9	79.5	8.2	
10.6	-114.8	96.7	3.2	
15.5	-144.4	57.4	0.8	
10.6	-87.8	-31.2	8.2	
13.1	-14.0	-41.0	0.8	
22.9	77.0	-14.0	-18.9	
-6.6	136.1	15.5	-9.1	
-14.0	173.0	42.6	3.2	
-6.6	143.5	35.2	-18.9	
-4.1	118.9	5.7	-6.6	
-1.7	104.1	-50.9	-14.0	
0.8	69.7	-41.0	-14.0	
10.6	52.4	-31.2	-9.1	
25.4	45.1	-18.9	-14.0	
13.1	37.7	-14.0	-23.8	
-33.7	25.4	-26.3	-14.0	
-26.3	27.8	-11.5	-11.5	
-46.0	32.8	13.1	-14.0	
-48.4	25.4	37.7	-14.0	
-1.7	22.9	25.4	-21.4	
13.1	27.8	20.5	-33.7	
37.7	22.9	18.0	-33.7	
84.4	10.6	18.0	-26.3	
72.1	18.0	-16.4	-23.8	
52.4	22.9	62.3	-41.0	
50.0	-9.1	143.5	-33.7	
35.2	-18.9	150.8	-28.7	
0.8	8.2	91.8	-38.6	
-36.1	22.9	20.5	-48.4	
-63.2	27.8	-33.7	-50.9	
-60.7	10.6	-53.3	-53.3	
-31.2	3.2	-73.0	-50.9	
0.8	10.6	-80.4	-38.6	
32.8	8.2	-80.4	-38.6	
47.5	20.5	-77.9	-1.7	
77.0	10.6	-82.9	-18.9	
86.9	5.7	-92.7	-41.0	
37.7	3.2	-58.3	-33.7	
-1.7	13.1	-48.4	-43.5	
8.2	32.8	-43.5	-53.3	
13.1	40.1	-48.4	-53.3	
32.8	32.8	-38.6	-48.4	
40.1	25.4	20.5	-50.9	
37.7	27.8	113.9	-43.5	
5.7	13.1	160.7	-48.4	
-23.8	22.9	185.3	-36.1	
-18.9	18.0	168.1	-43.5	
-11.5	18.0	111.5	-46.0	
30.3	20.5	20.5	-53.3	
35.2	25.4	-43.5	-28.7	
5.7	10.6	-105.0	-36.1	
-1.7	-48.4	-63.2	-38.6	
0.8	-107.5	-60.7	-46.0	
5.7	-102.5	-97.6	-46.0	
8.2	-70.6	-65.6	-48.4	
-18.9	-23.8	-33.7	-48.4	
-21.4	30.3	-36.1	-58.3	
-14.0	86.9	-18.9	-58.3	
-4.1	106.6	-23.8	-55.8	
-9.1	109.0	8.2	-46.0	
0.8	109.0	20.5	-43.5	
-16.4	106.6	25.4	-41.0	
-9.1	94.3	10.6	-18.9	
-23.8	86.9	20.5	-26.3	
-11.5	64.7	50.0	-53.3	
-23.8	32.8	72.1	-46.0	
-41.0	20.5	94.3	-48.4	
-46.0	15.5	64.7	-50.9	
-23.8	5.7	40.1	-63.2	
27.8	3.2	15.5	-90.2	
64.7	-4.1	18.0	-87.8	
74.6	-6.6	18.0	-75.5	
22.9	40.1	15.5	-68.1	
22.9	50.0	5.7	-70.6	
54.9	27.8	5.7	-43.5	
54.9	-21.4	-1.7	-28.7	
25.4	-92.7	0.8	-6.6	
8.2	-95.2	-14.0	8.2	
-28.7	-112.4	-21.4	30.3	
-41.0	-114.8	-11.5	52.4	
-18.9	-100.1	-16.4	77.0	
-28.7	-77.9	-23.8	84.4	
-38.6	-26.3	-4.1	91.8	
-36.1	40.1	15.5	106.6	
3.2	116.4	27.8	116.4	
18.0	143.5	25.4	128.7	
42.6	59.8	22.9	116.4	
42.6	-50.9	32.8	123.8	
40.1	-33.7	47.5	118.9	
64.7	15.5	37.7	101.6	
32.8	72.1	59.8	104.1	
15.5	116.4	69.7	109.0	
-1.7	128.7	5.7	101.6	
-28.7	141.0	37.7	91.8	
-50.9	165.6	32.8	84.4	
-102.5	143.5	27.8	91.8	
-75.5	111.5	18.0	86.9	
27.8	86.9	18.0	77.0	
62.3	40.1	-16.4	79.5	
99.2	-11.5	-14.0	79.5	
79.5	-60.7	-21.4	74.6	
59.8	-46.0	-23.8	72.1	
45.1	-18.9	-36.1	67.2	
54.9	-4.1	-90.2	69.7	
18.0	3.2	-82.9	67.2	
13.1	37.7	-60.7	64.7	
-41.0	64.7	-26.3	45.1	
-53.3	89.3	27.8	50.0	
-53.3	77.0	72.1	47.5	
-18.9	59.8	106.6	42.6	
20.5	40.1	82.0	42.6	
40.1	20.5	52.4	35.2	
18.0	5.7	32.8	42.6	
22.9	-4.1	-18.9	37.7	
-4.1	-14.0	-36.1	40.1	
-58.3	-18.9	13.1	32.8	
-33.7	-23.8	20.5	27.8	
-48.4	-16.4	-26.3	27.8	
-11.5	-33.7	-46.0	25.4	
37.7	-6.6	-41.0	27.8	
84.4	15.5	-43.5	20.5	
79.5	30.3	-18.9	20.5	
86.9	45.1	10.6	18.0	
86.9	35.2	10.6	18.0	
37.7	40.1	42.6	18.0	
27.8	54.9	79.5	10.6	
15.5	45.1	69.7	22.9	
37.7	30.3	40.1	18.0	
25.4	22.9	37.7	20.5	
20.5	18.0	5.7	18.0	
27.8	0.8	-46.0	22.9	
22.9	8.2	-28.7	32.8	
25.4	20.5	-16.4	22.9	
25.4	30.3	-73.0	18.0	
13.1	27.8	-112.4	8.2	
0.8	27.8	-60.7	8.2	
-11.5	37.7	25.4	13.1	
-9.1	22.9	116.4	13.1	
-6.6	5.7	200.0	5.7	
0.8	-26.3	271.4	15.5	
-9.1	-28.7	249.2	15.5	
-14.0	-16.4	153.3	8.2	
-21.4	5.7	67.2	3.2	
-16.4	37.7	79.5	3.2	
-11.5	42.6	89.3	0.8	
-9.1	40.1	74.6	-1.7	
-23.8	47.5	54.9	-1.7	
-16.4	52.4	15.5	-1.7	
-14.0	37.7	-68.1	13.1	
18.0	45.1	-119.8	3.2	
37.7	69.7	-137.0	-1.7	
20.5	84.4	-127.1	-14.0	
8.2	54.9	-107.5	-11.5	
3.2	32.8	-107.5	10.6	
-21.4	15.5	-92.7	-11.5	
-46.0	8.2	-139.4	-4.1	
-23.8	-6.6	-122.2	8.2	
5.7	-1.7	-124.7	40.1	
8.2	-9.1	-100.1	22.9	
15.5	-11.5	-77.9	3.2	
20.5	-9.1	-26.3	-18.9	
-14.0	-18.9	-4.1	-33.7	
-26.3	-16.4	37.7	-53.3	
-16.4	-16.4	59.8	-55.8	
-18.9	0.8	64.7	-63.2	
10.6	22.9	47.5	-53.3	
22.9	20.5	45.1	-9.1	
-23.8	20.5	62.3	25.4	
-68.1	52.4	47.5	62.3	
-154.2	59.8	8.2	128.7	
-141.9	50.0	-31.2	104.1	
-82.9	40.1	-1.7	77.0	
15.5	18.0	0.8	64.7	
99.2	-1.7	-6.6	25.4	
141.0	-9.1	27.8	10.6	
99.2	-16.4	62.3	0.8	
67.2	-33.7	54.9	-9.1	
59.8	-31.2	69.7	0.8	
45.1	15.5	77.0	-9.1	
54.9	5.7	32.8	-9.1	
62.3	-18.9	3.2	-1.7	
77.0	-6.6	-9.1	-9.1	
47.5	27.8	52.4	-4.1	
22.9	84.4	79.5	-16.4	
25.4	67.2	40.1	-6.6	
22.9	42.6	94.3	0.8	
15.5	-21.4	35.2	-9.1	
-9.1	-50.9	-14.0	-16.4	
-11.5	-50.9	-60.7	-16.4	
15.5	-18.9	-60.7	-14.0	
25.4	20.5	-41.0	-4.1	
25.4	69.7	-23.8	-1.7	
-4.1	94.3	-46.0	-4.1	
0.8	82.0	-28.7	-6.6	
35.2	42.6	-18.9	3.2	
15.5	30.3	47.5	0.8	
-14.0	45.1	79.5	-4.1	
-26.3	64.7	57.4	-9.1	
-75.5	67.2	40.1	-1.7	
-82.9	57.4	40.1	-4.1	
-16.4	57.4	15.5	-6.6	
45.1	52.4	-21.4	5.7	
111.5	54.9	-92.7	-4.1	
84.4	20.5	-82.9	-14.0	
37.7	15.5	-43.5	0.8	
15.5	0.8	-26.3	3.2	
32.8	-26.3	-18.9	-1.7	
52.4	-41.0	-87.8	0.8	
35.2	-46.0	-92.7	5.7	
15.5	-50.9	-16.4	-6.6	
-6.6	-90.2	118.9	0.8	
0.8	-105.0	148.4	3.2	
-18.9	-77.9	91.8	-1.7	
-60.7	-23.8	74.6	-1.7	
-77.9	42.6	72.1	-11.5	
-68.1	86.9	77.0	-1.7	
-1.7	91.8	91.8	-1.7	
32.8	54.9	84.4	10.6	
32.8	-33.7	27.8	10.6	
47.5	-28.7	-1.7	-4.1	
27.8	-1.7	-31.2	3.2	
27.8	15.5	-102.5	-1.7	
15.5	59.8	-87.8	8.2	
0.8	89.3	-33.7	-11.5	
-9.1	109.0	18.0	0.8	
0.8	111.5	54.9	-1.7	
-6.6	89.3	67.2	10.6	
25.4	54.9	45.1	5.7	
30.3	0.8	42.6	-4.1	
18.0	3.2	50.0	-1.7	
18.0	-1.7	37.7	-14.0	
-6.6	32.8	8.2	5.7	
5.7	37.7	-33.7	-4.1	
-4.1	47.5	-50.9	-6.6	
0.8	45.1	-65.6	-1.7	
15.5	57.4	-58.3	3.2	
25.4	50.0	-38.6	-14.0	
18.0	37.7	-11.5	-9.1	
5.7	3.2	5.7	-4.1	
3.2	-11.5	5.7	-6.6	
18.0	-9.1	18.0	-9.1	
10.6	15.5	5.7	0.8	
-1.7	22.9	-28.7	-4.1	
8.2	22.9	-21.4	5.7	
13.1	20.5	-14.0	-9.1	
22.9	8.2	-36.1	-1.7	
5.7	25.4	-33.7	-4.1	
3.2	22.9	-90.2	-4.1	
-36.1	47.5	-41.0	-9.1	
-58.3	52.4	8.2	-6.6	
-73.0	57.4	94.3	-1.7	
-48.4	59.8	121.3	3.2	
10.6	54.9	79.5	3.2	
74.6	37.7	123.8	8.2	
42.6	27.8	143.5	0.8	
25.4	20.5	173.0	3.2	
32.8	5.7	185.3	0.8	
25.4	-6.6	131.2	-4.1	
20.5	5.7	116.4	-1.7	
13.1	18.0	62.3	5.7	
8.2	22.9	-70.6	13.1	
-16.4	13.1	-124.7	-4.1	
-1.7	20.5	-156.7	10.6	
8.2	3.2	-154.2	0.8	
8.2	-4.1	-154.2	5.7	
-4.1	0.8	-119.8	8.2	
-31.2	25.4	-107.5	10.6	
-31.2	45.1	-53.3	-9.1	
-28.7	35.2	13.1	-1.7	
32.8	52.4	-11.5	-9.1	
42.6	47.5	5.7	-6.6	
42.6	69.7	59.8	-9.1	
32.8	79.5	96.7	-9.1	
-16.4	67.2	99.2	-14.0	
-14.0	54.9	20.5	-11.5	
10.6	35.2	-33.7	-1.7	
59.8	13.1	-77.9	-14.0	
84.4	-1.7	-119.8	0.8	
69.7	-31.2	-141.9	-4.1	
18.0	-95.2	-127.1	3.2	
-26.3	-154.2	-60.7	0.8	
-36.1	-191.1	-53.3	-6.6	
-6.6	-242.8	-23.8	-4.1	
27.8	-311.6	54.9	0.8	
25.4	-277.2	116.4	-16.4	
10.6	-186.2	241.9	0.8	
-4.1	-33.7	261.5	-6.6	
-60.7	136.1	291.1	8.2	
-80.4	276.3	190.2	-11.5	
-46.0	293.5	94.3	-1.7	
10.6	217.3	54.9	-11.5	
50.0	207.4	47.5	-14.0	
86.9	202.5	42.6	-6.6	
40.1	168.1	64.7	-14.0	
47.5	116.4	69.7	13.1	
54.9	118.9	-1.7	10.6	
27.8	113.9	-119.8	3.2	
8.2	123.8	-82.9	5.7	
0.8	99.2	-38.6	5.7	
8.2	72.1	-28.7	5.7	
-9.1	40.1	-65.6	5.7	
0.8	20.5	-55.8	-6.6	
5.7	15.5	-43.5	0.8	
-4.1	5.7	-33.7	8.2	
0.8	-9.1	-21.4	3.2	
3.2	-11.5	-21.4	8.2	
5.7	-14.0	-11.5	8.2	
10.6	-21.4	-11.5	-1.7	
0.8	-21.4	-18.9	-4.1	
3.2	-9.1	-82.9	-6.6	
-1.7	-33.7	-92.7	-1.7	
-23.8	-16.4	-58.3	-11.5	
-31.2	-16.4	-33.7	-9.1	
-33.7	-4.1	-14.0	0.8	
-28.7	8.2	-6.6	-1.7	
22.9	8.2	0.8	0.8	
37.7	-21.4	-4.1	-4.1	
22.9	0.8	0.8	0.8	
27.8	13.1	-16.4	0.8	
18.0	27.8	-14.0	3.2	
22.9	37.7	-9.1	-1.7	
25.4	40.1	20.5	-4.1	
15.5	52.4	-11.5	-6.6	
0.8	57.4	-60.7	-11.5	
-18.9	52.4	-82.9	-4.1	
-18.9	54.9	-43.5	-11.5	
-11.5	74.6	-33.7	18.0	
13.1	-6.6	8.2	30.3	
32.8	-112.4	45.1	10.6	
35.2	-109.9	22.9	-4.1	
10.6	-55.8	15.5	3.2	
-14.0	3.2	-9.1	-6.6	
-14.0	54.9	13.1	0.8	
0.8	109.0	32.8	-1.7	
-4.1	96.7	54.9	0.8	
18.0	106.6	86.9	-1.7	
20.5	84.4	99.2	-1.7	
35.2	50.0	148.4	5.7	
18.0	64.7	148.4	5.7	
-1.7	67.2	96.7	0.8	
-21.4	47.5	42.6	-1.7	
-18.9	40.1	-11.5	0.8	
-4.1	8.2	-46.0	5.7	
18.0	13.1	-65.6	-1.7	
25.4	3.2	-95.2	3.2	
-33.7	8.2	-95.2	-14.0	
-63.2	-38.6	-105.0	5.7	
-38.6	-75.5	-112.4	10.6	
-18.9	-58.3	-85.3	8.2	
18.0	-46.0	-21.4	5.7	
54.9	-16.4	84.4	5.7	
62.3	10.6	170.5	3.2	
20.5	-6.6	182.8	-4.1	
25.4	-58.3	141.0	-6.6	
47.5	-38.6	89.3	0.8	
27.8	8.2	30.3	-6.6	
10.6	35.2	0.8	0.8	
20.5	77.0	-6.6	-4.1	
15.5	77.0	-11.5	-4.1	
3.2	96.7	0.8	0.8	
3.2	145.9	-11.5	-6.6	
0.8	128.7	-14.0	8.2	
18.0	84.4	15.5	3.2	
64.7	40.1	10.6	3.2	
40.1	37.7	13.1	13.1	
25.4	27.8	5.7	27.8	
-16.4	30.3	3.2	18.0	
-23.8	30.3	-28.7	5.7	
-14.0	30.3	-1.7	3.2	
-11.5	35.2	-11.5	5.7	
5.7	22.9	-46.0	-1.7	
10.6	35.2	-46.0	3.2	
-9.1	37.7	-41.0	5.7	
10.6	32.8	-50.9	8.2	
-1.7	27.8	-60.7	3.2	
-26.3	-11.5	-63.2	-4.1	
-26.3	-43.5	-1.7	-4.1	
-36.1	-70.6	67.2	-9.1	
-26.3	-41.0	69.7	-14.0	
-16.4	-68.1	74.6	-11.5	
-38.6	-87.8	45.1	-1.7	
-60.7	-31.2	-21.4	-9.1	
-75.5	45.1	-55.8	-21.4	
-58.3	118.9	-68.1	-16.4	
-16.4	158.2	-68.1	-31.2	
50.0	173.0	-53.3	-9.1	
136.1	168.1	-46.0	-18.9	
106.6	123.8	-16.4	-28.7	
37.7	89.3	-9.1	-21.4	
67.2	27.8	-48.4	8.2	
77.0	-14.0	-4.1	64.7	
45.1	-23.8	25.4	62.3	
22.9	-23.8	-33.7	20.5	
42.6	-28.7	-75.5	32.8	
32.8	-26.3	-38.6	30.3	
5.7	-18.9	52.4	27.8	
8.2	-4.1	86.9	8.2	
0.8	-18.9	104.1	-9.1	
-11.5	-18.9	99.2	-9.1	
-1.7	-31.2	72.1	-18.9	
-1.7	-58.3	54.9	-9.1	
-9.1	-80.4	64.7	0.8	
-9.1	-28.7	22.9	-21.4	
-11.5	25.4	18.0	-4.1	
-26.3	69.7	8.2	-4.1	
-23.8	111.5	67.2	5.7	
-16.4	101.6	57.4	-14.0	
8.2	91.8	15.5	-4.1	
37.7	25.4	5.7	-6.6	
50.0	-80.4	20.5	3.2	
42.6	-137.0	-43.5	5.7	
40.1	-141.9	-107.5	-16.4	
8.2	-124.7	-122.2	-1.7	
0.8	-80.4	-87.8	-11.5	
10.6	15.5	-28.7	-14.0	
3.2	79.5	64.7	-18.9	
-4.1	126.2	101.6	-18.9	
-9.1	155.8	128.7	-43.5	
-18.9	158.2	136.1	-26.3	
-1.7	136.1	101.6	-33.7	
20.5	91.8	50.0	-43.5	
5.7	82.0	5.7	-48.4	
-14.0	64.7	-1.7	-65.6	
-28.7	79.5	-21.4	-75.5	
-16.4	67.2	-33.7	-70.6	
-9.1	72.1	-16.4	-77.9	
-1.7	67.2	-23.8	-75.5	
20.5	54.9	-50.9	-63.2	
62.3	45.1	-63.2	-43.5	
45.1	37.7	-33.7	-41.0	
30.3	32.8	30.3	-18.9	
15.5	40.1	27.8	20.5	
5.7	37.7	-6.6	22.9	
-14.0	25.4	-46.0	22.9	
-9.1	25.4	-33.7	18.0	
-16.4	35.2	-41.0	30.3	
-21.4	37.7	-41.0	40.1	
-14.0	42.6	-18.9	47.5	
-21.4	52.4	-9.1	50.0	
-36.1	30.3	-4.1	42.6	
-55.8	30.3	10.6	62.3	
-41.0	-1.7	30.3	57.4	
3.2	-6.6	-26.3	57.4	
42.6	-26.3	-1.7	59.8	
72.1	-23.8	13.1	52.4	
50.0	-11.5	-60.7	54.9	
30.3	-4.1	-122.2	52.4	
52.4	-6.6	-65.6	42.6	
47.5	0.8	57.4	37.7	
0.8	0.8	67.2	27.8	
-33.7	-4.1	50.0	27.8	
5.7	15.5	8.2	32.8	
22.9	13.1	-26.3	20.5	
47.5	25.4	-55.8	27.8	
32.8	32.8	-68.1	20.5	
18.0	37.7	-48.4	13.1	
10.6	47.5	-38.6	5.7	
-21.4	42.6	-14.0	-6.6	
-1.7	54.9	22.9	18.0	
-1.7	30.3	-41.0	30.3	
15.5	-11.5	-50.9	27.8	
0.8	-31.2	-16.4	22.9	
3.2	-14.0	13.1	25.4	
3.2	-6.6	62.3	18.0	
-1.7	5.7	82.0	15.5	
-16.4	5.7	79.5	8.2	
-1.7	35.2	13.1	3.2	
45.1	47.5	-4.1	5.7	
42.6	35.2	-18.9	13.1	
45.1	-14.0	-33.7	13.1	
40.1	-68.1	-31.2	18.0	
25.4	-132.1	-28.7	20.5	
3.2	-75.5	-36.1	25.4	
-14.0	-36.1	3.2	15.5	
-26.3	10.6	8.2	15.5	
-26.3	54.9	-43.5	8.2	
-4.1	91.8	-65.6	-6.6	
35.2	52.4	-46.0	13.1	
35.2	15.5	-1.7	8.2	
13.1	-38.6	0.8	0.8	
22.9	-73.0	-9.1	-1.7	
-14.0	-53.3	5.7	8.2	
-33.7	15.5	-11.5	-1.7	
-23.8	57.4	42.6	5.7	
3.2	-16.4	42.6	-1.7	
3.2	-14.0	62.3	10.6	
8.2	-11.5	52.4	5.7	
-1.7	30.3	74.6	0.8	
18.0	59.8	99.2	10.6	
20.5	45.1	86.9	13.1	
32.8	86.9	54.9	-1.7	
5.7	101.6	40.1	0.8	
-16.4	82.0	37.7	-9.1	
-4.1	109.0	25.4	-9.1	
18.0	118.9	-6.6	-11.5	
37.7	116.4	-21.4	-9.1	
18.0	99.2	-26.3	5.7	
8.2	113.9	-11.5	32.8	
-21.4	109.0	-21.4	54.9	
5.7	22.9	-41.0	54.9	
-4.1	-75.5	-1.7	54.9	
-1.7	-73.0	47.5	42.6	
-4.1	-18.9	74.6	25.4	
-18.9	47.5	96.7	-1.7	
-48.4	118.9	89.3	-1.7	
-53.3	121.3	64.7	5.7	
-33.7	84.4	50.0	10.6	
-31.2	72.1	52.4	0.8	
-18.9	10.6	82.0	5.7	
8.2	-112.4	-11.5	-9.1	
32.8	-213.2	-127.1	5.7	
45.1	-146.8	-127.1	5.7	
54.9	-70.6	-127.1	5.7	
42.6	5.7	-9.1	-1.7	
15.5	91.8	15.5	3.2	
13.1	131.2	-48.4	-4.1	
35.2	143.5	-28.7	10.6	
45.1	148.4	-6.6	5.7	
20.5	99.2	15.5	-1.7	
13.1	45.1	-41.0	3.2	
25.4	15.5	-60.7	3.2	
-9.1	13.1	-97.6	0.8	
8.2	22.9	-6.6	-11.5	
-1.7	25.4	15.5	0.8	
18.0	5.7	18.0	3.2	
18.0	-21.4	116.4	-1.7	
22.9	-31.2	133.6	-6.6	
15.5	-50.9	101.6	-14.0	
22.9	-18.9	32.8	-26.3	
18.0	3.2	-60.7	-33.7	
-9.1	15.5	-117.3	-31.2	
-28.7	40.1	-176.3	-43.5	
-4.1	47.5	-205.9	-1.7	
-1.7	52.4	-210.8	13.1	
0.8	54.9	-159.1	15.5	
-18.9	45.1	-85.3	30.3	
-14.0	27.8	3.2	74.6	
20.5	57.4	40.1	116.4	
59.8	77.0	52.4	72.1	
22.9	45.1	74.6	30.3	
20.5	5.7	155.8	20.5	
25.4	-26.3	202.5	15.5	
20.5	-6.6	94.3	5.7	
0.8	15.5	45.1	3.2	
5.7	54.9	18.0	15.5	
15.5	52.4	-18.9	18.0	
-14.0	42.6	-63.2	18.0	
-77.9	27.8	-85.3	0.8	
-97.6	0.8	-105.0	18.0	
-63.2	-14.0	-43.5	5.7	
18.0	3.2	8.2	0.8	
99.2	25.4	18.0	8.2	
84.4	35.2	72.1	8.2	
22.9	40.1	52.4	-4.1	
-33.7	42.6	-4.1	-11.5	
-80.4	32.8	-4.1	-4.1	
-60.7	35.2	-21.4	0.8	
15.5	22.9	-36.1	-9.1	
141.0	20.5	-16.4	3.2	
209.9	27.8	25.4	-16.4	
136.1	30.3	15.5	-9.1	
96.7	20.5	-28.7	-16.4	
52.4	3.2	-23.8	10.6	
50.0	22.9	-36.1	13.1	
47.5	25.4	-41.0	22.9	
27.8	15.5	-65.6	27.8	
15.5	-4.1	-68.1	8.2	
-9.1	3.2	-38.6	13.1	
-23.8	-28.7	59.8	13.1	
-6.6	-55.8	192.7	18.0	
-6.6	-100.1	173.0	8.2	
10.6	-87.8	109.0	10.6	
-1.7	-28.7	79.5	13.1	
0.8	37.7	116.4	15.5	
-6.6	84.4	219.7	3.2	
-1.7	104.1	264.0	10.6	
-14.0	72.1	195.1	3.2	
-18.9	20.5	128.7	18.0	
-6.6	-16.4	47.5	30.3	
15.5	-41.0	-63.2	22.9	
-4.1	-48.4	-90.2	22.9	
-23.8	-48.4	-80.4	0.8	
-48.4	10.6	-166.5	3.2	
-48.4	50.0	-139.4	0.8	
-48.4	45.1	-95.2	5.7	
-28.7	67.2	-146.8	13.1	
-23.8	86.9	-183.7	20.5	
0.8	57.4	-186.2	22.9	
-4.1	-23.8	-203.4	25.4	
-4.1	-65.6	-218.2	18.0	
22.9	-114.8	-245.2	22.9	
69.7	-156.7	-237.8	8.2	
47.5	-156.7	-159.1	-4.1	
50.0	-124.7	13.1	5.7	
72.1	-58.3	96.7	-6.6	
32.8	20.5	121.3	-4.1	
40.1	99.2	143.5	-9.1	
37.7	168.1	89.3	0.8	
18.0	185.3	89.3	-1.7	
8.2	212.3	57.4	10.6	
0.8	185.3	-9.1	13.1	
-11.5	109.0	-16.4	10.6	
-4.1	82.0	-41.0	27.8	
3.2	-1.7	-43.5	25.4	
-9.1	-55.8	5.7	-1.7	
-1.7	-1.7	113.9	-9.1	
-36.1	45.1	136.1	13.1	
-23.8	62.3	182.8	8.2	
-18.9	69.7	163.1	5.7	
3.2	69.7	67.2	20.5	
30.3	54.9	69.7	18.0	
27.8	37.7	15.5	8.2	
30.3	32.8	20.5	8.2	
15.5	32.8	25.4	-6.6	
22.9	30.3	22.9	15.5	
30.3	0.8	20.5	13.1	
8.2	8.2	-11.5	10.6	
-16.4	-4.1	-75.5	-1.7	
-26.3	-9.1	-105.0	-1.7	
-16.4	3.2	-129.6	-4.1	
3.2	8.2	-114.8	10.6	
8.2	3.2	-60.7	10.6	
22.9	5.7	-33.7	3.2	
52.4	-6.6	18.0	0.8	
-11.5	-4.1	59.8	0.8	
-28.7	0.8	57.4	10.6	
18.0	0.8	-21.4	3.2	
54.9	13.1	-58.3	13.1	
50.0	32.8	-33.7	0.8	
-1.7	32.8	-43.5	-6.6	
-16.4	35.2	-41.0	-6.6	
-38.6	25.4	0.8	-16.4	
-1.7	37.7	40.1	-6.6	
47.5	25.4	50.0	-4.1	
74.6	20.5	133.6	-14.0	
64.7	27.8	148.4	8.2	
57.4	5.7	113.9	22.9	
37.7	5.7	74.6	57.4	
-9.1	5.7	30.3	57.4	
-1.7	-41.0	-58.3	45.1	
-1.7	-33.7	-60.7	25.4	
8.2	15.5	-48.4	3.2	
15.5	47.5	-70.6	0.8	
27.8	27.8	-100.1	0.8	
20.5	50.0	-119.8	3.2	
20.5	50.0	-50.9	18.0	
22.9	57.4	-1.7	18.0	
10.6	59.8	40.1	3.2	
-1.7	50.0	79.5	3.2	
-38.6	13.1	72.1	18.0	
-48.4	8.2	22.9	15.5	
-28.7	-16.4	-21.4	13.1	
5.7	-1.7	-41.0	10.6	
18.0	-21.4	-70.6	5.7	
37.7	-18.9	-95.2	3.2	
50.0	3.2	-80.4	-1.7	
57.4	3.2	-60.7	-14.0	
47.5	0.8	-38.6	-21.4	
35.2	18.0	-31.2	-1.7	
3.2	18.0	-23.8	-18.9	
13.1	8.2	-53.3	-11.5	
25.4	-43.5	-60.7	8.2	
22.9	-33.7	-60.7	8.2	
10.6	-14.0	133.6	13.1	
-18.9	30.3	145.9	42.6	
-21.4	67.2	207.4	37.7	
-21.4	84.4	222.2	22.9	
-46.0	86.9	232.0	32.8	
-11.5	86.9	209.9	18.0	
0.8	74.6	155.8	20.5	
27.8	35.2	182.8	22.9	
47.5	32.8	116.4	30.3	
40.1	15.5	-43.5	20.5	
18.0	0.8	-53.3	8.2	
-6.6	-1.7	-63.2	15.5	
-16.4	0.8	-73.0	20.5	
-14.0	-9.1	-87.8	22.9	
-6.6	-28.7	-169.0	8.2	
13.1	-97.6	-218.2	10.6	
15.5	-95.2	-198.5	3.2	
-1.7	-31.2	-112.4	-6.6	
-4.1	10.6	-46.0	3.2	
-23.8	10.6	-41.0	18.0	
-46.0	18.0	-26.3	27.8	
-26.3	52.4	-50.9	20.5	
-33.7	84.4	-31.2	5.7	
5.7	116.4	-65.6	-6.6	
47.5	116.4	-107.5	3.2	
37.7	77.0	-129.6	0.8	
27.8	35.2	-87.8	-1.7	
54.9	-11.5	-73.0	8.2	
13.1	-48.4	0.8	5.7	
-46.0	-65.6	45.1	5.7	
-63.2	-18.9	50.0	8.2	
-53.3	25.4	13.1	15.5	
-46.0	84.4	-9.1	10.6	
5.7	86.9	35.2	3.2	
47.5	54.9	35.2	-9.1	
79.5	64.7	82.0	13.1	
91.8	30.3	74.6	8.2	
91.8	15.5	54.9	8.2	
77.0	-9.1	50.0	-1.7	
62.3	-36.1	20.5	10.6	
62.3	-16.4	40.1	0.8	
20.5	8.2	57.4	10.6	
0.8	5.7	37.7	5.7	
5.7	15.5	47.5	5.7	
10.6	69.7	50.0	10.6	
5.7	89.3	18.0	10.6	
-21.4	59.8	-18.9	8.2	
-28.7	25.4	-31.2	3.2	
-18.9	-31.2	-65.6	3.2	
-1.7	-75.5	-132.1	15.5	
-9.1	-63.2	-134.5	18.0	
-23.8	-14.0	-95.2	3.2	
-33.7	20.5	-14.0	0.8	
0.8	69.7	-23.8	15.5	
32.8	86.9	-14.0	3.2	
62.3	118.9	-1.7	-11.5	
59.8	99.2	5.7	8.2	
20.5	77.0	106.6	3.2	
-21.4	82.0	195.1	0.8	
-55.8	69.7	99.2	0.8	
-48.4	50.0	45.1	8.2	
-23.8	15.5	84.4	18.0	
-23.8	20.5	77.0	15.5	
-28.7	-11.5	52.4	25.4	
-26.3	-33.7	91.8	-1.7	
18.0	-16.4	91.8	-6.6	
40.1	-16.4	-36.1	13.1	
59.8	-9.1	-141.9	20.5	
57.4	-14.0	-132.1	3.2	
52.4	-16.4	-85.3	-1.7	
67.2	-4.1	-31.2	0.8	
69.7	10.6	-80.4	18.0	
47.5	13.1	-124.7	20.5	
22.9	30.3	-109.9	18.0	
5.7	18.0	13.1	3.2	
3.2	25.4	77.0	-14.0	
0.8	-1.7	27.8	-9.1	
8.2	-26.3	-48.4	3.2	
-1.7	-65.6	-95.2	13.1	
-1.7	-50.9	-38.6	15.5	
5.7	-16.4	-14.0	25.4	
18.0	22.9	20.5	15.5	
25.4	72.1	22.9	13.1	
0.8	89.3	69.7	13.1	
-28.7	94.3	128.7	15.5	
-18.9	54.9	67.2	-4.1	
-28.7	42.6	-21.4	-1.7	
-1.7	35.2	-43.5	13.1	
0.8	20.5	-4.1	13.1	
-4.1	13.1	50.0	25.4	
0.8	30.3	64.7	15.5	
-9.1	37.7	64.7	32.8	
-23.8	25.4	20.5	32.8	
-26.3	-50.9	57.4	25.4	
-21.4	-65.6	126.2	32.8	
-18.9	-58.3	52.4	15.5	
-9.1	-38.6	15.5	8.2	
15.5	15.5	50.0	10.6	
30.3	69.7	109.0	0.8	
3.2	94.3	37.7	5.7	
-14.0	67.2	-159.1	-1.7	
8.2	13.1	-200.9	-1.7	
5.7	-11.5	-95.2	15.5	
18.0	-1.7	30.3	-6.6	
22.9	30.3	72.1	-4.1	
22.9	59.8	40.1	-1.7	
18.0	109.0	-77.9	-11.5	
13.1	62.3	-112.4	5.7	
5.7	47.5	-33.7	10.6	
8.2	64.7	0.8	10.6	
-14.0	57.4	-53.3	-1.7	
-4.1	22.9	-77.9	10.6	
-4.1	-4.1	-75.5	13.1	
13.1	-16.4	-58.3	0.8	
22.9	5.7	18.0	0.8	
25.4	-6.6	96.7	0.8	
0.8	-26.3	67.2	-4.1	
15.5	-9.1	72.1	-4.1	
35.2	25.4	59.8	8.2	
42.6	-14.0	40.1	-1.7	
42.6	-23.8	-6.6	0.8	
0.8	25.4	-33.7	3.2	
-14.0	72.1	-41.0	-1.7	
-1.7	109.0	-77.9	-1.7	
3.2	128.7	-132.1	-9.1	
-14.0	101.6	-102.5	-9.1	
-14.0	22.9	-95.2	-4.1	
-4.1	-11.5	-53.3	5.7	
-11.5	-1.7	-31.2	-11.5	
-14.0	25.4	-38.6	3.2	
8.2	52.4	0.8	5.7	
22.9	79.5	89.3	18.0	
52.4	101.6	116.4	8.2	
32.8	37.7	22.9	-11.5	
35.2	-21.4	-33.7	-1.7	
37.7	-65.6	-90.2	-9.1	
47.5	-41.0	-60.7	10.6	
27.8	-38.6	-11.5	18.0	
10.6	-21.4	22.9	8.2	
-4.1	35.2	-9.1	8.2	
-11.5	84.4	-119.8	8.2	
-1.7	104.1	-144.4	10.6	
-1.7	72.1	-50.9	8.2	
8.2	50.0	47.5	-14.0	
5.7	59.8	64.7	5.7	
8.2	59.8	79.5	-4.1	
0.8	47.5	175.4	-1.7	
-4.1	22.9	197.6	0.8	
3.2	0.8	177.9	8.2	
5.7	-28.7	138.5	10.6	
-6.6	-16.4	59.8	-9.1	
-28.7	-6.6	-26.3	-21.4	
-43.5	18.0	-122.2	0.8	
-41.0	42.6	-139.4	5.7	
-26.3	69.7	-119.8	5.7	
15.5	62.3	-90.2	15.5	
35.2	37.7	-23.8	15.5	
27.8	32.8	86.9	0.8	
62.3	-16.4	104.1	3.2	
57.4	-31.2	89.3	3.2	
22.9	-6.6	62.3	-14.0	
64.7	8.2	45.1	-9.1	
40.1	35.2	42.6	-11.5	
-4.1	52.4	-46.0	-9.1	
-4.1	52.4	-68.1	-6.6	
-41.0	42.6	-102.5	-9.1	
-63.2	40.1	-171.4	-1.7	
-60.7	15.5	-55.8	0.8	
-31.2	8.2	37.7	-4.1	
5.7	-9.1	45.1	-1.7	
45.1	-1.7	52.4	-9.1	
50.0	35.2	59.8	-4.1	
25.4	35.2	64.7	-1.7	
-23.8	18.0	64.7	-9.1	
10.6	30.3	109.0	-9.1	
27.8	22.9	84.4	-9.1	
22.9	25.4	82.0	-1.7	
47.5	15.5	106.6	3.2	
15.5	15.5	99.2	3.2	
20.5	13.1	32.8	13.1	
30.3	15.5	15.5	25.4	
54.9	20.5	-53.3	5.7	
86.9	27.8	-100.1	3.2	
67.2	8.2	-156.7	0.8	
20.5	8.2	-171.4	-9.1	
13.1	18.0	-107.5	0.8	
22.9	10.6	-73.0	3.2	
0.8	5.7	-97.6	-6.6	
-21.4	8.2	-68.1	-9.1	
8.2	3.2	-63.2	-4.1	
18.0	0.8	-11.5	0.8	
35.2	18.0	35.2	-6.6	
30.3	32.8	25.4	-4.1	
8.2	32.8	47.5	-14.0	
-21.4	30.3	62.3	0.8	
-23.8	22.9	-4.1	18.0	
-26.3	32.8	-11.5	3.2	
-6.6	30.3	-36.1	-1.7	
0.8	35.2	-70.6	3.2	
40.1	40.1	-117.3	0.8	
25.4	15.5	-105.0	8.2	
-14.0	-68.1	-23.8	-9.1	
-4.1	-225.5	27.8	-21.4	
-11.5	-304.3	13.1	-31.2	
18.0	-267.4	-14.0	-18.9	
32.8	-100.1	84.4	-36.1	
0.8	123.8	64.7	-26.3	
25.4	249.2	101.6	0.8	
20.5	217.3	91.8	64.7	
8.2	173.0	22.9	69.7	
-41.0	111.5	-46.0	22.9	
-31.2	64.7	-55.8	-9.1	
-18.9	30.3	-31.2	45.1	
-14.0	22.9	-100.1	62.3	
10.6	64.7	-134.5	32.8	
32.8	99.2	-63.2	10.6	
40.1	101.6	-14.0	5.7	
27.8	84.4	-6.6	8.2	
20.5	59.8	94.3	15.5	
15.5	50.0	293.5	22.9	
5.7	52.4	276.3	30.3	
13.1	32.8	261.5	10.6	
22.9	22.9	192.7	15.5	
22.9	-21.4	128.7	18.0	
20.5	-38.6	77.0	13.1	
35.2	-21.4	0.8	10.6	
30.3	-14.0	-38.6	20.5	
22.9	-6.6	-82.9	25.4	
15.5	0.8	-176.3	8.2	
13.1	-50.9	-154.2	-14.0	
13.1	-68.1	-60.7	-14.0	
3.2	-18.9	-23.8	8.2	
15.5	-14.0	-102.5	15.5	
5.7	5.7	-159.1	22.9	
0.8	13.1	-169.0	18.0	
-1.7	27.8	-73.0	8.2	
-6.6	35.2	121.3	5.7	
-6.6	42.6	79.5	10.6	
-9.1	37.7	3.2	22.9	
3.2	35.2	-85.3	25.4	
-14.0	25.4	-102.5	40.1	
-14.0	25.4	-75.5	22.9	
-21.4	5.7	15.5	8.2	
-14.0	5.7	54.9	-6.6	
-16.4	3.2	99.2	-1.7	
-6.6	10.6	111.5	5.7	
3.2	22.9	109.0	-14.0	
-1.7	50.0	96.7	-4.1	
0.8	47.5	113.9	8.2	
0.8	37.7	-21.4	22.9	
8.2	35.2	-127.1	45.1	
5.7	25.4	-92.7	50.0	
-9.1	32.8	-26.3	37.7	
-23.8	22.9	27.8	30.3	
-16.4	8.2	54.9	35.2	
8.2	0.8	32.8	37.7	
35.2	-9.1	40.1	25.4	
47.5	-23.8	57.4	37.7	
15.5	-9.1	10.6	35.2	
18.0	0.8	-90.2	5.7	
22.9	22.9	-75.5	5.7	
5.7	37.7	-55.8	-1.7	
-6.6	45.1	22.9	-1.7	
-1.7	22.9	116.4	0.8	
18.0	-97.6	141.0	-6.6	
57.4	-188.6	153.3	-21.4	
47.5	-154.2	91.8	-21.4	
15.5	-50.9	32.8	-21.4	
13.1	18.0	-9.1	-16.4	
40.1	69.7	-117.3	-14.0	
18.0	64.7	-213.2	-9.1	
-23.8	45.1	-161.6	-18.9	
-18.9	72.1	35.2	-4.1	
0.8	69.7	96.7	-1.7	
15.5	42.6	96.7	5.7	
5.7	-9.1	5.7	8.2	
-21.4	0.8	-95.2	-11.5	
-1.7	15.5	-112.4	-9.1	
0.8	20.5	-102.5	-9.1	
25.4	27.8	-141.9	-1.7	
27.8	94.3	-218.2	3.2	
32.8	91.8	-205.9	-1.7	
40.1	13.1	-87.8	22.9	
45.1	8.2	47.5	25.4	
30.3	-1.7	77.0	18.0	
5.7	-31.2	0.8	-9.1	
-1.7	-92.7	-95.2	-23.8	
5.7	-65.6	-161.6	-21.4	
-9.1	-14.0	-139.4	-9.1	
-26.3	72.1	-85.3	-9.1	
-26.3	126.2	-18.9	8.2	
-11.5	182.8	-53.3	10.6	
15.5	170.5	27.8	3.2	
54.9	138.5	79.5	-4.1	
62.3	111.5	64.7	10.6	
20.5	64.7	177.9	13.1	
10.6	8.2	138.5	15.5	
-1.7	-26.3	116.4	15.5	
15.5	-9.1	141.0	30.3	
20.5	8.2	177.9	25.4	
13.1	-6.6	126.2	3.2	
-1.7	-9.1	101.6	-1.7	
3.2	-6.6	59.8	-9.1	
-16.4	15.5	8.2	-1.7	
-21.4	27.8	8.2	3.2	
-26.3	27.8	-1.7	8.2	
-21.4	30.3	-41.0	18.0	
-6.6	13.1	45.1	15.5	
45.1	-14.0	116.4	22.9	
45.1	-43.5	241.9	15.5	
32.8	-31.2	259.1	3.2	
5.7	-21.4	187.7	-6.6	
-46.0	8.2	126.2	-6.6	
-48.4	18.0	133.6	-1.7	
-26.3	32.8	104.1	-1.7	
-14.0	20.5	-23.8	10.6	
20.5	13.1	-109.9	22.9	
32.8	42.6	-73.0	30.3	
30.3	13.1	-156.7	27.8	
20.5	20.5	-205.9	5.7	
8.2	5.7	-171.4	0.8	
-4.1	8.2	-141.9	15.5	
13.1	-4.1	-149.3	25.4	
40.1	-4.1	-26.3	25.4	
15.5	-4.1	-36.1	20.5	
-4.1	-18.9	-139.4	25.4	
0.8	3.2	-176.3	18.0	
0.8	30.3	-58.3	8.2	
-16.4	64.7	-48.4	3.2	
-33.7	64.7	18.0	5.7	
-63.2	62.3	45.1	10.6	
-50.9	40.1	45.1	5.7	
-14.0	27.8	22.9	15.5	
45.1	15.5	13.1	18.0	
79.5	18.0	-11.5	45.1	
69.7	18.0	-53.3	20.5	
32.8	15.5	-41.0	25.4	
25.4	15.5	-65.6	32.8	
22.9	0.8	-105.0	27.8	
15.5	-14.0	-107.5	22.9	
15.5	-6.6	8.2	18.0	
18.0	-1.7	106.6	35.2	
27.8	0.8	200.0	40.1	
37.7	5.7	123.8	27.8	
18.0	22.9	82.0	20.5	
35.2	27.8	37.7	8.2	
22.9	35.2	-18.9	10.6	
8.2	54.9	20.5	13.1	
5.7	15.5	106.6	30.3	
-9.1	-105.0	126.2	30.3	
-4.1	-105.0	121.3	30.3	
3.2	-141.9	47.5	42.6	
20.5	-139.4	-31.2	25.4	
25.4	-48.4	-31.2	20.5	
-6.6	13.1	-18.9	10.6	
-14.0	96.7	-28.7	-4.1	
5.7	165.6	25.4	10.6	
22.9	131.2	99.2	15.5	
64.7	57.4	126.2	22.9	
40.1	3.2	79.5	13.1	
0.8	-26.3	-38.6	25.4	
3.2	-6.6	-82.9	22.9	
-9.1	-11.5	-85.3	27.8	
8.2	20.5	-161.6	15.5	
-1.7	35.2	-191.1	8.2	
-26.3	91.8	-156.7	15.5	
-1.7	101.6	-134.5	15.5	
-1.7	54.9	3.2	15.5	
-1.7	-14.0	104.1	15.5	
-11.5	-41.0	138.5	8.2	
-1.7	0.8	69.7	3.2	
-6.6	30.3	155.8	20.5	
8.2	69.7	141.0	18.0	
-4.1	96.7	-18.9	13.1	
-14.0	104.1	-122.2	10.6	
-18.9	77.0	-109.9	-9.1	
-1.7	67.2	-82.9	18.0	
50.0	64.7	-68.1	20.5	
47.5	13.1	-1.7	20.5	
5.7	-31.2	57.4	22.9	
15.5	-28.7	104.1	22.9	
25.4	-36.1	121.3	20.5	
-1.7	-132.1	77.0	27.8	
5.7	-134.5	54.9	27.8	
8.2	-100.1	96.7	18.0	
-1.7	-43.5	74.6	22.9	
3.2	5.7	-23.8	27.8	
18.0	42.6	-60.7	18.0	
13.1	57.4	-80.4	-11.5	
18.0	96.7	-36.1	-11.5	
18.0	101.6	-43.5	-4.1	
8.2	67.2	-70.6	5.7	
0.8	13.1	-105.0	15.5	
0.8	-16.4	-82.9	20.5	
5.7	-26.3	-18.9	18.0	
-11.5	8.2	77.0	15.5	
-21.4	22.9	40.1	40.1	
-11.5	0.8	-109.9	37.7	
20.5	5.7	-181.3	50.0	
27.8	30.3	-50.9	30.3	
20.5	47.5	42.6	25.4	
8.2	42.6	89.3	20.5	
-1.7	45.1	131.2	27.8	
-28.7	42.6	123.8	30.3	
-18.9	20.5	180.4	5.7	
-11.5	22.9	192.7	0.8	
10.6	13.1	251.7	22.9	
20.5	20.5	227.1	30.3	
35.2	20.5	170.5	40.1	
25.4	13.1	126.2	40.1	
25.4	-1.7	82.0	25.4	
10.6	-18.9	74.6	15.5	
-23.8	-9.1	-36.1	0.8	
-4.1	3.2	-117.3	-9.1	
13.1	8.2	-112.4	-1.7	
25.4	45.1	-85.3	20.5	
20.5	27.8	-70.6	35.2	
-14.0	3.2	-6.6	32.8	
-9.1	-6.6	-63.2	22.9	
-18.9	-6.6	64.7	35.2	
-16.4	-31.2	126.2	22.9	
10.6	-18.9	99.2	32.8	
27.8	-1.7	104.1	18.0	
18.0	-4.1	-6.6	10.6	
-14.0	-16.4	126.2	-14.0	
-11.5	-1.7	104.1	0.8	
27.8	5.7	20.5	22.9	
40.1	27.8	-77.9	32.8	
32.8	54.9	-107.5	25.4	
25.4	74.6	-186.2	20.5	
64.7	77.0	-18.9	13.1	
57.4	67.2	-26.3	20.5	
5.7	52.4	-109.9	20.5	
15.5	20.5	-159.1	27.8	
27.8	-11.5	-107.5	25.4	
57.4	-36.1	57.4	30.3	
64.7	-38.6	123.8	25.4	
77.0	-28.7	74.6	22.9	
59.8	-55.8	3.2	27.8	
37.7	-38.6	22.9	13.1	
35.2	-60.7	64.7	-1.7	
45.1	-63.2	131.2	-28.7	
30.3	-28.7	116.4	-6.6	
30.3	30.3	-31.2	27.8	
13.1	72.1	-80.4	47.5	
-1.7	69.7	-58.3	50.0	
-21.4	67.2	0.8	37.7	
-1.7	57.4	32.8	22.9	
-18.9	45.1	64.7	-14.0	
-18.9	32.8	86.9	-9.1	
-6.6	20.5	-6.6	25.4	
3.2	15.5	-55.8	40.1	
20.5	3.2	-41.0	40.1	
18.0	5.7	-68.1	20.5	
0.8	0.8	-124.7	5.7	
-6.6	18.0	-166.5	-1.7	
-16.4	42.6	-213.2	15.5	
-4.1	22.9	-171.4	47.5	
-18.9	10.6	-154.2	45.1	
-4.1	-1.7	0.8	22.9	
3.2	-6.6	113.9	15.5	
15.5	-4.1	79.5	13.1	
-6.6	-4.1	-16.4	20.5	
13.1	-6.6	27.8	30.3	
-6.6	-16.4	121.3	32.8	
-16.4	-18.9	192.7	32.8	
0.8	-11.5	227.1	37.7	
18.0	-18.9	94.3	37.7	
10.6	-28.7	91.8	30.3	
-21.4	-14.0	197.6	32.8	
0.8	-4.1	96.7	59.8	
-9.1	0.8	254.2	69.7	
-16.4	-14.0	296.0	50.0	
-9.1	10.6	212.3	30.3	
-1.7	3.2	89.3	5.7	
20.5	10.6	64.7	5.7	
15.5	27.8	-33.7	25.4	
0.8	52.4	-181.3	20.5	
-1.7	40.1	-191.1	15.5	
-9.1	37.7	-196.0	5.7	
-1.7	42.6	-208.3	18.0	
3.2	35.2	-193.6	25.4	
-4.1	32.8	-9.1	27.8	
0.8	40.1	-14.0	32.8	
5.7	37.7	-55.8	22.9	
0.8	40.1	-100.1	22.9	
13.1	32.8	-137.0	10.6	
5.7	-1.7	-109.9	-6.6	
-11.5	-107.5	-139.4	-14.0	
-11.5	-139.4	-146.8	30.3	
-18.9	-75.5	-171.4	40.1	
-4.1	27.8	-159.1	18.0	
-21.4	99.2	-18.9	18.0	
-9.1	138.5	106.6	32.8	
-18.9	133.6	205.0	25.4	
-1.7	121.3	234.5	18.0	
8.2	86.9	241.9	22.9	
20.5	37.7	236.9	27.8	
30.3	-33.7	217.3	32.8	
13.1	-43.5	234.5	30.3	
-18.9	-21.4	67.2	27.8	
-46.0	-9.1	5.7	8.2	
-26.3	-6.6	8.2	0.8	
0.8	-58.3	-46.0	-4.1	
37.7	-117.3	-55.8	18.0	
35.2	-85.3	-92.7	30.3	
-1.7	8.2	-119.8	35.2	
-23.8	59.8	-60.7	45.1	
-18.9	113.9	22.9	35.2	
18.0	128.7	30.3	35.2	
37.7	111.5	30.3	40.1	
3.2	84.4	-16.4	37.7	
-11.5	62.3	-75.5	37.7	
-4.1	18.0	-68.1	27.8	
5.7	-107.5	-80.4	10.6	
42.6	-129.6	-46.0	22.9	
54.9	-73.0	101.6	30.3	
10.6	35.2	249.2	32.8	
5.7	94.3	278.8	20.5	
30.3	106.6	404.2	20.5	
62.3	116.4	300.9	25.4	
42.6	133.6	141.0	40.1	
47.5	150.8	42.6	47.5	
40.1	86.9	22.9	42.6	
35.2	-6.6	52.4	40.1	
22.9	-92.7	-41.0	13.1	
18.0	-100.1	3.2	3.2	
13.1	-73.0	-26.3	10.6	
10.6	-68.1	-36.1	25.4	
0.8	-41.0	57.4	45.1	
-11.5	-28.7	47.5	62.3	
18.0	-14.0	-77.9	50.0	
50.0	3.2	-245.2	25.4	
42.6	-4.1	-338.7	22.9	
32.8	5.7	-161.6	18.0	
27.8	13.1	10.6	-1.7	
22.9	18.0	42.6	-16.4	
3.2	13.1	116.4	8.2	
-6.6	18.0	232.0	25.4	
13.1	18.0	438.7	32.8	
8.2	15.5	320.6	27.8	
5.7	27.8	163.1	20.5	
8.2	15.5	8.2	27.8	
22.9	20.5	-46.0	8.2	
35.2	22.9	-141.9	18.0	
30.3	25.4	-191.1	25.4	
27.8	37.7	-267.4	18.0	
25.4	37.7	-331.3	15.5	
22.9	35.2	-323.9	8.2	
18.0	30.3	-282.1	20.5	
15.5	22.9	-166.5	22.9	
10.6	-4.1	-90.2	35.2	
3.2	-9.1	-85.3	42.6	
3.2	-4.1	-46.0	27.8	
10.6	5.7	35.2	32.8	
8.2	8.2	62.3	32.8	
3.2	25.4	64.7	18.0	
5.7	27.8	111.5	22.9	
18.0	37.7	128.7	27.8	
13.1	25.4	45.1	32.8	
20.5	30.3	27.8	35.2	
3.2	32.8	42.6	25.4	
-11.5	20.5	101.6	27.8	
-1.7	25.4	160.7	32.8	
-14.0	8.2	141.0	27.8	
-11.5	-1.7	104.1	42.6	
-21.4	-11.5	89.3	32.8	
8.2	-16.4	82.0	37.7	
0.8	-11.5	54.9	20.5	
-4.1	-1.7	77.0	22.9	
-1.7	5.7	101.6	20.5	
3.2	3.2	94.3	15.5	
20.5	5.7	99.2	22.9	
5.7	15.5	82.0	25.4	
5.7	22.9	91.8	20.5	
-11.5	10.6	50.0	20.5	
5.7	-9.1	-11.5	22.9	
3.2	-26.3	3.2	25.4	
20.5	-50.9	13.1	27.8	
18.0	-55.8	30.3	30.3	
10.6	-43.5	37.7	27.8	
-1.7	-6.6	32.8	35.2	
-16.4	27.8	3.2	35.2	
-4.1	40.1	35.2	25.4	
-9.1	15.5	40.1	47.5	
-4.1	22.9	27.8	59.8	
-9.1	10.6	37.7	52.4	
0.8	20.5	-16.4	20.5	
18.0	35.2	-31.2	30.3	
30.3	42.6	-36.1	20.5	
13.1	20.5	-4.1	30.3	
18.0	32.8	-26.3	37.7	
18.0	35.2	-41.0	45.1	
40.1	25.4	-102.5	37.7	
27.8	3.2	-31.2	32.8	
42.6	8.2	32.8	22.9	
40.1	-16.4	67.2	15.5	
22.9	-28.7	-11.5	8.2	
10.6	-50.9	-112.4	25.4	
0.8	-53.3	-124.7	32.8	
-6.6	-14.0	-159.1	30.3	
8.2	5.7	-119.8	37.7	
-6.6	59.8	-100.1	32.8	
-4.1	72.1	-58.3	30.3	
-6.6	69.7	32.8	27.8	
-4.1	47.5	77.0	25.4	
22.9	45.1	62.3	42.6	
42.6	69.7	104.1	54.9	
45.1	45.1	251.7	52.4	
40.1	22.9	249.2	52.4	
35.2	-14.0	300.9	25.4	
22.9	-18.9	298.4	8.2	
-4.1	-4.1	236.9	-1.7	
-23.8	-6.6	141.0	-1.7	
-38.6	5.7	-36.1	3.2	
-38.6	10.6	-213.2	10.6	
-31.2	0.8	-319.0	18.0	
-4.1	-4.1	-417.4	30.3	
25.4	-14.0	-326.4	27.8	
30.3	-4.1	-95.2	42.6	
42.6	-11.5	18.0	32.8	
50.0	-1.7	116.4	32.8	
32.8	-1.7	205.0	20.5	
25.4	13.1	62.3	30.3	
37.7	13.1	8.2	15.5	
32.8	0.8	5.7	15.5	
35.2	5.7	-23.8	0.8	
22.9	13.1	54.9	25.4	
35.2	8.2	173.0	35.2	
52.4	10.6	273.8	40.1	
-1.7	18.0	337.8	47.5	
-16.4	22.9	118.9	25.4	
-21.4	22.9	-77.9	15.5	
-4.1	3.2	-132.1	18.0	
18.0	13.1	-107.5	25.4	
15.5	25.4	-36.1	40.1	
8.2	25.4	62.3	32.8	
0.8	27.8	123.8	27.8	
0.8	22.9	69.7	37.7	
-21.4	18.0	-9.1	25.4	
-11.5	27.8	-23.8	35.2	
13.1	25.4	-31.2	30.3	
25.4	10.6	-87.8	25.4	
15.5	8.2	-210.8	32.8	
18.0	-21.4	-191.1	37.7	
5.7	-23.8	-112.4	25.4	
-21.4	-38.6	13.1	8.2	
0.8	-38.6	128.7	18.0	
8.2	-33.7	67.2	27.8	
13.1	-18.9	67.2	35.2	
22.9	-9.1	121.3	22.9	
5.7	-14.0	163.1	25.4	
20.5	-18.9	143.5	40.1	
32.8	-11.5	67.2	57.4	
3.2	13.1	64.7	40.1	
-18.9	25.4	62.3	15.5	
-4.1	40.1	-1.7	5.7	
3.2	64.7	-6.6	5.7	
3.2	54.9	20.5	35.2	
5.7	50.0	-18.9	45.1	
-1.7	42.6	-4.1	30.3	
0.8	47.5	18.0	18.0	
8.2	35.2	-16.4	18.0	
18.0	37.7	-139.4	25.4	
13.1	25.4	-220.6	32.8	
25.4	18.0	-151.7	13.1	
13.1	-77.9	-92.7	8.2	
18.0	-173.9	-21.4	25.4	
18.0	-183.7	18.0	30.3	
3.2	-80.4	106.6	30.3	
5.7	50.0	64.7	22.9	
-9.1	126.2	241.9	27.8	
-6.6	143.5	355.0	25.4	
-28.7	141.0	325.5	30.3	
-55.8	101.6	328.0	27.8	
-43.5	72.1	308.3	22.9	
0.8	27.8	145.9	20.5	
57.4	-21.4	-68.1	22.9	
116.4	-85.3	-169.0	25.4	
104.1	-107.5	-183.7	37.7	
32.8	-127.1	-365.8	50.0	
15.5	-102.5	-272.3	27.8	
13.1	-77.9	-154.2	30.3	
18.0	-23.8	-50.9	35.2	
37.7	50.0	15.5	50.0	
40.1	123.8	-23.8	32.8	
20.5	104.1	-87.8	30.3	
22.9	69.7	-70.6	20.5	
8.2	47.5	-82.9	35.2	
-14.0	45.1	-43.5	30.3	
-9.1	15.5	-75.5	22.9	
5.7	10.6	-122.2	22.9	
30.3	32.8	-58.3	27.8	
27.8	15.5	35.2	27.8	
15.5	-11.5	126.2	27.8	
5.7	-14.0	163.1	20.5	
-14.0	8.2	138.5	18.0	
-14.0	27.8	323.0	22.9	
-9.1	47.5	436.2	20.5	
0.8	35.2	374.7	20.5	
-1.7	-1.7	165.6	8.2	
5.7	-95.2	-122.2	13.1	
3.2	-92.7	-257.5	27.8	
-6.6	-21.4	-36.1	22.9	
0.8	42.6	50.0	27.8	
-14.0	59.8	-14.0	20.5	
-4.1	54.9	-159.1	50.0	
5.7	42.6	-245.2	94.3	
13.1	-6.6	-196.0	52.4	
20.5	-53.3	-178.8	-4.1	
-14.0	-50.9	-161.6	8.2	
-16.4	-21.4	-65.6	13.1	
-26.3	-16.4	-46.0	84.4	
3.2	27.8	27.8	111.5	
30.3	67.2	209.9	74.6	
20.5	82.0	207.4	40.1	
18.0	86.9	232.0	32.8	
37.7	57.4	192.7	30.3	
10.6	22.9	79.5	32.8	
3.2	15.5	-36.1	50.0	
-4.1	-4.1	5.7	50.0	
13.1	-21.4	15.5	52.4	
35.2	-36.1	-141.9	37.7	
45.1	-21.4	-223.1	25.4	
47.5	-9.1	-176.3	10.6	
27.8	0.8	-60.7	30.3	
10.6	-11.5	136.1	42.6	
8.2	3.2	192.7	30.3	
5.7	3.2	182.8	27.8	
3.2	22.9	192.7	18.0	
45.1	15.5	192.7	13.1	
57.4	3.2	180.4	20.5	
32.8	-1.7	94.3	30.3	
18.0	5.7	-43.5	25.4	
0.8	8.2	-183.7	30.3	
-6.6	8.2	-237.8	27.8	
-4.1	13.1	-203.4	32.8	
-16.4	13.1	-117.3	40.1	
-18.9	13.1	-68.1	32.8	
-9.1	10.6	22.9	45.1	
-14.0	3.2	3.2	35.2	
-28.7	8.2	-41.0	30.3	
-14.0	18.0	-26.3	35.2	
-14.0	32.8	-48.4	32.8	
5.7	25.4	-87.8	30.3	
8.2	18.0	-60.7	30.3	
15.5	20.5	10.6	27.8	
37.7	18.0	94.3	30.3	
42.6	8.2	190.2	35.2	
32.8	-1.7	187.7	37.7	
40.1	-9.1	158.2	42.6	
32.8	0.8	141.0	27.8	
-1.7	8.2	123.8	40.1	
-11.5	5.7	20.5	45.1	
-14.0	3.2	5.7	40.1	
5.7	13.1	-109.9	45.1	
3.2	10.6	-124.7	42.6	
15.5	13.1	-6.6	20.5	
30.3	15.5	101.6	20.5	
15.5	20.5	150.8	22.9	
22.9	15.5	136.1	32.8	
20.5	15.5	165.6	27.8	
22.9	22.9	207.4	27.8	
22.9	0.8	133.6	18.0	
-1.7	-6.6	64.7	37.7	
0.8	-6.6	0.8	42.6	
-1.7	-23.8	-60.7	42.6	
13.1	-23.8	-63.2	32.8	
8.2	-9.1	-85.3	27.8	
-1.7	0.8	-63.2	25.4	
8.2	10.6	-38.6	45.1	
10.6	10.6	-87.8	37.7	
15.5	15.5	-215.7	37.7	
13.1	40.1	-203.4	42.6	
20.5	20.5	-169.0	52.4	
18.0	10.6	-149.3	42.6	
3.2	-1.7	-4.1	15.5	
8.2	-4.1	72.1	13.1	
25.4	20.5	111.5	30.3	
15.5	25.4	133.6	50.0	
25.4	54.9	104.1	42.6	
18.0	67.2	62.3	37.7	
5.7	59.8	-4.1	35.2	
-1.7	35.2	54.9	37.7	
13.1	13.1	91.8	18.0	
27.8	-4.1	96.7	15.5	
27.8	-18.9	59.8	25.4	
22.9	-16.4	18.0	30.3	
10.6	-21.4	-16.4	45.1	
-9.1	-31.2	-33.7	40.1	
-33.7	-55.8	-41.0	45.1	
-41.0	-55.8	-43.5	47.5	
-11.5	-90.2	-26.3	25.4	
15.5	-63.2	-28.7	45.1	
67.2	-14.0	-68.1	27.8	
86.9	27.8	-92.7	25.4	
35.2	62.3	-100.1	45.1	
25.4	59.8	-26.3	25.4	
-4.1	62.3	45.1	15.5	
-23.8	59.8	22.9	35.2	
-21.4	52.4	89.3	40.1	
-33.7	-1.7	77.0	30.3	
-41.0	-58.3	106.6	37.7	
-58.3	-68.1	89.3	37.7	
-58.3	-4.1	89.3	25.4	
-28.7	30.3	62.3	27.8	
10.6	59.8	91.8	22.9	
77.0	54.9	160.7	27.8	
104.1	52.4	173.0	32.8	
104.1	35.2	165.6	62.3	
104.1	18.0	195.1	59.8	
45.1	3.2	74.6	57.4	
-21.4	-11.5	18.0	57.4	
-4.1	27.8	72.1	37.7	
3.2	30.3	96.7	3.2	
42.6	13.1	-73.0	18.0	
84.4	13.1	-338.7	37.7	
64.7	15.5	-415.0	62.3	
37.7	3.2	-292.0	64.7	
-11.5	-11.5	-196.0	67.2	
-60.7	-16.4	-90.2	52.4	
-58.3	-11.5	-4.1	30.3	
-21.4	-9.1	94.3	25.4	
25.4	3.2	121.3	20.5	
64.7	15.5	121.3	22.9	
37.7	18.0	74.6	54.9	
15.5	10.6	27.8	42.6	
-1.7	3.2	30.3	42.6	
8.2	22.9	10.6	40.1	
-9.1	22.9	5.7	47.5	
-1.7	15.5	79.5	37.7	
8.2	20.5	99.2	37.7	
10.6	22.9	20.5	47.5	
10.6	20.5	-77.9	57.4	
0.8	10.6	-58.3	42.6	
-6.6	3.2	-75.5	37.7	
-1.7	15.5	-114.8	42.6	
15.5	3.2	-100.1	45.1	
8.2	-1.7	-124.7	52.4	
0.8	8.2	-109.9	52.4	
3.2	3.2	3.2	54.9	
18.0	8.2	155.8	50.0	
-9.1	10.6	241.9	45.1	
-4.1	5.7	278.8	37.7	
5.7	10.6	286.1	42.6	
27.8	22.9	195.1	37.7	
27.8	8.2	101.6	35.2	
22.9	18.0	50.0	45.1	
5.7	20.5	-31.2	47.5	
3.2	25.4	-65.6	42.6	
-4.1	40.1	-68.1	57.4	
-9.1	27.8	-70.6	52.4	
0.8	18.0	-114.8	50.0	
-9.1	50.0	-149.3	40.1	
-1.7	54.9	-203.4	42.6	
-9.1	59.8	-205.9	37.7	
18.0	47.5	-186.2	54.9	
25.4	22.9	-156.7	57.4	
30.3	-1.7	-43.5	62.3	
32.8	-11.5	-18.9	50.0	
13.1	-36.1	57.4	32.8	
20.5	-43.5	113.9	25.4	
15.5	-50.9	155.8	42.6	
37.7	-58.3	86.9	64.7	
25.4	-53.3	-46.0	72.1	
27.8	-63.2	-33.7	64.7	
32.8	-63.2	-48.4	62.3	
20.5	-31.2	-28.7	42.6	
13.1	-16.4	3.2	52.4	
-6.6	-6.6	45.1	47.5	
-1.7	-11.5	77.0	42.6	
-9.1	-18.9	104.1	52.4	
5.7	-18.9	77.0	52.4	
3.2	-26.3	52.4	67.2	
-9.1	-21.4	18.0	52.4	
-4.1	13.1	-53.3	57.4	
-9.1	47.5	-55.8	59.8	
-6.6	54.9	3.2	62.3	
3.2	50.0	13.1	72.1	
-14.0	52.4	8.2	57.4	
-14.0	42.6	18.0	52.4	
-4.1	30.3	-4.1	52.4	
10.6	3.2	133.6	62.3	
20.5	-4.1	315.7	62.3	
-26.3	8.2	259.1	64.7	
-48.4	-46.0	300.9	62.3	
-97.6	-87.8	259.1	52.4	
-43.5	-151.7	113.9	47.5	
27.8	-203.4	-21.4	54.9	
91.8	-132.1	-80.4	77.0	
52.4	-55.8	-232.9	57.4	
52.4	47.5	-247.7	54.9	
52.4	175.4	-228.0	64.7	
22.9	234.5	-85.3	52.4	
18.0	177.9	25.4	62.3	
8.2	111.5	-26.3	62.3	
-11.5	15.5	-122.2	59.8	
-6.6	-43.5	-173.9	47.5	
15.5	-151.7	-119.8	52.4	
45.1	-144.4	-18.9	67.2	
54.9	-105.0	84.4	59.8	
69.7	-41.0	165.6	54.9	
99.2	13.1	241.9	57.4	
72.1	96.7	236.9	57.4	
45.1	121.3	190.2	86.9	
32.8	111.5	175.4	74.6	
5.7	104.1	47.5	64.7	
-11.5	74.6	-31.2	69.7	
-11.5	50.0	-73.0	37.7	
5.7	59.8	82.0	40.1	
-14.0	45.1	224.6	40.1	
-6.6	32.8	173.0	64.7	
-6.6	42.6	106.6	72.1	
8.2	35.2	59.8	64.7	
18.0	47.5	84.4	72.1	
35.2	35.2	72.1	69.7	
18.0	45.1	163.1	79.5	
50.0	40.1	99.2	74.6	
25.4	22.9	-36.1	59.8	
15.5	-4.1	111.5	62.3	
5.7	-23.8	217.3	35.2	
3.2	-36.1	148.4	40.1	
-1.7	-48.4	128.7	57.4	
-16.4	-58.3	99.2	72.1	
15.5	-65.6	45.1	79.5	
0.8	-73.0	-129.6	99.2	
3.2	-85.3	-309.2	96.7	
25.4	-68.1	-289.5	101.6	
18.0	-55.8	-127.1	74.6	
-14.0	-14.0	-58.3	40.1	
-21.4	-18.9	-77.9	30.3	
-16.4	-36.1	-127.1	25.4	
-18.9	-23.8	-232.9	42.6	
-11.5	-14.0	-289.5	72.1	
0.8	-18.9	-260.0	94.3	
0.8	-18.9	-323.9	74.6	
5.7	-1.7	-368.2	69.7	
3.2	-6.6	-326.4	59.8	
5.7	-9.1	-119.8	42.6	
20.5	5.7	5.7	47.5	
18.0	13.1	45.1	50.0	
22.9	13.1	67.2	64.7	
30.3	20.5	104.1	50.0	
30.3	13.1	77.0	45.1	
18.0	0.8	32.8	74.6	
22.9	-6.6	-11.5	52.4	
8.2	-6.6	5.7	57.4	
-1.7	0.8	30.3	50.0	
-14.0	5.7	54.9	54.9	
-4.1	-6.6	72.1	67.2	
-14.0	-11.5	86.9	79.5	
-4.1	-1.7	163.1	59.8	
-9.1	-16.4	153.3	47.5	
3.2	-1.7	165.6	59.8	
18.0	0.8	153.3	59.8	
15.5	-6.6	190.2	77.0	
10.6	-6.6	200.0	74.6	
-6.6	22.9	209.9	64.7	
15.5	13.1	101.6	77.0	
27.8	18.0	13.1	86.9	
15.5	18.0	-58.3	91.8	
20.5	3.2	-85.3	74.6	
45.1	8.2	-144.4	77.0	
37.7	-1.7	-70.6	72.1	
18.0	-1.7	20.5	72.1	
0.8	-4.1	-75.5	74.6	
-4.1	-31.2	-53.3	77.0	
-11.5	-23.8	133.6	77.0	
-6.6	-28.7	379.6	59.8	
8.2	8.2	487.9	74.6	
-26.3	15.5	436.2	86.9	
-21.4	52.4	350.1	77.0	
-18.9	57.4	278.8	74.6	
0.8	32.8	143.5	57.4	
35.2	45.1	-156.7	57.4	
42.6	5.7	-304.3	69.7	
20.5	-36.1	-351.0	62.3	
22.9	-55.8	-282.1	57.4	
27.8	-55.8	-169.0	67.2	
5.7	-63.2	-117.3	57.4	
3.2	-48.4	-117.3	45.1	
-11.5	-33.7	-31.2	59.8	
5.7	13.1	3.2	64.7	
15.5	40.1	10.6	59.8	
27.8	59.8	-58.3	32.8	
27.8	62.3	-112.4	50.0	
35.2	47.5	18.0	67.2	
40.1	54.9	47.5	82.0	
35.2	32.8	-14.0	64.7	
42.6	8.2	-31.2	77.0	
40.1	-1.7	-48.4	69.7	
10.6	-16.4	10.6	69.7	
8.2	-9.1	42.6	59.8	
18.0	-26.3	-21.4	62.3	
25.4	-16.4	-65.6	47.5	
25.4	-21.4	54.9	35.2	
22.9	-6.6	82.0	22.9	
22.9	-11.5	32.8	40.1	
25.4	-14.0	106.6	32.8	
25.4	-6.6	165.6	52.4	
25.4	-28.7	205.0	47.5	
-1.7	-31.2	217.3	45.1	
-21.4	-9.1	197.6	57.4	
-26.3	-4.1	209.9	50.0	
-23.8	0.8	101.6	40.1	
3.2	-1.7	-33.7	30.3	
50.0	-9.1	-63.2	42.6	
69.7	-18.9	-90.2	64.7	
62.3	-4.1	-75.5	69.7	
13.1	-58.3	-23.8	62.3	
5.7	-85.3	-65.6	47.5	
0.8	-63.2	-161.6	35.2	
-1.7	-38.6	-161.6	22.9	
5.7	20.5	-77.9	54.9	
-1.7	35.2	-50.9	69.7	
-1.7	47.5	-11.5	52.4	
5.7	25.4	-1.7	54.9	
5.7	0.8	-33.7	57.4	
3.2	-6.6	-28.7	45.1	
-6.6	-4.1	30.3	32.8	
-6.6	-9.1	25.4	22.9	
-11.5	13.1	13.1	27.8	
-33.7	22.9	-11.5	27.8	
-31.2	25.4	0.8	37.7	
-31.2	45.1	72.1	62.3	
-18.9	35.2	59.8	64.7	
-11.5	35.2	111.5	64.7	
-14.0	13.1	113.9	40.1	
-1.7	5.7	72.1	37.7	
13.1	3.2	10.6	22.9	
22.9	3.2	-21.4	25.4	
64.7	3.2	-21.4	40.1	
84.4	13.1	-18.9	32.8	
72.1	13.1	3.2	32.8	
67.2	-16.4	-43.5	30.3	
54.9	-124.7	-112.4	13.1	
47.5	-119.8	-124.7	8.2	
22.9	-46.0	-55.8	13.1	
-14.0	13.1	-75.5	104.1	
-28.7	13.1	-41.0	118.9	
-18.9	20.5	62.3	67.2	
0.8	54.9	160.7	54.9	
3.2	74.6	266.5	64.7	
3.2	123.8	254.2	59.8	
-11.5	180.4	283.7	50.0	
-4.1	207.4	141.0	72.1	
5.7	138.5	-31.2	79.5	
13.1	111.5	-127.1	72.1	
25.4	64.7	-200.9	52.4	
45.1	5.7	-181.3	42.6	
32.8	-65.6	-186.2	52.4	
30.3	-82.9	-119.8	40.1	
8.2	-75.5	-28.7	40.1	
8.2	-95.2	128.7	42.6	
3.2	-132.1	197.6	37.7	
-9.1	-161.6	224.6	37.7	
10.6	-139.4	177.9	47.5	
-4.1	-127.1	202.5	42.6	
15.5	-109.9	379.6	47.5	
37.7	-58.3	323.0	50.0	
25.4	-23.8	207.4	47.5	
-4.1	-9.1	111.5	52.4	
3.2	30.3	-9.1	42.6	
8.2	37.7	-33.7	40.1	
5.7	22.9	-70.6	35.2	
-1.7	37.7	-230.5	50.0	
5.7	27.8	-419.9	30.3	
3.2	20.5	-387.9	35.2	
-18.9	8.2	-228.0	27.8	
-33.7	22.9	-82.9	42.6	
-14.0	32.8	-149.3	50.0	
0.8	18.0	-127.1	50.0	
27.8	15.5	-80.4	20.5	
30.3	22.9	-53.3	32.8	
18.0	22.9	-43.5	22.9	
10.6	10.6	84.4	45.1	
-28.7	18.0	145.9	45.1	
-38.6	15.5	232.0	42.6	
-4.1	-4.1	303.4	50.0	
15.5	3.2	281.2	52.4	
40.1	10.6	168.1	37.7	
45.1	3.2	62.3	37.7	
5.7	20.5	-48.4	50.0	
-4.1	15.5	-85.3	50.0	
-31.2	10.6	-65.6	22.9	
-28.7	15.5	-68.1	27.8	
-33.7	8.2	-100.1	35.2	
-23.8	18.0	-73.0	37.7	
-9.1	10.6	-16.4	47.5	
15.5	-6.6	3.2	50.0	
22.9	18.0	3.2	37.7	
32.8	10.6	-38.6	27.8	
50.0	-1.7	-87.8	20.5	
59.8	3.2	-105.0	35.2	
47.5	-9.1	-31.2	37.7	
45.1	-18.9	3.2	40.1	
30.3	-16.4	45.1	42.6	
30.3	-21.4	5.7	47.5	
37.7	-46.0	35.2	54.9	
20.5	-48.4	153.3	59.8	
5.7	-38.6	276.3	37.7	
-4.1	-28.7	320.6	42.6	
0.8	-1.7	170.5	47.5	
-6.6	-9.1	40.1	69.7	
15.5	-14.0	47.5	77.0	
20.5	-6.6	109.0	77.0	
3.2	-14.0	57.4	67.2	
8.2	-1.7	-23.8	72.1	
18.0	5.7	-208.3	84.4	
8.2	-4.1	-247.7	72.1	
-26.3	3.2	-132.1	64.7	
-9.1	15.5	-198.5	45.1	
-9.1	13.1	-250.1	57.4	
-26.3	-6.6	-43.5	96.7	
-53.3	-46.0	82.0	106.6	
-28.7	-48.4	197.6	104.1	
0.8	-38.6	318.1	111.5	
15.5	10.6	268.9	94.3	
72.1	40.1	168.1	89.3	
89.3	67.2	101.6	77.0	
54.9	57.4	40.1	69.7	
27.8	30.3	-75.5	64.7	
-14.0	10.6	-73.0	74.6	
-41.0	18.0	-122.2	101.6	
-55.8	13.1	-112.4	99.2	
-55.8	-18.9	-90.2	101.6	
-26.3	-28.7	0.8	82.0	
0.8	-16.4	84.4	82.0	
42.6	-31.2	40.1	72.1	
27.8	-21.4	10.6	69.7	
-53.3	-33.7	20.5	72.1	
-109.9	-28.7	-6.6	86.9	
-127.1	13.1	-14.0	74.6	
-127.1	32.8	13.1	74.6	
-141.9	15.5	143.5	54.9	
-68.1	13.1	113.9	59.8	
40.1	-58.3	323.0	64.7	
155.8	-68.1	261.5	69.7	
180.4	-38.6	32.8	74.6	
180.4	13.1	-26.3	69.7	
163.1	22.9	219.7	62.3	
141.0	32.8	259.1	47.5	
89.3	27.8	291.1	45.1	
64.7	3.2	332.9	77.0	
59.8	-23.8	195.1	69.7	
45.1	-14.0	212.3	69.7	
50.0	-28.7	278.8	37.7	
52.4	-82.9	20.5	20.5	
45.1	-95.2	-169.0	25.4	
42.6	-87.8	-200.9	50.0	
30.3	-41.0	-156.7	84.4	
15.5	-14.0	-58.3	101.6	
18.0	-50.9	-112.4	101.6	
20.5	-85.3	-114.8	64.7	
-9.1	-41.0	-122.2	52.4	
-18.9	-18.9	-164.0	37.7	
3.2	20.5	-196.0	3.2	
20.5	106.6	-279.7	-33.7	
25.4	192.7	-328.9	-58.3	
35.2	205.0	-365.8	-55.8	
47.5	197.6	-277.2	-46.0	
50.0	175.4	-134.5	3.2	
25.4	109.0	5.7	64.7	
13.1	45.1	153.3	153.3	
3.2	13.1	200.0	205.0	
0.8	5.7	175.4	155.8	
-6.6	-33.7	138.5	91.8	
-1.7	-46.0	104.1	-6.6	
8.2	-38.6	133.6	-87.8	
10.6	-28.7	111.5	-92.7	
8.2	-11.5	131.2	-77.9	
8.2	-1.7	54.9	-14.0	
18.0	0.8	-77.9	94.3	
30.3	-18.9	-223.1	64.7	
50.0	-14.0	-119.8	62.3	
74.6	-28.7	-87.8	40.1	
10.6	-11.5	-58.3	-11.5	
-55.8	-23.8	-31.2	-18.9	
-41.0	-50.9	-9.1	-4.1	
-1.7	-60.7	-55.8	5.7	
42.6	-38.6	47.5	-16.4	
67.2	-31.2	165.6	-43.5	
27.8	-38.6	236.9	-50.9	
18.0	-28.7	254.2	-58.3	
27.8	-23.8	232.0	-112.4	
13.1	-28.7	190.2	-139.4	
5.7	-26.3	143.5	30.3	
3.2	-46.0	59.8	67.2	
0.8	-36.1	74.6	37.7	
-1.7	-21.4	84.4	27.8	
8.2	-1.7	-50.9	62.3	
13.1	-9.1	-124.7	72.1	
-1.7	-4.1	-90.2	52.4	
-1.7	13.1	-141.9	40.1	
-9.1	22.9	-237.8	27.8	
-14.0	3.2	-255.1	-11.5	
-16.4	13.1	-262.4	-33.7	
-4.1	0.8	-252.6	-16.4	
3.2	-1.7	-65.6	20.5	
10.6	8.2	143.5	35.2	
13.1	8.2	145.9	37.7	
22.9	3.2	0.8	37.7	
18.0	-1.7	-80.4	40.1	
32.8	-11.5	-58.3	37.7	
22.9	-4.1	3.2	10.6	
20.5	-18.9	-33.7	-14.0	
35.2	-6.6	-191.1	-11.5	
18.0	-16.4	-75.5	-1.7	
15.5	-26.3	50.0	10.6	
8.2	0.8	145.9	5.7	
-1.7	-16.4	153.3	-23.8	
-26.3	-1.7	89.3	-18.9	
-36.1	13.1	10.6	-4.1	
-53.3	25.4	-50.9	-1.7	
-46.0	27.8	22.9	13.1	
-14.0	35.2	116.4	13.1	
-11.5	32.8	205.0	5.7	
40.1	15.5	256.6	0.8	
40.1	5.7	244.3	-4.1	
35.2	-11.5	202.5	-1.7	
40.1	-23.8	182.8	3.2	
35.2	-11.5	261.5	3.2	
42.6	-23.8	180.4	-1.7	
40.1	-14.0	64.7	-26.3	
25.4	-9.1	-85.3	-38.6	
18.0	-21.4	-218.2	-36.1	
25.4	-11.5	-146.8	-58.3	
8.2	-11.5	-127.1	-70.6	
5.7	10.6	-82.9	-65.6	
-14.0	-11.5	-50.9	-80.4	
-14.0	-1.7	-14.0	-73.0	
-14.0	0.8	57.4	-82.9	
-6.6	0.8	74.6	-90.2	
-6.6	-1.7	50.0	-75.5	
18.0	-14.0	-14.0	-68.1	
15.5	-6.6	62.3	-73.0	
13.1	-11.5	94.3	-73.0	
3.2	-11.5	165.6	-65.6	
18.0	-4.1	190.2	-55.8	
15.5	0.8	104.1	-60.7	
-4.1	-16.4	-31.2	-60.7	
10.6	3.2	-23.8	-55.8	
3.2	-21.4	-38.6	-55.8	
0.8	-6.6	50.0	-46.0	
22.9	-4.1	-1.7	-58.3	
18.0	-9.1	-38.6	-75.5	
37.7	0.8	-70.6	-80.4	
35.2	-4.1	-50.9	-77.9	
25.4	-14.0	-112.4	-80.4	
-1.7	-6.6	-198.5	-70.6	
-11.5	-14.0	-92.7	-77.9	
-1.7	-9.1	-33.7	-85.3	
3.2	-16.4	32.8	-75.5	
10.6	-6.6	148.4	-68.1	
18.0	-4.1	214.8	-48.4	
22.9	-1.7	121.3	-43.5	
27.8	13.1	-105.0	-55.8	
8.2	22.9	-77.9	-53.3	
3.2	27.8	-58.3	-43.5	
-11.5	10.6	-11.5	-28.7	
-14.0	-4.1	133.6	-28.7	
-11.5	-14.0	209.9	-28.7	
27.8	-18.9	298.4	-14.0	
25.4	-9.1	455.9	-26.3	
42.6	-33.7	615.8	-43.5	
32.8	-28.7	455.9	-60.7	
0.8	-26.3	281.2	-75.5	
-11.5	-23.8	-65.6	-38.6	
-11.5	-9.1	-279.7	-4.1	
-1.7	0.8	-296.9	30.3	
-16.4	18.0	-321.5	42.6	
-6.6	25.4	-269.8	15.5	
-4.1	59.8	-210.8	-11.5	
47.5	62.3	5.7	-18.9	
82.0	54.9	207.4	3.2	
67.2	30.3	185.3	-1.7	
8.2	8.2	86.9	-14.0	
-16.4	-16.4	-33.7	-14.0	
-11.5	-28.7	-55.8	-43.5	
15.5	-46.0	-109.9	-36.1	
50.0	-41.0	-215.7	-21.4	
54.9	-48.4	-292.0	-36.1	
27.8	-31.2	-203.4	-21.4	
30.3	-18.9	106.6	3.2	
-1.7	18.0	364.9	18.0	
-18.9	27.8	485.4	25.4	
-28.7	50.0	409.1	13.1	
-9.1	40.1	436.2	0.8	
5.7	57.4	320.6	0.8	
13.1	27.8	109.0	-9.1	
32.8	13.1	-186.2	-18.9	
40.1	-1.7	-316.6	-11.5	
22.9	0.8	-282.1	-14.0	
3.2	-1.7	-262.4	-23.8	
-36.1	13.1	-277.2	-1.7	
-36.1	5.7	-223.1	27.8	
-41.0	10.6	-124.7	30.3	
-21.4	3.2	-141.9	18.0	
13.1	5.7	-124.7	3.2	
30.3	0.8	-124.7	-23.8	
40.1	-4.1	-95.2	-31.2	
64.7	-1.7	-46.0	-6.6	
59.8	-16.4	72.1	10.6	
22.9	-9.1	79.5	15.5	
-9.1	-1.7	-1.7	40.1	
-26.3	13.1	0.8	30.3	
15.5	18.0	-100.1	15.5	
27.8	15.5	-95.2	-11.5	
22.9	8.2	22.9	-21.4	
62.3	-21.4	37.7	0.8	
8.2	-28.7	-1.7	3.2	
-9.1	0.8	-58.3	10.6	
37.7	3.2	-28.7	0.8	
54.9	13.1	-14.0	8.2	
59.8	89.3	32.8	-6.6	
52.4	155.8	50.0	-9.1	
45.1	163.1	-28.7	3.2	
40.1	168.1	-92.7	15.5	
15.5	86.9	-6.6	15.5	
30.3	-11.5	86.9	20.5	
8.2	-92.7	121.3	30.3	
-6.6	-134.5	45.1	25.4	
5.7	-240.3	94.3	27.8	
3.2	-289.5	180.4	35.2	
0.8	-301.8	345.2	15.5	
-6.6	-210.8	539.5	22.9	
-1.7	-134.5	465.7	42.6	
-6.6	-68.1	246.8	15.5	
-1.7	40.1	232.0	-16.4	
8.2	128.7	182.8	-28.7	
10.6	175.4	64.7	-18.9	
10.6	197.6	-119.8	0.8	
13.1	175.4	-220.6	8.2	
10.6	116.4	-343.6	27.8	
-11.5	94.3	-336.2	22.9	
-21.4	91.8	-183.7	8.2	
-18.9	96.7	-95.2	-4.1	
3.2	64.7	22.9	0.8	
0.8	40.1	-55.8	30.3	
-16.4	25.4	-146.8	32.8	
-26.3	30.3	-95.2	20.5	
-36.1	15.5	-60.7	22.9	
-9.1	-6.6	-95.2	30.3	
22.9	-11.5	-169.0	35.2	
57.4	-26.3	-228.0	40.1	
84.4	-36.1	-183.7	20.5	
74.6	-21.4	-33.7	5.7	
54.9	-36.1	-6.6	-4.1	
13.1	-55.8	25.4	8.2	
-6.6	-43.5	94.3	30.3	
-14.0	-31.2	128.7	42.6	
-21.4	13.1	177.9	35.2	
-16.4	47.5	190.2	8.2	
0.8	64.7	192.7	-33.7	
-21.4	84.4	202.5	-11.5	
-36.1	64.7	219.7	3.2	
-55.8	45.1	182.8	25.4	
-70.6	20.5	192.7	42.6	
-68.1	0.8	163.1	25.4	
-36.1	-21.4	163.1	-14.0	
-33.7	-53.3	158.2	-28.7	
8.2	-50.9	163.1	8.2	
54.9	-31.2	113.9	27.8	
74.6	10.6	15.5	32.8	
52.4	22.9	-95.2	15.5	
52.4	18.0	-4.1	30.3	
32.8	18.0	175.4	35.2	
32.8	10.6	291.1	30.3	
37.7	22.9	268.9	18.0	
47.5	37.7	222.2	-9.1	
59.8	45.1	200.0	-18.9	
40.1	35.2	185.3	15.5	
37.7	22.9	8.2	42.6	
25.4	22.9	-164.0	27.8	
10.6	15.5	-198.5	25.4	
25.4	27.8	-210.8	-9.1	
32.8	20.5	-169.0	-16.4	
18.0	13.1	-109.9	8.2	
22.9	15.5	-102.5	13.1	
-16.4	8.2	-100.1	32.8	
-28.7	15.5	-181.3	30.3	
-46.0	10.6	-279.7	40.1	
-43.5	8.2	-267.4	32.8	
-28.7	15.5	-137.0	35.2	
-9.1	13.1	67.2	0.8	
-1.7	15.5	236.9	-36.1	
-6.6	22.9	310.7	-18.9	
-4.1	22.9	234.5	-4.1	
3.2	25.4	109.0	0.8	
-4.1	25.4	45.1	32.8	
25.4	15.5	118.9	40.1	
32.8	5.7	-9.1	18.0	
27.8	10.6	-82.9	22.9	
0.8	18.0	-154.2	8.2	
-26.3	18.0	-173.9	-11.5	
-6.6	8.2	-50.9	-1.7	
3.2	5.7	42.6	8.2	
-18.9	5.7	-134.5	37.7	
-23.8	-16.4	-250.1	18.0	
-48.4	-1.7	-171.4	32.8	
-36.1	8.2	-65.6	18.0	
0.8	0.8	-63.2	35.2	
57.4	-4.1	-43.5	15.5	
89.3	8.2	45.1	22.9	
69.7	10.6	37.7	15.5	
37.7	8.2	-58.3	5.7	
32.8	8.2	-213.2	25.4	
27.8	5.7	-237.8	22.9	
37.7	-9.1	-16.4	0.8	
42.6	-31.2	175.4	15.5	
45.1	-4.1	185.3	25.4	
47.5	37.7	136.1	22.9	
47.5	52.4	298.4	13.1	
32.8	79.5	387.0	5.7	
20.5	57.4	271.4	10.6	
8.2	54.9	244.3	30.3	
-23.8	27.8	195.1	25.4	
-21.4	-33.7	155.8	8.2	
-11.5	-58.3	20.5	-4.1	
-9.1	-23.8	-6.6	5.7	
-14.0	0.8	54.9	10.6	
-16.4	40.1	150.8	20.5	
-14.0	15.5	180.4	35.2	
-26.3	-28.7	91.8	30.3	
-1.7	-92.7	-36.1	10.6	
0.8	-87.8	-18.9	20.5	
-14.0	-55.8	-21.4	42.6	
-36.1	-58.3	-63.2	35.2	
-38.6	-33.7	-43.5	20.5	
-11.5	-6.6	116.4	-28.7	
32.8	8.2	205.0	-60.7	
47.5	47.5	136.1	-33.7	
35.2	101.6	15.5	5.7	
8.2	128.7	10.6	30.3	
-46.0	113.9	35.2	42.6	
-31.2	111.5	5.7	27.8	
-38.6	86.9	-75.5	-9.1	
-53.3	77.0	-1.7	-28.7	
-46.0	64.7	136.1	-4.1	
-43.5	64.7	118.9	8.2	
5.7	54.9	64.7	32.8	
27.8	13.1	128.7	47.5	
-16.4	-33.7	-11.5	45.1	
-41.0	-36.1	-70.6	30.3	
-21.4	-23.8	-46.0	15.5	
-4.1	-50.9	18.0	-1.7	
20.5	-70.6	-36.1	0.8	
86.9	-46.0	-117.3	25.4	
145.9	-14.0	-75.5	40.1	
113.9	5.7	-105.0	5.7	
35.2	50.0	-220.6	-33.7	
3.2	69.7	-235.4	-31.2	
-9.1	62.3	-205.9	5.7	
-4.1	67.2	-213.2	25.4	
3.2	74.6	-274.7	27.8	
35.2	52.4	-208.3	15.5	
59.8	10.6	-129.6	35.2	
91.8	10.6	-97.6	32.8	
72.1	25.4	-129.6	27.8	
35.2	15.5	-119.8	10.6	
32.8	13.1	-33.7	-4.1	
25.4	18.0	91.8	-1.7	
-16.4	37.7	50.0	-4.1	
3.2	-6.6	-4.1	-9.1	
-4.1	-38.6	-38.6	5.7	
5.7	-28.7	-11.5	5.7	
18.0	-16.4	-48.4	10.6	
32.8	42.6	-112.4	-1.7	
15.5	54.9	54.9	18.0	
25.4	52.4	153.3	20.5	
30.3	47.5	283.7	10.6	
25.4	18.0	423.9	5.7	
3.2	32.8	421.4	-4.1	
-11.5	59.8	323.0	13.1	
-23.8	79.5	106.6	15.5	
-21.4	72.1	0.8	10.6	
-14.0	42.6	-105.0	-9.1	
-18.9	30.3	-154.2	-1.7	
-9.1	13.1	-173.9	-11.5	
5.7	40.1	-97.6	-4.1	
15.5	25.4	-4.1	10.6	
18.0	8.2	109.0	15.5	
35.2	-4.1	195.1	27.8	
54.9	-11.5	121.3	30.3	
13.1	-6.6	-107.5	20.5	
15.5	-1.7	-200.9	-14.0	
10.6	8.2	-250.1	-9.1	
3.2	27.8	-178.8	-4.1	
-11.5	42.6	-1.7	25.4	
-4.1	42.6	-4.1	13.1	
-11.5	42.6	27.8	3.2	
-16.4	32.8	72.1	-6.6	
-23.8	25.4	153.3	-11.5	
-31.2	18.0	200.0	-1.7	
-16.4	27.8	79.5	0.8	
-31.2	35.2	-38.6	0.8	
-16.4	20.5	-112.4	3.2	
-11.5	10.6	-4.1	13.1	
-28.7	18.0	40.1	22.9	
-16.4	3.2	10.6	13.1	
-6.6	8.2	141.0	13.1	
18.0	-1.7	298.4	3.2	
30.3	-11.5	303.4	0.8	
40.1	-11.5	276.3	-4.1	
15.5	20.5	202.5	5.7	
3.2	22.9	168.1	-1.7	
0.8	27.8	113.9	-4.1	
-11.5	22.9	-127.1	-1.7	
13.1	27.8	-171.4	0.8	
18.0	25.4	-146.8	3.2	
30.3	30.3	-68.1	3.2	
50.0	18.0	-68.1	15.5	
62.3	0.8	-43.5	10.6	
59.8	13.1	-28.7	-9.1	
57.4	18.0	35.2	0.8	
50.0	25.4	163.1	20.5	
37.7	15.5	190.2	22.9	
30.3	15.5	109.0	27.8	
27.8	18.0	148.4	18.0	
20.5	30.3	163.1	3.2	
-1.7	13.1	77.0	-4.1	
5.7	5.7	-77.9	5.7	
0.8	13.1	-304.3	18.0	
0.8	13.1	-481.4	5.7	
5.7	13.1	-449.4	-6.6	
13.1	18.0	-323.9	-6.6	
-4.1	5.7	-191.1	-1.7	
3.2	20.5	-38.6	15.5	
0.8	22.9	-102.5	32.8	
3.2	18.0	-129.6	8.2	
0.8	35.2	-73.0	-6.6	
-28.7	30.3	-68.1	-16.4	
-41.0	40.1	-48.4	-6.6	
-31.2	42.6	-58.3	13.1	
-11.5	30.3	-38.6	10.6	
10.6	35.2	18.0	5.7	
13.1	22.9	62.3	18.0	
-11.5	35.2	123.8	18.0	
-21.4	-4.1	136.1	5.7	
-21.4	-38.6	96.7	10.6	
-18.9	5.7	67.2	5.7	
-14.0	8.2	35.2	-9.1	
13.1	0.8	-46.0	-21.4	
40.1	35.2	-73.0	-14.0	
37.7	30.3	-75.5	-14.0	
15.5	5.7	-38.6	-23.8	
3.2	-31.2	-43.5	-31.2	
-6.6	-36.1	-38.6	-14.0	
-11.5	-38.6	-1.7	-41.0	
-6.6	-53.3	8.2	-43.5	
-33.7	-38.6	13.1	64.7	
-28.7	-48.4	35.2	8.2	
-41.0	-16.4	45.1	-38.6	
-33.7	27.8	15.5	-60.7	
-14.0	101.6	47.5	37.7	
62.3	79.5	126.2	62.3	
99.2	106.6	104.1	18.0	
104.1	131.2	79.5	-11.5	
74.6	113.9	79.5	-48.4	
22.9	111.5	118.9	-4.1	
27.8	77.0	143.5	54.9	
37.7	42.6	121.3	118.9	
27.8	-4.1	104.1	168.1	
-1.7	-11.5	57.4	205.0	
20.5	-9.1	104.1	229.6	
54.9	-38.6	121.3	111.5	
47.5	-50.9	82.0	-43.5	
37.7	-16.4	52.4	-80.4	
22.9	-16.4	-1.7	-240.3	
15.5	-18.9	-28.7	-328.9	
-1.7	8.2	-60.7	-191.1	
10.6	18.0	-85.3	-176.3	
-16.4	22.9	-100.1	22.9	
-14.0	30.3	-90.2	273.8	
-9.1	35.2	-82.9	374.7	
8.2	64.7	-85.3	271.4	
27.8	67.2	-85.3	234.5	
27.8	47.5	-109.9	54.9	
35.2	37.7	-95.2	-105.0	
27.8	45.1	-60.7	-196.0	
42.6	27.8	-95.2	-178.8	
47.5	18.0	-48.4	-139.4	
15.5	30.3	13.1	-82.9	
18.0	27.8	45.1	-23.8	
3.2	5.7	91.8	3.2	
-6.6	-14.0	40.1	-46.0	
-11.5	-33.7	27.8	-87.8	
5.7	-50.9	-1.7	15.5	
-6.6	-46.0	-38.6	113.9	
-26.3	-14.0	-14.0	30.3	
-21.4	35.2	-23.8	-58.3	
-31.2	52.4	-50.9	-60.7	
-38.6	37.7	-112.4	160.7	
-28.7	3.2	-38.6	505.1	
-33.7	-1.7	35.2	554.3	
-11.5	-14.0	94.3	325.5	
8.2	27.8	131.2	8.2	
5.7	35.2	239.4	-90.2	
20.5	47.5	273.8	79.5	
32.8	116.4	138.5	202.5	
52.4	128.7	50.0	-154.2	
35.2	116.4	-58.3	-328.9	
20.5	118.9	-188.6	-338.7	
37.7	128.7	-90.2	-169.0	
15.5	94.3	-63.2	89.3	
5.7	67.2	-43.5	182.8	
-4.1	27.8	-43.5	-33.7	
-36.1	-14.0	-68.1	-146.8	
-43.5	-31.2	-95.2	-188.6	
-9.1	-9.1	-92.7	-146.8	
-4.1	13.1	-53.3	-141.9	
20.5	27.8	3.2	-77.9	
59.8	40.1	50.0	-41.0	
89.3	42.6	57.4	3.2	
52.4	57.4	3.2	-28.7	
45.1	52.4	-23.8	-77.9	
35.2	40.1	-97.6	-18.9	
30.3	37.7	-70.6	62.3	
45.1	30.3	-23.8	214.8	
20.5	20.5	18.0	219.7	
0.8	15.5	0.8	138.5	
0.8	13.1	-50.9	89.3	
-14.0	-16.4	-85.3	20.5	
-6.6	-23.8	-92.7	-68.1	
-23.8	-6.6	-87.8	20.5	
-18.9	8.2	-75.5	89.3	
-23.8	20.5	25.4	131.2	
-6.6	45.1	118.9	133.6	
3.2	47.5	133.6	202.5	
32.8	-28.7	118.9	94.3	
22.9	-46.0	118.9	54.9	
15.5	-21.4	89.3	143.5	
10.6	25.4	153.3	-28.7	
10.6	57.4	143.5	-277.2	
8.2	101.6	54.9	-358.4	
18.0	96.7	15.5	-50.9	
37.7	89.3	32.8	335.3	
27.8	62.3	-16.4	256.6	
42.6	57.4	32.8	62.3	
37.7	5.7	-1.7	-77.9	
27.8	-28.7	111.5	-336.2	
37.7	-23.8	180.4	-331.3	
42.6	5.7	217.3	-196.0	
25.4	0.8	25.4	-141.9	
15.5	-1.7	-114.8	-129.6	
-9.1	25.4	-198.5	-119.8	
0.8	8.2	-247.7	-90.2	
15.5	-4.1	-363.3	-53.3	
8.2	10.6	-262.4	-36.1	
-1.7	8.2	-112.4	64.7	
-1.7	15.5	-18.9	136.1	
-4.1	10.6	74.6	15.5	
-33.7	-4.1	77.0	-50.9	
-46.0	-18.9	99.2	-105.0	
-55.8	-31.2	0.8	-132.1	
-55.8	-50.9	-82.9	84.4	
-21.4	-33.7	-151.7	273.8	
-14.0	22.9	-144.4	308.3	
0.8	62.3	-109.9	409.1	
77.0	91.8	-58.3	431.3	
96.7	116.4	-50.9	485.4	
59.8	121.3	-97.6	264.0	
50.0	72.1	-9.1	-41.0	
59.8	64.7	-1.7	-186.2	
57.4	57.4	-53.3	-114.8	
25.4	35.2	5.7	-53.3	
5.7	59.8	121.3	18.0	
3.2	42.6	77.0	18.0	
15.5	15.5	-6.6	-87.8	
5.7	-28.7	-53.3	-109.9	
-26.3	-16.4	-90.2	-144.4	
-11.5	13.1	-73.0	-82.9	
-6.6	37.7	3.2	13.1	
-6.6	52.4	-1.7	54.9	
0.8	47.5	-6.6	84.4	
15.5	52.4	35.2	126.2	
42.6	37.7	47.5	99.2	
69.7	40.1	54.9	32.8	
69.7	45.1	74.6	86.9	
62.3	25.4	45.1	182.8	
47.5	25.4	27.8	293.5	
25.4	35.2	52.4	165.6	
25.4	40.1	50.0	-171.4	
15.5	47.5	42.6	-154.2	
8.2	40.1	50.0	-114.8	
-1.7	40.1	72.1	-55.8	
18.0	32.8	72.1	77.0	
18.0	37.7	126.2	205.0	
3.2	32.8	101.6	187.7	
0.8	18.0	96.7	74.6	
10.6	20.5	82.0	45.1	
8.2	18.0	79.5	50.0	
5.7	35.2	72.1	86.9	
-4.1	27.8	62.3	-65.6	
-14.0	-6.6	69.7	-144.4	
-46.0	-23.8	67.2	-95.2	
-70.6	-55.8	18.0	-122.2	
-68.1	-14.0	-23.8	-97.6	
-55.8	25.4	-16.4	64.7	
-65.6	57.4	-18.9	99.2	
-85.3	101.6	-68.1	77.0	
-90.2	111.5	-92.7	155.8	
-41.0	101.6	-127.1	359.9	
-9.1	79.5	-119.8	281.2	
27.8	69.7	-139.4	123.8	
54.9	32.8	-166.5	99.2	
57.4	-4.1	-63.2	123.8	
123.8	-31.2	27.8	40.1	
163.1	-18.9	89.3	128.7	
136.1	-11.5	116.4	-58.3	
94.3	3.2	77.0	-63.2	
79.5	3.2	62.3	8.2	
50.0	22.9	54.9	84.4	
27.8	25.4	32.8	109.0	
18.0	25.4	-33.7	84.4	
10.6	20.5	-31.2	96.7	
5.7	18.0	-102.5	158.2	
3.2	15.5	-156.7	18.0	
-6.6	18.0	-156.7	-87.8	
-14.0	27.8	-109.9	-92.7	
3.2	25.4	-55.8	-109.9	
20.5	30.3	-82.9	-90.2	
15.5	30.3	-6.6	-90.2	
18.0	25.4	104.1	-90.2	
8.2	15.5	200.0	-46.0	
-4.1	20.5	273.8	-31.2	
10.6	18.0	236.9	-18.9	
47.5	8.2	202.5	141.0	
84.4	25.4	77.0	318.1	
42.6	27.8	-75.5	362.4	
3.2	25.4	-161.6	345.2	
0.8	57.4	-245.2	266.5	
27.8	52.4	-213.2	234.5	
37.7	52.4	-127.1	109.0	
-1.7	42.6	-48.4	-92.7	
-23.8	25.4	-31.2	-277.2	
-31.2	-21.4	-21.4	-171.4	
-14.0	-63.2	42.6	-9.1	
-14.0	-82.9	89.3	27.8	
-28.7	-53.3	106.6	40.1	
-28.7	-14.0	170.5	84.4	
-48.4	13.1	148.4	138.5	
-31.2	35.2	111.5	160.7	
5.7	59.8	84.4	116.4	
27.8	89.3	86.9	59.8	
18.0	94.3	59.8	69.7	
8.2	79.5	32.8	54.9	
13.1	77.0	-28.7	27.8	
18.0	67.2	-85.3	5.7	
22.9	59.8	-97.6	15.5	
3.2	59.8	-109.9	64.7	
-23.8	54.9	-105.0	94.3	
0.8	37.7	-43.5	94.3	
5.7	62.3	-16.4	116.4	
30.3	40.1	8.2	74.6	
22.9	50.0	8.2	18.0	
22.9	47.5	18.0	50.0	
-1.7	54.9	5.7	133.6	
-14.0	45.1	-11.5	138.5	
-31.2	54.9	-14.0	109.0	
-41.0	47.5	20.5	123.8	
-28.7	45.1	30.3	180.4	
-9.1	47.5	22.9	82.0	
10.6	57.4	10.6	-107.5	
47.5	59.8	-26.3	-193.6	
82.0	57.4	-50.9	-26.3	
96.7	37.7	-31.2	15.5	
54.9	20.5	10.6	18.0	
25.4	-48.4	52.4	52.4	
0.8	-95.2	52.4	62.3	
-9.1	-114.8	67.2	35.2	
-14.0	-97.6	91.8	30.3	
-14.0	-18.9	64.7	77.0	
-1.7	57.4	79.5	153.3	
-4.1	89.3	22.9	177.9	
-6.6	101.6	-18.9	99.2	
8.2	138.5	-41.0	20.5	
10.6	145.9	0.8	77.0	
30.3	126.2	-53.3	-6.6	
37.7	84.4	-63.2	-14.0	
35.2	67.2	-63.2	0.8	
3.2	50.0	-100.1	67.2	
8.2	52.4	-63.2	82.0	
13.1	35.2	27.8	42.6	
8.2	30.3	91.8	3.2	
-6.6	32.8	128.7	15.5	
-4.1	45.1	101.6	27.8	
-1.7	42.6	113.9	59.8	
-23.8	42.6	52.4	104.1	
-31.2	52.4	59.8	121.3	
-28.7	45.1	-60.7	86.9	
-33.7	40.1	-154.2	37.7	
-28.7	30.3	-173.9	5.7	
-41.0	25.4	-92.7	37.7	
-36.1	30.3	-26.3	72.1	
-21.4	37.7	25.4	47.5	
-23.8	35.2	99.2	67.2	
-48.4	50.0	131.2	69.7	
-73.0	-55.8	123.8	59.8	
-46.0	-134.5	153.3	72.1	
-11.5	-144.4	141.0	82.0	
-9.1	-129.6	74.6	64.7	
-4.1	-164.0	40.1	40.1	
-18.9	-127.1	79.5	-1.7	
-23.8	-80.4	116.4	-55.8	
22.9	-58.3	79.5	-33.7	
77.0	-68.1	35.2	-1.7	
101.6	-63.2	35.2	37.7	
131.2	-70.6	79.5	30.3	
126.2	-114.8	96.7	150.8	
91.8	-55.8	-18.9	96.7	
50.0	111.5	-73.0	62.3	
47.5	264.0	-100.1	47.5	
37.7	293.5	-26.3	77.0	
52.4	268.9	82.0	109.0	
82.0	246.8	123.8	121.3	
113.9	214.8	35.2	94.3	
123.8	227.1	-95.2	77.0	
109.0	190.2	-215.7	64.7	
69.7	190.2	-112.4	32.8	
32.8	165.6	-65.6	3.2	
3.2	126.2	-100.1	27.8	
-4.1	141.0	-107.5	72.1	
-4.1	138.5	-178.8	104.1	
-1.7	126.2	-178.8	145.9	
3.2	64.7	-70.6	136.1	
20.5	37.7	22.9	62.3	
22.9	35.2	109.0	64.7	
37.7	32.8	165.6	47.5	
25.4	27.8	180.4	-156.7	
35.2	27.8	175.4	-198.5	
30.3	-9.1	182.8	-53.3	
3.2	-38.6	158.2	84.4	
-23.8	-53.3	77.0	-1.7	
-21.4	-63.2	0.8	5.7	
-14.0	-60.7	-87.8	74.6	
10.6	-48.4	3.2	45.1	
5.7	-18.9	121.3	106.6	
13.1	-1.7	190.2	153.3	
15.5	50.0	155.8	62.3	
15.5	84.4	170.5	15.5	
-9.1	74.6	131.2	-9.1	
-16.4	52.4	47.5	50.0	
-18.9	67.2	-23.8	91.8	
-14.0	79.5	-92.7	256.6	
13.1	77.0	-225.5	205.0	
32.8	69.7	-294.4	106.6	
30.3	47.5	-360.8	10.6	
10.6	37.7	-365.8	-60.7	
-1.7	25.4	-296.9	-41.0	
-6.6	25.4	-173.9	-46.0	
-9.1	13.1	-87.8	-36.1	
-4.1	25.4	-46.0	-33.7	
5.7	37.7	15.5	-26.3	
13.1	42.6	35.2	-23.8	
18.0	45.1	109.0	-46.0	
13.1	27.8	84.4	-26.3	
15.5	27.8	84.4	126.2	
5.7	22.9	79.5	170.5	
13.1	32.8	47.5	116.4	
5.7	32.8	30.3	113.9	
-4.1	32.8	67.2	106.6	
-6.6	35.2	74.6	109.0	
-14.0	35.2	45.1	74.6	
5.7	27.8	5.7	22.9	
5.7	25.4	13.1	-16.4	
5.7	40.1	35.2	50.0	
-23.8	32.8	42.6	111.5	
-50.9	47.5	37.7	128.7	
-87.8	50.0	-14.0	126.2	
-58.3	42.6	-68.1	86.9	
-23.8	45.1	-68.1	0.8	
27.8	32.8	25.4	-6.6	
72.1	22.9	37.7	-21.4	
79.5	25.4	64.7	-38.6	
64.7	18.0	200.0	-11.5	
64.7	35.2	303.4	-1.7	
69.7	30.3	313.2	35.2	
32.8	37.7	239.4	40.1	
37.7	37.7	96.7	62.3	
37.7	35.2	-9.1	106.6	
30.3	45.1	-21.4	50.0	
22.9	50.0	-33.7	96.7	
10.6	30.3	-105.0	30.3	
20.5	13.1	-205.9	27.8	
27.8	45.1	-127.1	57.4	
25.4	59.8	-100.1	67.2	
5.7	32.8	-4.1	-33.7	
-4.1	37.7	104.1	-105.0	
-9.1	30.3	182.8	72.1	
-28.7	50.0	158.2	8.2	
8.2	42.6	62.3	-68.1	
13.1	42.6	0.8	123.8	
-21.4	37.7	-9.1	241.9	
-41.0	47.5	-26.3	101.6	
-31.2	42.6	-97.6	-46.0	
5.7	35.2	-156.7	-53.3	
-23.8	22.9	-60.7	35.2	
-50.9	32.8	22.9	123.8	
-48.4	30.3	64.7	180.4	
-33.7	32.8	47.5	168.1	
72.1	42.6	15.5	84.4	
160.7	45.1	20.5	-68.1	
158.2	32.8	59.8	-41.0	
79.5	35.2	52.4	89.3	
45.1	32.8	-65.6	168.1	
22.9	37.7	-90.2	121.3	
-4.1	30.3	-85.3	42.6	
-11.5	35.2	-38.6	69.7	
-18.9	37.7	40.1	10.6	
-41.0	27.8	91.8	22.9	
-46.0	32.8	131.2	32.8	
-21.4	37.7	109.0	50.0	
3.2	54.9	-4.1	50.0	
35.2	42.6	-134.5	45.1	
37.7	45.1	-102.5	57.4	
15.5	40.1	-159.1	42.6	
45.1	35.2	-149.3	40.1	
42.6	25.4	-146.8	32.8	
22.9	47.5	-85.3	10.6	
30.3	42.6	-23.8	3.2	
57.4	40.1	42.6	18.0	
72.1	42.6	111.5	-6.6	
67.2	50.0	128.7	-11.5	
18.0	40.1	141.0	-6.6	
-11.5	15.5	136.1	116.4	
18.0	32.8	84.4	556.7	
8.2	52.4	62.3	350.1	
-6.6	45.1	62.3	82.0	
-6.6	42.6	54.9	79.5	
18.0	40.1	37.7	-107.5	
35.2	27.8	-16.4	-183.7	
22.9	30.3	-21.4	-107.5	
25.4	32.8	-33.7	-11.5	
-1.7	35.2	-63.2	57.4	
-11.5	62.3	-1.7	62.3	
20.5	52.4	-4.1	67.2	
27.8	30.3	15.5	86.9	
27.8	27.8	0.8	94.3	
27.8	22.9	5.7	89.3	
22.9	13.1	86.9	57.4	
20.5	27.8	175.4	25.4	
15.5	10.6	141.0	27.8	
20.5	-16.4	94.3	69.7	
18.0	-14.0	113.9	82.0	
0.8	3.2	77.0	94.3	
3.2	22.9	27.8	77.0	
0.8	40.1	15.5	69.7	
-1.7	62.3	0.8	72.1	
-21.4	67.2	-90.2	74.6	
-58.3	79.5	22.9	74.6	
-73.0	84.4	18.0	77.0	
-50.9	94.3	30.3	99.2	
-1.7	64.7	45.1	126.2	
5.7	54.9	64.7	123.8	
50.0	50.0	121.3	145.9	
77.0	32.8	101.6	158.2	
86.9	32.8	32.8	109.0	
99.2	15.5	-21.4	45.1	
86.9	37.7	-100.1	-43.5	
40.1	62.3	-137.0	-122.2	
-21.4	50.0	-124.7	-16.4	
22.9	27.8	-114.8	82.0	
52.4	45.1	-117.3	94.3	
50.0	-21.4	-102.5	62.3	
42.6	-164.0	-60.7	84.4	
13.1	-225.5	-63.2	111.5	
-4.1	-215.7	-48.4	141.0	
-11.5	-208.3	-26.3	111.5	
-6.6	-183.7	5.7	123.8	
-14.0	-139.4	8.2	121.3	
-4.1	-109.9	22.9	173.0	
0.8	-77.9	47.5	177.9	
-4.1	-55.8	27.8	67.2	
0.8	64.7	25.4	-43.5	
3.2	126.2	8.2	-43.5	
8.2	182.8	-26.3	8.2	
5.7	241.9	-16.4	45.1	
5.7	276.3	35.2	82.0	
-21.4	276.3	57.4	99.2	
-6.6	219.7	106.6	116.4	
15.5	185.3	150.8	77.0	
22.9	160.7	251.7	40.1	
18.0	136.1	288.6	25.4	
-9.1	138.5	222.2	18.0	
-21.4	131.2	190.2	54.9	
-16.4	128.7	109.0	89.3	
-9.1	96.7	20.5	99.2	
-9.1	118.9	-6.6	236.9	
-41.0	99.2	10.6	214.8	
-70.6	89.3	86.9	57.4	
-73.0	50.0	111.5	-85.3	
-53.3	59.8	50.0	-46.0	
-31.2	50.0	-43.5	13.1	
-23.8	50.0	-105.0	54.9	
-31.2	40.1	-122.2	35.2	
-60.7	40.1	-105.0	91.8	
-90.2	20.5	-41.0	104.1	
-80.4	18.0	-33.7	89.3	
-100.1	30.3	-1.7	96.7	
-112.4	13.1	-53.3	64.7	
-75.5	15.5	-105.0	143.5	
-87.8	20.5	-92.7	77.0	
-53.3	10.6	-73.0	-90.2	
27.8	18.0	-60.7	47.5	
128.7	22.9	-73.0	163.1	
276.3	25.4	-53.3	109.0	
409.1	32.8	-28.7	212.3	
345.2	30.3	-58.3	222.2	
207.4	37.7	-107.5	-223.1	
96.7	22.9	-100.1	-112.4	
74.6	37.7	-23.8	-4.1	
59.8	30.3	15.5	22.9	
18.0	18.0	109.0	50.0	
-36.1	0.8	143.5	57.4	
-92.7	-1.7	153.3	42.6	
-55.8	3.2	136.1	52.4	
-1.7	3.2	118.9	67.2	
64.7	3.2	96.7	37.7	
153.3	3.2	50.0	-9.1	
202.5	35.2	40.1	-48.4	
121.3	47.5	-28.7	-31.2	
42.6	40.1	-75.5	77.0	
40.1	47.5	-16.4	369.8	
-9.1	37.7	-85.3	340.3	
-38.6	40.1	-85.3	94.3	
-43.5	40.1	-73.0	35.2	
-41.0	40.1	-82.9	45.1	
-46.0	30.3	-87.8	104.1	
-41.0	30.3	-28.7	96.7	
-18.9	27.8	-11.5	111.5	
-6.6	20.5	54.9	153.3	
30.3	30.3	111.5	-82.9	
57.4	37.7	145.9	-186.2	
54.9	37.7	148.4	-183.7	
37.7	42.6	200.0	-181.3	
45.1	37.7	197.6	-169.0	
18.0	45.1	27.8	-102.5	
8.2	35.2	-92.7	74.6	
8.2	40.1	-139.4	374.7	
-9.1	30.3	-114.8	399.3	
-16.4	32.8	-77.9	372.2	
-11.5	15.5	-16.4	96.7	
-11.5	30.3	-6.6	67.2	
-16.4	30.3	5.7	123.8	
-4.1	27.8	18.0	133.6	
-14.0	35.2	37.7	-11.5	
-1.7	37.7	72.1	13.1	
15.5	37.7	67.2	91.8	
8.2	37.7	37.7	150.8	
3.2	42.6	5.7	116.4	
-9.1	40.1	15.5	84.4	
-23.8	40.1	47.5	89.3	
5.7	37.7	77.0	86.9	
-6.6	30.3	57.4	79.5	
-4.1	40.1	-4.1	72.1	
0.8	47.5	-18.9	62.3	
0.8	52.4	-26.3	74.6	
-9.1	54.9	-70.6	94.3	
-9.1	52.4	-112.4	136.1	
3.2	45.1	-70.6	158.2	
15.5	42.6	-23.8	145.9	
15.5	40.1	96.7	111.5	
8.2	40.1	163.1	15.5	
-1.7	45.1	153.3	45.1	
5.7	35.2	168.1	57.4	
3.2	30.3	148.4	77.0	
0.8	37.7	116.4	82.0	
5.7	42.6	13.1	74.6	
-1.7	35.2	-70.6	57.4	
0.8	42.6	-100.1	25.4	
0.8	35.2	-109.9	30.3	
8.2	37.7	-68.1	45.1	
-6.6	20.5	-95.2	86.9	
0.8	50.0	-80.4	138.5	
-6.6	30.3	-26.3	96.7	
-4.1	37.7	-43.5	35.2	
-18.9	37.7	-9.1	22.9	
-14.0	22.9	37.7	-4.1	
-26.3	40.1	62.3	35.2	
-18.9	30.3	86.9	57.4	
-33.7	35.2	116.4	59.8	
-18.9	52.4	74.6	72.1	
-23.8	37.7	82.0	86.9	
0.8	25.4	64.7	123.8	
22.9	22.9	32.8	185.3	
54.9	27.8	8.2	222.2	
47.5	45.1	-1.7	266.5	
62.3	50.0	-70.6	318.1	
42.6	47.5	-46.0	249.2	
30.3	37.7	-70.6	155.8	
18.0	47.5	-36.1	-11.5	
25.4	50.0	57.4	-210.8	
30.3	45.1	158.2	-154.2	
32.8	35.2	173.0	-156.7	
3.2	22.9	123.8	-31.2	
8.2	18.0	69.7	27.8	
22.9	3.2	47.5	13.1	
62.3	-4.1	54.9	-38.6	
62.3	30.3	3.2	-43.5	
54.9	42.6	-60.7	-4.1	
45.1	22.9	-107.5	40.1	
10.6	35.2	-70.6	64.7	
-36.1	27.8	10.6	69.7	
-43.5	32.8	-16.4	79.5	
-4.1	22.9	30.3	96.7	
-6.6	18.0	104.1	42.6	
-4.1	50.0	143.5	-28.7	
-4.1	79.5	116.4	-6.6	
18.0	45.1	67.2	25.4	
-9.1	50.0	37.7	67.2	
-63.2	42.6	32.8	69.7	
-92.7	109.0	8.2	77.0	
-114.8	72.1	-1.7	77.0	
-97.6	-4.1	-4.1	79.5	
-41.0	-26.3	-1.7	79.5	
25.4	-73.0	-26.3	64.7	
62.3	-80.4	-124.7	50.0	
37.7	-97.6	-139.4	62.3	
-46.0	-87.8	-151.7	72.1	
-48.4	-58.3	-122.2	62.3	
-1.7	-36.1	-68.1	40.1	
69.7	18.0	-26.3	22.9	
121.3	45.1	-16.4	52.4	
148.4	82.0	-31.2	89.3	
126.2	128.7	-21.4	101.6	
50.0	141.0	-11.5	72.1	
-43.5	111.5	25.4	47.5	
-137.0	62.3	40.1	32.8	
-193.6	20.5	15.5	52.4	
-191.1	-9.1	22.9	74.6	
-181.3	-14.0	5.7	62.3	
-119.8	-28.7	62.3	79.5	
-60.7	-36.1	126.2	64.7	
74.6	-36.1	136.1	45.1	
175.4	-41.0	79.5	47.5	
180.4	-21.4	74.6	35.2	
173.0	-11.5	18.0	59.8	
104.1	8.2	8.2	77.0	
67.2	-16.4	0.8	94.3	
116.4	-9.1	-11.5	94.3	
209.9	5.7	-68.1	47.5	
286.1	86.9	-31.2	27.8	
313.2	141.0	18.0	22.9	
234.5	165.6	25.4	27.8	
106.6	177.9	0.8	27.8	
79.5	141.0	27.8	69.7	
86.9	64.7	57.4	94.3	
96.7	37.7	32.8	35.2	
40.1	25.4	10.6	18.0	
-85.3	40.1	-36.1	40.1	
-134.5	104.1	-14.0	89.3	
-169.0	128.7	32.8	-48.4	
-151.7	111.5	-14.0	160.7	
-105.0	32.8	8.2	62.3	
-9.1	-58.3	91.8	86.9	
91.8	-95.2	86.9	77.0	
99.2	-127.1	62.3	-9.1	
72.1	-82.9	-1.7	-28.7	
72.1	-4.1	-65.6	0.8	
74.6	77.0	-105.0	-6.6	
101.6	158.2	-28.7	22.9	
59.8	182.8	-9.1	57.4	
-11.5	227.1	-21.4	84.4	
-68.1	175.4	32.8	94.3	
-68.1	158.2	133.6	121.3	
-92.7	123.8	205.0	148.4	
-75.5	77.0	158.2	94.3	
-26.3	42.6	99.2	-41.0	
-4.1	22.9	22.9	-23.8	
-6.6	5.7	18.0	77.0	
20.5	3.2	8.2	123.8	
106.6	30.3	-38.6	25.4	
64.7	42.6	-43.5	-43.5	
8.2	40.1	3.2	150.8	
-11.5	54.9	-4.1	32.8	
-31.2	35.2	-55.8	-58.3	
-21.4	27.8	-46.0	-14.0	
-1.7	27.8	-6.6	27.8	
50.0	20.5	8.2	-107.5	
77.0	18.0	-9.1	-132.1	
69.7	18.0	-21.4	-21.4	
89.3	0.8	-14.0	52.4	
59.8	-9.1	-1.7	59.8	
3.2	8.2	30.3	123.8	
-60.7	10.6	67.2	264.0	
-41.0	-6.6	52.4	222.2	
-31.2	-21.4	59.8	59.8	
-11.5	-1.7	57.4	-200.9	
30.3	35.2	72.1	-223.1	
57.4	47.5	45.1	-60.7	
25.4	30.3	10.6	86.9	
-1.7	-1.7	-38.6	155.8	
22.9	30.3	-73.0	79.5	
59.8	67.2	-77.9	22.9	
47.5	123.8	-23.8	47.5	
25.4	138.5	25.4	52.4	
10.6	138.5	35.2	37.7	
5.7	96.7	15.5	82.0	
-11.5	86.9	13.1	113.9	
-31.2	57.4	-28.7	57.4	
-38.6	50.0	-85.3	27.8	
-33.7	20.5	-141.9	22.9	
-16.4	13.1	-87.8	40.1	
8.2	22.9	-87.8	54.9	
22.9	35.2	-31.2	35.2	
27.8	42.6	5.7	3.2	
27.8	35.2	25.4	-43.5	
3.2	30.3	50.0	-58.3	
-4.1	0.8	32.8	-36.1	
-1.7	20.5	62.3	-21.4	
3.2	22.9	72.1	-6.6	
-6.6	18.0	52.4	27.8	
0.8	20.5	37.7	89.3	
-1.7	27.8	62.3	131.2	
3.2	22.9	99.2	104.1	
-6.6	13.1	74.6	-53.3	
5.7	20.5	67.2	10.6	
-9.1	20.5	69.7	37.7	
3.2	25.4	67.2	42.6	
8.2	22.9	67.2	30.3	
20.5	20.5	52.4	-4.1	
18.0	25.4	47.5	-6.6	
22.9	15.5	91.8	37.7	
15.5	37.7	121.3	45.1	
5.7	40.1	82.0	77.0	
-1.7	35.2	52.4	91.8	
-1.7	42.6	25.4	54.9	
5.7	40.1	-1.7	25.4	
-6.6	27.8	-38.6	50.0	
-33.7	15.5	-50.9	52.4	
-28.7	42.6	-50.9	8.2	
-26.3	35.2	-55.8	18.0	
-11.5	40.1	-124.7	72.1	
3.2	40.1	-183.7	84.4	
10.6	32.8	-196.0	52.4	
10.6	30.3	-149.3	35.2	
22.9	40.1	-97.6	37.7	
30.3	37.7	-60.7	40.1	
42.6	35.2	-55.8	42.6	
40.1	30.3	-53.3	59.8	
32.8	32.8	0.8	47.5	
42.6	20.5	32.8	45.1	
20.5	15.5	52.4	45.1	
22.9	40.1	106.6	37.7	
10.6	22.9	104.1	15.5	
13.1	18.0	62.3	20.5	
10.6	13.1	45.1	42.6	
-1.7	15.5	15.5	74.6	
8.2	22.9	18.0	84.4	
18.0	57.4	59.8	62.3	
37.7	42.6	20.5	10.6	
20.5	40.1	0.8	-16.4	
18.0	47.5	22.9	-9.1	
15.5	45.1	50.0	13.1	
3.2	52.4	72.1	22.9	
0.8	45.1	69.7	10.6	
8.2	20.5	72.1	-11.5	
10.6	37.7	69.7	13.1	
0.8	40.1	57.4	47.5	
-28.7	27.8	47.5	62.3	
-46.0	18.0	8.2	91.8	
-70.6	35.2	-14.0	72.1	
-80.4	45.1	-43.5	37.7	
-48.4	54.9	-41.0	42.6	
25.4	59.8	-23.8	62.3	
64.7	50.0	-60.7	-48.4	
47.5	-16.4	-60.7	-117.3	
54.9	-33.7	-31.2	-48.4	
84.4	-68.1	-23.8	-18.9	
79.5	-141.9	-31.2	10.6	
64.7	-134.5	-1.7	205.0	
8.2	-112.4	45.1	244.3	
-43.5	-58.3	84.4	-16.4	
-53.3	-33.7	54.9	-124.7	
-53.3	27.8	-9.1	-122.2	
-33.7	62.3	-55.8	13.1	
-9.1	37.7	-92.7	45.1	
57.4	64.7	-82.9	37.7	
69.7	158.2	-114.8	13.1	
96.7	214.8	-109.9	-82.9	
42.6	175.4	-60.7	-100.1	
62.3	133.6	0.8	-36.1	
79.5	109.0	22.9	-28.7	
67.2	109.0	30.3	-9.1	
40.1	113.9	-14.0	-14.0	
-9.1	116.4	-23.8	0.8	
-55.8	77.0	15.5	27.8	
-75.5	40.1	27.8	57.4	
-124.7	27.8	35.2	52.4	
-178.8	-9.1	-48.4	0.8	
-107.5	-31.2	-92.7	-53.3	
-36.1	-50.9	32.8	-75.5	
113.9	-28.7	232.0	-68.1	
163.1	-68.1	214.8	52.4	
96.7	-109.9	104.1	126.2	
-60.7	-90.2	69.7	136.1	
-164.0	-117.3	47.5	69.7	
-112.4	-149.3	57.4	-9.1	
-36.1	-134.5	54.9	-4.1	
96.7	-70.6	-14.0	22.9	
190.2	-14.0	-41.0	32.8	
155.8	79.5	-46.0	52.4	
111.5	153.3	-31.2	30.3	
113.9	190.2	8.2	15.5	
99.2	212.3	94.3	10.6	
106.6	276.3	158.2	3.2	
57.4	305.8	190.2	5.7	
-18.9	308.3	128.7	22.9	
-6.6	251.7	64.7	8.2	
25.4	182.8	35.2	-16.4	
67.2	123.8	-1.7	-1.7	
109.0	57.4	-23.8	8.2	
106.6	40.1	-43.5	59.8	
91.8	10.6	-75.5	121.3	
50.0	-9.1	-112.4	69.7	
0.8	0.8	-68.1	-46.0	
-16.4	-1.7	-28.7	-26.3	
-63.2	-18.9	8.2	-11.5	
-105.0	-26.3	50.0	15.5	
-127.1	-23.8	-23.8	74.6	
-87.8	-14.0	-124.7	64.7	
-23.8	40.1	-112.4	15.5	
8.2	40.1	-65.6	-33.7	
-16.4	74.6	-50.9	-41.0	
22.9	96.7	-18.9	-4.1	
32.8	77.0	-1.7	-36.1	
27.8	52.4	20.5	-46.0	
69.7	52.4	40.1	86.9	
136.1	40.1	54.9	246.8	
155.8	18.0	47.5	69.7	
131.2	20.5	82.0	-48.4	
91.8	-6.6	84.4	-132.1	
62.3	-4.1	30.3	8.2	
45.1	-4.1	-36.1	62.3	
45.1	-4.1	-92.7	32.8	
5.7	-9.1	-122.2	-28.7	
0.8	-9.1	-46.0	-70.6	
5.7	-41.0	50.0	-50.9	
-1.7	-65.6	45.1	-14.0	
-77.9	-92.7	72.1	148.4	
-186.2	-122.2	84.4	187.7	
-210.8	-102.5	-14.0	165.6	
-159.1	-41.0	-26.3	236.9	
-50.9	30.3	59.8	-21.4	
27.8	96.7	205.0	-196.0	
54.9	145.9	209.9	-159.1	
5.7	89.3	205.0	-48.4	
-97.6	74.6	177.9	5.7	
-171.4	74.6	121.3	15.5	
-102.5	22.9	-6.6	18.0	
22.9	-6.6	-237.8	27.8	
143.5	10.6	-363.3	-1.7	
205.0	52.4	-292.0	-38.6	
202.5	67.2	-235.4	-9.1	
155.8	79.5	-132.1	-1.7	
91.8	96.7	-46.0	45.1	
69.7	136.1	27.8	77.0	
59.8	111.5	72.1	79.5	
22.9	74.6	54.9	45.1	
-11.5	52.4	-33.7	18.0	
-36.1	62.3	-85.3	-100.1	
-28.7	77.0	-87.8	-176.3	
-26.3	72.1	-31.2	8.2	
-1.7	50.0	-26.3	91.8	
27.8	67.2	-112.4	106.6	
52.4	89.3	-154.2	30.3	
42.6	84.4	-80.4	20.5	
37.7	82.0	40.1	37.7	
30.3	74.6	143.5	-14.0	
10.6	74.6	170.5	-18.9	
15.5	74.6	99.2	-6.6	
13.1	0.8	67.2	32.8	
15.5	-63.2	136.1	20.5	
15.5	-97.6	160.7	32.8	
5.7	-100.1	104.1	45.1	
0.8	-70.6	168.1	84.4	
0.8	-112.4	217.3	158.2	
5.7	-149.3	187.7	52.4	
-4.1	-169.0	101.6	-122.2	
-1.7	-134.5	40.1	-117.3	
22.9	-105.0	-31.2	-92.7	
3.2	-63.2	-134.5	-117.3	
-11.5	-26.3	-262.4	22.9	
-23.8	104.1	-287.0	160.7	
-28.7	239.4	-188.6	77.0	
-16.4	266.5	-102.5	15.5	
0.8	264.0	-107.5	-1.7	
10.6	217.3	-77.9	52.4	
13.1	197.6	-53.3	-14.0	
-18.9	202.5	57.4	-112.4	
-16.4	187.7	101.6	-127.1	
-4.1	170.5	170.5	-100.1	
-6.6	123.8	212.3	-114.8	
-36.1	109.0	236.9	-80.4	
-14.0	101.6	175.4	-48.4	
47.5	101.6	104.1	-36.1	
82.0	86.9	79.5	52.4	
82.0	57.4	15.5	-33.7	
72.1	42.6	-107.5	-139.4	
-1.7	8.2	-181.3	-63.2	
-43.5	-9.1	-154.2	20.5	
-73.0	-18.9	-134.5	74.6	
-9.1	-21.4	-112.4	278.8	
-6.6	-11.5	-60.7	382.1	
35.2	-14.0	-87.8	482.9	
45.1	-1.7	-124.7	158.2	
54.9	-4.1	-132.1	-122.2	
50.0	-4.1	-50.9	-188.6	
37.7	3.2	47.5	-80.4	
32.8	15.5	91.8	-43.5	
20.5	62.3	89.3	-95.2	
20.5	64.7	35.2	-105.0	
25.4	67.2	-36.1	-58.3	
35.2	57.4	-53.3	-9.1	
25.4	79.5	3.2	10.6	
35.2	79.5	13.1	15.5	
35.2	59.8	27.8	10.6	
8.2	47.5	37.7	-11.5	
3.2	35.2	42.6	-14.0	
-11.5	22.9	57.4	-11.5	
0.8	18.0	74.6	-6.6	
-16.4	-1.7	57.4	-23.8	
-4.1	40.1	45.1	-23.8	
5.7	67.2	-4.1	-9.1	
-9.1	25.4	-6.6	25.4	
-6.6	-16.4	3.2	54.9	
-21.4	-43.5	-9.1	67.2	
0.8	-50.9	13.1	27.8	
-6.6	-58.3	104.1	-41.0	
30.3	-53.3	128.7	-41.0	
13.1	-46.0	77.0	-28.7	
-4.1	-11.5	-60.7	-36.1	
-33.7	18.0	-41.0	-11.5	
-77.9	82.0	35.2	62.3	
-129.6	111.5	64.7	79.5	
-114.8	67.2	79.5	37.7	
-41.0	77.0	27.8	5.7	
74.6	35.2	8.2	32.8	
180.4	-18.9	57.4	-9.1	
145.9	-58.3	136.1	-70.6	
67.2	-53.3	86.9	-6.6	
5.7	-65.6	10.6	27.8	
15.5	-48.4	-95.2	-31.2	
8.2	13.1	-154.2	-65.6	
-55.8	59.8	-122.2	-33.7	
-33.7	106.6	-55.8	-4.1	
-1.7	173.0	20.5	-28.7	
82.0	207.4	47.5	-14.0	
131.2	222.2	-38.6	10.6	
143.5	177.9	-90.2	35.2	
22.9	86.9	-55.8	37.7	
5.7	-87.8	-16.4	52.4	
15.5	-159.1	-6.6	47.5	
27.8	-122.2	-31.2	3.2	
8.2	-33.7	-46.0	-53.3	
-4.1	54.9	-60.7	-63.2	
8.2	101.6	-38.6	-156.7	
5.7	99.2	-53.3	-117.3	
3.2	59.8	-114.8	-36.1	
-9.1	62.3	-53.3	-151.7	
-14.0	94.3	-18.9	79.5	
-14.0	72.1	13.1	246.8	
-11.5	45.1	10.6	222.2	
-18.9	37.7	-33.7	52.4	
-70.6	45.1	-18.9	-60.7	
-68.1	52.4	42.6	-122.2	
-33.7	52.4	40.1	-183.7	
27.8	74.6	40.1	-230.5	
118.9	72.1	13.1	-188.6	
111.5	77.0	-41.0	-1.7	
32.8	123.8	-23.8	197.6	
13.1	163.1	-4.1	406.7	
5.7	145.9	-36.1	182.8	
-26.3	113.9	0.8	-46.0	
-36.1	109.0	-28.7	-21.4	
-16.4	84.4	-53.3	-14.0	
-33.7	84.4	-55.8	-36.1	
-53.3	104.1	-14.0	40.1	
54.9	79.5	-14.0	101.6	
94.3	54.9	-1.7	59.8	
62.3	45.1	59.8	52.4	
59.8	30.3	52.4	5.7	
50.0	45.1	79.5	-33.7	
-4.1	45.1	25.4	-11.5	
-21.4	74.6	-46.0	40.1	
-33.7	94.3	-109.9	52.4	
-16.4	111.5	-119.8	25.4	
5.7	82.0	-85.3	-6.6	
37.7	74.6	-50.9	-38.6	
64.7	79.5	15.5	-38.6	
57.4	57.4	54.9	0.8	
15.5	59.8	59.8	37.7	
-9.1	47.5	141.0	22.9	
18.0	22.9	158.2	3.2	
22.9	25.4	131.2	-38.6	
-6.6	10.6	111.5	-23.8	
-9.1	3.2	27.8	-14.0	
20.5	8.2	67.2	3.2	
25.4	18.0	131.2	-1.7	
-23.8	18.0	59.8	121.3	
-43.5	18.0	-18.9	5.7	
-16.4	27.8	-149.3	-41.0	
35.2	47.5	-156.7	-95.2	
42.6	42.6	-50.9	-176.3	
45.1	50.0	-53.3	-4.1	
10.6	69.7	-100.1	116.4	
25.4	62.3	-70.6	84.4	
35.2	47.5	-21.4	77.0	
30.3	32.8	-36.1	72.1	
45.1	25.4	-65.6	69.7	
8.2	27.8	-38.6	52.4	
-6.6	27.8	-9.1	-46.0	
-9.1	22.9	-4.1	-80.4	
3.2	18.0	-4.1	-166.5	
27.8	37.7	25.4	-80.4	
8.2	47.5	27.8	-21.4	
-16.4	22.9	18.0	25.4	
18.0	45.1	13.1	67.2	
20.5	27.8	-6.6	62.3	
22.9	37.7	40.1	-6.6	
30.3	30.3	67.2	-105.0	
32.8	32.8	32.8	-33.7	
30.3	40.1	-65.6	27.8	
32.8	35.2	-77.9	-1.7	
25.4	27.8	-18.9	-21.4	
20.5	32.8	86.9	-6.6	
13.1	27.8	111.5	8.2	
3.2	27.8	131.2	-14.0	
5.7	42.6	143.5	-6.6	
-9.1	35.2	109.0	-11.5	
3.2	30.3	37.7	-4.1	
-1.7	45.1	-6.6	-18.9	
-23.8	42.6	-16.4	-9.1	
-14.0	47.5	-70.6	10.6	
-14.0	47.5	-77.9	-4.1	
-21.4	22.9	-68.1	35.2	
-18.9	13.1	-33.7	42.6	
-14.0	42.6	5.7	18.0	
-16.4	57.4	-43.5	5.7	
-14.0	52.4	-122.2	-14.0	
-9.1	32.8	-134.5	18.0	
27.8	27.8	-156.7	47.5	
42.6	42.6	-114.8	40.1	
32.8	54.9	-65.6	37.7	
27.8	42.6	-11.5	32.8	
27.8	30.3	-31.2	8.2	
3.2	45.1	-38.6	5.7	
35.2	37.7	52.4	5.7	
52.4	40.1	86.9	-18.9	
37.7	40.1	79.5	-18.9	
37.7	40.1	94.3	3.2	
22.9	45.1	84.4	10.6	
-31.2	40.1	54.9	-28.7	
-48.4	18.0	32.8	-48.4	
-97.6	35.2	3.2	-28.7	
-100.1	47.5	-18.9	-68.1	
-85.3	77.0	-92.7	-114.8	
-46.0	52.4	-114.8	126.2	
13.1	47.5	-85.3	197.6	
64.7	72.1	-65.6	18.0	
20.5	50.0	-65.6	-31.2	
50.0	50.0	-46.0	-36.1	
101.6	32.8	-48.4	-21.4	
50.0	15.5	18.0	-9.1	
89.3	5.7	67.2	32.8	
126.2	-6.6	104.1	77.0	
143.5	-9.1	104.1	59.8	
96.7	-16.4	22.9	45.1	
64.7	-26.3	-4.1	54.9	
45.1	-16.4	20.5	15.5	
20.5	13.1	-1.7	-11.5	
5.7	57.4	-38.6	-26.3	
0.8	67.2	-92.7	-58.3	
-16.4	72.1	-43.5	-41.0	
-6.6	99.2	32.8	-14.0	
-14.0	99.2	57.4	-68.1	
-21.4	101.6	96.7	-112.4	
-16.4	86.9	99.2	-21.4	
-14.0	77.0	57.4	37.7	
0.8	67.2	-33.7	109.0	
-6.6	59.8	-55.8	91.8	
3.2	54.9	-41.0	20.5	
25.4	40.1	-33.7	-9.1	
27.8	30.3	-43.5	-36.1	
8.2	52.4	-48.4	-48.4	
5.7	42.6	-33.7	-23.8	
-16.4	42.6	-43.5	13.1	
-6.6	40.1	-31.2	30.3	
8.2	32.8	-4.1	54.9	
27.8	35.2	0.8	62.3	
25.4	35.2	0.8	-11.5	
18.0	27.8	-4.1	-50.9	
-6.6	57.4	-1.7	69.7	
13.1	54.9	18.0	59.8	
13.1	64.7	47.5	-14.0	
3.2	57.4	77.0	-31.2	
-1.7	37.7	101.6	-16.4	
-1.7	42.6	126.2	-14.0	
-6.6	40.1	99.2	3.2	
18.0	27.8	118.9	-9.1	
32.8	3.2	153.3	-14.0	
37.7	15.5	158.2	-9.1	
22.9	3.2	121.3	20.5	
20.5	-14.0	148.4	32.8	
5.7	-26.3	158.2	35.2	
-16.4	-9.1	82.0	57.4	
-26.3	45.1	-23.8	111.5	
-41.0	54.9	-82.9	106.6	
-102.5	-14.0	-139.4	84.4	
-124.7	-63.2	-186.2	89.3	
-100.1	-70.6	-107.5	37.7	
-53.3	-36.1	-60.7	-230.5	
22.9	25.4	-4.1	-154.2	
109.0	69.7	8.2	-127.1	
113.9	96.7	25.4	-87.8	
109.0	106.6	13.1	-41.0	
99.2	111.5	-26.3	-28.7	
99.2	72.1	-82.9	-6.6	
62.3	37.7	-132.1	18.0	
-23.8	45.1	-102.5	35.2	
-107.5	69.7	-41.0	-6.6	
-82.9	84.4	18.0	-36.1	
-100.1	101.6	32.8	10.6	
-26.3	84.4	5.7	37.7	
30.3	0.8	-11.5	40.1	
47.5	-33.7	-6.6	42.6	
59.8	-26.3	25.4	30.3	
96.7	-4.1	-4.1	15.5	
47.5	15.5	-151.7	-53.3	
59.8	27.8	-171.4	-90.2	
50.0	45.1	-144.4	-50.9	
8.2	57.4	-38.6	52.4	
-9.1	-21.4	62.3	128.7	
5.7	-68.1	101.6	18.0	
-6.6	-33.7	113.9	-23.8	
42.6	-33.7	126.2	82.0	
52.4	-90.2	89.3	22.9	
42.6	-107.5	25.4	-1.7	
10.6	-63.2	-85.3	54.9	
57.4	-70.6	-183.7	57.4	
84.4	-18.9	-87.8	15.5	
64.7	18.0	-50.9	-48.4	
59.8	30.3	40.1	-77.9	
42.6	-14.0	67.2	-112.4	
50.0	-26.3	128.7	-70.6	
25.4	64.7	138.5	-4.1	
8.2	84.4	113.9	-11.5	
-36.1	148.4	121.3	-33.7	
-53.3	229.6	50.0	-53.3	
-31.2	273.8	-41.0	-50.9	
50.0	254.2	-122.2	-26.3	
57.4	202.5	-97.6	-6.6	
62.3	165.6	-23.8	22.9	
47.5	141.0	-1.7	121.3	
-18.9	133.6	35.2	219.7	
-55.8	113.9	67.2	177.9	
-75.5	106.6	150.8	50.0	
-117.3	94.3	177.9	18.0	
-141.9	30.3	131.2	20.5	
-80.4	0.8	116.4	-117.3	
15.5	18.0	86.9	-198.5	
89.3	74.6	42.6	-154.2	
160.7	94.3	-43.5	-105.0	
89.3	96.7	-92.7	5.7	
64.7	86.9	-169.0	173.0	
84.4	84.4	-173.9	150.8	
59.8	35.2	-112.4	-36.1	
-26.3	32.8	-102.5	-48.4	
-85.3	52.4	18.0	-9.1	
-28.7	45.1	69.7	-14.0	
45.1	54.9	-18.9	32.8	
118.9	62.3	-85.3	59.8	
133.6	67.2	-75.5	69.7	
79.5	59.8	-90.2	32.8	
5.7	57.4	-80.4	25.4	
-9.1	57.4	-80.4	35.2	
13.1	57.4	-80.4	10.6	
13.1	27.8	-87.8	-9.1	
22.9	18.0	-48.4	5.7	
10.6	18.0	-50.9	25.4	
8.2	20.5	-21.4	20.5	
59.8	13.1	52.4	-68.1	
54.9	18.0	145.9	-178.8	
32.8	27.8	138.5	-75.5	
35.2	32.8	59.8	-28.7	
35.2	-21.4	15.5	-33.7	
-1.7	-75.5	59.8	-9.1	
-11.5	-141.9	0.8	101.6	
5.7	-166.5	-11.5	40.1	
8.2	-112.4	-33.7	59.8	
25.4	-50.9	-55.8	106.6	
5.7	-9.1	-97.6	57.4	
-9.1	15.5	35.2	3.2	
-9.1	37.7	86.9	-23.8	
-31.2	-46.0	32.8	8.2	
-55.8	-137.0	94.3	10.6	
-73.0	-127.1	148.4	15.5	
-119.8	-92.7	133.6	54.9	
-127.1	-50.9	155.8	45.1	
-100.1	37.7	116.4	22.9	
-33.7	106.6	89.3	8.2	
52.4	244.3	82.0	-4.1	
84.4	313.2	64.7	-9.1	
35.2	227.1	72.1	-11.5	
15.5	131.2	-48.4	37.7	
-1.7	37.7	-146.8	47.5	
-18.9	27.8	-198.5	18.0	
40.1	35.2	-112.4	25.4	
64.7	13.1	-85.3	5.7	
50.0	50.0	-82.9	5.7	
77.0	113.9	-77.9	32.8	
67.2	141.0	-77.9	40.1	
22.9	141.0	-161.6	-33.7	
37.7	158.2	-90.2	-70.6	
52.4	131.2	-48.4	-68.1	
72.1	79.5	-9.1	-36.1	
27.8	47.5	18.0	67.2	
13.1	22.9	57.4	160.7	
40.1	37.7	67.2	27.8	
32.8	10.6	133.6	121.3	
54.9	-36.1	259.1	72.1	
22.9	-73.0	256.6	67.2	
-48.4	-41.0	79.5	8.2	
-41.0	-14.0	-1.7	-191.1	
8.2	-9.1	-58.3	-218.2	
-11.5	-80.4	-109.9	-122.2	
-36.1	-65.6	-149.3	-82.9	
-50.9	-1.7	-127.1	-70.6	
-55.8	35.2	-124.7	-53.3	
-70.6	42.6	-53.3	-21.4	
-90.2	-6.6	57.4	5.7	
-23.8	-41.0	74.6	72.1	
84.4	-41.0	20.5	155.8	
143.5	-14.0	45.1	106.6	
170.5	-26.3	77.0	15.5	
111.5	-50.9	72.1	22.9	
-60.7	-46.0	59.8	27.8	
-124.7	-31.2	54.9	-63.2	
-77.9	-48.4	18.0	-63.2	
101.6	-14.0	-31.2	-28.7	
291.1	27.8	-60.7	-9.1	
367.3	67.2	-70.6	25.4	
259.1	111.5	-73.0	25.4	
190.2	104.1	-114.8	45.1	
15.5	131.2	-114.8	47.5	
-85.3	187.7	-85.3	18.0	
-87.8	165.6	-43.5	-31.2	
-11.5	109.0	-21.4	-36.1	
32.8	67.2	89.3	22.9	
82.0	79.5	160.7	35.2	
42.6	96.7	141.0	40.1	
15.5	82.0	109.0	47.5	
-21.4	91.8	118.9	18.0	
-21.4	67.2	111.5	18.0	
-18.9	89.3	160.7	-18.9	
0.8	118.9	163.1	-68.1	
-14.0	141.0	-18.9	-31.2	
-9.1	118.9	-65.6	5.7	
-6.6	72.1	-100.1	25.4	
-14.0	25.4	-58.3	32.8	
-14.0	30.3	-144.4	35.2	
-16.4	25.4	-144.4	50.0	
-23.8	37.7	-58.3	52.4	
-11.5	42.6	0.8	-11.5	
-1.7	18.0	18.0	-31.2	
3.2	18.0	27.8	-23.8	
3.2	22.9	13.1	-14.0	
-4.1	3.2	15.5	-43.5	
-1.7	-4.1	45.1	-48.4	
-11.5	-11.5	22.9	18.0	
-9.1	-11.5	-151.7	195.1	
-1.7	13.1	-272.3	217.3	
-6.6	18.0	-240.3	84.4	
-1.7	35.2	-63.2	72.1	
3.2	22.9	5.7	173.0	
13.1	18.0	-18.9	118.9	
10.6	25.4	-70.6	8.2	
3.2	32.8	-58.3	-109.9	
5.7	25.4	-38.6	-178.8	
13.1	20.5	-28.7	-137.0	
13.1	27.8	-41.0	-196.0	
8.2	18.0	-65.6	-87.8	
3.2	15.5	-100.1	-21.4	
-1.7	32.8	-4.1	-4.1	
-6.6	27.8	165.6	45.1	
15.5	30.3	264.0	-16.4	
5.7	27.8	332.9	-137.0	
0.8	22.9	332.9	-218.2	
0.8	37.7	293.5	-70.6	
-1.7	25.4	271.4	37.7	
-1.7	8.2	212.3	168.1	
0.8	10.6	69.7	50.0	
-4.1	-1.7	-139.4	-23.8	
10.6	-9.1	-331.3	86.9	
-1.7	0.8	-267.4	101.6	
-6.6	0.8	-141.9	-23.8	
-1.7	5.7	-58.3	-18.9	
8.2	5.7	-33.7	-18.9	
5.7	30.3	-48.4	-14.0	
32.8	35.2	-28.7	15.5	
45.1	27.8	-43.5	0.8	
37.7	8.2	8.2	40.1	
25.4	0.8	32.8	32.8	
18.0	-28.7	50.0	18.0	
18.0	-18.9	18.0	3.2	
22.9	47.5	-53.3	-4.1	
25.4	67.2	-41.0	18.0	
22.9	13.1	8.2	94.3	
8.2	-16.4	54.9	5.7	
-1.7	-23.8	0.8	-31.2	
-4.1	-46.0	35.2	-41.0	
-6.6	-134.5	91.8	-11.5	
13.1	-203.4	138.5	20.5	
13.1	-230.5	148.4	45.1	
3.2	-186.2	57.4	57.4	
-26.3	-95.2	-14.0	74.6	
-50.9	-4.1	20.5	27.8	
-33.7	32.8	74.6	10.6	
-33.7	99.2	-31.2	-50.9	
-23.8	170.5	-141.9	-58.3	
8.2	217.3	-159.1	-9.1	
37.7	261.5	-70.6	18.0	
62.3	241.9	-102.5	8.2	
59.8	219.7	-60.7	-18.9	
59.8	173.0	-41.0	-31.2	
27.8	136.1	-73.0	-21.4	
37.7	106.6	0.8	-9.1	
45.1	77.0	27.8	-11.5	
42.6	50.0	18.0	-11.5	
27.8	35.2	47.5	13.1	
37.7	35.2	25.4	37.7	
52.4	35.2	13.1	5.7	
45.1	30.3	8.2	-41.0	
40.1	25.4	64.7	-36.1	
27.8	10.6	69.7	13.1	
13.1	18.0	-36.1	45.1	
-9.1	37.7	-73.0	74.6	
-21.4	30.3	-102.5	67.2	
-1.7	37.7	-33.7	30.3	
10.6	18.0	8.2	-11.5	
27.8	20.5	8.2	0.8	
18.0	22.9	-9.1	42.6	
-26.3	32.8	-46.0	-11.5	
-60.7	15.5	-43.5	-127.1	
-70.6	13.1	-33.7	-58.3	
-38.6	8.2	-9.1	18.0	
-18.9	8.2	15.5	35.2	
27.8	3.2	22.9	-60.7	
89.3	10.6	0.8	-82.9	
54.9	18.0	42.6	-70.6	
45.1	37.7	37.7	-18.9	
42.6	45.1	47.5	15.5	
37.7	37.7	30.3	79.5	
-26.3	35.2	13.1	106.6	
-112.4	25.4	18.0	131.2	
-97.6	30.3	3.2	173.0	
-48.4	20.5	-9.1	35.2	
40.1	13.1	-1.7	-119.8	
91.8	20.5	-14.0	-92.7	
128.7	8.2	25.4	-33.7	
113.9	32.8	64.7	-9.1	
82.0	13.1	47.5	-92.7	
52.4	27.8	45.1	-129.6	
69.7	30.3	118.9	-41.0	
57.4	15.5	138.5	-14.0	
42.6	15.5	111.5	3.2	
22.9	42.6	69.7	67.2	
32.8	22.9	-31.2	89.3	
40.1	32.8	-107.5	37.7	
32.8	32.8	-139.4	18.0	
20.5	35.2	-75.5	20.5	
13.1	20.5	-38.6	22.9	
25.4	15.5	-4.1	15.5	
15.5	27.8	45.1	-1.7	
5.7	27.8	79.5	-4.1	
-11.5	25.4	96.7	-23.8	
-14.0	20.5	145.9	-85.3	
-9.1	27.8	175.4	-87.8	
13.1	20.5	99.2	-31.2	
15.5	18.0	18.0	79.5	
20.5	27.8	-41.0	64.7	
-1.7	18.0	-105.0	32.8	
8.2	18.0	-139.4	57.4	
0.8	22.9	-139.4	79.5	
3.2	37.7	-82.9	195.1	
30.3	42.6	-102.5	155.8	
32.8	25.4	-87.8	0.8	
0.8	27.8	-31.2	-14.0	
-14.0	8.2	-11.5	10.6	
-9.1	22.9	13.1	30.3	
-36.1	13.1	47.5	45.1	
-14.0	20.5	35.2	37.7	
0.8	8.2	35.2	8.2	
-1.7	30.3	27.8	-21.4	
-11.5	57.4	-48.4	-14.0	
-14.0	82.0	-70.6	-9.1	
-23.8	54.9	-70.6	-18.9	
-36.1	42.6	-77.9	-4.1	
-31.2	15.5	-97.6	8.2	
-38.6	-33.7	-80.4	0.8	
-31.2	-58.3	-36.1	18.0	
-14.0	-31.2	-16.4	27.8	
-11.5	-33.7	-4.1	15.5	
-4.1	-26.3	25.4	-28.7	
25.4	3.2	77.0	-4.1	
25.4	18.0	126.2	27.8	
13.1	59.8	173.0	13.1	
13.1	89.3	136.1	-31.2	
25.4	89.3	101.6	-46.0	
13.1	86.9	59.8	-33.7	
18.0	54.9	59.8	8.2	
22.9	54.9	32.8	18.0	
22.9	50.0	-6.6	5.7	
-14.0	52.4	-70.6	0.8	
-105.0	50.0	-107.5	-4.1	
-149.3	27.8	-80.4	8.2	
-161.6	35.2	-50.9	0.8	
-129.6	25.4	-43.5	-28.7	
-58.3	37.7	-16.4	-18.9	
32.8	32.8	-11.5	-18.9	
121.3	35.2	-23.8	3.2	
173.0	27.8	-18.9	62.3	
222.2	15.5	-14.0	54.9	
234.5	-21.4	-4.1	-1.7	
180.4	-77.9	67.2	-6.6	
96.7	-132.1	57.4	0.8	
77.0	-139.4	-11.5	-11.5	
82.0	-80.4	20.5	-28.7	
15.5	-11.5	18.0	-43.5	
3.2	-11.5	8.2	0.8	
27.8	22.9	0.8	8.2	
13.1	50.0	25.4	3.2	
0.8	52.4	57.4	5.7	
20.5	123.8	20.5	15.5	
-63.2	133.6	20.5	15.5	
-117.3	42.6	10.6	10.6	
-109.9	-9.1	22.9	-14.0	
-77.9	0.8	30.3	-33.7	
-18.9	30.3	35.2	-43.5	
15.5	67.2	67.2	-23.8	
67.2	111.5	40.1	-4.1	
116.4	109.0	-63.2	22.9	
138.5	89.3	-85.3	64.7	
133.6	94.3	-53.3	5.7	
94.3	113.9	-73.0	0.8	
50.0	106.6	0.8	-1.7	
-14.0	86.9	52.4	8.2	
-33.7	69.7	67.2	22.9	
-1.7	67.2	86.9	32.8	
18.0	5.7	133.6	15.5	
25.4	-14.0	133.6	22.9	
18.0	-4.1	145.9	-9.1	
18.0	-16.4	190.2	-31.2	
8.2	-36.1	116.4	0.8	
5.7	-63.2	-4.1	42.6	
8.2	-63.2	-63.2	45.1	
18.0	-85.3	-95.2	30.3	
42.6	-73.0	-119.8	79.5	
59.8	-38.6	-60.7	69.7	
-11.5	-23.8	3.2	35.2	
-82.9	45.1	0.8	-87.8	
-112.4	113.9	47.5	-141.9	
-109.9	143.5	77.0	-77.9	
-95.2	163.1	113.9	22.9	
-92.7	150.8	84.4	-48.4	
-65.6	96.7	47.5	-85.3	
15.5	94.3	-21.4	-55.8	
67.2	96.7	-73.0	-16.4	
77.0	72.1	-122.2	27.8	
138.5	82.0	-186.2	42.6	
148.4	74.6	-100.1	69.7	
128.7	59.8	-28.7	22.9	
35.2	47.5	-4.1	-21.4	
15.5	25.4	3.2	8.2	
-41.0	40.1	-23.8	8.2	
-63.2	25.4	-50.9	-26.3	
-21.4	25.4	-77.9	-46.0	
-55.8	22.9	-60.7	74.6	
-200.9	25.4	5.7	121.3	
-250.1	35.2	52.4	118.9	
-188.6	25.4	62.3	175.4	
-112.4	25.4	64.7	-73.0	
15.5	32.8	50.0	-173.9	
104.1	30.3	30.3	-77.9	
155.8	27.8	27.8	-31.2	
59.8	13.1	10.6	47.5	
-82.9	20.5	-16.4	10.6	
-117.3	30.3	22.9	57.4	
-65.6	20.5	32.8	40.1	
-55.8	13.1	18.0	-53.3	
0.8	22.9	13.1	-95.2	
32.8	47.5	-14.0	-109.9	
47.5	50.0	-26.3	-119.8	
50.0	-14.0	-9.1	-38.6	
-73.0	-23.8	-26.3	40.1	
-127.1	0.8	-33.7	67.2	
-50.9	-21.4	3.2	136.1	
-6.6	-23.8	-14.0	131.2	
94.3	-41.0	-16.4	57.4	
259.1	-33.7	10.6	10.6	
399.3	-31.2	40.1	-21.4	
428.8	-31.2	62.3	8.2	
374.7	5.7	96.7	13.1	
320.6	13.1	145.9	-4.1	
234.5	5.7	143.5	0.8	
91.8	20.5	-38.6	-21.4	
0.8	37.7	-85.3	-18.9	
-50.9	54.9	-63.2	-31.2	
-82.9	74.6	-18.9	-14.0	
-87.8	74.6	-6.6	-21.4	
-6.6	94.3	30.3	-38.6	
35.2	126.2	59.8	-23.8	
79.5	116.4	45.1	-1.7	
82.0	77.0	5.7	-11.5	
45.1	62.3	0.8	47.5	
42.6	20.5	5.7	13.1	
20.5	-11.5	18.0	-16.4	
-4.1	-4.1	-6.6	45.1	
-33.7	-9.1	3.2	82.0	
-70.6	40.1	8.2	37.7	
-122.2	69.7	40.1	50.0	
-124.7	77.0	111.5	106.6	
-58.3	67.2	165.6	91.8	
3.2	50.0	192.7	84.4	
54.9	32.8	145.9	69.7	
113.9	45.1	77.0	67.2	
131.2	20.5	-70.6	37.7	
96.7	22.9	-105.0	-23.8	
72.1	15.5	-85.3	-95.2	
47.5	0.8	-129.6	-80.4	
42.6	-1.7	-139.4	-31.2	
40.1	0.8	-95.2	-97.6	
37.7	15.5	-21.4	-114.8	
20.5	8.2	18.0	-58.3	
-6.6	5.7	-4.1	-23.8	
-31.2	3.2	-31.2	-23.8	
-26.3	-4.1	-23.8	0.8	
-18.9	-33.7	-50.9	8.2	
-9.1	-16.4	-63.2	-4.1	
-21.4	-26.3	-14.0	3.2	
-14.0	-43.5	18.0	13.1	
-18.9	-26.3	40.1	10.6	
-50.9	-23.8	74.6	-16.4	
-60.7	-53.3	131.2	-33.7	
-50.9	-63.2	94.3	-23.8	
-82.9	-36.1	30.3	20.5	
-85.3	-11.5	25.4	32.8	
-77.9	42.6	62.3	37.7	
-73.0	27.8	47.5	5.7	
-70.6	0.8	59.8	-6.6	
-33.7	-38.6	72.1	40.1	
-6.6	-21.4	67.2	25.4	
-6.6	-6.6	25.4	27.8	
-14.0	5.7	-14.0	15.5	
18.0	37.7	-31.2	18.0	
37.7	45.1	-46.0	0.8	
47.5	79.5	-65.6	-43.5	
27.8	111.5	-16.4	-41.0	
57.4	111.5	18.0	-11.5	
69.7	91.8	45.1	10.6	
50.0	96.7	86.9	18.0	
35.2	82.0	91.8	18.0	
35.2	42.6	-21.4	10.6	
42.6	3.2	-112.4	-18.9	
32.8	-1.7	-159.1	-16.4	
-4.1	-21.4	-151.7	-23.8	
-18.9	-4.1	-132.1	-14.0	
-33.7	-14.0	-63.2	3.2	
-28.7	-11.5	-58.3	13.1	
-14.0	18.0	-31.2	22.9	
-41.0	18.0	-28.7	20.5	
-33.7	47.5	-26.3	40.1	
-33.7	59.8	-4.1	-28.7	
-36.1	74.6	-65.6	-119.8	
-80.4	84.4	-77.9	-43.5	
-198.5	96.7	-53.3	-36.1	
-272.3	123.8	30.3	-87.8	
-343.6	94.3	121.3	-82.9	
-309.2	54.9	155.8	22.9	
-191.1	57.4	163.1	74.6	
-95.2	45.1	131.2	54.9	
82.0	3.2	153.3	-4.1	
217.3	-80.4	177.9	-14.0	
273.8	-124.7	158.2	84.4	
335.3	-77.9	0.8	42.6	
342.7	-48.4	-161.6	57.4	
264.0	10.6	-144.4	173.0	
209.9	45.1	-166.5	77.0	
155.8	30.3	-161.6	-21.4	
136.1	47.5	-127.1	-55.8	
121.3	27.8	-146.8	-77.9	
86.9	5.7	-220.6	52.4	
64.7	47.5	-124.7	0.8	
77.0	54.9	-43.5	22.9	
67.2	64.7	-9.1	50.0	
59.8	64.7	3.2	18.0	
22.9	50.0	32.8	3.2	
3.2	13.1	52.4	-16.4	
-9.1	18.0	69.7	-1.7	
8.2	54.9	69.7	3.2	
-4.1	42.6	91.8	5.7	
-4.1	32.8	79.5	-33.7	
-23.8	-16.4	15.5	-43.5	
-31.2	-16.4	20.5	-11.5	
-33.7	25.4	91.8	32.8	
-33.7	10.6	126.2	54.9	
3.2	3.2	133.6	13.1	
-1.7	5.7	138.5	-31.2	
-48.4	35.2	121.3	-23.8	
-31.2	86.9	143.5	-4.1	
-11.5	148.4	197.6	-1.7	
5.7	207.4	111.5	8.2	
-26.3	202.5	-85.3	18.0	
-107.5	180.4	-230.5	40.1	
-178.8	79.5	-200.9	32.8	
-208.3	-33.7	-41.0	22.9	
-240.3	-80.4	54.9	15.5	
-205.9	-50.9	118.9	30.3	
-159.1	-58.3	111.5	25.4	
-75.5	-43.5	57.4	10.6	
52.4	-65.6	52.4	-14.0	
86.9	-82.9	40.1	-33.7	
37.7	-65.6	22.9	-23.8	
96.7	-11.5	-65.6	-9.1	
219.7	30.3	-173.9	-1.7	
293.5	99.2	-134.5	13.1	
367.3	86.9	-53.3	40.1	
323.0	74.6	18.0	37.7	
145.9	59.8	79.5	-18.9	
-26.3	45.1	77.0	-90.2	
-218.2	37.7	59.8	-63.2	
-296.9	42.6	45.1	0.8	
-355.9	20.5	86.9	59.8	
-319.0	5.7	116.4	-63.2	
-146.8	-16.4	109.0	-100.1	
67.2	-6.6	79.5	-60.7	
219.7	-6.6	32.8	-50.9	
256.6	-6.6	22.9	-36.1	
244.3	-18.9	15.5	-33.7	
202.5	-6.6	-73.0	67.2	
205.0	3.2	-198.5	79.5	
236.9	0.8	-176.3	-28.7	
246.8	8.2	-132.1	-43.5	
229.6	10.6	-139.4	-6.6	
175.4	3.2	-149.3	50.0	
123.8	30.3	-97.6	69.7	
32.8	37.7	-95.2	3.2	
-36.1	27.8	-50.9	-46.0	
-70.6	37.7	-21.4	10.6	
-48.4	5.7	8.2	180.4	
-38.6	-4.1	-4.1	197.6	
-21.4	3.2	32.8	62.3	
47.5	18.0	47.5	-63.2	
96.7	25.4	47.5	-1.7	
69.7	8.2	40.1	-55.8	
86.9	40.1	50.0	-28.7	
42.6	25.4	45.1	3.2	
-31.2	22.9	40.1	8.2	
-90.2	3.2	37.7	-6.6	
-109.9	-14.0	30.3	-21.4	
-114.8	-38.6	-11.5	-11.5	
-41.0	-80.4	-43.5	-1.7	
-14.0	-82.9	-33.7	-28.7	
15.5	-73.0	-11.5	18.0	
5.7	-68.1	30.3	5.7	
106.6	-26.3	96.7	25.4	
96.7	-9.1	109.0	104.1	
64.7	-9.1	89.3	45.1	
59.8	25.4	84.4	54.9	
47.5	111.5	104.1	15.5	
45.1	138.5	77.0	-14.0	
57.4	128.7	104.1	25.4	
50.0	109.0	47.5	-169.0	
35.2	82.0	-1.7	-183.7	
42.6	91.8	-14.0	-73.0	
18.0	64.7	-26.3	96.7	
25.4	40.1	-38.6	104.1	
22.9	30.3	-87.8	35.2	
8.2	22.9	-107.5	40.1	
3.2	32.8	-63.2	-6.6	
-9.1	32.8	-41.0	62.3	
-6.6	25.4	-14.0	79.5	
-18.9	22.9	-16.4	74.6	
-14.0	25.4	22.9	47.5	
10.6	22.9	27.8	-4.1	
-14.0	18.0	15.5	20.5	
-26.3	15.5	-9.1	37.7	
-16.4	5.7	-18.9	27.8	
-9.1	-9.1	-46.0	-21.4	
0.8	3.2	-48.4	-28.7	
15.5	3.2	-1.7	-11.5	
27.8	-6.6	47.5	-21.4	
27.8	0.8	82.0	-33.7	
25.4	0.8	113.9	-11.5	
22.9	5.7	141.0	18.0	
22.9	-4.1	150.8	37.7	
20.5	-11.5	163.1	5.7	
0.8	-21.4	133.6	22.9	
-23.8	-11.5	77.0	37.7	
-26.3	30.3	-4.1	18.0	
-23.8	18.0	-75.5	0.8	
-26.3	0.8	0.8	8.2	
0.8	-4.1	86.9	-9.1	
8.2	22.9	62.3	5.7	
35.2	5.7	22.9	-38.6	
57.4	5.7	32.8	-26.3	
57.4	0.8	72.1	27.8	
57.4	8.2	133.6	47.5	
42.6	-6.6	91.8	20.5	
27.8	10.6	-6.6	-6.6	
30.3	18.0	-127.1	-11.5	
32.8	20.5	-205.9	-68.1	
-1.7	20.5	-210.8	-28.7	
-21.4	18.0	-169.0	27.8	
-23.8	18.0	-122.2	52.4	
-23.8	15.5	-97.6	27.8	
-18.9	5.7	-95.2	18.0	
-9.1	-41.0	-53.3	0.8	
-21.4	-112.4	8.2	-16.4	
-53.3	-203.4	-6.6	-16.4	
-18.9	-161.6	25.4	20.5	
-1.7	-77.9	77.0	20.5	
18.0	13.1	79.5	20.5	
37.7	50.0	84.4	10.6	
54.9	84.4	89.3	5.7	
77.0	54.9	52.4	8.2	
37.7	20.5	27.8	10.6	
25.4	8.2	50.0	22.9	
10.6	91.8	52.4	37.7	
-16.4	136.1	20.5	22.9	
20.5	101.6	-11.5	-11.5	
-1.7	52.4	-53.3	-31.2	
13.1	15.5	-9.1	-28.7	
18.0	25.4	40.1	-4.1	
3.2	67.2	74.6	10.6	
-6.6	96.7	54.9	-9.1	
10.6	116.4	-9.1	-23.8	
8.2	158.2	-38.6	-48.4	
25.4	136.1	-53.3	-31.2	
32.8	47.5	-50.9	25.4	
22.9	5.7	-65.6	96.7	
5.7	-21.4	-139.4	104.1	
32.8	-41.0	-114.8	59.8	
30.3	-55.8	-75.5	13.1	
-1.7	-77.9	-26.3	32.8	
-33.7	-90.2	-55.8	22.9	
-36.1	-82.9	-38.6	-60.7	
-11.5	-50.9	-21.4	-23.8	
-1.7	-18.9	-21.4	25.4	
-11.5	-11.5	-21.4	22.9	
-9.1	-14.0	-14.0	35.2	
-43.5	-14.0	25.4	40.1	
-33.7	-9.1	35.2	-23.8	
-16.4	35.2	8.2	-77.9	
20.5	64.7	27.8	-53.3	
52.4	52.4	62.3	-26.3	
69.7	59.8	64.7	-9.1	
131.2	64.7	94.3	-16.4	
141.0	52.4	141.0	-33.7	
42.6	42.6	111.5	-68.1	
-21.4	45.1	121.3	-80.4	
-50.9	22.9	111.5	30.3	
-95.2	10.6	59.8	96.7	
-139.4	3.2	-50.9	35.2	
-134.5	-14.0	-60.7	77.0	
-60.7	-6.6	-18.9	69.7	
-23.8	-43.5	-18.9	62.3	
67.2	-85.3	-4.1	13.1	
128.7	-77.9	-33.7	-28.7	
153.3	22.9	-21.4	-16.4	
141.0	35.2	25.4	25.4	
123.8	32.8	77.0	64.7	
59.8	42.6	91.8	-36.1	
-1.7	45.1	74.6	-58.3	
-85.3	47.5	22.9	27.8	
-159.1	32.8	-36.1	77.0	
-124.7	37.7	-105.0	106.6	
-55.8	54.9	-90.2	25.4	
3.2	18.0	-95.2	-14.0	
57.4	47.5	-80.4	50.0	
91.8	77.0	-55.8	86.9	
155.8	32.8	-48.4	-21.4	
143.5	-31.2	13.1	-75.5	
121.3	-43.5	64.7	-46.0	
118.9	20.5	99.2	-14.0	
118.9	82.0	113.9	-1.7	
82.0	121.3	99.2	3.2	
52.4	141.0	79.5	57.4	
-33.7	116.4	72.1	133.6	
-112.4	86.9	54.9	18.0	
-122.2	77.0	27.8	-146.8	
-107.5	32.8	15.5	-139.4	
-43.5	27.8	-1.7	-87.8	
22.9	5.7	-65.6	-105.0	
72.1	8.2	-109.9	-23.8	
143.5	3.2	-16.4	-119.8	
143.5	0.8	64.7	-97.6	
143.5	8.2	64.7	-55.8	
118.9	25.4	20.5	-65.6	
84.4	30.3	5.7	-21.4	
77.0	30.3	-11.5	-16.4	
64.7	5.7	8.2	-28.7	
67.2	5.7	69.7	30.3	
54.9	5.7	32.8	128.7	
18.0	5.7	-43.5	182.8	
5.7	-4.1	-46.0	133.6	
20.5	-4.1	-50.9	99.2	
-1.7	-14.0	-55.8	99.2	
-23.8	-9.1	-73.0	35.2	
-28.7	-6.6	-58.3	-1.7	
-31.2	-4.1	-68.1	-9.1	
-18.9	8.2	-48.4	8.2	
-14.0	5.7	-23.8	-9.1	
-11.5	8.2	5.7	8.2	
-9.1	30.3	32.8	-4.1	
5.7	52.4	47.5	18.0	
15.5	52.4	37.7	0.8	
32.8	35.2	40.1	-11.5	
20.5	47.5	37.7	8.2	
-9.1	40.1	27.8	27.8	
-16.4	22.9	37.7	35.2	
-9.1	13.1	67.2	8.2	
-6.6	27.8	67.2	15.5	
27.8	20.5	15.5	18.0	
45.1	3.2	-6.6	-9.1	
67.2	10.6	-1.7	-16.4	
37.7	10.6	45.1	-33.7	
-1.7	-28.7	91.8	-38.6	
-31.2	-21.4	123.8	-36.1	
5.7	-23.8	104.1	-58.3	
30.3	3.2	18.0	-48.4	
8.2	32.8	45.1	-16.4	
18.0	40.1	64.7	47.5	
10.6	25.4	13.1	57.4	
8.2	18.0	-68.1	50.0	
-9.1	15.5	-82.9	37.7	
-9.1	15.5	-33.7	52.4	
-4.1	37.7	20.5	-6.6	
8.2	30.3	-9.1	-36.1	
-21.4	64.7	-11.5	-28.7	
-4.1	-4.1	40.1	-9.1	
27.8	-50.9	54.9	25.4	
32.8	-50.9	30.3	27.8	
15.5	-23.8	18.0	25.4	
-9.1	3.2	25.4	27.8	
-4.1	20.5	13.1	13.1	
52.4	67.2	-26.3	20.5	
35.2	84.4	-63.2	-58.3	
8.2	104.1	-75.5	-82.9	
5.7	52.4	-46.0	-41.0	
15.5	72.1	-14.0	-28.7	
54.9	-26.3	-9.1	-31.2	
45.1	-159.1	-14.0	-23.8	
52.4	-176.3	-9.1	-1.7	
32.8	-208.3	22.9	5.7	
25.4	-198.5	57.4	-1.7	
-28.7	-105.0	47.5	-48.4	
-31.2	59.8	45.1	-95.2	
-21.4	141.0	35.2	-95.2	
-1.7	207.4	20.5	-18.9	
10.6	293.5	-16.4	89.3	
27.8	291.1	-60.7	45.1	
54.9	222.2	-68.1	57.4	
62.3	133.6	-65.6	118.9	
45.1	59.8	-50.9	101.6	
-26.3	37.7	3.2	52.4	
-85.3	74.6	22.9	40.1	
-159.1	89.3	35.2	-9.1	
-171.4	72.1	47.5	-23.8	
-141.9	47.5	89.3	-14.0	
-105.0	18.0	136.1	0.8	
-38.6	0.8	126.2	3.2	
32.8	5.7	89.3	15.5	
123.8	30.3	74.6	-11.5	
175.4	20.5	72.1	10.6	
168.1	22.9	94.3	-28.7	
170.5	25.4	113.9	-28.7	
136.1	40.1	52.4	22.9	
133.6	25.4	-1.7	-65.6	
121.3	35.2	3.2	-105.0	
106.6	30.3	-31.2	-77.9	
69.7	27.8	-23.8	-28.7	
50.0	37.7	-95.2	18.0	
22.9	32.8	-134.5	25.4	
30.3	20.5	-70.6	32.8	
40.1	10.6	-33.7	27.8	
32.8	15.5	-23.8	-6.6	
45.1	8.2	-58.3	-31.2	
42.6	5.7	-70.6	-21.4	
-4.1	13.1	-4.1	0.8	
-36.1	32.8	52.4	13.1	
-48.4	22.9	54.9	37.7	
-41.0	8.2	30.3	15.5	
-60.7	-6.6	-18.9	5.7	
-90.2	-1.7	-53.3	27.8	
-63.2	-31.2	-28.7	40.1	
-38.6	-41.0	-38.6	45.1	
15.5	-36.1	-53.3	52.4	
30.3	-6.6	-75.5	64.7	
64.7	-21.4	-43.5	32.8	
77.0	-9.1	-1.7	-151.7	
67.2	42.6	22.9	-193.6	
45.1	52.4	35.2	-60.7	
32.8	50.0	22.9	-6.6	
32.8	47.5	18.0	-68.1	
20.5	50.0	42.6	-31.2	
13.1	74.6	37.7	-4.1	
18.0	77.0	50.0	-28.7	
25.4	35.2	96.7	-36.1	
5.7	13.1	133.6	0.8	
-21.4	8.2	145.9	42.6	
-33.7	-31.2	141.0	99.2	
-23.8	15.5	126.2	143.5	
-18.9	35.2	74.6	54.9	
0.8	32.8	47.5	-36.1	
5.7	40.1	72.1	-46.0	
-4.1	-1.7	-14.0	-43.5	
18.0	-16.4	-146.8	0.8	
22.9	-23.8	-169.0	13.1	
15.5	-48.4	-119.8	8.2	
10.6	-122.2	-63.2	18.0	
18.0	-77.9	50.0	32.8	
5.7	-6.6	155.8	145.9	
-16.4	59.8	145.9	-31.2	
-6.6	113.9	128.7	-117.3	
0.8	113.9	64.7	-43.5	
8.2	82.0	8.2	-23.8	
-6.6	64.7	-4.1	-60.7	
5.7	52.4	-53.3	-102.5	
-6.6	27.8	-70.6	-109.9	
15.5	8.2	-48.4	-100.1	
-4.1	-9.1	-48.4	-60.7	
22.9	-6.6	-41.0	-107.5	
18.0	13.1	-43.5	-154.2	
10.6	37.7	-1.7	-48.4	
-21.4	35.2	37.7	45.1	
-48.4	45.1	-9.1	138.5	
-26.3	69.7	18.0	244.3	
-4.1	52.4	52.4	79.5	
15.5	10.6	47.5	91.8	
15.5	-58.3	25.4	84.4	
15.5	-36.1	0.8	25.4	
32.8	-11.5	-14.0	-9.1	
59.8	-11.5	-33.7	-28.7	
84.4	0.8	-55.8	10.6	
67.2	40.1	-92.7	18.0	
42.6	32.8	-97.6	25.4	
20.5	8.2	-82.9	15.5	
-43.5	-16.4	-80.4	35.2	
-114.8	0.8	-38.6	47.5	
-171.4	18.0	22.9	13.1	
-166.5	54.9	86.9	0.8	
-129.6	113.9	123.8	-9.1	
-80.4	155.8	214.8	-55.8	
-14.0	118.9	236.9	-105.0	
69.7	67.2	185.3	-68.1	
148.4	13.1	82.0	-41.0	
180.4	-36.1	20.5	-18.9	
175.4	-41.0	-70.6	13.1	
123.8	-46.0	-137.0	89.3	
-31.2	-6.6	-114.8	50.0	
-225.5	5.7	-68.1	-48.4	
-257.5	42.6	-41.0	-46.0	
-232.9	59.8	-50.9	42.6	
-154.2	69.7	-33.7	62.3	
-46.0	45.1	15.5	8.2	
109.0	35.2	45.1	-6.6	
256.6	40.1	25.4	-6.6	
298.4	25.4	3.2	-50.9	
323.0	25.4	10.6	-70.6	
313.2	32.8	18.0	-41.0	
224.6	15.5	8.2	-31.2	
145.9	13.1	15.5	54.9	
94.3	8.2	0.8	35.2	
42.6	18.0	-82.9	-58.3	
13.1	13.1	-75.5	-63.2	
-18.9	22.9	-65.6	-53.3	
-43.5	13.1	-48.4	-23.8	
-38.6	15.5	20.5	-14.0	
-18.9	35.2	47.5	-31.2	
-48.4	37.7	57.4	-6.6	
-58.3	32.8	96.7	-6.6	
-58.3	20.5	99.2	-14.0	
-33.7	10.6	91.8	-11.5	
-4.1	27.8	62.3	0.8	
42.6	18.0	18.0	10.6	
54.9	18.0	20.5	3.2	
69.7	27.8	-31.2	13.1	
30.3	13.1	-36.1	40.1	
-14.0	-4.1	40.1	47.5	
-23.8	-85.3	74.6	15.5	
-16.4	-132.1	40.1	-4.1	
-38.6	-90.2	47.5	47.5	
-41.0	-46.0	30.3	-65.6	
-38.6	-21.4	-1.7	-119.8	
-6.6	8.2	-28.7	-41.0	
27.8	62.3	-28.7	123.8	
42.6	79.5	-23.8	121.3	
72.1	113.9	20.5	35.2	
0.8	145.9	-4.1	-60.7	
-55.8	133.6	-16.4	-80.4	
-4.1	99.2	18.0	-46.0	
-4.1	84.4	35.2	-6.6	
-11.5	54.9	-1.7	15.5	
-31.2	37.7	-11.5	-14.0	
-16.4	30.3	13.1	-65.6	
-6.6	15.5	74.6	-90.2	
18.0	5.7	62.3	-36.1	
47.5	-4.1	54.9	96.7	
64.7	-9.1	94.3	57.4	
89.3	-6.6	77.0	18.0	
62.3	8.2	22.9	-65.6	
45.1	30.3	0.8	-77.9	
35.2	47.5	-48.4	13.1	
-4.1	64.7	-85.3	18.0	
-70.6	20.5	-23.8	-21.4	
-151.7	10.6	3.2	10.6	
-183.7	-4.1	-68.1	82.0	
-141.9	5.7	-75.5	104.1	
-100.1	15.5	-55.8	-14.0	
-31.2	32.8	-36.1	-80.4	
18.0	35.2	-21.4	-85.3	
69.7	40.1	-6.6	-26.3	
109.0	35.2	-4.1	5.7	
141.0	-9.1	-4.1	18.0	
150.8	-43.5	13.1	5.7	
113.9	-105.0	42.6	-14.0	
67.2	-95.2	42.6	-6.6	
54.9	-73.0	57.4	-18.9	
37.7	-23.8	67.2	-6.6	
37.7	-16.4	45.1	-9.1	
45.1	3.2	-38.6	-11.5	
74.6	5.7	-107.5	-16.4	
84.4	-6.6	-50.9	-41.0	
86.9	-23.8	-9.1	-43.5	
37.7	42.6	25.4	-31.2	
13.1	84.4	45.1	-1.7	
-18.9	143.5	59.8	13.1	
-33.7	141.0	54.9	20.5	
5.7	96.7	59.8	37.7	
35.2	74.6	59.8	13.1	
47.5	42.6	45.1	0.8	
32.8	59.8	-21.4	-14.0	
-4.1	64.7	-70.6	-43.5	
-46.0	54.9	-85.3	-85.3	
-105.0	52.4	-11.5	-109.9	
-144.4	35.2	-1.7	-53.3	
-95.2	13.1	62.3	50.0	
-53.3	52.4	77.0	190.2	
18.0	25.4	94.3	86.9	
54.9	0.8	94.3	0.8	
-4.1	-1.7	64.7	-16.4	
-70.6	20.5	27.8	-23.8	
-127.1	18.0	59.8	-117.3	
-75.5	20.5	86.9	-164.0	
-18.9	13.1	67.2	-114.8	
42.6	-9.1	37.7	-53.3	
59.8	-4.1	35.2	-31.2	
72.1	-28.7	-1.7	10.6	
118.9	-38.6	-9.1	104.1	
163.1	-31.2	-11.5	219.7	
145.9	13.1	3.2	74.6	
160.7	20.5	0.8	-4.1	
131.2	50.0	-9.1	-60.7	
89.3	57.4	-18.9	-55.8	
59.8	79.5	-21.4	-53.3	
25.4	67.2	-46.0	-58.3	
22.9	0.8	-112.4	-38.6	
30.3	-50.9	-105.0	8.2	
32.8	-36.1	-90.2	79.5	
42.6	-50.9	-87.8	113.9	
5.7	10.6	-68.1	13.1	
-4.1	27.8	-4.1	47.5	
-6.6	91.8	5.7	30.3	
18.0	82.0	0.8	5.7	
-6.6	94.3	25.4	18.0	
-60.7	109.0	25.4	22.9	
-70.6	-4.1	25.4	-9.1	
-82.9	-43.5	18.0	-1.7	
-134.5	-55.8	27.8	-14.0	
-141.9	-28.7	27.8	3.2	
-105.0	-70.6	10.6	-6.6	
-48.4	-107.5	18.0	-28.7	
-53.3	-114.8	50.0	-18.9	
-144.4	-77.9	62.3	-18.9	
-154.2	-43.5	15.5	-14.0	
-144.4	5.7	-1.7	5.7	
-75.5	82.0	-21.4	-11.5	
15.5	141.0	-18.9	-31.2	
77.0	145.9	22.9	-31.2	
138.5	153.3	89.3	-33.7	
293.5	150.8	111.5	-18.9	
313.2	123.8	128.7	-36.1	
251.7	101.6	121.3	-48.4	
197.6	74.6	89.3	-80.4	
118.9	54.9	22.9	-73.0	
8.2	57.4	-23.8	-70.6	
-53.3	47.5	-41.0	-9.1	
-95.2	42.6	-53.3	116.4	
-92.7	25.4	-129.6	180.4	
-60.7	22.9	-107.5	261.5	
30.3	27.8	-60.7	118.9	
106.6	18.0	-38.6	-92.7	
121.3	25.4	-28.7	-92.7	
111.5	35.2	-36.1	45.1	
77.0	13.1	-6.6	84.4	
62.3	35.2	37.7	37.7	
57.4	42.6	25.4	32.8	
25.4	18.0	47.5	15.5	
-1.7	13.1	45.1	-176.3	
-26.3	22.9	54.9	-232.9	
-28.7	13.1	67.2	-124.7	
-28.7	0.8	62.3	59.8	
-26.3	22.9	47.5	99.2	
13.1	27.8	-46.0	47.5	
25.4	20.5	-60.7	18.0	
8.2	20.5	-38.6	20.5	
15.5	32.8	-14.0	-23.8	
35.2	15.5	-31.2	-26.3	
50.0	-14.0	-16.4	-48.4	
77.0	-43.5	22.9	-77.9	
77.0	-36.1	74.6	-60.7	
64.7	-28.7	113.9	-33.7	
27.8	-28.7	113.9	13.1	
-26.3	-38.6	89.3	5.7	
-48.4	-31.2	52.4	-1.7	
-38.6	-26.3	37.7	-11.5	
-46.0	-9.1	27.8	-14.0	
-50.9	-4.1	8.2	8.2	
-68.1	0.8	-11.5	13.1	
-53.3	32.8	35.2	18.0	
15.5	62.3	84.4	-31.2	
52.4	37.7	91.8	-38.6	
79.5	50.0	82.0	-21.4	
72.1	67.2	67.2	-1.7	
64.7	89.3	15.5	-31.2	
64.7	82.0	-36.1	-38.6	
47.5	96.7	-87.8	18.0	
40.1	94.3	-95.2	-11.5	
20.5	67.2	-112.4	-60.7	
-14.0	52.4	-87.8	-58.3	
-33.7	32.8	-63.2	15.5	
-65.6	-9.1	-48.4	45.1	
-119.8	-9.1	13.1	15.5	
-144.4	-4.1	40.1	-4.1	
-92.7	-21.4	35.2	-14.0	
-16.4	-33.7	37.7	-14.0	
74.6	-38.6	22.9	-26.3	
96.7	-6.6	5.7	5.7	
96.7	0.8	-33.7	25.4	
94.3	-4.1	-102.5	30.3	
42.6	0.8	-134.5	-14.0	
-1.7	-1.7	-90.2	-53.3	
-55.8	-23.8	-14.0	-33.7	
-107.5	-18.9	20.5	45.1	
-119.8	59.8	37.7	0.8	
-105.0	91.8	25.4	-9.1	
-46.0	121.3	27.8	52.4	
-70.6	128.7	42.6	59.8	
-95.2	141.0	45.1	8.2	
-68.1	79.5	42.6	50.0	
-4.1	67.2	50.0	101.6	
94.3	50.0	27.8	62.3	
190.2	22.9	32.8	22.9	
264.0	-33.7	22.9	-65.6	
244.3	-58.3	25.4	-95.2	
163.1	-28.7	22.9	-109.9	
158.2	8.2	5.7	-14.0	
89.3	13.1	-28.7	20.5	
59.8	-43.5	-1.7	-26.3	
50.0	-55.8	15.5	-6.6	
62.3	-82.9	74.6	-28.7	
64.7	-92.7	96.7	-105.0	
72.1	-87.8	82.0	-68.1	
82.0	-117.3	62.3	64.7	
86.9	-183.7	50.0	84.4	
64.7	-169.0	22.9	8.2	
20.5	-90.2	15.5	8.2	
-4.1	-48.4	-11.5	3.2	
-43.5	-4.1	-60.7	-6.6	
-23.8	69.7	42.6	0.8	
-36.1	99.2	82.0	27.8	
-33.7	153.3	143.5	40.1	
-41.0	173.0	155.8	32.8	
-46.0	185.3	131.2	10.6	
-28.7	217.3	42.6	-16.4	
-14.0	180.4	-46.0	-33.7	
-1.7	168.1	-127.1	-23.8	
-1.7	143.5	-191.1	-6.6	
5.7	118.9	-213.2	-11.5	
18.0	94.3	-193.6	-16.4	
45.1	79.5	-191.1	-31.2	
-11.5	84.4	-132.1	-1.7	
-53.3	67.2	-46.0	64.7	
-60.7	57.4	54.9	3.2	
-149.3	54.9	116.4	-36.1	
-178.8	42.6	113.9	-4.1	
-144.4	-9.1	96.7	-4.1	
-41.0	-38.6	72.1	0.8	
50.0	-129.6	54.9	-38.6	
82.0	-220.6	40.1	-92.7	
155.8	-215.7	18.0	-60.7	
202.5	-181.3	3.2	62.3	
170.5	-122.2	-14.0	113.9	
155.8	-38.6	-55.8	0.8	
42.6	89.3	-9.1	-33.7	
-100.1	165.6	5.7	-26.3	
-146.8	234.5	5.7	-23.8	
-95.2	234.5	13.1	-21.4	
-28.7	182.8	37.7	13.1	
5.7	101.6	18.0	18.0	
67.2	37.7	22.9	-6.6	
121.3	18.0	20.5	-1.7	
170.5	8.2	8.2	5.7	
177.9	-36.1	42.6	-4.1	
131.2	-11.5	40.1	0.8	
37.7	-4.1	45.1	10.6	
-85.3	30.3	8.2	18.0	
-208.3	59.8	-26.3	8.2	
-264.9	47.5	-36.1	-23.8	
-220.6	5.7	-23.8	-33.7	
-141.9	-31.2	3.2	-11.5	
-82.9	-26.3	101.6	0.8	
25.4	-36.1	136.1	-4.1	
123.8	-16.4	175.4	-4.1	
214.8	-16.4	212.3	-6.6	
212.3	-26.3	192.7	13.1	
170.5	-11.5	128.7	27.8	
118.9	0.8	37.7	5.7	
91.8	13.1	18.0	8.2	
74.6	22.9	-28.7	3.2	
42.6	10.6	-87.8	5.7	
32.8	0.8	-122.2	10.6	
-1.7	13.1	-117.3	-18.9	
-36.1	18.0	-68.1	-87.8	
0.8	8.2	-60.7	62.3	
42.6	5.7	-129.6	79.5	
96.7	8.2	-169.0	-90.2	
104.1	3.2	-50.9	-146.8	
113.9	-1.7	15.5	-82.9	
99.2	5.7	30.3	-41.0	
62.3	13.1	20.5	-33.7	
-31.2	15.5	42.6	-4.1	
-92.7	20.5	57.4	22.9	
-107.5	35.2	99.2	22.9	
-46.0	45.1	52.4	-9.1	
-14.0	62.3	-31.2	13.1	
-55.8	30.3	-73.0	22.9	
-50.9	22.9	-65.6	8.2	
-46.0	47.5	-43.5	22.9	
-31.2	20.5	-26.3	47.5	
-1.7	-9.1	-41.0	84.4	
27.8	-26.3	-43.5	141.0	
62.3	-65.6	-60.7	99.2	
121.3	-80.4	-55.8	-124.7	
101.6	-28.7	13.1	-181.3	
84.4	13.1	20.5	-70.6	
94.3	20.5	-11.5	25.4	
67.2	62.3	-31.2	3.2	
62.3	94.3	18.0	37.7	
15.5	91.8	89.3	69.7	
-9.1	91.8	82.0	47.5	
-4.1	84.4	50.0	20.5	
-14.0	62.3	45.1	-41.0	
13.1	40.1	22.9	-46.0	
20.5	32.8	30.3	-127.1	
22.9	35.2	54.9	-36.1	
13.1	45.1	5.7	-173.9	
13.1	35.2	-26.3	-220.6	
15.5	37.7	-26.3	-129.6	
-6.6	42.6	32.8	20.5	
-28.7	15.5	96.7	128.7	
-9.1	15.5	109.0	109.0	
-14.0	27.8	45.1	113.9	
-112.4	47.5	-11.5	18.0	
-200.9	30.3	15.5	18.0	
-191.1	35.2	37.7	22.9	
-149.3	47.5	-18.9	3.2	
-46.0	59.8	-55.8	5.7	
-18.9	42.6	-97.6	8.2	
-68.1	22.9	-154.2	-9.1	
-68.1	5.7	-97.6	3.2	
-31.2	-14.0	-18.9	72.1	
30.3	-33.7	30.3	52.4	
86.9	-9.1	30.3	-9.1	
111.5	15.5	37.7	-1.7	
158.2	5.7	35.2	-21.4	
256.6	45.1	-6.6	-4.1	
288.6	42.6	45.1	-23.8	
246.8	35.2	89.3	25.4	
190.2	27.8	86.9	30.3	
123.8	35.2	86.9	18.0	
111.5	37.7	94.3	-28.7	
77.0	45.1	84.4	-55.8	
35.2	15.5	99.2	3.2	
25.4	-11.5	111.5	10.6	
-31.2	-53.3	126.2	-23.8	
-107.5	-117.3	136.1	5.7	
-90.2	-107.5	69.7	32.8	
-58.3	-137.0	27.8	47.5	
-53.3	-132.1	8.2	47.5	
-68.1	-60.7	0.8	-26.3	
-75.5	0.8	-6.6	-11.5	
-16.4	74.6	-65.6	94.3	
69.7	141.0	-87.8	59.8	
113.9	145.9	-154.2	-28.7	
143.5	163.1	-178.8	-6.6	
138.5	109.0	-203.4	15.5	
136.1	59.8	-119.8	8.2	
113.9	32.8	-43.5	-11.5	
62.3	13.1	-14.0	-18.9	
-26.3	18.0	15.5	-21.4	
-41.0	-1.7	62.3	-11.5	
-16.4	5.7	74.6	-14.0	
-6.6	3.2	79.5	-4.1	
-9.1	-14.0	67.2	15.5	
-21.4	8.2	-6.6	3.2	
-23.8	20.5	-36.1	-18.9	
-38.6	37.7	-33.7	-28.7	
-65.6	42.6	-26.3	-1.7	
-55.8	45.1	-18.9	-18.9	
-28.7	52.4	8.2	-6.6	
-23.8	40.1	74.6	8.2	
-53.3	27.8	131.2	0.8	
-73.0	35.2	99.2	-38.6	
-63.2	32.8	27.8	-36.1	
-68.1	35.2	-1.7	-48.4	
-100.1	30.3	18.0	-80.4	
-68.1	15.5	-33.7	-58.3	
-9.1	22.9	-97.6	45.1	
37.7	3.2	-105.0	64.7	
116.4	13.1	-55.8	-1.7	
170.5	27.8	-60.7	-36.1	
202.5	32.8	-53.3	-23.8	
165.6	13.1	-23.8	18.0	
128.7	0.8	-26.3	57.4	
94.3	18.0	-11.5	113.9	
47.5	18.0	54.9	32.8	
-43.5	20.5	94.3	45.1	
-92.7	8.2	57.4	84.4	
-90.2	-6.6	74.6	-1.7	
-117.3	-31.2	96.7	-75.5	
-164.0	-16.4	94.3	-50.9	
-141.9	13.1	82.0	-33.7	
-63.2	18.0	77.0	-31.2	
20.5	37.7	30.3	0.8	
79.5	42.6	-16.4	42.6	
192.7	45.1	-31.2	64.7	
224.6	50.0	-102.5	67.2	
205.0	57.4	-132.1	77.0	
141.0	59.8	-144.4	52.4	
35.2	40.1	-109.9	52.4	
-14.0	22.9	-70.6	-95.2	
-48.4	5.7	-31.2	-137.0	
-31.2	-6.6	-16.4	-43.5	
5.7	-6.6	37.7	10.6	
25.4	-6.6	62.3	40.1	
62.3	-28.7	40.1	52.4	
74.6	-16.4	52.4	42.6	
74.6	-26.3	106.6	-18.9	
57.4	-31.2	123.8	-23.8	
27.8	-38.6	170.5	-58.3	
-18.9	-9.1	160.7	-100.1	
-117.3	-21.4	145.9	-73.0	
-146.8	-14.0	109.0	-50.9	
-181.3	20.5	86.9	-4.1	
-215.7	42.6	27.8	45.1	
-191.1	69.7	-70.6	32.8	
-119.8	84.4	-149.3	64.7	
-14.0	89.3	-169.0	89.3	
72.1	79.5	-134.5	50.0	
138.5	74.6	-109.9	-16.4	
175.4	91.8	-38.6	-127.1	
182.8	59.8	-23.8	-137.0	
91.8	8.2	-41.0	-43.5	
82.0	-70.6	-48.4	-21.4	
74.6	-63.2	-11.5	3.2	
91.8	-28.7	18.0	79.5	
133.6	25.4	0.8	35.2	
155.8	13.1	-1.7	-31.2	
116.4	0.8	-6.6	-11.5	
94.3	18.0	22.9	8.2	
57.4	35.2	67.2	50.0	
-26.3	15.5	67.2	64.7	
-100.1	-55.8	37.7	30.3	
-151.7	-92.7	8.2	25.4	
-132.1	-127.1	18.0	32.8	
-90.2	-161.6	50.0	67.2	
-65.6	-124.7	104.1	42.6	
-21.4	-55.8	121.3	0.8	
37.7	27.8	131.2	-4.1	
35.2	86.9	99.2	13.1	
32.8	118.9	57.4	3.2	
67.2	153.3	10.6	32.8	
109.0	123.8	-18.9	-11.5	
131.2	118.9	-82.9	-11.5	
128.7	118.9	-46.0	-16.4	
62.3	84.4	-11.5	-36.1	
30.3	67.2	-70.6	-11.5	
25.4	77.0	-50.9	-11.5	
20.5	99.2	-33.7	-28.7	
-6.6	91.8	-9.1	-14.0	
13.1	54.9	-82.9	-6.6	
54.9	45.1	-119.8	-16.4	
113.9	42.6	-58.3	18.0	
104.1	54.9	-31.2	22.9	
64.7	50.0	15.5	10.6	
30.3	50.0	22.9	13.1	
-46.0	50.0	62.3	8.2	
-80.4	74.6	57.4	0.8	
-112.4	57.4	104.1	-14.0	
-87.8	52.4	106.6	22.9	
-60.7	8.2	62.3	47.5	
-18.9	-31.2	0.8	20.5	
25.4	-28.7	-50.9	18.0	
94.3	-41.0	-73.0	25.4	
113.9	-55.8	-53.3	25.4	
104.1	-58.3	0.8	5.7	
54.9	-85.3	-21.4	20.5	
30.3	-124.7	-23.8	62.3	
-1.7	-141.9	-1.7	40.1	
-21.4	-139.4	30.3	-9.1	
-26.3	-109.9	22.9	-38.6	
-63.2	-9.1	30.3	-4.1	
-55.8	42.6	40.1	3.2	
-33.7	42.6	22.9	-11.5	
-75.5	82.0	-21.4	3.2	
-109.9	59.8	-23.8	-14.0	
-141.9	94.3	-6.6	-4.1	
-107.5	128.7	-14.0	5.7	
-70.6	148.4	0.8	-28.7	
-41.0	94.3	-9.1	-50.9	
-4.1	111.5	-21.4	-31.2	
77.0	121.3	25.4	47.5	
126.2	89.3	-6.6	89.3	
118.9	64.7	-18.9	42.6	
86.9	74.6	-14.0	22.9	
22.9	77.0	-9.1	-6.6	
-26.3	54.9	-16.4	0.8	
-114.8	37.7	-16.4	47.5	
-181.3	50.0	-18.9	69.7	
-109.9	57.4	-38.6	-14.0	
45.1	50.0	-95.2	-38.6	
123.8	40.1	-28.7	-53.3	
153.3	32.8	128.7	-23.8	
143.5	13.1	158.2	18.0	
91.8	10.6	113.9	37.7	
32.8	30.3	96.7	25.4	
-1.7	22.9	64.7	-11.5	
3.2	-9.1	79.5	-18.9	
-11.5	-18.9	30.3	18.0	
-1.7	-6.6	-41.0	22.9	
45.1	-16.4	-137.0	15.5	
69.7	-14.0	-129.6	54.9	
74.6	20.5	-114.8	84.4	
32.8	25.4	-75.5	123.8	
-4.1	10.6	5.7	3.2	
0.8	-6.6	69.7	-129.6	
57.4	-23.8	118.9	77.0	
109.0	3.2	118.9	30.3	
96.7	10.6	74.6	-28.7	
54.9	27.8	-9.1	-134.5	
62.3	40.1	-1.7	-127.1	
104.1	25.4	-6.6	-127.1	
79.5	18.0	-41.0	-92.7	
22.9	25.4	-43.5	-63.2	
18.0	18.0	-41.0	-85.3	
8.2	10.6	-58.3	-146.8	
22.9	3.2	18.0	-146.8	
62.3	8.2	82.0	30.3	
104.1	15.5	86.9	182.8	
145.9	22.9	94.3	69.7	
106.6	3.2	109.0	74.6	
22.9	-23.8	94.3	113.9	
-11.5	-53.3	136.1	79.5	
-11.5	-139.4	118.9	-11.5	
-31.2	-176.3	30.3	-26.3	
-26.3	-183.7	-41.0	-11.5	
-38.6	-178.8	-50.9	47.5	
-6.6	-122.2	-48.4	89.3	
-33.7	-87.8	-77.9	45.1	
-55.8	-31.2	-60.7	37.7	
-73.0	74.6	-43.5	-6.6	
-63.2	116.4	-58.3	-6.6	
-31.2	123.8	20.5	18.0	
-43.5	136.1	79.5	57.4	
-105.0	182.8	67.2	62.3	
-77.9	217.3	82.0	37.7	
-75.5	187.7	47.5	30.3	
-28.7	209.9	64.7	0.8	
-18.9	163.1	150.8	-21.4	
13.1	116.4	200.0	-11.5	
101.6	86.9	177.9	0.8	
177.9	79.5	50.0	27.8	
195.1	69.7	-55.8	42.6	
148.4	42.6	-132.1	20.5	
106.6	40.1	-159.1	10.6	
104.1	20.5	-124.7	10.6	
40.1	15.5	-63.2	13.1	
-16.4	0.8	-137.0	79.5	
-38.6	3.2	-151.7	42.6	
-58.3	-9.1	-90.2	-4.1	
-33.7	-21.4	-21.4	-43.5	
-1.7	-36.1	22.9	-90.2	
35.2	-38.6	69.7	-77.9	
59.8	-31.2	96.7	-26.3	
37.7	-38.6	94.3	32.8	
35.2	-23.8	47.5	20.5	
8.2	-1.7	15.5	25.4	
-16.4	10.6	32.8	10.6	
-48.4	18.0	74.6	-18.9	
-60.7	42.6	32.8	-11.5	
-46.0	35.2	8.2	8.2	
-26.3	40.1	-55.8	3.2	
-4.1	32.8	-80.4	-14.0	
0.8	45.1	-112.4	-23.8	
22.9	52.4	-122.2	-14.0	
30.3	67.2	-166.5	-6.6	
25.4	84.4	-75.5	-14.0	
3.2	74.6	-14.0	-1.7	
-6.6	42.6	8.2	-33.7	
20.5	22.9	37.7	-1.7	
20.5	20.5	47.5	40.1	
47.5	35.2	18.0	0.8	
54.9	30.3	-1.7	-33.7	
22.9	25.4	-21.4	-21.4	
8.2	8.2	-23.8	15.5	
-11.5	-1.7	-36.1	37.7	
-9.1	-21.4	-23.8	79.5	
-6.6	-60.7	0.8	10.6	
-33.7	-33.7	47.5	0.8	
-58.3	-48.4	86.9	13.1	
-41.0	-63.2	123.8	13.1	
-16.4	-31.2	101.6	13.1	
-9.1	-9.1	84.4	18.0	
10.6	22.9	35.2	25.4	
30.3	45.1	22.9	13.1	
-4.1	57.4	45.1	-9.1	
-132.1	86.9	57.4	-23.8	
-171.4	94.3	72.1	-11.5	
-169.0	62.3	106.6	15.5	
-117.3	69.7	77.0	27.8	
-38.6	79.5	50.0	37.7	
59.8	91.8	42.6	5.7	
79.5	84.4	25.4	-9.1	
94.3	62.3	10.6	-38.6	
123.8	52.4	-48.4	-28.7	
128.7	30.3	-58.3	-1.7	
74.6	27.8	-36.1	25.4	
-9.1	25.4	-41.0	8.2	
0.8	32.8	-28.7	-9.1	
40.1	22.9	-18.9	-4.1	
91.8	15.5	-14.0	8.2	
111.5	8.2	8.2	13.1	
123.8	8.2	-9.1	0.8	
126.2	18.0	10.6	-6.6	
91.8	40.1	50.0	-4.1	
72.1	45.1	59.8	-11.5	
59.8	8.2	59.8	-9.1	
8.2	8.2	47.5	8.2	
-50.9	20.5	22.9	27.8	
-60.7	40.1	-11.5	47.5	
-6.6	42.6	-41.0	32.8	
47.5	45.1	-70.6	27.8	
121.3	52.4	-90.2	8.2	
111.5	62.3	-53.3	-14.0	
82.0	47.5	-18.9	-100.1	
54.9	27.8	-14.0	-97.6	
18.0	-1.7	-18.9	-28.7	
0.8	0.8	0.8	-21.4	
-23.8	-18.9	-1.7	-63.2	
-1.7	-1.7	0.8	-55.8	
8.2	5.7	-14.0	-23.8	
8.2	5.7	-1.7	5.7	
62.3	25.4	-1.7	35.2	
45.1	47.5	-1.7	86.9	
50.0	35.2	10.6	133.6	
47.5	54.9	22.9	145.9	
22.9	77.0	47.5	141.0	
-11.5	82.0	79.5	79.5	
-33.7	5.7	89.3	89.3	
-33.7	-85.3	52.4	106.6	
-36.1	-107.5	72.1	47.5	
-33.7	-58.3	77.0	-48.4	
-33.7	15.5	84.4	-260.0	
-18.9	47.5	32.8	-173.9	
3.2	64.7	3.2	-53.3	
18.0	35.2	-28.7	-43.5	
22.9	22.9	-60.7	50.0	
22.9	37.7	-70.6	91.8	
47.5	67.2	-28.7	18.0	
27.8	47.5	-38.6	-14.0	
18.0	37.7	-48.4	-14.0	
-1.7	27.8	-14.0	-1.7	
-1.7	10.6	32.8	50.0	
-16.4	13.1	54.9	-6.6	
-50.9	35.2	96.7	-41.0	
-58.3	59.8	106.6	-14.0	
-73.0	50.0	5.7	-9.1	
-109.9	69.7	-63.2	-6.6	
-159.1	47.5	-38.6	-16.4	
-156.7	57.4	45.1	-11.5	
-53.3	54.9	69.7	-9.1	
45.1	50.0	89.3	3.2	
32.8	40.1	84.4	13.1	
-139.4	69.7	15.5	18.0	
-311.6	62.3	-60.7	40.1	
-264.9	86.9	-73.0	0.8	
-205.9	62.3	-70.6	0.8	
-97.6	67.2	-129.6	-6.6	
116.4	50.0	-109.9	-18.9	
261.5	8.2	-97.6	-11.5	
369.8	-6.6	-80.4	-11.5	
369.8	-18.9	-58.3	3.2	
313.2	-41.0	-16.4	10.6	
202.5	-46.0	-16.4	-11.5	
54.9	-36.1	8.2	-33.7	
-38.6	-9.1	32.8	-46.0	
-9.1	30.3	47.5	-82.9	
-4.1	40.1	50.0	-112.4	
20.5	47.5	47.5	-73.0	
72.1	62.3	64.7	5.7	
141.0	79.5	54.9	86.9	
244.3	77.0	15.5	96.7	
266.5	57.4	-6.6	47.5	
195.1	42.6	-18.9	22.9	
158.2	47.5	-21.4	-4.1	
104.1	52.4	-11.5	-41.0	
52.4	25.4	22.9	-31.2	
8.2	-18.9	40.1	-23.8	
-41.0	-9.1	15.5	27.8	
-122.2	0.8	0.8	96.7	
-277.2	-16.4	-1.7	153.3	
-360.8	-55.8	-18.9	116.4	
-296.9	-85.3	-16.4	72.1	
-203.4	-63.2	-23.8	8.2	
-97.6	5.7	3.2	-4.1	
10.6	45.1	-16.4	15.5	
-6.6	52.4	15.5	25.4	
-1.7	62.3	20.5	5.7	
47.5	35.2	-4.1	-4.1	
45.1	27.8	-1.7	-18.9	
25.4	27.8	5.7	-18.9	
79.5	-31.2	0.8	-21.4	
239.4	-85.3	5.7	5.7	
357.5	-41.0	0.8	-9.1	
342.7	25.4	15.5	-4.1	
214.8	59.8	18.0	3.2	
30.3	84.4	13.1	-11.5	
-144.4	106.6	18.0	-11.5	
-203.4	111.5	13.1	-1.7	
-114.8	79.5	32.8	0.8	
35.2	27.8	74.6	-31.2	
121.3	42.6	96.7	-41.0	
77.0	57.4	79.5	-38.6	
-75.5	62.3	62.3	-21.4	
-196.0	104.1	27.8	20.5	
-188.6	91.8	10.6	35.2	
-245.2	79.5	42.6	10.6	
-343.6	57.4	47.5	-4.1	
-451.9	47.5	67.2	15.5	
-415.0	10.6	69.7	32.8	
-235.4	-18.9	40.1	32.8	
-46.0	8.2	30.3	42.6	
256.6	-11.5	27.8	27.8	
401.8	-26.3	-6.6	-11.5	
566.6	-26.3	-6.6	-43.5	
598.6	45.1	-43.5	-31.2	
468.2	91.8	-48.4	-11.5	
382.1	57.4	-95.2	22.9	
244.3	37.7	-114.8	37.7	
74.6	18.0	-92.7	42.6	
3.2	22.9	-58.3	8.2	
-77.9	3.2	-31.2	-21.4	
-247.7	-60.7	-28.7	-26.3	
-390.4	-100.1	8.2	10.6	
-331.3	-73.0	32.8	47.5	
-351.0	-46.0	45.1	62.3	
-424.8	0.8	40.1	47.5	
-343.6	22.9	37.7	86.9	
-164.0	67.2	35.2	57.4	
131.2	84.4	40.1	-9.1	
352.6	89.3	-28.7	-21.4	
379.6	101.6	-36.1	-48.4	
300.9	67.2	20.5	-92.7	
143.5	18.0	13.1	-100.1	
-73.0	3.2	5.7	-50.9	
-314.1	-9.1	-6.6	-9.1	
-454.3	-1.7	13.1	-18.9	
-311.6	-1.7	62.3	-18.9	
-63.2	-4.1	86.9	0.8	
89.3	-9.1	91.8	8.2	
209.9	-18.9	82.0	8.2	
217.3	22.9	69.7	-41.0	
106.6	45.1	20.5	3.2	
77.0	27.8	-63.2	8.2	
20.5	37.7	-60.7	27.8	
-181.3	54.9	-38.6	50.0	
-210.8	54.9	-97.6	22.9	
-102.5	45.1	-58.3	22.9	
-75.5	8.2	8.2	32.8	
52.4	8.2	10.6	32.8	
207.4	-14.0	45.1	-23.8	
264.0	8.2	37.7	-169.0	
332.9	20.5	-4.1	-38.6	
325.5	77.0	-41.0	118.9	
214.8	101.6	-38.6	64.7	
187.7	50.0	-36.1	8.2	
200.0	-21.4	-28.7	-16.4	
177.9	-63.2	-36.1	-36.1	
42.6	-90.2	3.2	-21.4	
57.4	-80.4	27.8	-1.7	
37.7	-38.6	42.6	5.7	
-97.6	-1.7	54.9	-1.7	
-220.6	3.2	89.3	18.0	
-338.7	-46.0	82.0	18.0	
-188.6	-26.3	54.9	18.0	
35.2	-1.7	47.5	13.1	
190.2	-21.4	50.0	18.0	
236.9	25.4	89.3	-1.7	
288.6	91.8	101.6	0.8	
234.5	143.5	50.0	10.6	
168.1	165.6	-31.2	5.7	
94.3	180.4	-36.1	3.2	
62.3	173.0	-38.6	-1.7	
30.3	141.0	-33.7	-23.8	
-14.0	111.5	-68.1	-21.4	
13.1	82.0	-53.3	-28.7	
72.1	77.0	-48.4	-31.2	
42.6	40.1	-41.0	-38.6	
-43.5	35.2	-14.0	-26.3	
-58.3	35.2	15.5	-4.1	
-31.2	27.8	47.5	42.6	
-36.1	32.8	50.0	96.7	
20.5	-9.1	79.5	-16.4	
74.6	-80.4	86.9	-73.0	
136.1	-109.9	77.0	54.9	
128.7	-102.5	52.4	123.8	
89.3	-70.6	22.9	8.2	
62.3	-70.6	22.9	-55.8	
10.6	0.8	5.7	-60.7	
-146.8	15.5	-6.6	-38.6	
-378.1	52.4	0.8	0.8	
-466.6	94.3	30.3	50.0	
-474.0	106.6	64.7	84.4	
-454.3	64.7	40.1	69.7	
-432.2	40.1	13.1	35.2	
-442.0	35.2	15.5	20.5	
-417.4	25.4	-6.6	5.7	
-316.6	-9.1	15.5	-1.7	
-159.1	-28.7	22.9	-1.7	
-16.4	-11.5	42.6	5.7	
224.6	22.9	25.4	-4.1	
517.4	57.4	-55.8	-4.1	
679.7	59.8	-60.7	-1.7	
635.5	62.3	0.8	3.2	
391.9	54.9	18.0	-9.1	
-9.1	57.4	62.3	-18.9	
-346.1	69.7	99.2	-21.4	
-336.2	64.7	195.1	-6.6	
-137.0	54.9	165.6	13.1	
133.6	84.4	77.0	42.6	
291.1	94.3	30.3	15.5	
182.8	91.8	13.1	-1.7	
67.2	77.0	5.7	-55.8	
13.1	57.4	-82.9	-70.6	
111.5	57.4	-242.8	-50.9	
293.5	54.9	-314.1	-31.2	
342.7	27.8	-245.2	0.8	
318.1	27.8	-119.8	-11.5	
143.5	25.4	-11.5	13.1	
-198.5	18.0	37.7	5.7	
-301.8	40.1	18.0	-11.5	
-154.2	15.5	-1.7	18.0	
69.7	10.6	-28.7	22.9	
318.1	5.7	-28.7	13.1	
519.8	-4.1	5.7	13.1	
534.6	-9.1	22.9	27.8	
399.3	-4.1	32.8	0.8	
197.6	-14.0	5.7	22.9	
32.8	0.8	-6.6	62.3	
-23.8	0.8	-26.3	37.7	
-43.5	-14.0	-23.8	5.7	
-80.4	-9.1	-23.8	-14.0	
-70.6	-18.9	-33.7	10.6	
-55.8	-14.0	-9.1	22.9	
-58.3	15.5	3.2	-26.3	
-82.9	5.7	8.2	-48.4	
-122.2	-36.1	35.2	-18.9	
-102.5	-16.4	77.0	-14.0	
-85.3	5.7	42.6	-11.5	
-146.8	3.2	-18.9	-31.2	
-181.3	13.1	47.5	-43.5	
-169.0	25.4	104.1	-38.6	
-169.0	52.4	104.1	-1.7	
-85.3	91.8	77.0	84.4	
5.7	126.2	52.4	86.9	
42.6	126.2	45.1	30.3	
47.5	104.1	20.5	42.6	
-16.4	104.1	8.2	20.5	
-60.7	89.3	-26.3	22.9	
-4.1	62.3	-28.7	40.1	
-26.3	27.8	-33.7	18.0	
-109.9	-6.6	-1.7	3.2	
-141.9	0.8	37.7	-6.6	
-95.2	8.2	57.4	-11.5	
-48.4	-1.7	59.8	-26.3	
67.2	-4.1	32.8	-26.3	
200.0	8.2	5.7	-1.7	
291.1	-6.6	-6.6	20.5	
286.1	-14.0	-1.7	30.3	
192.7	-16.4	3.2	22.9	
18.0	22.9	-41.0	50.0	
-109.9	57.4	-36.1	15.5	
-176.3	32.8	-28.7	5.7	
-240.3	25.4	-58.3	15.5	
-446.9	-65.6	-70.6	45.1	
-464.2	-53.3	-23.8	27.8	
-333.8	-82.9	-4.1	32.8	
-171.4	-60.7	-4.1	25.4	
-38.6	25.4	-14.0	5.7	
42.6	99.2	-18.9	-65.6	
136.1	118.9	-9.1	-63.2	
229.6	141.0	-9.1	-21.4	
121.3	143.5	22.9	-18.9	
-156.7	96.7	62.3	-4.1	
-205.9	79.5	91.8	0.8	
-68.1	64.7	77.0	-1.7	
118.9	25.4	82.0	15.5	
175.4	-14.0	170.5	20.5	
276.3	-9.1	175.4	-4.1	
416.5	18.0	54.9	18.0	
374.7	40.1	13.1	30.3	
104.1	27.8	-9.1	15.5	
-31.2	37.7	-73.0	8.2	
47.5	52.4	-87.8	-21.4	
219.7	30.3	-92.7	-33.7	
236.9	15.5	-63.2	-16.4	
234.5	8.2	-55.8	0.8	
143.5	-23.8	-53.3	-1.7	
69.7	-23.8	-77.9	-9.1	
-77.9	-38.6	-85.3	15.5	
-287.0	-73.0	-77.9	64.7	
-538.0	-60.7	-43.5	52.4	
-592.1	-43.5	-21.4	72.1	
-370.7	-43.5	-31.2	42.6	
-124.7	-23.8	5.7	45.1	
106.6	-36.1	35.2	52.4	
350.1	-87.8	52.4	-114.8	
451.0	-97.6	94.3	-124.7	
153.3	-87.8	126.2	-53.3	
-107.5	-58.3	118.9	-23.8	
-294.4	-23.8	121.3	-14.0	
-292.0	32.8	116.4	-16.4	
-146.8	99.2	123.8	25.4	
3.2	200.0	59.8	20.5	
177.9	249.2	42.6	37.7	
342.7	244.3	-11.5	32.8	
236.9	185.3	-97.6	32.8	
-97.6	202.5	-95.2	-6.6	
-323.9	187.7	-4.1	-28.7	
-358.4	118.9	10.6	-33.7	
-264.9	74.6	-9.1	-18.9	
-70.6	37.7	-50.9	3.2	
126.2	27.8	-41.0	5.7	
357.5	40.1	-33.7	-6.6	
505.1	45.1	45.1	-1.7	
460.8	22.9	72.1	8.2	
217.3	15.5	89.3	13.1	
67.2	13.1	74.6	18.0	
94.3	40.1	45.1	18.0	
99.2	45.1	-14.0	-6.6	
111.5	52.4	-36.1	-21.4	
50.0	69.7	-38.6	-1.7	
-36.1	18.0	3.2	-6.6	
-151.7	18.0	54.9	-6.6	
-159.1	25.4	25.4	5.7	
-139.4	54.9	-23.8	-1.7	
-181.3	37.7	-68.1	32.8	
-119.8	15.5	-85.3	67.2	
-53.3	-9.1	-55.8	62.3	
37.7	-23.8	-33.7	42.6	
202.5	-53.3	-50.9	15.5	
214.8	-70.6	-178.8	-21.4	
57.4	-65.6	-213.2	59.8	
-466.6	-117.3	-154.2	96.7	
-1000.4	-117.3	-36.1	-119.8	
-1032.4	-48.4	-14.0	-159.1	
-572.4	-26.3	59.8	-28.7	
32.8	22.9	185.3	82.0	
603.5	52.4	278.8	37.7	
970.0	64.7	229.6	-31.2	
1063.5	59.8	158.2	-85.3	
519.8	82.0	84.4	-77.9	
-48.4	123.8	96.7	-60.7	
-304.3	150.8	74.6	30.3	
-225.5	158.2	-21.4	57.4	
-63.2	143.5	-117.3	50.0	
104.1	67.2	-114.8	118.9	
357.5	-14.0	-114.8	104.1	
443.6	-70.6	-127.1	5.7	
355.0	-75.5	-90.2	-1.7	
141.0	-92.7	-36.1	15.5	
-31.2	-109.9	-26.3	22.9	
-68.1	-97.6	-80.4	20.5	
-82.9	-127.1	-132.1	27.8	
-46.0	-73.0	-92.7	30.3	
-26.3	3.2	-11.5	-9.1	
59.8	13.1	35.2	-4.1	
155.8	32.8	123.8	0.8	
202.5	79.5	136.1	22.9	
106.6	116.4	96.7	25.4	
-18.9	187.7	89.3	-28.7	
-55.8	197.6	82.0	-11.5	
-87.8	182.8	67.2	-46.0	
-80.4	158.2	69.7	-65.6	
-60.7	104.1	-70.6	-68.1	
-38.6	79.5	-119.8	-46.0	
-23.8	77.0	-141.9	15.5	
-55.8	40.1	-50.9	27.8	
-119.8	18.0	5.7	-21.4	
-208.3	22.9	67.2	-41.0	
-299.3	-6.6	86.9	8.2	
-326.4	-9.1	185.3	67.2	
-223.1	30.3	217.3	62.3	
-269.8	96.7	170.5	45.1	
-454.3	96.7	104.1	72.1	
-299.3	116.4	-68.1	72.1	
-156.7	89.3	-146.8	57.4	
10.6	-18.9	-122.2	20.5	
205.0	-107.5	-9.1	25.4	
416.5	-119.8	22.9	15.5	
490.3	-109.9	40.1	13.1	
394.4	-70.6	32.8	-6.6	
232.0	-53.3	10.6	-16.4	
133.6	-70.6	40.1	-16.4	
35.2	-41.0	128.7	-11.5	
-77.9	-63.2	84.4	-11.5	
-63.2	-21.4	27.8	-16.4	
-117.3	45.1	-63.2	-28.7	
-97.6	67.2	-127.1	-1.7	
-41.0	96.7	-95.2	37.7	
-38.6	109.0	-6.6	45.1	
-41.0	96.7	99.2	35.2	
-109.9	74.6	5.7	25.4	
-154.2	59.8	-132.1	25.4	
-55.8	37.7	-161.6	8.2	
113.9	30.3	-31.2	-46.0	
185.3	69.7	27.8	-46.0	
175.4	79.5	69.7	-21.4	
96.7	62.3	158.2	-23.8	
-31.2	69.7	118.9	-14.0	
-95.2	101.6	20.5	-36.1	
-114.8	106.6	3.2	-33.7	
-107.5	91.8	5.7	-9.1	
-43.5	82.0	-18.9	20.5	
32.8	62.3	-28.7	5.7	
18.0	27.8	35.2	-6.6	
89.3	22.9	111.5	8.2	
249.2	30.3	89.3	-4.1	
278.8	45.1	91.8	-16.4	
283.7	59.8	180.4	-23.8	
175.4	42.6	190.2	-6.6	
86.9	-4.1	187.7	-18.9	
-6.6	-146.8	138.5	-23.8	
-137.0	-198.5	111.5	-11.5	
-225.5	-149.3	27.8	-11.5	
-269.8	-63.2	-151.7	-18.9	
-232.9	-21.4	-149.3	10.6	
-161.6	-4.1	-220.6	-4.1	
-63.2	18.0	-242.8	18.0	
52.4	40.1	-210.8	3.2	
111.5	30.3	-200.9	3.2	
113.9	40.1	-193.6	0.8	
133.6	84.4	-112.4	-11.5	
111.5	91.8	-95.2	8.2	
133.6	64.7	-70.6	0.8	
175.4	27.8	-77.9	5.7	
209.9	18.0	-85.3	18.0	
91.8	20.5	-100.1	18.0	
45.1	50.0	-73.0	13.1	
5.7	62.3	27.8	5.7	
30.3	72.1	52.4	-16.4	
52.4	40.1	25.4	-28.7	
52.4	64.7	-1.7	-23.8	
-21.4	101.6	0.8	-16.4	
-87.8	77.0	10.6	-11.5	
-87.8	8.2	40.1	-14.0	
-73.0	5.7	123.8	0.8	
-43.5	8.2	116.4	8.2	
8.2	18.0	86.9	20.5	
47.5	27.8	116.4	8.2	
-1.7	30.3	82.0	-14.0	
-65.6	5.7	77.0	10.6	
-53.3	-9.1	89.3	10.6	
-46.0	-28.7	52.4	-1.7	
-36.1	-33.7	40.1	-1.7	
-21.4	-28.7	20.5	-6.6	
-11.5	42.6	50.0	-18.9	
-18.9	91.8	67.2	-21.4	
-23.8	113.9	59.8	-11.5	
-73.0	84.4	32.8	3.2	
-102.5	59.8	-16.4	15.5	
-82.9	54.9	-33.7	5.7	
-65.6	35.2	-14.0	-4.1	
-6.6	18.0	-18.9	-9.1	
69.7	25.4	-28.7	-4.1	
111.5	-4.1	-23.8	-9.1	
96.7	0.8	-60.7	-23.8	
37.7	-14.0	-41.0	15.5	
-18.9	-11.5	8.2	25.4	
-33.7	-4.1	74.6	25.4	
-11.5	13.1	91.8	18.0	
-11.5	25.4	64.7	37.7	
18.0	8.2	77.0	20.5	
-31.2	3.2	185.3	-11.5	
-75.5	37.7	128.7	-53.3	
-82.9	42.6	22.9	-92.7	
-77.9	30.3	-70.6	-46.0	
0.8	0.8	-100.1	-28.7	
84.4	-11.5	-46.0	-1.7	
111.5	-1.7	-11.5	13.1	
22.9	20.5	-14.0	35.2	
-6.6	96.7	40.1	15.5	
0.8	77.0	0.8	3.2	
-14.0	27.8	-26.3	5.7	
-26.3	-16.4	15.5	-6.6	
-60.7	-38.6	54.9	-21.4	
-119.8	-6.6	35.2	-48.4	
-65.6	13.1	-14.0	-70.6	
-28.7	13.1	-60.7	-58.3	
8.2	5.7	-80.4	-41.0	
-95.2	-26.3	-85.3	-36.1	
-193.6	0.8	-92.7	-23.8	
-213.2	72.1	-41.0	-1.7	
-134.5	116.4	32.8	22.9	
3.2	101.6	86.9	22.9	
182.8	69.7	116.4	-6.6	
308.3	30.3	145.9	15.5	
308.3	32.8	133.6	37.7	
214.8	37.7	91.8	30.3	
109.0	13.1	99.2	-4.1	
37.7	37.7	165.6	-18.9	
22.9	35.2	202.5	35.2	
3.2	27.8	177.9	20.5	
-21.4	22.9	50.0	5.7	
-4.1	22.9	8.2	5.7	
-4.1	27.8	-80.4	22.9	
15.5	18.0	-100.1	20.5	
27.8	-33.7	-107.5	8.2	
37.7	-85.3	-48.4	-31.2	
27.8	-122.2	-14.0	-18.9	
13.1	-95.2	101.6	-18.9	
40.1	-60.7	123.8	-26.3	
47.5	-43.5	32.8	-26.3	
35.2	-18.9	3.2	-6.6	
27.8	-43.5	42.6	0.8	
15.5	-55.8	-55.8	-28.7	
-1.7	-31.2	-144.4	-60.7	
-28.7	8.2	-117.3	-36.1	
-77.9	72.1	-50.9	-65.6	
-50.9	116.4	-129.6	-55.8	
0.8	173.0	-102.5	37.7	
52.4	214.8	-105.0	150.8	
113.9	205.0	-80.4	232.0	
111.5	180.4	-43.5	96.7	
-4.1	163.1	116.4	-137.0	
-58.3	128.7	264.0	-169.0	
-53.3	45.1	286.1	-70.6	
-31.2	42.6	241.9	-6.6	
-4.1	-14.0	74.6	0.8	
-1.7	-68.1	-139.4	-9.1	
3.2	-87.8	-178.8	-16.4	
18.0	-63.2	-196.0	-41.0	
8.2	-21.4	-122.2	-18.9	
25.4	35.2	-149.3	-11.5	
35.2	84.4	-134.5	18.0	
30.3	148.4	-65.6	27.8	
27.8	160.7	35.2	15.5	
22.9	165.6	0.8	-1.7	
13.1	94.3	-60.7	-18.9	
40.1	15.5	-124.7	-18.9	
25.4	-16.4	-102.5	-31.2	
13.1	-48.4	-77.9	-23.8	
-1.7	-73.0	-43.5	-21.4	
-6.6	-58.3	-6.6	-18.9	
5.7	25.4	-33.7	-4.1	
-6.6	57.4	67.2	10.6	
-9.1	72.1	128.7	3.2	
-23.8	91.8	187.7	0.8	
-53.3	84.4	173.0	18.0	
-55.8	50.0	160.7	13.1	
-95.2	0.8	155.8	5.7	
-144.4	-43.5	113.9	30.3	
-139.4	-31.2	96.7	22.9	
-117.3	-9.1	-53.3	5.7	
-73.0	15.5	-105.0	-18.9	
59.8	50.0	-107.5	-18.9	
128.7	20.5	-38.6	-11.5	
259.1	30.3	-50.9	10.6	
236.9	8.2	-28.7	10.6	
185.3	-18.9	-9.1	-33.7	
136.1	-14.0	-48.4	-100.1	
40.1	3.2	-50.9	-38.6	
-18.9	54.9	-23.8	-4.1	
-41.0	84.4	-21.4	25.4	
-38.6	74.6	-11.5	13.1	
-53.3	45.1	-33.7	-1.7	
-82.9	40.1	-9.1	-26.3	
-31.2	40.1	-26.3	-33.7	
8.2	3.2	-43.5	-18.9	
47.5	20.5	-28.7	-6.6	
86.9	25.4	13.1	0.8	
89.3	37.7	91.8	8.2	
25.4	35.2	170.5	10.6	
-97.6	54.9	190.2	-4.1	
-159.1	67.2	50.0	-18.9	
-181.3	30.3	-97.6	-16.4	
-215.7	25.4	-124.7	20.5	
-232.9	47.5	-18.9	18.0	
-200.9	42.6	-21.4	-16.4	
-230.5	47.5	-85.3	-48.4	
-137.0	42.6	-55.8	-87.8	
153.3	-1.7	94.3	-48.4	
325.5	3.2	234.5	18.0	
394.4	8.2	259.1	52.4	
367.3	35.2	163.1	77.0	
259.1	54.9	-18.9	84.4	
123.8	57.4	-82.9	20.5	
86.9	62.3	-38.6	-23.8	
91.8	32.8	-53.3	-26.3	
143.5	15.5	-159.1	-9.1	
121.3	32.8	-63.2	22.9	
3.2	32.8	74.6	18.0	
-16.4	45.1	136.1	-9.1	
121.3	8.2	209.9	-6.6	
209.9	-9.1	239.4	-16.4	
128.7	18.0	113.9	3.2	
99.2	0.8	-33.7	-1.7	
-6.6	-36.1	-58.3	13.1	
-43.5	-4.1	-53.3	8.2	
-58.3	3.2	-287.0	20.5	
-95.2	-1.7	-242.8	5.7	
-119.8	-18.9	-97.6	-31.2	
-124.7	-73.0	40.1	-9.1	
-117.3	-100.1	82.0	-33.7	
-90.2	-90.2	62.3	3.2	
-21.4	-109.9	20.5	22.9	
42.6	-109.9	-41.0	18.0	
59.8	-70.6	-247.7	35.2	
30.3	-6.6	-228.0	59.8	
10.6	96.7	-102.5	15.5	
-1.7	165.6	-9.1	-41.0	
-23.8	180.4	35.2	-41.0	
18.0	182.8	123.8	-43.5	
-21.4	195.1	153.3	-18.9	
-65.6	180.4	163.1	3.2	
-100.1	141.0	72.1	22.9	
-70.6	69.7	13.1	15.5	
-117.3	42.6	47.5	15.5	
-144.4	5.7	-43.5	10.6	
-11.5	-28.7	-80.4	5.7	
86.9	-50.9	-11.5	-1.7	
145.9	-75.5	84.4	-14.0	
116.4	-102.5	182.8	0.8	
-26.3	-92.7	136.1	-1.7	
-183.7	-55.8	64.7	-11.5	
-186.2	-23.8	47.5	-11.5	
-41.0	-33.7	-43.5	-14.0	
118.9	-11.5	-55.8	-6.6	
278.8	-1.7	-63.2	15.5	
298.4	20.5	-137.0	10.6	
261.5	96.7	-107.5	8.2	
239.4	160.7	-41.0	13.1	
190.2	209.9	5.7	15.5	
116.4	232.0	-28.7	-21.4	
57.4	175.4	94.3	-46.0	
40.1	123.8	116.4	-33.7	
45.1	77.0	150.8	-36.1	
40.1	15.5	177.9	-48.4	
18.0	8.2	86.9	-46.0	
10.6	22.9	113.9	-23.8	
-36.1	5.7	190.2	-1.7	
-41.0	10.6	298.4	13.1	
-46.0	-1.7	234.5	30.3	
-46.0	0.8	160.7	57.4	
-41.0	-77.9	111.5	84.4	
-28.7	-102.5	40.1	79.5	
-26.3	-70.6	64.7	72.1	
-11.5	-1.7	42.6	74.6	
-33.7	37.7	-156.7	37.7	
-38.6	77.0	-262.4	-33.7	
-82.9	82.0	-274.7	-41.0	
-92.7	111.5	-178.8	-6.6	
-75.5	96.7	-4.1	20.5	
-82.9	57.4	79.5	18.0	
-73.0	30.3	79.5	27.8	
-60.7	10.6	-26.3	20.5	
-48.4	15.5	-102.5	20.5	
-21.4	-21.4	-18.9	-4.1	
50.0	-18.9	-6.6	-9.1	
62.3	-1.7	-102.5	-4.1	
25.4	5.7	-289.5	-18.9	
72.1	42.6	-296.9	-26.3	
69.7	54.9	-196.0	-6.6	
-1.7	35.2	-176.3	-4.1	
-122.2	20.5	-109.9	-14.0	
-213.2	5.7	-36.1	-28.7	
-223.1	-82.9	40.1	-28.7	
-124.7	-97.6	52.4	-63.2	
-11.5	-50.9	27.8	-63.2	
128.7	40.1	-43.5	-73.0	
217.3	64.7	123.8	-38.6	
234.5	69.7	350.1	-4.1	
261.5	72.1	372.2	32.8	
205.0	79.5	364.9	52.4	
77.0	104.1	261.5	74.6	
8.2	175.4	74.6	133.6	
-50.9	192.7	-11.5	123.8	
-95.2	165.6	22.9	69.7	
-73.0	153.3	-6.6	67.2	
-73.0	99.2	67.2	52.4	
-28.7	86.9	209.9	20.5	
52.4	54.9	214.8	-16.4	
89.3	15.5	150.8	-80.4	
143.5	22.9	165.6	-97.6	
148.4	-1.7	278.8	-16.4	
96.7	-6.6	121.3	22.9	
69.7	10.6	-68.1	25.4	
150.8	5.7	-252.6	0.8	
82.0	18.0	-520.7	22.9	
-43.5	13.1	-518.3	15.5	
-38.6	13.1	-301.8	-46.0	
-33.7	13.1	-129.6	-77.9	
77.0	-31.2	-28.7	-48.4	
138.5	-18.9	35.2	-1.7	
94.3	-18.9	-28.7	15.5	
67.2	-43.5	-50.9	8.2	
22.9	-43.5	-85.3	-18.9	
3.2	-50.9	0.8	-4.1	
-16.4	-14.0	128.7	47.5	
-43.5	45.1	160.7	57.4	
-60.7	84.4	153.3	-38.6	
-50.9	94.3	138.5	-36.1	
5.7	77.0	101.6	79.5	
13.1	47.5	45.1	67.2	
-38.6	52.4	52.4	-82.9	
-70.6	37.7	104.1	-73.0	
-41.0	-4.1	86.9	-18.9	
5.7	-6.6	37.7	-60.7	
32.8	-26.3	190.2	-43.5	
126.2	-63.2	170.5	45.1	
116.4	-68.1	131.2	8.2	
25.4	-11.5	35.2	-23.8	
-4.1	3.2	163.1	-9.1	
-16.4	3.2	276.3	-9.1	
20.5	27.8	50.0	-14.0	
52.4	57.4	-355.9	20.5	
-14.0	8.2	-619.1	25.4	
-63.2	-23.8	-619.1	45.1	
-43.5	-43.5	-461.7	69.7	
-28.7	-31.2	-245.2	99.2	
54.9	0.8	-132.1	163.1	
155.8	47.5	30.3	67.2	
133.6	54.9	131.2	-95.2	
89.3	69.7	113.9	-48.4	
-6.6	89.3	64.7	-1.7	
-28.7	32.8	-14.0	-9.1	
-28.7	54.9	-28.7	-16.4	
-33.7	40.1	-9.1	-14.0	
-31.2	40.1	3.2	-4.1	
25.4	47.5	10.6	-11.5	
20.5	15.5	74.6	-23.8	
-21.4	20.5	391.9	-26.3	
-75.5	27.8	586.3	-36.1	
-95.2	62.3	529.7	-31.2	
-53.3	79.5	352.6	3.2	
3.2	72.1	219.7	-21.4	
42.6	77.0	158.2	-9.1	
116.4	74.6	113.9	-4.1	
158.2	84.4	32.8	15.5	
101.6	52.4	-272.3	52.4	
62.3	20.5	-547.8	109.0	
45.1	8.2	-506.0	91.8	
22.9	-14.0	-203.4	47.5	
13.1	-4.1	-151.7	-11.5	
18.0	13.1	-193.6	-31.2	
8.2	18.0	-213.2	-16.4	
13.1	13.1	-124.7	-23.8	
5.7	5.7	-129.6	-21.4	
-16.4	-11.5	-154.2	-6.6	
-18.9	-21.4	-97.6	-1.7	
-38.6	25.4	-1.7	-4.1	
-38.6	40.1	192.7	0.8	
-75.5	47.5	369.8	10.6	
-171.4	54.9	345.2	18.0	
-193.6	8.2	229.6	30.3	
-144.4	-75.5	173.0	27.8	
-87.8	-77.9	67.2	8.2	
-75.5	-28.7	22.9	-6.6	
-50.9	0.8	22.9	-26.3	
22.9	-11.5	40.1	-4.1	
54.9	10.6	224.6	10.6	
86.9	25.4	308.3	30.3	
165.6	42.6	278.8	32.8	
170.5	91.8	278.8	3.2	
153.3	126.2	318.1	-9.1	
160.7	89.3	207.4	-14.0	
113.9	67.2	121.3	-4.1	
-16.4	59.8	-102.5	-16.4	
-65.6	77.0	-491.2	-31.2	
-28.7	86.9	-410.0	-23.8	
27.8	79.5	-225.5	-26.3	
96.7	67.2	-41.0	15.5	
222.2	62.3	-28.7	45.1	
195.1	27.8	-109.9	57.4	
150.8	22.9	-65.6	47.5	
67.2	27.8	-114.8	15.5	
5.7	22.9	-188.6	-28.7	
-31.2	0.8	-208.3	-55.8	
-11.5	-18.9	-97.6	-58.3	
13.1	-75.5	-68.1	-53.3	
-38.6	-48.4	-80.4	-9.1	
-55.8	0.8	-68.1	40.1	
-26.3	30.3	-43.5	89.3	
-11.5	25.4	-28.7	79.5	
3.2	25.4	-43.5	74.6	
20.5	32.8	-102.5	72.1	
15.5	57.4	-154.2	37.7	
-14.0	47.5	-82.9	-43.5	
69.7	-16.4	-134.5	-124.7	
118.9	-60.7	22.9	-75.5	
111.5	-21.4	74.6	18.0	
59.8	-16.4	69.7	22.9	
-1.7	-9.1	113.9	3.2	
-53.3	52.4	106.6	-28.7	
-26.3	89.3	64.7	-21.4	
3.2	91.8	59.8	20.5	
0.8	96.7	-38.6	37.7	
-11.5	104.1	-299.3	50.0	
25.4	64.7	-338.7	45.1	
62.3	30.3	-171.4	50.0	
62.3	-16.4	62.3	27.8	
57.4	-55.8	113.9	-73.0	
20.5	-48.4	89.3	-63.2	
-16.4	-48.4	148.4	-46.0	
-36.1	-16.4	232.0	-43.5	
-31.2	0.8	293.5	-36.1	
-9.1	25.4	298.4	0.8	
-11.5	77.0	273.8	-1.7	
-16.4	50.0	153.3	10.6	
-9.1	8.2	150.8	-18.9	
-18.9	5.7	153.3	-46.0	
40.1	30.3	52.4	-38.6	
64.7	35.2	-28.7	-18.9	
69.7	37.7	-92.7	18.0	
74.6	40.1	-70.6	54.9	
54.9	45.1	-112.4	27.8	
-28.7	32.8	-80.4	-31.2	
-60.7	37.7	64.7	-46.0	
-38.6	30.3	35.2	-21.4	
40.1	8.2	13.1	15.5	
47.5	-21.4	-9.1	30.3	
32.8	-14.0	10.6	20.5	
-90.2	-36.1	163.1	15.5	
-171.4	-60.7	241.9	10.6	
-171.4	-41.0	177.9	-1.7	
-53.3	-109.9	77.0	-9.1	
77.0	-171.4	62.3	-11.5	
126.2	-105.0	173.0	-4.1	
86.9	-58.3	209.9	0.8	
-58.3	-16.4	158.2	0.8	
-218.2	8.2	-26.3	-4.1	
-242.8	45.1	-137.0	-16.4	
-208.3	104.1	-77.9	-23.8	
-144.4	133.6	-119.8	-9.1	
15.5	133.6	-306.7	-26.3	
123.8	177.9	-427.3	-36.1	
232.0	190.2	-245.2	-26.3	
345.2	145.9	-171.4	-9.1	
369.8	128.7	-127.1	25.4	
315.7	94.3	-1.7	32.8	
244.3	91.8	264.0	37.7	
128.7	84.4	355.0	25.4	
86.9	74.6	308.3	15.5	
67.2	101.6	291.1	-4.1	
62.3	91.8	79.5	-41.0	
8.2	69.7	-230.5	-31.2	
-23.8	32.8	-282.1	-26.3	
-46.0	-36.1	-122.2	-38.6	
-55.8	-16.4	-183.7	-14.0	
-85.3	-38.6	-245.2	-23.8	
-90.2	-46.0	-114.8	-1.7	
-23.8	-31.2	-112.4	-11.5	
8.2	3.2	-77.9	-31.2	
64.7	18.0	-36.1	-26.3	
109.0	-6.6	-38.6	-9.1	
150.8	-73.0	67.2	-11.5	
128.7	-53.3	229.6	-11.5	
64.7	-26.3	192.7	-9.1	
10.6	8.2	45.1	-1.7	
-1.7	30.3	-48.4	-4.1	
15.5	74.6	-73.0	8.2	
42.6	86.9	-80.4	10.6	
30.3	86.9	-16.4	10.6	
47.5	72.1	8.2	8.2	
32.8	52.4	67.2	0.8	
3.2	35.2	3.2	25.4	
-16.4	42.6	3.2	0.8	
-36.1	27.8	-18.9	-21.4	
-26.3	13.1	50.0	-33.7	
-11.5	35.2	177.9	-33.7	
-23.8	27.8	148.4	-28.7	
-75.5	27.8	20.5	-1.7	
-109.9	42.6	5.7	-4.1	
-77.9	47.5	52.4	-18.9	
-58.3	22.9	-171.4	-21.4	
10.6	27.8	-296.9	-14.0	
69.7	-4.1	-112.4	3.2	
79.5	-1.7	-58.3	5.7	
96.7	15.5	40.1	5.7	
91.8	37.7	59.8	8.2	
64.7	18.0	207.4	3.2	
59.8	0.8	234.5	3.2	
50.0	-6.6	205.0	0.8	
37.7	-6.6	200.0	-1.7	
13.1	5.7	222.2	-18.9	
3.2	40.1	229.6	-26.3	
-4.1	30.3	168.1	-41.0	
-41.0	45.1	-87.8	-28.7	
-50.9	57.4	-498.6	-6.6	
-43.5	59.8	-651.1	-9.1	
-9.1	35.2	-395.3	0.8	
13.1	18.0	-176.3	5.7	
3.2	-21.4	-154.2	-1.7	
-77.9	-43.5	-237.8	-6.6	
-65.6	-18.9	-186.2	-4.1	
-4.1	0.8	-58.3	0.8	
50.0	-4.1	8.2	0.8	
94.3	30.3	52.4	15.5	
45.1	42.6	64.7	8.2	
-33.7	25.4	67.2	-28.7	
-48.4	-53.3	128.7	-38.6	
-21.4	-161.6	116.4	-21.4	
27.8	-164.0	116.4	-6.6	
84.4	-100.1	136.1	18.0	
27.8	-41.0	116.4	47.5	
-85.3	22.9	77.0	50.0	
-132.1	96.7	67.2	35.2	
-119.8	185.3	22.9	40.1	
-38.6	205.0	18.0	50.0	
82.0	168.1	86.9	37.7	
113.9	96.7	158.2	0.8	
104.1	69.7	200.0	-23.8	
91.8	99.2	195.1	-55.8	
-14.0	113.9	185.3	-156.7	
-36.1	131.2	59.8	-156.7	
27.8	131.2	40.1	3.2	
-16.4	109.0	-38.6	35.2	
-41.0	106.6	-137.0	-60.7	
-11.5	77.0	-139.4	-50.9	
59.8	42.6	-26.3	47.5	
123.8	42.6	-14.0	62.3	
99.2	50.0	-16.4	42.6	
-48.4	8.2	-48.4	79.5	
-50.9	-73.0	-149.3	82.0	
18.0	-92.7	-122.2	0.8	
128.7	-75.5	25.4	-23.8	
227.1	-92.7	74.6	-28.7	
168.1	-92.7	155.8	-9.1	
59.8	-60.7	185.3	5.7	
3.2	-33.7	271.4	-1.7	
-53.3	18.0	246.8	5.7	
-70.6	84.4	91.8	35.2	
-31.2	116.4	-38.6	50.0	
-33.7	69.7	-188.6	42.6	
-23.8	74.6	-294.4	18.0	
22.9	77.0	-82.9	-23.8	
84.4	104.1	42.6	-43.5	
74.6	118.9	50.0	-46.0	
101.6	141.0	-4.1	-4.1	
96.7	148.4	96.7	15.5	
-1.7	118.9	163.1	15.5	
-73.0	69.7	190.2	-1.7	
-119.8	-28.7	244.3	-6.6	
-65.6	-46.0	101.6	22.9	
5.7	3.2	3.2	22.9	
59.8	20.5	62.3	8.2	
35.2	35.2	264.0	0.8	
-1.7	22.9	332.9	-9.1	
35.2	5.7	335.3	-16.4	
59.8	0.8	244.3	-9.1	
74.6	-26.3	-55.8	3.2	
106.6	-60.7	-378.1	-1.7	
94.3	-36.1	-444.5	15.5	
69.7	15.5	-476.5	18.0	
74.6	42.6	-606.8	25.4	
54.9	10.6	-729.8	15.5	
64.7	-11.5	-530.6	25.4	
30.3	-55.8	-237.8	50.0	
10.6	-77.9	-55.8	3.2	
-28.7	-151.7	50.0	15.5	
-26.3	-181.3	47.5	27.8	
-1.7	-129.6	32.8	5.7	
0.8	-73.0	27.8	5.7	
-6.6	-31.2	84.4	20.5	
8.2	86.9	160.7	27.8	
22.9	145.9	200.0	35.2	
20.5	185.3	234.5	35.2	
-14.0	205.0	192.7	3.2	
-14.0	190.2	214.8	-9.1	
-14.0	175.4	249.2	3.2	
0.8	141.0	187.7	-14.0	
-4.1	111.5	128.7	15.5	
-11.5	84.4	13.1	18.0	
-18.9	62.3	-21.4	25.4	
-18.9	74.6	-43.5	32.8	
15.5	50.0	-31.2	30.3	
37.7	15.5	-122.2	22.9	
37.7	-4.1	-159.1	5.7	
-4.1	-4.1	-129.6	-26.3	
-46.0	13.1	-97.6	-14.0	
-21.4	22.9	-41.0	-4.1	
-11.5	35.2	-14.0	5.7	
57.4	20.5	-4.1	18.0	
94.3	18.0	-4.1	27.8	
106.6	52.4	180.4	25.4	
59.8	62.3	249.2	25.4	
-4.1	22.9	374.7	18.0	
-105.0	-4.1	323.0	-4.1	
-127.1	-48.4	300.9	-28.7	
-105.0	-21.4	278.8	-31.2	
-55.8	22.9	192.7	-16.4	
30.3	52.4	-146.8	50.0	
89.3	62.3	-395.3	163.1	
145.9	86.9	-260.0	47.5	
182.8	89.3	-134.5	15.5	
136.1	104.1	-75.5	15.5	
84.4	52.4	-82.9	0.8	
-9.1	8.2	-97.6	10.6	
-97.6	13.1	-105.0	5.7	
-85.3	18.0	-188.6	5.7	
-36.1	15.5	-151.7	-9.1	
37.7	8.2	32.8	-9.1	
106.6	25.4	86.9	18.0	
79.5	32.8	160.7	25.4	
-18.9	5.7	259.1	40.1	
-144.4	-1.7	310.7	57.4	
-210.8	8.2	296.0	59.8	
-173.9	8.2	291.1	72.1	
-97.6	-1.7	101.6	104.1	
27.8	13.1	-159.1	54.9	
133.6	30.3	-407.6	-9.1	
160.7	10.6	-510.9	-31.2	
104.1	-1.7	-557.6	-63.2	
30.3	13.1	-353.5	-75.5	
18.0	-75.5	-220.6	-53.3	
72.1	-28.7	-60.7	-9.1	
64.7	59.8	25.4	-14.0	
57.4	45.1	15.5	13.1	
47.5	-11.5	-18.9	91.8	
5.7	-18.9	-18.9	190.2	
86.9	30.3	5.7	57.4	
232.0	32.8	52.4	-9.1	
195.1	37.7	72.1	-65.6	
173.0	35.2	40.1	-134.5	
79.5	40.1	74.6	-105.0	
57.4	64.7	160.7	50.0	
3.2	20.5	355.0	32.8	
-82.9	-4.1	512.5	-11.5	
-144.4	-9.1	514.9	8.2	
-129.6	-6.6	369.8	52.4	
-80.4	-11.5	313.2	45.1	
3.2	-14.0	155.8	25.4	
84.4	20.5	42.6	0.8	
72.1	69.7	-139.4	0.8	
5.7	121.3	-464.2	-14.0	
-1.7	148.4	-446.9	0.8	
30.3	121.3	-348.5	-1.7	
109.0	37.7	-178.8	27.8	
168.1	-9.1	-73.0	22.9	
91.8	-1.7	-23.8	18.0	
-43.5	-33.7	54.9	8.2	
-55.8	-109.9	25.4	-9.1	
-58.3	-109.9	-55.8	5.7	
-82.9	-60.7	-173.9	42.6	
-90.2	25.4	-43.5	45.1	
-6.6	79.5	160.7	30.3	
123.8	84.4	180.4	30.3	
118.9	64.7	170.5	27.8	
37.7	27.8	244.3	13.1	
57.4	20.5	320.6	-9.1	
69.7	-6.6	278.8	-23.8	
59.8	20.5	207.4	-11.5	
57.4	77.0	111.5	8.2	
74.6	121.3	35.2	3.2	
86.9	77.0	72.1	3.2	
89.3	116.4	109.0	5.7	
59.8	116.4	-11.5	3.2	
37.7	89.3	42.6	5.7	
-4.1	91.8	219.7	27.8	
-70.6	74.6	276.3	18.0	
-134.5	42.6	-14.0	-11.5	
-127.1	37.7	-203.4	-28.7	
-109.9	15.5	-252.6	-11.5	
-55.8	22.9	-173.9	5.7	
40.1	25.4	-82.9	10.6	
57.4	27.8	-100.1	10.6	
91.8	5.7	25.4	10.6	
54.9	-11.5	99.2	-4.1	
-50.9	15.5	229.6	-16.4	
-188.6	27.8	291.1	0.8	
-269.8	42.6	232.0	3.2	
-245.2	57.4	-9.1	-6.6	
-169.0	59.8	-449.4	0.8	
-4.1	69.7	-412.5	15.5	
106.6	47.5	-341.2	22.9	
160.7	15.5	-471.5	35.2	
303.4	-14.0	-496.1	8.2	
288.6	18.0	-417.4	-36.1	
155.8	27.8	-269.8	-53.3	
32.8	25.4	-38.6	-33.7	
-53.3	42.6	337.8	-23.8	
-41.0	37.7	411.6	-16.4	
3.2	69.7	345.2	-36.1	
86.9	59.8	355.0	-55.8	
163.1	35.2	423.9	-31.2	
96.7	40.1	332.9	-21.4	
59.8	40.1	246.8	-16.4	
18.0	20.5	-1.7	-18.9	
-53.3	5.7	-319.0	20.5	
-73.0	30.3	-469.1	32.8	
-97.6	22.9	-410.0	62.3	
-41.0	18.0	-346.1	42.6	
25.4	32.8	-176.3	-14.0	
64.7	13.1	20.5	-48.4	
74.6	22.9	96.7	-46.0	
0.8	32.8	187.7	-18.9	
-4.1	27.8	192.7	-4.1	
-23.8	22.9	79.5	-11.5	
-14.0	25.4	244.3	-31.2	
-18.9	22.9	241.9	-38.6	
-9.1	42.6	190.2	-9.1	
-1.7	22.9	-36.1	15.5	
-58.3	32.8	-139.4	59.8	
-196.0	45.1	-127.1	22.9	
-215.7	13.1	141.0	-18.9	
-181.3	27.8	359.9	10.6	
-82.9	40.1	310.7	118.9	
18.0	27.8	288.6	106.6	
187.7	20.5	227.1	18.0	
254.2	18.0	195.1	-102.5	
187.7	22.9	113.9	-82.9	
190.2	45.1	-200.9	-16.4	
200.0	52.4	-675.7	3.2	
150.8	18.0	-897.1	27.8	
45.1	10.6	-609.3	30.3	
-14.0	-11.5	-338.7	5.7	
-53.3	-16.4	-48.4	8.2	
-60.7	3.2	121.3	15.5	
-48.4	22.9	192.7	25.4	
-33.7	25.4	217.3	5.7	
-38.6	27.8	155.8	-9.1	
-31.2	20.5	118.9	-1.7	
-9.1	20.5	64.7	-9.1	
5.7	32.8	-82.9	-6.6	
25.4	40.1	-73.0	-23.8	
52.4	52.4	-129.6	-26.3	
15.5	74.6	-191.1	-1.7	
-21.4	64.7	-196.0	18.0	
-26.3	10.6	-9.1	10.6	
-14.0	-11.5	205.0	-1.7	
22.9	-1.7	396.8	-4.1	
62.3	-11.5	305.8	13.1	
141.0	30.3	300.9	5.7	
118.9	30.3	404.2	-4.1	
40.1	27.8	293.5	-1.7	
-14.0	37.7	5.7	8.2	
-77.9	15.5	-181.3	-1.7	
-82.9	22.9	-264.9	-1.7	
-53.3	37.7	-262.4	-6.6	
-28.7	30.3	-287.0	3.2	
-1.7	30.3	-205.9	-1.7	
-1.7	42.6	72.1	-4.1	
-46.0	25.4	212.3	18.0	
-38.6	22.9	222.2	15.5	
10.6	22.9	276.3	10.6	
84.4	-18.9	163.1	3.2	
99.2	-63.2	200.0	-4.1	
35.2	-63.2	209.9	-9.1	
-55.8	-21.4	116.4	-9.1	
-85.3	-1.7	-186.2	-21.4	
-23.8	10.6	-355.9	3.2	
77.0	30.3	-228.0	8.2	
217.3	30.3	-294.4	0.8	
224.6	45.1	-282.1	-4.1	
109.0	64.7	-26.3	13.1	
89.3	64.7	35.2	5.7	
91.8	47.5	0.8	18.0	
54.9	37.7	18.0	-6.6	
-11.5	72.1	82.0	-23.8	
-75.5	50.0	-21.4	-16.4	
-55.8	-58.3	-55.8	-9.1	
-1.7	-55.8	99.2	-9.1	
52.4	20.5	109.0	-9.1	
77.0	52.4	101.6	-9.1	
64.7	82.0	82.0	-14.0	
54.9	101.6	40.1	-18.9	
35.2	94.3	-68.1	-9.1	
-11.5	79.5	-132.1	-14.0	
-21.4	77.0	-87.8	-11.5	
-23.8	50.0	-28.7	-28.7	
-50.9	37.7	-80.4	-26.3	
-31.2	35.2	-196.0	-21.4	
-60.7	45.1	-127.1	-4.1	
-70.6	45.1	-1.7	-1.7	
-43.5	82.0	-16.4	-14.0	
-21.4	89.3	-41.0	-18.9	
-1.7	89.3	-33.7	-28.7	
-36.1	82.0	-21.4	-28.7	
-63.2	111.5	35.2	-23.8	
-82.9	101.6	91.8	-28.7	
-9.1	79.5	40.1	-23.8	
126.2	25.4	-60.7	-21.4	
182.8	-21.4	-73.0	-11.5	
165.6	-38.6	15.5	-6.6	
91.8	-36.1	244.3	10.6	
13.1	-60.7	288.6	15.5	
-48.4	-85.3	330.4	20.5	
-122.2	-85.3	337.8	18.0	
-171.4	-95.2	313.2	15.5	
-191.1	-87.8	106.6	-4.1	
-169.0	-95.2	-16.4	-100.1	
-105.0	-60.7	-220.6	-87.8	
-4.1	13.1	-262.4	-58.3	
150.8	64.7	-16.4	-46.0	
116.4	84.4	-14.0	-58.3	
40.1	111.5	94.3	-75.5	
-43.5	138.5	337.8	-60.7	
-90.2	121.3	778.1	0.8	
-95.2	91.8	940.5	3.2	
-48.4	64.7	778.1	-23.8	
-23.8	42.6	345.2	-58.3	
89.3	30.3	40.1	-63.2	
273.8	27.8	-164.0	-23.8	
281.2	25.4	-547.8	-31.2	
234.5	22.9	-764.3	-43.5	
251.7	30.3	-875.0	-48.4	
229.6	22.9	-646.2	-36.1	
128.7	22.9	-292.0	-23.8	
57.4	35.2	-53.3	-21.4	
77.0	30.3	-87.8	-36.1	
57.4	20.5	-141.9	-65.6	
64.7	15.5	-124.7	-58.3	
10.6	3.2	-134.5	-41.0	
-50.9	3.2	-1.7	-31.2	
-68.1	27.8	168.1	-41.0	
-82.9	59.8	158.2	-80.4	
-100.1	62.3	273.8	-77.9	
-75.5	42.6	236.9	-55.8	
-28.7	-4.1	177.9	-33.7	
-9.1	-1.7	99.2	-46.0	
37.7	0.8	10.6	-46.0	
113.9	13.1	-97.6	-53.3	
106.6	40.1	-230.5	-80.4	
25.4	57.4	-173.9	-63.2	
-14.0	74.6	-85.3	-68.1	
-31.2	82.0	-16.4	-55.8	
5.7	35.2	50.0	-63.2	
62.3	27.8	79.5	-63.2	
20.5	20.5	101.6	-68.1	
-105.0	18.0	123.8	-65.6	
-107.5	-16.4	89.3	-58.3	
-58.3	-28.7	25.4	-60.7	
-31.2	-11.5	-85.3	-70.6	
37.7	22.9	-85.3	-85.3	
94.3	35.2	-31.2	-53.3	
30.3	35.2	35.2	-58.3	
57.4	30.3	47.5	-53.3	
74.6	-4.1	-63.2	-65.6	
10.6	-63.2	-50.9	-50.9	
-43.5	-33.7	30.3	-48.4	
-60.7	0.8	128.7	-46.0	
-77.9	30.3	118.9	-33.7	
-21.4	79.5	91.8	-33.7	
54.9	118.9	22.9	-28.7	
74.6	113.9	-149.3	-50.9	
82.0	106.6	-156.7	-53.3	
99.2	89.3	-38.6	-68.1	
47.5	57.4	-92.7	-53.3	
-9.1	32.8	-36.1	-95.2	
-16.4	-6.6	-38.6	-90.2	
-1.7	-41.0	74.6	-68.1	
-4.1	-73.0	160.7	-65.6	
-16.4	-70.6	86.9	-58.3	
-18.9	0.8	15.5	-58.3	
-31.2	22.9	-92.7	-43.5	
-87.8	59.8	-277.2	-41.0	
-68.1	62.3	-31.2	-53.3	
0.8	57.4	239.4	-48.4	
77.0	42.6	480.5	-63.2	
116.4	40.1	495.2	-70.6	
50.0	62.3	426.4	-46.0	
8.2	67.2	374.7	-48.4	
5.7	42.6	337.8	-33.7	
-9.1	52.4	-166.5	-43.5	
-33.7	42.6	-592.1	-46.0	
-31.2	37.7	-574.9	-31.2	
-18.9	32.8	-375.6	-18.9	
10.6	22.9	-338.7	-43.5	
47.5	22.9	-252.6	-46.0	
45.1	32.8	-203.4	-46.0	
35.2	54.9	-149.3	-60.7	
18.0	27.8	-134.5	-53.3	
-1.7	27.8	-124.7	-41.0	
-38.6	18.0	-26.3	-41.0	
-53.3	18.0	84.4	-38.6	
-97.6	22.9	241.9	-33.7	
-129.6	18.0	254.2	-48.4	
-139.4	20.5	232.0	-53.3	
-100.1	27.8	131.2	-43.5	
-75.5	30.3	86.9	-38.6	
30.3	42.6	50.0	-31.2	
59.8	40.1	-119.8	-28.7	
148.4	30.3	-124.7	-21.4	
207.4	40.1	57.4	-55.8	
170.5	47.5	109.0	-50.9	
128.7	62.3	251.7	-38.6	
131.2	42.6	308.3	-43.5	
96.7	45.1	261.5	-41.0	
64.7	59.8	143.5	-73.0	
40.1	50.0	35.2	-55.8	
-1.7	32.8	187.7	-55.8	
-36.1	-6.6	136.1	-38.6	
-97.6	15.5	-230.5	-55.8	
-203.4	32.8	-387.9	-41.0	
-232.9	25.4	-257.5	-38.6	
-176.3	5.7	116.4	-26.3	
-82.9	5.7	190.2	-4.1	
-55.8	5.7	145.9	-28.7	
69.7	27.8	52.4	-53.3	
170.5	62.3	128.7	-75.5	
182.8	57.4	50.0	-68.1	
180.4	25.4	-48.4	-75.5	
222.2	27.8	-262.4	-41.0	
264.0	22.9	-242.8	-23.8	
155.8	-9.1	-11.5	-28.7	
3.2	-63.2	160.7	-50.9	
-90.2	-77.9	109.0	-63.2	
-119.8	-58.3	20.5	-53.3	
-73.0	0.8	182.8	-53.3	
-33.7	27.8	337.8	-33.7	
-18.9	59.8	278.8	-33.7	
-18.9	91.8	266.5	-33.7	
37.7	111.5	268.9	-43.5	
67.2	94.3	350.1	-53.3	
57.4	45.1	379.6	-53.3	
62.3	8.2	283.7	-53.3	
50.0	25.4	190.2	-53.3	
42.6	27.8	355.0	-48.4	
35.2	45.1	433.7	-31.2	
72.1	30.3	328.0	-23.8	
47.5	30.3	104.1	-26.3	
13.1	20.5	-277.2	-31.2	
8.2	32.8	-348.5	-60.7	
3.2	42.6	-139.4	-92.7	
10.6	32.8	-264.9	-82.9	
3.2	32.8	-656.0	-60.7	
-9.1	18.0	-879.9	-9.1	
-16.4	10.6	-911.9	-36.1	
-43.5	-6.6	-729.8	-43.5	
-55.8	0.8	-444.5	-46.0	
-53.3	-9.1	-200.9	-23.8	
8.2	13.1	-151.7	-16.4	
35.2	40.1	-73.0	-21.4	
20.5	54.9	123.8	-41.0	
5.7	54.9	185.3	-53.3	
-63.2	64.7	372.2	-73.0	
-134.5	62.3	387.0	-55.8	
-129.6	42.6	209.9	-50.9	
-53.3	35.2	141.0	-50.9	
52.4	67.2	138.5	-43.5	
84.4	-1.7	82.0	-55.8	
79.5	-90.2	138.5	-55.8	
111.5	-100.1	153.3	-53.3	
123.8	-90.2	224.6	-46.0	
91.8	-33.7	222.2	-50.9	
13.1	-1.7	141.0	-33.7	
-1.7	30.3	190.2	-28.7	
5.7	84.4	214.8	-28.7	
5.7	113.9	249.2	-9.1	
-28.7	101.6	288.6	-21.4	
-31.2	84.4	163.1	-41.0	
-11.5	47.5	-203.4	-58.3	
25.4	45.1	-569.9	-53.3	
45.1	69.7	-442.0	-41.0	
3.2	77.0	-171.4	-36.1	
-38.6	54.9	-70.6	-23.8	
-80.4	62.3	50.0	-38.6	
-137.0	72.1	-11.5	-50.9	
-188.6	54.9	-77.9	-65.6	
-169.0	64.7	-26.3	-55.8	
-11.5	59.8	-48.4	-48.4	
94.3	42.6	-31.2	-36.1	
133.6	59.8	-87.8	-46.0	
118.9	64.7	-196.0	-36.1	
104.1	32.8	84.4	-41.0	
79.5	-6.6	195.1	-23.8	
72.1	0.8	200.0	-18.9	
101.6	-26.3	325.5	-43.5	
118.9	-50.9	347.6	-60.7	
126.2	-58.3	310.7	-75.5	
141.0	-33.7	153.3	-90.2	
101.6	3.2	-260.0	-70.6	
35.2	5.7	-252.6	-36.1	
-14.0	35.2	13.1	-33.7	
-90.2	40.1	158.2	-50.9	
-112.4	15.5	197.6	-43.5	
-82.9	5.7	42.6	-36.1	
-36.1	-18.9	-137.0	-36.1	
27.8	-23.8	-159.1	-48.4	
106.6	-4.1	-95.2	-46.0	
121.3	-11.5	-85.3	-70.6	
94.3	42.6	52.4	-75.5	
47.5	45.1	-1.7	-50.9	
32.8	20.5	62.3	-41.0	
-23.8	40.1	150.8	-46.0	
-90.2	45.1	52.4	-38.6	
-112.4	52.4	-21.4	-53.3	
-97.6	72.1	62.3	-41.0	
-68.1	62.3	-68.1	-46.0	
13.1	72.1	-198.5	-46.0	
94.3	77.0	-127.1	-43.5	
37.7	84.4	121.3	-41.0	
-53.3	84.4	340.3	-46.0	
-146.8	62.3	478.0	-43.5	
-215.7	35.2	446.0	-36.1	
-166.5	18.0	443.6	-50.9	
-58.3	40.1	387.0	-60.7	
64.7	72.1	79.5	-68.1	
141.0	20.5	-1.7	-75.5	
264.0	13.1	-235.4	-68.1	
313.2	67.2	-631.4	-73.0	
261.5	59.8	-621.6	-55.8	
153.3	59.8	-734.8	-50.9	
84.4	5.7	-717.5	-41.0	
54.9	20.5	-306.7	-36.1	
30.3	67.2	3.2	-23.8	
10.6	37.7	222.2	-21.4	
-1.7	3.2	367.3	-21.4	
-9.1	-23.8	384.5	-46.0	
-75.5	-46.0	200.0	-60.7	
-151.7	-1.7	5.7	-70.6	
-159.1	10.6	-127.1	-41.0	
-151.7	27.8	84.4	-23.8	
-156.7	37.7	69.7	-16.4	
-223.1	57.4	106.6	-43.5	
-274.7	59.8	256.6	-75.5	
-198.5	50.0	436.2	-77.9	
-23.8	25.4	448.5	-77.9	
187.7	32.8	-6.6	-58.3	
387.0	35.2	-213.2	-50.9	
441.1	27.8	-28.7	-43.5	
305.8	25.4	416.5	-53.3	
205.0	32.8	667.4	-36.1	
160.7	54.9	731.4	-38.6	
91.8	54.9	379.6	-46.0	
37.7	74.6	10.6	-41.0	
15.5	52.4	-311.6	-38.6	
0.8	27.8	-601.9	-28.7	
-18.9	5.7	-882.4	-38.6	
-26.3	-9.1	-1012.7	-31.2	
-14.0	-21.4	-784.0	-33.7	
-14.0	-21.4	-471.5	-75.5	
-9.1	-41.0	-284.6	-70.6	
-14.0	-18.9	32.8	-36.1	
-41.0	18.0	195.1	-28.7	
-85.3	59.8	406.7	-21.4	
-100.1	74.6	549.4	-16.4	
-105.0	62.3	792.9	-31.2	
-92.7	54.9	935.6	-23.8	
-63.2	47.5	780.6	-28.7	
-16.4	64.7	113.9	-68.1	
42.6	50.0	-70.6	-85.3	
67.2	54.9	-122.2	-90.2	
62.3	47.5	-294.4	-41.0	
77.0	45.1	-481.4	-36.1	
109.0	35.2	-665.9	-28.7	
82.0	27.8	-729.8	-18.9	
50.0	42.6	-540.4	-23.8	
27.8	22.9	-348.5	-41.0	
0.8	15.5	-294.4	-43.5	
8.2	10.6	-166.5	-36.1	
-1.7	8.2	-58.3	-33.7	
5.7	-4.1	-60.7	-46.0	
-33.7	8.2	-65.6	-41.0	
-68.1	10.6	54.9	-46.0	
-53.3	25.4	131.2	-46.0	
-55.8	15.5	99.2	-36.1	
-21.4	30.3	89.3	-28.7	
8.2	42.6	182.8	-41.0	
42.6	32.8	155.8	-36.1	
72.1	30.3	219.7	-33.7	
62.3	35.2	259.1	-41.0	
54.9	37.7	187.7	-50.9	
62.3	35.2	205.0	-48.4	
74.6	25.4	131.2	-48.4	
45.1	27.8	-18.9	-36.1	
37.7	25.4	-73.0	-28.7	
18.0	25.4	121.3	-16.4	
-9.1	32.8	278.8	-31.2	
-1.7	45.1	308.3	-33.7	
-11.5	72.1	246.8	-33.7	
-14.0	72.1	268.9	-43.5	
-11.5	42.6	364.9	-33.7	
-1.7	40.1	-6.6	-26.3	
-1.7	5.7	-513.4	-16.4	
-1.7	-9.1	-720.0	-16.4	
-9.1	-23.8	-383.0	-14.0	
-18.9	-9.1	-119.8	-28.7	
-18.9	5.7	-85.3	-48.4	
-16.4	27.8	-63.2	-58.3	
0.8	20.5	-80.4	-31.2	
5.7	32.8	-141.9	-6.6	
15.5	22.9	-188.6	13.1	
37.7	20.5	-178.8	-11.5	
40.1	22.9	-134.5	-48.4	
27.8	35.2	15.5	-70.6	
18.0	42.6	276.3	-60.7	
22.9	54.9	377.2	-43.5	
15.5	54.9	423.9	-23.8	
5.7	18.0	468.2	-36.1	
5.7	18.0	394.4	-41.0	
10.6	25.4	-82.9	-38.6	
8.2	22.9	-328.9	-28.7	
5.7	22.9	-466.6	-38.6	
3.2	25.4	-491.2	-43.5	
-11.5	18.0	-277.2	-46.0	
-1.7	27.8	-31.2	-26.3	
0.8	20.5	180.4	-21.4	
18.0	32.8	175.4	-23.8	
10.6	30.3	153.3	-11.5	
-16.4	15.5	-9.1	-26.3	
3.2	-28.7	-53.3	-43.5	
0.8	-38.6	64.7	-43.5	
18.0	-9.1	59.8	-46.0	
18.0	25.4	-38.6	-33.7	
30.3	54.9	20.5	-53.3	
37.7	79.5	62.3	-41.0	
27.8	79.5	27.8	-23.8	
3.2	54.9	45.1	-21.4	
3.2	42.6	-58.3	-31.2	
3.2	32.8	-73.0	-33.7	
5.7	13.1	-33.7	-26.3	
15.5	8.2	-107.5	-14.0	
15.5	30.3	-58.3	-14.0	
13.1	18.0	-1.7	-26.3	
3.2	20.5	224.6	-31.2	
-23.8	35.2	455.9	-43.5	
-18.9	57.4	490.3	-41.0	
-33.7	50.0	362.4	-31.2	
-21.4	40.1	350.1	-18.9	
18.0	15.5	352.6	-41.0	
50.0	-1.7	145.9	-53.3	
20.5	-23.8	-279.7	-55.8	
-11.5	-21.4	-449.4	-38.6	
-16.4	-9.1	-444.5	-26.3	
0.8	27.8	-272.3	-31.2	
-1.7	-1.7	-203.4	-26.3	
54.9	-23.8	-146.8	-38.6	
67.2	-33.7	-154.2	-41.0	
54.9	0.8	-75.5	-48.4	
45.1	25.4	57.4	-38.6	
5.7	62.3	118.9	-58.3	
-21.4	45.1	128.7	-28.7	
-14.0	47.5	141.0	-36.1	
-26.3	47.5	94.3	-31.2	
-21.4	47.5	-1.7	-23.8	
-1.7	62.3	-90.2	-41.0	
8.2	54.9	-127.1	-28.7	
13.1	77.0	-90.2	-16.4	
18.0	91.8	-146.8	-9.1	
-14.0	47.5	-173.9	-28.7	
-87.8	35.2	-149.3	-48.4	
-119.8	22.9	-87.8	-41.0	
-119.8	-1.7	-31.2	-48.4	
-100.1	3.2	-1.7	-26.3	
-11.5	42.6	177.9	-26.3	
126.2	32.8	264.0	-21.4	
207.4	32.8	318.1	-28.7	
229.6	32.8	305.8	-46.0	
165.6	30.3	145.9	-41.0	
126.2	45.1	209.9	-48.4	
77.0	57.4	202.5	-18.9	
32.8	37.7	82.0	-28.7	
42.6	37.7	5.7	-50.9	
-16.4	27.8	-14.0	-50.9	
-63.2	18.0	-9.1	-50.9	
-73.0	15.5	-28.7	-41.0	
-43.5	22.9	-395.3	-48.4	
-31.2	22.9	-523.2	-48.4	
-28.7	25.4	-331.3	-28.7	
5.7	27.8	-198.5	-26.3	
32.8	42.6	-137.0	-16.4	
50.0	64.7	-70.6	-16.4	
22.9	67.2	-41.0	-23.8	
-1.7	64.7	0.8	-18.9	
-1.7	50.0	59.8	-14.0	
-11.5	86.9	15.5	-21.4	
-38.6	40.1	30.3	-23.8	
-38.6	3.2	69.7	-26.3	
8.2	-41.0	104.1	-36.1	
18.0	-36.1	69.7	-14.0	
37.7	18.0	42.6	5.7	
62.3	50.0	32.8	-4.1	
62.3	35.2	86.9	-41.0	
82.0	32.8	170.5	-38.6	
126.2	32.8	69.7	-36.1	
126.2	25.4	-23.8	-16.4	
52.4	22.9	-141.9	-14.0	
-9.1	10.6	27.8	-21.4	
-21.4	3.2	214.8	-9.1	
-63.2	10.6	249.2	-43.5	
-46.0	22.9	106.6	-41.0	
-38.6	32.8	200.0	-38.6	
0.8	20.5	259.1	-46.0	
32.8	27.8	158.2	-6.6	
54.9	32.8	15.5	-21.4	
64.7	25.4	106.6	-28.7	
79.5	22.9	-63.2	-36.1	
67.2	20.5	-255.1	-46.0	
45.1	5.7	-247.7	-33.7	
22.9	18.0	-277.2	-41.0	
8.2	42.6	-210.8	-41.0	
-11.5	30.3	-102.5	-41.0	
3.2	32.8	-100.1	-41.0	
5.7	35.2	-53.3	-23.8	
0.8	37.7	22.9	-21.4	
-18.9	45.1	138.5	-11.5	
-28.7	45.1	173.0	8.2	
-23.8	35.2	205.0	-9.1	
-14.0	37.7	187.7	-38.6	
-11.5	40.1	138.5	-38.6	
-6.6	47.5	-87.8	-38.6	
-9.1	52.4	-166.5	-28.7	
-4.1	52.4	-137.0	-36.1	
-16.4	52.4	-156.7	-21.4	
-4.1	13.1	-213.2	-46.0	
-9.1	-33.7	-215.7	-50.9	
-16.4	-31.2	-164.0	-53.3	
3.2	-4.1	-6.6	-38.6	
13.1	13.1	37.7	-26.3	
30.3	27.8	42.6	-11.5	
8.2	32.8	57.4	-11.5	
-23.8	32.8	64.7	-28.7	
-26.3	30.3	82.0	-36.1	
-28.7	32.8	18.0	-28.7	
-16.4	37.7	-16.4	-21.4	
-1.7	20.5	-4.1	-9.1	
35.2	-9.1	62.3	-23.8	
47.5	5.7	50.0	-31.2	
47.5	8.2	37.7	-23.8	
37.7	18.0	205.0	-33.7	
47.5	47.5	564.1	-36.1	
5.7	59.8	524.8	-46.0	
-50.9	57.4	539.5	-36.1	
-48.4	74.6	583.8	-14.0	
-60.7	77.0	438.7	-31.2	
-85.3	77.0	-23.8	-14.0	
-55.8	64.7	-459.2	-23.8	
-9.1	67.2	-978.3	-16.4	
25.4	79.5	-759.4	-21.4	
-16.4	79.5	-341.2	-26.3	
-100.1	64.7	-193.6	-18.9	
-146.8	47.5	-161.6	-23.8	
-87.8	25.4	-122.2	-28.7	
-4.1	20.5	-105.0	-11.5	
67.2	-18.9	-65.6	0.8	
173.0	0.8	-1.7	-9.1	
185.3	-4.1	18.0	-14.0	
79.5	-23.8	25.4	-43.5	
-18.9	-9.1	131.2	-55.8	
-92.7	-4.1	86.9	-46.0	
-90.2	22.9	57.4	-26.3	
-18.9	52.4	86.9	-21.4	
50.0	59.8	8.2	-11.5	
148.4	57.4	-77.9	-16.4	
187.7	40.1	-43.5	-6.6	
236.9	52.4	123.8	3.2	
209.9	52.4	325.5	-6.6	
148.4	52.4	414.1	-21.4	
121.3	35.2	389.5	-23.8	
74.6	42.6	185.3	-28.7	
54.9	25.4	15.5	-36.1	
45.1	25.4	-73.0	-36.1	
67.2	52.4	-282.1	-23.8	
50.0	52.4	-213.2	-11.5	
3.2	54.9	-28.7	-23.8	
-16.4	32.8	67.2	-16.4	
-21.4	0.8	143.5	-31.2	
-1.7	8.2	165.6	-43.5	
-11.5	35.2	106.6	-11.5	
8.2	72.1	-33.7	-16.4	
37.7	64.7	32.8	-1.7	
20.5	52.4	99.2	-14.0	
-16.4	22.9	27.8	-14.0	
-28.7	-14.0	-173.9	-4.1	
-53.3	-4.1	-240.3	-11.5	
-41.0	8.2	-240.3	-46.0	
-21.4	32.8	-210.8	-60.7	
-14.0	25.4	-166.5	-46.0	
37.7	13.1	-169.0	-28.7	
54.9	-26.3	-112.4	-18.9	
54.9	-31.2	-92.7	-9.1	
67.2	-21.4	-90.2	-9.1	
45.1	-21.4	-63.2	-14.0	
25.4	-23.8	-28.7	-9.1	
5.7	-43.5	5.7	0.8	
-6.6	-26.3	57.4	-9.1	
-4.1	-41.0	96.7	-18.9	
-18.9	-63.2	82.0	-18.9	
-1.7	-95.2	54.9	-11.5	
-18.9	-48.4	74.6	-16.4	
-41.0	-21.4	104.1	-9.1	
-43.5	25.4	163.1	-9.1	
-38.6	109.0	234.5	-16.4	
-33.7	104.1	239.4	-16.4	
-28.7	118.9	131.2	5.7	
-26.3	148.4	133.6	18.0	
-18.9	136.1	168.1	13.1	
3.2	77.0	84.4	8.2	
20.5	101.6	212.3	-1.7	
15.5	79.5	328.0	-4.1	
20.5	74.6	438.7	-48.4	
8.2	82.0	596.1	-85.3	
-23.8	64.7	273.8	-68.1	
-6.6	67.2	-338.7	-33.7	
13.1	84.4	-319.0	-18.9	
50.0	72.1	-245.2	-26.3	
79.5	82.0	-173.9	-23.8	
77.0	74.6	-341.2	-18.9	
77.0	64.7	-419.9	-6.6	
54.9	62.3	-277.2	0.8	
15.5	89.3	-215.7	3.2	
0.8	64.7	-169.0	-16.4	
-14.0	37.7	-109.9	-14.0	
-18.9	8.2	-21.4	-21.4	
-16.4	5.7	62.3	-31.2	
-18.9	8.2	133.6	-38.6	
-11.5	22.9	84.4	-31.2	
8.2	10.6	106.6	-26.3	
-9.1	10.6	45.1	-23.8	
-6.6	5.7	-9.1	-14.0	
-9.1	5.7	200.0	8.2	
20.5	8.2	296.0	-6.6	
13.1	15.5	305.8	-6.6	
-1.7	52.4	345.2	-6.6	
-1.7	72.1	118.9	-23.8	
3.2	50.0	-102.5	-16.4	
18.0	-1.7	-191.1	-18.9	
35.2	-46.0	-346.1	-23.8	
57.4	-4.1	-264.9	-28.7	
57.4	3.2	-166.5	-18.9	
50.0	15.5	3.2	-16.4	
52.4	10.6	37.7	-4.1	
40.1	-18.9	89.3	-21.4	
22.9	10.6	-9.1	-14.0	
10.6	10.6	-215.7	-6.6	
8.2	18.0	-296.9	-9.1	
20.5	22.9	-296.9	-14.0	
20.5	20.5	-156.7	-4.1	
15.5	22.9	-36.1	-21.4	
3.2	5.7	91.8	-41.0	
3.2	10.6	94.3	-26.3	
0.8	8.2	77.0	-14.0	
18.0	-4.1	212.3	-14.0	
8.2	8.2	384.5	-18.9	
0.8	18.0	497.7	-1.7	
3.2	5.7	510.0	3.2	
5.7	-38.6	463.3	8.2	
5.7	-16.4	478.0	-9.1	
3.2	13.1	468.2	-1.7	
-9.1	25.4	170.5	8.2	
8.2	30.3	-355.9	-21.4	
8.2	30.3	-597.0	-60.7	
25.4	18.0	-459.2	-31.2	
-6.6	42.6	-321.5	-21.4	
-1.7	45.1	-230.5	-4.1	
-4.1	52.4	-127.1	10.6	
-1.7	30.3	-55.8	10.6	
-1.7	22.9	-36.1	-4.1	
5.7	37.7	-28.7	-14.0	
3.2	30.3	50.0	-11.5	
-6.6	52.4	-48.4	3.2	
0.8	35.2	-294.4	-14.0	
8.2	18.0	-360.8	-26.3	
-4.1	5.7	-294.4	-41.0	
-11.5	0.8	-137.0	-23.8	
-14.0	-9.1	42.6	-31.2	
-18.9	3.2	111.5	-14.0	
-1.7	3.2	219.7	-6.6	
-1.7	3.2	347.6	0.8	
-11.5	10.6	323.0	-1.7	
-1.7	32.8	209.9	8.2	
-18.9	62.3	45.1	5.7	
-33.7	45.1	64.7	5.7	
-36.1	69.7	200.0	-6.6	
-11.5	45.1	352.6	-11.5	
18.0	37.7	347.6	-21.4	
30.3	57.4	423.9	-14.0	
50.0	69.7	362.4	-21.4	
67.2	54.9	426.4	-9.1	
54.9	30.3	470.6	-11.5	
54.9	25.4	387.0	-4.1	
30.3	30.3	313.2	-6.6	
35.2	42.6	192.7	-9.1	
35.2	50.0	-166.5	10.6	
13.1	54.9	-405.1	25.4	
20.5	35.2	-533.0	37.7	
22.9	57.4	-574.9	37.7	
22.9	37.7	-429.7	30.3	
27.8	27.8	-309.2	8.2	
20.5	50.0	-314.1	-36.1	
13.1	72.1	-446.9	-33.7	
22.9	89.3	-459.2	-31.2	
22.9	5.7	-257.5	-36.1	
15.5	-77.9	-156.7	-21.4	
20.5	15.5	-240.3	-16.4	
20.5	62.3	-210.8	-14.0	
15.5	8.2	-95.2	10.6	
35.2	-21.4	-41.0	0.8	
30.3	10.6	-43.5	-4.1	
25.4	35.2	-36.1	-21.4	
30.3	27.8	123.8	-9.1	
8.2	22.9	190.2	18.0	
3.2	35.2	175.4	22.9	
10.6	25.4	185.3	8.2	
8.2	25.4	116.4	-14.0	
15.5	10.6	138.5	8.2	
0.8	22.9	138.5	3.2	
-9.1	22.9	126.2	13.1	
5.7	25.4	20.5	18.0	
-11.5	35.2	50.0	5.7	
0.8	22.9	116.4	3.2	
13.1	25.4	69.7	-4.1	
27.8	35.2	-43.5	-4.1	
27.8	15.5	-46.0	-6.6	
25.4	8.2	62.3	-18.9	
37.7	13.1	131.2	-16.4	
22.9	5.7	116.4	13.1	
37.7	35.2	59.8	18.0	
37.7	30.3	394.4	20.5	
32.8	32.8	660.1	15.5	
50.0	42.6	812.6	22.9	
52.4	40.1	736.3	20.5	
20.5	54.9	180.4	54.9	
18.0	62.3	-264.9	67.2	
32.8	77.0	-383.0	13.1	
13.1	64.7	-397.7	-80.4	
22.9	-1.7	-562.6	-63.2	
10.6	-28.7	-346.1	-50.9	
10.6	-21.4	-178.8	-28.7	
10.6	-9.1	-176.3	-21.4	
-6.6	5.7	-242.8	-28.7	
-9.1	27.8	-215.7	-14.0	
13.1	25.4	-245.2	15.5	
30.3	22.9	-220.6	18.0	
18.0	35.2	-154.2	5.7	
22.9	37.7	-16.4	50.0	
30.3	27.8	82.0	52.4	
18.0	32.8	96.7	-9.1	
37.7	57.4	82.0	-6.6	
18.0	32.8	224.6	18.0	
22.9	37.7	168.1	47.5	
20.5	27.8	50.0	54.9	
10.6	30.3	-73.0	27.8	
13.1	37.7	-129.6	-18.9	
15.5	25.4	-77.9	-33.7	
18.0	18.0	27.8	-23.8	
27.8	20.5	-92.7	-6.6	
8.2	62.3	15.5	3.2	
-9.1	64.7	77.0	-1.7	
13.1	40.1	-109.9	-11.5	
10.6	74.6	-274.7	-31.2	
3.2	37.7	-343.6	-33.7	
8.2	-9.1	-264.9	5.7	
5.7	-6.6	-149.3	40.1	
0.8	52.4	-38.6	62.3	
-4.1	57.4	82.0	27.8	
0.8	37.7	143.5	10.6	
0.8	45.1	185.3	-4.1	
0.8	3.2	42.6	-11.5	
13.1	-14.0	30.3	-16.4	
5.7	0.8	101.6	-109.9	
25.4	15.5	180.4	-149.3	
15.5	13.1	138.5	-102.5	
22.9	35.2	77.0	-68.1	
15.5	35.2	-1.7	-33.7	
22.9	27.8	-53.3	57.4	
18.0	15.5	47.5	50.0	
15.5	27.8	72.1	0.8	
13.1	50.0	45.1	86.9	
10.6	27.8	52.4	158.2	
13.1	-9.1	177.9	173.0	
15.5	-23.8	217.3	286.1	
8.2	27.8	470.6	207.4	
8.2	37.7	559.2	-109.9	
8.2	25.4	556.7	-235.4	
10.6	10.6	428.8	-267.4	
15.5	25.4	150.8	-186.2	
8.2	15.5	-85.3	3.2	
0.8	50.0	-260.0	165.6	
10.6	54.9	-210.8	256.6	
32.8	57.4	-218.2	148.4	
54.9	25.4	-77.9	37.7	
52.4	8.2	37.7	-28.7	
57.4	35.2	-112.4	-102.5	
37.7	35.2	-405.1	-87.8	
32.8	0.8	-535.5	-36.1	
42.6	18.0	-523.2	-14.0	
27.8	37.7	-358.4	-6.6	
18.0	62.3	-114.8	-9.1	
15.5	77.0	-41.0	-16.4	
0.8	37.7	-18.9	-33.7	
-6.6	15.5	-33.7	-41.0	
3.2	13.1	-122.2	-87.8	
13.1	5.7	-75.5	-107.5	
5.7	57.4	-36.1	-114.8	
22.9	84.4	-16.4	-114.8	
32.8	-4.1	-4.1	-90.2	
27.8	-4.1	25.4	-28.7	
20.5	0.8	72.1	10.6	
20.5	42.6	54.9	54.9	
-1.7	35.2	32.8	155.8	
-14.0	32.8	-21.4	236.9	
18.0	35.2	-36.1	121.3	
0.8	42.6	22.9	111.5	
-1.7	30.3	69.7	86.9	
-6.6	42.6	45.1	101.6	
-11.5	47.5	42.6	111.5	
-26.3	0.8	101.6	67.2	
-4.1	15.5	138.5	-46.0	
0.8	59.8	145.9	-105.0	
3.2	47.5	128.7	13.1	
22.9	22.9	128.7	-36.1	
18.0	37.7	118.9	-77.9	
18.0	57.4	94.3	-38.6	
18.0	64.7	-48.4	10.6	
10.6	62.3	-124.7	8.2	
8.2	35.2	32.8	-9.1	
25.4	18.0	148.4	-6.6	
25.4	3.2	251.7	0.8	
27.8	0.8	217.3	-1.7	
15.5	32.8	74.6	-11.5	
27.8	8.2	-14.0	-11.5	
25.4	54.9	47.5	-1.7	
32.8	89.3	15.5	10.6	
13.1	74.6	-240.3	5.7	
-1.7	42.6	-232.9	-4.1	
-23.8	13.1	-159.1	-11.5	
-9.1	-16.4	-63.2	-23.8	
-1.7	8.2	30.3	-41.0	
0.8	50.0	59.8	-63.2	
-1.7	69.7	163.1	-80.4	
5.7	22.9	170.5	-65.6	
22.9	-18.9	185.3	-36.1	
30.3	-18.9	111.5	-1.7	
20.5	52.4	-70.6	54.9	
25.4	67.2	-183.7	113.9	
22.9	37.7	-210.8	207.4	
22.9	30.3	-139.4	249.2	
27.8	32.8	-65.6	50.0	
22.9	22.9	72.1	-129.6	
22.9	22.9	104.1	-80.4	
25.4	27.8	116.4	-43.5	
18.0	18.0	180.4	0.8	
8.2	32.8	286.1	-63.2	
3.2	25.4	234.5	-14.0	
15.5	27.8	86.9	18.0	
40.1	22.9	136.1	25.4	
30.3	25.4	50.0	45.1	
25.4	25.4	-31.2	27.8	
15.5	40.1	-21.4	-23.8	
8.2	59.8	-65.6	-55.8	
10.6	35.2	-124.7	-14.0	
15.5	40.1	-161.6	-18.9	
25.4	18.0	-176.3	-68.1	
27.8	8.2	-154.2	-70.6	
22.9	10.6	-203.4	-43.5	
13.1	18.0	-257.5	-28.7	
15.5	42.6	-252.6	-41.0	
5.7	37.7	-139.4	-9.1	
-6.6	18.0	25.4	-11.5	
5.7	20.5	155.8	-1.7	
-9.1	35.2	145.9	-4.1	
18.0	27.8	126.2	-6.6	
20.5	25.4	54.9	-14.0	
8.2	40.1	113.9	-36.1	
13.1	37.7	54.9	-23.8	
22.9	52.4	-156.7	-26.3	
20.5	42.6	-225.5	-16.4	
0.8	47.5	-191.1	-6.6	
3.2	40.1	-149.3	-14.0	
3.2	37.7	-114.8	-31.2	
10.6	30.3	-41.0	-23.8	
-1.7	35.2	42.6	-33.7	
-1.7	42.6	64.7	-26.3	
8.2	40.1	52.4	-16.4	
5.7	30.3	30.3	-28.7	
18.0	37.7	42.6	-21.4	
25.4	40.1	57.4	-21.4	
22.9	37.7	25.4	-4.1	
20.5	30.3	-70.6	-1.7	
25.4	40.1	-100.1	25.4	
8.2	25.4	18.0	45.1	
-23.8	30.3	246.8	94.3	
15.5	8.2	298.4	96.7	
13.1	32.8	310.7	32.8	
-1.7	45.1	286.1	10.6	
13.1	54.9	323.0	-36.1	
15.5	37.7	423.9	-75.5	
13.1	35.2	355.0	-4.1	
13.1	13.1	-156.7	20.5	
3.2	10.6	-407.6	32.8	
5.7	-6.6	-151.7	20.5	
10.6	3.2	77.0	-1.7	
5.7	5.7	369.8	-21.4	
8.2	22.9	300.9	-4.1	
5.7	25.4	111.5	-9.1	
-9.1	47.5	-114.8	-21.4	
-21.4	32.8	-149.3	-4.1	
-16.4	22.9	-75.5	8.2	
-21.4	45.1	-228.0	15.5	
-1.7	42.6	-218.2	5.7	
3.2	40.1	-306.7	0.8	
15.5	52.4	-284.6	-21.4	
42.6	37.7	-181.3	-23.8	
18.0	32.8	-119.8	3.2	
0.8	25.4	-46.0	0.8	
-4.1	35.2	72.1	13.1	
-1.7	30.3	72.1	0.8	
3.2	30.3	50.0	3.2	
5.7	45.1	42.6	0.8	
20.5	57.4	40.1	3.2	
25.4	84.4	79.5	-1.7	
13.1	79.5	45.1	-1.7	
3.2	50.0	-28.7	-4.1	
5.7	45.1	-53.3	-1.7	
3.2	5.7	-73.0	0.8	
0.8	10.6	-119.8	0.8	
8.2	13.1	-225.5	-11.5	
8.2	30.3	-267.4	-36.1	
8.2	30.3	-316.6	-33.7	
13.1	8.2	-188.6	-48.4	
20.5	35.2	25.4	-53.3	
25.4	37.7	177.9	-48.4	
25.4	54.9	268.9	-23.8	
27.8	42.6	286.1	32.8	
18.0	30.3	224.6	113.9	
13.1	67.2	195.1	158.2	
20.5	47.5	160.7	86.9	
8.2	22.9	232.0	30.3	
5.7	20.5	241.9	32.8	
-6.6	5.7	286.1	30.3	
5.7	5.7	318.1	-1.7	
15.5	13.1	268.9	-137.0	
8.2	30.3	150.8	-80.4	
22.9	37.7	-36.1	-14.0	
40.1	40.1	-218.2	15.5	
45.1	42.6	-272.3	13.1	
20.5	40.1	-338.7	20.5	
13.1	52.4	-405.1	8.2	
27.8	35.2	-363.3	-4.1	
15.5	32.8	-272.3	0.8	
13.1	22.9	-230.5	8.2	
5.7	47.5	-119.8	5.7	
3.2	47.5	8.2	-9.1	
8.2	37.7	96.7	-11.5	
-16.4	32.8	82.0	-11.5	
-11.5	45.1	3.2	-9.1	
-4.1	47.5	-171.4	-36.1	
0.8	42.6	-178.8	-68.1	
13.1	50.0	-127.1	-55.8	
20.5	45.1	-11.5	-70.6	
40.1	30.3	111.5	-48.4	
30.3	32.8	182.8	-14.0	
18.0	47.5	256.6	20.5	
13.1	40.1	192.7	64.7	
18.0	32.8	141.0	82.0	
8.2	40.1	99.2	86.9	
-1.7	20.5	158.2	89.3	
3.2	32.8	234.5	74.6	
8.2	50.0	266.5	-36.1	
18.0	45.1	251.7	-46.0	
15.5	42.6	232.0	-4.1	
0.8	35.2	84.4	8.2	
8.2	57.4	-181.3	-1.7	
22.9	42.6	-353.5	0.8	
13.1	27.8	-341.2	-26.3	
-1.7	22.9	-338.7	-43.5	
-9.1	32.8	-159.1	-63.2	
-4.1	40.1	27.8	-87.8	
0.8	45.1	116.4	-46.0	
-4.1	35.2	180.4	5.7	
0.8	45.1	182.8	138.5	
-4.1	22.9	239.4	335.3	
0.8	22.9	177.9	387.0	
-11.5	45.1	-14.0	32.8	
-4.1	27.8	-43.5	-210.8	
-1.7	35.2	82.0	-186.2	
-6.6	35.2	377.2	-53.3	
8.2	25.4	487.9	-23.8	
5.7	32.8	470.6	-4.1	
-18.9	15.5	310.7	50.0	
-21.4	18.0	86.9	109.0	
20.5	35.2	40.1	84.4	
42.6	18.0	-33.7	10.6	
25.4	8.2	-311.6	-80.4	
22.9	18.0	-424.8	-70.6	
27.8	74.6	-496.1	-16.4	
18.0	45.1	-565.0	-21.4	
30.3	27.8	-547.8	-28.7	
27.8	40.1	-358.4	-26.3	
25.4	0.8	-164.0	-28.7	
30.3	15.5	-119.8	-26.3	
27.8	45.1	-100.1	-21.4	
40.1	42.6	-50.9	-14.0	
42.6	42.6	15.5	-50.9	
50.0	69.7	-33.7	-60.7	
32.8	79.5	-60.7	-58.3	
27.8	72.1	-28.7	-65.6	
13.1	45.1	-6.6	-48.4	
10.6	13.1	74.6	37.7	
10.6	20.5	5.7	101.6	
18.0	32.8	-31.2	155.8	
15.5	37.7	-28.7	27.8	
13.1	37.7	-73.0	-169.0	
10.6	30.3	-18.9	-119.8	
15.5	37.7	54.9	-50.9	
18.0	25.4	94.3	153.3	
22.9	20.5	54.9	192.7	
15.5	45.1	-33.7	99.2	
13.1	82.0	-4.1	25.4	
25.4	67.2	25.4	15.5	
25.4	42.6	150.8	-28.7	
13.1	42.6	190.2	-55.8	
18.0	8.2	143.5	-50.9	
0.8	-6.6	190.2	-21.4	
-6.6	37.7	234.5	13.1	
-18.9	37.7	234.5	0.8	
-23.8	57.4	64.7	-1.7	
-11.5	47.5	-26.3	-18.9	
8.2	27.8	-95.2	-31.2	
5.7	20.5	20.5	-21.4	
0.8	40.1	22.9	-21.4	
3.2	35.2	-85.3	-21.4	
15.5	32.8	-16.4	3.2	
25.4	25.4	82.0	25.4	
3.2	42.6	109.0	64.7	
22.9	32.8	57.4	52.4	
22.9	40.1	18.0	3.2	
15.5	20.5	96.7	-16.4	
25.4	45.1	355.0	13.1	
27.8	35.2	52.4	133.6	
-1.7	45.1	-260.0	244.3	
8.2	35.2	5.7	128.7	
10.6	37.7	190.2	-119.8	
22.9	37.7	320.6	-75.5	
25.4	42.6	298.4	10.6	
32.8	40.1	40.1	-23.8	
32.8	27.8	-23.8	-63.2	
37.7	27.8	-122.2	-164.0	
32.8	35.2	-346.1	-119.8	
32.8	37.7	-348.5	-97.6	
35.2	35.2	-387.9	-65.6	
20.5	30.3	-218.2	-48.4	
27.8	35.2	-92.7	-11.5	
20.5	42.6	-119.8	104.1	
25.4	30.3	-247.7	116.4	
10.6	25.4	-218.2	64.7	
-6.6	20.5	-77.9	30.3	
-11.5	-16.4	69.7	-1.7	
-21.4	20.5	47.5	-50.9	
-18.9	37.7	57.4	-48.4	
-11.5	27.8	-38.6	-33.7	
-9.1	8.2	-215.7	-18.9	
-11.5	30.3	-242.8	-28.7	
-9.1	25.4	-252.6	-18.9	
5.7	27.8	-282.1	-14.0	
25.4	40.1	-151.7	-14.0	
20.5	30.3	-4.1	-9.1	
42.6	32.8	64.7	-23.8	
25.4	20.5	106.6	-43.5	
25.4	32.8	101.6	-53.3	
25.4	30.3	91.8	-68.1	
13.1	45.1	101.6	-77.9	
25.4	40.1	77.0	-70.6	
25.4	25.4	133.6	-53.3	
20.5	35.2	367.3	-68.1	
25.4	27.8	374.7	-58.3	
22.9	18.0	374.7	67.2	
20.5	32.8	330.4	187.7	
8.2	25.4	281.2	310.7	
10.6	45.1	133.6	173.0	
27.8	40.1	-60.7	86.9	
15.5	32.8	-331.3	-38.6	
15.5	35.2	-287.0	-68.1	
-1.7	37.7	-105.0	-28.7	
-11.5	42.6	-90.2	13.1	
-4.1	45.1	-154.2	15.5	
5.7	22.9	-156.7	3.2	
15.5	18.0	-154.2	126.2	
32.8	42.6	-146.8	109.0	
27.8	57.4	-213.2	35.2	
15.5	59.8	-178.8	-102.5	
18.0	64.7	-36.1	-122.2	
20.5	47.5	40.1	-85.3	
18.0	54.9	123.8	-38.6	
10.6	62.3	168.1	-21.4	
13.1	57.4	239.4	-1.7	
32.8	20.5	207.4	-9.1	
27.8	10.6	195.1	5.7	
20.5	0.8	234.5	-6.6	
15.5	27.8	293.5	8.2	
3.2	35.2	259.1	13.1	
10.6	37.7	47.5	15.5	
25.4	15.5	-124.7	-6.6	
20.5	15.5	-53.3	-9.1	
32.8	30.3	-46.0	5.7	
10.6	25.4	-127.1	-18.9	
15.5	13.1	-156.7	-14.0	
15.5	47.5	-144.4	15.5	
5.7	67.2	-129.6	15.5	
-1.7	86.9	-117.3	13.1	
0.8	64.7	-82.9	5.7	
13.1	22.9	-137.0	10.6	
10.6	-16.4	-240.3	35.2	
20.5	-33.7	-151.7	59.8	
25.4	-1.7	-9.1	35.2	
27.8	22.9	57.4	-1.7	
22.9	32.8	67.2	-85.3	
8.2	32.8	57.4	-80.4	
5.7	35.2	62.3	-46.0	
10.6	47.5	116.4	0.8	
18.0	52.4	54.9	-6.6	
0.8	25.4	-41.0	13.1	
18.0	42.6	35.2	13.1	
13.1	42.6	126.2	8.2	
22.9	25.4	192.7	25.4	
3.2	25.4	177.9	52.4	
-1.7	35.2	141.0	32.8	
10.6	35.2	155.8	5.7	
8.2	32.8	236.9	-21.4	
5.7	5.7	99.2	-50.9	
25.4	5.7	-33.7	-53.3	
40.1	18.0	-173.9	-16.4	
32.8	37.7	-269.8	-4.1	
18.0	30.3	-294.4	-1.7	
27.8	27.8	-262.4	-1.7	
0.8	25.4	-255.1	-16.4	
-4.1	25.4	-294.4	-9.1	
-6.6	35.2	-269.8	-4.1	
-1.7	47.5	-220.6	-9.1	
3.2	8.2	-122.2	-21.4	
10.6	10.6	-28.7	-11.5	
5.7	64.7	22.9	-14.0	
15.5	47.5	22.9	-16.4	
32.8	40.1	74.6	-11.5	
30.3	20.5	116.4	-21.4	
35.2	8.2	50.0	-28.7	
50.0	5.7	52.4	-4.1	
35.2	-6.6	165.6	25.4	
18.0	-18.9	340.3	18.0	
22.9	-21.4	512.5	22.9	
3.2	-41.0	490.3	27.8	
-9.1	-53.3	298.4	37.7	
-18.9	-33.7	340.3	22.9	
0.8	-36.1	268.9	25.4	
5.7	-58.3	69.7	35.2	
13.1	-43.5	50.0	42.6	
27.8	-28.7	-48.4	37.7	
15.5	-80.4	-87.8	-9.1	
15.5	-70.6	-23.8	-14.0	
13.1	13.1	67.2	-11.5	
18.0	52.4	94.3	10.6	
10.6	109.0	22.9	0.8	
15.5	150.8	-53.3	27.8	
13.1	170.5	-109.9	32.8	
18.0	163.1	-176.3	35.2	
-4.1	160.7	-289.5	13.1	
0.8	173.0	-424.8	-6.6	
-6.6	180.4	-503.5	-18.9	
10.6	131.2	-498.6	-14.0	
18.0	91.8	-471.5	-11.5	
20.5	91.8	-299.3	-4.1	
20.5	111.5	-196.0	13.1	
13.1	77.0	-112.4	15.5	
18.0	67.2	-31.2	5.7	
37.7	37.7	5.7	3.2	
13.1	27.8	50.0	15.5	
-23.8	42.6	54.9	37.7	
-23.8	69.7	50.0	42.6	
-28.7	64.7	25.4	-31.2	
-9.1	72.1	15.5	-117.3	
-4.1	54.9	20.5	-68.1	
5.7	18.0	77.0	-1.7	
47.5	5.7	128.7	-4.1	
59.8	-41.0	185.3	3.2	
52.4	-43.5	212.3	-9.1	
37.7	-33.7	155.8	0.8	
27.8	-16.4	57.4	-6.6	
8.2	-33.7	109.0	-21.4	
-1.7	-33.7	47.5	-36.1	
8.2	-36.1	15.5	-50.9	
10.6	-36.1	-36.1	-58.3	
22.9	-60.7	116.4	5.7	
5.7	-46.0	209.9	62.3	
-14.0	-11.5	209.9	72.1	
-11.5	18.0	197.6	123.8	
0.8	25.4	131.2	-4.1	
8.2	64.7	64.7	-48.4	
25.4	113.9	84.4	20.5	
30.3	126.2	8.2	5.7	
45.1	138.5	-63.2	-11.5	
45.1	84.4	-105.0	-1.7	
15.5	50.0	-100.1	18.0	
-4.1	50.0	-105.0	37.7	
-31.2	74.6	-139.4	25.4	
-6.6	116.4	-124.7	-21.4	
-4.1	150.8	-119.8	-43.5	
-4.1	104.1	-141.9	-43.5	
-6.6	47.5	-87.8	-55.8	
-11.5	40.1	-58.3	-48.4	
-18.9	18.0	-18.9	-9.1	
-68.1	32.8	-1.7	-9.1	
-68.1	59.8	-21.4	59.8	
-53.3	47.5	32.8	54.9	
-26.3	30.3	84.4	8.2	
3.2	-23.8	163.1	-43.5	
52.4	-87.8	202.5	-82.9	
64.7	-124.7	89.3	-107.5	
57.4	-146.8	-1.7	96.7	
67.2	-137.0	10.6	113.9	
84.4	-122.2	-65.6	-11.5	
91.8	-100.1	-159.1	-82.9	
67.2	-50.9	-102.5	-90.2	
67.2	25.4	-14.0	-97.6	
72.1	54.9	15.5	-36.1	
35.2	50.0	52.4	236.9	
22.9	8.2	104.1	158.2	
54.9	-14.0	101.6	99.2	
35.2	40.1	40.1	13.1	
-21.4	109.0	5.7	-23.8	
-90.2	236.9	-1.7	-4.1	
-90.2	281.2	25.4	18.0	
-48.4	212.3	109.0	3.2	
-36.1	123.8	163.1	8.2	
-36.1	15.5	234.5	-1.7	
-65.6	-75.5	276.3	8.2	
-119.8	-97.6	173.0	-11.5	
-161.6	-50.9	74.6	-21.4	
-178.8	18.0	67.2	-18.9	
-127.1	64.7	-85.3	-6.6	
-23.8	72.1	-215.7	13.1	
104.1	42.6	-105.0	22.9	
212.3	101.6	-31.2	22.9	
313.2	79.5	20.5	20.5	
229.6	84.4	52.4	-38.6	
128.7	123.8	-11.5	-70.6	
86.9	158.2	-11.5	-53.3	
67.2	163.1	-6.6	8.2	
64.7	160.7	-122.2	-6.6	
64.7	118.9	-257.5	-26.3	
74.6	89.3	-230.5	-11.5	
50.0	-1.7	-247.7	-23.8	
40.1	-77.9	-173.9	45.1	
10.6	-33.7	-102.5	27.8	
-33.7	-31.2	-4.1	-9.1	
-58.3	27.8	-9.1	-28.7	
-50.9	96.7	-9.1	-23.8	
-50.9	99.2	-33.7	-4.1	
-43.5	91.8	-149.3	13.1	
-33.7	86.9	-95.2	18.0	
25.4	72.1	67.2	20.5	
47.5	94.3	150.8	-14.0	
32.8	111.5	111.5	-11.5	
37.7	69.7	177.9	-4.1	
47.5	47.5	251.7	-46.0	
45.1	20.5	190.2	-60.7	
45.1	-16.4	143.5	-26.3	
77.0	-23.8	113.9	-9.1	
106.6	-31.2	86.9	18.0	
104.1	-11.5	136.1	37.7	
45.1	-4.1	104.1	30.3	
37.7	-1.7	-9.1	22.9	
22.9	-9.1	-107.5	52.4	
10.6	3.2	-260.0	22.9	
5.7	-16.4	-250.1	10.6	
8.2	-16.4	-122.2	15.5	
-4.1	8.2	-95.2	20.5	
-31.2	8.2	57.4	18.0	
-90.2	5.7	145.9	8.2	
-124.7	-4.1	145.9	22.9	
-132.1	22.9	42.6	37.7	
-109.9	47.5	72.1	35.2	
-55.8	40.1	-9.1	27.8	
13.1	47.5	-208.3	-43.5	
74.6	30.3	-299.3	-28.7	
136.1	40.1	-220.6	-18.9	
116.4	77.0	42.6	-28.7	
50.0	74.6	268.9	-46.0	
-1.7	37.7	362.4	-46.0	
-28.7	13.1	318.1	-33.7	
3.2	-53.3	352.6	-6.6	
3.2	-68.1	320.6	-6.6	
47.5	-43.5	291.1	3.2	
77.0	-9.1	209.9	37.7	
77.0	0.8	69.7	50.0	
45.1	18.0	-112.4	35.2	
10.6	30.3	-242.8	27.8	
10.6	0.8	-102.5	42.6	
8.2	-18.9	-33.7	27.8	
10.6	3.2	-156.7	-9.1	
13.1	30.3	-200.9	-117.3	
8.2	69.7	-188.6	-63.2	
0.8	67.2	-215.7	-28.7	
-4.1	69.7	-176.3	-46.0	
-65.6	79.5	-149.3	-18.9	
-107.5	42.6	-124.7	37.7	
-70.6	42.6	-36.1	-21.4	
-60.7	42.6	27.8	-1.7	
-16.4	50.0	205.0	143.5	
30.3	45.1	227.1	84.4	
91.8	50.0	109.0	-18.9	
91.8	50.0	62.3	-33.7	
79.5	42.6	40.1	5.7	
62.3	35.2	-38.6	-1.7	
37.7	25.4	-50.9	-23.8	
35.2	10.6	22.9	-73.0	
-4.1	18.0	131.2	-119.8	
-18.9	13.1	126.2	-112.4	
-16.4	25.4	86.9	-107.5	
-43.5	27.8	54.9	-129.6	
-41.0	47.5	-228.0	-70.6	
-46.0	57.4	-203.4	57.4	
8.2	59.8	-156.7	332.9	
3.2	-50.9	-326.4	419.0	
50.0	-171.4	-262.4	224.6	
52.4	-159.1	-43.5	91.8	
47.5	-105.0	52.4	40.1	
35.2	-112.4	168.1	-87.8	
30.3	-9.1	212.3	-200.9	
18.0	22.9	259.1	-225.5	
3.2	32.8	192.7	-105.0	
-9.1	-16.4	153.3	-55.8	
-1.7	45.1	84.4	-4.1	
5.7	131.2	10.6	18.0	
20.5	160.7	-124.7	52.4	
20.5	138.5	-77.9	91.8	
32.8	106.6	50.0	89.3	
13.1	64.7	170.5	84.4	
5.7	37.7	239.4	62.3	
8.2	77.0	136.1	32.8	
10.6	52.4	-68.1	18.0	
13.1	50.0	-141.9	18.0	
3.2	64.7	-161.6	25.4	
3.2	52.4	-191.1	22.9	
-6.6	57.4	-208.3	13.1	
-14.0	27.8	-144.4	-6.6	
-1.7	15.5	-53.3	-18.9	
20.5	-4.1	-63.2	-11.5	
13.1	-28.7	-129.6	13.1	
10.6	-1.7	-156.7	30.3	
30.3	15.5	-188.6	15.5	
37.7	18.0	-186.2	10.6	
32.8	52.4	-77.9	0.8	
27.8	84.4	-16.4	-9.1	
25.4	109.0	-55.8	-21.4	
15.5	84.4	-46.0	-28.7	
22.9	54.9	25.4	-11.5	
20.5	13.1	54.9	-6.6	
27.8	18.0	72.1	3.2	
27.8	69.7	45.1	-14.0	
10.6	89.3	-28.7	22.9	
-9.1	67.2	-1.7	27.8	
-18.9	54.9	20.5	-55.8	
-21.4	15.5	8.2	-63.2	
-23.8	5.7	-9.1	94.3	
-16.4	10.6	-1.7	273.8	
0.8	-6.6	74.6	296.0	
5.7	-1.7	131.2	145.9	
5.7	30.3	128.7	-90.2	
18.0	42.6	123.8	-269.8	
5.7	42.6	136.1	-169.0	
-1.7	5.7	168.1	-73.0	
-6.6	10.6	217.3	-23.8	
-9.1	10.6	173.0	-16.4	
-14.0	25.4	254.2	-16.4	
0.8	30.3	308.3	-11.5	
-23.8	40.1	244.3	18.0	
-23.8	50.0	173.0	30.3	
-9.1	52.4	158.2	18.0	
8.2	52.4	79.5	15.5	
5.7	35.2	-117.3	-6.6	
15.5	45.1	-400.2	-1.7	
3.2	27.8	-599.5	-23.8	
15.5	40.1	-415.0	-38.6	
10.6	47.5	-183.7	-38.6	
0.8	57.4	-16.4	5.7	
-11.5	42.6	57.4	0.8	
20.5	79.5	25.4	-23.8	
25.4	69.7	3.2	-21.4	
27.8	62.3	47.5	-65.6	
3.2	35.2	330.4	-23.8	
0.8	18.0	500.2	10.6	
5.7	27.8	428.8	84.4	
5.7	35.2	355.0	141.0	
-1.7	22.9	214.8	64.7	
18.0	25.4	-9.1	35.2	
20.5	20.5	-186.2	47.5	
3.2	15.5	-218.2	50.0	
-1.7	20.5	-225.5	45.1	
25.4	15.5	-31.2	-14.0	
35.2	10.6	86.9	13.1	
37.7	5.7	84.4	37.7	
27.8	-4.1	22.9	15.5	
27.8	3.2	-95.2	42.6	
13.1	-4.1	-218.2	104.1	
-1.7	8.2	-284.6	86.9	
10.6	13.1	-247.7	15.5	
-9.1	30.3	-240.3	-23.8	
3.2	37.7	-183.7	-28.7	
5.7	40.1	-141.9	-21.4	
13.1	30.3	-100.1	5.7	
18.0	37.7	-161.6	20.5	
3.2	40.1	-176.3	25.4	
0.8	30.3	-161.6	5.7	
0.8	47.5	-105.0	-14.0	
0.8	52.4	-48.4	-28.7	
22.9	40.1	-18.9	-38.6	
35.2	45.1	0.8	-50.9	
32.8	13.1	-4.1	-23.8	
35.2	-14.0	-9.1	-9.1	
50.0	3.2	-1.7	-1.7	
50.0	13.1	-4.1	123.8	
47.5	22.9	52.4	202.5	
47.5	27.8	106.6	259.1	
42.6	40.1	180.4	136.1	
18.0	15.5	256.6	-41.0	
0.8	15.5	261.5	-102.5	
8.2	22.9	205.0	-63.2	
-4.1	18.0	126.2	-1.7	
15.5	27.8	20.5	27.8	
10.6	35.2	-26.3	-16.4	
-1.7	22.9	-55.8	-92.7	
3.2	35.2	67.2	-55.8	
22.9	30.3	364.9	-18.9	
13.1	42.6	399.3	-9.1	
20.5	35.2	357.5	-4.1	
8.2	37.7	158.2	-4.1	
13.1	30.3	101.6	3.2	
8.2	8.2	136.1	-11.5	
5.7	15.5	-1.7	-18.9	
-6.6	10.6	-250.1	-26.3	
-4.1	8.2	-419.9	-33.7	
-1.7	20.5	-225.5	-28.7	
8.2	27.8	-141.9	-28.7	
3.2	35.2	-272.3	-43.5	
13.1	27.8	-346.1	-14.0	
25.4	30.3	-255.1	-11.5	
32.8	45.1	-149.3	22.9	
25.4	40.1	-77.9	133.6	
13.1	37.7	109.0	187.7	
25.4	27.8	168.1	77.0	
18.0	35.2	165.6	15.5	
20.5	27.8	52.4	27.8	
-1.7	35.2	27.8	-41.0	
-9.1	69.7	69.7	-68.1	
-1.7	62.3	-4.1	10.6	
-9.1	27.8	-73.0	37.7	
13.1	40.1	-65.6	57.4	
18.0	52.4	-48.4	42.6	
10.6	52.4	-6.6	64.7	
13.1	50.0	-23.8	52.4	
10.6	54.9	-14.0	-23.8	
-1.7	50.0	-21.4	-18.9	
3.2	50.0	-28.7	18.0	
0.8	30.3	37.7	18.0	
18.0	25.4	50.0	13.1	
30.3	5.7	131.2	8.2	
30.3	-11.5	244.3	-14.0	
32.8	-4.1	234.5	-43.5	
25.4	-11.5	175.4	-77.9	
3.2	-9.1	126.2	-92.7	
-6.6	18.0	123.8	-87.8	
-21.4	32.8	126.2	-80.4	
-1.7	67.2	82.0	-26.3	
5.7	42.6	96.7	50.0	
8.2	50.0	123.8	86.9	
5.7	47.5	212.3	106.6	
15.5	42.6	158.2	232.0	
18.0	45.1	-107.5	283.7	
15.5	42.6	-267.4	318.1	
32.8	40.1	-240.3	278.8	
15.5	32.8	-75.5	74.6	
5.7	18.0	96.7	-26.3	
13.1	30.3	123.8	-137.0	
13.1	37.7	47.5	-129.6	
8.2	25.4	-50.9	-117.3	
8.2	10.6	-124.7	-114.8	
5.7	10.6	-178.8	-97.6	
20.5	25.4	-272.3	-80.4	
22.9	40.1	-260.0	-41.0	
22.9	54.9	-173.9	-21.4	
18.0	37.7	-50.9	-36.1	
25.4	45.1	35.2	-26.3	
18.0	37.7	59.8	5.7	
15.5	27.8	-6.6	10.6	
15.5	20.5	18.0	-4.1	
13.1	27.8	-23.8	5.7	
15.5	40.1	-53.3	-14.0	
8.2	18.0	0.8	-4.1	
5.7	15.5	72.1	-14.0	
5.7	5.7	82.0	-16.4	
3.2	-9.1	109.0	0.8	
3.2	-1.7	160.7	-18.9	
10.6	25.4	136.1	-9.1	
10.6	47.5	45.1	-1.7	
8.2	20.5	-105.0	-9.1	
5.7	10.6	-139.4	3.2	
15.5	-11.5	-161.6	10.6	
18.0	0.8	-65.6	5.7	
3.2	18.0	-85.3	-6.6	
0.8	40.1	-122.2	-1.7	
5.7	35.2	-95.2	5.7	
22.9	40.1	-31.2	-4.1	
15.5	47.5	45.1	-1.7	
18.0	37.7	64.7	25.4	
5.7	27.8	121.3	20.5	
0.8	32.8	256.6	5.7	
5.7	20.5	281.2	5.7	
22.9	32.8	205.0	20.5	
20.5	47.5	175.4	18.0	
18.0	47.5	59.8	8.2	
22.9	57.4	-33.7	20.5	
25.4	86.9	-109.9	25.4	
18.0	82.0	-119.8	25.4	
8.2	86.9	-105.0	8.2	
10.6	59.8	-112.4	-21.4	
18.0	-9.1	-107.5	-11.5	
18.0	15.5	-73.0	37.7	
20.5	0.8	-41.0	32.8	
35.2	-1.7	37.7	-23.8	
22.9	15.5	113.9	30.3	
15.5	32.8	126.2	42.6	
27.8	30.3	182.8	15.5	
30.3	40.1	131.2	0.8	
18.0	37.7	99.2	-6.6	
13.1	32.8	69.7	-1.7	
22.9	20.5	0.8	-1.7	
13.1	27.8	-183.7	-14.0	
35.2	35.2	-186.2	8.2	
20.5	18.0	-127.1	10.6	
25.4	22.9	-4.1	13.1	
18.0	22.9	45.1	5.7	
18.0	25.4	3.2	-9.1	
5.7	30.3	-16.4	-11.5	
5.7	37.7	3.2	-26.3	
13.1	42.6	45.1	-31.2	
3.2	35.2	27.8	-16.4	
0.8	45.1	-68.1	-4.1	
-1.7	40.1	-33.7	77.0	
0.8	27.8	15.5	50.0	
-1.7	18.0	18.0	3.2	
8.2	32.8	-38.6	8.2	
10.6	32.8	-68.1	30.3	
0.8	30.3	-105.0	10.6	
10.6	37.7	-53.3	5.7	
10.6	40.1	3.2	8.2	
10.6	32.8	-16.4	22.9	
-1.7	37.7	-38.6	32.8	
30.3	37.7	-33.7	32.8	
22.9	32.8	-26.3	13.1	
25.4	32.8	-21.4	0.8	
8.2	22.9	-18.9	-14.0	
-11.5	35.2	20.5	-16.4	
-18.9	52.4	96.7	-14.0	
-18.9	45.1	160.7	-1.7	
-9.1	47.5	175.4	13.1	
-1.7	37.7	195.1	18.0	
42.6	40.1	155.8	10.6	
40.1	22.9	145.9	0.8	
22.9	40.1	84.4	-1.7	
15.5	40.1	25.4	-4.1	
13.1	32.8	-18.9	-4.1	
22.9	47.5	3.2	-1.7	
22.9	50.0	-38.6	-6.6	
5.7	35.2	-28.7	18.0	
-4.1	30.3	-50.9	42.6	
0.8	30.3	-11.5	42.6	
18.0	15.5	-1.7	45.1	
27.8	40.1	3.2	35.2	
10.6	32.8	59.8	-4.1	
10.6	35.2	67.2	-4.1	
25.4	27.8	45.1	-31.2	
27.8	40.1	18.0	-21.4	
25.4	22.9	-73.0	15.5	
27.8	5.7	-188.6	-4.1	
8.2	18.0	-159.1	-6.6	
3.2	13.1	-90.2	22.9	
27.8	27.8	-68.1	32.8	
30.3	20.5	-107.5	15.5	
15.5	35.2	-132.1	-16.4	
32.8	30.3	-60.7	-21.4	
22.9	18.0	-127.1	0.8	
20.5	13.1	-171.4	20.5	
32.8	37.7	-183.7	10.6	
22.9	54.9	-112.4	-26.3	
13.1	54.9	-63.2	-16.4	
15.5	47.5	3.2	-21.4	
20.5	25.4	109.0	-14.0	
-6.6	15.5	236.9	-6.6	
-4.1	35.2	268.9	0.8	
-6.6	42.6	283.7	3.2	
0.8	52.4	148.4	8.2	
0.8	45.1	74.6	25.4	
3.2	32.8	-4.1	13.1	
18.0	20.5	-77.9	-11.5	
37.7	35.2	-41.0	0.8	
42.6	27.8	15.5	18.0	
22.9	22.9	82.0	15.5	
25.4	37.7	111.5	8.2	
13.1	35.2	99.2	-11.5	
15.5	47.5	153.3	-38.6	
20.5	64.7	232.0	-38.6	
8.2	77.0	123.8	-33.7	
-6.6	64.7	-1.7	-33.7	
-4.1	47.5	0.8	-33.7	
-4.1	57.4	86.9	8.2	
3.2	40.1	84.4	37.7	
22.9	30.3	-6.6	79.5	
15.5	18.0	-127.1	91.8	
0.8	27.8	-196.0	50.0	
3.2	25.4	-264.9	3.2	
10.6	10.6	-269.8	-4.1	
-1.7	30.3	-210.8	18.0	
0.8	32.8	-200.9	10.6	
3.2	13.1	-196.0	0.8	
-4.1	8.2	-95.2	-43.5	
8.2	25.4	3.2	-11.5	
5.7	57.4	86.9	-33.7	
3.2	54.9	59.8	-112.4	
20.5	54.9	18.0	-65.6	
42.6	47.5	77.0	40.1	
37.7	62.3	99.2	69.7	
35.2	40.1	101.6	62.3	
37.7	22.9	104.1	57.4	
30.3	-9.1	106.6	35.2	
20.5	-43.5	109.0	5.7	
15.5	-1.7	118.9	-21.4	
25.4	45.1	5.7	-16.4	
0.8	47.5	-178.8	-14.0	
0.8	35.2	-151.7	-26.3	
13.1	35.2	-87.8	-33.7	
32.8	30.3	32.8	-73.0	
30.3	15.5	165.6	-95.2	
25.4	25.4	185.3	-63.2	
18.0	47.5	128.7	-48.4	
10.6	57.4	77.0	-23.8	
5.7	59.8	25.4	64.7	
-1.7	30.3	-4.1	82.0	
-11.5	42.6	-141.9	121.3	
15.5	35.2	-232.9	150.8	
27.8	40.1	-257.5	57.4	
22.9	59.8	-269.8	-16.4	
13.1	59.8	-176.3	-68.1	
30.3	37.7	-38.6	-23.8	
22.9	20.5	74.6	8.2	
13.1	0.8	133.6	-60.7	
8.2	27.8	190.2	-97.6	
18.0	42.6	229.6	-87.8	
25.4	27.8	347.6	-100.1	
10.6	42.6	345.2	-1.7	
8.2	20.5	165.6	217.3	
-1.7	32.8	123.8	209.9	
-6.6	45.1	175.4	25.4	
-33.7	42.6	3.2	-75.5	
-11.5	52.4	-36.1	-92.7	
-16.4	52.4	-63.2	-36.1	
-14.0	50.0	77.0	-33.7	
-16.4	27.8	246.8	-18.9	
-1.7	20.5	254.2	-38.6	
3.2	3.2	236.9	-1.7	
-4.1	10.6	141.0	13.1	
45.1	3.2	30.3	25.4	
35.2	22.9	-183.7	15.5	
22.9	25.4	-304.3	22.9	
0.8	42.6	-269.8	18.0	
-1.7	42.6	-247.7	8.2	
-6.6	25.4	-255.1	-23.8	
5.7	8.2	-299.3	-31.2	
20.5	15.5	-215.7	-11.5	
22.9	27.8	-203.4	5.7	
30.3	52.4	-230.5	10.6	
27.8	59.8	-186.2	-6.6	
45.1	67.2	-38.6	-11.5	
67.2	64.7	118.9	-28.7	
52.4	54.9	261.5	-16.4	
45.1	57.4	288.6	-14.0	
32.8	22.9	190.2	3.2	
27.8	18.0	153.3	-11.5	
22.9	27.8	145.9	5.7	
18.0	32.8	-6.6	-6.6	
25.4	32.8	-188.6	-26.3	
15.5	22.9	-151.7	-9.1	
8.2	0.8	-28.7	-9.1	
-18.9	13.1	-9.1	8.2	
-33.7	25.4	-65.6	-1.7	
-9.1	30.3	-68.1	8.2	
-11.5	32.8	-80.4	13.1	
-11.5	22.9	-119.8	5.7	
-4.1	35.2	-141.9	-28.7	
18.0	18.0	-75.5	-18.9	
27.8	32.8	0.8	-16.4	
15.5	25.4	59.8	-9.1	
15.5	27.8	158.2	-4.1	
20.5	37.7	224.6	-1.7	
37.7	35.2	222.2	-9.1	
27.8	35.2	207.4	-6.6	
45.1	27.8	143.5	3.2	
35.2	27.8	-18.9	-1.7	
25.4	32.8	-100.1	-9.1	
27.8	45.1	-73.0	13.1	
15.5	37.7	84.4	3.2	
10.6	42.6	104.1	-1.7	
-1.7	40.1	40.1	-11.5	
-1.7	35.2	-6.6	-18.9	
30.3	35.2	84.4	-33.7	
35.2	37.7	227.1	-28.7	
22.9	40.1	116.4	-28.7	
0.8	32.8	-132.1	-38.6	
-9.1	32.8	-16.4	-14.0	
-11.5	37.7	-48.4	27.8	
0.8	20.5	-58.3	3.2	
-16.4	30.3	-6.6	35.2	
3.2	22.9	15.5	54.9	
0.8	27.8	-53.3	20.5	
13.1	37.7	-87.8	30.3	
10.6	27.8	-87.8	62.3	
-9.1	25.4	-6.6	32.8	
-11.5	35.2	50.0	3.2	
0.8	40.1	82.0	-41.0	
0.8	37.7	72.1	-23.8	
18.0	40.1	113.9	-31.2	
25.4	30.3	101.6	-11.5	
37.7	54.9	-9.1	-18.9	
37.7	40.1	-112.4	-18.9	
35.2	30.3	-137.0	-1.7	
45.1	27.8	-178.8	25.4	
27.8	30.3	-230.5	50.0	
32.8	35.2	-178.8	72.1	
18.0	32.8	-70.6	25.4	
18.0	27.8	-28.7	54.9	
10.6	37.7	22.9	77.0	
3.2	45.1	37.7	69.7	
-4.1	62.3	195.1	13.1	
0.8	35.2	278.8	3.2	
-6.6	54.9	153.3	20.5	
15.5	67.2	35.2	57.4	
22.9	62.3	-33.7	-77.9	
10.6	52.4	-50.9	-139.4	
10.6	37.7	-36.1	-90.2	
-9.1	18.0	-9.1	-70.6	
-9.1	13.1	37.7	-41.0	
22.9	27.8	52.4	-11.5	
25.4	25.4	94.3	25.4	
3.2	18.0	67.2	47.5	
0.8	22.9	-6.6	69.7	
8.2	37.7	-90.2	52.4	
0.8	54.9	-87.8	-53.3	
-1.7	42.6	-137.0	-137.0	
0.8	35.2	20.5	-154.2	
0.8	25.4	141.0	-127.1	
3.2	22.9	168.1	-11.5	
-9.1	10.6	131.2	74.6	
-1.7	-4.1	47.5	182.8	
8.2	22.9	52.4	173.0	
25.4	18.0	116.4	86.9	
10.6	-9.1	50.0	89.3	
8.2	27.8	-112.4	67.2	
0.8	67.2	-77.9	3.2	
32.8	52.4	42.6	-87.8	
32.8	10.6	79.5	37.7	
42.6	-9.1	-50.9	50.0	
13.1	15.5	-196.0	-18.9	
13.1	20.5	-188.6	42.6	
-4.1	25.4	-164.0	50.0	
3.2	32.8	-151.7	-1.7	
-16.4	22.9	-70.6	20.5	
-9.1	22.9	-28.7	54.9	
-6.6	22.9	10.6	52.4	
-18.9	22.9	15.5	45.1	
5.7	37.7	-95.2	10.6	
20.5	47.5	-100.1	-1.7	
30.3	57.4	42.6	35.2	
45.1	54.9	86.9	30.3	
32.8	50.0	69.7	-112.4	
5.7	25.4	67.2	-144.4	
-4.1	-6.6	126.2	-65.6	
15.5	-9.1	234.5	-21.4	
22.9	-1.7	207.4	-6.6	
20.5	13.1	118.9	-4.1	
0.8	25.4	77.0	-11.5	
-6.6	45.1	-11.5	-9.1	
5.7	35.2	-124.7	-4.1	
5.7	37.7	-208.3	-1.7	
13.1	25.4	-252.6	20.5	
22.9	20.5	-191.1	22.9	
25.4	25.4	-188.6	5.7	
50.0	37.7	-161.6	0.8	
42.6	37.7	-119.8	10.6	
42.6	32.8	-75.5	8.2	
35.2	25.4	-102.5	-4.1	
42.6	32.8	-87.8	-1.7	
32.8	47.5	13.1	10.6	
30.3	42.6	101.6	22.9	
32.8	37.7	96.7	25.4	
15.5	40.1	99.2	25.4	
10.6	22.9	121.3	27.8	
-6.6	22.9	131.2	25.4	
0.8	20.5	165.6	37.7	
-1.7	37.7	113.9	18.0	
-6.6	27.8	27.8	18.0	
-11.5	20.5	104.1	8.2	
3.2	20.5	50.0	5.7	
13.1	45.1	50.0	-14.0	
18.0	42.6	-11.5	-11.5	
8.2	20.5	-6.6	5.7	
-6.6	42.6	-1.7	27.8	
-1.7	40.1	86.9	32.8	
15.5	37.7	123.8	30.3	
32.8	27.8	128.7	35.2	
32.8	15.5	116.4	35.2	
32.8	25.4	111.5	-41.0	
37.7	18.0	190.2	-80.4	
32.8	18.0	241.9	-23.8	
20.5	0.8	200.0	-4.1	
13.1	8.2	168.1	-11.5	
-18.9	3.2	170.5	3.2	
-4.1	25.4	148.4	-9.1	
8.2	50.0	121.3	-77.9	
-6.6	62.3	10.6	-100.1	
5.7	64.7	-38.6	-112.4	
27.8	59.8	-159.1	-77.9	
40.1	18.0	-272.3	22.9	
50.0	50.0	-262.4	217.3	
37.7	62.3	-282.1	187.7	
22.9	42.6	-319.0	91.8	
8.2	32.8	-301.8	77.0	
-6.6	42.6	-301.8	3.2	
0.8	47.5	-323.9	5.7	
-4.1	45.1	-306.7	10.6	
-6.6	45.1	-171.4	20.5	
-14.0	45.1	-53.3	5.7	
-23.8	0.8	-6.6	5.7	
0.8	-21.4	25.4	32.8	
22.9	20.5	72.1	15.5	
25.4	57.4	104.1	-21.4	
40.1	42.6	131.2	5.7	
37.7	18.0	106.6	3.2	
27.8	22.9	109.0	8.2	
25.4	-18.9	219.7	5.7	
20.5	-31.2	239.4	10.6	
3.2	0.8	190.2	5.7	
-14.0	-1.7	163.1	8.2	
-9.1	30.3	96.7	15.5	
-4.1	50.0	64.7	35.2	
-14.0	57.4	50.0	15.5	
-4.1	22.9	13.1	0.8	
0.8	13.1	-127.1	-9.1	
18.0	8.2	-218.2	-6.6	
27.8	27.8	-314.1	5.7	
20.5	18.0	-225.5	8.2	
32.8	5.7	-95.2	-6.6	
30.3	15.5	-9.1	-14.0	
25.4	35.2	47.5	-16.4	
15.5	18.0	72.1	10.6	
0.8	27.8	99.2	8.2	
10.6	25.4	145.9	-4.1	
30.3	22.9	69.7	13.1	
25.4	42.6	8.2	40.1	
40.1	54.9	27.8	8.2	
52.4	42.6	-11.5	-11.5	
37.7	20.5	-53.3	-4.1	
42.6	32.8	-33.7	-6.6	
45.1	47.5	40.1	5.7	
40.1	25.4	-6.6	0.8	
27.8	13.1	8.2	-21.4	
22.9	30.3	86.9	-14.0	
20.5	42.6	84.4	-9.1	
-16.4	42.6	13.1	-11.5	
-26.3	42.6	-63.2	3.2	
-21.4	37.7	-58.3	13.1	
-9.1	50.0	-1.7	8.2	
-21.4	35.2	15.5	-23.8	
-28.7	40.1	57.4	-6.6	
-31.2	37.7	86.9	-6.6	
-48.4	47.5	37.7	-23.8	
-48.4	32.8	-4.1	-33.7	
-21.4	22.9	-9.1	37.7	
-23.8	15.5	-1.7	64.7	
0.8	25.4	77.0	37.7	
22.9	18.0	180.4	-23.8	
45.1	20.5	104.1	-36.1	
69.7	18.0	128.7	-16.4	
57.4	15.5	163.1	10.6	
54.9	5.7	261.5	3.2	
50.0	54.9	62.3	25.4	
35.2	67.2	-105.0	72.1	
30.3	50.0	-171.4	79.5	
15.5	47.5	-109.9	54.9	
25.4	45.1	-9.1	47.5	
25.4	40.1	32.8	37.7	
10.6	30.3	52.4	-1.7	
3.2	37.7	18.0	-70.6	
5.7	59.8	-43.5	-36.1	
13.1	35.2	-53.3	-18.9	
13.1	27.8	-14.0	-1.7	
5.7	3.2	30.3	-6.6	
0.8	3.2	54.9	10.6	
20.5	-4.1	47.5	27.8	
25.4	10.6	25.4	22.9	
25.4	13.1	-41.0	37.7	
5.7	-9.1	-100.1	37.7	
3.2	15.5	-166.5	13.1	
0.8	37.7	-220.6	-16.4	
15.5	40.1	-225.5	-28.7	
15.5	32.8	-279.7	-68.1	
8.2	59.8	-203.4	-65.6	
22.9	72.1	-70.6	-68.1	
35.2	72.1	-58.3	-73.0	
35.2	37.7	-28.7	-33.7	
25.4	3.2	64.7	69.7	
32.8	10.6	123.8	91.8	
32.8	20.5	180.4	50.0	
18.0	20.5	276.3	50.0	
27.8	27.8	342.7	54.9	
22.9	40.1	350.1	96.7	
15.5	42.6	241.9	79.5	
3.2	42.6	116.4	-23.8	
-4.1	50.0	-21.4	-21.4	
5.7	15.5	-28.7	-11.5	
5.7	22.9	-43.5	-26.3	
20.5	30.3	-1.7	-53.3	
25.4	22.9	18.0	-60.7	
25.4	30.3	0.8	-38.6	
5.7	35.2	-105.0	-9.1	
3.2	13.1	-198.5	22.9	
10.6	15.5	-250.1	47.5	
-6.6	35.2	-205.9	59.8	
-28.7	25.4	-188.6	72.1	
-11.5	35.2	-213.2	57.4	
8.2	30.3	-80.4	40.1	
18.0	35.2	32.8	-4.1	
27.8	30.3	175.4	-31.2	
20.5	37.7	209.9	-55.8	
8.2	42.6	136.1	-68.1	
8.2	27.8	121.3	-48.4	
3.2	35.2	126.2	-21.4	
5.7	35.2	143.5	25.4	
15.5	32.8	82.0	113.9	
15.5	18.0	50.0	145.9	
15.5	40.1	-73.0	84.4	
5.7	32.8	-41.0	35.2	
-4.1	30.3	-21.4	-11.5	
3.2	25.4	-50.9	-43.5	
0.8	42.6	-169.0	47.5	
10.6	30.3	-164.0	27.8	
18.0	35.2	-100.1	-16.4	
27.8	37.7	-85.3	15.5	
40.1	50.0	-60.7	18.0	
37.7	32.8	-31.2	-23.8	
20.5	37.7	-36.1	-28.7	
18.0	30.3	-68.1	-11.5	
20.5	30.3	0.8	5.7	
25.4	20.5	96.7	-9.1	
27.8	35.2	106.6	0.8	
20.5	30.3	136.1	8.2	
27.8	27.8	69.7	0.8	
27.8	25.4	35.2	5.7	
15.5	20.5	40.1	-18.9	
27.8	18.0	8.2	-6.6	
22.9	15.5	-46.0	0.8	
20.5	25.4	-1.7	8.2	
20.5	27.8	13.1	8.2	
8.2	32.8	-26.3	10.6	
8.2	35.2	3.2	8.2	
0.8	45.1	45.1	5.7	
-4.1	67.2	50.0	13.1	
8.2	64.7	18.0	8.2	
25.4	47.5	-14.0	0.8	
27.8	5.7	-97.6	-6.6	
30.3	5.7	-95.2	-6.6	
37.7	22.9	-16.4	-9.1	
45.1	25.4	138.5	-9.1	
40.1	25.4	106.6	22.9	
35.2	18.0	99.2	37.7	
35.2	32.8	52.4	52.4	
32.8	25.4	89.3	64.7	
22.9	27.8	15.5	42.6	
8.2	20.5	8.2	-6.6	
0.8	27.8	-28.7	-9.1	
15.5	15.5	-65.6	-14.0	
5.7	25.4	45.1	-38.6	
3.2	18.0	136.1	-28.7	
-4.1	5.7	126.2	0.8	
-4.1	-14.0	126.2	25.4	
-6.6	-11.5	207.4	18.0	
-9.1	13.1	251.7	5.7	
-6.6	54.9	192.7	-11.5	
-9.1	52.4	126.2	-11.5	
32.8	47.5	-6.6	0.8	
35.2	50.0	-159.1	10.6	
35.2	25.4	-304.3	13.1	
32.8	20.5	-306.7	25.4	
37.7	25.4	-375.6	15.5	
20.5	15.5	-262.4	15.5	
-4.1	5.7	-173.9	10.6	
-1.7	0.8	-90.2	-18.9	
13.1	15.5	-73.0	-14.0	
20.5	35.2	-43.5	22.9	
20.5	57.4	-11.5	40.1	
10.6	40.1	-31.2	42.6	
5.7	20.5	50.0	30.3	
3.2	8.2	182.8	27.8	
18.0	27.8	195.1	20.5	
18.0	52.4	168.1	0.8	
18.0	52.4	121.3	-31.2	
20.5	40.1	136.1	-48.4	
25.4	13.1	136.1	-38.6	
27.8	-11.5	20.5	8.2	
22.9	-33.7	-9.1	20.5	
10.6	8.2	-16.4	30.3	
8.2	42.6	-109.9	8.2	
5.7	37.7	-105.0	-4.1	
0.8	-9.1	-82.9	-11.5	
-4.1	-14.0	-53.3	-16.4	
5.7	15.5	3.2	-9.1	
3.2	32.8	-23.8	5.7	
8.2	45.1	-73.0	3.2	
0.8	62.3	-38.6	-41.0	
5.7	42.6	-80.4	-65.6	
13.1	22.9	-95.2	-73.0	
22.9	18.0	-77.9	27.8	
20.5	15.5	-16.4	30.3	
18.0	20.5	10.6	15.5	
-6.6	18.0	8.2	62.3	
0.8	32.8	32.8	170.5	
-16.4	30.3	37.7	143.5	
-14.0	8.2	77.0	57.4	
-1.7	10.6	84.4	25.4	
-11.5	22.9	158.2	-60.7	
-4.1	30.3	259.1	-53.3	
10.6	27.8	251.7	35.2	
8.2	27.8	96.7	89.3	
18.0	27.8	15.5	35.2	
15.5	42.6	5.7	-43.5	
18.0	40.1	18.0	-53.3	
13.1	52.4	45.1	-9.1	
8.2	67.2	-1.7	13.1	
5.7	50.0	-18.9	-1.7	
0.8	47.5	18.0	-46.0	
22.9	72.1	-48.4	-48.4	
37.7	54.9	-191.1	-31.2	
35.2	40.1	-124.7	-6.6	
37.7	45.1	-43.5	-16.4	
22.9	62.3	74.6	-26.3	
15.5	62.3	123.8	-38.6	
18.0	45.1	133.6	-9.1	
32.8	57.4	82.0	57.4	
52.4	45.1	40.1	84.4	
22.9	47.5	82.0	42.6	
22.9	40.1	163.1	50.0	
10.6	45.1	175.4	118.9	
18.0	40.1	35.2	123.8	
30.3	18.0	-156.7	35.2	
32.8	3.2	-272.3	-43.5	
30.3	40.1	-294.4	-65.6	
32.8	42.6	-223.1	-21.4	
25.4	50.0	-146.8	32.8	
30.3	32.8	-105.0	54.9	
18.0	35.2	-107.5	3.2	
15.5	35.2	-127.1	-70.6	
32.8	25.4	-186.2	-105.0	
18.0	27.8	-85.3	-90.2	
18.0	30.3	59.8	-68.1	
25.4	27.8	145.9	50.0	
22.9	30.3	145.9	145.9	
20.5	25.4	182.8	128.7	
18.0	15.5	200.0	89.3	
10.6	32.8	148.4	64.7	
20.5	35.2	59.8	22.9	
25.4	32.8	-119.8	3.2	
32.8	35.2	-65.6	5.7	
35.2	32.8	-14.0	0.8	
37.7	27.8	22.9	-6.6	
37.7	47.5	35.2	94.3	
20.5	47.5	72.1	175.4	
10.6	50.0	104.1	84.4	
-1.7	8.2	35.2	-4.1	
18.0	5.7	-31.2	-9.1	
8.2	18.0	-102.5	-75.5	
10.6	18.0	-109.9	-117.3	
3.2	57.4	-38.6	-68.1	
0.8	64.7	-6.6	-33.7	
-9.1	42.6	-6.6	0.8	
5.7	18.0	64.7	8.2	
-4.1	-11.5	145.9	-9.1	
15.5	-9.1	214.8	-4.1	
15.5	27.8	118.9	-1.7	
5.7	47.5	22.9	-11.5	
-6.6	20.5	50.0	-16.4	
3.2	0.8	40.1	-11.5	
5.7	5.7	47.5	15.5	
13.1	13.1	67.2	27.8	
10.6	22.9	18.0	22.9	
22.9	32.8	-11.5	45.1	
42.6	30.3	-60.7	25.4	
40.1	45.1	-80.4	15.5	
35.2	18.0	-97.6	-14.0	
37.7	10.6	-191.1	-4.1	
35.2	22.9	-237.8	8.2	
42.6	35.2	-260.0	15.5	
20.5	52.4	-114.8	13.1	
20.5	27.8	20.5	-6.6	
22.9	22.9	136.1	22.9	
-14.0	57.4	136.1	35.2	
-1.7	42.6	106.6	27.8	
-4.1	25.4	62.3	13.1	
-4.1	0.8	82.0	-23.8	
3.2	20.5	32.8	-21.4	
3.2	37.7	-21.4	-11.5	
25.4	30.3	-65.6	0.8	
18.0	35.2	-105.0	8.2	
8.2	35.2	-43.5	0.8	
18.0	40.1	15.5	3.2	
15.5	50.0	-1.7	10.6	
5.7	37.7	-68.1	10.6	
5.7	37.7	-92.7	8.2	
-4.1	32.8	-77.9	5.7	
0.8	52.4	-4.1	-9.1	
-11.5	45.1	37.7	-4.1	
-4.1	35.2	131.2	15.5	
5.7	18.0	113.9	8.2	
3.2	22.9	126.2	-6.6	
8.2	20.5	57.4	-26.3	
27.8	18.0	59.8	-28.7	
40.1	18.0	99.2	-58.3	
45.1	57.4	224.6	-90.2	
40.1	67.2	264.0	82.0	
32.8	25.4	145.9	236.9	
32.8	10.6	121.3	118.9	
25.4	25.4	128.7	59.8	
25.4	25.4	86.9	13.1	
20.5	35.2	30.3	-23.8	
30.3	27.8	47.5	0.8	
18.0	32.8	-1.7	22.9	
13.1	37.7	-80.4	-21.4	
30.3	40.1	-119.8	-9.1	
18.0	40.1	-183.7	-11.5	
30.3	40.1	-134.5	-53.3	
10.6	32.8	-122.2	-82.9	
0.8	25.4	-144.4	72.1	
10.6	30.3	-171.4	37.7	
-4.1	10.6	-169.0	-14.0	
10.6	3.2	-97.6	-4.1	
20.5	22.9	5.7	-1.7	
18.0	32.8	42.6	15.5	
0.8	25.4	-16.4	8.2	
10.6	52.4	45.1	-6.6	
10.6	40.1	42.6	27.8	
22.9	52.4	64.7	35.2	
20.5	32.8	118.9	35.2	
25.4	-23.8	96.7	13.1	
18.0	-6.6	109.0	13.1	
25.4	8.2	195.1	13.1	
25.4	5.7	192.7	5.7	
13.1	20.5	116.4	0.8	
-1.7	13.1	77.0	0.8	
-18.9	3.2	-80.4	0.8	
-21.4	-4.1	-11.5	-18.9	
-14.0	8.2	35.2	-14.0	
-26.3	22.9	109.0	-1.7	
-18.9	30.3	64.7	-6.6	
5.7	57.4	42.6	-16.4	
0.8	72.1	-82.9	-4.1	
37.7	47.5	-173.9	10.6	
32.8	47.5	-223.1	18.0	
45.1	35.2	-178.8	5.7	
35.2	45.1	-127.1	27.8	
50.0	42.6	-141.9	64.7	
45.1	37.7	-107.5	91.8	
22.9	35.2	-65.6	106.6	
15.5	13.1	-100.1	32.8	
22.9	22.9	-107.5	37.7	
27.8	40.1	-102.5	-1.7	
22.9	27.8	-36.1	-58.3	
18.0	57.4	-18.9	3.2	
25.4	82.0	-18.9	-14.0	
32.8	40.1	-87.8	-38.6	
20.5	35.2	-73.0	-23.8	
22.9	15.5	3.2	5.7	
8.2	-16.4	30.3	5.7	
5.7	-6.6	77.0	13.1	
-1.7	13.1	109.0	8.2	
3.2	62.3	138.5	-23.8	
0.8	47.5	136.1	-16.4	
5.7	10.6	32.8	123.8	
5.7	45.1	-48.4	104.1	
20.5	40.1	-4.1	47.5	
20.5	40.1	47.5	40.1	
27.8	35.2	82.0	5.7	
18.0	27.8	79.5	-14.0	
0.8	30.3	50.0	-28.7	
-14.0	18.0	22.9	-21.4	
3.2	37.7	67.2	-9.1	
8.2	64.7	101.6	-11.5	
10.6	47.5	123.8	-14.0	
25.4	25.4	104.1	-9.1	
20.5	22.9	143.5	8.2	
30.3	57.4	187.7	-9.1	
32.8	30.3	113.9	-1.7	
45.1	10.6	-11.5	-28.7	
30.3	0.8	-82.9	-9.1	
18.0	27.8	-171.4	42.6	
25.4	30.3	-114.8	123.8	
15.5	42.6	-28.7	86.9	
20.5	42.6	22.9	27.8	
5.7	32.8	18.0	69.7	
20.5	32.8	-80.4	13.1	
22.9	25.4	-124.7	20.5	
10.6	18.0	-58.3	-31.2	
-4.1	15.5	18.0	-114.8	
-14.0	25.4	62.3	-87.8	
3.2	15.5	111.5	-9.1	
-9.1	8.2	113.9	-28.7	
8.2	18.0	64.7	-70.6	
15.5	20.5	101.6	-1.7	
5.7	35.2	116.4	86.9	
20.5	45.1	89.3	64.7	
20.5	40.1	-36.1	-55.8	
30.3	35.2	-53.3	-117.3	
32.8	50.0	-4.1	-117.3	
32.8	47.5	-28.7	-82.9	
35.2	40.1	-48.4	35.2	
20.5	35.2	-26.3	113.9	
25.4	25.4	18.0	138.5	
13.1	40.1	40.1	148.4	
18.0	18.0	18.0	37.7	
-1.7	13.1	-38.6	-26.3	
-14.0	-6.6	-18.9	-31.2	
-11.5	3.2	0.8	-14.0	
-4.1	18.0	-1.7	18.0	
-9.1	37.7	22.9	57.4	
3.2	22.9	30.3	57.4	
20.5	27.8	47.5	18.0	
5.7	42.6	50.0	5.7	
-9.1	54.9	-1.7	3.2	
-9.1	30.3	-85.3	8.2	
-9.1	35.2	-87.8	3.2	
-11.5	40.1	-60.7	10.6	
-4.1	30.3	-100.1	5.7	
5.7	25.4	-73.0	20.5	
40.1	27.8	-31.2	18.0	
40.1	15.5	-41.0	0.8	
59.8	22.9	-9.1	5.7	
50.0	50.0	-43.5	18.0	
45.1	42.6	-46.0	37.7	
52.4	30.3	-23.8	40.1	
40.1	15.5	5.7	42.6	
30.3	8.2	45.1	54.9	
15.5	-6.6	89.3	72.1	
8.2	20.5	91.8	-50.9	
-9.1	10.6	52.4	-95.2	
-11.5	30.3	72.1	-70.6	
-9.1	77.0	57.4	-21.4	
-28.7	79.5	25.4	13.1	
-18.9	40.1	-4.1	15.5	
-28.7	25.4	35.2	-16.4	
-4.1	-21.4	-28.7	-14.0	
10.6	-21.4	-46.0	-36.1	
27.8	13.1	-16.4	-50.9	
27.8	25.4	30.3	-41.0	
32.8	30.3	-9.1	-14.0	
22.9	32.8	5.7	35.2	
32.8	27.8	30.3	42.6	
27.8	27.8	-26.3	47.5	
35.2	30.3	-77.9	45.1	
30.3	45.1	-122.2	-14.0	
30.3	40.1	-129.6	-53.3	
22.9	32.8	-90.2	-4.1	
5.7	52.4	25.4	30.3	
-4.1	30.3	79.5	72.1	
5.7	37.7	42.6	64.7	
-9.1	52.4	10.6	10.6	
-16.4	32.8	-26.3	-6.6	
-11.5	32.8	18.0	-18.9	
0.8	54.9	69.7	-6.6	
18.0	62.3	32.8	-9.1	
13.1	40.1	-26.3	-4.1	
22.9	22.9	37.7	10.6	
18.0	-16.4	40.1	25.4	
22.9	-23.8	54.9	25.4	
37.7	30.3	-21.4	35.2	
30.3	67.2	-60.7	10.6	
25.4	52.4	-28.7	15.5	
25.4	27.8	27.8	30.3	
22.9	15.5	50.0	3.2	
20.5	13.1	35.2	-23.8	
27.8	5.7	50.0	-21.4	
15.5	27.8	62.3	-14.0	
5.7	20.5	54.9	-31.2	
-9.1	15.5	35.2	-36.1	
-1.7	50.0	-31.2	-53.3	
3.2	25.4	-18.9	-55.8	
5.7	8.2	-21.4	-4.1	
18.0	5.7	-41.0	50.0	
25.4	5.7	-18.9	109.0	
10.6	0.8	52.4	89.3	
10.6	-6.6	0.8	13.1	
0.8	-1.7	-73.0	-1.7	
8.2	13.1	-137.0	-11.5	
13.1	37.7	-73.0	10.6	
27.8	57.4	18.0	-23.8	
20.5	64.7	104.1	15.5	
8.2	62.3	138.5	82.0	
-9.1	57.4	168.1	47.5	
15.5	67.2	155.8	27.8	
18.0	74.6	123.8	15.5	
5.7	84.4	62.3	5.7	
-1.7	67.2	-1.7	20.5	
25.4	59.8	-9.1	22.9	
25.4	54.9	5.7	42.6	
30.3	40.1	10.6	5.7	
25.4	35.2	40.1	-18.9	
18.0	50.0	52.4	5.7	
15.5	40.1	18.0	27.8	
25.4	32.8	-60.7	45.1	
27.8	47.5	-73.0	42.6	
13.1	32.8	-33.7	32.8	
-16.4	47.5	-1.7	-48.4	
-14.0	40.1	52.4	-107.5	
5.7	27.8	113.9	-31.2	
25.4	30.3	138.5	-9.1	
-1.7	18.0	0.8	-6.6	
10.6	25.4	-151.7	8.2	
25.4	42.6	-70.6	3.2	
20.5	40.1	67.2	10.6	
13.1	27.8	104.1	15.5	
8.2	22.9	52.4	18.0	
3.2	-6.6	27.8	5.7	
-6.6	-18.9	52.4	18.0	
5.7	3.2	30.3	18.0	
5.7	30.3	-14.0	3.2	
8.2	25.4	-87.8	8.2	
20.5	27.8	-193.6	32.8	
27.8	27.8	-304.3	50.0	
42.6	42.6	-255.1	57.4	
40.1	27.8	-232.9	8.2	
37.7	30.3	-203.4	-18.9	
25.4	22.9	-87.8	-36.1	
32.8	22.9	-92.7	-14.0	
13.1	30.3	-28.7	-16.4	
27.8	54.9	118.9	-28.7	
13.1	32.8	234.5	-4.1	
8.2	35.2	224.6	8.2	
3.2	27.8	165.6	20.5	
5.7	18.0	136.1	18.0	
-1.7	20.5	67.2	35.2	
3.2	22.9	91.8	5.7	
10.6	25.4	111.5	-41.0	
-11.5	47.5	89.3	-38.6	
-4.1	62.3	-1.7	-33.7	
-14.0	67.2	-70.6	-48.4	
-14.0	47.5	-109.9	-28.7	
-26.3	50.0	-171.4	27.8	
-21.4	25.4	-137.0	50.0	
-9.1	20.5	-73.0	62.3	
20.5	3.2	-73.0	64.7	
27.8	-55.8	-38.6	84.4	
-14.0	-53.3	-23.8	27.8	
-43.5	-46.0	-4.1	-73.0	
-41.0	-82.9	35.2	-50.9	
-31.2	-107.5	82.0	52.4	
22.9	-90.2	84.4	74.6	
-4.1	-21.4	74.6	32.8	
-70.6	18.0	22.9	94.3	
-137.0	22.9	50.0	91.8	
-173.9	54.9	27.8	35.2	
-112.4	52.4	-9.1	18.0	
30.3	67.2	15.5	35.2	
109.0	99.2	121.3	59.8	
168.1	131.2	177.9	54.9	
214.8	128.7	82.0	32.8	
158.2	96.7	94.3	-16.4	
50.0	27.8	59.8	-50.9	
-36.1	-6.6	-28.7	-21.4	
-114.8	-36.1	-82.9	-21.4	
-117.3	-18.9	-80.4	-1.7	
-70.6	-6.6	-9.1	-21.4	
-26.3	15.5	-6.6	25.4	
3.2	25.4	37.7	22.9	
3.2	42.6	-90.2	30.3	
32.8	18.0	-178.8	35.2	
-77.9	18.0	-87.8	15.5	
-95.2	15.5	22.9	-28.7	
13.1	30.3	72.1	25.4	
205.0	30.3	150.8	94.3	
298.4	27.8	148.4	104.1	
291.1	59.8	163.1	35.2	
249.2	113.9	131.2	13.1	
187.7	96.7	104.1	-90.2	
141.0	104.1	-16.4	-48.4	
116.4	99.2	-55.8	-48.4	
118.9	64.7	-173.9	-26.3	
123.8	72.1	-210.8	64.7	
121.3	77.0	-122.2	10.6	
99.2	18.0	-60.7	-65.6	
57.4	-38.6	-90.2	-31.2	
22.9	-6.6	-85.3	-9.1	
-11.5	-23.8	-85.3	-26.3	
-28.7	-31.2	-46.0	18.0	
-18.9	-6.6	8.2	37.7	
10.6	15.5	15.5	25.4	
8.2	54.9	-31.2	18.0	
30.3	37.7	18.0	-6.6	
15.5	32.8	32.8	-26.3	
-16.4	22.9	37.7	25.4	
-36.1	54.9	30.3	50.0	
-43.5	86.9	37.7	30.3	
-38.6	91.8	109.0	5.7	
-14.0	52.4	96.7	-6.6	
8.2	25.4	-6.6	3.2	
30.3	40.1	-82.9	20.5	
10.6	69.7	-97.6	8.2	
-18.9	96.7	-87.8	-4.1	
-1.7	77.0	20.5	3.2	
-14.0	96.7	91.8	-23.8	
-1.7	126.2	121.3	-6.6	
-28.7	123.8	123.8	8.2	
10.6	141.0	123.8	-9.1	
20.5	145.9	99.2	-14.0	
-4.1	138.5	22.9	5.7	
25.4	89.3	-1.7	-14.0	
42.6	22.9	-60.7	3.2	
32.8	-63.2	-102.5	8.2	
32.8	-60.7	-77.9	13.1	
20.5	-9.1	-38.6	77.0	
0.8	72.1	-23.8	94.3	
5.7	138.5	-41.0	-4.1	
-4.1	118.9	30.3	-31.2	
-4.1	101.6	109.0	-4.1	
-9.1	50.0	113.9	0.8	
22.9	10.6	50.0	-1.7	
37.7	-63.2	32.8	3.2	
25.4	-141.9	45.1	10.6	
13.1	-186.2	59.8	27.8	
-16.4	-124.7	69.7	0.8	
-9.1	-1.7	74.6	-18.9	
-11.5	72.1	30.3	-9.1	
-63.2	74.6	-63.2	-4.1	
-141.9	72.1	-50.9	-26.3	
-181.3	79.5	-65.6	-16.4	
-166.5	113.9	-41.0	-33.7	
-137.0	94.3	-11.5	-60.7	
-100.1	99.2	25.4	-46.0	
-63.2	113.9	25.4	-43.5	
-36.1	109.0	-1.7	-9.1	
-50.9	126.2	-23.8	25.4	
-114.8	104.1	-48.4	84.4	
-100.1	118.9	10.6	121.3	
-38.6	86.9	27.8	96.7	
-4.1	74.6	67.2	54.9	
141.0	64.7	77.0	45.1	
229.6	32.8	113.9	52.4	
121.3	3.2	268.9	22.9	
-105.0	30.3	308.3	0.8	
-530.6	-1.7	195.1	-38.6	
-670.8	-109.9	-146.8	-21.4	
-498.6	-176.3	-274.7	0.8	
-159.1	-183.7	-242.8	18.0	
163.1	-171.4	-75.5	47.5	
374.7	-119.8	-73.0	47.5	
564.1	-63.2	-77.9	42.6	
662.5	-43.5	-85.3	22.9	
564.1	-112.4	0.8	20.5	
330.4	-151.7	45.1	25.4	
47.5	-137.0	-46.0	40.1	
-321.5	-53.3	-144.4	54.9	
-387.9	67.2	-122.2	42.6	
-328.9	195.1	-100.1	-4.1	
-203.4	288.6	-48.4	-53.3	
123.8	382.1	-23.8	-21.4	
416.5	396.8	-28.7	13.1	
468.2	335.3	-73.0	37.7	
281.2	261.5	-97.6	37.7	
212.3	143.5	-95.2	18.0	
175.4	22.9	-31.2	-1.7	
79.5	-105.0	-16.4	-23.8	
104.1	-171.4	-14.0	-18.9	
187.7	-186.2	32.8	-1.7	
325.5	-92.7	62.3	20.5	
259.1	-11.5	101.6	15.5	
91.8	52.4	190.2	-1.7	
37.7	123.8	232.0	0.8	
72.1	131.2	259.1	-21.4	
128.7	94.3	224.6	-38.6	
128.7	118.9	143.5	-41.0	
121.3	89.3	50.0	-4.1	
45.1	40.1	-23.8	-1.7	
-4.1	5.7	-186.2	-9.1	
-23.8	-23.8	-82.9	-36.1	
-28.7	-65.6	-6.6	-60.7	
-36.1	-100.1	-16.4	-48.4	
-41.0	-114.8	-6.6	5.7	
-85.3	-75.5	-36.1	-16.4	
-129.6	-68.1	-73.0	-70.6	
-178.8	-63.2	-95.2	99.2	
-144.4	-105.0	-107.5	180.4	
-132.1	-102.5	-80.4	138.5	
-100.1	-73.0	-63.2	62.3	
15.5	-36.1	-16.4	3.2	
82.0	-28.7	30.3	-16.4	
59.8	25.4	64.7	-33.7	
74.6	82.0	-23.8	20.5	
52.4	126.2	-134.5	0.8	
-18.9	113.9	-173.9	20.5	
-36.1	113.9	-85.3	101.6	
-18.9	101.6	37.7	128.7	
-21.4	160.7	118.9	57.4	
-53.3	222.2	150.8	-14.0	
-50.9	241.9	200.0	-9.1	
8.2	195.1	177.9	-1.7	
79.5	163.1	84.4	18.0	
54.9	113.9	25.4	-1.7	
0.8	52.4	-6.6	3.2	
-58.3	5.7	96.7	13.1	
-26.3	-100.1	173.0	10.6	
-53.3	-124.7	207.4	-11.5	
-41.0	-43.5	148.4	-9.1	
-33.7	-18.9	8.2	-14.0	
3.2	-90.2	25.4	-1.7	
3.2	-191.1	-4.1	13.1	
-11.5	-235.4	-92.7	10.6	
-58.3	-141.9	-97.6	37.7	
-100.1	-14.0	-58.3	67.2	
-139.4	45.1	74.6	69.7	
-191.1	62.3	175.4	74.6	
-141.9	168.1	205.0	3.2	
-144.4	200.0	143.5	-68.1	
-134.5	165.6	27.8	-73.0	
-132.1	91.8	-92.7	-21.4	
-141.9	35.2	-151.7	32.8	
-117.3	25.4	-301.8	89.3	
-38.6	52.4	-355.9	79.5	
42.6	-28.7	-299.3	27.8	
99.2	3.2	-198.5	-21.4	
165.6	69.7	-55.8	-28.7	
350.1	126.2	40.1	-33.7	
332.9	131.2	50.0	-23.8	
308.3	116.4	18.0	-28.7	
175.4	111.5	0.8	-23.8	
101.6	79.5	-70.6	-23.8	
40.1	32.8	-63.2	-53.3	
-129.6	27.8	-50.9	-58.3	
-292.0	25.4	-75.5	-9.1	
-316.6	10.6	-77.9	0.8	
-309.2	-9.1	-58.3	-21.4	
-223.1	-16.4	-23.8	22.9	
-33.7	-11.5	37.7	133.6	
133.6	-16.4	45.1	143.5	
227.1	-1.7	-41.0	96.7	
205.0	0.8	-43.5	77.0	
273.8	10.6	40.1	40.1	
382.1	67.2	57.4	40.1	
409.1	72.1	62.3	32.8	
241.9	59.8	62.3	-6.6	
50.0	8.2	54.9	-1.7	
-41.0	-53.3	42.6	-16.4	
-70.6	-11.5	67.2	-21.4	
-203.4	0.8	116.4	32.8	
-193.6	8.2	116.4	67.2	
-92.7	20.5	109.0	52.4	
30.3	37.7	101.6	54.9	
116.4	30.3	118.9	74.6	
72.1	22.9	116.4	77.0	
32.8	20.5	104.1	-6.6	
-11.5	10.6	22.9	-23.8	
15.5	18.0	-14.0	3.2	
35.2	10.6	-53.3	8.2	
57.4	13.1	-68.1	-9.1	
94.3	5.7	-73.0	-75.5	
91.8	5.7	18.0	-119.8	
101.6	13.1	32.8	-38.6	
96.7	15.5	3.2	101.6	
72.1	37.7	-11.5	109.0	
52.4	18.0	-33.7	47.5	
77.0	22.9	-18.9	-53.3	
77.0	20.5	-31.2	-95.2	
52.4	13.1	-141.9	-132.1	
32.8	25.4	-159.1	-183.7	
13.1	27.8	-82.9	-33.7	
3.2	18.0	-48.4	99.2	
-18.9	42.6	67.2	190.2	
-16.4	57.4	74.6	116.4	
-18.9	50.0	-16.4	57.4	
-21.4	32.8	-9.1	22.9	
-60.7	25.4	-1.7	27.8	
-102.5	32.8	-23.8	30.3	
-105.0	45.1	-6.6	25.4	
-65.6	37.7	-114.8	3.2	
-4.1	-4.1	-9.1	13.1	
40.1	-48.4	104.1	13.1	
47.5	-48.4	118.9	10.6	
42.6	-75.5	113.9	8.2	
37.7	-114.8	91.8	5.7	
3.2	-181.3	62.3	13.1	
-26.3	-166.5	47.5	20.5	
-41.0	-117.3	45.1	5.7	
-11.5	-132.1	-1.7	3.2	
-4.1	-41.0	-16.4	13.1	
30.3	82.0	15.5	22.9	
54.9	168.1	35.2	32.8	
54.9	214.8	42.6	10.6	
35.2	214.8	25.4	-1.7	
10.6	227.1	18.0	-18.9	
-14.0	219.7	-6.6	-21.4	
-11.5	200.0	-58.3	-18.9	
40.1	153.3	-60.7	15.5	
20.5	113.9	-100.1	27.8	
30.3	109.0	-97.6	52.4	
32.8	84.4	-58.3	47.5	
91.8	84.4	-60.7	47.5	
175.4	50.0	-31.2	20.5	
195.1	-9.1	-21.4	8.2	
163.1	-41.0	-33.7	22.9	
32.8	-48.4	72.1	42.6	
0.8	-48.4	160.7	35.2	
-4.1	-38.6	138.5	20.5	
-46.0	-21.4	82.0	8.2	
-68.1	-31.2	50.0	3.2	
-60.7	-18.9	-6.6	5.7	
-4.1	52.4	-4.1	18.0	
3.2	104.1	-1.7	-11.5	
32.8	94.3	-28.7	-53.3	
57.4	32.8	-105.0	-85.3	
64.7	-26.3	-48.4	-80.4	
13.1	-36.1	-26.3	-53.3	
-11.5	-46.0	-16.4	40.1	
3.2	-41.0	13.1	126.2	
-18.9	-18.9	-4.1	128.7	
-11.5	-36.1	-9.1	153.3	
-16.4	10.6	32.8	180.4	
40.1	22.9	-6.6	62.3	
35.2	37.7	5.7	-53.3	
18.0	77.0	-23.8	-63.2	
-14.0	94.3	-4.1	30.3	
-28.7	126.2	-11.5	18.0	
-26.3	91.8	0.8	5.7	
-28.7	42.6	-4.1	-1.7	
35.2	-11.5	-28.7	3.2	
45.1	-60.7	-9.1	-1.7	
27.8	-46.0	-80.4	0.8	
25.4	-50.9	-58.3	-6.6	
37.7	-16.4	-18.9	-1.7	
27.8	42.6	-1.7	20.5	
27.8	99.2	62.3	37.7	
45.1	128.7	77.0	47.5	
32.8	106.6	133.6	50.0	
47.5	59.8	173.0	22.9	
57.4	57.4	163.1	30.3	
57.4	64.7	180.4	40.1	
77.0	57.4	219.7	47.5	
77.0	77.0	195.1	64.7	
62.3	45.1	126.2	-18.9	
15.5	27.8	-50.9	-9.1	
-28.7	-4.1	-127.1	30.3	
-48.4	-6.6	-139.4	-28.7	
-80.4	5.7	-232.9	-124.7	
-55.8	22.9	-292.0	-90.2	
13.1	37.7	-245.2	-58.3	
37.7	42.6	-166.5	0.8	
52.4	35.2	-102.5	84.4	
54.9	47.5	-176.3	145.9	
47.5	50.0	-215.7	116.4	
30.3	30.3	-159.1	40.1	
22.9	13.1	-100.1	-4.1	
57.4	18.0	-41.0	-23.8	
30.3	40.1	18.0	-14.0	
-9.1	25.4	86.9	-1.7	
-14.0	35.2	91.8	45.1	
-11.5	20.5	67.2	94.3	
54.9	15.5	10.6	52.4	
106.6	22.9	5.7	5.7	
69.7	40.1	121.3	0.8	
40.1	30.3	153.3	32.8	
22.9	42.6	138.5	32.8	
-9.1	57.4	79.5	25.4	
-36.1	42.6	50.0	45.1	
-65.6	30.3	106.6	40.1	
-90.2	-4.1	126.2	25.4	
-21.4	-33.7	77.0	-48.4	
47.5	-41.0	27.8	-97.6	
67.2	-46.0	3.2	-31.2	
22.9	-58.3	13.1	-6.6	
-63.2	-122.2	15.5	8.2	
-77.9	-97.6	3.2	5.7	
-58.3	-21.4	-183.7	-1.7	
-58.3	54.9	-262.4	-9.1	
3.2	52.4	15.5	22.9	
69.7	32.8	219.7	35.2	
99.2	52.4	325.5	-33.7	
82.0	42.6	391.9	-31.2	
54.9	67.2	335.3	5.7	
64.7	62.3	249.2	42.6	
82.0	77.0	160.7	101.6	
104.1	84.4	-65.6	42.6	
57.4	84.4	-296.9	15.5	
32.8	74.6	-400.2	50.0	
22.9	57.4	-309.2	47.5	
0.8	47.5	-193.6	30.3	
-43.5	25.4	-114.8	-18.9	
-43.5	30.3	-159.1	-28.7	
-43.5	25.4	-264.9	-23.8	
-23.8	22.9	-348.5	-1.7	
-77.9	42.6	-294.4	-23.8	
-198.5	57.4	-151.7	-28.7	
-203.4	54.9	-68.1	-48.4	
-109.9	69.7	-9.1	-60.7	
-11.5	64.7	25.4	-65.6	
143.5	50.0	91.8	-58.3	
273.8	50.0	62.3	-28.7	
300.9	35.2	91.8	89.3	
293.5	45.1	126.2	96.7	
190.2	32.8	113.9	106.6	
79.5	18.0	165.6	50.0	
40.1	5.7	205.0	57.4	
10.6	-9.1	234.5	96.7	
-11.5	-9.1	222.2	118.9	
-9.1	15.5	145.9	82.0	
-1.7	42.6	84.4	-68.1	
10.6	57.4	27.8	-73.0	
50.0	72.1	-9.1	-60.7	
54.9	52.4	-6.6	-65.6	
27.8	42.6	-1.7	-48.4	
3.2	47.5	-21.4	-21.4	
-4.1	59.8	-16.4	27.8	
0.8	52.4	-23.8	94.3	
18.0	42.6	-41.0	72.1	
15.5	37.7	-124.7	42.6	
-9.1	52.4	-161.6	35.2	
-60.7	67.2	-132.1	10.6	
-82.9	47.5	-85.3	18.0	
-55.8	37.7	-48.4	52.4	
-65.6	25.4	-36.1	91.8	
-48.4	0.8	-23.8	118.9	
-23.8	13.1	-55.8	106.6	
-6.6	13.1	-58.3	118.9	
25.4	40.1	-50.9	99.2	
77.0	37.7	-31.2	3.2	
74.6	20.5	-31.2	20.5	
67.2	8.2	13.1	96.7	
57.4	-4.1	74.6	74.6	
45.1	10.6	91.8	-73.0	
35.2	32.8	86.9	-112.4	
25.4	67.2	101.6	-70.6	
22.9	57.4	173.0	-95.2	
18.0	-33.7	187.7	-65.6	
-18.9	-134.5	116.4	5.7	
-53.3	-141.9	91.8	-9.1	
-87.8	-77.9	69.7	-26.3	
-87.8	37.7	79.5	-9.1	
-60.7	86.9	145.9	20.5	
-11.5	136.1	0.8	-16.4	
20.5	118.9	-112.4	-6.6	
111.5	133.6	-65.6	177.9	
91.8	128.7	62.3	20.5	
45.1	47.5	-14.0	-75.5	
-16.4	-26.3	13.1	-41.0	
-41.0	-107.5	8.2	3.2	
-28.7	-230.5	32.8	10.6	
-18.9	-245.2	141.0	-14.0	
20.5	-137.0	187.7	-4.1	
25.4	-26.3	5.7	10.6	
69.7	79.5	-164.0	20.5	
64.7	138.5	-218.2	32.8	
77.0	158.2	-178.8	25.4	
40.1	160.7	-82.9	15.5	
40.1	118.9	-50.9	30.3	
35.2	94.3	-18.9	30.3	
25.4	59.8	-11.5	20.5	
0.8	45.1	-53.3	15.5	
-43.5	32.8	-117.3	15.5	
-82.9	54.9	-124.7	25.4	
-77.9	111.5	-149.3	40.1	
-58.3	118.9	-173.9	50.0	
-33.7	91.8	-102.5	37.7	
-33.7	42.6	-21.4	27.8	
-23.8	22.9	-11.5	30.3	
42.6	30.3	18.0	18.0	
69.7	22.9	22.9	10.6	
89.3	13.1	0.8	10.6	
141.0	-23.8	45.1	10.6	
136.1	-75.5	52.4	-4.1	
84.4	-73.0	15.5	10.6	
3.2	-21.4	-31.2	40.1	
-53.3	30.3	-33.7	30.3	
-53.3	94.3	67.2	22.9	
-119.8	106.6	94.3	32.8	
-107.5	131.2	170.5	-18.9	
-1.7	94.3	212.3	-50.9	
67.2	-14.0	246.8	-9.1	
136.1	-122.2	153.3	37.7	
158.2	-112.4	104.1	52.4	
175.4	-55.8	74.6	45.1	
106.6	0.8	67.2	69.7	
72.1	91.8	18.0	57.4	
86.9	121.3	-58.3	40.1	
109.0	101.6	-36.1	-53.3	
77.0	27.8	-26.3	-38.6	
62.3	-28.7	-33.7	-14.0	
37.7	-73.0	0.8	3.2	
-23.8	-16.4	47.5	-11.5	
-23.8	-11.5	13.1	-21.4	
-36.1	-1.7	-4.1	-21.4	
-16.4	-14.0	-85.3	20.5	
-6.6	5.7	35.2	22.9	
-65.6	10.6	86.9	8.2	
-151.7	-41.0	13.1	57.4	
-208.3	-4.1	-154.2	69.7	
-173.9	79.5	-46.0	20.5	
-55.8	163.1	54.9	18.0	
89.3	197.6	27.8	8.2	
249.2	170.5	-87.8	22.9	
325.5	131.2	-176.3	13.1	
325.5	99.2	-203.4	-41.0	
209.9	59.8	-169.0	-65.6	
113.9	13.1	-141.9	-65.6	
62.3	-11.5	-70.6	-70.6	
5.7	-14.0	-6.6	5.7	
-23.8	-38.6	27.8	15.5	
-4.1	-31.2	32.8	-41.0	
-14.0	22.9	57.4	89.3	
-50.9	59.8	106.6	214.8	
-28.7	54.9	86.9	50.0	
-11.5	74.6	-68.1	57.4	
5.7	67.2	-112.4	77.0	
-4.1	54.9	-100.1	91.8	
-21.4	15.5	-46.0	111.5	
-14.0	18.0	-41.0	72.1	
-6.6	-48.4	-4.1	57.4	
-23.8	-82.9	-28.7	45.1	
-31.2	-100.1	-1.7	22.9	
-28.7	-102.5	18.0	18.0	
-63.2	-23.8	67.2	18.0	
-60.7	47.5	54.9	10.6	
-43.5	50.0	30.3	15.5	
-18.9	42.6	30.3	13.1	
-23.8	82.0	50.0	27.8	
-53.3	136.1	77.0	10.6	
-23.8	148.4	94.3	3.2	
0.8	145.9	72.1	-9.1	
-14.0	126.2	84.4	3.2	
-18.9	82.0	153.3	5.7	
-4.1	47.5	173.0	3.2	
15.5	3.2	106.6	5.7	
8.2	-77.9	79.5	18.0	
37.7	-68.1	143.5	32.8	
59.8	-41.0	168.1	15.5	
84.4	0.8	138.5	0.8	
82.0	62.3	47.5	-4.1	
131.2	82.0	3.2	-18.9	
131.2	91.8	-58.3	-41.0	
84.4	121.3	-191.1	-63.2	
42.6	96.7	-213.2	-36.1	
18.0	64.7	-97.6	59.8	
-9.1	82.0	-119.8	18.0	
-58.3	47.5	-21.4	-58.3	
-55.8	25.4	52.4	-80.4	
-28.7	0.8	27.8	45.1	
67.2	5.7	13.1	190.2	
99.2	10.6	59.8	121.3	
32.8	-9.1	37.7	69.7	
54.9	-4.1	-73.0	72.1	
47.5	-33.7	-75.5	72.1	
-23.8	-75.5	-41.0	42.6	
-46.0	-50.9	-97.6	35.2	
-38.6	-4.1	-75.5	-9.1	
-11.5	18.0	8.2	-18.9	
25.4	47.5	-6.6	25.4	
91.8	79.5	-28.7	8.2	
170.5	67.2	-33.7	20.5	
128.7	52.4	-33.7	45.1	
79.5	57.4	-36.1	42.6	
37.7	50.0	-9.1	-38.6	
8.2	25.4	-33.7	-77.9	
-9.1	8.2	13.1	-9.1	
-21.4	-14.0	-4.1	22.9	
-16.4	-14.0	-85.3	-6.6	
-18.9	18.0	-60.7	-11.5	
-11.5	13.1	64.7	-1.7	
22.9	25.4	136.1	-28.7	
20.5	27.8	175.4	-11.5	
5.7	32.8	131.2	18.0	
15.5	37.7	67.2	5.7	
30.3	25.4	25.4	-21.4	
30.3	22.9	-48.4	-16.4	
-16.4	45.1	-122.2	-23.8	
-41.0	40.1	-43.5	-14.0	
-33.7	30.3	10.6	30.3	
-70.6	5.7	10.6	30.3	
-122.2	-16.4	-14.0	47.5	
-117.3	3.2	8.2	57.4	
-77.9	42.6	8.2	22.9	
-23.8	27.8	-28.7	-1.7	
8.2	20.5	-43.5	-9.1	
69.7	37.7	-58.3	25.4	
128.7	57.4	-65.6	40.1	
143.5	77.0	-73.0	45.1	
118.9	104.1	-23.8	47.5	
91.8	113.9	-4.1	64.7	
86.9	106.6	40.1	20.5	
62.3	69.7	40.1	32.8	
45.1	45.1	40.1	13.1	
25.4	10.6	84.4	27.8	
18.0	-31.2	84.4	30.3	
20.5	-46.0	-1.7	18.0	
27.8	-63.2	-14.0	13.1	
13.1	-102.5	27.8	0.8	
20.5	-159.1	0.8	-1.7	
3.2	-134.5	-41.0	-4.1	
-6.6	-70.6	-63.2	10.6	
-4.1	-33.7	-60.7	15.5	
3.2	15.5	-11.5	30.3	
5.7	69.7	15.5	35.2	
10.6	64.7	-11.5	22.9	
15.5	91.8	-33.7	27.8	
5.7	101.6	-28.7	27.8	
0.8	94.3	30.3	32.8	
8.2	91.8	52.4	37.7	
0.8	32.8	54.9	27.8	
10.6	-73.0	79.5	15.5	
5.7	-97.6	67.2	-6.6	
-9.1	-102.5	104.1	-6.6	
-11.5	-50.9	104.1	15.5	
-21.4	8.2	89.3	35.2	
-11.5	118.9	111.5	50.0	
-14.0	143.5	136.1	52.4	
0.8	77.0	126.2	45.1	
3.2	37.7	116.4	-58.3	
3.2	13.1	91.8	-92.7	
13.1	22.9	20.5	-46.0	
37.7	3.2	-26.3	-21.4	
32.8	13.1	-85.3	-14.0	
8.2	30.3	-141.9	10.6	
-9.1	30.3	-105.0	27.8	
-18.9	62.3	-80.4	35.2	
-43.5	133.6	-65.6	30.3	
-117.3	128.7	-33.7	18.0	
-225.5	101.6	50.0	-1.7	
-213.2	111.5	101.6	-18.9	
-137.0	133.6	158.2	-4.1	
-33.7	118.9	165.6	15.5	
72.1	82.0	106.6	22.9	
185.3	45.1	160.7	15.5	
234.5	18.0	219.7	25.4	
222.2	18.0	202.5	5.7	
192.7	-9.1	182.8	5.7	
128.7	-21.4	173.0	13.1	
116.4	-70.6	-11.5	5.7	
59.8	-53.3	-257.5	20.5	
-26.3	-14.0	-267.4	8.2	
-129.6	-6.6	-173.9	-9.1	
-100.1	-43.5	-159.1	-1.7	
-21.4	-50.9	-146.8	22.9	
27.8	-63.2	-200.9	22.9	
57.4	-41.0	-245.2	35.2	
123.8	20.5	-154.2	32.8	
89.3	40.1	-119.8	-6.6	
47.5	32.8	-127.1	-21.4	
-6.6	52.4	-139.4	0.8	
-33.7	96.7	-105.0	10.6	
-46.0	141.0	-11.5	3.2	
-63.2	133.6	45.1	0.8	
-11.5	109.0	67.2	35.2	
27.8	96.7	54.9	74.6	
22.9	59.8	32.8	67.2	
37.7	32.8	0.8	57.4	
50.0	30.3	-31.2	30.3	
77.0	35.2	-127.1	20.5	
67.2	-9.1	-124.7	5.7	
96.7	-26.3	-100.1	15.5	
111.5	-48.4	-65.6	-4.1	
72.1	-36.1	-4.1	-4.1	
47.5	-21.4	22.9	3.2	
37.7	22.9	20.5	0.8	
15.5	35.2	0.8	-1.7	
0.8	54.9	-18.9	8.2	
-26.3	69.7	-6.6	0.8	
-28.7	94.3	13.1	15.5	
-28.7	86.9	69.7	40.1	
-43.5	82.0	104.1	42.6	
-70.6	57.4	123.8	37.7	
-171.4	45.1	47.5	25.4	
-171.4	22.9	30.3	18.0	
-146.8	-9.1	37.7	37.7	
-112.4	-38.6	47.5	32.8	
-43.5	-53.3	42.6	45.1	
96.7	-58.3	52.4	54.9	
200.0	-38.6	77.0	40.1	
165.6	-53.3	27.8	3.2	
153.3	-80.4	20.5	3.2	
141.0	-82.9	86.9	-11.5	
45.1	-87.8	123.8	-28.7	
-65.6	-50.9	104.1	-21.4	
-117.3	8.2	104.1	-1.7	
-105.0	-21.4	77.0	8.2	
-63.2	-68.1	143.5	25.4	
0.8	42.6	173.0	35.2	
94.3	57.4	126.2	18.0	
148.4	37.7	74.6	18.0	
128.7	-41.0	96.7	3.2	
113.9	-18.9	118.9	18.0	
50.0	143.5	84.4	40.1	
-46.0	224.6	5.7	37.7	
-107.5	276.3	22.9	32.8	
-200.9	246.8	131.2	-11.5	
-262.4	175.4	180.4	-21.4	
-235.4	133.6	136.1	18.0	
-70.6	136.1	-33.7	32.8	
113.9	116.4	-200.9	18.0	
261.5	72.1	-343.6	15.5	
355.0	35.2	-336.2	-9.1	
315.7	30.3	-200.9	-4.1	
222.2	25.4	-90.2	-1.7	
131.2	20.5	20.5	-9.1	
54.9	47.5	35.2	-28.7	
15.5	59.8	8.2	-58.3	
-55.8	59.8	-9.1	-65.6	
-97.6	8.2	-43.5	-80.4	
-119.8	3.2	-75.5	-46.0	
-156.7	8.2	-9.1	-31.2	
-134.5	8.2	89.3	-33.7	
-73.0	22.9	101.6	-18.9	
27.8	40.1	-6.6	79.5	
74.6	27.8	-139.4	175.4	
104.1	40.1	-173.9	96.7	
91.8	54.9	-151.7	25.4	
59.8	59.8	-90.2	22.9	
30.3	62.3	-50.9	32.8	
40.1	72.1	-31.2	32.8	
69.7	62.3	32.8	37.7	
121.3	52.4	77.0	37.7	
141.0	74.6	45.1	27.8	
128.7	50.0	18.0	0.8	
111.5	-1.7	25.4	-28.7	
79.5	-31.2	74.6	3.2	
109.0	-28.7	79.5	62.3	
111.5	-11.5	54.9	153.3	
72.1	-16.4	-6.6	177.9	
50.0	-23.8	-11.5	113.9	
27.8	-50.9	69.7	-11.5	
-6.6	-90.2	42.6	-1.7	
-55.8	-68.1	-75.5	-14.0	
-107.5	-65.6	-112.4	15.5	
-97.6	-33.7	-122.2	0.8	
-68.1	0.8	-141.9	-14.0	
-11.5	5.7	-92.7	-16.4	
20.5	-16.4	-46.0	5.7	
67.2	-26.3	8.2	-11.5	
59.8	-16.4	18.0	-14.0	
-18.9	15.5	42.6	-14.0	
-6.6	32.8	42.6	0.8	
18.0	-68.1	79.5	-18.9	
18.0	-171.4	207.4	-6.6	
27.8	-146.8	133.6	-1.7	
37.7	-60.7	84.4	-4.1	
50.0	-21.4	72.1	10.6	
15.5	8.2	116.4	-1.7	
-36.1	59.8	77.0	-4.1	
-97.6	118.9	74.6	0.8	
-75.5	113.9	106.6	10.6	
-73.0	192.7	86.9	-1.7	
-50.9	239.4	109.0	-1.7	
-149.3	217.3	145.9	8.2	
-183.7	182.8	91.8	5.7	
-109.9	94.3	10.6	8.2	
-102.5	64.7	-43.5	20.5	
-105.0	109.0	-92.7	10.6	
-82.9	86.9	-60.7	-14.0	
-112.4	42.6	-70.6	-11.5	
-186.2	32.8	-46.0	5.7	
-102.5	32.8	22.9	15.5	
54.9	72.1	69.7	37.7	
286.1	94.3	72.1	42.6	
455.9	106.6	-36.1	25.4	
522.3	104.1	-232.9	15.5	
414.1	74.6	-164.0	-9.1	
286.1	45.1	-117.3	-21.4	
200.0	15.5	-23.8	-9.1	
89.3	-4.1	40.1	5.7	
-41.0	-1.7	25.4	-1.7	
-73.0	-6.6	-1.7	-6.6	
-141.9	-1.7	-14.0	3.2	
-166.5	-11.5	-73.0	0.8	
-149.3	-28.7	-114.8	8.2	
-198.5	-36.1	-146.8	15.5	
-225.5	-31.2	-134.5	10.6	
-287.0	-38.6	-117.3	8.2	
-358.4	-18.9	-105.0	-1.7	
-225.5	3.2	-48.4	-11.5	
-41.0	30.3	-36.1	5.7	
145.9	25.4	-23.8	10.6	
355.0	-77.9	-18.9	3.2	
468.2	-92.7	67.2	0.8	
532.1	-16.4	121.3	0.8	
495.2	40.1	116.4	10.6	
283.7	62.3	165.6	-1.7	
182.8	99.2	273.8	5.7	
106.6	158.2	325.5	3.2	
45.1	104.1	254.2	15.5	
27.8	-9.1	168.1	15.5	
3.2	-109.9	153.3	8.2	
-70.6	-77.9	170.5	8.2	
-85.3	-50.9	229.6	5.7	
-80.4	-14.0	195.1	5.7	
-60.7	-14.0	57.4	3.2	
-63.2	-14.0	25.4	5.7	
-73.0	50.0	25.4	13.1	
-26.3	59.8	-70.6	18.0	
-1.7	13.1	-129.6	18.0	
3.2	-18.9	-80.4	0.8	
3.2	32.8	-351.0	-11.5	
-23.8	79.5	-597.0	5.7	
-112.4	143.5	-424.8	25.4	
-149.3	177.9	-242.8	20.5	
-196.0	205.0	-159.1	18.0	
-161.6	197.6	-48.4	20.5	
-82.9	126.2	45.1	20.5	
-41.0	57.4	32.8	13.1	
-41.0	59.8	-43.5	15.5	
35.2	67.2	-134.5	20.5	
89.3	96.7	-132.1	8.2	
77.0	113.9	-134.5	8.2	
15.5	69.7	-73.0	20.5	
-28.7	22.9	8.2	22.9	
-21.4	15.5	138.5	10.6	
-16.4	-1.7	207.4	-14.0	
47.5	-87.8	217.3	-4.1	
84.4	-82.9	111.5	13.1	
131.2	-73.0	86.9	15.5	
141.0	-21.4	163.1	13.1	
101.6	-16.4	111.5	13.1	
47.5	25.4	-9.1	5.7	
50.0	116.4	-85.3	-26.3	
62.3	165.6	13.1	-14.0	
45.1	72.1	57.4	-1.7	
0.8	0.8	131.2	20.5	
-50.9	-58.3	136.1	22.9	
-63.2	-127.1	165.6	22.9	
-55.8	-117.3	207.4	47.5	
-43.5	-26.3	150.8	40.1	
3.2	-11.5	67.2	-1.7	
15.5	-6.6	-50.9	-134.5	
47.5	40.1	-38.6	-107.5	
47.5	67.2	-50.9	-58.3	
18.0	89.3	-36.1	40.1	
-11.5	69.7	-28.7	86.9	
-31.2	52.4	22.9	74.6	
-31.2	77.0	22.9	47.5	
-36.1	99.2	42.6	37.7	
-46.0	84.4	-55.8	8.2	
-63.2	37.7	-122.2	-60.7	
-65.6	8.2	-134.5	-97.6	
-46.0	-11.5	-117.3	-141.9	
18.0	-18.9	-100.1	-205.9	
35.2	25.4	8.2	-171.4	
20.5	86.9	69.7	-38.6	
-6.6	37.7	113.9	69.7	
-9.1	-23.8	82.0	286.1	
-18.9	32.8	30.3	328.0	
-1.7	82.0	-14.0	259.1	
69.7	72.1	-41.0	77.0	
141.0	-55.8	-132.1	-26.3	
104.1	-129.6	-18.9	-41.0	
40.1	-41.0	86.9	-6.6	
-14.0	64.7	187.7	-53.3	
-38.6	148.4	315.7	-70.6	
-65.6	202.5	296.0	-68.1	
-73.0	236.9	104.1	22.9	
-95.2	264.0	35.2	82.0	
-132.1	214.8	5.7	54.9	
-188.6	45.1	10.6	57.4	
-232.9	0.8	-154.2	30.3	
-114.8	18.0	-247.7	-4.1	
42.6	8.2	-215.7	-14.0	
143.5	-28.7	-250.1	-26.3	
232.0	-18.9	-245.2	-50.9	
278.8	-9.1	-124.7	-31.2	
291.1	-26.3	-46.0	-18.9	
207.4	-9.1	-6.6	18.0	
143.5	32.8	-77.9	35.2	
69.7	35.2	-68.1	27.8	
-60.7	47.5	-119.8	15.5	
-122.2	35.2	-16.4	-21.4	
-73.0	15.5	91.8	-28.7	
-43.5	18.0	62.3	-36.1	
-14.0	-14.0	-55.8	-4.1	
-16.4	-26.3	-169.0	3.2	
-41.0	-33.7	-114.8	-1.7	
-75.5	-48.4	-33.7	-21.4	
-9.1	-28.7	-21.4	-36.1	
54.9	-21.4	-100.1	20.5	
153.3	-41.0	-161.6	50.0	
155.8	-48.4	-50.9	91.8	
101.6	-1.7	37.7	3.2	
50.0	15.5	136.1	37.7	
-23.8	27.8	212.3	64.7	
-33.7	37.7	170.5	20.5	
-46.0	25.4	99.2	-6.6	
-36.1	67.2	148.4	-14.0	
22.9	82.0	207.4	0.8	
64.7	84.4	288.6	20.5	
45.1	54.9	251.7	22.9	
59.8	22.9	249.2	5.7	
37.7	72.1	315.7	-18.9	
-21.4	62.3	332.9	-14.0	
-26.3	45.1	217.3	-6.6	
13.1	-4.1	89.3	-1.7	
20.5	22.9	-82.9	3.2	
8.2	74.6	-250.1	13.1	
42.6	47.5	-198.5	-1.7	
45.1	54.9	-250.1	-6.6	
8.2	20.5	-341.2	-4.1	
-18.9	20.5	-331.3	-4.1	
-14.0	32.8	-215.7	-9.1	
-85.3	-33.7	-220.6	8.2	
-119.8	-55.8	-304.3	8.2	
-114.8	-82.9	-260.0	-1.7	
-75.5	-137.0	-159.1	-18.9	
8.2	-117.3	-58.3	-33.7	
86.9	-14.0	-4.1	-14.0	
86.9	106.6	-4.1	-6.6	
69.7	207.4	45.1	-6.6	
72.1	222.2	121.3	-18.9	
3.2	192.7	123.8	8.2	
-60.7	126.2	91.8	-14.0	
-65.6	20.5	3.2	-1.7	
-11.5	-43.5	-73.0	-6.6	
20.5	-80.4	-154.2	5.7	
57.4	-53.3	-200.9	15.5	
74.6	15.5	-164.0	25.4	
45.1	89.3	-107.5	0.8	
35.2	45.1	-105.0	-18.9	
22.9	10.6	-63.2	-1.7	
-23.8	-21.4	67.2	-4.1	
-28.7	-38.6	121.3	-11.5	
-16.4	-23.8	113.9	-21.4	
-14.0	-33.7	106.6	-11.5	
-23.8	-26.3	170.5	-11.5	
-16.4	-11.5	244.3	-9.1	
5.7	-31.2	293.5	-1.7	
25.4	47.5	261.5	-21.4	
32.8	62.3	160.7	-6.6	
8.2	27.8	82.0	-1.7	
-9.1	40.1	27.8	-6.6	
-4.1	89.3	-1.7	0.8	
-6.6	91.8	-9.1	-9.1	
-18.9	128.7	20.5	-11.5	
-14.0	155.8	-11.5	-6.6	
-9.1	185.3	-41.0	-1.7	
-36.1	175.4	-77.9	-11.5	
-33.7	91.8	-73.0	-18.9	
-14.0	27.8	-14.0	-23.8	
0.8	-6.6	15.5	-6.6	
-4.1	-41.0	-65.6	-14.0	
-6.6	-46.0	-80.4	-11.5	
-36.1	-60.7	-23.8	0.8	
-97.6	-63.2	72.1	5.7	
-117.3	-46.0	145.9	5.7	
-105.0	-9.1	136.1	0.8	
-82.9	3.2	133.6	3.2	
-58.3	30.3	131.2	-18.9	
22.9	57.4	148.4	-11.5	
96.7	79.5	207.4	0.8	
150.8	89.3	141.0	0.8	
168.1	62.3	-21.4	-9.1	
163.1	62.3	-164.0	-18.9	
145.9	15.5	-100.1	-18.9	
82.0	-4.1	-16.4	-21.4	
37.7	-11.5	-31.2	13.1	
18.0	45.1	-23.8	10.6	
10.6	52.4	-191.1	-9.1	
-31.2	0.8	-215.7	-16.4	
-100.1	5.7	-193.6	-18.9	
-176.3	13.1	-235.4	-31.2	
-210.8	54.9	-215.7	-26.3	
-272.3	113.9	-144.4	-26.3	
-193.6	45.1	-75.5	-48.4	
13.1	-21.4	-28.7	-50.9	
163.1	-9.1	45.1	40.1	
180.4	-16.4	86.9	64.7	
197.6	-80.4	72.1	37.7	
57.4	-82.9	-33.7	5.7	
-36.1	-70.6	-112.4	-6.6	
-65.6	-1.7	-50.9	-50.9	
-48.4	-9.1	54.9	-41.0	
-55.8	-122.2	106.6	-16.4	
-4.1	-146.8	150.8	-48.4	
82.0	-112.4	131.2	-18.9	
227.1	15.5	136.1	15.5	
271.4	116.4	30.3	5.7	
251.7	182.8	-97.6	-33.7	
160.7	222.2	-181.3	-36.1	
64.7	219.7	-159.1	-53.3	
25.4	160.7	-171.4	0.8	
-107.5	42.6	-82.9	86.9	
-314.1	22.9	5.7	42.6	
-380.5	72.1	86.9	22.9	
-336.2	121.3	-11.5	42.6	
-203.4	153.3	-14.0	18.0	
45.1	94.3	69.7	15.5	
303.4	20.5	177.9	-9.1	
443.6	15.5	163.1	-23.8	
372.2	0.8	94.3	-28.7	
197.6	-16.4	-6.6	-26.3	
111.5	-9.1	20.5	-28.7	
50.0	52.4	50.0	-33.7	
57.4	86.9	-58.3	-31.2	
77.0	64.7	-159.1	-36.1	
32.8	96.7	-65.6	-53.3	
13.1	128.7	37.7	-31.2	
-38.6	35.2	54.9	-21.4	
-70.6	-9.1	-31.2	0.8	
-70.6	-9.1	-159.1	25.4	
-33.7	13.1	-132.1	0.8	
18.0	18.0	-102.5	-26.3	
69.7	32.8	-124.7	-38.6	
94.3	84.4	-60.7	-65.6	
99.2	101.6	22.9	-70.6	
143.5	67.2	91.8	-43.5	
77.0	62.3	126.2	-4.1	
40.1	52.4	214.8	13.1	
20.5	8.2	180.4	10.6	
-16.4	3.2	136.1	18.0	
-23.8	-105.0	69.7	13.1	
-21.4	-171.4	18.0	5.7	
-18.9	-112.4	27.8	-1.7	
-21.4	-28.7	20.5	-6.6	
-28.7	79.5	40.1	-75.5	
-33.7	104.1	-55.8	-63.2	
-50.9	35.2	-77.9	-31.2	
-55.8	-85.3	-90.2	0.8	
-23.8	-132.1	-132.1	45.1	
-26.3	-92.7	-92.7	3.2	
-36.1	-109.9	-75.5	0.8	
-41.0	-114.8	-77.9	-31.2	
-9.1	-21.4	-31.2	-43.5	
-1.7	113.9	13.1	-38.6	
-9.1	236.9	32.8	-58.3	
8.2	286.1	-28.7	-60.7	
18.0	168.1	-117.3	-53.3	
35.2	131.2	-117.3	-43.5	
32.8	86.9	-33.7	-28.7	
18.0	64.7	22.9	-14.0	
0.8	3.2	50.0	-1.7	
-1.7	-73.0	57.4	-41.0	
20.5	-144.4	8.2	-31.2	
20.5	-87.8	-36.1	-18.9	
22.9	-28.7	-26.3	-41.0	
30.3	32.8	22.9	-9.1	
3.2	3.2	40.1	18.0	
-90.2	-23.8	40.1	25.4	
-122.2	-18.9	52.4	35.2	
-63.2	69.7	111.5	-9.1	
-33.7	113.9	182.8	-23.8	
-6.6	79.5	227.1	-33.7	
54.9	40.1	212.3	-14.0	
99.2	20.5	180.4	-31.2	
72.1	0.8	131.2	-58.3	
-28.7	-48.4	52.4	-28.7	
-109.9	-196.0	-46.0	-11.5	
-134.5	-257.5	-127.1	-26.3	
-109.9	-228.0	-105.0	-23.8	
-36.1	-114.8	-68.1	-23.8	
62.3	126.2	40.1	-50.9	
32.8	330.4	89.3	-50.9	
15.5	379.6	-16.4	-38.6	
59.8	308.3	-87.8	-31.2	
84.4	224.6	-60.7	-14.0	
200.0	143.5	-14.0	-23.8	
165.6	136.1	116.4	0.8	
145.9	153.3	227.1	10.6	
106.6	101.6	155.8	-16.4	
47.5	13.1	40.1	-4.1	
0.8	-33.7	-33.7	-26.3	
-63.2	-68.1	-21.4	-23.8	
-75.5	-112.4	-105.0	-23.8	
0.8	-134.5	-129.6	-31.2	
72.1	-80.4	-132.1	-14.0	
45.1	-16.4	-102.5	-11.5	
18.0	32.8	-85.3	-38.6	
72.1	106.6	-18.9	-28.7	
113.9	155.8	-11.5	-31.2	
50.0	123.8	47.5	-11.5	
-6.6	104.1	50.0	5.7	
-43.5	91.8	236.9	-11.5	
-18.9	79.5	421.4	-28.7	
22.9	96.7	364.9	-28.7	
131.2	62.3	222.2	-26.3	
173.0	54.9	91.8	-38.6	
160.7	32.8	54.9	-33.7	
123.8	-70.6	-55.8	-31.2	
42.6	-85.3	-223.1	-31.2	
0.8	-26.3	-351.0	-21.4	
-23.8	116.4	-360.8	-26.3	
-9.1	158.2	-314.1	-26.3	
0.8	158.2	-166.5	-6.6	
-9.1	82.0	-139.4	-23.8	
-48.4	-1.7	-105.0	-41.0	
-60.7	-36.1	30.3	-16.4	
-50.9	-85.3	72.1	-23.8	
-38.6	-129.6	86.9	-36.1	
-23.8	-85.3	165.6	-55.8	
-28.7	-85.3	180.4	-41.0	
-36.1	-46.0	145.9	3.2	
-23.8	-18.9	99.2	-1.7	
-38.6	-6.6	13.1	-9.1	
-26.3	123.8	-48.4	-11.5	
-38.6	138.5	-58.3	-14.0	
-33.7	126.2	-70.6	-33.7	
-16.4	72.1	-38.6	-31.2	
-9.1	32.8	-46.0	-31.2	
-1.7	-28.7	-28.7	-21.4	
3.2	-38.6	-26.3	0.8	
15.5	8.2	-23.8	0.8	
20.5	67.2	-9.1	-18.9	
-1.7	123.8	-9.1	-4.1	
5.7	123.8	-46.0	-16.4	
3.2	74.6	-73.0	-14.0	
-1.7	47.5	-73.0	-26.3	
3.2	86.9	-65.6	-31.2	
-9.1	50.0	-48.4	-28.7	
-4.1	-1.7	15.5	-28.7	
-21.4	-48.4	121.3	-28.7	
-26.3	-43.5	197.6	-9.1	
-23.8	-23.8	197.6	-11.5	
-28.7	-6.6	94.3	-6.6	
-4.1	32.8	45.1	10.6	
8.2	79.5	-4.1	-6.6	
18.0	67.2	-26.3	-33.7	
0.8	47.5	-100.1	-36.1	
-4.1	40.1	-90.2	-16.4	
22.9	30.3	-117.3	-9.1	
45.1	3.2	-65.6	-26.3	
37.7	22.9	-6.6	-58.3	
35.2	50.0	64.7	-50.9	
42.6	37.7	69.7	-55.8	
20.5	25.4	64.7	-31.2	
13.1	59.8	104.1	-33.7	
5.7	109.0	113.9	0.8	
-21.4	113.9	104.1	18.0	
-21.4	69.7	101.6	0.8	
-23.8	-50.9	52.4	3.2	
-16.4	-90.2	25.4	-18.9	
-6.6	-87.8	69.7	-23.8	
8.2	-97.6	54.9	-31.2	
27.8	-85.3	15.5	-46.0	
40.1	-97.6	74.6	-38.6	
32.8	-65.6	136.1	-16.4	
15.5	-1.7	116.4	-6.6	
-14.0	-23.8	91.8	-26.3	
-33.7	-11.5	40.1	-48.4	
-33.7	-23.8	8.2	-41.0	
-46.0	-43.5	13.1	-36.1	
-50.9	32.8	47.5	-23.8	
-26.3	111.5	42.6	-38.6	
5.7	99.2	-21.4	-36.1	
25.4	111.5	-26.3	-9.1	
18.0	234.5	-16.4	-31.2	
5.7	264.0	-28.7	-48.4	
-31.2	229.6	-38.6	-36.1	
-9.1	170.5	-82.9	-11.5	
13.1	-9.1	-100.1	0.8	
8.2	-90.2	-43.5	-14.0	
-43.5	-129.6	35.2	-14.0	
-77.9	-60.7	94.3	-11.5	
-48.4	10.6	143.5	-23.8	
-6.6	32.8	136.1	-28.7	
37.7	91.8	104.1	-33.7	
50.0	163.1	99.2	-33.7	
62.3	160.7	-31.2	-11.5	
86.9	165.6	-178.8	-21.4	
99.2	143.5	-173.9	-21.4	
91.8	106.6	-107.5	-18.9	
94.3	69.7	-107.5	-14.0	
106.6	54.9	-9.1	-28.7	
52.4	62.3	42.6	-14.0	
-41.0	35.2	30.3	-46.0	
-80.4	30.3	99.2	-53.3	
-53.3	47.5	101.6	-68.1	
13.1	-1.7	57.4	-75.5	
89.3	-68.1	47.5	-63.2	
101.6	-129.6	-16.4	-33.7	
27.8	-149.3	-36.1	-31.2	
5.7	-70.6	-100.1	-28.7	
15.5	50.0	-50.9	-36.1	
-33.7	74.6	-28.7	-11.5	
-33.7	126.2	-68.1	52.4	
-31.2	165.6	-97.6	77.0	
-73.0	168.1	-107.5	45.1	
-41.0	190.2	-95.2	52.4	
-53.3	145.9	-63.2	72.1	
-1.7	79.5	-55.8	45.1	
106.6	25.4	-18.9	-4.1	
148.4	-28.7	25.4	-21.4	
79.5	-75.5	50.0	-14.0	
-36.1	-75.5	113.9	5.7	
-16.4	-28.7	219.7	45.1	
13.1	-6.6	239.4	45.1	
20.5	-23.8	192.7	25.4	
-16.4	-68.1	177.9	32.8	
-77.9	-58.3	155.8	22.9	
-53.3	-41.0	145.9	5.7	
-14.0	15.5	126.2	-14.0	
3.2	57.4	91.8	-6.6	
20.5	35.2	143.5	-1.7	
62.3	18.0	118.9	-6.6	
74.6	37.7	77.0	-4.1	
84.4	77.0	62.3	10.6	
82.0	40.1	136.1	5.7	
42.6	-11.5	91.8	8.2	
54.9	-18.9	-31.2	5.7	
59.8	15.5	-87.8	20.5	
64.7	45.1	-60.7	3.2	
27.8	86.9	-90.2	-14.0	
5.7	67.2	-90.2	-23.8	
15.5	47.5	-112.4	-41.0	
30.3	72.1	-102.5	-36.1	
22.9	82.0	-73.0	-38.6	
30.3	77.0	-36.1	-46.0	
27.8	67.2	-6.6	3.2	
27.8	30.3	50.0	13.1	
-18.9	20.5	77.0	30.3	
-41.0	-26.3	69.7	45.1	
-50.9	-41.0	35.2	30.3	
-26.3	-53.3	-50.9	13.1	
-1.7	-48.4	-48.4	-14.0	
37.7	-23.8	22.9	-28.7	
57.4	3.2	106.6	-23.8	
32.8	67.2	104.1	-21.4	
22.9	69.7	47.5	-1.7	
40.1	86.9	-90.2	-14.0	
20.5	121.3	-87.8	-1.7	
3.2	99.2	25.4	5.7	
0.8	67.2	84.4	0.8	
13.1	27.8	69.7	-1.7	
15.5	-36.1	74.6	-4.1	
15.5	-87.8	37.7	-14.0	
20.5	-75.5	-33.7	-33.7	
20.5	-68.1	-117.3	-41.0	
32.8	-36.1	-171.4	-28.7	
22.9	-18.9	-87.8	-38.6	
15.5	-122.2	54.9	-46.0	
3.2	-144.4	113.9	-11.5	
3.2	-4.1	27.8	8.2	
22.9	128.7	-18.9	10.6	
35.2	224.6	-87.8	20.5	
20.5	246.8	-63.2	8.2	
-16.4	227.1	-33.7	-21.4	
-14.0	222.2	3.2	-23.8	
20.5	84.4	69.7	-14.0	
25.4	30.3	118.9	-6.6	
35.2	30.3	126.2	-18.9	
37.7	57.4	111.5	-16.4	
40.1	-1.7	109.0	-26.3	
35.2	-16.4	57.4	-28.7	
20.5	-70.6	27.8	-26.3	
18.0	-105.0	20.5	-21.4	
35.2	-100.1	5.7	-14.0	
0.8	47.5	-33.7	-11.5	
-36.1	185.3	-14.0	-6.6	
-50.9	165.6	18.0	-23.8	
-36.1	104.1	32.8	-14.0	
-26.3	32.8	32.8	-9.1	
-21.4	-16.4	15.5	-26.3	
-1.7	-4.1	20.5	-18.9	
25.4	37.7	37.7	-14.0	
52.4	106.6	62.3	-14.0	
37.7	158.2	86.9	-4.1	
40.1	177.9	64.7	-1.7	
62.3	160.7	22.9	-9.1	
57.4	136.1	-26.3	-9.1	
0.8	67.2	-50.9	-41.0	
-9.1	-9.1	-4.1	-55.8	
8.2	-53.3	32.8	-46.0	
8.2	-38.6	91.8	-48.4	
13.1	-1.7	104.1	-26.3	
20.5	-4.1	72.1	-26.3	
32.8	13.1	84.4	13.1	
37.7	22.9	106.6	50.0	
57.4	32.8	84.4	32.8	
89.3	91.8	5.7	8.2	
72.1	54.9	-146.8	-36.1	
32.8	-14.0	-196.0	-38.6	
18.0	-16.4	-112.4	-33.7	
-14.0	8.2	-18.9	-1.7	
-33.7	-1.7	15.5	-1.7	
-33.7	-65.6	13.1	-4.1	
-36.1	-169.0	99.2	0.8	
-28.7	-210.8	91.8	10.6	
-16.4	-161.6	99.2	13.1	
-14.0	-70.6	123.8	18.0	
-11.5	-36.1	106.6	5.7	
5.7	-33.7	52.4	-14.0	
45.1	-18.9	13.1	-11.5	
54.9	67.2	-16.4	-21.4	
79.5	121.3	-105.0	-28.7	
54.9	195.1	-171.4	-26.3	
45.1	207.4	-127.1	-16.4	
25.4	217.3	-80.4	-23.8	
18.0	207.4	-77.9	-16.4	
-11.5	165.6	-50.9	-14.0	
-33.7	126.2	15.5	-16.4	
-16.4	131.2	74.6	-6.6	
-11.5	64.7	96.7	-36.1	
-18.9	40.1	91.8	-41.0	
20.5	50.0	79.5	-48.4	
67.2	84.4	27.8	-38.6	
67.2	82.0	-6.6	-6.6	
50.0	72.1	30.3	3.2	
-6.6	57.4	101.6	-4.1	
0.8	40.1	126.2	-16.4	
-14.0	-6.6	175.4	-26.3	
-18.9	-68.1	150.8	-36.1	
-33.7	-53.3	195.1	-16.4	
-50.9	-23.8	209.9	-46.0	
-58.3	3.2	168.1	-55.8	
-36.1	22.9	128.7	-28.7	
-28.7	-6.6	113.9	-33.7	
-43.5	-122.2	40.1	-43.5	
-11.5	-156.7	-18.9	-11.5	
-1.7	-97.6	-75.5	-9.1	
37.7	-18.9	-114.8	20.5	
86.9	-1.7	-43.5	5.7	
91.8	-28.7	-1.7	-21.4	
42.6	-82.9	35.2	-16.4	
8.2	-73.0	35.2	-6.6	
8.2	-43.5	13.1	-18.9	
40.1	79.5	-1.7	-41.0	
113.9	175.4	-23.8	-31.2	
133.6	177.9	-11.5	-11.5	
138.5	109.0	-14.0	-28.7	
86.9	59.8	-18.9	-63.2	
-21.4	99.2	-33.7	-48.4	
-70.6	187.7	-46.0	-18.9	
-82.9	205.0	-119.8	-14.0	
-36.1	136.1	-127.1	-23.8	
22.9	94.3	-68.1	-14.0	
82.0	22.9	-43.5	-9.1	
84.4	37.7	-38.6	-6.6	
57.4	91.8	-48.4	-9.1	
20.5	143.5	-60.7	-9.1	
18.0	121.3	-38.6	-11.5	
27.8	57.4	-53.3	-9.1	
32.8	0.8	-90.2	-23.8	
37.7	-11.5	-107.5	-18.9	
30.3	-109.9	-90.2	-14.0	
18.0	-109.9	-95.2	0.8	
35.2	-46.0	-75.5	-6.6	
32.8	37.7	-16.4	-23.8	
25.4	86.9	79.5	-9.1	
3.2	104.1	104.1	-21.4	
-9.1	113.9	138.5	-21.4	
-21.4	136.1	111.5	-14.0	
-23.8	104.1	96.7	-6.6	
-21.4	86.9	118.9	8.2	
-18.9	72.1	109.0	5.7	
8.2	62.3	118.9	-11.5	
20.5	8.2	86.9	-26.3	
40.1	0.8	67.2	-9.1	
42.6	-60.7	47.5	-21.4	
35.2	-87.8	54.9	-18.9	
18.0	-112.4	8.2	-28.7	
15.5	-87.8	-50.9	-33.7	
-1.7	-68.1	-14.0	-28.7	
-18.9	-16.4	42.6	-14.0	
-38.6	47.5	96.7	-21.4	
-41.0	77.0	77.0	-6.6	
-33.7	72.1	79.5	8.2	
-21.4	-43.5	72.1	5.7	
-14.0	-164.0	106.6	-11.5	
8.2	-146.8	91.8	-18.9	
30.3	22.9	5.7	-31.2	
64.7	153.3	-53.3	-26.3	
47.5	219.7	-55.8	-23.8	
42.6	244.3	-85.3	-23.8	
27.8	246.8	-119.8	-31.2	
18.0	214.8	-122.2	-33.7	
18.0	54.9	-139.4	-21.4	
-4.1	-23.8	-129.6	-18.9	
-4.1	-75.5	-77.9	-26.3	
-14.0	-137.0	30.3	-28.7	
18.0	-109.9	163.1	-21.4	
30.3	3.2	153.3	-4.1	
27.8	59.8	84.4	3.2	
10.6	30.3	-1.7	42.6	
13.1	8.2	-26.3	84.4	
22.9	3.2	-14.0	52.4	
40.1	52.4	50.0	13.1	
20.5	126.2	99.2	-9.1	
8.2	131.2	106.6	-26.3	
3.2	133.6	116.4	-4.1	
0.8	91.8	91.8	10.6	
15.5	52.4	32.8	-6.6	
13.1	74.6	-6.6	-21.4	
-4.1	94.3	-23.8	-4.1	
-6.6	79.5	-50.9	-16.4	
-6.6	67.2	-82.9	-14.0	
25.4	67.2	-75.5	-14.0	
30.3	67.2	-97.6	-9.1	
10.6	69.7	-134.5	-16.4	
20.5	27.8	-137.0	-6.6	
20.5	30.3	-60.7	-18.9	
5.7	72.1	25.4	-9.1	
20.5	25.4	69.7	-18.9	
22.9	10.6	79.5	-14.0	
3.2	5.7	86.9	-9.1	
-1.7	45.1	86.9	-14.0	
3.2	54.9	57.4	-21.4	
3.2	59.8	5.7	5.7	
-14.0	42.6	-53.3	-1.7	
-92.7	45.1	-9.1	-9.1	
-129.6	42.6	8.2	-11.5	
-127.1	22.9	-1.7	-6.6	
-75.5	13.1	30.3	3.2	
-4.1	-48.4	116.4	18.0	
64.7	-50.9	180.4	5.7	
128.7	-14.0	209.9	-6.6	
155.8	13.1	160.7	-18.9	
155.8	59.8	136.1	-14.0	
123.8	77.0	128.7	-11.5	
72.1	77.0	148.4	0.8	
57.4	57.4	72.1	-18.9	
47.5	54.9	-6.6	-21.4	
15.5	47.5	-58.3	-26.3	
3.2	30.3	-65.6	-14.0	
-1.7	25.4	-183.7	-33.7	
-31.2	37.7	-267.4	-26.3	
-46.0	54.9	-232.9	-23.8	
-16.4	74.6	-97.6	-31.2	
25.4	22.9	-38.6	-9.1	
32.8	-46.0	-4.1	32.8	
0.8	-146.8	15.5	50.0	
0.8	-114.8	25.4	42.6	
18.0	-28.7	30.3	25.4	
20.5	25.4	15.5	20.5	
40.1	82.0	-31.2	20.5	
59.8	32.8	-48.4	-1.7	
35.2	15.5	-11.5	8.2	
0.8	15.5	8.2	15.5	
-23.8	13.1	15.5	18.0	
-21.4	3.2	64.7	5.7	
8.2	-9.1	62.3	-11.5	
52.4	-117.3	52.4	0.8	
45.1	-97.6	67.2	-9.1	
15.5	8.2	143.5	-14.0	
5.7	182.8	150.8	-11.5	
-21.4	187.7	128.7	-11.5	
-43.5	101.6	86.9	-53.3	
-26.3	-36.1	67.2	-46.0	
-1.7	-134.5	69.7	-14.0	
27.8	-85.3	54.9	20.5	
45.1	8.2	47.5	89.3	
69.7	153.3	45.1	121.3	
74.6	261.5	54.9	35.2	
91.8	281.2	22.9	-28.7	
111.5	214.8	8.2	-38.6	
64.7	89.3	-36.1	-26.3	
42.6	-11.5	-48.4	-41.0	
47.5	5.7	3.2	-18.9	
37.7	25.4	35.2	0.8	
32.8	15.5	42.6	-16.4	
20.5	13.1	20.5	-23.8	
20.5	62.3	8.2	-16.4	
18.0	121.3	5.7	20.5	
18.0	148.4	18.0	37.7	
15.5	123.8	-4.1	20.5	
18.0	89.3	-50.9	5.7	
27.8	74.6	-80.4	-9.1	
15.5	72.1	-38.6	-9.1	
22.9	89.3	30.3	-28.7	
22.9	79.5	13.1	-14.0	
32.8	32.8	-23.8	-9.1	
40.1	18.0	-80.4	-16.4	
45.1	35.2	-58.3	-14.0	
25.4	50.0	-58.3	-4.1	
8.2	22.9	-18.9	-11.5	
18.0	22.9	64.7	-9.1	
0.8	30.3	126.2	-14.0	
-9.1	35.2	91.8	-14.0	
-9.1	3.2	50.0	-9.1	
8.2	30.3	54.9	-6.6	
13.1	45.1	50.0	-28.7	
18.0	35.2	15.5	-26.3	
27.8	15.5	-60.7	-21.4	
15.5	-36.1	-119.8	-23.8	
5.7	-60.7	-90.2	-38.6	
-14.0	-50.9	-53.3	-26.3	
3.2	-9.1	-65.6	-4.1	
10.6	18.0	-55.8	3.2	
8.2	47.5	-26.3	18.0	
18.0	42.6	8.2	5.7	
18.0	25.4	45.1	0.8	
22.9	64.7	77.0	-9.1	
32.8	123.8	89.3	-9.1	
25.4	96.7	104.1	-9.1	
20.5	99.2	86.9	-4.1	
18.0	113.9	47.5	-18.9	
5.7	101.6	50.0	-4.1	
5.7	18.0	0.8	8.2	
5.7	-63.2	-28.7	0.8	
3.2	-28.7	-38.6	-4.1	
3.2	-6.6	-70.6	-1.7	
18.0	15.5	-65.6	0.8	
15.5	37.7	-50.9	-16.4	
13.1	62.3	0.8	-11.5	
22.9	47.5	45.1	-21.4	
22.9	30.3	32.8	-28.7	
25.4	37.7	-11.5	-48.4	
25.4	40.1	-14.0	-46.0	
32.8	27.8	27.8	0.8	
30.3	32.8	37.7	-9.1	
25.4	-55.8	-33.7	37.7	
30.3	-134.5	-31.2	37.7	
25.4	-105.0	27.8	20.5	
3.2	-60.7	27.8	8.2	
-26.3	-11.5	3.2	22.9	
-14.0	57.4	-9.1	3.2	
3.2	128.7	10.6	-33.7	
22.9	138.5	3.2	-14.0	
47.5	109.0	-31.2	15.5	
45.1	74.6	-21.4	25.4	
32.8	101.6	18.0	-41.0	
10.6	123.8	64.7	-68.1	
-1.7	94.3	94.3	-16.4	
-1.7	136.1	106.6	35.2	
0.8	123.8	64.7	64.7	
-4.1	62.3	27.8	64.7	
20.5	47.5	40.1	35.2	
13.1	67.2	69.7	18.0	
-6.6	20.5	89.3	13.1	
-4.1	13.1	91.8	15.5	
10.6	18.0	99.2	5.7	
20.5	15.5	96.7	30.3	
18.0	18.0	69.7	27.8	
15.5	45.1	-4.1	15.5	
35.2	54.9	-73.0	-4.1	
18.0	72.1	-85.3	0.8	
42.6	67.2	-109.9	-9.1	
54.9	52.4	-139.4	-4.1	
62.3	57.4	-124.7	-14.0	
54.9	57.4	-50.9	5.7	
35.2	62.3	47.5	3.2	
22.9	54.9	109.0	-11.5	
10.6	32.8	86.9	5.7	
5.7	8.2	52.4	3.2	
5.7	8.2	-11.5	-16.4	
8.2	10.6	-107.5	-26.3	
-4.1	10.6	-154.2	-14.0	
-11.5	-11.5	-171.4	-1.7	
-1.7	-80.4	-90.2	32.8	
22.9	-141.9	-36.1	8.2	
32.8	-112.4	-28.7	-14.0	
30.3	-6.6	27.8	-9.1	
35.2	64.7	64.7	-18.9	
32.8	37.7	133.6	-4.1	
57.4	20.5	143.5	-14.0	
45.1	50.0	118.9	-18.9	
35.2	69.7	148.4	-18.9	
47.5	96.7	170.5	-38.6	
47.5	91.8	160.7	-23.8	
32.8	94.3	118.9	-18.9	
15.5	96.7	84.4	8.2	
-4.1	101.6	30.3	13.1	
15.5	91.8	5.7	10.6	
15.5	82.0	-9.1	22.9	
15.5	77.0	27.8	18.0	
5.7	59.8	40.1	3.2	
5.7	50.0	20.5	8.2	
32.8	27.8	-18.9	-1.7	
5.7	10.6	-77.9	20.5	
-14.0	-36.1	-68.1	8.2	
-28.7	-68.1	-6.6	-6.6	
-31.2	-129.6	20.5	-9.1	
8.2	-166.5	-1.7	-9.1	
50.0	-173.9	-55.8	5.7	
74.6	-141.9	0.8	-11.5	
59.8	-58.3	89.3	-21.4	
27.8	27.8	141.0	-6.6	
-28.7	91.8	168.1	-14.0	
-16.4	143.5	177.9	-4.1	
32.8	138.5	187.7	32.8	
62.3	123.8	153.3	35.2	
52.4	94.3	148.4	45.1	
62.3	10.6	173.0	50.0	
32.8	54.9	190.2	25.4	
5.7	126.2	195.1	25.4	
-18.9	128.7	200.0	27.8	
-6.6	131.2	195.1	25.4	
10.6	187.7	187.7	30.3	
52.4	160.7	153.3	25.4	
54.9	106.6	111.5	18.0	
57.4	96.7	40.1	20.5	
10.6	101.6	-23.8	-9.1	
-1.7	77.0	-46.0	-16.4	
25.4	8.2	-31.2	-14.0	
20.5	-85.3	-9.1	-6.6	
27.8	-127.1	15.5	25.4	
20.5	-146.8	94.3	25.4	
-1.7	-90.2	123.8	0.8	
-18.9	-48.4	116.4	-9.1	
-21.4	25.4	84.4	13.1	
-4.1	79.5	18.0	20.5	
15.5	145.9	-38.6	8.2	
30.3	133.6	-122.2	0.8	
20.5	94.3	-228.0	3.2	
0.8	101.6	-282.1	0.8	
-14.0	104.1	-304.3	-1.7	
-31.2	91.8	-292.0	-6.6	
-31.2	89.3	-193.6	0.8	
-31.2	86.9	-43.5	8.2	
-4.1	52.4	-33.7	5.7	
27.8	13.1	-90.2	0.8	
37.7	10.6	-50.9	-9.1	
40.1	37.7	-53.3	-4.1	
40.1	59.8	-65.6	-4.1	
35.2	15.5	-68.1	3.2	
13.1	-31.2	-109.9	-16.4	
-6.6	-21.4	-141.9	0.8	
-18.9	-18.9	-122.2	-14.0	
-1.7	25.4	-119.8	-18.9	
-6.6	50.0	-114.8	-1.7	
20.5	45.1	-82.9	5.7	
35.2	86.9	-77.9	-16.4	
42.6	101.6	-119.8	-18.9	
45.1	69.7	-134.5	-9.1	
37.7	42.6	-77.9	0.8	
45.1	47.5	-28.7	-4.1	
52.4	40.1	-50.9	-16.4	
67.2	52.4	-77.9	-1.7	
74.6	52.4	-36.1	-16.4	
59.8	54.9	-33.7	-31.2	
57.4	52.4	-23.8	-23.8	
47.5	30.3	20.5	-9.1	
45.1	64.7	69.7	-4.1	
37.7	64.7	116.4	3.2	
18.0	25.4	133.6	42.6	
18.0	13.1	101.6	64.7	
18.0	-6.6	109.0	20.5	
20.5	3.2	101.6	22.9	
27.8	-4.1	47.5	32.8	
40.1	-4.1	-28.7	13.1	
22.9	-1.7	-48.4	0.8	
3.2	25.4	-14.0	-4.1	
-4.1	37.7	42.6	-18.9	
-6.6	20.5	59.8	-14.0	
15.5	20.5	37.7	-11.5	
32.8	18.0	37.7	-14.0	
18.0	-1.7	52.4	-1.7	
22.9	0.8	40.1	0.8	
20.5	3.2	-1.7	8.2	
27.8	40.1	-4.1	-1.7	
18.0	77.0	72.1	-14.0	
20.5	104.1	96.7	-48.4	
22.9	57.4	40.1	-60.7	
18.0	10.6	-1.7	-16.4	
27.8	-38.6	-31.2	-9.1	
13.1	-114.8	-70.6	-6.6	
10.6	-176.3	-97.6	22.9	
10.6	-107.5	-119.8	45.1	
13.1	3.2	-122.2	74.6	
-4.1	121.3	-117.3	22.9	
-38.6	155.8	-92.7	-1.7	
-55.8	163.1	-1.7	-28.7	
-63.2	197.6	-4.1	-21.4	
-36.1	118.9	-6.6	-1.7	
-6.6	-6.6	-9.1	-11.5	
22.9	-53.3	-50.9	32.8	
94.3	-73.0	-41.0	22.9	
133.6	-77.9	-41.0	20.5	
123.8	-48.4	-38.6	-4.1	
84.4	0.8	5.7	-14.0	
30.3	111.5	18.0	-4.1	
-26.3	185.3	-9.1	-1.7	
-97.6	153.3	-9.1	-4.1	
-124.7	45.1	8.2	-16.4	
-60.7	18.0	13.1	-23.8	
22.9	32.8	-18.9	-28.7	
91.8	54.9	-14.0	-16.4	
180.4	47.5	22.9	-23.8	
160.7	74.6	69.7	0.8	
116.4	13.1	96.7	13.1	
123.8	-46.0	104.1	18.0	
57.4	3.2	42.6	-4.1	
8.2	54.9	15.5	-18.9	
22.9	74.6	64.7	-1.7	
72.1	101.6	62.3	-1.7	
82.0	111.5	-70.6	8.2	
82.0	59.8	-129.6	-9.1	
64.7	3.2	-21.4	3.2	
8.2	-38.6	45.1	-14.0	
-16.4	13.1	84.4	-1.7	
-6.6	111.5	101.6	40.1	
-18.9	168.1	54.9	32.8	
0.8	180.4	-33.7	13.1	
30.3	177.9	-124.7	18.0	
42.6	99.2	-260.0	25.4	
32.8	13.1	-188.6	27.8	
25.4	-23.8	-11.5	18.0	
8.2	-4.1	-43.5	18.0	
-6.6	-4.1	-46.0	18.0	
25.4	27.8	10.6	27.8	
32.8	45.1	99.2	13.1	
27.8	77.0	190.2	13.1	
5.7	106.6	251.7	3.2	
3.2	79.5	236.9	13.1	
0.8	59.8	185.3	13.1	
0.8	5.7	116.4	18.0	
-6.6	-33.7	25.4	20.5	
-11.5	-28.7	-70.6	20.5	
-23.8	-48.4	-129.6	18.0	
-9.1	-46.0	-38.6	0.8	
-4.1	-38.6	-14.0	-4.1	
15.5	-36.1	40.1	5.7	
30.3	-21.4	47.5	0.8	
37.7	-4.1	-18.9	-9.1	
35.2	13.1	-68.1	8.2	
27.8	50.0	-70.6	10.6	
35.2	69.7	-100.1	5.7	
27.8	64.7	-77.9	-6.6	
27.8	35.2	-43.5	5.7	
45.1	3.2	-75.5	0.8	
30.3	25.4	-85.3	-6.6	
-31.2	40.1	-28.7	-1.7	
-70.6	30.3	-11.5	-6.6	
-63.2	-6.6	0.8	-9.1	
-43.5	-26.3	20.5	0.8	
-21.4	-11.5	-4.1	-9.1	
5.7	-28.7	-75.5	-4.1	
35.2	8.2	-23.8	-16.4	
37.7	40.1	32.8	-1.7	
35.2	50.0	52.4	0.8	
25.4	30.3	3.2	-14.0	
-6.6	-11.5	-36.1	-33.7	
-4.1	-18.9	-38.6	-4.1	
0.8	37.7	13.1	10.6	
27.8	177.9	45.1	-9.1	
64.7	177.9	45.1	-6.6	
106.6	133.6	45.1	-6.6	
106.6	67.2	77.0	-18.9	
45.1	-6.6	77.0	10.6	
35.2	-36.1	-21.4	18.0	
57.4	-50.9	-16.4	-6.6	
35.2	-80.4	15.5	-14.0	
13.1	-87.8	69.7	3.2	
27.8	-75.5	59.8	5.7	
25.4	8.2	121.3	-4.1	
27.8	67.2	153.3	8.2	
20.5	126.2	170.5	13.1	
27.8	143.5	138.5	20.5	
57.4	145.9	104.1	-1.7	
82.0	153.3	57.4	8.2	
94.3	133.6	-6.6	-1.7	
64.7	101.6	-114.8	-33.7	
20.5	67.2	-272.3	-16.4	
25.4	59.8	-223.1	-14.0	
22.9	59.8	-100.1	18.0	
15.5	57.4	3.2	25.4	
-4.1	32.8	-31.2	10.6	
0.8	20.5	-48.4	-11.5	
8.2	22.9	-46.0	-1.7	
-1.7	22.9	-33.7	-9.1	
-6.6	-46.0	-38.6	-31.2	
32.8	-213.2	-50.9	-18.9	
96.7	-432.2	-53.3	-18.9	
94.3	-491.2	-28.7	27.8	
57.4	-326.4	-18.9	10.6	
27.8	-85.3	59.8	-1.7	
27.8	131.2	84.4	-18.9	
22.9	359.9	69.7	-31.2	
27.8	524.8	22.9	-11.5	
32.8	593.6	8.2	-1.7	
42.6	514.9	22.9	5.7	
22.9	335.3	89.3	18.0	
-6.6	163.1	104.1	30.3	
-28.7	86.9	52.4	15.5	
-28.7	50.0	0.8	-4.1	
8.2	0.8	-92.7	5.7	
15.5	-33.7	-97.6	18.0	
47.5	-46.0	-70.6	25.4	
45.1	-46.0	-58.3	22.9	
52.4	-85.3	-4.1	22.9	
59.8	-58.3	3.2	18.0	
47.5	-36.1	-11.5	25.4	
37.7	-28.7	-31.2	22.9	
30.3	22.9	-60.7	15.5	
30.3	32.8	0.8	3.2	
22.9	42.6	57.4	20.5	
27.8	22.9	69.7	40.1	
18.0	-18.9	52.4	18.0	
10.6	-41.0	27.8	15.5	
3.2	-41.0	15.5	-9.1	
-18.9	-16.4	64.7	13.1	
-21.4	27.8	79.5	22.9	
-14.0	99.2	37.7	18.0	
18.0	109.0	-23.8	0.8	
27.8	96.7	-53.3	8.2	
8.2	72.1	-16.4	5.7	
-43.5	32.8	-33.7	-11.5	
-80.4	8.2	-60.7	-11.5	
-58.3	-36.1	30.3	-6.6	
-33.7	-21.4	37.7	0.8	
22.9	-1.7	-50.9	-9.1	
72.1	52.4	-82.9	27.8	
128.7	45.1	-75.5	5.7	
138.5	45.1	-28.7	-53.3	
104.1	35.2	35.2	-63.2	
84.4	27.8	64.7	-28.7	
40.1	30.3	67.2	-36.1	
15.5	57.4	59.8	-16.4	
8.2	27.8	131.2	18.0	
13.1	45.1	187.7	3.2	
27.8	59.8	175.4	50.0	
27.8	27.8	89.3	84.4	
25.4	18.0	32.8	84.4	
32.8	0.8	-4.1	40.1	
45.1	-43.5	-36.1	22.9	
25.4	-43.5	-63.2	20.5	
15.5	-28.7	-107.5	18.0	
3.2	-28.7	-159.1	27.8	
0.8	3.2	-60.7	22.9	
-6.6	69.7	-38.6	10.6	
0.8	111.5	-55.8	5.7	
22.9	101.6	-43.5	-4.1	
52.4	67.2	-31.2	5.7	
59.8	64.7	-18.9	-1.7	
50.0	57.4	8.2	3.2	
47.5	40.1	13.1	13.1	
25.4	18.0	-68.1	3.2	
22.9	20.5	35.2	3.2	
5.7	3.2	106.6	5.7	
5.7	5.7	177.9	-6.6	
-9.1	27.8	246.8	-14.0	
0.8	64.7	241.9	-11.5	
-4.1	72.1	165.6	-6.6	
-1.7	57.4	37.7	-16.4	
-1.7	52.4	-73.0	-14.0	
10.6	45.1	-60.7	-6.6	
32.8	45.1	-127.1	-21.4	
50.0	40.1	-196.0	-1.7	
50.0	32.8	-166.5	5.7	
15.5	18.0	-132.1	-43.5	
0.8	10.6	-33.7	-43.5	
-4.1	15.5	8.2	5.7	
-6.6	27.8	25.4	35.2	
-33.7	5.7	10.6	37.7	
-65.6	0.8	-1.7	13.1	
-109.9	-21.4	-26.3	15.5	
-132.1	-6.6	-33.7	5.7	
-77.9	-21.4	-46.0	-11.5	
13.1	20.5	-63.2	5.7	
79.5	5.7	-46.0	-1.7	
99.2	27.8	-4.1	-4.1	
168.1	67.2	40.1	-28.7	
202.5	96.7	20.5	-14.0	
143.5	62.3	15.5	-18.9	
111.5	-36.1	27.8	-14.0	
77.0	-58.3	45.1	-11.5	
64.7	-21.4	42.6	0.8	
64.7	-11.5	-4.1	-4.1	
37.7	-36.1	-21.4	-6.6	
30.3	-80.4	-60.7	-1.7	
25.4	-73.0	-38.6	-21.4	
5.7	18.0	37.7	-33.7	
5.7	104.1	67.2	-50.9	
20.5	91.8	47.5	-21.4	
18.0	77.0	37.7	-16.4	
13.1	79.5	45.1	-16.4	
8.2	99.2	138.5	10.6	
5.7	113.9	177.9	-18.9	
3.2	131.2	160.7	-63.2	
0.8	138.5	69.7	-75.5	
32.8	133.6	-43.5	-31.2	
45.1	141.0	-186.2	20.5	
18.0	118.9	-159.1	52.4	
-1.7	104.1	-176.3	59.8	
-9.1	77.0	-159.1	59.8	
-9.1	42.6	-161.6	47.5	
-18.9	37.7	-23.8	32.8	
-1.7	30.3	59.8	-4.1	
-1.7	32.8	57.4	-11.5	
20.5	22.9	47.5	20.5	
45.1	15.5	27.8	35.2	
50.0	15.5	15.5	25.4	
50.0	20.5	-16.4	15.5	
50.0	18.0	-33.7	18.0	
35.2	-1.7	-58.3	18.0	
22.9	-21.4	-107.5	3.2	
13.1	-21.4	-127.1	-6.6	
5.7	-6.6	8.2	13.1	
-9.1	5.7	121.3	10.6	
-26.3	32.8	148.4	-11.5	
-73.0	37.7	175.4	-16.4	
-73.0	30.3	138.5	-4.1	
-50.9	27.8	131.2	-11.5	
-38.6	22.9	86.9	-21.4	
-31.2	42.6	35.2	-14.0	
-23.8	30.3	22.9	8.2	
10.6	32.8	-16.4	13.1	
32.8	22.9	-146.8	13.1	
37.7	27.8	-80.4	-14.0	
45.1	20.5	0.8	-6.6	
91.8	35.2	18.0	10.6	
111.5	27.8	40.1	-16.4	
123.8	27.8	72.1	-14.0	
121.3	35.2	113.9	-4.1	
82.0	27.8	116.4	0.8	
67.2	40.1	116.4	-4.1	
47.5	37.7	69.7	-1.7	
37.7	32.8	59.8	-6.6	
37.7	37.7	8.2	-11.5	
25.4	20.5	-55.8	-1.7	
25.4	35.2	-129.6	-6.6	
37.7	27.8	-230.5	8.2	
40.1	18.0	-205.9	-4.1	
22.9	25.4	-58.3	0.8	
18.0	25.4	-4.1	0.8	
8.2	32.8	3.2	-11.5	
8.2	22.9	37.7	-21.4	
0.8	27.8	47.5	-18.9	
-6.6	32.8	40.1	-28.7	
-16.4	37.7	20.5	-31.2	
-55.8	42.6	-6.6	-46.0	
-119.8	52.4	-23.8	-6.6	
-156.7	50.0	-55.8	-16.4	
-141.9	42.6	-65.6	13.1	
-85.3	50.0	-60.7	79.5	
-28.7	64.7	-80.4	-1.7	
52.4	64.7	35.2	-46.0	
143.5	45.1	192.7	-18.9	
192.7	13.1	244.3	-11.5	
185.3	3.2	158.2	-1.7	
158.2	-14.0	3.2	22.9	
111.5	-23.8	-21.4	20.5	
77.0	-23.8	-31.2	37.7	
54.9	-63.2	27.8	30.3	
37.7	-46.0	35.2	22.9	
5.7	22.9	-188.6	15.5	
-41.0	84.4	-169.0	20.5	
-38.6	104.1	-38.6	13.1	
-31.2	99.2	79.5	8.2	
-28.7	69.7	121.3	8.2	
-16.4	50.0	86.9	22.9	
-6.6	35.2	77.0	-1.7	
-16.4	22.9	121.3	-14.0	
-4.1	37.7	67.2	-4.1	
8.2	35.2	30.3	-4.1	
35.2	52.4	-9.1	-14.0	
84.4	50.0	-97.6	-9.1	
113.9	40.1	-151.7	8.2	
121.3	52.4	-112.4	10.6	
104.1	52.4	-124.7	3.2	
86.9	45.1	-58.3	8.2	
62.3	42.6	-50.9	0.8	
57.4	32.8	-43.5	-14.0	
25.4	20.5	-33.7	-1.7	
15.5	35.2	-11.5	-6.6	
5.7	45.1	5.7	-21.4	
25.4	25.4	-4.1	13.1	
22.9	30.3	5.7	18.0	
18.0	35.2	32.8	30.3	
5.7	27.8	52.4	15.5	
-23.8	27.8	-31.2	13.1	
-36.1	40.1	-18.9	5.7	
-33.7	35.2	30.3	0.8	
-18.9	27.8	40.1	10.6	
5.7	42.6	40.1	42.6	
20.5	54.9	59.8	42.6	
20.5	50.0	52.4	40.1	
47.5	42.6	52.4	35.2	
54.9	32.8	74.6	42.6	
35.2	37.7	62.3	27.8	
-26.3	35.2	18.0	-14.0	
-38.6	20.5	35.2	-6.6	
-28.7	32.8	18.0	-6.6	
-14.0	35.2	8.2	8.2	
10.6	52.4	35.2	42.6	
22.9	30.3	69.7	8.2	
30.3	45.1	77.0	-36.1	
47.5	45.1	67.2	8.2	
42.6	30.3	20.5	3.2	
32.8	18.0	-21.4	18.0	
25.4	10.6	-21.4	22.9	
22.9	10.6	-46.0	32.8	
27.8	5.7	-75.5	25.4	
37.7	37.7	-132.1	20.5	
15.5	32.8	-85.3	-11.5	
10.6	45.1	-36.1	-48.4	
5.7	37.7	5.7	-70.6	
20.5	25.4	8.2	-50.9	
47.5	35.2	22.9	-41.0	
30.3	30.3	64.7	-16.4	
20.5	22.9	96.7	3.2	
8.2	-38.6	141.0	-6.6	
-4.1	-38.6	197.6	3.2	
18.0	-14.0	153.3	-11.5	
45.1	3.2	72.1	8.2	
22.9	20.5	-11.5	5.7	
0.8	22.9	0.8	-26.3	
-6.6	67.2	3.2	-9.1	
-9.1	111.5	89.3	3.2	
-21.4	109.0	106.6	-6.6	
-36.1	25.4	91.8	-9.1	
-18.9	8.2	27.8	-21.4	
8.2	-6.6	-50.9	-9.1	
25.4	-28.7	-186.2	-4.1	
22.9	-58.3	-323.9	0.8	
45.1	-50.9	-210.8	0.8	
57.4	-18.9	-159.1	-18.9	
45.1	22.9	-105.0	-14.0	
20.5	67.2	-95.2	-9.1	
37.7	91.8	54.9	8.2	
37.7	96.7	170.5	-4.1	
42.6	111.5	185.3	-16.4	
-38.6	104.1	145.9	-26.3	
-90.2	69.7	-1.7	3.2	
-92.7	69.7	-28.7	0.8	
-60.7	52.4	10.6	22.9	
-6.6	52.4	5.7	25.4	
22.9	54.9	-23.8	-4.1	
40.1	54.9	-33.7	-16.4	
37.7	50.0	-50.9	-1.7	
45.1	35.2	-68.1	10.6	
-1.7	37.7	-53.3	25.4	
-4.1	40.1	-11.5	35.2	
15.5	47.5	0.8	13.1	
40.1	30.3	5.7	5.7	
52.4	40.1	15.5	-1.7	
99.2	40.1	47.5	-4.1	
121.3	30.3	30.3	3.2	
89.3	25.4	3.2	20.5	
84.4	27.8	25.4	27.8	
104.1	35.2	25.4	10.6	
126.2	45.1	59.8	-6.6	
101.6	18.0	94.3	3.2	
86.9	35.2	64.7	8.2	
94.3	42.6	-50.9	20.5	
64.7	45.1	-144.4	-1.7	
57.4	37.7	-87.8	13.1	
37.7	35.2	-26.3	8.2	
25.4	32.8	-9.1	3.2	
22.9	50.0	18.0	0.8	
25.4	50.0	32.8	8.2	
45.1	52.4	42.6	0.8	
27.8	50.0	94.3	-11.5	
15.5	62.3	123.8	-1.7	
25.4	47.5	64.7	0.8	
45.1	54.9	-23.8	-1.7	
45.1	62.3	-14.0	-6.6	
30.3	59.8	18.0	-4.1	
32.8	45.1	42.6	-9.1	
20.5	52.4	74.6	-11.5	
-9.1	42.6	89.3	-21.4	
-28.7	47.5	82.0	8.2	
-11.5	40.1	64.7	-11.5	
3.2	42.6	74.6	-14.0	
-4.1	30.3	52.4	-16.4	
0.8	37.7	45.1	-21.4	
13.1	47.5	15.5	-4.1	
25.4	52.4	-11.5	-23.8	
3.2	35.2	-60.7	-14.0	
-9.1	42.6	-90.2	8.2	
22.9	45.1	-80.4	5.7	
13.1	42.6	-102.5	-9.1	
5.7	47.5	-70.6	-11.5	
-38.6	42.6	-38.6	-21.4	
-70.6	54.9	22.9	-28.7	
-68.1	40.1	94.3	22.9	
-55.8	57.4	82.0	35.2	
-38.6	40.1	-4.1	35.2	
-14.0	25.4	-63.2	37.7	
15.5	42.6	-4.1	27.8	
77.0	37.7	25.4	0.8	
104.1	30.3	20.5	-1.7	
106.6	42.6	-11.5	-4.1	
86.9	40.1	-58.3	-14.0	
37.7	30.3	-58.3	-11.5	
37.7	27.8	-9.1	-9.1	
40.1	30.3	57.4	0.8	
54.9	27.8	128.7	-21.4	
52.4	37.7	170.5	-9.1	
35.2	59.8	143.5	-33.7	
15.5	37.7	67.2	-9.1	
5.7	22.9	25.4	25.4	
8.2	32.8	-6.6	72.1	
-1.7	50.0	-63.2	30.3	
30.3	57.4	-200.9	20.5	
32.8	50.0	-328.9	18.0	
47.5	20.5	-171.4	22.9	
40.1	32.8	-82.9	13.1	
25.4	25.4	-50.9	47.5	
25.4	18.0	-33.7	37.7	
-11.5	18.0	27.8	30.3	
-16.4	35.2	45.1	13.1	
-14.0	27.8	18.0	13.1	
-14.0	20.5	40.1	13.1	
5.7	13.1	133.6	10.6	
18.0	22.9	155.8	10.6	
47.5	30.3	106.6	27.8	
57.4	35.2	-55.8	3.2	
42.6	42.6	-28.7	-16.4	
18.0	54.9	37.7	-4.1	
5.7	32.8	13.1	-1.7	
8.2	3.2	40.1	-1.7	
-9.1	-18.9	54.9	15.5	
0.8	5.7	62.3	5.7	
-1.7	20.5	42.6	0.8	
10.6	47.5	62.3	0.8	
37.7	67.2	121.3	10.6	
32.8	69.7	113.9	0.8	
35.2	50.0	30.3	8.2	
32.8	67.2	-85.3	8.2	
22.9	37.7	-48.4	13.1	
15.5	50.0	-38.6	22.9	
20.5	25.4	-65.6	20.5	
18.0	37.7	-33.7	20.5	
8.2	18.0	-70.6	22.9	
-23.8	27.8	-117.3	0.8	
-31.2	27.8	-77.9	-6.6	
-55.8	42.6	25.4	-1.7	
-53.3	40.1	96.7	-4.1	
-43.5	35.2	74.6	-4.1	
-9.1	30.3	18.0	-18.9	
22.9	20.5	-48.4	-9.1	
67.2	25.4	-41.0	-16.4	
91.8	30.3	-36.1	-21.4	
79.5	35.2	-28.7	-16.4	
59.8	22.9	-9.1	-1.7	
62.3	40.1	15.5	0.8	
62.3	40.1	15.5	-6.6	
50.0	45.1	15.5	-18.9	
32.8	42.6	0.8	-11.5	
50.0	37.7	-1.7	-11.5	
52.4	35.2	8.2	-6.6	
54.9	27.8	18.0	-9.1	
64.7	37.7	35.2	-11.5	
50.0	32.8	32.8	-1.7	
42.6	35.2	18.0	-1.7	
27.8	52.4	-18.9	-6.6	
13.1	69.7	37.7	-9.1	
-4.1	47.5	67.2	-14.0	
-14.0	47.5	62.3	-9.1	
8.2	18.0	52.4	-16.4	
8.2	-6.6	27.8	-18.9	
0.8	20.5	-4.1	-14.0	
25.4	40.1	-26.3	3.2	
47.5	40.1	-4.1	3.2	
22.9	40.1	-28.7	10.6	
32.8	37.7	-85.3	-6.6	
25.4	40.1	-63.2	-11.5	
-11.5	57.4	-43.5	-9.1	
-14.0	54.9	-23.8	-6.6	
-23.8	45.1	-9.1	-14.0	
-4.1	50.0	5.7	-6.6	
-6.6	37.7	15.5	-4.1	
22.9	22.9	0.8	-14.0	
42.6	-1.7	-11.5	5.7	
47.5	-9.1	25.4	18.0	
42.6	18.0	99.2	5.7	
35.2	35.2	173.0	3.2	
13.1	52.4	209.9	5.7	
3.2	67.2	195.1	-28.7	
-16.4	79.5	106.6	0.8	
-26.3	99.2	-33.7	-16.4	
-23.8	104.1	-85.3	-14.0	
-18.9	99.2	-154.2	-4.1	
3.2	74.6	-284.6	10.6	
-1.7	62.3	-252.6	10.6	
8.2	59.8	-46.0	0.8	
22.9	54.9	50.0	15.5	
18.0	37.7	64.7	25.4	
0.8	42.6	77.0	-6.6	
-48.4	37.7	86.9	-31.2	
-77.9	47.5	47.5	-31.2	
-55.8	57.4	-16.4	-18.9	
-9.1	67.2	-97.6	18.0	
35.2	69.7	-80.4	32.8	
84.4	69.7	-14.0	40.1	
141.0	52.4	32.8	15.5	
126.2	57.4	35.2	-28.7	
50.0	50.0	86.9	-11.5	
-6.6	42.6	158.2	20.5	
-18.9	47.5	187.7	32.8	
25.4	37.7	74.6	42.6	
57.4	32.8	-159.1	52.4	
72.1	37.7	-97.6	-4.1	
91.8	47.5	-97.6	-14.0	
84.4	47.5	-73.0	-4.1	
94.3	42.6	-55.8	10.6	
96.7	57.4	-18.9	13.1	
84.4	47.5	5.7	20.5	
86.9	52.4	37.7	5.7	
74.6	47.5	94.3	13.1	
57.4	50.0	109.0	3.2	
40.1	42.6	94.3	-6.6	
22.9	45.1	89.3	-1.7	
-4.1	35.2	64.7	-6.6	
-50.9	22.9	27.8	-9.1	
-92.7	0.8	20.5	0.8	
-109.9	-6.6	-11.5	13.1	
-90.2	-6.6	18.0	25.4	
-41.0	-1.7	20.5	20.5	
3.2	-16.4	40.1	10.6	
35.2	-14.0	5.7	-1.7	
45.1	-18.9	-41.0	-1.7	
62.3	-6.6	-18.9	5.7	
116.4	-18.9	0.8	-1.7	
101.6	-26.3	-16.4	0.8	
69.7	-26.3	-18.9	5.7	
57.4	-18.9	-16.4	10.6	
27.8	-23.8	94.3	8.2	
8.2	-23.8	74.6	0.8	
3.2	-18.9	-95.2	0.8	
-4.1	-9.1	-181.3	3.2	
-9.1	-16.4	-105.0	0.8	
-6.6	-23.8	-65.6	3.2	
10.6	-16.4	47.5	13.1	
18.0	-14.0	123.8	18.0	
25.4	-14.0	177.9	8.2	
35.2	-21.4	175.4	-1.7	
35.2	-16.4	123.8	13.1	
52.4	-6.6	69.7	5.7	
37.7	-9.1	-70.6	5.7	
18.0	-9.1	-198.5	3.2	
-18.9	-9.1	-331.3	-14.0	
-23.8	3.2	-193.6	-9.1	
-14.0	-11.5	-80.4	-6.6	
-6.6	-1.7	-21.4	0.8	
15.5	-6.6	27.8	8.2	
42.6	3.2	-18.9	-1.7	
25.4	-11.5	-53.3	0.8	
50.0	0.8	-48.4	8.2	
59.8	0.8	-63.2	-11.5	
40.1	8.2	-36.1	-6.6	
30.3	13.1	-4.1	10.6	
8.2	18.0	18.0	5.7	
-6.6	30.3	57.4	10.6	
-6.6	20.5	42.6	-6.6	
-16.4	22.9	109.0	-9.1	
-21.4	25.4	217.3	-6.6	
-6.6	27.8	207.4	3.2	
-14.0	25.4	182.8	22.9	
-28.7	25.4	57.4	35.2	
-53.3	30.3	-1.7	45.1	
-50.9	40.1	-36.1	27.8	
-23.8	30.3	-58.3	15.5	
-9.1	40.1	-50.9	18.0	
0.8	40.1	-60.7	-6.6	
20.5	25.4	-68.1	-46.0	
82.0	32.8	-43.5	-46.0	
111.5	37.7	-31.2	-36.1	
86.9	27.8	-28.7	-18.9	
74.6	27.8	-21.4	-4.1	
69.7	25.4	15.5	-9.1	
72.1	27.8	64.7	-23.8	
84.4	32.8	62.3	-14.0	
74.6	42.6	57.4	-11.5	
59.8	54.9	67.2	-4.1	
45.1	52.4	59.8	3.2	
37.7	25.4	40.1	8.2	
32.8	25.4	35.2	13.1	
18.0	37.7	30.3	3.2	
0.8	40.1	42.6	5.7	
-4.1	37.7	5.7	-6.6	
-4.1	37.7	-129.6	3.2	
3.2	37.7	-149.3	3.2	
20.5	22.9	-77.9	-6.6	
20.5	18.0	3.2	0.8	
13.1	37.7	45.1	3.2	
-31.2	37.7	54.9	-11.5	
-53.3	45.1	37.7	0.8	
-50.9	35.2	79.5	8.2	
-23.8	30.3	84.4	3.2	
-4.1	32.8	37.7	5.7	
25.4	37.7	-1.7	5.7	
45.1	35.2	-77.9	5.7	
35.2	27.8	-127.1	8.2	
25.4	-6.6	-6.6	-1.7	
37.7	10.6	148.4	-1.7	
40.1	15.5	244.3	10.6	
54.9	30.3	222.2	-11.5	
59.8	42.6	121.3	5.7	
62.3	40.1	15.5	5.7	
69.7	18.0	-77.9	5.7	
45.1	40.1	-186.2	0.8	
20.5	18.0	-353.5	0.8	
-16.4	32.8	-353.5	-4.1	
-46.0	32.8	-151.7	3.2	
-87.8	45.1	-50.9	-9.1	
-109.9	45.1	5.7	3.2	
-90.2	42.6	37.7	0.8	
-50.9	52.4	47.5	0.8	
-14.0	54.9	37.7	8.2	
5.7	45.1	25.4	-4.1	
52.4	52.4	5.7	-1.7	
79.5	30.3	-26.3	10.6	
123.8	42.6	-43.5	8.2	
148.4	50.0	-41.0	13.1	
126.2	37.7	-21.4	8.2	
111.5	35.2	-23.8	22.9	
101.6	20.5	10.6	20.5	
104.1	20.5	79.5	15.5	
64.7	32.8	106.6	18.0	
25.4	30.3	145.9	13.1	
22.9	25.4	67.2	8.2	
22.9	37.7	-68.1	20.5	
30.3	32.8	-102.5	15.5	
35.2	27.8	-85.3	3.2	
37.7	40.1	-75.5	-1.7	
30.3	45.1	-124.7	-11.5	
18.0	47.5	-21.4	-6.6	
25.4	37.7	42.6	10.6	
18.0	35.2	-11.5	8.2	
18.0	32.8	27.8	5.7	
18.0	40.1	177.9	-4.1	
15.5	40.1	209.9	-6.6	
-23.8	22.9	136.1	-4.1	
-58.3	45.1	79.5	-6.6	
-55.8	37.7	74.6	-14.0	
-23.8	25.4	59.8	-9.1	
5.7	37.7	42.6	0.8	
8.2	22.9	-18.9	3.2	
50.0	20.5	-55.8	0.8	
74.6	30.3	-63.2	3.2	
37.7	22.9	-11.5	10.6	
32.8	30.3	-1.7	3.2	
40.1	18.0	-50.9	-16.4	
52.4	30.3	-53.3	-16.4	
69.7	27.8	-16.4	-1.7	
25.4	37.7	-46.0	-11.5	
3.2	22.9	-48.4	-1.7	
-16.4	35.2	-33.7	3.2	
-28.7	35.2	-43.5	-6.6	
-36.1	27.8	-21.4	5.7	
-33.7	35.2	20.5	-6.6	
-36.1	32.8	47.5	0.8	
-36.1	30.3	57.4	-9.1	
-16.4	32.8	74.6	-16.4	
-33.7	37.7	45.1	3.2	
-28.7	25.4	62.3	5.7	
0.8	25.4	77.0	-1.7	
-28.7	22.9	15.5	3.2	
-60.7	25.4	13.1	0.8	
-38.6	25.4	22.9	-1.7	
8.2	30.3	126.2	-11.5	
40.1	32.8	133.6	-4.1	
62.3	40.1	-9.1	-21.4	
116.4	22.9	-90.2	-18.9	
138.5	37.7	-92.7	-31.2	
96.7	47.5	-198.5	-38.6	
54.9	35.2	-247.7	-14.0	
30.3	45.1	-63.2	0.8	
72.1	40.1	13.1	52.4	
86.9	37.7	-119.8	79.5	
96.7	47.5	-119.8	62.3	
91.8	35.2	-48.4	18.0	
104.1	22.9	27.8	32.8	
77.0	35.2	57.4	-1.7	
67.2	35.2	133.6	-14.0	
64.7	30.3	91.8	5.7	
52.4	37.7	168.1	-6.6	
54.9	25.4	128.7	0.8	
47.5	37.7	35.2	0.8	
30.3	27.8	20.5	5.7	
8.2	37.7	8.2	0.8	
-18.9	25.4	20.5	-4.1	
-48.4	30.3	-26.3	-9.1	
-41.0	25.4	-129.6	0.8	
-48.4	27.8	-161.6	10.6	
-33.7	27.8	-122.2	15.5	
-23.8	35.2	-1.7	15.5	
3.2	27.8	-14.0	15.5	
10.6	35.2	79.5	-14.0	
54.9	25.4	150.8	-4.1	
69.7	25.4	138.5	5.7	
72.1	32.8	37.7	-9.1	
64.7	35.2	-28.7	-11.5	
74.6	27.8	-41.0	-6.6	
79.5	27.8	-16.4	13.1	
54.9	18.0	25.4	13.1	
62.3	18.0	25.4	10.6	
47.5	13.1	18.0	3.2	
22.9	18.0	-9.1	3.2	
10.6	15.5	15.5	0.8	
3.2	30.3	104.1	-11.5	
15.5	3.2	89.3	-6.6	
8.2	-9.1	118.9	-4.1	
5.7	3.2	264.0	0.8	
-4.1	10.6	251.7	-4.1	
0.8	-6.6	74.6	0.8	
-1.7	-14.0	-73.0	0.8	
-1.7	-4.1	-87.8	3.2	
0.8	13.1	-129.6	-6.6	
8.2	3.2	-191.1	3.2	
-9.1	5.7	-326.4	0.8	
-6.6	-1.7	-262.4	3.2	
-1.7	-4.1	-70.6	3.2	
-1.7	15.5	59.8	0.8	
-4.1	15.5	69.7	13.1	
-11.5	20.5	30.3	0.8	
-4.1	18.0	-46.0	3.2	
-11.5	22.9	-31.2	8.2	
-31.2	35.2	-11.5	18.0	
-43.5	30.3	0.8	10.6	
-60.7	27.8	-48.4	13.1	
-43.5	30.3	-31.2	13.1	
-33.7	22.9	-1.7	13.1	
-11.5	35.2	30.3	3.2	
18.0	42.6	74.6	-11.5	
67.2	45.1	64.7	-6.6	
94.3	42.6	13.1	3.2	
89.3	45.1	-9.1	10.6	
59.8	45.1	-4.1	15.5	
52.4	42.6	32.8	13.1	
25.4	45.1	25.4	10.6	
15.5	57.4	47.5	8.2	
15.5	52.4	45.1	-4.1	
5.7	57.4	15.5	-1.7	
0.8	59.8	15.5	-11.5	
-33.7	54.9	77.0	-4.1	
-38.6	64.7	52.4	0.8	
-31.2	57.4	32.8	-1.7	
-26.3	59.8	35.2	5.7	
-11.5	54.9	45.1	0.8	
-4.1	62.3	22.9	-9.1	
0.8	59.8	-70.6	-9.1	
-1.7	57.4	-80.4	-1.7	
-46.0	62.3	-55.8	0.8	
-50.9	57.4	-1.7	3.2	
-65.6	45.1	22.9	3.2	
-36.1	59.8	57.4	-6.6	
20.5	42.6	62.3	-4.1	
94.3	32.8	104.1	5.7	
150.8	45.1	82.0	8.2	
170.5	40.1	20.5	3.2	
153.3	25.4	-1.7	0.8	
138.5	35.2	13.1	5.7	
128.7	35.2	-68.1	0.8	
91.8	30.3	-50.9	-6.6	
72.1	22.9	-21.4	0.8	
50.0	50.0	-28.7	-1.7	
25.4	37.7	8.2	-4.1	
25.4	50.0	3.2	5.7	
15.5	35.2	57.4	8.2	
-6.6	-4.1	30.3	5.7	
8.2	-1.7	-11.5	0.8	
-4.1	8.2	-11.5	-6.6	
0.8	8.2	79.5	-1.7	
-4.1	10.6	62.3	3.2	
-18.9	25.4	32.8	5.7	
-68.1	40.1	-4.1	-4.1	
-112.4	40.1	-21.4	-1.7	
-127.1	30.3	-65.6	3.2	
-107.5	42.6	0.8	-4.1	
-41.0	40.1	-4.1	-4.1	
-4.1	37.7	32.8	-4.1	
52.4	32.8	62.3	-4.1	
101.6	35.2	40.1	-9.1	
148.4	30.3	3.2	-1.7	
155.8	37.7	-33.7	-14.0	
123.8	8.2	-114.8	0.8	
121.3	27.8	-144.4	5.7	
106.6	30.3	-58.3	0.8	
77.0	35.2	22.9	0.8	
42.6	40.1	13.1	10.6	
20.5	30.3	-36.1	8.2	
27.8	35.2	-55.8	5.7	
30.3	37.7	64.7	3.2	
30.3	35.2	158.2	0.8	
27.8	35.2	165.6	-6.6	
8.2	32.8	86.9	3.2	
-31.2	30.3	-21.4	10.6	
-53.3	30.3	-9.1	3.2	
-50.9	20.5	-31.2	-1.7	
-43.5	27.8	-16.4	0.8	
-9.1	30.3	15.5	3.2	
0.8	25.4	50.0	-1.7	
18.0	42.6	131.2	-1.7	
0.8	37.7	222.2	3.2	
3.2	37.7	261.5	8.2	
-11.5	32.8	192.7	5.7	
-23.8	32.8	69.7	-4.1	
-1.7	30.3	22.9	-4.1	
5.7	20.5	-70.6	-1.7	
42.6	15.5	-257.5	-4.1	
86.9	20.5	-279.7	-9.1	
116.4	18.0	-82.9	-1.7	
69.7	37.7	-95.2	5.7	
22.9	32.8	-100.1	5.7	
15.5	32.8	-90.2	-4.1	
47.5	32.8	-50.9	8.2	
20.5	32.8	-14.0	-11.5	
0.8	35.2	57.4	5.7	
-36.1	40.1	91.8	8.2	
-36.1	30.3	27.8	3.2	
-41.0	30.3	-6.6	5.7	
-46.0	27.8	27.8	0.8	
-14.0	22.9	35.2	3.2	
25.4	25.4	42.6	-11.5	
69.7	30.3	32.8	8.2	
91.8	10.6	22.9	5.7	
109.0	0.8	8.2	5.7	
94.3	13.1	-21.4	0.8	
86.9	25.4	-16.4	5.7	
79.5	25.4	-6.6	0.8	
62.3	27.8	-18.9	5.7	
50.0	27.8	-21.4	8.2	
32.8	27.8	-28.7	-1.7	
-4.1	27.8	-70.6	-1.7	
-23.8	37.7	-100.1	-1.7	
-16.4	22.9	-26.3	0.8	
-14.0	32.8	42.6	-11.5	
5.7	30.3	106.6	0.8	
8.2	27.8	57.4	-1.7	
18.0	27.8	42.6	-6.6	
32.8	18.0	22.9	-1.7	
47.5	37.7	40.1	0.8	
37.7	27.8	27.8	-14.0	
45.1	30.3	0.8	-4.1	
32.8	27.8	-41.0	25.4	
37.7	25.4	-36.1	27.8	
5.7	32.8	27.8	27.8	
15.5	35.2	52.4	5.7	
18.0	40.1	50.0	5.7	
27.8	25.4	54.9	40.1	
-16.4	30.3	20.5	18.0	
-63.2	40.1	5.7	-11.5	
-80.4	32.8	22.9	-16.4	
-100.1	25.4	79.5	13.1	
-95.2	42.6	15.5	22.9	
-63.2	27.8	-75.5	20.5	
-1.7	30.3	-18.9	35.2	
69.7	32.8	-1.7	27.8	
82.0	32.8	-16.4	15.5	
91.8	22.9	-31.2	13.1	
69.7	22.9	-41.0	13.1	
50.0	22.9	-4.1	0.8	
62.3	20.5	37.7	-6.6	
47.5	15.5	47.5	3.2	
47.5	22.9	-33.7	15.5	
59.8	25.4	-68.1	22.9	
40.1	20.5	0.8	10.6	
30.3	35.2	8.2	0.8	
30.3	32.8	10.6	5.7	
50.0	35.2	-36.1	-11.5	
104.1	27.8	3.2	-11.5	
77.0	30.3	84.4	-1.7	
40.1	22.9	111.5	8.2	
45.1	25.4	121.3	8.2	
42.6	27.8	54.9	-14.0	
40.1	25.4	15.5	-1.7	
20.5	27.8	84.4	-18.9	
22.9	37.7	131.2	-6.6	
5.7	30.3	126.2	18.0	
-16.4	35.2	84.4	18.0	
-9.1	32.8	35.2	37.7	
32.8	37.7	18.0	25.4	
40.1	25.4	-112.4	20.5	
47.5	20.5	-267.4	20.5	
37.7	18.0	-284.6	3.2	
47.5	27.8	-122.2	3.2	
8.2	25.4	-6.6	10.6	
-4.1	18.0	0.8	20.5	
-4.1	18.0	-26.3	20.5	
-4.1	27.8	-28.7	10.6	
32.8	30.3	3.2	0.8	
57.4	25.4	89.3	-4.1	
86.9	20.5	57.4	8.2	
82.0	22.9	-4.1	3.2	
42.6	22.9	-16.4	-4.1	
27.8	32.8	-53.3	-6.6	
15.5	27.8	-18.9	-1.7	
-1.7	25.4	-14.0	3.2	
-4.1	18.0	22.9	5.7	
-21.4	3.2	82.0	-1.7	
-58.3	15.5	96.7	3.2	
-65.6	18.0	79.5	5.7	
-63.2	15.5	77.0	0.8	
-63.2	13.1	3.2	0.8	
-28.7	20.5	-73.0	8.2	
15.5	22.9	-48.4	-1.7	
74.6	27.8	-9.1	-4.1	
106.6	27.8	-43.5	5.7	
126.2	32.8	-50.9	-6.6	
106.6	30.3	-14.0	8.2	
67.2	25.4	18.0	-18.9	
27.8	8.2	37.7	-11.5	
25.4	13.1	18.0	-6.6	
25.4	32.8	25.4	5.7	
25.4	25.4	20.5	-9.1	
-21.4	32.8	22.9	0.8	
-46.0	27.8	-14.0	-1.7	
-21.4	22.9	-21.4	8.2	
-4.1	18.0	-14.0	13.1	
3.2	18.0	35.2	3.2	
22.9	20.5	64.7	-9.1	
15.5	27.8	59.8	-6.6	
0.8	25.4	25.4	13.1	
-38.6	8.2	13.1	25.4	
-28.7	27.8	0.8	3.2	
20.5	37.7	-6.6	5.7	
22.9	18.0	-4.1	3.2	
0.8	18.0	0.8	-9.1	
-14.0	10.6	-77.9	-11.5	
-11.5	22.9	-58.3	-14.0	
-11.5	15.5	0.8	10.6	
5.7	32.8	10.6	15.5	
3.2	27.8	8.2	25.4	
50.0	32.8	27.8	10.6	
94.3	30.3	42.6	15.5	
94.3	8.2	25.4	13.1	
59.8	15.5	-18.9	18.0	
54.9	22.9	-21.4	5.7	
42.6	25.4	15.5	0.8	
15.5	20.5	10.6	10.6	
-4.1	20.5	-1.7	5.7	
3.2	20.5	32.8	-4.1	
20.5	22.9	54.9	0.8	
30.3	20.5	74.6	-9.1	
-4.1	27.8	72.1	-1.7	
-41.0	20.5	5.7	3.2	
-23.8	22.9	-21.4	0.8	
3.2	32.8	-26.3	5.7	
15.5	18.0	-55.8	10.6	
-14.0	15.5	-68.1	10.6	
-33.7	25.4	-97.6	5.7	
-18.9	20.5	-50.9	15.5	
-1.7	27.8	-11.5	10.6	
10.6	22.9	10.6	0.8	
67.2	15.5	72.1	22.9	
104.1	20.5	57.4	5.7	
118.9	32.8	-6.6	-18.9	
89.3	20.5	-18.9	-11.5	
62.3	22.9	8.2	5.7	
50.0	22.9	52.4	3.2	
52.4	18.0	15.5	0.8	
37.7	42.6	3.2	-9.1	
20.5	45.1	50.0	-6.6	
32.8	30.3	59.8	-6.6	
27.8	30.3	50.0	-14.0	
40.1	18.0	57.4	3.2	
45.1	8.2	25.4	-11.5	
45.1	0.8	22.9	0.8	
30.3	-6.6	5.7	25.4	
20.5	8.2	15.5	20.5	
-11.5	10.6	25.4	15.5	
-55.8	10.6	15.5	0.8	
-53.3	8.2	27.8	-16.4	
-68.1	13.1	5.7	-21.4	
-33.7	18.0	-23.8	-16.4	
-31.2	30.3	0.8	-6.6	
0.8	27.8	64.7	8.2	
30.3	30.3	67.2	27.8	
47.5	20.5	45.1	32.8	
42.6	25.4	79.5	15.5	
-6.6	18.0	91.8	13.1	
-18.9	25.4	59.8	18.0	
-31.2	20.5	25.4	13.1	
-4.1	25.4	-11.5	10.6	
22.9	18.0	-36.1	22.9	
52.4	27.8	-36.1	3.2	
72.1	18.0	0.8	-21.4	
69.7	20.5	-11.5	-14.0	
64.7	25.4	40.1	15.5	
27.8	35.2	35.2	27.8	
5.7	27.8	-43.5	10.6	
-23.8	27.8	-41.0	-6.6	
-4.1	15.5	-73.0	22.9	
3.2	27.8	-63.2	-1.7	
-18.9	15.5	0.8	8.2	
-1.7	18.0	37.7	10.6	
27.8	35.2	35.2	3.2	
25.4	40.1	-6.6	-4.1	
8.2	30.3	-48.4	0.8	
5.7	8.2	-33.7	5.7	
30.3	5.7	30.3	-1.7	
5.7	5.7	40.1	15.5	
-26.3	3.2	27.8	18.0	
-50.9	20.5	59.8	8.2	
-26.3	8.2	59.8	-11.5	
-11.5	20.5	-4.1	-1.7	
3.2	25.4	-4.1	-1.7	
42.6	30.3	15.5	13.1	
27.8	15.5	-23.8	3.2	
27.8	18.0	-36.1	-4.1	
3.2	18.0	22.9	-1.7	
-1.7	20.5	40.1	8.2	
10.6	20.5	54.9	3.2	
32.8	20.5	74.6	-14.0	
27.8	25.4	47.5	-4.1	
45.1	18.0	27.8	5.7	
57.4	22.9	82.0	3.2	
35.2	22.9	187.7	3.2	
27.8	18.0	182.8	15.5	
22.9	37.7	32.8	10.6	
32.8	22.9	-38.6	5.7	
35.2	20.5	-73.0	18.0	
15.5	40.1	-75.5	8.2	
13.1	35.2	-139.4	5.7	
15.5	27.8	-292.0	0.8	
3.2	30.3	-127.1	3.2	
-14.0	22.9	-11.5	0.8	
-28.7	20.5	42.6	3.2	
-23.8	13.1	25.4	-4.1	
-4.1	18.0	-23.8	8.2	
-6.6	10.6	-21.4	0.8	
-4.1	10.6	35.2	10.6	
10.6	13.1	64.7	5.7	
27.8	27.8	25.4	10.6	
20.5	20.5	0.8	0.8	
0.8	25.4	-14.0	20.5	
-18.9	40.1	-9.1	15.5	
-4.1	32.8	0.8	8.2	
-6.6	18.0	-1.7	5.7	
0.8	37.7	-6.6	-4.1	
18.0	27.8	-4.1	-1.7	
47.5	32.8	-18.9	5.7	
57.4	32.8	52.4	3.2	
89.3	18.0	74.6	13.1	
74.6	18.0	20.5	10.6	
45.1	25.4	-1.7	5.7	
15.5	18.0	-6.6	3.2	
13.1	18.0	8.2	5.7	
3.2	20.5	20.5	5.7	
3.2	20.5	42.6	3.2	
0.8	25.4	59.8	10.6	
-4.1	35.2	42.6	15.5	
-31.2	35.2	59.8	15.5	
-70.6	30.3	54.9	-1.7	
-102.5	15.5	45.1	3.2	
-70.6	22.9	5.7	5.7	
-23.8	20.5	3.2	3.2	
0.8	10.6	-1.7	5.7	
25.4	15.5	13.1	0.8	
15.5	30.3	30.3	3.2	
30.3	20.5	27.8	0.8	
35.2	25.4	8.2	20.5	
18.0	3.2	5.7	5.7	
-6.6	5.7	18.0	5.7	
-4.1	15.5	5.7	0.8	
40.1	18.0	-16.4	-4.1	
69.7	10.6	-21.4	-1.7	
94.3	3.2	-23.8	-6.6	
79.5	10.6	-23.8	0.8	
59.8	5.7	32.8	-6.6	
42.6	13.1	25.4	3.2	
18.0	22.9	13.1	8.2	
25.4	20.5	13.1	-1.7	
27.8	27.8	5.7	15.5	
25.4	30.3	-16.4	15.5	
42.6	22.9	8.2	-6.6	
62.3	35.2	30.3	-18.9	
64.7	32.8	50.0	0.8	
18.0	25.4	69.7	32.8	
8.2	25.4	67.2	30.3	
-1.7	13.1	30.3	30.3	
-38.6	20.5	-41.0	5.7	
-46.0	27.8	-26.3	0.8	
-31.2	35.2	50.0	5.7	
5.7	32.8	-31.2	3.2	
54.9	22.9	-23.8	5.7	
96.7	27.8	-1.7	-1.7	
131.2	8.2	-14.0	5.7	
143.5	10.6	-26.3	10.6	
99.2	-4.1	-18.9	3.2	
64.7	8.2	3.2	5.7	
20.5	5.7	5.7	-1.7	
3.2	5.7	-14.0	0.8	
-11.5	8.2	18.0	10.6	
-6.6	22.9	25.4	-4.1	
-6.6	25.4	-4.1	-1.7	
5.7	30.3	-26.3	-4.1	
10.6	37.7	-18.9	0.8	
20.5	37.7	-28.7	-1.7	
27.8	20.5	0.8	-14.0	
22.9	8.2	54.9	-14.0	
13.1	0.8	52.4	-11.5	
0.8	10.6	50.0	-6.6	
-16.4	-1.7	54.9	10.6	
-9.1	5.7	101.6	8.2	
-16.4	20.5	200.0	18.0	
-18.9	13.1	256.6	25.4	
-6.6	-1.7	234.5	30.3	
-14.0	-9.1	133.6	13.1	
-4.1	-14.0	37.7	8.2	
-4.1	-9.1	-41.0	20.5	
-18.9	-23.8	-139.4	20.5	
-16.4	-14.0	-314.1	25.4	
-21.4	3.2	-309.2	18.0	
-11.5	8.2	-77.9	25.4	
8.2	32.8	-1.7	15.5	
27.8	45.1	30.3	8.2	
35.2	52.4	47.5	10.6	
47.5	37.7	45.1	10.6	
40.1	25.4	8.2	-6.6	
22.9	22.9	22.9	8.2	
20.5	27.8	-18.9	8.2	
15.5	35.2	-105.0	13.1	
13.1	35.2	-65.6	18.0	
-1.7	27.8	-31.2	15.5	
13.1	35.2	0.8	10.6	
3.2	30.3	25.4	-9.1	
-6.6	27.8	-33.7	-1.7	
-18.9	27.8	-9.1	0.8	
-23.8	30.3	35.2	5.7	
3.2	45.1	32.8	13.1	
18.0	27.8	37.7	8.2	
32.8	10.6	-4.1	8.2	
50.0	22.9	42.6	-1.7	
59.8	18.0	77.0	-1.7	
35.2	20.5	99.2	0.8	
20.5	10.6	94.3	8.2	
0.8	20.5	52.4	10.6	
-4.1	25.4	30.3	10.6	
-4.1	15.5	-6.6	-4.1	
3.2	8.2	-18.9	5.7	
3.2	10.6	30.3	-1.7	
10.6	13.1	-6.6	-6.6	
-16.4	27.8	-46.0	10.6	
-18.9	25.4	-28.7	13.1	
-16.4	22.9	-33.7	3.2	
-9.1	25.4	-9.1	5.7	
8.2	13.1	37.7	0.8	
-4.1	8.2	3.2	3.2	
-6.6	15.5	-11.5	-1.7	
-16.4	20.5	8.2	10.6	
-14.0	25.4	-11.5	0.8	
-18.9	13.1	-14.0	0.8	
-6.6	5.7	-9.1	5.7	
-4.1	18.0	-28.7	8.2	
13.1	8.2	-23.8	-4.1	
42.6	8.2	-23.8	-1.7	
89.3	8.2	-4.1	5.7	
111.5	15.5	77.0	0.8	
109.0	18.0	99.2	-1.7	
77.0	18.0	94.3	15.5	
45.1	15.5	79.5	10.6	
52.4	22.9	35.2	30.3	
47.5	42.6	18.0	32.8	
57.4	13.1	-11.5	20.5	
64.7	25.4	-43.5	27.8	
57.4	13.1	-55.8	25.4	
27.8	5.7	-41.0	13.1	
-1.7	8.2	-21.4	-11.5	
-9.1	22.9	-4.1	-4.1	
3.2	15.5	-6.6	-11.5	
13.1	15.5	5.7	5.7	
27.8	18.0	54.9	-14.0	
37.7	13.1	47.5	-21.4	
40.1	18.0	27.8	-4.1	
25.4	22.9	64.7	27.8	
40.1	20.5	96.7	35.2	
30.3	30.3	118.9	32.8	
22.9	32.8	35.2	25.4	
13.1	27.8	-31.2	8.2	
0.8	8.2	25.4	8.2	
8.2	10.6	37.7	8.2	
-1.7	10.6	82.0	3.2	
3.2	13.1	13.1	5.7	
8.2	3.2	-53.3	18.0	
20.5	10.6	-109.9	18.0	
22.9	3.2	-132.1	27.8	
13.1	-1.7	-63.2	22.9	
8.2	5.7	0.8	18.0	
-33.7	10.6	25.4	13.1	
-41.0	15.5	42.6	15.5	
-23.8	8.2	3.2	10.6	
-9.1	18.0	52.4	8.2	
3.2	27.8	82.0	10.6	
-9.1	22.9	84.4	13.1	
-28.7	13.1	37.7	10.6	
8.2	22.9	-9.1	15.5	
8.2	8.2	-6.6	22.9	
-9.1	5.7	20.5	8.2	
0.8	10.6	15.5	8.2	
22.9	20.5	-36.1	13.1	
69.7	10.6	-60.7	22.9	
89.3	3.2	22.9	18.0	
77.0	0.8	54.9	10.6	
74.6	-6.6	67.2	15.5	
37.7	-6.6	40.1	18.0	
-1.7	-4.1	20.5	15.5	
-11.5	10.6	20.5	13.1	
0.8	5.7	-1.7	18.0	
-18.9	13.1	-26.3	22.9	
-33.7	22.9	-73.0	20.5	
-31.2	20.5	-87.8	20.5	
5.7	20.5	-41.0	25.4	
25.4	15.5	-4.1	22.9	
79.5	22.9	27.8	13.1	
77.0	13.1	72.1	15.5	
25.4	5.7	62.3	25.4	
-9.1	8.2	52.4	13.1	
-11.5	13.1	27.8	15.5	
-6.6	20.5	22.9	18.0	
-1.7	22.9	25.4	10.6	
-1.7	20.5	15.5	13.1	
3.2	10.6	-53.3	27.8	
-16.4	15.5	-68.1	18.0	
-18.9	25.4	-28.7	18.0	
-16.4	30.3	-14.0	3.2	
3.2	30.3	0.8	10.6	
27.8	25.4	-14.0	0.8	
67.2	15.5	-11.5	10.6	
79.5	8.2	-23.8	8.2	
52.4	13.1	-50.9	15.5	
30.3	35.2	-31.2	10.6	
25.4	18.0	-31.2	18.0	
25.4	15.5	-21.4	5.7	
30.3	10.6	-14.0	10.6	
27.8	18.0	15.5	5.7	
3.2	27.8	57.4	3.2	
-26.3	15.5	62.3	18.0	
-68.1	13.1	94.3	15.5	
-97.6	10.6	116.4	5.7	
-114.8	18.0	96.7	8.2	
-100.1	18.0	91.8	3.2	
-58.3	15.5	47.5	8.2	
-11.5	35.2	-77.9	-6.6	
40.1	22.9	-90.2	3.2	
113.9	20.5	25.4	5.7	
118.9	25.4	96.7	-1.7	
116.4	15.5	96.7	-9.1	
86.9	32.8	67.2	0.8	
57.4	27.8	42.6	5.7	
47.5	37.7	57.4	0.8	
27.8	27.8	170.5	0.8	
32.8	20.5	291.1	0.8	
27.8	5.7	342.7	-9.1	
15.5	15.5	271.4	-4.1	
18.0	25.4	145.9	3.2	
32.8	25.4	54.9	3.2	
22.9	35.2	-82.9	-4.1	
27.8	25.4	-306.7	3.2	
32.8	27.8	-498.6	-14.0	
20.5	27.8	-306.7	-1.7	
0.8	20.5	-247.7	0.8	
-41.0	30.3	-154.2	-1.7	
-77.9	35.2	-70.6	-4.1	
-65.6	32.8	-31.2	3.2	
-41.0	25.4	-11.5	-1.7	
-6.6	18.0	13.1	8.2	
8.2	10.6	8.2	5.7	
30.3	18.0	5.7	-1.7	
79.5	22.9	20.5	-1.7	
104.1	22.9	35.2	-6.6	
91.8	20.5	45.1	-4.1	
67.2	18.0	52.4	-1.7	
59.8	32.8	18.0	3.2	
15.5	20.5	3.2	0.8	
27.8	35.2	8.2	3.2	
-26.3	27.8	10.6	-9.1	
-33.7	20.5	32.8	-6.6	
-31.2	22.9	62.3	-1.7	
-21.4	13.1	74.6	5.7	
-33.7	5.7	45.1	5.7	
-18.9	13.1	-23.8	3.2	
3.2	22.9	-68.1	-4.1	
-6.6	35.2	-28.7	-6.6	
-9.1	22.9	3.2	-11.5	
20.5	15.5	40.1	3.2	
62.3	20.5	62.3	-6.6	
72.1	27.8	67.2	-6.6	
64.7	25.4	37.7	0.8	
74.6	22.9	22.9	5.7	
67.2	32.8	0.8	5.7	
82.0	22.9	-4.1	-6.6	
37.7	27.8	3.2	-14.0	
-18.9	25.4	3.2	-16.4	
-31.2	22.9	5.7	-9.1	
-28.7	22.9	25.4	18.0	
5.7	35.2	27.8	8.2	
22.9	37.7	-1.7	5.7	
25.4	30.3	-9.1	-16.4	
10.6	22.9	-16.4	-11.5	
18.0	18.0	-6.6	-6.6	
18.0	22.9	32.8	8.2	
35.2	30.3	40.1	8.2	
50.0	25.4	32.8	-4.1	
67.2	0.8	5.7	-1.7	
82.0	10.6	3.2	-1.7	
72.1	30.3	40.1	3.2	
82.0	27.8	62.3	3.2	
54.9	20.5	25.4	-14.0	
27.8	42.6	10.6	-6.6	
22.9	32.8	20.5	5.7	
10.6	25.4	15.5	5.7	
-14.0	35.2	82.0	-11.5	
-16.4	30.3	101.6	-16.4	
-18.9	13.1	118.9	-4.1	
-16.4	8.2	200.0	-9.1	
-11.5	13.1	241.9	-6.6	
-31.2	25.4	180.4	-1.7	
-33.7	30.3	57.4	-11.5	
-48.4	25.4	-31.2	3.2	
-48.4	15.5	-164.0	18.0	
-36.1	32.8	-223.1	0.8	
3.2	22.9	-292.0	-9.1	
59.8	25.4	-139.4	-9.1	
113.9	27.8	-23.8	-9.1	
91.8	22.9	15.5	3.2	
54.9	27.8	-1.7	-9.1	
50.0	20.5	0.8	-14.0	
79.5	20.5	3.2	0.8	
99.2	35.2	-11.5	3.2	
64.7	18.0	-33.7	-9.1	
64.7	27.8	-63.2	-14.0	
42.6	20.5	-50.9	-18.9	
0.8	20.5	-28.7	0.8	
-9.1	25.4	-28.7	-6.6	
-21.4	27.8	-6.6	-11.5	
15.5	20.5	25.4	-4.1	
40.1	15.5	57.4	-4.1	
25.4	20.5	96.7	-4.1	
27.8	20.5	91.8	-1.7	
52.4	30.3	123.8	-11.5	
18.0	37.7	84.4	-11.5	
-4.1	18.0	79.5	-18.9	
-4.1	27.8	47.5	-9.1	
3.2	25.4	0.8	5.7	
0.8	25.4	18.0	-4.1	
-31.2	30.3	3.2	0.8	
-41.0	25.4	3.2	-1.7	
-33.7	30.3	8.2	3.2	
-9.1	20.5	-65.6	5.7	
10.6	15.5	-23.8	-4.1	
40.1	40.1	32.8	-4.1	
79.5	40.1	52.4	-9.1	
113.9	22.9	133.6	-1.7	
86.9	30.3	145.9	-11.5	
69.7	25.4	106.6	-14.0	
18.0	27.8	69.7	-6.6	
18.0	25.4	-16.4	-1.7	
18.0	22.9	-50.9	-14.0	
27.8	32.8	-102.5	-6.6	
27.8	20.5	-159.1	5.7	
22.9	0.8	-129.6	-14.0	
18.0	3.2	-31.2	-11.5	
25.4	-4.1	77.0	-9.1	
27.8	5.7	109.0	-14.0	
52.4	-9.1	121.3	-1.7	
27.8	0.8	74.6	3.2	
22.9	3.2	-46.0	-9.1	
32.8	-1.7	-53.3	-6.6	
27.8	27.8	-43.5	-9.1	
13.1	27.8	-46.0	-4.1	
-4.1	5.7	-65.6	-11.5	
0.8	-6.6	-73.0	-6.6	
-9.1	-4.1	-31.2	0.8	
3.2	-16.4	35.2	0.8	
-1.7	-16.4	84.4	0.8	
3.2	-6.6	138.5	-18.9	
-41.0	-6.6	89.3	-4.1	
-46.0	5.7	-33.7	0.8	
-21.4	10.6	-28.7	-9.1	
-6.6	-1.7	3.2	-1.7	
-11.5	-1.7	18.0	3.2	
25.4	-4.1	-16.4	0.8	
40.1	0.8	-33.7	-6.6	
-1.7	-1.7	-4.1	-4.1	
-28.7	3.2	15.5	-9.1	
-4.1	3.2	27.8	-4.1	
-23.8	3.2	25.4	-11.5	
-6.6	15.5	20.5	-4.1	
20.5	8.2	13.1	-4.1	
40.1	5.7	25.4	10.6	
22.9	-1.7	-11.5	-11.5	
15.5	18.0	8.2	0.8	
18.0	32.8	5.7	5.7	
32.8	35.2	5.7	5.7	
50.0	52.4	-1.7	-6.6	
74.6	37.7	40.1	0.8	
116.4	47.5	52.4	-6.6	
111.5	32.8	5.7	-1.7	
91.8	45.1	-1.7	-6.6	
64.7	47.5	-16.4	0.8	
47.5	57.4	8.2	-11.5	
32.8	54.9	40.1	-9.1	
22.9	54.9	32.8	-6.6	
18.0	57.4	18.0	-11.5	
20.5	67.2	13.1	-4.1	
45.1	62.3	3.2	-11.5	
32.8	54.9	-1.7	-4.1	
18.0	47.5	-11.5	-6.6	
-4.1	45.1	-9.1	-11.5	
-1.7	47.5	0.8	-16.4	
-16.4	47.5	10.6	-9.1	
-21.4	45.1	32.8	-4.1	
-23.8	35.2	45.1	-11.5	
-23.8	27.8	18.0	3.2	
-33.7	35.2	40.1	5.7	
-16.4	47.5	52.4	-4.1	
-4.1	37.7	30.3	3.2	
10.6	18.0	10.6	8.2	
42.6	13.1	0.8	3.2	
72.1	20.5	-9.1	-4.1	
89.3	30.3	-36.1	-14.0	
96.7	37.7	-36.1	3.2	
89.3	45.1	-11.5	-14.0	
77.0	32.8	-4.1	-11.5	
40.1	22.9	-1.7	-6.6	
27.8	20.5	-4.1	5.7	
18.0	30.3	13.1	-4.1	
13.1	18.0	62.3	0.8	
8.2	30.3	45.1	0.8	
0.8	27.8	22.9	-1.7	
5.7	18.0	10.6	5.7	
-14.0	13.1	-1.7	-1.7	
-23.8	18.0	15.5	-4.1	
-21.4	15.5	42.6	-6.6	
-9.1	13.1	25.4	-18.9	
-18.9	30.3	18.0	0.8	
15.5	8.2	27.8	-9.1	
32.8	5.7	45.1	3.2	
42.6	3.2	35.2	-14.0	
57.4	10.6	0.8	27.8	
52.4	15.5	-18.9	37.7	
62.3	20.5	-11.5	18.0	
40.1	22.9	13.1	10.6	
47.5	20.5	-6.6	13.1	
18.0	15.5	-16.4	-18.9	
5.7	35.2	0.8	-21.4	
-6.6	32.8	30.3	-9.1	
-16.4	22.9	35.2	-11.5	
-16.4	18.0	0.8	-6.6	
-23.8	25.4	18.0	0.8	
-6.6	15.5	30.3	-1.7	
-6.6	8.2	-1.7	-16.4	
-26.3	0.8	-28.7	-14.0	
-36.1	27.8	-1.7	-6.6	
-48.4	20.5	8.2	-1.7	
-65.6	22.9	20.5	-4.1	
-18.9	20.5	15.5	-9.1	
30.3	27.8	13.1	-4.1	
86.9	27.8	0.8	0.8	
91.8	32.8	-90.2	0.8	
116.4	27.8	-60.7	0.8	
118.9	32.8	5.7	-6.6	
104.1	25.4	5.7	-6.6	
67.2	25.4	15.5	3.2	
32.8	30.3	32.8	18.0	
25.4	35.2	84.4	5.7	
42.6	35.2	47.5	-6.6	
35.2	27.8	-9.1	-11.5	
35.2	22.9	40.1	-14.0	
32.8	25.4	82.0	0.8	
47.5	37.7	32.8	3.2	
54.9	30.3	-4.1	0.8	
54.9	32.8	-43.5	-1.7	
22.9	22.9	-43.5	-9.1	
-9.1	27.8	-36.1	-9.1	
-53.3	22.9	-33.7	-9.1	
-68.1	18.0	-11.5	5.7	
-36.1	40.1	0.8	-1.7	
-14.0	30.3	8.2	0.8	
8.2	27.8	13.1	3.2	
10.6	30.3	8.2	-4.1	
20.5	35.2	-1.7	5.7	
42.6	25.4	-6.6	-4.1	
32.8	27.8	-1.7	0.8	
27.8	32.8	18.0	-9.1	
30.3	35.2	25.4	-1.7	
57.4	22.9	20.5	3.2	
30.3	32.8	35.2	0.8	
18.0	27.8	27.8	-1.7	
-14.0	30.3	15.5	5.7	
20.5	20.5	-4.1	-4.1	
57.4	35.2	25.4	3.2	
67.2	45.1	37.7	-4.1	
50.0	20.5	25.4	-4.1	
59.8	20.5	27.8	-9.1	
57.4	27.8	32.8	10.6	
64.7	18.0	32.8	-6.6	
59.8	18.0	27.8	-1.7	
35.2	27.8	18.0	-11.5	
25.4	32.8	8.2	-6.6	
25.4	18.0	-1.7	-11.5	
47.5	22.9	-1.7	-4.1	
35.2	30.3	-14.0	-6.6	
8.2	35.2	-14.0	-1.7	
-16.4	40.1	-14.0	0.8	
-43.5	47.5	50.0	5.7	
-26.3	30.3	67.2	5.7	
-9.1	5.7	27.8	0.8	
8.2	18.0	0.8	-9.1	
42.6	30.3	-43.5	3.2	
72.1	18.0	-43.5	0.8	
94.3	13.1	-38.6	5.7	
57.4	27.8	-38.6	0.8	
22.9	22.9	-38.6	-1.7	
8.2	27.8	-63.2	0.8	
5.7	30.3	-6.6	-14.0	
15.5	30.3	67.2	0.8	
40.1	30.3	116.4	0.8	
54.9	30.3	101.6	3.2	
57.4	32.8	45.1	3.2	
67.2	32.8	64.7	-6.6	
57.4	15.5	67.2	-4.1	
30.3	42.6	20.5	8.2	
22.9	27.8	-1.7	3.2	
8.2	30.3	-1.7	-6.6	
-23.8	30.3	-31.2	0.8	
-53.3	37.7	-9.1	5.7	
-50.9	25.4	20.5	-1.7	
-55.8	32.8	42.6	-9.1	
-85.3	27.8	32.8	-6.6	
-50.9	25.4	27.8	-18.9	
-23.8	27.8	109.0	-18.9	
-6.6	35.2	0.8	-16.4	
-14.0	35.2	-53.3	20.5	
-14.0	25.4	-14.0	32.8	
-16.4	25.4	-11.5	8.2	
8.2	35.2	-31.2	-4.1	
57.4	25.4	-18.9	-16.4	
86.9	25.4	-36.1	0.8	
94.3	25.4	3.2	-6.6	
89.3	27.8	37.7	-11.5	
94.3	18.0	57.4	15.5	
91.8	32.8	27.8	5.7	
94.3	22.9	32.8	3.2	
69.7	27.8	52.4	-6.6	
45.1	27.8	37.7	-6.6	
42.6	30.3	20.5	27.8	
32.8	22.9	32.8	20.5	
25.4	22.9	15.5	20.5	
18.0	22.9	-9.1	-9.1	
30.3	35.2	-97.6	8.2	
13.1	37.7	-50.9	-11.5	
3.2	35.2	0.8	15.5	
0.8	27.8	8.2	15.5	
10.6	20.5	3.2	-11.5	
18.0	22.9	18.0	-21.4	
30.3	37.7	10.6	-16.4	
-14.0	40.1	5.7	-21.4	
-21.4	37.7	0.8	0.8	
-16.4	37.7	-38.6	8.2	
-18.9	25.4	-46.0	25.4	
-11.5	20.5	-4.1	20.5	
5.7	20.5	-1.7	10.6	
-11.5	35.2	50.0	5.7	
8.2	15.5	82.0	18.0	
13.1	20.5	67.2	18.0	
22.9	-1.7	50.0	-4.1	
5.7	13.1	32.8	-11.5	
-1.7	32.8	32.8	3.2	
0.8	32.8	32.8	22.9	
3.2	10.6	5.7	10.6	
8.2	18.0	-14.0	8.2	
18.0	22.9	-28.7	20.5	
42.6	32.8	-6.6	-6.6	
27.8	30.3	-14.0	-11.5	
0.8	35.2	-14.0	3.2	
-21.4	32.8	-21.4	-9.1	
-14.0	32.8	8.2	-1.7	
5.7	10.6	3.2	-1.7	
22.9	5.7	10.6	-9.1	
109.0	8.2	-1.7	3.2	
163.1	15.5	18.0	-6.6	
136.1	27.8	32.8	-6.6	
121.3	27.8	25.4	-4.1	
89.3	32.8	30.3	3.2	
47.5	5.7	35.2	-6.6	
15.5	15.5	25.4	-1.7	
15.5	15.5	22.9	0.8	
5.7	22.9	0.8	5.7	
8.2	22.9	15.5	8.2	
5.7	30.3	15.5	-6.6	
-4.1	42.6	10.6	-9.1	
0.8	32.8	5.7	3.2	
20.5	20.5	27.8	3.2	
30.3	8.2	20.5	-1.7	
5.7	5.7	35.2	3.2	
-28.7	30.3	50.0	-11.5	
-43.5	25.4	45.1	0.8	
-11.5	10.6	20.5	0.8	
13.1	20.5	18.0	-18.9	
10.6	27.8	18.0	-6.6	
10.6	25.4	0.8	5.7	
57.4	35.2	-1.7	-1.7	
67.2	47.5	-9.1	-1.7	
27.8	27.8	-11.5	3.2	
-11.5	40.1	-18.9	-4.1	
-23.8	42.6	-23.8	0.8	
-14.0	35.2	-4.1	0.8	
-1.7	35.2	18.0	-11.5	
18.0	30.3	40.1	-4.1	
45.1	27.8	15.5	-4.1	
52.4	15.5	-14.0	-1.7	
45.1	18.0	0.8	3.2	
50.0	40.1	3.2	-1.7	
32.8	45.1	45.1	-6.6	
5.7	27.8	54.9	-4.1	
5.7	25.4	5.7	-11.5	
13.1	42.6	-4.1	0.8	
25.4	47.5	32.8	8.2	
25.4	22.9	47.5	0.8	
-11.5	25.4	32.8	-11.5	
-63.2	22.9	22.9	-11.5	
-90.2	27.8	40.1	0.8	
-63.2	32.8	50.0	3.2	
-43.5	25.4	25.4	3.2	
-18.9	30.3	5.7	3.2	
22.9	22.9	-18.9	-1.7	
94.3	27.8	-14.0	-4.1	
91.8	27.8	27.8	-6.6	
32.8	25.4	35.2	-1.7	
30.3	27.8	20.5	8.2	
50.0	35.2	10.6	8.2	
69.7	40.1	25.4	13.1	
74.6	37.7	47.5	10.6	
69.7	35.2	22.9	15.5	
104.1	37.7	57.4	5.7	
77.0	45.1	84.4	-9.1	
62.3	35.2	50.0	8.2	
42.6	27.8	45.1	0.8	
10.6	35.2	-11.5	8.2	
-1.7	32.8	-65.6	0.8	
-6.6	35.2	-18.9	3.2	
-14.0	30.3	8.2	5.7	
-6.6	37.7	45.1	-1.7	
-9.1	40.1	-23.8	5.7	
-4.1	25.4	-11.5	10.6	
15.5	35.2	59.8	-4.1	
27.8	27.8	67.2	-6.6	
25.4	40.1	82.0	-9.1	
13.1	37.7	99.2	3.2	
-1.7	35.2	20.5	-1.7	
-9.1	32.8	-48.4	-1.7	
-1.7	27.8	-87.8	-9.1	
-4.1	35.2	-137.0	-1.7	
22.9	32.8	-46.0	5.7	
37.7	30.3	15.5	0.8	
54.9	22.9	-23.8	-4.1	
32.8	18.0	-28.7	-1.7	
-4.1	20.5	-21.4	5.7	
-58.3	35.2	-18.9	-6.6	
-73.0	42.6	-28.7	-9.1	
-63.2	40.1	-36.1	3.2	
-33.7	37.7	-21.4	5.7	
-36.1	35.2	-18.9	13.1	
-9.1	30.3	3.2	3.2	
42.6	18.0	52.4	-4.1	
69.7	30.3	45.1	-11.5	
86.9	30.3	54.9	8.2	
94.3	22.9	35.2	-1.7	
104.1	25.4	13.1	-6.6	
136.1	27.8	8.2	0.8	
116.4	27.8	25.4	-6.6	
62.3	45.1	-1.7	-6.6	
27.8	30.3	18.0	-6.6	
13.1	32.8	42.6	0.8	
-4.1	32.8	30.3	-4.1	
-38.6	35.2	32.8	-6.6	
-41.0	35.2	32.8	-11.5	
-85.3	40.1	27.8	-4.1	
-85.3	35.2	15.5	-6.6	
-68.1	42.6	-1.7	3.2	
-48.4	42.6	-6.6	3.2	
-36.1	37.7	-6.6	3.2	
-4.1	32.8	-1.7	-1.7	
8.2	25.4	37.7	-14.0	
40.1	37.7	69.7	-1.7	
50.0	42.6	79.5	0.8	
32.8	52.4	59.8	0.8	
25.4	59.8	47.5	-6.6	
27.8	37.7	-11.5	13.1	
47.5	40.1	-14.0	10.6	
64.7	35.2	13.1	5.7	
91.8	32.8	-9.1	-14.0	
99.2	22.9	-60.7	-11.5	
57.4	18.0	-55.8	0.8	
18.0	27.8	-6.6	0.8	
42.6	35.2	8.2	-1.7	
57.4	40.1	-21.4	-1.7	
62.3	37.7	-28.7	-4.1	
62.3	30.3	-38.6	0.8	
64.7	32.8	-38.6	-4.1	
40.1	40.1	-18.9	-1.7	
25.4	35.2	5.7	-4.1	
5.7	37.7	-14.0	-6.6	
3.2	27.8	15.5	0.8	
-9.1	37.7	126.2	5.7	
-11.5	37.7	145.9	-1.7	
3.2	45.1	126.2	-1.7	
13.1	32.8	77.0	-14.0	
0.8	18.0	25.4	8.2	
10.6	32.8	-4.1	-1.7	
-1.7	35.2	-41.0	-1.7	
-1.7	18.0	-50.9	0.8	
-18.9	22.9	-105.0	-9.1	
-6.6	22.9	-102.5	-11.5	
3.2	22.9	-41.0	-16.4	
-6.6	30.3	-6.6	-11.5	
-9.1	27.8	-36.1	-9.1	
-11.5	35.2	-9.1	-14.0	
-6.6	25.4	15.5	-1.7	
-4.1	35.2	18.0	3.2	
-11.5	32.8	8.2	8.2	
-4.1	32.8	32.8	-4.1	
5.7	35.2	20.5	-18.9	
20.5	27.8	8.2	0.8	
27.8	10.6	-16.4	-4.1	
27.8	18.0	-18.9	-4.1	
0.8	30.3	13.1	-9.1	
-21.4	20.5	8.2	3.2	
-11.5	32.8	-26.3	-4.1	
13.1	22.9	-9.1	-14.0	
25.4	32.8	-6.6	-6.6	
30.3	32.8	8.2	-6.6	
37.7	40.1	47.5	-4.1	
42.6	30.3	67.2	3.2	
15.5	25.4	72.1	-11.5	
-16.4	40.1	-23.8	-6.6	
-36.1	37.7	-33.7	-1.7	
-26.3	37.7	-6.6	-1.7	
-14.0	45.1	22.9	0.8	
-18.9	40.1	57.4	-1.7	
-38.6	47.5	52.4	-1.7	
-46.0	37.7	57.4	-1.7	
-16.4	37.7	3.2	-11.5	
18.0	47.5	-23.8	-9.1	
79.5	37.7	-50.9	-1.7	
143.5	37.7	-33.7	5.7	
148.4	30.3	-4.1	-1.7	
72.1	35.2	-85.3	5.7	
8.2	32.8	-70.6	0.8	
-26.3	37.7	-1.7	3.2	
-41.0	45.1	40.1	-1.7	
-31.2	37.7	69.7	5.7	
3.2	27.8	22.9	-1.7	
64.7	40.1	3.2	-6.6	
111.5	40.1	27.8	3.2	
86.9	27.8	35.2	-1.7	
20.5	25.4	42.6	-1.7	
15.5	25.4	32.8	5.7	
-1.7	20.5	10.6	-16.4	
-6.6	30.3	-55.8	3.2	
10.6	27.8	-77.9	-1.7	
20.5	25.4	-28.7	0.8	
0.8	32.8	3.2	-11.5	
-38.6	35.2	8.2	5.7	
-31.2	42.6	0.8	-6.6	
-28.7	40.1	15.5	0.8	
-11.5	32.8	82.0	-4.1	
-6.6	35.2	45.1	3.2	
30.3	25.4	25.4	-1.7	
59.8	40.1	40.1	5.7	
67.2	42.6	-21.4	-1.7	
64.7	32.8	-36.1	3.2	
64.7	22.9	-38.6	-4.1	
64.7	27.8	-109.9	0.8	
82.0	32.8	-55.8	-6.6	
104.1	-1.7	-73.0	0.8	
91.8	13.1	-21.4	3.2	
72.1	8.2	59.8	-11.5	
50.0	10.6	106.6	-9.1	
18.0	15.5	153.3	-1.7	
-4.1	20.5	94.3	5.7	
-18.9	22.9	35.2	10.6	
-23.8	30.3	3.2	-1.7	
-36.1	27.8	-43.5	-9.1	
-28.7	30.3	-117.3	-4.1	
-26.3	35.2	-137.0	0.8	
-23.8	32.8	-63.2	13.1	
-14.0	45.1	-9.1	5.7	
8.2	35.2	-11.5	3.2	
52.4	37.7	25.4	-4.1	
13.1	37.7	25.4	0.8	
-23.8	47.5	30.3	-6.6	
-38.6	32.8	50.0	0.8	
-33.7	22.9	27.8	-4.1	
-4.1	5.7	40.1	-11.5	
35.2	25.4	84.4	0.8	
74.6	42.6	42.6	-9.1	
67.2	22.9	18.0	-9.1	
18.0	32.8	10.6	5.7	
5.7	37.7	-4.1	13.1	
-6.6	18.0	-21.4	5.7	
8.2	35.2	-31.2	0.8	
10.6	42.6	-14.0	-4.1	
8.2	35.2	-18.9	-4.1	
-1.7	32.8	-36.1	-9.1	
-28.7	30.3	-9.1	0.8	
-14.0	30.3	-1.7	-11.5	
18.0	42.6	0.8	-6.6	
50.0	37.7	22.9	-9.1	
79.5	35.2	42.6	0.8	
109.0	32.8	40.1	-4.1	
64.7	35.2	5.7	3.2	
30.3	22.9	-28.7	-9.1	
-4.1	35.2	-33.7	-4.1	
18.0	42.6	-21.4	-6.6	
45.1	42.6	5.7	-9.1	
59.8	32.8	8.2	-1.7	
62.3	27.8	47.5	5.7	
32.8	27.8	45.1	13.1	
15.5	32.8	25.4	-1.7	
-21.4	40.1	27.8	3.2	
-31.2	45.1	37.7	-6.6	
-14.0	37.7	54.9	3.2	
5.7	27.8	54.9	5.7	
18.0	15.5	-23.8	-16.4	
18.0	37.7	-80.4	0.8	
20.5	27.8	-21.4	-6.6	
15.5	20.5	-16.4	0.8	
27.8	30.3	-11.5	-1.7	
15.5	20.5	-23.8	5.7	
-26.3	32.8	-11.5	-6.6	
-38.6	40.1	8.2	-4.1	
-41.0	42.6	3.2	-4.1	
-58.3	20.5	-16.4	-4.1	
-77.9	22.9	-4.1	-11.5	
-77.9	37.7	-9.1	-4.1	
-36.1	37.7	8.2	-14.0	
-1.7	30.3	8.2	0.8	
47.5	32.8	15.5	-9.1	
62.3	40.1	37.7	0.8	
67.2	37.7	42.6	15.5	
106.6	35.2	52.4	0.8	
109.0	37.7	27.8	0.8	
64.7	30.3	-1.7	-4.1	
37.7	15.5	-11.5	0.8	
37.7	25.4	8.2	3.2	
47.5	40.1	-23.8	-4.1	
45.1	32.8	-18.9	-4.1	
52.4	32.8	-11.5	-11.5	
20.5	40.1	25.4	0.8	
13.1	27.8	-4.1	-4.1	
-4.1	27.8	-9.1	3.2	
-31.2	37.7	62.3	0.8	
-33.7	42.6	77.0	3.2	
-21.4	42.6	79.5	0.8	
3.2	50.0	37.7	3.2	
3.2	47.5	-16.4	-18.9	
15.5	30.3	8.2	-4.1	
37.7	27.8	-48.4	-6.6	
32.8	15.5	-75.5	-9.1	
20.5	22.9	22.9	-16.4	
13.1	32.8	-68.1	-11.5	
0.8	32.8	-28.7	-9.1	
-1.7	42.6	-33.7	-11.5	
8.2	22.9	-26.3	-16.4	
0.8	40.1	-43.5	-21.4	
0.8	40.1	-11.5	-18.9	
-14.0	30.3	42.6	0.8	
-18.9	42.6	94.3	-9.1	
-36.1	45.1	126.2	0.8	
-50.9	45.1	126.2	-4.1	
-33.7	45.1	62.3	3.2	
15.5	45.1	-16.4	-11.5	
62.3	25.4	-28.7	-16.4	
77.0	25.4	-38.6	-4.1	
72.1	20.5	-70.6	-4.1	
54.9	35.2	-107.5	-9.1	
0.8	27.8	-58.3	-4.1	
-31.2	37.7	3.2	-6.6	
-33.7	32.8	15.5	-14.0	
-9.1	27.8	-18.9	-9.1	
-1.7	27.8	-4.1	-9.1	
-11.5	32.8	-1.7	3.2	
-9.1	25.4	-14.0	-4.1	
8.2	35.2	-23.8	-6.6	
8.2	47.5	-14.0	10.6	
35.2	35.2	0.8	20.5	
57.4	35.2	35.2	-4.1	
47.5	47.5	37.7	8.2	
59.8	45.1	-4.1	-14.0	
59.8	42.6	-21.4	-21.4	
25.4	37.7	-16.4	-16.4	
15.5	22.9	-23.8	-21.4	
10.6	22.9	3.2	-11.5	
-9.1	35.2	52.4	-4.1	
-38.6	27.8	79.5	0.8	
-68.1	22.9	47.5	22.9	
-31.2	25.4	25.4	10.6	
10.6	27.8	18.0	-6.6	
-14.0	25.4	32.8	-14.0	
-1.7	32.8	32.8	-9.1	
27.8	22.9	15.5	-4.1	
86.9	18.0	0.8	-6.6	
99.2	32.8	22.9	-4.1	
109.0	27.8	47.5	18.0	
84.4	32.8	5.7	18.0	
57.4	35.2	-38.6	13.1	
40.1	42.6	-36.1	3.2	
47.5	35.2	-48.4	-4.1	
47.5	25.4	-82.9	3.2	
40.1	32.8	-16.4	-9.1	
25.4	25.4	22.9	-6.6	
-16.4	35.2	18.0	-11.5	
-23.8	47.5	20.5	-9.1	
-28.7	32.8	25.4	-4.1	
-53.3	35.2	54.9	-14.0	
-26.3	27.8	47.5	3.2	
-1.7	40.1	69.7	-1.7	
45.1	50.0	101.6	-9.1	
72.1	47.5	116.4	10.6	
84.4	47.5	67.2	-9.1	
52.4	50.0	3.2	-11.5	
30.3	54.9	-55.8	-4.1	
8.2	45.1	-107.5	-1.7	
8.2	47.5	-68.1	-4.1	
3.2	30.3	-109.9	-4.1	
-1.7	27.8	-117.3	-9.1	
-18.9	20.5	-21.4	-1.7	
-14.0	32.8	8.2	0.8	
0.8	22.9	-1.7	-6.6	
5.7	35.2	-21.4	-1.7	
5.7	32.8	-38.6	-1.7	
25.4	18.0	-36.1	-4.1	
18.0	32.8	-26.3	-11.5	
10.6	30.3	-55.8	-4.1	
5.7	35.2	-46.0	3.2	
0.8	32.8	0.8	-1.7	
15.5	27.8	69.7	0.8	
5.7	27.8	-21.4	-9.1	
-9.1	35.2	-36.1	-9.1	
-16.4	40.1	27.8	-4.1	
3.2	42.6	42.6	-14.0	
-4.1	42.6	57.4	-6.6	
-4.1	18.0	89.3	-14.0	
20.5	27.8	64.7	-1.7	
27.8	35.2	27.8	-4.1	
35.2	32.8	-26.3	-9.1	
10.6	30.3	-68.1	-6.6	
-4.1	42.6	-50.9	8.2	
-11.5	30.3	-16.4	-6.6	
-31.2	30.3	-43.5	-9.1	
-41.0	35.2	-48.4	0.8	
-11.5	47.5	-4.1	0.8	
5.7	40.1	50.0	-4.1	
-9.1	35.2	69.7	0.8	
15.5	32.8	77.0	-1.7	
35.2	32.8	54.9	3.2	
54.9	47.5	42.6	3.2	
64.7	59.8	47.5	-4.1	
52.4	50.0	27.8	0.8	
32.8	37.7	-26.3	-6.6	
13.1	37.7	5.7	-11.5	
13.1	22.9	18.0	-6.6	
22.9	18.0	-50.9	-16.4	
27.8	37.7	-53.3	-1.7	
10.6	22.9	-48.4	-4.1	
50.0	22.9	-41.0	-4.1	
47.5	22.9	-31.2	-6.6	
32.8	22.9	-33.7	-1.7	
30.3	22.9	15.5	-1.7	
-14.0	22.9	57.4	-1.7	
-18.9	22.9	62.3	-6.6	
-6.6	40.1	59.8	-4.1	
5.7	22.9	40.1	-9.1	
13.1	27.8	20.5	-21.4	
74.6	32.8	-28.7	-6.6	
64.7	37.7	-60.7	8.2	
42.6	35.2	-80.4	5.7	
27.8	25.4	-122.2	-1.7	
10.6	35.2	-85.3	-4.1	
20.5	18.0	27.8	8.2	
37.7	25.4	104.1	-11.5	
27.8	22.9	96.7	-1.7	
37.7	45.1	47.5	-4.1	
35.2	45.1	8.2	-1.7	
5.7	37.7	10.6	-6.6	
-9.1	42.6	-1.7	-9.1	
0.8	37.7	8.2	-4.1	
-9.1	15.5	15.5	-4.1	
0.8	32.8	18.0	-11.5	
30.3	27.8	30.3	-9.1	
22.9	32.8	62.3	5.7	
13.1	27.8	30.3	-11.5	
-1.7	27.8	-6.6	-1.7	
15.5	22.9	27.8	-1.7	
20.5	25.4	27.8	-16.4	
0.8	35.2	27.8	-14.0	
8.2	25.4	18.0	-21.4	
-9.1	32.8	-38.6	-38.6	
-50.9	35.2	-80.4	-16.4	
-48.4	35.2	-43.5	-14.0	
-33.7	32.8	-18.9	-14.0	
-14.0	25.4	-60.7	0.8	
-16.4	42.6	-65.6	-4.1	
52.4	30.3	27.8	3.2	
106.6	37.7	62.3	-4.1	
111.5	32.8	113.9	-11.5	
69.7	37.7	173.0	-23.8	
47.5	18.0	123.8	-28.7	
30.3	5.7	121.3	-11.5	
20.5	15.5	79.5	0.8	
25.4	27.8	0.8	10.6	
15.5	27.8	-55.8	5.7	
-14.0	32.8	-80.4	-18.9	
-31.2	37.7	-127.1	-4.1	
-9.1	20.5	-186.2	-6.6	
-9.1	27.8	-114.8	-11.5	
-33.7	37.7	-60.7	-21.4	
-41.0	40.1	15.5	-14.0	
-31.2	35.2	96.7	-21.4	
-9.1	37.7	91.8	-9.1	
0.8	37.7	91.8	25.4	
42.6	27.8	91.8	27.8	
74.6	35.2	54.9	-6.6	
79.5	27.8	18.0	-16.4	
69.7	25.4	-16.4	-6.6	
47.5	20.5	-92.7	-26.3	
40.1	25.4	-82.9	-11.5	
37.7	25.4	-46.0	-6.6	
13.1	20.5	0.8	-4.1	
-26.3	35.2	-11.5	-14.0	
-50.9	32.8	-65.6	-14.0	
-63.2	13.1	-114.8	-14.0	
-18.9	13.1	-41.0	0.8	
22.9	20.5	74.6	-14.0	
54.9	22.9	121.3	-11.5	
91.8	13.1	72.1	-6.6	
106.6	22.9	20.5	-9.1	
79.5	30.3	32.8	-21.4	
67.2	15.5	54.9	-11.5	
42.6	18.0	32.8	-14.0	
8.2	15.5	8.2	-14.0	
22.9	15.5	-31.2	-28.7	
8.2	13.1	-28.7	-9.1	
0.8	25.4	-41.0	-14.0	
-28.7	15.5	-38.6	-9.1	
-50.9	22.9	-43.5	-16.4	
-55.8	20.5	3.2	-16.4	
-53.3	-1.7	0.8	-9.1	
-33.7	13.1	-4.1	-18.9	
-9.1	27.8	20.5	-16.4	
27.8	27.8	27.8	-18.9	
82.0	30.3	37.7	-4.1	
77.0	25.4	64.7	-14.0	
77.0	22.9	62.3	-9.1	
35.2	27.8	67.2	-6.6	
5.7	30.3	40.1	-11.5	
-4.1	22.9	37.7	-16.4	
5.7	35.2	-6.6	-1.7	
18.0	42.6	-58.3	-16.4	
27.8	47.5	-21.4	-16.4	
30.3	42.6	-18.9	-16.4	
25.4	47.5	-60.7	-9.1	
20.5	57.4	-14.0	-9.1	
-1.7	52.4	5.7	-14.0	
-6.6	52.4	8.2	-11.5	
8.2	67.2	-9.1	-9.1	
-11.5	72.1	-14.0	-9.1	
-28.7	72.1	-18.9	-1.7	
-21.4	59.8	-6.6	-4.1	
-4.1	54.9	20.5	-14.0	
15.5	52.4	25.4	-6.6	
35.2	62.3	8.2	-9.1	
40.1	50.0	0.8	-1.7	
42.6	40.1	-11.5	0.8	
45.1	52.4	-4.1	-1.7	
59.8	42.6	-4.1	-23.8	
47.5	42.6	-11.5	-16.4	
42.6	42.6	-14.0	-16.4	
42.6	40.1	15.5	-9.1	
27.8	30.3	57.4	-18.9	
8.2	40.1	30.3	-6.6	
8.2	30.3	22.9	-6.6	
-4.1	32.8	67.2	-11.5	
-11.5	42.6	141.0	0.8	
-9.1	37.7	136.1	0.8	
-4.1	30.3	106.6	-14.0	
10.6	37.7	82.0	-9.1	
32.8	27.8	20.5	-38.6	
42.6	25.4	-26.3	-23.8	
25.4	20.5	22.9	-9.1	
5.7	15.5	30.3	-9.1	
13.1	15.5	-171.4	-11.5	
10.6	22.9	-228.0	-4.1	
18.0	18.0	-73.0	-11.5	
8.2	25.4	18.0	-9.1	
-1.7	32.8	5.7	-21.4	
3.2	25.4	-41.0	-6.6	
20.5	27.8	-65.6	-18.9	
18.0	25.4	-43.5	-21.4	
35.2	20.5	-14.0	-14.0	
35.2	8.2	-14.0	-9.1	
-4.1	15.5	18.0	-1.7	
-21.4	25.4	3.2	-6.6	
-11.5	32.8	20.5	-23.8	
3.2	37.7	82.0	-21.4	
32.8	32.8	86.9	-11.5	
37.7	27.8	54.9	-9.1	
32.8	25.4	30.3	-6.6	
25.4	27.8	5.7	-9.1	
-14.0	25.4	25.4	-14.0	
-46.0	22.9	40.1	-21.4	
-50.9	37.7	64.7	-23.8	
-31.2	40.1	37.7	-9.1	
-16.4	27.8	18.0	-9.1	
0.8	40.1	42.6	-11.5	
40.1	37.7	20.5	-6.6	
62.3	35.2	-63.2	-16.4	
50.0	42.6	-95.2	-6.6	
20.5	27.8	-95.2	-11.5	
27.8	25.4	-9.1	0.8	
30.3	22.9	32.8	-16.4	
64.7	35.2	50.0	-14.0	
62.3	20.5	10.6	-21.4	
89.3	27.8	-38.6	-18.9	
74.6	27.8	5.7	-9.1	
62.3	25.4	-4.1	-11.5	
54.9	25.4	-11.5	-14.0	
35.2	35.2	-21.4	-11.5	
22.9	32.8	-50.9	-6.6	
25.4	20.5	-33.7	-14.0	
8.2	27.8	-16.4	-21.4	
-4.1	35.2	-9.1	-6.6	
0.8	35.2	10.6	-9.1	
-4.1	30.3	5.7	-11.5	
3.2	27.8	25.4	-11.5	
-6.6	30.3	42.6	-16.4	
-6.6	27.8	37.7	-23.8	
-21.4	25.4	37.7	-11.5	
-38.6	37.7	13.1	-14.0	
-46.0	35.2	-14.0	-11.5	
-43.5	25.4	-31.2	-18.9	
-14.0	27.8	13.1	-16.4	
-6.6	37.7	94.3	-4.1	
10.6	27.8	101.6	-16.4	
27.8	27.8	116.4	-11.5	
47.5	30.3	69.7	-18.9	
42.6	32.8	25.4	-14.0	
45.1	15.5	-43.5	-1.7	
74.6	30.3	-48.4	-16.4	
96.7	35.2	-41.0	-14.0	
91.8	30.3	-60.7	-14.0	
69.7	22.9	-63.2	-14.0	
40.1	35.2	-31.2	-11.5	
30.3	30.3	3.2	-16.4	
27.8	30.3	-9.1	-11.5	
8.2	35.2	-14.0	-18.9	
5.7	35.2	0.8	-16.4	
3.2	32.8	-11.5	-21.4	
8.2	42.6	0.8	-9.1	
13.1	32.8	-21.4	-11.5	
40.1	30.3	-109.9	-18.9	
32.8	32.8	-28.7	-4.1	
8.2	32.8	86.9	-9.1	
-16.4	20.5	116.4	-21.4	
-26.3	18.0	77.0	-26.3	
-18.9	20.5	-16.4	-31.2	
-1.7	27.8	-82.9	-31.2	
-41.0	32.8	-28.7	-18.9	
-58.3	45.1	5.7	-18.9	
-33.7	42.6	35.2	-41.0	
-16.4	30.3	62.3	-14.0	
20.5	32.8	84.4	-16.4	
59.8	25.4	52.4	-18.9	
67.2	42.6	13.1	-16.4	
52.4	40.1	-9.1	-21.4	
52.4	25.4	30.3	-18.9	
42.6	37.7	64.7	-16.4	
40.1	30.3	10.6	-11.5	
-21.4	32.8	30.3	-16.4	
-68.1	57.4	0.8	-14.0	
-38.6	59.8	-48.4	-18.9	
-11.5	32.8	-46.0	0.8	
5.7	30.3	-58.3	-4.1	
37.7	25.4	-107.5	-1.7	
50.0	20.5	-58.3	-9.1	
64.7	30.3	-31.2	0.8	
52.4	27.8	0.8	5.7	
45.1	30.3	3.2	0.8	
-4.1	22.9	42.6	-1.7	
5.7	42.6	54.9	-9.1	
37.7	27.8	57.4	0.8	
32.8	27.8	40.1	-9.1	
18.0	45.1	35.2	-9.1	
47.5	45.1	25.4	-4.1	
74.6	25.4	35.2	-6.6	
74.6	30.3	32.8	-11.5	
54.9	35.2	-46.0	-18.9	
54.9	25.4	-90.2	-14.0	
67.2	40.1	-100.1	-11.5	
74.6	32.8	-50.9	-9.1	
52.4	25.4	-23.8	-16.4	
30.3	22.9	-16.4	-11.5	
18.0	22.9	18.0	-14.0	
-14.0	40.1	52.4	5.7	
-18.9	40.1	123.8	-14.0	
-18.9	45.1	133.6	-6.6	
-9.1	35.2	126.2	-9.1	
-11.5	42.6	86.9	-4.1	
-6.6	35.2	47.5	-14.0	
-14.0	37.7	3.2	-9.1	
-14.0	35.2	-31.2	-4.1	
-4.1	30.3	-85.3	-16.4	
-31.2	27.8	-68.1	-9.1	
-14.0	35.2	-63.2	-4.1	
3.2	22.9	-41.0	-14.0	
37.7	35.2	-41.0	-4.1	
54.9	27.8	-73.0	-9.1	
52.4	22.9	-36.1	-11.5	
52.4	40.1	-14.0	-23.8	
52.4	25.4	10.6	-9.1	
25.4	25.4	-33.7	-14.0	
27.8	40.1	-73.0	-1.7	
5.7	37.7	-53.3	-18.9	
25.4	25.4	50.0	-14.0	
-18.9	37.7	133.6	-4.1	
-68.1	25.4	79.5	-14.0	
-82.9	30.3	-48.4	-9.1	
-65.6	20.5	-11.5	-21.4	
-26.3	35.2	5.7	-9.1	
20.5	27.8	27.8	-6.6	
52.4	37.7	25.4	-18.9	
104.1	27.8	47.5	-14.0	
141.0	32.8	-43.5	-9.1	
123.8	30.3	-1.7	-21.4	
89.3	37.7	69.7	-14.0	
8.2	27.8	160.7	-9.1	
-26.3	15.5	150.8	-9.1	
-43.5	25.4	-4.1	-21.4	
-28.7	25.4	-146.8	-14.0	
-18.9	45.1	-117.3	-9.1	
0.8	42.6	-28.7	-18.9	
40.1	18.0	22.9	-14.0	
64.7	20.5	15.5	-16.4	
47.5	30.3	-1.7	-6.6	
25.4	18.0	-16.4	-21.4	
20.5	27.8	3.2	-14.0	
52.4	35.2	5.7	-9.1	
57.4	30.3	-18.9	-11.5	
50.0	35.2	-11.5	-6.6	
59.8	25.4	-14.0	-9.1	
54.9	30.3	-1.7	-16.4	
30.3	27.8	3.2	-9.1	
25.4	30.3	-6.6	-11.5	
35.2	37.7	0.8	-6.6	
18.0	30.3	-6.6	-28.7	
27.8	22.9	18.0	-11.5	
18.0	37.7	18.0	-16.4	
3.2	37.7	-6.6	-9.1	
-16.4	47.5	-9.1	-4.1	
-11.5	45.1	8.2	-9.1	
-11.5	27.8	3.2	3.2	
-16.4	35.2	3.2	-9.1	
-31.2	32.8	25.4	-21.4	
-36.1	50.0	13.1	-16.4	
-36.1	37.7	0.8	-9.1	
-43.5	32.8	5.7	-16.4	
-16.4	32.8	-33.7	-14.0	
18.0	40.1	-53.3	-6.6	
37.7	35.2	-6.6	-11.5	
52.4	37.7	62.3	-16.4	
74.6	20.5	5.7	-11.5	
57.4	20.5	69.7	-26.3	
40.1	32.8	121.3	-31.2	
27.8	25.4	138.5	-21.4	
10.6	27.8	121.3	-18.9	
22.9	40.1	94.3	-33.7	
37.7	40.1	69.7	-14.0	
37.7	32.8	30.3	-11.5	
32.8	25.4	-48.4	-9.1	
10.6	32.8	-80.4	-23.8	
15.5	30.3	-100.1	-18.9	
5.7	30.3	-129.6	-16.4	
10.6	45.1	-77.9	-14.0	
-6.6	37.7	-38.6	-18.9	
-26.3	47.5	-28.7	-18.9	
-28.7	35.2	-33.7	-31.2	
-16.4	42.6	-16.4	-16.4	
-9.1	27.8	-4.1	-33.7	
-1.7	37.7	-31.2	-28.7	
-4.1	40.1	-28.7	-18.9	
18.0	32.8	20.5	-26.3	
40.1	35.2	42.6	-16.4	
35.2	35.2	32.8	-16.4	
32.8	35.2	35.2	-4.1	
22.9	37.7	54.9	-18.9	
5.7	42.6	86.9	-14.0	
-14.0	27.8	50.0	-6.6	
0.8	37.7	52.4	-6.6	
-4.1	45.1	27.8	-11.5	
-4.1	22.9	5.7	-21.4	
18.0	37.7	-50.9	-18.9	
27.8	30.3	-48.4	-28.7	
15.5	8.2	5.7	-23.8	
-4.1	27.8	-46.0	-18.9	
-4.1	30.3	-87.8	-21.4	
5.7	42.6	-1.7	-26.3	
8.2	32.8	52.4	-26.3	
3.2	50.0	79.5	-18.9	
-11.5	37.7	35.2	-21.4	
-9.1	47.5	-1.7	-9.1	
3.2	50.0	-16.4	-14.0	
8.2	52.4	-9.1	-18.9	
32.8	47.5	47.5	-21.4	
47.5	45.1	126.2	-16.4	
45.1	45.1	126.2	-18.9	
47.5	42.6	165.6	-4.1	
18.0	50.0	131.2	15.5	
-31.2	45.1	8.2	13.1	
-48.4	37.7	-117.3	-18.9	
-58.3	35.2	-114.8	-16.4	
-33.7	30.3	-122.2	-26.3	
25.4	45.1	-73.0	-18.9	
27.8	45.1	-1.7	-14.0	
64.7	35.2	10.6	-11.5	
91.8	37.7	47.5	-23.8	
106.6	32.8	-1.7	-6.6	
99.2	32.8	-14.0	-16.4	
67.2	37.7	-41.0	3.2	
18.0	32.8	-28.7	-9.1	
-21.4	47.5	25.4	-14.0	
-36.1	47.5	30.3	-23.8	
-11.5	52.4	-6.6	-21.4	
-4.1	62.3	59.8	-14.0	
15.5	59.8	79.5	-18.9	
40.1	37.7	96.7	-18.9	
77.0	13.1	13.1	-14.0	
84.4	0.8	-9.1	-16.4	
57.4	8.2	-41.0	-21.4	
35.2	22.9	-18.9	-21.4	
45.1	30.3	35.2	-16.4	
45.1	18.0	42.6	-9.1	
32.8	32.8	27.8	-1.7	
27.8	37.7	3.2	-9.1	
13.1	27.8	-1.7	-11.5	
-14.0	40.1	18.0	-16.4	
-33.7	35.2	5.7	-16.4	
-23.8	52.4	37.7	-11.5	
-11.5	59.8	54.9	-11.5	
-11.5	47.5	91.8	-14.0	
-6.6	57.4	101.6	-14.0	
-6.6	54.9	54.9	-6.6	
-16.4	32.8	-33.7	-16.4	
-14.0	27.8	-87.8	-14.0	
-31.2	40.1	-43.5	-23.8	
-21.4	45.1	-28.7	-14.0	
-36.1	42.6	-31.2	-16.4	
-58.3	37.7	-50.9	-16.4	
-38.6	42.6	-36.1	-4.1	
-14.0	40.1	-23.8	-14.0	
30.3	30.3	8.2	-16.4	
84.4	45.1	22.9	-14.0	
118.9	42.6	32.8	-11.5	
131.2	45.1	13.1	-11.5	
160.7	40.1	8.2	-11.5	
109.0	35.2	-1.7	-6.6	
72.1	37.7	18.0	-11.5	
57.4	35.2	42.6	-9.1	
35.2	40.1	35.2	-14.0	
45.1	45.1	15.5	-11.5	
32.8	32.8	30.3	-23.8	
45.1	50.0	45.1	-9.1	
25.4	30.3	32.8	-16.4	
15.5	40.1	13.1	-11.5	
-18.9	37.7	3.2	-28.7	
-41.0	45.1	-14.0	-9.1	
-50.9	37.7	-33.7	-4.1	
-21.4	27.8	-38.6	-16.4	
8.2	22.9	37.7	-18.9	
15.5	35.2	47.5	-16.4	
47.5	37.7	27.8	-1.7	
32.8	35.2	45.1	-18.9	
40.1	32.8	20.5	-18.9	
32.8	37.7	-6.6	-14.0	
22.9	37.7	0.8	-23.8	
10.6	40.1	-63.2	-11.5	
20.5	37.7	-154.2	-9.1	
25.4	37.7	-68.1	-11.5	
20.5	32.8	69.7	-16.4	
22.9	27.8	82.0	-28.7	
47.5	27.8	106.6	-26.3	
18.0	30.3	111.5	-6.6	
8.2	32.8	18.0	-4.1	
-9.1	30.3	-55.8	-9.1	
3.2	32.8	-18.9	-9.1	
-1.7	20.5	3.2	-4.1	
-6.6	25.4	13.1	-14.0	
0.8	27.8	37.7	-18.9	
8.2	37.7	42.6	-14.0	
22.9	37.7	77.0	-11.5	
37.7	25.4	27.8	-14.0	
18.0	42.6	27.8	-11.5	
13.1	42.6	-16.4	-16.4	
20.5	32.8	-33.7	-14.0	
15.5	45.1	-43.5	-6.6	
18.0	40.1	-68.1	-9.1	
27.8	37.7	-31.2	-16.4	
22.9	57.4	3.2	-1.7	
25.4	30.3	45.1	-18.9	
32.8	25.4	62.3	0.8	
18.0	40.1	62.3	-6.6	
18.0	40.1	86.9	-16.4	
18.0	40.1	77.0	-18.9	
18.0	25.4	0.8	-14.0	
18.0	30.3	-6.6	-6.6	
8.2	37.7	3.2	-16.4	
-23.8	32.8	-16.4	0.8	
-26.3	35.2	-38.6	-16.4	
-21.4	27.8	-6.6	-6.6	
-18.9	32.8	-14.0	-6.6	
-4.1	37.7	-28.7	-16.4	
-16.4	32.8	20.5	-4.1	
30.3	35.2	37.7	-4.1	
37.7	37.7	47.5	-16.4	
37.7	32.8	27.8	-4.1	
40.1	22.9	3.2	-4.1	
42.6	27.8	25.4	-16.4	
10.6	35.2	45.1	-4.1	
-38.6	25.4	30.3	0.8	
-60.7	30.3	35.2	-11.5	
-73.0	42.6	20.5	-6.6	
-38.6	37.7	47.5	-4.1	
8.2	27.8	47.5	-11.5	
35.2	15.5	32.8	-9.1	
89.3	40.1	15.5	-9.1	
118.9	47.5	-31.2	-4.1	
113.9	32.8	-36.1	-14.0	
72.1	42.6	-31.2	5.7	
22.9	40.1	-92.7	-18.9	
10.6	32.8	-55.8	-9.1	
10.6	42.6	42.6	-6.6	
-6.6	45.1	67.2	-11.5	
-9.1	32.8	84.4	-14.0	
-21.4	37.7	72.1	-14.0	
-68.1	27.8	45.1	-1.7	
-82.9	22.9	3.2	-16.4	
-55.8	20.5	-18.9	-11.5	
3.2	32.8	-18.9	-11.5	
25.4	25.4	-102.5	-26.3	
35.2	10.6	-41.0	-18.9	
89.3	25.4	-18.9	3.2	
131.2	32.8	-31.2	0.8	
91.8	25.4	18.0	3.2	
59.8	20.5	57.4	10.6	
52.4	32.8	59.8	-14.0	
50.0	30.3	37.7	-4.1	
32.8	27.8	25.4	-16.4	
3.2	35.2	54.9	-11.5	
35.2	40.1	52.4	-23.8	
37.7	35.2	22.9	-16.4	
22.9	40.1	-23.8	-14.0	
-6.6	37.7	-63.2	3.2	
-68.1	37.7	-41.0	-28.7	
-73.0	35.2	-23.8	-33.7	
-38.6	45.1	-28.7	-21.4	
-18.9	45.1	-6.6	-4.1	
22.9	40.1	18.0	-6.6	
69.7	42.6	27.8	22.9	
99.2	54.9	52.4	54.9	
116.4	47.5	5.7	47.5	
104.1	30.3	-23.8	10.6	
52.4	20.5	0.8	-16.4	
0.8	27.8	15.5	-9.1	
-11.5	25.4	35.2	-11.5	
5.7	22.9	40.1	5.7	
18.0	32.8	27.8	-1.7	
47.5	40.1	35.2	-1.7	
45.1	20.5	62.3	-11.5	
50.0	20.5	37.7	-16.4	
50.0	37.7	18.0	-16.4	
32.8	40.1	-16.4	-11.5	
25.4	37.7	-87.8	10.6	
25.4	47.5	-48.4	-6.6	
10.6	27.8	10.6	-14.0	
13.1	35.2	-41.0	-11.5	
15.5	37.7	10.6	-18.9	
-9.1	30.3	-11.5	-6.6	
-48.4	35.2	-1.7	-23.8	
-28.7	27.8	57.4	-21.4	
-21.4	40.1	104.1	-14.0	
-23.8	42.6	118.9	-9.1	
18.0	27.8	84.4	-14.0	
32.8	27.8	30.3	18.0	
27.8	27.8	57.4	25.4	
20.5	37.7	15.5	3.2	
22.9	40.1	-95.2	-4.1	
22.9	25.4	-166.5	-4.1	
47.5	32.8	-109.9	-4.1	
5.7	47.5	-77.9	-16.4	
-55.8	40.1	-6.6	-11.5	
-53.3	37.7	8.2	-14.0	
-33.7	32.8	5.7	-4.1	
3.2	37.7	5.7	-6.6	
37.7	52.4	8.2	-4.1	
74.6	45.1	-11.5	-6.6	
116.4	42.6	3.2	-4.1	
111.5	32.8	22.9	-16.4	
52.4	32.8	15.5	-16.4	
45.1	25.4	3.2	-16.4	
27.8	25.4	-16.4	-6.6	
25.4	20.5	-26.3	5.7	
22.9	27.8	-28.7	-21.4	
8.2	27.8	-9.1	-23.8	
13.1	25.4	-14.0	-16.4	
25.4	32.8	10.6	-14.0	
18.0	35.2	25.4	5.7	
25.4	30.3	47.5	13.1	
13.1	27.8	30.3	0.8	
18.0	30.3	25.4	-18.9	
18.0	30.3	32.8	-14.0	
3.2	37.7	10.6	-26.3	
3.2	25.4	-18.9	-4.1	
-4.1	37.7	-14.0	-11.5	
-11.5	27.8	-16.4	-21.4	
0.8	35.2	-9.1	-18.9	
-6.6	47.5	-31.2	-6.6	
-6.6	37.7	-16.4	-4.1	
-16.4	40.1	25.4	8.2	
-11.5	47.5	22.9	-6.6	
-11.5	32.8	18.0	3.2	
-11.5	30.3	13.1	-1.7	
-21.4	45.1	40.1	13.1	
-1.7	47.5	69.7	8.2	
3.2	42.6	52.4	27.8	
27.8	45.1	32.8	13.1	
5.7	35.2	13.1	8.2	
-1.7	22.9	32.8	-16.4	
-14.0	30.3	62.3	-18.9	
13.1	27.8	3.2	-9.1	
32.8	30.3	-38.6	-6.6	
74.6	25.4	-75.5	-1.7	
86.9	35.2	-60.7	-1.7	
62.3	20.5	-36.1	-9.1	
45.1	32.8	-18.9	3.2	
27.8	37.7	-28.7	-4.1	
37.7	37.7	-16.4	-4.1	
20.5	20.5	3.2	-1.7	
13.1	27.8	32.8	-14.0	
10.6	30.3	77.0	-1.7	
-1.7	32.8	84.4	-14.0	
-1.7	22.9	64.7	-6.6	
5.7	40.1	35.2	-1.7	
-9.1	30.3	99.2	-6.6	
-18.9	37.7	113.9	-9.1	
-18.9	32.8	45.1	-14.0	
-4.1	27.8	42.6	-28.7	
5.7	35.2	20.5	-9.1	
0.8	37.7	-6.6	5.7	
8.2	32.8	-55.8	-4.1	
5.7	35.2	-112.4	-1.7	
3.2	27.8	-149.3	-9.1	
15.5	30.3	-48.4	-1.7	
45.1	32.8	-14.0	-9.1	
40.1	37.7	-23.8	-1.7	
50.0	42.6	-6.6	-4.1	
50.0	42.6	-9.1	0.8	
42.6	32.8	-1.7	-6.6	
42.6	32.8	22.9	8.2	
37.7	13.1	25.4	8.2	
25.4	25.4	-14.0	5.7	
18.0	35.2	37.7	-4.1	
3.2	37.7	-6.6	-14.0	
3.2	25.4	-70.6	8.2	
0.8	35.2	-28.7	5.7	
10.6	35.2	-36.1	-11.5	
5.7	30.3	-36.1	0.8	
5.7	25.4	-16.4	-11.5	
0.8	30.3	-16.4	-11.5	
-4.1	25.4	27.8	-16.4	
5.7	32.8	47.5	-21.4	
3.2	40.1	45.1	-31.2	
-4.1	37.7	10.6	-26.3	
-9.1	40.1	-1.7	-6.6	
-16.4	40.1	67.2	22.9	
-21.4	45.1	91.8	8.2	
-11.5	52.4	86.9	-16.4	
-11.5	35.2	35.2	-4.1	
18.0	47.5	10.6	-1.7	
37.7	57.4	-60.7	-9.1	
42.6	50.0	-46.0	-4.1	
69.7	35.2	-41.0	-11.5	
50.0	35.2	-90.2	-4.1	
45.1	50.0	-75.5	-9.1	
35.2	40.1	-31.2	-6.6	
47.5	52.4	-4.1	-9.1	
42.6	32.8	10.6	-6.6	
42.6	37.7	-6.6	-1.7	
35.2	45.1	-11.5	8.2	
22.9	22.9	-16.4	0.8	
20.5	32.8	-23.8	0.8	
8.2	37.7	10.6	-4.1	
3.2	32.8	30.3	-11.5	
8.2	25.4	59.8	-6.6	
3.2	18.0	52.4	-6.6	
0.8	35.2	123.8	-1.7	
-1.7	25.4	52.4	-6.6	
3.2	22.9	5.7	-4.1	
-1.7	22.9	18.0	8.2	
-9.1	18.0	-63.2	-4.1	
-41.0	25.4	-55.8	-9.1	
-80.4	35.2	-6.6	-18.9	
-80.4	40.1	18.0	-18.9	
-65.6	45.1	25.4	-16.4	
-26.3	42.6	18.0	-9.1	
8.2	42.6	5.7	-16.4	
57.4	42.6	-6.6	-6.6	
91.8	42.6	-21.4	-9.1	
91.8	37.7	-26.3	-4.1	
77.0	37.7	-14.0	0.8	
59.8	35.2	-9.1	8.2	
30.3	30.3	0.8	-6.6	
27.8	35.2	-18.9	-1.7	
30.3	32.8	-9.1	-4.1	
25.4	32.8	0.8	0.8	
22.9	42.6	15.5	0.8	
25.4	37.7	22.9	-1.7	
47.5	45.1	3.2	5.7	
50.0	40.1	13.1	-18.9	
52.4	32.8	47.5	-1.7	
54.9	40.1	84.4	-9.1	
64.7	30.3	131.2	-16.4	
35.2	40.1	113.9	-4.1	
32.8	37.7	91.8	3.2	
40.1	42.6	27.8	3.2	
40.1	37.7	-68.1	-4.1	
40.1	40.1	-85.3	-6.6	
30.3	32.8	-36.1	0.8	
35.2	25.4	-26.3	-6.6	
15.5	35.2	-38.6	0.8	
-9.1	25.4	3.2	-4.1	
-26.3	37.7	20.5	10.6	
-26.3	15.5	-1.7	3.2	
-14.0	32.8	-18.9	-18.9	
-11.5	40.1	-21.4	-9.1	
-14.0	22.9	-11.5	-11.5	
20.5	35.2	-14.0	-9.1	
47.5	30.3	-11.5	-1.7	
45.1	27.8	22.9	-4.1	
57.4	25.4	40.1	-6.6	
45.1	27.8	25.4	3.2	
30.3	22.9	15.5	3.2	
25.4	27.8	-6.6	-6.6	
5.7	25.4	8.2	-4.1	
-9.1	22.9	8.2	-6.6	
-9.1	30.3	10.6	-6.6	
-6.6	27.8	8.2	-18.9	
-11.5	37.7	13.1	-4.1	
-4.1	25.4	3.2	0.8	
3.2	30.3	-6.6	-1.7	
64.7	20.5	3.2	5.7	
59.8	25.4	-1.7	-1.7	
72.1	40.1	-18.9	-9.1	
57.4	42.6	-31.2	-9.1	
25.4	40.1	-23.8	-6.6	
-1.7	40.1	13.1	-4.1	
3.2	27.8	54.9	-6.6	
5.7	47.5	42.6	8.2	
8.2	35.2	18.0	-1.7	
8.2	30.3	10.6	-11.5	
-41.0	22.9	15.5	-4.1	
-46.0	37.7	57.4	-11.5	
-50.9	47.5	40.1	-9.1	
-82.9	35.2	-41.0	-4.1	
-82.9	45.1	-90.2	0.8	
-53.3	42.6	-92.7	0.8	
-14.0	37.7	-58.3	-1.7	
45.1	25.4	-33.7	0.8	
72.1	42.6	-16.4	-4.1	
64.7	42.6	79.5	-4.1	
67.2	40.1	136.1	-6.6	
99.2	37.7	86.9	-9.1	
82.0	27.8	27.8	-4.1	
94.3	18.0	22.9	-6.6	
116.4	25.4	-1.7	8.2	
96.7	18.0	5.7	-11.5	
67.2	27.8	27.8	-9.1	
22.9	25.4	25.4	-6.6	
15.5	32.8	13.1	5.7	
15.5	35.2	0.8	-4.1	
5.7	25.4	-21.4	-1.7	
-4.1	22.9	-16.4	-4.1	
3.2	25.4	-4.1	-6.6	
8.2	20.5	52.4	0.8	
22.9	27.8	133.6	-11.5	
13.1	30.3	175.4	-6.6	
-28.7	30.3	143.5	0.8	
-38.6	30.3	96.7	5.7	
-58.3	35.2	62.3	-14.0	
-38.6	32.8	25.4	18.0	
5.7	25.4	-14.0	20.5	
50.0	32.8	-119.8	10.6	
79.5	37.7	-178.8	30.3	
89.3	20.5	-178.8	27.8	
74.6	25.4	-97.6	15.5	
57.4	30.3	-53.3	15.5	
32.8	27.8	-38.6	8.2	
13.1	30.3	-38.6	-4.1	
20.5	18.0	-14.0	-21.4	
10.6	8.2	0.8	-14.0	
20.5	-6.6	42.6	-9.1	
37.7	-6.6	64.7	-1.7	
35.2	-4.1	27.8	5.7	
25.4	10.6	52.4	3.2	
25.4	15.5	74.6	22.9	
20.5	22.9	-11.5	5.7	
25.4	30.3	8.2	-4.1	
35.2	15.5	18.0	-11.5	
18.0	32.8	5.7	-4.1	
-21.4	42.6	-14.0	-4.1	
-46.0	32.8	-18.9	-6.6	
-48.4	40.1	-38.6	-6.6	
-43.5	35.2	-33.7	-1.7	
-1.7	27.8	-6.6	-6.6	
18.0	45.1	-23.8	-6.6	
52.4	54.9	-60.7	-9.1	
52.4	52.4	-38.6	-4.1	
42.6	62.3	-9.1	-9.1	
27.8	54.9	-1.7	-11.5	
25.4	52.4	10.6	-16.4	
3.2	57.4	15.5	-4.1	
-9.1	62.3	22.9	-16.4	
5.7	57.4	-50.9	-23.8	
-9.1	72.1	-1.7	-4.1	
-36.1	67.2	84.4	-9.1	
-38.6	72.1	79.5	-6.6	
-36.1	64.7	50.0	5.7	
5.7	67.2	42.6	18.0	
10.6	67.2	45.1	8.2	
32.8	64.7	37.7	-4.1	
59.8	62.3	52.4	-23.8	
50.0	57.4	13.1	-11.5	
45.1	59.8	-21.4	-18.9	
30.3	54.9	-38.6	-1.7	
22.9	59.8	-31.2	18.0	
-6.6	47.5	-21.4	25.4	
15.5	37.7	-23.8	3.2	
37.7	40.1	3.2	-4.1	
45.1	42.6	5.7	-14.0	
20.5	42.6	30.3	-9.1	
-14.0	42.6	47.5	8.2	
-21.4	25.4	15.5	0.8	
5.7	22.9	15.5	-11.5	
5.7	18.0	45.1	-6.6	
5.7	27.8	54.9	-14.0	
18.0	22.9	50.0	-9.1	
47.5	20.5	64.7	-6.6	
69.7	27.8	74.6	-14.0	
104.1	32.8	57.4	-11.5	
86.9	25.4	-38.6	0.8	
72.1	32.8	-38.6	-6.6	
54.9	27.8	20.5	0.8	
42.6	20.5	18.0	-4.1	
25.4	37.7	18.0	-9.1	
-31.2	37.7	8.2	-4.1	
-68.1	37.7	-9.1	0.8	
-53.3	22.9	-23.8	10.6	
-21.4	35.2	-31.2	5.7	
13.1	27.8	-60.7	-6.6	
32.8	32.8	-87.8	0.8	
47.5	18.0	-43.5	-14.0	
104.1	27.8	-26.3	0.8	
82.0	37.7	-23.8	-9.1	
27.8	30.3	-21.4	-9.1	
8.2	22.9	-14.0	-4.1	
27.8	25.4	-6.6	3.2	
54.9	37.7	-4.1	5.7	
96.7	32.8	8.2	-1.7	
138.5	37.7	15.5	-11.5	
123.8	27.8	32.8	-1.7	
86.9	35.2	30.3	-1.7	
67.2	30.3	27.8	-18.9	
57.4	37.7	30.3	-18.9	
50.0	25.4	8.2	-16.4	
20.5	37.7	-18.9	-11.5	
-9.1	20.5	-26.3	13.1	
-11.5	25.4	-41.0	5.7	
-9.1	32.8	-14.0	3.2	
-31.2	20.5	-70.6	-1.7	
-36.1	22.9	-97.6	-4.1	
-9.1	22.9	-55.8	-4.1	
-11.5	22.9	37.7	-4.1	
13.1	18.0	69.7	-4.1	
52.4	30.3	148.4	-4.1	
35.2	47.5	150.8	0.8	
40.1	47.5	111.5	0.8	
3.2	35.2	67.2	-1.7	
-26.3	37.7	5.7	-4.1	
-28.7	37.7	-31.2	-1.7	
-6.6	32.8	-33.7	-1.7	
-6.6	25.4	-31.2	-6.6	
-1.7	40.1	-11.5	5.7	
47.5	27.8	-6.6	5.7	
54.9	32.8	40.1	-4.1	
62.3	32.8	47.5	5.7	
64.7	37.7	50.0	3.2	
54.9	25.4	35.2	-6.6	
40.1	25.4	32.8	3.2	
25.4	18.0	37.7	10.6	
15.5	25.4	20.5	-6.6	
37.7	37.7	5.7	0.8	
25.4	35.2	-43.5	-9.1	
18.0	8.2	-68.1	3.2	
20.5	13.1	-73.0	3.2	
18.0	25.4	-46.0	3.2	
-14.0	37.7	-41.0	-11.5	
-53.3	22.9	-18.9	-21.4	
-80.4	20.5	25.4	-1.7	
-77.9	27.8	27.8	0.8	
-55.8	13.1	3.2	-6.6	
-23.8	27.8	-11.5	-1.7	
18.0	27.8	-1.7	-33.7	
69.7	35.2	-4.1	-43.5	
128.7	35.2	3.2	-23.8	
160.7	40.1	15.5	5.7	
128.7	30.3	5.7	8.2	
82.0	50.0	13.1	0.8	
54.9	37.7	15.5	10.6	
30.3	32.8	-4.1	-1.7	
32.8	35.2	-6.6	-14.0	
35.2	52.4	-16.4	-16.4	
22.9	40.1	-4.1	-26.3	
15.5	52.4	-9.1	-21.4	
20.5	42.6	10.6	-14.0	
10.6	35.2	25.4	-1.7	
-26.3	27.8	8.2	-6.6	
-43.5	32.8	3.2	-9.1	
-28.7	32.8	0.8	-11.5	
-18.9	20.5	-16.4	-9.1	
-9.1	20.5	-1.7	-14.0	
8.2	37.7	8.2	-14.0	
8.2	22.9	18.0	-18.9	
27.8	30.3	18.0	-21.4	
52.4	18.0	-28.7	-16.4	
59.8	20.5	50.0	-9.1	
67.2	30.3	79.5	-9.1	
40.1	37.7	64.7	-21.4	
-1.7	30.3	57.4	-6.6	
-18.9	30.3	104.1	-16.4	
-31.2	25.4	47.5	-21.4	
-11.5	25.4	-9.1	-18.9	
-6.6	35.2	-77.9	-16.4	
45.1	45.1	-55.8	-18.9	
126.2	42.6	-23.8	-9.1	
104.1	35.2	-14.0	-16.4	
54.9	27.8	-16.4	3.2	
45.1	18.0	-4.1	-6.6	
52.4	22.9	20.5	-4.1	
67.2	37.7	50.0	0.8	
72.1	40.1	69.7	-6.6	
96.7	35.2	27.8	-14.0	
79.5	18.0	5.7	-14.0	
52.4	20.5	-21.4	-9.1	
25.4	18.0	-33.7	-4.1	
3.2	5.7	-16.4	-6.6	
3.2	10.6	-31.2	-1.7	
5.7	13.1	-58.3	-9.1	
-11.5	25.4	-36.1	3.2	
-6.6	27.8	-6.6	13.1	
-23.8	22.9	-14.0	3.2	
-41.0	32.8	0.8	-9.1	
-6.6	22.9	-6.6	0.8	
22.9	25.4	-21.4	0.8	
59.8	25.4	-9.1	0.8	
59.8	25.4	-18.9	-11.5	
79.5	27.8	-1.7	-1.7	
42.6	35.2	-18.9	3.2	
15.5	45.1	-14.0	-6.6	
-43.5	47.5	-4.1	-11.5	
-77.9	27.8	3.2	-1.7	
-73.0	42.6	8.2	8.2	
-48.4	42.6	10.6	-6.6	
-14.0	40.1	13.1	-21.4	
30.3	25.4	5.7	-9.1	
64.7	35.2	10.6	0.8	
101.6	40.1	0.8	-14.0	
86.9	40.1	22.9	-16.4	
27.8	50.0	15.5	-18.9	
8.2	52.4	-4.1	-31.2	
-11.5	45.1	-6.6	-21.4	
-16.4	32.8	18.0	-9.1	
-1.7	37.7	22.9	-11.5	
18.0	32.8	20.5	-36.1	
50.0	40.1	32.8	-4.1	
59.8	37.7	35.2	20.5	
67.2	27.8	40.1	27.8	
47.5	35.2	20.5	13.1	
32.8	40.1	25.4	-1.7	
37.7	40.1	-18.9	-4.1	
18.0	47.5	0.8	0.8	
8.2	42.6	25.4	-9.1	
-16.4	35.2	20.5	0.8	
-28.7	32.8	0.8	-14.0	
-31.2	35.2	8.2	-9.1	
-26.3	22.9	8.2	-11.5	
-36.1	27.8	-11.5	-1.7	
-21.4	22.9	-4.1	-6.6	
25.4	22.9	-16.4	-9.1	
74.6	27.8	-28.7	-11.5	
99.2	30.3	-9.1	3.2	
106.6	25.4	8.2	-4.1	
113.9	18.0	-16.4	-6.6	
99.2	25.4	-1.7	-4.1	
64.7	32.8	-6.6	5.7	
47.5	40.1	3.2	-6.6	
30.3	27.8	18.0	-11.5	
8.2	50.0	18.0	-4.1	
-4.1	27.8	0.8	-1.7	
3.2	30.3	-38.6	-14.0	
13.1	35.2	-23.8	-9.1	
15.5	30.3	10.6	-4.1	
-6.6	35.2	-1.7	-11.5	
-38.6	32.8	-9.1	-4.1	
-43.5	42.6	3.2	3.2	
-33.7	45.1	25.4	8.2	
-18.9	47.5	13.1	-9.1	
-23.8	35.2	18.0	-4.1	
-23.8	32.8	18.0	-14.0	
-16.4	42.6	-26.3	-9.1	
18.0	47.5	-38.6	13.1	
37.7	47.5	-21.4	10.6	
52.4	42.6	13.1	-9.1	
74.6	35.2	72.1	0.8	
84.4	42.6	69.7	0.8	
62.3	37.7	89.3	0.8	
32.8	42.6	30.3	0.8	
22.9	30.3	-9.1	3.2	
0.8	32.8	-14.0	3.2	
-4.1	0.8	0.8	-9.1	
-11.5	8.2	20.5	-9.1	
-28.7	15.5	40.1	-9.1	
-18.9	18.0	22.9	-14.0	
-16.4	25.4	3.2	0.8	
-1.7	18.0	-4.1	-23.8	
8.2	25.4	8.2	3.2	
0.8	18.0	8.2	8.2	
10.6	13.1	13.1	-6.6	
10.6	10.6	0.8	-21.4	
8.2	13.1	-4.1	-4.1	
27.8	32.8	-28.7	-1.7	
37.7	42.6	-18.9	22.9	
13.1	45.1	-6.6	30.3	
-11.5	45.1	-33.7	0.8	
-41.0	37.7	-14.0	-16.4	
-82.9	42.6	10.6	-4.1	
-127.1	45.1	13.1	-1.7	
-100.1	18.0	-6.6	3.2	
-75.5	27.8	-14.0	13.1	
-16.4	32.8	-16.4	25.4	
3.2	47.5	-21.4	20.5	
0.8	37.7	-18.9	13.1	
47.5	32.8	-26.3	0.8	
136.1	25.4	-6.6	-14.0	
126.2	37.7	-11.5	-11.5	
96.7	37.7	0.8	-18.9	
111.5	42.6	13.1	-11.5	
116.4	45.1	18.0	-9.1	
121.3	40.1	22.9	0.8	
89.3	18.0	20.5	8.2	
27.8	13.1	0.8	-6.6	
15.5	32.8	5.7	-11.5	
22.9	40.1	15.5	0.8	
13.1	40.1	45.1	-9.1	
22.9	37.7	27.8	-6.6	
27.8	27.8	-46.0	-6.6	
13.1	22.9	-4.1	-9.1	
0.8	22.9	-16.4	3.2	
-16.4	35.2	-16.4	-11.5	
-4.1	52.4	-9.1	8.2	
-23.8	45.1	0.8	5.7	
-31.2	40.1	3.2	-4.1	
-18.9	32.8	3.2	-1.7	
-31.2	40.1	27.8	-6.6	
-23.8	37.7	64.7	-9.1	
-28.7	42.6	25.4	-11.5	
-18.9	35.2	-18.9	-11.5	
-14.0	27.8	-11.5	-1.7	
25.4	27.8	0.8	-4.1	
50.0	42.6	-1.7	-4.1	
89.3	35.2	-14.0	-16.4	
74.6	30.3	-4.1	3.2	
35.2	22.9	-33.7	-4.1	
30.3	27.8	-65.6	-4.1	
10.6	27.8	-43.5	-4.1	
10.6	32.8	-33.7	-14.0	
22.9	37.7	-14.0	-23.8	
27.8	45.1	-11.5	-14.0	
13.1	42.6	10.6	-21.4	
32.8	30.3	20.5	13.1	
22.9	27.8	5.7	25.4	
-1.7	45.1	-11.5	10.6	
-18.9	35.2	3.2	-4.1	
-28.7	45.1	37.7	-9.1	
-31.2	32.8	0.8	-16.4	
-28.7	40.1	-6.6	-14.0	
-31.2	35.2	-1.7	-28.7	
-9.1	25.4	-4.1	-21.4	
18.0	32.8	0.8	-1.7	
40.1	22.9	-16.4	-6.6	
42.6	25.4	-1.7	-4.1	
42.6	35.2	10.6	-6.6	
25.4	22.9	-11.5	-1.7	
-9.1	42.6	-4.1	-4.1	
-21.4	27.8	3.2	-9.1	
-21.4	35.2	3.2	-11.5	
-23.8	35.2	3.2	-16.4	
-26.3	35.2	8.2	-6.6	
-43.5	47.5	-16.4	-6.6	
-60.7	45.1	-9.1	-16.4	
-53.3	37.7	0.8	-18.9	
-36.1	35.2	0.8	-9.1	
-1.7	30.3	-6.6	-23.8	
40.1	42.6	3.2	-21.4	
91.8	25.4	15.5	-18.9	
96.7	40.1	30.3	5.7	
94.3	42.6	10.6	-1.7	
54.9	42.6	-1.7	-1.7	
54.9	42.6	10.6	-6.6	
35.2	35.2	25.4	-1.7	
50.0	42.6	32.8	-6.6	
77.0	42.6	20.5	-1.7	
77.0	37.7	18.0	0.8	
69.7	27.8	8.2	-6.6	
25.4	45.1	-1.7	-9.1	
5.7	40.1	15.5	-11.5	
-23.8	45.1	-1.7	-11.5	
-53.3	32.8	20.5	-14.0	
-107.5	40.1	15.5	-14.0	
-97.6	32.8	-9.1	-1.7	
-107.5	37.7	-21.4	-1.7	
-65.6	35.2	-23.8	-1.7	
-11.5	37.7	-18.9	0.8	
45.1	30.3	-28.7	-14.0	
138.5	37.7	-4.1	0.8	
153.3	37.7	18.0	0.8	
104.1	40.1	13.1	-9.1	
72.1	30.3	-9.1	0.8	
40.1	37.7	-16.4	18.0	
8.2	25.4	-4.1	22.9	
-18.9	27.8	3.2	8.2	
-1.7	30.3	3.2	-6.6	
57.4	32.8	-16.4	0.8	
86.9	30.3	-21.4	3.2	
89.3	37.7	-6.6	-4.1	
84.4	32.8	10.6	0.8	
67.2	30.3	8.2	5.7	
35.2	35.2	18.0	-21.4	
-6.6	37.7	47.5	-11.5	
-68.1	27.8	101.6	-9.1	
-77.9	22.9	99.2	5.7	
-77.9	30.3	64.7	5.7	
-68.1	32.8	32.8	0.8	
-43.5	40.1	27.8	-11.5	
15.5	35.2	-50.9	-14.0	
72.1	45.1	-63.2	-1.7	
52.4	47.5	-73.0	-9.1	
59.8	37.7	-85.3	-18.9	
59.8	37.7	-58.3	-6.6	
50.0	30.3	-16.4	20.5	
22.9	35.2	5.7	15.5	
30.3	42.6	5.7	5.7	
35.2	35.2	-1.7	8.2	
13.1	50.0	-6.6	-9.1	
3.2	50.0	-9.1	-18.9	
-16.4	57.4	3.2	-23.8	
-21.4	50.0	10.6	-28.7	
-9.1	40.1	15.5	-18.9	
15.5	25.4	-4.1	-18.9	
18.0	15.5	0.8	-18.9	
30.3	22.9	-4.1	18.0	
-1.7	25.4	-18.9	37.7	
0.8	32.8	-16.4	37.7	
45.1	37.7	-23.8	15.5	
52.4	32.8	-18.9	13.1	
30.3	37.7	-28.7	-1.7	
47.5	20.5	-1.7	-1.7	
15.5	40.1	0.8	0.8	
20.5	32.8	8.2	-9.1	
10.6	47.5	25.4	-16.4	
-1.7	13.1	50.0	-14.0	
8.2	18.0	67.2	-11.5	
-9.1	18.0	37.7	-6.6	
-26.3	18.0	37.7	27.8	
-23.8	30.3	62.3	30.3	
-21.4	42.6	67.2	8.2	
-4.1	37.7	69.7	-1.7	
5.7	42.6	22.9	3.2	
5.7	40.1	32.8	-6.6	
-16.4	32.8	25.4	-11.5	
-14.0	32.8	20.5	-9.1	
8.2	22.9	-9.1	-11.5	
13.1	37.7	-1.7	5.7	
32.8	22.9	-36.1	-6.6	
42.6	25.4	-46.0	-1.7	
45.1	27.8	-9.1	-11.5	
42.6	25.4	10.6	-1.7	
22.9	22.9	32.8	5.7	
45.1	18.0	15.5	5.7	
13.1	30.3	3.2	-4.1	
18.0	22.9	-4.1	-4.1	
8.2	35.2	3.2	-16.4	
3.2	32.8	20.5	-1.7	
8.2	30.3	27.8	-9.1	
-9.1	27.8	59.8	0.8	
-4.1	35.2	37.7	-6.6	
-36.1	37.7	32.8	-1.7	
-80.4	30.3	13.1	-6.6	
-92.7	40.1	-21.4	3.2	
-68.1	37.7	0.8	-4.1	
-33.7	37.7	-9.1	-16.4	
-14.0	50.0	5.7	-1.7	
27.8	30.3	-4.1	5.7	
45.1	32.8	13.1	-14.0	
47.5	45.1	13.1	-21.4	
42.6	40.1	8.2	-9.1	
37.7	32.8	3.2	3.2	
57.4	27.8	-6.6	-16.4	
54.9	37.7	5.7	-14.0	
57.4	45.1	0.8	-14.0	
79.5	42.6	10.6	-4.1	
42.6	50.0	-9.1	0.8	
-31.2	52.4	0.8	3.2	
-77.9	42.6	3.2	-4.1	
-97.6	27.8	8.2	-9.1	
-100.1	42.6	8.2	-6.6	
-77.9	37.7	20.5	0.8	
-23.8	40.1	22.9	0.8	
32.8	32.8	27.8	15.5	
89.3	30.3	10.6	5.7	
99.2	37.7	-6.6	-9.1	
104.1	42.6	10.6	-16.4	
123.8	42.6	-6.6	-14.0	
111.5	40.1	-11.5	-18.9	
74.6	35.2	-14.0	13.1	
50.0	37.7	22.9	-11.5	
20.5	35.2	18.0	-18.9	
47.5	30.3	-4.1	-11.5	
50.0	22.9	-9.1	-14.0	
42.6	10.6	18.0	-1.7	
45.1	3.2	32.8	-6.6	
54.9	13.1	-1.7	3.2	
54.9	27.8	-11.5	10.6	
42.6	22.9	-18.9	-14.0	
10.6	22.9	-14.0	-14.0	
-53.3	30.3	25.4	-16.4	
-53.3	37.7	40.1	-1.7	
-21.4	32.8	35.2	-21.4	
-4.1	42.6	15.5	-11.5	
40.1	35.2	15.5	-4.1	
47.5	37.7	15.5	0.8	
42.6	27.8	-1.7	0.8	
40.1	45.1	-14.0	8.2	
25.4	27.8	0.8	-11.5	
-6.6	27.8	-14.0	10.6	
-38.6	37.7	-23.8	15.5	
-21.4	45.1	-4.1	0.8	
3.2	42.6	27.8	-4.1	
5.7	42.6	22.9	-9.1	
20.5	32.8	42.6	-18.9	
59.8	27.8	64.7	-16.4	
57.4	35.2	50.0	-18.9	
35.2	30.3	27.8	5.7	
25.4	32.8	45.1	18.0	
10.6	22.9	30.3	5.7	
5.7	22.9	-26.3	3.2	
5.7	32.8	-55.8	0.8	
10.6	42.6	-11.5	3.2	
18.0	25.4	-14.0	5.7	
15.5	25.4	-6.6	20.5	
10.6	30.3	-6.6	3.2	
-16.4	27.8	5.7	-9.1	
-9.1	40.1	22.9	0.8	
-31.2	45.1	22.9	-9.1	
-28.7	40.1	27.8	-4.1	
-33.7	40.1	15.5	3.2	
-16.4	35.2	8.2	5.7	
-16.4	45.1	5.7	-1.7	
-11.5	42.6	-14.0	3.2	
0.8	27.8	5.7	-1.7	
-11.5	35.2	-1.7	-1.7	
-4.1	40.1	-4.1	0.8	
5.7	27.8	8.2	-4.1	
50.0	37.7	5.7	-21.4	
77.0	32.8	-16.4	-16.4	
57.4	20.5	-21.4	-9.1	
22.9	22.9	-6.6	-1.7	
20.5	22.9	13.1	8.2	
27.8	32.8	20.5	0.8	
20.5	42.6	15.5	-4.1	
15.5	42.6	5.7	25.4	
15.5	42.6	5.7	13.1	
5.7	42.6	25.4	-9.1	
-41.0	42.6	27.8	-14.0	
-65.6	35.2	15.5	0.8	
-55.8	22.9	8.2	0.8	
-43.5	30.3	5.7	0.8	
-6.6	30.3	18.0	3.2	
3.2	25.4	25.4	-1.7	
30.3	25.4	20.5	-1.7	
50.0	30.3	18.0	-9.1	
62.3	15.5	3.2	-4.1	
47.5	25.4	-4.1	-18.9	
32.8	30.3	-6.6	-28.7	
30.3	32.8	-4.1	-18.9	
3.2	30.3	-31.2	-21.4	
-48.4	35.2	-1.7	-18.9	
-77.9	40.1	27.8	20.5	
-48.4	32.8	42.6	18.0	
-16.4	45.1	0.8	5.7	
10.6	37.7	-11.5	20.5	
22.9	32.8	-21.4	5.7	
72.1	22.9	5.7	-18.9	
82.0	18.0	-11.5	-1.7	
62.3	15.5	-14.0	8.2	
79.5	37.7	5.7	-6.6	
52.4	35.2	15.5	-9.1	
40.1	37.7	8.2	-9.1	
18.0	32.8	5.7	-4.1	
5.7	27.8	25.4	-1.7	
-23.8	30.3	30.3	-14.0	
-26.3	40.1	30.3	-14.0	
-28.7	45.1	35.2	-14.0	
-46.0	37.7	13.1	-14.0	
-65.6	35.2	3.2	-33.7	
-58.3	30.3	3.2	-16.4	
-38.6	40.1	37.7	10.6	
-21.4	40.1	18.0	10.6	
5.7	57.4	3.2	-9.1	
25.4	50.0	0.8	-4.1	
45.1	54.9	-6.6	5.7	
52.4	40.1	-9.1	-14.0	
72.1	40.1	-6.6	-21.4	
89.3	40.1	-16.4	-14.0	
74.6	42.6	-9.1	-6.6	
62.3	30.3	-4.1	-18.9	
52.4	40.1	3.2	-23.8	
18.0	37.7	0.8	-26.3	
-11.5	45.1	-4.1	18.0	
-11.5	35.2	-1.7	10.6	
-4.1	45.1	-4.1	18.0	
-18.9	37.7	-18.9	13.1	
-14.0	45.1	-18.9	8.2	
-1.7	32.8	-11.5	0.8	
5.7	32.8	-14.0	-9.1	
27.8	32.8	-18.9	3.2	
52.4	42.6	-1.7	5.7	
74.6	40.1	13.1	-14.0	
62.3	42.6	22.9	-21.4	
50.0	42.6	30.3	-6.6	
10.6	30.3	8.2	10.6	
-14.0	27.8	-14.0	25.4	
-1.7	25.4	-6.6	5.7	
-16.4	35.2	-6.6	-6.6	
-38.6	40.1	-6.6	-6.6	
5.7	42.6	5.7	-14.0	
69.7	52.4	25.4	-6.6	
72.1	50.0	5.7	0.8	
42.6	32.8	-11.5	-4.1	
54.9	42.6	5.7	-4.1	
52.4	27.8	-1.7	-4.1	
35.2	22.9	-6.6	-4.1	
25.4	32.8	-9.1	0.8	
18.0	35.2	-23.8	10.6	
18.0	37.7	-28.7	-1.7	
8.2	35.2	-28.7	-11.5	
-4.1	45.1	-33.7	-1.7	
-23.8	15.5	-21.4	-1.7	
-14.0	25.4	-14.0	-16.4	
-9.1	25.4	-4.1	-14.0	
-9.1	32.8	27.8	-9.1	
-9.1	35.2	45.1	-1.7	
3.2	27.8	74.6	-21.4	
20.5	35.2	52.4	-6.6	
37.7	40.1	42.6	-1.7	
13.1	32.8	20.5	-4.1	
22.9	42.6	-6.6	-9.1	
8.2	40.1	-16.4	-6.6	
0.8	35.2	10.6	3.2	
-9.1	50.0	-21.4	-6.6	
-11.5	37.7	-41.0	-1.7	
-26.3	40.1	-48.4	-6.6	
-14.0	50.0	-60.7	-6.6	
-11.5	45.1	-60.7	5.7	
5.7	35.2	-16.4	0.8	
8.2	42.6	18.0	5.7	
30.3	54.9	32.8	15.5	
5.7	42.6	18.0	18.0	
-28.7	57.4	10.6	13.1	
-9.1	35.2	25.4	5.7	
-28.7	25.4	27.8	8.2	
-43.5	30.3	35.2	-9.1	
-31.2	37.7	25.4	-4.1	
20.5	30.3	3.2	-9.1	
64.7	25.4	-31.2	-4.1	
57.4	20.5	-6.6	-4.1	
54.9	27.8	-14.0	-11.5	
74.6	27.8	-16.4	0.8	
30.3	22.9	-11.5	-9.1	
-4.1	35.2	-6.6	3.2	
-11.5	18.0	0.8	10.6	
10.6	25.4	3.2	-9.1	
30.3	32.8	-9.1	5.7	
37.7	32.8	-9.1	0.8	
77.0	30.3	-21.4	-6.6	
77.0	40.1	-11.5	-11.5	
79.5	32.8	3.2	5.7	
50.0	27.8	8.2	3.2	
5.7	32.8	-1.7	-6.6	
-23.8	40.1	-11.5	5.7	
-38.6	30.3	-1.7	8.2	
-82.9	32.8	0.8	10.6	
-92.7	40.1	13.1	10.6	
-68.1	35.2	25.4	0.8	
-18.9	22.9	3.2	8.2	
30.3	15.5	-6.6	-4.1	
62.3	18.0	3.2	13.1	
74.6	32.8	3.2	0.8	
79.5	27.8	-6.6	5.7	
54.9	27.8	0.8	5.7	
22.9	45.1	-4.1	-4.1	
37.7	22.9	0.8	-6.6	
42.6	37.7	5.7	-1.7	
25.4	27.8	8.2	13.1	
20.5	30.3	13.1	5.7	
-1.7	22.9	13.1	5.7	
-14.0	35.2	27.8	3.2	
-36.1	40.1	22.9	-6.6	
-21.4	27.8	25.4	0.8	
-11.5	30.3	25.4	-4.1	
-28.7	45.1	13.1	0.8	
-21.4	40.1	22.9	0.8	
-16.4	35.2	18.0	3.2	
5.7	45.1	-6.6	8.2	
54.9	47.5	-16.4	-4.1	
74.6	27.8	-31.2	5.7	
5.7	27.8	-16.4	8.2	
-55.8	42.6	-6.6	8.2	
-58.3	40.1	-18.9	-4.1	
-38.6	37.7	-16.4	10.6	
3.2	30.3	-9.1	8.2	
59.8	32.8	-4.1	0.8	
62.3	20.5	-6.6	13.1	
74.6	18.0	20.5	5.7	
74.6	20.5	-4.1	8.2	
74.6	18.0	-18.9	-1.7	
59.8	22.9	-9.1	10.6	
74.6	15.5	-1.7	5.7	
96.7	20.5	3.2	-1.7	
99.2	18.0	-11.5	5.7	
106.6	20.5	-1.7	5.7	
77.0	3.2	0.8	8.2	
18.0	0.8	0.8	8.2	
-46.0	15.5	15.5	5.7	
-73.0	25.4	8.2	18.0	
-82.9	20.5	3.2	3.2	
-68.1	32.8	3.2	8.2	
-60.7	30.3	8.2	-1.7	
-4.1	27.8	5.7	3.2	
50.0	32.8	-9.1	5.7	
77.0	27.8	-21.4	5.7	
32.8	32.8	-4.1	0.8	
18.0	15.5	-4.1	10.6	
13.1	13.1	-11.5	-6.6	
-28.7	22.9	-6.6	-11.5	
-28.7	20.5	0.8	8.2	
3.2	30.3	0.8	0.8	
32.8	35.2	8.2	8.2	
42.6	54.9	5.7	8.2	
42.6	37.7	18.0	10.6	
13.1	35.2	22.9	5.7	
18.0	25.4	3.2	-6.6	
18.0	10.6	13.1	3.2	
32.8	27.8	22.9	-6.6	
20.5	37.7	18.0	-1.7	
-4.1	40.1	3.2	-1.7	
-6.6	47.5	-9.1	3.2	
30.3	54.9	-31.2	3.2	
82.0	45.1	-11.5	5.7	
52.4	52.4	-1.7	0.8	
5.7	54.9	-11.5	0.8	
-9.1	54.9	-16.4	-11.5	
-9.1	57.4	-9.1	15.5	
-23.8	64.7	-14.0	3.2	
0.8	57.4	-23.8	3.2	
0.8	67.2	-16.4	-1.7	
13.1	62.3	10.6	13.1	
40.1	62.3	13.1	3.2	
27.8	69.7	50.0	0.8	
3.2	62.3	25.4	-4.1	
-26.3	50.0	42.6	0.8	
-46.0	59.8	32.8	-1.7	
-23.8	72.1	3.2	-6.6	
-6.6	59.8	0.8	5.7	
25.4	40.1	-18.9	5.7	
40.1	45.1	-21.4	-9.1	
13.1	52.4	-21.4	-1.7	
-9.1	54.9	-65.6	8.2	
-16.4	52.4	-48.4	-1.7	
5.7	47.5	-4.1	5.7	
8.2	47.5	13.1	3.2	
10.6	40.1	-1.7	8.2	
5.7	42.6	-23.8	3.2	
-6.6	37.7	-28.7	3.2	
5.7	30.3	-18.9	-1.7	
30.3	50.0	8.2	-4.1	
15.5	13.1	5.7	10.6	
10.6	18.0	-4.1	0.8	
20.5	13.1	5.7	8.2	
57.4	25.4	-4.1	5.7	
35.2	15.5	-23.8	3.2	
13.1	35.2	-31.2	-6.6	
0.8	30.3	0.8	-6.6	
-18.9	35.2	10.6	5.7	
-46.0	15.5	25.4	-1.7	
-73.0	30.3	30.3	-4.1	
-43.5	18.0	27.8	-1.7	
-16.4	25.4	3.2	-14.0	
-16.4	18.0	3.2	0.8	
0.8	27.8	0.8	-4.1	
15.5	15.5	10.6	13.1	
8.2	13.1	8.2	8.2	
15.5	5.7	0.8	8.2	
57.4	35.2	-4.1	-9.1	
89.3	32.8	0.8	-4.1	
86.9	15.5	5.7	-6.6	
91.8	32.8	5.7	5.7	
69.7	30.3	5.7	13.1	
15.5	0.8	0.8	15.5	
-33.7	15.5	-1.7	-4.1	
-70.6	32.8	0.8	10.6	
-43.5	40.1	-6.6	13.1	
5.7	35.2	5.7	15.5	
27.8	32.8	-6.6	10.6	
59.8	27.8	5.7	8.2	
54.9	30.3	8.2	5.7	
67.2	32.8	5.7	8.2	
62.3	27.8	13.1	8.2	
84.4	22.9	27.8	5.7	
69.7	35.2	20.5	13.1	
5.7	25.4	30.3	10.6	
-50.9	27.8	15.5	10.6	
-48.4	27.8	13.1	25.4	
-6.6	32.8	20.5	13.1	
59.8	32.8	3.2	15.5	
126.2	20.5	-1.7	13.1	
84.4	35.2	15.5	15.5	
59.8	30.3	0.8	15.5	
52.4	20.5	0.8	10.6	
40.1	32.8	10.6	-6.6	
64.7	37.7	-11.5	-9.1	
64.7	42.6	-1.7	-11.5	
18.0	50.0	-9.1	0.8	
-14.0	45.1	-6.6	-4.1	
-38.6	32.8	-18.9	0.8	
-60.7	47.5	-21.4	5.7	
-36.1	37.7	-9.1	5.7	
-16.4	25.4	3.2	30.3	
-11.5	32.8	-11.5	13.1	
-14.0	27.8	8.2	8.2	
-65.6	32.8	-6.6	-1.7	
-73.0	32.8	-4.1	-1.7	
-80.4	22.9	-11.5	-21.4	
0.8	42.6	5.7	0.8	
30.3	37.7	8.2	3.2	
64.7	35.2	13.1	18.0	
116.4	32.8	32.8	13.1	
160.7	42.6	47.5	15.5	
143.5	37.7	42.6	8.2	
106.6	42.6	35.2	-9.1	
57.4	32.8	25.4	-16.4	
18.0	32.8	5.7	-14.0	
-4.1	45.1	-11.5	-1.7	
-38.6	54.9	-14.0	5.7	
-50.9	25.4	-18.9	10.6	
-41.0	25.4	-31.2	-4.1	
-38.6	27.8	-33.7	-9.1	
-11.5	18.0	-6.6	-6.6	
-11.5	13.1	-6.6	-1.7	
-14.0	25.4	-9.1	-9.1	
-43.5	37.7	-14.0	8.2	
-36.1	47.5	-16.4	25.4	
-16.4	27.8	0.8	13.1	
-36.1	37.7	0.8	20.5	
-75.5	45.1	5.7	18.0	
-90.2	35.2	25.4	13.1	
-77.9	50.0	10.6	22.9	
-48.4	50.0	22.9	5.7	
32.8	52.4	37.7	5.7	
141.0	52.4	42.6	-4.1	
158.2	35.2	35.2	8.2	
158.2	42.6	18.0	13.1	
128.7	50.0	-18.9	5.7	
79.5	47.5	10.6	3.2	
52.4	52.4	0.8	0.8	
94.3	45.1	-63.2	10.6	
91.8	37.7	-50.9	20.5	
25.4	52.4	-31.2	5.7	
-16.4	54.9	-18.9	13.1	
-41.0	52.4	-4.1	30.3	
-100.1	47.5	8.2	18.0	
-80.4	54.9	0.8	15.5	
-41.0	59.8	-4.1	5.7	
25.4	35.2	10.6	8.2	
67.2	47.5	-1.7	3.2	
121.3	42.6	-6.6	0.8	
104.1	47.5	-6.6	0.8	
42.6	50.0	-6.6	-9.1	
-11.5	59.8	3.2	-18.9	
20.5	50.0	0.8	8.2	
57.4	40.1	8.2	32.8	
57.4	47.5	8.2	30.3	
-23.8	40.1	-6.6	3.2	
-60.7	45.1	25.4	-23.8	
-63.2	47.5	18.0	-6.6	
-68.1	40.1	15.5	-14.0	
-63.2	42.6	15.5	-21.4	
-31.2	32.8	-1.7	27.8	
-14.0	35.2	-14.0	37.7	
25.4	35.2	-14.0	18.0	
54.9	35.2	-26.3	8.2	
50.0	37.7	-14.0	18.0	
13.1	42.6	0.8	10.6	
15.5	35.2	0.8	-4.1	
-21.4	37.7	8.2	10.6	
-38.6	52.4	0.8	15.5	
-23.8	57.4	42.6	13.1	
-11.5	37.7	59.8	5.7	
-11.5	15.5	37.7	8.2	
-11.5	13.1	10.6	10.6	
10.6	45.1	-11.5	25.4	
15.5	50.0	15.5	15.5	
0.8	40.1	3.2	5.7	
-14.0	18.0	-1.7	5.7	
-11.5	27.8	10.6	5.7	
-1.7	37.7	22.9	5.7	
18.0	40.1	15.5	3.2	
18.0	37.7	-26.3	3.2	
-14.0	37.7	8.2	-4.1	
-16.4	35.2	18.0	5.7	
-11.5	45.1	25.4	-1.7	
-4.1	30.3	20.5	-4.1	
13.1	45.1	22.9	0.8	
22.9	52.4	3.2	5.7	
10.6	57.4	-36.1	5.7	
-14.0	40.1	-18.9	-4.1	
-18.9	45.1	-16.4	5.7	
-16.4	50.0	-1.7	-4.1	
0.8	52.4	3.2	0.8	
27.8	35.2	5.7	5.7	
40.1	22.9	0.8	0.8	
10.6	20.5	3.2	-1.7	
-6.6	35.2	-16.4	-1.7	
-4.1	30.3	-1.7	-6.6	
-11.5	35.2	-18.9	5.7	
5.7	37.7	-4.1	0.8	
45.1	45.1	-6.6	8.2	
45.1	50.0	-14.0	-4.1	
22.9	40.1	10.6	-1.7	
22.9	32.8	27.8	-9.1	
20.5	27.8	15.5	15.5	
-9.1	20.5	20.5	13.1	
5.7	13.1	15.5	3.2	
-38.6	22.9	22.9	-4.1	
-21.4	40.1	13.1	0.8	
5.7	30.3	-6.6	5.7	
20.5	40.1	-11.5	0.8	
64.7	35.2	-1.7	-1.7	
126.2	22.9	3.2	-4.1	
96.7	27.8	-1.7	-1.7	
20.5	25.4	-4.1	18.0	
13.1	27.8	-4.1	18.0	
5.7	27.8	10.6	8.2	
-23.8	22.9	-4.1	-4.1	
-18.9	30.3	-11.5	-6.6	
-1.7	25.4	-11.5	8.2	
-4.1	30.3	-6.6	-18.9	
-21.4	42.6	-1.7	-6.6	
-63.2	47.5	0.8	0.8	
-63.2	62.3	0.8	5.7	
-46.0	74.6	5.7	18.0	
13.1	59.8	0.8	5.7	
72.1	32.8	-4.1	-6.6	
74.6	37.7	-1.7	0.8	
69.7	37.7	8.2	0.8	
-1.7	22.9	-4.1	-9.1	
-28.7	20.5	-1.7	3.2	
3.2	18.0	8.2	-11.5	
37.7	5.7	20.5	3.2	
52.4	5.7	18.0	3.2	
32.8	18.0	25.4	-6.6	
15.5	18.0	13.1	5.7	
8.2	22.9	18.0	15.5	
-6.6	13.1	-9.1	15.5	
-26.3	15.5	-26.3	10.6	
0.8	57.4	-33.7	13.1	
8.2	67.2	-73.0	-9.1	
-4.1	64.7	-63.2	-21.4	
-11.5	57.4	-60.7	-9.1	
5.7	50.0	-18.9	-16.4	
15.5	37.7	-4.1	5.7	
22.9	30.3	22.9	15.5	
5.7	42.6	67.2	40.1	
3.2	35.2	101.6	22.9	
-4.1	47.5	50.0	0.8	
-6.6	27.8	13.1	0.8	
-14.0	25.4	0.8	13.1	
5.7	37.7	-11.5	18.0	
18.0	40.1	3.2	10.6	
5.7	22.9	0.8	-9.1	
3.2	30.3	0.8	-1.7	
-18.9	45.1	18.0	-11.5	
-9.1	45.1	15.5	-14.0	
-18.9	40.1	22.9	-18.9	
5.7	62.3	27.8	-11.5	
32.8	59.8	27.8	5.7	
13.1	69.7	35.2	8.2	
-11.5	50.0	3.2	25.4	
-16.4	47.5	0.8	13.1	
-1.7	35.2	5.7	-6.6	
-16.4	13.1	-4.1	-14.0	
-26.3	20.5	-11.5	-4.1	
-14.0	32.8	-9.1	-14.0	
-6.6	40.1	3.2	0.8	
3.2	35.2	-4.1	-16.4	
22.9	30.3	-33.7	-4.1	
20.5	35.2	-23.8	-14.0	
32.8	22.9	-23.8	-9.1	
3.2	18.0	-9.1	-11.5	
-23.8	30.3	-16.4	-9.1	
-28.7	37.7	-18.9	-6.6	
-4.1	15.5	-14.0	-6.6	
0.8	18.0	5.7	-18.9	
32.8	15.5	-6.6	0.8	
57.4	15.5	-4.1	8.2	
52.4	25.4	-6.6	5.7	
30.3	22.9	8.2	-1.7	
27.8	35.2	22.9	5.7	
25.4	25.4	27.8	-9.1	
-11.5	37.7	5.7	-23.8	
-6.6	30.3	-1.7	-38.6	
-4.1	35.2	-21.4	-23.8	
-16.4	42.6	-1.7	-23.8	
-21.4	45.1	18.0	3.2	
-23.8	25.4	20.5	22.9	
-14.0	18.0	15.5	47.5	
0.8	30.3	3.2	77.0	
5.7	32.8	-1.7	62.3	
32.8	35.2	-1.7	18.0	
-6.6	35.2	3.2	5.7	
-23.8	32.8	-6.6	-1.7	
5.7	32.8	0.8	-4.1	
3.2	40.1	-6.6	27.8	
-18.9	22.9	-14.0	32.8	
-28.7	22.9	-14.0	8.2	
-21.4	27.8	-1.7	-36.1	
3.2	37.7	-4.1	-43.5	
32.8	54.9	-9.1	-60.7	
86.9	45.1	-9.1	-50.9	
59.8	20.5	-1.7	-46.0	
64.7	40.1	-6.6	-4.1	
91.8	32.8	3.2	37.7	
86.9	30.3	3.2	42.6	
50.0	27.8	0.8	40.1	
20.5	30.3	3.2	50.0	
-28.7	27.8	-1.7	52.4	
-21.4	50.0	-4.1	35.2	
10.6	69.7	0.8	37.7	
15.5	47.5	-18.9	8.2	
27.8	40.1	-43.5	-1.7	
32.8	30.3	-36.1	-1.7	
30.3	-14.0	-23.8	-4.1	
20.5	-36.1	-11.5	-11.5	
25.4	-43.5	18.0	-18.9	
32.8	-41.0	30.3	-28.7	
3.2	-23.8	50.0	-28.7	
0.8	-11.5	77.0	-11.5	
-16.4	0.8	64.7	-21.4	
-14.0	-14.0	64.7	-18.9	
0.8	-21.4	37.7	-9.1	
27.8	-11.5	-14.0	-4.1	
47.5	-26.3	-65.6	3.2	
59.8	-36.1	-60.7	-1.7	
32.8	-31.2	-75.5	-6.6	
8.2	-18.9	-70.6	-11.5	
3.2	-18.9	-36.1	-16.4	
5.7	-6.6	-6.6	-9.1	
-11.5	-4.1	27.8	3.2	
-9.1	-16.4	45.1	-1.7	
-23.8	5.7	40.1	-9.1	
-31.2	25.4	20.5	0.8	
-43.5	37.7	10.6	0.8	
-23.8	42.6	25.4	0.8	
13.1	40.1	35.2	5.7	
42.6	40.1	15.5	13.1	
69.7	37.7	27.8	18.0	
57.4	42.6	15.5	3.2	
37.7	62.3	-16.4	10.6	
40.1	69.7	-31.2	5.7	
0.8	57.4	-33.7	5.7	
5.7	22.9	-18.9	10.6	
-14.0	0.8	0.8	8.2	
-9.1	-9.1	-9.1	3.2	
-14.0	13.1	-18.9	-1.7	
-4.1	3.2	-1.7	10.6	
5.7	-26.3	3.2	3.2	
13.1	-9.1	18.0	0.8	
30.3	18.0	22.9	15.5	
13.1	30.3	22.9	10.6	
8.2	52.4	22.9	8.2	
10.6	74.6	37.7	-1.7	
-1.7	101.6	37.7	-4.1	
-4.1	101.6	27.8	-6.6	
0.8	111.5	0.8	-14.0	
5.7	131.2	-6.6	-11.5	
-6.6	121.3	-23.8	-18.9	
-6.6	106.6	-21.4	5.7	
-21.4	86.9	-26.3	8.2	
-21.4	64.7	-21.4	37.7	
-43.5	57.4	-11.5	13.1	
-18.9	72.1	18.0	8.2	
-21.4	72.1	54.9	8.2	
-11.5	59.8	84.4	-1.7	
5.7	59.8	86.9	-4.1	
32.8	62.3	72.1	-1.7	
54.9	57.4	40.1	-6.6	
59.8	45.1	25.4	35.2	
54.9	37.7	5.7	54.9	
32.8	25.4	-31.2	32.8	
8.2	30.3	-41.0	32.8	
-18.9	25.4	-55.8	25.4	
-18.9	25.4	-60.7	13.1	
-6.6	15.5	-18.9	27.8	
22.9	35.2	37.7	13.1	
40.1	42.6	20.5	10.6	
15.5	30.3	-1.7	5.7	
13.1	47.5	-9.1	25.4	
-1.7	50.0	-1.7	22.9	
0.8	40.1	22.9	10.6	
-6.6	22.9	35.2	10.6	
-21.4	35.2	35.2	0.8	
0.8	32.8	52.4	13.1	
-18.9	35.2	32.8	13.1	
-11.5	32.8	13.1	13.1	
-1.7	18.0	-1.7	3.2	
15.5	5.7	-23.8	-16.4	
15.5	3.2	-38.6	-1.7	
20.5	27.8	-33.7	-1.7	
25.4	22.9	-41.0	0.8	
27.8	37.7	13.1	10.6	
32.8	30.3	59.8	8.2	
27.8	42.6	86.9	-6.6	
40.1	27.8	123.8	0.8	
32.8	25.4	118.9	5.7	
37.7	-36.1	72.1	5.7	
62.3	-23.8	27.8	5.7	
69.7	-23.8	-9.1	-4.1	
52.4	15.5	-41.0	-9.1	
27.8	59.8	-73.0	8.2	
-6.6	59.8	-85.3	-6.6	
-23.8	52.4	-28.7	8.2	
-16.4	52.4	-16.4	-4.1	
-18.9	42.6	-31.2	-4.1	
-11.5	35.2	-38.6	-6.6	
-11.5	18.0	-14.0	0.8	
5.7	32.8	0.8	0.8	
15.5	13.1	5.7	22.9	
54.9	0.8	5.7	15.5	
64.7	15.5	18.0	-1.7	
47.5	37.7	45.1	-1.7	
40.1	50.0	37.7	0.8	
20.5	111.5	30.3	-6.6	
18.0	104.1	32.8	-6.6	
-23.8	74.6	25.4	-6.6	
-31.2	50.0	32.8	5.7	
-11.5	64.7	22.9	-6.6	
13.1	37.7	30.3	8.2	
37.7	27.8	35.2	5.7	
10.6	25.4	25.4	-1.7	
0.8	30.3	32.8	-1.7	
-11.5	37.7	25.4	-9.1	
-9.1	37.7	0.8	3.2	
0.8	25.4	-9.1	3.2	
-1.7	42.6	-36.1	-6.6	
5.7	54.9	-60.7	-9.1	
15.5	72.1	-63.2	10.6	
15.5	67.2	-23.8	3.2	
25.4	86.9	-23.8	5.7	
57.4	77.0	-23.8	13.1	
27.8	47.5	-9.1	22.9	
15.5	20.5	-4.1	10.6	
-11.5	32.8	-16.4	3.2	
-23.8	54.9	-4.1	-6.6	
-41.0	50.0	8.2	-6.6	
-43.5	10.6	-1.7	-1.7	
-41.0	-6.6	10.6	10.6	
-21.4	-14.0	27.8	-1.7	
-1.7	-18.9	79.5	-6.6	
-18.9	-6.6	74.6	-6.6	
-6.6	10.6	57.4	-11.5	
5.7	-16.4	8.2	-9.1	
22.9	-1.7	-18.9	5.7	
35.2	3.2	-23.8	18.0	
32.8	-33.7	-41.0	47.5	
30.3	-21.4	-58.3	40.1	
18.0	-14.0	-31.2	25.4	
25.4	-9.1	104.1	22.9	
27.8	-9.1	192.7	20.5	
5.7	37.7	126.2	18.0	
-18.9	35.2	106.6	15.5	
-23.8	52.4	141.0	13.1	
-36.1	52.4	99.2	10.6	
-28.7	47.5	-1.7	0.8	
-1.7	50.0	-73.0	3.2	
-9.1	59.8	-73.0	20.5	
27.8	45.1	-50.9	8.2	
27.8	50.0	-55.8	10.6	
77.0	45.1	-43.5	18.0	
69.7	40.1	-11.5	15.5	
37.7	40.1	-58.3	10.6	
37.7	32.8	-107.5	18.0	
35.2	35.2	-82.9	13.1	
10.6	40.1	-53.3	15.5	
3.2	52.4	-53.3	5.7	
-1.7	74.6	-53.3	8.2	
13.1	64.7	-50.9	5.7	
13.1	52.4	-58.3	20.5	
5.7	47.5	-43.5	45.1	
27.8	45.1	0.8	42.6	
13.1	42.6	30.3	18.0	
-1.7	45.1	40.1	35.2	
13.1	59.8	37.7	20.5	
27.8	32.8	20.5	18.0	
10.6	50.0	25.4	27.8	
5.7	50.0	-18.9	52.4	
15.5	52.4	-1.7	25.4	
40.1	52.4	-14.0	15.5	
27.8	52.4	-23.8	3.2	
22.9	42.6	22.9	8.2	
32.8	35.2	3.2	-4.1	
3.2	27.8	64.7	-1.7	
-9.1	25.4	145.9	10.6	
-41.0	22.9	246.8	5.7	
-38.6	40.1	310.7	13.1	
-28.7	67.2	251.7	35.2	
-33.7	57.4	185.3	37.7	
-46.0	47.5	20.5	35.2	
-38.6	30.3	-16.4	-16.4	
-21.4	13.1	-23.8	-43.5	
-14.0	-1.7	13.1	-31.2	
0.8	8.2	20.5	-46.0	
-11.5	-21.4	3.2	5.7	
25.4	15.5	104.1	89.3	
57.4	30.3	187.7	79.5	
62.3	74.6	118.9	82.0	
37.7	104.1	-33.7	77.0	
3.2	69.7	-205.9	35.2	
10.6	62.3	-351.0	8.2	
22.9	47.5	-139.4	8.2	
35.2	69.7	-46.0	25.4	
40.1	5.7	-60.7	25.4	
45.1	-119.8	-124.7	35.2	
32.8	-151.7	-166.5	22.9	
18.0	-200.9	-210.8	-4.1	
-21.4	-272.3	-240.3	-18.9	
-1.7	-225.5	-255.1	-6.6	
15.5	-171.4	-75.5	-16.4	
-9.1	-50.9	30.3	18.0	
-4.1	-1.7	155.8	79.5	
-16.4	116.4	165.6	47.5	
-6.6	209.9	150.8	22.9	
5.7	256.6	106.6	15.5	
13.1	239.4	62.3	5.7	
37.7	187.7	10.6	35.2	
22.9	145.9	-28.7	45.1	
-16.4	104.1	-26.3	13.1	
-36.1	116.4	-6.6	13.1	
-23.8	121.3	-14.0	18.0	
-6.6	79.5	-38.6	15.5	
-14.0	32.8	-38.6	3.2	
-11.5	50.0	13.1	-4.1	
15.5	101.6	96.7	-18.9	
-1.7	118.9	109.0	5.7	
3.2	109.0	109.0	0.8	
27.8	111.5	86.9	-23.8	
69.7	84.4	13.1	-28.7	
77.0	86.9	-43.5	-33.7	
67.2	62.3	-53.3	-26.3	
79.5	42.6	-73.0	-18.9	
62.3	15.5	-97.6	-26.3	
27.8	-16.4	-65.6	-46.0	
52.4	-48.4	-112.4	-58.3	
32.8	-33.7	-65.6	-48.4	
-4.1	-38.6	3.2	-41.0	
-9.1	-26.3	18.0	-21.4	
-31.2	-9.1	-60.7	32.8	
-73.0	-4.1	-112.4	27.8	
-46.0	-23.8	-144.4	-1.7	
-33.7	-28.7	-114.8	-38.6	
13.1	-50.9	-4.1	-26.3	
42.6	-70.6	30.3	-41.0	
57.4	-70.6	-16.4	-33.7	
42.6	-43.5	-14.0	-26.3	
40.1	-14.0	-31.2	-28.7	
35.2	10.6	-26.3	-36.1	
32.8	8.2	-18.9	-31.2	
8.2	-60.7	-16.4	-41.0	
0.8	-43.5	45.1	-41.0	
27.8	32.8	106.6	-28.7	
18.0	20.5	111.5	-38.6	
22.9	15.5	182.8	-43.5	
18.0	-14.0	200.0	-36.1	
-9.1	-11.5	155.8	-46.0	
-28.7	-6.6	-50.9	-41.0	
-26.3	5.7	-146.8	-26.3	
3.2	-4.1	-122.2	-36.1	
13.1	-16.4	-33.7	-33.7	
27.8	-38.6	18.0	-36.1	
32.8	-50.9	79.5	-33.7	
32.8	-55.8	84.4	-36.1	
32.8	-14.0	-11.5	-31.2	
15.5	-38.6	-139.4	-33.7	
-4.1	-18.9	-112.4	-38.6	
-9.1	15.5	-46.0	-36.1	
-11.5	18.0	-46.0	-36.1	
-9.1	10.6	-50.9	-41.0	
20.5	5.7	-43.5	-33.7	
42.6	10.6	-38.6	-41.0	
45.1	-1.7	-4.1	-31.2	
37.7	5.7	52.4	-38.6	
35.2	18.0	45.1	-33.7	
52.4	15.5	50.0	-31.2	
47.5	5.7	69.7	-38.6	
37.7	-4.1	84.4	-38.6	
25.4	-28.7	64.7	-31.2	
-4.1	-23.8	77.0	-26.3	
-21.4	-9.1	91.8	-26.3	
-11.5	-11.5	106.6	-33.7	
-31.2	-18.9	104.1	-31.2	
-18.9	-16.4	109.0	-33.7	
3.2	-1.7	111.5	-23.8	
35.2	-1.7	77.0	-23.8	
69.7	-11.5	59.8	-21.4	
62.3	5.7	59.8	-18.9	
67.2	18.0	64.7	-31.2	
77.0	8.2	25.4	-31.2	
40.1	5.7	40.1	-26.3	
67.2	0.8	99.2	-38.6	
69.7	0.8	91.8	-41.0	
59.8	-1.7	77.0	-50.9	
54.9	-16.4	20.5	-55.8	
10.6	-28.7	-41.0	-68.1	
8.2	-33.7	-82.9	-50.9	
0.8	-41.0	-73.0	-21.4	
-18.9	-18.9	-77.9	27.8	
-41.0	-26.3	-149.3	62.3	
-48.4	-23.8	-149.3	64.7	
-16.4	-21.4	-82.9	64.7	
0.8	-28.7	-90.2	20.5	
37.7	-1.7	-48.4	20.5	
35.2	15.5	-21.4	47.5	
37.7	25.4	-16.4	67.2	
37.7	8.2	-21.4	74.6	
59.8	-6.6	-23.8	79.5	
37.7	-28.7	-6.6	74.6	
27.8	-33.7	-4.1	59.8	
47.5	-73.0	-36.1	57.4	
67.2	-77.9	-23.8	64.7	
82.0	-105.0	-11.5	72.1	
74.6	-82.9	27.8	106.6	
25.4	-70.6	69.7	126.2	
15.5	-87.8	94.3	118.9	
32.8	-75.5	165.6	89.3	
27.8	-11.5	298.4	62.3	
27.8	25.4	293.5	57.4	
20.5	47.5	236.9	74.6	
22.9	52.4	118.9	77.0	
30.3	67.2	-21.4	64.7	
15.5	94.3	-65.6	54.9	
18.0	77.0	-36.1	57.4	
22.9	64.7	-105.0	35.2	
10.6	42.6	-161.6	15.5	
25.4	0.8	-134.5	-6.6	
13.1	-70.6	-117.3	-60.7	
-18.9	-85.3	-156.7	-80.4	
-31.2	-107.5	-58.3	-60.7	
0.8	-154.2	0.8	35.2	
20.5	-292.0	-4.1	67.2	
3.2	-496.1	3.2	94.3	
-6.6	-560.1	77.0	126.2	
-4.1	-506.0	94.3	67.2	
8.2	-363.3	82.0	25.4	
-11.5	-77.9	64.7	15.5	
-18.9	150.8	-11.5	40.1	
-21.4	281.2	-92.7	57.4	
8.2	332.9	-154.2	37.7	
30.3	357.5	-119.8	32.8	
37.7	347.6	-77.9	25.4	
18.0	377.2	-60.7	18.0	
30.3	401.8	-36.1	-1.7	
32.8	251.7	-6.6	0.8	
20.5	94.3	-6.6	-1.7	
35.2	-1.7	-9.1	-14.0	
32.8	-36.1	-48.4	-11.5	
59.8	50.0	-87.8	-11.5	
67.2	82.0	-16.4	-4.1	
54.9	35.2	84.4	-14.0	
35.2	-41.0	84.4	-18.9	
13.1	-95.2	-1.7	-33.7	
-9.1	-97.6	-28.7	-31.2	
-11.5	-23.8	-60.7	-28.7	
-11.5	32.8	-43.5	-21.4	
8.2	116.4	59.8	-14.0	
-9.1	163.1	131.2	-1.7	
-9.1	175.4	150.8	-14.0	
0.8	153.3	175.4	5.7	
0.8	113.9	82.0	-16.4	
40.1	69.7	104.1	-18.9	
52.4	20.5	121.3	-6.6	
72.1	3.2	148.4	-4.1	
59.8	-4.1	118.9	-18.9	
-4.1	-28.7	42.6	-21.4	
-16.4	-38.6	-112.4	-18.9	
-1.7	-11.5	-341.2	-16.4	
8.2	13.1	-191.1	-26.3	
32.8	3.2	-117.3	-23.8	
27.8	-9.1	-119.8	-26.3	
32.8	20.5	-112.4	-38.6	
22.9	104.1	-80.4	-16.4	
-11.5	150.8	-60.7	-21.4	
-4.1	91.8	-26.3	-9.1	
30.3	35.2	-16.4	-18.9	
22.9	8.2	5.7	-11.5	
42.6	-46.0	25.4	-6.6	
30.3	-87.8	54.9	-16.4	
0.8	-90.2	77.0	-14.0	
-9.1	-70.6	64.7	-9.1	
25.4	-55.8	50.0	-6.6	
25.4	-1.7	52.4	-6.6	
62.3	59.8	35.2	-16.4	
47.5	143.5	62.3	-18.9	
37.7	173.0	89.3	13.1	
27.8	175.4	89.3	25.4	
18.0	145.9	123.8	8.2	
32.8	123.8	101.6	22.9	
37.7	113.9	86.9	20.5	
37.7	91.8	67.2	25.4	
30.3	47.5	131.2	37.7	
27.8	69.7	160.7	22.9	
25.4	84.4	45.1	13.1	
37.7	52.4	-73.0	15.5	
62.3	67.2	-161.6	18.0	
27.8	59.8	-260.0	10.6	
35.2	40.1	-186.2	8.2	
25.4	42.6	-48.4	10.6	
22.9	47.5	18.0	15.5	
30.3	50.0	52.4	20.5	
35.2	62.3	59.8	8.2	
25.4	67.2	79.5	8.2	
30.3	25.4	101.6	3.2	
22.9	42.6	116.4	8.2	
35.2	50.0	50.0	15.5	
45.1	42.6	-28.7	37.7	
40.1	-58.3	-68.1	18.0	
35.2	-80.4	-65.6	25.4	
45.1	-73.0	-70.6	18.0	
27.8	-68.1	-119.8	30.3	
10.6	-60.7	-299.3	5.7	
-6.6	-144.4	-331.3	8.2	
5.7	-173.9	-272.3	0.8	
5.7	-161.6	-151.7	13.1	
3.2	-63.2	-50.9	20.5	
5.7	-18.9	35.2	20.5	
15.5	15.5	145.9	27.8	
20.5	101.6	241.9	20.5	
32.8	150.8	283.7	27.8	
47.5	173.0	293.5	15.5	
30.3	180.4	300.9	15.5	
32.8	165.6	214.8	20.5	
40.1	155.8	106.6	10.6	
52.4	173.0	-26.3	0.8	
54.9	207.4	-85.3	3.2	
67.2	175.4	-97.6	5.7	
62.3	116.4	-107.5	-4.1	
50.0	77.0	-102.5	0.8	
52.4	-14.0	-178.8	5.7	
37.7	-70.6	-139.4	-6.6	
27.8	-124.7	-73.0	0.8	
30.3	-183.7	20.5	8.2	
18.0	-149.3	54.9	0.8	
18.0	-137.0	52.4	8.2	
20.5	-176.3	8.2	3.2	
-14.0	-144.4	-41.0	-1.7	
-26.3	-31.2	-23.8	3.2	
-11.5	57.4	-46.0	0.8	
-23.8	113.9	-38.6	10.6	
-4.1	113.9	27.8	-4.1	
0.8	67.2	113.9	-1.7	
30.3	40.1	77.0	5.7	
35.2	126.2	25.4	8.2	
54.9	175.4	18.0	-4.1	
57.4	79.5	22.9	-18.9	
40.1	8.2	3.2	-23.8	
47.5	-38.6	22.9	-31.2	
64.7	-46.0	138.5	-41.0	
54.9	-38.6	165.6	-28.7	
35.2	-14.0	141.0	13.1	
25.4	-21.4	123.8	32.8	
30.3	-14.0	47.5	40.1	
20.5	0.8	-9.1	52.4	
22.9	-31.2	8.2	59.8	
35.2	-46.0	-58.3	35.2	
37.7	-50.9	-97.6	-9.1	
8.2	-26.3	-87.8	-11.5	
-1.7	13.1	-50.9	8.2	
8.2	57.4	-18.9	13.1	
8.2	47.5	-31.2	30.3	
-11.5	82.0	-41.0	50.0	
-1.7	131.2	-36.1	13.1	
18.0	143.5	-28.7	8.2	
25.4	173.0	-43.5	-1.7	
10.6	138.5	-53.3	-4.1	
-16.4	77.0	-55.8	3.2	
-4.1	-4.1	-77.9	10.6	
20.5	-137.0	-92.7	25.4	
37.7	-176.3	-87.8	30.3	
62.3	-203.4	-124.7	22.9	
57.4	-228.0	-193.6	25.4	
64.7	-159.1	-137.0	25.4	
45.1	-97.6	-21.4	5.7	
15.5	-11.5	57.4	-6.6	
15.5	62.3	42.6	5.7	
35.2	104.1	30.3	-9.1	
62.3	96.7	-14.0	-18.9	
47.5	109.0	-9.1	-18.9	
30.3	111.5	15.5	-16.4	
8.2	113.9	8.2	-23.8	
0.8	180.4	10.6	-31.2	
-1.7	113.9	96.7	-18.9	
-11.5	69.7	86.9	8.2	
-18.9	15.5	52.4	-6.6	
-1.7	74.6	18.0	-11.5	
-4.1	111.5	-6.6	22.9	
3.2	40.1	-23.8	10.6	
5.7	15.5	-21.4	-9.1	
8.2	20.5	-26.3	-18.9	
-1.7	35.2	-6.6	-1.7	
-1.7	-36.1	-41.0	-4.1	
0.8	-38.6	-33.7	-11.5	
15.5	13.1	54.9	-6.6	
15.5	77.0	35.2	-9.1	
20.5	111.5	45.1	8.2	
20.5	96.7	32.8	32.8	
8.2	67.2	86.9	18.0	
18.0	18.0	77.0	0.8	
50.0	35.2	54.9	-4.1	
52.4	62.3	74.6	10.6	
57.4	64.7	40.1	-4.1	
32.8	54.9	25.4	-1.7	
18.0	59.8	32.8	-4.1	
15.5	47.5	-11.5	-9.1	
20.5	0.8	-9.1	0.8	
-9.1	-1.7	-31.2	-1.7	
-16.4	47.5	-85.3	-4.1	
10.6	62.3	-95.2	-1.7	
3.2	50.0	-105.0	0.8	
13.1	40.1	-97.6	-1.7	
5.7	20.5	-77.9	-14.0	
20.5	22.9	-68.1	-11.5	
32.8	15.5	-48.4	-14.0	
32.8	15.5	32.8	-11.5	
27.8	45.1	133.6	5.7	
27.8	72.1	153.3	-1.7	
22.9	59.8	163.1	8.2	
27.8	50.0	77.0	18.0	
30.3	54.9	25.4	18.0	
18.0	52.4	-18.9	-9.1	
30.3	42.6	-95.2	-6.6	
15.5	32.8	-70.6	-6.6	
3.2	30.3	-21.4	-4.1	
-6.6	54.9	-16.4	-9.1	
-9.1	57.4	-23.8	-9.1	
-11.5	74.6	-11.5	0.8	
8.2	37.7	-9.1	15.5	
30.3	0.8	-46.0	15.5	
30.3	-4.1	-102.5	-6.6	
15.5	-4.1	-90.2	13.1	
27.8	-18.9	-146.8	15.5	
18.0	-28.7	-156.7	-9.1	
18.0	-1.7	-95.2	-9.1	
27.8	45.1	-28.7	-14.0	
10.6	84.4	8.2	-14.0	
3.2	91.8	40.1	-9.1	
18.0	54.9	52.4	0.8	
42.6	42.6	101.6	-4.1	
40.1	47.5	42.6	-4.1	
32.8	3.2	-18.9	-11.5	
8.2	-16.4	-23.8	0.8	
-28.7	5.7	-6.6	-21.4	
3.2	32.8	-23.8	-14.0	
27.8	50.0	-41.0	-18.9	
25.4	42.6	-1.7	-14.0	
40.1	52.4	62.3	-4.1	
13.1	57.4	143.5	-4.1	
10.6	62.3	155.8	-6.6	
-9.1	52.4	111.5	-4.1	
-4.1	35.2	47.5	-9.1	
-11.5	37.7	-18.9	-6.6	
-6.6	20.5	-58.3	-9.1	
-4.1	-6.6	10.6	-9.1	
-1.7	-26.3	8.2	5.7	
-4.1	-23.8	8.2	-11.5	
3.2	18.0	-23.8	-1.7	
5.7	50.0	-122.2	-1.7	
-26.3	45.1	-144.4	-4.1	
-9.1	59.8	-124.7	-6.6	
0.8	54.9	-75.5	3.2	
10.6	52.4	-43.5	-1.7	
35.2	35.2	-38.6	-1.7	
40.1	32.8	-38.6	0.8	
22.9	32.8	-28.7	-1.7	
5.7	-1.7	-14.0	-1.7	
15.5	-23.8	3.2	-6.6	
15.5	-26.3	0.8	-4.1	
5.7	-14.0	25.4	3.2	
3.2	-16.4	42.6	-1.7	
-1.7	8.2	82.0	-4.1	
-6.6	13.1	133.6	-9.1	
-4.1	32.8	84.4	-4.1	
10.6	40.1	27.8	-4.1	
27.8	5.7	-41.0	-9.1	
57.4	-23.8	-65.6	-1.7	
67.2	-4.1	-65.6	-4.1	
30.3	-4.1	-33.7	-6.6	
25.4	-53.3	-21.4	-1.7	
5.7	-68.1	-90.2	-14.0	
5.7	0.8	-132.1	-14.0	
32.8	32.8	-124.7	-4.1	
27.8	13.1	-119.8	-1.7	
30.3	59.8	-33.7	-9.1	
30.3	118.9	25.4	-11.5	
15.5	141.0	84.4	-1.7	
0.8	163.1	150.8	-6.6	
-23.8	126.2	175.4	-11.5	
-1.7	91.8	148.4	-9.1	
-6.6	32.8	111.5	0.8	
10.6	30.3	32.8	3.2	
27.8	69.7	-38.6	-4.1	
35.2	133.6	-87.8	-4.1	
20.5	99.2	-95.2	-14.0	
5.7	67.2	-80.4	-11.5	
-16.4	109.0	-63.2	-4.1	
-6.6	131.2	-50.9	-11.5	
-4.1	111.5	-33.7	-9.1	
5.7	64.7	25.4	-6.6	
0.8	67.2	45.1	0.8	
5.7	94.3	91.8	3.2	
8.2	54.9	62.3	5.7	
27.8	-18.9	59.8	3.2	
25.4	-92.7	118.9	-21.4	
0.8	-137.0	138.5	-23.8	
-1.7	-137.0	136.1	-14.0	
-9.1	-82.9	96.7	-26.3	
15.5	40.1	59.8	-21.4	
15.5	123.8	45.1	-11.5	
20.5	187.7	59.8	-11.5	
25.4	175.4	57.4	0.8	
22.9	173.0	52.4	-1.7	
8.2	165.6	40.1	-14.0	
-6.6	96.7	45.1	0.8	
-28.7	42.6	32.8	-16.4	
-46.0	-11.5	-36.1	-6.6	
-36.1	-43.5	8.2	8.2	
-4.1	-53.3	32.8	-1.7	
54.9	-173.9	32.8	-4.1	
52.4	-247.7	22.9	-9.1	
27.8	-228.0	-1.7	-4.1	
40.1	-114.8	-26.3	-14.0	
27.8	0.8	-11.5	-6.6	
32.8	136.1	8.2	-11.5	
25.4	187.7	-4.1	-14.0	
37.7	241.9	5.7	-21.4	
25.4	212.3	-31.2	-18.9	
0.8	217.3	-38.6	8.2	
15.5	234.5	-1.7	3.2	
32.8	170.5	10.6	-11.5	
18.0	52.4	-4.1	0.8	
15.5	-4.1	-43.5	-18.9	
10.6	-41.0	-50.9	-16.4	
5.7	-9.1	-50.9	-14.0	
-11.5	62.3	-11.5	-16.4	
-1.7	101.6	25.4	-16.4	
25.4	109.0	62.3	-1.7	
52.4	123.8	82.0	0.8	
42.6	116.4	94.3	-4.1	
47.5	104.1	69.7	-6.6	
30.3	62.3	22.9	0.8	
27.8	69.7	42.6	-1.7	
5.7	82.0	25.4	5.7	
-6.6	27.8	13.1	5.7	
10.6	30.3	5.7	8.2	
22.9	22.9	3.2	20.5	
45.1	5.7	3.2	5.7	
-16.4	0.8	8.2	-1.7	
-58.3	-1.7	5.7	-4.1	
-50.9	-4.1	5.7	-1.7	
-14.0	22.9	-6.6	-16.4	
15.5	32.8	5.7	-14.0	
40.1	57.4	5.7	-21.4	
50.0	69.7	20.5	-1.7	
13.1	57.4	47.5	-1.7	
35.2	37.7	35.2	-1.7	
50.0	32.8	25.4	0.8	
50.0	25.4	47.5	-6.6	
42.6	15.5	54.9	-11.5	
18.0	35.2	37.7	0.8	
20.5	42.6	30.3	-1.7	
32.8	20.5	52.4	8.2	
40.1	30.3	50.0	3.2	
37.7	25.4	57.4	-6.6	
32.8	20.5	54.9	-9.1	
32.8	0.8	50.0	0.8	
-11.5	27.8	62.3	3.2	
-9.1	64.7	42.6	13.1	
-9.1	50.0	13.1	5.7	
8.2	57.4	10.6	0.8	
15.5	86.9	-4.1	-1.7	
15.5	89.3	-14.0	-4.1	
-1.7	72.1	-1.7	-1.7	
-6.6	54.9	-11.5	5.7	
5.7	54.9	-9.1	10.6	
13.1	50.0	13.1	5.7	
18.0	37.7	10.6	10.6	
20.5	50.0	8.2	-1.7	
18.0	27.8	13.1	3.2	
22.9	37.7	27.8	-6.6	
15.5	45.1	15.5	-9.1	
8.2	37.7	27.8	0.8	
-1.7	32.8	20.5	0.8	
-9.1	54.9	8.2	15.5	
8.2	45.1	8.2	18.0	
-4.1	45.1	3.2	20.5	
18.0	42.6	10.6	20.5	
13.1	32.8	5.7	13.1	
-1.7	32.8	10.6	-6.6	
-4.1	69.7	15.5	-14.0	
-1.7	77.0	27.8	-11.5	
-4.1	52.4	20.5	-1.7	
-9.1	45.1	15.5	10.6	
-26.3	32.8	0.8	8.2	
-21.4	27.8	-9.1	5.7	
-26.3	42.6	5.7	8.2	
-9.1	40.1	-1.7	13.1	
18.0	40.1	-9.1	13.1	
50.0	45.1	5.7	18.0	
62.3	64.7	5.7	10.6	
40.1	64.7	10.6	15.5	
45.1	72.1	15.5	13.1	
42.6	64.7	30.3	13.1	
8.2	57.4	30.3	13.1	
-9.1	59.8	42.6	22.9	
-6.6	62.3	35.2	13.1	
3.2	54.9	40.1	18.0	
0.8	52.4	22.9	10.6	
-9.1	59.8	10.6	-6.6	
-21.4	45.1	-9.1	-21.4	
-33.7	62.3	25.4	-9.1	
-6.6	59.8	22.9	-9.1	
5.7	47.5	3.2	-11.5	
20.5	54.9	-1.7	-6.6	
42.6	67.2	-1.7	-6.6	
22.9	62.3	-14.0	-16.4	
10.6	47.5	-9.1	-16.4	
8.2	82.0	-14.0	-18.9	
8.2	62.3	-18.9	-21.4	
27.8	72.1	-33.7	-14.0	
32.8	47.5	-11.5	-21.4	
42.6	40.1	-4.1	-9.1	
47.5	15.5	-26.3	-11.5	
8.2	-11.5	-23.8	-6.6	
-38.6	-9.1	-4.1	-4.1	
-28.7	-4.1	8.2	5.7	
-14.0	-46.0	25.4	18.0	
-38.6	-53.3	45.1	32.8	
-43.5	-18.9	113.9	25.4	
30.3	13.1	113.9	0.8	
106.6	72.1	104.1	-14.0	
116.4	128.7	52.4	-46.0	
32.8	170.5	-11.5	-65.6	
3.2	138.5	-23.8	-75.5	
5.7	99.2	-23.8	-87.8	
3.2	84.4	-11.5	-97.6	
22.9	52.4	-14.0	-92.7	
13.1	89.3	-1.7	-82.9	
8.2	62.3	-1.7	-92.7	
10.6	50.0	13.1	-87.8	
18.0	45.1	40.1	-97.6	
64.7	13.1	50.0	-75.5	
37.7	-16.4	37.7	-73.0	
-9.1	3.2	40.1	-73.0	
-53.3	-1.7	22.9	-70.6	
-63.2	40.1	18.0	-63.2	
-68.1	64.7	25.4	-48.4	
-21.4	59.8	22.9	-55.8	
52.4	77.0	22.9	-53.3	
101.6	106.6	10.6	-36.1	
84.4	109.0	-16.4	-36.1	
25.4	101.6	-18.9	-26.3	
15.5	57.4	-23.8	-26.3	
30.3	45.1	-26.3	-16.4	
30.3	42.6	-4.1	-14.0	
-11.5	64.7	-6.6	-9.1	
-55.8	15.5	-21.4	-11.5	
-58.3	-80.4	-1.7	0.8	
-53.3	-141.9	-1.7	-1.7	
-43.5	-58.3	10.6	-4.1	
-23.8	18.0	10.6	-4.1	
8.2	32.8	0.8	0.8	
18.0	99.2	-11.5	5.7	
32.8	246.8	-18.9	25.4	
42.6	288.6	-14.0	25.4	
35.2	182.8	0.8	15.5	
32.8	121.3	40.1	13.1	
50.0	101.6	32.8	35.2	
50.0	86.9	30.3	27.8	
10.6	77.0	5.7	30.3	
13.1	69.7	-6.6	30.3	
10.6	57.4	8.2	47.5	
35.2	45.1	22.9	52.4	
54.9	64.7	22.9	50.0	
45.1	82.0	25.4	47.5	
27.8	82.0	32.8	54.9	
-1.7	64.7	30.3	54.9	
-23.8	42.6	5.7	45.1	
-33.7	27.8	-14.0	47.5	
-31.2	50.0	-11.5	40.1	
-26.3	30.3	0.8	35.2	
-9.1	27.8	22.9	42.6	
-14.0	25.4	50.0	40.1	
-26.3	25.4	35.2	35.2	
0.8	25.4	25.4	32.8	
-9.1	35.2	5.7	27.8	
-21.4	25.4	-1.7	27.8	
-11.5	25.4	0.8	22.9	
-46.0	25.4	0.8	5.7	
-58.3	35.2	-4.1	3.2	
-6.6	47.5	-4.1	0.8	
20.5	50.0	0.8	-1.7	
40.1	42.6	5.7	3.2	
62.3	3.2	3.2	0.8	
104.1	-36.1	-4.1	-6.6	
67.2	-43.5	-11.5	-4.1	
25.4	-16.4	3.2	-18.9	
74.6	25.4	-9.1	-9.1	
111.5	47.5	-9.1	-6.6	
86.9	54.9	-18.9	0.8	
15.5	22.9	-14.0	-9.1	
-6.6	20.5	-16.4	-21.4	
-14.0	3.2	-1.7	-4.1	
3.2	-16.4	-6.6	-21.4	
8.2	20.5	-9.1	-1.7	
-1.7	40.1	-6.6	0.8	
-4.1	62.3	-11.5	-1.7	
-9.1	91.8	-4.1	13.1	
-9.1	104.1	-14.0	-1.7	
-21.4	104.1	-11.5	-4.1	
-14.0	54.9	-26.3	-4.1	
-16.4	25.4	-33.7	-28.7	
-9.1	8.2	-33.7	-21.4	
-14.0	10.6	-14.0	-21.4	
-6.6	27.8	-28.7	-18.9	
-9.1	47.5	-18.9	-11.5	
-1.7	57.4	-11.5	0.8	
-1.7	40.1	18.0	-4.1	
13.1	20.5	35.2	0.8	
3.2	52.4	27.8	-9.1	
-11.5	62.3	27.8	-1.7	
-4.1	69.7	0.8	-16.4	
-4.1	62.3	3.2	0.8	
-21.4	37.7	-4.1	-1.7	
-14.0	37.7	-4.1	-4.1	
-31.2	72.1	0.8	-1.7	
-23.8	37.7	-4.1	-4.1	
-6.6	5.7	10.6	-1.7	
8.2	-6.6	-9.1	0.8	
-36.1	5.7	-1.7	-1.7	
-58.3	10.6	-1.7	-11.5	
-6.6	-28.7	-6.6	-16.4	
3.2	-43.5	0.8	-6.6	
30.3	-70.6	-4.1	-18.9	
52.4	-186.2	-4.1	-4.1	
64.7	-245.2	-11.5	3.2	
35.2	-208.3	-18.9	8.2	
18.0	-75.5	-6.6	-9.1	
0.8	86.9	-11.5	5.7	
18.0	224.6	-16.4	0.8	
20.5	239.4	-11.5	5.7	
5.7	214.8	-11.5	-1.7	
-18.9	209.9	-11.5	8.2	
-55.8	170.5	3.2	13.1	
-28.7	57.4	-6.6	13.1	
32.8	-33.7	-11.5	18.0	
18.0	5.7	-6.6	13.1	
5.7	30.3	5.7	-1.7	
-11.5	69.7	-6.6	13.1	
-50.9	111.5	-1.7	15.5	
-41.0	160.7	-4.1	20.5	
0.8	143.5	-4.1	15.5	
15.5	101.6	-14.0	15.5	
40.1	79.5	-16.4	5.7	
3.2	40.1	-6.6	8.2	
-41.0	13.1	-1.7	-9.1	
-11.5	25.4	-1.7	-9.1	
5.7	35.2	8.2	-9.1	
27.8	37.7	0.8	-9.1	
94.3	47.5	-1.7	-11.5	
64.7	47.5	0.8	-18.9	
32.8	57.4	5.7	-6.6	
72.1	45.1	-1.7	-6.6	
57.4	67.2	-1.7	-1.7	
45.1	79.5	-4.1	-9.1	
52.4	91.8	-1.7	13.1	
13.1	96.7	0.8	8.2	
18.0	99.2	-1.7	8.2	
25.4	104.1	-4.1	8.2	
15.5	111.5	-14.0	10.6	
35.2	150.8	10.6	10.6	
59.8	160.7	0.8	-4.1	
50.0	126.2	-9.1	0.8	
30.3	136.1	-1.7	3.2	
-14.0	126.2	0.8	13.1	
-58.3	94.3	-6.6	13.1	
-55.8	138.5	0.8	8.2	
-41.0	168.1	-4.1	15.5	
-1.7	145.9	0.8	25.4	
-11.5	160.7	-1.7	22.9	
-28.7	170.5	-9.1	27.8	
-63.2	160.7	3.2	22.9	
-23.8	158.2	-4.1	15.5	
37.7	141.0	-4.1	25.4	
104.1	141.0	-9.1	8.2	
59.8	113.9	-9.1	20.5	
-102.5	113.9	-9.1	20.5	
-186.2	116.4	-14.0	13.1	
-146.8	99.2	-11.5	20.5	
-48.4	99.2	-9.1	8.2	
99.2	64.7	-18.9	25.4	
141.0	35.2	0.8	25.4	
15.5	32.8	20.5	37.7	
-43.5	35.2	27.8	30.3	
13.1	20.5	22.9	20.5	
91.8	10.6	0.8	20.5	
160.7	-14.0	0.8	27.8	
180.4	-16.4	3.2	10.6	
116.4	30.3	-11.5	13.1	
10.6	-1.7	-11.5	15.5	
-36.1	-38.6	-9.1	0.8	
-21.4	-58.3	0.8	3.2	
-23.8	-85.3	-1.7	3.2	
-38.6	-73.0	-6.6	-1.7	
-11.5	-36.1	-1.7	-1.7	
37.7	-43.5	5.7	3.2	
99.2	-80.4	5.7	0.8	
86.9	-90.2	15.5	5.7	
59.8	-43.5	27.8	8.2	
-14.0	8.2	13.1	5.7	
-82.9	-9.1	15.5	-1.7	
-134.5	-60.7	18.0	-1.7	
-215.7	-43.5	10.6	0.8	
-193.6	37.7	-6.6	0.8	
-102.5	72.1	0.8	8.2	
-18.9	45.1	10.6	3.2	
77.0	32.8	3.2	8.2	
232.0	-36.1	-16.4	13.1	
209.9	-70.6	-28.7	15.5	
141.0	-80.4	-21.4	8.2	
62.3	-114.8	-9.1	5.7	
-33.7	-53.3	-21.4	3.2	
-75.5	15.5	-1.7	-1.7	
-68.1	8.2	3.2	-1.7	
47.5	-26.3	15.5	0.8	
143.5	-21.4	18.0	0.8	
227.1	-23.8	3.2	0.8	
244.3	-28.7	20.5	-16.4	
141.0	0.8	32.8	-1.7	
82.0	5.7	20.5	-16.4	
89.3	3.2	8.2	-11.5	
59.8	22.9	-14.0	0.8	
-9.1	-46.0	-1.7	-1.7	
-18.9	-55.8	3.2	-1.7	
18.0	18.0	-6.6	-9.1	
-11.5	32.8	10.6	5.7	
-63.2	-16.4	3.2	-9.1	
-95.2	-36.1	5.7	0.8	
-77.9	-11.5	-1.7	-9.1	
-46.0	-48.4	5.7	-1.7	
-9.1	-50.9	3.2	0.8	
37.7	20.5	5.7	-1.7	
25.4	0.8	13.1	-9.1	
32.8	-63.2	15.5	-4.1	
15.5	-63.2	3.2	8.2	
-60.7	-46.0	0.8	-1.7	
-134.5	-16.4	10.6	10.6	
-228.0	-21.4	-4.1	8.2	
-287.0	-53.3	5.7	-6.6	
-314.1	-31.2	-11.5	-11.5	
-164.0	-4.1	-4.1	-6.6	
-68.1	-6.6	-1.7	-6.6	
45.1	-26.3	-6.6	8.2	
118.9	-1.7	-6.6	-1.7	
153.3	8.2	-23.8	-1.7	
64.7	-23.8	-11.5	10.6	
96.7	5.7	15.5	0.8	
266.5	52.4	27.8	3.2	
276.3	40.1	20.5	-1.7	
254.2	-48.4	30.3	10.6	
182.8	-50.9	13.1	-1.7	
141.0	57.4	5.7	-4.1	
136.1	69.7	-1.7	-9.1	
111.5	20.5	-9.1	-6.6	
89.3	5.7	-4.1	-1.7	
52.4	-23.8	15.5	-1.7	
20.5	-60.7	40.1	-4.1	
-16.4	-41.0	0.8	-4.1	
-21.4	-14.0	-1.7	10.6	
-26.3	-36.1	27.8	3.2	
-28.7	-31.2	10.6	8.2	
-26.3	-14.0	-11.5	3.2	
20.5	-9.1	-26.3	-11.5	
40.1	20.5	-46.0	0.8	
-1.7	40.1	-31.2	0.8	
-31.2	52.4	-36.1	13.1	
-16.4	13.1	-16.4	3.2	
-23.8	-9.1	-11.5	-1.7	
-18.9	-9.1	13.1	3.2	
-36.1	-53.3	47.5	0.8	
-53.3	-43.5	62.3	8.2	
-26.3	-14.0	64.7	13.1	
-36.1	-9.1	62.3	15.5	
-16.4	-14.0	54.9	13.1	
-16.4	-48.4	47.5	15.5	
-4.1	-65.6	40.1	25.4	
-4.1	-80.4	-16.4	18.0	
-4.1	-100.1	-50.9	18.0	
-4.1	-48.4	-21.4	18.0	
-14.0	-1.7	-11.5	5.7	
0.8	45.1	-9.1	3.2	
-6.6	15.5	-1.7	0.8	
-14.0	-159.1	-9.1	-1.7	
-14.0	-146.8	-18.9	0.8	
-11.5	-156.7	-11.5	-1.7	
13.1	-132.1	-23.8	5.7	
15.5	-107.5	-18.9	18.0	
22.9	-46.0	-28.7	25.4	
8.2	-97.6	-18.9	25.4	
3.2	-149.3	-1.7	15.5	
-26.3	-122.2	-1.7	-9.1	
-65.6	-139.4	8.2	-4.1	
-132.1	-137.0	10.6	5.7	
-141.9	-119.8	18.0	8.2	
-134.5	-87.8	13.1	18.0	
-102.5	-68.1	13.1	25.4	
-46.0	-60.7	13.1	18.0	
-68.1	-119.8	3.2	22.9	
-117.3	-43.5	-28.7	10.6	
-109.9	82.0	-28.7	0.8	
-36.1	141.0	-16.4	18.0	
96.7	155.8	-6.6	30.3	
200.0	126.2	-1.7	30.3	
236.9	153.3	-1.7	27.8	
141.0	187.7	5.7	22.9	
99.2	158.2	10.6	13.1	
64.7	160.7	8.2	30.3	
5.7	190.2	-1.7	30.3	
-63.2	219.7	-21.4	25.4	
-60.7	175.4	-23.8	20.5	
-50.9	160.7	-21.4	20.5	
-6.6	180.4	-28.7	20.5	
62.3	165.6	-21.4	15.5	
86.9	155.8	-16.4	25.4	
91.8	128.7	-18.9	18.0	
52.4	148.4	15.5	18.0	
0.8	165.6	25.4	18.0	
-33.7	155.8	54.9	35.2	
-21.4	160.7	77.0	22.9	
18.0	150.8	47.5	22.9	
64.7	173.0	35.2	25.4	
52.4	192.7	22.9	18.0	
59.8	160.7	-6.6	15.5	
69.7	138.5	-14.0	13.1	
27.8	256.6	35.2	27.8	
22.9	141.0	72.1	18.0	
27.8	69.7	86.9	15.5	
50.0	72.1	74.6	22.9	
25.4	111.5	74.6	25.4	
-124.7	111.5	64.7	18.0	
-176.3	82.0	52.4	13.1	
-43.5	113.9	30.3	20.5	
160.7	77.0	-16.4	22.9	
256.6	69.7	-23.8	18.0	
177.9	99.2	-16.4	15.5	
113.9	148.4	-58.3	15.5	
57.4	175.4	-117.3	15.5	
-1.7	86.9	-97.6	30.3	
-18.9	22.9	-33.7	25.4	
0.8	22.9	-11.5	8.2	
8.2	-9.1	-26.3	8.2	
-1.7	47.5	-36.1	-6.6	
-16.4	94.3	-31.2	13.1	
-16.4	52.4	-38.6	0.8	
-38.6	3.2	-11.5	10.6	
-85.3	0.8	-6.6	0.8	
-55.8	18.0	0.8	8.2	
15.5	5.7	-4.1	3.2	
106.6	8.2	5.7	0.8	
131.2	37.7	-4.1	3.2	
42.6	86.9	18.0	5.7	
25.4	54.9	18.0	10.6	
8.2	25.4	15.5	18.0	
-16.4	15.5	0.8	3.2	
0.8	-1.7	20.5	10.6	
8.2	-21.4	20.5	18.0	
-26.3	-11.5	22.9	18.0	
-18.9	-36.1	25.4	10.6	
-21.4	0.8	8.2	3.2	
-33.7	42.6	5.7	-14.0	
-14.0	27.8	-1.7	0.8	
15.5	0.8	20.5	-1.7	
13.1	-9.1	15.5	8.2	
22.9	0.8	-1.7	13.1	
8.2	25.4	-6.6	13.1	
-6.6	54.9	-18.9	25.4	
8.2	86.9	-18.9	8.2	
-9.1	50.0	-11.5	5.7	
3.2	20.5	-23.8	18.0	
-21.4	-14.0	-9.1	18.0	
-21.4	5.7	-4.1	22.9	
-9.1	35.2	-4.1	25.4	
-26.3	-1.7	13.1	32.8	
-1.7	18.0	10.6	30.3	
3.2	57.4	30.3	35.2	
3.2	35.2	52.4	30.3	
22.9	57.4	57.4	5.7	
20.5	3.2	30.3	8.2	
35.2	-23.8	10.6	5.7	
35.2	37.7	-14.0	18.0	
50.0	74.6	-33.7	13.1	
40.1	116.4	-38.6	22.9	
27.8	131.2	-23.8	20.5	
30.3	72.1	-14.0	22.9	
10.6	-23.8	-6.6	25.4	
0.8	-48.4	-9.1	27.8	
-6.6	-23.8	-1.7	30.3	
-4.1	-1.7	-4.1	30.3	
0.8	20.5	-9.1	22.9	
-9.1	45.1	-28.7	22.9	
-4.1	20.5	-6.6	15.5	
-1.7	15.5	10.6	22.9	
-16.4	32.8	-6.6	22.9	
-6.6	35.2	-9.1	25.4	
32.8	45.1	-16.4	8.2	
-18.9	32.8	-18.9	5.7	
3.2	-43.5	-6.6	13.1	
5.7	-41.0	13.1	10.6	
-18.9	0.8	59.8	5.7	
-9.1	45.1	89.3	10.6	
27.8	-9.1	86.9	15.5	
67.2	-23.8	62.3	22.9	
52.4	22.9	54.9	32.8	
25.4	35.2	74.6	22.9	
20.5	3.2	40.1	25.4	
-4.1	45.1	5.7	18.0	
-33.7	89.3	-92.7	13.1	
-21.4	13.1	-100.1	5.7	
5.7	-23.8	40.1	-18.9	
13.1	-33.7	94.3	-9.1	
40.1	-38.6	109.0	-4.1	
62.3	-6.6	89.3	-11.5	
57.4	37.7	96.7	13.1	
47.5	13.1	67.2	10.6	
18.0	-4.1	27.8	-1.7	
30.3	-9.1	8.2	0.8	
22.9	3.2	-50.9	5.7	
5.7	0.8	-73.0	-1.7	
5.7	32.8	-156.7	3.2	
-1.7	62.3	-176.3	0.8	
-82.9	82.0	-220.6	-1.7	
-68.1	67.2	-122.2	3.2	
-28.7	40.1	-36.1	-4.1	
47.5	42.6	15.5	3.2	
145.9	45.1	67.2	-1.7	
91.8	57.4	42.6	-9.1	
0.8	67.2	-9.1	-4.1	
-1.7	89.3	-23.8	3.2	
15.5	50.0	-6.6	5.7	
-21.4	37.7	15.5	-4.1	
-117.3	62.3	42.6	-9.1	
-149.3	62.3	40.1	0.8	
-117.3	59.8	42.6	0.8	
-9.1	74.6	-16.4	-11.5	
153.3	79.5	-14.0	-16.4	
131.2	59.8	13.1	-6.6	
128.7	13.1	27.8	-1.7	
101.6	15.5	22.9	-1.7	
94.3	50.0	-4.1	5.7	
35.2	59.8	-4.1	3.2	
40.1	35.2	-23.8	13.1	
50.0	20.5	-18.9	18.0	
18.0	62.3	-14.0	15.5	
-21.4	69.7	-36.1	8.2	
-26.3	20.5	-16.4	13.1	
-18.9	25.4	0.8	10.6	
-41.0	42.6	22.9	-9.1	
13.1	27.8	52.4	3.2	
72.1	22.9	69.7	-6.6	
57.4	52.4	67.2	18.0	
13.1	35.2	20.5	15.5	
-28.7	-16.4	5.7	13.1	
-21.4	22.9	-33.7	3.2	
3.2	40.1	-21.4	-1.7	
57.4	96.7	3.2	3.2	
77.0	121.3	5.7	5.7	
37.7	131.2	8.2	-6.6	
20.5	64.7	18.0	-11.5	
13.1	-23.8	15.5	0.8	
18.0	27.8	18.0	-6.6	
47.5	-23.8	25.4	5.7	
69.7	-6.6	22.9	5.7	
62.3	32.8	22.9	3.2	
27.8	22.9	22.9	5.7	
32.8	-16.4	3.2	5.7	
18.0	-16.4	-46.0	-1.7	
37.7	13.1	-80.4	10.6	
42.6	30.3	-43.5	3.2	
30.3	22.9	-31.2	8.2	
20.5	8.2	-53.3	3.2	
-4.1	22.9	3.2	8.2	
-26.3	40.1	3.2	-1.7	
-14.0	50.0	37.7	8.2	
5.7	32.8	74.6	15.5	
22.9	52.4	52.4	10.6	
50.0	82.0	64.7	13.1	
27.8	72.1	94.3	22.9	
50.0	54.9	113.9	20.5	
35.2	54.9	86.9	10.6	
18.0	40.1	50.0	10.6	
18.0	47.5	-9.1	10.6	
20.5	50.0	-87.8	3.2	
8.2	-11.5	-63.2	-1.7	
-75.5	8.2	-28.7	8.2	
-58.3	0.8	3.2	-4.1	
-26.3	-14.0	10.6	3.2	
25.4	3.2	30.3	5.7	
82.0	37.7	47.5	8.2	
47.5	69.7	42.6	8.2	
-38.6	62.3	10.6	5.7	
-92.7	62.3	22.9	13.1	
-48.4	59.8	40.1	20.5	
18.0	8.2	18.0	18.0	
86.9	22.9	-1.7	13.1	
116.4	25.4	30.3	10.6	
116.4	-11.5	86.9	10.6	
25.4	22.9	101.6	18.0	
-9.1	37.7	138.5	13.1	
-28.7	20.5	118.9	20.5	
-33.7	35.2	67.2	5.7	
-4.1	30.3	22.9	10.6	
35.2	27.8	10.6	20.5	
25.4	45.1	-6.6	13.1	
59.8	47.5	-36.1	20.5	
72.1	54.9	-80.4	13.1	
47.5	50.0	-124.7	13.1	
37.7	27.8	-92.7	15.5	
22.9	40.1	-46.0	15.5	
8.2	20.5	-70.6	18.0	
30.3	30.3	-139.4	15.5	
42.6	40.1	-70.6	15.5	
54.9	3.2	-102.5	13.1	
-4.1	8.2	-46.0	18.0	
0.8	18.0	-33.7	18.0	
8.2	64.7	-53.3	22.9	
18.0	57.4	-14.0	20.5	
13.1	59.8	-21.4	10.6	
18.0	20.5	-33.7	8.2	
37.7	42.6	-11.5	15.5	
40.1	72.1	25.4	15.5	
30.3	91.8	22.9	10.6	
5.7	113.9	13.1	20.5	
-4.1	118.9	15.5	18.0	
-9.1	62.3	22.9	15.5	
-14.0	-16.4	67.2	27.8	
-31.2	-4.1	45.1	15.5	
-28.7	69.7	18.0	10.6	
22.9	47.5	-6.6	8.2	
50.0	-16.4	15.5	10.6	
40.1	42.6	42.6	10.6	
3.2	74.6	30.3	-1.7	
35.2	-31.2	40.1	15.5	
35.2	-11.5	13.1	15.5	
35.2	89.3	-16.4	5.7	
42.6	59.8	-18.9	10.6	
67.2	0.8	-6.6	5.7	
42.6	-38.6	82.0	8.2	
-1.7	-14.0	104.1	-1.7	
3.2	-1.7	52.4	13.1	
13.1	15.5	0.8	5.7	
35.2	25.4	-87.8	-6.6	
22.9	22.9	-82.9	-1.7	
-6.6	50.0	-68.1	5.7	
-53.3	47.5	-50.9	3.2	
-48.4	27.8	-43.5	3.2	
-4.1	27.8	-33.7	-1.7	
45.1	20.5	0.8	3.2	
104.1	47.5	15.5	0.8	
106.6	64.7	50.0	5.7	
30.3	52.4	52.4	10.6	
10.6	45.1	57.4	13.1	
-4.1	32.8	96.7	3.2	
0.8	18.0	113.9	15.5	
13.1	30.3	91.8	18.0	
18.0	47.5	69.7	8.2	
8.2	40.1	59.8	15.5	
22.9	22.9	82.0	25.4	
13.1	62.3	116.4	13.1	
18.0	20.5	67.2	5.7	
37.7	40.1	-28.7	15.5	
47.5	22.9	-105.0	18.0	
50.0	40.1	-151.7	13.1	
35.2	27.8	-119.8	-1.7	
15.5	15.5	-95.2	5.7	
-6.6	35.2	-75.5	3.2	
-14.0	37.7	-43.5	0.8	
0.8	30.3	57.4	3.2	
13.1	35.2	165.6	-9.1	
57.4	40.1	153.3	5.7	
69.7	47.5	111.5	0.8	
54.9	50.0	123.8	22.9	
40.1	45.1	37.7	32.8	
27.8	62.3	-1.7	27.8	
18.0	54.9	-1.7	20.5	
25.4	57.4	-14.0	8.2	
40.1	42.6	-60.7	0.8	
15.5	50.0	-119.8	10.6	
8.2	50.0	-166.5	3.2	
-1.7	69.7	-109.9	-1.7	
15.5	62.3	-73.0	-4.1	
5.7	52.4	-70.6	-6.6	
5.7	64.7	-107.5	13.1	
5.7	37.7	-107.5	20.5	
25.4	91.8	25.4	10.6	
20.5	91.8	69.7	20.5	
42.6	62.3	47.5	13.1	
27.8	8.2	-28.7	13.1	
42.6	35.2	-58.3	8.2	
45.1	15.5	-9.1	-6.6	
13.1	-11.5	13.1	3.2	
35.2	22.9	0.8	-6.6	
37.7	35.2	-28.7	-1.7	
35.2	27.8	-6.6	8.2	
35.2	22.9	-4.1	13.1	
30.3	20.5	27.8	30.3	
35.2	10.6	42.6	8.2	
-4.1	35.2	82.0	8.2	
-18.9	42.6	116.4	8.2	
-23.8	32.8	57.4	18.0	
-14.0	35.2	-21.4	18.0	
0.8	62.3	-63.2	13.1	
0.8	59.8	32.8	15.5	
-9.1	50.0	136.1	8.2	
-33.7	59.8	180.4	10.6	
-58.3	47.5	180.4	-9.1	
-31.2	45.1	113.9	5.7	
25.4	50.0	52.4	3.2	
82.0	54.9	91.8	8.2	
69.7	45.1	111.5	3.2	
25.4	20.5	116.4	-1.7	
62.3	20.5	8.2	10.6	
67.2	20.5	-139.4	-11.5	
77.0	79.5	-102.5	5.7	
45.1	99.2	-28.7	0.8	
5.7	50.0	-63.2	-11.5	
-70.6	0.8	-164.0	0.8	
-119.8	-53.3	-193.6	3.2	
-82.9	-21.4	-235.4	0.8	
25.4	22.9	-107.5	0.8	
131.2	111.5	-21.4	-9.1	
138.5	138.5	69.7	-9.1	
109.0	42.6	109.0	-6.6	
84.4	-14.0	45.1	-9.1	
52.4	-70.6	40.1	-9.1	
20.5	-6.6	45.1	-1.7	
5.7	3.2	-33.7	-9.1	
30.3	-4.1	-97.6	0.8	
32.8	-18.9	-117.3	-6.6	
0.8	18.0	-112.4	-6.6	
18.0	18.0	-50.9	-6.6	
54.9	15.5	-16.4	3.2	
62.3	20.5	42.6	0.8	
64.7	27.8	69.7	-18.9	
35.2	35.2	158.2	-18.9	
30.3	50.0	197.6	-4.1	
10.6	57.4	222.2	3.2	
13.1	47.5	222.2	0.8	
0.8	-1.7	163.1	-4.1	
22.9	32.8	40.1	40.1	
57.4	59.8	-58.3	54.9	
27.8	40.1	-151.7	35.2	
15.5	8.2	-129.6	8.2	
10.6	-28.7	-252.6	13.1	
25.4	-23.8	-267.4	-1.7	
-1.7	13.1	-252.6	-18.9	
-4.1	22.9	-176.3	-23.8	
-1.7	-28.7	-132.1	-1.7	
18.0	15.5	-102.5	47.5	
22.9	50.0	13.1	32.8	
32.8	74.6	30.3	-1.7	
32.8	69.7	0.8	-6.6	
37.7	27.8	-16.4	-6.6	
32.8	25.4	18.0	10.6	
35.2	35.2	67.2	3.2	
25.4	13.1	126.2	0.8	
25.4	40.1	173.0	8.2	
27.8	47.5	261.5	-1.7	
57.4	-6.6	296.0	8.2	
35.2	37.7	273.8	8.2	
22.9	35.2	200.0	-1.7	
27.8	35.2	74.6	0.8	
-1.7	52.4	-114.8	0.8	
-58.3	25.4	-107.5	-1.7	
-85.3	18.0	-92.7	0.8	
-68.1	22.9	-122.2	-4.1	
-48.4	37.7	-58.3	3.2	
13.1	27.8	-46.0	-4.1	
47.5	42.6	-21.4	-11.5	
59.8	40.1	8.2	-4.1	
62.3	54.9	-6.6	-1.7	
47.5	67.2	-80.4	0.8	
45.1	59.8	-70.6	3.2	
42.6	54.9	-41.0	-1.7	
64.7	47.5	-16.4	-4.1	
54.9	47.5	-21.4	5.7	
47.5	47.5	-38.6	-9.1	
47.5	47.5	-55.8	-4.1	
52.4	22.9	-41.0	3.2	
64.7	59.8	-41.0	-4.1	
57.4	106.6	-31.2	-26.3	
32.8	79.5	-26.3	-18.9	
27.8	-28.7	-4.1	-6.6	
54.9	-36.1	72.1	-1.7	
52.4	-26.3	165.6	27.8	
32.8	-1.7	227.1	37.7	
13.1	-6.6	217.3	52.4	
40.1	5.7	214.8	42.6	
30.3	18.0	197.6	13.1	
22.9	25.4	126.2	10.6	
20.5	40.1	67.2	8.2	
15.5	74.6	-90.2	15.5	
10.6	86.9	-183.7	13.1	
0.8	27.8	-250.1	10.6	
13.1	-38.6	-105.0	-9.1	
30.3	8.2	-28.7	0.8	
20.5	35.2	15.5	-1.7	
20.5	42.6	91.8	8.2	
20.5	45.1	91.8	0.8	
3.2	10.6	0.8	0.8	
5.7	42.6	-23.8	10.6	
-9.1	72.1	-50.9	10.6	
-4.1	62.3	-75.5	5.7	
0.8	52.4	-159.1	-1.7	
5.7	59.8	-188.6	13.1	
15.5	52.4	-164.0	-14.0	
27.8	52.4	-109.9	-28.7	
32.8	74.6	-46.0	-60.7	
20.5	57.4	-6.6	-58.3	
15.5	32.8	15.5	-33.7	
20.5	69.7	27.8	20.5	
25.4	101.6	59.8	62.3	
27.8	82.0	20.5	69.7	
30.3	67.2	3.2	67.2	
42.6	15.5	111.5	50.0	
30.3	-9.1	96.7	10.6	
20.5	37.7	54.9	-11.5	
32.8	54.9	69.7	0.8	
18.0	64.7	77.0	-11.5	
15.5	45.1	57.4	15.5	
18.0	62.3	72.1	40.1	
13.1	62.3	45.1	22.9	
18.0	64.7	8.2	18.0	
22.9	74.6	-73.0	18.0	
37.7	42.6	-41.0	37.7	
27.8	30.3	10.6	15.5	
37.7	50.0	30.3	5.7	
27.8	69.7	40.1	-1.7	
22.9	50.0	25.4	-9.1	
42.6	54.9	20.5	8.2	
37.7	62.3	-6.6	0.8	
54.9	15.5	-9.1	3.2	
47.5	27.8	-11.5	3.2	
42.6	22.9	-87.8	-6.6	
42.6	5.7	-95.2	-11.5	
45.1	0.8	-41.0	-11.5	
42.6	27.8	5.7	-21.4	
42.6	42.6	40.1	-11.5	
35.2	35.2	79.5	5.7	
42.6	79.5	59.8	-1.7	
25.4	77.0	27.8	-4.1	
25.4	57.4	35.2	-11.5	
15.5	47.5	30.3	-14.0	
37.7	27.8	64.7	-16.4	
32.8	20.5	42.6	-21.4	
35.2	-28.7	10.6	-9.1	
13.1	-28.7	0.8	-18.9	
10.6	-4.1	-21.4	5.7	
5.7	0.8	-21.4	-18.9	
8.2	-36.1	-16.4	-16.4	
13.1	-33.7	-14.0	-1.7	
18.0	-28.7	0.8	15.5	
0.8	-28.7	5.7	0.8	
-50.9	-4.1	15.5	-1.7	
-53.3	-16.4	40.1	20.5	
-33.7	-9.1	40.1	20.5	
-26.3	20.5	-1.7	-16.4	
13.1	-9.1	0.8	-33.7	
96.7	-14.0	5.7	-33.7	
143.5	-33.7	-6.6	-21.4	
126.2	-60.7	-14.0	-50.9	
106.6	-36.1	-33.7	-53.3	
79.5	-36.1	-31.2	-18.9	
30.3	-151.7	45.1	-9.1	
-1.7	-80.4	136.1	47.5	
-9.1	-55.8	173.0	47.5	
50.0	-65.6	165.6	32.8	
69.7	-70.6	128.7	-9.1	
42.6	-68.1	47.5	-23.8	
42.6	-68.1	-9.1	-16.4	
62.3	-1.7	-53.3	-23.8	
84.4	18.0	-41.0	-6.6	
67.2	104.1	-149.3	18.0	
47.5	148.4	-132.1	40.1	
35.2	86.9	-1.7	32.8	
45.1	-100.1	10.6	22.9	
27.8	-80.4	-14.0	3.2	
27.8	25.4	32.8	-18.9	
15.5	30.3	84.4	-28.7	
13.1	-14.0	96.7	-31.2	
22.9	-31.2	45.1	-14.0	
20.5	-63.2	0.8	-6.6	
15.5	-55.8	-4.1	-1.7	
27.8	13.1	15.5	15.5	
37.7	5.7	69.7	25.4	
25.4	0.8	0.8	10.6	
22.9	35.2	-46.0	13.1	
25.4	35.2	-114.8	5.7	
3.2	64.7	-102.5	-4.1	
-11.5	62.3	-36.1	-16.4	
-18.9	91.8	-33.7	-6.6	
-26.3	79.5	-73.0	-9.1	
-16.4	74.6	-169.0	-1.7	
8.2	62.3	-68.1	-14.0	
35.2	57.4	40.1	3.2	
91.8	62.3	42.6	5.7	
79.5	64.7	18.0	5.7	
37.7	47.5	79.5	-4.1	
35.2	82.0	62.3	5.7	
47.5	77.0	22.9	3.2	
50.0	84.4	-4.1	-4.1	
52.4	47.5	-38.6	-1.7	
45.1	5.7	-31.2	8.2	
30.3	25.4	-31.2	10.6	
27.8	20.5	-23.8	0.8	
35.2	15.5	-14.0	5.7	
32.8	8.2	22.9	3.2	
22.9	-26.3	47.5	10.6	
30.3	-18.9	20.5	8.2	
20.5	-21.4	25.4	13.1	
22.9	-21.4	25.4	15.5	
22.9	3.2	27.8	13.1	
13.1	32.8	45.1	15.5	
8.2	54.9	20.5	18.0	
-9.1	74.6	13.1	13.1	
-14.0	42.6	13.1	5.7	
5.7	-4.1	5.7	-4.1	
25.4	-1.7	20.5	-4.1	
40.1	-14.0	25.4	-4.1	
22.9	-4.1	22.9	3.2	
47.5	0.8	25.4	13.1	
57.4	18.0	-11.5	10.6	
54.9	52.4	-21.4	-4.1	
62.3	79.5	15.5	-14.0	
47.5	96.7	22.9	-14.0	
50.0	52.4	42.6	-4.1	
57.4	62.3	35.2	-9.1	
42.6	118.9	8.2	-9.1	
10.6	99.2	13.1	-1.7	
8.2	77.0	-4.1	-4.1	
5.7	37.7	-4.1	-11.5	
8.2	62.3	-4.1	-1.7	
-6.6	35.2	-41.0	5.7	
10.6	67.2	-53.3	-4.1	
32.8	27.8	-70.6	-4.1	
30.3	62.3	-38.6	-6.6	
27.8	96.7	0.8	-4.1	
18.0	77.0	-31.2	-6.6	
37.7	-1.7	-68.1	13.1	
42.6	-9.1	-41.0	15.5	
57.4	35.2	18.0	15.5	
57.4	45.1	64.7	18.0	
91.8	77.0	113.9	10.6	
77.0	69.7	227.1	13.1	
57.4	121.3	195.1	10.6	
37.7	84.4	27.8	3.2	
35.2	47.5	-50.9	-21.4	
32.8	42.6	-58.3	-26.3	
37.7	32.8	-21.4	-28.7	
42.6	22.9	0.8	-11.5	
35.2	45.1	30.3	3.2	
47.5	50.0	18.0	5.7	
27.8	59.8	13.1	13.1	
25.4	59.8	-1.7	20.5	
25.4	47.5	3.2	20.5	
45.1	10.6	0.8	13.1	
57.4	0.8	-1.7	5.7	
35.2	-16.4	-11.5	18.0	
27.8	-1.7	-1.7	15.5	
37.7	8.2	0.8	8.2	
32.8	18.0	15.5	3.2	
35.2	30.3	42.6	3.2	
32.8	37.7	18.0	5.7	
22.9	67.2	20.5	5.7	
13.1	52.4	30.3	-1.7	
20.5	30.3	25.4	10.6	
27.8	10.6	-16.4	8.2	
32.8	35.2	5.7	8.2	
13.1	74.6	64.7	18.0	
5.7	79.5	190.2	8.2	
-16.4	62.3	192.7	13.1	
13.1	35.2	207.4	5.7	
42.6	5.7	182.8	0.8	
54.9	-1.7	86.9	5.7	
52.4	-11.5	-23.8	5.7	
54.9	-23.8	-149.3	10.6	
42.6	-6.6	-299.3	0.8	
30.3	0.8	-277.2	15.5	
30.3	0.8	-178.8	25.4	
20.5	3.2	-114.8	13.1	
15.5	25.4	-100.1	25.4	
27.8	84.4	-58.3	3.2	
40.1	89.3	-33.7	3.2	
47.5	104.1	-16.4	-4.1	
52.4	128.7	20.5	18.0	
57.4	109.0	13.1	3.2	
50.0	84.4	22.9	10.6	
5.7	45.1	5.7	0.8	
20.5	25.4	0.8	-4.1	
37.7	25.4	64.7	0.8	
67.2	3.2	86.9	-4.1	
47.5	-1.7	59.8	-1.7	
50.0	74.6	47.5	0.8	
47.5	27.8	15.5	15.5	
42.6	-80.4	-1.7	10.6	
40.1	-38.6	-1.7	8.2	
22.9	64.7	3.2	18.0	
20.5	101.6	-18.9	25.4	
20.5	27.8	-41.0	15.5	
3.2	30.3	-21.4	8.2	
-1.7	37.7	25.4	5.7	
15.5	82.0	40.1	10.6	
40.1	37.7	42.6	3.2	
82.0	77.0	45.1	-1.7	
89.3	94.3	52.4	-4.1	
72.1	13.1	45.1	-4.1	
86.9	-36.1	52.4	-1.7	
79.5	-50.9	62.3	-9.1	
50.0	-46.0	40.1	3.2	
35.2	-90.2	-4.1	18.0	
5.7	-26.3	-1.7	25.4	
-1.7	-18.9	-9.1	15.5	
-4.1	15.5	20.5	20.5	
-6.6	32.8	-6.6	8.2	
15.5	40.1	-53.3	-1.7	
42.6	25.4	-46.0	3.2	
20.5	3.2	-1.7	-4.1	
13.1	-28.7	42.6	-6.6	
15.5	18.0	15.5	0.8	
5.7	72.1	-21.4	-6.6	
15.5	27.8	8.2	8.2	
22.9	35.2	-14.0	3.2	
40.1	8.2	-38.6	3.2	
72.1	10.6	-31.2	-4.1	
99.2	22.9	-23.8	-6.6	
84.4	57.4	-9.1	-21.4	
79.5	27.8	-38.6	-6.6	
67.2	0.8	-55.8	-9.1	
40.1	-18.9	-36.1	-11.5	
15.5	-6.6	-16.4	-14.0	
25.4	-18.9	13.1	-6.6	
27.8	-14.0	-14.0	25.4	
40.1	-23.8	-14.0	54.9	
27.8	-11.5	15.5	62.3	
32.8	-6.6	-1.7	25.4	
25.4	-11.5	-11.5	3.2	
3.2	-21.4	13.1	-1.7	
-11.5	-18.9	20.5	-1.7	
-23.8	-18.9	45.1	-18.9	
3.2	-4.1	77.0	-1.7	
20.5	0.8	74.6	27.8	
35.2	20.5	126.2	5.7	
40.1	42.6	121.3	20.5	
22.9	42.6	106.6	50.0	
25.4	37.7	59.8	27.8	
45.1	37.7	30.3	3.2	
67.2	40.1	-16.4	-1.7	
84.4	40.1	-48.4	47.5	
72.1	50.0	-43.5	64.7	
25.4	42.6	-65.6	27.8	
18.0	32.8	-119.8	13.1	
15.5	40.1	-85.3	42.6	
30.3	32.8	-26.3	50.0	
27.8	27.8	0.8	40.1	
13.1	25.4	-21.4	22.9	
-1.7	40.1	-26.3	13.1	
3.2	35.2	-28.7	15.5	
3.2	59.8	10.6	22.9	
18.0	67.2	22.9	18.0	
27.8	79.5	57.4	10.6	
20.5	91.8	25.4	18.0	
15.5	86.9	25.4	22.9	
-1.7	79.5	42.6	20.5	
-1.7	47.5	72.1	15.5	
-1.7	40.1	91.8	30.3	
54.9	13.1	104.1	22.9	
89.3	8.2	94.3	22.9	
27.8	18.0	15.5	25.4	
15.5	59.8	-38.6	10.6	
27.8	50.0	-41.0	18.0	
30.3	86.9	-210.8	22.9	
32.8	96.7	-156.7	18.0	
25.4	84.4	-18.9	20.5	
77.0	54.9	0.8	18.0	
84.4	47.5	22.9	30.3	
79.5	30.3	0.8	35.2	
67.2	62.3	3.2	30.3	
62.3	57.4	-18.9	32.8	
47.5	52.4	-28.7	27.8	
32.8	30.3	0.8	35.2	
42.6	0.8	30.3	37.7	
35.2	-11.5	35.2	32.8	
59.8	-23.8	18.0	35.2	
40.1	-18.9	-26.3	20.5	
25.4	-11.5	-63.2	22.9	
18.0	-18.9	-80.4	20.5	
30.3	-36.1	-43.5	13.1	
22.9	-26.3	-14.0	22.9	
25.4	-16.4	10.6	13.1	
30.3	3.2	18.0	13.1	
37.7	-4.1	15.5	10.6	
35.2	-11.5	47.5	3.2	
13.1	-4.1	77.0	-4.1	
37.7	20.5	74.6	-6.6	
42.6	32.8	67.2	0.8	
64.7	13.1	59.8	-4.1	
50.0	10.6	47.5	0.8	
59.8	3.2	-58.3	-1.7	
54.9	8.2	-58.3	0.8	
47.5	-23.8	-65.6	-4.1	
47.5	-11.5	-63.2	-1.7	
45.1	5.7	-80.4	-14.0	
20.5	22.9	-100.1	-6.6	
20.5	47.5	-60.7	-6.6	
-4.1	40.1	-9.1	-1.7	
-18.9	45.1	-60.7	-9.1	
-4.1	45.1	-53.3	-4.1	
5.7	22.9	-21.4	-14.0	
35.2	32.8	32.8	-1.7	
32.8	42.6	30.3	-1.7	
40.1	37.7	91.8	-9.1	
35.2	35.2	145.9	-9.1	
35.2	59.8	123.8	-11.5	
42.6	79.5	82.0	-9.1	
77.0	59.8	69.7	-4.1	
62.3	57.4	32.8	5.7	
20.5	25.4	-48.4	-4.1	
0.8	18.0	-144.4	-4.1	
-21.4	8.2	-264.9	3.2	
-6.6	3.2	-141.9	3.2	
-4.1	-18.9	-95.2	0.8	
-4.1	-26.3	-95.2	5.7	
5.7	35.2	-100.1	0.8	
10.6	-6.6	-73.0	-1.7	
15.5	-18.9	-31.2	-9.1	
62.3	-23.8	-21.4	-21.4	
50.0	22.9	5.7	-11.5	
32.8	57.4	3.2	-6.6	
20.5	42.6	74.6	-4.1	
0.8	40.1	82.0	0.8	
25.4	40.1	69.7	18.0	
96.7	25.4	62.3	20.5	
118.9	15.5	30.3	20.5	
101.6	-6.6	-65.6	32.8	
50.0	8.2	-41.0	57.4	
37.7	22.9	-53.3	62.3	
37.7	10.6	-60.7	42.6	
42.6	35.2	-68.1	37.7	
62.3	37.7	-53.3	35.2	
89.3	25.4	-50.9	50.0	
79.5	22.9	-21.4	37.7	
59.8	30.3	50.0	47.5	
50.0	8.2	101.6	42.6	
32.8	37.7	77.0	64.7	
42.6	42.6	13.1	62.3	
52.4	8.2	-65.6	57.4	
42.6	10.6	-149.3	32.8	
45.1	10.6	-112.4	0.8	
37.7	27.8	-80.4	20.5	
5.7	50.0	-33.7	32.8	
8.2	57.4	22.9	30.3	
13.1	37.7	50.0	35.2	
3.2	35.2	64.7	18.0	
-18.9	32.8	89.3	5.7	
-18.9	37.7	91.8	-1.7	
-28.7	35.2	118.9	-23.8	
-1.7	8.2	67.2	-14.0	
20.5	0.8	32.8	-9.1	
35.2	22.9	30.3	-9.1	
50.0	54.9	13.1	-4.1	
74.6	77.0	-26.3	20.5	
50.0	35.2	-80.4	42.6	
20.5	22.9	-132.1	8.2	
40.1	30.3	-95.2	-16.4	
62.3	20.5	-33.7	-31.2	
82.0	37.7	32.8	-36.1	
40.1	27.8	148.4	-43.5	
13.1	-1.7	62.3	-31.2	
8.2	-6.6	-26.3	-4.1	
30.3	-28.7	-46.0	32.8	
74.6	27.8	0.8	42.6	
96.7	57.4	-36.1	18.0	
79.5	59.8	-65.6	20.5	
20.5	62.3	-109.9	27.8	
-4.1	64.7	-141.9	3.2	
8.2	59.8	-245.2	40.1	
50.0	37.7	-80.4	47.5	
52.4	0.8	77.0	40.1	
121.3	-18.9	123.8	40.1	
113.9	-4.1	145.9	27.8	
94.3	-46.0	91.8	22.9	
84.4	-65.6	27.8	-1.7	
69.7	-50.9	10.6	-9.1	
50.0	-43.5	18.0	-4.1	
54.9	-23.8	-46.0	0.8	
67.2	18.0	-14.0	-14.0	
35.2	10.6	-11.5	-4.1	
30.3	42.6	-75.5	8.2	
15.5	8.2	-141.9	-6.6	
45.1	-21.4	-169.0	5.7	
35.2	-11.5	-124.7	-9.1	
-4.1	30.3	-87.8	-38.6	
-16.4	22.9	-100.1	-28.7	
13.1	-1.7	-87.8	-11.5	
18.0	-38.6	-65.6	-21.4	
-21.4	-1.7	-41.0	-36.1	
-36.1	3.2	30.3	-6.6	
-33.7	-1.7	42.6	-18.9	
10.6	-38.6	-4.1	-31.2	
40.1	-9.1	-26.3	-21.4	
84.4	-4.1	-6.6	-33.7	
104.1	-4.1	-63.2	-6.6	
104.1	-16.4	-109.9	-28.7	
89.3	-28.7	116.4	-4.1	
79.5	45.1	192.7	-21.4	
64.7	22.9	214.8	-23.8	
42.6	-31.2	207.4	-21.4	
18.0	-16.4	59.8	-28.7	
5.7	-14.0	-92.7	-14.0	
-31.2	3.2	-65.6	-21.4	
-4.1	-14.0	20.5	-21.4	
-23.8	5.7	69.7	-31.2	
-50.9	32.8	106.6	-28.7	
-41.0	20.5	155.8	-18.9	
-14.0	35.2	153.3	-28.7	
13.1	30.3	136.1	-14.0	
54.9	18.0	64.7	-16.4	
89.3	30.3	-46.0	-26.3	
138.5	47.5	-225.5	-16.4	
126.2	40.1	-269.8	-23.8	
89.3	35.2	-355.9	-21.4	
67.2	27.8	-220.6	-16.4	
45.1	18.0	-105.0	-21.4	
30.3	15.5	-14.0	-14.0	
18.0	8.2	99.2	-16.4	
40.1	-11.5	126.2	-14.0	
57.4	-23.8	91.8	-1.7	
57.4	37.7	72.1	-11.5	
45.1	84.4	45.1	-14.0	
30.3	77.0	-60.7	-9.1	
0.8	25.4	-70.6	-4.1	
-4.1	-4.1	-41.0	-11.5	
-23.8	-18.9	-6.6	-14.0	
-50.9	-4.1	32.8	-14.0	
-41.0	32.8	22.9	-18.9	
-31.2	37.7	-90.2	-1.7	
-6.6	-28.7	-149.3	-11.5	
27.8	-95.2	-107.5	3.2	
54.9	-132.1	-68.1	-9.1	
62.3	-92.7	-55.8	-4.1	
37.7	-43.5	-68.1	-4.1	
27.8	5.7	-55.8	0.8	
40.1	18.0	-60.7	5.7	
84.4	15.5	-58.3	-6.6	
96.7	22.9	-21.4	0.8	
104.1	62.3	-9.1	3.2	
104.1	32.8	-16.4	5.7	
91.8	-18.9	-6.6	5.7	
45.1	-1.7	35.2	0.8	
37.7	-11.5	67.2	5.7	
40.1	-23.8	123.8	-1.7	
32.8	-18.9	155.8	-11.5	
30.3	-18.9	128.7	-4.1	
27.8	-11.5	109.0	-4.1	
30.3	-60.7	18.0	10.6	
62.3	-65.6	-109.9	-1.7	
69.7	-58.3	-139.4	-14.0	
52.4	-68.1	-97.6	-9.1	
15.5	-41.0	3.2	3.2	
-9.1	-77.9	74.6	-4.1	
-16.4	-144.4	84.4	5.7	
-4.1	-154.2	25.4	25.4	
32.8	-203.4	-48.4	32.8	
74.6	-287.0	-100.1	18.0	
57.4	-331.3	-97.6	-11.5	
79.5	-309.2	-58.3	-16.4	
77.0	-319.0	-38.6	-21.4	
47.5	-301.8	-36.1	-16.4	
50.0	-242.8	-33.7	-21.4	
59.8	-139.4	-33.7	-1.7	
52.4	-6.6	-46.0	20.5	
22.9	15.5	-107.5	13.1	
15.5	-16.4	-109.9	30.3	
22.9	52.4	-50.9	64.7	
25.4	158.2	42.6	40.1	
20.5	180.4	57.4	18.0	
13.1	190.2	99.2	3.2	
-6.6	207.4	143.5	-4.1	
-14.0	207.4	170.5	0.8	
8.2	205.0	111.5	-26.3	
35.2	145.9	69.7	-6.6	
47.5	62.3	54.9	25.4	
64.7	-50.9	40.1	45.1	
106.6	-127.1	-16.4	37.7	
109.0	-114.8	-166.5	8.2	
101.6	-100.1	-200.9	25.4	
67.2	-26.3	-109.9	86.9	
37.7	5.7	-50.9	57.4	
45.1	37.7	-33.7	52.4	
57.4	67.2	-36.1	37.7	
8.2	69.7	-6.6	40.1	
-11.5	79.5	27.8	35.2	
3.2	99.2	30.3	45.1	
3.2	113.9	42.6	22.9	
40.1	116.4	45.1	-4.1	
50.0	118.9	18.0	-1.7	
54.9	177.9	25.4	5.7	
59.8	106.6	69.7	-14.0	
77.0	50.0	50.0	-16.4	
62.3	47.5	-9.1	-11.5	
45.1	59.8	32.8	20.5	
40.1	106.6	69.7	45.1	
52.4	121.3	35.2	45.1	
77.0	101.6	10.6	0.8	
40.1	72.1	-169.0	0.8	
52.4	67.2	-210.8	0.8	
18.0	64.7	-92.7	-11.5	
-11.5	59.8	-55.8	8.2	
8.2	52.4	0.8	30.3	
22.9	47.5	0.8	32.8	
22.9	57.4	-6.6	45.1	
30.3	32.8	-85.3	59.8	
32.8	30.3	-58.3	37.7	
27.8	67.2	-6.6	13.1	
8.2	47.5	-18.9	3.2	
3.2	-1.7	20.5	-6.6	
8.2	-41.0	42.6	-4.1	
22.9	-85.3	10.6	10.6	
35.2	-55.8	-14.0	5.7	
27.8	47.5	86.9	-1.7	
47.5	64.7	155.8	-4.1	
59.8	15.5	123.8	0.8	
64.7	5.7	52.4	-9.1	
64.7	18.0	22.9	-1.7	
54.9	-11.5	3.2	-9.1	
42.6	-18.9	22.9	-6.6	
54.9	-21.4	25.4	5.7	
47.5	-28.7	32.8	-9.1	
64.7	-4.1	40.1	18.0	
77.0	50.0	18.0	22.9	
20.5	131.2	67.2	5.7	
13.1	219.7	94.3	-1.7	
15.5	239.4	104.1	5.7	
18.0	207.4	99.2	-16.4	
37.7	165.6	126.2	-11.5	
57.4	113.9	145.9	-18.9	
84.4	82.0	116.4	-33.7	
52.4	72.1	30.3	-28.7	
54.9	20.5	-46.0	-26.3	
27.8	45.1	-198.5	-28.7	
-4.1	0.8	-351.0	-4.1	
-28.7	-4.1	-341.2	30.3	
-70.6	27.8	-178.8	30.3	
-48.4	45.1	-80.4	20.5	
37.7	-1.7	-38.6	25.4	
121.3	-18.9	62.3	40.1	
101.6	-38.6	158.2	20.5	
104.1	-65.6	190.2	15.5	
111.5	-53.3	153.3	13.1	
69.7	-38.6	64.7	8.2	
57.4	3.2	82.0	5.7	
62.3	59.8	0.8	5.7	
47.5	116.4	-193.6	-9.1	
59.8	121.3	-289.5	-4.1	
47.5	158.2	-336.2	-14.0	
50.0	160.7	-269.8	-16.4	
40.1	155.8	-196.0	0.8	
40.1	138.5	-173.9	37.7	
52.4	99.2	-173.9	57.4	
45.1	62.3	-80.4	20.5	
25.4	0.8	18.0	13.1	
22.9	-38.6	77.0	13.1	
42.6	-77.9	163.1	5.7	
37.7	-107.5	195.1	3.2	
25.4	-48.4	219.7	8.2	
37.7	-11.5	222.2	5.7	
30.3	-4.1	197.6	13.1	
47.5	10.6	207.4	8.2	
35.2	-1.7	175.4	0.8	
22.9	35.2	123.8	-6.6	
5.7	86.9	59.8	3.2	
8.2	82.0	30.3	-1.7	
50.0	3.2	-23.8	10.6	
40.1	-50.9	15.5	10.6	
27.8	-46.0	45.1	3.2	
30.3	-46.0	-21.4	15.5	
45.1	-90.2	-90.2	20.5	
50.0	-122.2	-41.0	3.2	
35.2	-205.9	-36.1	15.5	
20.5	-191.1	-9.1	8.2	
22.9	-85.3	67.2	10.6	
25.4	8.2	86.9	-1.7	
22.9	79.5	42.6	-1.7	
20.5	160.7	35.2	5.7	
25.4	175.4	30.3	-1.7	
3.2	173.0	52.4	0.8	
0.8	175.4	54.9	3.2	
3.2	148.4	35.2	8.2	
35.2	104.1	15.5	3.2	
42.6	96.7	35.2	8.2	
25.4	62.3	54.9	0.8	
62.3	42.6	77.0	-9.1	
99.2	8.2	54.9	-4.1	
118.9	25.4	18.0	-14.0	
77.0	32.8	-4.1	3.2	
30.3	57.4	-60.7	15.5	
50.0	47.5	-43.5	25.4	
45.1	42.6	-11.5	15.5	
67.2	8.2	18.0	18.0	
67.2	-18.9	25.4	5.7	
35.2	-55.8	5.7	-14.0	
35.2	-31.2	10.6	-14.0	
30.3	-9.1	52.4	-4.1	
59.8	8.2	0.8	0.8	
57.4	-46.0	-144.4	8.2	
47.5	-4.1	-200.9	-1.7	
25.4	47.5	-242.8	-9.1	
8.2	69.7	-287.0	5.7	
3.2	106.6	-250.1	-6.6	
8.2	94.3	-218.2	-16.4	
30.3	30.3	-127.1	-9.1	
42.6	25.4	-53.3	27.8	
18.0	13.1	-65.6	30.3	
0.8	-48.4	57.4	25.4	
-11.5	-14.0	180.4	15.5	
13.1	35.2	276.3	8.2	
13.1	32.8	256.6	0.8	
22.9	5.7	303.4	-6.6	
30.3	-4.1	249.2	5.7	
40.1	-18.9	128.7	8.2	
42.6	-14.0	-18.9	-9.1	
35.2	-26.3	-119.8	-1.7	
45.1	0.8	-166.5	-4.1	
32.8	50.0	-205.9	-1.7	
82.0	89.3	-176.3	0.8	
67.2	94.3	-117.3	-6.6	
67.2	32.8	-156.7	-1.7	
59.8	13.1	27.8	0.8	
52.4	25.4	170.5	0.8	
52.4	-6.6	190.2	-4.1	
40.1	-9.1	244.3	0.8	
50.0	37.7	261.5	0.8	
47.5	74.6	143.5	-4.1	
15.5	91.8	35.2	5.7	
30.3	106.6	10.6	13.1	
30.3	37.7	-38.6	0.8	
25.4	13.1	-18.9	-9.1	
30.3	-1.7	8.2	-11.5	
15.5	-16.4	27.8	-18.9	
18.0	-26.3	40.1	-1.7	
13.1	-31.2	40.1	-4.1	
22.9	-48.4	18.0	-1.7	
27.8	-70.6	22.9	0.8	
20.5	-100.1	74.6	-6.6	
32.8	-82.9	131.2	10.6	
22.9	-33.7	133.6	5.7	
20.5	-21.4	123.8	3.2	
13.1	-9.1	113.9	0.8	
5.7	15.5	64.7	-1.7	
8.2	72.1	-41.0	5.7	
-6.6	94.3	-112.4	-14.0	
-9.1	133.6	-112.4	-11.5	
20.5	145.9	-112.4	-9.1	
27.8	96.7	-82.9	-6.6	
30.3	45.1	-28.7	3.2	
42.6	27.8	-70.6	15.5	
62.3	35.2	-70.6	8.2	
54.9	57.4	-18.9	8.2	
40.1	91.8	-16.4	8.2	
35.2	94.3	10.6	-9.1	
27.8	94.3	-4.1	5.7	
18.0	59.8	-14.0	0.8	
20.5	72.1	-1.7	0.8	
18.0	15.5	3.2	-1.7	
22.9	22.9	20.5	0.8	
18.0	18.0	25.4	-1.7	
37.7	15.5	22.9	8.2	
35.2	10.6	74.6	-4.1	
22.9	32.8	74.6	-4.1	
5.7	62.3	64.7	0.8	
30.3	67.2	35.2	3.2	
32.8	54.9	10.6	-1.7	
27.8	59.8	-28.7	3.2	
5.7	52.4	-58.3	-1.7	
-23.8	59.8	-36.1	18.0	
-16.4	42.6	-63.2	5.7	
0.8	42.6	-87.8	10.6	
30.3	57.4	-70.6	15.5	
32.8	62.3	-50.9	8.2	
45.1	86.9	-23.8	3.2	
40.1	77.0	35.2	15.5	
30.3	50.0	82.0	5.7	
45.1	62.3	106.6	-4.1	
69.7	25.4	84.4	5.7	
35.2	8.2	72.1	3.2	
0.8	-4.1	89.3	10.6	
-1.7	30.3	59.8	8.2	
35.2	67.2	40.1	8.2	
22.9	72.1	22.9	0.8	
27.8	57.4	8.2	0.8	
22.9	15.5	-38.6	8.2	
-1.7	5.7	-53.3	5.7	
5.7	-36.1	-33.7	5.7	
45.1	-26.3	-18.9	3.2	
32.8	-16.4	-28.7	-1.7	
27.8	15.5	-9.1	20.5	
27.8	57.4	45.1	22.9	
13.1	74.6	57.4	13.1	
-6.6	84.4	37.7	10.6	
13.1	109.0	13.1	15.5	
18.0	118.9	22.9	13.1	
-9.1	89.3	5.7	20.5	
-33.7	67.2	-87.8	18.0	
-21.4	59.8	-65.6	3.2	
5.7	30.3	3.2	8.2	
32.8	13.1	116.4	0.8	
77.0	30.3	104.1	18.0	
82.0	30.3	25.4	18.0	
89.3	35.2	-23.8	13.1	
62.3	32.8	-43.5	22.9	
52.4	25.4	-41.0	13.1	
30.3	30.3	-9.1	8.2	
25.4	18.0	-4.1	5.7	
22.9	22.9	18.0	3.2	
27.8	25.4	18.0	0.8	
18.0	37.7	5.7	-1.7	
18.0	50.0	-11.5	-9.1	
25.4	62.3	20.5	-1.7	
27.8	54.9	67.2	-6.6	
15.5	62.3	89.3	-9.1	
10.6	57.4	84.4	-4.1	
22.9	50.0	59.8	10.6	
25.4	47.5	37.7	-4.1	
47.5	59.8	40.1	-14.0	
15.5	62.3	27.8	-1.7	
-23.8	67.2	30.3	3.2	
-36.1	59.8	25.4	-6.6	
-6.6	57.4	40.1	-4.1	
42.6	42.6	30.3	-1.7	
52.4	52.4	37.7	0.8	
47.5	72.1	45.1	-1.7	
10.6	62.3	37.7	-9.1	
-26.3	57.4	30.3	-6.6	
3.2	45.1	25.4	-14.0	
-9.1	35.2	10.6	-6.6	
-4.1	32.8	10.6	-9.1	
-4.1	40.1	37.7	-6.6	
15.5	42.6	32.8	-4.1	
15.5	54.9	18.0	-6.6	
45.1	59.8	-28.7	0.8	
62.3	47.5	-28.7	0.8	
35.2	40.1	-18.9	-6.6	
42.6	54.9	-6.6	-1.7	
42.6	57.4	10.6	-11.5	
54.9	57.4	32.8	-9.1	
37.7	64.7	27.8	0.8	
42.6	77.0	27.8	5.7	
64.7	84.4	8.2	-1.7	
72.1	74.6	5.7	3.2	
15.5	79.5	-23.8	-1.7	
-4.1	77.0	-23.8	-6.6	
15.5	54.9	-28.7	0.8	
15.5	57.4	-6.6	-6.6	
13.1	67.2	-6.6	-9.1	
0.8	40.1	-23.8	-14.0	
8.2	32.8	-23.8	-4.1	
-6.6	-6.6	-21.4	-6.6	
-21.4	-23.8	-28.7	0.8	
-6.6	15.5	0.8	0.8	
3.2	37.7	47.5	3.2	
32.8	62.3	89.3	-9.1	
57.4	64.7	57.4	-4.1	
47.5	96.7	52.4	-11.5	
-1.7	47.5	123.8	-16.4	
-1.7	45.1	121.3	-6.6	
-9.1	57.4	121.3	-1.7	
-9.1	69.7	113.9	0.8	
0.8	69.7	69.7	-4.1	
15.5	82.0	32.8	5.7	
22.9	79.5	15.5	-11.5	
13.1	86.9	5.7	0.8	
8.2	72.1	-26.3	0.8	
15.5	50.0	-43.5	3.2	
37.7	20.5	-60.7	-6.6	
54.9	-16.4	-73.0	-4.1	
69.7	-21.4	-58.3	0.8	
67.2	-11.5	-43.5	3.2	
42.6	13.1	-26.3	-1.7	
35.2	47.5	5.7	-9.1	
57.4	96.7	20.5	-1.7	
20.5	123.8	27.8	5.7	
13.1	148.4	8.2	5.7	
37.7	153.3	30.3	-1.7	
35.2	116.4	64.7	0.8	
32.8	91.8	84.4	0.8	
27.8	79.5	74.6	0.8	
18.0	47.5	84.4	0.8	
25.4	8.2	113.9	-6.6	
25.4	-1.7	123.8	-4.1	
27.8	8.2	84.4	0.8	
18.0	-36.1	94.3	-4.1	
22.9	-31.2	113.9	0.8	
13.1	-6.6	72.1	0.8	
30.3	-4.1	67.2	5.7	
27.8	-43.5	40.1	3.2	
18.0	-33.7	54.9	0.8	
35.2	-14.0	72.1	-14.0	
20.5	5.7	94.3	3.2	
20.5	35.2	94.3	15.5	
18.0	94.3	118.9	3.2	
15.5	96.7	18.0	0.8	
13.1	96.7	-114.8	20.5	
10.6	89.3	-127.1	5.7	
20.5	94.3	-38.6	13.1	
20.5	69.7	-18.9	20.5	
27.8	62.3	-6.6	8.2	
18.0	54.9	-18.9	15.5	
-16.4	15.5	-1.7	13.1	
-33.7	25.4	15.5	3.2	
-38.6	25.4	-41.0	8.2	
-41.0	20.5	-77.9	15.5	
-14.0	-9.1	-31.2	18.0	
42.6	-33.7	5.7	13.1	
113.9	-41.0	32.8	13.1	
126.2	-33.7	77.0	10.6	
86.9	-18.9	72.1	8.2	
52.4	-11.5	57.4	5.7	
18.0	22.9	45.1	8.2	
8.2	74.6	54.9	-9.1	
15.5	94.3	42.6	3.2	
22.9	84.4	27.8	5.7	
35.2	86.9	20.5	0.8	
37.7	67.2	10.6	5.7	
22.9	32.8	-1.7	8.2	
18.0	-1.7	-1.7	18.0	
10.6	-36.1	18.0	30.3	
27.8	8.2	52.4	27.8	
52.4	13.1	74.6	27.8	
35.2	20.5	89.3	18.0	
3.2	5.7	89.3	32.8	
-1.7	0.8	64.7	10.6	
13.1	30.3	40.1	-9.1	
18.0	72.1	25.4	-23.8	
0.8	123.8	22.9	-28.7	
-28.7	104.1	8.2	-26.3	
-23.8	111.5	-1.7	-36.1	
-23.8	96.7	-9.1	-38.6	
-4.1	96.7	-85.3	-38.6	
18.0	69.7	-63.2	-33.7	
32.8	50.0	0.8	-36.1	
13.1	13.1	37.7	-43.5	
-1.7	3.2	57.4	-36.1	
22.9	-6.6	15.5	-36.1	
45.1	-9.1	54.9	-36.1	
67.2	0.8	113.9	-43.5	
50.0	42.6	141.0	-46.0	
10.6	69.7	138.5	-33.7	
5.7	67.2	62.3	-43.5	
5.7	54.9	45.1	-38.6	
30.3	47.5	54.9	-43.5	
67.2	37.7	25.4	-18.9	
54.9	32.8	30.3	-33.7	
50.0	27.8	35.2	-26.3	
35.2	30.3	30.3	-16.4	
62.3	20.5	5.7	-4.1	
35.2	15.5	15.5	-4.1	
54.9	35.2	18.0	0.8	
64.7	22.9	25.4	-1.7	
25.4	30.3	22.9	-11.5	
-16.4	20.5	30.3	-6.6	
-16.4	27.8	30.3	0.8	
20.5	35.2	20.5	3.2	
72.1	30.3	22.9	-1.7	
79.5	13.1	18.0	10.6	
50.0	25.4	20.5	3.2	
37.7	47.5	25.4	8.2	
47.5	47.5	18.0	3.2	
35.2	35.2	8.2	3.2	
47.5	0.8	0.8	-4.1	
30.3	22.9	13.1	18.0	
-21.4	40.1	27.8	18.0	
-53.3	30.3	10.6	20.5	
-48.4	40.1	-9.1	25.4	
-23.8	32.8	-6.6	22.9	
18.0	27.8	0.8	13.1	
32.8	42.6	18.0	18.0	
64.7	57.4	20.5	15.5	
32.8	74.6	32.8	18.0	
37.7	69.7	32.8	18.0	
35.2	52.4	32.8	10.6	
-4.1	22.9	42.6	-1.7	
-41.0	20.5	42.6	8.2	
-16.4	22.9	37.7	8.2	
-11.5	50.0	45.1	-6.6	
22.9	57.4	37.7	10.6	
45.1	54.9	18.0	-1.7	
57.4	52.4	27.8	0.8	
47.5	15.5	18.0	3.2	
32.8	57.4	22.9	0.8	
25.4	69.7	18.0	3.2	
0.8	89.3	3.2	3.2	
0.8	109.0	-11.5	5.7	
0.8	116.4	-9.1	-9.1	
10.6	99.2	22.9	-1.7	
25.4	89.3	27.8	5.7	
20.5	109.0	3.2	-4.1	
-6.6	101.6	3.2	-6.6	
-14.0	94.3	22.9	-9.1	
-1.7	104.1	32.8	-9.1	
5.7	128.7	30.3	-11.5	
32.8	121.3	13.1	-1.7	
64.7	96.7	0.8	-1.7	
57.4	89.3	-4.1	-6.6	
25.4	101.6	-9.1	-9.1	
35.2	74.6	-21.4	0.8	
30.3	59.8	-50.9	-9.1	
37.7	69.7	-53.3	3.2	
42.6	50.0	-1.7	0.8	
25.4	40.1	10.6	5.7	
13.1	30.3	8.2	5.7	
32.8	30.3	22.9	3.2	
25.4	27.8	59.8	0.8	
32.8	27.8	126.2	-9.1	
32.8	22.9	160.7	5.7	
50.0	25.4	182.8	8.2	
40.1	0.8	131.2	5.7	
37.7	-9.1	79.5	8.2	
0.8	-11.5	45.1	5.7	
-33.7	-9.1	-43.5	13.1	
-36.1	3.2	-114.8	10.6	
-6.6	8.2	-137.0	15.5	
-16.4	3.2	-141.9	20.5	
25.4	8.2	-139.4	10.6	
47.5	8.2	-149.3	8.2	
35.2	10.6	-100.1	3.2	
30.3	18.0	-85.3	3.2	
30.3	20.5	-55.8	13.1	
57.4	25.4	-6.6	10.6	
72.1	20.5	45.1	8.2	
59.8	3.2	123.8	10.6	
62.3	8.2	207.4	5.7	
94.3	15.5	187.7	0.8	
136.1	13.1	182.8	5.7	
123.8	0.8	150.8	0.8	
50.0	-11.5	47.5	13.1	
22.9	-4.1	-36.1	13.1	
47.5	-1.7	-58.3	10.6	
40.1	3.2	-18.9	-6.6	
37.7	-1.7	-9.1	10.6	
18.0	-6.6	3.2	0.8	
-4.1	-1.7	0.8	13.1	
-14.0	-9.1	8.2	15.5	
-9.1	-18.9	8.2	10.6	
5.7	-33.7	15.5	0.8	
13.1	-38.6	22.9	0.8	
32.8	-31.2	30.3	5.7	
3.2	-14.0	27.8	0.8	
-6.6	-1.7	22.9	8.2	
22.9	-11.5	22.9	-4.1	
57.4	3.2	30.3	13.1	
72.1	-4.1	45.1	27.8	
37.7	-33.7	30.3	5.7	
18.0	-23.8	32.8	-4.1	
35.2	-21.4	20.5	10.6	
47.5	-18.9	18.0	15.5	
27.8	-11.5	10.6	13.1	
20.5	-1.7	-11.5	8.2	
22.9	-1.7	5.7	3.2	
25.4	10.6	20.5	-4.1	
42.6	18.0	8.2	0.8	
22.9	10.6	-70.6	8.2	
22.9	10.6	-53.3	15.5	
25.4	40.1	-21.4	18.0	
35.2	45.1	-23.8	20.5	
20.5	47.5	-14.0	27.8	
25.4	50.0	-14.0	18.0	
22.9	18.0	-14.0	8.2	
22.9	27.8	-14.0	8.2	
-28.7	30.3	-1.7	5.7	
-14.0	27.8	20.5	-14.0	
-28.7	37.7	22.9	-33.7	
15.5	35.2	25.4	-36.1	
57.4	27.8	15.5	-31.2	
27.8	27.8	13.1	-1.7	
0.8	20.5	-6.6	25.4	
35.2	30.3	8.2	57.4	
57.4	32.8	10.6	64.7	
42.6	45.1	3.2	22.9	
45.1	15.5	22.9	-1.7	
15.5	20.5	37.7	10.6	
20.5	30.3	47.5	18.0	
45.1	27.8	27.8	25.4	
40.1	25.4	25.4	35.2	
5.7	35.2	20.5	18.0	
0.8	27.8	15.5	13.1	
-6.6	27.8	20.5	0.8	
-1.7	27.8	30.3	0.8	
8.2	30.3	25.4	-9.1	
52.4	20.5	25.4	0.8	
57.4	45.1	20.5	18.0	
40.1	47.5	45.1	25.4	
32.8	25.4	59.8	32.8	
18.0	8.2	69.7	22.9	
5.7	27.8	72.1	18.0	
0.8	8.2	82.0	5.7	
8.2	-1.7	50.0	0.8	
5.7	18.0	74.6	3.2	
22.9	30.3	59.8	-9.1	
57.4	37.7	42.6	-11.5	
57.4	25.4	37.7	5.7	
54.9	15.5	-16.4	-9.1	
30.3	30.3	-105.0	5.7	
22.9	27.8	-151.7	-11.5	
18.0	25.4	-92.7	8.2	
25.4	47.5	-16.4	-6.6	
35.2	54.9	-28.7	8.2	
40.1	45.1	-23.8	8.2	
20.5	40.1	-1.7	0.8	
13.1	45.1	3.2	10.6	
-11.5	42.6	8.2	15.5	
3.2	50.0	10.6	13.1	
13.1	42.6	8.2	18.0	
30.3	37.7	5.7	22.9	
45.1	62.3	5.7	22.9	
35.2	74.6	18.0	15.5	
20.5	69.7	18.0	15.5	
25.4	47.5	8.2	20.5	
47.5	15.5	-1.7	8.2	
52.4	0.8	18.0	3.2	
42.6	-1.7	13.1	13.1	
37.7	32.8	15.5	20.5	
35.2	42.6	5.7	10.6	
18.0	27.8	-6.6	5.7	
20.5	27.8	3.2	13.1	
40.1	20.5	15.5	13.1	
35.2	-4.1	18.0	-1.7	
32.8	-4.1	3.2	8.2	
52.4	-4.1	5.7	8.2	
50.0	18.0	-1.7	18.0	
40.1	15.5	32.8	15.5	
30.3	15.5	79.5	10.6	
3.2	5.7	82.0	0.8	
13.1	-1.7	50.0	0.8	
0.8	13.1	15.5	0.8	
42.6	13.1	-16.4	15.5	
42.6	22.9	-18.9	22.9	
18.0	0.8	-43.5	13.1	
20.5	5.7	-70.6	3.2	
18.0	-14.0	-41.0	-1.7	
15.5	-9.1	-28.7	-1.7	
18.0	-16.4	-21.4	-6.6	
27.8	0.8	13.1	-1.7	
27.8	0.8	54.9	-4.1	
27.8	-9.1	52.4	-11.5	
25.4	-14.0	86.9	-1.7	
27.8	-6.6	47.5	-6.6	
42.6	-9.1	32.8	3.2	
84.4	-11.5	27.8	-4.1	
77.0	10.6	47.5	3.2	
18.0	5.7	25.4	3.2	
-18.9	-4.1	20.5	-1.7	
-11.5	-4.1	13.1	-9.1	
5.7	0.8	-1.7	-1.7	
30.3	-4.1	-6.6	-9.1	
40.1	-11.5	-18.9	-9.1	
30.3	-6.6	3.2	-4.1	
37.7	-11.5	3.2	-11.5	
47.5	8.2	-1.7	3.2	
18.0	0.8	27.8	-14.0	
37.7	-1.7	32.8	0.8	
42.6	-18.9	22.9	-11.5	
32.8	-31.2	32.8	3.2	
25.4	-36.1	40.1	-1.7	
22.9	-28.7	50.0	-14.0	
30.3	-16.4	40.1	-4.1	
20.5	-36.1	35.2	-9.1	
10.6	-41.0	0.8	-9.1	
5.7	-41.0	-9.1	-1.7	
13.1	-38.6	0.8	-16.4	
25.4	-41.0	18.0	-4.1	
10.6	-38.6	45.1	3.2	
13.1	-31.2	45.1	15.5	
22.9	-33.7	57.4	5.7	
3.2	13.1	57.4	-1.7	
3.2	37.7	64.7	-4.1	
18.0	64.7	37.7	-16.4	
25.4	67.2	10.6	3.2	
35.2	25.4	-50.9	-14.0	
22.9	-4.1	-60.7	0.8	
40.1	13.1	-41.0	8.2	
42.6	52.4	-23.8	3.2	
47.5	67.2	-14.0	3.2	
25.4	25.4	-14.0	-9.1	
18.0	22.9	-11.5	-9.1	
15.5	20.5	3.2	-4.1	
22.9	50.0	8.2	22.9	
22.9	69.7	13.1	20.5	
8.2	50.0	35.2	10.6	
0.8	59.8	15.5	13.1	
10.6	57.4	18.0	10.6	
52.4	47.5	8.2	13.1	
47.5	52.4	13.1	18.0	
-1.7	62.3	15.5	8.2	
18.0	37.7	22.9	3.2	
45.1	22.9	79.5	-6.6	
82.0	27.8	82.0	3.2	
50.0	20.5	69.7	-1.7	
3.2	18.0	96.7	-4.1	
20.5	25.4	59.8	-1.7	
45.1	10.6	20.5	-11.5	
30.3	3.2	3.2	-4.1	
25.4	-4.1	-11.5	0.8	
22.9	-9.1	-55.8	3.2	
25.4	3.2	-73.0	5.7	
40.1	-1.7	-60.7	0.8	
18.0	-11.5	-43.5	18.0	
22.9	-4.1	3.2	20.5	
13.1	5.7	30.3	10.6	
18.0	5.7	-14.0	13.1	
37.7	10.6	-87.8	22.9	
50.0	15.5	-75.5	25.4	
54.9	32.8	-87.8	35.2	
50.0	40.1	-50.9	32.8	
35.2	50.0	-26.3	35.2	
50.0	54.9	13.1	25.4	
50.0	45.1	67.2	35.2	
32.8	37.7	109.0	22.9	
27.8	35.2	123.8	20.5	
25.4	62.3	99.2	25.4	
15.5	57.4	136.1	35.2	
32.8	62.3	109.0	35.2	
30.3	47.5	37.7	30.3	
0.8	62.3	25.4	30.3	
-23.8	35.2	-11.5	32.8	
-14.0	13.1	-28.7	32.8	
20.5	-9.1	-31.2	25.4	
32.8	8.2	-9.1	30.3	
32.8	5.7	-26.3	25.4	
57.4	10.6	-38.6	27.8	
69.7	35.2	-36.1	22.9	
54.9	47.5	-31.2	22.9	
20.5	47.5	-4.1	20.5	
8.2	45.1	22.9	20.5	
-16.4	22.9	42.6	22.9	
-23.8	27.8	30.3	32.8	
-1.7	30.3	3.2	18.0	
15.5	15.5	0.8	25.4	
57.4	27.8	13.1	22.9	
91.8	18.0	32.8	27.8	
121.3	32.8	20.5	20.5	
145.9	30.3	-4.1	22.9	
86.9	42.6	-6.6	25.4	
37.7	37.7	-4.1	27.8	
59.8	-50.9	-9.1	27.8	
20.5	-46.0	-6.6	15.5	
18.0	15.5	-16.4	13.1	
15.5	27.8	-1.7	5.7	
15.5	10.6	-9.1	-6.6	
22.9	32.8	3.2	-6.6	
30.3	62.3	13.1	-9.1	
50.0	37.7	30.3	-11.5	
62.3	13.1	27.8	-16.4	
59.8	20.5	30.3	-1.7	
50.0	3.2	37.7	-4.1	
32.8	0.8	18.0	-11.5	
20.5	0.8	5.7	-11.5	
20.5	32.8	3.2	-9.1	
30.3	42.6	22.9	-18.9	
30.3	8.2	27.8	-14.0	
20.5	0.8	20.5	-28.7	
27.8	10.6	13.1	-28.7	
20.5	18.0	22.9	-28.7	
18.0	37.7	37.7	-33.7	
20.5	35.2	35.2	-23.8	
10.6	47.5	32.8	-28.7	
15.5	54.9	22.9	-21.4	
13.1	40.1	15.5	15.5	
15.5	57.4	-9.1	18.0	
18.0	72.1	-6.6	-14.0	
30.3	54.9	0.8	-9.1	
25.4	32.8	18.0	-11.5	
15.5	45.1	45.1	-21.4	
18.0	69.7	35.2	-14.0	
57.4	47.5	30.3	-14.0	
82.0	59.8	45.1	-18.9	
45.1	50.0	57.4	-21.4	
25.4	57.4	42.6	-11.5	
5.7	57.4	5.7	-14.0	
18.0	52.4	-53.3	-9.1	
0.8	0.8	-43.5	-6.6	
-55.8	40.1	-28.7	-4.1	
-60.7	79.5	-33.7	-1.7	
-48.4	54.9	18.0	3.2	
-21.4	57.4	37.7	0.8	
30.3	72.1	45.1	-4.1	
77.0	27.8	47.5	0.8	
91.8	32.8	72.1	-6.6	
104.1	35.2	79.5	0.8	
91.8	20.5	25.4	0.8	
42.6	18.0	-14.0	0.8	
-1.7	18.0	-60.7	5.7	
3.2	40.1	-87.8	3.2	
50.0	15.5	-63.2	3.2	
67.2	-21.4	8.2	5.7	
67.2	-16.4	45.1	-1.7	
64.7	13.1	74.6	-4.1	
62.3	30.3	82.0	5.7	
57.4	22.9	47.5	5.7	
57.4	5.7	-14.0	5.7	
47.5	-1.7	-97.6	0.8	
32.8	-14.0	-119.8	10.6	
35.2	-9.1	-75.5	8.2	
20.5	-6.6	3.2	-1.7	
10.6	20.5	35.2	0.8	
-6.6	10.6	27.8	18.0	
13.1	8.2	15.5	20.5	
27.8	22.9	-18.9	22.9	
20.5	20.5	-9.1	15.5	
30.3	18.0	5.7	18.0	
27.8	59.8	40.1	15.5	
54.9	89.3	52.4	8.2	
64.7	57.4	62.3	13.1	
50.0	20.5	96.7	22.9	
32.8	20.5	104.1	15.5	
22.9	-36.1	104.1	13.1	
15.5	-70.6	82.0	13.1	
-9.1	-46.0	42.6	5.7	
-4.1	-38.6	20.5	0.8	
0.8	-4.1	-4.1	-1.7	
27.8	15.5	-36.1	10.6	
45.1	25.4	-46.0	10.6	
22.9	15.5	-63.2	25.4	
-11.5	22.9	-43.5	22.9	
-6.6	20.5	-41.0	27.8	
18.0	15.5	-9.1	37.7	
32.8	3.2	3.2	57.4	
3.2	37.7	-4.1	52.4	
0.8	64.7	3.2	27.8	
0.8	67.2	40.1	10.6	
-11.5	42.6	72.1	5.7	
0.8	18.0	84.4	-4.1	
-9.1	-9.1	69.7	-1.7	
3.2	-4.1	62.3	-1.7	
5.7	-9.1	37.7	-14.0	
30.3	5.7	59.8	-16.4	
22.9	0.8	72.1	10.6	
37.7	3.2	50.0	27.8	
86.9	5.7	-31.2	35.2	
67.2	15.5	-63.2	15.5	
50.0	25.4	-38.6	18.0	
42.6	30.3	-11.5	3.2	
18.0	50.0	30.3	0.8	
20.5	42.6	37.7	0.8	
8.2	57.4	10.6	-14.0	
22.9	30.3	-18.9	-1.7	
40.1	8.2	-53.3	-1.7	
35.2	3.2	-38.6	0.8	
35.2	3.2	-11.5	3.2	
-1.7	27.8	-6.6	3.2	
-26.3	32.8	25.4	-1.7	
-28.7	18.0	32.8	-1.7	
-4.1	18.0	5.7	3.2	
27.8	30.3	3.2	5.7	
69.7	37.7	18.0	0.8	
64.7	42.6	35.2	0.8	
-21.4	25.4	20.5	-6.6	
-11.5	25.4	-1.7	-1.7	
20.5	27.8	42.6	0.8	
77.0	8.2	64.7	5.7	
82.0	15.5	20.5	-1.7	
42.6	35.2	-4.1	-1.7	
8.2	37.7	-14.0	3.2	
-9.1	54.9	3.2	5.7	
-11.5	37.7	18.0	5.7	
13.1	18.0	35.2	0.8	
64.7	10.6	27.8	-4.1	
62.3	22.9	42.6	0.8	
35.2	57.4	27.8	0.8	
0.8	45.1	22.9	-6.6	
-46.0	20.5	20.5	3.2	
-60.7	-1.7	8.2	8.2	
-65.6	10.6	22.9	8.2	
-58.3	5.7	47.5	-1.7	
8.2	-1.7	42.6	-4.1	
86.9	25.4	-28.7	0.8	
91.8	32.8	-82.9	-9.1	
72.1	27.8	-21.4	0.8	
45.1	30.3	15.5	-16.4	
59.8	37.7	32.8	-4.1	
50.0	45.1	40.1	-1.7	
42.6	47.5	50.0	-9.1	
52.4	42.6	57.4	5.7	
32.8	37.7	74.6	-6.6	
42.6	27.8	40.1	-9.1	
32.8	25.4	8.2	-11.5	
27.8	30.3	8.2	0.8	
10.6	27.8	18.0	-9.1	
-26.3	15.5	20.5	-1.7	
-18.9	37.7	54.9	5.7	
-38.6	47.5	91.8	-11.5	
-58.3	18.0	101.6	-6.6	
-70.6	18.0	99.2	-16.4	
-63.2	35.2	37.7	-1.7	
-58.3	27.8	-109.9	-4.1	
-38.6	25.4	-178.8	-11.5	
13.1	20.5	-100.1	-4.1	
77.0	35.2	-14.0	-4.1	
111.5	13.1	15.5	3.2	
106.6	25.4	-4.1	-1.7	
57.4	15.5	10.6	3.2	
27.8	15.5	-11.5	-4.1	
8.2	52.4	-53.3	0.8	
-14.0	32.8	-18.9	0.8	
30.3	8.2	52.4	-4.1	
72.1	37.7	74.6	-9.1	
50.0	25.4	82.0	0.8	
67.2	18.0	64.7	-9.1	
79.5	30.3	69.7	-9.1	
74.6	30.3	15.5	-9.1	
37.7	20.5	-9.1	0.8	
47.5	30.3	-11.5	-4.1	
89.3	42.6	20.5	-11.5	
67.2	35.2	27.8	3.2	
32.8	35.2	32.8	8.2	
57.4	27.8	42.6	-1.7	
67.2	20.5	-43.5	3.2	
42.6	67.2	-75.5	-9.1	
15.5	86.9	-36.1	-1.7	
-4.1	86.9	-31.2	-4.1	
5.7	62.3	-41.0	0.8	
0.8	3.2	-9.1	-9.1	
-6.6	-82.9	8.2	-9.1	
8.2	-50.9	27.8	8.2	
3.2	18.0	57.4	5.7	
8.2	30.3	62.3	3.2	
5.7	42.6	40.1	-1.7	
10.6	59.8	10.6	-1.7	
3.2	50.0	3.2	-6.6	
-4.1	25.4	-11.5	3.2	
-14.0	5.7	-11.5	0.8	
-14.0	-4.1	-28.7	0.8	
8.2	8.2	-36.1	3.2	
35.2	35.2	8.2	-6.6	
32.8	35.2	5.7	3.2	
47.5	42.6	8.2	5.7	
25.4	25.4	22.9	3.2	
20.5	35.2	45.1	0.8	
20.5	22.9	18.0	8.2	
-4.1	22.9	27.8	-4.1	
25.4	27.8	-16.4	-1.7	
15.5	22.9	-41.0	-1.7	
25.4	13.1	47.5	-1.7	
22.9	30.3	94.3	0.8	
27.8	62.3	77.0	10.6	
30.3	69.7	64.7	-1.7	
47.5	25.4	47.5	-1.7	
45.1	15.5	25.4	-6.6	
37.7	42.6	-1.7	3.2	
25.4	54.9	47.5	-6.6	
-6.6	27.8	72.1	5.7	
5.7	22.9	67.2	-1.7	
-6.6	25.4	74.6	-4.1	
-4.1	25.4	3.2	-4.1	
3.2	47.5	-21.4	-11.5	
27.8	54.9	-1.7	-9.1	
30.3	67.2	-21.4	-4.1	
32.8	42.6	-26.3	-6.6	
20.5	10.6	-28.7	-1.7	
40.1	-31.2	-70.6	-1.7	
37.7	-9.1	-105.0	-6.6	
18.0	13.1	-18.9	-21.4	
-1.7	8.2	5.7	-6.6	
-11.5	-1.7	32.8	-14.0	
15.5	18.0	72.1	-28.7	
32.8	109.0	62.3	-46.0	
22.9	136.1	91.8	-21.4	
22.9	116.4	101.6	-36.1	
20.5	77.0	37.7	-46.0	
27.8	-75.5	13.1	-4.1	
40.1	-107.5	47.5	-23.8	
22.9	-48.4	37.7	-18.9	
32.8	-4.1	-53.3	-41.0	
25.4	35.2	-68.1	22.9	
25.4	32.8	-92.7	116.4	
-4.1	22.9	-146.8	104.1	
-26.3	35.2	-70.6	79.5	
-68.1	47.5	-9.1	-6.6	
-87.8	45.1	54.9	5.7	
-33.7	8.2	67.2	0.8	
8.2	-21.4	45.1	0.8	
47.5	-1.7	-105.0	-6.6	
67.2	15.5	-117.3	-21.4	
79.5	30.3	-50.9	13.1	
18.0	5.7	-23.8	45.1	
-21.4	-1.7	-16.4	20.5	
-6.6	0.8	13.1	-11.5	
45.1	42.6	40.1	-9.1	
101.6	22.9	57.4	10.6	
113.9	8.2	82.0	-11.5	
116.4	32.8	45.1	-18.9	
104.1	47.5	15.5	-4.1	
64.7	50.0	-14.0	35.2	
52.4	27.8	-43.5	20.5	
59.8	20.5	-43.5	-11.5	
59.8	22.9	-26.3	-9.1	
37.7	13.1	18.0	-28.7	
35.2	42.6	57.4	-48.4	
30.3	42.6	72.1	-26.3	
18.0	30.3	69.7	-33.7	
15.5	35.2	109.0	-48.4	
-1.7	27.8	116.4	10.6	
-6.6	30.3	116.4	62.3	
-28.7	18.0	111.5	69.7	
-6.6	30.3	86.9	25.4	
20.5	32.8	0.8	-33.7	
10.6	5.7	-43.5	-14.0	
-6.6	25.4	-38.6	-26.3	
22.9	25.4	-41.0	-16.4	
27.8	15.5	-23.8	-9.1	
25.4	40.1	10.6	-16.4	
30.3	30.3	-1.7	-14.0	
22.9	57.4	-26.3	25.4	
0.8	67.2	64.7	67.2	
22.9	50.0	160.7	52.4	
35.2	37.7	236.9	13.1	
35.2	37.7	251.7	10.6	
20.5	62.3	155.8	-1.7	
8.2	13.1	106.6	-1.7	
-21.4	-21.4	163.1	-9.1	
-26.3	8.2	170.5	-9.1	
-14.0	3.2	84.4	-11.5	
-18.9	32.8	-23.8	3.2	
-26.3	25.4	-186.2	-1.7	
-4.1	8.2	-235.4	-11.5	
15.5	27.8	-161.6	-14.0	
-6.6	32.8	-105.0	-14.0	
-4.1	42.6	-124.7	-21.4	
30.3	47.5	-127.1	-9.1	
54.9	27.8	-129.6	-26.3	
45.1	-9.1	-70.6	-26.3	
47.5	42.6	-85.3	-23.8	
32.8	69.7	-50.9	-31.2	
45.1	35.2	-33.7	-28.7	
52.4	30.3	-63.2	-11.5	
37.7	13.1	-55.8	18.0	
-6.6	25.4	-41.0	32.8	
-16.4	20.5	-41.0	13.1	
-6.6	8.2	-18.9	25.4	
-9.1	3.2	-28.7	27.8	
27.8	10.6	-55.8	-4.1	
77.0	27.8	-50.9	-16.4	
82.0	45.1	-31.2	-18.9	
25.4	25.4	3.2	-36.1	
-4.1	37.7	25.4	-28.7	
-11.5	54.9	59.8	-36.1	
8.2	50.0	62.3	3.2	
45.1	42.6	32.8	32.8	
52.4	8.2	30.3	25.4	
42.6	-33.7	64.7	0.8	
25.4	-9.1	99.2	-9.1	
0.8	3.2	106.6	3.2	
-23.8	35.2	158.2	8.2	
-23.8	54.9	99.2	15.5	
-23.8	40.1	77.0	57.4	
5.7	20.5	59.8	8.2	
30.3	8.2	-33.7	5.7	
40.1	27.8	-48.4	-14.0	
40.1	64.7	-63.2	-36.1	
5.7	47.5	-95.2	-9.1	
3.2	8.2	-119.8	-1.7	
22.9	-31.2	-90.2	3.2	
40.1	-21.4	-55.8	-14.0	
50.0	5.7	-48.4	-14.0	
52.4	18.0	-68.1	-9.1	
42.6	37.7	-77.9	18.0	
27.8	52.4	18.0	5.7	
22.9	42.6	91.8	-1.7	
3.2	27.8	126.2	-1.7	
0.8	27.8	168.1	5.7	
5.7	37.7	202.5	25.4	
25.4	35.2	187.7	27.8	
30.3	15.5	116.4	15.5	
3.2	20.5	0.8	13.1	
15.5	47.5	-36.1	-1.7	
30.3	8.2	-14.0	-14.0	
27.8	20.5	40.1	-26.3	
30.3	54.9	74.6	-21.4	
32.8	8.2	128.7	-11.5	
10.6	-33.7	133.6	20.5	
-4.1	-48.4	96.7	10.6	
-1.7	-14.0	74.6	-16.4	
-1.7	-14.0	45.1	-21.4	
15.5	-41.0	-23.8	-4.1	
37.7	-18.9	-23.8	-26.3	
47.5	10.6	-31.2	-23.8	
32.8	32.8	-73.0	-26.3	
10.6	20.5	-82.9	-18.9	
10.6	0.8	-68.1	-18.9	
22.9	0.8	15.5	3.2	
37.7	-14.0	77.0	3.2	
10.6	-11.5	40.1	-18.9	
0.8	3.2	22.9	8.2	
20.5	10.6	0.8	-14.0	
40.1	10.6	13.1	-18.9	
57.4	8.2	35.2	-18.9	
45.1	-1.7	77.0	-11.5	
20.5	20.5	165.6	-6.6	
10.6	50.0	109.0	18.0	
13.1	13.1	104.1	45.1	
-18.9	0.8	50.0	10.6	
-23.8	45.1	15.5	-16.4	
-26.3	62.3	-28.7	-14.0	
-26.3	54.9	-77.9	-6.6	
18.0	67.2	-171.4	20.5	
52.4	52.4	-169.0	25.4	
84.4	59.8	-203.4	22.9	
54.9	74.6	-200.9	13.1	
8.2	40.1	-169.0	8.2	
-1.7	37.7	-112.4	0.8	
-9.1	67.2	-33.7	-4.1	
-9.1	64.7	-41.0	-26.3	
0.8	54.9	-85.3	-43.5	
3.2	42.6	-60.7	-43.5	
-16.4	30.3	-14.0	-50.9	
-26.3	5.7	5.7	-41.0	
-11.5	-9.1	40.1	13.1	
15.5	35.2	79.5	13.1	
62.3	47.5	101.6	13.1	
82.0	69.7	86.9	0.8	
82.0	57.4	77.0	13.1	
62.3	50.0	74.6	-9.1	
5.7	57.4	57.4	5.7	
-9.1	91.8	13.1	20.5	
-23.8	72.1	3.2	27.8	
-18.9	22.9	8.2	8.2	
-14.0	40.1	3.2	-23.8	
37.7	67.2	45.1	3.2	
86.9	52.4	67.2	0.8	
96.7	52.4	25.4	30.3	
72.1	54.9	32.8	15.5	
37.7	32.8	27.8	-9.1	
27.8	27.8	37.7	-6.6	
40.1	20.5	-1.7	-18.9	
50.0	20.5	-28.7	3.2	
50.0	20.5	5.7	15.5	
50.0	25.4	37.7	5.7	
35.2	27.8	50.0	-16.4	
15.5	32.8	57.4	0.8	
5.7	-36.1	30.3	32.8	
-14.0	-65.6	30.3	35.2	
-14.0	-43.5	0.8	20.5	
-4.1	-14.0	-4.1	62.3	
-14.0	3.2	-4.1	18.0	
-4.1	-18.9	-6.6	-9.1	
8.2	-21.4	3.2	-14.0	
5.7	-55.8	0.8	-9.1	
35.2	-53.3	18.0	-6.6	
27.8	-23.8	54.9	15.5	
18.0	-23.8	64.7	0.8	
42.6	-9.1	91.8	-4.1	
40.1	-4.1	79.5	-11.5	
62.3	0.8	-4.1	-14.0	
52.4	8.2	40.1	-21.4	
32.8	13.1	91.8	-18.9	
15.5	30.3	86.9	-31.2	
0.8	32.8	101.6	-23.8	
-1.7	45.1	99.2	-6.6	
0.8	47.5	27.8	-18.9	
0.8	35.2	0.8	-26.3	
45.1	37.7	-4.1	-6.6	
40.1	35.2	8.2	0.8	
30.3	5.7	59.8	15.5	
5.7	-36.1	69.7	25.4	
-14.0	-31.2	89.3	5.7	
0.8	10.6	150.8	15.5	
30.3	-26.3	153.3	32.8	
52.4	-63.2	64.7	20.5	
47.5	-23.8	-23.8	22.9	
0.8	8.2	-87.8	13.1	
-11.5	3.2	-159.1	5.7	
10.6	25.4	-164.0	-14.0	
25.4	18.0	-134.5	-9.1	
32.8	15.5	-100.1	-4.1	
42.6	18.0	-169.0	15.5	
69.7	15.5	-109.9	8.2	
86.9	32.8	-53.3	20.5	
64.7	5.7	32.8	25.4	
32.8	5.7	22.9	20.5	
10.6	25.4	-1.7	8.2	
-1.7	54.9	-14.0	8.2	
-14.0	42.6	-132.1	5.7	
-16.4	32.8	-122.2	-4.1	
-11.5	32.8	-55.8	-14.0	
0.8	30.3	-26.3	-11.5	
3.2	27.8	8.2	0.8	
8.2	20.5	64.7	-11.5	
25.4	22.9	94.3	8.2	
47.5	30.3	74.6	-6.6	
45.1	32.8	74.6	-16.4	
45.1	22.9	64.7	-18.9	
42.6	25.4	69.7	-14.0	
45.1	40.1	64.7	-23.8	
22.9	45.1	47.5	-21.4	
25.4	45.1	32.8	-6.6	
20.5	45.1	25.4	-11.5	
25.4	37.7	40.1	-14.0	
35.2	40.1	47.5	-11.5	
15.5	27.8	96.7	-16.4	
18.0	40.1	116.4	-26.3	
13.1	40.1	54.9	-28.7	
10.6	37.7	20.5	-11.5	
5.7	40.1	-4.1	-1.7	
-1.7	27.8	-21.4	0.8	
-9.1	27.8	0.8	-16.4	
-9.1	47.5	15.5	-4.1	
0.8	54.9	13.1	-18.9	
8.2	40.1	27.8	5.7	
0.8	59.8	18.0	3.2	
-21.4	57.4	-23.8	-14.0	
0.8	52.4	-28.7	-11.5	
-6.6	86.9	5.7	-6.6	
18.0	79.5	27.8	-6.6	
57.4	52.4	64.7	-6.6	
62.3	30.3	62.3	-11.5	
32.8	27.8	59.8	5.7	
40.1	45.1	64.7	5.7	
35.2	45.1	57.4	-4.1	
-9.1	22.9	40.1	-4.1	
-60.7	-26.3	35.2	-9.1	
-63.2	-48.4	-18.9	-6.6	
-21.4	-58.3	-85.3	-11.5	
22.9	-21.4	-33.7	-14.0	
59.8	10.6	57.4	-6.6	
62.3	10.6	42.6	-21.4	
59.8	20.5	-14.0	-6.6	
32.8	32.8	13.1	0.8	
5.7	32.8	32.8	8.2	
0.8	45.1	74.6	5.7	
-11.5	59.8	150.8	3.2	
-4.1	52.4	224.6	-1.7	
18.0	84.4	180.4	-16.4	
20.5	67.2	69.7	-4.1	
15.5	35.2	32.8	5.7	
22.9	37.7	10.6	-11.5	
8.2	22.9	-23.8	-11.5	
-4.1	45.1	-80.4	-6.6	
0.8	59.8	-161.6	-4.1	
27.8	57.4	-95.2	-1.7	
47.5	89.3	-183.7	0.8	
27.8	99.2	-124.7	3.2	
40.1	94.3	-77.9	0.8	
50.0	86.9	-48.4	5.7	
40.1	52.4	-63.2	-6.6	
22.9	32.8	13.1	-1.7	
13.1	74.6	32.8	-11.5	
35.2	94.3	47.5	-1.7	
40.1	84.4	42.6	-6.6	
32.8	86.9	86.9	3.2	
20.5	86.9	59.8	-11.5	
27.8	72.1	25.4	0.8	
10.6	94.3	-48.4	-6.6	
8.2	104.1	-75.5	5.7	
-4.1	96.7	-26.3	-9.1	
-14.0	79.5	-38.6	5.7	
-1.7	74.6	-73.0	-4.1	
-11.5	79.5	-36.1	-6.6	
-21.4	72.1	-21.4	3.2	
-18.9	64.7	-26.3	-4.1	
-9.1	74.6	-21.4	-14.0	
5.7	74.6	40.1	-9.1	
15.5	77.0	45.1	-23.8	
3.2	99.2	54.9	-14.0	
0.8	104.1	57.4	-18.9	
8.2	94.3	47.5	-18.9	
32.8	27.8	40.1	-1.7	
40.1	3.2	37.7	-9.1	
62.3	-1.7	30.3	-1.7	
50.0	-4.1	27.8	-4.1	
47.5	-16.4	25.4	-9.1	
27.8	8.2	25.4	-16.4	
18.0	8.2	22.9	-16.4	
27.8	32.8	22.9	-23.8	
27.8	40.1	10.6	-18.9	
10.6	57.4	-6.6	-16.4	
-9.1	54.9	-1.7	0.8	
-1.7	57.4	13.1	20.5	
-6.6	57.4	15.5	67.2	
0.8	89.3	5.7	37.7	
20.5	77.0	8.2	0.8	
47.5	77.0	5.7	-21.4	
25.4	72.1	8.2	0.8	
3.2	50.0	-26.3	-1.7	
8.2	42.6	-65.6	-1.7	
3.2	32.8	-43.5	18.0	
-9.1	35.2	13.1	10.6	
0.8	18.0	54.9	10.6	
0.8	22.9	45.1	0.8	
18.0	18.0	69.7	18.0	
47.5	8.2	57.4	8.2	
47.5	22.9	57.4	-11.5	
-9.1	35.2	67.2	-14.0	
-18.9	22.9	64.7	-38.6	
5.7	45.1	54.9	-14.0	
30.3	45.1	35.2	-33.7	
30.3	37.7	22.9	-26.3	
18.0	27.8	25.4	-31.2	
25.4	35.2	-60.7	-16.4	
27.8	32.8	-77.9	-46.0	
32.8	20.5	-65.6	-43.5	
30.3	8.2	13.1	-28.7	
37.7	15.5	74.6	-31.2	
40.1	18.0	57.4	-31.2	
35.2	22.9	42.6	-9.1	
22.9	25.4	25.4	30.3	
13.1	42.6	50.0	15.5	
0.8	25.4	22.9	10.6	
0.8	15.5	-18.9	-1.7	
0.8	8.2	-21.4	-18.9	
-11.5	10.6	-1.7	-11.5	
3.2	3.2	25.4	5.7	
30.3	13.1	79.5	42.6	
47.5	22.9	82.0	47.5	
30.3	32.8	77.0	45.1	
-4.1	22.9	82.0	22.9	
3.2	37.7	22.9	10.6	
-4.1	52.4	-14.0	5.7	
10.6	42.6	-36.1	-1.7	
-16.4	54.9	-46.0	10.6	
-1.7	45.1	-55.8	3.2	
13.1	52.4	-55.8	3.2	
25.4	47.5	-68.1	0.8	
32.8	37.7	-16.4	8.2	
37.7	42.6	0.8	18.0	
13.1	20.5	3.2	10.6	
15.5	30.3	-11.5	-4.1	
13.1	20.5	-1.7	-4.1	
30.3	8.2	8.2	0.8	
40.1	-1.7	3.2	-6.6	
40.1	3.2	-14.0	-9.1	
42.6	10.6	-11.5	5.7	
37.7	25.4	-4.1	-18.9	
42.6	18.0	-4.1	-14.0	
25.4	25.4	-1.7	-14.0	
8.2	32.8	3.2	-18.9	
-1.7	45.1	8.2	-9.1	
-1.7	37.7	18.0	-21.4	
0.8	35.2	15.5	-21.4	
-4.1	20.5	-9.1	-18.9	
-21.4	10.6	8.2	-23.8	
-21.4	-6.6	-14.0	-21.4	
-55.8	-9.1	-28.7	-21.4	
-80.4	20.5	-18.9	-11.5	
-58.3	30.3	-9.1	0.8	
5.7	3.2	-14.0	-14.0	
62.3	-28.7	-14.0	-31.2	
69.7	-26.3	20.5	-11.5	
64.7	-41.0	15.5	-6.6	
62.3	-33.7	15.5	3.2	
82.0	3.2	13.1	20.5	
52.4	-1.7	-4.1	25.4	
37.7	8.2	-21.4	25.4	
30.3	22.9	-23.8	20.5	
25.4	52.4	8.2	5.7	
22.9	47.5	10.6	-1.7	
22.9	27.8	-4.1	20.5	
27.8	5.7	-1.7	22.9	
18.0	25.4	0.8	18.0	
15.5	30.3	-16.4	8.2	
0.8	32.8	-41.0	0.8	
10.6	35.2	-26.3	15.5	
25.4	22.9	-33.7	8.2	
15.5	-4.1	-28.7	-1.7	
0.8	0.8	-23.8	-14.0	
-14.0	0.8	13.1	-16.4	
-1.7	-21.4	50.0	-21.4	
8.2	-14.0	72.1	-18.9	
5.7	-11.5	79.5	-11.5	
3.2	-11.5	118.9	-1.7	
3.2	-11.5	145.9	3.2	
10.6	0.8	133.6	3.2	
5.7	3.2	141.0	-9.1	
18.0	15.5	47.5	-21.4	
32.8	22.9	-36.1	-11.5	
30.3	18.0	-68.1	-9.1	
18.0	3.2	-97.6	-14.0	
32.8	5.7	-144.4	0.8	
32.8	8.2	-200.9	-4.1	
15.5	13.1	-164.0	-6.6	
18.0	13.1	-161.6	-18.9	
15.5	-9.1	-117.3	-6.6	
8.2	-11.5	-68.1	0.8	
27.8	-26.3	-33.7	0.8	
15.5	-46.0	3.2	0.8	
22.9	-41.0	123.8	0.8	
27.8	-11.5	136.1	-4.1	
30.3	-9.1	99.2	-1.7	
10.6	-21.4	89.3	5.7	
18.0	-6.6	52.4	-4.1	
25.4	-6.6	69.7	5.7	
15.5	0.8	42.6	8.2	
5.7	-6.6	37.7	13.1	
-1.7	13.1	15.5	13.1	
18.0	-6.6	15.5	15.5	
40.1	13.1	10.6	13.1	
15.5	30.3	10.6	18.0	
22.9	40.1	57.4	18.0	
20.5	45.1	-16.4	13.1	
27.8	40.1	-122.2	15.5	
27.8	30.3	-97.6	22.9	
20.5	32.8	-16.4	22.9	
20.5	47.5	-1.7	13.1	
-1.7	50.0	3.2	15.5	
3.2	22.9	-9.1	8.2	
-1.7	5.7	-38.6	-9.1	
13.1	-14.0	-55.8	8.2	
22.9	-16.4	-60.7	5.7	
27.8	0.8	-46.0	3.2	
8.2	0.8	-16.4	5.7	
-9.1	-4.1	-26.3	15.5	
25.4	20.5	-4.1	3.2	
54.9	22.9	72.1	-4.1	
50.0	32.8	165.6	5.7	
50.0	67.2	177.9	10.6	
32.8	45.1	133.6	-11.5	
40.1	22.9	57.4	-18.9	
22.9	30.3	45.1	-1.7	
15.5	30.3	59.8	8.2	
22.9	22.9	89.3	-1.7	
13.1	37.7	79.5	-6.6	
3.2	52.4	-23.8	-11.5	
13.1	40.1	-43.5	-4.1	
18.0	67.2	-43.5	-16.4	
-9.1	84.4	-43.5	-6.6	
-28.7	69.7	-109.9	-9.1	
-31.2	18.0	-252.6	0.8	
-9.1	-4.1	-282.1	15.5	
-16.4	-6.6	-117.3	15.5	
22.9	-21.4	-33.7	40.1	
57.4	-21.4	-16.4	20.5	
77.0	3.2	3.2	10.6	
47.5	-4.1	18.0	8.2	
-4.1	64.7	47.5	0.8	
8.2	86.9	59.8	3.2	
5.7	62.3	91.8	22.9	
-1.7	42.6	77.0	20.5	
-4.1	32.8	84.4	3.2	
5.7	25.4	96.7	0.8	
27.8	15.5	79.5	-6.6	
40.1	30.3	54.9	8.2	
-6.6	20.5	-6.6	-6.6	
5.7	-4.1	-46.0	45.1	
32.8	32.8	-191.1	30.3	
54.9	52.4	-171.4	27.8	
69.7	18.0	-75.5	8.2	
77.0	22.9	-63.2	0.8	
59.8	37.7	-60.7	-4.1	
45.1	37.7	-55.8	5.7	
27.8	45.1	-90.2	3.2	
20.5	32.8	-92.7	5.7	
18.0	37.7	-43.5	13.1	
0.8	54.9	5.7	15.5	
0.8	30.3	82.0	15.5	
13.1	8.2	91.8	8.2	
15.5	22.9	74.6	3.2	
15.5	54.9	128.7	-6.6	
-11.5	27.8	158.2	8.2	
-21.4	22.9	74.6	5.7	
-18.9	25.4	-1.7	0.8	
-14.0	5.7	-43.5	8.2	
-14.0	-14.0	-46.0	-9.1	
13.1	-6.6	-16.4	-28.7	
18.0	32.8	22.9	-41.0	
35.2	27.8	32.8	-33.7	
22.9	45.1	0.8	0.8	
25.4	45.1	89.3	0.8	
30.3	35.2	113.9	27.8	
22.9	20.5	74.6	30.3	
-6.6	3.2	0.8	45.1	
-21.4	13.1	-186.2	52.4	
-11.5	13.1	-242.8	10.6	
5.7	-16.4	-146.8	-28.7	
22.9	-6.6	-53.3	-23.8	
22.9	-6.6	-31.2	-1.7	
20.5	-33.7	-43.5	-16.4	
40.1	3.2	-85.3	5.7	
18.0	22.9	-80.4	-16.4	
-1.7	32.8	-70.6	5.7	
-33.7	5.7	-50.9	18.0	
-33.7	-16.4	-31.2	8.2	
3.2	18.0	-16.4	-14.0	
37.7	15.5	15.5	-1.7	
25.4	37.7	57.4	0.8	
5.7	72.1	62.3	-11.5	
15.5	94.3	118.9	-16.4	
20.5	79.5	91.8	-9.1	
15.5	79.5	15.5	-9.1	
20.5	45.1	-38.6	-18.9	
50.0	35.2	-50.9	-33.7	
47.5	22.9	-16.4	-26.3	
47.5	-4.1	22.9	-26.3	
15.5	-11.5	54.9	-16.4	
-6.6	-46.0	72.1	-28.7	
-9.1	-41.0	3.2	3.2	
42.6	-16.4	-87.8	40.1	
45.1	-18.9	-53.3	10.6	
64.7	-36.1	30.3	-43.5	
47.5	-36.1	-33.7	-46.0	
27.8	-18.9	-55.8	-21.4	
25.4	18.0	-129.6	-36.1	
22.9	-1.7	-87.8	-26.3	
13.1	13.1	-92.7	-4.1	
30.3	30.3	-114.8	59.8	
32.8	-16.4	-58.3	50.0	
35.2	-38.6	-41.0	32.8	
0.8	-28.7	-23.8	22.9	
-1.7	-11.5	15.5	0.8	
-9.1	-16.4	64.7	3.2	
-4.1	10.6	3.2	0.8	
5.7	8.2	-11.5	-4.1	
-36.1	20.5	-11.5	-9.1	
-38.6	86.9	-38.6	0.8	
-38.6	32.8	-55.8	-6.6	
-18.9	-58.3	-58.3	5.7	
20.5	-92.7	-33.7	0.8	
59.8	-73.0	-14.0	-4.1	
59.8	-23.8	-6.6	-1.7	
15.5	59.8	32.8	-4.1	
3.2	99.2	79.5	-11.5	
10.6	101.6	62.3	-11.5	
47.5	96.7	64.7	-18.9	
74.6	111.5	8.2	-21.4	
74.6	86.9	-114.8	-14.0	
40.1	69.7	-114.8	-6.6	
20.5	47.5	-129.6	-18.9	
27.8	15.5	-41.0	-18.9	
3.2	-41.0	-1.7	0.8	
-28.7	-28.7	-31.2	13.1	
-11.5	-4.1	20.5	52.4	
-4.1	27.8	35.2	13.1	
47.5	52.4	57.4	3.2	
45.1	52.4	62.3	5.7	
35.2	52.4	30.3	18.0	
0.8	42.6	18.0	15.5	
-1.7	8.2	-28.7	-6.6	
47.5	3.2	-169.0	-14.0	
57.4	-21.4	-196.0	-6.6	
42.6	-21.4	-95.2	18.0	
20.5	-28.7	-53.3	22.9	
40.1	10.6	-26.3	5.7	
35.2	54.9	8.2	0.8	
5.7	62.3	-16.4	0.8	
-33.7	30.3	-53.3	-4.1	
-46.0	-23.8	3.2	-6.6	
-31.2	-65.6	84.4	-4.1	
-18.9	18.0	52.4	3.2	
37.7	32.8	-46.0	-6.6	
67.2	37.7	-77.9	-1.7	
47.5	42.6	-53.3	0.8	
20.5	47.5	-43.5	-1.7	
0.8	57.4	18.0	-1.7	
-9.1	32.8	52.4	-4.1	
18.0	15.5	30.3	-1.7	
40.1	-16.4	5.7	13.1	
50.0	-16.4	13.1	-4.1	
47.5	-18.9	5.7	-1.7	
30.3	-48.4	-1.7	-9.1	
8.2	-73.0	10.6	-1.7	
-1.7	-85.3	0.8	-4.1	
10.6	-87.8	10.6	0.8	
-4.1	-82.9	30.3	-9.1	
-11.5	-70.6	20.5	-14.0	
-16.4	-53.3	-9.1	-14.0	
-11.5	18.0	-70.6	8.2	
-16.4	72.1	-23.8	25.4	
15.5	111.5	32.8	5.7	
35.2	106.6	35.2	-11.5	
45.1	79.5	5.7	-9.1	
40.1	62.3	-97.6	-11.5	
15.5	57.4	-235.4	-4.1	
22.9	42.6	-218.2	-11.5	
18.0	50.0	-137.0	8.2	
-11.5	32.8	-114.8	5.7	
-14.0	13.1	-75.5	-4.1	
5.7	0.8	-31.2	5.7	
-4.1	22.9	-43.5	10.6	
-9.1	13.1	-73.0	-11.5	
0.8	-28.7	-26.3	-16.4	
-9.1	-9.1	-9.1	-11.5	
-23.8	-11.5	20.5	-28.7	
-6.6	-21.4	8.2	-9.1	
3.2	-14.0	-18.9	-4.1	
40.1	-23.8	-14.0	10.6	
62.3	-53.3	-9.1	10.6	
52.4	-68.1	35.2	35.2	
18.0	-48.4	27.8	45.1	
13.1	-28.7	69.7	32.8	
5.7	-23.8	18.0	-11.5	
-1.7	-4.1	-1.7	-16.4	
15.5	22.9	-4.1	-18.9	
18.0	40.1	-70.6	-21.4	
5.7	59.8	-18.9	-33.7	
25.4	57.4	13.1	-23.8	
15.5	64.7	-21.4	-26.3	
25.4	64.7	-23.8	-21.4	
13.1	69.7	-58.3	-16.4	
5.7	72.1	-75.5	-4.1	
-1.7	84.4	-31.2	5.7	
10.6	91.8	42.6	-14.0	
0.8	86.9	158.2	-21.4	
3.2	89.3	163.1	-53.3	
5.7	82.0	131.2	-14.0	
15.5	77.0	123.8	35.2	
20.5	99.2	84.4	37.7	
13.1	99.2	0.8	27.8	
10.6	101.6	-18.9	-11.5	
27.8	79.5	-77.9	20.5	
40.1	79.5	-164.0	69.7	
13.1	69.7	-161.6	18.0	
18.0	69.7	-146.8	-1.7	
-16.4	84.4	-87.8	3.2	
-28.7	69.7	-55.8	35.2	
-18.9	37.7	-105.0	25.4	
-31.2	45.1	-58.3	13.1	
3.2	40.1	37.7	10.6	
35.2	67.2	8.2	3.2	
50.0	64.7	32.8	-1.7	
40.1	77.0	57.4	10.6	
32.8	67.2	45.1	3.2	
5.7	72.1	64.7	-4.1	
20.5	72.1	86.9	-16.4	
22.9	62.3	126.2	-16.4	
27.8	59.8	138.5	-9.1	
27.8	45.1	143.5	3.2	
13.1	32.8	74.6	3.2	
13.1	27.8	10.6	0.8	
3.2	27.8	-65.6	3.2	
-4.1	30.3	-198.5	3.2	
13.1	35.2	-232.9	-11.5	
25.4	32.8	-161.6	-4.1	
32.8	27.8	-117.3	5.7	
-21.4	42.6	-117.3	-9.1	
-50.9	22.9	-73.0	0.8	
-50.9	32.8	-60.7	-4.1	
22.9	3.2	-33.7	-6.6	
82.0	45.1	-68.1	-4.1	
89.3	67.2	-48.4	0.8	
64.7	62.3	-31.2	-1.7	
27.8	47.5	-9.1	-9.1	
30.3	37.7	18.0	5.7	
20.5	45.1	32.8	-6.6	
20.5	37.7	15.5	-11.5	
32.8	22.9	-23.8	0.8	
30.3	35.2	-73.0	8.2	
3.2	40.1	-33.7	5.7	
8.2	32.8	-14.0	18.0	
0.8	8.2	67.2	27.8	
5.7	0.8	131.2	22.9	
-18.9	0.8	109.0	8.2	
-31.2	8.2	-23.8	0.8	
-11.5	27.8	-80.4	5.7	
-41.0	40.1	13.1	0.8	
-33.7	45.1	94.3	-6.6	
5.7	25.4	3.2	-9.1	
64.7	35.2	-50.9	-6.6	
99.2	32.8	8.2	0.8	
79.5	40.1	91.8	-4.1	
72.1	37.7	82.0	-4.1	
45.1	25.4	54.9	-11.5	
22.9	45.1	59.8	5.7	
8.2	32.8	72.1	-6.6	
-46.0	32.8	45.1	8.2	
-77.9	59.8	25.4	8.2	
-18.9	57.4	-28.7	25.4	
27.8	37.7	-4.1	10.6	
52.4	25.4	-14.0	3.2	
64.7	35.2	-68.1	-4.1	
30.3	20.5	-63.2	8.2	
30.3	20.5	-23.8	15.5	
57.4	37.7	-16.4	18.0	
79.5	30.3	-50.9	5.7	
40.1	40.1	-87.8	5.7	
30.3	18.0	-100.1	8.2	
22.9	3.2	-33.7	-6.6	
-18.9	8.2	-38.6	15.5	
-23.8	0.8	-28.7	42.6	
-9.1	-1.7	-1.7	32.8	
-4.1	13.1	40.1	18.0	
-16.4	20.5	42.6	22.9	
-4.1	67.2	5.7	18.0	
3.2	45.1	45.1	18.0	
-16.4	47.5	89.3	0.8	
-14.0	30.3	101.6	-11.5	
0.8	40.1	42.6	5.7	
-6.6	47.5	-16.4	8.2	
3.2	35.2	-41.0	15.5	
22.9	32.8	-41.0	18.0	
42.6	25.4	-41.0	15.5	
10.6	22.9	-90.2	3.2	
3.2	25.4	-77.9	0.8	
13.1	30.3	-11.5	0.8	
10.6	30.3	37.7	-1.7	
18.0	27.8	99.2	5.7	
32.8	35.2	101.6	5.7	
5.7	27.8	-6.6	3.2	
15.5	27.8	-183.7	3.2	
15.5	30.3	-176.3	0.8	
8.2	22.9	-191.1	0.8	
10.6	25.4	-178.8	13.1	
13.1	22.9	-178.8	8.2	
5.7	15.5	-156.7	0.8	
-1.7	35.2	-85.3	10.6	
-14.0	32.8	-70.6	0.8	
-16.4	20.5	-38.6	5.7	
-21.4	20.5	74.6	8.2	
-14.0	30.3	106.6	13.1	
-11.5	22.9	153.3	5.7	
-4.1	22.9	153.3	0.8	
13.1	25.4	113.9	-1.7	
32.8	27.8	22.9	0.8	
45.1	15.5	-14.0	-1.7	
25.4	40.1	-33.7	0.8	
3.2	25.4	-23.8	20.5	
-6.6	27.8	-18.9	15.5	
10.6	30.3	-23.8	10.6	
32.8	20.5	-11.5	8.2	
25.4	30.3	42.6	3.2	
37.7	20.5	111.5	5.7	
18.0	22.9	168.1	10.6	
-4.1	5.7	200.0	10.6	
-4.1	-1.7	236.9	3.2	
-18.9	5.7	131.2	-4.1	
-14.0	8.2	27.8	-9.1	
-28.7	3.2	-18.9	-11.5	
-21.4	0.8	-11.5	3.2	
-6.6	32.8	-11.5	-6.6	
0.8	27.8	-36.1	-1.7	
10.6	42.6	-53.3	-4.1	
22.9	40.1	-68.1	0.8	
13.1	40.1	-55.8	-1.7	
3.2	40.1	-65.6	-14.0	
-33.7	37.7	-50.9	30.3	
-31.2	52.4	-23.8	32.8	
-6.6	45.1	-1.7	22.9	
13.1	52.4	-31.2	32.8	
42.6	69.7	-33.7	-1.7	
59.8	64.7	3.2	-4.1	
57.4	59.8	0.8	-36.1	
50.0	54.9	22.9	-48.4	
42.6	62.3	30.3	-28.7	
18.0	64.7	-50.9	13.1	
10.6	57.4	-58.3	79.5	
0.8	57.4	18.0	47.5	
-4.1	45.1	64.7	42.6	
-28.7	47.5	54.9	27.8	
-1.7	42.6	10.6	10.6	
-9.1	47.5	-14.0	-14.0	
-11.5	40.1	-58.3	20.5	
-36.1	45.1	-63.2	20.5	
-63.2	50.0	15.5	18.0	
-68.1	42.6	10.6	15.5	
-1.7	59.8	-77.9	-1.7	
64.7	42.6	-112.4	3.2	
96.7	40.1	-68.1	-4.1	
82.0	45.1	-26.3	10.6	
54.9	52.4	-87.8	20.5	
47.5	45.1	-11.5	8.2	
27.8	47.5	89.3	-1.7	
13.1	45.1	118.9	-9.1	
18.0	52.4	202.5	3.2	
10.6	45.1	205.0	5.7	
8.2	45.1	96.7	3.2	
-18.9	50.0	-95.2	3.2	
-16.4	35.2	-100.1	-1.7	
-6.6	32.8	-75.5	0.8	
22.9	35.2	-73.0	5.7	
32.8	25.4	-82.9	-9.1	
35.2	20.5	-68.1	3.2	
15.5	15.5	-28.7	-4.1	
8.2	20.5	5.7	-1.7	
22.9	27.8	32.8	5.7	
35.2	22.9	10.6	-6.6	
30.3	25.4	22.9	-6.6	
45.1	25.4	64.7	-4.1	
37.7	18.0	30.3	-4.1	
18.0	18.0	-23.8	-11.5	
25.4	20.5	-68.1	0.8	
42.6	20.5	-80.4	0.8	
50.0	22.9	-38.6	-1.7	
20.5	25.4	22.9	-4.1	
0.8	18.0	91.8	8.2	
-6.6	32.8	121.3	5.7	
8.2	35.2	116.4	0.8	
15.5	32.8	40.1	-6.6	
30.3	27.8	3.2	0.8	
22.9	32.8	-16.4	-14.0	
15.5	27.8	-43.5	-6.6	
5.7	40.1	-95.2	0.8	
0.8	30.3	-119.8	-6.6	
-4.1	18.0	-80.4	-1.7	
-11.5	20.5	-55.8	13.1	
-14.0	32.8	-38.6	13.1	
-26.3	22.9	-14.0	8.2	
0.8	52.4	-16.4	5.7	
0.8	57.4	-6.6	0.8	
3.2	47.5	-16.4	3.2	
8.2	37.7	-14.0	3.2	
-1.7	20.5	-1.7	-4.1	
20.5	25.4	25.4	-4.1	
35.2	27.8	30.3	5.7	
25.4	27.8	27.8	-4.1	
-6.6	18.0	42.6	-1.7	
-46.0	32.8	42.6	-1.7	
-21.4	20.5	52.4	-14.0	
25.4	25.4	45.1	-1.7	
52.4	25.4	22.9	5.7	
10.6	22.9	-14.0	-9.1	
-33.7	27.8	-33.7	0.8	
18.0	45.1	-97.6	-9.1	
62.3	40.1	-139.4	-4.1	
69.7	37.7	-134.5	-4.1	
50.0	42.6	-105.0	3.2	
22.9	54.9	-41.0	10.6	
0.8	54.9	10.6	5.7	
-1.7	47.5	47.5	10.6	
13.1	54.9	99.2	5.7	
25.4	45.1	57.4	3.2	
18.0	27.8	67.2	8.2	
3.2	40.1	35.2	5.7	
-1.7	42.6	-38.6	0.8	
-11.5	47.5	-100.1	-9.1	
-21.4	47.5	-55.8	5.7	
-43.5	30.3	10.6	10.6	
-55.8	37.7	106.6	5.7	
-36.1	47.5	104.1	-14.0	
3.2	40.1	74.6	3.2	
40.1	42.6	79.5	22.9	
54.9	37.7	50.0	10.6	
64.7	20.5	15.5	3.2	
57.4	22.9	-36.1	0.8	
37.7	30.3	-33.7	10.6	
-4.1	15.5	-6.6	-4.1	
-23.8	20.5	32.8	-11.5	
-6.6	27.8	101.6	-4.1	
22.9	32.8	74.6	-1.7	
45.1	27.8	111.5	-9.1	
-6.6	20.5	173.0	0.8	
-41.0	18.0	173.0	-1.7	
-9.1	18.0	141.0	-4.1	
5.7	13.1	145.9	-4.1	
42.6	18.0	145.9	3.2	
27.8	37.7	136.1	5.7	
15.5	40.1	50.0	0.8	
37.7	40.1	-43.5	-9.1	
57.4	40.1	-95.2	-1.7	
47.5	52.4	-105.0	5.7	
30.3	35.2	-63.2	-1.7	
5.7	47.5	-28.7	10.6	
0.8	50.0	-1.7	-1.7	
-4.1	50.0	27.8	8.2	
-18.9	32.8	35.2	5.7	
-21.4	42.6	15.5	-4.1	
-1.7	32.8	27.8	5.7	
0.8	45.1	18.0	-1.7	
-21.4	37.7	-70.6	13.1	
-16.4	42.6	-77.9	0.8	
-9.1	37.7	-31.2	3.2	
18.0	35.2	-21.4	-1.7	
32.8	22.9	-18.9	-4.1	
27.8	27.8	-9.1	-1.7	
3.2	20.5	13.1	-6.6	
-26.3	30.3	37.7	3.2	
-18.9	40.1	32.8	3.2	
-4.1	30.3	3.2	-4.1	
5.7	40.1	-14.0	-11.5	
30.3	47.5	-18.9	-18.9	
22.9	42.6	15.5	-11.5	
3.2	35.2	-6.6	-14.0	
-4.1	47.5	-16.4	-14.0	
-14.0	47.5	-26.3	8.2	
-16.4	40.1	-31.2	13.1	
-26.3	30.3	-23.8	37.7	
-33.7	35.2	-31.2	30.3	
-28.7	30.3	-18.9	8.2	
18.0	37.7	-11.5	-1.7	
45.1	42.6	35.2	-1.7	
47.5	35.2	77.0	-6.6	
40.1	20.5	62.3	-6.6	
32.8	27.8	27.8	0.8	
15.5	27.8	25.4	-9.1	
18.0	27.8	59.8	-16.4	
45.1	30.3	67.2	-6.6	
40.1	27.8	50.0	35.2	
30.3	35.2	47.5	45.1	
18.0	45.1	40.1	18.0	
0.8	37.7	62.3	25.4	
-14.0	42.6	101.6	18.0	
-6.6	30.3	82.0	15.5	
5.7	40.1	54.9	27.8	
18.0	35.2	-21.4	15.5	
0.8	32.8	-41.0	8.2	
-4.1	40.1	37.7	0.8	
-9.1	40.1	42.6	5.7	
3.2	35.2	37.7	-6.6	
-1.7	37.7	-9.1	-9.1	
-9.1	45.1	-129.6	-1.7	
-31.2	47.5	-134.5	-9.1	
-38.6	42.6	-73.0	-14.0	
-28.7	40.1	-9.1	-18.9	
8.2	37.7	8.2	-11.5	
20.5	42.6	-63.2	-14.0	
40.1	40.1	-100.1	-14.0	
59.8	35.2	-134.5	-16.4	
47.5	42.6	-85.3	-16.4	
57.4	45.1	-31.2	-1.7	
35.2	32.8	126.2	-21.4	
30.3	27.8	232.0	-11.5	
27.8	25.4	261.5	-4.1	
13.1	25.4	163.1	0.8	
18.0	25.4	74.6	-9.1	
8.2	32.8	50.0	10.6	
5.7	50.0	42.6	-1.7	
13.1	45.1	50.0	-6.6	
20.5	35.2	37.7	0.8	
10.6	37.7	59.8	-4.1	
-6.6	40.1	52.4	-1.7	
-1.7	47.5	30.3	-1.7	
-16.4	40.1	15.5	-1.7	
-28.7	40.1	5.7	-4.1	
-16.4	37.7	-31.2	-6.6	
-9.1	30.3	-18.9	0.8	
0.8	40.1	-23.8	0.8	
-11.5	40.1	-4.1	-1.7	
-36.1	27.8	-6.6	10.6	
-41.0	37.7	-18.9	10.6	
5.7	20.5	-14.0	8.2	
67.2	30.3	-6.6	3.2	
111.5	22.9	0.8	3.2	
101.6	42.6	-23.8	-9.1	
72.1	20.5	-16.4	3.2	
50.0	30.3	-23.8	18.0	
32.8	30.3	-26.3	13.1	
3.2	25.4	-14.0	0.8	
10.6	22.9	42.6	-1.7	
18.0	20.5	86.9	3.2	
30.3	22.9	123.8	8.2	
0.8	22.9	138.5	-1.7	
-1.7	32.8	111.5	-11.5	
-4.1	13.1	77.0	-6.6	
0.8	20.5	59.8	-16.4	
25.4	27.8	59.8	-6.6	
47.5	37.7	64.7	-4.1	
35.2	42.6	-73.0	8.2	
20.5	35.2	-114.8	3.2	
13.1	27.8	-82.9	13.1	
18.0	45.1	-11.5	15.5	
20.5	40.1	62.3	15.5	
13.1	40.1	62.3	25.4	
5.7	59.8	-31.2	15.5	
-6.6	42.6	-90.2	8.2	
8.2	52.4	-53.3	10.6	
10.6	42.6	-4.1	5.7	
13.1	35.2	18.0	-6.6	
22.9	35.2	35.2	3.2	
22.9	52.4	42.6	0.8	
3.2	52.4	13.1	15.5	
5.7	45.1	18.0	22.9	
-6.6	35.2	-1.7	18.0	
-6.6	40.1	35.2	5.7	
8.2	52.4	35.2	3.2	
-1.7	37.7	50.0	-9.1	
0.8	32.8	25.4	3.2	
-4.1	32.8	15.5	3.2	
-1.7	35.2	-41.0	0.8	
0.8	27.8	-63.2	3.2	
-1.7	13.1	-14.0	5.7	
-4.1	32.8	8.2	3.2	
-9.1	25.4	45.1	8.2	
-6.6	32.8	20.5	0.8	
-9.1	30.3	104.1	5.7	
-23.8	40.1	128.7	-1.7	
-33.7	42.6	106.6	5.7	
-28.7	37.7	30.3	0.8	
-18.9	27.8	0.8	13.1	
-4.1	22.9	-21.4	5.7	
30.3	40.1	27.8	5.7	
64.7	37.7	42.6	22.9	
50.0	40.1	57.4	15.5	
13.1	52.4	13.1	10.6	
-31.2	40.1	-6.6	10.6	
35.2	52.4	-14.0	22.9	
72.1	59.8	8.2	18.0	
62.3	42.6	13.1	13.1	
45.1	32.8	-4.1	22.9	
50.0	37.7	-31.2	8.2	
37.7	37.7	-77.9	8.2	
-9.1	27.8	-33.7	10.6	
-11.5	30.3	59.8	15.5	
-1.7	35.2	74.6	15.5	
0.8	35.2	22.9	13.1	
25.4	37.7	45.1	10.6	
13.1	35.2	15.5	10.6	
-16.4	35.2	3.2	3.2	
-18.9	32.8	-18.9	3.2	
-9.1	35.2	-33.7	13.1	
8.2	40.1	-1.7	18.0	
15.5	52.4	37.7	15.5	
-11.5	47.5	54.9	18.0	
-28.7	57.4	35.2	13.1	
-26.3	50.0	15.5	10.6	
-16.4	54.9	35.2	5.7	
-63.2	40.1	40.1	10.6	
-90.2	25.4	35.2	-4.1	
-85.3	18.0	37.7	-1.7	
-4.1	27.8	47.5	15.5	
79.5	35.2	-11.5	20.5	
123.8	40.1	18.0	5.7	
91.8	45.1	-16.4	10.6	
99.2	20.5	18.0	-1.7	
84.4	30.3	22.9	-1.7	
37.7	42.6	37.7	-11.5	
18.0	37.7	35.2	5.7	
-14.0	30.3	35.2	5.7	
-16.4	35.2	0.8	3.2	
-16.4	42.6	-23.8	22.9	
10.6	32.8	-28.7	10.6	
13.1	35.2	-53.3	-1.7	
0.8	27.8	-107.5	15.5	
-16.4	30.3	-65.6	13.1	
-6.6	27.8	-36.1	5.7	
-4.1	27.8	13.1	10.6	
0.8	18.0	25.4	-1.7	
25.4	25.4	25.4	5.7	
40.1	15.5	20.5	0.8	
37.7	5.7	72.1	-11.5	
25.4	18.0	118.9	-16.4	
32.8	32.8	109.0	-9.1	
25.4	37.7	42.6	-4.1	
22.9	40.1	22.9	-6.6	
13.1	45.1	18.0	-4.1	
13.1	50.0	40.1	-9.1	
-6.6	37.7	0.8	-1.7	
-1.7	20.5	-53.3	3.2	
-4.1	35.2	-80.4	-11.5	
13.1	18.0	-58.3	-4.1	
18.0	30.3	-18.9	-4.1	
-23.8	40.1	18.0	-9.1	
-18.9	32.8	5.7	-6.6	
-16.4	25.4	20.5	0.8	
-18.9	22.9	8.2	0.8	
20.5	35.2	-31.2	-14.0	
25.4	40.1	-87.8	-1.7	
18.0	27.8	-68.1	5.7	
22.9	37.7	-6.6	3.2	
22.9	40.1	45.1	5.7	
20.5	42.6	42.6	5.7	
25.4	54.9	50.0	18.0	
15.5	42.6	69.7	15.5	
30.3	50.0	-38.6	-1.7	
20.5	54.9	-26.3	3.2	
40.1	57.4	37.7	0.8	
59.8	40.1	82.0	5.7	
35.2	52.4	111.5	0.8	
20.5	45.1	104.1	10.6	
25.4	32.8	160.7	18.0	
22.9	37.7	136.1	8.2	
0.8	40.1	69.7	15.5	
-9.1	37.7	18.0	13.1	
15.5	35.2	-16.4	8.2	
8.2	35.2	-26.3	0.8	
-9.1	45.1	-14.0	13.1	
-9.1	18.0	-36.1	10.6	
15.5	0.8	-82.9	5.7	
32.8	-21.4	-48.4	10.6	
30.3	-6.6	-6.6	3.2	
20.5	-4.1	59.8	5.7	
8.2	-21.4	25.4	5.7	
10.6	-9.1	27.8	0.8	
0.8	5.7	32.8	-1.7	
-6.6	-6.6	-23.8	-1.7	
-1.7	0.8	-36.1	3.2	
-28.7	0.8	-41.0	-16.4	
-53.3	-1.7	-21.4	0.8	
-11.5	5.7	-18.9	-9.1	
-6.6	5.7	-11.5	0.8	
-16.4	10.6	15.5	0.8	
-33.7	27.8	22.9	-6.6	
25.4	27.8	8.2	3.2	
79.5	30.3	25.4	0.8	
77.0	15.5	42.6	5.7	
47.5	15.5	59.8	0.8	
37.7	22.9	54.9	0.8	
10.6	18.0	42.6	-1.7	
3.2	27.8	35.2	10.6	
15.5	32.8	-68.1	-6.6	
47.5	15.5	-26.3	3.2	
42.6	27.8	-46.0	0.8	
32.8	25.4	-97.6	0.8	
5.7	22.9	-85.3	5.7	
15.5	20.5	-4.1	-4.1	
10.6	13.1	-21.4	-1.7	
3.2	13.1	-16.4	-1.7	
10.6	10.6	50.0	5.7	
-4.1	-6.6	109.0	-9.1	
-6.6	-6.6	136.1	5.7	
-1.7	-4.1	141.0	-1.7	
13.1	3.2	170.5	3.2	
27.8	-26.3	126.2	3.2	
3.2	-9.1	10.6	0.8	
-1.7	-26.3	-134.5	-1.7	
22.9	-14.0	-144.4	-1.7	
37.7	-28.7	-87.8	-14.0	
27.8	-4.1	-73.0	-9.1	
18.0	-16.4	-85.3	3.2	
22.9	-6.6	-18.9	0.8	
30.3	-9.1	32.8	3.2	
40.1	-1.7	30.3	0.8	
37.7	-1.7	35.2	-4.1	
35.2	-9.1	20.5	5.7	
5.7	-21.4	25.4	3.2	
-11.5	-6.6	59.8	5.7	
3.2	-11.5	62.3	3.2	
-4.1	5.7	27.8	-11.5	
-9.1	8.2	-21.4	15.5	
22.9	5.7	-77.9	15.5	
35.2	18.0	-161.6	18.0	
18.0	32.8	-107.5	30.3	
5.7	32.8	-18.9	18.0	
-16.4	40.1	22.9	8.2	
-28.7	40.1	30.3	13.1	
-36.1	37.7	67.2	18.0	
-31.2	52.4	109.0	15.5	
0.8	42.6	123.8	18.0	
22.9	42.6	77.0	25.4	
50.0	57.4	-9.1	20.5	
82.0	47.5	-55.8	32.8	
47.5	57.4	-26.3	18.0	
47.5	47.5	0.8	8.2	
32.8	50.0	-21.4	-4.1	
37.7	52.4	-28.7	18.0	
13.1	50.0	-1.7	3.2	
5.7	32.8	54.9	3.2	
-4.1	42.6	52.4	15.5	
-11.5	42.6	116.4	20.5	
-26.3	52.4	91.8	8.2	
-31.2	45.1	27.8	-1.7	
-18.9	37.7	-70.6	-1.7	
-6.6	37.7	-70.6	0.8	
20.5	45.1	32.8	-4.1	
30.3	35.2	50.0	-6.6	
50.0	27.8	40.1	-1.7	
32.8	30.3	45.1	-1.7	
27.8	18.0	79.5	-6.6	
40.1	8.2	89.3	-4.1	
42.6	-1.7	74.6	-4.1	
47.5	-6.6	-43.5	0.8	
32.8	8.2	-183.7	13.1	
30.3	-4.1	-124.7	8.2	
37.7	3.2	-80.4	0.8	
30.3	0.8	-53.3	5.7	
10.6	0.8	-48.4	-4.1	
13.1	8.2	5.7	8.2	
20.5	5.7	3.2	10.6	
35.2	13.1	42.6	5.7	
40.1	30.3	62.3	5.7	
5.7	37.7	52.4	5.7	
-14.0	15.5	35.2	0.8	
-9.1	27.8	13.1	3.2	
8.2	15.5	-41.0	-1.7	
15.5	18.0	15.5	-14.0	
37.7	10.6	79.5	5.7	
27.8	25.4	50.0	25.4	
20.5	15.5	57.4	15.5	
15.5	35.2	27.8	3.2	
5.7	25.4	8.2	-1.7	
-1.7	30.3	35.2	-4.1	
-1.7	27.8	-9.1	8.2	
-6.6	40.1	-82.9	5.7	
-9.1	30.3	-53.3	-4.1	
0.8	20.5	13.1	-11.5	
25.4	25.4	94.3	3.2	
22.9	32.8	52.4	-11.5	
25.4	35.2	-18.9	-6.6	
37.7	40.1	-21.4	5.7	
15.5	40.1	-6.6	5.7	
27.8	32.8	-38.6	-11.5	
18.0	35.2	-31.2	-4.1	
18.0	62.3	-36.1	5.7	
10.6	45.1	-1.7	-6.6	
-1.7	45.1	109.0	0.8	
3.2	50.0	150.8	10.6	
15.5	45.1	143.5	-4.1	
8.2	45.1	118.9	-4.1	
-11.5	52.4	50.0	-1.7	
0.8	47.5	-11.5	-1.7	
0.8	42.6	-73.0	18.0	
18.0	45.1	-92.7	5.7	
35.2	40.1	-156.7	8.2	
37.7	45.1	-127.1	-4.1	
-1.7	45.1	-23.8	3.2	
-16.4	27.8	-63.2	3.2	
-46.0	22.9	-122.2	-4.1	
-63.2	20.5	-85.3	-4.1	
-60.7	10.6	-26.3	8.2	
0.8	13.1	-6.6	-4.1	
52.4	22.9	30.3	-6.6	
79.5	18.0	54.9	-9.1	
8.2	30.3	67.2	-1.7	
-23.8	15.5	20.5	10.6	
-18.9	18.0	37.7	-6.6	
50.0	25.4	47.5	8.2	
89.3	27.8	50.0	-4.1	
72.1	32.8	27.8	5.7	
54.9	22.9	8.2	-1.7	
54.9	27.8	18.0	-6.6	
99.2	32.8	-9.1	3.2	
84.4	35.2	-46.0	5.7	
20.5	35.2	20.5	5.7	
0.8	35.2	3.2	5.7	
10.6	35.2	30.3	0.8	
25.4	42.6	42.6	-11.5	
32.8	37.7	57.4	-1.7	
25.4	32.8	30.3	5.7	
0.8	37.7	25.4	5.7	
-26.3	27.8	20.5	3.2	
-4.1	35.2	64.7	5.7	
8.2	40.1	50.0	5.7	
22.9	42.6	-1.7	8.2	
5.7	40.1	-36.1	-1.7	
3.2	47.5	-70.6	3.2	
3.2	52.4	-70.6	-9.1	
15.5	40.1	-4.1	-11.5	
32.8	45.1	30.3	-1.7	
25.4	54.9	18.0	5.7	
18.0	37.7	0.8	-1.7	
15.5	50.0	-33.7	3.2	
20.5	32.8	-11.5	8.2	
5.7	35.2	32.8	-4.1	
8.2	25.4	136.1	0.8	
-4.1	40.1	113.9	-14.0	
-6.6	40.1	42.6	-1.7	
0.8	35.2	-9.1	8.2	
-1.7	27.8	-28.7	3.2	
-1.7	35.2	-4.1	10.6	
-1.7	27.8	-14.0	-6.6	
-1.7	32.8	-14.0	3.2	
18.0	32.8	-90.2	0.8	
18.0	32.8	-95.2	-1.7	
20.5	32.8	-33.7	5.7	
-6.6	30.3	-11.5	3.2	
-4.1	30.3	-1.7	3.2	
-6.6	32.8	22.9	0.8	
-4.1	27.8	91.8	5.7	
5.7	35.2	94.3	-9.1	
-1.7	32.8	54.9	3.2	
-21.4	32.8	32.8	0.8	
-11.5	35.2	22.9	5.7	
-1.7	30.3	22.9	-4.1	
-6.6	32.8	18.0	5.7	
18.0	35.2	-16.4	0.8	
64.7	35.2	-92.7	8.2	
32.8	35.2	-65.6	8.2	
18.0	30.3	-55.8	8.2	
22.9	27.8	-55.8	-4.1	
22.9	20.5	-63.2	-1.7	
30.3	18.0	-38.6	10.6	
40.1	22.9	-50.9	5.7	
27.8	13.1	-16.4	-1.7	
3.2	13.1	84.4	0.8	
-4.1	-4.1	165.6	5.7	
-1.7	5.7	136.1	3.2	
20.5	0.8	59.8	8.2	
42.6	-4.1	126.2	-4.1	
32.8	-4.1	173.0	8.2	
25.4	15.5	190.2	-4.1	
18.0	32.8	138.5	-1.7	
27.8	32.8	32.8	-11.5	
25.4	35.2	-48.4	-9.1	
13.1	30.3	-21.4	0.8	
15.5	37.7	-87.8	-6.6	
-9.1	32.8	-164.0	0.8	
-1.7	18.0	-149.3	-1.7	
18.0	20.5	-114.8	5.7	
18.0	30.3	-60.7	5.7	
-1.7	35.2	-28.7	0.8	
-6.6	32.8	-33.7	-6.6	
30.3	22.9	-36.1	-4.1	
42.6	27.8	-36.1	-6.6	
10.6	37.7	-16.4	-6.6	
27.8	47.5	-14.0	-1.7	
35.2	45.1	-18.9	0.8	
20.5	45.1	-4.1	-16.4	
30.3	42.6	13.1	-9.1	
69.7	20.5	40.1	3.2	
64.7	22.9	3.2	5.7	
52.4	15.5	5.7	13.1	
22.9	18.0	-16.4	15.5	
10.6	25.4	15.5	8.2	
37.7	15.5	42.6	-4.1	
30.3	18.0	84.4	0.8	
30.3	18.0	82.0	-4.1	
20.5	35.2	52.4	3.2	
3.2	37.7	82.0	8.2	
-4.1	32.8	37.7	-9.1	
-4.1	32.8	0.8	-1.7	
-9.1	27.8	-31.2	3.2	
-18.9	35.2	-9.1	5.7	
-1.7	22.9	-41.0	0.8	
18.0	27.8	22.9	-1.7	
32.8	20.5	15.5	5.7	
8.2	10.6	-41.0	5.7	
-11.5	20.5	-100.1	22.9	
8.2	22.9	-50.9	13.1	
35.2	32.8	18.0	8.2	
57.4	37.7	20.5	0.8	
47.5	13.1	74.6	-1.7	
32.8	10.6	-14.0	0.8	
27.8	5.7	-11.5	0.8	
18.0	13.1	15.5	13.1	
35.2	25.4	89.3	13.1	
22.9	30.3	77.0	13.1	
22.9	37.7	106.6	13.1	
20.5	50.0	64.7	10.6	
3.2	42.6	59.8	-4.1	
18.0	37.7	-46.0	-6.6	
27.8	47.5	-132.1	-1.7	
15.5	45.1	-134.5	5.7	
-4.1	20.5	-87.8	13.1	
-14.0	45.1	-90.2	5.7	
-6.6	77.0	-85.3	-4.1	
22.9	52.4	-58.3	3.2	
59.8	45.1	-48.4	8.2	
62.3	47.5	3.2	-1.7	
42.6	47.5	59.8	8.2	
15.5	50.0	47.5	8.2	
10.6	25.4	113.9	5.7	
18.0	3.2	89.3	0.8	
25.4	-14.0	32.8	10.6	
18.0	-16.4	13.1	-6.6	
10.6	-6.6	-18.9	5.7	
20.5	8.2	-55.8	8.2	
25.4	0.8	54.9	0.8	
18.0	10.6	126.2	3.2	
22.9	8.2	118.9	13.1	
18.0	10.6	69.7	3.2	
3.2	18.0	15.5	-9.1	
-4.1	13.1	-1.7	15.5	
-6.6	18.0	-28.7	10.6	
0.8	8.2	-21.4	5.7	
-6.6	8.2	-63.2	3.2	
18.0	0.8	-28.7	5.7	
40.1	3.2	-50.9	8.2	
25.4	-1.7	-77.9	-9.1	
3.2	-1.7	-38.6	8.2	
-11.5	5.7	-9.1	-4.1	
-4.1	22.9	13.1	3.2	
5.7	13.1	22.9	-4.1	
5.7	27.8	5.7	-4.1	
3.2	35.2	-16.4	5.7	
-21.4	37.7	3.2	3.2	
-43.5	30.3	82.0	5.7	
-53.3	22.9	126.2	3.2	
-50.9	25.4	104.1	-4.1	
-23.8	10.6	59.8	-9.1	
3.2	10.6	5.7	-1.7	
69.7	18.0	-21.4	-4.1	
118.9	47.5	-46.0	-9.1	
86.9	40.1	-80.4	-4.1	
67.2	57.4	-109.9	5.7	
47.5	57.4	-92.7	3.2	
32.8	52.4	-38.6	3.2	
18.0	47.5	15.5	-4.1	
8.2	50.0	-18.9	5.7	
-4.1	67.2	-73.0	8.2	
0.8	59.8	-33.7	-4.1	
-1.7	67.2	-6.6	3.2	
-16.4	67.2	18.0	0.8	
-21.4	67.2	77.0	0.8	
-28.7	59.8	54.9	3.2	
-23.8	57.4	64.7	3.2	
-31.2	45.1	82.0	-1.7	
-14.0	69.7	72.1	13.1	
-1.7	62.3	99.2	10.6	
0.8	50.0	-41.0	-6.6	
10.6	62.3	-60.7	8.2	
-11.5	47.5	-1.7	13.1	
3.2	40.1	-38.6	-4.1	
8.2	35.2	-92.7	0.8	
18.0	45.1	-46.0	3.2	
32.8	47.5	59.8	3.2	
35.2	42.6	69.7	0.8	
50.0	35.2	25.4	-6.6	
57.4	27.8	-21.4	8.2	
47.5	18.0	-53.3	-4.1	
27.8	8.2	-31.2	15.5	
22.9	5.7	-18.9	8.2	
18.0	15.5	-16.4	5.7	
-4.1	27.8	-36.1	8.2	
0.8	15.5	-23.8	13.1	
-4.1	18.0	59.8	8.2	
-1.7	40.1	37.7	13.1	
-4.1	37.7	32.8	8.2	
-9.1	30.3	5.7	-1.7	
-11.5	32.8	-6.6	3.2	
-11.5	42.6	-14.0	10.6	
5.7	37.7	0.8	8.2	
30.3	18.0	-21.4	-6.6	
37.7	-14.0	0.8	-4.1	
64.7	-11.5	50.0	0.8	
42.6	-14.0	99.2	13.1	
18.0	3.2	69.7	-4.1	
3.2	5.7	52.4	3.2	
-18.9	5.7	37.7	0.8	
-18.9	32.8	13.1	3.2	
-4.1	67.2	-28.7	5.7	
13.1	86.9	-68.1	-6.6	
13.1	69.7	-60.7	3.2	
5.7	40.1	0.8	5.7	
-1.7	40.1	-1.7	8.2	
5.7	37.7	-11.5	0.8	
18.0	27.8	-26.3	13.1	
27.8	25.4	-6.6	18.0	
20.5	25.4	-9.1	15.5	
30.3	35.2	13.1	18.0	
37.7	35.2	40.1	-1.7	
42.6	30.3	62.3	0.8	
47.5	35.2	27.8	-1.7	
15.5	42.6	15.5	0.8	
27.8	47.5	40.1	10.6	
18.0	40.1	86.9	-4.1	
8.2	40.1	30.3	10.6	
5.7	42.6	-75.5	13.1	
0.8	37.7	-50.9	20.5	
-4.1	25.4	-9.1	15.5	
5.7	25.4	-14.0	15.5	
5.7	20.5	57.4	0.8	
-18.9	22.9	86.9	5.7	
-23.8	22.9	64.7	5.7	
-21.4	10.6	113.9	15.5	
-1.7	5.7	133.6	5.7	
10.6	5.7	69.7	18.0	
18.0	13.1	-65.6	8.2	
25.4	5.7	-134.5	10.6	
27.8	20.5	-129.6	8.2	
45.1	37.7	-55.8	3.2	
32.8	37.7	-11.5	5.7	
30.3	35.2	-26.3	13.1	
50.0	37.7	-41.0	18.0	
42.6	47.5	-80.4	0.8	
40.1	22.9	-50.9	-9.1	
20.5	25.4	-6.6	3.2	
-1.7	25.4	42.6	-1.7	
20.5	40.1	8.2	-4.1	
30.3	32.8	5.7	-11.5	
42.6	42.6	18.0	-6.6	
37.7	25.4	37.7	-1.7	
20.5	37.7	40.1	0.8	
20.5	35.2	42.6	5.7	
35.2	50.0	82.0	-6.6	
45.1	30.3	104.1	-1.7	
15.5	18.0	74.6	-9.1	
18.0	35.2	13.1	5.7	
37.7	37.7	-85.3	0.8	
18.0	20.5	-109.9	5.7	
-21.4	25.4	-77.9	-6.6	
-23.8	45.1	-63.2	0.8	
-11.5	37.7	-26.3	0.8	
13.1	47.5	15.5	-1.7	
37.7	40.1	35.2	-1.7	
13.1	45.1	15.5	0.8	
-4.1	35.2	22.9	-1.7	
0.8	45.1	-18.9	0.8	
10.6	37.7	-33.7	-4.1	
-1.7	40.1	18.0	5.7	
-6.6	27.8	52.4	0.8	
-1.7	40.1	5.7	-1.7	
-14.0	42.6	-11.5	5.7	
-1.7	37.7	45.1	0.8	
8.2	45.1	109.0	-1.7	
5.7	32.8	69.7	-4.1	
10.6	40.1	40.1	-1.7	
22.9	32.8	32.8	-1.7	
52.4	22.9	30.3	8.2	
72.1	32.8	57.4	-1.7	
74.6	37.7	62.3	3.2	
18.0	45.1	32.8	-4.1	
-16.4	35.2	37.7	-4.1	
-31.2	37.7	20.5	8.2	
-11.5	37.7	35.2	8.2	
-9.1	32.8	40.1	-9.1	
18.0	25.4	62.3	13.1	
32.8	37.7	50.0	13.1	
18.0	18.0	57.4	5.7	
27.8	35.2	-11.5	5.7	
30.3	20.5	-33.7	13.1	
-1.7	30.3	-23.8	18.0	
5.7	27.8	-58.3	15.5	
8.2	32.8	-48.4	10.6	
20.5	32.8	-75.5	10.6	
15.5	32.8	-55.8	-1.7	
-16.4	35.2	-23.8	-4.1	
-31.2	40.1	3.2	-6.6	
0.8	30.3	47.5	3.2	
27.8	32.8	67.2	-1.7	
42.6	37.7	35.2	0.8	
30.3	35.2	-26.3	0.8	
35.2	30.3	22.9	-1.7	
35.2	15.5	47.5	0.8	
30.3	22.9	10.6	-11.5	
22.9	25.4	27.8	5.7	
18.0	13.1	113.9	5.7	
5.7	13.1	91.8	3.2	
10.6	25.4	35.2	5.7	
13.1	25.4	-18.9	-1.7	
18.0	18.0	-21.4	8.2	
5.7	22.9	-65.6	-4.1	
5.7	20.5	-105.0	0.8	
-6.6	3.2	-92.7	3.2	
8.2	22.9	-70.6	3.2	
3.2	32.8	10.6	0.8	
13.1	27.8	37.7	15.5	
15.5	35.2	27.8	5.7	
13.1	25.4	91.8	5.7	
-1.7	15.5	138.5	13.1	
-14.0	22.9	89.3	13.1	
0.8	35.2	-38.6	5.7	
-4.1	37.7	-176.3	8.2	
-4.1	18.0	-92.7	10.6	
-33.7	15.5	-63.2	-1.7	
-26.3	-1.7	-43.5	5.7	
18.0	3.2	-9.1	18.0	
32.8	13.1	-11.5	13.1	
25.4	13.1	-31.2	15.5	
35.2	13.1	35.2	18.0	
50.0	8.2	27.8	25.4	
54.9	18.0	0.8	18.0	
64.7	20.5	18.0	25.4	
54.9	25.4	37.7	13.1	
37.7	30.3	32.8	20.5	
8.2	25.4	57.4	15.5	
-1.7	35.2	45.1	15.5	
-1.7	37.7	40.1	22.9	
13.1	40.1	35.2	25.4	
40.1	37.7	15.5	13.1	
40.1	40.1	5.7	25.4	
35.2	32.8	-36.1	15.5	
15.5	35.2	-33.7	10.6	
3.2	42.6	-33.7	0.8	
-18.9	30.3	-26.3	-9.1	
8.2	47.5	-14.0	-1.7	
15.5	35.2	25.4	3.2	
20.5	50.0	62.3	-4.1	
18.0	27.8	84.4	0.8	
0.8	27.8	89.3	0.8	
3.2	20.5	47.5	3.2	
8.2	18.0	40.1	0.8	
13.1	5.7	8.2	8.2	
47.5	10.6	-9.1	5.7	
52.4	5.7	8.2	-1.7	
45.1	15.5	-28.7	5.7	
15.5	20.5	-11.5	5.7	
13.1	27.8	13.1	0.8	
13.1	27.8	57.4	10.6	
15.5	35.2	109.0	5.7	
3.2	32.8	52.4	10.6	
3.2	37.7	10.6	0.8	
10.6	22.9	-9.1	-4.1	
-4.1	25.4	-60.7	-1.7	
18.0	13.1	-33.7	-1.7	
18.0	32.8	35.2	3.2	
22.9	20.5	42.6	10.6	
32.8	18.0	45.1	-1.7	
25.4	22.9	27.8	-4.1	
32.8	37.7	50.0	-1.7	
35.2	50.0	3.2	0.8	
20.5	30.3	-31.2	0.8	
30.3	32.8	-95.2	-4.1	
37.7	47.5	-46.0	3.2	
18.0	35.2	-1.7	-1.7	
-4.1	25.4	35.2	3.2	
-4.1	22.9	45.1	10.6	
-1.7	37.7	27.8	8.2	
5.7	40.1	-55.8	0.8	
0.8	42.6	-31.2	-1.7	
-6.6	45.1	35.2	-4.1	
-18.9	57.4	-58.3	-4.1	
3.2	50.0	-159.1	5.7	
18.0	57.4	-87.8	8.2	
-14.0	67.2	-1.7	-1.7	
-1.7	67.2	96.7	5.7	
3.2	54.9	77.0	-1.7	
0.8	45.1	35.2	0.8	
15.5	25.4	15.5	-1.7	
5.7	25.4	40.1	-4.1	
5.7	20.5	52.4	3.2	
27.8	37.7	8.2	-1.7	
57.4	50.0	-28.7	0.8	
59.8	50.0	5.7	0.8	
50.0	32.8	32.8	-1.7	
27.8	42.6	40.1	3.2	
-6.6	30.3	86.9	-1.7	
-6.6	30.3	123.8	3.2	
5.7	22.9	155.8	-1.7	
35.2	22.9	91.8	-6.6	
37.7	20.5	22.9	-1.7	
18.0	20.5	-73.0	5.7	
-1.7	10.6	-127.1	13.1	
-9.1	5.7	-97.6	5.7	
5.7	0.8	-114.8	8.2	
27.8	18.0	-154.2	-4.1	
42.6	32.8	-70.6	5.7	
13.1	32.8	25.4	-1.7	
15.5	37.7	37.7	-9.1	
18.0	37.7	-6.6	-6.6	
-6.6	52.4	-41.0	-4.1	
-26.3	27.8	-23.8	-4.1	
-50.9	35.2	15.5	5.7	
-43.5	30.3	79.5	0.8	
-6.6	20.5	106.6	-6.6	
40.1	20.5	40.1	5.7	
77.0	20.5	-21.4	-1.7	
54.9	20.5	-28.7	-4.1	
62.3	18.0	10.6	-1.7	
42.6	20.5	67.2	-6.6	
47.5	32.8	30.3	-1.7	
47.5	40.1	-16.4	-6.6	
20.5	30.3	-4.1	3.2	
5.7	37.7	42.6	8.2	
-1.7	42.6	72.1	-14.0	
8.2	15.5	121.3	-14.0	
-18.9	10.6	84.4	-18.9	
-14.0	5.7	-53.3	3.2	
13.1	13.1	-134.5	-4.1	
25.4	25.4	-60.7	3.2	
32.8	30.3	-43.5	8.2	
50.0	32.8	-21.4	3.2	
40.1	35.2	-41.0	3.2	
25.4	40.1	-18.9	-1.7	
13.1	45.1	27.8	-6.6	
0.8	42.6	40.1	-1.7	
8.2	47.5	15.5	-6.6	
3.2	27.8	-9.1	-4.1	
-23.8	22.9	0.8	3.2	
-23.8	27.8	-6.6	-1.7	
-11.5	25.4	3.2	-4.1	
-18.9	22.9	-9.1	13.1	
-21.4	27.8	0.8	8.2	
18.0	13.1	-11.5	8.2	
40.1	15.5	-46.0	-9.1	
50.0	25.4	-68.1	8.2	
50.0	25.4	-82.9	0.8	
59.8	18.0	-18.9	10.6	
64.7	18.0	89.3	5.7	
40.1	13.1	128.7	-1.7	
27.8	15.5	104.1	-6.6	
8.2	15.5	64.7	5.7	
-11.5	10.6	18.0	3.2	
-11.5	10.6	25.4	-1.7	
-14.0	8.2	47.5	-1.7	
-6.6	22.9	40.1	3.2	
15.5	25.4	18.0	8.2	
18.0	27.8	3.2	10.6	
18.0	40.1	-1.7	-1.7	
18.0	45.1	-6.6	-4.1	
25.4	35.2	-4.1	-1.7	
25.4	32.8	22.9	18.0	
18.0	37.7	35.2	13.1	
3.2	25.4	15.5	10.6	
-23.8	35.2	-28.7	25.4	
-28.7	35.2	-41.0	8.2	
-48.4	37.7	-23.8	-16.4	
-14.0	22.9	-4.1	-1.7	
18.0	30.3	-33.7	-14.0	
59.8	32.8	-11.5	-4.1	
79.5	32.8	-11.5	0.8	
116.4	45.1	30.3	15.5	
104.1	35.2	82.0	3.2	
45.1	32.8	104.1	-14.0	
-4.1	32.8	99.2	-14.0	
-6.6	37.7	67.2	-4.1	
-38.6	27.8	0.8	3.2	
-41.0	32.8	22.9	-6.6	
-48.4	32.8	-28.7	0.8	
-48.4	30.3	-73.0	0.8	
-18.9	30.3	-85.3	-1.7	
27.8	25.4	-55.8	0.8	
69.7	20.5	10.6	5.7	
79.5	25.4	74.6	8.2	
111.5	25.4	67.2	-11.5	
82.0	5.7	35.2	15.5	
50.0	18.0	13.1	5.7	
45.1	8.2	-23.8	-1.7	
42.6	10.6	0.8	0.8	
40.1	15.5	25.4	10.6	
20.5	18.0	35.2	0.8	
13.1	15.5	20.5	8.2	
18.0	18.0	72.1	0.8	
0.8	10.6	101.6	5.7	
5.7	18.0	72.1	10.6	
18.0	18.0	27.8	-1.7	
18.0	15.5	-1.7	0.8	
18.0	15.5	-60.7	-11.5	
3.2	22.9	-68.1	-6.6	
-14.0	10.6	-58.3	-1.7	
-4.1	5.7	-85.3	-1.7	
-16.4	3.2	-149.3	8.2	
-4.1	5.7	-107.5	-1.7	
-11.5	25.4	-26.3	-1.7	
15.5	10.6	-6.6	-11.5	
5.7	18.0	3.2	-14.0	
0.8	8.2	69.7	-4.1	
15.5	18.0	84.4	-14.0	
32.8	18.0	57.4	-4.1	
35.2	8.2	-68.1	-6.6	
37.7	15.5	-68.1	-4.1	
32.8	20.5	-46.0	3.2	
25.4	18.0	13.1	0.8	
32.8	10.6	8.2	-6.6	
32.8	13.1	-1.7	3.2	
20.5	18.0	-9.1	-6.6	
27.8	5.7	0.8	0.8	
22.9	5.7	62.3	-9.1	
15.5	5.7	54.9	0.8	
22.9	10.6	10.6	15.5	
15.5	-4.1	-1.7	-6.6	
8.2	5.7	10.6	-9.1	
15.5	-4.1	-58.3	-6.6	
18.0	5.7	-33.7	-9.1	
25.4	0.8	-28.7	-9.1	
20.5	8.2	22.9	-11.5	
-4.1	5.7	25.4	25.4	
18.0	8.2	-16.4	32.8	
20.5	20.5	-9.1	20.5	
25.4	30.3	-1.7	13.1	
25.4	35.2	18.0	13.1	
5.7	30.3	25.4	5.7	
-18.9	37.7	27.8	-4.1	
-48.4	52.4	0.8	0.8	
-38.6	45.1	-1.7	13.1	
-11.5	45.1	5.7	10.6	
5.7	47.5	27.8	-4.1	
20.5	45.1	13.1	-9.1	
8.2	42.6	40.1	-14.0	
20.5	40.1	64.7	-26.3	
69.7	47.5	20.5	-1.7	
77.0	59.8	-26.3	30.3	
84.4	62.3	-28.7	25.4	
18.0	57.4	-28.7	18.0	
-4.1	54.9	-18.9	3.2	
18.0	64.7	-21.4	3.2	
72.1	47.5	10.6	-4.1	
101.6	47.5	-38.6	-16.4	
86.9	45.1	-50.9	-14.0	
50.0	50.0	-18.9	13.1	
15.5	42.6	0.8	30.3	
20.5	42.6	18.0	20.5	
37.7	32.8	32.8	18.0	
32.8	40.1	79.5	-6.6	
5.7	40.1	109.0	15.5	
-6.6	47.5	180.4	13.1	
-4.1	47.5	182.8	0.8	
-14.0	47.5	84.4	-4.1	
-21.4	52.4	40.1	3.2	
13.1	54.9	25.4	5.7	
54.9	37.7	5.7	0.8	
59.8	54.9	-58.3	-9.1	
5.7	40.1	-119.8	0.8	
-14.0	45.1	-107.5	-1.7	
-6.6	40.1	-159.1	-14.0	
10.6	40.1	-53.3	-4.1	
-6.6	40.1	13.1	3.2	
-16.4	40.1	5.7	3.2	
5.7	37.7	0.8	10.6	
13.1	35.2	47.5	-14.0	
32.8	30.3	42.6	-14.0	
22.9	25.4	32.8	-6.6	
5.7	25.4	18.0	3.2	
0.8	35.2	-11.5	5.7	
18.0	30.3	-1.7	3.2	
37.7	35.2	10.6	-1.7	
37.7	25.4	13.1	-4.1	
32.8	25.4	15.5	-4.1	
18.0	32.8	-6.6	3.2	
32.8	32.8	-18.9	-14.0	
32.8	27.8	5.7	5.7	
20.5	37.7	25.4	8.2	
8.2	35.2	-9.1	8.2	
13.1	45.1	-26.3	10.6	
20.5	40.1	-21.4	5.7	
22.9	25.4	-21.4	0.8	
30.3	42.6	-33.7	3.2	
54.9	25.4	-46.0	5.7	
45.1	32.8	-28.7	15.5	
25.4	45.1	0.8	13.1	
15.5	27.8	52.4	10.6	
27.8	37.7	69.7	-1.7	
25.4	45.1	74.6	0.8	
8.2	42.6	109.0	5.7	
-14.0	45.1	84.4	5.7	
-11.5	40.1	50.0	5.7	
-4.1	47.5	5.7	13.1	
-1.7	42.6	-50.9	15.5	
5.7	37.7	-53.3	5.7	
-4.1	40.1	-38.6	0.8	
5.7	35.2	-36.1	5.7	
35.2	47.5	-23.8	3.2	
52.4	45.1	-26.3	10.6	
67.2	37.7	40.1	22.9	
74.6	47.5	59.8	22.9	
47.5	22.9	86.9	18.0	
40.1	25.4	86.9	18.0	
32.8	42.6	64.7	20.5	
15.5	35.2	86.9	10.6	
-9.1	35.2	3.2	8.2	
-6.6	42.6	-205.9	5.7	
0.8	37.7	-215.7	3.2	
20.5	42.6	-156.7	5.7	
25.4	37.7	-73.0	-6.6	
-26.3	57.4	-31.2	0.8	
-33.7	37.7	-16.4	-6.6	
-18.9	37.7	35.2	-6.6	
22.9	8.2	59.8	0.8	
62.3	15.5	79.5	5.7	
45.1	20.5	72.1	5.7	
18.0	27.8	84.4	-11.5	
30.3	32.8	57.4	3.2	
20.5	32.8	37.7	3.2	
-4.1	30.3	54.9	-1.7	
-9.1	30.3	72.1	0.8	
5.7	30.3	32.8	5.7	
15.5	32.8	67.2	-4.1	
20.5	30.3	89.3	-14.0	
10.6	40.1	32.8	3.2	
-14.0	27.8	-77.9	13.1	
-6.6	32.8	-100.1	13.1	
0.8	27.8	-109.9	13.1	
-1.7	30.3	-33.7	18.0	
8.2	22.9	-4.1	18.0	
8.2	20.5	15.5	3.2	
22.9	27.8	45.1	8.2	
18.0	22.9	22.9	-1.7	
15.5	42.6	3.2	5.7	
0.8	47.5	3.2	10.6	
-18.9	37.7	-16.4	13.1	
-4.1	37.7	-28.7	18.0	
8.2	37.7	-1.7	10.6	
18.0	45.1	-26.3	-6.6	
52.4	40.1	-1.7	3.2	
35.2	37.7	35.2	5.7	
22.9	47.5	40.1	8.2	
22.9	35.2	30.3	10.6	
37.7	30.3	74.6	10.6	
10.6	37.7	101.6	5.7	
10.6	32.8	79.5	3.2	
3.2	45.1	84.4	0.8	
0.8	32.8	67.2	10.6	
-4.1	30.3	5.7	8.2	
-14.0	35.2	-26.3	-9.1	
-9.1	40.1	-31.2	8.2	
22.9	37.7	-65.6	0.8	
42.6	35.2	-36.1	3.2	
15.5	37.7	-41.0	5.7	
-1.7	47.5	-36.1	-4.1	
18.0	42.6	-48.4	3.2	
22.9	32.8	-14.0	8.2	
35.2	37.7	-4.1	18.0	
64.7	37.7	3.2	5.7	
89.3	27.8	-4.1	5.7	
59.8	30.3	-28.7	3.2	
32.8	30.3	-82.9	10.6	
30.3	27.8	-50.9	10.6	
25.4	18.0	-9.1	0.8	
25.4	27.8	5.7	5.7	
32.8	22.9	0.8	-6.6	
25.4	32.8	-36.1	-1.7	
5.7	20.5	-23.8	-9.1	
5.7	30.3	-33.7	-4.1	
-16.4	22.9	-68.1	-1.7	
0.8	27.8	-53.3	-1.7	
10.6	32.8	-9.1	18.0	
35.2	27.8	-16.4	13.1	
37.7	30.3	25.4	15.5	
22.9	42.6	52.4	5.7	
10.6	27.8	77.0	3.2	
5.7	32.8	77.0	5.7	
13.1	45.1	99.2	13.1	
-1.7	45.1	165.6	8.2	
-1.7	27.8	163.1	-6.6	
13.1	40.1	86.9	-1.7	
10.6	32.8	18.0	-1.7	
13.1	30.3	-18.9	3.2	
3.2	35.2	-65.6	-1.7	
0.8	27.8	-127.1	0.8	
45.1	27.8	-151.7	-1.7	
59.8	27.8	-55.8	-4.1	
25.4	40.1	-63.2	-1.7	
-1.7	40.1	52.4	-1.7	
-36.1	42.6	113.9	-1.7	
-28.7	30.3	99.2	-1.7	
-4.1	35.2	-1.7	-1.7	
13.1	25.4	-36.1	0.8	
30.3	18.0	-9.1	5.7	
37.7	40.1	5.7	0.8	
25.4	22.9	-70.6	0.8	
25.4	27.8	-75.5	8.2	
30.3	32.8	-11.5	-6.6	
37.7	25.4	-23.8	0.8	
3.2	25.4	77.0	-1.7	
-18.9	25.4	62.3	-1.7	
-14.0	25.4	30.3	-4.1	
-9.1	30.3	5.7	3.2	
-21.4	37.7	15.5	-1.7	
10.6	22.9	8.2	18.0	
35.2	32.8	-117.3	10.6	
40.1	30.3	-85.3	8.2	
47.5	32.8	-16.4	3.2	
35.2	32.8	-21.4	-4.1	
52.4	27.8	-36.1	13.1	
37.7	25.4	-31.2	5.7	
30.3	27.8	3.2	10.6	
37.7	32.8	35.2	5.7	
13.1	37.7	15.5	8.2	
-11.5	32.8	-1.7	3.2	
-31.2	32.8	22.9	8.2	
-21.4	22.9	37.7	-1.7	
10.6	32.8	-4.1	0.8	
20.5	22.9	5.7	10.6	
32.8	27.8	47.5	-1.7	
20.5	35.2	27.8	3.2	
-9.1	20.5	5.7	8.2	
-23.8	32.8	13.1	13.1	
-11.5	25.4	35.2	15.5	
-21.4	25.4	45.1	8.2	
-31.2	25.4	25.4	5.7	
-4.1	22.9	42.6	3.2	
64.7	35.2	20.5	0.8	
109.0	15.5	5.7	8.2	
101.6	32.8	-14.0	5.7	
77.0	30.3	-41.0	15.5	
42.6	35.2	15.5	8.2	
15.5	30.3	20.5	-1.7	
22.9	30.3	8.2	-4.1	
42.6	37.7	57.4	-4.1	
32.8	42.6	82.0	13.1	
10.6	42.6	111.5	8.2	
0.8	30.3	138.5	-14.0	
13.1	30.3	106.6	-9.1	
27.8	47.5	62.3	0.8	
20.5	32.8	-4.1	0.8	
13.1	37.7	-28.7	0.8	
25.4	35.2	-129.6	8.2	
27.8	35.2	-151.7	0.8	
20.5	40.1	-122.2	-4.1	
-1.7	30.3	-112.4	3.2	
-11.5	30.3	-70.6	-4.1	
0.8	27.8	-77.9	-4.1	
-11.5	22.9	-53.3	0.8	
-16.4	18.0	-26.3	0.8	
-1.7	15.5	30.3	-6.6	
0.8	22.9	82.0	0.8	
18.0	10.6	52.4	0.8	
22.9	13.1	32.8	-1.7	
25.4	13.1	15.5	3.2	
42.6	10.6	3.2	-1.7	
15.5	-9.1	-9.1	3.2	
13.1	-1.7	-90.2	0.8	
-1.7	5.7	-87.8	3.2	
-6.6	3.2	-11.5	18.0	
0.8	-1.7	-1.7	15.5	
13.1	0.8	32.8	0.8	
22.9	0.8	59.8	-1.7	
27.8	0.8	82.0	3.2	
18.0	8.2	84.4	5.7	
-1.7	5.7	74.6	3.2	
3.2	5.7	37.7	-4.1	
0.8	8.2	3.2	-16.4	
8.2	15.5	5.7	-4.1	
3.2	32.8	79.5	0.8	
-31.2	37.7	96.7	3.2	
-48.4	35.2	84.4	0.8	
-23.8	35.2	82.0	3.2	
25.4	32.8	104.1	-1.7	
69.7	18.0	104.1	3.2	
77.0	15.5	0.8	3.2	
42.6	27.8	-92.7	-6.6	
27.8	42.6	-100.1	3.2	
15.5	45.1	-53.3	-1.7	
30.3	57.4	-55.8	-9.1	
13.1	47.5	-95.2	18.0	
0.8	62.3	-46.0	3.2	
-1.7	52.4	5.7	18.0	
3.2	57.4	-50.9	18.0	
15.5	64.7	-48.4	5.7	
32.8	67.2	-36.1	3.2	
32.8	74.6	-14.0	5.7	
13.1	67.2	-18.9	3.2	
20.5	64.7	15.5	-6.6	
22.9	69.7	3.2	-4.1	
18.0	69.7	-41.0	-6.6	
-1.7	54.9	-48.4	-1.7	
-14.0	62.3	-18.9	0.8	
-31.2	62.3	-1.7	5.7	
-11.5	45.1	-1.7	3.2	
-23.8	50.0	3.2	18.0	
-9.1	52.4	15.5	3.2	
32.8	52.4	57.4	5.7	
50.0	35.2	40.1	5.7	
37.7	47.5	18.0	-6.6	
-4.1	40.1	-33.7	3.2	
0.8	42.6	-60.7	-1.7	
13.1	37.7	-46.0	-6.6	
32.8	30.3	-41.0	0.8	
37.7	32.8	13.1	8.2	
47.5	32.8	109.0	18.0	
57.4	40.1	118.9	5.7	
59.8	22.9	126.2	5.7	
69.7	30.3	27.8	8.2	
32.8	32.8	-38.6	8.2	
-11.5	30.3	-87.8	-9.1	
-9.1	30.3	-33.7	3.2	
-9.1	22.9	0.8	-1.7	
8.2	25.4	-14.0	10.6	
42.6	20.5	10.6	3.2	
67.2	25.4	37.7	0.8	
59.8	32.8	69.7	-6.6	
35.2	5.7	47.5	0.8	
-4.1	20.5	5.7	0.8	
27.8	25.4	54.9	5.7	
67.2	20.5	47.5	5.7	
64.7	18.0	10.6	0.8	
22.9	20.5	27.8	-1.7	
-21.4	10.6	35.2	10.6	
-16.4	10.6	22.9	3.2	
0.8	27.8	-14.0	3.2	
30.3	35.2	-41.0	15.5	
67.2	40.1	-53.3	15.5	
62.3	20.5	-16.4	-4.1	
86.9	27.8	5.7	0.8	
79.5	22.9	-43.5	5.7	
13.1	27.8	-60.7	0.8	
0.8	20.5	-48.4	13.1	
3.2	22.9	-26.3	15.5	
18.0	27.8	-11.5	18.0	
15.5	27.8	-50.9	20.5	
20.5	25.4	-48.4	8.2	
27.8	27.8	-58.3	5.7	
42.6	22.9	-38.6	-4.1	
25.4	30.3	-1.7	8.2	
20.5	37.7	42.6	3.2	
40.1	25.4	50.0	0.8	
42.6	32.8	64.7	-4.1	
10.6	30.3	99.2	3.2	
-60.7	35.2	45.1	0.8	
-60.7	18.0	5.7	5.7	
-33.7	30.3	0.8	0.8	
-4.1	27.8	25.4	8.2	
30.3	25.4	42.6	5.7	
54.9	32.8	30.3	5.7	
52.4	18.0	64.7	0.8	
32.8	27.8	52.4	-1.7	
25.4	30.3	18.0	10.6	
5.7	27.8	5.7	8.2	
27.8	37.7	5.7	0.8	
42.6	22.9	54.9	8.2	
10.6	30.3	54.9	3.2	
-18.9	30.3	77.0	5.7	
-1.7	35.2	67.2	-1.7	
27.8	35.2	25.4	0.8	
32.8	32.8	25.4	10.6	
25.4	35.2	54.9	3.2	
22.9	22.9	8.2	3.2	
22.9	40.1	-171.4	-1.7	
25.4	32.8	-154.2	10.6	
10.6	25.4	-23.8	8.2	
3.2	42.6	3.2	0.8	
15.5	40.1	25.4	5.7	
22.9	42.6	-43.5	0.8	
8.2	27.8	-70.6	15.5	
8.2	42.6	-18.9	10.6	
20.5	27.8	50.0	5.7	
5.7	35.2	25.4	10.6	
10.6	27.8	-6.6	18.0	
18.0	25.4	-31.2	10.6	
20.5	25.4	-87.8	8.2	
15.5	22.9	-151.7	0.8	
8.2	10.6	-124.7	0.8	
10.6	13.1	-68.1	-11.5	
5.7	40.1	15.5	5.7	
0.8	47.5	47.5	8.2	
5.7	22.9	27.8	3.2	
-4.1	27.8	59.8	10.6	
-23.8	35.2	45.1	3.2	
-6.6	35.2	22.9	13.1	
3.2	27.8	8.2	20.5	
10.6	32.8	8.2	8.2	
15.5	35.2	42.6	13.1	
35.2	35.2	72.1	18.0	
27.8	35.2	64.7	20.5	
32.8	37.7	22.9	0.8	
72.1	40.1	5.7	3.2	
59.8	35.2	-43.5	-1.7	
27.8	37.7	-117.3	0.8	
32.8	35.2	-23.8	-1.7	
40.1	37.7	22.9	8.2	
35.2	32.8	52.4	8.2	
25.4	20.5	25.4	18.0	
27.8	18.0	5.7	3.2	
30.3	37.7	-9.1	-1.7	
27.8	30.3	-9.1	3.2	
10.6	50.0	-21.4	-1.7	
20.5	35.2	-9.1	22.9	
25.4	30.3	0.8	15.5	
25.4	27.8	82.0	3.2	
22.9	30.3	77.0	0.8	
15.5	35.2	64.7	-1.7	
13.1	30.3	40.1	13.1	
25.4	35.2	8.2	25.4	
20.5	40.1	-65.6	10.6	
22.9	40.1	-109.9	8.2	
20.5	37.7	-18.9	5.7	
5.7	40.1	-23.8	8.2	
-41.0	35.2	-63.2	15.5	
-48.4	47.5	3.2	15.5	
-21.4	37.7	-6.6	8.2	
-1.7	37.7	-60.7	0.8	
35.2	42.6	-70.6	8.2	
52.4	40.1	-4.1	5.7	
62.3	40.1	101.6	8.2	
30.3	32.8	153.3	3.2	
25.4	27.8	64.7	13.1	
54.9	40.1	40.1	3.2	
57.4	32.8	45.1	3.2	
20.5	37.7	18.0	15.5	
10.6	32.8	-18.9	8.2	
5.7	35.2	40.1	13.1	
27.8	30.3	40.1	8.2	
45.1	30.3	15.5	-4.1	
54.9	47.5	-1.7	5.7	
13.1	35.2	15.5	5.7	
13.1	32.8	22.9	8.2	
22.9	37.7	-21.4	5.7	
37.7	35.2	-33.7	8.2	
22.9	30.3	-4.1	0.8	
18.0	27.8	35.2	0.8	
-1.7	32.8	67.2	-4.1	
-21.4	25.4	35.2	3.2	
-6.6	37.7	45.1	3.2	
40.1	32.8	84.4	-1.7	
54.9	30.3	25.4	22.9	
30.3	40.1	8.2	3.2	
-6.6	32.8	-43.5	10.6	
-11.5	35.2	0.8	3.2	
27.8	30.3	74.6	-4.1	
79.5	27.8	8.2	5.7	
77.0	27.8	-97.6	-4.1	
59.8	25.4	-119.8	13.1	
64.7	25.4	-68.1	22.9	
64.7	32.8	-26.3	0.8	
45.1	32.8	-87.8	5.7	
18.0	42.6	-144.4	5.7	
20.5	37.7	-68.1	5.7	
3.2	35.2	-1.7	5.7	
5.7	10.6	0.8	10.6	
5.7	18.0	27.8	0.8	
22.9	27.8	40.1	-1.7	
22.9	18.0	15.5	10.6	
32.8	25.4	22.9	-4.1	
13.1	32.8	25.4	10.6	
8.2	18.0	57.4	5.7	
5.7	32.8	40.1	10.6	
-4.1	30.3	3.2	5.7	
-26.3	25.4	-9.1	3.2	
-18.9	22.9	-18.9	8.2	
-21.4	27.8	-21.4	3.2	
-6.6	8.2	10.6	-4.1	
37.7	27.8	13.1	10.6	
47.5	35.2	10.6	0.8	
59.8	27.8	-53.3	5.7	
54.9	18.0	-60.7	0.8	
54.9	25.4	-58.3	5.7	
37.7	27.8	-16.4	8.2	
18.0	15.5	5.7	3.2	
5.7	27.8	-21.4	10.6	
3.2	27.8	-11.5	5.7	
0.8	32.8	18.0	15.5	
5.7	18.0	35.2	5.7	
13.1	25.4	69.7	13.1	
27.8	20.5	30.3	15.5	
15.5	20.5	-9.1	13.1	
8.2	25.4	54.9	15.5	
15.5	27.8	59.8	10.6	
3.2	30.3	37.7	-14.0	
-4.1	32.8	54.9	3.2	
-1.7	37.7	0.8	-11.5	
0.8	32.8	-9.1	0.8	
13.1	30.3	47.5	8.2	
18.0	25.4	25.4	0.8	
18.0	37.7	-9.1	13.1	
25.4	27.8	37.7	18.0	
22.9	45.1	91.8	15.5	
5.7	42.6	116.4	5.7	
-1.7	52.4	30.3	-6.6	
15.5	47.5	-68.1	10.6	
18.0	35.2	-68.1	0.8	
32.8	52.4	-31.2	0.8	
37.7	32.8	-28.7	5.7	
32.8	54.9	-6.6	0.8	
18.0	45.1	35.2	-1.7	
8.2	37.7	40.1	8.2	
27.8	47.5	47.5	3.2	
64.7	50.0	22.9	0.8	
42.6	42.6	-16.4	0.8	
37.7	37.7	-1.7	3.2	
13.1	30.3	25.4	-1.7	
22.9	37.7	22.9	-1.7	
18.0	35.2	18.0	15.5	
37.7	22.9	-4.1	3.2	
25.4	32.8	-60.7	10.6	
-1.7	25.4	15.5	0.8	
-11.5	32.8	-6.6	8.2	
5.7	32.8	5.7	10.6	
5.7	32.8	-9.1	5.7	
30.3	32.8	20.5	8.2	
-4.1	32.8	-6.6	8.2	
8.2	27.8	-23.8	8.2	
8.2	30.3	-9.1	8.2	
20.5	32.8	-6.6	5.7	
67.2	25.4	-9.1	5.7	
74.6	32.8	-18.9	0.8	
52.4	32.8	35.2	0.8	
40.1	30.3	15.5	3.2	
-6.6	27.8	57.4	10.6	
-14.0	22.9	57.4	3.2	
3.2	27.8	91.8	0.8	
-6.6	37.7	57.4	5.7	
18.0	37.7	15.5	8.2	
37.7	47.5	20.5	5.7	
32.8	32.8	-6.6	5.7	
32.8	35.2	0.8	0.8	
35.2	37.7	40.1	-4.1	
27.8	30.3	-33.7	10.6	
18.0	32.8	-60.7	5.7	
15.5	22.9	-23.8	20.5	
22.9	22.9	-26.3	5.7	
25.4	15.5	-21.4	0.8	
47.5	15.5	-26.3	5.7	
47.5	18.0	-63.2	5.7	
35.2	32.8	-87.8	3.2	
15.5	15.5	-14.0	13.1	
25.4	25.4	59.8	8.2	
8.2	30.3	128.7	10.6	
15.5	22.9	106.6	-4.1	
25.4	30.3	59.8	-1.7	
30.3	30.3	69.7	0.8	
40.1	22.9	62.3	-4.1	
37.7	18.0	27.8	10.6	
42.6	32.8	-36.1	5.7	
5.7	18.0	-173.9	0.8	
-1.7	35.2	-223.1	8.2	
-6.6	27.8	-137.0	0.8	
-14.0	25.4	-53.3	3.2	
-14.0	15.5	-58.3	5.7	
-21.4	20.5	-77.9	-4.1	
-16.4	30.3	-6.6	-1.7	
32.8	10.6	-43.5	5.7	
45.1	22.9	-4.1	5.7	
57.4	45.1	126.2	5.7	
0.8	35.2	113.9	3.2	
-26.3	35.2	89.3	0.8	
-11.5	35.2	84.4	5.7	
32.8	8.2	111.5	-1.7	
62.3	18.0	143.5	5.7	
59.8	32.8	128.7	-9.1	
32.8	32.8	131.2	15.5	
32.8	27.8	22.9	13.1	
50.0	20.5	-46.0	22.9	
42.6	25.4	-63.2	27.8	
25.4	30.3	-55.8	15.5	
20.5	30.3	-109.9	25.4	
15.5	20.5	-77.9	22.9	
0.8	35.2	-50.9	22.9	
15.5	32.8	-26.3	8.2	
15.5	32.8	-21.4	-1.7	
5.7	32.8	-23.8	8.2	
8.2	27.8	-6.6	5.7	
18.0	22.9	-80.4	-1.7	
22.9	35.2	-48.4	5.7	
27.8	27.8	-46.0	5.7	
47.5	27.8	-26.3	5.7	
45.1	37.7	45.1	5.7	
20.5	45.1	20.5	5.7	
-16.4	37.7	27.8	15.5	
-23.8	37.7	67.2	15.5	
-18.9	37.7	101.6	8.2	
0.8	37.7	74.6	0.8	
69.7	30.3	35.2	-1.7	
