sensor1	sensor2	sensor3	sensor4	
62.3	197.6	25.4	27.8	
54.9	168.1	30.3	15.5	
42.6	148.4	13.1	20.5	
37.7	126.2	13.1	3.2	
42.6	131.2	-1.7	0.8	
42.6	121.3	3.2	-6.6	
45.1	131.2	13.1	-6.6	
52.4	96.7	15.5	-4.1	
54.9	67.2	18.0	-6.6	
50.0	62.3	-9.1	-1.7	
54.9	32.8	-18.9	-14.0	
35.2	35.2	-1.7	8.2	
20.5	27.8	-1.7	3.2	
13.1	13.1	18.0	13.1	
15.5	67.2	20.5	18.0	
32.8	40.1	15.5	25.4	
52.4	62.3	13.1	18.0	
69.7	32.8	22.9	10.6	
57.4	15.5	-16.4	22.9	
52.4	-18.9	-14.0	18.0	
40.1	-11.5	-26.3	20.5	
35.2	-107.5	-4.1	20.5	
40.1	-205.9	-4.1	18.0	
96.7	-306.7	-43.5	18.0	
123.8	-247.7	-36.1	5.7	
116.4	-6.6	-4.1	15.5	
148.4	59.8	18.0	18.0	
163.1	50.0	30.3	15.5	
121.3	-92.7	25.4	30.3	
121.3	94.3	22.9	54.9	
77.0	-6.6	15.5	69.7	
42.6	-205.9	10.6	64.7	
20.5	-43.5	-4.1	35.2	
-4.1	-6.6	-4.1	-38.6	
-41.0	-188.6	-6.6	5.7	
-41.0	0.8	8.2	20.5	
-33.7	13.1	15.5	-4.1	
-16.4	27.8	20.5	-55.8	
25.4	37.7	15.5	-28.7	
20.5	27.8	15.5	45.1	
15.5	25.4	15.5	30.3	
18.0	45.1	20.5	-33.7	
22.9	25.4	20.5	-105.0	
25.4	8.2	13.1	-43.5	
22.9	-14.0	13.1	-26.3	
3.2	37.7	10.6	-18.9	
-9.1	37.7	3.2	-4.1	
18.0	25.4	18.0	-11.5	
25.4	57.4	10.6	-31.2	
25.4	35.2	-1.7	-16.4	
25.4	54.9	8.2	3.2	
27.8	62.3	10.6	-9.1	
32.8	35.2	13.1	5.7	
22.9	30.3	-4.1	-1.7	
15.5	37.7	10.6	-14.0	
8.2	57.4	15.5	0.8	
-9.1	57.4	15.5	13.1	
-11.5	40.1	20.5	22.9	
0.8	47.5	22.9	-1.7	
-16.4	45.1	27.8	5.7	
-6.6	45.1	27.8	8.2	
5.7	77.0	40.1	-1.7	
-1.7	54.9	20.5	-4.1	
3.2	52.4	30.3	15.5	
-4.1	20.5	20.5	40.1	
15.5	5.7	22.9	30.3	
10.6	42.6	18.0	32.8	
3.2	35.2	15.5	32.8	
10.6	64.7	13.1	30.3	
10.6	69.7	25.4	8.2	
18.0	32.8	10.6	8.2	
22.9	32.8	10.6	15.5	
37.7	50.0	8.2	25.4	
42.6	64.7	-1.7	22.9	
37.7	27.8	13.1	22.9	
37.7	54.9	20.5	20.5	
35.2	40.1	25.4	22.9	
37.7	54.9	15.5	8.2	
30.3	42.6	25.4	13.1	
30.3	27.8	35.2	27.8	
42.6	47.5	27.8	35.2	
35.2	45.1	27.8	45.1	
30.3	5.7	15.5	77.0	
20.5	3.2	27.8	101.6	
40.1	18.0	15.5	77.0	
32.8	20.5	3.2	0.8	
25.4	13.1	8.2	-60.7	
20.5	15.5	15.5	-58.3	
13.1	8.2	22.9	-33.7	
25.4	-6.6	27.8	-23.8	
27.8	10.6	8.2	0.8	
22.9	-18.9	8.2	25.4	
22.9	3.2	3.2	64.7	
10.6	-6.6	13.1	-9.1	
8.2	32.8	22.9	-31.2	
-4.1	8.2	18.0	-70.6	
8.2	-18.9	10.6	-55.8	
3.2	0.8	0.8	-48.4	
10.6	-18.9	5.7	-26.3	
15.5	-23.8	25.4	-11.5	
20.5	-26.3	40.1	-1.7	
40.1	-43.5	27.8	18.0	
42.6	-1.7	74.6	-21.4	
40.1	-9.1	104.1	-23.8	
52.4	-68.1	64.7	-9.1	
57.4	-41.0	-77.9	-18.9	
52.4	-63.2	-154.2	-21.4	
52.4	-14.0	-105.0	-6.6	
77.0	-28.7	-46.0	3.2	
72.1	-23.8	-9.1	-1.7	
72.1	-38.6	20.5	-4.1	
77.0	-9.1	27.8	-4.1	
69.7	-4.1	18.0	-1.7	
57.4	35.2	8.2	3.2	
50.0	-4.1	3.2	8.2	
62.3	-33.7	3.2	22.9	
52.4	-11.5	-4.1	22.9	
37.7	40.1	10.6	20.5	
42.6	-14.0	8.2	22.9	
54.9	-31.2	8.2	27.8	
59.8	3.2	10.6	22.9	
64.7	-592.1	25.4	15.5	
47.5	-267.4	15.5	5.7	
57.4	-31.2	3.2	3.2	
40.1	74.6	-6.6	15.5	
47.5	10.6	3.2	25.4	
25.4	131.2	18.0	18.0	
27.8	190.2	20.5	22.9	
20.5	143.5	25.4	8.2	
35.2	320.6	20.5	13.1	
35.2	40.1	15.5	20.5	
42.6	175.4	8.2	18.0	
35.2	18.0	10.6	8.2	
20.5	13.1	10.6	3.2	
13.1	-53.3	-9.1	0.8	
18.0	30.3	0.8	18.0	
20.5	64.7	8.2	8.2	
40.1	62.3	10.6	10.6	
35.2	45.1	0.8	8.2	
25.4	69.7	5.7	-6.6	
18.0	62.3	0.8	-9.1	
25.4	3.2	0.8	-9.1	
27.8	47.5	3.2	8.2	
20.5	35.2	3.2	5.7	
27.8	13.1	-4.1	22.9	
25.4	37.7	-1.7	8.2	
30.3	-1.7	-1.7	13.1	
25.4	-1.7	-1.7	20.5	
35.2	-1.7	8.2	8.2	
27.8	-26.3	0.8	3.2	
32.8	32.8	13.1	18.0	
42.6	47.5	5.7	30.3	
40.1	5.7	5.7	37.7	
32.8	27.8	18.0	35.2	
30.3	8.2	18.0	20.5	
42.6	-26.3	15.5	32.8	
50.0	-23.8	35.2	22.9	
35.2	-4.1	30.3	8.2	
47.5	22.9	40.1	-16.4	
40.1	27.8	22.9	-53.3	
54.9	-16.4	25.4	-43.5	
45.1	5.7	22.9	0.8	
52.4	-26.3	15.5	22.9	
45.1	27.8	18.0	22.9	
27.8	5.7	5.7	30.3	
42.6	-33.7	0.8	30.3	
27.8	13.1	3.2	15.5	
35.2	-41.0	5.7	27.8	
27.8	-16.4	15.5	22.9	
40.1	-16.4	37.7	22.9	
25.4	-11.5	35.2	27.8	
20.5	25.4	13.1	25.4	
8.2	-21.4	13.1	20.5	
-4.1	8.2	8.2	18.0	
-11.5	0.8	20.5	22.9	
-1.7	18.0	27.8	22.9	
5.7	13.1	18.0	20.5	
3.2	10.6	15.5	5.7	
3.2	22.9	8.2	5.7	
5.7	-60.7	-1.7	20.5	
8.2	-16.4	5.7	15.5	
5.7	-28.7	-4.1	22.9	
5.7	-11.5	-4.1	13.1	
13.1	-33.7	-6.6	22.9	
13.1	5.7	-4.1	40.1	
-4.1	-4.1	0.8	52.4	
10.6	8.2	-1.7	47.5	
8.2	-1.7	-14.0	52.4	
0.8	0.8	-6.6	72.1	
-9.1	25.4	0.8	52.4	
-16.4	35.2	-1.7	25.4	
-11.5	27.8	3.2	-23.8	
-16.4	13.1	-4.1	-60.7	
-14.0	35.2	0.8	-33.7	
-4.1	25.4	3.2	-18.9	
5.7	54.9	18.0	-18.9	
8.2	32.8	18.0	-87.8	
0.8	35.2	18.0	-75.5	
-1.7	35.2	-1.7	-16.4	
-1.7	35.2	-1.7	-1.7	
0.8	67.2	-6.6	-14.0	
-9.1	67.2	0.8	-33.7	
3.2	27.8	-6.6	-14.0	
0.8	32.8	10.6	-14.0	
0.8	40.1	0.8	0.8	
-4.1	52.4	15.5	8.2	
10.6	47.5	32.8	18.0	
15.5	37.7	-1.7	8.2	
35.2	52.4	-26.3	13.1	
20.5	27.8	-23.8	18.0	
37.7	3.2	-21.4	13.1	
30.3	62.3	-1.7	15.5	
25.4	27.8	-4.1	8.2	
30.3	30.3	-4.1	10.6	
27.8	13.1	3.2	20.5	
25.4	40.1	0.8	22.9	
35.2	30.3	-4.1	15.5	
37.7	74.6	5.7	20.5	
40.1	47.5	25.4	18.0	
27.8	5.7	30.3	18.0	
13.1	25.4	32.8	15.5	
20.5	30.3	30.3	22.9	
27.8	145.9	10.6	27.8	
18.0	-16.4	5.7	22.9	
20.5	-188.6	-9.1	-1.7	
0.8	18.0	-4.1	5.7	
0.8	-181.3	-4.1	8.2	
8.2	-171.4	15.5	18.0	
-4.1	106.6	40.1	18.0	
8.2	-14.0	45.1	13.1	
8.2	143.5	45.1	15.5	
13.1	-95.2	20.5	13.1	
15.5	5.7	-36.1	0.8	
10.6	84.4	-50.9	-4.1	
0.8	-208.3	-65.6	0.8	
-6.6	0.8	-23.8	5.7	
0.8	35.2	13.1	-11.5	
-1.7	45.1	10.6	-6.6	
-4.1	59.8	-18.9	5.7	
0.8	22.9	-11.5	0.8	
13.1	77.0	0.8	-1.7	
20.5	64.7	10.6	-1.7	
22.9	57.4	40.1	0.8	
18.0	54.9	35.2	15.5	
15.5	47.5	30.3	8.2	
10.6	20.5	35.2	3.2	
8.2	22.9	27.8	8.2	
18.0	40.1	22.9	5.7	
20.5	37.7	18.0	0.8	
45.1	42.6	20.5	-1.7	
52.4	32.8	18.0	0.8	
59.8	42.6	20.5	0.8	
35.2	54.9	18.0	-4.1	
42.6	22.9	25.4	8.2	
27.8	22.9	30.3	3.2	
30.3	64.7	30.3	10.6	
30.3	52.4	20.5	-9.1	
40.1	35.2	15.5	-11.5	
27.8	59.8	32.8	-6.6	
27.8	64.7	30.3	8.2	
18.0	0.8	20.5	10.6	
25.4	50.0	18.0	15.5	
40.1	27.8	22.9	35.2	
79.5	13.1	25.4	30.3	
64.7	0.8	15.5	10.6	
52.4	18.0	10.6	-26.3	
32.8	30.3	18.0	-60.7	
25.4	30.3	5.7	-23.8	
8.2	-1.7	0.8	10.6	
-4.1	27.8	0.8	10.6	
-18.9	15.5	-9.1	5.7	
3.2	13.1	-11.5	-14.0	
15.5	20.5	-11.5	-11.5	
8.2	22.9	0.8	3.2	
-21.4	13.1	5.7	-1.7	
-23.8	25.4	-6.6	8.2	
-28.7	-11.5	8.2	5.7	
-26.3	27.8	3.2	8.2	
5.7	-11.5	8.2	3.2	
10.6	8.2	13.1	8.2	
5.7	25.4	27.8	13.1	
22.9	27.8	30.3	8.2	
35.2	32.8	22.9	13.1	
27.8	10.6	8.2	13.1	
10.6	30.3	22.9	10.6	
-4.1	32.8	47.5	10.6	
18.0	50.0	18.0	8.2	
13.1	3.2	-41.0	8.2	
0.8	0.8	-63.2	3.2	
-1.7	37.7	-23.8	0.8	
0.8	47.5	-21.4	8.2	
13.1	5.7	8.2	13.1	
8.2	52.4	25.4	13.1	
-18.9	50.0	62.3	25.4	
-43.5	54.9	47.5	27.8	
-46.0	30.3	13.1	18.0	
-26.3	72.1	-16.4	18.0	
-23.8	52.4	-28.7	5.7	
-18.9	42.6	-6.6	-1.7	
-6.6	10.6	25.4	-6.6	
-16.4	25.4	20.5	-1.7	
-14.0	42.6	18.0	-11.5	
22.9	35.2	22.9	-4.1	
32.8	54.9	25.4	10.6	
47.5	45.1	27.8	18.0	
52.4	47.5	5.7	40.1	
62.3	35.2	5.7	67.2	
40.1	35.2	25.4	64.7	
32.8	77.0	30.3	18.0	
30.3	62.3	32.8	-33.7	
22.9	54.9	30.3	-18.9	
22.9	57.4	32.8	20.5	
18.0	57.4	37.7	62.3	
-6.6	91.8	35.2	45.1	
-16.4	69.7	22.9	30.3	
-23.8	67.2	22.9	-9.1	
-23.8	30.3	27.8	-18.9	
-23.8	54.9	20.5	-11.5	
-31.2	47.5	3.2	-31.2	
-1.7	52.4	8.2	3.2	
3.2	35.2	5.7	-1.7	
-6.6	-87.8	-1.7	-1.7	
-6.6	-90.2	5.7	-4.1	
0.8	234.5	0.8	-14.0	
-4.1	-28.7	18.0	5.7	
-4.1	-70.6	0.8	-1.7	
-9.1	197.6	-1.7	5.7	
3.2	212.3	-14.0	15.5	
-9.1	-178.8	3.2	18.0	
-4.1	-41.0	5.7	27.8	
0.8	77.0	-4.1	25.4	
-4.1	-9.1	-4.1	20.5	
-11.5	-18.9	-1.7	27.8	
-18.9	64.7	-4.1	18.0	
-9.1	-269.8	-6.6	18.0	
8.2	35.2	-11.5	25.4	
13.1	50.0	-4.1	30.3	
-11.5	50.0	-1.7	42.6	
-28.7	27.8	-1.7	27.8	
-36.1	64.7	0.8	20.5	
-9.1	47.5	-4.1	18.0	
25.4	62.3	-6.6	10.6	
30.3	50.0	-6.6	8.2	
-21.4	50.0	-6.6	15.5	
-80.4	15.5	-11.5	-1.7	
-112.4	74.6	-1.7	0.8	
-55.8	32.8	-14.0	0.8	
-4.1	45.1	-14.0	-6.6	
5.7	27.8	-1.7	10.6	
20.5	25.4	-16.4	3.2	
52.4	27.8	-23.8	3.2	
37.7	57.4	-16.4	10.6	
10.6	42.6	-38.6	5.7	
-28.7	18.0	-18.9	-4.1	
-50.9	0.8	-9.1	3.2	
-16.4	18.0	13.1	0.8	
77.0	57.4	42.6	-1.7	
47.5	22.9	35.2	-4.1	
79.5	47.5	35.2	3.2	
101.6	25.4	25.4	8.2	
96.7	-4.1	25.4	15.5	
69.7	32.8	22.9	37.7	
5.7	18.0	18.0	20.5	
37.7	57.4	18.0	27.8	
111.5	25.4	20.5	8.2	
118.9	52.4	25.4	-1.7	
69.7	32.8	20.5	10.6	
37.7	45.1	20.5	20.5	
50.0	42.6	22.9	27.8	
13.1	52.4	20.5	20.5	
-1.7	20.5	0.8	22.9	
-38.6	35.2	-4.1	22.9	
-77.9	13.1	-1.7	22.9	
-82.9	0.8	0.8	35.2	
-68.1	40.1	0.8	40.1	
-80.4	40.1	-4.1	37.7	
-109.9	18.0	10.6	27.8	
-119.8	22.9	5.7	8.2	
-109.9	35.2	0.8	0.8	
-105.0	3.2	-11.5	3.2	
-109.9	15.5	-6.6	18.0	
-80.4	18.0	-6.6	45.1	
-73.0	47.5	5.7	54.9	
-60.7	59.8	-16.4	50.0	
-50.9	54.9	-14.0	18.0	
-33.7	25.4	-16.4	8.2	
-26.3	10.6	-14.0	-28.7	
-18.9	-28.7	-26.3	-28.7	
-18.9	-28.7	-11.5	-18.9	
-6.6	-14.0	-11.5	-4.1	
0.8	0.8	8.2	15.5	
-1.7	-31.2	-4.1	5.7	
5.7	13.1	-11.5	35.2	
18.0	45.1	-4.1	5.7	
20.5	20.5	10.6	-18.9	
15.5	-14.0	-9.1	-38.6	
27.8	-28.7	-9.1	-9.1	
22.9	-11.5	-6.6	8.2	
20.5	-26.3	-4.1	13.1	
0.8	42.6	-14.0	10.6	
15.5	0.8	-16.4	10.6	
18.0	0.8	-33.7	27.8	
20.5	22.9	-16.4	32.8	
5.7	8.2	-11.5	37.7	
15.5	-4.1	-1.7	22.9	
8.2	45.1	-1.7	25.4	
13.1	-6.6	0.8	10.6	
22.9	8.2	-6.6	13.1	
13.1	59.8	5.7	15.5	
30.3	20.5	3.2	10.6	
8.2	10.6	22.9	3.2	
8.2	20.5	27.8	3.2	
0.8	52.4	25.4	5.7	
0.8	32.8	13.1	0.8	
5.7	13.1	-9.1	-9.1	
5.7	8.2	-16.4	3.2	
27.8	45.1	-16.4	10.6	
32.8	57.4	-23.8	10.6	
27.8	20.5	-43.5	5.7	
8.2	37.7	-23.8	10.6	
-16.4	77.0	0.8	15.5	
-43.5	-139.4	0.8	22.9	
-80.4	-60.7	-11.5	30.3	
-60.7	123.8	-6.6	25.4	
-28.7	-36.1	13.1	30.3	
-11.5	-112.4	20.5	22.9	
18.0	175.4	25.4	25.4	
0.8	104.1	5.7	25.4	
3.2	109.0	-4.1	18.0	
15.5	-73.0	10.6	3.2	
45.1	222.2	8.2	13.1	
67.2	13.1	13.1	20.5	
96.7	116.4	15.5	5.7	
104.1	-112.4	20.5	-1.7	
101.6	-215.7	22.9	8.2	
106.6	27.8	42.6	-16.4	
99.2	30.3	25.4	8.2	
69.7	52.4	15.5	-18.9	
67.2	57.4	20.5	8.2	
64.7	62.3	32.8	-1.7	
72.1	35.2	25.4	-28.7	
82.0	47.5	20.5	0.8	
77.0	25.4	27.8	32.8	
82.0	37.7	8.2	-4.1	
54.9	57.4	3.2	-28.7	
32.8	45.1	3.2	-1.7	
18.0	35.2	22.9	-16.4	
18.0	42.6	18.0	-14.0	
13.1	64.7	20.5	3.2	
13.1	52.4	13.1	22.9	
-14.0	35.2	15.5	37.7	
-16.4	64.7	18.0	25.4	
-6.6	62.3	5.7	8.2	
-16.4	30.3	15.5	-21.4	
-18.9	59.8	3.2	-16.4	
-1.7	62.3	13.1	8.2	
-4.1	27.8	22.9	13.1	
-11.5	15.5	22.9	22.9	
-9.1	27.8	15.5	32.8	
-21.4	8.2	25.4	45.1	
-16.4	15.5	25.4	3.2	
-26.3	-9.1	25.4	13.1	
-14.0	-9.1	20.5	5.7	
-18.9	10.6	20.5	-14.0	
-11.5	35.2	32.8	-9.1	
-21.4	62.3	30.3	0.8	
-9.1	77.0	22.9	0.8	
0.8	22.9	20.5	-1.7	
-4.1	50.0	20.5	-1.7	
15.5	32.8	27.8	10.6	
3.2	45.1	30.3	8.2	
-11.5	47.5	10.6	10.6	
-6.6	59.8	22.9	5.7	
5.7	40.1	10.6	8.2	
22.9	15.5	18.0	13.1	
18.0	0.8	22.9	18.0	
25.4	37.7	18.0	0.8	
25.4	22.9	18.0	-11.5	
22.9	35.2	25.4	-4.1	
13.1	30.3	40.1	18.0	
20.5	22.9	40.1	25.4	
15.5	42.6	32.8	37.7	
25.4	47.5	32.8	10.6	
25.4	54.9	25.4	-18.9	
8.2	52.4	25.4	-21.4	
27.8	52.4	10.6	-11.5	
18.0	62.3	13.1	8.2	
20.5	22.9	10.6	-6.6	
22.9	47.5	-6.6	-16.4	
30.3	40.1	3.2	10.6	
40.1	50.0	13.1	15.5	
20.5	45.1	15.5	25.4	
27.8	40.1	15.5	40.1	
27.8	47.5	22.9	15.5	
30.3	20.5	13.1	35.2	
18.0	42.6	10.6	27.8	
18.0	54.9	-9.1	77.0	
15.5	0.8	8.2	104.1	
22.9	15.5	0.8	62.3	
32.8	32.8	-9.1	-6.6	
37.7	50.0	-9.1	-139.4	
18.0	35.2	8.2	-90.2	
18.0	5.7	5.7	-23.8	
8.2	45.1	8.2	0.8	
25.4	37.7	15.5	22.9	
15.5	22.9	10.6	52.4	
22.9	15.5	18.0	22.9	
18.0	5.7	10.6	-28.7	
20.5	5.7	10.6	-4.1	
22.9	25.4	5.7	-9.1	
22.9	30.3	5.7	-21.4	
8.2	50.0	-11.5	-26.3	
5.7	45.1	-11.5	-38.6	
-1.7	27.8	0.8	-9.1	
-4.1	64.7	-1.7	-18.9	
3.2	45.1	-1.7	25.4	
13.1	-4.1	8.2	15.5	
13.1	-4.1	-14.0	25.4	
8.2	72.1	0.8	13.1	
15.5	37.7	8.2	13.1	
30.3	27.8	5.7	13.1	
15.5	-60.7	5.7	3.2	
15.5	128.7	-4.1	13.1	
15.5	-28.7	8.2	47.5	
-6.6	20.5	8.2	47.5	
-6.6	52.4	13.1	40.1	
-6.6	-279.7	22.9	0.8	
-1.7	79.5	18.0	-73.0	
5.7	133.6	20.5	-70.6	
25.4	54.9	22.9	-21.4	
40.1	25.4	30.3	5.7	
32.8	-11.5	30.3	37.7	
45.1	-237.8	27.8	40.1	
35.2	-90.2	25.4	15.5	
42.6	-178.8	27.8	10.6	
42.6	-4.1	18.0	10.6	
25.4	40.1	22.9	18.0	
13.1	42.6	15.5	18.0	
18.0	57.4	-6.6	-14.0	
15.5	42.6	-16.4	-18.9	
0.8	25.4	-4.1	-6.6	
-1.7	37.7	-11.5	22.9	
-4.1	30.3	-9.1	25.4	
15.5	22.9	-1.7	27.8	
40.1	20.5	-9.1	25.4	
20.5	5.7	5.7	42.6	
8.2	59.8	20.5	30.3	
-14.0	40.1	18.0	45.1	
-23.8	40.1	22.9	42.6	
3.2	25.4	20.5	57.4	
-1.7	0.8	10.6	79.5	
22.9	-6.6	13.1	104.1	
10.6	47.5	10.6	96.7	
18.0	35.2	10.6	74.6	
-6.6	67.2	-6.6	3.2	
8.2	52.4	-4.1	0.8	
0.8	50.0	-1.7	3.2	
0.8	54.9	0.8	0.8	
27.8	109.0	0.8	-23.8	
30.3	42.6	8.2	-50.9	
20.5	40.1	3.2	-50.9	
25.4	54.9	0.8	-9.1	
18.0	20.5	13.1	22.9	
22.9	18.0	13.1	35.2	
18.0	52.4	-1.7	20.5	
22.9	42.6	-18.9	-9.1	
25.4	45.1	-6.6	-28.7	
32.8	72.1	-11.5	-14.0	
35.2	30.3	-11.5	0.8	
25.4	20.5	3.2	10.6	
32.8	15.5	20.5	32.8	
37.7	18.0	-4.1	47.5	
47.5	27.8	0.8	57.4	
47.5	27.8	3.2	57.4	
52.4	20.5	-14.0	59.8	
52.4	13.1	-4.1	35.2	
45.1	47.5	8.2	-14.0	
35.2	25.4	8.2	-9.1	
35.2	40.1	5.7	18.0	
27.8	52.4	5.7	10.6	
32.8	25.4	3.2	-9.1	
47.5	-9.1	5.7	-9.1	
32.8	-14.0	5.7	20.5	
30.3	5.7	-1.7	57.4	
32.8	27.8	8.2	52.4	
22.9	45.1	8.2	40.1	
35.2	25.4	22.9	5.7	
30.3	13.1	18.0	-31.2	
30.3	47.5	18.0	-31.2	
22.9	10.6	37.7	-11.5	
20.5	13.1	20.5	-18.9	
22.9	25.4	25.4	-6.6	
22.9	37.7	18.0	5.7	
25.4	32.8	18.0	3.2	
45.1	30.3	35.2	15.5	
30.3	18.0	30.3	5.7	
37.7	-11.5	25.4	18.0	
27.8	18.0	25.4	15.5	
35.2	18.0	35.2	-1.7	
22.9	27.8	20.5	-14.0	
22.9	-6.6	18.0	5.7	
22.9	-14.0	25.4	18.0	
30.3	-14.0	10.6	27.8	
22.9	3.2	5.7	10.6	
30.3	35.2	27.8	3.2	
25.4	0.8	18.0	0.8	
18.0	15.5	8.2	22.9	
13.1	8.2	-4.1	22.9	
3.2	10.6	-9.1	-9.1	
0.8	25.4	0.8	-1.7	
8.2	25.4	3.2	20.5	
5.7	15.5	-1.7	35.2	
20.5	-6.6	-4.1	35.2	
10.6	10.6	5.7	30.3	
22.9	-1.7	-9.1	-26.3	
22.9	27.8	-11.5	-6.6	
15.5	30.3	10.6	25.4	
20.5	0.8	8.2	40.1	
20.5	8.2	5.7	40.1	
18.0	22.9	-1.7	64.7	
10.6	-6.6	-4.1	72.1	
15.5	588.7	0.8	96.7	
30.3	77.0	0.8	59.8	
20.5	286.1	0.8	-14.0	
40.1	35.2	5.7	-41.0	
42.6	150.8	-4.1	-9.1	
42.6	136.1	-14.0	59.8	
37.7	126.2	-11.5	35.2	
27.8	-70.6	-16.4	-16.4	
25.4	57.4	-16.4	-11.5	
32.8	52.4	8.2	-14.0	
25.4	-260.0	-1.7	-38.6	
18.0	-235.4	-6.6	-1.7	
8.2	153.3	8.2	42.6	
-6.6	-255.1	-1.7	67.2	
-11.5	-75.5	-9.1	32.8	
18.0	-33.7	-26.3	47.5	
22.9	-43.5	-23.8	30.3	
22.9	18.0	-18.9	25.4	
32.8	22.9	-28.7	10.6	
13.1	30.3	-31.2	10.6	
22.9	-6.6	-9.1	27.8	
18.0	3.2	-6.6	42.6	
20.5	15.5	3.2	10.6	
10.6	3.2	-4.1	-4.1	
5.7	22.9	3.2	-1.7	
3.2	-9.1	3.2	35.2	
-6.6	8.2	10.6	50.0	
-11.5	8.2	3.2	47.5	
-6.6	-6.6	13.1	45.1	
18.0	-11.5	8.2	-6.6	
50.0	35.2	-9.1	-18.9	
27.8	18.0	18.0	-1.7	
18.0	25.4	15.5	22.9	
20.5	3.2	27.8	22.9	
22.9	-28.7	25.4	10.6	
18.0	8.2	18.0	13.1	
13.1	-14.0	15.5	13.1	
10.6	0.8	25.4	5.7	
8.2	5.7	10.6	15.5	
0.8	35.2	5.7	27.8	
0.8	40.1	5.7	54.9	
-9.1	18.0	22.9	62.3	
22.9	45.1	20.5	45.1	
22.9	22.9	15.5	18.0	
15.5	18.0	13.1	-50.9	
20.5	32.8	22.9	-53.3	
22.9	22.9	15.5	-48.4	
20.5	27.8	15.5	-9.1	
22.9	27.8	0.8	5.7	
13.1	25.4	-6.6	15.5	
8.2	42.6	-1.7	42.6	
-18.9	35.2	0.8	10.6	
-1.7	25.4	10.6	-6.6	
0.8	15.5	-14.0	3.2	
22.9	40.1	-9.1	8.2	
42.6	30.3	-1.7	-1.7	
22.9	20.5	3.2	-26.3	
27.8	50.0	8.2	-18.9	
22.9	35.2	15.5	-23.8	
27.8	3.2	13.1	-1.7	
13.1	-6.6	22.9	-4.1	
22.9	40.1	32.8	-11.5	
10.6	52.4	30.3	30.3	
18.0	50.0	18.0	59.8	
20.5	25.4	15.5	40.1	
25.4	50.0	15.5	35.2	
10.6	37.7	15.5	18.0	
15.5	57.4	20.5	-18.9	
22.9	52.4	8.2	8.2	
5.7	27.8	0.8	18.0	
3.2	37.7	10.6	37.7	
-1.7	35.2	20.5	64.7	
5.7	57.4	15.5	25.4	
0.8	54.9	13.1	-21.4	
5.7	52.4	10.6	-21.4	
5.7	35.2	18.0	-41.0	
10.6	57.4	10.6	-6.6	
15.5	67.2	-1.7	27.8	
8.2	50.0	5.7	10.6	
20.5	30.3	-1.7	10.6	
25.4	37.7	0.8	15.5	
18.0	40.1	3.2	40.1	
25.4	47.5	8.2	25.4	
25.4	50.0	5.7	54.9	
27.8	50.0	-4.1	37.7	
22.9	42.6	-6.6	18.0	
25.4	40.1	-9.1	-38.6	
22.9	69.7	-1.7	3.2	
22.9	40.1	-21.4	20.5	
18.0	54.9	-23.8	35.2	
15.5	57.4	-11.5	32.8	
20.5	77.0	-9.1	42.6	
30.3	37.7	-21.4	-6.6	
27.8	62.3	3.2	15.5	
18.0	62.3	-11.5	45.1	
20.5	37.7	0.8	20.5	
5.7	69.7	0.8	50.0	
13.1	47.5	5.7	10.6	
22.9	18.0	0.8	18.0	
27.8	59.8	3.2	32.8	
20.5	123.8	13.1	20.5	
27.8	-127.1	8.2	15.5	
27.8	200.0	20.5	20.5	
13.1	-186.2	25.4	3.2	
27.8	-119.8	18.0	-23.8	
35.2	332.9	18.0	-1.7	
25.4	77.0	0.8	-28.7	
8.2	-65.6	8.2	-21.4	
5.7	-55.8	0.8	13.1	
0.8	32.8	-4.1	22.9	
0.8	-16.4	3.2	22.9	
-6.6	22.9	5.7	25.4	
5.7	52.4	-1.7	-28.7	
-1.7	-252.6	-4.1	-28.7	
-6.6	15.5	-6.6	-16.4	
-1.7	30.3	-1.7	-14.0	
-1.7	37.7	18.0	25.4	
5.7	-1.7	15.5	15.5	
0.8	40.1	20.5	8.2	
5.7	57.4	13.1	10.6	
-9.1	47.5	13.1	35.2	
0.8	13.1	10.6	47.5	
-9.1	20.5	13.1	52.4	
-1.7	15.5	18.0	45.1	
-1.7	18.0	15.5	5.7	
-6.6	10.6	20.5	-18.9	
-14.0	37.7	18.0	10.6	
-4.1	20.5	20.5	13.1	
-11.5	-1.7	18.0	25.4	
10.6	22.9	0.8	22.9	
-4.1	20.5	-6.6	18.0	
-11.5	32.8	0.8	25.4	
3.2	-4.1	0.8	35.2	
-4.1	18.0	-1.7	54.9	
-9.1	15.5	-1.7	82.0	
-16.4	27.8	5.7	99.2	
-14.0	13.1	10.6	30.3	
-16.4	25.4	-9.1	-1.7	
-9.1	27.8	-11.5	-36.1	
13.1	22.9	-6.6	-6.6	
25.4	8.2	-9.1	-6.6	
22.9	8.2	-11.5	-26.3	
20.5	-26.3	-1.7	-6.6	
15.5	47.5	-6.6	18.0	
18.0	-28.7	3.2	37.7	
18.0	3.2	-4.1	35.2	
25.4	8.2	-1.7	0.8	
13.1	35.2	5.7	13.1	
15.5	0.8	-4.1	15.5	
15.5	35.2	-1.7	27.8	
15.5	3.2	13.1	35.2	
25.4	-6.6	0.8	5.7	
20.5	8.2	8.2	-26.3	
25.4	32.8	0.8	18.0	
22.9	32.8	-1.7	25.4	
25.4	-18.9	3.2	10.6	
10.6	27.8	5.7	-21.4	
13.1	30.3	8.2	-6.6	
18.0	8.2	0.8	8.2	
20.5	8.2	0.8	15.5	
22.9	5.7	0.8	10.6	
15.5	13.1	8.2	-26.3	
22.9	22.9	3.2	-21.4	
18.0	30.3	15.5	-1.7	
15.5	8.2	13.1	-6.6	
8.2	3.2	8.2	10.6	
10.6	18.0	5.7	20.5	
18.0	40.1	-11.5	8.2	
15.5	8.2	-14.0	18.0	
18.0	22.9	0.8	18.0	
8.2	35.2	-16.4	15.5	
13.1	32.8	0.8	57.4	
10.6	25.4	-1.7	69.7	
5.7	47.5	3.2	74.6	
0.8	64.7	8.2	25.4	
10.6	35.2	3.2	-21.4	
5.7	59.8	3.2	-100.1	
13.1	20.5	-6.6	-50.9	
15.5	20.5	3.2	-31.2	
22.9	40.1	10.6	8.2	
20.5	8.2	13.1	20.5	
25.4	42.6	20.5	25.4	
18.0	69.7	10.6	20.5	
20.5	25.4	5.7	8.2	
15.5	15.5	22.9	-16.4	
5.7	50.0	27.8	10.6	
-1.7	30.3	18.0	3.2	
8.2	-11.5	25.4	15.5	
-6.6	37.7	25.4	20.5	
-4.1	40.1	25.4	27.8	
3.2	45.1	27.8	50.0	
5.7	35.2	32.8	40.1	
5.7	45.1	22.9	32.8	
0.8	37.7	20.5	54.9	
-1.7	27.8	18.0	50.0	
0.8	30.3	8.2	45.1	
0.8	18.0	0.8	13.1	
-1.7	22.9	13.1	-23.8	
8.2	37.7	13.1	-65.6	
8.2	35.2	13.1	-9.1	
18.0	-92.7	13.1	8.2	
13.1	35.2	13.1	5.7	
20.5	57.4	18.0	15.5	
25.4	-85.3	10.6	62.3	
25.4	-33.7	10.6	62.3	
15.5	-363.3	8.2	91.8	
30.3	96.7	0.8	91.8	
27.8	128.7	13.1	18.0	
25.4	-102.5	22.9	-4.1	
37.7	131.2	20.5	-70.6	
27.8	-85.3	15.5	-48.4	
27.8	-173.9	22.9	-53.3	
25.4	91.8	15.5	-70.6	
35.2	-257.5	13.1	-41.0	
20.5	47.5	18.0	-16.4	
30.3	40.1	22.9	8.2	
30.3	77.0	8.2	3.2	
13.1	20.5	13.1	15.5	
0.8	50.0	10.6	30.3	
13.1	57.4	15.5	27.8	
3.2	37.7	25.4	25.4	
8.2	37.7	13.1	35.2	
18.0	45.1	8.2	37.7	
20.5	10.6	5.7	47.5	
25.4	27.8	8.2	47.5	
5.7	59.8	5.7	64.7	
8.2	25.4	22.9	42.6	
10.6	32.8	15.5	-6.6	
25.4	59.8	13.1	-4.1	
40.1	30.3	3.2	20.5	
22.9	37.7	10.6	40.1	
22.9	62.3	8.2	42.6	
27.8	30.3	10.6	42.6	
27.8	32.8	13.1	40.1	
32.8	37.7	13.1	13.1	
22.9	57.4	15.5	-16.4	
22.9	27.8	18.0	-80.4	
20.5	22.9	3.2	-53.3	
25.4	57.4	-6.6	-43.5	
27.8	13.1	-4.1	-18.9	
13.1	15.5	-4.1	35.2	
-1.7	5.7	0.8	15.5	
5.7	59.8	5.7	13.1	
8.2	20.5	13.1	22.9	
0.8	8.2	15.5	10.6	
5.7	45.1	15.5	-28.7	
5.7	47.5	13.1	-9.1	
13.1	18.0	15.5	-21.4	
15.5	18.0	-1.7	8.2	
10.6	30.3	-6.6	18.0	
13.1	57.4	13.1	42.6	
10.6	8.2	13.1	32.8	
8.2	20.5	8.2	32.8	
0.8	22.9	-1.7	47.5	
-11.5	42.6	-1.7	30.3	
3.2	47.5	-1.7	30.3	
18.0	45.1	18.0	47.5	
15.5	22.9	0.8	30.3	
3.2	20.5	-11.5	45.1	
-11.5	10.6	-21.4	20.5	
0.8	27.8	-23.8	57.4	
-4.1	32.8	-18.9	40.1	
3.2	22.9	-23.8	3.2	
3.2	40.1	-14.0	-80.4	
5.7	3.2	-11.5	-43.5	
10.6	59.8	-14.0	-68.1	
13.1	18.0	-4.1	-21.4	
22.9	40.1	0.8	15.5	
32.8	-4.1	8.2	45.1	
27.8	22.9	3.2	89.3	
25.4	20.5	13.1	89.3	
22.9	35.2	18.0	57.4	
20.5	74.6	18.0	-38.6	
13.1	35.2	3.2	-107.5	
13.1	45.1	3.2	-60.7	
22.9	37.7	18.0	-33.7	
5.7	13.1	13.1	-4.1	
5.7	57.4	18.0	-4.1	
13.1	20.5	22.9	-1.7	
22.9	13.1	13.1	20.5	
18.0	13.1	15.5	27.8	
3.2	18.0	20.5	25.4	
-1.7	22.9	15.5	25.4	
-1.7	18.0	18.0	30.3	
8.2	-1.7	22.9	15.5	
5.7	25.4	18.0	30.3	
13.1	25.4	10.6	37.7	
15.5	64.7	18.0	13.1	
15.5	32.8	22.9	10.6	
20.5	0.8	27.8	3.2	
15.5	22.9	22.9	10.6	
20.5	37.7	18.0	30.3	
25.4	50.0	25.4	64.7	
18.0	37.7	13.1	104.1	
13.1	27.8	18.0	84.4	
3.2	30.3	10.6	37.7	
18.0	22.9	3.2	-18.9	
18.0	-9.1	3.2	-73.0	
22.9	10.6	8.2	-9.1	
8.2	5.7	-1.7	-11.5	
-6.6	-46.0	3.2	-46.0	
-9.1	-23.8	8.2	-92.7	
-6.6	30.3	-6.6	-31.2	
-4.1	158.2	0.8	-18.9	
0.8	25.4	-6.6	22.9	
32.8	-277.2	-11.5	40.1	
32.8	94.3	-4.1	20.5	
40.1	133.6	8.2	18.0	
35.2	-292.0	-6.6	0.8	
40.1	22.9	5.7	-11.5	
37.7	54.9	-4.1	3.2	
27.8	-11.5	-1.7	-18.9	
18.0	84.4	5.7	-36.1	
25.4	-97.6	13.1	-28.7	
22.9	30.3	15.5	-6.6	
15.5	15.5	13.1	3.2	
5.7	69.7	15.5	37.7	
8.2	57.4	5.7	35.2	
10.6	54.9	13.1	13.1	
13.1	50.0	5.7	15.5	
15.5	0.8	5.7	37.7	
15.5	42.6	0.8	32.8	
25.4	45.1	13.1	-4.1	
20.5	52.4	8.2	-36.1	
25.4	45.1	3.2	-31.2	
15.5	47.5	8.2	-31.2	
25.4	52.4	8.2	10.6	
27.8	30.3	15.5	18.0	
20.5	20.5	20.5	-4.1	
13.1	8.2	13.1	-21.4	
8.2	18.0	5.7	5.7	
10.6	40.1	5.7	15.5	
-1.7	62.3	3.2	54.9	
3.2	32.8	-1.7	57.4	
0.8	35.2	-6.6	54.9	
8.2	-1.7	3.2	27.8	
3.2	-26.3	15.5	-16.4	
8.2	18.0	15.5	8.2	
8.2	-1.7	8.2	3.2	
22.9	35.2	8.2	35.2	
8.2	18.0	5.7	47.5	
0.8	25.4	13.1	18.0	
3.2	27.8	18.0	-43.5	
20.5	42.6	18.0	-33.7	
18.0	32.8	13.1	18.0	
8.2	42.6	22.9	50.0	
0.8	22.9	13.1	32.8	
20.5	8.2	18.0	-1.7	
27.8	13.1	15.5	3.2	
32.8	35.2	15.5	-26.3	
22.9	27.8	22.9	-26.3	
15.5	35.2	15.5	-41.0	
3.2	5.7	20.5	-11.5	
13.1	45.1	22.9	3.2	
13.1	22.9	8.2	-1.7	
10.6	72.1	20.5	5.7	
3.2	27.8	13.1	15.5	
15.5	32.8	32.8	25.4	
5.7	25.4	32.8	3.2	
5.7	32.8	15.5	-23.8	
0.8	40.1	5.7	15.5	
-6.6	-9.1	0.8	32.8	
-9.1	22.9	5.7	69.7	
-4.1	22.9	0.8	57.4	
5.7	25.4	-1.7	59.8	
-1.7	57.4	0.8	79.5	
-14.0	52.4	-11.5	62.3	
0.8	40.1	-14.0	22.9	
0.8	50.0	5.7	-21.4	
10.6	32.8	-4.1	-65.6	
8.2	35.2	-4.1	-43.5	
10.6	54.9	0.8	-4.1	
0.8	-4.1	-9.1	-1.7	
-11.5	-4.1	-9.1	-4.1	
-1.7	20.5	8.2	-11.5	
5.7	27.8	8.2	15.5	
22.9	5.7	0.8	13.1	
30.3	40.1	18.0	-11.5	
8.2	27.8	20.5	-33.7	
3.2	32.8	30.3	-16.4	
8.2	15.5	20.5	18.0	
15.5	22.9	15.5	20.5	
18.0	22.9	15.5	22.9	
13.1	20.5	20.5	42.6	
18.0	42.6	0.8	32.8	
18.0	32.8	-14.0	35.2	
15.5	22.9	-1.7	-1.7	
20.5	18.0	0.8	-6.6	
30.3	3.2	10.6	-1.7	
30.3	25.4	8.2	8.2	
25.4	5.7	13.1	32.8	
15.5	57.4	3.2	30.3	
8.2	22.9	0.8	10.6	
-9.1	-1.7	25.4	-11.5	
-4.1	42.6	37.7	-21.4	
-4.1	22.9	47.5	-18.9	
3.2	13.1	59.8	-16.4	
22.9	42.6	47.5	0.8	
37.7	30.3	57.4	13.1	
52.4	45.1	35.2	27.8	
42.6	0.8	18.0	-4.1	
30.3	-48.4	15.5	-18.9	
35.2	52.4	22.9	-9.1	
32.8	64.7	22.9	15.5	
18.0	-18.9	32.8	67.2	
20.5	175.4	22.9	109.0	
13.1	131.2	15.5	121.3	
10.6	136.1	10.6	84.4	
10.6	64.7	8.2	59.8	
0.8	-274.7	5.7	-53.3	
18.0	86.9	0.8	-198.5	
27.8	-11.5	8.2	-127.1	
37.7	200.0	3.2	-33.7	
40.1	-264.9	-14.0	-26.3	
37.7	0.8	-1.7	-28.7	
35.2	8.2	-9.1	-28.7	
35.2	32.8	-1.7	-11.5	
18.0	27.8	3.2	30.3	
13.1	62.3	5.7	8.2	
5.7	64.7	-4.1	-14.0	
-4.1	37.7	-1.7	-11.5	
-6.6	74.6	-14.0	8.2	
3.2	22.9	-9.1	5.7	
10.6	10.6	-9.1	10.6	
5.7	25.4	-4.1	32.8	
-4.1	30.3	0.8	54.9	
3.2	25.4	-9.1	59.8	
-1.7	30.3	-1.7	20.5	
-4.1	32.8	-4.1	8.2	
-4.1	10.6	0.8	27.8	
-4.1	37.7	8.2	57.4	
-6.6	54.9	13.1	104.1	
-11.5	57.4	8.2	64.7	
-16.4	25.4	0.8	45.1	
-11.5	59.8	0.8	10.6	
-1.7	25.4	3.2	-23.8	
-1.7	22.9	10.6	-28.7	
-9.1	3.2	13.1	-82.9	
0.8	10.6	13.1	-73.0	
3.2	13.1	8.2	-38.6	
-6.6	47.5	0.8	-28.7	
-6.6	40.1	10.6	-46.0	
0.8	27.8	8.2	-50.9	
0.8	40.1	3.2	-65.6	
-6.6	37.7	0.8	-16.4	
-6.6	13.1	8.2	22.9	
3.2	32.8	0.8	42.6	
-4.1	27.8	13.1	13.1	
-6.6	3.2	8.2	-4.1	
-6.6	-1.7	5.7	-28.7	
3.2	35.2	5.7	-9.1	
0.8	3.2	8.2	-1.7	
0.8	25.4	8.2	0.8	
13.1	42.6	10.6	13.1	
5.7	37.7	0.8	0.8	
13.1	22.9	-6.6	5.7	
15.5	22.9	8.2	3.2	
15.5	25.4	-4.1	15.5	
18.0	18.0	-4.1	15.5	
3.2	47.5	-14.0	18.0	
-1.7	-1.7	-26.3	52.4	
5.7	42.6	-11.5	62.3	
0.8	35.2	-6.6	101.6	
0.8	5.7	-4.1	123.8	
15.5	54.9	-6.6	133.6	
0.8	-1.7	3.2	27.8	
10.6	32.8	10.6	-6.6	
-4.1	20.5	15.5	-70.6	
3.2	22.9	18.0	-68.1	
8.2	22.9	8.2	-70.6	
0.8	35.2	18.0	-85.3	
-1.7	32.8	30.3	-97.6	
5.7	10.6	22.9	-38.6	
5.7	18.0	25.4	-38.6	
13.1	10.6	8.2	-4.1	
13.1	40.1	5.7	-1.7	
25.4	35.2	10.6	10.6	
22.9	15.5	18.0	5.7	
32.8	47.5	18.0	22.9	
10.6	62.3	18.0	20.5	
15.5	22.9	18.0	10.6	
13.1	32.8	18.0	-9.1	
8.2	13.1	5.7	-1.7	
10.6	13.1	8.2	-6.6	
22.9	-6.6	13.1	5.7	
13.1	-1.7	10.6	-23.8	
40.1	27.8	10.6	-18.9	
42.6	59.8	3.2	-16.4	
54.9	37.7	-9.1	0.8	
52.4	15.5	-1.7	18.0	
59.8	-4.1	0.8	25.4	
42.6	0.8	-6.6	30.3	
42.6	30.3	0.8	27.8	
42.6	40.1	3.2	8.2	
30.3	62.3	10.6	13.1	
35.2	27.8	5.7	0.8	
40.1	0.8	15.5	-23.8	
25.4	25.4	22.9	-33.7	
27.8	37.7	10.6	-38.6	
20.5	35.2	18.0	-9.1	
18.0	-358.4	18.0	42.6	
20.5	-385.4	22.9	25.4	
22.9	18.0	22.9	5.7	
20.5	74.6	22.9	42.6	
20.5	5.7	22.9	52.4	
40.1	244.3	27.8	27.8	
42.6	-289.5	22.9	32.8	
32.8	197.6	22.9	-21.4	
37.7	170.5	18.0	-63.2	
30.3	-289.5	20.5	-70.6	
45.1	118.9	20.5	-41.0	
37.7	150.8	10.6	-9.1	
35.2	254.2	8.2	-9.1	
22.9	-156.7	10.6	10.6	
37.7	64.7	13.1	-1.7	
35.2	84.4	18.0	-23.8	
37.7	47.5	18.0	-1.7	
30.3	101.6	20.5	10.6	
25.4	96.7	20.5	8.2	
22.9	106.6	5.7	18.0	
10.6	69.7	3.2	0.8	
3.2	84.4	15.5	0.8	
15.5	77.0	13.1	20.5	
18.0	104.1	-4.1	32.8	
13.1	106.6	-18.9	27.8	
25.4	42.6	-23.8	32.8	
25.4	59.8	-11.5	64.7	
22.9	84.4	-14.0	57.4	
18.0	62.3	-1.7	37.7	
13.1	72.1	0.8	3.2	
30.3	72.1	3.2	25.4	
27.8	74.6	-9.1	35.2	
32.8	54.9	-1.7	3.2	
30.3	40.1	-1.7	8.2	
30.3	72.1	-6.6	3.2	
32.8	52.4	-4.1	20.5	
27.8	40.1	-4.1	35.2	
40.1	45.1	5.7	-41.0	
35.2	64.7	8.2	-60.7	
35.2	47.5	8.2	-33.7	
30.3	8.2	10.6	-16.4	
18.0	10.6	5.7	35.2	
25.4	18.0	13.1	40.1	
25.4	18.0	18.0	18.0	
22.9	32.8	5.7	-1.7	
25.4	47.5	8.2	-18.9	
32.8	25.4	20.5	-14.0	
13.1	27.8	20.5	-14.0	
25.4	37.7	15.5	-31.2	
37.7	37.7	32.8	8.2	
27.8	30.3	25.4	18.0	
15.5	18.0	18.0	25.4	
13.1	13.1	18.0	-43.5	
15.5	-18.9	18.0	-36.1	
0.8	15.5	18.0	-31.2	
-1.7	35.2	3.2	-4.1	
3.2	50.0	-6.6	-23.8	
0.8	5.7	0.8	-43.5	
3.2	32.8	3.2	-23.8	
8.2	54.9	-1.7	13.1	
3.2	27.8	3.2	35.2	
10.6	35.2	-1.7	-4.1	
20.5	57.4	18.0	-14.0	
25.4	18.0	8.2	-23.8	
15.5	37.7	0.8	-16.4	
25.4	32.8	0.8	-1.7	
25.4	54.9	5.7	20.5	
18.0	8.2	18.0	10.6	
32.8	-6.6	18.0	-1.7	
35.2	30.3	25.4	3.2	
30.3	69.7	30.3	13.1	
32.8	40.1	20.5	10.6	
27.8	45.1	32.8	15.5	
25.4	47.5	5.7	45.1	
15.5	40.1	-11.5	22.9	
15.5	5.7	-21.4	15.5	
15.5	25.4	-11.5	5.7	
27.8	45.1	3.2	-11.5	
20.5	45.1	-11.5	-4.1	
13.1	25.4	-6.6	5.7	
27.8	15.5	-1.7	27.8	
27.8	30.3	0.8	64.7	
35.2	20.5	-11.5	42.6	
18.0	50.0	-9.1	47.5	
20.5	42.6	-4.1	18.0	
25.4	47.5	-16.4	35.2	
10.6	69.7	-1.7	96.7	
-4.1	52.4	-11.5	96.7	
0.8	74.6	-6.6	-9.1	
-6.6	35.2	8.2	-63.2	
-6.6	45.1	-9.1	-33.7	
-14.0	40.1	-1.7	-18.9	
-26.3	59.8	-9.1	42.6	
-23.8	37.7	0.8	52.4	
-23.8	50.0	-1.7	-11.5	
-26.3	50.0	-4.1	-21.4	
-28.7	89.3	-4.1	-53.3	
-23.8	52.4	-4.1	-33.7	
-11.5	94.3	0.8	-11.5	
-14.0	13.1	0.8	-9.1	
-18.9	222.2	-6.6	-11.5	
-23.8	67.2	-6.6	-6.6	
-21.4	84.4	-1.7	20.5	
-31.2	-21.4	-6.6	62.3	
-23.8	50.0	18.0	111.5	
-18.9	-343.6	8.2	82.0	
-16.4	104.1	8.2	-18.9	
-11.5	-264.9	15.5	-87.8	
-6.6	79.5	25.4	-122.2	
10.6	113.9	8.2	-77.9	
18.0	79.5	5.7	-33.7	
3.2	64.7	15.5	-14.0	
10.6	50.0	25.4	13.1	
3.2	-255.1	13.1	5.7	
5.7	15.5	18.0	15.5	
8.2	64.7	27.8	22.9	
-1.7	42.6	25.4	10.6	
0.8	42.6	20.5	10.6	
22.9	52.4	27.8	18.0	
0.8	32.8	18.0	22.9	
0.8	30.3	18.0	18.0	
0.8	25.4	20.5	20.5	
0.8	5.7	8.2	15.5	
13.1	-1.7	18.0	18.0	
5.7	5.7	18.0	3.2	
3.2	25.4	25.4	8.2	
-4.1	27.8	22.9	0.8	
-16.4	-6.6	3.2	8.2	
-1.7	30.3	0.8	13.1	
-6.6	0.8	15.5	15.5	
-16.4	-1.7	10.6	18.0	
-16.4	18.0	3.2	20.5	
13.1	-9.1	3.2	22.9	
5.7	-48.4	5.7	18.0	
10.6	-23.8	5.7	13.1	
-1.7	-31.2	18.0	-6.6	
5.7	-28.7	22.9	-1.7	
5.7	-63.2	25.4	-14.0	
10.6	-38.6	8.2	3.2	
13.1	-11.5	3.2	8.2	
13.1	13.1	3.2	15.5	
25.4	-14.0	3.2	20.5	
32.8	-21.4	25.4	18.0	
25.4	0.8	22.9	25.4	
22.9	-16.4	13.1	45.1	
15.5	-9.1	20.5	77.0	
22.9	-28.7	18.0	89.3	
22.9	-9.1	5.7	37.7	
15.5	-16.4	10.6	-26.3	
27.8	-16.4	20.5	-68.1	
8.2	20.5	15.5	-41.0	
18.0	-9.1	30.3	-31.2	
20.5	-18.9	15.5	13.1	
22.9	-26.3	25.4	18.0	
25.4	-18.9	18.0	10.6	
20.5	42.6	13.1	10.6	
22.9	15.5	15.5	18.0	
15.5	8.2	20.5	13.1	
10.6	-11.5	10.6	-4.1	
-6.6	8.2	5.7	-43.5	
0.8	-18.9	15.5	-14.0	
-6.6	-4.1	25.4	-36.1	
-9.1	10.6	10.6	-18.9	
10.6	-4.1	3.2	13.1	
15.5	25.4	0.8	18.0	
35.2	-6.6	-6.6	25.4	
35.2	8.2	5.7	25.4	
22.9	-21.4	13.1	30.3	
27.8	30.3	-1.7	37.7	
18.0	3.2	3.2	45.1	
25.4	20.5	13.1	35.2	
22.9	3.2	27.8	50.0	
8.2	25.4	32.8	47.5	
15.5	3.2	32.8	47.5	
5.7	22.9	27.8	30.3	
3.2	10.6	25.4	40.1	
-14.0	35.2	15.5	45.1	
-16.4	22.9	-6.6	35.2	
-1.7	25.4	3.2	35.2	
3.2	40.1	0.8	15.5	
13.1	3.2	5.7	37.7	
22.9	-16.4	-4.1	54.9	
27.8	10.6	-18.9	67.2	
25.4	5.7	-16.4	77.0	
22.9	47.5	-14.0	13.1	
18.0	40.1	-23.8	-14.0	
30.3	25.4	-6.6	0.8	
32.8	20.5	-6.6	20.5	
30.3	13.1	-1.7	-11.5	
42.6	40.1	-4.1	-1.7	
40.1	20.5	20.5	15.5	
50.0	40.1	22.9	-4.1	
50.0	37.7	18.0	5.7	
54.9	50.0	-1.7	3.2	
32.8	25.4	-23.8	13.1	
52.4	25.4	-28.7	3.2	
47.5	13.1	-33.7	15.5	
32.8	20.5	-28.7	0.8	
27.8	18.0	-6.6	25.4	
27.8	10.6	-4.1	47.5	
27.8	-119.8	0.8	82.0	
35.2	-9.1	8.2	89.3	
45.1	82.0	3.2	79.5	
42.6	143.5	-11.5	-4.1	
57.4	-53.3	-11.5	-38.6	
54.9	-11.5	3.2	-38.6	
62.3	-14.0	-4.1	-28.7	
67.2	-97.6	18.0	-11.5	
84.4	389.5	5.7	15.5	
86.9	190.2	3.2	-21.4	
96.7	50.0	10.6	-11.5	
111.5	148.4	25.4	22.9	
106.6	69.7	50.0	22.9	
104.1	-213.2	47.5	22.9	
99.2	-16.4	10.6	15.5	
111.5	59.8	-43.5	10.6	
123.8	32.8	-53.3	5.7	
123.8	37.7	-4.1	13.1	
138.5	47.5	15.5	18.0	
133.6	37.7	25.4	13.1	
141.0	42.6	50.0	27.8	
150.8	15.5	40.1	22.9	
148.4	32.8	30.3	35.2	
141.0	37.7	15.5	72.1	
158.2	20.5	13.1	123.8	
163.1	10.6	18.0	143.5	
168.1	40.1	18.0	136.1	
153.3	5.7	32.8	79.5	
143.5	10.6	30.3	3.2	
145.9	40.1	8.2	-97.6	
163.1	20.5	13.1	-173.9	
160.7	35.2	20.5	-102.5	
165.6	22.9	18.0	-90.2	
150.8	27.8	22.9	-46.0	
155.8	54.9	18.0	-16.4	
158.2	20.5	25.4	-26.3	
160.7	32.8	30.3	-14.0	
160.7	32.8	40.1	-11.5	
163.1	35.2	35.2	0.8	
158.2	27.8	30.3	5.7	
173.0	30.3	30.3	8.2	
173.0	-9.1	25.4	25.4	
175.4	10.6	20.5	35.2	
180.4	3.2	8.2	8.2	
175.4	37.7	13.1	10.6	
177.9	45.1	13.1	10.6	
175.4	45.1	8.2	3.2	
177.9	37.7	-4.1	8.2	
180.4	-6.6	5.7	27.8	
185.3	27.8	-4.1	18.0	
185.3	15.5	-4.1	10.6	
177.9	30.3	-4.1	18.0	
175.4	47.5	-9.1	25.4	
187.7	0.8	3.2	27.8	
195.1	18.0	18.0	25.4	
195.1	30.3	18.0	10.6	
209.9	-4.1	-9.1	13.1	
209.9	3.2	-21.4	30.3	
217.3	35.2	-6.6	22.9	
207.4	35.2	-1.7	25.4	
202.5	22.9	13.1	37.7	
207.4	25.4	8.2	57.4	
207.4	3.2	8.2	57.4	
224.6	42.6	18.0	18.0	
227.1	13.1	22.9	-4.1	
227.1	10.6	47.5	-23.8	
239.4	-6.6	45.1	-4.1	
246.8	3.2	37.7	8.2	
249.2	20.5	35.2	-28.7	
244.3	18.0	27.8	-50.9	
234.5	10.6	27.8	-31.2	
234.5	5.7	22.9	-9.1	
244.3	54.9	30.3	0.8	
232.0	30.3	13.1	10.6	
254.2	8.2	25.4	8.2	
249.2	15.5	18.0	10.6	
254.2	40.1	27.8	3.2	
264.0	42.6	32.8	8.2	
266.5	40.1	18.0	32.8	
264.0	50.0	10.6	37.7	
268.9	25.4	3.2	45.1	
264.0	27.8	3.2	40.1	
271.4	20.5	3.2	35.2	
271.4	40.1	5.7	86.9	
276.3	52.4	0.8	82.0	
291.1	30.3	10.6	37.7	
288.6	52.4	15.5	8.2	
298.4	57.4	18.0	-68.1	
300.9	40.1	15.5	-80.4	
330.4	64.7	20.5	-92.7	
337.8	22.9	10.6	-26.3	
337.8	35.2	10.6	-58.3	
335.3	69.7	10.6	-90.2	
342.7	59.8	5.7	5.7	
352.6	64.7	10.6	37.7	
369.8	54.9	10.6	50.0	
367.3	57.4	5.7	67.2	
362.4	35.2	3.2	96.7	
359.9	59.8	3.2	72.1	
362.4	72.1	0.8	-18.9	
364.9	96.7	10.6	-11.5	
379.6	-36.1	-1.7	72.1	
396.8	74.6	0.8	116.4	
399.3	-73.0	8.2	62.3	
404.2	25.4	-4.1	-33.7	
409.1	-205.9	15.5	-48.4	
431.3	-65.6	-1.7	-100.1	
443.6	-279.7	-1.7	-85.3	
446.0	-36.1	-1.7	-16.4	
451.0	173.0	0.8	-21.4	
451.0	15.5	-11.5	-14.0	
453.4	-28.7	-6.6	-18.9	
473.1	109.0	-18.9	3.2	
465.7	-230.5	-36.1	20.5	
473.1	8.2	-23.8	5.7	
482.9	22.9	3.2	-21.4	
480.5	62.3	-21.4	22.9	
482.9	45.1	-6.6	22.9	
497.7	40.1	-21.4	22.9	
497.7	37.7	-16.4	22.9	
497.7	37.7	-6.6	20.5	
514.9	57.4	-9.1	22.9	
502.6	5.7	0.8	22.9	
510.0	15.5	0.8	27.8	
507.5	54.9	0.8	22.9	
500.2	3.2	3.2	22.9	
510.0	15.5	10.6	22.9	
514.9	42.6	5.7	40.1	
512.5	37.7	3.2	64.7	
514.9	30.3	15.5	84.4	
510.0	42.6	5.7	62.3	
517.4	22.9	18.0	22.9	
532.1	42.6	15.5	22.9	
539.5	37.7	18.0	18.0	
551.8	25.4	22.9	47.5	
549.4	47.5	8.2	18.0	
559.2	27.8	8.2	-4.1	
574.0	79.5	0.8	-21.4	
554.3	-6.6	18.0	-36.1	
576.4	50.0	5.7	-33.7	
574.0	52.4	5.7	-73.0	
574.0	47.5	0.8	-63.2	
576.4	30.3	-1.7	-38.6	
591.2	20.5	-4.1	8.2	
601.0	8.2	0.8	-9.1	
608.4	47.5	18.0	-87.8	
620.7	13.1	30.3	-55.8	
637.9	-6.6	22.9	-31.2	
652.7	-1.7	25.4	-4.1	
665.0	45.1	20.5	0.8	
682.2	30.3	22.9	8.2	
689.6	30.3	10.6	8.2	
689.6	30.3	10.6	18.0	
704.3	22.9	15.5	10.6	
721.6	37.7	10.6	8.2	
743.7	30.3	-1.7	0.8	
758.5	59.8	-1.7	10.6	
768.3	22.9	0.8	3.2	
780.6	37.7	-1.7	32.8	
792.9	45.1	-9.1	69.7	
827.3	50.0	-1.7	79.5	
827.3	20.5	-6.6	82.0	
847.0	27.8	-1.7	-43.5	
854.4	57.4	-9.1	-36.1	
864.2	10.6	8.2	-77.9	
871.6	15.5	15.5	-41.0	
859.3	3.2	5.7	-1.7	
861.8	3.2	8.2	-16.4	
874.1	20.5	3.2	8.2	
859.3	32.8	8.2	-21.4	
888.8	18.0	25.4	-48.4	
893.8	45.1	30.3	-70.6	
911.0	13.1	25.4	-31.2	
952.8	62.3	18.0	3.2	
967.6	35.2	22.9	-1.7	
989.7	32.8	18.0	22.9	
984.8	32.8	20.5	30.3	
984.8	0.8	3.2	20.5	
997.1	15.5	10.6	25.4	
999.5	13.1	8.2	3.2	
1011.8	57.4	-4.1	15.5	
1004.5	27.8	-21.4	5.7	
1016.8	35.2	-16.4	13.1	
1026.6	18.0	-1.7	0.8	
1041.4	18.0	-1.7	10.6	
1078.3	10.6	-11.5	10.6	
1090.6	37.7	-16.4	10.6	
1073.3	5.7	8.2	8.2	
1078.3	3.2	10.6	5.7	
1051.2	13.1	10.6	13.1	
1048.7	42.6	0.8	25.4	
1034.0	22.9	-26.3	37.7	
1029.1	25.4	-21.4	42.6	
1031.5	52.4	-14.0	22.9	
1031.5	52.4	-1.7	20.5	
1024.1	47.5	0.8	54.9	
1026.6	40.1	5.7	109.0	
1026.6	37.7	8.2	182.8	
1031.5	18.0	8.2	133.6	
1021.7	57.4	-4.1	45.1	
1016.8	-124.7	0.8	25.4	
1019.2	-18.9	0.8	-82.9	
1024.1	52.4	22.9	-112.4	
1019.2	50.0	8.2	-127.1	
1011.8	-73.0	5.7	-18.9	
1014.3	141.0	0.8	-58.3	
1011.8	-43.5	10.6	-38.6	
1014.3	131.2	20.5	-109.9	
1024.1	-240.3	25.4	-114.8	
1024.1	187.7	27.8	3.2	
1026.6	82.0	22.9	27.8	
1021.7	-176.3	15.5	-4.1	
1021.7	-6.6	22.9	-85.3	
1034.0	-260.0	32.8	-119.8	
1011.8	8.2	10.6	-18.9	
1024.1	3.2	5.7	86.9	
1026.6	47.5	8.2	74.6	
1021.7	18.0	-6.6	67.2	
1038.9	-1.7	-4.1	-26.3	
1036.4	5.7	-1.7	-60.7	
1041.4	-6.6	-11.5	-46.0	
1048.7	-4.1	0.8	-1.7	
1031.5	0.8	0.8	10.6	
1038.9	3.2	3.2	-18.9	
1031.5	13.1	-4.1	-16.4	
1016.8	20.5	3.2	5.7	
1009.4	25.4	10.6	37.7	
1014.3	22.9	13.1	40.1	
1011.8	35.2	18.0	30.3	
987.2	52.4	8.2	-11.5	
984.8	27.8	3.2	-38.6	
974.9	8.2	8.2	-14.0	
967.6	18.0	15.5	-11.5	
945.4	18.0	22.9	-4.1	
940.5	13.1	27.8	3.2	
930.7	42.6	15.5	8.2	
930.7	8.2	27.8	8.2	
911.0	32.8	30.3	3.2	
911.0	40.1	8.2	0.8	
920.8	47.5	13.1	8.2	
915.9	3.2	18.0	18.0	
915.9	22.9	25.4	27.8	
911.0	15.5	22.9	20.5	
928.2	20.5	40.1	13.1	
898.7	42.6	13.1	0.8	
906.1	37.7	22.9	-4.1	
888.8	32.8	18.0	8.2	
876.5	54.9	13.1	-4.1	
879.0	27.8	27.8	15.5	
881.5	35.2	22.9	45.1	
869.2	35.2	22.9	42.6	
854.4	3.2	18.0	52.4	
844.6	52.4	25.4	10.6	
834.7	47.5	18.0	-28.7	
824.9	47.5	15.5	35.2	
834.7	54.9	20.5	113.9	
832.3	52.4	25.4	138.5	
820.0	5.7	25.4	121.3	
802.7	0.8	25.4	62.3	
788.0	35.2	20.5	13.1	
773.2	45.1	20.5	45.1	
758.5	40.1	22.9	-33.7	
751.1	22.9	20.5	-220.6	
728.9	62.3	25.4	-228.0	
758.5	27.8	18.0	-50.9	
738.8	22.9	18.0	37.7	
736.3	45.1	15.5	22.9	
741.2	52.4	5.7	-16.4	
760.9	42.6	-9.1	-63.2	
760.9	54.9	-1.7	-90.2	
760.9	45.1	5.7	-73.0	
775.7	54.9	3.2	10.6	
822.4	32.8	5.7	84.4	
817.5	64.7	18.0	-46.0	
820.0	45.1	15.5	-112.4	
861.8	40.1	27.8	-55.8	
935.6	52.4	20.5	13.1	
965.1	15.5	30.3	20.5	
960.2	45.1	27.8	30.3	
938.0	74.6	18.0	40.1	
935.6	50.0	25.4	20.5	
925.7	40.1	15.5	18.0	
891.3	40.1	13.1	35.2	
891.3	30.3	13.1	3.2	
911.0	77.0	15.5	-1.7	
906.1	54.9	18.0	22.9	
935.6	62.3	27.8	8.2	
950.3	57.4	10.6	-23.8	
962.6	40.1	0.8	-14.0	
977.4	35.2	0.8	-6.6	
950.3	47.5	18.0	-9.1	
945.4	84.4	18.0	8.2	
930.7	62.3	-6.6	10.6	
906.1	64.7	-16.4	22.9	
923.3	30.3	-6.6	27.8	
896.2	37.7	-9.1	22.9	
903.6	37.7	-9.1	25.4	
915.9	62.3	-21.4	32.8	
913.4	22.9	-33.7	18.0	
851.9	47.5	-14.0	3.2	
802.7	615.8	10.6	-14.0	
760.9	291.1	30.3	10.6	
748.6	72.1	37.7	-1.7	
758.5	296.0	18.0	8.2	
790.4	182.8	18.0	5.7	
768.3	50.0	22.9	15.5	
726.5	22.9	13.1	8.2	
704.3	-355.9	-18.9	0.8	
672.4	-33.7	-41.0	13.1	
635.5	30.3	-33.7	15.5	
608.4	-316.6	-23.8	13.1	
591.2	-82.9	0.8	13.1	
591.2	20.5	-1.7	0.8	
581.3	-316.6	5.7	8.2	
524.8	-53.3	13.1	15.5	
510.0	-11.5	0.8	25.4	
492.8	-21.4	-6.6	37.7	
453.4	-16.4	3.2	50.0	
438.7	3.2	5.7	35.2	
414.1	25.4	-1.7	0.8	
401.8	5.7	8.2	-31.2	
426.4	3.2	15.5	25.4	
453.4	-11.5	25.4	35.2	
497.7	-6.6	20.5	32.8	
505.1	8.2	15.5	15.5	
500.2	0.8	5.7	-50.9	
460.8	-18.9	5.7	-48.4	
414.1	-36.1	10.6	-33.7	
374.7	30.3	0.8	-33.7	
337.8	13.1	3.2	-11.5	
305.8	27.8	-6.6	-11.5	
342.7	42.6	0.8	22.9	
374.7	15.5	-6.6	30.3	
374.7	8.2	0.8	35.2	
320.6	30.3	0.8	20.5	
281.2	22.9	-4.1	10.6	
205.0	59.8	15.5	42.6	
153.3	3.2	20.5	59.8	
182.8	40.1	5.7	40.1	
273.8	45.1	-1.7	0.8	
337.8	54.9	0.8	-11.5	
411.6	32.8	5.7	-21.4	
428.8	22.9	0.8	32.8	
387.0	-14.0	-4.1	8.2	
335.3	32.8	-4.1	-23.8	
246.8	45.1	8.2	-9.1	
182.8	62.3	10.6	-1.7	
111.5	18.0	-4.1	5.7	
82.0	0.8	-11.5	-6.6	
104.1	37.7	-6.6	-11.5	
116.4	37.7	0.8	5.7	
96.7	22.9	-1.7	13.1	
45.1	27.8	5.7	8.2	
42.6	45.1	-11.5	-14.0	
-33.7	32.8	-4.1	-9.1	
-114.8	18.0	5.7	-14.0	
-166.5	57.4	8.2	13.1	
-176.3	-4.1	0.8	25.4	
-237.8	-11.5	-1.7	18.0	
-257.5	25.4	5.7	20.5	
-230.5	13.1	15.5	27.8	
-205.9	32.8	18.0	32.8	
-164.0	18.0	20.5	20.5	
-176.3	35.2	0.8	18.0	
-132.1	22.9	-1.7	10.6	
-119.8	59.8	10.6	8.2	
-161.6	18.0	18.0	10.6	
-156.7	57.4	22.9	15.5	
-166.5	82.0	13.1	30.3	
-169.0	40.1	20.5	50.0	
-137.0	35.2	5.7	45.1	
-105.0	8.2	15.5	-6.6	
-102.5	35.2	20.5	-9.1	
-60.7	50.0	22.9	27.8	
-50.9	50.0	15.5	47.5	
-33.7	3.2	5.7	54.9	
-46.0	30.3	3.2	89.3	
-46.0	25.4	3.2	86.9	
-43.5	69.7	3.2	10.6	
-55.8	35.2	-21.4	-50.9	
-87.8	5.7	-23.8	-146.8	
-132.1	47.5	-9.1	-87.8	
-159.1	18.0	3.2	-14.0	
-191.1	42.6	3.2	42.6	
-203.4	40.1	-1.7	47.5	
-228.0	37.7	8.2	18.0	
-235.4	54.9	-1.7	-58.3	
-262.4	8.2	5.7	-43.5	
-269.8	25.4	10.6	5.7	
-306.7	35.2	20.5	-1.7	
-341.2	20.5	5.7	-14.0	
-341.2	45.1	18.0	-9.1	
-355.9	15.5	27.8	0.8	
-353.5	25.4	15.5	10.6	
-368.2	18.0	-14.0	-1.7	
-346.1	15.5	-26.3	-4.1	
-294.4	13.1	-26.3	-6.6	
-242.8	62.3	-11.5	0.8	
-203.4	32.8	3.2	27.8	
-208.3	18.0	3.2	47.5	
-232.9	-68.1	8.2	79.5	
-245.2	-43.5	5.7	106.6	
-242.8	-73.0	27.8	118.9	
-250.1	57.4	18.0	52.4	
-296.9	-200.9	20.5	-50.9	
-331.3	177.9	10.6	-100.1	
-353.5	-137.0	-11.5	-146.8	
-400.2	-232.9	-1.7	-141.9	
-432.2	-48.4	3.2	-70.6	
-444.5	77.0	3.2	-36.1	
-434.6	-31.2	3.2	-18.9	
-407.6	-193.6	-14.0	-14.0	
-373.1	82.0	5.7	-6.6	
-351.0	-257.5	-9.1	-11.5	
-333.8	3.2	-6.6	-4.1	
-311.6	13.1	-16.4	-6.6	
-292.0	10.6	-14.0	-6.6	
-247.7	40.1	-21.4	3.2	
-230.5	15.5	-43.5	-14.0	
-247.7	47.5	-26.3	3.2	
-284.6	-23.8	-23.8	3.2	
-358.4	3.2	-18.9	5.7	
-412.5	-16.4	20.5	8.2	
-424.8	-9.1	20.5	-9.1	
-424.8	54.9	3.2	-9.1	
-446.9	10.6	10.6	3.2	
-466.6	62.3	15.5	5.7	
-476.5	-4.1	8.2	-4.1	
-471.5	30.3	3.2	-1.7	
-442.0	45.1	-4.1	3.2	
-417.4	-26.3	-1.7	5.7	
-365.8	-53.3	0.8	8.2	
-301.8	-58.3	-4.1	13.1	
-267.4	-55.8	3.2	22.9	
-188.6	-53.3	20.5	25.4	
-173.9	-4.1	-1.7	15.5	
-169.0	-21.4	3.2	27.8	
-183.7	-4.1	-6.6	15.5	
-193.6	-31.2	3.2	30.3	
-176.3	-23.8	10.6	30.3	
-159.1	-16.4	3.2	20.5	
-169.0	-26.3	0.8	13.1	
-154.2	-11.5	8.2	22.9	
-141.9	-18.9	8.2	15.5	
-124.7	27.8	-4.1	40.1	
-124.7	27.8	5.7	45.1	
-124.7	-21.4	8.2	57.4	
-105.0	-18.9	0.8	10.6	
-92.7	-38.6	8.2	15.5	
-58.3	-21.4	-11.5	8.2	
-23.8	-60.7	3.2	-1.7	
15.5	-9.1	3.2	0.8	
25.4	0.8	-1.7	20.5	
-4.1	-23.8	-6.6	13.1	
-11.5	-26.3	3.2	18.0	
-38.6	0.8	3.2	27.8	
-46.0	-41.0	-14.0	5.7	
-63.2	-38.6	3.2	0.8	
-55.8	-48.4	-4.1	13.1	
-50.9	0.8	0.8	13.1	
-55.8	0.8	32.8	5.7	
-63.2	5.7	27.8	-6.6	
-70.6	-31.2	13.1	-14.0	
-77.9	-41.0	0.8	-9.1	
-68.1	-33.7	-4.1	-9.1	
-68.1	-31.2	15.5	-6.6	
-70.6	15.5	22.9	-9.1	
-73.0	32.8	5.7	8.2	
-95.2	22.9	-6.6	-9.1	
-105.0	-9.1	-33.7	0.8	
-107.5	-43.5	-18.9	-1.7	
-92.7	45.1	18.0	5.7	
-127.1	-14.0	35.2	5.7	
-132.1	13.1	22.9	3.2	
-114.8	-14.0	25.4	3.2	
-77.9	3.2	25.4	3.2	
5.7	-9.1	13.1	13.1	
52.4	-23.8	42.6	10.6	
96.7	0.8	30.3	0.8	
136.1	-18.9	13.1	8.2	
163.1	10.6	13.1	20.5	
153.3	-1.7	-18.9	50.0	
163.1	-33.7	-33.7	64.7	
101.6	0.8	-6.6	54.9	
15.5	-11.5	-14.0	84.4	
-14.0	0.8	3.2	141.0	
-50.9	3.2	-9.1	118.9	
-60.7	-6.6	-14.0	91.8	
-146.8	3.2	-9.1	-36.1	
-188.6	-11.5	-1.7	-124.7	
-267.4	-11.5	-1.7	-85.3	
-282.1	-11.5	-1.7	-109.9	
-328.9	0.8	-1.7	-82.9	
-287.0	-23.8	-1.7	-63.2	
-314.1	-1.7	0.8	-28.7	
-316.6	-14.0	13.1	-16.4	
-287.0	18.0	8.2	-21.4	
-262.4	35.2	10.6	5.7	
-242.8	37.7	13.1	3.2	
-260.0	-21.4	18.0	10.6	
-235.4	148.4	15.5	3.2	
-220.6	-21.4	15.5	-23.8	
-196.0	259.1	10.6	-26.3	
-191.1	133.6	8.2	-36.1	
-164.0	27.8	13.1	-41.0	
-127.1	-63.2	25.4	-1.7	
-114.8	-82.9	10.6	-1.7	
-77.9	-33.7	3.2	-43.5	
-73.0	10.6	20.5	-21.4	
-70.6	-139.4	10.6	-11.5	
-50.9	-33.7	3.2	13.1	
-38.6	15.5	5.7	-4.1	
-31.2	8.2	-1.7	-14.0	
-28.7	-105.0	13.1	-11.5	
-21.4	18.0	8.2	3.2	
-33.7	15.5	20.5	-11.5	
-36.1	35.2	22.9	-6.6	
-31.2	-11.5	22.9	3.2	
-26.3	13.1	20.5	5.7	
-41.0	62.3	8.2	18.0	
-26.3	25.4	-6.6	15.5	
-28.7	32.8	8.2	13.1	
-38.6	27.8	3.2	20.5	
-43.5	47.5	3.2	8.2	
-38.6	45.1	18.0	22.9	
-48.4	20.5	8.2	22.9	
-50.9	57.4	5.7	8.2	
-36.1	45.1	10.6	13.1	
-41.0	22.9	5.7	22.9	
-26.3	22.9	0.8	13.1	
-28.7	47.5	27.8	18.0	
-43.5	27.8	18.0	22.9	
-28.7	27.8	18.0	32.8	
-43.5	40.1	0.8	18.0	
-26.3	37.7	-9.1	20.5	
-36.1	45.1	0.8	10.6	
-33.7	59.8	10.6	13.1	
-38.6	47.5	-1.7	8.2	
-26.3	74.6	-9.1	10.6	
-33.7	77.0	-1.7	10.6	
-28.7	37.7	5.7	13.1	
-28.7	54.9	5.7	15.5	
-28.7	45.1	-1.7	20.5	
-36.1	77.0	-11.5	35.2	
-28.7	67.2	-4.1	30.3	
-43.5	62.3	-9.1	52.4	
-36.1	13.1	18.0	57.4	
-50.9	42.6	42.6	77.0	
-48.4	57.4	42.6	57.4	
-53.3	54.9	25.4	59.8	
-60.7	47.5	8.2	54.9	
-58.3	30.3	8.2	15.5	
-53.3	67.2	10.6	-6.6	
-41.0	42.6	8.2	-14.0	
-50.9	74.6	0.8	-63.2	
-53.3	52.4	20.5	-82.9	
-73.0	69.7	5.7	-60.7	
-70.6	47.5	-4.1	-11.5	
-75.5	72.1	3.2	8.2	
-82.9	47.5	3.2	50.0	
-70.6	77.0	-1.7	59.8	
-50.9	59.8	3.2	18.0	
-68.1	84.4	0.8	-1.7	
-73.0	89.3	8.2	22.9	
-73.0	91.8	13.1	-23.8	
-75.5	69.7	5.7	-50.9	
-87.8	74.6	0.8	-38.6	
-73.0	64.7	10.6	-31.2	
-70.6	72.1	3.2	-1.7	
-80.4	69.7	-4.1	-4.1	
-75.5	82.0	-31.2	3.2	
-77.9	94.3	-9.1	13.1	
-85.3	91.8	8.2	15.5	
-73.0	89.3	0.8	20.5	
-73.0	59.8	-4.1	15.5	
-55.8	96.7	5.7	20.5	
-50.9	84.4	22.9	8.2	
-58.3	62.3	45.1	-1.7	
-65.6	64.7	25.4	10.6	
-53.3	69.7	27.8	10.6	
-43.5	54.9	18.0	13.1	
-28.7	82.0	25.4	10.6	
-31.2	54.9	20.5	22.9	
-46.0	50.0	18.0	45.1	
-60.7	52.4	13.1	89.3	
-36.1	47.5	18.0	59.8	
-31.2	35.2	20.5	5.7	
-21.4	32.8	20.5	-21.4	
-6.6	10.6	18.0	-36.1	
3.2	27.8	18.0	-6.6	
8.2	30.3	5.7	-21.4	
32.8	8.2	-9.1	-26.3	
45.1	-4.1	-4.1	13.1	
72.1	-50.9	-6.6	45.1	
64.7	-43.5	-9.1	59.8	
89.3	-33.7	-1.7	25.4	
101.6	-26.3	-4.1	-6.6	
111.5	22.9	8.2	-33.7	
126.2	20.5	0.8	-23.8	
150.8	5.7	-1.7	-11.5	
163.1	54.9	-9.1	-14.0	
187.7	182.8	5.7	0.8	
207.4	163.1	5.7	13.1	
200.0	20.5	8.2	25.4	
219.7	30.3	-1.7	20.5	
229.6	96.7	-4.1	13.1	
259.1	62.3	-1.7	10.6	
266.5	-18.9	-4.1	10.6	
276.3	-38.6	-21.4	5.7	
286.1	133.6	-4.1	8.2	
318.1	30.3	-1.7	8.2	
325.5	-9.1	15.5	10.6	
345.2	-60.7	22.9	8.2	
357.5	-154.2	15.5	22.9	
374.7	30.3	10.6	42.6	
396.8	64.7	10.6	69.7	
423.9	45.1	8.2	32.8	
436.2	47.5	8.2	-4.1	
460.8	67.2	22.9	-11.5	
485.4	40.1	27.8	-50.9	
490.3	57.4	27.8	-33.7	
534.6	22.9	27.8	10.6	
578.9	10.6	30.3	40.1	
588.7	3.2	22.9	-4.1	
598.6	27.8	20.5	-33.7	
598.6	40.1	15.5	5.7	
605.9	52.4	18.0	3.2	
596.1	77.0	27.8	-9.1	
645.3	37.7	27.8	-14.0	
655.1	94.3	25.4	13.1	
682.2	69.7	15.5	32.8	
704.3	59.8	15.5	25.4	
738.8	79.5	8.2	-11.5	
775.7	79.5	3.2	-14.0	
827.3	54.9	8.2	-16.4	
883.9	62.3	0.8	18.0	
906.1	40.1	-1.7	37.7	
908.5	50.0	-6.6	22.9	
928.2	10.6	0.8	52.4	
960.2	-46.0	13.1	116.4	
974.9	-75.5	3.2	91.8	
1019.2	-60.7	0.8	-11.5	
1029.1	-63.2	5.7	-70.6	
1068.4	-46.0	5.7	-151.7	
1139.8	-65.6	-9.1	-73.0	
1179.1	-55.8	15.5	-18.9	
1181.6	-55.8	3.2	50.0	
1189.0	-58.3	8.2	118.9	
1191.4	-92.7	13.1	136.1	
1218.5	-77.9	25.4	82.0	
1238.2	-65.6	8.2	-38.6	
1289.8	-31.2	-1.7	-18.9	
1343.9	-43.5	8.2	-122.2	
1410.4	-73.0	22.9	-132.1	
1457.1	-55.8	25.4	-90.2	
1521.1	-85.3	20.5	-38.6	
1575.2	-48.4	22.9	-6.6	
1614.5	-33.7	20.5	-4.1	
1653.9	-92.7	20.5	5.7	
1690.8	-33.7	20.5	15.5	
1752.3	-70.6	-1.7	8.2	
1769.5	-50.9	-26.3	13.1	
1784.3	-31.2	-23.8	3.2	
1860.5	-43.5	-18.9	22.9	
1872.8	-4.1	-18.9	22.9	
1897.4	-36.1	-14.0	25.4	
1922.0	-33.7	-4.1	25.4	
1941.7	3.2	-11.5	32.8	
1951.6	-4.1	-11.5	27.8	
1983.5	25.4	-4.1	18.0	
1998.3	15.5	18.0	25.4	
2015.5	3.2	27.8	25.4	
2037.7	-137.0	27.8	27.8	
2052.4	-53.3	10.6	35.2	
2077.0	-4.1	3.2	27.8	
2113.9	-4.1	22.9	25.4	
2143.4	13.1	45.1	30.3	
2153.3	27.8	35.2	27.8	
2177.9	8.2	42.6	25.4	
2182.8	-6.6	30.3	22.9	
2197.6	-6.6	35.2	25.4	
2217.2	18.0	25.4	15.5	
2241.8	20.5	18.0	5.7	
2254.1	0.8	3.2	15.5	
2249.2	0.8	-1.7	18.0	
2256.6	-4.1	3.2	13.1	
2246.8	-11.5	8.2	13.1	
2256.6	32.8	-11.5	13.1	
2236.9	3.2	-1.7	8.2	
2227.1	22.9	3.2	0.8	
2224.6	10.6	-4.1	0.8	
2219.7	-1.7	-1.7	-4.1	
2202.5	-18.9	5.7	10.6	
2209.9	-4.1	5.7	0.8	
2236.9	-9.1	-1.7	-6.6	
2207.4	25.4	10.6	-1.7	
2177.9	22.9	3.2	8.2	
2153.3	15.5	3.2	10.6	
2141.0	20.5	8.2	-6.6	
2113.9	-18.9	10.6	5.7	
2111.5	74.6	10.6	3.2	
2086.9	-41.0	5.7	0.8	
2045.0	37.7	0.8	-4.1	
2005.7	212.3	20.5	-9.1	
1968.8	-33.7	30.3	-11.5	
1929.4	-176.3	32.8	-9.1	
1882.7	-122.2	0.8	-14.0	
1823.6	-16.4	-18.9	-26.3	
1752.3	165.6	-9.1	-9.1	
1695.7	54.9	-6.6	-1.7	
1649.0	69.7	-33.7	-1.7	
1582.6	182.8	-18.9	0.8	
1489.1	239.4	-4.1	0.8	
1457.1	-154.2	13.1	-1.7	
1435.0	27.8	15.5	-9.1	
1403.0	45.1	30.3	-11.5	
1366.1	72.1	45.1	-1.7	
1351.3	42.6	77.0	10.6	
1336.6	8.2	52.4	-4.1	
1299.7	47.5	8.2	-11.5	
1267.7	45.1	-23.8	-9.1	
1223.4	62.3	-6.6	-1.7	
1179.1	42.6	-9.1	-11.5	
1117.6	10.6	-33.7	3.2	
1024.1	59.8	-36.1	-4.1	
947.9	20.5	-65.6	0.8	
876.5	50.0	-55.8	-1.7	
812.6	47.5	-1.7	5.7	
773.2	25.4	42.6	10.6	
765.8	-4.1	30.3	8.2	
788.0	22.9	35.2	25.4	
795.4	-6.6	25.4	52.4	
807.7	10.6	3.2	27.8	
792.9	-53.3	3.2	25.4	
770.8	-23.8	20.5	15.5	
751.1	13.1	37.7	8.2	
682.2	-9.1	52.4	-6.6	
578.9	-28.7	40.1	-9.1	
510.0	-38.6	35.2	3.2	
478.0	-38.6	22.9	8.2	
421.4	-60.7	20.5	10.6	
357.5	-36.1	30.3	15.5	
340.3	-33.7	18.0	18.0	
296.0	-6.6	18.0	20.5	
281.2	-33.7	15.5	18.0	
315.7	-31.2	10.6	13.1	
342.7	-16.4	-1.7	5.7	
359.9	13.1	-16.4	20.5	
389.5	30.3	5.7	18.0	
404.2	20.5	5.7	40.1	
372.2	-1.7	-4.1	18.0	
323.0	-60.7	-14.0	3.2	
241.9	-16.4	-9.1	0.8	
155.8	-23.8	-16.4	20.5	
91.8	13.1	-18.9	47.5	
-11.5	10.6	-23.8	42.6	
-92.7	13.1	-18.9	30.3	
-127.1	30.3	-16.4	0.8	
-132.1	-11.5	-9.1	8.2	
-124.7	-28.7	-21.4	-23.8	
-95.2	15.5	-21.4	-36.1	
-75.5	8.2	-9.1	-73.0	
-55.8	18.0	-9.1	-36.1	
-55.8	15.5	-1.7	27.8	
-68.1	18.0	-14.0	45.1	
-90.2	-6.6	-9.1	52.4	
-146.8	30.3	8.2	10.6	
-183.7	35.2	3.2	-38.6	
-166.5	42.6	3.2	-33.7	
-178.8	30.3	13.1	-28.7	
-178.8	32.8	10.6	-4.1	
-232.9	67.2	13.1	37.7	
-252.6	50.0	8.2	-26.3	
-264.9	0.8	10.6	-28.7	
-282.1	5.7	8.2	-31.2	
-279.7	0.8	5.7	-46.0	
-292.0	-4.1	10.6	-14.0	
-235.4	40.1	3.2	-26.3	
-237.8	47.5	13.1	-9.1	
-314.1	106.6	10.6	-16.4	
-397.7	64.7	8.2	8.2	
-478.9	42.6	10.6	10.6	
-493.7	37.7	3.2	10.6	
-471.5	20.5	-1.7	18.0	
-432.2	27.8	-11.5	37.7	
-346.1	54.9	3.2	25.4	
-326.4	30.3	0.8	0.8	
-321.5	18.0	5.7	-6.6	
-355.9	57.4	0.8	3.2	
-405.1	52.4	5.7	3.2	
-378.1	-21.4	5.7	5.7	
-191.1	37.7	3.2	20.5	
-36.1	13.1	8.2	5.7	
-100.1	30.3	-1.7	-1.7	
-137.0	42.6	15.5	5.7	
-193.6	45.1	13.1	-1.7	
-296.9	59.8	35.2	18.0	
-437.1	79.5	22.9	25.4	
-574.9	62.3	25.4	45.1	
-663.4	153.3	20.5	37.7	
-678.2	-360.8	8.2	18.0	
-675.7	-23.8	20.5	-6.6	
-653.6	-228.0	32.8	-1.7	
-680.6	57.4	35.2	30.3	
-717.5	54.9	30.3	64.7	
-722.5	86.9	30.3	62.3	
-700.3	446.0	22.9	82.0	
-663.4	394.4	18.0	45.1	
-643.7	382.1	27.8	-43.5	
-651.1	141.0	18.0	-55.8	
-658.5	281.2	30.3	-48.4	
-611.8	197.6	20.5	-36.1	
-574.9	219.7	15.5	47.5	
-513.4	-95.2	-1.7	67.2	
-496.1	158.2	0.8	27.8	
-459.2	143.5	-4.1	-58.3	
-454.3	138.5	-1.7	-77.9	
-478.9	170.5	-11.5	-11.5	
-528.1	165.6	-4.1	5.7	
-547.8	133.6	-1.7	-18.9	
-560.1	177.9	5.7	0.8	
-562.6	177.9	3.2	-23.8	
-565.0	131.2	3.2	-48.4	
-555.2	123.8	8.2	-85.3	
-510.9	133.6	15.5	-38.6	
-483.8	133.6	20.5	-14.0	
-486.3	409.1	30.3	-11.5	
-523.2	101.6	22.9	8.2	
-515.8	69.7	13.1	15.5	
-481.4	52.4	32.8	27.8	
-476.5	-137.0	27.8	27.8	
-496.1	-100.1	20.5	13.1	
-510.9	-127.1	25.4	5.7	
-528.1	-95.2	22.9	8.2	
-515.8	-60.7	27.8	5.7	
-528.1	-46.0	22.9	-9.1	
-545.3	-36.1	20.5	0.8	
-535.5	-4.1	15.5	-1.7	
-542.9	-18.9	13.1	-1.7	
-518.3	13.1	18.0	-4.1	
-432.2	22.9	15.5	5.7	
-351.0	30.3	5.7	5.7	
-264.9	69.7	3.2	-4.1	
-262.4	47.5	3.2	-1.7	
-235.4	57.4	10.6	-4.1	
-213.2	27.8	-16.4	3.2	
-247.7	64.7	-23.8	5.7	
-299.3	109.0	-23.8	-11.5	
-336.2	54.9	3.2	0.8	
-385.4	79.5	20.5	-4.1	
-449.4	52.4	30.3	-4.1	
-501.1	67.2	42.6	-1.7	
-560.1	72.1	8.2	3.2	
-592.1	54.9	15.5	-4.1	
-592.1	59.8	13.1	-11.5	
-567.5	40.1	35.2	3.2	
-501.1	89.3	18.0	3.2	
-476.5	47.5	22.9	13.1	
-459.2	54.9	20.5	22.9	
-444.5	67.2	25.4	18.0	
-437.1	77.0	15.5	-9.1	
-417.4	64.7	10.6	-11.5	
-432.2	91.8	3.2	25.4	
-434.6	77.0	-1.7	74.6	
-434.6	69.7	0.8	96.7	
-432.2	52.4	-1.7	47.5	
-429.7	54.9	0.8	-21.4	
-405.1	42.6	-4.1	-80.4	
-419.9	67.2	0.8	-80.4	
-392.8	59.8	5.7	-50.9	
-341.2	47.5	-16.4	-23.8	
-355.9	54.9	-4.1	22.9	
-375.6	54.9	3.2	69.7	
-380.5	52.4	-9.1	91.8	
-395.3	45.1	5.7	113.9	
-378.1	54.9	3.2	99.2	
-385.4	27.8	8.2	121.3	
-405.1	-33.7	8.2	-28.7	
-434.6	18.0	13.1	-53.3	
-454.3	-41.0	8.2	40.1	
-466.6	-48.4	3.2	40.1	
-496.1	-70.6	5.7	50.0	
-474.0	-46.0	10.6	-159.1	
-446.9	-46.0	3.2	-151.7	
-424.8	-41.0	-9.1	-114.8	
-353.5	-87.8	-9.1	-65.6	
-319.0	155.8	-9.1	-14.0	
-267.4	175.4	-1.7	-60.7	
-262.4	158.2	0.8	-33.7	
-250.1	113.9	8.2	-31.2	
-230.5	77.0	-1.7	-38.6	
-218.2	72.1	-4.1	-36.1	
-230.5	50.0	0.8	-26.3	
-245.2	35.2	-4.1	-23.8	
-257.5	3.2	0.8	5.7	
-250.1	30.3	0.8	-4.1	
-269.8	13.1	-1.7	-16.4	
-306.7	3.2	0.8	-18.9	
-336.2	-4.1	5.7	-16.4	
-323.9	-73.0	5.7	-4.1	
-326.4	64.7	18.0	-1.7	
-250.1	-188.6	8.2	-6.6	
-173.9	-200.9	-11.5	-1.7	
-188.6	-77.9	-4.1	-4.1	
-220.6	-161.6	3.2	15.5	
-220.6	113.9	-6.6	40.1	
-232.9	-46.0	5.7	57.4	
-272.3	-105.0	-21.4	86.9	
-336.2	-36.1	-9.1	37.7	
-405.1	-9.1	-9.1	45.1	
-446.9	-260.0	-6.6	-38.6	
-469.1	99.2	-9.1	-169.0	
-491.2	-68.1	8.2	-41.0	
-493.7	-166.5	5.7	133.6	
-449.4	35.2	-4.1	160.7	
-444.5	-16.4	-6.6	57.4	
-437.1	-11.5	0.8	54.9	
-419.9	-55.8	-16.4	-26.3	
-390.4	-18.9	-9.1	-102.5	
-363.3	-21.4	5.7	-73.0	
-338.7	-21.4	-14.0	-33.7	
-338.7	-50.9	-4.1	15.5	
-365.8	-65.6	8.2	25.4	
-368.2	-65.6	0.8	27.8	
-353.5	-164.0	15.5	35.2	
-346.1	-132.1	20.5	54.9	
-316.6	-97.6	27.8	101.6	
-292.0	-38.6	10.6	109.0	
-274.7	-33.7	10.6	99.2	
-264.9	-11.5	22.9	113.9	
-250.1	50.0	0.8	77.0	
-245.2	0.8	10.6	37.7	
-245.2	30.3	3.2	15.5	
-223.1	40.1	5.7	5.7	
-240.3	35.2	0.8	-80.4	
-232.9	185.3	3.2	-95.2	
-228.0	214.8	-1.7	-63.2	
-242.8	153.3	-6.6	-154.2	
-272.3	128.7	-11.5	-119.8	
-292.0	131.2	-11.5	-23.8	
-309.2	101.6	5.7	-9.1	
-314.1	84.4	-1.7	8.2	
-311.6	69.7	0.8	3.2	
-272.3	45.1	-4.1	18.0	
-186.2	32.8	3.2	30.3	
-112.4	27.8	0.8	27.8	
-58.3	-4.1	-21.4	15.5	
-63.2	37.7	-26.3	20.5	
-58.3	84.4	-1.7	32.8	
-112.4	42.6	0.8	45.1	
-166.5	45.1	37.7	37.7	
-200.9	62.3	45.1	35.2	
-208.3	27.8	47.5	40.1	
-196.0	62.3	32.8	40.1	
-183.7	52.4	-6.6	27.8	
-159.1	47.5	-16.4	25.4	
-107.5	42.6	25.4	25.4	
-105.0	20.5	40.1	27.8	
-97.6	3.2	47.5	32.8	
-107.5	13.1	3.2	20.5	
-117.3	25.4	0.8	13.1	
-119.8	-1.7	8.2	15.5	
-134.5	3.2	13.1	20.5	
-132.1	22.9	-16.4	10.6	
-122.2	47.5	-43.5	8.2	
-122.2	32.8	-53.3	13.1	
-122.2	35.2	-43.5	13.1	
-114.8	13.1	-1.7	8.2	
-119.8	30.3	30.3	3.2	
-107.5	25.4	10.6	10.6	
-102.5	5.7	-16.4	5.7	
-102.5	45.1	-16.4	8.2	
-90.2	27.8	-33.7	5.7	
-85.3	35.2	-9.1	8.2	
-82.9	47.5	-1.7	10.6	
-70.6	47.5	5.7	13.1	
-60.7	54.9	8.2	20.5	
-82.9	67.2	15.5	25.4	
-65.6	27.8	3.2	25.4	
-70.6	40.1	8.2	18.0	
-60.7	42.6	5.7	25.4	
-63.2	-1.7	3.2	15.5	
-58.3	42.6	-4.1	8.2	
-58.3	20.5	0.8	5.7	
-55.8	54.9	-4.1	-1.7	
-55.8	77.0	-4.1	5.7	
-41.0	77.0	8.2	3.2	
-48.4	54.9	20.5	18.0	
-50.9	32.8	25.4	25.4	
-48.4	57.4	13.1	10.6	
-46.0	52.4	0.8	3.2	
-53.3	59.8	-9.1	-1.7	
-46.0	45.1	-11.5	13.1	
-43.5	50.0	-11.5	15.5	
-21.4	64.7	5.7	-16.4	
-18.9	74.6	3.2	-6.6	
-36.1	67.2	13.1	5.7	
-28.7	62.3	15.5	-9.1	
-28.7	57.4	5.7	8.2	
-18.9	59.8	10.6	0.8	
-16.4	-119.8	13.1	18.0	
-26.3	209.9	5.7	20.5	
5.7	18.0	20.5	22.9	
-21.4	69.7	-4.1	15.5	
-28.7	155.8	8.2	-16.4	
-33.7	94.3	8.2	-21.4	
-28.7	197.6	-4.1	18.0	
-11.5	84.4	10.6	3.2	
-23.8	207.4	5.7	0.8	
0.8	163.1	10.6	-9.1	
-9.1	18.0	-18.9	-23.8	
-16.4	18.0	-1.7	-41.0	
-28.7	72.1	-4.1	-18.9	
-36.1	-132.1	5.7	8.2	
-43.5	32.8	-4.1	25.4	
-46.0	69.7	0.8	27.8	
-53.3	52.4	-11.5	-26.3	
-48.4	50.0	-1.7	-36.1	
-58.3	13.1	-6.6	8.2	
-46.0	8.2	-6.6	10.6	
-50.9	-9.1	-6.6	8.2	
-43.5	30.3	-6.6	37.7	
-41.0	32.8	-6.6	52.4	
-33.7	25.4	15.5	89.3	
-38.6	-43.5	8.2	118.9	
-36.1	13.1	15.5	74.6	
-31.2	13.1	30.3	-60.7	
-21.4	0.8	35.2	-82.9	
-18.9	3.2	47.5	-46.0	
-18.9	25.4	35.2	-58.3	
-11.5	47.5	27.8	-18.9	
5.7	45.1	37.7	-21.4	
20.5	42.6	35.2	-18.9	
20.5	64.7	30.3	5.7	
27.8	30.3	22.9	8.2	
22.9	22.9	20.5	15.5	
18.0	52.4	22.9	22.9	
32.8	54.9	18.0	25.4	
22.9	57.4	18.0	57.4	
50.0	45.1	8.2	-21.4	
54.9	52.4	5.7	-50.9	
62.3	47.5	-1.7	13.1	
74.6	8.2	8.2	40.1	
84.4	62.3	13.1	-11.5	
96.7	18.0	27.8	-14.0	
86.9	45.1	8.2	-36.1	
109.0	8.2	13.1	-46.0	
121.3	30.3	22.9	-16.4	
131.2	15.5	10.6	8.2	
138.5	54.9	0.8	-4.1	
143.5	15.5	-9.1	-1.7	
141.0	-33.7	-9.1	15.5	
148.4	-33.7	-11.5	8.2	
163.1	27.8	-18.9	5.7	
190.2	15.5	-18.9	15.5	
200.0	72.1	-4.1	20.5	
217.3	-90.2	-4.1	18.0	
212.3	101.6	5.7	20.5	
229.6	30.3	-9.1	10.6	
256.6	59.8	-1.7	8.2	
281.2	109.0	-9.1	10.6	
298.4	72.1	20.5	15.5	
305.8	32.8	47.5	18.0	
355.0	79.5	32.8	20.5	
389.5	77.0	15.5	18.0	
401.8	59.8	-18.9	27.8	
428.8	86.9	-36.1	10.6	
426.4	109.0	-18.9	22.9	
428.8	74.6	-1.7	30.3	
431.3	106.6	-11.5	13.1	
433.7	74.6	0.8	8.2	
436.2	104.1	3.2	3.2	
446.0	96.7	13.1	-1.7	
441.1	128.7	25.4	-6.6	
451.0	99.2	27.8	0.8	
438.7	150.8	-1.7	-4.1	
451.0	126.2	-9.1	10.6	
458.3	118.9	3.2	8.2	
443.6	136.1	8.2	15.5	
441.1	123.8	5.7	-9.1	
446.0	123.8	13.1	-33.7	
443.6	72.1	20.5	-28.7	
443.6	50.0	10.6	-4.1	
448.5	22.9	13.1	20.5	
426.4	42.6	10.6	-9.1	
443.6	52.4	13.1	-46.0	
436.2	54.9	15.5	-55.8	
433.7	10.6	10.6	-38.6	
423.9	37.7	13.1	-14.0	
436.2	3.2	25.4	-6.6	
438.7	3.2	22.9	-9.1	
421.4	35.2	27.8	-4.1	
441.1	-4.1	32.8	0.8	
448.5	8.2	35.2	8.2	
463.3	15.5	32.8	30.3	
485.4	-4.1	20.5	18.0	
487.9	15.5	35.2	18.0	
497.7	-1.7	20.5	15.5	
510.0	-26.3	5.7	22.9	
544.4	-6.6	5.7	47.5	
569.0	25.4	15.5	18.0	
581.3	141.0	8.2	22.9	
581.3	113.9	5.7	18.0	
566.6	158.2	-4.1	8.2	
578.9	-87.8	25.4	8.2	
583.8	45.1	30.3	27.8	
574.0	143.5	8.2	22.9	
537.1	-58.3	-11.5	20.5	
539.5	-107.5	-36.1	20.5	
539.5	18.0	-21.4	18.0	
542.0	-129.6	-6.6	15.5	
532.1	-292.0	0.8	25.4	
458.3	13.1	-1.7	54.9	
453.4	-208.3	-6.6	91.8	
468.2	-38.6	-1.7	91.8	
465.7	-16.4	0.8	74.6	
500.2	-31.2	-6.6	20.5	
542.0	-26.3	0.8	52.4	
527.2	-11.5	5.7	67.2	
537.1	-31.2	3.2	69.7	
551.8	-33.7	3.2	-1.7	
519.8	-55.8	0.8	30.3	
455.9	-31.2	-9.1	74.6	
431.3	-33.7	-1.7	113.9	
426.4	-11.5	-4.1	-109.9	
416.5	-14.0	-1.7	-240.3	
367.3	-31.2	-9.1	-193.6	
342.7	-31.2	-1.7	-213.2	
332.9	-26.3	-1.7	-166.5	
325.5	-28.7	-4.1	-68.1	
337.8	0.8	-1.7	-38.6	
340.3	-33.7	-23.8	-14.0	
342.7	15.5	3.2	42.6	
367.3	0.8	8.2	54.9	
401.8	-4.1	0.8	18.0	
436.2	-4.1	10.6	8.2	
458.3	18.0	0.8	35.2	
495.2	22.9	0.8	8.2	
475.6	5.7	-4.1	5.7	
470.6	22.9	-1.7	22.9	
475.6	15.5	-11.5	37.7	
460.8	32.8	-4.1	22.9	
455.9	-21.4	-4.1	8.2	
455.9	35.2	3.2	10.6	
470.6	18.0	-1.7	25.4	
480.5	59.8	-9.1	27.8	
495.2	37.7	-4.1	32.8	
458.3	20.5	0.8	22.9	
411.6	47.5	15.5	30.3	
364.9	18.0	-1.7	22.9	
352.6	20.5	-9.1	18.0	
305.8	30.3	-6.6	25.4	
296.0	79.5	0.8	15.5	
337.8	47.5	10.6	-11.5	
374.7	54.9	-6.6	18.0	
433.7	57.4	0.8	22.9	
497.7	64.7	3.2	32.8	
583.8	69.7	-1.7	50.0	
623.2	69.7	3.2	86.9	
633.0	42.6	-6.6	94.3	
630.5	59.8	3.2	54.9	
613.3	72.1	5.7	-70.6	
539.5	86.9	10.6	-70.6	
480.5	62.3	10.6	-14.0	
416.5	94.3	10.6	-48.4	
426.4	50.0	20.5	-11.5	
517.4	79.5	20.5	-4.1	
544.4	138.5	20.5	15.5	
546.9	67.2	13.1	25.4	
524.8	99.2	8.2	15.5	
487.9	94.3	5.7	8.2	
428.8	113.9	5.7	0.8	
401.8	89.3	3.2	-4.1	
342.7	104.1	5.7	0.8	
283.7	109.0	5.7	8.2	
200.0	84.4	3.2	8.2	
133.6	109.0	-11.5	10.6	
94.3	86.9	-18.9	8.2	
111.5	104.1	-18.9	10.6	
42.6	82.0	-4.1	30.3	
-43.5	82.0	10.6	62.3	
-63.2	89.3	22.9	74.6	
-31.2	84.4	37.7	91.8	
18.0	77.0	22.9	104.1	
54.9	47.5	22.9	101.6	
62.3	30.3	18.0	148.4	
42.6	74.6	8.2	163.1	
22.9	101.6	20.5	67.2	
35.2	106.6	22.9	-65.6	
128.7	82.0	32.8	-48.4	
82.0	64.7	25.4	-205.9	
-50.9	42.6	25.4	-228.0	
-154.2	67.2	13.1	-122.2	
-213.2	35.2	5.7	-58.3	
-247.7	3.2	15.5	5.7	
-336.2	47.5	27.8	50.0	
-432.2	50.0	18.0	89.3	
-510.9	30.3	5.7	121.3	
-565.0	20.5	8.2	0.8	
-488.8	59.8	22.9	-117.3	
-434.6	-60.7	18.0	-97.6	
-437.1	86.9	20.5	22.9	
-456.8	-36.1	5.7	20.5	
-496.1	52.4	-4.1	-14.0	
-540.4	54.9	-9.1	18.0	
-604.4	190.2	-11.5	3.2	
-601.9	165.6	-1.7	-18.9	
-636.4	-109.9	-4.1	0.8	
-621.6	-109.9	-1.7	-31.2	
-606.8	-107.5	-9.1	-1.7	
-626.5	50.0	-6.6	25.4	
-643.7	59.8	-4.1	10.6	
-636.4	-132.1	-6.6	-38.6	
-594.5	-230.5	-6.6	5.7	
-592.1	22.9	-14.0	42.6	
-584.7	69.7	-9.1	113.9	
-606.8	22.9	5.7	79.5	
-626.5	37.7	-4.1	30.3	
-629.0	22.9	10.6	30.3	
-606.8	54.9	-6.6	-23.8	
-567.5	47.5	5.7	-18.9	
-542.9	30.3	-1.7	-16.4	
-525.7	69.7	0.8	-4.1	
-506.0	22.9	10.6	8.2	
-459.2	-28.7	3.2	5.7	
-464.2	-14.0	5.7	13.1	
-469.1	18.0	20.5	20.5	
-476.5	25.4	10.6	30.3	
-498.6	13.1	3.2	30.3	
-488.8	-191.1	-6.6	10.6	
-469.1	-208.3	-6.6	-16.4	
-464.2	-171.4	10.6	-6.6	
-449.4	-141.9	5.7	-23.8	
-442.0	-87.8	5.7	-4.1	
-437.1	-85.3	5.7	10.6	
-407.6	-58.3	8.2	18.0	
-390.4	-73.0	0.8	32.8	
-390.4	-26.3	-4.1	42.6	
-424.8	-60.7	-23.8	45.1	
-427.3	-11.5	-4.1	52.4	
-422.3	-23.8	3.2	50.0	
-417.4	-23.8	-9.1	13.1	
-432.2	8.2	-9.1	-33.7	
-451.9	8.2	-9.1	-48.4	
-476.5	-9.1	-4.1	-80.4	
-486.3	-23.8	3.2	-50.9	
-481.4	32.8	-1.7	-28.7	
-491.2	18.0	3.2	-16.4	
-488.8	27.8	-4.1	3.2	
-474.0	15.5	0.8	-14.0	
-469.1	-11.5	-1.7	40.1	
-446.9	15.5	3.2	67.2	
-427.3	32.8	-11.5	27.8	
-429.7	15.5	-9.1	-11.5	
-427.3	59.8	-1.7	5.7	
-442.0	40.1	0.8	10.6	
-444.5	35.2	-6.6	52.4	
-461.7	32.8	-11.5	47.5	
-466.6	25.4	3.2	-26.3	
-429.7	42.6	15.5	-21.4	
-412.5	40.1	8.2	-33.7	
-429.7	54.9	-1.7	-31.2	
-429.7	74.6	0.8	-4.1	
-402.7	67.2	-6.6	32.8	
-419.9	101.6	8.2	131.2	
-417.4	52.4	13.1	45.1	
-405.1	37.7	15.5	18.0	
-427.3	40.1	18.0	-85.3	
-427.3	47.5	13.1	-92.7	
-464.2	59.8	8.2	-33.7	
-481.4	27.8	8.2	-102.5	
-503.5	15.5	-6.6	-102.5	
-501.1	15.5	0.8	-38.6	
-466.6	59.8	-4.1	57.4	
-456.8	42.6	-9.1	86.9	
-503.5	54.9	5.7	-11.5	
-535.5	47.5	-1.7	-4.1	
-567.5	27.8	-9.1	-65.6	
-592.1	57.4	10.6	-23.8	
-555.2	59.8	27.8	-18.9	
-523.2	50.0	32.8	-21.4	
-493.7	25.4	35.2	13.1	
-486.3	57.4	27.8	15.5	
-525.7	40.1	10.6	5.7	
-506.0	52.4	-1.7	5.7	
-506.0	-26.3	3.2	10.6	
-498.6	25.4	3.2	27.8	
-488.8	-16.4	-4.1	47.5	
-483.8	-6.6	0.8	47.5	
-483.8	30.3	10.6	30.3	
-444.5	20.5	8.2	0.8	
-405.1	32.8	37.7	15.5	
-402.7	15.5	20.5	18.0	
-395.3	37.7	5.7	25.4	
-397.7	35.2	5.7	25.4	
-415.0	25.4	-14.0	13.1	
-405.1	35.2	-14.0	27.8	
-410.0	-1.7	-4.1	10.6	
-415.0	-11.5	10.6	3.2	
-402.7	-9.1	22.9	0.8	
-422.3	492.8	37.7	-4.1	
-432.2	293.5	42.6	3.2	
-405.1	212.3	30.3	5.7	
-395.3	133.6	10.6	-4.1	
-378.1	-33.7	-28.7	-4.1	
-355.9	-173.9	-43.5	-4.1	
-338.7	143.5	-31.2	-1.7	
-326.4	35.2	-1.7	0.8	
-316.6	54.9	30.3	-1.7	
-287.0	18.0	10.6	13.1	
-277.2	-245.2	15.5	22.9	
-284.6	-58.3	25.4	8.2	
-252.6	96.7	25.4	10.6	
-240.3	-90.2	20.5	15.5	
-215.7	35.2	8.2	35.2	
-215.7	84.4	5.7	45.1	
-223.1	54.9	-6.6	69.7	
-225.5	52.4	-4.1	79.5	
-228.0	30.3	-1.7	18.0	
-200.9	18.0	8.2	-43.5	
-186.2	8.2	0.8	-60.7	
-188.6	15.5	0.8	-55.8	
-171.4	-9.1	-14.0	-31.2	
-183.7	-23.8	-4.1	-9.1	
-205.9	-55.8	-9.1	-1.7	
-196.0	-43.5	-6.6	-18.9	
-176.3	-38.6	-16.4	-14.0	
-178.8	-90.2	-6.6	-4.1	
-169.0	-46.0	-6.6	8.2	
-186.2	-36.1	-18.9	20.5	
-156.7	-26.3	-16.4	18.0	
-178.8	67.2	-23.8	20.5	
-230.5	15.5	0.8	18.0	
-284.6	22.9	10.6	5.7	
-269.8	74.6	-1.7	0.8	
-245.2	69.7	0.8	5.7	
-235.4	77.0	-14.0	15.5	
-181.3	25.4	-4.1	-11.5	
-186.2	32.8	-6.6	5.7	
-198.5	37.7	-6.6	-33.7	
-213.2	27.8	-9.1	-31.2	
-220.6	25.4	-9.1	-23.8	
-242.8	22.9	-16.4	-11.5	
-210.8	8.2	-1.7	-9.1	
-242.8	-9.1	-4.1	-9.1	
-292.0	3.2	-18.9	3.2	
-338.7	15.5	-23.8	8.2	
-294.4	-14.0	-31.2	0.8	
-247.7	-31.2	-4.1	10.6	
-203.4	-46.0	10.6	13.1	
-173.9	-33.7	32.8	0.8	
-129.6	-43.5	50.0	5.7	
-117.3	-33.7	32.8	25.4	
-109.9	-21.4	30.3	30.3	
-82.9	-18.9	27.8	47.5	
-41.0	-36.1	15.5	3.2	
-80.4	-28.7	30.3	30.3	
-102.5	10.6	20.5	0.8	
-87.8	18.0	37.7	-9.1	
-65.6	37.7	50.0	-18.9	
-46.0	3.2	32.8	-63.2	
-16.4	-4.1	-4.1	-28.7	
13.1	20.5	-55.8	-1.7	
47.5	-9.1	-60.7	3.2	
72.1	5.7	-41.0	8.2	
89.3	8.2	-26.3	30.3	
86.9	3.2	5.7	22.9	
101.6	22.9	35.2	25.4	
123.8	22.9	32.8	0.8	
133.6	37.7	-9.1	-9.1	
141.0	52.4	-68.1	-4.1	
143.5	50.0	-100.1	25.4	
138.5	-4.1	-43.5	27.8	
143.5	10.6	0.8	25.4	
143.5	62.3	25.4	22.9	
143.5	50.0	35.2	13.1	
145.9	40.1	25.4	15.5	
150.8	-1.7	27.8	13.1	
150.8	54.9	22.9	13.1	
138.5	59.8	18.0	10.6	
153.3	64.7	10.6	8.2	
155.8	50.0	3.2	18.0	
148.4	64.7	-16.4	10.6	
148.4	0.8	-23.8	-4.1	
141.0	-28.7	-4.1	-1.7	
153.3	10.6	-11.5	10.6	
160.7	-1.7	-9.1	40.1	
148.4	5.7	-11.5	64.7	
141.0	32.8	-11.5	99.2	
126.2	22.9	-9.1	69.7	
116.4	59.8	-4.1	0.8	
111.5	67.2	-4.1	-21.4	
106.6	69.7	-1.7	35.2	
104.1	59.8	0.8	0.8	
99.2	42.6	13.1	15.5	
96.7	86.9	15.5	45.1	
86.9	47.5	22.9	5.7	
69.7	91.8	8.2	-48.4	
69.7	79.5	10.6	-53.3	
45.1	77.0	3.2	-18.9	
50.0	101.6	13.1	-28.7	
52.4	-31.2	15.5	-28.7	
54.9	116.4	22.9	-36.1	
47.5	15.5	15.5	3.2	
42.6	126.2	15.5	3.2	
40.1	123.8	20.5	30.3	
37.7	-60.7	25.4	-4.1	
32.8	-127.1	10.6	-90.2	
18.0	-63.2	0.8	-68.1	
18.0	-171.4	8.2	-53.3	
3.2	109.0	-1.7	-28.7	
-16.4	13.1	8.2	-16.4	
-16.4	131.2	10.6	-9.1	
-21.4	-151.7	20.5	-9.1	
-31.2	101.6	18.0	-4.1	
-28.7	54.9	15.5	3.2	
-41.0	109.0	8.2	22.9	
-43.5	96.7	22.9	22.9	
-55.8	84.4	22.9	18.0	
-48.4	91.8	15.5	35.2	
-55.8	86.9	-1.7	20.5	
-46.0	86.9	-1.7	13.1	
-46.0	128.7	20.5	22.9	
-60.7	128.7	22.9	13.1	
-58.3	118.9	30.3	20.5	
-58.3	116.4	15.5	37.7	
-65.6	104.1	20.5	3.2	
-50.9	89.3	13.1	-14.0	
-55.8	86.9	22.9	8.2	
-58.3	94.3	35.2	8.2	
-36.1	94.3	45.1	10.6	
-33.7	54.9	47.5	-1.7	
-33.7	77.0	30.3	3.2	
-33.7	77.0	25.4	-4.1	
-48.4	69.7	22.9	-1.7	
-46.0	109.0	5.7	0.8	
-43.5	45.1	-26.3	3.2	
-43.5	57.4	-28.7	0.8	
-50.9	79.5	-18.9	-4.1	
-36.1	67.2	0.8	-4.1	
-26.3	86.9	8.2	13.1	
-18.9	52.4	22.9	32.8	
-11.5	77.0	37.7	32.8	
-1.7	32.8	40.1	18.0	
27.8	10.6	37.7	18.0	
47.5	35.2	27.8	0.8	
45.1	54.9	25.4	30.3	
52.4	50.0	27.8	62.3	
86.9	18.0	15.5	74.6	
106.6	-18.9	27.8	47.5	
121.3	30.3	27.8	15.5	
133.6	0.8	18.0	-9.1	
158.2	5.7	20.5	35.2	
175.4	32.8	15.5	45.1	
212.3	47.5	25.4	52.4	
241.9	32.8	15.5	30.3	
266.5	22.9	8.2	-87.8	
305.8	27.8	15.5	-100.1	
320.6	15.5	8.2	-97.6	
347.6	0.8	8.2	-36.1	
369.8	-1.7	5.7	-18.9	
382.1	37.7	8.2	-6.6	
391.9	18.0	8.2	-9.1	
421.4	-1.7	-4.1	0.8	
460.8	27.8	0.8	-16.4	
478.0	0.8	5.7	13.1	
495.2	32.8	5.7	27.8	
517.4	35.2	13.1	22.9	
532.1	27.8	25.4	-14.0	
574.0	5.7	22.9	-21.4	
571.5	-6.6	18.0	-4.1	
566.6	30.3	13.1	32.8	
569.0	15.5	20.5	8.2	
566.6	25.4	13.1	-14.0	
556.7	22.9	13.1	-1.7	
556.7	89.3	27.8	3.2	
556.7	-73.0	18.0	-21.4	
569.0	84.4	10.6	-21.4	
571.5	72.1	3.2	3.2	
591.2	111.5	3.2	72.1	
586.3	67.2	8.2	116.4	
571.5	64.7	-9.1	89.3	
583.8	82.0	0.8	32.8	
591.2	45.1	-6.6	-33.7	
578.9	77.0	-6.6	-53.3	
578.9	74.6	-4.1	-28.7	
591.2	79.5	3.2	-36.1	
583.8	64.7	10.6	-43.5	
598.6	52.4	0.8	-63.2	
623.2	22.9	0.8	-43.5	
625.6	47.5	-1.7	-23.8	
623.2	40.1	5.7	-41.0	
637.9	37.7	0.8	0.8	
662.5	30.3	0.8	5.7	
694.5	35.2	-1.7	27.8	
743.7	64.7	8.2	3.2	
792.9	67.2	-6.6	-9.1	
802.7	-9.1	0.8	-6.6	
802.7	-9.1	-4.1	-11.5	
829.8	20.5	-1.7	-6.6	
824.9	187.7	-6.6	10.6	
839.6	249.2	-18.9	-18.9	
842.1	-46.0	-9.1	-43.5	
864.2	-33.7	-16.4	-1.7	
883.9	-132.1	-4.1	15.5	
888.8	84.4	-18.9	0.8	
918.4	-129.6	-4.1	-23.8	
928.2	64.7	-6.6	-14.0	
947.9	-41.0	-4.1	42.6	
952.8	168.1	13.1	94.3	
977.4	-38.6	10.6	145.9	
997.1	-46.0	0.8	104.1	
989.7	-53.3	0.8	-26.3	
977.4	-282.1	0.8	-77.9	
982.3	-60.7	5.7	-186.2	
957.7	-36.1	8.2	-129.6	
955.3	-43.5	8.2	-48.4	
935.6	-6.6	5.7	18.0	
898.7	-60.7	13.1	22.9	
874.1	-14.0	22.9	8.2	
864.2	-41.0	25.4	0.8	
839.6	-1.7	10.6	22.9	
817.5	-6.6	10.6	5.7	
805.2	8.2	27.8	-1.7	
788.0	-26.3	22.9	8.2	
758.5	3.2	25.4	32.8	
743.7	-4.1	20.5	35.2	
716.6	3.2	-1.7	50.0	
701.9	0.8	-4.1	20.5	
655.1	10.6	15.5	18.0	
635.5	10.6	18.0	27.8	
583.8	0.8	27.8	50.0	
561.7	0.8	8.2	22.9	
537.1	3.2	3.2	-6.6	
487.9	8.2	-4.1	0.8	
490.3	-21.4	-16.4	10.6	
482.9	3.2	-9.1	30.3	
478.0	18.0	5.7	10.6	
478.0	15.5	25.4	5.7	
475.6	42.6	32.8	3.2	
416.5	-11.5	35.2	0.8	
364.9	-6.6	15.5	8.2	
313.2	-1.7	10.6	20.5	
303.4	37.7	-9.1	3.2	
313.2	30.3	-36.1	13.1	
328.0	-26.3	-33.7	40.1	
328.0	3.2	-6.6	64.7	
308.3	42.6	-9.1	84.4	
286.1	10.6	13.1	82.0	
271.4	0.8	37.7	59.8	
246.8	35.2	27.8	32.8	
234.5	45.1	25.4	35.2	
207.4	47.5	15.5	30.3	
207.4	50.0	10.6	13.1	
239.4	84.4	13.1	-48.4	
303.4	79.5	30.3	-63.2	
414.1	67.2	18.0	-28.7	
443.6	67.2	22.9	-23.8	
458.3	47.5	18.0	-1.7	
428.8	52.4	15.5	0.8	
377.2	111.5	25.4	42.6	
330.4	59.8	27.8	96.7	
281.2	57.4	27.8	69.7	
207.4	32.8	25.4	40.1	
150.8	35.2	18.0	-70.6	
94.3	-6.6	20.5	-100.1	
45.1	13.1	15.5	-41.0	
35.2	-6.6	5.7	-28.7	
-1.7	40.1	3.2	-23.8	
-55.8	-4.1	5.7	-9.1	
-63.2	8.2	5.7	15.5	
-85.3	30.3	-4.1	25.4	
-105.0	64.7	-6.6	86.9	
-100.1	50.0	3.2	74.6	
-100.1	47.5	30.3	3.2	
-23.8	59.8	18.0	-4.1	
62.3	47.5	20.5	-60.7	
177.9	67.2	18.0	-33.7	
222.2	50.0	25.4	-21.4	
155.8	77.0	27.8	82.0	
94.3	89.3	20.5	126.2	
143.5	84.4	15.5	15.5	
126.2	64.7	8.2	-63.2	
136.1	74.6	13.1	-55.8	
121.3	64.7	27.8	-11.5	
86.9	77.0	22.9	-11.5	
20.5	101.6	27.8	-9.1	
22.9	113.9	18.0	-21.4	
32.8	72.1	18.0	47.5	
-31.2	91.8	20.5	37.7	
-70.6	96.7	18.0	32.8	
-102.5	104.1	18.0	27.8	
-173.9	101.6	8.2	18.0	
-223.1	52.4	-14.0	25.4	
-218.2	72.1	-11.5	32.8	
-225.5	91.8	5.7	54.9	
-267.4	35.2	3.2	35.2	
-203.4	91.8	18.0	42.6	
-77.9	138.5	22.9	32.8	
-77.9	96.7	20.5	15.5	
-149.3	-171.4	5.7	27.8	
-159.1	62.3	-6.6	69.7	
-198.5	54.9	-4.1	96.7	
-242.8	35.2	8.2	101.6	
-203.4	200.0	-1.7	52.4	
-203.4	-228.0	-6.6	15.5	
-257.5	-245.2	-11.5	40.1	
-287.0	96.7	0.8	69.7	
-348.5	138.5	-4.1	45.1	
-400.2	153.3	-6.6	30.3	
-429.7	-156.7	-18.9	57.4	
-446.9	20.5	-28.7	-14.0	
-427.3	18.0	-18.9	-48.4	
-424.8	-267.4	-23.8	13.1	
-442.0	-33.7	-14.0	143.5	
-402.7	-11.5	-1.7	-33.7	
-400.2	5.7	0.8	-176.3	
-417.4	-9.1	0.8	-112.4	
-451.9	-11.5	10.6	8.2	
-488.8	-1.7	20.5	37.7	
-508.4	-50.9	20.5	10.6	
-525.7	-14.0	18.0	-77.9	
-510.9	42.6	20.5	-55.8	
-520.7	5.7	27.8	-14.0	
-528.1	-132.1	20.5	96.7	
-513.4	-154.2	20.5	116.4	
-503.5	-178.8	8.2	-9.1	
-503.5	-117.3	8.2	-77.9	
-464.2	-102.5	3.2	-85.3	
-429.7	-68.1	-4.1	-50.9	
-378.1	-16.4	-6.6	8.2	
-346.1	20.5	-4.1	40.1	
-326.4	-68.1	10.6	67.2	
-343.6	-38.6	27.8	113.9	
-363.3	-58.3	37.7	106.6	
-383.0	-77.9	40.1	54.9	
-427.3	-48.4	32.8	0.8	
-491.2	-6.6	3.2	-50.9	
-520.7	-41.0	-1.7	-46.0	
-528.1	-36.1	13.1	-21.4	
-518.3	-48.4	5.7	-14.0	
-508.4	-11.5	-9.1	32.8	
-405.1	8.2	-31.2	20.5	
-284.6	-9.1	-26.3	15.5	
-237.8	-11.5	-4.1	20.5	
-178.8	18.0	20.5	15.5	
-171.4	13.1	32.8	27.8	
-223.1	5.7	42.6	5.7	
-292.0	-1.7	35.2	13.1	
-358.4	40.1	30.3	3.2	
-395.3	15.5	37.7	0.8	
-437.1	30.3	35.2	10.6	
-459.2	32.8	35.2	13.1	
-454.3	20.5	37.7	20.5	
-380.5	22.9	18.0	37.7	
-375.6	47.5	20.5	40.1	
-365.8	47.5	20.5	82.0	
-348.5	40.1	15.5	89.3	
-311.6	50.0	25.4	35.2	
-284.6	47.5	15.5	-11.5	
-294.4	64.7	13.1	13.1	
-282.1	47.5	18.0	-41.0	
-296.9	62.3	10.6	-53.3	
-306.7	67.2	-6.6	10.6	
-338.7	77.0	8.2	84.4	
-353.5	84.4	8.2	57.4	
-407.6	52.4	13.1	18.0	
-446.9	77.0	13.1	-75.5	
-459.2	67.2	18.0	-112.4	
-390.4	52.4	32.8	-73.0	
-383.0	62.3	20.5	5.7	
-375.6	57.4	22.9	74.6	
-378.1	59.8	22.9	64.7	
-412.5	27.8	27.8	0.8	
-424.8	52.4	20.5	-4.1	
-437.1	59.8	13.1	37.7	
-424.8	-9.1	27.8	77.0	
-380.5	42.6	32.8	-6.6	
-323.9	32.8	22.9	-33.7	
-292.0	47.5	18.0	-87.8	
-301.8	22.9	22.9	-70.6	
-311.6	47.5	22.9	5.7	
-336.2	37.7	13.1	-11.5	
-353.5	22.9	18.0	-33.7	
-400.2	30.3	15.5	-1.7	
-432.2	15.5	8.2	35.2	
-434.6	13.1	-1.7	42.6	
-454.3	-23.8	8.2	50.0	
-466.6	-26.3	10.6	30.3	
-474.0	-41.0	-1.7	13.1	
-478.9	15.5	-1.7	13.1	
-469.1	5.7	5.7	-36.1	
-451.9	-21.4	0.8	-26.3	
-419.9	15.5	15.5	-6.6	
-402.7	10.6	-6.6	-14.0	
-397.7	27.8	-11.5	-6.6	
-390.4	25.4	-21.4	3.2	
-365.8	30.3	-11.5	5.7	
-346.1	15.5	-21.4	0.8	
-331.3	20.5	-21.4	15.5	
-309.2	160.7	-26.3	3.2	
-292.0	-21.4	-16.4	5.7	
-299.3	50.0	-1.7	5.7	
-284.6	57.4	5.7	5.7	
-274.7	-31.2	-21.4	0.8	
-284.6	-117.3	-14.0	5.7	
-314.1	-18.9	-6.6	5.7	
-311.6	-48.4	-23.8	3.2	
-264.9	-68.1	-18.9	0.8	
-255.1	-50.9	-23.8	-1.7	
-230.5	22.9	3.2	-9.1	
-230.5	-260.0	5.7	0.8	
-237.8	222.2	-4.1	-6.6	
-264.9	-9.1	10.6	0.8	
-277.2	170.5	30.3	-1.7	
-289.5	192.7	20.5	5.7	
-287.0	155.8	15.5	8.2	
-284.6	131.2	5.7	13.1	
-284.6	113.9	8.2	47.5	
-292.0	91.8	13.1	62.3	
-294.4	109.0	15.5	45.1	
-314.1	91.8	10.6	-1.7	
-321.5	86.9	-6.6	-1.7	
-319.0	113.9	-4.1	42.6	
-338.7	72.1	15.5	22.9	
-328.9	72.1	18.0	10.6	
-328.9	54.9	0.8	-46.0	
-316.6	22.9	5.7	-31.2	
-289.5	22.9	-1.7	-4.1	
-250.1	54.9	3.2	3.2	
-255.1	35.2	-1.7	3.2	
-267.4	-14.0	5.7	-31.2	
-245.2	25.4	-1.7	-33.7	
-237.8	-28.7	-16.4	-26.3	
-235.4	-14.0	-4.1	-21.4	
-240.3	-1.7	8.2	18.0	
-282.1	-6.6	-9.1	35.2	
-309.2	32.8	-4.1	25.4	
-277.2	15.5	10.6	22.9	
-252.6	8.2	18.0	0.8	
-247.7	-36.1	10.6	13.1	
-242.8	-55.8	3.2	0.8	
-240.3	-16.4	5.7	20.5	
-242.8	-50.9	0.8	18.0	
-252.6	37.7	3.2	15.5	
-237.8	13.1	10.6	20.5	
-213.2	25.4	3.2	13.1	
-203.4	-4.1	5.7	-4.1	
-183.7	-28.7	3.2	-1.7	
-156.7	-38.6	-11.5	5.7	
-169.0	-87.8	-11.5	-1.7	
-173.9	84.4	-1.7	18.0	
-132.1	15.5	-4.1	20.5	
-119.8	-11.5	10.6	32.8	
-124.7	-11.5	15.5	20.5	
-134.5	-65.6	25.4	13.1	
-122.2	-58.3	35.2	27.8	
-134.5	-18.9	40.1	42.6	
-139.4	-18.9	3.2	50.0	
-198.5	13.1	-28.7	37.7	
-223.1	30.3	-14.0	52.4	
-200.9	47.5	-4.1	20.5	
-208.3	8.2	5.7	-31.2	
-213.2	35.2	0.8	-11.5	
-198.5	47.5	10.6	40.1	
-188.6	0.8	8.2	18.0	
-188.6	-9.1	-4.1	-31.2	
-198.5	3.2	-1.7	-75.5	
-205.9	-21.4	5.7	-4.1	
-205.9	-28.7	15.5	5.7	
-203.4	-9.1	18.0	-38.6	
-223.1	22.9	20.5	-21.4	
-188.6	57.4	13.1	22.9	
-156.7	25.4	18.0	77.0	
-146.8	18.0	-1.7	79.5	
-129.6	-4.1	22.9	84.4	
-105.0	-9.1	15.5	-4.1	
-102.5	3.2	-1.7	-65.6	
-112.4	-28.7	5.7	-55.8	
-95.2	-9.1	-1.7	-9.1	
-92.7	-38.6	-4.1	50.0	
-95.2	-4.1	3.2	47.5	
-100.1	-41.0	-14.0	0.8	
-105.0	0.8	3.2	37.7	
-100.1	-11.5	-6.6	52.4	
-105.0	-33.7	-36.1	104.1	
-85.3	-6.6	-38.6	82.0	
-73.0	-21.4	-11.5	50.0	
-53.3	-33.7	20.5	27.8	
-68.1	-14.0	37.7	-95.2	
-73.0	25.4	30.3	-109.9	
-75.5	13.1	25.4	-75.5	
-68.1	-9.1	15.5	-16.4	
-82.9	27.8	10.6	62.3	
-87.8	35.2	20.5	64.7	
-77.9	25.4	18.0	86.9	
-87.8	22.9	10.6	25.4	
-100.1	27.8	3.2	-33.7	
-92.7	52.4	5.7	0.8	
-97.6	45.1	10.6	-1.7	
-107.5	-225.5	13.1	-46.0	
-112.4	77.0	32.8	-11.5	
-117.3	3.2	30.3	-1.7	
-112.4	13.1	40.1	15.5	
-124.7	-11.5	22.9	-102.5	
-134.5	-73.0	13.1	-129.6	
-129.6	-75.5	25.4	-73.0	
-124.7	42.6	22.9	-4.1	
-132.1	145.9	22.9	118.9	
-132.1	350.1	18.0	42.6	
-127.1	145.9	15.5	-36.1	
-127.1	86.9	18.0	-18.9	
-124.7	273.8	22.9	15.5	
-137.0	-28.7	30.3	27.8	
-141.9	106.6	18.0	18.0	
-151.7	121.3	-9.1	32.8	
-141.9	136.1	-4.1	13.1	
-141.9	104.1	-28.7	18.0	
-139.4	138.5	-14.0	20.5	
-139.4	150.8	-33.7	20.5	
-124.7	99.2	-16.4	10.6	
-122.2	121.3	-4.1	10.6	
-122.2	106.6	0.8	18.0	
-105.0	106.6	-1.7	42.6	
-100.1	101.6	5.7	57.4	
-97.6	121.3	-11.5	18.0	
-90.2	84.4	-6.6	3.2	
-87.8	77.0	-4.1	-55.8	
-75.5	69.7	-9.1	-33.7	
-68.1	54.9	-6.6	-6.6	
-75.5	74.6	0.8	86.9	
-58.3	104.1	5.7	133.6	
-43.5	50.0	5.7	84.4	
-46.0	74.6	-6.6	5.7	
-38.6	94.3	5.7	-65.6	
-31.2	89.3	5.7	-70.6	
-23.8	72.1	-9.1	-11.5	
-1.7	40.1	0.8	18.0	
5.7	35.2	5.7	30.3	
3.2	52.4	5.7	18.0	
3.2	5.7	15.5	-21.4	
13.1	32.8	20.5	-16.4	
52.4	18.0	18.0	-33.7	
64.7	42.6	8.2	-14.0	
79.5	57.4	8.2	40.1	
84.4	40.1	13.1	72.1	
113.9	54.9	22.9	54.9	
99.2	20.5	0.8	62.3	
106.6	32.8	18.0	15.5	
138.5	18.0	30.3	-31.2	
145.9	42.6	20.5	-46.0	
153.3	32.8	5.7	-4.1	
158.2	69.7	8.2	35.2	
150.8	18.0	10.6	74.6	
170.5	67.2	10.6	106.6	
173.0	59.8	22.9	77.0	
190.2	64.7	18.0	50.0	
173.0	67.2	15.5	173.0	
165.6	50.0	22.9	67.2	
133.6	54.9	20.5	-46.0	
133.6	69.7	15.5	-122.2	
133.6	57.4	35.2	-164.0	
155.8	57.4	25.4	-36.1	
160.7	64.7	18.0	45.1	
165.6	45.1	25.4	-90.2	
163.1	47.5	22.9	-60.7	
170.5	86.9	20.5	5.7	
177.9	62.3	30.3	-33.7	
185.3	67.2	18.0	54.9	
197.6	52.4	25.4	-65.6	
202.5	74.6	18.0	-75.5	
209.9	35.2	20.5	-11.5	
219.7	67.2	20.5	40.1	
222.2	72.1	8.2	74.6	
217.3	67.2	10.6	-31.2	
224.6	57.4	13.1	-60.7	
227.1	45.1	18.0	-28.7	
222.2	64.7	13.1	5.7	
249.2	32.8	18.0	32.8	
249.2	64.7	10.6	32.8	
256.6	45.1	8.2	22.9	
278.8	57.4	8.2	37.7	
286.1	30.3	18.0	45.1	
281.2	8.2	15.5	3.2	
293.5	40.1	15.5	-50.9	
296.0	50.0	18.0	-50.9	
315.7	82.0	22.9	-21.4	
315.7	45.1	20.5	13.1	
323.0	40.1	13.1	30.3	
345.2	99.2	25.4	22.9	
330.4	79.5	27.8	54.9	
342.7	74.6	30.3	54.9	
350.1	79.5	20.5	96.7	
357.5	62.3	27.8	82.0	
374.7	59.8	22.9	42.6	
391.9	37.7	15.5	82.0	
406.7	47.5	22.9	148.4	
441.1	18.0	15.5	25.4	
480.5	13.1	13.1	-141.9	
514.9	5.7	5.7	-18.9	
544.4	207.4	13.1	42.6	
569.0	-127.1	8.2	30.3	
593.6	8.2	3.2	18.0	
610.9	-166.5	8.2	-18.9	
625.6	-38.6	-6.6	-151.7	
642.8	-26.3	-11.5	-117.3	
682.2	54.9	-4.1	47.5	
711.7	-80.4	5.7	59.8	
751.1	-65.6	-1.7	3.2	
741.2	-82.9	-1.7	-14.0	
753.5	-124.7	-9.1	-26.3	
743.7	47.5	-14.0	-16.4	
753.5	104.1	-11.5	54.9	
751.1	-200.9	-1.7	91.8	
748.6	-21.4	8.2	54.9	
741.2	8.2	0.8	5.7	
746.2	-11.5	-9.1	13.1	
733.9	-28.7	-9.1	40.1	
716.6	-21.4	-21.4	45.1	
714.2	3.2	-11.5	126.2	
687.1	13.1	-9.1	254.2	
672.4	13.1	-4.1	261.5	
647.8	13.1	10.6	128.7	
628.1	3.2	0.8	-46.0	
601.0	-33.7	0.8	-235.4	
576.4	10.6	0.8	-247.7	
546.9	-4.1	-1.7	-154.2	
529.7	-6.6	0.8	-122.2	
542.0	-4.1	-11.5	-92.7	
529.7	-36.1	-1.7	-75.5	
502.6	-18.9	-6.6	-9.1	
475.6	-26.3	-1.7	10.6	
451.0	-9.1	5.7	-14.0	
423.9	-16.4	5.7	-43.5	
411.6	-14.0	5.7	-63.2	
387.0	-14.0	13.1	8.2	
377.2	-9.1	20.5	59.8	
350.1	10.6	25.4	47.5	
340.3	-23.8	8.2	47.5	
328.0	15.5	8.2	57.4	
328.0	22.9	18.0	27.8	
313.2	25.4	10.6	30.3	
313.2	30.3	15.5	42.6	
278.8	37.7	13.1	62.3	
273.8	40.1	5.7	106.6	
259.1	35.2	5.7	59.8	
229.6	13.1	8.2	3.2	
214.8	8.2	-9.1	0.8	
202.5	37.7	18.0	18.0	
202.5	30.3	32.8	54.9	
195.1	50.0	13.1	27.8	
177.9	30.3	3.2	-58.3	
155.8	45.1	-18.9	-26.3	
158.2	52.4	-9.1	-9.1	
126.2	99.2	-4.1	0.8	
96.7	18.0	20.5	13.1	
89.3	42.6	42.6	20.5	
57.4	32.8	40.1	35.2	
54.9	72.1	30.3	32.8	
62.3	35.2	32.8	18.0	
72.1	77.0	18.0	54.9	
136.1	57.4	-16.4	126.2	
163.1	79.5	-26.3	185.3	
200.0	22.9	-6.6	182.8	
180.4	45.1	-4.1	59.8	
143.5	59.8	-4.1	-100.1	
86.9	57.4	-9.1	-112.4	
52.4	91.8	-21.4	-82.9	
22.9	99.2	-1.7	18.0	
27.8	45.1	5.7	50.0	
32.8	67.2	0.8	-11.5	
32.8	27.8	0.8	-11.5	
25.4	27.8	-1.7	52.4	
15.5	30.3	-4.1	106.6	
27.8	62.3	5.7	59.8	
22.9	77.0	-1.7	-14.0	
13.1	45.1	3.2	-82.9	
10.6	32.8	-1.7	-63.2	
-23.8	62.3	15.5	-6.6	
-43.5	64.7	25.4	62.3	
-50.9	42.6	8.2	47.5	
-55.8	47.5	-1.7	-75.5	
-63.2	27.8	3.2	-65.6	
-77.9	47.5	3.2	-26.3	
-87.8	37.7	-9.1	3.2	
-97.6	77.0	-1.7	37.7	
-100.1	69.7	-4.1	72.1	
-132.1	25.4	-1.7	86.9	
-134.5	57.4	10.6	45.1	
-124.7	25.4	0.8	30.3	
-154.2	45.1	-6.6	-23.8	
-176.3	57.4	3.2	-18.9	
-193.6	15.5	3.2	40.1	
-203.4	72.1	3.2	99.2	
-240.3	50.0	0.8	74.6	
-247.7	32.8	8.2	155.8	
-237.8	45.1	15.5	35.2	
-193.6	25.4	25.4	-77.9	
-181.3	-4.1	35.2	-97.6	
-166.5	35.2	22.9	-92.7	
-132.1	-95.2	13.1	-28.7	
-139.4	15.5	10.6	-41.0	
-85.3	47.5	-1.7	-21.4	
-97.6	-85.3	-14.0	52.4	
-92.7	37.7	-16.4	-77.9	
-90.2	345.2	-14.0	-73.0	
-80.4	197.6	-16.4	-14.0	
-60.7	128.7	5.7	5.7	
-92.7	-95.2	18.0	-1.7	
-102.5	47.5	35.2	3.2	
-100.1	-48.4	35.2	-1.7	
-119.8	54.9	25.4	-21.4	
-105.0	126.2	20.5	-23.8	
-97.6	-200.9	20.5	-14.0	
-105.0	10.6	27.8	5.7	
-70.6	91.8	35.2	18.0	
67.2	96.7	32.8	0.8	
153.3	40.1	20.5	10.6	
111.5	32.8	-4.1	5.7	
-33.7	64.7	-4.1	-4.1	
-112.4	116.4	-21.4	15.5	
-154.2	32.8	-11.5	79.5	
-156.7	32.8	-18.9	89.3	
-171.4	30.3	-9.1	91.8	
-112.4	37.7	-4.1	59.8	
-63.2	42.6	10.6	-46.0	
52.4	5.7	20.5	-80.4	
91.8	50.0	30.3	-28.7	
101.6	47.5	32.8	22.9	
45.1	30.3	8.2	20.5	
-28.7	62.3	0.8	18.0	
-75.5	40.1	-1.7	22.9	
-97.6	30.3	8.2	27.8	
-141.9	-6.6	13.1	27.8	
-210.8	35.2	22.9	22.9	
-269.8	37.7	25.4	37.7	
-264.9	-1.7	22.9	37.7	
-264.9	10.6	-4.1	42.6	
-257.5	-6.6	-18.9	74.6	
-252.6	32.8	-9.1	94.3	
-198.5	37.7	-1.7	109.0	
-151.7	57.4	8.2	37.7	
-151.7	25.4	22.9	45.1	
-193.6	15.5	13.1	-6.6	
-228.0	8.2	10.6	-97.6	
-299.3	37.7	10.6	-75.5	
-323.9	54.9	-6.6	-33.7	
-316.6	54.9	10.6	-31.2	
-215.7	27.8	-1.7	-43.5	
-139.4	-11.5	-1.7	-11.5	
-80.4	15.5	18.0	-16.4	
-68.1	47.5	18.0	-26.3	
-127.1	45.1	10.6	-26.3	
-149.3	13.1	-1.7	8.2	
-169.0	37.7	-1.7	37.7	
-169.0	8.2	-6.6	8.2	
-232.9	22.9	0.8	-4.1	
-245.2	57.4	-23.8	22.9	
-255.1	32.8	-16.4	-11.5	
-240.3	50.0	-16.4	-16.4	
-218.2	42.6	3.2	3.2	
-193.6	22.9	3.2	0.8	
-141.9	40.1	-14.0	32.8	
-139.4	30.3	-23.8	10.6	
-154.2	42.6	-14.0	35.2	
-159.1	69.7	3.2	18.0	
-169.0	20.5	-1.7	8.2	
-208.3	5.7	3.2	27.8	
-247.7	3.2	3.2	15.5	
-245.2	30.3	-11.5	0.8	
-228.0	82.0	-4.1	8.2	
-208.3	47.5	3.2	35.2	
-149.3	62.3	-6.6	57.4	
-73.0	47.5	-1.7	64.7	
-28.7	45.1	-9.1	62.3	
-87.8	37.7	5.7	91.8	
-193.6	37.7	-6.6	45.1	
-292.0	54.9	8.2	-46.0	
-380.5	45.1	-4.1	-28.7	
-373.1	57.4	0.8	-21.4	
-358.4	27.8	13.1	-33.7	
-309.2	47.5	20.5	37.7	
-235.4	62.3	25.4	42.6	
-198.5	57.4	15.5	101.6	
-193.6	89.3	15.5	79.5	
-191.1	74.6	18.0	109.0	
-230.5	62.3	25.4	30.3	
-178.8	52.4	13.1	54.9	
-117.3	45.1	30.3	-6.6	
-87.8	5.7	32.8	-26.3	
-95.2	45.1	35.2	62.3	
-119.8	50.0	37.7	-23.8	
-119.8	47.5	25.4	-161.6	
-127.1	67.2	18.0	-137.0	
-146.8	35.2	18.0	-31.2	
-183.7	27.8	20.5	3.2	
-191.1	64.7	22.9	-70.6	
-208.3	52.4	18.0	-14.0	
-245.2	59.8	18.0	-90.2	
-250.1	54.9	8.2	-23.8	
-240.3	-60.7	3.2	-36.1	
-237.8	-9.1	15.5	-9.1	
-205.9	111.5	10.6	-11.5	
-198.5	-223.1	10.6	0.8	
-196.0	-213.2	10.6	3.2	
-159.1	195.1	25.4	20.5	
-141.9	-151.7	18.0	-9.1	
-129.6	67.2	18.0	18.0	
-144.4	-210.8	27.8	25.4	
-139.4	42.6	32.8	-14.0	
-90.2	-154.2	30.3	-33.7	
-117.3	-33.7	15.5	10.6	
-146.8	91.8	10.6	-4.1	
-215.7	-299.3	15.5	-28.7	
-274.7	-43.5	20.5	10.6	
-299.3	-28.7	35.2	18.0	
-353.5	5.7	18.0	69.7	
-365.8	-4.1	20.5	96.7	
-328.9	10.6	22.9	13.1	
-331.3	3.2	10.6	8.2	
-336.2	-82.9	-6.6	8.2	
-346.1	-82.9	3.2	18.0	
-370.7	-48.4	-1.7	32.8	
-410.0	-63.2	5.7	5.7	
-415.0	-50.9	15.5	-9.1	
-422.3	-18.9	27.8	0.8	
-424.8	-38.6	13.1	8.2	
-417.4	-36.1	15.5	0.8	
-385.4	-26.3	3.2	5.7	
-353.5	-41.0	8.2	8.2	
-341.2	-23.8	3.2	13.1	
-326.4	-23.8	-11.5	30.3	
-311.6	10.6	-4.1	32.8	
-309.2	10.6	-9.1	22.9	
-294.4	-16.4	3.2	0.8	
-264.9	-1.7	5.7	-1.7	
-255.1	45.1	5.7	-1.7	
-208.3	-11.5	13.1	47.5	
-156.7	27.8	8.2	32.8	
-159.1	59.8	-1.7	18.0	
-124.7	45.1	5.7	0.8	
-100.1	20.5	22.9	-26.3	
-82.9	3.2	5.7	8.2	
-90.2	-21.4	-1.7	62.3	
-193.6	10.6	3.2	54.9	
-255.1	13.1	5.7	40.1	
-250.1	45.1	5.7	45.1	
-274.7	47.5	0.8	35.2	
-269.8	45.1	-9.1	22.9	
-245.2	25.4	-6.6	-38.6	
-225.5	62.3	3.2	-114.8	
-178.8	37.7	-9.1	-31.2	
-210.8	32.8	-1.7	30.3	
-169.0	10.6	-6.6	18.0	
-178.8	-6.6	5.7	-38.6	
-176.3	20.5	-9.1	-77.9	
-205.9	45.1	-6.6	13.1	
-282.1	25.4	-14.0	141.0	
-353.5	-9.1	-14.0	101.6	
-383.0	57.4	-11.5	-16.4	
-358.4	72.1	-6.6	-75.5	
-397.7	40.1	-4.1	-58.3	
-419.9	0.8	0.8	0.8	
-415.0	-38.6	3.2	-36.1	
-424.8	-43.5	13.1	-36.1	
-439.6	-26.3	27.8	-14.0	
-405.1	-21.4	30.3	72.1	
-375.6	-48.4	32.8	40.1	
-368.2	-28.7	25.4	-41.0	
-348.5	-55.8	3.2	45.1	
-316.6	-50.9	8.2	128.7	
-289.5	-53.3	-6.6	30.3	
-279.7	-43.5	-9.1	-43.5	
-274.7	-53.3	0.8	-41.0	
-294.4	-50.9	8.2	-53.3	
-282.1	-33.7	10.6	-50.9	
-264.9	-23.8	0.8	-14.0	
-237.8	15.5	-14.0	0.8	
-164.0	-28.7	-1.7	10.6	
-109.9	-18.9	0.8	22.9	
-117.3	0.8	20.5	27.8	
-107.5	150.8	5.7	20.5	
-97.6	109.0	5.7	37.7	
-107.5	111.5	-1.7	32.8	
-137.0	64.7	-1.7	30.3	
-161.6	133.6	18.0	57.4	
-198.5	59.8	5.7	64.7	
-203.4	74.6	0.8	72.1	
-213.2	37.7	8.2	59.8	
-210.8	45.1	5.7	30.3	
-240.3	-1.7	27.8	69.7	
-242.8	18.0	22.9	-14.0	
-235.4	-4.1	45.1	8.2	
-203.4	15.5	45.1	-75.5	
-198.5	8.2	35.2	-90.2	
-156.7	-6.6	35.2	-26.3	
-149.3	22.9	-14.0	13.1	
-127.1	13.1	-65.6	25.4	
-97.6	-4.1	-43.5	27.8	
-100.1	13.1	-26.3	3.2	
-122.2	118.9	-4.1	-6.6	
-127.1	-154.2	-4.1	-4.1	
-169.0	-134.5	-14.0	-4.1	
-139.4	-28.7	-16.4	18.0	
-134.5	59.8	-11.5	5.7	
-129.6	187.7	-6.6	15.5	
-124.7	173.0	-28.7	25.4	
-73.0	207.4	-41.0	37.7	
-11.5	67.2	-14.0	35.2	
37.7	-33.7	-14.0	25.4	
30.3	-73.0	-9.1	18.0	
8.2	-36.1	-9.1	27.8	
-6.6	-186.2	8.2	47.5	
-33.7	-215.7	-4.1	47.5	
-119.8	-6.6	3.2	10.6	
-166.5	3.2	27.8	-9.1	
-169.0	40.1	57.4	-16.4	
-134.5	13.1	37.7	8.2	
-161.6	0.8	25.4	32.8	
-237.8	22.9	27.8	62.3	
-225.5	69.7	27.8	59.8	
-161.6	54.9	13.1	64.7	
-129.6	30.3	18.0	5.7	
-105.0	121.3	0.8	-16.4	
-109.9	113.9	-11.5	-14.0	
-102.5	143.5	-6.6	-48.4	
-119.8	94.3	8.2	-36.1	
-124.7	133.6	-6.6	3.2	
-117.3	116.4	-1.7	37.7	
-129.6	136.1	-6.6	42.6	
-132.1	57.4	5.7	25.4	
-114.8	52.4	5.7	35.2	
-90.2	64.7	3.2	20.5	
-82.9	52.4	-18.9	-18.9	
-63.2	69.7	-16.4	-23.8	
-38.6	18.0	-6.6	-9.1	
-48.4	50.0	-6.6	-14.0	
-31.2	-18.9	-9.1	-1.7	
-18.9	-33.7	-6.6	-26.3	
-14.0	-36.1	0.8	-21.4	
-9.1	18.0	0.8	0.8	
-16.4	35.2	-4.1	-9.1	
-1.7	25.4	13.1	-23.8	
5.7	30.3	8.2	-33.7	
-1.7	-1.7	15.5	-23.8	
-14.0	-9.1	18.0	-14.0	
-6.6	27.8	5.7	-9.1	
-9.1	22.9	-14.0	3.2	
-9.1	37.7	8.2	-9.1	
-16.4	25.4	0.8	-1.7	
-1.7	57.4	10.6	0.8	
5.7	54.9	-21.4	0.8	
-1.7	52.4	-41.0	10.6	
20.5	57.4	-53.3	15.5	
18.0	86.9	-38.6	30.3	
13.1	69.7	-6.6	22.9	
20.5	42.6	15.5	20.5	
18.0	74.6	22.9	25.4	
15.5	54.9	15.5	15.5	
13.1	74.6	5.7	10.6	
13.1	57.4	-14.0	10.6	
-1.7	54.9	3.2	32.8	
-6.6	13.1	10.6	32.8	
-26.3	35.2	15.5	40.1	
-38.6	22.9	27.8	15.5	
-33.7	47.5	5.7	8.2	
-36.1	37.7	3.2	8.2	
-53.3	67.2	-9.1	15.5	
-43.5	79.5	-41.0	18.0	
-36.1	54.9	-43.5	25.4	
-55.8	74.6	-18.9	27.8	
-58.3	52.4	-4.1	25.4	
-38.6	42.6	10.6	20.5	
-60.7	74.6	3.2	10.6	
-48.4	50.0	13.1	0.8	
-41.0	59.8	13.1	22.9	
-65.6	84.4	30.3	18.0	
-82.9	94.3	32.8	27.8	
-97.6	74.6	40.1	0.8	
-102.5	59.8	8.2	5.7	
-127.1	67.2	10.6	27.8	
-129.6	57.4	8.2	52.4	
-139.4	62.3	15.5	52.4	
-141.9	69.7	20.5	52.4	
-161.6	20.5	30.3	62.3	
-161.6	35.2	27.8	-18.9	
-144.4	50.0	3.2	-18.9	
-188.6	52.4	13.1	-41.0	
-176.3	62.3	18.0	-6.6	
-191.1	50.0	18.0	64.7	
-183.7	74.6	20.5	84.4	
-191.1	84.4	18.0	79.5	
-198.5	69.7	10.6	-31.2	
-203.4	35.2	15.5	-33.7	
-196.0	64.7	20.5	-58.3	
-218.2	69.7	20.5	18.0	
-213.2	32.8	20.5	22.9	
-225.5	45.1	25.4	-48.4	
-228.0	25.4	25.4	-95.2	
-230.5	47.5	37.7	-48.4	
-225.5	234.5	35.2	8.2	
-213.2	187.7	22.9	20.5	
-223.1	-1.7	15.5	67.2	
-230.5	126.2	15.5	37.7	
-220.6	-60.7	25.4	32.8	
-223.1	222.2	18.0	-4.1	
-215.7	165.6	10.6	-4.1	
-208.3	-21.4	15.5	27.8	
-215.7	-63.2	13.1	67.2	
-208.3	-28.7	10.6	54.9	
-218.2	-203.4	-1.7	10.6	
-210.8	-58.3	-9.1	-14.0	
-215.7	-50.9	-14.0	10.6	
-213.2	-198.5	-6.6	-43.5	
-210.8	-11.5	-23.8	20.5	
-225.5	-9.1	0.8	50.0	
-208.3	-11.5	-9.1	77.0	
-205.9	-16.4	-4.1	-11.5	
-200.9	-6.6	-14.0	-90.2	
-188.6	3.2	-16.4	-87.8	
-183.7	-18.9	-11.5	-53.3	
-183.7	-18.9	5.7	5.7	
-164.0	-14.0	-4.1	-33.7	
-161.6	8.2	-6.6	3.2	
-169.0	50.0	13.1	-9.1	
-164.0	-28.7	15.5	-4.1	
-146.8	27.8	-1.7	8.2	
-124.7	8.2	-11.5	10.6	
-117.3	35.2	5.7	10.6	
-109.9	45.1	-1.7	10.6	
-105.0	35.2	13.1	8.2	
-75.5	47.5	0.8	18.0	
-80.4	37.7	10.6	20.5	
-65.6	-16.4	18.0	57.4	
-60.7	25.4	25.4	86.9	
-43.5	50.0	30.3	82.0	
-33.7	72.1	47.5	69.7	
-21.4	163.1	32.8	52.4	
3.2	52.4	27.8	69.7	
13.1	52.4	25.4	27.8	
40.1	64.7	22.9	-36.1	
59.8	50.0	22.9	-70.6	
77.0	54.9	30.3	42.6	
74.6	57.4	15.5	42.6	
84.4	59.8	22.9	13.1	
77.0	22.9	13.1	30.3	
94.3	40.1	20.5	32.8	
101.6	18.0	10.6	54.9	
116.4	10.6	3.2	84.4	
138.5	35.2	5.7	-4.1	
148.4	59.8	8.2	-38.6	
145.9	52.4	-1.7	-97.6	
158.2	57.4	13.1	-122.2	
160.7	59.8	20.5	-4.1	
187.7	69.7	25.4	13.1	
202.5	69.7	32.8	72.1	
192.7	77.0	35.2	123.8	
195.1	86.9	0.8	158.2	
205.0	42.6	-18.9	37.7	
219.7	52.4	0.8	-85.3	
222.2	45.1	-9.1	-146.8	
268.9	74.6	-1.7	-70.6	
261.5	69.7	0.8	-6.6	
273.8	32.8	15.5	32.8	
271.4	59.8	10.6	30.3	
288.6	52.4	5.7	0.8	
298.4	47.5	3.2	13.1	
320.6	0.8	8.2	22.9	
347.6	47.5	13.1	22.9	
372.2	3.2	3.2	0.8	
377.2	15.5	15.5	10.6	
414.1	40.1	10.6	64.7	
421.4	-14.0	20.5	101.6	
436.2	22.9	22.9	40.1	
460.8	32.8	10.6	20.5	
475.6	-4.1	25.4	13.1	
485.4	-43.5	32.8	-70.6	
510.0	-18.9	20.5	-68.1	
517.4	10.6	32.8	-23.8	
551.8	-14.0	25.4	40.1	
571.5	-21.4	22.9	3.2	
596.1	-1.7	37.7	-41.0	
603.5	-23.8	27.8	5.7	
620.7	-36.1	32.8	0.8	
630.5	-38.6	20.5	40.1	
652.7	-18.9	13.1	15.5	
660.1	-18.9	3.2	-48.4	
669.9	-9.1	-16.4	-28.7	
677.3	-21.4	-9.1	5.7	
684.7	-53.3	-6.6	20.5	
669.9	-16.4	-9.1	8.2	
672.4	-21.4	-6.6	10.6	
672.4	-9.1	-1.7	35.2	
665.0	-23.8	8.2	35.2	
657.6	-11.5	8.2	40.1	
667.4	-38.6	3.2	15.5	
652.7	-21.4	-1.7	-6.6	
650.2	-33.7	20.5	10.6	
647.8	-23.8	22.9	10.6	
642.8	-33.7	22.9	30.3	
620.7	-65.6	18.0	79.5	
598.6	91.8	5.7	86.9	
593.6	27.8	-9.1	77.0	
574.0	200.0	10.6	84.4	
551.8	-200.9	13.1	155.8	
522.3	32.8	13.1	200.0	
482.9	-159.1	8.2	62.3	
470.6	-68.1	5.7	-196.0	
446.0	106.6	5.7	-149.3	
416.5	-215.7	3.2	-53.3	
382.1	54.9	-4.1	-46.0	
377.2	-1.7	-16.4	-53.3	
369.8	-16.4	0.8	-43.5	
362.4	-124.7	5.7	3.2	
335.3	32.8	-6.6	-6.6	
310.7	22.9	-1.7	22.9	
261.5	30.3	-1.7	47.5	
209.9	40.1	-6.6	32.8	
170.5	18.0	-4.1	15.5	
160.7	5.7	-11.5	5.7	
163.1	64.7	3.2	30.3	
141.0	72.1	0.8	45.1	
138.5	82.0	5.7	62.3	
126.2	50.0	-1.7	69.7	
158.2	62.3	3.2	22.9	
141.0	20.5	-14.0	18.0	
145.9	30.3	-9.1	-4.1	
118.9	10.6	3.2	25.4	
118.9	62.3	-6.6	77.0	
145.9	72.1	-11.5	25.4	
126.2	32.8	-9.1	45.1	
121.3	40.1	5.7	64.7	
111.5	32.8	15.5	30.3	
104.1	-1.7	15.5	35.2	
50.0	50.0	13.1	-11.5	
0.8	18.0	15.5	-102.5	
-77.9	15.5	-4.1	-87.8	
-166.5	-33.7	3.2	-77.9	
-213.2	-31.2	13.1	-58.3	
-250.1	-16.4	32.8	37.7	
-262.4	-26.3	25.4	74.6	
-223.1	5.7	27.8	37.7	
-90.2	15.5	25.4	15.5	
74.6	5.7	25.4	62.3	
236.9	-6.6	40.1	18.0	
207.4	5.7	35.2	35.2	
165.6	30.3	30.3	30.3	
82.0	20.5	27.8	25.4	
20.5	27.8	22.9	40.1	
-23.8	22.9	10.6	0.8	
-90.2	50.0	8.2	13.1	
-169.0	20.5	-1.7	10.6	
-159.1	45.1	-11.5	27.8	
-151.7	8.2	-33.7	27.8	
-225.5	37.7	-14.0	42.6	
-257.5	77.0	25.4	5.7	
-255.1	96.7	25.4	-9.1	
-198.5	153.3	18.0	-14.0	
-176.3	185.3	15.5	-4.1	
-186.2	160.7	0.8	22.9	
-215.7	138.5	-23.8	22.9	
-245.2	163.1	-16.4	13.1	
-252.6	118.9	-26.3	-31.2	
-240.3	104.1	-18.9	22.9	
-242.8	121.3	-26.3	77.0	
-306.7	74.6	-1.7	79.5	
-333.8	82.0	-1.7	113.9	
-351.0	89.3	8.2	45.1	
-378.1	40.1	-6.6	82.0	
-427.3	72.1	-9.1	-100.1	
-488.8	25.4	-11.5	-154.2	
-491.2	62.3	10.6	-53.3	
-483.8	62.3	-4.1	79.5	
-506.0	42.6	8.2	35.2	
-518.3	22.9	-1.7	-1.7	
-469.1	18.0	-1.7	45.1	
-412.5	15.5	10.6	20.5	
-385.4	37.7	18.0	18.0	
-358.4	13.1	25.4	86.9	
-360.8	47.5	13.1	82.0	
-378.1	62.3	-4.1	77.0	
-397.7	57.4	-1.7	79.5	
-442.0	62.3	-1.7	-58.3	
-390.4	47.5	-1.7	-100.1	
-363.3	30.3	5.7	-169.0	
-530.6	22.9	-9.1	-230.5	
-641.3	47.5	3.2	-141.9	
-712.6	22.9	-4.1	-36.1	
-786.4	47.5	8.2	57.4	
-724.9	40.1	-1.7	69.7	
-508.4	52.4	5.7	-21.4	
-252.6	37.7	0.8	-26.3	
-82.9	18.0	-4.1	10.6	
-41.0	91.8	3.2	8.2	
-144.4	84.4	-1.7	13.1	
-351.0	45.1	5.7	5.7	
-545.3	25.4	-1.7	-9.1	
-661.0	37.7	-14.0	0.8	
-663.4	42.6	-4.1	8.2	
-577.3	54.9	3.2	-6.6	
-459.2	45.1	18.0	13.1	
-294.4	54.9	32.8	27.8	
25.4	123.8	37.7	30.3	
332.9	-48.4	13.1	30.3	
330.4	-169.0	-1.7	22.9	
84.4	-181.3	0.8	25.4	
-203.4	259.1	5.7	15.5	
-464.2	-58.3	18.0	27.8	
-648.7	20.5	15.5	27.8	
-727.4	72.1	15.5	27.8	
-717.5	-70.6	8.2	32.8	
-663.4	18.0	3.2	27.8	
-619.1	50.0	0.8	52.4	
-550.3	-240.3	15.5	101.6	
-579.8	22.9	10.6	104.1	
-661.0	18.0	-9.1	62.3	
-665.9	52.4	-1.7	25.4	
-641.3	67.2	0.8	27.8	
-589.6	45.1	20.5	22.9	
-528.1	40.1	20.5	82.0	
-483.8	62.3	13.1	77.0	
-422.3	15.5	8.2	45.1	
-378.1	69.7	3.2	-95.2	
-365.8	32.8	10.6	-193.6	
-301.8	15.5	20.5	-73.0	
-282.1	35.2	20.5	15.5	
-240.3	50.0	27.8	15.5	
-230.5	40.1	20.5	25.4	
-173.9	52.4	27.8	-14.0	
-141.9	50.0	18.0	-28.7	
-191.1	25.4	20.5	-18.9	
-264.9	37.7	25.4	30.3	
-316.6	25.4	25.4	37.7	
-373.1	47.5	32.8	8.2	
-410.0	69.7	35.2	-38.6	
-373.1	47.5	25.4	-21.4	
-319.0	35.2	20.5	0.8	
-260.0	30.3	30.3	10.6	
-198.5	54.9	18.0	0.8	
-146.8	32.8	30.3	18.0	
-144.4	42.6	25.4	5.7	
-151.7	45.1	22.9	5.7	
-166.5	25.4	22.9	18.0	
-188.6	52.4	22.9	18.0	
-200.9	30.3	8.2	3.2	
-213.2	-1.7	13.1	0.8	
-205.9	15.5	20.5	5.7	
-181.3	15.5	32.8	8.2	
-188.6	8.2	20.5	0.8	
-171.4	30.3	22.9	15.5	
-159.1	37.7	18.0	35.2	
-159.1	-6.6	27.8	20.5	
-144.4	64.7	27.8	35.2	
-122.2	64.7	5.7	35.2	
-73.0	57.4	-9.1	5.7	
-132.1	62.3	-9.1	0.8	
-171.4	84.4	8.2	15.5	
-188.6	84.4	-6.6	27.8	
-159.1	77.0	5.7	8.2	
-124.7	57.4	5.7	13.1	
-166.5	91.8	0.8	50.0	
-228.0	74.6	-6.6	96.7	
-272.3	59.8	-4.1	165.6	
-336.2	77.0	0.8	136.1	
-314.1	59.8	0.8	22.9	
-306.7	62.3	-4.1	-70.6	
-274.7	52.4	-14.0	-159.1	
-269.8	52.4	-16.4	-102.5	
-292.0	62.3	-4.1	-48.4	
-309.2	27.8	-1.7	-21.4	
-346.1	57.4	-6.6	-6.6	
-353.5	32.8	-9.1	5.7	
-328.9	42.6	-1.7	30.3	
-314.1	20.5	-4.1	40.1	
-331.3	25.4	13.1	50.0	
-355.9	27.8	10.6	40.1	
-338.7	8.2	13.1	59.8	
-336.2	-6.6	10.6	69.7	
-314.1	-50.9	0.8	109.0	
-292.0	8.2	0.8	40.1	
-289.5	-26.3	8.2	27.8	
-269.8	-14.0	15.5	0.8	
-245.2	-50.9	22.9	-68.1	
-242.8	-26.3	8.2	-65.6	
-232.9	-6.6	-4.1	-6.6	
-230.5	-50.9	-9.1	47.5	
-220.6	-95.2	-6.6	64.7	
-232.9	-92.7	-23.8	15.5	
-242.8	-114.8	-14.0	-4.1	
-257.5	-90.2	-9.1	-1.7	
-242.8	-87.8	-14.0	-41.0	
-245.2	-117.3	-6.6	-58.3	
-230.5	-134.5	0.8	35.2	
-245.2	-171.4	0.8	-77.9	
-272.3	-141.9	0.8	-124.7	
-306.7	-109.9	5.7	-73.0	
-279.7	-105.0	5.7	59.8	
-252.6	-65.6	5.7	5.7	
-230.5	-95.2	5.7	5.7	
-218.2	-63.2	8.2	-58.3	
-237.8	-299.3	0.8	-65.6	
-252.6	-95.2	5.7	-53.3	
-235.4	-95.2	-4.1	-14.0	
-237.8	-228.0	3.2	5.7	
-230.5	-132.1	15.5	32.8	
-240.3	0.8	5.7	37.7	
-225.5	-176.3	-11.5	-9.1	
-193.6	-85.3	-21.4	-21.4	
-137.0	-1.7	-18.9	20.5	
-117.3	-1.7	-14.0	42.6	
-105.0	163.1	5.7	15.5	
-73.0	-70.6	22.9	3.2	
-73.0	-92.7	42.6	8.2	
-141.9	-105.0	35.2	10.6	
-191.1	40.1	25.4	20.5	
-240.3	13.1	3.2	35.2	
-250.1	20.5	-11.5	27.8	
-228.0	22.9	-21.4	18.0	
-218.2	30.3	-28.7	15.5	
-203.4	-80.4	-31.2	13.1	
-235.4	-65.6	-38.6	0.8	
-299.3	-21.4	-4.1	0.8	
-289.5	-48.4	15.5	5.7	
-296.9	-4.1	-16.4	15.5	
-277.2	35.2	-23.8	8.2	
-277.2	20.5	-1.7	13.1	
-272.3	40.1	22.9	8.2	
-279.7	22.9	54.9	8.2	
-279.7	62.3	47.5	-1.7	
-282.1	8.2	22.9	20.5	
-304.3	8.2	13.1	15.5	
-316.6	32.8	13.1	25.4	
-353.5	86.9	18.0	20.5	
-328.9	45.1	8.2	10.6	
-309.2	131.2	8.2	15.5	
-301.8	118.9	13.1	32.8	
-282.1	96.7	15.5	25.4	
-252.6	101.6	10.6	57.4	
-230.5	96.7	8.2	64.7	
-223.1	133.6	13.1	77.0	
-210.8	77.0	22.9	45.1	
-208.3	15.5	8.2	8.2	
-208.3	91.8	10.6	99.2	
-191.1	30.3	18.0	113.9	
-186.2	-21.4	15.5	101.6	
-186.2	15.5	27.8	57.4	
-176.3	8.2	10.6	-70.6	
-159.1	-36.1	15.5	-134.5	
-173.9	-43.5	8.2	-164.0	
-173.9	-129.6	18.0	-112.4	
-178.8	-112.4	10.6	-33.7	
-169.0	-137.0	3.2	13.1	
-176.3	-97.6	13.1	-11.5	
-154.2	-80.4	20.5	-60.7	
-166.5	-90.2	5.7	-53.3	
-169.0	-31.2	-11.5	-6.6	
-156.7	-41.0	0.8	45.1	
-166.5	-41.0	-9.1	27.8	
-171.4	-18.9	-1.7	-43.5	
-188.6	-31.2	-1.7	-23.8	
-178.8	-58.3	-11.5	-16.4	
-191.1	-18.9	-6.6	15.5	
-200.9	-31.2	-1.7	20.5	
-186.2	-16.4	-1.7	22.9	
-169.0	5.7	-11.5	5.7	
-181.3	3.2	-28.7	8.2	
-181.3	-87.8	-26.3	22.9	
-171.4	-43.5	-26.3	18.0	
-176.3	3.2	-36.1	35.2	
-183.7	37.7	-16.4	18.0	
-176.3	82.0	-14.0	30.3	
-159.1	126.2	-6.6	18.0	
-173.9	116.4	5.7	18.0	
-176.3	113.9	8.2	27.8	
-178.8	123.8	18.0	25.4	
-169.0	86.9	10.6	22.9	
-188.6	99.2	-1.7	32.8	
-169.0	133.6	-6.6	32.8	
-171.4	150.8	-4.1	54.9	
-178.8	126.2	-4.1	27.8	
-183.7	141.0	10.6	22.9	
-173.9	200.0	-4.1	32.8	
-181.3	187.7	18.0	30.3	
-176.3	232.0	25.4	32.8	
-169.0	214.8	22.9	15.5	
-171.4	195.1	27.8	20.5	
-178.8	195.1	13.1	15.5	
-171.4	212.3	8.2	25.4	
-178.8	212.3	-16.4	8.2	
-169.0	180.4	-23.8	-4.1	
-173.9	182.8	-23.8	-6.6	
-176.3	173.0	-26.3	-11.5	
-176.3	165.6	-4.1	3.2	
-188.6	168.1	18.0	3.2	
-181.3	143.5	18.0	0.8	
-181.3	150.8	22.9	-9.1	
-193.6	128.7	-6.6	-6.6	
-196.0	158.2	-23.8	-11.5	
-193.6	170.5	-14.0	-11.5	
-210.8	131.2	-6.6	3.2	
-200.9	69.7	15.5	22.9	
-205.9	131.2	37.7	57.4	
-188.6	160.7	37.7	111.5	
-181.3	175.4	32.8	72.1	
-181.3	224.6	37.7	69.7	
-200.9	170.5	30.3	-16.4	
-198.5	-26.3	20.5	-87.8	
-205.9	64.7	18.0	0.8	
-198.5	94.3	20.5	57.4	
-188.6	121.3	22.9	104.1	
-183.7	121.3	8.2	-26.3	
-208.3	57.4	-1.7	-117.3	
-191.1	143.5	0.8	-82.9	
-188.6	-92.7	-1.7	-21.4	
-196.0	35.2	10.6	-26.3	
-178.8	37.7	5.7	-33.7	
-181.3	27.8	-6.6	5.7	
-169.0	47.5	3.2	-16.4	
-176.3	47.5	-4.1	-14.0	
-176.3	20.5	-9.1	3.2	
-186.2	15.5	-1.7	8.2	
-191.1	25.4	-18.9	8.2	
-186.2	8.2	8.2	27.8	
-191.1	15.5	22.9	30.3	
-173.9	-18.9	27.8	18.0	
-171.4	-48.4	5.7	10.6	
-156.7	-31.2	-16.4	8.2	
-139.4	-18.9	-18.9	18.0	
-144.4	5.7	-4.1	27.8	
-132.1	-16.4	-4.1	22.9	
-122.2	-21.4	-9.1	20.5	
-129.6	-41.0	5.7	15.5	
-151.7	-18.9	-14.0	13.1	
-164.0	13.1	-6.6	15.5	
-164.0	-14.0	-9.1	20.5	
-181.3	-1.7	-1.7	22.9	
-178.8	18.0	8.2	20.5	
-178.8	5.7	-6.6	15.5	
-171.4	27.8	-1.7	18.0	
-171.4	8.2	-6.6	5.7	
-173.9	20.5	-6.6	3.2	
-159.1	-18.9	-1.7	8.2	
-166.5	8.2	0.8	5.7	
-161.6	-11.5	8.2	8.2	
-169.0	-23.8	3.2	0.8	
-156.7	-23.8	0.8	10.6	
-159.1	-14.0	25.4	-9.1	
-159.1	-58.3	20.5	-4.1	
-156.7	0.8	20.5	-11.5	
-156.7	8.2	20.5	3.2	
-171.4	-1.7	20.5	5.7	
-149.3	-16.4	8.2	0.8	
-156.7	3.2	-1.7	10.6	
-146.8	-9.1	-1.7	3.2	
-132.1	20.5	-4.1	5.7	
-151.7	20.5	-14.0	-1.7	
-137.0	27.8	-1.7	8.2	
-129.6	20.5	5.7	-1.7	
-134.5	45.1	27.8	13.1	
-139.4	27.8	45.1	18.0	
-124.7	20.5	47.5	42.6	
-134.5	35.2	30.3	0.8	
-137.0	35.2	15.5	-18.9	
-127.1	47.5	18.0	-1.7	
-127.1	67.2	20.5	27.8	
-129.6	47.5	27.8	37.7	
-117.3	69.7	18.0	3.2	
-124.7	18.0	27.8	-41.0	
-119.8	42.6	18.0	-16.4	
-114.8	20.5	18.0	5.7	
-119.8	47.5	8.2	-1.7	
-109.9	40.1	5.7	5.7	
-114.8	37.7	30.3	8.2	
-102.5	47.5	45.1	18.0	
-100.1	0.8	27.8	18.0	
-102.5	22.9	-9.1	27.8	
-102.5	45.1	-31.2	22.9	
-85.3	40.1	-31.2	20.5	
-95.2	45.1	-18.9	18.0	
-87.8	25.4	-11.5	18.0	
-75.5	22.9	5.7	22.9	
-82.9	57.4	3.2	42.6	
-77.9	50.0	3.2	67.2	
-68.1	86.9	13.1	84.4	
-77.9	45.1	18.0	118.9	
-73.0	25.4	15.5	86.9	
-38.6	57.4	10.6	10.6	
-26.3	13.1	8.2	-127.1	
-26.3	40.1	0.8	-144.4	
-4.1	-9.1	-6.6	-43.5	
-4.1	35.2	-9.1	18.0	
3.2	10.6	-6.6	5.7	
5.7	50.0	5.7	-4.1	
15.5	5.7	13.1	20.5	
32.8	25.4	13.1	40.1	
25.4	-18.9	15.5	27.8	
25.4	-6.6	15.5	13.1	
27.8	10.6	20.5	20.5	
35.2	5.7	10.6	47.5	
37.7	37.7	0.8	30.3	
54.9	-427.3	13.1	-36.1	
67.2	-267.4	30.3	-60.7	
86.9	-117.3	25.4	-18.9	
69.7	-144.4	20.5	3.2	
79.5	141.0	25.4	-11.5	
101.6	-18.9	13.1	-21.4	
111.5	-82.9	15.5	-6.6	
133.6	264.0	18.0	10.6	
116.4	-50.9	8.2	13.1	
121.3	106.6	0.8	30.3	
148.4	72.1	15.5	35.2	
141.0	35.2	8.2	5.7	
170.5	27.8	15.5	15.5	
185.3	-122.2	25.4	64.7	
234.5	10.6	15.5	57.4	
234.5	27.8	15.5	-1.7	
229.6	32.8	27.8	-41.0	
268.9	30.3	27.8	-6.6	
261.5	54.9	30.3	-4.1	
251.7	57.4	13.1	-6.6	
222.2	42.6	0.8	-23.8	
222.2	3.2	3.2	-26.3	
217.3	0.8	-1.7	-14.0	
224.6	8.2	-16.4	10.6	
219.7	22.9	-31.2	3.2	
219.7	0.8	-21.4	-21.4	
214.8	15.5	3.2	-21.4	
239.4	27.8	5.7	-1.7	
246.8	35.2	8.2	0.8	
239.4	0.8	-1.7	3.2	
251.7	-4.1	-9.1	0.8	
266.5	27.8	5.7	3.2	
224.6	40.1	5.7	-4.1	
197.6	59.8	-1.7	3.2	
173.0	22.9	25.4	8.2	
160.7	45.1	25.4	5.7	
177.9	47.5	22.9	8.2	
168.1	47.5	25.4	10.6	
136.1	57.4	13.1	18.0	
89.3	62.3	37.7	15.5	
47.5	32.8	10.6	3.2	
20.5	59.8	-4.1	-18.9	
35.2	54.9	5.7	-38.6	
20.5	64.7	3.2	-1.7	
32.8	69.7	13.1	25.4	
13.1	54.9	13.1	37.7	
22.9	37.7	15.5	37.7	
22.9	30.3	27.8	-16.4	
-4.1	13.1	40.1	-4.1	
-46.0	54.9	47.5	0.8	
-90.2	64.7	35.2	22.9	
-107.5	47.5	20.5	-14.0	
-132.1	62.3	18.0	-21.4	
-139.4	47.5	13.1	-21.4	
-159.1	64.7	-6.6	8.2	
-193.6	45.1	-1.7	-28.7	
-208.3	37.7	22.9	-36.1	
-242.8	50.0	35.2	15.5	
-255.1	74.6	30.3	20.5	
-289.5	47.5	5.7	20.5	
-304.3	22.9	-50.9	13.1	
-314.1	5.7	-41.0	10.6	
-319.0	32.8	-16.4	8.2	
-336.2	42.6	18.0	8.2	
-358.4	52.4	35.2	10.6	
-375.6	8.2	20.5	10.6	
-373.1	64.7	32.8	15.5	
-400.2	59.8	5.7	10.6	
-410.0	50.0	-21.4	-6.6	
-427.3	35.2	-9.1	0.8	
-410.0	69.7	15.5	-1.7	
-387.9	79.5	3.2	5.7	
-331.3	47.5	-4.1	15.5	
-223.1	45.1	-18.9	15.5	
-151.7	30.3	-6.6	20.5	
-178.8	123.8	-6.6	20.5	
-200.9	116.4	-4.1	10.6	
-225.5	116.4	-4.1	8.2	
-264.9	118.9	-1.7	-11.5	
-299.3	106.6	0.8	3.2	
-319.0	86.9	-6.6	22.9	
-296.9	86.9	8.2	20.5	
-255.1	64.7	-1.7	13.1	
-183.7	82.0	-1.7	-14.0	
-164.0	86.9	8.2	0.8	
-112.4	79.5	5.7	3.2	
-33.7	101.6	18.0	10.6	
-38.6	64.7	8.2	5.7	
-82.9	86.9	5.7	-1.7	
-127.1	54.9	3.2	10.6	
-181.3	50.0	3.2	15.5	
-203.4	45.1	10.6	5.7	
-210.8	64.7	3.2	8.2	
-188.6	59.8	10.6	13.1	
-129.6	77.0	13.1	37.7	
-105.0	74.6	20.5	25.4	
-73.0	40.1	13.1	45.1	
-65.6	82.0	0.8	45.1	
-127.1	96.7	-1.7	47.5	
-144.4	118.9	5.7	42.6	
-171.4	192.7	-6.6	106.6	
-139.4	227.1	3.2	91.8	
-105.0	209.9	5.7	32.8	
-151.7	249.2	18.0	-23.8	
-102.5	205.0	27.8	-73.0	
-100.1	155.8	27.8	-50.9	
-112.4	143.5	25.4	-23.8	
-107.5	-14.0	22.9	-46.0	
-85.3	37.7	25.4	-6.6	
-65.6	69.7	20.5	5.7	
-58.3	-109.9	42.6	64.7	
-87.8	18.0	30.3	118.9	
-102.5	131.2	32.8	121.3	
-92.7	-269.8	32.8	62.3	
-95.2	30.3	27.8	-14.0	
-112.4	54.9	25.4	25.4	
-154.2	77.0	40.1	13.1	
-178.8	69.7	25.4	0.8	
-134.5	91.8	20.5	-16.4	
-114.8	67.2	13.1	3.2	
-124.7	45.1	15.5	-11.5	
-137.0	32.8	25.4	-85.3	
-119.8	18.0	30.3	-109.9	
-159.1	-18.9	27.8	-6.6	
-176.3	-36.1	20.5	20.5	
-186.2	-50.9	8.2	-6.6	
-181.3	-21.4	15.5	-4.1	
-132.1	-23.8	20.5	8.2	
-188.6	10.6	0.8	-1.7	
-294.4	-21.4	-6.6	-1.7	
-373.1	-4.1	-4.1	18.0	
-415.0	-6.6	-4.1	18.0	
-373.1	-36.1	-1.7	20.5	
-333.8	-11.5	18.0	37.7	
-198.5	-43.5	42.6	47.5	
-134.5	-33.7	57.4	40.1	
-193.6	15.5	20.5	-9.1	
-240.3	-4.1	0.8	-33.7	
-264.9	25.4	-14.0	-6.6	
-218.2	-43.5	8.2	10.6	
-122.2	-26.3	13.1	13.1	
-38.6	-16.4	10.6	20.5	
5.7	-4.1	10.6	25.4	
67.2	13.1	-1.7	32.8	
131.2	-18.9	13.1	27.8	
123.8	-16.4	15.5	27.8	
141.0	5.7	5.7	30.3	
187.7	37.7	-4.1	20.5	
222.2	8.2	-9.1	15.5	
197.6	-38.6	-6.6	30.3	
271.4	-11.5	-4.1	47.5	
234.5	-16.4	0.8	54.9	
219.7	20.5	-4.1	72.1	
209.9	0.8	13.1	79.5	
123.8	-6.6	13.1	20.5	
54.9	10.6	18.0	18.0	
3.2	10.6	10.6	32.8	
-80.4	-21.4	13.1	50.0	
-28.7	-9.1	3.2	101.6	
5.7	13.1	-11.5	69.7	
158.2	0.8	-16.4	-48.4	
342.7	10.6	-9.1	-127.1	
335.3	-11.5	-1.7	-132.1	
229.6	-11.5	-9.1	-48.4	
67.2	-9.1	-4.1	-4.1	
-63.2	32.8	20.5	8.2	
-55.8	15.5	13.1	-9.1	
180.4	-6.6	22.9	22.9	
448.5	-14.0	32.8	-53.3	
519.8	0.8	18.0	-75.5	
453.4	32.8	13.1	-36.1	
222.2	50.0	18.0	-80.4	
25.4	20.5	32.8	-55.8	
-122.2	40.1	8.2	3.2	
-151.7	42.6	25.4	15.5	
-70.6	101.6	20.5	35.2	
-87.8	82.0	30.3	40.1	
-161.6	40.1	13.1	37.7	
-225.5	69.7	15.5	37.7	
-269.8	67.2	20.5	57.4	
-282.1	15.5	22.9	40.1	
-287.0	52.4	22.9	18.0	
-299.3	25.4	20.5	13.1	
-240.3	15.5	27.8	22.9	
-255.1	32.8	20.5	82.0	
-255.1	-21.4	13.1	101.6	
-358.4	25.4	5.7	96.7	
-392.8	32.8	0.8	-4.1	
-301.8	25.4	-1.7	-33.7	
-205.9	5.7	10.6	-4.1	
-230.5	3.2	8.2	5.7	
-255.1	22.9	8.2	18.0	
-289.5	30.3	20.5	59.8	
-287.0	5.7	20.5	-6.6	
-294.4	-14.0	13.1	-28.7	
-343.6	-11.5	27.8	-23.8	
-375.6	-38.6	27.8	5.7	
-346.1	-46.0	27.8	-28.7	
-287.0	-6.6	18.0	-87.8	
-255.1	-11.5	8.2	-1.7	
-200.9	18.0	0.8	18.0	
-70.6	32.8	8.2	-21.4	
15.5	74.6	-6.6	-16.4	
116.4	-107.5	-1.7	-4.1	
187.7	-50.9	3.2	-14.0	
229.6	-210.8	-9.1	3.2	
224.6	-166.5	-6.6	18.0	
222.2	-48.4	-6.6	-4.1	
224.6	74.6	-4.1	30.3	
236.9	145.9	-4.1	25.4	
224.6	-36.1	-1.7	20.5	
207.4	-48.4	-1.7	47.5	
182.8	-225.5	0.8	57.4	
180.4	-124.7	-16.4	59.8	
185.3	-85.3	-1.7	45.1	
177.9	-55.8	8.2	52.4	
187.7	-58.3	22.9	62.3	
190.2	-60.7	18.0	0.8	
182.8	-75.5	30.3	-38.6	
170.5	-50.9	15.5	-46.0	
155.8	-82.9	8.2	-28.7	
168.1	-85.3	-6.6	25.4	
200.0	-109.9	-6.6	47.5	
259.1	-119.8	-6.6	45.1	
298.4	-75.5	8.2	52.4	
323.0	-65.6	8.2	18.0	
328.0	-85.3	8.2	13.1	
303.4	-63.2	10.6	-31.2	
266.5	-31.2	30.3	-4.1	
224.6	-60.7	42.6	-43.5	
187.7	-164.0	30.3	-38.6	
177.9	-117.3	13.1	-23.8	
170.5	-82.9	3.2	22.9	
153.3	-92.7	-1.7	50.0	
133.6	-73.0	3.2	15.5	
131.2	-33.7	8.2	-23.8	
126.2	-11.5	3.2	-65.6	
128.7	-1.7	-4.1	-23.8	
148.4	5.7	-14.0	3.2	
190.2	-14.0	-14.0	32.8	
217.3	-68.1	-6.6	111.5	
190.2	-1.7	-6.6	131.2	
160.7	-33.7	-4.1	173.0	
165.6	50.0	3.2	165.6	
160.7	239.4	0.8	158.2	
160.7	323.0	3.2	-9.1	
168.1	404.2	5.7	-82.9	
163.1	391.9	-11.5	-102.5	
155.8	502.6	-1.7	-92.7	
145.9	620.7	-4.1	-92.7	
101.6	657.6	-1.7	-41.0	
64.7	650.2	-6.6	-18.9	
5.7	694.5	3.2	-26.3	
-53.3	630.5	0.8	8.2	
-77.9	475.6	-14.0	-11.5	
-137.0	325.5	-11.5	-23.8	
-151.7	118.9	5.7	-50.9	
-141.9	-193.6	-11.5	-58.3	
-159.1	-478.9	3.2	-43.5	
-186.2	-621.6	-6.6	-41.0	
-169.0	-508.4	-4.1	-31.2	
-173.9	-916.8	3.2	-6.6	
-151.7	-387.9	15.5	3.2	
-144.4	-137.0	25.4	32.8	
-127.1	-378.1	27.8	15.5	
-124.7	-577.3	40.1	20.5	
-102.5	-601.9	25.4	20.5	
-92.7	-759.4	20.5	15.5	
-80.4	-921.7	20.5	35.2	
-68.1	-958.6	18.0	47.5	
-77.9	-931.6	10.6	32.8	
-77.9	-980.8	-1.7	32.8	
-95.2	-884.8	-23.8	40.1	
-85.3	-781.5	-53.3	25.4	
-97.6	-788.9	-26.3	25.4	
-105.0	-749.5	3.2	30.3	
-97.6	-631.4	25.4	13.1	
-107.5	-528.1	27.8	27.8	
-105.0	-383.0	-4.1	32.8	
-95.2	-894.7	-26.3	54.9	
-90.2	-633.9	-18.9	59.8	
-102.5	-697.9	-23.8	22.9	
-114.8	-392.8	-21.4	-18.9	
-109.9	-311.6	-9.1	10.6	
-107.5	-225.5	0.8	-1.7	
-117.3	-82.9	5.7	-18.9	
-124.7	-73.0	-9.1	5.7	
-117.3	-33.7	-1.7	3.2	
-112.4	-68.1	5.7	20.5	
-122.2	-48.4	3.2	27.8	
-117.3	-41.0	-6.6	5.7	
-124.7	-311.6	-1.7	-6.6	
-132.1	-264.9	3.2	-11.5	
-132.1	-97.6	5.7	-11.5	
-139.4	-58.3	3.2	-28.7	
-161.6	13.1	3.2	20.5	
-156.7	74.6	0.8	32.8	
-164.0	22.9	-4.1	72.1	
-191.1	-55.8	-4.1	96.7	
-210.8	-351.0	-14.0	50.0	
-213.2	-577.3	-6.6	10.6	
-178.8	-193.6	15.5	-48.4	
-119.8	13.1	27.8	-109.9	
-46.0	20.5	30.3	-77.9	
-31.2	-149.3	22.9	-36.1	
-48.4	-92.7	13.1	-18.9	
-65.6	57.4	15.5	0.8	
-68.1	313.2	15.5	64.7	
-75.5	569.0	15.5	59.8	
-90.2	266.5	5.7	0.8	
-85.3	460.8	-1.7	-14.0	
-65.6	377.2	3.2	-80.4	
-41.0	554.3	-1.7	-28.7	
-50.9	214.8	-4.1	-14.0	
-75.5	239.4	5.7	5.7	
-90.2	286.1	3.2	-4.1	
-100.1	423.9	5.7	-9.1	
-181.3	391.9	22.9	5.7	
-210.8	404.2	27.8	0.8	
-210.8	416.5	20.5	-16.4	
-213.2	480.5	5.7	18.0	
-200.9	478.0	-1.7	20.5	
-191.1	475.6	-1.7	22.9	
-188.6	468.2	5.7	37.7	
-183.7	448.5	0.8	15.5	
-196.0	411.6	0.8	20.5	
-173.9	414.1	0.8	8.2	
-166.5	404.2	8.2	-6.6	
-139.4	396.8	-9.1	-1.7	
-122.2	399.3	-1.7	5.7	
-119.8	391.9	-14.0	13.1	
-119.8	332.9	-1.7	5.7	
-85.3	296.0	5.7	-9.1	
-80.4	251.7	-11.5	-6.6	
-75.5	293.5	-6.6	-14.0	
-65.6	318.1	13.1	-14.0	
-65.6	278.8	10.6	-18.9	
-63.2	256.6	13.1	-4.1	
-70.6	251.7	25.4	-1.7	
-53.3	278.8	10.6	-6.6	
-53.3	296.0	-21.4	0.8	
-80.4	298.4	-1.7	0.8	
-73.0	232.0	3.2	15.5	
-77.9	246.8	10.6	13.1	
-80.4	212.3	10.6	13.1	
-90.2	217.3	-9.1	13.1	
-97.6	234.5	-11.5	13.1	
-100.1	202.5	-1.7	8.2	
-90.2	118.9	-6.6	5.7	
-95.2	143.5	0.8	-4.1	
-87.8	133.6	8.2	15.5	
-92.7	143.5	3.2	57.4	
-102.5	150.8	-4.1	104.1	
-97.6	165.6	-28.7	99.2	
-114.8	131.2	-18.9	86.9	
-112.4	128.7	5.7	-31.2	
-105.0	143.5	22.9	-146.8	
-82.9	141.0	8.2	-82.9	
-90.2	155.8	-1.7	-46.0	
-63.2	150.8	8.2	-28.7	
-58.3	141.0	18.0	-4.1	
-41.0	148.4	22.9	-1.7	
-60.7	163.1	-14.0	8.2	
-75.5	109.0	-23.8	-11.5	
-87.8	82.0	-4.1	-14.0	
-92.7	69.7	5.7	3.2	
-87.8	35.2	25.4	3.2	
-102.5	82.0	40.1	3.2	
-92.7	79.5	10.6	15.5	
-75.5	79.5	-21.4	13.1	
-68.1	89.3	-1.7	18.0	
-73.0	84.4	-9.1	10.6	
-77.9	131.2	-6.6	22.9	
-92.7	222.2	8.2	20.5	
-109.9	296.0	10.6	37.7	
-119.8	281.2	18.0	22.9	
-109.9	234.5	8.2	27.8	
-114.8	241.9	3.2	27.8	
-105.0	236.9	10.6	22.9	
-107.5	251.7	-4.1	20.5	
-112.4	298.4	13.1	30.3	
-114.8	278.8	8.2	27.8	
-129.6	246.8	3.2	37.7	
-129.6	256.6	5.7	20.5	
-117.3	207.4	-1.7	8.2	
-97.6	214.8	-1.7	13.1	
-95.2	212.3	5.7	30.3	
-70.6	214.8	0.8	59.8	
-58.3	175.4	-1.7	64.7	
-70.6	170.5	8.2	42.6	
-68.1	160.7	0.8	15.5	
-80.4	131.2	13.1	-33.7	
-107.5	113.9	8.2	-36.1	
-132.1	113.9	-1.7	-21.4	
-117.3	138.5	8.2	-33.7	
-127.1	52.4	8.2	-16.4	
-112.4	37.7	8.2	-11.5	
-129.6	22.9	5.7	3.2	
-114.8	18.0	3.2	18.0	
-119.8	15.5	13.1	25.4	
-124.7	121.3	5.7	3.2	
-107.5	3.2	5.7	-14.0	
-92.7	-109.9	-4.1	-9.1	
-90.2	8.2	-1.7	3.2	
-87.8	10.6	-11.5	-9.1	
-85.3	57.4	-14.0	-11.5	
-85.3	22.9	5.7	-18.9	
-80.4	-58.3	-6.6	-6.6	
-82.9	-139.4	3.2	13.1	
-58.3	18.0	15.5	25.4	
-70.6	-18.9	35.2	15.5	
-53.3	-73.0	25.4	13.1	
-43.5	45.1	5.7	18.0	
-41.0	-198.5	-6.6	30.3	
-26.3	-36.1	10.6	27.8	
-33.7	-9.1	8.2	42.6	
-21.4	-36.1	15.5	72.1	
-21.4	-14.0	18.0	121.3	
-14.0	-4.1	8.2	165.6	
-16.4	30.3	-4.1	163.1	
-21.4	18.0	-4.1	15.5	
-23.8	25.4	-6.6	-68.1	
-43.5	74.6	-6.6	-176.3	
-16.4	84.4	0.8	-105.0	
-18.9	91.8	-9.1	8.2	
-21.4	109.0	0.8	-1.7	
-43.5	91.8	-6.6	-4.1	
-18.9	94.3	18.0	0.8	
-18.9	59.8	18.0	-48.4	
-21.4	59.8	32.8	-28.7	
-31.2	77.0	22.9	8.2	
-48.4	84.4	8.2	-33.7	
-63.2	59.8	-1.7	-26.3	
-73.0	42.6	10.6	15.5	
-77.9	57.4	13.1	62.3	
-65.6	69.7	32.8	84.4	
-77.9	15.5	25.4	32.8	
-82.9	64.7	30.3	27.8	
-73.0	-1.7	25.4	13.1	
-77.9	20.5	37.7	-9.1	
-87.8	64.7	30.3	-16.4	
-92.7	25.4	37.7	-11.5	
-95.2	62.3	30.3	32.8	
-92.7	35.2	22.9	82.0	
-114.8	10.6	22.9	3.2	
-97.6	27.8	13.1	-124.7	
-92.7	8.2	18.0	-73.0	
-97.6	-14.0	25.4	-23.8	
-90.2	45.1	20.5	8.2	
-102.5	20.5	27.8	47.5	
-102.5	-6.6	30.3	42.6	
-90.2	10.6	20.5	-6.6	
-109.9	10.6	5.7	-46.0	
-119.8	37.7	5.7	-38.6	
-122.2	104.1	10.6	-11.5	
-114.8	59.8	13.1	3.2	
-141.9	-6.6	15.5	0.8	
-132.1	27.8	27.8	-1.7	
-129.6	-1.7	27.8	0.8	
-139.4	10.6	10.6	8.2	
-137.0	-6.6	8.2	13.1	
-149.3	8.2	13.1	45.1	
-139.4	-6.6	27.8	27.8	
-161.6	10.6	15.5	40.1	
-161.6	-18.9	25.4	57.4	
-169.0	20.5	20.5	-1.7	
-166.5	59.8	22.9	-33.7	
-169.0	-53.3	20.5	-11.5	
-161.6	-46.0	13.1	-1.7	
-169.0	-31.2	27.8	13.1	
-159.1	-18.9	25.4	32.8	
-154.2	3.2	22.9	27.8	
-169.0	-33.7	27.8	32.8	
-171.4	0.8	8.2	35.2	
-166.5	30.3	3.2	50.0	
-171.4	50.0	10.6	79.5	
-171.4	32.8	20.5	165.6	
-161.6	57.4	18.0	173.0	
-161.6	32.8	30.3	64.7	
-173.9	13.1	20.5	-46.0	
-156.7	10.6	22.9	-124.7	
-173.9	13.1	25.4	-117.3	
-164.0	42.6	13.1	-55.8	
-159.1	32.8	10.6	-28.7	
-159.1	52.4	5.7	-28.7	
-166.5	8.2	20.5	-14.0	
-164.0	50.0	20.5	37.7	
-186.2	13.1	20.5	111.5	
-176.3	27.8	13.1	150.8	
-178.8	18.0	10.6	79.5	
-178.8	0.8	18.0	-33.7	
-181.3	-28.7	22.9	-122.2	
-173.9	-28.7	20.5	-77.9	
-156.7	8.2	8.2	-31.2	
-141.9	13.1	5.7	40.1	
-137.0	-4.1	5.7	82.0	
-129.6	-16.4	8.2	74.6	
-107.5	52.4	3.2	27.8	
-105.0	25.4	15.5	5.7	
-87.8	-4.1	-1.7	20.5	
-97.6	202.5	5.7	50.0	
-77.9	-11.5	5.7	-14.0	
-68.1	42.6	5.7	35.2	
-75.5	123.8	-1.7	-53.3	
-60.7	47.5	-1.7	-58.3	
-63.2	141.0	-6.6	-36.1	
-75.5	273.8	-9.1	-9.1	
-70.6	42.6	-6.6	-55.8	
-60.7	-41.0	-1.7	-63.2	
-63.2	-132.1	-9.1	-14.0	
-43.5	-304.3	8.2	22.9	
-50.9	-9.1	-4.1	25.4	
-48.4	47.5	-9.1	35.2	
-31.2	-176.3	-6.6	-4.1	
-36.1	-21.4	-21.4	-9.1	
-33.7	-46.0	-23.8	-1.7	
-28.7	-23.8	-23.8	-1.7	
-31.2	-60.7	-23.8	15.5	
-28.7	-31.2	-26.3	-6.6	
-28.7	18.0	-23.8	-6.6	
-21.4	13.1	-21.4	-26.3	
-28.7	27.8	-18.9	3.2	
-14.0	20.5	0.8	15.5	
-28.7	8.2	-4.1	10.6	
-16.4	-4.1	-1.7	-21.4	
-18.9	-36.1	-4.1	-11.5	
-21.4	-38.6	-9.1	-9.1	
-14.0	-46.0	-4.1	-1.7	
-14.0	10.6	-1.7	3.2	
-6.6	30.3	0.8	3.2	
-26.3	59.8	0.8	0.8	
-41.0	59.8	-9.1	18.0	
-26.3	37.7	-6.6	30.3	
-43.5	77.0	-6.6	37.7	
-38.6	45.1	-28.7	22.9	
-31.2	35.2	-26.3	27.8	
-26.3	45.1	-21.4	45.1	
-21.4	13.1	-28.7	40.1	
-46.0	32.8	-6.6	10.6	
-36.1	3.2	5.7	5.7	
-46.0	30.3	-4.1	-1.7	
-43.5	-9.1	13.1	25.4	
-41.0	40.1	18.0	64.7	
-43.5	20.5	-9.1	64.7	
-46.0	25.4	-11.5	62.3	
-46.0	13.1	-18.9	10.6	
-53.3	-14.0	-1.7	-53.3	
-50.9	-11.5	0.8	-114.8	
-33.7	20.5	8.2	-80.4	
-41.0	-28.7	-11.5	-23.8	
-46.0	-16.4	-14.0	0.8	
-38.6	32.8	3.2	0.8	
-46.0	32.8	25.4	18.0	
-68.1	25.4	35.2	8.2	
-87.8	27.8	30.3	-9.1	
-90.2	45.1	13.1	18.0	
-82.9	30.3	30.3	18.0	
-75.5	0.8	25.4	13.1	
-77.9	-11.5	32.8	18.0	
-73.0	-31.2	32.8	27.8	
-68.1	-4.1	30.3	25.4	
-55.8	10.6	32.8	8.2	
-53.3	-21.4	27.8	-1.7	
-70.6	-23.8	22.9	20.5	
-82.9	-36.1	22.9	45.1	
-95.2	-4.1	5.7	50.0	
-77.9	-23.8	3.2	50.0	
-77.9	8.2	-11.5	0.8	
-75.5	13.1	-4.1	-18.9	
-68.1	52.4	0.8	30.3	
-41.0	37.7	-1.7	45.1	
-31.2	27.8	-14.0	40.1	
-31.2	52.4	-9.1	10.6	
-48.4	3.2	-11.5	5.7	
-75.5	45.1	-9.1	8.2	
-102.5	52.4	-14.0	25.4	
-105.0	25.4	-14.0	42.6	
-100.1	32.8	-9.1	37.7	
-77.9	52.4	-14.0	35.2	
-55.8	74.6	-6.6	15.5	
-38.6	25.4	-4.1	-4.1	
-26.3	47.5	5.7	5.7	
-9.1	59.8	-1.7	18.0	
-6.6	30.3	-4.1	45.1	
3.2	91.8	5.7	-4.1	
25.4	94.3	-11.5	-14.0	
0.8	79.5	-11.5	-38.6	
-31.2	84.4	-1.7	-53.3	
-55.8	84.4	0.8	-18.9	
-82.9	74.6	18.0	-9.1	
-85.3	77.0	0.8	57.4	
-77.9	74.6	3.2	59.8	
-97.6	69.7	5.7	74.6	
-124.7	64.7	0.8	69.7	
-102.5	82.0	10.6	104.1	
-63.2	62.3	10.6	45.1	
-9.1	47.5	-1.7	-92.7	
5.7	86.9	13.1	-112.4	
18.0	91.8	15.5	-65.6	
32.8	91.8	20.5	-70.6	
-11.5	131.2	20.5	-41.0	
-75.5	-109.9	8.2	5.7	
-149.3	-18.9	3.2	-41.0	
-173.9	-23.8	8.2	-26.3	
-205.9	74.6	8.2	15.5	
-230.5	-82.9	0.8	8.2	
-242.8	54.9	15.5	27.8	
-228.0	-164.0	10.6	15.5	
-164.0	143.5	5.7	22.9	
25.4	214.8	-1.7	8.2	
170.5	-77.9	8.2	-31.2	
264.0	54.9	18.0	-16.4	
205.0	173.0	30.3	74.6	
111.5	-230.5	22.9	89.3	
-11.5	52.4	13.1	67.2	
-122.2	82.0	5.7	30.3	
-210.8	62.3	-6.6	27.8	
-225.5	89.3	-6.6	0.8	
-193.6	47.5	-1.7	-9.1	
-134.5	67.2	3.2	32.8	
-23.8	62.3	5.7	10.6	
54.9	35.2	10.6	-9.1	
94.3	42.6	10.6	-68.1	
111.5	52.4	8.2	-36.1	
145.9	42.6	18.0	-26.3	
47.5	18.0	25.4	35.2	
-90.2	54.9	22.9	10.6	
-164.0	37.7	30.3	-4.1	
-230.5	54.9	25.4	22.9	
-242.8	35.2	5.7	13.1	
-122.2	59.8	15.5	13.1	
-119.8	94.3	13.1	32.8	
-119.8	42.6	5.7	30.3	
-132.1	57.4	-16.4	35.2	
-77.9	54.9	-4.1	25.4	
82.0	82.0	8.2	10.6	
182.8	35.2	5.7	13.1	
259.1	37.7	-1.7	15.5	
153.3	54.9	5.7	15.5	
-137.0	89.3	15.5	32.8	
-407.6	5.7	10.6	15.5	
-496.1	45.1	5.7	13.1	
-498.6	64.7	5.7	22.9	
-464.2	47.5	0.8	32.8	
-412.5	50.0	10.6	25.4	
-368.2	47.5	8.2	35.2	
-287.0	52.4	8.2	42.6	
-151.7	45.1	3.2	30.3	
37.7	69.7	0.8	64.7	
109.0	27.8	5.7	59.8	
168.1	47.5	8.2	69.7	
212.3	62.3	3.2	101.6	
254.2	37.7	-1.7	84.4	
217.3	62.3	0.8	5.7	
150.8	82.0	0.8	-85.3	
118.9	67.2	13.1	-87.8	
106.6	62.3	20.5	-75.5	
91.8	79.5	27.8	-63.2	
190.2	47.5	25.4	-65.6	
158.2	54.9	27.8	-41.0	
118.9	74.6	10.6	0.8	
74.6	69.7	18.0	-6.6	
-16.4	67.2	35.2	-31.2	
-107.5	54.9	32.8	-41.0	
-95.2	25.4	25.4	0.8	
-63.2	8.2	27.8	8.2	
-105.0	22.9	18.0	-11.5	
-132.1	52.4	18.0	-28.7	
-112.4	62.3	8.2	-43.5	
-173.9	45.1	-1.7	-23.8	
-191.1	15.5	5.7	3.2	
-154.2	79.5	10.6	0.8	
-139.4	64.7	8.2	-11.5	
-85.3	22.9	0.8	3.2	
-53.3	25.4	5.7	-9.1	
8.2	-16.4	15.5	5.7	
45.1	45.1	18.0	-31.2	
50.0	72.1	8.2	-26.3	
94.3	42.6	-4.1	-21.4	
121.3	-21.4	-4.1	-1.7	
96.7	18.0	-6.6	-4.1	
42.6	54.9	-6.6	3.2	
-6.6	3.2	-16.4	-4.1	
-80.4	-16.4	-9.1	-1.7	
-100.1	3.2	-11.5	5.7	
-161.6	-82.9	-6.6	5.7	
-151.7	-31.2	3.2	-4.1	
-146.8	13.1	18.0	5.7	
-119.8	-16.4	37.7	-11.5	
-95.2	5.7	30.3	-11.5	
-28.7	-6.6	15.5	0.8	
89.3	-9.1	13.1	-16.4	
153.3	-23.8	10.6	-4.1	
246.8	30.3	22.9	-9.1	
293.5	22.9	5.7	0.8	
278.8	-4.1	3.2	-9.1	
222.2	5.7	0.8	-16.4	
148.4	35.2	3.2	3.2	
94.3	10.6	13.1	-9.1	
111.5	47.5	5.7	-11.5	
185.3	-58.3	8.2	15.5	
212.3	32.8	5.7	54.9	
155.8	59.8	0.8	45.1	
59.8	-18.9	0.8	45.1	
-28.7	-95.2	3.2	47.5	
-36.1	32.8	-6.6	22.9	
-9.1	118.9	0.8	77.0	
-21.4	-33.7	-4.1	67.2	
-55.8	-14.0	-1.7	74.6	
-95.2	-33.7	-11.5	30.3	
-129.6	-55.8	-9.1	-63.2	
-100.1	185.3	-9.1	-109.9	
-63.2	67.2	3.2	-43.5	
-38.6	-178.8	-6.6	-53.3	
-36.1	5.7	-4.1	-1.7	
-14.0	18.0	0.8	50.0	
20.5	47.5	18.0	82.0	
22.9	40.1	13.1	143.5	
52.4	145.9	15.5	62.3	
69.7	57.4	10.6	-46.0	
72.1	52.4	5.7	-100.1	
101.6	59.8	18.0	-141.9	
104.1	50.0	18.0	-53.3	
47.5	25.4	10.6	40.1	
3.2	32.8	3.2	32.8	
-38.6	27.8	10.6	-14.0	
-6.6	-4.1	13.1	-16.4	
3.2	15.5	10.6	40.1	
18.0	57.4	8.2	32.8	
45.1	8.2	8.2	-6.6	
62.3	0.8	13.1	-46.0	
62.3	22.9	5.7	-4.1	
47.5	-4.1	8.2	10.6	
-11.5	18.0	0.8	45.1	
-46.0	-53.3	3.2	-1.7	
-38.6	13.1	-1.7	-73.0	
-53.3	-18.9	5.7	-43.5	
-48.4	-36.1	0.8	-16.4	
-53.3	-53.3	8.2	18.0	
-36.1	-16.4	-6.6	10.6	
-23.8	15.5	-9.1	5.7	
-21.4	-46.0	5.7	0.8	
-1.7	-23.8	3.2	15.5	
3.2	10.6	3.2	30.3	
8.2	-26.3	-23.8	67.2	
22.9	-97.6	-28.7	72.1	
45.1	-85.3	-28.7	15.5	
18.0	-92.7	-9.1	42.6	
30.3	-144.4	-11.5	94.3	
32.8	-107.5	-11.5	35.2	
27.8	-134.5	-1.7	-23.8	
18.0	-117.3	-9.1	-1.7	
10.6	-117.3	-16.4	-28.7	
-11.5	-161.6	-18.9	27.8	
-33.7	-164.0	3.2	18.0	
-18.9	-139.4	-9.1	-114.8	
-11.5	-156.7	-1.7	-18.9	
40.1	-154.2	-16.4	96.7	
101.6	-173.9	0.8	86.9	
155.8	-178.8	-9.1	94.3	
133.6	-85.3	-4.1	30.3	
99.2	-85.3	-6.6	-28.7	
84.4	-82.9	-26.3	-173.9	
67.2	8.2	-6.6	-87.8	
77.0	-31.2	-14.0	-55.8	
74.6	-14.0	-16.4	-70.6	
74.6	121.3	-18.9	133.6	
64.7	195.1	-9.1	67.2	
47.5	261.5	-4.1	-80.4	
20.5	389.5	-9.1	-73.0	
8.2	549.4	-4.1	-21.4	
-36.1	633.0	-1.7	40.1	
-60.7	940.5	-11.5	89.3	
-92.7	1425.1	-9.1	15.5	
-55.8	1523.5	-18.9	-1.7	
-53.3	1100.4	-9.1	45.1	
-65.6	925.7	-4.1	99.2	
-77.9	596.1	-4.1	148.4	
-109.9	207.4	-11.5	59.8	
-100.1	-296.9	-28.7	153.3	
-124.7	-385.4	-23.8	165.6	
-137.0	-496.1	-6.6	35.2	
-137.0	-240.3	-18.9	-33.7	
-134.5	-968.5	-11.5	-58.3	
-132.1	-732.3	-9.1	-58.3	
-132.1	-958.6	-11.5	-53.3	
-109.9	-1130.8	-6.6	-90.2	
-70.6	-1145.6	-1.7	13.1	
-41.0	-1130.8	-11.5	-164.0	
-23.8	-1032.4	-21.4	-102.5	
-31.2	-889.7	-23.8	-55.8	
-82.9	-909.4	-31.2	-33.7	
-90.2	-867.6	-16.4	5.7	
-100.1	-857.8	-14.0	8.2	
-114.8	-870.1	-11.5	27.8	
-95.2	-727.4	-1.7	50.0	
-68.1	-574.9	15.5	22.9	
-70.6	-503.5	25.4	22.9	
-65.6	-383.0	18.0	15.5	
-60.7	-336.2	13.1	47.5	
-73.0	-387.9	13.1	89.3	
-73.0	-102.5	8.2	59.8	
-82.9	-228.0	-1.7	64.7	
-80.4	-326.4	8.2	-43.5	
-70.6	-105.0	5.7	-18.9	
-48.4	-1022.6	-4.1	-9.1	
-43.5	-513.4	-11.5	-11.5	
-38.6	-378.1	-9.1	0.8	
-36.1	-328.9	0.8	-16.4	
-46.0	-385.4	25.4	-4.1	
-38.6	-262.4	15.5	30.3	
-43.5	-114.8	8.2	40.1	
-33.7	-449.4	-4.1	89.3	
-11.5	-604.4	5.7	106.6	
-14.0	-218.2	-1.7	72.1	
10.6	-97.6	-9.1	-95.2	
10.6	99.2	3.2	-122.2	
8.2	111.5	-1.7	-65.6	
13.1	77.0	13.1	72.1	
20.5	202.5	20.5	77.0	
18.0	278.8	25.4	-16.4	
20.5	234.5	18.0	-26.3	
27.8	281.2	13.1	-9.1	
52.4	266.5	18.0	27.8	
77.0	227.1	13.1	62.3	
57.4	315.7	13.1	42.6	
45.1	276.3	8.2	69.7	
37.7	264.0	0.8	111.5	
13.1	254.2	0.8	3.2	
0.8	298.4	-6.6	-181.3	
-18.9	283.7	-4.1	-232.9	
-18.9	244.3	-11.5	-205.9	
3.2	249.2	-6.6	-149.3	
15.5	244.3	5.7	37.7	
13.1	271.4	-1.7	133.6	
-11.5	281.2	-6.6	91.8	
-9.1	266.5	8.2	-60.7	
18.0	264.0	5.7	10.6	
25.4	219.7	20.5	3.2	
62.3	190.2	10.6	64.7	
59.8	185.3	15.5	47.5	
62.3	163.1	20.5	-73.0	
79.5	163.1	18.0	-85.3	
104.1	227.1	10.6	-117.3	
113.9	236.9	5.7	-14.0	
126.2	190.2	-6.6	35.2	
111.5	190.2	-1.7	3.2	
99.2	177.9	13.1	20.5	
67.2	163.1	10.6	59.8	
52.4	141.0	-1.7	40.1	
42.6	141.0	3.2	20.5	
45.1	148.4	-1.7	15.5	
27.8	128.7	18.0	-23.8	
35.2	165.6	20.5	-33.7	
47.5	111.5	22.9	57.4	
57.4	101.6	25.4	20.5	
52.4	-90.2	13.1	40.1	
74.6	-21.4	18.0	54.9	
52.4	42.6	18.0	-23.8	
42.6	72.1	20.5	-1.7	
32.8	101.6	0.8	27.8	
35.2	111.5	20.5	3.2	
32.8	222.2	20.5	-1.7	
37.7	234.5	20.5	13.1	
35.2	264.0	18.0	40.1	
37.7	276.3	15.5	96.7	
45.1	286.1	8.2	72.1	
40.1	345.2	13.1	89.3	
32.8	330.4	25.4	3.2	
25.4	236.9	30.3	-87.8	
15.5	271.4	30.3	-73.0	
25.4	207.4	20.5	-31.2	
20.5	195.1	18.0	-46.0	
10.6	195.1	15.5	-6.6	
-4.1	197.6	3.2	52.4	
-21.4	192.7	-9.1	89.3	
-28.7	205.0	0.8	133.6	
-26.3	232.0	13.1	20.5	
-36.1	190.2	15.5	-82.9	
-31.2	175.4	27.8	-68.1	
-26.3	205.0	22.9	-9.1	
-21.4	207.4	10.6	42.6	
-18.9	192.7	8.2	15.5	
-26.3	182.8	-1.7	-73.0	
-18.9	192.7	3.2	-1.7	
-36.1	126.2	0.8	52.4	
-48.4	143.5	8.2	35.2	
-55.8	96.7	10.6	91.8	
-55.8	25.4	5.7	64.7	
-58.3	13.1	18.0	177.9	
-63.2	25.4	42.6	57.4	
-73.0	18.0	40.1	-97.6	
-87.8	37.7	22.9	-178.8	
-109.9	-14.0	18.0	-181.3	
-77.9	-36.1	20.5	-38.6	
-87.8	-122.2	20.5	45.1	
-73.0	-100.1	27.8	10.6	
-77.9	-122.2	20.5	-102.5	
-68.1	-53.3	30.3	-58.3	
-65.6	35.2	25.4	-4.1	
-97.6	22.9	20.5	10.6	
-92.7	320.6	25.4	-16.4	
-77.9	342.7	25.4	18.0	
-92.7	273.8	32.8	-16.4	
-109.9	261.5	18.0	-58.3	
-100.1	308.3	22.9	20.5	
-95.2	273.8	27.8	62.3	
-90.2	5.7	22.9	84.4	
-95.2	126.2	15.5	0.8	
-82.9	320.6	18.0	-95.2	
-92.7	106.6	10.6	-65.6	
-100.1	246.8	5.7	-14.0	
-102.5	67.2	3.2	131.2	
-107.5	86.9	-4.1	187.7	
-97.6	207.4	-1.7	91.8	
-90.2	214.8	-14.0	50.0	
-80.4	232.0	-4.1	35.2	
-60.7	212.3	-6.6	8.2	
-68.1	197.6	-1.7	-41.0	
-68.1	133.6	10.6	-33.7	
-55.8	165.6	3.2	-23.8	
-60.7	138.5	3.2	5.7	
-41.0	153.3	10.6	18.0	
-36.1	72.1	10.6	42.6	
-9.1	109.0	8.2	72.1	
10.6	79.5	22.9	109.0	
22.9	84.4	10.6	150.8	
52.4	91.8	-1.7	47.5	
64.7	37.7	15.5	-9.1	
69.7	54.9	8.2	-92.7	
96.7	40.1	-26.3	-65.6	
111.5	47.5	-28.7	8.2	
123.8	-6.6	-38.6	42.6	
165.6	-16.4	-26.3	101.6	
173.0	27.8	-1.7	185.3	
195.1	37.7	5.7	99.2	
192.7	40.1	5.7	-33.7	
222.2	32.8	22.9	-127.1	
232.0	52.4	30.3	-82.9	
256.6	45.1	15.5	-102.5	
281.2	57.4	13.1	-41.0	
283.7	54.9	5.7	-43.5	
303.4	42.6	8.2	-77.9	
328.0	-1.7	-1.7	-21.4	
340.3	52.4	3.2	-23.8	
362.4	50.0	10.6	-4.1	
369.8	47.5	3.2	-1.7	
382.1	22.9	3.2	-11.5	
394.4	5.7	-1.7	-4.1	
391.9	10.6	-6.6	45.1	
401.8	-28.7	0.8	52.4	
399.3	-21.4	15.5	59.8	
399.3	15.5	15.5	150.8	
399.3	170.5	15.5	254.2	
404.2	77.0	-4.1	160.7	
419.0	3.2	-16.4	3.2	
446.0	10.6	0.8	-183.7	
451.0	40.1	3.2	-269.8	
475.6	94.3	13.1	-109.9	
468.2	180.4	13.1	-70.6	
473.1	131.2	20.5	-18.9	
478.0	79.5	5.7	-41.0	
473.1	37.7	15.5	-16.4	
500.2	42.6	15.5	-6.6	
510.0	-4.1	10.6	54.9	
546.9	3.2	5.7	109.0	
534.6	18.0	20.5	111.5	
549.4	5.7	20.5	37.7	
566.6	-21.4	18.0	-97.6	
571.5	-36.1	18.0	-100.1	
578.9	-1.7	27.8	-1.7	
578.9	-9.1	27.8	0.8	
598.6	-18.9	30.3	13.1	
576.4	-50.9	27.8	20.5	
578.9	-9.1	20.5	-4.1	
566.6	-36.1	22.9	-14.0	
569.0	-26.3	15.5	-31.2	
578.9	3.2	8.2	5.7	
613.3	-16.4	0.8	18.0	
645.3	-18.9	-6.6	79.5	
665.0	-11.5	0.8	69.7	
652.7	-26.3	-16.4	15.5	
650.2	-41.0	-14.0	5.7	
647.8	-38.6	3.2	8.2	
645.3	-23.8	18.0	30.3	
640.4	-36.1	40.1	57.4	
660.1	-58.3	37.7	25.4	
645.3	-53.3	25.4	25.4	
637.9	-33.7	22.9	67.2	
623.2	-68.1	22.9	35.2	
613.3	-46.0	32.8	35.2	
596.1	-46.0	25.4	30.3	
581.3	-58.3	22.9	22.9	
561.7	-63.2	3.2	62.3	
534.6	-41.0	-1.7	25.4	
510.0	-33.7	5.7	-23.8	
468.2	-48.4	3.2	-36.1	
431.3	-31.2	8.2	-18.9	
389.5	-58.3	8.2	-16.4	
362.4	-33.7	8.2	40.1	
345.2	-587.2	20.5	27.8	
328.0	-419.9	32.8	18.0	
308.3	-213.2	18.0	91.8	
293.5	-183.7	27.8	50.0	
264.0	-205.9	30.3	-36.1	
268.9	77.0	25.4	-50.9	
246.8	-373.1	15.5	10.6	
217.3	-55.8	-9.1	22.9	
195.1	-107.5	3.2	18.0	
190.2	-68.1	10.6	30.3	
175.4	-14.0	15.5	-11.5	
158.2	-41.0	22.9	-14.0	
143.5	-75.5	37.7	13.1	
121.3	-68.1	22.9	123.8	
131.2	35.2	15.5	192.7	
111.5	62.3	-11.5	47.5	
109.0	94.3	-9.1	-119.8	
101.6	69.7	-6.6	-139.4	
96.7	67.2	13.1	-65.6	
86.9	62.3	22.9	-1.7	
89.3	69.7	8.2	-33.7	
84.4	47.5	10.6	20.5	
86.9	52.4	10.6	143.5	
82.0	50.0	18.0	153.3	
82.0	30.3	30.3	-127.1	
79.5	52.4	30.3	-73.0	
89.3	69.7	10.6	-134.5	
99.2	40.1	5.7	-70.6	
96.7	27.8	10.6	-18.9	
86.9	57.4	5.7	-68.1	
72.1	37.7	13.1	-31.2	
69.7	59.8	5.7	25.4	
77.0	74.6	15.5	25.4	
86.9	50.0	20.5	32.8	
82.0	32.8	20.5	3.2	
84.4	59.8	15.5	-36.1	
91.8	86.9	22.9	5.7	
91.8	22.9	3.2	74.6	
89.3	40.1	0.8	52.4	
91.8	86.9	-21.4	35.2	
74.6	106.6	-16.4	116.4	
86.9	82.0	-1.7	10.6	
74.6	64.7	-4.1	3.2	
69.7	82.0	0.8	8.2	
64.7	67.2	-1.7	-41.0	
54.9	59.8	-1.7	0.8	
50.0	79.5	-11.5	42.6	
42.6	67.2	0.8	3.2	
45.1	72.1	-9.1	3.2	
40.1	47.5	-4.1	94.3	
37.7	54.9	-4.1	-23.8	
47.5	45.1	0.8	-73.0	
45.1	32.8	-9.1	40.1	
40.1	50.0	0.8	37.7	
47.5	35.2	-4.1	-4.1	
42.6	18.0	0.8	-11.5	
37.7	32.8	-1.7	8.2	
22.9	57.4	-4.1	40.1	
15.5	52.4	10.6	35.2	
20.5	32.8	8.2	22.9	
-6.6	47.5	13.1	22.9	
-11.5	47.5	-4.1	10.6	
-4.1	57.4	-14.0	-18.9	
-21.4	35.2	-11.5	5.7	
-38.6	27.8	0.8	13.1	
-58.3	47.5	5.7	32.8	
-63.2	59.8	10.6	42.6	
-77.9	20.5	10.6	50.0	
-63.2	45.1	-1.7	45.1	
-70.6	57.4	8.2	8.2	
-33.7	54.9	0.8	5.7	
-26.3	57.4	-4.1	69.7	
-16.4	54.9	-4.1	150.8	
-31.2	67.2	-21.4	185.3	
-102.5	22.9	-4.1	118.9	
-132.1	99.2	-4.1	8.2	
-154.2	64.7	-16.4	62.3	
-154.2	50.0	-11.5	-14.0	
-109.9	79.5	5.7	-109.9	
-97.6	54.9	15.5	-107.5	
-43.5	67.2	25.4	-132.1	
-38.6	18.0	18.0	-105.0	
-18.9	57.4	8.2	-70.6	
-11.5	57.4	-16.4	-46.0	
-9.1	74.6	13.1	20.5	
-68.1	47.5	13.1	62.3	
-117.3	82.0	3.2	50.0	
-144.4	59.8	3.2	118.9	
-171.4	57.4	-6.6	30.3	
-193.6	40.1	-1.7	-1.7	
-156.7	59.8	-21.4	-31.2	
-70.6	42.6	-16.4	-149.3	
-16.4	54.9	-1.7	-127.1	
5.7	27.8	-4.1	8.2	
-11.5	54.9	-6.6	62.3	
-28.7	15.5	3.2	47.5	
-92.7	27.8	-4.1	118.9	
-235.4	47.5	10.6	99.2	
-328.9	32.8	5.7	-14.0	
-410.0	54.9	3.2	-58.3	
-424.8	20.5	8.2	-70.6	
-446.9	109.0	3.2	-18.9	
-392.8	128.7	15.5	15.5	
-223.1	-102.5	10.6	-65.6	
-100.1	45.1	3.2	-16.4	
-33.7	148.4	0.8	27.8	
25.4	94.3	20.5	-75.5	
111.5	25.4	8.2	-134.5	
219.7	-41.0	-11.5	-58.3	
214.8	111.5	-6.6	0.8	
158.2	-16.4	8.2	20.5	
109.0	10.6	5.7	25.4	
109.0	101.6	5.7	15.5	
35.2	-223.1	-9.1	18.0	
-48.4	25.4	-6.6	18.0	
-146.8	32.8	-6.6	27.8	
-127.1	54.9	-4.1	22.9	
-92.7	30.3	0.8	27.8	
-14.0	35.2	-14.0	35.2	
40.1	27.8	-14.0	8.2	
13.1	47.5	-14.0	5.7	
-48.4	20.5	-23.8	13.1	
-38.6	20.5	-4.1	18.0	
-31.2	27.8	-16.4	20.5	
-60.7	57.4	-4.1	0.8	
-100.1	15.5	5.7	5.7	
77.0	18.0	15.5	-16.4	
283.7	57.4	20.5	0.8	
460.8	57.4	40.1	13.1	
487.9	22.9	22.9	-1.7	
296.0	0.8	32.8	0.8	
22.9	3.2	20.5	-14.0	
-171.4	30.3	10.6	-4.1	
-306.7	27.8	-33.7	-4.1	
-279.7	10.6	-43.5	-1.7	
-124.7	8.2	-26.3	3.2	
-60.7	37.7	-21.4	-18.9	
-107.5	-1.7	-6.6	-16.4	
-92.7	13.1	-1.7	5.7	
-119.8	-21.4	-6.6	-14.0	
-213.2	13.1	-1.7	-18.9	
-198.5	37.7	3.2	0.8	
-48.4	22.9	-11.5	3.2	
72.1	-23.8	-1.7	5.7	
104.1	20.5	3.2	10.6	
121.3	47.5	-18.9	8.2	
-26.3	20.5	-1.7	-9.1	
-205.9	0.8	8.2	-14.0	
-368.2	27.8	15.5	-6.6	
-481.4	-4.1	27.8	-21.4	
-574.9	-4.1	32.8	10.6	
-478.9	47.5	27.8	25.4	
-464.2	13.1	3.2	15.5	
-424.8	0.8	3.2	27.8	
-299.3	-1.7	-11.5	27.8	
-178.8	20.5	-14.0	52.4	
-141.9	8.2	-6.6	109.0	
13.1	77.0	0.8	126.2	
20.5	35.2	-1.7	89.3	
-92.7	20.5	-6.6	-38.6	
-90.2	62.3	-4.1	-50.9	
-112.4	52.4	-11.5	-70.6	
-144.4	52.4	-9.1	-38.6	
-129.6	20.5	-14.0	-48.4	
-112.4	64.7	-14.0	10.6	
-26.3	42.6	-4.1	-16.4	
-92.7	50.0	3.2	15.5	
-134.5	22.9	5.7	18.0	
-159.1	-4.1	15.5	10.6	
-107.5	22.9	20.5	18.0	
-117.3	37.7	22.9	50.0	
-173.9	25.4	25.4	50.0	
-255.1	47.5	13.1	-1.7	
-363.3	25.4	20.5	-65.6	
-474.0	59.8	22.9	18.0	
-515.8	22.9	25.4	-18.9	
-513.4	10.6	25.4	-11.5	
-439.6	64.7	20.5	-16.4	
-348.5	30.3	13.1	-26.3	
-245.2	64.7	25.4	-48.4	
-245.2	47.5	5.7	-53.3	
-228.0	67.2	5.7	-16.4	
-245.2	27.8	15.5	-1.7	
-326.4	72.1	20.5	-26.3	
-360.8	22.9	25.4	-58.3	
-415.0	35.2	25.4	-43.5	
-419.9	64.7	25.4	-16.4	
-405.1	67.2	40.1	-11.5	
-383.0	62.3	27.8	8.2	
-378.1	106.6	32.8	15.5	
-395.3	32.8	35.2	0.8	
-400.2	42.6	35.2	10.6	
-348.5	52.4	25.4	13.1	
-319.0	74.6	20.5	0.8	
-292.0	74.6	5.7	10.6	
-225.5	82.0	-6.6	-1.7	
-213.2	59.8	-4.1	10.6	
-198.5	35.2	10.6	18.0	
-223.1	50.0	13.1	22.9	
-264.9	32.8	5.7	20.5	
-326.4	-16.4	-1.7	8.2	
-365.8	-306.7	15.5	18.0	
-365.8	126.2	-11.5	22.9	
-255.1	113.9	-26.3	15.5	
-154.2	69.7	-16.4	32.8	
-117.3	197.6	-1.7	35.2	
-63.2	-6.6	-4.1	30.3	
-77.9	18.0	-1.7	-1.7	
-159.1	-18.9	-11.5	15.5	
-237.8	-1.7	-1.7	57.4	
-299.3	-70.6	-16.4	62.3	
-348.5	-43.5	-11.5	72.1	
-375.6	15.5	0.8	47.5	
-390.4	-269.8	-4.1	86.9	
-314.1	-6.6	-4.1	89.3	
-122.2	-1.7	-11.5	-53.3	
-58.3	-28.7	-4.1	-149.3	
-70.6	3.2	3.2	-112.4	
-112.4	-16.4	20.5	-58.3	
-112.4	-23.8	22.9	-28.7	
-119.8	18.0	32.8	20.5	
-77.9	-11.5	35.2	20.5	
-90.2	-6.6	22.9	64.7	
-112.4	10.6	32.8	62.3	
-95.2	35.2	18.0	13.1	
-85.3	20.5	25.4	8.2	
-112.4	-1.7	20.5	10.6	
-119.8	-31.2	15.5	45.1	
-107.5	10.6	5.7	-6.6	
-70.6	20.5	-18.9	-58.3	
-50.9	-38.6	-6.6	-48.4	
-16.4	-28.7	-11.5	-21.4	
10.6	-18.9	-16.4	3.2	
-31.2	-53.3	-16.4	-6.6	
-28.7	-33.7	-6.6	15.5	
-50.9	-14.0	-4.1	5.7	
-139.4	-63.2	5.7	25.4	
-218.2	-58.3	22.9	22.9	
-250.1	-60.7	30.3	20.5	
-245.2	-53.3	22.9	22.9	
-230.5	-23.8	15.5	25.4	
-208.3	-31.2	0.8	5.7	
-210.8	-43.5	8.2	5.7	
-200.9	-73.0	13.1	37.7	
-173.9	-38.6	22.9	40.1	
-188.6	-85.3	22.9	-9.1	
-203.4	-55.8	25.4	20.5	
-200.9	-48.4	8.2	54.9	
-196.0	-117.3	10.6	47.5	
-196.0	-119.8	10.6	20.5	
-220.6	-90.2	18.0	15.5	
-232.9	-58.3	0.8	18.0	
-225.5	-75.5	-11.5	13.1	
-223.1	-90.2	-9.1	18.0	
-186.2	-82.9	-1.7	30.3	
-200.9	-134.5	-4.1	8.2	
-188.6	-166.5	-4.1	-9.1	
-146.8	-149.3	-11.5	-31.2	
-124.7	-156.7	-4.1	-21.4	
-102.5	-171.4	0.8	-11.5	
-80.4	-181.3	-1.7	0.8	
-87.8	-188.6	-16.4	20.5	
-90.2	-186.2	-31.2	52.4	
-92.7	-124.7	-38.6	30.3	
-80.4	-166.5	-31.2	-16.4	
-70.6	-53.3	-26.3	-21.4	
-58.3	-16.4	-6.6	10.6	
-43.5	-1.7	25.4	3.2	
-60.7	109.0	8.2	15.5	
-60.7	209.9	-23.8	18.0	
-58.3	239.4	-58.3	10.6	
-77.9	352.6	-36.1	25.4	
-100.1	566.6	-4.1	5.7	
-105.0	687.1	0.8	-21.4	
-100.1	709.3	3.2	10.6	
-82.9	1341.5	15.5	0.8	
-77.9	1562.9	27.8	3.2	
-87.8	1407.9	27.8	15.5	
-87.8	788.0	32.8	47.5	
-102.5	101.6	30.3	30.3	
-105.0	67.2	32.8	20.5	
-90.2	-451.9	40.1	30.3	
-97.6	-323.9	22.9	37.7	
-87.8	-520.7	22.9	64.7	
-87.8	-501.1	20.5	37.7	
-102.5	-705.2	20.5	-55.8	
-112.4	-865.1	35.2	-53.3	
-117.3	-1121.0	18.0	-4.1	
-119.8	-1278.4	22.9	-11.5	
-134.5	-1263.7	32.8	-31.2	
-129.6	-1322.7	30.3	0.8	
-134.5	-1182.5	13.1	13.1	
-114.8	-1103.8	-6.6	45.1	
-122.2	-909.4	-9.1	42.6	
-124.7	-779.0	-28.7	35.2	
-112.4	-1157.9	-46.0	-23.8	
-114.8	-1182.5	-48.4	-1.7	
-119.8	-1044.7	-43.5	27.8	
-97.6	-690.5	-28.7	57.4	
-105.0	-705.2	-28.7	30.3	
-95.2	-449.4	-21.4	3.2	
-107.5	-294.4	-21.4	20.5	
-107.5	-178.8	-26.3	35.2	
-129.6	-141.9	-16.4	25.4	
-114.8	84.4	-21.4	-80.4	
-109.9	-75.5	-14.0	-65.6	
-122.2	141.0	-14.0	30.3	
-112.4	52.4	-1.7	101.6	
-109.9	138.5	-1.7	45.1	
-107.5	173.0	8.2	-31.2	
-109.9	249.2	-1.7	-77.9	
-117.3	286.1	-1.7	-65.6	
-129.6	268.9	15.5	-75.5	
-132.1	91.8	22.9	-80.4	
-141.9	106.6	20.5	-31.2	
-132.1	-23.8	8.2	0.8	
-119.8	-122.2	-1.7	-26.3	
-105.0	-213.2	3.2	-33.7	
-92.7	-149.3	-9.1	5.7	
-77.9	-31.2	-1.7	10.6	
-73.0	91.8	-16.4	22.9	
-63.2	195.1	0.8	18.0	
-65.6	303.4	-16.4	-31.2	
-65.6	396.8	10.6	-11.5	
-80.4	475.6	22.9	-1.7	
-80.4	482.9	45.1	-4.1	
-73.0	458.3	35.2	8.2	
-77.9	387.0	25.4	-16.4	
-77.9	288.6	10.6	-11.5	
-60.7	27.8	15.5	-1.7	
-63.2	-16.4	22.9	-14.0	
-63.2	74.6	13.1	-9.1	
-43.5	217.3	18.0	0.8	
-50.9	241.9	22.9	20.5	
-58.3	273.8	-9.1	22.9	
-50.9	202.5	-23.8	40.1	
-48.4	296.0	-1.7	8.2	
-55.8	315.7	0.8	-4.1	
-48.4	239.4	3.2	-16.4	
-55.8	241.9	0.8	10.6	
-65.6	249.2	22.9	27.8	
-75.5	207.4	18.0	32.8	
-75.5	195.1	18.0	27.8	
-75.5	163.1	25.4	25.4	
-70.6	173.0	27.8	0.8	
-63.2	170.5	22.9	25.4	
-63.2	177.9	32.8	79.5	
-53.3	192.7	8.2	101.6	
-50.9	202.5	-6.6	104.1	
-63.2	209.9	15.5	54.9	
-65.6	207.4	22.9	-95.2	
-68.1	173.0	30.3	-146.8	
-63.2	217.3	27.8	-48.4	
-70.6	202.5	27.8	-1.7	
-80.4	219.7	25.4	32.8	
-85.3	219.7	25.4	3.2	
-80.4	224.6	18.0	-1.7	
-68.1	232.0	18.0	-16.4	
-55.8	224.6	22.9	-63.2	
-60.7	224.6	20.5	-33.7	
-41.0	291.1	25.4	-11.5	
-41.0	273.8	20.5	40.1	
-41.0	160.7	15.5	20.5	
-48.4	217.3	10.6	18.0	
-48.4	249.2	18.0	-11.5	
-58.3	293.5	8.2	8.2	
-60.7	296.0	20.5	-16.4	
-63.2	278.8	13.1	-14.0	
-48.4	254.2	25.4	13.1	
-58.3	305.8	22.9	5.7	
-63.2	273.8	25.4	18.0	
-77.9	244.3	27.8	5.7	
-80.4	209.9	20.5	22.9	
-95.2	200.0	25.4	45.1	
-85.3	54.9	25.4	40.1	
-90.2	116.4	27.8	59.8	
-50.9	64.7	22.9	50.0	
-53.3	86.9	22.9	-43.5	
-68.1	27.8	30.3	-48.4	
-70.6	-60.7	32.8	-11.5	
-80.4	-60.7	27.8	3.2	
-63.2	13.1	35.2	47.5	
-53.3	173.0	32.8	0.8	
-43.5	347.6	37.7	-11.5	
-21.4	431.3	37.7	-6.6	
-4.1	460.8	30.3	-14.0	
-21.4	443.6	32.8	-1.7	
-6.6	355.0	20.5	8.2	
-16.4	325.5	30.3	-16.4	
-26.3	313.2	47.5	-43.5	
-36.1	296.0	35.2	-23.8	
-28.7	303.4	27.8	-14.0	
-28.7	303.4	42.6	3.2	
-9.1	315.7	30.3	-1.7	
-21.4	315.7	30.3	8.2	
-4.1	276.3	30.3	-6.6	
8.2	308.3	13.1	5.7	
0.8	261.5	18.0	20.5	
-1.7	345.2	22.9	30.3	
-9.1	374.7	15.5	52.4	
3.2	209.9	22.9	84.4	
27.8	27.8	15.5	104.1	
22.9	99.2	20.5	126.2	
32.8	197.6	32.8	74.6	
22.9	217.3	25.4	54.9	
35.2	222.2	27.8	47.5	
45.1	173.0	25.4	-11.5	
42.6	-43.5	35.2	-6.6	
50.0	20.5	18.0	-70.6	
64.7	45.1	37.7	-154.2	
72.1	-46.0	27.8	-95.2	
79.5	42.6	42.6	-70.6	
109.0	74.6	25.4	-58.3	
128.7	-176.3	15.5	5.7	
131.2	10.6	25.4	5.7	
136.1	47.5	32.8	5.7	
141.0	-9.1	27.8	-26.3	
141.0	35.2	18.0	-38.6	
150.8	40.1	25.4	-14.0	
177.9	15.5	22.9	8.2	
192.7	116.4	20.5	15.5	
195.1	136.1	15.5	18.0	
207.4	123.8	25.4	32.8	
217.3	173.0	-4.1	40.1	
234.5	118.9	-4.1	22.9	
259.1	138.5	13.1	35.2	
266.5	113.9	20.5	18.0	
300.9	69.7	15.5	47.5	
315.7	84.4	25.4	72.1	
332.9	32.8	20.5	67.2	
355.0	8.2	30.3	72.1	
369.8	5.7	42.6	89.3	
374.7	197.6	25.4	42.6	
406.7	94.3	35.2	25.4	
409.1	69.7	30.3	-1.7	
414.1	37.7	25.4	-23.8	
428.8	-11.5	18.0	-82.9	
446.0	62.3	13.1	-21.4	
463.3	-9.1	13.1	20.5	
487.9	-26.3	20.5	18.0	
500.2	30.3	20.5	10.6	
524.8	-31.2	32.8	10.6	
571.5	-11.5	22.9	-14.0	
615.8	-21.4	15.5	-11.5	
650.2	-6.6	8.2	-14.0	
669.9	-31.2	18.0	27.8	
704.3	-33.7	15.5	20.5	
716.6	-36.1	-6.6	-36.1	
738.8	-14.0	-23.8	20.5	
805.2	-68.1	-26.3	25.4	
859.3	-65.6	-16.4	35.2	
876.5	-41.0	-1.7	35.2	
930.7	-43.5	-9.1	0.8	
1011.8	-9.1	-26.3	8.2	
1107.8	0.8	-23.8	-16.4	
1193.9	-60.7	-1.7	-11.5	
1245.5	-43.5	15.5	5.7	
1326.7	-77.9	20.5	3.2	
1405.4	-87.8	32.8	5.7	
1466.9	-82.9	37.7	-6.6	
1521.1	-48.4	25.4	-1.7	
1572.7	-48.4	8.2	-1.7	
1636.7	-50.9	-1.7	10.6	
1678.5	-58.3	10.6	-6.6	
1735.1	-48.4	3.2	3.2	
1779.4	-48.4	3.2	-9.1	
1826.1	-11.5	8.2	-1.7	
1845.8	-23.8	-4.1	5.7	
1863.0	-31.2	-9.1	8.2	
1858.1	-9.1	3.2	10.6	
1877.8	-31.2	15.5	0.8	
1872.8	-26.3	20.5	8.2	
1887.6	-28.7	10.6	8.2	
1907.3	-48.4	20.5	20.5	
1880.2	-18.9	30.3	27.8	
1885.1	-46.0	30.3	32.8	
1875.3	-58.3	20.5	45.1	
1843.3	-33.7	20.5	8.2	
1811.3	-23.8	20.5	3.2	
1774.4	-31.2	22.9	10.6	
1730.2	-6.6	40.1	-9.1	
1695.7	-38.6	10.6	-1.7	
1641.6	-53.3	-4.1	10.6	
1599.8	-28.7	15.5	20.5	
1530.9	-58.3	13.1	30.3	
1479.2	-38.6	13.1	15.5	
1405.4	-9.1	18.0	18.0	
1334.1	-63.2	18.0	30.3	
1272.6	-58.3	5.7	15.5	
1203.7	-36.1	-4.1	8.2	
1127.5	0.8	-14.0	-4.1	
1063.5	-33.7	-1.7	3.2	
1002.0	-43.5	0.8	5.7	
957.7	-1.7	-9.1	3.2	
891.3	-23.8	-11.5	5.7	
834.7	-65.6	-4.1	32.8	
788.0	-18.9	-1.7	42.6	
728.9	-36.1	-9.1	50.0	
687.1	-23.8	-1.7	15.5	
633.0	-38.6	-1.7	-4.1	
591.2	315.7	-1.7	32.8	
554.3	94.3	-1.7	0.8	
527.2	209.9	-9.1	-4.1	
475.6	-26.3	-1.7	-68.1	
433.7	57.4	-14.0	-33.7	
411.6	-114.8	-1.7	-21.4	
404.2	-151.7	0.8	-38.6	
367.3	-87.8	-9.1	-6.6	
335.3	-144.4	-9.1	18.0	
342.7	-127.1	-31.2	32.8	
328.0	25.4	-23.8	15.5	
305.8	-90.2	-28.7	3.2	
300.9	-58.3	-21.4	25.4	
278.8	-171.4	-41.0	-53.3	
251.7	-43.5	-33.7	-43.5	
249.2	-58.3	-9.1	15.5	
222.2	-75.5	0.8	25.4	
209.9	-43.5	0.8	22.9	
168.1	-41.0	0.8	5.7	
163.1	-28.7	-4.1	-4.1	
153.3	-11.5	-9.1	-4.1	
143.5	-14.0	-9.1	22.9	
123.8	3.2	5.7	22.9	
91.8	15.5	0.8	13.1	
79.5	8.2	-1.7	18.0	
64.7	-18.9	0.8	27.8	
47.5	13.1	-11.5	45.1	
13.1	15.5	5.7	-1.7	
-14.0	5.7	-4.1	-43.5	
-38.6	-1.7	0.8	-4.1	
-68.1	30.3	-6.6	8.2	
-82.9	27.8	3.2	-1.7	
-124.7	3.2	-1.7	0.8	
-137.0	-23.8	-14.0	-6.6	
-161.6	15.5	-11.5	-1.7	
-186.2	-4.1	-4.1	15.5	
-198.5	-38.6	5.7	5.7	
-230.5	-28.7	8.2	0.8	
-250.1	-23.8	13.1	10.6	
-287.0	-73.0	18.0	5.7	
-316.6	-4.1	-18.9	5.7	
-341.2	-36.1	-41.0	10.6	
-353.5	-50.9	-28.7	42.6	
-373.1	-26.3	-16.4	40.1	
-392.8	25.4	-14.0	15.5	
-419.9	35.2	8.2	0.8	
-444.5	-31.2	5.7	-28.7	
-461.7	-9.1	5.7	-23.8	
-476.5	-33.7	18.0	13.1	
-466.6	-1.7	10.6	-6.6	
-471.5	-41.0	3.2	-26.3	
-488.8	-11.5	-1.7	-4.1	
-483.8	-21.4	-1.7	8.2	
-503.5	145.9	-6.6	-4.1	
-501.1	30.3	0.8	27.8	
-513.4	20.5	5.7	0.8	
-493.7	18.0	15.5	10.6	
-506.0	40.1	22.9	57.4	
-491.2	18.0	18.0	94.3	
-508.4	15.5	20.5	57.4	
-496.1	18.0	27.8	15.5	
-503.5	20.5	32.8	-43.5	
-506.0	0.8	20.5	-26.3	
-503.5	18.0	32.8	-58.3	
-515.8	10.6	20.5	-65.6	
-523.2	-14.0	10.6	-33.7	
-530.6	-28.7	15.5	-36.1	
-525.7	-14.0	22.9	-9.1	
-525.7	-6.6	18.0	0.8	
-528.1	18.0	25.4	-43.5	
-503.5	0.8	18.0	-60.7	
-506.0	30.3	20.5	-55.8	
-540.4	30.3	15.5	-43.5	
-555.2	20.5	15.5	-21.4	
-557.6	-21.4	5.7	-23.8	
-562.6	10.6	3.2	-28.7	
-540.4	22.9	0.8	-21.4	
-538.0	20.5	3.2	-4.1	
-538.0	59.8	13.1	-4.1	
-533.0	37.7	5.7	3.2	
-533.0	74.6	-9.1	-9.1	
-520.7	-14.0	-6.6	15.5	
-498.6	20.5	-6.6	32.8	
-483.8	42.6	-14.0	72.1	
-483.8	5.7	-14.0	35.2	
-486.3	30.3	-16.4	-4.1	
-493.7	35.2	-11.5	-14.0	
-493.7	62.3	-4.1	-14.0	
-488.8	45.1	-9.1	-18.9	
-486.3	8.2	-11.5	-6.6	
-510.9	3.2	-14.0	13.1	
-483.8	27.8	-9.1	3.2	
-486.3	13.1	-16.4	10.6	
-491.2	32.8	-14.0	-21.4	
-493.7	57.4	-14.0	8.2	
-483.8	37.7	5.7	13.1	
-464.2	42.6	0.8	3.2	
-459.2	13.1	-16.4	-6.6	
-456.8	59.8	-23.8	25.4	
-474.0	32.8	-48.4	10.6	
-498.6	-80.4	-23.8	8.2	
-501.1	131.2	-11.5	15.5	
-523.2	-1.7	-26.3	25.4	
-520.7	283.7	-28.7	13.1	
-513.4	-112.4	-4.1	10.6	
-493.7	-63.2	22.9	-1.7	
-478.9	-154.2	35.2	-4.1	
-486.3	150.8	27.8	3.2	
-491.2	-223.1	40.1	8.2	
-486.3	222.2	27.8	-16.4	
-466.6	18.0	18.0	-1.7	
-444.5	94.3	5.7	-1.7	
-429.7	57.4	22.9	-1.7	
-446.9	-264.9	27.8	-4.1	
-427.3	-21.4	45.1	-4.1	
-434.6	0.8	37.7	0.8	
-402.7	32.8	20.5	5.7	
-380.5	35.2	20.5	10.6	
-365.8	35.2	8.2	18.0	
-373.1	57.4	15.5	52.4	
-378.1	37.7	-14.0	109.0	
-429.7	47.5	-21.4	131.2	
-483.8	18.0	0.8	96.7	
-520.7	27.8	8.2	-82.9	
-572.4	57.4	15.5	-77.9	
-579.8	8.2	18.0	-1.7	
-584.7	-4.1	18.0	-31.2	
-609.3	-4.1	18.0	-73.0	
-626.5	-6.6	13.1	-68.1	
-658.5	37.7	20.5	-97.6	
-697.9	8.2	15.5	-21.4	
-717.5	-11.5	15.5	22.9	
-722.5	3.2	3.2	20.5	
-710.2	37.7	-6.6	20.5	
-720.0	40.1	22.9	-6.6	
-720.0	13.1	5.7	-23.8	
-717.5	-6.6	5.7	-23.8	
-707.7	25.4	10.6	-4.1	
-705.2	8.2	8.2	-1.7	
-717.5	8.2	3.2	-9.1	
-737.2	37.7	13.1	-43.5	
-732.3	5.7	22.9	-1.7	
-747.1	-11.5	25.4	45.1	
-749.5	45.1	13.1	32.8	
-754.4	15.5	18.0	27.8	
-742.1	20.5	22.9	-1.7	
-734.8	15.5	25.4	18.0	
-734.8	0.8	27.8	27.8	
-729.8	45.1	20.5	32.8	
-720.0	-1.7	20.5	37.7	
-710.2	35.2	37.7	45.1	
-697.9	52.4	22.9	45.1	
-688.0	47.5	15.5	35.2	
-690.5	37.7	25.4	40.1	
-673.3	40.1	30.3	32.8	
-670.8	25.4	40.1	40.1	
-663.4	27.8	30.3	47.5	
-648.7	32.8	3.2	47.5	
-638.8	40.1	20.5	25.4	
-614.2	74.6	32.8	0.8	
-601.9	77.0	20.5	-1.7	
-599.5	62.3	20.5	8.2	
-577.3	40.1	22.9	10.6	
-579.8	57.4	5.7	-6.6	
-550.3	54.9	-16.4	0.8	
-528.1	62.3	-18.9	-4.1	
-498.6	40.1	-36.1	-4.1	
-476.5	67.2	-14.0	-6.6	
-442.0	74.6	-1.7	-16.4	
-437.1	30.3	15.5	-11.5	
-442.0	62.3	35.2	-11.5	
-424.8	62.3	18.0	-11.5	
-427.3	89.3	8.2	-4.1	
-395.3	52.4	10.6	-1.7	
-392.8	69.7	-16.4	5.7	
-328.9	82.0	-23.8	13.1	
-262.4	47.5	5.7	25.4	
-250.1	62.3	8.2	32.8	
-274.7	50.0	-4.1	62.3	
-299.3	62.3	8.2	25.4	
-333.8	64.7	8.2	20.5	
-311.6	72.1	5.7	18.0	
-289.5	74.6	0.8	-31.2	
-287.0	57.4	-16.4	-80.4	
-215.7	40.1	-11.5	-63.2	
-46.0	64.7	0.8	-14.0	
30.3	40.1	5.7	-4.1	
22.9	57.4	-1.7	-4.1	
-63.2	79.5	-4.1	0.8	
-58.3	45.1	-4.1	-9.1	
-132.1	42.6	0.8	-6.6	
-178.8	84.4	10.6	-9.1	
-193.6	42.6	32.8	-9.1	
-237.8	27.8	20.5	-9.1	
-319.0	50.0	10.6	0.8	
-279.7	30.3	8.2	10.6	
-299.3	62.3	8.2	-6.6	
-247.7	77.0	-26.3	8.2	
-215.7	52.4	-33.7	5.7	
-186.2	57.4	-33.7	3.2	
-242.8	-112.4	-4.1	-1.7	
-171.4	229.6	35.2	-1.7	
-53.3	180.4	35.2	-6.6	
-18.9	-166.5	20.5	5.7	
-23.8	160.7	27.8	-1.7	
-102.5	5.7	30.3	15.5	
-188.6	-23.8	20.5	10.6	
-304.3	116.4	3.2	20.5	
-353.5	52.4	-4.1	15.5	
-346.1	-137.0	-16.4	22.9	
-292.0	-68.1	-23.8	30.3	
-208.3	5.7	-16.4	22.9	
-230.5	111.5	-18.9	37.7	
-269.8	-223.1	-1.7	27.8	
-370.7	20.5	-6.6	27.8	
-451.9	64.7	-14.0	30.3	
-493.7	25.4	-26.3	18.0	
-461.7	45.1	-6.6	13.1	
-402.7	32.8	-23.8	3.2	
-309.2	10.6	-28.7	8.2	
-245.2	30.3	-43.5	3.2	
-183.7	54.9	-23.8	3.2	
-154.2	20.5	-9.1	-16.4	
-159.1	20.5	10.6	-4.1	
-119.8	20.5	18.0	-11.5	
-73.0	32.8	40.1	-9.1	
-28.7	22.9	54.9	-9.1	
-14.0	37.7	59.8	-4.1	
-58.3	20.5	-11.5	-1.7	
-129.6	-9.1	-90.2	-11.5	
-161.6	10.6	-95.2	-4.1	
-159.1	27.8	-38.6	-9.1	
-112.4	10.6	-6.6	-9.1	
-46.0	22.9	25.4	3.2	
3.2	18.0	32.8	-14.0	
32.8	13.1	32.8	-11.5	
69.7	40.1	45.1	-11.5	
18.0	5.7	42.6	-1.7	
-6.6	27.8	15.5	-4.1	
-14.0	42.6	8.2	-9.1	
-1.7	35.2	30.3	-1.7	
-55.8	35.2	82.0	-4.1	
-107.5	0.8	30.3	-1.7	
-75.5	22.9	-46.0	-16.4	
-53.3	22.9	-139.4	-14.0	
15.5	35.2	-171.4	-11.5	
77.0	35.2	-141.9	-11.5	
111.5	30.3	-50.9	-9.1	
74.6	40.1	8.2	13.1	
22.9	35.2	25.4	15.5	
-31.2	25.4	35.2	30.3	
-102.5	69.7	35.2	47.5	
-191.1	40.1	25.4	45.1	
-210.8	77.0	13.1	35.2	
-193.6	91.8	20.5	30.3	
-117.3	52.4	40.1	20.5	
-109.9	54.9	30.3	13.1	
-117.3	37.7	32.8	15.5	
-161.6	32.8	30.3	5.7	
-176.3	52.4	27.8	8.2	
-178.8	86.9	15.5	5.7	
-193.6	62.3	-4.1	-11.5	
-173.9	40.1	0.8	0.8	
-119.8	72.1	-6.6	-6.6	
-87.8	67.2	-31.2	0.8	
-33.7	47.5	-31.2	0.8	
-4.1	69.7	-16.4	8.2	
10.6	99.2	-33.7	-4.1	
15.5	59.8	-23.8	0.8	
45.1	42.6	-1.7	15.5	
25.4	86.9	-1.7	10.6	
-1.7	57.4	18.0	18.0	
-33.7	54.9	18.0	18.0	
-70.6	74.6	25.4	18.0	
-107.5	62.3	20.5	13.1	
-146.8	54.9	8.2	5.7	
-171.4	94.3	-18.9	3.2	
-191.1	94.3	-21.4	8.2	
-181.3	89.3	-18.9	18.0	
-178.8	57.4	20.5	20.5	
-171.4	67.2	0.8	15.5	
-166.5	27.8	27.8	0.8	
-127.1	57.4	35.2	0.8	
-119.8	77.0	32.8	-6.6	
-107.5	22.9	-4.1	-9.1	
-97.6	25.4	-23.8	10.6	
-109.9	42.6	-28.7	-4.1	
-102.5	64.7	-28.7	0.8	
-95.2	18.0	5.7	3.2	
-137.0	20.5	50.0	15.5	
-124.7	18.0	77.0	30.3	
-92.7	40.1	64.7	20.5	
-46.0	35.2	32.8	8.2	
-21.4	40.1	27.8	-4.1	
-46.0	-4.1	20.5	18.0	
-58.3	35.2	22.9	3.2	
-55.8	40.1	25.4	-1.7	
-18.9	8.2	69.7	-1.7	
13.1	22.9	84.4	-9.1	
-4.1	72.1	69.7	0.8	
-36.1	-95.2	15.5	0.8	
-55.8	-193.6	-73.0	-16.4	
-70.6	91.8	-102.5	-6.6	
-119.8	30.3	-102.5	-14.0	
-141.9	128.7	-48.4	-16.4	
-183.7	148.4	-1.7	0.8	
-215.7	106.6	40.1	5.7	
-228.0	62.3	37.7	20.5	
-225.5	-102.5	5.7	18.0	
-218.2	57.4	-1.7	13.1	
-200.9	-85.3	-23.8	20.5	
-203.4	-50.9	-50.9	15.5	
-178.8	-95.2	-43.5	22.9	
-159.1	-166.5	-1.7	22.9	
-139.4	40.1	18.0	8.2	
-112.4	30.3	13.1	18.0	
-87.8	50.0	22.9	20.5	
-87.8	42.6	8.2	25.4	
-77.9	30.3	8.2	15.5	
-109.9	45.1	0.8	15.5	
-117.3	0.8	18.0	10.6	
-122.2	-16.4	20.5	15.5	
-114.8	25.4	20.5	22.9	
-139.4	0.8	18.0	25.4	
-154.2	13.1	35.2	25.4	
-141.9	25.4	32.8	3.2	
-134.5	32.8	27.8	-21.4	
-119.8	10.6	27.8	-26.3	
-117.3	-55.8	32.8	-9.1	
-134.5	-36.1	27.8	-9.1	
-129.6	-48.4	20.5	-1.7	
-105.0	-1.7	22.9	0.8	
-73.0	-26.3	22.9	-4.1	
-73.0	0.8	22.9	-6.6	
-50.9	13.1	30.3	10.6	
-28.7	22.9	30.3	8.2	
-26.3	18.0	32.8	8.2	
-16.4	3.2	37.7	0.8	
-4.1	13.1	35.2	-1.7	
8.2	-16.4	37.7	-4.1	
8.2	13.1	40.1	-6.6	
5.7	-21.4	40.1	-11.5	
10.6	0.8	35.2	5.7	
-9.1	13.1	35.2	-9.1	
-26.3	3.2	35.2	10.6	
-28.7	3.2	32.8	13.1	
-33.7	-9.1	-18.9	15.5	
-28.7	8.2	-28.7	15.5	
-26.3	5.7	-4.1	13.1	
-9.1	-26.3	-21.4	18.0	
-6.6	-38.6	-38.6	13.1	
0.8	-43.5	-23.8	13.1	
5.7	-23.8	-11.5	3.2	
13.1	-21.4	32.8	-4.1	
0.8	-9.1	40.1	3.2	
-4.1	-4.1	13.1	-6.6	
-4.1	-31.2	-11.5	-9.1	
5.7	-14.0	-21.4	-9.1	
-1.7	-23.8	22.9	-6.6	
-1.7	-11.5	32.8	-18.9	
3.2	0.8	35.2	-9.1	
5.7	-4.1	47.5	-11.5	
-4.1	-28.7	5.7	-14.0	
0.8	25.4	-36.1	-11.5	
-9.1	-33.7	-6.6	3.2	
-23.8	-6.6	35.2	5.7	
-33.7	0.8	59.8	15.5	
-21.4	-36.1	32.8	13.1	
-36.1	-9.1	5.7	18.0	
-23.8	-46.0	0.8	15.5	
-16.4	-6.6	15.5	-1.7	
-9.1	0.8	22.9	-6.6	
-4.1	-18.9	-4.1	5.7	
-4.1	40.1	-11.5	13.1	
-14.0	-1.7	-1.7	10.6	
-1.7	-21.4	13.1	8.2	
-14.0	22.9	30.3	10.6	
-1.7	-11.5	35.2	8.2	
-4.1	-43.5	25.4	18.0	
-6.6	18.0	18.0	18.0	
-11.5	-26.3	-1.7	27.8	
0.8	-26.3	-16.4	15.5	
5.7	-1.7	8.2	5.7	
3.2	-16.4	-4.1	0.8	
22.9	-1.7	-1.7	0.8	
15.5	-18.9	-21.4	-6.6	
10.6	0.8	-9.1	5.7	
0.8	-1.7	-14.0	-4.1	
8.2	15.5	-18.9	3.2	
3.2	20.5	5.7	8.2	
-1.7	5.7	5.7	3.2	
5.7	20.5	5.7	18.0	
0.8	52.4	-6.6	10.6	
8.2	13.1	-6.6	10.6	
8.2	40.1	3.2	-6.6	
-1.7	37.7	5.7	-14.0	
5.7	40.1	-1.7	-11.5	
3.2	40.1	15.5	-18.9	
10.6	35.2	25.4	-41.0	
-1.7	27.8	52.4	-23.8	
-14.0	123.8	59.8	-26.3	
0.8	-63.2	59.8	-33.7	
0.8	40.1	74.6	-31.2	
0.8	116.4	27.8	-28.7	
3.2	74.6	37.7	-16.4	
8.2	-151.7	-75.5	-11.5	
10.6	42.6	-144.4	-9.1	
-11.5	-33.7	-87.8	0.8	
-6.6	116.4	-21.4	-9.1	
-11.5	27.8	20.5	0.8	
3.2	182.8	8.2	3.2	
-18.9	0.8	18.0	0.8	
-21.4	64.7	-6.6	3.2	
-26.3	-105.0	-1.7	5.7	
-18.9	30.3	0.8	5.7	
-26.3	91.8	18.0	-4.1	
-28.7	57.4	20.5	0.8	
-31.2	74.6	-4.1	-1.7	
-18.9	52.4	-63.2	3.2	
-9.1	57.4	-73.0	15.5	
-9.1	47.5	-16.4	15.5	
-14.0	54.9	27.8	18.0	
-14.0	30.3	77.0	15.5	
-23.8	74.6	86.9	20.5	
-26.3	45.1	57.4	10.6	
-33.7	74.6	35.2	13.1	
-33.7	84.4	27.8	8.2	
-38.6	84.4	27.8	3.2	
-41.0	18.0	40.1	10.6	
-41.0	47.5	47.5	15.5	
-38.6	72.1	25.4	5.7	
-28.7	72.1	32.8	-1.7	
-31.2	50.0	37.7	3.2	
-21.4	50.0	15.5	0.8	
-21.4	89.3	8.2	5.7	
-23.8	82.0	-1.7	-1.7	
-16.4	84.4	8.2	-4.1	
-26.3	52.4	3.2	-4.1	
-21.4	67.2	5.7	0.8	
-23.8	67.2	0.8	10.6	
-36.1	52.4	10.6	3.2	
-33.7	50.0	18.0	3.2	
-38.6	77.0	32.8	8.2	
-46.0	47.5	32.8	18.0	
-53.3	50.0	15.5	25.4	
-41.0	69.7	18.0	20.5	
-53.3	37.7	18.0	8.2	
-43.5	40.1	20.5	10.6	
-50.9	67.2	13.1	-4.1	
-41.0	32.8	0.8	-1.7	
-38.6	42.6	0.8	-14.0	
-53.3	67.2	0.8	0.8	
-68.1	3.2	25.4	-4.1	
-50.9	30.3	18.0	0.8	
-43.5	74.6	15.5	3.2	
-46.0	67.2	30.3	-1.7	
-55.8	8.2	45.1	0.8	
-65.6	25.4	45.1	-11.5	
-63.2	20.5	27.8	8.2	
-60.7	8.2	-4.1	5.7	
-65.6	-11.5	8.2	3.2	
-75.5	50.0	-16.4	-4.1	
-82.9	54.9	-36.1	-11.5	
-63.2	35.2	-26.3	-16.4	
-70.6	27.8	-1.7	-1.7	
-68.1	40.1	-1.7	-14.0	
-73.0	18.0	8.2	3.2	
-68.1	40.1	0.8	3.2	
-73.0	30.3	-21.4	5.7	
-68.1	0.8	-1.7	5.7	
-80.4	32.8	13.1	3.2	
-68.1	13.1	30.3	0.8	
-68.1	-4.1	5.7	3.2	
-77.9	27.8	-31.2	3.2	
-65.6	52.4	-11.5	18.0	
-82.9	57.4	47.5	22.9	
-92.7	50.0	50.0	35.2	
-73.0	59.8	50.0	35.2	
-90.2	10.6	40.1	25.4	
-90.2	47.5	50.0	0.8	
-90.2	5.7	45.1	-9.1	
-82.9	3.2	-9.1	-6.6	
-95.2	5.7	-43.5	-14.0	
-90.2	27.8	-33.7	-21.4	
-90.2	18.0	5.7	-14.0	
-92.7	57.4	25.4	-4.1	
-85.3	22.9	32.8	0.8	
-70.6	25.4	20.5	-1.7	
-70.6	22.9	20.5	-1.7	
-63.2	32.8	-1.7	-6.6	
-68.1	37.7	10.6	-4.1	
-85.3	30.3	13.1	0.8	
-82.9	40.1	5.7	-4.1	
-97.6	30.3	-9.1	-1.7	
-95.2	20.5	10.6	10.6	
-90.2	67.2	25.4	0.8	
-102.5	35.2	35.2	8.2	
-107.5	45.1	30.3	5.7	
-90.2	42.6	30.3	3.2	
-102.5	79.5	0.8	13.1	
-87.8	-351.0	-16.4	25.4	
-90.2	-309.2	-14.0	18.0	
-102.5	42.6	13.1	20.5	
-95.2	-85.3	47.5	20.5	
-92.7	-53.3	59.8	-6.6	
-92.7	182.8	62.3	3.2	
-80.4	268.9	30.3	-4.1	
-75.5	131.2	13.1	3.2	
-68.1	165.6	-4.1	18.0	
-73.0	-151.7	-9.1	15.5	
-73.0	30.3	-16.4	13.1	
-77.9	138.5	-1.7	20.5	
-75.5	86.9	15.5	18.0	
-68.1	-191.1	20.5	18.0	
-60.7	74.6	22.9	15.5	
-80.4	89.3	32.8	10.6	
-87.8	74.6	25.4	15.5	
-80.4	116.4	10.6	13.1	
-90.2	91.8	15.5	18.0	
-90.2	133.6	40.1	18.0	
-75.5	104.1	67.2	22.9	
-73.0	101.6	50.0	13.1	
-70.6	116.4	50.0	20.5	
-73.0	99.2	22.9	27.8	
-65.6	84.4	18.0	25.4	
-58.3	82.0	-41.0	25.4	
-58.3	59.8	-68.1	32.8	
-70.6	57.4	-43.5	25.4	
-68.1	79.5	-1.7	20.5	
-60.7	86.9	32.8	15.5	
-65.6	79.5	40.1	32.8	
-70.6	82.0	3.2	15.5	
-65.6	45.1	-18.9	8.2	
-65.6	57.4	-1.7	8.2	
-75.5	86.9	13.1	-1.7	
-73.0	74.6	25.4	3.2	
-55.8	74.6	5.7	5.7	
-60.7	86.9	15.5	5.7	
-60.7	69.7	20.5	18.0	
-60.7	77.0	30.3	22.9	
-70.6	84.4	45.1	32.8	
-70.6	62.3	20.5	27.8	
-53.3	94.3	-9.1	27.8	
-55.8	57.4	-31.2	32.8	
-58.3	72.1	-1.7	15.5	
-63.2	79.5	25.4	20.5	
-50.9	72.1	32.8	18.0	
-48.4	74.6	5.7	10.6	
-50.9	57.4	-9.1	8.2	
-58.3	86.9	-1.7	5.7	
-48.4	18.0	10.6	8.2	
-53.3	15.5	15.5	5.7	
-55.8	82.0	27.8	5.7	
-48.4	69.7	35.2	10.6	
-60.7	57.4	42.6	10.6	
-58.3	74.6	22.9	8.2	
-48.4	69.7	18.0	-4.1	
-55.8	62.3	18.0	-9.1	
-77.9	64.7	32.8	3.2	
-75.5	5.7	32.8	8.2	
-82.9	3.2	32.8	10.6	
-77.9	40.1	22.9	18.0	
-73.0	67.2	10.6	10.6	
-80.4	10.6	8.2	0.8	
-82.9	25.4	15.5	8.2	
-82.9	40.1	18.0	5.7	
-87.8	20.5	15.5	10.6	
-95.2	18.0	27.8	8.2	
-87.8	32.8	20.5	10.6	
-97.6	47.5	13.1	5.7	
-112.4	54.9	20.5	0.8	
-102.5	30.3	30.3	3.2	
-112.4	0.8	32.8	-4.1	
-109.9	42.6	32.8	-6.6	
-109.9	57.4	59.8	-4.1	
-105.0	54.9	59.8	-4.1	
-105.0	8.2	50.0	-11.5	
-124.7	10.6	30.3	-18.9	
-114.8	5.7	-38.6	-21.4	
-92.7	22.9	-58.3	-16.4	
-105.0	42.6	-50.9	-28.7	
-122.2	30.3	-38.6	-14.0	
-112.4	40.1	-21.4	-18.9	
-107.5	-16.4	-9.1	-16.4	
-102.5	30.3	5.7	-21.4	
-122.2	20.5	59.8	-4.1	
-105.0	20.5	52.4	-9.1	
-82.9	32.8	-18.9	3.2	
-58.3	22.9	-55.8	-9.1	
-65.6	86.9	-50.9	-6.6	
-70.6	42.6	-23.8	-1.7	
-77.9	89.3	10.6	-11.5	
-87.8	118.9	37.7	-14.0	
-90.2	62.3	57.4	-14.0	
-92.7	59.8	45.1	0.8	
-95.2	42.6	20.5	-1.7	
-85.3	35.2	40.1	22.9	
-85.3	42.6	13.1	20.5	
-82.9	50.0	3.2	8.2	
-77.9	42.6	-38.6	3.2	
-95.2	37.7	-6.6	5.7	
-82.9	84.4	25.4	3.2	
-85.3	150.8	54.9	15.5	
-85.3	-21.4	74.6	15.5	
-100.1	50.0	47.5	8.2	
-70.6	163.1	-1.7	10.6	
-55.8	27.8	-14.0	3.2	
-70.6	32.8	-18.9	3.2	
-82.9	94.3	-16.4	5.7	
-75.5	-274.7	-26.3	-6.6	
-77.9	214.8	-23.8	-4.1	
-85.3	47.5	-16.4	-16.4	
-80.4	72.1	-11.5	-1.7	
-87.8	-260.0	5.7	-6.6	
-80.4	10.6	5.7	5.7	
-73.0	8.2	5.7	-1.7	
-68.1	45.1	-16.4	8.2	
-68.1	25.4	-1.7	0.8	
-70.6	42.6	5.7	3.2	
-60.7	67.2	8.2	5.7	
-43.5	59.8	3.2	15.5	
-55.8	52.4	0.8	18.0	
-50.9	35.2	-4.1	3.2	
-48.4	42.6	20.5	-6.6	
-55.8	32.8	15.5	-6.6	
-41.0	22.9	0.8	-16.4	
-50.9	20.5	18.0	-14.0	
-46.0	20.5	25.4	-16.4	
-36.1	37.7	22.9	-9.1	
-41.0	40.1	40.1	0.8	
-33.7	25.4	32.8	8.2	
-28.7	45.1	42.6	0.8	
-33.7	37.7	42.6	-1.7	
-18.9	13.1	18.0	5.7	
-46.0	47.5	8.2	-6.6	
-53.3	62.3	-38.6	3.2	
-46.0	99.2	-23.8	8.2	
-58.3	47.5	-11.5	25.4	
-65.6	54.9	8.2	37.7	
-68.1	64.7	15.5	22.9	
-50.9	42.6	15.5	5.7	
-60.7	8.2	27.8	5.7	
-68.1	18.0	3.2	0.8	
-77.9	42.6	-26.3	-4.1	
-82.9	30.3	-33.7	15.5	
-55.8	35.2	-28.7	32.8	
-26.3	35.2	-18.9	20.5	
13.1	42.6	-14.0	20.5	
35.2	45.1	0.8	20.5	
42.6	37.7	15.5	27.8	
32.8	8.2	40.1	25.4	
-9.1	15.5	57.4	10.6	
-63.2	30.3	20.5	5.7	
-60.7	0.8	-6.6	13.1	
-65.6	35.2	-23.8	3.2	
-60.7	35.2	-23.8	-21.4	
-70.6	20.5	-55.8	-4.1	
-14.0	27.8	-26.3	-18.9	
8.2	37.7	-9.1	-16.4	
8.2	42.6	15.5	-26.3	
3.2	15.5	40.1	-16.4	
18.0	10.6	47.5	0.8	
22.9	32.8	45.1	20.5	
30.3	32.8	25.4	32.8	
52.4	22.9	37.7	50.0	
59.8	25.4	22.9	40.1	
37.7	0.8	20.5	18.0	
64.7	35.2	10.6	0.8	
42.6	13.1	-31.2	-9.1	
-9.1	-1.7	-16.4	-9.1	
-77.9	3.2	-1.7	10.6	
-141.9	25.4	-9.1	-1.7	
-166.5	25.4	-6.6	8.2	
-156.7	32.8	-14.0	0.8	
-149.3	62.3	-9.1	-4.1	
-82.9	52.4	-14.0	-1.7	
-1.7	57.4	5.7	0.8	
40.1	30.3	10.6	0.8	
45.1	47.5	10.6	-1.7	
45.1	18.0	37.7	-1.7	
20.5	35.2	10.6	3.2	
-1.7	54.9	-6.6	0.8	
-4.1	25.4	10.6	0.8	
-14.0	42.6	3.2	0.8	
-50.9	25.4	5.7	0.8	
-85.3	18.0	18.0	15.5	
-107.5	10.6	5.7	15.5	
-16.4	18.0	-1.7	18.0	
288.6	-28.7	10.6	-14.0	
453.4	18.0	13.1	-6.6	
423.9	37.7	32.8	-18.9	
313.2	0.8	37.7	-4.1	
111.5	8.2	50.0	-11.5	
-154.2	10.6	54.9	-16.4	
-373.1	0.8	27.8	-16.4	
-410.0	15.5	-1.7	-28.7	
-279.7	20.5	-43.5	-21.4	
195.1	-18.9	-21.4	-28.7	
940.5	-68.1	-6.6	-18.9	
1280.0	-102.5	-1.7	-21.4	
1075.8	-247.7	18.0	-18.9	
765.8	-159.1	13.1	5.7	
364.9	145.9	13.1	0.8	
-21.4	-77.9	15.5	-4.1	
-284.6	-53.3	0.8	0.8	
-429.7	-277.2	-1.7	-9.1	
-424.8	18.0	-6.6	3.2	
-378.1	111.5	25.4	-4.1	
-402.7	5.7	20.5	-6.6	
-469.1	200.0	37.7	-4.1	
-262.4	-31.2	40.1	0.8	
-23.8	-107.5	25.4	-11.5	
45.1	170.5	10.6	-14.0	
121.3	-161.6	10.6	-4.1	
195.1	25.4	18.0	-11.5	
86.9	37.7	27.8	0.8	
-68.1	40.1	-1.7	-9.1	
-137.0	42.6	-11.5	5.7	
-137.0	8.2	-1.7	13.1	
-127.1	59.8	27.8	0.8	
-92.7	45.1	52.4	0.8	
-166.5	54.9	50.0	3.2	
-250.1	30.3	57.4	-6.6	
-306.7	59.8	42.6	22.9	
-353.5	40.1	40.1	18.0	
-415.0	30.3	35.2	25.4	
-417.4	37.7	40.1	22.9	
-392.8	20.5	22.9	25.4	
-323.9	52.4	22.9	22.9	
-264.9	67.2	37.7	18.0	
-228.0	32.8	52.4	25.4	
-232.9	45.1	67.2	27.8	
-230.5	40.1	67.2	27.8	
-208.3	10.6	54.9	25.4	
-176.3	35.2	35.2	22.9	
-132.1	67.2	35.2	18.0	
-77.9	5.7	22.9	30.3	
-36.1	37.7	13.1	15.5	
37.7	37.7	10.6	22.9	
77.0	37.7	-4.1	3.2	
54.9	57.4	-9.1	-14.0	
74.6	32.8	-18.9	-4.1	
69.7	72.1	-18.9	-6.6	
52.4	54.9	-21.4	-6.6	
77.0	47.5	-18.9	-11.5	
96.7	20.5	-28.7	15.5	
101.6	37.7	-23.8	-4.1	
72.1	18.0	-31.2	-4.1	
143.5	30.3	-23.8	-14.0	
244.3	50.0	-21.4	15.5	
273.8	37.7	-6.6	27.8	
283.7	50.0	-11.5	42.6	
229.6	0.8	3.2	35.2	
163.1	45.1	15.5	13.1	
207.4	13.1	32.8	-6.6	
212.3	54.9	27.8	-16.4	
224.6	15.5	5.7	-4.1	
241.9	30.3	8.2	10.6	
244.3	50.0	-6.6	-4.1	
217.3	32.8	-46.0	8.2	
145.9	59.8	-68.1	8.2	
77.0	59.8	-36.1	5.7	
40.1	54.9	0.8	0.8	
163.1	79.5	15.5	10.6	
261.5	40.1	20.5	-1.7	
364.9	72.1	22.9	20.5	
286.1	37.7	25.4	27.8	
173.0	35.2	27.8	22.9	
27.8	37.7	37.7	20.5	
-38.6	59.8	20.5	22.9	
-117.3	74.6	-9.1	13.1	
-132.1	62.3	-16.4	-11.5	
-117.3	67.2	18.0	-23.8	
-119.8	40.1	27.8	-23.8	
-82.9	35.2	-1.7	-1.7	
-41.0	74.6	-28.7	-16.4	
-9.1	62.3	-28.7	5.7	
-75.5	15.5	-18.9	37.7	
-109.9	52.4	3.2	59.8	
-114.8	113.9	15.5	69.7	
-119.8	22.9	18.0	52.4	
-58.3	59.8	20.5	-38.6	
-43.5	22.9	22.9	-18.9	
-4.1	35.2	15.5	5.7	
20.5	45.1	20.5	30.3	
37.7	27.8	15.5	27.8	
89.3	47.5	5.7	25.4	
116.4	45.1	-16.4	5.7	
126.2	-4.1	-28.7	-14.0	
113.9	54.9	0.8	-31.2	
143.5	27.8	10.6	-14.0	
126.2	47.5	3.2	-18.9	
99.2	40.1	5.7	-1.7	
96.7	20.5	5.7	-1.7	
118.9	13.1	15.5	-9.1	
116.4	37.7	15.5	-9.1	
126.2	27.8	13.1	-1.7	
136.1	25.4	0.8	5.7	
150.8	59.8	-1.7	20.5	
153.3	32.8	8.2	22.9	
148.4	-141.9	20.5	13.1	
153.3	-218.2	18.0	20.5	
163.1	-252.6	8.2	25.4	
153.3	32.8	3.2	15.5	
158.2	-208.3	5.7	20.5	
180.4	143.5	3.2	15.5	
190.2	-18.9	-14.0	22.9	
173.0	62.3	0.8	8.2	
168.1	99.2	3.2	3.2	
173.0	20.5	-4.1	-11.5	
195.1	-18.9	5.7	-11.5	
214.8	-4.1	0.8	10.6	
244.3	72.1	-9.1	-1.7	
273.8	-267.4	10.6	0.8	
296.0	5.7	0.8	5.7	
362.4	18.0	5.7	10.6	
391.9	50.0	5.7	15.5	
406.7	52.4	10.6	20.5	
416.5	62.3	5.7	15.5	
401.8	30.3	-14.0	-11.5	
352.6	10.6	-11.5	-23.8	
323.0	8.2	5.7	-4.1	
293.5	32.8	5.7	3.2	
254.2	30.3	5.7	8.2	
207.4	18.0	18.0	3.2	
143.5	8.2	62.3	-23.8	
109.0	37.7	52.4	-23.8	
86.9	18.0	10.6	-16.4	
106.6	-14.0	-9.1	-11.5	
123.8	20.5	3.2	-11.5	
148.4	-16.4	15.5	5.7	
175.4	10.6	5.7	-9.1	
200.0	5.7	-28.7	-4.1	
232.0	-9.1	-11.5	0.8	
251.7	-6.6	0.8	3.2	
259.1	8.2	20.5	3.2	
256.6	-9.1	0.8	-4.1	
271.4	15.5	-14.0	3.2	
278.8	3.2	13.1	8.2	
276.3	-31.2	32.8	30.3	
293.5	10.6	30.3	50.0	
288.6	-1.7	15.5	62.3	
291.1	25.4	15.5	74.6	
283.7	-11.5	0.8	59.8	
291.1	5.7	-28.7	27.8	
305.8	5.7	-38.6	-46.0	
305.8	35.2	-48.4	-109.9	
293.5	50.0	-11.5	-75.5	
273.8	30.3	13.1	-26.3	
286.1	-14.0	35.2	-28.7	
293.5	-16.4	15.5	-31.2	
288.6	0.8	37.7	-6.6	
278.8	37.7	13.1	-14.0	
281.2	15.5	-9.1	-23.8	
298.4	30.3	-33.7	-11.5	
291.1	18.0	-46.0	-4.1	
283.7	-18.9	-36.1	-11.5	
259.1	30.3	-23.8	-23.8	
273.8	0.8	-4.1	-6.6	
261.5	8.2	0.8	0.8	
254.2	18.0	-18.9	-1.7	
246.8	15.5	-33.7	-1.7	
241.9	37.7	-16.4	-1.7	
239.4	15.5	20.5	8.2	
227.1	25.4	13.1	25.4	
232.0	13.1	15.5	8.2	
212.3	0.8	5.7	5.7	
214.8	-31.2	-9.1	25.4	
214.8	40.1	-9.1	25.4	
205.0	32.8	-4.1	22.9	
190.2	52.4	-1.7	15.5	
192.7	47.5	3.2	18.0	
168.1	27.8	8.2	32.8	
148.4	15.5	-1.7	37.7	
158.2	25.4	0.8	45.1	
138.5	32.8	8.2	30.3	
128.7	0.8	8.2	0.8	
123.8	13.1	22.9	-16.4	
106.6	22.9	30.3	-18.9	
111.5	10.6	35.2	5.7	
116.4	10.6	18.0	-11.5	
99.2	40.1	-14.0	0.8	
101.6	13.1	-38.6	0.8	
84.4	30.3	-31.2	5.7	
67.2	22.9	-16.4	5.7	
64.7	-14.0	-41.0	-1.7	
57.4	-11.5	-14.0	-1.7	
42.6	0.8	-1.7	-1.7	
18.0	-26.3	15.5	3.2	
32.8	-9.1	37.7	3.2	
30.3	20.5	59.8	-6.6	
27.8	18.0	74.6	-1.7	
30.3	32.8	57.4	3.2	
22.9	22.9	5.7	18.0	
40.1	13.1	-11.5	20.5	
27.8	13.1	-28.7	27.8	
20.5	25.4	-18.9	13.1	
13.1	18.0	8.2	8.2	
10.6	30.3	45.1	3.2	
-9.1	67.2	62.3	25.4	
-14.0	94.3	15.5	25.4	
-1.7	-129.6	-18.9	27.8	
3.2	30.3	-41.0	18.0	
10.6	5.7	-21.4	10.6	
0.8	64.7	18.0	-9.1	
5.7	-82.9	47.5	-4.1	
3.2	-16.4	27.8	-4.1	
-14.0	25.4	15.5	-1.7	
-6.6	126.2	18.0	-9.1	
-9.1	74.6	13.1	-14.0	
-16.4	-198.5	5.7	-9.1	
-16.4	-119.8	0.8	-9.1	
-6.6	47.5	-11.5	-4.1	
-23.8	-122.2	-11.5	-4.1	
-33.7	25.4	-4.1	-6.6	
-31.2	64.7	5.7	3.2	
-33.7	45.1	0.8	0.8	
-33.7	30.3	3.2	-1.7	
-43.5	18.0	3.2	-9.1	
-21.4	15.5	13.1	-18.9	
-23.8	47.5	8.2	-18.9	
-31.2	62.3	0.8	-14.0	
-31.2	22.9	5.7	-26.3	
-23.8	8.2	5.7	-6.6	
-21.4	52.4	5.7	-14.0	
-18.9	72.1	3.2	-9.1	
-11.5	106.6	5.7	-11.5	
-16.4	67.2	5.7	-9.1	
-21.4	27.8	0.8	-9.1	
-28.7	8.2	3.2	-6.6	
-38.6	47.5	3.2	0.8	
-41.0	69.7	0.8	-11.5	
-53.3	22.9	5.7	0.8	
-60.7	10.6	-4.1	10.6	
-92.7	-6.6	-11.5	-1.7	
-82.9	32.8	-9.1	5.7	
-92.7	47.5	-14.0	8.2	
-92.7	47.5	-1.7	20.5	
-73.0	5.7	-11.5	18.0	
-1.7	32.8	-23.8	13.1	
32.8	10.6	-14.0	5.7	
59.8	32.8	-9.1	8.2	
116.4	30.3	-9.1	5.7	
89.3	45.1	-4.1	5.7	
47.5	-1.7	15.5	13.1	
37.7	47.5	8.2	5.7	
22.9	42.6	10.6	0.8	
25.4	40.1	8.2	8.2	
-28.7	50.0	-1.7	5.7	
-70.6	59.8	8.2	5.7	
-80.4	32.8	13.1	10.6	
-102.5	67.2	3.2	13.1	
-85.3	42.6	27.8	8.2	
-95.2	45.1	13.1	3.2	
-105.0	57.4	15.5	-9.1	
-109.9	42.6	15.5	-23.8	
-124.7	62.3	27.8	-14.0	
-122.2	40.1	25.4	-16.4	
-129.6	45.1	18.0	-11.5	
-137.0	37.7	5.7	-6.6	
-137.0	62.3	-14.0	-4.1	
-114.8	52.4	-14.0	0.8	
-97.6	67.2	-4.1	10.6	
-92.7	79.5	10.6	15.5	
-73.0	59.8	5.7	8.2	
-63.2	37.7	-6.6	8.2	
-73.0	13.1	40.1	-9.1	
-55.8	50.0	52.4	10.6	
-63.2	69.7	5.7	8.2	
-65.6	42.6	-31.2	3.2	
-85.3	67.2	-23.8	-1.7	
-80.4	8.2	0.8	18.0	
-60.7	37.7	10.6	8.2	
-58.3	47.5	10.6	-4.1	
-48.4	59.8	-9.1	3.2	
-36.1	52.4	-6.6	8.2	
-11.5	47.5	3.2	5.7	
-1.7	50.0	10.6	3.2	
-21.4	96.7	10.6	-4.1	
-36.1	47.5	8.2	5.7	
-31.2	67.2	-6.6	-4.1	
-33.7	101.6	-1.7	-9.1	
-43.5	54.9	-6.6	0.8	
-48.4	57.4	8.2	18.0	
-60.7	25.4	0.8	5.7	
-50.9	57.4	0.8	-23.8	
-63.2	74.6	-9.1	-11.5	
-63.2	25.4	8.2	8.2	
-85.3	35.2	5.7	15.5	
-95.2	57.4	0.8	22.9	
-92.7	74.6	3.2	40.1	
-82.9	37.7	0.8	42.6	
-97.6	54.9	3.2	-6.6	
-105.0	47.5	13.1	-53.3	
-105.0	67.2	37.7	-23.8	
-112.4	72.1	25.4	-1.7	
-109.9	35.2	32.8	-1.7	
-129.6	77.0	54.9	5.7	
-134.5	52.4	47.5	15.5	
-122.2	30.3	25.4	15.5	
-95.2	72.1	-1.7	10.6	
-70.6	123.8	0.8	8.2	
-46.0	268.9	-6.6	15.5	
-31.2	42.6	-21.4	35.2	
18.0	-82.9	3.2	27.8	
18.0	59.8	-18.9	25.4	
22.9	15.5	-21.4	8.2	
22.9	-102.5	3.2	18.0	
0.8	-87.8	5.7	27.8	
-6.6	0.8	-1.7	37.7	
-11.5	-122.2	-6.6	18.0	
-33.7	-28.7	8.2	15.5	
-43.5	-6.6	5.7	13.1	
-48.4	-333.8	13.1	5.7	
-50.9	-65.6	25.4	3.2	
-68.1	-53.3	22.9	-9.1	
-58.3	-11.5	15.5	8.2	
-50.9	-1.7	10.6	0.8	
-48.4	-26.3	10.6	15.5	
-58.3	15.5	22.9	3.2	
-58.3	32.8	30.3	-4.1	
-53.3	-11.5	22.9	-11.5	
-65.6	10.6	0.8	-9.1	
-60.7	-9.1	-43.5	-1.7	
-70.6	27.8	-33.7	-4.1	
-75.5	-11.5	-28.7	-16.4	
-70.6	-16.4	-9.1	-9.1	
-60.7	-26.3	18.0	-26.3	
-65.6	-16.4	37.7	-16.4	
-63.2	-14.0	35.2	-4.1	
-70.6	-11.5	-28.7	-9.1	
-73.0	0.8	-70.6	0.8	
-75.5	-14.0	-85.3	5.7	
-63.2	18.0	-80.4	5.7	
-73.0	5.7	-21.4	-1.7	
-65.6	-14.0	52.4	5.7	
-55.8	-14.0	101.6	15.5	
-70.6	3.2	77.0	18.0	
-63.2	18.0	37.7	18.0	
-68.1	22.9	8.2	13.1	
-65.6	-21.4	10.6	13.1	
-73.0	25.4	25.4	-1.7	
-75.5	10.6	25.4	-4.1	
-70.6	-23.8	3.2	8.2	
-80.4	13.1	-1.7	3.2	
-80.4	15.5	0.8	5.7	
-65.6	0.8	18.0	8.2	
-68.1	-16.4	22.9	10.6	
-70.6	-4.1	50.0	5.7	
-85.3	27.8	37.7	3.2	
-70.6	-14.0	22.9	13.1	
-75.5	-16.4	22.9	20.5	
-80.4	22.9	30.3	18.0	
-65.6	10.6	5.7	22.9	
-73.0	27.8	3.2	35.2	
-70.6	10.6	18.0	25.4	
-70.6	8.2	42.6	18.0	
-92.7	32.8	40.1	18.0	
-95.2	10.6	5.7	15.5	
-100.1	25.4	-21.4	22.9	
-87.8	54.9	-36.1	5.7	
-90.2	3.2	-38.6	0.8	
-109.9	30.3	-16.4	-6.6	
-122.2	13.1	5.7	-6.6	
-119.8	37.7	15.5	-9.1	
-124.7	47.5	18.0	-1.7	
-119.8	5.7	32.8	0.8	
-117.3	-11.5	37.7	8.2	
-124.7	5.7	22.9	27.8	
-122.2	15.5	0.8	37.7	
-127.1	22.9	-48.4	52.4	
-129.6	5.7	-65.6	50.0	
-114.8	30.3	-31.2	22.9	
-122.2	62.3	-9.1	20.5	
-114.8	32.8	0.8	8.2	
-124.7	8.2	15.5	3.2	
-132.1	-16.4	22.9	-4.1	
-127.1	32.8	3.2	-9.1	
-134.5	32.8	8.2	-4.1	
-127.1	-11.5	8.2	-6.6	
-132.1	13.1	22.9	-1.7	
-127.1	10.6	47.5	8.2	
-127.1	3.2	20.5	-1.7	
-129.6	15.5	-26.3	-1.7	
-127.1	42.6	-65.6	-16.4	
-129.6	-1.7	-53.3	-9.1	
-124.7	18.0	-4.1	-4.1	
-134.5	8.2	32.8	0.8	
-129.6	18.0	54.9	-1.7	
-127.1	32.8	62.3	0.8	
-124.7	25.4	40.1	-6.6	
-124.7	35.2	30.3	-18.9	
-127.1	37.7	13.1	-21.4	
-119.8	15.5	-26.3	-14.0	
-117.3	-1.7	-31.2	-14.0	
-127.1	10.6	5.7	3.2	
-122.2	15.5	-9.1	3.2	
-114.8	45.1	25.4	-11.5	
-119.8	22.9	27.8	-1.7	
-112.4	42.6	10.6	-4.1	
-122.2	94.3	10.6	3.2	
-117.3	-53.3	20.5	-4.1	
-124.7	79.5	25.4	5.7	
-119.8	96.7	25.4	3.2	
-119.8	212.3	32.8	8.2	
-122.2	79.5	45.1	0.8	
-134.5	72.1	45.1	-6.6	
-129.6	200.0	47.5	-6.6	
-124.7	-1.7	42.6	-16.4	
-119.8	91.8	32.8	-4.1	
-107.5	94.3	18.0	3.2	
-107.5	-112.4	8.2	3.2	
-112.4	-375.6	5.7	8.2	
-97.6	-220.6	22.9	-1.7	
-109.9	86.9	22.9	0.8	
-97.6	74.6	3.2	13.1	
-102.5	86.9	-11.5	13.1	
-105.0	59.8	5.7	15.5	
-100.1	91.8	0.8	5.7	
-100.1	67.2	10.6	10.6	
-90.2	111.5	22.9	0.8	
-102.5	69.7	27.8	5.7	
-92.7	59.8	42.6	-4.1	
-90.2	54.9	47.5	3.2	
-82.9	69.7	32.8	5.7	
-87.8	54.9	3.2	-1.7	
-80.4	64.7	0.8	3.2	
-63.2	79.5	-1.7	-6.6	
-73.0	37.7	-4.1	-9.1	
-80.4	40.1	3.2	-6.6	
-82.9	47.5	8.2	-16.4	
-80.4	54.9	20.5	0.8	
-80.4	25.4	27.8	-6.6	
-70.6	62.3	22.9	-9.1	
-85.3	50.0	8.2	-11.5	
-70.6	50.0	18.0	-6.6	
-68.1	32.8	10.6	-4.1	
-70.6	64.7	10.6	5.7	
-75.5	30.3	10.6	8.2	
-70.6	50.0	0.8	-1.7	
-90.2	59.8	25.4	8.2	
-73.0	64.7	27.8	15.5	
-90.2	50.0	25.4	18.0	
-82.9	64.7	15.5	13.1	
-87.8	15.5	8.2	22.9	
-65.6	30.3	3.2	10.6	
-60.7	35.2	27.8	3.2	
-55.8	8.2	35.2	5.7	
-58.3	3.2	3.2	8.2	
-73.0	42.6	-21.4	20.5	
-55.8	37.7	-1.7	10.6	
-68.1	50.0	5.7	15.5	
-60.7	-1.7	-11.5	5.7	
-63.2	-6.6	-26.3	-4.1	
-70.6	45.1	-6.6	3.2	
-70.6	67.2	15.5	5.7	
-55.8	40.1	-1.7	-1.7	
-58.3	22.9	13.1	-1.7	
-68.1	86.9	18.0	8.2	
-75.5	69.7	22.9	-1.7	
-60.7	52.4	8.2	3.2	
-58.3	-31.2	10.6	8.2	
-53.3	-50.9	-9.1	20.5	
-43.5	-73.0	0.8	13.1	
-31.2	-26.3	13.1	20.5	
-26.3	-41.0	8.2	5.7	
-36.1	0.8	3.2	-11.5	
-33.7	-1.7	3.2	22.9	
-41.0	-11.5	13.1	54.9	
-46.0	25.4	25.4	69.7	
-33.7	-16.4	25.4	50.0	
-31.2	-28.7	30.3	-21.4	
-63.2	-28.7	20.5	-73.0	
-50.9	-14.0	18.0	-33.7	
-43.5	10.6	13.1	-33.7	
-53.3	8.2	25.4	-4.1	
-50.9	-6.6	15.5	13.1	
-68.1	-1.7	27.8	-6.6	
-58.3	-33.7	15.5	-6.6	
-55.8	32.8	18.0	-9.1	
-55.8	8.2	13.1	5.7	
-50.9	-1.7	20.5	20.5	
-70.6	20.5	30.3	3.2	
-58.3	0.8	25.4	-16.4	
-70.6	-16.4	20.5	-14.0	
-68.1	5.7	22.9	-1.7	
-58.3	15.5	27.8	-16.4	
-48.4	-4.1	-4.1	-4.1	
-48.4	35.2	-6.6	-9.1	
-55.8	35.2	-1.7	-1.7	
-50.9	10.6	3.2	-9.1	
-46.0	52.4	0.8	0.8	
-46.0	25.4	0.8	25.4	
-38.6	22.9	-4.1	52.4	
-43.5	77.0	3.2	69.7	
-60.7	42.6	10.6	84.4	
-43.5	40.1	18.0	62.3	
-41.0	35.2	15.5	-16.4	
-46.0	106.6	-4.1	-33.7	
-75.5	67.2	-14.0	-21.4	
-75.5	177.9	-6.6	-9.1	
-55.8	22.9	-1.7	-33.7	
-70.6	177.9	0.8	-23.8	
-73.0	-9.1	0.8	-9.1	
-77.9	-75.5	-11.5	-11.5	
-70.6	143.5	-21.4	0.8	
-75.5	-38.6	-11.5	-14.0	
-77.9	300.9	-14.0	-9.1	
-68.1	57.4	-6.6	-6.6	
-68.1	-127.1	-11.5	-6.6	
-77.9	141.0	-14.0	5.7	
-80.4	37.7	37.7	8.2	
-87.8	104.1	47.5	0.8	
-82.9	-210.8	25.4	-1.7	
-92.7	30.3	8.2	13.1	
-90.2	84.4	32.8	15.5	
-97.6	54.9	30.3	22.9	
-90.2	72.1	20.5	10.6	
-105.0	69.7	5.7	15.5	
-100.1	84.4	-9.1	18.0	
-97.6	113.9	-1.7	13.1	
-92.7	101.6	-11.5	22.9	
-107.5	118.9	-23.8	5.7	
-92.7	86.9	-14.0	-1.7	
-97.6	59.8	3.2	-9.1	
-105.0	57.4	0.8	-4.1	
-97.6	52.4	-21.4	-11.5	
-107.5	64.7	-31.2	10.6	
-92.7	91.8	-43.5	18.0	
-105.0	86.9	-16.4	45.1	
-92.7	84.4	-23.8	69.7	
-100.1	57.4	-6.6	35.2	
-92.7	40.1	0.8	62.3	
-95.2	52.4	3.2	77.0	
-95.2	45.1	-16.4	-11.5	
-90.2	52.4	-11.5	-46.0	
-90.2	64.7	-14.0	-90.2	
-80.4	67.2	-14.0	-63.2	
-75.5	69.7	-4.1	-43.5	
-87.8	47.5	-1.7	-33.7	
-85.3	57.4	8.2	10.6	
-90.2	84.4	5.7	-9.1	
-92.7	54.9	5.7	-4.1	
-80.4	59.8	13.1	10.6	
-80.4	62.3	5.7	-1.7	
-70.6	82.0	3.2	50.0	
-58.3	64.7	10.6	104.1	
-68.1	67.2	18.0	96.7	
-55.8	69.7	8.2	74.6	
-48.4	54.9	8.2	40.1	
-50.9	64.7	18.0	-16.4	
-58.3	30.3	15.5	-114.8	
-53.3	15.5	27.8	-139.4	
-75.5	94.3	15.5	-70.6	
-63.2	52.4	15.5	-28.7	
-58.3	84.4	10.6	-31.2	
-53.3	35.2	8.2	-18.9	
-58.3	27.8	5.7	-28.7	
-55.8	40.1	15.5	-41.0	
-63.2	77.0	15.5	-11.5	
-63.2	37.7	13.1	22.9	
-73.0	50.0	15.5	37.7	
-55.8	40.1	10.6	50.0	
-48.4	57.4	-28.7	10.6	
-48.4	10.6	-6.6	-6.6	
-38.6	35.2	-1.7	-28.7	
-48.4	27.8	-1.7	-14.0	
-48.4	18.0	10.6	5.7	
-53.3	67.2	3.2	5.7	
-55.8	25.4	-16.4	-1.7	
-53.3	74.6	-16.4	10.6	
-68.1	69.7	8.2	8.2	
-65.6	62.3	-11.5	13.1	
-55.8	40.1	-14.0	15.5	
-63.2	54.9	-36.1	13.1	
-41.0	40.1	-36.1	-21.4	
-33.7	20.5	-16.4	-9.1	
-50.9	37.7	0.8	-11.5	
-55.8	45.1	3.2	3.2	
-33.7	35.2	5.7	13.1	
-23.8	15.5	27.8	32.8	
-23.8	27.8	27.8	25.4	
-38.6	37.7	20.5	18.0	
-58.3	72.1	10.6	45.1	
-50.9	22.9	0.8	57.4	
-38.6	25.4	15.5	50.0	
-43.5	5.7	30.3	18.0	
-38.6	25.4	25.4	-21.4	
-21.4	8.2	13.1	-11.5	
5.7	8.2	20.5	47.5	
-4.1	22.9	15.5	72.1	
-6.6	45.1	10.6	52.4	
10.6	3.2	-4.1	-1.7	
8.2	-11.5	0.8	-26.3	
10.6	-16.4	10.6	-46.0	
-9.1	50.0	8.2	-23.8	
-18.9	-9.1	3.2	-9.1	
-38.6	-11.5	8.2	8.2	
-36.1	22.9	20.5	8.2	
-48.4	40.1	10.6	40.1	
-31.2	-274.7	13.1	59.8	
-23.8	74.6	15.5	59.8	
-38.6	13.1	13.1	62.3	
-41.0	52.4	25.4	18.0	
-16.4	-77.9	15.5	-68.1	
-9.1	133.6	25.4	-105.0	
-6.6	79.5	10.6	-36.1	
-1.7	59.8	5.7	22.9	
5.7	-198.5	3.2	13.1	
-16.4	111.5	10.6	-4.1	
-23.8	3.2	0.8	15.5	
-33.7	-65.6	-6.6	30.3	
-33.7	22.9	-1.7	18.0	
-60.7	-225.5	-11.5	-4.1	
-55.8	-6.6	-4.1	-58.3	
-48.4	10.6	13.1	-41.0	
-38.6	15.5	5.7	-16.4	
-33.7	32.8	-6.6	-9.1	
-1.7	0.8	-4.1	0.8	
13.1	25.4	0.8	0.8	
27.8	32.8	-6.6	-1.7	
5.7	-6.6	5.7	47.5	
-28.7	18.0	5.7	42.6	
-16.4	52.4	32.8	-41.0	
-58.3	25.4	35.2	-60.7	
-60.7	10.6	25.4	0.8	
-68.1	8.2	25.4	-6.6	
-31.2	5.7	-9.1	-9.1	
-9.1	-1.7	-18.9	-1.7	
10.6	-38.6	-6.6	-11.5	
42.6	3.2	-6.6	-6.6	
84.4	13.1	8.2	-6.6	
96.7	22.9	5.7	-1.7	
101.6	0.8	-11.5	5.7	
77.0	8.2	-14.0	13.1	
57.4	3.2	-11.5	13.1	
22.9	-9.1	-9.1	10.6	
5.7	0.8	-1.7	27.8	
-11.5	13.1	-4.1	47.5	
-11.5	-1.7	0.8	52.4	
-11.5	-6.6	15.5	37.7	
-6.6	-26.3	20.5	22.9	
-6.6	-4.1	27.8	35.2	
-14.0	8.2	18.0	15.5	
-18.9	32.8	25.4	-28.7	
-21.4	-9.1	22.9	-33.7	
-11.5	15.5	0.8	-11.5	
0.8	54.9	-9.1	0.8	
0.8	40.1	-4.1	32.8	
-6.6	47.5	-16.4	15.5	
10.6	-9.1	-26.3	25.4	
25.4	22.9	-21.4	10.6	
32.8	-6.6	-16.4	-38.6	
30.3	8.2	0.8	-46.0	
8.2	52.4	-14.0	-6.6	
-6.6	20.5	-6.6	15.5	
5.7	50.0	-1.7	10.6	
0.8	30.3	13.1	-18.9	
3.2	13.1	32.8	-16.4	
-4.1	27.8	18.0	-11.5	
-1.7	50.0	-4.1	-28.7	
-11.5	25.4	-1.7	-16.4	
5.7	8.2	-4.1	35.2	
-11.5	42.6	5.7	62.3	
3.2	13.1	0.8	79.5	
5.7	0.8	0.8	67.2	
8.2	18.0	-6.6	116.4	
18.0	25.4	10.6	91.8	
30.3	0.8	5.7	3.2	
22.9	15.5	0.8	8.2	
10.6	22.9	10.6	-1.7	
-1.7	50.0	18.0	-60.7	
-9.1	25.4	10.6	-122.2	
-4.1	32.8	5.7	-68.1	
5.7	35.2	13.1	-38.6	
8.2	37.7	15.5	-1.7	
20.5	5.7	18.0	15.5	
35.2	59.8	15.5	-23.8	
59.8	40.1	8.2	-46.0	
64.7	25.4	18.0	3.2	
42.6	42.6	18.0	-18.9	
40.1	22.9	18.0	-9.1	
50.0	59.8	25.4	0.8	
50.0	67.2	22.9	25.4	
45.1	5.7	22.9	37.7	
69.7	67.2	15.5	40.1	
62.3	45.1	30.3	27.8	
57.4	57.4	25.4	18.0	
40.1	45.1	15.5	5.7	
-14.0	40.1	47.5	-18.9	
-60.7	45.1	37.7	-4.1	
-105.0	22.9	32.8	13.1	
-68.1	10.6	22.9	25.4	
54.9	69.7	-4.1	8.2	
116.4	50.0	0.8	0.8	
141.0	35.2	-11.5	-4.1	
143.5	25.4	-11.5	-4.1	
74.6	52.4	-11.5	-4.1	
47.5	45.1	-11.5	-6.6	
59.8	82.0	-14.0	-4.1	
182.8	197.6	-11.5	-6.6	
414.1	54.9	-9.1	-16.4	
514.9	-139.4	32.8	-14.0	
431.3	-223.1	72.1	-11.5	
278.8	-1.7	47.5	-23.8	
163.1	-105.0	-16.4	-14.0	
91.8	195.1	-18.9	-9.1	
57.4	143.5	-11.5	-14.0	
0.8	86.9	-23.8	-9.1	
-46.0	106.6	-18.9	-1.7	
-122.2	54.9	-14.0	0.8	
-213.2	113.9	-11.5	3.2	
-296.9	219.7	10.6	3.2	
-387.9	-198.5	35.2	3.2	
-365.8	35.2	45.1	13.1	
-294.4	62.3	42.6	5.7	
-196.0	74.6	52.4	-1.7	
-60.7	74.6	42.6	13.1	
-60.7	47.5	54.9	20.5	
-97.6	50.0	54.9	13.1	
-68.1	30.3	52.4	20.5	
-36.1	45.1	47.5	22.9	
-41.0	45.1	40.1	20.5	
-43.5	52.4	50.0	27.8	
-1.7	47.5	40.1	42.6	
-14.0	72.1	42.6	10.6	
-55.8	57.4	47.5	-26.3	
-87.8	35.2	35.2	22.9	
-75.5	42.6	30.3	25.4	
-107.5	30.3	42.6	-23.8	
-112.4	3.2	37.7	-46.0	
-77.9	27.8	32.8	-11.5	
-65.6	30.3	27.8	15.5	
-50.9	54.9	20.5	18.0	
-60.7	25.4	18.0	32.8	
-55.8	27.8	20.5	3.2	
-11.5	0.8	8.2	-4.1	
30.3	-1.7	10.6	-31.2	
50.0	-18.9	8.2	-28.7	
62.3	18.0	3.2	-14.0	
96.7	13.1	0.8	0.8	
106.6	13.1	-6.6	5.7	
101.6	-4.1	0.8	5.7	
96.7	-31.2	-16.4	5.7	
121.3	-18.9	-6.6	3.2	
113.9	-1.7	-4.1	25.4	
118.9	-21.4	-9.1	40.1	
121.3	-46.0	-16.4	37.7	
113.9	-46.0	-11.5	25.4	
109.0	-55.8	-4.1	47.5	
104.1	-53.3	3.2	20.5	
109.0	-43.5	13.1	45.1	
109.0	-4.1	13.1	-1.7	
99.2	-73.0	15.5	-77.9	
99.2	-43.5	-4.1	-53.3	
99.2	-4.1	-6.6	-18.9	
104.1	-31.2	5.7	-9.1	
77.0	-73.0	-6.6	-14.0	
74.6	-23.8	-4.1	3.2	
69.7	-21.4	0.8	-1.7	
74.6	-18.9	0.8	3.2	
64.7	-6.6	8.2	10.6	
64.7	-28.7	13.1	30.3	
69.7	-43.5	0.8	25.4	
52.4	-14.0	0.8	22.9	
52.4	-16.4	0.8	35.2	
52.4	-11.5	-1.7	15.5	
57.4	-50.9	10.6	27.8	
52.4	-11.5	3.2	25.4	
52.4	-18.9	13.1	18.0	
52.4	-16.4	5.7	20.5	
50.0	-33.7	13.1	10.6	
42.6	0.8	42.6	3.2	
52.4	-58.3	32.8	-9.1	
59.8	-6.6	13.1	13.1	
59.8	-26.3	-6.6	18.0	
74.6	-16.4	-6.6	27.8	
82.0	-18.9	-9.1	45.1	
101.6	-18.9	-4.1	40.1	
111.5	8.2	10.6	-1.7	
126.2	18.0	3.2	-18.9	
128.7	22.9	0.8	-46.0	
126.2	10.6	-9.1	-26.3	
138.5	-28.7	-4.1	5.7	
123.8	32.8	-1.7	15.5	
101.6	-1.7	-1.7	57.4	
86.9	8.2	3.2	50.0	
116.4	10.6	10.6	-6.6	
111.5	32.8	-1.7	-43.5	
96.7	40.1	0.8	-38.6	
37.7	-33.7	3.2	-16.4	
5.7	-38.6	-1.7	-6.6	
-16.4	3.2	-21.4	8.2	
-33.7	-18.9	-16.4	20.5	
-36.1	-9.1	-28.7	20.5	
-41.0	18.0	-33.7	45.1	
-46.0	57.4	-33.7	50.0	
-50.9	32.8	-11.5	22.9	
-28.7	25.4	-14.0	13.1	
-33.7	18.0	-6.6	8.2	
-26.3	-496.1	5.7	-9.1	
-21.4	-159.1	0.8	5.7	
-16.4	-92.7	13.1	8.2	
-36.1	-33.7	5.7	52.4	
-26.3	35.2	20.5	59.8	
-28.7	249.2	18.0	47.5	
-23.8	-11.5	15.5	-9.1	
-28.7	-28.7	15.5	-87.8	
-43.5	209.9	13.1	-114.8	
-43.5	8.2	15.5	-55.8	
-46.0	168.1	22.9	-28.7	
-46.0	-85.3	5.7	13.1	
-36.1	214.8	18.0	5.7	
-41.0	-230.5	22.9	0.8	
-31.2	79.5	-4.1	-21.4	
-26.3	116.4	13.1	-4.1	
-9.1	84.4	18.0	-16.4	
0.8	89.3	20.5	3.2	
-4.1	94.3	32.8	-9.1	
13.1	106.6	22.9	-14.0	
25.4	72.1	5.7	0.8	
13.1	32.8	-14.0	-1.7	
30.3	82.0	5.7	0.8	
8.2	101.6	20.5	3.2	
27.8	59.8	3.2	3.2	
35.2	84.4	0.8	18.0	
25.4	50.0	22.9	25.4	
35.2	74.6	18.0	22.9	
30.3	35.2	8.2	10.6	
37.7	67.2	3.2	8.2	
25.4	52.4	0.8	8.2	
22.9	116.4	5.7	15.5	
18.0	45.1	-9.1	25.4	
22.9	27.8	-6.6	18.0	
25.4	-9.1	-4.1	18.0	
25.4	-21.4	-28.7	27.8	
35.2	20.5	-21.4	30.3	
35.2	10.6	-1.7	20.5	
35.2	20.5	-6.6	22.9	
35.2	42.6	5.7	35.2	
27.8	18.0	5.7	18.0	
25.4	-1.7	8.2	25.4	
15.5	32.8	8.2	8.2	
27.8	10.6	20.5	-1.7	
27.8	35.2	52.4	-1.7	
22.9	-11.5	37.7	25.4	
25.4	42.6	10.6	40.1	
20.5	20.5	5.7	27.8	
25.4	15.5	-1.7	-28.7	
10.6	18.0	-11.5	-48.4	
18.0	91.8	-18.9	-38.6	
8.2	99.2	5.7	-33.7	
15.5	79.5	10.6	-1.7	
22.9	86.9	8.2	3.2	
20.5	106.6	8.2	0.8	
18.0	62.3	3.2	-1.7	
20.5	57.4	-4.1	-14.0	
13.1	84.4	-6.6	-4.1	
5.7	45.1	-9.1	-1.7	
-6.6	32.8	-9.1	15.5	
-6.6	57.4	-11.5	35.2	
3.2	57.4	-11.5	25.4	
8.2	72.1	-11.5	-9.1	
5.7	72.1	-1.7	-14.0	
20.5	82.0	13.1	5.7	
20.5	35.2	0.8	10.6	
5.7	45.1	8.2	5.7	
20.5	27.8	0.8	-4.1	
10.6	47.5	3.2	13.1	
22.9	54.9	22.9	20.5	
8.2	52.4	13.1	40.1	
0.8	50.0	5.7	35.2	
5.7	42.6	15.5	30.3	
-4.1	72.1	22.9	22.9	
0.8	67.2	27.8	3.2	
-9.1	79.5	20.5	-4.1	
-1.7	74.6	18.0	20.5	
-9.1	62.3	15.5	22.9	
-9.1	40.1	18.0	30.3	
-14.0	25.4	13.1	47.5	
0.8	77.0	18.0	18.0	
-11.5	42.6	27.8	3.2	
-16.4	37.7	30.3	-9.1	
-14.0	77.0	22.9	-6.6	
-16.4	74.6	8.2	10.6	
-4.1	59.8	5.7	8.2	
-16.4	45.1	-14.0	10.6	
-1.7	50.0	-9.1	-4.1	
-11.5	47.5	-1.7	27.8	
-21.4	-55.8	5.7	50.0	
-21.4	-33.7	0.8	52.4	
-18.9	-18.9	-11.5	20.5	
-21.4	-16.4	-4.1	32.8	
-18.9	-55.8	0.8	10.6	
-9.1	-9.1	8.2	-14.0	
-4.1	-23.8	3.2	-33.7	
13.1	25.4	8.2	0.8	
13.1	10.6	5.7	-63.2	
-4.1	-1.7	18.0	-53.3	
-4.1	20.5	37.7	-28.7	
-11.5	-164.0	32.8	-18.9	
0.8	67.2	5.7	-6.6	
15.5	91.8	-16.4	-14.0	
3.2	-146.8	-6.6	0.8	
-4.1	-119.8	-11.5	-14.0	
-1.7	-196.0	-11.5	0.8	
-16.4	192.7	-65.6	-1.7	
-9.1	-38.6	-60.7	5.7	
-16.4	-80.4	-18.9	3.2	
-28.7	20.5	5.7	5.7	
-28.7	-36.1	5.7	-1.7	
-36.1	131.2	8.2	5.7	
-31.2	64.7	13.1	13.1	
-26.3	-82.9	18.0	5.7	
-23.8	126.2	10.6	-1.7	
-36.1	123.8	15.5	25.4	
-38.6	96.7	27.8	57.4	
-41.0	99.2	35.2	86.9	
-38.6	91.8	25.4	89.3	
-36.1	96.7	32.8	15.5	
-21.4	106.6	35.2	-1.7	
-9.1	94.3	30.3	-55.8	
3.2	37.7	27.8	-33.7	
10.6	47.5	32.8	-26.3	
20.5	74.6	35.2	-33.7	
3.2	59.8	25.4	-48.4	
-16.4	59.8	27.8	-36.1	
-21.4	57.4	25.4	-23.8	
-26.3	59.8	35.2	-23.8	
-23.8	35.2	30.3	-6.6	
-36.1	40.1	30.3	-1.7	
-16.4	54.9	25.4	-18.9	
-18.9	47.5	22.9	10.6	
-16.4	37.7	13.1	10.6	
-16.4	32.8	3.2	40.1	
-11.5	32.8	-4.1	32.8	
-18.9	64.7	3.2	45.1	
-16.4	84.4	13.1	62.3	
-16.4	30.3	15.5	-33.7	
-23.8	42.6	22.9	-33.7	
-21.4	-9.1	-9.1	-58.3	
-16.4	25.4	5.7	-65.6	
-6.6	32.8	0.8	-14.0	
-21.4	5.7	-1.7	-4.1	
-31.2	40.1	8.2	-11.5	
-31.2	3.2	-9.1	-21.4	
-36.1	-6.6	0.8	42.6	
-16.4	8.2	15.5	77.0	
-33.7	25.4	20.5	113.9	
-31.2	-21.4	20.5	84.4	
-36.1	-18.9	5.7	5.7	
-28.7	-9.1	5.7	5.7	
-26.3	-31.2	13.1	-23.8	
-38.6	-33.7	13.1	-80.4	
-41.0	-38.6	15.5	-53.3	
-43.5	-21.4	8.2	-11.5	
-70.6	-28.7	13.1	22.9	
-60.7	32.8	8.2	54.9	
-55.8	-14.0	0.8	64.7	
-48.4	-33.7	5.7	42.6	
-53.3	-68.1	-1.7	20.5	
-65.6	-63.2	5.7	-1.7	
-55.8	-41.0	-9.1	-23.8	
-31.2	-26.3	-6.6	-46.0	
-11.5	10.6	-1.7	5.7	
-11.5	10.6	-6.6	30.3	
-38.6	-1.7	-1.7	30.3	
-41.0	-33.7	-14.0	50.0	
-50.9	0.8	-4.1	25.4	
-53.3	20.5	0.8	-18.9	
-31.2	-48.4	8.2	-73.0	
-11.5	-9.1	8.2	-33.7	
-18.9	-36.1	3.2	-16.4	
10.6	-31.2	-6.6	-18.9	
37.7	-70.6	3.2	-9.1	
62.3	-75.5	-9.1	-16.4	
8.2	-95.2	-21.4	-6.6	
-14.0	-48.4	-16.4	3.2	
-18.9	18.0	-1.7	-11.5	
-31.2	-11.5	18.0	8.2	
-43.5	-6.6	54.9	8.2	
-55.8	-26.3	42.6	-1.7	
-43.5	-87.8	27.8	8.2	
-31.2	-38.6	32.8	15.5	
-26.3	-48.4	5.7	30.3	
15.5	-46.0	5.7	59.8	
27.8	-21.4	-1.7	94.3	
35.2	-36.1	-23.8	62.3	
8.2	-46.0	-23.8	35.2	
-6.6	-14.0	-1.7	-21.4	
-43.5	-18.9	-1.7	-53.3	
-46.0	-60.7	20.5	-38.6	
-73.0	-23.8	45.1	-31.2	
-73.0	-38.6	22.9	20.5	
-75.5	-9.1	15.5	-1.7	
-60.7	-53.3	30.3	15.5	
-46.0	-55.8	22.9	-9.1	
-58.3	-58.3	22.9	-68.1	
-48.4	-55.8	13.1	-73.0	
-46.0	-38.6	13.1	-48.4	
-31.2	-257.5	8.2	-14.0	
-31.2	99.2	0.8	5.7	
-31.2	123.8	0.8	86.9	
-33.7	-48.4	0.8	190.2	
-23.8	141.0	13.1	192.7	
-14.0	91.8	15.5	143.5	
-14.0	229.6	13.1	-6.6	
-11.5	362.4	18.0	-119.8	
-16.4	-53.3	15.5	-87.8	
-11.5	121.3	0.8	-146.8	
-16.4	264.0	10.6	-46.0	
-31.2	54.9	0.8	-31.2	
-9.1	138.5	0.8	-53.3	
-11.5	8.2	-4.1	-28.7	
-16.4	170.5	-9.1	27.8	
3.2	190.2	-11.5	47.5	
0.8	180.4	0.8	-18.9	
-1.7	175.4	3.2	-21.4	
3.2	197.6	5.7	0.8	
-9.1	180.4	0.8	-1.7	
-18.9	200.0	-4.1	-6.6	
-18.9	200.0	5.7	-14.0	
-1.7	170.5	5.7	-1.7	
15.5	133.6	18.0	3.2	
30.3	160.7	25.4	20.5	
8.2	153.3	22.9	22.9	
-23.8	121.3	27.8	13.1	
-38.6	150.8	22.9	-1.7	
-73.0	141.0	20.5	13.1	
-77.9	160.7	22.9	32.8	
-70.6	123.8	10.6	35.2	
-50.9	99.2	3.2	10.6	
-18.9	79.5	8.2	0.8	
22.9	42.6	0.8	18.0	
15.5	37.7	-4.1	22.9	
-9.1	47.5	-1.7	10.6	
-21.4	-9.1	-6.6	8.2	
-18.9	-9.1	-6.6	5.7	
-21.4	-11.5	3.2	5.7	
-9.1	-16.4	-14.0	10.6	
-4.1	-28.7	5.7	5.7	
-1.7	-1.7	0.8	8.2	
-11.5	-4.1	-1.7	32.8	
-9.1	10.6	3.2	72.1	
-6.6	-14.0	-4.1	94.3	
-26.3	-9.1	3.2	94.3	
-38.6	-46.0	-6.6	18.0	
-48.4	-26.3	-6.6	-46.0	
-43.5	-6.6	5.7	-80.4	
-60.7	8.2	3.2	-31.2	
-75.5	20.5	0.8	72.1	
-68.1	-28.7	8.2	141.0	
-70.6	-11.5	-11.5	40.1	
-68.1	5.7	-9.1	30.3	
-60.7	0.8	-6.6	-31.2	
-50.9	18.0	-11.5	-102.5	
-60.7	62.3	-6.6	-26.3	
-63.2	25.4	-1.7	-9.1	
-46.0	42.6	-6.6	-75.5	
-33.7	32.8	-6.6	-109.9	
-28.7	54.9	-1.7	-23.8	
-38.6	25.4	-9.1	-18.9	
-28.7	25.4	-11.5	-38.6	
-31.2	62.3	0.8	5.7	
-28.7	35.2	3.2	30.3	
-21.4	22.9	20.5	30.3	
-21.4	3.2	18.0	5.7	
-16.4	54.9	-6.6	3.2	
-18.9	32.8	-6.6	-1.7	
-9.1	40.1	-1.7	27.8	
-31.2	45.1	-1.7	50.0	
-48.4	45.1	8.2	82.0	
-43.5	67.2	0.8	69.7	
-26.3	20.5	15.5	5.7	
-38.6	-4.1	10.6	-6.6	
-50.9	15.5	3.2	3.2	
-63.2	13.1	5.7	13.1	
-43.5	40.1	8.2	3.2	
-16.4	50.0	-9.1	-48.4	
-11.5	32.8	-4.1	-21.4	
3.2	54.9	0.8	-46.0	
18.0	62.3	0.8	-33.7	
27.8	84.4	3.2	-14.0	
30.3	106.6	8.2	10.6	
22.9	86.9	15.5	8.2	
-26.3	91.8	18.0	-6.6	
-55.8	94.3	13.1	-6.6	
-60.7	136.1	25.4	5.7	
-53.3	116.4	3.2	-4.1	
-18.9	116.4	-9.1	18.0	
15.5	118.9	-6.6	37.7	
27.8	113.9	-9.1	25.4	
45.1	123.8	-11.5	20.5	
13.1	128.7	0.8	32.8	
5.7	123.8	-9.1	25.4	
-4.1	121.3	-14.0	10.6	
-1.7	84.4	-1.7	22.9	
0.8	123.8	-1.7	22.9	
47.5	106.6	3.2	32.8	
62.3	106.6	5.7	18.0	
35.2	-36.1	-6.6	22.9	
40.1	118.9	-4.1	10.6	
40.1	94.3	-9.1	0.8	
27.8	13.1	0.8	8.2	
45.1	138.5	0.8	18.0	
42.6	8.2	-14.0	13.1	
45.1	-107.5	-1.7	27.8	
52.4	318.1	8.2	22.9	
35.2	99.2	8.2	5.7	
18.0	45.1	20.5	-6.6	
10.6	111.5	22.9	3.2	
15.5	15.5	35.2	-11.5	
10.6	116.4	22.9	0.8	
25.4	-191.1	8.2	-9.1	
13.1	42.6	3.2	-4.1	
-9.1	57.4	-4.1	45.1	
-41.0	45.1	5.7	64.7	
-16.4	82.0	10.6	52.4	
20.5	50.0	-9.1	47.5	
40.1	42.6	3.2	-23.8	
30.3	27.8	0.8	-63.2	
5.7	32.8	-11.5	-26.3	
-14.0	0.8	15.5	5.7	
-6.6	30.3	15.5	32.8	
-14.0	30.3	0.8	57.4	
-14.0	27.8	3.2	-1.7	
8.2	13.1	5.7	-26.3	
32.8	47.5	5.7	-50.9	
35.2	3.2	5.7	8.2	
25.4	35.2	-1.7	10.6	
-38.6	45.1	13.1	15.5	
-95.2	59.8	10.6	3.2	
-75.5	69.7	13.1	-50.9	
-41.0	54.9	25.4	-31.2	
0.8	54.9	20.5	8.2	
59.8	50.0	25.4	40.1	
50.0	50.0	20.5	27.8	
20.5	47.5	22.9	59.8	
-43.5	32.8	13.1	64.7	
-82.9	57.4	8.2	15.5	
-100.1	45.1	3.2	-1.7	
-50.9	74.6	18.0	-4.1	
-4.1	27.8	18.0	-9.1	
42.6	64.7	27.8	8.2	
67.2	40.1	18.0	3.2	
50.0	62.3	15.5	-46.0	
5.7	30.3	0.8	-21.4	
-38.6	45.1	-4.1	-16.4	
-36.1	10.6	-4.1	-9.1	
-41.0	42.6	-1.7	8.2	
-43.5	18.0	13.1	30.3	
-46.0	42.6	22.9	47.5	
-31.2	15.5	37.7	30.3	
8.2	32.8	45.1	3.2	
37.7	18.0	35.2	-6.6	
-1.7	62.3	18.0	3.2	
-11.5	18.0	-1.7	8.2	
-18.9	13.1	-9.1	-9.1	
-11.5	-14.0	-11.5	-1.7	
-28.7	3.2	-1.7	10.6	
-36.1	10.6	-23.8	25.4	
-11.5	-16.4	-6.6	42.6	
18.0	8.2	-4.1	50.0	
-6.6	8.2	-9.1	47.5	
5.7	22.9	-14.0	62.3	
8.2	22.9	0.8	22.9	
32.8	15.5	10.6	0.8	
35.2	20.5	5.7	-33.7	
30.3	10.6	-4.1	0.8	
54.9	0.8	0.8	25.4	
40.1	13.1	13.1	35.2	
40.1	20.5	10.6	27.8	
25.4	27.8	0.8	-1.7	
-23.8	-1.7	13.1	-18.9	
-53.3	-9.1	25.4	13.1	
-90.2	-1.7	25.4	32.8	
-100.1	-16.4	10.6	62.3	
-105.0	-16.4	30.3	47.5	
-18.9	25.4	27.8	84.4	
59.8	-14.0	18.0	59.8	
67.2	10.6	20.5	-68.1	
15.5	3.2	20.5	-73.0	
-6.6	-1.7	27.8	13.1	
-50.9	-1.7	37.7	22.9	
-18.9	3.2	25.4	-38.6	
0.8	0.8	30.3	-100.1	
-21.4	-23.8	30.3	-85.3	
-18.9	-9.1	27.8	-21.4	
59.8	-23.8	20.5	3.2	
158.2	5.7	27.8	18.0	
180.4	35.2	15.5	13.1	
138.5	5.7	25.4	62.3	
82.0	-11.5	20.5	62.3	
18.0	-23.8	22.9	3.2	
-41.0	18.0	20.5	-90.2	
-73.0	47.5	25.4	-50.9	
-58.3	54.9	27.8	-36.1	
-18.9	59.8	25.4	-9.1	
13.1	13.1	20.5	13.1	
40.1	27.8	18.0	25.4	
67.2	197.6	15.5	37.7	
57.4	133.6	18.0	47.5	
69.7	-18.9	8.2	37.7	
62.3	207.4	-4.1	0.8	
57.4	22.9	-9.1	-4.1	
52.4	57.4	15.5	8.2	
5.7	-53.3	10.6	32.8	
-16.4	138.5	-4.1	64.7	
-70.6	318.1	18.0	86.9	
-58.3	136.1	30.3	77.0	
-58.3	-127.1	8.2	42.6	
18.0	-6.6	-14.0	37.7	
52.4	202.5	-9.1	57.4	
143.5	-173.9	8.2	-6.6	
141.0	-4.1	32.8	-33.7	
77.0	27.8	22.9	-85.3	
22.9	37.7	40.1	-85.3	
25.4	-14.0	25.4	-75.5	
104.1	8.2	22.9	-14.0	
141.0	20.5	22.9	8.2	
143.5	-4.1	15.5	18.0	
113.9	54.9	13.1	20.5	
74.6	22.9	18.0	-70.6	
52.4	52.4	3.2	-60.7	
45.1	10.6	-1.7	-31.2	
62.3	-31.2	-9.1	-1.7	
8.2	-73.0	-4.1	5.7	
-75.5	-33.7	-18.9	10.6	
-105.0	-21.4	-9.1	15.5	
-77.9	-26.3	-9.1	35.2	
-31.2	-46.0	-1.7	-6.6	
-23.8	-50.9	-9.1	-16.4	
-21.4	-23.8	-11.5	3.2	
-4.1	-11.5	-21.4	-9.1	
15.5	-31.2	-18.9	3.2	
52.4	-16.4	-21.4	0.8	
86.9	-48.4	-11.5	10.6	
74.6	-43.5	10.6	5.7	
86.9	-60.7	8.2	18.0	
20.5	-43.5	-14.0	15.5	
-65.6	-53.3	0.8	25.4	
-117.3	-53.3	-4.1	18.0	
-105.0	-18.9	-6.6	42.6	
-58.3	-43.5	-4.1	32.8	
-16.4	-18.9	20.5	35.2	
8.2	-60.7	15.5	37.7	
5.7	-68.1	10.6	3.2	
-26.3	-73.0	20.5	-23.8	
-41.0	-1.7	18.0	-23.8	
5.7	-14.0	8.2	-21.4	
64.7	-33.7	15.5	-9.1	
52.4	-16.4	8.2	-6.6	
69.7	-16.4	-1.7	13.1	
22.9	-50.9	5.7	5.7	
-4.1	-73.0	-6.6	18.0	
-23.8	-36.1	13.1	42.6	
-18.9	-16.4	15.5	54.9	
-18.9	3.2	18.0	74.6	
-1.7	-26.3	15.5	54.9	
-18.9	-14.0	10.6	8.2	
-28.7	32.8	5.7	18.0	
-58.3	5.7	-6.6	86.9	
-46.0	0.8	15.5	121.3	
-41.0	8.2	15.5	74.6	
18.0	0.8	25.4	-31.2	
45.1	-9.1	15.5	-58.3	
84.4	18.0	8.2	-43.5	
64.7	35.2	-9.1	-80.4	
96.7	25.4	15.5	-68.1	
94.3	5.7	22.9	-53.3	
77.0	45.1	20.5	-41.0	
106.6	-18.9	25.4	-38.6	
138.5	0.8	22.9	-26.3	
150.8	-41.0	13.1	22.9	
128.7	-41.0	18.0	15.5	
148.4	-43.5	13.1	18.0	
197.6	40.1	10.6	22.9	
205.0	-6.6	5.7	20.5	
121.3	22.9	8.2	20.5	
42.6	-28.7	5.7	3.2	
25.4	-14.0	10.6	5.7	
25.4	5.7	0.8	18.0	
57.4	89.3	-1.7	50.0	
47.5	153.3	20.5	32.8	
20.5	128.7	25.4	25.4	
72.1	64.7	30.3	0.8	
143.5	-4.1	15.5	-41.0	
187.7	-55.8	13.1	-6.6	
222.2	-11.5	13.1	13.1	
123.8	-48.4	5.7	-6.6	
18.0	-21.4	-9.1	-14.0	
-105.0	20.5	-1.7	-9.1	
-173.9	-41.0	-16.4	-4.1	
-218.2	-50.9	-33.7	5.7	
-237.8	-31.2	-31.2	-6.6	
-210.8	32.8	13.1	5.7	
-191.1	54.9	13.1	30.3	
-41.0	104.1	0.8	45.1	
57.4	18.0	10.6	47.5	
64.7	0.8	8.2	5.7	
74.6	192.7	8.2	-41.0	
77.0	133.6	13.1	-16.4	
74.6	-124.7	15.5	5.7	
74.6	-21.4	-4.1	0.8	
67.2	177.9	-21.4	-4.1	
59.8	-23.8	-11.5	-21.4	
8.2	-38.6	-6.6	8.2	
18.0	62.3	-23.8	8.2	
-4.1	113.9	-16.4	3.2	
-43.5	59.8	-9.1	-11.5	
-53.3	74.6	-11.5	13.1	
18.0	-55.8	-11.5	32.8	
67.2	111.5	-9.1	27.8	
99.2	-31.2	-4.1	45.1	
86.9	106.6	-4.1	20.5	
52.4	27.8	5.7	-23.8	
59.8	111.5	-6.6	-23.8	
72.1	131.2	-4.1	3.2	
59.8	121.3	-6.6	-16.4	
57.4	143.5	-11.5	-14.0	
59.8	141.0	-4.1	-9.1	
57.4	37.7	-1.7	8.2	
35.2	-18.9	-11.5	-1.7	
-23.8	-1.7	-4.1	-14.0	
-36.1	155.8	-4.1	-9.1	
-4.1	-16.4	-21.4	5.7	
-9.1	-92.7	-28.7	5.7	
-21.4	-159.1	-36.1	0.8	
-38.6	-137.0	-26.3	-4.1	
-50.9	-191.1	-28.7	0.8	
-11.5	-210.8	-26.3	-1.7	
15.5	-191.1	3.2	-9.1	
104.1	-230.5	5.7	-9.1	
145.9	-306.7	5.7	13.1	
121.3	-402.7	18.0	8.2	
86.9	-483.8	13.1	15.5	
32.8	-417.4	13.1	52.4	
-4.1	-269.8	13.1	40.1	
-11.5	-267.4	0.8	32.8	
-41.0	-309.2	10.6	-23.8	
-73.0	-323.9	5.7	-41.0	
-107.5	-269.8	0.8	-26.3	
-114.8	-287.0	-4.1	15.5	
-107.5	-311.6	13.1	40.1	
-92.7	-264.9	5.7	45.1	
-63.2	-200.9	0.8	8.2	
-41.0	-105.0	-1.7	-14.0	
-16.4	-122.2	-1.7	13.1	
-14.0	-105.0	0.8	35.2	
-4.1	-11.5	-4.1	67.2	
3.2	15.5	-1.7	52.4	
-9.1	13.1	3.2	67.2	
-9.1	30.3	-9.1	57.4	
-23.8	91.8	-9.1	27.8	
-6.6	111.5	-1.7	10.6	
5.7	45.1	13.1	-11.5	
54.9	59.8	8.2	-33.7	
89.3	77.0	10.6	-28.7	
91.8	96.7	0.8	3.2	
84.4	111.5	5.7	22.9	
153.3	82.0	-1.7	64.7	
187.7	74.6	-4.1	79.5	
155.8	96.7	-4.1	84.4	
74.6	72.1	0.8	8.2	
10.6	104.1	-6.6	-75.5	
-23.8	10.6	8.2	-73.0	
-28.7	-358.4	-1.7	-23.8	
-33.7	-289.5	8.2	-11.5	
-33.7	-151.7	5.7	0.8	
40.1	-63.2	8.2	15.5	
77.0	57.4	10.6	27.8	
-9.1	72.1	15.5	35.2	
-6.6	138.5	25.4	25.4	
37.7	163.1	22.9	-6.6	
62.3	190.2	20.5	-28.7	
3.2	209.9	25.4	-4.1	
-38.6	153.3	22.9	-11.5	
-68.1	74.6	-1.7	-4.1	
-114.8	3.2	3.2	-1.7	
-203.4	37.7	-4.1	-6.6	
-237.8	54.9	-14.0	-4.1	
-228.0	69.7	-14.0	-11.5	
-235.4	-169.0	-14.0	10.6	
-274.7	-250.1	-18.9	27.8	
-247.7	-117.3	-14.0	35.2	
-196.0	-4.1	-6.6	30.3	
-144.4	-53.3	18.0	-6.6	
-129.6	62.3	40.1	-46.0	
-149.3	13.1	25.4	-26.3	
-164.0	57.4	32.8	-18.9	
-176.3	123.8	32.8	-4.1	
-149.3	150.8	32.8	18.0	
-73.0	153.3	22.9	52.4	
15.5	180.4	10.6	86.9	
40.1	205.0	25.4	89.3	
50.0	175.4	30.3	3.2	
42.6	212.3	18.0	-23.8	
40.1	259.1	8.2	-38.6	
37.7	168.1	0.8	-53.3	
27.8	77.0	-6.6	-14.0	
15.5	-127.1	0.8	0.8	
-4.1	185.3	0.8	10.6	
-14.0	116.4	-4.1	13.1	
-18.9	-87.8	5.7	8.2	
-21.4	-228.0	-1.7	25.4	
-31.2	-272.3	0.8	67.2	
-28.7	-355.9	-1.7	47.5	
-33.7	-338.7	8.2	45.1	
-41.0	-970.9	10.6	59.8	
-38.6	-565.0	3.2	82.0	
-33.7	-252.6	3.2	72.1	
-53.3	-105.0	3.2	-73.0	
-41.0	-252.6	5.7	-196.0	
-46.0	-186.2	10.6	-97.6	
-43.5	106.6	22.9	-55.8	
-43.5	158.2	22.9	-50.9	
-33.7	116.4	22.9	-53.3	
-55.8	163.1	13.1	-28.7	
-50.9	308.3	25.4	0.8	
-46.0	369.8	35.2	8.2	
-53.3	362.4	22.9	5.7	
-21.4	296.0	27.8	-6.6	
-21.4	227.1	32.8	-21.4	
0.8	15.5	13.1	-48.4	
15.5	-242.8	15.5	-28.7	
0.8	-1694.2	10.6	-14.0	
-14.0	-1037.3	-11.5	5.7	
-26.3	-449.4	-6.6	18.0	
-50.9	-119.8	-14.0	30.3	
-48.4	131.2	-1.7	27.8	
-48.4	271.4	-11.5	30.3	
-68.1	273.8	18.0	10.6	
-43.5	153.3	37.7	-6.6	
-50.9	234.5	35.2	10.6	
-48.4	303.4	18.0	-1.7	
-41.0	318.1	5.7	-4.1	
-38.6	359.9	10.6	5.7	
-50.9	305.8	13.1	22.9	
-41.0	22.9	13.1	15.5	
-46.0	111.5	8.2	22.9	
-58.3	214.8	5.7	35.2	
-50.9	291.1	18.0	18.0	
-55.8	303.4	5.7	45.1	
-65.6	315.7	5.7	30.3	
-63.2	313.2	5.7	13.1	
-70.6	332.9	8.2	54.9	
-48.4	259.1	10.6	67.2	
-48.4	261.5	13.1	30.3	
-63.2	259.1	10.6	-18.9	
-58.3	207.4	-4.1	-36.1	
-63.2	202.5	5.7	-53.3	
-46.0	232.0	5.7	10.6	
-48.4	155.8	3.2	50.0	
-48.4	173.0	-1.7	30.3	
-58.3	136.1	-4.1	8.2	
-46.0	111.5	-6.6	8.2	
-53.3	123.8	-4.1	-1.7	
-55.8	96.7	-1.7	-4.1	
-65.6	94.3	-18.9	-28.7	
-68.1	104.1	-6.6	-31.2	
-77.9	84.4	-9.1	3.2	
-77.9	111.5	-1.7	8.2	
-73.0	101.6	0.8	27.8	
-82.9	99.2	-4.1	45.1	
-80.4	82.0	-4.1	0.8	
-80.4	54.9	0.8	-4.1	
-77.9	74.6	3.2	13.1	
-100.1	82.0	-4.1	-6.6	
-129.6	89.3	5.7	-41.0	
-159.1	67.2	-4.1	-23.8	
-169.0	84.4	-4.1	13.1	
-166.5	50.0	10.6	54.9	
-127.1	40.1	8.2	89.3	
-80.4	27.8	13.1	121.3	
-63.2	54.9	18.0	113.9	
-1.7	62.3	15.5	25.4	
20.5	25.4	15.5	-43.5	
-1.7	74.6	25.4	-90.2	
-1.7	54.9	27.8	-63.2	
-31.2	45.1	37.7	-46.0	
-33.7	104.1	22.9	-18.9	
-53.3	72.1	18.0	5.7	
-63.2	67.2	20.5	40.1	
-60.7	69.7	3.2	13.1	
-65.6	82.0	-11.5	8.2	
-68.1	57.4	-6.6	-28.7	
-55.8	52.4	-1.7	-21.4	
-55.8	25.4	8.2	-11.5	
-70.6	-53.3	-4.1	0.8	
-65.6	-26.3	3.2	-1.7	
-75.5	-11.5	0.8	-1.7	
-77.9	13.1	13.1	-6.6	
-82.9	45.1	18.0	0.8	
-73.0	50.0	-21.4	5.7	
-97.6	104.1	-46.0	0.8	
-85.3	94.3	-4.1	-4.1	
-73.0	77.0	3.2	-1.7	
-48.4	99.2	5.7	8.2	
-48.4	126.2	13.1	3.2	
-38.6	123.8	3.2	5.7	
-43.5	-38.6	-11.5	5.7	
-33.7	212.3	-4.1	0.8	
-1.7	-14.0	-1.7	3.2	
-9.1	-28.7	-14.0	0.8	
-26.3	155.8	-11.5	8.2	
-21.4	133.6	-6.6	8.2	
-41.0	72.1	8.2	20.5	
-53.3	64.7	15.5	22.9	
-77.9	15.5	13.1	0.8	
-82.9	74.6	3.2	15.5	
-55.8	-9.1	-14.0	13.1	
-53.3	-1.7	-6.6	20.5	
-65.6	153.3	22.9	18.0	
-50.9	-46.0	20.5	52.4	
-33.7	101.6	10.6	42.6	
-14.0	89.3	0.8	-33.7	
-31.2	121.3	20.5	-50.9	
-53.3	148.4	40.1	-31.2	
-21.4	138.5	45.1	-28.7	
-82.9	128.7	42.6	5.7	
-127.1	106.6	37.7	18.0	
-139.4	101.6	32.8	-4.1	
-124.7	145.9	25.4	-43.5	
-100.1	94.3	13.1	-11.5	
-23.8	82.0	18.0	10.6	
30.3	74.6	13.1	8.2	
62.3	64.7	18.0	-6.6	
86.9	47.5	8.2	13.1	
59.8	62.3	10.6	20.5	
37.7	54.9	3.2	18.0	
15.5	72.1	5.7	62.3	
3.2	40.1	-1.7	106.6	
-28.7	86.9	0.8	131.2	
-23.8	42.6	-9.1	91.8	
-36.1	69.7	-1.7	-11.5	
-60.7	126.2	20.5	-21.4	
-70.6	106.6	5.7	-85.3	
-75.5	118.9	-6.6	-75.5	
-38.6	163.1	-4.1	-11.5	
-16.4	185.3	3.2	27.8	
10.6	232.0	5.7	50.0	
20.5	195.1	-1.7	40.1	
15.5	234.5	-1.7	0.8	
-4.1	246.8	-1.7	-75.5	
-9.1	268.9	3.2	-41.0	
22.9	214.8	10.6	20.5	
42.6	202.5	5.7	20.5	
35.2	163.1	8.2	5.7	
45.1	197.6	0.8	-6.6	
37.7	190.2	10.6	13.1	
40.1	190.2	18.0	5.7	
50.0	202.5	13.1	13.1	
40.1	268.9	8.2	3.2	
52.4	293.5	8.2	0.8	
52.4	350.1	0.8	5.7	
50.0	330.4	-6.6	-9.1	
59.8	264.0	5.7	10.6	
72.1	222.2	18.0	0.8	
72.1	190.2	8.2	8.2	
79.5	136.1	5.7	8.2	
77.0	74.6	10.6	10.6	
79.5	-26.3	-4.1	22.9	
82.0	-82.9	8.2	22.9	
94.3	-75.5	5.7	32.8	
96.7	-100.1	-1.7	13.1	
104.1	-92.7	3.2	15.5	
106.6	-90.2	-1.7	0.8	
123.8	-77.9	10.6	20.5	
133.6	-100.1	20.5	22.9	
131.2	-117.3	13.1	-4.1	
141.0	-87.8	-1.7	8.2	
145.9	-97.6	3.2	10.6	
155.8	-109.9	8.2	5.7	
173.0	-95.2	-9.1	18.0	
175.4	-53.3	-21.4	15.5	
177.9	-90.2	-16.4	32.8	
209.9	-134.5	3.2	22.9	
232.0	-176.3	3.2	42.6	
249.2	-114.8	3.2	50.0	
259.1	-107.5	0.8	79.5	
291.1	-97.6	10.6	109.0	
323.0	-95.2	0.8	116.4	
345.2	-294.4	3.2	25.4	
364.9	-92.7	-4.1	-55.8	
382.1	-36.1	0.8	-85.3	
396.8	-60.7	0.8	-63.2	
369.8	-14.0	3.2	-48.4	
369.8	-23.8	-9.1	-1.7	
350.1	-16.4	-6.6	-1.7	
362.4	18.0	5.7	-14.0	
421.4	30.3	-1.7	-6.6	
431.3	42.6	13.1	-68.1	
465.7	27.8	18.0	-50.9	
510.0	27.8	30.3	0.8	
591.2	32.8	30.3	45.1	
615.8	32.8	20.5	72.1	
650.2	54.9	15.5	54.9	
642.8	145.9	18.0	-16.4	
662.5	109.0	30.3	-46.0	
660.1	128.7	20.5	-14.0	
662.5	-161.6	22.9	3.2	
669.9	-198.5	15.5	8.2	
694.5	0.8	15.5	-31.2	
704.3	22.9	18.0	-23.8	
694.5	-63.2	22.9	10.6	
667.4	155.8	25.4	32.8	
687.1	163.1	18.0	37.7	
719.1	-73.0	22.9	30.3	
741.2	25.4	18.0	27.8	
763.4	30.3	15.5	40.1	
785.5	62.3	20.5	15.5	
792.9	-23.8	3.2	62.3	
824.9	40.1	5.7	45.1	
844.6	-114.8	8.2	35.2	
866.7	8.2	5.7	25.4	
881.5	25.4	8.2	8.2	
891.3	-14.0	8.2	35.2	
901.1	30.3	5.7	42.6	
913.4	13.1	5.7	37.7	
923.3	-1.7	8.2	20.5	
920.8	-9.1	13.1	5.7	
930.7	-28.7	8.2	-23.8	
947.9	5.7	5.7	-63.2	
938.0	10.6	0.8	-38.6	
947.9	-28.7	-4.1	-31.2	
943.0	-4.1	-6.6	-41.0	
940.5	8.2	0.8	-16.4	
933.1	-21.4	0.8	-11.5	
940.5	-41.0	3.2	3.2	
935.6	-21.4	-4.1	22.9	
928.2	3.2	10.6	5.7	
923.3	-21.4	-9.1	0.8	
908.5	-38.6	0.8	15.5	
898.7	-9.1	8.2	0.8	
898.7	-21.4	8.2	-46.0	
881.5	32.8	18.0	-18.9	
866.7	20.5	15.5	10.6	
849.5	40.1	20.5	5.7	
834.7	5.7	3.2	3.2	
820.0	-4.1	3.2	27.8	
820.0	72.1	-9.1	37.7	
805.2	25.4	-4.1	5.7	
797.8	18.0	-1.7	-16.4	
765.8	15.5	-1.7	25.4	
748.6	-16.4	3.2	20.5	
726.5	-9.1	5.7	22.9	
716.6	-18.9	13.1	30.3	
697.0	-28.7	27.8	30.3	
667.4	-21.4	35.2	40.1	
655.1	-48.4	22.9	69.7	
640.4	-16.4	20.5	104.1	
620.7	96.7	15.5	42.6	
598.6	35.2	3.2	-4.1	
574.0	-28.7	3.2	-41.0	
564.1	-41.0	8.2	-87.8	
542.0	-36.1	10.6	-127.1	
519.8	-23.8	-11.5	-70.6	
492.8	-9.1	-18.9	-58.3	
463.3	5.7	-16.4	-4.1	
451.0	8.2	-6.6	8.2	
428.8	-48.4	13.1	-9.1	
423.9	-28.7	18.0	-26.3	
409.1	-33.7	15.5	-14.0	
396.8	-36.1	10.6	-1.7	
372.2	-6.6	3.2	20.5	
352.6	-43.5	18.0	50.0	
330.4	-77.9	30.3	37.7	
328.0	-55.8	27.8	37.7	
298.4	-33.7	25.4	27.8	
296.0	-9.1	32.8	-16.4	
283.7	-46.0	27.8	47.5	
268.9	-41.0	27.8	86.9	
261.5	-43.5	25.4	82.0	
256.6	-31.2	32.8	59.8	
239.4	-4.1	30.3	-16.4	
227.1	-1.7	25.4	-33.7	
219.7	42.6	27.8	-6.6	
202.5	37.7	15.5	-16.4	
200.0	32.8	22.9	-21.4	
200.0	25.4	13.1	-38.6	
182.8	47.5	8.2	-28.7	
173.0	30.3	8.2	25.4	
160.7	62.3	-1.7	25.4	
150.8	59.8	5.7	0.8	
148.4	40.1	3.2	-14.0	
136.1	27.8	3.2	-1.7	
113.9	45.1	0.8	10.6	
106.6	27.8	-1.7	20.5	
116.4	47.5	3.2	15.5	
91.8	62.3	0.8	-4.1	
84.4	40.1	0.8	0.8	
79.5	25.4	-9.1	35.2	
67.2	30.3	-1.7	47.5	
62.3	35.2	3.2	25.4	
62.3	40.1	5.7	32.8	
50.0	47.5	0.8	8.2	
45.1	54.9	0.8	50.0	
47.5	54.9	5.7	47.5	
40.1	64.7	3.2	0.8	
32.8	45.1	13.1	-80.4	
22.9	192.7	0.8	-65.6	
10.6	150.8	3.2	0.8	
-14.0	318.1	3.2	42.6	
-21.4	64.7	22.9	64.7	
-14.0	116.4	15.5	40.1	
-6.6	355.0	0.8	27.8	
-26.3	-18.9	5.7	-4.1	
-33.7	-82.9	13.1	-14.0	
-33.7	133.6	15.5	74.6	
-43.5	54.9	22.9	79.5	
-38.6	13.1	20.5	45.1	
-46.0	72.1	25.4	-18.9	
-70.6	67.2	30.3	-58.3	
-65.6	-186.2	18.0	-46.0	
-70.6	32.8	22.9	-70.6	
-75.5	91.8	20.5	-114.8	
-70.6	54.9	20.5	-41.0	
-80.4	64.7	22.9	5.7	
-92.7	67.2	13.1	0.8	
-90.2	57.4	3.2	5.7	
-85.3	89.3	-14.0	-4.1	
-85.3	101.6	3.2	0.8	
-95.2	79.5	0.8	-4.1	
-92.7	64.7	-4.1	5.7	
-92.7	67.2	-21.4	5.7	
-82.9	69.7	-28.7	5.7	
-80.4	72.1	-11.5	18.0	
-82.9	67.2	-23.8	18.0	
-63.2	62.3	-4.1	25.4	
-70.6	69.7	8.2	22.9	
-70.6	54.9	-6.6	40.1	
-70.6	32.8	-18.9	74.6	
-68.1	47.5	-16.4	89.3	
-58.3	67.2	-11.5	62.3	
-65.6	72.1	-18.9	52.4	
-60.7	47.5	-6.6	-105.0	
-75.5	69.7	-6.6	-55.8	
-68.1	52.4	-6.6	18.0	
-53.3	79.5	-6.6	32.8	
-75.5	86.9	-1.7	20.5	
-60.7	74.6	-6.6	45.1	
-55.8	101.6	-14.0	22.9	
-68.1	64.7	-11.5	3.2	
-73.0	69.7	-16.4	25.4	
-63.2	27.8	-9.1	18.0	
-70.6	57.4	-1.7	10.6	
-65.6	35.2	8.2	-50.9	
-68.1	22.9	-1.7	-14.0	
-68.1	45.1	8.2	15.5	
-65.6	72.1	5.7	27.8	
-43.5	57.4	-6.6	50.0	
-38.6	40.1	5.7	57.4	
-38.6	69.7	-9.1	-6.6	
-48.4	22.9	-6.6	-41.0	
-43.5	35.2	0.8	-41.0	
-50.9	42.6	-6.6	0.8	
-36.1	47.5	3.2	15.5	
-31.2	62.3	0.8	22.9	
-26.3	42.6	13.1	18.0	
-14.0	32.8	20.5	15.5	
3.2	42.6	15.5	-18.9	
-4.1	69.7	20.5	-16.4	
3.2	40.1	0.8	-23.8	
-1.7	47.5	13.1	-31.2	
-9.1	82.0	25.4	0.8	
-16.4	30.3	5.7	8.2	
0.8	18.0	5.7	-6.6	
-4.1	62.3	0.8	30.3	
-9.1	15.5	-1.7	50.0	
0.8	27.8	5.7	22.9	
-6.6	35.2	8.2	-4.1	
18.0	25.4	18.0	-26.3	
27.8	0.8	3.2	-21.4	
30.3	20.5	10.6	-50.9	
30.3	42.6	3.2	-43.5	
50.0	45.1	5.7	-1.7	
69.7	72.1	0.8	30.3	
67.2	50.0	-6.6	35.2	
74.6	37.7	0.8	25.4	
77.0	37.7	3.2	8.2	
86.9	64.7	-4.1	8.2	
94.3	27.8	-14.0	18.0	
109.0	22.9	-16.4	20.5	
123.8	52.4	-1.7	62.3	
138.5	45.1	-4.1	47.5	
150.8	0.8	0.8	32.8	
187.7	18.0	3.2	15.5	
212.3	30.3	8.2	0.8	
232.0	42.6	13.1	25.4	
241.9	69.7	15.5	8.2	
249.2	10.6	30.3	-68.1	
259.1	3.2	25.4	-112.4	
259.1	20.5	25.4	-14.0	
259.1	54.9	27.8	-41.0	
256.6	22.9	25.4	-16.4	
259.1	30.3	30.3	-28.7	
268.9	0.8	20.5	-9.1	
276.3	35.2	18.0	18.0	
264.0	35.2	18.0	82.0	
278.8	77.0	15.5	94.3	
278.8	-461.7	0.8	22.9	
283.7	-127.1	5.7	-33.7	
266.5	-97.6	15.5	-36.1	
266.5	45.1	35.2	-23.8	
261.5	104.1	50.0	-28.7	
259.1	217.3	57.4	22.9	
249.2	131.2	35.2	77.0	
241.9	109.0	27.8	64.7	
227.1	-95.2	13.1	15.5	
214.8	-277.2	20.5	-28.7	
207.4	47.5	15.5	-28.7	
200.0	126.2	18.0	-23.8	
200.0	197.6	10.6	18.0	
192.7	-166.5	0.8	42.6	
190.2	84.4	-6.6	35.2	
177.9	96.7	-11.5	25.4	
182.8	99.2	-1.7	18.0	
170.5	104.1	-9.1	138.5	
190.2	94.3	5.7	195.1	
192.7	72.1	0.8	212.3	
187.7	67.2	8.2	27.8	
170.5	79.5	0.8	-105.0	
168.1	57.4	10.6	-107.5	
165.6	62.3	5.7	-18.9	
160.7	42.6	-4.1	-48.4	
141.0	45.1	-1.7	-139.4	
141.0	45.1	15.5	-139.4	
128.7	37.7	10.6	-82.9	
131.2	35.2	0.8	-48.4	
126.2	32.8	8.2	-11.5	
121.3	74.6	25.4	20.5	
96.7	42.6	13.1	-26.3	
91.8	57.4	20.5	0.8	
86.9	42.6	20.5	-23.8	
89.3	52.4	27.8	-18.9	
86.9	77.0	27.8	13.1	
101.6	82.0	25.4	35.2	
89.3	35.2	27.8	35.2	
79.5	37.7	25.4	27.8	
94.3	18.0	22.9	15.5	
94.3	50.0	13.1	18.0	
77.0	69.7	15.5	30.3	
57.4	27.8	25.4	64.7	
52.4	40.1	25.4	72.1	
45.1	50.0	27.8	67.2	
32.8	62.3	20.5	50.0	
42.6	35.2	42.6	67.2	
35.2	35.2	27.8	84.4	
50.0	20.5	20.5	91.8	
35.2	42.6	13.1	94.3	
25.4	25.4	13.1	27.8	
27.8	5.7	8.2	27.8	
30.3	22.9	5.7	-43.5	
35.2	42.6	-4.1	-58.3	
13.1	45.1	-11.5	-16.4	
10.6	40.1	-9.1	-1.7	
-4.1	52.4	-11.5	35.2	
0.8	50.0	-1.7	72.1	
5.7	59.8	-1.7	-1.7	
3.2	40.1	-21.4	-53.3	
-6.6	27.8	0.8	-36.1	
-1.7	69.7	-6.6	64.7	
13.1	25.4	-6.6	72.1	
-1.7	18.0	-1.7	-1.7	
5.7	40.1	13.1	5.7	
8.2	32.8	22.9	-85.3	
3.2	47.5	27.8	-46.0	
-4.1	22.9	13.1	-85.3	
-6.6	62.3	-6.6	-55.8	
-9.1	42.6	-1.7	-1.7	
-11.5	62.3	-4.1	-65.6	
-9.1	54.9	0.8	-16.4	
-6.6	42.6	-9.1	89.3	
-26.3	35.2	-1.7	96.7	
-14.0	64.7	8.2	91.8	
-4.1	59.8	5.7	121.3	
3.2	45.1	5.7	5.7	
5.7	64.7	18.0	-97.6	
0.8	54.9	22.9	-68.1	
-4.1	50.0	5.7	-18.9	
-1.7	40.1	13.1	77.0	
-1.7	32.8	22.9	45.1	
3.2	45.1	8.2	-156.7	
0.8	5.7	-4.1	-159.1	
5.7	25.4	0.8	-92.7	
-11.5	50.0	-16.4	-28.7	
-6.6	45.1	-16.4	-46.0	
-1.7	72.1	-9.1	-16.4	
0.8	30.3	-4.1	-48.4	
3.2	45.1	-16.4	-16.4	
37.7	40.1	-6.6	27.8	
37.7	3.2	-11.5	50.0	
35.2	13.1	-11.5	69.7	
30.3	72.1	-9.1	-11.5	
27.8	15.5	-23.8	-43.5	
3.2	22.9	-26.3	-11.5	
-9.1	42.6	-18.9	-28.7	
-9.1	-1.7	-18.9	-1.7	
-16.4	13.1	-9.1	18.0	
-26.3	57.4	-11.5	25.4	
-23.8	128.7	0.8	0.8	
-23.8	-23.8	-14.0	-23.8	
-36.1	84.4	-11.5	0.8	
-38.6	-41.0	8.2	18.0	
-41.0	20.5	-11.5	22.9	
-50.9	101.6	-9.1	30.3	
-53.3	94.3	-4.1	27.8	
-50.9	-16.4	-1.7	30.3	
-53.3	62.3	5.7	-6.6	
-58.3	13.1	15.5	-18.9	
-68.1	-87.8	35.2	-4.1	
-73.0	42.6	27.8	3.2	
-70.6	128.7	13.1	5.7	
-80.4	-235.4	5.7	0.8	
-70.6	20.5	3.2	0.8	
-80.4	37.7	-6.6	8.2	
-77.9	40.1	-16.4	-6.6	
-75.5	32.8	3.2	0.8	
-82.9	35.2	0.8	8.2	
-87.8	67.2	3.2	27.8	
-90.2	62.3	-1.7	59.8	
-75.5	40.1	3.2	64.7	
-75.5	42.6	-9.1	30.3	
-73.0	62.3	-4.1	47.5	
-70.6	57.4	-16.4	37.7	
-63.2	27.8	-6.6	52.4	
-65.6	45.1	5.7	45.1	
-73.0	40.1	22.9	32.8	
-107.5	5.7	13.1	52.4	
-124.7	10.6	27.8	8.2	
-141.9	0.8	32.8	37.7	
-154.2	-11.5	54.9	20.5	
-183.7	22.9	32.8	20.5	
-183.7	62.3	22.9	25.4	
-171.4	52.4	8.2	-16.4	
-159.1	18.0	8.2	-156.7	
-129.6	40.1	22.9	-73.0	
-92.7	50.0	22.9	-58.3	
-80.4	15.5	13.1	-38.6	
-92.7	77.0	15.5	10.6	
-95.2	15.5	20.5	45.1	
-105.0	54.9	13.1	25.4	
-80.4	37.7	-9.1	-95.2	
-75.5	72.1	18.0	-181.3	
-55.8	59.8	18.0	-200.9	
-50.9	22.9	5.7	-124.7	
-58.3	20.5	13.1	3.2	
-70.6	27.8	-4.1	168.1	
-75.5	47.5	-14.0	384.5	
-90.2	52.4	-4.1	264.0	
-141.9	37.7	-6.6	15.5	
-112.4	3.2	-6.6	82.0	
-82.9	18.0	-16.4	-1.7	
-70.6	3.2	-1.7	-220.6	
-36.1	8.2	-16.4	-102.5	
27.8	27.8	-11.5	-28.7	
69.7	45.1	-14.0	-14.0	
32.8	30.3	-6.6	15.5	
13.1	20.5	-14.0	42.6	
37.7	42.6	-18.9	69.7	
25.4	35.2	-16.4	57.4	
8.2	22.9	-9.1	32.8	
-55.8	35.2	-9.1	52.4	
-68.1	45.1	-1.7	109.0	
-77.9	27.8	0.8	62.3	
-109.9	45.1	-4.1	57.4	
-92.7	37.7	5.7	15.5	
-65.6	62.3	-1.7	-77.9	
-46.0	37.7	5.7	-48.4	
-60.7	13.1	0.8	-9.1	
-41.0	22.9	8.2	0.8	
-50.9	0.8	10.6	8.2	
-33.7	35.2	-11.5	-18.9	
-18.9	32.8	5.7	-9.1	
-43.5	15.5	13.1	13.1	
-70.6	15.5	8.2	13.1	
-82.9	27.8	8.2	8.2	
-80.4	45.1	18.0	0.8	
-95.2	20.5	13.1	0.8	
-85.3	-6.6	20.5	15.5	
-75.5	-16.4	22.9	20.5	
-68.1	20.5	0.8	3.2	
-50.9	-11.5	15.5	8.2	
-46.0	20.5	22.9	0.8	
-43.5	54.9	18.0	32.8	
-73.0	18.0	18.0	62.3	
-80.4	5.7	15.5	62.3	
-60.7	27.8	15.5	-9.1	
-82.9	27.8	13.1	-31.2	
-109.9	25.4	25.4	18.0	
-134.5	54.9	10.6	8.2	
-132.1	25.4	15.5	27.8	
-154.2	25.4	20.5	72.1	
-169.0	27.8	18.0	47.5	
-159.1	27.8	18.0	25.4	
-159.1	10.6	5.7	13.1	
-159.1	-9.1	8.2	-9.1	
-203.4	0.8	3.2	-31.2	
-225.5	35.2	0.8	-26.3	
-228.0	22.9	15.5	-14.0	
-203.4	-80.4	18.0	-28.7	
-161.6	-90.2	5.7	-38.6	
-105.0	72.1	15.5	-14.0	
-92.7	-58.3	10.6	10.6	
-46.0	173.0	10.6	18.0	
37.7	74.6	5.7	-16.4	
57.4	123.8	3.2	-4.1	
42.6	118.9	-1.7	-6.6	
18.0	-53.3	-4.1	0.8	
15.5	5.7	-4.1	-33.7	
27.8	-87.8	-9.1	-11.5	
47.5	-33.7	-11.5	20.5	
25.4	-161.6	-36.1	8.2	
-18.9	-92.7	-23.8	-41.0	
-43.5	74.6	20.5	-16.4	
-58.3	13.1	37.7	-4.1	
-68.1	45.1	32.8	0.8	
-95.2	57.4	32.8	3.2	
-122.2	42.6	25.4	40.1	
-117.3	42.6	18.0	15.5	
-132.1	-31.2	27.8	79.5	
-166.5	-9.1	18.0	77.0	
-173.9	0.8	18.0	22.9	
-196.0	18.0	3.2	-46.0	
-205.9	-9.1	-9.1	-63.2	
-220.6	-11.5	-11.5	-46.0	
-223.1	-1.7	0.8	-31.2	
-208.3	-14.0	-6.6	-43.5	
-200.9	-1.7	0.8	-21.4	
-183.7	27.8	10.6	5.7	
-181.3	-16.4	-6.6	-16.4	
-186.2	-36.1	-9.1	22.9	
-200.9	0.8	-18.9	10.6	
-200.9	-31.2	-9.1	18.0	
-193.6	-16.4	-6.6	-6.6	
-188.6	25.4	3.2	-58.3	
-181.3	0.8	-4.1	-58.3	
-210.8	-28.7	18.0	-26.3	
-228.0	-31.2	18.0	-14.0	
-228.0	-41.0	18.0	-6.6	
-210.8	-4.1	-6.6	-1.7	
-183.7	-16.4	-14.0	8.2	
-203.4	-9.1	-16.4	54.9	
-228.0	5.7	-18.9	74.6	
-225.5	-11.5	-6.6	74.6	
-196.0	-16.4	-9.1	47.5	
-203.4	-33.7	8.2	-28.7	
-213.2	-18.9	-21.4	-107.5	
-279.7	-18.9	-16.4	-68.1	
-269.8	-28.7	-4.1	-1.7	
-193.6	-41.0	15.5	5.7	
-141.9	-53.3	18.0	0.8	
-164.0	-31.2	22.9	5.7	
-132.1	-46.0	22.9	20.5	
-36.1	-21.4	20.5	5.7	
5.7	-31.2	10.6	-4.1	
0.8	-1.7	-4.1	50.0	
0.8	-21.4	15.5	74.6	
-46.0	-18.9	18.0	72.1	
-80.4	-63.2	10.6	13.1	
-117.3	-21.4	0.8	-6.6	
-169.0	-1.7	25.4	-36.1	
-193.6	-36.1	18.0	-38.6	
-225.5	-31.2	27.8	0.8	
-260.0	-31.2	20.5	-26.3	
-299.3	-23.8	15.5	-6.6	
-360.8	-18.9	10.6	-1.7	
-397.7	-23.8	13.1	-33.7	
-385.4	-50.9	22.9	-14.0	
-370.7	-6.6	18.0	50.0	
-363.3	-60.7	20.5	22.9	
-395.3	-65.6	27.8	-9.1	
-380.5	-58.3	25.4	10.6	
-358.4	-46.0	30.3	22.9	
-383.0	-23.8	18.0	-11.5	
-355.9	-102.5	-4.1	-58.3	
-363.3	-63.2	-6.6	-23.8	
-346.1	-53.3	0.8	-14.0	
-348.5	-23.8	25.4	15.5	
-375.6	-48.4	22.9	45.1	
-390.4	-48.4	13.1	62.3	
-397.7	-33.7	3.2	54.9	
-373.1	-28.7	-4.1	18.0	
-358.4	-28.7	5.7	25.4	
-346.1	-73.0	5.7	5.7	
-309.2	-50.9	-11.5	18.0	
-306.7	-33.7	5.7	35.2	
-294.4	-80.4	-4.1	42.6	
-282.1	-65.6	-6.6	35.2	
-262.4	-50.9	-14.0	47.5	
-257.5	-65.6	-4.1	13.1	
-240.3	-55.8	5.7	-87.8	
-232.9	-63.2	-1.7	-134.5	
-215.7	-77.9	3.2	-50.9	
-225.5	-63.2	3.2	50.0	
-171.4	-14.0	-1.7	30.3	
-139.4	-41.0	-6.6	-31.2	
-109.9	-50.9	-9.1	-68.1	
-112.4	-23.8	-4.1	-18.9	
-124.7	-46.0	-1.7	3.2	
-122.2	-90.2	-11.5	-14.0	
-154.2	-16.4	-6.6	0.8	
-166.5	27.8	0.8	25.4	
-203.4	-14.0	-9.1	40.1	
-198.5	84.4	-11.5	54.9	
-208.3	-43.5	-4.1	35.2	
-232.9	-14.0	-6.6	13.1	
-279.7	47.5	-1.7	15.5	
-272.3	74.6	3.2	25.4	
-287.0	45.1	-4.1	47.5	
-289.5	-63.2	-16.4	15.5	
-304.3	-16.4	-18.9	8.2	
-328.9	-33.7	8.2	-14.0	
-289.5	-85.3	-1.7	0.8	
-269.8	32.8	-4.1	8.2	
-205.9	54.9	-6.6	0.8	
-149.3	22.9	-14.0	10.6	
-119.8	45.1	-11.5	-18.9	
-77.9	47.5	5.7	-14.0	
-97.6	96.7	13.1	0.8	
-80.4	94.3	45.1	5.7	
-109.9	133.6	54.9	18.0	
-100.1	126.2	50.0	32.8	
-112.4	155.8	13.1	35.2	
-159.1	192.7	18.0	40.1	
-122.2	150.8	3.2	45.1	
-95.2	180.4	3.2	67.2	
-95.2	160.7	10.6	116.4	
-77.9	111.5	15.5	106.6	
-146.8	89.3	13.1	37.7	
-178.8	42.6	8.2	-21.4	
-220.6	42.6	0.8	-70.6	
-210.8	5.7	-4.1	-33.7	
-213.2	64.7	0.8	18.0	
-218.2	74.6	0.8	-38.6	
-149.3	45.1	-4.1	-87.8	
-124.7	-70.6	-4.1	-58.3	
-92.7	128.7	-1.7	-63.2	
-90.2	128.7	5.7	-31.2	
-75.5	332.9	-1.7	-18.9	
-117.3	310.7	8.2	-26.3	
-169.0	308.3	-14.0	0.8	
-183.7	298.4	0.8	35.2	
-124.7	202.5	0.8	20.5	
-31.2	163.1	3.2	-28.7	
0.8	416.5	0.8	-21.4	
0.8	202.5	5.7	-9.1	
-1.7	109.0	5.7	-4.1	
0.8	94.3	20.5	37.7	
5.7	-1.7	32.8	59.8	
-31.2	-4.1	15.5	57.4	
-33.7	-70.6	0.8	40.1	
-53.3	-122.2	-21.4	-6.6	
-33.7	-173.9	-11.5	10.6	
-77.9	-169.0	-23.8	37.7	
-112.4	-122.2	-18.9	77.0	
-134.5	-41.0	-4.1	37.7	
-117.3	-90.2	-1.7	-16.4	
-129.6	-129.6	18.0	-31.2	
-149.3	-159.1	3.2	-60.7	
-181.3	-156.7	-4.1	-16.4	
-186.2	-149.3	-1.7	42.6	
-173.9	-164.0	-4.1	99.2	
-178.8	-144.4	-1.7	69.7	
-151.7	-129.6	-6.6	-23.8	
-149.3	-176.3	-16.4	-75.5	
-151.7	-218.2	-16.4	-105.0	
-161.6	-232.9	-6.6	-60.7	
-159.1	-277.2	-11.5	-9.1	
-166.5	-213.2	0.8	-14.0	
-156.7	-237.8	5.7	-11.5	
-154.2	-274.7	10.6	8.2	
-161.6	-508.4	13.1	40.1	
-146.8	-456.8	22.9	50.0	
-149.3	-884.8	32.8	45.1	
-139.4	-661.0	25.4	-4.1	
-112.4	-353.5	32.8	15.5	
-114.8	-156.7	8.2	-26.3	
-87.8	-9.1	-1.7	-46.0	
-77.9	35.2	25.4	-26.3	
-82.9	175.4	25.4	-6.6	
-95.2	300.9	-4.1	-18.9	
-109.9	347.6	-6.6	-46.0	
-107.5	342.7	-4.1	-26.3	
-90.2	362.4	5.7	35.2	
-100.1	350.1	8.2	79.5	
-107.5	362.4	10.6	64.7	
-109.9	337.8	3.2	15.5	
-82.9	315.7	0.8	-48.4	
-68.1	325.5	0.8	-36.1	
-63.2	281.2	0.8	3.2	
-53.3	256.6	15.5	59.8	
-70.6	276.3	18.0	74.6	
-141.9	239.4	22.9	116.4	
-144.4	185.3	13.1	-26.3	
-139.4	200.0	27.8	-82.9	
-146.8	165.6	8.2	-6.6	
-100.1	145.9	8.2	13.1	
-21.4	128.7	8.2	59.8	
5.7	91.8	10.6	10.6	
77.0	-92.7	18.0	-95.2	
109.0	35.2	27.8	-85.3	
116.4	45.1	27.8	-33.7	
54.9	143.5	25.4	-55.8	
-4.1	8.2	35.2	-18.9	
-53.3	180.4	22.9	45.1	
-95.2	18.0	20.5	0.8	
-117.3	86.9	22.9	-48.4	
-132.1	82.0	25.4	-23.8	
-154.2	155.8	13.1	-1.7	
-171.4	232.0	8.2	13.1	
-141.9	22.9	3.2	20.5	
-114.8	109.0	18.0	18.0	
-151.7	-73.0	20.5	15.5	
-127.1	67.2	22.9	20.5	
-73.0	35.2	-1.7	-6.6	
-65.6	57.4	-4.1	-1.7	
-77.9	30.3	5.7	5.7	
-87.8	35.2	-1.7	13.1	
-58.3	42.6	-9.1	22.9	
-50.9	22.9	-14.0	18.0	
-38.6	54.9	0.8	20.5	
-68.1	74.6	15.5	27.8	
-92.7	27.8	25.4	15.5	
-82.9	64.7	25.4	13.1	
-80.4	27.8	13.1	15.5	
-82.9	47.5	15.5	15.5	
-112.4	30.3	10.6	10.6	
-154.2	57.4	15.5	8.2	
-127.1	57.4	18.0	5.7	
-117.3	62.3	8.2	25.4	
-156.7	0.8	3.2	10.6	
-176.3	45.1	13.1	-1.7	
-146.8	32.8	8.2	-18.9	
-80.4	8.2	27.8	-16.4	
5.7	-164.0	8.2	-18.9	
74.6	-159.1	-28.7	5.7	
116.4	-23.8	-28.7	15.5	
136.1	8.2	-11.5	22.9	
123.8	0.8	0.8	27.8	
96.7	62.3	5.7	22.9	
72.1	91.8	10.6	18.0	
5.7	62.3	-6.6	32.8	
-31.2	69.7	-4.1	84.4	
-50.9	104.1	3.2	128.7	
-87.8	116.4	13.1	101.6	
-117.3	148.4	15.5	37.7	
-164.0	155.8	22.9	-23.8	
-186.2	136.1	3.2	-92.7	
-127.1	86.9	3.2	-50.9	
-31.2	72.1	13.1	-63.2	
-36.1	40.1	13.1	-75.5	
-33.7	25.4	22.9	-50.9	
-9.1	18.0	13.1	-33.7	
20.5	15.5	18.0	-26.3	
79.5	32.8	5.7	27.8	
86.9	25.4	0.8	27.8	
109.0	3.2	15.5	-31.2	
84.4	-1.7	20.5	-55.8	
64.7	47.5	8.2	-21.4	
-23.8	40.1	3.2	-9.1	
-97.6	25.4	8.2	0.8	
-80.4	0.8	3.2	3.2	
-53.3	25.4	8.2	18.0	
-9.1	30.3	3.2	40.1	
32.8	35.2	-18.9	47.5	
74.6	32.8	-6.6	10.6	
52.4	-4.1	-9.1	8.2	
35.2	-28.7	0.8	30.3	
40.1	-38.6	-9.1	18.0	
22.9	32.8	-1.7	18.0	
22.9	10.6	3.2	45.1	
20.5	13.1	0.8	84.4	
40.1	32.8	-6.6	59.8	
69.7	-11.5	-9.1	27.8	
101.6	-16.4	-4.1	-16.4	
116.4	30.3	13.1	-23.8	
123.8	47.5	18.0	-21.4	
158.2	52.4	22.9	-31.2	
187.7	59.8	20.5	-53.3	
185.3	96.7	30.3	-18.9	
148.4	104.1	32.8	-28.7	
96.7	13.1	15.5	-31.2	
45.1	82.0	10.6	-4.1	
-4.1	79.5	-11.5	3.2	
-48.4	59.8	5.7	20.5	
-16.4	5.7	27.8	25.4	
-9.1	-1.7	20.5	32.8	
47.5	62.3	-14.0	27.8	
109.0	101.6	-28.7	42.6	
123.8	101.6	3.2	32.8	
138.5	94.3	30.3	45.1	
121.3	109.0	45.1	35.2	
67.2	106.6	22.9	10.6	
-11.5	50.0	18.0	-4.1	
-31.2	72.1	-14.0	13.1	
-33.7	118.9	-18.9	72.1	
47.5	104.1	10.6	111.5	
42.6	106.6	30.3	106.6	
0.8	69.7	13.1	54.9	
-16.4	300.9	5.7	-6.6	
-4.1	236.9	-6.6	-53.3	
22.9	145.9	-21.4	-80.4	
64.7	-58.3	-9.1	-43.5	
40.1	64.7	-14.0	-36.1	
20.5	293.5	-18.9	-28.7	
22.9	72.1	0.8	-6.6	
10.6	-164.0	-4.1	-14.0	
42.6	128.7	13.1	5.7	
82.0	345.2	15.5	64.7	
74.6	-11.5	15.5	30.3	
45.1	-173.9	8.2	-87.8	
67.2	45.1	13.1	-92.7	
91.8	-161.6	18.0	-58.3	
59.8	13.1	10.6	-41.0	
18.0	13.1	-4.1	-1.7	
15.5	82.0	0.8	-11.5	
67.2	-68.1	15.5	-6.6	
118.9	-60.7	15.5	-1.7	
67.2	67.2	20.5	-9.1	
20.5	69.7	27.8	-4.1	
3.2	35.2	32.8	3.2	
42.6	-6.6	22.9	20.5	
32.8	-23.8	27.8	10.6	
35.2	-18.9	22.9	-31.2	
67.2	-97.6	30.3	-31.2	
86.9	-68.1	13.1	-36.1	
72.1	-82.9	20.5	-14.0	
54.9	-53.3	-21.4	-14.0	
113.9	-70.6	-9.1	-4.1	
116.4	-132.1	-6.6	-1.7	
111.5	-124.7	-9.1	8.2	
99.2	-141.9	-9.1	10.6	
141.0	-149.3	-6.6	8.2	
165.6	-92.7	0.8	-6.6	
138.5	-112.4	0.8	8.2	
89.3	-208.3	-6.6	8.2	
20.5	-242.8	-4.1	8.2	
-26.3	-114.8	-1.7	0.8	
3.2	-82.9	-1.7	-1.7	
64.7	3.2	-11.5	0.8	
72.1	74.6	-4.1	8.2	
91.8	57.4	-6.6	5.7	
84.4	128.7	0.8	15.5	
86.9	104.1	-1.7	18.0	
89.3	74.6	0.8	18.0	
91.8	77.0	3.2	22.9	
128.7	96.7	10.6	27.8	
133.6	72.1	10.6	8.2	
118.9	54.9	8.2	10.6	
64.7	50.0	8.2	15.5	
20.5	20.5	18.0	20.5	
-11.5	37.7	20.5	10.6	
-58.3	62.3	18.0	10.6	
-95.2	45.1	18.0	8.2	
-132.1	62.3	22.9	3.2	
-164.0	74.6	22.9	20.5	
-188.6	32.8	13.1	27.8	
-196.0	3.2	-18.9	22.9	
-181.3	-4.1	-11.5	20.5	
-141.9	-46.0	-4.1	25.4	
-137.0	-68.1	8.2	37.7	
-75.5	-6.6	-4.1	32.8	
0.8	22.9	0.8	0.8	
54.9	35.2	8.2	-23.8	
86.9	72.1	-9.1	10.6	
99.2	82.0	-9.1	15.5	
175.4	69.7	0.8	8.2	
175.4	22.9	-4.1	13.1	
143.5	32.8	3.2	27.8	
72.1	52.4	5.7	37.7	
35.2	8.2	-1.7	37.7	
50.0	54.9	3.2	52.4	
89.3	64.7	3.2	5.7	
136.1	47.5	3.2	0.8	
153.3	91.8	5.7	-6.6	
190.2	59.8	10.6	18.0	
190.2	69.7	10.6	-6.6	
163.1	74.6	-4.1	-53.3	
153.3	77.0	-6.6	-31.2	
91.8	101.6	-1.7	-26.3	
-21.4	121.3	10.6	-18.9	
-129.6	82.0	18.0	-18.9	
-181.3	118.9	8.2	-11.5	
-178.8	113.9	15.5	-1.7	
-92.7	106.6	5.7	0.8	
52.4	131.2	-11.5	22.9	
118.9	106.6	-14.0	27.8	
106.6	40.1	-14.0	18.0	
121.3	25.4	-11.5	10.6	
128.7	-4.1	8.2	-4.1	
113.9	-26.3	5.7	5.7	
67.2	-43.5	15.5	32.8	
47.5	-38.6	25.4	32.8	
37.7	-16.4	25.4	0.8	
40.1	8.2	25.4	-4.1	
5.7	-6.6	-4.1	15.5	
-21.4	32.8	3.2	5.7	
-14.0	13.1	13.1	10.6	
-11.5	-21.4	22.9	18.0	
8.2	-154.2	30.3	42.6	
8.2	-33.7	35.2	99.2	
22.9	-9.1	18.0	131.2	
30.3	-41.0	30.3	52.4	
5.7	-26.3	22.9	-38.6	
13.1	207.4	22.9	-70.6	
18.0	143.5	32.8	-21.4	
15.5	168.1	35.2	20.5	
45.1	323.0	37.7	22.9	
141.0	-14.0	42.6	25.4	
145.9	-124.7	25.4	57.4	
138.5	-213.2	22.9	62.3	
145.9	-181.3	20.5	42.6	
126.2	-183.7	27.8	22.9	
113.9	-33.7	22.9	-58.3	
111.5	-38.6	20.5	-159.1	
99.2	37.7	8.2	-58.3	
64.7	-6.6	-1.7	-11.5	
57.4	5.7	0.8	3.2	
42.6	-46.0	-9.1	5.7	
20.5	-50.9	-16.4	15.5	
0.8	-18.9	-16.4	62.3	
3.2	3.2	-31.2	64.7	
25.4	18.0	-21.4	35.2	
-14.0	5.7	-11.5	22.9	
-1.7	27.8	-6.6	-31.2	
35.2	42.6	5.7	-68.1	
25.4	77.0	0.8	-21.4	
45.1	15.5	0.8	32.8	
64.7	47.5	3.2	50.0	
22.9	72.1	8.2	-11.5	
77.0	5.7	3.2	-36.1	
180.4	-31.2	20.5	-28.7	
195.1	-46.0	22.9	-46.0	
118.9	-16.4	25.4	-33.7	
69.7	-6.6	25.4	-28.7	
27.8	3.2	8.2	-9.1	
54.9	37.7	-9.1	0.8	
57.4	54.9	8.2	3.2	
59.8	82.0	13.1	-1.7	
82.0	79.5	18.0	0.8	
104.1	86.9	22.9	3.2	
99.2	91.8	15.5	-16.4	
109.0	77.0	5.7	0.8	
72.1	82.0	3.2	30.3	
37.7	62.3	5.7	30.3	
0.8	62.3	0.8	40.1	
-33.7	79.5	8.2	59.8	
-63.2	37.7	-4.1	0.8	
-60.7	-154.2	-4.1	-4.1	
-85.3	-523.2	13.1	13.1	
-68.1	-574.9	25.4	32.8	
-53.3	-444.5	20.5	37.7	
-41.0	-304.3	10.6	37.7	
-41.0	-178.8	10.6	25.4	
-68.1	-141.9	3.2	0.8	
-87.8	-63.2	8.2	13.1	
-90.2	-58.3	8.2	27.8	
-60.7	-6.6	13.1	45.1	
13.1	35.2	0.8	32.8	
59.8	47.5	-11.5	30.3	
77.0	69.7	8.2	30.3	
94.3	30.3	0.8	62.3	
82.0	84.4	0.8	72.1	
64.7	30.3	5.7	64.7	
94.3	8.2	-1.7	123.8	
145.9	-26.3	0.8	89.3	
187.7	-58.3	8.2	25.4	
241.9	-38.6	8.2	37.7	
232.0	-1.7	10.6	57.4	
212.3	-18.9	8.2	10.6	
180.4	8.2	-1.7	-6.6	
145.9	-1.7	3.2	-159.1	
141.0	-4.1	10.6	-124.7	
84.4	-9.1	-1.7	-41.0	
8.2	-124.7	3.2	3.2	
-80.4	-139.4	18.0	-6.6	
-105.0	-137.0	15.5	-26.3	
-119.8	-124.7	15.5	-9.1	
-154.2	-73.0	20.5	-1.7	
-169.0	-68.1	20.5	-11.5	
-127.1	-33.7	15.5	-14.0	
-55.8	-31.2	18.0	-28.7	
20.5	-70.6	15.5	-26.3	
64.7	-65.6	13.1	27.8	
47.5	-100.1	35.2	40.1	
8.2	-166.5	13.1	52.4	
20.5	-139.4	-18.9	32.8	
47.5	-117.3	-1.7	22.9	
96.7	-122.2	-6.6	40.1	
74.6	-186.2	0.8	32.8	
79.5	-200.9	-4.1	40.1	
50.0	-314.1	15.5	-11.5	
30.3	-387.9	15.5	-1.7	
30.3	-567.5	13.1	8.2	
8.2	-1047.2	0.8	52.4	
-58.3	-1822.1	-4.1	109.0	
-26.3	-2146.8	-11.5	0.8	
-21.4	-2060.7	-23.8	-109.9	
-6.6	-1940.2	-18.9	-109.9	
-28.7	-3187.4	-6.6	-33.7	
-31.2	-3219.4	18.0	-43.5	
-23.8	-3398.9	18.0	-23.8	
-23.8	-4665.8	5.7	-18.9	
-31.2	-4454.3	0.8	8.2	
-46.0	-3782.7	-1.7	18.0	
-43.5	-3647.4	-6.6	-16.4	
-70.6	-2569.9	10.6	-38.6	
-75.5	-1497.4	0.8	-28.7	
-70.6	-931.6	-1.7	13.1	
5.7	-301.8	-16.4	3.2	
136.1	394.4	13.1	0.8	
175.4	1061.0	35.2	-6.6	
150.8	1260.3	40.1	5.7	
126.2	1717.9	25.4	8.2	
99.2	1919.6	13.1	0.8	
104.1	1993.4	0.8	18.0	
35.2	2057.3	8.2	18.0	
-21.4	2077.0	-6.6	22.9	
-33.7	2079.5	-6.6	45.1	
-63.2	2350.1	-16.4	54.9	
-41.0	2387.0	-23.8	52.4	
40.1	2138.5	-4.1	50.0	
136.1	1922.0	-4.1	18.0	
131.2	1764.6	-6.6	35.2	
128.7	1604.7	3.2	54.9	
99.2	1513.7	-9.1	77.0	
116.4	1442.3	-4.1	40.1	
138.5	1341.5	-11.5	20.5	
116.4	1243.1	-4.1	-9.1	
145.9	1134.8	3.2	-60.7	
163.1	1058.6	-4.1	-21.4	
143.5	911.0	0.8	-28.7	
118.9	824.9	0.8	-28.7	
106.6	763.4	-1.7	-26.3	
10.6	692.0	10.6	-16.4	
-28.7	694.5	8.2	-26.3	
-77.9	655.1	5.7	0.8	
-146.8	633.0	0.8	52.4	
-191.1	633.0	-6.6	72.1	
-200.9	554.3	-9.1	74.6	
-198.5	564.1	0.8	52.4	
-183.7	534.6	5.7	-1.7	
-141.9	446.0	5.7	-60.7	
-109.9	448.5	15.5	-28.7	
-48.4	414.1	18.0	-11.5	
-55.8	414.1	15.5	-33.7	
-36.1	350.1	0.8	-46.0	
-33.7	364.9	5.7	-11.5	
-14.0	308.3	18.0	-6.6	
32.8	283.7	20.5	-21.4	
106.6	227.1	15.5	-1.7	
131.2	222.2	15.5	13.1	
116.4	286.1	-1.7	18.0	
133.6	239.4	5.7	-4.1	
153.3	177.9	20.5	-11.5	
182.8	249.2	32.8	0.8	
123.8	217.3	22.9	3.2	
111.5	219.7	25.4	15.5	
25.4	200.0	27.8	37.7	
-16.4	185.3	18.0	57.4	
-102.5	244.3	5.7	54.9	
-122.2	192.7	15.5	77.0	
-137.0	163.1	25.4	99.2	
-139.4	148.4	5.7	45.1	
-107.5	121.3	3.2	10.6	
-70.6	82.0	5.7	18.0	
-26.3	116.4	5.7	-60.7	
8.2	96.7	8.2	-73.0	
8.2	118.9	3.2	-26.3	
20.5	111.5	0.8	-28.7	
32.8	91.8	-6.6	25.4	
62.3	126.2	-1.7	15.5	
37.7	170.5	0.8	-28.7	
10.6	205.0	3.2	-21.4	
-1.7	197.6	3.2	64.7	
-46.0	148.4	-6.6	62.3	
-63.2	123.8	-4.1	22.9	
-58.3	165.6	-9.1	-16.4	
-41.0	106.6	0.8	-14.0	
-26.3	116.4	3.2	-11.5	
10.6	177.9	5.7	-11.5	
69.7	121.3	0.8	-18.9	
123.8	175.4	8.2	-73.0	
153.3	148.4	-4.1	-11.5	
128.7	133.6	8.2	20.5	
69.7	123.8	3.2	40.1	
42.6	158.2	8.2	32.8	
40.1	128.7	-9.1	35.2	
96.7	106.6	-4.1	-16.4	
116.4	155.8	13.1	-36.1	
116.4	82.0	3.2	8.2	
113.9	67.2	-16.4	-18.9	
89.3	109.0	5.7	-23.8	
40.1	99.2	3.2	13.1	
57.4	128.7	5.7	37.7	
-16.4	89.3	10.6	0.8	
-100.1	84.4	-1.7	-11.5	
-146.8	79.5	5.7	-11.5	
-181.3	89.3	35.2	-4.1	
-144.4	106.6	47.5	-21.4	
-139.4	-50.9	37.7	40.1	
-100.1	131.2	25.4	27.8	
-50.9	109.0	-1.7	18.0	
8.2	50.0	-14.0	22.9	
59.8	168.1	-4.1	22.9	
192.7	20.5	8.2	15.5	
303.4	-31.2	-11.5	0.8	
300.9	62.3	-14.0	8.2	
236.9	-23.8	-9.1	0.8	
182.8	42.6	-1.7	-1.7	
128.7	30.3	0.8	-1.7	
79.5	27.8	10.6	-6.6	
20.5	-70.6	18.0	-14.0	
20.5	25.4	27.8	5.7	
-38.6	-9.1	30.3	8.2	
-41.0	20.5	40.1	-9.1	
3.2	10.6	40.1	-6.6	
-14.0	25.4	30.3	8.2	
27.8	30.3	15.5	13.1	
27.8	40.1	3.2	8.2	
13.1	47.5	3.2	22.9	
-14.0	0.8	3.2	42.6	
-36.1	15.5	-11.5	57.4	
-63.2	25.4	0.8	82.0	
-102.5	0.8	0.8	52.4	
-114.8	25.4	13.1	62.3	
-169.0	8.2	25.4	20.5	
-191.1	-36.1	13.1	-9.1	
-164.0	5.7	18.0	-63.2	
-141.9	0.8	27.8	18.0	
-137.0	-16.4	25.4	0.8	
-109.9	10.6	32.8	40.1	
-85.3	5.7	20.5	8.2	
-75.5	22.9	3.2	-38.6	
-60.7	22.9	13.1	-60.7	
-4.1	10.6	20.5	-18.9	
32.8	-16.4	18.0	15.5	
72.1	-26.3	30.3	27.8	
84.4	-9.1	25.4	-21.4	
54.9	10.6	25.4	-75.5	
42.6	37.7	22.9	-36.1	
40.1	15.5	22.9	-9.1	
37.7	22.9	20.5	-6.6	
-26.3	25.4	20.5	-11.5	
-60.7	8.2	15.5	8.2	
-117.3	-11.5	18.0	25.4	
-127.1	-9.1	-1.7	94.3	
-85.3	8.2	-11.5	84.4	
-65.6	13.1	-6.6	59.8	
-26.3	0.8	3.2	-63.2	
25.4	-46.0	-4.1	-23.8	
27.8	-38.6	-1.7	-63.2	
10.6	-33.7	5.7	-65.6	
35.2	-28.7	-6.6	-48.4	
32.8	-9.1	5.7	-14.0	
37.7	-53.3	-18.9	-26.3	
37.7	-1.7	-6.6	-53.3	
54.9	-14.0	-1.7	-33.7	
121.3	8.2	-1.7	-6.6	
170.5	37.7	5.7	32.8	
123.8	40.1	15.5	72.1	
94.3	3.2	5.7	64.7	
94.3	42.6	-1.7	52.4	
96.7	35.2	-21.4	8.2	
141.0	40.1	-28.7	-46.0	
143.5	52.4	-11.5	8.2	
91.8	32.8	-28.7	-28.7	
18.0	82.0	-41.0	-23.8	
20.5	27.8	-26.3	8.2	
77.0	47.5	-6.6	-9.1	
111.5	50.0	18.0	-23.8	
99.2	64.7	32.8	-11.5	
57.4	69.7	32.8	-4.1	
15.5	13.1	40.1	-6.6	
-18.9	40.1	27.8	-11.5	
-28.7	50.0	20.5	-4.1	
-33.7	54.9	18.0	10.6	
-21.4	59.8	10.6	15.5	
-14.0	35.2	3.2	30.3	
0.8	13.1	0.8	52.4	
47.5	45.1	-6.6	74.6	
5.7	-9.1	-9.1	47.5	
-60.7	-11.5	-4.1	57.4	
-60.7	15.5	0.8	25.4	
-63.2	22.9	-9.1	-28.7	
-46.0	-1.7	-6.6	-60.7	
-4.1	-4.1	0.8	-21.4	
25.4	47.5	18.0	-31.2	
27.8	-9.1	8.2	-33.7	
18.0	-14.0	10.6	-14.0	
15.5	-21.4	25.4	-9.1	
-9.1	3.2	22.9	-14.0	
-36.1	25.4	13.1	-18.9	
-63.2	22.9	8.2	-1.7	
-46.0	5.7	10.6	3.2	
-9.1	52.4	0.8	3.2	
10.6	-6.6	-4.1	5.7	
35.2	45.1	-6.6	32.8	
89.3	30.3	-6.6	72.1	
96.7	-21.4	8.2	57.4	
101.6	50.0	-9.1	-14.0	
89.3	200.0	5.7	-41.0	
62.3	69.7	0.8	13.1	
-1.7	168.1	-1.7	-4.1	
-48.4	217.3	0.8	-9.1	
-73.0	200.0	18.0	-11.5	
-68.1	5.7	35.2	-6.6	
-9.1	77.0	22.9	13.1	
-14.0	47.5	-9.1	35.2	
-75.5	126.2	-31.2	35.2	
-97.6	-149.3	-16.4	27.8	
-70.6	30.3	0.8	5.7	
-31.2	-97.6	3.2	3.2	
42.6	25.4	-11.5	37.7	
123.8	74.6	-16.4	52.4	
209.9	64.7	-1.7	3.2	
281.2	30.3	-9.1	-28.7	
212.3	74.6	5.7	3.2	
143.5	62.3	8.2	35.2	
94.3	64.7	-1.7	37.7	
42.6	50.0	10.6	22.9	
-21.4	27.8	0.8	32.8	
-43.5	57.4	-1.7	91.8	
-58.3	82.0	-1.7	50.0	
-75.5	74.6	-1.7	-38.6	
-77.9	30.3	-4.1	-43.5	
-82.9	62.3	0.8	-82.9	
-100.1	45.1	-4.1	8.2	
-80.4	32.8	-1.7	74.6	
-63.2	35.2	0.8	84.4	
-55.8	30.3	-9.1	101.6	
-23.8	57.4	5.7	-31.2	
54.9	69.7	-16.4	-38.6	
69.7	64.7	10.6	-65.6	
69.7	42.6	13.1	-87.8	
69.7	82.0	18.0	-85.3	
118.9	30.3	20.5	-41.0	
94.3	45.1	5.7	-33.7	
50.0	82.0	15.5	-36.1	
42.6	50.0	13.1	-23.8	
47.5	79.5	20.5	-9.1	
52.4	64.7	20.5	5.7	
111.5	25.4	25.4	18.0	
109.0	15.5	8.2	-1.7	
89.3	20.5	-9.1	-4.1	
72.1	72.1	0.8	-16.4	
8.2	72.1	-21.4	-16.4	
-58.3	47.5	-16.4	0.8	
-95.2	59.8	-11.5	0.8	
-85.3	69.7	-1.7	-1.7	
-82.9	15.5	-4.1	10.6	
-55.8	50.0	-26.3	3.2	
-18.9	57.4	-31.2	-14.0	
-1.7	42.6	-6.6	0.8	
3.2	54.9	5.7	15.5	
-16.4	42.6	-4.1	32.8	
-21.4	67.2	-1.7	18.0	
-4.1	47.5	-6.6	20.5	
5.7	69.7	-1.7	25.4	
32.8	52.4	3.2	-26.3	
64.7	40.1	10.6	-6.6	
45.1	45.1	13.1	59.8	
30.3	84.4	22.9	94.3	
-9.1	52.4	30.3	74.6	
-1.7	18.0	15.5	89.3	
-41.0	67.2	3.2	47.5	
-85.3	18.0	-1.7	-36.1	
-85.3	18.0	5.7	-149.3	
-92.7	20.5	3.2	-36.1	
-82.9	22.9	15.5	-60.7	
-50.9	-11.5	8.2	-38.6	
-36.1	-18.9	-1.7	-14.0	
-46.0	32.8	10.6	13.1	
-65.6	30.3	5.7	79.5	
-68.1	20.5	5.7	79.5	
-75.5	47.5	0.8	25.4	
-65.6	40.1	0.8	-50.9	
-50.9	25.4	3.2	-70.6	
-36.1	8.2	0.8	-18.9	
-26.3	5.7	5.7	3.2	
-14.0	30.3	20.5	25.4	
-16.4	52.4	18.0	94.3	
-11.5	40.1	8.2	116.4	
-18.9	5.7	0.8	109.0	
-4.1	0.8	18.0	52.4	
0.8	-18.9	3.2	74.6	
5.7	3.2	13.1	-28.7	
42.6	13.1	15.5	-141.9	
84.4	22.9	13.1	-33.7	
145.9	-1.7	20.5	3.2	
141.0	-14.0	18.0	-80.4	
99.2	-80.4	5.7	-107.5	
77.0	27.8	-14.0	-50.9	
67.2	45.1	-1.7	3.2	
67.2	72.1	0.8	22.9	
59.8	74.6	15.5	13.1	
74.6	47.5	18.0	18.0	
79.5	45.1	-18.9	27.8	
94.3	50.0	-48.4	13.1	
94.3	-269.8	0.8	-21.4	
79.5	-200.9	47.5	-21.4	
40.1	79.5	57.4	-6.6	
25.4	52.4	42.6	-14.0	
30.3	74.6	42.6	-4.1	
5.7	239.4	42.6	0.8	
0.8	182.8	35.2	13.1	
8.2	64.7	25.4	13.1	
0.8	131.2	10.6	8.2	
-97.6	-213.2	8.2	-9.1	
-127.1	-132.1	0.8	-16.4	
-171.4	-21.4	13.1	-11.5	
-191.1	163.1	-9.1	-6.6	
-161.6	-97.6	-28.7	5.7	
-159.1	69.7	-18.9	18.0	
-191.1	32.8	25.4	40.1	
-159.1	-4.1	40.1	15.5	
-75.5	3.2	18.0	5.7	
-55.8	5.7	27.8	13.1	
-129.6	-4.1	-16.4	-4.1	
-169.0	3.2	-41.0	0.8	
-95.2	59.8	-36.1	-1.7	
-46.0	13.1	-14.0	0.8	
8.2	18.0	-4.1	10.6	
15.5	-48.4	-1.7	8.2	
37.7	-4.1	8.2	8.2	
54.9	-26.3	0.8	10.6	
57.4	-23.8	-1.7	22.9	
57.4	-1.7	-9.1	77.0	
62.3	-26.3	-1.7	54.9	
52.4	-18.9	-4.1	37.7	
20.5	-58.3	-4.1	27.8	
-18.9	-43.5	-11.5	35.2	
-14.0	8.2	-4.1	-1.7	
-26.3	-33.7	-6.6	0.8	
-46.0	-33.7	-6.6	10.6	
-53.3	-11.5	10.6	-80.4	
-4.1	5.7	0.8	-124.7	
8.2	27.8	3.2	-58.3	
-1.7	37.7	10.6	-28.7	
35.2	27.8	10.6	-6.6	
62.3	52.4	3.2	18.0	
37.7	37.7	0.8	25.4	
-9.1	-1.7	-1.7	-4.1	
-50.9	18.0	-1.7	-16.4	
-68.1	-4.1	-4.1	-9.1	
-90.2	57.4	-9.1	3.2	
-70.6	15.5	5.7	-14.0	
13.1	50.0	0.8	10.6	
20.5	-16.4	8.2	-16.4	
0.8	13.1	10.6	-6.6	
-9.1	-38.6	18.0	15.5	
59.8	37.7	20.5	10.6	
116.4	37.7	18.0	-9.1	
106.6	5.7	27.8	-18.9	
77.0	13.1	20.5	-26.3	
94.3	32.8	27.8	-36.1	
77.0	40.1	22.9	-21.4	
27.8	32.8	22.9	3.2	
22.9	82.0	5.7	8.2	
-9.1	22.9	5.7	8.2	
-63.2	40.1	-9.1	10.6	
-102.5	50.0	0.8	5.7	
-90.2	64.7	-4.1	5.7	
-75.5	84.4	-1.7	5.7	
0.8	-6.6	-11.5	15.5	
59.8	-28.7	-4.1	5.7	
59.8	25.4	30.3	8.2	
79.5	40.1	40.1	10.6	
136.1	20.5	15.5	15.5	
163.1	64.7	10.6	40.1	
133.6	47.5	3.2	45.1	
57.4	54.9	-4.1	35.2	
15.5	18.0	-4.1	13.1	
-28.7	20.5	0.8	15.5	
-82.9	40.1	15.5	10.6	
-77.9	20.5	30.3	0.8	
-58.3	84.4	25.4	25.4	
-58.3	84.4	10.6	22.9	
-36.1	42.6	10.6	-43.5	
-43.5	25.4	22.9	5.7	
-26.3	45.1	18.0	45.1	
-11.5	-1.7	30.3	82.0	
-26.3	-21.4	30.3	45.1	
-50.9	72.1	27.8	-6.6	
-60.7	40.1	18.0	54.9	
-92.7	45.1	13.1	111.5	
-80.4	50.0	27.8	104.1	
-87.8	18.0	0.8	15.5	
-109.9	13.1	-6.6	-92.7	
-139.4	15.5	-9.1	-151.7	
-132.1	27.8	20.5	-105.0	
-139.4	5.7	8.2	-77.9	
-154.2	47.5	-6.6	-65.6	
-129.6	-4.1	-6.6	-38.6	
-95.2	20.5	-6.6	-36.1	
-85.3	42.6	0.8	-16.4	
-65.6	40.1	15.5	-4.1	
-43.5	30.3	20.5	-1.7	
-50.9	-6.6	-4.1	3.2	
-41.0	113.9	0.8	5.7	
-36.1	-134.5	30.3	0.8	
-36.1	-156.7	27.8	-14.0	
-33.7	-21.4	3.2	5.7	
-31.2	20.5	-23.8	0.8	
-11.5	136.1	-6.6	-9.1	
27.8	-1.7	-26.3	0.8	
35.2	74.6	-11.5	8.2	
18.0	50.0	15.5	22.9	
3.2	64.7	25.4	15.5	
-1.7	-31.2	22.9	37.7	
0.8	8.2	22.9	32.8	
-58.3	64.7	20.5	30.3	
-85.3	-92.7	22.9	45.1	
-119.8	57.4	15.5	69.7	
-129.6	42.6	8.2	141.0	
-124.7	25.4	3.2	136.1	
-119.8	32.8	8.2	67.2	
-87.8	20.5	20.5	-33.7	
-28.7	13.1	15.5	-132.1	
-18.9	32.8	3.2	-114.8	
-38.6	57.4	-1.7	-77.9	
-18.9	45.1	-4.1	-38.6	
22.9	42.6	-11.5	-36.1	
47.5	37.7	-6.6	0.8	
84.4	40.1	-11.5	5.7	
77.0	40.1	-11.5	13.1	
-23.8	35.2	-9.1	8.2	
-119.8	57.4	-4.1	-1.7	
-203.4	45.1	-4.1	-9.1	
-237.8	8.2	-9.1	5.7	
-247.7	0.8	5.7	8.2	
-242.8	-11.5	0.8	18.0	
-188.6	13.1	18.0	22.9	
-127.1	40.1	20.5	3.2	
-90.2	13.1	27.8	-1.7	
-82.9	8.2	50.0	10.6	
-55.8	3.2	40.1	0.8	
-48.4	3.2	42.6	0.8	
-41.0	5.7	32.8	-1.7	
-14.0	-4.1	32.8	0.8	
13.1	45.1	18.0	-4.1	
-31.2	5.7	-4.1	-14.0	
-43.5	10.6	-18.9	-1.7	
-43.5	20.5	-4.1	-11.5	
-41.0	18.0	-1.7	-6.6	
-33.7	22.9	8.2	-11.5	
-21.4	-21.4	-14.0	5.7	
-36.1	3.2	-18.9	-1.7	
-43.5	10.6	-16.4	3.2	
-73.0	25.4	8.2	-1.7	
-80.4	13.1	20.5	3.2	
-90.2	5.7	8.2	5.7	
-50.9	45.1	3.2	-1.7	
-85.3	62.3	5.7	-9.1	
-134.5	27.8	13.1	8.2	
-161.6	37.7	3.2	42.6	
-173.9	47.5	-4.1	37.7	
-186.2	22.9	3.2	15.5	
-193.6	32.8	-4.1	20.5	
-183.7	37.7	3.2	3.2	
-164.0	-4.1	-14.0	-11.5	
-132.1	8.2	-11.5	-48.4	
-124.7	-6.6	-18.9	-50.9	
-122.2	-9.1	-14.0	-6.6	
-117.3	-80.4	5.7	18.0	
-119.8	5.7	-9.1	27.8	
-137.0	-18.9	-14.0	22.9	
-134.5	-11.5	13.1	18.0	
-117.3	3.2	20.5	25.4	
-117.3	8.2	13.1	3.2	
-122.2	-14.0	-14.0	22.9	
-114.8	-36.1	-11.5	35.2	
-77.9	27.8	-9.1	27.8	
-46.0	-11.5	-4.1	22.9	
-38.6	0.8	3.2	-23.8	
-43.5	20.5	-1.7	-14.0	
-65.6	22.9	-14.0	20.5	
-82.9	27.8	-6.6	22.9	
-92.7	64.7	-4.1	18.0	
-107.5	54.9	-9.1	32.8	
-102.5	32.8	-9.1	-23.8	
-107.5	-18.9	-14.0	-38.6	
-107.5	-1.7	-1.7	-1.7	
-127.1	13.1	-1.7	-11.5	
-156.7	45.1	8.2	-23.8	
-164.0	8.2	5.7	0.8	
-173.9	37.7	13.1	-1.7	
-169.0	25.4	22.9	-14.0	
-156.7	5.7	15.5	10.6	
-134.5	-6.6	25.4	40.1	
-109.9	0.8	32.8	-6.6	
-119.8	-26.3	27.8	-68.1	
-144.4	-9.1	27.8	-38.6	
-139.4	25.4	35.2	10.6	
-97.6	40.1	35.2	22.9	
-23.8	32.8	22.9	32.8	
42.6	64.7	20.5	32.8	
40.1	47.5	20.5	45.1	
42.6	25.4	35.2	40.1	
50.0	-198.5	35.2	27.8	
62.3	-215.7	22.9	32.8	
69.7	40.1	8.2	30.3	
50.0	-90.2	-4.1	-16.4	
27.8	54.9	22.9	-16.4	
42.6	234.5	42.6	-4.1	
59.8	-262.4	64.7	-9.1	
27.8	64.7	30.3	-9.1	
40.1	8.2	0.8	-14.0	
40.1	89.3	-6.6	-6.6	
45.1	42.6	-16.4	0.8	
45.1	-23.8	-21.4	-16.4	
52.4	236.9	-16.4	-6.6	
13.1	-75.5	-6.6	0.8	
20.5	13.1	22.9	-4.1	
8.2	52.4	32.8	0.8	
-26.3	72.1	27.8	3.2	
-55.8	62.3	27.8	-6.6	
-63.2	47.5	15.5	-4.1	
-73.0	22.9	-6.6	5.7	
-58.3	57.4	-16.4	0.8	
-48.4	59.8	-21.4	5.7	
-53.3	10.6	-16.4	-4.1	
-50.9	27.8	-21.4	5.7	
-60.7	27.8	-16.4	3.2	
-23.8	59.8	-23.8	5.7	
-1.7	52.4	-16.4	25.4	
22.9	40.1	-11.5	22.9	
8.2	3.2	-9.1	27.8	
-18.9	40.1	-9.1	3.2	
-23.8	45.1	0.8	-4.1	
-16.4	-6.6	3.2	-4.1	
-14.0	35.2	3.2	0.8	
5.7	37.7	0.8	0.8	
45.1	22.9	-4.1	5.7	
62.3	30.3	13.1	8.2	
72.1	25.4	3.2	13.1	
84.4	15.5	-1.7	32.8	
96.7	15.5	8.2	27.8	
94.3	42.6	10.6	10.6	
118.9	52.4	5.7	-36.1	
79.5	13.1	0.8	-16.4	
45.1	20.5	8.2	-4.1	
-18.9	-1.7	10.6	8.2	
-43.5	0.8	5.7	18.0	
-41.0	5.7	0.8	32.8	
-9.1	25.4	-1.7	20.5	
-23.8	0.8	13.1	15.5	
3.2	45.1	15.5	25.4	
27.8	32.8	10.6	25.4	
62.3	-1.7	8.2	-21.4	
47.5	-1.7	3.2	-23.8	
52.4	3.2	8.2	-9.1	
30.3	37.7	0.8	-31.2	
22.9	32.8	-1.7	-21.4	
3.2	13.1	5.7	-1.7	
-43.5	30.3	8.2	-4.1	
-53.3	54.9	5.7	-14.0	
-16.4	30.3	5.7	20.5	
-33.7	77.0	10.6	20.5	
-11.5	32.8	0.8	20.5	
-6.6	42.6	0.8	-9.1	
-18.9	37.7	10.6	-26.3	
13.1	77.0	0.8	-21.4	
30.3	47.5	-6.6	-4.1	
42.6	20.5	-6.6	10.6	
30.3	10.6	5.7	13.1	
50.0	40.1	-1.7	22.9	
59.8	42.6	-1.7	18.0	
52.4	42.6	-4.1	22.9	
30.3	67.2	-1.7	20.5	
0.8	5.7	-4.1	22.9	
-16.4	-26.3	8.2	13.1	
-11.5	27.8	10.6	13.1	
25.4	-1.7	10.6	18.0	
79.5	10.6	5.7	13.1	
79.5	22.9	3.2	27.8	
89.3	27.8	0.8	20.5	
101.6	37.7	-4.1	32.8	
104.1	0.8	-1.7	42.6	
74.6	-23.8	-14.0	37.7	
32.8	32.8	-18.9	3.2	
42.6	15.5	-18.9	-46.0	
72.1	18.0	-9.1	-33.7	
91.8	18.0	18.0	5.7	
143.5	3.2	30.3	35.2	
170.5	47.5	20.5	3.2	
143.5	42.6	5.7	-28.7	
141.0	45.1	0.8	-58.3	
113.9	37.7	0.8	-18.9	
59.8	-9.1	18.0	27.8	
13.1	-9.1	3.2	54.9	
-31.2	-11.5	-9.1	5.7	
-60.7	-58.3	-4.1	-53.3	
-43.5	-43.5	-16.4	-23.8	
-28.7	5.7	-11.5	-1.7	
0.8	8.2	-16.4	32.8	
10.6	32.8	-1.7	37.7	
-21.4	45.1	8.2	3.2	
-16.4	37.7	5.7	-43.5	
-1.7	-26.3	8.2	-36.1	
-21.4	69.7	8.2	5.7	
-31.2	18.0	3.2	13.1	
-1.7	113.9	-9.1	40.1	
45.1	116.4	-1.7	30.3	
96.7	69.7	-9.1	35.2	
84.4	337.8	0.8	13.1	
18.0	77.0	3.2	-9.1	
15.5	-63.2	-4.1	37.7	
0.8	-134.5	-11.5	54.9	
-11.5	18.0	-14.0	-11.5	
5.7	25.4	-21.4	-33.7	
20.5	-23.8	-16.4	-80.4	
54.9	-75.5	5.7	-31.2	
59.8	47.5	15.5	-50.9	
57.4	40.1	27.8	-1.7	
54.9	69.7	25.4	37.7	
79.5	62.3	25.4	37.7	
67.2	50.0	15.5	-36.1	
42.6	-11.5	20.5	-21.4	
15.5	27.8	15.5	8.2	
-4.1	20.5	22.9	20.5	
0.8	20.5	15.5	30.3	
-6.6	42.6	8.2	25.4	
-26.3	64.7	5.7	13.1	
-21.4	20.5	5.7	20.5	
3.2	69.7	-16.4	13.1	
18.0	35.2	-9.1	3.2	
37.7	42.6	0.8	10.6	
47.5	32.8	15.5	22.9	
89.3	-6.6	20.5	25.4	
96.7	22.9	22.9	-4.1	
89.3	18.0	15.5	3.2	
62.3	3.2	22.9	10.6	
79.5	25.4	35.2	8.2	
59.8	35.2	40.1	18.0	
52.4	42.6	45.1	22.9	
45.1	45.1	37.7	18.0	
37.7	45.1	18.0	22.9	
37.7	35.2	18.0	25.4	
42.6	35.2	8.2	25.4	
50.0	59.8	-11.5	22.9	
37.7	27.8	-9.1	18.0	
18.0	45.1	5.7	20.5	
18.0	42.6	0.8	27.8	
52.4	30.3	-4.1	50.0	
74.6	40.1	-1.7	82.0	
96.7	27.8	5.7	69.7	
116.4	27.8	3.2	25.4	
123.8	45.1	-4.1	18.0	
145.9	67.2	15.5	15.5	
141.0	8.2	15.5	67.2	
118.9	10.6	13.1	10.6	
91.8	32.8	5.7	0.8	
57.4	15.5	10.6	3.2	
45.1	79.5	8.2	-60.7	
30.3	74.6	3.2	-58.3	
45.1	30.3	0.8	-9.1	
52.4	22.9	15.5	35.2	
67.2	42.6	10.6	42.6	
79.5	13.1	-6.6	27.8	
173.0	62.3	-9.1	-21.4	
293.5	30.3	-4.1	0.8	
278.8	10.6	-9.1	-9.1	
234.5	13.1	-6.6	27.8	
177.9	25.4	-1.7	10.6	
143.5	42.6	3.2	-63.2	
94.3	45.1	10.6	8.2	
91.8	27.8	15.5	25.4	
96.7	74.6	13.1	-85.3	
82.0	27.8	18.0	-97.6	
82.0	-1.7	13.1	-36.1	
99.2	45.1	8.2	-4.1	
131.2	35.2	-4.1	3.2	
118.9	-1.7	-1.7	15.5	
133.6	13.1	-1.7	15.5	
153.3	67.2	15.5	5.7	
168.1	69.7	10.6	-4.1	
165.6	25.4	-6.6	5.7	
133.6	22.9	-16.4	18.0	
111.5	35.2	-9.1	37.7	
101.6	57.4	10.6	47.5	
109.0	47.5	22.9	32.8	
101.6	47.5	20.5	-70.6	
89.3	79.5	27.8	-26.3	
91.8	10.6	35.2	3.2	
86.9	20.5	3.2	50.0	
79.5	22.9	-14.0	84.4	
67.2	25.4	-9.1	52.4	
67.2	42.6	-9.1	45.1	
18.0	30.3	0.8	10.6	
3.2	-21.4	5.7	-14.0	
5.7	13.1	-1.7	8.2	
8.2	13.1	15.5	-1.7	
-18.9	45.1	35.2	-18.9	
-6.6	37.7	22.9	-63.2	
0.8	52.4	22.9	-48.4	
-1.7	64.7	20.5	-68.1	
25.4	18.0	18.0	-26.3	
59.8	42.6	22.9	62.3	
91.8	77.0	30.3	72.1	
74.6	94.3	20.5	3.2	
32.8	45.1	10.6	-43.5	
42.6	-102.5	8.2	-16.4	
50.0	-117.3	8.2	18.0	
42.6	-11.5	5.7	89.3	
40.1	-18.9	22.9	116.4	
62.3	-21.4	-4.1	8.2	
77.0	13.1	-9.1	-48.4	
91.8	-9.1	-18.9	-4.1	
50.0	-33.7	5.7	-18.9	
-4.1	45.1	18.0	-85.3	
-16.4	-4.1	15.5	-68.1	
32.8	-161.6	18.0	-63.2	
64.7	42.6	40.1	-9.1	
101.6	54.9	20.5	10.6	
131.2	82.0	0.8	10.6	
123.8	79.5	-21.4	45.1	
74.6	96.7	-6.6	67.2	
32.8	59.8	5.7	15.5	
-36.1	89.3	20.5	27.8	
-41.0	64.7	25.4	52.4	
-41.0	37.7	27.8	37.7	
-46.0	47.5	25.4	-4.1	
-41.0	42.6	8.2	-80.4	
-38.6	25.4	5.7	-9.1	
-53.3	69.7	8.2	10.6	
-90.2	22.9	25.4	22.9	
-95.2	35.2	15.5	-11.5	
-70.6	18.0	15.5	-28.7	
-73.0	20.5	0.8	-1.7	
-33.7	42.6	-9.1	3.2	
-31.2	30.3	-11.5	-4.1	
74.6	64.7	18.0	-4.1	
136.1	40.1	25.4	-6.6	
126.2	57.4	-1.7	3.2	
104.1	67.2	0.8	-1.7	
158.2	13.1	18.0	3.2	
175.4	27.8	32.8	18.0	
187.7	22.9	37.7	13.1	
185.3	27.8	22.9	5.7	
187.7	47.5	-4.1	13.1	
148.4	64.7	3.2	32.8	
99.2	57.4	15.5	54.9	
59.8	22.9	27.8	72.1	
54.9	47.5	15.5	47.5	
54.9	54.9	8.2	22.9	
37.7	59.8	0.8	22.9	
47.5	57.4	13.1	84.4	
69.7	15.5	10.6	123.8	
52.4	37.7	5.7	72.1	
52.4	8.2	-4.1	20.5	
47.5	8.2	3.2	-36.1	
42.6	13.1	-14.0	-97.6	
69.7	13.1	-6.6	-9.1	
86.9	42.6	-6.6	-100.1	
99.2	25.4	-4.1	-46.0	
89.3	18.0	-6.6	-53.3	
128.7	3.2	-16.4	-102.5	
148.4	45.1	3.2	-92.7	
165.6	52.4	-6.6	-31.2	
141.0	13.1	-1.7	-18.9	
170.5	22.9	-6.6	-4.1	
165.6	15.5	-9.1	45.1	
123.8	25.4	-14.0	10.6	
113.9	5.7	-14.0	-38.6	
141.0	18.0	-1.7	-18.9	
126.2	0.8	15.5	-31.2	
113.9	40.1	13.1	-31.2	
101.6	15.5	5.7	8.2	
113.9	50.0	5.7	64.7	
94.3	20.5	42.6	77.0	
123.8	35.2	18.0	25.4	
109.0	22.9	-9.1	-36.1	
99.2	22.9	-1.7	-9.1	
99.2	52.4	13.1	37.7	
67.2	47.5	0.8	52.4	
0.8	52.4	-1.7	47.5	
-9.1	40.1	0.8	37.7	
-4.1	25.4	-1.7	-21.4	
-23.8	35.2	5.7	-11.5	
-36.1	37.7	3.2	-21.4	
5.7	62.3	10.6	-55.8	
96.7	42.6	3.2	20.5	
89.3	40.1	-1.7	47.5	
84.4	47.5	5.7	54.9	
72.1	42.6	10.6	0.8	
32.8	25.4	18.0	-63.2	
27.8	18.0	22.9	-31.2	
30.3	-1.7	0.8	0.8	
-36.1	32.8	8.2	40.1	
-68.1	47.5	-1.7	37.7	
-82.9	54.9	0.8	40.1	
-112.4	37.7	-4.1	-1.7	
-92.7	40.1	-31.2	-1.7	
-112.4	42.6	-14.0	-1.7	
-139.4	50.0	-6.6	3.2	
-159.1	8.2	-1.7	5.7	
-188.6	37.7	-1.7	18.0	
-141.9	22.9	3.2	72.1	
-97.6	163.1	10.6	99.2	
-70.6	99.2	8.2	77.0	
-36.1	57.4	13.1	-16.4	
-1.7	-105.0	10.6	-38.6	
-9.1	-144.4	-4.1	-53.3	
0.8	22.9	3.2	-9.1	
-21.4	106.6	-4.1	40.1	
0.8	86.9	-4.1	22.9	
37.7	-139.4	-4.1	3.2	
40.1	59.8	-1.7	20.5	
-4.1	-87.8	13.1	45.1	
-36.1	-53.3	13.1	-41.0	
-65.6	15.5	22.9	-53.3	
-70.6	-149.3	22.9	25.4	
-31.2	-16.4	10.6	64.7	
22.9	59.8	8.2	32.8	
42.6	20.5	0.8	-68.1	
25.4	35.2	-6.6	-129.6	
40.1	35.2	-16.4	-53.3	
64.7	47.5	-14.0	-21.4	
109.0	15.5	-11.5	-48.4	
89.3	40.1	-14.0	-16.4	
37.7	22.9	-16.4	-11.5	
-16.4	22.9	-14.0	-1.7	
5.7	30.3	-4.1	-1.7	
13.1	32.8	-1.7	8.2	
0.8	-1.7	-9.1	5.7	
25.4	27.8	-23.8	5.7	
37.7	8.2	-21.4	30.3	
54.9	45.1	-14.0	35.2	
69.7	13.1	-9.1	54.9	
138.5	50.0	-9.1	18.0	
145.9	47.5	-14.0	-36.1	
116.4	32.8	-11.5	-6.6	
45.1	5.7	18.0	3.2	
42.6	35.2	18.0	0.8	
77.0	27.8	-14.0	0.8	
116.4	35.2	-6.6	13.1	
94.3	25.4	8.2	27.8	
133.6	47.5	-11.5	22.9	
86.9	52.4	0.8	5.7	
45.1	0.8	3.2	-16.4	
5.7	5.7	5.7	3.2	
-9.1	54.9	0.8	3.2	
-14.0	84.4	22.9	25.4	
-36.1	84.4	37.7	20.5	
-68.1	170.5	45.1	25.4	
-92.7	62.3	18.0	15.5	
-149.3	86.9	10.6	20.5	
-112.4	84.4	3.2	8.2	
-132.1	101.6	10.6	-11.5	
-149.3	37.7	3.2	8.2	
-105.0	52.4	18.0	18.0	
-65.6	5.7	15.5	25.4	
-46.0	35.2	18.0	40.1	
13.1	59.8	27.8	-9.1	
52.4	59.8	40.1	-14.0	
109.0	42.6	20.5	8.2	
123.8	47.5	3.2	37.7	
79.5	59.8	-36.1	32.8	
74.6	54.9	-4.1	40.1	
50.0	27.8	15.5	47.5	
67.2	47.5	32.8	13.1	
40.1	64.7	20.5	30.3	
18.0	64.7	18.0	45.1	
-1.7	35.2	13.1	45.1	
-31.2	57.4	18.0	89.3	
-82.9	45.1	10.6	77.0	
-92.7	30.3	-4.1	50.0	
-90.2	25.4	-1.7	30.3	
-114.8	54.9	8.2	-129.6	
-137.0	47.5	5.7	-159.1	
-146.8	67.2	15.5	-58.3	
-122.2	32.8	22.9	35.2	
-92.7	40.1	10.6	47.5	
-87.8	47.5	10.6	37.7	
-65.6	-4.1	15.5	3.2	
-73.0	20.5	3.2	-33.7	
-21.4	15.5	15.5	-41.0	
-38.6	-1.7	27.8	-4.1	
-80.4	54.9	22.9	35.2	
-46.0	52.4	10.6	5.7	
-1.7	35.2	13.1	-70.6	
30.3	30.3	22.9	-65.6	
25.4	72.1	22.9	-38.6	
35.2	5.7	20.5	0.8	
10.6	20.5	18.0	15.5	
13.1	5.7	13.1	10.6	
22.9	-9.1	20.5	10.6	
27.8	-9.1	10.6	-14.0	
67.2	-1.7	5.7	-18.9	
57.4	0.8	10.6	0.8	
42.6	-16.4	8.2	8.2	
45.1	15.5	-4.1	5.7	
22.9	27.8	-6.6	45.1	
-77.9	0.8	-1.7	77.0	
-100.1	8.2	-16.4	91.8	
-58.3	52.4	5.7	62.3	
-11.5	0.8	-9.1	-23.8	
20.5	-21.4	-9.1	5.7	
67.2	-92.7	15.5	52.4	
136.1	-68.1	13.1	74.6	
131.2	84.4	8.2	3.2	
118.9	-223.1	18.0	-31.2	
104.1	-48.4	15.5	-82.9	
84.4	-232.9	20.5	-114.8	
50.0	3.2	27.8	-38.6	
42.6	106.6	18.0	-33.7	
30.3	-26.3	-6.6	-33.7	
5.7	-41.0	-11.5	-26.3	
-11.5	-21.4	-21.4	-6.6	
-14.0	-134.5	-18.9	-16.4	
-28.7	-68.1	-11.5	-4.1	
-21.4	-95.2	0.8	3.2	
-14.0	20.5	0.8	13.1	
-36.1	-6.6	-6.6	22.9	
-26.3	27.8	13.1	13.1	
-6.6	-1.7	27.8	18.0	
13.1	67.2	37.7	10.6	
52.4	47.5	40.1	3.2	
89.3	62.3	13.1	10.6	
111.5	67.2	-4.1	8.2	
148.4	37.7	-6.6	-4.1	
138.5	182.8	0.8	10.6	
94.3	224.6	10.6	0.8	
89.3	229.6	8.2	5.7	
47.5	212.3	-18.9	-1.7	
-21.4	153.3	-4.1	-28.7	
-87.8	153.3	-9.1	-28.7	
-95.2	136.1	-1.7	10.6	
-75.5	123.8	10.6	27.8	
-73.0	128.7	3.2	62.3	
-65.6	111.5	8.2	32.8	
-85.3	116.4	18.0	-28.7	
-122.2	177.9	0.8	-41.0	
-156.7	173.0	-1.7	-23.8	
-173.9	158.2	0.8	45.1	
-218.2	148.4	-4.1	18.0	
-301.8	99.2	-14.0	40.1	
-296.9	116.4	-1.7	50.0	
-264.9	89.3	-11.5	18.0	
-242.8	106.6	-9.1	-90.2	
-193.6	89.3	0.8	-77.9	
-173.9	89.3	0.8	-60.7	
-144.4	126.2	10.6	-65.6	
-139.4	94.3	13.1	-50.9	
-139.4	86.9	8.2	-23.8	
-119.8	67.2	15.5	-4.1	
-127.1	30.3	0.8	22.9	
-159.1	62.3	-1.7	18.0	
-178.8	45.1	-1.7	22.9	
-178.8	18.0	5.7	0.8	
-171.4	32.8	0.8	-9.1	
-134.5	62.3	-9.1	-1.7	
-112.4	0.8	13.1	5.7	
-119.8	-4.1	25.4	5.7	
-127.1	-36.1	15.5	18.0	
-144.4	37.7	15.5	13.1	
-171.4	10.6	15.5	13.1	
-208.3	37.7	8.2	25.4	
-228.0	54.9	5.7	10.6	
-287.0	40.1	0.8	8.2	
-289.5	-9.1	18.0	5.7	
-277.2	27.8	22.9	15.5	
-242.8	18.0	20.5	27.8	
-242.8	-4.1	5.7	25.4	
-232.9	-9.1	-9.1	15.5	
-267.4	45.1	0.8	18.0	
-282.1	18.0	27.8	32.8	
-289.5	27.8	20.5	25.4	
-292.0	5.7	30.3	13.1	
-274.7	20.5	25.4	27.8	
-264.9	45.1	30.3	5.7	
-235.4	-1.7	30.3	3.2	
-191.1	42.6	13.1	3.2	
-166.5	69.7	-14.0	3.2	
-171.4	47.5	-4.1	0.8	
-124.7	50.0	-14.0	15.5	
-117.3	3.2	-4.1	15.5	
-122.2	27.8	-6.6	15.5	
-105.0	50.0	5.7	10.6	
-97.6	22.9	15.5	8.2	
-87.8	-11.5	25.4	-1.7	
-112.4	0.8	20.5	-1.7	
-122.2	27.8	20.5	0.8	
-122.2	8.2	22.9	-1.7	
-132.1	35.2	30.3	3.2	
-149.3	45.1	27.8	-6.6	
-151.7	22.9	0.8	-1.7	
-159.1	54.9	0.8	-6.6	
-132.1	27.8	22.9	-6.6	
-119.8	27.8	27.8	-11.5	
-114.8	3.2	25.4	-14.0	
-114.8	27.8	8.2	-4.1	
-124.7	25.4	-4.1	-9.1	
-183.7	0.8	10.6	3.2	
-169.0	54.9	-4.1	-4.1	
-169.0	13.1	-18.9	15.5	
-178.8	3.2	-36.1	20.5	
-171.4	37.7	-26.3	22.9	
-164.0	106.6	-9.1	20.5	
-171.4	131.2	-1.7	27.8	
-178.8	150.8	3.2	25.4	
-169.0	0.8	0.8	18.0	
-173.9	-112.4	8.2	18.0	
-173.9	121.3	10.6	20.5	
-124.7	128.7	5.7	5.7	
-87.8	153.3	18.0	18.0	
-87.8	155.8	8.2	25.4	
-63.2	145.9	5.7	20.5	
-58.3	-141.9	8.2	8.2	
-65.6	89.3	8.2	10.6	
-68.1	-53.3	8.2	8.2	
-65.6	-105.0	-16.4	13.1	
-50.9	27.8	-14.0	20.5	
-50.9	13.1	-11.5	-1.7	
-48.4	30.3	-9.1	-21.4	
-53.3	5.7	3.2	-4.1	
-31.2	18.0	0.8	-16.4	
-11.5	40.1	-4.1	-23.8	
25.4	-16.4	-9.1	-23.8	
25.4	8.2	-1.7	-11.5	
35.2	20.5	-4.1	-6.6	
40.1	22.9	3.2	-1.7	
45.1	32.8	-1.7	-9.1	
20.5	27.8	8.2	-4.1	
18.0	10.6	10.6	-6.6	
-9.1	10.6	20.5	-1.7	
-18.9	37.7	15.5	-1.7	
-33.7	13.1	5.7	-4.1	
-14.0	52.4	-16.4	5.7	
45.1	30.3	3.2	-9.1	
69.7	0.8	27.8	3.2	
96.7	10.6	0.8	-1.7	
94.3	20.5	-21.4	10.6	
104.1	8.2	-23.8	5.7	
121.3	22.9	-26.3	3.2	
118.9	13.1	-16.4	13.1	
153.3	30.3	13.1	20.5	
121.3	52.4	18.0	15.5	
89.3	8.2	30.3	8.2	
82.0	-18.9	47.5	-1.7	
32.8	-23.8	27.8	0.8	
22.9	-21.4	13.1	-9.1	
35.2	-28.7	-28.7	5.7	
72.1	-14.0	-41.0	5.7	
145.9	-21.4	-28.7	-4.1	
202.5	-60.7	10.6	5.7	
197.6	-26.3	64.7	-1.7	
187.7	-82.9	67.2	18.0	
177.9	-50.9	77.0	13.1	
150.8	-36.1	74.6	18.0	
148.4	-38.6	45.1	20.5	
143.5	-31.2	54.9	20.5	
131.2	-41.0	25.4	25.4	
118.9	-28.7	3.2	18.0	
121.3	-1.7	-23.8	15.5	
116.4	-9.1	-16.4	20.5	
111.5	8.2	-11.5	27.8	
101.6	-16.4	-21.4	8.2	
99.2	50.0	0.8	20.5	
94.3	-4.1	37.7	13.1	
99.2	27.8	69.7	3.2	
104.1	32.8	62.3	-1.7	
106.6	37.7	35.2	-16.4	
101.6	42.6	0.8	-14.0	
118.9	42.6	0.8	-16.4	
106.6	30.3	10.6	-14.0	
106.6	30.3	0.8	-9.1	
101.6	-9.1	0.8	10.6	
101.6	13.1	18.0	30.3	
96.7	3.2	37.7	32.8	
91.8	8.2	59.8	25.4	
84.4	35.2	57.4	20.5	
77.0	18.0	35.2	3.2	
77.0	-9.1	-18.9	-1.7	
72.1	-9.1	-53.3	-1.7	
57.4	10.6	-21.4	-1.7	
59.8	8.2	13.1	-4.1	
57.4	72.1	27.8	13.1	
59.8	40.1	20.5	18.0	
59.8	37.7	-11.5	18.0	
69.7	32.8	-1.7	15.5	
67.2	27.8	-16.4	15.5	
57.4	45.1	-11.5	13.1	
62.3	8.2	-14.0	18.0	
50.0	27.8	20.5	20.5	
64.7	20.5	8.2	20.5	
62.3	59.8	3.2	32.8	
67.2	57.4	-4.1	30.3	
64.7	57.4	5.7	22.9	
74.6	67.2	-14.0	13.1	
77.0	47.5	-70.6	22.9	
79.5	57.4	-77.9	25.4	
79.5	77.0	-33.7	20.5	
86.9	79.5	-38.6	22.9	
79.5	69.7	-50.9	25.4	
84.4	91.8	-28.7	22.9	
84.4	69.7	35.2	18.0	
82.0	82.0	57.4	10.6	
94.3	-242.8	22.9	0.8	
99.2	-156.7	-43.5	18.0	
104.1	145.9	-58.3	20.5	
94.3	-257.5	-31.2	25.4	
116.4	-112.4	-28.7	25.4	
118.9	-208.3	-16.4	35.2	
123.8	20.5	30.3	32.8	
131.2	-9.1	57.4	20.5	
133.6	143.5	45.1	20.5	
148.4	-242.8	-4.1	25.4	
148.4	131.2	-16.4	22.9	
136.1	118.9	-11.5	8.2	
145.9	59.8	10.6	15.5	
145.9	-6.6	13.1	18.0	
160.7	77.0	13.1	20.5	
197.6	111.5	37.7	10.6	
197.6	74.6	79.5	8.2	
222.2	99.2	79.5	15.5	
190.2	106.6	18.0	13.1	
173.0	77.0	-55.8	8.2	
153.3	111.5	-58.3	3.2	
138.5	79.5	-11.5	13.1	
143.5	69.7	25.4	15.5	
121.3	69.7	35.2	15.5	
96.7	113.9	8.2	15.5	
52.4	72.1	-23.8	15.5	
45.1	94.3	0.8	0.8	
40.1	96.7	-6.6	-1.7	
64.7	123.8	-23.8	13.1	
57.4	111.5	-43.5	18.0	
45.1	101.6	-28.7	18.0	
40.1	84.4	-6.6	25.4	
62.3	86.9	27.8	20.5	
77.0	94.3	22.9	20.5	
72.1	67.2	-14.0	18.0	
69.7	104.1	-23.8	13.1	
64.7	72.1	-26.3	20.5	
74.6	64.7	-6.6	15.5	
74.6	69.7	-6.6	32.8	
79.5	79.5	-6.6	22.9	
82.0	50.0	-6.6	22.9	
84.4	77.0	-1.7	18.0	
77.0	45.1	8.2	32.8	
64.7	79.5	0.8	18.0	
62.3	72.1	5.7	22.9	
50.0	113.9	8.2	20.5	
54.9	89.3	-1.7	18.0	
50.0	45.1	5.7	15.5	
30.3	72.1	-4.1	8.2	
32.8	111.5	13.1	15.5	
32.8	74.6	15.5	5.7	
37.7	84.4	15.5	10.6	
27.8	67.2	-4.1	13.1	
18.0	32.8	3.2	10.6	
5.7	30.3	-1.7	8.2	
5.7	5.7	5.7	25.4	
13.1	25.4	-9.1	18.0	
15.5	45.1	-1.7	22.9	
18.0	22.9	5.7	22.9	
20.5	25.4	3.2	8.2	
20.5	54.9	-1.7	10.6	
8.2	35.2	-6.6	3.2	
10.6	37.7	-4.1	5.7	
3.2	32.8	8.2	15.5	
-6.6	5.7	8.2	22.9	
-6.6	5.7	13.1	30.3	
5.7	8.2	13.1	27.8	
8.2	-41.0	18.0	15.5	
3.2	-53.3	22.9	40.1	
0.8	-1.7	30.3	50.0	
8.2	-14.0	27.8	52.4	
-21.4	-53.3	27.8	37.7	
-60.7	-75.5	30.3	-14.0	
-38.6	-55.8	30.3	-9.1	
-9.1	-31.2	37.7	5.7	
-26.3	-55.8	37.7	15.5	
-43.5	-18.9	50.0	13.1	
-48.4	-16.4	45.1	13.1	
-33.7	8.2	45.1	10.6	
-46.0	59.8	18.0	18.0	
-80.4	8.2	-4.1	0.8	
-82.9	-43.5	-6.6	13.1	
-36.1	-9.1	18.0	15.5	
-48.4	27.8	20.5	22.9	
-48.4	18.0	18.0	27.8	
-31.2	-48.4	32.8	32.8	
-16.4	-26.3	45.1	22.9	
3.2	-50.9	50.0	-16.4	
18.0	-1.7	27.8	5.7	
15.5	-65.6	15.5	-18.9	
-11.5	-16.4	0.8	-14.0	
-33.7	-41.0	5.7	8.2	
-31.2	-75.5	5.7	5.7	
-23.8	-127.1	0.8	-1.7	
-26.3	-105.0	27.8	20.5	
-38.6	-139.4	27.8	35.2	
-43.5	-181.3	22.9	25.4	
-41.0	-196.0	18.0	30.3	
-38.6	-186.2	40.1	5.7	
-21.4	-151.7	20.5	25.4	
-23.8	-82.9	0.8	18.0	
-16.4	-100.1	5.7	3.2	
-6.6	-33.7	8.2	15.5	
-14.0	-100.1	5.7	18.0	
-23.8	-43.5	-1.7	18.0	
-33.7	37.7	-6.6	20.5	
-55.8	32.8	5.7	5.7	
-60.7	47.5	-28.7	0.8	
-75.5	-309.2	-23.8	8.2	
-90.2	-23.8	8.2	10.6	
-70.6	47.5	15.5	15.5	
-75.5	-151.7	18.0	37.7	
-75.5	30.3	32.8	40.1	
-65.6	-73.0	52.4	25.4	
-70.6	5.7	27.8	5.7	
-80.4	32.8	20.5	-11.5	
-65.6	32.8	30.3	-23.8	
-53.3	67.2	22.9	32.8	
-53.3	0.8	20.5	-6.6	
-50.9	-53.3	20.5	0.8	
-60.7	-87.8	0.8	0.8	
-53.3	-31.2	3.2	-9.1	
-63.2	3.2	27.8	-11.5	
-41.0	-43.5	27.8	-33.7	
-33.7	-18.9	10.6	-33.7	
-33.7	-21.4	5.7	-9.1	
-23.8	-43.5	0.8	-6.6	
-46.0	-92.7	15.5	15.5	
-26.3	-82.9	15.5	22.9	
-23.8	-63.2	15.5	32.8	
-31.2	-82.9	27.8	37.7	
-14.0	-65.6	32.8	8.2	
-31.2	-53.3	20.5	5.7	
-33.7	20.5	22.9	10.6	
-26.3	-33.7	18.0	15.5	
-28.7	-11.5	10.6	18.0	
-21.4	-18.9	-16.4	20.5	
-14.0	-31.2	-23.8	13.1	
-23.8	-55.8	-6.6	22.9	
-33.7	-48.4	15.5	25.4	
-18.9	-58.3	47.5	15.5	
-48.4	-16.4	57.4	32.8	
-41.0	-58.3	47.5	20.5	
-33.7	-63.2	22.9	18.0	
-41.0	-53.3	13.1	27.8	
-48.4	-48.4	8.2	20.5	
-38.6	-50.9	0.8	32.8	
-33.7	-70.6	5.7	22.9	
-41.0	-14.0	8.2	13.1	
-43.5	-33.7	30.3	13.1	
-48.4	-80.4	54.9	8.2	
-55.8	8.2	54.9	10.6	
-53.3	42.6	37.7	10.6	
-53.3	0.8	-11.5	18.0	
-46.0	-1.7	-33.7	27.8	
-43.5	-31.2	13.1	-4.1	
-48.4	-26.3	15.5	-23.8	
-50.9	-9.1	3.2	8.2	
-50.9	-1.7	-11.5	18.0	
-46.0	30.3	-1.7	22.9	
-60.7	18.0	-1.7	18.0	
-70.6	15.5	18.0	10.6	
-53.3	27.8	45.1	3.2	
-63.2	10.6	47.5	18.0	
-50.9	18.0	35.2	22.9	
-60.7	32.8	30.3	3.2	
-70.6	-18.9	18.0	13.1	
-50.9	79.5	-26.3	15.5	
-48.4	47.5	-36.1	10.6	
-38.6	-21.4	-38.6	-16.4	
-43.5	-9.1	-21.4	0.8	
-26.3	35.2	0.8	0.8	
-36.1	0.8	8.2	-14.0	
-31.2	0.8	-1.7	-11.5	
-28.7	-26.3	10.6	-1.7	
-41.0	40.1	8.2	5.7	
-50.9	40.1	5.7	0.8	
-46.0	-18.9	25.4	5.7	
-48.4	0.8	40.1	0.8	
-55.8	-11.5	25.4	-14.0	
-43.5	8.2	-6.6	-4.1	
-38.6	3.2	-6.6	5.7	
-43.5	3.2	3.2	15.5	
-33.7	20.5	25.4	32.8	
-50.9	13.1	18.0	37.7	
-46.0	22.9	8.2	37.7	
-31.2	5.7	-9.1	3.2	
-26.3	5.7	-6.6	-63.2	
-6.6	-6.6	-21.4	-11.5	
-4.1	8.2	-26.3	10.6	
0.8	8.2	-16.4	18.0	
-1.7	22.9	-9.1	25.4	
-1.7	18.0	-11.5	27.8	
-9.1	13.1	-14.0	67.2	
-9.1	30.3	-9.1	27.8	
-9.1	57.4	3.2	-4.1	
-6.6	84.4	-4.1	-31.2	
-21.4	52.4	0.8	-48.4	
-16.4	74.6	3.2	-41.0	
-26.3	54.9	5.7	-26.3	
-21.4	-385.4	8.2	-16.4	
-23.8	-100.1	32.8	5.7	
-31.2	-146.8	54.9	8.2	
-18.9	227.1	57.4	5.7	
-26.3	205.0	77.0	5.7	
-28.7	5.7	67.2	13.1	
-33.7	42.6	27.8	20.5	
-36.1	15.5	27.8	20.5	
-33.7	286.1	45.1	20.5	
-26.3	-85.3	47.5	10.6	
-28.7	35.2	40.1	27.8	
-36.1	-154.2	30.3	42.6	
-36.1	91.8	54.9	27.8	
-33.7	-117.3	32.8	32.8	
-48.4	35.2	37.7	27.8	
-50.9	42.6	50.0	18.0	
-50.9	54.9	74.6	20.5	
-38.6	64.7	67.2	15.5	
-36.1	25.4	0.8	27.8	
-28.7	64.7	-23.8	20.5	
-26.3	52.4	0.8	32.8	
-38.6	77.0	50.0	18.0	
-28.7	89.3	62.3	22.9	
-14.0	52.4	50.0	20.5	
-33.7	50.0	47.5	10.6	
-28.7	52.4	25.4	8.2	
-38.6	27.8	15.5	18.0	
-38.6	126.2	22.9	27.8	
-23.8	121.3	22.9	8.2	
-23.8	8.2	30.3	5.7	
-21.4	25.4	25.4	8.2	
-38.6	30.3	35.2	5.7	
-33.7	72.1	45.1	5.7	
-46.0	15.5	45.1	0.8	
-60.7	40.1	40.1	13.1	
-55.8	22.9	32.8	15.5	
-53.3	59.8	10.6	18.0	
-50.9	47.5	-9.1	18.0	
-46.0	15.5	-1.7	10.6	
-36.1	10.6	18.0	-6.6	
-21.4	-1.7	18.0	3.2	
-18.9	45.1	-4.1	5.7	
-16.4	35.2	-4.1	3.2	
-23.8	62.3	8.2	5.7	
-23.8	45.1	0.8	20.5	
-31.2	25.4	13.1	15.5	
-23.8	8.2	-1.7	27.8	
-41.0	5.7	-9.1	27.8	
-33.7	54.9	-4.1	22.9	
-43.5	27.8	-11.5	25.4	
-28.7	3.2	3.2	22.9	
-23.8	0.8	3.2	35.2	
-31.2	8.2	10.6	25.4	
-11.5	32.8	15.5	42.6	
-18.9	3.2	10.6	13.1	
-31.2	35.2	10.6	-9.1	
-21.4	10.6	22.9	5.7	
-14.0	42.6	22.9	5.7	
-14.0	27.8	25.4	-1.7	
-31.2	13.1	18.0	-4.1	
-36.1	45.1	35.2	-9.1	
-23.8	52.4	27.8	0.8	
-26.3	13.1	18.0	22.9	
-23.8	10.6	25.4	25.4	
-38.6	190.2	22.9	5.7	
-38.6	82.0	25.4	0.8	
-33.7	35.2	30.3	-1.7	
-28.7	74.6	18.0	15.5	
-41.0	27.8	18.0	25.4	
-31.2	10.6	13.1	40.1	
-38.6	5.7	10.6	27.8	
-46.0	25.4	-1.7	37.7	
-43.5	35.2	3.2	35.2	
-60.7	25.4	10.6	8.2	
-48.4	22.9	-1.7	-1.7	
-53.3	25.4	8.2	10.6	
-31.2	5.7	18.0	15.5	
-28.7	8.2	22.9	13.1	
0.8	5.7	18.0	18.0	
5.7	13.1	18.0	18.0	
-1.7	20.5	5.7	18.0	
-33.7	-11.5	8.2	22.9	
-60.7	-4.1	15.5	18.0	
-38.6	3.2	-16.4	18.0	
-21.4	15.5	-6.6	30.3	
0.8	37.7	-9.1	22.9	
-18.9	50.0	13.1	15.5	
-43.5	13.1	15.5	27.8	
-65.6	37.7	5.7	15.5	
-87.8	27.8	-4.1	30.3	
-65.6	42.6	32.8	20.5	
-21.4	-4.1	42.6	13.1	
20.5	13.1	27.8	15.5	
47.5	3.2	18.0	10.6	
40.1	20.5	5.7	8.2	
25.4	22.9	-14.0	5.7	
-1.7	22.9	-9.1	3.2	
-1.7	0.8	18.0	8.2	
20.5	18.0	27.8	-1.7	
20.5	32.8	22.9	10.6	
3.2	-68.1	27.8	3.2	
-11.5	-36.1	15.5	10.6	
-11.5	13.1	20.5	0.8	
8.2	-1.7	5.7	3.2	
-6.6	-9.1	8.2	3.2	
-11.5	111.5	5.7	22.9	
-18.9	266.5	-4.1	25.4	
-14.0	101.6	-4.1	18.0	
-16.4	18.0	-11.5	13.1	
-21.4	200.0	10.6	3.2	
-23.8	101.6	-1.7	8.2	
-16.4	84.4	5.7	-6.6	
-18.9	185.3	8.2	-4.1	
-6.6	-228.0	25.4	8.2	
-16.4	52.4	37.7	0.8	
-21.4	45.1	18.0	0.8	
-23.8	62.3	25.4	-1.7	
-6.6	37.7	27.8	-6.6	
-16.4	40.1	25.4	5.7	
-21.4	42.6	45.1	5.7	
-18.9	50.0	8.2	-4.1	
-18.9	25.4	-33.7	-4.1	
-14.0	37.7	-16.4	-4.1	
-9.1	42.6	-6.6	-11.5	
-23.8	52.4	13.1	-14.0	
-9.1	69.7	30.3	-11.5	
-9.1	47.5	32.8	-4.1	
-1.7	25.4	22.9	0.8	
0.8	50.0	15.5	-9.1	
-16.4	84.4	8.2	-6.6	
-1.7	59.8	10.6	-1.7	
-9.1	67.2	3.2	-1.7	
-1.7	62.3	5.7	-1.7	
-16.4	62.3	-16.4	-4.1	
-11.5	45.1	-11.5	-21.4	
-16.4	77.0	-14.0	-16.4	
-11.5	62.3	-14.0	-6.6	
-1.7	45.1	15.5	-11.5	
-1.7	52.4	10.6	-6.6	
-9.1	47.5	5.7	-6.6	
0.8	50.0	-1.7	-11.5	
-9.1	82.0	-16.4	-11.5	
-9.1	54.9	5.7	0.8	
-11.5	13.1	10.6	-9.1	
-18.9	35.2	3.2	-6.6	
-4.1	37.7	20.5	-4.1	
-11.5	67.2	37.7	5.7	
-14.0	50.0	25.4	8.2	
-23.8	40.1	-4.1	10.6	
-21.4	59.8	-60.7	15.5	
-33.7	54.9	-82.9	15.5	
-38.6	37.7	-43.5	8.2	
-18.9	47.5	-6.6	3.2	
-23.8	74.6	10.6	3.2	
-9.1	72.1	0.8	3.2	
-6.6	22.9	8.2	10.6	
-1.7	8.2	5.7	8.2	
-9.1	37.7	15.5	5.7	
-14.0	40.1	20.5	5.7	
-11.5	86.9	15.5	18.0	
-18.9	54.9	15.5	8.2	
-4.1	42.6	20.5	5.7	
-14.0	20.5	3.2	22.9	
-23.8	37.7	-6.6	13.1	
-28.7	20.5	-9.1	27.8	
-18.9	42.6	-6.6	32.8	
-14.0	59.8	15.5	0.8	
-26.3	57.4	-1.7	3.2	
-18.9	69.7	-23.8	-16.4	
-21.4	0.8	-6.6	10.6	
3.2	20.5	-11.5	10.6	
-18.9	10.6	-6.6	27.8	
-9.1	54.9	20.5	32.8	
-18.9	27.8	37.7	32.8	
-23.8	22.9	18.0	-4.1	
-14.0	20.5	20.5	-9.1	
-9.1	35.2	47.5	-6.6	
-6.6	0.8	42.6	5.7	
-4.1	59.8	13.1	8.2	
-1.7	27.8	18.0	10.6	
-6.6	45.1	20.5	15.5	
-9.1	-16.4	42.6	22.9	
-4.1	15.5	47.5	30.3	
-26.3	25.4	35.2	22.9	
-31.2	25.4	25.4	15.5	
-16.4	40.1	18.0	30.3	
-33.7	35.2	37.7	15.5	
-33.7	50.0	0.8	27.8	
-43.5	59.8	-14.0	18.0	
-33.7	37.7	-23.8	30.3	
-41.0	54.9	-16.4	35.2	
-53.3	86.9	-31.2	13.1	
-70.6	45.1	0.8	27.8	
-80.4	42.6	20.5	8.2	
-53.3	86.9	22.9	20.5	
-4.1	64.7	-4.1	22.9	
3.2	47.5	3.2	13.1	
3.2	64.7	15.5	8.2	
-9.1	59.8	27.8	8.2	
0.8	86.9	22.9	18.0	
0.8	-18.9	37.7	0.8	
-9.1	-102.5	22.9	-1.7	
10.6	10.6	22.9	-4.1	
-14.0	-77.9	-14.0	0.8	
-4.1	8.2	0.8	-6.6	
5.7	116.4	18.0	8.2	
18.0	57.4	25.4	-1.7	
13.1	-31.2	27.8	5.7	
-1.7	128.7	25.4	0.8	
13.1	150.8	0.8	-9.1	
0.8	45.1	-31.2	-1.7	
-1.7	86.9	-9.1	-6.6	
-4.1	123.8	-4.1	3.2	
-1.7	-223.1	-1.7	10.6	
-6.6	32.8	-1.7	13.1	
3.2	50.0	-18.9	25.4	
-4.1	74.6	-14.0	20.5	
-16.4	104.1	20.5	15.5	
-33.7	77.0	42.6	18.0	
-33.7	72.1	32.8	13.1	
-41.0	84.4	8.2	18.0	
-26.3	72.1	0.8	10.6	
-33.7	79.5	0.8	13.1	
-38.6	18.0	-11.5	20.5	
-33.7	15.5	8.2	20.5	
-43.5	45.1	-1.7	22.9	
-36.1	57.4	18.0	20.5	
-31.2	50.0	27.8	25.4	
-28.7	79.5	27.8	32.8	
-36.1	45.1	22.9	22.9	
-9.1	30.3	3.2	35.2	
-21.4	59.8	-14.0	50.0	
-1.7	32.8	-1.7	57.4	
20.5	22.9	10.6	35.2	
37.7	20.5	10.6	3.2	
42.6	35.2	-6.6	-18.9	
37.7	35.2	-4.1	-6.6	
40.1	67.2	-1.7	-1.7	
42.6	57.4	-4.1	-1.7	
37.7	40.1	-11.5	5.7	
35.2	52.4	0.8	0.8	
8.2	40.1	18.0	3.2	
-21.4	-4.1	13.1	0.8	
-46.0	42.6	20.5	3.2	
-75.5	32.8	27.8	-4.1	
-77.9	42.6	32.8	8.2	
-82.9	47.5	37.7	-4.1	
-80.4	40.1	45.1	-6.6	
-48.4	59.8	15.5	5.7	
-46.0	32.8	35.2	-1.7	
-70.6	0.8	40.1	10.6	
-112.4	30.3	8.2	5.7	
-102.5	37.7	-11.5	0.8	
-92.7	27.8	-11.5	3.2	
-100.1	27.8	15.5	20.5	
-100.1	45.1	22.9	22.9	
-48.4	52.4	15.5	22.9	
-6.6	8.2	18.0	25.4	
8.2	-14.0	50.0	22.9	
-14.0	15.5	57.4	18.0	
-26.3	22.9	37.7	15.5	
-31.2	13.1	8.2	22.9	
-21.4	18.0	13.1	22.9	
-23.8	3.2	15.5	0.8	
3.2	13.1	13.1	0.8	
5.7	27.8	0.8	8.2	
-1.7	37.7	-48.4	10.6	
-9.1	52.4	-36.1	13.1	
0.8	42.6	-11.5	5.7	
-11.5	5.7	-1.7	-1.7	
-11.5	37.7	20.5	10.6	
-11.5	18.0	13.1	5.7	
-4.1	47.5	0.8	8.2	
-11.5	59.8	0.8	-1.7	
-21.4	37.7	8.2	5.7	
-9.1	40.1	15.5	25.4	
-11.5	22.9	15.5	5.7	
-9.1	57.4	10.6	0.8	
-4.1	18.0	0.8	15.5	
-9.1	32.8	10.6	3.2	
-14.0	32.8	5.7	5.7	
-1.7	-21.4	3.2	5.7	
-16.4	-1.7	0.8	10.6	
-9.1	-14.0	3.2	5.7	
-14.0	25.4	-1.7	10.6	
-6.6	25.4	8.2	5.7	
-18.9	32.8	3.2	8.2	
-6.6	69.7	8.2	0.8	
-6.6	42.6	30.3	-6.6	
-6.6	45.1	37.7	8.2	
-1.7	27.8	30.3	10.6	
-11.5	10.6	10.6	-1.7	
-6.6	18.0	-4.1	13.1	
-9.1	50.0	0.8	18.0	
-9.1	0.8	0.8	10.6	
-21.4	-9.1	0.8	13.1	
-23.8	35.2	-6.6	20.5	
-26.3	27.8	-11.5	20.5	
-11.5	5.7	-4.1	27.8	
-18.9	0.8	-4.1	35.2	
25.4	-100.1	-1.7	42.6	
72.1	-46.0	3.2	20.5	
69.7	0.8	13.1	15.5	
82.0	-26.3	-1.7	30.3	
67.2	-75.5	5.7	22.9	
42.6	84.4	8.2	5.7	
15.5	121.3	13.1	15.5	
-26.3	-218.2	13.1	-6.6	
-53.3	27.8	20.5	-33.7	
-50.9	50.0	8.2	-6.6	
-53.3	3.2	3.2	-4.1	
-43.5	32.8	13.1	3.2	
-21.4	-181.3	15.5	0.8	
-50.9	-119.8	20.5	-6.6	
-58.3	22.9	22.9	-6.6	
-65.6	27.8	-1.7	5.7	
-60.7	40.1	0.8	3.2	
-55.8	37.7	-6.6	5.7	
-41.0	57.4	-21.4	20.5	
-36.1	62.3	-11.5	22.9	
-26.3	52.4	-1.7	27.8	
-14.0	50.0	27.8	20.5	
-6.6	52.4	30.3	13.1	
-23.8	42.6	35.2	13.1	
-21.4	50.0	25.4	13.1	
-16.4	47.5	5.7	8.2	
-14.0	64.7	5.7	-1.7	
-14.0	42.6	-14.0	10.6	
-1.7	62.3	-21.4	3.2	
-9.1	35.2	-18.9	15.5	
-9.1	59.8	-31.2	5.7	
-9.1	57.4	-31.2	-1.7	
-14.0	47.5	-21.4	0.8	
-14.0	37.7	5.7	-1.7	
-1.7	64.7	8.2	0.8	
-11.5	57.4	13.1	-4.1	
-6.6	69.7	18.0	-6.6	
-11.5	52.4	27.8	-4.1	
-4.1	37.7	27.8	-4.1	
5.7	47.5	30.3	5.7	
5.7	18.0	27.8	-6.6	
0.8	35.2	18.0	-1.7	
8.2	32.8	18.0	3.2	
-4.1	37.7	5.7	-4.1	
-1.7	13.1	-6.6	-1.7	
-1.7	42.6	13.1	-6.6	
-6.6	27.8	18.0	0.8	
15.5	50.0	5.7	5.7	
15.5	57.4	-1.7	13.1	
3.2	45.1	10.6	-9.1	
5.7	37.7	10.6	5.7	
-4.1	20.5	3.2	5.7	
0.8	74.6	-11.5	13.1	
8.2	52.4	3.2	20.5	
5.7	64.7	22.9	20.5	
3.2	67.2	25.4	18.0	
-14.0	25.4	15.5	25.4	
-14.0	45.1	15.5	18.0	
-11.5	25.4	20.5	-23.8	
-21.4	42.6	20.5	-11.5	
-16.4	30.3	18.0	-11.5	
-6.6	30.3	18.0	-4.1	
-18.9	67.2	27.8	0.8	
-11.5	25.4	15.5	25.4	
-1.7	40.1	22.9	35.2	
18.0	54.9	13.1	32.8	
30.3	35.2	18.0	30.3	
18.0	42.6	22.9	32.8	
8.2	45.1	22.9	22.9	
3.2	54.9	22.9	32.8	
-11.5	37.7	22.9	42.6	
-14.0	45.1	22.9	52.4	
-26.3	47.5	15.5	47.5	
22.9	32.8	25.4	15.5	
57.4	20.5	13.1	22.9	
50.0	18.0	8.2	42.6	
25.4	54.9	-9.1	22.9	
18.0	35.2	10.6	18.0	
-18.9	42.6	8.2	20.5	
-43.5	37.7	15.5	18.0	
-60.7	52.4	-14.0	15.5	
-50.9	37.7	-41.0	5.7	
-18.9	18.0	-9.1	-11.5	
-23.8	35.2	-4.1	-6.6	
-9.1	45.1	-23.8	-4.1	
-23.8	50.0	-21.4	-1.7	
-23.8	35.2	-9.1	5.7	
-28.7	57.4	5.7	10.6	
-33.7	72.1	5.7	10.6	
-23.8	27.8	5.7	10.6	
-28.7	40.1	20.5	8.2	
-23.8	62.3	32.8	13.1	
-21.4	22.9	8.2	22.9	
-28.7	42.6	-14.0	18.0	
-23.8	69.7	5.7	15.5	
-21.4	35.2	30.3	20.5	
-31.2	37.7	30.3	8.2	
-23.8	64.7	42.6	10.6	
-21.4	37.7	37.7	0.8	
-9.1	30.3	25.4	0.8	
-4.1	-41.0	40.1	0.8	
-6.6	57.4	22.9	-4.1	
0.8	109.0	10.6	-4.1	
3.2	-26.3	-26.3	8.2	
0.8	-41.0	-26.3	-6.6	
10.6	148.4	-11.5	3.2	
3.2	116.4	-4.1	-9.1	
5.7	45.1	3.2	3.2	
0.8	20.5	-11.5	3.2	
-1.7	-16.4	-16.4	0.8	
-9.1	77.0	-6.6	5.7	
-9.1	37.7	8.2	5.7	
-1.7	67.2	-9.1	10.6	
-11.5	-218.2	-18.9	8.2	
8.2	27.8	-11.5	15.5	
15.5	27.8	5.7	18.0	
15.5	57.4	25.4	18.0	
15.5	59.8	27.8	35.2	
15.5	50.0	25.4	35.2	
22.9	27.8	35.2	32.8	
25.4	62.3	22.9	47.5	
37.7	52.4	22.9	35.2	
18.0	37.7	13.1	54.9	
8.2	27.8	5.7	50.0	
-9.1	35.2	5.7	59.8	
-11.5	54.9	20.5	86.9	
-6.6	50.0	18.0	22.9	
5.7	40.1	25.4	-31.2	
20.5	50.0	25.4	-55.8	
25.4	42.6	30.3	-23.8	
5.7	40.1	15.5	13.1	
0.8	30.3	13.1	15.5	
8.2	72.1	5.7	-4.1	
8.2	84.4	10.6	3.2	
3.2	22.9	10.6	15.5	
-4.1	5.7	0.8	13.1	
-18.9	54.9	15.5	5.7	
-63.2	18.0	18.0	-1.7	
-48.4	57.4	15.5	18.0	
-31.2	27.8	8.2	5.7	
-21.4	84.4	-4.1	3.2	
-18.9	32.8	13.1	25.4	
-1.7	25.4	27.8	27.8	
20.5	54.9	18.0	25.4	
15.5	52.4	15.5	25.4	
-1.7	52.4	15.5	13.1	
0.8	8.2	20.5	20.5	
5.7	22.9	5.7	8.2	
10.6	20.5	5.7	-6.6	
8.2	-21.4	0.8	3.2	
-14.0	-6.6	20.5	10.6	
-18.9	-14.0	27.8	10.6	
-31.2	13.1	18.0	20.5	
-41.0	8.2	13.1	27.8	
-31.2	18.0	13.1	18.0	
-21.4	-9.1	13.1	18.0	
-18.9	35.2	15.5	18.0	
-4.1	27.8	13.1	10.6	
8.2	64.7	-4.1	8.2	
8.2	50.0	-18.9	13.1	
25.4	42.6	5.7	15.5	
32.8	5.7	8.2	10.6	
35.2	45.1	15.5	20.5	
27.8	59.8	13.1	18.0	
27.8	0.8	15.5	10.6	
27.8	59.8	5.7	5.7	
13.1	22.9	10.6	8.2	
13.1	57.4	13.1	15.5	
15.5	57.4	0.8	18.0	
25.4	47.5	8.2	10.6	
8.2	8.2	-11.5	-6.6	
20.5	22.9	10.6	0.8	
35.2	50.0	-9.1	-16.4	
47.5	32.8	18.0	-4.1	
59.8	32.8	18.0	-6.6	
77.0	20.5	5.7	3.2	
59.8	18.0	8.2	8.2	
25.4	47.5	8.2	5.7	
-4.1	32.8	10.6	13.1	
-6.6	22.9	3.2	22.9	
-26.3	30.3	5.7	15.5	
-16.4	74.6	-1.7	3.2	
-21.4	10.6	0.8	-4.1	
-16.4	15.5	-11.5	5.7	
-28.7	54.9	-4.1	3.2	
-58.3	35.2	5.7	8.2	
-80.4	13.1	-11.5	8.2	
-117.3	42.6	-33.7	20.5	
-85.3	47.5	-36.1	10.6	
-102.5	59.8	-9.1	8.2	
-75.5	50.0	-14.0	-1.7	
-58.3	37.7	-1.7	0.8	
-48.4	50.0	-1.7	5.7	
-36.1	37.7	-1.7	-1.7	
-38.6	18.0	-1.7	13.1	
-18.9	5.7	-14.0	30.3	
-16.4	35.2	-31.2	37.7	
-9.1	42.6	-11.5	62.3	
-16.4	35.2	5.7	40.1	
-28.7	42.6	5.7	10.6	
-23.8	345.2	0.8	-6.6	
-21.4	251.7	-14.0	-31.2	
-23.8	131.2	-31.2	8.2	
-21.4	-122.2	-21.4	15.5	
-14.0	35.2	-33.7	10.6	
-11.5	111.5	-31.2	8.2	
-14.0	-70.6	-36.1	-11.5	
-16.4	165.6	-43.5	18.0	
-18.9	-220.6	-43.5	5.7	
-31.2	3.2	-26.3	0.8	
-21.4	-198.5	-36.1	8.2	
-33.7	-23.8	-38.6	22.9	
-14.0	-173.9	-36.1	10.6	
0.8	-301.8	-38.6	8.2	
0.8	-23.8	-21.4	15.5	
-9.1	-4.1	-21.4	-11.5	
-1.7	-14.0	-23.8	3.2	
-1.7	5.7	-16.4	-1.7	
0.8	-18.9	-11.5	-9.1	
18.0	18.0	-14.0	13.1	
50.0	22.9	-18.9	22.9	
67.2	20.5	-14.0	25.4	
45.1	45.1	-16.4	32.8	
42.6	32.8	-14.0	32.8	
35.2	-11.5	-9.1	42.6	
27.8	-4.1	-18.9	32.8	
15.5	59.8	-6.6	32.8	
3.2	35.2	-21.4	22.9	
-9.1	54.9	-14.0	0.8	
0.8	37.7	-6.6	-11.5	
-18.9	27.8	-6.6	20.5	
-14.0	-6.6	3.2	20.5	
-36.1	37.7	8.2	20.5	
-46.0	54.9	15.5	5.7	
-33.7	40.1	18.0	5.7	
-33.7	0.8	18.0	13.1	
-38.6	-26.3	18.0	22.9	
-16.4	-14.0	18.0	22.9	
3.2	3.2	5.7	20.5	
5.7	-21.4	8.2	5.7	
-4.1	-1.7	10.6	3.2	
-16.4	8.2	13.1	-16.4	
-18.9	-6.6	13.1	-6.6	
-18.9	37.7	-4.1	-9.1	
-16.4	18.0	13.1	-4.1	
-33.7	10.6	30.3	10.6	
-31.2	-11.5	42.6	-6.6	
-16.4	3.2	45.1	0.8	
-26.3	25.4	18.0	0.8	
-9.1	0.8	-11.5	5.7	
-9.1	-4.1	-11.5	0.8	
-4.1	-38.6	13.1	15.5	
-9.1	5.7	18.0	13.1	
0.8	22.9	22.9	20.5	
3.2	20.5	15.5	32.8	
-6.6	-1.7	18.0	35.2	
5.7	13.1	10.6	15.5	
10.6	-9.1	22.9	22.9	
13.1	5.7	18.0	47.5	
15.5	32.8	18.0	-6.6	
13.1	8.2	15.5	10.6	
3.2	0.8	18.0	27.8	
15.5	0.8	10.6	-4.1	
22.9	-16.4	3.2	-80.4	
13.1	3.2	8.2	-58.3	
20.5	0.8	13.1	-6.6	
15.5	50.0	22.9	18.0	
35.2	15.5	20.5	27.8	
25.4	37.7	15.5	42.6	
18.0	5.7	18.0	35.2	
40.1	3.2	15.5	5.7	
15.5	25.4	27.8	-28.7	
-9.1	37.7	18.0	-21.4	
-18.9	10.6	18.0	-18.9	
0.8	15.5	13.1	-14.0	
25.4	25.4	13.1	-6.6	
32.8	52.4	5.7	0.8	
30.3	50.0	10.6	20.5	
8.2	54.9	-6.6	27.8	
-9.1	27.8	3.2	15.5	
-26.3	32.8	3.2	13.1	
-26.3	30.3	8.2	20.5	
-33.7	-16.4	3.2	22.9	
-18.9	-4.1	-1.7	15.5	
-21.4	27.8	0.8	-31.2	
-23.8	59.8	0.8	-41.0	
-14.0	37.7	3.2	-23.8	
-31.2	-16.4	-6.6	-23.8	
-21.4	27.8	5.7	-11.5	
-14.0	37.7	-4.1	3.2	
-16.4	30.3	10.6	27.8	
-14.0	20.5	5.7	0.8	
-14.0	27.8	0.8	-6.6	
-14.0	-9.1	0.8	-6.6	
-9.1	10.6	8.2	5.7	
-11.5	-14.0	3.2	27.8	
-11.5	-11.5	20.5	35.2	
-4.1	-1.7	20.5	13.1	
-4.1	20.5	27.8	-9.1	
-9.1	40.1	3.2	-31.2	
-14.0	-4.1	3.2	0.8	
-6.6	32.8	8.2	5.7	
-4.1	-14.0	15.5	-14.0	
-1.7	-122.2	5.7	-16.4	
0.8	-80.4	8.2	-1.7	
-9.1	-107.5	-1.7	-38.6	
-9.1	74.6	20.5	-31.2	
-4.1	-95.2	3.2	-1.7	
0.8	-23.8	0.8	-6.6	
0.8	205.0	-9.1	10.6	
8.2	45.1	3.2	5.7	
18.0	-144.4	13.1	15.5	
30.3	-193.6	8.2	32.8	
32.8	-220.6	5.7	8.2	
22.9	37.7	15.5	18.0	
25.4	25.4	25.4	-4.1	
32.8	40.1	22.9	8.2	
22.9	0.8	18.0	32.8	
27.8	32.8	13.1	15.5	
35.2	27.8	20.5	13.1	
37.7	22.9	20.5	13.1	
35.2	30.3	15.5	18.0	
22.9	37.7	0.8	35.2	
20.5	30.3	-26.3	18.0	
-4.1	67.2	-18.9	18.0	
-6.6	8.2	-4.1	-11.5	
-14.0	27.8	0.8	-60.7	
-28.7	45.1	3.2	-55.8	
-38.6	27.8	22.9	-73.0	
-41.0	22.9	25.4	-26.3	
-18.9	10.6	22.9	-26.3	
-16.4	3.2	15.5	-4.1	
-16.4	13.1	18.0	0.8	
-4.1	22.9	15.5	0.8	
0.8	67.2	18.0	-14.0	
-11.5	37.7	18.0	-41.0	
-21.4	18.0	35.2	-11.5	
-6.6	15.5	25.4	-1.7	
15.5	22.9	25.4	8.2	
5.7	13.1	40.1	13.1	
-18.9	13.1	45.1	42.6	
-28.7	42.6	37.7	67.2	
-28.7	42.6	27.8	62.3	
-28.7	37.7	22.9	45.1	
-26.3	0.8	50.0	30.3	
-14.0	10.6	50.0	8.2	
-14.0	10.6	3.2	-11.5	
-4.1	25.4	-18.9	18.0	
3.2	45.1	-9.1	8.2	
3.2	25.4	20.5	-6.6	
-4.1	15.5	-4.1	-9.1	
-1.7	8.2	-14.0	-11.5	
-1.7	25.4	-11.5	0.8	
8.2	-4.1	-9.1	22.9	
8.2	18.0	-9.1	45.1	
13.1	-1.7	-11.5	47.5	
18.0	10.6	-6.6	42.6	
8.2	20.5	-4.1	10.6	
13.1	25.4	-21.4	-23.8	
8.2	35.2	-16.4	-16.4	
0.8	20.5	-16.4	-18.9	
5.7	22.9	-9.1	-4.1	
10.6	42.6	-14.0	0.8	
3.2	45.1	-4.1	3.2	
5.7	13.1	-4.1	13.1	
-1.7	35.2	-9.1	35.2	
5.7	20.5	0.8	35.2	
22.9	57.4	-6.6	42.6	
35.2	32.8	-6.6	47.5	
32.8	27.8	-11.5	20.5	
40.1	42.6	-14.0	35.2	
20.5	18.0	-14.0	47.5	
45.1	30.3	-16.4	40.1	
54.9	32.8	-1.7	15.5	
42.6	32.8	-11.5	32.8	
25.4	47.5	-4.1	0.8	
27.8	30.3	5.7	-38.6	
25.4	69.7	-4.1	-87.8	
5.7	47.5	-11.5	0.8	
-23.8	69.7	0.8	37.7	
-38.6	47.5	3.2	-6.6	
-16.4	20.5	8.2	-9.1	
-14.0	30.3	5.7	15.5	
-23.8	3.2	3.2	50.0	
-38.6	5.7	5.7	77.0	
-38.6	-4.1	5.7	64.7	
-4.1	3.2	15.5	-28.7	
37.7	3.2	8.2	-16.4	
47.5	5.7	5.7	-6.6	
45.1	47.5	-1.7	-38.6	
13.1	35.2	-6.6	-53.3	
-1.7	45.1	-1.7	-26.3	
-55.8	37.7	-4.1	3.2	
-75.5	50.0	3.2	-41.0	
-68.1	40.1	5.7	10.6	
-48.4	0.8	3.2	10.6	
-14.0	30.3	5.7	13.1	
-1.7	-102.5	3.2	22.9	
-21.4	-102.5	-1.7	35.2	
-48.4	-129.6	10.6	32.8	
-26.3	-161.6	0.8	32.8	
-9.1	182.8	5.7	20.5	
0.8	-23.8	3.2	30.3	
-11.5	-109.9	-16.4	22.9	
5.7	86.9	-9.1	8.2	
0.8	-68.1	-4.1	-1.7	
8.2	214.8	-1.7	25.4	
-4.1	62.3	3.2	35.2	
15.5	50.0	5.7	47.5	
18.0	-58.3	5.7	22.9	
18.0	-109.9	-11.5	10.6	
27.8	-119.8	-1.7	-28.7	
15.5	-109.9	15.5	-18.9	
10.6	-188.6	10.6	0.8	
0.8	-6.6	-4.1	5.7	
-9.1	13.1	-1.7	3.2	
5.7	32.8	0.8	13.1	
5.7	57.4	3.2	8.2	
0.8	37.7	22.9	3.2	
25.4	18.0	15.5	25.4	
15.5	30.3	10.6	59.8	
13.1	64.7	0.8	57.4	
8.2	52.4	-11.5	15.5	
3.2	35.2	-9.1	-1.7	
13.1	52.4	-31.2	-38.6	
18.0	-1.7	-50.9	-16.4	
25.4	18.0	-23.8	18.0	
25.4	45.1	-9.1	27.8	
45.1	5.7	-1.7	18.0	
35.2	42.6	20.5	20.5	
42.6	50.0	30.3	0.8	
30.3	52.4	3.2	8.2	
25.4	30.3	-11.5	20.5	
3.2	30.3	-14.0	20.5	
20.5	64.7	-11.5	18.0	
18.0	20.5	-1.7	27.8	
8.2	52.4	0.8	13.1	
5.7	35.2	18.0	27.8	
5.7	27.8	18.0	30.3	
-6.6	40.1	15.5	18.0	
-16.4	52.4	18.0	30.3	
-21.4	69.7	30.3	-11.5	
-33.7	27.8	25.4	-11.5	
-21.4	52.4	35.2	-4.1	
-14.0	30.3	32.8	22.9	
-4.1	54.9	32.8	37.7	
-11.5	37.7	22.9	25.4	
-28.7	30.3	32.8	-23.8	
-31.2	57.4	18.0	-9.1	
-33.7	59.8	30.3	27.8	
-31.2	77.0	30.3	25.4	
-16.4	30.3	40.1	42.6	
0.8	40.1	50.0	37.7	
10.6	18.0	47.5	45.1	
0.8	0.8	50.0	40.1	
3.2	42.6	50.0	18.0	
0.8	27.8	37.7	-28.7	
-4.1	37.7	42.6	-26.3	
-11.5	50.0	32.8	-33.7	
-21.4	52.4	25.4	-11.5	
-1.7	35.2	22.9	0.8	
42.6	27.8	35.2	-16.4	
42.6	8.2	32.8	-6.6	
20.5	42.6	30.3	8.2	
20.5	20.5	25.4	5.7	
5.7	35.2	25.4	0.8	
-9.1	30.3	30.3	-6.6	
-1.7	13.1	27.8	0.8	
8.2	-1.7	15.5	25.4	
27.8	-9.1	18.0	27.8	
37.7	22.9	18.0	25.4	
37.7	40.1	13.1	35.2	
18.0	3.2	25.4	45.1	
-4.1	-11.5	10.6	62.3	
-14.0	10.6	18.0	35.2	
-36.1	45.1	13.1	45.1	
-26.3	30.3	5.7	32.8	
-11.5	42.6	8.2	-1.7	
5.7	50.0	18.0	-26.3	
37.7	32.8	15.5	-14.0	
37.7	50.0	18.0	-1.7	
37.7	0.8	15.5	13.1	
27.8	40.1	10.6	35.2	
20.5	40.1	-9.1	27.8	
10.6	50.0	5.7	47.5	
-4.1	45.1	10.6	3.2	
-11.5	45.1	5.7	-1.7	
-23.8	50.0	0.8	-50.9	
-28.7	15.5	-6.6	-41.0	
-14.0	0.8	-6.6	-1.7	
-9.1	25.4	10.6	5.7	
5.7	40.1	-1.7	25.4	
37.7	25.4	8.2	50.0	
45.1	8.2	0.8	74.6	
20.5	40.1	3.2	15.5	
22.9	45.1	3.2	-23.8	
-1.7	50.0	-6.6	-6.6	
-23.8	32.8	-14.0	-46.0	
-16.4	45.1	-4.1	-36.1	
-28.7	54.9	-4.1	8.2	
-18.9	-50.9	0.8	-6.6	
-26.3	15.5	5.7	-18.9	
-33.7	123.8	-1.7	13.1	
-28.7	15.5	-1.7	-1.7	
-16.4	3.2	-4.1	0.8	
-26.3	77.0	-6.6	8.2	
-18.9	52.4	-4.1	20.5	
-6.6	143.5	-1.7	8.2	
-9.1	118.9	-9.1	27.8	
-6.6	-137.0	8.2	42.6	
-9.1	-90.2	5.7	27.8	
8.2	22.9	0.8	35.2	
18.0	133.6	5.7	5.7	
15.5	-205.9	0.8	3.2	
32.8	35.2	10.6	-23.8	
42.6	32.8	5.7	5.7	
22.9	35.2	13.1	25.4	
13.1	40.1	13.1	20.5	
13.1	20.5	5.7	-4.1	
-6.6	30.3	3.2	-9.1	
-9.1	50.0	-1.7	-11.5	
-9.1	72.1	13.1	5.7	
-36.1	40.1	5.7	-14.0	
-21.4	50.0	3.2	-9.1	
-6.6	32.8	-1.7	0.8	
-1.7	25.4	-6.6	20.5	
3.2	40.1	0.8	50.0	
-31.2	50.0	10.6	62.3	
-26.3	57.4	-1.7	62.3	
-1.7	74.6	-1.7	45.1	
-1.7	20.5	3.2	-4.1	
-28.7	32.8	-1.7	-6.6	
-14.0	40.1	-4.1	13.1	
20.5	13.1	8.2	-18.9	
45.1	25.4	18.0	15.5	
37.7	35.2	18.0	20.5	
37.7	27.8	10.6	-14.0	
20.5	40.1	0.8	-36.1	
13.1	40.1	20.5	-28.7	
13.1	42.6	18.0	-9.1	
3.2	47.5	3.2	32.8	
3.2	52.4	0.8	40.1	
8.2	59.8	8.2	42.6	
18.0	54.9	-4.1	50.0	
45.1	35.2	10.6	5.7	
54.9	27.8	8.2	-31.2	
57.4	30.3	15.5	-14.0	
54.9	42.6	8.2	15.5	
22.9	42.6	-6.6	-6.6	
0.8	32.8	-28.7	5.7	
-38.6	59.8	-9.1	8.2	
-50.9	15.5	-4.1	-9.1	
-53.3	57.4	-1.7	-16.4	
-50.9	22.9	5.7	18.0	
-9.1	25.4	-1.7	37.7	
32.8	20.5	3.2	22.9	
47.5	40.1	0.8	22.9	
32.8	37.7	-1.7	27.8	
8.2	35.2	15.5	20.5	
-4.1	27.8	13.1	35.2	
-26.3	25.4	10.6	47.5	
-43.5	0.8	13.1	50.0	
-53.3	22.9	18.0	25.4	
-41.0	-6.6	15.5	-1.7	
-26.3	8.2	15.5	25.4	
18.0	22.9	27.8	50.0	
20.5	25.4	20.5	-14.0	
8.2	15.5	20.5	-18.9	
-14.0	69.7	20.5	3.2	
-16.4	32.8	5.7	-6.6	
-6.6	0.8	-4.1	3.2	
10.6	13.1	3.2	-4.1	
-14.0	8.2	3.2	-11.5	
-6.6	25.4	8.2	-41.0	
-11.5	8.2	-1.7	-31.2	
-26.3	-1.7	-4.1	-11.5	
-31.2	27.8	-1.7	0.8	
-6.6	27.8	-4.1	0.8	
-1.7	27.8	-1.7	-9.1	
-4.1	27.8	13.1	-31.2	
-9.1	37.7	8.2	3.2	
-9.1	22.9	-1.7	10.6	
-4.1	30.3	-1.7	8.2	
0.8	15.5	8.2	8.2	
5.7	89.3	0.8	-9.1	
15.5	13.1	3.2	-14.0	
15.5	40.1	3.2	-9.1	
5.7	27.8	-1.7	-1.7	
3.2	13.1	8.2	5.7	
3.2	59.8	-4.1	10.6	
-14.0	30.3	-6.6	35.2	
-9.1	40.1	-4.1	32.8	
-14.0	22.9	-4.1	32.8	
0.8	40.1	-6.6	32.8	
8.2	8.2	-11.5	47.5	
20.5	-6.6	-1.7	32.8	
30.3	3.2	0.8	57.4	
35.2	5.7	-1.7	54.9	
22.9	25.4	15.5	64.7	
0.8	52.4	18.0	64.7	
-4.1	217.3	5.7	25.4	
-23.8	10.6	5.7	10.6	
-14.0	62.3	0.8	10.6	
5.7	-53.3	0.8	-4.1	
18.0	-48.4	13.1	22.9	
20.5	99.2	25.4	45.1	
22.9	136.1	13.1	30.3	
15.5	45.1	18.0	54.9	
22.9	-109.9	20.5	47.5	
22.9	-262.4	20.5	5.7	
3.2	45.1	18.0	-46.0	
3.2	-11.5	15.5	-36.1	
-1.7	-247.7	15.5	-11.5	
0.8	-198.5	20.5	15.5	
32.8	20.5	8.2	35.2	
35.2	37.7	10.6	27.8	
30.3	22.9	3.2	22.9	
5.7	47.5	5.7	30.3	
10.6	52.4	0.8	35.2	
20.5	40.1	5.7	13.1	
18.0	32.8	8.2	-14.0	
5.7	52.4	5.7	-31.2	
-16.4	20.5	8.2	-28.7	
-41.0	57.4	3.2	20.5	
-43.5	40.1	5.7	20.5	
-46.0	42.6	10.6	3.2	
-46.0	-6.6	10.6	-14.0	
-14.0	25.4	-1.7	-26.3	
-11.5	25.4	5.7	-23.8	
-21.4	45.1	0.8	-21.4	
-14.0	13.1	0.8	-1.7	
-1.7	-6.6	0.8	10.6	
15.5	8.2	13.1	15.5	
13.1	25.4	15.5	5.7	
13.1	15.5	8.2	10.6	
10.6	0.8	-6.6	-4.1	
5.7	27.8	-9.1	-28.7	
15.5	32.8	5.7	-18.9	
13.1	50.0	5.7	-6.6	
8.2	45.1	8.2	8.2	
8.2	50.0	10.6	18.0	
15.5	35.2	10.6	3.2	
0.8	52.4	18.0	-14.0	
0.8	77.0	18.0	5.7	
20.5	35.2	25.4	40.1	
22.9	50.0	22.9	25.4	
15.5	82.0	15.5	-1.7	
32.8	42.6	20.5	-31.2	
32.8	57.4	18.0	-11.5	
32.8	52.4	10.6	-6.6	
22.9	18.0	-1.7	25.4	
8.2	69.7	5.7	30.3	
8.2	10.6	-1.7	-16.4	
-1.7	8.2	10.6	-38.6	
5.7	13.1	22.9	-28.7	
-9.1	25.4	18.0	-21.4	
-1.7	32.8	30.3	-4.1	
-14.0	32.8	18.0	18.0	
-4.1	62.3	3.2	18.0	
-18.9	72.1	13.1	-1.7	
-11.5	40.1	15.5	10.6	
-11.5	54.9	5.7	3.2	
8.2	69.7	-1.7	20.5	
15.5	37.7	0.8	25.4	
25.4	30.3	-1.7	15.5	
18.0	30.3	0.8	13.1	
30.3	32.8	0.8	10.6	
30.3	57.4	3.2	8.2	
37.7	22.9	5.7	30.3	
42.6	64.7	3.2	25.4	
47.5	15.5	8.2	-6.6	
27.8	22.9	3.2	3.2	
8.2	18.0	8.2	-6.6	
-28.7	20.5	15.5	-9.1	
-48.4	13.1	22.9	-31.2	
-77.9	20.5	22.9	-18.9	
-21.4	47.5	18.0	-11.5	
18.0	52.4	18.0	8.2	
0.8	50.0	8.2	10.6	
0.8	-6.6	22.9	13.1	
-11.5	40.1	25.4	30.3	
-11.5	47.5	30.3	37.7	
-23.8	37.7	30.3	32.8	
-16.4	30.3	20.5	35.2	
-11.5	54.9	15.5	0.8	
5.7	27.8	15.5	-28.7	
8.2	10.6	15.5	-4.1	
32.8	64.7	8.2	15.5	
27.8	32.8	8.2	10.6	
35.2	30.3	-6.6	3.2	
42.6	22.9	-6.6	-9.1	
35.2	25.4	0.8	-48.4	
13.1	0.8	-4.1	-14.0	
22.9	20.5	8.2	3.2	
20.5	-16.4	-6.6	8.2	
32.8	-16.4	-1.7	27.8	
15.5	-21.4	-6.6	35.2	
13.1	3.2	-6.6	27.8	
15.5	27.8	5.7	47.5	
25.4	59.8	5.7	45.1	
13.1	-412.5	-4.1	20.5	
15.5	-282.1	3.2	47.5	
8.2	-31.2	8.2	30.3	
8.2	-114.8	13.1	-4.1	
3.2	40.1	8.2	-53.3	
13.1	202.5	10.6	-28.7	
32.8	155.8	18.0	-1.7	
32.8	249.2	22.9	13.1	
35.2	-63.2	22.9	13.1	
22.9	116.4	3.2	32.8	
22.9	-119.8	-6.6	47.5	
15.5	-1.7	5.7	32.8	
-1.7	-127.1	0.8	45.1	
3.2	-137.0	-9.1	52.4	
-9.1	74.6	-21.4	54.9	
-6.6	59.8	-16.4	67.2	
3.2	67.2	-9.1	-31.2	
-18.9	94.3	-14.0	-105.0	
-11.5	67.2	-14.0	-80.4	
-9.1	86.9	-11.5	-9.1	
-9.1	82.0	-1.7	52.4	
10.6	52.4	-4.1	74.6	
18.0	109.0	13.1	15.5	
30.3	52.4	8.2	-77.9	
32.8	77.0	-14.0	-53.3	
37.7	69.7	-4.1	-11.5	
45.1	89.3	-9.1	-18.9	
32.8	47.5	-11.5	5.7	
45.1	35.2	-1.7	22.9	
37.7	22.9	-4.1	15.5	
8.2	10.6	-4.1	-9.1	
-26.3	30.3	-9.1	-21.4	
-23.8	35.2	-1.7	3.2	
-33.7	-18.9	-4.1	20.5	
0.8	30.3	3.2	22.9	
37.7	0.8	-1.7	-4.1	
52.4	-1.7	-9.1	-1.7	
79.5	52.4	-1.7	5.7	
67.2	54.9	3.2	27.8	
42.6	27.8	-1.7	10.6	
-1.7	57.4	15.5	18.0	
-46.0	50.0	20.5	25.4	
-58.3	37.7	18.0	37.7	
-60.7	69.7	18.0	40.1	
-77.9	59.8	22.9	30.3	
-60.7	50.0	20.5	10.6	
-28.7	54.9	30.3	-4.1	
-9.1	40.1	15.5	-9.1	
-9.1	20.5	25.4	3.2	
-6.6	32.8	15.5	15.5	
-9.1	35.2	18.0	10.6	
-9.1	27.8	5.7	32.8	
-6.6	45.1	15.5	20.5	
-18.9	-16.4	13.1	-4.1	
-14.0	-1.7	-1.7	5.7	
-18.9	0.8	5.7	-9.1	
-9.1	18.0	5.7	-1.7	
-9.1	35.2	3.2	0.8	
-4.1	57.4	3.2	5.7	
-11.5	57.4	5.7	-6.6	
5.7	27.8	8.2	-1.7	
20.5	18.0	5.7	-4.1	
22.9	22.9	-4.1	5.7	
22.9	13.1	8.2	8.2	
22.9	3.2	-4.1	25.4	
3.2	27.8	8.2	32.8	
-16.4	8.2	13.1	30.3	
-4.1	37.7	15.5	8.2	
-4.1	32.8	20.5	-4.1	
3.2	27.8	22.9	-14.0	
5.7	25.4	18.0	25.4	
13.1	13.1	18.0	62.3	
35.2	52.4	27.8	74.6	
42.6	8.2	30.3	84.4	
54.9	40.1	20.5	25.4	
54.9	42.6	25.4	-38.6	
37.7	32.8	37.7	-11.5	
22.9	13.1	27.8	10.6	
-1.7	42.6	22.9	3.2	
-16.4	27.8	18.0	-16.4	
8.2	30.3	20.5	-21.4	
-4.1	37.7	13.1	-1.7	
-6.6	69.7	13.1	-4.1	
-6.6	256.6	15.5	-11.5	
-9.1	232.0	18.0	13.1	
-23.8	251.7	5.7	-1.7	
5.7	190.2	-4.1	10.6	
-18.9	153.3	0.8	20.5	
-14.0	163.1	-1.7	30.3	
-36.1	116.4	-1.7	40.1	
-31.2	155.8	-1.7	62.3	
-36.1	121.3	5.7	57.4	
5.7	118.9	-1.7	20.5	
8.2	101.6	-4.1	3.2	
35.2	101.6	-9.1	32.8	
32.8	86.9	-1.7	-18.9	
15.5	69.7	-4.1	-26.3	
0.8	96.7	-6.6	-14.0	
-23.8	59.8	-6.6	30.3	
-28.7	52.4	3.2	25.4	
-23.8	-43.5	-6.6	0.8	
-6.6	-58.3	3.2	-31.2	
18.0	109.0	-1.7	-31.2	
8.2	-178.8	-9.1	-11.5	
-1.7	-92.7	-11.5	54.9	
3.2	136.1	-6.6	35.2	
5.7	141.0	-1.7	30.3	
-9.1	266.5	0.8	-21.4	
-1.7	-277.2	-9.1	-43.5	
-6.6	113.9	-11.5	-75.5	
-9.1	-181.3	3.2	-50.9	
-4.1	8.2	-4.1	8.2	
8.2	25.4	-1.7	13.1	
3.2	-269.8	8.2	-6.6	
-1.7	25.4	0.8	-16.4	
-4.1	42.6	5.7	13.1	
-1.7	30.3	13.1	18.0	
-1.7	57.4	10.6	27.8	
10.6	42.6	3.2	67.2	
40.1	57.4	-9.1	59.8	
42.6	47.5	10.6	42.6	
35.2	57.4	-1.7	0.8	
22.9	40.1	5.7	-21.4	
22.9	72.1	10.6	-1.7	
-1.7	25.4	15.5	20.5	
-11.5	18.0	20.5	22.9	
-36.1	47.5	20.5	-1.7	
-21.4	59.8	32.8	-43.5	
-26.3	37.7	22.9	-16.4	
-21.4	45.1	20.5	25.4	
-21.4	15.5	18.0	13.1	
-41.0	15.5	15.5	32.8	
-33.7	45.1	15.5	-23.8	
-16.4	8.2	5.7	-41.0	
-31.2	-213.2	5.7	-4.1	
-33.7	-181.3	13.1	25.4	
-21.4	-169.0	-1.7	50.0	
-11.5	-117.3	3.2	8.2	
-11.5	-109.9	10.6	-21.4	
-14.0	-90.2	0.8	18.0	
-21.4	-60.7	8.2	37.7	
-16.4	-82.9	3.2	40.1	
-6.6	-68.1	-9.1	52.4	
0.8	-53.3	-16.4	25.4	
-9.1	-50.9	-11.5	35.2	
-11.5	-26.3	-6.6	13.1	
15.5	-43.5	-16.4	37.7	
13.1	-36.1	-1.7	35.2	
8.2	-14.0	-6.6	27.8	
5.7	-9.1	10.6	42.6	
20.5	-16.4	3.2	37.7	
30.3	-1.7	3.2	3.2	
22.9	-4.1	3.2	-1.7	
20.5	5.7	13.1	-1.7	
18.0	27.8	18.0	40.1	
25.4	3.2	8.2	15.5	
15.5	-11.5	0.8	8.2	
10.6	25.4	10.6	-1.7	
-11.5	20.5	18.0	-41.0	
-21.4	59.8	15.5	-36.1	
-14.0	35.2	15.5	-43.5	
25.4	27.8	5.7	-1.7	
22.9	47.5	5.7	32.8	
18.0	15.5	-9.1	15.5	
8.2	45.1	5.7	-4.1	
-23.8	37.7	8.2	-9.1	
-33.7	45.1	8.2	-21.4	
-36.1	47.5	10.6	5.7	
-33.7	5.7	3.2	13.1	
-18.9	32.8	-1.7	-6.6	
0.8	50.0	10.6	-21.4	
3.2	22.9	3.2	-23.8	
13.1	27.8	-1.7	-11.5	
32.8	8.2	13.1	5.7	
15.5	27.8	15.5	18.0	
3.2	64.7	18.0	40.1	
-14.0	37.7	18.0	42.6	
-1.7	27.8	22.9	5.7	
5.7	47.5	13.1	-4.1	
8.2	10.6	27.8	3.2	
18.0	20.5	30.3	8.2	
22.9	30.3	30.3	0.8	
20.5	25.4	25.4	-4.1	
22.9	22.9	30.3	-23.8	
0.8	15.5	15.5	-6.6	
-6.6	22.9	32.8	-1.7	
-11.5	54.9	20.5	22.9	
0.8	40.1	13.1	35.2	
-4.1	22.9	15.5	32.8	
-9.1	25.4	10.6	30.3	
-6.6	40.1	3.2	18.0	
0.8	45.1	15.5	-1.7	
8.2	180.4	20.5	15.5	
0.8	278.8	22.9	5.7	
-6.6	219.7	22.9	30.3	
-14.0	232.0	18.0	86.9	
0.8	180.4	18.0	94.3	
0.8	148.4	20.5	8.2	
-9.1	128.7	22.9	5.7	
-1.7	131.2	-4.1	42.6	
3.2	133.6	22.9	59.8	
30.3	-36.1	8.2	-21.4	
32.8	150.8	10.6	-70.6	
35.2	-21.4	13.1	-46.0	
22.9	-55.8	18.0	-23.8	
10.6	-43.5	18.0	-14.0	
-11.5	-58.3	8.2	18.0	
0.8	234.5	-6.6	27.8	
-4.1	47.5	10.6	15.5	
5.7	153.3	8.2	13.1	
5.7	-87.8	18.0	0.8	
18.0	-43.5	22.9	-16.4	
20.5	20.5	18.0	0.8	
20.5	-223.1	3.2	0.8	
10.6	22.9	0.8	15.5	
0.8	22.9	5.7	25.4	
-4.1	52.4	3.2	5.7	
8.2	45.1	3.2	15.5	
0.8	54.9	-4.1	40.1	
-9.1	72.1	3.2	37.7	
-4.1	77.0	8.2	37.7	
5.7	82.0	-1.7	-18.9	
-11.5	32.8	-1.7	-70.6	
-33.7	27.8	-1.7	-43.5	
-23.8	32.8	5.7	0.8	
-21.4	32.8	5.7	42.6	
-18.9	-200.9	-1.7	35.2	
-28.7	-176.3	-14.0	20.5	
-23.8	-149.3	-6.6	10.6	
-11.5	-137.0	-4.1	57.4	
15.5	-122.2	0.8	86.9	
40.1	-124.7	-1.7	57.4	
35.2	-90.2	-6.6	-23.8	
18.0	-80.4	-1.7	-109.9	
8.2	-55.8	-1.7	-82.9	
10.6	-16.4	-9.1	-23.8	
10.6	-6.6	-9.1	-50.9	
3.2	-4.1	0.8	-48.4	
0.8	-4.1	-9.1	-26.3	
-16.4	-9.1	-4.1	-9.1	
-9.1	-14.0	0.8	-6.6	
-28.7	3.2	-14.0	0.8	
-21.4	15.5	-11.5	32.8	
3.2	-23.8	-16.4	15.5	
13.1	-9.1	0.8	8.2	
-9.1	25.4	10.6	-23.8	
-9.1	25.4	3.2	-26.3	
-11.5	20.5	5.7	0.8	
-4.1	15.5	-4.1	8.2	
-1.7	35.2	-6.6	13.1	
15.5	20.5	5.7	32.8	
18.0	5.7	5.7	22.9	
27.8	10.6	-1.7	5.7	
32.8	40.1	0.8	5.7	
22.9	45.1	0.8	20.5	
22.9	15.5	5.7	37.7	
-4.1	25.4	15.5	45.1	
-23.8	10.6	15.5	45.1	
-18.9	42.6	22.9	40.1	
-9.1	20.5	20.5	-38.6	
-1.7	25.4	18.0	-33.7	
-4.1	47.5	18.0	25.4	
-6.6	45.1	13.1	20.5	
5.7	35.2	13.1	22.9	
-6.6	27.8	-1.7	30.3	
-6.6	40.1	-14.0	-14.0	
-6.6	25.4	0.8	-28.7	
-14.0	69.7	-9.1	-4.1	
5.7	20.5	-6.6	-14.0	
15.5	25.4	0.8	-50.9	
15.5	10.6	-14.0	-48.4	
30.3	22.9	-9.1	-23.8	
25.4	8.2	3.2	-21.4	
13.1	15.5	5.7	-9.1	
-6.6	5.7	3.2	40.1	
-21.4	25.4	5.7	74.6	
-21.4	22.9	-6.6	59.8	
-31.2	35.2	-1.7	3.2	
-33.7	15.5	-16.4	-11.5	
-16.4	-1.7	3.2	10.6	
-18.9	30.3	-6.6	3.2	
3.2	40.1	-18.9	8.2	
8.2	-6.6	-14.0	-6.6	
15.5	42.6	-4.1	-26.3	
27.8	32.8	-11.5	32.8	
30.3	0.8	-11.5	40.1	
32.8	27.8	0.8	52.4	
18.0	32.8	-6.6	-6.6	
18.0	20.5	-14.0	-14.0	
22.9	40.1	0.8	-23.8	
0.8	15.5	-11.5	0.8	
18.0	69.7	-6.6	30.3	
32.8	52.4	-6.6	22.9	
20.5	22.9	-18.9	-16.4	
18.0	37.7	-1.7	50.0	
30.3	5.7	0.8	40.1	
18.0	27.8	-6.6	18.0	
13.1	-9.1	-6.6	10.6	
18.0	-16.4	3.2	-6.6	
18.0	15.5	-9.1	20.5	
-4.1	-151.7	-4.1	45.1	
-6.6	-16.4	-4.1	-9.1	
3.2	45.1	5.7	8.2	
3.2	-63.2	3.2	25.4	
-9.1	-1.7	-6.6	18.0	
20.5	-75.5	13.1	-28.7	
13.1	136.1	20.5	-14.0	
10.6	-176.3	15.5	-14.0	
15.5	-80.4	27.8	30.3	
22.9	-240.3	18.0	62.3	
5.7	-252.6	27.8	35.2	
-4.1	111.5	5.7	-1.7	
-28.7	-137.0	3.2	-21.4	
-14.0	-188.6	8.2	-53.3	
-6.6	-1.7	-6.6	-31.2	
5.7	42.6	5.7	10.6	
-4.1	57.4	5.7	22.9	
-16.4	27.8	8.2	18.0	
-21.4	40.1	-1.7	5.7	
-31.2	91.8	10.6	5.7	
-9.1	59.8	0.8	40.1	
3.2	37.7	8.2	62.3	
32.8	37.7	8.2	15.5	
42.6	59.8	13.1	-28.7	
30.3	37.7	5.7	-48.4	
20.5	35.2	5.7	-9.1	
15.5	74.6	30.3	5.7	
-14.0	32.8	3.2	8.2	
-6.6	59.8	8.2	-21.4	
18.0	20.5	5.7	-6.6	
30.3	35.2	8.2	0.8	
22.9	35.2	-1.7	10.6	
32.8	8.2	15.5	-1.7	
40.1	15.5	10.6	-21.4	
25.4	50.0	5.7	-14.0	
18.0	47.5	0.8	30.3	
-6.6	35.2	15.5	59.8	
-16.4	27.8	8.2	15.5	
-23.8	10.6	0.8	-21.4	
-6.6	13.1	-4.1	-23.8	
15.5	35.2	-9.1	-16.4	
8.2	3.2	-18.9	5.7	
-14.0	37.7	-11.5	-4.1	
-31.2	54.9	-26.3	8.2	
-41.0	27.8	-14.0	0.8	
-31.2	15.5	-16.4	0.8	
-4.1	20.5	-14.0	20.5	
-1.7	37.7	-1.7	13.1	
20.5	32.8	-1.7	30.3	
57.4	22.9	-4.1	27.8	
50.0	37.7	-1.7	57.4	
37.7	47.5	15.5	72.1	
20.5	42.6	25.4	99.2	
10.6	25.4	20.5	77.0	
-1.7	47.5	35.2	-9.1	
-6.6	40.1	18.0	-43.5	
-14.0	22.9	18.0	-26.3	
-14.0	35.2	25.4	-14.0	
-1.7	30.3	25.4	-31.2	
13.1	20.5	22.9	-68.1	
15.5	50.0	20.5	-60.7	
15.5	37.7	27.8	-11.5	
25.4	18.0	22.9	0.8	
13.1	30.3	15.5	-53.3	
-4.1	271.4	8.2	-4.1	
-16.4	229.6	3.2	13.1	
-1.7	229.6	15.5	5.7	
22.9	192.7	20.5	-63.2	
25.4	197.6	18.0	-26.3	
5.7	153.3	25.4	72.1	
-4.1	136.1	10.6	-9.1	
-31.2	118.9	18.0	-80.4	
-36.1	118.9	18.0	-46.0	
-31.2	116.4	13.1	-85.3	
-28.7	94.3	-4.1	-60.7	
8.2	79.5	-11.5	77.0	
27.8	94.3	-4.1	106.6	
35.2	109.0	0.8	-4.1	
32.8	113.9	-1.7	-31.2	
15.5	74.6	0.8	-9.1	
5.7	22.9	18.0	-28.7	
-4.1	25.4	-4.1	27.8	
3.2	50.0	-6.6	72.1	
15.5	91.8	8.2	123.8	
18.0	77.0	5.7	101.6	
20.5	54.9	0.8	52.4	
50.0	94.3	8.2	-85.3	
42.6	62.3	18.0	-127.1	
25.4	42.6	15.5	-53.3	
5.7	27.8	5.7	5.7	
-18.9	37.7	5.7	-53.3	
-46.0	37.7	10.6	-43.5	
-48.4	13.1	0.8	-9.1	
-4.1	57.4	0.8	-18.9	
5.7	32.8	15.5	-1.7	
5.7	37.7	15.5	-1.7	
0.8	37.7	18.0	-33.7	
-14.0	79.5	25.4	-6.6	
-6.6	47.5	32.8	-28.7	
-6.6	35.2	22.9	-6.6	
-9.1	32.8	27.8	-21.4	
-11.5	195.1	20.5	-4.1	
-9.1	116.4	18.0	3.2	
-9.1	-75.5	13.1	5.7	
0.8	-134.5	8.2	42.6	
5.7	-132.1	10.6	5.7	
10.6	131.2	0.8	8.2	
15.5	111.5	-14.0	59.8	
8.2	20.5	-16.4	96.7	
18.0	-9.1	-1.7	77.0	
15.5	79.5	-14.0	-33.7	
8.2	13.1	0.8	-134.5	
-4.1	50.0	-6.6	-48.4	
13.1	-237.8	8.2	8.2	
22.9	37.7	13.1	13.1	
8.2	22.9	20.5	8.2	
5.7	22.9	25.4	-6.6	
8.2	25.4	27.8	10.6	
3.2	47.5	20.5	13.1	
-4.1	45.1	27.8	8.2	
-26.3	72.1	8.2	3.2	
-14.0	69.7	8.2	13.1	
-6.6	35.2	5.7	15.5	
3.2	42.6	3.2	32.8	
8.2	54.9	8.2	22.9	
-1.7	45.1	0.8	40.1	
10.6	15.5	-1.7	8.2	
22.9	8.2	-6.6	20.5	
15.5	20.5	-4.1	27.8	
13.1	50.0	3.2	3.2	
8.2	5.7	-4.1	10.6	
0.8	-1.7	-6.6	13.1	
-23.8	32.8	-4.1	-6.6	
-11.5	20.5	-9.1	-16.4	
-11.5	5.7	-16.4	3.2	
3.2	45.1	-4.1	15.5	
5.7	10.6	-4.1	8.2	
20.5	25.4	-1.7	-4.1	
22.9	-18.9	-14.0	-9.1	
10.6	22.9	-1.7	15.5	
8.2	22.9	-21.4	35.2	
22.9	35.2	5.7	20.5	
57.4	50.0	5.7	25.4	
77.0	42.6	8.2	10.6	
45.1	42.6	8.2	25.4	
25.4	35.2	-1.7	10.6	
10.6	35.2	3.2	-16.4	
-11.5	22.9	18.0	13.1	
-18.9	35.2	18.0	47.5	
-21.4	-171.4	10.6	52.4	
8.2	-181.3	-1.7	69.7	
27.8	-193.6	13.1	67.2	
18.0	-161.6	8.2	-70.6	
-1.7	-122.2	5.7	-60.7	
-26.3	-105.0	8.2	15.5	
-41.0	-85.3	13.1	40.1	
-38.6	-50.9	15.5	37.7	
5.7	-36.1	13.1	47.5	
50.0	-58.3	10.6	8.2	
67.2	-18.9	22.9	-18.9	
45.1	-38.6	30.3	47.5	
15.5	8.2	25.4	25.4	
-23.8	-16.4	22.9	22.9	
-23.8	-18.9	22.9	-43.5	
0.8	13.1	13.1	-119.8	
20.5	8.2	20.5	-85.3	
20.5	-9.1	20.5	-23.8	
8.2	-21.4	22.9	-26.3	
-33.7	8.2	32.8	-9.1	
-26.3	8.2	35.2	-1.7	
-11.5	3.2	25.4	-6.6	
0.8	-4.1	22.9	8.2	
18.0	13.1	30.3	-1.7	
13.1	-6.6	25.4	0.8	
20.5	45.1	18.0	15.5	
8.2	47.5	30.3	35.2	
0.8	27.8	35.2	30.3	
3.2	45.1	25.4	35.2	
3.2	50.0	20.5	57.4	
5.7	27.8	30.3	54.9	
-9.1	42.6	20.5	32.8	
-6.6	27.8	30.3	-4.1	
0.8	32.8	20.5	-28.7	
-4.1	42.6	27.8	-33.7	
-26.3	64.7	32.8	-14.0	
-26.3	47.5	32.8	15.5	
-28.7	32.8	27.8	5.7	
-33.7	40.1	20.5	18.0	
-28.7	59.8	25.4	37.7	
-33.7	30.3	22.9	84.4	
-31.2	10.6	27.8	67.2	
-21.4	42.6	27.8	-4.1	
-23.8	72.1	15.5	-28.7	
-18.9	8.2	20.5	-16.4	
-23.8	42.6	27.8	27.8	
-11.5	57.4	20.5	-58.3	
-14.0	64.7	20.5	-68.1	
-1.7	59.8	18.0	-43.5	
-4.1	67.2	18.0	27.8	
0.8	74.6	27.8	-4.1	
-4.1	532.1	13.1	-63.2	
-9.1	630.5	13.1	-68.1	
-4.1	286.1	20.5	-31.2	
3.2	320.6	15.5	-43.5	
-11.5	340.3	20.5	-21.4	
0.8	355.0	10.6	-6.6	
0.8	-4.1	5.7	25.4	
0.8	15.5	0.8	40.1	
5.7	337.8	10.6	10.6	
-1.7	416.5	5.7	37.7	
10.6	74.6	15.5	32.8	
10.6	5.7	22.9	40.1	
10.6	163.1	15.5	45.1	
10.6	-240.3	15.5	47.5	
18.0	-1.7	15.5	64.7	
20.5	13.1	10.6	77.0	
18.0	32.8	10.6	42.6	
18.0	18.0	5.7	15.5	
13.1	3.2	8.2	42.6	
18.0	54.9	-1.7	59.8	
8.2	27.8	5.7	-14.0	
15.5	10.6	-6.6	-137.0	
18.0	-11.5	10.6	-100.1	
8.2	5.7	-4.1	-58.3	
0.8	32.8	3.2	-28.7	
3.2	3.2	5.7	45.1	
20.5	15.5	5.7	0.8	
22.9	8.2	18.0	-28.7	
27.8	-14.0	30.3	-9.1	
25.4	-9.1	25.4	22.9	
32.8	-16.4	22.9	37.7	
18.0	3.2	25.4	32.8	
13.1	5.7	10.6	18.0	
8.2	20.5	30.3	0.8	
5.7	15.5	27.8	69.7	
-16.4	3.2	27.8	116.4	
-23.8	-6.6	25.4	86.9	
-31.2	3.2	42.6	-9.1	
-31.2	-31.2	30.3	-70.6	
0.8	25.4	13.1	-100.1	
-26.3	5.7	18.0	-75.5	
5.7	13.1	25.4	-33.7	
32.8	18.0	3.2	-21.4	
64.7	8.2	8.2	-11.5	
52.4	5.7	20.5	8.2	
22.9	-1.7	15.5	-23.8	
32.8	3.2	0.8	-75.5	
15.5	13.1	-6.6	-53.3	
-31.2	-4.1	0.8	-31.2	
-38.6	20.5	8.2	8.2	
-26.3	15.5	8.2	22.9	
-33.7	30.3	10.6	32.8	
15.5	32.8	5.7	10.6	
30.3	-4.1	0.8	-9.1	
25.4	8.2	-9.1	-11.5	
18.0	5.7	-4.1	20.5	
10.6	37.7	-1.7	20.5	
3.2	20.5	-11.5	18.0	
-21.4	5.7	-6.6	8.2	
-23.8	3.2	3.2	20.5	
-18.9	50.0	5.7	42.6	
-23.8	20.5	0.8	18.0	
-36.1	-16.4	-1.7	15.5	
-36.1	22.9	-9.1	25.4	
-50.9	5.7	-11.5	35.2	
-63.2	3.2	5.7	32.8	
-50.9	13.1	8.2	-4.1	
-28.7	42.6	10.6	-23.8	
37.7	-1.7	8.2	-11.5	
50.0	5.7	3.2	5.7	
37.7	-14.0	13.1	-11.5	
5.7	0.8	8.2	-18.9	
5.7	15.5	5.7	-26.3	
-9.1	27.8	8.2	-4.1	
3.2	35.2	0.8	18.0	
18.0	8.2	3.2	37.7	
18.0	52.4	-9.1	30.3	
5.7	62.3	-11.5	27.8	
-1.7	32.8	0.8	18.0	
-1.7	20.5	5.7	18.0	
8.2	35.2	-6.6	15.5	
-9.1	27.8	0.8	18.0	
8.2	15.5	-11.5	10.6	
8.2	32.8	-6.6	5.7	
15.5	40.1	-21.4	-1.7	
10.6	50.0	-11.5	-4.1	
8.2	35.2	-14.0	-16.4	
15.5	8.2	-4.1	-21.4	
18.0	-9.1	-16.4	-4.1	
15.5	27.8	-9.1	25.4	
5.7	50.0	-9.1	15.5	
5.7	50.0	-6.6	0.8	
5.7	10.6	10.6	-21.4	
5.7	8.2	0.8	8.2	
-6.6	8.2	13.1	22.9	
-1.7	47.5	8.2	5.7	
3.2	-4.1	8.2	27.8	
5.7	27.8	10.6	94.3	
18.0	32.8	8.2	86.9	
18.0	45.1	0.8	-33.7	
8.2	-112.4	8.2	-107.5	
5.7	-87.8	5.7	-87.8	
3.2	-181.3	5.7	-6.6	
8.2	214.8	15.5	47.5	
15.5	145.9	18.0	136.1	
27.8	217.3	25.4	84.4	
10.6	104.1	25.4	59.8	
20.5	273.8	18.0	54.9	
22.9	-112.4	32.8	20.5	
3.2	315.7	22.9	77.0	
5.7	35.2	20.5	8.2	
3.2	-171.4	18.0	22.9	
3.2	84.4	22.9	45.1	
8.2	-191.1	25.4	30.3	
3.2	18.0	27.8	-6.6	
3.2	37.7	20.5	32.8	
3.2	72.1	-4.1	150.8	
-1.7	45.1	-6.6	136.1	
18.0	47.5	-1.7	84.4	
8.2	32.8	8.2	-23.8	
5.7	18.0	5.7	-129.6	
25.4	42.6	15.5	-53.3	
25.4	45.1	18.0	15.5	
20.5	15.5	15.5	-21.4	
22.9	25.4	15.5	0.8	
18.0	37.7	18.0	72.1	
-1.7	18.0	25.4	3.2	
-14.0	0.8	5.7	-50.9	
-14.0	15.5	5.7	-38.6	
0.8	32.8	13.1	37.7	
20.5	50.0	10.6	91.8	
30.3	25.4	0.8	79.5	
47.5	15.5	3.2	15.5	
67.2	35.2	-9.1	-87.8	
84.4	52.4	-11.5	-50.9	
86.9	40.1	-4.1	-92.7	
77.0	8.2	-1.7	-70.6	
86.9	-1.7	3.2	-6.6	
62.3	-16.4	-1.7	-9.1	
8.2	37.7	0.8	59.8	
-16.4	37.7	5.7	-9.1	
-58.3	18.0	5.7	3.2	
-60.7	40.1	3.2	72.1	
-46.0	32.8	0.8	111.5	
-21.4	22.9	3.2	77.0	
27.8	5.7	0.8	45.1	
40.1	27.8	3.2	-26.3	
32.8	30.3	15.5	-68.1	
3.2	-9.1	22.9	13.1	
0.8	15.5	5.7	35.2	
-9.1	13.1	0.8	5.7	
-4.1	-28.7	10.6	-55.8	
-6.6	25.4	0.8	-38.6	
-18.9	-1.7	13.1	-4.1	
-18.9	15.5	10.6	-6.6	
-28.7	15.5	5.7	22.9	
-33.7	42.6	5.7	-16.4	
-14.0	42.6	15.5	5.7	
-14.0	42.6	30.3	10.6	
-6.6	27.8	25.4	20.5	
-9.1	-28.7	10.6	32.8	
-4.1	27.8	18.0	18.0	
5.7	-11.5	18.0	25.4	
0.8	25.4	22.9	15.5	
-1.7	8.2	5.7	5.7	
-9.1	0.8	13.1	0.8	
-6.6	40.1	13.1	37.7	
15.5	3.2	10.6	37.7	
22.9	50.0	8.2	18.0	
25.4	-4.1	10.6	27.8	
15.5	15.5	10.6	13.1	
22.9	13.1	18.0	18.0	
-1.7	3.2	20.5	18.0	
-14.0	0.8	18.0	-21.4	
-11.5	15.5	30.3	-33.7	
-23.8	35.2	8.2	-14.0	
-1.7	15.5	3.2	5.7	
-1.7	13.1	15.5	37.7	
0.8	0.8	25.4	67.2	
8.2	-16.4	13.1	74.6	
15.5	37.7	22.9	94.3	
8.2	27.8	15.5	74.6	
5.7	8.2	8.2	-33.7	
0.8	-16.4	10.6	-33.7	
3.2	47.5	10.6	10.6	
18.0	32.8	13.1	8.2	
32.8	32.8	15.5	20.5	
32.8	32.8	13.1	13.1	
20.5	50.0	13.1	27.8	
32.8	45.1	5.7	8.2	
74.6	15.5	15.5	-16.4	
86.9	18.0	10.6	-4.1	
67.2	0.8	15.5	-4.1	
45.1	13.1	20.5	-9.1	
18.0	20.5	20.5	8.2	
-14.0	8.2	15.5	-11.5	
-36.1	20.5	22.9	15.5	
-28.7	10.6	8.2	18.0	
-26.3	3.2	18.0	30.3	
5.7	3.2	3.2	18.0	
-6.6	106.6	8.2	3.2	
5.7	37.7	8.2	-4.1	
-11.5	35.2	8.2	-23.8	
-4.1	27.8	0.8	5.7	
-14.0	37.7	18.0	-4.1	
18.0	234.5	18.0	-14.0	
30.3	-23.8	13.1	-33.7	
32.8	104.1	5.7	-38.6	
30.3	-186.2	5.7	8.2	
25.4	-169.0	10.6	35.2	
45.1	-144.4	15.5	18.0	
52.4	40.1	15.5	-18.9	
30.3	-97.6	22.9	-9.1	
8.2	-122.2	25.4	-6.6	
-26.3	13.1	18.0	-4.1	
-38.6	40.1	52.4	-14.0	
-48.4	0.8	35.2	-18.9	
-46.0	42.6	30.3	27.8	
-41.0	57.4	42.6	-1.7	
-11.5	32.8	42.6	-16.4	
-9.1	0.8	35.2	-16.4	
22.9	64.7	32.8	-23.8	
27.8	8.2	45.1	37.7	
27.8	54.9	42.6	45.1	
13.1	8.2	37.7	10.6	
22.9	37.7	35.2	-28.7	
-4.1	57.4	22.9	-90.2	
-14.0	32.8	25.4	-48.4	
-1.7	32.8	22.9	8.2	
5.7	32.8	8.2	42.6	
8.2	27.8	-6.6	15.5	
-9.1	82.0	0.8	-23.8	
8.2	52.4	3.2	-31.2	
5.7	25.4	3.2	5.7	
-1.7	-4.1	8.2	10.6	
5.7	8.2	3.2	5.7	
13.1	-11.5	0.8	18.0	
10.6	-23.8	5.7	8.2	
-6.6	32.8	0.8	-9.1	
-18.9	32.8	0.8	0.8	
-4.1	64.7	5.7	8.2	
3.2	-4.1	-6.6	-6.6	
-4.1	-4.1	-1.7	-38.6	
3.2	-18.9	-1.7	-21.4	
-11.5	-36.1	8.2	-4.1	
-9.1	32.8	-1.7	15.5	
-4.1	45.1	-4.1	5.7	
-9.1	-6.6	0.8	13.1	
-11.5	18.0	3.2	-4.1	
0.8	59.8	8.2	-16.4	
-6.6	42.6	5.7	-11.5	
-4.1	-33.7	5.7	-1.7	
-9.1	-36.1	-1.7	0.8	
0.8	0.8	8.2	5.7	
-9.1	-18.9	10.6	15.5	
-16.4	-9.1	8.2	35.2	
-11.5	18.0	3.2	35.2	
-6.6	-11.5	18.0	25.4	
-4.1	-36.1	27.8	27.8	
-1.7	-9.1	25.4	22.9	
13.1	-43.5	25.4	32.8	
3.2	-14.0	18.0	37.7	
13.1	-18.9	20.5	30.3	
42.6	5.7	13.1	32.8	
67.2	-50.9	10.6	30.3	
67.2	-28.7	8.2	30.3	
74.6	15.5	20.5	27.8	
69.7	35.2	18.0	22.9	
47.5	22.9	30.3	37.7	
35.2	-4.1	18.0	40.1	
13.1	25.4	20.5	30.3	
-6.6	37.7	3.2	27.8	
-28.7	27.8	8.2	30.3	
-16.4	32.8	13.1	30.3	
3.2	45.1	5.7	-6.6	
-11.5	27.8	3.2	-21.4	
-14.0	35.2	13.1	-28.7	
8.2	50.0	5.7	5.7	
8.2	15.5	5.7	50.0	
-1.7	-43.5	10.6	52.4	
10.6	-114.8	-6.6	15.5	
27.8	-46.0	3.2	13.1	
13.1	-80.4	8.2	25.4	
13.1	-92.7	3.2	20.5	
30.3	-38.6	-1.7	20.5	
15.5	-58.3	5.7	20.5	
13.1	-33.7	3.2	-6.6	
18.0	-11.5	-6.6	-6.6	
-4.1	-90.2	3.2	-11.5	
0.8	-105.0	-9.1	8.2	
-4.1	-55.8	-6.6	-6.6	
-1.7	15.5	3.2	3.2	
-1.7	27.8	-18.9	8.2	
-16.4	27.8	-31.2	3.2	
-9.1	22.9	-41.0	-14.0	
-1.7	37.7	-23.8	-23.8	
-14.0	40.1	-26.3	-21.4	
-26.3	59.8	-21.4	-14.0	
-33.7	47.5	-21.4	-33.7	
-26.3	69.7	-11.5	-9.1	
-21.4	145.9	-6.6	-16.4	
-9.1	30.3	-21.4	10.6	
13.1	86.9	-14.0	57.4	
20.5	69.7	-16.4	64.7	
30.3	-60.7	-14.0	37.7	
15.5	-392.8	-6.6	18.0	
15.5	72.1	-21.4	13.1	
15.5	106.6	-16.4	8.2	
20.5	27.8	-14.0	5.7	
13.1	141.0	-1.7	10.6	
10.6	-139.4	0.8	10.6	
-4.1	-73.0	-1.7	13.1	
8.2	86.9	-4.1	25.4	
18.0	-255.1	10.6	20.5	
27.8	-26.3	-4.1	3.2	
13.1	-9.1	0.8	13.1	
20.5	-33.7	0.8	27.8	
18.0	0.8	8.2	45.1	
15.5	10.6	20.5	22.9	
15.5	-41.0	27.8	27.8	
15.5	-26.3	37.7	35.2	
10.6	-33.7	42.6	35.2	
3.2	-11.5	47.5	35.2	
5.7	20.5	37.7	45.1	
-1.7	8.2	25.4	35.2	
13.1	32.8	20.5	37.7	
27.8	64.7	32.8	37.7	
52.4	47.5	18.0	32.8	
67.2	-65.6	10.6	27.8	
67.2	-48.4	-1.7	25.4	
67.2	-43.5	-11.5	25.4	
50.0	-1.7	3.2	35.2	
27.8	50.0	8.2	59.8	
3.2	64.7	25.4	37.7	
-4.1	54.9	27.8	32.8	
-16.4	54.9	32.8	22.9	
-18.9	27.8	27.8	25.4	
-14.0	89.3	45.1	15.5	
-4.1	86.9	30.3	5.7	
32.8	133.6	18.0	0.8	
37.7	91.8	-1.7	15.5	
45.1	101.6	-31.2	27.8	
37.7	77.0	-55.8	32.8	
45.1	62.3	-73.0	20.5	
42.6	54.9	-82.9	10.6	
52.4	82.0	-68.1	0.8	
47.5	106.6	-50.9	-9.1	
35.2	22.9	-48.4	-1.7	
27.8	57.4	-50.9	3.2	
20.5	42.6	-41.0	-9.1	
10.6	18.0	-21.4	-6.6	
0.8	10.6	-14.0	13.1	
18.0	30.3	-9.1	8.2	
59.8	22.9	-4.1	-6.6	
37.7	3.2	-9.1	8.2	
30.3	-11.5	-6.6	5.7	
35.2	10.6	-11.5	25.4	
30.3	35.2	-21.4	20.5	
22.9	62.3	-50.9	8.2	
18.0	22.9	-82.9	3.2	
-1.7	8.2	-90.2	-6.6	
-16.4	86.9	-55.8	-6.6	
-1.7	67.2	-43.5	-1.7	
-6.6	99.2	-6.6	-1.7	
0.8	84.4	-1.7	10.6	
13.1	57.4	-6.6	0.8	
59.8	138.5	-9.1	8.2	
74.6	86.9	-14.0	-4.1	
79.5	84.4	-14.0	5.7	
77.0	86.9	-36.1	-1.7	
52.4	84.4	-41.0	-14.0	
40.1	82.0	-31.2	-4.1	
22.9	133.6	-53.3	-4.1	
-1.7	57.4	-46.0	-1.7	
-43.5	64.7	-41.0	-9.1	
-23.8	62.3	-16.4	-11.5	
8.2	72.1	-11.5	-6.6	
32.8	72.1	5.7	8.2	
30.3	106.6	5.7	5.7	
54.9	84.4	-4.1	8.2	
42.6	121.3	13.1	15.5	
42.6	106.6	5.7	27.8	
57.4	54.9	-6.6	18.0	
50.0	69.7	-16.4	20.5	
37.7	69.7	-21.4	3.2	
35.2	20.5	-31.2	18.0	
25.4	86.9	-14.0	5.7	
20.5	72.1	-6.6	-6.6	
35.2	59.8	-11.5	20.5	
47.5	82.0	0.8	13.1	
40.1	67.2	-4.1	22.9	
30.3	52.4	-9.1	25.4	
40.1	67.2	8.2	15.5	
45.1	57.4	8.2	-6.6	
54.9	79.5	5.7	-1.7	
54.9	47.5	15.5	3.2	
52.4	40.1	20.5	0.8	
54.9	86.9	15.5	-4.1	
50.0	82.0	22.9	-11.5	
40.1	30.3	30.3	-1.7	
42.6	94.3	25.4	-4.1	
47.5	-97.6	30.3	-11.5	
47.5	3.2	32.8	-11.5	
54.9	163.1	32.8	-4.1	
45.1	192.7	18.0	-16.4	
40.1	165.6	5.7	0.8	
37.7	74.6	-23.8	-21.4	
35.2	187.7	-16.4	-31.2	
37.7	113.9	-11.5	-14.0	
27.8	143.5	37.7	3.2	
25.4	22.9	54.9	10.6	
30.3	47.5	54.9	0.8	
25.4	99.2	57.4	-1.7	
27.8	-171.4	57.4	-1.7	
20.5	67.2	37.7	-1.7	
35.2	57.4	-4.1	-1.7	
22.9	27.8	-41.0	-14.0	
27.8	54.9	-58.3	-6.6	
27.8	27.8	-70.6	-14.0	
35.2	0.8	-43.5	-11.5	
35.2	45.1	-21.4	-21.4	
32.8	62.3	-6.6	-11.5	
42.6	40.1	-38.6	-23.8	
59.8	3.2	-53.3	-28.7	
64.7	30.3	-58.3	-11.5	
54.9	42.6	-50.9	-11.5	
42.6	47.5	-23.8	-9.1	
15.5	42.6	-21.4	-14.0	
20.5	72.1	-14.0	-11.5	
15.5	37.7	-9.1	-11.5	
15.5	59.8	-1.7	-6.6	
18.0	59.8	0.8	-1.7	
35.2	74.6	-1.7	-21.4	
54.9	52.4	5.7	-9.1	
72.1	77.0	8.2	-16.4	
79.5	64.7	-4.1	-11.5	
91.8	27.8	8.2	-9.1	
89.3	47.5	0.8	-4.1	
57.4	35.2	-4.1	-6.6	
15.5	32.8	-6.6	0.8	
-31.2	37.7	-6.6	8.2	
-58.3	18.0	-9.1	-1.7	
-31.2	3.2	42.6	0.8	
-4.1	35.2	50.0	-1.7	
18.0	20.5	45.1	-11.5	
25.4	32.8	32.8	-11.5	
20.5	20.5	27.8	-14.0	
8.2	18.0	27.8	-9.1	
13.1	54.9	13.1	-21.4	
32.8	42.6	13.1	-28.7	
42.6	32.8	-1.7	-6.6	
42.6	42.6	-11.5	-16.4	
40.1	67.2	-6.6	5.7	
22.9	77.0	-9.1	27.8	
-1.7	62.3	-11.5	25.4	
-26.3	47.5	-18.9	8.2	
-26.3	50.0	-4.1	-1.7	
-43.5	37.7	-16.4	-9.1	
-14.0	13.1	5.7	-4.1	
8.2	25.4	-9.1	-1.7	
22.9	22.9	0.8	-1.7	
45.1	-16.4	3.2	0.8	
62.3	-28.7	-1.7	5.7	
40.1	37.7	-1.7	5.7	
35.2	27.8	-4.1	5.7	
22.9	15.5	-6.6	8.2	
3.2	52.4	-11.5	0.8	
-9.1	64.7	-14.0	5.7	
-11.5	20.5	-14.0	8.2	
3.2	30.3	-11.5	-9.1	
3.2	-1.7	-4.1	-4.1	
13.1	13.1	-6.6	-11.5	
20.5	15.5	-11.5	-16.4	
15.5	40.1	5.7	0.8	
20.5	18.0	8.2	-9.1	
25.4	35.2	5.7	10.6	
27.8	5.7	10.6	8.2	
13.1	-4.1	0.8	15.5	
5.7	-14.0	-1.7	3.2	
3.2	3.2	-1.7	-1.7	
0.8	-9.1	-6.6	3.2	
15.5	8.2	0.8	10.6	
15.5	15.5	15.5	0.8	
37.7	25.4	22.9	-1.7	
40.1	35.2	25.4	8.2	
42.6	47.5	-1.7	-6.6	
59.8	54.9	-21.4	8.2	
64.7	52.4	-11.5	3.2	
52.4	62.3	-21.4	-6.6	
27.8	42.6	-18.9	-1.7	
25.4	84.4	-4.1	0.8	
27.8	45.1	-4.1	-14.0	
30.3	37.7	-9.1	-14.0	
45.1	25.4	5.7	-14.0	
57.4	47.5	0.8	-14.0	
47.5	42.6	13.1	-16.4	
42.6	54.9	5.7	-18.9	
42.6	20.5	10.6	-11.5	
32.8	22.9	-1.7	-18.9	
47.5	8.2	10.6	-9.1	
45.1	-535.5	13.1	10.6	
27.8	-230.5	27.8	15.5	
37.7	-112.4	32.8	27.8	
37.7	-16.4	27.8	22.9	
22.9	35.2	35.2	20.5	
15.5	143.5	45.1	10.6	
10.6	89.3	59.8	-6.6	
5.7	74.6	64.7	-6.6	
3.2	182.8	69.7	-11.5	
18.0	205.0	59.8	-6.6	
13.1	-38.6	54.9	-26.3	
30.3	104.1	57.4	-11.5	
15.5	170.5	47.5	3.2	
0.8	-132.1	59.8	-6.6	
10.6	62.3	62.3	-18.9	
-4.1	82.0	45.1	-16.4	
8.2	42.6	35.2	-11.5	
5.7	20.5	47.5	-11.5	
-4.1	62.3	35.2	-9.1	
0.8	22.9	35.2	-14.0	
18.0	32.8	32.8	-16.4	
3.2	42.6	32.8	-21.4	
8.2	-31.2	37.7	-16.4	
3.2	20.5	40.1	-14.0	
13.1	30.3	35.2	-18.9	
18.0	27.8	25.4	-21.4	
25.4	62.3	25.4	-18.9	
22.9	64.7	27.8	-1.7	
32.8	42.6	37.7	-16.4	
30.3	74.6	30.3	-9.1	
30.3	54.9	22.9	-4.1	
25.4	52.4	32.8	-14.0	
18.0	91.8	27.8	-11.5	
35.2	59.8	18.0	-4.1	
20.5	47.5	25.4	-11.5	
15.5	32.8	22.9	-23.8	
27.8	22.9	27.8	-4.1	
13.1	47.5	30.3	-14.0	
20.5	45.1	15.5	-6.6	
30.3	42.6	15.5	-4.1	
20.5	82.0	15.5	0.8	
25.4	64.7	8.2	0.8	
25.4	-11.5	5.7	-31.2	
27.8	45.1	-6.6	-18.9	
25.4	84.4	15.5	-4.1	
18.0	101.6	20.5	25.4	
25.4	113.9	15.5	25.4	
13.1	133.6	13.1	8.2	
13.1	123.8	18.0	-21.4	
18.0	121.3	8.2	-9.1	
27.8	89.3	8.2	-6.6	
25.4	118.9	8.2	-1.7	
13.1	126.2	18.0	5.7	
25.4	96.7	22.9	10.6	
18.0	89.3	18.0	5.7	
22.9	94.3	10.6	15.5	
30.3	64.7	-6.6	8.2	
22.9	91.8	13.1	5.7	
27.8	99.2	15.5	20.5	
47.5	86.9	5.7	18.0	
22.9	59.8	-21.4	5.7	
25.4	40.1	10.6	-9.1	
25.4	8.2	-4.1	-6.6	
5.7	35.2	3.2	3.2	
-9.1	10.6	0.8	0.8	
-11.5	15.5	20.5	27.8	
-28.7	37.7	20.5	32.8	
-33.7	0.8	-4.1	35.2	
-28.7	15.5	-38.6	37.7	
-31.2	32.8	-28.7	27.8	
-28.7	-1.7	-18.9	18.0	
-21.4	-4.1	-9.1	18.0	
-14.0	40.1	8.2	-1.7	
-11.5	-1.7	25.4	13.1	
-4.1	-11.5	32.8	5.7	
-1.7	-14.0	18.0	0.8	
3.2	-41.0	8.2	5.7	
-9.1	-77.9	20.5	5.7	
0.8	-43.5	0.8	22.9	
5.7	-55.8	0.8	25.4	
5.7	-38.6	3.2	27.8	
10.6	-26.3	-9.1	25.4	
10.6	-82.9	3.2	35.2	
15.5	-28.7	10.6	22.9	
22.9	-33.7	15.5	22.9	
8.2	-23.8	20.5	5.7	
10.6	-21.4	15.5	20.5	
0.8	0.8	25.4	13.1	
13.1	-43.5	30.3	10.6	
20.5	-23.8	15.5	5.7	
13.1	-26.3	10.6	0.8	
8.2	0.8	10.6	-6.6	
0.8	57.4	8.2	-1.7	
-14.0	15.5	5.7	18.0	
-4.1	15.5	18.0	3.2	
-11.5	20.5	32.8	8.2	
-1.7	30.3	42.6	18.0	
-9.1	0.8	27.8	20.5	
-1.7	-21.4	27.8	27.8	
-16.4	-4.1	27.8	27.8	
-9.1	-124.7	5.7	27.8	
-4.1	-102.5	10.6	35.2	
-4.1	-26.3	10.6	27.8	
10.6	-14.0	25.4	20.5	
0.8	-85.3	27.8	27.8	
-4.1	22.9	25.4	18.0	
-4.1	52.4	37.7	13.1	
-4.1	69.7	25.4	13.1	
3.2	-178.8	25.4	0.8	
-4.1	30.3	15.5	-1.7	
-6.6	-55.8	18.0	8.2	
-6.6	-100.1	18.0	15.5	
-4.1	145.9	22.9	8.2	
-4.1	-183.7	47.5	-4.1	
-11.5	-33.7	45.1	18.0	
-14.0	-23.8	54.9	42.6	
-14.0	-90.2	47.5	18.0	
-9.1	-50.9	37.7	5.7	
-11.5	-43.5	37.7	-14.0	
-14.0	-58.3	22.9	-14.0	
-16.4	-36.1	15.5	-1.7	
-9.1	-50.9	-11.5	-6.6	
-11.5	-107.5	-33.7	13.1	
-9.1	-31.2	-18.9	15.5	
10.6	-70.6	0.8	22.9	
-4.1	-63.2	25.4	10.6	
-4.1	-38.6	37.7	0.8	
-16.4	-21.4	59.8	8.2	
-6.6	-33.7	40.1	13.1	
-14.0	-33.7	45.1	20.5	
-1.7	-85.3	47.5	20.5	
-1.7	-33.7	18.0	8.2	
8.2	-6.6	-23.8	8.2	
-4.1	-80.4	-21.4	0.8	
13.1	-31.2	-1.7	10.6	
13.1	-31.2	0.8	22.9	
15.5	-41.0	30.3	20.5	
13.1	-21.4	32.8	8.2	
3.2	-36.1	15.5	-4.1	
5.7	-97.6	-14.0	-1.7	
0.8	-28.7	-41.0	5.7	
3.2	-14.0	-48.4	10.6	
-1.7	-97.6	-38.6	13.1	
8.2	3.2	-26.3	15.5	
10.6	-23.8	-33.7	5.7	
8.2	-46.0	-23.8	8.2	
13.1	-4.1	42.6	8.2	
3.2	37.7	54.9	22.9	
3.2	133.6	40.1	20.5	
8.2	254.2	20.5	32.8	
8.2	121.3	0.8	32.8	
-1.7	101.6	10.6	35.2	
8.2	165.6	0.8	10.6	
13.1	133.6	-23.8	5.7	
27.8	138.5	-31.2	-4.1	
25.4	101.6	-28.7	8.2	
18.0	69.7	-21.4	18.0	
10.6	42.6	-23.8	15.5	
0.8	77.0	-28.7	8.2	
10.6	50.0	-41.0	-1.7	
0.8	77.0	-38.6	0.8	
8.2	18.0	-70.6	0.8	
25.4	-23.8	-55.8	3.2	
18.0	30.3	-36.1	-1.7	
8.2	37.7	-18.9	3.2	
3.2	-16.4	8.2	-1.7	
18.0	3.2	50.0	-9.1	
10.6	3.2	47.5	-4.1	
-1.7	-4.1	42.6	8.2	
13.1	0.8	27.8	8.2	
3.2	-68.1	27.8	-9.1	
-1.7	-82.9	57.4	-9.1	
-16.4	-38.6	52.4	3.2	
-16.4	-33.7	64.7	13.1	
-16.4	-75.5	0.8	13.1	
-11.5	-73.0	-102.5	5.7	
-14.0	-100.1	-134.5	10.6	
-4.1	-68.1	-95.2	8.2	
-4.1	-87.8	22.9	20.5	
3.2	-92.7	116.4	18.0	
8.2	-75.5	131.2	3.2	
5.7	-87.8	118.9	-4.1	
5.7	-112.4	104.1	-1.7	
3.2	-77.9	113.9	-6.6	
-9.1	-53.3	109.0	-9.1	
-11.5	-23.8	57.4	-11.5	
-1.7	59.8	-77.9	-4.1	
-4.1	67.2	-97.6	3.2	
-4.1	131.2	-97.6	0.8	
-21.4	153.3	-119.8	5.7	
-18.9	155.8	-80.4	-18.9	
-21.4	187.7	-31.2	-9.1	
-16.4	271.4	50.0	0.8	
-14.0	185.3	96.7	-21.4	
-21.4	207.4	109.0	-6.6	
-14.0	244.3	82.0	8.2	
-11.5	246.8	99.2	13.1	
-9.1	239.4	42.6	13.1	
-14.0	303.4	-85.3	15.5	
-11.5	246.8	-156.7	-1.7	
-11.5	123.8	-112.4	-36.1	
-11.5	249.2	30.3	-21.4	
0.8	224.6	131.2	-6.6	
-9.1	369.8	106.6	18.0	
-11.5	436.2	57.4	0.8	
-9.1	278.8	5.7	-1.7	
-11.5	475.6	20.5	-9.1	
-16.4	448.5	42.6	8.2	
-9.1	593.6	59.8	22.9	
-6.6	596.1	84.4	25.4	
-18.9	714.2	84.4	-4.1	
-14.0	660.1	50.0	-6.6	
-31.2	519.8	27.8	10.6	
-31.2	298.4	3.2	18.0	
-23.8	374.7	-33.7	20.5	
-14.0	350.1	-53.3	27.8	
-11.5	281.2	-55.8	32.8	
-18.9	217.3	-55.8	22.9	
-14.0	249.2	40.1	-4.1	
-23.8	209.9	20.5	8.2	
-21.4	177.9	25.4	32.8	
-33.7	89.3	40.1	27.8	
-41.0	-6.6	32.8	35.2	
-33.7	-26.3	-18.9	27.8	
-26.3	-75.5	-41.0	32.8	
-26.3	-100.1	-58.3	42.6	
-23.8	-70.6	-14.0	47.5	
-36.1	-132.1	82.0	50.0	
-33.7	-102.5	101.6	57.4	
-48.4	-97.6	79.5	52.4	
-31.2	-95.2	30.3	54.9	
-6.6	-85.3	-31.2	62.3	
13.1	-36.1	-58.3	57.4	
3.2	-100.1	-36.1	57.4	
-21.4	-129.6	-105.0	52.4	
-18.9	-92.7	-186.2	59.8	
-18.9	-119.8	-146.8	40.1	
-26.3	-100.1	-53.3	50.0	
-33.7	-70.6	0.8	45.1	
-43.5	-41.0	52.4	30.3	
-36.1	-77.9	72.1	37.7	
-21.4	20.5	79.5	30.3	
-38.6	-85.3	74.6	35.2	
-48.4	-60.7	101.6	25.4	
-55.8	-80.4	96.7	42.6	
-65.6	-188.6	74.6	45.1	
-60.7	-129.6	-21.4	40.1	
-58.3	-146.8	-21.4	35.2	
-41.0	-166.5	5.7	8.2	
-33.7	-144.4	22.9	-6.6	
-38.6	-139.4	47.5	-14.0	
-21.4	-119.8	54.9	-16.4	
-41.0	-80.4	37.7	-21.4	
-28.7	-102.5	64.7	-9.1	
-38.6	-107.5	50.0	-18.9	
-48.4	-141.9	37.7	-23.8	
-46.0	-164.0	40.1	-18.9	
-55.8	-137.0	5.7	-21.4	
-70.6	-161.6	-14.0	-23.8	
-55.8	-134.5	-23.8	-16.4	
-53.3	-208.3	-9.1	-11.5	
-53.3	-166.5	-16.4	0.8	
-53.3	22.9	-4.1	5.7	
-60.7	-6.6	-4.1	-9.1	
-63.2	-11.5	-26.3	-18.9	
-70.6	-48.4	-41.0	-16.4	
-68.1	-1.7	-14.0	-16.4	
-68.1	-6.6	13.1	-11.5	
-55.8	-63.2	15.5	-14.0	
-55.8	-41.0	0.8	-11.5	
-53.3	18.0	-14.0	3.2	
-60.7	15.5	-16.4	-1.7	
-60.7	20.5	-41.0	-1.7	
-43.5	13.1	-48.4	0.8	
-53.3	40.1	-33.7	-21.4	
-48.4	64.7	-9.1	-1.7	
-50.9	32.8	20.5	15.5	
-46.0	62.3	25.4	20.5	
-58.3	74.6	18.0	15.5	
-58.3	62.3	25.4	-1.7	
-58.3	86.9	35.2	10.6	
-60.7	67.2	35.2	22.9	
-68.1	47.5	10.6	50.0	
-77.9	52.4	13.1	18.0	
-70.6	101.6	22.9	-33.7	
-70.6	57.4	-16.4	-85.3	
-58.3	116.4	-58.3	-80.4	
-46.0	96.7	-46.0	-65.6	
-18.9	35.2	3.2	-46.0	
-18.9	59.8	77.0	-28.7	
-9.1	67.2	145.9	-31.2	
-14.0	37.7	128.7	-16.4	
-31.2	84.4	106.6	-16.4	
-43.5	57.4	64.7	-16.4	
-46.0	30.3	5.7	-28.7	
-48.4	37.7	-23.8	-28.7	
-65.6	50.0	-26.3	-18.9	
-53.3	22.9	-28.7	-36.1	
-36.1	27.8	-21.4	-26.3	
-31.2	25.4	-11.5	-16.4	
-14.0	0.8	3.2	-33.7	
-9.1	52.4	5.7	-18.9	
-11.5	86.9	22.9	-14.0	
-6.6	50.0	27.8	-11.5	
5.7	128.7	25.4	-18.9	
-1.7	315.7	25.4	-11.5	
-14.0	212.3	-4.1	-14.0	
-18.9	207.4	-4.1	-14.0	
-11.5	-33.7	-16.4	-9.1	
-16.4	264.0	-18.9	3.2	
-28.7	-9.1	-58.3	3.2	
-31.2	158.2	-82.9	-11.5	
-28.7	259.1	-60.7	-16.4	
-26.3	52.4	-43.5	-9.1	
-4.1	241.9	-31.2	-16.4	
-9.1	232.0	42.6	-4.1	
-14.0	205.0	113.9	-9.1	
-26.3	217.3	84.4	-9.1	
-16.4	259.1	3.2	10.6	
-23.8	143.5	-6.6	5.7	
-6.6	205.0	-1.7	-4.1	
-9.1	244.3	0.8	3.2	
-9.1	190.2	-9.1	-4.1	
0.8	180.4	-1.7	-1.7	
3.2	219.7	37.7	-9.1	
-6.6	163.1	86.9	-14.0	
-21.4	111.5	74.6	-4.1	
-11.5	47.5	47.5	-6.6	
-14.0	5.7	-9.1	-4.1	
-6.6	-82.9	-33.7	-1.7	
-4.1	-296.9	-23.8	3.2	
-1.7	-237.8	-23.8	20.5	
-11.5	-208.3	-65.6	20.5	
-21.4	-90.2	-196.0	35.2	
-33.7	-95.2	-164.0	22.9	
-26.3	-228.0	-90.2	25.4	
-14.0	-220.6	40.1	35.2	
-9.1	-274.7	77.0	22.9	
0.8	-203.4	106.6	40.1	
-6.6	-228.0	131.2	32.8	
8.2	-343.6	106.6	20.5	
-6.6	-407.6	62.3	25.4	
8.2	-594.5	25.4	25.4	
-9.1	-321.5	-21.4	35.2	
-1.7	-200.9	-43.5	59.8	
-1.7	-203.4	-73.0	62.3	
-4.1	-223.1	-85.3	47.5	
-4.1	0.8	-107.5	20.5	
-11.5	-31.2	-92.7	22.9	
0.8	30.3	-38.6	8.2	
0.8	40.1	-31.2	27.8	
3.2	40.1	-38.6	27.8	
-4.1	15.5	8.2	10.6	
-4.1	20.5	47.5	13.1	
-6.6	-4.1	72.1	27.8	
-4.1	-105.0	62.3	27.8	
0.8	-141.9	59.8	15.5	
-1.7	-90.2	42.6	-4.1	
-9.1	-392.8	20.5	-6.6	
5.7	-240.3	22.9	-14.0	
3.2	-124.7	5.7	-14.0	
-4.1	-137.0	10.6	-9.1	
10.6	-80.4	25.4	-9.1	
-6.6	-50.9	-4.1	0.8	
-4.1	-50.9	-65.6	-9.1	
5.7	-109.9	-65.6	-1.7	
0.8	-112.4	-53.3	-1.7	
-6.6	-100.1	3.2	-11.5	
-6.6	-33.7	-14.0	-9.1	
-1.7	244.3	-55.8	-18.9	
-9.1	320.6	-70.6	-1.7	
3.2	217.3	-18.9	0.8	
-6.6	20.5	3.2	-9.1	
-4.1	-14.0	72.1	3.2	
-4.1	27.8	86.9	0.8	
-9.1	-46.0	42.6	0.8	
-6.6	-11.5	5.7	-6.6	
3.2	-14.0	-23.8	-4.1	
10.6	113.9	-1.7	-6.6	
3.2	433.7	20.5	-9.1	
8.2	15.5	35.2	-16.4	
-6.6	69.7	20.5	0.8	
-1.7	478.0	18.0	-4.1	
5.7	273.8	22.9	-9.1	
3.2	141.0	10.6	-6.6	
5.7	-11.5	18.0	-11.5	
-6.6	-60.7	0.8	13.1	
-16.4	-87.8	-14.0	27.8	
-9.1	-50.9	-11.5	18.0	
5.7	-48.4	-21.4	3.2	
18.0	-70.6	-38.6	-11.5	
30.3	-107.5	-43.5	-18.9	
25.4	-149.3	-16.4	-4.1	
18.0	-80.4	-28.7	8.2	
18.0	-68.1	-18.9	-9.1	
22.9	-43.5	-18.9	-14.0	
47.5	-26.3	-14.0	-4.1	
25.4	-9.1	15.5	-6.6	
5.7	5.7	22.9	-28.7	
-14.0	32.8	25.4	-16.4	
-18.9	52.4	15.5	-9.1	
-16.4	-75.5	18.0	-23.8	
-28.7	54.9	-11.5	-18.9	
-21.4	109.0	-14.0	-21.4	
-4.1	133.6	8.2	-11.5	
18.0	27.8	30.3	-21.4	
20.5	173.0	42.6	-33.7	
27.8	22.9	3.2	-33.7	
13.1	84.4	32.8	-31.2	
13.1	283.7	40.1	-33.7	
-1.7	136.1	27.8	-21.4	
-9.1	-164.0	-1.7	-4.1	
-23.8	-38.6	-68.1	-1.7	
-23.8	-77.9	-90.2	0.8	
3.2	54.9	-92.7	8.2	
0.8	67.2	-95.2	13.1	
-16.4	104.1	-105.0	-1.7	
-18.9	96.7	-109.9	-21.4	
-14.0	89.3	-117.3	-6.6	
0.8	104.1	-4.1	-1.7	
-9.1	45.1	62.3	5.7	
-9.1	18.0	79.5	0.8	
-23.8	22.9	40.1	-1.7	
-23.8	13.1	37.7	-18.9	
5.7	47.5	30.3	-1.7	
15.5	45.1	13.1	-4.1	
30.3	239.4	0.8	5.7	
59.8	47.5	18.0	-4.1	
25.4	18.0	30.3	-4.1	
0.8	96.7	-4.1	8.2	
13.1	89.3	3.2	0.8	
18.0	59.8	32.8	8.2	
-11.5	25.4	59.8	10.6	
-14.0	13.1	69.7	0.8	
0.8	89.3	42.6	10.6	
27.8	42.6	0.8	15.5	
37.7	40.1	-50.9	10.6	
25.4	30.3	-68.1	13.1	
18.0	-28.7	-73.0	8.2	
15.5	10.6	-68.1	3.2	
13.1	15.5	-55.8	10.6	
5.7	54.9	-43.5	-6.6	
-4.1	77.0	-48.4	3.2	
5.7	40.1	-14.0	5.7	
-9.1	-55.8	50.0	-4.1	
0.8	-4.1	67.2	18.0	
0.8	-23.8	52.4	25.4	
0.8	45.1	15.5	10.6	
8.2	-4.1	13.1	10.6	
15.5	3.2	-6.6	8.2	
20.5	118.9	-36.1	18.0	
3.2	116.4	-21.4	3.2	
5.7	52.4	-14.0	0.8	
5.7	-181.3	-4.1	5.7	
0.8	-9.1	3.2	3.2	
5.7	133.6	-6.6	10.6	
5.7	168.1	-9.1	18.0	
-9.1	305.8	-33.7	20.5	
5.7	232.0	-6.6	18.0	
-1.7	276.3	5.7	5.7	
5.7	182.8	3.2	0.8	
-1.7	367.3	13.1	8.2	
25.4	628.1	35.2	5.7	
20.5	792.9	96.7	-1.7	
18.0	760.9	158.2	3.2	
15.5	692.0	145.9	-9.1	
22.9	613.3	104.1	-1.7	
25.4	652.7	62.3	5.7	
27.8	630.5	42.6	-6.6	
25.4	647.8	-21.4	-14.0	
27.8	662.5	-63.2	-1.7	
18.0	721.6	-63.2	0.8	
13.1	719.1	-77.9	-11.5	
37.7	800.3	-124.7	-16.4	
35.2	965.1	-102.5	-6.6	
32.8	960.2	-18.9	-14.0	
32.8	893.8	13.1	-16.4	
27.8	938.0	35.2	-6.6	
27.8	933.1	22.9	-6.6	
22.9	906.1	18.0	-11.5	
30.3	965.1	18.0	-1.7	
20.5	1061.0	15.5	-1.7	
25.4	962.6	3.2	-1.7	
22.9	898.7	3.2	-4.1	
13.1	869.2	3.2	0.8	
13.1	694.5	0.8	-1.7	
-1.7	637.9	-14.0	5.7	
0.8	642.8	13.1	8.2	
-23.8	660.1	8.2	15.5	
-18.9	470.6	8.2	5.7	
-16.4	271.4	15.5	-1.7	
-16.4	281.2	32.8	-1.7	
-11.5	145.9	35.2	0.8	
-9.1	200.0	40.1	5.7	
-21.4	69.7	57.4	0.8	
-11.5	-41.0	72.1	-9.1	
-11.5	-11.5	30.3	-14.0	
8.2	-90.2	22.9	-14.0	
5.7	-228.0	8.2	-18.9	
3.2	-358.4	-1.7	-21.4	
15.5	-43.5	-14.0	-28.7	
13.1	-287.0	-14.0	-31.2	
-1.7	-410.0	-33.7	-26.3	
-1.7	-459.2	-65.6	22.9	
-11.5	-456.8	-112.4	22.9	
-6.6	-328.9	-65.6	18.0	
8.2	-727.4	-53.3	18.0	
-1.7	-695.4	-31.2	8.2	
-11.5	-442.0	-28.7	5.7	
5.7	-685.6	-38.6	5.7	
0.8	-515.8	-50.9	15.5	
15.5	-547.8	-43.5	25.4	
20.5	-665.9	-28.7	20.5	
27.8	-641.3	-18.9	10.6	
8.2	-552.7	-4.1	-6.6	
15.5	-501.1	-9.1	-18.9	
15.5	-491.2	8.2	-16.4	
25.4	-402.7	3.2	10.6	
20.5	-326.4	-14.0	5.7	
35.2	-444.5	-23.8	-6.6	
35.2	-368.2	-41.0	8.2	
42.6	-304.3	-36.1	0.8	
27.8	-304.3	-28.7	8.2	
37.7	-255.1	-43.5	10.6	
35.2	-235.4	-21.4	27.8	
35.2	-132.1	-14.0	40.1	
22.9	-235.4	3.2	42.6	
22.9	-274.7	0.8	13.1	
22.9	-191.1	3.2	-43.5	
22.9	-235.4	-14.0	-50.9	
8.2	-262.4	-28.7	-31.2	
8.2	-210.8	-21.4	3.2	
0.8	-250.1	-11.5	32.8	
-6.6	-245.2	-9.1	42.6	
5.7	-178.8	-9.1	32.8	
8.2	-124.7	0.8	27.8	
3.2	-129.6	-11.5	10.6	
0.8	-55.8	-1.7	-14.0	
8.2	-63.2	-11.5	-1.7	
3.2	-41.0	-11.5	-16.4	
10.6	-14.0	-14.0	-31.2	
18.0	-21.4	-33.7	0.8	
18.0	22.9	-33.7	18.0	
10.6	-4.1	-9.1	37.7	
8.2	-21.4	10.6	52.4	
10.6	-9.1	15.5	37.7	
8.2	-23.8	-9.1	-23.8	
-4.1	-6.6	-11.5	-50.9	
-1.7	40.1	-11.5	-107.5	
-16.4	-16.4	-18.9	-112.4	
-4.1	-48.4	3.2	-55.8	
10.6	-36.1	13.1	-41.0	
-11.5	-92.7	15.5	-95.2	
-4.1	-50.9	18.0	-38.6	
-6.6	-48.4	13.1	27.8	
-6.6	-90.2	-6.6	62.3	
0.8	-73.0	3.2	150.8	
13.1	-50.9	3.2	25.4	
20.5	-33.7	0.8	-156.7	
30.3	-21.4	3.2	-141.9	
27.8	-38.6	18.0	141.0	
25.4	-53.3	27.8	54.9	
25.4	13.1	25.4	59.8	
0.8	-18.9	15.5	369.8	
-16.4	-48.4	13.1	273.8	
-11.5	8.2	18.0	10.6	
10.6	-9.1	3.2	-200.9	
0.8	-36.1	0.8	-203.4	
3.2	-58.3	-4.1	5.7	
5.7	-36.1	-1.7	96.7	
3.2	-16.4	3.2	45.1	
20.5	-77.9	-14.0	3.2	
8.2	-129.6	-9.1	40.1	
5.7	-149.3	-31.2	-124.7	
-14.0	-114.8	-28.7	-358.4	
-11.5	-85.3	-33.7	-200.9	
8.2	-80.4	-31.2	-164.0	
-18.9	-58.3	-36.1	131.2	
-14.0	-28.7	-21.4	362.4	
-23.8	-55.8	-18.9	-198.5	
-11.5	-38.6	-9.1	-48.4	
3.2	-26.3	-23.8	113.9	
-4.1	5.7	-14.0	136.1	
15.5	10.6	-1.7	62.3	
8.2	-63.2	-11.5	20.5	
5.7	-18.9	-9.1	3.2	
0.8	-16.4	-9.1	91.8	
-1.7	10.6	-14.0	138.5	
13.1	-43.5	-9.1	74.6	
8.2	-171.4	-11.5	128.7	
-4.1	-250.1	-14.0	40.1	
-4.1	-257.5	-18.9	-228.0	
-9.1	-225.5	-21.4	-166.5	
8.2	-159.1	-21.4	-23.8	
0.8	-200.9	-16.4	-348.5	
13.1	-208.3	-4.1	-208.3	
22.9	-156.7	-4.1	18.0	
25.4	-151.7	-4.1	153.3	
20.5	-139.4	-11.5	52.4	
18.0	-117.3	-4.1	-1.7	
10.6	-11.5	-1.7	-166.5	
-18.9	-80.4	0.8	-309.2	
-21.4	-41.0	10.6	-355.9	
-33.7	-137.0	5.7	377.2	
-28.7	-70.6	-1.7	473.1	
-11.5	-171.4	13.1	-70.6	
0.8	40.1	-1.7	59.8	
5.7	-82.9	3.2	79.5	
13.1	-208.3	5.7	116.4	
32.8	-16.4	-9.1	72.1	
25.4	-73.0	-14.0	111.5	
45.1	-107.5	-4.1	131.2	
40.1	-129.6	0.8	72.1	
40.1	-139.4	-11.5	94.3	
22.9	-26.3	-6.6	86.9	
22.9	-9.1	10.6	82.0	
20.5	25.4	8.2	32.8	
5.7	-11.5	5.7	91.8	
5.7	32.8	8.2	54.9	
5.7	47.5	-1.7	20.5	
-4.1	42.6	0.8	13.1	
0.8	84.4	3.2	3.2	
18.0	123.8	5.7	20.5	
18.0	126.2	13.1	67.2	
10.6	121.3	22.9	47.5	
5.7	91.8	20.5	57.4	
5.7	57.4	27.8	45.1	
5.7	54.9	27.8	5.7	
5.7	121.3	22.9	-14.0	
-11.5	143.5	15.5	5.7	
0.8	192.7	15.5	20.5	
10.6	212.3	18.0	10.6	
5.7	190.2	8.2	-9.1	
0.8	273.8	-4.1	-1.7	
0.8	268.9	0.8	-1.7	
10.6	337.8	8.2	-4.1	
5.7	387.0	-11.5	-9.1	
8.2	396.8	5.7	-6.6	
8.2	482.9	-9.1	-1.7	
10.6	438.7	-14.0	-9.1	
13.1	436.2	-16.4	-23.8	
15.5	468.2	-6.6	-28.7	
22.9	642.8	-16.4	-18.9	
22.9	554.3	-4.1	-36.1	
30.3	588.7	-1.7	-41.0	
30.3	566.6	-6.6	-46.0	
15.5	510.0	10.6	-16.4	
20.5	502.6	-9.1	0.8	
5.7	537.1	-9.1	-18.9	
27.8	605.9	-4.1	-18.9	
42.6	549.4	-4.1	-6.6	
40.1	507.5	0.8	3.2	
27.8	458.3	-26.3	22.9	
18.0	731.4	-11.5	37.7	
13.1	736.3	-9.1	32.8	
3.2	692.0	-6.6	-4.1	
-1.7	719.1	-4.1	-31.2	
-16.4	677.3	-14.0	-53.3	
-11.5	635.5	-9.1	-18.9	
-9.1	652.7	-9.1	-18.9	
3.2	542.0	8.2	-31.2	
5.7	512.5	-11.5	-9.1	
5.7	514.9	5.7	3.2	
5.7	372.2	-4.1	-16.4	
18.0	288.6	-1.7	-11.5	
20.5	296.0	13.1	13.1	
20.5	256.6	25.4	20.5	
22.9	296.0	25.4	35.2	
25.4	163.1	15.5	42.6	
22.9	126.2	3.2	25.4	
35.2	35.2	22.9	20.5	
32.8	-70.6	8.2	3.2	
27.8	-164.0	-6.6	-1.7	
37.7	-205.9	20.5	15.5	
25.4	-196.0	25.4	10.6	
27.8	-198.5	45.1	0.8	
25.4	-151.7	42.6	-1.7	
32.8	-149.3	57.4	-1.7	
27.8	-122.2	42.6	-6.6	
22.9	-250.1	42.6	8.2	
22.9	-181.3	27.8	-6.6	
15.5	-262.4	-6.6	0.8	
40.1	-250.1	8.2	-9.1	
20.5	-279.7	5.7	-16.4	
20.5	-237.8	3.2	-26.3	
27.8	-230.5	-18.9	-48.4	
25.4	-250.1	-4.1	-28.7	
27.8	-257.5	10.6	-11.5	
20.5	-277.2	-6.6	10.6	
15.5	-260.0	-55.8	37.7	
3.2	-274.7	-41.0	47.5	
-18.9	-269.8	-9.1	15.5	
13.1	-338.7	-11.5	3.2	
20.5	-309.2	3.2	-4.1	
22.9	-299.3	-4.1	5.7	
27.8	-336.2	-9.1	22.9	
25.4	-277.2	25.4	20.5	
30.3	-218.2	30.3	13.1	
45.1	-215.7	37.7	5.7	
37.7	-208.3	40.1	0.8	
32.8	-200.9	42.6	13.1	
37.7	-321.5	45.1	15.5	
20.5	116.4	20.5	13.1	
20.5	-196.0	-9.1	27.8	
30.3	-183.7	-31.2	18.0	
37.7	-124.7	-26.3	-14.0	
22.9	-257.5	-4.1	-18.9	
50.0	-237.8	8.2	-4.1	
32.8	-309.2	10.6	18.0	
35.2	-348.5	5.7	37.7	
27.8	-151.7	-11.5	13.1	
30.3	-343.6	-11.5	8.2	
35.2	-333.8	-1.7	42.6	
32.8	-407.6	20.5	239.4	
13.1	-260.0	27.8	227.1	
18.0	-242.8	22.9	145.9	
22.9	-220.6	10.6	74.6	
18.0	-215.7	3.2	22.9	
18.0	-247.7	0.8	-4.1	
8.2	-193.6	-11.5	-21.4	
15.5	-208.3	5.7	-16.4	
20.5	-198.5	5.7	0.8	
20.5	-154.2	5.7	-11.5	
20.5	-186.2	35.2	-41.0	
27.8	-166.5	42.6	-43.5	
37.7	-156.7	54.9	-60.7	
35.2	-144.4	35.2	-50.9	
40.1	-129.6	27.8	-33.7	
32.8	-156.7	20.5	-21.4	
32.8	-109.9	20.5	-11.5	
32.8	-90.2	37.7	-16.4	
35.2	-82.9	32.8	-16.4	
37.7	-117.3	25.4	-31.2	
27.8	-33.7	18.0	-21.4	
32.8	-18.9	0.8	-11.5	
37.7	-11.5	-23.8	-33.7	
32.8	18.0	-48.4	-50.9	
32.8	35.2	-26.3	-36.1	
15.5	195.1	-21.4	-18.9	
32.8	79.5	-11.5	-26.3	
27.8	77.0	-11.5	-38.6	
25.4	62.3	-6.6	-26.3	
20.5	155.8	8.2	-14.0	
32.8	113.9	27.8	-14.0	
22.9	150.8	37.7	-18.9	
30.3	143.5	25.4	-6.6	
25.4	145.9	13.1	-18.9	
22.9	158.2	5.7	-31.2	
25.4	205.0	-1.7	-23.8	
25.4	205.0	5.7	-9.1	
30.3	175.4	-1.7	-18.9	
40.1	163.1	-6.6	-9.1	
37.7	168.1	-6.6	-9.1	
25.4	205.0	-11.5	-1.7	
27.8	241.9	-4.1	-9.1	
32.8	236.9	-11.5	-16.4	
22.9	273.8	0.8	-14.0	
32.8	291.1	-14.0	-11.5	
20.5	281.2	-21.4	-16.4	
20.5	278.8	-21.4	-18.9	
15.5	367.3	-28.7	-14.0	
27.8	387.0	-14.0	-21.4	
27.8	382.1	-16.4	-14.0	
30.3	374.7	-18.9	-31.2	
35.2	325.5	-23.8	-38.6	
22.9	350.1	-28.7	-14.0	
22.9	303.4	-21.4	-21.4	
25.4	318.1	-31.2	-16.4	
18.0	293.5	-36.1	-9.1	
25.4	401.8	-28.7	-4.1	
10.6	374.7	-23.8	-1.7	
18.0	340.3	-26.3	3.2	
25.4	332.9	-31.2	-6.6	
20.5	419.0	-21.4	-9.1	
20.5	414.1	-31.2	-11.5	
27.8	458.3	-21.4	-9.1	
37.7	475.6	-21.4	-23.8	
45.1	561.7	-26.3	-11.5	
25.4	571.5	-14.0	-11.5	
13.1	598.6	-9.1	-6.6	
20.5	564.1	18.0	3.2	
18.0	453.4	27.8	5.7	
18.0	551.8	10.6	0.8	
8.2	426.4	-9.1	-11.5	
8.2	448.5	15.5	-4.1	
10.6	448.5	0.8	-18.9	
27.8	411.6	-6.6	-4.1	
35.2	328.0	-9.1	-9.1	
15.5	259.1	-6.6	-6.6	
15.5	234.5	-14.0	-6.6	
30.3	101.6	-6.6	5.7	
22.9	59.8	-11.5	-6.6	
27.8	25.4	20.5	-1.7	
15.5	74.6	8.2	-14.0	
35.2	-77.9	-31.2	-4.1	
35.2	-90.2	-28.7	-9.1	
40.1	-73.0	-14.0	0.8	
42.6	-97.6	-33.7	0.8	
30.3	-134.5	-33.7	8.2	
30.3	-173.9	-21.4	-14.0	
27.8	-245.2	-23.8	-26.3	
20.5	-326.4	-38.6	-21.4	
27.8	-166.5	-60.7	-21.4	
25.4	27.8	-58.3	-6.6	
32.8	-385.4	-18.9	13.1	
27.8	-205.9	-9.1	27.8	
22.9	-353.5	-14.0	5.7	
37.7	-410.0	-9.1	-14.0	
57.4	-545.3	-4.1	-33.7	
42.6	-311.6	22.9	-23.8	
27.8	-247.7	37.7	-28.7	
32.8	-363.3	40.1	-23.8	
5.7	-744.6	25.4	-14.0	
-9.1	-592.1	-33.7	-4.1	
8.2	-419.9	-102.5	-11.5	
8.2	-358.4	-119.8	-21.4	
-1.7	-390.4	-137.0	-18.9	
-1.7	-392.8	-102.5	-18.9	
-11.5	-434.6	-60.7	10.6	
-6.6	-412.5	-50.9	-1.7	
-14.0	-454.3	-14.0	18.0	
-4.1	-446.9	35.2	22.9	
-11.5	-336.2	86.9	3.2	
0.8	-333.8	94.3	8.2	
0.8	-277.2	94.3	13.1	
0.8	-223.1	72.1	8.2	
3.2	-218.2	57.4	15.5	
15.5	-264.9	32.8	20.5	
27.8	-294.4	-46.0	15.5	
27.8	-272.3	-90.2	15.5	
22.9	-301.8	-124.7	20.5	
20.5	-292.0	-191.1	10.6	
-4.1	-363.3	-228.0	3.2	
3.2	-294.4	-171.4	13.1	
-6.6	-277.2	-77.9	15.5	
0.8	-262.4	3.2	5.7	
-14.0	-181.3	57.4	18.0	
0.8	-188.6	89.3	25.4	
18.0	-173.9	74.6	32.8	
32.8	-139.4	59.8	13.1	
40.1	-154.2	3.2	8.2	
40.1	-141.9	-16.4	-1.7	
37.7	-60.7	-53.3	-6.6	
30.3	-114.8	-60.7	10.6	
32.8	-129.6	-41.0	18.0	
35.2	-122.2	8.2	5.7	
37.7	-151.7	-11.5	15.5	
25.4	-134.5	-14.0	13.1	
30.3	-90.2	-11.5	0.8	
32.8	-97.6	20.5	-38.6	
27.8	-70.6	5.7	-43.5	
15.5	-31.2	-1.7	-36.1	
13.1	-46.0	22.9	-21.4	
15.5	72.1	25.4	-18.9	
8.2	136.1	27.8	5.7	
-11.5	170.5	27.8	22.9	
-16.4	173.0	69.7	18.0	
-4.1	89.3	121.3	3.2	
-6.6	89.3	128.7	5.7	
-4.1	133.6	116.4	35.2	
-4.1	128.7	118.9	91.8	
-6.6	177.9	126.2	106.6	
10.6	268.9	123.8	118.9	
-4.1	264.0	116.4	131.2	
-14.0	244.3	126.2	141.0	
-1.7	207.4	69.7	150.8	
-18.9	246.8	82.0	145.9	
-6.6	286.1	79.5	138.5	
-11.5	379.6	96.7	116.4	
-16.4	391.9	86.9	101.6	
-1.7	288.6	10.6	86.9	
0.8	273.8	-80.4	47.5	
8.2	273.8	-141.9	47.5	
-1.7	291.1	-156.7	62.3	
-1.7	281.2	-134.5	45.1	
-16.4	298.4	-109.9	40.1	
-9.1	241.9	-80.4	67.2	
-4.1	256.6	-102.5	52.4	
-18.9	276.3	-82.9	37.7	
-14.0	173.0	-23.8	54.9	
-31.2	236.9	27.8	42.6	
-18.9	-21.4	40.1	18.0	
3.2	-132.1	42.6	15.5	
10.6	-178.8	57.4	10.6	
22.9	-301.8	57.4	18.0	
22.9	-198.5	42.6	0.8	
22.9	-387.9	50.0	-16.4	
22.9	-385.4	50.0	-26.3	
18.0	-351.0	94.3	-50.9	
5.7	-385.4	89.3	-36.1	
0.8	-439.6	86.9	-38.6	
-1.7	-417.4	136.1	-6.6	
-1.7	-513.4	153.3	-4.1	
-1.7	-525.7	177.9	-9.1	
0.8	-501.1	163.1	-28.7	
-14.0	-545.3	177.9	-21.4	
-18.9	-417.4	160.7	-31.2	
-14.0	-491.2	123.8	-26.3	
-16.4	-461.7	106.6	-41.0	
-1.7	-412.5	62.3	-36.1	
-6.6	-294.4	74.6	-73.0	
-4.1	-316.6	42.6	-75.5	
-1.7	-260.0	-18.9	-41.0	
-9.1	-292.0	-28.7	-43.5	
-4.1	-405.1	-21.4	-48.4	
0.8	-523.2	-87.8	-48.4	
-14.0	-415.0	-100.1	-46.0	
-4.1	-434.6	-85.3	-92.7	
-1.7	-513.4	-73.0	-100.1	
-1.7	-328.9	-65.6	-119.8	
-11.5	-299.3	-53.3	-127.1	
-9.1	-309.2	-119.8	-92.7	
-11.5	-336.2	-100.1	-55.8	
-26.3	-306.7	-105.0	-60.7	
-4.1	-193.6	-95.2	-73.0	
8.2	-159.1	-90.2	-65.6	
0.8	-169.0	-107.5	-53.3	
3.2	-117.3	-77.9	-48.4	
-1.7	-90.2	-87.8	-31.2	
-1.7	-109.9	-73.0	-14.0	
0.8	-90.2	-100.1	5.7	
-11.5	-18.9	-87.8	25.4	
-18.9	35.2	-87.8	22.9	
-21.4	-6.6	-63.2	-14.0	
-21.4	-11.5	-80.4	0.8	
-28.7	-77.9	-95.2	8.2	
-26.3	-1.7	-82.9	20.5	
-9.1	-48.4	-53.3	30.3	
-9.1	-9.1	-55.8	20.5	
-1.7	-46.0	-33.7	40.1	
-16.4	3.2	-41.0	32.8	
-4.1	-31.2	-53.3	54.9	
-6.6	-73.0	-58.3	62.3	
-1.7	182.8	-70.6	57.4	
3.2	323.0	-48.4	62.3	
-18.9	212.3	-55.8	50.0	
-23.8	195.1	-28.7	54.9	
-14.0	200.0	-21.4	22.9	
-9.1	222.2	-36.1	18.0	
-1.7	241.9	-18.9	20.5	
-6.6	232.0	37.7	5.7	
13.1	236.9	104.1	-1.7	
18.0	273.8	82.0	-1.7	
13.1	200.0	45.1	-23.8	
8.2	256.6	47.5	-46.0	
8.2	271.4	96.7	-21.4	
3.2	209.9	52.4	-23.8	
0.8	227.1	35.2	-23.8	
0.8	249.2	-4.1	-28.7	
5.7	266.5	3.2	-6.6	
13.1	298.4	13.1	22.9	
20.5	330.4	45.1	18.0	
18.0	283.7	40.1	10.6	
15.5	305.8	0.8	-4.1	
8.2	330.4	13.1	8.2	
-14.0	291.1	89.3	20.5	
-28.7	310.7	170.5	27.8	
-26.3	310.7	187.7	40.1	
-18.9	335.3	128.7	62.3	
-14.0	261.5	82.0	52.4	
-6.6	264.0	20.5	57.4	
-9.1	266.5	-38.6	52.4	
22.9	264.0	-43.5	52.4	
27.8	305.8	-55.8	40.1	
45.1	286.1	-1.7	27.8	
37.7	229.6	-1.7	42.6	
35.2	182.8	15.5	47.5	
40.1	209.9	15.5	59.8	
20.5	133.6	3.2	35.2	
20.5	47.5	40.1	32.8	
10.6	30.3	59.8	30.3	
0.8	-1.7	47.5	42.6	
-6.6	-60.7	45.1	8.2	
8.2	-38.6	47.5	3.2	
15.5	0.8	8.2	5.7	
30.3	0.8	-73.0	-1.7	
42.6	25.4	-58.3	-1.7	
35.2	67.2	0.8	-6.6	
42.6	54.9	-9.1	27.8	
50.0	64.7	57.4	22.9	
35.2	-21.4	131.2	30.3	
35.2	-11.5	165.6	22.9	
52.4	5.7	123.8	25.4	
50.0	-41.0	121.3	30.3	
30.3	-6.6	69.7	27.8	
-4.1	-16.4	50.0	37.7	
-4.1	-63.2	42.6	59.8	
8.2	-43.5	27.8	64.7	
15.5	-41.0	5.7	69.7	
18.0	30.3	3.2	52.4	
15.5	15.5	8.2	47.5	
25.4	-9.1	25.4	37.7	
30.3	-122.2	37.7	45.1	
62.3	-85.3	50.0	40.1	
79.5	-87.8	89.3	25.4	
86.9	-63.2	30.3	20.5	
57.4	-26.3	-26.3	32.8	
20.5	-65.6	-11.5	13.1	
3.2	-55.8	-6.6	20.5	
-18.9	-73.0	-14.0	50.0	
-26.3	-508.4	-4.1	77.0	
-18.9	-247.7	25.4	74.6	
20.5	-9.1	64.7	74.6	
37.7	-102.5	45.1	35.2	
62.3	126.2	-4.1	-11.5	
59.8	62.3	-70.6	-75.5	
37.7	-87.8	-60.7	-124.7	
13.1	-274.7	22.9	-127.1	
13.1	-18.9	74.6	-100.1	
5.7	-232.9	45.1	-48.4	
8.2	-90.2	67.2	-50.9	
35.2	-166.5	45.1	-31.2	
64.7	-223.1	15.5	-33.7	
74.6	-257.5	-41.0	-46.0	
54.9	-129.6	-60.7	-48.4	
54.9	-112.4	-70.6	-26.3	
52.4	-90.2	-100.1	-23.8	
32.8	-90.2	-60.7	-31.2	
40.1	-60.7	-70.6	-11.5	
27.8	-53.3	-33.7	-14.0	
35.2	-68.1	-14.0	-16.4	
13.1	-65.6	13.1	-16.4	
5.7	-14.0	35.2	-16.4	
3.2	-53.3	42.6	-6.6	
0.8	-16.4	67.2	-6.6	
-6.6	-33.7	69.7	-1.7	
3.2	-50.9	62.3	-1.7	
-4.1	-53.3	13.1	-1.7	
-6.6	-53.3	-6.6	-11.5	
-4.1	-60.7	84.4	-14.0	
-4.1	-65.6	82.0	-1.7	
-4.1	-43.5	86.9	-9.1	
-1.7	-73.0	91.8	-14.0	
-11.5	-28.7	82.0	8.2	
-16.4	-38.6	32.8	-14.0	
-6.6	-18.9	18.0	-9.1	
-4.1	-11.5	5.7	5.7	
5.7	-6.6	0.8	0.8	
10.6	-1.7	-1.7	18.0	
3.2	-14.0	-36.1	18.0	
0.8	-21.4	-31.2	25.4	
-11.5	-63.2	-50.9	27.8	
-9.1	-141.9	-50.9	25.4	
-16.4	-188.6	-9.1	30.3	
-6.6	-198.5	22.9	18.0	
3.2	-156.7	22.9	3.2	
-9.1	-129.6	30.3	-6.6	
3.2	-53.3	69.7	5.7	
22.9	-31.2	99.2	-1.7	
52.4	32.8	131.2	18.0	
50.0	35.2	89.3	18.0	
59.8	62.3	10.6	5.7	
45.1	10.6	-4.1	-14.0	
45.1	74.6	15.5	-4.1	
27.8	111.5	5.7	-18.9	
22.9	96.7	-28.7	-18.9	
3.2	113.9	-92.7	0.8	
-6.6	126.2	-80.4	0.8	
-16.4	128.7	-43.5	13.1	
-6.6	143.5	-18.9	-4.1	
-14.0	113.9	-4.1	-28.7	
-31.2	192.7	52.4	-28.7	
-21.4	197.6	121.3	-18.9	
-4.1	175.4	143.5	-14.0	
0.8	170.5	118.9	-1.7	
-6.6	126.2	224.6	3.2	
-11.5	136.1	266.5	5.7	
-21.4	141.0	187.7	5.7	
0.8	91.8	54.9	20.5	
13.1	27.8	-6.6	22.9	
10.6	-14.0	-28.7	62.3	
5.7	-16.4	-87.8	50.0	
5.7	-18.9	-92.7	42.6	
0.8	18.0	-112.4	18.0	
-14.0	25.4	-173.9	-14.0	
-18.9	54.9	-173.9	-55.8	
-9.1	67.2	-146.8	-33.7	
-11.5	64.7	-95.2	-43.5	
-16.4	86.9	-60.7	-43.5	
-28.7	72.1	-28.7	-1.7	
-21.4	69.7	3.2	18.0	
-21.4	57.4	18.0	20.5	
-16.4	94.3	22.9	0.8	
5.7	54.9	-1.7	18.0	
25.4	59.8	-4.1	18.0	
30.3	64.7	-11.5	22.9	
47.5	50.0	-68.1	20.5	
47.5	59.8	-50.9	15.5	
35.2	47.5	37.7	22.9	
27.8	30.3	101.6	30.3	
13.1	8.2	175.4	35.2	
10.6	3.2	177.9	22.9	
-1.7	-16.4	150.8	8.2	
3.2	8.2	168.1	-6.6	
15.5	-46.0	136.1	0.8	
-1.7	-1.7	106.6	5.7	
-1.7	-18.9	69.7	8.2	
-1.7	3.2	-1.7	27.8	
5.7	22.9	-23.8	30.3	
5.7	35.2	-41.0	8.2	
0.8	-75.5	-26.3	-4.1	
-6.6	-43.5	-50.9	-28.7	
3.2	99.2	-53.3	-9.1	
-1.7	106.6	-75.5	-14.0	
18.0	-43.5	-95.2	-1.7	
3.2	-18.9	-169.0	15.5	
3.2	113.9	-80.4	32.8	
15.5	-58.3	-58.3	10.6	
13.1	-14.0	-11.5	13.1	
8.2	-196.0	-31.2	27.8	
8.2	-132.1	-23.8	8.2	
15.5	3.2	-55.8	-1.7	
5.7	-119.8	-53.3	-11.5	
15.5	-169.0	-53.3	8.2	
18.0	-28.7	-26.3	5.7	
10.6	5.7	-6.6	8.2	
0.8	22.9	25.4	0.8	
8.2	15.5	57.4	-16.4	
3.2	52.4	57.4	-6.6	
-1.7	42.6	57.4	-11.5	
3.2	64.7	32.8	0.8	
-4.1	62.3	27.8	-11.5	
-14.0	67.2	42.6	-9.1	
-1.7	77.0	57.4	-1.7	
-6.6	64.7	96.7	-9.1	
0.8	40.1	111.5	0.8	
10.6	42.6	123.8	-1.7	
0.8	47.5	202.5	8.2	
10.6	45.1	209.9	5.7	
30.3	32.8	138.5	0.8	
22.9	40.1	50.0	5.7	
10.6	25.4	-41.0	-4.1	
8.2	-21.4	-92.7	-14.0	
25.4	-21.4	-134.5	3.2	
15.5	-4.1	-149.3	-1.7	
13.1	-9.1	-105.0	-1.7	
8.2	30.3	-114.8	-4.1	
-9.1	69.7	-149.3	-4.1	
-6.6	69.7	-82.9	-1.7	
-21.4	64.7	-16.4	-1.7	
-21.4	50.0	37.7	-4.1	
-9.1	54.9	155.8	-4.1	
-6.6	35.2	239.4	-9.1	
-4.1	18.0	212.3	13.1	
25.4	0.8	153.3	18.0	
20.5	42.6	111.5	5.7	
18.0	8.2	106.6	-6.6	
30.3	15.5	101.6	-23.8	
20.5	25.4	54.9	-33.7	
18.0	-9.1	-46.0	-43.5	
35.2	15.5	-200.9	-18.9	
40.1	10.6	-250.1	8.2	
32.8	-53.3	-159.1	18.0	
20.5	-41.0	-77.9	0.8	
18.0	-18.9	-122.2	-16.4	
22.9	5.7	-196.0	-11.5	
30.3	-11.5	-159.1	-6.6	
27.8	5.7	-112.4	3.2	
18.0	15.5	-60.7	-6.6	
20.5	15.5	-14.0	0.8	
25.4	-4.1	5.7	20.5	
8.2	32.8	15.5	15.5	
0.8	27.8	-21.4	-4.1	
-11.5	8.2	-43.5	-11.5	
-1.7	52.4	-21.4	-11.5	
-1.7	40.1	-46.0	18.0	
-9.1	37.7	32.8	3.2	
0.8	8.2	57.4	8.2	
35.2	18.0	35.2	18.0	
42.6	-28.7	30.3	8.2	
22.9	10.6	18.0	-14.0	
22.9	-9.1	-1.7	5.7	
5.7	-26.3	32.8	10.6	
13.1	-43.5	35.2	0.8	
13.1	-1.7	45.1	3.2	
18.0	-38.6	59.8	27.8	
15.5	-14.0	62.3	22.9	
10.6	-41.0	45.1	22.9	
5.7	-31.2	18.0	-4.1	
10.6	32.8	15.5	10.6	
-4.1	-1.7	-31.2	13.1	
8.2	13.1	-21.4	5.7	
-4.1	47.5	-80.4	-1.7	
-9.1	25.4	-215.7	22.9	
-6.6	47.5	-284.6	50.0	
-1.7	30.3	-282.1	45.1	
-14.0	-4.1	-186.2	37.7	
-4.1	54.9	-97.6	35.2	
0.8	27.8	-46.0	37.7	
-4.1	20.5	50.0	22.9	
13.1	0.8	79.5	15.5	
25.4	-43.5	67.2	18.0	
30.3	-18.9	42.6	3.2	
35.2	32.8	5.7	-6.6	
40.1	3.2	-129.6	13.1	
40.1	-38.6	-137.0	20.5	
25.4	20.5	-33.7	20.5	
27.8	37.7	-36.1	-1.7	
20.5	40.1	-48.4	-6.6	
5.7	35.2	-38.6	-23.8	
-9.1	205.0	-36.1	-11.5	
-11.5	74.6	-4.1	-6.6	
-6.6	227.1	50.0	5.7	
-1.7	74.6	96.7	30.3	
-11.5	-117.3	111.5	27.8	
3.2	256.6	145.9	5.7	
8.2	20.5	202.5	-18.9	
3.2	-65.6	291.1	-6.6	
25.4	57.4	421.4	8.2	
22.9	54.9	355.0	8.2	
13.1	113.9	256.6	-14.0	
15.5	-26.3	182.8	-1.7	
8.2	-166.5	79.5	13.1	
-4.1	-178.8	-38.6	5.7	
13.1	20.5	-159.1	-4.1	
15.5	52.4	-323.9	-18.9	
18.0	59.8	-515.8	-31.2	
15.5	45.1	-515.8	-18.9	
10.6	101.6	-319.0	-9.1	
0.8	35.2	-203.4	25.4	
18.0	37.7	-85.3	18.0	
18.0	62.3	-16.4	3.2	
13.1	45.1	18.0	3.2	
13.1	50.0	59.8	15.5	
25.4	47.5	64.7	18.0	
22.9	42.6	42.6	13.1	
15.5	20.5	47.5	20.5	
25.4	30.3	22.9	3.2	
22.9	42.6	8.2	-4.1	
3.2	22.9	-53.3	3.2	
0.8	-6.6	-95.2	-1.7	
-4.1	25.4	-63.2	-6.6	
8.2	8.2	-16.4	-6.6	
0.8	20.5	30.3	-14.0	
3.2	47.5	42.6	-16.4	
0.8	50.0	52.4	-1.7	
10.6	54.9	72.1	3.2	
15.5	13.1	84.4	-6.6	
27.8	40.1	40.1	0.8	
18.0	54.9	30.3	3.2	
22.9	42.6	22.9	13.1	
22.9	25.4	-18.9	25.4	
13.1	18.0	-4.1	0.8	
15.5	57.4	10.6	-14.0	
18.0	30.3	3.2	-38.6	
15.5	37.7	47.5	-33.7	
18.0	59.8	52.4	-16.4	
3.2	35.2	86.9	-31.2	
15.5	15.5	158.2	-16.4	
10.6	18.0	160.7	-16.4	
8.2	25.4	52.4	-36.1	
22.9	-4.1	-23.8	18.0	
30.3	5.7	-124.7	82.0	
20.5	0.8	-169.0	82.0	
27.8	8.2	-196.0	5.7	
22.9	-6.6	-220.6	-31.2	
22.9	54.9	-240.3	-21.4	
13.1	47.5	-215.7	-18.9	
18.0	64.7	-102.5	0.8	
20.5	50.0	45.1	13.1	
10.6	30.3	89.3	10.6	
13.1	5.7	113.9	0.8	
8.2	64.7	82.0	0.8	
5.7	84.4	40.1	5.7	
15.5	57.4	47.5	-6.6	
10.6	109.0	3.2	-1.7	
3.2	67.2	-4.1	-9.1	
-1.7	82.0	8.2	-14.0	
0.8	42.6	-26.3	-1.7	
-11.5	64.7	5.7	0.8	
5.7	40.1	-31.2	18.0	
0.8	5.7	-38.6	15.5	
0.8	-1.7	-48.4	5.7	
-1.7	-4.1	-31.2	0.8	
0.8	27.8	-14.0	-1.7	
0.8	27.8	-14.0	0.8	
-6.6	35.2	-16.4	-18.9	
-1.7	42.6	-21.4	-4.1	
20.5	52.4	-23.8	-14.0	
15.5	32.8	-23.8	8.2	
15.5	52.4	-21.4	3.2	
20.5	62.3	-33.7	20.5	
30.3	59.8	-14.0	15.5	
27.8	45.1	-23.8	0.8	
45.1	32.8	37.7	-9.1	
22.9	47.5	113.9	-4.1	
10.6	42.6	37.7	-18.9	
20.5	50.0	-11.5	-6.6	
8.2	69.7	-48.4	-11.5	
-11.5	47.5	-85.3	8.2	
-11.5	5.7	-117.3	22.9	
5.7	42.6	-154.2	20.5	
-1.7	20.5	-117.3	13.1	
3.2	30.3	-114.8	18.0	
-4.1	54.9	-92.7	25.4	
0.8	8.2	-80.4	27.8	
-9.1	27.8	3.2	20.5	
-16.4	30.3	86.9	-9.1	
-18.9	62.3	133.6	-6.6	
-9.1	32.8	138.5	10.6	
-6.6	96.7	116.4	18.0	
-6.6	101.6	86.9	18.0	
-4.1	96.7	59.8	8.2	
8.2	64.7	13.1	0.8	
13.1	123.8	-6.6	-6.6	
10.6	123.8	-23.8	-11.5	
15.5	143.5	-65.6	-11.5	
25.4	244.3	-134.5	15.5	
40.1	-38.6	-151.7	52.4	
22.9	-208.3	-127.1	74.6	
42.6	74.6	-55.8	27.8	
32.8	-11.5	5.7	-4.1	
25.4	-122.2	0.8	-26.3	
25.4	-210.8	-11.5	-6.6	
27.8	25.4	-16.4	-4.1	
25.4	37.7	3.2	8.2	
15.5	74.6	57.4	5.7	
-4.1	62.3	67.2	0.8	
-4.1	57.4	91.8	0.8	
-11.5	67.2	64.7	15.5	
-16.4	27.8	50.0	20.5	
-16.4	82.0	47.5	20.5	
-21.4	59.8	57.4	10.6	
-6.6	74.6	72.1	-4.1	
-1.7	50.0	45.1	-6.6	
8.2	54.9	18.0	0.8	
30.3	42.6	18.0	-6.6	
27.8	25.4	-1.7	20.5	
15.5	69.7	-16.4	8.2	
0.8	5.7	-1.7	5.7	
-1.7	20.5	52.4	5.7	
-1.7	15.5	82.0	-9.1	
-6.6	13.1	74.6	-14.0	
-1.7	-18.9	72.1	-16.4	
3.2	-1.7	69.7	-21.4	
-1.7	15.5	104.1	10.6	
-4.1	57.4	202.5	10.6	
-6.6	67.2	271.4	0.8	
8.2	77.0	185.3	13.1	
15.5	69.7	99.2	27.8	
22.9	77.0	54.9	20.5	
18.0	72.1	-4.1	25.4	
25.4	84.4	-80.4	5.7	
18.0	30.3	-146.8	5.7	
15.5	64.7	-306.7	3.2	
8.2	57.4	-375.6	-14.0	
0.8	20.5	-348.5	-21.4	
-11.5	57.4	-289.5	3.2	
-4.1	84.4	-181.3	3.2	
-16.4	27.8	-85.3	27.8	
-21.4	22.9	-16.4	22.9	
-26.3	32.8	25.4	8.2	
-6.6	22.9	18.0	18.0	
-11.5	18.0	18.0	8.2	
-9.1	30.3	-6.6	0.8	
-4.1	18.0	-21.4	-1.7	
-4.1	42.6	-4.1	13.1	
-6.6	50.0	72.1	0.8	
-9.1	57.4	126.2	5.7	
-9.1	47.5	128.7	3.2	
5.7	64.7	131.2	10.6	
10.6	47.5	121.3	47.5	
-4.1	40.1	113.9	47.5	
-4.1	52.4	96.7	10.6	
10.6	10.6	27.8	-23.8	
3.2	25.4	3.2	-11.5	
3.2	27.8	-36.1	5.7	
25.4	5.7	-58.3	-9.1	
13.1	-4.1	-112.4	-16.4	
20.5	40.1	-169.0	-28.7	
25.4	30.3	-161.6	-23.8	
15.5	-1.7	-97.6	-18.9	
18.0	0.8	5.7	-9.1	
20.5	5.7	72.1	-4.1	
18.0	-28.7	79.5	8.2	
8.2	-1.7	86.9	8.2	
3.2	20.5	74.6	10.6	
3.2	45.1	27.8	-1.7	
22.9	32.8	13.1	3.2	
40.1	10.6	-16.4	-6.6	
42.6	20.5	-41.0	5.7	
22.9	57.4	-18.9	-6.6	
32.8	27.8	-23.8	5.7	
-4.1	30.3	-28.7	3.2	
-23.8	35.2	-41.0	-11.5	
-31.2	42.6	-33.7	0.8	
-38.6	57.4	-46.0	0.8	
-18.9	72.1	-31.2	3.2	
-18.9	30.3	10.6	8.2	
0.8	15.5	50.0	18.0	
18.0	62.3	69.7	22.9	
8.2	25.4	57.4	0.8	
-4.1	-14.0	37.7	-23.8	
-14.0	18.0	5.7	-9.1	
-23.8	0.8	-23.8	-4.1	
-33.7	3.2	-31.2	10.6	
-38.6	47.5	-9.1	0.8	
-33.7	42.6	-26.3	15.5	
-33.7	54.9	37.7	15.5	
-33.7	32.8	91.8	3.2	
-28.7	40.1	89.3	3.2	
18.0	69.7	91.8	18.0	
52.4	104.1	113.9	8.2	
91.8	79.5	96.7	-21.4	
79.5	-43.5	8.2	-31.2	
89.3	150.8	-73.0	-4.1	
74.6	101.6	-114.8	0.8	
54.9	-46.0	-95.2	13.1	
20.5	-250.1	-41.0	0.8	
10.6	-181.3	-1.7	-11.5	
-1.7	-23.8	40.1	0.8	
-6.6	-55.8	84.4	15.5	
-18.9	-181.3	86.9	15.5	
0.8	-149.3	74.6	18.0	
-4.1	35.2	50.0	15.5	
-1.7	10.6	47.5	-1.7	
3.2	72.1	47.5	18.0	
-4.1	77.0	3.2	15.5	
0.8	47.5	-4.1	20.5	
-9.1	59.8	-31.2	8.2	
-16.4	45.1	-33.7	8.2	
-11.5	54.9	-4.1	15.5	
-9.1	42.6	-33.7	30.3	
-4.1	64.7	-14.0	20.5	
-1.7	64.7	35.2	10.6	
13.1	45.1	52.4	5.7	
20.5	47.5	32.8	-9.1	
22.9	64.7	22.9	3.2	
0.8	50.0	10.6	-1.7	
-1.7	54.9	-1.7	0.8	
-1.7	5.7	-4.1	-1.7	
5.7	-23.8	-38.6	-4.1	
-6.6	54.9	-60.7	5.7	
0.8	-6.6	-53.3	3.2	
-9.1	8.2	-36.1	0.8	
-16.4	-18.9	27.8	-9.1	
0.8	32.8	113.9	-9.1	
13.1	50.0	136.1	5.7	
13.1	40.1	84.4	18.0	
-1.7	32.8	77.0	15.5	
0.8	54.9	94.3	-9.1	
18.0	52.4	106.6	-4.1	
13.1	47.5	32.8	-6.6	
5.7	50.0	-63.2	-28.7	
22.9	86.9	-117.3	-16.4	
5.7	30.3	-134.5	8.2	
0.8	30.3	-137.0	22.9	
8.2	52.4	-139.4	15.5	
0.8	27.8	-164.0	15.5	
-1.7	42.6	-82.9	10.6	
0.8	94.3	-41.0	18.0	
5.7	82.0	-60.7	15.5	
10.6	40.1	-87.8	18.0	
5.7	45.1	-112.4	8.2	
10.6	40.1	-105.0	-4.1	
8.2	64.7	-65.6	10.6	
22.9	50.0	-58.3	10.6	
3.2	62.3	-11.5	-6.6	
0.8	94.3	32.8	-4.1	
3.2	64.7	74.6	3.2	
3.2	50.0	86.9	13.1	
5.7	64.7	47.5	13.1	
-1.7	37.7	37.7	18.0	
5.7	96.7	52.4	22.9	
-9.1	91.8	30.3	15.5	
-18.9	74.6	-1.7	5.7	
-21.4	54.9	-14.0	15.5	
-16.4	67.2	22.9	8.2	
-14.0	8.2	57.4	10.6	
3.2	42.6	67.2	22.9	
22.9	54.9	42.6	8.2	
20.5	30.3	27.8	18.0	
18.0	25.4	10.6	25.4	
13.1	10.6	-6.6	5.7	
5.7	5.7	10.6	-4.1	
-6.6	-4.1	20.5	3.2	
-14.0	42.6	22.9	-11.5	
5.7	69.7	-1.7	-14.0	
13.1	50.0	-50.9	-9.1	
5.7	72.1	-38.6	-4.1	
30.3	57.4	52.4	-4.1	
52.4	59.8	136.1	-21.4	
52.4	57.4	141.0	-14.0	
57.4	86.9	133.6	-18.9	
47.5	47.5	153.3	5.7	
32.8	50.0	64.7	-1.7	
25.4	50.0	-18.9	-6.6	
-9.1	45.1	-137.0	0.8	
-16.4	13.1	-186.2	-1.7	
-16.4	37.7	-141.9	0.8	
-14.0	30.3	-80.4	13.1	
-14.0	0.8	-46.0	5.7	
-9.1	-18.9	-18.9	13.1	
-4.1	8.2	-36.1	3.2	
-9.1	5.7	-48.4	8.2	
0.8	25.4	-50.9	5.7	
8.2	67.2	10.6	-1.7	
32.8	59.8	50.0	-21.4	
18.0	57.4	96.7	-6.6	
15.5	35.2	136.1	-1.7	
10.6	308.3	111.5	-1.7	
8.2	234.5	84.4	0.8	
-9.1	123.8	40.1	-1.7	
-1.7	-36.1	0.8	5.7	
0.8	-4.1	-31.2	-4.1	
-9.1	50.0	-28.7	-14.0	
-9.1	40.1	-53.3	-9.1	
15.5	35.2	-65.6	0.8	
25.4	-4.1	-73.0	-1.7	
32.8	91.8	-28.7	0.8	
25.4	32.8	47.5	-14.0	
20.5	-14.0	62.3	8.2	
3.2	74.6	30.3	13.1	
-6.6	-176.3	-18.9	25.4	
-18.9	-4.1	-43.5	3.2	
-6.6	22.9	-77.9	15.5	
-16.4	10.6	-102.5	10.6	
-11.5	15.5	-151.7	-6.6	
-1.7	57.4	-159.1	3.2	
-9.1	27.8	-205.9	18.0	
10.6	47.5	-250.1	40.1	
-1.7	50.0	-191.1	30.3	
3.2	57.4	-36.1	25.4	
-26.3	59.8	50.0	5.7	
-23.8	45.1	77.0	-1.7	
-23.8	50.0	96.7	-4.1	
-16.4	45.1	74.6	5.7	
-21.4	82.0	54.9	-9.1	
-31.2	32.8	27.8	0.8	
-21.4	22.9	37.7	5.7	
-9.1	47.5	45.1	0.8	
-16.4	37.7	22.9	-4.1	
-16.4	5.7	-6.6	18.0	
-11.5	-1.7	-68.1	32.8	
-11.5	-1.7	-68.1	13.1	
0.8	32.8	-50.9	10.6	
-6.6	25.4	-43.5	13.1	
8.2	45.1	-38.6	20.5	
5.7	13.1	-50.9	3.2	
3.2	45.1	-63.2	-1.7	
5.7	35.2	-82.9	27.8	
3.2	64.7	-95.2	27.8	
10.6	37.7	-92.7	5.7	
13.1	64.7	-85.3	5.7	
3.2	47.5	-43.5	15.5	
-1.7	69.7	22.9	13.1	
0.8	45.1	54.9	13.1	
-4.1	45.1	99.2	25.4	
-6.6	45.1	109.0	8.2	
0.8	30.3	91.8	15.5	
-9.1	15.5	84.4	27.8	
8.2	69.7	94.3	15.5	
5.7	69.7	94.3	32.8	
8.2	25.4	91.8	15.5	
18.0	45.1	101.6	10.6	
25.4	47.5	77.0	10.6	
20.5	64.7	25.4	5.7	
22.9	32.8	-46.0	22.9	
18.0	45.1	-85.3	22.9	
8.2	86.9	-100.1	15.5	
18.0	42.6	-102.5	18.0	
18.0	42.6	-92.7	20.5	
13.1	67.2	-82.9	15.5	
8.2	72.1	-92.7	8.2	
5.7	57.4	-65.6	3.2	
-4.1	30.3	-14.0	15.5	
-1.7	20.5	18.0	5.7	
-14.0	74.6	54.9	-14.0	
-16.4	57.4	74.6	13.1	
-18.9	45.1	113.9	37.7	
-21.4	45.1	111.5	37.7	
-28.7	62.3	106.6	3.2	
-6.6	27.8	64.7	13.1	
-1.7	10.6	25.4	20.5	
8.2	-1.7	25.4	27.8	
-9.1	40.1	-11.5	22.9	
8.2	40.1	-6.6	37.7	
-1.7	40.1	15.5	27.8	
3.2	57.4	5.7	0.8	
-4.1	42.6	-4.1	-6.6	
25.4	54.9	54.9	15.5	
10.6	37.7	121.3	-14.0	
5.7	69.7	126.2	-4.1	
5.7	77.0	69.7	-41.0	
8.2	20.5	-31.2	-16.4	
18.0	62.3	-107.5	3.2	
20.5	25.4	-151.7	10.6	
25.4	57.4	-105.0	-1.7	
25.4	59.8	-114.8	0.8	
20.5	42.6	-117.3	-1.7	
20.5	27.8	-119.8	-1.7	
3.2	27.8	-127.1	5.7	
20.5	42.6	-92.7	3.2	
40.1	13.1	-55.8	13.1	
30.3	15.5	-23.8	40.1	
22.9	0.8	47.5	64.7	
27.8	27.8	64.7	64.7	
30.3	15.5	69.7	67.2	
22.9	25.4	52.4	45.1	
22.9	50.0	40.1	35.2	
13.1	-77.9	42.6	27.8	
20.5	-26.3	37.7	13.1	
13.1	200.0	22.9	-21.4	
8.2	13.1	15.5	-55.8	
3.2	-33.7	-14.0	-117.3	
3.2	143.5	-21.4	-144.4	
-9.1	141.0	-6.6	-82.9	
-6.6	116.4	10.6	-23.8	
3.2	-114.8	-9.1	3.2	
-14.0	47.5	3.2	5.7	
-9.1	69.7	3.2	8.2	
-14.0	-14.0	-6.6	8.2	
-14.0	-166.5	5.7	35.2	
-14.0	-159.1	-1.7	25.4	
-18.9	47.5	8.2	32.8	
-14.0	30.3	20.5	45.1	
-21.4	67.2	52.4	37.7	
-21.4	35.2	54.9	32.8	
-14.0	35.2	57.4	57.4	
-11.5	42.6	25.4	57.4	
-16.4	64.7	-14.0	50.0	
-1.7	62.3	-38.6	42.6	
0.8	77.0	-28.7	18.0	
10.6	52.4	-16.4	35.2	
0.8	40.1	-36.1	62.3	
10.6	25.4	-65.6	62.3	
13.1	40.1	-48.4	57.4	
25.4	50.0	-18.9	64.7	
20.5	57.4	-36.1	52.4	
18.0	25.4	-23.8	-16.4	
15.5	52.4	-36.1	-70.6	
3.2	35.2	-38.6	-55.8	
10.6	18.0	-36.1	-48.4	
-6.6	47.5	-28.7	-6.6	
0.8	18.0	-1.7	15.5	
8.2	50.0	-11.5	45.1	
18.0	37.7	27.8	37.7	
13.1	79.5	84.4	8.2	
18.0	54.9	84.4	-14.0	
25.4	64.7	67.2	-58.3	
32.8	42.6	54.9	-139.4	
35.2	52.4	42.6	-154.2	
30.3	54.9	5.7	-97.6	
27.8	42.6	-46.0	-73.0	
32.8	47.5	-53.3	-6.6	
25.4	99.2	-36.1	20.5	
30.3	52.4	20.5	32.8	
30.3	64.7	13.1	18.0	
13.1	47.5	-21.4	5.7	
15.5	54.9	-50.9	-16.4	
8.2	57.4	-50.9	-26.3	
8.2	22.9	-31.2	-58.3	
5.7	22.9	-14.0	-65.6	
8.2	10.6	-14.0	-50.9	
18.0	20.5	20.5	0.8	
13.1	20.5	30.3	27.8	
18.0	30.3	22.9	42.6	
25.4	25.4	45.1	35.2	
18.0	50.0	52.4	35.2	
25.4	15.5	8.2	59.8	
25.4	22.9	-46.0	52.4	
18.0	45.1	-50.9	47.5	
27.8	42.6	-28.7	30.3	
5.7	50.0	-46.0	18.0	
5.7	52.4	-60.7	-1.7	
0.8	59.8	-38.6	3.2	
-14.0	8.2	-41.0	15.5	
-1.7	13.1	-28.7	45.1	
0.8	8.2	-6.6	59.8	
5.7	18.0	13.1	50.0	
-1.7	59.8	18.0	27.8	
3.2	37.7	37.7	35.2	
5.7	10.6	67.2	25.4	
13.1	20.5	86.9	27.8	
-1.7	10.6	74.6	-18.9	
0.8	37.7	32.8	-43.5	
5.7	18.0	-6.6	-21.4	
0.8	30.3	-9.1	-21.4	
3.2	37.7	-11.5	15.5	
3.2	69.7	-11.5	5.7	
0.8	40.1	8.2	15.5	
0.8	20.5	5.7	20.5	
-16.4	25.4	20.5	10.6	
-4.1	67.2	37.7	10.6	
3.2	62.3	22.9	10.6	
-6.6	37.7	52.4	30.3	
-9.1	-6.6	18.0	64.7	
-11.5	40.1	15.5	94.3	
-9.1	45.1	10.6	99.2	
3.2	40.1	-11.5	91.8	
27.8	13.1	-41.0	69.7	
47.5	0.8	-85.3	8.2	
59.8	-14.0	-73.0	-95.2	
40.1	32.8	-60.7	-146.8	
42.6	5.7	-46.0	-141.9	
32.8	62.3	-1.7	-82.9	
25.4	62.3	42.6	-53.3	
32.8	45.1	57.4	-23.8	
32.8	82.0	40.1	13.1	
27.8	25.4	27.8	25.4	
15.5	251.7	3.2	18.0	
8.2	-21.4	-33.7	-11.5	
15.5	77.0	-23.8	3.2	
5.7	-65.6	-4.1	10.6	
8.2	-4.1	-4.1	0.8	
3.2	101.6	-9.1	22.9	
27.8	59.8	-18.9	27.8	
37.7	91.8	-23.8	27.8	
37.7	-107.5	-11.5	27.8	
27.8	-321.5	-26.3	20.5	
37.7	-33.7	-9.1	13.1	
32.8	-41.0	13.1	10.6	
25.4	-4.1	10.6	20.5	
10.6	-141.9	42.6	20.5	
0.8	40.1	47.5	18.0	
-4.1	37.7	59.8	10.6	
-9.1	47.5	57.4	8.2	
5.7	101.6	74.6	10.6	
10.6	74.6	77.0	15.5	
0.8	57.4	86.9	25.4	
13.1	62.3	91.8	22.9	
5.7	69.7	89.3	3.2	
13.1	62.3	72.1	-1.7	
22.9	84.4	54.9	-1.7	
32.8	64.7	-4.1	20.5	
32.8	84.4	-60.7	25.4	
37.7	99.2	-46.0	18.0	
18.0	77.0	-28.7	18.0	
32.8	32.8	-23.8	13.1	
8.2	104.1	18.0	18.0	
-4.1	50.0	45.1	13.1	
-1.7	52.4	25.4	8.2	
-6.6	42.6	-21.4	8.2	
-21.4	40.1	-36.1	8.2	
-21.4	37.7	-14.0	8.2	
-21.4	5.7	-4.1	15.5	
-21.4	40.1	-1.7	25.4	
-18.9	54.9	25.4	15.5	
-18.9	54.9	13.1	27.8	
5.7	50.0	-18.9	27.8	
-4.1	67.2	-36.1	20.5	
5.7	50.0	-60.7	25.4	
-1.7	27.8	-16.4	5.7	
3.2	67.2	25.4	-14.0	
0.8	77.0	52.4	-6.6	
5.7	84.4	45.1	-6.6	
18.0	77.0	42.6	-14.0	
18.0	45.1	45.1	8.2	
15.5	42.6	45.1	18.0	
18.0	52.4	30.3	18.0	
18.0	47.5	32.8	5.7	
15.5	32.8	37.7	-9.1	
0.8	3.2	40.1	0.8	
-4.1	-6.6	54.9	0.8	
-18.9	25.4	42.6	10.6	
-36.1	22.9	52.4	-4.1	
-11.5	52.4	62.3	-11.5	
-16.4	35.2	84.4	-6.6	
0.8	47.5	37.7	-6.6	
13.1	59.8	3.2	-1.7	
27.8	52.4	18.0	15.5	
13.1	62.3	37.7	13.1	
15.5	104.1	40.1	15.5	
10.6	67.2	57.4	22.9	
5.7	86.9	64.7	18.0	
5.7	62.3	0.8	8.2	
0.8	47.5	-50.9	0.8	
0.8	52.4	-102.5	10.6	
3.2	37.7	-73.0	-4.1	
13.1	20.5	-11.5	8.2	
0.8	37.7	22.9	8.2	
8.2	22.9	72.1	-1.7	
-4.1	3.2	30.3	5.7	
-9.1	-11.5	-1.7	3.2	
-1.7	8.2	47.5	18.0	
0.8	-55.8	99.2	25.4	
-11.5	-55.8	91.8	35.2	
-9.1	25.4	91.8	22.9	
0.8	42.6	84.4	20.5	
-14.0	13.1	54.9	8.2	
-6.6	32.8	15.5	20.5	
-1.7	54.9	-63.2	27.8	
8.2	74.6	-77.9	22.9	
0.8	40.1	-21.4	8.2	
0.8	86.9	20.5	0.8	
0.8	27.8	18.0	-4.1	
-14.0	27.8	62.3	-1.7	
-9.1	42.6	35.2	37.7	
5.7	-4.1	-1.7	30.3	
13.1	20.5	-33.7	10.6	
25.4	40.1	-100.1	-11.5	
30.3	32.8	-119.8	-11.5	
15.5	20.5	-70.6	0.8	
15.5	20.5	-14.0	20.5	
27.8	20.5	-6.6	13.1	
20.5	-6.6	22.9	5.7	
22.9	54.9	37.7	5.7	
15.5	22.9	47.5	8.2	
27.8	47.5	57.4	30.3	
20.5	64.7	52.4	22.9	
0.8	-18.9	64.7	25.4	
-6.6	5.7	27.8	3.2	
5.7	47.5	20.5	-9.1	
8.2	27.8	-16.4	-1.7	
0.8	-16.4	-14.0	-4.1	
8.2	195.1	5.7	0.8	
5.7	170.5	22.9	-4.1	
5.7	158.2	15.5	-4.1	
5.7	8.2	15.5	25.4	
3.2	-272.3	3.2	15.5	
-1.7	113.9	13.1	18.0	
-1.7	-11.5	0.8	15.5	
5.7	-117.3	20.5	25.4	
-6.6	-122.2	25.4	20.5	
10.6	37.7	25.4	5.7	
15.5	25.4	25.4	-14.0	
13.1	25.4	30.3	-4.1	
22.9	62.3	27.8	13.1	
0.8	62.3	35.2	18.0	
8.2	47.5	32.8	40.1	
8.2	94.3	10.6	27.8	
3.2	74.6	-6.6	22.9	
-1.7	86.9	-1.7	13.1	
3.2	104.1	-14.0	3.2	
-9.1	89.3	-6.6	-23.8	
-9.1	67.2	5.7	-26.3	
-11.5	64.7	18.0	-36.1	
-6.6	25.4	42.6	-16.4	
-16.4	47.5	45.1	-28.7	
3.2	22.9	77.0	-1.7	
-4.1	27.8	84.4	27.8	
0.8	37.7	50.0	22.9	
-4.1	25.4	-28.7	15.5	
0.8	18.0	-43.5	3.2	
5.7	-23.8	-85.3	-1.7	
10.6	-1.7	-114.8	3.2	
-1.7	3.2	-114.8	5.7	
-1.7	27.8	-105.0	25.4	
10.6	30.3	-60.7	15.5	
13.1	5.7	-28.7	-1.7	
15.5	57.4	-21.4	-9.1	
25.4	57.4	8.2	-9.1	
15.5	35.2	27.8	3.2	
10.6	42.6	8.2	13.1	
25.4	62.3	-16.4	35.2	
27.8	35.2	-23.8	5.7	
25.4	5.7	-6.6	10.6	
20.5	45.1	32.8	3.2	
10.6	30.3	64.7	15.5	
-4.1	37.7	69.7	25.4	
-4.1	10.6	67.2	25.4	
-1.7	13.1	25.4	15.5	
3.2	25.4	-9.1	37.7	
15.5	8.2	-26.3	35.2	
22.9	13.1	5.7	25.4	
15.5	-4.1	8.2	30.3	
20.5	-9.1	-11.5	10.6	
25.4	13.1	5.7	15.5	
18.0	40.1	8.2	-1.7	
20.5	79.5	13.1	8.2	
22.9	64.7	-4.1	37.7	
3.2	54.9	-16.4	62.3	
-11.5	54.9	10.6	50.0	
-9.1	62.3	20.5	45.1	
-6.6	35.2	8.2	45.1	
3.2	57.4	-14.0	-21.4	
5.7	10.6	-1.7	-73.0	
15.5	22.9	-6.6	-80.4	
15.5	5.7	-4.1	-60.7	
20.5	27.8	5.7	-48.4	
25.4	15.5	13.1	-14.0	
22.9	50.0	27.8	-14.0	
27.8	35.2	25.4	-16.4	
15.5	-21.4	-4.1	-43.5	
15.5	5.7	-16.4	-46.0	
22.9	10.6	-14.0	10.6	
27.8	69.7	-16.4	27.8	
8.2	67.2	-4.1	45.1	
18.0	47.5	5.7	62.3	
5.7	35.2	0.8	47.5	
8.2	101.6	-6.6	27.8	
-6.6	67.2	3.2	-6.6	
-1.7	57.4	15.5	-21.4	
5.7	62.3	18.0	3.2	
-1.7	57.4	3.2	42.6	
13.1	69.7	-9.1	62.3	
22.9	40.1	5.7	99.2	
22.9	20.5	32.8	96.7	
30.3	50.0	27.8	74.6	
20.5	35.2	-41.0	40.1	
22.9	59.8	-41.0	-18.9	
22.9	30.3	-18.9	-127.1	
20.5	37.7	-4.1	-176.3	
22.9	13.1	-28.7	-149.3	
25.4	35.2	-23.8	-70.6	
10.6	8.2	0.8	-14.0	
-16.4	62.3	-4.1	8.2	
-6.6	67.2	-11.5	32.8	
-16.4	64.7	8.2	40.1	
-21.4	89.3	15.5	27.8	
-6.6	244.3	27.8	22.9	
-6.6	69.7	42.6	20.5	
-1.7	54.9	32.8	3.2	
-9.1	13.1	50.0	-23.8	
10.6	3.2	50.0	-43.5	
-1.7	229.6	32.8	0.8	
-4.1	197.6	20.5	18.0	
-6.6	212.3	18.0	25.4	
-14.0	13.1	5.7	18.0	
-14.0	143.5	-16.4	37.7	
-33.7	52.4	-38.6	27.8	
-28.7	59.8	-23.8	20.5	
-9.1	-105.0	-33.7	18.0	
-1.7	-109.9	-63.2	22.9	
0.8	15.5	-36.1	8.2	
-4.1	47.5	37.7	5.7	
10.6	69.7	77.0	8.2	
5.7	54.9	89.3	-1.7	
0.8	59.8	123.8	15.5	
10.6	25.4	177.9	15.5	
15.5	62.3	128.7	13.1	
13.1	89.3	57.4	22.9	
13.1	40.1	-1.7	20.5	
13.1	84.4	-82.9	5.7	
0.8	40.1	-107.5	10.6	
-1.7	62.3	-119.8	-6.6	
13.1	40.1	-171.4	-1.7	
5.7	50.0	-149.3	15.5	
-6.6	47.5	-161.6	25.4	
-4.1	40.1	-169.0	18.0	
-6.6	32.8	-146.8	8.2	
-4.1	5.7	-102.5	13.1	
0.8	30.3	-31.2	18.0	
3.2	22.9	-31.2	13.1	
8.2	-16.4	32.8	30.3	
8.2	25.4	74.6	10.6	
13.1	45.1	74.6	8.2	
5.7	18.0	74.6	13.1	
3.2	37.7	96.7	20.5	
13.1	25.4	91.8	13.1	
22.9	50.0	79.5	25.4	
5.7	37.7	86.9	27.8	
10.6	62.3	113.9	32.8	
18.0	86.9	123.8	27.8	
5.7	79.5	89.3	10.6	
18.0	69.7	89.3	5.7	
5.7	50.0	32.8	8.2	
-6.6	64.7	15.5	3.2	
-11.5	10.6	-1.7	18.0	
-14.0	13.1	-9.1	15.5	
-14.0	10.6	-9.1	25.4	
-11.5	8.2	-18.9	8.2	
-21.4	-16.4	-41.0	3.2	
-14.0	-18.9	-6.6	-16.4	
-6.6	13.1	-11.5	-31.2	
-6.6	77.0	-26.3	-14.0	
15.5	45.1	-21.4	-4.1	
25.4	18.0	-11.5	-16.4	
25.4	27.8	-31.2	-11.5	
22.9	30.3	-60.7	-9.1	
20.5	50.0	-58.3	22.9	
13.1	25.4	-50.9	27.8	
8.2	64.7	-33.7	25.4	
-1.7	59.8	-28.7	37.7	
5.7	72.1	-11.5	45.1	
3.2	52.4	10.6	42.6	
22.9	57.4	25.4	32.8	
20.5	-1.7	27.8	27.8	
13.1	32.8	54.9	15.5	
18.0	27.8	69.7	-18.9	
13.1	13.1	74.6	-28.7	
13.1	35.2	35.2	0.8	
3.2	22.9	32.8	0.8	
22.9	3.2	30.3	-1.7	
10.6	13.1	59.8	-6.6	
-6.6	-1.7	79.5	-1.7	
-14.0	8.2	27.8	-9.1	
-6.6	10.6	-18.9	-9.1	
-6.6	22.9	-60.7	-26.3	
-1.7	37.7	-33.7	3.2	
5.7	40.1	-4.1	-9.1	
13.1	22.9	-9.1	-11.5	
25.4	47.5	22.9	30.3	
27.8	77.0	104.1	27.8	
13.1	52.4	123.8	20.5	
15.5	45.1	57.4	37.7	
27.8	30.3	15.5	45.1	
25.4	84.4	0.8	25.4	
35.2	25.4	-28.7	10.6	
37.7	54.9	-41.0	20.5	
42.6	40.1	-82.9	32.8	
42.6	57.4	-87.8	25.4	
40.1	15.5	-100.1	15.5	
40.1	27.8	-73.0	22.9	
52.4	32.8	-38.6	10.6	
37.7	37.7	-1.7	10.6	
27.8	50.0	-31.2	10.6	
25.4	25.4	-60.7	15.5	
22.9	69.7	-46.0	5.7	
10.6	54.9	-16.4	-6.6	
-16.4	-191.1	0.8	13.1	
-6.6	-146.8	30.3	25.4	
-4.1	22.9	50.0	22.9	
5.7	67.2	54.9	15.5	
5.7	205.0	50.0	3.2	
20.5	205.0	64.7	3.2	
30.3	79.5	57.4	18.0	
25.4	296.0	84.4	8.2	
35.2	175.4	84.4	-9.1	
25.4	143.5	89.3	-11.5	
30.3	74.6	126.2	5.7	
15.5	57.4	180.4	8.2	
8.2	45.1	150.8	25.4	
5.7	-112.4	133.6	32.8	
0.8	32.8	77.0	30.3	
-11.5	57.4	40.1	18.0	
0.8	72.1	3.2	22.9	
0.8	89.3	-75.5	15.5	
3.2	54.9	-107.5	0.8	
-1.7	104.1	-154.2	3.2	
-6.6	59.8	-144.4	-4.1	
5.7	91.8	-80.4	-1.7	
8.2	54.9	-6.6	8.2	
15.5	59.8	-1.7	27.8	
13.1	59.8	-28.7	18.0	
15.5	62.3	8.2	20.5	
20.5	35.2	50.0	0.8	
8.2	47.5	101.6	-11.5	
-1.7	47.5	54.9	5.7	
-4.1	35.2	-9.1	-16.4	
15.5	13.1	-28.7	-9.1	
8.2	25.4	-6.6	15.5	
13.1	-4.1	10.6	20.5	
30.3	-1.7	13.1	32.8	
13.1	-23.8	8.2	20.5	
20.5	10.6	5.7	27.8	
22.9	20.5	5.7	27.8	
8.2	15.5	18.0	15.5	
13.1	42.6	40.1	5.7	
15.5	40.1	62.3	0.8	
18.0	22.9	57.4	-23.8	
15.5	52.4	91.8	-9.1	
22.9	69.7	79.5	-14.0	
22.9	37.7	69.7	-9.1	
18.0	67.2	25.4	13.1	
13.1	35.2	20.5	15.5	
5.7	-4.1	37.7	10.6	
-1.7	32.8	15.5	18.0	
3.2	15.5	13.1	32.8	
-1.7	3.2	27.8	18.0	
13.1	3.2	15.5	13.1	
13.1	30.3	3.2	-1.7	
8.2	5.7	27.8	8.2	
-6.6	-9.1	32.8	20.5	
-11.5	20.5	32.8	25.4	
0.8	-31.2	8.2	18.0	
3.2	20.5	-11.5	10.6	
-4.1	-4.1	-31.2	-4.1	
-4.1	27.8	-18.9	-4.1	
-21.4	50.0	-16.4	-4.1	
-14.0	84.4	-11.5	3.2	
-1.7	18.0	-46.0	-4.1	
-4.1	45.1	-65.6	0.8	
3.2	54.9	-16.4	5.7	
30.3	52.4	3.2	-1.7	
27.8	54.9	5.7	3.2	
15.5	25.4	54.9	-1.7	
8.2	67.2	96.7	8.2	
8.2	50.0	104.1	-1.7	
10.6	32.8	84.4	8.2	
13.1	72.1	101.6	3.2	
22.9	5.7	64.7	0.8	
27.8	8.2	54.9	0.8	
25.4	-26.3	-28.7	-9.1	
30.3	10.6	-92.7	-6.6	
22.9	-1.7	-134.5	-9.1	
18.0	25.4	-205.9	-4.1	
20.5	57.4	-203.4	13.1	
13.1	47.5	-154.2	5.7	
25.4	18.0	-70.6	-1.7	
32.8	22.9	5.7	-23.8	
25.4	42.6	35.2	-4.1	
18.0	54.9	64.7	-1.7	
20.5	64.7	62.3	3.2	
35.2	79.5	74.6	-9.1	
13.1	-63.2	72.1	-11.5	
22.9	47.5	64.7	-4.1	
18.0	5.7	64.7	10.6	
13.1	27.8	-11.5	3.2	
20.5	10.6	-43.5	-9.1	
20.5	18.0	-70.6	-11.5	
18.0	25.4	-60.7	3.2	
15.5	30.3	-68.1	-6.6	
3.2	20.5	-16.4	5.7	
0.8	18.0	35.2	-1.7	
-1.7	-9.1	62.3	5.7	
3.2	20.5	94.3	-4.1	
-9.1	15.5	79.5	13.1	
3.2	42.6	47.5	13.1	
0.8	30.3	25.4	10.6	
0.8	175.4	5.7	0.8	
5.7	69.7	8.2	18.0	
5.7	77.0	37.7	13.1	
-4.1	40.1	59.8	15.5	
0.8	-107.5	67.2	10.6	
-1.7	138.5	84.4	-4.1	
3.2	-60.7	27.8	-4.1	
10.6	22.9	3.2	10.6	
5.7	47.5	-18.9	-1.7	
-4.1	-237.8	-55.8	3.2	
3.2	40.1	-48.4	-9.1	
8.2	-92.7	-1.7	-14.0	
-14.0	-77.9	72.1	-4.1	
-21.4	-141.9	32.8	20.5	
-11.5	-1.7	0.8	13.1	
8.2	27.8	0.8	5.7	
18.0	30.3	15.5	-6.6	
30.3	27.8	30.3	-14.0	
52.4	89.3	32.8	-4.1	
54.9	50.0	45.1	3.2	
54.9	72.1	72.1	8.2	
40.1	40.1	72.1	20.5	
37.7	128.7	54.9	-9.1	
30.3	69.7	5.7	-4.1	
30.3	64.7	-6.6	-4.1	
25.4	22.9	0.8	0.8	
18.0	-1.7	20.5	-14.0	
8.2	37.7	22.9	-33.7	
-4.1	25.4	22.9	-18.9	
0.8	50.0	15.5	-18.9	
-4.1	35.2	-28.7	-16.4	
-6.6	0.8	-107.5	-18.9	
-9.1	15.5	-105.0	-18.9	
3.2	-36.1	-73.0	25.4	
8.2	-1.7	-18.9	57.4	
13.1	8.2	18.0	32.8	
13.1	-4.1	54.9	8.2	
18.0	22.9	91.8	8.2	
10.6	15.5	96.7	-1.7	
-1.7	30.3	84.4	20.5	
-6.6	57.4	40.1	37.7	
15.5	64.7	-16.4	10.6	
8.2	22.9	-77.9	-14.0	
13.1	91.8	-77.9	-4.1	
0.8	35.2	-70.6	0.8	
5.7	37.7	-90.2	25.4	
10.6	27.8	-141.9	37.7	
0.8	27.8	-107.5	20.5	
-1.7	27.8	-36.1	10.6	
0.8	-4.1	-4.1	0.8	
-1.7	0.8	20.5	15.5	
-9.1	8.2	8.2	15.5	
-9.1	-1.7	3.2	3.2	
-4.1	-33.7	22.9	13.1	
-6.6	0.8	18.0	15.5	
-1.7	25.4	37.7	13.1	
-6.6	-6.6	59.8	15.5	
-1.7	18.0	47.5	10.6	
-1.7	22.9	52.4	13.1	
0.8	40.1	50.0	8.2	
13.1	45.1	25.4	5.7	
27.8	67.2	0.8	-1.7	
3.2	13.1	-11.5	5.7	
5.7	79.5	-33.7	13.1	
13.1	40.1	-26.3	18.0	
15.5	50.0	-14.0	10.6	
3.2	8.2	-4.1	18.0	
5.7	32.8	3.2	52.4	
5.7	57.4	-28.7	52.4	
-4.1	40.1	-33.7	47.5	
-1.7	15.5	-58.3	42.6	
-1.7	10.6	-58.3	18.0	
-6.6	37.7	-14.0	10.6	
-14.0	-4.1	8.2	-31.2	
-16.4	-9.1	30.3	5.7	
-6.6	8.2	82.0	-1.7	
-1.7	8.2	101.6	-48.4	
-11.5	37.7	101.6	-33.7	
3.2	57.4	79.5	-14.0	
13.1	64.7	64.7	0.8	
30.3	67.2	109.0	22.9	
13.1	74.6	145.9	25.4	
27.8	79.5	101.6	20.5	
15.5	69.7	32.8	8.2	
13.1	91.8	-92.7	-9.1	
10.6	45.1	-171.4	5.7	
0.8	20.5	-208.3	10.6	
3.2	37.7	-178.8	5.7	
15.5	5.7	-55.8	47.5	
30.3	15.5	18.0	45.1	
50.0	40.1	20.5	30.3	
40.1	37.7	-43.5	-28.7	
22.9	50.0	-36.1	-28.7	
25.4	27.8	57.4	-6.6	
35.2	-18.9	91.8	-11.5	
25.4	8.2	160.7	-6.6	
15.5	27.8	192.7	-6.6	
0.8	10.6	170.5	-4.1	
8.2	37.7	133.6	13.1	
-1.7	47.5	69.7	42.6	
27.8	74.6	37.7	18.0	
52.4	18.0	18.0	-11.5	
42.6	8.2	-28.7	-9.1	
40.1	-60.7	-46.0	-1.7	
20.5	10.6	-109.9	-1.7	
5.7	148.4	-169.0	13.1	
8.2	-117.3	-107.5	10.6	
0.8	261.5	-48.4	3.2	
-6.6	-100.1	-50.9	5.7	
3.2	99.2	22.9	3.2	
-4.1	-16.4	50.0	8.2	
-11.5	-9.1	69.7	-1.7	
-14.0	-151.7	69.7	8.2	
-16.4	-171.4	35.2	10.6	
-18.9	10.6	13.1	8.2	
3.2	50.0	27.8	5.7	
20.5	64.7	37.7	32.8	
30.3	35.2	40.1	30.3	
32.8	62.3	30.3	37.7	
30.3	37.7	20.5	40.1	
30.3	40.1	30.3	37.7	
15.5	57.4	47.5	13.1	
10.6	74.6	22.9	22.9	
5.7	111.5	-1.7	37.7	
-4.1	79.5	-4.1	52.4	
5.7	45.1	-43.5	47.5	
-9.1	67.2	-46.0	22.9	
-1.7	84.4	3.2	5.7	
-1.7	42.6	47.5	0.8	
3.2	47.5	0.8	-4.1	
-1.7	18.0	-50.9	-9.1	
-4.1	45.1	-36.1	0.8	
-1.7	-1.7	-4.1	0.8	
0.8	-16.4	-6.6	5.7	
3.2	5.7	22.9	-9.1	
-1.7	20.5	50.0	-9.1	
-4.1	30.3	40.1	-4.1	
-1.7	25.4	40.1	-16.4	
-11.5	-4.1	-14.0	-21.4	
-14.0	22.9	-65.6	-28.7	
-9.1	47.5	-18.9	-23.8	
0.8	74.6	-11.5	-6.6	
-6.6	69.7	-4.1	32.8	
0.8	18.0	13.1	47.5	
0.8	35.2	-14.0	52.4	
-6.6	57.4	-6.6	69.7	
10.6	50.0	13.1	25.4	
-6.6	42.6	50.0	-6.6	
5.7	37.7	116.4	-33.7	
-1.7	67.2	126.2	-100.1	
8.2	13.1	84.4	-127.1	
-1.7	13.1	18.0	-112.4	
3.2	0.8	-18.9	-65.6	
-4.1	-1.7	-28.7	-6.6	
-14.0	-6.6	-36.1	32.8	
-4.1	-16.4	-65.6	35.2	
-14.0	27.8	-112.4	8.2	
-16.4	50.0	-60.7	0.8	
-11.5	37.7	-41.0	-31.2	
-16.4	20.5	-6.6	-23.8	
-11.5	35.2	18.0	8.2	
-1.7	30.3	62.3	25.4	
5.7	74.6	59.8	52.4	
18.0	47.5	69.7	40.1	
20.5	27.8	54.9	13.1	
27.8	25.4	82.0	25.4	
27.8	57.4	42.6	10.6	
25.4	40.1	-26.3	25.4	
25.4	62.3	-109.9	35.2	
22.9	42.6	-173.9	32.8	
27.8	32.8	-151.7	13.1	
22.9	25.4	-77.9	5.7	
8.2	37.7	35.2	5.7	
-4.1	-4.1	104.1	-1.7	
-9.1	8.2	27.8	-9.1	
-11.5	35.2	18.0	0.8	
0.8	18.0	22.9	32.8	
8.2	22.9	59.8	25.4	
35.2	86.9	3.2	0.8	
35.2	67.2	-18.9	10.6	
40.1	72.1	-60.7	52.4	
50.0	74.6	-117.3	50.0	
40.1	32.8	-159.1	8.2	
47.5	54.9	-156.7	-21.4	
30.3	67.2	-112.4	-33.7	
30.3	47.5	-31.2	-36.1	
15.5	91.8	18.0	-31.2	
27.8	79.5	-18.9	-23.8	
18.0	45.1	-1.7	-9.1	
27.8	91.8	82.0	-1.7	
15.5	32.8	136.1	-14.0	
8.2	57.4	118.9	-33.7	
8.2	69.7	118.9	-18.9	
-4.1	15.5	123.8	20.5	
8.2	32.8	89.3	25.4	
8.2	45.1	54.9	45.1	
8.2	42.6	27.8	52.4	
-1.7	64.7	74.6	77.0	
-6.6	101.6	109.0	82.0	
-4.1	45.1	111.5	86.9	
-4.1	-100.1	113.9	96.7	
-1.7	-92.7	91.8	106.6	
10.6	160.7	67.2	94.3	
-1.7	35.2	47.5	50.0	
-9.1	-63.2	-9.1	8.2	
-9.1	180.4	-41.0	-48.4	
-1.7	155.8	-26.3	-63.2	
8.2	212.3	-46.0	-55.8	
18.0	22.9	-60.7	-4.1	
32.8	50.0	-28.7	5.7	
35.2	82.0	-26.3	79.5	
18.0	-26.3	-21.4	180.4	
20.5	22.9	20.5	158.2	
0.8	-144.4	50.0	138.5	
-9.1	-14.0	59.8	10.6	
-18.9	22.9	94.3	-129.6	
-28.7	37.7	79.5	-169.0	
-11.5	45.1	89.3	-109.9	
-9.1	0.8	89.3	-43.5	
5.7	40.1	128.7	145.9	
18.0	57.4	77.0	180.4	
30.3	54.9	-73.0	136.1	
22.9	52.4	-183.7	150.8	
20.5	74.6	-255.1	-292.0	
10.6	42.6	-237.8	-515.8	
5.7	84.4	-161.6	-525.7	
8.2	20.5	-127.1	-250.1	
10.6	25.4	-112.4	-1.7	
5.7	30.3	-137.0	-75.5	
5.7	25.4	-178.8	-26.3	
3.2	-16.4	-117.3	-63.2	
-14.0	5.7	-48.4	-109.9	
0.8	-1.7	-11.5	-46.0	
5.7	-41.0	-18.9	-36.1	
10.6	-1.7	-6.6	69.7	
8.2	-6.6	62.3	111.5	
15.5	0.8	123.8	96.7	
20.5	22.9	173.0	67.2	
27.8	18.0	229.6	35.2	
18.0	27.8	251.7	8.2	
15.5	72.1	244.3	-1.7	
15.5	25.4	141.0	15.5	
3.2	50.0	74.6	42.6	
-11.5	54.9	-41.0	52.4	
-9.1	84.4	-75.5	40.1	
-6.6	15.5	-50.9	52.4	
-4.1	32.8	-36.1	54.9	
-9.1	18.0	-23.8	35.2	
-9.1	84.4	-41.0	8.2	
-1.7	20.5	-43.5	8.2	
-1.7	8.2	-26.3	40.1	
-14.0	-6.6	-11.5	37.7	
-9.1	-1.7	5.7	20.5	
0.8	-23.8	-9.1	13.1	
-1.7	-9.1	-6.6	25.4	
0.8	18.0	0.8	37.7	
-14.0	13.1	3.2	5.7	
5.7	35.2	-4.1	-48.4	
5.7	62.3	-33.7	-36.1	
3.2	62.3	-50.9	-11.5	
13.1	59.8	-31.2	25.4	
20.5	74.6	-46.0	40.1	
18.0	72.1	-43.5	25.4	
18.0	118.9	-46.0	0.8	
25.4	74.6	-38.6	-43.5	
18.0	69.7	-16.4	-31.2	
22.9	94.3	-4.1	40.1	
25.4	32.8	10.6	62.3	
8.2	35.2	20.5	27.8	
10.6	74.6	59.8	10.6	
5.7	59.8	89.3	5.7	
-1.7	30.3	96.7	-4.1	
-6.6	18.0	82.0	-4.1	
-9.1	25.4	89.3	3.2	
-11.5	-9.1	54.9	8.2	
-6.6	22.9	20.5	-1.7	
-16.4	54.9	8.2	5.7	
-11.5	37.7	-53.3	-11.5	
-14.0	77.0	-41.0	0.8	
-4.1	47.5	-9.1	8.2	
20.5	32.8	3.2	-9.1	
25.4	50.0	5.7	-6.6	
18.0	59.8	3.2	3.2	
15.5	94.3	13.1	13.1	
15.5	84.4	18.0	30.3	
18.0	74.6	-11.5	42.6	
25.4	111.5	-28.7	35.2	
20.5	52.4	-33.7	22.9	
22.9	86.9	-43.5	37.7	
18.0	45.1	8.2	-14.0	
15.5	42.6	37.7	-38.6	
20.5	91.8	-9.1	-28.7	
20.5	96.7	-43.5	-6.6	
20.5	45.1	-23.8	-18.9	
32.8	45.1	-21.4	-4.1	
22.9	-6.6	-28.7	40.1	
3.2	-33.7	42.6	123.8	
0.8	-14.0	74.6	190.2	
-1.7	62.3	35.2	197.6	
-18.9	52.4	-48.4	168.1	
-4.1	160.7	-156.7	123.8	
-1.7	96.7	-156.7	18.0	
0.8	-139.4	-82.9	-260.0	
-18.9	74.6	-31.2	-407.6	
-6.6	82.0	-6.6	-218.2	
13.1	145.9	-28.7	-58.3	
30.3	118.9	-41.0	47.5	
30.3	259.1	8.2	104.1	
25.4	-119.8	40.1	123.8	
20.5	160.7	30.3	79.5	
13.1	91.8	45.1	-95.2	
0.8	-4.1	72.1	-97.6	
8.2	-119.8	72.1	52.4	
-4.1	-178.8	62.3	128.7	
10.6	5.7	57.4	133.6	
8.2	47.5	10.6	77.0	
-4.1	8.2	-33.7	-28.7	
3.2	22.9	-43.5	-139.4	
3.2	82.0	-38.6	-186.2	
-11.5	25.4	0.8	-156.7	
-9.1	52.4	37.7	-161.6	
-1.7	52.4	52.4	-90.2	
3.2	57.4	59.8	27.8	
13.1	50.0	13.1	104.1	
8.2	40.1	-16.4	82.0	
-4.1	-14.0	-21.4	20.5	
3.2	-11.5	-18.9	-46.0	
0.8	18.0	-48.4	-43.5	
5.7	-16.4	-48.4	-73.0	
3.2	-9.1	-21.4	-23.8	
5.7	-38.6	-33.7	10.6	
-1.7	50.0	-21.4	27.8	
-4.1	22.9	18.0	25.4	
10.6	3.2	54.9	15.5	
5.7	22.9	101.6	18.0	
20.5	-18.9	128.7	-4.1	
15.5	-16.4	153.3	-9.1	
13.1	-9.1	131.2	22.9	
15.5	47.5	96.7	30.3	
18.0	18.0	45.1	10.6	
10.6	69.7	40.1	8.2	
0.8	45.1	18.0	8.2	
3.2	54.9	-18.9	0.8	
-6.6	104.1	-33.7	25.4	
-11.5	77.0	5.7	30.3	
3.2	57.4	32.8	35.2	
0.8	57.4	22.9	32.8	
8.2	32.8	30.3	54.9	
-4.1	-14.0	-6.6	45.1	
-9.1	-6.6	0.8	50.0	
-4.1	25.4	-11.5	42.6	
-6.6	22.9	-26.3	30.3	
-4.1	35.2	-82.9	15.5	
-6.6	-6.6	-102.5	5.7	
-4.1	-28.7	-68.1	18.0	
-4.1	30.3	-16.4	20.5	
0.8	0.8	-4.1	22.9	
10.6	35.2	-4.1	15.5	
30.3	52.4	10.6	18.0	
20.5	-55.8	25.4	15.5	
13.1	-60.7	32.8	20.5	
15.5	-14.0	50.0	20.5	
15.5	-16.4	67.2	15.5	
8.2	-43.5	89.3	-11.5	
8.2	-1.7	59.8	-1.7	
8.2	-85.3	30.3	20.5	
8.2	-55.8	13.1	27.8	
10.6	-65.6	-18.9	13.1	
0.8	-41.0	-43.5	0.8	
-9.1	-1.7	-75.5	10.6	
-6.6	-11.5	-68.1	32.8	
-6.6	-18.9	-36.1	22.9	
8.2	-18.9	-48.4	20.5	
-1.7	-50.9	-50.9	5.7	
0.8	-46.0	-43.5	-1.7	
0.8	-11.5	25.4	-1.7	
-4.1	3.2	57.4	-4.1	
18.0	-11.5	25.4	3.2	
27.8	20.5	20.5	-4.1	
18.0	27.8	-1.7	10.6	
5.7	74.6	-6.6	18.0	
-16.4	8.2	8.2	27.8	
-11.5	-31.2	37.7	27.8	
-28.7	47.5	-4.1	10.6	
-11.5	52.4	3.2	13.1	
-9.1	-4.1	3.2	15.5	
-21.4	84.4	3.2	3.2	
-21.4	5.7	20.5	-1.7	
-28.7	10.6	-1.7	5.7	
-21.4	47.5	0.8	18.0	
-41.0	52.4	-18.9	32.8	
-23.8	8.2	-28.7	25.4	
-31.2	74.6	-68.1	25.4	
-11.5	62.3	-50.9	25.4	
-6.6	10.6	-18.9	30.3	
-4.1	13.1	-14.0	32.8	
-26.3	25.4	10.6	18.0	
-18.9	59.8	42.6	20.5	
-21.4	22.9	37.7	20.5	
-18.9	45.1	-16.4	22.9	
-14.0	362.4	-18.9	27.8	
-9.1	163.1	18.0	22.9	
20.5	148.4	42.6	18.0	
25.4	-87.8	69.7	8.2	
37.7	50.0	84.4	5.7	
5.7	153.3	74.6	-1.7	
0.8	-235.4	69.7	0.8	
0.8	163.1	30.3	3.2	
5.7	67.2	-1.7	0.8	
8.2	-68.1	-33.7	-1.7	
10.6	67.2	-90.2	-4.1	
5.7	-55.8	-134.5	10.6	
-1.7	8.2	-149.3	-9.1	
-6.6	-122.2	-205.9	3.2	
-1.7	-11.5	-188.6	-16.4	
3.2	-14.0	-159.1	-18.9	
5.7	67.2	-107.5	8.2	
3.2	64.7	-23.8	-4.1	
13.1	59.8	8.2	0.8	
13.1	37.7	13.1	-11.5	
8.2	27.8	47.5	-21.4	
0.8	52.4	74.6	-6.6	
-9.1	106.6	91.8	-1.7	
3.2	91.8	104.1	-31.2	
-4.1	91.8	72.1	5.7	
8.2	45.1	45.1	22.9	
20.5	54.9	10.6	25.4	
27.8	32.8	-11.5	15.5	
22.9	72.1	-28.7	32.8	
27.8	20.5	-33.7	25.4	
18.0	8.2	-48.4	8.2	
13.1	67.2	-119.8	18.0	
5.7	15.5	-102.5	35.2	
10.6	-1.7	-60.7	37.7	
10.6	25.4	-53.3	8.2	
13.1	5.7	-53.3	0.8	
15.5	8.2	8.2	10.6	
10.6	0.8	67.2	10.6	
5.7	0.8	74.6	-4.1	
-4.1	50.0	72.1	-4.1	
8.2	8.2	52.4	-11.5	
8.2	13.1	20.5	-16.4	
10.6	59.8	10.6	-14.0	
8.2	74.6	5.7	-1.7	
18.0	18.0	18.0	-1.7	
8.2	40.1	18.0	-1.7	
-4.1	-1.7	20.5	-4.1	
-4.1	-1.7	-9.1	0.8	
5.7	-23.8	-60.7	-4.1	
-1.7	-46.0	-60.7	3.2	
-1.7	-28.7	-60.7	18.0	
13.1	-11.5	-21.4	8.2	
5.7	-63.2	-6.6	-1.7	
3.2	-50.9	22.9	3.2	
3.2	-58.3	54.9	3.2	
25.4	-4.1	74.6	-4.1	
22.9	-11.5	54.9	0.8	
18.0	-33.7	27.8	-1.7	
15.5	-38.6	0.8	-6.6	
8.2	0.8	-11.5	-6.6	
0.8	10.6	-6.6	-1.7	
3.2	5.7	-14.0	-4.1	
20.5	8.2	-46.0	-4.1	
30.3	18.0	-55.8	0.8	
15.5	27.8	-48.4	-1.7	
5.7	22.9	-26.3	-1.7	
0.8	-28.7	20.5	5.7	
-16.4	-9.1	52.4	5.7	
-18.9	-14.0	45.1	10.6	
-9.1	-16.4	-1.7	-9.1	
0.8	15.5	-31.2	13.1	
0.8	5.7	-53.3	18.0	
-1.7	-18.9	-50.9	3.2	
-4.1	-33.7	-26.3	0.8	
20.5	-4.1	0.8	15.5	
25.4	0.8	0.8	42.6	
32.8	5.7	37.7	37.7	
5.7	-14.0	86.9	40.1	
0.8	15.5	101.6	0.8	
5.7	40.1	113.9	-31.2	
13.1	13.1	131.2	-11.5	
18.0	10.6	101.6	5.7	
42.6	-9.1	45.1	45.1	
45.1	52.4	22.9	18.0	
45.1	47.5	10.6	-26.3	
13.1	0.8	-55.8	-26.3	
-6.6	8.2	-100.1	-14.0	
-33.7	-23.8	-159.1	13.1	
-63.2	-4.1	-171.4	20.5	
-77.9	-9.1	-102.5	32.8	
-53.3	-41.0	-55.8	20.5	
-26.3	-9.1	8.2	8.2	
-1.7	-11.5	79.5	0.8	
22.9	-33.7	40.1	15.5	
47.5	5.7	-55.8	25.4	
67.2	22.9	-1.7	22.9	
54.9	20.5	82.0	32.8	
30.3	15.5	128.7	13.1	
15.5	-11.5	37.7	8.2	
27.8	-4.1	18.0	22.9	
45.1	-178.8	5.7	25.4	
35.2	175.4	-33.7	18.0	
20.5	141.0	-28.7	20.5	
-6.6	8.2	-73.0	3.2	
-31.2	-129.6	-122.2	-4.1	
-36.1	197.6	-90.2	5.7	
-33.7	-55.8	-58.3	5.7	
-14.0	15.5	-48.4	3.2	
10.6	234.5	-33.7	-4.1	
45.1	-75.5	59.8	0.8	
62.3	239.4	96.7	13.1	
52.4	-46.0	94.3	-9.1	
40.1	128.7	104.1	-26.3	
40.1	-95.2	113.9	-11.5	
54.9	-16.4	113.9	5.7	
35.2	-6.6	96.7	-26.3	
13.1	15.5	57.4	-43.5	
20.5	35.2	27.8	-23.8	
18.0	30.3	-9.1	0.8	
27.8	32.8	-41.0	15.5	
40.1	32.8	-4.1	32.8	
8.2	20.5	-11.5	10.6	
0.8	15.5	-26.3	18.0	
3.2	57.4	8.2	25.4	
-18.9	13.1	25.4	0.8	
-36.1	10.6	15.5	0.8	
-63.2	35.2	-31.2	-11.5	
-46.0	22.9	-55.8	-6.6	
-1.7	15.5	15.5	-23.8	
13.1	22.9	-1.7	20.5	
45.1	27.8	-11.5	54.9	
50.0	40.1	-11.5	59.8	
42.6	18.0	-14.0	18.0	
25.4	15.5	5.7	5.7	
22.9	-18.9	54.9	25.4	
18.0	22.9	99.2	22.9	
-1.7	40.1	138.5	25.4	
0.8	25.4	133.6	20.5	
0.8	57.4	118.9	15.5	
0.8	54.9	64.7	8.2	
3.2	45.1	22.9	8.2	
-11.5	72.1	-28.7	-11.5	
5.7	47.5	-60.7	-1.7	
5.7	45.1	-46.0	10.6	
20.5	74.6	-26.3	15.5	
8.2	57.4	-36.1	30.3	
10.6	52.4	-23.8	62.3	
-4.1	25.4	18.0	94.3	
-9.1	27.8	50.0	40.1	
3.2	15.5	59.8	-28.7	
5.7	27.8	45.1	-55.8	
18.0	37.7	52.4	-124.7	
20.5	10.6	52.4	-90.2	
18.0	5.7	79.5	-14.0	
3.2	-6.6	89.3	30.3	
-4.1	3.2	47.5	22.9	
0.8	-6.6	3.2	3.2	
15.5	45.1	-53.3	3.2	
18.0	59.8	-55.8	15.5	
18.0	35.2	-41.0	0.8	
0.8	59.8	-36.1	-11.5	
-6.6	74.6	-58.3	-33.7	
-1.7	64.7	-100.1	-38.6	
-1.7	109.0	-28.7	-16.4	
0.8	54.9	15.5	-11.5	
13.1	54.9	-16.4	25.4	
42.6	82.0	-65.6	45.1	
35.2	37.7	-97.6	35.2	
37.7	32.8	-95.2	22.9	
25.4	8.2	-65.6	18.0	
13.1	30.3	0.8	15.5	
22.9	20.5	-18.9	18.0	
20.5	47.5	-80.4	27.8	
13.1	27.8	-85.3	54.9	
22.9	0.8	-87.8	79.5	
15.5	47.5	-60.7	86.9	
15.5	0.8	-50.9	74.6	
20.5	3.2	-41.0	54.9	
47.5	37.7	-28.7	8.2	
22.9	45.1	-43.5	-41.0	
13.1	32.8	3.2	-90.2	
20.5	42.6	18.0	-77.9	
18.0	42.6	69.7	0.8	
35.2	69.7	77.0	84.4	
20.5	67.2	59.8	84.4	
30.3	15.5	8.2	40.1	
42.6	40.1	-28.7	-21.4	
47.5	40.1	-46.0	-85.3	
47.5	32.8	-4.1	-117.3	
35.2	37.7	47.5	-95.2	
47.5	-26.3	69.7	-1.7	
32.8	0.8	94.3	5.7	
50.0	20.5	50.0	0.8	
27.8	-9.1	-65.6	-14.0	
15.5	15.5	-36.1	5.7	
15.5	20.5	20.5	3.2	
-1.7	3.2	15.5	10.6	
-1.7	10.6	8.2	10.6	
15.5	-1.7	-48.4	8.2	
27.8	22.9	-82.9	3.2	
18.0	-161.6	-124.7	-4.1	
13.1	86.9	-92.7	25.4	
22.9	106.6	20.5	13.1	
20.5	22.9	91.8	15.5	
5.7	-85.3	94.3	13.1	
-9.1	94.3	131.2	15.5	
-9.1	118.9	131.2	22.9	
-4.1	163.1	118.9	32.8	
-11.5	64.7	116.4	37.7	
-18.9	40.1	82.0	47.5	
0.8	180.4	52.4	40.1	
-6.6	20.5	-18.9	42.6	
-4.1	192.7	-58.3	47.5	
-4.1	-90.2	-33.7	40.1	
-4.1	45.1	-11.5	52.4	
13.1	47.5	8.2	79.5	
8.2	30.3	8.2	106.6	
-6.6	13.1	-1.7	86.9	
0.8	32.8	10.6	-33.7	
-6.6	13.1	40.1	-95.2	
0.8	62.3	40.1	-100.1	
13.1	62.3	47.5	-95.2	
18.0	84.4	50.0	-75.5	
18.0	89.3	89.3	-43.5	
15.5	54.9	101.6	-28.7	
5.7	47.5	104.1	-4.1	
-11.5	79.5	67.2	-1.7	
-23.8	72.1	-14.0	20.5	
-23.8	37.7	-80.4	42.6	
-4.1	45.1	-92.7	32.8	
30.3	8.2	-43.5	30.3	
57.4	18.0	-102.5	25.4	
86.9	0.8	-137.0	22.9	
82.0	8.2	-156.7	27.8	
77.0	13.1	-132.1	32.8	
20.5	-4.1	-80.4	22.9	
3.2	32.8	35.2	13.1	
-21.4	40.1	126.2	10.6	
-36.1	45.1	86.9	3.2	
-43.5	64.7	27.8	-4.1	
-16.4	50.0	-4.1	15.5	
-9.1	45.1	-36.1	5.7	
-4.1	35.2	-63.2	-1.7	
-4.1	50.0	-53.3	25.4	
-6.6	47.5	-43.5	35.2	
5.7	52.4	-18.9	20.5	
13.1	40.1	20.5	8.2	
15.5	20.5	74.6	0.8	
22.9	25.4	77.0	15.5	
32.8	-1.7	42.6	22.9	
20.5	-26.3	15.5	5.7	
0.8	22.9	13.1	3.2	
-18.9	-1.7	-14.0	13.1	
-9.1	-18.9	-36.1	5.7	
-9.1	22.9	-33.7	3.2	
-6.6	0.8	-14.0	15.5	
-28.7	15.5	67.2	27.8	
-14.0	22.9	89.3	25.4	
-11.5	-6.6	82.0	8.2	
-6.6	13.1	72.1	8.2	
27.8	25.4	30.3	13.1	
22.9	30.3	-21.4	15.5	
30.3	52.4	-48.4	22.9	
35.2	52.4	-46.0	15.5	
45.1	15.5	-18.9	22.9	
50.0	8.2	-41.0	27.8	
27.8	3.2	-31.2	10.6	
32.8	20.5	-23.8	13.1	
8.2	22.9	10.6	13.1	
-1.7	64.7	22.9	22.9	
8.2	42.6	3.2	27.8	
0.8	40.1	-16.4	25.4	
3.2	52.4	-14.0	32.8	
5.7	-11.5	-18.9	52.4	
13.1	45.1	3.2	25.4	
25.4	5.7	-9.1	20.5	
22.9	-1.7	-36.1	-1.7	
13.1	30.3	-36.1	-4.1	
18.0	50.0	-36.1	-18.9	
18.0	50.0	10.6	-21.4	
20.5	35.2	50.0	-4.1	
25.4	64.7	59.8	-26.3	
8.2	45.1	45.1	-43.5	
8.2	54.9	40.1	-14.0	
13.1	50.0	0.8	13.1	
8.2	57.4	-46.0	37.7	
8.2	5.7	-60.7	42.6	
8.2	25.4	-43.5	35.2	
5.7	22.9	-6.6	30.3	
0.8	5.7	45.1	-4.1	
-1.7	10.6	59.8	-11.5	
-6.6	22.9	45.1	-11.5	
0.8	-16.4	20.5	-26.3	
0.8	-18.9	15.5	-11.5	
-16.4	-6.6	22.9	-9.1	
-1.7	-26.3	64.7	-9.1	
-21.4	-28.7	47.5	-1.7	
5.7	45.1	18.0	0.8	
15.5	47.5	18.0	-14.0	
32.8	82.0	-26.3	-18.9	
25.4	165.6	-26.3	-6.6	
25.4	62.3	-26.3	-4.1	
27.8	113.9	-23.8	-9.1	
37.7	-85.3	-26.3	-4.1	
27.8	20.5	-55.8	15.5	
27.8	165.6	-95.2	5.7	
32.8	-95.2	-55.8	22.9	
32.8	236.9	-9.1	18.0	
32.8	-16.4	45.1	15.5	
25.4	109.0	99.2	0.8	
35.2	148.4	79.5	-6.6	
35.2	-46.0	72.1	0.8	
25.4	-50.9	32.8	0.8	
30.3	-124.7	13.1	5.7	
15.5	5.7	30.3	8.2	
22.9	-6.6	30.3	10.6	
30.3	27.8	22.9	10.6	
40.1	-16.4	13.1	8.2	
30.3	22.9	20.5	10.6	
35.2	59.8	-6.6	-1.7	
30.3	77.0	-53.3	3.2	
30.3	22.9	-33.7	13.1	
15.5	47.5	-16.4	8.2	
32.8	52.4	13.1	-4.1	
20.5	37.7	-1.7	-18.9	
15.5	52.4	-14.0	10.6	
0.8	77.0	-14.0	-4.1	
-4.1	30.3	-11.5	3.2	
0.8	50.0	27.8	5.7	
8.2	40.1	40.1	3.2	
8.2	-4.1	40.1	13.1	
10.6	0.8	32.8	15.5	
5.7	25.4	13.1	18.0	
15.5	-14.0	-9.1	8.2	
8.2	13.1	3.2	10.6	
8.2	-1.7	3.2	3.2	
5.7	25.4	5.7	3.2	
0.8	8.2	-36.1	37.7	
5.7	47.5	-31.2	54.9	
8.2	45.1	-26.3	45.1	
22.9	30.3	-26.3	42.6	
37.7	52.4	-14.0	32.8	
37.7	86.9	13.1	-9.1	
54.9	64.7	18.0	-48.4	
47.5	64.7	-9.1	-4.1	
32.8	59.8	-18.9	5.7	
30.3	40.1	-14.0	25.4	
32.8	59.8	-4.1	10.6	
35.2	27.8	8.2	-4.1	
25.4	32.8	-46.0	-16.4	
25.4	40.1	-70.6	-9.1	
20.5	35.2	-70.6	18.0	
5.7	72.1	-53.3	18.0	
-11.5	22.9	-23.8	18.0	
-1.7	37.7	3.2	5.7	
5.7	40.1	40.1	10.6	
5.7	-11.5	15.5	20.5	
13.1	25.4	40.1	25.4	
13.1	67.2	82.0	30.3	
3.2	47.5	133.6	42.6	
3.2	54.9	131.2	54.9	
-1.7	37.7	109.0	30.3	
8.2	52.4	72.1	22.9	
0.8	62.3	15.5	15.5	
8.2	37.7	-55.8	-23.8	
8.2	79.5	-105.0	-38.6	
8.2	50.0	-119.8	-21.4	
8.2	25.4	-58.3	-6.6	
3.2	35.2	37.7	-9.1	
3.2	5.7	79.5	8.2	
3.2	45.1	84.4	8.2	
-1.7	52.4	62.3	10.6	
8.2	37.7	18.0	8.2	
13.1	45.1	-9.1	22.9	
15.5	3.2	-41.0	15.5	
22.9	42.6	-53.3	-11.5	
20.5	35.2	-43.5	-31.2	
20.5	8.2	-43.5	-50.9	
13.1	45.1	-1.7	-21.4	
3.2	59.8	20.5	5.7	
-4.1	57.4	5.7	22.9	
5.7	50.0	-1.7	54.9	
8.2	62.3	-1.7	101.6	
15.5	45.1	27.8	111.5	
3.2	40.1	37.7	111.5	
8.2	64.7	5.7	99.2	
-6.6	22.9	-1.7	52.4	
-1.7	35.2	0.8	-46.0	
0.8	20.5	8.2	-112.4	
-4.1	59.8	18.0	-119.8	
5.7	30.3	40.1	-85.3	
5.7	13.1	57.4	-90.2	
5.7	13.1	42.6	-46.0	
-4.1	-1.7	10.6	3.2	
10.6	37.7	-38.6	0.8	
-9.1	35.2	-28.7	3.2	
0.8	20.5	-11.5	-6.6	
-14.0	35.2	32.8	-21.4	
-14.0	-4.1	25.4	-23.8	
-6.6	22.9	-4.1	-11.5	
-6.6	-92.7	-58.3	-11.5	
3.2	131.2	-38.6	-1.7	
18.0	145.9	-14.0	5.7	
20.5	-50.9	-31.2	-4.1	
27.8	74.6	-46.0	5.7	
25.4	219.7	-58.3	15.5	
15.5	170.5	-26.3	20.5	
18.0	13.1	-18.9	22.9	
22.9	-102.5	-18.9	15.5	
8.2	79.5	-18.9	10.6	
8.2	99.2	8.2	5.7	
10.6	5.7	0.8	13.1	
18.0	72.1	59.8	25.4	
8.2	-166.5	96.7	18.0	
-1.7	-21.4	30.3	8.2	
8.2	-1.7	-33.7	3.2	
3.2	8.2	-60.7	-4.1	
18.0	35.2	-6.6	5.7	
20.5	50.0	-9.1	18.0	
8.2	30.3	-28.7	10.6	
-4.1	72.1	-28.7	3.2	
3.2	40.1	-41.0	-4.1	
3.2	35.2	-14.0	3.2	
3.2	69.7	10.6	0.8	
-6.6	40.1	10.6	-4.1	
-6.6	82.0	45.1	-6.6	
-6.6	64.7	59.8	-18.9	
5.7	35.2	54.9	-4.1	
0.8	15.5	52.4	-1.7	
-6.6	57.4	94.3	-1.7	
-1.7	10.6	89.3	8.2	
0.8	22.9	77.0	3.2	
-4.1	25.4	84.4	10.6	
-4.1	-23.8	86.9	5.7	
-1.7	54.9	-11.5	3.2	
8.2	0.8	-92.7	0.8	
8.2	5.7	-100.1	0.8	
18.0	3.2	-97.6	8.2	
18.0	10.6	-73.0	3.2	
20.5	30.3	-53.3	-14.0	
18.0	32.8	-26.3	-16.4	
22.9	25.4	-4.1	8.2	
25.4	59.8	-14.0	25.4	
18.0	52.4	-1.7	18.0	
27.8	57.4	8.2	25.4	
30.3	57.4	32.8	27.8	
22.9	8.2	45.1	18.0	
20.5	25.4	54.9	25.4	
18.0	27.8	32.8	10.6	
18.0	59.8	67.2	-16.4	
18.0	47.5	77.0	-33.7	
18.0	40.1	104.1	-23.8	
8.2	40.1	126.2	-18.9	
8.2	8.2	89.3	-1.7	
22.9	22.9	64.7	0.8	
22.9	-11.5	50.0	-1.7	
25.4	13.1	-11.5	15.5	
8.2	42.6	-75.5	13.1	
0.8	-6.6	-87.8	10.6	
-14.0	40.1	-55.8	10.6	
5.7	30.3	-68.1	8.2	
3.2	47.5	-43.5	0.8	
-4.1	27.8	-31.2	-4.1	
-1.7	67.2	-16.4	-9.1	
0.8	57.4	-28.7	-1.7	
0.8	59.8	-11.5	5.7	
-9.1	30.3	20.5	-1.7	
-4.1	69.7	37.7	15.5	
-1.7	32.8	72.1	0.8	
-6.6	27.8	69.7	-9.1	
13.1	15.5	42.6	-9.1	
13.1	13.1	47.5	-9.1	
15.5	40.1	45.1	-21.4	
18.0	22.9	37.7	5.7	
15.5	18.0	5.7	5.7	
18.0	22.9	-87.8	13.1	
15.5	32.8	-137.0	15.5	
25.4	50.0	-109.9	10.6	
18.0	52.4	-33.7	-1.7	
32.8	35.2	-14.0	10.6	
22.9	67.2	-1.7	5.7	
20.5	42.6	-9.1	-1.7	
13.1	45.1	-9.1	0.8	
13.1	67.2	-9.1	0.8	
20.5	52.4	-18.9	-1.7	
15.5	94.3	37.7	8.2	
13.1	67.2	69.7	5.7	
50.0	54.9	54.9	15.5	
50.0	47.5	8.2	15.5	
42.6	72.1	-4.1	20.5	
32.8	32.8	13.1	35.2	
45.1	64.7	18.0	20.5	
35.2	32.8	13.1	27.8	
42.6	22.9	0.8	27.8	
52.4	20.5	-1.7	18.0	
25.4	37.7	45.1	18.0	
35.2	72.1	52.4	18.0	
25.4	45.1	32.8	15.5	
32.8	64.7	74.6	20.5	
25.4	74.6	106.6	30.3	
40.1	-528.1	89.3	27.8	
54.9	-262.4	91.8	30.3	
67.2	74.6	89.3	27.8	
64.7	-26.3	37.7	35.2	
32.8	-23.8	30.3	25.4	
18.0	325.5	15.5	27.8	
-9.1	200.0	35.2	15.5	
-14.0	214.8	20.5	13.1	
-38.6	-9.1	13.1	5.7	
-43.5	-4.1	5.7	-14.0	
-23.8	-68.1	15.5	-9.1	
-11.5	13.1	42.6	10.6	
-1.7	57.4	35.2	-9.1	
5.7	-144.4	45.1	-1.7	
-1.7	32.8	57.4	5.7	
3.2	30.3	54.9	5.7	
-1.7	22.9	59.8	-4.1	
5.7	42.6	62.3	3.2	
-1.7	45.1	22.9	13.1	
-1.7	62.3	-23.8	5.7	
-1.7	35.2	25.4	10.6	
5.7	30.3	72.1	5.7	
0.8	67.2	74.6	-1.7	
-4.1	69.7	37.7	-4.1	
18.0	59.8	-9.1	0.8	
0.8	47.5	18.0	0.8	
8.2	40.1	57.4	5.7	
5.7	50.0	57.4	-1.7	
5.7	30.3	40.1	5.7	
-4.1	77.0	35.2	15.5	
18.0	20.5	59.8	5.7	
25.4	25.4	69.7	3.2	
22.9	5.7	86.9	-4.1	
15.5	0.8	91.8	-1.7	
13.1	0.8	79.5	-4.1	
20.5	15.5	62.3	-11.5	
15.5	50.0	50.0	0.8	
3.2	35.2	15.5	15.5	
0.8	35.2	10.6	18.0	
5.7	52.4	-28.7	10.6	
-4.1	8.2	-41.0	5.7	
3.2	57.4	-31.2	-4.1	
5.7	25.4	-58.3	8.2	
13.1	91.8	-48.4	13.1	
15.5	35.2	-53.3	10.6	
25.4	45.1	-33.7	18.0	
13.1	64.7	-11.5	5.7	
18.0	40.1	-14.0	-6.6	
8.2	27.8	3.2	-4.1	
-1.7	37.7	50.0	0.8	
5.7	32.8	89.3	-9.1	
3.2	-4.1	91.8	-4.1	
-11.5	3.2	94.3	8.2	
-4.1	10.6	99.2	3.2	
-14.0	-6.6	91.8	-1.7	
-21.4	32.8	42.6	-4.1	
-9.1	3.2	18.0	-1.7	
-1.7	35.2	5.7	0.8	
0.8	30.3	-16.4	18.0	
5.7	32.8	-28.7	18.0	
18.0	30.3	-70.6	3.2	
18.0	50.0	-92.7	-4.1	
15.5	91.8	-63.2	-6.6	
8.2	84.4	-38.6	5.7	
22.9	40.1	37.7	-4.1	
32.8	59.8	54.9	13.1	
20.5	32.8	30.3	15.5	
20.5	30.3	-23.8	5.7	
5.7	30.3	-46.0	-4.1	
18.0	22.9	-28.7	10.6	
30.3	8.2	8.2	8.2	
37.7	30.3	35.2	20.5	
27.8	13.1	54.9	25.4	
22.9	5.7	35.2	10.6	
22.9	-1.7	-16.4	8.2	
13.1	52.4	-70.6	8.2	
20.5	42.6	-53.3	25.4	
3.2	25.4	3.2	10.6	
3.2	40.1	15.5	5.7	
8.2	42.6	13.1	-4.1	
-4.1	27.8	-28.7	8.2	
-4.1	32.8	-60.7	0.8	
3.2	52.4	-38.6	13.1	
22.9	69.7	0.8	13.1	
32.8	42.6	15.5	37.7	
25.4	86.9	27.8	22.9	
8.2	52.4	52.4	15.5	
10.6	35.2	45.1	0.8	
5.7	22.9	25.4	-1.7	
-1.7	47.5	47.5	-4.1	
-4.1	18.0	72.1	-4.1	
-1.7	22.9	42.6	-1.7	
-18.9	10.6	30.3	-1.7	
-18.9	-26.3	62.3	3.2	
-21.4	37.7	32.8	0.8	
13.1	40.1	37.7	3.2	
20.5	13.1	52.4	10.6	
47.5	30.3	47.5	10.6	
32.8	15.5	8.2	0.8	
18.0	-4.1	15.5	8.2	
8.2	-60.7	27.8	-4.1	
5.7	222.2	62.3	3.2	
-9.1	47.5	91.8	0.8	
-1.7	37.7	113.9	18.0	
8.2	-117.3	94.3	22.9	
15.5	62.3	77.0	15.5	
25.4	148.4	99.2	22.9	
20.5	150.8	121.3	20.5	
8.2	-1.7	99.2	18.0	
3.2	205.0	77.0	-1.7	
3.2	-36.1	86.9	5.7	
27.8	0.8	54.9	15.5	
10.6	153.3	-1.7	22.9	
20.5	-137.0	-73.0	5.7	
5.7	-16.4	-114.8	5.7	
-1.7	-18.9	-181.3	0.8	
13.1	27.8	-176.3	0.8	
20.5	27.8	-124.7	-9.1	
30.3	-6.6	-129.6	-1.7	
18.0	5.7	-87.8	0.8	
15.5	35.2	-28.7	-4.1	
-9.1	25.4	-21.4	-9.1	
-4.1	62.3	5.7	-14.0	
-14.0	62.3	-4.1	-6.6	
-6.6	30.3	8.2	-1.7	
-1.7	37.7	0.8	5.7	
-9.1	52.4	27.8	10.6	
-6.6	45.1	69.7	5.7	
-1.7	42.6	99.2	10.6	
13.1	-1.7	64.7	15.5	
22.9	-26.3	57.4	18.0	
18.0	-18.9	79.5	15.5	
-1.7	18.0	79.5	-1.7	
22.9	-21.4	72.1	-9.1	
15.5	-18.9	52.4	-6.6	
20.5	-4.1	27.8	-6.6	
3.2	-1.7	25.4	-9.1	
-4.1	13.1	22.9	13.1	
-14.0	27.8	5.7	22.9	
-9.1	30.3	-53.3	18.0	
-4.1	54.9	-82.9	22.9	
-1.7	30.3	-53.3	20.5	
15.5	40.1	-55.8	-9.1	
22.9	96.7	-33.7	8.2	
15.5	45.1	-65.6	13.1	
35.2	42.6	-95.2	20.5	
32.8	32.8	-63.2	15.5	
18.0	30.3	-28.7	18.0	
22.9	42.6	25.4	13.1	
22.9	20.5	52.4	5.7	
13.1	-16.4	89.3	10.6	
3.2	54.9	96.7	8.2	
10.6	-26.3	79.5	20.5	
5.7	-53.3	62.3	20.5	
-21.4	15.5	59.8	37.7	
-11.5	3.2	47.5	30.3	
5.7	25.4	32.8	18.0	
8.2	20.5	18.0	3.2	
8.2	59.8	18.0	5.7	
5.7	40.1	25.4	25.4	
3.2	54.9	47.5	13.1	
-4.1	25.4	32.8	5.7	
-6.6	27.8	30.3	3.2	
-11.5	32.8	27.8	5.7	
3.2	8.2	25.4	0.8	
8.2	-16.4	30.3	-14.0	
3.2	-11.5	42.6	-11.5	
5.7	-16.4	25.4	-11.5	
-1.7	-60.7	8.2	-18.9	
3.2	-28.7	-1.7	-11.5	
10.6	-16.4	-16.4	-4.1	
0.8	-31.2	-6.6	-6.6	
0.8	-21.4	13.1	-11.5	
5.7	-41.0	18.0	-6.6	
15.5	-9.1	-1.7	-1.7	
15.5	40.1	-4.1	8.2	
-6.6	32.8	15.5	0.8	
-4.1	27.8	20.5	-6.6	
8.2	30.3	20.5	0.8	
0.8	27.8	3.2	3.2	
0.8	25.4	-16.4	3.2	
0.8	20.5	-11.5	0.8	
-11.5	32.8	27.8	5.7	
0.8	42.6	69.7	-4.1	
15.5	52.4	37.7	20.5	
3.2	40.1	25.4	5.7	
3.2	57.4	-11.5	10.6	
0.8	64.7	-28.7	5.7	
3.2	15.5	-41.0	18.0	
13.1	62.3	-38.6	10.6	
20.5	35.2	-50.9	3.2	
27.8	57.4	8.2	8.2	
20.5	42.6	40.1	8.2	
25.4	37.7	8.2	13.1	
27.8	35.2	-11.5	18.0	
27.8	64.7	-16.4	8.2	
27.8	74.6	-43.5	15.5	
32.8	91.8	-87.8	15.5	
25.4	86.9	-95.2	10.6	
27.8	86.9	-100.1	-1.7	
13.1	143.5	-82.9	-9.1	
-1.7	-48.4	-63.2	-14.0	
0.8	-43.5	-33.7	-26.3	
-1.7	325.5	8.2	0.8	
-6.6	20.5	45.1	13.1	
-28.7	197.6	32.8	27.8	
-11.5	128.7	32.8	32.8	
-11.5	180.4	40.1	30.3	
8.2	-151.7	52.4	22.9	
22.9	57.4	35.2	18.0	
27.8	-43.5	13.1	22.9	
20.5	32.8	13.1	20.5	
20.5	74.6	0.8	32.8	
25.4	-82.9	-28.7	18.0	
20.5	5.7	-28.7	13.1	
13.1	45.1	-4.1	15.5	
15.5	47.5	27.8	15.5	
45.1	57.4	57.4	10.6	
64.7	59.8	54.9	20.5	
50.0	74.6	52.4	8.2	
40.1	77.0	54.9	-6.6	
47.5	74.6	57.4	5.7	
35.2	84.4	59.8	-4.1	
15.5	131.2	42.6	-14.0	
-6.6	74.6	27.8	-28.7	
-21.4	47.5	20.5	-21.4	
-28.7	86.9	25.4	-18.9	
-36.1	22.9	10.6	3.2	
-6.6	37.7	18.0	3.2	
0.8	8.2	5.7	8.2	
-1.7	25.4	-6.6	3.2	
0.8	35.2	-18.9	10.6	
-14.0	20.5	3.2	-6.6	
0.8	10.6	37.7	-9.1	
-1.7	15.5	50.0	0.8	
8.2	32.8	22.9	20.5	
13.1	42.6	27.8	35.2	
35.2	15.5	27.8	18.0	
27.8	32.8	-4.1	18.0	
15.5	27.8	20.5	5.7	
18.0	82.0	-11.5	0.8	
20.5	42.6	-16.4	-4.1	
13.1	50.0	-9.1	0.8	
10.6	74.6	54.9	15.5	
20.5	52.4	52.4	5.7	
0.8	20.5	40.1	10.6	
0.8	22.9	18.0	5.7	
15.5	25.4	-26.3	-1.7	
20.5	79.5	0.8	10.6	
27.8	45.1	57.4	-1.7	
15.5	22.9	45.1	8.2	
8.2	5.7	50.0	5.7	
8.2	8.2	45.1	3.2	
8.2	-16.4	35.2	3.2	
22.9	30.3	18.0	-1.7	
15.5	15.5	18.0	8.2	
18.0	8.2	37.7	15.5	
20.5	27.8	74.6	5.7	
5.7	22.9	18.0	10.6	
3.2	45.1	-60.7	10.6	
8.2	42.6	-85.3	0.8	
5.7	62.3	-75.5	-9.1	
5.7	64.7	-53.3	-18.9	
22.9	82.0	-14.0	-4.1	
35.2	79.5	-16.4	8.2	
25.4	27.8	-23.8	18.0	
32.8	50.0	-60.7	20.5	
30.3	45.1	-58.3	8.2	
25.4	18.0	-58.3	8.2	
13.1	42.6	-18.9	-14.0	
8.2	35.2	40.1	-11.5	
8.2	22.9	74.6	-11.5	
22.9	8.2	94.3	-6.6	
8.2	-1.7	32.8	-4.1	
-4.1	5.7	-11.5	-1.7	
18.0	42.6	0.8	3.2	
20.5	18.0	15.5	8.2	
13.1	62.3	20.5	13.1	
22.9	62.3	13.1	20.5	
22.9	32.8	52.4	32.8	
15.5	50.0	74.6	22.9	
10.6	59.8	89.3	15.5	
5.7	42.6	82.0	20.5	
3.2	101.6	52.4	22.9	
-4.1	52.4	13.1	22.9	
18.0	35.2	-28.7	22.9	
18.0	50.0	-73.0	25.4	
5.7	59.8	-50.9	22.9	
0.8	0.8	-6.6	15.5	
8.2	37.7	3.2	15.5	
15.5	47.5	25.4	18.0	
15.5	47.5	13.1	22.9	
18.0	30.3	20.5	15.5	
27.8	25.4	13.1	18.0	
32.8	50.0	8.2	5.7	
25.4	5.7	30.3	0.8	
13.1	42.6	-11.5	8.2	
20.5	32.8	-28.7	-21.4	
8.2	35.2	-14.0	-41.0	
-4.1	57.4	-11.5	-28.7	
-6.6	-102.5	-60.7	3.2	
5.7	54.9	-38.6	27.8	
8.2	54.9	0.8	27.8	
15.5	-28.7	62.3	8.2	
22.9	-90.2	126.2	3.2	
3.2	109.0	111.5	13.1	
8.2	91.8	-11.5	15.5	
10.6	126.2	-53.3	25.4	
15.5	-48.4	-9.1	15.5	
10.6	-301.8	-1.7	0.8	
15.5	-188.6	-46.0	-4.1	
8.2	13.1	-82.9	-4.1	
10.6	-85.3	-65.6	10.6	
13.1	-193.6	-23.8	-1.7	
0.8	-36.1	20.5	18.0	
0.8	3.2	50.0	13.1	
3.2	18.0	67.2	15.5	
5.7	42.6	138.5	0.8	
-6.6	54.9	173.0	-6.6	
3.2	35.2	170.5	-4.1	
-1.7	35.2	82.0	8.2	
5.7	50.0	52.4	0.8	
0.8	50.0	54.9	-9.1	
-6.6	77.0	15.5	3.2	
20.5	35.2	-38.6	-1.7	
27.8	45.1	-77.9	-4.1	
25.4	45.1	-97.6	-11.5	
22.9	10.6	-132.1	-4.1	
27.8	25.4	-149.3	5.7	
18.0	15.5	-200.9	8.2	
8.2	37.7	-225.5	3.2	
-1.7	22.9	-100.1	18.0	
-4.1	-16.4	35.2	8.2	
-4.1	-46.0	109.0	15.5	
-1.7	-36.1	145.9	15.5	
3.2	30.3	170.5	18.0	
-4.1	27.8	165.6	18.0	
-4.1	5.7	155.8	10.6	
-1.7	10.6	202.5	5.7	
3.2	45.1	180.4	5.7	
3.2	47.5	84.4	3.2	
5.7	47.5	30.3	10.6	
5.7	35.2	-6.6	-1.7	
5.7	69.7	-92.7	13.1	
-4.1	27.8	-117.3	22.9	
8.2	32.8	-112.4	32.8	
10.6	15.5	-129.6	57.4	
13.1	18.0	-127.1	74.6	
18.0	18.0	-107.5	86.9	
15.5	20.5	-85.3	67.2	
-1.7	35.2	-58.3	42.6	
-4.1	25.4	5.7	30.3	
5.7	22.9	-1.7	-33.7	
18.0	20.5	35.2	-100.1	
22.9	40.1	109.0	-73.0	
5.7	3.2	121.3	-58.3	
8.2	47.5	86.9	-33.7	
13.1	30.3	57.4	-11.5	
13.1	20.5	52.4	-23.8	
5.7	54.9	47.5	-41.0	
-9.1	15.5	35.2	-38.6	
-9.1	67.2	20.5	-16.4	
-16.4	77.0	-31.2	0.8	
-11.5	52.4	-80.4	22.9	
-6.6	64.7	-90.2	27.8	
-16.4	52.4	-58.3	15.5	
-6.6	30.3	-36.1	-28.7	
5.7	3.2	-14.0	-4.1	
13.1	0.8	-6.6	5.7	
22.9	40.1	3.2	5.7	
30.3	37.7	10.6	10.6	
13.1	47.5	22.9	10.6	
18.0	45.1	27.8	18.0	
25.4	-23.8	5.7	42.6	
37.7	0.8	-4.1	37.7	
22.9	27.8	30.3	30.3	
15.5	32.8	30.3	37.7	
18.0	59.8	94.3	52.4	
22.9	13.1	106.6	45.1	
25.4	57.4	45.1	37.7	
20.5	50.0	52.4	42.6	
15.5	91.8	79.5	52.4	
13.1	74.6	54.9	45.1	
13.1	99.2	32.8	30.3	
30.3	84.4	13.1	10.6	
18.0	109.0	-41.0	8.2	
13.1	72.1	-65.6	30.3	
13.1	32.8	-63.2	5.7	
10.6	42.6	-92.7	-4.1	
15.5	99.2	-70.6	3.2	
18.0	57.4	-63.2	3.2	
20.5	67.2	-6.6	-16.4	
15.5	54.9	8.2	-33.7	
18.0	18.0	13.1	-18.9	
5.7	59.8	8.2	8.2	
8.2	62.3	-18.9	62.3	
0.8	54.9	25.4	121.3	
10.6	77.0	62.3	143.5	
22.9	64.7	72.1	150.8	
22.9	96.7	62.3	123.8	
25.4	-95.2	82.0	30.3	
20.5	224.6	64.7	-139.4	
8.2	187.7	72.1	-242.8	
0.8	57.4	59.8	-215.7	
18.0	-9.1	45.1	-102.5	
18.0	264.0	3.2	-41.0	
18.0	145.9	13.1	-28.7	
8.2	153.3	45.1	-16.4	
8.2	77.0	15.5	5.7	
13.1	177.9	25.4	-50.9	
5.7	-73.0	37.7	-112.4	
5.7	77.0	-28.7	-75.5	
18.0	99.2	-85.3	-16.4	
10.6	-97.6	-80.4	45.1	
5.7	79.5	-9.1	57.4	
3.2	37.7	45.1	62.3	
15.5	74.6	47.5	77.0	
5.7	91.8	42.6	96.7	
5.7	74.6	10.6	96.7	
-4.1	79.5	-33.7	59.8	
5.7	84.4	-28.7	113.9	
8.2	62.3	-100.1	96.7	
10.6	94.3	-149.3	13.1	
5.7	111.5	-124.7	-6.6	
13.1	67.2	-77.9	-63.2	
18.0	64.7	-21.4	-107.5	
20.5	72.1	-16.4	-166.5	
27.8	40.1	30.3	-255.1	
27.8	50.0	54.9	-181.3	
27.8	32.8	64.7	-46.0	
27.8	69.7	74.6	30.3	
27.8	-55.8	77.0	20.5	
22.9	-14.0	109.0	22.9	
15.5	-9.1	121.3	20.5	
15.5	8.2	94.3	32.8	
18.0	0.8	67.2	27.8	
25.4	-1.7	35.2	5.7	
3.2	45.1	37.7	20.5	
-14.0	50.0	27.8	32.8	
-9.1	52.4	18.0	32.8	
3.2	45.1	42.6	30.3	
-4.1	25.4	-1.7	15.5	
8.2	67.2	-102.5	-4.1	
-1.7	106.6	-127.1	-16.4	
8.2	59.8	-132.1	18.0	
5.7	89.3	-70.6	40.1	
15.5	25.4	-50.9	22.9	
25.4	52.4	-77.9	30.3	
15.5	42.6	-82.9	40.1	
25.4	52.4	-82.9	47.5	
18.0	47.5	-28.7	32.8	
20.5	42.6	0.8	22.9	
18.0	22.9	32.8	22.9	
22.9	-9.1	57.4	30.3	
22.9	25.4	22.9	27.8	
18.0	37.7	42.6	25.4	
20.5	22.9	84.4	20.5	
18.0	64.7	54.9	25.4	
8.2	20.5	27.8	27.8	
-21.4	89.3	18.0	20.5	
-18.9	47.5	-28.7	10.6	
-9.1	45.1	-43.5	18.0	
-9.1	32.8	-41.0	25.4	
-9.1	-1.7	-9.1	5.7	
-4.1	20.5	57.4	8.2	
5.7	-1.7	91.8	10.6	
3.2	-28.7	121.3	18.0	
-1.7	-4.1	138.5	5.7	
-4.1	-28.7	153.3	-4.1	
25.4	13.1	150.8	13.1	
5.7	-48.4	177.9	22.9	
-4.1	-23.8	143.5	5.7	
5.7	-53.3	18.0	0.8	
15.5	-55.8	-58.3	-4.1	
20.5	-53.3	-43.5	5.7	
8.2	-36.1	-38.6	3.2	
15.5	25.4	-55.8	8.2	
8.2	0.8	-63.2	27.8	
-9.1	40.1	-36.1	69.7	
-14.0	-33.7	-4.1	101.6	
-4.1	-68.1	-4.1	113.9	
18.0	8.2	-21.4	113.9	
35.2	-23.8	-38.6	99.2	
25.4	20.5	-33.7	22.9	
18.0	-1.7	-11.5	-63.2	
30.3	-11.5	-33.7	-114.8	
10.6	0.8	-43.5	-149.3	
-21.4	27.8	-82.9	-70.6	
-23.8	-11.5	-73.0	-68.1	
-46.0	-16.4	-58.3	5.7	
-38.6	-112.4	-4.1	42.6	
-36.1	-75.5	13.1	35.2	
-28.7	-77.9	15.5	20.5	
-41.0	-137.0	-36.1	18.0	
-26.3	-48.4	-31.2	35.2	
-23.8	-55.8	-16.4	35.2	
-18.9	-63.2	22.9	0.8	
-26.3	-18.9	5.7	-16.4	
-33.7	-50.9	-75.5	-18.9	
-31.2	-48.4	-65.6	-18.9	
-33.7	359.9	-43.5	-41.0	
-16.4	-4.1	-23.8	-105.0	
0.8	27.8	-21.4	-137.0	
-6.6	-14.0	-9.1	-43.5	
-18.9	-50.9	-26.3	27.8	
-18.9	69.7	-68.1	32.8	
-16.4	35.2	-117.3	50.0	
-6.6	-46.0	-144.4	35.2	
-16.4	-14.0	-107.5	22.9	
-23.8	-169.0	-92.7	5.7	
3.2	-151.7	-82.9	-4.1	
-6.6	37.7	-58.3	13.1	
-6.6	-48.4	-1.7	25.4	
-14.0	-114.8	10.6	37.7	
-11.5	3.2	25.4	35.2	
-11.5	72.1	62.3	18.0	
-11.5	64.7	32.8	25.4	
-14.0	69.7	-1.7	40.1	
3.2	77.0	-23.8	40.1	
0.8	84.4	-28.7	15.5	
3.2	109.0	-38.6	27.8	
13.1	84.4	-55.8	13.1	
3.2	131.2	-68.1	5.7	
-4.1	209.9	-82.9	-1.7	
10.6	200.0	-75.5	15.5	
10.6	150.8	-28.7	22.9	
-1.7	116.4	13.1	15.5	
3.2	150.8	62.3	30.3	
0.8	141.0	77.0	15.5	
5.7	126.2	67.2	57.4	
-4.1	168.1	42.6	27.8	
5.7	155.8	45.1	-1.7	
-1.7	113.9	15.5	-11.5	
-1.7	37.7	22.9	-18.9	
-4.1	52.4	35.2	-6.6	
-4.1	99.2	32.8	-1.7	
-6.6	96.7	45.1	5.7	
-4.1	96.7	27.8	8.2	
-6.6	77.0	27.8	18.0	
-23.8	45.1	0.8	22.9	
-26.3	50.0	-21.4	22.9	
-36.1	84.4	-11.5	15.5	
-33.7	27.8	-9.1	-4.1	
-31.2	50.0	5.7	-23.8	
-33.7	13.1	15.5	3.2	
-11.5	-9.1	-1.7	20.5	
3.2	-23.8	-21.4	40.1	
13.1	-46.0	-36.1	32.8	
13.1	-50.9	-68.1	27.8	
15.5	-65.6	-80.4	8.2	
-4.1	-48.4	-107.5	-18.9	
-1.7	-50.9	-117.3	-1.7	
-9.1	-33.7	-41.0	-1.7	
-18.9	-107.5	13.1	-6.6	
-9.1	-58.3	84.4	0.8	
-11.5	-33.7	104.1	3.2	
-14.0	-65.6	163.1	8.2	
-9.1	5.7	170.5	10.6	
-11.5	-16.4	104.1	10.6	
-14.0	0.8	79.5	3.2	
-14.0	45.1	8.2	20.5	
-9.1	52.4	-58.3	15.5	
-6.6	27.8	-60.7	25.4	
-9.1	96.7	-87.8	13.1	
-14.0	84.4	-68.1	5.7	
0.8	47.5	-60.7	-31.2	
-1.7	54.9	-26.3	-21.4	
-1.7	13.1	-36.1	-21.4	
-1.7	45.1	-55.8	0.8	
0.8	84.4	-38.6	25.4	
-16.4	332.9	-16.4	37.7	
-16.4	35.2	5.7	40.1	
-9.1	-109.9	10.6	64.7	
-23.8	-33.7	-11.5	67.2	
-6.6	77.0	20.5	-14.0	
15.5	-26.3	42.6	-77.9	
13.1	-16.4	47.5	-70.6	
27.8	54.9	57.4	-63.2	
20.5	32.8	64.7	-63.2	
10.6	-11.5	25.4	-36.1	
32.8	13.1	27.8	-23.8	
8.2	47.5	47.5	0.8	
15.5	57.4	67.2	25.4	
0.8	101.6	20.5	20.5	
-14.0	30.3	32.8	8.2	
0.8	3.2	54.9	3.2	
3.2	15.5	-16.4	-1.7	
18.0	0.8	-63.2	18.0	
20.5	-4.1	-65.6	35.2	
8.2	-21.4	-43.5	37.7	
-11.5	-38.6	10.6	25.4	
-6.6	-21.4	20.5	42.6	
0.8	-60.7	59.8	37.7	
-4.1	-109.9	50.0	32.8	
-16.4	-242.8	45.1	-16.4	
-4.1	-87.8	15.5	-18.9	
3.2	-58.3	-16.4	-16.4	
8.2	-60.7	-26.3	-11.5	
3.2	-105.0	-1.7	-26.3	
15.5	-38.6	37.7	-28.7	
54.9	-144.4	27.8	-33.7	
67.2	40.1	25.4	-28.7	
69.7	3.2	52.4	-21.4	
72.1	20.5	94.3	-11.5	
52.4	141.0	74.6	-6.6	
20.5	150.8	67.2	3.2	
8.2	-65.6	45.1	-1.7	
-26.3	-95.2	37.7	-1.7	
-36.1	-75.5	22.9	15.5	
-41.0	-139.4	-41.0	18.0	
-38.6	104.1	-127.1	0.8	
-9.1	-90.2	-151.7	10.6	
8.2	-53.3	-122.2	-4.1	
13.1	-75.5	-70.6	0.8	
25.4	52.4	-11.5	-6.6	
13.1	74.6	59.8	-4.1	
5.7	116.4	52.4	-6.6	
3.2	192.7	45.1	-16.4	
3.2	136.1	72.1	3.2	
-9.1	128.7	37.7	13.1	
-16.4	143.5	22.9	15.5	
-28.7	116.4	8.2	32.8	
-28.7	116.4	20.5	22.9	
-26.3	126.2	52.4	20.5	
-11.5	79.5	74.6	10.6	
-6.6	99.2	62.3	3.2	
13.1	131.2	52.4	-14.0	
8.2	67.2	25.4	-4.1	
20.5	91.8	15.5	-9.1	
25.4	96.7	0.8	3.2	
30.3	126.2	-23.8	20.5	
10.6	96.7	-21.4	45.1	
10.6	67.2	-50.9	37.7	
8.2	-50.9	-65.6	32.8	
13.1	25.4	-80.4	18.0	
18.0	-38.6	-50.9	45.1	
13.1	-33.7	-21.4	45.1	
25.4	-38.6	-1.7	42.6	
22.9	-4.1	20.5	37.7	
15.5	-18.9	64.7	22.9	
22.9	13.1	94.3	10.6	
20.5	30.3	104.1	-1.7	
30.3	-164.0	123.8	15.5	
37.7	-46.0	136.1	15.5	
37.7	-23.8	113.9	18.0	
32.8	18.0	84.4	-23.8	
18.0	10.6	86.9	-31.2	
3.2	-9.1	69.7	-33.7	
-18.9	-4.1	47.5	-41.0	
-41.0	-46.0	42.6	-90.2	
-43.5	-23.8	64.7	-119.8	
-28.7	-16.4	86.9	-109.9	
-4.1	-18.9	101.6	-1.7	
8.2	-38.6	96.7	195.1	
27.8	-38.6	47.5	244.3	
54.9	-63.2	3.2	54.9	
72.1	-139.4	-23.8	0.8	
52.4	-95.2	-77.9	-60.7	
37.7	-38.6	-112.4	-87.8	
37.7	-112.4	-117.3	27.8	
25.4	-137.0	-92.7	182.8	
10.6	-132.1	-55.8	261.5	
8.2	-92.7	-9.1	-48.4	
18.0	50.0	37.7	-134.5	
27.8	50.0	54.9	-124.7	
27.8	150.8	67.2	-38.6	
25.4	99.2	77.0	79.5	
25.4	30.3	64.7	99.2	
25.4	96.7	37.7	-14.0	
27.8	180.4	-11.5	-46.0	
30.3	131.2	-9.1	5.7	
8.2	187.7	0.8	27.8	
13.1	236.9	8.2	37.7	
25.4	148.4	3.2	89.3	
22.9	249.2	-21.4	111.5	
45.1	291.1	-73.0	8.2	
42.6	296.0	-43.5	-53.3	
52.4	328.0	25.4	-161.6	
64.7	281.2	59.8	-161.6	
50.0	177.9	72.1	96.7	
27.8	244.3	69.7	155.8	
27.8	160.7	91.8	-1.7	
25.4	133.6	42.6	-82.9	
40.1	217.3	3.2	-46.0	
42.6	205.0	5.7	-95.2	
32.8	246.8	-38.6	-18.9	
18.0	209.9	-36.1	145.9	
27.8	91.8	0.8	118.9	
47.5	54.9	59.8	3.2	
37.7	128.7	82.0	-100.1	
45.1	101.6	64.7	-146.8	
59.8	-14.0	20.5	-146.8	
52.4	-75.5	-23.8	-68.1	
40.1	-119.8	-38.6	109.0	
27.8	-65.6	-36.1	72.1	
54.9	-240.3	-53.3	126.2	
40.1	-112.4	-53.3	94.3	
40.1	-466.6	-33.7	-36.1	
10.6	-562.6	-23.8	-141.9	
5.7	-486.3	-4.1	-137.0	
8.2	-309.2	-4.1	-193.6	
15.5	-319.0	-1.7	-223.1	
15.5	-257.5	8.2	35.2	
40.1	-9.1	3.2	0.8	
42.6	-159.1	0.8	187.7	
32.8	173.0	8.2	153.3	
35.2	-87.8	-9.1	-80.4	
35.2	123.8	5.7	-6.6	
32.8	244.3	5.7	91.8	
18.0	-132.1	5.7	116.4	
30.3	-82.9	15.5	86.9	
20.5	121.3	-6.6	32.8	
30.3	54.9	-16.4	35.2	
25.4	-95.2	-9.1	89.3	
27.8	47.5	0.8	109.0	
30.3	111.5	3.2	27.8	
37.7	148.4	3.2	15.5	
45.1	89.3	3.2	42.6	
54.9	82.0	5.7	30.3	
69.7	118.9	20.5	5.7	
62.3	74.6	37.7	-11.5	
57.4	62.3	40.1	-4.1	
50.0	32.8	40.1	-9.1	
40.1	136.1	42.6	-1.7	
35.2	86.9	37.7	-6.6	
35.2	47.5	37.7	0.8	
40.1	67.2	30.3	-1.7	
35.2	145.9	32.8	10.6	
15.5	197.6	37.7	13.1	
8.2	173.0	35.2	8.2	
3.2	77.0	27.8	8.2	
3.2	217.3	42.6	0.8	
13.1	-60.7	32.8	22.9	
27.8	-53.3	30.3	25.4	
32.8	-50.9	20.5	30.3	
35.2	-100.1	30.3	25.4	
20.5	-28.7	20.5	13.1	
30.3	-18.9	20.5	13.1	
25.4	5.7	32.8	10.6	
22.9	-9.1	32.8	8.2	
18.0	27.8	45.1	15.5	
20.5	45.1	27.8	35.2	
32.8	40.1	22.9	40.1	
18.0	72.1	22.9	37.7	
5.7	104.1	25.4	37.7	
18.0	50.0	25.4	25.4	
18.0	77.0	27.8	10.6	
22.9	18.0	27.8	-1.7	
20.5	-23.8	22.9	10.6	
27.8	-9.1	8.2	25.4	
22.9	25.4	0.8	15.5	
25.4	-18.9	3.2	22.9	
30.3	-28.7	5.7	5.7	
25.4	-139.4	13.1	3.2	
25.4	-43.5	27.8	25.4	
25.4	-200.9	30.3	54.9	
25.4	-139.4	32.8	52.4	
25.4	-122.2	22.9	32.8	
10.6	-33.7	27.8	47.5	
10.6	-28.7	27.8	57.4	
20.5	5.7	25.4	18.0	
22.9	35.2	18.0	-33.7	
22.9	190.2	22.9	-60.7	
22.9	261.5	22.9	-58.3	
15.5	205.0	10.6	-23.8	
22.9	175.4	-6.6	22.9	
25.4	126.2	-4.1	27.8	
22.9	106.6	-1.7	-4.1	
18.0	89.3	-23.8	-41.0	
37.7	106.6	-31.2	-53.3	
13.1	52.4	-28.7	-53.3	
20.5	45.1	-23.8	-50.9	
30.3	104.1	-18.9	-1.7	
25.4	15.5	-14.0	32.8	
25.4	50.0	-11.5	64.7	
30.3	74.6	-28.7	-6.6	
35.2	121.3	-9.1	-68.1	
35.2	133.6	-21.4	-38.6	
18.0	138.5	-9.1	15.5	
20.5	192.7	-14.0	57.4	
42.6	217.3	-18.9	69.7	
42.6	180.4	-18.9	25.4	
25.4	123.8	-4.1	-23.8	
32.8	160.7	0.8	-41.0	
50.0	94.3	0.8	-9.1	
37.7	123.8	0.8	5.7	
35.2	138.5	3.2	18.0	
35.2	94.3	3.2	25.4	
32.8	106.6	13.1	18.0	
27.8	54.9	5.7	45.1	
27.8	42.6	5.7	82.0	
27.8	109.0	0.8	86.9	
27.8	96.7	-4.1	27.8	
42.6	20.5	15.5	0.8	
30.3	84.4	3.2	-36.1	
20.5	94.3	0.8	-36.1	
25.4	163.1	-9.1	-58.3	
15.5	104.1	-9.1	-43.5	
22.9	143.5	5.7	-28.7	
0.8	158.2	15.5	3.2	
10.6	84.4	27.8	32.8	
5.7	229.6	91.8	0.8	
15.5	212.3	136.1	10.6	
10.6	256.6	126.2	15.5	
0.8	126.2	84.4	30.3	
15.5	677.3	30.3	5.7	
15.5	-38.6	-11.5	-14.0	
15.5	337.8	-77.9	-21.4	
20.5	305.8	-149.3	-9.1	
22.9	303.4	-146.8	-11.5	
40.1	288.6	-97.6	0.8	
42.6	298.4	-82.9	5.7	
45.1	382.1	-58.3	8.2	
42.6	99.2	0.8	18.0	
35.2	318.1	32.8	5.7	
30.3	411.6	45.1	15.5	
32.8	510.0	35.2	3.2	
25.4	544.4	45.1	-4.1	
30.3	623.2	27.8	-9.1	
25.4	620.7	13.1	-11.5	
15.5	665.0	3.2	-1.7	
40.1	669.9	8.2	-11.5	
30.3	613.3	25.4	-6.6	
37.7	662.5	25.4	-1.7	
42.6	655.1	5.7	-6.6	
32.8	687.1	-11.5	-14.0	
42.6	596.1	-4.1	-16.4	
35.2	645.3	-50.9	-4.1	
25.4	539.5	-80.4	-6.6	
15.5	628.1	-95.2	-9.1	
20.5	571.5	-114.8	-6.6	
15.5	544.4	-134.5	3.2	
20.5	596.1	-92.7	-1.7	
18.0	529.7	-58.3	8.2	
18.0	576.4	-50.9	-4.1	
18.0	765.8	-65.6	3.2	
18.0	608.4	-6.6	0.8	
25.4	650.2	40.1	8.2	
32.8	460.8	74.6	5.7	
37.7	438.7	99.2	291.1	
20.5	416.5	89.3	283.7	
25.4	416.5	50.0	200.0	
25.4	308.3	40.1	128.7	
25.4	485.4	45.1	57.4	
22.9	273.8	47.5	3.2	
52.4	227.1	35.2	-23.8	
54.9	64.7	30.3	-31.2	
52.4	45.1	-36.1	-55.8	
45.1	217.3	-26.3	-58.3	
45.1	251.7	-28.7	-63.2	
45.1	163.1	-14.0	-48.4	
27.8	94.3	-6.6	-36.1	
27.8	-46.0	10.6	-43.5	
18.0	-151.7	-4.1	-70.6	
18.0	-46.0	-26.3	-50.9	
20.5	-36.1	-38.6	-63.2	
20.5	-134.5	-43.5	-55.8	
8.2	-124.7	-60.7	-43.5	
-16.4	-43.5	-21.4	-50.9	
-14.0	-48.4	-38.6	-53.3	
-11.5	-139.4	-100.1	-60.7	
0.8	-240.3	-97.6	-55.8	
10.6	-346.1	-60.7	-48.4	
13.1	-220.6	-41.0	-58.3	
13.1	-368.2	-26.3	-50.9	
18.0	-370.7	3.2	-48.4	
25.4	-415.0	-28.7	-46.0	
32.8	-432.2	-68.1	-38.6	
25.4	-483.8	-75.5	-33.7	
32.8	-451.9	-33.7	-28.7	
18.0	-405.1	-4.1	-38.6	
15.5	-346.1	32.8	-41.0	
13.1	-346.1	50.0	-33.7	
8.2	-432.2	32.8	-11.5	
18.0	-365.8	27.8	-28.7	
13.1	-348.5	18.0	-33.7	
35.2	-326.4	20.5	-14.0	
27.8	-311.6	47.5	-18.9	
20.5	-363.3	77.0	-26.3	
22.9	-419.9	86.9	-14.0	
13.1	-363.3	74.6	-31.2	
8.2	-392.8	72.1	-38.6	
5.7	-442.0	82.0	-23.8	
3.2	-355.9	67.2	-31.2	
15.5	-336.2	52.4	-31.2	
35.2	-299.3	42.6	8.2	
13.1	-351.0	27.8	8.2	
30.3	-269.8	15.5	30.3	
40.1	-321.5	15.5	30.3	
45.1	-267.4	15.5	25.4	
35.2	-223.1	8.2	25.4	
20.5	-178.8	-26.3	27.8	
35.2	-92.7	5.7	32.8	
30.3	-169.0	42.6	45.1	
25.4	-31.2	32.8	45.1	
18.0	-90.2	47.5	50.0	
22.9	-6.6	8.2	35.2	
27.8	25.4	20.5	37.7	
22.9	-14.0	-33.7	27.8	
35.2	111.5	-107.5	15.5	
20.5	-21.4	-82.9	0.8	
30.3	62.3	32.8	-16.4	
20.5	-166.5	123.8	-31.2	
22.9	-31.2	123.8	-31.2	
27.8	207.4	148.4	-14.0	
20.5	303.4	143.5	67.2	
0.8	241.9	131.2	113.9	
-26.3	177.9	121.3	96.7	
-16.4	254.2	86.9	84.4	
-18.9	141.0	42.6	52.4	
-11.5	123.8	30.3	42.6	
-18.9	37.7	-6.6	13.1	
-9.1	150.8	-23.8	18.0	
3.2	-46.0	-53.3	27.8	
25.4	409.1	-97.6	18.0	
32.8	453.4	-95.2	18.0	
27.8	505.1	13.1	37.7	
27.8	446.0	72.1	30.3	
25.4	470.6	82.0	5.7	
22.9	315.7	116.4	5.7	
37.7	618.2	94.3	20.5	
30.3	647.8	52.4	30.3	
18.0	854.4	42.6	22.9	
18.0	1102.9	30.3	22.9	
13.1	918.4	67.2	20.5	
3.2	952.8	106.6	-11.5	
5.7	911.0	99.2	-23.8	
-9.1	881.5	99.2	-16.4	
-1.7	837.2	42.6	5.7	
18.0	731.4	-41.0	-14.0	
10.6	706.8	-46.0	-41.0	
20.5	807.7	-14.0	-26.3	
27.8	423.9	32.8	-6.6	
13.1	448.5	57.4	-23.8	
-4.1	192.7	50.0	-26.3	
-14.0	313.2	32.8	-14.0	
-9.1	549.4	25.4	-21.4	
-16.4	610.9	18.0	-14.0	
-31.2	770.8	30.3	-28.7	
-26.3	603.5	30.3	-48.4	
-14.0	510.0	-23.8	-43.5	
-16.4	313.2	-48.4	-4.1	
-16.4	266.5	-38.6	-18.9	
-6.6	155.8	-43.5	-14.0	
-1.7	158.2	-50.9	5.7	
0.8	94.3	-21.4	40.1	
-4.1	20.5	-14.0	15.5	
-4.1	-4.1	3.2	40.1	
-6.6	-9.1	0.8	45.1	
-16.4	-21.4	50.0	30.3	
-23.8	-31.2	42.6	42.6	
-1.7	-191.1	15.5	42.6	
-1.7	-151.7	-36.1	0.8	
-9.1	-267.4	-65.6	-16.4	
-6.6	-304.3	-60.7	8.2	
-1.7	-365.8	-50.9	47.5	
-14.0	-427.3	-70.6	52.4	
0.8	-451.9	-41.0	50.0	
13.1	-530.6	-26.3	42.6	
18.0	-565.0	18.0	50.0	
20.5	-685.6	91.8	40.1	
5.7	-710.2	109.0	20.5	
8.2	-774.1	74.6	-9.1	
5.7	-715.1	57.4	-16.4	
3.2	-737.2	72.1	-18.9	
-9.1	-769.2	-36.1	0.8	
-6.6	-776.6	-92.7	-14.0	
-6.6	-744.6	-95.2	-28.7	
3.2	-781.5	-82.9	-48.4	
3.2	-747.1	-9.1	-23.8	
-1.7	-710.2	3.2	-11.5	
-9.1	-658.5	-63.2	-11.5	
-14.0	-643.7	-75.5	62.3	
-6.6	-700.3	-70.6	77.0	
-6.6	-609.3	-36.1	59.8	
-9.1	-555.2	18.0	13.1	
3.2	-530.6	91.8	-63.2	
0.8	-446.9	67.2	-132.1	
-1.7	-446.9	10.6	-127.1	
5.7	-363.3	-6.6	-36.1	
3.2	-292.0	-41.0	47.5	
-1.7	-319.0	-28.7	47.5	
10.6	-260.0	54.9	10.6	
0.8	-203.4	150.8	-9.1	
-11.5	-134.5	118.9	-46.0	
0.8	-124.7	89.3	-23.8	
13.1	-149.3	64.7	-1.7	
47.5	-139.4	-6.6	5.7	
45.1	-46.0	-50.9	5.7	
35.2	-31.2	-38.6	42.6	
42.6	-50.9	-21.4	57.4	
40.1	30.3	-14.0	57.4	
20.5	27.8	-26.3	47.5	
18.0	-31.2	-1.7	35.2	
8.2	-9.1	-41.0	42.6	
13.1	74.6	-109.9	52.4	
22.9	109.0	-146.8	35.2	
15.5	99.2	-114.8	22.9	
18.0	123.8	-18.9	13.1	
18.0	207.4	22.9	-1.7	
8.2	-385.4	-6.6	-1.7	
20.5	54.9	-28.7	20.5	
3.2	13.1	-50.9	64.7	
-1.7	109.0	-31.2	74.6	
8.2	160.7	15.5	64.7	
8.2	246.8	42.6	13.1	
-9.1	-100.1	18.0	-43.5	
0.8	300.9	30.3	-33.7	
10.6	101.6	47.5	-16.4	
8.2	-38.6	57.4	-9.1	
8.2	109.0	50.0	18.0	
0.8	-85.3	69.7	22.9	
-1.7	40.1	57.4	37.7	
0.8	-316.6	47.5	22.9	
15.5	116.4	57.4	8.2	
10.6	54.9	52.4	10.6	
13.1	89.3	79.5	8.2	
18.0	50.0	94.3	10.6	
22.9	94.3	84.4	-4.1	
35.2	141.0	42.6	-1.7	
22.9	150.8	18.0	-9.1	
35.2	84.4	-18.9	-14.0	
25.4	180.4	-58.3	-4.1	
10.6	177.9	-75.5	-1.7	
15.5	86.9	-100.1	-4.1	
18.0	155.8	-132.1	0.8	
30.3	148.4	-146.8	-1.7	
18.0	145.9	-176.3	3.2	
27.8	32.8	-127.1	-9.1	
25.4	91.8	-38.6	-9.1	
25.4	40.1	37.7	-4.1	
22.9	155.8	82.0	-9.1	
13.1	266.5	116.4	-4.1	
22.9	268.9	131.2	-4.1	
18.0	318.1	128.7	27.8	
8.2	-87.8	131.2	22.9	
15.5	-205.9	126.2	15.5	
15.5	-208.3	99.2	3.2	
15.5	62.3	64.7	-9.1	
15.5	163.1	40.1	3.2	
5.7	241.9	32.8	-6.6	
-6.6	185.3	25.4	-14.0	
-4.1	89.3	13.1	-18.9	
13.1	158.2	8.2	-11.5	
13.1	54.9	-6.6	18.0	
8.2	0.8	-4.1	0.8	
-6.6	27.8	-48.4	18.0	
-4.1	-1.7	-70.6	10.6	
5.7	-46.0	-95.2	5.7	
-11.5	-38.6	-92.7	8.2	
-21.4	-105.0	-75.5	8.2	
-26.3	-119.8	-41.0	-1.7	
-23.8	-107.5	-18.9	-1.7	
-11.5	-245.2	-4.1	-1.7	
-18.9	-198.5	-50.9	-1.7	
0.8	-225.5	-48.4	-16.4	
0.8	-117.3	-18.9	-9.1	
15.5	-154.2	47.5	5.7	
30.3	-156.7	131.2	-4.1	
30.3	-159.1	116.4	18.0	
15.5	-137.0	118.9	3.2	
22.9	-161.6	69.7	-4.1	
-1.7	-200.9	40.1	-11.5	
-4.1	-223.1	59.8	-26.3	
-1.7	-245.2	64.7	-6.6	
-9.1	-247.7	57.4	27.8	
-1.7	-220.6	57.4	57.4	
-11.5	-292.0	37.7	94.3	
-11.5	-301.8	5.7	109.0	
-6.6	-272.3	-21.4	104.1	
-14.0	-279.7	-33.7	99.2	
-14.0	-262.4	-60.7	54.9	
-14.0	-260.0	-41.0	-43.5	
-9.1	-319.0	-1.7	-53.3	
-6.6	-301.8	-1.7	-75.5	
5.7	-272.3	0.8	-92.7	
0.8	-198.5	18.0	-65.6	
-1.7	-193.6	10.6	-75.5	
-14.0	-205.9	-1.7	-63.2	
-11.5	-183.7	25.4	-55.8	
3.2	-159.1	82.0	-28.7	
8.2	-191.1	118.9	-16.4	
5.7	-141.9	175.4	3.2	
13.1	-161.6	165.6	25.4	
25.4	-151.7	126.2	45.1	
27.8	-161.6	47.5	52.4	
22.9	-176.3	-41.0	77.0	
13.1	-178.8	-124.7	82.0	
15.5	-200.9	-119.8	91.8	
5.7	-235.4	-75.5	82.0	
20.5	-213.2	-80.4	32.8	
22.9	-188.6	-55.8	-14.0	
10.6	-242.8	-53.3	0.8	
10.6	-255.1	-53.3	-11.5	
-4.1	-171.4	-26.3	-9.1	
-6.6	-181.3	-43.5	15.5	
-6.6	-171.4	-55.8	52.4	
0.8	-176.3	8.2	32.8	
-9.1	-139.4	27.8	18.0	
-9.1	-122.2	-28.7	-4.1	
-11.5	-134.5	-65.6	-23.8	
-6.6	-77.9	-109.9	-77.9	
-9.1	-36.1	-87.8	-122.2	
-9.1	-257.5	-73.0	-100.1	
-6.6	-70.6	-38.6	-46.0	
-9.1	40.1	-1.7	15.5	
-11.5	-260.0	8.2	32.8	
-18.9	-132.1	-4.1	25.4	
-11.5	-90.2	-9.1	13.1	
-1.7	-109.9	50.0	18.0	
0.8	-92.7	113.9	10.6	
-21.4	-230.5	113.9	3.2	
13.1	-159.1	113.9	-16.4	
3.2	-304.3	104.1	15.5	
-4.1	-137.0	136.1	15.5	
5.7	-87.8	118.9	22.9	
15.5	-48.4	99.2	20.5	
8.2	-82.9	116.4	25.4	
13.1	-48.4	91.8	45.1	
27.8	-18.9	62.3	25.4	
27.8	-9.1	8.2	8.2	
18.0	-36.1	-16.4	-6.6	
0.8	8.2	-18.9	0.8	
-11.5	25.4	0.8	25.4	
0.8	47.5	10.6	35.2	
-9.1	15.5	18.0	25.4	
0.8	42.6	30.3	32.8	
-11.5	-14.0	37.7	13.1	
-14.0	-33.7	35.2	5.7	
0.8	18.0	30.3	18.0	
-6.6	3.2	32.8	37.7	
0.8	5.7	27.8	35.2	
-6.6	-38.6	13.1	47.5	
-16.4	-85.3	-6.6	40.1	
-1.7	-18.9	-6.6	32.8	
-1.7	10.6	-18.9	-11.5	
-6.6	-55.8	-26.3	-26.3	
0.8	15.5	-28.7	-21.4	
10.6	5.7	-28.7	-14.0	
13.1	59.8	-28.7	-23.8	
35.2	52.4	-31.2	-23.8	
20.5	27.8	-16.4	-4.1	
32.8	40.1	13.1	3.2	
10.6	57.4	57.4	3.2	
18.0	54.9	52.4	8.2	
0.8	77.0	22.9	18.0	
-11.5	42.6	15.5	5.7	
-9.1	45.1	-16.4	18.0	
-11.5	32.8	-16.4	13.1	
-6.6	0.8	-18.9	10.6	
-21.4	20.5	0.8	-9.1	
-16.4	18.0	5.7	-1.7	
-14.0	30.3	-60.7	5.7	
8.2	-46.0	-97.6	5.7	
22.9	-58.3	-90.2	-4.1	
32.8	-53.3	-95.2	-1.7	
27.8	-11.5	-82.9	-6.6	
25.4	22.9	-70.6	-1.7	
15.5	72.1	-23.8	0.8	
5.7	57.4	0.8	0.8	
13.1	30.3	-16.4	-6.6	
-1.7	15.5	10.6	3.2	
3.2	20.5	0.8	0.8	
-9.1	13.1	37.7	5.7	
-4.1	18.0	121.3	10.6	
-18.9	62.3	177.9	22.9	
-21.4	25.4	182.8	25.4	
-16.4	-1.7	158.2	20.5	
-6.6	-4.1	82.0	5.7	
-16.4	-6.6	-1.7	0.8	
-11.5	30.3	-33.7	-1.7	
-14.0	8.2	-109.9	-11.5	
-11.5	-4.1	-107.5	3.2	
-11.5	-26.3	-77.9	0.8	
-4.1	-33.7	-55.8	5.7	
-9.1	-9.1	-14.0	5.7	
8.2	-18.9	22.9	25.4	
8.2	5.7	5.7	30.3	
18.0	-16.4	-38.6	22.9	
13.1	59.8	-48.4	18.0	
10.6	40.1	-26.3	8.2	
0.8	54.9	13.1	0.8	
-11.5	25.4	62.3	5.7	
-21.4	42.6	84.4	3.2	
-28.7	89.3	64.7	10.6	
-6.6	62.3	20.5	3.2	
-4.1	35.2	-63.2	-14.0	
18.0	20.5	-58.3	0.8	
30.3	-26.3	-14.0	20.5	
54.9	25.4	50.0	25.4	
52.4	-11.5	101.6	30.3	
45.1	-26.3	116.4	13.1	
42.6	-31.2	136.1	18.0	
25.4	-11.5	155.8	22.9	
18.0	-73.0	148.4	20.5	
27.8	-28.7	96.7	20.5	
20.5	-9.1	52.4	3.2	
30.3	8.2	-14.0	-1.7	
0.8	10.6	-77.9	0.8	
10.6	45.1	-164.0	0.8	
3.2	74.6	-223.1	-11.5	
15.5	-53.3	-205.9	-11.5	
20.5	47.5	-107.5	-21.4	
10.6	138.5	54.9	8.2	
5.7	47.5	106.6	15.5	
8.2	241.9	64.7	27.8	
-1.7	-87.8	13.1	37.7	
3.2	187.7	-36.1	22.9	
3.2	-4.1	-85.3	18.0	
0.8	-164.0	-92.7	8.2	
-11.5	40.1	-70.6	10.6	
-1.7	15.5	-193.6	0.8	
-9.1	-48.4	-161.6	-6.6	
5.7	-134.5	-127.1	-1.7	
3.2	-6.6	-95.2	5.7	
15.5	-23.8	-77.9	3.2	
22.9	-9.1	-31.2	13.1	
30.3	30.3	45.1	13.1	
15.5	5.7	101.6	18.0	
13.1	-18.9	126.2	10.6	
3.2	37.7	168.1	0.8	
-4.1	13.1	187.7	-6.6	
8.2	3.2	143.5	-6.6	
3.2	15.5	106.6	3.2	
0.8	5.7	91.8	13.1	
18.0	13.1	52.4	25.4	
32.8	40.1	25.4	10.6	
30.3	5.7	-1.7	-6.6	
25.4	-16.4	-1.7	-9.1	
20.5	0.8	-28.7	0.8	
22.9	-18.9	-26.3	0.8	
20.5	-46.0	-46.0	-4.1	
3.2	-21.4	15.5	-14.0	
3.2	-23.8	59.8	-18.9	
3.2	-48.4	67.2	-23.8	
8.2	-41.0	27.8	-14.0	
5.7	0.8	-6.6	-14.0	
18.0	8.2	59.8	-9.1	
10.6	10.6	54.9	-9.1	
5.7	27.8	67.2	-4.1	
0.8	27.8	52.4	0.8	
-1.7	32.8	3.2	5.7	
-16.4	52.4	-1.7	3.2	
-16.4	42.6	-18.9	-1.7	
-6.6	45.1	40.1	5.7	
0.8	50.0	86.9	15.5	
-1.7	20.5	47.5	20.5	
5.7	37.7	10.6	10.6	
0.8	42.6	-46.0	-9.1	
3.2	18.0	-48.4	0.8	
30.3	13.1	52.4	0.8	
15.5	-14.0	136.1	0.8	
45.1	13.1	52.4	8.2	
54.9	8.2	-144.4	25.4	
52.4	-1.7	-193.6	40.1	
47.5	50.0	-80.4	32.8	
35.2	40.1	69.7	13.1	
8.2	30.3	89.3	-11.5	
-1.7	25.4	-21.4	-9.1	
-6.6	54.9	-176.3	13.1	
-26.3	64.7	-240.3	-4.1	
-31.2	35.2	-242.8	-1.7	
-21.4	35.2	-191.1	18.0	
-26.3	67.2	-63.2	30.3	
-26.3	86.9	5.7	8.2	
0.8	79.5	-77.9	3.2	
54.9	74.6	-63.2	0.8	
62.3	37.7	-1.7	8.2	
47.5	47.5	27.8	-14.0	
45.1	57.4	-1.7	-14.0	
64.7	45.1	20.5	0.8	
35.2	35.2	37.7	15.5	
15.5	79.5	37.7	27.8	
20.5	15.5	32.8	18.0	
8.2	-9.1	-6.6	18.0	
0.8	-1.7	-23.8	22.9	
5.7	-11.5	8.2	37.7	
8.2	27.8	40.1	27.8	
18.0	42.6	50.0	37.7	
0.8	96.7	32.8	50.0	
5.7	50.0	86.9	37.7	
20.5	-48.4	126.2	13.1	
32.8	-28.7	126.2	-23.8	
42.6	-36.1	113.9	-41.0	
32.8	-9.1	101.6	-70.6	
15.5	15.5	59.8	-58.3	
15.5	-23.8	18.0	-16.4	
10.6	-14.0	-14.0	-14.0	
-4.1	-31.2	-41.0	-18.9	
8.2	5.7	-65.6	-11.5	
-4.1	-23.8	-70.6	0.8	
3.2	-48.4	-28.7	13.1	
5.7	-11.5	-1.7	-4.1	
8.2	-60.7	32.8	-9.1	
8.2	-95.2	69.7	-6.6	
15.5	-60.7	99.2	-6.6	
18.0	-14.0	111.5	-16.4	
22.9	-1.7	143.5	-6.6	
10.6	-26.3	141.0	5.7	
15.5	22.9	64.7	-1.7	
37.7	-4.1	-31.2	5.7	
40.1	227.1	-82.9	5.7	
40.1	-18.9	-75.5	-28.7	
32.8	42.6	-85.3	-21.4	
37.7	57.4	13.1	-18.9	
22.9	303.4	22.9	-18.9	
22.9	175.4	-124.7	5.7	
3.2	133.6	-166.5	-6.6	
-1.7	-137.0	-156.7	-9.1	
3.2	-28.7	-60.7	-1.7	
0.8	-112.4	-21.4	-21.4	
-9.1	-100.1	18.0	-18.9	
10.6	-43.5	37.7	-6.6	
8.2	-161.6	27.8	-6.6	
15.5	-6.6	-65.6	13.1	
18.0	-48.4	-85.3	32.8	
13.1	0.8	-75.5	3.2	
8.2	27.8	-41.0	-4.1	
10.6	20.5	3.2	-16.4	
-1.7	59.8	-9.1	27.8	
10.6	64.7	13.1	10.6	
32.8	40.1	111.5	-1.7	
20.5	50.0	141.0	20.5	
30.3	52.4	89.3	32.8	
18.0	72.1	50.0	30.3	
10.6	121.3	-9.1	27.8	
5.7	40.1	-31.2	37.7	
8.2	18.0	22.9	25.4	
3.2	13.1	40.1	13.1	
3.2	37.7	45.1	10.6	
27.8	101.6	138.5	13.1	
27.8	67.2	131.2	25.4	
10.6	94.3	22.9	40.1	
-1.7	22.9	-41.0	35.2	
-1.7	50.0	-73.0	32.8	
0.8	-11.5	-60.7	25.4	
20.5	18.0	-80.4	8.2	
5.7	37.7	-1.7	-4.1	
8.2	52.4	8.2	13.1	
35.2	57.4	5.7	8.2	
50.0	89.3	-117.3	5.7	
42.6	69.7	-205.9	-11.5	
18.0	54.9	-156.7	-18.9	
20.5	89.3	-90.2	-16.4	
5.7	72.1	-46.0	5.7	
-11.5	64.7	40.1	13.1	
-4.1	50.0	72.1	27.8	
0.8	25.4	67.2	35.2	
-1.7	20.5	37.7	35.2	
-14.0	35.2	37.7	47.5	
-4.1	57.4	27.8	40.1	
-21.4	20.5	18.0	37.7	
-18.9	25.4	15.5	52.4	
-1.7	3.2	-58.3	30.3	
27.8	3.2	-65.6	15.5	
57.4	27.8	-33.7	-9.1	
50.0	0.8	-31.2	-46.0	
37.7	-1.7	-65.6	-77.9	
27.8	52.4	-73.0	-43.5	
8.2	47.5	-36.1	-28.7	
-1.7	5.7	-31.2	-26.3	
-11.5	0.8	-58.3	3.2	
5.7	5.7	-18.9	3.2	
27.8	69.7	57.4	18.0	
15.5	27.8	123.8	8.2	
20.5	25.4	131.2	3.2	
40.1	10.6	59.8	0.8	
54.9	18.0	-18.9	-14.0	
30.3	47.5	-50.9	-16.4	
15.5	-14.0	-77.9	0.8	
8.2	8.2	-80.4	8.2	
-1.7	13.1	-87.8	-1.7	
-6.6	-4.1	-63.2	-6.6	
-11.5	-1.7	-46.0	-4.1	
-4.1	-18.9	-60.7	15.5	
-28.7	3.2	-9.1	10.6	
-23.8	-23.8	148.4	-1.7	
-21.4	-1.7	251.7	-6.6	
-18.9	0.8	276.3	-1.7	
-14.0	18.0	271.4	0.8	
10.6	22.9	251.7	5.7	
5.7	-4.1	160.7	5.7	
15.5	0.8	133.6	8.2	
3.2	37.7	27.8	13.1	
18.0	67.2	-144.4	10.6	
3.2	79.5	-193.6	8.2	
0.8	59.8	-92.7	5.7	
10.6	30.3	-48.4	-4.1	
35.2	62.3	3.2	3.2	
30.3	47.5	37.7	5.7	
22.9	47.5	0.8	5.7	
18.0	54.9	-46.0	-6.6	
5.7	57.4	-68.1	-4.1	
0.8	25.4	-97.6	5.7	
3.2	13.1	-77.9	3.2	
-6.6	40.1	-31.2	-4.1	
5.7	45.1	-38.6	-9.1	
8.2	35.2	-85.3	-1.7	
18.0	-11.5	-144.4	-6.6	
35.2	54.9	-178.8	-14.0	
32.8	197.6	-196.0	-21.4	
27.8	116.4	-171.4	22.9	
32.8	293.5	-154.2	20.5	
15.5	-41.0	-82.9	18.0	
30.3	-23.8	-31.2	13.1	
37.7	138.5	20.5	10.6	
42.6	145.9	40.1	8.2	
45.1	-146.8	67.2	-1.7	
25.4	205.0	47.5	-1.7	
15.5	-75.5	25.4	-14.0	
3.2	217.3	52.4	-11.5	
-16.4	37.7	111.5	18.0	
0.8	8.2	106.6	18.0	
35.2	-132.1	52.4	13.1	
52.4	22.9	0.8	3.2	
84.4	3.2	-43.5	5.7	
79.5	13.1	0.8	5.7	
101.6	37.7	18.0	3.2	
82.0	32.8	-36.1	0.8	
47.5	79.5	-92.7	8.2	
0.8	50.0	-117.3	-1.7	
-26.3	47.5	-100.1	-6.6	
-41.0	82.0	-60.7	10.6	
-33.7	89.3	-73.0	-1.7	
-14.0	64.7	-114.8	15.5	
-9.1	94.3	-90.2	8.2	
-1.7	99.2	-23.8	3.2	
-28.7	109.0	3.2	10.6	
-38.6	62.3	32.8	-1.7	
-68.1	59.8	52.4	-11.5	
-90.2	25.4	72.1	-11.5	
-95.2	50.0	94.3	-9.1	
-85.3	40.1	116.4	-4.1	
-77.9	-6.6	94.3	10.6	
-28.7	27.8	86.9	15.5	
-18.9	50.0	47.5	32.8	
-4.1	57.4	20.5	22.9	
8.2	101.6	25.4	20.5	
15.5	54.9	0.8	10.6	
-6.6	57.4	40.1	-9.1	
-9.1	77.0	72.1	-18.9	
0.8	69.7	118.9	-16.4	
20.5	69.7	168.1	-11.5	
25.4	62.3	175.4	-14.0	
40.1	77.0	160.7	13.1	
25.4	94.3	209.9	15.5	
18.0	54.9	219.7	8.2	
20.5	25.4	175.4	-1.7	
8.2	13.1	111.5	-16.4	
0.8	40.1	42.6	-16.4	
8.2	5.7	-114.8	0.8	
15.5	50.0	-151.7	-21.4	
5.7	0.8	-166.5	-9.1	
15.5	18.0	-169.0	-6.6	
25.4	45.1	-124.7	-11.5	
20.5	8.2	-161.6	-6.6	
22.9	57.4	-203.4	20.5	
20.5	-21.4	-193.6	8.2	
10.6	13.1	-151.7	25.4	
8.2	59.8	-80.4	30.3	
8.2	52.4	-50.9	35.2	
5.7	101.6	-50.9	18.0	
5.7	82.0	-55.8	-1.7	
-6.6	50.0	25.4	3.2	
-1.7	72.1	94.3	10.6	
-6.6	30.3	121.3	10.6	
-4.1	72.1	126.2	15.5	
-4.1	8.2	150.8	15.5	
-4.1	40.1	177.9	18.0	
-4.1	47.5	160.7	20.5	
-11.5	32.8	86.9	18.0	
0.8	-9.1	0.8	25.4	
8.2	10.6	-68.1	25.4	
15.5	37.7	-82.9	15.5	
18.0	5.7	-75.5	13.1	
22.9	40.1	-109.9	20.5	
20.5	15.5	-149.3	10.6	
13.1	18.0	-139.4	-9.1	
15.5	30.3	-63.2	-6.6	
5.7	45.1	-63.2	-18.9	
8.2	57.4	-43.5	-28.7	
3.2	101.6	-36.1	-4.1	
5.7	45.1	-16.4	-14.0	
25.4	42.6	-11.5	0.8	
27.8	72.1	-9.1	3.2	
22.9	25.4	-11.5	8.2	
18.0	69.7	45.1	15.5	
8.2	91.8	74.6	30.3	
-11.5	42.6	89.3	37.7	
-11.5	37.7	77.0	20.5	
-23.8	35.2	42.6	8.2	
-28.7	35.2	30.3	5.7	
-11.5	45.1	-14.0	5.7	
-21.4	15.5	-41.0	15.5	
-26.3	37.7	-33.7	3.2	
-4.1	54.9	-1.7	10.6	
30.3	40.1	42.6	8.2	
84.4	57.4	50.0	-4.1	
141.0	82.0	-31.2	-1.7	
150.8	118.9	-112.4	3.2	
131.2	131.2	-60.7	0.8	
52.4	227.1	-82.9	3.2	
-16.4	155.8	-129.6	-6.6	
-63.2	13.1	-129.6	-4.1	
-53.3	-100.1	-102.5	18.0	
-60.7	20.5	-85.3	32.8	
-38.6	-16.4	-146.8	8.2	
-16.4	-97.6	-112.4	-18.9	
0.8	-141.9	-43.5	-11.5	
-11.5	-333.8	84.4	-18.9	
-36.1	-16.4	175.4	-16.4	
-58.3	-77.9	219.7	-14.0	
-65.6	-55.8	118.9	-4.1	
-70.6	-198.5	79.5	-14.0	
-28.7	-11.5	54.9	-11.5	
32.8	-18.9	35.2	5.7	
59.8	-6.6	-58.3	-6.6	
69.7	-9.1	-107.5	8.2	
42.6	-9.1	-228.0	0.8	
42.6	32.8	-186.2	5.7	
35.2	77.0	-137.0	-9.1	
3.2	89.3	-4.1	-9.1	
8.2	54.9	94.3	-14.0	
20.5	74.6	116.4	-4.1	
0.8	96.7	104.1	-11.5	
-16.4	123.8	82.0	-16.4	
-21.4	72.1	3.2	-11.5	
-14.0	86.9	-50.9	-1.7	
-11.5	69.7	-70.6	3.2	
-16.4	67.2	-36.1	3.2	
-21.4	74.6	-48.4	-4.1	
-26.3	113.9	-80.4	-4.1	
-14.0	116.4	-55.8	5.7	
-11.5	74.6	3.2	10.6	
-14.0	5.7	8.2	0.8	
-14.0	-6.6	20.5	-4.1	
-16.4	30.3	-11.5	-11.5	
-14.0	59.8	-82.9	-1.7	
-11.5	67.2	-149.3	27.8	
-11.5	25.4	-114.8	40.1	
-4.1	22.9	-80.4	45.1	
-23.8	15.5	-70.6	40.1	
-21.4	50.0	-9.1	35.2	
-14.0	27.8	99.2	42.6	
-11.5	72.1	195.1	25.4	
8.2	32.8	209.9	13.1	
18.0	57.4	170.5	13.1	
18.0	5.7	148.4	20.5	
5.7	-4.1	101.6	15.5	
-1.7	-33.7	96.7	15.5	
-9.1	64.7	22.9	13.1	
13.1	32.8	-95.2	15.5	
22.9	25.4	-181.3	5.7	
30.3	47.5	-208.3	5.7	
30.3	57.4	-178.8	-14.0	
35.2	10.6	-178.8	-1.7	
32.8	42.6	-139.4	-6.6	
30.3	42.6	-77.9	-16.4	
27.8	64.7	-58.3	-4.1	
32.8	32.8	-65.6	5.7	
35.2	47.5	-14.0	15.5	
22.9	82.0	-4.1	-1.7	
32.8	10.6	35.2	20.5	
15.5	22.9	52.4	42.6	
18.0	74.6	72.1	54.9	
8.2	50.0	79.5	47.5	
5.7	25.4	86.9	50.0	
5.7	72.1	86.9	52.4	
5.7	8.2	82.0	30.3	
15.5	-14.0	86.9	20.5	
8.2	30.3	30.3	-33.7	
15.5	-36.1	20.5	-87.8	
5.7	3.2	5.7	-90.2	
3.2	22.9	-85.3	-80.4	
0.8	-18.9	-73.0	-80.4	
3.2	27.8	-97.6	-41.0	
-4.1	52.4	-122.2	-33.7	
0.8	5.7	-139.4	-11.5	
-1.7	32.8	-85.3	-4.1	
5.7	57.4	-53.3	3.2	
13.1	18.0	-4.1	22.9	
18.0	30.3	-31.2	8.2	
5.7	57.4	-16.4	15.5	
-1.7	45.1	22.9	18.0	
-6.6	42.6	22.9	27.8	
8.2	57.4	37.7	5.7	
8.2	40.1	62.3	8.2	
-1.7	52.4	123.8	-1.7	
-11.5	74.6	18.0	-9.1	
-11.5	25.4	-80.4	-6.6	
-4.1	22.9	-68.1	-11.5	
-4.1	15.5	-77.9	-23.8	
-9.1	54.9	-97.6	-4.1	
-4.1	69.7	18.0	0.8	
3.2	32.8	106.6	15.5	
-4.1	47.5	96.7	8.2	
-9.1	69.7	74.6	-1.7	
-9.1	82.0	77.0	3.2	
8.2	37.7	109.0	8.2	
-6.6	52.4	155.8	15.5	
-9.1	232.0	205.0	22.9	
13.1	-36.1	212.3	30.3	
20.5	84.4	195.1	27.8	
22.9	42.6	82.0	20.5	
18.0	8.2	-28.7	32.8	
13.1	131.2	-43.5	20.5	
8.2	-166.5	-21.4	8.2	
10.6	168.1	-43.5	-6.6	
-9.1	-105.0	-102.5	-11.5	
3.2	-114.8	-146.8	-21.4	
3.2	150.8	-151.7	-11.5	
3.2	-14.0	-112.4	-9.1	
0.8	52.4	-105.0	-6.6	
10.6	-90.2	-77.9	-6.6	
22.9	45.1	-50.9	-1.7	
27.8	69.7	-53.3	8.2	
18.0	126.2	-46.0	3.2	
22.9	52.4	8.2	-6.6	
15.5	77.0	47.5	-6.6	
8.2	99.2	72.1	-9.1	
8.2	69.7	101.6	10.6	
10.6	104.1	109.0	10.6	
10.6	96.7	72.1	25.4	
10.6	77.0	62.3	35.2	
-4.1	104.1	104.1	27.8	
5.7	89.3	126.2	27.8	
8.2	84.4	82.0	-16.4	
-18.9	62.3	-46.0	-16.4	
-23.8	101.6	-164.0	8.2	
-14.0	32.8	-137.0	15.5	
-11.5	20.5	10.6	32.8	
-11.5	8.2	64.7	22.9	
-6.6	62.3	79.5	5.7	
5.7	18.0	47.5	8.2	
20.5	64.7	-9.1	20.5	
22.9	40.1	-46.0	5.7	
42.6	45.1	0.8	-14.0	
27.8	52.4	-6.6	-6.6	
37.7	45.1	-132.1	18.0	
15.5	57.4	-213.2	25.4	
3.2	15.5	-208.3	10.6	
3.2	27.8	-112.4	5.7	
0.8	45.1	-90.2	-1.7	
-1.7	22.9	18.0	-11.5	
15.5	89.3	94.3	-11.5	
20.5	35.2	94.3	18.0	
25.4	20.5	72.1	18.0	
18.0	42.6	72.1	13.1	
18.0	42.6	77.0	5.7	
15.5	-6.6	62.3	22.9	
15.5	20.5	30.3	30.3	
13.1	52.4	13.1	25.4	
13.1	13.1	-21.4	8.2	
10.6	-16.4	5.7	20.5	
5.7	-16.4	54.9	18.0	
13.1	-48.4	47.5	20.5	
0.8	59.8	59.8	-6.6	
3.2	30.3	8.2	-6.6	
5.7	86.9	-21.4	8.2	
5.7	32.8	-21.4	-1.7	
3.2	106.6	-9.1	-14.0	
-9.1	84.4	77.0	0.8	
-1.7	62.3	145.9	0.8	
0.8	25.4	190.2	-23.8	
0.8	40.1	145.9	18.0	
18.0	-77.9	143.5	0.8	
18.0	40.1	91.8	-6.6	
22.9	32.8	101.6	-1.7	
22.9	72.1	91.8	-4.1	
5.7	57.4	18.0	-1.7	
8.2	25.4	-41.0	-4.1	
-1.7	32.8	-80.4	-18.9	
-1.7	35.2	-90.2	-16.4	
-11.5	45.1	-75.5	-4.1	
-9.1	32.8	-151.7	5.7	
8.2	-6.6	-203.4	10.6	
0.8	8.2	-223.1	5.7	
3.2	37.7	-129.6	5.7	
3.2	37.7	-112.4	8.2	
0.8	96.7	-100.1	3.2	
0.8	10.6	-4.1	5.7	
-1.7	47.5	69.7	-9.1	
0.8	8.2	182.8	-4.1	
10.6	18.0	202.5	-6.6	
15.5	74.6	126.2	5.7	
5.7	54.9	57.4	8.2	
-4.1	59.8	-1.7	15.5	
3.2	50.0	-63.2	10.6	
-4.1	8.2	-164.0	8.2	
-6.6	8.2	-200.9	10.6	
-9.1	84.4	-92.7	40.1	
-4.1	25.4	-38.6	40.1	
0.8	20.5	-31.2	15.5	
5.7	3.2	-26.3	25.4	
10.6	-11.5	-6.6	20.5	
-4.1	-31.2	27.8	5.7	
13.1	5.7	91.8	8.2	
30.3	10.6	96.7	0.8	
27.8	22.9	47.5	5.7	
25.4	62.3	52.4	-9.1	
18.0	101.6	-82.9	-14.0	
30.3	42.6	-237.8	-16.4	
22.9	3.2	-260.0	-33.7	
20.5	-107.5	-250.1	10.6	
32.8	32.8	-230.5	35.2	
13.1	82.0	-90.2	20.5	
18.0	-119.8	-16.4	5.7	
3.2	158.2	30.3	-14.0	
13.1	-48.4	138.5	-6.6	
8.2	72.1	177.9	8.2	
5.7	-124.7	150.8	-26.3	
8.2	18.0	128.7	-6.6	
3.2	-139.4	207.4	-4.1	
27.8	-109.9	281.2	-6.6	
20.5	25.4	256.6	10.6	
22.9	15.5	89.3	-6.6	
27.8	59.8	42.6	10.6	
32.8	42.6	-1.7	10.6	
20.5	25.4	15.5	5.7	
18.0	52.4	54.9	-1.7	
25.4	40.1	32.8	5.7	
22.9	62.3	-28.7	-1.7	
13.1	77.0	-28.7	13.1	
0.8	45.1	-4.1	-4.1	
-11.5	37.7	-36.1	-18.9	
-16.4	47.5	-70.6	-31.2	
-9.1	82.0	-75.5	-21.4	
5.7	84.4	-92.7	3.2	
13.1	67.2	-90.2	3.2	
22.9	57.4	-129.6	13.1	
18.0	42.6	-159.1	8.2	
8.2	35.2	-75.5	0.8	
0.8	30.3	32.8	5.7	
15.5	30.3	86.9	-4.1	
35.2	25.4	118.9	-6.6	
18.0	18.0	133.6	3.2	
22.9	54.9	45.1	10.6	
5.7	32.8	-21.4	-16.4	
0.8	67.2	-112.4	-11.5	
0.8	86.9	-161.6	8.2	
0.8	52.4	-129.6	22.9	
8.2	47.5	-58.3	10.6	
-1.7	35.2	54.9	22.9	
3.2	25.4	256.6	18.0	
-1.7	86.9	350.1	10.6	
10.6	62.3	286.1	8.2	
0.8	27.8	160.7	0.8	
5.7	91.8	94.3	5.7	
15.5	72.1	10.6	-4.1	
8.2	57.4	-137.0	8.2	
-4.1	22.9	-208.3	5.7	
-6.6	64.7	-289.5	-4.1	
-16.4	22.9	-250.1	3.2	
0.8	0.8	-169.0	-4.1	
10.6	35.2	-82.9	-1.7	
3.2	-11.5	-43.5	8.2	
0.8	3.2	-55.8	15.5	
13.1	13.1	-11.5	-1.7	
-1.7	64.7	-33.7	-16.4	
-4.1	10.6	-9.1	3.2	
0.8	15.5	-31.2	-4.1	
-14.0	59.8	-105.0	0.8	
8.2	-21.4	-134.5	3.2	
8.2	-6.6	-87.8	30.3	
0.8	22.9	-31.2	47.5	
-1.7	-1.7	15.5	40.1	
15.5	47.5	0.8	15.5	
15.5	-21.4	52.4	18.0	
8.2	30.3	42.6	-1.7	
8.2	-18.9	27.8	0.8	
25.4	-4.1	18.0	-16.4	
25.4	-31.2	47.5	-9.1	
22.9	-23.8	-18.9	-1.7	
18.0	-16.4	-48.4	0.8	
20.5	-41.0	-26.3	-6.6	
25.4	-41.0	-31.2	8.2	
13.1	-21.4	64.7	0.8	
0.8	35.2	121.3	15.5	
-14.0	35.2	153.3	5.7	
-14.0	22.9	175.4	10.6	
-4.1	15.5	163.1	-1.7	
3.2	30.3	128.7	0.8	
15.5	45.1	86.9	13.1	
20.5	3.2	62.3	15.5	
25.4	37.7	52.4	-1.7	
35.2	57.4	99.2	-4.1	
25.4	96.7	89.3	15.5	
25.4	42.6	50.0	3.2	
22.9	35.2	13.1	-11.5	
8.2	57.4	-6.6	-11.5	
-6.6	64.7	0.8	-18.9	
-1.7	47.5	20.5	10.6	
-1.7	30.3	128.7	-1.7	
-1.7	47.5	94.3	0.8	
13.1	10.6	-46.0	15.5	
18.0	-14.0	-65.6	18.0	
18.0	-1.7	-18.9	32.8	
5.7	0.8	-53.3	22.9	
8.2	50.0	-169.0	-4.1	
5.7	54.9	-230.5	-9.1	
-4.1	-176.3	-269.8	3.2	
10.6	136.1	-309.2	8.2	
15.5	94.3	-333.8	20.5	
8.2	-73.0	-210.8	5.7	
13.1	-6.6	-11.5	-6.6	
8.2	104.1	-48.4	-4.1	
8.2	69.7	-68.1	5.7	
3.2	205.0	99.2	5.7	
-1.7	121.3	359.9	-4.1	
3.2	-26.3	510.0	27.8	
8.2	84.4	438.7	37.7	
13.1	22.9	320.6	32.8	
18.0	-188.6	150.8	15.5	
-1.7	-139.4	131.2	-4.1	
5.7	15.5	86.9	-1.7	
-11.5	45.1	-63.2	15.5	
-4.1	37.7	-267.4	3.2	
-6.6	59.8	-336.2	0.8	
-1.7	22.9	-351.0	22.9	
-9.1	72.1	-412.5	22.9	
-4.1	89.3	-373.1	40.1	
-1.7	72.1	-156.7	13.1	
-1.7	79.5	-63.2	-4.1	
3.2	-1.7	-11.5	0.8	
-4.1	-63.2	30.3	-9.1	
-4.1	-14.0	59.8	-23.8	
-6.6	-11.5	67.2	-1.7	
5.7	3.2	96.7	-1.7	
15.5	22.9	91.8	-4.1	
13.1	57.4	74.6	-1.7	
25.4	32.8	96.7	0.8	
15.5	57.4	123.8	-9.1	
15.5	18.0	111.5	5.7	
25.4	35.2	99.2	-4.1	
15.5	27.8	91.8	-18.9	
13.1	82.0	45.1	-11.5	
15.5	15.5	15.5	22.9	
-1.7	42.6	-6.6	27.8	
-9.1	64.7	3.2	5.7	
-21.4	82.0	-31.2	10.6	
-16.4	69.7	0.8	-1.7	
-6.6	64.7	25.4	5.7	
0.8	47.5	8.2	-26.3	
8.2	67.2	-11.5	-26.3	
30.3	116.4	-18.9	13.1	
30.3	101.6	-43.5	20.5	
15.5	54.9	-80.4	13.1	
15.5	62.3	-77.9	3.2	
13.1	69.7	20.5	10.6	
15.5	40.1	109.0	-11.5	
13.1	50.0	109.0	-21.4	
32.8	40.1	121.3	-1.7	
47.5	57.4	84.4	5.7	
37.7	35.2	47.5	-4.1	
37.7	50.0	42.6	10.6	
30.3	0.8	18.0	-1.7	
5.7	18.0	8.2	8.2	
5.7	72.1	-70.6	30.3	
-21.4	59.8	-144.4	18.0	
-16.4	57.4	-198.5	15.5	
5.7	50.0	-124.7	15.5	
-4.1	20.5	-14.0	13.1	
-1.7	57.4	94.3	3.2	
8.2	52.4	136.1	-1.7	
3.2	50.0	192.7	-16.4	
-16.4	72.1	116.4	-11.5	
5.7	40.1	22.9	-9.1	
0.8	10.6	-28.7	-18.9	
0.8	54.9	-70.6	-11.5	
10.6	15.5	-58.3	-4.1	
15.5	13.1	-178.8	-4.1	
5.7	116.4	-287.0	-16.4	
10.6	22.9	-173.9	-9.1	
3.2	20.5	-112.4	-11.5	
13.1	-16.4	-16.4	10.6	
18.0	-1.7	27.8	22.9	
22.9	10.6	35.2	13.1	
15.5	40.1	-6.6	5.7	
13.1	27.8	5.7	15.5	
5.7	45.1	84.4	18.0	
3.2	22.9	113.9	22.9	
-14.0	50.0	131.2	27.8	
-14.0	32.8	143.5	22.9	
-4.1	54.9	133.6	13.1	
-11.5	52.4	106.6	37.7	
-4.1	74.6	118.9	37.7	
25.4	22.9	72.1	32.8	
18.0	69.7	-60.7	22.9	
18.0	27.8	-169.0	13.1	
18.0	84.4	-166.5	0.8	
25.4	37.7	-129.6	-26.3	
30.3	18.0	-92.7	-23.8	
25.4	25.4	-55.8	-9.1	
18.0	22.9	-43.5	18.0	
10.6	22.9	-53.3	15.5	
0.8	20.5	-23.8	-11.5	
3.2	-28.7	10.6	-6.6	
-9.1	22.9	13.1	8.2	
-4.1	32.8	5.7	22.9	
5.7	18.0	-38.6	0.8	
-4.1	-92.7	-26.3	-1.7	
-11.5	163.1	-50.9	22.9	
8.2	131.2	-18.9	18.0	
-6.6	-68.1	27.8	0.8	
-4.1	-36.1	89.3	5.7	
-23.8	89.3	118.9	8.2	
-21.4	69.7	202.5	-11.5	
-4.1	155.8	283.7	-11.5	
-4.1	57.4	291.1	-9.1	
-4.1	52.4	268.9	-4.1	
0.8	138.5	212.3	13.1	
5.7	-46.0	173.0	13.1	
3.2	-9.1	84.4	10.6	
-4.1	-225.5	-82.9	5.7	
10.6	-28.7	-176.3	-16.4	
3.2	-6.6	-141.9	15.5	
0.8	15.5	-149.3	-4.1	
-1.7	25.4	-169.0	-16.4	
0.8	25.4	-218.2	-11.5	
-11.5	35.2	-319.0	-23.8	
3.2	-14.0	-296.9	-18.9	
10.6	25.4	-112.4	-11.5	
0.8	45.1	52.4	10.6	
13.1	13.1	143.5	32.8	
25.4	47.5	145.9	32.8	
15.5	30.3	160.7	20.5	
8.2	22.9	118.9	22.9	
-1.7	22.9	52.4	3.2	
5.7	15.5	54.9	8.2	
3.2	27.8	47.5	5.7	
8.2	22.9	40.1	13.1	
15.5	50.0	37.7	10.6	
30.3	25.4	-38.6	-21.4	
25.4	47.5	-77.9	-14.0	
20.5	8.2	-60.7	-6.6	
30.3	-6.6	-50.9	10.6	
5.7	10.6	-68.1	62.3	
13.1	8.2	52.4	50.0	
8.2	13.1	111.5	-9.1	
-4.1	45.1	69.7	-28.7	
-6.6	40.1	47.5	-16.4	
-16.4	79.5	47.5	-6.6	
-11.5	59.8	3.2	3.2	
-14.0	40.1	64.7	8.2	
-11.5	42.6	42.6	-16.4	
0.8	35.2	0.8	-4.1	
-9.1	42.6	-33.7	8.2	
-6.6	20.5	-41.0	10.6	
10.6	-9.1	-53.3	15.5	
15.5	10.6	-92.7	20.5	
10.6	32.8	-77.9	-1.7	
5.7	25.4	-112.4	-11.5	
0.8	25.4	-4.1	-18.9	
8.2	5.7	-16.4	-11.5	
-6.6	25.4	-77.9	18.0	
-18.9	20.5	-50.9	10.6	
0.8	18.0	-60.7	8.2	
0.8	-4.1	-68.1	22.9	
-4.1	3.2	-80.4	20.5	
-4.1	0.8	-146.8	10.6	
-4.1	35.2	-102.5	-4.1	
-11.5	47.5	52.4	-1.7	
5.7	42.6	158.2	0.8	
5.7	72.1	187.7	-11.5	
20.5	69.7	190.2	-4.1	
15.5	45.1	165.6	-4.1	
18.0	45.1	116.4	-9.1	
5.7	20.5	30.3	-6.6	
-6.6	40.1	35.2	-4.1	
-11.5	57.4	-6.6	5.7	
-1.7	42.6	-80.4	3.2	
8.2	40.1	-53.3	-6.6	
-1.7	57.4	42.6	-9.1	
13.1	32.8	57.4	-1.7	
15.5	-6.6	-18.9	0.8	
8.2	-28.7	47.5	-1.7	
3.2	10.6	160.7	3.2	
5.7	27.8	197.6	8.2	
15.5	22.9	177.9	13.1	
22.9	67.2	79.5	-1.7	
13.1	42.6	-26.3	5.7	
13.1	67.2	-146.8	-1.7	
13.1	52.4	-218.2	18.0	
15.5	54.9	-210.8	10.6	
13.1	22.9	-186.2	0.8	
3.2	30.3	-134.5	3.2	
-1.7	25.4	-63.2	10.6	
20.5	59.8	-68.1	3.2	
22.9	40.1	-154.2	-1.7	
27.8	32.8	-176.3	0.8	
40.1	20.5	-127.1	-1.7	
57.4	3.2	-105.0	-18.9	
84.4	-26.3	5.7	10.6	
82.0	25.4	165.6	0.8	
72.1	-6.6	180.4	13.1	
52.4	22.9	123.8	13.1	
45.1	37.7	82.0	0.8	
32.8	18.0	52.4	-6.6	
35.2	32.8	64.7	3.2	
27.8	13.1	54.9	8.2	
27.8	-540.4	62.3	15.5	
-1.7	-100.1	54.9	15.5	
-1.7	47.5	-11.5	3.2	
-6.6	175.4	-43.5	-11.5	
-4.1	109.0	-26.3	0.8	
0.8	256.6	74.6	18.0	
8.2	-205.9	113.9	0.8	
15.5	-105.0	109.0	-31.2	
5.7	-6.6	123.8	-26.3	
5.7	91.8	109.0	0.8	
0.8	74.6	104.1	3.2	
5.7	-1.7	141.0	-14.0	
3.2	54.9	118.9	10.6	
3.2	-114.8	69.7	15.5	
-4.1	-4.1	57.4	13.1	
-11.5	30.3	15.5	25.4	
3.2	30.3	-26.3	27.8	
0.8	47.5	5.7	15.5	
-4.1	47.5	32.8	-1.7	
5.7	74.6	25.4	0.8	
5.7	45.1	30.3	5.7	
18.0	57.4	47.5	5.7	
25.4	27.8	25.4	0.8	
18.0	72.1	18.0	-4.1	
18.0	57.4	-26.3	0.8	
13.1	54.9	-18.9	37.7	
27.8	62.3	-6.6	8.2	
20.5	30.3	-31.2	10.6	
32.8	42.6	-36.1	40.1	
20.5	57.4	-11.5	-1.7	
18.0	-6.6	40.1	0.8	
3.2	8.2	86.9	8.2	
-6.6	25.4	84.4	15.5	
3.2	32.8	79.5	10.6	
3.2	18.0	104.1	22.9	
0.8	-9.1	128.7	18.0	
3.2	3.2	143.5	15.5	
-6.6	18.0	143.5	22.9	
-18.9	42.6	143.5	13.1	
-14.0	54.9	111.5	25.4	
-11.5	62.3	89.3	18.0	
-14.0	77.0	79.5	18.0	
0.8	62.3	74.6	15.5	
-4.1	72.1	-4.1	5.7	
8.2	64.7	-46.0	13.1	
3.2	104.1	-80.4	25.4	
3.2	91.8	-159.1	15.5	
8.2	45.1	-127.1	5.7	
0.8	89.3	-55.8	-9.1	
-1.7	25.4	69.7	-9.1	
5.7	32.8	113.9	8.2	
0.8	54.9	94.3	5.7	
-1.7	77.0	15.5	30.3	
-1.7	45.1	-65.6	27.8	
-4.1	10.6	-21.4	22.9	
-4.1	-4.1	15.5	13.1	
-4.1	45.1	32.8	25.4	
13.1	25.4	-6.6	27.8	
5.7	59.8	-9.1	18.0	
20.5	5.7	35.2	8.2	
13.1	42.6	77.0	10.6	
3.2	59.8	30.3	15.5	
-1.7	91.8	-28.7	13.1	
20.5	50.0	-41.0	25.4	
18.0	40.1	20.5	40.1	
13.1	64.7	69.7	35.2	
25.4	42.6	27.8	20.5	
27.8	47.5	-23.8	22.9	
27.8	42.6	-70.6	15.5	
13.1	3.2	-63.2	8.2	
13.1	18.0	-95.2	-21.4	
13.1	3.2	-117.3	-4.1	
8.2	-6.6	-82.9	-6.6	
-4.1	-16.4	-119.8	-16.4	
3.2	-18.9	-225.5	-1.7	
-9.1	-23.8	-183.7	-9.1	
-21.4	-9.1	-191.1	-18.9	
-38.6	-4.1	-112.4	-23.8	
-23.8	32.8	-33.7	-18.9	
-1.7	18.0	-28.7	-9.1	
13.1	25.4	-77.9	0.8	
35.2	10.6	-50.9	-11.5	
30.3	45.1	57.4	-18.9	
37.7	25.4	214.8	-18.9	
37.7	84.4	259.1	0.8	
47.5	20.5	168.1	-1.7	
25.4	27.8	96.7	-11.5	
35.2	-9.1	54.9	-9.1	
5.7	50.0	67.2	-4.1	
-6.6	5.7	32.8	-14.0	
0.8	-31.2	-43.5	-1.7	
-1.7	0.8	-82.9	-4.1	
-1.7	-16.4	-1.7	-1.7	
5.7	-46.0	84.4	20.5	
8.2	0.8	109.0	25.4	
25.4	-43.5	109.0	25.4	
25.4	10.6	136.1	15.5	
20.5	-14.0	128.7	8.2	
37.7	5.7	52.4	-4.1	
40.1	40.1	-9.1	0.8	
25.4	150.8	3.2	-1.7	
25.4	0.8	18.0	-1.7	
15.5	3.2	91.8	-11.5	
10.6	27.8	123.8	-11.5	
13.1	109.0	94.3	-1.7	
3.2	96.7	99.2	-11.5	
8.2	155.8	67.2	-6.6	
22.9	246.8	-23.8	25.4	
15.5	-16.4	-70.6	15.5	
3.2	-178.8	-38.6	13.1	
-9.1	104.1	3.2	25.4	
0.8	-134.5	10.6	18.0	
-9.1	-14.0	-11.5	-9.1	
-9.1	-82.9	64.7	5.7	
-11.5	25.4	96.7	5.7	
-9.1	35.2	109.0	8.2	
-1.7	10.6	82.0	-1.7	
-11.5	42.6	84.4	-6.6	
5.7	32.8	106.6	-18.9	
-14.0	35.2	77.0	5.7	
-14.0	72.1	37.7	22.9	
5.7	82.0	-4.1	32.8	
13.1	101.6	-92.7	-14.0	
13.1	82.0	-210.8	-14.0	
25.4	64.7	-159.1	-11.5	
30.3	32.8	-63.2	-9.1	
35.2	62.3	-43.5	5.7	
30.3	40.1	-14.0	-1.7	
27.8	94.3	-21.4	0.8	
32.8	72.1	-82.9	-4.1	
30.3	22.9	-129.6	-1.7	
40.1	18.0	-186.2	-4.1	
45.1	50.0	-156.7	5.7	
32.8	22.9	-68.1	5.7	
30.3	20.5	-50.9	5.7	
25.4	8.2	-68.1	3.2	
25.4	15.5	-21.4	15.5	
15.5	37.7	86.9	22.9	
8.2	42.6	165.6	13.1	
-6.6	52.4	153.3	8.2	
-9.1	74.6	207.4	-4.1	
-1.7	69.7	217.3	3.2	
10.6	37.7	165.6	18.0	
5.7	64.7	94.3	22.9	
8.2	59.8	13.1	35.2	
27.8	82.0	-50.9	10.6	
45.1	77.0	-68.1	0.8	
42.6	3.2	-70.6	3.2	
35.2	-6.6	-122.2	-9.1	
27.8	-1.7	-181.3	-9.1	
22.9	18.0	-245.2	5.7	
13.1	-23.8	-257.5	20.5	
15.5	52.4	-161.6	18.0	
-9.1	-26.3	-23.8	5.7	
-6.6	32.8	116.4	-4.1	
-11.5	-41.0	168.1	-6.6	
-14.0	-6.6	195.1	-1.7	
-1.7	-14.0	177.9	-1.7	
3.2	3.2	141.0	-14.0	
-11.5	8.2	72.1	-11.5	
-11.5	15.5	3.2	15.5	
-18.9	32.8	-14.0	13.1	
-16.4	40.1	-23.8	-4.1	
3.2	42.6	30.3	-21.4	
0.8	50.0	62.3	-11.5	
-1.7	27.8	25.4	-11.5	
10.6	45.1	-82.9	-28.7	
13.1	74.6	-58.3	-11.5	
18.0	30.3	-26.3	-9.1	
20.5	3.2	-33.7	-6.6	
20.5	-11.5	5.7	10.6	
18.0	35.2	69.7	3.2	
5.7	-4.1	62.3	13.1	
3.2	15.5	116.4	18.0	
-9.1	-31.2	89.3	20.5	
8.2	-14.0	126.2	5.7	
-9.1	-23.8	148.4	0.8	
-1.7	15.5	74.6	3.2	
0.8	10.6	47.5	10.6	
8.2	0.8	47.5	10.6	
0.8	20.5	-65.6	-1.7	
-11.5	25.4	-159.1	3.2	
8.2	22.9	-287.0	22.9	
-6.6	69.7	-336.2	22.9	
-1.7	52.4	-306.7	18.0	
8.2	10.6	-210.8	10.6	
-4.1	15.5	-9.1	5.7	
5.7	27.8	182.8	-6.6	
5.7	3.2	367.3	-4.1	
15.5	30.3	436.2	-14.0	
15.5	-9.1	416.5	-16.4	
8.2	0.8	357.5	22.9	
-1.7	10.6	266.5	27.8	
3.2	13.1	138.5	15.5	
0.8	-26.3	-1.7	25.4	
-16.4	25.4	-119.8	18.0	
-4.1	-4.1	-260.0	15.5	
-18.9	18.0	-277.2	10.6	
-4.1	45.1	-282.1	-11.5	
-1.7	32.8	-260.0	3.2	
10.6	143.5	-301.8	20.5	
5.7	217.3	-338.7	8.2	
5.7	170.5	-210.8	5.7	
18.0	5.7	-156.7	3.2	
30.3	-58.3	-124.7	0.8	
30.3	126.2	-90.2	0.8	
27.8	-129.6	-70.6	3.2	
15.5	-146.8	8.2	13.1	
20.5	-28.7	116.4	18.0	
35.2	-107.5	259.1	30.3	
25.4	84.4	296.0	13.1	
15.5	74.6	153.3	-1.7	
8.2	84.4	111.5	0.8	
5.7	-124.7	89.3	15.5	
10.6	15.5	109.0	8.2	
5.7	15.5	67.2	-6.6	
8.2	15.5	-9.1	0.8	
-4.1	32.8	-95.2	10.6	
3.2	54.9	-117.3	-6.6	
-1.7	59.8	-117.3	-11.5	
15.5	64.7	-26.3	-16.4	
10.6	79.5	15.5	5.7	
-1.7	40.1	27.8	-4.1	
-14.0	50.0	64.7	-11.5	
-6.6	50.0	96.7	-16.4	
-6.6	86.9	77.0	-9.1	
-4.1	54.9	27.8	-4.1	
5.7	45.1	-36.1	-16.4	
-4.1	25.4	-80.4	8.2	
10.6	30.3	-65.6	3.2	
8.2	50.0	-4.1	-11.5	
0.8	40.1	3.2	13.1	
22.9	10.6	-41.0	25.4	
40.1	18.0	47.5	20.5	
42.6	42.6	104.1	20.5	
27.8	32.8	69.7	-1.7	
13.1	5.7	86.9	-4.1	
15.5	32.8	77.0	-1.7	
8.2	57.4	18.0	0.8	
8.2	47.5	-31.2	-4.1	
8.2	35.2	-73.0	-9.1	
0.8	74.6	-46.0	-4.1	
-9.1	37.7	-36.1	3.2	
-14.0	45.1	15.5	3.2	
-16.4	52.4	20.5	-9.1	
-1.7	74.6	-1.7	-23.8	
15.5	50.0	-23.8	-23.8	
13.1	57.4	10.6	-6.6	
5.7	54.9	-18.9	10.6	
13.1	5.7	-85.3	25.4	
35.2	37.7	-73.0	5.7	
30.3	13.1	8.2	-11.5	
22.9	25.4	13.1	5.7	
25.4	-4.1	-9.1	15.5	
18.0	-16.4	-23.8	5.7	
8.2	5.7	-21.4	18.0	
13.1	-26.3	-38.6	20.5	
22.9	3.2	-33.7	32.8	
30.3	22.9	-77.9	15.5	
18.0	0.8	-43.5	20.5	
10.6	25.4	27.8	15.5	
0.8	32.8	74.6	3.2	
-4.1	42.6	8.2	3.2	
-9.1	57.4	-28.7	0.8	
-1.7	37.7	-46.0	3.2	
-16.4	30.3	-21.4	-6.6	
-16.4	52.4	47.5	-18.9	
-1.7	40.1	82.0	-14.0	
5.7	18.0	72.1	-9.1	
8.2	25.4	13.1	-23.8	
15.5	37.7	-68.1	-23.8	
27.8	27.8	-63.2	-9.1	
13.1	13.1	52.4	-4.1	
18.0	18.0	158.2	5.7	
25.4	-11.5	300.9	3.2	
10.6	5.7	323.0	-6.6	
18.0	20.5	246.8	-4.1	
22.9	59.8	126.2	18.0	
5.7	40.1	-4.1	13.1	
5.7	32.8	-173.9	-9.1	
10.6	69.7	-203.4	-4.1	
13.1	35.2	-245.2	-14.0	
22.9	52.4	-220.6	-14.0	
20.5	62.3	-193.6	-14.0	
15.5	42.6	-250.1	3.2	
15.5	52.4	-247.7	25.4	
13.1	50.0	-33.7	32.8	
15.5	67.2	52.4	5.7	
18.0	25.4	123.8	0.8	
18.0	25.4	214.8	-6.6	
18.0	37.7	310.7	-4.1	
20.5	5.7	411.6	0.8	
22.9	8.2	374.7	10.6	
15.5	52.4	389.5	13.1	
8.2	13.1	246.8	13.1	
0.8	35.2	62.3	5.7	
-1.7	22.9	27.8	3.2	
25.4	-6.6	-28.7	18.0	
35.2	40.1	-161.6	18.0	
0.8	72.1	-277.2	0.8	
3.2	-141.9	-279.7	-4.1	
5.7	118.9	-232.9	13.1	
-6.6	-53.3	-200.9	0.8	
5.7	77.0	-274.7	3.2	
13.1	113.9	-282.1	-9.1	
13.1	89.3	-247.7	-9.1	
13.1	-70.6	-232.9	5.7	
8.2	-129.6	-134.5	-1.7	
-4.1	-112.4	-28.7	10.6	
-14.0	113.9	57.4	15.5	
0.8	-68.1	118.9	0.8	
0.8	-26.3	118.9	-4.1	
0.8	111.5	131.2	-1.7	
-4.1	-124.7	91.8	-4.1	
-6.6	40.1	57.4	5.7	
-6.6	-4.1	20.5	-6.6	
-11.5	18.0	54.9	3.2	
-11.5	40.1	64.7	15.5	
-9.1	30.3	32.8	18.0	
-6.6	13.1	5.7	-4.1	
-1.7	64.7	-6.6	0.8	
5.7	57.4	-1.7	-1.7	
10.6	27.8	-6.6	5.7	
8.2	89.3	-11.5	3.2	
13.1	94.3	15.5	10.6	
22.9	74.6	47.5	0.8	
15.5	50.0	82.0	5.7	
18.0	79.5	91.8	15.5	
20.5	20.5	82.0	15.5	
20.5	57.4	37.7	15.5	
8.2	42.6	25.4	30.3	
3.2	22.9	0.8	10.6	
0.8	20.5	-23.8	3.2	
5.7	42.6	-33.7	22.9	
-11.5	20.5	-33.7	18.0	
-4.1	40.1	-38.6	22.9	
3.2	47.5	-23.8	30.3	
-4.1	25.4	35.2	25.4	
-6.6	22.9	32.8	32.8	
-11.5	47.5	22.9	18.0	
-9.1	79.5	30.3	8.2	
-4.1	67.2	67.2	8.2	
-1.7	67.2	72.1	0.8	
-6.6	35.2	30.3	-1.7	
0.8	89.3	-36.1	10.6	
13.1	74.6	-63.2	8.2	
0.8	69.7	-14.0	15.5	
5.7	52.4	-1.7	15.5	
5.7	62.3	-41.0	20.5	
13.1	72.1	-50.9	10.6	
15.5	45.1	-63.2	0.8	
13.1	30.3	-38.6	-11.5	
5.7	30.3	-50.9	-1.7	
-1.7	27.8	-60.7	8.2	
-11.5	20.5	20.5	-4.1	
3.2	10.6	32.8	8.2	
5.7	-16.4	-4.1	15.5	
0.8	47.5	-28.7	22.9	
13.1	-1.7	-38.6	15.5	
27.8	72.1	-1.7	8.2	
37.7	54.9	141.0	-4.1	
32.8	64.7	180.4	20.5	
27.8	32.8	109.0	15.5	
13.1	50.0	3.2	10.6	
3.2	64.7	-122.2	10.6	
0.8	72.1	-144.4	3.2	
-11.5	62.3	-77.9	3.2	
-16.4	37.7	22.9	-1.7	
-11.5	20.5	77.0	8.2	
-23.8	-21.4	74.6	5.7	
3.2	13.1	47.5	15.5	
10.6	-6.6	15.5	3.2	
15.5	-1.7	-36.1	10.6	
15.5	-1.7	-55.8	8.2	
5.7	5.7	-87.8	8.2	
0.8	-6.6	-95.2	20.5	
0.8	-9.1	-100.1	25.4	
3.2	13.1	-36.1	32.8	
15.5	-9.1	-1.7	32.8	
30.3	35.2	57.4	20.5	
22.9	42.6	94.3	22.9	
35.2	50.0	69.7	13.1	
45.1	52.4	77.0	3.2	
40.1	42.6	40.1	8.2	
13.1	59.8	-33.7	-11.5	
-4.1	42.6	-90.2	3.2	
3.2	22.9	-80.4	-14.0	
8.2	57.4	-28.7	-1.7	
8.2	25.4	-14.0	-11.5	
13.1	8.2	15.5	-1.7	
18.0	10.6	47.5	-4.1	
10.6	-16.4	54.9	-11.5	
-4.1	-4.1	57.4	-9.1	
-1.7	10.6	59.8	0.8	
-6.6	-11.5	82.0	0.8	
13.1	-6.6	84.4	-11.5	
8.2	-11.5	25.4	-1.7	
13.1	18.0	-28.7	-14.0	
18.0	15.5	35.2	-1.7	
25.4	50.0	20.5	-16.4	
35.2	20.5	20.5	-14.0	
32.8	131.2	37.7	-1.7	
30.3	86.9	-6.6	3.2	
22.9	-102.5	-92.7	-1.7	
22.9	-58.3	-21.4	-1.7	
22.9	91.8	84.4	5.7	
13.1	106.6	123.8	8.2	
8.2	52.4	158.2	18.0	
8.2	118.9	207.4	15.5	
0.8	-240.3	182.8	18.0	
-1.7	109.0	104.1	15.5	
-6.6	-21.4	50.0	20.5	
-14.0	-11.5	-132.1	32.8	
-6.6	-119.8	-277.2	32.8	
-11.5	-23.8	-299.3	8.2	
-14.0	-1.7	-156.7	5.7	
5.7	10.6	-6.6	20.5	
8.2	13.1	-48.4	18.0	
-9.1	57.4	-36.1	13.1	
13.1	30.3	54.9	25.4	
13.1	47.5	64.7	37.7	
8.2	64.7	79.5	8.2	
-6.6	64.7	91.8	-14.0	
-11.5	40.1	47.5	-1.7	
-4.1	52.4	-9.1	5.7	
-4.1	69.7	15.5	5.7	
-1.7	32.8	79.5	3.2	
-11.5	54.9	84.4	-4.1	
-6.6	25.4	0.8	5.7	
-6.6	40.1	-26.3	0.8	
-11.5	45.1	-23.8	5.7	
0.8	42.6	-53.3	0.8	
-1.7	18.0	-60.7	10.6	
3.2	13.1	-31.2	5.7	
3.2	-26.3	18.0	22.9	
10.6	-6.6	-4.1	25.4	
13.1	40.1	-36.1	5.7	
15.5	-14.0	-60.7	3.2	
10.6	45.1	-58.3	-1.7	
-4.1	42.6	-50.9	20.5	
3.2	37.7	10.6	25.4	
8.2	10.6	69.7	8.2	
5.7	42.6	121.3	-11.5	
18.0	52.4	89.3	0.8	
8.2	91.8	79.5	-9.1	
10.6	67.2	74.6	-1.7	
0.8	62.3	77.0	0.8	
10.6	59.8	79.5	10.6	
8.2	62.3	45.1	3.2	
-14.0	54.9	-41.0	3.2	
10.6	35.2	-100.1	0.8	
-1.7	77.0	-95.2	3.2	
5.7	30.3	-92.7	13.1	
8.2	40.1	-70.6	3.2	
15.5	-1.7	-68.1	-9.1	
5.7	8.2	-31.2	-1.7	
3.2	15.5	10.6	3.2	
5.7	22.9	101.6	0.8	
13.1	35.2	165.6	13.1	
8.2	20.5	239.4	13.1	
8.2	45.1	224.6	5.7	
10.6	62.3	168.1	5.7	
3.2	67.2	234.5	-4.1	
5.7	52.4	192.7	-1.7	
-4.1	72.1	13.1	8.2	
-4.1	104.1	-164.0	5.7	
-1.7	67.2	-264.9	20.5	
3.2	40.1	-245.2	10.6	
25.4	15.5	-240.3	15.5	
25.4	27.8	-208.3	18.0	
18.0	40.1	-154.2	5.7	
20.5	-4.1	-134.5	-16.4	
0.8	-1.7	-144.4	8.2	
8.2	22.9	-156.7	20.5	
5.7	10.6	-129.6	8.2	
22.9	10.6	-48.4	-9.1	
18.0	10.6	74.6	5.7	
32.8	57.4	121.3	13.1	
37.7	-23.8	150.8	5.7	
35.2	8.2	173.0	3.2	
22.9	13.1	190.2	-1.7	
22.9	47.5	168.1	-14.0	
20.5	45.1	197.6	-4.1	
27.8	30.3	281.2	0.8	
35.2	52.4	266.5	-1.7	
10.6	54.9	207.4	-9.1	
3.2	52.4	96.7	-14.0	
-21.4	-6.6	-77.9	-11.5	
-33.7	27.8	-159.1	0.8	
-31.2	45.1	-196.0	0.8	
-33.7	-4.1	-228.0	8.2	
-23.8	10.6	-304.3	8.2	
-28.7	-4.1	-200.9	-28.7	
-21.4	-1.7	-97.6	-41.0	
-11.5	-26.3	-58.3	22.9	
-18.9	-23.8	-26.3	30.3	
-14.0	30.3	52.4	13.1	
-4.1	27.8	111.5	5.7	
8.2	42.6	155.8	13.1	
10.6	37.7	111.5	18.0	
3.2	328.0	-6.6	35.2	
-9.1	182.8	-112.4	30.3	
-4.1	217.3	-220.6	13.1	
-6.6	74.6	-178.8	0.8	
-11.5	30.3	-149.3	5.7	
-11.5	-173.9	-100.1	0.8	
0.8	57.4	-97.6	30.3	
-1.7	264.0	-109.9	3.2	
-6.6	-85.3	-21.4	3.2	
-4.1	-255.1	0.8	-6.6	
13.1	133.6	5.7	13.1	
13.1	-218.2	13.1	22.9	
18.0	-55.8	32.8	20.5	
18.0	-139.4	30.3	18.0	
13.1	-43.5	8.2	25.4	
-6.6	-50.9	13.1	22.9	
10.6	-9.1	-26.3	13.1	
0.8	-4.1	-16.4	5.7	
0.8	8.2	-43.5	10.6	
-1.7	25.4	-60.7	5.7	
8.2	32.8	-23.8	-6.6	
0.8	32.8	-33.7	10.6	
5.7	35.2	-85.3	-4.1	
3.2	47.5	-105.0	27.8	
3.2	77.0	-46.0	8.2	
8.2	62.3	-4.1	-9.1	
3.2	32.8	67.2	0.8	
5.7	5.7	10.6	-4.1	
5.7	13.1	-1.7	-1.7	
5.7	10.6	-11.5	-11.5	
5.7	-1.7	-55.8	-16.4	
-4.1	10.6	-134.5	3.2	
5.7	10.6	-82.9	20.5	
15.5	22.9	-33.7	25.4	
15.5	8.2	-4.1	18.0	
8.2	-31.2	25.4	-1.7	
3.2	15.5	86.9	8.2	
13.1	22.9	175.4	5.7	
25.4	30.3	190.2	5.7	
22.9	40.1	175.4	0.8	
22.9	25.4	126.2	8.2	
13.1	35.2	52.4	5.7	
5.7	45.1	32.8	10.6	
-11.5	59.8	-1.7	8.2	
-6.6	45.1	-97.6	10.6	
-14.0	72.1	-171.4	-1.7	
-1.7	62.3	-109.9	5.7	
-4.1	25.4	-33.7	0.8	
22.9	-11.5	-1.7	13.1	
27.8	42.6	3.2	20.5	
20.5	54.9	69.7	18.0	
27.8	-18.9	82.0	8.2	
27.8	5.7	74.6	13.1	
5.7	-11.5	113.9	10.6	
10.6	3.2	69.7	5.7	
10.6	25.4	-16.4	8.2	
8.2	-1.7	-95.2	5.7	
3.2	-1.7	-137.0	3.2	
-6.6	42.6	-183.7	5.7	
5.7	52.4	-228.0	-14.0	
-4.1	15.5	-154.2	15.5	
20.5	20.5	-58.3	0.8	
18.0	84.4	8.2	-1.7	
25.4	37.7	20.5	5.7	
25.4	69.7	45.1	5.7	
20.5	69.7	50.0	5.7	
27.8	35.2	62.3	-14.0	
25.4	37.7	-4.1	-1.7	
10.6	27.8	-53.3	10.6	
22.9	18.0	-80.4	-1.7	
15.5	10.6	-139.4	3.2	
0.8	18.0	-80.4	0.8	
13.1	35.2	-58.3	0.8	
25.4	18.0	-33.7	0.8	
35.2	-1.7	47.5	10.6	
27.8	-16.4	45.1	-4.1	
27.8	18.0	25.4	3.2	
13.1	8.2	25.4	-6.6	
8.2	18.0	89.3	22.9	
8.2	50.0	86.9	30.3	
-4.1	50.0	67.2	15.5	
3.2	101.6	79.5	10.6	
3.2	35.2	82.0	3.2	
5.7	59.8	64.7	35.2	
-9.1	79.5	25.4	15.5	
5.7	57.4	22.9	13.1	
13.1	20.5	37.7	15.5	
13.1	35.2	13.1	22.9	
3.2	25.4	-11.5	22.9	
0.8	37.7	-21.4	30.3	
8.2	40.1	35.2	18.0	
35.2	8.2	37.7	15.5	
22.9	35.2	40.1	0.8	
10.6	32.8	47.5	15.5	
10.6	-9.1	67.2	5.7	
3.2	-33.7	141.0	3.2	
-1.7	18.0	165.6	15.5	
8.2	22.9	136.1	-1.7	
18.0	69.7	109.0	-4.1	
18.0	20.5	64.7	10.6	
20.5	-9.1	35.2	5.7	
22.9	160.7	-68.1	-6.6	
5.7	-77.9	-220.6	0.8	
5.7	84.4	-252.6	13.1	
-9.1	281.2	-203.4	-6.6	
-11.5	131.2	-154.2	-6.6	
-1.7	-65.6	-112.4	10.6	
-21.4	-114.8	-146.8	10.6	
-14.0	-146.8	-43.5	8.2	
-6.6	118.9	57.4	-1.7	
-4.1	-58.3	118.9	-14.0	
0.8	-21.4	133.6	18.0	
15.5	-188.6	141.0	10.6	
25.4	-176.3	113.9	15.5	
22.9	-33.7	99.2	18.0	
15.5	-9.1	91.8	5.7	
25.4	27.8	89.3	3.2	
10.6	32.8	86.9	22.9	
8.2	45.1	32.8	25.4	
-1.7	27.8	-21.4	27.8	
-6.6	13.1	-75.5	27.8	
0.8	20.5	-164.0	15.5	
13.1	42.6	-181.3	30.3	
13.1	62.3	-173.9	22.9	
15.5	54.9	-164.0	10.6	
20.5	67.2	-169.0	-6.6	
8.2	45.1	-109.9	3.2	
0.8	32.8	-4.1	10.6	
5.7	30.3	40.1	5.7	
-1.7	40.1	0.8	8.2	
-14.0	25.4	54.9	10.6	
15.5	20.5	141.0	-23.8	
20.5	40.1	219.7	0.8	
8.2	32.8	241.9	-1.7	
3.2	-9.1	192.7	5.7	
5.7	15.5	101.6	20.5	
18.0	35.2	45.1	0.8	
40.1	13.1	64.7	0.8	
20.5	27.8	47.5	-6.6	
25.4	96.7	40.1	-4.1	
35.2	35.2	-4.1	-11.5	
18.0	62.3	-11.5	-14.0	
15.5	59.8	-18.9	-4.1	
3.2	47.5	-87.8	-1.7	
3.2	72.1	-53.3	-9.1	
18.0	72.1	15.5	0.8	
10.6	104.1	13.1	-6.6	
20.5	50.0	-16.4	8.2	
8.2	18.0	-82.9	-6.6	
15.5	52.4	-102.5	-11.5	
10.6	69.7	-82.9	-1.7	
0.8	35.2	-28.7	-11.5	
-1.7	22.9	-9.1	-9.1	
-1.7	22.9	99.2	-11.5	
3.2	18.0	153.3	-1.7	
-1.7	10.6	153.3	-1.7	
0.8	25.4	62.3	-4.1	
-1.7	-9.1	35.2	13.1	
3.2	50.0	-33.7	18.0	
5.7	35.2	-31.2	22.9	
3.2	8.2	-50.9	22.9	
10.6	59.8	-63.2	13.1	
22.9	40.1	-127.1	20.5	
18.0	35.2	-166.5	13.1	
25.4	67.2	-164.0	13.1	
30.3	67.2	-159.1	0.8	
22.9	47.5	-36.1	-4.1	
27.8	50.0	91.8	8.2	
10.6	42.6	67.2	-4.1	
-6.6	50.0	54.9	-9.1	
-6.6	5.7	32.8	-16.4	
-6.6	-1.7	30.3	-14.0	
-21.4	0.8	45.1	37.7	
-6.6	35.2	37.7	18.0	
-14.0	-26.3	20.5	25.4	
-11.5	-46.0	27.8	8.2	
-1.7	-11.5	20.5	-1.7	
-9.1	37.7	10.6	-26.3	
-1.7	42.6	52.4	8.2	
8.2	32.8	40.1	13.1	
18.0	-4.1	77.0	-1.7	
13.1	57.4	104.1	-14.0	
8.2	42.6	45.1	-6.6	
-1.7	50.0	-36.1	13.1	
-16.4	13.1	-31.2	32.8	
-9.1	47.5	57.4	-9.1	
-26.3	52.4	42.6	-6.6	
-21.4	54.9	-26.3	0.8	
-11.5	37.7	-58.3	20.5	
5.7	15.5	-48.4	18.0	
8.2	-9.1	-149.3	30.3	
18.0	45.1	-198.5	22.9	
32.8	25.4	-92.7	42.6	
27.8	35.2	-14.0	20.5	
15.5	-41.0	-53.3	13.1	
18.0	-28.7	-75.5	30.3	
22.9	-36.1	-38.6	20.5	
27.8	37.7	-31.2	22.9	
32.8	8.2	-21.4	15.5	
20.5	27.8	-46.0	10.6	
20.5	67.2	-23.8	-6.6	
3.2	64.7	3.2	0.8	
8.2	128.7	45.1	15.5	
-1.7	-68.1	50.0	25.4	
5.7	-55.8	40.1	22.9	
3.2	40.1	133.6	10.6	
5.7	138.5	143.5	3.2	
18.0	-166.5	111.5	18.0	
10.6	-31.2	94.3	15.5	
-6.6	-159.1	67.2	13.1	
10.6	27.8	47.5	18.0	
13.1	-21.4	64.7	20.5	
27.8	-213.2	67.2	13.1	
22.9	-70.6	74.6	22.9	
15.5	37.7	64.7	22.9	
5.7	8.2	10.6	13.1	
-1.7	15.5	8.2	18.0	
3.2	22.9	-18.9	18.0	
0.8	45.1	-28.7	-1.7	
15.5	15.5	-4.1	5.7	
13.1	40.1	30.3	10.6	
22.9	59.8	22.9	32.8	
25.4	22.9	-9.1	45.1	
15.5	50.0	-65.6	27.8	
15.5	72.1	-100.1	20.5	
10.6	64.7	-97.6	-1.7	
5.7	27.8	-70.6	30.3	
-9.1	42.6	-65.6	47.5	
-1.7	59.8	-102.5	40.1	
-6.6	22.9	-122.2	22.9	
-4.1	5.7	-146.8	8.2	
-1.7	37.7	-109.9	-4.1	
18.0	-1.7	-60.7	-14.0	
18.0	15.5	5.7	13.1	
15.5	5.7	15.5	3.2	
15.5	3.2	37.7	-4.1	
15.5	3.2	89.3	-11.5	
30.3	8.2	126.2	13.1	
15.5	25.4	101.6	10.6	
18.0	10.6	101.6	3.2	
10.6	45.1	57.4	8.2	
18.0	82.0	22.9	8.2	
30.3	74.6	-65.6	10.6	
40.1	77.0	-55.8	-1.7	
37.7	77.0	-16.4	-1.7	
20.5	74.6	-26.3	5.7	
20.5	27.8	-50.9	20.5	
18.0	69.7	-14.0	18.0	
3.2	77.0	-9.1	8.2	
0.8	25.4	54.9	-1.7	
15.5	40.1	113.9	-9.1	
32.8	5.7	165.6	-1.7	
25.4	10.6	241.9	0.8	
18.0	22.9	268.9	0.8	
30.3	15.5	227.1	-9.1	
3.2	32.8	180.4	3.2	
8.2	8.2	165.6	0.8	
22.9	15.5	67.2	8.2	
18.0	32.8	-41.0	3.2	
27.8	22.9	-171.4	0.8	
15.5	57.4	-208.3	0.8	
25.4	54.9	-186.2	-4.1	
15.5	27.8	-137.0	13.1	
3.2	40.1	-100.1	13.1	
-4.1	47.5	-9.1	13.1	
-1.7	67.2	47.5	20.5	
20.5	37.7	79.5	18.0	
10.6	89.3	104.1	20.5	
20.5	32.8	227.1	15.5	
25.4	5.7	170.5	5.7	
15.5	15.5	50.0	-6.6	
15.5	32.8	30.3	20.5	
22.9	18.0	-21.4	22.9	
18.0	20.5	-90.2	8.2	
25.4	5.7	-53.3	0.8	
22.9	8.2	-200.9	5.7	
22.9	-41.0	-306.7	18.0	
13.1	0.8	-274.7	13.1	
5.7	37.7	-203.4	25.4	
-1.7	54.9	-77.9	25.4	
-1.7	42.6	-6.6	25.4	
-4.1	15.5	94.3	8.2	
-1.7	50.0	148.4	10.6	
-4.1	13.1	121.3	-1.7	
-4.1	27.8	59.8	5.7	
-14.0	57.4	82.0	8.2	
-11.5	45.1	35.2	8.2	
0.8	40.1	40.1	15.5	
-9.1	45.1	62.3	8.2	
-14.0	10.6	91.8	-9.1	
-9.1	3.2	82.0	13.1	
-11.5	15.5	10.6	5.7	
-9.1	35.2	-43.5	8.2	
-4.1	-9.1	-53.3	8.2	
0.8	10.6	62.3	-18.9	
-9.1	-1.7	190.2	-18.9	
-14.0	-4.1	158.2	3.2	
15.5	-11.5	91.8	0.8	
22.9	22.9	-6.6	15.5	
22.9	54.9	-60.7	25.4	
3.2	-223.1	-124.7	18.0	
-1.7	175.4	-124.7	18.0	
-1.7	86.9	-186.2	22.9	
-6.6	-6.6	-208.3	32.8	
3.2	-9.1	-178.8	22.9	
3.2	268.9	-107.5	20.5	
8.2	116.4	-11.5	15.5	
18.0	86.9	35.2	22.9	
18.0	-80.4	42.6	5.7	
30.3	160.7	69.7	0.8	
25.4	148.4	72.1	0.8	
18.0	-46.0	104.1	-11.5	
8.2	-102.5	3.2	-4.1	
0.8	-156.7	-109.9	0.8	
10.6	25.4	-75.5	13.1	
0.8	5.7	-6.6	13.1	
5.7	40.1	37.7	3.2	
15.5	8.2	37.7	0.8	
27.8	54.9	42.6	15.5	
20.5	10.6	106.6	5.7	
18.0	47.5	89.3	0.8	
5.7	59.8	82.0	5.7	
-4.1	37.7	89.3	13.1	
5.7	52.4	104.1	5.7	
18.0	99.2	62.3	8.2	
15.5	37.7	89.3	0.8	
20.5	50.0	72.1	3.2	
10.6	-6.6	27.8	3.2	
5.7	59.8	8.2	20.5	
3.2	62.3	-50.9	25.4	
10.6	52.4	-80.4	3.2	
5.7	32.8	-87.8	-18.9	
0.8	27.8	-141.9	-18.9	
20.5	37.7	-166.5	-4.1	
35.2	10.6	-109.9	-9.1	
40.1	13.1	-60.7	3.2	
30.3	32.8	25.4	42.6	
13.1	37.7	37.7	5.7	
8.2	3.2	35.2	-23.8	
-11.5	27.8	62.3	-9.1	
-14.0	45.1	50.0	20.5	
-21.4	59.8	37.7	3.2	
-28.7	59.8	96.7	10.6	
-36.1	37.7	72.1	3.2	
-11.5	62.3	72.1	5.7	
3.2	59.8	118.9	0.8	
-1.7	45.1	145.9	-4.1	
22.9	32.8	165.6	-1.7	
22.9	37.7	57.4	-1.7	
-4.1	20.5	-63.2	3.2	
-14.0	40.1	-105.0	8.2	
13.1	-1.7	-203.4	-9.1	
13.1	15.5	-181.3	-1.7	
5.7	13.1	-55.8	15.5	
5.7	-18.9	-14.0	27.8	
5.7	8.2	-21.4	20.5	
-1.7	-14.0	-46.0	18.0	
0.8	45.1	-53.3	15.5	
32.8	35.2	-1.7	22.9	
25.4	45.1	42.6	30.3	
27.8	37.7	15.5	0.8	
22.9	42.6	-46.0	8.2	
30.3	45.1	-63.2	5.7	
13.1	54.9	-16.4	20.5	
5.7	86.9	8.2	20.5	
3.2	57.4	72.1	10.6	
-9.1	52.4	116.4	8.2	
8.2	37.7	148.4	0.8	
0.8	52.4	205.0	8.2	
-11.5	40.1	180.4	15.5	
-1.7	62.3	141.0	18.0	
-18.9	18.0	52.4	0.8	
-1.7	20.5	22.9	5.7	
-11.5	20.5	-9.1	3.2	
-6.6	-1.7	-28.7	0.8	
5.7	-1.7	-41.0	-6.6	
8.2	-36.1	-48.4	-28.7	
3.2	10.6	-80.4	-18.9	
8.2	3.2	-97.6	0.8	
13.1	27.8	-102.5	8.2	
15.5	62.3	-100.1	8.2	
13.1	10.6	-92.7	10.6	
10.6	35.2	-38.6	13.1	
-4.1	37.7	-41.0	15.5	
5.7	45.1	10.6	27.8	
10.6	64.7	50.0	18.0	
10.6	42.6	91.8	15.5	
5.7	27.8	109.0	27.8	
18.0	22.9	57.4	42.6	
30.3	25.4	32.8	22.9	
22.9	40.1	32.8	0.8	
13.1	3.2	3.2	-28.7	
22.9	25.4	-68.1	-9.1	
13.1	5.7	-85.3	25.4	
13.1	22.9	-28.7	37.7	
18.0	5.7	45.1	10.6	
13.1	3.2	116.4	10.6	
-1.7	20.5	113.9	3.2	
5.7	32.8	77.0	5.7	
8.2	-1.7	5.7	5.7	
8.2	-161.6	-1.7	3.2	
25.4	143.5	-16.4	8.2	
22.9	158.2	18.0	20.5	
35.2	-60.7	113.9	8.2	
30.3	-68.1	128.7	-21.4	
15.5	160.7	67.2	-4.1	
15.5	113.9	-23.8	25.4	
15.5	106.6	-77.9	40.1	
22.9	-4.1	-65.6	25.4	
18.0	59.8	-55.8	22.9	
10.6	214.8	-95.2	10.6	
18.0	13.1	-21.4	-6.6	
25.4	20.5	0.8	0.8	
13.1	-102.5	45.1	10.6	
10.6	18.0	94.3	18.0	
5.7	32.8	177.9	25.4	
0.8	30.3	180.4	30.3	
18.0	13.1	182.8	13.1	
45.1	50.0	86.9	8.2	
35.2	25.4	5.7	18.0	
20.5	35.2	-87.8	10.6	
10.6	45.1	-134.5	-4.1	
10.6	106.6	-146.8	8.2	
5.7	77.0	-141.9	8.2	
-6.6	94.3	-178.8	15.5	
-1.7	35.2	-122.2	35.2	
0.8	42.6	-53.3	10.6	
18.0	30.3	-85.3	25.4	
37.7	22.9	-60.7	27.8	
54.9	18.0	-9.1	13.1	
42.6	35.2	54.9	10.6	
22.9	0.8	42.6	-21.4	
22.9	32.8	-16.4	0.8	
15.5	27.8	-6.6	0.8	
5.7	22.9	-4.1	8.2	
5.7	-11.5	37.7	8.2	
0.8	3.2	96.7	-1.7	
-1.7	22.9	47.5	-4.1	
3.2	20.5	-70.6	0.8	
-6.6	54.9	-132.1	3.2	
-14.0	15.5	-58.3	-9.1	
-6.6	64.7	10.6	-4.1	
-1.7	0.8	82.0	-18.9	
-6.6	52.4	82.0	-11.5	
-1.7	69.7	27.8	25.4	
0.8	77.0	-31.2	18.0	
13.1	59.8	-58.3	15.5	
22.9	47.5	-75.5	15.5	
5.7	67.2	-28.7	8.2	
13.1	22.9	52.4	-11.5	
18.0	62.3	121.3	-6.6	
15.5	15.5	99.2	-1.7	
40.1	13.1	94.3	15.5	
20.5	27.8	109.0	15.5	
15.5	50.0	96.7	10.6	
15.5	13.1	128.7	-1.7	
20.5	-26.3	177.9	-6.6	
8.2	15.5	133.6	15.5	
3.2	47.5	-87.8	32.8	
13.1	27.8	-287.0	3.2	
22.9	72.1	-257.5	20.5	
27.8	64.7	-228.0	-1.7	
25.4	52.4	-274.7	-4.1	
35.2	3.2	-316.6	15.5	
20.5	72.1	-269.8	15.5	
22.9	52.4	-146.8	20.5	
18.0	67.2	-92.7	15.5	
15.5	22.9	30.3	13.1	
20.5	10.6	190.2	13.1	
8.2	10.6	222.2	-1.7	
3.2	5.7	256.6	5.7	
8.2	32.8	283.7	-9.1	
8.2	30.3	222.2	8.2	
5.7	5.7	182.8	13.1	
3.2	-4.1	86.9	5.7	
-4.1	5.7	72.1	-4.1	
0.8	-21.4	32.8	-4.1	
-9.1	8.2	27.8	5.7	
-4.1	13.1	-9.1	10.6	
5.7	42.6	-38.6	8.2	
10.6	45.1	-38.6	8.2	
13.1	42.6	5.7	25.4	
22.9	42.6	109.0	32.8	
30.3	67.2	160.7	25.4	
10.6	59.8	177.9	18.0	
10.6	96.7	145.9	20.5	
27.8	20.5	96.7	8.2	
45.1	47.5	-9.1	-1.7	
47.5	45.1	-112.4	5.7	
45.1	74.6	-196.0	-1.7	
40.1	15.5	-353.5	13.1	
45.1	20.5	-422.3	8.2	
30.3	-9.1	-200.9	13.1	
32.8	-9.1	-77.9	0.8	
25.4	-4.1	18.0	10.6	
22.9	-23.8	94.3	18.0	
30.3	-11.5	91.8	30.3	
30.3	10.6	67.2	8.2	
25.4	27.8	0.8	18.0	
27.8	67.2	-28.7	20.5	
35.2	-481.4	13.1	8.2	
25.4	27.8	62.3	18.0	
22.9	-100.1	96.7	18.0	
30.3	27.8	192.7	-1.7	
27.8	138.5	175.4	-11.5	
10.6	141.0	143.5	-11.5	
18.0	202.5	126.2	13.1	
22.9	109.0	116.4	42.6	
20.5	190.2	72.1	40.1	
22.9	246.8	67.2	40.1	
32.8	118.9	30.3	10.6	
30.3	8.2	-11.5	5.7	
40.1	-23.8	64.7	8.2	
40.1	-97.6	91.8	20.5	
22.9	5.7	22.9	3.2	
25.4	-16.4	-58.3	-1.7	
30.3	35.2	-82.9	18.0	
25.4	54.9	-77.9	8.2	
18.0	59.8	35.2	0.8	
30.3	20.5	109.0	22.9	
20.5	47.5	101.6	10.6	
13.1	50.0	40.1	18.0	
5.7	57.4	-4.1	30.3	
-14.0	64.7	3.2	27.8	
-4.1	64.7	25.4	13.1	
-9.1	89.3	91.8	0.8	
-6.6	96.7	74.6	-18.9	
-1.7	54.9	62.3	-14.0	
3.2	99.2	32.8	-9.1	
3.2	79.5	3.2	-4.1	
8.2	69.7	5.7	-9.1	
-1.7	25.4	40.1	-6.6	
3.2	30.3	101.6	-1.7	
-6.6	35.2	190.2	0.8	
22.9	-38.6	224.6	-11.5	
35.2	10.6	241.9	-1.7	
22.9	-18.9	163.1	22.9	
32.8	25.4	67.2	37.7	
25.4	57.4	-23.8	25.4	
18.0	47.5	-107.5	-4.1	
-4.1	35.2	-137.0	0.8	
-4.1	32.8	-70.6	13.1	
-9.1	54.9	-92.7	22.9	
-1.7	40.1	-112.4	35.2	
5.7	86.9	-102.5	37.7	
-1.7	96.7	-95.2	35.2	
3.2	32.8	-90.2	42.6	
25.4	59.8	-154.2	40.1	
15.5	52.4	-122.2	42.6	
10.6	54.9	10.6	37.7	
18.0	25.4	15.5	20.5	
15.5	18.0	5.7	20.5	
-1.7	22.9	5.7	15.5	
5.7	22.9	64.7	15.5	
3.2	-4.1	104.1	13.1	
10.6	-6.6	123.8	8.2	
3.2	15.5	197.6	0.8	
3.2	25.4	148.4	-4.1	
15.5	27.8	52.4	3.2	
5.7	32.8	22.9	-9.1	
13.1	54.9	-43.5	-6.6	
18.0	40.1	-139.4	-11.5	
22.9	101.6	-90.2	0.8	
13.1	27.8	-36.1	-4.1	
8.2	40.1	45.1	-1.7	
-4.1	67.2	-16.4	-11.5	
18.0	32.8	-33.7	-11.5	
0.8	5.7	-97.6	-16.4	
-1.7	45.1	-50.9	-9.1	
0.8	25.4	-11.5	5.7	
-9.1	25.4	-23.8	5.7	
8.2	35.2	22.9	-1.7	
3.2	5.7	89.3	-6.6	
8.2	8.2	106.6	-1.7	
10.6	-23.8	121.3	-4.1	
18.0	-18.9	180.4	-9.1	
0.8	-11.5	59.8	-6.6	
20.5	-9.1	-36.1	10.6	
13.1	22.9	-68.1	-14.0	
8.2	27.8	-43.5	-4.1	
13.1	22.9	-11.5	10.6	
5.7	35.2	13.1	5.7	
-1.7	37.7	-80.4	-1.7	
18.0	57.4	-146.8	-6.6	
10.6	72.1	-85.3	10.6	
20.5	37.7	-9.1	22.9	
35.2	59.8	-9.1	18.0	
32.8	50.0	30.3	15.5	
30.3	10.6	84.4	0.8	
22.9	27.8	111.5	0.8	
30.3	42.6	89.3	8.2	
27.8	-4.1	32.8	15.5	
18.0	-9.1	40.1	-4.1	
10.6	10.6	104.1	0.8	
3.2	-1.7	121.3	20.5	
-4.1	-16.4	35.2	-9.1	
-1.7	-6.6	-87.8	-4.1	
3.2	-6.6	-70.6	5.7	
0.8	8.2	-60.7	-1.7	
8.2	50.0	-58.3	-4.1	
8.2	109.0	-92.7	13.1	
13.1	-100.1	-82.9	30.3	
15.5	116.4	-55.8	5.7	
3.2	64.7	-4.1	13.1	
3.2	-9.1	79.5	20.5	
-4.1	170.5	175.4	13.1	
-6.6	123.8	123.8	25.4	
-1.7	214.8	8.2	15.5	
-6.6	-80.4	-85.3	13.1	
3.2	-282.1	-90.2	-6.6	
8.2	148.4	-129.6	-1.7	
13.1	-1.7	-23.8	-14.0	
15.5	32.8	45.1	-9.1	
13.1	-92.7	-38.6	-6.6	
25.4	0.8	-43.5	18.0	
20.5	-28.7	-43.5	18.0	
8.2	32.8	18.0	18.0	
3.2	13.1	111.5	15.5	
-6.6	-6.6	74.6	15.5	
15.5	35.2	10.6	5.7	
5.7	32.8	5.7	-1.7	
-1.7	52.4	-9.1	5.7	
3.2	45.1	10.6	5.7	
0.8	62.3	42.6	15.5	
3.2	50.0	111.5	25.4	
10.6	27.8	101.6	13.1	
18.0	42.6	106.6	-6.6	
20.5	74.6	72.1	-6.6	
18.0	3.2	74.6	-16.4	
22.9	47.5	47.5	-23.8	
20.5	42.6	10.6	-14.0	
22.9	22.9	-14.0	10.6	
13.1	47.5	-6.6	8.2	
8.2	8.2	-23.8	27.8	
-4.1	-18.9	-33.7	27.8	
-9.1	-14.0	-31.2	18.0	
5.7	37.7	-41.0	25.4	
20.5	10.6	-43.5	25.4	
10.6	20.5	-65.6	0.8	
18.0	13.1	-73.0	-1.7	
18.0	30.3	-92.7	-6.6	
25.4	35.2	-92.7	-6.6	
18.0	32.8	-41.0	40.1	
18.0	42.6	-33.7	52.4	
22.9	79.5	-58.3	22.9	
20.5	57.4	-65.6	-9.1	
25.4	45.1	32.8	5.7	
13.1	27.8	86.9	27.8	
10.6	-6.6	104.1	32.8	
20.5	45.1	79.5	13.1	
22.9	8.2	47.5	13.1	
20.5	-11.5	35.2	25.4	
22.9	8.2	-23.8	25.4	
18.0	35.2	-92.7	22.9	
0.8	-65.6	-41.0	18.0	
5.7	-1.7	30.3	22.9	
-1.7	-4.1	111.5	27.8	
-4.1	3.2	133.6	50.0	
3.2	18.0	94.3	22.9	
13.1	25.4	52.4	27.8	
15.5	57.4	15.5	8.2	
8.2	42.6	-4.1	8.2	
3.2	50.0	-31.2	0.8	
0.8	54.9	-38.6	25.4	
-9.1	64.7	-82.9	27.8	
5.7	59.8	-75.5	8.2	
5.7	3.2	-41.0	0.8	
3.2	72.1	27.8	-9.1	
3.2	54.9	96.7	-1.7	
5.7	35.2	170.5	13.1	
-6.6	40.1	219.7	20.5	
3.2	22.9	222.2	10.6	
-1.7	47.5	264.0	3.2	
-4.1	15.5	249.2	13.1	
-9.1	0.8	118.9	15.5	
-1.7	18.0	-9.1	20.5	
-1.7	18.0	-50.9	15.5	
0.8	-16.4	-63.2	5.7	
13.1	5.7	-60.7	5.7	
25.4	-9.1	3.2	18.0	
5.7	10.6	-63.2	13.1	
-1.7	25.4	-173.9	25.4	
-1.7	5.7	-169.0	15.5	
3.2	45.1	-127.1	27.8	
10.6	50.0	-65.6	22.9	
-6.6	52.4	-21.4	22.9	
-1.7	69.7	-16.4	13.1	
-1.7	45.1	-28.7	18.0	
-1.7	62.3	-68.1	32.8	
5.7	25.4	-92.7	5.7	
3.2	15.5	-102.5	-14.0	
0.8	18.0	-154.2	-21.4	
-4.1	8.2	-95.2	-14.0	
5.7	13.1	25.4	18.0	
-1.7	54.9	116.4	30.3	
8.2	-14.0	106.6	15.5	
-1.7	35.2	128.7	8.2	
3.2	25.4	138.5	5.7	
0.8	40.1	111.5	8.2	
-9.1	47.5	96.7	-14.0	
5.7	69.7	77.0	-4.1	
5.7	-33.7	10.6	18.0	
3.2	-107.5	-33.7	25.4	
18.0	20.5	-68.1	5.7	
30.3	-105.0	-28.7	-16.4	
15.5	165.6	42.6	-4.1	
8.2	-105.0	54.9	22.9	
3.2	-70.6	27.8	8.2	
-4.1	-33.7	20.5	-4.1	
3.2	-4.1	-46.0	0.8	
8.2	-127.1	-85.3	0.8	
8.2	15.5	-154.2	-9.1	
13.1	-82.9	-144.4	13.1	
25.4	-122.2	-154.2	30.3	
15.5	0.8	-70.6	20.5	
0.8	-1.7	-6.6	5.7	
0.8	37.7	91.8	-9.1	
-14.0	22.9	185.3	-11.5	
-6.6	13.1	200.0	25.4	
-9.1	37.7	101.6	8.2	
-14.0	54.9	32.8	0.8	
-18.9	62.3	45.1	3.2	
-1.7	86.9	67.2	0.8	
0.8	18.0	27.8	-1.7	
0.8	59.8	-55.8	10.6	
5.7	40.1	-105.0	15.5	
20.5	15.5	-127.1	25.4	
22.9	37.7	-122.2	8.2	
13.1	42.6	-73.0	-14.0	
8.2	57.4	-21.4	-23.8	
8.2	25.4	25.4	10.6	
5.7	57.4	72.1	30.3	
10.6	32.8	64.7	8.2	
15.5	20.5	40.1	18.0	
8.2	-18.9	57.4	22.9	
5.7	-6.6	116.4	22.9	
5.7	0.8	200.0	22.9	
10.6	5.7	205.0	0.8	
3.2	-9.1	214.8	-1.7	
5.7	35.2	177.9	-6.6	
5.7	25.4	160.7	-6.6	
0.8	40.1	54.9	-9.1	
20.5	30.3	8.2	-21.4	
18.0	59.8	-36.1	-14.0	
18.0	89.3	-109.9	-6.6	
37.7	47.5	-156.7	-6.6	
40.1	37.7	-68.1	8.2	
40.1	32.8	13.1	10.6	
30.3	30.3	-50.9	-11.5	
27.8	-14.0	-122.2	3.2	
18.0	22.9	-102.5	5.7	
5.7	-16.4	-107.5	10.6	
-4.1	13.1	-100.1	13.1	
-4.1	13.1	-151.7	15.5	
-14.0	-1.7	-208.3	-1.7	
0.8	-1.7	-151.7	10.6	
-4.1	54.9	-68.1	5.7	
-6.6	5.7	-80.4	0.8	
-11.5	32.8	27.8	-11.5	
-11.5	8.2	138.5	-9.1	
0.8	5.7	205.0	-11.5	
3.2	47.5	236.9	18.0	
-16.4	35.2	195.1	27.8	
-16.4	47.5	148.4	20.5	
-11.5	47.5	212.3	8.2	
-6.6	18.0	278.8	0.8	
0.8	67.2	99.2	20.5	
15.5	30.3	-11.5	32.8	
20.5	52.4	-151.7	22.9	
20.5	27.8	-169.0	18.0	
10.6	25.4	-154.2	13.1	
10.6	5.7	-203.4	0.8	
-9.1	30.3	-203.4	8.2	
0.8	20.5	-164.0	30.3	
3.2	15.5	-154.2	32.8	
3.2	0.8	-129.6	15.5	
10.6	-16.4	-107.5	5.7	
8.2	-4.1	-36.1	20.5	
15.5	13.1	-11.5	30.3	
15.5	79.5	30.3	37.7	
30.3	54.9	42.6	3.2	
27.8	30.3	30.3	10.6	
25.4	35.2	-16.4	0.8	
27.8	57.4	42.6	-9.1	
27.8	77.0	177.9	-11.5	
27.8	30.3	224.6	-11.5	
3.2	47.5	165.6	8.2	
-1.7	45.1	187.7	3.2	
0.8	47.5	175.4	3.2	
-4.1	18.0	89.3	0.8	
-1.7	13.1	10.6	-6.6	
18.0	20.5	-33.7	-18.9	
20.5	-1.7	-28.7	-21.4	
22.9	10.6	-41.0	8.2	
13.1	-11.5	-85.3	-1.7	
20.5	15.5	-124.7	10.6	
27.8	15.5	-183.7	5.7	
13.1	20.5	-169.0	3.2	
15.5	18.0	-112.4	8.2	
0.8	35.2	-50.9	18.0	
-6.6	173.0	0.8	25.4	
8.2	249.2	-4.1	10.6	
5.7	239.4	-4.1	8.2	
0.8	118.9	-11.5	0.8	
5.7	-43.5	3.2	-1.7	
8.2	244.3	27.8	-9.1	
5.7	-46.0	57.4	-1.7	
8.2	-90.2	40.1	-21.4	
5.7	69.7	30.3	-4.1	
5.7	67.2	42.6	25.4	
18.0	141.0	77.0	18.0	
18.0	-38.6	113.9	8.2	
22.9	109.0	133.6	-16.4	
25.4	-161.6	123.8	15.5	
25.4	27.8	69.7	35.2	
25.4	47.5	-21.4	27.8	
25.4	25.4	-80.4	-9.1	
3.2	32.8	-53.3	-18.9	
0.8	25.4	-31.2	3.2	
0.8	42.6	-50.9	-11.5	
-9.1	57.4	-92.7	-11.5	
-14.0	54.9	-132.1	-16.4	
0.8	42.6	-169.0	-6.6	
-4.1	52.4	-132.1	5.7	
0.8	106.6	-6.6	8.2	
8.2	45.1	74.6	5.7	
3.2	64.7	111.5	-14.0	
-1.7	54.9	101.6	-14.0	
5.7	37.7	111.5	-1.7	
8.2	30.3	104.1	25.4	
5.7	27.8	35.2	42.6	
18.0	35.2	5.7	32.8	
27.8	30.3	-46.0	37.7	
20.5	-23.8	-65.6	35.2	
18.0	15.5	-46.0	18.0	
22.9	3.2	-43.5	-9.1	
32.8	3.2	-50.9	18.0	
37.7	-16.4	10.6	13.1	
37.7	-4.1	30.3	-1.7	
27.8	18.0	-14.0	-4.1	
32.8	57.4	-46.0	5.7	
22.9	50.0	-55.8	8.2	
10.6	35.2	-43.5	-1.7	
22.9	30.3	77.0	8.2	
5.7	54.9	126.2	5.7	
13.1	30.3	104.1	3.2	
22.9	50.0	89.3	0.8	
20.5	30.3	89.3	8.2	
47.5	47.5	35.2	3.2	
22.9	37.7	-1.7	-1.7	
18.0	27.8	-46.0	-4.1	
18.0	35.2	-105.0	0.8	
3.2	-6.6	-166.5	0.8	
-1.7	-1.7	-137.0	8.2	
15.5	-21.4	-50.9	5.7	
27.8	-36.1	74.6	-1.7	
20.5	-11.5	150.8	15.5	
30.3	10.6	160.7	10.6	
30.3	15.5	165.6	0.8	
22.9	72.1	113.9	18.0	
22.9	25.4	37.7	8.2	
27.8	30.3	-43.5	3.2	
15.5	42.6	-154.2	5.7	
15.5	50.0	-149.3	10.6	
10.6	57.4	-156.7	0.8	
5.7	67.2	-141.9	3.2	
3.2	57.4	-68.1	18.0	
-6.6	79.5	-21.4	20.5	
5.7	57.4	20.5	18.0	
5.7	62.3	101.6	30.3	
13.1	30.3	96.7	27.8	
18.0	-6.6	141.0	10.6	
15.5	18.0	224.6	13.1	
20.5	30.3	187.7	18.0	
25.4	-4.1	64.7	27.8	
37.7	25.4	-46.0	25.4	
25.4	8.2	-105.0	27.8	
22.9	13.1	-80.4	18.0	
22.9	-6.6	-23.8	15.5	
22.9	59.8	-50.9	5.7	
18.0	40.1	-77.9	-11.5	
-4.1	37.7	-139.4	-4.1	
-16.4	52.4	-122.2	22.9	
-14.0	47.5	-68.1	5.7	
0.8	96.7	-82.9	-9.1	
8.2	5.7	-65.6	0.8	
3.2	25.4	27.8	27.8	
20.5	69.7	96.7	42.6	
30.3	79.5	84.4	0.8	
10.6	62.3	89.3	-9.1	
32.8	25.4	101.6	-11.5	
27.8	54.9	138.5	0.8	
13.1	32.8	121.3	0.8	
10.6	15.5	84.4	15.5	
-9.1	5.7	67.2	20.5	
-18.9	8.2	0.8	5.7	
-6.6	8.2	-117.3	13.1	
0.8	15.5	-149.3	35.2	
13.1	18.0	-82.9	30.3	
22.9	30.3	-43.5	-18.9	
18.0	3.2	-77.9	-1.7	
25.4	5.7	-60.7	30.3	
25.4	91.8	-16.4	18.0	
18.0	-33.7	10.6	0.8	
27.8	-53.3	-4.1	5.7	
13.1	232.0	-55.8	-11.5	
22.9	150.8	-77.9	8.2	
37.7	-196.0	-46.0	8.2	
35.2	-46.0	22.9	3.2	
25.4	99.2	54.9	8.2	
32.8	-55.8	106.6	22.9	
35.2	47.5	190.2	22.9	
35.2	-230.5	190.2	10.6	
35.2	-119.8	177.9	-9.1	
25.4	-28.7	141.0	-1.7	
8.2	0.8	50.0	-16.4	
18.0	-18.9	-80.4	0.8	
27.8	37.7	-46.0	5.7	
37.7	77.0	25.4	22.9	
22.9	67.2	74.6	25.4	
20.5	-1.7	54.9	27.8	
15.5	77.0	-23.8	37.7	
30.3	57.4	-70.6	32.8	
18.0	47.5	-92.7	20.5	
27.8	79.5	-85.3	0.8	
20.5	42.6	-53.3	-6.6	
32.8	42.6	0.8	-4.1	
37.7	72.1	-43.5	-9.1	
22.9	40.1	8.2	-11.5	
40.1	37.7	15.5	-14.0	
30.3	54.9	22.9	3.2	
30.3	30.3	69.7	5.7	
27.8	5.7	52.4	5.7	
30.3	20.5	50.0	10.6	
18.0	-9.1	47.5	-9.1	
8.2	5.7	15.5	-14.0	
8.2	-21.4	-33.7	-1.7	
-6.6	-16.4	-43.5	-14.0	
0.8	20.5	-1.7	3.2	
3.2	35.2	-9.1	27.8	
10.6	22.9	30.3	30.3	
27.8	40.1	79.5	18.0	
47.5	67.2	32.8	18.0	
35.2	47.5	-14.0	18.0	
30.3	64.7	-48.4	0.8	
35.2	47.5	-127.1	-9.1	
25.4	62.3	-176.3	0.8	
27.8	32.8	-198.5	8.2	
22.9	35.2	-242.8	0.8	
25.4	15.5	-205.9	-21.4	
20.5	20.5	-132.1	0.8	
15.5	20.5	-43.5	10.6	
10.6	-11.5	32.8	20.5	
8.2	-21.4	37.7	18.0	
8.2	-31.2	27.8	27.8	
20.5	18.0	67.2	37.7	
13.1	-14.0	32.8	13.1	
13.1	20.5	37.7	22.9	
5.7	22.9	69.7	5.7	
10.6	35.2	153.3	-1.7	
5.7	25.4	227.1	-9.1	
5.7	18.0	241.9	5.7	
0.8	77.0	160.7	-1.7	
-9.1	62.3	91.8	-11.5	
5.7	67.2	45.1	-6.6	
3.2	50.0	15.5	-11.5	
-1.7	72.1	25.4	-11.5	
5.7	25.4	67.2	-1.7	
-9.1	27.8	32.8	0.8	
3.2	3.2	-11.5	8.2	
10.6	18.0	-11.5	5.7	
-1.7	-14.0	-11.5	-1.7	
0.8	-6.6	50.0	-4.1	
10.6	20.5	54.9	8.2	
13.1	-21.4	10.6	13.1	
13.1	-16.4	-9.1	5.7	
8.2	-36.1	5.7	3.2	
3.2	-11.5	22.9	20.5	
3.2	40.1	47.5	18.0	
3.2	35.2	59.8	15.5	
-9.1	35.2	40.1	18.0	
-1.7	20.5	-18.9	10.6	
13.1	25.4	-16.4	0.8	
13.1	59.8	-1.7	13.1	
18.0	64.7	-9.1	35.2	
27.8	79.5	-63.2	10.6	
20.5	82.0	-53.3	8.2	
15.5	50.0	-38.6	13.1	
10.6	22.9	3.2	15.5	
-16.4	59.8	32.8	5.7	
-16.4	18.0	50.0	0.8	
-14.0	54.9	42.6	22.9	
-4.1	13.1	57.4	20.5	
-9.1	22.9	10.6	20.5	
-1.7	-11.5	-58.3	22.9	
-11.5	-18.9	-43.5	-1.7	
3.2	18.0	-55.8	18.0	
-4.1	-4.1	-97.6	5.7	
-4.1	35.2	-166.5	-1.7	
-11.5	15.5	-257.5	0.8	
-9.1	350.1	-294.4	15.5	
-1.7	150.8	-220.6	25.4	
-9.1	249.2	-109.9	27.8	
-16.4	104.1	-65.6	13.1	
-1.7	-18.9	-48.4	-11.5	
-14.0	101.6	18.0	-9.1	
-16.4	74.6	37.7	-4.1	
-1.7	128.7	22.9	-4.1	
3.2	-196.0	3.2	5.7	
22.9	-183.7	30.3	-4.1	
18.0	89.3	3.2	-11.5	
20.5	-16.4	-53.3	-4.1	
8.2	-319.0	-58.3	13.1	
0.8	-203.4	8.2	25.4	
-9.1	-41.0	35.2	13.1	
5.7	-6.6	18.0	22.9	
18.0	-31.2	35.2	8.2	
25.4	8.2	20.5	18.0	
22.9	27.8	42.6	32.8	
30.3	18.0	40.1	15.5	
20.5	25.4	-11.5	8.2	
10.6	35.2	-31.2	-1.7	
0.8	37.7	-26.3	10.6	
13.1	27.8	-11.5	0.8	
15.5	77.0	-65.6	10.6	
18.0	25.4	-75.5	8.2	
22.9	27.8	-100.1	3.2	
15.5	40.1	-92.7	5.7	
5.7	30.3	-50.9	8.2	
5.7	62.3	40.1	-9.1	
5.7	-1.7	133.6	-14.0	
0.8	45.1	141.0	-6.6	
15.5	20.5	111.5	-1.7	
10.6	-16.4	113.9	5.7	
8.2	-21.4	145.9	-6.6	
10.6	-36.1	170.5	25.4	
22.9	-21.4	175.4	22.9	
25.4	27.8	89.3	22.9	
30.3	22.9	20.5	18.0	
30.3	22.9	-23.8	22.9	
25.4	32.8	-164.0	18.0	
20.5	37.7	-228.0	3.2	
10.6	35.2	-178.8	-23.8	
20.5	64.7	-191.1	-31.2	
25.4	50.0	-250.1	-31.2	
22.9	69.7	-164.0	-14.0	
15.5	47.5	-28.7	18.0	
20.5	27.8	59.8	0.8	
18.0	32.8	57.4	0.8	
18.0	40.1	-6.6	18.0	
20.5	20.5	-33.7	18.0	
15.5	27.8	-53.3	5.7	
22.9	15.5	-46.0	-6.6	
15.5	22.9	-41.0	-9.1	
15.5	-18.9	-73.0	0.8	
30.3	10.6	-109.9	-14.0	
25.4	-1.7	-95.2	5.7	
35.2	3.2	-60.7	5.7	
27.8	30.3	-73.0	8.2	
37.7	32.8	-80.4	5.7	
32.8	52.4	-43.5	3.2	
22.9	40.1	15.5	10.6	
20.5	42.6	15.5	13.1	
10.6	54.9	45.1	8.2	
10.6	59.8	52.4	10.6	
5.7	27.8	79.5	20.5	
3.2	64.7	126.2	15.5	
15.5	62.3	180.4	32.8	
20.5	57.4	236.9	32.8	
10.6	30.3	212.3	25.4	
15.5	32.8	165.6	13.1	
13.1	50.0	94.3	35.2	
3.2	20.5	45.1	20.5	
0.8	25.4	40.1	22.9	
-11.5	-21.4	27.8	18.0	
3.2	-11.5	13.1	15.5	
-4.1	-6.6	-33.7	27.8	
-4.1	20.5	-112.4	15.5	
-1.7	-14.0	-100.1	25.4	
15.5	45.1	-43.5	13.1	
22.9	57.4	15.5	13.1	
25.4	27.8	40.1	8.2	
22.9	45.1	-11.5	-6.6	
20.5	77.0	-43.5	8.2	
15.5	91.8	-92.7	-1.7	
15.5	82.0	-97.6	5.7	
20.5	30.3	-70.6	-6.6	
5.7	22.9	-75.5	-11.5	
5.7	37.7	-26.3	-4.1	
-1.7	45.1	62.3	-9.1	
-9.1	32.8	155.8	-9.1	
-1.7	45.1	136.1	-21.4	
20.5	35.2	64.7	-9.1	
25.4	0.8	30.3	-11.5	
37.7	22.9	8.2	-21.4	
22.9	8.2	-1.7	-6.6	
18.0	25.4	-46.0	-16.4	
22.9	30.3	-105.0	-9.1	
3.2	35.2	-186.2	-4.1	
-11.5	57.4	-139.4	-14.0	
-21.4	8.2	-75.5	-6.6	
-18.9	30.3	-58.3	-4.1	
-28.7	283.7	22.9	-14.0	
-9.1	45.1	138.5	15.5	
8.2	-31.2	217.3	-4.1	
8.2	96.7	209.9	-14.0	
10.6	109.0	212.3	-11.5	
15.5	-63.2	209.9	-23.8	
8.2	-137.0	190.2	-1.7	
-1.7	62.3	136.1	8.2	
13.1	138.5	35.2	30.3	
0.8	-53.3	-21.4	22.9	
8.2	-28.7	-164.0	22.9	
15.5	-124.7	-173.9	20.5	
22.9	30.3	-218.2	27.8	
18.0	5.7	-181.3	10.6	
3.2	-6.6	-117.3	8.2	
5.7	-4.1	-102.5	18.0	
0.8	47.5	-68.1	8.2	
-4.1	25.4	-18.9	8.2	
-1.7	77.0	0.8	5.7	
10.6	52.4	3.2	3.2	
20.5	42.6	-23.8	-1.7	
25.4	22.9	5.7	18.0	
30.3	96.7	42.6	52.4	
27.8	69.7	138.5	37.7	
22.9	42.6	150.8	30.3	
37.7	30.3	180.4	35.2	
32.8	59.8	165.6	27.8	
35.2	67.2	104.1	27.8	
25.4	62.3	69.7	18.0	
8.2	15.5	-18.9	5.7	
5.7	0.8	-112.4	0.8	
3.2	27.8	-105.0	13.1	
-1.7	-16.4	-63.2	59.8	
20.5	5.7	0.8	72.1	
32.8	-11.5	10.6	35.2	
30.3	22.9	-18.9	0.8	
22.9	32.8	22.9	-4.1	
32.8	18.0	20.5	32.8	
22.9	59.8	-4.1	22.9	
27.8	54.9	-23.8	-1.7	
22.9	35.2	-1.7	0.8	
18.0	45.1	47.5	15.5	
10.6	94.3	30.3	22.9	
20.5	74.6	-28.7	15.5	
22.9	79.5	-70.6	3.2	
5.7	25.4	-63.2	-9.1	
10.6	35.2	-73.0	-1.7	
3.2	30.3	-31.2	-4.1	
5.7	32.8	-48.4	0.8	
25.4	5.7	-36.1	-1.7	
18.0	20.5	30.3	-1.7	
22.9	40.1	96.7	-1.7	
27.8	-46.0	96.7	-14.0	
40.1	32.8	104.1	-6.6	
40.1	27.8	101.6	27.8	
32.8	5.7	133.6	15.5	
30.3	37.7	101.6	-1.7	
22.9	64.7	54.9	-14.0	
15.5	42.6	-38.6	8.2	
22.9	50.0	-102.5	3.2	
3.2	47.5	-95.2	5.7	
-14.0	20.5	-92.7	0.8	
0.8	94.3	-38.6	5.7	
20.5	27.8	0.8	-4.1	
13.1	30.3	18.0	3.2	
18.0	50.0	37.7	0.8	
20.5	37.7	47.5	-4.1	
18.0	8.2	32.8	-14.0	
-1.7	15.5	25.4	3.2	
-4.1	62.3	74.6	-9.1	
0.8	-1.7	106.6	5.7	
3.2	22.9	94.3	3.2	
-1.7	-26.3	96.7	-1.7	
22.9	-18.9	109.0	-4.1	
3.2	-6.6	101.6	0.8	
18.0	13.1	59.8	-16.4	
25.4	45.1	22.9	-4.1	
20.5	45.1	-18.9	5.7	
15.5	45.1	-16.4	-6.6	
10.6	42.6	-33.7	-1.7	
25.4	45.1	-63.2	0.8	
35.2	86.9	-28.7	-1.7	
30.3	59.8	-73.0	-9.1	
27.8	67.2	-60.7	-18.9	
22.9	72.1	-31.2	-18.9	
22.9	52.4	-90.2	-4.1	
20.5	37.7	-139.4	-1.7	
15.5	37.7	-164.0	-14.0	
18.0	20.5	-137.0	-21.4	
5.7	-1.7	-141.9	5.7	
-4.1	18.0	-107.5	0.8	
3.2	-11.5	-63.2	-9.1	
10.6	15.5	-92.7	-4.1	
5.7	18.0	-9.1	-14.0	
-9.1	-11.5	64.7	0.8	
-4.1	-6.6	45.1	5.7	
10.6	45.1	40.1	5.7	
8.2	22.9	47.5	-1.7	
-6.6	86.9	54.9	0.8	
15.5	74.6	22.9	10.6	
13.1	202.5	-6.6	-1.7	
18.0	32.8	-9.1	-4.1	
13.1	91.8	-48.4	0.8	
22.9	123.8	-90.2	8.2	
20.5	116.4	-80.4	13.1	
15.5	-176.3	-23.8	25.4	
18.0	-68.1	22.9	13.1	
13.1	-183.7	84.4	30.3	
5.7	-28.7	99.2	13.1	
0.8	20.5	32.8	3.2	
18.0	143.5	32.8	-1.7	
40.1	-137.0	40.1	-6.6	
18.0	-23.8	27.8	-9.1	
25.4	-4.1	-11.5	-11.5	
18.0	22.9	3.2	5.7	
3.2	27.8	47.5	10.6	
-16.4	27.8	59.8	3.2	
-4.1	20.5	57.4	20.5	
-11.5	42.6	123.8	8.2	
8.2	27.8	173.0	10.6	
18.0	96.7	187.7	8.2	
20.5	54.9	163.1	13.1	
5.7	50.0	94.3	10.6	
15.5	37.7	77.0	5.7	
22.9	67.2	72.1	8.2	
15.5	59.8	50.0	3.2	
0.8	30.3	0.8	15.5	
5.7	40.1	-36.1	13.1	
-6.6	25.4	22.9	3.2	
-4.1	22.9	69.7	-1.7	
13.1	-4.1	72.1	5.7	
13.1	27.8	13.1	3.2	
27.8	8.2	35.2	22.9	
32.8	15.5	32.8	15.5	
30.3	30.3	74.6	10.6	
18.0	47.5	0.8	15.5	
25.4	15.5	13.1	3.2	
37.7	57.4	-36.1	8.2	
32.8	15.5	-65.6	-4.1	
45.1	30.3	-95.2	5.7	
25.4	18.0	-176.3	13.1	
18.0	69.7	-257.5	27.8	
10.6	96.7	-240.3	27.8	
-11.5	45.1	-225.5	25.4	
-4.1	59.8	-200.9	22.9	
-6.6	10.6	-82.9	13.1	
-9.1	22.9	45.1	22.9	
-14.0	10.6	141.0	20.5	
-9.1	27.8	131.2	20.5	
-31.2	45.1	138.5	-6.6	
-23.8	-14.0	67.2	-16.4	
-18.9	22.9	96.7	-9.1	
-14.0	-38.6	64.7	-23.8	
-1.7	20.5	67.2	-9.1	
0.8	-4.1	69.7	20.5	
-6.6	-1.7	13.1	10.6	
3.2	22.9	0.8	8.2	
-4.1	8.2	-1.7	25.4	
5.7	35.2	-14.0	8.2	
8.2	37.7	8.2	-6.6	
5.7	57.4	45.1	3.2	
20.5	45.1	-14.0	-1.7	
27.8	94.3	-68.1	-9.1	
32.8	52.4	-109.9	-4.1	
37.7	47.5	-77.9	-18.9	
25.4	45.1	-46.0	3.2	
30.3	54.9	5.7	0.8	
27.8	37.7	-1.7	-4.1	
22.9	27.8	-23.8	-11.5	
22.9	37.7	-9.1	-4.1	
20.5	35.2	40.1	8.2	
0.8	35.2	62.3	10.6	
0.8	-23.8	94.3	5.7	
-9.1	8.2	69.7	8.2	
0.8	5.7	54.9	-9.1	
-1.7	-4.1	5.7	5.7	
-4.1	37.7	-36.1	-23.8	
-4.1	20.5	-63.2	-1.7	
-9.1	25.4	-28.7	10.6	
3.2	8.2	-23.8	-4.1	
20.5	13.1	3.2	18.0	
22.9	32.8	-11.5	27.8	
15.5	101.6	22.9	18.0	
18.0	74.6	113.9	10.6	
40.1	84.4	202.5	3.2	
30.3	3.2	177.9	-1.7	
30.3	32.8	160.7	-11.5	
37.7	13.1	99.2	5.7	
15.5	3.2	45.1	3.2	
3.2	20.5	20.5	13.1	
0.8	25.4	-77.9	8.2	
0.8	18.0	-181.3	-11.5	
15.5	0.8	-186.2	-14.0	
18.0	-11.5	-109.9	-11.5	
25.4	-11.5	-77.9	0.8	
22.9	18.0	-33.7	-9.1	
8.2	74.6	10.6	-6.6	
8.2	20.5	5.7	3.2	
20.5	99.2	-33.7	-23.8	
13.1	89.3	3.2	-9.1	
27.8	101.6	150.8	-11.5	
22.9	-43.5	283.7	-9.1	
5.7	40.1	224.6	5.7	
0.8	109.0	113.9	-1.7	
-9.1	0.8	86.9	-1.7	
15.5	-166.5	42.6	-1.7	
18.0	153.3	-92.7	-4.1	
20.5	47.5	-208.3	5.7	
20.5	101.6	-213.2	18.0	
15.5	-134.5	-262.4	10.6	
25.4	-203.4	-218.2	5.7	
25.4	-129.6	-97.6	0.8	
27.8	-14.0	-68.1	5.7	
22.9	22.9	-95.2	-28.7	
18.0	32.8	-58.3	-1.7	
32.8	32.8	15.5	5.7	
18.0	25.4	45.1	18.0	
22.9	50.0	86.9	5.7	
25.4	20.5	111.5	-14.0	
20.5	54.9	136.1	-6.6	
20.5	15.5	121.3	-4.1	
30.3	57.4	99.2	-4.1	
37.7	52.4	104.1	-14.0	
27.8	62.3	106.6	-4.1	
10.6	57.4	153.3	-14.0	
5.7	45.1	180.4	-18.9	
-6.6	62.3	123.8	-26.3	
-1.7	22.9	72.1	-21.4	
-11.5	52.4	-73.0	0.8	
8.2	37.7	-193.6	5.7	
8.2	5.7	-230.5	3.2	
15.5	15.5	-205.9	25.4	
25.4	-23.8	-154.2	0.8	
8.2	-18.9	-9.1	-18.9	
-1.7	3.2	69.7	-6.6	
18.0	3.2	57.4	-11.5	
8.2	30.3	-4.1	-18.9	
10.6	20.5	25.4	-16.4	
-11.5	54.9	13.1	-14.0	
-6.6	25.4	57.4	-14.0	
-11.5	35.2	121.3	-28.7	
-9.1	77.0	148.4	-23.8	
-11.5	89.3	113.9	-21.4	
3.2	45.1	37.7	-14.0	
8.2	47.5	-16.4	-9.1	
20.5	45.1	-53.3	-21.4	
27.8	45.1	-122.2	-14.0	
27.8	50.0	-73.0	-21.4	
45.1	47.5	-31.2	-18.9	
32.8	22.9	99.2	-33.7	
20.5	47.5	173.0	-16.4	
25.4	45.1	133.6	-14.0	
25.4	10.6	5.7	-6.6	
-1.7	22.9	-33.7	-11.5	
3.2	10.6	-1.7	-11.5	
8.2	35.2	15.5	5.7	
18.0	10.6	-23.8	-1.7	
8.2	20.5	-23.8	-4.1	
3.2	106.6	57.4	-1.7	
18.0	25.4	57.4	13.1	
15.5	42.6	-14.0	8.2	
20.5	50.0	-26.3	-1.7	
13.1	69.7	-36.1	-9.1	
22.9	54.9	-75.5	-6.6	
22.9	50.0	-43.5	-9.1	
20.5	42.6	8.2	-4.1	
-1.7	47.5	-11.5	-4.1	
-4.1	47.5	-23.8	10.6	
-4.1	69.7	-36.1	42.6	
5.7	40.1	-75.5	18.0	
18.0	22.9	-60.7	-18.9	
22.9	35.2	-21.4	-9.1	
3.2	-11.5	15.5	-1.7	
5.7	-9.1	62.3	10.6	
8.2	-14.0	96.7	20.5	
18.0	8.2	89.3	15.5	
18.0	18.0	47.5	10.6	
18.0	40.1	30.3	-1.7	
20.5	25.4	67.2	13.1	
8.2	47.5	62.3	10.6	
25.4	42.6	82.0	-4.1	
22.9	32.8	106.6	-14.0	
13.1	96.7	123.8	-18.9	
30.3	54.9	84.4	-21.4	
10.6	50.0	25.4	-14.0	
10.6	47.5	-23.8	-9.1	
20.5	13.1	-36.1	0.8	
-4.1	47.5	-112.4	10.6	
-6.6	40.1	-114.8	8.2	
3.2	47.5	-80.4	5.7	
-6.6	59.8	-41.0	10.6	
13.1	27.8	-75.5	5.7	
20.5	-11.5	-87.8	8.2	
32.8	-6.6	-95.2	13.1	
32.8	10.6	-31.2	10.6	
37.7	0.8	52.4	-1.7	
32.8	18.0	22.9	-6.6	
22.9	42.6	59.8	-6.6	
22.9	-109.9	40.1	3.2	
27.8	165.6	18.0	22.9	
22.9	57.4	-23.8	20.5	
25.4	-23.8	-68.1	13.1	
13.1	3.2	-68.1	20.5	
15.5	200.0	-58.3	10.6	
5.7	89.3	10.6	3.2	
18.0	59.8	74.6	-4.1	
13.1	5.7	111.5	10.6	
8.2	158.2	106.6	-11.5	
0.8	47.5	72.1	-6.6	
-1.7	40.1	47.5	-9.1	
-6.6	-183.7	27.8	-1.7	
-11.5	-141.9	-6.6	-6.6	
3.2	-9.1	-9.1	18.0	
0.8	-6.6	30.3	30.3	
0.8	18.0	27.8	30.3	
3.2	-18.9	-95.2	3.2	
18.0	47.5	-200.9	-6.6	
18.0	40.1	-252.6	13.1	
3.2	32.8	-188.6	8.2	
0.8	52.4	-105.0	-1.7	
8.2	42.6	-23.8	-18.9	
18.0	3.2	18.0	5.7	
20.5	57.4	54.9	5.7	
5.7	59.8	13.1	18.0	
8.2	67.2	8.2	27.8	
-1.7	37.7	111.5	5.7	
15.5	57.4	251.7	-9.1	
3.2	22.9	298.4	5.7	
13.1	15.5	271.4	5.7	
10.6	45.1	182.8	0.8	
0.8	8.2	62.3	-1.7	
22.9	13.1	-14.0	13.1	
27.8	-4.1	-75.5	8.2	
13.1	-26.3	-139.4	-6.6	
8.2	-21.4	-134.5	-26.3	
8.2	-23.8	-43.5	-16.4	
15.5	0.8	-18.9	-16.4	
5.7	-1.7	-43.5	-11.5	
8.2	32.8	-18.9	-1.7	
8.2	47.5	3.2	-4.1	
-1.7	50.0	52.4	-6.6	
13.1	42.6	106.6	0.8	
-1.7	86.9	116.4	8.2	
3.2	57.4	141.0	8.2	
0.8	20.5	131.2	-4.1	
10.6	27.8	79.5	18.0	
8.2	18.0	72.1	3.2	
15.5	20.5	59.8	0.8	
15.5	18.0	-11.5	5.7	
20.5	37.7	-26.3	18.0	
15.5	30.3	-16.4	8.2	
-4.1	0.8	-21.4	0.8	
-1.7	3.2	-53.3	8.2	
-14.0	27.8	-68.1	3.2	
-6.6	3.2	-9.1	-4.1	
-23.8	-18.9	-14.0	-1.7	
-16.4	40.1	-11.5	-4.1	
-16.4	35.2	13.1	0.8	
-11.5	91.8	32.8	13.1	
-1.7	59.8	47.5	27.8	
5.7	-6.6	5.7	25.4	
18.0	32.8	-26.3	15.5	
15.5	77.0	-21.4	5.7	
15.5	50.0	-14.0	5.7	
22.9	50.0	20.5	-16.4	
13.1	30.3	45.1	-14.0	
20.5	37.7	20.5	-21.4	
13.1	40.1	-46.0	-1.7	
13.1	35.2	-95.2	-16.4	
-1.7	15.5	-178.8	-16.4	
0.8	45.1	-200.9	8.2	
-9.1	32.8	-87.8	8.2	
-6.6	8.2	20.5	-9.1	
-9.1	-14.0	-1.7	5.7	
0.8	-1.7	-28.7	5.7	
-9.1	10.6	-41.0	15.5	
-9.1	18.0	-75.5	10.6	
-9.1	52.4	-65.6	-11.5	
-4.1	62.3	-38.6	-9.1	
5.7	22.9	-14.0	5.7	
3.2	45.1	27.8	13.1	
18.0	67.2	84.4	25.4	
3.2	74.6	74.6	18.0	
3.2	64.7	59.8	18.0	
-1.7	59.8	40.1	10.6	
32.8	42.6	57.4	-6.6	
37.7	42.6	57.4	-4.1	
47.5	8.2	77.0	-1.7	
40.1	27.8	67.2	-1.7	
42.6	22.9	50.0	-4.1	
30.3	8.2	30.3	-18.9	
22.9	-28.7	-1.7	-1.7	
15.5	-18.9	-38.6	8.2	
22.9	-31.2	-9.1	27.8	
25.4	0.8	22.9	37.7	
25.4	27.8	42.6	5.7	
35.2	5.7	30.3	3.2	
37.7	57.4	25.4	-4.1	
27.8	-474.0	72.1	-9.1	
27.8	-73.0	133.6	-6.6	
20.5	62.3	168.1	-9.1	
10.6	50.0	175.4	-16.4	
20.5	57.4	148.4	-4.1	
13.1	345.2	101.6	-9.1	
5.7	219.7	109.0	-14.0	
5.7	-63.2	180.4	-18.9	
10.6	-50.9	175.4	-18.9	
0.8	45.1	104.1	-4.1	
10.6	180.4	84.4	-38.6	
3.2	40.1	96.7	-16.4	
22.9	-4.1	20.5	-9.1	
27.8	-58.3	-28.7	-1.7	
22.9	-14.0	-114.8	15.5	
25.4	32.8	-85.3	22.9	
35.2	69.7	-31.2	0.8	
25.4	57.4	-33.7	5.7	
35.2	82.0	-11.5	-9.1	
25.4	64.7	35.2	5.7	
18.0	99.2	27.8	-6.6	
25.4	79.5	8.2	8.2	
22.9	64.7	-11.5	10.6	
18.0	54.9	-58.3	5.7	
22.9	89.3	-60.7	-6.6	
20.5	59.8	-119.8	3.2	
20.5	47.5	-139.4	3.2	
8.2	50.0	-60.7	13.1	
13.1	20.5	0.8	22.9	
20.5	62.3	50.0	18.0	
25.4	40.1	104.1	18.0	
25.4	20.5	136.1	30.3	
30.3	42.6	141.0	32.8	
30.3	59.8	113.9	5.7	
27.8	-18.9	86.9	13.1	
42.6	-14.0	106.6	18.0	
45.1	-9.1	86.9	18.0	
40.1	42.6	50.0	18.0	
30.3	25.4	-1.7	5.7	
32.8	30.3	-14.0	-1.7	
22.9	72.1	-73.0	8.2	
5.7	82.0	-107.5	10.6	
-4.1	72.1	-73.0	10.6	
-16.4	79.5	-41.0	8.2	
5.7	82.0	-46.0	0.8	
-1.7	57.4	-46.0	-1.7	
-6.6	35.2	-4.1	-11.5	
0.8	52.4	8.2	-16.4	
10.6	20.5	0.8	-6.6	
10.6	64.7	25.4	8.2	
5.7	25.4	15.5	10.6	
8.2	45.1	-26.3	-1.7	
10.6	5.7	-63.2	-4.1	
8.2	20.5	-80.4	-14.0	
15.5	-14.0	-55.8	-16.4	
35.2	-1.7	-1.7	18.0	
32.8	-9.1	84.4	20.5	
37.7	-16.4	136.1	8.2	
27.8	47.5	128.7	-14.0	
30.3	8.2	96.7	0.8	
10.6	35.2	99.2	27.8	
20.5	52.4	123.8	18.0	
10.6	42.6	190.2	8.2	
8.2	30.3	121.3	37.7	
8.2	84.4	84.4	20.5	
-6.6	35.2	59.8	10.6	
-1.7	62.3	-60.7	5.7	
8.2	37.7	-181.3	8.2	
18.0	54.9	-183.7	27.8	
25.4	32.8	-196.0	3.2	
22.9	18.0	-161.6	-11.5	
18.0	32.8	-109.9	-4.1	
30.3	18.0	-23.8	27.8	
32.8	18.0	94.3	18.0	
32.8	-1.7	197.6	18.0	
20.5	3.2	165.6	20.5	
25.4	15.5	111.5	8.2	
13.1	37.7	113.9	13.1	
5.7	37.7	91.8	13.1	
8.2	59.8	8.2	8.2	
5.7	59.8	-36.1	15.5	
13.1	30.3	13.1	5.7	
30.3	30.3	109.0	13.1	
18.0	18.0	91.8	22.9	
18.0	91.8	37.7	15.5	
5.7	30.3	-4.1	0.8	
5.7	52.4	-9.1	5.7	
-4.1	40.1	-38.6	20.5	
3.2	27.8	-82.9	10.6	
5.7	40.1	-114.8	10.6	
0.8	40.1	-149.3	20.5	
-6.6	8.2	-127.1	0.8	
13.1	37.7	-53.3	-1.7	
15.5	45.1	-9.1	-9.1	
8.2	-9.1	15.5	-11.5	
5.7	-16.4	69.7	3.2	
10.6	-16.4	89.3	10.6	
10.6	27.8	59.8	3.2	
-4.1	27.8	57.4	0.8	
-6.6	32.8	40.1	-4.1	
8.2	84.4	-9.1	-1.7	
-9.1	10.6	-14.0	13.1	
-16.4	72.1	-41.0	20.5	
-6.6	-26.3	-53.3	18.0	
-21.4	-9.1	-23.8	13.1	
5.7	99.2	8.2	3.2	
5.7	79.5	74.6	-1.7	
13.1	10.6	109.0	-4.1	
22.9	-1.7	62.3	27.8	
20.5	141.0	-9.1	40.1	
20.5	10.6	-70.6	10.6	
18.0	15.5	-100.1	0.8	
13.1	-124.7	-127.1	-1.7	
13.1	-159.1	-95.2	18.0	
13.1	-55.8	-90.2	15.5	
10.6	-31.2	-82.9	20.5	
-1.7	0.8	-100.1	-11.5	
13.1	18.0	-97.6	-23.8	
8.2	45.1	-38.6	18.0	
8.2	18.0	59.8	18.0	
15.5	42.6	153.3	-4.1	
15.5	59.8	133.6	-18.9	
10.6	42.6	77.0	10.6	
0.8	25.4	54.9	3.2	
-4.1	96.7	52.4	-11.5	
-18.9	54.9	74.6	-36.1	
-9.1	59.8	72.1	-23.8	
-9.1	18.0	74.6	3.2	
-11.5	40.1	79.5	5.7	
-11.5	42.6	91.8	15.5	
18.0	13.1	64.7	5.7	
15.5	8.2	3.2	10.6	
10.6	8.2	-21.4	22.9	
8.2	10.6	-60.7	8.2	
3.2	-48.4	-77.9	-6.6	
13.1	20.5	-38.6	-18.9	
15.5	47.5	-26.3	18.0	
22.9	45.1	-82.9	30.3	
8.2	35.2	-92.7	27.8	
30.3	32.8	-122.2	25.4	
20.5	45.1	-171.4	22.9	
18.0	25.4	-109.9	27.8	
25.4	15.5	-38.6	32.8	
10.6	27.8	59.8	-4.1	
22.9	82.0	99.2	-16.4	
25.4	35.2	150.8	-11.5	
27.8	50.0	145.9	0.8	
22.9	40.1	84.4	3.2	
13.1	37.7	5.7	-14.0	
15.5	42.6	8.2	-6.6	
20.5	77.0	5.7	-6.6	
10.6	5.7	-14.0	-9.1	
10.6	8.2	15.5	10.6	
35.2	-4.1	10.6	8.2	
25.4	-43.5	-31.2	-9.1	
20.5	-21.4	-43.5	8.2	
22.9	-18.9	-55.8	8.2	
15.5	10.6	-6.6	-6.6	
27.8	5.7	47.5	8.2	
27.8	42.6	111.5	13.1	
27.8	45.1	118.9	10.6	
30.3	54.9	101.6	5.7	
25.4	54.9	118.9	5.7	
13.1	57.4	118.9	-6.6	
5.7	82.0	91.8	-21.4	
-16.4	40.1	82.0	-23.8	
-11.5	40.1	62.3	-1.7	
0.8	69.7	0.8	10.6	
0.8	37.7	-92.7	0.8	
-6.6	37.7	-139.4	-18.9	
3.2	20.5	-171.4	-18.9	
-6.6	10.6	-161.6	-6.6	
-14.0	-23.8	-137.0	8.2	
-1.7	-21.4	-53.3	0.8	
0.8	-11.5	64.7	-18.9	
5.7	-4.1	86.9	-43.5	
15.5	3.2	94.3	-4.1	
18.0	25.4	148.4	5.7	
30.3	20.5	145.9	27.8	
30.3	47.5	121.3	25.4	
27.8	42.6	192.7	47.5	
32.8	27.8	205.0	25.4	
30.3	40.1	148.4	35.2	
13.1	32.8	64.7	0.8	
18.0	50.0	-36.1	-9.1	
18.0	35.2	-129.6	-50.9	
30.3	59.8	-100.1	-55.8	
18.0	35.2	-26.3	-16.4	
8.2	35.2	0.8	5.7	
8.2	45.1	-16.4	5.7	
27.8	3.2	-100.1	20.5	
18.0	13.1	-112.4	40.1	
22.9	37.7	-95.2	27.8	
18.0	8.2	-95.2	37.7	
18.0	-38.6	-92.7	47.5	
18.0	-21.4	-90.2	37.7	
22.9	10.6	-68.1	-14.0	
22.9	-4.1	-82.9	-60.7	
27.8	22.9	-60.7	-31.2	
22.9	40.1	15.5	-9.1	
10.6	5.7	69.7	-46.0	
3.2	143.5	-21.4	-18.9	
22.9	202.5	-41.0	0.8	
8.2	-53.3	20.5	18.0	
8.2	-9.1	42.6	27.8	
-6.6	160.7	79.5	22.9	
-9.1	126.2	128.7	10.6	
0.8	-117.3	82.0	0.8	
-4.1	-58.3	74.6	8.2	
3.2	-151.7	35.2	-1.7	
8.2	79.5	62.3	5.7	
5.7	13.1	13.1	8.2	
5.7	-100.1	59.8	20.5	
20.5	-109.9	59.8	15.5	
20.5	8.2	-1.7	13.1	
32.8	-4.1	-11.5	25.4	
20.5	22.9	-21.4	40.1	
20.5	50.0	-23.8	32.8	
15.5	13.1	-26.3	15.5	
15.5	54.9	-16.4	-11.5	
13.1	64.7	22.9	-38.6	
13.1	82.0	22.9	-31.2	
13.1	47.5	10.6	-11.5	
8.2	32.8	-48.4	-16.4	
8.2	91.8	-63.2	-11.5	
18.0	50.0	-23.8	-4.1	
10.6	42.6	-11.5	25.4	
15.5	20.5	22.9	35.2	
22.9	15.5	133.6	37.7	
10.6	25.4	96.7	35.2	
18.0	40.1	62.3	20.5	
10.6	20.5	82.0	15.5	
5.7	40.1	67.2	10.6	
0.8	18.0	-43.5	-4.1	
-1.7	8.2	-122.2	0.8	
-11.5	-4.1	-75.5	-4.1	
-6.6	-28.7	-203.4	-26.3	
-4.1	42.6	-205.9	-43.5	
-4.1	30.3	-119.8	-14.0	
-4.1	22.9	-11.5	-6.6	
5.7	57.4	-9.1	0.8	
0.8	42.6	15.5	30.3	
27.8	45.1	22.9	50.0	
50.0	30.3	47.5	47.5	
62.3	84.4	54.9	37.7	
50.0	27.8	27.8	27.8	
32.8	59.8	-46.0	10.6	
5.7	20.5	-53.3	-28.7	
18.0	57.4	-21.4	-43.5	
13.1	37.7	67.2	-28.7	
-4.1	27.8	109.0	-21.4	
-1.7	15.5	91.8	-6.6	
-16.4	25.4	-21.4	8.2	
-1.7	-4.1	-80.4	13.1	
5.7	-55.8	-139.4	8.2	
-16.4	-28.7	-114.8	0.8	
-9.1	10.6	-77.9	-1.7	
0.8	3.2	-68.1	10.6	
8.2	-9.1	-58.3	18.0	
27.8	42.6	25.4	42.6	
40.1	27.8	118.9	37.7	
37.7	22.9	123.8	13.1	
30.3	35.2	109.0	-4.1	
25.4	35.2	148.4	0.8	
15.5	96.7	168.1	8.2	
15.5	47.5	190.2	5.7	
18.0	37.7	190.2	3.2	
5.7	69.7	173.0	5.7	
5.7	32.8	160.7	27.8	
18.0	22.9	82.0	25.4	
30.3	22.9	-48.4	5.7	
42.6	-16.4	-95.2	0.8	
22.9	18.0	-80.4	-9.1	
15.5	-6.6	-82.9	18.0	
10.6	-11.5	-65.6	35.2	
5.7	0.8	-23.8	0.8	
18.0	-4.1	-31.2	-11.5	
5.7	-18.9	-53.3	22.9	
10.6	27.8	-149.3	20.5	
15.5	25.4	-132.1	20.5	
20.5	64.7	-75.5	30.3	
27.8	47.5	13.1	20.5	
13.1	40.1	79.5	5.7	
8.2	64.7	82.0	-16.4	
5.7	118.9	82.0	-16.4	
15.5	37.7	84.4	-1.7	
10.6	64.7	104.1	5.7	
13.1	18.0	131.2	0.8	
15.5	3.2	86.9	18.0	
13.1	40.1	54.9	5.7	
10.6	27.8	20.5	15.5	
13.1	40.1	-26.3	0.8	
20.5	20.5	-119.8	-1.7	
27.8	-9.1	-191.1	-9.1	
15.5	-31.2	-169.0	-1.7	
15.5	-6.6	-21.4	15.5	
20.5	0.8	35.2	3.2	
10.6	5.7	32.8	8.2	
18.0	52.4	3.2	5.7	
25.4	20.5	47.5	5.7	
8.2	-46.0	94.3	5.7	
22.9	293.5	59.8	5.7	
15.5	197.6	-102.5	-4.1	
8.2	-14.0	-230.5	-18.9	
8.2	89.3	-262.4	22.9	
13.1	150.8	-252.6	32.8	
10.6	131.2	-205.9	5.7	
0.8	-55.8	-112.4	0.8	
3.2	-38.6	32.8	10.6	
13.1	99.2	113.9	25.4	
13.1	57.4	99.2	35.2	
25.4	62.3	82.0	27.8	
18.0	-127.1	82.0	20.5	
18.0	-129.6	136.1	18.0	
22.9	-41.0	217.3	20.5	
8.2	-1.7	209.9	18.0	
-4.1	-14.0	111.5	15.5	
3.2	22.9	8.2	0.8	
8.2	37.7	-82.9	8.2	
3.2	20.5	-60.7	0.8	
-9.1	62.3	-31.2	-1.7	
-9.1	64.7	40.1	3.2	
-14.0	64.7	111.5	-4.1	
5.7	45.1	138.5	-14.0	
3.2	109.0	160.7	5.7	
20.5	52.4	126.2	5.7	
8.2	47.5	40.1	3.2	
10.6	77.0	-41.0	5.7	
10.6	52.4	-82.9	13.1	
20.5	30.3	-132.1	10.6	
27.8	18.0	-228.0	-6.6	
15.5	37.7	-186.2	-6.6	
25.4	5.7	-119.8	-14.0	
27.8	13.1	-65.6	-14.0	
27.8	-16.4	-28.7	-11.5	
25.4	5.7	42.6	8.2	
22.9	20.5	138.5	-6.6	
22.9	40.1	219.7	-18.9	
32.8	30.3	222.2	0.8	
22.9	32.8	185.3	18.0	
35.2	32.8	86.9	10.6	
25.4	40.1	8.2	-1.7	
18.0	32.8	-38.6	20.5	
18.0	18.0	-63.2	27.8	
20.5	82.0	-46.0	25.4	
20.5	45.1	30.3	20.5	
32.8	77.0	67.2	25.4	
18.0	25.4	74.6	13.1	
15.5	50.0	37.7	-4.1	
25.4	27.8	-26.3	-6.6	
10.6	15.5	-92.7	20.5	
10.6	52.4	-87.8	10.6	
5.7	10.6	-4.1	0.8	
5.7	27.8	54.9	8.2	
5.7	-36.1	-4.1	5.7	
-1.7	18.0	-73.0	13.1	
0.8	35.2	-75.5	-4.1	
0.8	-4.1	-9.1	-14.0	
0.8	22.9	50.0	8.2	
15.5	-18.9	40.1	0.8	
25.4	5.7	-26.3	10.6	
25.4	20.5	-82.9	3.2	
13.1	18.0	-97.6	3.2	
10.6	25.4	-63.2	0.8	
8.2	72.1	-23.8	-9.1	
13.1	32.8	22.9	-1.7	
13.1	64.7	42.6	-18.9	
18.0	32.8	45.1	-4.1	
35.2	22.9	69.7	5.7	
25.4	27.8	104.1	15.5	
18.0	10.6	104.1	25.4	
8.2	35.2	47.5	-1.7	
10.6	45.1	-33.7	-6.6	
0.8	-1.7	-97.6	8.2	
-4.1	-1.7	-105.0	-4.1	
-18.9	-14.0	-53.3	22.9	
-21.4	-1.7	15.5	27.8	
-18.9	-14.0	42.6	20.5	
-1.7	-11.5	-23.8	22.9	
0.8	-1.7	-9.1	22.9	
10.6	27.8	0.8	30.3	
13.1	3.2	-70.6	13.1	
3.2	52.4	-4.1	0.8	
13.1	47.5	18.0	8.2	
5.7	50.0	5.7	13.1	
-1.7	54.9	18.0	13.1	
-11.5	62.3	18.0	0.8	
-1.7	18.0	27.8	-9.1	
-9.1	30.3	8.2	-23.8	
-4.1	25.4	-46.0	0.8	
-4.1	25.4	-65.6	8.2	
3.2	25.4	-95.2	3.2	
-9.1	5.7	-137.0	5.7	
13.1	47.5	-97.6	18.0	
27.8	-33.7	-50.9	35.2	
25.4	3.2	-6.6	32.8	
13.1	-11.5	69.7	27.8	
15.5	25.4	99.2	32.8	
-1.7	35.2	69.7	8.2	
0.8	3.2	-6.6	20.5	
0.8	-129.6	-33.7	8.2	
0.8	128.7	-31.2	-21.4	
15.5	145.9	-31.2	-31.2	
18.0	-21.4	-36.1	-16.4	
18.0	101.6	32.8	-18.9	
18.0	133.6	37.7	-23.8	
25.4	121.3	-6.6	0.8	
15.5	-109.9	35.2	3.2	
10.6	138.5	89.3	-1.7	
5.7	89.3	133.6	10.6	
15.5	79.5	77.0	-1.7	
13.1	-11.5	27.8	-1.7	
22.9	-119.8	22.9	15.5	
15.5	-122.2	59.8	22.9	
18.0	15.5	101.6	27.8	
18.0	-1.7	118.9	18.0	
3.2	40.1	77.0	18.0	
5.7	10.6	91.8	20.5	
0.8	45.1	69.7	20.5	
3.2	10.6	37.7	13.1	
8.2	52.4	32.8	30.3	
5.7	30.3	57.4	22.9	
-6.6	27.8	94.3	18.0	
3.2	77.0	111.5	8.2	
13.1	57.4	86.9	-9.1	
30.3	77.0	99.2	20.5	
32.8	20.5	18.0	20.5	
22.9	59.8	-41.0	0.8	
22.9	22.9	-73.0	-9.1	
18.0	35.2	-58.3	-16.4	
3.2	18.0	-85.3	-26.3	
3.2	8.2	-53.3	-1.7	
0.8	-6.6	-73.0	-14.0	
8.2	18.0	-100.1	0.8	
-1.7	-14.0	-55.8	10.6	
-4.1	20.5	25.4	-14.0	
0.8	-1.7	99.2	0.8	
5.7	35.2	94.3	0.8	
-4.1	3.2	27.8	-23.8	
-1.7	27.8	-75.5	-1.7	
3.2	59.8	-149.3	18.0	
0.8	74.6	-169.0	32.8	
3.2	32.8	-169.0	25.4	
32.8	57.4	-97.6	13.1	
35.2	82.0	-75.5	30.3	
32.8	59.8	-43.5	22.9	
35.2	91.8	0.8	8.2	
42.6	27.8	77.0	5.7	
22.9	20.5	173.0	8.2	
22.9	22.9	177.9	27.8	
0.8	52.4	30.3	8.2	
-4.1	32.8	-48.4	8.2	
-9.1	30.3	-82.9	0.8	
-11.5	25.4	-97.6	3.2	
-14.0	-18.9	-97.6	-1.7	
-16.4	5.7	-68.1	8.2	
-21.4	32.8	-28.7	0.8	
-9.1	10.6	5.7	5.7	
0.8	-4.1	-9.1	-6.6	
8.2	0.8	-82.9	-4.1	
30.3	15.5	-70.6	10.6	
45.1	52.4	13.1	0.8	
35.2	30.3	104.1	-1.7	
40.1	42.6	158.2	0.8	
35.2	37.7	126.2	-11.5	
47.5	22.9	54.9	0.8	
35.2	59.8	54.9	18.0	
25.4	62.3	74.6	13.1	
20.5	42.6	52.4	0.8	
22.9	25.4	22.9	5.7	
15.5	50.0	-4.1	3.2	
15.5	10.6	-6.6	5.7	
8.2	32.8	8.2	18.0	
-6.6	18.0	22.9	20.5	
0.8	-16.4	74.6	5.7	
-1.7	-16.4	109.0	0.8	
22.9	-9.1	145.9	15.5	
27.8	-11.5	86.9	15.5	
45.1	0.8	40.1	20.5	
40.1	57.4	59.8	18.0	
27.8	72.1	64.7	15.5	
22.9	57.4	18.0	0.8	
5.7	32.8	-14.0	5.7	
13.1	27.8	-28.7	20.5	
15.5	84.4	-97.6	22.9	
18.0	52.4	-112.4	18.0	
13.1	69.7	-38.6	8.2	
-1.7	42.6	30.3	-9.1	
-16.4	69.7	45.1	27.8	
-18.9	0.8	18.0	18.0	
-36.1	5.7	-43.5	3.2	
-14.0	37.7	-41.0	-1.7	
-4.1	25.4	-26.3	-9.1	
-11.5	30.3	18.0	-9.1	
0.8	-18.9	0.8	-1.7	
-6.6	5.7	-87.8	0.8	
-1.7	22.9	-97.6	-11.5	
8.2	18.0	-122.2	-11.5	
-1.7	3.2	-124.7	-9.1	
-6.6	27.8	-95.2	-21.4	
-6.6	308.3	-77.9	-6.6	
-14.0	251.7	-28.7	22.9	
13.1	283.7	5.7	25.4	
18.0	69.7	22.9	-4.1	
40.1	96.7	-33.7	15.5	
27.8	214.8	-92.7	22.9	
20.5	54.9	-80.4	18.0	
3.2	-215.7	-53.3	5.7	
-6.6	22.9	-53.3	-18.9	
-9.1	79.5	-65.6	-38.6	
-16.4	160.7	-50.9	-6.6	
-1.7	-38.6	-28.7	8.2	
-4.1	-311.6	8.2	-11.5	
5.7	-156.7	0.8	-1.7	
-4.1	-48.4	10.6	30.3	
3.2	-58.3	64.7	27.8	
-1.7	-41.0	116.4	30.3	
8.2	8.2	145.9	15.5	
18.0	-23.8	153.3	20.5	
22.9	8.2	123.8	5.7	
27.8	15.5	96.7	10.6	
25.4	-4.1	40.1	8.2	
25.4	8.2	8.2	0.8	
25.4	30.3	-46.0	-16.4	
30.3	57.4	-109.9	20.5	
35.2	59.8	-137.0	13.1	
25.4	52.4	-159.1	-4.1	
25.4	62.3	-169.0	-33.7	
30.3	32.8	-68.1	-28.7	
22.9	50.0	20.5	-4.1	
8.2	13.1	30.3	3.2	
15.5	10.6	57.4	3.2	
10.6	22.9	111.5	-4.1	
3.2	18.0	195.1	-1.7	
3.2	-18.9	205.0	0.8	
20.5	-23.8	131.2	5.7	
5.7	-16.4	96.7	0.8	
-11.5	5.7	106.6	-4.1	
0.8	-1.7	91.8	-1.7	
-1.7	0.8	-38.6	-4.1	
-1.7	45.1	-178.8	-9.1	
-11.5	40.1	-282.1	-4.1	
-6.6	52.4	-299.3	10.6	
-11.5	47.5	-292.0	5.7	
3.2	94.3	-230.5	-9.1	
8.2	62.3	-193.6	-1.7	
18.0	37.7	-156.7	-11.5	
30.3	37.7	-191.1	5.7	
22.9	37.7	-161.6	15.5	
30.3	27.8	10.6	10.6	
25.4	35.2	126.2	-21.4	
27.8	40.1	212.3	-4.1	
18.0	-11.5	177.9	-14.0	
10.6	-14.0	116.4	5.7	
3.2	-50.9	84.4	-6.6	
-4.1	-9.1	106.6	5.7	
8.2	3.2	45.1	-11.5	
-1.7	18.0	-31.2	8.2	
-4.1	22.9	-41.0	10.6	
-6.6	27.8	-68.1	3.2	
-6.6	59.8	-124.7	10.6	
-11.5	45.1	-132.1	8.2	
-1.7	27.8	-92.7	0.8	
5.7	67.2	-31.2	15.5	
-1.7	106.6	-55.8	18.0	
8.2	69.7	-90.2	20.5	
22.9	42.6	-100.1	30.3	
25.4	40.1	-18.9	30.3	
22.9	20.5	67.2	3.2	
15.5	10.6	177.9	5.7	
18.0	25.4	278.8	0.8	
20.5	42.6	305.8	-16.4	
27.8	27.8	249.2	-11.5	
25.4	35.2	219.7	5.7	
15.5	-33.7	123.8	3.2	
13.1	5.7	57.4	0.8	
5.7	18.0	-9.1	5.7	
0.8	-4.1	-33.7	13.1	
3.2	18.0	-58.3	8.2	
13.1	37.7	8.2	18.0	
5.7	59.8	25.4	0.8	
30.3	59.8	22.9	5.7	
57.4	54.9	0.8	13.1	
27.8	27.8	8.2	5.7	
18.0	94.3	-11.5	8.2	
15.5	27.8	-6.6	3.2	
-1.7	47.5	52.4	20.5	
-9.1	47.5	86.9	30.3	
-6.6	40.1	74.6	35.2	
-1.7	62.3	86.9	22.9	
-14.0	40.1	133.6	25.4	
5.7	27.8	109.0	18.0	
10.6	8.2	47.5	13.1	
40.1	27.8	-33.7	0.8	
50.0	-36.1	-161.6	5.7	
22.9	0.8	-292.0	-4.1	
27.8	-14.0	-294.4	0.8	
27.8	-28.7	-176.3	0.8	
30.3	20.5	-65.6	-6.6	
25.4	47.5	-43.5	3.2	
22.9	0.8	8.2	-4.1	
22.9	-50.9	52.4	-1.7	
8.2	86.9	45.1	-9.1	
15.5	158.2	25.4	-28.7	
18.0	47.5	18.0	-28.7	
20.5	340.3	20.5	-16.4	
15.5	77.0	10.6	-14.0	
8.2	273.8	40.1	-14.0	
-1.7	-114.8	35.2	13.1	
10.6	150.8	-33.7	10.6	
0.8	37.7	-164.0	-9.1	
-11.5	-16.4	-218.2	5.7	
-9.1	-173.9	-132.1	13.1	
-11.5	-149.3	-48.4	10.6	
5.7	-43.5	-26.3	-6.6	
0.8	8.2	-73.0	8.2	
-1.7	5.7	-92.7	18.0	
25.4	18.0	-73.0	18.0	
10.6	47.5	-33.7	3.2	
13.1	45.1	64.7	-18.9	
25.4	54.9	138.5	-1.7	
20.5	42.6	177.9	5.7	
27.8	15.5	175.4	-9.1	
22.9	62.3	192.7	-1.7	
13.1	62.3	148.4	-6.6	
8.2	62.3	84.4	-6.6	
0.8	27.8	30.3	-14.0	
15.5	69.7	40.1	3.2	
13.1	64.7	-26.3	-6.6	
8.2	35.2	-119.8	3.2	
3.2	25.4	-119.8	30.3	
5.7	45.1	-97.6	18.0	
18.0	37.7	57.4	5.7	
15.5	-4.1	180.4	8.2	
8.2	-28.7	195.1	20.5	
5.7	37.7	150.8	0.8	
0.8	32.8	121.3	-11.5	
3.2	-9.1	150.8	8.2	
5.7	15.5	148.4	-6.6	
-1.7	35.2	86.9	-1.7	
10.6	52.4	-16.4	0.8	
15.5	42.6	-85.3	-4.1	
3.2	32.8	-139.4	8.2	
3.2	42.6	-141.9	3.2	
-6.6	82.0	-132.1	-16.4	
-4.1	37.7	-92.7	-21.4	
-1.7	54.9	-95.2	-1.7	
-6.6	45.1	-117.3	-9.1	
-4.1	42.6	-87.8	-6.6	
-4.1	40.1	-77.9	-9.1	
8.2	47.5	-58.3	-11.5	
15.5	57.4	-6.6	-23.8	
20.5	-9.1	37.7	-11.5	
35.2	-6.6	13.1	-26.3	
20.5	10.6	-23.8	-26.3	
18.0	-9.1	-1.7	-16.4	
30.3	-6.6	32.8	0.8	
30.3	-1.7	35.2	-6.6	
27.8	47.5	86.9	5.7	
27.8	0.8	153.3	25.4	
25.4	25.4	150.8	40.1	
30.3	27.8	67.2	32.8	
37.7	22.9	0.8	35.2	
22.9	25.4	-65.6	20.5	
15.5	45.1	-48.4	10.6	
27.8	57.4	-50.9	15.5	
-4.1	86.9	-149.3	15.5	
15.5	25.4	-198.5	-11.5	
10.6	37.7	-181.3	-16.4	
13.1	13.1	-181.3	5.7	
8.2	35.2	-134.5	10.6	
0.8	3.2	-114.8	5.7	
-4.1	-11.5	-73.0	3.2	
0.8	15.5	-28.7	10.6	
-4.1	-38.6	-38.6	5.7	
-1.7	3.2	-28.7	-11.5	
5.7	-14.0	57.4	-6.6	
8.2	18.0	165.6	5.7	
18.0	30.3	241.9	5.7	
18.0	3.2	224.6	-9.1	
27.8	32.8	197.6	-14.0	
18.0	50.0	138.5	-14.0	
13.1	25.4	96.7	-28.7	
18.0	27.8	69.7	8.2	
5.7	64.7	64.7	25.4	
0.8	47.5	84.4	20.5	
10.6	50.0	-4.1	3.2	
3.2	22.9	-14.0	22.9	
8.2	50.0	59.8	8.2	
20.5	37.7	153.3	5.7	
22.9	30.3	160.7	5.7	
30.3	30.3	69.7	18.0	
25.4	15.5	-9.1	15.5	
3.2	-21.4	-53.3	0.8	
5.7	-36.1	-186.2	10.6	
13.1	20.5	-203.4	13.1	
27.8	45.1	-240.3	5.7	
32.8	20.5	-161.6	-1.7	
40.1	0.8	-73.0	10.6	
47.5	37.7	-65.6	-9.1	
42.6	99.2	-80.4	-4.1	
37.7	79.5	-43.5	-4.1	
18.0	165.6	-28.7	-1.7	
30.3	54.9	-53.3	-6.6	
25.4	-117.3	-18.9	-1.7	
13.1	138.5	99.2	5.7	
5.7	91.8	200.0	0.8	
-4.1	-43.5	239.4	13.1	
-11.5	30.3	219.7	35.2	
-9.1	-242.8	217.3	22.9	
0.8	52.4	187.7	8.2	
-4.1	57.4	116.4	-1.7	
0.8	18.0	42.6	-23.8	
15.5	-107.5	-53.3	-4.1	
15.5	-26.3	-139.4	25.4	
27.8	20.5	-38.6	20.5	
5.7	10.6	10.6	10.6	
3.2	15.5	-31.2	22.9	
5.7	54.9	-77.9	10.6	
18.0	42.6	-119.8	5.7	
10.6	35.2	-173.9	3.2	
15.5	37.7	-124.7	10.6	
25.4	27.8	-173.9	3.2	
30.3	59.8	-228.0	25.4	
10.6	77.0	-191.1	47.5	
5.7	52.4	-114.8	45.1	
15.5	22.9	-43.5	22.9	
8.2	42.6	-31.2	20.5	
-4.1	32.8	0.8	-1.7	
3.2	47.5	27.8	-23.8	
13.1	3.2	50.0	-26.3	
3.2	3.2	52.4	-55.8	
0.8	-14.0	35.2	-68.1	
0.8	13.1	59.8	-46.0	
30.3	0.8	72.1	-16.4	
22.9	-6.6	96.7	15.5	
35.2	-6.6	52.4	18.0	
54.9	0.8	25.4	18.0	
45.1	13.1	15.5	20.5	
45.1	18.0	-36.1	27.8	
30.3	57.4	-21.4	8.2	
15.5	30.3	-11.5	18.0	
13.1	50.0	15.5	8.2	
15.5	52.4	27.8	-4.1	
-1.7	77.0	96.7	5.7	
-23.8	86.9	74.6	3.2	
-16.4	57.4	99.2	-1.7	
-4.1	13.1	163.1	-16.4	
-9.1	25.4	180.4	-1.7	
-18.9	37.7	163.1	-1.7	
-11.5	64.7	145.9	-23.8	
-11.5	42.6	109.0	0.8	
0.8	20.5	94.3	15.5	
-9.1	27.8	104.1	25.4	
0.8	-21.4	89.3	35.2	
5.7	10.6	8.2	30.3	
-9.1	-16.4	-80.4	15.5	
5.7	0.8	-100.1	22.9	
8.2	35.2	-60.7	18.0	
3.2	37.7	-107.5	0.8	
-14.0	54.9	-43.5	3.2	
-16.4	13.1	-9.1	0.8	
-6.6	52.4	-60.7	-1.7	
-6.6	40.1	-26.3	8.2	
3.2	72.1	-63.2	-1.7	
15.5	52.4	-82.9	-1.7	
25.4	20.5	-43.5	-4.1	
27.8	8.2	-16.4	-4.1	
18.0	27.8	-97.6	-6.6	
5.7	54.9	-208.3	-16.4	
0.8	-65.6	-176.3	13.1	
-14.0	35.2	-55.8	37.7	
-11.5	32.8	-23.8	18.0	
-14.0	13.1	-4.1	5.7	
-9.1	-18.9	27.8	-1.7	
0.8	25.4	69.7	-4.1	
10.6	-4.1	72.1	-1.7	
22.9	10.6	54.9	-1.7	
35.2	40.1	-9.1	3.2	
47.5	8.2	-38.6	3.2	
42.6	57.4	-65.6	8.2	
27.8	54.9	-48.4	5.7	
30.3	86.9	-21.4	20.5	
15.5	20.5	37.7	25.4	
27.8	94.3	116.4	20.5	
20.5	67.2	116.4	8.2	
22.9	62.3	109.0	-9.1	
40.1	64.7	141.0	-4.1	
25.4	35.2	173.0	8.2	
30.3	54.9	158.2	3.2	
27.8	54.9	101.6	-4.1	
37.7	3.2	74.6	10.6	
22.9	8.2	13.1	-1.7	
35.2	15.5	-16.4	15.5	
22.9	-46.0	-119.8	20.5	
5.7	-4.1	-146.8	18.0	
-4.1	22.9	-144.4	0.8	
3.2	42.6	-151.7	20.5	
13.1	10.6	-119.8	22.9	
13.1	3.2	-53.3	30.3	
18.0	94.3	52.4	22.9	
13.1	89.3	131.2	8.2	
15.5	160.7	136.1	-9.1	
5.7	69.7	106.6	0.8	
8.2	118.9	94.3	-6.6	
8.2	180.4	106.6	3.2	
13.1	42.6	91.8	5.7	
18.0	-129.6	67.2	22.9	
20.5	79.5	35.2	45.1	
30.3	145.9	-14.0	40.1	
22.9	118.9	-14.0	32.8	
27.8	10.6	-92.7	35.2	
18.0	-117.3	-105.0	-1.7	
20.5	-80.4	-50.9	-6.6	
18.0	-50.9	67.2	3.2	
20.5	10.6	190.2	15.5	
22.9	-1.7	229.6	3.2	
18.0	-1.7	197.6	-9.1	
22.9	13.1	153.3	-11.5	
20.5	47.5	121.3	13.1	
32.8	35.2	-43.5	-9.1	
32.8	35.2	-223.1	-4.1	
30.3	69.7	-228.0	-21.4	
25.4	77.0	-161.6	-28.7	
35.2	62.3	-75.5	-16.4	
15.5	69.7	-65.6	15.5	
13.1	47.5	-92.7	5.7	
-1.7	13.1	-114.8	8.2	
20.5	37.7	-154.2	20.5	
15.5	64.7	-141.9	35.2	
35.2	13.1	-100.1	20.5	
40.1	0.8	18.0	20.5	
37.7	10.6	116.4	8.2	
20.5	5.7	82.0	-18.9	
8.2	-23.8	72.1	-21.4	
-1.7	-14.0	-1.7	-4.1	
-14.0	-4.1	-97.6	35.2	
-14.0	0.8	-112.4	57.4	
-1.7	22.9	-112.4	62.3	
5.7	-23.8	-53.3	67.2	
22.9	47.5	-105.0	47.5	
25.4	27.8	-176.3	27.8	
27.8	50.0	-191.1	-26.3	
5.7	47.5	-60.7	-65.6	
-11.5	86.9	99.2	-68.1	
-11.5	30.3	296.0	-31.2	
-23.8	64.7	468.2	0.8	
-6.6	47.5	537.1	27.8	
-4.1	32.8	517.4	47.5	
-1.7	25.4	409.1	35.2	
3.2	22.9	168.1	22.9	
18.0	18.0	0.8	-1.7	
32.8	-21.4	-169.0	22.9	
37.7	3.2	-299.3	32.8	
8.2	-1.7	-338.7	25.4	
8.2	-6.6	-260.0	10.6	
18.0	30.3	-186.2	8.2	
15.5	13.1	-198.5	-4.1	
5.7	22.9	-223.1	-21.4	
-11.5	45.1	-134.5	13.1	
-11.5	54.9	0.8	30.3	
-4.1	69.7	113.9	-6.6	
8.2	62.3	177.9	-16.4	
3.2	54.9	195.1	-14.0	
0.8	104.1	116.4	-41.0	
-4.1	64.7	5.7	-58.3	
-1.7	37.7	-82.9	-58.3	
5.7	67.2	-60.7	-43.5	
0.8	40.1	-1.7	-26.3	
-9.1	59.8	-6.6	0.8	
10.6	18.0	37.7	-18.9	
18.0	22.9	57.4	-6.6	
27.8	-18.9	79.5	0.8	
35.2	10.6	64.7	10.6	
18.0	-46.0	54.9	-1.7	
35.2	35.2	72.1	13.1	
37.7	-14.0	67.2	30.3	
47.5	30.3	-11.5	25.4	
45.1	-26.3	-50.9	0.8	
37.7	25.4	-92.7	0.8	
47.5	72.1	-119.8	37.7	
30.3	52.4	-36.1	27.8	
40.1	57.4	54.9	25.4	
27.8	52.4	84.4	45.1	
35.2	67.2	45.1	47.5	
27.8	37.7	67.2	32.8	
30.3	82.0	27.8	20.5	
27.8	42.6	-4.1	-11.5	
18.0	35.2	-68.1	-73.0	
27.8	45.1	-112.4	-77.9	
32.8	47.5	-139.4	-31.2	
32.8	27.8	-124.7	-21.4	
27.8	8.2	-63.2	-16.4	
18.0	18.0	-48.4	18.0	
20.5	-28.7	-6.6	15.5	
22.9	22.9	67.2	20.5	
22.9	15.5	52.4	18.0	
25.4	-1.7	89.3	20.5	
25.4	32.8	101.6	18.0	
30.3	8.2	77.0	27.8	
32.8	40.1	57.4	20.5	
30.3	-122.2	86.9	15.5	
25.4	362.4	59.8	27.8	
37.7	-31.2	13.1	22.9	
25.4	18.0	67.2	13.1	
8.2	261.5	45.1	13.1	
10.6	180.4	18.0	22.9	
13.1	431.3	-31.2	18.0	
30.3	-55.8	-129.6	10.6	
15.5	-257.5	-114.8	-18.9	
18.0	86.9	-4.1	-18.9	
25.4	8.2	50.0	8.2	
37.7	32.8	22.9	3.2	
8.2	-124.7	-58.3	5.7	
8.2	-33.7	-75.5	3.2	
5.7	-28.7	-80.4	5.7	
13.1	15.5	25.4	5.7	
13.1	54.9	121.3	13.1	
18.0	25.4	219.7	3.2	
30.3	13.1	266.5	40.1	
22.9	52.4	180.4	54.9	
20.5	62.3	0.8	42.6	
18.0	62.3	-16.4	18.0	
15.5	86.9	-33.7	-1.7	
8.2	62.3	-178.8	-11.5	
-4.1	50.0	-287.0	-43.5	
-11.5	8.2	-186.2	-48.4	
0.8	25.4	-112.4	-43.5	
-1.7	57.4	-198.5	-31.2	
0.8	45.1	-144.4	-26.3	
3.2	37.7	-43.5	-23.8	
-4.1	22.9	52.4	-4.1	
8.2	10.6	148.4	18.0	
25.4	-9.1	192.7	22.9	
32.8	-11.5	141.0	35.2	
30.3	-16.4	96.7	10.6	
32.8	-6.6	118.9	25.4	
30.3	22.9	94.3	64.7	
30.3	22.9	13.1	109.0	
30.3	-1.7	-33.7	148.4	
22.9	5.7	-60.7	155.8	
35.2	-6.6	-77.9	165.6	
25.4	47.5	-46.0	136.1	
32.8	-31.2	59.8	99.2	
27.8	84.4	96.7	-46.0	
25.4	57.4	143.5	-274.7	
20.5	47.5	121.3	-301.8	
25.4	30.3	59.8	-186.2	
50.0	-9.1	-23.8	-82.9	
42.6	0.8	0.8	8.2	
42.6	-11.5	72.1	18.0	
35.2	-14.0	86.9	35.2	
20.5	37.7	74.6	22.9	
18.0	-23.8	15.5	27.8	
-16.4	-50.9	-26.3	8.2	
-43.5	-16.4	-80.4	-4.1	
-33.7	20.5	-109.9	-21.4	
-21.4	5.7	-141.9	-46.0	
-21.4	-9.1	-166.5	-46.0	
-21.4	25.4	-127.1	-16.4	
-1.7	8.2	-87.8	-14.0	
-1.7	22.9	-75.5	0.8	
0.8	20.5	-33.7	3.2	
40.1	25.4	-9.1	5.7	
30.3	91.8	-4.1	13.1	
30.3	59.8	-21.4	37.7	
40.1	40.1	-122.2	22.9	
54.9	35.2	-210.8	27.8	
42.6	20.5	-193.6	18.0	
20.5	52.4	-164.0	20.5	
3.2	40.1	-63.2	20.5	
-23.8	25.4	91.8	18.0	
-23.8	27.8	205.0	5.7	
-21.4	54.9	264.0	13.1	
-18.9	-28.7	246.8	18.0	
5.7	15.5	200.0	15.5	
37.7	50.0	217.3	13.1	
59.8	18.0	232.0	20.5	
64.7	8.2	205.0	22.9	
50.0	37.7	173.0	8.2	
30.3	35.2	123.8	-1.7	
30.3	64.7	27.8	-18.9	
27.8	84.4	-55.8	-21.4	
30.3	67.2	-144.4	0.8	
27.8	96.7	-114.8	-4.1	
22.9	27.8	-63.2	-4.1	
59.8	67.2	-65.6	-11.5	
67.2	57.4	-127.1	-23.8	
74.6	79.5	-166.5	0.8	
84.4	50.0	-146.8	18.0	
77.0	18.0	-73.0	10.6	
67.2	84.4	22.9	13.1	
54.9	20.5	89.3	0.8	
35.2	64.7	96.7	3.2	
30.3	-31.2	109.0	-6.6	
18.0	3.2	79.5	-4.1	
18.0	-9.1	67.2	-1.7	
10.6	-14.0	13.1	20.5	
3.2	-14.0	-28.7	22.9	
15.5	54.9	-50.9	15.5	
45.1	-621.6	-33.7	22.9	
64.7	-267.4	27.8	18.0	
52.4	118.9	35.2	13.1	
40.1	-139.4	25.4	27.8	
35.2	47.5	94.3	15.5	
22.9	10.6	170.5	8.2	
15.5	-77.9	168.1	3.2	
-6.6	25.4	126.2	-9.1	
0.8	45.1	94.3	-6.6	
3.2	116.4	0.8	-6.6	
10.6	96.7	-70.6	-18.9	
37.7	40.1	-38.6	-21.4	
40.1	-146.8	-18.9	5.7	
13.1	-58.3	40.1	8.2	
5.7	50.0	18.0	8.2	
-14.0	84.4	18.0	8.2	
-16.4	59.8	-1.7	-16.4	
-14.0	57.4	-9.1	-11.5	
-21.4	99.2	-38.6	-9.1	
-16.4	64.7	13.1	-21.4	
8.2	77.0	89.3	-28.7	
13.1	74.6	96.7	-31.2	
20.5	45.1	45.1	-16.4	
27.8	86.9	5.7	0.8	
25.4	99.2	32.8	22.9	
27.8	99.2	69.7	32.8	
22.9	67.2	69.7	32.8	
15.5	111.5	27.8	18.0	
20.5	-48.4	54.9	5.7	
13.1	25.4	42.6	0.8	
15.5	32.8	-18.9	10.6	
15.5	54.9	-109.9	25.4	
20.5	15.5	-95.2	45.1	
3.2	57.4	-63.2	67.2	
3.2	10.6	-21.4	67.2	
-1.7	42.6	-9.1	67.2	
18.0	45.1	45.1	72.1	
15.5	54.9	67.2	32.8	
22.9	59.8	84.4	-18.9	
27.8	104.1	72.1	-80.4	
42.6	79.5	42.6	-73.0	
22.9	67.2	-16.4	-60.7	
32.8	94.3	-46.0	-41.0	
25.4	82.0	-11.5	-23.8	
25.4	207.4	0.8	-26.3	
8.2	111.5	20.5	-33.7	
5.7	116.4	52.4	-55.8	
3.2	82.0	89.3	-38.6	
5.7	62.3	57.4	-23.8	
32.8	77.0	57.4	-9.1	
50.0	86.9	99.2	5.7	
67.2	145.9	126.2	37.7	
57.4	27.8	64.7	37.7	
40.1	40.1	20.5	32.8	
20.5	35.2	37.7	35.2	
45.1	18.0	37.7	42.6	
57.4	45.1	25.4	27.8	
47.5	30.3	35.2	5.7	
20.5	59.8	37.7	-6.6	
5.7	99.2	20.5	3.2	
0.8	86.9	40.1	15.5	
-14.0	47.5	74.6	20.5	
-31.2	82.0	69.7	18.0	
-41.0	86.9	0.8	18.0	
-26.3	143.5	72.1	10.6	
-26.3	141.0	67.2	18.0	
-6.6	133.6	-41.0	18.0	
5.7	67.2	-87.8	15.5	
3.2	79.5	-122.2	27.8	
5.7	84.4	-183.7	22.9	
15.5	59.8	-242.8	8.2	
20.5	64.7	-225.5	0.8	
22.9	27.8	-107.5	3.2	
30.3	54.9	-11.5	-6.6	
27.8	-33.7	30.3	-9.1	
32.8	0.8	59.8	-21.4	
27.8	5.7	72.1	-11.5	
40.1	77.0	42.6	-9.1	
15.5	86.9	37.7	-4.1	
13.1	37.7	54.9	-4.1	
0.8	32.8	74.6	-4.1	
-14.0	47.5	111.5	0.8	
-16.4	59.8	86.9	13.1	
-26.3	67.2	59.8	15.5	
-18.9	86.9	37.7	10.6	
-23.8	47.5	5.7	8.2	
-11.5	62.3	15.5	-1.7	
3.2	69.7	-4.1	-4.1	
-11.5	64.7	-28.7	3.2	
5.7	47.5	-65.6	-1.7	
13.1	94.3	-63.2	10.6	
8.2	69.7	-16.4	10.6	
8.2	72.1	57.4	3.2	
-14.0	54.9	62.3	0.8	
-6.6	72.1	89.3	-9.1	
-18.9	141.0	82.0	3.2	
-9.1	64.7	57.4	27.8	
-4.1	67.2	10.6	35.2	
22.9	113.9	-38.6	3.2	
27.8	77.0	-28.7	-1.7	
30.3	133.6	-16.4	-6.6	
25.4	94.3	-4.1	-4.1	
3.2	54.9	40.1	-1.7	
10.6	8.2	67.2	13.1	
3.2	0.8	62.3	15.5	
0.8	227.1	45.1	15.5	
0.8	185.3	8.2	3.2	
5.7	64.7	-75.5	0.8	
5.7	54.9	-102.5	5.7	
13.1	109.0	-122.2	0.8	
18.0	195.1	-80.4	3.2	
35.2	50.0	-46.0	3.2	
30.3	-14.0	-31.2	8.2	
22.9	-139.4	-28.7	5.7	
25.4	-65.6	18.0	0.8	
22.9	32.8	45.1	18.0	
42.6	77.0	50.0	15.5	
25.4	27.8	47.5	5.7	
25.4	18.0	59.8	-4.1	
22.9	35.2	72.1	15.5	
20.5	106.6	57.4	13.1	
40.1	145.9	67.2	15.5	
30.3	18.0	91.8	18.0	
27.8	332.9	35.2	20.5	
8.2	138.5	-9.1	22.9	
-1.7	99.2	-48.4	5.7	
-18.9	111.5	-90.2	3.2	
-9.1	91.8	-122.2	-1.7	
-4.1	69.7	-105.0	8.2	
18.0	-28.7	-65.6	-1.7	
27.8	-31.2	-33.7	22.9	
37.7	-9.1	-28.7	27.8	
32.8	-85.3	-11.5	22.9	
20.5	-4.1	-73.0	22.9	
27.8	-70.6	-41.0	15.5	
22.9	22.9	37.7	25.4	
22.9	40.1	131.2	10.6	
15.5	47.5	195.1	-4.1	
25.4	77.0	195.1	-16.4	
3.2	30.3	138.5	-14.0	
-11.5	45.1	42.6	15.5	
-1.7	-18.9	0.8	22.9	
8.2	35.2	27.8	0.8	
27.8	-4.1	50.0	8.2	
22.9	94.3	35.2	18.0	
27.8	126.2	-9.1	8.2	
10.6	64.7	-77.9	-11.5	
10.6	91.8	-100.1	10.6	
3.2	50.0	-46.0	-4.1	
20.5	59.8	-9.1	-1.7	
37.7	126.2	3.2	18.0	
32.8	-50.9	-4.1	-1.7	
25.4	5.7	22.9	-4.1	
30.3	-31.2	-1.7	-6.6	
20.5	-14.0	-50.9	-9.1	
13.1	45.1	-70.6	-9.1	
8.2	3.2	-90.2	0.8	
15.5	30.3	-58.3	30.3	
-1.7	5.7	-36.1	67.2	
5.7	-1.7	27.8	72.1	
0.8	22.9	89.3	82.0	
15.5	91.8	150.8	54.9	
22.9	69.7	195.1	25.4	
25.4	45.1	155.8	-1.7	
27.8	79.5	99.2	-75.5	
27.8	-63.2	52.4	-90.2	
32.8	-43.5	30.3	-85.3	
5.7	22.9	32.8	-65.6	
-9.1	10.6	77.0	-14.0	
-11.5	-23.8	84.4	-9.1	
-14.0	20.5	35.2	18.0	
-11.5	-16.4	-33.7	32.8	
5.7	-50.9	-82.9	10.6	
5.7	-28.7	-70.6	-14.0	
10.6	-124.7	-80.4	-14.0	
10.6	-33.7	-60.7	-18.9	
0.8	-14.0	-38.6	10.6	
13.1	22.9	-65.6	54.9	
8.2	25.4	-144.4	106.6	
-4.1	37.7	-102.5	111.5	
-11.5	27.8	-26.3	67.2	
-9.1	40.1	52.4	27.8	
8.2	47.5	54.9	-60.7	
3.2	52.4	64.7	-146.8	
-6.6	86.9	123.8	-87.8	
3.2	37.7	84.4	-18.9	
-1.7	-9.1	30.3	45.1	
-4.1	13.1	20.5	64.7	
-9.1	5.7	22.9	50.0	
-6.6	37.7	52.4	45.1	
-1.7	-100.1	69.7	-21.4	
3.2	-100.1	42.6	-55.8	
-4.1	-55.8	18.0	-43.5	
22.9	-38.6	-4.1	-18.9	
32.8	-109.9	-18.9	-23.8	
30.3	-60.7	-50.9	-77.9	
22.9	-70.6	-60.7	-46.0	
20.5	-18.9	-65.6	-16.4	
3.2	-16.4	-38.6	-28.7	
-6.6	-14.0	-28.7	-16.4	
-16.4	-296.9	15.5	18.0	
-18.9	-178.8	35.2	18.0	
-14.0	170.5	10.6	5.7	
-4.1	96.7	-36.1	-11.5	
15.5	190.2	-43.5	-11.5	
35.2	59.8	-48.4	0.8	
45.1	77.0	-9.1	8.2	
42.6	173.0	52.4	32.8	
45.1	84.4	126.2	86.9	
25.4	-97.6	141.0	104.1	
18.0	-46.0	123.8	106.6	
20.5	-53.3	74.6	109.0	
30.3	-55.8	45.1	77.0	
22.9	20.5	25.4	32.8	
15.5	185.3	-41.0	-6.6	
18.0	313.2	-43.5	-73.0	
22.9	13.1	-36.1	-85.3	
25.4	-26.3	-31.2	-63.2	
30.3	-137.0	-4.1	-21.4	
20.5	-105.0	79.5	-14.0	
18.0	-80.4	113.9	-21.4	
22.9	-14.0	77.0	-11.5	
0.8	-1.7	25.4	-18.9	
0.8	-48.4	22.9	-6.6	
-11.5	-4.1	8.2	15.5	
-6.6	22.9	-63.2	57.4	
-14.0	47.5	-112.4	82.0	
-4.1	69.7	-92.7	84.4	
-1.7	-55.8	-9.1	91.8	
-4.1	-85.3	32.8	86.9	
10.6	-50.9	-26.3	77.0	
8.2	-85.3	-68.1	72.1	
10.6	-41.0	-16.4	40.1	
3.2	-55.8	25.4	57.4	
3.2	-102.5	10.6	40.1	
0.8	-205.9	-16.4	5.7	
5.7	-203.4	-58.3	35.2	
-1.7	-166.5	-77.9	-18.9	
18.0	-80.4	-38.6	-53.3	
30.3	-50.9	-23.8	-70.6	
20.5	-1.7	5.7	-109.9	
10.6	5.7	8.2	-82.9	
-6.6	89.3	52.4	-127.1	
0.8	57.4	8.2	-191.1	
-1.7	99.2	-43.5	-144.4	
8.2	50.0	-9.1	-41.0	
22.9	77.0	-1.7	-6.6	
47.5	79.5	27.8	13.1	
30.3	94.3	37.7	3.2	
20.5	89.3	27.8	-1.7	
13.1	5.7	8.2	3.2	
27.8	3.2	-18.9	-11.5	
22.9	32.8	-65.6	10.6	
15.5	67.2	10.6	13.1	
5.7	-21.4	67.2	15.5	
5.7	42.6	52.4	20.5	
-9.1	27.8	54.9	27.8	
0.8	30.3	91.8	25.4	
3.2	5.7	57.4	32.8	
-9.1	5.7	-9.1	25.4	
-9.1	84.4	-50.9	22.9	
-18.9	72.1	-38.6	5.7	
-11.5	59.8	-33.7	0.8	
-1.7	54.9	-1.7	8.2	
3.2	57.4	18.0	5.7	
0.8	89.3	96.7	0.8	
5.7	50.0	133.6	25.4	
15.5	47.5	106.6	5.7	
27.8	15.5	79.5	18.0	
35.2	-11.5	109.0	30.3	
20.5	45.1	89.3	30.3	
8.2	-1.7	52.4	22.9	
15.5	8.2	52.4	22.9	
13.1	5.7	42.6	18.0	
10.6	-41.0	47.5	18.0	
15.5	5.7	79.5	22.9	
22.9	-28.7	18.0	32.8	
22.9	-18.9	-28.7	35.2	
20.5	3.2	-90.2	30.3	
8.2	13.1	-119.8	15.5	
3.2	106.6	-146.8	15.5	
0.8	74.6	-149.3	20.5	
0.8	35.2	-124.7	8.2	
-4.1	35.2	-77.9	3.2	
3.2	69.7	-92.7	-1.7	
0.8	104.1	-129.6	3.2	
-1.7	77.0	-82.9	-4.1	
10.6	64.7	-26.3	-4.1	
18.0	3.2	3.2	-6.6	
20.5	47.5	3.2	-4.1	
20.5	35.2	8.2	-6.6	
8.2	22.9	30.3	3.2	
3.2	-43.5	50.0	-4.1	
13.1	-11.5	72.1	-1.7	
40.1	-122.2	101.6	-1.7	
40.1	-31.2	104.1	0.8	
42.6	-23.8	84.4	15.5	
37.7	-23.8	82.0	18.0	
35.2	-18.9	69.7	10.6	
35.2	-33.7	32.8	3.2	
25.4	62.3	40.1	8.2	
10.6	10.6	3.2	0.8	
8.2	-109.9	-33.7	-4.1	
-4.1	99.2	-58.3	0.8	
3.2	-1.7	-95.2	20.5	
-11.5	-109.9	-90.2	18.0	
-4.1	45.1	-18.9	22.9	
-9.1	84.4	54.9	22.9	
5.7	-144.4	45.1	25.4	
-1.7	-250.1	-6.6	10.6	
-4.1	101.6	-6.6	3.2	
15.5	-75.5	-9.1	0.8	
10.6	-181.3	-16.4	20.5	
-4.1	-109.9	-11.5	18.0	
-1.7	-117.3	-1.7	-4.1	
3.2	-58.3	3.2	-9.1	
-6.6	-21.4	-18.9	-16.4	
-4.1	-114.8	-18.9	-9.1	
-9.1	-80.4	-4.1	5.7	
-1.7	-85.3	-21.4	-9.1	
-6.6	-102.5	8.2	-16.4	
5.7	-55.8	35.2	-11.5	
-1.7	-46.0	18.0	-14.0	
0.8	-73.0	25.4	10.6	
-9.1	-36.1	20.5	10.6	
-11.5	-36.1	30.3	5.7	
18.0	-26.3	42.6	18.0	
3.2	113.9	54.9	15.5	
0.8	487.9	47.5	-1.7	
-6.6	42.6	37.7	-1.7	
-11.5	-210.8	13.1	0.8	
8.2	-129.6	18.0	-6.6	
5.7	-132.1	27.8	-14.0	
5.7	-208.3	52.4	3.2	
8.2	-378.1	77.0	-21.4	
5.7	-323.9	57.4	-4.1	
18.0	-264.9	54.9	22.9	
10.6	-257.5	45.1	32.8	
5.7	-235.4	32.8	35.2	
-9.1	-232.9	35.2	27.8	
10.6	-205.9	50.0	13.1	
3.2	-196.0	42.6	-4.1	
-1.7	-114.8	0.8	-9.1	
0.8	-154.2	-31.2	15.5	
-1.7	-73.0	-50.9	18.0	
5.7	-14.0	-38.6	-1.7	
8.2	40.1	-16.4	-1.7	
13.1	5.7	-14.0	10.6	
22.9	-23.8	0.8	30.3	
22.9	-9.1	-4.1	47.5	
40.1	8.2	-18.9	67.2	
15.5	59.8	-21.4	62.3	
18.0	74.6	-9.1	45.1	
3.2	57.4	-18.9	5.7	
-4.1	27.8	-50.9	-55.8	
-4.1	91.8	-58.3	-100.1	
5.7	94.3	-38.6	-75.5	
3.2	109.0	-18.9	-18.9	
15.5	131.2	-16.4	32.8	
25.4	131.2	22.9	18.0	
30.3	86.9	67.2	5.7	
37.7	84.4	82.0	35.2	
15.5	91.8	116.4	42.6	
0.8	123.8	136.1	25.4	
0.8	136.1	118.9	27.8	
0.8	173.0	101.6	18.0	
0.8	118.9	77.0	-41.0	
-9.1	67.2	25.4	-70.6	
8.2	77.0	-6.6	-70.6	
8.2	54.9	-16.4	-65.6	
22.9	45.1	-9.1	-33.7	
27.8	25.4	-55.8	-4.1	
8.2	10.6	-117.3	5.7	
27.8	8.2	-114.8	-1.7	
40.1	-31.2	-97.6	-9.1	
30.3	35.2	-87.8	13.1	
25.4	3.2	-1.7	15.5	
27.8	32.8	30.3	8.2	
32.8	79.5	37.7	5.7	
32.8	50.0	-9.1	10.6	
22.9	77.0	-48.4	20.5	
22.9	96.7	-63.2	25.4	
18.0	69.7	-63.2	30.3	
27.8	79.5	-36.1	20.5	
15.5	79.5	-6.6	10.6	
25.4	84.4	32.8	-1.7	
22.9	89.3	86.9	5.7	
18.0	72.1	37.7	10.6	
20.5	5.7	13.1	-6.6	
20.5	20.5	-28.7	-4.1	
10.6	47.5	-28.7	3.2	
5.7	27.8	-11.5	0.8	
18.0	-14.0	8.2	-1.7	
20.5	-48.4	35.2	0.8	
47.5	-50.9	72.1	-14.0	
40.1	-23.8	104.1	3.2	
40.1	22.9	96.7	-6.6	
30.3	15.5	72.1	0.8	
32.8	20.5	47.5	-4.1	
27.8	42.6	35.2	-6.6	
15.5	104.1	32.8	-4.1	
18.0	40.1	8.2	10.6	
5.7	47.5	-16.4	10.6	
-11.5	150.8	-53.3	15.5	
-9.1	-75.5	-161.6	15.5	
-4.1	-97.6	-164.0	8.2	
8.2	-80.4	-109.9	-18.9	
0.8	-80.4	8.2	-28.7	
35.2	-21.4	72.1	-9.1	
32.8	-365.8	57.4	0.8	
13.1	96.7	45.1	10.6	
18.0	89.3	-4.1	15.5	
15.5	-58.3	-36.1	30.3	
10.6	-166.5	-23.8	18.0	
-1.7	-63.2	-28.7	0.8	
15.5	8.2	-23.8	15.5	
0.8	3.2	-9.1	32.8	
15.5	42.6	8.2	25.4	
8.2	32.8	8.2	13.1	
-4.1	59.8	18.0	0.8	
10.6	20.5	42.6	8.2	
8.2	42.6	32.8	22.9	
15.5	57.4	54.9	20.5	
20.5	47.5	54.9	18.0	
15.5	42.6	59.8	10.6	
13.1	57.4	45.1	18.0	
13.1	91.8	42.6	18.0	
5.7	45.1	45.1	15.5	
-6.6	52.4	79.5	20.5	
8.2	27.8	91.8	20.5	
10.6	18.0	91.8	20.5	
8.2	40.1	77.0	20.5	
3.2	54.9	30.3	10.6	
3.2	-21.4	-4.1	10.6	
-6.6	-68.1	-9.1	15.5	
-9.1	-38.6	-4.1	10.6	
5.7	-31.2	13.1	10.6	
-9.1	-21.4	59.8	20.5	
-11.5	8.2	62.3	27.8	
-9.1	54.9	0.8	27.8	
5.7	8.2	-85.3	20.5	
18.0	32.8	-90.2	15.5	
32.8	42.6	-60.7	3.2	
30.3	22.9	-85.3	5.7	
30.3	15.5	-87.8	8.2	
30.3	62.3	-70.6	8.2	
40.1	15.5	-65.6	22.9	
27.8	42.6	-77.9	40.1	
25.4	47.5	-77.9	18.0	
22.9	-11.5	-36.1	8.2	
22.9	-9.1	40.1	-9.1	
18.0	20.5	54.9	-14.0	
13.1	18.0	37.7	-4.1	
10.6	-6.6	59.8	15.5	
15.5	-80.4	50.0	5.7	
15.5	-38.6	77.0	3.2	
20.5	-50.9	96.7	8.2	
27.8	-14.0	96.7	8.2	
35.2	35.2	96.7	8.2	
20.5	64.7	82.0	10.6	
10.6	52.4	89.3	-26.3	
-6.6	64.7	77.0	-31.2	
5.7	72.1	45.1	-18.9	
0.8	45.1	15.5	-9.1	
3.2	84.4	27.8	-4.1	
3.2	106.6	47.5	13.1	
-1.7	136.1	37.7	3.2	
-1.7	57.4	67.2	-14.0	
3.2	8.2	67.2	-11.5	
13.1	25.4	50.0	-23.8	
25.4	67.2	18.0	0.8	
15.5	27.8	-36.1	3.2	
25.4	20.5	-50.9	-18.9	
27.8	20.5	-60.7	-43.5	
15.5	-43.5	-90.2	0.8	
25.4	0.8	-112.4	18.0	
13.1	-43.5	-90.2	15.5	
10.6	-14.0	-50.9	8.2	
3.2	45.1	-41.0	0.8	
5.7	20.5	-4.1	22.9	
8.2	52.4	8.2	30.3	
15.5	59.8	-6.6	47.5	
32.8	89.3	-18.9	22.9	
15.5	62.3	-18.9	15.5	
18.0	47.5	-4.1	8.2	
-1.7	109.0	-21.4	0.8	
-18.9	133.6	-38.6	-9.1	
-53.3	79.5	-41.0	-11.5	
-50.9	42.6	-21.4	-21.4	
-38.6	27.8	0.8	-1.7	
-28.7	20.5	22.9	8.2	
-21.4	25.4	18.0	-1.7	
-9.1	5.7	8.2	-26.3	
0.8	-11.5	5.7	-41.0	
3.2	-43.5	22.9	-23.8	
25.4	-50.9	54.9	-4.1	
27.8	-48.4	91.8	5.7	
30.3	-4.1	77.0	-36.1	
25.4	13.1	62.3	-31.2	
15.5	52.4	57.4	27.8	
3.2	332.9	30.3	45.1	
-11.5	126.2	30.3	35.2	
-6.6	281.2	47.5	22.9	
-16.4	94.3	42.6	-14.0	
-21.4	-183.7	50.0	-23.8	
-11.5	205.0	18.0	13.1	
0.8	-85.3	-9.1	25.4	
3.2	-151.7	-38.6	25.4	
-1.7	-119.8	-28.7	30.3	
15.5	82.0	-21.4	20.5	
13.1	241.9	15.5	5.7	
18.0	-46.0	-53.3	15.5	
18.0	-137.0	-161.6	18.0	
5.7	-213.2	-215.7	-16.4	
-4.1	-55.8	-191.1	-41.0	
-9.1	-58.3	-146.8	-9.1	
-9.1	-70.6	-73.0	5.7	
-21.4	-28.7	-60.7	15.5	
-23.8	15.5	-41.0	18.0	
0.8	15.5	-48.4	18.0	
10.6	72.1	-50.9	8.2	
13.1	18.0	-11.5	-9.1	
18.0	59.8	8.2	0.8	
37.7	32.8	22.9	-1.7	
25.4	84.4	35.2	-1.7	
30.3	136.1	25.4	3.2	
15.5	111.5	15.5	-1.7	
10.6	150.8	-4.1	5.7	
-4.1	94.3	25.4	13.1	
-4.1	77.0	22.9	13.1	
5.7	52.4	22.9	5.7	
5.7	62.3	27.8	3.2	
10.6	45.1	30.3	3.2	
3.2	40.1	20.5	-1.7	
5.7	30.3	0.8	-1.7	
0.8	5.7	-26.3	5.7	
-1.7	25.4	-26.3	5.7	
13.1	50.0	-16.4	3.2	
13.1	69.7	-4.1	13.1	
13.1	113.9	-11.5	18.0	
25.4	77.0	-21.4	18.0	
20.5	106.6	-9.1	13.1	
30.3	94.3	-31.2	20.5	
30.3	116.4	-18.9	18.0	
40.1	165.6	-38.6	13.1	
45.1	143.5	-21.4	-6.6	
35.2	150.8	-33.7	-16.4	
37.7	148.4	-31.2	-14.0	
22.9	111.5	-21.4	-9.1	
25.4	91.8	5.7	-6.6	
8.2	42.6	8.2	-9.1	
-6.6	30.3	8.2	-6.6	
10.6	35.2	22.9	-21.4	
5.7	57.4	35.2	-9.1	
3.2	-36.1	30.3	-9.1	
-6.6	-6.6	-6.6	0.8	
-1.7	15.5	-1.7	-4.1	
13.1	3.2	42.6	-6.6	
40.1	50.0	42.6	-1.7	
25.4	77.0	5.7	8.2	
35.2	47.5	-9.1	15.5	
50.0	77.0	32.8	22.9	
27.8	89.3	42.6	15.5	
22.9	101.6	37.7	10.6	
35.2	62.3	15.5	8.2	
35.2	113.9	-31.2	-11.5	
25.4	99.2	-41.0	-9.1	
30.3	74.6	-16.4	3.2	
27.8	-14.0	-9.1	10.6	
15.5	-9.1	0.8	5.7	
8.2	-28.7	-14.0	22.9	
0.8	3.2	25.4	27.8	
-1.7	42.6	42.6	25.4	
-4.1	62.3	27.8	-1.7	
-1.7	-28.7	15.5	0.8	
3.2	-41.0	5.7	0.8	
-9.1	-43.5	-26.3	0.8	
8.2	-14.0	-16.4	-1.7	
15.5	-18.9	-1.7	15.5	
8.2	-11.5	0.8	25.4	
18.0	-6.6	22.9	18.0	
25.4	-1.7	10.6	8.2	
15.5	-14.0	5.7	15.5	
15.5	10.6	20.5	8.2	
15.5	8.2	54.9	10.6	
8.2	25.4	77.0	10.6	
22.9	35.2	22.9	22.9	
15.5	15.5	-1.7	30.3	
20.5	-43.5	8.2	20.5	
8.2	-31.2	-4.1	0.8	
18.0	-4.1	-4.1	-1.7	
-4.1	-23.8	-23.8	-6.6	
-11.5	-63.2	-41.0	-4.1	
5.7	-43.5	-48.4	-6.6	
18.0	-33.7	-43.5	-18.9	
18.0	-63.2	0.8	-9.1	
5.7	-58.3	18.0	-11.5	
3.2	-1.7	37.7	-53.3	
-14.0	0.8	32.8	-53.3	
0.8	-11.5	25.4	-1.7	
0.8	52.4	22.9	10.6	
8.2	158.2	42.6	-14.0	
32.8	315.7	54.9	-68.1	
37.7	37.7	40.1	-46.0	
32.8	0.8	27.8	25.4	
40.1	170.5	-11.5	-1.7	
40.1	200.0	-41.0	27.8	
42.6	-43.5	-41.0	30.3	
32.8	-4.1	-23.8	67.2	
27.8	276.3	-36.1	35.2	
18.0	224.6	-46.0	-58.3	
18.0	168.1	-41.0	-75.5	
8.2	-28.7	-70.6	-11.5	
3.2	-97.6	-82.9	64.7	
3.2	0.8	-65.6	82.0	
0.8	-48.4	-33.7	104.1	
0.8	-18.9	-6.6	99.2	
-1.7	-23.8	-23.8	42.6	
15.5	27.8	-6.6	-11.5	
20.5	69.7	37.7	8.2	
18.0	96.7	62.3	10.6	
32.8	50.0	54.9	-4.1	
22.9	72.1	32.8	-16.4	
0.8	86.9	42.6	22.9	
3.2	109.0	42.6	72.1	
25.4	94.3	42.6	42.6	
37.7	126.2	62.3	52.4	
32.8	79.5	82.0	15.5	
27.8	54.9	89.3	22.9	
8.2	40.1	72.1	50.0	
3.2	42.6	59.8	25.4	
-16.4	-9.1	45.1	3.2	
-6.6	27.8	35.2	5.7	
-4.1	67.2	32.8	3.2	
-4.1	18.0	50.0	8.2	
0.8	35.2	50.0	8.2	
13.1	37.7	50.0	3.2	
30.3	40.1	32.8	-9.1	
22.9	64.7	20.5	-18.9	
20.5	84.4	-16.4	-18.9	
15.5	123.8	-16.4	-1.7	
0.8	84.4	-9.1	-6.6	
10.6	111.5	-33.7	-16.4	
27.8	99.2	-63.2	0.8	
30.3	91.8	-38.6	-9.1	
32.8	126.2	-18.9	-16.4	
25.4	136.1	0.8	-4.1	
22.9	131.2	5.7	-14.0	
22.9	52.4	15.5	-9.1	
27.8	10.6	13.1	-6.6	
8.2	-4.1	3.2	-6.6	
20.5	22.9	3.2	-6.6	
18.0	-11.5	5.7	0.8	
13.1	40.1	5.7	10.6	
22.9	-16.4	5.7	22.9	
32.8	-38.6	5.7	15.5	
15.5	-23.8	10.6	10.6	
42.6	-4.1	8.2	8.2	
30.3	0.8	18.0	22.9	
30.3	-1.7	15.5	22.9	
18.0	0.8	-4.1	18.0	
13.1	35.2	-21.4	22.9	
-11.5	13.1	-16.4	18.0	
-4.1	47.5	-9.1	-6.6	
0.8	52.4	-4.1	10.6	
-9.1	82.0	-14.0	5.7	
18.0	96.7	10.6	15.5	
32.8	82.0	22.9	3.2	
35.2	10.6	40.1	10.6	
18.0	-23.8	30.3	-6.6	
20.5	27.8	40.1	-6.6	
22.9	20.5	57.4	0.8	
18.0	30.3	72.1	0.8	
22.9	-18.9	57.4	0.8	
18.0	-26.3	32.8	-11.5	
15.5	-26.3	22.9	-11.5	
8.2	-50.9	-4.1	-4.1	
5.7	-26.3	-11.5	-9.1	
8.2	62.3	-23.8	0.8	
15.5	25.4	-23.8	-1.7	
18.0	45.1	-33.7	-1.7	
15.5	79.5	-26.3	0.8	
10.6	32.8	20.5	-4.1	
10.6	62.3	32.8	0.8	
13.1	69.7	27.8	0.8	
18.0	113.9	47.5	-4.1	
5.7	106.6	54.9	-6.6	
-14.0	84.4	69.7	-6.6	
-6.6	25.4	62.3	-4.1	
-14.0	37.7	25.4	-11.5	
-4.1	-4.1	-4.1	-11.5	
5.7	-1.7	-60.7	15.5	
-4.1	-4.1	-60.7	42.6	
15.5	-26.3	-53.3	20.5	
8.2	-16.4	-65.6	-1.7	
-6.6	-6.6	-41.0	-21.4	
-11.5	-11.5	-31.2	-9.1	
-16.4	-4.1	-16.4	5.7	
5.7	10.6	5.7	0.8	
15.5	57.4	10.6	15.5	
20.5	101.6	32.8	10.6	
20.5	-127.1	57.4	-18.9	
22.9	305.8	59.8	-48.4	
5.7	-65.6	62.3	-28.7	
-1.7	116.4	62.3	-18.9	
18.0	185.3	52.4	10.6	
18.0	-75.5	18.0	32.8	
27.8	-80.4	-4.1	40.1	
37.7	131.2	-50.9	5.7	
32.8	131.2	-46.0	-18.9	
22.9	-4.1	-58.3	-9.1	
27.8	-16.4	-50.9	-1.7	
15.5	-70.6	-18.9	15.5	
30.3	-169.0	-18.9	42.6	
27.8	-38.6	-50.9	57.4	
30.3	-50.9	-31.2	42.6	
22.9	-65.6	-28.7	20.5	
18.0	-43.5	-6.6	25.4	
15.5	0.8	15.5	25.4	
20.5	-21.4	37.7	27.8	
8.2	18.0	54.9	25.4	
10.6	20.5	69.7	30.3	
3.2	27.8	72.1	27.8	
-18.9	42.6	99.2	27.8	
-11.5	82.0	91.8	15.5	
-1.7	69.7	67.2	18.0	
-9.1	91.8	40.1	22.9	
8.2	40.1	22.9	13.1	
13.1	67.2	35.2	-14.0	
30.3	-1.7	8.2	-31.2	
42.6	18.0	10.6	-18.9	
57.4	-9.1	13.1	15.5	
54.9	-6.6	25.4	45.1	
40.1	5.7	0.8	37.7	
40.1	-70.6	-26.3	27.8	
30.3	-85.3	3.2	15.5	
20.5	-70.6	-18.9	20.5	
18.0	-50.9	-28.7	18.0	
8.2	-1.7	-38.6	13.1	
-1.7	-1.7	-23.8	10.6	
5.7	20.5	-28.7	-1.7	
-4.1	22.9	-23.8	3.2	
-1.7	47.5	-23.8	-1.7	
0.8	35.2	-18.9	3.2	
13.1	79.5	-9.1	-1.7	
22.9	69.7	13.1	-6.6	
5.7	72.1	35.2	-1.7	
30.3	-9.1	45.1	-1.7	
27.8	-11.5	35.2	5.7	
45.1	-18.9	22.9	20.5	
32.8	-28.7	18.0	10.6	
20.5	-48.4	15.5	0.8	
18.0	-38.6	5.7	10.6	
8.2	-63.2	-14.0	5.7	
-9.1	-82.9	-14.0	0.8	
-1.7	-73.0	-18.9	10.6	
10.6	-55.8	-4.1	-11.5	
22.9	-58.3	8.2	5.7	
15.5	0.8	25.4	18.0	
25.4	-41.0	54.9	18.0	
22.9	3.2	79.5	25.4	
35.2	18.0	79.5	32.8	
13.1	40.1	40.1	27.8	
22.9	13.1	13.1	20.5	
25.4	8.2	5.7	-6.6	
32.8	25.4	-18.9	-23.8	
35.2	67.2	-31.2	-26.3	
22.9	18.0	-21.4	-14.0	
0.8	0.8	-41.0	13.1	
-4.1	-6.6	-114.8	25.4	
8.2	-87.8	-181.3	18.0	
18.0	-31.2	-87.8	18.0	
18.0	-41.0	-26.3	25.4	
8.2	-70.6	3.2	13.1	
3.2	-100.1	-1.7	8.2	
3.2	-90.2	-73.0	0.8	
0.8	-85.3	-92.7	-6.6	
-9.1	-53.3	-82.9	15.5	
-1.7	-14.0	-41.0	18.0	
-4.1	-9.1	-26.3	18.0	
-16.4	-36.1	32.8	13.1	
-1.7	-16.4	86.9	20.5	
-1.7	22.9	89.3	-1.7	
22.9	30.3	89.3	-26.3	
27.8	42.6	64.7	-18.9	
27.8	69.7	72.1	-9.1	
35.2	40.1	89.3	-6.6	
25.4	52.4	82.0	-14.0	
0.8	59.8	96.7	-6.6	
0.8	30.3	126.2	-4.1	
-9.1	40.1	99.2	-1.7	
-1.7	54.9	74.6	0.8	
-23.8	30.3	45.1	-18.9	
-14.0	0.8	30.3	0.8	
-11.5	-4.1	20.5	8.2	
-9.1	-38.6	25.4	25.4	
-6.6	-9.1	50.0	20.5	
8.2	30.3	52.4	32.8	
15.5	40.1	18.0	13.1	
22.9	32.8	-9.1	20.5	
13.1	13.1	-31.2	20.5	
0.8	-53.3	-33.7	25.4	
-1.7	52.4	-36.1	13.1	
10.6	207.4	-48.4	25.4	
5.7	52.4	-38.6	13.1	
3.2	478.0	-38.6	13.1	
8.2	-80.4	-18.9	8.2	
5.7	123.8	22.9	3.2	
10.6	-198.5	69.7	0.8	
8.2	-18.9	77.0	13.1	
5.7	89.3	59.8	15.5	
-4.1	40.1	47.5	13.1	
3.2	-137.0	42.6	22.9	
3.2	-188.6	35.2	10.6	
10.6	8.2	35.2	20.5	
8.2	-6.6	40.1	18.0	
8.2	0.8	40.1	13.1	
15.5	27.8	15.5	8.2	
37.7	64.7	30.3	-4.1	
30.3	47.5	37.7	0.8	
25.4	141.0	20.5	0.8	
20.5	145.9	27.8	-1.7	
20.5	136.1	5.7	-9.1	
22.9	150.8	-11.5	18.0	
22.9	158.2	-28.7	25.4	
25.4	165.6	-43.5	35.2	
22.9	165.6	-38.6	35.2	
18.0	101.6	-9.1	15.5	
20.5	106.6	-1.7	18.0	
8.2	54.9	-21.4	18.0	
15.5	74.6	-6.6	13.1	
18.0	57.4	50.0	3.2	
18.0	52.4	91.8	-23.8	
18.0	57.4	91.8	-6.6	
27.8	67.2	64.7	8.2	
15.5	-16.4	52.4	3.2	
18.0	25.4	32.8	13.1	
25.4	18.0	35.2	-1.7	
35.2	99.2	35.2	-14.0	
25.4	59.8	18.0	8.2	
0.8	67.2	-43.5	22.9	
0.8	69.7	-159.1	22.9	
-4.1	67.2	-208.3	27.8	
0.8	101.6	-178.8	32.8	
25.4	64.7	-124.7	18.0	
30.3	131.2	-80.4	10.6	
32.8	106.6	-65.6	5.7	
47.5	86.9	-6.6	8.2	
47.5	52.4	20.5	27.8	
42.6	15.5	40.1	20.5	
15.5	25.4	59.8	20.5	
3.2	3.2	82.0	35.2	
-6.6	25.4	82.0	35.2	
-14.0	-16.4	52.4	32.8	
-21.4	27.8	13.1	10.6	
-21.4	-9.1	-1.7	-9.1	
-14.0	5.7	3.2	-14.0	
-11.5	-53.3	5.7	-28.7	
0.8	5.7	30.3	-11.5	
15.5	22.9	35.2	5.7	
27.8	32.8	57.4	-14.0	
20.5	64.7	62.3	-23.8	
20.5	40.1	45.1	-9.1	
45.1	72.1	50.0	-16.4	
67.2	59.8	69.7	-9.1	
67.2	91.8	82.0	-6.6	
50.0	91.8	72.1	-1.7	
45.1	59.8	62.3	5.7	
40.1	40.1	50.0	10.6	
20.5	67.2	42.6	27.8	
18.0	30.3	32.8	18.0	
8.2	50.0	32.8	22.9	
-1.7	-31.2	32.8	15.5	
-11.5	-18.9	22.9	8.2	
15.5	-33.7	27.8	8.2	
22.9	-46.0	42.6	15.5	
18.0	-38.6	27.8	35.2	
15.5	-41.0	25.4	15.5	
8.2	-16.4	25.4	27.8	
13.1	-14.0	25.4	27.8	
22.9	13.1	37.7	20.5	
32.8	59.8	10.6	10.6	
37.7	79.5	-21.4	5.7	
40.1	99.2	-11.5	3.2	
27.8	77.0	-21.4	3.2	
18.0	116.4	-9.1	-4.1	
5.7	145.9	-4.1	0.8	
3.2	128.7	-21.4	10.6	
-11.5	64.7	-1.7	-4.1	
-11.5	57.4	-21.4	-9.1	
-4.1	62.3	-18.9	5.7	
-4.1	101.6	-11.5	0.8	
3.2	74.6	5.7	-1.7	
8.2	27.8	-21.4	-1.7	
35.2	13.1	-38.6	8.2	
45.1	13.1	-14.0	-11.5	
47.5	25.4	-14.0	-4.1	
35.2	37.7	10.6	-11.5	
20.5	99.2	5.7	-4.1	
22.9	104.1	-23.8	-6.6	
27.8	18.0	-23.8	-6.6	
10.6	96.7	-36.1	-9.1	
15.5	347.6	-38.6	-11.5	
-4.1	-90.2	-43.5	-6.6	
-1.7	101.6	-28.7	15.5	
0.8	232.0	-36.1	-1.7	
0.8	291.1	-60.7	3.2	
0.8	-1.7	-48.4	-4.1	
5.7	236.9	-14.0	-4.1	
22.9	-137.0	54.9	0.8	
15.5	276.3	62.3	-6.6	
13.1	64.7	59.8	-4.1	
27.8	104.1	42.6	10.6	
22.9	-198.5	59.8	13.1	
13.1	89.3	37.7	8.2	
3.2	116.4	32.8	-14.0	
3.2	89.3	32.8	-4.1	
3.2	104.1	47.5	3.2	
-26.3	96.7	37.7	8.2	
-14.0	121.3	22.9	27.8	
-9.1	138.5	0.8	10.6	
8.2	131.2	3.2	22.9	
42.6	212.3	18.0	8.2	
62.3	148.4	37.7	-16.4	
47.5	109.0	27.8	-4.1	
57.4	72.1	30.3	-11.5	
52.4	74.6	15.5	8.2	
35.2	104.1	8.2	13.1	
22.9	50.0	15.5	18.0	
32.8	30.3	13.1	0.8	
35.2	5.7	18.0	-18.9	
22.9	35.2	15.5	-21.4	
18.0	22.9	18.0	0.8	
25.4	-1.7	8.2	8.2	
20.5	-11.5	-14.0	20.5	
35.2	-50.9	-18.9	25.4	
27.8	-23.8	3.2	27.8	
20.5	64.7	3.2	22.9	
30.3	54.9	0.8	5.7	
18.0	99.2	5.7	-21.4	
20.5	101.6	32.8	-4.1	
15.5	35.2	37.7	10.6	
40.1	91.8	67.2	20.5	
40.1	94.3	84.4	40.1	
22.9	57.4	50.0	57.4	
20.5	123.8	25.4	69.7	
15.5	20.5	3.2	62.3	
20.5	40.1	-16.4	69.7	
18.0	30.3	-33.7	69.7	
22.9	84.4	-58.3	47.5	
18.0	67.2	-68.1	20.5	
-9.1	10.6	-53.3	3.2	
-18.9	45.1	-38.6	5.7	
-26.3	50.0	-16.4	-50.9	
-33.7	22.9	-11.5	-105.0	
-21.4	-97.6	-21.4	-105.0	
-31.2	-68.1	-4.1	-70.6	
-11.5	-92.7	-9.1	-31.2	
-14.0	-33.7	-28.7	-41.0	
-1.7	-50.9	-53.3	-31.2	
42.6	-11.5	-58.3	-9.1	
57.4	18.0	-33.7	-9.1	
54.9	54.9	-4.1	5.7	
54.9	57.4	8.2	20.5	
50.0	10.6	30.3	32.8	
47.5	72.1	40.1	30.3	
30.3	32.8	32.8	25.4	
22.9	-28.7	62.3	-11.5	
30.3	-73.0	42.6	-6.6	
15.5	-36.1	57.4	8.2	
18.0	-87.8	79.5	8.2	
18.0	-23.8	59.8	-9.1	
8.2	-144.4	30.3	-16.4	
10.6	-102.5	3.2	27.8	
5.7	-132.1	-36.1	52.4	
0.8	-127.1	-53.3	37.7	
13.1	-77.9	-28.7	27.8	
10.6	-105.0	-11.5	18.0	
13.1	-60.7	40.1	40.1	
0.8	-23.8	59.8	32.8	
8.2	-14.0	59.8	37.7	
-1.7	3.2	59.8	32.8	
-9.1	-50.9	50.0	40.1	
-9.1	-14.0	42.6	57.4	
-14.0	5.7	45.1	67.2	
-26.3	5.7	59.8	82.0	
13.1	5.7	22.9	111.5	
47.5	-1.7	20.5	50.0	
57.4	-60.7	0.8	-53.3	
67.2	-63.2	-1.7	-92.7	
69.7	-55.8	-4.1	-90.2	
32.8	-77.9	-14.0	-100.1	
45.1	-48.4	-9.1	-102.5	
47.5	-55.8	13.1	-112.4	
52.4	-16.4	8.2	-33.7	
52.4	-77.9	0.8	59.8	
57.4	-55.8	15.5	74.6	
67.2	-41.0	15.5	64.7	
64.7	40.1	30.3	57.4	
72.1	-16.4	27.8	0.8	
67.2	-577.3	54.9	-53.3	
47.5	-294.4	64.7	-33.7	
35.2	25.4	84.4	-9.1	
25.4	27.8	84.4	-16.4	
50.0	-43.5	74.6	-36.1	
35.2	239.4	69.7	15.5	
20.5	192.7	62.3	20.5	
15.5	-63.2	42.6	45.1	
18.0	-43.5	5.7	62.3	
15.5	214.8	-26.3	5.7	
22.9	62.3	-16.4	-60.7	
40.1	52.4	8.2	-119.8	
30.3	-6.6	47.5	-105.0	
22.9	-137.0	62.3	-28.7	
10.6	37.7	94.3	-33.7	
8.2	47.5	91.8	-36.1	
15.5	42.6	101.6	-1.7	
8.2	52.4	111.5	20.5	
18.0	89.3	116.4	52.4	
42.6	96.7	62.3	62.3	
40.1	86.9	37.7	67.2	
42.6	111.5	15.5	35.2	
37.7	89.3	20.5	5.7	
37.7	99.2	-11.5	3.2	
40.1	113.9	-1.7	-43.5	
18.0	109.0	30.3	-16.4	
27.8	116.4	27.8	-9.1	
27.8	64.7	15.5	8.2	
25.4	45.1	35.2	40.1	
18.0	45.1	62.3	35.2	
8.2	15.5	74.6	57.4	
0.8	30.3	50.0	57.4	
13.1	-1.7	18.0	27.8	
18.0	13.1	-21.4	-16.4	
20.5	-11.5	-41.0	-26.3	
15.5	-70.6	-9.1	8.2	
27.8	-55.8	-4.1	27.8	
22.9	-23.8	-23.8	37.7	
13.1	13.1	3.2	20.5	
0.8	32.8	8.2	-11.5	
3.2	3.2	18.0	-36.1	
18.0	13.1	32.8	-48.4	
3.2	30.3	42.6	-58.3	
18.0	-1.7	30.3	-18.9	
18.0	3.2	25.4	20.5	
5.7	54.9	-4.1	74.6	
-9.1	89.3	10.6	111.5	
15.5	82.0	47.5	113.9	
27.8	40.1	67.2	113.9	
35.2	22.9	57.4	113.9	
47.5	27.8	47.5	72.1	
47.5	20.5	18.0	25.4	
32.8	5.7	-9.1	-33.7	
27.8	5.7	-58.3	-53.3	
8.2	-23.8	-63.2	35.2	
15.5	-41.0	-60.7	74.6	
0.8	-16.4	-68.1	45.1	
-1.7	-18.9	-28.7	-1.7	
-18.9	64.7	0.8	-70.6	
-1.7	30.3	47.5	-114.8	
-9.1	32.8	62.3	-137.0	
-4.1	62.3	72.1	-134.5	
3.2	45.1	69.7	-63.2	
15.5	40.1	72.1	-53.3	
8.2	47.5	64.7	-9.1	
-4.1	96.7	67.2	-23.8	
10.6	101.6	64.7	-11.5	
8.2	67.2	64.7	-4.1	
22.9	50.0	47.5	-11.5	
18.0	25.4	64.7	15.5	
25.4	22.9	72.1	32.8	
20.5	18.0	57.4	37.7	
8.2	15.5	52.4	30.3	
13.1	-28.7	37.7	3.2	
25.4	25.4	18.0	15.5	
18.0	-36.1	5.7	45.1	
-1.7	-16.4	-26.3	89.3	
-11.5	-14.0	-38.6	111.5	
-6.6	27.8	-9.1	106.6	
-16.4	20.5	-6.6	94.3	
-18.9	47.5	3.2	-28.7	
13.1	13.1	-14.0	-198.5	
37.7	86.9	-14.0	-240.3	
59.8	20.5	-23.8	-156.7	
52.4	67.2	-58.3	-60.7	
59.8	101.6	-65.6	180.4	
62.3	45.1	-58.3	128.7	
47.5	67.2	-14.0	20.5	
42.6	35.2	8.2	-26.3	
30.3	69.7	30.3	13.1	
25.4	42.6	62.3	8.2	
13.1	62.3	64.7	13.1	
18.0	40.1	64.7	32.8	
3.2	15.5	59.8	59.8	
0.8	37.7	35.2	64.7	
-1.7	-9.1	27.8	59.8	
-11.5	-11.5	27.8	3.2	
-9.1	15.5	25.4	-18.9	
3.2	89.3	25.4	-6.6	
-1.7	82.0	15.5	37.7	
-9.1	148.4	15.5	113.9	
-9.1	271.4	8.2	143.5	
0.8	-1.7	3.2	165.6	
0.8	20.5	27.8	101.6	
20.5	69.7	54.9	13.1	
20.5	158.2	50.0	-53.3	
18.0	278.8	20.5	-58.3	
20.5	-43.5	-1.7	27.8	
18.0	-18.9	-1.7	69.7	
8.2	77.0	-1.7	94.3	
-1.7	42.6	-9.1	109.0	
3.2	0.8	-4.1	-70.6	
-6.6	-191.1	13.1	-304.3	
-9.1	-223.1	-14.0	-169.0	
-6.6	-55.8	-31.2	-105.0	
-4.1	-36.1	-33.7	-73.0	
-1.7	-43.5	-23.8	-55.8	
0.8	-14.0	-18.9	-60.7	
0.8	42.6	-28.7	-53.3	
18.0	32.8	-31.2	-55.8	
42.6	74.6	-68.1	-23.8	
42.6	101.6	-65.6	5.7	
32.8	131.2	-38.6	-4.1	
40.1	67.2	22.9	5.7	
27.8	57.4	82.0	-6.6	
27.8	116.4	86.9	15.5	
27.8	116.4	59.8	35.2	
20.5	64.7	57.4	20.5	
20.5	35.2	40.1	15.5	
20.5	25.4	52.4	25.4	
15.5	32.8	54.9	13.1	
25.4	25.4	20.5	25.4	
10.6	30.3	20.5	18.0	
-9.1	18.0	45.1	27.8	
-1.7	-38.6	20.5	42.6	
-9.1	-38.6	0.8	30.3	
-4.1	-1.7	-4.1	-11.5	
5.7	-36.1	18.0	-43.5	
-16.4	-31.2	27.8	-50.9	
-9.1	10.6	8.2	-43.5	
-11.5	-9.1	-1.7	0.8	
8.2	3.2	3.2	5.7	
15.5	37.7	30.3	20.5	
5.7	-11.5	50.0	62.3	
-6.6	25.4	57.4	54.9	
-6.6	25.4	54.9	13.1	
-11.5	32.8	40.1	27.8	
13.1	10.6	40.1	79.5	
15.5	-55.8	13.1	113.9	
20.5	-21.4	20.5	177.9	
32.8	-33.7	5.7	256.6	
30.3	-70.6	3.2	82.0	
27.8	-43.5	-16.4	-173.9	
13.1	-75.5	-28.7	-213.2	
32.8	-70.6	-28.7	-82.9	
32.8	-53.3	-23.8	-33.7	
8.2	-55.8	-23.8	-43.5	
18.0	-23.8	-46.0	5.7	
18.0	27.8	-41.0	145.9	
-6.6	96.7	-21.4	276.3	
-18.9	99.2	-18.9	239.4	
-26.3	99.2	-16.4	298.4	
-26.3	52.4	-4.1	291.1	
-1.7	37.7	0.8	79.5	
10.6	62.3	0.8	-255.1	
32.8	121.3	-4.1	-397.7	
37.7	84.4	-23.8	-296.9	
8.2	69.7	-4.1	-296.9	
0.8	52.4	25.4	-33.7	
-9.1	22.9	52.4	136.1	
5.7	5.7	42.6	64.7	
10.6	5.7	35.2	79.5	
22.9	128.7	8.2	195.1	
32.8	-14.0	-9.1	74.6	
18.0	-109.9	-28.7	-164.0	
27.8	-105.0	5.7	-205.9	
27.8	-58.3	45.1	-41.0	
15.5	-11.5	77.0	0.8	
22.9	22.9	74.6	-92.7	
30.3	35.2	84.4	-60.7	
20.5	-14.0	101.6	-21.4	
-1.7	50.0	109.0	-60.7	
8.2	101.6	74.6	-53.3	
18.0	67.2	40.1	-36.1	
30.3	35.2	5.7	3.2	
22.9	89.3	-31.2	-9.1	
15.5	82.0	-53.3	5.7	
22.9	54.9	-58.3	18.0	
15.5	57.4	-58.3	40.1	
13.1	45.1	-58.3	37.7	
15.5	42.6	-38.6	25.4	
27.8	-1.7	-53.3	40.1	
45.1	15.5	-33.7	42.6	
35.2	-18.9	0.8	30.3	
25.4	10.6	-6.6	30.3	
20.5	-23.8	-6.6	30.3	
20.5	-33.7	18.0	20.5	
8.2	-28.7	20.5	0.8	
-6.6	15.5	-6.6	13.1	
-6.6	13.1	40.1	3.2	
-4.1	148.4	86.9	-21.4	
-4.1	-53.3	77.0	-55.8	
18.0	298.4	45.1	-73.0	
27.8	-73.0	-6.6	62.3	
35.2	-112.4	-38.6	244.3	
15.5	-28.7	-55.8	133.6	
3.2	-137.0	-65.6	99.2	
-11.5	59.8	-85.3	101.6	
-6.6	8.2	-73.0	136.1	
-11.5	-95.2	-92.7	143.5	
-14.0	126.2	-109.9	99.2	
-9.1	32.8	-60.7	37.7	
30.3	-119.8	25.4	182.8	
37.7	-228.0	96.7	332.9	
32.8	10.6	84.4	453.4	
30.3	-9.1	69.7	264.0	
15.5	22.9	52.4	-151.7	
-4.1	8.2	54.9	-100.1	
-11.5	52.4	13.1	-264.9	
-14.0	57.4	18.0	-621.6	
-16.4	54.9	27.8	-665.9	
-14.0	96.7	47.5	-496.1	
-21.4	37.7	72.1	-213.2	
-11.5	89.3	45.1	22.9	
20.5	96.7	57.4	79.5	
27.8	123.8	82.0	84.4	
18.0	111.5	57.4	35.2	
18.0	74.6	18.0	30.3	
20.5	50.0	5.7	-18.9	
15.5	32.8	35.2	3.2	
10.6	18.0	57.4	18.0	
-6.6	20.5	57.4	-9.1	
-4.1	-21.4	40.1	8.2	
3.2	-26.3	35.2	40.1	
-4.1	-26.3	22.9	148.4	
32.8	-53.3	22.9	118.9	
57.4	-41.0	30.3	67.2	
59.8	-41.0	30.3	62.3	
62.3	20.5	32.8	77.0	
37.7	22.9	32.8	-82.9	
37.7	22.9	42.6	-129.6	
22.9	57.4	40.1	-33.7	
3.2	62.3	59.8	22.9	
-6.6	20.5	40.1	32.8	
-9.1	35.2	20.5	-14.0	
-21.4	50.0	3.2	-41.0	
-6.6	62.3	-31.2	-9.1	
15.5	40.1	-48.4	13.1	
27.8	25.4	-41.0	25.4	
32.8	-11.5	-26.3	37.7	
30.3	25.4	-43.5	64.7	
22.9	3.2	-16.4	47.5	
22.9	-21.4	-41.0	27.8	
20.5	15.5	-41.0	30.3	
22.9	8.2	-23.8	5.7	
20.5	0.8	-1.7	-9.1	
5.7	-11.5	5.7	-11.5	
0.8	-26.3	45.1	15.5	
0.8	27.8	62.3	37.7	
8.2	3.2	74.6	32.8	
8.2	22.9	64.7	13.1	
-6.6	22.9	54.9	0.8	
-4.1	27.8	50.0	-4.1	
-1.7	52.4	47.5	10.6	
-21.4	35.2	42.6	-6.6	
-33.7	99.2	3.2	0.8	
-41.0	69.7	-41.0	10.6	
-36.1	37.7	-38.6	8.2	
13.1	37.7	-43.5	0.8	
27.8	13.1	-18.9	10.6	
40.1	13.1	-28.7	10.6	
32.8	22.9	-55.8	18.0	
30.3	0.8	-63.2	37.7	
37.7	5.7	-23.8	42.6	
27.8	-16.4	-36.1	47.5	
20.5	-18.9	-16.4	54.9	
20.5	-21.4	-4.1	37.7	
8.2	-4.1	10.6	45.1	
-6.6	35.2	32.8	32.8	
-11.5	35.2	37.7	15.5	
-23.8	52.4	32.8	32.8	
-18.9	45.1	22.9	82.0	
-9.1	40.1	32.8	200.0	
-6.6	57.4	69.7	320.6	
8.2	101.6	82.0	300.9	
10.6	84.4	89.3	158.2	
15.5	22.9	77.0	-1.7	
22.9	35.2	57.4	-260.0	
22.9	37.7	22.9	-449.4	
18.0	-1.7	13.1	-267.4	
8.2	8.2	-14.0	-225.5	
5.7	32.8	-41.0	-70.6	
8.2	18.0	-16.4	160.7	
20.5	8.2	-16.4	118.9	
18.0	-6.6	15.5	177.9	
27.8	-21.4	84.4	212.3	
42.6	-21.4	52.4	187.7	
42.6	-11.5	-6.6	27.8	
40.1	-31.2	-38.6	-213.2	
20.5	-63.2	-68.1	-223.1	
0.8	-210.8	-92.7	3.2	
-9.1	212.3	-82.9	-117.3	
-21.4	229.6	-28.7	-208.3	
-11.5	57.4	-28.7	-151.7	
-6.6	-181.3	-18.9	-294.4	
-6.6	168.1	-26.3	-210.8	
22.9	-127.1	-70.6	-58.3	
5.7	8.2	-31.2	20.5	
-9.1	-122.2	57.4	13.1	
-11.5	-437.1	118.9	-46.0	
-6.6	246.8	163.1	-1.7	
3.2	-36.1	148.4	52.4	
18.0	-225.5	96.7	86.9	
18.0	-117.3	57.4	57.4	
18.0	3.2	37.7	0.8	
20.5	15.5	8.2	5.7	
27.8	-26.3	-9.1	10.6	
20.5	0.8	22.9	45.1	
15.5	22.9	3.2	47.5	
30.3	18.0	-26.3	8.2	
15.5	20.5	-58.3	15.5	
25.4	15.5	-43.5	22.9	
32.8	57.4	-1.7	27.8	
15.5	30.3	-9.1	50.0	
13.1	79.5	13.1	40.1	
13.1	79.5	13.1	18.0	
15.5	69.7	20.5	10.6	
13.1	5.7	25.4	8.2	
15.5	-16.4	42.6	30.3	
15.5	18.0	57.4	27.8	
13.1	57.4	45.1	-4.1	
18.0	25.4	35.2	15.5	
15.5	5.7	35.2	35.2	
18.0	22.9	27.8	69.7	
13.1	-6.6	35.2	42.6	
15.5	-4.1	50.0	45.1	
-11.5	-9.1	62.3	18.0	
-9.1	-36.1	62.3	8.2	
-4.1	54.9	25.4	8.2	
-4.1	77.0	-21.4	5.7	
-14.0	47.5	-46.0	8.2	
10.6	50.0	-85.3	13.1	
25.4	50.0	-75.5	5.7	
32.8	47.5	-82.9	0.8	
27.8	13.1	-90.2	15.5	
20.5	121.3	-63.2	8.2	
3.2	64.7	-53.3	8.2	
-14.0	62.3	-28.7	-1.7	
3.2	20.5	-16.4	-11.5	
-6.6	32.8	-4.1	3.2	
-11.5	32.8	15.5	3.2	
8.2	-11.5	37.7	5.7	
15.5	-6.6	82.0	-6.6	
15.5	-18.9	96.7	8.2	
25.4	18.0	77.0	-21.4	
20.5	-28.7	82.0	15.5	
13.1	-11.5	91.8	42.6	
-4.1	-28.7	57.4	82.0	
13.1	27.8	15.5	113.9	
15.5	13.1	-50.9	121.3	
5.7	-11.5	-87.8	79.5	
27.8	13.1	-28.7	-33.7	
37.7	32.8	0.8	-134.5	
47.5	42.6	5.7	-151.7	
67.2	64.7	3.2	-92.7	
52.4	77.0	-28.7	-21.4	
37.7	69.7	-80.4	-6.6	
27.8	77.0	-114.8	0.8	
13.1	10.6	-114.8	30.3	
10.6	27.8	-87.8	22.9	
0.8	22.9	-26.3	5.7	
8.2	-11.5	18.0	-1.7	
27.8	18.0	42.6	0.8	
42.6	25.4	72.1	-18.9	
42.6	-6.6	45.1	-16.4	
40.1	-38.6	5.7	3.2	
13.1	-11.5	3.2	30.3	
-6.6	-31.2	8.2	18.0	
-21.4	-4.1	30.3	32.8	
-11.5	15.5	20.5	47.5	
0.8	20.5	15.5	35.2	
18.0	37.7	-18.9	37.7	
30.3	30.3	-28.7	37.7	
27.8	37.7	-31.2	15.5	
13.1	27.8	-41.0	5.7	
8.2	67.2	-4.1	-6.6	
13.1	72.1	99.2	3.2	
15.5	69.7	177.9	37.7	
15.5	54.9	207.4	20.5	
25.4	37.7	170.5	-11.5	
20.5	3.2	106.6	-26.3	
10.6	8.2	62.3	-21.4	
-1.7	10.6	42.6	10.6	
5.7	22.9	37.7	13.1	
-1.7	3.2	18.0	20.5	
3.2	5.7	-21.4	-1.7	
3.2	18.0	-119.8	13.1	
0.8	15.5	-191.1	64.7	
5.7	5.7	-149.3	99.2	
18.0	27.8	-85.3	104.1	
25.4	153.3	-28.7	35.2	
20.5	126.2	13.1	-48.4	
8.2	313.2	37.7	-82.9	
0.8	-38.6	37.7	-112.4	
-1.7	86.9	27.8	-137.0	
3.2	214.8	52.4	-112.4	
13.1	173.0	74.6	-4.1	
32.8	-188.6	67.2	45.1	
32.8	-14.0	52.4	54.9	
30.3	165.6	0.8	57.4	
22.9	141.0	-21.4	74.6	
32.8	-11.5	-41.0	54.9	
32.8	-154.2	-55.8	62.3	
32.8	-205.9	-58.3	84.4	
13.1	5.7	-90.2	35.2	
10.6	-4.1	-95.2	-18.9	
20.5	30.3	-80.4	-85.3	
15.5	40.1	-68.1	-53.3	
5.7	62.3	42.6	8.2	
-1.7	64.7	123.8	-1.7	
-4.1	54.9	138.5	-33.7	
-6.6	67.2	116.4	5.7	
10.6	59.8	84.4	-4.1	
3.2	84.4	64.7	-1.7	
3.2	52.4	54.9	-18.9	
3.2	118.9	32.8	-33.7	
5.7	77.0	-1.7	-14.0	
5.7	67.2	-16.4	45.1	
10.6	20.5	-16.4	59.8	
-9.1	5.7	-1.7	22.9	
15.5	32.8	15.5	-21.4	
18.0	5.7	10.6	-46.0	
5.7	42.6	0.8	-90.2	
-1.7	-16.4	-16.4	-36.1	
10.6	0.8	-33.7	8.2	
8.2	-11.5	-60.7	-36.1	
-14.0	13.1	-48.4	-60.7	
-9.1	-6.6	-53.3	-14.0	
3.2	22.9	-38.6	10.6	
3.2	20.5	-28.7	-16.4	
8.2	57.4	-14.0	-4.1	
3.2	-4.1	-11.5	32.8	
20.5	62.3	-33.7	57.4	
22.9	22.9	-28.7	86.9	
47.5	22.9	-21.4	79.5	
72.1	-43.5	-11.5	62.3	
50.0	-21.4	27.8	0.8	
40.1	69.7	45.1	-43.5	
20.5	8.2	111.5	-6.6	
-9.1	32.8	158.2	-14.0	
-21.4	35.2	138.5	20.5	
-18.9	45.1	96.7	42.6	
-11.5	20.5	37.7	-16.4	
-18.9	-6.6	3.2	25.4	
3.2	-9.1	-16.4	84.4	
3.2	10.6	-38.6	64.7	
22.9	-18.9	-60.7	-1.7	
32.8	-18.9	-23.8	-50.9	
42.6	20.5	-16.4	-50.9	
30.3	37.7	15.5	-97.6	
20.5	25.4	27.8	-75.5	
25.4	62.3	22.9	3.2	
20.5	8.2	32.8	62.3	
20.5	57.4	35.2	86.9	
18.0	64.7	18.0	82.0	
5.7	57.4	-9.1	25.4	
8.2	62.3	-38.6	42.6	
3.2	64.7	-100.1	-50.9	
10.6	13.1	-107.5	-53.3	
10.6	5.7	-50.9	-63.2	
18.0	45.1	-1.7	-73.0	
20.5	32.8	-21.4	-41.0	
20.5	10.6	8.2	-36.1	
15.5	-16.4	25.4	-6.6	
10.6	27.8	8.2	13.1	
5.7	8.2	-31.2	79.5	
3.2	13.1	-36.1	82.0	
10.6	-9.1	-28.7	74.6	
3.2	15.5	20.5	-6.6	
10.6	8.2	57.4	-1.7	
5.7	0.8	99.2	18.0	
0.8	52.4	109.0	37.7	
5.7	67.2	52.4	62.3	
22.9	42.6	3.2	136.1	
45.1	64.7	18.0	158.2	
52.4	64.7	8.2	136.1	
42.6	67.2	8.2	113.9	
8.2	50.0	42.6	111.5	
-1.7	-9.1	13.1	15.5	
-21.4	20.5	-50.9	-14.0	
-26.3	18.0	-100.1	-109.9	
-28.7	5.7	-100.1	-139.4	
-31.2	8.2	-43.5	-75.5	
-43.5	8.2	52.4	-1.7	
-33.7	8.2	116.4	10.6	
-28.7	-16.4	91.8	-4.1	
-28.7	-1.7	37.7	-21.4	
-26.3	27.8	22.9	-28.7	
-21.4	18.0	32.8	-16.4	
-4.1	27.8	52.4	18.0	
25.4	291.1	67.2	45.1	
59.8	320.6	40.1	47.5	
45.1	421.4	0.8	64.7	
18.0	-6.6	-70.6	52.4	
-9.1	-21.4	-112.4	32.8	
-26.3	-149.3	-117.3	0.8	
-36.1	72.1	-117.3	-68.1	
-41.0	-282.1	-92.7	-50.9	
-53.3	22.9	-80.4	8.2	
-41.0	-348.5	-73.0	10.6	
-6.6	-65.6	-41.0	25.4	
5.7	-18.9	-23.8	30.3	
-14.0	-18.9	-14.0	57.4	
8.2	-429.7	-4.1	59.8	
0.8	-218.2	-9.1	57.4	
-4.1	-223.1	25.4	20.5	
3.2	-210.8	37.7	10.6	
8.2	-146.8	30.3	32.8	
5.7	-85.3	20.5	-55.8	
3.2	-73.0	40.1	-68.1	
30.3	-41.0	59.8	-92.7	
45.1	13.1	50.0	-95.2	
47.5	-6.6	15.5	-55.8	
40.1	25.4	0.8	-23.8	
27.8	40.1	-63.2	18.0	
22.9	37.7	-134.5	64.7	
27.8	62.3	-132.1	67.2	
42.6	30.3	-100.1	32.8	
45.1	54.9	-73.0	37.7	
52.4	32.8	-43.5	67.2	
40.1	32.8	-28.7	84.4	
22.9	25.4	-1.7	86.9	
13.1	-31.2	-11.5	10.6	
32.8	-4.1	-11.5	-65.6	
35.2	5.7	0.8	-46.0	
30.3	-11.5	35.2	25.4	
35.2	-36.1	5.7	47.5	
27.8	15.5	-18.9	62.3	
27.8	8.2	-23.8	91.8	
3.2	35.2	-14.0	123.8	
-16.4	45.1	-18.9	123.8	
-21.4	18.0	-46.0	104.1	
-31.2	27.8	-36.1	47.5	
-21.4	22.9	13.1	-43.5	
-14.0	37.7	47.5	-117.3	
0.8	118.9	30.3	-77.9	
18.0	22.9	27.8	-43.5	
22.9	18.0	15.5	-46.0	
32.8	25.4	32.8	-18.9	
32.8	30.3	-9.1	-60.7	
22.9	52.4	-46.0	-38.6	
8.2	57.4	-41.0	8.2	
8.2	5.7	-53.3	22.9	
27.8	35.2	-85.3	64.7	
30.3	-26.3	-107.5	27.8	
32.8	5.7	-114.8	-1.7	
30.3	-9.1	-70.6	-58.3	
20.5	-4.1	-77.9	-82.9	
22.9	54.9	-70.6	-85.3	
3.2	35.2	-31.2	-28.7	
-4.1	30.3	20.5	-18.9	
0.8	42.6	57.4	-18.9	
13.1	40.1	35.2	-6.6	
25.4	59.8	45.1	20.5	
18.0	59.8	84.4	72.1	
8.2	45.1	96.7	35.2	
27.8	57.4	113.9	40.1	
22.9	15.5	150.8	54.9	
15.5	3.2	150.8	40.1	
18.0	30.3	143.5	40.1	
18.0	22.9	116.4	32.8	
8.2	37.7	86.9	27.8	
-6.6	-21.4	50.0	22.9	
-9.1	0.8	20.5	22.9	
-4.1	-63.2	-11.5	42.6	
15.5	-36.1	-28.7	62.3	
10.6	-46.0	0.8	94.3	
-4.1	5.7	3.2	104.1	
-1.7	25.4	-21.4	79.5	
13.1	13.1	-82.9	-4.1	
8.2	-4.1	-87.8	-28.7	
20.5	25.4	-73.0	-73.0	
22.9	52.4	-36.1	-129.6	
22.9	32.8	8.2	-68.1	
37.7	32.8	42.6	-9.1	
45.1	35.2	37.7	10.6	
52.4	54.9	37.7	35.2	
47.5	57.4	54.9	8.2	
35.2	30.3	96.7	-9.1	
40.1	-14.0	109.0	-41.0	
47.5	-21.4	77.0	-50.9	
30.3	-36.1	20.5	-23.8	
27.8	18.0	-1.7	-31.2	
3.2	-23.8	-14.0	-18.9	
-1.7	-53.3	-33.7	22.9	
-9.1	-41.0	-50.9	64.7	
-16.4	-18.9	-31.2	64.7	
-16.4	22.9	-23.8	64.7	
-36.1	30.3	-46.0	30.3	
-16.4	42.6	-60.7	42.6	
-1.7	-97.6	-48.4	40.1	
0.8	-38.6	-23.8	-16.4	
20.5	32.8	8.2	-58.3	
37.7	69.7	13.1	-28.7	
45.1	-132.1	3.2	-16.4	
45.1	246.8	-6.6	25.4	
40.1	74.6	-48.4	-11.5	
25.4	-132.1	-82.9	-38.6	
13.1	-36.1	-48.4	-28.7	
15.5	-188.6	22.9	-26.3	
0.8	126.2	82.0	-102.5	
-1.7	-41.0	94.3	-14.0	
-16.4	-107.5	59.8	96.7	
3.2	-203.4	54.9	175.4	
20.5	25.4	30.3	165.6	
27.8	-11.5	22.9	86.9	
20.5	-4.1	3.2	-4.1	
13.1	30.3	-6.6	-16.4	
5.7	52.4	-1.7	10.6	
-21.4	25.4	-21.4	-1.7	
-11.5	45.1	-21.4	-33.7	
-1.7	20.5	25.4	47.5	
13.1	47.5	79.5	20.5	
8.2	-28.7	109.0	30.3	
22.9	5.7	150.8	10.6	
18.0	20.5	111.5	-36.1	
13.1	25.4	84.4	84.4	
5.7	47.5	32.8	-58.3	
-1.7	18.0	5.7	-9.1	
13.1	22.9	-1.7	-1.7	
18.0	13.1	-11.5	18.0	
25.4	3.2	-26.3	8.2	
37.7	8.2	-63.2	-28.7	
37.7	3.2	-80.4	-36.1	
30.3	-18.9	-100.1	-23.8	
30.3	-43.5	-95.2	64.7	
25.4	-33.7	-97.6	101.6	
27.8	3.2	-68.1	62.3	
32.8	-6.6	-21.4	-55.8	
22.9	15.5	20.5	-119.8	
32.8	-1.7	52.4	79.5	
20.5	27.8	64.7	261.5	
25.4	32.8	67.2	389.5	
3.2	57.4	59.8	271.4	
-1.7	54.9	50.0	209.9	
8.2	30.3	30.3	-73.0	
-11.5	47.5	10.6	-392.8	
-11.5	3.2	5.7	-412.5	
3.2	22.9	20.5	-264.9	
5.7	20.5	-4.1	-105.0	
13.1	25.4	-9.1	-41.0	
8.2	-11.5	52.4	-55.8	
18.0	-1.7	64.7	-58.3	
18.0	5.7	27.8	-80.4	
13.1	13.1	0.8	-90.2	
25.4	5.7	27.8	-58.3	
13.1	-18.9	20.5	-58.3	
5.7	8.2	-28.7	-21.4	
3.2	30.3	-65.6	35.2	
5.7	-4.1	-87.8	64.7	
20.5	25.4	-90.2	62.3	
25.4	47.5	-43.5	47.5	
18.0	47.5	30.3	37.7	
5.7	52.4	77.0	27.8	
0.8	42.6	79.5	77.0	
3.2	52.4	74.6	79.5	
13.1	45.1	84.4	40.1	
25.4	62.3	69.7	-55.8	
15.5	35.2	62.3	-92.7	
35.2	67.2	45.1	3.2	
18.0	5.7	5.7	42.6	
8.2	47.5	-33.7	64.7	
3.2	27.8	-58.3	18.0	
0.8	45.1	-43.5	-21.4	
3.2	13.1	-26.3	25.4	
5.7	35.2	-28.7	45.1	
5.7	35.2	-23.8	20.5	
8.2	32.8	-21.4	13.1	
8.2	0.8	10.6	20.5	
5.7	27.8	45.1	-11.5	
3.2	35.2	77.0	-43.5	
8.2	45.1	104.1	25.4	
-1.7	64.7	113.9	74.6	
-4.1	54.9	106.6	54.9	
3.2	82.0	84.4	67.2	
3.2	86.9	30.3	62.3	
5.7	79.5	-9.1	37.7	
-4.1	54.9	-48.4	52.4	
-11.5	18.0	-80.4	22.9	
-18.9	54.9	-82.9	15.5	
-11.5	22.9	-50.9	32.8	
-21.4	22.9	-16.4	57.4	
-18.9	30.3	32.8	84.4	
-18.9	37.7	79.5	121.3	
8.2	5.7	45.1	168.1	
10.6	20.5	20.5	148.4	
18.0	-1.7	5.7	104.1	
40.1	8.2	-1.7	-48.4	
50.0	18.0	20.5	-134.5	
27.8	20.5	54.9	-63.2	
27.8	96.7	72.1	-82.9	
18.0	77.0	62.3	-149.3	
13.1	214.8	5.7	-139.4	
-9.1	141.0	-38.6	-97.6	
-31.2	-112.4	-23.8	-87.8	
-4.1	165.6	8.2	-109.9	
10.6	209.9	3.2	-38.6	
-1.7	-181.3	-16.4	20.5	
-11.5	131.2	-46.0	54.9	
-9.1	173.0	-33.7	45.1	
-4.1	10.6	-85.3	-6.6	
-11.5	57.4	-107.5	-63.2	
-11.5	-92.7	-105.0	-114.8	
-1.7	-161.6	-80.4	-114.8	
8.2	5.7	-43.5	-70.6	
-4.1	-21.4	10.6	25.4	
3.2	27.8	57.4	82.0	
5.7	40.1	74.6	96.7	
22.9	25.4	59.8	67.2	
40.1	57.4	62.3	62.3	
20.5	74.6	77.0	52.4	
0.8	77.0	104.1	52.4	
-6.6	89.3	94.3	-28.7	
-6.6	77.0	62.3	-77.9	
10.6	47.5	37.7	20.5	
45.1	84.4	15.5	35.2	
45.1	59.8	0.8	47.5	
40.1	50.0	15.5	32.8	
35.2	30.3	8.2	54.9	
20.5	47.5	-6.6	86.9	
25.4	10.6	-16.4	40.1	
15.5	40.1	-11.5	32.8	
8.2	64.7	13.1	32.8	
10.6	45.1	20.5	74.6	
10.6	30.3	5.7	-26.3	
15.5	8.2	-6.6	-80.4	
-4.1	22.9	-33.7	-68.1	
0.8	62.3	-41.0	-31.2	
-11.5	45.1	-16.4	-26.3	
0.8	32.8	32.8	-14.0	
-1.7	72.1	50.0	37.7	
0.8	47.5	40.1	40.1	
-1.7	50.0	5.7	15.5	
13.1	109.0	-4.1	-21.4	
25.4	62.3	-11.5	-36.1	
22.9	89.3	-26.3	10.6	
20.5	79.5	-38.6	37.7	
13.1	74.6	-43.5	82.0	
8.2	45.1	-28.7	168.1	
18.0	86.9	0.8	266.5	
-1.7	25.4	37.7	249.2	
-6.6	54.9	-9.1	50.0	
-21.4	42.6	-23.8	-171.4	
-18.9	27.8	-53.3	-282.1	
-28.7	20.5	-97.6	-279.7	
-9.1	30.3	-85.3	-193.6	
-4.1	27.8	-70.6	-53.3	
15.5	54.9	-70.6	5.7	
18.0	5.7	-50.9	18.0	
20.5	45.1	-23.8	15.5	
13.1	-14.0	27.8	25.4	
10.6	52.4	136.1	10.6	
-14.0	50.0	212.3	-14.0	
-18.9	22.9	234.5	-14.0	
-14.0	77.0	160.7	-9.1	
-4.1	50.0	118.9	-16.4	
-14.0	32.8	74.6	0.8	
3.2	50.0	52.4	25.4	
3.2	20.5	37.7	54.9	
8.2	30.3	-21.4	54.9	
15.5	45.1	-53.3	5.7	
25.4	79.5	-102.5	-38.6	
27.8	8.2	-134.5	-41.0	
13.1	-9.1	-92.7	20.5	
18.0	8.2	-21.4	3.2	
25.4	3.2	54.9	-28.7	
13.1	-11.5	109.0	-48.4	
3.2	-36.1	118.9	57.4	
3.2	15.5	109.0	27.8	
-14.0	-4.1	99.2	22.9	
-11.5	-28.7	84.4	54.9	
-23.8	5.7	25.4	22.9	
-16.4	47.5	-23.8	-36.1	
-4.1	20.5	-70.6	8.2	
-4.1	37.7	-114.8	84.4	
-9.1	74.6	-119.8	74.6	
0.8	86.9	-92.7	84.4	
25.4	35.2	-46.0	59.8	
20.5	0.8	-50.9	8.2	
15.5	30.3	-50.9	-21.4	
5.7	13.1	10.6	-43.5	
-4.1	3.2	62.3	-68.1	
-36.1	10.6	50.0	-43.5	
-41.0	0.8	42.6	59.8	
-53.3	10.6	82.0	82.0	
-18.9	-18.9	143.5	96.7	
-9.1	3.2	170.5	121.3	
25.4	3.2	96.7	99.2	
32.8	27.8	-4.1	82.0	
47.5	10.6	-58.3	5.7	
57.4	69.7	-97.6	-68.1	
59.8	-85.3	-97.6	-124.7	
45.1	241.9	-105.0	-65.6	
32.8	30.3	-63.2	-82.9	
15.5	59.8	-38.6	-21.4	
22.9	104.1	-1.7	57.4	
18.0	79.5	32.8	77.0	
15.5	94.3	89.3	106.6	
8.2	-119.8	133.6	72.1	
-1.7	-301.8	143.5	42.6	
3.2	-97.6	128.7	15.5	
5.7	69.7	86.9	-6.6	
8.2	-4.1	57.4	-1.7	
-4.1	-129.6	40.1	30.3	
-6.6	-11.5	-16.4	52.4	
-11.5	-18.9	-58.3	10.6	
-21.4	-36.1	-53.3	-36.1	
-1.7	-21.4	-48.4	-28.7	
-9.1	15.5	-68.1	-11.5	
-18.9	-4.1	-41.0	25.4	
-23.8	45.1	-21.4	8.2	
-14.0	35.2	18.0	-21.4	
3.2	52.4	52.4	-14.0	
-9.1	30.3	30.3	-4.1	
-1.7	18.0	47.5	-9.1	
-9.1	62.3	62.3	-38.6	
-1.7	59.8	59.8	-28.7	
5.7	27.8	52.4	-43.5	
8.2	20.5	15.5	-50.9	
8.2	30.3	-1.7	-38.6	
-14.0	18.0	-41.0	59.8	
-9.1	3.2	-95.2	150.8	
-14.0	37.7	-173.9	96.7	
-14.0	35.2	-146.8	-1.7	
-14.0	0.8	-63.2	-1.7	
-14.0	-48.4	-55.8	13.1	
0.8	-1.7	-31.2	57.4	
15.5	15.5	15.5	59.8	
22.9	15.5	82.0	-6.6	
18.0	45.1	136.1	-26.3	
22.9	32.8	229.6	27.8	
10.6	42.6	227.1	40.1	
-16.4	42.6	163.1	59.8	
-41.0	59.8	96.7	32.8	
-33.7	47.5	27.8	52.4	
-14.0	91.8	35.2	15.5	
-1.7	45.1	-9.1	-14.0	
0.8	52.4	-58.3	15.5	
25.4	5.7	-68.1	35.2	
42.6	30.3	-105.0	0.8	
32.8	13.1	-146.8	-9.1	
13.1	32.8	-97.6	-33.7	
0.8	8.2	-23.8	-43.5	
3.2	13.1	0.8	-28.7	
0.8	25.4	62.3	13.1	
8.2	10.6	74.6	45.1	
8.2	-31.2	57.4	27.8	
8.2	5.7	10.6	-9.1	
13.1	54.9	-4.1	13.1	
25.4	18.0	-1.7	25.4	
27.8	45.1	-53.3	37.7	
20.5	42.6	-31.2	-6.6	
10.6	59.8	25.4	3.2	
18.0	30.3	89.3	-33.7	
13.1	37.7	118.9	-1.7	
8.2	79.5	153.3	-14.0	
-11.5	47.5	123.8	40.1	
-14.0	15.5	25.4	32.8	
-4.1	42.6	-11.5	5.7	
-16.4	22.9	-11.5	-11.5	
-14.0	72.1	-28.7	0.8	
8.2	32.8	-36.1	-1.7	
0.8	50.0	-26.3	40.1	
13.1	22.9	18.0	59.8	
20.5	57.4	-26.3	20.5	
32.8	8.2	-14.0	54.9	
22.9	22.9	20.5	64.7	
18.0	62.3	32.8	113.9	
18.0	62.3	20.5	40.1	
22.9	99.2	25.4	113.9	
30.3	82.0	-4.1	148.4	
10.6	91.8	-38.6	222.2	
-6.6	57.4	-77.9	236.9	
-11.5	106.6	-127.1	59.8	
-11.5	74.6	-95.2	-292.0	
-16.4	145.9	-11.5	-422.3	
-9.1	113.9	45.1	-373.1	
3.2	69.7	45.1	-230.5	
13.1	86.9	8.2	-77.9	
13.1	89.3	-26.3	-4.1	
15.5	67.2	-36.1	0.8	
5.7	50.0	20.5	25.4	
3.2	64.7	64.7	42.6	
0.8	52.4	79.5	32.8	
22.9	67.2	47.5	32.8	
27.8	59.8	8.2	13.1	
20.5	42.6	-21.4	35.2	
13.1	13.1	-36.1	22.9	
13.1	45.1	-14.0	5.7	
-4.1	50.0	-9.1	-1.7	
-16.4	155.8	-38.6	13.1	
-28.7	-114.8	-58.3	79.5	
-50.9	298.4	-43.5	128.7	
-46.0	-73.0	-28.7	143.5	
-48.4	32.8	8.2	133.6	
-41.0	141.0	-4.1	74.6	
-26.3	-63.2	5.7	-11.5	
-16.4	-186.2	15.5	-117.3	
10.6	5.7	30.3	-119.8	
30.3	3.2	47.5	-92.7	
32.8	22.9	52.4	-41.0	
32.8	20.5	47.5	8.2	
5.7	77.0	27.8	22.9	
8.2	-169.0	25.4	8.2	
-4.1	27.8	52.4	-1.7	
-1.7	30.3	59.8	22.9	
-1.7	-14.0	50.0	37.7	
-11.5	18.0	13.1	22.9	
-6.6	37.7	-26.3	25.4	
18.0	45.1	-46.0	-16.4	
35.2	15.5	-43.5	-38.6	
25.4	37.7	-46.0	-50.9	
30.3	99.2	-31.2	0.8	
30.3	82.0	27.8	25.4	
18.0	13.1	47.5	54.9	
13.1	84.4	52.4	94.3	
-6.6	84.4	62.3	82.0	
0.8	67.2	74.6	20.5	
-14.0	20.5	91.8	52.4	
-6.6	13.1	74.6	72.1	
8.2	-4.1	18.0	96.7	
13.1	-9.1	-18.9	62.3	
32.8	8.2	-18.9	18.0	
15.5	-14.0	-50.9	0.8	
-4.1	-28.7	-41.0	20.5	
-1.7	-68.1	-33.7	18.0	
8.2	-55.8	-50.9	45.1	
5.7	-9.1	-46.0	-31.2	
18.0	10.6	-26.3	-63.2	
35.2	-63.2	0.8	-36.1	
25.4	27.8	30.3	-68.1	
13.1	45.1	84.4	-33.7	
22.9	0.8	113.9	-6.6	
18.0	30.3	96.7	-1.7	
15.5	45.1	62.3	-18.9	
5.7	5.7	-26.3	42.6	
-9.1	27.8	-38.6	18.0	
-18.9	18.0	22.9	-28.7	
-18.9	25.4	82.0	-33.7	
-26.3	-1.7	111.5	30.3	
-4.1	-4.1	72.1	57.4	
-9.1	42.6	42.6	32.8	
0.8	-16.4	-1.7	22.9	
-4.1	13.1	-63.2	-1.7	
5.7	5.7	-46.0	-14.0	
5.7	-21.4	-14.0	0.8	
0.8	-16.4	-9.1	50.0	
-1.7	-11.5	-14.0	25.4	
3.2	18.0	-4.1	5.7	
13.1	40.1	-4.1	8.2	
22.9	57.4	-18.9	-31.2	
20.5	72.1	-28.7	35.2	
15.5	47.5	-28.7	30.3	
0.8	74.6	0.8	10.6	
13.1	47.5	40.1	-26.3	
5.7	82.0	50.0	0.8	
0.8	47.5	54.9	18.0	
8.2	37.7	82.0	50.0	
3.2	27.8	91.8	54.9	
-11.5	30.3	47.5	15.5	
5.7	15.5	-18.9	54.9	
10.6	-18.9	-33.7	91.8	
15.5	15.5	-28.7	99.2	
10.6	18.0	-28.7	91.8	
-6.6	27.8	-21.4	89.3	
-4.1	0.8	-14.0	89.3	
5.7	-11.5	-6.6	86.9	
5.7	-4.1	-4.1	77.0	
10.6	69.7	8.2	59.8	
5.7	57.4	30.3	57.4	
20.5	84.4	13.1	64.7	
30.3	86.9	-6.6	64.7	
27.8	82.0	-9.1	84.4	
22.9	59.8	-23.8	123.8	
30.3	52.4	-41.0	190.2	
18.0	77.0	-50.9	200.0	
50.0	82.0	-23.8	133.6	
59.8	35.2	-18.9	37.7	
54.9	18.0	-38.6	-169.0	
57.4	82.0	-31.2	-232.9	
45.1	67.2	3.2	-137.0	
32.8	15.5	20.5	50.0	
25.4	22.9	42.6	136.1	
15.5	30.3	54.9	133.6	
15.5	22.9	30.3	79.5	
3.2	20.5	-26.3	15.5	
15.5	10.6	-75.5	-112.4	
32.8	-6.6	-90.2	-225.5	
32.8	0.8	-68.1	-156.7	
27.8	30.3	-16.4	-70.6	
20.5	-700.3	42.6	47.5	
0.8	-53.3	59.8	128.7	
-1.7	-33.7	96.7	153.3	
-9.1	-156.7	104.1	109.0	
-11.5	-21.4	113.9	-6.6	
-1.7	355.0	131.2	-28.7	
18.0	18.0	136.1	-21.4	
5.7	-16.4	128.7	-73.0	
-4.1	123.8	163.1	-36.1	
-11.5	197.6	177.9	18.0	
-4.1	121.3	165.6	57.4	
-1.7	57.4	121.3	45.1	
5.7	79.5	67.2	-4.1	
10.6	-80.4	32.8	22.9	
18.0	45.1	25.4	79.5	
20.5	27.8	27.8	113.9	
37.7	0.8	20.5	106.6	
42.6	25.4	5.7	126.2	
13.1	-6.6	18.0	155.8	
32.8	15.5	32.8	177.9	
47.5	84.4	52.4	106.6	
47.5	79.5	45.1	45.1	
32.8	54.9	15.5	-141.9	
20.5	74.6	20.5	-85.3	
32.8	35.2	30.3	-75.5	
25.4	69.7	32.8	-169.0	
45.1	-4.1	35.2	-77.9	
15.5	35.2	25.4	138.5	
15.5	15.5	37.7	141.0	
-11.5	27.8	64.7	177.9	
-14.0	27.8	67.2	-4.1	
-31.2	15.5	30.3	-205.9	
-33.7	8.2	18.0	-141.9	
-18.9	20.5	10.6	-264.9	
-9.1	-9.1	25.4	-186.2	
18.0	-36.1	27.8	-14.0	
32.8	32.8	20.5	197.6	
37.7	15.5	-18.9	350.1	
40.1	5.7	-43.5	362.4	
5.7	-11.5	-48.4	236.9	
-14.0	37.7	-41.0	202.5	
-14.0	40.1	-11.5	-109.9	
-28.7	52.4	20.5	-232.9	
-36.1	27.8	50.0	-311.6	
-14.0	47.5	59.8	-132.1	
-9.1	52.4	47.5	-1.7	
-11.5	50.0	62.3	-65.6	
-18.9	57.4	62.3	-112.4	
3.2	13.1	57.4	-137.0	
-4.1	37.7	25.4	-97.6	
-23.8	-18.9	-14.0	22.9	
-14.0	20.5	-60.7	40.1	
-16.4	0.8	-122.2	-1.7	
-11.5	5.7	-127.1	-41.0	
-9.1	-26.3	-85.3	-55.8	
-9.1	-6.6	-53.3	-43.5	
-11.5	13.1	-73.0	-6.6	
-11.5	52.4	-90.2	18.0	
5.7	52.4	-55.8	-16.4	
-1.7	18.0	-14.0	-21.4	
-6.6	32.8	8.2	0.8	
-14.0	52.4	69.7	8.2	
-18.9	50.0	128.7	25.4	
3.2	45.1	128.7	40.1	
8.2	52.4	113.9	52.4	
8.2	40.1	106.6	64.7	
10.6	84.4	79.5	77.0	
20.5	57.4	42.6	74.6	
18.0	3.2	32.8	91.8	
22.9	54.9	27.8	128.7	
27.8	27.8	-9.1	234.5	
18.0	22.9	-60.7	298.4	
32.8	8.2	-127.1	273.8	
20.5	-1.7	-85.3	236.9	
15.5	42.6	-26.3	101.6	
10.6	42.6	18.0	-109.9	
0.8	10.6	35.2	-77.9	
10.6	22.9	30.3	67.2	
-4.1	13.1	20.5	77.0	
-6.6	47.5	-1.7	205.0	
-11.5	72.1	-16.4	-31.2	
0.8	64.7	-4.1	-442.0	
22.9	52.4	47.5	-478.9	
22.9	62.3	104.1	-333.8	
22.9	82.0	150.8	-77.9	
25.4	104.1	163.1	143.5	
20.5	77.0	148.4	296.0	
18.0	62.3	128.7	54.9	
0.8	52.4	118.9	-139.4	
-11.5	42.6	52.4	-225.5	
-4.1	47.5	-11.5	-326.4	
-11.5	45.1	-60.7	-139.4	
-6.6	32.8	-97.6	229.6	
10.6	54.9	-92.7	42.6	
3.2	45.1	-82.9	-1.7	
15.5	25.4	-38.6	-176.3	
25.4	18.0	8.2	-220.6	
18.0	42.6	52.4	-127.1	
25.4	72.1	77.0	-105.0	
22.9	84.4	94.3	-92.7	
25.4	-11.5	47.5	25.4	
18.0	109.0	30.3	72.1	
10.6	-92.7	-4.1	59.8	
3.2	-55.8	13.1	57.4	
5.7	-82.9	37.7	59.8	
10.6	300.9	37.7	67.2	
3.2	123.8	27.8	69.7	
-1.7	335.3	-1.7	50.0	
3.2	-43.5	-31.2	37.7	
13.1	-269.8	-50.9	45.1	
8.2	116.4	-18.9	35.2	
0.8	20.5	32.8	25.4	
13.1	57.4	79.5	45.1	
27.8	-171.4	91.8	74.6	
27.8	10.6	86.9	91.8	
27.8	5.7	37.7	195.1	
52.4	-23.8	10.6	291.1	
37.7	30.3	-38.6	328.0	
30.3	67.2	-38.6	283.7	
25.4	47.5	-36.1	-1.7	
27.8	86.9	-63.2	-250.1	
18.0	74.6	-65.6	-292.0	
25.4	45.1	-4.1	-203.4	
10.6	64.7	37.7	-129.6	
-11.5	77.0	82.0	-109.9	
-14.0	59.8	94.3	-68.1	
-16.4	64.7	89.3	-41.0	
-18.9	30.3	67.2	-26.3	
-18.9	37.7	54.9	18.0	
-14.0	22.9	32.8	54.9	
-4.1	15.5	5.7	91.8	
-14.0	40.1	-28.7	138.5	
0.8	25.4	-65.6	158.2	
0.8	30.3	-97.6	123.8	
3.2	-31.2	-77.9	52.4	
22.9	-23.8	-43.5	18.0	
25.4	-48.4	-14.0	109.0	
20.5	3.2	3.2	-80.4	
8.2	-21.4	3.2	-53.3	
5.7	25.4	-23.8	10.6	
0.8	13.1	-65.6	-149.3	
-9.1	35.2	-58.3	-124.7	
-21.4	67.2	-26.3	0.8	
-23.8	35.2	10.6	205.0	
-16.4	22.9	37.7	340.3	
8.2	25.4	32.8	276.3	
8.2	50.0	3.2	227.1	
20.5	25.4	-11.5	239.4	
37.7	-1.7	22.9	-80.4	
22.9	13.1	42.6	-424.8	
32.8	0.8	62.3	-299.3	
27.8	22.9	67.2	-60.7	
22.9	5.7	91.8	-107.5	
8.2	20.5	84.4	-92.7	
8.2	20.5	69.7	-55.8	
3.2	-11.5	40.1	-82.9	
-1.7	-16.4	27.8	-28.7	
8.2	-14.0	40.1	126.2	
-1.7	-6.6	-1.7	45.1	
13.1	15.5	5.7	-63.2	
13.1	69.7	25.4	-53.3	
15.5	40.1	15.5	-9.1	
5.7	20.5	15.5	77.0	
-4.1	37.7	8.2	86.9	
15.5	59.8	30.3	192.7	
22.9	59.8	32.8	300.9	
15.5	30.3	8.2	244.3	
0.8	32.8	-28.7	273.8	
13.1	8.2	-38.6	160.7	
42.6	8.2	-60.7	-171.4	
22.9	-26.3	-43.5	-407.6	
18.0	22.9	8.2	-255.1	
-6.6	-14.0	69.7	-139.4	
-16.4	5.7	62.3	-198.5	
-48.4	18.0	32.8	-154.2	
-26.3	3.2	-21.4	-60.7	
-28.7	-18.9	-75.5	-14.0	
-11.5	-18.9	-92.7	37.7	
13.1	54.9	-70.6	69.7	
8.2	32.8	-50.9	89.3	
5.7	89.3	-4.1	138.5	
-1.7	54.9	-9.1	160.7	
-4.1	79.5	-9.1	89.3	
-11.5	22.9	-26.3	42.6	
8.2	74.6	18.0	37.7	
8.2	57.4	37.7	-38.6	
10.6	40.1	69.7	-139.4	
18.0	15.5	72.1	-80.4	
30.3	52.4	94.3	-33.7	
8.2	40.1	99.2	-21.4	
10.6	15.5	136.1	-63.2	
10.6	25.4	84.4	-60.7	
-4.1	-4.1	10.6	-1.7	
-16.4	37.7	-33.7	37.7	
-18.9	25.4	-26.3	59.8	
3.2	-4.1	-18.9	47.5	
3.2	8.2	-16.4	35.2	
13.1	-4.1	-11.5	13.1	
25.4	22.9	-4.1	8.2	
27.8	54.9	25.4	30.3	
32.8	-31.2	27.8	54.9	
37.7	121.3	35.2	40.1	
30.3	212.3	45.1	18.0	
15.5	15.5	35.2	22.9	
18.0	79.5	32.8	-6.6	
8.2	254.2	47.5	-18.9	
0.8	20.5	45.1	10.6	
5.7	-112.4	15.5	8.2	
3.2	-43.5	-28.7	5.7	
-1.7	-114.8	-55.8	-9.1	
0.8	-14.0	-48.4	25.4	
-1.7	18.0	-41.0	25.4	
10.6	-41.0	-4.1	18.0	
15.5	-176.3	18.0	35.2	
3.2	-16.4	20.5	57.4	
-11.5	0.8	22.9	67.2	
-16.4	-14.0	50.0	123.8	
-1.7	18.0	94.3	239.4	
-11.5	72.1	128.7	426.4	
5.7	50.0	155.8	519.8	
-1.7	57.4	155.8	428.8	
8.2	77.0	116.4	192.7	
-9.1	79.5	72.1	-109.9	
-4.1	64.7	8.2	-747.1	
-6.6	64.7	-21.4	-788.9	
-14.0	104.1	-36.1	-405.1	
-6.6	67.2	-109.9	-188.6	
-4.1	59.8	-141.9	18.0	
8.2	69.7	-176.3	96.7	
10.6	69.7	-137.0	5.7	
15.5	15.5	-122.2	-21.4	
10.6	72.1	-68.1	3.2	
3.2	20.5	-14.0	15.5	
-4.1	22.9	52.4	-46.0	
-9.1	3.2	121.3	-63.2	
3.2	20.5	126.2	3.2	
3.2	20.5	123.8	-9.1	
15.5	22.9	111.5	-4.1	
13.1	45.1	72.1	-18.9	
27.8	54.9	3.2	-48.4	
22.9	69.7	-28.7	-60.7	
18.0	47.5	-105.0	-9.1	
25.4	67.2	-87.8	-28.7	
18.0	69.7	-73.0	13.1	
13.1	50.0	-55.8	89.3	
15.5	104.1	-1.7	86.9	
18.0	54.9	50.0	15.5	
8.2	67.2	64.7	-38.6	
5.7	8.2	59.8	-70.6	
-4.1	20.5	37.7	-53.3	
-14.0	59.8	40.1	22.9	
0.8	-4.1	25.4	42.6	
-16.4	42.6	20.5	57.4	
-11.5	5.7	18.0	67.2	
8.2	-9.1	13.1	50.0	
8.2	-14.0	18.0	40.1	
22.9	27.8	-21.4	42.6	
32.8	37.7	-50.9	104.1	
15.5	5.7	-53.3	246.8	
30.3	15.5	-43.5	244.3	
5.7	47.5	-41.0	50.0	
8.2	30.3	-33.7	-26.3	
15.5	5.7	-4.1	67.2	
27.8	32.8	35.2	160.7	
15.5	35.2	40.1	131.2	
27.8	40.1	82.0	-4.1	
25.4	74.6	96.7	-92.7	
10.6	47.5	82.0	-1.7	
-1.7	40.1	67.2	273.8	
-9.1	35.2	37.7	313.2	
-1.7	27.8	10.6	219.7	
27.8	8.2	3.2	-38.6	
25.4	37.7	18.0	-237.8	
25.4	-18.9	32.8	-159.1	
40.1	-26.3	35.2	50.0	
37.7	-21.4	32.8	-33.7	
47.5	-36.1	20.5	10.6	
45.1	-1.7	3.2	-353.5	
42.6	22.9	-33.7	-341.2	
54.9	27.8	-36.1	-28.7	
57.4	30.3	-41.0	123.8	
45.1	42.6	-26.3	89.3	
25.4	3.2	-16.4	52.4	
3.2	-9.1	-43.5	-92.7	
-14.0	-6.6	-85.3	-331.3	
-28.7	15.5	-102.5	-250.1	
-18.9	25.4	-146.8	-134.5	
-28.7	32.8	-80.4	-95.2	
-1.7	27.8	8.2	-28.7	
8.2	0.8	47.5	45.1	
27.8	-26.3	59.8	57.4	
30.3	15.5	57.4	45.1	
27.8	-6.6	50.0	42.6	
25.4	13.1	15.5	52.4	
27.8	-26.3	3.2	42.6	
27.8	-18.9	-11.5	25.4	
20.5	22.9	-38.6	42.6	
32.8	0.8	-23.8	30.3	
15.5	15.5	-1.7	37.7	
20.5	3.2	22.9	35.2	
5.7	249.2	30.3	45.1	
3.2	143.5	18.0	30.3	
-9.1	185.3	18.0	35.2	
-14.0	-50.9	8.2	47.5	
-18.9	18.0	15.5	27.8	
-14.0	77.0	27.8	37.7	
-9.1	-65.6	40.1	10.6	
5.7	286.1	79.5	5.7	
-4.1	-21.4	86.9	25.4	
-4.1	35.2	37.7	52.4	
3.2	0.8	8.2	54.9	
5.7	45.1	10.6	45.1	
3.2	-203.4	27.8	40.1	
-1.7	-119.8	47.5	27.8	
-9.1	40.1	47.5	42.6	
-9.1	0.8	64.7	30.3	
5.7	8.2	84.4	37.7	
-16.4	0.8	74.6	15.5	
-31.2	-4.1	52.4	3.2	
-14.0	8.2	13.1	5.7	
-11.5	45.1	0.8	5.7	
10.6	42.6	-31.2	-1.7	
13.1	57.4	-28.7	8.2	
32.8	64.7	22.9	3.2	
45.1	86.9	35.2	0.8	
42.6	77.0	18.0	-4.1	
40.1	59.8	8.2	-33.7	
35.2	74.6	-77.9	-21.4	
37.7	86.9	-105.0	3.2	
37.7	32.8	-156.7	13.1	
27.8	45.1	-105.0	57.4	
15.5	40.1	-53.3	72.1	
8.2	50.0	3.2	45.1	
5.7	32.8	62.3	0.8	
-11.5	18.0	86.9	-90.2	
15.5	18.0	86.9	-58.3	
3.2	0.8	113.9	3.2	
3.2	-6.6	101.6	30.3	
0.8	-9.1	111.5	69.7	
3.2	18.0	126.2	128.7	
8.2	25.4	136.1	91.8	
-1.7	32.8	86.9	-4.1	
0.8	67.2	77.0	-28.7	
-9.1	42.6	50.0	-41.0	
-26.3	47.5	30.3	-14.0	
-23.8	-4.1	-46.0	-31.2	
-14.0	20.5	-124.7	15.5	
-4.1	35.2	-200.9	35.2	
18.0	-1.7	-159.1	42.6	
20.5	40.1	-102.5	30.3	
22.9	35.2	-73.0	20.5	
25.4	0.8	18.0	-9.1	
25.4	25.4	57.4	-28.7	
25.4	-6.6	52.4	10.6	
22.9	10.6	45.1	50.0	
15.5	-9.1	50.0	113.9	
20.5	-14.0	54.9	133.6	
25.4	25.4	40.1	148.4	
8.2	50.0	18.0	145.9	
-4.1	35.2	5.7	0.8	
3.2	62.3	-21.4	-186.2	
8.2	67.2	-31.2	-137.0	
8.2	42.6	-36.1	67.2	
10.6	64.7	-16.4	185.3	
20.5	69.7	18.0	249.2	
15.5	54.9	45.1	153.3	
8.2	72.1	50.0	-85.3	
18.0	47.5	37.7	84.4	
30.3	57.4	27.8	40.1	
22.9	40.1	-9.1	35.2	
22.9	37.7	-53.3	67.2	
10.6	25.4	-38.6	89.3	
-1.7	10.6	-11.5	-252.6	
-18.9	-4.1	5.7	-287.0	
-9.1	30.3	37.7	-156.7	
-16.4	-6.6	67.2	-191.1	
-1.7	27.8	64.7	-218.2	
3.2	0.8	52.4	-166.5	
22.9	64.7	15.5	13.1	
22.9	42.6	30.3	45.1	
5.7	62.3	104.1	91.8	
-1.7	79.5	118.9	101.6	
-16.4	74.6	77.0	99.2	
-16.4	69.7	35.2	131.2	
-11.5	62.3	5.7	84.4	
-11.5	37.7	-9.1	77.0	
-18.9	42.6	-4.1	195.1	
5.7	59.8	-6.6	441.1	
3.2	67.2	5.7	145.9	
18.0	54.9	22.9	67.2	
15.5	35.2	54.9	-169.0	
18.0	74.6	13.1	-314.1	
22.9	27.8	-9.1	-368.2	
18.0	3.2	18.0	-257.5	
13.1	13.1	20.5	5.7	
8.2	8.2	10.6	118.9	
3.2	15.5	50.0	99.2	
3.2	-9.1	54.9	10.6	
10.6	32.8	20.5	-46.0	
13.1	18.0	-1.7	-134.5	
8.2	-137.0	-23.8	-100.1	
8.2	-114.8	-21.4	-18.9	
-1.7	22.9	-11.5	0.8	
-6.6	-21.4	15.5	15.5	
0.8	47.5	35.2	27.8	
-4.1	241.9	25.4	47.5	
8.2	-60.7	20.5	52.4	
18.0	249.2	20.5	45.1	
35.2	-11.5	-1.7	32.8	
32.8	-360.8	-26.3	18.0	
32.8	99.2	-41.0	22.9	
10.6	-16.4	-36.1	72.1	
8.2	-73.0	-41.0	109.0	
5.7	-223.1	-33.7	82.0	
8.2	13.1	-46.0	-6.6	
13.1	-26.3	-43.5	-117.3	
30.3	-43.5	-11.5	-41.0	
8.2	-38.6	-16.4	5.7	
10.6	-16.4	-9.1	20.5	
10.6	8.2	-14.0	32.8	
8.2	25.4	-11.5	47.5	
0.8	8.2	-6.6	40.1	
0.8	18.0	3.2	8.2	
-4.1	59.8	10.6	42.6	
-6.6	64.7	10.6	72.1	
-1.7	62.3	25.4	13.1	
5.7	45.1	37.7	27.8	
10.6	30.3	40.1	64.7	
0.8	0.8	25.4	111.5	
-4.1	5.7	45.1	77.0	
-1.7	-6.6	45.1	69.7	
-18.9	45.1	25.4	118.9	
-14.0	18.0	-1.7	170.5	
-14.0	27.8	3.2	273.8	
-23.8	3.2	35.2	273.8	
-46.0	-1.7	35.2	116.4	
-36.1	10.6	62.3	-11.5	
-18.9	-11.5	89.3	-215.7	
10.6	3.2	84.4	-301.8	
18.0	32.8	50.0	-60.7	
32.8	40.1	42.6	-109.9	
37.7	69.7	27.8	-73.0	
20.5	69.7	52.4	37.7	
13.1	40.1	57.4	-18.9	
22.9	59.8	54.9	-33.7	
40.1	67.2	32.8	138.5	
30.3	42.6	18.0	205.0	
42.6	67.2	20.5	209.9	
42.6	32.8	-23.8	-200.9	
35.2	47.5	-80.4	-341.2	
37.7	69.7	-109.9	-225.5	
18.0	25.4	-112.4	-134.5	
15.5	10.6	-63.2	-80.4	
5.7	3.2	-11.5	-11.5	
-6.6	40.1	18.0	84.4	
5.7	-4.1	54.9	148.4	
15.5	-1.7	74.6	180.4	
18.0	15.5	84.4	266.5	
10.6	15.5	106.6	246.8	
8.2	67.2	74.6	64.7	
0.8	35.2	86.9	-203.4	
3.2	22.9	67.2	-260.0	
-9.1	67.2	32.8	-252.6	
-14.0	91.8	10.6	-124.7	
-1.7	69.7	30.3	-41.0	
0.8	82.0	42.6	-53.3	
-1.7	77.0	35.2	50.0	
-6.6	86.9	42.6	8.2	
-6.6	27.8	0.8	-70.6	
-9.1	20.5	-28.7	-23.8	
-9.1	27.8	-65.6	-1.7	
8.2	64.7	-73.0	47.5	
8.2	47.5	-23.8	45.1	
13.1	82.0	-18.9	20.5	
20.5	45.1	-23.8	15.5	
18.0	-14.0	-48.4	30.3	
20.5	3.2	-100.1	42.6	
8.2	-9.1	-146.8	57.4	
0.8	37.7	-95.2	47.5	
-6.6	32.8	-33.7	32.8	
8.2	57.4	-16.4	0.8	
-4.1	59.8	0.8	-14.0	
5.7	45.1	-1.7	32.8	
3.2	72.1	-28.7	35.2	
15.5	57.4	-41.0	25.4	
8.2	64.7	-38.6	15.5	
-14.0	45.1	-38.6	-11.5	
-18.9	35.2	-26.3	25.4	
-41.0	59.8	25.4	27.8	
-31.2	62.3	54.9	32.8	
-36.1	30.3	50.0	32.8	
-43.5	35.2	79.5	15.5	
-23.8	54.9	113.9	30.3	
-11.5	35.2	123.8	13.1	
-6.6	-9.1	96.7	13.1	
-14.0	8.2	84.4	10.6	
-9.1	10.6	74.6	20.5	
-6.6	-1.7	22.9	52.4	
-6.6	25.4	25.4	128.7	
0.8	57.4	30.3	249.2	
-4.1	460.8	8.2	313.2	
0.8	359.9	8.2	251.7	
-6.6	128.7	-6.6	86.9	
-16.4	30.3	-23.8	-100.1	
-36.1	187.7	-65.6	-53.3	
-31.2	256.6	-102.5	-186.2	
-23.8	74.6	-105.0	-306.7	
-21.4	229.6	-114.8	-191.1	
-11.5	-100.1	-85.3	50.0	
3.2	-85.3	-43.5	67.2	
-4.1	123.8	-58.3	-90.2	
-4.1	-63.2	-60.7	-215.7	
-6.6	-316.6	-75.5	-102.5	
8.2	-215.7	-70.6	-41.0	
3.2	-9.1	-31.2	-9.1	
-1.7	-50.9	3.2	20.5	
-4.1	-38.6	32.8	32.8	
18.0	-50.9	30.3	35.2	
18.0	13.1	25.4	3.2	
18.0	-9.1	18.0	0.8	
22.9	22.9	15.5	42.6	
32.8	5.7	25.4	72.1	
30.3	5.7	-23.8	94.3	
22.9	5.7	-68.1	-41.0	
20.5	35.2	-31.2	-112.4	
5.7	30.3	-9.1	-77.9	
-11.5	3.2	-28.7	32.8	
-11.5	62.3	-95.2	94.3	
5.7	47.5	-149.3	138.5	
3.2	32.8	-117.3	244.3	
10.6	8.2	-107.5	298.4	
5.7	-9.1	-70.6	254.2	
0.8	-23.8	-18.9	-85.3	
-9.1	10.6	-6.6	-284.6	
3.2	22.9	0.8	-289.5	
0.8	-28.7	-14.0	-183.7	
5.7	-23.8	-28.7	-73.0	
18.0	10.6	-31.2	27.8	
25.4	-14.0	-36.1	52.4	
25.4	18.0	-26.3	-36.1	
37.7	45.1	3.2	-26.3	
27.8	47.5	15.5	-11.5	
20.5	59.8	37.7	0.8	
22.9	37.7	35.2	20.5	
15.5	40.1	13.1	15.5	
27.8	57.4	32.8	25.4	
42.6	96.7	62.3	-1.7	
25.4	64.7	69.7	0.8	
20.5	54.9	74.6	20.5	
5.7	27.8	59.8	13.1	
10.6	45.1	35.2	-1.7	
-6.6	-4.1	25.4	3.2	
5.7	-16.4	25.4	35.2	
-4.1	-38.6	22.9	47.5	
0.8	8.2	-9.1	37.7	
-6.6	-33.7	-36.1	30.3	
-14.0	0.8	-65.6	37.7	
-6.6	3.2	-85.3	45.1	
-1.7	0.8	-77.9	-4.1	
-9.1	15.5	-70.6	32.8	
5.7	54.9	-65.6	57.4	
-1.7	40.1	-1.7	67.2	
20.5	20.5	59.8	20.5	
5.7	18.0	57.4	64.7	
-4.1	32.8	27.8	101.6	
0.8	13.1	50.0	67.2	
13.1	54.9	62.3	104.1	
30.3	27.8	54.9	-16.4	
35.2	20.5	57.4	-9.1	
20.5	25.4	37.7	77.0	
18.0	13.1	18.0	-23.8	
22.9	5.7	-21.4	-112.4	
5.7	8.2	-70.6	-38.6	
0.8	18.0	-80.4	22.9	
3.2	-4.1	-100.1	145.9	
3.2	-46.0	-100.1	192.7	
8.2	0.8	-85.3	155.8	
-1.7	15.5	-63.2	214.8	
-16.4	-6.6	-63.2	-1.7	
-11.5	3.2	-16.4	-242.8	
-14.0	10.6	-9.1	-257.5	
-9.1	37.7	5.7	-151.7	
8.2	-21.4	37.7	-208.3	
-6.6	42.6	57.4	-97.6	
-1.7	30.3	22.9	5.7	
0.8	77.0	5.7	-4.1	
30.3	50.0	30.3	50.0	
22.9	40.1	37.7	207.4	
25.4	57.4	62.3	185.3	
25.4	-14.0	54.9	99.2	
18.0	-43.5	45.1	-65.6	
20.5	5.7	40.1	-186.2	
15.5	3.2	74.6	-139.4	
35.2	-14.0	101.6	-14.0	
32.8	-21.4	96.7	-90.2	
20.5	-43.5	96.7	-11.5	
8.2	30.3	89.3	-11.5	
0.8	10.6	74.6	-16.4	
0.8	8.2	42.6	-1.7	
10.6	13.1	27.8	18.0	
3.2	99.2	18.0	15.5	
0.8	116.4	32.8	25.4	
-4.1	352.6	59.8	22.9	
-4.1	27.8	67.2	45.1	
3.2	22.9	20.5	35.2	
5.7	283.7	10.6	27.8	
15.5	111.5	-4.1	37.7	
22.9	-53.3	-28.7	20.5	
30.3	126.2	-58.3	18.0	
18.0	-328.9	-77.9	5.7	
32.8	-134.5	-105.0	13.1	
15.5	69.7	-73.0	10.6	
15.5	-33.7	-31.2	20.5	
22.9	-188.6	-31.2	35.2	
20.5	-16.4	-21.4	62.3	
18.0	-16.4	-14.0	22.9	
22.9	25.4	-11.5	52.4	
25.4	22.9	-28.7	45.1	
20.5	32.8	-23.8	89.3	
25.4	67.2	-23.8	123.8	
3.2	54.9	-11.5	67.2	
5.7	40.1	-6.6	57.4	
-1.7	52.4	15.5	13.1	
-11.5	47.5	32.8	-53.3	
-18.9	50.0	18.0	-26.3	
-9.1	59.8	10.6	-26.3	
-9.1	86.9	50.0	5.7	
-4.1	79.5	72.1	25.4	
-6.6	32.8	74.6	-9.1	
3.2	37.7	59.8	-60.7	
15.5	30.3	62.3	-16.4	
27.8	74.6	54.9	-75.5	
32.8	45.1	0.8	-14.0	
25.4	15.5	-16.4	22.9	
32.8	22.9	-31.2	-14.0	
27.8	-16.4	3.2	0.8	
25.4	8.2	13.1	-16.4	
13.1	20.5	10.6	-21.4	
27.8	57.4	20.5	79.5	
25.4	13.1	32.8	286.1	
18.0	35.2	50.0	374.7	
0.8	94.3	72.1	537.1	
-1.7	104.1	77.0	283.7	
15.5	62.3	32.8	-53.3	
32.8	35.2	-18.9	-442.0	
15.5	94.3	-41.0	-459.2	
13.1	67.2	-75.5	-328.9	
8.2	45.1	-80.4	-50.9	
0.8	52.4	-87.8	74.6	
-1.7	79.5	-85.3	96.7	
-14.0	15.5	-114.8	-4.1	
-14.0	3.2	-134.5	-90.2	
8.2	30.3	-95.2	-95.2	
15.5	5.7	-6.6	-141.9	
32.8	22.9	96.7	-68.1	
22.9	-6.6	175.4	-23.8	
18.0	-16.4	145.9	8.2	
25.4	18.0	96.7	32.8	
10.6	25.4	77.0	27.8	
5.7	15.5	50.0	64.7	
25.4	62.3	50.0	59.8	
25.4	25.4	45.1	-31.2	
18.0	47.5	59.8	-41.0	
3.2	52.4	67.2	-18.9	
25.4	50.0	69.7	10.6	
32.8	72.1	27.8	27.8	
22.9	37.7	5.7	27.8	
25.4	40.1	-28.7	25.4	
18.0	20.5	-6.6	27.8	
18.0	40.1	-9.1	32.8	
10.6	45.1	-6.6	37.7	
-16.4	13.1	10.6	37.7	
-23.8	15.5	13.1	47.5	
-33.7	-4.1	0.8	52.4	
-26.3	37.7	5.7	27.8	
-1.7	0.8	-21.4	15.5	
8.2	5.7	-21.4	-4.1	
20.5	-14.0	20.5	18.0	
35.2	45.1	35.2	37.7	
30.3	-16.4	35.2	27.8	
8.2	27.8	47.5	-21.4	
3.2	54.9	54.9	-21.4	
-1.7	27.8	64.7	-9.1	
10.6	86.9	62.3	25.4	
13.1	40.1	45.1	69.7	
10.6	94.3	52.4	69.7	
8.2	54.9	45.1	86.9	
18.0	35.2	45.1	52.4	
20.5	47.5	35.2	69.7	
40.1	35.2	8.2	-38.6	
37.7	32.8	-16.4	52.4	
35.2	27.8	-43.5	116.4	
45.1	-16.4	-68.1	57.4	
35.2	3.2	-65.6	-31.2	
25.4	32.8	-43.5	-33.7	
15.5	-11.5	-33.7	74.6	
-9.1	-21.4	-31.2	42.6	
-4.1	10.6	-1.7	-23.8	
-16.4	32.8	-6.6	-90.2	
-1.7	37.7	5.7	-97.6	
0.8	101.6	25.4	-100.1	
-21.4	-36.1	40.1	25.4	
-6.6	217.3	45.1	35.2	
-9.1	-114.8	62.3	-73.0	
-4.1	77.0	79.5	-18.9	
0.8	128.7	77.0	27.8	
3.2	52.4	37.7	-68.1	
-1.7	219.7	15.5	-11.5	
-9.1	69.7	45.1	-63.2	
18.0	141.0	54.9	-70.6	
30.3	40.1	72.1	-31.2	
32.8	-14.0	50.0	8.2	
27.8	-26.3	15.5	59.8	
25.4	-181.3	-1.7	138.5	
30.3	-11.5	-18.9	224.6	
15.5	-14.0	-26.3	315.7	
8.2	8.2	-18.9	323.0	
18.0	-1.7	-1.7	35.2	
18.0	40.1	10.6	-240.3	
18.0	54.9	20.5	-397.7	
13.1	62.3	-23.8	-85.3	
3.2	72.1	-41.0	-28.7	
3.2	86.9	-23.8	5.7	
10.6	59.8	-16.4	32.8	
3.2	54.9	-46.0	-4.1	
-14.0	69.7	-60.7	-6.6	
-16.4	62.3	-26.3	-9.1	
3.2	47.5	-33.7	-9.1	
5.7	74.6	-18.9	27.8	
3.2	62.3	15.5	37.7	
5.7	59.8	32.8	-50.9	
0.8	32.8	79.5	-41.0	
3.2	15.5	99.2	27.8	
5.7	40.1	109.0	10.6	
5.7	8.2	101.6	-33.7	
3.2	-33.7	79.5	69.7	
-9.1	-6.6	54.9	116.4	
-1.7	0.8	30.3	266.5	
8.2	27.8	10.6	389.5	
-4.1	18.0	5.7	283.7	
0.8	42.6	-28.7	52.4	
-9.1	8.2	-23.8	-501.1	
0.8	37.7	-18.9	-461.7	
0.8	57.4	-36.1	-237.8	
3.2	67.2	-28.7	-82.9	
10.6	72.1	5.7	-23.8	
25.4	64.7	18.0	-11.5	
27.8	77.0	13.1	3.2	
40.1	37.7	-14.0	15.5	
32.8	42.6	-18.9	47.5	
37.7	15.5	-33.7	91.8	
30.3	13.1	-53.3	91.8	
20.5	35.2	-85.3	214.8	
22.9	8.2	-41.0	148.4	
20.5	27.8	-41.0	15.5	
18.0	25.4	-33.7	-70.6	
25.4	-1.7	15.5	-144.4	
18.0	10.6	25.4	-124.7	
18.0	18.0	22.9	0.8	
-1.7	-18.9	5.7	32.8	
-16.4	18.0	35.2	57.4	
-6.6	20.5	57.4	40.1	
-11.5	94.3	67.2	-23.8	
-9.1	40.1	101.6	40.1	
0.8	45.1	106.6	47.5	
13.1	84.4	82.0	-18.9	
30.3	62.3	45.1	-65.6	
15.5	35.2	30.3	-14.0	
22.9	47.5	42.6	-4.1	
5.7	45.1	25.4	0.8	
-11.5	8.2	42.6	0.8	
-14.0	47.5	59.8	0.8	
-6.6	8.2	59.8	5.7	
-18.9	25.4	64.7	8.2	
-18.9	5.7	67.2	13.1	
-9.1	-16.4	54.9	13.1	
-4.1	-21.4	47.5	13.1	
3.2	5.7	32.8	32.8	
5.7	40.1	-16.4	50.0	
13.1	30.3	-6.6	25.4	
30.3	45.1	-36.1	-18.9	
27.8	10.6	-65.6	13.1	
18.0	35.2	-31.2	101.6	
10.6	62.3	-6.6	219.7	
3.2	77.0	-11.5	222.2	
10.6	77.0	-14.0	187.7	
15.5	77.0	-4.1	-137.0	
18.0	69.7	-28.7	-220.6	
10.6	62.3	-41.0	-73.0	
18.0	50.0	-9.1	84.4	
13.1	13.1	0.8	168.1	
3.2	25.4	8.2	94.3	
0.8	10.6	-4.1	-85.3	
-6.6	-4.1	-23.8	-124.7	
13.1	-9.1	3.2	-53.3	
18.0	-4.1	22.9	-16.4	
0.8	0.8	30.3	-31.2	
-14.0	3.2	22.9	37.7	
-9.1	13.1	27.8	-53.3	
-1.7	13.1	-6.6	-50.9	
5.7	-55.8	-41.0	42.6	
15.5	-16.4	13.1	-46.0	
27.8	264.0	72.1	-114.8	
30.3	37.7	121.3	-4.1	
25.4	20.5	113.9	-26.3	
35.2	-134.5	52.4	-18.9	
32.8	113.9	-28.7	27.8	
30.3	-309.2	-87.8	5.7	
37.7	-11.5	-63.2	18.0	
40.1	-203.4	-14.0	-16.4	
27.8	113.9	8.2	22.9	
30.3	57.4	-6.6	128.7	
30.3	-92.7	-14.0	222.2	
30.3	-181.3	-21.4	185.3	
32.8	-18.9	-26.3	168.1	
13.1	-11.5	-41.0	22.9	
22.9	8.2	-36.1	-90.2	
8.2	5.7	-50.9	-218.2	
-14.0	37.7	-28.7	-154.2	
-11.5	50.0	-26.3	-60.7	
-18.9	30.3	-4.1	-95.2	
-6.6	54.9	15.5	-23.8	
13.1	52.4	-9.1	22.9	
18.0	42.6	-28.7	32.8	
22.9	57.4	-21.4	170.5	
30.3	59.8	22.9	180.4	
27.8	57.4	50.0	91.8	
8.2	57.4	77.0	57.4	
22.9	30.3	96.7	192.7	
10.6	40.1	77.0	180.4	
13.1	35.2	13.1	-33.7	
8.2	25.4	-9.1	-122.2	
0.8	-14.0	18.0	57.4	
-4.1	27.8	52.4	-132.1	
-1.7	54.9	64.7	-186.2	
18.0	-14.0	45.1	-200.9	
20.5	0.8	13.1	-97.6	
8.2	8.2	-14.0	-1.7	
8.2	30.3	-77.9	20.5	
-1.7	40.1	-55.8	15.5	
-9.1	52.4	-46.0	35.2	
-4.1	45.1	-43.5	77.0	
-1.7	59.8	-21.4	118.9	
-6.6	94.3	-23.8	256.6	
0.8	52.4	-41.0	236.9	
8.2	74.6	-18.9	-28.7	
8.2	84.4	25.4	-205.9	
5.7	37.7	67.2	-242.8	
27.8	30.3	79.5	-218.2	
27.8	67.2	25.4	-50.9	
22.9	37.7	-11.5	-9.1	
13.1	22.9	15.5	8.2	
3.2	15.5	37.7	3.2	
-11.5	22.9	62.3	8.2	
-9.1	-9.1	82.0	5.7	
5.7	-28.7	57.4	-1.7	
3.2	-46.0	45.1	0.8	
-6.6	-9.1	47.5	8.2	
-4.1	-18.9	50.0	20.5	
-6.6	42.6	54.9	30.3	
-9.1	32.8	40.1	22.9	
-1.7	52.4	27.8	15.5	
-4.1	57.4	-11.5	-4.1	
0.8	47.5	-55.8	5.7	
-4.1	74.6	-73.0	5.7	
3.2	84.4	-85.3	5.7	
5.7	52.4	-70.6	10.6	
0.8	50.0	-48.4	25.4	
8.2	47.5	-50.9	35.2	
5.7	15.5	-33.7	40.1	
8.2	15.5	-21.4	42.6	
3.2	62.3	-26.3	35.2	
18.0	5.7	-14.0	27.8	
20.5	30.3	-18.9	18.0	
18.0	37.7	-9.1	20.5	
20.5	-21.4	27.8	18.0	
10.6	8.2	62.3	18.0	
13.1	-16.4	62.3	5.7	
15.5	18.0	104.1	37.7	
0.8	47.5	86.9	72.1	
8.2	15.5	69.7	72.1	
10.6	22.9	8.2	40.1	
30.3	59.8	-11.5	116.4	
22.9	82.0	-38.6	261.5	
18.0	42.6	-43.5	229.6	
22.9	74.6	-46.0	74.6	
20.5	72.1	-65.6	-164.0	
30.3	30.3	-70.6	-159.1	
30.3	37.7	-36.1	-223.1	
18.0	20.5	-4.1	-97.6	
20.5	18.0	8.2	-55.8	
5.7	27.8	52.4	-48.4	
3.2	8.2	59.8	22.9	
-1.7	-9.1	54.9	106.6	
-1.7	-4.1	72.1	293.5	
-1.7	-14.0	74.6	591.2	
-6.6	10.6	59.8	684.7	
20.5	5.7	45.1	131.2	
32.8	13.1	20.5	-567.5	
27.8	52.4	-18.9	-572.4	
32.8	207.4	-23.8	-419.9	
32.8	153.3	5.7	-151.7	
25.4	337.8	27.8	-63.2	
13.1	25.4	47.5	-77.9	
25.4	-36.1	5.7	-28.7	
25.4	185.3	-38.6	47.5	
42.6	150.8	-31.2	27.8	
40.1	-146.8	-55.8	118.9	
32.8	-55.8	-11.5	35.2	
20.5	-338.7	47.5	-36.1	
20.5	165.6	89.3	-124.7	
18.0	-28.7	94.3	-159.1	
27.8	-141.9	69.7	-60.7	
25.4	-183.7	47.5	-26.3	
15.5	-33.7	-9.1	5.7	
15.5	0.8	-28.7	13.1	
20.5	-4.1	-4.1	27.8	
22.9	0.8	-33.7	27.8	
22.9	27.8	-46.0	45.1	
5.7	10.6	-92.7	20.5	
8.2	32.8	-92.7	13.1	
-9.1	30.3	-95.2	8.2	
8.2	67.2	-70.6	-11.5	
32.8	59.8	-50.9	3.2	
25.4	47.5	-23.8	22.9	
40.1	35.2	37.7	57.4	
27.8	62.3	121.3	40.1	
30.3	20.5	128.7	32.8	
25.4	47.5	123.8	13.1	
32.8	64.7	113.9	8.2	
18.0	40.1	104.1	5.7	
8.2	35.2	113.9	22.9	
10.6	25.4	106.6	42.6	
10.6	-1.7	109.0	40.1	
3.2	3.2	77.0	22.9	
10.6	22.9	15.5	13.1	
0.8	-4.1	-77.9	18.0	
20.5	-11.5	-137.0	5.7	
20.5	5.7	-107.5	-9.1	
32.8	13.1	-75.5	13.1	
25.4	27.8	-18.9	25.4	
13.1	72.1	18.0	18.0	
5.7	52.4	27.8	27.8	
-1.7	79.5	10.6	62.3	
-6.6	57.4	-18.9	54.9	
-18.9	74.6	-21.4	121.3	
-23.8	74.6	-23.8	118.9	
-16.4	79.5	-11.5	101.6	
-11.5	35.2	-14.0	-14.0	
-11.5	47.5	27.8	0.8	
-14.0	5.7	52.4	-102.5	
-1.7	3.2	57.4	-82.9	
0.8	-18.9	35.2	-63.2	
10.6	8.2	25.4	-28.7	
13.1	-14.0	32.8	47.5	
13.1	-23.8	8.2	45.1	
32.8	-1.7	-21.4	-14.0	
37.7	30.3	-23.8	-100.1	
35.2	32.8	-38.6	25.4	
32.8	37.7	-18.9	224.6	
25.4	20.5	-33.7	394.4	
8.2	35.2	-46.0	332.9	
8.2	32.8	-9.1	-119.8	
10.6	45.1	-9.1	-284.6	
-1.7	22.9	0.8	-250.1	
10.6	54.9	13.1	-198.5	
5.7	8.2	8.2	-146.8	
-1.7	18.0	15.5	-73.0	
-14.0	37.7	-14.0	-31.2	
-9.1	-4.1	0.8	-23.8	
-9.1	-9.1	-1.7	8.2	
-6.6	22.9	-4.1	37.7	
-1.7	37.7	-6.6	82.0	
3.2	8.2	13.1	54.9	
-4.1	-18.9	20.5	77.0	
3.2	-53.3	52.4	72.1	
-4.1	-6.6	35.2	18.0	
-21.4	-14.0	64.7	5.7	
-21.4	-6.6	52.4	-55.8	
-14.0	13.1	52.4	-36.1	
8.2	30.3	79.5	20.5	
-1.7	25.4	106.6	22.9	
27.8	32.8	89.3	52.4	
35.2	35.2	42.6	62.3	
37.7	54.9	40.1	40.1	
40.1	67.2	25.4	35.2	
40.1	50.0	8.2	30.3	
54.9	27.8	-26.3	35.2	
62.3	3.2	-58.3	121.3	
64.7	5.7	-77.9	94.3	
62.3	10.6	-109.9	64.7	
50.0	27.8	-90.2	3.2	
35.2	-14.0	-53.3	32.8	
37.7	-9.1	-26.3	27.8	
40.1	20.5	-9.1	13.1	
45.1	-38.6	-21.4	57.4	
37.7	-36.1	-33.7	-53.3	
40.1	5.7	-9.1	-87.8	
30.3	35.2	54.9	-77.9	
27.8	-1.7	111.5	-60.7	
20.5	-402.7	121.3	-75.5	
3.2	-368.2	104.1	-114.8	
0.8	128.7	67.2	-46.0	
10.6	22.9	15.5	-9.1	
15.5	-28.7	18.0	0.8	
20.5	298.4	64.7	8.2	
10.6	173.0	86.9	32.8	
10.6	298.4	82.0	40.1	
3.2	141.0	86.9	59.8	
-9.1	288.6	138.5	67.2	
3.2	128.7	160.7	79.5	
-4.1	104.1	153.3	62.3	
-6.6	192.7	96.7	72.1	
-6.6	-114.8	62.3	182.8	
-6.6	52.4	45.1	133.6	
32.8	22.9	30.3	94.3	
47.5	35.2	-9.1	47.5	
37.7	52.4	-38.6	-18.9	
22.9	77.0	-68.1	-38.6	
13.1	40.1	-112.4	37.7	
-4.1	118.9	-122.2	128.7	
-11.5	69.7	-33.7	-161.6	
-9.1	84.4	82.0	-146.8	
-4.1	69.7	153.3	-100.1	
0.8	111.5	163.1	-4.1	
-9.1	126.2	138.5	30.3	
-4.1	123.8	136.1	47.5	
8.2	54.9	91.8	5.7	
3.2	50.0	50.0	45.1	
8.2	37.7	32.8	91.8	
20.5	77.0	5.7	8.2	
20.5	45.1	0.8	-127.1	
40.1	32.8	-11.5	-183.7	
30.3	27.8	0.8	-87.8	
25.4	5.7	-16.4	-31.2	
22.9	3.2	-23.8	-14.0	
15.5	25.4	-26.3	-4.1	
5.7	35.2	-6.6	27.8	
0.8	35.2	-14.0	72.1	
3.2	25.4	-14.0	79.5	
5.7	8.2	-16.4	145.9	
5.7	25.4	-38.6	-1.7	
5.7	30.3	-31.2	-48.4	
8.2	37.7	8.2	22.9	
20.5	52.4	3.2	37.7	
25.4	37.7	10.6	138.5	
20.5	47.5	-9.1	20.5	
25.4	37.7	-1.7	-36.1	
45.1	-6.6	8.2	-77.9	
45.1	18.0	20.5	-33.7	
25.4	5.7	50.0	99.2	
27.8	0.8	57.4	126.2	
13.1	-11.5	62.3	-4.1	
-1.7	0.8	69.7	-92.7	
-6.6	-4.1	59.8	-43.5	
-16.4	-14.0	37.7	8.2	
-11.5	-33.7	30.3	8.2	
0.8	-21.4	10.6	-14.0	
8.2	5.7	-38.6	-36.1	
0.8	-11.5	-50.9	-6.6	
-4.1	57.4	-18.9	-31.2	
10.6	79.5	-28.7	-6.6	
15.5	52.4	-41.0	-6.6	
30.3	79.5	-48.4	-4.1	
32.8	74.6	-75.5	25.4	
32.8	84.4	-58.3	32.8	
40.1	79.5	-1.7	64.7	
42.6	47.5	40.1	27.8	
27.8	67.2	72.1	18.0	
20.5	22.9	54.9	-31.2	
8.2	8.2	67.2	-33.7	
-9.1	18.0	86.9	27.8	
8.2	32.8	74.6	3.2	
25.4	25.4	67.2	-9.1	
32.8	10.6	52.4	25.4	
25.4	-4.1	32.8	77.0	
10.6	74.6	25.4	209.9	
8.2	35.2	-1.7	219.7	
15.5	27.8	-50.9	116.4	
8.2	30.3	-65.6	-53.3	
-1.7	32.8	-46.0	-181.3	
13.1	82.0	-26.3	-151.7	
22.9	89.3	-31.2	-95.2	
18.0	72.1	-18.9	-33.7	
27.8	62.3	3.2	3.2	
10.6	104.1	-11.5	22.9	
-1.7	72.1	-18.9	47.5	
-1.7	30.3	-75.5	42.6	
0.8	18.0	-87.8	54.9	
3.2	57.4	-41.0	64.7	
8.2	40.1	-14.0	126.2	
0.8	20.5	10.6	99.2	
-11.5	37.7	22.9	121.3	
-6.6	0.8	30.3	123.8	
5.7	18.0	35.2	47.5	
3.2	3.2	62.3	-6.6	
8.2	27.8	50.0	-107.5	
0.8	30.3	50.0	18.0	
0.8	30.3	27.8	106.6	
-1.7	22.9	45.1	-77.9	
5.7	232.0	94.3	-97.6	
0.8	25.4	153.3	-181.3	
-9.1	-58.3	177.9	-80.4	
0.8	-77.9	182.8	35.2	
-4.1	-31.2	160.7	155.8	
3.2	67.2	113.9	-4.1	
-4.1	-38.6	54.9	-200.9	
13.1	42.6	3.2	-186.2	
15.5	5.7	-16.4	-82.9	
15.5	155.8	-38.6	52.4	
10.6	136.1	-122.2	133.6	
0.8	0.8	-114.8	219.7	
5.7	-105.0	-107.5	264.0	
3.2	-250.1	-70.6	163.1	
8.2	-4.1	-58.3	-137.0	
18.0	-28.7	-60.7	-144.4	
25.4	3.2	-50.9	-33.7	
13.1	13.1	-21.4	84.4	
5.7	57.4	25.4	-95.2	
13.1	40.1	50.0	-151.7	
22.9	47.5	30.3	-75.5	
32.8	37.7	25.4	25.4	
32.8	62.3	37.7	37.7	
18.0	10.6	52.4	15.5	
22.9	67.2	20.5	-14.0	
10.6	40.1	-4.1	-68.1	
10.6	84.4	-28.7	5.7	
5.7	30.3	-11.5	15.5	
-4.1	40.1	3.2	47.5	
13.1	13.1	15.5	59.8	
27.8	54.9	22.9	-60.7	
18.0	30.3	18.0	-4.1	
18.0	8.2	-6.6	62.3	
10.6	22.9	-11.5	22.9	
3.2	27.8	-38.6	-38.6	
-9.1	-26.3	-46.0	-60.7	
5.7	25.4	-16.4	0.8	
0.8	-9.1	-31.2	-1.7	
8.2	15.5	-23.8	20.5	
15.5	22.9	0.8	-11.5	
20.5	94.3	57.4	-4.1	
30.3	45.1	69.7	3.2	
35.2	22.9	74.6	3.2	
37.7	101.6	79.5	18.0	
54.9	64.7	54.9	27.8	
40.1	82.0	40.1	32.8	
32.8	52.4	0.8	40.1	
22.9	45.1	3.2	15.5	
18.0	42.6	30.3	40.1	
8.2	62.3	25.4	42.6	
18.0	45.1	-4.1	-21.4	
8.2	50.0	-21.4	-18.9	
5.7	15.5	-21.4	27.8	
5.7	22.9	-36.1	82.0	
35.2	13.1	-43.5	86.9	
54.9	-11.5	-46.0	69.7	
35.2	-31.2	-1.7	-11.5	
25.4	-6.6	18.0	10.6	
8.2	45.1	18.0	47.5	
-9.1	32.8	40.1	32.8	
-16.4	45.1	67.2	-43.5	
-4.1	54.9	79.5	-95.2	
-11.5	27.8	69.7	20.5	
5.7	25.4	25.4	148.4	
3.2	50.0	35.2	30.3	
5.7	50.0	77.0	-58.3	
0.8	62.3	82.0	8.2	
8.2	62.3	54.9	35.2	
0.8	47.5	18.0	96.7	
5.7	-14.0	-1.7	84.4	
8.2	5.7	-33.7	86.9	
25.4	27.8	-48.4	35.2	
30.3	22.9	-36.1	-100.1	
32.8	20.5	-14.0	-146.8	
25.4	18.0	-18.9	-107.5	
37.7	-18.9	18.0	106.6	
15.5	10.6	52.4	246.8	
20.5	20.5	57.4	291.1	
10.6	0.8	10.6	202.5	
0.8	37.7	-43.5	42.6	
-4.1	25.4	-16.4	-164.0	
-4.1	18.0	8.2	-397.7	
0.8	25.4	37.7	-319.0	
18.0	62.3	50.0	-159.1	
18.0	30.3	47.5	-102.5	
30.3	54.9	5.7	-117.3	
32.8	67.2	-4.1	-28.7	
32.8	82.0	-6.6	0.8	
25.4	32.8	18.0	-6.6	
15.5	45.1	52.4	27.8	
25.4	42.6	52.4	96.7	
25.4	13.1	5.7	143.5	
27.8	18.0	20.5	173.0	
18.0	30.3	18.0	197.6	
13.1	13.1	35.2	30.3	
5.7	-1.7	-1.7	-105.0	
0.8	-6.6	-38.6	-144.4	
8.2	0.8	-11.5	-119.8	
5.7	40.1	8.2	-26.3	
3.2	37.7	50.0	-41.0	
8.2	-154.2	50.0	-36.1	
-1.7	-28.7	30.3	-26.3	
18.0	222.2	8.2	5.7	
18.0	-68.1	-36.1	-4.1	
20.5	18.0	-31.2	-1.7	
15.5	150.8	-9.1	47.5	
15.5	52.4	-31.2	69.7	
27.8	-181.3	-50.9	45.1	
20.5	-151.7	-63.2	-4.1	
15.5	219.7	-31.2	-21.4	
30.3	50.0	-9.1	13.1	
25.4	40.1	8.2	57.4	
25.4	-124.7	52.4	94.3	
35.2	-215.7	94.3	158.2	
10.6	-1.7	101.6	214.8	
13.1	0.8	89.3	126.2	
25.4	-1.7	96.7	45.1	
40.1	0.8	106.6	-114.8	
45.1	18.0	82.0	-107.5	
37.7	57.4	67.2	40.1	
20.5	59.8	47.5	74.6	
22.9	62.3	3.2	30.3	
18.0	47.5	-41.0	136.1	
8.2	69.7	-38.6	173.0	
0.8	79.5	-43.5	0.8	
5.7	59.8	-50.9	-55.8	
20.5	91.8	-33.7	32.8	
45.1	27.8	-1.7	155.8	
35.2	15.5	8.2	94.3	
27.8	52.4	15.5	-18.9	
20.5	10.6	20.5	77.0	
15.5	-1.7	-31.2	22.9	
15.5	15.5	-31.2	123.8	
8.2	-9.1	-11.5	59.8	
-16.4	-4.1	15.5	-205.9	
-1.7	-6.6	40.1	-353.5	
8.2	-1.7	40.1	-260.0	
13.1	8.2	32.8	-85.3	
5.7	45.1	20.5	-63.2	
-9.1	18.0	32.8	-58.3	
-6.6	47.5	40.1	13.1	
-6.6	74.6	30.3	20.5	
-11.5	40.1	42.6	42.6	
-6.6	72.1	57.4	177.9	
-14.0	50.0	52.4	273.8	
-1.7	67.2	40.1	99.2	
10.6	91.8	32.8	-43.5	
27.8	62.3	-9.1	-146.8	
27.8	45.1	-28.7	-53.3	
40.1	62.3	-28.7	-137.0	
35.2	40.1	-23.8	-102.5	
18.0	62.3	-21.4	-68.1	
32.8	20.5	-18.9	47.5	
20.5	18.0	-1.7	-6.6	
27.8	-16.4	45.1	-43.5	
22.9	10.6	59.8	-46.0	
30.3	-6.6	50.0	-38.6	
15.5	3.2	10.6	-26.3	
27.8	-1.7	-14.0	3.2	
32.8	32.8	-41.0	-1.7	
40.1	59.8	-41.0	10.6	
22.9	18.0	-41.0	30.3	
25.4	86.9	-87.8	42.6	
27.8	30.3	-95.2	54.9	
25.4	30.3	-73.0	42.6	
37.7	62.3	-58.3	5.7	
30.3	59.8	18.0	10.6	
15.5	3.2	74.6	3.2	
8.2	67.2	77.0	15.5	
0.8	37.7	72.1	27.8	
8.2	10.6	42.6	52.4	
13.1	8.2	50.0	84.4	
25.4	8.2	86.9	8.2	
30.3	37.7	116.4	-4.1	
18.0	15.5	136.1	20.5	
25.4	-21.4	96.7	72.1	
20.5	8.2	59.8	77.0	
32.8	3.2	15.5	131.2	
27.8	5.7	-18.9	106.6	
20.5	3.2	-43.5	143.5	
10.6	57.4	-38.6	-65.6	
3.2	59.8	-16.4	-137.0	
8.2	50.0	-14.0	-16.4	
5.7	59.8	-23.8	-4.1	
5.7	67.2	-33.7	-18.9	
5.7	94.3	-70.6	-9.1	
5.7	72.1	-80.4	35.2	
3.2	22.9	-48.4	133.6	
-1.7	40.1	18.0	116.4	
-18.9	37.7	45.1	3.2	
-6.6	0.8	59.8	-178.8	
-6.6	10.6	35.2	-70.6	
20.5	-18.9	5.7	-9.1	
35.2	-16.4	-4.1	18.0	
27.8	35.2	15.5	5.7	
42.6	-14.0	57.4	8.2	
30.3	18.0	67.2	10.6	
45.1	-1.7	89.3	-4.1	
37.7	10.6	74.6	-48.4	
35.2	62.3	35.2	-21.4	
5.7	-46.0	30.3	25.4	
-6.6	40.1	-21.4	13.1	
-9.1	372.2	-21.4	35.2	
-16.4	160.7	-21.4	175.4	
-18.9	-6.6	-11.5	342.7	
-11.5	207.4	3.2	433.7	
-1.7	116.4	-6.6	268.9	
0.8	-154.2	13.1	89.3	
3.2	111.5	13.1	-314.1	
-1.7	-186.2	25.4	-387.9	
-9.1	126.2	-1.7	-196.0	
20.5	8.2	-23.8	40.1	
20.5	67.2	-21.4	158.2	
18.0	-164.0	-6.6	-11.5	
22.9	-14.0	10.6	212.3	
10.6	-21.4	42.6	173.0	
20.5	3.2	30.3	64.7	
22.9	-1.7	5.7	-159.1	
5.7	30.3	-6.6	-166.5	
22.9	52.4	15.5	-169.0	
25.4	35.2	52.4	-161.6	
13.1	45.1	69.7	-193.6	
20.5	50.0	74.6	-53.3	
8.2	54.9	50.0	37.7	
-9.1	77.0	0.8	-9.1	
-6.6	57.4	-14.0	57.4	
5.7	50.0	-28.7	-75.5	
3.2	5.7	-33.7	-23.8	
20.5	50.0	-38.6	27.8	
22.9	30.3	-11.5	25.4	
22.9	37.7	3.2	-92.7	
13.1	45.1	-21.4	-6.6	
-1.7	64.7	-14.0	64.7	
0.8	22.9	-23.8	84.4	
13.1	10.6	-33.7	42.6	
25.4	-6.6	-28.7	-43.5	
20.5	-6.6	-41.0	72.1	
10.6	3.2	-38.6	62.3	
27.8	32.8	-21.4	-4.1	
32.8	45.1	-28.7	-23.8	
18.0	22.9	-16.4	-6.6	
5.7	52.4	-41.0	10.6	
-4.1	77.0	-28.7	-14.0	
13.1	82.0	-4.1	-6.6	
22.9	54.9	35.2	54.9	
27.8	62.3	8.2	5.7	
25.4	37.7	-23.8	-16.4	
25.4	57.4	-31.2	-41.0	
20.5	37.7	-21.4	-16.4	
18.0	37.7	20.5	8.2	
15.5	50.0	20.5	-14.0	
20.5	32.8	37.7	5.7	
13.1	8.2	77.0	-9.1	
13.1	-14.0	67.2	15.5	
22.9	15.5	40.1	42.6	
27.8	-4.1	40.1	32.8	
8.2	27.8	62.3	10.6	
8.2	-36.1	89.3	-9.1	
3.2	5.7	99.2	35.2	
18.0	27.8	96.7	18.0	
22.9	25.4	91.8	22.9	
32.8	32.8	72.1	15.5	
15.5	62.3	35.2	32.8	
5.7	35.2	32.8	59.8	
-16.4	15.5	0.8	84.4	
-6.6	57.4	-43.5	45.1	
0.8	47.5	-55.8	-9.1	
8.2	64.7	-73.0	10.6	
18.0	45.1	-102.5	-9.1	
32.8	35.2	-75.5	3.2	
40.1	47.5	-50.9	-33.7	
40.1	50.0	40.1	-11.5	
35.2	13.1	69.7	96.7	
25.4	-18.9	77.0	136.1	
5.7	10.6	84.4	67.2	
0.8	-18.9	52.4	-33.7	
18.0	-28.7	30.3	-95.2	
5.7	5.7	-11.5	-132.1	
-11.5	18.0	-33.7	-43.5	
-11.5	22.9	-11.5	13.1	
-11.5	15.5	-14.0	170.5	
-9.1	52.4	-23.8	288.6	
-11.5	52.4	-38.6	399.3	
-11.5	64.7	-41.0	222.2	
-1.7	79.5	-23.8	-228.0	
3.2	77.0	0.8	-299.3	
3.2	64.7	20.5	-191.1	
13.1	47.5	35.2	-193.6	
25.4	35.2	59.8	-23.8	
25.4	13.1	54.9	37.7	
37.7	57.4	30.3	62.3	
32.8	32.8	35.2	74.6	
18.0	10.6	52.4	0.8	
18.0	-21.4	20.5	-31.2	
22.9	-14.0	5.7	-132.1	
13.1	-33.7	-33.7	-63.2	
8.2	13.1	-92.7	8.2	
-4.1	3.2	-97.6	45.1	
8.2	-14.0	-82.9	30.3	
27.8	32.8	-53.3	-16.4	
27.8	0.8	18.0	-33.7	
3.2	-92.7	57.4	0.8	
5.7	303.4	72.1	-6.6	
-1.7	-58.3	77.0	-60.7	
0.8	-31.2	84.4	-36.1	
13.1	200.0	82.0	-9.1	
10.6	116.4	62.3	5.7	
13.1	-36.1	30.3	20.5	
30.3	89.3	22.9	84.4	
35.2	197.6	22.9	89.3	
32.8	222.2	32.8	126.2	
30.3	40.1	37.7	91.8	
20.5	-132.1	-9.1	42.6	
32.8	-198.5	-9.1	50.0	
27.8	0.8	32.8	-46.0	
5.7	-18.9	18.0	-97.6	
8.2	-31.2	-16.4	-41.0	
18.0	8.2	-26.3	20.5	
18.0	-6.6	-26.3	89.3	
20.5	25.4	-85.3	72.1	
13.1	35.2	-132.1	-4.1	
22.9	47.5	-80.4	-41.0	
15.5	64.7	-63.2	-73.0	
30.3	40.1	-92.7	-97.6	
37.7	57.4	-75.5	-46.0	
40.1	37.7	-1.7	-14.0	
27.8	54.9	84.4	15.5	
20.5	50.0	131.2	54.9	
8.2	25.4	86.9	133.6	
-4.1	25.4	57.4	50.0	
0.8	40.1	45.1	-9.1	
-4.1	-4.1	57.4	5.7	
-1.7	-1.7	57.4	52.4	
-4.1	35.2	20.5	-4.1	
-4.1	-21.4	-11.5	-80.4	
18.0	-36.1	-41.0	-16.4	
15.5	-9.1	-97.6	109.0	
22.9	25.4	-107.5	143.5	
22.9	42.6	-82.9	-63.2	
37.7	25.4	-11.5	-65.6	
50.0	27.8	57.4	-53.3	
57.4	52.4	86.9	-65.6	
59.8	50.0	94.3	0.8	
47.5	20.5	84.4	52.4	
47.5	37.7	84.4	54.9	
15.5	64.7	77.0	-4.1	
-16.4	72.1	86.9	-73.0	
-28.7	45.1	123.8	59.8	
-43.5	45.1	131.2	52.4	
-33.7	27.8	96.7	116.4	
-38.6	30.3	62.3	234.5	
-26.3	8.2	20.5	200.0	
-16.4	15.5	18.0	168.1	
-1.7	-4.1	8.2	-141.9	
-6.6	15.5	3.2	-109.9	
-4.1	-9.1	-21.4	-181.3	
10.6	13.1	-21.4	-289.5	
10.6	8.2	-23.8	-73.0	
18.0	13.1	-28.7	3.2	
15.5	37.7	-43.5	-36.1	
10.6	50.0	-53.3	-38.6	
3.2	22.9	-21.4	22.9	
-1.7	15.5	-43.5	94.3	
-9.1	62.3	-31.2	99.2	
-4.1	54.9	3.2	-6.6	
-4.1	96.7	0.8	-50.9	
15.5	69.7	20.5	-63.2	
25.4	42.6	35.2	-1.7	
27.8	32.8	-1.7	22.9	
15.5	5.7	-43.5	27.8	
27.8	27.8	-48.4	-4.1	
0.8	35.2	-36.1	-14.0	
-6.6	22.9	-9.1	8.2	
8.2	25.4	-11.5	10.6	
3.2	-4.1	-28.7	30.3	
-9.1	-38.6	-16.4	8.2	
-9.1	-33.7	-6.6	-60.7	
-14.0	-6.6	-31.2	3.2	
-1.7	15.5	-70.6	40.1	
5.7	35.2	-60.7	69.7	
13.1	35.2	-16.4	84.4	
25.4	40.1	42.6	104.1	
32.8	47.5	77.0	150.8	
27.8	37.7	84.4	131.2	
22.9	72.1	72.1	3.2	
25.4	91.8	74.6	-77.9	
3.2	77.0	94.3	-141.9	
-26.3	79.5	77.0	-100.1	
-23.8	5.7	52.4	59.8	
-33.7	15.5	50.0	94.3	
-36.1	-11.5	69.7	113.9	
-23.8	50.0	42.6	0.8	
-28.7	40.1	32.8	77.0	
-11.5	8.2	-14.0	-14.0	
-21.4	27.8	-65.6	-215.7	
-6.6	20.5	-92.7	-109.9	
-21.4	-26.3	-68.1	-100.1	
3.2	8.2	-18.9	-46.0	
-4.1	32.8	5.7	-48.4	
15.5	45.1	22.9	-48.4	
22.9	490.3	5.7	0.8	
35.2	298.4	-21.4	35.2	
20.5	195.1	-43.5	15.5	
18.0	113.9	-36.1	-6.6	
10.6	138.5	-80.4	-14.0	
5.7	207.4	-50.9	45.1	
8.2	104.1	-28.7	116.4	
-1.7	-178.8	-28.7	163.1	
8.2	-82.9	-21.4	59.8	
-21.4	91.8	3.2	94.3	
-11.5	64.7	3.2	-26.3	
-4.1	-82.9	-48.4	-95.2	
5.7	170.5	-109.9	-58.3	
13.1	-274.7	-105.0	-58.3	
15.5	-80.4	-117.3	-55.8	
22.9	-23.8	-87.8	3.2	
22.9	-48.4	-31.2	10.6	
37.7	-11.5	-33.7	-14.0	
32.8	-23.8	-50.9	-6.6	
50.0	32.8	-90.2	-9.1	
30.3	8.2	-50.9	8.2	
40.1	5.7	8.2	10.6	
40.1	30.3	64.7	-6.6	
32.8	8.2	123.8	-11.5	
30.3	37.7	111.5	18.0	
32.8	54.9	86.9	13.1	
20.5	50.0	74.6	0.8	
13.1	42.6	45.1	3.2	
18.0	-21.4	40.1	30.3	
8.2	-1.7	8.2	69.7	
-1.7	10.6	-21.4	89.3	
18.0	32.8	-28.7	27.8	
18.0	-26.3	-31.2	-14.0	
35.2	10.6	-16.4	35.2	
27.8	13.1	-6.6	59.8	
15.5	-11.5	-36.1	52.4	
20.5	-21.4	-21.4	18.0	
0.8	25.4	-21.4	54.9	
-4.1	15.5	-55.8	-9.1	
-4.1	10.6	-53.3	5.7	
22.9	15.5	-55.8	-36.1	
18.0	37.7	-31.2	-38.6	
5.7	72.1	-11.5	-31.2	
8.2	69.7	-18.9	-26.3	
3.2	32.8	-11.5	-26.3	
13.1	86.9	-14.0	-31.2	
20.5	94.3	-9.1	-1.7	
10.6	35.2	5.7	-1.7	
3.2	30.3	0.8	5.7	
20.5	52.4	-31.2	18.0	
15.5	5.7	-18.9	42.6	
3.2	10.6	5.7	74.6	
3.2	5.7	42.6	133.6	
8.2	18.0	69.7	99.2	
15.5	74.6	54.9	32.8	
22.9	-9.1	30.3	-90.2	
25.4	-43.5	-9.1	3.2	
0.8	-4.1	-53.3	-23.8	
5.7	5.7	-50.9	64.7	
0.8	35.2	-21.4	5.7	
-4.1	10.6	22.9	3.2	
-4.1	47.5	20.5	59.8	
5.7	52.4	3.2	160.7	
-6.6	42.6	-28.7	259.1	
5.7	57.4	-14.0	197.6	
-4.1	91.8	-1.7	145.9	
15.5	64.7	27.8	-65.6	
18.0	45.1	54.9	-137.0	
0.8	37.7	59.8	-23.8	
-4.1	27.8	32.8	8.2	
-6.6	13.1	-16.4	-164.0	
3.2	-11.5	-41.0	-178.8	
-6.6	-1.7	-36.1	-127.1	
-11.5	-11.5	-26.3	-97.6	
-18.9	47.5	10.6	-41.0	
-9.1	-1.7	40.1	15.5	
-16.4	-16.4	64.7	-112.4	
-14.0	8.2	50.0	-9.1	
-16.4	-14.0	47.5	82.0	
-9.1	-6.6	59.8	190.2	
-4.1	8.2	79.5	128.7	
25.4	35.2	94.3	42.6	
37.7	20.5	69.7	-43.5	
37.7	27.8	15.5	-18.9	
32.8	62.3	-11.5	69.7	
35.2	72.1	-46.0	35.2	
37.7	57.4	-119.8	-9.1	
27.8	67.2	-154.2	-250.1	
20.5	54.9	-112.4	-139.4	
13.1	35.2	-50.9	-90.2	
-6.6	-1.7	-14.0	-75.5	
-16.4	40.1	3.2	5.7	
-48.4	13.1	-14.0	-23.8	
-28.7	18.0	-14.0	-33.7	
-4.1	20.5	0.8	-31.2	
18.0	-36.1	40.1	-1.7	
37.7	-26.3	18.0	5.7	
32.8	22.9	10.6	10.6	
45.1	40.1	0.8	5.7	
30.3	40.1	-21.4	30.3	
13.1	99.2	-36.1	8.2	
18.0	25.4	-23.8	22.9	
27.8	54.9	-26.3	37.7	
18.0	54.9	-1.7	37.7	
30.3	15.5	20.5	45.1	
22.9	256.6	37.7	27.8	
22.9	155.8	86.9	15.5	
22.9	-82.9	77.0	15.5	
30.3	185.3	47.5	52.4	
0.8	-264.9	27.8	113.9	
18.0	-23.8	64.7	173.0	
-6.6	-11.5	84.4	106.6	
-9.1	-114.8	89.3	35.2	
-21.4	-267.4	79.5	22.9	
-9.1	0.8	37.7	133.6	
-16.4	-26.3	-21.4	86.9	
-9.1	-16.4	-60.7	-73.0	
-6.6	5.7	-33.7	-139.4	
-9.1	8.2	-1.7	-77.9	
3.2	22.9	-23.8	-28.7	
20.5	52.4	-26.3	-23.8	
25.4	59.8	-28.7	-75.5	
32.8	84.4	8.2	-41.0	
30.3	72.1	27.8	13.1	
42.6	54.9	22.9	96.7	
35.2	62.3	13.1	89.3	
42.6	42.6	20.5	82.0	
30.3	77.0	79.5	118.9	
22.9	27.8	59.8	72.1	
18.0	30.3	40.1	47.5	
5.7	25.4	30.3	-26.3	
20.5	45.1	8.2	15.5	
32.8	59.8	-36.1	82.0	
13.1	67.2	-48.4	-41.0	
10.6	40.1	3.2	-102.5	
3.2	-16.4	3.2	-85.3	
-14.0	-23.8	-9.1	-73.0	
-1.7	54.9	15.5	-119.8	
-11.5	30.3	18.0	-87.8	
3.2	20.5	42.6	10.6	
8.2	35.2	79.5	13.1	
-11.5	5.7	104.1	0.8	
-11.5	45.1	116.4	-21.4	
-6.6	37.7	138.5	-41.0	
13.1	42.6	64.7	-6.6	
27.8	20.5	-28.7	5.7	
25.4	72.1	-75.5	42.6	
22.9	69.7	-43.5	27.8	
5.7	54.9	-26.3	-9.1	
-11.5	40.1	-46.0	15.5	
-18.9	8.2	-100.1	13.1	
3.2	18.0	-171.4	5.7	
20.5	32.8	-164.0	-11.5	
30.3	25.4	-122.2	5.7	
45.1	35.2	-60.7	52.4	
50.0	-6.6	-21.4	104.1	
50.0	18.0	18.0	249.2	
45.1	22.9	5.7	232.0	
32.8	-9.1	-31.2	8.2	
35.2	30.3	-58.3	-112.4	
18.0	72.1	-48.4	-156.7	
35.2	47.5	-16.4	-63.2	
20.5	62.3	45.1	-31.2	
27.8	57.4	109.0	8.2	
32.8	47.5	126.2	-28.7	
18.0	69.7	113.9	8.2	
22.9	52.4	106.6	-21.4	
15.5	54.9	84.4	-48.4	
20.5	32.8	52.4	91.8	
5.7	18.0	27.8	190.2	
0.8	10.6	-16.4	192.7	
0.8	45.1	-33.7	47.5	
3.2	18.0	-28.7	32.8	
3.2	32.8	-21.4	-144.4	
-1.7	-4.1	-50.9	59.8	
0.8	-38.6	-4.1	128.7	
-6.6	15.5	5.7	52.4	
-11.5	8.2	27.8	5.7	
3.2	0.8	57.4	-252.6	
-1.7	13.1	45.1	-41.0	
-6.6	47.5	54.9	52.4	
0.8	40.1	22.9	-58.3	
-1.7	57.4	-11.5	-95.2	
3.2	69.7	-28.7	-141.9	
15.5	54.9	-50.9	-176.3	
22.9	59.8	-85.3	-70.6	
45.1	50.0	-68.1	-1.7	
40.1	54.9	-41.0	18.0	
42.6	67.2	8.2	74.6	
27.8	5.7	-18.9	96.7	
30.3	13.1	-11.5	187.7	
15.5	8.2	3.2	101.6	
18.0	0.8	32.8	35.2	
13.1	-26.3	54.9	-41.0	
18.0	10.6	37.7	-41.0	
15.5	0.8	5.7	-60.7	
5.7	-21.4	8.2	-73.0	
0.8	-11.5	35.2	8.2	
22.9	27.8	64.7	5.7	
15.5	25.4	40.1	25.4	
40.1	141.0	22.9	-75.5	
45.1	-119.8	-6.6	-43.5	
47.5	-18.9	47.5	18.0	
45.1	25.4	40.1	57.4	
45.1	-9.1	45.1	25.4	
32.8	-181.3	67.2	-36.1	
25.4	136.1	91.8	-65.6	
20.5	165.6	62.3	-38.6	
20.5	-122.2	47.5	-6.6	
3.2	177.9	42.6	42.6	
5.7	0.8	27.8	84.4	
15.5	52.4	-6.6	111.5	
8.2	-112.4	-65.6	67.2	
-4.1	-191.1	-65.6	-80.4	
-6.6	-31.2	-58.3	-41.0	
-9.1	-38.6	-38.6	-14.0	
-6.6	-11.5	-6.6	13.1	
13.1	-11.5	-14.0	-6.6	
13.1	5.7	-14.0	-9.1	
35.2	22.9	15.5	5.7	
13.1	79.5	94.3	15.5	
27.8	57.4	195.1	32.8	
18.0	84.4	148.4	-14.0	
27.8	30.3	86.9	-14.0	
18.0	64.7	57.4	18.0	
22.9	69.7	74.6	25.4	
20.5	99.2	67.2	27.8	
10.6	69.7	52.4	10.6	
-1.7	15.5	45.1	20.5	
-11.5	32.8	37.7	64.7	
-4.1	8.2	-23.8	106.6	
-6.6	45.1	-80.4	37.7	
-9.1	20.5	-154.2	-16.4	
-6.6	27.8	-210.8	-58.3	
5.7	22.9	-237.8	-26.3	
-6.6	15.5	-257.5	25.4	
-16.4	13.1	-186.2	-41.0	
-6.6	27.8	-154.2	-41.0	
-11.5	25.4	-100.1	-6.6	
5.7	32.8	-23.8	42.6	
3.2	22.9	10.6	86.9	
13.1	50.0	62.3	3.2	
10.6	47.5	74.6	-28.7	
-14.0	47.5	104.1	-16.4	
-18.9	32.8	118.9	3.2	
-14.0	64.7	99.2	40.1	
-9.1	40.1	89.3	42.6	
0.8	62.3	62.3	64.7	
3.2	52.4	27.8	126.2	
13.1	45.1	35.2	69.7	
13.1	3.2	47.5	-38.6	
13.1	25.4	57.4	-80.4	
22.9	20.5	52.4	-70.6	
5.7	20.5	15.5	-36.1	
0.8	18.0	20.5	47.5	
-1.7	-9.1	35.2	67.2	
-4.1	-14.0	67.2	72.1	
-1.7	-11.5	57.4	0.8	
-4.1	20.5	-6.6	-58.3	
-14.0	22.9	-75.5	-112.4	
-21.4	27.8	-33.7	-75.5	
-16.4	-6.6	-26.3	10.6	
3.2	18.0	-23.8	18.0	
13.1	74.6	-16.4	40.1	
32.8	45.1	15.5	25.4	
45.1	54.9	42.6	121.3	
40.1	22.9	72.1	259.1	
47.5	50.0	52.4	359.9	
45.1	35.2	8.2	111.5	
42.6	37.7	-63.2	-208.3	
22.9	32.8	-60.7	-257.5	
18.0	18.0	-43.5	-178.8	
13.1	10.6	-33.7	-77.9	
30.3	25.4	-18.9	45.1	
13.1	27.8	-6.6	138.5	
18.0	-14.0	15.5	190.2	
18.0	-38.6	40.1	113.9	
18.0	3.2	47.5	64.7	
13.1	35.2	64.7	-6.6	
13.1	5.7	79.5	-159.1	
20.5	13.1	89.3	-75.5	
20.5	52.4	82.0	-82.9	
3.2	40.1	22.9	-21.4	
10.6	72.1	-6.6	-14.0	
5.7	52.4	-50.9	-33.7	
10.6	69.7	-119.8	-77.9	
18.0	47.5	-109.9	-31.2	
37.7	86.9	-53.3	-43.5	
5.7	22.9	-58.3	-28.7	
3.2	40.1	-48.4	-14.0	
-4.1	-23.8	-55.8	13.1	
10.6	18.0	-46.0	32.8	
5.7	-1.7	22.9	32.8	
-4.1	-28.7	82.0	57.4	
3.2	0.8	99.2	-11.5	
8.2	-16.4	131.2	35.2	
13.1	-21.4	133.6	-6.6	
15.5	-23.8	89.3	22.9	
15.5	8.2	52.4	35.2	
20.5	10.6	13.1	8.2	
20.5	150.8	-58.3	-77.9	
22.9	82.0	-75.5	-4.1	
8.2	-1.7	-73.0	15.5	
8.2	50.0	-26.3	30.3	
-11.5	118.9	20.5	18.0	
-11.5	91.8	40.1	18.0	
3.2	126.2	18.0	5.7	
3.2	-186.2	-14.0	-6.6	
-6.6	52.4	-31.2	18.0	
8.2	-373.1	-26.3	62.3	
10.6	168.1	18.0	74.6	
-9.1	25.4	57.4	72.1	
-14.0	-87.8	57.4	27.8	
-18.9	-82.9	22.9	-36.1	
-14.0	5.7	3.2	-65.6	
3.2	-4.1	-1.7	-31.2	
0.8	-9.1	-21.4	-21.4	
3.2	8.2	-23.8	-4.1	
13.1	40.1	-36.1	-9.1	
15.5	45.1	-21.4	-11.5	
20.5	72.1	-16.4	8.2	
15.5	35.2	-16.4	15.5	
20.5	69.7	-14.0	67.2	
13.1	62.3	-4.1	18.0	
5.7	67.2	18.0	-18.9	
8.2	59.8	37.7	-21.4	
-11.5	52.4	45.1	3.2	
10.6	52.4	37.7	25.4	
15.5	25.4	35.2	86.9	
15.5	32.8	37.7	116.4	
10.6	25.4	0.8	173.0	
3.2	54.9	-55.8	123.8	
22.9	13.1	-11.5	67.2	
32.8	20.5	18.0	-36.1	
27.8	-23.8	40.1	-102.5	
25.4	-41.0	50.0	-95.2	
27.8	15.5	22.9	-53.3	
22.9	-16.4	22.9	15.5	
32.8	0.8	20.5	-38.6	
18.0	52.4	20.5	72.1	
30.3	64.7	22.9	138.5	
27.8	30.3	52.4	153.3	
20.5	45.1	89.3	-183.7	
15.5	45.1	89.3	-245.2	
25.4	45.1	86.9	-196.0	
20.5	59.8	57.4	-87.8	
15.5	67.2	40.1	15.5	
10.6	59.8	27.8	113.9	
3.2	67.2	35.2	128.7	
13.1	72.1	30.3	79.5	
15.5	57.4	20.5	-11.5	
15.5	59.8	3.2	-48.4	
22.9	8.2	-46.0	-28.7	
27.8	-6.6	-43.5	-33.7	
35.2	25.4	-16.4	-14.0	
45.1	-11.5	-28.7	18.0	
40.1	8.2	-43.5	50.0	
15.5	0.8	-55.8	59.8	
5.7	18.0	-50.9	64.7	
0.8	27.8	-48.4	-38.6	
-6.6	10.6	5.7	-9.1	
-1.7	32.8	20.5	27.8	
-6.6	40.1	32.8	3.2	
-1.7	45.1	-6.6	-41.0	
-1.7	37.7	-9.1	-26.3	
3.2	74.6	-23.8	-9.1	
0.8	62.3	-41.0	3.2	
10.6	25.4	-50.9	0.8	
10.6	22.9	-53.3	-6.6	
20.5	25.4	-28.7	-6.6	
18.0	37.7	-4.1	3.2	
13.1	42.6	15.5	50.0	
5.7	-11.5	57.4	59.8	
-6.6	10.6	67.2	0.8	
-1.7	52.4	47.5	-6.6	
0.8	-31.2	-9.1	-6.6	
5.7	-31.2	-41.0	20.5	
-1.7	8.2	-63.2	47.5	
-4.1	15.5	-26.3	8.2	
-6.6	25.4	-1.7	30.3	
-1.7	69.7	-4.1	25.4	
-16.4	37.7	10.6	10.6	
-14.0	54.9	0.8	-33.7	
5.7	64.7	5.7	10.6	
15.5	50.0	22.9	-16.4	
20.5	72.1	50.0	40.1	
37.7	69.7	79.5	-1.7	
25.4	10.6	84.4	13.1	
32.8	42.6	77.0	-28.7	
35.2	45.1	69.7	-11.5	
40.1	13.1	59.8	15.5	
40.1	18.0	22.9	59.8	
35.2	-1.7	-4.1	18.0	
32.8	5.7	10.6	45.1	
22.9	-1.7	40.1	89.3	
18.0	0.8	42.6	69.7	
5.7	0.8	20.5	22.9	
-6.6	-23.8	18.0	-21.4	
-4.1	30.3	50.0	-156.7	
8.2	32.8	72.1	-53.3	
13.1	-14.0	77.0	64.7	
5.7	-1.7	50.0	187.7	
-14.0	239.4	8.2	111.5	
-9.1	64.7	-21.4	-92.7	
-16.4	-95.2	-31.2	-220.6	
-14.0	224.6	-48.4	-82.9	
3.2	131.2	15.5	-21.4	
-1.7	-193.6	86.9	-28.7	
20.5	96.7	86.9	27.8	
18.0	-311.6	30.3	32.8	
22.9	20.5	0.8	109.0	
8.2	-169.0	-23.8	67.2	
10.6	-149.3	0.8	-9.1	
0.8	-181.3	22.9	-65.6	
15.5	-41.0	27.8	-63.2	
25.4	-9.1	-21.4	-60.7	
25.4	-28.7	-90.2	-85.3	
10.6	-18.9	-137.0	-43.5	
3.2	-16.4	-146.8	-41.0	
10.6	25.4	-97.6	3.2	
10.6	35.2	-43.5	45.1	
18.0	64.7	-1.7	163.1	
27.8	52.4	30.3	111.5	
13.1	59.8	59.8	126.2	
18.0	67.2	82.0	101.6	
15.5	57.4	45.1	20.5	
10.6	59.8	-1.7	-173.9	
8.2	40.1	5.7	-235.4	
8.2	52.4	86.9	-68.1	
13.1	25.4	101.6	-21.4	
13.1	18.0	57.4	-23.8	
0.8	22.9	5.7	-31.2	
18.0	5.7	-31.2	-14.0	
5.7	22.9	-53.3	35.2	
35.2	22.9	-73.0	96.7	
59.8	-1.7	-36.1	84.4	
54.9	10.6	10.6	145.9	
72.1	13.1	67.2	141.0	
50.0	8.2	50.0	50.0	
20.5	52.4	15.5	-4.1	
5.7	25.4	-41.0	-63.2	
-16.4	10.6	-77.9	-132.1	
-14.0	79.5	-87.8	-65.6	
-21.4	45.1	-70.6	-23.8	
-11.5	69.7	-36.1	-11.5	
15.5	86.9	-9.1	-21.4	
20.5	74.6	62.3	0.8	
15.5	72.1	74.6	8.2	
-1.7	32.8	64.7	30.3	
-1.7	30.3	79.5	84.4	
-9.1	18.0	72.1	18.0	
3.2	30.3	84.4	-33.7	
-9.1	59.8	20.5	-68.1	
-4.1	5.7	-26.3	3.2	
3.2	27.8	-43.5	35.2	
-1.7	0.8	-14.0	57.4	
-1.7	-1.7	-73.0	50.0	
13.1	-14.0	-48.4	-38.6	
15.5	15.5	20.5	-77.9	
25.4	37.7	45.1	-38.6	
32.8	25.4	47.5	-33.7	
45.1	54.9	77.0	-26.3	
35.2	59.8	77.0	25.4	
22.9	47.5	57.4	52.4	
10.6	37.7	77.0	10.6	
3.2	89.3	84.4	27.8	
5.7	89.3	64.7	77.0	
-6.6	84.4	30.3	54.9	
0.8	50.0	5.7	37.7	
-6.6	20.5	0.8	-14.0	
15.5	25.4	13.1	-1.7	
5.7	35.2	27.8	35.2	
18.0	-33.7	37.7	57.4	
18.0	37.7	27.8	84.4	
25.4	30.3	35.2	96.7	
18.0	32.8	-4.1	101.6	
8.2	-6.6	-33.7	27.8	
0.8	32.8	-28.7	32.8	
0.8	18.0	-33.7	-6.6	
15.5	42.6	-16.4	25.4	
22.9	40.1	-16.4	18.0	
8.2	57.4	-1.7	42.6	
25.4	52.4	-1.7	74.6	
25.4	69.7	-1.7	32.8	
25.4	54.9	-11.5	-97.6	
18.0	89.3	20.5	-129.6	
37.7	77.0	50.0	-171.4	
50.0	52.4	67.2	18.0	
54.9	45.1	42.6	54.9	
64.7	32.8	50.0	106.6	
45.1	0.8	45.1	37.7	
35.2	10.6	45.1	-75.5	
35.2	5.7	37.7	-48.4	
35.2	0.8	-14.0	-70.6	
32.8	-16.4	-48.4	-70.6	
37.7	-38.6	-38.6	-90.2	
32.8	-1.7	-50.9	32.8	
40.1	-4.1	-1.7	111.5	
32.8	-4.1	10.6	126.2	
30.3	72.1	-4.1	-28.7	
30.3	-348.5	-55.8	-107.5	
15.5	-228.0	-85.3	-95.2	
32.8	-28.7	-75.5	-11.5	
35.2	-31.2	-23.8	5.7	
45.1	72.1	15.5	18.0	
42.6	-16.4	47.5	47.5	
32.8	209.9	47.5	10.6	
32.8	-60.7	32.8	37.7	
18.0	-41.0	-14.0	18.0	
13.1	-176.3	13.1	109.0	
-6.6	-50.9	79.5	168.1	
-18.9	54.9	138.5	303.4	
-23.8	47.5	128.7	227.1	
-38.6	-80.4	131.2	-82.9	
-23.8	22.9	72.1	-328.9	
-18.9	15.5	69.7	-304.3	
-1.7	25.4	62.3	-95.2	
15.5	45.1	47.5	37.7	
18.0	52.4	50.0	13.1	
37.7	18.0	59.8	-14.0	
35.2	45.1	50.0	-33.7	
40.1	64.7	35.2	27.8	
15.5	69.7	20.5	52.4	
5.7	77.0	40.1	94.3	
5.7	67.2	89.3	91.8	
10.6	77.0	104.1	25.4	
20.5	99.2	91.8	20.5	
30.3	62.3	69.7	-107.5	
35.2	72.1	86.9	-50.9	
32.8	52.4	113.9	138.5	
37.7	67.2	113.9	340.3	
35.2	52.4	99.2	529.7	
27.8	57.4	69.7	394.4	
37.7	20.5	45.1	268.9	
20.5	25.4	27.8	-240.3	
25.4	27.8	-1.7	-417.4	
18.0	15.5	-53.3	-385.4	
20.5	-21.4	-38.6	-333.8	
15.5	27.8	-41.0	-213.2	
22.9	8.2	-36.1	-95.2	
22.9	52.4	-33.7	-77.9	
22.9	30.3	-43.5	-73.0	
8.2	-4.1	-55.8	-31.2	
-6.6	8.2	-75.5	13.1	
-9.1	64.7	-31.2	20.5	
-1.7	94.3	5.7	-6.6	
-6.6	45.1	27.8	-11.5	
13.1	54.9	47.5	10.6	
20.5	22.9	77.0	47.5	
30.3	3.2	89.3	-41.0	
20.5	3.2	52.4	-21.4	
18.0	-1.7	-36.1	-6.6	
32.8	-6.6	-55.8	22.9	
25.4	25.4	-11.5	3.2	
25.4	3.2	47.5	-4.1	
25.4	-33.7	82.0	0.8	
22.9	8.2	86.9	8.2	
13.1	37.7	111.5	18.0	
20.5	50.0	72.1	10.6	
15.5	45.1	15.5	-1.7	
25.4	20.5	10.6	-9.1	
8.2	40.1	40.1	13.1	
-9.1	69.7	42.6	25.4	
-14.0	79.5	25.4	40.1	
-16.4	40.1	-9.1	25.4	
-11.5	57.4	-48.4	13.1	
-4.1	79.5	-73.0	18.0	
10.6	72.1	-46.0	20.5	
10.6	67.2	-9.1	13.1	
10.6	42.6	3.2	13.1	
15.5	35.2	-26.3	35.2	
27.8	40.1	-26.3	45.1	
15.5	8.2	-36.1	42.6	
25.4	0.8	-18.9	54.9	
30.3	-36.1	-33.7	-33.7	
30.3	-55.8	-18.9	-14.0	
27.8	-38.6	5.7	37.7	
25.4	-21.4	10.6	35.2	
20.5	22.9	-21.4	50.0	
22.9	27.8	-33.7	37.7	
20.5	72.1	-46.0	20.5	
20.5	30.3	-31.2	35.2	
3.2	57.4	0.8	109.0	
3.2	47.5	18.0	113.9	
5.7	52.4	10.6	18.0	
8.2	52.4	-31.2	27.8	
-4.1	72.1	-33.7	54.9	
-4.1	52.4	-18.9	291.1	
0.8	62.3	-1.7	355.0	
8.2	54.9	25.4	64.7	
13.1	47.5	69.7	-301.8	
13.1	25.4	82.0	-28.7	
20.5	32.8	74.6	-6.6	
10.6	5.7	47.5	-1.7	
3.2	10.6	47.5	-6.6	
5.7	-21.4	64.7	-230.5	
13.1	0.8	91.8	-292.0	
25.4	-26.3	72.1	-183.7	
27.8	35.2	32.8	-14.0	
5.7	22.9	37.7	74.6	
27.8	-149.3	13.1	244.3	
15.5	126.2	-28.7	367.3	
20.5	79.5	-60.7	195.1	
25.4	69.7	-85.3	47.5	
32.8	-26.3	-55.8	-326.4	
37.7	234.5	-58.3	-321.5	
18.0	-65.6	-18.9	-210.8	
32.8	153.3	18.0	-48.4	
22.9	45.1	25.4	59.8	
27.8	-365.8	-1.7	94.3	
27.8	236.9	18.0	54.9	
20.5	0.8	5.7	-75.5	
8.2	-186.2	-23.8	-169.0	
3.2	-215.7	32.8	45.1	
8.2	-11.5	69.7	-16.4	
13.1	-26.3	111.5	94.3	
8.2	-4.1	116.4	-198.5	
-14.0	-28.7	82.0	-85.3	
-4.1	-26.3	50.0	-53.3	
-6.6	8.2	37.7	-11.5	
-23.8	22.9	35.2	10.6	
-6.6	37.7	32.8	35.2	
0.8	40.1	30.3	13.1	
-1.7	27.8	0.8	20.5	
8.2	42.6	-18.9	3.2	
27.8	64.7	-33.7	-4.1	
20.5	77.0	-23.8	-1.7	
13.1	67.2	-14.0	-1.7	
25.4	27.8	8.2	5.7	
5.7	27.8	8.2	20.5	
-4.1	67.2	-16.4	27.8	
0.8	27.8	-46.0	25.4	
15.5	50.0	-85.3	37.7	
25.4	40.1	-92.7	42.6	
45.1	-9.1	-48.4	3.2	
50.0	-28.7	-4.1	20.5	
37.7	13.1	25.4	20.5	
37.7	20.5	42.6	37.7	
22.9	22.9	50.0	20.5	
35.2	37.7	42.6	5.7	
25.4	69.7	42.6	8.2	
22.9	45.1	30.3	22.9	
32.8	89.3	30.3	15.5	
42.6	62.3	35.2	37.7	
27.8	64.7	35.2	121.3	
20.5	84.4	37.7	158.2	
18.0	106.6	40.1	40.1	
5.7	45.1	62.3	-109.9	
-1.7	30.3	40.1	-87.8	
-11.5	42.6	18.0	-46.0	
8.2	8.2	-9.1	-41.0	
-6.6	-23.8	-14.0	-6.6	
0.8	8.2	-11.5	-18.9	
-6.6	-4.1	-21.4	-18.9	
-21.4	-21.4	-33.7	-9.1	
-11.5	-26.3	-38.6	-1.7	
-6.6	-33.7	-14.0	45.1	
-4.1	-41.0	-11.5	54.9	
5.7	-6.6	-31.2	101.6	
13.1	18.0	-18.9	168.1	
27.8	52.4	27.8	175.4	
32.8	32.8	96.7	62.3	
45.1	3.2	104.1	-127.1	
52.4	27.8	123.8	-178.8	
45.1	62.3	104.1	-80.4	
45.1	104.1	96.7	-33.7	
40.1	54.9	45.1	-6.6	
35.2	27.8	18.0	47.5	
22.9	37.7	10.6	241.9	
32.8	42.6	20.5	330.4	
22.9	35.2	50.0	315.7	
32.8	64.7	32.8	84.4	
25.4	18.0	-23.8	-220.6	
25.4	-9.1	-75.5	-205.9	
25.4	-26.3	-100.1	-203.4	
10.6	-36.1	-112.4	-264.9	
-6.6	-43.5	-65.6	-186.2	
-14.0	-21.4	-9.1	-90.2	
-18.9	-11.5	-23.8	-14.0	
-18.9	15.5	-82.9	52.4	
-23.8	8.2	-90.2	47.5	
-16.4	30.3	-60.7	-14.0	
-11.5	62.3	-36.1	5.7	
-6.6	47.5	3.2	106.6	
-1.7	42.6	37.7	197.6	
10.6	74.6	37.7	241.9	
18.0	62.3	20.5	177.9	
47.5	54.9	10.6	-55.8	
25.4	32.8	18.0	-247.7	
20.5	35.2	0.8	-114.8	
22.9	42.6	15.5	-90.2	
22.9	30.3	32.8	-9.1	
37.7	40.1	30.3	111.5	
13.1	-1.7	22.9	126.2	
13.1	15.5	50.0	173.0	
10.6	-46.0	50.0	123.8	
-1.7	-28.7	50.0	89.3	
3.2	-36.1	20.5	-132.1	
0.8	-21.4	5.7	-112.4	
-4.1	35.2	8.2	-90.2	
3.2	96.7	-1.7	-149.3	
0.8	-92.7	18.0	-46.0	
5.7	123.8	57.4	-9.1	
18.0	-50.9	67.2	3.2	
18.0	-70.6	62.3	-95.2	
3.2	158.2	77.0	-60.7	
5.7	190.2	59.8	-16.4	
5.7	35.2	72.1	35.2	
8.2	22.9	82.0	-11.5	
18.0	128.7	136.1	8.2	
8.2	42.6	153.3	59.8	
-6.6	27.8	91.8	79.5	
-6.6	-26.3	42.6	62.3	
-1.7	-164.0	8.2	5.7	
8.2	-26.3	-33.7	-26.3	
0.8	-28.7	-87.8	3.2	
0.8	18.0	-95.2	-1.7	
8.2	22.9	-53.3	40.1	
-6.6	25.4	-80.4	-28.7	
0.8	42.6	-149.3	-53.3	
18.0	25.4	-203.4	-53.3	
22.9	40.1	-173.9	-21.4	
10.6	40.1	-102.5	5.7	
8.2	42.6	-41.0	25.4	
13.1	27.8	0.8	-9.1	
22.9	54.9	59.8	-16.4	
35.2	30.3	101.6	0.8	
20.5	72.1	79.5	10.6	
25.4	5.7	67.2	0.8	
32.8	37.7	3.2	-6.6	
32.8	25.4	5.7	8.2	
35.2	0.8	35.2	13.1	
40.1	22.9	50.0	5.7	
40.1	45.1	57.4	18.0	
42.6	22.9	37.7	15.5	
50.0	-9.1	13.1	13.1	
52.4	-11.5	0.8	13.1	
59.8	0.8	-4.1	35.2	
52.4	40.1	15.5	-6.6	
45.1	15.5	0.8	10.6	
27.8	35.2	8.2	67.2	
5.7	32.8	20.5	177.9	
0.8	45.1	32.8	126.2	
-14.0	67.2	-9.1	30.3	
-31.2	32.8	-4.1	-38.6	
-26.3	113.9	25.4	-41.0	
-36.1	94.3	45.1	-16.4	
-16.4	42.6	-23.8	106.6	
-9.1	15.5	-60.7	96.7	
-11.5	45.1	-53.3	136.1	
13.1	18.0	-38.6	54.9	
30.3	47.5	-43.5	5.7	
32.8	62.3	-53.3	-48.4	
30.3	18.0	-53.3	-245.2	
5.7	52.4	-9.1	-82.9	
15.5	-16.4	59.8	-46.0	
35.2	-18.9	109.0	-4.1	
40.1	-4.1	133.6	5.7	
32.8	22.9	131.2	82.0	
30.3	47.5	84.4	173.0	
45.1	47.5	47.5	84.4	
35.2	40.1	45.1	20.5	
37.7	35.2	0.8	-55.8	
15.5	79.5	-50.9	-124.7	
13.1	69.7	-50.9	-58.3	
-1.7	62.3	-53.3	-119.8	
-16.4	79.5	-41.0	-26.3	
-14.0	27.8	10.6	-14.0	
0.8	20.5	45.1	32.8	
-16.4	35.2	35.2	109.0	
-1.7	20.5	52.4	116.4	
35.2	-18.9	57.4	45.1	
52.4	-28.7	15.5	40.1	
40.1	-4.1	22.9	-82.9	
32.8	18.0	22.9	-119.8	
32.8	15.5	25.4	-127.1	
22.9	-18.9	3.2	-122.2	
18.0	35.2	-14.0	-33.7	
10.6	15.5	13.1	22.9	
3.2	25.4	-4.1	18.0	
13.1	18.0	-38.6	-55.8	
22.9	45.1	-63.2	8.2	
3.2	22.9	-82.9	96.7	
18.0	20.5	-55.8	91.8	
-1.7	54.9	-50.9	22.9	
3.2	67.2	-26.3	37.7	
-6.6	74.6	-11.5	-146.8	
5.7	54.9	-28.7	-87.8	
13.1	30.3	-1.7	18.0	
27.8	18.0	-14.0	54.9	
15.5	20.5	-18.9	25.4	
5.7	32.8	-14.0	113.9	
5.7	13.1	30.3	25.4	
5.7	5.7	62.3	-43.5	
3.2	5.7	91.8	-28.7	
22.9	-14.0	57.4	-1.7	
30.3	-21.4	47.5	-6.6	
25.4	13.1	25.4	15.5	
15.5	5.7	35.2	8.2	
3.2	5.7	45.1	45.1	
3.2	-114.8	5.7	113.9	
-1.7	37.7	-53.3	182.8	
-1.7	148.4	-28.7	94.3	
18.0	-58.3	3.2	141.0	
42.6	158.2	25.4	-122.2	
52.4	197.6	47.5	-183.7	
40.1	69.7	57.4	-82.9	
25.4	-252.6	101.6	-21.4	
20.5	20.5	91.8	-58.3	
13.1	-289.5	62.3	22.9	
10.6	54.9	37.7	99.2	
0.8	35.2	13.1	84.4	
-6.6	-203.4	-58.3	-18.9	
-9.1	-119.8	-107.5	-36.1	
-6.6	-21.4	-73.0	0.8	
-1.7	-28.7	-55.8	-21.4	
-1.7	-1.7	-18.9	-43.5	
8.2	13.1	-11.5	-77.9	
18.0	8.2	10.6	-26.3	
32.8	37.7	30.3	-6.6	
30.3	37.7	89.3	-1.7	
30.3	72.1	101.6	5.7	
30.3	89.3	113.9	-9.1	
20.5	77.0	131.2	5.7	
25.4	52.4	141.0	35.2	
8.2	94.3	145.9	57.4	
8.2	72.1	131.2	79.5	
25.4	84.4	104.1	104.1	
18.0	50.0	82.0	136.1	
22.9	57.4	52.4	197.6	
30.3	20.5	5.7	131.2	
27.8	64.7	-18.9	72.1	
13.1	27.8	-46.0	84.4	
8.2	3.2	-55.8	150.8	
8.2	18.0	-97.6	131.2	
3.2	-23.8	-134.5	-215.7	
0.8	-26.3	-181.3	-210.8	
3.2	-4.1	-122.2	-63.2	
22.9	45.1	-85.3	-9.1	
13.1	40.1	-21.4	-58.3	
-9.1	32.8	18.0	-107.5	
0.8	67.2	42.6	-146.8	
-18.9	52.4	89.3	-129.6	
0.8	52.4	109.0	-97.6	
25.4	54.9	94.3	8.2	
37.7	40.1	25.4	-4.1	
32.8	45.1	8.2	-63.2	
27.8	59.8	32.8	-43.5	
15.5	30.3	52.4	-9.1	
27.8	82.0	62.3	8.2	
22.9	42.6	62.3	-14.0	
32.8	47.5	30.3	15.5	
27.8	37.7	-36.1	22.9	
37.7	13.1	-122.2	3.2	
32.8	40.1	-82.9	-11.5	
15.5	-36.1	-21.4	3.2	
0.8	-1.7	40.1	37.7	
0.8	10.6	64.7	94.3	
8.2	30.3	59.8	50.0	
-4.1	37.7	47.5	22.9	
-11.5	72.1	27.8	27.8	
-6.6	13.1	8.2	42.6	
0.8	50.0	-16.4	-73.0	
8.2	141.0	-70.6	-41.0	
5.7	86.9	-119.8	-1.7	
8.2	94.3	-119.8	5.7	
10.6	50.0	-109.9	-26.3	
15.5	72.1	-58.3	-23.8	
18.0	67.2	3.2	22.9	
8.2	32.8	77.0	82.0	
-6.6	32.8	94.3	131.2	
10.6	-1.7	86.9	96.7	
10.6	3.2	47.5	37.7	
5.7	-4.1	-31.2	69.7	
5.7	10.6	-53.3	-90.2	
-4.1	-28.7	-48.4	-164.0	
0.8	3.2	-26.3	-33.7	
15.5	0.8	-28.7	79.5	
22.9	25.4	-23.8	57.4	
22.9	59.8	5.7	-6.6	
30.3	47.5	5.7	-63.2	
27.8	50.0	-6.6	-33.7	
20.5	69.7	-26.3	-28.7	
18.0	22.9	-1.7	-9.1	
15.5	22.9	62.3	-18.9	
20.5	64.7	111.5	-18.9	
13.1	57.4	131.2	-4.1	
20.5	35.2	104.1	-11.5	
18.0	40.1	37.7	-6.6	
30.3	30.3	-1.7	-4.1	
13.1	20.5	-23.8	8.2	
15.5	30.3	-21.4	13.1	
25.4	37.7	-55.8	0.8	
8.2	-1.7	-58.3	0.8	
3.2	-21.4	-58.3	25.4	
0.8	-50.9	-53.3	54.9	
15.5	-23.8	-28.7	82.0	
30.3	8.2	-18.9	62.3	
27.8	32.8	18.0	40.1	
15.5	57.4	3.2	59.8	
13.1	-85.3	-6.6	106.6	
8.2	59.8	5.7	-48.4	
18.0	-60.7	25.4	-87.8	
32.8	18.0	79.5	-43.5	
50.0	-55.8	91.8	77.0	
52.4	180.4	50.0	155.8	
47.5	94.3	-14.0	-1.7	
47.5	-331.3	5.7	-173.9	
20.5	0.8	35.2	-107.5	
13.1	-289.5	52.4	-75.5	
3.2	84.4	84.4	-16.4	
5.7	-48.4	123.8	72.1	
-18.9	-193.6	202.5	150.8	
-14.0	-205.9	143.5	367.3	
-4.1	20.5	74.6	254.2	
18.0	-43.5	50.0	32.8	
30.3	-63.2	57.4	-205.9	
10.6	-6.6	18.0	-257.5	
-1.7	27.8	-11.5	25.4	
20.5	27.8	-65.6	25.4	
22.9	27.8	-18.9	-65.6	
15.5	42.6	-46.0	-139.4	
10.6	45.1	-117.3	-75.5	
3.2	27.8	-166.5	-102.5	
30.3	69.7	-139.4	-36.1	
45.1	111.5	-68.1	-23.8	
35.2	64.7	-31.2	18.0	
40.1	37.7	-16.4	37.7	
25.4	-4.1	5.7	59.8	
27.8	59.8	10.6	52.4	
18.0	20.5	32.8	15.5	
10.6	20.5	37.7	5.7	
-6.6	13.1	5.7	-6.6	
-21.4	-1.7	-31.2	-1.7	
-38.6	10.6	-6.6	57.4	
-28.7	-11.5	25.4	150.8	
-36.1	13.1	30.3	99.2	
-11.5	0.8	20.5	-58.3	
30.3	27.8	13.1	-43.5	
45.1	42.6	18.0	35.2	
59.8	37.7	20.5	37.7	
50.0	52.4	22.9	-43.5	
52.4	40.1	15.5	-4.1	
57.4	45.1	27.8	-55.8	
47.5	74.6	54.9	-36.1	
20.5	59.8	64.7	-53.3	
13.1	15.5	50.0	-14.0	
3.2	32.8	37.7	-6.6	
-11.5	5.7	47.5	40.1	
-9.1	57.4	35.2	-1.7	
-21.4	50.0	32.8	32.8	
-28.7	45.1	15.5	89.3	
-18.9	-9.1	-16.4	113.9	
-18.9	-6.6	-31.2	84.4	
-9.1	-26.3	-23.8	-46.0	
0.8	-16.4	18.0	-85.3	
0.8	-21.4	72.1	-41.0	
20.5	-4.1	121.3	30.3	
35.2	40.1	94.3	64.7	
47.5	10.6	32.8	89.3	
25.4	10.6	-16.4	126.2	
25.4	67.2	-55.8	109.0	
20.5	47.5	-38.6	67.2	
18.0	47.5	-28.7	-14.0	
5.7	57.4	20.5	-139.4	
-4.1	37.7	-1.7	-141.9	
0.8	84.4	-58.3	-63.2	
0.8	37.7	-129.6	5.7	
0.8	40.1	-124.7	25.4	
-4.1	-4.1	-43.5	84.4	
-1.7	-1.7	22.9	25.4	
3.2	5.7	27.8	57.4	
3.2	-16.4	-31.2	57.4	
15.5	13.1	-46.0	-11.5	
8.2	10.6	-75.5	-31.2	
0.8	0.8	-75.5	-28.7	
0.8	-41.0	-18.9	-55.8	
8.2	-4.1	-6.6	-87.8	
20.5	18.0	-9.1	-55.8	
35.2	-4.1	-43.5	-21.4	
37.7	0.8	-77.9	-16.4	
25.4	0.8	-43.5	-1.7	
18.0	50.0	59.8	32.8	
20.5	47.5	165.6	42.6	
27.8	37.7	202.5	27.8	
8.2	57.4	168.1	-6.6	
8.2	32.8	109.0	-1.7	
-9.1	35.2	18.0	-31.2	
-18.9	35.2	-36.1	-9.1	
-26.3	22.9	-9.1	30.3	
-16.4	59.8	109.0	37.7	
-21.4	30.3	197.6	18.0	
-26.3	15.5	197.6	-4.1	
-18.9	3.2	160.7	3.2	
-21.4	25.4	121.3	5.7	
-9.1	-14.0	57.4	25.4	
-9.1	5.7	-11.5	54.9	
3.2	-6.6	-14.0	57.4	
3.2	18.0	-33.7	22.9	
13.1	54.9	-58.3	8.2	
15.5	608.4	-50.9	-1.7	
5.7	313.2	-53.3	131.2	
8.2	347.6	-73.0	202.5	
3.2	13.1	-73.0	79.5	
13.1	-146.8	-95.2	-100.1	
15.5	200.0	-90.2	-82.9	
20.5	-65.6	-139.4	-132.1	
42.6	-119.8	-166.5	-105.0	
40.1	64.7	-132.1	-38.6	
35.2	-90.2	-82.9	-9.1	
32.8	-28.7	-70.6	-6.6	
25.4	-18.9	-102.5	35.2	
13.1	-82.9	-102.5	69.7	
3.2	-232.9	-97.6	0.8	
-4.1	-50.9	-75.5	-6.6	
10.6	-55.8	-82.9	30.3	
25.4	-38.6	-63.2	27.8	
40.1	-82.9	-18.9	-11.5	
25.4	-50.9	42.6	-68.1	
5.7	-26.3	109.0	-28.7	
-6.6	3.2	104.1	40.1	
0.8	-9.1	59.8	111.5	
-9.1	22.9	47.5	77.0	
-16.4	10.6	0.8	37.7	
-6.6	20.5	-11.5	-75.5	
-4.1	35.2	-58.3	-9.1	
-4.1	45.1	-41.0	-4.1	
5.7	30.3	-41.0	118.9	
10.6	5.7	-82.9	131.2	
30.3	-4.1	-105.0	94.3	
37.7	20.5	-117.3	-46.0	
40.1	30.3	-102.5	-137.0	
20.5	-16.4	-16.4	-119.8	
25.4	35.2	18.0	-60.7	
20.5	50.0	50.0	-18.9	
3.2	3.2	64.7	47.5	
-11.5	-6.6	40.1	35.2	
-26.3	-26.3	-1.7	50.0	
-28.7	0.8	-28.7	-14.0	
-16.4	18.0	-9.1	84.4	
-18.9	25.4	10.6	96.7	
-4.1	54.9	30.3	82.0	
8.2	79.5	79.5	-4.1	
22.9	54.9	89.3	-97.6	
37.7	91.8	96.7	-14.0	
57.4	72.1	40.1	-178.8	
54.9	42.6	32.8	-114.8	
59.8	50.0	50.0	-38.6	
52.4	22.9	79.5	-21.4	
45.1	47.5	40.1	-9.1	
37.7	57.4	15.5	-16.4	
42.6	40.1	-23.8	-11.5	
30.3	0.8	-107.5	-26.3	
13.1	0.8	-87.8	-21.4	
3.2	32.8	-11.5	10.6	
-1.7	-4.1	30.3	47.5	
0.8	8.2	64.7	82.0	
0.8	3.2	13.1	-18.9	
-1.7	-16.4	-21.4	-21.4	
5.7	5.7	-26.3	40.1	
0.8	45.1	13.1	59.8	
-4.1	101.6	-4.1	69.7	
-4.1	30.3	-46.0	35.2	
13.1	27.8	-18.9	-6.6	
37.7	62.3	8.2	45.1	
25.4	67.2	-18.9	42.6	
18.0	42.6	-18.9	-26.3	
5.7	64.7	30.3	-31.2	
20.5	22.9	69.7	-23.8	
27.8	10.6	52.4	-6.6	
22.9	-63.2	-14.0	15.5	
20.5	40.1	-73.0	10.6	
8.2	20.5	-60.7	15.5	
8.2	52.4	-31.2	18.0	
3.2	25.4	8.2	45.1	
8.2	-18.9	18.0	62.3	
-1.7	-18.9	-16.4	82.0	
0.8	-4.1	-65.6	35.2	
0.8	22.9	-119.8	3.2	
13.1	32.8	-119.8	-28.7	
18.0	27.8	-21.4	-75.5	
13.1	32.8	72.1	-41.0	
13.1	25.4	153.3	5.7	
32.8	27.8	165.6	-9.1	
30.3	52.4	143.5	-4.1	
20.5	104.1	160.7	5.7	
35.2	82.0	116.4	104.1	
45.1	25.4	18.0	84.4	
30.3	20.5	15.5	0.8	
30.3	27.8	-9.1	-53.3	
27.8	32.8	-38.6	-43.5	
20.5	10.6	-46.0	-70.6	
13.1	-1.7	-21.4	-107.5	
8.2	10.6	-43.5	-18.9	
15.5	8.2	-58.3	32.8	
18.0	5.7	-60.7	-63.2	
3.2	-9.1	-38.6	22.9	
5.7	20.5	50.0	64.7	
15.5	40.1	180.4	47.5	
10.6	-11.5	236.9	69.7	
-14.0	219.7	180.4	52.4	
0.8	-48.4	77.0	45.1	
0.8	57.4	18.0	-14.0	
-4.1	109.0	-60.7	-127.1	
-4.1	-26.3	-102.5	-90.2	
-4.1	264.0	-114.8	-36.1	
0.8	155.8	-63.2	-9.1	
5.7	-141.9	-14.0	-18.9	
10.6	-11.5	-38.6	-11.5	
10.6	192.7	-73.0	13.1	
8.2	72.1	-36.1	25.4	
15.5	-38.6	-33.7	94.3	
30.3	-38.6	-11.5	77.0	
35.2	-144.4	50.0	-21.4	
18.0	-16.4	91.8	-95.2	
18.0	15.5	96.7	18.0	
15.5	3.2	37.7	47.5	
13.1	10.6	-9.1	20.5	
27.8	22.9	-16.4	-6.6	
22.9	42.6	8.2	42.6	
20.5	42.6	-11.5	79.5	
15.5	50.0	-46.0	-33.7	
8.2	13.1	-53.3	13.1	
3.2	62.3	-26.3	-6.6	
3.2	30.3	15.5	-53.3	
25.4	67.2	32.8	-36.1	
27.8	32.8	47.5	-63.2	
40.1	50.0	35.2	-38.6	
42.6	47.5	25.4	-36.1	
32.8	50.0	-6.6	-43.5	
30.3	10.6	-38.6	-23.8	
35.2	0.8	-60.7	27.8	
22.9	20.5	-50.9	91.8	
37.7	22.9	-53.3	160.7	
30.3	10.6	-53.3	158.2	
30.3	3.2	15.5	227.1	
22.9	-9.1	79.5	158.2	
25.4	-18.9	94.3	5.7	
20.5	32.8	91.8	-205.9	
22.9	40.1	62.3	-343.6	
32.8	72.1	35.2	-124.7	
8.2	74.6	40.1	-23.8	
13.1	67.2	54.9	-26.3	
15.5	59.8	69.7	-31.2	
-4.1	40.1	77.0	-4.1	
-16.4	57.4	47.5	3.2	
-26.3	27.8	20.5	32.8	
-31.2	40.1	-4.1	67.2	
-9.1	67.2	-4.1	40.1	
-4.1	64.7	13.1	-11.5	
5.7	54.9	18.0	-36.1	
5.7	30.3	-9.1	-18.9	
10.6	45.1	-26.3	13.1	
15.5	37.7	-38.6	50.0	
20.5	0.8	-26.3	113.9	
25.4	-14.0	-9.1	106.6	
22.9	-1.7	-21.4	143.5	
20.5	-21.4	-82.9	-68.1	
25.4	27.8	-112.4	-105.0	
25.4	45.1	-53.3	-107.5	
18.0	20.5	10.6	-75.5	
15.5	35.2	8.2	-50.9	
13.1	64.7	10.6	15.5	
8.2	59.8	18.0	20.5	
3.2	35.2	13.1	-4.1	
13.1	72.1	37.7	10.6	
15.5	62.3	42.6	5.7	
22.9	40.1	0.8	-23.8	
32.8	57.4	-21.4	-9.1	
47.5	15.5	-38.6	-1.7	
40.1	8.2	-6.6	20.5	
32.8	10.6	20.5	18.0	
10.6	25.4	30.3	-14.0	
13.1	15.5	40.1	-26.3	
-11.5	13.1	35.2	10.6	
-16.4	5.7	20.5	13.1	
-16.4	-11.5	-16.4	20.5	
-4.1	-9.1	-33.7	42.6	
5.7	15.5	-16.4	47.5	
13.1	3.2	-16.4	42.6	
18.0	40.1	-31.2	59.8	
18.0	20.5	-77.9	15.5	
35.2	40.1	-63.2	3.2	
45.1	5.7	-53.3	18.0	
42.6	69.7	0.8	0.8	
47.5	77.0	30.3	30.3	
30.3	82.0	50.0	40.1	
25.4	35.2	62.3	50.0	
22.9	32.8	86.9	109.0	
10.6	52.4	72.1	82.0	
-1.7	37.7	52.4	62.3	
-6.6	32.8	40.1	-31.2	
0.8	-23.8	30.3	-132.1	
8.2	3.2	-9.1	-33.7	
10.6	15.5	-38.6	-55.8	
18.0	-18.9	-38.6	-60.7	
42.6	-6.6	-38.6	35.2	
52.4	-14.0	-6.6	57.4	
57.4	8.2	32.8	54.9	
47.5	22.9	72.1	54.9	
27.8	113.9	79.5	15.5	
15.5	25.4	62.3	-92.7	
0.8	266.5	82.0	-18.9	
-6.6	101.6	128.7	-65.6	
-4.1	72.1	143.5	5.7	
-4.1	175.4	128.7	47.5	
-9.1	101.6	118.9	104.1	
-14.0	-68.1	136.1	45.1	
3.2	136.1	170.5	-11.5	
8.2	136.1	138.5	-75.5	
13.1	-4.1	54.9	-36.1	
25.4	25.4	-9.1	52.4	
25.4	-14.0	-73.0	40.1	
13.1	-134.5	-137.0	-58.3	
13.1	-1.7	-198.5	-85.3	
5.7	-6.6	-200.9	-31.2	
-1.7	-1.7	-173.9	62.3	
22.9	15.5	-139.4	94.3	
35.2	15.5	-114.8	45.1	
30.3	25.4	-90.2	-6.6	
25.4	22.9	-70.6	67.2	
15.5	37.7	22.9	45.1	
5.7	32.8	111.5	-107.5	
8.2	18.0	165.6	-127.1	
10.6	45.1	141.0	-87.8	
3.2	52.4	136.1	-31.2	
13.1	67.2	109.0	-6.6	
0.8	25.4	79.5	64.7	
-11.5	3.2	54.9	96.7	
-4.1	15.5	27.8	-6.6	
8.2	18.0	-18.9	-28.7	
-1.7	25.4	-38.6	74.6	
3.2	-4.1	-50.9	94.3	
3.2	37.7	-21.4	57.4	
25.4	3.2	-50.9	-63.2	
30.3	3.2	-70.6	-38.6	
35.2	22.9	-75.5	-58.3	
20.5	-21.4	-87.8	-28.7	
13.1	27.8	-60.7	-21.4	
10.6	-14.0	-55.8	37.7	
3.2	37.7	-11.5	18.0	
-4.1	37.7	30.3	-1.7	
5.7	42.6	52.4	-38.6	
22.9	64.7	52.4	-9.1	
20.5	59.8	45.1	52.4	
15.5	94.3	47.5	54.9	
10.6	89.3	35.2	84.4	
8.2	42.6	40.1	-50.9	
13.1	-6.6	50.0	0.8	
25.4	20.5	40.1	45.1	
15.5	18.0	25.4	123.8	
32.8	27.8	8.2	163.1	
37.7	18.0	10.6	72.1	
50.0	20.5	0.8	-87.8	
37.7	22.9	-16.4	-169.0	
37.7	-43.5	-1.7	-129.6	
18.0	-1.7	10.6	-166.5	
15.5	-11.5	37.7	-92.7	
27.8	-21.4	54.9	-18.9	
27.8	45.1	59.8	42.6	
15.5	74.6	82.0	86.9	
30.3	82.0	77.0	47.5	
22.9	45.1	84.4	-21.4	
18.0	8.2	89.3	13.1	
-4.1	25.4	45.1	32.8	
-6.6	59.8	0.8	-31.2	
-6.6	79.5	-31.2	-14.0	
3.2	59.8	-65.6	47.5	
5.7	35.2	-63.2	8.2	
3.2	27.8	-58.3	-14.0	
5.7	42.6	-53.3	-9.1	
5.7	40.1	-43.5	-31.2	
8.2	15.5	3.2	-4.1	
3.2	57.4	25.4	20.5	
5.7	8.2	-14.0	45.1	
10.6	-48.4	-43.5	22.9	
13.1	-14.0	5.7	22.9	
25.4	0.8	50.0	3.2	
25.4	25.4	72.1	-18.9	
13.1	18.0	62.3	10.6	
13.1	35.2	64.7	-23.8	
13.1	42.6	67.2	42.6	
13.1	47.5	-21.4	37.7	
8.2	45.1	-95.2	52.4	
15.5	32.8	-63.2	15.5	
27.8	79.5	45.1	-21.4	
27.8	50.0	74.6	35.2	
42.6	40.1	74.6	77.0	
35.2	40.1	86.9	-50.9	
30.3	62.3	84.4	-43.5	
27.8	30.3	35.2	-9.1	
37.7	35.2	-33.7	67.2	
22.9	45.1	-68.1	106.6	
22.9	-6.6	10.6	45.1	
25.4	-28.7	91.8	-102.5	
25.4	-9.1	136.1	-85.3	
22.9	-6.6	67.2	57.4	
18.0	-23.8	-90.2	101.6	
15.5	3.2	-97.6	18.0	
27.8	18.0	-58.3	-33.7	
18.0	30.3	-65.6	-65.6	
18.0	-60.7	-124.7	-26.3	
5.7	239.4	-260.0	-38.6	
5.7	-82.9	-264.9	-31.2	
10.6	35.2	-198.5	8.2	
37.7	227.1	-114.8	13.1	
52.4	-16.4	-50.9	22.9	
62.3	-228.0	8.2	52.4	
42.6	40.1	59.8	-9.1	
37.7	153.3	96.7	-70.6	
18.0	153.3	79.5	-21.4	
13.1	5.7	79.5	-1.7	
0.8	-191.1	106.6	-26.3	
-11.5	-139.4	104.1	-14.0	
-18.9	-26.3	89.3	-6.6	
-36.1	-1.7	74.6	10.6	
-18.9	-26.3	59.8	5.7	
-26.3	5.7	54.9	5.7	
-28.7	59.8	52.4	5.7	
-16.4	32.8	96.7	-4.1	
-11.5	35.2	96.7	13.1	
-4.1	54.9	138.5	35.2	
-14.0	59.8	123.8	77.0	
-1.7	37.7	72.1	141.0	
-9.1	84.4	32.8	67.2	
5.7	50.0	-11.5	-50.9	
22.9	59.8	-41.0	91.8	
22.9	77.0	-85.3	136.1	
27.8	50.0	-109.9	126.2	
35.2	35.2	-132.1	-50.9	
22.9	3.2	-134.5	-188.6	
25.4	30.3	-70.6	-144.4	
18.0	13.1	-48.4	-122.2	
3.2	40.1	-9.1	-100.1	
3.2	20.5	57.4	-23.8	
3.2	25.4	67.2	0.8	
22.9	-18.9	64.7	25.4	
27.8	-23.8	54.9	5.7	
22.9	42.6	25.4	-73.0	
20.5	40.1	0.8	-21.4	
22.9	32.8	-33.7	-6.6	
22.9	8.2	-21.4	32.8	
22.9	35.2	-28.7	50.0	
27.8	54.9	-28.7	-1.7	
35.2	27.8	-23.8	20.5	
35.2	30.3	-18.9	27.8	
42.6	64.7	-14.0	30.3	
35.2	59.8	-9.1	-28.7	
25.4	77.0	-9.1	-53.3	
3.2	37.7	-9.1	32.8	
-9.1	45.1	0.8	69.7	
-14.0	-9.1	-9.1	59.8	
5.7	22.9	-6.6	116.4	
0.8	30.3	-6.6	136.1	
-1.7	35.2	8.2	170.5	
10.6	-11.5	54.9	-4.1	
-1.7	-26.3	111.5	-132.1	
10.6	-6.6	131.2	-90.2	
8.2	0.8	131.2	-14.0	
15.5	35.2	101.6	40.1	
18.0	15.5	20.5	18.0	
22.9	52.4	-4.1	-60.7	
22.9	54.9	-31.2	-85.3	
22.9	50.0	-26.3	-55.8	
15.5	47.5	-14.0	5.7	
25.4	82.0	-31.2	27.8	
30.3	35.2	-100.1	-18.9	
18.0	62.3	-127.1	-77.9	
10.6	8.2	-112.4	-14.0	
5.7	10.6	-114.8	-28.7	
15.5	42.6	-41.0	-9.1	
13.1	25.4	13.1	-11.5	
8.2	-4.1	47.5	-9.1	
-4.1	18.0	30.3	-14.0	
5.7	5.7	25.4	5.7	
5.7	-14.0	-4.1	25.4	
8.2	-6.6	-14.0	32.8	
0.8	15.5	18.0	42.6	
3.2	22.9	69.7	22.9	
5.7	30.3	62.3	8.2	
8.2	52.4	67.2	-4.1	
10.6	20.5	74.6	30.3	
3.2	52.4	67.2	50.0	
10.6	57.4	52.4	0.8	
15.5	57.4	45.1	-28.7	
30.3	67.2	59.8	-11.5	
27.8	54.9	18.0	-11.5	
25.4	45.1	3.2	-6.6	
40.1	20.5	-9.1	-4.1	
37.7	35.2	-6.6	8.2	
25.4	5.7	5.7	-1.7	
32.8	-26.3	8.2	10.6	
20.5	30.3	22.9	18.0	
22.9	15.5	45.1	5.7	
20.5	-6.6	27.8	5.7	
20.5	-43.5	10.6	18.0	
32.8	-1.7	-26.3	22.9	
35.2	-18.9	-55.8	45.1	
54.9	57.4	-50.9	106.6	
47.5	32.8	-58.3	153.3	
30.3	-36.1	-60.7	185.3	
18.0	-105.0	0.8	42.6	
22.9	197.6	77.0	42.6	
5.7	5.7	101.6	-77.9	
-11.5	-53.3	69.7	-154.2	
-11.5	-149.3	74.6	-70.6	
0.8	133.6	74.6	-65.6	
13.1	-173.9	67.2	-65.6	
25.4	50.0	22.9	-58.3	
37.7	-119.8	-50.9	15.5	
30.3	158.2	-105.0	54.9	
18.0	-6.6	-95.2	-6.6	
-1.7	-176.3	-75.5	-70.6	
-4.1	-200.9	-77.9	-85.3	
-11.5	15.5	-48.4	-28.7	
-28.7	-16.4	8.2	-6.6	
-26.3	-14.0	47.5	5.7	
-28.7	-23.8	89.3	0.8	
-26.3	27.8	116.4	10.6	
-6.6	59.8	94.3	8.2	
22.9	67.2	57.4	0.8	
32.8	62.3	5.7	47.5	
25.4	52.4	-73.0	111.5	
18.0	57.4	-109.9	158.2	
40.1	50.0	-122.2	173.0	
22.9	52.4	-77.9	54.9	
8.2	59.8	-14.0	-6.6	
-4.1	62.3	30.3	-90.2	
15.5	64.7	-4.1	-53.3	
27.8	32.8	-75.5	-26.3	
32.8	32.8	-95.2	13.1	
35.2	20.5	-82.9	-82.9	
30.3	10.6	-21.4	-109.9	
3.2	30.3	42.6	-31.2	
0.8	-9.1	94.3	-9.1	
18.0	-33.7	94.3	3.2	
25.4	0.8	79.5	8.2	
32.8	35.2	86.9	-9.1	
42.6	57.4	121.3	-18.9	
35.2	32.8	109.0	-14.0	
32.8	94.3	32.8	-9.1	
47.5	47.5	-6.6	27.8	
35.2	67.2	-26.3	52.4	
35.2	62.3	10.6	40.1	
25.4	64.7	20.5	22.9	
35.2	72.1	5.7	52.4	
35.2	37.7	40.1	45.1	
25.4	45.1	54.9	160.7	
22.9	0.8	13.1	197.6	
20.5	32.8	69.7	89.3	
13.1	22.9	101.6	18.0	
-4.1	37.7	101.6	-112.4	
-4.1	5.7	50.0	-90.2	
0.8	-4.1	67.2	-75.5	
10.6	-1.7	20.5	-68.1	
3.2	10.6	-53.3	-23.8	
10.6	-14.0	-122.2	13.1	
5.7	-1.7	-159.1	3.2	
5.7	-1.7	-156.7	-38.6	
3.2	30.3	-134.5	-23.8	
3.2	-4.1	-127.1	-41.0	
15.5	54.9	-53.3	-53.3	
18.0	72.1	32.8	-21.4	
25.4	45.1	50.0	-1.7	
15.5	42.6	62.3	10.6	
25.4	64.7	79.5	59.8	
25.4	96.7	96.7	145.9	
10.6	37.7	72.1	190.2	
5.7	64.7	47.5	148.4	
13.1	40.1	-4.1	-28.7	
13.1	69.7	-38.6	-186.2	
10.6	35.2	-23.8	-100.1	
8.2	42.6	18.0	-14.0	
0.8	35.2	20.5	74.6	
10.6	0.8	3.2	145.9	
0.8	32.8	-16.4	99.2	
10.6	22.9	-18.9	-68.1	
20.5	20.5	-26.3	-139.4	
22.9	15.5	-31.2	-31.2	
0.8	10.6	-1.7	-43.5	
0.8	42.6	57.4	-23.8	
10.6	72.1	54.9	-31.2	
15.5	89.3	5.7	5.7	
25.4	27.8	-36.1	25.4	
20.5	52.4	-36.1	-6.6	
27.8	91.8	-46.0	-33.7	
47.5	77.0	-1.7	25.4	
67.2	35.2	37.7	18.0	
54.9	30.3	69.7	45.1	
82.0	64.7	59.8	69.7	
74.6	22.9	-4.1	13.1	
54.9	20.5	-28.7	-1.7	
59.8	35.2	-16.4	5.7	
37.7	30.3	5.7	94.3	
35.2	-33.7	20.5	143.5	
50.0	-4.1	-9.1	91.8	
37.7	-16.4	13.1	52.4	
35.2	-11.5	22.9	-23.8	
35.2	37.7	-68.1	-55.8	
35.2	32.8	-77.9	-100.1	
25.4	-722.5	-1.7	-41.0	
25.4	-198.5	77.0	3.2	
22.9	91.8	128.7	27.8	
22.9	-38.6	133.6	15.5	
20.5	13.1	128.7	-33.7	
32.8	214.8	77.0	-26.3	
30.3	52.4	69.7	-18.9	
22.9	86.9	10.6	-6.6	
8.2	131.2	22.9	-68.1	
15.5	177.9	141.0	-87.8	
18.0	-38.6	271.4	-82.9	
15.5	15.5	281.2	-41.0	
8.2	-173.9	187.7	-26.3	
5.7	-97.6	118.9	-31.2	
20.5	35.2	50.0	3.2	
15.5	-6.6	-4.1	40.1	
8.2	20.5	-36.1	37.7	
5.7	32.8	-58.3	13.1	
8.2	67.2	-43.5	-33.7	
-4.1	74.6	-16.4	-11.5	
10.6	59.8	-6.6	10.6	
22.9	37.7	30.3	42.6	
25.4	45.1	96.7	25.4	
35.2	72.1	126.2	-18.9	
35.2	62.3	116.4	-41.0	
50.0	69.7	111.5	0.8	
27.8	77.0	84.4	50.0	
18.0	82.0	52.4	64.7	
3.2	67.2	25.4	96.7	
0.8	54.9	-1.7	59.8	
-18.9	15.5	-43.5	-43.5	
-21.4	72.1	-73.0	50.0	
-31.2	27.8	-65.6	25.4	
-14.0	5.7	-53.3	25.4	
-9.1	35.2	-48.4	-77.9	
0.8	32.8	-18.9	-21.4	
20.5	-9.1	25.4	3.2	
18.0	22.9	18.0	-21.4	
37.7	30.3	8.2	35.2	
30.3	8.2	27.8	35.2	
22.9	30.3	57.4	35.2	
5.7	42.6	74.6	-55.8	
3.2	47.5	45.1	-50.9	
8.2	25.4	37.7	37.7	
18.0	79.5	13.1	27.8	
32.8	67.2	-23.8	18.0	
30.3	45.1	-36.1	47.5	
32.8	47.5	-16.4	5.7	
22.9	59.8	-6.6	-87.8	
30.3	30.3	-9.1	-48.4	
30.3	22.9	-21.4	-14.0	
18.0	47.5	-14.0	8.2	
18.0	32.8	30.3	30.3	
27.8	10.6	62.3	138.5	
22.9	-1.7	69.7	187.7	
27.8	32.8	72.1	219.7	
22.9	8.2	54.9	-26.3	
15.5	22.9	20.5	42.6	
20.5	37.7	5.7	35.2	
45.1	22.9	0.8	54.9	
54.9	69.7	-21.4	15.5	
45.1	45.1	-36.1	-21.4	
37.7	59.8	-85.3	-43.5	
25.4	22.9	-107.5	-159.1	
13.1	20.5	-90.2	-137.0	
13.1	64.7	-43.5	-82.9	
13.1	72.1	-18.9	-80.4	
5.7	45.1	32.8	-55.8	
5.7	57.4	64.7	-31.2	
10.6	69.7	96.7	-21.4	
3.2	32.8	79.5	-11.5	
0.8	27.8	77.0	5.7	
-9.1	22.9	67.2	-4.1	
-9.1	25.4	18.0	5.7	
-11.5	22.9	8.2	3.2	
-4.1	5.7	-4.1	3.2	
0.8	22.9	-28.7	22.9	
5.7	35.2	-53.3	30.3	
5.7	32.8	-80.4	30.3	
-9.1	22.9	-73.0	15.5	
-11.5	54.9	-50.9	15.5	
-11.5	27.8	-23.8	0.8	
5.7	30.3	13.1	18.0	
3.2	47.5	37.7	13.1	
15.5	42.6	37.7	8.2	
20.5	62.3	45.1	5.7	
20.5	77.0	57.4	8.2	
15.5	77.0	40.1	18.0	
25.4	57.4	-4.1	32.8	
18.0	27.8	0.8	52.4	
25.4	15.5	10.6	77.0	
13.1	20.5	-6.6	-14.0	
25.4	-21.4	3.2	-31.2	
22.9	-11.5	8.2	-23.8	
13.1	13.1	-23.8	-41.0	
10.6	8.2	-33.7	-1.7	
8.2	-16.4	-109.9	64.7	
20.5	0.8	-137.0	72.1	
22.9	3.2	-114.8	72.1	
35.2	18.0	-60.7	18.0	
27.8	-33.7	-26.3	27.8	
27.8	15.5	30.3	47.5	
25.4	22.9	106.6	37.7	
18.0	-53.3	121.3	22.9	
10.6	-164.0	52.4	20.5	
8.2	273.8	5.7	-75.5	
13.1	145.9	22.9	-70.6	
10.6	173.0	104.1	-68.1	
-6.6	-41.0	155.8	-33.7	
-1.7	94.3	173.0	5.7	
-14.0	8.2	138.5	50.0	
-1.7	-41.0	64.7	77.0	
13.1	-58.3	5.7	118.9	
35.2	-132.1	-26.3	104.1	
18.0	5.7	-18.9	-63.2	
32.8	-26.3	18.0	-1.7	
35.2	10.6	3.2	77.0	
27.8	-11.5	-43.5	-53.3	
27.8	22.9	-70.6	-176.3	
30.3	52.4	-28.7	-119.8	
18.0	35.2	8.2	-43.5	
25.4	37.7	47.5	-4.1	
13.1	59.8	62.3	-11.5	
22.9	15.5	45.1	-33.7	
10.6	54.9	37.7	8.2	
5.7	69.7	37.7	-9.1	
18.0	67.2	74.6	45.1	
25.4	42.6	74.6	123.8	
32.8	40.1	104.1	101.6	
59.8	67.2	99.2	22.9	
45.1	57.4	109.0	57.4	
50.0	20.5	74.6	8.2	
27.8	18.0	18.0	-50.9	
10.6	-16.4	-1.7	-68.1	
27.8	-4.1	-77.9	-77.9	
30.3	0.8	-107.5	-75.5	
5.7	20.5	-100.1	-26.3	
-1.7	-23.8	-117.3	20.5	
8.2	15.5	-124.7	30.3	
-1.7	10.6	-114.8	116.4	
-6.6	25.4	-137.0	-28.7	
8.2	52.4	-73.0	-50.9	
8.2	82.0	-16.4	52.4	
22.9	52.4	22.9	54.9	
22.9	42.6	59.8	3.2	
32.8	50.0	62.3	-70.6	
25.4	59.8	77.0	0.8	
30.3	25.4	72.1	37.7	
22.9	20.5	54.9	59.8	
25.4	37.7	57.4	0.8	
30.3	32.8	8.2	-73.0	
32.8	40.1	-33.7	-23.8	
5.7	20.5	-46.0	8.2	
-21.4	27.8	-21.4	30.3	
-28.7	20.5	15.5	-36.1	
-36.1	-4.1	37.7	-31.2	
-18.9	-11.5	69.7	15.5	
-4.1	0.8	42.6	-80.4	
18.0	32.8	3.2	-82.9	
27.8	35.2	-23.8	3.2	
25.4	50.0	-63.2	32.8	
22.9	22.9	-41.0	32.8	
25.4	32.8	-26.3	54.9	
20.5	47.5	-33.7	13.1	
15.5	47.5	-36.1	27.8	
18.0	86.9	-9.1	15.5	
30.3	22.9	0.8	8.2	
5.7	45.1	20.5	42.6	
-1.7	64.7	57.4	54.9	
5.7	32.8	67.2	22.9	
10.6	54.9	84.4	-41.0	
8.2	15.5	32.8	-11.5	
-6.6	30.3	8.2	27.8	
0.8	52.4	5.7	0.8	
0.8	37.7	42.6	-31.2	
-14.0	40.1	74.6	-36.1	
-9.1	15.5	72.1	-14.0	
8.2	20.5	109.0	25.4	
0.8	25.4	113.9	27.8	
5.7	50.0	89.3	10.6	
10.6	62.3	77.0	32.8	
27.8	52.4	-6.6	52.4	
37.7	57.4	-85.3	42.6	
25.4	30.3	-114.8	0.8	
27.8	45.1	-80.4	-18.9	
30.3	77.0	-63.2	18.0	
13.1	64.7	-43.5	-33.7	
5.7	27.8	-53.3	5.7	
-6.6	62.3	-36.1	18.0	
-1.7	20.5	-48.4	32.8	
8.2	20.5	13.1	-6.6	
27.8	5.7	91.8	57.4	
42.6	5.7	111.5	79.5	
50.0	47.5	101.6	54.9	
40.1	-14.0	89.3	69.7	
27.8	-38.6	52.4	64.7	
30.3	0.8	-9.1	-41.0	
27.8	-6.6	-26.3	-68.1	
30.3	25.4	64.7	-80.4	
35.2	45.1	138.5	-36.1	
32.8	-100.1	165.6	64.7	
10.6	-75.5	138.5	-28.7	
3.2	347.6	67.2	-28.7	
13.1	-85.3	-1.7	22.9	
18.0	-132.1	20.5	-26.3	
-6.6	281.2	25.4	-14.0	
-23.8	121.3	0.8	5.7	
-9.1	-284.6	-16.4	32.8	
8.2	-43.5	-105.0	45.1	
8.2	3.2	-159.1	47.5	
20.5	5.7	-210.8	18.0	
25.4	27.8	-232.9	47.5	
20.5	-109.9	-166.5	86.9	
27.8	-169.0	-97.6	138.5	
25.4	5.7	-11.5	37.7	
18.0	20.5	50.0	-18.9	
3.2	30.3	99.2	-36.1	
15.5	5.7	72.1	-73.0	
32.8	25.4	57.4	-48.4	
32.8	52.4	52.4	-50.9	
27.8	30.3	62.3	-60.7	
3.2	20.5	64.7	-46.0	
13.1	62.3	59.8	-75.5	
22.9	79.5	57.4	-1.7	
8.2	35.2	57.4	128.7	
-18.9	57.4	79.5	173.0	
3.2	64.7	69.7	241.9	
-6.6	64.7	45.1	-1.7	
-6.6	45.1	3.2	-196.0	
3.2	27.8	-26.3	-139.4	
-4.1	45.1	-1.7	-109.9	
5.7	32.8	25.4	-1.7	
13.1	-21.4	-4.1	59.8	
20.5	-23.8	-11.5	47.5	
15.5	22.9	-33.7	-11.5	
10.6	-28.7	-48.4	27.8	
20.5	-9.1	-38.6	25.4	
22.9	-28.7	-16.4	10.6	
8.2	8.2	-4.1	10.6	
8.2	59.8	3.2	-16.4	
20.5	52.4	15.5	0.8	
10.6	62.3	27.8	45.1	
15.5	54.9	45.1	64.7	
15.5	45.1	47.5	-6.6	
18.0	67.2	54.9	3.2	
27.8	96.7	47.5	30.3	
25.4	67.2	50.0	-87.8	
22.9	57.4	22.9	-107.5	
22.9	50.0	22.9	-63.2	
20.5	27.8	-16.4	-26.3	
25.4	37.7	-68.1	-18.9	
15.5	47.5	-68.1	22.9	
15.5	22.9	-36.1	62.3	
-1.7	13.1	-16.4	52.4	
0.8	37.7	0.8	8.2	
-9.1	-16.4	45.1	-36.1	
-26.3	5.7	10.6	-1.7	
-16.4	-11.5	-6.6	18.0	
3.2	32.8	22.9	84.4	
0.8	40.1	10.6	91.8	
5.7	69.7	-1.7	94.3	
18.0	52.4	8.2	-46.0	
20.5	62.3	-36.1	-23.8	
3.2	74.6	-28.7	-1.7	
-1.7	82.0	30.3	5.7	
-1.7	86.9	62.3	91.8	
0.8	52.4	59.8	158.2	
-4.1	20.5	40.1	118.9	
10.6	27.8	-26.3	-4.1	
22.9	15.5	-82.9	-80.4	
45.1	42.6	-107.5	-4.1	
32.8	45.1	-85.3	-6.6	
25.4	-28.7	-68.1	-60.7	
22.9	27.8	-26.3	-112.4	
32.8	0.8	-1.7	-68.1	
37.7	22.9	18.0	-36.1	
35.2	10.6	32.8	10.6	
27.8	13.1	59.8	-4.1	
22.9	15.5	99.2	25.4	
40.1	3.2	111.5	37.7	
22.9	27.8	118.9	18.0	
22.9	82.0	99.2	-70.6	
3.2	8.2	40.1	-73.0	
-4.1	54.9	-14.0	-23.8	
-14.0	45.1	-41.0	22.9	
-11.5	50.0	-50.9	10.6	
5.7	50.0	-41.0	-43.5	
-14.0	35.2	-26.3	-21.4	
-11.5	32.8	-55.8	0.8	
-11.5	54.9	-68.1	67.2	
-4.1	40.1	-26.3	126.2	
-4.1	22.9	13.1	133.6	
0.8	18.0	96.7	111.5	
3.2	32.8	175.4	13.1	
18.0	20.5	229.6	-9.1	
20.5	-14.0	256.6	57.4	
15.5	3.2	202.5	-48.4	
30.3	-1.7	128.7	-58.3	
22.9	-4.1	40.1	-55.8	
20.5	27.8	-33.7	-75.5	
18.0	3.2	-58.3	-73.0	
22.9	52.4	-60.7	-21.4	
35.2	244.3	-100.1	3.2	
35.2	-41.0	-137.0	15.5	
25.4	-68.1	-164.0	5.7	
10.6	283.7	-188.6	-23.8	
8.2	170.5	-188.6	8.2	
-1.7	-210.8	-139.4	18.0	
-11.5	-68.1	-48.4	94.3	
8.2	-326.4	22.9	197.6	
-4.1	-107.5	67.2	148.4	
10.6	52.4	116.4	52.4	
20.5	-173.9	94.3	-6.6	
18.0	-151.7	111.5	0.8	
20.5	-14.0	99.2	-26.3	
10.6	-4.1	74.6	-87.8	
0.8	-21.4	35.2	-85.3	
0.8	-14.0	0.8	-1.7	
10.6	5.7	-46.0	32.8	
13.1	30.3	-16.4	-16.4	
20.5	52.4	15.5	-149.3	
5.7	59.8	37.7	-169.0	
-4.1	69.7	37.7	-77.9	
5.7	77.0	22.9	-36.1	
25.4	52.4	10.6	-14.0	
20.5	64.7	22.9	8.2	
10.6	30.3	64.7	-9.1	
-6.6	47.5	74.6	-6.6	
18.0	47.5	47.5	69.7	
10.6	72.1	20.5	143.5	
0.8	37.7	15.5	177.9	
10.6	13.1	10.6	-46.0	
22.9	25.4	-18.9	-129.6	
25.4	8.2	-46.0	-31.2	
32.8	30.3	-55.8	-41.0	
27.8	-4.1	-55.8	-43.5	
13.1	-4.1	-41.0	-11.5	
22.9	37.7	-9.1	-1.7	
35.2	13.1	-14.0	3.2	
30.3	47.5	-14.0	35.2	
18.0	69.7	18.0	37.7	
15.5	67.2	64.7	35.2	
-1.7	62.3	96.7	25.4	
-1.7	52.4	96.7	96.7	
13.1	57.4	64.7	59.8	
13.1	69.7	32.8	20.5	
8.2	52.4	18.0	45.1	
15.5	42.6	5.7	18.0	
25.4	47.5	30.3	62.3	
47.5	45.1	47.5	13.1	
50.0	22.9	27.8	-21.4	
57.4	40.1	52.4	-48.4	
57.4	8.2	40.1	13.1	
62.3	13.1	-6.6	-28.7	
59.8	13.1	-41.0	8.2	
40.1	-21.4	-73.0	3.2	
20.5	13.1	-70.6	-53.3	
22.9	-6.6	-18.9	-60.7	
-1.7	13.1	-21.4	-55.8	
-41.0	52.4	-23.8	-23.8	
-50.9	37.7	-63.2	-1.7	
-33.7	64.7	-92.7	-14.0	
-31.2	50.0	-50.9	-14.0	
-53.3	47.5	18.0	-14.0	
-60.7	59.8	82.0	8.2	
-50.9	62.3	101.6	8.2	
-33.7	77.0	106.6	18.0	
-21.4	47.5	84.4	25.4	
-1.7	18.0	72.1	42.6	
13.1	45.1	22.9	35.2	
30.3	5.7	-23.8	25.4	
30.3	37.7	-58.3	40.1	
32.8	3.2	-16.4	79.5	
22.9	-9.1	-14.0	113.9	
27.8	20.5	0.8	96.7	
3.2	-11.5	15.5	40.1	
-14.0	22.9	5.7	62.3	
-14.0	-26.3	-23.8	-14.0	
-4.1	22.9	-41.0	-23.8	
-1.7	15.5	-50.9	-107.5	
15.5	52.4	0.8	-80.4	
20.5	27.8	77.0	-43.5	
47.5	57.4	89.3	-26.3	
45.1	42.6	59.8	3.2	
32.8	74.6	-1.7	0.8	
32.8	74.6	-43.5	-21.4	
37.7	52.4	-73.0	-11.5	
40.1	40.1	-70.6	13.1	
20.5	10.6	-63.2	40.1	
8.2	37.7	-75.5	86.9	
10.6	15.5	-53.3	168.1	
3.2	57.4	-46.0	236.9	
3.2	25.4	-38.6	249.2	
5.7	40.1	-6.6	96.7	
13.1	50.0	32.8	27.8	
27.8	-1.7	72.1	82.0	
35.2	-21.4	57.4	141.0	
40.1	-4.1	86.9	-11.5	
35.2	-6.6	143.5	-304.3	
35.2	27.8	145.9	-316.6	
37.7	-100.1	101.6	-274.7	
37.7	195.1	64.7	-107.5	
32.8	-43.5	20.5	-36.1	
35.2	-41.0	25.4	30.3	
27.8	-173.9	37.7	15.5	
25.4	138.5	22.9	234.5	
25.4	50.0	5.7	256.6	
20.5	-53.3	-38.6	195.1	
30.3	52.4	-73.0	-33.7	
8.2	-181.3	-48.4	-215.7	
10.6	118.9	-36.1	-210.8	
13.1	22.9	3.2	-117.3	
25.4	-50.9	3.2	-36.1	
45.1	-159.1	40.1	-38.6	
35.2	15.5	72.1	-65.6	
25.4	-4.1	82.0	-73.0	
25.4	3.2	72.1	-16.4	
25.4	22.9	79.5	25.4	
18.0	15.5	99.2	42.6	
8.2	42.6	96.7	-1.7	
-1.7	50.0	25.4	-36.1	
8.2	62.3	-11.5	-55.8	
3.2	35.2	-18.9	-28.7	
0.8	89.3	-50.9	-14.0	
3.2	54.9	-82.9	-6.6	
5.7	84.4	-80.4	22.9	
0.8	84.4	-46.0	27.8	
0.8	59.8	-41.0	18.0	
-1.7	72.1	-48.4	25.4	
8.2	47.5	-18.9	32.8	
15.5	37.7	-6.6	47.5	
22.9	20.5	40.1	27.8	
27.8	-14.0	79.5	30.3	
18.0	20.5	74.6	30.3	
8.2	25.4	54.9	27.8	
0.8	-6.6	67.2	15.5	
3.2	-28.7	35.2	22.9	
8.2	25.4	20.5	10.6	
3.2	-1.7	-48.4	0.8	
18.0	27.8	-65.6	-6.6	
8.2	57.4	-31.2	-1.7	
3.2	32.8	-26.3	-18.9	
3.2	45.1	-6.6	-11.5	
0.8	45.1	22.9	-9.1	
-9.1	72.1	74.6	15.5	
0.8	94.3	69.7	25.4	
3.2	52.4	72.1	32.8	
0.8	45.1	13.1	25.4	
-4.1	32.8	-53.3	35.2	
18.0	67.2	-87.8	22.9	
18.0	25.4	-95.2	10.6	
18.0	18.0	-109.9	8.2	
15.5	47.5	-134.5	40.1	
3.2	18.0	-114.8	62.3	
0.8	-11.5	-114.8	116.4	
-14.0	-4.1	-105.0	45.1	
3.2	15.5	-109.9	72.1	
0.8	0.8	-50.9	89.3	
18.0	27.8	20.5	84.4	
22.9	35.2	77.0	-85.3	
13.1	62.3	79.5	-9.1	
32.8	35.2	82.0	158.2	
30.3	91.8	59.8	-36.1	
20.5	27.8	27.8	-193.6	
32.8	0.8	18.0	-173.9	
18.0	57.4	-11.5	-6.6	
0.8	40.1	-18.9	-23.8	
-11.5	47.5	-11.5	32.8	
-11.5	37.7	0.8	-16.4	
-4.1	27.8	52.4	20.5	
5.7	8.2	136.1	-46.0	
-11.5	13.1	175.4	-65.6	
-9.1	13.1	168.1	-1.7	
-1.7	-4.1	131.2	10.6	
15.5	-26.3	123.8	0.8	
40.1	-43.5	82.0	-6.6	
52.4	-11.5	47.5	18.0	
42.6	40.1	20.5	42.6	
25.4	40.1	-21.4	62.3	
10.6	45.1	-63.2	69.7	
5.7	74.6	-90.2	22.9	
-14.0	74.6	-63.2	91.8	
-16.4	27.8	-38.6	143.5	
-11.5	67.2	-48.4	165.6	
-6.6	59.8	-73.0	82.0	
30.3	96.7	-77.9	40.1	
27.8	57.4	-75.5	82.0	
32.8	106.6	-77.9	-112.4	
37.7	5.7	-68.1	-196.0	
22.9	37.7	-18.9	-134.5	
18.0	42.6	30.3	-65.6	
-6.6	20.5	96.7	-75.5	
-14.0	20.5	182.8	-90.2	
-21.4	13.1	202.5	-38.6	
-9.1	32.8	209.9	-14.0	
-14.0	0.8	180.4	-9.1	
-16.4	-14.0	121.3	3.2	
-1.7	30.3	72.1	5.7	
8.2	57.4	47.5	-1.7	
18.0	47.5	-14.0	-1.7	
0.8	362.4	-50.9	5.7	
-9.1	423.9	-107.5	27.8	
-11.5	391.9	-173.9	25.4	
-14.0	-33.7	-260.0	30.3	
-21.4	-33.7	-272.3	13.1	
-23.8	224.6	-215.7	8.2	
-14.0	35.2	-169.0	35.2	
-11.5	-166.5	-109.9	18.0	
-18.9	-230.5	-33.7	5.7	
-9.1	128.7	-16.4	13.1	
-21.4	18.0	-4.1	45.1	
-11.5	-100.1	-1.7	27.8	
-4.1	-200.9	-43.5	54.9	
0.8	-230.5	-73.0	86.9	
3.2	-43.5	-75.5	89.3	
15.5	-95.2	-50.9	25.4	
20.5	-33.7	8.2	5.7	
10.6	-36.1	30.3	10.6	
20.5	18.0	20.5	27.8	
20.5	-33.7	3.2	-60.7	
15.5	18.0	-31.2	-48.4	
10.6	-9.1	-68.1	27.8	
0.8	10.6	-68.1	22.9	
-6.6	37.7	-68.1	20.5	
10.6	35.2	-87.8	86.9	
3.2	15.5	-73.0	27.8	
15.5	30.3	-87.8	-31.2	
15.5	30.3	-60.7	45.1	
22.9	25.4	-70.6	202.5	
15.5	10.6	-48.4	350.1	
22.9	13.1	-11.5	109.0	
22.9	3.2	22.9	-63.2	
32.8	-9.1	82.0	-109.9	
18.0	-4.1	141.0	-262.4	
5.7	5.7	175.4	-161.6	
0.8	-31.2	246.8	-186.2	
-4.1	-28.7	268.9	-77.9	
-1.7	3.2	214.8	-11.5	
20.5	5.7	141.0	3.2	
30.3	20.5	82.0	-6.6	
32.8	37.7	8.2	-11.5	
47.5	35.2	-70.6	-31.2	
35.2	74.6	-75.5	-6.6	
27.8	42.6	-95.2	18.0	
13.1	64.7	-169.0	59.8	
5.7	45.1	-141.9	59.8	
-11.5	52.4	-50.9	37.7	
3.2	20.5	35.2	-6.6	
5.7	15.5	89.3	13.1	
13.1	10.6	104.1	72.1	
15.5	37.7	18.0	86.9	
3.2	22.9	-75.5	42.6	
-14.0	25.4	-151.7	-46.0	
-23.8	40.1	-196.0	-1.7	
-16.4	-6.6	-198.5	35.2	
-21.4	-4.1	-112.4	141.0	
-9.1	-31.2	-41.0	202.5	
10.6	13.1	20.5	251.7	
10.6	22.9	35.2	77.0	
18.0	52.4	30.3	-41.0	
32.8	47.5	77.0	-198.5	
25.4	22.9	148.4	-100.1	
18.0	77.0	173.0	-1.7	
5.7	50.0	173.0	-73.0	
-4.1	62.3	126.2	-65.6	
3.2	74.6	62.3	-53.3	
-11.5	57.4	18.0	-50.9	
-16.4	37.7	5.7	-77.9	
18.0	18.0	-26.3	-73.0	
35.2	40.1	-46.0	-28.7	
54.9	35.2	-85.3	0.8	
50.0	54.9	-73.0	35.2	
50.0	22.9	-77.9	94.3	
40.1	13.1	-87.8	187.7	
40.1	0.8	-36.1	118.9	
30.3	5.7	0.8	-60.7	
32.8	-36.1	27.8	-73.0	
27.8	8.2	8.2	-112.4	
15.5	18.0	8.2	-105.0	
18.0	57.4	10.6	-33.7	
13.1	37.7	54.9	-9.1	
3.2	42.6	77.0	25.4	
-11.5	59.8	69.7	67.2	
0.8	54.9	54.9	79.5	
-9.1	47.5	42.6	64.7	
-18.9	74.6	45.1	52.4	
-18.9	42.6	13.1	32.8	
-6.6	57.4	-9.1	3.2	
-14.0	25.4	-28.7	-87.8	
0.8	54.9	-41.0	-68.1	
18.0	40.1	-1.7	-18.9	
8.2	22.9	37.7	-36.1	
-9.1	22.9	22.9	-14.0	
5.7	25.4	35.2	22.9	
8.2	15.5	-1.7	20.5	
20.5	-1.7	-28.7	-9.1	
13.1	37.7	-33.7	-28.7	
15.5	25.4	-18.9	35.2	
-1.7	27.8	8.2	40.1	
-18.9	59.8	0.8	-4.1	
-14.0	-139.4	0.8	45.1	
-16.4	214.8	-31.2	54.9	
-11.5	286.1	-14.0	-11.5	
-4.1	82.0	0.8	-73.0	
8.2	-43.5	-14.0	-53.3	
22.9	308.3	-50.9	-16.4	
13.1	-176.3	-31.2	-6.6	
3.2	288.6	3.2	-9.1	
-4.1	35.2	15.5	-1.7	
-6.6	99.2	52.4	-1.7	
-9.1	168.1	74.6	5.7	
18.0	27.8	54.9	15.5	
22.9	-151.7	79.5	37.7	
27.8	-203.4	91.8	30.3	
32.8	-14.0	84.4	32.8	
30.3	-9.1	79.5	30.3	
22.9	-18.9	57.4	25.4	
30.3	30.3	35.2	-21.4	
27.8	15.5	32.8	-14.0	
27.8	50.0	57.4	35.2	
25.4	37.7	64.7	20.5	
13.1	37.7	69.7	-23.8	
15.5	64.7	101.6	-36.1	
15.5	67.2	77.0	8.2	
25.4	79.5	52.4	3.2	
30.3	35.2	22.9	-9.1	
22.9	52.4	-38.6	-33.7	
32.8	13.1	-112.4	15.5	
45.1	42.6	-134.5	62.3	
40.1	40.1	-139.4	62.3	
35.2	32.8	-137.0	25.4	
30.3	59.8	-137.0	45.1	
40.1	-11.5	-122.2	82.0	
35.2	15.5	-124.7	20.5	
45.1	20.5	-82.9	-73.0	
37.7	20.5	-21.4	-16.4	
40.1	-21.4	37.7	-21.4	
62.3	-4.1	59.8	-41.0	
62.3	18.0	37.7	-55.8	
69.7	22.9	69.7	8.2	
62.3	50.0	89.3	84.4	
40.1	47.5	89.3	32.8	
3.2	52.4	67.2	-80.4	
-18.9	40.1	25.4	25.4	
-28.7	32.8	20.5	82.0	
-33.7	64.7	50.0	-63.2	
-38.6	37.7	62.3	-124.7	
-36.1	50.0	47.5	-23.8	
-21.4	59.8	-16.4	-82.9	
-36.1	47.5	-90.2	-14.0	
-21.4	3.2	-100.1	0.8	
-18.9	5.7	-65.6	-26.3	
-11.5	15.5	-31.2	42.6	
-1.7	-11.5	13.1	118.9	
-4.1	3.2	77.0	165.6	
-16.4	5.7	79.5	175.4	
-16.4	-21.4	35.2	-18.9	
-6.6	22.9	10.6	-139.4	
-9.1	-4.1	-1.7	-139.4	
13.1	3.2	-14.0	-33.7	
-1.7	35.2	32.8	5.7	
8.2	8.2	74.6	15.5	
15.5	42.6	86.9	-16.4	
40.1	37.7	57.4	-14.0	
42.6	59.8	35.2	20.5	
45.1	52.4	-11.5	27.8	
37.7	94.3	-65.6	35.2	
35.2	37.7	-31.2	77.0	
32.8	0.8	-41.0	35.2	
8.2	22.9	-60.7	-31.2	
-4.1	-4.1	-75.5	-36.1	
-16.4	15.5	-36.1	25.4	
-14.0	30.3	50.0	69.7	
-6.6	32.8	104.1	52.4	
30.3	8.2	121.3	57.4	
27.8	0.8	91.8	5.7	
20.5	-9.1	82.0	113.9	
18.0	22.9	37.7	143.5	
22.9	8.2	-9.1	197.6	
10.6	18.0	-21.4	-16.4	
-14.0	50.0	15.5	-137.0	
-1.7	42.6	25.4	-191.1	
8.2	27.8	-33.7	-176.3	
15.5	86.9	-55.8	-109.9	
18.0	72.1	-80.4	-9.1	
27.8	42.6	-46.0	-6.6	
20.5	82.0	18.0	0.8	
18.0	40.1	101.6	0.8	
22.9	5.7	168.1	0.8	
18.0	-6.6	160.7	0.8	
5.7	59.8	96.7	10.6	
0.8	37.7	-53.3	18.0	
10.6	20.5	-107.5	22.9	
8.2	-41.0	-97.6	8.2	
15.5	15.5	-85.3	-1.7	
5.7	-53.3	-90.2	-4.1	
-1.7	-14.0	-100.1	8.2	
20.5	0.8	-114.8	15.5	
30.3	0.8	-109.9	-14.0	
18.0	40.1	-55.8	-11.5	
27.8	57.4	3.2	25.4	
18.0	8.2	86.9	30.3	
10.6	288.6	165.6	15.5	
15.5	106.6	173.0	35.2	
15.5	-36.1	141.0	-16.4	
3.2	155.8	106.6	-23.8	
3.2	84.4	37.7	25.4	
25.4	328.0	-1.7	91.8	
8.2	168.1	-33.7	64.7	
5.7	74.6	-28.7	64.7	
3.2	-68.1	-33.7	-1.7	
5.7	-14.0	-77.9	15.5	
0.8	8.2	-97.6	-21.4	
-1.7	-122.2	-85.3	-114.8	
8.2	-18.9	-60.7	-70.6	
13.1	-4.1	8.2	-55.8	
32.8	18.0	101.6	-21.4	
25.4	5.7	175.4	8.2	
18.0	35.2	187.7	40.1	
5.7	35.2	165.6	45.1	
3.2	30.3	136.1	-16.4	
3.2	50.0	96.7	-4.1	
0.8	50.0	35.2	30.3	
-4.1	35.2	-31.2	86.9	
0.8	45.1	-65.6	62.3	
0.8	50.0	-105.0	32.8	
13.1	79.5	-176.3	-1.7	
15.5	32.8	-173.9	8.2	
20.5	35.2	-141.9	67.2	
5.7	32.8	-117.3	86.9	
8.2	54.9	-48.4	-4.1	
18.0	32.8	13.1	-65.6	
37.7	18.0	18.0	-65.6	
40.1	15.5	35.2	-70.6	
54.9	-4.1	42.6	-60.7	
50.0	18.0	15.5	-18.9	
47.5	0.8	20.5	-16.4	
40.1	15.5	45.1	5.7	
42.6	20.5	57.4	-21.4	
25.4	27.8	40.1	-23.8	
22.9	67.2	22.9	22.9	
27.8	8.2	5.7	40.1	
15.5	35.2	-31.2	-11.5	
15.5	57.4	-58.3	27.8	
35.2	27.8	-26.3	79.5	
59.8	89.3	25.4	67.2	
52.4	91.8	69.7	10.6	
22.9	35.2	96.7	-43.5	
-4.1	45.1	69.7	-41.0	
-28.7	35.2	-6.6	3.2	
-53.3	30.3	-31.2	-28.7	
-46.0	18.0	-38.6	-53.3	
-21.4	18.0	-50.9	-6.6	
0.8	18.0	0.8	18.0	
32.8	52.4	42.6	20.5	
54.9	-16.4	42.6	-1.7	
52.4	0.8	25.4	8.2	
79.5	13.1	3.2	32.8	
72.1	8.2	22.9	40.1	
25.4	22.9	-6.6	32.8	
-11.5	25.4	3.2	-16.4	
-46.0	59.8	-6.6	10.6	
-41.0	42.6	-4.1	10.6	
-31.2	45.1	-48.4	30.3	
-33.7	27.8	-36.1	57.4	
-36.1	99.2	-31.2	64.7	
8.2	45.1	13.1	64.7	
20.5	30.3	18.0	27.8	
18.0	25.4	-4.1	-1.7	
-21.4	15.5	8.2	-46.0	
-26.3	0.8	67.2	-26.3	
-43.5	30.3	79.5	-43.5	
-41.0	22.9	27.8	-16.4	
-18.9	13.1	10.6	-1.7	
-18.9	8.2	40.1	20.5	
22.9	-1.7	59.8	22.9	
18.0	5.7	89.3	18.0	
25.4	20.5	82.0	3.2	
13.1	37.7	25.4	10.6	
13.1	20.5	5.7	-4.1	
5.7	67.2	30.3	25.4	
22.9	0.8	57.4	69.7	
20.5	72.1	52.4	126.2	
18.0	37.7	5.7	232.0	
22.9	32.8	-18.9	126.2	
18.0	62.3	-41.0	-11.5	
20.5	86.9	-82.9	-31.2	
15.5	64.7	-137.0	-132.1	
13.1	37.7	-102.5	-97.6	
10.6	32.8	-23.8	-68.1	
-1.7	35.2	35.2	-41.0	
-6.6	-4.1	32.8	-14.0	
-1.7	3.2	47.5	-18.9	
13.1	10.6	54.9	-31.2	
30.3	-14.0	72.1	-53.3	
30.3	13.1	113.9	0.8	
27.8	13.1	84.4	57.4	
37.7	5.7	-16.4	96.7	
32.8	5.7	-100.1	47.5	
13.1	15.5	-129.6	45.1	
13.1	104.1	-75.5	-18.9	
13.1	-95.2	-53.3	-65.6	
0.8	212.3	-16.4	-87.8	
8.2	-87.8	5.7	-11.5	
20.5	-60.7	47.5	40.1	
27.8	-176.3	32.8	47.5	
30.3	118.9	-33.7	-9.1	
20.5	116.4	-122.2	-43.5	
27.8	-60.7	-100.1	-85.3	
20.5	136.1	-43.5	-18.9	
15.5	18.0	-9.1	-18.9	
15.5	-1.7	59.8	-16.4	
-1.7	131.2	118.9	13.1	
0.8	-141.9	131.2	42.6	
8.2	25.4	84.4	35.2	
30.3	-9.1	8.2	8.2	
40.1	8.2	5.7	13.1	
42.6	3.2	18.0	40.1	
47.5	37.7	18.0	72.1	
50.0	40.1	59.8	111.5	
72.1	52.4	72.1	128.7	
69.7	77.0	35.2	37.7	
45.1	62.3	-38.6	-14.0	
32.8	59.8	-92.7	-85.3	
-4.1	47.5	-75.5	-58.3	
-21.4	64.7	-1.7	-46.0	
-38.6	37.7	52.4	-43.5	
-33.7	54.9	62.3	13.1	
-33.7	13.1	59.8	18.0	
-31.2	54.9	64.7	-18.9	
-43.5	10.6	62.3	10.6	
-48.4	22.9	32.8	-1.7	
-28.7	18.0	47.5	-60.7	
-31.2	0.8	22.9	-43.5	
-36.1	27.8	30.3	-31.2	
-31.2	-33.7	45.1	-21.4	
-6.6	27.8	47.5	0.8	
-11.5	18.0	27.8	10.6	
-14.0	0.8	13.1	35.2	
-14.0	13.1	20.5	59.8	
-1.7	13.1	10.6	-11.5	
-1.7	8.2	5.7	25.4	
-6.6	50.0	5.7	77.0	
3.2	22.9	-9.1	69.7	
3.2	47.5	-9.1	18.0	
3.2	54.9	-16.4	3.2	
3.2	74.6	-18.9	-55.8	
3.2	64.7	-11.5	-31.2	
3.2	25.4	-33.7	57.4	
-1.7	8.2	-63.2	113.9	
13.1	8.2	-55.8	62.3	
18.0	57.4	-1.7	-33.7	
20.5	20.5	25.4	-63.2	
15.5	0.8	40.1	-46.0	
8.2	25.4	37.7	-55.8	
25.4	3.2	37.7	-41.0	
50.0	-14.0	77.0	-28.7	
69.7	-1.7	111.5	-70.6	
57.4	20.5	121.3	-38.6	
47.5	62.3	77.0	-18.9	
50.0	54.9	13.1	8.2	
35.2	15.5	-18.9	32.8	
54.9	42.6	-11.5	50.0	
45.1	45.1	-28.7	8.2	
32.8	69.7	-31.2	-33.7	
25.4	77.0	-48.4	15.5	
15.5	54.9	-109.9	42.6	
-21.4	40.1	-129.6	25.4	
-28.7	74.6	-102.5	5.7	
-26.3	64.7	-85.3	20.5	
-16.4	42.6	-38.6	57.4	
-28.7	27.8	64.7	79.5	
-26.3	30.3	158.2	50.0	
-18.9	52.4	126.2	42.6	
-36.1	20.5	72.1	3.2	
-31.2	-23.8	79.5	-18.9	
-18.9	18.0	74.6	-21.4	
-21.4	-14.0	94.3	-14.0	
-14.0	30.3	101.6	13.1	
-21.4	25.4	79.5	0.8	
-6.6	18.0	45.1	-53.3	
-4.1	54.9	-63.2	-36.1	
0.8	62.3	-176.3	5.7	
22.9	35.2	-171.4	-14.0	
40.1	42.6	-109.9	-18.9	
37.7	67.2	-21.4	0.8	
30.3	72.1	-33.7	8.2	
25.4	45.1	-6.6	8.2	
15.5	22.9	0.8	18.0	
-4.1	30.3	-23.8	25.4	
-1.7	52.4	-1.7	22.9	
-4.1	15.5	25.4	18.0	
-21.4	32.8	37.7	20.5	
-11.5	25.4	35.2	22.9	
3.2	37.7	5.7	10.6	
25.4	5.7	25.4	27.8	
42.6	-6.6	72.1	27.8	
32.8	-36.1	89.3	10.6	
35.2	35.2	82.0	13.1	
37.7	30.3	67.2	8.2	
32.8	-114.8	62.3	-14.0	
13.1	54.9	10.6	-6.6	
-4.1	227.1	13.1	-6.6	
-1.7	50.0	15.5	42.6	
-16.4	-36.1	-11.5	-18.9	
-16.4	-161.6	-48.4	-23.8	
-11.5	-95.2	-53.3	-6.6	
-21.4	-181.3	-36.1	30.3	
-4.1	-46.0	-53.3	99.2	
-6.6	10.6	-28.7	89.3	
-16.4	79.5	-48.4	-1.7	
-18.9	-26.3	-92.7	-23.8	
5.7	-166.5	-68.1	-65.6	
15.5	-169.0	-43.5	18.0	
15.5	15.5	13.1	22.9	
10.6	3.2	50.0	-80.4	
10.6	32.8	82.0	-38.6	
8.2	10.6	111.5	30.3	
8.2	27.8	79.5	86.9	
13.1	3.2	67.2	168.1	
25.4	54.9	30.3	150.8	
13.1	27.8	42.6	91.8	
15.5	74.6	45.1	0.8	
10.6	42.6	69.7	-65.6	
10.6	64.7	47.5	-112.4	
0.8	69.7	20.5	-92.7	
8.2	47.5	13.1	-50.9	
-1.7	84.4	-21.4	-31.2	
-6.6	50.0	-4.1	-87.8	
-6.6	25.4	22.9	-48.4	
0.8	50.0	37.7	-73.0	
18.0	45.1	32.8	-33.7	
27.8	40.1	-9.1	-11.5	
40.1	-6.6	-58.3	3.2	
32.8	18.0	-65.6	0.8	
25.4	-1.7	-28.7	-4.1	
13.1	3.2	-1.7	-4.1	
-1.7	18.0	35.2	5.7	
-4.1	10.6	37.7	35.2	
-4.1	10.6	13.1	101.6	
-6.6	30.3	5.7	91.8	
5.7	52.4	-28.7	59.8	
8.2	69.7	-46.0	74.6	
8.2	69.7	-53.3	74.6	
13.1	69.7	-53.3	89.3	
18.0	57.4	-41.0	18.0	
20.5	57.4	-50.9	-21.4	
18.0	42.6	-60.7	-141.9	
30.3	15.5	-46.0	-92.7	
40.1	20.5	-14.0	-46.0	
47.5	27.8	25.4	0.8	
35.2	50.0	32.8	-4.1	
18.0	15.5	32.8	-50.9	
22.9	10.6	15.5	-26.3	
32.8	15.5	-9.1	-11.5	
35.2	0.8	-6.6	0.8	
32.8	-41.0	-4.1	20.5	
18.0	25.4	-18.9	18.0	
13.1	50.0	22.9	18.0	
5.7	-9.1	15.5	-23.8	
-21.4	35.2	-6.6	-9.1	
-23.8	64.7	-18.9	-31.2	
-14.0	64.7	-65.6	-9.1	
-26.3	69.7	-38.6	5.7	
-9.1	82.0	3.2	5.7	
0.8	59.8	8.2	15.5	
10.6	86.9	-31.2	0.8	
18.0	-1.7	-41.0	15.5	
8.2	27.8	-23.8	30.3	
10.6	20.5	-4.1	27.8	
0.8	10.6	32.8	30.3	
10.6	18.0	82.0	47.5	
8.2	20.5	136.1	5.7	
5.7	10.6	123.8	-43.5	
3.2	3.2	86.9	-33.7	
-1.7	-23.8	62.3	15.5	
15.5	8.2	10.6	47.5	
22.9	40.1	-1.7	32.8	
18.0	40.1	-9.1	25.4	
15.5	8.2	10.6	27.8	
25.4	47.5	37.7	22.9	
20.5	35.2	8.2	35.2	
32.8	32.8	-36.1	30.3	
18.0	69.7	-33.7	42.6	
22.9	8.2	-43.5	59.8	
10.6	62.3	-11.5	0.8	
22.9	64.7	-33.7	-21.4	
57.4	37.7	-33.7	-41.0	
57.4	30.3	-14.0	-41.0	
62.3	0.8	20.5	-6.6	
47.5	5.7	10.6	3.2	
40.1	3.2	-1.7	-16.4	
40.1	18.0	-6.6	-1.7	
35.2	18.0	-31.2	0.8	
35.2	18.0	-26.3	10.6	
20.5	15.5	-11.5	5.7	
27.8	-23.8	20.5	22.9	
22.9	8.2	40.1	50.0	
32.8	18.0	45.1	42.6	
30.3	18.0	37.7	32.8	
35.2	-525.7	18.0	45.1	
27.8	20.5	5.7	15.5	
25.4	77.0	0.8	8.2	
22.9	-46.0	69.7	32.8	
42.6	3.2	111.5	52.4	
50.0	426.4	153.3	20.5	
47.5	246.8	155.8	35.2	
32.8	200.0	118.9	82.0	
22.9	50.0	74.6	59.8	
8.2	249.2	20.5	42.6	
13.1	3.2	8.2	-9.1	
20.5	205.0	25.4	-63.2	
20.5	187.7	35.2	-4.1	
25.4	-151.7	8.2	-21.4	
22.9	27.8	-43.5	-112.4	
15.5	42.6	-31.2	-18.9	
25.4	54.9	-16.4	-53.3	
15.5	59.8	-26.3	-129.6	
20.5	59.8	-28.7	-50.9	
20.5	54.9	27.8	-46.0	
30.3	96.7	72.1	-16.4	
35.2	37.7	62.3	-23.8	
18.0	67.2	50.0	3.2	
18.0	57.4	62.3	35.2	
13.1	72.1	67.2	30.3	
20.5	57.4	59.8	27.8	
0.8	42.6	89.3	-1.7	
3.2	67.2	104.1	-14.0	
3.2	74.6	111.5	32.8	
8.2	89.3	153.3	69.7	
5.7	37.7	121.3	54.9	
-9.1	47.5	79.5	106.6	
0.8	37.7	59.8	200.0	
8.2	25.4	82.0	40.1	
-6.6	-6.6	79.5	-50.9	
-1.7	32.8	86.9	-156.7	
8.2	13.1	59.8	-14.0	
-1.7	0.8	35.2	-18.9	
0.8	54.9	-1.7	-26.3	
-1.7	32.8	-31.2	-23.8	
3.2	35.2	-55.8	13.1	
-4.1	35.2	-85.3	35.2	
10.6	13.1	-117.3	3.2	
10.6	69.7	-73.0	-53.3	
-4.1	30.3	-65.6	-48.4	
10.6	84.4	-68.1	-26.3	
0.8	67.2	-46.0	8.2	
0.8	57.4	-28.7	67.2	
0.8	42.6	-33.7	42.6	
-6.6	52.4	-21.4	27.8	
-16.4	-9.1	22.9	57.4	
-23.8	-6.6	74.6	74.6	
-26.3	0.8	72.1	18.0	
-23.8	15.5	57.4	-23.8	
-18.9	13.1	37.7	22.9	
-21.4	18.0	20.5	20.5	
-16.4	-1.7	42.6	-90.2	
10.6	3.2	74.6	-100.1	
20.5	30.3	74.6	-43.5	
32.8	42.6	77.0	-11.5	
22.9	45.1	99.2	3.2	
25.4	15.5	50.0	-6.6	
27.8	20.5	18.0	10.6	
32.8	32.8	77.0	22.9	
25.4	47.5	45.1	30.3	
40.1	89.3	22.9	45.1	
50.0	50.0	35.2	54.9	
27.8	74.6	22.9	86.9	
25.4	18.0	-4.1	62.3	
13.1	15.5	-50.9	-21.4	
5.7	8.2	-97.6	-65.6	
-11.5	18.0	-77.9	-26.3	
-14.0	8.2	-38.6	22.9	
-18.9	-16.4	-58.3	18.0	
-21.4	0.8	-124.7	-11.5	
-4.1	-1.7	-141.9	3.2	
8.2	-11.5	-129.6	10.6	
-9.1	20.5	-100.1	-48.4	
13.1	15.5	-31.2	-63.2	
20.5	18.0	13.1	-50.9	
18.0	18.0	32.8	-11.5	
20.5	47.5	5.7	50.0	
25.4	22.9	-21.4	57.4	
20.5	25.4	-4.1	91.8	
15.5	54.9	-14.0	20.5	
22.9	69.7	-11.5	-14.0	
27.8	54.9	-16.4	-4.1	
25.4	79.5	-1.7	57.4	
10.6	25.4	54.9	59.8	
-11.5	42.6	133.6	47.5	
-1.7	-6.6	182.8	-38.6	
30.3	20.5	195.1	-43.5	
32.8	35.2	180.4	-48.4	
27.8	40.1	133.6	5.7	
8.2	37.7	173.0	-87.8	
15.5	-16.4	136.1	-38.6	
10.6	-1.7	40.1	25.4	
15.5	-6.6	-41.0	57.4	
27.8	40.1	-53.3	40.1	
20.5	30.3	-58.3	-14.0	
15.5	-55.8	-58.3	-4.1	
8.2	-100.1	-68.1	104.1	
-4.1	42.6	-77.9	170.5	
-9.1	45.1	-82.9	136.1	
-11.5	59.8	-75.5	62.3	
-14.0	168.1	-23.8	-117.3	
-16.4	126.2	3.2	-188.6	
-11.5	-269.8	20.5	-129.6	
8.2	-169.0	-4.1	-41.0	
20.5	-311.6	-28.7	-38.6	
25.4	104.1	5.7	-14.0	
25.4	13.1	42.6	22.9	
18.0	-87.8	62.3	50.0	
42.6	-178.8	47.5	45.1	
45.1	0.8	25.4	77.0	
45.1	-4.1	-1.7	22.9	
37.7	8.2	0.8	-60.7	
40.1	15.5	3.2	-31.2	
27.8	13.1	-9.1	54.9	
18.0	35.2	-23.8	82.0	
10.6	54.9	-46.0	18.0	
-9.1	37.7	-31.2	-16.4	
-18.9	59.8	5.7	-23.8	
-9.1	64.7	25.4	-11.5	
-9.1	42.6	27.8	77.0	
-21.4	54.9	15.5	3.2	
-31.2	47.5	10.6	77.0	
-31.2	40.1	35.2	52.4	
-18.9	18.0	59.8	47.5	
-6.6	52.4	57.4	-53.3	
-6.6	27.8	52.4	-114.8	
3.2	27.8	3.2	-9.1	
5.7	13.1	-33.7	30.3	
3.2	10.6	-31.2	54.9	
5.7	30.3	-36.1	-33.7	
-6.6	3.2	-53.3	-41.0	
-11.5	-18.9	-60.7	-55.8	
13.1	15.5	-55.8	-16.4	
10.6	25.4	-33.7	22.9	
-9.1	64.7	-11.5	180.4	
13.1	-11.5	8.2	214.8	
25.4	32.8	35.2	173.0	
45.1	5.7	74.6	42.6	
67.2	32.8	59.8	-73.0	
50.0	69.7	59.8	20.5	
62.3	37.7	54.9	45.1	
37.7	57.4	59.8	22.9	
22.9	47.5	54.9	-95.2	
3.2	8.2	57.4	-107.5	
-9.1	27.8	59.8	-109.9	
10.6	15.5	37.7	-193.6	
18.0	37.7	-1.7	-75.5	
-1.7	18.0	-18.9	-6.6	
-1.7	15.5	-31.2	-4.1	
-6.6	30.3	-26.3	0.8	
-6.6	27.8	5.7	20.5	
3.2	27.8	-18.9	50.0	
18.0	10.6	-11.5	20.5	
22.9	32.8	37.7	-16.4	
25.4	-4.1	96.7	-23.8	
-1.7	22.9	84.4	-1.7	
-1.7	50.0	27.8	15.5	
22.9	64.7	-68.1	0.8	
13.1	57.4	-97.6	40.1	
10.6	20.5	-75.5	67.2	
5.7	54.9	-70.6	42.6	
15.5	40.1	-97.6	-26.3	
30.3	67.2	-102.5	-9.1	
18.0	64.7	-109.9	20.5	
22.9	18.0	-92.7	3.2	
27.8	30.3	-90.2	-1.7	
15.5	22.9	-6.6	-16.4	
22.9	25.4	106.6	-1.7	
8.2	32.8	187.7	-21.4	
10.6	-28.7	202.5	-9.1	
8.2	-9.1	158.2	25.4	
8.2	-1.7	74.6	27.8	
18.0	22.9	-21.4	52.4	
8.2	8.2	-92.7	94.3	
-1.7	52.4	-73.0	116.4	
-4.1	47.5	-36.1	54.9	
-9.1	59.8	-95.2	-43.5	
-9.1	20.5	-112.4	-95.2	
-1.7	45.1	-100.1	-60.7	
-1.7	45.1	-36.1	-9.1	
3.2	57.4	8.2	20.5	
0.8	35.2	67.2	30.3	
5.7	50.0	82.0	27.8	
18.0	57.4	91.8	3.2	
10.6	18.0	113.9	25.4	
3.2	10.6	74.6	37.7	
3.2	0.8	40.1	-26.3	
3.2	3.2	18.0	-38.6	
3.2	-1.7	27.8	-9.1	
-1.7	35.2	15.5	-9.1	
0.8	-4.1	18.0	-9.1	
3.2	-1.7	45.1	-36.1	
13.1	3.2	101.6	-11.5	
37.7	22.9	118.9	10.6	
27.8	54.9	94.3	-6.6	
32.8	177.9	94.3	-6.6	
27.8	278.8	67.2	-6.6	
27.8	305.8	42.6	8.2	
30.3	-14.0	-23.8	18.0	
10.6	-181.3	-92.7	50.0	
10.6	84.4	-141.9	89.3	
-1.7	-65.6	-159.1	96.7	
-6.6	-348.5	-132.1	109.0	
8.2	94.3	-132.1	64.7	
15.5	47.5	-38.6	0.8	
18.0	-31.2	-14.0	0.8	
30.3	-43.5	-31.2	3.2	
32.8	69.7	-36.1	-53.3	
18.0	-139.4	-14.0	-139.4	
20.5	30.3	35.2	-102.5	
25.4	8.2	74.6	-23.8	
22.9	-21.4	116.4	-6.6	
35.2	30.3	118.9	-36.1	
20.5	59.8	77.0	-6.6	
20.5	45.1	18.0	25.4	
25.4	59.8	-41.0	54.9	
18.0	52.4	-85.3	64.7	
18.0	45.1	-85.3	-1.7	
0.8	50.0	-77.9	-36.1	
-11.5	57.4	-46.0	-11.5	
-6.6	37.7	-41.0	84.4	
-9.1	45.1	-14.0	111.5	
5.7	54.9	35.2	106.6	
0.8	20.5	57.4	89.3	
-6.6	32.8	45.1	-75.5	
-14.0	37.7	37.7	-18.9	
40.1	35.2	30.3	-1.7	
42.6	5.7	25.4	79.5	
47.5	5.7	5.7	3.2	
42.6	22.9	8.2	-58.3	
20.5	-9.1	13.1	-50.9	
-11.5	-1.7	47.5	-14.0	
-23.8	0.8	59.8	52.4	
-26.3	35.2	77.0	13.1	
-11.5	30.3	89.3	-60.7	
-9.1	69.7	77.0	-50.9	
0.8	52.4	69.7	-14.0	
8.2	35.2	5.7	-9.1	
15.5	37.7	-14.0	13.1	
18.0	67.2	-1.7	69.7	
18.0	82.0	27.8	89.3	
37.7	69.7	54.9	74.6	
47.5	54.9	42.6	15.5	
40.1	-9.1	-48.4	-100.1	
57.4	22.9	-82.9	-50.9	
35.2	37.7	-63.2	-21.4	
22.9	54.9	0.8	5.7	
-4.1	0.8	32.8	32.8	
-9.1	-4.1	10.6	59.8	
0.8	-11.5	-26.3	20.5	
15.5	-1.7	-38.6	13.1	
20.5	-28.7	-60.7	40.1	
18.0	3.2	-82.9	15.5	
18.0	40.1	-114.8	50.0	
8.2	13.1	-127.1	50.0	
5.7	79.5	-117.3	0.8	
3.2	50.0	-48.4	-82.9	
8.2	35.2	-4.1	-21.4	
18.0	57.4	5.7	8.2	
30.3	47.5	35.2	-9.1	
13.1	52.4	82.0	-18.9	
22.9	32.8	128.7	-21.4	
15.5	52.4	165.6	22.9	
15.5	25.4	153.3	50.0	
18.0	20.5	136.1	30.3	
15.5	52.4	91.8	-6.6	
10.6	27.8	52.4	-21.4	
-11.5	5.7	18.0	20.5	
-14.0	30.3	-14.0	42.6	
5.7	10.6	-18.9	18.0	
18.0	-1.7	-21.4	-23.8	
22.9	-18.9	-68.1	-18.9	
20.5	15.5	-77.9	-31.2	
18.0	30.3	-112.4	-14.0	
10.6	32.8	-129.6	22.9	
5.7	25.4	-107.5	40.1	
18.0	22.9	-55.8	47.5	
30.3	40.1	20.5	111.5	
3.2	62.3	50.0	180.4	
-6.6	57.4	37.7	264.0	
-1.7	54.9	22.9	182.8	
-6.6	64.7	13.1	-50.9	
10.6	47.5	64.7	-122.2	
5.7	30.3	96.7	-41.0	
0.8	13.1	113.9	-164.0	
13.1	8.2	136.1	-183.7	
18.0	15.5	173.0	-107.5	
20.5	5.7	177.9	-46.0	
22.9	5.7	121.3	-9.1	
22.9	-14.0	77.0	20.5	
32.8	-16.4	15.5	-36.1	
20.5	-16.4	-41.0	-9.1	
37.7	-9.1	-109.9	22.9	
35.2	35.2	-159.1	22.9	
30.3	35.2	-124.7	13.1	
52.4	-159.1	-112.4	-33.7	
37.7	22.9	-154.2	45.1	
18.0	165.6	-181.3	35.2	
18.0	-6.6	-181.3	32.8	
10.6	-65.6	-55.8	-21.4	
15.5	264.0	42.6	-31.2	
5.7	15.5	116.4	-21.4	
10.6	-16.4	136.1	10.6	
18.0	116.4	94.3	5.7	
15.5	-328.9	96.7	-21.4	
20.5	30.3	77.0	10.6	
0.8	-23.8	25.4	59.8	
-1.7	-46.0	-6.6	72.1	
-1.7	-149.3	-1.7	94.3	
3.2	-23.8	27.8	18.0	
0.8	-4.1	3.2	-4.1	
10.6	-28.7	-36.1	-46.0	
8.2	5.7	-105.0	-85.3	
15.5	50.0	-82.9	-23.8	
27.8	37.7	-31.2	8.2	
35.2	64.7	-16.4	35.2	
35.2	27.8	-26.3	0.8	
20.5	27.8	-31.2	-46.0	
8.2	64.7	-9.1	20.5	
10.6	37.7	0.8	32.8	
20.5	64.7	-21.4	45.1	
30.3	59.8	-53.3	3.2	
35.2	77.0	-18.9	-9.1	
27.8	32.8	5.7	0.8	
22.9	35.2	3.2	3.2	
13.1	35.2	30.3	5.7	
0.8	22.9	104.1	22.9	
3.2	45.1	133.6	45.1	
-14.0	32.8	109.0	27.8	
-21.4	47.5	86.9	-28.7	
-21.4	25.4	69.7	5.7	
-14.0	20.5	52.4	-9.1	
-23.8	10.6	101.6	-16.4	
-1.7	25.4	116.4	-4.1	
-1.7	25.4	121.3	-1.7	
3.2	74.6	69.7	54.9	
5.7	64.7	-14.0	131.2	
15.5	25.4	-65.6	91.8	
27.8	40.1	-38.6	22.9	
30.3	50.0	-55.8	-1.7	
35.2	59.8	-95.2	-36.1	
47.5	54.9	-92.7	-60.7	
54.9	35.2	-100.1	-58.3	
69.7	22.9	-97.6	-21.4	
74.6	27.8	-77.9	-6.6	
54.9	35.2	-60.7	-6.6	
42.6	3.2	18.0	13.1	
18.0	-9.1	62.3	-1.7	
18.0	8.2	72.1	3.2	
-4.1	13.1	104.1	15.5	
-28.7	-11.5	82.0	22.9	
-31.2	5.7	3.2	-14.0	
-14.0	-36.1	-4.1	-9.1	
-23.8	20.5	45.1	8.2	
-23.8	57.4	57.4	82.0	
-36.1	27.8	104.1	118.9	
-36.1	35.2	72.1	52.4	
-36.1	45.1	-18.9	22.9	
-21.4	18.0	0.8	57.4	
-11.5	57.4	18.0	15.5	
-9.1	35.2	15.5	-63.2	
-14.0	57.4	-4.1	-36.1	
0.8	45.1	-11.5	-73.0	
-11.5	45.1	-33.7	0.8	
-11.5	10.6	-28.7	64.7	
5.7	18.0	-55.8	18.0	
-9.1	0.8	-70.6	-80.4	
-6.6	-1.7	-55.8	-75.5	
-11.5	-6.6	-53.3	-55.8	
3.2	10.6	-36.1	-23.8	
3.2	-18.9	-21.4	8.2	
-11.5	5.7	8.2	52.4	
0.8	27.8	30.3	40.1	
10.6	3.2	47.5	25.4	
8.2	13.1	47.5	18.0	
3.2	22.9	30.3	72.1	
5.7	30.3	40.1	50.0	
5.7	10.6	57.4	45.1	
-1.7	77.0	52.4	84.4	
-4.1	30.3	25.4	37.7	
-6.6	67.2	-28.7	-77.9	
3.2	42.6	-53.3	-105.0	
3.2	37.7	-68.1	-31.2	
-9.1	42.6	-18.9	-9.1	
0.8	40.1	-53.3	-26.3	
-1.7	42.6	-90.2	-6.6	
20.5	18.0	-28.7	15.5	
22.9	22.9	5.7	5.7	
45.1	27.8	-6.6	5.7	
57.4	20.5	-16.4	-4.1	
47.5	8.2	0.8	-26.3	
50.0	10.6	-21.4	30.3	
47.5	8.2	5.7	18.0	
47.5	25.4	8.2	-31.2	
45.1	-11.5	13.1	-50.9	
22.9	-97.6	52.4	-21.4	
13.1	91.8	72.1	-21.4	
8.2	293.5	86.9	-6.6	
-11.5	-1.7	89.3	-14.0	
-9.1	27.8	79.5	-23.8	
-21.4	170.5	64.7	-9.1	
-28.7	131.2	30.3	-9.1	
-14.0	-63.2	18.0	-1.7	
-1.7	8.2	32.8	13.1	
-4.1	-210.8	40.1	35.2	
22.9	150.8	32.8	13.1	
30.3	18.0	-6.6	32.8	
20.5	-208.3	-1.7	32.8	
30.3	-97.6	45.1	64.7	
27.8	8.2	35.2	52.4	
74.6	-38.6	-16.4	86.9	
96.7	-38.6	-63.2	82.0	
96.7	8.2	-60.7	-90.2	
72.1	45.1	-38.6	-102.5	
50.0	54.9	-36.1	-36.1	
30.3	64.7	-36.1	-23.8	
8.2	37.7	-16.4	-9.1	
-21.4	57.4	8.2	40.1	
-21.4	62.3	-60.7	64.7	
3.2	35.2	-75.5	20.5	
3.2	82.0	-50.9	-33.7	
0.8	50.0	-23.8	20.5	
0.8	8.2	-18.9	3.2	
-28.7	20.5	-18.9	-16.4	
-31.2	52.4	45.1	-6.6	
-31.2	32.8	126.2	-11.5	
-23.8	22.9	155.8	0.8	
-11.5	32.8	138.5	13.1	
-16.4	45.1	86.9	62.3	
-1.7	62.3	40.1	158.2	
-16.4	-11.5	8.2	126.2	
-18.9	-1.7	-33.7	3.2	
-21.4	15.5	-31.2	-46.0	
-21.4	-1.7	5.7	-87.8	
-18.9	40.1	15.5	-68.1	
-4.1	27.8	-4.1	-60.7	
-16.4	10.6	-6.6	-6.6	
-14.0	52.4	22.9	37.7	
8.2	77.0	32.8	77.0	
8.2	40.1	-16.4	42.6	
25.4	25.4	-75.5	13.1	
42.6	37.7	-95.2	-6.6	
35.2	47.5	-105.0	-18.9	
35.2	32.8	-127.1	-14.0	
32.8	13.1	-181.3	47.5	
35.2	27.8	-127.1	-41.0	
20.5	3.2	-23.8	-55.8	
22.9	32.8	20.5	-31.2	
15.5	5.7	47.5	10.6	
5.7	30.3	25.4	-33.7	
0.8	-23.8	42.6	-33.7	
-1.7	10.6	84.4	-6.6	
-4.1	50.0	109.0	25.4	
3.2	30.3	126.2	15.5	
5.7	-16.4	148.4	40.1	
15.5	57.4	160.7	84.4	
35.2	72.1	126.2	136.1	
30.3	59.8	84.4	187.7	
30.3	18.0	32.8	57.4	
27.8	52.4	22.9	104.1	
3.2	50.0	35.2	79.5	
-4.1	67.2	27.8	-151.7	
-4.1	30.3	10.6	-122.2	
-11.5	15.5	0.8	-36.1	
-14.0	20.5	-18.9	-68.1	
-18.9	5.7	-28.7	-31.2	
-18.9	22.9	-53.3	18.0	
-11.5	25.4	-33.7	8.2	
-9.1	18.0	5.7	-75.5	
13.1	5.7	67.2	30.3	
18.0	-11.5	77.0	-1.7	
30.3	-9.1	42.6	-38.6	
30.3	32.8	8.2	-41.0	
40.1	22.9	-85.3	-16.4	
22.9	45.1	-117.3	20.5	
18.0	35.2	-129.6	27.8	
8.2	30.3	-38.6	-26.3	
3.2	42.6	-77.9	-4.1	
3.2	22.9	-75.5	-38.6	
-9.1	72.1	-43.5	8.2	
8.2	84.4	-48.4	-23.8	
-11.5	45.1	-33.7	-28.7	
-23.8	25.4	13.1	-16.4	
-31.2	40.1	101.6	15.5	
-28.7	40.1	163.1	37.7	
-21.4	69.7	173.0	30.3	
-9.1	32.8	197.6	15.5	
-1.7	18.0	131.2	35.2	
5.7	8.2	104.1	27.8	
-4.1	5.7	59.8	35.2	
-9.1	-11.5	15.5	32.8	
-16.4	-6.6	-43.5	25.4	
-4.1	5.7	-109.9	35.2	
8.2	50.0	-141.9	72.1	
3.2	30.3	-122.2	47.5	
3.2	271.4	-100.1	-33.7	
10.6	460.8	-87.8	-26.3	
13.1	394.4	-75.5	-23.8	
15.5	-50.9	-80.4	-4.1	
18.0	22.9	-85.3	52.4	
25.4	-102.5	-68.1	77.0	
18.0	99.2	-58.3	35.2	
8.2	-102.5	-36.1	18.0	
27.8	-139.4	-28.7	-26.3	
22.9	50.0	-68.1	27.8	
10.6	27.8	-107.5	74.6	
3.2	-43.5	-141.9	123.8	
-14.0	-252.6	-139.4	96.7	
-21.4	-215.7	-80.4	-21.4	
-18.9	-31.2	0.8	-173.9	
-21.4	-80.4	57.4	-87.8	
-18.9	-33.7	72.1	-16.4	
-18.9	-68.1	40.1	3.2	
-6.6	-14.0	22.9	-14.0	
-1.7	18.0	106.6	-46.0	
27.8	10.6	150.8	-14.0	
32.8	0.8	160.7	0.8	
40.1	45.1	72.1	72.1	
22.9	42.6	3.2	136.1	
27.8	37.7	-6.6	113.9	
30.3	45.1	-73.0	91.8	
37.7	54.9	-132.1	-31.2	
25.4	20.5	-164.0	-55.8	
13.1	32.8	-119.8	-53.3	
0.8	20.5	-60.7	-73.0	
5.7	10.6	-85.3	-95.2	
8.2	3.2	-50.9	-68.1	
0.8	-16.4	30.3	-28.7	
0.8	-1.7	91.8	-1.7	
8.2	-14.0	82.0	-1.7	
-11.5	-23.8	50.0	-14.0	
-14.0	-18.9	54.9	-11.5	
-14.0	20.5	8.2	13.1	
-21.4	-1.7	3.2	30.3	
-18.9	45.1	-23.8	-6.6	
-11.5	47.5	-28.7	18.0	
-1.7	22.9	8.2	22.9	
0.8	79.5	35.2	37.7	
-1.7	37.7	20.5	57.4	
3.2	15.5	-23.8	128.7	
20.5	62.3	-41.0	106.6	
18.0	57.4	-41.0	52.4	
3.2	40.1	-55.8	-36.1	
3.2	25.4	-63.2	-92.7	
18.0	52.4	-38.6	18.0	
18.0	50.0	-14.0	86.9	
20.5	27.8	-6.6	57.4	
30.3	27.8	10.6	-107.5	
35.2	10.6	32.8	-90.2	
47.5	-14.0	40.1	-6.6	
32.8	13.1	50.0	32.8	
18.0	20.5	72.1	-58.3	
18.0	-4.1	62.3	-33.7	
20.5	15.5	47.5	-14.0	
20.5	0.8	47.5	10.6	
15.5	62.3	10.6	8.2	
15.5	25.4	-43.5	-21.4	
15.5	45.1	-95.2	-4.1	
32.8	59.8	-63.2	-1.7	
27.8	57.4	-9.1	-18.9	
37.7	69.7	-1.7	13.1	
37.7	82.0	8.2	30.3	
40.1	40.1	-31.2	35.2	
52.4	45.1	-23.8	35.2	
32.8	59.8	-31.2	47.5	
32.8	47.5	-11.5	3.2	
22.9	27.8	22.9	-28.7	
18.0	3.2	27.8	-11.5	
13.1	8.2	18.0	-1.7	
0.8	8.2	15.5	32.8	
-6.6	22.9	5.7	64.7	
-18.9	15.5	13.1	116.4	
-21.4	50.0	8.2	96.7	
-14.0	-11.5	27.8	47.5	
-21.4	-4.1	67.2	69.7	
0.8	22.9	74.6	30.3	
-4.1	40.1	59.8	13.1	
3.2	64.7	18.0	3.2	
18.0	67.2	22.9	-65.6	
10.6	40.1	42.6	-122.2	
13.1	62.3	30.3	-68.1	
13.1	32.8	15.5	-58.3	
25.4	47.5	3.2	18.0	
15.5	52.4	-43.5	30.3	
18.0	42.6	-63.2	72.1	
22.9	8.2	-73.0	22.9	
18.0	-1.7	-33.7	-82.9	
13.1	-21.4	-28.7	-77.9	
15.5	25.4	-1.7	-60.7	
20.5	47.5	40.1	-26.3	
27.8	-9.1	50.0	-23.8	
45.1	-9.1	84.4	-14.0	
18.0	22.9	141.0	8.2	
22.9	27.8	118.9	8.2	
20.5	42.6	69.7	35.2	
-9.1	-70.6	25.4	37.7	
-1.7	143.5	-23.8	136.1	
-4.1	72.1	-70.6	202.5	
0.8	94.3	-97.6	207.4	
0.8	15.5	-87.8	25.4	
5.7	254.2	-55.8	-80.4	
22.9	153.3	-63.2	-141.9	
35.2	-68.1	-36.1	-154.2	
27.8	-70.6	42.6	-97.6	
32.8	-245.2	101.6	-23.8	
30.3	-31.2	158.2	-1.7	
25.4	-46.0	116.4	-4.1	
35.2	-4.1	99.2	-4.1	
13.1	-196.0	64.7	-21.4	
42.6	-4.1	82.0	27.8	
52.4	-50.9	50.0	27.8	
50.0	-38.6	-21.4	35.2	
40.1	0.8	-41.0	-6.6	
18.0	40.1	-82.9	-21.4	
15.5	25.4	-60.7	-1.7	
-4.1	54.9	-18.9	-18.9	
-9.1	69.7	-60.7	32.8	
-9.1	79.5	-63.2	47.5	
-9.1	32.8	-68.1	8.2	
0.8	82.0	-85.3	-9.1	
10.6	99.2	-90.2	-28.7	
20.5	57.4	-68.1	-38.6	
32.8	69.7	-26.3	-11.5	
27.8	35.2	-18.9	10.6	
35.2	40.1	8.2	10.6	
18.0	59.8	50.0	10.6	
18.0	18.0	91.8	22.9	
25.4	13.1	123.8	45.1	
18.0	25.4	195.1	32.8	
22.9	13.1	200.0	37.7	
25.4	-1.7	192.7	50.0	
3.2	13.1	185.3	64.7	
13.1	47.5	141.0	45.1	
-6.6	64.7	50.0	30.3	
-6.6	74.6	-16.4	47.5	
-9.1	32.8	-87.8	40.1	
-9.1	25.4	-117.3	15.5	
-16.4	74.6	-181.3	37.7	
-26.3	86.9	-144.4	25.4	
-14.0	47.5	-82.9	-53.3	
-4.1	79.5	-139.4	-23.8	
-14.0	52.4	-173.9	-16.4	
-11.5	57.4	-166.5	-28.7	
-1.7	47.5	-127.1	42.6	
13.1	22.9	-36.1	-11.5	
37.7	27.8	45.1	-18.9	
25.4	45.1	128.7	-28.7	
27.8	15.5	136.1	-26.3	
20.5	-16.4	113.9	0.8	
3.2	8.2	82.0	10.6	
-1.7	15.5	20.5	-6.6	
-11.5	-6.6	25.4	10.6	
-4.1	-33.7	-1.7	25.4	
-1.7	18.0	10.6	35.2	
-4.1	25.4	5.7	25.4	
10.6	27.8	-4.1	22.9	
5.7	25.4	-33.7	47.5	
8.2	57.4	-38.6	69.7	
18.0	69.7	-18.9	106.6	
10.6	67.2	10.6	106.6	
8.2	20.5	50.0	35.2	
10.6	40.1	91.8	0.8	
5.7	82.0	111.5	-63.2	
0.8	50.0	91.8	42.6	
3.2	10.6	62.3	165.6	
0.8	27.8	25.4	222.2	
10.6	-4.1	-6.6	101.6	
10.6	35.2	-46.0	-21.4	
5.7	-18.9	-36.1	-186.2	
5.7	-41.0	-31.2	-274.7	
8.2	27.8	-63.2	-173.9	
0.8	-23.8	-58.3	-48.4	
0.8	13.1	-28.7	-11.5	
20.5	64.7	-6.6	3.2	
40.1	3.2	18.0	-1.7	
45.1	35.2	27.8	22.9	
47.5	30.3	59.8	32.8	
30.3	74.6	96.7	50.0	
27.8	67.2	82.0	50.0	
0.8	52.4	42.6	-6.6	
-4.1	54.9	5.7	-50.9	
3.2	40.1	20.5	-26.3	
3.2	62.3	35.2	-1.7	
-14.0	45.1	-38.6	64.7	
-23.8	8.2	-46.0	47.5	
-11.5	50.0	-23.8	37.7	
-18.9	-6.6	-43.5	0.8	
-9.1	-6.6	-139.4	-26.3	
10.6	30.3	-191.1	-21.4	
18.0	18.0	-141.9	-23.8	
15.5	13.1	-95.2	30.3	
13.1	0.8	-68.1	40.1	
30.3	-9.1	-9.1	-18.9	
10.6	27.8	-36.1	-18.9	
0.8	57.4	-85.3	-28.7	
8.2	145.9	-85.3	10.6	
10.6	131.2	-80.4	30.3	
25.4	244.3	-18.9	22.9	
54.9	50.0	79.5	-36.1	
47.5	37.7	118.9	-1.7	
32.8	155.8	89.3	18.0	
27.8	123.8	94.3	30.3	
20.5	-137.0	104.1	47.5	
22.9	-80.4	113.9	64.7	
22.9	165.6	99.2	20.5	
5.7	-1.7	109.0	20.5	
-4.1	-4.1	96.7	-14.0	
-21.4	185.3	86.9	-55.8	
-31.2	-156.7	50.0	-14.0	
-36.1	32.8	59.8	18.0	
-28.7	15.5	94.3	52.4	
-23.8	18.0	116.4	59.8	
-1.7	13.1	94.3	47.5	
5.7	54.9	77.0	32.8	
15.5	37.7	40.1	-31.2	
22.9	50.0	18.0	-97.6	
20.5	57.4	0.8	-31.2	
32.8	69.7	-18.9	5.7	
15.5	47.5	-41.0	18.0	
25.4	72.1	-73.0	15.5	
30.3	40.1	-80.4	20.5	
22.9	52.4	-38.6	54.9	
15.5	79.5	-6.6	67.2	
25.4	27.8	25.4	96.7	
13.1	25.4	8.2	67.2	
0.8	64.7	-28.7	64.7	
18.0	13.1	-9.1	13.1	
35.2	-6.6	-6.6	27.8	
22.9	-11.5	-26.3	-65.6	
42.6	0.8	30.3	-87.8	
15.5	20.5	52.4	10.6	
15.5	8.2	40.1	-28.7	
35.2	5.7	42.6	-33.7	
32.8	42.6	20.5	-31.2	
35.2	13.1	30.3	-58.3	
32.8	15.5	30.3	18.0	
27.8	84.4	18.0	69.7	
25.4	62.3	15.5	123.8	
35.2	25.4	25.4	121.3	
15.5	42.6	35.2	99.2	
3.2	50.0	47.5	96.7	
-16.4	20.5	45.1	0.8	
-14.0	25.4	8.2	-198.5	
-9.1	25.4	-18.9	-223.1	
-9.1	27.8	0.8	-95.2	
5.7	20.5	-14.0	3.2	
-9.1	15.5	-105.0	15.5	
-16.4	8.2	-107.5	32.8	
-9.1	20.5	-53.3	-11.5	
-4.1	0.8	-46.0	59.8	
-1.7	3.2	-68.1	67.2	
-11.5	-16.4	-85.3	79.5	
-11.5	-4.1	-63.2	32.8	
-1.7	37.7	-28.7	79.5	
-1.7	-9.1	3.2	106.6	
3.2	59.8	18.0	72.1	
22.9	35.2	27.8	-46.0	
22.9	25.4	25.4	-38.6	
37.7	47.5	15.5	37.7	
54.9	42.6	0.8	77.0	
37.7	69.7	30.3	40.1	
22.9	69.7	54.9	-109.9	
27.8	18.0	40.1	-169.0	
10.6	45.1	25.4	-63.2	
-1.7	15.5	15.5	-41.0	
-1.7	47.5	-9.1	-109.9	
-4.1	22.9	0.8	-100.1	
-9.1	13.1	40.1	-46.0	
3.2	-1.7	111.5	54.9	
-4.1	-16.4	143.5	104.1	
10.6	-18.9	99.2	72.1	
3.2	-16.4	57.4	27.8	
20.5	13.1	25.4	40.1	
18.0	35.2	-16.4	84.4	
18.0	3.2	-58.3	82.0	
25.4	50.0	-90.2	-1.7	
15.5	13.1	-92.7	-137.0	
22.9	27.8	-82.9	-119.8	
10.6	18.0	-102.5	10.6	
15.5	25.4	-139.4	13.1	
15.5	52.4	-151.7	-6.6	
20.5	45.1	-105.0	-28.7	
18.0	62.3	-48.4	0.8	
25.4	-1.7	18.0	-4.1	
13.1	30.3	50.0	-4.1	
10.6	35.2	79.5	59.8	
0.8	50.0	74.6	-11.5	
-9.1	18.0	-14.0	-11.5	
13.1	10.6	-43.5	-9.1	
25.4	27.8	-9.1	-9.1	
27.8	-33.7	3.2	13.1	
18.0	-9.1	30.3	8.2	
18.0	-11.5	72.1	18.0	
27.8	27.8	69.7	15.5	
20.5	62.3	35.2	25.4	
32.8	-14.0	-18.9	30.3	
22.9	-23.8	-43.5	30.3	
18.0	50.0	3.2	22.9	
-4.1	101.6	32.8	18.0	
5.7	-161.6	37.7	20.5	
0.8	133.6	37.7	35.2	
-6.6	150.8	52.4	35.2	
-6.6	-77.9	27.8	42.6	
-6.6	-87.8	3.2	42.6	
-18.9	153.3	94.3	20.5	
-9.1	-183.7	200.0	-1.7	
0.8	-38.6	190.2	0.8	
5.7	-50.9	165.6	22.9	
20.5	-144.4	141.0	3.2	
20.5	15.5	94.3	10.6	
25.4	0.8	22.9	22.9	
47.5	8.2	-95.2	40.1	
37.7	22.9	-198.5	40.1	
30.3	35.2	-277.2	54.9	
37.7	40.1	-240.3	89.3	
54.9	62.3	-171.4	94.3	
52.4	47.5	-85.3	123.8	
54.9	57.4	-6.6	82.0	
37.7	72.1	50.0	20.5	
32.8	62.3	101.6	-151.7	
15.5	72.1	101.6	-107.5	
5.7	91.8	74.6	-31.2	
-18.9	74.6	104.1	-82.9	
-18.9	27.8	153.3	-92.7	
0.8	57.4	175.4	-26.3	
18.0	18.0	163.1	8.2	
22.9	47.5	212.3	3.2	
20.5	30.3	205.0	13.1	
-6.6	8.2	96.7	20.5	
-9.1	0.8	-23.8	35.2	
-1.7	-9.1	-100.1	45.1	
-18.9	-6.6	-107.5	3.2	
-6.6	20.5	-134.5	-16.4	
-9.1	10.6	-146.8	5.7	
-4.1	32.8	-173.9	3.2	
-14.0	35.2	-198.5	64.7	
-9.1	52.4	-114.8	121.3	
-9.1	37.7	-55.8	86.9	
-11.5	40.1	5.7	25.4	
5.7	40.1	22.9	-36.1	
15.5	20.5	15.5	59.8	
3.2	64.7	0.8	168.1	
3.2	67.2	-9.1	86.9	
22.9	37.7	20.5	-124.7	
40.1	22.9	86.9	-122.2	
40.1	10.6	148.4	-63.2	
45.1	47.5	153.3	-14.0	
32.8	25.4	158.2	-55.8	
35.2	3.2	118.9	-80.4	
35.2	-23.8	84.4	-80.4	
35.2	-1.7	64.7	-26.3	
22.9	-23.8	45.1	-14.0	
20.5	-11.5	18.0	10.6	
5.7	37.7	-68.1	18.0	
-9.1	22.9	-156.7	47.5	
-11.5	37.7	-149.3	37.7	
0.8	37.7	-139.4	15.5	
20.5	50.0	-164.0	18.0	
25.4	57.4	-127.1	-26.3	
37.7	27.8	-50.9	-18.9	
40.1	77.0	8.2	-6.6	
32.8	37.7	32.8	3.2	
22.9	52.4	22.9	8.2	
10.6	27.8	67.2	-4.1	
-4.1	47.5	123.8	18.0	
-11.5	37.7	111.5	27.8	
-21.4	-6.6	74.6	50.0	
-41.0	0.8	62.3	57.4	
-33.7	13.1	5.7	42.6	
-18.9	5.7	-33.7	18.0	
5.7	-6.6	-53.3	-9.1	
5.7	-11.5	-60.7	-16.4	
35.2	30.3	-14.0	30.3	
50.0	15.5	5.7	72.1	
67.2	25.4	-28.7	50.0	
52.4	35.2	-33.7	15.5	
52.4	77.0	-16.4	-60.7	
27.8	52.4	-31.2	-11.5	
22.9	30.3	-31.2	15.5	
25.4	22.9	3.2	-11.5	
15.5	20.5	40.1	3.2	
-1.7	64.7	89.3	10.6	
-11.5	40.1	91.8	-1.7	
-23.8	-1.7	111.5	-1.7	
-11.5	8.2	133.6	25.4	
22.9	42.6	128.7	45.1	
42.6	57.4	91.8	40.1	
37.7	45.1	67.2	45.1	
32.8	20.5	74.6	62.3	
18.0	13.1	123.8	116.4	
18.0	-11.5	91.8	99.2	
18.0	5.7	13.1	-55.8	
35.2	3.2	-14.0	-41.0	
35.2	45.1	18.0	13.1	
22.9	42.6	8.2	37.7	
25.4	133.6	30.3	74.6	
25.4	22.9	25.4	15.5	
15.5	207.4	32.8	-102.5	
20.5	113.9	30.3	-92.7	
0.8	-154.2	-6.6	-60.7	
-11.5	212.3	-48.4	22.9	
0.8	126.2	-95.2	13.1	
-16.4	-31.2	-107.5	54.9	
-18.9	45.1	-102.5	5.7	
-14.0	-287.0	-95.2	-63.2	
-31.2	84.4	-73.0	82.0	
-6.6	45.1	-48.4	-26.3	
15.5	-85.3	0.8	-92.7	
8.2	-156.7	25.4	-38.6	
5.7	10.6	64.7	22.9	
0.8	10.6	64.7	82.0	
20.5	-16.4	64.7	96.7	
8.2	-16.4	22.9	82.0	
10.6	32.8	-36.1	54.9	
15.5	3.2	-73.0	-68.1	
15.5	20.5	-75.5	-55.8	
27.8	59.8	-18.9	20.5	
25.4	62.3	15.5	84.4	
22.9	22.9	10.6	96.7	
25.4	69.7	-43.5	3.2	
25.4	69.7	-68.1	-95.2	
25.4	89.3	-70.6	-80.4	
18.0	57.4	-43.5	-50.9	
22.9	32.8	8.2	-28.7	
20.5	30.3	45.1	-23.8	
18.0	10.6	101.6	-21.4	
22.9	50.0	94.3	-9.1	
18.0	-16.4	42.6	0.8	
25.4	-9.1	10.6	18.0	
3.2	10.6	-14.0	35.2	
5.7	10.6	8.2	64.7	
3.2	0.8	69.7	64.7	
5.7	0.8	99.2	8.2	
5.7	40.1	47.5	3.2	
15.5	25.4	18.0	-33.7	
15.5	42.6	18.0	-4.1	
20.5	45.1	-4.1	0.8	
32.8	57.4	-53.3	-26.3	
25.4	20.5	10.6	-28.7	
5.7	40.1	101.6	5.7	
5.7	50.0	126.2	-16.4	
13.1	52.4	118.9	-1.7	
18.0	50.0	99.2	22.9	
22.9	8.2	42.6	45.1	
32.8	25.4	10.6	15.5	
3.2	5.7	-4.1	-23.8	
-6.6	67.2	-16.4	-53.3	
5.7	8.2	-73.0	-23.8	
0.8	40.1	-73.0	-18.9	
3.2	42.6	-65.6	25.4	
3.2	-1.7	-70.6	15.5	
8.2	20.5	-87.8	47.5	
8.2	-4.1	-68.1	-26.3	
0.8	30.3	-23.8	-55.8	
3.2	13.1	15.5	-21.4	
-14.0	47.5	82.0	-16.4	
5.7	42.6	126.2	5.7	
8.2	37.7	101.6	8.2	
18.0	67.2	64.7	13.1	
37.7	42.6	52.4	45.1	
32.8	91.8	77.0	59.8	
32.8	59.8	74.6	-43.5	
47.5	54.9	35.2	-16.4	
54.9	-4.1	-46.0	-1.7	
42.6	64.7	-85.3	10.6	
22.9	8.2	-73.0	27.8	
13.1	15.5	-50.9	67.2	
5.7	25.4	-9.1	77.0	
10.6	-1.7	27.8	86.9	
20.5	-18.9	57.4	153.3	
22.9	22.9	77.0	62.3	
18.0	-21.4	77.0	-21.4	
20.5	8.2	91.8	-97.6	
25.4	20.5	99.2	-23.8	
8.2	25.4	42.6	-55.8	
-6.6	27.8	15.5	0.8	
-14.0	79.5	-9.1	-48.4	
-16.4	42.6	-41.0	-48.4	
-21.4	57.4	-55.8	-43.5	
-16.4	72.1	-87.8	-23.8	
-26.3	45.1	-134.5	37.7	
-18.9	59.8	-92.7	72.1	
-4.1	25.4	-46.0	69.7	
8.2	40.1	5.7	54.9	
18.0	45.1	25.4	121.3	
32.8	-11.5	35.2	84.4	
27.8	-6.6	74.6	-102.5	
30.3	5.7	64.7	-75.5	
37.7	-43.5	59.8	-112.4	
27.8	18.0	74.6	-48.4	
30.3	10.6	94.3	20.5	
22.9	-18.9	27.8	-16.4	
42.6	-1.7	-36.1	-38.6	
32.8	13.1	-43.5	-26.3	
25.4	15.5	-68.1	-14.0	
30.3	-530.6	-85.3	-16.4	
27.8	-262.4	-16.4	-1.7	
25.4	180.4	45.1	13.1	
10.6	-156.7	89.3	8.2	
18.0	-26.3	64.7	-14.0	
22.9	296.0	32.8	3.2	
25.4	50.0	-11.5	32.8	
25.4	77.0	-18.9	67.2	
27.8	187.7	32.8	69.7	
22.9	266.5	84.4	113.9	
35.2	116.4	94.3	37.7	
32.8	67.2	69.7	-28.7	
57.4	72.1	62.3	-4.1	
47.5	-144.4	40.1	45.1	
45.1	77.0	37.7	77.0	
42.6	35.2	59.8	37.7	
30.3	20.5	42.6	47.5	
35.2	67.2	54.9	-31.2	
35.2	82.0	111.5	-65.6	
10.6	72.1	77.0	-53.3	
22.9	77.0	74.6	-1.7	
15.5	89.3	62.3	10.6	
20.5	62.3	67.2	-23.8	
8.2	62.3	64.7	-21.4	
10.6	50.0	74.6	10.6	
-6.6	109.0	30.3	18.0	
-16.4	84.4	-26.3	-4.1	
-16.4	64.7	-26.3	-26.3	
-1.7	32.8	-41.0	-26.3	
-1.7	42.6	-23.8	20.5	
-4.1	20.5	52.4	79.5	
-4.1	77.0	106.6	109.0	
-4.1	22.9	133.6	153.3	
8.2	54.9	165.6	101.6	
10.6	8.2	173.0	116.4	
-1.7	-18.9	121.3	10.6	
18.0	-41.0	15.5	-33.7	
20.5	5.7	-41.0	-75.5	
22.9	52.4	-31.2	-114.8	
13.1	77.0	0.8	-151.7	
35.2	54.9	50.0	-97.6	
22.9	69.7	-1.7	8.2	
25.4	67.2	-46.0	35.2	
25.4	59.8	-63.2	57.4	
30.3	45.1	-65.6	84.4	
32.8	74.6	-53.3	59.8	
25.4	35.2	0.8	-11.5	
13.1	79.5	18.0	-38.6	
-1.7	13.1	-48.4	-23.8	
-9.1	64.7	-73.0	35.2	
5.7	25.4	-53.3	-6.6	
15.5	13.1	-38.6	-75.5	
20.5	45.1	-26.3	-77.9	
27.8	18.0	8.2	-6.6	
22.9	-1.7	42.6	59.8	
32.8	-9.1	54.9	131.2	
22.9	-21.4	62.3	91.8	
13.1	15.5	72.1	22.9	
-4.1	59.8	59.8	-92.7	
0.8	13.1	67.2	-65.6	
27.8	74.6	67.2	-9.1	
37.7	74.6	35.2	-43.5	
30.3	69.7	27.8	-46.0	
18.0	35.2	20.5	-50.9	
13.1	50.0	47.5	-21.4	
18.0	42.6	8.2	-11.5	
0.8	67.2	-68.1	0.8	
-6.6	30.3	-105.0	-9.1	
-23.8	27.8	-107.5	8.2	
-28.7	20.5	-117.3	18.0	
-9.1	27.8	-90.2	13.1	
-9.1	32.8	-82.9	20.5	
8.2	40.1	-31.2	20.5	
5.7	25.4	27.8	25.4	
22.9	-14.0	62.3	47.5	
30.3	-26.3	89.3	74.6	
25.4	-6.6	109.0	106.6	
40.1	27.8	69.7	126.2	
30.3	13.1	32.8	99.2	
22.9	50.0	27.8	47.5	
22.9	50.0	30.3	106.6	
25.4	22.9	8.2	-23.8	
30.3	42.6	-21.4	-186.2	
50.0	52.4	-26.3	-90.2	
52.4	54.9	-26.3	-11.5	
54.9	74.6	-11.5	-1.7	
42.6	45.1	15.5	20.5	
25.4	20.5	-9.1	74.6	
27.8	25.4	-21.4	121.3	
-4.1	27.8	-18.9	99.2	
-9.1	-4.1	15.5	54.9	
-9.1	10.6	59.8	35.2	
-1.7	-6.6	109.0	-28.7	
-23.8	18.0	91.8	-87.8	
-11.5	0.8	64.7	-53.3	
-18.9	-9.1	18.0	-85.3	
-26.3	-28.7	-16.4	-36.1	
-28.7	13.1	-43.5	-43.5	
-6.6	64.7	-68.1	-46.0	
-1.7	50.0	-38.6	-16.4	
10.6	-119.8	-33.7	-6.6	
3.2	22.9	-43.5	13.1	
5.7	20.5	-43.5	54.9	
22.9	-141.9	-23.8	96.7	
27.8	27.8	-26.3	113.9	
27.8	180.4	-4.1	50.0	
27.8	99.2	40.1	-6.6	
27.8	202.5	128.7	-58.3	
25.4	35.2	163.1	-14.0	
25.4	-16.4	163.1	32.8	
20.5	-100.1	143.5	54.9	
27.8	20.5	96.7	-31.2	
25.4	-191.1	69.7	-90.2	
18.0	-215.7	37.7	-77.9	
10.6	-31.2	32.8	20.5	
-4.1	15.5	-16.4	47.5	
0.8	13.1	-68.1	20.5	
22.9	15.5	-112.4	-41.0	
47.5	27.8	-139.4	-28.7	
35.2	22.9	-85.3	-16.4	
30.3	57.4	-43.5	8.2	
35.2	82.0	-16.4	22.9	
45.1	5.7	-6.6	18.0	
40.1	40.1	-33.7	67.2	
40.1	62.3	-77.9	42.6	
35.2	74.6	-90.2	-4.1	
32.8	57.4	-73.0	37.7	
30.3	59.8	5.7	45.1	
20.5	27.8	57.4	-4.1	
5.7	22.9	-21.4	3.2	
-4.1	37.7	-31.2	-53.3	
-21.4	45.1	-38.6	-18.9	
-36.1	0.8	-43.5	30.3	
-36.1	15.5	-53.3	15.5	
-36.1	40.1	-75.5	-4.1	
-43.5	10.6	-105.0	-31.2	
-33.7	-1.7	-70.6	5.7	
-21.4	27.8	-65.6	40.1	
-14.0	22.9	-55.8	22.9	
-4.1	37.7	-21.4	0.8	
0.8	69.7	40.1	37.7	
3.2	62.3	84.4	77.0	
-14.0	52.4	104.1	40.1	
-6.6	40.1	138.5	40.1	
0.8	45.1	155.8	0.8	
5.7	42.6	138.5	-77.9	
0.8	50.0	89.3	-85.3	
8.2	37.7	40.1	-41.0	
8.2	64.7	42.6	-11.5	
13.1	42.6	25.4	-11.5	
15.5	69.7	20.5	-1.7	
15.5	37.7	40.1	5.7	
5.7	54.9	54.9	10.6	
3.2	-1.7	50.0	25.4	
15.5	22.9	45.1	67.2	
35.2	-1.7	27.8	42.6	
22.9	8.2	18.0	40.1	
35.2	22.9	3.2	-41.0	
47.5	8.2	0.8	10.6	
62.3	25.4	-26.3	54.9	
59.8	27.8	-9.1	64.7	
69.7	45.1	-18.9	74.6	
47.5	59.8	-28.7	-31.2	
37.7	50.0	-33.7	-46.0	
20.5	22.9	-38.6	-4.1	
3.2	69.7	-11.5	20.5	
8.2	62.3	-6.6	72.1	
3.2	22.9	-21.4	89.3	
8.2	30.3	-9.1	148.4	
-1.7	30.3	-1.7	177.9	
0.8	15.5	37.7	116.4	
3.2	27.8	47.5	67.2	
-6.6	3.2	67.2	-97.6	
0.8	-18.9	82.0	-218.2	
-6.6	121.3	82.0	-112.4	
-11.5	-14.0	64.7	-21.4	
-4.1	-4.1	45.1	86.9	
-1.7	-16.4	57.4	-14.0	
-6.6	18.0	79.5	-55.8	
-4.1	25.4	82.0	-80.4	
-6.6	37.7	67.2	-87.8	
15.5	18.0	64.7	-63.2	
20.5	27.8	27.8	-33.7	
13.1	40.1	-9.1	5.7	
30.3	42.6	-9.1	45.1	
27.8	77.0	-11.5	45.1	
32.8	40.1	13.1	25.4	
15.5	42.6	-1.7	47.5	
25.4	-21.4	-55.8	54.9	
27.8	13.1	-82.9	-55.8	
22.9	13.1	-63.2	-90.2	
8.2	15.5	-38.6	-41.0	
0.8	-9.1	-14.0	35.2	
-9.1	-9.1	13.1	62.3	
-4.1	10.6	18.0	45.1	
-9.1	13.1	5.7	-14.0	
-4.1	-6.6	-1.7	18.0	
5.7	5.7	-4.1	40.1	
22.9	22.9	20.5	8.2	
30.3	32.8	45.1	-11.5	
40.1	-9.1	45.1	13.1	
42.6	35.2	50.0	64.7	
32.8	84.4	35.2	79.5	
37.7	106.6	62.3	113.9	
47.5	3.2	37.7	10.6	
40.1	173.0	-18.9	-68.1	
32.8	145.9	-26.3	-23.8	
27.8	177.9	-4.1	-28.7	
30.3	-65.6	-14.0	-63.2	
30.3	-262.4	-92.7	20.5	
18.0	116.4	-112.4	-14.0	
22.9	-9.1	-85.3	-14.0	
30.3	113.9	-90.2	18.0	
22.9	-173.9	-77.9	47.5	
30.3	-16.4	-63.2	37.7	
5.7	-58.3	-23.8	-18.9	
-4.1	13.1	8.2	-4.1	
-9.1	25.4	27.8	-28.7	
-18.9	57.4	10.6	-43.5	
-28.7	30.3	13.1	-4.1	
-4.1	47.5	69.7	-4.1	
-26.3	52.4	123.8	3.2	
-26.3	37.7	101.6	-9.1	
-11.5	40.1	106.6	62.3	
-1.7	45.1	91.8	101.6	
0.8	62.3	104.1	67.2	
0.8	77.0	109.0	133.6	
-4.1	54.9	69.7	145.9	
15.5	22.9	-9.1	22.9	
35.2	32.8	-6.6	-4.1	
40.1	10.6	-4.1	-196.0	
37.7	25.4	-38.6	-178.8	
25.4	42.6	-21.4	-112.4	
40.1	22.9	-16.4	-82.9	
27.8	-14.0	-26.3	-21.4	
30.3	0.8	-38.6	15.5	
32.8	-21.4	-28.7	27.8	
32.8	22.9	-6.6	18.0	
18.0	57.4	27.8	10.6	
30.3	30.3	25.4	-9.1	
25.4	30.3	40.1	13.1	
18.0	52.4	42.6	69.7	
15.5	47.5	22.9	96.7	
27.8	67.2	-1.7	22.9	
22.9	79.5	-4.1	-9.1	
20.5	64.7	42.6	15.5	
32.8	35.2	35.2	0.8	
32.8	37.7	25.4	35.2	
40.1	25.4	22.9	15.5	
32.8	52.4	18.0	47.5	
27.8	45.1	8.2	-41.0	
13.1	50.0	0.8	-60.7	
18.0	27.8	-21.4	-23.8	
27.8	42.6	-65.6	0.8	
8.2	0.8	-50.9	8.2	
20.5	-4.1	-60.7	15.5	
27.8	-14.0	-46.0	37.7	
37.7	-6.6	-33.7	74.6	
30.3	37.7	-48.4	82.0	
25.4	22.9	-31.2	64.7	
32.8	64.7	-4.1	62.3	
27.8	47.5	8.2	67.2	
45.1	35.2	15.5	52.4	
20.5	42.6	52.4	-137.0	
20.5	25.4	59.8	-87.8	
8.2	52.4	64.7	-1.7	
8.2	35.2	67.2	13.1	
-16.4	54.9	72.1	32.8	
-9.1	10.6	138.5	13.1	
-11.5	47.5	106.6	0.8	
-14.0	35.2	64.7	-16.4	
-9.1	32.8	45.1	-26.3	
3.2	45.1	27.8	-23.8	
18.0	0.8	-23.8	-11.5	
20.5	8.2	-46.0	22.9	
40.1	-6.6	-50.9	32.8	
20.5	25.4	-55.8	-4.1	
10.6	-14.0	-60.7	18.0	
20.5	-11.5	-43.5	42.6	
18.0	22.9	-26.3	54.9	
15.5	40.1	-18.9	64.7	
25.4	27.8	13.1	67.2	
25.4	50.0	8.2	35.2	
30.3	57.4	54.9	-80.4	
27.8	30.3	45.1	-23.8	
8.2	50.0	32.8	-1.7	
-4.1	20.5	20.5	-16.4	
0.8	59.8	10.6	-31.2	
-6.6	40.1	0.8	0.8	
-4.1	30.3	15.5	5.7	
-11.5	-4.1	62.3	13.1	
-28.7	20.5	72.1	3.2	
-28.7	-4.1	3.2	-11.5	
-16.4	-18.9	-36.1	8.2	
-14.0	8.2	-21.4	-14.0	
-11.5	-16.4	-55.8	-14.0	
3.2	-26.3	-77.9	-18.9	
-1.7	-4.1	-77.9	22.9	
15.5	10.6	-68.1	77.0	
20.5	64.7	-50.9	27.8	
22.9	111.5	-33.7	5.7	
22.9	-124.7	-63.2	94.3	
22.9	57.4	-41.0	45.1	
10.6	-48.4	20.5	-28.7	
10.6	18.0	13.1	-85.3	
8.2	200.0	40.1	-85.3	
20.5	175.4	50.0	-68.1	
25.4	-75.5	3.2	-4.1	
20.5	150.8	22.9	-55.8	
20.5	72.1	45.1	-11.5	
25.4	-26.3	40.1	-18.9	
22.9	20.5	20.5	5.7	
18.0	-26.3	-1.7	27.8	
13.1	-146.8	-43.5	37.7	
27.8	-26.3	-46.0	91.8	
27.8	10.6	-43.5	91.8	
30.3	-18.9	-38.6	37.7	
32.8	20.5	-73.0	91.8	
13.1	32.8	-80.4	-4.1	
20.5	40.1	-38.6	-4.1	
22.9	82.0	-11.5	-60.7	
22.9	64.7	25.4	-55.8	
20.5	45.1	52.4	-6.6	
15.5	52.4	91.8	-21.4	
8.2	37.7	133.6	-60.7	
25.4	42.6	123.8	25.4	
15.5	45.1	109.0	40.1	
8.2	47.5	101.6	-28.7	
-4.1	30.3	118.9	-50.9	
10.6	22.9	94.3	15.5	
0.8	10.6	59.8	77.0	
-4.1	20.5	15.5	106.6	
5.7	-9.1	-28.7	84.4	
8.2	10.6	-65.6	-38.6	
8.2	18.0	-97.6	-92.7	
27.8	-23.8	-109.9	-77.9	
37.7	-4.1	-58.3	-23.8	
30.3	20.5	-36.1	5.7	
42.6	25.4	-31.2	15.5	
27.8	30.3	-26.3	37.7	
27.8	45.1	-9.1	18.0	
32.8	32.8	18.0	-33.7	
10.6	54.9	40.1	-36.1	
-6.6	64.7	62.3	-33.7	
-6.6	35.2	89.3	8.2	
-6.6	30.3	86.9	20.5	
5.7	42.6	40.1	54.9	
-18.9	42.6	13.1	-14.0	
-23.8	20.5	-6.6	27.8	
20.5	18.0	3.2	13.1	
37.7	50.0	18.0	-4.1	
52.4	18.0	27.8	-55.8	
59.8	45.1	74.6	-18.9	
72.1	8.2	64.7	0.8	
59.8	-18.9	37.7	27.8	
52.4	3.2	50.0	57.4	
47.5	-11.5	57.4	50.0	
25.4	8.2	15.5	27.8	
32.8	-1.7	-14.0	5.7	
30.3	15.5	-70.6	-1.7	
25.4	45.1	-119.8	-9.1	
15.5	42.6	-117.3	32.8	
-6.6	77.0	-82.9	59.8	
-46.0	57.4	-63.2	18.0	
-31.2	54.9	-16.4	-50.9	
-23.8	47.5	42.6	-4.1	
-23.8	54.9	50.0	10.6	
-14.0	54.9	59.8	30.3	
-31.2	30.3	82.0	47.5	
-18.9	32.8	72.1	22.9	
-16.4	54.9	35.2	-9.1	
-18.9	22.9	-9.1	-21.4	
-14.0	32.8	8.2	10.6	
3.2	37.7	-4.1	5.7	
8.2	-9.1	-28.7	5.7	
30.3	-1.7	-1.7	25.4	
18.0	3.2	-4.1	62.3	
13.1	18.0	13.1	91.8	
15.5	62.3	57.4	69.7	
20.5	22.9	69.7	35.2	
18.0	32.8	82.0	25.4	
13.1	72.1	67.2	-11.5	
8.2	13.1	42.6	-73.0	
8.2	47.5	22.9	30.3	
22.9	37.7	18.0	-16.4	
35.2	54.9	13.1	-28.7	
13.1	42.6	-11.5	-21.4	
15.5	35.2	-28.7	27.8	
5.7	45.1	-60.7	54.9	
15.5	62.3	-87.8	40.1	
30.3	5.7	-73.0	10.6	
37.7	37.7	-14.0	20.5	
40.1	10.6	3.2	-1.7	
42.6	-1.7	-11.5	-46.0	
32.8	-4.1	8.2	30.3	
37.7	5.7	27.8	74.6	
42.6	-31.2	69.7	-4.1	
30.3	22.9	89.3	-21.4	
27.8	18.0	82.0	0.8	
20.5	13.1	25.4	27.8	
22.9	-159.1	-14.0	86.9	
32.8	20.5	-55.8	57.4	
13.1	259.1	-73.0	-58.3	
15.5	-26.3	-48.4	-38.6	
8.2	30.3	-21.4	3.2	
15.5	209.9	-26.3	-1.7	
18.0	128.7	-14.0	20.5	
15.5	-105.0	-11.5	25.4	
5.7	0.8	18.0	-48.4	
-4.1	116.4	45.1	-50.9	
0.8	173.0	37.7	-38.6	
0.8	0.8	8.2	-14.0	
0.8	-129.6	-48.4	3.2	
-11.5	-213.2	-73.0	10.6	
-6.6	13.1	-70.6	35.2	
8.2	20.5	-80.4	57.4	
-4.1	-9.1	-114.8	59.8	
-1.7	-4.1	-119.8	22.9	
-18.9	30.3	-95.2	-65.6	
-9.1	42.6	-105.0	-95.2	
-11.5	18.0	-70.6	-48.4	
-11.5	32.8	-43.5	-1.7	
0.8	52.4	72.1	-1.7	
-4.1	54.9	182.8	-9.1	
-1.7	30.3	229.6	20.5	
5.7	79.5	187.7	37.7	
0.8	86.9	136.1	45.1	
22.9	52.4	84.4	25.4	
18.0	25.4	20.5	13.1	
30.3	25.4	-14.0	32.8	
15.5	37.7	-58.3	35.2	
18.0	30.3	-70.6	50.0	
22.9	-1.7	-43.5	22.9	
8.2	-9.1	-55.8	45.1	
0.8	-4.1	-21.4	54.9	
-4.1	25.4	5.7	50.0	
5.7	-9.1	40.1	-23.8	
3.2	25.4	67.2	-21.4	
30.3	50.0	118.9	-43.5	
15.5	64.7	106.6	-26.3	
22.9	25.4	32.8	-38.6	
32.8	45.1	0.8	3.2	
27.8	15.5	18.0	15.5	
37.7	45.1	3.2	59.8	
27.8	45.1	-18.9	131.2	
30.3	50.0	-28.7	136.1	
27.8	25.4	-48.4	126.2	
27.8	45.1	-80.4	5.7	
32.8	35.2	-60.7	-166.5	
10.6	-4.1	-55.8	-102.5	
5.7	18.0	-16.4	-9.1	
13.1	-18.9	59.8	-11.5	
20.5	42.6	104.1	-43.5	
-6.6	42.6	111.5	-38.6	
-6.6	-23.8	67.2	77.0	
3.2	5.7	40.1	148.4	
3.2	3.2	20.5	217.3	
-6.6	25.4	18.0	94.3	
-9.1	35.2	67.2	-58.3	
-14.0	8.2	101.6	-68.1	
-9.1	10.6	82.0	-127.1	
15.5	27.8	32.8	-114.8	
10.6	67.2	0.8	-114.8	
20.5	52.4	-36.1	-41.0	
18.0	50.0	-65.6	-11.5	
25.4	52.4	-73.0	-31.2	
0.8	32.8	-26.3	-6.6	
0.8	25.4	5.7	20.5	
3.2	10.6	18.0	64.7	
5.7	27.8	-9.1	84.4	
13.1	37.7	-23.8	170.5	
22.9	22.9	-9.1	190.2	
25.4	59.8	32.8	50.0	
8.2	-4.1	62.3	35.2	
18.0	-31.2	64.7	-36.1	
50.0	-31.2	45.1	-31.2	
52.4	-9.1	-1.7	-77.9	
50.0	-18.9	0.8	-117.3	
52.4	20.5	10.6	-68.1	
47.5	15.5	-23.8	-80.4	
25.4	57.4	-9.1	-68.1	
27.8	30.3	30.3	-23.8	
20.5	42.6	40.1	15.5	
32.8	5.7	-11.5	25.4	
3.2	27.8	-43.5	69.7	
-16.4	42.6	-36.1	72.1	
-46.0	18.0	-36.1	52.4	
-63.2	30.3	-60.7	8.2	
-75.5	15.5	-107.5	-48.4	
-80.4	62.3	-87.8	-18.9	
-73.0	54.9	-38.6	-38.6	
-60.7	40.1	15.5	-41.0	
-38.6	50.0	37.7	-16.4	
-28.7	37.7	50.0	3.2	
-21.4	0.8	77.0	8.2	
-18.9	-6.6	25.4	13.1	
-16.4	0.8	-46.0	15.5	
-4.1	5.7	-23.8	18.0	
5.7	8.2	5.7	15.5	
-4.1	-6.6	20.5	15.5	
10.6	411.6	32.8	47.5	
8.2	227.1	27.8	62.3	
8.2	303.4	-33.7	57.4	
3.2	-75.5	-117.3	8.2	
-11.5	-127.1	-146.8	-1.7	
0.8	131.2	-193.6	20.5	
-16.4	-77.9	-176.3	-28.7	
-4.1	111.5	-127.1	-36.1	
13.1	74.6	-63.2	-14.0	
25.4	-14.0	-33.7	13.1	
32.8	165.6	18.0	72.1	
22.9	-75.5	25.4	91.8	
22.9	-294.4	45.1	82.0	
10.6	-171.4	13.1	94.3	
0.8	-87.8	-23.8	101.6	
-4.1	-55.8	-50.9	79.5	
0.8	-50.9	-50.9	84.4	
-4.1	-43.5	-9.1	-80.4	
-11.5	-14.0	35.2	-269.8	
-9.1	3.2	30.3	-183.7	
15.5	22.9	-6.6	-36.1	
22.9	3.2	-4.1	8.2	
25.4	32.8	18.0	15.5	
30.3	30.3	59.8	-4.1	
22.9	62.3	123.8	5.7	
37.7	59.8	177.9	-6.6	
45.1	67.2	180.4	3.2	
37.7	22.9	175.4	10.6	
40.1	10.6	111.5	25.4	
27.8	8.2	22.9	52.4	
22.9	20.5	-77.9	67.2	
-1.7	8.2	-122.2	67.2	
-9.1	0.8	-109.9	45.1	
-18.9	-11.5	-112.4	30.3	
-26.3	-14.0	-117.3	27.8	
-28.7	-14.0	-117.3	-21.4	
-11.5	15.5	-87.8	-23.8	
-26.3	-1.7	-55.8	-6.6	
10.6	59.8	-55.8	10.6	
25.4	54.9	-53.3	-43.5	
37.7	30.3	-31.2	-68.1	
18.0	62.3	-16.4	-38.6	
18.0	45.1	18.0	22.9	
20.5	64.7	62.3	18.0	
8.2	35.2	52.4	-11.5	
-1.7	64.7	32.8	-11.5	
0.8	40.1	0.8	8.2	
-6.6	25.4	-43.5	-6.6	
-11.5	35.2	-53.3	5.7	
-1.7	-1.7	22.9	15.5	
-14.0	25.4	74.6	40.1	
-4.1	30.3	104.1	5.7	
-9.1	8.2	111.5	-18.9	
-6.6	13.1	91.8	3.2	
20.5	-18.9	69.7	99.2	
37.7	5.7	22.9	126.2	
35.2	8.2	-9.1	118.9	
40.1	27.8	-38.6	133.6	
20.5	13.1	-38.6	52.4	
35.2	-9.1	-38.6	18.0	
8.2	22.9	-50.9	-18.9	
8.2	62.3	-55.8	-159.1	
10.6	3.2	-36.1	-137.0	
3.2	42.6	-82.9	-70.6	
8.2	79.5	-68.1	-43.5	
13.1	77.0	-23.8	-36.1	
37.7	42.6	-26.3	-38.6	
22.9	50.0	0.8	-33.7	
13.1	3.2	15.5	-14.0	
3.2	52.4	35.2	-1.7	
-14.0	45.1	82.0	-1.7	
13.1	47.5	118.9	15.5	
27.8	54.9	109.0	72.1	
18.0	32.8	79.5	123.8	
45.1	-23.8	77.0	165.6	
67.2	20.5	64.7	67.2	
59.8	8.2	40.1	22.9	
77.0	-6.6	20.5	-55.8	
72.1	30.3	-26.3	22.9	
69.7	35.2	-55.8	8.2	
59.8	-1.7	-92.7	-6.6	
40.1	40.1	-92.7	-102.5	
18.0	52.4	-58.3	-92.7	
10.6	25.4	-55.8	-36.1	
-6.6	50.0	-48.4	-31.2	
-11.5	72.1	-43.5	-28.7	
-18.9	64.7	-23.8	-28.7	
-23.8	35.2	-11.5	-6.6	
-38.6	25.4	-16.4	-6.6	
-46.0	8.2	-18.9	5.7	
-43.5	3.2	-65.6	22.9	
-31.2	15.5	-100.1	30.3	
-41.0	30.3	-63.2	42.6	
-18.9	18.0	-36.1	30.3	
-18.9	-18.9	-16.4	57.4	
3.2	-9.1	-9.1	20.5	
8.2	10.6	96.7	5.7	
13.1	-21.4	163.1	40.1	
13.1	20.5	123.8	84.4	
8.2	27.8	72.1	72.1	
32.8	-129.6	35.2	-43.5	
32.8	-11.5	32.8	-70.6	
30.3	54.9	-21.4	-31.2	
27.8	-11.5	-65.6	-9.1	
22.9	8.2	-53.3	27.8	
18.0	175.4	-48.4	45.1	
18.0	-92.7	-63.2	40.1	
30.3	165.6	-46.0	18.0	
32.8	35.2	-9.1	64.7	
18.0	123.8	-9.1	106.6	
22.9	86.9	10.6	64.7	
5.7	30.3	5.7	-55.8	
0.8	-178.8	25.4	-53.3	
-9.1	-151.7	47.5	-4.1	
-16.4	-36.1	57.4	5.7	
-9.1	-41.0	32.8	-4.1	
5.7	8.2	15.5	-48.4	
13.1	-1.7	-14.0	-46.0	
20.5	22.9	-16.4	-1.7	
32.8	18.0	-16.4	-16.4	
35.2	59.8	-4.1	-38.6	
37.7	91.8	40.1	-18.9	
40.1	77.0	133.6	18.0	
25.4	57.4	177.9	37.7	
15.5	57.4	182.8	47.5	
13.1	42.6	145.9	-9.1	
32.8	32.8	143.5	-31.2	
15.5	20.5	116.4	-11.5	
22.9	27.8	101.6	-4.1	
32.8	3.2	86.9	42.6	
22.9	3.2	40.1	59.8	
8.2	37.7	-31.2	72.1	
18.0	22.9	-95.2	86.9	
22.9	30.3	-166.5	50.0	
20.5	-33.7	-232.9	-21.4	
22.9	-14.0	-235.4	-63.2	
3.2	-11.5	-132.1	-87.8	
-4.1	5.7	-28.7	-33.7	
-9.1	-11.5	45.1	-11.5	
-9.1	18.0	64.7	3.2	
-1.7	35.2	37.7	8.2	
5.7	32.8	13.1	35.2	
13.1	47.5	-1.7	77.0	
25.4	25.4	-14.0	79.5	
25.4	77.0	3.2	106.6	
42.6	72.1	32.8	-11.5	
37.7	40.1	54.9	-48.4	
42.6	59.8	77.0	-85.3	
37.7	25.4	37.7	-33.7	
37.7	54.9	42.6	32.8	
45.1	13.1	42.6	72.1	
25.4	37.7	10.6	8.2	
32.8	-6.6	3.2	-90.2	
22.9	22.9	42.6	-107.5	
15.5	-26.3	42.6	-18.9	
3.2	-21.4	22.9	54.9	
-16.4	-11.5	15.5	62.3	
-14.0	-4.1	35.2	128.7	
5.7	42.6	18.0	20.5	
20.5	35.2	3.2	-48.4	
45.1	40.1	-26.3	-87.8	
40.1	22.9	-68.1	-48.4	
35.2	62.3	-68.1	-43.5	
25.4	77.0	-38.6	13.1	
25.4	57.4	-38.6	-16.4	
25.4	94.3	-16.4	15.5	
25.4	77.0	0.8	13.1	
25.4	27.8	-28.7	-36.1	
18.0	52.4	-46.0	-18.9	
15.5	82.0	-48.4	3.2	
13.1	5.7	-38.6	32.8	
20.5	25.4	-18.9	15.5	
13.1	22.9	-31.2	-11.5	
-1.7	18.0	-33.7	-31.2	
5.7	-33.7	-38.6	-14.0	
5.7	5.7	-70.6	8.2	
15.5	0.8	-77.9	22.9	
15.5	-11.5	-23.8	30.3	
-1.7	47.5	32.8	5.7	
-6.6	42.6	52.4	-6.6	
-11.5	86.9	57.4	10.6	
-1.7	52.4	59.8	3.2	
15.5	74.6	54.9	-1.7	
32.8	79.5	-16.4	10.6	
15.5	67.2	-1.7	32.8	
5.7	52.4	50.0	18.0	
8.2	40.1	69.7	15.5	
8.2	72.1	89.3	5.7	
20.5	35.2	59.8	25.4	
62.3	47.5	22.9	47.5	
64.7	13.1	5.7	35.2	
67.2	45.1	0.8	5.7	
59.8	-14.0	27.8	20.5	
50.0	13.1	30.3	40.1	
40.1	-23.8	47.5	50.0	
22.9	-4.1	89.3	62.3	
13.1	-6.6	101.6	59.8	
15.5	22.9	77.0	50.0	
22.9	45.1	50.0	10.6	
20.5	32.8	27.8	-14.0	
-1.7	-43.5	30.3	35.2	
-18.9	59.8	8.2	52.4	
-18.9	357.5	5.7	40.1	
-14.0	74.6	-23.8	8.2	
-9.1	35.2	-41.0	10.6	
-1.7	281.2	-18.9	35.2	
0.8	173.0	50.0	-11.5	
3.2	-188.6	94.3	-53.3	
-1.7	47.5	84.4	-38.6	
-1.7	163.1	25.4	-77.9	
-1.7	74.6	0.8	-38.6	
8.2	-6.6	-16.4	-9.1	
0.8	-220.6	-6.6	-21.4	
-4.1	-205.9	15.5	5.7	
-4.1	-41.0	91.8	-6.6	
-6.6	-18.9	91.8	15.5	
-14.0	-11.5	52.4	69.7	
-9.1	0.8	-6.6	57.4	
-9.1	25.4	-18.9	-9.1	
0.8	0.8	-26.3	37.7	
18.0	47.5	-9.1	-36.1	
40.1	74.6	25.4	-73.0	
20.5	47.5	-14.0	-38.6	
30.3	79.5	-117.3	3.2	
27.8	91.8	-198.5	-14.0	
20.5	50.0	-225.5	-21.4	
37.7	79.5	-173.9	-11.5	
42.6	77.0	-107.5	-18.9	
45.1	18.0	-46.0	-4.1	
30.3	40.1	-6.6	-4.1	
30.3	27.8	25.4	8.2	
37.7	37.7	37.7	8.2	
27.8	3.2	-18.9	18.0	
20.5	18.0	-31.2	8.2	
20.5	-9.1	10.6	22.9	
13.1	-23.8	35.2	32.8	
5.7	-21.4	8.2	35.2	
3.2	15.5	47.5	35.2	
-16.4	47.5	45.1	27.8	
-18.9	15.5	54.9	32.8	
-16.4	72.1	109.0	133.6	
-16.4	13.1	131.2	283.7	
-16.4	45.1	111.5	367.3	
20.5	27.8	79.5	116.4	
32.8	50.0	22.9	-55.8	
22.9	45.1	-6.6	-225.5	
40.1	84.4	-1.7	-228.0	
47.5	32.8	37.7	-159.1	
37.7	50.0	67.2	-100.1	
35.2	25.4	35.2	-28.7	
30.3	-4.1	-50.9	-14.0	
5.7	-1.7	-26.3	-58.3	
18.0	50.0	-9.1	-53.3	
-4.1	3.2	-41.0	-31.2	
-9.1	-14.0	-63.2	-9.1	
-26.3	-21.4	-73.0	3.2	
-11.5	0.8	-48.4	-14.0	
18.0	5.7	-21.4	-6.6	
37.7	27.8	-9.1	-6.6	
40.1	59.8	59.8	-14.0	
42.6	25.4	30.3	5.7	
45.1	32.8	-21.4	18.0	
37.7	40.1	-68.1	22.9	
35.2	57.4	-55.8	30.3	
42.6	89.3	-28.7	37.7	
45.1	84.4	15.5	40.1	
40.1	67.2	25.4	35.2	
37.7	62.3	5.7	32.8	
32.8	13.1	-4.1	-31.2	
20.5	47.5	18.0	5.7	
-1.7	3.2	35.2	47.5	
-23.8	3.2	104.1	99.2	
-14.0	13.1	165.6	-18.9	
-14.0	22.9	209.9	-77.9	
-9.1	-28.7	202.5	-4.1	
-6.6	-4.1	121.3	-1.7	
-18.9	8.2	22.9	0.8	
-14.0	-11.5	-31.2	-23.8	
5.7	45.1	-21.4	8.2	
8.2	-11.5	-38.6	8.2	
18.0	54.9	-85.3	30.3	
-1.7	32.8	-146.8	18.0	
5.7	27.8	-159.1	20.5	
18.0	47.5	-107.5	-1.7	
22.9	57.4	-73.0	47.5	
22.9	40.1	-14.0	79.5	
20.5	79.5	13.1	82.0	
20.5	47.5	82.0	5.7	
10.6	22.9	94.3	-31.2	
3.2	35.2	96.7	-18.9	
0.8	18.0	94.3	-75.5	
3.2	72.1	45.1	-6.6	
22.9	8.2	20.5	22.9	
25.4	10.6	5.7	67.2	
20.5	-65.6	-31.2	42.6	
32.8	-1.7	-21.4	-63.2	
22.9	-11.5	-28.7	-31.2	
10.6	-1.7	-46.0	30.3	
22.9	3.2	-63.2	25.4	
22.9	15.5	-48.4	67.2	
27.8	86.9	-4.1	25.4	
15.5	89.3	15.5	20.5	
22.9	332.9	32.8	20.5	
22.9	-60.7	37.7	10.6	
20.5	-31.2	30.3	35.2	
20.5	160.7	13.1	10.6	
13.1	150.8	13.1	-28.7	
15.5	-122.2	8.2	-1.7	
20.5	-65.6	-31.2	-18.9	
10.6	197.6	-14.0	37.7	
3.2	116.4	5.7	54.9	
0.8	13.1	18.0	57.4	
3.2	-80.4	47.5	50.0	
3.2	-124.7	54.9	82.0	
-6.6	-36.1	-16.4	109.0	
-9.1	-14.0	-38.6	84.4	
-1.7	18.0	-4.1	50.0	
8.2	25.4	40.1	-77.9	
0.8	42.6	86.9	-144.4	
-4.1	40.1	77.0	-65.6	
-11.5	27.8	62.3	-31.2	
-1.7	74.6	62.3	-21.4	
3.2	42.6	13.1	-55.8	
-1.7	69.7	-16.4	-23.8	
-1.7	50.0	-73.0	0.8	
3.2	62.3	-109.9	20.5	
3.2	42.6	-87.8	18.0	
8.2	57.4	-43.5	18.0	
0.8	30.3	-43.5	-16.4	
-9.1	20.5	-50.9	-1.7	
0.8	30.3	-85.3	5.7	
25.4	57.4	-77.9	22.9	
45.1	13.1	-21.4	52.4	
45.1	8.2	35.2	8.2	
37.7	-26.3	91.8	18.0	
25.4	-9.1	116.4	27.8	
32.8	5.7	128.7	5.7	
35.2	10.6	113.9	-31.2	
40.1	32.8	101.6	-1.7	
52.4	50.0	25.4	13.1	
69.7	35.2	-33.7	25.4	
47.5	47.5	-23.8	15.5	
30.3	50.0	3.2	22.9	
18.0	40.1	15.5	30.3	
8.2	72.1	18.0	35.2	
-18.9	94.3	3.2	-11.5	
-28.7	32.8	-21.4	-63.2	
-36.1	52.4	-92.7	-16.4	
-28.7	27.8	-149.3	-6.6	
-28.7	45.1	-134.5	-16.4	
-11.5	37.7	-87.8	5.7	
22.9	-4.1	-53.3	18.0	
45.1	18.0	-6.6	40.1	
42.6	30.3	5.7	104.1	
25.4	-26.3	32.8	150.8	
20.5	-18.9	47.5	123.8	
37.7	-9.1	42.6	-31.2	
27.8	3.2	45.1	-107.5	
18.0	18.0	77.0	-55.8	
18.0	35.2	79.5	-60.7	
22.9	22.9	94.3	-43.5	
10.6	40.1	69.7	0.8	
-4.1	3.2	35.2	30.3	
-4.1	45.1	13.1	3.2	
-9.1	86.9	-26.3	32.8	
-4.1	69.7	-58.3	57.4	
-4.1	30.3	-50.9	77.0	
8.2	50.0	-26.3	111.5	
-11.5	35.2	13.1	52.4	
-11.5	22.9	10.6	-60.7	
-6.6	13.1	8.2	-129.6	
8.2	35.2	42.6	-63.2	
0.8	47.5	91.8	-26.3	
18.0	37.7	118.9	-60.7	
25.4	-28.7	77.0	-28.7	
37.7	15.5	37.7	-21.4	
45.1	-1.7	25.4	-4.1	
47.5	0.8	27.8	-1.7	
37.7	15.5	45.1	13.1	
32.8	22.9	79.5	18.0	
42.6	20.5	96.7	5.7	
30.3	59.8	45.1	22.9	
35.2	54.9	0.8	20.5	
15.5	47.5	-11.5	18.0	
18.0	74.6	-73.0	27.8	
25.4	72.1	-132.1	15.5	
20.5	10.6	-90.2	5.7	
10.6	20.5	-63.2	-4.1	
5.7	40.1	-50.9	0.8	
-9.1	10.6	-28.7	37.7	
-1.7	32.8	-31.2	72.1	
5.7	37.7	-28.7	25.4	
0.8	32.8	-11.5	-21.4	
-1.7	10.6	8.2	5.7	
8.2	-36.1	30.3	-53.3	
25.4	-28.7	42.6	5.7	
30.3	15.5	27.8	18.0	
20.5	0.8	15.5	5.7	
25.4	5.7	30.3	-16.4	
45.1	35.2	72.1	5.7	
54.9	-6.6	82.0	20.5	
59.8	264.0	59.8	18.0	
72.1	96.7	20.5	-23.8	
52.4	52.4	-1.7	-9.1	
42.6	-46.0	-11.5	-6.6	
22.9	212.3	-6.6	8.2	
13.1	42.6	-1.7	59.8	
-4.1	-169.0	15.5	77.0	
-11.5	-107.5	40.1	64.7	
3.2	-38.6	-28.7	64.7	
0.8	84.4	-139.4	72.1	
3.2	-4.1	-109.9	27.8	
5.7	-166.5	-55.8	32.8	
-4.1	-134.5	13.1	15.5	
-9.1	-70.6	5.7	-114.8	
-9.1	-6.6	-9.1	-73.0	
3.2	3.2	0.8	5.7	
-4.1	8.2	15.5	-21.4	
8.2	45.1	20.5	-23.8	
25.4	45.1	18.0	-1.7	
18.0	45.1	35.2	-16.4	
30.3	62.3	37.7	-46.0	
15.5	50.0	20.5	5.7	
0.8	42.6	22.9	52.4	
-4.1	118.9	22.9	40.1	
-1.7	59.8	25.4	91.8	
3.2	52.4	57.4	-11.5	
-4.1	30.3	91.8	-16.4	
5.7	50.0	99.2	-63.2	
3.2	40.1	69.7	-31.2	
20.5	5.7	35.2	15.5	
5.7	32.8	3.2	42.6	
18.0	25.4	-58.3	45.1	
18.0	18.0	-14.0	35.2	
15.5	-48.4	42.6	67.2	
5.7	0.8	62.3	94.3	
-9.1	0.8	20.5	52.4	
-9.1	0.8	0.8	5.7	
3.2	18.0	3.2	-50.9	
10.6	15.5	-16.4	-50.9	
25.4	54.9	-33.7	-16.4	
40.1	67.2	-33.7	-77.9	
42.6	50.0	8.2	-33.7	
52.4	57.4	-21.4	10.6	
32.8	59.8	-75.5	47.5	
20.5	54.9	-119.8	72.1	
20.5	57.4	-119.8	91.8	
13.1	47.5	-95.2	45.1	
5.7	32.8	-85.3	-6.6	
-4.1	25.4	-80.4	-38.6	
-11.5	15.5	-33.7	-77.9	
-11.5	47.5	-11.5	-43.5	
-1.7	27.8	-9.1	-9.1	
0.8	-11.5	0.8	15.5	
13.1	-38.6	59.8	5.7	
18.0	-31.2	96.7	-6.6	
27.8	-33.7	82.0	-6.6	
30.3	-1.7	3.2	-1.7	
22.9	30.3	-1.7	3.2	
22.9	47.5	18.0	3.2	
22.9	64.7	54.9	5.7	
20.5	50.0	86.9	27.8	
5.7	42.6	141.0	18.0	
-1.7	69.7	185.3	5.7	
18.0	86.9	153.3	30.3	
8.2	62.3	148.4	52.4	
5.7	50.0	106.6	67.2	
8.2	62.3	62.3	64.7	
3.2	25.4	18.0	35.2	
10.6	27.8	-9.1	91.8	
0.8	30.3	-60.7	104.1	
3.2	15.5	-95.2	15.5	
15.5	5.7	-134.5	-53.3	
20.5	-9.1	-132.1	-65.6	
27.8	-63.2	-82.9	-18.9	
35.2	8.2	-26.3	27.8	
18.0	-26.3	-18.9	27.8	
22.9	-4.1	5.7	20.5	
25.4	45.1	25.4	-14.0	
5.7	40.1	15.5	-87.8	
10.6	47.5	20.5	-21.4	
0.8	25.4	25.4	5.7	
-4.1	40.1	64.7	18.0	
-14.0	45.1	52.4	35.2	
-16.4	79.5	52.4	10.6	
3.2	64.7	37.7	-16.4	
8.2	40.1	18.0	-16.4	
22.9	84.4	22.9	-33.7	
64.7	25.4	5.7	-4.1	
59.8	64.7	-58.3	-41.0	
40.1	5.7	-92.7	-21.4	
50.0	25.4	-87.8	-1.7	
32.8	3.2	-63.2	30.3	
35.2	3.2	-26.3	62.3	
40.1	-41.0	37.7	64.7	
47.5	3.2	27.8	64.7	
30.3	-1.7	0.8	109.0	
45.1	-11.5	22.9	72.1	
32.8	25.4	89.3	-4.1	
25.4	35.2	123.8	-102.5	
59.8	-370.7	133.6	-33.7	
50.0	-232.9	116.4	0.8	
52.4	123.8	79.5	77.0	
42.6	84.4	32.8	116.4	
22.9	91.8	20.5	91.8	
8.2	249.2	45.1	13.1	
-14.0	182.8	64.7	-141.9	
-14.0	15.5	42.6	-95.2	
-36.1	131.2	20.5	-41.0	
-31.2	-198.5	-28.7	-11.5	
-21.4	123.8	-9.1	-33.7	
20.5	84.4	54.9	-53.3	
40.1	-23.8	101.6	-1.7	
42.6	-105.0	101.6	18.0	
40.1	10.6	106.6	42.6	
52.4	22.9	106.6	45.1	
47.5	27.8	91.8	13.1	
27.8	59.8	52.4	35.2	
0.8	64.7	62.3	-41.0	
-9.1	79.5	84.4	-63.2	
0.8	96.7	104.1	-31.2	
-11.5	40.1	74.6	-11.5	
5.7	106.6	54.9	0.8	
-9.1	74.6	8.2	8.2	
-1.7	128.7	5.7	18.0	
-16.4	89.3	13.1	-6.6	
0.8	91.8	27.8	32.8	
3.2	62.3	13.1	96.7	
8.2	45.1	-55.8	91.8	
18.0	22.9	-114.8	22.9	
30.3	47.5	-73.0	8.2	
32.8	25.4	-18.9	69.7	
30.3	42.6	25.4	37.7	
25.4	40.1	50.0	20.5	
32.8	-33.7	57.4	-23.8	
22.9	18.0	54.9	-55.8	
20.5	0.8	10.6	10.6	
32.8	-4.1	-68.1	13.1	
18.0	50.0	-97.6	8.2	
27.8	40.1	-107.5	-75.5	
8.2	59.8	-50.9	-4.1	
5.7	22.9	27.8	25.4	
3.2	40.1	111.5	62.3	
-1.7	89.3	136.1	86.9	
-4.1	106.6	128.7	182.8	
-9.1	67.2	111.5	276.3	
-1.7	42.6	126.2	173.0	
3.2	45.1	121.3	3.2	
0.8	57.4	126.2	-151.7	
18.0	52.4	84.4	-223.1	
20.5	5.7	67.2	-90.2	
22.9	15.5	37.7	-92.7	
25.4	45.1	-63.2	-33.7	
27.8	32.8	-109.9	-53.3	
27.8	-43.5	-48.4	-43.5	
15.5	-36.1	0.8	-26.3	
0.8	25.4	3.2	-9.1	
-4.1	20.5	8.2	-11.5	
3.2	32.8	18.0	-18.9	
-1.7	22.9	-33.7	0.8	
0.8	59.8	-90.2	-11.5	
-11.5	57.4	-80.4	3.2	
-9.1	42.6	-58.3	47.5	
0.8	40.1	-77.9	74.6	
-9.1	54.9	-100.1	40.1	
15.5	54.9	-95.2	20.5	
37.7	89.3	-92.7	-4.1	
45.1	40.1	-102.5	-75.5	
45.1	20.5	-90.2	-43.5	
30.3	0.8	10.6	-11.5	
18.0	30.3	131.2	35.2	
15.5	35.2	229.6	20.5	
5.7	30.3	200.0	10.6	
-4.1	35.2	126.2	-1.7	
-14.0	-21.4	86.9	-31.2	
-1.7	-1.7	25.4	-11.5	
5.7	-6.6	-16.4	-14.0	
27.8	22.9	-41.0	-21.4	
30.3	32.8	-33.7	5.7	
42.6	-6.6	-43.5	20.5	
25.4	30.3	-41.0	10.6	
22.9	32.8	-33.7	18.0	
13.1	45.1	-14.0	5.7	
20.5	42.6	13.1	10.6	
20.5	74.6	15.5	27.8	
25.4	47.5	13.1	30.3	
8.2	57.4	27.8	13.1	
15.5	37.7	40.1	0.8	
30.3	18.0	-9.1	-1.7	
15.5	8.2	-18.9	3.2	
22.9	15.5	15.5	18.0	
10.6	30.3	59.8	10.6	
-1.7	10.6	86.9	-6.6	
22.9	10.6	54.9	3.2	
-1.7	-9.1	0.8	25.4	
-11.5	3.2	-33.7	18.0	
-1.7	-9.1	-41.0	27.8	
-4.1	0.8	-11.5	57.4	
5.7	30.3	15.5	35.2	
-4.1	40.1	42.6	-4.1	
-4.1	86.9	77.0	-46.0	
18.0	-154.2	67.2	-14.0	
25.4	54.9	25.4	0.8	
18.0	128.7	45.1	0.8	
8.2	-23.8	52.4	0.8	
-1.7	278.8	27.8	13.1	
20.5	148.4	45.1	18.0	
22.9	205.0	0.8	27.8	
35.2	10.6	-80.4	27.8	
15.5	111.5	-73.0	3.2	
25.4	-159.1	-70.6	30.3	
32.8	-9.1	-65.6	77.0	
15.5	-55.8	-82.9	141.0	
15.5	-144.4	-63.2	143.5	
22.9	-53.3	-18.9	136.1	
8.2	-4.1	-11.5	111.5	
18.0	5.7	3.2	-9.1	
13.1	27.8	30.3	-82.9	
8.2	62.3	22.9	-82.9	
-6.6	8.2	32.8	-33.7	
0.8	45.1	59.8	-75.5	
10.6	57.4	67.2	-119.8	
27.8	54.9	84.4	-85.3	
35.2	54.9	94.3	-33.7	
40.1	104.1	74.6	20.5	
47.5	45.1	54.9	72.1	
45.1	47.5	47.5	131.2	
32.8	47.5	22.9	101.6	
35.2	5.7	8.2	32.8	
35.2	-4.1	-4.1	-122.2	
37.7	5.7	27.8	-132.1	
27.8	52.4	52.4	-156.7	
30.3	45.1	54.9	-18.9	
35.2	27.8	22.9	-11.5	
10.6	-48.4	15.5	18.0	
3.2	-21.4	-9.1	-1.7	
-9.1	13.1	-80.4	-14.0	
-18.9	-14.0	-124.7	27.8	
-18.9	22.9	-119.8	155.8	
-21.4	27.8	-97.6	261.5	
-16.4	50.0	-28.7	217.3	
-18.9	62.3	-6.6	173.0	
-9.1	47.5	-73.0	20.5	
-1.7	42.6	-92.7	-186.2	
-9.1	84.4	-38.6	-154.2	
-6.6	67.2	-4.1	-141.9	
-1.7	42.6	67.2	-149.3	
-1.7	47.5	116.4	-60.7	
3.2	20.5	116.4	-28.7	
3.2	40.1	72.1	-18.9	
5.7	-1.7	72.1	-6.6	
5.7	8.2	40.1	-11.5	
5.7	30.3	40.1	5.7	
10.6	5.7	-1.7	10.6	
13.1	-60.7	-36.1	20.5	
22.9	-6.6	-139.4	10.6	
27.8	-28.7	-141.9	8.2	
35.2	25.4	-82.9	20.5	
8.2	32.8	-1.7	37.7	
13.1	22.9	54.9	27.8	
22.9	52.4	67.2	45.1	
18.0	42.6	30.3	82.0	
20.5	32.8	-1.7	25.4	
5.7	35.2	-16.4	-11.5	
-4.1	111.5	10.6	3.2	
3.2	42.6	18.0	-11.5	
5.7	30.3	15.5	27.8	
5.7	22.9	35.2	20.5	
15.5	57.4	27.8	25.4	
18.0	30.3	-11.5	15.5	
-6.6	22.9	-36.1	69.7	
5.7	30.3	-58.3	18.0	
3.2	-18.9	-50.9	3.2	
-1.7	-4.1	5.7	27.8	
3.2	-82.9	42.6	-46.0	
15.5	-1.7	40.1	-65.6	
22.9	3.2	40.1	-31.2	
32.8	0.8	35.2	-9.1	
37.7	20.5	40.1	-11.5	
